來源/媒介,廣告活動,網頁標題,網頁路徑,所有使用者,工作階段,瀏覽,平均觀看次數,平均使用者參與
google / cpc,20250901,遠雄一靚｜楠梓新案．高大特區首發｜早鳥預約中,/buildings/eh2/,30965,36041,37442,1.2091716454061037,6.251122234781205
line-lap / ar1,20250718,齊興_緻-台北市北投區/北士科住宅預售屋,/buildings/ar1/,20694,25934,27632,1.3352662607519088,6.388518411133662
google / cpc,20250718,齊興_緻-台北市北投區/北士科住宅預售屋,/buildings/ar1/,16435,17842,19210,1.1688469729236386,5.902160024338302
google / cpc,20250718,遠雄信義CENTER-新北市板橋區廠辦.商辦/預售新建案-預約賞屋,/buildings/fm3/,12015,16701,18595,1.5476487723678736,16.177777777777777
google / cpc,pmax-1-taichung,【遠雄樂元】北屯機捷X好市多，雙首排大道最核心，夠近才最好,/buildings/bh7/,13346,14754,16192,1.213247414955792,13.752135471302262
google / cpc,20250829,遠雄14期首發【遠雄丰尚】北屯新案．近漢神洲際百貨,/buildings/bh11/,11842,12715,13908,1.1744637730113157,5.247002195575072
pmp / (not set),6,遠雄星呈-台中市清水區預售屋/新建案-預約賞屋，遠雄房地產,/buildings/h707/,8987,10892,11869,1.3206854345165238,16.305441192834095
google / cpc,gdn-1-taichung,【遠雄樂元】北屯機捷X好市多，雙首排大道最核心，夠近才最好,/buildings/bh7/,8966,9406,10386,1.1583760874414455,4.4585099263885795
line-lap / ar1,20250718,遠房實價登錄,/,7818,8756,8974,1.1478639038117167,0
google / cpc,20250918,遠雄14期首發【遠雄丰尚】北屯新案．近漢神洲際百貨,/buildings/bh11/,7761,8409,9494,1.22329596701456,6.940342739337714
line-lap / bh5,(referral),遠雄琉蘊 -台中市西屯區七期預售屋/新建案-預約賞屋，遠雄房地產,/buildings/bh5/,6629,7967,8449,1.2745512143611404,29.787147382712323
google / cpc,20250718,遠房實價登錄,/,7697,7815,8195,1.0647005326750683,0
google / cpc,pmax-1-anothercity,【遠雄樂元】北屯機捷X好市多，雙首排大道最核心，夠近才最好,/buildings/bh7/,6393,7088,7920,1.2388549976536838,15.170811825434068
(direct) / (none),(direct),遠房實價登錄,/,6795,6768,7275,1.0706401766004414,0.1271523178807947
line-lap / bh5,(referral),遠房實價登錄,/,5463,6481,6947,1.2716456159619256,0.08639941424125938
google / cpc,pmax-1-taichung,遠房實價登錄,/,6202,6341,6773,1.0920670751370525,0
line-lap / bh7,lap-1,【遠雄樂元】北屯機捷X好市多，雙首排大道最核心，夠近才最好,/buildings/bh7/,4149,5835,6455,1.5557965774885514,10.571945046999277
socialmedia / bh8,dcard_202508,台中西屯建案【遠雄洄山行】．2-4房方正格局,/buildings/bh8/,4485,5176,5169,1.1525083612040135,8.924414715719063
google / cpc,gdn-01,聯上智科｜北士科AI總部 輝達核心軸線 -台北市北投區商辦/預售新建案-預約賞屋，遠創力行銷,/buildings/5vo1/,4581,5096,5420,1.1831477843265663,6.080768391180965
line-lap / bh10,line-lap20256-8,北屯敦富路【遠雄敦富】- 北屯機捷預售屋．近好市多,/buildings/bh10/,3320,4413,5010,1.5090361445783131,17.99789156626506
google / cpc,20250901,遠雄高雄新案｜楠梓新案．高大特區首發｜早鳥預約中,/buildings/eh2/,4005,4200,4549,1.1358302122347066,7.5418227215980025
line-lap / dh2,12,台南永康新建案【遠雄山禾】-鹽行特區．3-4房,/buildings/dh2/,3243,3959,3986,1.229108849830404,24.044711686709835
google / cpc,gdn-1-taichung,遠房實價登錄,/,3788,3813,4077,1.0762935586061246,0
google / cpc,gdn-02,聯上智科｜北士科AI總部 輝達核心軸線 -台北市北投區商辦/預售新建案-預約賞屋，遠創力行銷,/buildings/5vo1/,3544,3771,4233,1.19441309255079,4.251975169300226
line / bh11,20250829,遠雄14期首發【遠雄丰尚】北屯新案．近漢神洲際百貨,/buildings/bh11/,2436,3192,3332,1.367816091954023,18.64983579638752
line-lap / dh2,12,遠房實價登錄,/,2608,3095,3179,1.218941717791411,0.028757668711656442
google / organic,(organic),贈與稅與遺產稅免稅額提高，房屋轉讓給子女的規劃要點 - 遠雄房地產,/life-proposal/gift_tax/,2699,3063,3208,1.1885883660615042,142.97258243794
google / cpc,pmax-1-anothercity,遠房實價登錄,/,2958,3007,3165,1.0699797160243407,0
line-lap / dh2,13,台南永康新建案【遠雄山禾】-鹽行特區．3-4房,/buildings/dh2/,2197,2666,2717,1.2366863905325445,24.529813381884388
google / cpc,20250829,遠房實價登錄,/,2585,2610,2804,1.0847195357833657,0
line-lap / dh2,14,台南永康新建案【遠雄山禾】-鹽行特區．3-4房,/buildings/dh2/,1978,2323,2366,1.1961577350859454,13.72901921132457
(not set),20250905五輪播,齊興_緻-台北市北投區/北士科住宅預售屋,/buildings/ar1/,1627,2264,899,0.5525507068223725,1.9256299938537185
line-lap / bh7,lap-1,遠房實價登錄,/,1968,2259,2383,1.2108739837398375,0
line / bh11,20250918,遠雄14期首發【遠雄丰尚】北屯新案．近漢神洲際百貨,/buildings/bh11/,1821,2196,2243,1.2317408017572762,15.778143876990665
google / cpc,gdn5-7,大河商爵-台北市士林區廠辦/預售新建案-預約賞屋，遠創力行銷,/buildings/dgm1/,1950,2126,2279,1.1687179487179487,31.305128205128206
line-lap / dh2,13,遠房實價登錄,/,1764,2122,2188,1.2403628117913832,0.09013605442176871
google / cpc,(organic),遠房實價登錄,/,2020,2104,2506,1.2405940594059406,1.0381188118811882
(not set),20250905五輪播,【遠雄樂元】北屯機捷X好市多，雙首排大道最核心，夠近才最好,/buildings/bh7/,1099,1942,1600,1.4558689717925386,11.075523202911738
line-lap / dh2,14,遠房實價登錄,/,1592,1849,1900,1.193467336683417,0.02763819095477387
socialmedia / bh8,dcard_202508,遠房實價登錄,/,1819,1844,1908,1.0489279824079165,0
line-lap / bh10,line-lap20256-8,遠房實價登錄,/,1692,1785,1983,1.1719858156028369,0
ttd / bh11,20250902,遠雄14期首發【遠雄丰尚】北屯新案．近漢神洲際百貨,/buildings/bh11/,1497,1709,1933,1.29124916499666,5.334001336005344
(not set),20250905五輪播,遠雄一靚｜楠梓新案．高大特區首發｜早鳥預約中,/buildings/eh2/,881,1658,877,0.9954597048808173,12.204313280363223
google / organic,(organic),遠房實價登錄,/,1371,1513,1871,1.3646973012399708,1.2924872355944566
ttd / bh11,20250918,遠雄14期首發【遠雄丰尚】北屯新案．近漢神洲際百貨,/buildings/bh11/,1293,1499,1630,1.2606341840680588,3.840680587780356
google / cpc,gdn20257-5,北屯敦富路【遠雄敦富】- 北屯機捷預售屋．近好市多,/buildings/bh10/,1199,1347,1440,1.201000834028357,15.26438698915763
google / organic,(organic),買房大小事：戶籍遷入如何辦理？ - 遠雄房地產,/life-proposal/land_household_registration/,1022,1195,1236,1.2093933463796478,71.77984344422701
gdn / ar1,20250718,齊興_緻-台北市北投區/北士科住宅預售屋,/buildings/ar1/,1094,1142,1234,1.1279707495429616,2.395795246800731
google / cpc,area,遠雄沐蘊-高雄市三民區預售屋/新建案-預約賞屋,/buildings/eh5/,1108,1141,1220,1.1010830324909748,21.161552346570396
line / bh11,20250829,遠房實價登錄,/,1089,1140,1215,1.115702479338843,0
(not set),20250905五輪播,遠房實價登錄,/,830,1132,1272,1.5325301204819277,0.3409638554216867
(not set),20250905五輪播,遠雄14期首發【遠雄丰尚】北屯新案．近漢神洲際百貨,/buildings/bh11/,522,1127,886,1.6973180076628354,13.159003831417625
google_kw / dh2,(organic),台南永康新建案【遠雄山禾】-鹽行特區．3-4房,/buildings/dh2/,996,1083,1148,1.1526104417670682,22.839357429718877
google / cpc,gdn20256-8,北屯敦富路【遠雄敦富】- 北屯機捷預售屋．近好市多,/buildings/bh10/,931,1048,1126,1.2094522019334049,31.241675617615467
google_kw / dh2,(organic),遠房實價登錄,/,911,980,1076,1.181119648737651,1.4840834248079033
(direct) / (none),(direct),台南永康新建案【遠雄山禾】-鹽行特區．3-4房,/buildings/dh2/,903,905,866,0.9590254706533776,36.15171650055371
(direct) / (none),(direct),齊興_緻-台北市北投區/北士科住宅預售屋,/buildings/ar1/,892,901,568,0.6367713004484304,4.263452914798206
google / cpc,brand,遠房實價登錄,/,833,874,1097,1.3169267707082832,1.3877551020408163
google / cpc,(organic),遠雄一靚｜楠梓新案．高大特區首發｜早鳥預約中,/buildings/eh2/,830,851,961,1.157831325301205,32.50481927710843
gdn / bh11,20250829,遠雄14期首發【遠雄丰尚】北屯新案．近漢神洲際百貨,/buildings/bh11/,825,851,924,1.12,2.28
google / cpc,20250616_台北豪宅/別墅,齊興_緻-台北市北投區/北士科住宅預售屋,/buildings/ar1/,788,846,878,1.114213197969543,8.804568527918782
google / cpc,20250901,遠房實價登錄,/,809,817,866,1.0704573547589618,0
google / cpc,H707video_c,遠雄星呈-台中市清水區預售屋/新建案-預約賞屋，遠雄房地產,/buildings/h707/,678,798,846,1.247787610619469,36.8023598820059
(not set),20250905五輪播,遠雄信義CENTER-新北市板橋區廠辦.商辦/預售新建案-預約賞屋,/buildings/fm3/,521,790,581,1.1151631477927064,44.23800383877159
google / cpc,(organic),水湳建案【遠雄綠美】鄰近綠美圖．中央公園預售屋,/buildings/bh9/,761,785,878,1.1537450722733247,38.530880420499344
gdn / fm3,20250718,遠雄信義CENTER-新北市板橋區廠辦.商辦/預售新建案-預約賞屋,/buildings/fm3/,742,784,848,1.1428571428571428,2.9622641509433962
(not set),20250808一輪播,齊興_緻-台北市北投區/北士科住宅預售屋,/buildings/ar1/,399,772,498,1.2481203007518797,15.218045112781954
(direct) / (none),(direct),遠雄琉蘊 -台中市西屯區七期預售屋/新建案-預約賞屋，遠雄房地產,/buildings/bh5/,717,725,679,0.9470013947001394,169.1199442119944
google / organic,(organic),換屋族看過來，房地合一稅與土增稅要點筆記！ - 遠雄房地產,/life-proposal/house_and_land/,542,694,701,1.2933579335793357,127.75276752767527
(not set),20250919一輪播,【遠雄樂元】北屯機捷X好市多，雙首排大道最核心，夠近才最好,/buildings/bh7/,444,680,477,1.0743243243243243,10.5
google / cpc,gdn20257-5,遠房實價登錄,/,652,668,708,1.0858895705521472,0.013803680981595092
google / cpc,(organic),遠雄琉蘊 -台中市西屯區七期預售屋/新建案-預約賞屋，遠雄房地產,/buildings/bh5/,625,668,729,1.1664,36.0224
(not set),20250905五輪播,台南永康新建案【遠雄山禾】-鹽行特區．3-4房,/buildings/dh2/,534,664,338,0.6329588014981273,9.237827715355806
google / cpc,(organic),北士科建案【遠雄泱玥】水岸首排．57-75坪,/buildings/ah2/,616,654,721,1.1704545454545454,35.16558441558441
(direct) / (none),(direct),【遠雄樂元】北屯機捷X好市多，雙首排大道最核心，夠近才最好,/buildings/bh7/,646,653,400,0.6191950464396285,8.143962848297214
line-lap / bh10,line-lap20257-1,北屯敦富路【遠雄敦富】- 北屯機捷預售屋．近好市多,/buildings/bh10/,349,643,773,2.2148997134670485,19.54727793696275
google / cpc,(organic),遠雄星呈-台中市清水區預售屋/新建案-預約賞屋，遠雄房地產,/buildings/h707/,588,634,689,1.1717687074829932,34.465986394557824
google / organic,(organic),附屬建物篇 : 陽台與雨遮建築法規規定為何？ - 遠雄房地產,/life-proposal/regulations_20230317/,531,609,612,1.152542372881356,75.8135593220339
google / cpc,O1_品牌字_2025.0801,遠雄THE ONE-高雄市前鎮區新成屋/新建案-預約賞屋,/buildings/o1/,554,603,686,1.2382671480144405,34.478339350180505
google / cpc,CQH1-買房字,村泉蒔美｜門戶端點 從容跨界｜台北生活最美起點,/buildings/cqh1/,557,591,632,1.1346499102333931,24.964093357271096
(not set),20250919一輪播,遠雄琉蘊 -台中市西屯區七期預售屋/新建案-預約賞屋，遠雄房地產,/buildings/bh5/,511,589,233,0.45596868884540115,149.49119373776907
google / cpc,gdn20256-8,遠房實價登錄,/,564,581,616,1.0921985815602837,0.06560283687943262
google / organic,(organic),買房時到底有那些稅金要繳？-「首購族看房買屋攻略」 - 遠雄房地產,/life-proposal/taxes/,514,581,610,1.1867704280155642,67.21984435797665
google / cpc,O1_品牌字_2025.0801,遠房實價登錄,/,519,556,648,1.2485549132947977,1.1078998073217727
google / cpc,brand,【遠雄樂元】北屯機捷X好市多，雙首排大道最核心，夠近才最好,/buildings/bh7/,513,554,653,1.2729044834307992,42.64912280701754
google / organic,(organic),熱銷建案一覽：遠雄全台預售屋、新建案、新成屋資訊,/case/search/,450,538,1136,2.5244444444444443,41.13777777777778
(direct) / (none),(direct),遠雄幸福成｜即將落成 - 台中市清水區預售/新建案-預約賞屋，遠雄房地產,/buildings/h713/,533,537,535,1.00375234521576,13.945590994371482
(direct) / (none),(direct),遠雄14期首發【遠雄丰尚】北屯新案．近漢神洲際百貨,/buildings/bh11/,512,528,469,0.916015625,18.640625
(data not available),(cross-network),【遠雄樂元】北屯機捷X好市多，雙首排大道最核心，夠近才最好,/buildings/bh7/,522,524,906,1.735632183908046,16.961685823754788
(direct) / (none),(direct),遠雄房地產：最懂生活的購屋專家,/,478,522,668,1.397489539748954,25.10878661087866
ttd / bh11,20250902,遠房實價登錄,/,511,519,559,1.0939334637964775,0
google / organic,(organic),遠雄一靚｜楠梓新案．高大特區首發｜早鳥預約中,/buildings/eh2/,409,517,610,1.4914425427872862,64.48166259168704
(data not available),(cross-network),遠房實價登錄,/,515,516,781,1.5165048543689321,0.06601941747572816
(not set),20250919一輪播,遠雄一靚｜楠梓新案．高大特區首發｜早鳥預約中,/buildings/eh2/,312,508,352,1.1282051282051282,8.804487179487179
(not set),20250919一輪播,遠雄14期首發【遠雄丰尚】北屯新案．近漢神洲際百貨,/buildings/bh11/,289,506,371,1.2837370242214532,4.373702422145329
google / organic,(organic),一次看懂「都市土地分區」差在哪？ - 遠雄房地產,/life-proposal/land_zoning/,452,496,536,1.1858407079646018,48.79203539823009
google / organic,(organic),公共設施篇: 梯廳與樓梯間建築法規有何特殊規定? - 遠雄房地產,/life-proposal/regulations2_20230320/,412,472,472,1.145631067961165,56.737864077669904
google / organic,(organic),樓高的隱藏秘密：樓層高度怎麼看？ - 遠雄房地產,/life-proposal/floor_height/,422,471,506,1.1990521327014219,48.15876777251185
(not set),20250919一輪播,遠房實價登錄,/,398,471,452,1.135678391959799,0.05778894472361809
google / organic,(organic),遠雄14期首發【遠雄丰尚】北屯新案．近漢神洲際百貨,/buildings/bh11/,373,470,552,1.479892761394102,57.77211796246649
(data not available),(cross-network),遠雄一靚｜楠梓新案．高大特區首發｜早鳥預約中,/buildings/eh2/,459,465,809,1.7625272331154684,21.49673202614379
(direct) / (none),(direct),北屯敦富路【遠雄敦富】- 北屯機捷預售屋．近好市多,/buildings/bh10/,459,464,402,0.8758169934640523,13.28322440087146
gdn / bh11,20250918,遠雄14期首發【遠雄丰尚】北屯新案．近漢神洲際百貨,/buildings/bh11/,436,448,576,1.3211009174311927,2.041284403669725
google / cpc,O1_地區字_2025.0801,遠雄THE ONE-高雄市前鎮區新成屋/新建案-預約賞屋,/buildings/o1/,431,448,491,1.1392111368909512,22.932714617169374
google / cpc,Com,遠雄信義CENTER-新北市板橋區廠辦.商辦/預售新建案-預約賞屋,/buildings/fm3/,421,445,471,1.1187648456057007,6.491686460807601
gdn / ar1,20250718,遠房實價登錄,/,435,441,472,1.085057471264368,0
google / organic,(organic),[影音] 豪宅稅跟你也有關係：有房族注意！2025豪宅稅新門檻上路 - 遠雄房地產,/life-proposal/expert_zhu_mansion-tax-definition_vedio_20250523/,384,439,448,1.1666666666666667,70.3046875
(not set),20250919一輪播,齊興_緻-台北市北投區/北士科住宅預售屋,/buildings/ar1/,278,425,189,0.6798561151079137,2.615107913669065
google / cpc,area,高雄建案推薦【遠雄峰蘊】- 近科工館．高雄預售屋,/buildings/eh1/,410,424,474,1.1560975609756097,22.914634146341463
dgc / eh2,20250901,遠雄一靚｜楠梓新案．高大特區首發｜早鳥預約中,/buildings/eh2/,389,411,432,1.1105398457583548,4.683804627249358
google / cpc,O1_地區字_2025.0801,遠房實價登錄,/,396,409,455,1.148989898989899,1.4015151515151516
google / cpc,0829,遠雄14期首發【遠雄丰尚】北屯新案．近漢神洲際百貨,/buildings/bh11/,384,409,450,1.171875,25.4140625
google / organic,(organic),遠雄房地產：最懂生活的購屋專家,/,311,399,495,1.5916398713826367,16.530546623794212
google / cpc,area,遠房實價登錄,/,378,391,447,1.1825396825396826,1.5026455026455026
(not set),20250919一輪播,遠雄信義CENTER-新北市板橋區廠辦.商辦/預售新建案-預約賞屋,/buildings/fm3/,253,389,210,0.8300395256916996,17.841897233201582
google / organic,(organic),【遠雄樂元】北屯機捷X好市多，雙首排大道最核心，夠近才最好,/buildings/bh7/,323,381,415,1.284829721362229,46.62538699690403
google / organic,(organic),交屋看仔細，常見交屋糾紛有哪些？ - 遠雄房地產,/life-proposal/kw_delivery_20230607/,324,379,393,1.212962962962963,95.44444444444444
google / organic,(organic),2024十大建商出爐！大建商穩，小建商靈活，買家如何選邊站？ - 遠雄房地產,/life-proposal/kw_brand_construction_20240109/,364,378,387,1.0631868131868132,33.8021978021978
google / cpc,(organic),北士科建案【遠雄泱玥】-水岸首排．57-75坪,/buildings/ah2/,355,377,431,1.2140845070422535,34.60281690140845
google / cpc,CQH1-地區字,村泉蒔美｜門戶端點 從容跨界｜台北生活最美起點,/buildings/cqh1/,348,369,414,1.1896551724137931,44.87643678160919
(not set),20250919一輪播,聯上智科｜北士科AI總部 輝達核心軸線 -台北市北投區商辦/預售新建案-預約賞屋，遠創力行銷,/buildings/5vo1/,201,368,311,1.5472636815920398,5.766169154228856
fb / eh2,8-6,遠雄一靚｜楠梓新案．高大特區首發｜早鳥預約中,/buildings/eh2/,350,358,369,1.0542857142857143,8.391428571428571
google / cpc,brand,遠雄沐蘊-高雄市三民區預售屋/新建案-預約賞屋,/buildings/eh5/,334,358,399,1.1946107784431137,31.646706586826348
google / cpc,O1_特色字_2025.0801,遠雄THE ONE-高雄市前鎮區新成屋/新建案-預約賞屋,/buildings/o1/,349,355,390,1.1174785100286533,19.553008595988537
google / organic,(organic),記住授信5P原則，讓你的貸款成數更高更容易 - 遠雄房地產,/life-proposal/pre_mortgage_20221215/,284,341,356,1.2535211267605635,33.813380281690144
(direct) / (none),(direct),台中西屯建案【遠雄洄山行】．2-4房方正格局,/buildings/bh8/,333,340,273,0.8198198198198198,222.79579579579578
google / cpc,20250905五輪播,遠房實價登錄,/,331,334,428,1.2930513595166162,0.16012084592145015
google / cpc,brand,北屯敦富路【遠雄敦富】- 北屯機捷預售屋．近好市多,/buildings/bh10/,299,333,390,1.3043478260869565,53.541806020066886
(not set),20250905五輪播,聯上智科｜北士科AI總部 輝達核心軸線 -台北市北投區商辦/預售新建案-預約賞屋，遠創力行銷,/buildings/5vo1/,138,329,274,1.9855072463768115,5.956521739130435
(not set),20250905五輪播,北屯敦富路【遠雄敦富】- 北屯機捷預售屋．近好市多,/buildings/bh10/,189,328,221,1.1693121693121693,17.95767195767196
google / cpc,O1_特色字_2025.0801,遠房實價登錄,/,316,320,361,1.1424050632911393,0.14240506329113925
google / organic,(organic),專家觀點地政篇：如何預防不動產詐騙？如何防止房屋被移轉？ - 遠雄房地產,/life-proposal/expert_zhu_property_scam_20240604/,285,317,334,1.1719298245614036,94.17543859649123
(not set),(not set),遠房實價登錄,/,309,313,254,0.8220064724919094,0
google / cpc,20250616_台北豪宅/別墅,遠房實價登錄,/,306,312,354,1.1568627450980393,0
google / cpc,brand,高雄建案推薦【遠雄峰蘊】- 近科工館．高雄預售屋,/buildings/eh1/,292,312,349,1.1952054794520548,35
google / cpc,Otherarea0829,遠雄14期首發【遠雄丰尚】北屯新案．近漢神洲際百貨,/buildings/bh11/,304,310,361,1.1875,21.674342105263158
line-lap / bh10,line-lap20257-5,北屯敦富路【遠雄敦富】- 北屯機捷預售屋．近好市多,/buildings/bh10/,161,307,360,2.2360248447204967,10.770186335403727
google / organic,(organic),專家觀點地政篇：只有不動產怎麼繳遺產稅？實物抵繳是否划算？ - 遠雄房地產,/life-proposal/expert_zhu_property_offset-2_20241220/,238,303,303,1.273109243697479,103.36974789915966
(direct) / (none),(direct),遠雄一靚｜楠梓新案．高大特區首發｜早鳥預約中,/buildings/eh2/,274,300,332,1.2116788321167884,26.87226277372263
(data not available),(cross-network),遠雄14期首發【遠雄丰尚】北屯新案．近漢神洲際百貨,/buildings/bh11/,297,297,529,1.7811447811447811,13.171717171717171
google / cpc,corearea0829,遠雄14期首發【遠雄丰尚】北屯新案．近漢神洲際百貨,/buildings/bh11/,289,295,334,1.1557093425605536,28.19377162629758
google / cpc,beitun,遠房實價登錄,/,293,294,349,1.1911262798634812,0.017064846416382253
google / cpc,(referral),遠雄星呈-台中市清水區預售屋/新建案-預約賞屋，遠雄房地產,/buildings/h707/,234,294,290,1.2393162393162394,56.282051282051285
google / cpc,othercities_brand,【遠雄樂元】北屯機捷X好市多，雙首排大道最核心，夠近才最好,/buildings/bh7/,273,292,335,1.2271062271062272,30.41025641025641
google / organic,(organic),遠雄幸福成｜即將落成 - 台中市清水區預售/新建案-預約賞屋，遠雄房地產,/buildings/h713/,266,291,322,1.2105263157894737,41.27067669172932
google / cpc,遠雄幸福成_H713_關鍵字_0516_外縣市,遠雄幸福成｜即將落成 - 台中市清水區預售/新建案-預約賞屋，遠雄房地產,/buildings/h713/,259,287,323,1.247104247104247,44.82239382239382
google / cpc,needs,遠雄信義CENTER-新北市板橋區廠辦.商辦/預售新建案-預約賞屋,/buildings/fm3/,259,281,295,1.138996138996139,33.30501930501931
line-lap / bh5,(not set),遠雄琉蘊 -台中市西屯區七期預售屋/新建案-預約賞屋，遠雄房地產,/buildings/bh5/,244,278,297,1.2172131147540983,1.7663934426229508
google / cpc,area,遠雄信義CENTER-新北市板橋區廠辦.商辦/預售新建案-預約賞屋,/buildings/fm3/,264,276,293,1.1098484848484849,19.742424242424242
(data not available),(cross-network),遠雄信義CENTER-新北市板橋區廠辦.商辦/預售新建案-預約賞屋,/buildings/fm3/,264,264,423,1.6022727272727273,18.390151515151516
sms / aep-cdp,aep-306,遠雄房地產：最懂生活的購屋專家,/,222,262,276,1.2432432432432432,13.914414414414415
google / cpc,遠雄幸福成_H713_關鍵字_0516_中彰,遠雄幸福成｜即將落成 - 台中市清水區預售/新建案-預約賞屋，遠雄房地產,/buildings/h713/,245,261,278,1.1346938775510205,25.39183673469388
google / cpc,beitun,【遠雄樂元】北屯機捷X好市多，雙首排大道最核心，夠近才最好,/buildings/bh7/,250,259,275,1.1,17.028
google / cpc,CQH1-品牌字,村泉蒔美｜門戶端點 從容跨界｜台北生活最美起點,/buildings/cqh1/,236,258,313,1.326271186440678,57.96186440677966
(data not available),(cross-network),齊興_緻-台北市北投區/北士科住宅預售屋,/buildings/ar1/,253,255,425,1.6798418972332017,17.1897233201581
google / cpc,O1_競品字_2025.0801,遠雄THE ONE-高雄市前鎮區新成屋/新建案-預約賞屋,/buildings/o1/,245,246,275,1.1224489795918366,18.240816326530613
line-lap / bh5,(not set),遠房實價登錄,/,219,246,264,1.2054794520547945,0
google / organic,(organic),遠雄星呈-台中市清水區預售屋/新建案-預約賞屋，遠雄房地產,/buildings/h707/,187,242,262,1.4010695187165776,46.74331550802139
(not set),20250808一輪播,遠雄高雄新案｜楠梓新案．高大特區首發｜早鳥預約中,/buildings/eh2/,132,241,180,1.3636363636363635,3.4393939393939394
google / cpc,brand,遠雄信義CENTER-新北市板橋區廠辦.商辦/預售新建案-預約賞屋,/buildings/fm3/,216,236,274,1.2685185185185186,34.91203703703704
google / organic,(organic),台中西屯建案【遠雄洄山行】．2-4房方正格局,/buildings/bh8/,198,236,252,1.2727272727272727,65.14141414141415
(not set),(not set),齊興_緻-台北市北投區/北士科住宅預售屋,/buildings/ar1/,180,223,137,0.7611111111111111,9.472222222222221
google / cpc,O1_競品字_2025.0801,遠房實價登錄,/,222,222,261,1.1756756756756757,1.0135135135135136
google / cpc,beitun,北屯敦富路【遠雄敦富】- 北屯機捷預售屋．近好市多,/buildings/bh10/,218,221,235,1.0779816513761469,21.022935779816514
mkto-sn070013.com / referral,(referral),遠雄2025九月主題報 - 遠雄房地產,/sep2025/,185,221,234,1.2648648648648648,12.610810810810811
fb / cqh1,fb-20,村泉蒔美｜門戶端點 從容跨界｜台北生活最美起點,/buildings/cqh1/,210,219,226,1.0761904761904761,46.52857142857143
google / organic,(organic),實價登錄真相大破解，一次看懂實價登錄不受騙 - 遠雄房地產,/life-proposal/actual_selling_price20220708/,193,216,217,1.1243523316062176,60.9119170984456
m.facebook.com / referral,(referral),遠雄14期首發【遠雄丰尚】北屯新案．近漢神洲際百貨,/buildings/bh11/,215,215,215,1,5.241860465116279
(not set),(not set),【遠雄樂元】北屯機捷X好市多，雙首排大道最核心，夠近才最好,/buildings/bh7/,179,210,152,0.8491620111731844,16.636871508379887
gdn / bh11,20250829,遠房實價登錄,/,200,202,215,1.075,0
google / cpc,0829,遠房實價登錄,/,195,199,233,1.1948717948717948,0
fb / bh11,8-2,遠雄14期首發【遠雄丰尚】北屯新案．近漢神洲際百貨,/buildings/bh11/,182,197,210,1.1538461538461537,29.857142857142858
google_gdn / 5vo1,gdn-02,聯上智科｜北士科AI總部 輝達核心軸線 -台北市北投區商辦/預售新建案-預約賞屋，遠創力行銷,/buildings/5vo1/,187,196,215,1.1497326203208555,2.764705882352941
(direct) / (none),(direct),高雄建案推薦【遠雄峰蘊】- 近科工館．高雄預售屋,/buildings/eh1/,194,195,196,1.0103092783505154,17.628865979381445
google_kw / BH8,20240816_品牌字,台中西屯建案【遠雄洄山行】．2-4房方正格局,/buildings/BH8/,182,195,206,1.1318681318681318,41.214285714285715
google / cpc,com,高雄建案推薦【遠雄峰蘊】- 近科工館．高雄預售屋,/buildings/eh1/,182,192,214,1.1758241758241759,23.021978021978022
google / cpc,20250616_北投士林豪宅/別墅,齊興_緻-台北市北投區/北士科住宅預售屋,/buildings/ar1/,186,186,197,1.0591397849462365,19.166666666666668
google / cpc,CQH1-競品字,村泉蒔美｜門戶端點 從容跨界｜台北生活最美起點,/buildings/cqh1/,176,186,220,1.25,37.91477272727273
(not set),(not set),遠雄一靚｜楠梓新案．高大特區首發｜早鳥預約中,/buildings/eh2/,135,185,133,0.9851851851851852,15.207407407407407
google / organic,(organic),專家觀點地政篇：限貸令對各族群影響 (下) 首購、換屋、繼承族群影響為何? - 遠雄房地產,/life-proposal/expert_zhu_loan-restriction2_20250219/,170,182,186,1.0941176470588236,66.72941176470589
google_gdn / 5vo1,gdn-01,聯上智科｜北士科AI總部 輝達核心軸線 -台北市北投區商辦/預售新建案-預約賞屋，遠創力行銷,/buildings/5vo1/,178,181,213,1.196629213483146,1.4831460674157304
(direct) / (none),(direct),熱銷建案一覽：遠雄全台預售屋、新建案、新成屋資訊,/case/search/,173,181,345,1.9942196531791907,28.838150289017342
line-lap / bh10,line-lap20257-1,遠房實價登錄,/,144,181,201,1.3958333333333333,0
google / cpc,遠雄幸福成_H713_關鍵字_0516_外縣市,遠房實價登錄,/,174,180,246,1.4137931034482758,0.3563218390804598
google / organic,(organic),房屋格局圖/平面圖怎麼看？建案平面圖符號教學，讓你秒懂房屋格局避地雷,/life-proposal/house-layout/,170,180,183,1.076470588235294,50.241176470588236
google / cpc,othercities_brand,遠房實價登錄,/,173,174,209,1.2080924855491328,0
google / organic,(organic),熱銷建案一覽：遠雄全台預售屋、新建案、新成屋資訊,/case/search/page/2/,156,174,225,1.4423076923076923,25.974358974358974
gdn / bh7,pmax-1-taichung,【遠雄樂元】北屯機捷X好市多，雙首排大道最核心，夠近才最好,/buildings/bh7/,165,172,185,1.121212121212121,6.448484848484848
google / organic,(organic),遠雄信義CENTER-新北市板橋區廠辦.商辦/預售新建案-預約賞屋,/buildings/fm3/,146,172,212,1.452054794520548,45.1986301369863
google / cpc,20250803,遠雄一靚｜楠梓新案．高大特區首發｜早鳥預約中,/buildings/eh2/,105,172,183,1.7428571428571429,2.7714285714285714
google / cpc,202509_1,聯上智科｜北士科AI總部 輝達核心軸線 -台北市北投區商辦/預售新建案-預約賞屋，遠創力行銷,/buildings/5vo1/,164,171,194,1.1829268292682926,34.420731707317074
fb / eh5,park,遠雄沐蘊-高雄市三民區預售屋/新建案-預約賞屋,/buildings/eh5/,166,170,179,1.0783132530120483,35.75903614457831
fb / bh8,fb16-2,台中西屯建案【遠雄洄山行】．2-4房方正格局,/buildings/bh8/,153,169,177,1.1568627450980393,36.751633986928105
(not set),(not set),遠雄14期首發【遠雄丰尚】北屯新案．近漢神洲際百貨,/buildings/bh11/,96,169,79,0.8229166666666666,39.3125
google / organic,(organic),北屯敦富路【遠雄敦富】- 北屯機捷預售屋．近好市多,/buildings/bh10/,126,165,168,1.3333333333333333,47.03968253968254
google / cpc,com,遠房實價登錄,/,156,164,187,1.1987179487179487,2.8461538461538463
(data not available),(cross-network),聯上智科｜北士科AI總部 輝達核心軸線 -台北市北投區商辦/預售新建案-預約賞屋，遠創力行銷,/buildings/5vo1/,164,163,252,1.5365853658536586,9.725609756097562
(direct) / (none),(direct),北士科建案【遠雄泱玥】水岸首排．57-75坪,/buildings/ah2/,162,163,163,1.0061728395061729,26.432098765432098
google / organic,(organic),專家觀點地政篇：你買到的法定空地是什麼？ - 遠雄房地產,/life-proposal/expert_zhu_property_openspace_20240705/,144,163,169,1.1736111111111112,94.875
google / cpc,taichung,【遠雄樂元】北屯機捷X好市多，雙首排大道最核心，夠近才最好,/buildings/bh7/,158,161,167,1.0569620253164558,27.89240506329114
(direct) / (none),(direct),北士科建案【遠雄泱玥】-水岸首排．57-75坪,/buildings/ah2/,152,161,162,1.0657894736842106,22.95394736842105
google / cpc,competitor,遠房實價登錄,/,158,160,190,1.2025316455696202,0.05063291139240506
google / cpc,遠雄幸福成_H713_關鍵字_0516_中彰,遠房實價登錄,/,158,159,193,1.2215189873417722,0
google / cpc,20250616_品牌字,齊興_緻-台北市北投區/北士科住宅預售屋,/buildings/ar1/,147,158,184,1.251700680272109,35.59863945578231
google / organic,(organic),驗屋與交屋必知注意事項？新手購屋必看，驗屋清單檢查表與交屋流程有哪些？,/life-proposal/home-inspection/,140,157,190,1.3571428571428572,67.07857142857142
fb / h707,1,遠雄星呈-台中市清水區預售屋/新建案-預約賞屋，遠雄房地產,/buildings/h707/,148,156,165,1.114864864864865,17.527027027027028
m.facebook.com / referral,(referral),遠房實價登錄,/,155,155,152,0.9806451612903225,0
(not set),20250808一輪播,遠房實價登錄,/,123,155,204,1.6585365853658536,0.21951219512195122
google / organic,(organic),建案熱區巡禮：高雄楠梓區高大特區生活圈 - 遠雄房地產,/life-proposal/area-kaohsiung-nanzi_nuk_function_20250211/,115,155,161,1.4,75.55652173913043
google / organic,(organic),何世昌觀點：2025年北台灣房市潛力區域專題報導-10大優質投資區域分析 - 遠雄房地產,/life-proposal/expert_hoshichang_northern-potential/,137,154,160,1.167883211678832,82.83941605839416
google / organic,(organic),建案熱區巡禮：新北板橋區Tpark科技特區 (遠東通訊園區)生活圈 - 遠雄房地產,/life-proposal/area-s-tph_banqiao_tpark_function_20250314/,143,153,156,1.0909090909090908,48.60839160839161
(direct) / (none),(direct),水湳建案【遠雄綠美】鄰近綠美圖．中央公園預售屋,/buildings/bh9/,148,149,154,1.0405405405405406,21.87162162162162
google / organic,(organic),「權狀坪數」與「室內坪數」分不清？ –「首購族看房買屋攻略」 - 遠雄房地產,/life-proposal/ping/,139,148,156,1.1223021582733812,64.72661870503597
google / cpc,brand0829,遠雄14期首發【遠雄丰尚】北屯新案．近漢神洲際百貨,/buildings/bh11/,139,147,182,1.3093525179856116,56.70503597122302
(direct) / (none),(direct),贈與稅與遺產稅免稅額提高，房屋轉讓給子女的規劃要點 - 遠雄房地產,/life-proposal/gift_tax/,134,147,171,1.2761194029850746,95.08208955223881
(not set),20250905五輪播,台中西屯建案【遠雄洄山行】．2-4房方正格局,/buildings/bh8/,123,147,39,0.3170731707317073,10.626016260162602
google / cpc,20250905五輪播,【遠雄樂元】北屯機捷X好市多，雙首排大道最核心，夠近才最好,/buildings/bh7/,141,145,231,1.6382978723404256,40.95035460992908
google / organic,(organic),居家保養：如何擦玻璃才正確？【居家百科】 - 遠雄房地產,/life-proposal/glass-fix/,125,145,150,1.2,58.456
google / cpc,competitor,北屯敦富路【遠雄敦富】- 北屯機捷預售屋．近好市多,/buildings/bh10/,138,143,152,1.1014492753623188,24.76086956521739
google / organic,(organic),遠雄琉蘊 -台中市西屯區七期預售屋/新建案-預約賞屋，遠雄房地產,/buildings/bh5/,121,143,158,1.3057851239669422,44.289256198347104
fb / bh8,leads,台中西屯建案【遠雄洄山行】．2-4房方正格局,/buildings/bh8/,138,141,157,1.1376811594202898,30.282608695652176
google_kw / fm3,brand,遠雄信義CENTER-新北市板橋區廠辦.商辦/預售新建案-預約賞屋,/buildings/fm3/,140,140,140,1,9.085714285714285
(not set),20250905一輪播,遠雄一靚｜楠梓新案．高大特區首發｜早鳥預約中,/buildings/eh2/,106,140,51,0.4811320754716981,3.0377358490566038
google / cpc,taipei,大河商爵-台北市士林區廠辦/預售新建案-預約賞屋，遠創力行銷,/buildings/dgm1/,134,139,145,1.0820895522388059,11.537313432835822
fb / bh5,43,遠雄琉蘊 -台中市西屯區七期預售屋/新建案-預約賞屋，遠雄房地產,/buildings/bh5/,131,138,140,1.0687022900763359,34.267175572519086
fb / bh8,fb19-1,台中西屯建案【遠雄洄山行】．2-4房方正格局,/buildings/bh8/,128,137,144,1.125,42.96875
google / cpc,extension,齊興_緻-台北市北投區/北士科住宅預售屋,/buildings/ar1/,130,136,146,1.123076923076923,12.930769230769231
google / organic,(organic),李同榮觀點：2025自住首購族擇屋八大法則 - 遠雄房地產,/life-proposal/expert_li_homeowners_20250410/,121,136,139,1.1487603305785123,90.10743801652893
google / organic,(organic),社區營運兩三事：管理費與公共基金 - 遠雄房地產,/life-proposal/land_fund/,114,136,149,1.3070175438596492,54.01754385964912
google / organic,(organic),聯上智科｜北士科AI總部 輝達核心軸線 -台北市北投區商辦/預售新建案-預約賞屋，遠創力行銷,/buildings/5vo1/,105,136,157,1.4952380952380953,57.80952380952381
(not set),20250905五輪播,遠雄星呈-台中市清水區預售屋/新建案-預約賞屋，遠雄房地產,/buildings/h707/,93,132,62,0.6666666666666666,21.741935483870968
(not set),20250905五輪播,遠雄房地產：最懂生活的購屋專家,/,44,132,136,3.090909090909091,16
fb / bh5,43,遠房實價登錄,/,127,131,142,1.1181102362204725,0.5118110236220472
(not set),20250808一輪播,遠雄一靚｜楠梓新案．高大特區首發｜早鳥預約中,/buildings/eh2/,50,131,147,2.94,22.1
m.facebook.com / referral,(referral),遠雄星呈-台中市清水區預售屋/新建案-預約賞屋，遠雄房地產,/buildings/h707/,131,130,131,1,5.526717557251908
google / organic,(organic),高雄建案推薦【遠雄峰蘊】- 近科工館．高雄預售屋,/buildings/eh1/,116,130,153,1.3189655172413792,35.66379310344828
google_kw / BH8,20240816_品牌字,遠房實價登錄,/,125,129,176,1.408,0
google / organic,(organic),台南永康新建案【遠雄山禾】-鹽行特區．3-4房,/buildings/dh2/,112,129,144,1.2857142857142858,40.5625
google / organic,(organic),建案熱區巡禮：北投士林科技園區 - 交通篇 - 遠雄房地產,/life-proposal/area-tpe-beitou_bstp_traffic_20240705/,114,128,139,1.219298245614035,79.63157894736842
google / cpc,(organic),遠雄高雄新案｜楠梓新案．高大特區首發｜早鳥預約中,/buildings/eh2/,126,127,144,1.1428571428571428,35.92857142857143
google / organic,(organic),[影音] 豪宅稅跟你也有關係：有房族注意！影響與計算不可不知 - 遠雄房地產,/life-proposal/expert_zhu_mansion-tax-count_vedio_20250625/,117,127,135,1.1538461538461537,92.2905982905983
google / organic,(organic),財經M平方觀點：降息了黃金一定會漲嗎？探討未來黃金走勢 - 遠雄房地產,/life-proposal/expert_macromicro_golden_20241119/,117,125,123,1.0512820512820513,51.76923076923077
(direct) / (none),(direct),遠雄THE ONE-高雄市前鎮區新成屋/新建案-預約賞屋,/buildings/o1/,120,124,138,1.15,19.825
google / organic,(organic),財經M平方觀點：2025 下半年台灣經濟怎麼走？台股、台幣一次解析 - 遠雄房地產,/life-proposal/expert_macromicro_2025econ_20250730/,106,124,123,1.1603773584905661,48.801886792452834
google / cpc,competitor,【遠雄樂元】北屯機捷X好市多，雙首排大道最核心，夠近才最好,/buildings/bh7/,107,123,131,1.2242990654205608,22.635514018691588
google / cpc,20250616_北投士林豪宅/別墅,遠房實價登錄,/,122,121,136,1.1147540983606556,0
google / organic,(organic),遠雄THE ONE-高雄市前鎮區新成屋/新建案-預約賞屋,/buildings/o1/,107,121,133,1.2429906542056075,44.64485981308411
google / organic,(organic),安南重劃首選【遠雄藏萃】全新落成，珍稀戶別釋出！,/buildings/dh5/,101,120,134,1.3267326732673268,134.13861386138615
google / organic,(organic),何世昌觀點：輝達總部確立，房市受惠區在哪裡？ - 遠雄房地產,/life-proposal/expert_thinktank_nvidia_20250729/,105,118,123,1.1714285714285715,59.161904761904765
google_kw / ah2,(organic),北士科建案【遠雄泱玥】水岸首排．57-75坪,/buildings/ah2/,118,117,118,1,0.3389830508474576
fb / bh8,fb16-2,遠房實價登錄,/,116,117,125,1.0775862068965518,0
(not set),20250905五輪播,贈與稅與遺產稅免稅額提高，房屋轉讓給子女的規劃要點 - 遠雄房地產,/life-proposal/gift_tax/,92,117,26,0.2826086956521739,11.684782608695652
fb / eh1,formbutton,高雄建案推薦【遠雄峰蘊】- 近科工館．高雄預售屋,/buildings/eh1/,111,116,126,1.135135135135135,21.92792792792793
google / organic,(organic),突然跳電要怎麼處理？六個步驟跟著做！【居家百科】 - 遠雄房地產,/life-proposal/trip/,108,116,117,1.0833333333333333,38.333333333333336
(not set),20250909一輪播,【遠雄樂元】北屯機捷X好市多，雙首排大道最核心，夠近才最好,/buildings/bh7/,90,116,64,0.7111111111111111,4.1
google / organic,(organic),熱銷建案：預售屋、新建案、新成屋 -遠雄房地產,/case/,106,115,137,1.2924528301886793,7.245283018867925
google / organic,(organic),[影音] 專家觀點地政篇：婚前買房v.s婚後買房｜房子登記誰的名字好？ - 遠雄房地產,/life-proposal/expert_zhu_marriage_20230614/,106,114,116,1.0943396226415094,96.78301886792453
fb / eh5,form,遠雄沐蘊-高雄市三民區預售屋/新建案-預約賞屋,/buildings/eh5/,109,113,133,1.2201834862385321,35.88990825688074
fb / h713,100,遠雄幸福成｜即將落成 - 台中市清水區預售/新建案-預約賞屋，遠雄房地產,/buildings/h713/,103,110,117,1.1359223300970873,43.601941747572816
google / organic,(organic),退休以後怎麼住？你適合青銀共居、養生村還是全齡宅？ - 遠雄房地產,/life-proposal/retiredlife_20230220/,103,109,120,1.1650485436893203,66.53398058252426
google / organic,(organic),建案熱區巡禮：台中北屯14期重劃區生活圈，打造北台中的新興生活核心 - 遠雄房地產,/life-proposal/area_txg_beitun_14th_function_20250829/,95,109,114,1.2,52.50526315789474
fb / bh5,leads,遠雄琉蘊 -台中市西屯區七期預售屋/新建案-預約賞屋，遠雄房地產,/buildings/bh5/,104,108,113,1.0865384615384615,34.50961538461539
google / organic,(organic),基礎建設＋結構保固：一次了解大地工程的基本概念 - 遠雄房地產,/life-proposal/construction-base/,96,107,121,1.2604166666666667,74.47916666666667
google / organic,(organic),建案熱區巡禮：中和翻轉！北台灣電子製造業最大產業聚落  - 遠雄房地產,/life-proposal/area-l-newtaipei-zhonghe_20220923/,79,107,103,1.3037974683544304,98.13924050632912
google / cpc,information2,遠雄14期首發【遠雄丰尚】北屯新案．近漢神洲際百貨,/buildings/bh11/,101,106,129,1.2772277227722773,24.04950495049505
google / cpc,20250616_品牌字,遠房實價登錄,/,98,104,125,1.2755102040816326,0
(not set),20250919一輪播,北屯敦富路【遠雄敦富】- 北屯機捷預售屋．近好市多,/buildings/bh10/,81,104,43,0.5308641975308642,12.024691358024691
google / cpc,20250803,遠雄高雄新案｜楠梓新案．高大特區首發｜早鳥預約中,/buildings/eh2/,61,103,101,1.6557377049180328,0.7213114754098361
fb / dh2,leads,台南永康新建案【遠雄山禾】-鹽行特區．3-4房,/buildings/dh2/,99,102,109,1.101010101010101,21.707070707070706
google / cpc,gdn20252-5,建案熱區巡禮：北屯區台中首購最愛，喧鬧中的一隅悠閒 - 遠雄房地產,/life-proposal/area-l-taichung-beitun20220520/,87,102,106,1.2183908045977012,4.781609195402299
google / organic,(organic),關於遠創力 - 遠雄房地產,/about/telecreative_marketing/,78,102,108,1.3846153846153846,42.8974358974359
fb / bh5,leads,遠房實價登錄,/,101,101,116,1.1485148514851484,0.7326732673267327
google / cpc,brand,大河商爵-台北市士林區廠辦/預售新建案-預約賞屋，遠創力行銷,/buildings/dgm1/,91,101,118,1.2967032967032968,59.64835164835165
gdn / bh7,pmax-1-anothercity,【遠雄樂元】北屯機捷X好市多，雙首排大道最核心，夠近才最好,/buildings/bh7/,82,101,113,1.3780487804878048,24.73170731707317
fb / eh1,formbutton,遠房實價登錄,/,98,100,108,1.1020408163265305,0.11224489795918367
google / organic,(organic),齊興_緻-台北市北投區/北士科住宅預售屋,/buildings/ar1/,90,100,113,1.2555555555555555,49.21111111111111
google / organic,(organic),村泉蒔美｜門戶端點 從容跨界｜台北生活最美起點,/buildings/cqh1/,82,100,106,1.2926829268292683,102.28048780487805
google_kw / h713,(organic),遠雄幸福成｜即將落成 - 台中市清水區預售/新建案-預約賞屋，遠雄房地產,/buildings/h713/,99,99,99,1,0.2828282828282828
google / cpc,type,遠雄沐蘊-高雄市三民區預售屋/新建案-預約賞屋,/buildings/eh5/,97,99,109,1.1237113402061856,25.195876288659793
(direct) / (none),(direct),遠雄星呈-台中市清水區預售屋/新建案-預約賞屋，遠雄房地產,/buildings/h707/,92,98,109,1.184782608695652,37.28260869565217
google / cpc,(not set),遠雄星呈-台中市清水區預售屋/新建案-預約賞屋，遠雄房地產,/buildings/h707/,86,98,105,1.2209302325581395,13.465116279069768
google / organic,(organic),劉佩真觀點：2025年第二季房市觀測 - 關稅、打炒房持續等利空，Q3房市景氣還有機會回升嗎？ - 遠雄房地產,/life-proposal/expert_peizhen_property-2025q2_20250707/,85,98,98,1.1529411764705881,55.305882352941175
(not set),20250905一輪播,遠雄信義CENTER-新北市板橋區廠辦.商辦/預售新建案-預約賞屋,/buildings/fm3/,81,98,71,0.8765432098765432,8.74074074074074
fb / bh7,2,【遠雄樂元】北屯機捷X好市多，雙首排大道最核心，夠近才最好,/buildings/bh7/,92,97,105,1.141304347826087,38.20652173913044
(not set),20250905五輪播,熱銷建案一覽：遠雄全台預售屋、新建案、新成屋資訊,/case/search/,64,97,151,2.359375,24.75
fb / bh11,8-2,遠房實價登錄,/,92,96,106,1.1521739130434783,0
google / organic,(organic),建案熱區巡禮：桃園龜山重大建設帶動發展利多 - 遠雄房地產,/life-proposal/area-l-taoyuan-guishan/,83,95,99,1.1927710843373494,81.6144578313253
fb / bh8,leads,遠房實價登錄,/,94,94,104,1.1063829787234043,1.8297872340425532
google / cpc,taichung,遠房實價登錄,/,94,94,122,1.297872340425532,0
fb / bh8,fb19-1,遠房實價登錄,/,93,94,98,1.053763440860215,0.3870967741935484
fb / h707,26,遠雄星呈-台中市清水區預售屋/新建案-預約賞屋，遠雄房地產,/buildings/h707/,92,94,98,1.065217391304348,42.47826086956522
fb / eh1,2-4,高雄建案推薦【遠雄峰蘊】- 近科工館．高雄預售屋,/buildings/eh1/,90,93,96,1.0666666666666667,16.57777777777778
fb / bh8,fb16-1,台中西屯建案【遠雄洄山行】．2-4房方正格局,/buildings/bh8/,87,93,104,1.1954022988505748,34.9080459770115
google / cpc,(not set),遠房實價登錄,/,85,93,103,1.2117647058823529,0.5058823529411764
mkto-sn070013.com / referral,(referral),專家觀點地政篇：邱澤不動產傳聞揭秘，實價登錄與容積移轉的真相 - 遠雄房地產,/life-proposal/expert_zhu_land-deal_20250813/,76,93,87,1.144736842105263,76.90789473684211
fb / bh7,1,【遠雄樂元】北屯機捷X好市多，雙首排大道最核心，夠近才最好,/buildings/bh7/,90,92,97,1.0777777777777777,34.611111111111114
line-fgr / bh7,linefgrbh7,【遠雄樂元】北屯機捷X好市多，雙首排大道最核心，夠近才最好,/buildings/bh7/,82,92,117,1.4268292682926829,40.28048780487805
google / organic,(organic),楠梓高大特區寵物友善地點推薦：必訪5家餐廳＋3大寵物同樂好去處 - 遠雄房地產,/life-proposal/area-kaohsiung-nanzi_nuk_pet-cafe_20250613/,79,92,93,1.1772151898734178,47.177215189873415
google / organic,(organic),遠雄龜山廠辦新案 | 預約賞屋，遠雄房地產,/buildings/hm2/,69,92,108,1.565217391304348,81.66666666666667
google / cpc,extensions,遠雄信義CENTER-新北市板橋區廠辦.商辦/預售新建案-預約賞屋,/buildings/fm3/,88,91,105,1.1931818181818181,28.40909090909091
google / cpc,competitor0829,遠雄14期首發【遠雄丰尚】北屯新案．近漢神洲際百貨,/buildings/bh11/,87,91,100,1.1494252873563218,35.35632183908046
mkto-sn070013.com / referral,(referral),取消訂閱 - 遠雄房地產 %,/unsubscribe/,87,91,95,1.0919540229885059,2.5632183908045976
google / organic,(organic),專家觀點地政篇：不動產抵押權重點詳解 - 遠雄房地產,/life-proposal/expert_zhu_hypothec_20230815/,85,91,97,1.1411764705882352,84.24705882352941
google / organic,(organic),聰明買房不吃虧，謄本訊息知多少 - 遠雄房地產,/life-proposal/transcript_20221007/,83,91,93,1.1204819277108433,75.44578313253012
google / organic,(organic),北士科建案【遠雄泱玥】水岸首排．57-75坪,/buildings/ah2/,84,90,96,1.1428571428571428,45.75
google / cpc,gdn20252-5,北屯敦富路【遠雄敦富】- 北屯機捷預售屋．近好市多,/buildings/bh10/,76,89,88,1.1578947368421053,1.7236842105263157
google / organic,(organic),專家觀點地政篇：合資買房如何保障自身權益？ - 遠雄房地產,/life-proposal/expert_zhu_buyhouse_joint_20240117/,75,89,90,1.2,75.22666666666667
google / organic,(organic),熱銷建案一覽：遠雄全台預售屋、新建案、新成屋資訊,/case/search/page/3/,81,88,110,1.3580246913580247,12.88888888888889
fgr-line / fgr,tax_mitigation_housetax_20220902,不動產節稅妙招：每年都要繳的財產稅省很大 - 遠雄房地產,/life-proposal/tax_mitigation_housetax_20220902/,79,88,98,1.240506329113924,82.73417721518987
google / organic,(organic),何世昌觀點：三大因素驅動，雙北市房價「蛋花湯」現象成為現在進行式　 - 遠雄房地產,/life-proposal/expert_shuangbei_20250822/,74,88,87,1.1756756756756757,96.39189189189189
google / organic,(organic),什麼是虛坪制？一次了解政府的「虛坪改革」方案 - 遠雄房地產,/life-proposal/kw_meterspolicy_20240513/,72,87,79,1.0972222222222223,116.72222222222223
google / cpc,Otherarea0829,遠房實價登錄,/,85,85,106,1.2470588235294118,0
youtube / h707,H707video_c,遠雄星呈-台中市清水區預售屋/新建案-預約賞屋，遠雄房地產,/buildings/h707/,84,85,85,1.0119047619047619,0.3333333333333333
fb / paid,120222247205050066,村泉蒔美｜門戶端點 從容跨界｜台北生活最美起點,/buildings/cqh1/,81,85,93,1.1481481481481481,40.17283950617284
google / organic,(organic),建案熱區巡禮：台南永康區鹽行國中重劃區生活圈 - 遠雄房地產,/life-proposal/area_tnnyongkang_redevelop_yanxing_20230901/,34,85,84,2.4705882352941178,79.79411764705883
google / cpc,corearea0829,遠房實價登錄,/,84,84,110,1.3095238095238095,0
fb / dh2,leads,遠房實價登錄,/,84,84,92,1.0952380952380953,2.5595238095238093
google / cpc,20250905五輪播,齊興_緻-台北市北投區/北士科住宅預售屋,/buildings/ar1/,84,84,149,1.7738095238095237,11.285714285714286
google / organic,(organic),[影音] 停車位買賣詳細解析-你需要知道的車位權利 - 遠雄房地產,/life-proposal/expert_zhu_property_parking_vedio_20240828/,76,83,84,1.105263157894737,50.98684210526316
google / organic,(organic),房地一族看過來，與你有關的國稅局查稅重點 - 遠雄房地產,/life-proposal/tax_inspection_20230119/,73,83,87,1.1917808219178083,68.64383561643835
(not set),(not set),遠雄信義CENTER-新北市板橋區廠辦.商辦/預售新建案-預約賞屋,/buildings/fm3/,69,83,51,0.7391304347826086,19.347826086956523
fb / eh1,2-4,遠房實價登錄,/,81,82,84,1.037037037037037,2.3209876543209877
fb / eh2,leads,遠雄一靚｜楠梓新案．高大特區首發｜早鳥預約中,/buildings/eh2/,77,82,88,1.1428571428571428,37.35064935064935
(not set),20250905五輪播,大河商爵-台北市士林區廠辦/預售新建案-預約賞屋，遠創力行銷,/buildings/dgm1/,60,82,57,0.95,8.783333333333333
google / cpc,20250905五輪播,遠雄14期首發【遠雄丰尚】北屯新案．近漢神洲際百貨,/buildings/bh11/,81,81,152,1.876543209876543,36.72839506172839
google / organic,(organic),建案熱區巡禮：台中港市鎮重劃區生活圈，梧棲、清水躍升熱區 - 遠雄房地產,/life-proposal/area-txg-port_function_20240103/,60,81,79,1.3166666666666667,108.93333333333334
fb / eh5,fb28-2,遠雄沐蘊-高雄市三民區預售屋/新建案-預約賞屋,/buildings/eh5/,76,80,91,1.1973684210526316,30.32894736842105
google / organic,(organic),蓋好蓋滿還是適度留白？一次搞懂建蔽率與容積率 - 遠雄房地產,/life-proposal/build_rate/,76,80,83,1.0921052631578947,59.14473684210526
google / cpc,othercities_taichung,【遠雄樂元】北屯機捷X好市多，雙首排大道最核心，夠近才最好,/buildings/bh7/,78,79,81,1.0384615384615385,19.192307692307693
google / cpc,(organic),熱銷建案一覽：遠雄全台預售屋、新建案、新成屋資訊,/case/search/,77,79,174,2.25974025974026,28.571428571428573
fb / bh11,9-1,遠雄14期首發【遠雄丰尚】北屯新案．近漢神洲際百貨,/buildings/bh11/,76,79,86,1.131578947368421,31.355263157894736
google / organic,(organic),社區有綠建築標章有何好處？ - 遠雄房地產,/life-proposal/ease_greenbuilding_20230608/,69,79,86,1.2463768115942029,39.94202898550725
google / organic,(organic),交屋型態差在哪？ 標配屋、實品屋、毛胚屋比一比 - 遠雄房地產,/life-proposal/handover202206010/,73,78,88,1.2054794520547945,61.917808219178085
google / organic,(organic),遠雄沐蘊-高雄市三民區預售屋/新建案-預約賞屋,/buildings/eh5/,72,78,91,1.2638888888888888,32.72222222222222
google / organic,(organic),買房大小事：交屋到入住前不可不知 - 遠雄房地產,/life-proposal/land_handover/,65,78,74,1.1384615384615384,82.15384615384616
google / organic,(organic),建案熱區巡禮：台南永康區大灣重劃區生活圈 - 遠雄房地產,/life-proposal/area-tnn-dawan_function_20231129/,60,78,73,1.2166666666666666,82.23333333333333
m.facebook.com / referral,(referral),村泉蒔美｜門戶端點 從容跨界｜台北生活最美起點,/buildings/cqh1/,77,77,78,1.0129870129870129,6.038961038961039
google / cpc,(organic),遠雄房地產精選預售屋(台北、新北、台中、桃園、台南、高雄) - 遠雄房地產,/building-category-tag/featured_pre_sale/,75,77,92,1.2266666666666666,12.253333333333334
google / organic,(organic),永然法律不動產專欄：預售屋買賣契約簽約時應注意「契約審閱期」 - 遠雄房地產,/life-proposal/expert_law_y-rlee_contract_20250613/,63,77,75,1.1904761904761905,67.53968253968254
google / organic,(organic),台經院產經資料庫總監、APIAA院士  劉佩真 彙整 - 遠雄房地產,/life-proposal-category/expert_point/pei_zhen/,70,76,81,1.1571428571428573,15
line-lap / bh10,line-lap20257-5,遠房實價登錄,/,69,76,85,1.2318840579710144,0
google_kw / eh2,(organic),遠雄一靚｜楠梓新案．高大特區首發｜早鳥預約中,/buildings/eh2/,75,75,75,1,5.28
fb / h713,99,遠雄幸福成｜即將落成 - 台中市清水區預售/新建案-預約賞屋，遠雄房地產,/buildings/h713/,69,75,76,1.1014492753623188,56.79710144927536
google / organic,(organic),水湳建案【遠雄綠美】鄰近綠美圖．中央公園預售屋,/buildings/bh9/,68,75,91,1.338235294117647,43.80882352941177
(direct) / (none),(direct),財經M平方觀點：2025 下半年台灣經濟怎麼走？台股、台幣一次解析 - 遠雄房地產,/life-proposal/expert_macromicro_2025econ_20250730/,66,75,81,1.2272727272727273,45.43939393939394
google / organic,(organic),抗酷暑 ! 室內空間降溫這樣做，植栽除了打造綠色空間也能降溫 - 遠雄房地產,/life-proposal/space_design_greencooldown_20240903/,61,75,79,1.2950819672131149,47.68852459016394
(not set),20250905五輪播,遠雄琉蘊 -台中市西屯區七期預售屋/新建案-預約賞屋，遠雄房地產,/buildings/bh5/,46,75,69,1.5,27.17391304347826
(not set),20250905五輪播,遠雄幸福成｜即將落成 - 台中市清水區預售/新建案-預約賞屋，遠雄房地產,/buildings/h713/,47,74,59,1.2553191489361701,25.638297872340427
(not set),20250905一輪播,遠雄14期首發【遠雄丰尚】北屯新案．近漢神洲際百貨,/buildings/bh11/,49,72,44,0.8979591836734694,4.775510204081633
(not set),20250905五輪播,遠雄THE ONE-高雄市前鎮區新成屋/新建案-預約賞屋,/buildings/o1/,46,72,67,1.4565217391304348,3.5
m.facebook.com / referral,(referral),找不到頁面 - 遠雄房地產,/buildings/shqmo01/,71,71,71,1,5.957746478873239
fb / bh5,42,遠雄琉蘊 -台中市西屯區七期預售屋/新建案-預約賞屋，遠雄房地產,/buildings/bh5/,70,71,78,1.1142857142857143,43.48571428571429
google / organic,(organic),專家觀點地政篇：生前贈與還是繳遺產稅，哪個比較划算？結果可能超乎你的想像 - 遠雄房地產,/life-proposal/expert_zhu_gift-and-estate-tax_20250509/,63,71,71,1.126984126984127,84.28571428571429
(not set),20250905五輪播,遠雄沐蘊-高雄市三民區預售屋/新建案-預約賞屋,/buildings/eh5/,52,71,71,1.3653846153846154,14.673076923076923
google / organic,(organic),劉佩真觀點：辦公室租賃將告別房東市場，然企業升級需求為重點 - 遠雄房地產,/life-proposal/expert_peizhen_office-rental_20250805/,45,71,60,1.3333333333333333,109.04444444444445
fb / h713,100,遠房實價登錄,/,69,70,74,1.0724637681159421,0
sms / aep-cdp,aep-306,熱銷建案一覽：遠雄全台預售屋、新建案、新成屋資訊,/case/search/,53,69,119,2.2452830188679247,28.30188679245283
(direct) / (none),(direct),遠雄沐蘊-高雄市三民區預售屋/新建案-預約賞屋,/buildings/eh5/,68,68,80,1.1764705882352942,27.691176470588236
(data not available),(cross-network),遠雄高雄新案｜楠梓新案．高大特區首發｜早鳥預約中,/buildings/eh2/,67,68,114,1.7014925373134329,22.686567164179106
fb / bh8,fb16-1,遠房實價登錄,/,66,68,73,1.106060606060606,0.045454545454545456
google / organic,(organic),建案熱區巡禮：北士科爆840億商辦案量，搶攻輝達、金仁寶供應鏈需求 - 遠雄房地產,/life-proposal/5vo1-1/,64,68,74,1.15625,85.765625
google / organic,(organic),建案熱區巡禮：台南中西區運河星鑽特區，重塑台南的歷史與現代風貌 - 遠雄房地產,/life-proposal/area-s-tainan_west-central_diamond_20250425/,41,68,68,1.6585365853658536,90.97560975609755
(not set),20250905五輪播,北士科建案【遠雄泱玥】水岸首排．57-75坪,/buildings/ah2/,36,68,60,1.6666666666666667,26.77777777777778
fb / bh5,42,遠房實價登錄,/,66,67,76,1.1515151515151516,0.6060606060606061
google / organic,(organic),社區營運兩三事：公設點交不求人 - 遠雄房地產,/life-proposal/land_public_utilities/,59,67,64,1.0847457627118644,65.28813559322033
fb / bh7,2,遠房實價登錄,/,65,66,67,1.0307692307692307,0
(not set),20250909一輪播,台南永康新建案【遠雄山禾】-鹽行特區．3-4房,/buildings/dh2/,65,66,19,0.2923076923076923,65.53846153846153
google / organic,(organic),熱銷建案一覽：遠雄全台預售屋、新建案、新成屋資訊,/case/search/page/4/,65,66,84,1.2923076923076924,17.107692307692307
google / organic,(organic),專家觀點地政篇：空屋稅的真相？房子閒置前你該考慮的事 - 遠雄房地產,/life-proposal/expert_zhu_eht_20250625/,65,66,70,1.0769230769230769,99.33846153846154
fb / bh10,fbearlybird_form,北屯敦富路【遠雄敦富】- 北屯機捷預售屋．近好市多,/buildings/bh10/,63,66,85,1.3492063492063493,28.666666666666668
google / organic,(organic),[影音] 專家觀點地政篇：限貸令下交屋解約問題 - 遠雄房地產,/life-proposal/expert_zhu_property_terminate_vedio_20250313/,52,66,65,1.25,32.38461538461539
line-fgr / bh7,linefgrbh7,遠房實價登錄,/,61,64,82,1.3442622950819672,0.29508196721311475
fb / bh11,9-3,遠雄14期首發【遠雄丰尚】北屯新案．近漢神洲際百貨,/buildings/bh11/,61,64,70,1.1475409836065573,26.737704918032787
google / organic,(organic),公設比多少合理？秒懂公設定義與公設比計算–「首購族看房買屋攻略」 - 遠雄房地產,/life-proposal/ratio_of_public_area/,60,64,65,1.0833333333333333,83.36666666666666
google / organic,(organic),遠雄【好室智造所】全台巡迴從台中港熱鬧啟航，永續藍圖逐步落實 - 遠雄房地產,/activity-report/hauslab_2025/,58,64,72,1.2413793103448276,30.810344827586206
(direct) / (none),(direct),村泉蒔美｜門戶端點 從容跨界｜台北生活最美起點,/buildings/cqh1/,58,64,75,1.293103448275862,37.241379310344826
google / organic,(organic),北士科建案【遠雄泱玥】-水岸首排．57-75坪,/buildings/ah2/,54,64,72,1.3333333333333333,44.870370370370374
(not set),20250905五輪播,熱銷建案一覽：遠雄全台預售屋、新建案、新成屋資訊,/case/search/page/2/,21,64,78,3.7142857142857144,18.523809523809526
fb / eh1,2-5,高雄建案推薦【遠雄峰蘊】- 近科工館．高雄預售屋,/buildings/eh1/,63,63,66,1.0476190476190477,10.222222222222221
(direct) / (none),(direct),遠雄信義CENTER-新北市板橋區廠辦.商辦/預售新建案-預約賞屋,/buildings/fm3/,60,63,75,1.25,36.266666666666666
socialmedia / fgr,ig,遠雄房地產：最懂生活的購屋專家,/,58,63,65,1.1206896551724137,6.551724137931035
google / organic,(organic),就愛飯店式管理，飯店式住宅成趨勢 - 遠雄房地產,/life-proposal/hotel_property20220624/,55,63,67,1.2181818181818183,48.96363636363636
google / organic,(organic),劉學龍觀點：全球局勢到本地市場，2025下半年商用不動產市場的風與浪 - 遠雄房地產,/life-proposal/expert_liu_commercial_2025h2_20250725/,50,63,65,1.3,61.8
(not set),20250905五輪播,水湳建案【遠雄綠美】鄰近綠美圖．中央公園預售屋,/buildings/bh9/,43,63,73,1.697674418604651,61.46511627906977
google_kw / cqh1,brand,村泉蒔美｜門戶端點 從容跨界｜台北生活最美起點,/buildings/cqh1/,36,63,71,1.9722222222222223,16.194444444444443
google / organic,(organic),專家觀點：解析房市動向與購屋建議 -遠雄房地產,/life_proposal/experts_point/,26,63,87,3.3461538461538463,78.42307692307692
google / organic,(organic),專家觀點地政篇：防範代書詐騙，如何查詢地政士的合法性？ - 遠雄房地產,/life-proposal/expert_zhu_expert_zhu_land-agent_20250917/,55,62,57,1.0363636363636364,56.654545454545456
google / organic,(organic),[影音] 劉佩真觀點：下半年房市走勢利多與利空一次看！ - 遠雄房地產,/life-proposal/expert_peizhen_bullbear-2025h2__20250829/,50,62,65,1.3,55.12
fb / eh5,fb24,遠雄沐蘊-高雄市三民區預售屋/新建案-預約賞屋,/buildings/eh5/,60,61,65,1.0833333333333333,25.433333333333334
tw.search.yahoo.com / referral,(referral),遠房實價登錄,/,56,61,79,1.4107142857142858,0.23214285714285715
line-lap / H713,2022509,遠雄幸福成｜即將落成 - 台中市清水區預售/新建案-預約賞屋，遠雄房地產,/buildings/h713/,21,61,64,3.0476190476190474,0.6666666666666666
google / cpc,北大店-買房字,遠創力行銷-北大店 | 買賣仲介 ‧ 物件評估 ‧ 全方位資產規劃,/buildings/8fsl01/,58,60,64,1.103448275862069,22.724137931034484
fb / cqh1,fb-10,村泉蒔美｜門戶端點 從容跨界｜台北生活最美起點,/buildings/cqh1/,56,60,66,1.1785714285714286,39.875
google / organic,(organic),室內採光不足怎麼辦？採光妙招報你知 - 遠雄房地產,/life-proposal/natural_lighting20220708/,56,60,61,1.0892857142857142,31.089285714285715
google / organic,(organic),專家觀點地政篇：人在國外想買房，簽約、貸款與登記要注意什麼？(下) - 遠雄房地產,/life-proposal/expert_zhu_buyhouse_abroad2_20240320/,51,60,57,1.1176470588235294,56.35294117647059
web-udn / bh10,webudn0919,北屯敦富路【遠雄敦富】- 北屯機捷預售屋．近好市多,/buildings/bh10/,49,60,65,1.3265306122448979,93.9795918367347
fb / bh11,8-3,遠雄14期首發【遠雄丰尚】北屯新案．近漢神洲際百貨,/buildings/bh11/,57,59,62,1.087719298245614,21.105263157894736
(not set),20250909一輪播,遠房實價登錄,/,56,59,44,0.7857142857142857,0
google / organic,(organic),專家觀點地政篇：到底停車位、露臺、屋頂屬於誰的？ - 遠雄房地產,/life-proposal/expert_zhu_public-area_20230718/,55,58,58,1.0545454545454545,100.78181818181818
fb / bh7,1,遠房實價登錄,/,57,57,67,1.1754385964912282,0
fb / ah2,fb-29,遠房實價登錄,/,56,57,57,1.0178571428571428,0
google_kw / 5vo1,202509_1,聯上智科｜北士科AI總部 輝達核心軸線 -台北市北投區商辦/預售新建案-預約賞屋，遠創力行銷,/buildings/5vo1/,56,57,59,1.0535714285714286,5.196428571428571
(direct) / (none),(direct),熱銷建案：預售屋、新建案、新成屋 -遠雄房地產,/case/,56,57,65,1.1607142857142858,6.767857142857143
google / organic,(organic),熱銷建案一覽：遠雄全台預售屋、新建案、新成屋資訊,/case/search/page/5/,56,57,71,1.2678571428571428,16.267857142857142
fb / cqh1,fb-22,村泉蒔美｜門戶端點 從容跨界｜台北生活最美起點,/buildings/cqh1/,55,57,60,1.0909090909090908,27.01818181818182
(direct) / (none),(direct),何世昌觀點：2025年北台灣房市潛力區域專題報導-10大優質投資區域分析 - 遠雄房地產,/life-proposal/expert_hoshichang_northern-potential/,53,57,63,1.1886792452830188,34.132075471698116
gdn / dgm1,gdn5-7,大河商爵-台北市士林區廠辦/預售新建案-預約賞屋，遠創力行銷,/buildings/dgm1/,52,57,64,1.2307692307692308,5.096153846153846
google_kw / BH8,20240816_透天/豪宅/別墅,台中西屯建案【遠雄洄山行】．2-4房方正格局,/buildings/BH8/,49,57,63,1.2857142857142858,21.93877551020408
google / cpc,extension,遠房實價登錄,/,56,56,60,1.0714285714285714,0
m.facebook.com / referral,(referral),遠雄一靚｜楠梓新案．高大特區首發｜早鳥預約中,/buildings/eh2/,56,56,56,1,4.642857142857143
fb / bh11,9-1,遠房實價登錄,/,55,56,61,1.1090909090909091,0
gdn / bh7,gdn-1-taichung,【遠雄樂元】北屯機捷X好市多，雙首排大道最核心，夠近才最好,/buildings/bh7/,55,56,57,1.0363636363636364,4.527272727272727
google / organic,(organic),民法成年年齡下修至18歲，不動產稅賦有何影響？ - 遠雄房地產,/life-proposal/civil-law_20221125/,49,56,61,1.2448979591836735,40.48979591836735
google / organic,(organic),[影音] 劉佩真觀點：從總體經營環境來看2025下半年住宅與商用市場最新動態 - 遠雄房地產,/life-proposal/expert_peizhen_oee_2025h2/,48,56,55,1.1458333333333333,28.25
fb / eh1,7-1,高雄建案推薦【遠雄峰蘊】- 近科工館．高雄預售屋,/buildings/eh1/,54,55,60,1.1111111111111112,22.574074074074073
fb / eh5,fb12-3,遠雄沐蘊-高雄市三民區預售屋/新建案-預約賞屋,/buildings/eh5/,54,55,58,1.0740740740740742,26.61111111111111
googlemap / o1,googlemap,遠雄房地產：最懂生活的購屋專家,/,50,55,60,1.2,9.24
google / organic,(organic),[影音] 台灣房價為何跌不下來？看懂房市「抗跌力」 - 遠雄房地產,/life-proposal/expert_hoshichang_video_property_price_20250801/,48,55,53,1.1041666666666667,22.0625
google / organic,(organic),建案熱區巡禮：蛻變中的台南中西區運河星鑽特區 - 交通篇 - 遠雄房地產,/life-proposal/area-tainan_west-central_redevelop_diamond_traffic_20250523/,31,55,56,1.8064516129032258,89.54838709677419
fb / eh1,2-5,遠房實價登錄,/,54,54,57,1.0555555555555556,0.7037037037037037
(direct) / (none),(direct),遠雄房地產精選預售屋(台北、新北、台中、桃園、台南、高雄) - 遠雄房地產,/building-category-tag/featured_pre_sale/,54,54,66,1.2222222222222223,12.62962962962963
(not set),(not set),北屯敦富路【遠雄敦富】- 北屯機捷預售屋．近好市多,/buildings/bh10/,49,54,44,0.8979591836734694,18.693877551020407
google / cpc,20250616_房地產投資,齊興_緻-台北市北投區/北士科住宅預售屋,/buildings/ar1/,51,53,57,1.1176470588235294,9.019607843137255
(not set),(not set),台南永康新建案【遠雄山禾】-鹽行特區．3-4房,/buildings/dh2/,51,53,28,0.5490196078431373,23.11764705882353
google / organic,(organic),買房大小事：法人住宅購屋貸款注意事項 - 遠雄房地產,/life-proposal/land_corporation/,50,53,54,1.08,42.54
google / organic,(organic),高雄楠梓區高大特區寵物友善景點散步趣：與毛孩共享綠意生活 - 遠雄房地產,/life-proposal/area-kaohsiung-nanzi_nuk_pet-walk_20250606/,49,53,52,1.0612244897959184,33.795918367346935
google / organic,(organic),建案熱區巡禮：台中北屯機廠重劃區-學區篇 - 遠雄房地產,/life-proposal/area_txg_beitun_depot_school_20240522/,46,53,56,1.2173913043478262,43.47826086956522
(not set),20250905五輪播,高雄建案推薦【遠雄峰蘊】- 近科工館．高雄預售屋,/buildings/eh1/,40,53,43,1.075,11.875
google_kw / BH8,20240816_台中高價建案,台中西屯建案【遠雄洄山行】．2-4房方正格局,/buildings/BH8/,52,52,54,1.0384615384615385,16.057692307692307
google / cpc,brand,熱銷建案一覽：遠雄全台預售屋、新建案、新成屋資訊,/case/search/,52,52,127,2.4423076923076925,39.5
fb / eh2,9-1,遠雄一靚｜楠梓新案．高大特區首發｜早鳥預約中,/buildings/eh2/,51,52,52,1.0196078431372548,34.94117647058823
fb / h713,102,遠雄幸福成｜即將落成 - 台中市清水區預售/新建案-預約賞屋，遠雄房地產,/buildings/h713/,51,52,55,1.0784313725490196,31.88235294117647
google / organic,(organic),專家觀點地政篇：私法人取得不動產的限制 - 遠雄房地產,/life-proposal/expert_zhu_private-corporation_20231114/,51,52,53,1.0392156862745099,53.705882352941174
fb / bh11,8-1,遠雄14期首發【遠雄丰尚】北屯新案．近漢神洲際百貨,/buildings/bh11/,49,52,58,1.183673469387755,41.55102040816327
google / organic,(organic),建案熱區巡禮：台中西屯區七期重劃區生活圈 - 遠雄房地產,/life-proposal/area-txg-7th_function_20231107/,46,52,57,1.2391304347826086,48.69565217391305
google / organic,(organic),建案熱區巡禮：北士科的園區規畫與在地生活圈！科技廊道最後一塊拼圖將完整 - 遠雄房地產,/life-proposal/area-s-taipei-shilinbstp20220520/,43,52,49,1.1395348837209303,46.95348837209303
google / organic,(organic),財經M平方觀點：關稅搶出口潮退去後，2025下半年製造業還有支撐嗎？ - 遠雄房地產,/life-proposal/expert_macromicro_mfg-h2_20250820/,43,52,48,1.1162790697674418,64.79069767441861
(direct) / (none),(direct),遠雄泱玥 | 水岸正首席．北士科首獻｜57-75坪-郭仲祥-遠雄房地產 Farglory-Realty,/main/review/64/G1291,37,52,68,1.837837837837838,11.837837837837839
google_kw / bh5,(not set),遠雄琉蘊 -台中市西屯區七期預售屋/新建案-預約賞屋，遠雄房地產,/buildings/bh5/,31,52,68,2.193548387096774,12.096774193548388
google / cpc,Taichung,北屯敦富路【遠雄敦富】- 北屯機捷預售屋．近好市多,/buildings/bh10/,51,51,53,1.0392156862745099,15.627450980392156
(direct) / (none),(direct),安南重劃首選【遠雄藏萃】全新落成，珍稀戶別釋出！,/buildings/dh5/,49,51,64,1.3061224489795917,58.59183673469388
google / organic,(organic),劉佩真觀點：銀髮住宅可望成為台灣房地產市場的新藍海 - 遠雄房地產,/life-proposal/expert_peizhen_commercial_elderly-residence_20250509/,41,51,51,1.2439024390243902,77.97560975609755
(direct) / (none),(direct),遠雄泱玥 | 水岸正首席．北士科首獻｜57-75坪-蔡定誠-遠雄房地產 Farglory-Realty,/main/review/64/b4720,40,51,60,1.5,9.5
fb / bh11,8-3,遠房實價登錄,/,50,50,59,1.18,0
fb / 8fsl01,leads,遠創力行銷-北大店 | 買賣仲介 ‧ 物件評估 ‧ 全方位資產規劃,/buildings/8fsl01/,50,50,51,1.02,19.6
(direct) / (none),(direct),遠雄高雄新案｜楠梓新案．高大特區首發｜早鳥預約中,/buildings/eh2/,50,50,43,0.86,11.52
fb / eh1,7-1,遠房實價登錄,/,49,50,55,1.1224489795918366,1.9795918367346939
fb / ar1,fb4-2,齊興_緻-台北市北投區/北士科住宅預售屋,/buildings/ar1/,46,50,53,1.1521739130434783,16.456521739130434
(not set),20250919一輪播,台中西屯建案【遠雄洄山行】．2-4房方正格局,/buildings/bh8/,40,50,15,0.375,31.75
line-lap / h707,3,遠雄星呈-台中市清水區預售屋/新建案-預約賞屋，遠雄房地產,/buildings/h707/,28,50,52,1.8571428571428572,4.035714285714286
(not set),20250808一輪播,遠雄房地產：最懂生活的購屋專家,/,19,50,65,3.4210526315789473,26.31578947368421
fb / paid,120222246228310066,村泉蒔美｜門戶端點 從容跨界｜台北生活最美起點,/buildings/cqh1/,48,49,51,1.0625,61.791666666666664
google / organic,(organic),建案熱區巡禮：新北板橋府中與南雅地區 - 遠雄房地產,/life-proposal/area-s-tph_banqiao_nanya_20240820/,46,49,53,1.1521739130434783,52.32608695652174
google / organic,(organic),大河商爵-台北市士林區廠辦/預售新建案-預約賞屋，遠創力行銷,/buildings/dgm1/,44,49,53,1.2045454545454546,21.886363636363637
gdn / bh7,pmax-1-anothercity,遠房實價登錄,/,43,49,58,1.3488372093023255,0
google / organic,(organic),社區營運兩三事：各項管理辦法看過來 - 遠雄房地產,/life-proposal/land_rules/,43,49,58,1.3488372093023255,34.604651162790695
google / organic,(organic),遠雄琢蘊,/H902/main,39,49,48,1.2307692307692308,37.23076923076923
bing / organic,(organic),遠雄14期首發【遠雄丰尚】北屯新案．近漢神洲際百貨,/buildings/bh11/,13,49,37,2.8461538461538463,140.6153846153846
fb / h713,106,遠雄幸福成｜即將落成 - 台中市清水區預售/新建案-預約賞屋，遠雄房地產,/buildings/h713/,47,48,48,1.0212765957446808,13.212765957446809
google / organic,(organic),建案熱區巡禮：桃園小檜溪(青溪特區)舊商圈+眾多綠地的宜人生活 - 遠雄房地產,/life-proposal/area-s-taoyuan-green20220520/,46,48,52,1.1304347826086956,66.6086956521739
bing / organic,(organic),遠房實價登錄,/,39,48,51,1.3076923076923077,2.0256410256410255
fb / h713,99,遠房實價登錄,/,46,47,50,1.0869565217391304,0
google / cpc,com,遠雄沐蘊-高雄市三民區預售屋/新建案-預約賞屋,/buildings/eh5/,46,47,53,1.1521739130434783,37.95652173913044
(direct) / (none),(direct),隱私權聲明 - 遠雄房地產,/privacy/,44,47,60,1.3636363636363635,50.04545454545455
google / organic,(organic),建案熱區巡禮：高雄楠梓區 - 從工業重鎮到經濟新引擎的崛起 - 遠雄房地產,/life-proposal/area-l-kaohsiung-nanzi_20250121/,39,47,45,1.1538461538461537,69.94871794871794
(not set),20250905五輪播,買房大小事：戶籍遷入如何辦理？ - 遠雄房地產,/life-proposal/land_household_registration/,35,47,13,0.37142857142857144,3.5714285714285716
(not set),20250905五輪播,村泉蒔美｜門戶端點 從容跨界｜台北生活最美起點,/buildings/cqh1/,26,47,23,0.8846153846153846,10.615384615384615
(direct) / (none),(direct),遠雄丰尚-陳蘊文-遠雄房地產 Farglory-Realty,/bh11/G1189,24,47,55,2.2916666666666665,8.833333333333334
google / cpc,20250905五輪播,遠雄一靚｜楠梓新案．高大特區首發｜早鳥預約中,/buildings/eh2/,45,46,110,2.4444444444444446,36
fb / ar1,leads,齊興_緻-台北市北投區/北士科住宅預售屋,/buildings/ar1/,45,46,54,1.2,19.044444444444444
fb / bh11,9-4,遠雄14期首發【遠雄丰尚】北屯新案．近漢神洲際百貨,/buildings/bh11/,46,46,51,1.108695652173913,26.23913043478261
google_kw / dh2,(not set),台南永康新建案【遠雄山禾】-鹽行特區．3-4房,/buildings/dh2/,44,46,48,1.0909090909090908,16.636363636363637
google / cpc,competitor,大河商爵-台北市士林區廠辦/預售新建案-預約賞屋，遠創力行銷,/buildings/dgm1/,43,46,48,1.1162790697674418,8.093023255813954
(not set),20250919一輪播,大河商爵-台北市士林區廠辦/預售新建案-預約賞屋，遠創力行銷,/buildings/dgm1/,25,46,37,1.48,0.32
google / organic,(organic),修繕小知識：木地板刮傷怎麼辦？【居家百科】 - 遠雄房地產,/life-proposal/woodfix/,43,45,49,1.1395348837209303,26.651162790697676
(direct) / (none),(direct),聯上智科｜北士科AI總部 輝達核心軸線 -台北市北投區商辦/預售新建案-預約賞屋，遠創力行銷,/buildings/5vo1/,41,45,55,1.3414634146341464,15.048780487804878
google / organic,(organic),停車位眉角多：車位怎麼選？一個車位可以停兩部車嗎？ - 遠雄房地產,/life-proposal/parking_space20220615/,40,45,48,1.2,60.75
fb / eh2,9-3,遠雄一靚｜楠梓新案．高大特區首發｜早鳥預約中,/buildings/eh2/,39,45,49,1.2564102564102564,55.84615384615385
line-lap / cqh1,lap-1,村泉蒔美｜門戶端點 從容跨界｜台北生活最美起點,/buildings/cqh1/,31,45,58,1.8709677419354838,12.290322580645162
google_kw / ah2,(organic),北士科建案【遠雄泱玥】-水岸首排．57-75坪,/buildings/ah2/,44,44,44,1,0.3181818181818182
google / cpc,information4,遠雄一靚｜楠梓新案．高大特區首發｜早鳥預約中,/buildings/eh2/,44,44,53,1.2045454545454546,18.886363636363637
(not set),20250905五輪播,換屋族看過來，房地合一稅與土增稅要點筆記！ - 遠雄房地產,/life-proposal/house_and_land/,30,44,9,0.3,24
fb / ah2,fb-29,北士科建案【遠雄泱玥】-水岸首排．57-75坪,/buildings/ah2/,43,43,44,1.0232558139534884,20.209302325581394
fb / O1,120227538157820464,遠雄房地產：最懂生活的購屋專家,/,41,43,51,1.2439024390243902,16.097560975609756
fb / paid,120224909124380347,遠雄幸福成｜即將落成 - 台中市清水區預售/新建案-預約賞屋，遠雄房地產,/buildings/h713/,41,43,52,1.2682926829268293,14.658536585365853
google / organic,(organic),李同榮觀點：Al新十大建設對未來房市的具體影響 - 遠雄房地產,/life-proposal/expert_li_ai-projects_20250715/,39,43,48,1.2307692307692308,111.41025641025641
google / organic,(organic),建案熱區巡禮：高雄前鎮區產業升級新篇章 - 遠雄房地產,/life-proposal/area-l-kaohsiung-qianzhen_20220805/,30,43,40,1.3333333333333333,88.06666666666666
(not set),20250905五輪播,北士科建案【遠雄泱玥】-水岸首排．57-75坪,/buildings/ah2/,22,42,23,1.0454545454545454,19.5
gdn / bh7,pmax-1-taichung,遠房實價登錄,/,41,42,53,1.2926829268292683,0
fb / dh2,fb-34,台南永康新建案【遠雄山禾】-鹽行特區．3-4房,/buildings/dh2/,41,42,43,1.048780487804878,14.268292682926829
(direct) / (none),(direct),熱銷建案一覽：遠雄全台預售屋、新建案、新成屋資訊,/case/search/page/2/,41,42,55,1.3414634146341464,19
fb / h707,31,遠雄星呈-台中市清水區預售屋/新建案-預約賞屋，遠雄房地產,/buildings/h707/,40,42,44,1.1,52.925
google / organic,(organic),遠雄房地產精選預售屋(台北、新北、台中、桃園、台南、高雄) - 遠雄房地產,/building-category-tag/featured_pre_sale/,39,42,50,1.2820512820512822,11.564102564102564
fb / eh2,9-2,遠雄一靚｜楠梓新案．高大特區首發｜早鳥預約中,/buildings/eh2/,39,42,51,1.3076923076923077,50.82051282051282
google / cpc,pmax-1-taichung,隱私權聲明 - 遠雄房地產,/privacy/,38,42,61,1.605263157894737,77.71052631578948
google / organic,(organic),建案熱區巡禮：台中北屯區14期重劃區 - 學區篇 - 遠雄房地產,/life-proposal/area_txg_beitun_14th_school_20240917/,37,42,44,1.1891891891891893,80.86486486486487
fb / eh5,27-2,遠雄沐蘊-高雄市三民區預售屋/新建案-預約賞屋,/buildings/eh5/,42,42,43,1.0238095238095237,18.166666666666668
google / cpc,information2,遠房實價登錄,/,41,41,56,1.3658536585365855,0
fb / ar1,fb4-2,遠房實價登錄,/,39,41,42,1.0769230769230769,0
google / organic,(organic),建案熱區巡禮：高雄楠梓區高大特區 - 學區篇 - 遠雄房地產,/life-proposal/area-kaohsiung-nanzi_nuk_school_20250225/,39,41,42,1.0769230769230769,52.333333333333336
google / cpc,(not set),北士科建案【遠雄泱玥】水岸首排．57-75坪,/buildings/ah2/,38,41,52,1.368421052631579,23.13157894736842
google / organic,(organic),買房大小事：銀行貸款對保必備文件 - 遠雄房地產,/life-proposal/land_documents/,35,41,43,1.2285714285714286,53.6
google / organic,(organic),遠雄高雄新案｜楠梓新案．高大特區首發｜早鳥預約中,/buildings/eh2/,33,41,46,1.393939393939394,43.666666666666664
(not set),(not set),聯上智科｜北士科AI總部 輝達核心軸線 -台北市北投區商辦/預售新建案-預約賞屋，遠創力行銷,/buildings/5vo1/,31,41,23,0.7419354838709677,19.516129032258064
(not set),(not set),遠雄星呈-台中市清水區預售屋/新建案-預約賞屋，遠雄房地產,/buildings/h707/,25,41,13,0.52,31.84
fb / dh2,fb-33,台南永康新建案【遠雄山禾】-鹽行特區．3-4房,/buildings/dh2/,38,40,41,1.0789473684210527,17.394736842105264
google / cpc,(organic),高雄建案推薦【遠雄峰蘊】- 近科工館．高雄預售屋,/buildings/eh1/,40,40,56,1.4,40
fb / dh2,fb-39,台南永康新建案【遠雄山禾】-鹽行特區．3-4房,/buildings/dh2/,38,40,43,1.131578947368421,28.57894736842105
google / cpc,(referral),遠房實價登錄,/,36,40,46,1.2777777777777777,0.9722222222222222
(not set),20250905五輪播,附屬建物篇 : 陽台與雨遮建築法規規定為何？ - 遠雄房地產,/life-proposal/regulations_20230317/,29,40,10,0.3448275862068966,9.689655172413794
fb / bh10,fbearlybird_form,遠房實價登錄,/,39,39,45,1.1538461538461537,0
fb / ah2,fb-29,北士科建案【遠雄泱玥】水岸首排．57-75坪,/buildings/ah2/,36,39,37,1.0277777777777777,25.305555555555557
google / organic,(organic),[影音] 專家觀點地政篇：購屋族如何解套？！限貸令成數如何突破 - 遠雄房地產,/life-proposal/expert_zhu_property_loan-ratio_vedio_20250131/,36,39,40,1.1111111111111112,52.97222222222222
google / cpc,(not set),遠雄琉蘊 -台中市西屯區七期預售屋/新建案-預約賞屋，遠雄房地產,/buildings/bh5/,30,39,40,1.3333333333333333,14.833333333333334
(not set),20250905五輪播,安南重劃首選【遠雄藏萃】全新落成，珍稀戶別釋出！,/buildings/dh5/,30,39,32,1.0666666666666667,85.03333333333333
google_kw / BH8,20240816_台中 建案,台中西屯建案【遠雄洄山行】．2-4房方正格局,/buildings/BH8/,38,38,39,1.0263157894736843,14.947368421052632
google / cpc,brand0829,遠房實價登錄,/,37,38,50,1.3513513513513513,0
google / cpc,brand,遠雄房地產：最懂生活的購屋專家,/,34,38,45,1.3235294117647058,11.235294117647058
google / organic,(organic),遠雄仰森,/HH3/main,34,38,46,1.3529411764705883,28
google / organic,(organic),永然法律不動產專欄：預售屋買賣契約中的交屋保留款與建材設備約定 - 遠雄房地產,/life-proposal/expert_law_y-rlee_retention-money_20250704/,34,38,40,1.1764705882352942,85.44117647058823
fgr-line / fgr,expert_zhu_land-deal_20250813,專家觀點地政篇：邱澤不動產傳聞揭秘，實價登錄與容積移轉的真相 - 遠雄房地產,/life-proposal/expert_zhu_land-deal_20250813/,34,38,48,1.411764705882353,61.911764705882355
fgr-line / eh2,listbutton,遠雄一靚｜楠梓新案．高大特區首發｜早鳥預約中,/buildings/eh2/,32,38,48,1.5,49.65625
google / organic,(organic),關於我們-遠雄房地產,/about/,31,38,46,1.4838709677419355,8.64516129032258
(not set),20250919一輪播,北士科建案【遠雄泱玥】水岸首排．57-75坪,/buildings/ah2/,27,38,28,1.037037037037037,15.814814814814815
fb / h713,102,遠房實價登錄,/,37,37,37,1,0
google_kw / dh2,(not set),遠房實價登錄,/,37,37,40,1.0810810810810811,0.3783783783783784
google_kw / BH8,20240816_台中高價建案,遠房實價登錄,/,37,37,43,1.162162162162162,0
google / cpc,Taichung,遠房實價登錄,/,37,37,40,1.0810810810810811,0
fb / dh2,fb-34,遠房實價登錄,/,37,37,39,1.054054054054054,0.8378378378378378
(direct) / (none),(direct),樓高的隱藏秘密：樓層高度怎麼看？ - 遠雄房地產,/life-proposal/floor_height/,36,37,41,1.1388888888888888,47.97222222222222
fb / dh2,fb-39,遠房實價登錄,/,35,37,40,1.1428571428571428,5.085714285714285
(not set),20250808一輪播,台南永康新建案【遠雄山禾】-鹽行特區．3-4房,/buildings/dh2/,34,37,37,1.088235294117647,18.205882352941178
google / organic,(organic),遠創力行銷-未來店 | 全房產 專業仲介服務,/buildings/8hgs01/,32,37,43,1.34375,31.5625
EDM / referral,滿意度問券,遠雄房地產：最懂生活的購屋專家,/,30,37,37,1.2333333333333334,14.233333333333333
google / organic,(organic),建案熱區巡禮：台南永康產業交通齊發光，宜居現在進行式！ - 遠雄房地產,/life-proposal/yongkang/,26,37,35,1.3461538461538463,98.6923076923077
fb / h713,106,遠房實價登錄,/,36,36,38,1.0555555555555556,0
fb / dh2,fb-33,遠房實價登錄,/,36,36,38,1.0555555555555556,0.1388888888888889
google / cpc,gdn20252-5,遠房實價登錄,/,35,36,36,1.0285714285714285,0
google / cpc,information4,遠雄14期首發【遠雄丰尚】北屯新案．近漢神洲際百貨,/buildings/bh11/,35,36,53,1.5142857142857142,62.8
google / organic,(organic),新手買房注意事項：建商評價排名查詢、售後服務與房屋結構體/防水保固教學,/life-proposal/13856/,35,36,49,1.4,35.114285714285714
mkto-sn070013.com / referral,(referral),[影音] 劉佩真觀點：下半年房市走勢利多與利空一次看！ - 遠雄房地產,/life-proposal/expert_peizhen_bullbear-2025h2__20250829/,33,36,38,1.1515151515151516,31
google / organic,(organic),建案熱區巡禮：高雄農十六（凹子底地區）指標豪宅生活區 - 遠雄房地產,/life-proposal/area-s-kaohsiung-farm1620200520/,35,35,39,1.1142857142857143,53.17142857142857
google / cpc,(organic),遠雄沐蘊-高雄市三民區預售屋/新建案-預約賞屋,/buildings/eh5/,34,35,43,1.2647058823529411,64.47058823529412
google / organic,(organic),專家觀點地政篇：親屬間不動產交易的稅務優化策略與案例解析 - 遠雄房地產,/life-proposal/expert_zhu_second-degree_20250321/,32,35,36,1.125,85.0625
(direct) / (none),(direct),買房大小事：戶籍遷入如何辦理？ - 遠雄房地產,/life-proposal/land_household_registration/,29,35,39,1.3448275862068966,68.20689655172414
(not set),20250905五輪播,公共設施篇: 梯廳與樓梯間建築法規有何特殊規定? - 遠雄房地產,/life-proposal/regulations2_20230320/,28,35,0,0,0.35714285714285715
(not set),20250919一輪播,遠雄房地產：最懂生活的購屋專家,/,15,35,34,2.2666666666666666,6
google / organic,(organic),遠雄房地產預約賞屋(線上賞屋與預約賞屋),/make_appointment/,27,34,32,1.1851851851851851,16.59259259259259
(not set),(not set),熱銷建案一覽：遠雄全台預售屋、新建案、新成屋資訊,/case/search/,33,34,19,0.5757575757575758,2.9393939393939394
pmp / (not set),6,遠雄房地產精選預售屋(台北、新北、台中、桃園、台南、高雄) - 遠雄房地產,/building-category-tag/featured_pre_sale/,32,34,37,1.15625,23.875
google / organic,(organic),建案熱區巡禮：前進台南商業副都心-安南區一探究竟 - 遠雄房地產,/life-proposal/area-l-tainan-annan20200520/,31,34,36,1.1612903225806452,77.70967741935483
(direct) / (none),(direct),房屋格局圖/平面圖怎麼看？建案平面圖符號教學，讓你秒懂房屋格局避地雷,/life-proposal/house-layout/,29,34,35,1.206896551724138,0.9310344827586207
google / organic,(organic),活動一覽：建案活動與會員好禮 -遠雄房地產,/activity_report/activities_glance/,27,34,49,1.8148148148148149,40.51851851851852
(data not available),(cross-network),遠雄THE ONE-高雄市前鎮區新成屋/新建案-預約賞屋,/buildings/o1/,34,34,87,2.5588235294117645,70.3529411764706
google / organic,(organic),生活提案： 專家房市觀點、空間美學指南 -遠雄房地產,/life_proposal/,23,34,42,1.826086956521739,10.217391304347826
(not set),20250919一輪播,高雄建案推薦【遠雄峰蘊】- 近科工館．高雄預售屋,/buildings/eh1/,22,34,29,1.3181818181818181,33.36363636363637
(not set),20250905五輪播,遠雄龜山廠辦新案 | 預約賞屋，遠雄房地產,/buildings/hm2/,16,34,21,1.3125,36.8125
google / cpc,(organic),熱銷建案一覽：遠雄全台預售屋、新建案、新成屋資訊,/case/search/page/2/,33,33,38,1.1515151515151516,13.242424242424242
google / cpc,(organic),遠雄14期首發【遠雄丰尚】北屯新案．近漢神洲際百貨,/buildings/bh11/,32,33,39,1.21875,27.3125
fb / ah2,fb-27,北士科建案【遠雄泱玥】-水岸首排．57-75坪,/buildings/ah2/,31,33,33,1.064516129032258,31.70967741935484
(direct) / (none),(direct),服務條款-遠雄房地產,/terms-of-service/,31,33,38,1.2258064516129032,8.516129032258064
google / organic,(organic),世界造鎮推手‧遠雄譜寫台灣經濟奇蹟-遠雄房地產,/farglory-realty-about/push-hand/,29,33,36,1.2413793103448276,139.86206896551724
google / organic,(organic),加入遠雄 築夢齊飛！-遠雄房地產,/contact_service/join_farglory/,28,33,33,1.1785714285714286,15.892857142857142
fb / 8fsl01,fb8-2,遠創力行銷-北大店 | 買賣仲介 ‧ 物件評估 ‧ 全方位資產規劃,/buildings/8fsl01/,32,32,33,1.03125,15.75
google / cpc,othercities_taichung,遠房實價登錄,/,32,32,39,1.21875,0
fb / bh11,9-2,遠雄14期首發【遠雄丰尚】北屯新案．近漢神洲際百貨,/buildings/bh11/,32,32,33,1.03125,29.90625
google / organic,(organic),買房學問多，看懂建築材料才安心－建築結構與防水篇 - 遠雄房地產,/life-proposal/building_materials/,32,32,35,1.09375,52.0625
web-udn / bh10,webudn0919,遠房實價登錄,/,31,32,38,1.2258064516129032,0
fb / eh2,9-4,遠雄一靚｜楠梓新案．高大特區首發｜早鳥預約中,/buildings/eh2/,31,32,34,1.096774193548387,24.806451612903224
google / organic,(organic),遠雄藝舍-台中西屯區麥當勞旁金店面-預約賞屋，遠雄房地產,/buildings/bh6/,29,32,34,1.1724137931034482,33.172413793103445
google / organic,(organic),全齡住宅趨勢，0~100歲都適用 - 遠雄房地產,/life-proposal/allagehouse/,29,32,35,1.206896551724138,38.172413793103445
google / cpc,pmax-1-taichung,熱銷建案一覽：遠雄全台預售屋、新建案、新成屋資訊,/case/search/,27,32,35,1.2962962962962963,30
google / organic,(organic),建案熱區巡禮：台南永康區 - 綠地篇 - 遠雄房地產,/life-proposal/area-hotspot-tnn-yongkang_park_20231207/,26,32,32,1.2307692307692308,37.53846153846154
google / organic,(organic),新成屋、預售屋簽約注意事項–「首購族看房買屋攻略」 - 遠雄房地產,/life-proposal/contract/,19,32,35,1.8421052631578947,64.84210526315789
(data not available),(cross-network),北屯敦富路【遠雄敦富】- 北屯機捷預售屋．近好市多,/buildings/bh10/,31,31,67,2.161290322580645,56.74193548387097
fb / paid,120229456515280138,【遠雄樂元】北屯機捷X好市多，雙首排大道最核心，夠近才最好,/buildings/bh7/,31,31,39,1.2580645161290323,34.58064516129032
google / cpc,information2,遠雄一靚｜楠梓新案．高大特區首發｜早鳥預約中,/buildings/eh2/,31,31,37,1.1935483870967742,22.774193548387096
(direct) / (none),(direct),遠雄龜山廠辦新案 | 預約賞屋，遠雄房地產,/buildings/hm2/,31,31,36,1.1612903225806452,53.29032258064516
google / cpc,(organic),遠雄房地產：最懂生活的購屋專家,/,29,31,37,1.2758620689655173,19.482758620689655
google / organic,(organic),修繕小知識：家中石材泛黃、有裂痕怎麼救？【居家百科】 - 遠雄房地產,/life-proposal/stone-fix/,29,31,30,1.0344827586206897,39.89655172413793
mkto-sn070013.com / referral,(referral),不動產節稅妙招：每年都要繳的財產稅省很大 - 遠雄房地產,/life-proposal/tax_mitigation_housetax_20220902/,27,31,36,1.3333333333333333,102
fb / ah2,fb-27,遠房實價登錄,/,29,30,31,1.0689655172413792,0
google / cpc,20250905五輪播,北屯敦富路【遠雄敦富】- 北屯機捷預售屋．近好市多,/buildings/bh10/,30,30,51,1.7,46.2
google / cpc,(organic),台中西屯建案【遠雄洄山行】．2-4房方正格局,/buildings/bh8/,30,30,34,1.1333333333333333,93.46666666666667
fb / bh11,9-2,遠房實價登錄,/,30,30,30,1,0
(not set),(not set),遠雄琉蘊 -台中市西屯區七期預售屋/新建案-預約賞屋，遠雄房地產,/buildings/bh5/,29,30,15,0.5172413793103449,9.03448275862069
google / organic,(organic),防疫宅標準配備，居家隔離有「當層排氣」最重要 - 遠雄房地產,/life-proposal/covid-exhaust/,29,30,32,1.103448275862069,32.89655172413793
(not set),(not set),遠雄房地產：最懂生活的購屋專家,/,28,30,14,0.5,24.535714285714285
google / organic,(organic),[影音] 你的買賣安全嗎？房屋產權必懂的謄本識讀、權狀跟身分查驗 - 遠雄房地產,/life-proposal/expert_zhu_property_identity_vedio_20240229/,28,30,30,1.0714285714285714,89.5
(direct) / (none),(direct),生活提案： 專家房市觀點、空間美學指南 -遠雄房地產,/life_proposal/,26,30,36,1.3846153846153846,6.6923076923076925
(direct) / (none),(direct),專家觀點：解析房市動向與購屋建議 -遠雄房地產,/life_proposal/experts_point/,26,30,39,1.5,20.692307692307693
google / cpc,(not set),北士科建案【遠雄泱玥】-水岸首排．57-75坪,/buildings/ah2/,24,30,36,1.5,35.208333333333336
bing / organic,(organic),遠雄房地產：最懂生活的購屋專家,/,23,30,32,1.391304347826087,12.130434782608695
google_kw / BH8,20240816_透天/豪宅/別墅,遠房實價登錄,/,29,29,37,1.2758620689655173,0
google / cpc,brand,遠雄房地產精選預售屋(台北、新北、台中、桃園、台南、高雄) - 遠雄房地產,/building-category-tag/featured_pre_sale/,29,29,34,1.1724137931034482,9.275862068965518
ig / paid,120210744263750402,北士科建案【遠雄泱玥】水岸首排．57-75坪,/buildings/ah2/,29,29,29,1,8.89655172413793
(data not available),(cross-network),大河商爵-台北市士林區廠辦/預售新建案-預約賞屋，遠創力行銷,/buildings/dgm1/,29,29,46,1.5862068965517242,34.6551724137931
google / organic,(organic),房地產借名登記如何保障自己 - 遠雄房地產,/life-proposal/borrow_name_20221118/,27,29,32,1.1851851851851851,74.70370370370371
google / organic,(organic),專家觀點地政篇：私法人房地合一稅的修法與調整 - 遠雄房地產,/life-proposal/expert_zhu_private-corporation_adjust_20231227/,26,29,29,1.1153846153846154,101.38461538461539
google / cpc,20250718,隱私權聲明 - 遠雄房地產,/privacy/,26,29,41,1.5769230769230769,61.34615384615385
google / organic,(organic),買房停看聽：二工住宅要注意 - 遠雄房地產,/life-proposal/2phase_construction_20221118/,25,29,27,1.08,83.6
google / organic,(organic),財經M平方觀點：各國房地產全解析，一文讀懂不動產市場運作 - 遠雄房地產,/life-proposal/expert_macromicro_20230328/,23,29,28,1.2173913043478262,84.52173913043478
(not set),20250919一輪播,熱銷建案一覽：遠雄全台預售屋、新建案、新成屋資訊,/case/search/,17,29,38,2.235294117647059,55.411764705882355
(not set),20250919一輪播,遠雄沐蘊-高雄市三民區預售屋/新建案-預約賞屋,/buildings/eh5/,15,29,23,1.5333333333333334,10.133333333333333
google / organic,(organic),2022住宅補貼申請條件與限制看過來 - 遠雄房地產,/life-proposal/housing_allowance_20220826/,28,28,28,1,39.464285714285715
(not set),20250808一輪播,熱銷建案一覽：遠雄全台預售屋、新建案、新成屋資訊,/case/search/,12,28,50,4.166666666666667,44.75
ig / paid,120210744263750402,遠房實價登錄,/,28,28,28,1,0
mkto-sn070013.com / referral,(referral),買房時到底有那些稅金要繳？-「首購族看房買屋攻略」 - 遠雄房地產,/life-proposal/taxes/,28,28,30,1.0714285714285714,50.642857142857146
google / cpc,BSTP,大河商爵-台北市士林區廠辦/預售新建案-預約賞屋，遠創力行銷,/buildings/dgm1/,27,28,32,1.1851851851851851,40.851851851851855
fb / eh2,8-6,遠雄高雄新案｜楠梓新案．高大特區首發｜早鳥預約中,/buildings/eh2/,27,28,32,1.1851851851851851,12.11111111111111
google / cpc,gdn20257-1,北屯敦富路【遠雄敦富】- 北屯機捷預售屋．近好市多,/buildings/bh10/,25,28,29,1.16,21.2
google / cpc,pmax-1-anothercity,隱私權聲明 - 遠雄房地產,/privacy/,25,28,43,1.72,94.44
google / organic,(organic),建案熱區巡禮：台南中西區運河星鑽特區生活圈 - 百年港町再出發的現代風華 - 遠雄房地產,/life-proposal/area-s-tainan_west-central_redevelop_diamond_20250502/,24,28,29,1.2083333333333333,103.45833333333333
google / organic,(organic),建案熱區巡禮：北投士林科技園區生活圈 - 遠雄房地產,/life-proposal/area-tpe-beitou_bstp_function_202406012/,24,28,28,1.1666666666666667,32.541666666666664
google / organic,(organic),遠雄智慧二代宅‧成就所有可能-遠雄房地產,/farglory-realty-about/second-generation/,22,28,28,1.2727272727272727,16.681818181818183
mkto-sn070013.com / referral,(referral),[影音] 買房後發現實際面積比權狀縮水，該找誰求償? - 遠雄房地產,/life-proposal/expert_zhu_area-discrepancy_20250827/,21,28,25,1.1904761904761905,72
tw.search.yahoo.com / referral,(referral),遠雄一靚｜楠梓新案．高大特區首發｜早鳥預約中,/buildings/eh2/,20,28,31,1.55,79.1
dogreat.com.tw / referral,(referral),大河商爵-台北市士林區廠辦/預售新建案-預約賞屋，遠創力行銷,/buildings/dgm1/,28,28,33,1.1785714285714286,69.35714285714286
google / cpc,20250616_房地產投資,遠房實價登錄,/,27,27,28,1.037037037037037,0
fb / bh11,9-5,遠雄14期首發【遠雄丰尚】北屯新案．近漢神洲際百貨,/buildings/bh11/,27,27,29,1.0740740740740742,11.333333333333334
google / organic,(organic),建案熱區巡禮：第二個美術館特區-高雄三民中都重劃區 - 遠雄房地產,/life-proposal/area-s-khh-central_20240502/,27,27,30,1.1111111111111112,100.25925925925925
google / organic,(organic),建案熱區巡禮：新北板橋區Tpark科技特區 (遠東通訊園區) - 綠地休憩篇 - 遠雄房地產,/life-proposal/area-s-tph_banqiao_tpark_park_20250411/,27,27,30,1.1111111111111112,24.62962962962963
google / organic,(organic),活動報報：最新活動一覽與公告資訊 -遠雄房地產,/activity_report/,26,27,35,1.3461538461538463,3.769230769230769
google_kw / BH8,extension,台中西屯建案【遠雄洄山行】．2-4房方正格局,/buildings/BH8/,26,27,27,1.0384615384615385,13.73076923076923
ig / paid,120222246228310066,村泉蒔美｜門戶端點 從容跨界｜台北生活最美起點,/buildings/cqh1/,26,27,28,1.0769230769230769,25.423076923076923
google / cpc,20250905五輪播,遠雄信義CENTER-新北市板橋區廠辦.商辦/預售新建案-預約賞屋,/buildings/fm3/,26,27,55,2.1153846153846154,25.846153846153847
google / organic,(organic),修繕小知識：鐵鋁窗損毀要整組換掉嗎？【居家百科】 - 遠雄房地產,/life-proposal/aluminumandiron/,26,27,29,1.1153846153846154,41.46153846153846
fb / cqh1,fb-17,村泉蒔美｜門戶端點 從容跨界｜台北生活最美起點,/buildings/cqh1/,25,27,27,1.08,28.2
google / organic,(organic),專家觀點地政篇：邱澤不動產傳聞揭秘，實價登錄與容積移轉的真相 - 遠雄房地產,/life-proposal/expert_zhu_land-deal_20250813/,22,27,33,1.5,100.04545454545455
(direct) / (none),(direct),專家觀點地政篇：只有不動產怎麼繳遺產稅？實物抵繳是否划算？ - 遠雄房地產,/life-proposal/expert_zhu_property_offset-2_20241220/,21,27,29,1.380952380952381,60.666666666666664
(not set),20250808一輪播,遠雄14期首發【遠雄丰尚】北屯新案．近漢神洲際百貨,/buildings/bh11/,11,26,36,3.272727272727273,59.81818181818182
google / organic,(organic),2021十大建商出爐！購屋前必知的建商評價 - 遠雄房地產,/life-proposal/2021-10/,26,26,30,1.1538461538461537,37.03846153846154
fb / 8fsl01,fb7-2,遠創力行銷-北大店 | 買賣仲介 ‧ 物件評估 ‧ 全方位資產規劃,/buildings/8fsl01/,25,26,28,1.12,14.12
pmp / (not set),6,熱銷建案一覽：遠雄全台預售屋、新建案、新成屋資訊,/case/search/,25,26,35,1.4,47.68
google / organic,(organic),冷氣清潔自己來！日常冷氣保養小撇步 - 遠雄房地產,/life-proposal/air_condition20220617/,25,26,27,1.08,38.24
google / organic,(organic),何世昌觀點：全台房市「蛋花湯效應」解密 - 南二都房價的變遷 - 遠雄房地產,/life-proposal/expert_hoshichang_property_south-prices_20250404/,25,26,26,1.04,85.44
tw.search.yahoo.com / referral,(referral),遠雄14期首發【遠雄丰尚】北屯新案．近漢神洲際百貨,/buildings/bh11/,22,26,33,1.5,66.31818181818181
mkto-sn070013.com / referral,(referral),[影音] 台灣房價為何跌不下來？看懂房市「抗跌力」 - 遠雄房地產,/life-proposal/expert_hoshichang_video_property_price_20250801/,20,26,27,1.35,28.4
(not set),20250905一輪播,北屯敦富路【遠雄敦富】- 北屯機捷預售屋．近好市多,/buildings/bh10/,18,26,10,0.5555555555555556,6.611111111111111
tw.search.yahoo.com / referral,(referral),附屬建物篇 : 陽台與雨遮建築法規規定為何？ - 遠雄房地產,/life-proposal/regulations_20230317/,18,26,27,1.5,100
line-lap / bh10,line-lap20252-5,北屯敦富路【遠雄敦富】- 北屯機捷預售屋．近好市多,/buildings/bh10/,11,26,27,2.4545454545454546,5.909090909090909
google / cpc,area,遠雄房地產精選預售屋(台北、新北、台中、桃園、台南、高雄) - 遠雄房地產,/building-category-tag/featured_pre_sale/,26,26,32,1.2307692307692308,16.076923076923077
google_kw / cqh1,tamsui,村泉蒔美｜門戶端點 從容跨界｜台北生活最美起點,/buildings/cqh1/,11,26,29,2.6363636363636362,11.181818181818182
(not set),20250905五輪播,專家觀點：解析房市動向與購屋建議 -遠雄房地產,/life_proposal/experts_point/,11,25,28,2.5454545454545454,54.09090909090909
google / cpc,北大店-品牌字,遠創力行銷-北大店 | 買賣仲介 ‧ 物件評估 ‧ 全方位資產規劃,/buildings/8fsl01/,24,25,26,1.0833333333333333,46.791666666666664
google / cpc,(organic),【遠雄樂元】北屯機捷X好市多，雙首排大道最核心，夠近才最好,/buildings/bh7/,24,25,35,1.4583333333333333,27
fb / h707,29,遠雄星呈-台中市清水區預售屋/新建案-預約賞屋，遠雄房地產,/buildings/h707/,24,25,25,1.0416666666666667,28.041666666666668
tw.search.yahoo.com / referral,(referral),熱銷建案一覽：遠雄全台預售屋、新建案、新成屋資訊,/case/search/,24,25,67,2.7916666666666665,47.791666666666664
google / organic,(organic),地上權建物可以買嗎？優缺點一次看 - 遠雄房地產,/life-proposal/superficial_rights/,24,25,27,1.125,45.583333333333336
fb / eh1,6-3,高雄建案推薦【遠雄峰蘊】- 近科工館．高雄預售屋,/buildings/eh1/,23,25,26,1.1304347826086956,7.521739130434782
mkto-sn070013.com / referral,(referral),財經M平方觀點：2025 下半年台灣經濟怎麼走？台股、台幣一次解析 - 遠雄房地產,/life-proposal/expert_macromicro_2025econ_20250730/,23,25,25,1.0869565217391304,88.1304347826087
google / organic,(organic),劉佩真觀點：2024年房市為前高後低態勢、2025年將進入調整階段 - 遠雄房地產,/life-proposal/expert_peizhen_2024review_20250107/,23,25,26,1.1304347826086956,46.34782608695652
google / organic,(organic),專家觀點地政篇：人在國外想買房，簽約、貸款與登記要注意什麼？(上) - 遠雄房地產,/life-proposal/expert_zhu_buyhouse_abroad1_20240303/,23,25,26,1.1304347826086956,71.17391304347827
fb / ar1,privacy,服務條款暨隱私權聲明 -遠雄房地產,/terms-of-service_and_privacy/,23,25,31,1.3478260869565217,56.34782608695652
fb / bh8,fanpage,台中西屯建案【遠雄洄山行】．2-4房方正格局,/buildings/bh8/,22,25,26,1.1818181818181819,27.136363636363637
google / organic,(organic),地震來的時候你家安全嗎? 一次搞懂抗震建築 - 遠雄房地產,/life-proposal/earthquake/,22,25,27,1.2272727272727273,51.40909090909091
tw.search.yahoo.com / referral,(referral),一次看懂「都市土地分區」差在哪？ - 遠雄房地產,/life-proposal/land_zoning/,22,25,29,1.3181818181818181,45.59090909090909
104.com.tw / referral,(referral),遠雄房地產：最懂生活的購屋專家,/,21,25,34,1.619047619047619,16.80952380952381
google / cpc,(referral),遠雄琉蘊 -台中市西屯區七期預售屋/新建案-預約賞屋，遠雄房地產,/buildings/bh5/,21,25,27,1.2857142857142858,28.571428571428573
fgr-line / fgr,expert_zhu_propertytax_20230814,[影音] 首購或換屋族必知的不動產節稅規劃 : 持有稅｜專家觀點地政篇 - 遠雄房地產,/life-proposal/expert_zhu_propertytax_20230814/,21,25,26,1.2380952380952381,52.38095238095238
fgr-line / fgr,space_furnish_muji_20231101,工料雙漲下的省錢裝潢 | 自己打造無印風設計 - 遠雄房地產,/life-proposal/space_furnish_muji_20231101/,21,25,26,1.2380952380952381,38.95238095238095
(direct) / (none),(direct),換屋族看過來，房地合一稅與土增稅要點筆記！ - 遠雄房地產,/life-proposal/house_and_land/,20,25,26,1.3,21.95
(not set),20250905五輪播,熱銷建案：預售屋、新建案、新成屋 -遠雄房地產,/case/,18,25,26,1.4444444444444444,8.222222222222221
(not set),20250808一輪播,水湳建案【遠雄綠美】鄰近綠美圖．中央公園預售屋,/buildings/bh9/,13,25,11,0.8461538461538461,27.23076923076923
line-lap / cgh1,line-lap4-16,找不到頁面 - 遠雄房地產,/buildings/cgh01/,11,25,26,2.3636363636363638,1
web-ettoday / ah2,20250911-57P,北士科建案【遠雄泱玥】水岸首排．57-75坪,/buildings/ah2/,25,25,27,1.08,35.04
line-lap / bh10,line-lap7-2,北屯敦富路【遠雄敦富】- 北屯機捷預售屋．近好市多,/buildings/bh10/,4,25,27,6.75,4.5
googlemap / jjh1,googlemap,找不到頁面 - 遠雄房地產,/buildings/jjh1,22,24,25,1.1363636363636365,0.9545454545454546
gdn / bh7,gdn-1-taichung,遠房實價登錄,/,24,24,33,1.375,0
fb / bh9,1,水湳建案【遠雄綠美】鄰近綠美圖．中央公園預售屋,/buildings/bh9/,24,24,27,1.125,42.083333333333336
google / cpc,20250905五輪播,水湳建案【遠雄綠美】鄰近綠美圖．中央公園預售屋,/buildings/bh9/,24,24,27,1.125,23.875
pmp / (not set),6,"Farglory Star - Taichung City Qingshui District Pre-sale House/New Construction - Make an Appointment to View the House, Farglory Real Estate",/buildings/h707/,22,24,1,0.045454545454545456,5.954545454545454
fb / bh9,1,遠房實價登錄,/,24,24,32,1.3333333333333333,7.166666666666667
google / organic,(organic),高力國際 董事長暨董事總經理 劉學龍 彙整 - 遠雄房地產,/life-proposal-category/expert_point/commercial_liu/,22,24,25,1.1363636363636365,17.272727272727273
google / organic,(organic),建案熱區巡禮：高雄楠梓區高大特區 - 交通篇 - 遠雄房地產,/life-proposal/area-kaohsiung-nanzi_nuk_traffic_20250307/,22,24,26,1.1818181818181819,68.45454545454545
(direct) / (none),(direct),社區有綠建築標章有何好處？ - 遠雄房地產,/life-proposal/ease_greenbuilding_20230608/,22,24,33,1.5,15.045454545454545
tw.search.yahoo.com / referral,(referral),公共設施篇: 梯廳與樓梯間建築法規有何特殊規定? - 遠雄房地產,/life-proposal/regulations2_20230320/,21,24,24,1.1428571428571428,103.04761904761905
(direct) / (none),(direct),齊興緻-吳若榆-遠雄房地產 Farglory-Realty,/AR1/b4125,19,24,32,1.6842105263157894,7.473684210526316
line-lap / bh7,lap-1,北屯敦富路【遠雄敦富】- 北屯機捷預售屋．近好市多,/buildings/bh10/,19,24,36,1.894736842105263,8.157894736842104
google / organic,(organic),建案熱區巡禮：北投士林科技園區 - 綠地休憩篇 - 遠雄房地產,/life-proposal/area-tpe-beitou_bstp_park_20240617/,19,24,23,1.2105263157894737,41.26315789473684
line-lap / hh3,lap-1,找不到頁面 - 遠雄房地產,/buildings/hh3/,1,24,24,24,2
(direct) / (none),(direct),專家觀點地政篇：繼承房產兄弟姊妹吵翻天？遺囑、登記與分配機制一次講清楚 - 遠雄房地產,/life-proposal/expert_zhu_inherit-siblings_20250704/,23,23,23,1,10.826086956521738
google / cpc,(not set),遠雄一靚｜楠梓新案．高大特區首發｜早鳥預約中,/buildings/eh2/,23,23,23,1,28.73913043478261
(direct) / (none),(direct),熱銷建案一覽：遠雄全台預售屋、新建案、新成屋資訊,/case/search/page/3/,23,23,26,1.1304347826086956,18.17391304347826
fb / ah2,fb-32,遠房實價登錄,/,23,23,24,1.0434782608695652,0
(not set),20250725一輪播,遠房實價登錄,/,22,23,25,1.1363636363636365,0
google / cpc,20250616_競品字,齊興_緻-台北市北投區/北士科住宅預售屋,/buildings/ar1/,22,23,24,1.0909090909090908,22
ig / paid,120222247205050066,村泉蒔美｜門戶端點 從容跨界｜台北生活最美起點,/buildings/cqh1/,22,23,27,1.2272727272727273,19.5
fb / h707,19,遠雄星呈-台中市清水區預售屋/新建案-預約賞屋，遠雄房地產,/buildings/h707/,22,23,23,1.0454545454545454,29.5
google / organic,(organic),建案熱區巡禮：高雄三民區高雄車站特區生活圈 - 遠雄房地產,/life-proposal/area-khh-station_20230914/,22,23,26,1.1818181818181819,129.27272727272728
google / organic,(organic),遠房好友- 遠雄房地產,/my-account/,22,23,27,1.2272727272727273,17.727272727272727
fgr-line / bh11,listbutton,遠雄14期首發【遠雄丰尚】北屯新案．近漢神洲際百貨,/buildings/bh11/,21,23,28,1.3333333333333333,46.76190476190476
fb / dh2,fb-42,台南永康新建案【遠雄山禾】-鹽行特區．3-4房,/buildings/dh2/,21,23,26,1.2380952380952381,21.61904761904762
google / organic,(organic),[影音] 專家看2025年上半年預售屋市場 : 四大現象觀察 - 遠雄房地產,/life-proposal/expert_housing-market_20250820/,21,23,25,1.1904761904761905,52.95238095238095
google_kw / bh5,(not set),遠房實價登錄,/,20,23,27,1.35,0
farglory.com.tw / referral,(referral),遠雄房地產：最懂生活的購屋專家,/,20,23,26,1.3,43.6
tw.search.yahoo.com / referral,(referral),【遠雄樂元】北屯機捷X好市多，雙首排大道最核心，夠近才最好,/buildings/bh7/,19,23,27,1.4210526315789473,78.36842105263158
(not set),20250905五輪播,房屋格局圖/平面圖怎麼看？建案平面圖符號教學，讓你秒懂房屋格局避地雷,/life-proposal/house-layout/,8,23,14,1.75,47.125
(not set),20250808一輪播,在地生活：新建案、預售屋周邊資訊 -遠雄房地產,/life_proposal/music_life/,5,23,21,4.2,17.4
line-lap / cgh1,line-lap5-3,找不到頁面 - 遠雄房地產,/buildings/cgh01/,1,23,27,27,924
google / organic,(organic),熱銷建案一覽：遠雄全台預售屋、新建案、新成屋資訊,/case/search/building-category-tag/134/,22,22,29,1.3181818181818181,17.545454545454547
fb / bh5,40,遠雄琉蘊 -台中市西屯區七期預售屋/新建案-預約賞屋，遠雄房地產,/buildings/bh5/,22,22,22,1,31.318181818181817
fb / cqh1,fb-15,村泉蒔美｜門戶端點 從容跨界｜台北生活最美起點,/buildings/cqh1/,22,22,22,1,25.136363636363637
fb / dh2,fb-32,台南永康新建案【遠雄山禾】-鹽行特區．3-4房,/buildings/dh2/,22,22,24,1.0909090909090908,16.363636363636363
fb / eh5,27-1,遠雄沐蘊-高雄市三民區預售屋/新建案-預約賞屋,/buildings/eh5/,22,22,22,1,24.181818181818183
fb / bh5,40,遠房實價登錄,/,22,22,24,1.0909090909090908,0.5454545454545454
google / organic,(organic),專家觀點地政篇：我該購買預售屋還是成屋？ - 遠雄房地產,/life-proposal/expert_zhu_presale_20230314/,22,22,22,1,88.81818181818181
fb / bh5,44,遠雄琉蘊 -台中市西屯區七期預售屋/新建案-預約賞屋，遠雄房地產,/buildings/bh5/,21,22,22,1.0476190476190477,55.19047619047619
(direct) / (none),(direct),遠雄藝舍-台中西屯區麥當勞旁金店面-預約賞屋，遠雄房地產,/buildings/bh6/,21,22,27,1.2857142857142858,20.714285714285715
ig / paid,120229456515280138,【遠雄樂元】北屯機捷X好市多，雙首排大道最核心，夠近才最好,/buildings/bh7/,21,22,22,1.0476190476190477,21.61904761904762
fb / fm3,formbutton,遠雄信義CENTER-新北市板橋區廠辦.商辦/預售新建案-預約賞屋,/buildings/fm3/,21,22,22,1.0476190476190477,15.714285714285714
google / organic,(organic),建案熱區巡禮：新竹市東區 - 以科技驅動的繁榮未來 - 遠雄房地產,/life-proposal/area-l-hsinchu-east20240110/,21,22,22,1.0476190476190477,42.23809523809524
google / organic,(organic),永然法律不動產專欄：台版地面師如何騙走你的不動產? - 遠雄房地產,/life-proposal/expert_law_y-rlee_land-agent_20250904/,21,22,23,1.0952380952380953,97.57142857142857
pmp / (not set),6,远雄星呈-台中市清水区预售屋/新建案-预约赏屋，远雄房地产,/buildings/h707/,20,22,4,0.2,16.4
fb / paid,120224909927020347,遠雄幸福成｜即將落成 - 台中市清水區預售/新建案-預約賞屋，遠雄房地產,/buildings/h713/,19,22,27,1.4210526315789473,13.263157894736842
google / organic,(organic),建案熱區巡禮：台南中西區 – 文化交融與現代發展並進 - 遠雄房地產,/life-proposal/area-l-tainan-west-central_20250402/,18,22,24,1.3333333333333333,97.33333333333333
google / organic,(organic),建案熱區巡禮：新北板橋區Tpark科技特區 (遠東通訊園區) - 交通篇 - 遠雄房地產,/life-proposal/area-s-tph_banqiao_tpark_traffic_20250321/,18,22,23,1.2777777777777777,38.22222222222222
google / organic,(organic),包租代管懶人包快速了解！ - 遠雄房地產,/life-proposal/rental_housing_20230106/,18,22,23,1.2777777777777777,64.61111111111111
(direct) / (none),(direct),驗屋與交屋必知注意事項？新手購屋必看，驗屋清單檢查表與交屋流程有哪些？,/life-proposal/home-inspection/,17,22,22,1.2941176470588236,15.647058823529411
bing / organic,(organic),公共設施篇: 梯廳與樓梯間建築法規有何特殊規定? - 遠雄房地產,/life-proposal/regulations2_20230320/,16,22,23,1.4375,41.3125
(not set),20250905五輪播,交屋型態差在哪？ 標配屋、實品屋、毛胚屋比一比 - 遠雄房地產,/life-proposal/handover202206010/,3,22,17,5.666666666666667,81
fb / bh11,8-1,遠房實價登錄,/,21,21,22,1.0476190476190477,0
fb / eh1,6-3,遠房實價登錄,/,21,21,23,1.0952380952380953,0
google_kw / BH8,20240816_台中 建案,遠房實價登錄,/,21,21,21,1,0
(direct) / (none),(direct),熱銷建案一覽：遠雄全台預售屋、新建案、新成屋資訊,/case/search/sales_status/hot-sale/,21,21,25,1.1904761904761905,14.238095238095237
google / organic,(organic),專家觀點地政篇：不夠現金繳遺產稅怎麼辦？ 分期或延期繳納申請 - 遠雄房地產,/life-proposal/expert_zhu_property_offset-1_20241125/,21,21,22,1.0476190476190477,103.14285714285714
(direct) / (none),(direct),社區營運兩三事：公設點交不求人 - 遠雄房地產,/life-proposal/land_public_utilities/,21,21,22,1.0476190476190477,14.476190476190476
fb / dh2,fb-42,遠房實價登錄,/,20,21,26,1.3,1.05
fb / bh5,46,遠雄琉蘊 -台中市西屯區七期預售屋/新建案-預約賞屋，遠雄房地產,/buildings/bh5/,20,21,24,1.2,35.4
fb / dh2,fb-31,台南永康新建案【遠雄山禾】-鹽行特區．3-4房,/buildings/dh2/,20,21,20,1,12.55
google / cpc,(organic),熱銷建案：預售屋、新建案、新成屋 -遠雄房地產,/case/,20,21,24,1.2,6.1
google / organic,(organic),混凝土、鋼筋的嚴格把關！一次了解建築的基礎原料 - 遠雄房地產,/life-proposal/concrete/,20,21,22,1.1,51
(direct) / (none),(direct),買房時到底有那些稅金要繳？-「首購族看房買屋攻略」 - 遠雄房地產,/life-proposal/taxes/,20,21,24,1.2,18.1
fb / dh2,fb-36,遠房實價登錄,/,19,21,21,1.105263157894737,0.05263157894736842
fb / ar1,fb1-3,齊興_緻-台北市北投區/北士科住宅預售屋,/buildings/ar1/,19,21,26,1.368421052631579,27.105263157894736
fb / dh2,fb-36,台南永康新建案【遠雄山禾】-鹽行特區．3-4房,/buildings/dh2/,19,21,21,1.105263157894737,14.842105263157896
tw.search.yahoo.com / referral,(referral),遠雄幸福成｜即將落成 - 台中市清水區預售/新建案-預約賞屋，遠雄房地產,/buildings/h713/,19,21,21,1.105263157894737,38.63157894736842
fb / dh5,20250908,安南重劃首選【遠雄藏萃】全新落成，珍稀戶別釋出！,/buildings/dh5/,18,21,20,1.1111111111111112,27
google / organic,(organic),綠建築3大趨勢，在建築空間中深呼吸 - 遠雄房地產,/life-proposal/greenbuilding2020-design/,18,21,20,1.1111111111111112,31.666666666666668
google / organic,(organic),房子也有說明書，不動產說明書應記載事項你知道嗎？ - 遠雄房地產,/life-proposal/manual20220610/,18,21,20,1.1111111111111112,23.666666666666668
google / organic,(organic),高樓層VS低樓層：哪個才是首購族的最佳選擇？–「首購族看房買屋攻略」 - 遠雄房地產,/life-proposal/high_floor/,17,21,18,1.0588235294117647,90.05882352941177
tw.search.yahoo.com / referral,(referral),遠雄房地產：最懂生活的購屋專家,/,15,21,24,1.6,48.333333333333336
line-lap / bh9,lap-4,水湳建案【遠雄綠美】鄰近綠美圖．中央公園預售屋,/buildings/bh9/,13,21,23,1.7692307692307692,2.3076923076923075
google / organic,(organic),財經M平方觀點：去庫存壓力來襲，2 個訊號看製造業何時落底 - 遠雄房地產,/life-proposal/expert_macromicro20220726/,13,21,21,1.6153846153846154,59.53846153846154
line-lap / h902,20240603,找不到頁面 - 遠雄房地產,/buildings/h902/,12,21,23,1.9166666666666667,1.9166666666666667
google / cpc,brand,遠雄14期首發【遠雄丰尚】北屯新案．近漢神洲際百貨,/buildings/bh11/,20,20,22,1.1,39.15
line-lap / bh9,lap-5,遠房實價登錄,/,6,20,20,3.3333333333333335,0
fb / dh2,fb-31,遠房實價登錄,/,20,20,20,1,0
fb / dh2,fb-32,遠房實價登錄,/,20,20,24,1.2,0
fb / 8fsl01,fb6-2,遠創力行銷-北大店 | 買賣仲介 ‧ 物件評估 ‧ 全方位資產規劃,/buildings/8fsl01/,20,20,20,1,5.5
ig / paid,120240299889000537,遠雄14期首發【遠雄丰尚】北屯新案．近漢神洲際百貨,/buildings/bh11/,20,20,20,1,13.1
fb / paid,120210867110050402,遠房實價登錄,/,20,20,20,1,0
fb / bh7,5,【遠雄樂元】北屯機捷X好市多，雙首排大道最核心，夠近才最好,/buildings/bh7/,20,20,22,1.1,35.9
fb / cqh1,fb-23,村泉蒔美｜門戶端點 從容跨界｜台北生活最美起點,/buildings/cqh1/,20,20,20,1,16.15
(not set),20250905五輪播,熱銷建案一覽：遠雄全台預售屋、新建案、新成屋資訊,/case/search/page/3/,20,20,23,1.15,11.95
(direct) / (none),(direct),熱銷建案一覽：遠雄全台預售屋、新建案、新成屋資訊,/case/search/page/4/,20,20,23,1.15,14.2
google / organic,(organic),熱銷建案一覽：遠雄全台預售屋、新建案、新成屋資訊,/case/search/sales_status/coming-soon/,20,20,26,1.3,37.5
fb / bh5,46,遠房實價登錄,/,19,20,23,1.2105263157894737,0
fb / paid,120229486716970138,【遠雄樂元】北屯機捷X好市多，雙首排大道最核心，夠近才最好,/buildings/bh7/,19,20,23,1.2105263157894737,26.210526315789473
fb / bh7,4,【遠雄樂元】北屯機捷X好市多，雙首排大道最核心，夠近才最好,/buildings/bh7/,19,20,20,1.0526315789473684,32.31578947368421
google / organic,(organic),天易地政事務所所長 朱智豪 彙整 - 遠雄房地產,/life-proposal-category/expert_point/land_zhu/,19,20,25,1.3157894736842106,26.210526315789473
google / organic,(organic),一見傾心的清水模設計，為家注入文青魂和自然風 - 遠雄房地產,/life-proposal/exposed_concrete_20220914/,19,20,19,1,61.36842105263158
google / organic,(organic),小檜溪重劃後的美好：一位八旬里長，見證小檜溪社區環境的變遷 - 遠雄房地產,/life-proposal/interview-s-taoyuan-green20221111/,19,20,20,1.0526315789473684,87.63157894736842
bing / organic,(organic),附屬建物篇 : 陽台與雨遮建築法規規定為何？ - 遠雄房地產,/life-proposal/regulations_20230317/,19,20,20,1.0526315789473684,43.526315789473685
(direct) / (none),(direct),遠雄房地產預約賞屋(線上賞屋與預約賞屋),/make_appointment/,19,20,45,2.3684210526315788,50.05263157894737
google / organic,(organic),地震來的時候你家安全嗎? 一次搞懂制震器 - 遠雄房地產,/life-proposal/earthquake-taylor/,18,20,19,1.0555555555555556,53.5
fgr-line / fgr,expert_macromicro_2025econ_20250730,財經M平方觀點：2025 下半年台灣經濟怎麼走？台股、台幣一次解析 - 遠雄房地產,/life-proposal/expert_macromicro_2025econ_20250730/,18,20,19,1.0555555555555556,24.27777777777778
google / organic,(organic),何世昌觀點：擴大赴美投資成定局，台積宅還能買嗎？ - 遠雄房地產,/life-proposal/expert_tsmc-housing_20250703/,18,20,19,1.0555555555555556,35.94444444444444
google / organic,(organic),[影音] 預售屋購買注意事項大解析 - 應記載事項與不得記載事項 - 遠雄房地產,/life-proposal/expert_zhu_buyhouse_contract1_20240430/,18,20,19,1.0555555555555556,64.11111111111111
(direct) / (none),(direct),遠房好友- 遠雄房地產,/my-account/,18,20,23,1.2777777777777777,32.611111111111114
5vo1 / 5vo1,202508,聯上智科｜北士科AI總部 輝達核心軸線 -台北市北投區商辦/預售新建案-預約賞屋，遠創力行銷,/buildings/5vo1/,12,20,30,2.5,80.66666666666667
(not set),20250905一輪播,遠房實價登錄,/,20,20,24,1.2,0
google / cpc,competitor0829,遠房實價登錄,/,19,19,20,1.0526315789473684,0
line-lap / bh9,lap-5,水湳建案【遠雄綠美】鄰近綠美圖．中央公園預售屋,/buildings/bh9/,6,19,19,3.1666666666666665,0
google / cpc,pmax-1-taichung,遠雄房地產精選預售屋(台北、新北、台中、桃園、台南、高雄) - 遠雄房地產,/building-category-tag/featured_pre_sale/,19,19,24,1.263157894736842,27.31578947368421
fb / paid,120210867110050402,北士科建案【遠雄泱玥】水岸首排．57-75坪,/buildings/ah2/,19,19,20,1.0526315789473684,27.36842105263158
fb / ah2,fb-32,北士科建案【遠雄泱玥】水岸首排．57-75坪,/buildings/ah2/,19,19,20,1.0526315789473684,61.26315789473684
google / cpc,(not set),水湳建案【遠雄綠美】鄰近綠美圖．中央公園預售屋,/buildings/bh9/,19,19,21,1.105263157894737,12.947368421052632
google / cpc,area,遠雄一靚｜楠梓新案．高大特區首發｜早鳥預約中,/buildings/eh2/,19,19,27,1.4210526315789473,51.8421052631579
ig / paid,120224909124380347,遠雄幸福成｜即將落成 - 台中市清水區預售/新建案-預約賞屋，遠雄房地產,/buildings/h713/,19,19,19,1,20.05263157894737
google / cpc,brand,熱銷建案一覽：遠雄全台預售屋、新建案、新成屋資訊,/case/search/page/2/,19,19,30,1.5789473684210527,11.421052631578947
google / organic,(organic),聯絡我們 - 遠雄房地產,/contact_service/contact_us/,19,19,20,1.0526315789473684,13.105263157894736
(direct) / (none),(direct),永然法律不動產專欄：預售屋買賣契約中的交屋保留款與建材設備約定 - 遠雄房地產,/life-proposal/expert_law_y-rlee_retention-money_20250704/,19,19,16,0.8421052631578947,0.05263157894736842
google / organic,(organic),專家觀點地政篇：繼承房產兄弟姊妹吵翻天？遺囑、登記與分配機制一次講清楚 - 遠雄房地產,/life-proposal/expert_zhu_inherit-siblings_20250704/,19,19,20,1.0526315789473684,75.89473684210526
google / cpc,20250616_競品字,遠房實價登錄,/,18,19,22,1.2222222222222223,0
google / cpc,(organic),遠雄幸福成｜即將落成 - 台中市清水區預售/新建案-預約賞屋，遠雄房地產,/buildings/h713/,18,19,23,1.2777777777777777,83.83333333333333
google / organic,(organic),[影音] 專家觀點地政篇：假結婚與房產繼承 - 五億遺產的法律爭奪戰 - 遠雄房地產,/life-proposal/expert_zhu_fake-marriage-law/,18,19,19,1.0555555555555556,27.11111111111111
google / organic,(organic),專家觀點地政篇：繼承取得不動產，如何課徵房地合一稅？ - 遠雄房地產,/life-proposal/expert_zhu_inheritance_20230921/,18,19,18,1,48.611111111111114
google / organic,(organic),[影音] 實價登錄全面攻略-帶你看懂現行法令重點與罰則 - 遠雄房地產,/life-proposal/expert_zhu_property_law_vedio_20240930/,18,19,22,1.2222222222222223,68.11111111111111
fb / bh8,fanpage,遠房實價登錄,/,17,19,20,1.1764705882352942,0
fb / ar1,fb3-1,齊興_緻-台北市北投區/北士科住宅預售屋,/buildings/ar1/,17,19,19,1.1176470588235294,35.294117647058826
google / organic,(organic),建案熱區巡禮：新北國都之門「新莊副都心」，產業聚落移居城市 - 遠雄房地產,/life-proposal/area-s-newtaipei-xinzhuangfuduxin_20220930/,17,19,19,1.1176470588235294,54.11764705882353
google / organic,(organic),建案熱區巡禮：台中西屯水湳經貿園區 - 交通篇 - 遠雄房地產,/life-proposal/area-txg-shuinan_traffic_20240508/,17,19,18,1.0588235294117647,22.235294117647058
google / organic,(organic),建案熱區巡禮：台中西屯區單元八生活圈，水湳經貿園區門戶 - 遠雄房地產,/life-proposal/area_txg_xitun_eight_function_20240407/,17,19,20,1.1764705882352942,27.941176470588236
(direct) / (none),(direct),劉佩真觀點：2025年第二季房市觀測 - 關稅、打炒房持續等利空，Q3房市景氣還有機會回升嗎？ - 遠雄房地產,/life-proposal/expert_peizhen_property-2025q2_20250707/,17,19,31,1.8235294117647058,57.23529411764706
google / organic,(organic),為生活解悶 | 居家布置術-創造閱讀角 - 遠雄房地產,/life-proposal/space_style_reading_20240116/,17,19,19,1.1176470588235294,17.823529411764707
google / organic,(organic),建案熱區巡禮：台中西屯區，美食、藝文、交通樣樣好 - 遠雄房地產,/life-proposal/area-l-taichung-xitun20220520/,16,19,20,1.25,43.5625
google / organic,(organic),購屋知識：買屋流程、稅法貸款指南 -遠雄房地產,/life_proposal/buying_knowledge/,16,19,26,1.625,27.375
fb / bh7,fbpage,【遠雄樂元】北屯機捷X好市多，雙首排大道最核心，夠近才最好,/buildings/bh7/,14,19,21,1.5,9.357142857142858
line-lap / bh9,lap-4,遠房實價登錄,/,12,19,21,1.75,0
fb / bh5,44,遠房實價登錄,/,19,19,20,1.0526315789473684,0
(not set),20250808一輪播,熱銷建案一覽：遠雄全台預售屋、新建案、新成屋資訊,/case/search/page/2/,8,18,22,2.75,28.75
fb / 5vo1,2025090501,聯上智科｜北士科AI總部 輝達核心軸線 -台北市北投區商辦/預售新建案-預約賞屋，遠創力行銷,/buildings/5vo1/,18,18,21,1.1666666666666667,6
google / cpc,北大店-物件字,遠創力行銷-北大店 | 買賣仲介 ‧ 物件評估 ‧ 全方位資產規劃,/buildings/8fsl01/,18,18,24,1.3333333333333333,28.944444444444443
m.facebook.com / referral,(referral),北屯敦富路【遠雄敦富】- 北屯機捷預售屋．近好市多,/buildings/bh10/,18,18,19,1.0555555555555556,6.888888888888889
fb / dgm1,fb8-3,大河商爵-台北市士林區廠辦/預售新建案-預約賞屋，遠創力行銷,/buildings/dgm1/,18,18,19,1.0555555555555556,13.777777777777779
google / cpc,brand,遠雄一靚｜楠梓新案．高大特區首發｜早鳥預約中,/buildings/eh2/,18,18,22,1.2222222222222223,49.94444444444444
google / cpc,(organic),遠雄THE ONE-高雄市前鎮區新成屋/新建案-預約賞屋,/buildings/o1/,18,18,21,1.1666666666666667,64.61111111111111
google / cpc,pmax-1-anothercity,熱銷建案：預售屋、新建案、新成屋 -遠雄房地產,/case/,18,18,24,1.3333333333333333,14.5
(direct) / (none),(direct),專家觀點地政篇：如何預防不動產詐騙？如何防止房屋被移轉？ - 遠雄房地產,/life-proposal/expert_zhu_property_scam_20240604/,18,18,23,1.2777777777777777,127.88888888888889
pmp / (not set),6,遠房實價登錄,/,17,18,26,1.5294117647058822,5.117647058823529
(direct) / (none),(direct),活動報報：最新活動一覽與公告資訊 -遠雄房地產,/activity_report/,17,18,19,1.1176470588235294,4.647058823529412
fb / ah2,fb-36,北士科建案【遠雄泱玥】水岸首排．57-75坪,/buildings/ah2/,17,18,19,1.1176470588235294,29
m.facebook.com / referral,(referral),遠雄幸福成｜即將落成 - 台中市清水區預售/新建案-預約賞屋，遠雄房地產,/buildings/h713/,17,18,17,1,6.176470588235294
sms / aep-cdp,aep-306,遠房實價登錄,/,16,18,25,1.5625,1
google / cpc,20250718,Qixing_Zhi-Taipei City Beitou District/Beishike Residential Pre-sale House,/buildings/ar1/,16,18,3,0.1875,6.3125
(direct) / (none),(direct),買房停看聽：二工住宅要注意 - 遠雄房地產,/life-proposal/2phase_construction_20221118/,16,18,19,1.1875,25.1875
(direct) / (none),(direct),熱銷建案一覽：遠雄全台預售屋、新建案、新成屋資訊,/case/search/page/5/,14,18,18,1.2857142857142858,10.5
(not set),20250905五輪播,樓高的隱藏秘密：樓層高度怎麼看？ - 遠雄房地產,/life-proposal/floor_height/,14,18,3,0.21428571428571427,5.285714285714286
(not set),(not set),遠雄高雄新案｜楠梓新案．高大特區首發｜早鳥預約中,/buildings/eh2/,12,18,7,0.5833333333333334,35.25
(not set),20250905五輪播,買房時到底有那些稅金要繳？-「首購族看房買屋攻略」 - 遠雄房地產,/life-proposal/taxes/,12,18,5,0.4166666666666667,0.8333333333333334
fb / ar1,leads,遠房實價登錄,/,18,18,19,1.0555555555555556,0
line-lap / eh1,20230901,遠房實價登錄,/,7,18,16,2.2857142857142856,0
(not set),20250808一輪播,【遠雄樂元】北屯機捷X好市多，雙首排大道最核心，夠近才最好,/buildings/bh7/,7,18,18,2.5714285714285716,78.85714285714286
bing / organic,(organic),熱銷建案一覽：遠雄全台預售屋、新建案、新成屋資訊,/case/search/,17,17,28,1.6470588235294117,21.823529411764707
app.omnichat.ai / referral,(referral),熱銷建案一覽：遠雄全台預售屋、新建案、新成屋資訊,/case/search/page/2/,1,17,16,16,18
(direct) / (none),(direct),關於我們-遠雄房地產,/about/,17,17,20,1.1764705882352942,29.058823529411764
google / cpc,(organic),北屯敦富路【遠雄敦富】- 北屯機捷預售屋．近好市多,/buildings/bh10/,17,17,24,1.411764705882353,55.23529411764706
google / cpc,pmax-1-taichung,遠雄14期首發【遠雄丰尚】北屯新案．近漢神洲際百貨,/buildings/bh11/,17,17,22,1.2941176470588236,20.235294117647058
google / cpc,20250905五輪播,遠雄琉蘊 -台中市西屯區七期預售屋/新建案-預約賞屋，遠雄房地產,/buildings/bh5/,17,17,18,1.0588235294117647,25.823529411764707
fb / bh5,45,遠雄琉蘊 -台中市西屯區七期預售屋/新建案-預約賞屋，遠雄房地產,/buildings/bh5/,17,17,20,1.1764705882352942,30.11764705882353
gdn / eh2,20250801,遠雄一靚｜楠梓新案．高大特區首發｜早鳥預約中,/buildings/eh2/,17,17,17,1,0
m.facebook.com / referral,(referral),遠雄沐蘊-高雄市三民區預售屋/新建案-預約賞屋,/buildings/eh5/,17,17,17,1,4.705882352941177
fb / paid,120210744263750402,遠房實價登錄,/,17,17,17,1,0
google / organic,(organic),永然法律不動產專欄：購買預售屋如何選擇好的建商？(上集) - 遠雄房地產,/life-proposal/expert_law_y-rlee_builder1_20250324/,17,17,18,1.0588235294117647,30.58823529411765
google / organic,(organic),入主重劃區漸成主流，優缺點一次看 - 遠雄房地產,/life-proposal/redevelopment_zone_20221209/,17,17,17,1,43.588235294117645
fb / bh5,39,遠房實價登錄,/,16,17,18,1.125,0
google / cpc,20250901,遠雄房地產精選預售屋(台北、新北、台中、桃園、台南、高雄) - 遠雄房地產,/building-category-tag/featured_pre_sale/,16,17,18,1.125,25.875
socialmedia / bh11,fbbh11info,遠雄14期首發【遠雄丰尚】北屯新案．近漢神洲際百貨,/buildings/bh11/,16,17,17,1.0625,35.1875
fb / bh5,39,遠雄琉蘊 -台中市西屯區七期預售屋/新建案-預約賞屋，遠雄房地產,/buildings/bh5/,16,17,18,1.125,21.5
(not set),(not set),台中西屯建案【遠雄洄山行】．2-4房方正格局,/buildings/bh8/,16,17,13,0.8125,18.5625
fb / paid,120207082473750558,水湳建案【遠雄綠美】鄰近綠美圖．中央公園預售屋,/buildings/bh9/,16,17,17,1.0625,41.3125
google / cpc,(organic),熱銷建案一覽：遠雄全台預售屋、新建案、新成屋資訊,/case/search/sales_status/coming-soon/,16,17,20,1.25,9.9375
search.buzzonfeed.com / referral,(referral),何世昌觀點：三大因素驅動，雙北市房價「蛋花湯」現象成為現在進行式　 - 遠雄房地產,/life-proposal/expert_shuangbei_20250822/,16,17,17,1.0625,34.875
google / organic,(organic),[影音] 避免誤入稅務陷阱：贈與稅善用免稅額 - 遠雄房地產,/life-proposal/expert_zhu_tax_gifttax_vedio_20240206/,16,17,16,1,117.5
google / organic,(organic),預約賞屋手機驗證 - 遠雄房地產,/mob_verify/,16,17,18,1.125,20.25
google_kw / cqh1,buyhouse,村泉蒔美｜門戶端點 從容跨界｜台北生活最美起點,/buildings/cqh1/,15,17,20,1.3333333333333333,17.133333333333333
google / cpc,20250718,熱銷建案一覽：遠雄全台預售屋、新建案、新成屋資訊,/case/search/,15,17,17,1.1333333333333333,15.533333333333333
google / organic,(organic),建案熱區巡禮：台中北屯區14期重劃區 - 綠地休憩篇 - 遠雄房地產,/life-proposal/area_txg_beitun_14th_park_20240909/,15,17,17,1.1333333333333333,53.86666666666667
google / organic,(organic),專家觀點地政篇：不動產贈與要注意什麼？配偶跟子女，分產稅制大不同 - 遠雄房地產,/life-proposal/expert_zhu_property_divide_gifttax2_20241024/,15,17,16,1.0666666666666667,91.13333333333334
(direct) / (none),(direct),購屋知識：買屋流程、稅法貸款指南 -遠雄房地產,/life_proposal/buying_knowledge/,15,17,18,1.2,12.333333333333334
(not set),20250905五輪播,交屋看仔細，常見交屋糾紛有哪些？ - 遠雄房地產,/life-proposal/kw_delivery_20230607/,14,17,6,0.42857142857142855,3.4285714285714284
faryeargroup.com / referral,(referral),找不到頁面 - 遠雄房地產,/buildings/him1/,13,17,19,1.4615384615384615,3.4615384615384617
google / organic,(organic),建案熱區巡禮：新北板橋府中與南雅地區 - 綠地休憩篇 - 遠雄房地產,/life-proposal/area-tph_banqiao_park_20240820/,13,17,24,1.8461538461538463,47
google / organic,(organic),建案熱區巡禮：新北板橋府中與南雅地區 - 交通篇 - 遠雄房地產,/life-proposal/area-tph_banqiao_traffic_20240905/,13,17,17,1.3076923076923077,58.69230769230769
(not set),20250905五輪播,一次看懂「都市土地分區」差在哪？ - 遠雄房地產,/life-proposal/land_zoning/,13,17,3,0.23076923076923078,86.76923076923077
fb / eh1,privacy,服務條款暨隱私權聲明 -遠雄房地產,/terms-of-service_and_privacy/,12,17,17,1.4166666666666667,24.583333333333332
(direct) / (none),(direct),遠雄泱玥 | 水岸正首席．北士科首獻｜47-75坪-蔡定誠-遠雄房地產 Farglory-Realty,/main/review/64/b4720,11,17,18,1.6363636363636365,13.363636363636363
(direct) / (none),(direct),遠雄泱玥 | 水岸正首席．北士科首獻｜57-75坪-鄭家昇-遠雄房地產 Farglory-Realty,/ah2/B5805,9,17,26,2.888888888888889,6.888888888888889
(not set),20250905五輪播,社區營運兩三事：公設點交不求人 - 遠雄房地產,/life-proposal/land_public_utilities/,9,17,16,1.7777777777777777,7.222222222222222
(not set),20250905五輪播,遠雄2025九月主題報 - 遠雄房地產,/sep2025/,9,17,7,0.7777777777777778,9.11111111111111
(not set),20250808一輪播,北屯敦富路【遠雄敦富】- 北屯機捷預售屋．近好市多,/buildings/bh10/,8,17,15,1.875,59.125
fg / eh2,googlemap,遠雄一靚｜楠梓新案．高大特區首發｜早鳥預約中,/buildings/eh2/,7,17,24,3.4285714285714284,76
line-lap / eh1,20240809,高雄建案推薦【遠雄峰蘊】- 近科工館．高雄預售屋,/buildings/eh1/,3,17,16,5.333333333333333,0.6666666666666666
fb / bh7,5,遠房實價登錄,/,17,17,19,1.1176470588235294,0
google / cpc,(referral),遠雄一靚｜楠梓新案．高大特區首發｜早鳥預約中,/buildings/eh2/,16,16,15,0.9375,68.5
line-lap / eh1,20240809,遠房實價登錄,/,3,16,16,5.333333333333333,0
fb / dh2,fb-43,遠房實價登錄,/,16,16,19,1.1875,0
webnews / 5vo1,202508,聯上智科｜北士科AI總部 輝達核心軸線 -台北市北投區商辦/預售新建案-預約賞屋，遠創力行銷,/buildings/5vo1/,16,16,28,1.75,50.0625
ig / paid,120210744263750402,北士科建案【遠雄泱玥】-水岸首排．57-75坪,/buildings/ah2/,16,16,16,1,14.4375
google / organic,(organic),找不到頁面 - 遠雄房地產,/buildings/cgh01/,16,16,18,1.125,1.25
web-ettoday / ah2,20250911-57P,遠房實價登錄,/,16,16,18,1.125,0
google / cpc,content,建案熱區巡禮：北屯區台中首購最愛，喧鬧中的一隅悠閒 - 遠雄房地產,/life-proposal/area-l-taichung-beitun20220520/,16,16,16,1,7.8125
google / organic,(organic),建案熱區巡禮：台中港市鎮重劃區 - 清水梧棲學區篇 - 遠雄房地產,/life-proposal/area-txg-port_school_20240105/,16,16,17,1.0625,30.25
google / organic,(organic),[影音] 何世昌觀點：全台房市「蛋花湯效應」解密 - 南二都房價的變遷 - 遠雄房地產,/life-proposal/expert_hoshichang_property_south-prices_20250404/,16,16,16,1,80.8125
mkto-sn070013.com / referral,(referral),[影音] 首購或換屋族必知的不動產節稅規劃 : 持有稅｜專家觀點地政篇 - 遠雄房地產,/life-proposal/expert_zhu_propertytax_20230814/,16,16,18,1.125,123.0625
(direct) / (none),(direct),交屋看仔細，常見交屋糾紛有哪些？ - 遠雄房地產,/life-proposal/kw_delivery_20230607/,16,16,17,1.0625,102.875
fb / ah2,fb-23,遠房實價登錄,/,15,16,19,1.2666666666666666,0
fb / ar1,fb1-3,遠房實價登錄,/,15,16,18,1.2,0
google / organic,(organic),遠創力行銷-北大店 | 買賣仲介 ‧ 物件評估 ‧ 全方位資產規劃,/buildings/8fsl01/,15,16,17,1.1333333333333333,43.6
fb / paid,120210744263750402,北士科建案【遠雄泱玥】水岸首排．57-75坪,/buildings/ah2/,15,16,16,1.0666666666666667,13
(direct) / (none),(direct),大河商爵-台北市士林區廠辦/預售新建案-預約賞屋，遠創力行銷,/buildings/dgm1/,15,16,17,1.1333333333333333,10.866666666666667
(direct) / (none),(direct),熱銷建案一覽：遠雄全台預售屋、新建案、新成屋資訊,/case/search/sales_status/coming-soon/,15,16,18,1.2,15.933333333333334
google / organic,(organic),繳納房地合一稅避免踩雷必知重點 - 遠雄房地產,/life-proposal/house_income_20230119/,15,16,16,1.0666666666666667,54.86666666666667
fb / paid,120233718740630316,【遠雄樂元】北屯機捷X好市多，雙首排大道最核心，夠近才最好,/buildings/bh7/,14,16,17,1.2142857142857142,18.142857142857142
google_kw / bh8,googlemap,台中西屯建案【遠雄洄山行】．2-4房方正格局,/buildings/bh8/,14,16,18,1.2857142857142858,48
line-lap / bh9,lap-1,水湳建案【遠雄綠美】鄰近綠美圖．中央公園預售屋,/buildings/bh9/,14,16,16,1.1428571428571428,15
google / cpc,20250718,"Farglory Xinyi Center - New Taipei City Banqiao District, factory office, commercial office/pre-sale new construction project - make an appointment to view the house",/buildings/fm3/,14,16,0,0,29.285714285714285
google / organic,(organic),建案熱區巡禮：高雄三民區 - 學區篇 - 遠雄房地產,/life-proposal/area_hotspot_khh_sanmin_school_20231023/,13,16,14,1.0769230769230769,73.84615384615384
(not set),20250905五輪播,專家觀點地政篇：只有不動產怎麼繳遺產稅？實物抵繳是否划算？ - 遠雄房地產,/life-proposal/expert_zhu_property_offset-2_20241220/,13,16,0,0,8.538461538461538
(not set),20250905五輪播,記住授信5P原則，讓你的貸款成數更高更容易 - 遠雄房地產,/life-proposal/pre_mortgage_20221215/,13,16,0,0,2
(direct) / (none),(direct),附屬建物篇 : 陽台與雨遮建築法規規定為何？ - 遠雄房地產,/life-proposal/regulations_20230317/,13,16,14,1.0769230769230769,33.84615384615385
fb / eh2,8-1,遠雄高雄新案｜楠梓新案．高大特區首發｜早鳥預約中,/buildings/eh2/,12,16,17,1.4166666666666667,21.583333333333332
google / organic,(organic),首購新手買房重點：棟距與社區規劃好不好，住起來差很大 - 遠雄房地產,/life-proposal/architectural_planning/,12,16,15,1.25,27.583333333333332
m.facebook.com / referral,(referral),隱私權聲明 - 遠雄房地產,/privacy/,12,16,15,1.25,65.75
google / organic,(organic),遠雄香榭園(新北市中和區)住戶-闕先生口碑推薦- 遠雄房地產,/wom-recommendation/mr-que/,12,16,15,1.25,7.75
(not set),20250808一輪播,遠雄沐蘊-高雄市三民區預售屋/新建案-預約賞屋,/buildings/eh5/,9,16,13,1.4444444444444444,15.555555555555555
(direct) / (none),(direct),遠雄房地產預約賞屋(線上賞屋與預約賞屋),/gc_farbear/make_appointment/,7,16,91,13,343.57142857142856
(not set),20250919一輪播,遠雄龜山廠辦新案 | 預約賞屋，遠雄房地產,/buildings/hm2/,6,16,14,2.3333333333333335,1.6666666666666667
fb / ah2,fb-33,遠房實價登錄,/,16,16,18,1.125,0
google / cpc,20250905五輪播,聯上智科｜北士科AI總部 輝達核心軸線 -台北市北投區商辦/預售新建案-預約賞屋，遠創力行銷,/buildings/5vo1/,15,15,36,2.4,20.533333333333335
(not set),20250905五輪播,不動產節稅妙招：每年都要繳的財產稅省很大 - 遠雄房地產,/life-proposal/tax_mitigation_housetax_20220902/,6,15,8,1.3333333333333333,162.5
google / cpc,information4,遠房實價登錄,/,15,15,22,1.4666666666666666,0
fb / paid,120229456515280138,遠房實價登錄,/,15,15,15,1,0
google_kw / ah2,(not set),北士科建案【遠雄泱玥】水岸首排．57-75坪,/buildings/ah2/,15,15,15,1,0.3333333333333333
google / cpc,(organic),齊興_緻-台北市北投區/北士科住宅預售屋,/buildings/ar1/,15,15,22,1.4666666666666666,28.266666666666666
line-lap / bh10,line-lap20256-8,【遠雄樂元】北屯機捷X好市多，雙首排大道最核心，夠近才最好,/buildings/bh7/,15,15,16,1.0666666666666667,10.133333333333333
m.facebook.com / referral,(referral),台南永康新建案【遠雄山禾】-鹽行特區．3-4房,/buildings/dh2/,15,15,15,1,5.333333333333333
(not set),20250725一輪播,台南永康新建案【遠雄山禾】-鹽行特區．3-4房,/buildings/dh2/,15,15,16,1.0666666666666667,10.066666666666666
fb / dh2,fb-43,台南永康新建案【遠雄山禾】-鹽行特區．3-4房,/buildings/dh2/,15,15,17,1.1333333333333333,32.46666666666667
(data not available),(cross-network),遠雄沐蘊-高雄市三民區預售屋/新建案-預約賞屋,/buildings/eh5/,15,15,28,1.8666666666666667,62.06666666666667
fb / h707,24,遠雄星呈-台中市清水區預售屋/新建案-預約賞屋，遠雄房地產,/buildings/h707/,15,15,17,1.1333333333333333,44.8
fb / h707,27,遠雄星呈-台中市清水區預售屋/新建案-預約賞屋，遠雄房地產,/buildings/h707/,15,15,18,1.2,52.666666666666664
fb / h707,28,遠雄星呈-台中市清水區預售屋/新建案-預約賞屋，遠雄房地產,/buildings/h707/,15,15,16,1.0666666666666667,19.866666666666667
google / cpc,pmax-1-anothercity,熱銷建案一覽：遠雄全台預售屋、新建案、新成屋資訊,/case/search/,15,15,29,1.9333333333333333,61.266666666666666
(direct) / (none),(direct),買主口碑推薦：遠雄建案、預售屋 -遠雄房地產,/case/wom_recommendation/,15,15,17,1.1333333333333333,8.066666666666666
google / organic,(organic),買主口碑推薦：遠雄建案、預售屋 -遠雄房地產,/case/wom_recommendation/,15,15,19,1.2666666666666666,37.06666666666667
google / organic,(organic),修繕小知識：自己的浴室自己修！水龍頭、馬桶故障簡易排除法【居家百科】 - 遠雄房地產,/life-proposal/fixbathroom/,15,15,16,1.0666666666666667,30.133333333333333
(direct) / (none),(direct),預約賞屋手機驗證 - 遠雄房地產,/mob_verify/,15,15,22,1.4666666666666666,36.06666666666667
fb / 5vo1,2025090503,聯上智科｜北士科AI總部 輝達核心軸線 -台北市北投區商辦/預售新建案-預約賞屋，遠創力行銷,/buildings/5vo1/,14,15,17,1.2142857142857142,5.285714285714286
(not set),20250905一輪播,台中西屯建案【遠雄洄山行】．2-4房方正格局,/buildings/bh8/,14,15,1,0.07142857142857142,2
google / organic,(organic),劉佩真觀點：輝達黃仁勳旋風對於台灣房市帶來的正面效應 - 遠雄房地產,/life-proposal/expert_peizhen_commercial_nvidia_20250603/,14,15,16,1.1428571428571428,24.214285714285715
(direct) / (none),(direct),遠雄琢蘊,/H902/main,13,15,17,1.3076923076923077,7.538461538461538
google / cpc,(referral),北士科建案【遠雄泱玥】水岸首排．57-75坪,/buildings/ah2/,13,15,15,1.1538461538461537,53.84615384615385
(not set),20250919一輪播,水湳建案【遠雄綠美】鄰近綠美圖．中央公園預售屋,/buildings/bh9/,13,15,12,0.9230769230769231,33.46153846153846
google_kw / h707,googlemap,遠雄星呈-台中市清水區預售屋/新建案-預約賞屋，遠雄房地產,/buildings/h707/,13,15,16,1.2307692307692308,4001.076923076923
google / organic,(organic),聯絡與服務 - 遠雄房地產,/contact_service/,13,15,17,1.3076923076923077,8.307692307692308
google / organic,(organic),建案熱區巡禮：台中西屯區七期重劃區 - 學區篇 - 遠雄房地產,/life-proposal/area-txg-7th_school_20241226/,13,15,14,1.0769230769230769,80.15384615384616
google / organic,(organic),[影音] 豪宅稅跟你也有關係：屋主的策略與應對方式 - 遠雄房地產,/life-proposal/expert_zhu_tactic-tax-count_vedio_20250725/,13,15,17,1.3076923076923077,35.30769230769231
fb / bh7,fbpage,遠房實價登錄,/,12,15,16,1.3333333333333333,0
(not set),20250909一輪播,北屯敦富路【遠雄敦富】- 北屯機捷預售屋．近好市多,/buildings/bh10/,12,15,7,0.5833333333333334,0.3333333333333333
tw.search.yahoo.com / referral,(referral),房屋格局圖/平面圖怎麼看？建案平面圖符號教學，讓你秒懂房屋格局避地雷,/life-proposal/house-layout/,12,15,16,1.3333333333333333,30.333333333333332
google / organic,(organic),「高雄大美術館計畫」的誕生：內惟藝術中心絕美新地標 - 遠雄房地產,/life-proposal/kaohsiung-artplan-20220610/,12,15,16,1.3333333333333333,38.75
bing / organic,(organic),一次看懂「都市土地分區」差在哪？ - 遠雄房地產,/life-proposal/land_zoning/,12,15,15,1.25,72.33333333333333
(direct) / (none),(direct),關於遠創力 - 遠雄房地產,/about/telecreative_marketing/,11,15,16,1.4545454545454546,5
google / organic,(organic),您正在找 - 遠雄房地產,/,10,15,37,3.7,33
google / cpc,20250901,遠雄14期首發【遠雄丰尚】北屯新案．近漢神洲際百貨,/buildings/bh11/,10,15,19,1.9,10.8
google / organic,(organic),安藤忠雄：建築是凝固的旅行。在《挑戰—安藤忠雄展》的漫遊與停歇 - 遠雄房地產,/life-proposal/adaoando-20200610/,10,15,15,1.5,16.6
line-lap / eh1,20230901,高雄建案推薦【遠雄峰蘊】- 近科工館．高雄預售屋,/buildings/eh1/,7,15,14,2,1.1428571428571428
line-lap / bh10,line-lap7-3,北屯敦富路【遠雄敦富】- 北屯機捷預售屋．近好市多,/buildings/bh10/,6,15,14,2.3333333333333335,1
fb / bh5,45,遠房實價登錄,/,15,15,18,1.2,8.333333333333334
google / cpc,pmax-1-taichung,"Farglory Leyuan: Beitun Airport MRT Station and Costco, close to the heart of Shuangshou Avenue.",/buildings/bh7/,12,14,3,0.25,6.416666666666667
(not set),20250725三輪播,北屯敦富路【遠雄敦富】- 北屯機捷預售屋．近好市多,/buildings/bh10/,2,14,18,9,0
(direct) / (none),(direct),遠雄【好室智造所】全台巡迴從台中港熱鬧啟航，永續藍圖逐步落實 - 遠雄房地產,/activity-report/hauslab_2025/,14,14,15,1.0714285714285714,9.142857142857142
fb / ar1,fb3-2,齊興_緻-台北市北投區/北士科住宅預售屋,/buildings/ar1/,14,14,14,1,5.785714285714286
fb / h707,page,遠雄星呈-台中市清水區預售屋/新建案-預約賞屋，遠雄房地產,/buildings/h707/,14,14,14,1,20.5
google_kw / h713,(not set),遠雄幸福成｜即將落成 - 台中市清水區預售/新建案-預約賞屋，遠雄房地產,/buildings/h713/,14,14,14,1,1
(not set),(not set),熱銷建案：預售屋、新建案、新成屋 -遠雄房地產,/case/,14,14,9,0.6428571428571429,0.7857142857142857
mkto-sn070013.com / referral,(referral),熱銷建案一覽：遠雄全台預售屋、新建案、新成屋資訊,/case/search/,14,14,17,1.2142857142857142,11.214285714285714
google / cpc,(organic),熱銷建案一覽：遠雄全台預售屋、新建案、新成屋資訊,/case/search/sales_status/hot-sale/,14,14,15,1.0714285714285714,13.928571428571429
google / organic,(organic),熱銷建案一覽：遠雄全台預售屋、新建案、新成屋資訊,/case/search/sales_status/hot-sale/,14,14,15,1.0714285714285714,10.571428571428571
google / organic,(organic),一次搞懂老屋改建的方法 - 遠雄房地產,/life-proposal/renovation_20230330/,14,14,14,1,42
google / organic,(organic),全齡通用宅打造友善居住環境：建築環境篇 - 遠雄房地產,/life-proposal/universal-design-environment20220713/,14,14,15,1.0714285714285714,28.428571428571427
(direct) / (none),(direct),空間美學：三大保固升級服務-遠雄房地產,/life_proposal/space_aesthetics/,14,14,14,1,5.571428571428571
google / organic,(organic),影像光廊：建案風采-遠雄房地產,/about/brand_gallery/,13,14,21,1.6153846153846154,9.461538461538462
google / cpc,O1_品牌字_2025.0801,遠雄房地產精選成屋(台北、新北、台中、桃園、台南、高雄) - 遠雄房地產,/building-category-tag/featured_existing_house/,13,14,15,1.1538461538461537,4.846153846153846
pmp / (not set),6,聯上智科｜北士科AI總部 輝達核心軸線 -台北市北投區商辦/預售新建案-預約賞屋，遠創力行銷,/buildings/5vo1/,13,14,15,1.1538461538461537,38.84615384615385
google_kw / BH8,20240816_逢甲大學,台中西屯建案【遠雄洄山行】．2-4房方正格局,/buildings/BH8/,13,14,16,1.2307692307692308,27.615384615384617
dgc / eh2,20250901,遠雄高雄新案｜楠梓新案．高大特區首發｜早鳥預約中,/buildings/eh2/,13,14,14,1.0769230769230769,0.46153846153846156
fb / eh2,leads,遠雄高雄新案｜楠梓新案．高大特區首發｜早鳥預約中,/buildings/eh2/,13,14,14,1.0769230769230769,47.23076923076923
(direct) / (none),(direct),找不到頁面 - 遠雄房地產,/buildings/shqmo01/,13,14,27,2.076923076923077,5.615384615384615
google / cpc,遠雄幸福成_H713_關鍵字_0516_外縣市,熱銷建案：預售屋、新建案、新成屋 -遠雄房地產,/case/,13,14,16,1.2307692307692308,12.076923076923077
(direct) / (none),(direct),熱銷建案一覽：遠雄全台預售屋、新建案、新成屋資訊,/case/search/building-category-tag/134/,13,14,17,1.3076923076923077,15.076923076923077
google / organic,(organic),建案熱區巡禮：台中北屯區14期重劃區 - 交通篇 - 遠雄房地產,/life-proposal/area_txg_beitun_14th_traffic_20240925/,13,14,15,1.1538461538461537,36.07692307692308
google / organic,(organic),綠建築十大社區出爐，遠雄文青、遠雄THE ONE、遠雄耶魯齊上榜 - 遠雄房地產,/life-proposal/ease_eewh-ec_20230711/,13,14,14,1.0769230769230769,12.461538461538462
google / cpc,20250919一輪播,遠房實價登錄,/,14,14,15,1.0714285714285714,0
fb / o1,20250422_21-1,遠雄THE ONE-高雄市前鎮區新成屋/新建案-預約賞屋,/buildings/o1/,12,14,13,1.0833333333333333,23.166666666666668
google / organic,(organic),買預售屋時，履約保證真的對你有保障嗎？ - 遠雄房地產,/life-proposal/performance_guarantee_20221914/,12,14,13,1.0833333333333333,103.58333333333333
google / organic,(organic),預售屋付款方式詳解 - 遠雄房地產,/life-proposal/presale_payment_20221021/,12,14,14,1.1666666666666667,17.416666666666668
google / organic,(organic),遠雄沐蘊 | 夏日感恩大回饋🎁好鄰介紹所開張囉! - 遠雄房地產,/activity-report/遠雄沐蘊-夏日感恩大回饋-好鄰介紹所開張囉/,11,14,16,1.4545454545454546,48.45454545454545
google / organic,(organic),財經M平方觀點：降息循環啟動！未來該如何調整資產配置？ - 遠雄房地產,/life-proposal/expert_macromicro_cut-interest-rates_20241030/,11,14,14,1.2727272727272727,80.27272727272727
(not set),20250905五輪播,隱私權聲明 - 遠雄房地產,/privacy/,11,14,14,1.2727272727272727,26.454545454545453
google / cpc,gdn5-7,隱私權聲明 - 遠雄房地產,/privacy/,11,14,21,1.9090909090909092,59.27272727272727
fb / eh2,privacy,服務條款暨隱私權聲明 -遠雄房地產,/terms-of-service_and_privacy/,10,14,20,2,66.7
(not set),20250905五輪播,遠雄房地產精選預售屋(台北、新北、台中、桃園、台南、高雄) - 遠雄房地產,/building-category-tag/featured_pre_sale/,9,14,16,1.7777777777777777,27.333333333333332
(not set),(not set),大河商爵-台北市士林區廠辦/預售新建案-預約賞屋，遠創力行銷,/buildings/dgm1/,9,14,3,0.3333333333333333,30.22222222222222
(direct) / (none),(direct),遠雄星呈 | 新都心 心港灣-林欣伶-遠雄房地產 Farglory-Realty,/h707/b5856,9,14,15,1.6666666666666667,27.11111111111111
google / organic,(organic),在地生活：新建案、預售屋周邊資訊 -遠雄房地產,/life_proposal/music_life/,9,14,18,2,24.11111111111111
line / o1,line4-2,遠雄房地產：最懂生活的購屋專家,/,8,14,15,1.875,4.25
(not set),20250808一輪播,聯上智科｜北士科AI總部 輝達核心軸線 -台北市北投區商辦/預售新建案-預約賞屋，遠創力行銷,/buildings/5vo1/,5,14,23,4.6,34.6
(not set),20250808一輪播,專家觀點：解析房市動向與購屋建議 -遠雄房地產,/life_proposal/experts_point/,5,14,14,2.8,11.6
fb / bh7,4,遠房實價登錄,/,14,14,15,1.0714285714285714,0
fb / paid,120210867110050402,北士科建案【遠雄泱玥】-水岸首排．57-75坪,/buildings/ah2/,13,13,13,1,7.6923076923076925
(not set),20250808一輪播,七月主題報 - 遠雄房地產,/july/,0,13,12,null,null
fb / ar1,fb3-1,遠房實價登錄,/,13,13,13,1,0
m.facebook.com / referral,(referral),遠雄房地產：最懂生活的購屋專家,/,13,13,13,1,7.461538461538462
google / cpc,pmax-1-taichung,遠雄房地產：最懂生活的購屋專家,/,13,13,15,1.1538461538461537,58.07692307692308
google / cpc,project,遠雄房地產：最懂生活的購屋專家,/,13,13,16,1.2307692307692308,7.384615384615385
google / organic,(organic),品牌實力-遠雄房地產,/about/brand_performance_backup/,13,13,18,1.3846153846153846,23.153846153846153
(direct) / (none),(direct),台中西屯建案【遠雄洄山行】．2-4房方正格局,/buildings/BH8/,13,13,13,1,38.07692307692308
google_kw / BH8,20240816_台中七期,台中西屯建案【遠雄洄山行】．2-4房方正格局,/buildings/BH8/,13,13,13,1,25.923076923076923
fb / paid,120207082473750558,遠房實價登錄,/,13,13,15,1.1538461538461537,1.1538461538461537
fb / bh10,fbfanpage0801,北屯敦富路【遠雄敦富】- 北屯機捷預售屋．近好市多,/buildings/bh10/,13,13,14,1.0769230769230769,47.69230769230769
ig / paid,120233718740630316,【遠雄樂元】北屯機捷X好市多，雙首排大道最核心，夠近才最好,/buildings/bh7/,13,13,13,1,9.461538461538462
google / cpc,brand,熱銷建案：預售屋、新建案、新成屋 -遠雄房地產,/case/,13,13,17,1.3076923076923077,8
google / cpc,othercities_brand,熱銷建案一覽：遠雄全台預售屋、新建案、新成屋資訊,/case/search/,13,13,27,2.076923076923077,23.923076923076923
(direct) / (none),(direct),建案熱區巡禮：台中北屯14期重劃區生活圈，打造北台中的新興生活核心 - 遠雄房地產,/life-proposal/area_txg_beitun_14th_function_20250829/,13,13,15,1.1538461538461537,150.07692307692307
google / organic,(organic),降低室內濕度怎麼做？除濕機真的有用嗎？ - 遠雄房地產,/life-proposal/dehumidifier/,13,13,13,1,78.07692307692308
(direct) / (none),(direct),[影音] 劉佩真觀點：從總體經營環境來看2025下半年住宅與商用市場最新動態 - 遠雄房地產,/life-proposal/expert_peizhen_oee_2025h2/,13,13,14,1.0769230769230769,13.923076923076923
mkto-sn070013.com / referral,(referral),何世昌觀點：輝達總部確立，房市受惠區在哪裡？ - 遠雄房地產,/life-proposal/expert_thinktank_nvidia_20250729/,13,13,14,1.0769230769230769,63
google / organic,(organic),如何保障產權？維護自身權益必知的產權登記 - 遠雄房地產,/life-proposal/kw_equity_20230605/,13,13,13,1,48.76923076923077
google / organic,(organic),小宅攻略 ∣ 退休宅這樣規畫超完美 - 遠雄房地產,/life-proposal/space_design_smallhouse2_20240521/,13,13,14,1.0769230769230769,115.76923076923077
google / organic,(organic),不動產節稅妙招：該扣就扣不浪費，房貸利息節稅四要件 - 遠雄房地產,/life-proposal/tax_mitigation_mortgage_interest_20220902/,13,13,13,1,87.46153846153847
(direct) / (none),(direct),安心生活：三大保固升級服務 -遠雄房地產,/life_proposal/peace_mind/,13,13,13,1,4
fb / dh5,20250908,遠房實價登錄,/,12,13,13,1.0833333333333333,0
google / cpc,othercities_brand,遠雄房地產精選預售屋(台北、新北、台中、桃園、台南、高雄) - 遠雄房地產,/building-category-tag/featured_pre_sale/,12,13,18,1.5,10.5
line / 8fsl01,line0904,遠創力行銷-北大店 | 買賣仲介 ‧ 物件評估 ‧ 全方位資產規劃,/buildings/8fsl01/,12,13,12,1,11.25
fb / ah2,fb-27,北士科建案【遠雄泱玥】水岸首排．57-75坪,/buildings/ah2/,12,13,13,1.0833333333333333,31.833333333333332
fb / bh8,fb18-1,台中西屯建案【遠雄洄山行】．2-4房方正格局,/buildings/bh8/,12,13,14,1.1666666666666667,97.16666666666667
google_kw / cqh1,googlemap,村泉蒔美｜門戶端點 從容跨界｜台北生活最美起點,/buildings/cqh1/,12,13,14,1.1666666666666667,50.75
fb / dgm1,fb8-5,大河商爵-台北市士林區廠辦/預售新建案-預約賞屋，遠創力行銷,/buildings/dgm1/,12,13,13,1.0833333333333333,4.25
google_kw / eh2,(not set),遠雄一靚｜楠梓新案．高大特區首發｜早鳥預約中,/buildings/eh2/,12,13,13,1.0833333333333333,12.083333333333334
socialmedia / fgr,fbeh2info,遠雄一靚｜楠梓新案．高大特區首發｜早鳥預約中,/buildings/eh2/,12,13,14,1.1666666666666667,30.833333333333332
fb / fm3,fb2-2,遠雄信義CENTER-新北市板橋區廠辦.商辦/預售新建案-預約賞屋,/buildings/fm3/,12,13,16,1.3333333333333333,26.083333333333332
google / cpc,family_respond,找不到頁面 - 遠雄房地產,/buildings/hih1/,12,13,13,1.0833333333333333,0.25
(not set),20250905五輪播,熱銷建案一覽：遠雄全台預售屋、新建案、新成屋資訊,/case/search/page/4/,12,13,15,1.25,17.583333333333332
(not set),20250905五輪播,熱銷建案一覽：遠雄全台預售屋、新建案、新成屋資訊,/case/search/page/5/,12,13,13,1.0833333333333333,16.583333333333332
google / organic,(organic),遺產稅 彙整 - 遠雄房地產,/life-proposal-tag/2、市場/2稅務政策相關/estate_tax/,12,13,18,1.5,40.5
(not set),20250905五輪播,建案熱區巡禮：台中北屯14期重劃區生活圈，打造北台中的新興生活核心 - 遠雄房地產,/life-proposal/area_txg_beitun_14th_function_20250829/,12,13,6,0.5,25.916666666666668
google / organic,(organic),劉佩真觀點：辦公室租賃市場供需與重要趨勢變化之解析 - 遠雄房地產,/life-proposal/expert_peizhen_officemarket_20240806/,12,13,13,1.0833333333333333,48.083333333333336
google / organic,(organic),專家觀點地政篇：限貸令對各族群影響 (上) 選擇性信用管制解析與問題點 - 遠雄房地產,/life-proposal/expert_zhu_loan-restriction_20250110/,12,13,12,1,17.166666666666668
google / organic,(organic),高雄景點再+1 預計2023年完工的絕美綠建築【高雄新車站】 - 遠雄房地產,/life-proposal/kaohsiung-station-mecanoo20220610/,12,13,13,1.0833333333333333,23.916666666666668
(direct) / (none),(direct),記住授信5P原則，讓你的貸款成數更高更容易 - 遠雄房地產,/life-proposal/pre_mortgage_20221215/,12,13,14,1.1666666666666667,34.5
google / organic,(organic),實用寵物宅設計巧思：打造與毛小孩共居的舒適空間！ - 遠雄房地產,/life-proposal/space_pets_20230130/,12,13,13,1.0833333333333333,35.75
(direct) / (none),(direct),服務條款暨隱私權聲明 -遠雄房地產,/terms-of-service_and_privacy/,12,13,16,1.3333333333333333,6.416666666666667
(not set),20250905一輪播,【遠雄樂元】北屯機捷X好市多，雙首排大道最核心，夠近才最好,/buildings/bh7/,11,13,16,1.4545454545454546,5.454545454545454
google / organic,(organic),建案熱區巡禮：高雄楠梓區高大特區 - 綠地休憩篇 - 遠雄房地產,/life-proposal/area-kaohsiung-nanzi_nuk_park_20250217/,11,13,12,1.0909090909090908,22.727272727272727
google / organic,(organic),李同榮觀點：從13大指標判斷2024年下半年房產走勢 - 遠雄房地產,/life-proposal/expert_li_2024trend_20240711/,11,13,11,1,122.45454545454545
google / organic,(organic),專家觀點地政篇：央行的信用管制對貸款有何影響? - 遠雄房地產,/life-proposal/expert_zhu_credit_20231020/,11,13,14,1.2727272727272727,50.63636363636363
bing / organic,(organic),樓高的隱藏秘密：樓層高度怎麼看？ - 遠雄房地產,/life-proposal/floor_height/,11,13,13,1.1818181818181819,127.81818181818181
(direct) / (none),(direct),一次看懂「都市土地分區」差在哪？ - 遠雄房地產,/life-proposal/land_zoning/,11,13,12,1.0909090909090908,23
pmp / (not set),6,隱私權聲明 - 遠雄房地產,/privacy/,11,13,24,2.1818181818181817,45.45454545454545
google / organic,(organic),財經M平方觀點：對等關稅引發全球市場動盪 貴金屬適合投資嗎？ - 遠雄房地產,/life-proposal/expert_macromicro_precious-metals_20250430/,10,13,12,1.2,37.6
line-lap / dh2,4,遠房實價登錄,/,8,13,15,1.875,0
(not set),20250905五輪播,購屋知識：買屋流程、稅法貸款指南 -遠雄房地產,/life_proposal/buying_knowledge/,6,13,8,1.3333333333333333,4.166666666666667
line-lap / bh10,line-lap20256-8,隱私權聲明 - 遠雄房地產,/privacy/,6,13,13,2.1666666666666665,0.8333333333333334
line-lap / cgh1,line-lap3-4,找不到頁面 - 遠雄房地產,/buildings/cgh01/,4,13,13,3.25,7.5
(direct) / (none),(direct),遠雄泱玥 | 水岸正首席．北士科首獻｜57-75坪-陳怡靜-遠雄房地產 Farglory-Realty,/main/review/64/G0116,4,13,26,6.5,56.25
excel.officeapps.live.com / referral,(referral),遠雄房地產：最懂生活的購屋專家,/,3,13,18,6,19.333333333333332
fb / ao1,4-2,遠雄商舟,/,1,13,14,14,0
ig / paid,120229456515280138,遠房實價登錄,/,13,13,13,1,0
fb / O1,(referral),遠雄房地產：最懂生活的購屋專家,/,12,12,12,1,5.5
(not set),20250725二輪播,齊興_緻-台北市北投區/北士科住宅預售屋,/buildings/ar1/,2,12,12,6,3.5
fb / ah2,fb-36,遠房實價登錄,/,12,12,13,1.0833333333333333,0
google / cpc,gdn20257-1,遠房實價登錄,/,12,12,12,1,0
google_kw / ah2,googlemap,遠房實價登錄,/,12,12,14,1.1666666666666667,0
fgr-line / bh11,listbutton,遠房實價登錄,/,12,12,17,1.4166666666666667,0
fb / paid,120229486716970138,遠房實價登錄,/,12,12,13,1.0833333333333333,0
pmp / (not set),6,遠雄房地產：最懂生活的購屋專家,/,12,12,16,1.3333333333333333,26.916666666666668
(direct) / (none),(direct),活動一覽：建案活動與會員好禮 -遠雄房地產,/activity_report/activities_glance/,12,12,13,1.0833333333333333,12.5
google / cpc,(referral),北士科建案【遠雄泱玥】-水岸首排．57-75坪,/buildings/ah2/,12,12,15,1.25,28
fb / ar1,fb4-3,齊興_緻-台北市北投區/北士科住宅預售屋,/buildings/ar1/,12,12,12,1,20
fb / bh10,fb20259-3,北屯敦富路【遠雄敦富】- 北屯機捷預售屋．近好市多,/buildings/bh10/,12,12,12,1,19.916666666666668
google / cpc,pmax-1-taichung,北屯敦富路【遠雄敦富】- 北屯機捷預售屋．近好市多,/buildings/bh10/,12,12,13,1.0833333333333333,22.75
(data not available),(cross-network),村泉蒔美｜門戶端點 從容跨界｜台北生活最美起點,/buildings/cqh1/,12,12,26,2.1666666666666665,47.166666666666664
fb / dgm1,fb8-4,大河商爵-台北市士林區廠辦/預售新建案-預約賞屋，遠創力行銷,/buildings/dgm1/,12,12,12,1,14.833333333333334
google / cpc,brand,遠雄龜山廠辦新案 | 預約賞屋，遠雄房地產,/buildings/hm2/,12,12,12,1,19.916666666666668
google / organic,(organic),李同榮觀點：2025房市下跌趨勢中，預售屋進場全攻略 - 遠雄房地產,/life-proposal/expert_li_7th-cycle_20250114/,12,12,16,1.3333333333333333,102.33333333333333
(direct) / (none),(direct),李同榮觀點：2025自住首購族擇屋八大法則 - 遠雄房地產,/life-proposal/expert_li_homeowners_20250410/,12,12,12,1,102.08333333333333
(direct) / (none),(direct),修繕小知識：家中石材泛黃、有裂痕怎麼救？【居家百科】 - 遠雄房地產,/life-proposal/stone-fix/,12,12,13,1.0833333333333333,0
google / organic,(organic),不動產估價管道有哪些？ - 遠雄房地產,/life-proposal/value_estimation_of_property_20221014/,12,12,13,1.0833333333333333,31.5
(direct) / (none),(direct),在地生活：新建案、預售屋周邊資訊 -遠雄房地產,/life_proposal/music_life/,12,12,14,1.1666666666666667,22.75
l.facebook.com / referral,(referral),隱私權聲明 - 遠雄房地產,/privacy/,12,12,12,1,77.58333333333333
fb / o1,20250422_21-1,遠房實價登錄,/,11,12,12,1.0909090909090908,1.2727272727272727
(direct) / (none),(direct),品牌實力-遠雄房地產,/about/brand_performance_backup/,11,12,11,1,2.272727272727273
google / organic,(organic),預售屋 彙整 - 遠雄房地產,/building-type/pre_sale_house/,11,12,13,1.1818181818181819,20.09090909090909
fb / ah2,fb-23,北士科建案【遠雄泱玥】水岸首排．57-75坪,/buildings/ah2/,11,12,13,1.1818181818181819,36.36363636363637
line-lap / ao1,20240410_4-3,找不到頁面 - 遠雄房地產,/buildings/ao1/,11,12,12,1.0909090909090908,0.45454545454545453
fb / paid,120229486957530138,【遠雄樂元】北屯機捷X好市多，雙首排大道最核心，夠近才最好,/buildings/bh7/,11,12,13,1.1818181818181819,6.545454545454546
google / organic,(organic),房仲公會全聯會 榮譽理事長 李同榮 彙整 - 遠雄房地產,/life-proposal-category/expert_point/realestate_li/,11,12,12,1.0909090909090908,7
google / organic,(organic),建案熱區巡禮：高雄三民區中都重劃區生活圈 - 遠雄房地產,/life-proposal/area-khh-central_202306719/,11,12,12,1.0909090909090908,72
google / organic,(organic),建案熱區巡禮：亞洲新灣區躋身高雄投資開發新亮點 - 遠雄房地產,/life-proposal/area-s-kaohsiung-newbay_20220824/,11,12,12,1.0909090909090908,23.363636363636363
google / organic,(organic),建案熱區巡禮：台南溪東重劃區生活圈 - 遠雄房地產,/life-proposal/area_tnn_haidian_function_20240126/,11,12,14,1.2727272727272727,66.9090909090909
google / organic,(organic),財經M平方觀點：對等關稅下，新興亞洲將面臨哪些挑戰？ - 遠雄房地產,/life-proposal/expert_macromicro_tariffs-to-asia_20250528/,11,12,12,1.0909090909090908,35.63636363636363
tw.search.yahoo.com / referral,(referral),樓高的隱藏秘密：樓層高度怎麼看？ - 遠雄房地產,/life-proposal/floor_height/,11,12,12,1.0909090909090908,121
google / organic,(organic),居家以線板、百葉窗打造「輕美式」：首購族小資女、小家庭舒壓輕鬆宅,/life-proposal/shutters-home-design/,11,12,11,1,16.90909090909091
fgr-line / fgr,space_furnish_cabinet_20231125,工料雙漲下的省錢裝潢 | 居家裝修系統櫃新手攻略 - 遠雄房地產,/life-proposal/space_furnish_cabinet_20231125/,11,12,11,1,41.54545454545455
google / cpc,20250901,隱私權聲明 - 遠雄房地產,/privacy/,11,12,13,1.1818181818181819,23.90909090909091
google / organic,(organic),建案熱區巡禮：北屯11期，台中未來新都心 - 遠雄房地產,/life-proposal/area-s-taichung-11_20220916/,10,12,10,1,230.2
google / organic,(organic),財經M平方觀點：從房地產運作機制，一窺台灣房市發展 4 問題 - 遠雄房地產,/life-proposal/expert_macromicro_20230522/,10,12,13,1.3,176.8
(not set),20250905五輪播,劉佩真觀點：2025年第二季房市觀測 - 關稅、打炒房持續等利空，Q3房市景氣還有機會回升嗎？ - 遠雄房地產,/life-proposal/expert_peizhen_property-2025q2_20250707/,10,12,2,0.2,24
(direct) / (none),(direct),何世昌觀點：三大因素驅動，雙北市房價「蛋花湯」現象成為現在進行式　 - 遠雄房地產,/life-proposal/expert_shuangbei_20250822/,10,12,12,1.2,57
(direct) / (none),(direct),[影音] 買房後發現實際面積比權狀縮水，該找誰求償? - 遠雄房地產,/life-proposal/expert_zhu_area-discrepancy_20250827/,10,12,12,1.2,1
(not set),20250905五輪播,專家觀點地政篇：你買到的法定空地是什麼？ - 遠雄房地產,/life-proposal/expert_zhu_property_openspace_20240705/,10,12,2,0.2,25.9
(not set),20250808一輪播,高雄建案推薦【遠雄峰蘊】- 近科工館．高雄預售屋,/buildings/eh1/,9,12,10,1.1111111111111112,17
google / organic,(organic),建案熱區巡禮：台中北屯機廠重劃區生活圈 - 遠雄房地產,/life-proposal/area_txg_beitun_depot_function_20240513/,9,12,12,1.3333333333333333,64.33333333333333
(direct) / (none),(direct),永然法律不動產專欄：台版地面師如何騙走你的不動產? - 遠雄房地產,/life-proposal/expert_law_y-rlee_land-agent_20250904/,9,12,10,1.1111111111111112,40.888888888888886
tw.search.yahoo.com / referral,(referral),專家觀點地政篇：如何預防不動產詐騙？如何防止房屋被移轉？ - 遠雄房地產,/life-proposal/expert_zhu_property_scam_20240604/,9,12,13,1.4444444444444444,95.44444444444444
google / organic,(organic),永續幸福家園，全齡通用宅設計規範與趨勢 - 遠雄房地產,/life-proposal/universal-design20220708/,9,12,10,1.1111111111111112,18
socialmedia / bh8,dcard_202508,北屯敦富路【遠雄敦富】- 北屯機捷預售屋．近好市多,/buildings/bh10/,8,12,13,1.625,87.625
line-lap / dh2,4,台南永康新建案【遠雄山禾】-鹽行特區．3-4房,/buildings/dh2/,8,12,14,1.75,2.125
(not set),20250905五輪播,建案熱區巡禮：台南永康區鹽行國中重劃區生活圈 - 遠雄房地產,/life-proposal/area_tnnyongkang_redevelop_yanxing_20230901/,8,12,1,0.125,15.5
(not set),20250905五輪播,驗屋與交屋必知注意事項？新手購屋必看，驗屋清單檢查表與交屋流程有哪些？,/life-proposal/home-inspection/,8,12,7,0.875,9.75
sms / aep-cdp,aep-306,熱銷建案：預售屋、新建案、新成屋 -遠雄房地產,/case/,7,12,13,1.8571428571428572,7
line-lap / hh2,samplehouse,找不到頁面 - 遠雄房地產,/buildings/hh2/,6,12,11,1.8333333333333333,0.8333333333333334
google / organic,(organic),全齡通用宅打造友善居住環境：住家出入口篇(上篇) - 遠雄房地產,/life-proposal/universal-design-home1-20220722/,6,12,11,1.8333333333333333,53.333333333333336
tw.search.yahoo.com / referral,(referral),財經M平方觀點：2025 下半年台灣經濟怎麼走？台股、台幣一次解析 - 遠雄房地產,/life-proposal/expert_macromicro_2025econ_20250730/,5,12,9,1.8,116.2
gdn / ao1,pmax_20250326,找不到頁面 - 遠雄房地產,/buildings/ao1/,2,12,12,6,7
google_kw / BH8,extension,遠房實價登錄,/,12,12,13,1.0833333333333333,0
fb / bh10,fb20259-3,遠房實價登錄,/,11,11,11,1,0
fb / bh10,fbfanpage0801,遠房實價登錄,/,11,11,11,1,0
google / organic,(organic),公告資訊 - 遠雄房地產,/activity_report/announcement_information/,11,11,14,1.2727272727272727,15
socialmedia / bh8,dcard_202508,遠雄房地產精選預售屋(台北、新北、台中、桃園、台南、高雄) - 遠雄房地產,/building-category-tag/featured_pre_sale/,11,11,12,1.0909090909090908,14
(direct) / (none),(direct),景觀宅 彙整 - 遠雄房地產,/building-tag/景觀宅/,11,11,11,1,14.272727272727273
google / cpc,brand,聯上智科｜北士科AI總部 輝達核心軸線 -台北市北投區商辦/預售新建案-預約賞屋，遠創力行銷,/buildings/5vo1/,11,11,14,1.2727272727272727,21.818181818181817
fb / ah2,fb-33,北士科建案【遠雄泱玥】水岸首排．57-75坪,/buildings/ah2/,11,11,12,1.0909090909090908,107
fb / ah2,fb-35,北士科建案【遠雄泱玥】水岸首排．57-75坪,/buildings/ah2/,11,11,11,1,39.81818181818182
gdn / bh10,gdn20257-5,北屯敦富路【遠雄敦富】- 北屯機捷預售屋．近好市多,/buildings/bh10/,11,11,11,1,10.090909090909092
google / cpc,pmax-1-taichung,"Farglory Leyuan: Stasiun MRT Bandara Beitun dan Costco, dekat dengan jantung Shuangshou Avenue.",/buildings/bh7/,11,11,1,0.09090909090909091,8.181818181818182
line / ah2-message,(not set),村泉蒔美｜門戶端點 從容跨界｜台北生活最美起點,/buildings/cqh1/,11,11,13,1.1818181818181819,26
google / cpc,遠雄幸福成_H713_關鍵字_0516_外縣市,熱銷建案一覽：遠雄全台預售屋、新建案、新成屋資訊,/case/search/,11,11,39,3.5454545454545454,48.90909090909091
(direct) / (none),(direct),聯絡我們 - 遠雄房地產,/contact_service/contact_us/,11,11,11,1,8.818181818181818
google / organic,(organic),贈與稅 彙整 - 遠雄房地產,/life-proposal-tag/2、市場/2稅務政策相關/gift_tax/,11,11,15,1.3636363636363635,38.63636363636363
google / organic,(organic),建案熱區巡禮：新北板橋區Tpark科技特區 (遠東通訊園區) - 學區篇 - 遠雄房地產,/life-proposal/area-s-tph_banqiao_tpark_school_20250421/,11,11,12,1.0909090909090908,18.454545454545453
(direct) / (none),(direct),房地產借名登記如何保障自己 - 遠雄房地產,/life-proposal/borrow_name_20221118/,11,11,14,1.2727272727272727,40.18181818181818
(direct) / (none),(direct),劉佩真觀點：辦公室租賃將告別房東市場，然企業升級需求為重點 - 遠雄房地產,/life-proposal/expert_peizhen_office-rental_20250805/,11,11,14,1.2727272727272727,25.727272727272727
google / organic,(organic),預售屋 v.s 成屋 v.s 中古屋的差異與優缺點 - 遠雄房地產,/life-proposal/goodandbad_20221028/,11,11,11,1,56.09090909090909
google / organic,(organic),112年全台發生1萬7千多起火災事故，你了解住宅火險與商業火險嗎？ - 遠雄房地產,/life-proposal/kw_fire-insurance_20240705/,11,11,13,1.1818181818181819,59.09090909090909
(direct) / (none),(direct),遠雄敦富-董宸-遠雄房地產 Farglory-Realty,/bh10/c0744,10,11,14,1.4,13.7
google / cpc,pmax-1-anothercity,遠雄房地產精選預售屋(台北、新北、台中、桃園、台南、高雄) - 遠雄房地產,/building-category-tag/featured_pre_sale/,10,11,12,1.2,18.5
google_kw / ah2,googlemap,北士科建案【遠雄泱玥】水岸首排．57-75坪,/buildings/ah2/,10,11,13,1.3,28.5
gdn / bh10,gdn20256-8,北屯敦富路【遠雄敦富】- 北屯機捷預售屋．近好市多,/buildings/bh10/,10,11,11,1.1,10.3
web / bh10,web-Google map,北屯敦富路【遠雄敦富】- 北屯機捷預售屋．近好市多,/buildings/bh10/,10,11,12,1.2,52.9
tw.search.yahoo.com / referral,(referral),遠雄信義CENTER-新北市板橋區廠辦.商辦/預售新建案-預約賞屋,/buildings/fm3/,10,11,19,1.9,104.3
google_kw / dh2,(organic),熱銷建案一覽：遠雄全台預售屋、新建案、新成屋資訊,/case/search/,10,11,27,2.7,32.1
google / cpc,gdn5-7,熱銷建案一覽：遠雄全台預售屋、新建案、新成屋資訊,/case/search/,10,11,13,1.3,13.5
pmp / (not set),6,熱銷建案一覽：遠雄全台預售屋、新建案、新成屋資訊,/case/search/sales_status/hot-sale/,10,11,11,1.1,15.5
google / organic,(organic),建案熱區巡禮：板橋為交通便捷、生活機能佳的新北都心 - 遠雄房地產,/life-proposal/area-l-ntpc_banqiao_20240717/,10,11,12,1.2,89
google / organic,(organic),建案熱區巡禮：移居桃園市桃園區，比想像中更舒適 - 遠雄房地產,/life-proposal/area-l-taoyuan-taoyuan20220520/,10,11,14,1.4,32.8
google / organic,(organic),建案熱區巡禮：台中港市鎮重劃區 - 海線城市清水梧棲交通篇 - 遠雄房地產,/life-proposal/area-txg-port_traffic_20240120/,10,11,11,1.1,96.6
(not set),20250905五輪播,財經M平方觀點：2025 下半年台灣經濟怎麼走？台股、台幣一次解析 - 遠雄房地產,/life-proposal/expert_macromicro_2025econ_20250730/,10,11,3,0.3,56.1
mkto-sn070013.com / referral,(referral),財經M平方觀點：關稅搶出口潮退去後，2025下半年製造業還有支撐嗎？ - 遠雄房地產,/life-proposal/expert_macromicro_mfg-h2_20250820/,10,11,11,1.1,64.9
mkto-sn070013.com / referral,(referral),生活提案： 專家房市觀點、空間美學指南 -遠雄房地產,/life_proposal/,10,11,11,1.1,4.4
tw.search.yahoo.com / referral,(referral),關於遠創力 - 遠雄房地產,/about/telecreative_marketing/,9,11,10,1.1111111111111112,43.44444444444444
bing / organic,(organic),遠雄一靚｜楠梓新案．高大特區首發｜早鳥預約中,/buildings/eh2/,9,11,15,1.6666666666666667,71.11111111111111
fgr-line / fgr,expert_peizhen_bullbear-2025h2__20250829,[影音] 劉佩真觀點：下半年房市走勢利多與利空一次看！ - 遠雄房地產,/life-proposal/expert_peizhen_bullbear-2025h2__20250829/,9,11,9,1,40.111111111111114
tw.search.yahoo.com / referral,(referral),買房大小事：戶籍遷入如何辦理？ - 遠雄房地產,/life-proposal/land_household_registration/,9,11,11,1.2222222222222223,33.22222222222222
(direct) / (none),(direct),遠雄敦富-盧思成-遠雄房地產 Farglory-Realty,/bh10/g1273,8,11,11,1.375,0.5
line / bh8,20240826,台中西屯建案【遠雄洄山行】．2-4房方正格局,/buildings/bh8/,8,11,14,1.75,25.5
googlemap / o1,googlemap,遠雄THE ONE-高雄市前鎮區新成屋/新建案-預約賞屋,/buildings/o1/,8,11,9,1.125,36.875
google / organic,(organic),建案熱區巡禮：北屯區台中首購最愛，喧鬧中的一隅悠閒 - 遠雄房地產,/life-proposal/area-l-taichung-beitun20220520/,8,11,11,1.375,43.625
google / organic,(organic),李同榮觀點：台灣房市未來將面對的挑戰與蛻變 - 遠雄房地產,/life-proposal/expert_li_property_20230418/,8,11,10,1.25,44.875
google / organic,(organic),遠雄聯手蘇喻哲打造高雄科工館「健康宅」遠雄琢蘊，遠雄左岸串連1300公頃河邊綠地,/life-proposal/natural-design/,8,11,10,1.25,12.75
statics.teams.cdn.office.net / referral,(referral),熱銷建案一覽：遠雄全台預售屋、新建案、新成屋資訊,/case/search/,7,11,11,1.5714285714285714,19.285714285714285
(direct) / (none),(direct),最懂生活的購屋專家-遠雄房地產,/gc_farbear/,7,11,13,1.8571428571428572,134.42857142857142
(not set),20250905五輪播,專家觀點地政篇：限貸令對各族群影響 (下) 首購、換屋、繼承族群影響為何? - 遠雄房地產,/life-proposal/expert_zhu_loan-restriction2_20250219/,7,11,4,0.5714285714285714,8
(not set),20250905五輪播,[影音] 豪宅稅跟你也有關係：有房族注意！2025豪宅稅新門檻上路 - 遠雄房地產,/life-proposal/expert_zhu_mansion-tax-definition_vedio_20250523/,7,11,1,0.14285714285714285,1.7142857142857142
(direct) / (none),20250905五輪播,【遠雄樂元】北屯機捷X好市多，雙首排大道最核心，夠近才最好,/buildings/bh7/,5,11,2,0.4,0.4
(direct) / (none),(direct),齊興緻-林白芷-遠雄房地產 Farglory-Realty,/AR1/b3622,4,11,11,2.75,11.5
tw.search.yahoo.com / referral,(referral),停車位眉角多：車位怎麼選？一個車位可以停兩部車嗎？ - 遠雄房地產,/life-proposal/parking_space20220615/,4,11,11,2.75,59.25
tagassistant.google.com / referral,(referral),遠雄房地產：最懂生活的購屋專家,/,2,11,14,7,16.5
(not set),20250808一輪播,贈與稅與遺產稅免稅額提高，房屋轉讓給子女的規劃要點 - 遠雄房地產,/life-proposal/gift_tax/,2,11,10,5,1
socialmedia / fgr,ig,熱銷建案一覽：遠雄全台預售屋、新建案、新成屋資訊,/case/search/,10,10,28,2.8,35.6
google / cpc,gdn5-7,劉佩真觀點：製造業景氣回春挾其自用買盤  將助攻今年工業地產 - 遠雄房地產,/life-proposal/expert_peizhen_manufacturing_20240422/,0,10,10,null,null
fb / bh8,fb18-1,遠房實價登錄,/,10,10,16,1.6,0
google / cpc,type,遠房實價登錄,/,10,10,11,1.1,2.9
web / bh10,web-Google map,遠房實價登錄,/,10,10,11,1.1,0
fb / 5vo1,2025090502,聯上智科｜北士科AI總部 輝達核心軸線 -台北市北投區商辦/預售新建案-預約賞屋，遠創力行銷,/buildings/5vo1/,10,10,10,1,5.2
fb / paid,120210744263750402,北士科建案【遠雄泱玥】-水岸首排．57-75坪,/buildings/ah2/,10,10,10,1,34
m.facebook.com / referral,(referral),遠雄琉蘊 -台中市西屯區七期預售屋/新建案-預約賞屋，遠雄房地產,/buildings/bh5/,10,10,10,1,3.3
google_kw / bh9,(organic),水湳建案【遠雄綠美】鄰近綠美圖．中央公園預售屋,/buildings/bh9/,10,10,10,1,0
(not set),20250905一輪播,大河商爵-台北市士林區廠辦/預售新建案-預約賞屋，遠創力行銷,/buildings/dgm1/,10,10,6,0.6,4.2
google_kw / fm3,area,遠雄信義CENTER-新北市板橋區廠辦.商辦/預售新建案-預約賞屋,/buildings/fm3/,10,10,10,1,5.9
fb / h707,25,遠雄星呈-台中市清水區預售屋/新建案-預約賞屋，遠雄房地產,/buildings/h707/,10,10,10,1,1.6
ig / paid,120224909927020347,遠雄幸福成｜即將落成 - 台中市清水區預售/新建案-預約賞屋，遠雄房地產,/buildings/h713/,10,10,12,1.2,10.7
webforum / h713,monster,遠雄幸福成｜即將落成 - 台中市清水區預售/新建案-預約賞屋，遠雄房地產,/buildings/h713/,10,10,11,1.1,1.1
google / cpc,O1_地區字_2025.0801,"Farglory THE ONE - Newly built/newly constructed property in Qianzhen District, Kaohsiung City - Make an appointment to view the property",/buildings/o1/,10,10,1,0.1,20.5
fb / o1,20250422_24-1,遠雄THE ONE-高雄市前鎮區新成屋/新建案-預約賞屋,/buildings/o1/,10,10,11,1.1,32.1
google / cpc,pmax-1-taichung,熱銷建案：預售屋、新建案、新成屋 -遠雄房地產,/case/,10,10,11,1.1,4.6
fb / paid,120224909124380347,遠房實價登錄,/,10,10,11,1.1,0
google / cpc,pmax-1-taichung,熱銷建案一覽：遠雄全台預售屋、新建案、新成屋資訊,/case/search/sales_status/coming-soon/,10,10,13,1.3,21.5
(direct) / (none),(direct),加入遠雄 築夢齊飛！-遠雄房地產,/contact_service/join_farglory/,10,10,10,1,7.2
(direct) / (none),(direct),建案熱區巡禮：北士科爆840億商辦案量，搶攻輝達、金仁寶供應鏈需求 - 遠雄房地產,/life-proposal/5vo1-1/,10,10,11,1.1,62.5
google / organic,(organic),修繕小知識：居家隔間保養及修繕【居家百科】 - 遠雄房地產,/life-proposal/cubicle/,10,10,11,1.1,24.4
mkto-sn070013.com / referral,(referral),不動產節稅妙招：自用住宅用地優惠稅率不可不知 - 遠雄房地產,/life-proposal/tax_mitigation_land_20220902/,10,10,10,1,103.6
google / cpc,pmax-1-taichung,魏祥桐業務個人介紹 - 遠雄樂元,/sales/bh7/G0306/,10,10,11,1.1,18
google / cpc,brand,簡宇婕業務個人介紹 - 遠雄樂元,/sales/bh7/G0993/,10,10,10,1,7.8
google / cpc,pmax-1-anothercity,簡宇婕業務個人介紹 - 遠雄樂元,/sales/bh7/G0993/,10,10,14,1.4,30
google / cpc,pmax-1-taichung,簡宇婕業務個人介紹 - 遠雄樂元,/sales/bh7/G0993/,10,10,11,1.1,33.1
google / organic,(organic),陳灝業務個人介紹 - 遠雄一靚,/sales/eh2/G1010/,10,10,10,1,3.7
google / organic,(organic),趙洋寬業務個人介紹 - 遠雄商用不動產,/sales/fm3/G0922/,10,10,10,1,8
line-lap / dh2,20250905五輪播,遠房實價登錄,/,9,10,10,1.1111111111111112,0
googlemap / o1,googlemap,遠房實價登錄,/,9,10,13,1.4444444444444444,0
google / cpc,pmax-1-anothercity,遠雄房地產：最懂生活的購屋專家,/,9,10,17,1.8888888888888888,56.77777777777778
picsee-domain / referral,www.fgrealty.tw,遠雄房地產：最懂生活的購屋專家,/,9,10,10,1.1111111111111112,7.666666666666667
google / cpc,20250718,Qixing_Zhi-Taipei City Beitou District/Rumah Pra-Penjualan Perumahan Beishike,/buildings/ar1/,9,10,1,0.1111111111111111,10.88888888888889
(not set),20250905五輪播,遠雄藝舍-台中西屯區麥當勞旁金店面-預約賞屋，遠雄房地產,/buildings/bh6/,9,10,8,0.8888888888888888,14.333333333333334
line / ah2-message,(referral),村泉蒔美｜門戶端點 從容跨界｜台北生活最美起點,/buildings/cqh1/,9,10,12,1.3333333333333333,113
fb / paid,120224847618040347,遠雄幸福成｜即將落成 - 台中市清水區預售/新建案-預約賞屋，遠雄房地產,/buildings/h713/,9,10,10,1.1111111111111112,22.333333333333332
google / cpc,20250901,熱銷建案一覽：遠雄全台預售屋、新建案、新成屋資訊,/case/search/,9,10,10,1.1111111111111112,16.444444444444443
google / organic,(organic),豪宅稅 彙整 - 遠雄房地產,/life-proposal-tag/2、市場/2稅務政策相關/house_tax/豪宅稅/,9,10,13,1.4444444444444444,12.555555555555555
google / organic,(organic),建案熱區巡禮：中壢人都說自己不算桃園人？自成一格的幸福日常 - 遠雄房地產,/life-proposal/area-l-taoyuan-zhongli20220520/,9,10,10,1.1111111111111112,41.44444444444444
google / organic,(organic),建案熱區巡禮：台中西屯區七期重劃區 - 交通篇 - 遠雄房地產,/life-proposal/area-txg-7th_traffic_20250103/,9,10,10,1.1111111111111112,40.333333333333336
(direct) / (none),(direct),[影音] 豪宅稅跟你也有關係：有房族注意！2025豪宅稅新門檻上路 - 遠雄房地產,/life-proposal/expert_zhu_mansion-tax-definition_vedio_20250523/,9,10,10,1.1111111111111112,37
(not set),20250905五輪播,專家觀點地政篇：如何預防不動產詐騙？如何防止房屋被移轉？ - 遠雄房地產,/life-proposal/expert_zhu_property_scam_20240604/,9,10,1,0.1111111111111111,12.777777777777779
google / organic,(organic),談建築與社區藝術文化的結合 - 遠雄房地產,/life-proposal/gigahouse_art_20220712/,9,10,11,1.2222222222222223,2.888888888888889
google / organic,(organic),你還在擔心購屋貸款辦不下嗎？提高房貸申請審核過件率的4個方法,/life-proposal/home-loan/,9,10,9,1,67.44444444444444
google / organic,(organic),房地合一稅2.0+實價登錄2.0上路之後，疫情下的房市動向，房價走勢緩步上揚嗎?,/life-proposal/real-estate-tax/,9,10,10,1.1111111111111112,30.11111111111111
google / organic,(organic),我家有機會都更嗎？一篇文章看懂 - 遠雄房地產,/life-proposal/urbanrenewal20220603/,9,10,10,1.1111111111111112,40.333333333333336
google / organic,(organic),葉淯蓁業務個人介紹 - 遠雄樂元,/sales/bh7/B6099/,9,10,10,1.1111111111111112,16.666666666666668
fb / hch1,privacy,服務條款暨隱私權聲明 -遠雄房地產,/terms-of-service_and_privacy/,9,10,9,1,44.666666666666664
socialmedia / fgr,fb,遠雄房地產：最懂生活的購屋專家,/,8,10,14,1.75,53.5
fb / bh10,fb20259-5,北屯敦富路【遠雄敦富】- 北屯機捷預售屋．近好市多,/buildings/bh10/,8,10,11,1.375,17.75
google / organic,(organic),建案熱區巡禮：新北板橋府中與南雅地區 - 學區篇 - 遠雄房地產,/life-proposal/area-tph_banqiao_school_20240902/,8,10,11,1.375,31.625
google / organic,(organic),劉佩真觀點：2025年第一季房市觀測 - 政策與銀行管制未鬆綁，短期國內房市陷入調整期 - 遠雄房地產,/life-proposal/expert_peizhen_property-2025q1_20250418/,8,10,9,1.125,84
tw.search.yahoo.com / referral,(referral),房地一族看過來，與你有關的國稅局查稅重點 - 遠雄房地產,/life-proposal/tax_inspection_20230119/,8,10,11,1.375,69.5
google / organic,(organic),買房停看聽：嫌惡設施有哪些？ - 遠雄房地產,/life-proposal/unwanted20220610/,8,10,11,1.375,69.5
(direct) / (none),(direct),遠雄敦富-陳惠茵-遠雄房地產 Farglory-Realty,/bh10/g1274,7,10,11,1.5714285714285714,12
bing / organic,(organic),財經M平方觀點：2025 下半年台灣經濟怎麼走？台股、台幣一次解析 - 遠雄房地產,/life-proposal/expert_macromicro_2025econ_20250730/,7,10,9,1.2857142857142858,69.28571428571429
(not set),20250905五輪播,財經M平方觀點：關稅搶出口潮退去後，2025下半年製造業還有支撐嗎？ - 遠雄房地產,/life-proposal/expert_macromicro_mfg-h2_20250820/,7,10,8,1.1428571428571428,78.71428571428571
google / organic,(organic),劉佩真觀點：科技業制壓傳產，為商用不動產自用買盤主要驅動力 - 遠雄房地產,/life-proposal/expert_peizhen_commercial_tec-wins_20250205/,7,10,10,1.4285714285714286,11.714285714285714
emp.cathayholdings.com / referral,(referral),劉佩真觀點：辦公室租賃將告別房東市場，然企業升級需求為重點 - 遠雄房地產,/life-proposal/expert_peizhen_office-rental_20250805/,7,10,8,1.1428571428571428,20.714285714285715
(not set),20250905五輪播,2024十大建商出爐！大建商穩，小建商靈活，買家如何選邊站？ - 遠雄房地產,/life-proposal/kw_brand_construction_20240109/,7,10,4,0.5714285714285714,7.428571428571429
line-lap / qyh1,linelap2-2,找不到頁面 - 遠雄房地產,/buildings/qyh1/,6,10,10,1.6666666666666667,0.3333333333333333
tagassistant.google.com / referral,(referral),遠雄14期首發【遠雄丰尚】北屯新案．近漢神洲際百貨,/buildings/bh11/,5,10,14,2.8,48.4
(not set),20250905五輪播,生活提案： 專家房市觀點、空間美學指南 -遠雄房地產,/life_proposal/,5,10,12,2.4,62.6
tagassistant.google.com / referral,(referral),預約賞屋手機驗證 - 遠雄房地產,/mob_verify/,5,10,15,3,51.6
(not set),20250905五輪播,建案熱區巡禮：台南中西區運河星鑽特區，重塑台南的歷史與現代風貌 - 遠雄房地產,/life-proposal/area-s-tainan_west-central_diamond_20250425/,4,10,1,0.25,0
line-lap / bh7,lap-1,"Farglory Leyuan: Beitun Airport MRT Station and Costco, close to the heart of Shuangshou Avenue.",/buildings/bh7/,3,10,0,0,92
fb / o1,20250422_24-1,遠房實價登錄,/,10,10,10,1,0
googlemap / H109,googlemap,遠雄房地產：最懂生活的購屋專家,/,7,9,11,1.5714285714285714,12.285714285714286
5vo1 / 5vo1,202508,遠雄房地產：最懂生活的購屋專家,/,3,9,12,4,10.333333333333334
l.instagram.com / referral,(referral),遠房實價登錄,/,9,9,10,1.1111111111111112,0
ig / paid,120224909124380347,遠房實價登錄,/,9,9,9,1,0
ig / paid,120233718740630316,遠房實價登錄,/,9,9,9,1,0
google_kw / eh1,area,遠房實價登錄,/,9,9,9,1,0
fb / ar1,fb4-3,遠房實價登錄,/,9,9,9,1,0
google_kw / bh8,googlemap,遠房實價登錄,/,9,9,12,1.3333333333333333,0
google_kw / dh2,(organic),遠雄房地產精選預售屋(台北、新北、台中、桃園、台南、高雄) - 遠雄房地產,/building-category-tag/featured_pre_sale/,9,9,15,1.6666666666666667,25
fb / 8fsl01,fb7-1,遠創力行銷-北大店 | 買賣仲介 ‧ 物件評估 ‧ 全方位資產規劃,/buildings/8fsl01/,9,9,9,1,13.555555555555555
google_kw / AR1,20250616_台北豪宅/別墅,齊興_緻-台北市北投區/北士科住宅預售屋,/buildings/ar1/,9,9,9,1,9.222222222222221
google_kw / bh11,Otherarea0829,遠雄14期首發【遠雄丰尚】北屯新案．近漢神洲際百貨,/buildings/bh11/,9,9,9,1,9.666666666666666
google / cpc,gdn-1-taichung,遠雄14期首發【遠雄丰尚】北屯新案．近漢神洲際百貨,/buildings/bh11/,9,9,10,1.1111111111111112,3.3333333333333335
ig / paid,120229486957530138,【遠雄樂元】北屯機捷X好市多，雙首排大道最核心，夠近才最好,/buildings/bh7/,9,9,9,1,14.444444444444445
(data not available),(cross-network),水湳建案【遠雄綠美】鄰近綠美圖．中央公園預售屋,/buildings/bh9/,9,9,24,2.6666666666666665,57.888888888888886
google_kw / cqh1,competitor,村泉蒔美｜門戶端點 從容跨界｜台北生活最美起點,/buildings/cqh1/,9,9,9,1,4.666666666666667
line-lap / dh2,20250905五輪播,台南永康新建案【遠雄山禾】-鹽行特區．3-4房,/buildings/dh2/,9,9,9,1,0
google_kw / eh1,area,高雄建案推薦【遠雄峰蘊】- 近科工館．高雄預售屋,/buildings/eh1/,9,9,9,1,0
google / cpc,type,高雄建案推薦【遠雄峰蘊】- 近科工館．高雄預售屋,/buildings/eh1/,9,9,9,1,39.888888888888886
fb / eh5,fb29-2,遠雄沐蘊-高雄市三民區預售屋/新建案-預約賞屋,/buildings/eh5/,9,9,9,1,5.111111111111111
(not set),20250725一輪播,遠雄信義CENTER-新北市板橋區廠辦.商辦/預售新建案-預約賞屋,/buildings/fm3/,9,9,14,1.5555555555555556,14
webnews / ar1,20250918,遠雄信義CENTER-新北市板橋區廠辦.商辦/預售新建案-預約賞屋,/buildings/fm3/,9,9,11,1.2222222222222223,26.666666666666668
fb / h707,30,遠雄星呈-台中市清水區預售屋/新建案-預約賞屋，遠雄房地產,/buildings/h707/,9,9,10,1.1111111111111112,25
google / cpc,area,遠雄THE ONE-高雄市前鎮區新成屋/新建案-預約賞屋,/buildings/o1/,9,9,10,1.1111111111111112,26.333333333333332
sms / aep-cdp,aep-306,熱銷建案一覽：遠雄全台預售屋、新建案、新成屋資訊,/case/search/building-category-tag/134/,9,9,9,1,10.555555555555555
google / cpc,brand,熱銷建案一覽：遠雄全台預售屋、新建案、新成屋資訊,/case/search/page/3/,9,9,10,1.1111111111111112,9.666666666666666
google / cpc,area,熱銷建案一覽：遠雄全台預售屋、新建案、新成屋資訊,/case/search/sales_status/hot-sale/,9,9,11,1.2222222222222223,9.222222222222221
google / cpc,brand,熱銷建案一覽：遠雄全台預售屋、新建案、新成屋資訊,/case/search/sales_status/hot-sale/,9,9,15,1.6666666666666667,12.777777777777779
google / organic,(organic),遠房好友電子報 - 遠雄房地產,/farglory-realty_edm/,9,9,9,1,14.222222222222221
(direct) / (none),(direct),建案熱區巡禮：中和翻轉！北台灣電子製造業最大產業聚落  - 遠雄房地產,/life-proposal/area-l-newtaipei-zhonghe_20220923/,9,9,10,1.1111111111111112,30.555555555555557
google / organic,(organic),建案熱區巡禮：住在永康大灣好便利！唯一純住重劃區！ - 遠雄房地產,/life-proposal/area-s-tainan-dawan20220520/,9,9,9,1,45.77777777777778
google / organic,(organic),建案熱區巡禮：台中北屯機廠重劃區 - 交通篇 - 遠雄房地產,/life-proposal/area_txg_beitun_depot_traffic_20240606/,9,9,9,1,12.222222222222221
(direct) / (none),(direct),[影音] 劉佩真觀點：下半年房市走勢利多與利空一次看！ - 遠雄房地產,/life-proposal/expert_peizhen_bullbear-2025h2__20250829/,9,9,17,1.8888888888888888,53.22222222222222
google / organic,(organic),[影音] 專家觀點地政篇：連續繼承房產出售節稅有術 - 遠雄房地產,/life-proposal/expert_zhu_multiple-inheriting_vedio_20250423/,9,9,9,1,19.88888888888889
google / organic,(organic),[影音] 預售屋購買注意事項大解析 - 履約保證不可不知 - 遠雄房地產,/life-proposal/expert_zhu_property_escrow_vedio_20240531/,9,9,9,1,65.11111111111111
fgr-line / fgr,tax_mitigation_housetax_20220902,[影音] 首購或換屋族必知的不動產節稅規劃 : 持有稅｜專家觀點地政篇 - 遠雄房地產,/life-proposal/expert_zhu_propertytax_20230814/,9,9,9,1,3
google / organic,(organic),新屋居家風水擺設、格局禁忌一次看–「首購族看房買屋攻略」 - 遠雄房地產,/life-proposal/goodluck/,9,9,9,1,70.88888888888889
google / organic,(organic),全台首座美術館+圖書館共構的世界級地標「台中綠美圖」 - 遠雄房地產,/life-proposal/library-taichung20220603/,9,9,9,1,4.555555555555555
google / organic,(organic),黃子霏業務個人介紹 - 遠雄丰尚,/sales/bh11/G0630/,9,9,12,1.3333333333333333,7.333333333333333
google / cpc,brand,葉淯蓁業務個人介紹 - 遠雄樂元,/sales/bh7/B6099/,9,9,11,1.2222222222222223,11.666666666666666
google / cpc,pmax-1-anothercity,林侑立業務個人介紹 - 遠雄樂元,/sales/bh7/G0526/,9,9,9,1,42.888888888888886
google / cpc,brand,黃語璇業務個人介紹 - 遠雄樂元,/sales/bh7/G0990/,9,9,9,1,6.666666666666667
google / organic,(organic),徐靖業務個人介紹 - 遠雄一靚,/sales/eh2/G0597/,9,9,9,1,6.111111111111111
google / organic,(organic),案場活動 彙整 - 遠雄房地產,/activity-report-category/activities_glance/activities_glance_list/ag_case_activities/,8,9,18,2.25,17.75
fb / paid,120232410691820316,村泉蒔美｜門戶端點 從容跨界｜台北生活最美起點,/buildings/cqh1/,8,9,10,1.25,65.875
googlemap / dh5,googlemap,安南重劃首選【遠雄藏萃】全新落成，珍稀戶別釋出！,/buildings/dh5/,8,9,9,1.125,28.75
mkto-sn070013.com / referral,(referral),遠雄一靚｜楠梓新案．高大特區首發｜早鳥預約中,/buildings/eh2/,8,9,9,1.125,59.25
bing / organic,(organic),遠雄信義CENTER-新北市板橋區廠辦.商辦/預售新建案-預約賞屋,/buildings/fm3/,8,9,14,1.75,70.75
google-map / organic,h707,遠雄星呈-台中市清水區預售屋/新建案-預約賞屋，遠雄房地產,/buildings/h707/,8,9,11,1.375,13.625
pmp / (not set),6,熱銷建案：預售屋、新建案、新成屋 -遠雄房地產,/case/,8,9,11,1.375,15.25
google / organic,(organic),換屋族必看：換屋是要先買後賣還是先賣後買？ - 遠雄房地產,/life-proposal/change_house/,8,9,8,1,95.375
google / organic,(organic),小家庭空間重點一次上手 - 客廳篇 - 遠雄房地產,/life-proposal/design_living_room20220907/,8,9,9,1.125,49.75
google / cpc,taipei,劉學龍觀點：從2025年全球局勢來看台灣商用不動產投資動能 - 遠雄房地產,/life-proposal/expert_liu_commercial_2025global_20250418/,8,9,9,1.125,40.375
google / cpc,(organic),預約賞屋手機驗證 - 遠雄房地產,/mob_verify/,8,9,10,1.25,27
google_kw / bh9,(organic),遠房實價登錄,/,9,9,9,1,0
leju / eh2,lejuweb,遠雄一靚｜楠梓新案．高大特區首發｜早鳥預約中,/buildings/eh2/,7,9,12,1.7142857142857142,98
line-lap / h707,1,遠雄星呈-台中市清水區預售屋/新建案-預約賞屋，遠雄房地產,/buildings/h707/,7,9,9,1.2857142857142858,1
google / organic,(organic),超級好友VIP💎推薦購屋大賞 推薦購屋送黃金! - 遠雄房地產,/landing-page/mgm-gold/,7,9,8,1.1428571428571428,24.428571428571427
google / organic,(organic),建築技術規則 彙整 - 遠雄房地產,/life-proposal-tag/policy/建築技術規則/,7,9,9,1.2857142857142858,7.857142857142857
google / organic,(organic),建案熱區巡禮：台南永康大灣重劃區 - 學區篇 - 遠雄房地產,/life-proposal/area-hotspot-tnn-dawan_school_20240303/,7,9,9,1.2857142857142858,14.571428571428571
google / organic,(organic),建案熱區巡禮：鼓山豪宅黃金鐵三角，高雄指標蛋黃區 - 遠雄房地產,/life-proposal/area-l-kaohsiung-gusha20200520/,7,9,9,1.2857142857142858,43.857142857142854
google / organic,(organic),守護居家用電安全，一項一項打勾確認才安心【居家百科】 - 遠雄房地產,/life-proposal/electrical-safety/,7,9,9,1.2857142857142858,39
google / organic,(organic),財經M平方觀點：受惠中國解封 全球製造業將逐步落底 - 遠雄房地產,/life-proposal/expert_macromicro_20230320/,7,9,10,1.4285714285714286,11.285714285714286
google / cpc,20250718,远雄信义CENTER-新北市板桥区厂办.商办/预售新建案-预约赏屋,/buildings/fm3/,6,9,4,0.6666666666666666,28.833333333333332
(not set),20250905五輪播,建案熱區巡禮：北士科爆840億商辦案量，搶攻輝達、金仁寶供應鏈需求 - 遠雄房地產,/life-proposal/5vo1-1/,6,9,4,0.6666666666666666,52
google / organic,(organic),建案熱區巡禮：台中清水梧棲區挾海空雙港優勢，翻身成房市黑馬 - 遠雄房地產,/life-proposal/area-l-taichung-wuqi_20220826/,6,9,6,1,11.166666666666666
console-v2.omnichat.ai / referral,(referral),遠房實價登錄,/,5,9,11,2.2,0
(direct) / (none),(direct),天易地政事務所所長 朱智豪 彙整 - 遠雄房地產,/life-proposal-category/expert_point/land_zhu/,5,9,11,2.2,8.2
(direct) / (none),(direct),齊興緻-鍾坤霖-遠雄房地產 Farglory-Realty,/AR1/b2509,4,9,9,2.25,4.5
yahoo / organic,(organic),遠房實價登錄,/,9,9,13,1.4444444444444444,0
m.facebook.com / referral,(referral),北士科建案【遠雄泱玥】-水岸首排．57-75坪,/buildings/ah2/,8,8,8,1,3.25
(not set),20250808一輪播,房屋格局圖/平面圖怎麼看？建案平面圖符號教學，讓你秒懂房屋格局避地雷,/life-proposal/house-layout/,1,8,8,8,1
google_kw / BH8,20240816_台中七期,遠房實價登錄,/,8,8,11,1.375,0
fb / o1,20250402_15-1,遠房實價登錄,/,8,8,9,1.125,0.25
google / cpc,20250905一輪播,遠房實價登錄,/,8,8,8,1,0
line / bh11,20250918,遠房實價登錄,/,8,8,9,1.125,0
fb / eh2,8-6,遠房實價登錄,/,8,8,14,1.75,0
fb / ah2,fb-35,遠房實價登錄,/,8,8,8,1,0
webforum / h713,monster,遠房實價登錄,/,8,8,8,1,0
google_kw / dh2,(organic),遠雄房地產：最懂生活的購屋專家,/,8,8,8,1,14.75
webnews / ao1,20250317,遠雄房地產：最懂生活的購屋專家,/,8,8,10,1.25,7.5
google / organic,(organic),【究極の月】一品富貴中秋禮盒(流心月餅/東方美人茶) - 遠雄房地產,/activity-report/mid-autumn-festival/,8,8,9,1.125,6.375
google / cpc,O1_特色字_2025.0801,遠雄房地產精選成屋(台北、新北、台中、桃園、台南、高雄) - 遠雄房地產,/building-category-tag/featured_existing_house/,8,8,9,1.125,5.125
google / cpc,corearea0829,遠雄房地產精選預售屋(台北、新北、台中、桃園、台南、高雄) - 遠雄房地產,/building-category-tag/featured_pre_sale/,8,8,10,1.25,8.75
google / cpc,(organic),聯上智科｜北士科AI總部 輝達核心軸線 -台北市北投區商辦/預售新建案-預約賞屋，遠創力行銷,/buildings/5vo1/,8,8,8,1,15.75
(direct) / (none),(direct),遠創力行銷-北大店 | 買賣仲介 ‧ 物件評估 ‧ 全方位資產規劃,/buildings/8fsl01/,8,8,9,1.125,8.875
google_kw / 8fsl01,beida,遠創力行銷-北大店 | 買賣仲介 ‧ 物件評估 ‧ 全方位資產規劃,/buildings/8fsl01/,8,8,8,1,0
google / cpc,(organic),台中西屯建案【遠雄洄山行】．2-4房方正格局,/buildings/BH8/,8,8,8,1,27.25
ig / paid,120224631795180316,遠房實價登錄,/,8,8,9,1.125,0
google / cpc,20250905五輪播,北士科建案【遠雄泱玥】-水岸首排．57-75坪,/buildings/ah2/,8,8,9,1.125,39
fb / ah2,fb-23,北士科建案【遠雄泱玥】-水岸首排．57-75坪,/buildings/ah2/,8,8,13,1.625,15.5
fb / ah2,fb-32,北士科建案【遠雄泱玥】-水岸首排．57-75坪,/buildings/ah2/,8,8,8,1,34.75
(data not available),(cross-network),北士科建案【遠雄泱玥】水岸首排．57-75坪,/buildings/ah2/,8,8,17,2.125,60.375
bing / organic,(organic),齊興_緻-台北市北投區/北士科住宅預售屋,/buildings/ar1/,8,8,8,1,25.75
google_kw / AR1,20250616_北投士林豪宅/別墅,齊興_緻-台北市北投區/北士科住宅預售屋,/buildings/ar1/,8,8,8,1,6.375
google / cpc,brand,齊興_緻-台北市北投區/北士科住宅預售屋,/buildings/ar1/,8,8,12,1.5,41.375
google_kw / bh11,0829,遠雄14期首發【遠雄丰尚】北屯新案．近漢神洲際百貨,/buildings/bh11/,8,8,9,1.125,8.625
google / cpc,othercities_brand,遠雄14期首發【遠雄丰尚】北屯新案．近漢神洲際百貨,/buildings/bh11/,8,8,8,1,7.375
(data not available),(cross-network),遠雄琉蘊 -台中市西屯區七期預售屋/新建案-預約賞屋，遠雄房地產,/buildings/bh5/,8,8,15,1.875,40.25
google / cpc,(organic),遠雄藝舍-台中西屯區麥當勞旁金店面-預約賞屋，遠雄房地產,/buildings/bh6/,8,8,8,1,32.375
bing / organic,(organic),【遠雄樂元】北屯機捷X好市多，雙首排大道最核心，夠近才最好,/buildings/bh7/,8,8,9,1.125,70.125
google / cpc,20250829,【遠雄樂元】北屯機捷X好市多，雙首排大道最核心，夠近才最好,/buildings/bh7/,8,8,8,1,1.25
google / cpc,(referral),水湳建案【遠雄綠美】鄰近綠美圖．中央公園預售屋,/buildings/bh9/,8,8,10,1.25,54
fb / bh9,33,水湳建案【遠雄綠美】鄰近綠美圖．中央公園預售屋,/buildings/bh9/,8,8,8,1,16.625
fb / fbpage,(not set),村泉蒔美｜門戶端點 從容跨界｜台北生活最美起點,/buildings/cqh1/,8,8,8,1,0.375
facebook.com / referral,(referral),大河商爵-台北市士林區廠辦/預售新建案-預約賞屋，遠創力行銷,/buildings/dgm1/,8,8,8,1,2.375
fb / dgm1,fb5-5,大河商爵-台北市士林區廠辦/預售新建案-預約賞屋，遠創力行銷,/buildings/dgm1/,8,8,8,1,5.5
fb / dgm1,fb6-3,大河商爵-台北市士林區廠辦/預售新建案-預約賞屋，遠創力行銷,/buildings/dgm1/,8,8,8,1,3.375
line-lap / dh2,8,台南永康新建案【遠雄山禾】-鹽行特區．3-4房,/buildings/dh2/,8,8,10,1.25,15.75
google / cpc,20250905五輪播,高雄建案推薦【遠雄峰蘊】- 近科工館．高雄預售屋,/buildings/eh1/,8,8,10,1.25,213.75
google / cpc,O1_地區字_2025.0801,遠雄沐蘊-高雄市三民區預售屋/新建案-預約賞屋,/buildings/eh5/,8,8,9,1.125,36.125
fb / eh5,fb28-1,遠雄沐蘊-高雄市三民區預售屋/新建案-預約賞屋,/buildings/eh5/,8,8,8,1,4.625
google_kw / fm3,Com,遠雄信義CENTER-新北市板橋區廠辦.商辦/預售新建案-預約賞屋,/buildings/fm3/,8,8,8,1,1.5
fb / fm3,fb4-1,遠雄信義CENTER-新北市板橋區廠辦.商辦/預售新建案-預約賞屋,/buildings/fm3/,8,8,8,1,25.375
google_kw / h707,(organic),遠雄星呈-台中市清水區預售屋/新建案-預約賞屋，遠雄房地產,/buildings/h707/,8,8,8,1,0
fb / h707,12,遠雄星呈-台中市清水區預售屋/新建案-預約賞屋，遠雄房地產,/buildings/h707/,8,8,8,1,2.625
fb / hm2,250819_02,遠雄龜山廠辦新案 | 預約賞屋，遠雄房地產,/buildings/hm2/,8,8,9,1.125,47.5
fb / o1,20250402_15-1,遠雄THE ONE-高雄市前鎮區新成屋/新建案-預約賞屋,/buildings/o1/,8,8,9,1.125,19.5
(data not available),(cross-network),熱銷建案一覽：遠雄全台預售屋、新建案、新成屋資訊,/case/search/,8,8,17,2.125,19.5
google / cpc,(organic),熱銷建案一覽：遠雄全台預售屋、新建案、新成屋資訊,/case/search/page/3/,8,8,9,1.125,17.625
google / cpc,area,熱銷建案一覽：遠雄全台預售屋、新建案、新成屋資訊,/case/search/sales_status/coming-soon/,8,8,9,1.125,19
google / organic,(organic),房地合一稅 彙整 - 遠雄房地產,/life-proposal-tag/2、市場/2稅務政策相關/house-and-land/,8,8,8,1,2.25
google / organic,(organic),建案熱區巡禮：台中西屯區 - 交通篇 - 遠雄房地產,/life-proposal/area_hotspot_txg_xitun_traffic_20231124/,8,8,10,1.25,46
yt / fgr,expert_housing-market_20250820,[影音] 專家看2025年上半年預售屋市場 : 四大現象觀察 - 遠雄房地產,/life-proposal/expert_housing-market_20250820/,8,8,8,1,11.625
google / cpc,taipei,劉佩真觀點：科技業對於辦公大樓租賃或購置的需求趨勢 - 遠雄房地產,/life-proposal/expert_peizhen_tech-office_20240206/,8,8,8,1,14.25
(direct) / (none),(direct),何世昌觀點：擴大赴美投資成定局，台積宅還能買嗎？ - 遠雄房地產,/life-proposal/expert_tsmc-housing_20250703/,8,8,8,1,0
google / organic,(organic),首購最愛買這裡！盤點「第一間房」的交易熱區 - 遠雄房地產,/life-proposal/firstbuy-2021hotpod/,8,8,8,1,5.625
google / organic,(organic),桃園青埔青山里：埤塘文化的保存及再生！水色山光小日子的永續幸福 - 遠雄房地產,/life-proposal/interview-s-taoyuan-qingshan_20230306/,8,8,9,1.125,25
(direct) / (none),(direct),社區營運兩三事：管理費與公共基金 - 遠雄房地產,/life-proposal/land_fund/,8,8,9,1.125,41.5
google / organic,(organic),安心生活：三大保固升級服務 -遠雄房地產,/life_proposal/peace_mind/,8,8,11,1.375,29.375
(data not available),(cross-network),隱私權聲明 - 遠雄房地產,/privacy/,8,8,11,1.375,10.875
(not set),(not set),隱私權聲明 - 遠雄房地產,/privacy/,8,8,7,0.875,7
google / organic,(organic),馬一鳴業務個人介紹 - 遠雄THE ONE,/sales/O1/B5948/,8,8,10,1.25,9.875
google / cpc,pmax-1-taichung,葉淯蓁業務個人介紹 - 遠雄樂元,/sales/bh7/B6099/,8,8,11,1.375,8
google / cpc,pmax-1-taichung,黃語璇業務個人介紹 - 遠雄樂元,/sales/bh7/G0990/,8,8,12,1.5,14.5
google / organic,(organic),曾華萱業務個人介紹 - 村泉蒔美,/sales/cqh1/G0679/,8,8,10,1.25,15
google / cpc,CQH1-品牌字,曾華萱業務個人介紹 - 村泉蒔美,/sales/cqh1/G0679/,8,8,8,1,4
l.instagram.com / referral,(referral),遠雄丰尚-陳蘊文-遠雄房地產 Farglory-Realty,/bh11/G1189,7,8,9,1.2857142857142858,1.5714285714285714
line / bh11,20250829,遠雄房地產精選預售屋(台北、新北、台中、桃園、台南、高雄) - 遠雄房地產,/building-category-tag/featured_pre_sale/,7,8,9,1.2857142857142858,23
(direct) / (none),(direct),找不到頁面 - 遠雄房地產,/buildings/ao1/,7,8,8,1.1428571428571428,3
leju / bh10,leju,北屯敦富路【遠雄敦富】- 北屯機捷預售屋．近好市多,/buildings/bh10/,7,8,7,1,131.57142857142858
google / cpc,20250829,Farglory Fase 14 meluncurkan proyek baru Beitun [Farglory Fengshang]. Dekat Hanshin InterContinental Department Store.,/buildings/bh11/,7,8,0,0,35.857142857142854
mkto-sn070013.com / referral,(referral),遠雄14期首發【遠雄丰尚】北屯新案．近漢神洲際百貨,/buildings/bh11/,7,8,7,1,62.857142857142854
google_kw / bh5,(organic),遠雄琉蘊 -台中市西屯區七期預售屋/新建案-預約賞屋，遠雄房地產,/buildings/bh5/,7,8,10,1.4285714285714286,25
google / cpc,20250919一輪播,【遠雄樂元】北屯機捷X好市多，雙首排大道最核心，夠近才最好,/buildings/bh7/,7,8,7,1,30.714285714285715
sms / aep-cdp,aep-306,遠雄一靚｜楠梓新案．高大特區首發｜早鳥預約中,/buildings/eh2/,7,8,8,1.1428571428571428,45.142857142857146
line / h713,(not set),遠雄幸福成｜即將落成 - 台中市清水區預售/新建案-預約賞屋，遠雄房地產,/buildings/h713/,7,8,9,1.2857142857142858,23.857142857142858
googlemap / o1,googlemap,熱銷建案一覽：遠雄全台預售屋、新建案、新成屋資訊,/case/search/,7,8,15,2.142857142857143,12.428571428571429
google_kw / 5vo1,202509_ex6,建案熱區巡禮：北士科爆840億商辦案量，搶攻輝達、金仁寶供應鏈需求 - 遠雄房地產,/life-proposal/5vo1-1/,7,8,9,1.2857142857142858,16.571428571428573
google / organic,(organic),建案熱區巡禮：台中港市鎮重劃區 - 清水梧棲綠地休憩篇 - 遠雄房地產,/life-proposal/area-txg-port_park_20240111/,7,8,8,1.1428571428571428,81.85714285714286
google / organic,(organic),李同榮觀點：下一波第七循環房市的七大主力市場 - 遠雄房地產,/life-proposal/expert_li_7th-cycle_20241101/,7,8,9,1.2857142857142858,89.14285714285714
tw.search.yahoo.com / referral,(referral),財經M平方觀點：降息了黃金一定會漲嗎？探討未來黃金走勢 - 遠雄房地產,/life-proposal/expert_macromicro_golden_20241119/,7,8,8,1.1428571428571428,149.57142857142858
google / organic,(organic),建案熱區巡禮 - 好想搬去新北住！新莊副都心生活圈，一步抵達頂級人生 - 遠雄房地產,/life-proposal/xinzhuang/,7,8,7,1,17.571428571428573
(direct) / (none),(direct),齊興緻-張佑甄-遠雄房地產 Farglory-Realty,/AR1/g1242,6,8,10,1.6666666666666667,8
(direct) / (none),(direct),遠雄敦富-李心心-遠雄房地產 Farglory-Realty,/bh10/G0599,6,8,10,1.6666666666666667,6.333333333333333
google / organic,(organic),商廠辦 彙整 - 遠雄房地產,/building-tag/商廠辦/,6,8,9,1.5,29.333333333333332
tw.search.yahoo.com / referral,(referral),北士科建案【遠雄泱玥】水岸首排．57-75坪,/buildings/ah2/,6,8,8,1.3333333333333333,38.5
fb / bh11,fanpagebutton,遠雄14期首發【遠雄丰尚】北屯新案．近漢神洲際百貨,/buildings/bh11/,6,8,9,1.5,24.333333333333332
news.google.com / referral,(referral),建案熱區巡禮：台南中西區運河星鑽特區，重塑台南的歷史與現代風貌 - 遠雄房地產,/life-proposal/area-s-tainan_west-central_diamond_20250425/,6,8,8,1.3333333333333333,33.833333333333336
(direct) / (none),(direct),遠雄丰尚-李佳蓉-遠雄房地產 Farglory-Realty,/bh11/G1266,5,8,8,1.6,22.8
google_kw / 8fsl01,buyhouse,遠創力行銷-北大店 | 買賣仲介 ‧ 物件評估 ‧ 全方位資產規劃,/buildings/8fsl01/,5,8,9,1.8,1.8
gdn / bh10,gdn20252-5,北屯敦富路【遠雄敦富】- 北屯機捷預售屋．近好市多,/buildings/bh10/,5,8,9,1.8,17.8
gdn / bh10,gdn20253-1,北屯敦富路【遠雄敦富】- 北屯機捷預售屋．近好市多,/buildings/bh10/,5,8,9,1.8,6.4
fb / eh1,5-4,高雄建案推薦【遠雄峰蘊】- 近科工館．高雄預售屋,/buildings/eh1/,5,8,7,1.4,29.4
socialmedia / bh8,dcard_202508,熱銷建案一覽：遠雄全台預售屋、新建案、新成屋資訊,/case/search/,4,8,12,3,43
tw.search.yahoo.com / referral,(referral),建案熱區巡禮：新竹市東區 - 以科技驅動的繁榮未來 - 遠雄房地產,/life-proposal/area-l-hsinchu-east20240110/,4,8,7,1.75,95.75
(not set),20250725一輪播,遠雄房地產：最懂生活的購屋專家,/,3,8,10,3.3333333333333335,4
google_kw / 5vo1,202509,聯上智科｜北士科AI總部 輝達核心軸線 -台北市北投區商辦/預售新建案-預約賞屋，遠創力行銷,/buildings/5vo1/,3,8,8,2.6666666666666665,102
tagassistant.google.com / referral,(referral),預約成功 - 遠雄房地產,/預約成功感謝頁/,3,8,12,4,10
(not set),20250808一輪播,遠雄沐蘊 | 夏日感恩大回饋🎁好鄰介紹所開張囉! - 遠雄房地產,/activity-report/遠雄沐蘊-夏日感恩大回饋-好鄰介紹所開張囉/,2,8,9,4.5,4.5
app.clickup.com / referral,(referral),遠雄房地產預約賞屋(線上賞屋與預約賞屋),/gc_farbear/make_appointment/,2,8,12,6,426.5
bing / organic,(organic),專家觀點：解析房市動向與購屋建議 -遠雄房地產,/life_proposal/experts_point/,2,8,13,6.5,39
(direct) / (none),(direct),遠雄泱玥 | 水岸正首席．北士科首獻｜47-75坪-陳怡靜-遠雄房地產 Farglory-Realty,/main/review/64/G0116,2,8,16,8,0
line-lap / ao1,20250226_2-2,遠雄房地產：最懂生活的購屋專家,/,1,8,8,8,0
(not set),20250613一輪播,劉佩真觀點：2025年第二季房市觀測 - 關稅、打炒房持續等利空，Q3房市景氣還有機會回升嗎？ - 遠雄房地產,/life-proposal/expert_peizhen_property-2025q2_20250707/,1,8,5,5,627
fb / paid,120233718740630316,遠房實價登錄,/,8,8,8,1,0
fb / eh5,fb26,遠雄沐蘊-高雄市三民區預售屋/新建案-預約賞屋,/buildings/eh5/,7,7,7,1,33.857142857142854
(not set),20250905五輪播,遠雄泱玥 | 水岸正首席．北士科首獻｜57-75坪-蔡定誠-遠雄房地產 Farglory-Realty,/main/review/64/b4720,2,7,8,4,52
google / cpc,20250909一輪播,遠房實價登錄,/,7,7,9,1.2857142857142858,0
line-lap / dh2,8,遠房實價登錄,/,7,7,10,1.4285714285714286,0
line-lap / bh9,lap-1,遠房實價登錄,/,7,7,7,1,0
fb / bh5,privacy,遠房實價登錄,/,7,7,8,1.1428571428571428,0
(direct) / (none),(direct),遠雄房地產 官方LINE | 7月大巨蛋專屬貴賓席 - 遠雄房地產,/activity-report/遠雄房地產-官方line-7月大巨蛋專屬貴賓席/,7,7,8,1.1428571428571428,5.571428571428571
google / organic,(organic),遠雄房地產 官方LINE | 7月大巨蛋專屬貴賓席 - 遠雄房地產,/activity-report/遠雄房地產-官方line-7月大巨蛋專屬貴賓席/,7,7,7,1,14.428571428571429
(direct) / (none),(direct),遠雄泱玥 | 水岸正首席．北士科首獻｜57-75坪,/ah2/main,7,7,13,1.8571428571428572,2.4285714285714284
(direct) / (none),(direct),遠雄房地產精選成屋(台北、新北、台中、桃園、台南、高雄) - 遠雄房地產,/building-category-tag/featured_existing_house/,7,7,10,1.4285714285714286,25.714285714285715
google_kw / BH8,20240816_品牌字,遠雄房地產精選預售屋(台北、新北、台中、桃園、台南、高雄) - 遠雄房地產,/building-category-tag/featured_pre_sale/,7,7,8,1.1428571428571428,15.142857142857142
google / organic,(organic),重劃區相關預售屋/新成屋/新建案資料|遠雄房地產,/building-tag/build-tag-plan/,7,7,8,1.1428571428571428,11.428571428571429
facebook.com / referral,(referral),聯上智科｜北士科AI總部 輝達核心軸線 -台北市北投區商辦/預售新建案-預約賞屋，遠創力行銷,/buildings/5vo1/,7,7,7,1,5.285714285714286
ig / paid,120232683014030617,聯上智科｜北士科AI總部 輝達核心軸線 -台北市北投區商辦/預售新建案-預約賞屋，遠創力行銷,/buildings/5vo1/,7,7,7,1,5.571428571428571
fb / 8fsl01,fb8-1,遠創力行銷-北大店 | 買賣仲介 ‧ 物件評估 ‧ 全方位資產規劃,/buildings/8fsl01/,7,7,8,1.1428571428571428,0
(direct) / (none),(direct),遠創力行銷-未來店 | 全房產 專業仲介服務,/buildings/8hgs01/,7,7,8,1.1428571428571428,14.571428571428571
ig / paid,120224631795180316,北士科建案【遠雄泱玥】-水岸首排．57-75坪,/buildings/ah2/,7,7,7,1,2.857142857142857
fb / ah2,fb-33,北士科建案【遠雄泱玥】-水岸首排．57-75坪,/buildings/ah2/,7,7,8,1.1428571428571428,22.285714285714285
google / cpc,brand,北士科建案【遠雄泱玥】水岸首排．57-75坪,/buildings/ah2/,7,7,7,1,22.142857142857142
google / cpc,(not set),齊興_緻-台北市北投區/北士科住宅預售屋,/buildings/ar1//,7,7,7,1,0
pmp / (not set),6,北屯敦富路【遠雄敦富】- 北屯機捷預售屋．近好市多,/buildings/bh10/,7,7,10,1.4285714285714286,75.42857142857143
google_kw / bh10,beitun,北屯敦富路【遠雄敦富】- 北屯機捷預售屋．近好市多,/buildings/bh10/,7,7,7,1,7.571428571428571
fb / bh10,fb20259-4,北屯敦富路【遠雄敦富】- 北屯機捷預售屋．近好市多,/buildings/bh10/,7,7,7,1,6.857142857142857
google / cpc,beitun,遠雄14期首發【遠雄丰尚】北屯新案．近漢神洲際百貨,/buildings/bh11/,7,7,7,1,16.142857142857142
google / cpc,pmax-1-anothercity,遠雄14期首發【遠雄丰尚】北屯新案．近漢神洲際百貨,/buildings/bh11/,7,7,10,1.4285714285714286,16.714285714285715
fb / bh5,privacy,遠雄琉蘊 -台中市西屯區七期預售屋/新建案-預約賞屋，遠雄房地產,/buildings/bh5/,7,7,8,1.1428571428571428,32.285714285714285
fb / paid,120234317298640316,【遠雄樂元】北屯機捷X好市多，雙首排大道最核心，夠近才最好,/buildings/bh7/,7,7,8,1.1428571428571428,88.42857142857143
google_kw / BH8,20240816_品牌字,【遠雄樂元】北屯機捷X好市多，雙首排大道最核心，夠近才最好,/buildings/bh7/,7,7,9,1.2857142857142858,14.142857142857142
fb / fbpage,(referral),村泉蒔美｜門戶端點 從容跨界｜台北生活最美起點,/buildings/cqh1/,7,7,7,1,17.285714285714285
fb / dgm1,fb5-7,大河商爵-台北市士林區廠辦/預售新建案-預約賞屋，遠創力行銷,/buildings/dgm1/,7,7,7,1,6
fb / dgm1,fb6-2,大河商爵-台北市士林區廠辦/預售新建案-預約賞屋，遠創力行銷,/buildings/dgm1/,7,7,7,1,1.7142857142857142
fb / dgm1,fb8-6,大河商爵-台北市士林區廠辦/預售新建案-預約賞屋，遠創力行銷,/buildings/dgm1/,7,7,7,1,2.142857142857143
fb / dgm1,fbfanpage0829,大河商爵-台北市士林區廠辦/預售新建案-預約賞屋，遠創力行銷,/buildings/dgm1/,7,7,7,1,2.2857142857142856
(data not available),(cross-network),高雄建案推薦【遠雄峰蘊】- 近科工館．高雄預售屋,/buildings/eh1/,7,7,15,2.142857142857143,46.714285714285715
google / cpc,(not set),遠雄高雄新案｜楠梓新案．高大特區首發｜早鳥預約中,/buildings/eh2/,7,7,8,1.1428571428571428,16.142857142857142
google / cpc,brand,遠雄高雄新案｜楠梓新案．高大特區首發｜早鳥預約中,/buildings/eh2/,7,7,9,1.2857142857142858,20.571428571428573
google / cpc,information4,遠雄高雄新案｜楠梓新案．高大特區首發｜早鳥預約中,/buildings/eh2/,7,7,7,1,9.857142857142858
tw.search.yahoo.com / referral,(referral),遠雄沐蘊-高雄市三民區預售屋/新建案-預約賞屋,/buildings/eh5/,7,7,9,1.2857142857142858,93
google / cpc,20250905五輪播,遠雄沐蘊-高雄市三民區預售屋/新建案-預約賞屋,/buildings/eh5/,7,7,13,1.8571428571428572,91.42857142857143
sms / aep-cdp,aep-306,遠雄沐蘊-高雄市三民區預售屋/新建案-預約賞屋,/buildings/eh5/,7,7,9,1.2857142857142858,47.285714285714285
mkto-sn070013.com / referral,(referral),遠房實價登錄,/,7,7,9,1.2857142857142858,0
fb / eh5,fb29-1,遠雄沐蘊-高雄市三民區預售屋/新建案-預約賞屋,/buildings/eh5/,7,7,7,1,2.5714285714285716
google / cpc,0829,熱銷建案一覽：遠雄全台預售屋、新建案、新成屋資訊,/case/search/,7,7,8,1.1428571428571428,16.142857142857142
google / cpc,area,熱銷建案一覽：遠雄全台預售屋、新建案、新成屋資訊,/case/search/,7,7,15,2.142857142857143,33
sms / aep-cdp,aep-306,熱銷建案一覽：遠雄全台預售屋、新建案、新成屋資訊,/case/search/page/2/,7,7,11,1.5714285714285714,24
google / cpc,20250901,熱銷建案一覽：遠雄全台預售屋、新建案、新成屋資訊,/case/search/sales_status/coming-soon/,7,7,9,1.2857142857142858,12.428571428571429
google / organic,(organic),建案熱區巡禮：台南永康大灣重劃區 - 綠地休憩篇 - 遠雄房地產,/life-proposal/area-hotspot-tnn-dawan_park_20240229/,7,7,9,1.2857142857142858,34.42857142857143
google / organic,(organic),建案熱區巡禮：蓄勢待發的台中14期美和庄市地重劃區 - 遠雄房地產,/life-proposal/area-s-taichung-14th20220520/,7,7,8,1.1428571428571428,106.85714285714286
(direct) / (none),(direct),建案熱區巡禮：新北板橋府中與南雅地區 - 遠雄房地產,/life-proposal/area-s-tph_banqiao_nanya_20240820/,7,7,8,1.1428571428571428,50.857142857142854
google / organic,(organic),建案熱區巡禮：台南永康區 - 學區篇 - 遠雄房地產,/life-proposal/area_hotspot_tnn_yongkang_school_20231216/,7,7,7,1,54.42857142857143
google / organic,(organic),財經M平方觀點：2025 年中國經濟關鍵議題分析 - 遠雄房地產,/life-proposal/expert_macromicro_china-economic_20250120/,7,7,8,1.1428571428571428,24.142857142857142
(direct) / (none),(direct),何世昌觀點：輝達總部確立，房市受惠區在哪裡？ - 遠雄房地產,/life-proposal/expert_thinktank_nvidia_20250729/,7,7,7,1,83.71428571428571
tw.search.yahoo.com / referral,(referral),專家觀點地政篇：防範代書詐騙，如何查詢地政士的合法性？ - 遠雄房地產,/life-proposal/expert_zhu_expert_zhu_land-agent_20250917/,7,7,7,1,35.714285714285715
(direct) / (none),(direct),專家觀點地政篇：你買到的法定空地是什麼？ - 遠雄房地產,/life-proposal/expert_zhu_property_openspace_20240705/,7,7,7,1,30.285714285714285
google / organic,(organic),預售屋履保制度有保障嗎？品牌建商才是王道 - 遠雄房地產,/life-proposal/kw_credibility_20230602/,7,7,7,1,77.85714285714286
bing / organic,(organic),買房大小事：戶籍遷入如何辦理？ - 遠雄房地產,/life-proposal/land_household_registration/,7,7,8,1.1428571428571428,114.42857142857143
google / organic,(organic),房屋需要裝修卻沒資金怎麼辦？你知道裝潢貸款嗎？ - 遠雄房地產,/life-proposal/renovation_loan20220617/,7,7,7,1,50.142857142857146
google / organic,(organic),工料雙漲下的省錢裝潢 | 油漆DIY 老屋變新貌 - 遠雄房地產,/life-proposal/space_furnish_paint_20231128/,7,7,7,1,55.714285714285715
mkto-sn070013.com / referral,(referral),專家觀點：解析房市動向與購屋建議 -遠雄房地產,/life_proposal/experts_point/,7,7,8,1.1428571428571428,9.571428571428571
google / cpc,brand,預約賞屋手機驗證 - 遠雄房地產,/mob_verify/,7,7,9,1.2857142857142858,24.571428571428573
google / cpc,(referral),遠雄14期首發【遠雄丰尚】北屯新案．近漢神洲際百貨,/pagead/aclk,7,7,9,1.2857142857142858,0.14285714285714285
google / organic,(organic),黃郁恬業務個人介紹 - 遠雄丰尚,/sales/bh11/G0335/,7,7,7,1,7.285714285714286
google / cpc,pmax-1-taichung,林侑立業務個人介紹 - 遠雄樂元,/sales/bh7/G0526/,7,7,7,1,6.857142857142857
google / organic,(organic),徐紋媛業務個人介紹 - 遠雄洄山行,/sales/bh8/B5734/,7,7,8,1.1428571428571428,7.142857142857143
H809-KW / vg_809,area,找不到頁面 - 遠雄房地產,/tainan,7,7,7,1,4.142857142857143
facebook.com / referral,(referral),服務條款暨隱私權聲明 -遠雄房地產,/terms-of-service_and_privacy/,7,7,7,1,5.285714285714286
(not set),20250613一輪播,遠房實價登錄,/,7,7,7,1,0
line-lap / ao1,20240809_8-1,遠雄房地產：最懂生活的購屋專家,/,6,7,6,1,0
(direct) / (none),(direct),齊興緻-呂柔誼-遠雄房地產 Farglory-Realty,/AR1/g0155,6,7,7,1.1666666666666667,3.1666666666666665
(direct) / (none),(direct),遠雄仰森,/HH3/main,6,7,6,1,15
(direct) / (none),(direct),重劃區相關預售屋/新成屋/新建案資料|遠雄房地產,/building-tag/build-tag-plan/,6,7,7,1.1666666666666667,5.5
(not set),20250905五輪播,台中西屯建案【遠雄洄山行】．2-4房方正格局,/buildings/BH8/,6,7,2,0.3333333333333333,19.666666666666668
fb / ar1,fb4-1,齊興_緻-台北市北投區/北士科住宅預售屋,/buildings/ar1/,6,7,7,1.1666666666666667,9
bing / organic,(organic),北屯敦富路【遠雄敦富】- 北屯機捷預售屋．近好市多,/buildings/bh10/,6,7,8,1.3333333333333333,46.333333333333336
google / cpc,20250718,遠雄14期首發【遠雄丰尚】北屯新案．近漢神洲際百貨,/buildings/bh11/,6,7,13,2.1666666666666665,47.833333333333336
web / bh6,googlemap2,遠雄藝舍-台中西屯區麥當勞旁金店面-預約賞屋，遠雄房地產,/buildings/bh6/,6,7,11,1.8333333333333333,14
google / cpc,pmax-1-taichung,Farglory Leyuan: สถานี MRT สนามบินเป่ยถุน และ Costco ใกล้กับใจกลางถนน Shuangshou,/buildings/bh7/,6,7,2,0.3333333333333333,48
google / cpc,20250901,【遠雄樂元】北屯機捷X好市多，雙首排大道最核心，夠近才最好,/buildings/bh7/,6,7,10,1.6666666666666667,13.833333333333334
google / cpc,brand0829,【遠雄樂元】北屯機捷X好市多，雙首排大道最核心，夠近才最好,/buildings/bh7/,6,7,11,1.8333333333333333,34.5
line / linapage,(not set),村泉蒔美｜門戶端點 從容跨界｜台北生活最美起點,/buildings/cqh1/,6,7,8,1.3333333333333333,59.666666666666664
google_kw / cqh1,zhuwei,村泉蒔美｜門戶端點 從容跨界｜台北生活最美起點,/buildings/cqh1/,6,7,6,1,0.8333333333333334
line / eh5,line_welcome,遠雄沐蘊-高雄市三民區預售屋/新建案-預約賞屋,/buildings/eh5/,6,7,7,1.1666666666666667,5
google / cpc,(organic),遠雄信義CENTER-新北市板橋區廠辦.商辦/預售新建案-預約賞屋,/buildings/fm3/,6,7,7,1.1666666666666667,26.166666666666668
webnews / h713,11409,遠雄幸福成｜即將落成 - 台中市清水區預售/新建案-預約賞屋，遠雄房地產,/buildings/h713/,6,7,7,1.1666666666666667,99.66666666666667
google / cpc,brand,遠雄THE ONE-高雄市前鎮區新成屋/新建案-預約賞屋,/buildings/o1/,6,7,11,1.8333333333333333,32
farglory.com.tw / referral,(referral),熱銷建案一覽：遠雄全台預售屋、新建案、新成屋資訊,/case/search/,6,7,16,2.6666666666666665,250.83333333333334
google / organic,(organic),建案熱區巡禮：台北士林不僅觀光，居住生活品質也很優 - 遠雄房地產,/life-proposal/area-l-taipei-shilin20220520/,6,7,6,1,46.166666666666664
google / cpc,content,建案熱區巡禮：北士科的園區規畫與在地生活圈！科技廊道最後一塊拼圖將完整 - 遠雄房地產,/life-proposal/area-s-taipei-shilinbstp20220520/,6,7,8,1.3333333333333333,9.5
google / organic,(organic),掌握贈與控制權，享受安心退休生活 - 遠雄房地產,/life-proposal/donated_property20220624/,6,7,7,1.1666666666666667,60.833333333333336
google / organic,(organic),何世昌觀點：首季房市開低走揚，房價進入大亂鬥盤整格局 - 遠雄房地產,/life-proposal/expert_hoshichang_property_q1-review_20250514/,6,7,6,1,43.5
fgr-line / fgr,expert_law_y-rlee_builder1_20250324,永然法律不動產專欄：購買預售屋如何選擇好的建商？(上集) - 遠雄房地產,/life-proposal/expert_law_y-rlee_builder1_20250324/,6,7,8,1.3333333333333333,13.833333333333334
google / organic,(organic),劉學龍觀點：從2025年全球局勢來看台灣商用不動產投資動能 - 遠雄房地產,/life-proposal/expert_liu_commercial_2025global_20250418/,6,7,6,1,41.666666666666664
google / organic,(organic),財經M平方觀點：股債位階與循環配置建議 - 遠雄房地產,/life-proposal/expert_macromicro_mec_cycle_20240430/,6,7,6,1,47.666666666666664
google / organic,(organic),[影音] 買房後發現實際面積比權狀縮水，該找誰求償? - 遠雄房地產,/life-proposal/expert_zhu_area-discrepancy_20250827/,6,7,11,1.8333333333333333,65.66666666666667
bing / organic,(organic),房屋格局圖/平面圖怎麼看？建案平面圖符號教學，讓你秒懂房屋格局避地雷,/life-proposal/house-layout/,6,7,9,1.5,66.33333333333333
google / organic,(organic),預售屋紅單是什麼？ - 遠雄房地產,/life-proposal/pre-sale_order_20221007/,6,7,7,1.1666666666666667,82.5
google / cpc,pmax-1-anothercity,遠雄房地產預約賞屋(線上賞屋與預約賞屋),/make_appointment/,6,7,15,2.5,34.666666666666664
google / cpc,brand,魏祥桐業務個人介紹 - 遠雄樂元,/sales/bh7/G0306/,6,7,7,1.1666666666666667,3.6666666666666665
google / organic,(organic),黃語璇業務個人介紹 - 遠雄樂元,/sales/bh7/G0990/,6,7,6,1,13.333333333333334
google / organic,(organic),楊靜茹業務個人介紹 - 遠雄山禾,/sales/dh2/G0107/,6,7,11,1.8333333333333333,358.8333333333333
google / organic,(organic),林詩穎業務個人介紹 - 遠雄山禾,/sales/dh2/G0633/,6,7,6,1,6.5
line / ah2,message,北士科建案【遠雄泱玥】水岸首排．57-75坪,/buildings/ah2/,5,7,8,1.6,0
(not set),20250808一輪播,熱銷建案一覽：遠雄全台預售屋、新建案、新成屋資訊,/case/search/page/3/,5,7,9,1.8,22
(not set),20250905五輪播,熱銷建案一覽：遠雄全台預售屋、新建案、新成屋資訊,/case/search/sales_status/coming-soon/,5,7,4,0.8,42.6
google / organic,(organic),國家級的建築肯定-遠雄房地產,/farglory-realty-about/national-building/,5,7,5,1,24.2
(not set),20250905五輪播,建案熱區巡禮：北投士林科技園區 - 交通篇 - 遠雄房地產,/life-proposal/area-tpe-beitou_bstp_traffic_20240705/,5,7,0,0,0.2
line-lap / bh10,line-lap20256-8,[影音] 專家看2025年上半年預售屋市場 : 四大現象觀察 - 遠雄房地產,/life-proposal/expert_housing-market_20250820/,5,7,11,2.2,38.8
(direct) / (none),(direct),劉佩真觀點：銀髮住宅可望成為台灣房地產市場的新藍海 - 遠雄房地產,/life-proposal/expert_peizhen_commercial_elderly-residence_20250509/,5,7,6,1.2,6
(not set),20250905五輪播,劉佩真觀點：銀髮住宅可望成為台灣房地產市場的新藍海 - 遠雄房地產,/life-proposal/expert_peizhen_commercial_elderly-residence_20250509/,5,7,1,0.2,9
(direct) / (none),(direct),[影音] 豪宅稅跟你也有關係：有房族注意！影響與計算不可不知 - 遠雄房地產,/life-proposal/expert_zhu_mansion-tax-count_vedio_20250625/,5,7,7,1.4,32.6
tw.search.yahoo.com / referral,(referral),換屋族看過來，房地合一稅與土增稅要點筆記！ - 遠雄房地產,/life-proposal/house_and_land/,5,7,8,1.6,75.2
(direct) / (none),(direct),退休以後怎麼住？你適合青銀共居、養生村還是全齡宅？ - 遠雄房地產,/life-proposal/retiredlife_20230220/,5,7,9,1.8,11.6
(not set),20250919一輪播,隱私權聲明 - 遠雄房地產,/privacy/,5,7,7,1.4,0.2
google / organic,(organic),魏祥桐業務個人介紹 - 遠雄樂元,/sales/bh7/G0306/,5,7,5,1,7.2
google / organic,(organic),【遠雄東御苑】已購證言：王小姐 // 超強格局、環境單純更加分 // - 遠雄房地產,/wom-recommendation/【遠雄東御苑】已購證言：王小姐-超強格局、環/,5,7,5,1,13.4
(not set),20250905五輪播,遠雄【好室智造所】全台巡迴從台中港熱鬧啟航，永續藍圖逐步落實 - 遠雄房地產,/activity-report/hauslab_2025/,4,7,1,0.25,1.75
l.facebook.com / referral,(referral),聯上智科｜北士科AI總部 輝達核心軸線 -台北市北投區商辦/預售新建案-預約賞屋，遠創力行銷,/buildings/5vo1/,4,7,6,1.5,32.5
gdn / 8fxz11,20250210a,找不到頁面 - 遠雄房地產,/buildings/8fxz11/,4,7,6,1.5,7
(not set),20250808一輪播,北士科建案【遠雄泱玥】-水岸首排．57-75坪,/buildings/ah2/,4,7,6,1.5,41
google_kw / ah2,googlemap,北士科建案【遠雄泱玥】-水岸首排．57-75坪,/buildings/ah2/,4,7,6,1.5,36.5
pmp / (none),6,遠雄星呈-台中市清水區預售屋/新建案-預約賞屋，遠雄房地產,/buildings/h707/,4,7,1,0.25,67.75
google / organic,(organic),財經M平方 彙整 - 遠雄房地產,/life-proposal-tag/macroeconomics-2/macromicro/,4,7,9,2.25,16.75
bing / organic,(organic),建案熱區巡禮：台中北屯14期重劃區生活圈，打造北台中的新興生活核心 - 遠雄房地產,/life-proposal/area_txg_beitun_14th_function_20250829/,4,7,6,1.5,8.25
excel.officeapps.live.com / referral,(referral),您正在找 - 遠雄房地產,/,3,7,17,5.666666666666667,23
fb / 8fxz11,8-1,找不到頁面 - 遠雄房地產,/buildings/8fxz11/,3,7,11,3.6666666666666665,17
google / organic,(organic),建案熱區巡禮：台南市心花園 - 安南溪東重劃區 - 遠雄房地產,/life-proposal/area-s-tainan-haidian20200520/,3,7,7,2.3333333333333335,14
(not set),20250905五輪播,李同榮觀點：Al新十大建設對未來房市的具體影響 - 遠雄房地產,/life-proposal/expert_li_ai-projects_20250715/,3,7,7,2.3333333333333335,9.333333333333334
excel.officeapps.live.com / referral,(referral),遠房實價登錄,/,2,7,12,6,0
(not set),20250905五輪播,[影音] 停車位買賣詳細解析-你需要知道的車位權利 - 遠雄房地產,/life-proposal/expert_zhu_property_parking_vedio_20240828/,2,7,2,1,16.5
Ucity_LINE / 202310,space_furnish_saving,如何利用微改裝讓我的家更節能，與綠色生活共伍！ - 遠雄房地產,/life-proposal/space_furnish_saving_20231004/,2,7,7,3.5,0
webnews / h713,11409,遠房實價登錄,/,6,7,8,1.3333333333333333,0
(direct) / (none),(direct),聰明買房不吃虧，謄本訊息知多少 - 遠雄房地產,/life-proposal/transcript_20221007/,5,6,6,1.2,32
(not set),20250702一輪播,找不到頁面 - 遠雄房地產,/buildings/eh3/,0,6,6,null,null
ig / paid,120210867110050402,遠房實價登錄,/,6,6,6,1,0
ig / paid,120224909927020347,遠房實價登錄,/,6,6,7,1.1666666666666667,0
ig / paid,120229486957530138,遠房實價登錄,/,6,6,6,1,0
fb / bh5,2,遠房實價登錄,/,6,6,8,1.3333333333333333,0
google_kw / BH8,20240816_逢甲大學,遠房實價登錄,/,6,6,6,1,0
(not set),20250627一輪播,遠房實價登錄,/,6,6,6,1,0
fb / bh9,33,遠房實價登錄,/,6,6,6,1,0
fb / eh2,9-2,遠房實價登錄,/,6,6,8,1.3333333333333333,0
google_kw / eh1,brand,遠房實價登錄,/,6,6,6,1,0
fb / eh1,eh1ig,遠房實價登錄,/,6,6,7,1.1666666666666667,0
fb / ar1,fb3-2,遠房實價登錄,/,6,6,6,1,0
socialmedia / fgr,ig,遠房實價登錄,/,6,6,11,1.8333333333333333,0
google / cpc,20250901,遠雄房地產：最懂生活的購屋專家,/,6,6,10,1.6666666666666667,31.666666666666668
(direct) / (none),(direct),關於遠創力 - 遠雄房地產,/about/telecreative_marketing-3/,6,6,6,1,3.8333333333333335
google / cpc,brand,關於遠創力 - 遠雄房地產,/about/telecreative_marketing/,6,6,6,1,7.666666666666667
(direct) / (none),(direct),遠雄沐蘊 | 夏日感恩大回饋🎁好鄰介紹所開張囉! - 遠雄房地產,/activity-report/遠雄沐蘊-夏日感恩大回饋-好鄰介紹所開張囉/,6,6,6,1,7.833333333333333
google / cpc,20250829,遠雄房地產精選預售屋(台北、新北、台中、桃園、台南、高雄) - 遠雄房地產,/building-category-tag/featured_pre_sale/,6,6,6,1,10.166666666666666
google / cpc,20250905五輪播,遠雄房地產精選預售屋(台北、新北、台中、桃園、台南、高雄) - 遠雄房地產,/building-category-tag/featured_pre_sale/,6,6,7,1.1666666666666667,13.833333333333334
google / cpc,Otherarea0829,遠雄房地產精選預售屋(台北、新北、台中、桃園、台南、高雄) - 遠雄房地產,/building-category-tag/featured_pre_sale/,6,6,7,1.1666666666666667,7.5
google / cpc,beitun,遠雄房地產精選預售屋(台北、新北、台中、桃園、台南、高雄) - 遠雄房地產,/building-category-tag/featured_pre_sale/,6,6,6,1,7.166666666666667
(direct) / (none),(direct),學區宅相關預售屋/新成屋/新建案資料|遠雄房地產,/building-tag/build-tag-school/,6,6,6,1,16
(not set),20250905五輪播,遠創力行銷-北大店 | 買賣仲介 ‧ 物件評估 ‧ 全方位資產規劃,/buildings/8fsl01/,6,6,6,1,8.166666666666666
google_kw / 8fsl01,information7,遠創力行銷-北大店 | 買賣仲介 ‧ 物件評估 ‧ 全方位資產規劃,/buildings/8fsl01/,6,6,6,1,6.5
google_kw / 8fsl01,information9,遠創力行銷-北大店 | 買賣仲介 ‧ 物件評估 ‧ 全方位資產規劃,/buildings/8fsl01/,6,6,6,1,8
google / cpc,brand,遠創力行銷-未來店 | 全房產 專業仲介服務,/buildings/8hgs01/,6,6,6,1,11.166666666666666
google_kw / BH8,20240816_台中水湳,台中西屯建案【遠雄洄山行】．2-4房方正格局,/buildings/BH8/,6,6,6,1,18.666666666666668
fb / ah2,fb-28,北士科建案【遠雄泱玥】-水岸首排．57-75坪,/buildings/ah2/,6,6,7,1.1666666666666667,82.16666666666667
ig / paid,120224631795180316,北士科建案【遠雄泱玥】水岸首排．57-75坪,/buildings/ah2/,6,6,8,1.3333333333333333,17.5
google_kw / bh10,brand,北屯敦富路【遠雄敦富】- 北屯機捷預售屋．近好市多,/buildings/bh10/,6,6,6,1,3.5
fb / bh10,fb20259-7,北屯敦富路【遠雄敦富】- 北屯機捷預售屋．近好市多,/buildings/bh10/,6,6,6,1,20.5
google / cpc,storefront,北屯敦富路【遠雄敦富】- 北屯機捷預售屋．近好市多,/buildings/bh10/,6,6,6,1,6.333333333333333
google / cpc,20250829,Farglory Phase 14 launches [Farglory Fengshang] Beitun new project. Near Hanshin InterContinental Department Store,/buildings/bh11/,6,6,0,0,22.333333333333332
google / cpc,20250829,Farglory เฟส 14 เปิดตัวโครงการใหม่ [Farglory Fengshang] Beitun ใกล้ห้างสรรพสินค้า Hanshin InterContinental,/buildings/bh11/,6,6,1,0.16666666666666666,10
fb / paid,120240295873940537,遠雄14期首發【遠雄丰尚】北屯新案．近漢神洲際百貨,/buildings/bh11/,6,6,6,1,36.666666666666664
google / cpc,20250905一輪播,遠雄14期首發【遠雄丰尚】北屯新案．近漢神洲際百貨,/buildings/bh11/,6,6,6,1,9.666666666666666
google / cpc,information1,遠雄14期首發【遠雄丰尚】北屯新案．近漢神洲際百貨,/buildings/bh11/,6,6,7,1.1666666666666667,41.166666666666664
google_kw / bh11,information2,遠雄14期首發【遠雄丰尚】北屯新案．近漢神洲際百貨,/buildings/bh11/,6,6,6,1,14.5
fb / bh5,2,遠雄琉蘊 -台中市西屯區七期預售屋/新建案-預約賞屋，遠雄房地產,/buildings/bh5/,6,6,8,1.3333333333333333,7.333333333333333
line / bh11,20250918,遠雄琉蘊 -台中市西屯區七期預售屋/新建案-預約賞屋，遠雄房地產,/buildings/bh5/,6,6,6,1,10.666666666666666
google / cpc,brand,遠雄琉蘊 -台中市西屯區七期預售屋/新建案-預約賞屋，遠雄房地產,/buildings/bh5/,6,6,7,1.1666666666666667,53.5
google / cpc,gdn-1-taichung,"Farglory Leyuan: Stasiun MRT Bandara Beitun dan Costco, dekat dengan jantung Shuangshou Avenue.",/buildings/bh7/,6,6,0,0,11
google / cpc,遠雄幸福成_H713_關鍵字_0516_外縣市,【遠雄樂元】北屯機捷X好市多，雙首排大道最核心，夠近才最好,/buildings/bh7/,6,6,6,1,31.5
google / cpc,(not set),【遠雄樂元】北屯機捷X好市多，雙首排大道最核心，夠近才最好,/buildings/bh7//,6,6,6,1,0
(data not available),(cross-network),台中西屯建案【遠雄洄山行】．2-4房方正格局,/buildings/bh8/,6,6,7,1.1666666666666667,7.166666666666667
google_kw / cgh1,brand,找不到頁面 - 遠雄房地產,/buildings/cgh01/,6,6,6,1,0
fb / paid,120224668235420701,大河商爵-台北市士林區廠辦/預售新建案-預約賞屋，遠創力行銷,/buildings/dgm1/,6,6,7,1.1666666666666667,20.5
fb / dgm1,fb5-2,大河商爵-台北市士林區廠辦/預售新建案-預約賞屋，遠創力行銷,/buildings/dgm1/,6,6,6,1,4.833333333333333
fb / dgm1,fb5-3,大河商爵-台北市士林區廠辦/預售新建案-預約賞屋，遠創力行銷,/buildings/dgm1/,6,6,5,0.8333333333333334,4.833333333333333
fb / dgm1,fbfanpage0924,大河商爵-台北市士林區廠辦/預售新建案-預約賞屋，遠創力行銷,/buildings/dgm1/,6,6,6,1,2
tw.search.yahoo.com / referral,(referral),高雄建案推薦【遠雄峰蘊】- 近科工館．高雄預售屋,/buildings/eh1/,6,6,7,1.1666666666666667,85.33333333333333
google_kw / eh1,brand,高雄建案推薦【遠雄峰蘊】- 近科工館．高雄預售屋,/buildings/eh1/,6,6,6,1,0
fb / eh1,eh1ig,高雄建案推薦【遠雄峰蘊】- 近科工館．高雄預售屋,/buildings/eh1/,6,6,7,1.1666666666666667,40.333333333333336
google_kw / dh2,(organic),遠雄一靚｜楠梓新案．高大特區首發｜早鳥預約中,/buildings/eh2/,6,6,7,1.1666666666666667,28.333333333333332
gdn / eh2,20250801,遠雄高雄新案｜楠梓新案．高大特區首發｜早鳥預約中,/buildings/eh2/,6,6,6,1,0
fb / eh2,9-2,遠雄高雄新案｜楠梓新案．高大特區首發｜早鳥預約中,/buildings/eh2/,6,6,7,1.1666666666666667,3.5
google / cpc,20250718,"Farglory Xinyi Center - Distrik Banqiao Kota Taipei Baru, kantor pabrik, kantor komersial/proyek konstruksi baru pra-penjualan - buat janji untuk melihat rumah",/buildings/fm3/,6,6,1,0.16666666666666666,3
fb / fm3,fb2-3,遠雄信義CENTER-新北市板橋區廠辦.商辦/預售新建案-預約賞屋,/buildings/fm3/,6,6,6,1,1.1666666666666667
fb / fm3,fb2-4,遠雄信義CENTER-新北市板橋區廠辦.商辦/預售新建案-預約賞屋,/buildings/fm3/,6,6,6,1,19
fb / h707,11,遠雄星呈-台中市清水區預售屋/新建案-預約賞屋，遠雄房地產,/buildings/h707/,6,6,6,1,3.3333333333333335
fb / h707,13,遠雄星呈-台中市清水區預售屋/新建案-預約賞屋，遠雄房地產,/buildings/h707/,6,6,6,1,4.666666666666667
fb / h707,16,遠雄星呈-台中市清水區預售屋/新建案-預約賞屋，遠雄房地產,/buildings/h707/,6,6,6,1,4.166666666666667
fb / h707,17,遠雄星呈-台中市清水區預售屋/新建案-預約賞屋，遠雄房地產,/buildings/h707/,6,6,6,1,4.166666666666667
fb / h707,22,遠雄星呈-台中市清水區預售屋/新建案-預約賞屋，遠雄房地產,/buildings/h707/,6,6,6,1,3.3333333333333335
fb / h707,23,遠雄星呈-台中市清水區預售屋/新建案-預約賞屋，遠雄房地產,/buildings/h707/,6,6,7,1.1666666666666667,5
fb / h707,8,遠雄星呈-台中市清水區預售屋/新建案-預約賞屋，遠雄房地產,/buildings/h707/,6,6,6,1,5.166666666666667
google / cpc,brand,遠雄星呈-台中市清水區預售屋/新建案-預約賞屋，遠雄房地產,/buildings/h707/,6,6,7,1.1666666666666667,52.333333333333336
line-lap / H713,20230310,遠雄幸福成｜即將落成 - 台中市清水區預售/新建案-預約賞屋，遠雄房地產,/buildings/h713/,6,6,6,1,2.1666666666666665
google / cpc,O1_品牌字_2025.0801,"Farglory THE ONE - Newly built/newly constructed property in Qianzhen District, Kaohsiung City - Make an appointment to view the property",/buildings/o1/,6,6,0,0,52.833333333333336
google / cpc,20250901,熱銷建案：預售屋、新建案、新成屋 -遠雄房地產,/case/,6,6,6,1,39.666666666666664
google / cpc,competitor,熱銷建案一覽：遠雄全台預售屋、新建案、新成屋資訊,/case/search/,6,6,11,1.8333333333333333,22.333333333333332
google / cpc,(organic),熱銷建案一覽：遠雄全台預售屋、新建案、新成屋資訊,/case/search/building-category-tag/134/,6,6,9,1.5,7.5
(not set),(not set),熱銷建案一覽：遠雄全台預售屋、新建案、新成屋資訊,/case/search/page/2/,6,6,4,0.6666666666666666,2.1666666666666665
bing / organic,(organic),熱銷建案一覽：遠雄全台預售屋、新建案、新成屋資訊,/case/search/page/2/,6,6,6,1,4.5
(not set),(not set),熱銷建案一覽：遠雄全台預售屋、新建案、新成屋資訊,/case/search/page/4/,6,6,5,0.8333333333333334,2.1666666666666665
google / organic,(organic),免稅額 彙整 - 遠雄房地產,/life-proposal-tag/2、市場/2稅務政策相關/免稅額/,6,6,6,1,10.5
fbpage / 5vo1,202509,建案熱區巡禮：北士科爆840億商辦案量，搶攻輝達、金仁寶供應鏈需求 - 遠雄房地產,/life-proposal/5vo1-1/,6,6,8,1.3333333333333333,17.666666666666668
google / organic,(organic),建案熱區巡禮：高雄三民區老市心新重劃，首購換屋都適宜 - 遠雄房地產,/life-proposal/area-l-kaohsiung-sanmin20220520/,6,6,7,1.1666666666666667,77.33333333333333
(direct) / (none),(direct),建案熱區巡禮：桃園龜山重大建設帶動發展利多 - 遠雄房地產,/life-proposal/area-l-taoyuan-guishan/,6,6,7,1.1666666666666667,2
news.google.com / referral,(referral),建案熱區巡禮：桃園龜山重大建設帶動發展利多 - 遠雄房地產,/life-proposal/area-l-taoyuan-guishan/,6,6,6,1,25.666666666666668
google / organic,(organic),建案熱區巡禮：台南中西區運河星鑽特區 - 學區篇 - 遠雄房地產,/life-proposal/area-tainan_west-central_redevelop_diamond_school_20250516/,6,6,6,1,39
tw.search.yahoo.com / referral,(referral),建案熱區巡禮：台中北屯14期重劃區生活圈，打造北台中的新興生活核心 - 遠雄房地產,/life-proposal/area_txg_beitun_14th_function_20250829/,6,6,6,1,59.333333333333336
fgr-line / fgr,tax_mitigation_housetax_20220902,[影音] 專家看2025年上半年預售屋市場 : 四大現象觀察 - 遠雄房地產,/life-proposal/expert_housing-market_20250820/,6,6,7,1.1666666666666667,2.1666666666666665
fgr-line / fgr,expert_zhu_land-deal_20250813,財經M平方觀點：2025 下半年台灣經濟怎麼走？台股、台幣一次解析 - 遠雄房地產,/life-proposal/expert_macromicro_2025econ_20250730/,6,6,7,1.1666666666666667,42
google / organic,(organic),財經M平方觀點：資本支出會太高嗎？一文解析 24Q4 科技巨頭財報 - 遠雄房地產,/life-proposal/expert_macromicro_financial-statements_20250318/,6,6,7,1.1666666666666667,8.666666666666666
google / cpc,taipei,劉佩真觀點：輝達黃仁勳旋風對於台灣房市帶來的正面效應 - 遠雄房地產,/life-proposal/expert_peizhen_commercial_nvidia_20250603/,6,6,6,1,44.5
l.facebook.com / referral,(referral),遠房實價登錄,/,6,6,13,2.1666666666666665,12
socialmedia / fgr,ig20250822,[影音] 豪宅稅跟你也有關係：有房族注意！2025豪宅稅新門檻上路 - 遠雄房地產,/life-proposal/expert_zhu_mansion-tax-definition_vedio_20250523/,6,6,6,1,2.8333333333333335
socialmedia / fgr,ig20250905,[影音] 豪宅稅跟你也有關係：有房族注意！2025豪宅稅新門檻上路 - 遠雄房地產,/life-proposal/expert_zhu_mansion-tax-definition_vedio_20250523/,6,6,6,1,4.166666666666667
bing / organic,(organic),專家觀點地政篇：如何預防不動產詐騙？如何防止房屋被移轉？ - 遠雄房地產,/life-proposal/expert_zhu_property_scam_20240604/,6,6,6,1,15.833333333333334
google / organic,(organic),建案熱區巡禮-【遠雄豐河】我家門前有小河，快樂入住新北中和 - 遠雄房地產,/life-proposal/h101b/,6,6,6,1,45
google / organic,(organic),打造健康住宅！水質檢測標準有哪些 - 遠雄房地產,/life-proposal/healthy-house2water/,6,6,6,1,7
(direct) / (none),(direct),2024十大建商出爐！大建商穩，小建商靈活，買家如何選邊站？ - 遠雄房地產,/life-proposal/kw_brand_construction_20240109/,6,6,6,1,7.833333333333333
(not set),20250905五輪播,社區營運兩三事：管理費與公共基金 - 遠雄房地產,/life-proposal/land_fund/,6,6,0,0,8.333333333333334
google / organic,(organic),買房大小事：如何辦理產權移轉？ - 遠雄房地產,/life-proposal/land_property_rights/,6,6,6,1,5
google / organic,(organic),購買預售屋注意事項 - 遠雄房地產,/life-proposal/notice_20230331/,6,6,6,1,30.5
mkto-sn070013.com / referral,(referral),房地一族看過來，與你有關的國稅局查稅重點 - 遠雄房地產,/life-proposal/tax_inspection_20230119/,6,6,6,1,61
google / organic,(organic),張寶容業務個人介紹 - 聯上智科,/sales/5VO1/G0389/,6,6,8,1.3333333333333333,11.333333333333334
google / cpc,pmax-1-taichung,林芸安業務個人介紹 - 遠雄樂元,/sales/bh7/B6129/,6,6,6,1,64.16666666666667
google / cpc,pmax-1-anothercity,魏祥桐業務個人介紹 - 遠雄樂元,/sales/bh7/G0306/,6,6,7,1.1666666666666667,8
line-fgr / bh7,linefgrbh7,簡宇婕業務個人介紹 - 遠雄樂元,/sales/bh7/G0993/,6,6,6,1,6
google / organic,(organic),洪梓芸業務個人介紹 - 遠雄一靚,/sales/eh2/B5986/,6,6,6,1,43
(not set),20250905五輪播,您正在找 - 遠雄房地產,/,5,6,24,4.8,49
fb / paid,120224909927020347,遠房實價登錄,/,5,6,7,1.4,0
(not set),20250725二輪播,遠房實價登錄,/,5,6,6,1.2,0
fb / eh1,5-4,遠房實價登錄,/,5,6,7,1.4,23.8
line / dh2,line-dh2,遠房實價登錄,/,5,6,8,1.6,1.2
(direct) / (none),(direct),齊興緻-蔡姈君-遠雄房地產 Farglory-Realty,/AR1/b1716,5,6,14,2.8,0
google / cpc,0829,遠雄房地產精選預售屋(台北、新北、台中、桃園、台南、高雄) - 遠雄房地產,/building-category-tag/featured_pre_sale/,5,6,6,1.2,9.6
google / cpc,20250918,聯上智科｜北士科AI總部 輝達核心軸線 -台北市北投區商辦/預售新建案-預約賞屋，遠創力行銷,/buildings/5vo1/,5,6,7,1.4,194
fb / 8fxz11,20250520_5-2,找不到頁面 - 遠雄房地產,/buildings/8fxz11/,5,6,7,1.4,2.4
fb / bh10,fb20259-2,北屯敦富路【遠雄敦富】- 北屯機捷預售屋．近好市多,/buildings/bh10/,5,6,6,1.2,41.2
sms / aep-cdp,aep-306,【遠雄樂元】北屯機捷X好市多，雙首排大道最核心，夠近才最好,/buildings/bh7/,5,6,7,1.4,33.8
tw.search.yahoo.com / referral,(referral),台中西屯建案【遠雄洄山行】．2-4房方正格局,/buildings/bh8/,5,6,6,1.2,55.4
google_kw / BH8,20240816_品牌字,台中西屯建案【遠雄洄山行】．2-4房方正格局,/buildings/bh8/,5,6,6,1.2,5.8
fb / paid,120207082511280558,水湳建案【遠雄綠美】鄰近綠美圖．中央公園預售屋,/buildings/bh9/,5,6,8,1.6,17.2
tw.search.yahoo.com / referral,(referral),村泉蒔美｜門戶端點 從容跨界｜台北生活最美起點,/buildings/cqh1/,5,6,8,1.6,93.8
line-lap / dh2,11,台南永康新建案【遠雄山禾】-鹽行特區．3-4房,/buildings/dh2/,5,6,5,1,3.4
line / dh2,line-dh2,台南永康新建案【遠雄山禾】-鹽行特區．3-4房,/buildings/dh2/,5,6,7,1.4,44
sms / aep-cdp,aep-306,高雄建案推薦【遠雄峰蘊】- 近科工館．高雄預售屋,/buildings/eh1/,5,6,6,1.2,83
google / cpc,20250901,Farglory's New Design in Nanzi. First Launch in Gaoda Special Zone. Early Bird Reservations Available.,/buildings/eh2/,5,6,0,0,12
google / cpc,20250901,Thiết kế mới của Farglory tại Nanzi. Ra mắt lần đầu tại Khu đặc biệt Gaoda. Có thể đặt chỗ sớm.,/buildings/eh2/,5,6,1,0.2,14.6
leju / h707,lejupage,遠雄星呈-台中市清水區預售屋/新建案-預約賞屋，遠雄房地產,/buildings/h707/,5,6,6,1.2,15.8
sms / aep-cdp,aep-306,遠雄幸福成｜即將落成 - 台中市清水區預售/新建案-預約賞屋，遠雄房地產,/buildings/h713/,5,6,6,1.2,14.2
bing / organic,(organic),遠雄THE ONE-高雄市前鎮區新成屋/新建案-預約賞屋,/buildings/o1/,5,6,6,1.2,179.4
tw.search.yahoo.com / referral,(referral),建案熱區巡禮：高雄農十六（凹子底地區）指標豪宅生活區 - 遠雄房地產,/life-proposal/area-s-kaohsiung-farm1620200520/,5,6,6,1.2,48.2
google / organic,(organic),建案熱區巡禮：台南中西區運河星鑽特區 - 綠地休憩篇 - 遠雄房地產,/life-proposal/area-tainan_west-central_redevelop_diamond_park_20250509/,5,6,7,1.4,77.8
(not set),20250905五輪播,建案熱區巡禮：台南永康區大灣重劃區生活圈 - 遠雄房地產,/life-proposal/area-tnn-dawan_function_20231129/,5,6,1,0.2,5.6
(not set),20250905五輪播,建案熱區巡禮：台中港市鎮重劃區生活圈，梧棲、清水躍升熱區 - 遠雄房地產,/life-proposal/area-txg-port_function_20240103/,5,6,2,0.4,51.2
google / organic,(organic),建案熱區巡禮：台中西屯區水湳經貿園區生活圈 - 遠雄房地產,/life-proposal/area-txg-shuinan_20231027/,5,6,6,1.2,30.2
bing / organic,(organic),基礎建設＋結構保固：一次了解大地工程的基本概念 - 遠雄房地產,/life-proposal/construction-base/,5,6,7,1.4,176.2
google / organic,(organic),央行房市信用措施管制總整理！自住客時代來臨！ - 遠雄房地產,/life-proposal/controls_20230108/,5,6,7,1.4,23.4
google / organic,(organic),買房大小事：個人住宅購屋貸款注意事項 - 遠雄房地產,/life-proposal/land_bank_loan/,5,6,5,1,13.4
(direct) / (none),(direct),公共設施篇: 梯廳與樓梯間建築法規有何特殊規定? - 遠雄房地產,/life-proposal/regulations2_20230320/,5,6,5,1,60.2
(direct) / (none),(direct),抗酷暑 ! 室內空間降溫這樣做，植栽除了打造綠色空間也能降溫 - 遠雄房地產,/life-proposal/space_design_greencooldown_20240903/,5,6,6,1.2,38.8
(direct) / (none),(direct),您正在找 - 遠雄房地產,/,6,6,6,1,5
(not set),20250905五輪播,預約賞屋手機驗證 - 遠雄房地產,/mob_verify/,5,6,6,1.2,39.6
google / organic,(organic),隱私權聲明 - 遠雄房地產,/privacy/,5,6,6,1.2,0.6
line-lap / ar1,20250718,隱私權聲明 - 遠雄房地產,/privacy/,5,6,6,1.2,31
google / organic,(organic),駱奕辰業務個人介紹 - 遠雄敦富,/sales/bh10/G1033/,5,6,5,1,4.2
google / organic,(organic),林育騏業務個人介紹 - 遠雄洄山行,/sales/bh8/G0117/,5,6,6,1.2,10.6
reurl.cc / referral,(referral),遠房實價登錄,/,4,6,8,2,0
(direct) / (none),(direct),遠雄泱玥 | 水岸正首席．北士科首獻｜57-75坪-周繹加-遠雄房地產 Farglory-Realty,/ah2/B5654,4,6,6,1.5,73.25
google / organic,(organic),綠建築相關預售屋/新成屋/新建案資料|遠雄房地產,/building-tag/build-tag-green/,4,6,7,1.75,15
leju / cqh1,lejupage,村泉蒔美｜門戶端點 從容跨界｜台北生活最美起點,/buildings/cqh1/,4,6,6,1.5,18.75
google / cpc,20241021,遠雄沐蘊-高雄市三民區預售屋/新建案-預約賞屋,/buildings/eh5/,4,6,6,1.5,0
(not set),20250808一輪播,熱銷建案一覽：遠雄全台預售屋、新建案、新成屋資訊,/case/search/page/4/,4,6,7,1.75,22.75
(not set),20250905五輪播,熱銷建案一覽：遠雄全台預售屋、新建案、新成屋資訊,/case/search/sales_status/hot-sale/,4,6,8,2,15.25
(direct) / (none),(direct),Vic測試-預約賞屋驗證手機 - DEMO遠雄房地產,/gc_farbear/vic測試-預約賞屋驗證手機/,4,6,8,2,37.25
google / organic,(organic),建案熱區巡禮：台南永康大灣重劃區 - 交通篇 - 遠雄房地產,/life-proposal/area-hotspot-tnn-dawan_traffic_20240313/,4,6,6,1.5,81.75
(not set),20250905五輪播,劉學龍觀點：全球局勢到本地市場，2025下半年商用不動產市場的風與浪 - 遠雄房地產,/life-proposal/expert_liu_commercial_2025h2_20250725/,4,6,0,0,0
google / organic,(organic),青年首購看過來：新青安貸款8大重點 - 遠雄房地產,/life-proposal/kw_load_youthload_20230928/,4,6,5,1.25,126.75
google / cpc,brand,李之雅業務個人介紹 - 遠雄沐蘊,/sales/eh5/G0918/,4,6,5,1.25,14.25
farglory.surveycake.com / referral,(referral),服務條款-遠雄房地產,/terms-of-service/,4,6,9,2.25,22.5
line-lap / ao1,20250522_5-2,遠雄商舟,/,3,6,7,2.3333333333333335,0
google / organic,(organic),遠雄泱玥 | 水岸正首席．北士科首獻｜47-75坪-蔡定誠-遠雄房地產 Farglory-Realty,/ah2/B4720,3,6,5,1.6666666666666667,3.6666666666666665
(direct) / (none),(direct),遠雄泱玥 | 水岸正首席．北士科首獻｜47-75坪-周繹加-遠雄房地產 Farglory-Realty,/ah2/B5654,3,6,6,2,159.33333333333334
line-lap / bh10,line-lap202502-1,北屯敦富路【遠雄敦富】- 北屯機捷預售屋．近好市多,/buildings/bh10/,3,6,6,2,0
bing / organic,(organic),台中西屯建案【遠雄洄山行】．2-4房方正格局,/buildings/bh8/,3,6,6,2,83
line-lap / cgh1,line-lapshop3-6,找不到頁面 - 遠雄房地產,/buildings/cgh01/,3,6,6,2,0.3333333333333333
pmp / cqh1,avivid202504,村泉蒔美｜門戶端點 從容跨界｜台北生活最美起點,/buildings/cqh1/,3,6,2,0.6666666666666666,4.666666666666667
tw.search.yahoo.com / referral,(referral),買主口碑推薦：遠雄建案、預售屋 -遠雄房地產,/case/wom_recommendation/,3,6,4,1.3333333333333333,9.666666666666666
google / organic,(organic),遠雄之星8證言篇-為重劃區而來2-清水重劃區- 遠雄房地產,/wom-recommendation/farglory-star8-2/,3,6,10,3.3333333333333335,51.333333333333336
(direct) / (none),(direct),遠雄香榭園(新北市中和區)住戶-闕先生口碑推薦- 遠雄房地產,/wom-recommendation/mr-que/,3,6,6,2,5.333333333333333
m000476.layout.minmax.website / referral,(referral),聯上智科｜北士科AI總部 輝達核心軸線 -台北市北投區商辦/預售新建案-預約賞屋，遠創力行銷,/buildings/5vo1/,2,6,14,7,242.5
google_kw / 5vo1,202509,北士科建案【遠雄泱玥】-水岸首排．57-75坪,/buildings/ah2/,2,6,4,2,32.5
gdn / (not set),(not set),遠雄14期首發【遠雄丰尚】北屯新案．近漢神洲際百貨,/buildings/bh11/,2,6,6,3,0
google / organic,(organic),[ 影音 ]專家觀點地政篇：房產移轉如何過戶子女才划算？ - 遠雄房地產,/life-proposal/expert_zhu_inherited_20230512/,2,6,6,3,23
(not set),20250905五輪播,專家觀點地政篇：親屬間不動產交易的稅務優化策略與案例解析 - 遠雄房地產,/life-proposal/expert_zhu_second-degree_20250321/,2,6,6,3,26
youtube / ah2,architecture30s,遠雄房地產：最懂生活的購屋專家,/,1,6,6,6,133
console-v2.omnichat.ai / referral,(referral),遠雄龜山廠辦新案 | 預約賞屋，遠雄房地產,/buildings/hm2/,1,6,6,6,65
(not set),20250905五輪播,財經M平方觀點：從房地產運作機制，一窺台灣房市發展 4 問題 - 遠雄房地產,/life-proposal/expert_macromicro_20230522/,1,6,4,4,0
(direct) / (none),(direct),專家觀點地政篇：防範代書詐騙，如何查詢地政士的合法性？ - 遠雄房地產,/life-proposal/expert_zhu_expert_zhu_land-agent_20250917/,6,6,6,1,5
(not set),(not set),北士科建案【遠雄泱玥】水岸首排．57-75坪,/buildings/ah2/,5,5,4,0.8,8.4
(not set),20250808一輪播,交屋型態差在哪？ 標配屋、實品屋、毛胚屋比一比 - 遠雄房地產,/life-proposal/handover202206010/,0,5,5,null,null
line-lap / dh2,11,遠房實價登錄,/,5,5,5,1,0
fb / paid,120229486957530138,遠房實價登錄,/,5,5,5,1,0
line-lap / H713,2022509,遠房實價登錄,/,5,5,5,1,0
yahoo_native / o1,20250317,遠房實價登錄,/,5,5,7,1.4,0
fb / eh2,8-1,遠房實價登錄,/,5,5,5,1,0
fb / bh10,fb20259-4,遠房實價登錄,/,5,5,5,1,0
socialmedia / bh11,fbbh11info,遠房實價登錄,/,5,5,5,1,0
leju / bh10,leju,遠房實價登錄,/,5,5,6,1.2,0
leju / dh2,lejupage,遠房實價登錄,/,5,5,10,2,0
farglory-land.com.tw / referral,(referral),遠雄房地產：最懂生活的購屋專家,/,5,5,5,1,95.2
google / cpc,遠雄幸福成_H713_關鍵字_0516_外縣市,遠雄房地產：最懂生活的購屋專家,/,5,5,6,1.2,8.6
(direct) / (none),(direct),影像光廊：建案風采-遠雄房地產,/about/brand_gallery/,5,5,7,1.4,7.8
google / cpc,北大店-品牌字,關於遠創力 - 遠雄房地產,/about/telecreative_marketing/,5,5,6,1.2,7.6
google / organic,(organic),遠雄沐蘊《春暖花開，三重豪禮High》購屋大方送、加碼抽！ - 遠雄房地產,/activity-report/eh5_20250301/,5,5,6,1.2,9.8
google / organic,(organic),遠雄房地產LINE官方帳號活動 - 升級超級好友週週抽活動,/activity-report/line-friend/,5,5,7,1.4,14.6
google / organic,(organic),【遠雄房地產公告】近期資訊詐騙頻傳，請特別注意 - 遠雄房地產,/activity-report/sms_20240605/,5,5,7,1.4,86.2
(direct) / (none),(direct),公告資訊 - 遠雄房地產,/activity_report/announcement_information/,5,5,6,1.2,9.2
fb / bh8,fb16-1,遠雄房地產精選預售屋(台北、新北、台中、桃園、台南、高雄) - 遠雄房地產,/building-category-tag/featured_pre_sale/,5,5,10,2,29.2
fb / bh8,fb16-2,遠雄房地產精選預售屋(台北、新北、台中、桃園、台南、高雄) - 遠雄房地產,/building-category-tag/featured_pre_sale/,5,5,6,1.2,12
fb / bh8,leads,遠雄房地產精選預售屋(台北、新北、台中、桃園、台南、高雄) - 遠雄房地產,/building-category-tag/featured_pre_sale/,5,5,6,1.2,15.8
google / organic,(organic),公園宅相關預售屋/新成屋/新建案資料|遠雄房地產,/building-tag/build-tag-park/,5,5,5,1,8
google / cpc,gdn-01,"LinkScan | Nvidia Core Axis, Beishike AI Headquarters - Taipei City Beitou District Commercial/Pre-sale New Construction - Appointment for Viewing, Yuantronics Marketing",/buildings/5vo1/,5,5,0,0,2
google / cpc,gdn-01,"LinkScan | Nvidia Core Axis, Kantor Pusat Beishike AI - Distrik Beitou Kota Taipei, Konstruksi Baru Komersial/Pra-penjualan - Janji Temu untuk Peninjauan, Pemasaran Yuantronics",/buildings/5vo1/,5,5,1,0.2,29.8
tw.search.yahoo.com / referral,(referral),聯上智科｜北士科AI總部 輝達核心軸線 -台北市北投區商辦/預售新建案-預約賞屋，遠創力行銷,/buildings/5vo1/,5,5,6,1.2,40.2
fb / 8fsl01,fb6-1,遠創力行銷-北大店 | 買賣仲介 ‧ 物件評估 ‧ 全方位資產規劃,/buildings/8fsl01/,5,5,5,1,4.8
fb / ah2,fb-20,北士科建案【遠雄泱玥】-水岸首排．57-75坪,/buildings/ah2/,5,5,5,1,28.6
line / h713,(not set),遠房實價登錄,/,5,5,5,1,0
ig / paid,120210867110050402,北士科建案【遠雄泱玥】水岸首排．57-75坪,/buildings/ah2/,5,5,5,1,6.2
leju / ah2,lejupage,北士科建案【遠雄泱玥】水岸首排．57-75坪,/buildings/ah2/,5,5,6,1.2,25.4
google / organic,(organic),找不到頁面 - 遠雄房地產,/buildings/ao1/,5,5,6,1.2,1.4
google / cpc,20250616_台北豪宅/別墅,Qixing_Zhi-Taipei City Beitou District/Beishike Residential Pre-sale House,/buildings/ar1/,5,5,0,0,20.8
fb / bh10,fbfanpage0926,北屯敦富路【遠雄敦富】- 北屯機捷預售屋．近好市多,/buildings/bh10/,5,5,5,1,2.8
google / cpc,othercities_brand,北屯敦富路【遠雄敦富】- 北屯機捷預售屋．近好市多,/buildings/bh10/,5,5,5,1,89.8
google / cpc,pmax-1-anothercity,北屯敦富路【遠雄敦富】- 北屯機捷預售屋．近好市多,/buildings/bh10/,5,5,8,1.6,60.6
google / cpc,遠雄幸福成_H713_關鍵字_0516_外縣市,北屯敦富路【遠雄敦富】- 北屯機捷預售屋．近好市多,/buildings/bh10/,5,5,10,2,82.6
fb / paid,120240299889000537,遠雄14期首發【遠雄丰尚】北屯新案．近漢神洲際百貨,/buildings/bh11/,5,5,5,1,58.8
google_kw / BH8,20240816_品牌字,遠雄14期首發【遠雄丰尚】北屯新案．近漢神洲際百貨,/buildings/bh11/,5,5,5,1,34.8
pmp / (not set),6,遠雄14期首發【遠雄丰尚】北屯新案．近漢神洲際百貨,/buildings/bh11/,5,5,5,1,64.8
google / cpc,competitor,遠雄14期首發【遠雄丰尚】北屯新案．近漢神洲際百貨,/buildings/bh11/,5,5,7,1.4,18.8
google_kw / bh11,competitor0829,遠雄14期首發【遠雄丰尚】北屯新案．近漢神洲際百貨,/buildings/bh11/,5,5,11,2.2,11
google / cpc,landmark0829,遠雄14期首發【遠雄丰尚】北屯新案．近漢神洲際百貨,/buildings/bh11/,5,5,5,1,22.4
google / cpc,(not set),遠雄14期首發【遠雄丰尚】北屯新案．近漢神洲際百貨,/buildings/bh11//,5,5,5,1,0
bing / organic,(organic),遠雄琉蘊 -台中市西屯區七期預售屋/新建案-預約賞屋，遠雄房地產,/buildings/bh5/,5,5,7,1.4,15.8
(not set),20250905一輪播,遠雄琉蘊 -台中市西屯區七期預售屋/新建案-預約賞屋，遠雄房地產,/buildings/bh5/,5,5,3,0.6,5.4
ig / paid,120229486716970138,【遠雄樂元】北屯機捷X好市多，雙首排大道最核心，夠近才最好,/buildings/bh7/,5,5,5,1,9
google / cpc,20250718,【遠雄樂元】北屯機捷X好市多，雙首排大道最核心，夠近才最好,/buildings/bh7/,5,5,7,1.4,70.2
google_kw / bh7,brand,【遠雄樂元】北屯機捷X好市多，雙首排大道最核心，夠近才最好,/buildings/bh7/,5,5,5,1,0
m.facebook.com / referral,(referral),台中西屯建案【遠雄洄山行】．2-4房方正格局,/buildings/bh8/,5,5,5,1,5.2
google_kw / BH8,20240816_品牌字,水湳建案【遠雄綠美】鄰近綠美圖．中央公園預售屋,/buildings/bh9/,5,5,5,1,19.6
fb / bh9,23,水湳建案【遠雄綠美】鄰近綠美圖．中央公園預售屋,/buildings/bh9/,5,5,5,1,4.6
pmp / (not set),6,水湳建案【遠雄綠美】鄰近綠美圖．中央公園預售屋,/buildings/bh9/,5,5,7,1.4,82.6
google / cpc,othercities_brand,水湳建案【遠雄綠美】鄰近綠美圖．中央公園預售屋,/buildings/bh9/,5,5,5,1,76.2
fb / dgm1,fb7-1,大河商爵-台北市士林區廠辦/預售新建案-預約賞屋，遠創力行銷,/buildings/dgm1/,5,5,5,1,4.6
fb / dgm1,fb7-2,大河商爵-台北市士林區廠辦/預售新建案-預約賞屋，遠創力行銷,/buildings/dgm1/,5,5,5,1,6.6
fb / dgm1,fb8-2,大河商爵-台北市士林區廠辦/預售新建案-預約賞屋，遠創力行銷,/buildings/dgm1/,5,5,5,1,5
google / cpc,brand,台南永康新建案【遠雄山禾】-鹽行特區．3-4房,/buildings/dh2/,5,5,7,1.4,87
leju / dh2,lejupage,台南永康新建案【遠雄山禾】-鹽行特區．3-4房,/buildings/dh2/,5,5,5,1,108.8
m.facebook.com / referral,(referral),遠雄高雄新案｜楠梓新案．高大特區首發｜早鳥預約中,/buildings/eh2/,5,5,5,1,7
google_kw / eh5,(organic),遠雄沐蘊-高雄市三民區預售屋/新建案-預約賞屋,/buildings/eh5/,5,5,5,1,0
google_kw / eh5,area,遠雄沐蘊-高雄市三民區預售屋/新建案-預約賞屋,/buildings/eh5/,5,5,5,1,0
google_kw / eh5,brand,遠雄沐蘊-高雄市三民區預售屋/新建案-預約賞屋,/buildings/eh5/,5,5,5,1,1.2
(data not available),(cross-network),遠雄星呈-台中市清水區預售屋/新建案-預約賞屋，遠雄房地產,/buildings/h707/,5,5,9,1.8,19
line / h713,(not set),遠雄星呈-台中市清水區預售屋/新建案-預約賞屋，遠雄房地產,/buildings/h707/,5,5,6,1.2,35.6
fb / h707,10,遠雄星呈-台中市清水區預售屋/新建案-預約賞屋，遠雄房地產,/buildings/h707/,5,5,5,1,3.6
fb / h707,20,遠雄星呈-台中市清水區預售屋/新建案-預約賞屋，遠雄房地產,/buildings/h707/,5,5,5,1,3
fb / h707,21,遠雄星呈-台中市清水區預售屋/新建案-預約賞屋，遠雄房地產,/buildings/h707/,5,5,5,1,5.2
fb / h707,32,遠雄星呈-台中市清水區預售屋/新建案-預約賞屋，遠雄房地產,/buildings/h707/,5,5,5,1,3
fb / h707,33,遠雄星呈-台中市清水區預售屋/新建案-預約賞屋，遠雄房地產,/buildings/h707/,5,5,5,1,3.6
fb / h707,7,遠雄星呈-台中市清水區預售屋/新建案-預約賞屋，遠雄房地產,/buildings/h707/,5,5,5,1,6.4
fb / h707,9,遠雄星呈-台中市清水區預售屋/新建案-預約賞屋，遠雄房地產,/buildings/h707/,5,5,5,1,4
google / cpc,遠雄幸福成_H713_關鍵字_0516_外縣市,遠雄星呈-台中市清水區預售屋/新建案-預約賞屋，遠雄房地產,/buildings/h707/,5,5,8,1.6,94.4
fb / h713,101,遠雄幸福成｜即將落成 - 台中市清水區預售/新建案-預約賞屋，遠雄房地產,/buildings/h713/,5,5,5,1,18
fb / h713,105,遠雄幸福成｜即將落成 - 台中市清水區預售/新建案-預約賞屋，遠雄房地產,/buildings/h713/,5,5,5,1,23.8
google-map / referral,h902,找不到頁面 - 遠雄房地產,/buildings/h902,5,5,6,1.2,15.8
line-lap / hh3,lap-5,找不到頁面 - 遠雄房地產,/buildings/hh3/,5,5,5,1,0.4
tw.search.yahoo.com / referral,(referral),遠雄龜山廠辦新案 | 預約賞屋，遠雄房地產,/buildings/hm2/,5,5,6,1.2,137
google_kw / m62,20211228,找不到頁面 - 遠雄房地產,/buildings/m62/,5,5,5,1,11.2
yahoo_native / o1,20250317,遠雄THE ONE-高雄市前鎮區新成屋/新建案-預約賞屋,/buildings/o1/,5,5,7,1.4,4.2
google_kw / qyh2,taipei,找不到頁面 - 遠雄房地產,/buildings/qyh2/,5,5,5,1,9.2
(data not available),(cross-network),熱銷建案：預售屋、新建案、新成屋 -遠雄房地產,/case/,5,5,7,1.4,6.8
google / cpc,othercities_brand,熱銷建案：預售屋、新建案、新成屋 -遠雄房地產,/case/,5,5,5,1,6.6
fb / h713,102,熱銷建案一覽：遠雄全台預售屋、新建案、新成屋資訊,/case/search/,5,5,5,1,18.4
fb / bh8,fb19-1,熱銷建案一覽：遠雄全台預售屋、新建案、新成屋資訊,/case/search/,5,5,9,1.8,33.6
tw.search.yahoo.com / referral,(referral),熱銷建案一覽：遠雄全台預售屋、新建案、新成屋資訊,/case/search/page/2/,5,5,6,1.2,11
google / cpc,遠雄幸福成_H713_關鍵字_0516_外縣市,熱銷建案一覽：遠雄全台預售屋、新建案、新成屋資訊,/case/search/page/2/,5,5,11,2.2,43
google / cpc,brand,熱銷建案一覽：遠雄全台預售屋、新建案、新成屋資訊,/case/search/page/4/,5,5,9,1.8,10.8
google / cpc,brand,熱銷建案一覽：遠雄全台預售屋、新建案、新成屋資訊,/case/search/page/5/,5,5,6,1.2,11.4
google_kw / dh2,(organic),熱銷建案一覽：遠雄全台預售屋、新建案、新成屋資訊,/case/search/sales_status/hot-sale/,5,5,6,1.2,10.6
socialmedia / bh8,dcard_202508,熱銷建案一覽：遠雄全台預售屋、新建案、新成屋資訊,/case/search/sales_status/hot-sale/,5,5,7,1.4,21.6
(direct) / (none),(direct),遠房好友電子報 - 遠雄房地產,/farglory-realty_edm/,5,5,5,1,5.8
m000476.layout.minmax.website / referral,(referral),遠房好友電子報 - 遠雄房地產,/farglory-realty_edm/,5,5,8,1.6,5.2
google / organic,(organic),財經M平方 彙整 - 遠雄房地產,/life-proposal-category/expert_point/macro_micro/,5,5,5,1,7.2
google / organic,(organic),自用住宅 彙整 - 遠雄房地產,/life-proposal-tag/2、市場/2稅務政策相關/自用住宅/,5,5,6,1.2,13.2
(not set),20250905五輪播,建案熱區巡禮：中和翻轉！北台灣電子製造業最大產業聚落  - 遠雄房地產,/life-proposal/area-l-newtaipei-zhonghe_20220923/,5,5,0,0,29
tw.search.yahoo.com / referral,(referral),建案熱區巡禮：新北板橋區Tpark科技特區 (遠東通訊園區)生活圈 - 遠雄房地產,/life-proposal/area-s-tph_banqiao_tpark_function_20250314/,5,5,6,1.2,130.4
(direct) / (none),(direct),建案熱區巡禮：蛻變中的台南中西區運河星鑽特區 - 交通篇 - 遠雄房地產,/life-proposal/area-tainan_west-central_redevelop_diamond_traffic_20250523/,5,5,5,1,19.8
google / organic,(organic),建案熱區巡禮：台中西屯水湳經貿園區 - 學區篇 - 遠雄房地產,/life-proposal/area-txg-shuinan_school_20240501/,5,5,6,1.2,42.2
google / organic,(organic),建案熱區巡禮：台中西屯區 - 學區篇 - 遠雄房地產,/life-proposal/area_hotspot_txg_xitun_school_20231115/,5,5,5,1,17.6
google / cpc,Taichung,建案熱區巡禮：台中北屯區14期重劃區 - 交通篇 - 遠雄房地產,/life-proposal/area_txg_beitun_14th_traffic_20240925//,5,5,5,1,120.6
(direct) / (none),(direct),防疫宅標準配備，居家隔離有「當層排氣」最重要 - 遠雄房地產,/life-proposal/covid-exhaust/,5,5,8,1.6,4.8
google / organic,(organic),【商用不動產講堂】如何選擇好廠辦? - 遠雄房地產,/life-proposal/expert_ken_topics_commerical_factory_20240920/,5,5,5,1,7.6
mkto-sn070013.com / referral,(referral),永然法律不動產專欄：預售屋買賣契約中的交屋保留款與建材設備約定 - 遠雄房地產,/life-proposal/expert_law_y-rlee_retention-money_20250704/,5,5,7,1.4,46.8
(direct) / (none),(direct),李同榮觀點：Al新十大建設對未來房市的具體影響 - 遠雄房地產,/life-proposal/expert_li_ai-projects_20250715/,5,5,6,1.2,13.8
google / organic,(organic),財經M平方觀點：台灣房市價量回升，房市牛市延續兩大重點解析 - 遠雄房地產,/life-proposal/expert_macromicro_housing_market_20240222/,5,5,5,1,12
(not set),20250905五輪播,[影音] 劉佩真觀點：下半年房市走勢利多與利空一次看！ - 遠雄房地產,/life-proposal/expert_peizhen_bullbear-2025h2__20250829/,5,5,4,0.8,12.4
fgr-line / fgr,expert_zhu_land-deal_20250813,[影音] 劉佩真觀點：下半年房市走勢利多與利空一次看！ - 遠雄房地產,/life-proposal/expert_peizhen_bullbear-2025h2__20250829/,5,5,5,1,11.8
(direct) / (none),(direct),劉佩真觀點：國內六大區域治理計畫，牽動區域商用不動產的發展 - 遠雄房地產,/life-proposal/expert_peizhen_commercial_capitalist-development_20250402/,5,5,7,1.4,45.2
google / organic,(organic),劉佩真觀點：國內六大區域治理計畫，牽動區域商用不動產的發展 - 遠雄房地產,/life-proposal/expert_peizhen_commercial_capitalist-development_20250402/,5,5,5,1,26.2
google / organic,(organic),劉佩真觀點：科技業對於辦公大樓租賃或購置的需求趨勢 - 遠雄房地產,/life-proposal/expert_peizhen_tech-office_20240206/,5,5,5,1,26.2
(not set),20250905五輪播,專家觀點地政篇：不動產抵押權重點詳解 - 遠雄房地產,/life-proposal/expert_zhu_hypothec_20230815/,5,5,0,0,0
socialmedia / fgr,ig20250808,[影音] 專家觀點地政篇：連續繼承房產出售節稅有術 - 遠雄房地產,/life-proposal/expert_zhu_multiple-inheriting_vedio_20250423/,5,5,5,1,4.2
google / organic,(organic),不動產節稅妙招：贈與稅節稅規劃及早做 - 遠雄房地產,/life-proposal/gift_tax_20220909/,5,5,5,1,144.8
google / organic,(organic),打造健康住宅！陽光、空氣、水都非常重要 - 遠雄房地產,/life-proposal/healthy-house1/,5,5,5,1,12.2
chatgpt.com / referral,(referral),遠房實價登錄,/,5,5,7,1.4,0
(not set),20250905五輪播,什麼是虛坪制？一次了解政府的「虛坪改革」方案 - 遠雄房地產,/life-proposal/kw_meterspolicy_20240513/,5,5,1,0.2,7.6
(direct) / (none),(direct),社區營運兩三事：各項管理辦法看過來 - 遠雄房地產,/life-proposal/land_rules/,5,5,13,2.6,11.4
google / organic,(organic),超實用的日常「燈具保養清潔」【居家百科】 - 遠雄房地產,/life-proposal/light/,5,5,5,1,3.6
google / organic,(organic),建案熱區巡禮：桃園青埔大翻身！視野廣闊心也寬裕的首選住所 - 遠雄房地產,/life-proposal/qingpu/,5,5,5,1,74.2
google / organic,(organic),不動產節稅妙招：每年都要繳的財產稅省很大 - 遠雄房地產,/life-proposal/tax_mitigation_housetax_20220902/,5,5,6,1.2,103
google / cpc,pmax-1-taichung,遠雄房地產預約賞屋(線上賞屋與預約賞屋),/make_appointment/,5,5,7,1.4,50.2
(not set),20250905五輪播,遠房好友- 遠雄房地產,/my-account/,5,5,6,1.2,30
line-lap / bh7,lap-1,隱私權聲明 - 遠雄房地產,/privacy/,5,5,6,1.2,28.4
google / organic,(organic),洪雅玲業務個人介紹 - 聯上智科,/sales/5VO1/G0521/,5,5,5,1,9
google / cpc,(organic),李珮綺業務個人介紹 - 遠雄泱玥,/sales/ah2/B5652/,5,5,5,1,14.6
google / organic,(organic),戴嘉嫻業務個人介紹 - 齊興緻,/sales/ar1/G0247/,5,5,5,1,22
(direct) / (none),(direct),許哲瑋業務個人介紹 - 遠雄敦富,/sales/bh10/G0605/,5,5,6,1.2,15.8
google / cpc,othercities_brand,葉淯蓁業務個人介紹 - 遠雄樂元,/sales/bh7/B6099/,5,5,6,1.2,7.8
google / cpc,brand,林侑立業務個人介紹 - 遠雄樂元,/sales/bh7/G0526/,5,5,5,1,3.2
google / cpc,pmax-1-anothercity,黃語璇業務個人介紹 - 遠雄樂元,/sales/bh7/G0990/,5,5,5,1,22.4
(direct) / (none),(direct),林育騏業務個人介紹 - 遠雄洄山行,/sales/bh8/G0117/,5,5,5,1,7
google / cpc,CQH1-品牌字,沈玉菁業務個人介紹 - 村泉蒔美,/sales/cqh1/B5432/,5,5,5,1,9.8
google / organic,(organic),中意綠意與水岸，劉氏伉儷在「遠雄青晉」享受未來人生 - 遠雄房地產,/wom-recommendation/liu_couple/,5,5,5,1,4.2
google_kw / bh5,(organic),遠房實價登錄,/,4,5,7,1.75,4.25
fb / paid,120207082511280558,遠房實價登錄,/,4,5,7,1.75,0
(not set),20250725三輪播,遠房實價登錄,/,4,5,7,1.75,16.25
web / bh6,googlemap2,遠房實價登錄,/,4,5,9,2.25,0
m000476.layout.minmax.website / referral,(referral),遠雄房地產：最懂生活的購屋專家,/,4,5,4,1,4
google / google,(referral),找不到頁面 - 遠雄房地產,/Build/Detail/H608,4,5,5,1.25,1.75
tw.search.yahoo.com / referral,(referral),關於我們-遠雄房地產,/about/,4,5,4,1,10.75
(not set),20250905五輪播,關於我們-遠雄房地產,/about/,4,5,5,1.25,2.5
m000476.layout.minmax.website / referral,(referral),關於遠創力 - 遠雄房地產,/about/telecreative_marketing/,4,5,7,1.75,5
google / organic,(organic),精選廠辦 相關預售屋/新成屋/新建案資料|遠雄房地產,/building-category-tag/featured_factory_office/,4,5,5,1.25,7.25
google / organic,(organic),精選店面 相關預售屋/新成屋/新建案資料|遠雄房地產,/building-category-tag/精選店面/,4,5,5,1.25,8
bing / organic,(organic),聯上智科｜北士科AI總部 輝達核心軸線 -台北市北投區商辦/預售新建案-預約賞屋，遠創力行銷,/buildings/5vo1/,4,5,4,1,14.75
(not set),20250905五輪播,遠創力行銷-未來店 | 全房產 專業仲介服務,/buildings/8hgs01/,4,5,3,0.75,1.25
console-v2.omnichat.ai / referral,(referral),【遠雄樂元】北屯機捷X好市多，雙首排大道最核心，夠近才最好,/buildings/bh7/,4,5,7,1.75,0.25
line-lap / bh5,(referral),台中西屯建案【遠雄洄山行】．2-4房方正格局,/buildings/bh8/,4,5,5,1.25,13.75
google / cpc,gdn20257-5,水湳建案【遠雄綠美】鄰近綠美圖．中央公園預售屋,/buildings/bh9/,4,5,6,1.5,40.25
statics.teams.cdn.office.net / referral,(referral),安南重劃首選【遠雄藏萃】成屋在即，珍稀戶別最後釋出！,/buildings/dh5/,4,5,4,1,18.5
(not set),(not set),高雄建案推薦【遠雄峰蘊】- 近科工館．高雄預售屋,/buildings/eh1/,4,5,4,1,10.25
google_kw / fm3,needs,遠雄信義CENTER-新北市板橋區廠辦.商辦/預售新建案-預約賞屋,/buildings/fm3/,4,5,5,1.25,4
google / cpc,(organic),"Farglory Star - Taichung City Qingshui District Pre-sale House/New Construction - Make an Appointment to View the House, Farglory Real Estate",/buildings/h707/,4,5,0,0,28.5
(not set),20250808一輪播,遠雄幸福成｜即將落成 - 台中市清水區預售/新建案-預約賞屋，遠雄房地產,/buildings/h713/,4,5,5,1.25,12.75
(not set),20250919一輪播,遠雄THE ONE-高雄市前鎮區新成屋/新建案-預約賞屋,/buildings/o1/,4,5,6,1.5,11.5
tw.search.yahoo.com / referral,(referral),熱銷建案：預售屋、新建案、新成屋 -遠雄房地產,/case/,4,5,8,2,13.25
(not set),20250905五輪播,熱銷建案一覽：遠雄全台預售屋、新建案、新成屋資訊,/case/search/building-category-tag/134/,4,5,8,2,19.75
google / organic,(organic),遠雄東御苑 彙整 - 遠雄房地產,/life-proposal-tag/8、遠雄房地產建案/h807/,4,5,5,1.25,7.5
bing / organic,(organic),建案熱區巡禮：新北板橋區Tpark科技特區 (遠東通訊園區)生活圈 - 遠雄房地產,/life-proposal/area-s-tph_banqiao_tpark_function_20250314/,4,5,4,1,17.25
(direct) / (none),(direct),基礎建設＋結構保固：一次了解大地工程的基本概念 - 遠雄房地產,/life-proposal/construction-base/,4,5,4,1,72.25
google / organic,(organic),劉學龍觀點：2025年的商用不動產投資開發潛力聚焦工業 - 遠雄房地產,/life-proposal/expert_liu_commercial_2025trend_20250115/,4,5,4,1,3.5
(direct) / (none),(direct),財經M平方觀點：關稅搶出口潮退去後，2025下半年製造業還有支撐嗎？ - 遠雄房地產,/life-proposal/expert_macromicro_mfg-h2_20250820/,4,5,4,1,62
(not set),20250905五輪播,[影音] 劉佩真觀點：從總體經營環境來看2025下半年住宅與商用市場最新動態 - 遠雄房地產,/life-proposal/expert_peizhen_oee_2025h2/,4,5,3,0.75,8
(not set),20250905五輪播,何世昌觀點：輝達總部確立，房市受惠區在哪裡？ - 遠雄房地產,/life-proposal/expert_thinktank_nvidia_20250729/,4,5,1,0.25,5
(direct) / (none),(direct),[影音] 停車位買賣詳細解析-你需要知道的車位權利 - 遠雄房地產,/life-proposal/expert_zhu_property_parking_vedio_20240828/,4,5,4,1,40.25
(direct) / (none),(direct),什麼是虛坪制？一次了解政府的「虛坪改革」方案 - 遠雄房地產,/life-proposal/kw_meterspolicy_20240513/,4,5,5,1.25,64.25
google / organic,(organic),買房大小事：交屋眉角看仔細 - 遠雄房地產,/life-proposal/land_handover_check/,4,5,4,1,30
(not set),20250905五輪播,「權狀坪數」與「室內坪數」分不清？ –「首購族看房買屋攻略」 - 遠雄房地產,/life-proposal/ping/,4,5,0,0,0
fgr-line / fgr,space_furnish_newhouse_20231020,讓新家環保又節能！新成屋改裝要點！ - 遠雄房地產,/life-proposal/space_furnish_newhouse_20231020/,4,5,6,1.5,17
google / organic,(organic),讓空間更有溫度，居家燈光設計有訣竅 - 遠雄房地產,/life-proposal/space_light_20230614/,4,5,5,1.25,39.5
(direct) / (none),(direct),突然跳電要怎麼處理？六個步驟跟著做！【居家百科】 - 遠雄房地產,/life-proposal/trip/,4,5,5,1.25,1.75
google / organic,(organic),遠雄攜手李祖原，中和左岸橋景觀住宅，享受視野無價,/life-proposal/zhonghe-river/,4,5,5,1.25,16.25
google / organic,(organic),謝文游業務個人介紹 - 遠雄山禾,/sales/dh2/B2618/,4,5,4,1,8
google / organic,(organic),蔡旻芮業務個人介紹 - 遠雄山禾,/sales/dh2/B6132/,4,5,4,1,9.75
(direct) / (none),(direct),楊倩如業務個人介紹 - 遠雄峰蘊,/sales/eh1/G0259/,4,5,5,1.25,9.25
google / organic,(organic),陳澤韋業務個人介紹 - 遠雄一靚,/sales/eh2/G0243/,4,5,7,1.75,8
pmp / (not set),6,鄧大鈺業務個人介紹 - 遠雄星呈,/sales/h707/G0305/,4,5,6,1.5,24.75
google / cpc,20250616_品牌字,遠雄房地產：最懂生活的購屋專家,/,3,5,6,2,8.666666666666666
(direct) / (none),(direct),遠雄丰尚-陳宴寧-遠雄房地產 Farglory-Realty,/bh11/G1258,3,5,8,2.6666666666666665,9.666666666666666
sms / aep-cdp,aep-306,遠創力行銷-未來店 | 全房產 專業仲介服務,/buildings/8hgs01/,3,5,5,1.6666666666666667,51.666666666666664
dm-point / bh7,202508,【遠雄樂元】北屯機捷X好市多，雙首排大道最核心，夠近才最好,/buildings/bh7/,3,5,5,1.6666666666666667,2.3333333333333335
ig / paid,120224668235420701,大河商爵-台北市士林區廠辦/預售新建案-預約賞屋，遠創力行銷,/buildings/dgm1/,3,5,5,1.6666666666666667,56.666666666666664
line-lap / h707,2,遠雄星呈-台中市清水區預售屋/新建案-預約賞屋，遠雄房地產,/buildings/h707/,3,5,6,2,1
(not set),20250725三輪播,遠雄幸福成｜即將落成 - 台中市清水區預售/新建案-預約賞屋，遠雄房地產,/buildings/h713/,3,5,6,2,15.666666666666666
5vo1 / 5vo1,202508,遠雄龜山廠辦新案 | 預約賞屋，遠雄房地產,/buildings/hm2/,3,5,4,1.3333333333333333,33.666666666666664
(not set),20250808一輪播,遠雄龜山廠辦新案 | 預約賞屋，遠雄房地產,/buildings/hm2/,3,5,5,1.6666666666666667,83.66666666666667
yahoo / organic,(organic),熱銷建案一覽：遠雄全台預售屋、新建案、新成屋資訊,/case/search/,3,5,8,2.6666666666666665,59.333333333333336
google / organic,(organic),運河星鑽特區 彙整 - 遠雄房地產,/life-proposal-tag/5、區域/1區域地段/縣市/台南市/中西區/運河星鑽特區/,3,5,5,1.6666666666666667,73
google / organic,(organic),AI 產業 彙整 - 遠雄房地產,/life-proposal-tag/macroeconomics-2/ai-產業/,3,5,5,1.6666666666666667,7.666666666666667
(direct) / (none),(direct),楠梓高大特區寵物友善地點推薦：必訪5家餐廳＋3大寵物同樂好去處 - 遠雄房地產,/life-proposal/area-kaohsiung-nanzi_nuk_pet-cafe_20250613/,3,5,6,2,1.6666666666666667
(direct) / (none),(direct),高雄楠梓區高大特區寵物友善景點散步趣：與毛孩共享綠意生活 - 遠雄房地產,/life-proposal/area-kaohsiung-nanzi_nuk_pet-walk_20250606/,3,5,5,1.6666666666666667,15.666666666666666
(not set),20250905五輪播,建案熱區巡禮：高雄楠梓區 - 從工業重鎮到經濟新引擎的崛起 - 遠雄房地產,/life-proposal/area-l-kaohsiung-nanzi_20250121/,3,5,1,0.3333333333333333,0
(not set),20250905五輪播,[影音] 專家看2025年上半年預售屋市場 : 四大現象觀察 - 遠雄房地產,/life-proposal/expert_housing-market_20250820/,3,5,5,1.6666666666666667,87
bing / organic,(organic),財經M平方觀點：降息了黃金一定會漲嗎？探討未來黃金走勢 - 遠雄房地產,/life-proposal/expert_macromicro_golden_20241119/,3,5,5,1.6666666666666667,34.666666666666664
tw.search.yahoo.com / referral,(referral),社區營運兩三事：各項管理辦法看過來 - 遠雄房地產,/life-proposal/land_rules/,3,5,3,1,5.666666666666667
(not set),20250919一輪播,遠雄房地產預約賞屋(線上賞屋與預約賞屋),/make_appointment/,3,5,5,1.6666666666666667,34.666666666666664
google / organic,(organic),遠雄之星8推薦-證言篇-退休生活,/wom-recommendation/farglory-star8/,3,5,9,3,148.66666666666666
fb / eh2,9-1,遠房實價登錄,/,2,5,9,4.5,0
tagassistant.google.com / referral,(referral),聯上智科｜北士科AI總部 輝達核心軸線 -台北市北投區商辦/預售新建案-預約賞屋，遠創力行銷,/buildings/5vo1/,2,5,11,5.5,104
dm-point / ar1,20250710_home,齊興_緻-台北市北投區/北士科住宅預售屋,/buildings/ar1/,2,5,6,3,3
line-fgr / bh7,linefgrbh7,(1) 封未讀訊息 | 【遠雄樂元】北屯機捷X好市多，雙首排大道最核心，夠近才最好,/buildings/bh7/,2,5,0,0,35
(not set),20250808一輪播,安南重劃首選【遠雄藏萃】全新落成，珍稀戶別釋出！,/buildings/dh5/,2,5,6,3,37
google_kw / fm3,googlemap,遠雄信義CENTER-新北市板橋區廠辦.商辦/預售新建案-預約賞屋,/buildings/fm3/,2,5,7,3.5,4.5
excel.officeapps.live.com / referral,(referral),熱銷建案一覽：遠雄全台預售屋、新建案、新成屋資訊,/case/search/,2,5,5,2.5,19.5
google / cpc,beitun,建案熱區巡禮：北屯區台中首購最愛，喧鬧中的一隅悠閒 - 遠雄房地產,/life-proposal/area-l-taichung-beitun20220520/,2,5,5,2.5,103
(not set),20250905五輪播,[影音] 台灣房價為何跌不下來？看懂房市「抗跌力」 - 遠雄房地產,/life-proposal/expert_hoshichang_video_property_price_20250801/,2,5,2,1,0
excel.officeapps.live.com / referral,(referral),何世昌觀點：三大因素驅動，雙北市房價「蛋花湯」現象成為現在進行式　 - 遠雄房地產,/life-proposal/expert_shuangbei_20250822/,2,5,4,2,22.5
tw.search.yahoo.com / referral,(referral),買房大小事：交屋到入住前不可不知 - 遠雄房地產,/life-proposal/land_handover/,2,5,4,2,94.5
chatgpt.com / referral,(referral),退休以後怎麼住？你適合青銀共居、養生村還是全齡宅？ - 遠雄房地產,/life-proposal/retiredlife_20230220/,2,5,3,1.5,66.5
excel.officeapps.live.com / referral,(referral),專家觀點：解析房市動向與購屋建議 -遠雄房地產,/life_proposal/experts_point/,2,5,7,3.5,24.5
(not set),20250919一輪播,遠房好友- 遠雄房地產,/my-account/,2,5,6,3,22
google / cpc,20250718,張庭海業務個人介紹 - 遠雄商用不動產,/sales/fm3/B4147/,2,5,8,4,20.5
google / organic,(organic),永然法律不動產專欄：台版地面師如何騙走你的不動產? - 遠雄房地產,/,1,5,9,9,1001
line / bh5,line46,遠房實價登錄,/,1,5,8,8,0
google / organic,(organic),遠雄泱玥 | 水岸正首席．北士科首獻｜57-75坪-鄭家昇-遠雄房地產 Farglory-Realty,/ah2/B5805,1,5,6,6,49
(not set),20250905五輪播,遠雄泱玥 | 水岸正首席．北士科首獻｜57-75坪-邱冠綸-遠雄房地產 Farglory-Realty,/ah2/g0627,1,5,8,8,13
google_kw / ah2,(not set),聯上智科｜北士科AI總部 輝達核心軸線 -台北市北投區商辦/預售新建案-預約賞屋，遠創力行銷,/buildings/5vo1/,1,5,4,4,1
(not set),20250711一輪播,齊興_緻-台北市北投區/北士科住宅預售屋,/buildings/ar1/,1,5,3,3,27
localhost:8080 / referral,(referral),遠雄14期首發【遠雄丰尚】北屯新案．近漢神洲際百貨,/buildings/bh11/,1,5,4,4,91
google_kw / 5vo1,202509,遠雄14期首發【遠雄丰尚】北屯新案．近漢神洲際百貨,/buildings/bh11/,1,5,2,2,26
tagassistant.google.com / referral,(referral),【遠雄樂元】北屯機捷X好市多，雙首排大道最核心，夠近才最好,/buildings/bh7/,1,5,5,5,101
fb / h713,99,遠雄龜山廠辦新案 | 預約賞屋，遠雄房地產,/buildings/hm2/,1,5,5,5,0
line / bh5,line46,熱銷建案一覽：遠雄全台預售屋、新建案、新成屋資訊,/case/search/,1,5,11,11,34
app.omnichat.ai / referral,20250905五輪播,熱銷建案一覽：遠雄全台預售屋、新建案、新成屋資訊,/case/search/page/2/,1,5,6,6,3
(not set),20250905五輪播,財經M平方觀點：2025 年中國經濟關鍵議題分析 - 遠雄房地產,/life-proposal/expert_macromicro_china-economic_20250120/,1,5,8,8,84
(not set),20250808一輪播,何世昌觀點：輝達總部確立，房市受惠區在哪裡？ - 遠雄房地產,/life-proposal/expert_thinktank_nvidia_20250729/,1,5,3,3,0
(not set),20250613一輪播,專家觀點：解析房市動向與購屋建議 -遠雄房地產,/life_proposal/experts_point/,1,5,7,7,35
google / organic,(organic),囤房稅不可不知！多屋族看過來 - 遠雄房地產,/life-proposal/house_tax/,5,5,5,1,70.8
fb / bh8,fb16-2,熱銷建案一覽：遠雄全台預售屋、新建案、新成屋資訊,/case/search/sales_status/hot-sale/,4,4,4,1,17.75
(not set),20250725一輪播,專家觀點地政篇：親屬間不動產交易的稅務優化策略與案例解析 - 遠雄房地產,/life-proposal/expert_zhu_second-degree_20250321/,0,4,4,null,null
fb / paid,120224847618040347,遠房實價登錄,/,4,4,4,1,0
fb / O1,120227538157820464,遠房實價登錄,/,4,4,5,1.25,0
fb / paid,120234317298640316,遠房實價登錄,/,4,4,4,1,0
google_kw / BH8,20240816_台中水湳,遠房實價登錄,/,4,4,5,1.25,0
line / bh8,20240826,遠房實價登錄,/,4,4,5,1.25,0
fb / o1,20250402_15-2,遠房實價登錄,/,4,4,4,1,0
dgc / eh2,20250901,遠房實價登錄,/,4,4,4,1,0
google / cpc,202509_1,遠房實價登錄,/,4,4,4,1,0
fb / bh9,23,遠房實價登錄,/,4,4,4,1,0
line-lap / h707,3,遠房實價登錄,/,4,4,4,1,0
web-sms / cdp,cdpcid,遠房實價登錄,/,4,4,4,1,0
google_kw / eh1,com,遠房實價登錄,/,4,4,4,1,0
fb / eh1,eh1fb,遠房實價登錄,/,4,4,6,1.5,0
fb / dh2,fb-30,遠房實價登錄,/,4,4,4,1,0
fb / bh10,fb20259-2,遠房實價登錄,/,4,4,4,1,0
fb / ar1,fb4-1,遠房實價登錄,/,4,4,4,1,0
fb / bh10,fbfanpage0926,遠房實價登錄,/,4,4,4,1,0
googlemap / dh5,googlemap,遠房實價登錄,/,4,4,4,1,0
leju / ah2,lejupage,遠房實價登錄,/,4,4,6,1.5,0
line-lap / bh10,line-lap20252-5,遠房實價登錄,/,4,4,4,1,0
line / ah2,message,遠房實價登錄,/,4,4,4,1,0
google / cpc,storefront,遠房實價登錄,/,4,4,4,1,0
line-lap / bh5,(referral),遠雄房地產：最懂生活的購屋專家,/,4,4,4,1,6.75
udn.com / referral,(referral),遠雄房地產：最懂生活的購屋專家,/,4,4,4,1,14.75
g-pmax / h109,g-pmaxpost9-1,遠雄房地產：最懂生活的購屋專家,/,4,4,4,1,0
g-pmax / h109,g-pmaxpost9-2,遠雄房地產：最懂生活的購屋專家,/,4,4,4,1,0
gdn / o1,gdnleader,遠雄房地產：最懂生活的購屋專家,/,4,4,4,1,7.25
gdn / ao1,pmax_20250521,遠雄房地產：最懂生活的購屋專家,/,4,4,4,1,0
google_kw / vg_h602,feature,找不到頁面 - 遠雄房地產,/Build/Detail/H602,4,4,4,1,7.25
google / cpc,brand,遠雄琢蘊,/H902/main,4,4,4,1,38
google / organic,(organic),關於遠創力 - 遠雄房地產,/about/telecreative_marketing-3/,4,4,4,1,21
google / organic,(organic),活動一覽 彙整 - 遠雄房地產,/activity-report-category/activities_glance/activities_glance_list/,4,4,6,1.5,73.75
google / organic,(organic),遠雄敦富理想生活研究所 - 遠雄房地產,/activity-report/bh10event2025q2/,4,4,6,1.5,13.75
google / organic,(organic),遠雄房地產 官方LINE | 端午限定🐲大巨蛋VIP專屬貴賓席 - 遠雄房地產,/activity-report/遠雄房地產-官方line-端午限定🐲大巨蛋vip專屬貴賓席/,4,4,5,1.25,10.75
google / cpc,遠雄幸福成_H713_關鍵字_0516_外縣市,活動一覽：建案活動與會員好禮 -遠雄房地產,/activity_report/activities_glance/,4,4,4,1,22
(not set),(not set),遠雄泱玥 | 水岸正首席．北士科首獻｜57-75坪-周繹加-遠雄房地產 Farglory-Realty,/ah2/B5654,4,4,4,1,8.75
(direct) / (none),(direct),遠雄丰尚-黃郁恬-遠雄房地產 Farglory-Realty,/bh11/G0335,4,4,4,1,21
(direct) / (none),(direct),遠雄丰尚-黃子霏-遠雄房地產 Farglory-Realty,/bh11/G0630,4,4,4,1,20.25
(direct) / (none),(direct),遠雄丰尚-汪千卉-遠雄房地產 Farglory-Realty,/bh11/G1259,4,4,4,1,11.75
(direct) / (none),(direct),精選廠辦 相關預售屋/新成屋/新建案資料|遠雄房地產,/building-category-tag/featured_factory_office/,4,4,6,1.5,8.5
google / cpc,20250718,精選廠辦 相關預售屋/新成屋/新建案資料|遠雄房地產,/building-category-tag/featured_factory_office/,4,4,5,1.25,10
google / cpc,20250718,遠雄房地產精選預售屋(台北、新北、台中、桃園、台南、高雄) - 遠雄房地產,/building-category-tag/featured_pre_sale/,4,4,4,1,13
line-lap / ar1,20250718,遠雄房地產精選預售屋(台北、新北、台中、桃園、台南、高雄) - 遠雄房地產,/building-category-tag/featured_pre_sale/,4,4,4,1,11.5
(not set),20250919一輪播,遠雄房地產精選預售屋(台北、新北、台中、桃園、台南、高雄) - 遠雄房地產,/building-category-tag/featured_pre_sale/,4,4,2,0.5,4.5
fb / eh1,7-1,遠雄房地產精選預售屋(台北、新北、台中、桃園、台南、高雄) - 遠雄房地產,/building-category-tag/featured_pre_sale/,4,4,5,1.25,21
google / cpc,CQH1-競品字,遠雄房地產精選預售屋(台北、新北、台中、桃園、台南、高雄) - 遠雄房地產,/building-category-tag/featured_pre_sale/,4,4,7,1.75,11.25
google / cpc,CQH1-買房字,遠雄房地產精選預售屋(台北、新北、台中、桃園、台南、高雄) - 遠雄房地產,/building-category-tag/featured_pre_sale/,4,4,5,1.25,4.75
fb / eh1,formbutton,遠雄房地產精選預售屋(台北、新北、台中、桃園、台南、高雄) - 遠雄房地產,/building-category-tag/featured_pre_sale/,4,4,5,1.25,20
google / cpc,gdn5-7,遠雄房地產精選預售屋(台北、新北、台中、桃園、台南、高雄) - 遠雄房地產,/building-category-tag/featured_pre_sale/,4,4,4,1,35
web-udn / bh10,webudn0919,遠雄房地產精選預售屋(台北、新北、台中、桃園、台南、高雄) - 遠雄房地產,/building-category-tag/featured_pre_sale/,4,4,5,1.25,12.75
google / cpc,(organic),遠雄房地產精選預售屋(台北、新北、台中、桃園、台南、高雄) - 遠雄房地產,/building-category-tag/featured_pre_sale/page/2/,4,4,6,1.5,6.25
google / organic,(organic),廠辦 彙整 - 遠雄房地產,/building-category/factory-office/,4,4,4,1,9.25
(direct) / (none),(direct),都會區相關預售屋/新成屋/新建案資料|遠雄房地產,/building-tag/build-tag-city/,4,4,5,1.25,17.25
(direct) / (none),(direct),捷運宅相關預售屋/新成屋/新建案資料|遠雄房地產,/building-tag/build-tag-mrt/,4,4,5,1.25,9.25
google / cpc,area,捷運宅相關預售屋/新成屋/新建案資料|遠雄房地產,/building-tag/build-tag-mrt/,4,4,5,1.25,17.5
(direct) / (none),(direct),公園宅相關預售屋/新成屋/新建案資料|遠雄房地產,/building-tag/build-tag-park/,4,4,4,1,4.75
pmp / (not set),6,公園宅相關預售屋/新成屋/新建案資料|遠雄房地產,/building-tag/build-tag-park/,4,4,5,1.25,16
google / organic,(organic),景觀宅 彙整 - 遠雄房地產,/building-tag/景觀宅/,4,4,4,1,12
google / cpc,(not set),聯上智科｜北士科AI總部 輝達核心軸線 -台北市北投區商辦/預售新建案-預約賞屋，遠創力行銷,/buildings/5vo1/,4,4,4,1,4
mkto-sn070013.com / referral,(referral),聯上智科｜北士科AI總部 輝達核心軸線 -台北市北投區商辦/預售新建案-預約賞屋，遠創力行銷,/buildings/5vo1/,4,4,4,1,2.75
google_kw / 5vo1,202509_ex5,聯上智科｜北士科AI總部 輝達核心軸線 -台北市北投區商辦/預售新建案-預約賞屋，遠創力行銷,/buildings/5vo1/,4,4,4,1,7
google / cpc,area,聯上智科｜北士科AI總部 輝達核心軸線 -台北市北投區商辦/預售新建案-預約賞屋，遠創力行銷,/buildings/5vo1/,4,4,4,1,12
google_kw / 8fsl01,information8,遠創力行銷-北大店 | 買賣仲介 ‧ 物件評估 ‧ 全方位資產規劃,/buildings/8fsl01/,4,4,4,1,13
google_kw / ah2,(not set),北士科建案【遠雄泱玥】-水岸首排．57-75坪,/buildings/ah2/,4,4,4,1,0
ig / paid,120210867110050402,北士科建案【遠雄泱玥】-水岸首排．57-75坪,/buildings/ah2/,4,4,4,1,5.75
google / cpc,20250718,北士科建案【遠雄泱玥】-水岸首排．57-75坪,/buildings/ah2/,4,4,4,1,3.5
youtube / ah2,yt-3,北士科建案【遠雄泱玥】-水岸首排．57-75坪,/buildings/ah2/,4,4,4,1,0
google / cpc,20250905五輪播,北士科建案【遠雄泱玥】水岸首排．57-75坪,/buildings/ah2/,4,4,5,1.25,19.5
google / cpc,202509_1,北士科建案【遠雄泱玥】水岸首排．57-75坪,/buildings/ah2/,4,4,4,1,13
line-lap / ao1,20240612_6-1,找不到頁面 - 遠雄房地產,/buildings/ao1/,4,4,4,1,0
m.facebook.com / referral,(referral),齊興_緻-台北市北投區/北士科住宅預售屋,/buildings/ar1/,4,4,4,1,8.75
google_kw / AR1,20250616_品牌字,齊興_緻-台北市北投區/北士科住宅預售屋,/buildings/ar1/,4,4,5,1.25,7
fb / ar1,fb2-2,齊興_緻-台北市北投區/北士科住宅預售屋,/buildings/ar1/,4,4,4,1,18.25
104.com.tw / referral,(referral),北屯敦富路【遠雄敦富】- 北屯機捷預售屋．近好市多,/buildings/bh10/,4,4,4,1,94.25
google_kw / BH8,20240816_品牌字,北屯敦富路【遠雄敦富】- 北屯機捷預售屋．近好市多,/buildings/bh10/,4,4,5,1.25,20
fb / bh10,fbfanpage0829,北屯敦富路【遠雄敦富】- 北屯機捷預售屋．近好市多,/buildings/bh10/,4,4,4,1,4.75
web-chinatimes / bh10,web-chinatimes0925,北屯敦富路【遠雄敦富】- 北屯機捷預售屋．近好市多,/buildings/bh10/,4,4,4,1,65.75
google / cpc,20250918,Farglory Fase 14 meluncurkan proyek baru Beitun [Farglory Fengshang]. Dekat Hanshin InterContinental Department Store.,/buildings/bh11/,4,4,1,0.25,9.75
google / cpc,20250829,Farglory Giai đoạn 14 ra mắt dự án mới [Farglory Phong Thượng] Beitun. Gần Trung tâm Thương mại Hanshin InterContinental,/buildings/bh11/,4,4,0,0,16.25
ig / paid,120240295873940537,遠雄14期首發【遠雄丰尚】北屯新案．近漢神洲際百貨,/buildings/bh11/,4,4,5,1.25,44.75
google / cpc,area,遠雄14期首發【遠雄丰尚】北屯新案．近漢神洲際百貨,/buildings/bh11/,4,4,4,1,6
google_kw / bh11,corearea0829,遠雄14期首發【遠雄丰尚】北屯新案．近漢神洲際百貨,/buildings/bh11/,4,4,4,1,16.75
googlemap / bh2,googlemap,找不到頁面 - 遠雄房地產,/buildings/bh2/,4,4,6,1.5,1
tw.search.yahoo.com / referral,(referral),遠雄琉蘊 -台中市西屯區七期預售屋/新建案-預約賞屋，遠雄房地產,/buildings/bh5/,4,4,4,1,44.75
(not set),20250808一輪播,遠雄琉蘊 -台中市西屯區七期預售屋/新建案-預約賞屋，遠雄房地產,/buildings/bh5/,4,4,4,1,34.5
fb / bh5,30,遠雄琉蘊 -台中市西屯區七期預售屋/新建案-預約賞屋，遠雄房地產,/buildings/bh5/,4,4,4,1,5.75
google / cpc,brand,遠雄藝舍-台中西屯區麥當勞旁金店面-預約賞屋，遠雄房地產,/buildings/bh6/,4,4,4,1,28
google / cpc,gdn-1-taichung,"Farglory Leyuan: Beitun Airport MRT Station and Costco, close to the heart of Shuangshou Avenue.",/buildings/bh7/,4,4,0,0,27.75
google / cpc,(not set),【遠雄樂元】北屯機捷X好市多，雙首排大道最核心，夠近才最好,/buildings/bh7/,4,4,4,1,0
google / cpc,0829,【遠雄樂元】北屯機捷X好市多，雙首排大道最核心，夠近才最好,/buildings/bh7/,4,4,4,1,22.75
google / cpc,20250909一輪播,【遠雄樂元】北屯機捷X好市多，雙首排大道最核心，夠近才最好,/buildings/bh7/,4,4,4,1,2.75
fb / bh11,8-2,【遠雄樂元】北屯機捷X好市多，雙首排大道最核心，夠近才最好,/buildings/bh7/,4,4,5,1.25,31
line / bh7,crm20250912,【遠雄樂元】北屯機捷X好市多，雙首排大道最核心，夠近才最好,/buildings/bh7/,4,4,3,0.75,17.25
google_kw / bh7,googlemap,【遠雄樂元】北屯機捷X好市多，雙首排大道最核心，夠近才最好,/buildings/bh7/,4,4,5,1.25,6.75
google / cpc,brand,台中西屯建案【遠雄洄山行】．2-4房方正格局,/buildings/bh8/,4,4,5,1.25,46.5
google / cpc,othercities_brand,台中西屯建案【遠雄洄山行】．2-4房方正格局,/buildings/bh8/,4,4,4,1,33.25
m.facebook.com / referral,(referral),水湳建案【遠雄綠美】鄰近綠美圖．中央公園預售屋,/buildings/bh9/,4,4,4,1,6.75
ig / paid,120207082473750558,水湳建案【遠雄綠美】鄰近綠美圖．中央公園預售屋,/buildings/bh9/,4,4,4,1,0
google / cpc,brand,水湳建案【遠雄綠美】鄰近綠美圖．中央公園預售屋,/buildings/bh9/,4,4,3,0.75,31
google / cpc,taichung,水湳建案【遠雄綠美】鄰近綠美圖．中央公園預售屋,/buildings/bh9/,4,4,4,1,28.25
google / cpc,(not set),水湳建案【遠雄綠美】鄰近綠美圖．中央公園預售屋,/buildings/bh9//,4,4,4,1,0
ig / paid,120232410691820316,村泉蒔美｜門戶端點 從容跨界｜台北生活最美起點,/buildings/cqh1/,4,4,4,1,21.5
pmp / (not set),6,村泉蒔美｜門戶端點 從容跨界｜台北生活最美起點,/buildings/cqh1/,4,4,5,1.25,23.25
fb / cqh1,fb-9,村泉蒔美｜門戶端點 從容跨界｜台北生活最美起點,/buildings/cqh1/,4,4,4,1,4.5
fb / cqh1,youtube-2,村泉蒔美｜門戶端點 從容跨界｜台北生活最美起點,/buildings/cqh1/,4,4,4,1,2.75
tw.search.yahoo.com / referral,(referral),大河商爵-台北市士林區廠辦/預售新建案-預約賞屋，遠創力行銷,/buildings/dgm1/,4,4,4,1,40.25
google / cpc,20250905五輪播,大河商爵-台北市士林區廠辦/預售新建案-預約賞屋，遠創力行銷,/buildings/dgm1/,4,4,8,2,87.25
fb / dgm1,fb6-1,大河商爵-台北市士林區廠辦/預售新建案-預約賞屋，遠創力行銷,/buildings/dgm1/,4,4,4,1,3.75
fb / dgm1,fb8-1,大河商爵-台北市士林區廠辦/預售新建案-預約賞屋，遠創力行銷,/buildings/dgm1/,4,4,4,1,4
fb / dgm1,fb8-7,大河商爵-台北市士林區廠辦/預售新建案-預約賞屋，遠創力行銷,/buildings/dgm1/,4,4,4,1,2
googlemap / dh1,googlemap,找不到頁面 - 遠雄房地產,/buildings/dh1/,4,4,4,1,3.5
line-lap / dh2,1,台南永康新建案【遠雄山禾】-鹽行特區．3-4房,/buildings/dh2/,4,4,4,1,2
line-lap / dh2,10,台南永康新建案【遠雄山禾】-鹽行特區．3-4房,/buildings/dh2/,4,4,4,1,0
(not set),20250627一輪播,台南永康新建案【遠雄山禾】-鹽行特區．3-4房,/buildings/dh2/,4,4,4,1,0
fb / dh2,fb-30,台南永康新建案【遠雄山禾】-鹽行特區．3-4房,/buildings/dh2/,4,4,4,1,4.25
line-lap / dh3,1,找不到頁面 - 遠雄房地產,/buildings/dh3/,4,4,5,1.25,21.25
bing / organic,(organic),安南重劃首選【遠雄藏萃】全新落成，珍稀戶別釋出！,/buildings/dh5/,4,4,5,1.25,83.25
google_kw / dh2,(organic),安南重劃首選【遠雄藏萃】全新落成，珍稀戶別釋出！,/buildings/dh5/,4,4,12,3,121.75
(not set),20250919一輪播,安南重劃首選【遠雄藏萃】全新落成，珍稀戶別釋出！,/buildings/dh5/,4,4,6,1.5,122
google / cpc,遠雄幸福成_H713_關鍵字_0516_外縣市,安南重劃首選【遠雄藏萃】全新落成，珍稀戶別釋出！,/buildings/dh5/,4,4,4,1,27
google_kw / eh1,com,高雄建案推薦【遠雄峰蘊】- 近科工館．高雄預售屋,/buildings/eh1/,4,4,4,1,0
fb / eh1,eh1fb,高雄建案推薦【遠雄峰蘊】- 近科工館．高雄預售屋,/buildings/eh1/,4,4,6,1.5,30.5
google / cpc,(not set),高雄建案推薦【遠雄峰蘊】- 近科工館．高雄預售屋,/buildings/eh1//,4,4,4,1,0
statics.teams.cdn.office.net / referral,(referral),遠雄一靚｜楠梓新案．高大特區首發｜早鳥預約中,/buildings/eh2/,4,4,4,1,27.75
google / cpc,O1_品牌字_2025.0801,遠雄一靚｜楠梓新案．高大特區首發｜早鳥預約中,/buildings/eh2/,4,4,7,1.75,67
google / cpc,O1_地區字_2025.0801,遠雄一靚｜楠梓新案．高大特區首發｜早鳥預約中,/buildings/eh2/,4,4,5,1.25,69.5
google / cpc,com,遠雄一靚｜楠梓新案．高大特區首發｜早鳥預約中,/buildings/eh2/,4,4,4,1,20.5
google / cpc,20250829,遠雄高雄新案｜楠梓新案．高大特區首發｜早鳥預約中,/buildings/eh2/,4,4,4,1,2.5
fb / eh2,8-2,遠雄高雄新案｜楠梓新案．高大特區首發｜早鳥預約中,/buildings/eh2/,4,4,5,1.25,62
google / cpc,(not set),遠雄沐蘊-高雄市三民區預售屋/新建案-預約賞屋,/buildings/eh5//,4,4,4,1,0
pmp / (not set),6,Farglory Star - 台中市清水区 先行販売物件/新築物件 - 内覧のご予約はFarglory Real Estateまで,/buildings/h707/,4,4,0,0,25.5
tw.search.yahoo.com / referral,(referral),遠雄星呈-台中市清水區預售屋/新建案-預約賞屋，遠雄房地產,/buildings/h707/,4,4,4,1,68.5
(not set),20250808一輪播,遠雄星呈-台中市清水區預售屋/新建案-預約賞屋，遠雄房地產,/buildings/h707/,4,4,5,1.25,10.75
fb / h707,5,遠雄星呈-台中市清水區預售屋/新建案-預約賞屋，遠雄房地產,/buildings/h707/,4,4,4,1,3.75
fb / h707,6,遠雄星呈-台中市清水區預售屋/新建案-預約賞屋，遠雄房地產,/buildings/h707/,4,4,5,1.25,7.5
(data not available),(cross-network),遠雄幸福成｜即將落成 - 台中市清水區預售/新建案-預約賞屋，遠雄房地產,/buildings/h713/,4,4,7,1.75,32
(not set),(not set),遠雄幸福成｜即將落成 - 台中市清水區預售/新建案-預約賞屋，遠雄房地產,/buildings/h713/,4,4,4,1,13.5
bing / organic,(organic),遠雄幸福成｜即將落成 - 台中市清水區預售/新建案-預約賞屋，遠雄房地產,/buildings/h713/,4,4,5,1.25,28.5
fb / h713,(referral),遠雄幸福成｜即將落成 - 台中市清水區預售/新建案-預約賞屋，遠雄房地產,/buildings/h713/,4,4,4,1,2
fb / h713,page,遠雄幸福成｜即將落成 - 台中市清水區預售/新建案-預約賞屋，遠雄房地產,/buildings/h713/,4,4,4,1,83.75
google / organic,(organic),找不到頁面 - 遠雄房地產,/buildings/h807/,4,4,5,1.25,0.25
googlemap / hh1,googlemap,找不到頁面 - 遠雄房地產,/buildings/hh1/,4,4,4,1,3
line-lap / hh3,lap-2,找不到頁面 - 遠雄房地產,/buildings/hh3/,4,4,4,1,0
gdn / m62,20220518-1,找不到頁面 - 遠雄房地產,/buildings/m62,4,4,4,1,7
gdn / msm1,gdnpmax_occupation,找不到頁面 - 遠雄房地產,/buildings/msm1/,4,4,4,1,10.75
tw.search.yahoo.com / referral,(referral),遠雄THE ONE-高雄市前鎮區新成屋/新建案-預約賞屋,/buildings/o1/,4,4,5,1.25,53.25
fb / o1,20250402_15-2,遠雄THE ONE-高雄市前鎮區新成屋/新建案-預約賞屋,/buildings/o1/,4,4,4,1,62.75
google_kw / o1,kaohsiung,遠雄THE ONE-高雄市前鎮區新成屋/新建案-預約賞屋,/buildings/o1/,4,4,4,1,0
google_kw / dh2,(organic),熱銷建案：預售屋、新建案、新成屋 -遠雄房地產,/case/,4,4,5,1.25,2.75
google / cpc,20250718,熱銷建案：預售屋、新建案、新成屋 -遠雄房地產,/case/,4,4,4,1,6
(not set),20250919一輪播,熱銷建案：預售屋、新建案、新成屋 -遠雄房地產,/case/,4,4,7,1.75,3.75
google / cpc,gdn5-7,熱銷建案：預售屋、新建案、新成屋 -遠雄房地產,/case/,4,4,7,1.75,32.75
(not set),20250905一輪播,熱銷建案一覽：遠雄全台預售屋、新建案、新成屋資訊,/case/search/,4,4,12,3,53
google / cpc,CQH1-買房字,熱銷建案一覽：遠雄全台預售屋、新建案、新成屋資訊,/case/search/,4,4,7,1.75,25.5
google / cpc,O1_地區字_2025.0801,熱銷建案一覽：遠雄全台預售屋、新建案、新成屋資訊,/case/search/,4,4,8,2,44.5
google / cpc,brand0829,熱銷建案一覽：遠雄全台預售屋、新建案、新成屋資訊,/case/search/,4,4,5,1.25,9.25
google / organic,(organic),熱銷建案一覽：遠雄全台預售屋、新建案、新成屋資訊,/case/search/building-category-tag/134/page/2/,4,4,5,1.25,47.25
google / cpc,pmax-1-anothercity,熱銷建案一覽：遠雄全台預售屋、新建案、新成屋資訊,/case/search/page/2/,4,4,6,1.5,43.5
(not set),(not set),熱銷建案一覽：遠雄全台預售屋、新建案、新成屋資訊,/case/search/page/3/,4,4,4,1,2.75
(not set),(not set),熱銷建案一覽：遠雄全台預售屋、新建案、新成屋資訊,/case/search/page/5/,4,4,4,1,3
line-lap / bh5,(referral),熱銷建案一覽：遠雄全台預售屋、新建案、新成屋資訊,/case/search/sales_status/hot-sale/,4,4,5,1.25,19
(direct) / (none),(direct),(not set),(not set),4,4,0,0,0
fb / bh8,fb19-1,熱銷建案一覽：遠雄全台預售屋、新建案、新成屋資訊,/case/search/sales_status/hot-sale/,4,4,5,1.25,15
google / cpc,遠雄幸福成_H713_關鍵字_0516_外縣市,買主口碑推薦：遠雄建案、預售屋 -遠雄房地產,/case/wom_recommendation/,4,4,4,1,10.25
google / organic,(organic),遠雄菁英分享 - 遠雄房地產,/contact_service/elite_sharing/,4,4,10,2.5,15.25
(not set),20250905五輪播,加入遠雄 築夢齊飛！-遠雄房地產,/contact_service/join_farglory/,4,4,2,0.5,11
google / organic,(organic),遠房好友電子報感謝頁 - 遠雄房地產,/edm_thank_you_page/,4,4,4,1,4
(direct) / (none),(direct),台經院產經資料庫總監、APIAA院士  劉佩真 彙整 - 遠雄房地產,/life-proposal-category/expert_point/pei_zhen/,4,4,6,1.5,11.5
google / organic,(organic),永然聯合法律事務所 彙整 - 遠雄房地產,/life-proposal-category/expert_point/y-rlee/,4,4,5,1.25,7.5
google / organic,(organic),一生一屋 彙整 - 遠雄房地產,/life-proposal-tag/2、市場/2稅務政策相關/一生一屋/,4,4,5,1.25,7.75
google / organic,(organic),交屋流程 彙整 - 遠雄房地產,/life-proposal-tag/3、交易/1購屋流程相關/交屋流程/,4,4,4,1,7
google / organic,(organic),"建案熱區巡禮：在北投享受適居生活、溫泉慢活""心""價值 - 遠雄房地產",/life-proposal/area-l-taipei-beitou20220520/,4,4,4,1,51
(direct) / (none),(direct),建案熱區巡禮：北屯11期，台中未來新都心 - 遠雄房地產,/life-proposal/area-s-taichung-11_20220916/,4,4,4,1,10.25
google / organic,(organic),建案熱區巡禮：住台中七期，邁向身心都富足生活 - 遠雄房地產,/life-proposal/area-s-taichung-7th20220520/,4,4,4,1,5.5
(direct) / (none),(direct),建案熱區巡禮：台南永康區大灣重劃區生活圈 - 遠雄房地產,/life-proposal/area-tnn-dawan_function_20231129/,4,4,4,1,0.5
(not set),20250905五輪播,建案熱區巡禮：台中西屯區七期重劃區生活圈 - 遠雄房地產,/life-proposal/area-txg-7th_function_20231107/,4,4,1,0.25,2.25
chatgpt.com / (not set),(not set),遠房實價登錄,/,4,4,5,1.25,0
(not set),20250905五輪播,蓋好蓋滿還是適度留白？一次搞懂建蔽率與容積率 - 遠雄房地產,/life-proposal/build_rate/,4,4,4,1,2
google / organic,(organic),梅雨季居家除溼妙招 - 遠雄房地產,/life-proposal/ease_dehumidification_20230601/,4,4,4,1,114.25
fgr-line / fgr,expert_hoshichang_video_property_price_20250801,[影音] 台灣房價為何跌不下來？看懂房市「抗跌力」 - 遠雄房地產,/life-proposal/expert_hoshichang_video_property_price_20250801/,4,4,5,1.25,20.5
(not set),20250905五輪播,永然法律不動產專欄：預售屋買賣契約中的交屋保留款與建材設備約定 - 遠雄房地產,/life-proposal/expert_law_y-rlee_retention-money_20250704/,4,4,0,0,0
google / organic,(organic),財經M平方觀點：2023 台灣房市展望，解析兩大原因與政策衝擊 - 遠雄房地產,/life-proposal/expert_macromicro_20230117/,4,4,4,1,47
perplexity / (not set),(not set),財經M平方觀點：2025 下半年台灣經濟怎麼走？台股、台幣一次解析 - 遠雄房地產,/life-proposal/expert_macromicro_2025econ_20250730/,4,4,4,1,21.25
(direct) / (none),(direct),財經M平方觀點：資本支出會太高嗎？一文解析 24Q4 科技巨頭財報 - 遠雄房地產,/life-proposal/expert_macromicro_financial-statements_20250318/,4,4,5,1.25,9
(direct) / (none),(direct),財經M平方觀點：對等關稅引發全球市場動盪 貴金屬適合投資嗎？ - 遠雄房地產,/life-proposal/expert_macromicro_precious-metals_20250430/,4,4,4,1,11.5
(direct) / (none),(direct),財經M平方觀點：對等關稅下，新興亞洲將面臨哪些挑戰？ - 遠雄房地產,/life-proposal/expert_macromicro_tariffs-to-asia_20250528/,4,4,4,1,9.5
(direct) / (none),(direct),劉佩真觀點：2025年第一季房市觀測 - 政策與銀行管制未鬆綁，短期國內房市陷入調整期 - 遠雄房地產,/life-proposal/expert_peizhen_property-2025q1_20250418/,4,4,4,1,9
news.google.com / referral,(referral),何世昌觀點：三大因素驅動，雙北市房價「蛋花湯」現象成為現在進行式　 - 遠雄房地產,/life-proposal/expert_shuangbei_20250822/,4,4,4,1,52.25
google / cpc,area,何世昌觀點：輝達總部確立，房市受惠區在哪裡？ - 遠雄房地產,/life-proposal/expert_thinktank_nvidia_20250729/,4,4,6,1.5,24.25
bing / organic,(organic),專家觀點地政篇：防範代書詐騙，如何查詢地政士的合法性？ - 遠雄房地產,/life-proposal/expert_zhu_expert_zhu_land-agent_20250917/,4,4,4,1,9.25
(direct) / (none),(direct),專家觀點地政篇：生前贈與還是繳遺產稅，哪個比較划算？結果可能超乎你的想像 - 遠雄房地產,/life-proposal/expert_zhu_gift-and-estate-tax_20250509/,4,4,4,1,152.25
(direct) / (none),(direct),專家觀點地政篇：限貸令對各族群影響 (下) 首購、換屋、繼承族群影響為何? - 遠雄房地產,/life-proposal/expert_zhu_loan-restriction2_20250219/,4,4,5,1.25,2
(not set),20250905五輪播,[影音] 豪宅稅跟你也有關係：有房族注意！影響與計算不可不知 - 遠雄房地產,/life-proposal/expert_zhu_mansion-tax-count_vedio_20250625/,4,4,4,1,77.75
socialmedia / fgr,fb20250822,[影音] 豪宅稅跟你也有關係：有房族注意！2025豪宅稅新門檻上路 - 遠雄房地產,/life-proposal/expert_zhu_mansion-tax-definition_vedio_20250523/,4,4,5,1.25,78.5
socialmedia / fgr,shorts20250905,[影音] 豪宅稅跟你也有關係：有房族注意！2025豪宅稅新門檻上路 - 遠雄房地產,/life-proposal/expert_zhu_mansion-tax-definition_vedio_20250523/,4,4,4,1,0
google / organic,(organic),專家觀點地政篇：離婚房產分配怎麼做？搞懂剩餘財產分配 - 遠雄房地產,/life-proposal/expert_zhu_property_divorce_20240420/,4,4,4,1,103.75
google / organic,(organic),「智慧住宅」的誕生！家變聰明生活更好 - 遠雄房地產,/life-proposal/intelligentbuilding/,4,4,4,1,81
google / organic,(organic),軟裝搭配術 - 改變居家風格的魔法 - 遠雄房地產,/life-proposal/interior_softdeco_20230222/,4,4,4,1,9.25
google / organic,(organic),平均地權條例子法預計7月1日正式登場，修法重點一次看 - 遠雄房地產,/life-proposal/kw_land_rights_20230606/,4,4,4,1,30.5
(direct) / (none),(direct),買房大小事：交屋到入住前不可不知 - 遠雄房地產,/life-proposal/land_handover/,4,4,4,1,0.5
google / organic,(organic),我該買房貸壽險嗎？ - 遠雄房地產,/life-proposal/mortgage-insurance_20221021/,4,4,4,1,24.5
(direct) / (none),(direct),室內採光不足怎麼辦？採光妙招報你知 - 遠雄房地產,/life-proposal/natural_lighting20220708/,4,4,5,1.25,105.75
google / organic,(organic),抗酷暑 ! 室內空間降溫這樣做：選對建材有解方 - 遠雄房地產,/life-proposal/space_design_cooldown_20240804/,4,4,6,1.5,70
google / organic,(organic),熱門玄關設計實用Tips，魔鬼藏在細節裡 - 遠雄房地產,/life-proposal/space_design_entrance_20240314/,4,4,4,1,36
google / organic,(organic),讓新家環保又節能！新成屋改裝要點！ - 遠雄房地產,/life-proposal/space_furnish_newhouse_20231020/,4,4,4,1,38
google / organic,(organic),全齡通用住宅打造友善居住環境：居家安心篇 - 遠雄房地產,/life-proposal/universal-design-safety-20220722/,4,4,4,1,26.25
line / bh11,20250829,隱私權聲明 - 遠雄房地產,/privacy/,4,4,4,1,21.5
google / cpc,20250918,隱私權聲明 - 遠雄房地產,/privacy/,4,4,4,1,3
google / cpc,brand,隱私權聲明 - 遠雄房地產,/privacy/,4,4,6,1.5,9
google / cpc,gdn-02,隱私權聲明 - 遠雄房地產,/privacy/,4,4,10,2.5,30.25
(direct) / (none),(direct),蘇峰正業務個人介紹 - 聯上智科,/sales/5VO1/G0729/,4,4,4,1,17.25
google / organic,(organic),蔡慧祈業務個人介紹 - 遠雄THE ONE,/sales/O1/G1052/,4,4,4,1,8.5
google / organic,(organic),趙偉傑業務個人介紹 - 遠雄泱玥,/sales/ah2/G0106/,4,4,6,1.5,10.75
google / organic,(organic),鍾辰亞業務個人介紹 - 遠雄泱玥,/sales/ah2/G0215/,4,4,5,1.25,18.5
google / cpc,gdn20256-8,李心心業務個人介紹 - 遠雄敦富,/sales/bh10/G0599/,4,4,4,1,8
google / organic,(organic),王庭歡業務個人介紹 - 遠雄敦富,/sales/bh10/G1057/,4,4,4,1,11.25
google / cpc,gdn20256-8,王庭歡業務個人介紹 - 遠雄敦富,/sales/bh10/G1057/,4,4,4,1,14.25
(direct) / (none),(direct),黃郁恬業務個人介紹 - 遠雄丰尚,/sales/bh11/G0335/,4,4,4,1,1.75
(direct) / (none),(direct),葉淯蓁業務個人介紹 - 遠雄樂元,/sales/bh7/B6099/,4,4,4,1,15.75
google / organic,(organic),林芸安業務個人介紹 - 遠雄樂元,/sales/bh7/B6129/,4,4,4,1,15.75
google / cpc,brand,林芸安業務個人介紹 - 遠雄樂元,/sales/bh7/B6129/,4,4,5,1.25,5.75
(direct) / (none),(direct),魏祥桐業務個人介紹 - 遠雄樂元,/sales/bh7/G0306/,4,4,5,1.25,20.75
google / cpc,othercities_brand,魏祥桐業務個人介紹 - 遠雄樂元,/sales/bh7/G0306/,4,4,4,1,8.75
line-fgr / bh7,linefgrbh7,黃語璇業務個人介紹 - 遠雄樂元,/sales/bh7/G0990/,4,4,4,1,26
socialmedia / bh8,dcard_202508,林育騏業務個人介紹 - 遠雄洄山行,/sales/bh8/G0117/,4,4,5,1.25,19
socialmedia / bh8,dcard_202508,林邑瞳業務個人介紹 - 遠雄洄山行,/sales/bh8/G0351/,4,4,5,1.25,10.25
google / organic,(organic),陳柏安業務個人介紹 - 遠雄洄山行,/sales/bh8/G0629/,4,4,4,1,10.25
google / organic,(organic),陳銘宏業務個人介紹 - 遠雄洄山行,/sales/bh8/G0770/,4,4,4,1,20.75
google / cpc,CQH1-品牌字,吳麗美業務個人介紹 - 村泉蒔美,/sales/cqh1/B2850/,4,4,4,1,12.5
google / organic,(organic),詹舜宇業務個人介紹 - 遠雄山禾,/sales/dh2/B4383/,4,4,6,1.5,5.5
google / organic,(organic),黃容筠業務個人介紹 - 遠雄山禾,/sales/dh2/G0936/,4,4,4,1,4.25
(direct) / (none),(direct),洪梓芸業務個人介紹 - 遠雄一靚,/sales/eh2/B5986/,4,4,4,1,19.5
google / cpc,(organic),徐靖業務個人介紹 - 遠雄一靚,/sales/eh2/G0597/,4,4,4,1,5.5
google / cpc,(organic),陳灝業務個人介紹 - 遠雄一靚,/sales/eh2/G1010/,4,4,6,1.5,15.5
google / organic,(organic),張庭海業務個人介紹 - 遠雄商用不動產,/sales/fm3/B4147/,4,4,4,1,8
google / cpc,20250718,趙洋寬業務個人介紹 - 遠雄商用不動產,/sales/fm3/G0922/,4,4,14,3.5,109.75
google / organic,(organic),鄭玲蘭業務個人介紹 - 遠雄星呈,/sales/h707/B4789/,4,4,4,1,8.5
google / organic,(organic),鄧大鈺業務個人介紹 - 遠雄星呈,/sales/h707/G0305/,4,4,4,1,8
m.facebook.com / referral,(referral),服務條款暨隱私權聲明 -遠雄房地產,/terms-of-service_and_privacy/,4,4,4,1,13
google / organic,(organic),「遠雄幸福成」台中最後一塊潛力明星區域，年輕人也買得起 - 遠雄房地產,/wom-recommendation/h713_lin/,4,4,4,1,27
google / organic,(organic),「遠雄幸福成」面朝大海看落日，左擁右抱大公園 - 遠雄房地產,/wom-recommendation/h713_tsang/,4,4,5,1.25,43.25
fb / h713,0930post,遠房實價登錄,/,3,4,4,1.3333333333333333,0
dm-np / bh5,1121226,遠房實價登錄,/,3,4,4,1.3333333333333333,0
(direct) / (none),20250905五輪播,遠房實價登錄,/,3,4,11,3.6666666666666665,0
google / cpc,CQH1-品牌字,遠雄房地產：最懂生活的購屋專家,/,3,4,4,1.3333333333333333,5
(not set),20250905五輪播,品牌實力-遠雄房地產,/about/brand_performance_backup/,3,4,3,1,2.6666666666666665
5vo1 / 5vo1,202508,關於遠創力 - 遠雄房地產,/about/telecreative_marketing/,3,4,6,2,9
google / organic,(organic),青埔最美接待會所，「龍騰四海 世界遨遊」新春賞屋不打烊  - 遠雄房地產,/activity-report/hh3_cny_20240202/,3,4,3,1,17.666666666666668
google / organic,(organic),精選商辦 相關預售屋/新成屋/新建案資料|遠雄房地產,/building-category-tag/精選商辦/,3,4,3,1,7.333333333333333
tw.search.yahoo.com / referral,(referral),齊興_緻-台北市北投區/北士科住宅預售屋,/buildings/ar1/,3,4,4,1.3333333333333333,76.66666666666667
google / cpc,gdn-1-taichung,齊興_緻-台北市北投區/北士科住宅預售屋,/buildings/ar1/,3,4,5,1.6666666666666667,0
(direct) / (none),20250905五輪播,北屯敦富路【遠雄敦富】- 北屯機捷預售屋．近好市多,/buildings/bh10/,3,4,0,0,1.3333333333333333
line / bh10,line0905,北屯敦富路【遠雄敦富】- 北屯機捷預售屋．近好市多,/buildings/bh10/,3,4,4,1.3333333333333333,7.666666666666667
line / bh10,lineQA,北屯敦富路【遠雄敦富】- 北屯機捷預售屋．近好市多,/buildings/bh10/,3,4,5,1.6666666666666667,53.333333333333336
google / cpc,gdn5-7,遠雄14期首發【遠雄丰尚】北屯新案．近漢神洲際百貨,/buildings/bh11/,3,4,4,1.3333333333333333,73.33333333333333
dm-np / bh5,1121226,遠雄琉蘊 -台中市西屯區七期預售屋/新建案-預約賞屋，遠雄房地產,/buildings/bh5/,3,4,4,1.3333333333333333,91.33333333333333
tw.search.yahoo.com / referral,(referral),水湳建案【遠雄綠美】鄰近綠美圖．中央公園預售屋,/buildings/bh9/,3,4,5,1.6666666666666667,31.333333333333332
line-lap / bh9,lap-2,水湳建案【遠雄綠美】鄰近綠美圖．中央公園預售屋,/buildings/bh9/,3,4,4,1.3333333333333333,17
google_kw / cqh1,information6,村泉蒔美｜門戶端點 從容跨界｜台北生活最美起點,/buildings/cqh1/,3,4,4,1.3333333333333333,0
pmp / (not set),6,安南重劃首選【遠雄藏萃】全新落成，珍稀戶別釋出！,/buildings/dh5/,3,4,4,1.3333333333333333,28.333333333333332
google_kw / dh2,(organic),高雄建案推薦【遠雄峰蘊】- 近科工館．高雄預售屋,/buildings/eh1/,3,4,4,1.3333333333333333,39.666666666666664
(not set),20250905一輪播,高雄建案推薦【遠雄峰蘊】- 近科工館．高雄預售屋,/buildings/eh1/,3,4,2,0.6666666666666666,23.333333333333332
(direct) / (none),20250905五輪播,遠雄一靚｜楠梓新案．高大特區首發｜早鳥預約中,/buildings/eh2/,3,4,1,0.3333333333333333,13
fb / eh2,8-1,遠雄一靚｜楠梓新案．高大特區首發｜早鳥預約中,/buildings/eh2/,3,4,4,1.3333333333333333,0.6666666666666666
fb / h713,0930post,遠雄幸福成｜即將落成 - 台中市清水區預售/新建案-預約賞屋，遠雄房地產,/buildings/h713/,3,4,4,1.3333333333333333,6
leju / h713,lejupage,遠雄幸福成｜即將落成 - 台中市清水區預售/新建案-預約賞屋，遠雄房地產,/buildings/h713/,3,4,3,1,58
google / cpc,gdn-3,找不到頁面 - 遠雄房地產,/buildings/hh3/,3,4,3,1,0
mkto-sn070013.com / referral,(referral),熱銷建案：預售屋、新建案、新成屋 -遠雄房地產,/case/,3,4,4,1.3333333333333333,5.333333333333333
mkto-sn070013.com / referral,(referral),熱銷建案一覽：遠雄全台預售屋、新建案、新成屋資訊,/case/search/page/2/,3,4,3,1,9.666666666666666
(not set),20250919一輪播,熱銷建案一覽：遠雄全台預售屋、新建案、新成屋資訊,/case/search/page/2/,3,4,6,2,13.333333333333334
(not set),20250808一輪播,熱銷建案一覽：遠雄全台預售屋、新建案、新成屋資訊,/case/search/page/5/,3,4,5,1.6666666666666667,4
line-lap / ar1,20250718,熱銷建案一覽：遠雄全台預售屋、新建案、新成屋資訊,/case/search/sales_status/coming-soon/,3,4,4,1.3333333333333333,15.666666666666666
sms / aep-cdp,aep-306,熱銷建案一覽：遠雄全台預售屋、新建案、新成屋資訊,/case/search/sales_status/coming-soon/,3,4,4,1.3333333333333333,3.3333333333333335
(not set),20250905五輪播,聯絡我們 - 遠雄房地產,/contact_service/contact_us/,3,4,4,1.3333333333333333,4
google / organic,(organic),結構工法 彙整 - 遠雄房地產,/life-proposal-tag/6、產品/9結構/a-結構工法/,3,4,5,1.6666666666666667,18.333333333333332
google / organic,(organic),科學園區 彙整 - 遠雄房地產,/life-proposal-tag/commercial/科學園區/,3,4,4,1.3333333333333333,4.333333333333333
google / organic,(organic),ESG 彙整 - 遠雄房地產,/life-proposal-tag/esg/esg1/,3,4,5,1.6666666666666667,9.333333333333334
(not set),20250905五輪播,實價登錄真相大破解，一次看懂實價登錄不受騙 - 遠雄房地產,/life-proposal/actual_selling_price20220708/,3,4,0,0,0
(not set),20250905五輪播,建案熱區巡禮：北屯11期，台中未來新都心 - 遠雄房地產,/life-proposal/area-s-taichung-11_20220916/,3,4,2,0.6666666666666666,4
(not set),(not set),建案熱區巡禮：台南中西區運河星鑽特區，重塑台南的歷史與現代風貌 - 遠雄房地產,/life-proposal/area-s-tainan_west-central_diamond_20250425/,3,4,1,0.3333333333333333,28.666666666666668
google / organic,(organic),建案熱區巡禮：台中西屯區 - 綠地篇 - 遠雄房地產,/life-proposal/area_hotspot_txg_xitun_park_20231129/,3,4,3,1,43.333333333333336
google / organic,(organic),建案熱區巡禮：台南永康區鹽行國中重劃區 - 交通篇 - 遠雄房地產,/life-proposal/area_tnn_yongkang_yanxing_traffic_20240324/,3,4,3,1,25.333333333333332
(not set),20250808一輪播,建案熱區巡禮：台中北屯14期重劃區生活圈，打造北台中的新興生活核心 - 遠雄房地產,/life-proposal/area_txg_beitun_14th_function_20250829/,3,4,4,1.3333333333333333,133.33333333333334
google / organic,(organic),超實用的日常「衛浴保養清潔」【居家百科】 - 遠雄房地產,/life-proposal/bathroom/,3,4,4,1.3333333333333333,29.666666666666668
line-lap / bh10,line-lap20257-1,[影音] 專家看2025年上半年預售屋市場 : 四大現象觀察 - 遠雄房地產,/life-proposal/expert_housing-market_20250820/,3,4,5,1.6666666666666667,17.333333333333332
(direct) / (none),(direct),劉學龍觀點：全球局勢到本地市場，2025下半年商用不動產市場的風與浪 - 遠雄房地產,/life-proposal/expert_liu_commercial_2025h2_20250725/,3,4,5,1.6666666666666667,57
(not set),20250905五輪播,專家觀點地政篇：空屋稅的真相？房子閒置前你該考慮的事 - 遠雄房地產,/life-proposal/expert_zhu_eht_20250625/,3,4,1,0.3333333333333333,23
mkto-sn070013.com / referral,(referral),專家觀點地政篇：防範代書詐騙，如何查詢地政士的合法性？ - 遠雄房地產,/life-proposal/expert_zhu_expert_zhu_land-agent_20250917/,3,4,4,1.3333333333333333,122.66666666666667
(not set),20250905五輪播,專家觀點地政篇：防範代書詐騙，如何查詢地政士的合法性？ - 遠雄房地產,/life-proposal/expert_zhu_expert_zhu_land-agent_20250917/,3,4,5,1.6666666666666667,132
(direct) / (none),(direct),[影音] 專家觀點地政篇：限貸令下交屋解約問題 - 遠雄房地產,/life-proposal/expert_zhu_property_terminate_vedio_20250313/,3,4,4,1.3333333333333333,0
google / organic,(organic),打房再出招！金管會第三戶房貸風險權數變100% - 遠雄房地產,/life-proposal/fsc-thirdhouse-100/,3,4,3,1,145
tw.search.yahoo.com / referral,(referral),社區營運兩三事：公設點交不求人 - 遠雄房地產,/life-proposal/land_public_utilities/,3,4,5,1.6666666666666667,224.66666666666666
google / organic,(organic),全齡通用宅打造友善居住環境：住家出入口篇(下篇) - 遠雄房地產,/life-proposal/universal-design-home2-20220722/,3,4,3,1,49.666666666666664
(not set),20250905五輪播,建案熱區巡禮：台南永康產業交通齊發光，宜居現在進行式！ - 遠雄房地產,/life-proposal/yongkang/,3,4,0,0,15.333333333333334
(not set),20250919一輪播,專家觀點：解析房市動向與購屋建議 -遠雄房地產,/life_proposal/experts_point/,3,4,4,1.3333333333333333,32
(not set),20250905五輪播,遠雄房地產預約賞屋(線上賞屋與預約賞屋),/make_appointment/,3,4,3,1,4.666666666666667
line-lap / bh5,(referral),隱私權聲明 - 遠雄房地產,/privacy/,3,4,5,1.6666666666666667,7.666666666666667
m000476.layout.minmax.website / referral,(referral),隱私權聲明 - 遠雄房地產,/privacy/,3,4,4,1.3333333333333333,1
google / organic,(organic),梁瑞麟業務個人介紹 - 遠雄商用不動產(林口龜山),/sales/HM2/B5624/,3,4,4,1.3333333333333333,37.666666666666664
(not set),20250919一輪播,林侑立業務個人介紹 - 遠雄樂元,/sales/bh7/G0526/,3,4,5,1.6666666666666667,7.333333333333333
(direct) / (none),(direct),黃語璇業務個人介紹 - 遠雄樂元,/sales/bh7/G0990/,3,4,5,1.6666666666666667,31
google / organic,(organic),林明櫻業務個人介紹 - 遠雄洄山行,/sales/bh8/G0262/,3,4,3,1,7
google / organic,(organic),張津瑞業務個人介紹 - 遠雄山禾,/sales/dh2/B6045/,3,4,3,1,8
(direct) / (none),(direct),趙洋寬業務個人介紹 - 遠雄商用不動產,/sales/fm3/G0922/,3,4,3,1,3.3333333333333335
google / organic,(organic),楊王誌業務個人介紹 - 遠雄星呈,/sales/h707/G0705/,3,4,4,1.3333333333333333,3.3333333333333335
statics.teams.cdn.office.net / referral,(referral),遠雄2025九月主題報 - 遠雄房地產,/sep2025/,3,4,6,2,11
google / organic,(organic),遠雄香榭園(新北市中和區)住戶-詹太太與女兒口碑推薦- 遠雄房地產,/wom-recommendation/ms-chan/,3,4,6,2,5.666666666666667
google / organic,(organic),遠雄之星證言篇-單身投資-28歲擁有人生第一間房，強迫儲蓄更是最好的投資！- 遠雄房地產,/wom-recommendation/single-investment/,3,4,5,1.6666666666666667,38.666666666666664
(direct) / (none),(direct),預約成功 - 遠雄房地產,/預約成功感謝頁/,3,4,4,1.3333333333333333,21.333333333333332
statics.teams.cdn.office.net / referral,(referral),遠房實價登錄,/,2,4,5,2.5,0
line-lap / H713,202301032,遠房實價登錄,/,2,4,4,2,0
line-lap / ao1,20250522_5-3,遠雄商舟,/,2,4,4,2,0
console-v2.omnichat.ai / referral,(referral),遠雄房地產：最懂生活的購屋專家,/,2,4,4,2,0
(not set),(not set),水湳建案【遠雄綠美】鄰近綠美圖．中央公園預售屋,/buildings/bh9/,2,4,1,0.5,4
google_kw / cqh1,information7,村泉蒔美｜門戶端點 從容跨界｜台北生活最美起點,/buildings/cqh1/,2,4,4,2,0
google / cpc,(organic),(1) 封未讀訊息 | 遠雄星呈-台中市清水區預售屋/新建案-預約賞屋，遠雄房地產,/buildings/h707/,2,4,1,0.5,46.5
line-lap / H713,202301032,遠雄幸福成｜即將落成 - 台中市清水區預售/新建案-預約賞屋，遠雄房地產,/buildings/h713/,2,4,4,2,73.5
(not set),20250725一輪播,熱銷建案一覽：遠雄全台預售屋、新建案、新成屋資訊,/case/search/,2,4,5,2.5,23.5
(not set),20250905五輪播,世界造鎮推手‧遠雄譜寫台灣經濟奇蹟-遠雄房地產,/farglory-realty-about/push-hand/,2,4,2,1,108
(not set),20250905五輪播,AI 產業 彙整 - 遠雄房地產,/life-proposal-tag/macroeconomics-2/ai-產業/,2,4,3,1.5,7
(not set),20250905五輪播,全齡住宅趨勢，0~100歲都適用 - 遠雄房地產,/life-proposal/allagehouse/,2,4,0,0,0
(not set),20250919一輪播,建案熱區巡禮：台中北屯14期重劃區生活圈，打造北台中的新興生活核心 - 遠雄房地產,/life-proposal/area_txg_beitun_14th_function_20250829/,2,4,3,1.5,29
excel.officeapps.live.com / referral,(referral),[影音] 劉佩真觀點：下半年房市走勢利多與利空一次看！ - 遠雄房地產,/life-proposal/expert_peizhen_bullbear-2025h2__20250829/,2,4,4,2,14
(not set),20250905五輪播,[影音] 專家觀點地政篇：連續繼承房產出售節稅有術 - 遠雄房地產,/life-proposal/expert_zhu_multiple-inheriting_vedio_20250423/,2,4,4,2,50.5
(not set),20250905五輪播,讓新家環保又節能！新成屋改裝要點！ - 遠雄房地產,/life-proposal/space_furnish_newhouse_20231020/,2,4,5,2.5,40
(not set),20250919一輪播,在地生活：新建案、預售屋周邊資訊 -遠雄房地產,/life_proposal/music_life/,2,4,2,1,7
google / cpc,brand,翁毓雯業務個人介紹 - 遠雄沐蘊,/sales/eh5/G0816/,2,4,2,1,7
excel.officeapps.live.com / referral,(referral),專家觀點地政篇：防範代書詐騙，如何查詢地政士的合法性？ - 遠雄房地產,/,1,4,21,21,585
line-lap / dh2,6,遠房實價登錄,/,1,4,4,4,0
gdn / ao1,20240710a_7-1,遠雄房地產：最懂生活的購屋專家,/,1,4,4,4,0
fgr-line / fgr,expert_peizhen_bullbear-2025h2__20250829,遠雄房地產：最懂生活的購屋專家,/,1,4,3,3,26
google / organic,(organic),7萬好友感謝祭！7770 LINE POINTS大放送！ - 遠雄房地產,/activity-report/遠雄房地產-7萬好友/,1,4,3,3,261
(direct) / (none),(direct),遠雄泱玥 | 水岸正首席．北士科首獻｜57-75坪-黃建璋-遠雄房地產 Farglory-Realty,/ah2/b5930,1,4,4,4,0
line / bh5,line46,遠雄琉蘊 -台中市西屯區七期預售屋/新建案-預約賞屋，遠雄房地產,/buildings/bh5/,1,4,3,3,51
excel.officeapps.live.com / referral,(referral),【遠雄樂元】北屯機捷X好市多，雙首排大道最核心，夠近才最好,/buildings/bh7/,1,4,4,4,71
tw.search.yahoo.com / referral,(referral),台南永康新建案【遠雄山禾】-鹽行特區．3-4房,/buildings/dh2/,1,4,4,4,23
line-lap / dh2,6,台南永康新建案【遠雄山禾】-鹽行特區．3-4房,/buildings/dh2/,1,4,4,4,0
excel.officeapps.live.com / referral,(referral),安南重劃首選【遠雄藏萃】全新落成，珍稀戶別釋出！,/buildings/dh5/,1,4,6,6,55
app.omnichat.ai / referral,(referral),遠雄一靚｜楠梓新案．高大特區首發｜早鳥預約中,/buildings/eh2/,1,4,4,4,1
fb / 8fsl01,leads,遠雄龜山廠辦新案 | 預約賞屋，遠雄房地產,/buildings/hm2/,1,4,4,4,0
google / cpc,20220718-1,找不到頁面 - 遠雄房地產,/buildings/m62/,1,4,4,4,0
tagassistant.google.com / referral,(referral),熱銷建案一覽：遠雄全台預售屋、新建案、新成屋資訊,/case/search/,1,4,6,6,35
localhost:8080 / referral,(referral),建案熱區巡禮：台中北屯14期重劃區生活圈，打造北台中的新興生活核心 - 遠雄房地產,/life-proposal/area_txg_beitun_14th_function_20250829/,1,4,6,6,64
statics.teams.cdn.office.net / referral,(referral),建案熱區巡禮：台中北屯14期重劃區生活圈，打造北台中的新興生活核心 - 遠雄房地產,/life-proposal/area_txg_beitun_14th_function_20250829/,1,4,2,2,83
(not set),20250905五輪播,리 통롱의 의견: 새로운 10대 AI 건설 프로젝트가 미래 주택 시장에 미치는 구체적인 영향 - Farglory 부동산,/life-proposal/expert_li_ai-projects_20250715/,1,4,0,0,277
(direct) / (none),(direct),專家觀點地政篇：我該購買預售屋還是成屋？ - 遠雄房地產,/life-proposal/expert_zhu_presale_20230314/,1,4,4,4,306
(not set),20250905五輪播,修繕小知識：木地板刮傷怎麼辦？【居家百科】 - 遠雄房地產,/life-proposal/woodfix/,1,4,3,3,0
(not set),20250808一輪播,購屋知識：買屋流程、稅法貸款指南 -遠雄房地產,/life_proposal/buying_knowledge/,1,4,2,2,6
(not set),20250919一輪播,遠雄泱玥 | 水岸正首席．北士科首獻｜57-75坪-蔡定誠-遠雄房地產 Farglory-Realty,/main/review/64/b4720,1,4,5,5,18
(not set),20250808一輪播,楊倩如業務個人介紹 - 遠雄峰蘊,/sales/eh1/G0259/,1,4,6,6,124
fgr-line / eh2,listbutton,遠雄2025九月主題報 - 遠雄房地產,/sep2025/,1,4,5,5,0
(direct) / (none),20250919一輪播,遠雄沐蘊-高雄市三民區預售屋/新建案-預約賞屋,/buildings/eh5/,0,4,0,null,null
google / cpc,beitun,建案熱區巡禮：台中北屯機廠重劃區生活圈 - 遠雄房地產,/life-proposal/area_txg_beitun_depot_function_20240513/,4,4,5,1.25,9.5
fb / bh10,fb20259-6,北屯敦富路【遠雄敦富】- 北屯機捷預售屋．近好市多,/buildings/bh10/,3,3,3,1,2.6666666666666665
(direct) / (none),(direct),繳納房地合一稅避免踩雷必知重點 - 遠雄房地產,/life-proposal/house_income_20230119/,0,3,3,null,null
line / ah2-message,(not set),遠房實價登錄,/,3,3,3,1,0
104.com.tw / referral,(referral),遠房實價登錄,/,3,3,7,2.3333333333333335,0
facebook.com / referral,(referral),遠房實價登錄,/,3,3,3,1,0
google_kw / bh5,(referral),遠房實價登錄,/,3,3,3,1,0
google_kw / bh11,0829,遠房實價登錄,/,3,3,3,1,0
fb / h707,1,遠房實價登錄,/,3,3,3,1,0
line-lap / dh2,10,遠房實價登錄,/,3,3,3,1,0
fb / h713,105,遠房實價登錄,/,3,3,3,1,0
web-businessweekly / ah2,1140708,遠房實價登錄,/,3,3,3,1,0
ig / paid,120207082473750558,遠房實價登錄,/,3,3,3,1,0
fb / paid,120224631795180316,遠房實價登錄,/,3,3,3,1,0
ig / paid,120229486716970138,遠房實價登錄,/,3,3,3,1,0
google_kw / BH6,20220801,遠房實價登錄,/,3,3,3,1,0
fb / o1,20250422_23-1,遠房實價登錄,/,3,3,4,1.3333333333333333,0
google / cpc,20250803,遠房實價登錄,/,3,3,3,1,0
fb / bh5,30,遠房實價登錄,/,3,3,3,1,0
fb / bh5,31,遠房實價登錄,/,3,3,3,1,0
line-lap / dh2,7,遠房實價登錄,/,3,3,3,1,0
fb / eh1,9-2,遠房實價登錄,/,3,3,3,1,0
fb / h713,98,遠房實價登錄,/,3,3,4,1.3333333333333333,0
google / cpc,CQH1-品牌字,遠房實價登錄,/,3,3,3,1,0
google / cpc,CQH1-地區字,遠房實價登錄,/,3,3,3,1,0
google / cpc,brand/,遠房實價登錄,/,3,3,4,1.3333333333333333,0
fb / bh11,fanpagebutton,遠房實價登錄,/,3,3,4,1.3333333333333333,0
socialmedia / fgr,fb,遠房實價登錄,/,3,3,11,3.6666666666666665,0
fb / ah2,fb-20,遠房實價登錄,/,3,3,3,1,0
fb / ah2,fb-28,遠房實價登錄,/,3,3,4,1.3333333333333333,0
fb / bh8,fb15-2,遠房實價登錄,/,3,3,5,1.6666666666666667,0
fb / ar1,fb2-2,遠房實價登錄,/,3,3,3,1,0
fb / bh10,fb20259-7,遠房實價登錄,/,3,3,3,1,0
fb / eh5,fb24,遠房實價登錄,/,3,3,3,1,18.333333333333332
gdn / bh10,gdn20252-5,遠房實價登錄,/,3,3,3,1,0
google_kw / bh9,googlemap,遠房實價登錄,/,3,3,3,1,0
google-map / organic,h707,遠房實價登錄,/,3,3,3,1,0
line-lap / bh9,lap-2,遠房實價登錄,/,3,3,4,1.3333333333333333,0
fb / eh2,leads,遠房實價登錄,/,3,3,3,1,0
line / bh10,line0905,遠房實價登錄,/,3,3,4,1.3333333333333333,0
line / bh10,lineQA,遠房實價登錄,/,3,3,3,1,0
fb / h713,page,遠房實價登錄,/,3,3,3,1,0
web-chinatimes / bh10,web-chinatimes0925,遠房實價登錄,/,3,3,3,1,0
google / cpc,北大店-買房字,遠房實價登錄,/,3,3,3,1,0
(direct) / (none),(direct),遠雄PARK ONE,/,3,3,3,1,0
google / organic,(organic),遠雄夏沐-線上接待中心,/,3,3,6,2,4.333333333333333
(data not available),(cross-network),遠雄房地產：最懂生活的購屋專家,/,3,3,3,1,10
instagram.com / referral,(referral),遠雄房地產：最懂生活的購屋專家,/,3,3,3,1,9.333333333333334
l.facebook.com / referral,(referral),遠雄房地產：最懂生活的購屋專家,/,3,3,3,1,1
web-appledaily / h109,0129,遠雄房地產：最懂生活的購屋專家,/,3,3,3,1,0.3333333333333333
fb / bh7,2,遠雄房地產：最懂生活的購屋專家,/,3,3,4,1.3333333333333333,9
gdn / o1,20231124-1,遠雄房地產：最懂生活的購屋專家,/,3,3,3,1,0
gdn / ao1,20240710a_7-3,遠雄房地產：最懂生活的購屋專家,/,3,3,3,1,0
google / cpc,20250718,遠雄房地產：最懂生活的購屋專家,/,3,3,4,1.3333333333333333,41.333333333333336
google / cpc,CQH1-買房字,遠雄房地產：最懂生活的購屋專家,/,3,3,5,1.6666666666666667,14.333333333333334
google / cpc,O1_地區字_2025.0801,遠雄房地產：最懂生活的購屋專家,/,3,3,3,1,12
google / cpc,com,遠雄房地產：最懂生活的購屋專家,/,3,3,4,1.3333333333333333,23
google / cpc,gdn5-7,遠雄房地產：最懂生活的購屋專家,/,3,3,7,2.3333333333333335,23
line-lap / bh10,line-lap20256-8,遠雄房地產：最懂生活的購屋專家,/,3,3,5,1.6666666666666667,19
youtube / fgr,yt,遠雄房地產：最懂生活的購屋專家,/,3,3,3,1,25
(direct) / (none),(direct),齊興緻-戴嘉嫻-遠雄房地產 Farglory-Realty,/AR1/g0247,3,3,3,1,1.3333333333333333
GOOGLEKW / cpc,GOOGLEMYBUSINESS,找不到頁面 - 遠雄房地產,/Build/Detail/H113,3,3,3,1,1.3333333333333333
google_kw / mdrive,H608,找不到頁面 - 遠雄房地產,/Build/Detail/H608,3,3,3,1,9.666666666666666
GOOGLEKW / cpc,GOOGLEMYBUSINESS,找不到頁面 - 遠雄房地產,/Build/Detail/H609,3,3,3,1,6
tw.search.yahoo.com / referral,(referral),遠雄琢蘊,/H902/main,3,3,3,1,7.333333333333333
104.com.tw / referral,(referral),關於我們-遠雄房地產,/about/,3,3,5,1.6666666666666667,11.666666666666666
google / cpc,brand,關於我們-遠雄房地產,/about/,3,3,4,1.3333333333333333,7.666666666666667
google / organic,(organic),遠雄房地產最新公告 - 遠雄房地產,/activity-report-category/activities_glance/announcement_information/,3,3,3,1,24.333333333333332
google / organic,(organic),遠雄房地產 官方LINE🌕9月好康不只奔月 還要奔向大巨蛋 ⚾-得獎公告 - 遠雄房地產,/activity-report/september-events/,3,3,3,1,7
(direct) / (none),(direct),購屋意願問卷抽獎 得獎公告 - 遠雄房地產,/activity-report/購屋意願問卷抽獎-得獎公告/,3,3,3,1,9
google / organic,(organic),遠雄房地產 官方LINE | 7萬好友感謝祭！7770 LINE POINTS大放送！ - 遠雄房地產,/activity-report/遠雄房地產-7萬好友/,3,3,5,1.6666666666666667,13
(not set),20250905五輪播,活動報報：最新活動一覽與公告資訊 -遠雄房地產,/activity_report/,3,3,4,1.3333333333333333,3.6666666666666665
google / cpc,遠雄幸福成_H713_關鍵字_0516_外縣市,活動報報：最新活動一覽與公告資訊 -遠雄房地產,/activity_report/,3,3,4,1.3333333333333333,6
(direct) / (none),(direct),遠雄丰尚-洪健倫-遠雄房地產 Farglory-Realty,/bh11/G0962,3,3,3,1,20.333333333333332
google / organic,(organic),找不到頁面 - 遠雄房地產,/build/detail/H138,3,3,3,1,0.3333333333333333
google_kw / dh2,(organic),遠雄房地產精選成屋(台北、新北、台中、桃園、台南、高雄) - 遠雄房地產,/building-category-tag/featured_existing_house/,3,3,5,1.6666666666666667,3.3333333333333335
google / cpc,brand,精選廠辦 相關預售屋/新成屋/新建案資料|遠雄房地產,/building-category-tag/featured_factory_office/,3,3,6,2,26.333333333333332
(data not available),(cross-network),遠雄房地產精選預售屋(台北、新北、台中、桃園、台南、高雄) - 遠雄房地產,/building-category-tag/featured_pre_sale/,3,3,3,1,15
line-lap / bh5,(referral),遠雄房地產精選預售屋(台北、新北、台中、桃園、台南、高雄) - 遠雄房地產,/building-category-tag/featured_pre_sale/,3,3,5,1.6666666666666667,20.666666666666668
tw.search.yahoo.com / referral,(referral),遠雄房地產精選預售屋(台北、新北、台中、桃園、台南、高雄) - 遠雄房地產,/building-category-tag/featured_pre_sale/,3,3,7,2.3333333333333335,29
fb / bh7,2,遠雄房地產精選預售屋(台北、新北、台中、桃園、台南、高雄) - 遠雄房地產,/building-category-tag/featured_pre_sale/,3,3,3,1,6
fb / bh5,43,遠雄房地產精選預售屋(台北、新北、台中、桃園、台南、高雄) - 遠雄房地產,/building-category-tag/featured_pre_sale/,3,3,3,1,6.666666666666667
sms / aep-cdp,aep-306,遠雄房地產精選預售屋(台北、新北、台中、桃園、台南、高雄) - 遠雄房地產,/building-category-tag/featured_pre_sale/,3,3,3,1,8
fb / eh5,form,遠雄房地產精選預售屋(台北、新北、台中、桃園、台南、高雄) - 遠雄房地產,/building-category-tag/featured_pre_sale/,3,3,3,1,39
google / cpc,gdn-1-taichung,遠雄房地產精選預售屋(台北、新北、台中、桃園、台南、高雄) - 遠雄房地產,/building-category-tag/featured_pre_sale/,3,3,3,1,5.333333333333333
line-fgr / bh7,linefgrbh7,遠雄房地產精選預售屋(台北、新北、台中、桃園、台南、高雄) - 遠雄房地產,/building-category-tag/featured_pre_sale/,3,3,7,2.3333333333333335,18.666666666666668
fgr-line / eh2,listbutton,遠雄房地產精選預售屋(台北、新北、台中、桃園、台南、高雄) - 遠雄房地產,/building-category-tag/featured_pre_sale/,3,3,3,1,11.333333333333334
google / cpc,遠雄幸福成_H713_關鍵字_0516_外縣市,遠雄房地產精選預售屋(台北、新北、台中、桃園、台南、高雄) - 遠雄房地產,/building-category-tag/featured_pre_sale/,3,3,3,1,8.666666666666666
(direct) / (none),(direct),遠雄房地產精選預售屋(台北、新北、台中、桃園、台南、高雄) - 遠雄房地產,/building-category-tag/featured_pre_sale/page/2/,3,3,3,1,6.333333333333333
google / cpc,brand,精選商辦 相關預售屋/新成屋/新建案資料|遠雄房地產,/building-category-tag/精選商辦/,3,3,5,1.6666666666666667,16.333333333333332
google / cpc,needs,精選商辦 相關預售屋/新成屋/新建案資料|遠雄房地產,/building-category-tag/精選商辦/,3,3,3,1,5.666666666666667
google / cpc,CQH1-地區字,親子宅相關預售屋/新成屋/新建案資料|遠雄房地產,/building-tag/build-tag-child/,3,3,4,1.3333333333333333,2.6666666666666665
(direct) / (none),(direct),綠建築相關預售屋/新成屋/新建案資料|遠雄房地產,/building-tag/build-tag-green/,3,3,3,1,3.3333333333333335
google / cpc,(organic),綠建築相關預售屋/新成屋/新建案資料|遠雄房地產,/building-tag/build-tag-green/,3,3,4,1.3333333333333333,13.666666666666666
google / cpc,(organic),公園宅相關預售屋/新成屋/新建案資料|遠雄房地產,/building-tag/build-tag-park/,3,3,4,1.3333333333333333,14.333333333333334
google / cpc,(organic),防疫宅相關預售屋/新成屋/新建案資料|遠雄房地產,/building-tag/build-tag-virus/,3,3,3,1,15.333333333333334
google / organic,(organic),招待會所 彙整 - 遠雄房地產,/building-tag/招待會所/,3,3,4,1.3333333333333333,5.333333333333333
(direct) / (none),(direct),渡假宅 彙整 - 遠雄房地產,/building-tag/渡假宅/,3,3,4,1.3333333333333333,9.666666666666666
google / organic,(organic),預售屋 彙整 - 頁2，共2 - 遠雄房地產,/building-type/pre_sale_house/page/2/,3,3,5,1.6666666666666667,6.333333333333333
google / organic,(organic),買賣、仲介、租賃 彙整 - 遠雄房地產,/building-type/買賣、仲介、租賃/,3,3,3,1,20.666666666666668
google_kw / dh2,(organic),聯上智科｜北士科AI總部 輝達核心軸線 -台北市北投區商辦/預售新建案-預約賞屋，遠創力行銷,/buildings/5vo1/,3,3,3,1,5.666666666666667
fb / paid,120232683014030617,聯上智科｜北士科AI總部 輝達核心軸線 -台北市北投區商辦/預售新建案-預約賞屋，遠創力行銷,/buildings/5vo1/,3,3,3,1,60.333333333333336
google / cpc,20250718,聯上智科｜北士科AI總部 輝達核心軸線 -台北市北投區商辦/預售新建案-預約賞屋，遠創力行銷,/buildings/5vo1/,3,3,3,1,6
google / cpc,202509_ex3,聯上智科｜北士科AI總部 輝達核心軸線 -台北市北投區商辦/預售新建案-預約賞屋，遠創力行銷,/buildings/5vo1/,3,3,3,1,4.666666666666667
google_kw / 5vo1,202509_ex3,聯上智科｜北士科AI總部 輝達核心軸線 -台北市北投區商辦/預售新建案-預約賞屋，遠創力行銷,/buildings/5vo1/,3,3,3,1,4
google / cpc,202509_ex5,聯上智科｜北士科AI總部 輝達核心軸線 -台北市北投區商辦/預售新建案-預約賞屋，遠創力行銷,/buildings/5vo1/,3,3,4,1.3333333333333333,76
google / cpc,needs,聯上智科｜北士科AI總部 輝達核心軸線 -台北市北投區商辦/預售新建案-預約賞屋，遠創力行銷,/buildings/5vo1/,3,3,3,1,94
(not set),(not set),遠創力行銷-北大店 | 買賣仲介 ‧ 物件評估 ‧ 全方位資產規劃,/buildings/8fsl01/,3,3,2,0.6666666666666666,5
line / 8fsl01,line,遠創力行銷-北大店 | 買賣仲介 ‧ 物件評估 ‧ 全方位資產規劃,/buildings/8fsl01/,3,3,4,1.3333333333333333,5.666666666666667
line / 8fsl01,line0912,遠創力行銷-北大店 | 買賣仲介 ‧ 物件評估 ‧ 全方位資產規劃,/buildings/8fsl01/,3,3,4,1.3333333333333333,4
web / 8fxz01,googlemap,找不到頁面 - 遠雄房地產,/buildings/8fxz01,3,3,3,1,6
googel_kw / 8fxz01,office,找不到頁面 - 遠雄房地產,/buildings/8fxz01/,3,3,3,1,14
google / organic,(organic),台中西屯建案【遠雄洄山行】．2-4房方正格局,/buildings/BH8/,3,3,2,0.6666666666666666,40.666666666666664
google_kw / BH8,20240816_台中中科,台中西屯建案【遠雄洄山行】．2-4房方正格局,/buildings/BH8/,3,3,3,1,1
google / cpc,brand,北士科建案【遠雄泱玥】-水岸首排．57-75坪,/buildings/ah2/,3,3,4,1.3333333333333333,23.333333333333332
web-businessweekly / ah2,1140708,北士科建案【遠雄泱玥】水岸首排．57-75坪,/buildings/ah2/,3,3,3,1,59.666666666666664
fb / paid,120224631795180316,北士科建案【遠雄泱玥】水岸首排．57-75坪,/buildings/ah2/,3,3,4,1.3333333333333333,148.33333333333334
fb / ah2,fb-34,北士科建案【遠雄泱玥】水岸首排．57-75坪,/buildings/ah2/,3,3,3,1,148.33333333333334
lbs-sms / ah2,sms1141008,北士科建案【遠雄泱玥】水岸首排．57-75坪,/buildings/ah2/,3,3,3,1,1
gdn / ao1,pmax_20250203,找不到頁面 - 遠雄房地產,/buildings/ao1/,3,3,3,1,9.333333333333334
google / cpc,20250718,Qixing_Zhi-Taipei City Quận Beitou/Nhà bán trước khu dân cư Beishike,/buildings/ar1/,3,3,0,0,3.3333333333333335
google / cpc,20250918,齊興_緻-台北市北投區/北士科住宅預售屋,/buildings/ar1/,3,3,3,1,13.666666666666666
google / cpc,gdn-01,齊興_緻-台北市北投區/北士科住宅預售屋,/buildings/ar1/,3,3,3,1,0
line-lap / bh5,(referral),北屯敦富路【遠雄敦富】- 北屯機捷預售屋．近好市多,/buildings/bh10/,3,3,3,1,46.333333333333336
fb / bh5,43,北屯敦富路【遠雄敦富】- 北屯機捷預售屋．近好市多,/buildings/bh10/,3,3,3,1,29
google_kw / bh10,competitor,北屯敦富路【遠雄敦富】- 北屯機捷預售屋．近好市多,/buildings/bh10/,3,3,3,1,12
fb / bh8,fb16-2,北屯敦富路【遠雄敦富】- 北屯機捷預售屋．近好市多,/buildings/bh10/,3,3,3,1,50.666666666666664
google / organic,(organic),(not set),(not set),3,3,0,0,0
fb / bh10,fbfanpage0919,北屯敦富路【遠雄敦富】- 北屯機捷預售屋．近好市多,/buildings/bh10/,3,3,3,1,3.3333333333333335
fb / bh10,fbfanpage0926event,北屯敦富路【遠雄敦富】- 北屯機捷預售屋．近好市多,/buildings/bh10/,3,3,4,1.3333333333333333,34.333333333333336
line-lap / bh10,line-lap20252-4,北屯敦富路【遠雄敦富】- 北屯機捷預售屋．近好市多,/buildings/bh10/,3,3,4,1.3333333333333333,98.66666666666667
google / cpc,Otherarea0829,Farglory Giai đoạn 14 ra mắt dự án mới [Farglory Fengshang] Beitun. Gần Trung tâm Thương mại Hanshin InterContinental,/buildings/bh11/,3,3,0,0,3
ig / paid,120235415141990316,遠雄14期首發【遠雄丰尚】北屯新案．近漢神洲際百貨,/buildings/bh11/,3,3,4,1.3333333333333333,38.666666666666664
google / cpc,gdn-02,遠雄14期首發【遠雄丰尚】北屯新案．近漢神洲際百貨,/buildings/bh11/,3,3,7,2.3333333333333335,0
google / cpc,information3,遠雄14期首發【遠雄丰尚】北屯新案．近漢神洲際百貨,/buildings/bh11/,3,3,3,1,14.333333333333334
fb / bh5,leads,遠雄14期首發【遠雄丰尚】北屯新案．近漢神洲際百貨,/buildings/bh11/,3,3,3,1,67.33333333333333
leju / bh11,leju_buildingpage,遠雄14期首發【遠雄丰尚】北屯新案．近漢神洲際百貨,/buildings/bh11/,3,3,4,1.3333333333333333,8.333333333333334
google_kw / bh5,(referral),遠雄琉蘊 -台中市西屯區七期預售屋/新建案-預約賞屋，遠雄房地產,/buildings/bh5/,3,3,3,1,0
fb / bh5,31,遠雄琉蘊 -台中市西屯區七期預售屋/新建案-預約賞屋，遠雄房地產,/buildings/bh5/,3,3,3,1,8.333333333333334
google / cpc,area,遠雄琉蘊 -台中市西屯區七期預售屋/新建案-預約賞屋，遠雄房地產,/buildings/bh5/,3,3,5,1.6666666666666667,154.33333333333334
google / cpc,gdn20256-8,遠雄琉蘊 -台中市西屯區七期預售屋/新建案-預約賞屋，遠雄房地產,/buildings/bh5/,3,3,3,1,79.66666666666667
line-lap / bh7,lap-1,遠雄琉蘊 -台中市西屯區七期預售屋/新建案-預約賞屋，遠雄房地產,/buildings/bh5/,3,3,3,1,0
google_kw / BH6,20220801,遠雄藝舍-台中西屯區麥當勞旁金店面-預約賞屋，遠雄房地產,/buildings/bh6/,3,3,3,1,0
gdn / bh6,gdn43p3room,遠雄藝舍-台中西屯區麥當勞旁金店面-預約賞屋，遠雄房地產,/buildings/bh6/,3,3,3,1,0
google / cpc,othercities_brand,遠雄藝舍-台中西屯區麥當勞旁金店面-預約賞屋，遠雄房地產,/buildings/bh6/,3,3,3,1,18.333333333333332
google / cpc,pmax-1-anothercity,"Farglory Leyuan: Beitun Airport MRT Station and Costco, close to the heart of Shuangshou Avenue.",/buildings/bh7/,3,3,2,0.6666666666666666,11.333333333333334
google / cpc,pmax-1-anothercity,"Farglory Leyuan: Ga tàu điện ngầm Sân bay Beitun và Costco, gần trung tâm Đại lộ Shuangshou.",/buildings/bh7/,3,3,0,0,11
google / cpc,pmax-1-anothercity,"Farglory Leyuan: Stasiun MRT Bandara Beitun dan Costco, dekat dengan jantung Shuangshou Avenue.",/buildings/bh7/,3,3,0,0,6.333333333333333
line-lap / bh5,(referral),【遠雄樂元】北屯機捷X好市多，雙首排大道最核心，夠近才最好,/buildings/bh7/,3,3,4,1.3333333333333333,0.6666666666666666
fb / bh7,3,【遠雄樂元】北屯機捷X好市多，雙首排大道最核心，夠近才最好,/buildings/bh7/,3,3,3,1,2.6666666666666665
fb / bh7,6,【遠雄樂元】北屯機捷X好市多，雙首排大道最核心，夠近才最好,/buildings/bh7/,3,3,3,1,14
pmp / (not set),6,【遠雄樂元】北屯機捷X好市多，雙首排大道最核心，夠近才最好,/buildings/bh7/,3,3,3,1,16.333333333333332
google / cpc,brand/,【遠雄樂元】北屯機捷X好市多，雙首排大道最核心，夠近才最好,/buildings/bh7/,3,3,3,1,46
google_kw / bh7,competitor,【遠雄樂元】北屯機捷X好市多，雙首排大道最核心，夠近才最好,/buildings/bh7/,3,3,3,1,9.666666666666666
line-lap / bh10,line-lap20257-1,【遠雄樂元】北屯機捷X好市多，雙首排大道最核心，夠近才最好,/buildings/bh7/,3,3,4,1.3333333333333333,4.333333333333333
fb / bh5,43,台中西屯建案【遠雄洄山行】．2-4房方正格局,/buildings/bh8/,3,3,7,2.3333333333333335,144.66666666666666
fb / bh8,fb15-2,台中西屯建案【遠雄洄山行】．2-4房方正格局,/buildings/bh8/,3,3,4,1.3333333333333333,23.333333333333332
fb / bh8,fb9-2,台中西屯建案【遠雄洄山行】．2-4房方正格局,/buildings/bh8/,3,3,3,1,25
google / cpc,遠雄幸福成_H713_關鍵字_0516_外縣市,台中西屯建案【遠雄洄山行】．2-4房方正格局,/buildings/bh8/,3,3,4,1.3333333333333333,95
ig / paid,120207082511280558,水湳建案【遠雄綠美】鄰近綠美圖．中央公園預售屋,/buildings/bh9/,3,3,3,1,10.333333333333334
google_kw / BH8,20240816_台中高價建案,水湳建案【遠雄綠美】鄰近綠美圖．中央公園預售屋,/buildings/bh9/,3,3,3,1,38
(direct) / (none),20250905五輪播,水湳建案【遠雄綠美】鄰近綠美圖．中央公園預售屋,/buildings/bh9/,3,3,12,4,0
google / cpc,competitor,水湳建案【遠雄綠美】鄰近綠美圖．中央公園預售屋,/buildings/bh9/,3,3,3,1,11
fb / bh8,fb16-2,水湳建案【遠雄綠美】鄰近綠美圖．中央公園預售屋,/buildings/bh9/,3,3,3,1,33.666666666666664
google_kw / bh9,googlemap,水湳建案【遠雄綠美】鄰近綠美圖．中央公園預售屋,/buildings/bh9/,3,3,3,1,7
google / cpc,遠雄幸福成_H713_關鍵字_0516_外縣市,水湳建案【遠雄綠美】鄰近綠美圖．中央公園預售屋,/buildings/bh9/,3,3,5,1.6666666666666667,117
fb / cgh01,fb12-1,找不到頁面 - 遠雄房地產,/buildings/cgh01,3,3,3,1,1
google_kw / cgh01,brand,找不到頁面 - 遠雄房地產,/buildings/cgh01/,3,3,3,1,0
google_kw / cgh1,buyhouse,找不到頁面 - 遠雄房地產,/buildings/cgh01/,3,3,3,1,0
line-lap / cgh1,line-lap1-3,找不到頁面 - 遠雄房地產,/buildings/cgh01/,3,3,3,1,0.6666666666666666
line-lap / cgh1,line-lap3-2,找不到頁面 - 遠雄房地產,/buildings/cgh01/,3,3,5,1.6666666666666667,2
bing / organic,(organic),村泉蒔美｜門戶端點 從容跨界｜台北生活最美起點,/buildings/cqh1/,3,3,3,1,41
google / cpc,(organic),村泉蒔美｜門戶端點 從容跨界｜台北生活最美起點,/buildings/cqh1/,3,3,4,1.3333333333333333,50.333333333333336
facebook.com / referral,(referral),村泉蒔美｜門戶端點 從容跨界｜台北生活最美起點,/buildings/cqh1/,3,3,3,1,2.3333333333333335
google / cpc,brand,村泉蒔美｜門戶端點 從容跨界｜台北生活最美起點,/buildings/cqh1/,3,3,3,1,16
fb / cqh1,fb-16,村泉蒔美｜門戶端點 從容跨界｜台北生活最美起點,/buildings/cqh1/,3,3,3,1,3.3333333333333335
google / cpc,(organic),大河商爵-台北市士林區廠辦/預售新建案-預約賞屋，遠創力行銷,/buildings/dgm1/,3,3,4,1.3333333333333333,39.666666666666664
google / cpc,202509_1,大河商爵-台北市士林區廠辦/預售新建案-預約賞屋，遠創力行銷,/buildings/dgm1/,3,3,3,1,196.66666666666666
google_kw / bgm1,BSTP,大河商爵-台北市士林區廠辦/預售新建案-預約賞屋，遠創力行銷,/buildings/dgm1/,3,3,6,2,30.333333333333332
print / dgm1,printnotepaper,大河商爵-台北市士林區廠辦/預售新建案-預約賞屋，遠創力行銷,/buildings/dgm1/,3,3,3,1,70.66666666666667
gdn回應式-3 / organic,(organic),找不到頁面 - 遠雄房地產,/buildings/dh1,3,3,3,1,9.666666666666666
google_kw / dh2,(referral),台南永康新建案【遠雄山禾】-鹽行特區．3-4房,/buildings/dh2/,3,3,4,1.3333333333333333,35
(not set),20250613一輪播,台南永康新建案【遠雄山禾】-鹽行特區．3-4房,/buildings/dh2/,3,3,3,1,4.333333333333333
line-lap / dh2,7,台南永康新建案【遠雄山禾】-鹽行特區．3-4房,/buildings/dh2/,3,3,3,1,0
fb / dh2,privacy,台南永康新建案【遠雄山禾】-鹽行特區．3-4房,/buildings/dh2/,3,3,3,1,21
gdn / dh3,4,找不到頁面 - 遠雄房地產,/buildings/dh3/,3,3,3,1,0
google_kw / dh5,20220613,安南重劃首選【遠雄藏萃】全新落成，珍稀戶別釋出！,/buildings/dh5/,3,3,3,1,0
google / cpc,O1_特色字_2025.0801,安南重劃首選【遠雄藏萃】全新落成，珍稀戶別釋出！,/buildings/dh5/,3,3,3,1,23
google / cpc,brand,安南重劃首選【遠雄藏萃】全新落成，珍稀戶別釋出！,/buildings/dh5/,3,3,3,1,31.333333333333332
google / cpc,pmax-1-taichung,安南重劃首選【遠雄藏萃】全新落成，珍稀戶別釋出！,/buildings/dh5/,3,3,5,1.6666666666666667,153.66666666666666
(not set),20250808一輪播,安南重劃首選【遠雄藏萃】成屋在即，珍稀戶別最後釋出！,/buildings/dh5/,3,3,9,3,76.33333333333333
(direct) / (none),(direct),找不到頁面 - 遠雄房地產,/buildings/e2/,3,3,3,1,5.333333333333333
mkto-sn070013.com / referral,(referral),高雄建案推薦【遠雄峰蘊】- 近科工館．高雄預售屋,/buildings/eh1/,3,3,4,1.3333333333333333,118.33333333333333
fb / eh1,5-2,高雄建案推薦【遠雄峰蘊】- 近科工館．高雄預售屋,/buildings/eh1/,3,3,3,1,6.666666666666667
fb / eh1,5-3,高雄建案推薦【遠雄峰蘊】- 近科工館．高雄預售屋,/buildings/eh1/,3,3,3,1,0
fb / eh1,9-2,高雄建案推薦【遠雄峰蘊】- 近科工館．高雄預售屋,/buildings/eh1/,3,3,3,1,40
fb / eh5,fb24,高雄建案推薦【遠雄峰蘊】- 近科工館．高雄預售屋,/buildings/eh1/,3,3,3,1,6.666666666666667
google / cpc,information4,高雄建案推薦【遠雄峰蘊】- 近科工館．高雄預售屋,/buildings/eh1/,3,3,5,1.6666666666666667,34
pmp / (not set),6,遠雄一靚｜楠梓新案．高大特區首發｜早鳥預約中,/buildings/eh2/,3,3,3,1,74.33333333333333
socialmedia / fgr,ig,遠雄一靚｜楠梓新案．高大特區首發｜早鳥預約中,/buildings/eh2/,3,3,4,1.3333333333333333,58
google / cpc,area,遠雄高雄新案｜楠梓新案．高大特區首發｜早鳥預約中,/buildings/eh2/,3,3,4,1.3333333333333333,41.666666666666664
(not set),(not set),遠雄沐蘊-高雄市三民區預售屋/新建案-預約賞屋,/buildings/eh5/,3,3,2,0.6666666666666666,3
yahoo / organic,(organic),遠雄沐蘊-高雄市三民區預售屋/新建案-預約賞屋,/buildings/eh5/,3,3,3,1,19.666666666666668
(not set),20250905一輪播,遠雄沐蘊-高雄市三民區預售屋/新建案-預約賞屋,/buildings/eh5/,3,3,2,0.6666666666666666,1.6666666666666667
google / cpc,O1_特色字_2025.0801,遠雄沐蘊-高雄市三民區預售屋/新建案-預約賞屋,/buildings/eh5/,3,3,3,1,20.333333333333332
google_kw / fch1,a18,找不到頁面 - 遠雄房地產,/buildings/fch1/,3,3,3,1,9.666666666666666
google / cpc,202402-3,找不到頁面 - 遠雄房地產,/buildings/fm1/,3,3,3,1,0.6666666666666666
(not set),20250808一輪播,遠雄信義CENTER-新北市板橋區廠辦.商辦/預售新建案-預約賞屋,/buildings/fm3/,3,3,5,1.6666666666666667,88.33333333333333
google / cpc,202509_1,遠雄信義CENTER-新北市板橋區廠辦.商辦/預售新建案-預約賞屋,/buildings/fm3/,3,3,3,1,47
appledaily_ad / appledaily_ad,h101b,找不到頁面 - 遠雄房地產,/buildings/h101b,3,3,3,1,0
google / cpc,H707video_c,"Farglory Star - Rumah Pra-penjualan/Konstruksi Baru Distrik Qingshui Kota Taichung - Buat Janji untuk Melihat Rumah, Farglory Real Estate",/buildings/h707/,3,3,0,0,14
google_kw / h707,(not set),遠雄星呈-台中市清水區預售屋/新建案-預約賞屋，遠雄房地產,/buildings/h707/,3,3,3,1,5.333333333333333
line / h707,(not set),遠雄星呈-台中市清水區預售屋/新建案-預約賞屋，遠雄房地產,/buildings/h707/,3,3,4,1.3333333333333333,6.333333333333333
google_kw / BH8,20240816_品牌字,遠雄星呈-台中市清水區預售屋/新建案-預約賞屋，遠雄房地產,/buildings/h707/,3,3,3,1,53
google / cpc,20250905五輪播,遠雄星呈-台中市清水區預售屋/新建案-預約賞屋，遠雄房地產,/buildings/h707/,3,3,6,2,12
google / cpc,brand0829,遠雄星呈-台中市清水區預售屋/新建案-預約賞屋，遠雄房地產,/buildings/h707/,3,3,3,1,19.666666666666668
google / cpc,competitor,遠雄星呈-台中市清水區預售屋/新建案-預約賞屋，遠雄房地產,/buildings/h707/,3,3,3,1,9.666666666666666
fb / bh8,fb16-2,遠雄星呈-台中市清水區預售屋/新建案-預約賞屋，遠雄房地產,/buildings/h707/,3,3,3,1,21
yahoo / organic,(organic),遠雄幸福成｜即將落成 - 台中市清水區預售/新建案-預約賞屋，遠雄房地產,/buildings/h713/,3,3,4,1.3333333333333333,220.33333333333334
fb / h713,98,遠雄幸福成｜即將落成 - 台中市清水區預售/新建案-預約賞屋，遠雄房地產,/buildings/h713/,3,3,6,2,15.333333333333334
google / cpc,brand,遠雄幸福成｜即將落成 - 台中市清水區預售/新建案-預約賞屋，遠雄房地產,/buildings/h713/,3,3,3,1,10
google-map / organic,h707,遠雄幸福成｜即將落成 - 台中市清水區預售/新建案-預約賞屋，遠雄房地產,/buildings/h713/,3,3,3,1,20.666666666666668
google / cpc,othercities_brand,遠雄幸福成｜即將落成 - 台中市清水區預售/新建案-預約賞屋，遠雄房地產,/buildings/h713/,3,3,3,1,19
gdn / mdrive,H902,找不到頁面 - 遠雄房地產,/buildings/h902,3,3,3,1,9
googlemap / h95,googlemap,找不到頁面 - 遠雄房地產,/buildings/h95/,3,3,3,1,22.666666666666668
google / cpc,(organic),找不到頁面 - 遠雄房地產,/buildings/hh3/,3,3,3,1,10
fb / him1,fb12-2,找不到頁面 - 遠雄房地產,/buildings/him1,3,3,6,2,0
(not set),(not set),遠雄龜山廠辦新案 | 預約賞屋，遠雄房地產,/buildings/hm2/,3,3,2,0.6666666666666666,5.333333333333333
fb / him1,fanpagev1,找不到頁面 - 遠雄房地產,/buildings/jjh1,3,3,3,1,6
gdn / m62,20220620-1,找不到頁面 - 遠雄房地產,/buildings/m62,3,3,3,1,14
google_kw / msm1,Competitive,找不到頁面 - 遠雄房地產,/buildings/msm1/,3,3,3,1,15.333333333333334
(not set),(not set),遠雄THE ONE-高雄市前鎮區新成屋/新建案-預約賞屋,/buildings/o1/,3,3,3,1,1.6666666666666667
fb / o1,20250422_23-1,遠雄THE ONE-高雄市前鎮區新成屋/新建案-預約賞屋,/buildings/o1/,3,3,4,1.3333333333333333,32.333333333333336
google_kw / o1,luxury-apartment,遠雄THE ONE-高雄市前鎮區新成屋/新建案-預約賞屋,/buildings/o1/,3,3,3,1,0
web / qyh2,webgooglemap,找不到頁面 - 遠雄房地產,/buildings/qyh2,3,3,4,1.3333333333333333,2.3333333333333335
bing / organic,(organic),熱銷建案：預售屋、新建案、新成屋 -遠雄房地產,/case/,3,3,3,1,3
googlemap / o1,googlemap,熱銷建案：預售屋、新建案、新成屋 -遠雄房地產,/case/,3,3,4,1.3333333333333333,5
socialmedia / fgr,ig,熱銷建案：預售屋、新建案、新成屋 -遠雄房地產,/case/,3,3,3,1,3.6666666666666665
line-lap / bh5,(referral),熱銷建案一覽：遠雄全台預售屋、新建案、新成屋資訊,/case/search/,3,3,7,2.3333333333333335,72.33333333333333
m000476.layout.minmax.website / referral,(referral),熱銷建案一覽：遠雄全台預售屋、新建案、新成屋資訊,/case/search/,3,3,5,1.6666666666666667,4.666666666666667
line-lap / dh2,12,熱銷建案一覽：遠雄全台預售屋、新建案、新成屋資訊,/case/search/,3,3,7,2.3333333333333335,32.666666666666664
line-lap / ar1,20250718,熱銷建案一覽：遠雄全台預售屋、新建案、新成屋資訊,/case/search/,3,3,5,1.6666666666666667,12.333333333333334
google / cpc,CQH1-品牌字,熱銷建案一覽：遠雄全台預售屋、新建案、新成屋資訊,/case/search/,3,3,6,2,29.666666666666668
google / cpc,H707video_c,熱銷建案一覽：遠雄全台預售屋、新建案、新成屋資訊,/case/search/,3,3,3,1,42.333333333333336
google / cpc,com,熱銷建案一覽：遠雄全台預售屋、新建案、新成屋資訊,/case/search/,3,3,8,2.6666666666666665,48.666666666666664
socialmedia / fgr,fb,熱銷建案一覽：遠雄全台預售屋、新建案、新成屋資訊,/case/search/,3,3,9,3,52
google-map / organic,h707,熱銷建案一覽：遠雄全台預售屋、新建案、新成屋資訊,/case/search/,3,3,6,2,8
google / cpc,information4,熱銷建案一覽：遠雄全台預售屋、新建案、新成屋資訊,/case/search/,3,3,4,1.3333333333333333,21.666666666666668
line-lap / bh10,line-lap20256-8,熱銷建案一覽：遠雄全台預售屋、新建案、新成屋資訊,/case/search/,3,3,3,1,50.333333333333336
google / cpc,北大店-品牌字,熱銷建案一覽：遠雄全台預售屋、新建案、新成屋資訊,/case/search/,3,3,6,2,18.333333333333332
mkto-sn070013.com / referral,(referral),熱銷建案一覽：遠雄全台預售屋、新建案、新成屋資訊,/case/search/building-category-tag/134/,3,3,3,1,14
tw.search.yahoo.com / referral,(referral),熱銷建案一覽：遠雄全台預售屋、新建案、新成屋資訊,/case/search/building-category-tag/134/,3,3,6,2,13.666666666666666
(direct) / (none),(direct),熱銷建案一覽：遠雄全台預售屋、新建案、新成屋資訊,/case/search/building-category-tag/135/,3,3,4,1.3333333333333333,14.666666666666666
pmp / (not set),6,熱銷建案一覽：遠雄全台預售屋、新建案、新成屋資訊,/case/search/page/2/,3,3,3,1,14.333333333333334
google / cpc,othercities_brand,熱銷建案一覽：遠雄全台預售屋、新建案、新成屋資訊,/case/search/page/2/,3,3,4,1.3333333333333333,20.666666666666668
google / cpc,遠雄幸福成_H713_關鍵字_0516_外縣市,熱銷建案一覽：遠雄全台預售屋、新建案、新成屋資訊,/case/search/page/3/,3,3,3,1,15.666666666666666
mkto-sn070013.com / referral,(referral),熱銷建案一覽：遠雄全台預售屋、新建案、新成屋資訊,/case/search/sales_status/coming-soon/,3,3,3,1,23.333333333333332
tw.search.yahoo.com / referral,(referral),熱銷建案一覽：遠雄全台預售屋、新建案、新成屋資訊,/case/search/sales_status/coming-soon/,3,3,10,3.3333333333333335,19
google / cpc,brand,熱銷建案一覽：遠雄全台預售屋、新建案、新成屋資訊,/case/search/sales_status/coming-soon/,3,3,3,1,55.666666666666664
google / cpc,pmax-1-anothercity,熱銷建案一覽：遠雄全台預售屋、新建案、新成屋資訊,/case/search/sales_status/coming-soon/,3,3,3,1,36.333333333333336
google / cpc,20250718,熱銷建案一覽：遠雄全台預售屋、新建案、新成屋資訊,/case/search/sales_status/hot-sale/,3,3,3,1,17.666666666666668
google / cpc,O1_品牌字_2025.0801,熱銷建案一覽：遠雄全台預售屋、新建案、新成屋資訊,/case/search/sales_status/hot-sale/,3,3,3,1,19.666666666666668
google / cpc,遠雄幸福成_H713_關鍵字_0516_外縣市,熱銷建案一覽：遠雄全台預售屋、新建案、新成屋資訊,/case/search/sales_status/hot-sale/,3,3,4,1.3333333333333333,48.333333333333336
(direct) / (none),(direct),熱銷建案一覽：遠雄全台預售屋、新建案、新成屋資訊,/case/search/sales_status/hot-sale/page/2/,3,3,3,1,18.666666666666668
(direct) / (none),(direct),熱銷建案一覽：遠雄全台預售屋、新建案、新成屋資訊,/case/search/sales_status/hot-sale/page/3/,3,3,4,1.3333333333333333,25.666666666666668
google / cpc,pmax-1-anothercity,買主口碑推薦：遠雄建案、預售屋 -遠雄房地產,/case/wom_recommendation/,3,3,4,1.3333333333333333,2.3333333333333335
104.com.tw / referral,(referral),聯絡我們 - 遠雄房地產,/contact_service/contact_us/,3,3,3,1,11.333333333333334
104.com.tw / referral,(referral),加入遠雄 築夢齊飛！-遠雄房地產,/contact_service/join_farglory/,3,3,2,0.6666666666666666,15
tw.search.yahoo.com / referral,(referral),加入遠雄 築夢齊飛！-遠雄房地產,/contact_service/join_farglory/,3,3,4,1.3333333333333333,26.333333333333332
google / organic,(organic),賞屋熊厝味【遠雄峰蘊】首檔鉅獻! - 遠雄房地產,/landing-page/0320live/,3,3,4,1.3333333333333333,6.333333333333333
(direct) / (none),(direct),贈與稅 彙整 - 遠雄房地產,/life-proposal-tag/2、市場/2稅務政策相關/gift_tax/,3,3,3,1,17.333333333333332
google / organic,(organic),生前贈與 彙整 - 遠雄房地產,/life-proposal-tag/2、市場/2稅務政策相關/gift_tax/生前贈與/,3,3,3,1,11.666666666666666
google / organic,(organic),房屋稅 彙整 - 遠雄房地產,/life-proposal-tag/2、市場/2稅務政策相關/house_tax/,3,3,3,1,16
google / organic,(organic),地價稅 彙整 - 遠雄房地產,/life-proposal-tag/2、市場/2稅務政策相關/land_tax/,3,3,4,1.3333333333333333,2
(direct) / (none),(direct),商用不動產 彙整 - 遠雄房地產,/life-proposal-tag/2、市場/commercial_real_estate/,3,3,3,1,0
google / organic,(organic),建商評價 彙整 - 遠雄房地產,/life-proposal-tag/4、品牌/1品牌相關/建商評價/,3,3,3,1,5.666666666666667
(direct) / (none),(direct),北士科 彙整 - 遠雄房地產,/life-proposal-tag/5、區域/1區域地段/縣市/台北市/beitou/北士科/,3,3,3,1,27
(direct) / (none),(direct),高雄市 彙整 - 遠雄房地產,/life-proposal-tag/5、區域/1區域地段/縣市/高雄市/,3,3,3,1,10.333333333333334
fb / eh1,2-4,高雄市 彙整 - 遠雄房地產,/life-proposal-tag/5、區域/1區域地段/縣市/高雄市/,3,3,3,1,3.3333333333333335
google / organic,(organic),重劃區 彙整 - 遠雄房地產,/life-proposal-tag/5、區域/1區域地段/重劃區/,3,3,3,1,25.333333333333332
(direct) / (none),(direct),預售屋 彙整 - 遠雄房地產,/life-proposal-tag/6、產品/1建築專有名詞/屋型/預售屋/,3,3,3,1,25.666666666666668
google / organic,(organic),2022年十大建商出爐，品牌建商更重保固與售後服務 - 遠雄房地產,/life-proposal/2022branding_20230119/,3,3,3,1,21
bing / organic,(organic),建案熱區巡禮：北士科爆840億商辦案量，搶攻輝達、金仁寶供應鏈需求 - 遠雄房地產,/life-proposal/5vo1-1/,3,3,3,1,11.333333333333334
google / cpc,202509_1,建案熱區巡禮：北士科爆840億商辦案量，搶攻輝達、金仁寶供應鏈需求 - 遠雄房地產,/life-proposal/5vo1-1/,3,3,3,1,100.33333333333333
(direct) / (none),(direct),實價登錄真相大破解，一次看懂實價登錄不受騙 - 遠雄房地產,/life-proposal/actual_selling_price20220708/,3,3,3,1,27.333333333333332
tw.search.yahoo.com / referral,(referral),實價登錄真相大破解，一次看懂實價登錄不受騙 - 遠雄房地產,/life-proposal/actual_selling_price20220708/,3,3,4,1.3333333333333333,37
google / organic,(organic),智慧宅風潮來襲，AI讓家變聰明 - 遠雄房地產,/life-proposal/ai_property_20230327/,3,3,3,1,21.666666666666668
bing / organic,(organic),全齡住宅趨勢，0~100歲都適用 - 遠雄房地產,/life-proposal/allagehouse/,3,3,3,1,57.333333333333336
tw.search.yahoo.com / referral,(referral),全齡住宅趨勢，0~100歲都適用 - 遠雄房地產,/life-proposal/allagehouse/,3,3,3,1,47
tw.search.yahoo.com / referral,(referral),建案熱區巡禮：高雄楠梓區高大特區生活圈 - 遠雄房地產,/life-proposal/area-kaohsiung-nanzi_nuk_function_20250211/,3,3,3,1,98.66666666666667
(direct) / (none),(direct),建案熱區巡禮：鼓山豪宅黃金鐵三角，高雄指標蛋黃區 - 遠雄房地產,/life-proposal/area-l-kaohsiung-gusha20200520/,3,3,3,1,22.333333333333332
(not set),20250905五輪播,建案熱區巡禮：北士科的園區規畫與在地生活圈！科技廊道最後一塊拼圖將完整 - 遠雄房地產,/life-proposal/area-s-taipei-shilinbstp20220520/,3,3,0,0,0
google / cpc,taipei,建案熱區巡禮：北士科的園區規畫與在地生活圈！科技廊道最後一塊拼圖將完整 - 遠雄房地產,/life-proposal/area-s-taipei-shilinbstp20220520/,3,3,3,1,3.6666666666666665
tw.search.yahoo.com / referral,(referral),建案熱區巡禮：新北板橋府中與南雅地區 - 遠雄房地產,/life-proposal/area-s-tph_banqiao_nanya_20240820/,3,3,4,1.3333333333333333,218
tw.search.yahoo.com / referral,(referral),建案熱區巡禮：新北板橋區Tpark科技特區 (遠東通訊園區) - 學區篇 - 遠雄房地產,/life-proposal/area-s-tph_banqiao_tpark_school_20250421/,3,3,3,1,12
tw.search.yahoo.com / referral,(referral),建案熱區巡禮：蛻變中的台南中西區運河星鑽特區 - 交通篇 - 遠雄房地產,/life-proposal/area-tainan_west-central_redevelop_diamond_traffic_20250523/,3,3,3,1,196.33333333333334
(direct) / (none),(direct),建案熱區巡禮：北投士林科技園區生活圈 - 遠雄房地產,/life-proposal/area-tpe-beitou_bstp_function_202406012/,3,3,6,2,74.66666666666667
chatgpt.com / (not set),(not set),建案熱區巡禮：北投士林科技園區 - 交通篇 - 遠雄房地產,/life-proposal/area-tpe-beitou_bstp_traffic_20240705/,3,3,4,1.3333333333333333,84.66666666666667
(direct) / (none),(direct),建案熱區巡禮：台中港市鎮重劃區生活圈，梧棲、清水躍升熱區 - 遠雄房地產,/life-proposal/area-txg-port_function_20240103/,3,3,3,1,42.666666666666664
google / organic,(organic),建案熱區巡禮：台中西屯水湳經貿園區 - 綠地休憩篇 - 遠雄房地產,/life-proposal/area-txg-shuinan_park_20240419/,3,3,4,1.3333333333333333,47.666666666666664
google / organic,(organic),建案熱區巡禮：高雄三民區 - 綠地篇 - 遠雄房地產,/life-proposal/area_hotspot_khh_sanmin_park_20230915/,3,3,3,1,6.333333333333333
google / organic,(organic),建案熱區巡禮：高雄三民區 - 交通篇 - 遠雄房地產,/life-proposal/area_hotspot_khh_sanmin_traffic_20230928/,3,3,4,1.3333333333333333,46.333333333333336
google / organic,(organic),建案熱區巡禮：台南永康區 - 交通篇 - 遠雄房地產,/life-proposal/area_hotspot_tnn_yongkang_traffic_20240102/,3,3,3,1,11
bing / organic,(organic),蓋好蓋滿還是適度留白？一次搞懂建蔽率與容積率 - 遠雄房地產,/life-proposal/build_rate/,3,3,3,1,52
(direct) / (none),(direct),找不到頁面 - 遠雄房地產,/,3,3,3,1,0
tw.search.yahoo.com / referral,(referral),基礎建設＋結構保固：一次了解大地工程的基本概念 - 遠雄房地產,/life-proposal/construction-base/,3,3,3,1,34.333333333333336
google / organic,(organic),逐文化而居住！全台「藝文中心」房市一覽表 - 遠雄房地產,/life-proposal/culture/,3,3,3,1,14.666666666666666
(not set),20250905五輪播,社區有綠建築標章有何好處？ - 遠雄房地產,/life-proposal/ease_greenbuilding_20230608/,3,3,0,0,15.333333333333334
bing / organic,(organic),何世昌觀點：2025年北台灣房市潛力區域專題報導-10大優質投資區域分析 - 遠雄房地產,/life-proposal/expert_hoshichang_northern-potential/,3,3,3,1,59.666666666666664
google / cpc,brand,[影音] 專家看2025年上半年預售屋市場 : 四大現象觀察 - 遠雄房地產,/life-proposal/expert_housing-market_20250820/,3,3,3,1,31.666666666666668
(direct) / (none),(direct),永然法律不動產專欄：預售屋買賣契約簽約時應注意「契約審閱期」 - 遠雄房地產,/life-proposal/expert_law_y-rlee_contract_20250613/,3,3,3,1,32.333333333333336
tw.search.yahoo.com / referral,(referral),永然法律不動產專欄：預售屋買賣契約簽約時應注意「契約審閱期」 - 遠雄房地產,/life-proposal/expert_law_y-rlee_contract_20250613/,3,3,6,2,81
tw.search.yahoo.com / referral,(referral),永然法律不動產專欄：預售屋買賣契約中的交屋保留款與建材設備約定 - 遠雄房地產,/life-proposal/expert_law_y-rlee_retention-money_20250704/,3,3,3,1,96
google / organic,(organic),李同榮觀點：2023上半年房市回顧及下半年走勢預測 - 遠雄房地產,/life-proposal/expert_li_2023q3market_20230717/,3,3,3,1,12
google / organic,(organic),李同榮觀點：2024大選後房市發展趨勢之關鍵報告 - 遠雄房地產,/life-proposal/expert_li_afterelection_20240118/,3,3,3,1,7
mkto-sn070013.com / referral,(referral),李同榮觀點：Al新十大建設對未來房市的具體影響 - 遠雄房地產,/life-proposal/expert_li_ai-projects_20250715/,3,3,3,1,61
(direct) / (none),(direct),財經M平方觀點：降息了黃金一定會漲嗎？探討未來黃金走勢 - 遠雄房地產,/life-proposal/expert_macromicro_golden_20241119/,3,3,3,1,58
google / organic,(organic),財經M平方觀點：中國結構性問題解析及全球經濟影響 - 遠雄房地產,/life-proposal/expert_macromicro_mec_china_20231222/,3,3,3,1,50
google / organic,(organic),劉佩真觀點：2024年第二季房市觀測-房市呈價量齊揚，而央行出手成效待觀察 - 遠雄房地產,/life-proposal/expert_peizhen_2024q2review_20240703/,3,3,3,1,7.333333333333333
facebook.com / referral,(referral),劉佩真觀點：銀髮住宅可望成為台灣房地產市場的新藍海 - 遠雄房地產,/life-proposal/expert_peizhen_commercial_elderly-residence_20250509/,3,3,3,1,3.6666666666666665
google_kw / bgm1,competitor,劉佩真觀點：輝達黃仁勳旋風對於台灣房市帶來的正面效應 - 遠雄房地產,/life-proposal/expert_peizhen_commercial_nvidia_20250603/,3,3,3,1,14
mkto-sn070013.com / referral,(referral),劉佩真觀點：辦公室租賃將告別房東市場，然企業升級需求為重點 - 遠雄房地產,/life-proposal/expert_peizhen_office-rental_20250805/,3,3,5,1.6666666666666667,550.3333333333334
google_kw / bgm1,taipei,劉佩真觀點：科技業對於辦公大樓租賃或購置的需求趨勢 - 遠雄房地產,/life-proposal/expert_peizhen_tech-office_20240206/,3,3,3,1,9.666666666666666
google / cpc,O1_品牌字_2025.0801,何世昌觀點：輝達總部確立，房市受惠區在哪裡？ - 遠雄房地產,/life-proposal/expert_thinktank_nvidia_20250729/,3,3,3,1,81.33333333333333
google / cpc,brand,何世昌觀點：輝達總部確立，房市受惠區在哪裡？ - 遠雄房地產,/life-proposal/expert_thinktank_nvidia_20250729/,3,3,3,1,12.333333333333334
google / cpc,com,何世昌觀點：輝達總部確立，房市受惠區在哪裡？ - 遠雄房地產,/life-proposal/expert_thinktank_nvidia_20250729/,3,3,3,1,37.666666666666664
(direct) / (none),(direct),專家觀點地政篇：不動產抵押權重點詳解 - 遠雄房地產,/life-proposal/expert_zhu_hypothec_20230815/,3,3,3,1,74.33333333333333
tw.search.yahoo.com / referral,(referral),專家觀點地政篇：繼承房產兄弟姊妹吵翻天？遺囑、登記與分配機制一次講清楚 - 遠雄房地產,/life-proposal/expert_zhu_inherit-siblings_20250704/,3,3,3,1,9.666666666666666
facebook.com / referral,(referral),專家觀點地政篇：邱澤不動產傳聞揭秘，實價登錄與容積移轉的真相 - 遠雄房地產,/life-proposal/expert_zhu_land-deal_20250813/,3,3,3,1,3.6666666666666665
(not set),20250905五輪播,專家觀點地政篇：邱澤不動產傳聞揭秘，實價登錄與容積移轉的真相 - 遠雄房地產,/life-proposal/expert_zhu_land-deal_20250813/,3,3,3,1,15
socialmedia / fgr,ig20250920,[影音] 豪宅稅跟你也有關係：有房族注意！影響與計算不可不知 - 遠雄房地產,/life-proposal/expert_zhu_mansion-tax-count_vedio_20250625/,3,3,3,1,1
socialmedia / fgr,shorts20250920,[影音] 豪宅稅跟你也有關係：有房族注意！影響與計算不可不知 - 遠雄房地產,/life-proposal/expert_zhu_mansion-tax-count_vedio_20250625/,3,3,3,1,0
socialmedia / fgr,ig20250711,[影音] 專家觀點地政篇：連續繼承房產出售節稅有術 - 遠雄房地產,/life-proposal/expert_zhu_multiple-inheriting_vedio_20250423/,3,3,3,1,3.6666666666666665
google / organic,(organic),[影音] 實價登錄全面攻略- 不動產交易查詢藏在細節裡 - 遠雄房地產,/life-proposal/expert_zhu_property_law2_vedio_20241031/,3,3,3,1,23
tw.search.yahoo.com / referral,(referral),專家觀點地政篇：你買到的法定空地是什麼？ - 遠雄房地產,/life-proposal/expert_zhu_property_openspace_20240705/,3,3,3,1,325.3333333333333
socialmedia / fgr,ig20250725,[影音] 專家觀點地政篇：限貸令下交屋解約問題 - 遠雄房地產,/life-proposal/expert_zhu_property_terminate_vedio_20250313/,3,3,3,1,3.6666666666666665
(direct) / (none),(direct),專家觀點地政篇：到底停車位、露臺、屋頂屬於誰的？ - 遠雄房地產,/life-proposal/expert_zhu_public-area_20230718/,3,3,3,1,96.66666666666667
google / organic,(organic),專家觀點地政篇：降低遺產稅怎麼做？遺產稅節稅規劃攻略 - 遠雄房地產,/life-proposal/expert_zhu_tax_inheritance_vedio_20240327/,3,3,3,1,174.33333333333334
google / organic,(organic),防火保命大原則：符合消防法規、懂火場逃生 - 遠雄房地產,/life-proposal/firesafety/,3,3,3,1,112
tw.search.yahoo.com / referral,(referral),驗屋與交屋必知注意事項？新手購屋必看，驗屋清單檢查表與交屋流程有哪些？,/life-proposal/home-inspection/,3,3,3,1,16.333333333333332
bing / organic,(organic),換屋族看過來，房地合一稅與土增稅要點筆記！ - 遠雄房地產,/life-proposal/house_and_land/,3,3,3,1,8.333333333333334
google / organic,(organic),不動產節稅妙招：房地合一合法節稅 - 遠雄房地產,/life-proposal/house_and_land_20220909/,3,3,4,1.3333333333333333,91.66666666666667
google / organic,(organic),房價溫度計-房市指標有哪些? - 遠雄房地產,/life-proposal/indicators_20221111/,3,3,3,1,21.333333333333332
google / organic,(organic),個性化居家設計-工業風三大重點 - 遠雄房地產,/life-proposal/industrial_style_20221125/,3,3,4,1.3333333333333333,26
(direct) / (none),(direct),買房大小事：法人住宅購屋貸款注意事項 - 遠雄房地產,/life-proposal/land_corporation/,3,3,3,1,26.666666666666668
tw.search.yahoo.com / referral,(referral),買房大小事：法人住宅購屋貸款注意事項 - 遠雄房地產,/life-proposal/land_corporation/,3,3,3,1,39.333333333333336
bing / organic,(organic),社區營運兩三事：公設點交不求人 - 遠雄房地產,/life-proposal/land_public_utilities/,3,3,4,1.3333333333333333,7.666666666666667
(not set),20250905五輪播,社區營運兩三事：各項管理辦法看過來 - 遠雄房地產,/life-proposal/land_rules/,3,3,3,1,0
google / organic,(organic),買房頭期款不夠怎麼辦？–「首購族看房買屋攻略」 - 遠雄房地產,/life-proposal/mortgage/,3,3,3,1,79
google / organic,(organic),找不到頁面 - 遠雄房地產,/life-proposal/mortgage/‎,3,3,4,1.3333333333333333,3
bing / organic,(organic),停車位眉角多：車位怎麼選？一個車位可以停兩部車嗎？ - 遠雄房地產,/life-proposal/parking_space20220615/,3,3,4,1.3333333333333333,67.66666666666667
google / organic,(organic),打造與「毛小孩」的舒適居家空間！寵物宅3大重點設計 - 遠雄房地產,/life-proposal/pet20220603/,3,3,3,1,4
(direct) / (none),(direct),「權狀坪數」與「室內坪數」分不清？ –「首購族看房買屋攻略」 - 遠雄房地產,/life-proposal/ping/,3,3,4,1.3333333333333333,43.666666666666664
yahoo / organic,(organic),附屬建物篇 : 陽台與雨遮建築法規規定為何？ - 遠雄房地產,/life-proposal/regulations_20230317/,3,3,3,1,41.333333333333336
google / organic,(organic),建案熱區巡禮：台中水湳經貿區，新世代亮點發展區 - 遠雄房地產,/life-proposal/shuinan/,3,3,3,1,34.666666666666664
google / organic,(organic),小宅攻略 ∣ 頂客質感生活這樣設計 - 遠雄房地產,/life-proposal/space_design_smallhouse3_20240607/,3,3,3,1,2.6666666666666665
google / organic,(organic),工料雙漲下的省錢裝潢 | 居家裝修系統櫃新手攻略 - 遠雄房地產,/life-proposal/space_furnish_cabinet_20231125/,3,3,3,1,25.333333333333332
google / organic,(organic),工料雙漲下的省錢裝潢 | 新屋廚房三大必修省錢術 - 遠雄房地產,/life-proposal/space_furnish_kitchen_20240102/,3,3,3,1,67.33333333333333
fgr-line / fgr,space_furnish_kitchen_20240102,工料雙漲下的省錢裝潢 | 新屋廚房三大必修省錢術 - 遠雄房地產,/life-proposal/space_furnish_kitchen_20240102/,3,3,8,2.6666666666666665,15
fgr-line / fgr,space_furnish_paint_20231128,工料雙漲下的省錢裝潢 | 油漆DIY 老屋變新貌 - 遠雄房地產,/life-proposal/space_furnish_paint_20231128/,3,3,4,1.3333333333333333,77.66666666666667
google / organic,(organic),台中海線景點介紹：高美濕地、台中清水國小(牛罵頭)、清水眷村文化園區、台中港特區,/life-proposal/taichung-attractions/,3,3,3,1,14.666666666666666
google / organic,(organic),台中預售屋、新建案分析介紹，水湳經貿園區、台中七期、清水/梧棲重劃區建案推薦,/life-proposal/taichung-gateway/,3,3,3,1,15.333333333333334
(direct) / (none),(direct),不動產節稅妙招：每年都要繳的財產稅省很大 - 遠雄房地產,/life-proposal/tax_mitigation_housetax_20220902/,3,3,3,1,6.666666666666667
google / organic,(organic),台灣蔦屋的空間價值革命，在遠雄實踐地方創生價值,/life-proposal/tsuta-house/,3,3,3,1,5
google / cpc,brand,生活提案： 專家房市觀點、空間美學指南 -遠雄房地產,/life_proposal/,3,3,4,1.3333333333333333,2
google / organic,(organic),劉佩真 - 遠雄房地產,/life_proposal/experts_point/獨家專欄/劉佩真/,3,3,4,1.3333333333333333,11.666666666666666
(not set),20250905五輪播,在地生活：新建案、預售屋周邊資訊 -遠雄房地產,/life_proposal/music_life/,3,3,2,0.6666666666666666,1.6666666666666667
google / organic,(organic),空間美學：三大保固升級服務-遠雄房地產,/life_proposal/space_aesthetics/,3,3,4,1.3333333333333333,7.666666666666667
(direct) / (none),(direct),遠雄永續匯能園區-陳榮慶-遠雄房地產 Farglory-Realty,/main/review/72/g0798,3,3,3,1,26.666666666666668
google / cpc,brand,遠雄房地產預約賞屋(線上賞屋與預約賞屋),/make_appointment/,3,3,4,1.3333333333333333,27.666666666666668
google_kw / dh2,(organic),預約賞屋手機驗證 - 遠雄房地產,/mob_verify/,3,3,3,1,17.666666666666668
fb / bh7,2,預約賞屋手機驗證 - 遠雄房地產,/mob_verify/,3,3,3,1,27
(not set),20250808一輪播,預約賞屋手機驗證 - 遠雄房地產,/mob_verify/,3,3,9,3,48.666666666666664
google / cpc,20250901,預約賞屋手機驗證 - 遠雄房地產,/mob_verify/,3,3,3,1,22.666666666666668
google / cpc,CQH1-地區字,預約賞屋手機驗證 - 遠雄房地產,/mob_verify/,3,3,3,1,23.333333333333332
google / cpc,information4,預約賞屋手機驗證 - 遠雄房地產,/mob_verify/,3,3,4,1.3333333333333333,24
google / cpc,pmax-1-taichung,預約賞屋手機驗證 - 遠雄房地產,/mob_verify/,3,3,3,1,20
google / cpc,gdn-01,隱私權聲明 - 遠雄房地產,/privacy/,3,3,3,1,8.666666666666666
google / cpc,gdn-1-taichung,隱私權聲明 - 遠雄房地產,/privacy/,3,3,4,1.3333333333333333,71.66666666666667
google / cpc,gdn20257-5,隱私權聲明 - 遠雄房地產,/privacy/,3,3,22,7.333333333333333,305.3333333333333
google / cpc,needs,隱私權聲明 - 遠雄房地產,/privacy/,3,3,3,1,38.666666666666664
google / organic,(organic),薛品涵業務個人介紹 - 遠雄THE ONE,/sales/O1/B4860/,3,3,5,1.6666666666666667,11.666666666666666
google / cpc,O1_地區字_2025.0801,薛品涵業務個人介紹 - 遠雄THE ONE,/sales/O1/B4860/,3,3,3,1,3
google / cpc,O1_地區字_2025.0801,馬一鳴業務個人介紹 - 遠雄THE ONE,/sales/O1/B5948/,3,3,3,1,7.333333333333333
google / cpc,(organic),呂昭助業務個人介紹 - 遠雄泱玥,/sales/ah2/B5030/,3,3,3,1,2.6666666666666665
google / cpc,(organic),鄭家昇業務個人介紹 - 遠雄泱玥,/sales/ah2/B5805/,3,3,4,1.3333333333333333,5
google / cpc,(organic),趙偉傑業務個人介紹 - 遠雄泱玥,/sales/ah2/G0106/,3,3,3,1,4.666666666666667
google / cpc,(organic),陳怡靜業務個人介紹 - 遠雄泱玥,/sales/ah2/G0116/,3,3,3,1,3.6666666666666665
google / cpc,gdn20256-8,周卉雯業務個人介紹 - 遠雄敦富,/sales/bh10/B3081/,3,3,3,1,9.333333333333334
google / organic,(organic),林怡業務個人介紹 - 遠雄敦富,/sales/bh10/B5578/,3,3,3,1,10.666666666666666
google / cpc,brand,林怡業務個人介紹 - 遠雄敦富,/sales/bh10/B5578/,3,3,4,1.3333333333333333,21.666666666666668
google / cpc,gdn20256-8,林怡業務個人介紹 - 遠雄敦富,/sales/bh10/B5578/,3,3,4,1.3333333333333333,7
google / cpc,brand,謝欣學業務個人介紹 - 遠雄敦富,/sales/bh10/B5736/,3,3,4,1.3333333333333333,8.333333333333334
google / cpc,brand,李心心業務個人介紹 - 遠雄敦富,/sales/bh10/G0599/,3,3,3,1,12
google / organic,(organic),許哲瑋業務個人介紹 - 遠雄敦富,/sales/bh10/G0605/,3,3,4,1.3333333333333333,8.666666666666666
(direct) / (none),(direct),駱奕辰業務個人介紹 - 遠雄敦富,/sales/bh10/G1033/,3,3,3,1,2.3333333333333335
google / cpc,brand,駱奕辰業務個人介紹 - 遠雄敦富,/sales/bh10/G1033/,3,3,4,1.3333333333333333,2
tw.search.yahoo.com / referral,(referral),黃郁恬業務個人介紹 - 遠雄丰尚,/sales/bh11/G0335/,3,3,3,1,10
google / cpc,0829,黃郁恬業務個人介紹 - 遠雄丰尚,/sales/bh11/G0335/,3,3,3,1,19
line / bh11,20250829,黃郁恬業務個人介紹 - 遠雄丰尚,/sales/bh11/G0335/,3,3,3,1,12.333333333333334
fb / bh11,8-2,黃郁恬業務個人介紹 - 遠雄丰尚,/sales/bh11/G0335/,3,3,3,1,40.333333333333336
google / cpc,information4,黃郁恬業務個人介紹 - 遠雄丰尚,/sales/bh11/G0335/,3,3,3,1,4.666666666666667
fb / bh11,8-1,黃子霏業務個人介紹 - 遠雄丰尚,/sales/bh11/G0630/,3,3,3,1,6
google / cpc,(organic),顏秉豊業務個人介紹 - 遠雄琉蘊,/sales/bh5/B5881/,3,3,3,1,10
(not set),20250905五輪播,葉淯蓁業務個人介紹 - 遠雄樂元,/sales/bh7/B6099/,3,3,5,1.6666666666666667,2.3333333333333335
(direct) / (none),(direct),林芸安業務個人介紹 - 遠雄樂元,/sales/bh7/B6129/,3,3,3,1,12.333333333333334
google / cpc,othercities_brand,黃語璇業務個人介紹 - 遠雄樂元,/sales/bh7/G0990/,3,3,3,1,14
(not set),20250919一輪播,簡宇婕業務個人介紹 - 遠雄樂元,/sales/bh7/G0993/,3,3,10,3.3333333333333335,117
(direct) / (none),(direct),林邑瞳業務個人介紹 - 遠雄洄山行,/sales/bh8/G0351/,3,3,3,1,4.666666666666667
google / organic,(organic),林邑瞳業務個人介紹 - 遠雄洄山行,/sales/bh8/G0351/,3,3,2,0.6666666666666666,126.33333333333333
(direct) / (none),(direct),陳銘宏業務個人介紹 - 遠雄洄山行,/sales/bh8/G0770/,3,3,3,1,5.333333333333333
google / cpc,(organic),林筱茹業務個人介紹 - 遠雄綠美,/sales/bh9/G0992/,3,3,3,1,4.333333333333333
google / cpc,CQH1-買房字,沈玉菁業務個人介紹 - 村泉蒔美,/sales/cqh1/B5432/,3,3,3,1,9
(not set),20250905五輪播,曾華萱業務個人介紹 - 村泉蒔美,/sales/cqh1/G0679/,3,3,2,0.6666666666666666,1.3333333333333333
google / cpc,CQH1-競品字,曾華萱業務個人介紹 - 村泉蒔美,/sales/cqh1/G0679/,3,3,3,1,3.3333333333333335
google_kw / dh2,(organic),蔡旻芮業務個人介紹 - 遠雄山禾,/sales/dh2/B6132/,3,3,5,1.6666666666666667,2.6666666666666665
(not set),20250905五輪播,楊倩如業務個人介紹 - 遠雄峰蘊,/sales/eh1/G0259/,3,3,6,2,44
google / cpc,brand,楊倩如業務個人介紹 - 遠雄峰蘊,/sales/eh1/G0259/,3,3,3,1,22.333333333333332
google / organic,(organic),賴玫蓁業務個人介紹 - 遠雄峰蘊,/sales/eh1/G0881/,3,3,4,1.3333333333333333,30.666666666666668
(not set),20250905五輪播,洪梓芸業務個人介紹 - 遠雄一靚,/sales/eh2/B5986/,3,3,3,1,24
google / cpc,20250901,徐靖業務個人介紹 - 遠雄一靚,/sales/eh2/G0597/,3,3,3,1,5
google / cpc,brand,林建宏業務個人介紹 - 遠雄沐蘊,/sales/eh5/B1974/,3,3,4,1.3333333333333333,3.6666666666666665
google / cpc,area,范亦萱業務個人介紹 - 遠雄沐蘊,/sales/eh5/G0309/,3,3,3,1,2.3333333333333335
google / cpc,brand,戴維民業務個人介紹 - 遠雄沐蘊,/sales/eh5/G0596/,3,3,3,1,4.333333333333333
google / cpc,area,翁毓雯業務個人介紹 - 遠雄沐蘊,/sales/eh5/G0816/,3,3,3,1,3.6666666666666665
google / cpc,(organic),鄭玲蘭業務個人介紹 - 遠雄星呈,/sales/h707/B4789/,3,3,4,1.3333333333333333,29.666666666666668
google / cpc,(organic),鄧大鈺業務個人介紹 - 遠雄星呈,/sales/h707/G0305/,3,3,4,1.3333333333333333,4.333333333333333
google / organic,(organic),【遠雄純寓】可以走入繁華，也可以選擇安靜 - 遠雄房地產,/wom-recommendation/bh2_wang/,3,3,4,1.3333333333333333,9.333333333333334
google / cpc,遠雄幸福成_H713_關鍵字_0516_外縣市,「遠雄幸福成」台中最後一塊潛力明星區域，年輕人也買得起 - 遠雄房地產,/wom-recommendation/h713_lin/,3,3,5,1.6666666666666667,47.666666666666664
(direct) / (none),(direct),「遠雄幸福成」面朝大海看落日，左擁右抱大公園 - 遠雄房地產,/wom-recommendation/h713_tsang/,3,3,3,1,8.333333333333334
google / organic,(organic),青晉，讓漂泊候鳥也想親近定居 - 遠雄房地產,/wom-recommendation/hh1_msliu/,3,3,3,1,12
google / organic,(organic),預約成功 - 遠雄房地產,/預約成功感謝頁/,3,3,3,1,2
(not set),20250808一輪播,預約成功 - 遠雄房地產,/預約成功感謝頁/,3,3,7,2.3333333333333335,40.666666666666664
(direct) / (none),(direct),Farglory Real Estate: The home buying expert who understands life best,/,2,3,0,0,12.5
excel.officeapps.live.com / referral,(referral),永然法律不動產專欄：未婚情侶合資買房在法律上要注意什麼呢？ - 遠雄房地產,/,2,3,3,1.5,5
tagassistant.google.com / referral,(referral),遠房實價登錄,/,2,3,3,1.5,0
webnews / bh5,11307,遠房實價登錄,/,2,3,3,1.5,29.5
(not set),20250711一輪播,遠房實價登錄,/,2,3,4,2,0
dm-point / bh7,202508,遠房實價登錄,/,2,3,3,1.5,0
fb / ah2,fb-18,遠房實價登錄,/,2,3,4,2,0
fb / bh10,fb20259-5,遠房實價登錄,/,2,3,3,1.5,0
mkto-sn070013.com / referral,(referral),遠雄房地產：最懂生活的購屋專家,/,2,3,3,1.5,12.5
statics.teams.cdn.office.net / referral,(referral),遠雄房地產：最懂生活的購屋專家,/,2,3,2,1,11.5
m.facebook.com / referral,(referral),遠雄幸福成,/H713/main,2,3,3,1.5,0
tw.search.yahoo.com / referral,(referral),遠雄仰森,/HH3/main,2,3,4,2,99.5
bing / organic,(organic),關於我們-遠雄房地產,/about/,2,3,2,1,9.5
fgr-line / fgr,playlist=e93ee4e&video=b98d6cc,影像光廊：建案風采-遠雄房地產,/about/brand_gallery/,2,3,11,5.5,133
google / organic,(organic),遠雄藝舍 限時感謝祭🌸賞屋抽機票🛫購屋再送精品家電! - 遠雄房地產,/activity-report/遠雄藝舍-限時感謝祭賞屋抽機票購屋送家電/,2,3,4,2,18.5
googlemap / o1,googlemap,活動報報：最新活動一覽與公告資訊 -遠雄房地產,/activity_report/,2,3,3,1.5,7
bing / organic,(organic),活動一覽：建案活動與會員好禮 -遠雄房地產,/activity_report/activities_glance/,2,3,2,1,18.5
google / cpc,20250718,精選商辦 相關預售屋/新成屋/新建案資料|遠雄房地產,/building-category-tag/精選商辦/,2,3,2,1,2
google / cpc,brand,捷運宅相關預售屋/新成屋/新建案資料|遠雄房地產,/building-tag/build-tag-mrt/,2,3,2,1,18.5
google_kw / 8fsl01,brand,遠創力行銷-北大店 | 買賣仲介 ‧ 物件評估 ‧ 全方位資產規劃,/buildings/8fsl01/,2,3,3,1.5,1.5
fb / 8fsl01,fbfanpage0905,遠創力行銷-北大店 | 買賣仲介 ‧ 物件評估 ‧ 全方位資產規劃,/buildings/8fsl01/,2,3,3,1.5,0.5
google_kw / BH8,20240816_建築師字,台中西屯建案【遠雄洄山行】．2-4房方正格局,/buildings/BH8/,2,3,3,1.5,92
fb / ah2,fanpage,北士科建案【遠雄泱玥】水岸首排．57-75坪,/buildings/ah2/,2,3,4,2,60.5
fb / ah2,fb-3,北士科建案【遠雄泱玥】水岸首排．57-75坪,/buildings/ah2/,2,3,3,1.5,7.5
google / cpc,20250919一輪播,北屯敦富路【遠雄敦富】- 北屯機捷預售屋．近好市多,/buildings/bh10/,2,3,2,1,20.5
web-ettoday / bh10,webettoday-1122,北屯敦富路【遠雄敦富】- 北屯機捷預售屋．近好市多,/buildings/bh10/,2,3,3,1.5,27
google / cpc,20250918,Farglory Phase 14 launches [Farglory Fengshang] Beitun new project. Near Hanshin InterContinental Department Store,/buildings/bh11/,2,3,1,0.5,5
line-lap / bh5,(referral),遠雄14期首發【遠雄丰尚】北屯新案．近漢神洲際百貨,/buildings/bh11/,2,3,3,1.5,2
statics.teams.cdn.office.net / referral,(referral),遠雄14期首發【遠雄丰尚】北屯新案．近漢神洲際百貨,/buildings/bh11/,2,3,5,2.5,13
line-lap / bh5,(referral),(1) 封未讀訊息 | 遠雄琉蘊 -台中市西屯區七期預售屋/新建案-預約賞屋，遠雄房地產,/buildings/bh5/,2,3,0,0,27.5
webnews / bh5,11307,遠雄琉蘊 -台中市西屯區七期預售屋/新建案-預約賞屋，遠雄房地產,/buildings/bh5/,2,3,3,1.5,55
fb / bh11,8-2,遠雄琉蘊 -台中市西屯區七期預售屋/新建案-預約賞屋，遠雄房地產,/buildings/bh5/,2,3,3,1.5,20
web-udn / bh8,20241021,台中西屯建案【遠雄洄山行】．2-4房方正格局,/buildings/bh8/,2,3,4,2,3.5
leju / bh9,lejupage,水湳建案【遠雄綠美】鄰近綠美圖．中央公園預售屋,/buildings/bh9/,2,3,4,2,67
google / cpc,(organic),找不到頁面 - 遠雄房地產,/buildings/dh3/,2,3,3,1.5,220.5
l.instagram.com / referral,(referral),遠雄一靚｜楠梓新案．高大特區首發｜早鳥預約中,/buildings/eh2/,2,3,3,1.5,0.5
fb / eh2,8-2,遠雄一靚｜楠梓新案．高大特區首發｜早鳥預約中,/buildings/eh2/,2,3,3,1.5,3.5
web-edm / eh2,DM202508,遠雄一靚｜楠梓新案．高大特區首發｜早鳥預約中,/buildings/eh2/,2,3,3,1.5,0
pmp / (not set),6,遠雄沐蘊-高雄市三民區預售屋/新建案-預約賞屋,/buildings/eh5/,2,3,11,5.5,502.5
(not set),20250919一輪播,遠雄星呈-台中市清水區預售屋/新建案-預約賞屋，遠雄房地產,/buildings/h707/,2,3,3,1.5,5.5
pmp / (not set),5,遠雄星呈-台中市清水區預售屋/新建案-預約賞屋，遠雄房地產,/buildings/h707/,2,3,3,1.5,2
l.facebook.com / referral,(referral),遠雄幸福成｜即將落成 - 台中市清水區預售/新建案-預約賞屋，遠雄房地產,/buildings/h713/,2,3,4,2,25.5
web-sms / h807,20230811,找不到頁面 - 遠雄房地產,/buildings/h807/,2,3,2,1,4
gdn / hh2,20240208,找不到頁面 - 遠雄房地產,/buildings/hh2/,2,3,4,2,6
line-lap / hh3,lap-7,找不到頁面 - 遠雄房地產,/buildings/hh3/,2,3,3,1.5,0
(not set),20250905五輪播,找不到頁面 - 遠雄房地產,/buildings/shqmo01/,2,3,5,2.5,20
(not set),20250808一輪播,熱銷建案：預售屋、新建案、新成屋 -遠雄房地產,/case/,2,3,3,1.5,3
google / cpc,20250918,熱銷建案一覽：遠雄全台預售屋、新建案、新成屋資訊,/case/search/,2,3,2,1,5.5
fb / 8fsl01,leads,熱銷建案一覽：遠雄全台預售屋、新建案、新成屋資訊,/case/search/,2,3,7,3.5,44
fb / h707,1,熱銷建案一覽：遠雄全台預售屋、新建案、新成屋資訊,/case/search/sales_status/hot-sale/,2,3,2,1,24
(not set),20250919一輪播,買主口碑推薦：遠雄建案、預售屋 -遠雄房地產,/case/wom_recommendation/,2,3,4,2,15.5
(not set),20250905五輪播,遠房好友電子報 - 遠雄房地產,/farglory-realty_edm/,2,3,3,1.5,4.5
google / organic,(organic),海外買房 彙整 - 遠雄房地產,/life-proposal-tag/3、交易/1購屋流程相關/abroad/,2,3,3,1.5,23.5
google / organic,(organic),抵押權設定 彙整 - 遠雄房地產,/life-proposal-tag/3、交易/1購屋流程相關/抵押權設定/,2,3,5,2.5,9
google / organic,(organic),遠東通訊園區 彙整 - 遠雄房地產,/life-proposal-tag/5、區域/1區域地段/縣市/新北市/板橋區/遠東通訊園區/,2,3,4,2,5
(direct) / (none),(direct),建案熱區巡禮：高雄楠梓區高大特區生活圈 - 遠雄房地產,/life-proposal/area-kaohsiung-nanzi_nuk_function_20250211/,2,3,2,1,19
(not set),20250905五輪播,建案熱區巡禮：高雄楠梓區高大特區生活圈 - 遠雄房地產,/life-proposal/area-kaohsiung-nanzi_nuk_function_20250211/,2,3,0,0,0
(not set),20250905五輪播,建案熱區巡禮：高雄楠梓區高大特區 - 學區篇 - 遠雄房地產,/life-proposal/area-kaohsiung-nanzi_nuk_school_20250225/,2,3,1,0.5,9.5
google / organic,(organic),建案熱區巡禮：台中北屯機廠重劃區 - 綠地休憩篇 - 遠雄房地產,/life-proposal/area_txg_beitun_depot_park_20240529/,2,3,2,1,30.5
google / organic,(organic),建案熱區巡禮：台中西屯區單元八比鄰水湳經貿園區，組成中央公園特區後發展可望更勝七期 - 遠雄房地產,/life-proposal/area_txg_xitun_eight_20240207/,2,3,3,1.5,42.5
(direct) / (none),(direct),避免不動產詐騙：買房必讀｜如何避免成為房貸人頭？ - 遠雄房地產,/life-proposal/avoid-real-estate-fraud/,2,3,3,1.5,50
(not set),20250905五輪播,何世昌觀點：2025年台灣房市潛力區域專題 - 北台灣篇 - 遠雄房地產,/life-proposal/expert_hoshichang_northern-potential,2,3,8,4,162
(not set),20250905五輪播,何世昌觀點：全台房市「蛋花湯效應」解密 - 南二都房價的變遷 - 遠雄房地產,/life-proposal/expert_hoshichang_property_south-prices_20250404/,2,3,2,1,5.5
bing / organic,(organic),[影音] 專家看2025年上半年預售屋市場 : 四大現象觀察 - 遠雄房地產,/life-proposal/expert_housing-market_20250820/,2,3,2,1,11.5
perplexity.ai / referral,(referral),李同榮觀點：2025自住首購族擇屋八大法則 - 遠雄房地產,/life-proposal/expert_li_homeowners_20250410/,2,3,2,1,2.5
google / organic,(organic),財經M平方觀點：中國房市陷入惡性循環，三個對經濟的影響 - 遠雄房地產,/life-proposal/expert_macromicro20220909/,2,3,2,1,31
(not set),20250905五輪播,財經M平方觀點：降息了黃金一定會漲嗎？探討未來黃金走勢 - 遠雄房地產,/life-proposal/expert_macromicro_golden_20241119/,2,3,0,0,0
google / organic,(organic),財經M平方觀點：2024年台灣房市展望 - 遠雄房地產,/life-proposal/expert_macromicro_housing_2024trend_20231125/,2,3,3,1.5,53.5
google / organic,(organic),財經M平方觀點：新青安政策刺激房市價量熱絡，預售屋快速回溫 - 遠雄房地產,/life-proposal/expert_macromicro_housing_policy_20240507/,2,3,2,1,44
google / organic,(organic),劉佩真觀點：台灣AI科技供應鏈處全球制高點  拉抬相關地產表現 - 遠雄房地產,/life-proposal/expert_peizhen_commercial_ai-tec_20241003/,2,3,2,1,8
(direct) / (none),(direct),劉佩真觀點：輝達黃仁勳旋風對於台灣房市帶來的正面效應 - 遠雄房地產,/life-proposal/expert_peizhen_commercial_nvidia_20250603/,2,3,2,1,30.5
google / cpc,BSTP,劉佩真觀點：輝達黃仁勳旋風對於台灣房市帶來的正面效應 - 遠雄房地產,/life-proposal/expert_peizhen_commercial_nvidia_20250603/,2,3,3,1.5,95
excel.officeapps.live.com / referral,(referral),[影音] 買房後發現實際面積比權狀縮水，該找誰求償? - 遠雄房地產,/life-proposal/expert_zhu_area-discrepancy_20250827/,2,3,3,1.5,9
(not set),20250905五輪播,專家觀點地政篇：合資買房如何保障自身權益？ - 遠雄房地產,/life-proposal/expert_zhu_buyhouse_joint_20240117/,2,3,1,0.5,94.5
excel.officeapps.live.com / referral,(referral),專家觀點地政篇：防範代書詐騙，如何查詢地政士的合法性？ - 遠雄房地產,/life-proposal/expert_zhu_expert_zhu_land-agent_20250917/,2,3,5,2.5,43.5
news.google.com / referral,(referral),專家觀點地政篇：防範代書詐騙，如何查詢地政士的合法性？ - 遠雄房地產,/life-proposal/expert_zhu_expert_zhu_land-agent_20250917/,2,3,2,1,18.5
(direct) / (none),(direct),專家觀點地政篇：邱澤不動產傳聞揭秘，實價登錄與容積移轉的真相 - 遠雄房地產,/life-proposal/expert_zhu_land-deal_20250813/,2,3,2,1,119.5
(not set),20250905五輪播,[影音] 專家觀點地政篇：婚前買房v.s婚後買房｜房子登記誰的名字好？ - 遠雄房地產,/life-proposal/expert_zhu_marriage_20230614/,2,3,0,0,0
excel.officeapps.live.com / referral,(referral),專家觀點地政篇：你買到的法定空地是什麼？ - 遠雄房地產,/life-proposal/expert_zhu_property_openspace_20240705/,2,3,4,2,41.5
fgr-line / fg,floor_height/,樓高的隱藏秘密：樓層高度怎麼看？ - 遠雄房地產,/life-proposal/floor_height/,2,3,3,1.5,238.5
(not set),20250905五輪播,居家保養：如何擦玻璃才正確？【居家百科】 - 遠雄房地產,/life-proposal/glass-fix/,2,3,1,0.5,3.5
(not set),20250808一輪播,換屋族看過來，房地合一稅與土增稅要點筆記！ - 遠雄房地產,/life-proposal/house_and_land/,2,3,4,2,3
google / organic,(organic),升息讓房貸壓力越來越大，告訴你無痛還款的招數 - 遠雄房地產,/life-proposal/mortgage_-statistics_20221215/,2,3,3,1.5,42.5
mkto-sn070013.com / referral,(referral),打造居家植栽，許一個綠空間給自己 - 遠雄房地產,/life-proposal/plant_20230105/,2,3,3,1.5,79.5
(not set),20250905五輪播,抗酷暑 ! 室內空間降溫這樣做，植栽除了打造綠色空間也能降溫 - 遠雄房地產,/life-proposal/space_design_greencooldown_20240903/,2,3,0,0,0
google / organic,(organic),為生活解悶 | 2024年度代表色：用柔和蜜桃妝點居家 - 遠雄房地產,/life-proposal/space_style_peach_20240206/,2,3,3,1.5,7.5
google / cpc,(organic),遠雄房地產預約賞屋(線上賞屋與預約賞屋),/make_appointment/,2,3,2,1,8
m000476.com / referral,(referral),隱私權聲明 - 遠雄房地產,/privacy/,2,3,3,1.5,1
google / organic,(organic),劉志宏業務個人介紹 - 遠創力行銷-北大店,/sales/8FSL01/B5678/,2,3,4,2,4.5
bing / organic,(organic),黃子霏業務個人介紹 - 遠雄丰尚,/sales/bh11/G0630/,2,3,3,1.5,12.5
google / cpc,CQH1-買房字,吳麗美業務個人介紹 - 村泉蒔美,/sales/cqh1/B2850/,2,3,3,1.5,30.5
fb / cqh1,fb-20,曾華萱業務個人介紹 - 村泉蒔美,/sales/cqh1/G0679/,2,3,2,1,1
google / organic,(organic),張志銘業務個人介紹 - 遠雄山禾,/sales/dh2/B5126/,2,3,2,1,6.5
(direct) / (none),(direct),徐靖業務個人介紹 - 遠雄一靚,/sales/eh2/G0597/,2,3,3,1.5,3.5
fb / o1,privacy,服務條款暨隱私權聲明 -遠雄房地產,/terms-of-service_and_privacy/,2,3,2,1,294.5
(not set),20250919一輪播,2025十月主題報 - 遠雄房地產,/,1,3,5,5,71
google / organic,(organic),何世昌觀點：盤點全台房市潛力區 - 北部篇 - 遠雄房地產,/,1,3,10,10,260
google / organic,(organic),劉佩真觀點：AI科技宅當道！台灣半導體聚落帶動房市 - 遠雄房地產,/,1,3,9,9,5
excel.officeapps.live.com / referral,(referral),專家觀點地政篇：代書、地政士真假難辨如何查證？ - 遠雄房地產,/,1,3,10,10,65
webnews / bh5,11312,遠房實價登錄,/,1,3,3,3,0
google / cpc,20220822,遠房實價登錄,/,1,3,3,3,0
dm-point / ar1,20250710_home,遠房實價登錄,/,1,3,3,3,0
(not set),20250718一輪播,遠雄房地產：最懂生活的購屋專家,/,1,3,3,3,80
fb / ar1,fb4-3,遠雄房地產：最懂生活的購屋專家,/,1,3,3,3,12
line / bh5,line46,遠雄房地產：最懂生活的購屋專家,/,1,3,5,5,2
fgr-line / bh11,listbutton,遠雄房地產：最懂生活的購屋專家,/,1,3,4,4,9
webnews / ar1,20250618,齊興緻-鍾坤霖-遠雄房地產 Farglory-Realty,/AR1/b2509,1,3,5,5,9
excel.officeapps.live.com / referral,(referral),影像光廊：建案風采-遠雄房地產,/about/brand_gallery/,1,3,5,5,35
yahoo / organic,(organic),遠雄【好室智造所】全台巡迴從台中港熱鬧啟航，永續藍圖逐步落實 - 遠雄房地產,/activity-report/hauslab_2025/,1,3,1,1,33
google / organic,(organic),遠雄丰尚-陳蘊文-遠雄房地產 Farglory-Realty,/bh11/G1189,1,3,3,3,0
google / cpc,(organic),遠雄丰尚-李佳蓉-遠雄房地產 Farglory-Realty,/bh11/G1266,1,3,3,3,21
fb / hm2,250819_01,聯上智科｜北士科AI總部 輝達核心軸線 -台北市北投區商辦/預售新建案-預約賞屋，遠創力行銷,/buildings/5vo1/,1,3,3,3,97
google / cpc,competitor,聯上智科｜北士科AI總部 輝達核心軸線 -台北市北投區商辦/預售新建案-預約賞屋，遠創力行銷,/buildings/5vo1/,1,3,2,2,63
fb / ar1,fb4-3,遠創力行銷-未來店 | 全房產 專業仲介服務,/buildings/8hgs01/,1,3,1,1,4
(direct) / (none),20250905五輪播,齊興_緻-台北市北投區/北士科住宅預售屋,/buildings/ar1/,1,3,1,1,0
line-lap / bh10,line-lap20256-8,Beitun Dunfu Road [Farglory Dunfu] - Beitun Airport MRT Pre-sale Home. Near Costco,/buildings/bh10/,1,3,0,0,9
tagassistant.google.com / referral,(referral),北屯敦富路【遠雄敦富】- 北屯機捷預售屋．近好市多,/buildings/bh10/,1,3,2,2,0
fb / eh2,9-1,遠雄14期首發【遠雄丰尚】北屯新案．近漢神洲際百貨,/buildings/bh11/,1,3,2,2,0
reurl.cc / referral,(referral),遠雄琉蘊 -台中市西屯區七期預售屋/新建案-預約賞屋，遠雄房地產,/buildings/bh5/,1,3,3,3,9
webnews / bh5,11312,遠雄琉蘊 -台中市西屯區七期預售屋/新建案-預約賞屋，遠雄房地產,/buildings/bh5/,1,3,3,3,22
google_kw / 5vo1,202509,村泉蒔美｜門戶端點 從容跨界｜台北生活最美起點,/buildings/cqh1/,1,3,2,2,5
(not set),20250808一輪播,大河商爵-台北市士林區廠辦/預售新建案-預約賞屋，遠創力行銷,/buildings/dgm1/,1,3,1,1,0
fb / eh2,9-1,安南重劃首選【遠雄藏萃】全新落成，珍稀戶別釋出！,/buildings/dh5/,1,3,3,3,14
(not set),20250905五輪播,找不到頁面 - 遠雄房地產,/buildings/fh2/,1,3,3,3,1
fb / ar1,fb4-3,遠雄信義CENTER-新北市板橋區廠辦.商辦/預售新建案-預約賞屋,/buildings/fm3/,1,3,7,7,458
google / cpc,20220822,遠雄幸福成｜即將落成 - 台中市清水區預售/新建案-預約賞屋，遠雄房地產,/buildings/h713/,1,3,3,3,44
google_kw / o1,Compete,遠雄THE ONE-高雄市前鎮區新成屋/新建案-預約賞屋,/buildings/o1/,1,3,2,2,98
youtube / ah2,architecture30s,熱銷建案一覽：遠雄全台預售屋、新建案、新成屋資訊,/case/search/,1,3,2,2,3
fb / ar1,fb4-3,熱銷建案一覽：遠雄全台預售屋、新建案、新成屋資訊,/case/search/,1,3,4,4,17
googlemap / o1,googlemap,landmark | 遠雄THE ONE,/landmark/,1,3,2,2,53
google / organic,(organic),房市專家 何世昌 彙整 - 遠雄房地產,/life-proposal-category/expert_point/hoshichang/,1,3,2,2,46
google / organic,(organic),北士科 彙整 - 遠雄房地產,/life-proposal-tag/5、區域/1區域地段/縣市/台北市/beitou/北士科/,1,3,3,3,8
google / organic,(organic),科技業 彙整 - 遠雄房地產,/life-proposal-tag/commercial/科技業/,1,3,3,3,0
google / organic,(organic),半導體 彙整 - 遠雄房地產,/life-proposal-tag/macroeconomics-2/semiconductor/,1,3,4,4,0
(direct) / (none),(direct),建案熱區巡禮：台南永康大灣重劃區 - 綠地休憩篇 - 遠雄房地產,/life-proposal/area-hotspot-tnn-dawan_park_20240229/,1,3,3,3,0
chatgpt.com / referral,(referral),建案熱區巡禮：中壢人都說自己不算桃園人？自成一格的幸福日常 - 遠雄房地產,/life-proposal/area-l-taoyuan-zhongli20220520/,1,3,1,1,14
tw.search.yahoo.com / referral,(referral),建案熱區巡禮：蓄勢待發的台中14期美和庄市地重劃區 - 遠雄房地產,/life-proposal/area-s-taichung-14th20220520/,1,3,2,2,10
(not set),20250905五輪播,建案熱區巡禮：台南中西區運河星鑽特區生活圈 - 百年港町再出發的現代風華 - 遠雄房地產,/life-proposal/area-s-tainan_west-central_redevelop_diamond_20250502/,1,3,1,1,22
cn.bing.com / referral,(referral),建案熱區巡禮：桃園小檜溪(青溪特區)舊商圈+眾多綠地的宜人生活 - 遠雄房地產,/life-proposal/area-s-taoyuan-green20220520/,1,3,3,3,304
(not set),20250905五輪播,建案熱區巡禮：北投士林科技園區生活圈 - 遠雄房地產,/life-proposal/area-tpe-beitou_bstp_function_202406012/,1,3,0,0,0
google / organic,(organic),建案熱區巡禮：台中北屯機廠重劃區，擁強大交通機能區位 - 遠雄房地產,/life-proposal/area_s_txg_beitun_depot_20240410/,1,3,1,1,21
statics.teams.cdn.office.net / referral,(referral),建案熱區巡禮：台中北屯區14期重劃區 - 學區篇 - 遠雄房地產,/life-proposal/area_txg_beitun_14th_school_20240917/,1,3,2,2,89
google / organic,(organic),選擇品牌建商，把購屋風險降到最低 - 遠雄房地產,/life-proposal/branding_20221111/,1,3,3,3,43
chatgpt.com / referral,(referral),[影音] 何世昌觀點：全台房市「蛋花湯效應」解密 - 南二都房價的變遷 - 遠雄房地產,/life-proposal/expert_hoshichang_property_south-prices_20250404/,1,3,2,2,16
(not set),20250808一輪播,[影音] 專家看2025年上半年預售屋市場 : 四大現象觀察 - 遠雄房地產,/life-proposal/expert_housing-market_20250820/,1,3,1,1,0
excel.officeapps.live.com / referral,(referral),永然法律不動產專欄：未婚情侶合資買房在法律上要注意什麼呢？ - 遠雄房地產,/life-proposal/expert_law_y-rlee_co-buying_20251003,1,3,3,3,29
excel.officeapps.live.com / referral,(referral),找不到頁面 - 遠雄房地產,/life-proposal/expert_law_y-rlee_co-buying_20251003/,1,3,7,7,16
news.google.com / referral,(referral),李同榮觀點：2025自住首購族擇屋八大法則 - 遠雄房地產,/life-proposal/expert_li_homeowners_20250410/,1,3,2,2,339
bing / organic,(organic),財經M平方觀點：去庫存壓力來襲，2 個訊號看製造業何時落底 - 遠雄房地產,/life-proposal/expert_macromicro20220726/,1,3,1,1,117
excel.officeapps.live.com / referral,(referral),財經M平方觀點：2025 下半年台灣經濟怎麼走？台股、台幣一次解析 - 遠雄房地產,/life-proposal/expert_macromicro_2025econ_20250730/,1,3,8,8,25
bing / organic,(organic),財經M平方觀點：股債位階與循環配置建議 - 遠雄房地產,/life-proposal/expert_macromicro_mec_cycle_20240430/,1,3,2,2,10
ecosia.org / organic,(organic),專家觀點地政篇：只有不動產怎麼繳遺產稅？實物抵繳是否划算？ - 遠雄房地產,/life-proposal/expert_zhu_property_offset-2_20241220/,1,3,3,3,65
(not set),20250905五輪播,預售屋 v.s 成屋 v.s 中古屋的差異與優缺點 - 遠雄房地產,/life-proposal/goodandbad_20221028/,1,3,2,2,0
search.google.com / referral,(referral),驗屋與交屋必知注意事項？新手購屋必看，驗屋清單檢查表與交屋流程有哪些？,/life-proposal/home-inspection/,1,3,3,3,4
google / organic,(organic),小宅當道！入手小坪數產品注意事項 - 遠雄房地產,/life-proposal/small_property_20221007/,1,3,1,1,0
(not set),20250919一輪播,工料雙漲下的省錢裝潢 | 自己打造無印風設計 - 遠雄房地產,/life-proposal/space_furnish_muji_20231101/,1,3,3,3,22
(not set),20250919一輪播,如何利用微改裝讓我的家更節能，與綠色生活共伍！ - 遠雄房地產,/life-proposal/space_furnish_saving_20231004/,1,3,2,2,0
(not set),20250905五輪播,學好居家燈具規劃，營造質感品味生活 - 遠雄房地產,/life-proposal/space_lamps_20230625/,1,3,4,4,97
(not set),20250905五輪播,不動產節稅妙招：自用住宅用地優惠稅率不可不知 - 遠雄房地產,/life-proposal/tax_mitigation_land_20220902/,1,3,2,2,0
google / cpc,20250718,全齡通用住宅打造友善居住環境：基地環境篇 - 遠雄房地產,/life-proposal/universal-design-base20220713/,1,3,3,3,0
youtube / ah2,architecture30s,專家觀點：解析房市動向與購屋建議 -遠雄房地產,/life_proposal/experts_point/,1,3,3,3,57
google / organic,(organic),遠雄泱玥 | 水岸正首席．北士科首獻｜47-75坪-蔡定誠-遠雄房地產 Farglory-Realty,/main/review/64/b4720,1,3,4,4,55
(not set),20250808一輪播,隱私權聲明 - 遠雄房地產,/privacy/,1,3,3,3,25
google / organic,(organic),江雅萍業務個人介紹 - 遠創力行銷-北大店,/sales/8FSL01/B4655/,1,3,3,3,49
google / organic,(organic),楊倩如業務個人介紹 - 遠雄峰蘊,/sales/eh1/G0259/,1,3,7,7,263
google / organic,(organic),遠雄2025九月主題報 - 遠雄房地產,/sep2025/,1,3,2,2,2
gdn / ao1,20240809a_8-1,遠雄房地產：最懂生活的購屋專家,/,0,3,3,null,null
(direct) / (none),(direct),齊興緻-邱美鈴-遠雄房地產 Farglory-Realty,/AR1/b5758,0,3,3,null,null
gdn / fm1,202307-5,找不到頁面 - 遠雄房地產,/buildings/fm1/,0,3,3,null,null
(not set),20250905五輪播,贈與稅 彙整 - 遠雄房地產,/life-proposal-tag/2、市場/2稅務政策相關/gift_tax/,0,3,3,null,null
(not set),20250808一輪播,永然法律不動產專欄：預售屋買賣契約簽約時應注意「契約審閱期」 - 遠雄房地產,/life-proposal/expert_law_y-rlee_contract_20250613/,0,3,3,null,null
(not set),20250905五輪播,財經M平方觀點：2024年台灣房市展望 - 遠雄房地產,/life-proposal/expert_macromicro_housing_2024trend_20231125/,0,3,2,null,null
(not set),20250808一輪播,初次購屋，首購族要分析的重點為何? - 遠雄房地產,/life-proposal/firstbuy_20230427/,0,3,3,null,null
(direct) / (none),(direct),民法成年年齡下修至18歲，不動產稅賦有何影響？ - 遠雄房地產,/life-proposal/civil-law_20221125/,3,3,5,1.6666666666666667,63.666666666666664
google / cpc,brand0829,遠雄房地產精選預售屋(台北、新北、台中、桃園、台南、高雄) - 遠雄房地產,/building-category-tag/featured_pre_sale/,2,2,2,1,16
google / organic,(organic),遠雄泱玥 | 水岸正首席．北士科首獻｜57-75坪,/main/review/64/b5030,0,2,1,null,null
google / organic,(organic),Farglory Real Estate: The home buying expert who understands life best,/,2,2,0,0,62
google / cpc,遠雄幸福成_H713_關鍵字_0516_外縣市,您正在找 - 遠雄房地產,/,2,2,4,2,13.5
google_kw / h713,(not set),遠房實價登錄,/,2,2,2,1,0
line / bh5,(not set),遠房實價登錄,/,2,2,3,1.5,0
line / bh9,(not set),遠房實價登錄,/,2,2,3,1.5,0
farglory.com.tw / referral,(referral),遠房實價登錄,/,2,2,3,1.5,0
fb / h713,(referral),遠房實價登錄,/,2,2,2,1,0
google_kw / dh2,(referral),遠房實價登錄,/,2,2,4,2,0
m000476.layout.minmax.website / referral,(referral),遠房實價登錄,/,2,2,2,1,0
zh.wikipedia.org / referral,(referral),遠房實價登錄,/,2,2,2,1,0
fb / h713,101,遠房實價登錄,/,2,2,2,1,0
webnews / bh5,11308,遠房實價登錄,/,2,2,3,1.5,0
ig / paid,120207082511280558,遠房實價登錄,/,2,2,2,1,0
google / cpc,19,遠房實價登錄,/,2,2,2,1,72
gdn / eh1,20230901a,遠房實價登錄,/,2,2,2,1,0
gdn / bh6,20240129gdn,遠房實價登錄,/,2,2,2,1,0
gdn / eh1,20240205a,遠房實價登錄,/,2,2,2,1,0
google_kw / BH8,20240816_台中中科,遠房實價登錄,/,2,2,3,1.5,0
google_kw / BH8,20240816_建築師字,遠房實價登錄,/,2,2,2,1,0
web-udn / bh8,20241021,遠房實價登錄,/,2,2,2,1,0
web / ah2,202501-shoppingdesign,遠房實價登錄,/,2,2,3,1.5,0
google / cpc,20250317,遠房實價登錄,/,2,2,4,2,0
web-businessweekly / o1,20250326,遠房實價登錄,/,2,2,5,2.5,0
fb / o1,20250422_20-2,遠房實價登錄,/,2,2,2,1,0
webnews / ar1,20250618,遠房實價登錄,/,2,2,2,1,0
webnews / 5vo1,202508,遠房實價登錄,/,2,2,2,1,0
google / cpc,20250808一輪播,遠房實價登錄,/,2,2,4,2,0
google_kw / 5vo1,202509,遠房實價登錄,/,2,2,2,1,0
google / cpc,20250918,遠房實價登錄,/,2,2,2,1,0
line-lap / bh5,20250919一輪播,遠房實價登錄,/,2,2,2,1,0
fb / bh9,21-1,遠房實價登錄,/,2,2,2,1,0
fb / h707,26,遠房實價登錄,/,2,2,3,1.5,0
fb / h707,27,遠房實價登錄,/,2,2,2,1,0
fb / bh7,3,遠房實價登錄,/,2,2,2,1,0
line-lap / dh2,5,遠房實價登錄,/,2,2,2,1,0
fb / eh1,5-2,遠房實價登錄,/,2,2,2,1,0
fb / eh1,5-3,遠房實價登錄,/,2,2,2,1,0
fb / bh7,6,遠房實價登錄,/,2,2,3,1.5,0
gdn / eh1,6趴輕鬆付,遠房實價登錄,/,2,2,2,1,0
fb / eh2,8-2,遠房實價登錄,/,2,2,2,1,0
line-lap / dh2,9,遠房實價登錄,/,2,2,2,1,0
fb / bh11,9-3,遠房實價登錄,/,2,2,2,1,0
fb / bh11,9-5,遠房實價登錄,/,2,2,3,1.5,0
google / cpc,CQH1-買房字,遠房實價登錄,/,2,2,4,2,0
line / bh7,crm20250912,遠房實價登錄,/,2,2,2,1,0
fgr-line / fgr,expert_hoshichang_video_property_price_20250801,遠房實價登錄,/,2,2,2,1,0
fb / ah2,fanpage,遠房實價登錄,/,2,2,3,1.5,0
fb / dh2,fb-10,遠房實價登錄,/,2,2,2,1,0
fb / dh2,fb-18,遠房實價登錄,/,2,2,2,1,0
fb / ah2,fb-34,遠房實價登錄,/,2,2,2,1,0
fb / dh2,fb-35,遠房實價登錄,/,2,2,3,1.5,0
fb / dh2,fb-9,遠房實價登錄,/,2,2,2,1,0
fb / ah2,fb-nvidia,遠房實價登錄,/,2,2,2,1,0
fb / bh10,fb20259-6,遠房實價登錄,/,2,2,2,1,0
fb / bh8,fb9-2,遠房實價登錄,/,2,2,2,1,0
fb / bh10,fbfanpage,遠房實價登錄,/,2,2,2,1,0
fb / bh10,fbfanpage0829,遠房實價登錄,/,2,2,2,1,0
fb / bh10,fbfanpage0926event,遠房實價登錄,/,2,2,2,1,0
fb / eh5,form,遠房實價登錄,/,2,2,2,1,0
google / cpc,gdn-01,遠房實價登錄,/,2,2,2,1,0
gdn / bh6,gdnsiteplan,遠房實價登錄,/,2,2,2,1,0
google-map / (not set),h707,遠房實價登錄,/,2,2,2,1,0
google / cpc,information3,遠房實價登錄,/,2,2,3,1.5,0
google / cpc,landmark0829,遠房實價登錄,/,2,2,2,1,0
leju / bh5,lejupage,遠房實價登錄,/,2,2,2,1,0
leju / bh9,lejupage,遠房實價登錄,/,2,2,4,2,0
leju / h713,lejupage,遠房實價登錄,/,2,2,2,1,0
line-lap / bh10,line-lap7-2,遠房實價登錄,/,2,2,2,1,0
line / bh10,line0927event,遠房實價登錄,/,2,2,3,1.5,0
fgr-line / eh2,listbutton,遠房實價登錄,/,2,2,2,1,0
fb / eh5,park,遠房實價登錄,/,2,2,3,1.5,0
fb / dh2,privacy,遠房實價登錄,/,2,2,2,1,0
web-chinatimes / bh10,web-chinatimes0922,遠房實價登錄,/,2,2,5,2.5,0
gdn / eh1,yt_hhh,遠房實價登錄,/,2,2,2,1,0
googlemap / o1,googlemap,遠雄THE ONE | 獨一無二極致生活 僅獻給每一位層峰,/,2,2,2,1,15
line / ah2-message,(not set),遠雄房地產：最懂生活的購屋專家,/,2,2,2,1,18.5
facebook.com / referral,(referral),遠雄房地產：最懂生活的購屋專家,/,2,2,2,1,6.5
fb / bh7,1,遠雄房地產：最懂生活的購屋專家,/,2,2,2,1,10.5
ig / paid,120224909124380347,遠雄房地產：最懂生活的購屋專家,/,2,2,6,3,15.5
gdn / o1,20231124-2,遠雄房地產：最懂生活的購屋專家,/,2,2,2,1,0
line-lap / ao1,20240724_7-1,遠雄房地產：最懂生活的購屋專家,/,2,2,2,1,0.5
web-ettoday / O1,20240912,遠雄房地產：最懂生活的購屋專家,/,2,2,2,1,6.5
fb / O1,20250221_13-4,遠雄房地產：最懂生活的購屋專家,/,2,2,2,1,0
line-lap / ao1,20250424_4-4,遠雄房地產：最懂生活的購屋專家,/,2,2,2,1,0
(not set),20250725二輪播,遠雄房地產：最懂生活的購屋專家,/,2,2,2,1,3
fb / bh11,8-2,遠雄房地產：最懂生活的購屋專家,/,2,2,3,1.5,2
fb / bh11,8-3,遠雄房地產：最懂生活的購屋專家,/,2,2,3,1.5,10.5
GDC / (not set),GDC,遠雄房地產：最懂生活的購屋專家,/,2,2,2,1,0
google / cpc,O1,遠雄房地產：最懂生活的購屋專家,/,2,2,2,1,0
google / cpc,O1_品牌字_2025.0801,遠雄房地產：最懂生活的購屋專家,/,2,2,2,1,5
google / cpc,area,遠雄房地產：最懂生活的購屋專家,/,2,2,2,1,8
google_kw / cqh1,brand,遠雄房地產：最懂生活的購屋專家,/,2,2,4,2,14.5
google / cpc,brand0829,遠雄房地產：最懂生活的購屋專家,/,2,2,2,1,9.5
web / ao1,googlemap,遠雄房地產：最懂生活的購屋專家,/,2,2,2,1,0
fg-hotel / oceanpark,homepage-0311,遠雄房地產：最懂生活的購屋專家,/,2,2,2,1,0
google / cpc,information4,遠雄房地產：最懂生活的購屋專家,/,2,2,2,1,12.5
google_kw / h109,kw-happygo,遠雄房地產：最懂生活的購屋專家,/,2,2,2,1,0
line / o1,line202207-2,遠雄房地產：最懂生活的購屋專家,/,2,2,4,2,0
line-fgr / bh7,linefgrbh7,遠雄房地產：最懂生活的購屋專家,/,2,2,2,1,16.5
fgr-line / eh2,listbutton,遠雄房地產：最懂生活的購屋專家,/,2,2,4,2,13
fb / ao1,louisa45s,遠雄房地產：最懂生活的購屋專家,/,2,2,2,1,0
google / cpc,othercities_brand,遠雄房地產：最懂生活的購屋專家,/,2,2,2,1,9.5
google / cpc,北大店-買房字,遠雄房地產：最懂生活的購屋專家,/,2,2,2,1,9
google.com / referral,(referral),遠雄房地產：最懂生活的購屋專家,//checkout/,2,2,2,1,4.5
manager.line.biz / referral,(referral),2025八月主題報 - 遠雄房地產,/AUG2025/,2,2,4,2,78.5
google / dispaly,H135,找不到頁面 - 遠雄房地產,/Build/Detail/H135,2,2,2,1,0
google_kw / mdrive,H135,找不到頁面 - 遠雄房地產,/Build/Detail/H135,2,2,2,1,0
google / organic,(organic),找不到頁面 - 遠雄房地產,/Build/Detail/H151,2,2,2,1,0
google_kw / vg_h151,feature,找不到頁面 - 遠雄房地產,/Build/Detail/H151,2,2,2,1,0
mkto-sn070013.com / referral,(referral),2025五月主題報 - 遠雄房地產,/MAY2025/,2,2,2,1,13
google / cpc,(organic),關於我們-遠雄房地產,/about/,2,2,2,1,11
(not set),(not set),品牌實力-遠雄房地產,/about/brand_performance_backup/,2,2,1,0.5,0
google / cpc,brand,品牌實力-遠雄房地產,/about/brand_performance_backup/,2,2,2,1,13
google / cpc,pmax-1-anothercity,品牌實力-遠雄房地產,/about/brand_performance_backup/,2,2,3,1.5,51.5
google / organic,(organic),優勢榮耀 - 遠雄房地產,/about/branded_advantages/,2,2,2,1,6.5
104.com.tw / referral,(referral),關於遠創力 - 遠雄房地產,/about/telecreative_marketing/,2,2,2,1,2.5
m000476.com / referral,(referral),關於遠創力 - 遠雄房地產,/about/telecreative_marketing/,2,2,3,1.5,0
google / organic,(organic),住戶專享 彙整 - 遠雄房地產,/activity-report-category/activities_glance/activities_glance_list/住戶專享/,2,2,5,2.5,23
google / organic,(organic),住戶專享 彙整 - 頁4，共4 - 遠雄房地產,/activity-report-category/activities_glance/activities_glance_list/住戶專享/page/4/,2,2,2,1,6
(direct) / (none),(direct),遠雄房地產✨超級好友🐲 端午抽好運大紅包🧧 - 遠雄房地產,/activity-report/2023dragonboatfestival/,2,2,2,1,0
google / cpc,brand,遠雄【好室智造所】全台巡迴從台中港熱鬧啟航，永續藍圖逐步落實 - 遠雄房地產,/activity-report/hauslab_2025/,2,2,2,1,45.5
(direct) / (none),(direct),遠雄人壽【金險獎】號召創意青年拍出來｜好險有你 Emopower Your Life！ - 遠雄房地產,/activity-report/insurance_20230224/,2,2,2,1,9
google / organic,(organic),遠雄房地產 官方LINE「8月好友禮」得獎公告 - 遠雄房地產,/activity-report/line-friends-aug/,2,2,3,1.5,26.5
google / organic,(organic),2021遠雄集團 全新形象願景影片,/activity-report/vision-film/,2,2,2,1,3.5
(direct) / (none),(direct),《印象莫內－光影體驗展》北高登場！ - 遠雄房地產,/activity-report/《印象莫內－光影體驗展》北高登場！/,2,2,2,1,5
l.instagram.com / referral,(referral),遠雄房地產 官方LINE | 7月大巨蛋專屬貴賓席 - 遠雄房地產,/activity-report/遠雄房地產-官方line-7月大巨蛋專屬貴賓席/,2,2,2,1,2
google / organic,(organic),遠雄房地產官網滿意度問券調查-2025年第一季-得獎公告 - 遠雄房地產,/activity-report/遠雄房地產官網滿意度問券調查-2025年第一季-得獎公/,2,2,2,1,13.5
google / cpc,area,遠雄沐蘊 | 夏日感恩大回饋🎁好鄰介紹所開張囉! - 遠雄房地產,/activity-report/遠雄沐蘊-夏日感恩大回饋-好鄰介紹所開張囉/,2,2,2,1,9
(not set),(not set),活動報報：最新活動一覽與公告資訊 -遠雄房地產,/activity_report/,2,2,1,0.5,0.5
google / cpc,brand,活動報報：最新活動一覽與公告資訊 -遠雄房地產,/activity_report/,2,2,3,1.5,16.5
google / cpc,遠雄幸福成_H713_關鍵字_0516_中彰,活動報報：最新活動一覽與公告資訊 -遠雄房地產,/activity_report/,2,2,3,1.5,1.5
(not set),(not set),活動一覽：建案活動與會員好禮 -遠雄房地產,/activity_report/activities_glance/,2,2,1,0.5,3
mkto-sn070013.com / referral,(referral),活動一覽：建案活動與會員好禮 -遠雄房地產,/activity_report/activities_glance/,2,2,2,1,23.5
(not set),20250905五輪播,活動一覽：建案活動與會員好禮 -遠雄房地產,/activity_report/activities_glance/,2,2,1,0.5,1.5
socialmedia / fgr,ig,活動一覽：建案活動與會員好禮 -遠雄房地產,/activity_report/activities_glance/,2,2,2,1,6.5
google / organic,(organic),"外觀介紹,遠雄夏沐-線上接待中心",/aesthetics/concept,2,2,2,1,20
google / organic,(organic),"公設藝境,遠雄夏沐-線上接待中心",/aesthetics/public-facility,2,2,3,1.5,36.5
(direct) / (none),(direct),遠雄泱玥 | 水岸正首席．北士科首獻｜57-75坪-蔡定誠-遠雄房地產 Farglory-Realty,/ah2/B4720,2,2,2,1,0
(direct) / (none),(direct),遠雄泱玥 | 水岸正首席．北士科首獻｜57-75坪-莊博謙-遠雄房地產 Farglory-Realty,/ah2/b5779,2,2,3,1.5,182.5
(data not available),(cross-network),遠雄房地產精選成屋(台北、新北、台中、桃園、台南、高雄) - 遠雄房地產,/building-category-tag/featured_existing_house/,2,2,6,3,20
google / organic,(organic),遠雄房地產精選成屋(台北、新北、台中、桃園、台南、高雄) - 遠雄房地產,/building-category-tag/featured_existing_house/,2,2,2,1,0.5
google / cpc,O1_地區字_2025.0801,遠雄房地產精選成屋(台北、新北、台中、桃園、台南、高雄) - 遠雄房地產,/building-category-tag/featured_existing_house/,2,2,2,1,9.5
google / cpc,O1_競品字_2025.0801,遠雄房地產精選成屋(台北、新北、台中、桃園、台南、高雄) - 遠雄房地產,/building-category-tag/featured_existing_house/,2,2,3,1.5,13.5
google / cpc,北大店-物件字,遠雄房地產精選成屋(台北、新北、台中、桃園、台南、高雄) - 遠雄房地產,/building-category-tag/featured_existing_house/,2,2,2,1,13
google / cpc,北大店-買房字,遠雄房地產精選成屋(台北、新北、台中、桃園、台南、高雄) - 遠雄房地產,/building-category-tag/featured_existing_house/,2,2,7,3.5,32.5
(not set),(not set),遠雄房地產精選預售屋(台北、新北、台中、桃園、台南、高雄) - 遠雄房地產,/building-category-tag/featured_pre_sale/,2,2,3,1.5,8
fb / bh7,1,遠雄房地產精選預售屋(台北、新北、台中、桃園、台南、高雄) - 遠雄房地產,/building-category-tag/featured_pre_sale/,2,2,4,2,17.5
fb / bh9,1,遠雄房地產精選預售屋(台北、新北、台中、桃園、台南、高雄) - 遠雄房地產,/building-category-tag/featured_pre_sale/,2,2,2,1,3.5
fb / h707,1,遠雄房地產精選預售屋(台北、新北、台中、桃園、台南、高雄) - 遠雄房地產,/building-category-tag/featured_pre_sale/,2,2,2,1,42.5
fb / paid,120229456515280138,遠雄房地產精選預售屋(台北、新北、台中、桃園、台南、高雄) - 遠雄房地產,/building-category-tag/featured_pre_sale/,2,2,2,1,21
line-lap / dh2,14,遠雄房地產精選預售屋(台北、新北、台中、桃園、台南、高雄) - 遠雄房地產,/building-category-tag/featured_pre_sale/,2,2,3,1.5,44.5
google / cpc,20250616_北投士林豪宅/別墅,遠雄房地產精選預售屋(台北、新北、台中、桃園、台南、高雄) - 遠雄房地產,/building-category-tag/featured_pre_sale/,2,2,3,1.5,15.5
google / cpc,20250616_品牌字,遠雄房地產精選預售屋(台北、新北、台中、桃園、台南、高雄) - 遠雄房地產,/building-category-tag/featured_pre_sale/,2,2,2,1,9.5
(not set),20250808一輪播,遠雄房地產精選預售屋(台北、新北、台中、桃園、台南、高雄) - 遠雄房地產,/building-category-tag/featured_pre_sale/,2,2,2,1,12
google / cpc,20250918,遠雄房地產精選預售屋(台北、新北、台中、桃園、台南、高雄) - 遠雄房地產,/building-category-tag/featured_pre_sale/,2,2,3,1.5,30.5
google / cpc,20250919一輪播,遠雄房地產精選預售屋(台北、新北、台中、桃園、台南、高雄) - 遠雄房地產,/building-category-tag/featured_pre_sale/,2,2,2,1,12
google / cpc,202509_1,遠雄房地產精選預售屋(台北、新北、台中、桃園、台南、高雄) - 遠雄房地產,/building-category-tag/featured_pre_sale/,2,2,3,1.5,86
fb / h707,29,遠雄房地產精選預售屋(台北、新北、台中、桃園、台南、高雄) - 遠雄房地產,/building-category-tag/featured_pre_sale/,2,2,3,1.5,9.5
fb / bh5,45,遠雄房地產精選預售屋(台北、新北、台中、桃園、台南、高雄) - 遠雄房地產,/building-category-tag/featured_pre_sale/,2,2,2,1,10
fb / eh2,8-1,遠雄房地產精選預售屋(台北、新北、台中、桃園、台南、高雄) - 遠雄房地產,/building-category-tag/featured_pre_sale/,2,2,2,1,7
fb / bh11,8-2,遠雄房地產精選預售屋(台北、新北、台中、桃園、台南、高雄) - 遠雄房地產,/building-category-tag/featured_pre_sale/,2,2,2,1,15
fb / eh2,8-6,遠雄房地產精選預售屋(台北、新北、台中、桃園、台南、高雄) - 遠雄房地產,/building-category-tag/featured_pre_sale/,2,2,2,1,6.5
fb / eh2,9-2,遠雄房地產精選預售屋(台北、新北、台中、桃園、台南、高雄) - 遠雄房地產,/building-category-tag/featured_pre_sale/,2,2,2,1,11
google / cpc,CQH1-品牌字,遠雄房地產精選預售屋(台北、新北、台中、桃園、台南、高雄) - 遠雄房地產,/building-category-tag/featured_pre_sale/,2,2,2,1,14
google / cpc,CQH1-地區字,遠雄房地產精選預售屋(台北、新北、台中、桃園、台南、高雄) - 遠雄房地產,/building-category-tag/featured_pre_sale/,2,2,2,1,3
(not set),(not set),(not set),(not set),2,2,0,0,0
google / cpc,com,遠雄房地產精選預售屋(台北、新北、台中、桃園、台南、高雄) - 遠雄房地產,/building-category-tag/featured_pre_sale/,2,2,3,1.5,38.5
fb / eh1,eh1fb,遠雄房地產精選預售屋(台北、新北、台中、桃園、台南、高雄) - 遠雄房地產,/building-category-tag/featured_pre_sale/,2,2,3,1.5,10
fb / cqh1,fb-20,遠雄房地產精選預售屋(台北、新北、台中、桃園、台南、高雄) - 遠雄房地產,/building-category-tag/featured_pre_sale/,2,2,2,1,5
fb / ah2,fb-29,遠雄房地產精選預售屋(台北、新北、台中、桃園、台南、高雄) - 遠雄房地產,/building-category-tag/featured_pre_sale/,2,2,2,1,2.5
fb / bh8,fb19-1,遠雄房地產精選預售屋(台北、新北、台中、桃園、台南、高雄) - 遠雄房地產,/building-category-tag/featured_pre_sale/,2,2,2,1,23.5
fb / eh5,fb24,遠雄房地產精選預售屋(台北、新北、台中、桃園、台南、高雄) - 遠雄房地產,/building-category-tag/featured_pre_sale/,2,2,2,1,2.5
fb / ar1,fb4-2,遠雄房地產精選預售屋(台北、新北、台中、桃園、台南、高雄) - 遠雄房地產,/building-category-tag/featured_pre_sale/,2,2,2,1,9
google / cpc,gdn20256-8,遠雄房地產精選預售屋(台北、新北、台中、桃園、台南、高雄) - 遠雄房地產,/building-category-tag/featured_pre_sale/,2,2,3,1.5,13.5
google / cpc,information2,遠雄房地產精選預售屋(台北、新北、台中、桃園、台南、高雄) - 遠雄房地產,/building-category-tag/featured_pre_sale/,2,2,5,2.5,76.5
line-lap / bh7,lap-1,遠雄房地產精選預售屋(台北、新北、台中、桃園、台南、高雄) - 遠雄房地產,/building-category-tag/featured_pre_sale/,2,2,3,1.5,30
fb / dh2,leads,遠雄房地產精選預售屋(台北、新北、台中、桃園、台南、高雄) - 遠雄房地產,/building-category-tag/featured_pre_sale/,2,2,2,1,27
fb / eh2,leads,遠雄房地產精選預售屋(台北、新北、台中、桃園、台南、高雄) - 遠雄房地產,/building-category-tag/featured_pre_sale/,2,2,2,1,10.5
fb / eh5,park,遠雄房地產精選預售屋(台北、新北、台中、桃園、台南、高雄) - 遠雄房地產,/building-category-tag/featured_pre_sale/,2,2,2,1,22.5
google / cpc,北大店-品牌字,遠雄房地產精選預售屋(台北、新北、台中、桃園、台南、高雄) - 遠雄房地產,/building-category-tag/featured_pre_sale/,2,2,3,1.5,4.5
fb / eh1,formbutton,遠雄房地產精選預售屋(台北、新北、台中、桃園、台南、高雄) - 遠雄房地產,/building-category-tag/featured_pre_sale/page/2/,2,2,2,1,6.5
(direct) / (none),(direct),精選商辦 相關預售屋/新成屋/新建案資料|遠雄房地產,/building-category-tag/精選商辦/,2,2,2,1,16.5
(direct) / (none),(direct),親子宅相關預售屋/新成屋/新建案資料|遠雄房地產,/building-tag/build-tag-child/,2,2,2,1,9.5
fb / h707,26,親子宅相關預售屋/新成屋/新建案資料|遠雄房地產,/building-tag/build-tag-child/,2,2,2,1,3
fb / h707,31,親子宅相關預售屋/新成屋/新建案資料|遠雄房地產,/building-tag/build-tag-child/,2,2,2,1,25.5
google / organic,(organic),都會區相關預售屋/新成屋/新建案資料|遠雄房地產,/building-tag/build-tag-city/,2,2,2,1,17.5
pmp / (not set),6,捷運宅相關預售屋/新成屋/新建案資料|遠雄房地產,/building-tag/build-tag-mrt/,2,2,2,1,27
fb / bh5,42,公園宅相關預售屋/新成屋/新建案資料|遠雄房地產,/building-tag/build-tag-park/,2,2,4,2,52.5
fb / bh5,leads,公園宅相關預售屋/新成屋/新建案資料|遠雄房地產,/building-tag/build-tag-park/,2,2,3,1.5,73.5
google / cpc,(organic),重劃區相關預售屋/新成屋/新建案資料|遠雄房地產,/building-tag/build-tag-plan/,2,2,2,1,5.5
(not set),20250905五輪播,重劃區相關預售屋/新成屋/新建案資料|遠雄房地產,/building-tag/build-tag-plan/,2,2,2,1,5
pmp / (not set),6,重劃區相關預售屋/新成屋/新建案資料|遠雄房地產,/building-tag/build-tag-plan/,2,2,6,3,85
google / cpc,Otherarea0829,重劃區相關預售屋/新成屋/新建案資料|遠雄房地產,/building-tag/build-tag-plan/,2,2,3,1.5,7
google / organic,(organic),重劃區相關預售屋/新成屋/新建案資料|遠雄房地產,/building-tag/build-tag-plan/page/2/,2,2,3,1.5,14
google / organic,(organic),耐震標章 彙整 - 遠雄房地產,/building-tag/build-tag-quake/耐震標章/,2,2,2,1,4.5
google / cpc,(organic),學區宅相關預售屋/新成屋/新建案資料|遠雄房地產,/building-tag/build-tag-school/,2,2,2,1,19.5
google / cpc,20250901,學區宅相關預售屋/新成屋/新建案資料|遠雄房地產,/building-tag/build-tag-school/,2,2,2,1,76.5
pmp / (not set),6,學區宅相關預售屋/新成屋/新建案資料|遠雄房地產,/building-tag/build-tag-school/,2,2,2,1,9.5
google / cpc,area,學區宅相關預售屋/新成屋/新建案資料|遠雄房地產,/building-tag/build-tag-school/,2,2,4,2,37.5
(direct) / (none),(direct),商廠辦 彙整 - 遠雄房地產,/building-tag/商廠辦/,2,2,2,1,1.5
google / cpc,(organic),招待會所 彙整 - 遠雄房地產,/building-tag/招待會所/,2,2,2,1,6.5
google / cpc,(organic),景觀宅 彙整 - 遠雄房地產,/building-tag/景觀宅/,2,2,2,1,2.5
google / cpc,20250616_台北豪宅/別墅,景觀宅 彙整 - 遠雄房地產,/building-tag/景觀宅/,2,2,2,1,2.5
pmp / (not set),6,景觀宅 彙整 - 遠雄房地產,/building-tag/景觀宅/,2,2,3,1.5,9.5
google / cpc,CQH1-地區字,景觀宅 彙整 - 遠雄房地產,/building-tag/景觀宅/,2,2,2,1,9
google / cpc,O1_特色字_2025.0801,景觀宅 彙整 - 遠雄房地產,/building-tag/景觀宅/,2,2,2,1,15
socialmedia / bh8,dcard_202508,景觀宅 彙整 - 遠雄房地產,/building-tag/景觀宅/,2,2,3,1.5,102.5
google / cpc,(organic),熱銷建案 彙整 - 遠雄房地產,/buildings/,2,2,3,1.5,6.5
(not set),20250905五輪播,熱銷建案 彙整 - 遠雄房地產,/buildings/,2,2,4,2,21
google / cpc,brand,熱銷建案 彙整 - 遠雄房地產,/buildings/,2,2,3,1.5,4
m.facebook.com / referral,(referral),聯上智科｜北士科AI總部 輝達核心軸線 -台北市北投區商辦/預售新建案-預約賞屋，遠創力行銷,/buildings/5vo1/,2,2,2,1,3.5
ig / paid,120232686504290617,聯上智科｜北士科AI總部 輝達核心軸線 -台北市北投區商辦/預售新建案-預約賞屋，遠創力行銷,/buildings/5vo1/,2,2,3,1.5,1
google_kw / 5vo1,202509_ex1,聯上智科｜北士科AI總部 輝達核心軸線 -台北市北投區商辦/預售新建案-預約賞屋，遠創力行銷,/buildings/5vo1/,2,2,4,2,25
google / cpc,gdn-1-taichung,聯上智科｜北士科AI總部 輝達核心軸線 -台北市北投區商辦/預售新建案-預約賞屋，遠創力行銷,/buildings/5vo1/,2,2,3,1.5,103
google / cpc,information2,聯上智科｜北士科AI總部 輝達核心軸線 -台北市北投區商辦/預售新建案-預約賞屋，遠創力行銷,/buildings/5vo1/,2,2,2,1,12
google / cpc,pmax-1-taichung,聯上智科｜北士科AI總部 輝達核心軸線 -台北市北投區商辦/預售新建案-預約賞屋，遠創力行銷,/buildings/5vo1/,2,2,2,1,141.5
google / cpc,北大店-品牌字,聯上智科｜北士科AI總部 輝達核心軸線 -台北市北投區商辦/預售新建案-預約賞屋，遠創力行銷,/buildings/5vo1/,2,2,2,1,68
google / cpc,北大店-買房字,"Yuan Chuang Li Marketing - Peking University Store | Buying and Selling Brokerage, Property Appraisal, and Comprehensive Asset Planning",/buildings/8fsl01/,2,2,1,0.5,3
fb / 8fsl01,fb5-2,遠創力行銷-北大店 | 買賣仲介 ‧ 物件評估 ‧ 全方位資產規劃,/buildings/8fsl01/,2,2,2,1,3.5
fb / 8fsl01,fbfanpage0726,遠創力行銷-北大店 | 買賣仲介 ‧ 物件評估 ‧ 全方位資產規劃,/buildings/8fsl01/,2,2,4,2,46.5
fb / 8fsl01,fbfanpage0912,遠創力行銷-北大店 | 買賣仲介 ‧ 物件評估 ‧ 全方位資產規劃,/buildings/8fsl01/,2,2,2,1,7
google_kw / 8fsl01,information5,遠創力行銷-北大店 | 買賣仲介 ‧ 物件評估 ‧ 全方位資產規劃,/buildings/8fsl01/,2,2,2,1,0
googel_kw / 8fxz01,neihu,找不到頁面 - 遠雄房地產,/buildings/8fxz01/,2,2,2,1,21
googel_kw / 8fxz01,newtaipei,找不到頁面 - 遠雄房地產,/buildings/8fxz01/,2,2,2,1,14
google / organic,(organic),找不到頁面 - 遠雄房地產,/buildings/8fxz11/,2,2,3,1.5,7.5
gdn / 8fxz11,20250305a,找不到頁面 - 遠雄房地產,/buildings/8fxz11/,2,2,2,1,14
gdn / 8fxz11,20250305b,找不到頁面 - 遠雄房地產,/buildings/8fxz11/,2,2,2,1,14
(not set),(not set),遠創力行銷-未來店 | 全房產 專業仲介服務,/buildings/8hgs01/,2,2,1,0.5,3.5
google / cpc,(organic),遠創力行銷-未來店 | 全房產 專業仲介服務,/buildings/8hgs01/,2,2,2,1,4.5
google / cpc,北大店-品牌字,遠創力行銷-未來店 | 全房產 專業仲介服務,/buildings/8hgs01/,2,2,2,1,26
google / cpc,Otherarea0829,台中西屯建案【遠雄洄山行】．2-4房方正格局,/buildings/BH8/,2,2,2,1,2.5
google / cpc,brand,台中西屯建案【遠雄洄山行】．2-4房方正格局,/buildings/BH8/,2,2,2,1,26
socialmedia / bh8,dcard_202508,台中西屯建案【遠雄洄山行】．2-4房方正格局,/buildings/BH8/,2,2,2,1,15
google / cpc,information2,台中西屯建案【遠雄洄山行】．2-4房方正格局,/buildings/BH8/,2,2,2,1,41.5
google / cpc,遠雄幸福成_H713_關鍵字_0516_中彰,台中西屯建案【遠雄洄山行】．2-4房方正格局,/buildings/BH8/,2,2,2,1,17.5
google / organic,(organic),水湳建案【遠雄綠美】鄰近綠美圖．中央公園預售屋,/buildings/BH9/,2,2,2,1,6
google / cpc,(organic),North Shike Development [Farglory Yangyue] Waterfront First Row. 57-75 pings,/buildings/ah2/,2,2,0,0,13
line / ah2-message,(not set),北士科建案【遠雄泱玥】-水岸首排．57-75坪,/buildings/ah2/,2,2,2,1,1.5
fb / paid,120224631795180316,北士科建案【遠雄泱玥】-水岸首排．57-75坪,/buildings/ah2/,2,2,2,1,0
web / ah2,202501-vogue,北士科建案【遠雄泱玥】-水岸首排．57-75坪,/buildings/ah2/,2,2,2,1,43
google / cpc,20250616_台北豪宅/別墅,北士科建案【遠雄泱玥】-水岸首排．57-75坪,/buildings/ah2/,2,2,2,1,29.5
(not set),20250725二輪播,北士科建案【遠雄泱玥】-水岸首排．57-75坪,/buildings/ah2/,2,2,2,1,10.5
fb / ah2,fb-18,北士科建案【遠雄泱玥】-水岸首排．57-75坪,/buildings/ah2/,2,2,3,1.5,0
fb / ah2,fb-24,北士科建案【遠雄泱玥】-水岸首排．57-75坪,/buildings/ah2/,2,2,2,1,1
fb / ah2,fb-36,北士科建案【遠雄泱玥】-水岸首排．57-75坪,/buildings/ah2/,2,2,2,1,3
chatgpt.com / (not set),(not set),北士科建案【遠雄泱玥】水岸首排．57-75坪,/buildings/ah2/,2,2,4,2,61
l.instagram.com / referral,(referral),北士科建案【遠雄泱玥】水岸首排．57-75坪,/buildings/ah2/,2,2,2,1,0
m.facebook.com / referral,(referral),北士科建案【遠雄泱玥】水岸首排．57-75坪,/buildings/ah2/,2,2,2,1,7
google / cpc,20250616_品牌字,北士科建案【遠雄泱玥】水岸首排．57-75坪,/buildings/ah2/,2,2,2,1,6.5
google / cpc,20250718,北士科建案【遠雄泱玥】水岸首排．57-75坪,/buildings/ah2/,2,2,3,1.5,15
google / cpc,competitor,北士科建案【遠雄泱玥】水岸首排．57-75坪,/buildings/ah2/,2,2,2,1,26.5
fb / ah2,fb-nvidia,北士科建案【遠雄泱玥】水岸首排．57-75坪,/buildings/ah2/,2,2,2,1,9.5
line-lap / ah2,lap-1,北士科建案【遠雄泱玥】水岸首排．57-75坪,/buildings/ah2/,2,2,2,1,27
iqiyi / ah2,ttd-1,北士科建案【遠雄泱玥】水岸首排．57-75坪,/buildings/ah2/,2,2,2,1,0
google / cpc,(not set),北士科建案【遠雄泱玥】-水岸首排．57-75坪,/buildings/ah2//,2,2,2,1,0
line-lap / ao1,20240612_6-2-2,找不到頁面 - 遠雄房地產,/buildings/ao1/,2,2,2,1,0
gdn / ao1,pmax_20241218,找不到頁面 - 遠雄房地產,/buildings/ao1/,2,2,2,1,14
gdn / ao1,pmax_20250306,找不到頁面 - 遠雄房地產,/buildings/ao1/,2,2,2,1,14
(data not available),(cross-network),Qixing_Zhi-Taipei City Beitou District/Beishike Residential Pre-sale House,/buildings/ar1/,2,2,0,0,2
google / cpc,20250905五輪播,Qixing_Zhi-Taipei City Beitou District/Beishike Residential Pre-sale House,/buildings/ar1/,2,2,0,0,5
google / cpc,20250718,Qixing_Zhi-Taipei City Beitou District/Beishike Residential บ้านขายล่วงหน้า,/buildings/ar1/,2,2,0,0,25.5
(not set),20250808一輪播,Qixing_Zhi-Taipei City Beitou District/Rumah Pra-Penjualan Perumahan Beishike,/buildings/ar1/,2,2,0,0,6622.5
google_kw / dh2,(organic),齊興_緻-台北市北投區/北士科住宅預售屋,/buildings/ar1/,2,2,2,1,13.5
line-lap / dh2,12,齊興_緻-台北市北投區/北士科住宅預售屋,/buildings/ar1/,2,2,2,1,1.5
webnews / ar1,20250618,齊興_緻-台北市北投區/北士科住宅預售屋,/buildings/ar1/,2,2,2,1,24.5
google / cpc,20250919一輪播,齊興_緻-台北市北投區/北士科住宅預售屋,/buildings/ar1/,2,2,3,1.5,13.5
aDq / IL5,73095131,齊興_緻-台北市北投區/北士科住宅預售屋,/buildings/ar1/,2,2,2,1,16
google / cpc,O1_特色字_2025.0801,齊興_緻-台北市北投區/北士科住宅預售屋,/buildings/ar1/,2,2,2,1,27
google / cpc,O1_競品字_2025.0801,齊興_緻-台北市北投區/北士科住宅預售屋,/buildings/ar1/,2,2,2,1,8
google / cpc,gdn5-7,齊興_緻-台北市北投區/北士科住宅預售屋,/buildings/ar1/,2,2,3,1.5,10
google / cpc,20250718,齐兴_致-台北市北投区/北士科住宅预售屋,/buildings/ar1/,2,2,0,0,21.5
tw.search.yahoo.com / referral,(referral),北屯敦富路【遠雄敦富】- 北屯機捷預售屋．近好市多,/buildings/bh10/,2,2,6,3,62.5
google / cpc,0829,北屯敦富路【遠雄敦富】- 北屯機捷預售屋．近好市多,/buildings/bh10/,2,2,4,2,35.5
fb / bh7,1,北屯敦富路【遠雄敦富】- 北屯機捷預售屋．近好市多,/buildings/bh10/,2,2,2,1,27.5
google / cpc,CQH1-地區字,北屯敦富路【遠雄敦富】- 北屯機捷預售屋．近好市多,/buildings/bh10/,2,2,3,1.5,67.5
fb / bh8,fb19-1,北屯敦富路【遠雄敦富】- 北屯機捷預售屋．近好市多,/buildings/bh10/,2,2,2,1,47
fb / bh10,fbfanpage,北屯敦富路【遠雄敦富】- 北屯機捷預售屋．近好市多,/buildings/bh10/,2,2,3,1.5,25
fb / bh10,fbfanpage0912,北屯敦富路【遠雄敦富】- 北屯機捷預售屋．近好市多,/buildings/bh10/,2,2,2,1,3.5
gdn / bh10,gdn20252-4,北屯敦富路【遠雄敦富】- 北屯機捷預售屋．近好市多,/buildings/bh10/,2,2,2,1,6.5
google / cpc,information2,北屯敦富路【遠雄敦富】- 北屯機捷預售屋．近好市多,/buildings/bh10/,2,2,3,1.5,13
line / bh10,line0927event,北屯敦富路【遠雄敦富】- 北屯機捷預售屋．近好市多,/buildings/bh10/,2,2,2,1,5
mydachi / bh10,mydachihpbanner,北屯敦富路【遠雄敦富】- 北屯機捷預售屋．近好市多,/buildings/bh10/,2,2,2,1,11
google / cpc,taichung,北屯敦富路【遠雄敦富】- 北屯機捷預售屋．近好市多,/buildings/bh10/,2,2,2,1,12
web-chinatimes / bh10,web-chinatimes0922,北屯敦富路【遠雄敦富】- 北屯機捷預售屋．近好市多,/buildings/bh10/,2,2,4,2,7.5
google / cpc,20250918,Farglory Giai đoạn 14 ra mắt dự án mới [Farglory Fengshang] Beitun. Gần Trung tâm Thương mại Hanshin InterContinental,/buildings/bh11/,2,2,0,0,8.5
ttd / bh11,20250902,Farglory Phase 14 launches [Farglory Fengshang] Beitun new project. Near Hanshin InterContinental Department Store,/buildings/bh11/,2,2,0,0,2
ttd / bh11,20250918,Farglory Phase 14 launches [Farglory Fengshang] Beitun new project. Near Hanshin InterContinental Department Store,/buildings/bh11/,2,2,0,0,15
google / cpc,20250829,远雄14期首发【远雄丰尚】北屯新案．近汉神洲际百货,/buildings/bh11/,2,2,0,0,2
google / cpc,20250918,远雄14期首发【远雄丰尚】北屯新案．近汉神洲际百货,/buildings/bh11/,2,2,0,0,1.5
google_kw / dh2,(organic),遠雄14期首發【遠雄丰尚】北屯新案．近漢神洲際百貨,/buildings/bh11/,2,2,2,1,5
console-v2.omnichat.ai / referral,(referral),遠雄14期首發【遠雄丰尚】北屯新案．近漢神洲際百貨,/buildings/bh11/,2,2,2,1,69.5
l.instagram.com / referral,(referral),遠雄14期首發【遠雄丰尚】北屯新案．近漢神洲際百貨,/buildings/bh11/,2,2,4,2,28
fb / bh7,2,遠雄14期首發【遠雄丰尚】北屯新案．近漢神洲際百貨,/buildings/bh11/,2,2,2,1,0.5
(not set),20250711一輪播,遠雄14期首發【遠雄丰尚】北屯新案．近漢神洲際百貨,/buildings/bh11/,2,2,2,1,51.5
line-lap / ar1,20250718,遠雄14期首發【遠雄丰尚】北屯新案．近漢神洲際百貨,/buildings/bh11/,2,2,2,1,16
sms / aep-cdp,aep-306,遠雄14期首發【遠雄丰尚】北屯新案．近漢神洲際百貨,/buildings/bh11/,2,2,3,1.5,98
google / cpc,content,遠雄14期首發【遠雄丰尚】北屯新案．近漢神洲際百貨,/buildings/bh11/,2,2,2,1,31.5
socialmedia / fgr,fb,遠雄14期首發【遠雄丰尚】北屯新案．近漢神洲際百貨,/buildings/bh11/,2,2,4,2,56
fb / bh8,fb16-1,遠雄14期首發【遠雄丰尚】北屯新案．近漢神洲際百貨,/buildings/bh11/,2,2,2,1,62
fb / bh8,fb19-1,遠雄14期首發【遠雄丰尚】北屯新案．近漢神洲際百貨,/buildings/bh11/,2,2,2,1,80
socialmedia / fgr,ig,遠雄14期首發【遠雄丰尚】北屯新案．近漢神洲際百貨,/buildings/bh11/,2,2,2,1,10.5
line-lap / bh7,lap-1,遠雄14期首發【遠雄丰尚】北屯新案．近漢神洲際百貨,/buildings/bh11/,2,2,2,1,0
line-lap / bh10,line-lap20256-8,遠雄14期首發【遠雄丰尚】北屯新案．近漢神洲際百貨,/buildings/bh11/,2,2,2,1,19
line-fgr / bh7,linefgrbh7,遠雄14期首發【遠雄丰尚】北屯新案．近漢神洲際百貨,/buildings/bh11/,2,2,4,2,14.5
google / cpc,othercities_taichung,遠雄14期首發【遠雄丰尚】北屯新案．近漢神洲際百貨,/buildings/bh11/,2,2,3,1.5,27
google / cpc,遠雄幸福成_H713_關鍵字_0516_中彰,遠雄14期首發【遠雄丰尚】北屯新案．近漢神洲際百貨,/buildings/bh11/,2,2,2,1,13
google / cpc,遠雄幸福成_H713_關鍵字_0516_外縣市,遠雄14期首發【遠雄丰尚】北屯新案．近漢神洲際百貨,/buildings/bh11/,2,2,2,1,2.5
line / bh5,(not set),遠雄琉蘊 -台中市西屯區七期預售屋/新建案-預約賞屋，遠雄房地產,/buildings/bh5/,2,2,3,1.5,4
webnews / bh5,11308,遠雄琉蘊 -台中市西屯區七期預售屋/新建案-預約賞屋，遠雄房地產,/buildings/bh5/,2,2,3,1.5,28
google / cpc,19,遠雄琉蘊 -台中市西屯區七期預售屋/新建案-預約賞屋，遠雄房地產,/buildings/bh5/,2,2,2,1,209.5
line-lap / bh5,20250919一輪播,遠雄琉蘊 -台中市西屯區七期預售屋/新建案-預約賞屋，遠雄房地產,/buildings/bh5/,2,2,2,1,2
pmp / (not set),6,遠雄琉蘊 -台中市西屯區七期預售屋/新建案-預約賞屋，遠雄房地產,/buildings/bh5/,2,2,3,1.5,36
web-sms / cdp,cdpcid,遠雄琉蘊 -台中市西屯區七期預售屋/新建案-預約賞屋，遠雄房地產,/buildings/bh5/,2,2,2,1,10
google / cpc,competitor,遠雄琉蘊 -台中市西屯區七期預售屋/新建案-預約賞屋，遠雄房地產,/buildings/bh5/,2,2,2,1,13
socialmedia / fgr,fb,遠雄琉蘊 -台中市西屯區七期預售屋/新建案-預約賞屋，遠雄房地產,/buildings/bh5/,2,2,2,1,82
leju / bh5,lejupage,遠雄琉蘊 -台中市西屯區七期預售屋/新建案-預約賞屋，遠雄房地產,/buildings/bh5/,2,2,2,1,1.5
google / cpc,othercities_brand,遠雄琉蘊 -台中市西屯區七期預售屋/新建案-預約賞屋，遠雄房地產,/buildings/bh5/,2,2,2,1,124.5
google / cpc,pmax-1-taichung,遠雄琉蘊 -台中市西屯區七期預售屋/新建案-預約賞屋，遠雄房地產,/buildings/bh5/,2,2,3,1.5,2
google / cpc,遠雄幸福成_H713_關鍵字_0516_外縣市,遠雄琉蘊 -台中市西屯區七期預售屋/新建案-預約賞屋，遠雄房地產,/buildings/bh5/,2,2,2,1,102
(not set),(not set),遠雄藝舍-台中西屯區麥當勞旁金店面-預約賞屋，遠雄房地產,/buildings/bh6/,2,2,1,0.5,2.5
bing / organic,(organic),遠雄藝舍-台中西屯區麥當勞旁金店面-預約賞屋，遠雄房地產,/buildings/bh6/,2,2,2,1,28
tw.search.yahoo.com / referral,(referral),遠雄藝舍-台中西屯區麥當勞旁金店面-預約賞屋，遠雄房地產,/buildings/bh6/,2,2,2,1,186.5
gdn / bh6,20240129gdn,遠雄藝舍-台中西屯區麥當勞旁金店面-預約賞屋，遠雄房地產,/buildings/bh6/,2,2,2,1,0
line-lap / bh6,20240129linelap,遠雄藝舍-台中西屯區麥當勞旁金店面-預約賞屋，遠雄房地產,/buildings/bh6/,2,2,2,1,0
gdn / bh6,gdnsiteplan,遠雄藝舍-台中西屯區麥當勞旁金店面-預約賞屋，遠雄房地產,/buildings/bh6/,2,2,2,1,0
google / cpc,遠雄幸福成_H713_關鍵字_0516_外縣市,遠雄藝舍-台中西屯區麥當勞旁金店面-預約賞屋，遠雄房地產,/buildings/bh6/,2,2,3,1.5,16
google / organic,(organic),(1) 封未讀訊息 | 【遠雄樂元】北屯機捷X好市多，雙首排大道最核心，夠近才最好,/buildings/bh7/,2,2,0,0,0
google / cpc,pmax-1-taichung,(1) 封未讀訊息 | 【遠雄樂元】北屯機捷X好市多，雙首排大道最核心，夠近才最好,/buildings/bh7/,2,2,0,0,12
(direct) / (none),(direct),"Farglory Leyuan: Beitun Airport MRT Station and Costco, close to the heart of Shuangshou Avenue.",/buildings/bh7/,2,2,0,0,1.5
(not set),20250905五輪播,"Farglory Leyuan: Beitun Airport MRT Station and Costco, close to the heart of Shuangshou Avenue.",/buildings/bh7/,2,2,0,0,79.5
google_kw / bh7,brand,"Farglory Leyuan: Beitun Airport MRT Station and Costco, close to the heart of Shuangshou Avenue.",/buildings/bh7/,2,2,0,0,30.5
google / cpc,pmax-1-taichung,"Farglory Leyuan: Ga tàu điện ngầm Sân bay Beitun và Costco, gần trung tâm Đại lộ Shuangshou.",/buildings/bh7/,2,2,0,0,8
google / cpc,pmax-1-taichung,"Farglory Leyuan: Ga tàu điện ngầm sân bay Beitun và Costco, gần trung tâm đại lộ Shuangshou.",/buildings/bh7/,2,2,0,0,19.5
(not set),20250905五輪播,"Farglory Leyuan: Stasiun MRT Bandara Beitun dan Costco, dekat dengan jantung Shuangshou Avenue.",/buildings/bh7/,2,2,0,0,0
google_kw / dh2,(organic),【遠雄樂元】北屯機捷X好市多，雙首排大道最核心，夠近才最好,/buildings/bh7/,2,2,2,1,15.5
yahoo / organic,(organic),【遠雄樂元】北屯機捷X好市多，雙首排大道最核心，夠近才最好,/buildings/bh7/,2,2,2,1,242.5
facebook.com / referral,(referral),【遠雄樂元】北屯機捷X好市多，雙首排大道最核心，夠近才最好,/buildings/bh7/,2,2,2,1,3.5
google / cpc,(referral),【遠雄樂元】北屯機捷X好市多，雙首排大道最核心，夠近才最好,/buildings/bh7/,2,2,2,1,3.5
google / cpc,20250918,【遠雄樂元】北屯機捷X好市多，雙首排大道最核心，夠近才最好,/buildings/bh7/,2,2,2,1,0
google / cpc,Otherarea0829,【遠雄樂元】北屯機捷X好市多，雙首排大道最核心，夠近才最好,/buildings/bh7/,2,2,2,1,9.5
google_kw / bh7,beitun,【遠雄樂元】北屯機捷X好市多，雙首排大道最核心，夠近才最好,/buildings/bh7/,2,2,2,1,13
google / cpc,corearea0829,【遠雄樂元】北屯機捷X好市多，雙首排大道最核心，夠近才最好,/buildings/bh7/,2,2,2,1,36
google / cpc,gdn20257-1,【遠雄樂元】北屯機捷X好市多，雙首排大道最核心，夠近才最好,/buildings/bh7/,2,2,3,1.5,7.5
google / cpc,information2,【遠雄樂元】北屯機捷X好市多，雙首排大道最核心，夠近才最好,/buildings/bh7/,2,2,2,1,111.5
fgr-line / bh11,listbutton,【遠雄樂元】北屯機捷X好市多，雙首排大道最核心，夠近才最好,/buildings/bh7/,2,2,2,1,80
google / cpc,othercities_brand/,【遠雄樂元】北屯機捷X好市多，雙首排大道最核心，夠近才最好,/buildings/bh7/,2,2,2,1,19
google_kw / bh7,othercities_taichung,【遠雄樂元】北屯機捷X好市多，雙首排大道最核心，夠近才最好,/buildings/bh7/,2,2,2,1,14.5
google_kw / bh7,taichung,【遠雄樂元】北屯機捷X好市多，雙首排大道最核心，夠近才最好,/buildings/bh7/,2,2,2,1,8
google / cpc,(not set),台中西屯建案【遠雄洄山行】．2-4房方正格局,/buildings/bh8/,2,2,2,1,35.5
chatgpt.com / referral,(referral),台中西屯建案【遠雄洄山行】．2-4房方正格局,/buildings/bh8/,2,2,2,1,47.5
fb / bh9,1,台中西屯建案【遠雄洄山行】．2-4房方正格局,/buildings/bh8/,2,2,2,1,65
dm-point / bh8,20240901,台中西屯建案【遠雄洄山行】．2-4房方正格局,/buildings/bh8/,2,2,2,1,199.5
google / cpc,20250905五輪播,台中西屯建案【遠雄洄山行】．2-4房方正格局,/buildings/bh8/,2,2,2,1,17.5
pmp / (not set),6,台中西屯建案【遠雄洄山行】．2-4房方正格局,/buildings/bh8/,2,2,2,1,41
fb / bh8,fb17-1,台中西屯建案【遠雄洄山行】．2-4房方正格局,/buildings/bh8/,2,2,2,1,0
fb / bh5,leads,台中西屯建案【遠雄洄山行】．2-4房方正格局,/buildings/bh8/,2,2,2,1,8.5
line / bh8,line,台中西屯建案【遠雄洄山行】．2-4房方正格局,/buildings/bh8/,2,2,2,1,40.5
google_kw / bh9,(not set),水湳建案【遠雄綠美】鄰近綠美圖．中央公園預售屋,/buildings/bh9/,2,2,2,1,3
line / bh9,(not set),水湳建案【遠雄綠美】鄰近綠美圖．中央公園預售屋,/buildings/bh9/,2,2,3,1.5,42.5
(not set),20250725一輪播,水湳建案【遠雄綠美】鄰近綠美圖．中央公園預售屋,/buildings/bh9/,2,2,2,1,15
(not set),20250905一輪播,水湳建案【遠雄綠美】鄰近綠美圖．中央公園預售屋,/buildings/bh9/,2,2,2,1,78
(not set),20250909一輪播,水湳建案【遠雄綠美】鄰近綠美圖．中央公園預售屋,/buildings/bh9/,2,2,2,1,0
google / cpc,20250909一輪播,水湳建案【遠雄綠美】鄰近綠美圖．中央公園預售屋,/buildings/bh9/,2,2,3,1.5,22.5
fb / bh9,21-1,水湳建案【遠雄綠美】鄰近綠美圖．中央公園預售屋,/buildings/bh9/,2,2,2,1,69
fb / bh11,9-5,水湳建案【遠雄綠美】鄰近綠美圖．中央公園預售屋,/buildings/bh9/,2,2,2,1,18.5
google / cpc,beitun,水湳建案【遠雄綠美】鄰近綠美圖．中央公園預售屋,/buildings/bh9/,2,2,2,1,66.5
socialmedia / bh8,dcard_202508,水湳建案【遠雄綠美】鄰近綠美圖．中央公園預售屋,/buildings/bh9/,2,2,3,1.5,65.5
socialmedia / cgh01,20241227,找不到頁面 - 遠雄房地產,/buildings/cgh01/,2,2,2,1,0.5
fb / cgh01,leads,找不到頁面 - 遠雄房地產,/buildings/cgh01/,2,2,2,1,1
(not set),20250808一輪播,村泉蒔美｜門戶端點 從容跨界｜台北生活最美起點,/buildings/cqh1/,2,2,4,2,40
google / cpc,area,村泉蒔美｜門戶端點 從容跨界｜台北生活最美起點,/buildings/cqh1/,2,2,2,1,4
fb / cqh1,fb-18,村泉蒔美｜門戶端點 從容跨界｜台北生活最美起點,/buildings/cqh1/,2,2,2,1,3.5
fb / cqh1,fb-2,村泉蒔美｜門戶端點 從容跨界｜台北生活最美起點,/buildings/cqh1/,2,2,2,1,1.5
google / cpc,othercities_brand,村泉蒔美｜門戶端點 從容跨界｜台北生活最美起點,/buildings/cqh1/,2,2,2,1,28
google / cpc,北大店-品牌字,村泉蒔美｜門戶端點 從容跨界｜台北生活最美起點,/buildings/cqh1/,2,2,2,1,29.5
google / cpc,遠雄幸福成_H713_關鍵字_0516_外縣市,村泉蒔美｜門戶端點 從容跨界｜台北生活最美起點,/buildings/cqh1/,2,2,2,1,116
m.facebook.com / referral,(referral),大河商爵-台北市士林區廠辦/預售新建案-預約賞屋，遠創力行銷,/buildings/dgm1/,2,2,2,1,203.5
m000476.layout.minmax.website / referral,(referral),大河商爵-台北市士林區廠辦/預售新建案-預約賞屋，遠創力行銷,/buildings/dgm1/,2,2,2,1,15
google_kw / bgm1,Shilin,大河商爵-台北市士林區廠辦/預售新建案-預約賞屋，遠創力行銷,/buildings/dgm1/,2,2,2,1,4
google_kw / bgm1,competitor,大河商爵-台北市士林區廠辦/預售新建案-預約賞屋，遠創力行銷,/buildings/dgm1/,2,2,2,1,4
google_kw / bgm1,core,大河商爵-台北市士林區廠辦/預售新建案-預約賞屋，遠創力行銷,/buildings/dgm1/,2,2,2,1,4
fb / bh7,fbpage,大河商爵-台北市士林區廠辦/預售新建案-預約賞屋，遠創力行銷,/buildings/dgm1/,2,2,2,1,0
google_kw / bgm1,taipei,大河商爵-台北市士林區廠辦/預售新建案-預約賞屋，遠創力行銷,/buildings/dgm1/,2,2,2,1,13
gdn回應式-2 / cpc,(not set),找不到頁面 - 遠雄房地產,/buildings/dh1,2,2,2,1,0
GDN-10-回應式 / organic,(organic),找不到頁面 - 遠雄房地產,/buildings/dh1/,2,2,2,1,0
l.instagram.com / referral,(referral),台南永康新建案【遠雄山禾】-鹽行特區．3-4房,/buildings/dh2/,2,2,2,1,14.5
line-lap / ar1,20250718,台南永康新建案【遠雄山禾】-鹽行特區．3-4房,/buildings/dh2/,2,2,2,1,6.5
gdn / dh2,4,台南永康新建案【遠雄山禾】-鹽行特區．3-4房,/buildings/dh2/,2,2,3,1.5,0
line-lap / dh2,5,台南永康新建案【遠雄山禾】-鹽行特區．3-4房,/buildings/dh2/,2,2,2,1,0
line-lap / dh2,9,台南永康新建案【遠雄山禾】-鹽行特區．3-4房,/buildings/dh2/,2,2,2,1,2.5
google / cpc,O1_品牌字_2025.0801,台南永康新建案【遠雄山禾】-鹽行特區．3-4房,/buildings/dh2/,2,2,2,1,10.5
fb / dh2,fb-10,台南永康新建案【遠雄山禾】-鹽行特區．3-4房,/buildings/dh2/,2,2,2,1,1.5
fb / dh2,fb-18,台南永康新建案【遠雄山禾】-鹽行特區．3-4房,/buildings/dh2/,2,2,2,1,0
fb / dh2,fb-35,台南永康新建案【遠雄山禾】-鹽行特區．3-4房,/buildings/dh2/,2,2,3,1.5,59.5
fb / dh2,fb-7,台南永康新建案【遠雄山禾】-鹽行特區．3-4房,/buildings/dh2/,2,2,2,1,3.5
fb / dh2,fb-8,台南永康新建案【遠雄山禾】-鹽行特區．3-4房,/buildings/dh2/,2,2,2,1,33.5
fb / dh2,fb-9,台南永康新建案【遠雄山禾】-鹽行特區．3-4房,/buildings/dh2/,2,2,2,1,0
gdn / dh3,3,找不到頁面 - 遠雄房地產,/buildings/dh3/,2,2,3,1.5,0.5
line-lap / dh3,4,找不到頁面 - 遠雄房地產,/buildings/dh3/,2,2,2,1,0
line-lap / dh3,6,找不到頁面 - 遠雄房地產,/buildings/dh3/,2,2,2,1,3
socialmedia / fgr,fbdh3info,找不到頁面 - 遠雄房地產,/buildings/dh3/,2,2,2,1,2
webnews / dh3,webnews-1110706,找不到頁面 - 遠雄房地產,/buildings/dh3/,2,2,2,1,0
(not set),(not set),安南重劃首選【遠雄藏萃】全新落成，珍稀戶別釋出！,/buildings/dh5/,2,2,2,1,6.5
google / cpc,(organic),安南重劃首選【遠雄藏萃】全新落成，珍稀戶別釋出！,/buildings/dh5/,2,2,2,1,12
statics.teams.cdn.office.net / referral,(referral),安南重劃首選【遠雄藏萃】全新落成，珍稀戶別釋出！,/buildings/dh5/,2,2,2,1,62
tw.search.yahoo.com / referral,(referral),安南重劃首選【遠雄藏萃】全新落成，珍稀戶別釋出！,/buildings/dh5/,2,2,2,1,32
google_kw / dh5,20221103,安南重劃首選【遠雄藏萃】全新落成，珍稀戶別釋出！,/buildings/dh5/,2,2,2,1,0
gdn / dh5,20230801,安南重劃首選【遠雄藏萃】全新落成，珍稀戶別釋出！,/buildings/dh5/,2,2,2,1,0
google / organic,(organic),安南重劃首選【遠雄藏萃】成屋在即，珍稀戶別最後釋出！,/buildings/dh5/,2,2,1,0.5,12.5
google / cpc,brand,安南重劃首選【遠雄藏萃】成屋在即，珍稀戶別最後釋出！,/buildings/dh5/,2,2,2,1,7.5
googlemap / dh5,googlemap,找不到頁面 - 遠雄房地產,/buildings/dh5/,2,2,2,1,0
google / cpc,(not set),高雄建案推薦【遠雄峰蘊】- 近科工館．高雄預售屋,/buildings/eh1/,2,2,2,1,24
bing / organic,(organic),高雄建案推薦【遠雄峰蘊】- 近科工館．高雄預售屋,/buildings/eh1/,2,2,3,1.5,27.5
l.facebook.com / referral,(referral),高雄建案推薦【遠雄峰蘊】- 近科工館．高雄預售屋,/buildings/eh1/,2,2,2,1,35
fb / O1,120227538157820464,高雄建案推薦【遠雄峰蘊】- 近科工館．高雄預售屋,/buildings/eh1/,2,2,2,1,30
gdn / eh1,20230901a,高雄建案推薦【遠雄峰蘊】- 近科工館．高雄預售屋,/buildings/eh1/,2,2,2,1,0
webnews / eh1,20230915,高雄建案推薦【遠雄峰蘊】- 近科工館．高雄預售屋,/buildings/eh1/,2,2,2,1,0
gdn / eh1,20240205a,高雄建案推薦【遠雄峰蘊】- 近科工館．高雄預售屋,/buildings/eh1/,2,2,2,1,0
google / cpc,20250905一輪播,高雄建案推薦【遠雄峰蘊】- 近科工館．高雄預售屋,/buildings/eh1/,2,2,2,1,11.5
google / cpc,20250919一輪播,高雄建案推薦【遠雄峰蘊】- 近科工館．高雄預售屋,/buildings/eh1/,2,2,4,2,59.5
gdn / eh1,6趴輕鬆付,高雄建案推薦【遠雄峰蘊】- 近科工館．高雄預售屋,/buildings/eh1/,2,2,2,1,0
fb / eh1,8-1,高雄建案推薦【遠雄峰蘊】- 近科工館．高雄預售屋,/buildings/eh1/,2,2,2,1,3.5
google / cpc,O1_品牌字_2025.0801,高雄建案推薦【遠雄峰蘊】- 近科工館．高雄預售屋,/buildings/eh1/,2,2,2,1,1
google / cpc,O1_地區字_2025.0801,高雄建案推薦【遠雄峰蘊】- 近科工館．高雄預售屋,/buildings/eh1/,2,2,2,1,56
fb / eh5,park,高雄建案推薦【遠雄峰蘊】- 近科工館．高雄預售屋,/buildings/eh1/,2,2,3,1.5,83
google / cpc,pmax-1-anothercity,高雄建案推薦【遠雄峰蘊】- 近科工館．高雄預售屋,/buildings/eh1/,2,2,2,1,20
gdn / eh1,yt_hhh,高雄建案推薦【遠雄峰蘊】- 近科工館．高雄預售屋,/buildings/eh1/,2,2,2,1,0
google / cpc,(organic),(1) 封未讀訊息 | 遠雄一靚｜楠梓新案．高大特區首發｜早鳥預約中,/buildings/eh2/,2,2,0,0,20.5
google / cpc,20250901,Desain Baru Farglory di Nanzi. Peluncuran Perdana di Zona Khusus Gaoda | Reservasi Early Bird Tersedia,/buildings/eh2/,2,2,1,0.5,7
google / cpc,20250901,Desain Baru Farglory di Nanzi. Peluncuran Perdana di Zona Khusus Gaoda. Reservasi Early Bird Tersedia.,/buildings/eh2/,2,2,0,0,0.5
google / cpc,20250901,远雄一靓｜楠梓新案．高大特区首发｜早鸟预约中,/buildings/eh2/,2,2,0,0,33.5
excel.officeapps.live.com / referral,(referral),遠雄一靚｜楠梓新案．高大特區首發｜早鳥預約中,/buildings/eh2/,2,2,2,1,55.5
(not set),20250725二輪播,遠雄一靚｜楠梓新案．高大特區首發｜早鳥預約中,/buildings/eh2/,2,2,3,1.5,40
google / cpc,20250829,遠雄一靚｜楠梓新案．高大特區首發｜早鳥預約中,/buildings/eh2/,2,2,2,1,0
fb / bh11,8-2,遠雄一靚｜楠梓新案．高大特區首發｜早鳥預約中,/buildings/eh2/,2,2,2,1,15.5
google / cpc,gdn-1-taichung,遠雄一靚｜楠梓新案．高大特區首發｜早鳥預約中,/buildings/eh2/,2,2,2,1,2
google / cpc,othercities_brand,遠雄一靚｜楠梓新案．高大特區首發｜早鳥預約中,/buildings/eh2/,2,2,2,1,51.5
google / cpc,pmax-1-taichung,遠雄一靚｜楠梓新案．高大特區首發｜早鳥預約中,/buildings/eh2/,2,2,2,1,4
google / cpc,20250808一輪播,遠雄高雄新案｜楠梓新案．高大特區首發｜早鳥預約中,/buildings/eh2/,2,2,3,1.5,7.5
fb / eh2,9-1,遠雄高雄新案｜楠梓新案．高大特區首發｜早鳥預約中,/buildings/eh2/,2,2,2,1,4
socialmedia / fgr,fbeh2info,遠雄高雄新案｜楠梓新案．高大特區首發｜早鳥預約中,/buildings/eh2/,2,2,2,1,30
google / cpc,information2,遠雄高雄新案｜楠梓新案．高大特區首發｜早鳥預約中,/buildings/eh2/,2,2,2,1,22.5
google / cpc,(not set),遠雄一靚｜楠梓新案．高大特區首發｜早鳥預約中,/buildings/eh2//,2,2,2,1,0
gdn / eh3,20220411,找不到頁面 - 遠雄房地產,/buildings/eh3/,2,2,2,1,9
gdn / eh3,20221029,找不到頁面 - 遠雄房地產,/buildings/eh3/,2,2,2,1,14
l.facebook.com / referral,(referral),遠雄沐蘊-高雄市三民區預售屋/新建案-預約賞屋,/buildings/eh5/,2,2,3,1.5,85
web-ettoday / eh5,20250822,遠雄沐蘊-高雄市三民區預售屋/新建案-預約賞屋,/buildings/eh5/,2,2,2,1,1.5
fb / eh5,27-3,遠雄沐蘊-高雄市三民區預售屋/新建案-預約賞屋,/buildings/eh5/,2,2,2,1,5.5
google / cpc,O1_品牌字_2025.0801,遠雄沐蘊-高雄市三民區預售屋/新建案-預約賞屋,/buildings/eh5/,2,2,3,1.5,6
fb / bh8,fb16-1,遠雄沐蘊-高雄市三民區預售屋/新建案-預約賞屋,/buildings/eh5/,2,2,2,1,5
googlemap / eh5,googlemap,遠雄沐蘊-高雄市三民區預售屋/新建案-預約賞屋,/buildings/eh5/,2,2,2,1,18
google_kw / eh5,type,遠雄沐蘊-高雄市三民區預售屋/新建案-預約賞屋,/buildings/eh5/,2,2,2,1,0
gdn / fm1,202402-1,找不到頁面 - 遠雄房地產,/buildings/fm1/,2,2,2,1,14
gdn / fm1,202402-4,找不到頁面 - 遠雄房地產,/buildings/fm1/,2,2,2,1,14
google / cpc,220711,找不到頁面 - 遠雄房地產,/buildings/fm1/,2,2,3,1.5,16.5
gdn / fm1,220819,找不到頁面 - 遠雄房地產,/buildings/fm1/,2,2,2,1,14
google / cpc,20250718,Farglory Xinyi Center - เขต Banqiao เมือง New Taipei City สำนักงานโรงงาน สำนักงานพาณิชย์/โครงการก่อสร้างใหม่ก่อนการขาย - นัดหมายเพื่อเข้าชมบ้าน,/buildings/fm3/,2,2,0,0,3.5
gdn&utm_medium=fm3&utm_campaign=20250718&gad_campaignid=22793850921&wbraid=ClYKCQjw89jGBhDmARJFABLMvF5jgsG3Jxtn0pIkcHAw3lFiVzkFHqERhdzEkeBNh--aUx5snQRmYvcJTQd9C6N906VXc39MwcjfVcnBTSNsmSsYGgLlSw / organic,(organic),遠雄信義CENTER-新北市板橋區廠辦.商辦/預售新建案-預約賞屋,/buildings/fm3/,2,2,5,2.5,13.5
webnews / ar1,20250627,遠雄信義CENTER-新北市板橋區廠辦.商辦/預售新建案-預約賞屋,/buildings/fm3/,2,2,2,1,34.5
google / cpc,20250829,遠雄信義CENTER-新北市板橋區廠辦.商辦/預售新建案-預約賞屋,/buildings/fm3/,2,2,4,2,15.5
(direct) / (none),20250905五輪播,遠雄信義CENTER-新北市板橋區廠辦.商辦/預售新建案-預約賞屋,/buildings/fm3/,2,2,2,1,14
fb_kol / fb_kol,h102,找不到頁面 - 遠雄房地產,/buildings/h102,2,2,3,1.5,0.5
google / cpc,(referral),"Farglory Star - Rumah Pra-penjualan/Konstruksi Baru Distrik Qingshui Kota Taichung - Buat Janji untuk Melihat Rumah, Farglory Real Estate",/buildings/h707/,2,2,1,0.5,5.5
(not set),20250725一輪播,遠雄星呈-台中市清水區預售屋/新建案-預約賞屋，遠雄房地產,/buildings/h707/,2,2,4,2,141.5
fb / bh11,8-2,遠雄星呈-台中市清水區預售屋/新建案-預約賞屋，遠雄房地產,/buildings/h707/,2,2,2,1,83.5
google / cpc,O1_特色字_2025.0801,遠雄星呈-台中市清水區預售屋/新建案-預約賞屋，遠雄房地產,/buildings/h707/,2,2,11,5.5,193
sms / aep-cdp,aep-306,遠雄星呈-台中市清水區預售屋/新建案-預約賞屋，遠雄房地產,/buildings/h707/,2,2,2,1,43.5
google / cpc,corearea0829,遠雄星呈-台中市清水區預售屋/新建案-預約賞屋，遠雄房地產,/buildings/h707/,2,2,2,1,3.5
google / cpc,gdn20257-5,遠雄星呈-台中市清水區預售屋/新建案-預約賞屋，遠雄房地產,/buildings/h707/,2,2,2,1,38.5
google-map / (not set),h707,遠雄星呈-台中市清水區預售屋/新建案-預約賞屋，遠雄房地產,/buildings/h707/,2,2,4,2,31
google / cpc,othercities_brand,遠雄星呈-台中市清水區預售屋/新建案-預約賞屋，遠雄房地產,/buildings/h707/,2,2,3,1.5,32.5
google / cpc,pmax-1-anothercity,遠雄星呈-台中市清水區預售屋/新建案-預約賞屋，遠雄房地產,/buildings/h707/,2,2,3,1.5,62.5
chatgpt.com / (not set),(not set),遠雄幸福成｜即將落成 - 台中市清水區預售/新建案-預約賞屋，遠雄房地產,/buildings/h713/,2,2,2,1,0
floorplan / (not set),(not set),遠雄幸福成｜即將落成 - 台中市清水區預售/新建案-預約賞屋，遠雄房地產,/buildings/h713/,2,2,2,1,131.5
ig / paid,120224847618040347,遠雄幸福成｜即將落成 - 台中市清水區預售/新建案-預約賞屋，遠雄房地產,/buildings/h713/,2,2,2,1,3.5
google_kw / BH8,20240816_品牌字,遠雄幸福成｜即將落成 - 台中市清水區預售/新建案-預約賞屋，遠雄房地產,/buildings/h713/,2,2,2,1,18.5
(not set),20250613一輪播,遠雄幸福成｜即將落成 - 台中市清水區預售/新建案-預約賞屋，遠雄房地產,/buildings/h713/,2,2,2,1,2
google / cpc,210907,遠雄幸福成｜即將落成 - 台中市清水區預售/新建案-預約賞屋，遠雄房地產,/buildings/h713/,2,2,2,1,0
fb / h713,96,遠雄幸福成｜即將落成 - 台中市清水區預售/新建案-預約賞屋，遠雄房地產,/buildings/h713/,2,2,2,1,0
google-map / (not set),h707,遠雄幸福成｜即將落成 - 台中市清水區預售/新建案-預約賞屋，遠雄房地產,/buildings/h713/,2,2,3,1.5,30.5
google / cpc,pmax-1-taichung,遠雄幸福成｜即將落成 - 台中市清水區預售/新建案-預約賞屋，遠雄房地產,/buildings/h713/,2,2,2,1,9.5
web-chinatimes / h88,20250205,找不到頁面 - 遠雄房地產,/buildings/h88/,2,2,2,1,1
google_kw / h88,建案相關,找不到頁面 - 遠雄房地產,/buildings/h88/,2,2,2,1,0
google / cpc,20240603,找不到頁面 - 遠雄房地產,/buildings/h902/,2,2,2,1,0
google / cpc,20220401,找不到頁面 - 遠雄房地產,/buildings/hh2/,2,2,2,1,0
gdn / hh2,20240410,找不到頁面 - 遠雄房地產,/buildings/hh2/,2,2,2,1,14
google_kw / hh3,(organic),找不到頁面 - 遠雄房地產,/buildings/hh3/,2,2,2,1,0
gdn / hh3,gdn-7,找不到頁面 - 遠雄房地產,/buildings/hh3/,2,2,2,1,14
google_kw / hh3,googlemap,找不到頁面 - 遠雄房地產,/buildings/hh3/,2,2,2,1,5
google_kw / hlh1,qingpu,找不到頁面 - 遠雄房地產,/buildings/hlh1/,2,2,2,1,0
bing / organic,(organic),遠雄龜山廠辦新案 | 預約賞屋，遠雄房地產,/buildings/hm2/,2,2,2,1,190
(not set),20250905一輪播,遠雄龜山廠辦新案 | 預約賞屋，遠雄房地產,/buildings/hm2/,2,2,2,1,0.5
gdn / m62,20220718-1,找不到頁面 - 遠雄房地產,/buildings/m62,2,2,2,1,9
gdn / m62,20220718-2,找不到頁面 - 遠雄房地產,/buildings/m62,2,2,2,1,14
google_kw / m62,20220427,找不到頁面 - 遠雄房地產,/buildings/m62/,2,2,2,1,13.5
googlemap / m62,googlemap,找不到頁面 - 遠雄房地產,/buildings/m62/,2,2,2,1,9
google / organic,(organic),找不到頁面 - 遠雄房地產,/buildings/msm1/,2,2,2,1,14
LineLAP / CPC,0401_blue,找不到頁面 - 遠雄房地產,/buildings/msm1/,2,2,2,1,1
line-lap / msm1,6-1,找不到頁面 - 遠雄房地產,/buildings/msm1/,2,2,2,1,0
google_kw / msm1,Louisa,找不到頁面 - 遠雄房地產,/buildings/msm1/,2,2,2,1,9
gdn / msm1,gdnpmax_real-estate,找不到頁面 - 遠雄房地產,/buildings/msm1/,2,2,2,1,14
yahoo / organic,(organic),遠雄THE ONE-高雄市前鎮區新成屋/新建案-預約賞屋,/buildings/o1/,2,2,2,1,6.5
zh.wikipedia.org / referral,(referral),遠雄THE ONE-高雄市前鎮區新成屋/新建案-預約賞屋,/buildings/o1/,2,2,3,1.5,30.5
google / cpc,20250317,遠雄THE ONE-高雄市前鎮區新成屋/新建案-預約賞屋,/buildings/o1/,2,2,4,2,7
web-businessweekly / o1,20250326,遠雄THE ONE-高雄市前鎮區新成屋/新建案-預約賞屋,/buildings/o1/,2,2,4,2,11
fb / o1,20250422_20-2,遠雄THE ONE-高雄市前鎮區新成屋/新建案-預約賞屋,/buildings/o1/,2,2,2,1,0
web-sms / cdp,cdpcid,遠雄THE ONE-高雄市前鎮區新成屋/新建案-預約賞屋,/buildings/o1/,2,2,2,1,0.5
google_kw / o1,competitor,遠雄THE ONE-高雄市前鎮區新成屋/新建案-預約賞屋,/buildings/o1/,2,2,2,1,0
google / cpc,type,遠雄THE ONE-高雄市前鎮區新成屋/新建案-預約賞屋,/buildings/o1/,2,2,2,1,33
google / cpc,(not set),遠雄THE ONE-高雄市前鎮區新成屋/新建案-預約賞屋,/buildings/o1//,2,2,2,1,0
web-chinatimes / qyh1,chinatimes1117,找不到頁面 - 遠雄房地產,/buildings/qyh1,2,2,2,1,0.5
google_kw / qyh1,brand,找不到頁面 - 遠雄房地產,/buildings/qyh1/,2,2,2,1,9
google_kw / qyh1,newtaipei,找不到頁面 - 遠雄房地產,/buildings/qyh1/,2,2,2,1,9
udn / qyh1,udn0602,找不到頁面 - 遠雄房地產,/buildings/qyh1/,2,2,3,1.5,3
google_kw / qyh2,buyhouse,找不到頁面 - 遠雄房地產,/buildings/qyh2/,2,2,2,1,9
gdn / qyh2,gdn8-2,找不到頁面 - 遠雄房地產,/buildings/qyh2/,2,2,2,1,21
google / organic,(organic),CASA GAUDI 晴空樹,/casa_gaudi/,2,2,3,1.5,16
google / cpc,(organic),"Hot-selling projects: pre-sale homes, new construction projects, newly completed homes - Farglory Real Estate",/case/,2,2,0,0,6.5
statics.teams.cdn.office.net / referral,(referral),熱銷建案：預售屋、新建案、新成屋 -遠雄房地產,/case/,2,2,4,2,6
fb / h713,102,熱銷建案：預售屋、新建案、新成屋 -遠雄房地產,/case/,2,2,3,1.5,6
line-lap / ar1,20250718,熱銷建案：預售屋、新建案、新成屋 -遠雄房地產,/case/,2,2,5,2.5,23.5
google / cpc,20250905五輪播,熱銷建案：預售屋、新建案、新成屋 -遠雄房地產,/case/,2,2,2,1,7
fb / bh11,8-2,熱銷建案：預售屋、新建案、新成屋 -遠雄房地產,/case/,2,2,2,1,12
google / cpc,O1_地區字_2025.0801,熱銷建案：預售屋、新建案、新成屋 -遠雄房地產,/case/,2,2,3,1.5,6
fb / bh8,fb16-2,熱銷建案：預售屋、新建案、新成屋 -遠雄房地產,/case/,2,2,2,1,11
line-fgr / bh7,linefgrbh7,熱銷建案：預售屋、新建案、新成屋 -遠雄房地產,/case/,2,2,4,2,6.5
web-udn / bh10,webudn0919,熱銷建案：預售屋、新建案、新成屋 -遠雄房地產,/case/,2,2,2,1,6.5
google / cpc,(organic),"Hottest Projects at a Glance: Farglory Pre-sale Homes, New Construction, and Completed Homes Across Taiwan",/case/search/,2,2,0,0,44
google / cpc,(not set),熱銷建案一覽：遠雄全台預售屋、新建案、新成屋資訊,/case/search/,2,2,2,1,28
104.com.tw / referral,(referral),熱銷建案一覽：遠雄全台預售屋、新建案、新成屋資訊,/case/search/,2,2,5,2.5,54
console-v2.omnichat.ai / referral,(referral),熱銷建案一覽：遠雄全台預售屋、新建案、新成屋資訊,/case/search/,2,2,2,1,1.5
farglory-land.com.tw / referral,(referral),熱銷建案一覽：遠雄全台預售屋、新建案、新成屋資訊,/case/search/,2,2,2,1,4.5
fb / bh7,1,熱銷建案一覽：遠雄全台預售屋、新建案、新成屋資訊,/case/search/,2,2,7,3.5,58.5
google / cpc,20250829,熱銷建案一覽：遠雄全台預售屋、新建案、新成屋資訊,/case/search/,2,2,2,1,8
line / bh11,20250829,熱銷建案一覽：遠雄全台預售屋、新建案、新成屋資訊,/case/search/,2,2,2,1,2.5
google / cpc,20250905五輪播,熱銷建案一覽：遠雄全台預售屋、新建案、新成屋資訊,/case/search/,2,2,3,1.5,5
ttd / bh11,20250918,熱銷建案一覽：遠雄全台預售屋、新建案、新成屋資訊,/case/search/,2,2,2,1,19
fb / bh5,45,熱銷建案一覽：遠雄全台預售屋、新建案、新成屋資訊,/case/search/,2,2,3,1.5,24.5
fb / eh1,7-1,熱銷建案一覽：遠雄全台預售屋、新建案、新成屋資訊,/case/search/,2,2,3,1.5,31
fb / bh11,8-3,熱銷建案一覽：遠雄全台預售屋、新建案、新成屋資訊,/case/search/,2,2,2,1,0
fb / eh2,8-6,熱銷建案一覽：遠雄全台預售屋、新建案、新成屋資訊,/case/search/,2,2,5,2.5,23
google / cpc,CQH1-地區字,熱銷建案一覽：遠雄全台預售屋、新建案、新成屋資訊,/case/search/,2,2,4,2,11
google / cpc,beitun,熱銷建案一覽：遠雄全台預售屋、新建案、新成屋資訊,/case/search/,2,2,3,1.5,16
google / cpc,competitor0829,熱銷建案一覽：遠雄全台預售屋、新建案、新成屋資訊,/case/search/,2,2,2,1,58.5
google / cpc,corearea0829,熱銷建案一覽：遠雄全台預售屋、新建案、新成屋資訊,/case/search/,2,2,3,1.5,16.5
fb / bh8,fb16-2,熱銷建案一覽：遠雄全台預售屋、新建案、新成屋資訊,/case/search/,2,2,4,2,56.5
fb / eh5,fb28-2,熱銷建案一覽：遠雄全台預售屋、新建案、新成屋資訊,/case/search/,2,2,2,1,5.5
fb / fm3,fb4-1,熱銷建案一覽：遠雄全台預售屋、新建案、新成屋資訊,/case/search/,2,2,6,3,18.5
fb / eh5,form,熱銷建案一覽：遠雄全台預售屋、新建案、新成屋資訊,/case/search/,2,2,6,3,50
google-map / (not set),h707,熱銷建案一覽：遠雄全台預售屋、新建案、新成屋資訊,/case/search/,2,2,3,1.5,8.5
fgr-line / eh2,listbutton,熱銷建案一覽：遠雄全台預售屋、新建案、新成屋資訊,/case/search/,2,2,4,2,22.5
google / cpc,project,熱銷建案一覽：遠雄全台預售屋、新建案、新成屋資訊,/case/search/,2,2,3,1.5,17.5
google / cpc,type,熱銷建案一覽：遠雄全台預售屋、新建案、新成屋資訊,/case/search/,2,2,2,1,4
web-udn / bh10,webudn0919,熱銷建案一覽：遠雄全台預售屋、新建案、新成屋資訊,/case/search/,2,2,6,3,60
EDM / referral,滿意度問券,熱銷建案一覽：遠雄全台預售屋、新建案、新成屋資訊,/case/search/,2,2,4,2,25.5
google / cpc,遠雄幸福成_H713_關鍵字_0516_中彰,熱銷建案一覽：遠雄全台預售屋、新建案、新成屋資訊,/case/search/,2,2,4,2,20
google / cpc,0829,熱銷建案一覽：遠雄全台預售屋、新建案、新成屋資訊,/case/search/building-category-tag/134/,2,2,2,1,10.5
google / cpc,Otherarea0829,熱銷建案一覽：遠雄全台預售屋、新建案、新成屋資訊,/case/search/building-category-tag/134/,2,2,2,1,6.5
google / cpc,brand,熱銷建案一覽：遠雄全台預售屋、新建案、新成屋資訊,/case/search/building-category-tag/134/,2,2,2,1,20.5
google / cpc,pmax-1-taichung,熱銷建案一覽：遠雄全台預售屋、新建案、新成屋資訊,/case/search/building-category-tag/134/,2,2,2,1,16
web-udn / bh10,webudn0919,熱銷建案一覽：遠雄全台預售屋、新建案、新成屋資訊,/case/search/building-category-tag/134/,2,2,4,2,21.5
google / cpc,遠雄幸福成_H713_關鍵字_0516_外縣市,熱銷建案一覽：遠雄全台預售屋、新建案、新成屋資訊,/case/search/building-category-tag/134/,2,2,2,1,8.5
google / organic,(organic),熱銷建案一覽：遠雄全台預售屋、新建案、新成屋資訊,/case/search/building-category-tag/134/page/3/,2,2,2,1,12.5
(not set),20250905五輪播,熱銷建案一覽：遠雄全台預售屋、新建案、新成屋資訊,/case/search/building-category-tag/135/,2,2,3,1.5,25.5
google_kw / dh2,(organic),熱銷建案一覽：遠雄全台預售屋、新建案、新成屋資訊,/case/search/page/2/,2,2,2,1,15
farglory.com.tw / referral,(referral),熱銷建案一覽：遠雄全台預售屋、新建案、新成屋資訊,/case/search/page/2/,2,2,3,1.5,37
(not set),20250905一輪播,熱銷建案一覽：遠雄全台預售屋、新建案、新成屋資訊,/case/search/page/2/,2,2,3,1.5,20
google / cpc,com,熱銷建案一覽：遠雄全台預售屋、新建案、新成屋資訊,/case/search/page/2/,2,2,2,1,3
googlemap / o1,googlemap,熱銷建案一覽：遠雄全台預售屋、新建案、新成屋資訊,/case/search/page/2/,2,2,2,1,4
google-map / organic,h707,熱銷建案一覽：遠雄全台預售屋、新建案、新成屋資訊,/case/search/page/2/,2,2,2,1,1.5
socialmedia / fgr,ig,熱銷建案一覽：遠雄全台預售屋、新建案、新成屋資訊,/case/search/page/2/,2,2,4,2,39
google / cpc,pmax-1-taichung,熱銷建案一覽：遠雄全台預售屋、新建案、新成屋資訊,/case/search/page/2/,2,2,3,1.5,11
pmp / (not set),6,熱銷建案一覽：遠雄全台預售屋、新建案、新成屋資訊,/case/search/page/3/,2,2,2,1,13.5
google / cpc,pmax-1-anothercity,熱銷建案一覽：遠雄全台預售屋、新建案、新成屋資訊,/case/search/page/3/,2,2,2,1,4.5
google / cpc,(organic),熱銷建案一覽：遠雄全台預售屋、新建案、新成屋資訊,/case/search/page/4/,2,2,3,1.5,8.5
pmp / (not set),6,熱銷建案一覽：遠雄全台預售屋、新建案、新成屋資訊,/case/search/page/4/,2,2,3,1.5,10.5
tw.search.yahoo.com / referral,(referral),熱銷建案一覽：遠雄全台預售屋、新建案、新成屋資訊,/case/search/page/5/,2,2,2,1,10.5
pmp / (not set),6,熱銷建案一覽：遠雄全台預售屋、新建案、新成屋資訊,/case/search/page/5/,2,2,2,1,7.5
bing / organic,(organic),熱銷建案一覽：遠雄全台預售屋、新建案、新成屋資訊,/case/search/sales_status/almost-sold-out/,2,2,2,1,16
(data not available),(cross-network),熱銷建案一覽：遠雄全台預售屋、新建案、新成屋資訊,/case/search/sales_status/coming-soon/,2,2,3,1.5,257
google / cpc,0829,熱銷建案一覽：遠雄全台預售屋、新建案、新成屋資訊,/case/search/sales_status/coming-soon/,2,2,3,1.5,21.5
google / cpc,20250616_北投士林豪宅/別墅,熱銷建案一覽：遠雄全台預售屋、新建案、新成屋資訊,/case/search/sales_status/coming-soon/,2,2,2,1,5
google / cpc,20250718,熱銷建案一覽：遠雄全台預售屋、新建案、新成屋資訊,/case/search/sales_status/coming-soon/,2,2,2,1,17
google / cpc,20250918,熱銷建案一覽：遠雄全台預售屋、新建案、新成屋資訊,/case/search/sales_status/coming-soon/,2,2,2,1,56.5
(not set),20250919一輪播,熱銷建案一覽：遠雄全台預售屋、新建案、新成屋資訊,/case/search/sales_status/coming-soon/,2,2,4,2,18.5
google / cpc,Otherarea0829,熱銷建案一覽：遠雄全台預售屋、新建案、新成屋資訊,/case/search/sales_status/coming-soon/,2,2,4,2,25.5
google / cpc,com,熱銷建案一覽：遠雄全台預售屋、新建案、新成屋資訊,/case/search/sales_status/coming-soon/,2,2,2,1,18
google / cpc,information2,熱銷建案一覽：遠雄全台預售屋、新建案、新成屋資訊,/case/search/sales_status/coming-soon/,2,2,3,1.5,18
fgr-line / bh11,listbutton,熱銷建案一覽：遠雄全台預售屋、新建案、新成屋資訊,/case/search/sales_status/coming-soon/,2,2,2,1,20.5
fgr-line / eh2,listbutton,熱銷建案一覽：遠雄全台預售屋、新建案、新成屋資訊,/case/search/sales_status/coming-soon/,2,2,3,1.5,24
fb / eh5,park,熱銷建案一覽：遠雄全台預售屋、新建案、新成屋資訊,/case/search/sales_status/coming-soon/,2,2,2,1,12
google / cpc,(organic),熱銷建案一覽：遠雄全台預售屋、新建案、新成屋資訊,/case/search/sales_status/coming-soon/page/2/,2,2,2,1,6.5
google / organic,(organic),熱銷建案一覽：遠雄全台預售屋、新建案、新成屋資訊,/case/search/sales_status/coming-soon/page/2/,2,2,2,1,12.5
(not set),20250919一輪播,熱銷建案一覽：遠雄全台預售屋、新建案、新成屋資訊,/case/search/sales_status/coming-soon/page/2/,2,2,2,1,6.5
(data not available),(cross-network),熱銷建案一覽：遠雄全台預售屋、新建案、新成屋資訊,/case/search/sales_status/hot-sale/,2,2,3,1.5,15.5
line-lap / dh2,14,熱銷建案一覽：遠雄全台預售屋、新建案、新成屋資訊,/case/search/sales_status/hot-sale/,2,2,3,1.5,15.5
google_kw / BH8,20240816_品牌字,熱銷建案一覽：遠雄全台預售屋、新建案、新成屋資訊,/case/search/sales_status/hot-sale/,2,2,3,1.5,19
(not set),20250919一輪播,熱銷建案一覽：遠雄全台預售屋、新建案、新成屋資訊,/case/search/sales_status/hot-sale/,2,2,3,1.5,6
fb / bh5,42,熱銷建案一覽：遠雄全台預售屋、新建案、新成屋資訊,/case/search/sales_status/hot-sale/,2,2,2,1,14
fb / eh1,7-1,熱銷建案一覽：遠雄全台預售屋、新建案、新成屋資訊,/case/search/sales_status/hot-sale/,2,2,4,2,21.5
sms / aep-cdp,aep-306,熱銷建案一覽：遠雄全台預售屋、新建案、新成屋資訊,/case/search/sales_status/hot-sale/,2,2,2,1,10
web-udn / bh10,webudn0919,熱銷建案一覽：遠雄全台預售屋、新建案、新成屋資訊,/case/search/sales_status/hot-sale/,2,2,4,2,31
google / organic,(organic),熱銷建案一覽：遠雄全台預售屋、新建案、新成屋資訊,/case/search/sales_status/hot-sale/page/2/,2,2,2,1,9.5
pmp / (not set),6,熱銷建案一覽：遠雄全台預售屋、新建案、新成屋資訊,/case/search/sales_status/hot-sale/page/2/,2,2,2,1,46
pmp / (not set),6,熱銷建案一覽：遠雄全台預售屋、新建案、新成屋資訊,/case/search/sales_status/hot-sale/page/3/,2,2,4,2,41.5
(data not available),(cross-network),買主口碑推薦：遠雄建案、預售屋 -遠雄房地產,/case/wom_recommendation/,2,2,2,1,25.5
google / cpc,(organic),買主口碑推薦：遠雄建案、預售屋 -遠雄房地產,/case/wom_recommendation/,2,2,2,1,22.5
google / cpc,(organic),聯絡與服務 - 遠雄房地產,/contact_service/,2,2,2,1,3
google / organic,(organic),職涯發展-遠雄房地產,/contact_service/career_development/,2,2,2,1,17.5
bing / organic,(organic),聯絡我們 - 遠雄房地產,/contact_service/contact_us/,2,2,3,1.5,36.5
google / cpc,project,聯絡我們 - 遠雄房地產,/contact_service/contact_us/,2,2,5,2.5,25.5
google / cpc,北大店-買房字,聯絡我們 - 遠雄房地產,/contact_service/contact_us/,2,2,2,1,45.5
google / organic,(organic),聯絡我們送出成功 - 遠雄房地產,/contact_service/contact_us/聯絡我們送出成功/,2,2,2,1,6.5
chatgpt.com / referral,(referral),加入遠雄 築夢齊飛！-遠雄房地產,/contact_service/join_farglory/,2,2,2,1,9.5
google / organic,(organic),福利制度 - 遠雄房地產,/contact_service/welfare_system/,2,2,2,1,17.5
(direct) / (none),(direct),十二月主題報 - 遠雄房地產,/dec2024/,2,2,2,1,11
google / cpc,(organic),遠房好友電子報感謝頁 - 遠雄房地產,/edm_thank_you_page/,2,2,2,1,5
google / organic,(organic),"平面圖集,遠雄夏沐-線上接待中心",/floor-plan,2,2,3,1.5,6
google / organic,(organic),找不到頁面 - DEMO遠雄房地產,/gc_farbear/404/,2,2,2,1,0
(direct) / (none),(direct),將捷La Mer-宜蘭頭城．烏石港新成屋/新建案-預約賞屋,/gc_farbear/buildings/qyh3/,2,2,3,1.5,17
google / organic,(organic),"樓層景觀,遠雄夏沐-線上接待中心",/landscape/roof,2,2,3,1.5,19.5
mkto-sn070013.com / referral,(referral),天易地政事務所所長 朱智豪 彙整 - 遠雄房地產,/life-proposal-category/expert_point/land_zhu/,2,2,4,2,48.5
(not set),20250905五輪播,財經M平方 彙整 - 遠雄房地產,/life-proposal-category/expert_point/macro_micro/,2,2,2,1,50.5
google / organic,(organic),首購 彙整 - 遠雄房地產,/life-proposal-tag/1、客層/1購屋對象/首購/,2,2,2,1,16.5
google / organic,(organic),房地產市場 彙整 - 遠雄房地產,/life-proposal-tag/2、市場/1市場相關專有詞/房地產市場/,2,2,4,2,18
google / organic,(organic),買賣移轉棟數 彙整 - 遠雄房地產,/life-proposal-tag/2、市場/1市場相關專有詞/買賣移轉棟數/,2,2,2,1,3.5
(direct) / (none),(direct),生前贈與 彙整 - 遠雄房地產,/life-proposal-tag/2、市場/2稅務政策相關/gift_tax/生前贈與/,2,2,2,1,13.5
google / organic,(organic),一生一次 彙整 - 遠雄房地產,/life-proposal-tag/2、市場/2稅務政策相關/一生一次/,2,2,2,1,4.5
google / organic,(organic),商用不動產 彙整 - 遠雄房地產,/life-proposal-tag/2、市場/commercial_real_estate/,2,2,2,1,7.5
google / organic,(organic),廚房設備 彙整 - 遠雄房地產,/life-proposal-tag/3、交易/1購屋流程相關/驗屋流程/廚房設備/,2,2,2,1,3.5
google / organic,(organic),檢查表 彙整 - 遠雄房地產,/life-proposal-tag/3、交易/1購屋流程相關/驗屋流程/檢查表/,2,2,2,1,2
google / organic,(organic),交通機能 彙整 - 遠雄房地產,/life-proposal-tag/5、區域/1區域地段/交通機能/,2,2,2,1,4
(direct) / (none),(direct),公園綠地 彙整 - 遠雄房地產,/life-proposal-tag/5、區域/1區域地段/公園綠地/,2,2,2,1,0
google / organic,(organic),未來發展 彙整 - 遠雄房地產,/life-proposal-tag/5、區域/1區域地段/未來發展/,2,2,3,1.5,12
google / organic,(organic),台中市 彙整 - 遠雄房地產,/life-proposal-tag/5、區域/1區域地段/縣市/台中市/,2,2,2,1,12
(direct) / (none),(direct),北屯區 彙整 - 遠雄房地產,/life-proposal-tag/5、區域/1區域地段/縣市/台中市/beitun/,2,2,2,1,0
(direct) / (none),(direct),七期 彙整 - 遠雄房地產,/life-proposal-tag/5、區域/1區域地段/縣市/台中市/seventh/,2,2,2,1,0
google / cpc,(organic),北士科 彙整 - 遠雄房地產,/life-proposal-tag/5、區域/1區域地段/縣市/台北市/beitou/北士科/,2,2,5,2.5,37
(not set),20250905五輪播,北士科 彙整 - 遠雄房地產,/life-proposal-tag/5、區域/1區域地段/縣市/台北市/beitou/北士科/,2,2,2,1,0
google / organic,(organic),北投士林科技園區 彙整 - 遠雄房地產,/life-proposal-tag/5、區域/1區域地段/縣市/台北市/beitou/北投士林科技園區/,2,2,2,1,25.5
google / cpc,brand,台南市 彙整 - 遠雄房地產,/life-proposal-tag/5、區域/1區域地段/縣市/台南市/,2,2,2,1,76.5
google / cpc,brand,高雄市 彙整 - 遠雄房地產,/life-proposal-tag/5、區域/1區域地段/縣市/高雄市/,2,2,2,1,15.5
google / organic,(organic),室內設計 彙整 - 遠雄房地產,/life-proposal-tag/6、產品/11設計風格類型/interior_design/,2,2,4,2,42.5
google / organic,(organic),預售屋 彙整 - 遠雄房地產,/life-proposal-tag/6、產品/1建築專有名詞/屋型/預售屋/,2,2,2,1,18
google / cpc,gdn20256-8,預售屋 彙整 - 遠雄房地產,/life-proposal-tag/6、產品/1建築專有名詞/屋型/預售屋/,2,2,2,1,9.5
google / organic,(organic),銀髮住宅 彙整 - 遠雄房地產,/life-proposal-tag/6、產品/4產品規劃-建築/a-建築規劃/全齡宅/銀髮住宅/,2,2,2,1,4
google / organic,(organic),2025九月主題報B - 遠雄房地產,/,2,2,2,1,1
google / organic,(organic),養生村 彙整 - 遠雄房地產,/life-proposal-tag/6、產品/4產品規劃-建築/a-建築規劃/全齡宅/養生村/,2,2,2,1,2
google / organic,(organic),建材 彙整 - 遠雄房地產,/life-proposal-tag/6、產品/8建材規劃/a-建材/,2,2,2,1,14.5
google / organic,(organic),筏式基礎 彙整 - 遠雄房地產,/life-proposal-tag/6、產品/9結構/筏式基礎/,2,2,2,1,6.5
google / organic,(organic),朱智豪 彙整 - 遠雄房地產,/life-proposal-tag/expert/zhu/,2,2,3,1.5,22.5
google / organic,(organic),法定空地 彙整 - 遠雄房地產,/life-proposal-tag/law_property/法定空地/,2,2,2,1,14
(not set),20250905五輪播,半導體 彙整 - 遠雄房地產,/life-proposal-tag/macroeconomics-2/semiconductor/,2,2,2,1,0.5
google / organic,(organic),都市計畫 彙整 - 遠雄房地產,/life-proposal-tag/policy/都市計畫/,2,2,2,1,5.5
google / organic,(organic),土地使用分區 彙整 - 遠雄房地產,/life-proposal-tag/policy/都市計畫/土地使用分區/,2,2,2,1,3.5
google / organic,(organic),土地交易 彙整 - 遠雄房地產,/life-proposal-tag/real_estate-2/land_buy/,2,2,3,1.5,4
google / organic,(organic),房貸 彙整 - 遠雄房地產,/life-proposal-tag/二/房貸/,2,2,2,1,0.5
google / organic,(organic),2022十大熱門房市新聞，平均地權條例修法關切度最高 - 遠雄房地產,/life-proposal/2022propert_news_20230204/,2,2,2,1,77.5
google / organic,(organic),高雄「亞灣5G AIoT創新園區」，驅動亞灣區躍昇發展 - 遠雄房地產,/life-proposal/5g-aiot/,2,2,2,1,32
facebook.com / referral,(referral),建案熱區巡禮：北士科爆840億商辦案量，搶攻輝達、金仁寶供應鏈需求 - 遠雄房地產,/life-proposal/5vo1-1/,2,2,2,1,3.5
statics.teams.cdn.office.net / referral,(referral),建案熱區巡禮：北士科爆840億商辦案量，搶攻輝達、金仁寶供應鏈需求 - 遠雄房地產,/life-proposal/5vo1-1/,2,2,4,2,21.5
google / cpc,202509_ex6,建案熱區巡禮：北士科爆840億商辦案量，搶攻輝達、金仁寶供應鏈需求 - 遠雄房地產,/life-proposal/5vo1-1/,2,2,2,1,56.5
(direct) / (none),(direct),冷氣清潔自己來！日常冷氣保養小撇步 - 遠雄房地產,/life-proposal/air_condition20220617/,2,2,2,1,40.5
(not set),20250905五輪播,建案熱區巡禮：台南永康區 - 綠地篇 - 遠雄房地產,/life-proposal/area-hotspot-tnn-yongkang_park_20231207/,2,2,0,0,0
google / cpc,(organic),建案熱區巡禮：高雄楠梓區高大特區生活圈 - 遠雄房地產,/life-proposal/area-kaohsiung-nanzi_nuk_function_20250211/,2,2,2,1,11
(direct) / (none),(direct),建案熱區巡禮：高雄三民區高雄車站特區生活圈 - 遠雄房地產,/life-proposal/area-khh-station_20230914/,2,2,2,1,23
(direct) / (none),(direct),建案熱區巡禮：高雄楠梓區 - 從工業重鎮到經濟新引擎的崛起 - 遠雄房地產,/life-proposal/area-l-kaohsiung-nanzi_20250121/,2,2,2,1,71.5
tw.search.yahoo.com / referral,(referral),建案熱區巡禮：高雄楠梓區 - 從工業重鎮到經濟新引擎的崛起 - 遠雄房地產,/life-proposal/area-l-kaohsiung-nanzi_20250121/,2,2,2,1,241
(direct) / (none),(direct),建案熱區巡禮：北屯區台中首購最愛，喧鬧中的一隅悠閒 - 遠雄房地產,/life-proposal/area-l-taichung-beitun20220520/,2,2,2,1,0.5
google / cpc,Taichung,建案熱區巡禮：北屯區台中首購最愛，喧鬧中的一隅悠閒 - 遠雄房地產,/life-proposal/area-l-taichung-beitun20220520/,2,2,2,1,57.5
(direct) / (none),(direct),建案熱區巡禮：前進台南商業副都心-安南區一探究竟 - 遠雄房地產,/life-proposal/area-l-tainan-annan20200520/,2,2,2,1,23.5
(not set),20250905五輪播,建案熱區巡禮：前進台南商業副都心-安南區一探究竟 - 遠雄房地產,/life-proposal/area-l-tainan-annan20200520/,2,2,0,0,0
(not set),20250905五輪播,建案熱區巡禮：台北士林不僅觀光，居住生活品質也很優 - 遠雄房地產,/life-proposal/area-l-taipei-shilin20220520/,2,2,0,0,0
google / cpc,area,建案熱區巡禮：高雄農十六（凹子底地區）指標豪宅生活區 - 遠雄房地產,/life-proposal/area-s-kaohsiung-farm1620200520/,2,2,2,1,92
google / organic,(organic),建案熱區巡禮：科工館商圈環繞，北高雄發展潛力股 - 遠雄房地產,/life-proposal/area-s-kaohsiung-nstm20220520/,2,2,2,1,0.5
(not set),20250905五輪播,建案熱區巡禮：第二個美術館特區-高雄三民中都重劃區 - 遠雄房地產,/life-proposal/area-s-khh-central_20240502/,2,2,1,0.5,8.5
(direct) / (none),(direct),建案熱區巡禮：台南中西區運河星鑽特區，重塑台南的歷史與現代風貌 - 遠雄房地產,/life-proposal/area-s-tainan_west-central_diamond_20250425/,2,2,4,2,143.5
bing / organic,(organic),建案熱區巡禮：台南中西區運河星鑽特區生活圈 - 百年港町再出發的現代風華 - 遠雄房地產,/life-proposal/area-s-tainan_west-central_redevelop_diamond_20250502/,2,2,2,1,133
(direct) / (none),(direct),建案熱區巡禮：桃園小檜溪(青溪特區)舊商圈+眾多綠地的宜人生活 - 遠雄房地產,/life-proposal/area-s-taoyuan-green20220520/,2,2,2,1,0
google / cpc,(organic),建案熱區巡禮：新北板橋府中與南雅地區 - 遠雄房地產,/life-proposal/area-s-tph_banqiao_nanya_20240820/,2,2,3,1.5,83.5
(not set),20250905五輪播,建案熱區巡禮：新北板橋府中與南雅地區 - 遠雄房地產,/life-proposal/area-s-tph_banqiao_nanya_20240820/,2,2,0,0,26.5
google / cpc,brand,建案熱區巡禮：新北板橋府中與南雅地區 - 遠雄房地產,/life-proposal/area-s-tph_banqiao_nanya_20240820/,2,2,2,1,10.5
(direct) / (none),(direct),建案熱區巡禮：新北板橋區Tpark科技特區 (遠東通訊園區)生活圈 - 遠雄房地產,/life-proposal/area-s-tph_banqiao_tpark_function_20250314/,2,2,3,1.5,6.5
google / cpc,brand,建案熱區巡禮：新北板橋區Tpark科技特區 (遠東通訊園區)生活圈 - 遠雄房地產,/life-proposal/area-s-tph_banqiao_tpark_function_20250314/,2,2,1,0.5,15.5
(not set),20250905五輪播,建案熱區巡禮：台南中西區運河星鑽特區 - 學區篇 - 遠雄房地產,/life-proposal/area-tainan_west-central_redevelop_diamond_school_20250516/,2,2,0,0,0
bing / organic,(organic),建案熱區巡禮：北投士林科技園區 - 綠地休憩篇 - 遠雄房地產,/life-proposal/area-tpe-beitou_bstp_park_20240617/,2,2,3,1.5,2.5
google / organic,(organic),建案熱區巡禮：北投士林科技園區 - 學區篇 - 遠雄房地產,/life-proposal/area-tpe-beitou_bstp_school_20240713/,2,2,2,1,88.5
(direct) / (none),(direct),建案熱區巡禮：北投士林科技園區 - 交通篇 - 遠雄房地產,/life-proposal/area-tpe-beitou_bstp_traffic_20240705/,2,2,2,1,63
bing / organic,(organic),建案熱區巡禮：台中港市鎮重劃區生活圈，梧棲、清水躍升熱區 - 遠雄房地產,/life-proposal/area-txg-port_function_20240103/,2,2,2,1,3
tw.search.yahoo.com / referral,(referral),建案熱區巡禮：台中西屯水湳經貿園區 - 交通篇 - 遠雄房地產,/life-proposal/area-txg-shuinan_traffic_20240508/,2,2,3,1.5,22
(direct) / (none),(direct),建案熱區巡禮：高雄三民區 - 綠地篇 - 遠雄房地產,/life-proposal/area_hotspot_khh_sanmin_park_20230915/,2,2,3,1.5,24
google / organic,(organic),建案熱區巡禮：台南永康區鹽行國中重劃區 - 學區篇 - 遠雄房地產,/life-proposal/area_tnn_yongkang_yanxing_school_20240323/,2,2,3,1.5,13.5
tw.search.yahoo.com / referral,(referral),建案熱區巡禮：台南永康區鹽行國中重劃區 - 學區篇 - 遠雄房地產,/life-proposal/area_tnn_yongkang_yanxing_school_20240323/,2,2,2,1,57.5
(direct) / (none),(direct),建案熱區巡禮：台南永康區鹽行國中重劃區生活圈 - 遠雄房地產,/life-proposal/area_tnnyongkang_redevelop_yanxing_20230901/,2,2,4,2,89
facebook.com / referral,(referral),建案熱區巡禮：台中北屯14期重劃區生活圈，打造北台中的新興生活核心 - 遠雄房地產,/life-proposal/area_txg_beitun_14th_function_20250829/,2,2,2,1,3.5
google / cpc,20250918,建案熱區巡禮：台中北屯14期重劃區生活圈，打造北台中的新興生活核心 - 遠雄房地產,/life-proposal/area_txg_beitun_14th_function_20250829/,2,2,2,1,2
google / cpc,Otherarea0829,建案熱區巡禮：台中北屯14期重劃區生活圈，打造北台中的新興生活核心 - 遠雄房地產,/life-proposal/area_txg_beitun_14th_function_20250829/,2,2,2,1,67
fgr-line / fgr,expert_zhu_propertytax_20230814,建案熱區巡禮：台中北屯14期重劃區生活圈，打造北台中的新興生活核心 - 遠雄房地產,/life-proposal/area_txg_beitun_14th_function_20250829/,2,2,2,1,99.5
(direct) / (none),(direct),建案熱區巡禮：台中北屯區14期重劃區 - 學區篇 - 遠雄房地產,/life-proposal/area_txg_beitun_14th_school_20240917/,2,2,2,1,29
tw.search.yahoo.com / referral,(referral),建案熱區巡禮：台中北屯區14期重劃區 - 學區篇 - 遠雄房地產,/life-proposal/area_txg_beitun_14th_school_20240917/,2,2,2,1,22
google / cpc,brand,建案熱區巡禮：台中北屯機廠重劃區生活圈 - 遠雄房地產,/life-proposal/area_txg_beitun_depot_function_20240513/,2,2,2,1,153.5
(not set),20250905五輪播,建案熱區巡禮：台中北屯機廠重劃區 - 交通篇 - 遠雄房地產,/life-proposal/area_txg_beitun_depot_traffic_20240606/,2,2,0,0,0
(direct) / (none),(direct),蓋好蓋滿還是適度留白？一次搞懂建蔽率與容積率 - 遠雄房地產,/life-proposal/build_rate/,2,2,2,1,0.5
tw.search.yahoo.com / referral,(referral),蓋好蓋滿還是適度留白？一次搞懂建蔽率與容積率 - 遠雄房地產,/life-proposal/build_rate/,2,2,2,1,14
mkto-sn070013.com / referral,(referral),民法成年年齡下修至18歲，不動產稅賦有何影響？ - 遠雄房地產,/life-proposal/civil-law_20221125/,2,2,2,1,171
google / organic,(organic),來場大掃除吧！居家清潔要訣看過來！ - 遠雄房地產,/life-proposal/cleaning_20221223/,2,2,2,1,286.5
(not set),20250905五輪播,來場大掃除吧！居家清潔要訣看過來！ - 遠雄房地產,/life-proposal/cleaning_20221223/,2,2,1,0.5,6.5
(not set),20250905五輪播,基礎建設＋結構保固：一次了解大地工程的基本概念 - 遠雄房地產,/life-proposal/construction-base/,2,2,0,0,0
(direct) / (none),(direct),央行房市信用措施管制總整理！自住客時代來臨！ - 遠雄房地產,/life-proposal/controls_20230108/,2,2,2,1,23
(not set),20250905五輪播,防疫宅標準配備，居家隔離有「當層排氣」最重要 - 遠雄房地產,/life-proposal/covid-exhaust/,2,2,0,0,0
bing / organic,(organic),財經M平方觀點：新興市場韌性差異加劇，2025年怎麼走 - 遠雄房地產,/life-proposal/emerging-markets_20241217/,2,2,2,1,17.5
google / organic,(organic),劉佩真觀點：從疫後零售、觀光、餐飲業復甦，看零售地產的動向 - 遠雄房地產,/life-proposal/expert_20230815_peizhen_retail/,2,2,2,1,2.5
news.google.com / referral,(referral),[影音] 台灣房價為何跌不下來？看懂房市「抗跌力」 - 遠雄房地產,/life-proposal/expert_hoshichang_video_property_price_20250801/,2,2,2,1,30
(direct) / (none),(direct),找不到頁面 - 遠雄房地產,/life-proposal/expert_hoshichan…rthern-potential/,2,2,3,1.5,1
statics.teams.cdn.office.net / referral,(referral),找不到頁面 - 遠雄房地產,/life-proposal/expert_hoshichan…rthern-potential/,2,2,2,1,1
google / cpc,gdn20256-8,[影音] 專家看2025年上半年預售屋市場 : 四大現象觀察 - 遠雄房地產,/life-proposal/expert_housing-market_20250820/,2,2,2,1,0.5
google / organic,(organic),【商用不動產講堂】廠辦市場與資產配置 - 遠雄房地產,/life-proposal/expert_ken_topics_commerical_market_20240925/,2,2,2,1,4
(not set),20250905五輪播,永然法律不動產專欄：購買預售屋如何選擇好的建商？(上集) - 遠雄房地產,/life-proposal/expert_law_y-rlee_builder1_20250324/,2,2,1,0.5,5
google / organic,(organic),永然法律不動產專欄：購買預售屋如何選擇好的建商？(下集) - 遠雄房地產,/life-proposal/expert_law_y-rlee_builder2_20250425/,2,2,2,1,387
excel.officeapps.live.com / referral,(referral),永然法律不動產專欄：台版地面師如何騙走你的不動產? - 遠雄房地產,/life-proposal/expert_law_y-rlee_land-agent_20250904/,2,2,2,1,0
(not set),20250905五輪播,永然法律不動產專欄：台版地面師如何騙走你的不動產? - 遠雄房地產,/life-proposal/expert_law_y-rlee_land-agent_20250904/,2,2,2,1,211
socialmedia / fgr,expert_law_y-rlee_retention-money_20250704,永然法律不動產專欄：預售屋買賣契約中的交屋保留款與建材設備約定 - 遠雄房地產,/life-proposal/expert_law_y-rlee_retention-money_20250704/,2,2,2,1,3.5
google / organic,(organic),李同榮觀點：2022上半年房市總結「升息循環、疫情擴散、打房加重」與未來展望 - 遠雄房地產,/life-proposal/expert_li_2022property_20220722/,2,2,2,1,32
(direct) / (none),(direct),李同榮觀點：2025房市下跌趨勢中，預售屋進場全攻略 - 遠雄房地產,/life-proposal/expert_li_7th-cycle_20250114/,2,2,2,1,164.5
news.google.com / referral,(referral),李同榮觀點：Al新十大建設對未來房市的具體影響 - 遠雄房地產,/life-proposal/expert_li_ai-projects_20250715/,2,2,2,1,39
google / cpc,needs,劉學龍觀點：全球局勢到本地市場，2025下半年商用不動產市場的風與浪 - 遠雄房地產,/life-proposal/expert_liu_commercial_2025h2_20250725/,2,2,1,0.5,63.5
google / organic,(organic),財經M平方觀點：台灣房市量價背離，該如何判斷房市後市? - 遠雄房地產,/life-proposal/expert_macromicro20220826/,2,2,2,1,13
(direct) / (none),(direct),財經M平方觀點：中國房市陷入惡性循環，三個對經濟的影響 - 遠雄房地產,/life-proposal/expert_macromicro20220909/,2,2,2,1,4.5
(direct) / (none),(direct),財經M平方觀點：2023 年全球經濟三大重點，各國經濟將如何復甦？ - 遠雄房地產,/life-proposal/expert_macromicro_20221220/,2,2,2,1,8
(direct) / (none),(direct),財經M平方觀點：2023 台灣房市展望，解析兩大原因與政策衝擊 - 遠雄房地產,/life-proposal/expert_macromicro_20230117/,2,2,2,1,65.5
(not set),20250905五輪播,財經M平方觀點：2023 台灣房市展望，解析兩大原因與政策衝擊 - 遠雄房地產,/life-proposal/expert_macromicro_20230117/,2,2,0,0,0
(not set),20250905五輪播,財經M平方觀點：受惠中國解封 全球製造業將逐步落底 - 遠雄房地產,/life-proposal/expert_macromicro_20230320/,2,2,1,0.5,1
bing / organic,(organic),財經M平方觀點：各國房地產全解析，一文讀懂不動產市場運作 - 遠雄房地產,/life-proposal/expert_macromicro_20230328/,2,2,2,1,7
(not set),20250905五輪播,財經M平方觀點：各國房地產全解析，一文讀懂不動產市場運作 - 遠雄房地產,/life-proposal/expert_macromicro_20230328/,2,2,2,1,46
google / organic,(organic),財經M平方觀點：全球製造業景氣，開始進入築底階段 - 遠雄房地產,/life-proposal/expert_macromicro_20230516/,2,2,2,1,2
socialmedia / fgr,ig20250207,財經M平方觀點：2025 年中國經濟關鍵議題分析 - 遠雄房地產,/life-proposal/expert_macromicro_china-economic_20250120/,2,2,2,1,0
google / organic,(organic),財經M平方觀點：美債殖利率創新高，三大面向解析後續走勢 - 遠雄房地產,/life-proposal/expert_macromicro_mec_oil_20231125/,2,2,3,1.5,43.5
google / organic,(organic),財經M平方觀點：解析科技巨頭Q2財報表現！為何引發股市暴跌？ - 遠雄房地產,/life-proposal/expert_macromicro_mec_q2tec_20240903/,2,2,2,1,54
google / organic,(organic),財經M平方觀點：貿易戰開打！關稅壁壘會帶來甚麼影響？ - 遠雄房地產,/life-proposal/expert_macromicro_tariff_20250218/,2,2,2,1,59.5
google / organic,(organic),劉佩真觀點：2023年國內房市先蹲後跳、2024年期盼漸入佳境 - 遠雄房地產,/life-proposal/expert_peizhen_2023review_20240103/,2,2,2,1,12.5
(direct) / (none),(direct),劉佩真觀點：2024年房市為前高後低態勢、2025年將進入調整階段 - 遠雄房地產,/life-proposal/expert_peizhen_2024review_20250107/,2,2,2,1,11
(not set),20250905五輪播,劉佩真觀點：2024年房市為前高後低態勢、2025年將進入調整階段 - 遠雄房地產,/life-proposal/expert_peizhen_2024review_20250107/,2,2,0,0,0
(direct) / (none),(direct),劉佩真觀點：AI科技宅當道！台灣半導體聚落帶動房市 - 遠雄房地產,/life-proposal/expert_peizhen_ai-housing-trend/,2,2,3,1.5,113
statics.teams.cdn.office.net / referral,(referral),找不到頁面 - 遠雄房地產,/life-proposal/expert_peizhen_ai-housing-trend/,2,2,3,1.5,1.5
chatgpt.com / (not set),(not set),[影音] 劉佩真觀點：下半年房市走勢利多與利空一次看！ - 遠雄房地產,/life-proposal/expert_peizhen_bullbear-2025h2__20250829/,2,2,3,1.5,4.5
news.google.com / referral,(referral),[影音] 劉佩真觀點：下半年房市走勢利多與利空一次看！ - 遠雄房地產,/life-proposal/expert_peizhen_bullbear-2025h2__20250829/,2,2,2,1,33.5
(not set),20250808一輪播,[影音] 劉佩真觀點：下半年房市走勢利多與利空一次看！ - 遠雄房地產,/life-proposal/expert_peizhen_bullbear-2025h2__20250829/,2,2,2,1,70.5
google / cpc,20250718,劉佩真觀點：從行業別、區域分布看2024年商用不動產投資買賣市場脈動 - 遠雄房地產,/life-proposal/expert_peizhen_commerical-trend_20240603/,2,2,2,1,24
google / cpc,needs,劉佩真觀點：從行業別、區域分布看2024年商用不動產投資買賣市場脈動 - 遠雄房地產,/life-proposal/expert_peizhen_commerical-trend_20240603/,2,2,3,1.5,58.5
google / organic,(organic),劉佩真觀點：2023年台灣土地交易市場變化 - 遠雄房地產,/life-proposal/expert_peizhen_land_20230609/,2,2,2,1,28.5
news.google.com / referral,(referral),劉佩真觀點：辦公室租賃將告別房東市場，然企業升級需求為重點 - 遠雄房地產,/life-proposal/expert_peizhen_office-rental_20250805/,2,2,3,1.5,28
(not set),20250905五輪播,劉佩真觀點：辦公室租賃將告別房東市場，然企業升級需求為重點 - 遠雄房地產,/life-proposal/expert_peizhen_office-rental_20250805/,2,2,3,1.5,232
(not set),20250905五輪播,何世昌觀點：三大因素驅動，雙北市房價「蛋花湯」現象成為現在進行式　 - 遠雄房地產,/life-proposal/expert_shuangbei_20250822/,2,2,2,1,1
fb / eh1,2-4,何世昌觀點：輝達總部確立，房市受惠區在哪裡？ - 遠雄房地產,/life-proposal/expert_thinktank_nvidia_20250729/,2,2,2,1,8.5
google / cpc,O1_地區字_2025.0801,何世昌觀點：輝達總部確立，房市受惠區在哪裡？ - 遠雄房地產,/life-proposal/expert_thinktank_nvidia_20250729/,2,2,2,1,89.5
(not set),20250905五輪播,何世昌觀點：擴大赴美投資成定局，台積宅還能買嗎？ - 遠雄房地產,/life-proposal/expert_tsmc-housing_20250703/,2,2,1,0.5,4.5
(not set),20250905五輪播,[影音] 買房後發現實際面積比權狀縮水，該找誰求償? - 遠雄房地產,/life-proposal/expert_zhu_area-discrepancy_20250827/,2,2,4,2,167
(not set),20250905五輪播,專家觀點地政篇：人在國外想買房，簽約、貸款與登記要注意什麼？(上) - 遠雄房地產,/life-proposal/expert_zhu_buyhouse_abroad1_20240303/,2,2,1,0.5,8
(direct) / (none),(direct),專家觀點地政篇：合資買房如何保障自身權益？ - 遠雄房地產,/life-proposal/expert_zhu_buyhouse_joint_20240117/,2,2,4,2,219.5
(direct) / (none),(direct),[影音] 專家觀點地政篇：假結婚與房產繼承 - 五億遺產的法律爭奪戰 - 遠雄房地產,/life-proposal/expert_zhu_fake-marriage-law/,2,2,2,1,6
excel.officeapps.live.com / referral,(referral),[影音] 專家觀點地政篇：假結婚與房產繼承 - 五億遺產的法律爭奪戰 - 遠雄房地產,/life-proposal/expert_zhu_fake-marriage-law/,2,2,4,2,11
google / organic,(organic),專家觀點地政篇：五月報稅稅法修正重點整理 - 遠雄房地產,/life-proposal/expert_zhu_file-taxes_20250409/,2,2,2,1,95
(not set),20250905五輪播,專家觀點地政篇：生前贈與還是繳遺產稅，哪個比較划算？結果可能超乎你的想像 - 遠雄房地產,/life-proposal/expert_zhu_gift-and-estate-tax_20250509/,2,2,0,0,0
bing / organic,(organic),專家觀點地政篇：不動產抵押權重點詳解 - 遠雄房地產,/life-proposal/expert_zhu_hypothec_20230815/,2,2,3,1.5,185
(not set),20250905五輪播,專家觀點地政篇：繼承房產兄弟姊妹吵翻天？遺囑、登記與分配機制一次講清楚 - 遠雄房地產,/life-proposal/expert_zhu_inherit-siblings_20250704/,2,2,0,0,0
(not set),20250905五輪播,專家觀點地政篇：繼承取得不動產，如何課徵房地合一稅？ - 遠雄房地產,/life-proposal/expert_zhu_inheritance_20230921/,2,2,0,0,99
(direct) / (none),(direct),[ 影音 ]專家觀點地政篇：房產移轉如何過戶子女才划算？ - 遠雄房地產,/life-proposal/expert_zhu_inherited_20230512/,2,2,2,1,128.5
fgr-line / fgr,expert_peizhen_bullbear-2025h2__20250829,專家觀點地政篇：邱澤不動產傳聞揭秘，實價登錄與容積移轉的真相 - 遠雄房地產,/life-proposal/expert_zhu_land-deal_20250813/,2,2,1,0.5,13
perplexity / (not set),(not set),專家觀點地政篇：限貸令對各族群影響 (下) 首購、換屋、繼承族群影響為何? - 遠雄房地產,/life-proposal/expert_zhu_loan-restriction2_20250219/,2,2,2,1,73
chatgpt.com / referral,(referral),專家觀點地政篇：限貸令對各族群影響 (下) 首購、換屋、繼承族群影響為何? - 遠雄房地產,/life-proposal/expert_zhu_loan-restriction2_20250219/,2,2,2,1,43
socialmedia / fgr,fb20250905,[影音] 豪宅稅跟你也有關係：有房族注意！2025豪宅稅新門檻上路 - 遠雄房地產,/life-proposal/expert_zhu_mansion-tax-definition_vedio_20250523/,2,2,2,1,12.5
(direct) / (none),(direct),[影音] 專家觀點地政篇：婚前買房v.s婚後買房｜房子登記誰的名字好？ - 遠雄房地產,/life-proposal/expert_zhu_marriage_20230614/,2,2,2,1,1.5
(not set),20250905五輪播,專家觀點地政篇：私法人取得不動產的限制 - 遠雄房地產,/life-proposal/expert_zhu_private-corporation_20231114/,2,2,0,0,0
(direct) / (none),(direct),專家觀點地政篇：私法人房地合一稅的修法與調整 - 遠雄房地產,/life-proposal/expert_zhu_private-corporation_adjust_20231227/,2,2,2,1,26.5
(not set),20250905五輪播,專家觀點地政篇：私法人房地合一稅的修法與調整 - 遠雄房地產,/life-proposal/expert_zhu_private-corporation_adjust_20231227/,2,2,0,0,0
google / organic,(organic),[影音] 二親等的不動產買賣：父母要將房子及土地過戶給子女如何做? - 遠雄房地產,/life-proposal/expert_zhu_property_house-transfer_20231129/,2,2,2,1,4.5
google / organic,(organic),[影音] 專家觀點地政篇：限貸令風暴有解嗎 - 限貸令例外狀況 - 遠雄房地產,/life-proposal/expert_zhu_property_loan-ratio-exception_vedio_20250214/,2,2,2,1,4
(not set),20250905五輪播,[影音] 專家觀點地政篇：購屋族如何解套？！限貸令成數如何突破 - 遠雄房地產,/life-proposal/expert_zhu_property_loan-ratio_vedio_20250131/,2,2,0,0,0
socialmedia / fgr,ig20250613,[影音] 專家觀點地政篇：購屋族如何解套？！限貸令成數如何突破 - 遠雄房地產,/life-proposal/expert_zhu_property_loan-ratio_vedio_20250131/,2,2,2,1,0
google / organic,(organic),[影音] 一次看懂囤房稅2.0! 囤房稅修法重點，你受到影響了嗎? - 遠雄房地產,/life-proposal/expert_zhu_property_multi-house-tax-2_20240101/,2,2,2,1,1
tw.search.yahoo.com / referral,(referral),[影音] 專家觀點地政篇：限貸令下交屋解約問題 - 遠雄房地產,/life-proposal/expert_zhu_property_terminate_vedio_20250313/,2,2,3,1.5,65.5
socialmedia / fgr,ig20250627,[影音] 專家觀點地政篇：限貸令下交屋解約問題 - 遠雄房地產,/life-proposal/expert_zhu_property_terminate_vedio_20250313/,2,2,2,1,5
(direct) / (none),(direct),[影音] 首購或換屋族必知的不動產節稅規劃 : 持有稅｜專家觀點地政篇 - 遠雄房地產,/life-proposal/expert_zhu_propertytax_20230814/,2,2,2,1,111
(not set),20250905五輪播,[影音] 首購或換屋族必知的不動產節稅規劃 : 持有稅｜專家觀點地政篇 - 遠雄房地產,/life-proposal/expert_zhu_propertytax_20230814/,2,2,0,0,0
tw.search.yahoo.com / referral,(referral),專家觀點地政篇：到底停車位、露臺、屋頂屬於誰的？ - 遠雄房地產,/life-proposal/expert_zhu_public-area_20230718/,2,2,2,1,102
(direct) / (none),(direct),[影音] 豪宅稅跟你也有關係：屋主的策略與應對方式 - 遠雄房地產,/life-proposal/expert_zhu_tactic-tax-count_vedio_20250725/,2,2,2,1,2
reurl.cc / referral,(referral),專家觀點地政篇：降低遺產稅怎麼做？遺產稅節稅規劃攻略 - 遠雄房地產,/life-proposal/expert_zhu_tax_inheritance_vedio_20240327/,2,2,2,1,0
google / organic,(organic),水龍頭不給力？給水供水問題快速解法【居家百科】 - 遠雄房地產,/life-proposal/faucet-waterknowledge/,2,2,2,1,38.5
tw.search.yahoo.com / referral,(referral),修繕小知識：自己的浴室自己修！水龍頭、馬桶故障簡易排除法【居家百科】 - 遠雄房地產,/life-proposal/fixbathroom/,2,2,2,1,43
google / organic,(organic),法拍屋怎麼買? 選購法拍屋基本知識 - 遠雄房地產,/life-proposal/foreclosure_20230427/,2,2,2,1,62.5
(not set),(not set),贈與稅與遺產稅免稅額提高，房屋轉讓給子女的規劃要點 - 遠雄房地產,/life-proposal/gift_tax/,2,2,0,0,115.5
(direct) / (none),(direct),預售屋 v.s 成屋 v.s 中古屋的差異與優缺點 - 遠雄房地產,/life-proposal/goodandbad_20221028/,2,2,2,1,3
(direct) / (none),(direct),建案熱區巡禮-【遠雄豐河】我家門前有小河，快樂入住新北中和 - 遠雄房地產,/life-proposal/h101b/,2,2,2,1,0
google / organic,(organic),打造健康住宅！如何防止居家環境的有害物質 - 遠雄房地產,/life-proposal/healthy-house3-poison/,2,2,2,1,4.5
(not set),20250905五輪播,高樓層VS低樓層：哪個才是首購族的最佳選擇？–「首購族看房買屋攻略」 - 遠雄房地產,/life-proposal/high_floor/,2,2,3,1.5,20.5
chatgpt.com / (not set),(not set),驗屋與交屋必知注意事項？新手購屋必看，驗屋清單檢查表與交屋流程有哪些？,/life-proposal/home-inspection/,2,2,2,1,43.5
mkto-sn070013.com / referral,(referral),驗屋與交屋必知注意事項？新手購屋必看，驗屋清單檢查表與交屋流程有哪些？,/life-proposal/home-inspection/,2,2,4,2,46
tw.search.yahoo.com / referral,(referral),就愛飯店式管理，飯店式住宅成趨勢 - 遠雄房地產,/life-proposal/hotel_property20220624/,2,2,2,1,33
(not set),(not set),房屋格局圖/平面圖怎麼看？建案平面圖符號教學，讓你秒懂房屋格局避地雷,/life-proposal/house-layout/,2,2,1,0.5,19
hk.search.yahoo.com / referral,(referral),房屋格局圖/平面圖怎麼看？建案平面圖符號教學，讓你秒懂房屋格局避地雷,/life-proposal/house-layout/,2,2,2,1,0.5
perplexity.ai / referral,(referral),換屋族看過來，房地合一稅與土增稅要點筆記！ - 遠雄房地產,/life-proposal/house_and_land/,2,2,2,1,87
(direct) / (none),(direct),2022住宅補貼申請條件與限制看過來 - 遠雄房地產,/life-proposal/housing_allowance_20220826/,2,2,3,1.5,66.5
(not set),20250905五輪播,2022住宅補貼申請條件與限制看過來 - 遠雄房地產,/life-proposal/housing_allowance_20220826/,2,2,0,0,0
(direct) / (none),(direct),房價溫度計-房市指標有哪些? - 遠雄房地產,/life-proposal/indicators_20221111/,2,2,3,1.5,9.5
google / organic,(organic),買房族看過來：央行升息還能買房嗎？ - 遠雄房地產,/life-proposal/interest_rate/,2,2,2,1,1.5
tw.search.yahoo.com / referral,(referral),2024十大建商出爐！大建商穩，小建商靈活，買家如何選邊站？ - 遠雄房地產,/life-proposal/kw_brand_construction_20240109/,2,2,2,1,586.5
mkto-sn070013.com / referral,(referral),交屋看仔細，常見交屋糾紛有哪些？ - 遠雄房地產,/life-proposal/kw_delivery_20230607/,2,2,2,1,10
(direct) / (none),(direct),平均地權條例子法預計7月1日正式登場，修法重點一次看 - 遠雄房地產,/life-proposal/kw_land_rights_20230606/,2,2,2,1,1.5
(direct) / (none),(direct),青年首購看過來：新青安貸款8大重點 - 遠雄房地產,/life-proposal/kw_load_youthload_20230928/,2,2,2,1,58
tw.search.yahoo.com / referral,(referral),什麼是虛坪制？一次了解政府的「虛坪改革」方案 - 遠雄房地產,/life-proposal/kw_meterspolicy_20240513/,2,2,2,1,144.5
bing / organic,(organic),社區營運兩三事：管理費與公共基金 - 遠雄房地產,/life-proposal/land_fund/,2,2,2,1,45.5
mkto-sn070013.com / referral,(referral),買房大小事：交屋到入住前不可不知 - 遠雄房地產,/life-proposal/land_handover/,2,2,2,1,3.5
baidu / organic,(organic),買房大小事：戶籍遷入如何辦理？ - 遠雄房地產,/life-proposal/land_household_registration/,2,2,2,1,3
yahoo / organic,(organic),買房大小事：戶籍遷入如何辦理？ - 遠雄房地產,/life-proposal/land_household_registration/,2,2,2,1,56
google / organic,(organic),平均地權條例三讀修正通過，自住市場當道 - 遠雄房地產,/life-proposal/land_rights_20230111/,2,2,2,1,0
google / organic,(organic),房貸好多種，一次搞懂房貸方案該選哪一種！ - 遠雄房地產,/life-proposal/load_type20220624/,2,2,2,1,109.5
google / organic,(organic),房價溫度計-總經指標有哪些？ - 遠雄房地產,/life-proposal/macroeconomics_20221108/,2,2,2,1,1
(not set),20250905五輪播,買房頭期款不夠怎麼辦？–「首購族看房買屋攻略」 - 遠雄房地產,/life-proposal/mortgage/,2,2,3,1.5,41.5
(not set),20250905五輪播,室內採光不足怎麼辦？採光妙招報你知 - 遠雄房地產,/life-proposal/natural_lighting20220708/,2,2,0,0,54
(not set),20250905五輪播,停車位眉角多：車位怎麼選？一個車位可以停兩部車嗎？ - 遠雄房地產,/life-proposal/parking_space20220615/,2,2,0,0,0
(direct) / (none),(direct),預售屋付款方式詳解 - 遠雄房地產,/life-proposal/presale_payment_20221021/,2,2,2,1,0
fgr-line / fg,presale_payment_20221021/,預售屋付款方式詳解 - 遠雄房地產,/life-proposal/presale_payment_20221021/,2,2,3,1.5,129.5
google / organic,(organic),落實居家防災＋防疫！快速檢視居家安全 - 遠雄房地產,/life-proposal/prevention1/,2,2,2,1,102
(not set),20250905五輪播,建案熱區巡禮：桃園青埔大翻身！視野廣闊心也寬裕的首選住所 - 遠雄房地產,/life-proposal/qingpu/,2,2,0,0,0
(not set),20250905五輪播,公設比多少合理？秒懂公設定義與公設比計算–「首購族看房買屋攻略」 - 遠雄房地產,/life-proposal/ratio_of_public_area/,2,2,1,0.5,62.5
(direct) / (none),(direct),入主重劃區漸成主流，優缺點一次看 - 遠雄房地產,/life-proposal/redevelopment_zone_20221209/,2,2,2,1,73
(not set),20250905五輪播,入主重劃區漸成主流，優缺點一次看 - 遠雄房地產,/life-proposal/redevelopment_zone_20221209/,2,2,0,0,0
google / organic,(organic),上有政策下有對策，買房投資招數看過來 - 遠雄房地產,/life-proposal/reduce_property_20221215/,2,2,2,1,35
(not set),20250905五輪播,退休以後怎麼住？你適合青銀共居、養生村還是全齡宅？ - 遠雄房地產,/life-proposal/retiredlife_20230220/,2,2,0,0,0
google / organic,(organic),掌握美式風格居家4大重點 - 遠雄房地產,/life-proposal/space_deco_us_20221028/,2,2,2,1,10.5
google / organic,(organic),小宅攻略∣新婚小家庭如何打造高效空間 - 遠雄房地產,/life-proposal/space_design_smallhouse1_20240411/,2,2,2,1,57.5
(not set),20250905五輪播,小宅攻略∣新婚小家庭如何打造高效空間 - 遠雄房地產,/life-proposal/space_design_smallhouse1_20240411/,2,2,2,1,3
excel.officeapps.live.com / referral,(referral),工料雙漲下的省錢裝潢 | 居家裝修系統櫃新手攻略 - 遠雄房地產,/life-proposal/space_furnish_cabinet_20231125/,2,2,2,1,2.5
google / organic,(organic),如何利用微改裝讓我的家更節能，與綠色生活共伍！ - 遠雄房地產,/life-proposal/space_furnish_saving_20231004/,2,2,2,1,36.5
google / organic,(organic),學好居家燈具規劃，營造質感品味生活 - 遠雄房地產,/life-proposal/space_lamps_20230625/,2,2,2,1,17
tw.search.yahoo.com / referral,(referral),地上權建物可以買嗎？優缺點一次看 - 遠雄房地產,/life-proposal/superficial_rights/,2,2,2,1,11.5
google / organic,(organic),不動產節稅妙招：自用住宅用地優惠稅率不可不知 - 遠雄房地產,/life-proposal/tax_mitigation_land_20220902/,2,2,3,1.5,379
(not set),(not set),買房時到底有那些稅金要繳？-「首購族看房買屋攻略」 - 遠雄房地產,/life-proposal/taxes/,2,2,1,0.5,14
(not set),20250905五輪播,聰明買房不吃虧，謄本訊息知多少 - 遠雄房地產,/life-proposal/transcript_20221007/,2,2,0,0,33
(not set),20250905五輪播,突然跳電要怎麼處理？六個步驟跟著做！【居家百科】 - 遠雄房地產,/life-proposal/trip/,2,2,0,0,0
google / organic,(organic),全齡通用住宅打造友善居住環境：基地環境篇 - 遠雄房地產,/life-proposal/universal-design-base20220713/,2,2,3,1.5,128.5
(direct) / (none),(direct),全齡通用宅打造友善居住環境：建築環境篇 - 遠雄房地產,/life-proposal/universal-design-environment20220713/,2,2,3,1.5,1.5
(not set),20250905五輪播,買房停看聽：嫌惡設施有哪些？ - 遠雄房地產,/life-proposal/unwanted20220610/,2,2,0,0,0
(not set),20250905五輪播,我家有機會都更嗎？一篇文章看懂 - 遠雄房地產,/life-proposal/urbanrenewal20220603/,2,2,1,0.5,70
tw.search.yahoo.com / referral,(referral),建案熱區巡禮：台南永康產業交通齊發光，宜居現在進行式！ - 遠雄房地產,/life-proposal/yongkang/,2,2,3,1.5,129
google / organic,(organic),[房產風向球] 平均地權條例拍板定案，買房要注意 - 遠雄房地產,/life-proposal/房產風向球-平均地權條例拍板定案，買房要注意/,2,2,2,1,1.5
google / cpc,(organic),生活提案： 專家房市觀點、空間美學指南 -遠雄房地產,/life_proposal/,2,2,2,1,10.5
google / cpc,pmax-1-anothercity,生活提案： 專家房市觀點、空間美學指南 -遠雄房地產,/life_proposal/,2,2,3,1.5,3
bing / organic,(organic),購屋知識：買屋流程、稅法貸款指南 -遠雄房地產,/life_proposal/buying_knowledge/,2,2,4,2,16.5
(not set),(not set),專家觀點：解析房市動向與購屋建議 -遠雄房地產,/life_proposal/experts_point/,2,2,2,1,2
yt / fgr,expert_housing-market_20250820,專家觀點：解析房市動向與購屋建議 -遠雄房地產,/life_proposal/experts_point/,2,2,3,1.5,19
google / cpc,gdn5-7,專家觀點：解析房市動向與購屋建議 -遠雄房地產,/life_proposal/experts_point/,2,2,2,1,0.5
(not set),20250905五輪播,安心生活：三大保固升級服務 -遠雄房地產,/life_proposal/peace_mind/,2,2,2,1,1.5
(not set),20250905五輪播,空間美學：三大保固升級服務-遠雄房地產,/life_proposal/space_aesthetics/,2,2,2,1,25
google / cpc,遠雄幸福成_H713_關鍵字_0516_外縣市,空間美學：三大保固升級服務-遠雄房地產,/life_proposal/space_aesthetics/,2,2,2,1,12.5
(data not available),(cross-network),遠雄房地產預約賞屋(線上賞屋與預約賞屋),/make_appointment/,2,2,2,1,54.5
instagram.com / referral,(referral),遠雄房地產預約賞屋(線上賞屋與預約賞屋),/make_appointment/,2,2,3,1.5,17.5
google / cpc,20250718,遠雄房地產預約賞屋(線上賞屋與預約賞屋),/make_appointment/,2,2,2,1,166.5
google / cpc,20250901,遠雄房地產預約賞屋(線上賞屋與預約賞屋),/make_appointment/,2,2,2,1,14
pmp / (not set),6,遠雄房地產預約賞屋(線上賞屋與預約賞屋),/make_appointment/,2,2,3,1.5,48
socialmedia / fgr,ig,遠雄房地產預約賞屋(線上賞屋與預約賞屋),/make_appointment/,2,2,2,1,30
fb / ar1,privacy,遠雄房地產預約賞屋(線上賞屋與預約賞屋),/make_appointment/,2,2,3,1.5,25.5
(not set),(not set),預約賞屋手機驗證 - 遠雄房地產,/mob_verify/,2,2,4,2,135.5
line / ah2-message,(not set),預約賞屋手機驗證 - 遠雄房地產,/mob_verify/,2,2,2,1,15.5
bing / organic,(organic),預約賞屋手機驗證 - 遠雄房地產,/mob_verify/,2,2,2,1,35
fb / bh7,1,預約賞屋手機驗證 - 遠雄房地產,/mob_verify/,2,2,3,1.5,15.5
fb / paid,120232683014030617,預約賞屋手機驗證 - 遠雄房地產,/mob_verify/,2,2,2,1,1
google / cpc,CQH1-買房字,預約賞屋手機驗證 - 遠雄房地產,/mob_verify/,2,2,3,1.5,36
google / cpc,brand0829,預約賞屋手機驗證 - 遠雄房地產,/mob_verify/,2,2,2,1,14
google / cpc,com,預約賞屋手機驗證 - 遠雄房地產,/mob_verify/,2,2,2,1,92.5
google / cpc,competitor0829,預約賞屋手機驗證 - 遠雄房地產,/mob_verify/,2,2,3,1.5,34
fb / fm3,formbutton,預約賞屋手機驗證 - 遠雄房地產,/mob_verify/,2,2,2,1,0
google / cpc,gdn20256-8,預約賞屋手機驗證 - 遠雄房地產,/mob_verify/,2,2,2,1,0
socialmedia / fgr,ig,預約賞屋手機驗證 - 遠雄房地產,/mob_verify/,2,2,2,1,10
fb / bh5,leads,預約賞屋手機驗證 - 遠雄房地產,/mob_verify/,2,2,3,1.5,23.5
line-fgr / bh7,linefgrbh7,預約賞屋手機驗證 - 遠雄房地產,/mob_verify/,2,2,3,1.5,64
fgr-line / eh2,listbutton,預約賞屋手機驗證 - 遠雄房地產,/mob_verify/,2,2,2,1,22.5
google / cpc,pmax-1-anothercity,預約賞屋手機驗證 - 遠雄房地產,/mob_verify/,2,2,3,1.5,27
instagram.com / referral,(referral),遠房好友- 遠雄房地產,/my-account/,2,2,2,1,16
search.buzzonfeed.com / referral,(referral),遠房好友- 遠雄房地產,/my-account/,2,2,2,1,773.5
fb / O1,120227538157820464,遠房好友- 遠雄房地產,/my-account/,2,2,2,1,15.5
(not set),20250808一輪播,遠房好友- 遠雄房地產,/my-account/,2,2,2,1,3
google / cpc,taipei,遠房好友- 遠雄房地產,/my-account/,2,2,2,1,6.5
google / organic,(organic),"線上樣品屋,遠雄夏沐-線上接待中心",/online-visit,2,2,3,1.5,10.5
google / cpc,(referral),聯上智科｜北士科AI總部 輝達核心軸線 -台北市北投區商辦/預售新建案-預約賞屋，遠創力行銷,/pagead/aclk,2,2,4,2,0
google / cpc,(not set),遠雄14期首發【遠雄丰尚】北屯新案．近漢神洲際百貨,/pagead/aclk,2,2,4,2,0
google / organic,(organic),"平面圖集,遠雄夏沐-線上接待中心",/plan,2,2,3,1.5,28
tw.search.yahoo.com / referral,(referral),隱私權聲明 - 遠雄房地產,/privacy/,2,2,5,2.5,19
fb / paid,120224909124380347,隱私權聲明 - 遠雄房地產,/privacy/,2,2,3,1.5,10.5
line-lap / dh2,14,隱私權聲明 - 遠雄房地產,/privacy/,2,2,7,3.5,64
fb / bh11,8-2,隱私權聲明 - 遠雄房地產,/privacy/,2,2,2,1,7
google / cpc,gdn20257-1,隱私權聲明 - 遠雄房地產,/privacy/,2,2,3,1.5,68
fb / ar1,privacy,隱私權聲明 - 遠雄房地產,/privacy/,2,2,2,1,26
google / organic,(organic),"B3立體格局圖,遠雄夏沐-線上接待中心",/room/model/b3,2,2,3,1.5,4.5
(not set),20250905五輪播,張寶容業務個人介紹 - 聯上智科,/sales/5VO1/G0389/,2,2,1,0.5,2.5
google / cpc,202509_1,張寶容業務個人介紹 - 聯上智科,/sales/5VO1/G0389/,2,2,2,1,4.5
webnews / 5vo1,202508,洪雅玲業務個人介紹 - 聯上智科,/sales/5VO1/G0521/,2,2,3,1.5,10
(not set),20250905五輪播,洪雅玲業務個人介紹 - 聯上智科,/sales/5VO1/G0521/,2,2,1,0.5,0.5
google / cpc,202509_1,洪雅玲業務個人介紹 - 聯上智科,/sales/5VO1/G0521/,2,2,3,1.5,7
google / organic,(organic),蘇峰正業務個人介紹 - 聯上智科,/sales/5VO1/G0729/,2,2,4,2,261
tw.search.yahoo.com / referral,(referral),黃䕒慧業務個人介紹 - 遠創力行銷-北大店,/sales/8FSL01/B5714/,2,2,2,1,29.5
google / cpc,O1_品牌字_2025.0801,薛品涵業務個人介紹 - 遠雄THE ONE,/sales/O1/B4860/,2,2,2,1,7
google / cpc,O1_品牌字_2025.0801,馬一鳴業務個人介紹 - 遠雄THE ONE,/sales/O1/B5948/,2,2,2,1,1.5
google / cpc,O1_地區字_2025.0801,蔡慧祈業務個人介紹 - 遠雄THE ONE,/sales/O1/G1052/,2,2,2,1,5
google / cpc,(organic),蔡定誠業務個人介紹 - 遠雄泱玥,/sales/ah2/B4720/,2,2,2,1,3.5
google / organic,(organic),呂昭助業務個人介紹 - 遠雄泱玥,/sales/ah2/B5030/,2,2,3,1.5,12.5
google / organic,(organic),周繹加業務個人介紹 - 遠雄泱玥,/sales/ah2/B5654/,2,2,2,1,21
google / organic,(organic),鄭家昇業務個人介紹 - 遠雄泱玥,/sales/ah2/B5805/,2,2,2,1,11
(direct) / (none),(direct),陳怡靜業務個人介紹 - 遠雄泱玥,/sales/ah2/G0116/,2,2,2,1,2
google / cpc,20250616_台北豪宅/別墅,蔡姈君業務個人介紹 - 齊興緻,/sales/ar1/B1716/,2,2,2,1,11
google / organic,(organic),鍾坤霖業務個人介紹 - 齊興緻,/sales/ar1/B2509/,2,2,2,1,13
google / organic,(organic),林白芷業務個人介紹 - 齊興緻,/sales/ar1/B3622/,2,2,2,1,5.5
line-lap / ar1,20250718,林白芷業務個人介紹 - 齊興緻,/sales/ar1/B3622/,2,2,2,1,8.5
line-lap / ar1,20250718,吳若榆業務個人介紹 - 齊興緻,/sales/ar1/B4125/,2,2,2,1,6.5
fb / ar1,fb1-3,吳若榆業務個人介紹 - 齊興緻,/sales/ar1/B4125/,2,2,2,1,0
google / organic,(organic),周卉雯業務個人介紹 - 遠雄敦富,/sales/bh10/B3081/,2,2,2,1,4
(not set),20250905五輪播,周卉雯業務個人介紹 - 遠雄敦富,/sales/bh10/B3081/,2,2,1,0.5,12.5
google / cpc,brand,周卉雯業務個人介紹 - 遠雄敦富,/sales/bh10/B3081/,2,2,2,1,9.5
leju / bh10,leju,謝欣學業務個人介紹 - 遠雄敦富,/sales/bh10/B5736/,2,2,2,1,3
google / cpc,(organic),李心心業務個人介紹 - 遠雄敦富,/sales/bh10/G0599/,2,2,2,1,3.5
google / organic,(organic),李心心業務個人介紹 - 遠雄敦富,/sales/bh10/G0599/,2,2,2,1,6.5
google / cpc,(organic),黃郁恬業務個人介紹 - 遠雄丰尚,/sales/bh11/G0335/,2,2,2,1,3.5
google / cpc,20250918,黃郁恬業務個人介紹 - 遠雄丰尚,/sales/bh11/G0335/,2,2,2,1,1
fb / bh11,8-3,黃郁恬業務個人介紹 - 遠雄丰尚,/sales/bh11/G0335/,2,2,2,1,6.5
google / cpc,(organic),黃子霏業務個人介紹 - 遠雄丰尚,/sales/bh11/G0630/,2,2,2,1,7
tw.search.yahoo.com / referral,(referral),黃子霏業務個人介紹 - 遠雄丰尚,/sales/bh11/G0630/,2,2,3,1.5,6.5
google / cpc,corearea0829,黃子霏業務個人介紹 - 遠雄丰尚,/sales/bh11/G0630/,2,2,2,1,9
google / cpc,information4,黃子霏業務個人介紹 - 遠雄丰尚,/sales/bh11/G0630/,2,2,2,1,5
google / cpc,(organic),葉淯蓁業務個人介紹 - 遠雄樂元,/sales/bh7/B6099/,2,2,2,1,2.5
fb / bh7,4,葉淯蓁業務個人介紹 - 遠雄樂元,/sales/bh7/B6099/,2,2,2,1,4
google / cpc,pmax-1-anothercity,葉淯蓁業務個人介紹 - 遠雄樂元,/sales/bh7/B6099/,2,2,2,1,1.5
(not set),20250905五輪播,林芸安業務個人介紹 - 遠雄樂元,/sales/bh7/B6129/,2,2,5,2.5,2
line-lap / bh7,lap-1,林芸安業務個人介紹 - 遠雄樂元,/sales/bh7/B6129/,2,2,2,1,3.5
(not set),20250905五輪播,魏祥桐業務個人介紹 - 遠雄樂元,/sales/bh7/G0306/,2,2,2,1,0
line-fgr / bh7,linefgrbh7,魏祥桐業務個人介紹 - 遠雄樂元,/sales/bh7/G0306/,2,2,2,1,1
(direct) / (none),(direct),林侑立業務個人介紹 - 遠雄樂元,/sales/bh7/G0526/,2,2,2,1,24
m000476.layout.minmax.website / referral,(referral),林侑立業務個人介紹 - 遠雄樂元,/sales/bh7/G0526/,2,2,4,2,5
line-fgr / bh7,linefgrbh7,林侑立業務個人介紹 - 遠雄樂元,/sales/bh7/G0526/,2,2,2,1,0
google / cpc,(organic),黃語璇業務個人介紹 - 遠雄樂元,/sales/bh7/G0990/,2,2,2,1,9
fb / bh7,1,黃語璇業務個人介紹 - 遠雄樂元,/sales/bh7/G0990/,2,2,2,1,27
(not set),20250905五輪播,黃語璇業務個人介紹 - 遠雄樂元,/sales/bh7/G0990/,2,2,2,1,42.5
line-lap / bh7,lap-1,黃語璇業務個人介紹 - 遠雄樂元,/sales/bh7/G0990/,2,2,3,1.5,12.5
(direct) / (none),(direct),簡宇婕業務個人介紹 - 遠雄樂元,/sales/bh7/G0993/,2,2,2,1,0
google / organic,(organic),簡宇婕業務個人介紹 - 遠雄樂元,/sales/bh7/G0993/,2,2,2,1,5
(not set),20250905五輪播,簡宇婕業務個人介紹 - 遠雄樂元,/sales/bh7/G0993/,2,2,3,1.5,1
(direct) / (none),(direct),徐紋媛業務個人介紹 - 遠雄洄山行,/sales/bh8/B5734/,2,2,2,1,4
fb / bh8,fb16-2,徐紋媛業務個人介紹 - 遠雄洄山行,/sales/bh8/B5734/,2,2,2,1,16.5
fb / bh8,fb16-2,林明櫻業務個人介紹 - 遠雄洄山行,/sales/bh8/G0262/,2,2,2,1,9
google / cpc,(organic),林侑立業務個人介紹 - 遠雄綠美,/sales/bh9/G0526/,2,2,2,1,10
google / organic,(organic),林侑立業務個人介紹 - 遠雄綠美,/sales/bh9/G0526/,2,2,2,1,8.5
(direct) / (none),(direct),林筱茹業務個人介紹 - 遠雄綠美,/sales/bh9/G0992/,2,2,2,1,5.5
google / cpc,(organic),簡宇婕業務個人介紹 - 遠雄綠美,/sales/bh9/G0993/,2,2,2,1,1
google / organic,(organic),沈玉菁業務個人介紹 - 村泉蒔美,/sales/cqh1/B5432/,2,2,2,1,6.5
google / cpc,CQH1-地區字,沈玉菁業務個人介紹 - 村泉蒔美,/sales/cqh1/B5432/,2,2,2,1,3.5
google / cpc,CQH1-競品字,沈玉菁業務個人介紹 - 村泉蒔美,/sales/cqh1/B5432/,2,2,2,1,2
google / cpc,CQH1-地區字,曾華萱業務個人介紹 - 村泉蒔美,/sales/cqh1/G0679/,2,2,2,1,13
google / organic,(organic),邱俊鳴業務個人介紹 - 都美大河商爵,/sales/dgm1/B2088/,2,2,2,1,19.5
google / cpc,gdn5-7,郭佳莉業務個人介紹 - 都美大河商爵,/sales/dgm1/B4978/,2,2,5,2.5,10
line-lap / dh2,12,蔡旻芮業務個人介紹 - 遠雄山禾,/sales/dh2/B6132/,2,2,2,1,13
line-lap / dh2,14,蔡旻芮業務個人介紹 - 遠雄山禾,/sales/dh2/B6132/,2,2,3,1.5,19
google_kw / dh2,(organic),劉佳玲業務個人介紹 - 遠雄山禾,/sales/dh2/G0600/,2,2,2,1,3
google_kw / dh2,(organic),林詩穎業務個人介紹 - 遠雄山禾,/sales/dh2/G0633/,2,2,2,1,3
google / organic,(organic),紀佳男業務個人介紹 - 遠雄峰蘊,/sales/eh1/G0639/,2,2,2,1,4.5
google / cpc,brand,紀佳男業務個人介紹 - 遠雄峰蘊,/sales/eh1/G0639/,2,2,2,1,9.5
google / cpc,brand,賴玫蓁業務個人介紹 - 遠雄峰蘊,/sales/eh1/G0881/,2,2,2,1,2.5
fgr-line / eh2,listbutton,洪梓芸業務個人介紹 - 遠雄一靚,/sales/eh2/B5986/,2,2,2,1,15
google / cpc,(organic),陳澤韋業務個人介紹 - 遠雄一靚,/sales/eh2/G0243/,2,2,2,1,7.5
(not set),20250905五輪播,陳澤韋業務個人介紹 - 遠雄一靚,/sales/eh2/G0243/,2,2,2,1,3.5
fgr-line / eh2,listbutton,陳澤韋業務個人介紹 - 遠雄一靚,/sales/eh2/G0243/,2,2,2,1,12
google / cpc,brand,徐靖業務個人介紹 - 遠雄一靚,/sales/eh2/G0597/,2,2,2,1,6
google / organic,(organic),蔡景宇業務個人介紹 - 遠雄一靚,/sales/eh2/G0855/,2,2,2,1,7.5
(not set),20250905五輪播,陳灝業務個人介紹 - 遠雄一靚,/sales/eh2/G1010/,2,2,2,1,5.5
(direct) / (none),(direct),林建宏業務個人介紹 - 遠雄沐蘊,/sales/eh5/B1974/,2,2,2,1,3
(not set),20250905五輪播,林建宏業務個人介紹 - 遠雄沐蘊,/sales/eh5/B1974/,2,2,1,0.5,4.5
fb / eh5,park,林建宏業務個人介紹 - 遠雄沐蘊,/sales/eh5/B1974/,2,2,2,1,9
fb / eh5,form,范亦萱業務個人介紹 - 遠雄沐蘊,/sales/eh5/G0309/,2,2,2,1,6
google / organic,(organic),戴維民業務個人介紹 - 遠雄沐蘊,/sales/eh5/G0596/,2,2,3,1.5,14.5
google / organic,(organic),鄭喨予業務個人介紹 - 遠雄沐蘊,/sales/eh5/G0598/,2,2,3,1.5,22.5
google / organic,(organic),林秀樺業務個人介紹 - 遠雄商用不動產,/sales/fm3/B3312/,2,2,2,1,2.5
google / cpc,brand,林秀樺業務個人介紹 - 遠雄商用不動產,/sales/fm3/B3312/,2,2,2,1,15
google / cpc,brand,張庭海業務個人介紹 - 遠雄商用不動產,/sales/fm3/B4147/,2,2,2,1,7
google / organic,(organic),葉閎宇業務個人介紹 - 遠雄商用不動產,/sales/fm3/G0206/,2,2,2,1,91.5
pmp / (not set),6,鄭玲蘭業務個人介紹 - 遠雄星呈,/sales/h707/B4789/,2,2,2,1,4
google / organic,(organic),林欣伶業務個人介紹 - 遠雄星呈,/sales/h707/B5856/,2,2,2,1,5.5
m000476.com / referral,(referral),服務條款-遠雄房地產,/terms-of-service/,2,2,3,1.5,0
(not set),20250905五輪播,服務條款暨隱私權聲明 -遠雄房地產,/terms-of-service_and_privacy/,2,2,3,1.5,22.5
fb / eh5,privacy,服務條款暨隱私權聲明 -遠雄房地產,/terms-of-service_and_privacy/,2,2,2,1,22
(direct) / (none),(direct),【遠雄純寓】可以走入繁華，也可以選擇安靜 - 遠雄房地產,/wom-recommendation/bh2_wang/,2,2,2,1,1
google / organic,(organic),購屋必備條件一次到位，「遠雄豐河」滿足小家庭期待 - 遠雄房地產,/wom-recommendation/h101b_bridge/,2,2,2,1,18
google / cpc,遠雄幸福成_H713_關鍵字_0516_外縣市,「遠雄幸福成」一次實現老婆對新房的期待 - 遠雄房地產,/wom-recommendation/h713_cheng/,2,2,2,1,32
(direct) / (none),(direct),「遠雄幸福成」台中最後一塊潛力明星區域，年輕人也買得起 - 遠雄房地產,/wom-recommendation/h713_lin/,2,2,2,1,35.5
google / cpc,遠雄幸福成_H713_關鍵字_0516_外縣市,「遠雄幸福成」面朝大海看落日，左擁右抱大公園 - 遠雄房地產,/wom-recommendation/h713_tsang/,2,2,5,2.5,66.5
google / cpc,遠雄幸福成_H713_關鍵字_0516_外縣市,中意綠意與水岸，劉氏伉儷在「遠雄青晉」享受未來人生 - 遠雄房地產,/wom-recommendation/liu_couple/,2,2,2,1,8
(direct) / (none),(direct),【遠雄東御苑】已購證言：王小姐 // 超強格局、環境單純更加分 // - 遠雄房地產,/wom-recommendation/【遠雄東御苑】已購證言：王小姐-超強格局、環/,2,2,3,1.5,19
(not set),(not set),預約成功 - 遠雄房地產,/預約成功感謝頁/,2,2,3,1.5,12
(not set),20250905五輪播,預約成功 - 遠雄房地產,/預約成功感謝頁/,2,2,1,0.5,0
google / organic,(organic),- 遠雄房地產,/,1,2,3,3,536
statics.teams.cdn.office.net / referral,(referral),2025九月主題報B - 遠雄房地產,/,1,2,2,2,2
google / organic,(organic),25Q2 美股財報-深度拆解半導體龍頭與 AI 趨勢 - 遠雄房地產,/,1,2,9,9,94
googlemap / o1,googlemap,Farglory Real Estate: The home buying expert who understands life best,/,1,2,0,0,43
excel.officeapps.live.com / referral,(referral),[影音] 專家觀點地政篇：假結婚與房產繼承 - 五億遺產的法律爭奪戰9/24 - 遠雄房地產,/,1,2,15,15,69
(direct) / (none),(direct),【遠雄北府苑】｜台南首座全齡通用認證宅，爭藏絕版，市心重劃，稀有2-4房,/,1,2,2,2,78
google / organic,(organic),何世昌觀點：2025年台灣房市潛力區域專題 - 北台灣篇 - 遠雄房地產,/,1,2,2,2,3
(not set),20250905五輪播,何世昌觀點：2025年台灣房市潛力區域專題 - 北台灣篇 - 遠雄房地產,/,1,2,1,1,5
youtube / ah2,architecture30s,何世昌觀點：2025年台灣房市潛力區域專題 - 北台灣篇 - 遠雄房地產,/,1,2,3,3,4
youtube / ah2,architecture30s,劉佩真觀點：AI科技宅當道！台灣半導體聚落帶動房市 - 遠雄房地產,/,1,2,1,1,0
google / organic,(organic),劉佩真觀點：南台灣產業轉型與房地產市場的影響(12月) - 遠雄房地產,/,1,2,2,2,15
google / organic,(organic),建案熱區巡禮：北士科爆840億商辦案量，搶攻輝達、金仁寶供應鏈需求 - 遠雄房地產,/,1,2,0,0,12
excel.officeapps.live.com / referral,(referral),建案熱區巡禮：桃園龜山居住新勢力，北北桃一小時生活圈 - 遠雄房地產,/,1,2,1,1,0
mkto-sn070013.com / referral,(referral),您正在找 - 遠雄房地產,/,1,2,5,5,28
statics.teams.cdn.office.net / referral,(referral),您正在找 - 遠雄房地產,/,1,2,3,3,31
5vo1 / 5vo1,202508,您正在找 - 遠雄房地產,/,1,2,3,3,21
(not set),20250808一輪播,您正在找 - 遠雄房地產,/,1,2,2,2,4
(direct) / (none),(direct),永然法律不動產專欄：台版地面師如何騙走你的不動產? - 遠雄房地產,/,1,2,1,1,1
(direct) / (none),(direct),永然法律不動產專欄：未婚情侶合資買房在法律上要注意什麼呢？ - 遠雄房地產,/,1,2,1,1,7
bma.org.tw / referral,(referral),遠房實價登錄,/,1,2,2,2,0
fb / eh1,12-6,遠房實價登錄,/,1,2,2,2,48
fb / paid,120222246228310066,遠房實價登錄,/,1,2,3,3,0
web-ettoday / h902,20211119,遠房實價登錄,/,1,2,2,2,0
google / cpc,20220125,遠房實價登錄,/,1,2,2,2,0
fgr-line / bh9,20241108,遠房實價登錄,/,1,2,2,2,0
google_kw / o1,Compete,遠房實價登錄,/,1,2,2,2,0
google_kw / cqh1,brand,遠房實價登錄,/,1,2,2,2,0
google-map / (not set),eh1,遠房實價登錄,/,1,2,2,2,0
fb / cqh1,fb-23,遠房實價登錄,/,1,2,8,8,0
fgr-line / fgr,tax_mitigation_housetax_20220902,遠房實價登錄,/,1,2,6,6,0
web-ettoday / bh10,webettoday-1122,遠房實價登錄,/,1,2,2,2,0
line / o1,line4-2,遠雄THE ONE | 獨一無二極致生活 僅獻給每一位層峰,/,1,2,2,2,0
localhost:8080 / referral,(referral),遠雄房地產：最懂生活的購屋專家,/,1,2,5,5,68
(not set),20250711一輪播,遠雄房地產：最懂生活的購屋專家,/,1,2,2,2,2
ttd / bh11,20250902,遠雄房地產：最懂生活的購屋專家,/,1,2,2,2,15
google_kw / o1,Compete,遠雄房地產：最懂生活的購屋專家,/,1,2,2,2,9
web-edm / bh11,DM_202509,遠雄房地產：最懂生活的購屋專家,/,1,2,3,3,0
google / cpc,buyhourse,遠雄房地產：最懂生活的購屋專家,/,1,2,2,2,46
fgr-line / fgr,expert_hoshichang_video_property_price_20250801,遠雄房地產：最懂生活的購屋專家,/,1,2,3,3,6
fb / 8fsl01,leads,遠雄房地產：最懂生活的購屋專家,/,1,2,3,3,0
fgr-line / fgr,tax_mitigation_housetax_20220902,遠雄房地產：最懂生活的購屋專家,/,1,2,3,3,11
line-lap / line-lap,H102,遠雄香榭園,/,1,2,2,2,0
google / organic,(organic),避免不動產詐騙：買房必讀｜如何避免成為房貸人頭？ - 遠雄房地產,/,1,2,14,14,113
google / organic,(organic),找不到頁面 - 遠雄房地產,/404/,1,2,1,1,2
line-lap / ar1,20250718,齊興緻-吳若榆-遠雄房地產 Farglory-Realty,/AR1/b4125,1,2,3,3,1
(direct) / (none),(direct),2025八月主題報 - 遠雄房地產,/AUG2025/,1,2,1,1,0
5vo1 / 5vo1,202508,品牌實力-遠雄房地產,/about/brand_performance_backup/,1,2,3,3,35
localhost:8080 / referral,(referral),關於遠創力 - 遠雄房地產,/about/telecreative_marketing/,1,2,2,2,21
(not set),20250613一輪播,關於遠創力 - 遠雄房地產,/about/telecreative_marketing/,1,2,1,1,5
(not set),20250905五輪播,關於遠創力 - 遠雄房地產,/about/telecreative_marketing/,1,2,1,1,1
google / organic,(organic),遠雄房地產 官方LINE「中秋好禮」💝中秋同心 花蓮振興! - 得獎公告 - 遠雄房地產,/activity-report/39339/,1,2,1,1,33
farglory-land.com.tw / referral,(referral),遠雄【好室智造所】全台巡迴從台中港熱鬧啟航，永續藍圖逐步落實 - 遠雄房地產,/activity-report/hauslab_2025/,1,2,1,1,3
5vo1 / 5vo1,202508,遠雄房地產 官方LINE「8月好友禮」得獎公告 - 遠雄房地產,/activity-report/line-friends-aug/,1,2,1,1,0
bing / organic,(organic),遠雄沐蘊 | 夏日感恩大回饋🎁好鄰介紹所開張囉! - 遠雄房地產,/activity-report/遠雄沐蘊-夏日感恩大回饋-好鄰介紹所開張囉/,1,2,1,1,1
fgr-line / bh11,listbutton,活動一覽：建案活動與會員好禮 -遠雄房地產,/activity_report/activities_glance/,1,2,3,3,9
google / organic,(organic),遠雄泱玥 | 水岸正首席．北士科首獻｜57-75坪-蔡定誠-遠雄房地產 Farglory-Realty,/ah2/B4720,1,2,2,2,4
(direct) / (none),(direct),遠雄泱玥 | 水岸正首席．北士科首獻｜57-75坪-趙偉傑-遠雄房地產 Farglory-Realty,/ah2/g0106,1,2,4,4,12
socialmedia / fgr-line,apr2025,2025四月主題報 - 遠雄房地產,/apr2025/,1,2,1,1,7
google / organic,(organic),2025八月主題報 - 遠雄房地產,/aug2025/,1,2,1,1,1
google / organic,(organic),遠雄丰尚-黃子霏-遠雄房地產 Farglory-Realty,/bh11/G0630,1,2,2,2,0
google / cpc,0829,遠雄丰尚-黃子霏-遠雄房地產 Farglory-Realty,/bh11/G0630,1,2,3,3,1
excel.officeapps.live.com / referral,(referral),遠雄丰尚-陳蘊文-遠雄房地產 Farglory-Realty,/bh11/G1189,1,2,1,1,44
google / organic,(organic),遠雄丰尚-李佳蓉-遠雄房地產 Farglory-Realty,/bh11/G1266,1,2,2,2,0
socialmedia / bh8,dcard_202508,商用不動產 彙整 - 遠雄房地產,/building-tag/商用不動產/,1,2,2,2,25
google / cpc,O1_地區字_2025.0801,豪宅 彙整 - 遠雄房地產,/building-tag/豪宅/,1,2,2,2,0
(not set),20250905五輪播,聯上智科｜北士科AI總部 輝達核心軸線 -台北市北投區商辦/預售新建案-預約賞屋，遠創力行銷,/buildings/5VO1/,1,2,2,2,138
(not set),20250919一輪播,"LinkScan | Nvidia Core Axis, Beishike AI Headquarters - Taipei City Beitou District Commercial/Pre-sale New Construction - Appointment for Viewing, Yuantronics Marketing",/buildings/5vo1/,1,2,0,0,0
socialmedia / bh8,dcard_202508,聯上智科｜北士科AI總部 輝達核心軸線 -台北市北投區商辦/預售新建案-預約賞屋，遠創力行銷,/buildings/5vo1/,1,2,3,3,122
sms / aep-cdp,aep-306,遠創力行銷-北大店 | 買賣仲介 ‧ 物件評估 ‧ 全方位資產規劃,/buildings/8fsl01/,1,2,4,4,12
google_kw / cqh1,brand,遠創力行銷-未來店 | 全房產 專業仲介服務,/buildings/8hgs01/,1,2,2,2,0
tagassistant.google.com / referral,(referral),遠雄14期首發【遠雄丰尚】北屯新案．近漢神洲際百貨,/buildings/BH11/,1,2,2,2,29
tw.search.yahoo.com / referral,(referral),北士科建案【遠雄泱玥】-水岸首排．57-75坪,/buildings/ah2/,1,2,2,2,84
iqiyi / ah2,ttd-2,北士科建案【遠雄泱玥】-水岸首排．57-75坪,/buildings/ah2/,1,2,2,2,0
google_kw / dh2,(organic),北士科建案【遠雄泱玥】水岸首排．57-75坪,/buildings/ah2/,1,2,2,2,13
chatgpt.com / referral,(referral),北士科建案【遠雄泱玥】水岸首排．57-75坪,/buildings/ah2/,1,2,2,2,0
(not set),20250725一輪播,齊興_緻-台北市北投區/北士科住宅預售屋,/buildings/ar1/,1,2,2,2,1
line-lap / bh10,line-lap20253-1,北屯敦富路【遠雄敦富】- 北屯機捷預售屋．近好市多,/buildings/bh10/,1,2,2,2,0
chatgpt.com / referral,(referral),遠雄14期首發【遠雄丰尚】北屯新案．近漢神洲際百貨,/buildings/bh11/,1,2,1,1,7
farglory.com.tw / referral,(referral),遠雄14期首發【遠雄丰尚】北屯新案．近漢神洲際百貨,/buildings/bh11/,1,2,2,2,18
(not set),20250725二輪播,遠雄14期首發【遠雄丰尚】北屯新案．近漢神洲際百貨,/buildings/bh11/,1,2,2,2,27
(direct) / (none),20250919一輪播,遠雄14期首發【遠雄丰尚】北屯新案．近漢神洲際百貨,/buildings/bh11/,1,2,1,1,0
(not set),20250919一輪播,(1) 封未讀訊息 | 遠雄琉蘊 -台中市西屯區七期預售屋/新建案-預約賞屋，遠雄房地產,/buildings/bh5/,1,2,1,1,11
l.instagram.com / referral,(referral),遠雄琉蘊 -台中市西屯區七期預售屋/新建案-預約賞屋，遠雄房地產,/buildings/bh5/,1,2,2,2,0
line-lap / bh5,(referral),遠雄藝舍-台中西屯區麥當勞旁金店面-預約賞屋，遠雄房地產,/buildings/bh6/,1,2,2,2,123
(not set),20250919一輪播,遠雄藝舍-台中西屯區麥當勞旁金店面-預約賞屋，遠雄房地產,/buildings/bh6/,1,2,2,2,45
google / cpc,brand,(1) 封未讀訊息 | 【遠雄樂元】北屯機捷X好市多，雙首排大道最核心，夠近才最好,/buildings/bh7/,1,2,0,0,39
fb / ah2,fb-18,【遠雄樂元】北屯機捷X好市多，雙首排大道最核心，夠近才最好,/buildings/bh7/,1,2,2,2,1
gdn / bh7,gdn-1-anothercity,【遠雄樂元】北屯機捷X好市多，雙首排大道最核心，夠近才最好,/buildings/bh7/,1,2,1,1,0
web-ettoday / bh8,20241107,台中西屯建案【遠雄洄山行】．2-4房方正格局,/buildings/bh8/,1,2,2,2,17
web-ettoday / bh8,20250214,台中西屯建案【遠雄洄山行】．2-4房方正格局,/buildings/bh8/,1,2,2,2,32
(not set),20250808一輪播,台中西屯建案【遠雄洄山行】．2-4房方正格局,/buildings/bh8/,1,2,2,2,15
fgr-line / bh9,20241108,水湳建案【遠雄綠美】鄰近綠美圖．中央公園預售屋,/buildings/bh9/,1,2,2,2,0
(direct) / (none),20250808一輪播,水湳建案【遠雄綠美】鄰近綠美圖．中央公園預售屋,/buildings/bh9/,1,2,0,0,0
(not set),(not set),村泉蒔美｜門戶端點 從容跨界｜台北生活最美起點,/buildings/cqh1/,1,2,1,1,0
fb / dh2,fb-42,村泉蒔美｜門戶端點 從容跨界｜台北生活最美起點,/buildings/cqh1/,1,2,2,2,18
google_kw / cqh1,brand,大河商爵-台北市士林區廠辦/預售新建案-預約賞屋，遠創力行銷,/buildings/dgm1/,1,2,2,2,1
excel.officeapps.live.com / referral,(referral),台南永康新建案【遠雄山禾】-鹽行特區．3-4房,/buildings/dh2/,1,2,1,1,11
l.facebook.com / referral,(referral),台南永康新建案【遠雄山禾】-鹽行特區．3-4房,/buildings/dh2/,1,2,1,1,2
statics.teams.cdn.office.net / referral,(referral),台南永康新建案【遠雄山禾】-鹽行特區．3-4房,/buildings/dh2/,1,2,1,1,33
dm / dh2,202403,台南永康新建案【遠雄山禾】-鹽行特區．3-4房,/buildings/dh2/,1,2,1,1,1
line-lap / dh3,7,找不到頁面 - 遠雄房地產,/buildings/dh3/,1,2,2,2,6
mkto-sn070013.com / referral,(referral),安南重劃首選【遠雄藏萃】全新落成，珍稀戶別釋出！,/buildings/dh5/,1,2,1,1,0
excel.officeapps.live.com / referral,(referral),高雄建案推薦【遠雄峰蘊】- 近科工館．高雄預售屋,/buildings/eh1/,1,2,1,1,50
fb / eh1,12-6,高雄建案推薦【遠雄峰蘊】- 近科工館．高雄預售屋,/buildings/eh1/,1,2,2,2,85
web-ettoday / h902,20211119,高雄建案推薦【遠雄峰蘊】- 近科工館．高雄預售屋,/buildings/eh1/,1,2,2,2,0
google-map / (not set),eh1,高雄建案推薦【遠雄峰蘊】- 近科工館．高雄預售屋,/buildings/eh1/,1,2,2,2,27
line / bh5,line46,高雄建案推薦【遠雄峰蘊】- 近科工館．高雄預售屋,/buildings/eh1/,1,2,1,1,30
ecosia.org / organic,(organic),遠雄一靚｜楠梓新案．高大特區首發｜早鳥預約中,/buildings/eh2/,1,2,2,2,34
(not set),20250613一輪播,遠雄一靚｜楠梓新案．高大特區首發｜早鳥預約中,/buildings/eh2/,1,2,2,2,42
line-lap / ar1,20250718,遠雄一靚｜楠梓新案．高大特區首發｜早鳥預約中,/buildings/eh2/,1,2,2,2,1
google / cpc,gdn20257-5,遠雄一靚｜楠梓新案．高大特區首發｜早鳥預約中,/buildings/eh2/,1,2,2,2,1109
tagassistant.google.com / referral,(referral),遠雄高雄新案｜楠梓新案．高大特區首發｜早鳥預約中,/buildings/eh2/,1,2,4,4,27
line-lap / eh3,20221219,找不到頁面 - 遠雄房地產,/buildings/eh3/,1,2,2,2,0
farglory-land.com.tw / referral,(referral),遠雄沐蘊-高雄市三民區預售屋/新建案-預約賞屋,/buildings/eh5/,1,2,2,2,13
excel.officeapps.live.com / referral,(referral),遠雄信義CENTER-新北市板橋區廠辦.商辦/預售新建案-預約賞屋,/buildings/fm3/,1,2,4,4,95
5vo1 / 5vo1,202508,遠雄信義CENTER-新北市板橋區廠辦.商辦/預售新建案-預約賞屋,/buildings/fm3/,1,2,1,1,0
google / cpc,gdn5-7,遠雄信義CENTER-新北市板橋區廠辦.商辦/預售新建案-預約賞屋,/buildings/fm3/,1,2,3,3,57
fb / dh2,leads,遠雄信義CENTER-新北市板橋區廠辦.商辦/預售新建案-預約賞屋,/buildings/fm3/,1,2,1,1,2
pmp / (not set),6,"Farglory Star - Nhà bán trước/Nhà mới xây tại Quận Thanh Thủy, Thành phố Đài Trung - Đặt lịch hẹn xem nhà, Bất động sản Farglory",/buildings/h707/,1,2,0,0,2
bing / organic,(organic),遠雄星呈-台中市清水區預售屋/新建案-預約賞屋，遠雄房地產,/buildings/h707/,1,2,1,1,201
(not set),20250725三輪播,遠雄星呈-台中市清水區預售屋/新建案-預約賞屋，遠雄房地產,/buildings/h707/,1,2,2,2,9
google / cpc,20220125,遠雄幸福成｜即將落成 - 台中市清水區預售/新建案-預約賞屋，遠雄房地產,/buildings/h713/,1,2,2,2,73
google / cpc,competitor,遠雄龜山廠辦新案 | 預約賞屋，遠雄房地產,/buildings/hm2/,1,2,2,2,0
google / cpc,O1_品牌字_2025.0801,远雄THE ONE-高雄市前镇区新成屋/新建案-预约赏屋,/buildings/o1/,1,2,0,0,65
bma.org.tw / referral,(referral),遠雄THE ONE-高雄市前鎮區新成屋/新建案-預約賞屋,/buildings/o1/,1,2,2,2,112
(not set),20250808一輪播,遠雄THE ONE-高雄市前鎮區新成屋/新建案-預約賞屋,/buildings/o1/,1,2,2,2,8
google_kw / cqh1,brand,遠雄THE ONE-高雄市前鎮區新成屋/新建案-預約賞屋,/buildings/o1/,1,2,2,2,0
farglory.com.tw / referral,(referral),熱銷建案：預售屋、新建案、新成屋 -遠雄房地產,/case/,1,2,2,2,2
(not set),20250711一輪播,熱銷建案：預售屋、新建案、新成屋 -遠雄房地產,/case/,1,2,2,2,1
googlemap / o1,googlemap,"Hottest Projects at a Glance: Farglory Pre-sale Homes, New Construction, and Completed Homes Across Taiwan",/case/search/,1,2,0,0,50
app.omnichat.ai / referral,(referral),熱銷建案一覽：遠雄全台預售屋、新建案、新成屋資訊,/case/search/,1,2,3,3,9
(not set),20250711一輪播,熱銷建案一覽：遠雄全台預售屋、新建案、新成屋資訊,/case/search/,1,2,2,2,72
5vo1 / 5vo1,202508,熱銷建案一覽：遠雄全台預售屋、新建案、新成屋資訊,/case/search/,1,2,3,3,31
(not set),20250711一輪播,熱銷建案一覽：遠雄全台預售屋、新建案、新成屋資訊,/case/search/page/2/,1,2,3,3,17
line / bh5,line46,熱銷建案一覽：遠雄全台預售屋、新建案、新成屋資訊,/case/search/page/2/,1,2,3,3,6
(not set),20250919一輪播,熱銷建案一覽：遠雄全台預售屋、新建案、新成屋資訊,/case/search/page/3/,1,2,2,2,17
line / bh5,line46,熱銷建案一覽：遠雄全台預售屋、新建案、新成屋資訊,/case/search/page/3/,1,2,2,2,6
line / bh5,line46,熱銷建案一覽：遠雄全台預售屋、新建案、新成屋資訊,/case/search/page/4/,1,2,2,2,14
(not set),20250919一輪播,熱銷建案一覽：遠雄全台預售屋、新建案、新成屋資訊,/case/search/page/5/,1,2,1,1,3
line / bh5,line46,熱銷建案一覽：遠雄全台預售屋、新建案、新成屋資訊,/case/search/page/5/,1,2,3,3,8
line-lap / dh2,14,熱銷建案一覽：遠雄全台預售屋、新建案、新成屋資訊,/case/search/sales_status/hot-sale/page/3/,1,2,3,3,40
google / organic,(organic),合作商機 - 遠雄房地產,/contact_service/business_cooperation/,1,2,2,2,169
google / organic,(organic),洽詢單送出成功 - 遠雄房地產,/contact_service/business_cooperation/洽詢單送出成功/,1,2,2,2,8
google / cpc,(organic),加入遠雄 築夢齊飛！-遠雄房地產,/contact_service/join_farglory/,1,2,3,3,68
yahoo / organic,(organic),世界造鎮推手‧遠雄譜寫台灣經濟奇蹟-遠雄房地產,/farglory-realty-about/push-hand/,1,2,1,1,3
5vo1 / 5vo1,202508,世界造鎮推手‧遠雄譜寫台灣經濟奇蹟-遠雄房地產,/farglory-realty-about/push-hand/,1,2,2,2,62
google / organic,(organic),將捷La Mer-宜蘭頭城．烏石港新成屋/新建案-預約賞屋,/gc_farbear/,1,2,4,4,11
google / organic,(organic),最懂生活的購屋專家-遠雄房地產,/gc_farbear/,1,2,2,2,0
(not set),20250711一輪播,遠雄房地產預約賞屋(線上賞屋與預約賞屋),/gc_farbear/make_appointment/,1,2,1,1,5
(not set),20250905五輪播,遠雄房地產預約賞屋(線上賞屋與預約賞屋),/gc_farbear/make_appointment/,1,2,2,2,16
(direct) / (none),(direct),房市反轉 彙整 - 遠雄房地產,/life-proposal-tag/2、市場/1市場相關專有詞/房市反轉/,1,2,2,2,19
google / organic,(organic),所得稅 彙整 - 遠雄房地產,/life-proposal-tag/2、市場/2稅務政策相關/income_tax/,1,2,1,1,6
google / organic,(organic),權狀 彙整 - 遠雄房地產,/life-proposal-tag/3、交易/1購屋流程相關/權狀/,1,2,3,3,0
(not set),20250905五輪播,室內設計 彙整 - 遠雄房地產,/life-proposal-tag/6、產品/11設計風格類型/interior_design/,1,2,4,4,61
(not set),20250905五輪播,室內設計 彙整 - 頁2，共3 - 遠雄房地產,/life-proposal-tag/6、產品/11設計風格類型/interior_design/page/2/,1,2,5,5,153
(not set),20250905五輪播,室內設計 彙整 - 頁3，共3 - 遠雄房地產,/life-proposal-tag/6、產品/11設計風格類型/interior_design/page/3/,1,2,3,3,85
google / organic,(organic),私人管家 彙整 - 遠雄房地產,/life-proposal-tag/6、產品/12服務/b-物業管理/私人管家/,1,2,1,1,0
google / organic,(organic),南科 彙整 - 遠雄房地產,/life-proposal-tag/commercial/科學園區/南科-commercial/,1,2,2,2,0
google / organic,(organic),產權登記 彙整 - 遠雄房地產,/life-proposal-tag/law_property/property_registration/,1,2,2,2,0
google / organic,(organic),不動產詐騙 彙整 - 遠雄房地產,/life-proposal-tag/law_property/不動產詐騙/,1,2,2,2,5
google / organic,(organic),台積電 彙整 - 遠雄房地產,/life-proposal-tag/macroeconomics-2/semiconductor/台積電/,1,2,3,3,0
yahoo / organic,(organic),全齡住宅趨勢，0~100歲都適用 - 遠雄房地產,/life-proposal/allagehouse/,1,2,1,1,12
chatgpt.com / referral,(referral),全齡住宅趨勢，0~100歲都適用 - 遠雄房地產,/life-proposal/allagehouse/,1,2,2,2,35
bing / organic,(organic),建案熱區巡禮：高雄楠梓區高大特區生活圈 - 遠雄房地產,/life-proposal/area-kaohsiung-nanzi_nuk_function_20250211/,1,2,1,1,34
excel.officeapps.live.com / referral,(referral),建案熱區巡禮：高雄楠梓區高大特區生活圈 - 遠雄房地產,/life-proposal/area-kaohsiung-nanzi_nuk_function_20250211/,1,2,3,3,76
google / cpc,area,建案熱區巡禮：高雄三民區高雄車站特區生活圈 - 遠雄房地產,/life-proposal/area-khh-station_20230914/,1,2,2,2,13
(not set),20250905五輪播,建案熱區巡禮：高雄前鎮區產業升級新篇章 - 遠雄房地產,/life-proposal/area-l-kaohsiung-qianzhen_20220805/,1,2,0,0,0
tw.search.yahoo.com / referral,(referral),建案熱區巡禮：中和翻轉！北台灣電子製造業最大產業聚落  - 遠雄房地產,/life-proposal/area-l-newtaipei-zhonghe_20220923/,1,2,1,1,22
statics.teams.cdn.office.net / referral,(referral),建案熱區巡禮：板橋為交通便捷、生活機能佳的新北都心 - 遠雄房地產,/life-proposal/area-l-ntpc_banqiao_20240717/,1,2,1,1,1
(not set),20250905五輪播,建案熱區巡禮：板橋為交通便捷、生活機能佳的新北都心 - 遠雄房地產,/life-proposal/area-l-ntpc_banqiao_20240717/,1,2,0,0,109
tw.search.yahoo.com / referral,(referral),建案熱區巡禮：北屯區台中首購最愛，喧鬧中的一隅悠閒 - 遠雄房地產,/life-proposal/area-l-taichung-beitun20220520/,1,2,1,1,1
tw.search.yahoo.com / referral,(referral),建案熱區巡禮：桃園龜山重大建設帶動發展利多 - 遠雄房地產,/life-proposal/area-l-taoyuan-guishan/,1,2,2,2,38
(not set),20250905五輪播,建案熱區巡禮：台南鹽行重劃區擁地段優勢，成最佳潛力股 - 遠雄房地產,/life-proposal/area-s-tainan-yanxing20200520/,1,2,1,1,2
google / cpc,BSTP,建案熱區巡禮：北士科的園區規畫與在地生活圈！科技廊道最後一塊拼圖將完整 - 遠雄房地產,/life-proposal/area-s-taipei-shilinbstp20220520/,1,2,2,2,10
copilot.microsoft.com / referral,(referral),建案熱區巡禮：台南永康區大灣重劃區生活圈 - 遠雄房地產,/life-proposal/area-tnn-dawan_function_20231129/,1,2,2,2,3
perplexity / (not set),(not set),建案熱區巡禮：新北板橋府中與南雅地區 - 交通篇 - 遠雄房地產,/life-proposal/area-tph_banqiao_traffic_20240905/,1,2,6,6,455
google / organic,(organic),找不到頁面 - 遠雄房地產,/life-proposal/area-txg-7th_traffic_20250103/（2025年6月5日檢閱）,1,2,3,3,3
bing / organic,(organic),建案熱區巡禮：台中西屯區水湳經貿園區生活圈 - 遠雄房地產,/life-proposal/area-txg-shuinan_20231027/,1,2,1,1,500
(not set),20250905五輪播,建案熱區巡禮：台中西屯區水湳經貿園區生活圈 - 遠雄房地產,/life-proposal/area-txg-shuinan_20231027/,1,2,1,1,6
app.clickup.com / referral,(referral),建案熱區巡禮：台中西屯水湳經貿園區 - 學區篇 - 遠雄房地產,/life-proposal/area-txg-shuinan_school_20240501/,1,2,1,1,0
(not set),20250905五輪播,建案熱區巡禮：台中西屯水湳經貿園區 - 學區篇 - 遠雄房地產,/life-proposal/area-txg-shuinan_school_20240501/,1,2,1,1,0
excel.officeapps.live.com / referral,(referral),建案熱區巡禮：台中北屯14期重劃區生活圈，打造北台中的新興生活核心 - 遠雄房地產,/life-proposal/area_txg_beitun_14th_function_20250829/,1,2,6,6,43
google / cpc,storefront,建案熱區巡禮：台中北屯機廠重劃區生活圈 - 遠雄房地產,/life-proposal/area_txg_beitun_depot_function_20240513/,1,2,2,2,3
tw.search.yahoo.com / referral,(referral),建案熱區巡禮：台中北屯機廠重劃區-學區篇 - 遠雄房地產,/life-proposal/area_txg_beitun_depot_school_20240522/,1,2,1,1,25
(not set),20250905五輪播,避免不動產詐騙：買房必讀｜如何避免成為房貸人頭？ - 遠雄房地產,/life-proposal/avoid-real-estate-fraud/,1,2,2,2,202
(not set),20250808一輪播,蓋好蓋滿還是適度留白？一次搞懂建蔽率與容積率 - 遠雄房地產,/life-proposal/build_rate/,1,2,2,2,2
tw.search.yahoo.com / referral,(referral),央行房市信用措施管制總整理！自住客時代來臨！ - 遠雄房地產,/life-proposal/controls_20230108/,1,2,1,1,23
google / organic,(organic),不用等大掃除「日常的居家保養」現在就開始！【居家百科】 - 遠雄房地產,/life-proposal/daily-clean/,1,2,2,2,32
tw.search.yahoo.com / referral,(referral),掌握贈與控制權，享受安心退休生活 - 遠雄房地產,/life-proposal/donated_property20220624/,1,2,1,1,144
google / organic,(organic),何世昌觀點：2025年台灣房市潛力區域專題 - 北台灣篇 - 遠雄房地產,/life-proposal/expert_hoshichang_northern-potential,1,2,1,1,2
youtube / ah2,architecture30s,何世昌觀點：2025年台灣房市潛力區域專題 - 北台灣篇 - 遠雄房地產,/life-proposal/expert_hoshichang_northern-potential,1,2,1,1,7
line-lap / bh10,line-lap20256-8,永然法律不動產專欄：購買預售屋如何選擇好的建商？(下集) - 遠雄房地產,/life-proposal/expert_law_y-rlee_builder2_20250425/,1,2,1,1,28
(direct) / (none),(direct),永然法律不動產專欄：未婚情侶合資買房在法律上要注意什麼呢？ - 遠雄房地產,/life-proposal/expert_law_y-rlee_co-buying_20251003,1,2,1,1,16
google / organic,(organic),永然法律不動產專欄：台版地面師如何騙走你的不動產? - 遠雄房地產,/life-proposal/expert_law_y-rlee_land-agent_20250905,1,2,1,1,0
statics.teams.cdn.office.net / referral,(referral),永然法律不動產專欄：台版地面師如何騙走你的不動產? - 遠雄房地產,/life-proposal/expert_law_y-rlee_land-agent_20250905,1,2,1,1,1
fgr-line / fgr,expert_peizhen_bullbear-2025h2__20250829,李同榮觀點：Al新十大建設對未來房市的具體影響 - 遠雄房地產,/life-proposal/expert_li_ai-projects_20250715/,1,2,1,1,3
(not set),20250905五輪播,李同榮觀點：2025自住首購族擇屋八大法則 - 遠雄房地產,/life-proposal/expert_li_homeowners_20250410/,1,2,0,0,149
excel.officeapps.live.com / referral,(referral),劉學龍觀點：新政府的房市政策期許與建議 - 遠雄房地產,/life-proposal/expert_liu_commercial_policy_20240709/,1,2,1,1,281
google / organic,(organic),財經M平方觀點：俄烏衝突使通膨升溫，加速各大央行緊縮進程 - 遠雄房地產,/life-proposal/expert_macromicro20220631/,1,2,3,3,1314
(not set),20250905五輪播,財經M平方觀點：去庫存壓力來襲，2 個訊號看製造業何時落底 - 遠雄房地產,/life-proposal/expert_macromicro20220726/,1,2,1,1,0
baidu / organic,(organic),財經M平方觀點：2023 年全球經濟三大重點，各國經濟將如何復甦？ - 遠雄房地產,/life-proposal/expert_macromicro_20221220/,1,2,2,2,30
perplexity.ai / referral,(referral),財經M平方觀點：2025 年中國經濟關鍵議題分析 - 遠雄房地產,/life-proposal/expert_macromicro_china-economic_20250120/,1,2,1,1,85
(not set),20250905五輪播,財經M平方觀點：股債位階與循環配置建議 - 遠雄房地產,/life-proposal/expert_macromicro_mec_cycle_20240430/,1,2,1,1,0
bing / organic,(organic),財經M平方觀點：關稅搶出口潮退去後，2025下半年製造業還有支撐嗎？ - 遠雄房地產,/life-proposal/expert_macromicro_mfg-h2_20250820/,1,2,1,1,20
google / organic,(organic),劉佩真觀點：從半導體業與台積電發展看台灣房市機會點 - 遠雄房地產,/life-proposal/expert_peizhen_20230201/,1,2,1,1,5
google / organic,(organic),劉佩真觀點：2024年第三季房市觀測-商用不動產、住宅市況兩樣情，呈現強弱分明態勢 - 遠雄房地產,/life-proposal/expert_peizhen_2024q3review_20241001/,1,2,1,1,8
perplexity.ai / referral,(referral),劉佩真觀點：2024年房市為前高後低態勢、2025年將進入調整階段 - 遠雄房地產,/life-proposal/expert_peizhen_2024review_20250107/,1,2,1,1,56
google / organic,(organic),劉佩真觀點：AI科技宅當道！台灣半導體聚落帶動房市 - 遠雄房地產,/life-proposal/expert_peizhen_ai-housing-trend/,1,2,3,3,64
excel.officeapps.live.com / referral,(referral),劉佩真觀點：AI科技宅當道！台灣半導體聚落帶動房市 - 遠雄房地產,/life-proposal/expert_peizhen_ai-housing-trend/,1,2,1,1,0
youtube / ah2,architecture30s,劉佩真觀點：AI科技宅當道！台灣半導體聚落帶動房市 - 遠雄房地產,/life-proposal/expert_peizhen_ai-housing-trend/,1,2,2,2,14
(not set),(not set),[影音] 劉佩真觀點：下半年房市走勢利多與利空一次看！ - 遠雄房地產,/life-proposal/expert_peizhen_bullbear-2025h2__20250829/,1,2,0,0,103
(not set),20250613一輪播,[影音] 劉佩真觀點：下半年房市走勢利多與利空一次看！ - 遠雄房地產,/life-proposal/expert_peizhen_bullbear-2025h2__20250829/,1,2,2,2,1
google / cpc,(organic),劉佩真觀點：輝達黃仁勳旋風對於台灣房市帶來的正面效應 - 遠雄房地產,/life-proposal/expert_peizhen_commercial_nvidia_20250603/,1,2,1,1,141
news.google.com / referral,(referral),[影音] 劉佩真觀點：從總體經營環境來看2025下半年住宅與商用市場最新動態 - 遠雄房地產,/life-proposal/expert_peizhen_oee_2025h2/,1,2,2,2,10
perplexity.ai / referral,(referral),劉佩真觀點：2025年第二季房市觀測 - 關稅、打炒房持續等利空，Q3房市景氣還有機會回升嗎？ - 遠雄房地產,/life-proposal/expert_peizhen_property-2025q2_20250707/,1,2,2,2,5
fgr-line / fgr,expert_peizhen_property-2025q2_20250707,劉佩真觀點：2025年第二季房市觀測 - 關稅、打炒房持續等利空，Q3房市景氣還有機會回升嗎？ - 遠雄房地產,/life-proposal/expert_peizhen_property-2025q2_20250707/,1,2,2,2,0
google / organic,(organic),劉佩真觀點：從大南方半導體業的崛起看區域房市的發展動態 - 遠雄房地產,/life-proposal/expert_peizhen_south_trend_20231207/,1,2,1,1,40
google / cpc,20250918,何世昌觀點：三大因素驅動，雙北市房價「蛋花湯」現象成為現在進行式　 - 遠雄房地產,/life-proposal/expert_shuangbei_20250822/,1,2,1,1,41
(direct) / (none),(direct),專家觀點地政篇：防範代書詐騙，如何查詢地政士的合法性？ - 遠雄房地產,/life-proposal/expert_zhu_expert_zhu_land-agent_20250917,1,2,1,1,41
statics.teams.cdn.office.net / referral,(referral),找不到頁面 - 遠雄房地產,/life-proposal/expert_zhu_expert_zhu_land-agent_20250917,1,2,1,1,1
cachedview.com / referral,(referral),專家觀點地政篇：不動產抵押權重點詳解 - 遠雄房地產,/life-proposal/expert_zhu_hypothec_20230815/,1,2,1,1,1
excel.officeapps.live.com / referral,(referral),專家觀點地政篇：邱澤不動產傳聞揭秘，實價登錄與容積移轉的真相 - 遠雄房地產,/life-proposal/expert_zhu_land-deal_20250813/,1,2,4,4,61
excel.officeapps.live.com / referral,(referral),專家觀點地政篇：限貸令對各族群影響 (下) 首購、換屋、繼承族群影響為何? - 遠雄房地產,/life-proposal/expert_zhu_loan-restriction2_20250219/,1,2,1,1,5
socialmedia / fgr,fb20250920,[影音] 豪宅稅跟你也有關係：有房族注意！影響與計算不可不知 - 遠雄房地產,/life-proposal/expert_zhu_mansion-tax-count_vedio_20250625/,1,2,2,2,7
excel.officeapps.live.com / referral,(referral),[影音] 專家觀點地政篇：婚前買房v.s婚後買房｜房子登記誰的名字好？ - 遠雄房地產,/life-proposal/expert_zhu_marriage_20230614/,1,2,1,1,1
search.google.com / referral,(referral),專家觀點地政篇：我該購買預售屋還是成屋？ - 遠雄房地產,/life-proposal/expert_zhu_presale_20230314/,1,2,2,2,7
bing / organic,(organic),專家觀點地政篇：私法人取得不動產的限制 - 遠雄房地產,/life-proposal/expert_zhu_private-corporation_20231114/,1,2,2,2,95
tw.search.yahoo.com / referral,(referral),專家觀點地政篇：只有不動產怎麼繳遺產稅？實物抵繳是否划算？ - 遠雄房地產,/life-proposal/expert_zhu_property_offset-2_20241220/,1,2,1,1,51
socialmedia / fgr,fb20250411,[影音] 停車位買賣詳細解析-你需要知道的車位權利 - 遠雄房地產,/life-proposal/expert_zhu_property_parking_vedio_20240828/,1,2,2,2,2
excel.officeapps.live.com / referral,(referral),專家觀點地政篇：不動產繼承登記如何自行辦理？ - 遠雄房地產,/life-proposal/expert_zhu_property_registration-of-inheritance_20240830/,1,2,1,1,2
yahoo / organic,(organic),專家觀點地政篇：到底停車位、露臺、屋頂屬於誰的？ - 遠雄房地產,/life-proposal/expert_zhu_public-area_20230718/,1,2,1,1,165
(not set),20250905五輪播,一見傾心的清水模設計，為家注入文青魂和自然風 - 遠雄房地產,/life-proposal/exposed_concrete_20220914/,1,2,2,2,0
perplexity / (not set),(not set),贈與稅與遺產稅免稅額提高，房屋轉讓給子女的規劃要點 - 遠雄房地產,/life-proposal/gift_tax/,1,2,4,4,37
news.google.com / referral,(referral),贈與稅與遺產稅免稅額提高，房屋轉讓給子女的規劃要點 - 遠雄房地產,/life-proposal/gift_tax/,1,2,1,1,11
(not set),20250905五輪播,個性化居家設計-工業風三大重點 - 遠雄房地產,/life-proposal/industrial_style_20221125/,1,2,3,3,172
google / organic,(organic),兒童房設計攻略：打造寶貝專屬空間 - 遠雄房地產,/life-proposal/kids_room_20230306/,1,2,1,1,95
search.google.com / referral,(referral),2024十大建商出爐！大建商穩，小建商靈活，買家如何選邊站？ - 遠雄房地產,/life-proposal/kw_brand_construction_20240109/,1,2,2,2,6
search.google.com / referral,(referral),交屋看仔細，常見交屋糾紛有哪些？ - 遠雄房地產,/life-proposal/kw_delivery_20230607/,1,2,2,2,8
docs.google.com / referral,(referral),買房大小事：法人住宅購屋貸款注意事項 - 遠雄房地產,/life-proposal/land_corporation/,1,2,1,1,1
bing / organic,(organic),記住授信5P原則，讓你的貸款成數更高更容易 - 遠雄房地產,/life-proposal/pre_mortgage_20221215/,1,2,1,1,43
bing / organic,(organic),居家以線板、百葉窗打造「輕美式」：首購族小資女、小家庭舒壓輕鬆宅,/life-proposal/shutters-home-design/,1,2,2,2,4
perplexity / (not set),(not set),抗酷暑 ! 室內空間降溫這樣做，植栽除了打造綠色空間也能降溫 - 遠雄房地產,/life-proposal/space_design_greencooldown_20240903/,1,2,1,1,47
(not set),20250919一輪播,工料雙漲下的省錢裝潢 | 居家裝修系統櫃新手攻略 - 遠雄房地產,/life-proposal/space_furnish_cabinet_20231125/,1,2,2,2,2
statics.teams.cdn.office.net / referral,(referral),工料雙漲下的省錢裝潢 | 新屋廚房三大必修省錢術 - 遠雄房地產,/life-proposal/space_furnish_kitchen_20240102/,1,2,2,2,3
(not set),20250905五輪播,工料雙漲下的省錢裝潢 | 新屋廚房三大必修省錢術 - 遠雄房地產,/life-proposal/space_furnish_kitchen_20240102/,1,2,11,11,420
(not set),20250919一輪播,讓新家環保又節能！新成屋改裝要點！ - 遠雄房地產,/life-proposal/space_furnish_newhouse_20231020/,1,2,2,2,1
excel.officeapps.live.com / referral,(referral),不動產節稅妙招：每年都要繳的財產稅省很大 - 遠雄房地產,/life-proposal/tax_mitigation_housetax_20220902/,1,2,2,2,41
(not set),20250530四輪播,聰明買房不吃虧，謄本訊息知多少 - 遠雄房地產,/life-proposal/transcript_20221007/,1,2,1,1,0
google / organic,(organic),修繕小知識：家裡漏水問題怎麼解？【居家百科】 - 遠雄房地產,/life-proposal/waterleaking/,1,2,3,3,20
(not set),20250808一輪播,修繕小知識：木地板刮傷怎麼辦？【居家百科】 - 遠雄房地產,/life-proposal/woodfix/,1,2,4,4,0
farglory.com.tw / referral,(referral),生活提案： 專家房市觀點、空間美學指南 -遠雄房地產,/life_proposal/,1,2,1,1,1
google / cpc,遠雄幸福成_H713_關鍵字_0516_外縣市,生活提案： 專家房市觀點、空間美學指南 -遠雄房地產,/life_proposal/,1,2,4,4,16
(not set),20250808一輪播,空間美學：三大保固升級服務-遠雄房地產,/life_proposal/space_aesthetics/,1,2,5,5,189
youtube / ah2,architecture30s,空間美學：三大保固升級服務-遠雄房地產,/life_proposal/space_aesthetics/,1,2,1,1,9
(not set),20250613一輪播,遠雄泱玥 | 水岸正首席．北士科首獻｜57-75坪-陳怡靜-遠雄房地產 Farglory-Realty,/main/review/64/G0116,1,2,1,1,2
google / organic,(organic),遠雄泱玥 | 水岸正首席．北士科首獻｜57-75坪-蔡定誠-遠雄房地產 Farglory-Realty,/main/review/64/b4720,1,2,2,2,47
(not set),20250808一輪播,遠雄泱玥 | 水岸正首席．北士科首獻｜57-75坪-周繹加-遠雄房地產 Farglory-Realty,/main/review/64/b5654,1,2,1,1,43
(direct) / (none),(direct),聯上智科,/main/review/75,1,2,1,1,3
5vo1 / 5vo1,202508,聯上智科,/main/review/75,1,2,1,1,3
(direct) / (none),(direct),聯上智科-張倉周-遠雄房地產 Farglory-Realty,/main/review/75/b1895,1,2,1,1,0
5vo1 / 5vo1,202508,聯上智科- 許齡允-遠雄房地產 Farglory-Realty,/main/review/75/b3920,1,2,2,2,15
fb / bh11,8-2,預約賞屋手機驗證 - 遠雄房地產,/mob_verify/,1,2,2,2,2
tagassistant.google.com / referral,(referral),遠房好友- 遠雄房地產,/my-account/,1,2,2,2,5
(direct) / (none),(direct),您正在找 - 頁2，共2 - 遠雄房地產,/page/2/,1,2,1,1,0
statics.teams.cdn.office.net / referral,(referral),您正在找 - 頁2，共2 - 遠雄房地產,/page/2/,1,2,1,1,2
console-v2.omnichat.ai / referral,(referral),隱私權聲明 - 遠雄房地產,/privacy/,1,2,3,3,2
tw.search.yahoo.com / referral,(referral),劉淑俐業務個人介紹 - 遠創力行銷-未來店,/sales/8HGS01/B4447/,1,2,2,2,8
(not set),20250919一輪播,許美淑業務個人介紹 - 遠雄商用不動產(林口龜山),/sales/HM2/B1535/,1,2,1,1,17
(not set),20250919一輪播,陳榮慶業務個人介紹 - 遠雄商用不動產(林口龜山),/sales/HM2/G0798/,1,2,2,2,19
google / organic,(organic),蔡姈君業務個人介紹 - 齊興緻,/sales/ar1/B1716/,1,2,4,4,157
(not set),20250919一輪播,蔡姈君業務個人介紹 - 齊興緻,/sales/ar1/B1716/,1,2,2,2,130
(not set),20250919一輪播,林白芷業務個人介紹 - 齊興緻,/sales/ar1/B3622/,1,2,2,2,273
(not set),20250919一輪播,吳若榆業務個人介紹 - 齊興緻,/sales/ar1/B4125/,1,2,2,2,71
(direct) / (none),(direct),陳驊廷業務個人介紹 - 齊興緻,/sales/ar1/G0141/,1,2,2,2,2
(not set),20250919一輪播,林怡業務個人介紹 - 遠雄敦富,/sales/bh10/B5578/,1,2,1,1,2
bing / organic,(organic),黃郁恬業務個人介紹 - 遠雄丰尚,/sales/bh11/G0335/,1,2,3,3,27
(not set),20250919一輪播,黃子霏業務個人介紹 - 遠雄丰尚,/sales/bh11/G0630/,1,2,2,2,0
google / cpc,gdn-1-taichung,林芸安業務個人介紹 - 遠雄樂元,/sales/bh7/B6129/,1,2,1,1,1
(not set),20250919一輪播,林育騏業務個人介紹 - 遠雄洄山行,/sales/bh8/G0117/,1,2,2,2,1
google / cpc,CQH1-地區字,吳麗美業務個人介紹 - 村泉蒔美,/sales/cqh1/B2850/,1,2,2,2,6
tw.search.yahoo.com / referral,(referral),曾華萱業務個人介紹 - 村泉蒔美,/sales/cqh1/G0679/,1,2,3,3,65
google / organic,(organic),劉佳玲業務個人介紹 - 遠雄山禾,/sales/dh2/G0600/,1,2,1,1,10
line-lap / dh2,12,劉佳玲業務個人介紹 - 遠雄山禾,/sales/dh2/G0600/,1,2,4,4,18
google / organic,(organic),林品宜業務個人介紹 - 遠雄峰蘊,/sales/eh1/G0336/,1,2,2,2,41
tw.search.yahoo.com / referral,(referral),張庭海業務個人介紹 - 遠雄商用不動產,/sales/fm3/B4147/,1,2,1,1,5
fg / eh1,eh1_card,遠雄房地產：最懂生活的購屋專家,/,0,2,2,null,null
(not set),20250718一輪播,齊興緻-施泓鈞-遠雄房地產 Farglory-Realty,/AR1/b3048,0,2,1,null,null
(not set),20250919一輪播,遠雄泱玥 | 水岸正首席．北士科首獻｜57-75坪-鄭家昇-遠雄房地產 Farglory-Realty,/ah2/B5805,0,2,2,null,null
google / organic,(organic),遠雄泱玥 | 水岸正首席．北士科首獻｜47-75坪-邱冠綸-遠雄房地產 Farglory-Realty,/ah2/g0627,0,2,2,null,null
(direct) / (none),20250808一輪播,齊興_緻-台北市北投區/北士科住宅預售屋,/buildings/ar1/,0,2,0,null,null
google / cpc,20250901,大河商爵-台北市士林區廠辦/預售新建案-預約賞屋，遠創力行銷,/buildings/dgm1/,0,2,2,null,null
(not set),20250905五輪播,找不到頁面 - 遠雄房地產,/buildings/qyh2/,0,2,2,null,null
tw.search.yahoo.com / referral,(referral),遠雄一靚,/eh2/main,0,2,1,null,null
google / cpc,gdn-01,台經院產經資料庫總監、APIAA院士  劉佩真 彙整 - 遠雄房地產,/life-proposal-category/expert_point/pei_zhen/,0,2,2,null,null
(not set),20250808一輪播,李同榮觀點：2023上半年房市回顧及下半年走勢預測 - 遠雄房地產,/life-proposal/expert_li_2023q3market_20230717/,0,2,2,null,null
(not set),20250808一輪播,專家觀點地政篇：只有不動產怎麼繳遺產稅？實物抵繳是否划算？ - 遠雄房地產,/life-proposal/expert_zhu_property_offset-2_20241220/,0,2,2,null,null
google / organic,(organic),青銀共居 彙整 - 遠雄房地產,/life-proposal-tag/6、產品/4產品規劃-建築/a-建築規劃/全齡宅/青銀共居/,2,2,4,2,13
web.mplusapp.com / referral,(referral),遠房實價登錄,/,1,1,1,1,20
(not set),20250905五輪播,林白芷業務個人介紹 - 齊興緻,/sales/ar1/B3622/,0,1,1,null,null
google_kw / dh2,(organic),(not set),(not set),1,1,0,0,0
lm.facebook.com / referral,(referral),(not set),(not set),1,1,0,0,0
tagassistant.google.com / referral,(referral),(not set),(not set),1,1,0,0,0
ig / paid,120229486957530138,(not set),(not set),1,1,0,0,0
fb / eh1,2-4,(not set),(not set),1,1,0,0,0
(not set),20250808一輪播,(not set),(not set),1,1,0,0,0
google / cpc,20250901,(not set),(not set),1,1,0,0,0
(not set),20250905五輪播,(not set),(not set),1,1,0,0,0
fb / eh2,9-2,(not set),(not set),1,1,0,0,0
google / cpc,CQH1-買房字,(not set),(not set),1,1,0,0,0
google / cpc,brand,(not set),(not set),1,1,0,0,0
fb / cqh1,fb-23,(not set),(not set),1,1,0,0,0
google / cpc,information4,(not set),(not set),1,1,0,0,0
fb / bh5,leads,(not set),(not set),1,1,0,0,0
google / cpc,pmax-1-anothercity,(not set),(not set),1,1,0,0,0
google / organic,(organic),2025九月主題報A - 遠雄房地產,/,1,1,1,1,0
google / organic,(organic),2025十月主題報 - 遠雄房地產,/,1,1,1,1,2
excel.officeapps.live.com / referral,(referral),2025十月主題報 - 遠雄房地產,/,1,1,2,2,80
statics.teams.cdn.office.net / referral,(referral),2025十月主題報 - 遠雄房地產,/,1,1,1,1,9
(not set),(not set),Farglory Real Estate: The home buying expert who understands life best,/,1,1,0,0,59
farglory.com.tw / referral,(referral),Farglory Real Estate: The home buying expert who understands life best,/,1,1,0,0,12
socialmedia / fgr,ig,Farglory Real Estate: The home buying expert who understands life best,/,1,1,0,0,0
google / cpc,O1_品牌字_2025.0801,Farglory Real Estate: l'esperto nell'acquisto di case che capisce meglio la vita,/,1,1,0,0,41
googlemap / o1,googlemap,Farglory Real Estate: 人生で最高の購入専門家,/,1,1,1,1,33
google / cpc,O1_品牌字_2025.0801,Registration of the actual price of the remote house,/,1,1,0,0,0
googlemap / o1,googlemap,Yuanxiong Real Estate: the best house buying expert who knows life,/,1,1,0,0,43
excel.officeapps.live.com / referral,(referral),[影音] 劉佩真觀點：從總體經營環境來看住宅與商用市場最新動態 - 遠雄房地產,/,1,1,3,3,21
(not set),20250905五輪播,[影音] 專家觀點地政篇：假結婚與房產繼承 - 五億遺產的法律爭奪戰9/24 - 遠雄房地產,/,1,1,3,3,23
google / organic,(organic),【遠雄北府苑】｜台南首座全齡通用認證宅，爭藏絕版，市心重劃，稀有2-4房,/,1,1,1,1,20
excel.officeapps.live.com / referral,(referral),何世昌觀點：2025年北台灣房市潛力區域專題報導-10大優質投資區域分析 - 遠雄房地產,/,1,1,3,3,40
(direct) / (none),(direct),何世昌觀點：2025年台灣房市潛力區域專題 - 北台灣篇 - 遠雄房地產,/,1,1,1,1,16
(not set),20250808一輪播,何世昌觀點：2025年台灣房市潛力區域專題 - 北台灣篇 - 遠雄房地產,/,1,1,2,2,44
google / organic,(organic),劉佩真觀點：AI浪潮來襲 AI科技宅議題將逐漸發酵 - 遠雄房地產,/,1,1,0,0,0
(not set),20250905五輪播,劉佩真觀點：AI浪潮來襲 AI科技宅議題將逐漸發酵 - 遠雄房地產,/,1,1,2,2,18
excel.officeapps.live.com / referral,(referral),劉佩真觀點：AI科技宅當道！台灣半導體聚落帶動房市 - 遠雄房地產,/,1,1,2,2,15
google / organic,(organic),劉佩真觀點：南台灣產業轉型與房地產市場的影響 - 遠雄房地產,/,1,1,8,8,53
statics.teams.cdn.office.net / referral,(referral),劉佩真觀點：南台灣產業轉型與房地產市場的影響(12月) - 遠雄房地產,/,1,1,1,1,39
excel.officeapps.live.com / referral,(referral),專家觀點地政篇：代書、地政士真假難辨如何查證？避免落入逃稅欠債陷阱 - 遠雄房地產,/,1,1,1,1,14
google / organic,(organic),建案_公版模組_上下圖文 - 遠雄房地產,/,1,1,1,1,82
google / organic,(organic),建案_公版模組_多圖輪播 - 遠雄房地產,/,1,1,1,1,15
google / organic,(organic),建案_公版模組_左右圖文 - 遠雄房地產,/,1,1,1,1,0
(not set),20250905五輪播,建案_公版模組_左右圖文 - 遠雄房地產,/,1,1,0,0,2
google / organic,(organic),建案_公版模組_幻燈片秀 - 遠雄房地產,/,1,1,1,1,155
google / organic,(organic),建案_公版模組_影片區塊 - 遠雄房地產,/,1,1,1,1,8
google / organic,(organic),建案架構風格_廠辦 - 遠雄房地產,/,1,1,1,1,2
(not set),20250905五輪播,建案熱區巡禮：北士科爆840億商辦案量 搶攻輝達、金仁寶供應鏈需求 - 遠雄房地產,/,1,1,7,7,63
(not set),20250905五輪播,建案熱區巡禮：北士科爆840億商辦案量，搶攻輝達、金仁寶供應鏈需求 - 遠雄房地產,/,1,1,4,4,21
google / organic,(organic),建案熱區巡禮：台中北屯14期重劃區生活圈，打造北台中的新興生活核心 - 遠雄房地產,/,1,1,1,1,54
google / organic,(organic),建案熱區巡禮：桃園龜山居住新勢力，北北桃一小時生活圈 - 遠雄房地產,/,1,1,9,9,209
google / organic,(organic),建案熱區巡禮：桃園龜山龜山居住新勢力：交通便利與生活機能兼具」 「北北桃一小時生活圈：龜山區房產潛力分析」 - 遠雄房地產,/,1,1,1,1,11
google / cpc,(organic),您正在找 - 遠雄房地產,/,1,1,1,1,4
google_kw / dh2,(organic),您正在找 - 遠雄房地產,/,1,1,1,1,2
reurl.cc / referral,(referral),您正在找 - 遠雄房地產,/,1,1,1,1,2
tw.search.yahoo.com / referral,(referral),您正在找 - 遠雄房地產,/,1,1,1,1,1
gdn / fm1,202312-3,您正在找 - 遠雄房地產,/,1,1,1,1,0
(not set),20250905一輪播,您正在找 - 遠雄房地產,/,1,1,3,3,23
(not set),20250919一輪播,您正在找 - 遠雄房地產,/,1,1,0,0,0
google / cpc,220711,您正在找 - 遠雄房地產,/,1,1,1,1,28
google / cpc,CQH1-買房字,您正在找 - 遠雄房地產,/,1,1,1,1,2
google / cpc,O1_地區字_2025.0801,您正在找 - 遠雄房地產,/,1,1,1,1,23
google_kw / fch1,a18,您正在找 - 遠雄房地產,/,1,1,1,1,0
google / cpc,brand,您正在找 - 遠雄房地產,/,1,1,4,4,22
fb / 8fsl01,fb8-1,您正在找 - 遠雄房地產,/,1,1,3,3,15
google-map / referral,h902,您正在找 - 遠雄房地產,/,1,1,1,1,0
socialmedia / fgr,ig20250110,您正在找 - 遠雄房地產,/,1,1,1,1,7
lbs-sms / ah2,sms1141008,您正在找 - 遠雄房地產,/,1,1,1,1,0
youtube / fgr,yt,您正在找 - 遠雄房地產,/,1,1,2,2,19
google_kw / h152,龜山字,您正在找 - 遠雄房地產,/,1,1,1,1,9
google / organic,(organic),您正在找 C1310F - 遠雄房地產,/,1,1,3,3,8
google / organic,(organic),您正在找 H713A - 遠雄房地產,/,1,1,1,1,7
google / cpc,pmax-1-taichung,您正在找 不一樣了一下吧我可以不要這樣說的話可以自己不同意者ㄥ - 遠雄房地產,/,1,1,2,2,17
(not set),20250905一輪播,您正在找 不動產節稅妙招：每年都要繳的財產稅省很大 - 遠雄房地產,/,1,1,1,1,4
tw.search.yahoo.com / referral,(referral),您正在找 中正南路二段 - 遠雄房地產,/,1,1,1,1,9
excel.officeapps.live.com / referral,(referral),您正在找 你的買賣安全嗎❓房屋產權必懂得謄本識讀、權狀跟身分查驗 - 遠雄房地產,/,1,1,1,1,1
google / cpc,(organic),您正在找 勤美之真 - 遠雄房地產,/,1,1,1,1,2
google / organic,(organic),您正在找 南部發展潛力區域 - 遠雄房地產,/,1,1,1,1,18
fb / 8fxz11,8-2,您正在找 古亭師大 - 遠雄房地產,/,1,1,1,1,1
google / organic,(organic),您正在找 台安醫院 - 遠雄房地產,/,1,1,1,1,2
google / organic,(organic),您正在找 大地城國 - 遠雄房地產,/,1,1,1,1,4
(not set),20250905一輪播,您正在找 建案熱區巡禮：高雄楠梓區高大特區生活圈不動產節稅妙招：每年都要繳的財產稅省很大 - 遠雄房地產,/,1,1,1,1,2
google / organic,(organic),您正在找 御莊園 - 遠雄房地產,/,1,1,2,2,23
excel.officeapps.live.com / referral,(referral),您正在找 房屋產權必懂得謄本識讀、權狀跟身分查驗 - 遠雄房地產,/,1,1,1,1,0
google / organic,(organic),您正在找 板橋科學園區 - 遠雄房地產,/,1,1,2,2,3
google / cpc,brand,您正在找 琢韻 - 遠雄房地產,/,1,1,1,1,2
(not set),20250905五輪播,您正在找 省電電燈 - 遠雄房地產,/,1,1,1,1,1
(direct) / (none),(direct),您正在找 華姐 - 遠雄房地產,/,1,1,1,1,72
google / cpc,brand,您正在找 讓新家環保又能節能 - 遠雄房地產,/,1,1,1,1,1
(data not available),(cross-network),您正在找 遠雄仰生 - 遠雄房地產,/,1,1,1,1,0
lbs-sms / ah2,sms1141008,您正在找 遠雄匯能 - 遠雄房地產,/,1,1,1,1,3
google / cpc,brand,您正在找 遠雄宜進 ICITY - 遠雄房地產,/,1,1,1,1,10
(direct) / (none),(direct),您正在找 遠雄幸福城 - 遠雄房地產,/,1,1,1,1,4
(not set),20250905五輪播,您正在找 遠雄豪宅 有深水游泳池的 - 遠雄房地產,/,1,1,2,2,21
google / organic,(organic),您正在找 高雄 美術館 - 遠雄房地產,/,1,1,1,1,5
google / organic,(organic),您正在找 高雄 農16 - 遠雄房地產,/,1,1,1,1,5
google / organic,(organic),您正在找 高雄 重劃區 - 遠雄房地產,/,1,1,2,2,4
statics.teams.cdn.office.net / referral,(referral),找不到頁面 - 遠雄房地產,/,1,1,2,2,1
google / organic,(organic),永然法律不動產專欄：情侶合資買房會遇到哪些問題？ - 遠雄房地產,/,1,1,7,7,9
google / organic,(organic),永然法律不動產專欄：未婚情侶合資買房在法律上要注意什麼呢？ - 遠雄房地產,/,1,1,2,2,12
google / organic,(organic),財經M平方觀點：25Q2 美股財報-深度拆解半導體龍頭與 AI 趨勢 - 遠雄房地產,/,1,1,3,3,24
(not set),(not set),远雄房地产：最懂生活的购屋专家,/,1,1,0,0,10
line-lap / bh5,(direct),遠房實價登錄,/,1,1,0,0,0
LINE-2 / (not set),(not set),遠房實價登錄,/,1,1,1,1,0
fb / fbpage,(not set),遠房實價登錄,/,1,1,1,1,0
floorplan / (not set),(not set),遠房實價登錄,/,1,1,1,1,0
gdn / (not set),(not set),遠房實價登錄,/,1,1,1,1,0
gdn&utm_medium=ar1&utm_campaign=20250718&gad_source=2&gad_campaignid=22794230133&gclid=EAIaIQobChMI_sfp3_KujwMVE4npBR3K_RxyEAEYASAAEgKmafD_BwE / (not set),(not set),遠房實價登錄,/,1,1,1,1,0
gdn&utm_medium=bh11&utm_campaign=20250829&gad_source=5&gad_campaignid=22939439916&gclid=EAIaIQobChMIv-ianqu7jwMV7JbpBR2GpS1hEAEYASAAEgIG6vD_BwE / (not set),(not set),遠房實價登錄,/,1,1,1,1,0
gdn&utm_medium=bh7&utm_campaign=pmax-1-anothercity&gad_source=2&gad_campaignid=22987699567&wbraid=CloKCQjwlt7GBhDnARJJAGZjSzMGaYQ-VdyLrrUm1i0TyrkAcuWD0A12NpQ_JdJX2CGWdVnz51_vy5b8VCXG7Qkr5ZcbxrZKWWh8WX4Q_uiKpkWIFR7sVBoCP7w#region_value / (not set),(not set),遠房實價登錄,/,1,1,1,1,0
google_kw / ah2,(not set),遠房實價登錄,/,1,1,1,1,0
google_kw / bh9,(not set),遠房實價登錄,/,1,1,1,1,0
line / dh2,(not set),遠房實價登錄,/,1,1,1,1,11
google_kw / ah2,(organic),遠房實價登錄,/,1,1,1,1,0
062235888.com.tw / referral,(referral),遠房實價登錄,/,1,1,1,1,0
aimsit-farglory.azurewebsites.net / referral,(referral),遠房實價登錄,/,1,1,2,2,0
app.omnichat.ai / referral,(referral),遠房實價登錄,/,1,1,1,1,0
cn.bing.com / referral,(referral),遠房實價登錄,/,1,1,1,1,0
farglory.surveycake.com / referral,(referral),遠房實價登錄,/,1,1,1,1,0
fb / O1,(referral),遠房實價登錄,/,1,1,1,1,0
google_kw / ah2,(referral),遠房實價登錄,/,1,1,1,1,0
lm.facebook.com / referral,(referral),遠房實價登錄,/,1,1,2,2,0
picsee.io / referral,(referral),遠房實價登錄,/,1,1,2,2,0
bing / organic,(organic),(not set),(not set),1,1,0,0,0
line-lap / dh2,1,遠房實價登錄,/,1,1,1,1,0
webnews / dh2,11403,遠房實價登錄,/,1,1,1,1,0
webnews / dh2,1140624,遠房實價登錄,/,1,1,1,1,0
fb / paid,120222247205050066,遠房實價登錄,/,1,1,1,1,0
ig / paid,120234317298640316,遠房實價登錄,/,1,1,1,1,0
fb / bh5,13,遠房實價登錄,/,1,1,1,1,0
fb / bh5,14,遠房實價登錄,/,1,1,1,1,0
fb / bh5,15,遠房實價登錄,/,1,1,1,1,0
fb / bh9,17,遠房實價登錄,/,1,1,1,1,0
fb / bh5,19,遠房實價登錄,/,1,1,1,1,0
line-lap / h707,2,遠房實價登錄,/,1,1,1,1,0
google / cpc,20210913,遠房實價登錄,/,1,1,1,1,0
google / cpc,20220801,遠房實價登錄,/,1,1,1,1,0
line-lap / BH6,20220801,遠房實價登錄,/,1,1,1,1,0
line-lap / H713,20220822,遠房實價登錄,/,1,1,1,1,0
line-lap / H713,20230310,遠房實價登錄,/,1,1,1,1,0
fb / bh6,20230322-2,遠房實價登錄,/,1,1,2,2,0
line-lap / dh5,20230801,遠房實價登錄,/,1,1,1,1,0
line-lap / eh1,20230901_s,遠房實價登錄,/,1,1,1,1,0
google / cpc,20230901a,遠房實價登錄,/,1,1,1,1,0
line-lap / bh6,20240129linelap,遠房實價登錄,/,1,1,1,1,0
dm / dh2,202403,遠房實價登錄,/,1,1,0,0,0
webnews / bh9,202404,遠房實價登錄,/,1,1,1,1,0
line-lap / h902,20240603,遠房實價登錄,/,1,1,1,1,0
dm-point / bh8,20240901,遠房實價登錄,/,1,1,1,1,0
web-ettoday / O1,20240912,遠房實價登錄,/,1,1,1,1,0
web-storm / bh8,20241021-businessweekly,遠房實價登錄,/,1,1,1,1,0
web-ettoday / bh8,20241107,遠房實價登錄,/,1,1,1,1,0
web-udn / eh1,20241108_brand,遠房實價登錄,/,1,1,1,1,0
web / ah2,202501-vogue,遠房實價登錄,/,1,1,1,1,0
web-ettoday / bh8,20250214,遠房實價登錄,/,1,1,1,1,0
webnews / o1,20250407,遠房實價登錄,/,1,1,1,1,0
fb / o1,20250422_16-1,遠房實價登錄,/,1,1,1,1,0
google_kw / AR1,20250616_北投士林豪宅/別墅,遠房實價登錄,/,1,1,1,1,0
google_kw / AR1,20250616_品牌字,遠房實價登錄,/,1,1,2,2,0
web-ettoday / ah2,20250701,遠房實價登錄,/,1,1,1,1,0
gdn / fm3,20250718,遠房實價登錄,/,1,1,2,2,0
(not set),20250718一輪播,遠房實價登錄,/,1,1,1,1,0
google / cpc,20250725二輪播,遠房實價登錄,/,1,1,2,2,0
5vo1 / 5vo1,202508,遠房實價登錄,/,1,1,1,1,0
(not set),20250801一輪播,遠房實價登錄,/,1,1,1,1,0
fbpage / 5vo1,202509,遠房實價登錄,/,1,1,3,3,0
fb / 5vo1,2025090503,遠房實價登錄,/,1,1,1,1,0
app.omnichat.ai / referral,20250905五輪播,遠房實價登錄,/,1,1,2,2,0
fb / bh5,20250905五輪播,遠房實價登錄,/,1,1,9,9,0
line-lap / bh7,20250905五輪播,遠房實價登錄,/,1,1,1,1,0
line-fgr / dh5,20250910,遠房實價登錄,/,1,1,2,2,0
webnews / h707,20250918,遠房實價登錄,/,1,1,2,2,0
fb / h707,21,遠房實價登錄,/,1,1,1,1,0
google / cpc,210907,遠房實價登錄,/,1,1,1,1,0
fb / bh5,22,遠房實價登錄,/,1,1,1,1,0
fb / bh9,24,遠房實價登錄,/,1,1,1,1,0
fb / h707,24,遠房實價登錄,/,1,1,1,1,0
fb / hm2,250819_01,遠房實價登錄,/,1,1,1,1,0
fb / bh9,26,遠房實價登錄,/,1,1,1,1,0
fb / bh5,27,遠房實價登錄,/,1,1,1,1,0
fb / h707,29,遠房實價登錄,/,1,1,1,1,0
line-lap / dh2,3,遠房實價登錄,/,1,1,2,2,0
fb / bh9,30,遠房實價登錄,/,1,1,1,1,0
fb / bh9,31,遠房實價登錄,/,1,1,1,1,0
fb / bh9,32,遠房實價登錄,/,1,1,1,1,0
fb / bh9,34,遠房實價登錄,/,1,1,1,1,0
fb / bh9,35,遠房實價登錄,/,1,1,1,1,28
fb / bh5,36,遠房實價登錄,/,1,1,1,1,0
gdn / dh2,4,遠房實價登錄,/,1,1,2,2,0
pmp / (not set),5,遠房實價登錄,/,1,1,1,1,0
fb / eh1,5-5,遠房實價登錄,/,1,1,1,1,0
google / cpc,6趴輕鬆付,遠房實價登錄,/,1,1,1,1,0
fb / bh5,8,遠房實價登錄,/,1,1,1,1,0
fb / h707,8,遠房實價登錄,/,1,1,1,1,0
fb / eh1,8-1,遠房實價登錄,/,1,1,1,1,0
fb / eh1,8-2,遠房實價登錄,/,1,1,1,1,0
fb / h713,83,遠房實價登錄,/,1,1,1,1,0
fb / h713,88,遠房實價登錄,/,1,1,1,1,0
fb / eh1,9-1,遠房實價登錄,/,1,1,1,1,0
fb / eh2,9-4,遠房實價登錄,/,1,1,1,1,0
fb / h713,96,遠房實價登錄,/,1,1,1,1,0
fb / h713,97,遠房實價登錄,/,1,1,1,1,0
fb / bh10,FBvideo1,遠房實價登錄,/,1,1,1,1,0
google_kw / bh11,Otherarea0829,遠房實價登錄,/,1,1,1,1,0
fb / eh1,SKM_2-1,遠房實價登錄,/,1,1,1,1,0
fb / ah2,activity,遠房實價登錄,/,1,1,1,1,0
line / bh9,area,遠房實價登錄,/,1,1,1,1,0
google-map / referral,bh1-2,遠房實價登錄,/,1,1,1,1,0
google_kw / bh7,brand,遠房實價登錄,/,1,1,1,1,0
google_kw / o1,buyhourse,遠房實價登錄,/,1,1,1,1,0
google / cpc,competitor/,遠房實價登錄,/,1,1,1,1,0
google_kw / bh11,competitor0829,遠房實價登錄,/,1,1,6,6,0
google / cpc,content,遠房實價登錄,/,1,1,6,6,0
google_kw / bgm1,core,遠房實價登錄,/,1,1,1,1,0
web-ettoday / eh1,ep3_Xiao,遠房實價登錄,/,1,1,1,1,0
fgr-line / fgr,expert_zhu_propertytax_20230814,遠房實價登錄,/,1,1,1,1,0
google / cpc,extensions,遠房實價登錄,/,1,1,1,1,0
fb / ah2,fb-10,遠房實價登錄,/,1,1,1,1,0
fb / dh2,fb-15,遠房實價登錄,/,1,1,1,1,0
fb / dh2,fb-19,遠房實價登錄,/,1,1,1,1,0
fb / dh2,fb-22,遠房實價登錄,/,1,1,1,1,0
fb / ah2,fb-24,遠房實價登錄,/,1,1,1,1,0
fb / dh2,fb-25,遠房實價登錄,/,1,1,1,1,0
fb / dh2,fb-27,遠房實價登錄,/,1,1,1,1,0
fb / dh2,fb-28,遠房實價登錄,/,1,1,1,1,0
fb / ah2,fb-3,遠房實價登錄,/,1,1,1,1,0
fb / dh2,fb-37,遠房實價登錄,/,1,1,1,1,0
fb / dh2,fb-4,遠房實價登錄,/,1,1,1,1,0
fb / ah2,fb-5-1,遠房實價登錄,/,1,1,1,1,0
fb / ah2,fb-7,遠房實價登錄,/,1,1,1,1,0
fb / dh2,fb-7,遠房實價登錄,/,1,1,1,1,0
fb / ah2,fb-8,遠房實價登錄,/,1,1,1,1,0
fb / dh2,fb-8,遠房實價登錄,/,1,1,1,1,0
fb / bh10,fb0403,遠房實價登錄,/,1,1,1,1,0
fb / bh6,fb0530,遠房實價登錄,/,1,1,1,1,0
fb / ar1,fb1-5,遠房實價登錄,/,1,1,1,1,0
fb / eh5,fb12-3,遠房實價登錄,/,1,1,1,1,0
fb / ar1,fb2-1,遠房實價登錄,/,1,1,1,1,0
fb / ar1,fb2-3,遠房實價登錄,/,1,1,1,1,0
fb / bh10,fb20259-1,遠房實價登錄,/,1,1,1,1,0
fb / eh5,fb28-2,遠房實價登錄,/,1,1,1,1,0
fb / bh10,fb5-2,遠房實價登錄,/,1,1,1,1,0
fb / dgm1,fb5-3,遠房實價登錄,/,1,1,2,2,0
fb / bh10,fb5-7,遠房實價登錄,/,1,1,1,1,0
fb / 8fsl01,fb6-2,遠房實價登錄,/,1,1,1,1,0
fb / bh6,fbfanpage0206,遠房實價登錄,/,1,1,1,1,19
fb / bh6,fbfanpage0722,遠房實價登錄,/,1,1,2,2,0
fb / bh6,fbfanpage0808,遠房實價登錄,/,1,1,1,1,0
fb / bh10,fbfanpage0912,遠房實價登錄,/,1,1,1,1,0
fb / bh10,fbfanpage0912-hospital,遠房實價登錄,/,1,1,1,1,0
fb / bh10,fbfanpage0919,遠房實價登錄,/,1,1,1,1,0
gdn / bh7,gdn-1-anothercity,遠房實價登錄,/,1,1,1,1,0
gdn / dgm1,gdn5-7,遠房實價登錄,/,1,1,1,1,0
google / cpc,gdn5-7,遠房實價登錄,/,1,1,1,1,0
gdn / bh6,gdn6%,遠房實價登錄,/,1,1,1,1,0
fg / eh2,googlemap,遠房實價登錄,/,1,1,1,1,0
google_kw / ar1,googlemap,遠房實價登錄,/,1,1,1,1,0
google_kw / h707,googlemap,遠房實價登錄,/,1,1,2,2,0
googlemap / bh2,googlemap,遠房實價登錄,/,1,1,1,1,0
google-map / referral,h902,遠房實價登錄,/,1,1,1,1,0
google / cpc,information1,遠房實價登錄,/,1,1,1,1,0
line-lap / bh9,lap-3,遠房實價登錄,/,1,1,1,1,0
line-lap / hh3,lap-5,遠房實價登錄,/,1,1,1,1,0
line-lap / hh3,lap-7,遠房實價登錄,/,1,1,1,1,0
leju / bh11,leju_buildingpage,遠房實價登錄,/,1,1,1,1,0
line / bh8,line,遠房實價登錄,/,1,1,2,2,0
line-lap / bh10,line-lap202502-1,遠房實價登錄,/,1,1,1,1,0
line-lap / bh10,line-lap7-3,遠房實價登錄,/,1,1,1,1,0
line / bh6,linehouse,遠房實價登錄,/,1,1,1,1,0
google_kw / o1,luxury-apartment,遠房實價登錄,/,1,1,1,1,0
google / cpc,needs,遠房實價登錄,/,1,1,1,1,0
google / cpc,o1,遠房實價登錄,/,1,1,1,1,0
google / cpc,othercities_brand/,遠房實價登錄,/,1,1,1,1,0
fb / eh1,privacy,遠房實價登錄,/,1,1,2,2,0
google / cpc,project,遠房實價登錄,/,1,1,1,1,0
lbs-sms / ah2,sms1141008,遠房實價登錄,/,1,1,1,1,0
google_kw / cqh1,tamsui,遠房實價登錄,/,1,1,1,1,0
google / cpc,web-Google map,遠房實價登錄,/,1,1,1,1,0
web-ettoday / bh6,web-ettoday0322,遠房實價登錄,/,1,1,1,1,0
web-ettoday / bh10,web-ettoday1002,遠房實價登錄,/,1,1,1,1,0
web-ltn / o1,web-ltn,遠房實價登錄,/,1,1,1,1,0
web-udn / bh10,web-udn0103,遠房實價登錄,/,1,1,1,1,0
web-udn / bh10,webudn0925,遠房實價登錄,/,1,1,7,7,0
gdn / eh1,yt_ettoday_nature,遠房實價登錄,/,1,1,1,1,0
google / cpc,yt_ettoday_nature,遠房實價登錄,/,1,1,1,1,0
gdn / eh1,峰蘊web,遠房實價登錄,/,1,1,1,1,0
google / cpc,峰蘊web,遠房實價登錄,/,1,1,2,2,0
google / cpc,O1_特色字_2025.0801,遠方住宅の実価登録,/,1,1,0,0,8
facebook.com / referral,(referral),遠雄PARK ONE,/,1,1,1,1,6
(not set),20250808一輪播,遠雄THE ONE | 獨一無二極致生活 僅獻給每一位層峰,/,1,1,1,1,5
(not set),20250919一輪播,遠雄THE ONE | 獨一無二極致生活 僅獻給每一位層峰,/,1,1,1,1,5
fb / cqh1,fb-23,遠雄THE ONE | 獨一無二極致生活 僅獻給每一位層峰,/,1,1,1,1,10
gdn / ao1,20240723b_7-4,遠雄商舟,/,1,1,1,1,0
line-lap / ao1,20241004_10-1,遠雄商舟,/,1,1,1,1,0
(direct) / (none),(direct),遠雄夏沐-線上接待中心,/,1,1,1,1,24
google_kw / bh5,(not set),遠雄房地產：最懂生活的購屋專家,/,1,1,1,1,20
line / bh9,(not set),遠雄房地產：最懂生活的購屋專家,/,1,1,1,1,24
yahoo / organic,(organic),遠雄房地產：最懂生活的購屋專家,/,1,1,1,1,21
chatgpt.com / referral,(referral),遠雄房地產：最懂生活的購屋專家,/,1,1,1,1,5
farglory.surveycake.com / referral,(referral),遠雄房地產：最懂生活的購屋專家,/,1,1,1,1,2
farglorydome.com.tw / referral,(referral),遠雄房地產：最懂生活的購屋專家,/,1,1,1,1,6
faryeargroup.com / referral,(referral),遠雄房地產：最懂生活的購屋專家,/,1,1,1,1,30
fb / bh6,(referral),遠雄房地產：最懂生活的購屋專家,/,1,1,1,1,0
fb / o1,(referral),遠雄房地產：最懂生活的購屋專家,/,1,1,1,1,2
ifgmall.fg-retail.com.tw / referral,(referral),遠雄房地產：最懂生活的購屋專家,/,1,1,2,2,17
lm.facebook.com / referral,(referral),遠雄房地產：最懂生活的購屋專家,/,1,1,2,2,12
news.google.com / referral,(referral),遠雄房地產：最懂生活的購屋專家,/,1,1,1,1,11
search.buzzonfeed.com / referral,(referral),遠雄房地產：最懂生活的購屋專家,/,1,1,4,4,857
tong-yuan.com.tw / referral,(referral),遠雄房地產：最懂生活的購屋專家,/,1,1,1,1,31
fb / h707,1,遠雄房地產：最懂生活的購屋專家,/,1,1,1,1,23
fb / paid,120222247205050066,遠雄房地產：最懂生活的購屋專家,/,1,1,1,1,0
fb / paid,120224847618040347,遠雄房地產：最懂生活的購屋專家,/,1,1,2,2,8
ig / paid,120224847618040347,遠雄房地產：最懂生活的購屋專家,/,1,1,5,5,80
line-lap / dh2,13,遠雄房地產：最懂生活的購屋專家,/,1,1,1,1,83
line-lap / dh2,14,遠雄房地產：最懂生活的購屋專家,/,1,1,2,2,24
web-tvbs / o1,20211201,遠雄房地產：最懂生活的購屋專家,/,1,1,1,1,0
fb / o1,20230420-1,遠雄房地產：最懂生活的購屋專家,/,1,1,1,1,0
web-ettoday / h902,20231020,遠雄房地產：最懂生活的購屋專家,/,1,1,1,1,6
yahoo_native / ao1,20240724_7-5,遠雄房地產：最懂生活的購屋專家,/,1,1,1,1,0
line-lap / ao1,20240915_9-3,遠雄房地產：最懂生活的購屋專家,/,1,1,1,1,0
web-udn / O1,20240926,遠雄房地產：最懂生活的購屋專家,/,1,1,1,1,1
line-lap / ao1,20241004_10-1,遠雄房地產：最懂生活的購屋專家,/,1,1,1,1,0
line-lap / ao1,20241227_12-1,遠雄房地產：最懂生活的購屋專家,/,1,1,1,1,0
fb / O1,20250124_13-1,遠雄房地產：最懂生活的購屋專家,/,1,1,1,1,0
fb / O1,20250221_13-2,遠雄房地產：最懂生活的購屋專家,/,1,1,1,1,6
fb / O1,20250221_13-3,遠雄房地產：最懂生活的購屋專家,/,1,1,1,1,6
line-lap / ao1,20250221_2-1,遠雄房地產：最懂生活的購屋專家,/,1,1,1,1,0
web-businessweekly / o1,20250326,遠雄房地產：最懂生活的購屋專家,/,1,1,1,1,0
line-lap / ao1,20250326_3-2,遠雄房地產：最懂生活的購屋專家,/,1,1,1,1,0
line-lap / ao1,20250415_4-1,遠雄房地產：最懂生活的購屋專家,/,1,1,1,1,0
line-lap / ao1,20250424_4-5,遠雄房地產：最懂生活的購屋專家,/,1,1,1,1,0
fb / 8fxz11,20250520_5-2,遠雄房地產：最懂生活的購屋專家,/,1,1,1,1,15
line-lap / ao1,20250522_5-2,遠雄房地產：最懂生活的購屋專家,/,1,1,1,1,0
(not set),20250613一輪播,遠雄房地產：最懂生活的購屋專家,/,1,1,2,2,13
google / cpc,20250616_台北豪宅/別墅,遠雄房地產：最懂生活的購屋專家,/,1,1,1,1,29
google / cpc,20250616_房地產投資,遠雄房地產：最懂生活的購屋專家,/,1,1,1,1,9
line-lap / ar1,20250718,遠雄房地產：最懂生活的購屋專家,/,1,1,1,1,4
google / cpc,20250829,遠雄房地產：最懂生活的購屋專家,/,1,1,1,1,1
fbpage / 5vo1,202509,遠雄房地產：最懂生活的購屋專家,/,1,1,1,1,0
fb / 5vo1,2025090503,遠雄房地產：最懂生活的購屋專家,/,1,1,1,1,0
(not set),20250905一輪播,遠雄房地產：最懂生活的購屋專家,/,1,1,2,2,20
google / cpc,20250918,遠雄房地產：最懂生活的購屋專家,/,1,1,4,4,41
google / cpc,202509_1,遠雄房地產：最懂生活的購屋專家,/,1,1,1,1,12
fb / hm2,250819_01,遠雄房地產：最懂生活的購屋專家,/,1,1,1,1,0
fb / eh2,8-6,遠雄房地產：最懂生活的購屋專家,/,1,1,1,1,16
fb / ao1,9-1,遠雄房地產：最懂生活的購屋專家,/,1,1,1,1,0
fb / eh2,9-1,遠雄房地產：最懂生活的購屋專家,/,1,1,1,1,7
fb / bh11,9-3,遠雄房地產：最懂生活的購屋專家,/,1,1,1,1,6
fb / eh2,9-4,遠雄房地產：最懂生活的購屋專家,/,1,1,1,1,18
fb / h713,99,遠雄房地產：最懂生活的購屋專家,/,1,1,1,1,0
line / O1,A1-1200,遠雄房地產：最懂生活的購屋專家,/,1,1,1,1,0
google / cpc,H707video_c,遠雄房地產：最懂生活的購屋專家,/,1,1,1,1,203
fg_line / 0903,O1,遠雄房地產：最懂生活的購屋專家,/,1,1,1,1,0
google / cpc,O1_競品字_2025.0801,遠雄房地產：最懂生活的購屋專家,/,1,1,1,1,7
google / cpc,beitun,遠雄房地產：最懂生活的購屋專家,/,1,1,1,1,3
google_kw / o1,buyhourse,遠雄房地產：最懂生活的購屋專家,/,1,1,2,2,8
google / cpc,competitor0829,遠雄房地產：最懂生活的購屋專家,/,1,1,1,1,18
google / cpc,corearea0829,遠雄房地產：最懂生活的購屋專家,/,1,1,2,2,42
fb / eh1,eh1fb,遠雄房地產：最懂生活的購屋專家,/,1,1,2,2,23
fgr-line / fgr,expert_zhu_land-deal_20250813,遠雄房地產：最懂生活的購屋專家,/,1,1,1,1,24
fgr-line / fgr,expert_zhu_propertytax_20230814,遠雄房地產：最懂生活的購屋專家,/,1,1,1,1,0
fb / h109,fanpage1020,遠雄房地產：最懂生活的購屋專家,/,1,1,1,1,11
fb / cqh1,fb-22,遠雄房地產：最懂生活的購屋專家,/,1,1,1,1,156
fb / ah2,fb-23,遠雄房地產：最懂生活的購屋專家,/,1,1,1,1,6
fb / cgh01,fb12-1,遠雄房地產：最懂生活的購屋專家,/,1,1,3,3,24
fb / bh8,fb19-1,遠雄房地產：最懂生活的購屋專家,/,1,1,2,2,21
fb / fm3,fb2-2,遠雄房地產：最懂生活的購屋專家,/,1,1,1,1,0
fb / fm3,fb4-1,遠雄房地產：最懂生活的購屋專家,/,1,1,1,1,3
fb / o1,fb7-1,遠雄房地產：最懂生活的購屋專家,/,1,1,1,1,0
fb / bh10,fbearlybird_form,遠雄房地產：最懂生活的購屋專家,/,1,1,2,2,15
fb / dgm1,fbfanpage0924,遠雄房地產：最懂生活的購屋專家,/,1,1,1,1,0
google / cpc,gdn-01,遠雄房地產：最懂生活的購屋專家,/,1,1,2,2,4
web / bh6,googlemap2,遠雄房地產：最懂生活的購屋專家,/,1,1,1,1,0
line-lap / bh7,lap-1,遠雄房地產：最懂生活的購屋專家,/,1,1,1,1,45
fb / bh5,leads,遠雄房地產：最懂生活的購屋專家,/,1,1,1,1,44
fb / bh8,leads,遠雄房地產：最懂生活的購屋專家,/,1,1,1,1,52
leju / eh2,lejuweb,遠雄房地產：最懂生活的購屋專家,/,1,1,1,1,49
line-lap / h109,line-lap1-2,遠雄房地產：最懂生活的購屋專家,/,1,1,1,1,0
line-lap / bh10,line-lap20257-5,遠雄房地產：最懂生活的購屋專家,/,1,1,1,1,0
line-lap / h109,line-lap6-1,遠雄房地產：最懂生活的購屋專家,/,1,1,1,1,9
line-lap / h109,line-lap8-2,遠雄房地產：最懂生活的購屋專家,/,1,1,1,1,0
line-lap / H109,line2,遠雄房地產：最懂生活的購屋專家,/,1,1,1,1,0
line-lap / H109,line3,遠雄房地產：最懂生活的購屋專家,/,1,1,1,1,0
line-lap / H109,line4,遠雄房地產：最懂生活的購屋專家,/,1,1,1,1,0
linkedin / fgr,linkedin,遠雄房地產：最懂生活的購屋專家,/,1,1,1,1,0
google / cpc,needs,遠雄房地產：最懂生活的購屋專家,/,1,1,1,1,16
web-udn / ao1,news-3,遠雄房地產：最懂生活的購屋專家,/,1,1,1,1,9
sms / (not set),no,遠雄房地產：最懂生活的購屋專家,/,1,1,1,1,34
fb / ar1,privacy,遠雄房地產：最懂生活的購屋專家,/,1,1,2,2,21
omnichat / remarketing_webchat,remarketing_webchat_遠雄幸福成幸福加菜金,遠雄房地產：最懂生活的購屋專家,/,1,1,2,2,41
lbs-sms / ah2,sms1141008,遠雄房地產：最懂生活的購屋專家,/,1,1,1,1,0
google / cpc,taipei,遠雄房地產：最懂生活的購屋專家,/,1,1,23,23,586
web / bh10,web-Google map,遠雄房地產：最懂生活的購屋專家,/,1,1,1,1,4
web-ettoday / h109,web-ettoday1226,遠雄房地產：最懂生活的購屋專家,/,1,1,1,1,5
web-ltn / o1,web-ltn,遠雄房地產：最懂生活的購屋專家,/,1,1,1,1,11
web-ltn / h109,web-ltn1216,遠雄房地產：最懂生活的購屋專家,/,1,1,1,1,18
google_kw / h152,龜山字,遠雄房地產：最懂生活的購屋專家,/,1,1,1,1,6
google / organic,(organic),遠雄琢蘊-線上接待中心,/,1,1,1,1,0
(not set),20250808一輪播,遠雄琢蘊-線上接待中心,/,1,1,1,1,3
(not set),20250919一輪播,遠雄琢蘊-線上接待中心,/,1,1,1,1,0
(direct) / (none),(direct),遠雄百富-泱泱大器 水岸為王,/,1,1,1,1,90
webnews / h713,11409,遠雄藏萃-台南市安南區預售屋-預約賞屋，遠雄房地產,/,1,1,1,1,19
(not set),20250905五輪播,避免不動產詐騙：買房必讀｜如何避免成為房貸人頭？ - 遠雄房地產,/,1,1,0,0,0
google / organic,(organic),找不到頁面 - 遠雄房地產,/2025sep,1,1,1,1,0
(direct) / (none),(direct),找不到頁面 - 遠雄房地產,/2yr9run9,1,1,1,1,0
(not set),20250905五輪播,找不到頁面 - 遠雄房地產,/404/,1,1,1,1,0
fb / bh11,8-3,找不到頁面 - 遠雄房地產,/404/,1,1,1,1,2
(direct) / (none),(direct),村泉蒔美｜門戶端點 從容跨界｜台北生活最美起點,/7qrxkc,1,1,1,1,0
picsee-domain / referral,www.fgrealty.tw,找不到頁面 - 遠雄房地產,/828fmd,1,1,1,1,2
(not set),20250530四輪播,齊興緻-蔡姈君-遠雄房地產 Farglory-Realty,/AR1/b1716,1,1,2,2,0
webnews / ar1,20250618,齊興緻-蔡姈君-遠雄房地產 Farglory-Realty,/AR1/b1716,1,1,1,1,0
(not set),20250905五輪播,齊興緻-蔡姈君-遠雄房地產 Farglory-Realty,/AR1/b1716,1,1,1,1,0
l.threads.com / referral,(referral),齊興緻-鍾坤霖-遠雄房地產 Farglory-Realty,/AR1/b2509,1,1,1,1,0
(not set),(not set),齊興緻-呂柔誼-遠雄房地產 Farglory-Realty,/AR1/g0155,1,1,0,0,7
(not set),(not set),齊興緻-戴嘉嫻-遠雄房地產 Farglory-Realty,/AR1/g0247,1,1,1,1,0
(not set),20250905五輪播,齊興緻-張佑甄-遠雄房地產 Farglory-Realty,/AR1/g1242,1,1,2,2,5
statics.teams.cdn.office.net / referral,(referral),2025八月主題報 - 遠雄房地產,/AUG2025/,1,1,1,1,0
(not set),20250905五輪播,找不到頁面 - 遠雄房地產,/BH7,1,1,1,1,0
(not set),20250905五輪播,找不到頁面 - 遠雄房地產,/Build/Detail/H608,1,1,1,1,0
google_kw / mdrive,H712,找不到頁面 - 遠雄房地產,/Build/Detail/H712,1,1,1,1,0
google / cpc,(not set),找不到頁面 - 遠雄房地產,/Build/Detail/H901,1,1,1,1,31
bing / organic,(organic),遠雄幸福成,/H713/main,1,1,1,1,9
facebook.com / referral,(referral),遠雄幸福成,/H713/main,1,1,1,1,0
lm.facebook.com / referral,(referral),遠雄幸福成,/H713/main,1,1,1,1,6
(direct) / (none),(direct),遠雄九五-許美淑-遠雄房地產 Farglory-Realty,/H88/b1535,1,1,1,1,0
(direct) / (none),(direct),遠雄九五-鍾坤霖-遠雄房地產 Farglory-Realty,/H88/b2509,1,1,1,1,0
(direct) / (none),(direct),遠雄九五-施泓鈞-遠雄房地產 Farglory-Realty,/H88/b3048,1,1,1,1,23
(direct) / (none),(direct),遠雄九五-林琪富-遠雄房地產 Farglory-Realty,/H88/b3057,1,1,1,1,31
(direct) / (none),(direct),遠雄九五-陳怡靜-遠雄房地產 Farglory-Realty,/H88/g0116,1,1,1,1,0
(direct) / (none),(direct),遠雄九五-徐治宇-遠雄房地產 Farglory-Realty,/H88/g0298,1,1,1,1,29
(direct) / (none),(direct),遠雄九五,/H88/main,1,1,1,1,28
(direct) / (none),(direct),遠雄琢蘊-黃聖富-遠雄房地產 Farglory-Realty,/H902/B5627,1,1,1,1,0
google / organic,(organic),遠雄琢蘊-楊倩如-遠雄房地產 Farglory-Realty,/H902/g0259,1,1,1,1,5
(not set),20250905五輪播,遠雄琢蘊-楊倩如-遠雄房地產 Farglory-Realty,/H902/g0259,1,1,1,1,11
google / cpc,(organic),遠雄琢蘊,/H902/main,1,1,1,1,19
(not set),20250905五輪播,遠雄琢蘊,/H902/main,1,1,1,1,32
google-map / referral,h902,遠雄琢蘊,/H902/main,1,1,1,1,12
(data not available),(cross-network),遠雄仰森,/HH3/main,1,1,1,1,88
lm.facebook.com / referral,(referral),遠雄仰森,/HH3/main,1,1,2,2,421
youtube / hh4,yt-10x10,遠雄仰森,/HH3/main,1,1,1,1,38
mkto-sn070013.com / referral,(referral),一月主題報 - 遠雄房地產,/Jan2025/,1,1,1,1,16
(not set),20250905五輪播,一月主題報 - 遠雄房地產,/Jan2025/,1,1,1,1,0
google / organic,(organic),找不到頁面 - 遠雄房地產,/OCT2025/,1,1,1,1,0
statics.teams.cdn.office.net / referral,(referral),找不到頁面 - 遠雄房地產,/OCT2025/,1,1,1,1,4
google / organic,(organic),找不到頁面 - 遠雄房地產,/Oct2025/,1,1,1,1,2
google / organic,(organic),(1) 封未讀訊息 | 關於我們-遠雄房地產,/about/,1,1,0,0,1
m000476.layout.minmax.website / referral,(referral),關於我們-遠雄房地產,/about/,1,1,1,1,20
fb / O1,120227538157820464,關於我們-遠雄房地產,/about/,1,1,1,1,25
google / cpc,20250616_品牌字,關於我們-遠雄房地產,/about/,1,1,1,1,7
google / cpc,area,關於我們-遠雄房地產,/about/,1,1,1,1,0
google_kw / cqh1,brand,關於我們-遠雄房地產,/about/,1,1,1,1,15
googlemap / o1,googlemap,關於我們-遠雄房地產,/about/,1,1,2,2,15
google / cpc,pmax-1-anothercity,關於我們-遠雄房地產,/about/,1,1,1,1,52
google / cpc,遠雄幸福成_H713_關鍵字_0516_外縣市,關於我們-遠雄房地產,/about/,1,1,1,1,11
line / bh9,(not set),影像光廊：建案風采-遠雄房地產,/about/brand_gallery/,1,1,3,3,38
mkto-sn070013.com / referral,(referral),影像光廊：建案風采-遠雄房地產,/about/brand_gallery/,1,1,2,2,12
webnews / h88,20241002,影像光廊：建案風采-遠雄房地產,/about/brand_gallery/,1,1,1,1,5
(not set),20250905一輪播,影像光廊：建案風采-遠雄房地產,/about/brand_gallery/,1,1,6,6,12
sms / aep-cdp,aep-306,影像光廊：建案風采-遠雄房地產,/about/brand_gallery/,1,1,1,1,2
google_kw / cqh1,brand,影像光廊：建案風采-遠雄房地產,/about/brand_gallery/,1,1,2,2,53
fgr-line / fgr,playlist=e93ee4e&video=48dade9,影像光廊：建案風采-遠雄房地產,/about/brand_gallery/,1,1,1,1,2
104.com.tw / referral,(referral),品牌實力-遠雄房地產,/about/brand_performance_backup/,1,1,1,1,4
localhost:8080 / referral,(referral),品牌實力-遠雄房地產,/about/brand_performance_backup/,1,1,1,1,0
m000476.layout.minmax.website / referral,(referral),品牌實力-遠雄房地產,/about/brand_performance_backup/,1,1,2,2,10
(not set),20250613一輪播,品牌實力-遠雄房地產,/about/brand_performance_backup/,1,1,1,1,2
google / cpc,20250616_品牌字,品牌實力-遠雄房地產,/about/brand_performance_backup/,1,1,1,1,5
(not set),20250905一輪播,品牌實力-遠雄房地產,/about/brand_performance_backup/,1,1,2,2,5
google_kw / cqh1,brand,品牌實力-遠雄房地產,/about/brand_performance_backup/,1,1,1,1,5
fb / dh2,fb-43,品牌實力-遠雄房地產,/about/brand_performance_backup/,1,1,1,1,0
google / cpc,遠雄幸福成_H713_關鍵字_0516_中彰,品牌實力-遠雄房地產,/about/brand_performance_backup/,1,1,1,1,5
google / cpc,遠雄幸福成_H713_關鍵字_0516_外縣市,品牌實力-遠雄房地產,/about/brand_performance_backup/,1,1,2,2,13
google_kw / cqh1,brand,優勢榮耀 - 遠雄房地產,/about/branded_advantages/,1,1,1,1,5
google / organic,(organic),相關企業-遠雄房地產,/about/related_business/,1,1,1,1,0
webnews / ao1,20250317,關於遠創力 - 遠雄房地產,/about/telecreative_marketing-3/,1,1,1,1,100
fb / eh5,fb28-1,關於遠創力 - 遠雄房地產,/about/telecreative_marketing-3/,1,1,1,1,0
bing / organic,(organic),關於遠創力 - 遠雄房地產,/about/telecreative_marketing/,1,1,1,1,10
dogreat.com.tw / referral,(referral),關於遠創力 - 遠雄房地產,/about/telecreative_marketing/,1,1,1,1,24
fb / h713,106,關於遠創力 - 遠雄房地產,/about/telecreative_marketing/,1,1,1,1,0
line-lap / ar1,20250718,關於遠創力 - 遠雄房地產,/about/telecreative_marketing/,1,1,1,1,1
google / cpc,taipei,關於遠創力 - 遠雄房地產,/about/telecreative_marketing/,1,1,1,1,14
google / cpc,北大店-物件字,關於遠創力 - 遠雄房地產,/about/telecreative_marketing/,1,1,1,1,5
app.clickup.com / referral,(referral),找不到頁面 - 遠雄房地產,/about/關於遠創力-test2/,1,1,1,1,3
google / cpc,(not set),大河商爵-台北市士林區廠辦/預售新建案-預約賞屋，遠創力行銷,/aclk,1,1,1,1,25
google / cpc,(not set),遠雄信義CENTER-新北市板橋區廠辦.商辦/預售新建案-預約賞屋,/aclk,1,1,1,1,50
(direct) / (none),(direct),活動一覽 彙整 - 遠雄房地產,/activity-report-category/activities_glance/activities_glance_list/,1,1,2,2,36
(direct) / (none),(direct),案場活動 彙整 - 遠雄房地產,/activity-report-category/activities_glance/activities_glance_list/ag_case_activities/,1,1,1,1,1
google / cpc,brand,案場活動 彙整 - 遠雄房地產,/activity-report-category/activities_glance/activities_glance_list/ag_case_activities/,1,1,1,1,20
google / cpc,pmax-1-taichung,案場活動 彙整 - 遠雄房地產,/activity-report-category/activities_glance/activities_glance_list/ag_case_activities/,1,1,1,1,20
google / organic,(organic),案場活動 彙整 - 頁2，共3 - 遠雄房地產,/activity-report-category/activities_glance/activities_glance_list/ag_case_activities/page/2/,1,1,2,2,24
google / organic,(organic),案場活動 彙整 - 頁3，共3 - 遠雄房地產,/activity-report-category/activities_glance/activities_glance_list/ag_case_activities/page/3/,1,1,1,1,4
(direct) / (none),(direct),住戶專享 彙整 - 遠雄房地產,/activity-report-category/activities_glance/activities_glance_list/住戶專享/,1,1,1,1,14
google / organic,(organic),住戶專享 彙整 - 頁2，共4 - 遠雄房地產,/activity-report-category/activities_glance/activities_glance_list/住戶專享/page/2/,1,1,2,2,13
google / organic,(organic),住戶專享 彙整 - 頁3，共4 - 遠雄房地產,/activity-report-category/activities_glance/activities_glance_list/住戶專享/page/3/,1,1,2,2,40
5vo1 / 5vo1,202508,遠雄房地產最新公告 - 遠雄房地產,/activity-report-category/activities_glance/announcement_information/,1,1,2,2,2
google / organic,(organic),超級好友活動 彙整 - 頁2，共2 - 遠雄房地產,/activity-report-tag/超級好友活動/page/2/,1,1,3,3,25
(not set),20250905五輪播,超級好友活動 彙整 - 頁2，共2 - 遠雄房地產,/activity-report-tag/超級好友活動/page/2/,1,1,0,0,25
(direct) / (none),(direct),最近府城市中心【遠雄藏萃】新春入主抽機票 - 遠雄房地產,/activity-report/2023cny_dh5/,1,1,1,1,12
google / organic,(organic),跨躍2023【遠雄夏沐】幸福ME兔 - 遠雄房地產,/activity-report/2023cny_hh2/,1,1,1,1,3
google / organic,(organic),遠雄房地產✨超級好友🐲 端午抽好運大紅包🧧 - 遠雄房地產,/activity-report/2023dragonboatfestival/,1,1,1,1,4
(direct) / (none),(direct),遠雄房地產 x 游庭皓 月光族到資產新貴  學會分散風險之路「買股買債買好房」 - 遠雄房地產,/activity-report/202411experts/,1,1,1,1,21
google / organic,(organic),《城市潮流漫步》遠雄敦富打造「地圖上找不到的城市美術館」 - 遠雄房地產,/activity-report/bh10_20241213/,1,1,1,1,6
google / organic,(organic),遠雄敦富《城市潮流漫步生活節》，享受愜意生活的完美假日 - 遠雄房地產,/activity-report/bh10_20241217/,1,1,1,1,13
google / organic,(organic),「遠雄藝舍」限時限量定簽168萬起，立即預約賞屋 - 遠雄房地產,/activity-report/bh6_20230714/,1,1,1,1,13
google / organic,(organic),鴻兔大展賀新年 新春下定好運抽 多重好禮 獎不完 - 遠雄房地產,/activity-report/bh6_2023cny/,1,1,1,1,1
google / organic,(organic),遠雄房地產LINE官方帳號活動 - 粽望所歸慶端午 - 遠雄房地產,/activity-report/dragon-boat-festival/,1,1,2,2,24
google / organic,(organic),春遊PARK16 - 新春快閃優惠 簽訂6%入主蛋黃區 - 遠雄房地產,/activity-report/eh3_2023cny/,1,1,1,1,1
omnichat / remarketing_webchat,remarketing_webchat_遠雄幸福成幸福加菜金,遠雄幸福成 幸福加菜金 - 遠雄房地產,/activity-report/h713_event_carrefour/,1,1,1,1,54
google / organic,(organic),「春遊東御苑」新春系列活動，住戶限定搶先報名 - 遠雄房地產,/activity-report/h807_cny_2024012t/,1,1,1,1,4
(not set),(not set),遠雄【好室智造所】全台巡迴從台中港熱鬧啟航，永續藍圖逐步落實 - 遠雄房地產,/activity-report/hauslab_2025/,1,1,0,0,98
google / cpc,(organic),遠雄【好室智造所】全台巡迴從台中港熱鬧啟航，永續藍圖逐步落實 - 遠雄房地產,/activity-report/hauslab_2025/,1,1,1,1,5
google_kw / dh2,(organic),遠雄【好室智造所】全台巡迴從台中港熱鬧啟航，永續藍圖逐步落實 - 遠雄房地產,/activity-report/hauslab_2025/,1,1,1,1,13
localhost:8080 / referral,(referral),遠雄【好室智造所】全台巡迴從台中港熱鬧啟航，永續藍圖逐步落實 - 遠雄房地產,/activity-report/hauslab_2025/,1,1,1,1,11
mkto-sn070013.com / referral,(referral),遠雄【好室智造所】全台巡迴從台中港熱鬧啟航，永續藍圖逐步落實 - 遠雄房地產,/activity-report/hauslab_2025/,1,1,1,1,21
news.google.com / referral,(referral),遠雄【好室智造所】全台巡迴從台中港熱鬧啟航，永續藍圖逐步落實 - 遠雄房地產,/activity-report/hauslab_2025/,1,1,1,1,36
search.google.com / referral,(referral),遠雄【好室智造所】全台巡迴從台中港熱鬧啟航，永續藍圖逐步落實 - 遠雄房地產,/activity-report/hauslab_2025/,1,1,1,1,0
statics.teams.cdn.office.net / referral,(referral),遠雄【好室智造所】全台巡迴從台中港熱鬧啟航，永續藍圖逐步落實 - 遠雄房地產,/activity-report/hauslab_2025/,1,1,1,1,0
tagassistant.google.com / referral,(referral),遠雄【好室智造所】全台巡迴從台中港熱鬧啟航，永續藍圖逐步落實 - 遠雄房地產,/activity-report/hauslab_2025/,1,1,1,1,4
tw.search.yahoo.com / referral,(referral),遠雄【好室智造所】全台巡迴從台中港熱鬧啟航，永續藍圖逐步落實 - 遠雄房地產,/activity-report/hauslab_2025/,1,1,1,1,74
google / cpc,20220125,遠雄【好室智造所】全台巡迴從台中港熱鬧啟航，永續藍圖逐步落實 - 遠雄房地產,/activity-report/hauslab_2025/,1,1,1,1,128
5vo1 / 5vo1,202508,遠雄【好室智造所】全台巡迴從台中港熱鬧啟航，永續藍圖逐步落實 - 遠雄房地產,/activity-report/hauslab_2025/,1,1,1,1,55
google / cpc,brand0829,遠雄【好室智造所】全台巡迴從台中港熱鬧啟航，永續藍圖逐步落實 - 遠雄房地產,/activity-report/hauslab_2025/,1,1,1,1,47
fgr-line / fg,contract/,遠雄【好室智造所】全台巡迴從台中港熱鬧啟航，永續藍圖逐步落實 - 遠雄房地產,/activity-report/hauslab_2025/,1,1,2,2,20
fb / eh5,privacy,遠雄【好室智造所】全台巡迴從台中港熱鬧啟航，永續藍圖逐步落實 - 遠雄房地產,/activity-report/hauslab_2025/,1,1,1,1,12
EDM / referral,滿意度問券,遠雄【好室智造所】全台巡迴從台中港熱鬧啟航，永續藍圖逐步落實 - 遠雄房地產,/activity-report/hauslab_2025/,1,1,1,1,26
google / organic,(organic),夏沐迎春好運到，來檜一起樂「龍龍」！ - 遠雄房地產,/activity-report/hh2_cny_20240125/,1,1,1,1,3
(direct) / (none),(direct),遠雄人壽30週年全新形象廣告，攜手金曲歌后蔡健雅，點燃彼此心中善念，一步步美好世界的全部 - 遠雄房地產,/activity-report/insurance_20230106/,1,1,1,1,3
tw.search.yahoo.com / referral,(referral),【究極の月】一品富貴中秋禮盒(流心月餅/東方美人茶) - 遠雄房地產,/activity-report/mid-autumn-festival/,1,1,1,1,39
google / organic,(organic),溫馨母親節-遠雄啾愛禮，媽媽我愛妳，賞屋心坎禮-遠雄房地產,/activity-report/mother-day/,1,1,2,2,31
5vo1 / 5vo1,202508,【遠雄房地產公告】近期資訊詐騙頻傳，請特別注意 - 遠雄房地產,/activity-report/sms_20240605/,1,1,1,1,2
google / organic,(organic),贈票🎁2023 萌寵物用品展 - 遠雄房地產,/activity-report/ucity-pet-20230922/,1,1,1,1,0
google / organic,(organic),【北捷嚴選】咖啡濾掛包，四折起 - 遠雄房地產,/activity-report/ucity_coffee_nov/,1,1,1,1,44
(direct) / (none),(direct),2023 烏克蘭聯合芭蕾舞團《天鵝湖》 - 遠雄房地產,/activity-report/ucity_dance_20230222/,1,1,1,1,0
google / organic,(organic),【遠雄住戶專享】1212年終趴｜指定商品75折！ - 遠雄房地產,/activity-report/ucity_dec_hair/,1,1,1,1,1
google / organic,(organic),迪士尼動畫展限時優惠✨ - 遠雄房地產,/activity-report/ucity_disney_20230426/,1,1,1,1,9
google / organic,(organic),果陀劇場《我在詐騙公司上班》 - 遠雄房地產,/activity-report/ucity_drama_20231120/,1,1,1,1,10
google / organic,(organic),【德國美得麗床墊】滿額折三千，加碼贈品牌午安枕 - 遠雄房地產,/activity-report/ucity_oct_bed/,1,1,1,1,12
(direct) / (none),(direct),國父紀念館50週年大戲《仁愛路六號》 - 遠雄房地產,/activity-report/ucity_oct_drama/,1,1,1,1,17
(direct) / (none),(direct),金曲最佳樂團 落日飛車浪漫開唱 - 遠雄房地產,/activity-report/ucity_sep_band/,1,1,1,1,9
google / organic,(organic),特約⭐全新音樂劇《海角七號》造夢者 - 遠雄房地產,/activity-report/ucity_sep_drama_20230923/,1,1,1,1,1
tw.search.yahoo.com / referral,(referral),贈票⏐玩轉文具暨手作創意展 - 遠雄房地產,/activity-report/ucity_toy_20231120/,1,1,1,1,5
google / organic,(organic),【住戶專享】簡易DIY輕鬆好好玩，免工具免黏貼，安全環保，一同體驗手作樂趣！ - 遠雄房地產,/activity-report/【住戶專享】簡易diy輕鬆好好玩，免工具免黏貼，/,1,1,1,1,6
google / organic,(organic),汐止遠雄廣場 High購好康 - 遠雄房地產,/activity-report/汐止遠雄廣場-high購好康/,1,1,1,1,3
google / organic,(organic),福虎生風超友慶 新春好禮雙重抽 - 遠雄房地產,/activity-report/福虎生風超友慶-新春好禮雙重抽/,1,1,1,1,7
fgr-line / fg,contract/,遠雄房地產 官方LINE | 7萬好友感謝祭！7770 LINE POINTS大放送！ - 遠雄房地產,/activity-report/遠雄房地產-7萬好友/,1,1,1,1,28
google / organic,(organic),遠雄房地產 官方LINE 7月大巨蛋專屬貴賓席 - 遠雄房地產,/activity-report/遠雄房地產-官方line-7月大巨蛋專屬貴賓席/,1,1,1,1,6
excel.officeapps.live.com / referral,(referral),遠雄房地產 官方LINE | 7月大巨蛋專屬貴賓席 - 遠雄房地產,/activity-report/遠雄房地產-官方line-7月大巨蛋專屬貴賓席/,1,1,1,1,3
facebook.com / referral,(referral),遠雄房地產 官方LINE | 7月大巨蛋專屬貴賓席 - 遠雄房地產,/activity-report/遠雄房地產-官方line-7月大巨蛋專屬貴賓席/,1,1,1,1,1
5vo1 / 5vo1,202508,遠雄房地產 官方LINE | 7月大巨蛋專屬貴賓席 - 遠雄房地產,/activity-report/遠雄房地產-官方line-7月大巨蛋專屬貴賓席/,1,1,1,1,5
fgr-line / fg,contract/,遠雄房地產 官方LINE | 7月大巨蛋專屬貴賓席 - 遠雄房地產,/activity-report/遠雄房地產-官方line-7月大巨蛋專屬貴賓席/,1,1,1,1,78
line-lap / bh7,lap-1,遠雄房地產 官方LINE | 7月大巨蛋專屬貴賓席 - 遠雄房地產,/activity-report/遠雄房地產-官方line-7月大巨蛋專屬貴賓席/,1,1,1,1,21
(direct) / (none),(direct),遠雄房地產 官方LINE 端午限定🐲大巨蛋VIP專屬貴賓席 - 遠雄房地產,/activity-report/遠雄房地產-官方line-端午限定🐲大巨蛋vip專屬貴賓席/,1,1,1,1,1
google / organic,(organic),遠雄房地產 官方LINE 端午限定🐲大巨蛋VIP專屬貴賓席 - 遠雄房地產,/activity-report/遠雄房地產-官方line-端午限定🐲大巨蛋vip專屬貴賓席/,1,1,1,1,3
google / organic,(organic),遠雄房地產 官方LINE | 象龍對決熱血開打! - 遠雄房地產,/activity-report/遠雄房地產-官方line-象龍對決熱血開打/,1,1,2,2,15
excel.officeapps.live.com / referral,(referral),遠雄房地產 官方LINE | 象龍對決熱血開打! - 遠雄房地產,/activity-report/遠雄房地產-官方line-象龍對決熱血開打/,1,1,1,1,5
google / organic,(organic),遠雄房地產 官方LINE | 🦁新年好運獅不可擋🦁 - 遠雄房地產,/activity-report/遠雄房地產-官方line🦁新年好運獅不可擋🦁/,1,1,1,1,6
google / organic,(organic),遠雄房地產「賞屋熊厝味」首檔活動得獎公告 - 遠雄房地產,/activity-report/遠雄房地產「賞屋熊厝味」首檔活動得獎公告/,1,1,1,1,0
(direct) / (none),(direct),遠雄房地產LINE官方帳號活動 - 升級超級好友週週抽活動,/activity-report/遠雄房地產官方line-8月週週抽/,1,1,1,1,0
google / organic,(organic),遠雄房地產官網滿意度問券調查-2025年第二季-得獎公告 - 遠雄房地產,/activity-report/遠雄房地產官網滿意度問券調查-2025年第二季-得獎公/,1,1,1,1,25
fgr-line / fg,contract/,遠雄房地產官網滿意度問券調查-2025年第二季-得獎公告 - 遠雄房地產,/activity-report/遠雄房地產官網滿意度問券調查-2025年第二季-得獎公/,1,1,2,2,100
tw.search.yahoo.com / referral,(referral),遠雄沐蘊 | 夏日感恩大回饋🎁好鄰介紹所開張囉! - 遠雄房地產,/activity-report/遠雄沐蘊-夏日感恩大回饋-好鄰介紹所開張囉/,1,1,1,1,24
google / cpc,brand,遠雄沐蘊 | 夏日感恩大回饋🎁好鄰介紹所開張囉! - 遠雄房地產,/activity-report/遠雄沐蘊-夏日感恩大回饋-好鄰介紹所開張囉/,1,1,1,1,22
line / eh5,line_welcome,遠雄沐蘊 | 夏日感恩大回饋🎁好鄰介紹所開張囉! - 遠雄房地產,/activity-report/遠雄沐蘊-夏日感恩大回饋-好鄰介紹所開張囉/,1,1,1,1,1
fb / eh5,privacy,遠雄沐蘊 | 夏日感恩大回饋🎁好鄰介紹所開張囉! - 遠雄房地產,/activity-report/遠雄沐蘊-夏日感恩大回饋-好鄰介紹所開張囉/,1,1,2,2,51
youtube / fgr,yt,遠雄琢蘊線上接待中心問券大調查得獎公告 - 遠雄房地產,/activity-report/遠雄琢蘊線上接待中心問券大調查得獎公告/,1,1,1,1,4
(direct) / (none),(direct),遠雄藝舍 限時感謝祭🌸賞屋抽機票🛫購屋再送精品家電! - 遠雄房地產,/activity-report/遠雄藝舍-限時感謝祭賞屋抽機票購屋送家電/,1,1,1,1,0
bing / organic,(organic),活動報報：最新活動一覽與公告資訊 -遠雄房地產,/activity_report/,1,1,1,1,1
mkto-sn070013.com / referral,(referral),活動報報：最新活動一覽與公告資訊 -遠雄房地產,/activity_report/,1,1,1,1,17
tw.search.yahoo.com / referral,(referral),活動報報：最新活動一覽與公告資訊 -遠雄房地產,/activity_report/,1,1,1,1,11
fb / h713,106,活動報報：最新活動一覽與公告資訊 -遠雄房地產,/activity_report/,1,1,1,1,2
google / cpc,20250901,活動報報：最新活動一覽與公告資訊 -遠雄房地產,/activity_report/,1,1,1,1,1
fb / h713,99,活動報報：最新活動一覽與公告資訊 -遠雄房地產,/activity_report/,1,1,2,2,3
sms / aep-cdp,aep-306,活動報報：最新活動一覽與公告資訊 -遠雄房地產,/activity_report/,1,1,1,1,1
google_kw / cqh1,brand,活動報報：最新活動一覽與公告資訊 -遠雄房地產,/activity_report/,1,1,1,1,5
fgr-line / fg,contract/,活動報報：最新活動一覽與公告資訊 -遠雄房地產,/activity_report/,1,1,2,2,21
web / bh6,googlemap2,活動報報：最新活動一覽與公告資訊 -遠雄房地產,/activity_report/,1,1,1,1,23
fgr-line / bh11,listbutton,活動報報：最新活動一覽與公告資訊 -遠雄房地產,/activity_report/,1,1,1,1,2
fgr-line / fgr,tax_mitigation_housetax_20220902,活動報報：最新活動一覽與公告資訊 -遠雄房地產,/activity_report/,1,1,1,1,0
yahoo / organic,(organic),活動一覽：建案活動與會員好禮 -遠雄房地產,/activity_report/activities_glance/,1,1,1,1,2
excel.officeapps.live.com / referral,(referral),活動一覽：建案活動與會員好禮 -遠雄房地產,/activity_report/activities_glance/,1,1,1,1,10
webnews / 5vo1,202508,活動一覽：建案活動與會員好禮 -遠雄房地產,/activity_report/activities_glance/,1,1,1,1,11
(not set),20250808一輪播,活動一覽：建案活動與會員好禮 -遠雄房地產,/activity_report/activities_glance/,1,1,1,1,14
fb / h713,99,活動一覽：建案活動與會員好禮 -遠雄房地產,/activity_report/activities_glance/,1,1,1,1,10
line / bh9,area,活動一覽：建案活動與會員好禮 -遠雄房地產,/activity_report/activities_glance/,1,1,1,1,0
google / cpc,brand,活動一覽：建案活動與會員好禮 -遠雄房地產,/activity_report/activities_glance/,1,1,1,1,129
fgr-line / fgr,tax_mitigation_housetax_20220902,活動一覽：建案活動與會員好禮 -遠雄房地產,/activity_report/activities_glance/,1,1,1,1,3
EDM / referral,滿意度問券,活動一覽：建案活動與會員好禮 -遠雄房地產,/activity_report/activities_glance/,1,1,1,1,4
google / cpc,遠雄幸福成_H713_關鍵字_0516_中彰,活動一覽：建案活動與會員好禮 -遠雄房地產,/activity_report/activities_glance/,1,1,1,1,4
tw.search.yahoo.com / referral,(referral),公告資訊 - 遠雄房地產,/activity_report/announcement_information/,1,1,1,1,18
5vo1 / 5vo1,202508,公告資訊 - 遠雄房地產,/activity_report/announcement_information/,1,1,1,1,18
(not set),20250808一輪播,公告資訊 - 遠雄房地產,/activity_report/announcement_information/,1,1,1,1,4
fgr-line / fg,contract/,公告資訊 - 遠雄房地產,/activity_report/announcement_information/,1,1,1,1,11
google / cpc,遠雄幸福成_H713_關鍵字_0516_中彰,公告資訊 - 遠雄房地產,/activity_report/announcement_information/,1,1,1,1,31
google / cpc,遠雄幸福成_H713_關鍵字_0516_外縣市,公告資訊 - 遠雄房地產,/activity_report/announcement_information/,1,1,1,1,4
(not set),20250919一輪播,"外觀介紹,遠雄琢蘊-線上接待中心",/aesthetics/concept,1,1,1,1,66
(not set),20250919一輪播,"公設藝境,遠雄琢蘊-線上接待中心",/aesthetics/public-facility,1,1,2,2,72
google / organic,(organic),"公設藝境,遠雄夏沐-線上接待中心",/aesthetics/public-facility/art,1,1,1,1,9
(not set),20250919一輪播,"公設藝境,遠雄琢蘊-線上接待中心",/aesthetics/public-facility/art,1,1,2,2,9
(not set),20250919一輪播,遠雄泱玥 | 水岸正首席．北士科首獻｜57-75坪-蔡定誠-遠雄房地產 Farglory-Realty,/ah2/B4720,1,1,1,1,0
(not set),(not set),遠雄泱玥 | 水岸正首席．北士科首獻｜47-75坪-周繹加-遠雄房地產 Farglory-Realty,/ah2/B5654,1,1,1,1,7
(direct) / (none),(direct),遠雄泱玥 | 水岸正首席．北士科首獻｜57-75坪-黃建璋-遠雄房地產 Farglory-Realty,/ah2/B5930,1,1,5,5,9
(direct) / (none),(direct),遠雄泱玥 | 水岸正首席．北士科首獻｜47-75坪-趙偉傑-遠雄房地產 Farglory-Realty,/ah2/g0106,1,1,1,1,56
(direct) / (none),(direct),遠雄泱玥 | 水岸正首席．北士科首獻｜57-75坪-ah2g0215-遠雄房地產 Farglory-Realty,/ah2/g0215,1,1,1,1,0
(direct) / (none),(direct),遠雄泱玥 | 水岸正首席．北士科首獻｜57-75坪-鍾辰亞-遠雄房地產 Farglory-Realty,/ah2/g0215,1,1,5,5,2
chatgpt.com / referral,(referral),遠雄泱玥 | 水岸正首席．北士科首獻｜57-75坪,/ah2/main,1,1,1,1,17
google / cpc,brand,遠雄泱玥 | 水岸正首席．北士科首獻｜57-75坪,/ah2/main,1,1,2,2,21
mkto-sn070013.com / referral,(referral),2025四月主題報 - 遠雄房地產,/apr2025/,1,1,2,2,19
mkto-sn070013.com / referral,(referral),2025八月主題報 - 遠雄房地產,/aug2025/,1,1,1,1,0
(not set),20250711一輪播,遠雄敦富-李心心-遠雄房地產 Farglory-Realty,/bh10/G0599,1,1,1,1,0
(not set),20250711一輪播,遠雄敦富-許哲瑋-遠雄房地產 Farglory-Realty,/bh10/G0605,1,1,1,1,0
(not set),20250711一輪播,遠雄敦富-魏子鈞-遠雄房地產 Farglory-Realty,/bh10/b5338,1,1,1,1,0
(not set),(not set),遠雄敦富-董宸-遠雄房地產 Farglory-Realty,/bh10/c0744,1,1,1,1,0
google / organic,(organic),遠雄敦富-董宸-遠雄房地產 Farglory-Realty,/bh10/c0744,1,1,1,1,3
google / cpc,brand,遠雄敦富-董宸-遠雄房地產 Farglory-Realty,/bh10/c0744,1,1,2,2,17
(direct) / (none),(direct),遠雄敦富-張瑀心-遠雄房地產 Farglory-Realty,/bh10/g1227,1,1,1,1,31
(not set),(not set),遠雄敦富-張瑀心-遠雄房地產 Farglory-Realty,/bh10/g1227,1,1,1,1,0
(not set),(not set),遠雄敦富-陳惠茵-遠雄房地產 Farglory-Realty,/bh10/g1274,1,1,1,1,0
google / organic,(organic),遠雄敦富,/bh10/main,1,1,1,1,17
google / organic,(organic),遠雄丰尚-黃郁恬-遠雄房地產 Farglory-Realty,/bh11/G0335,1,1,2,2,11
excel.officeapps.live.com / referral,(referral),遠雄丰尚-黃子霏-遠雄房地產 Farglory-Realty,/bh11/G0630,1,1,1,1,6
google / organic,(organic),遠雄丰尚-洪健倫-遠雄房地產 Farglory-Realty,/bh11/G0962,1,1,1,1,5
tw.search.yahoo.com / referral,(referral),遠雄丰尚-洪健倫-遠雄房地產 Farglory-Realty,/bh11/G0962,1,1,1,1,28
fb / eh2,8-6,遠雄丰尚-洪健倫-遠雄房地產 Farglory-Realty,/bh11/G0962,1,1,1,1,14
facebook.com / referral,(referral),遠雄丰尚-陳蘊文-遠雄房地產 Farglory-Realty,/bh11/G1189,1,1,1,1,0
google / organic,(organic),遠雄丰尚-陳宴寧-遠雄房地產 Farglory-Realty,/bh11/G1258,1,1,1,1,11
google / organic,(organic),遠雄丰尚-汪千卉-遠雄房地產 Farglory-Realty,/bh11/G1259,1,1,1,1,0
picsee.io / referral,(referral),遠雄丰尚,/bh11/main,1,1,1,1,11
(direct) / (none),(direct),找不到頁面 - 遠雄房地產,/blog/何世昌觀點：首季房市開低走揚，房價進入大亂鬥盤整格局,1,1,1,1,0
(direct) / (none),(direct),找不到頁面 - 遠雄房地產,/blog/劉學龍觀點：升息循環下的商用不動產投資,1,1,1,1,1
(direct) / (none),(direct),找不到頁面 - 遠雄房地產,/build/detail/H138,1,1,1,1,11
GDN / GDN,GDN,找不到頁面 - 遠雄房地產,/build/detail/h101,1,1,1,1,0
(direct) / (none),(direct),找不到頁面 - 遠雄房地產,/build/detail/h602,1,1,1,1,4
google / cpc,Brand_0804,找不到頁面 - 遠雄房地產,/build/detail/h79,1,1,1,1,2
google / organic,(organic),"Farglory Real Estate Selected Existing Homes (Taipei, New Taipei, Taichung, Taoyuan, Tainan, Kaohsiung) - Farglory Real Estate",/building-category-tag/featured_existing_house/,1,1,0,0,2
google / cpc,O1_品牌字_2025.0801,"Yuanxiong Real Estate Selected Houses (Taipei, New Taipei, Taichung, Taoyuan, Tainan, Kaohsiung) - Yuanxiong Real Estate",/building-category-tag/featured_existing_house/,1,1,0,0,5
fb / O1,120227538157820464,遠雄房地產精選成屋(台北、新北、台中、桃園、台南、高雄) - 遠雄房地產,/building-category-tag/featured_existing_house/,1,1,2,2,15
fb / o1,20250422_24-1,遠雄房地產精選成屋(台北、新北、台中、桃園、台南、高雄) - 遠雄房地產,/building-category-tag/featured_existing_house/,1,1,1,1,5
(not set),20250905五輪播,遠雄房地產精選成屋(台北、新北、台中、桃園、台南、高雄) - 遠雄房地產,/building-category-tag/featured_existing_house/,1,1,0,0,0
google_kw / 8fsl01,buyhouse,遠雄房地產精選成屋(台北、新北、台中、桃園、台南、高雄) - 遠雄房地產,/building-category-tag/featured_existing_house/,1,1,1,1,0
fb / 8fsl01,fb8-1,遠雄房地產精選成屋(台北、新北、台中、桃園、台南、高雄) - 遠雄房地產,/building-category-tag/featured_existing_house/,1,1,1,1,29
fb / 8fsl01,leads,遠雄房地產精選成屋(台北、新北、台中、桃園、台南、高雄) - 遠雄房地產,/building-category-tag/featured_existing_house/,1,1,1,1,15
line / 8fsl01,line0608,遠雄房地產精選成屋(台北、新北、台中、桃園、台南、高雄) - 遠雄房地產,/building-category-tag/featured_existing_house/,1,1,1,1,0
line-fgr / bh7,linefgrbh7,遠雄房地產精選成屋(台北、新北、台中、桃園、台南、高雄) - 遠雄房地產,/building-category-tag/featured_existing_house/,1,1,1,1,2
google / cpc,北大店-品牌字,遠雄房地產精選成屋(台北、新北、台中、桃園、台南、高雄) - 遠雄房地產,/building-category-tag/featured_existing_house/,1,1,1,1,20
bing / organic,(organic),精選廠辦 相關預售屋/新成屋/新建案資料|遠雄房地產,/building-category-tag/featured_factory_office/,1,1,1,1,17
dogreat.com.tw / referral,(referral),精選廠辦 相關預售屋/新成屋/新建案資料|遠雄房地產,/building-category-tag/featured_factory_office/,1,1,1,1,3
tw.search.yahoo.com / referral,(referral),精選廠辦 相關預售屋/新成屋/新建案資料|遠雄房地產,/building-category-tag/featured_factory_office/,1,1,1,1,42
google / cpc,202509_1,精選廠辦 相關預售屋/新成屋/新建案資料|遠雄房地產,/building-category-tag/featured_factory_office/,1,1,1,1,16
google / cpc,BSTP,精選廠辦 相關預售屋/新成屋/新建案資料|遠雄房地產,/building-category-tag/featured_factory_office/,1,1,1,1,12
google / cpc,gdn-01,精選廠辦 相關預售屋/新成屋/新建案資料|遠雄房地產,/building-category-tag/featured_factory_office/,1,1,1,1,0
google / cpc,othercities_brand,(1) 封未讀訊息 | 遠雄房地產精選預售屋(台北、新北、台中、桃園、台南、高雄) - 遠雄房地產,/building-category-tag/featured_pre_sale/,1,1,0,0,0
(not set),(not set),"Farglory Real Estate Selected Pre-sale Homes (Taipei, New Taipei, Taichung, Taoyuan, Tainan, Kaohsiung) - Farglory Real Estate",/building-category-tag/featured_pre_sale/,1,1,0,0,30
google / cpc,20250718,Farglory Real Estate บ้านที่คัดสรรไว้ล่วงหน้า (ไทเป นิวไทเป ไถจง เถาหยวน ไถหนาน เกาสง) - Farglory Real Estate,/building-category-tag/featured_pre_sale/,1,1,0,0,11
chatgpt.com / (not set),(not set),遠雄房地產精選預售屋(台北、新北、台中、桃園、台南、高雄) - 遠雄房地產,/building-category-tag/featured_pre_sale/,1,1,2,2,26
google_kw / bh5,(not set),遠雄房地產精選預售屋(台北、新北、台中、桃園、台南、高雄) - 遠雄房地產,/building-category-tag/featured_pre_sale/,1,1,1,1,9
excel.officeapps.live.com / referral,(referral),遠雄房地產精選預售屋(台北、新北、台中、桃園、台南、高雄) - 遠雄房地產,/building-category-tag/featured_pre_sale/,1,1,1,1,22
m.facebook.com / referral,(referral),遠雄房地產精選預售屋(台北、新北、台中、桃園、台南、高雄) - 遠雄房地產,/building-category-tag/featured_pre_sale/,1,1,1,1,2
mkto-sn070013.com / referral,(referral),遠雄房地產精選預售屋(台北、新北、台中、桃園、台南、高雄) - 遠雄房地產,/building-category-tag/featured_pre_sale/,1,1,1,1,23
line-lap / dh2,12,遠雄房地產精選預售屋(台北、新北、台中、桃園、台南、高雄) - 遠雄房地產,/building-category-tag/featured_pre_sale/,1,1,1,1,18
ig / paid,120222247205050066,遠雄房地產精選預售屋(台北、新北、台中、桃園、台南、高雄) - 遠雄房地產,/building-category-tag/featured_pre_sale/,1,1,1,1,1
fb / paid,120229486957530138,遠雄房地產精選預售屋(台北、新北、台中、桃園、台南、高雄) - 遠雄房地產,/building-category-tag/featured_pre_sale/,1,1,1,1,9
fb / paid,120232410691820316,遠雄房地產精選預售屋(台北、新北、台中、桃園、台南、高雄) - 遠雄房地產,/building-category-tag/featured_pre_sale/,1,1,1,1,28
ig / paid,120240295873940537,遠雄房地產精選預售屋(台北、新北、台中、桃園、台南、高雄) - 遠雄房地產,/building-category-tag/featured_pre_sale/,1,1,1,1,9
line-lap / dh2,13,遠雄房地產精選預售屋(台北、新北、台中、桃園、台南、高雄) - 遠雄房地產,/building-category-tag/featured_pre_sale/,1,1,1,1,21
fb / bh5,2,遠雄房地產精選預售屋(台北、新北、台中、桃園、台南、高雄) - 遠雄房地產,/building-category-tag/featured_pre_sale/,1,1,1,1,17
fb / eh1,2-4,遠雄房地產精選預售屋(台北、新北、台中、桃園、台南、高雄) - 遠雄房地產,/building-category-tag/featured_pre_sale/,1,1,1,1,14
fb / eh1,2-5,遠雄房地產精選預售屋(台北、新北、台中、桃園、台南、高雄) - 遠雄房地產,/building-category-tag/featured_pre_sale/,1,1,1,1,2
google_kw / BH8,20240816_台中 建案,遠雄房地產精選預售屋(台北、新北、台中、桃園、台南、高雄) - 遠雄房地產,/building-category-tag/featured_pre_sale/,1,1,1,1,13
google / cpc,20250616_台北豪宅/別墅,遠雄房地產精選預售屋(台北、新北、台中、桃園、台南、高雄) - 遠雄房地產,/building-category-tag/featured_pre_sale/,1,1,1,1,39
pmp / (not set),20250905五輪播,遠雄房地產精選預售屋(台北、新北、台中、桃園、台南、高雄) - 遠雄房地產,/building-category-tag/featured_pre_sale/,1,1,0,0,0
fb / h707,24,遠雄房地產精選預售屋(台北、新北、台中、桃園、台南、高雄) - 遠雄房地產,/building-category-tag/featured_pre_sale/,1,1,3,3,76
fb / bh7,4,遠雄房地產精選預售屋(台北、新北、台中、桃園、台南、高雄) - 遠雄房地產,/building-category-tag/featured_pre_sale/,1,1,1,1,8
fb / bh5,40,遠雄房地產精選預售屋(台北、新北、台中、桃園、台南、高雄) - 遠雄房地產,/building-category-tag/featured_pre_sale/,1,1,1,1,34
fb / bh5,42,遠雄房地產精選預售屋(台北、新北、台中、桃園、台南、高雄) - 遠雄房地產,/building-category-tag/featured_pre_sale/,1,1,1,1,20
fb / bh5,46,遠雄房地產精選預售屋(台北、新北、台中、桃園、台南、高雄) - 遠雄房地產,/building-category-tag/featured_pre_sale/,1,1,1,1,17
fb / bh11,8-3,遠雄房地產精選預售屋(台北、新北、台中、桃園、台南、高雄) - 遠雄房地產,/building-category-tag/featured_pre_sale/,1,1,1,1,19
fb / eh2,9-3,遠雄房地產精選預售屋(台北、新北、台中、桃園、台南、高雄) - 遠雄房地產,/building-category-tag/featured_pre_sale/,1,1,1,1,44
fb / eh2,9-4,遠雄房地產精選預售屋(台北、新北、台中、桃園、台南、高雄) - 遠雄房地產,/building-category-tag/featured_pre_sale/,1,1,1,1,0
google_kw / cqh1,brand,遠雄房地產精選預售屋(台北、新北、台中、桃園、台南、高雄) - 遠雄房地產,/building-category-tag/featured_pre_sale/,1,1,1,1,5
google / cpc,competitor,遠雄房地產精選預售屋(台北、新北、台中、桃園、台南、高雄) - 遠雄房地產,/building-category-tag/featured_pre_sale/,1,1,1,1,6
google / cpc,competitor0829,遠雄房地產精選預售屋(台北、新北、台中、桃園、台南、高雄) - 遠雄房地產,/building-category-tag/featured_pre_sale/,1,1,1,1,5
google / cpc,content,遠雄房地產精選預售屋(台北、新北、台中、桃園、台南、高雄) - 遠雄房地產,/building-category-tag/featured_pre_sale/,1,1,2,2,5
fb / eh1,eh1ig,遠雄房地產精選預售屋(台北、新北、台中、桃園、台南、高雄) - 遠雄房地產,/building-category-tag/featured_pre_sale/,1,1,1,1,33
fb / ah2,fb-27,遠雄房地產精選預售屋(台北、新北、台中、桃園、台南、高雄) - 遠雄房地產,/building-category-tag/featured_pre_sale/,1,1,1,1,12
fb / dh2,fb-31,遠雄房地產精選預售屋(台北、新北、台中、桃園、台南、高雄) - 遠雄房地產,/building-category-tag/featured_pre_sale/,1,1,1,1,24
fb / dh2,fb-32,遠雄房地產精選預售屋(台北、新北、台中、桃園、台南、高雄) - 遠雄房地產,/building-category-tag/featured_pre_sale/,1,1,1,1,66
fb / dh2,fb-34,遠雄房地產精選預售屋(台北、新北、台中、桃園、台南、高雄) - 遠雄房地產,/building-category-tag/featured_pre_sale/,1,1,1,1,10
fb / dh2,fb-35,遠雄房地產精選預售屋(台北、新北、台中、桃園、台南、高雄) - 遠雄房地產,/building-category-tag/featured_pre_sale/,1,1,1,1,63
fb / dh2,fb-39,遠雄房地產精選預售屋(台北、新北、台中、桃園、台南、高雄) - 遠雄房地產,/building-category-tag/featured_pre_sale/,1,1,2,2,12
fb / dh2,fb-43,遠雄房地產精選預售屋(台北、新北、台中、桃園、台南、高雄) - 遠雄房地產,/building-category-tag/featured_pre_sale/,1,1,1,1,15
fb / ar1,fb1-3,遠雄房地產精選預售屋(台北、新北、台中、桃園、台南、高雄) - 遠雄房地產,/building-category-tag/featured_pre_sale/,1,1,1,1,8
fb / eh5,fb12-3,遠雄房地產精選預售屋(台北、新北、台中、桃園、台南、高雄) - 遠雄房地產,/building-category-tag/featured_pre_sale/,1,1,1,1,12
socialmedia / bh11,fbbh11info,遠雄房地產精選預售屋(台北、新北、台中、桃園、台南、高雄) - 遠雄房地產,/building-category-tag/featured_pre_sale/,1,1,1,1,16
fb / bh10,fbearlybird_form,遠雄房地產精選預售屋(台北、新北、台中、桃園、台南、高雄) - 遠雄房地產,/building-category-tag/featured_pre_sale/,1,1,1,1,5
google / cpc,gdn-01,遠雄房地產精選預售屋(台北、新北、台中、桃園、台南、高雄) - 遠雄房地產,/building-category-tag/featured_pre_sale/,1,1,1,1,31
google_kw / ah2,googlemap,遠雄房地產精選預售屋(台北、新北、台中、桃園、台南、高雄) - 遠雄房地產,/building-category-tag/featured_pre_sale/,1,1,1,1,14
socialmedia / fgr,ig,遠雄房地產精選預售屋(台北、新北、台中、桃園、台南、高雄) - 遠雄房地產,/building-category-tag/featured_pre_sale/,1,1,2,2,11
google / cpc,information4,遠雄房地產精選預售屋(台北、新北、台中、桃園、台南、高雄) - 遠雄房地產,/building-category-tag/featured_pre_sale/,1,1,1,1,2
fb / 8fsl01,leads,遠雄房地產精選預售屋(台北、新北、台中、桃園、台南、高雄) - 遠雄房地產,/building-category-tag/featured_pre_sale/,1,1,1,1,23
fb / ar1,leads,遠雄房地產精選預售屋(台北、新北、台中、桃園、台南、高雄) - 遠雄房地產,/building-category-tag/featured_pre_sale/,1,1,1,1,16
fb / bh5,leads,遠雄房地產精選預售屋(台北、新北、台中、桃園、台南、高雄) - 遠雄房地產,/building-category-tag/featured_pre_sale/,1,1,2,2,185
line / dh2,line-dh2,遠雄房地產精選預售屋(台北、新北、台中、桃園、台南、高雄) - 遠雄房地產,/building-category-tag/featured_pre_sale/,1,1,3,3,25
line-lap / bh10,line-lap202502-1,遠雄房地產精選預售屋(台北、新北、台中、桃園、台南、高雄) - 遠雄房地產,/building-category-tag/featured_pre_sale/,1,1,1,1,16
line-lap / bh10,line-lap20256-8,遠雄房地產精選預售屋(台北、新北、台中、桃園、台南、高雄) - 遠雄房地產,/building-category-tag/featured_pre_sale/,1,1,1,1,93
line / 8fsl01,line0608,遠雄房地產精選預售屋(台北、新北、台中、桃園、台南、高雄) - 遠雄房地產,/building-category-tag/featured_pre_sale/,1,1,1,1,0
fgr-line / bh11,listbutton,遠雄房地產精選預售屋(台北、新北、台中、桃園、台南、高雄) - 遠雄房地產,/building-category-tag/featured_pre_sale/,1,1,1,1,56
google / cpc,needs,遠雄房地產精選預售屋(台北、新北、台中、桃園、台南、高雄) - 遠雄房地產,/building-category-tag/featured_pre_sale/,1,1,1,1,6
google / cpc,othercities_taichung,遠雄房地產精選預售屋(台北、新北、台中、桃園、台南、高雄) - 遠雄房地產,/building-category-tag/featured_pre_sale/,1,1,1,1,9
gdn / bh7,pmax-1-taichung,遠雄房地產精選預售屋(台北、新北、台中、桃園、台南、高雄) - 遠雄房地產,/building-category-tag/featured_pre_sale/,1,1,1,1,43
google / cpc,taipei,遠雄房地產精選預售屋(台北、新北、台中、桃園、台南、高雄) - 遠雄房地產,/building-category-tag/featured_pre_sale/,1,1,2,2,12
google / cpc,type,遠雄房地產精選預售屋(台北、新北、台中、桃園、台南、高雄) - 遠雄房地產,/building-category-tag/featured_pre_sale/,1,1,1,1,15
google / cpc,web-Google map,遠雄房地產精選預售屋(台北、新北、台中、桃園、台南、高雄) - 遠雄房地產,/building-category-tag/featured_pre_sale/,1,1,1,1,6
google / cpc,北大店-買房字,遠雄房地產精選預售屋(台北、新北、台中、桃園、台南、高雄) - 遠雄房地產,/building-category-tag/featured_pre_sale/,1,1,1,1,29
google / organic,(organic),遠雄房地產精選預售屋(台北、新北、台中、桃園、台南、高雄) - 遠雄房地產,/building-category-tag/featured_pre_sale/page/2/,1,1,1,1,11
google_kw / dh2,(organic),遠雄房地產精選預售屋(台北、新北、台中、桃園、台南、高雄) - 遠雄房地產,/building-category-tag/featured_pre_sale/page/2/,1,1,1,1,3
line-lap / dh2,14,遠雄房地產精選預售屋(台北、新北、台中、桃園、台南、高雄) - 遠雄房地產,/building-category-tag/featured_pre_sale/page/2/,1,1,1,1,31
line / bh11,20250829,遠雄房地產精選預售屋(台北、新北、台中、桃園、台南、高雄) - 遠雄房地產,/building-category-tag/featured_pre_sale/page/2/,1,1,1,1,26
google / cpc,20250901,遠雄房地產精選預售屋(台北、新北、台中、桃園、台南、高雄) - 遠雄房地產,/building-category-tag/featured_pre_sale/page/2/,1,1,1,1,21
(not set),20250905五輪播,遠雄房地產精選預售屋(台北、新北、台中、桃園、台南、高雄) - 遠雄房地產,/building-category-tag/featured_pre_sale/page/2/,1,1,4,4,46
(not set),20250919一輪播,遠雄房地產精選預售屋(台北、新北、台中、桃園、台南、高雄) - 遠雄房地產,/building-category-tag/featured_pre_sale/page/2/,1,1,1,1,12
pmp / (not set),6,遠雄房地產精選預售屋(台北、新北、台中、桃園、台南、高雄) - 遠雄房地產,/building-category-tag/featured_pre_sale/page/2/,1,1,1,1,3
google / cpc,area,遠雄房地產精選預售屋(台北、新北、台中、桃園、台南、高雄) - 遠雄房地產,/building-category-tag/featured_pre_sale/page/2/,1,1,1,1,2
google / cpc,com,遠雄房地產精選預售屋(台北、新北、台中、桃園、台南、高雄) - 遠雄房地產,/building-category-tag/featured_pre_sale/page/2/,1,1,1,1,25
socialmedia / bh8,dcard_202508,遠雄房地產精選預售屋(台北、新北、台中、桃園、台南、高雄) - 遠雄房地產,/building-category-tag/featured_pre_sale/page/2/,1,1,1,1,35
fb / dh2,fb-43,遠雄房地產精選預售屋(台北、新北、台中、桃園、台南、高雄) - 遠雄房地產,/building-category-tag/featured_pre_sale/page/2/,1,1,1,1,11
fb / bh8,fb16-1,遠雄房地產精選預售屋(台北、新北、台中、桃園、台南、高雄) - 遠雄房地產,/building-category-tag/featured_pre_sale/page/2/,1,1,3,3,15
google_kw / ah2,googlemap,遠雄房地產精選預售屋(台北、新北、台中、桃園、台南、高雄) - 遠雄房地產,/building-category-tag/featured_pre_sale/page/2/,1,1,1,1,15
line-lap / bh7,lap-1,遠雄房地產精選預售屋(台北、新北、台中、桃園、台南、高雄) - 遠雄房地產,/building-category-tag/featured_pre_sale/page/2/,1,1,1,1,11
fb / dh2,leads,遠雄房地產精選預售屋(台北、新北、台中、桃園、台南、高雄) - 遠雄房地產,/building-category-tag/featured_pre_sale/page/2/,1,1,1,1,12
google / cpc,pmax-1-taichung,遠雄房地產精選預售屋(台北、新北、台中、桃園、台南、高雄) - 遠雄房地產,/building-category-tag/featured_pre_sale/page/2/,1,1,1,1,7
google / cpc,北大店-品牌字,遠雄房地產精選預售屋(台北、新北、台中、桃園、台南、高雄) - 遠雄房地產,/building-category-tag/featured_pre_sale/page/2/,1,1,1,1,2
(not set),20250919一輪播,精選商辦 相關預售屋/新成屋/新建案資料|遠雄房地產,/building-category-tag/精選商辦/,1,1,1,1,0
google / cpc,area,精選商辦 相關預售屋/新成屋/新建案資料|遠雄房地產,/building-category-tag/精選商辦/,1,1,1,1,2
fb / fm3,fb2-2,精選商辦 相關預售屋/新成屋/新建案資料|遠雄房地產,/building-category-tag/精選商辦/,1,1,1,1,32
fb / bh6,fbfanpage0722,精選店面 相關預售屋/新成屋/新建案資料|遠雄房地產,/building-category-tag/精選店面/,1,1,1,1,8
google / cpc,北大店-買房字,精選店面 相關預售屋/新成屋/新建案資料|遠雄房地產,/building-category-tag/精選店面/,1,1,1,1,2
tw.search.yahoo.com / referral,(referral),買賣、仲介、租賃 相關預售屋/新成屋/新建案資料|遠雄房地產,/building-category-tag/買賣、仲介、租賃/,1,1,1,1,7
google / organic,(organic),親子宅相關預售屋/新成屋/新建案資料|遠雄房地產,/building-tag/build-tag-child/,1,1,1,1,62
tw.search.yahoo.com / referral,(referral),親子宅相關預售屋/新成屋/新建案資料|遠雄房地產,/building-tag/build-tag-child/,1,1,1,1,7
5vo1 / 5vo1,202508,親子宅相關預售屋/新成屋/新建案資料|遠雄房地產,/building-tag/build-tag-child/,1,1,1,1,3
pmp / (not set),6,親子宅相關預售屋/新成屋/新建案資料|遠雄房地產,/building-tag/build-tag-child/,1,1,1,1,18
google / cpc,CQH1-品牌字,親子宅相關預售屋/新成屋/新建案資料|遠雄房地產,/building-tag/build-tag-child/,1,1,1,1,4
fb / cqh1,fb-10,親子宅相關預售屋/新成屋/新建案資料|遠雄房地產,/building-tag/build-tag-child/,1,1,1,1,0
fb / dh2,fb-32,親子宅相關預售屋/新成屋/新建案資料|遠雄房地產,/building-tag/build-tag-child/,1,1,1,1,9
fb / dh2,fb-33,親子宅相關預售屋/新成屋/新建案資料|遠雄房地產,/building-tag/build-tag-child/,1,1,1,1,13
fb / bh8,fb16-1,親子宅相關預售屋/新成屋/新建案資料|遠雄房地產,/building-tag/build-tag-child/,1,1,1,1,7
fb / bh8,leads,親子宅相關預售屋/新成屋/新建案資料|遠雄房地產,/building-tag/build-tag-child/,1,1,1,1,23
web-udn / bh10,webudn0919,親子宅相關預售屋/新成屋/新建案資料|遠雄房地產,/building-tag/build-tag-child/,1,1,2,2,5
google / cpc,(organic),都會區相關預售屋/新成屋/新建案資料|遠雄房地產,/building-tag/build-tag-city/,1,1,3,3,27
fb / h707,12,都會區相關預售屋/新成屋/新建案資料|遠雄房地產,/building-tag/build-tag-city/,1,1,1,1,0
fb / eh1,2-5,都會區相關預售屋/新成屋/新建案資料|遠雄房地產,/building-tag/build-tag-city/,1,1,1,1,1
google / cpc,CQH1-地區字,都會區相關預售屋/新成屋/新建案資料|遠雄房地產,/building-tag/build-tag-city/,1,1,1,1,24
google / cpc,brand,都會區相關預售屋/新成屋/新建案資料|遠雄房地產,/building-tag/build-tag-city/,1,1,2,2,23
socialmedia / bh8,dcard_202508,都會區相關預售屋/新成屋/新建案資料|遠雄房地產,/building-tag/build-tag-city/,1,1,1,1,0
fb / 8fsl01,fb7-2,都會區相關預售屋/新成屋/新建案資料|遠雄房地產,/building-tag/build-tag-city/,1,1,1,1,4
google / cpc,gdn20256-8,都會區相關預售屋/新成屋/新建案資料|遠雄房地產,/building-tag/build-tag-city/,1,1,1,1,5
fb / bh8,leads,都會區相關預售屋/新成屋/新建案資料|遠雄房地產,/building-tag/build-tag-city/,1,1,1,1,8
google / cpc,(organic),都會區相關預售屋/新成屋/新建案資料|遠雄房地產,/building-tag/build-tag-city/page/2/,1,1,1,1,10
tw.search.yahoo.com / referral,(referral),綠建築相關預售屋/新成屋/新建案資料|遠雄房地產,/building-tag/build-tag-green/,1,1,1,1,155
google / cpc,20250616_台北豪宅/別墅,綠建築相關預售屋/新成屋/新建案資料|遠雄房地產,/building-tag/build-tag-green/,1,1,1,1,0
google / cpc,20250901,綠建築相關預售屋/新成屋/新建案資料|遠雄房地產,/building-tag/build-tag-green/,1,1,1,1,37
(not set),20250905五輪播,綠建築相關預售屋/新成屋/新建案資料|遠雄房地產,/building-tag/build-tag-green/,1,1,1,1,24
fb / h707,26,綠建築相關預售屋/新成屋/新建案資料|遠雄房地產,/building-tag/build-tag-green/,1,1,1,1,8
pmp / (not set),6,綠建築相關預售屋/新成屋/新建案資料|遠雄房地產,/building-tag/build-tag-green/,1,1,2,2,47
fb / bh11,9-3,綠建築相關預售屋/新成屋/新建案資料|遠雄房地產,/building-tag/build-tag-green/,1,1,1,1,0
google / cpc,area,綠建築相關預售屋/新成屋/新建案資料|遠雄房地產,/building-tag/build-tag-green/,1,1,2,2,18
fb / eh5,fb12-3,綠建築相關預售屋/新成屋/新建案資料|遠雄房地產,/building-tag/build-tag-green/,1,1,1,1,2
fb / eh5,fb24,綠建築相關預售屋/新成屋/新建案資料|遠雄房地產,/building-tag/build-tag-green/,1,1,2,2,5
google / cpc,gdn-1-taichung,綠建築相關預售屋/新成屋/新建案資料|遠雄房地產,/building-tag/build-tag-green/,1,1,1,1,8
google / cpc,gdn5-7,綠建築相關預售屋/新成屋/新建案資料|遠雄房地產,/building-tag/build-tag-green/,1,1,2,2,12
fb / eh5,park,綠建築相關預售屋/新成屋/新建案資料|遠雄房地產,/building-tag/build-tag-green/,1,1,1,1,3
google / cpc,pmax-1-taichung,綠建築相關預售屋/新成屋/新建案資料|遠雄房地產,/building-tag/build-tag-green/,1,1,1,1,41
google / organic,(organic),捷運宅相關預售屋/新成屋/新建案資料|遠雄房地產,/building-tag/build-tag-mrt/,1,1,1,1,6
google_kw / BH8,20240816_台中高價建案,捷運宅相關預售屋/新成屋/新建案資料|遠雄房地產,/building-tag/build-tag-mrt/,1,1,1,1,23
fb / eh1,7-1,捷運宅相關預售屋/新成屋/新建案資料|遠雄房地產,/building-tag/build-tag-mrt/,1,1,1,1,21
fb / eh1,eh1ig,捷運宅相關預售屋/新成屋/新建案資料|遠雄房地產,/building-tag/build-tag-mrt/,1,1,1,1,4
fb / bh8,fb16-1,捷運宅相關預售屋/新成屋/新建案資料|遠雄房地產,/building-tag/build-tag-mrt/,1,1,1,1,11
fb / bh8,fb19-1,捷運宅相關預售屋/新成屋/新建案資料|遠雄房地產,/building-tag/build-tag-mrt/,1,1,1,1,11
fb / eh5,fb28-2,捷運宅相關預售屋/新成屋/新建案資料|遠雄房地產,/building-tag/build-tag-mrt/,1,1,1,1,5
fb / eh5,form,捷運宅相關預售屋/新成屋/新建案資料|遠雄房地產,/building-tag/build-tag-mrt/,1,1,2,2,17
fb / bh8,leads,捷運宅相關預售屋/新成屋/新建案資料|遠雄房地產,/building-tag/build-tag-mrt/,1,1,1,1,1
fb / eh5,park,捷運宅相關預售屋/新成屋/新建案資料|遠雄房地產,/building-tag/build-tag-mrt/,1,1,1,1,9
google / cpc,pmax-1-anothercity,捷運宅相關預售屋/新成屋/新建案資料|遠雄房地產,/building-tag/build-tag-mrt/,1,1,2,2,22
google_kw / BH8,20240816_透天/豪宅/別墅,公園宅相關預售屋/新成屋/新建案資料|遠雄房地產,/building-tag/build-tag-park/,1,1,1,1,9
google / cpc,20250905五輪播,公園宅相關預售屋/新成屋/新建案資料|遠雄房地產,/building-tag/build-tag-park/,1,1,1,1,49
(not set),20250919一輪播,公園宅相關預售屋/新成屋/新建案資料|遠雄房地產,/building-tag/build-tag-park/,1,1,1,1,12
fb / bh9,35,公園宅相關預售屋/新成屋/新建案資料|遠雄房地產,/building-tag/build-tag-park/,1,1,1,1,21
fb / bh5,46,公園宅相關預售屋/新成屋/新建案資料|遠雄房地產,/building-tag/build-tag-park/,1,1,1,1,0
fb / bh8,fb19-1,公園宅相關預售屋/新成屋/新建案資料|遠雄房地產,/building-tag/build-tag-park/,1,1,1,1,5
fb / eh5,fb24,公園宅相關預售屋/新成屋/新建案資料|遠雄房地產,/building-tag/build-tag-park/,1,1,1,1,3
google / cpc,gdn20257-5,公園宅相關預售屋/新成屋/新建案資料|遠雄房地產,/building-tag/build-tag-park/,1,1,1,1,10
fb / bh8,leads,公園宅相關預售屋/新成屋/新建案資料|遠雄房地產,/building-tag/build-tag-park/,1,1,1,1,80
fb / dh2,leads,公園宅相關預售屋/新成屋/新建案資料|遠雄房地產,/building-tag/build-tag-park/,1,1,2,2,15
fb / eh5,park,公園宅相關預售屋/新成屋/新建案資料|遠雄房地產,/building-tag/build-tag-park/,1,1,3,3,11
google / cpc,遠雄幸福成_H713_關鍵字_0516_中彰,公園宅相關預售屋/新成屋/新建案資料|遠雄房地產,/building-tag/build-tag-park/,1,1,1,1,2
fb / eh5,park,公園宅相關預售屋/新成屋/新建案資料|遠雄房地產,/building-tag/build-tag-park/page/2/,1,1,1,1,7
(data not available),(cross-network),重劃區相關預售屋/新成屋/新建案資料|遠雄房地產,/building-tag/build-tag-plan/,1,1,4,4,3
google_kw / dh2,(organic),重劃區相關預售屋/新成屋/新建案資料|遠雄房地產,/building-tag/build-tag-plan/,1,1,1,1,7
line-lap / bh5,(referral),重劃區相關預售屋/新成屋/新建案資料|遠雄房地產,/building-tag/build-tag-plan/,1,1,1,1,58
fb / h713,106,重劃區相關預售屋/新成屋/新建案資料|遠雄房地產,/building-tag/build-tag-plan/,1,1,1,1,0
line-lap / dh2,14,重劃區相關預售屋/新成屋/新建案資料|遠雄房地產,/building-tag/build-tag-plan/,1,1,1,1,21
fb / h707,20,重劃區相關預售屋/新成屋/新建案資料|遠雄房地產,/building-tag/build-tag-plan/,1,1,1,1,0
google / cpc,20250905五輪播,重劃區相關預售屋/新成屋/新建案資料|遠雄房地產,/building-tag/build-tag-plan/,1,1,1,1,29
fb / eh2,8-6,重劃區相關預售屋/新成屋/新建案資料|遠雄房地產,/building-tag/build-tag-plan/,1,1,4,4,49
google / cpc,content,重劃區相關預售屋/新成屋/新建案資料|遠雄房地產,/building-tag/build-tag-plan/,1,1,1,1,6
google / cpc,corearea0829,重劃區相關預售屋/新成屋/新建案資料|遠雄房地產,/building-tag/build-tag-plan/,1,1,1,1,17
fb / dh2,fb-32,重劃區相關預售屋/新成屋/新建案資料|遠雄房地產,/building-tag/build-tag-plan/,1,1,1,1,12
google / cpc,othercities_brand,重劃區相關預售屋/新成屋/新建案資料|遠雄房地產,/building-tag/build-tag-plan/,1,1,1,1,14
web-udn / bh10,webudn0919,重劃區相關預售屋/新成屋/新建案資料|遠雄房地產,/building-tag/build-tag-plan/,1,1,1,1,12
fb / eh2,8-6,重劃區相關預售屋/新成屋/新建案資料|遠雄房地產,/building-tag/build-tag-plan/page/2/,1,1,1,1,11
google / cpc,Otherarea0829,重劃區相關預售屋/新成屋/新建案資料|遠雄房地產,/building-tag/build-tag-plan/page/2/,1,1,1,1,6
google / cpc,(organic),制震宅相關預售屋/新成屋/新建案資料|遠雄房地產,/building-tag/build-tag-quake/,1,1,1,1,2
(direct) / (none),(direct),耐震標章 彙整 - 遠雄房地產,/building-tag/build-tag-quake/耐震標章/,1,1,1,1,0
fb / eh5,fb12-3,耐震標章 彙整 - 遠雄房地產,/building-tag/build-tag-quake/耐震標章/,1,1,2,2,7
fb / eh5,fb24,耐震標章 彙整 - 遠雄房地產,/building-tag/build-tag-quake/耐震標章/,1,1,1,1,13
fb / eh5,park,耐震標章 彙整 - 遠雄房地產,/building-tag/build-tag-quake/耐震標章/,1,1,1,1,2
(direct) / (none),(direct),水岸宅相關預售屋/新成屋/新建案資料|遠雄房地產,/building-tag/build-tag-river/,1,1,1,1,2
google / cpc,(not set),水岸宅相關預售屋/新成屋/新建案資料|遠雄房地產,/building-tag/build-tag-river/,1,1,1,1,3
google / organic,(organic),水岸宅相關預售屋/新成屋/新建案資料|遠雄房地產,/building-tag/build-tag-river/,1,1,2,2,18
5vo1 / 5vo1,202508,水岸宅相關預售屋/新成屋/新建案資料|遠雄房地產,/building-tag/build-tag-river/,1,1,1,1,4
google / cpc,brand,水岸宅相關預售屋/新成屋/新建案資料|遠雄房地產,/building-tag/build-tag-river/,1,1,1,1,5
(data not available),(cross-network),學區宅相關預售屋/新成屋/新建案資料|遠雄房地產,/building-tag/build-tag-school/,1,1,1,1,12
(not set),(not set),學區宅相關預售屋/新成屋/新建案資料|遠雄房地產,/building-tag/build-tag-school/,1,1,1,1,51
line / bh9,(not set),學區宅相關預售屋/新成屋/新建案資料|遠雄房地產,/building-tag/build-tag-school/,1,1,1,1,2
google / organic,(organic),學區宅相關預售屋/新成屋/新建案資料|遠雄房地產,/building-tag/build-tag-school/,1,1,2,2,16
google_kw / dh2,(organic),學區宅相關預售屋/新成屋/新建案資料|遠雄房地產,/building-tag/build-tag-school/,1,1,1,1,3
line-lap / bh5,(referral),學區宅相關預售屋/新成屋/新建案資料|遠雄房地產,/building-tag/build-tag-school/,1,1,1,1,34
m.facebook.com / referral,(referral),學區宅相關預售屋/新成屋/新建案資料|遠雄房地產,/building-tag/build-tag-school/,1,1,2,2,0
fb / paid,120210744263750402,學區宅相關預售屋/新成屋/新建案資料|遠雄房地產,/building-tag/build-tag-school/,1,1,1,1,5
fb / h707,17,學區宅相關預售屋/新成屋/新建案資料|遠雄房地產,/building-tag/build-tag-school/,1,1,1,1,0
(not set),20250905五輪播,學區宅相關預售屋/新成屋/新建案資料|遠雄房地產,/building-tag/build-tag-school/,1,1,1,1,27
fb / hm2,250819_02,學區宅相關預售屋/新成屋/新建案資料|遠雄房地產,/building-tag/build-tag-school/,1,1,1,1,10
fb / bh5,42,學區宅相關預售屋/新成屋/新建案資料|遠雄房地產,/building-tag/build-tag-school/,1,1,1,1,5
fb / h707,5,學區宅相關預售屋/新成屋/新建案資料|遠雄房地產,/building-tag/build-tag-school/,1,1,1,1,0
line / bh9,area,學區宅相關預售屋/新成屋/新建案資料|遠雄房地產,/building-tag/build-tag-school/,1,1,1,1,8
google / cpc,beitun,學區宅相關預售屋/新成屋/新建案資料|遠雄房地產,/building-tag/build-tag-school/,1,1,1,1,7
google / cpc,brand,學區宅相關預售屋/新成屋/新建案資料|遠雄房地產,/building-tag/build-tag-school/,1,1,2,2,83
fb / bh8,fb19-1,學區宅相關預售屋/新成屋/新建案資料|遠雄房地產,/building-tag/build-tag-school/,1,1,1,1,16
fb / 8fsl01,fb7-2,學區宅相關預售屋/新成屋/新建案資料|遠雄房地產,/building-tag/build-tag-school/,1,1,1,1,20
line-lap / bh7,lap-1,學區宅相關預售屋/新成屋/新建案資料|遠雄房地產,/building-tag/build-tag-school/,1,1,1,1,56
(direct) / (none),(direct),防疫宅相關預售屋/新成屋/新建案資料|遠雄房地產,/building-tag/build-tag-virus/,1,1,2,2,49
webnews / h713,11409,防疫宅相關預售屋/新成屋/新建案資料|遠雄房地產,/building-tag/build-tag-virus/,1,1,1,1,18
(not set),20250919一輪播,商廠辦 彙整 - 遠雄房地產,/building-tag/商廠辦/,1,1,1,1,0
google / cpc,area,商廠辦 彙整 - 遠雄房地產,/building-tag/商廠辦/,1,1,1,1,1
google / cpc,brand,商廠辦 彙整 - 遠雄房地產,/building-tag/商廠辦/,1,1,4,4,12
(direct) / (none),(direct),商用不動產 彙整 - 遠雄房地產,/building-tag/商用不動產/,1,1,1,1,17
google / cpc,brand,商用不動產 彙整 - 遠雄房地產,/building-tag/商用不動產/,1,1,1,1,22
google / cpc,20250829,地標宅 彙整 - 遠雄房地產,/building-tag/地標宅/,1,1,1,1,14
fb / bh11,9-4,地標宅 彙整 - 遠雄房地產,/building-tag/地標宅/,1,1,1,1,0
web-udn / bh10,webudn0919,地標宅 彙整 - 遠雄房地產,/building-tag/地標宅/,1,1,1,1,5
google / cpc,O1_品牌字_2025.0801,招待會所 彙整 - 遠雄房地產,/building-tag/招待會所/,1,1,1,1,47
fb / bh5,leads,招待會所 彙整 - 遠雄房地產,/building-tag/招待會所/,1,1,1,1,1
line / linapage,(not set),景觀宅 彙整 - 遠雄房地產,/building-tag/景觀宅/,1,1,1,1,16
bing / organic,(organic),景觀宅 彙整 - 遠雄房地產,/building-tag/景觀宅/,1,1,1,1,3
google / cpc,(referral),景觀宅 彙整 - 遠雄房地產,/building-tag/景觀宅/,1,1,1,1,7
fb / bh7,1,景觀宅 彙整 - 遠雄房地產,/building-tag/景觀宅/,1,1,2,2,42
fb / h713,106,景觀宅 彙整 - 遠雄房地產,/building-tag/景觀宅/,1,1,1,1,0
fb / paid,120222246228310066,景觀宅 彙整 - 遠雄房地產,/building-tag/景觀宅/,1,1,1,1,21
(not set),20250905五輪播,景觀宅 彙整 - 遠雄房地產,/building-tag/景觀宅/,1,1,2,2,8
fb / bh11,9-3,景觀宅 彙整 - 遠雄房地產,/building-tag/景觀宅/,1,1,1,1,3
google / cpc,O1_地區字_2025.0801,景觀宅 彙整 - 遠雄房地產,/building-tag/景觀宅/,1,1,1,1,12
google / cpc,O1_競品字_2025.0801,景觀宅 彙整 - 遠雄房地產,/building-tag/景觀宅/,1,1,2,2,11
google / cpc,Otherarea0829,景觀宅 彙整 - 遠雄房地產,/building-tag/景觀宅/,1,1,2,2,16
google / cpc,area,景觀宅 彙整 - 遠雄房地產,/building-tag/景觀宅/,1,1,1,1,5
fb / cqh1,fb-22,景觀宅 彙整 - 遠雄房地產,/building-tag/景觀宅/,1,1,1,1,22
fb / ah2,fb-35,景觀宅 彙整 - 遠雄房地產,/building-tag/景觀宅/,1,1,1,1,137
fb / bh8,fb19-1,景觀宅 彙整 - 遠雄房地產,/building-tag/景觀宅/,1,1,1,1,9
fb / eh5,fb24,景觀宅 彙整 - 遠雄房地產,/building-tag/景觀宅/,1,1,1,1,1
fb / eh5,fb28-1,景觀宅 彙整 - 遠雄房地產,/building-tag/景觀宅/,1,1,1,1,0
google / cpc,information2,景觀宅 彙整 - 遠雄房地產,/building-tag/景觀宅/,1,1,1,1,4
line-lap / bh7,lap-1,景觀宅 彙整 - 遠雄房地產,/building-tag/景觀宅/,1,1,2,2,15
fb / bh5,leads,景觀宅 彙整 - 遠雄房地產,/building-tag/景觀宅/,1,1,1,1,4
fgr-line / bh11,listbutton,景觀宅 彙整 - 遠雄房地產,/building-tag/景觀宅/,1,1,3,3,79
google / cpc,遠雄幸福成_H713_關鍵字_0516_外縣市,景觀宅 彙整 - 遠雄房地產,/building-tag/景觀宅/,1,1,1,1,42
google / organic,(organic),渡假宅 彙整 - 遠雄房地產,/building-tag/渡假宅/,1,1,1,1,11
fb / h707,11,渡假宅 彙整 - 遠雄房地產,/building-tag/渡假宅/,1,1,1,1,0
fb / 5vo1,2025090502,渡假宅 彙整 - 遠雄房地產,/building-tag/渡假宅/,1,1,1,1,0
google / cpc,O1_競品字_2025.0801,渡假宅 彙整 - 遠雄房地產,/building-tag/渡假宅/,1,1,1,1,33
(data not available),(cross-network),豪宅 彙整 - 遠雄房地產,/building-tag/豪宅/,1,1,2,2,17
(direct) / (none),(direct),豪宅 彙整 - 遠雄房地產,/building-tag/豪宅/,1,1,1,1,1
google / organic,(organic),豪宅 彙整 - 遠雄房地產,/building-tag/豪宅/,1,1,1,1,19
(not set),20250808一輪播,豪宅 彙整 - 遠雄房地產,/building-tag/豪宅/,1,1,1,1,3
pmp / (not set),6,豪宅 彙整 - 遠雄房地產,/building-tag/豪宅/,1,1,1,1,3
(direct) / (none),(direct),靜巷宅 彙整 - 遠雄房地產,/building-tag/靜巷宅/,1,1,1,1,14
google / cpc,20250901,靜巷宅 彙整 - 遠雄房地產,/building-tag/靜巷宅/,1,1,1,1,18
google / cpc,CQH1-品牌字,靜巷宅 彙整 - 遠雄房地產,/building-tag/靜巷宅/,1,1,3,3,18
google_kw / cqh1,googlemap,靜巷宅 彙整 - 遠雄房地產,/building-tag/靜巷宅/,1,1,1,1,14
(direct) / (none),(direct),飯店宅 彙整 - 遠雄房地產,/building-tag/飯店宅/,1,1,1,1,9
google / cpc,(organic),飯店宅 彙整 - 遠雄房地產,/building-tag/飯店宅/,1,1,1,1,0
google / organic,(organic),飯店宅 彙整 - 遠雄房地產,/building-tag/飯店宅/,1,1,1,1,4
fb / o1,20250422_21-1,飯店宅 彙整 - 遠雄房地產,/building-tag/飯店宅/,1,1,1,1,7
web-ettoday / ah2,20250911-57P,飯店宅 彙整 - 遠雄房地產,/building-tag/飯店宅/,1,1,4,4,52
fb / h707,26,飯店宅 彙整 - 遠雄房地產,/building-tag/飯店宅/,1,1,1,1,0
sms / aep-cdp,aep-306,飯店宅 彙整 - 遠雄房地產,/building-tag/飯店宅/,1,1,1,1,2
webnews / 5vo1,202508,預售屋 彙整 - 遠雄房地產,/building-type/pre_sale_house/,1,1,1,1,1
(not set),20250905五輪播,預售屋 彙整 - 遠雄房地產,/building-type/pre_sale_house/,1,1,5,5,200
google / cpc,brand,預售屋 彙整 - 遠雄房地產,/building-type/pre_sale_house/,1,1,1,1,66
google / cpc,北大店-買房字,預售屋 彙整 - 遠雄房地產,/building-type/pre_sale_house/,1,1,1,1,4
(data not available),(cross-network),熱銷建案 彙整 - 遠雄房地產,/buildings/,1,1,3,3,26
(direct) / (none),(direct),熱銷建案 彙整 - 遠雄房地產,/buildings/,1,1,2,2,6
google / organic,(organic),熱銷建案 彙整 - 遠雄房地產,/buildings/,1,1,2,2,4
tw.search.yahoo.com / referral,(referral),熱銷建案 彙整 - 遠雄房地產,/buildings/,1,1,2,2,46
fb / bh11,8-2,熱銷建案 彙整 - 遠雄房地產,/buildings/,1,1,1,1,0
tw.search.yahoo.com / referral,(referral),遠雄一靚｜楠梓新案．高大特區首發｜早鳥預約中,/buildings/ EH2/,1,1,1,1,125
tagassistant.google.com / referral,(referral),聯上智科｜北士科AI總部 輝達核心軸線 -台北市北投區商辦/預售新建案-預約賞屋，遠創力行銷,/buildings/5VO1/,1,1,1,1,38
(not set),20250905一輪播,聯上智科｜北士科AI總部 輝達核心軸線 -台北市北投區商辦/預售新建案-預約賞屋，遠創力行銷,/buildings/5VO1/,1,1,1,1,0
google / cpc,brand,聯上智科｜北士科AI總部 輝達核心軸線 -台北市北投區商辦/預售新建案-預約賞屋，遠創力行銷,/buildings/5VO1/,1,1,2,2,11
fb / bh11,8-3,聯上智科｜北士科AI總部 輝達核心軸線 -台北市北投區商辦/預售新建案-預約賞屋，遠創力行銷,/buildings/5vO1/,1,1,1,1,17
(not set),20250905五輪播,(3) 封未讀訊息 | (2) 封未讀訊息 | (1) 封未讀訊息 | 聯上智科｜北士科AI總部 輝達核心軸線 -台北市北投區商辦/預售新建案-預約賞屋，遠創力行銷,/buildings/5vo1/,1,1,0,0,1
google / cpc,202509_1,"LinkScan | Nvidia Core Axis, Beishike AI Headquarters - Taipei City Beitou District Commercial/Pre-sale New Construction - Appointment for Viewing, Yuantronics Marketing",/buildings/5vo1/,1,1,0,0,45
google / cpc,gdn-02,"LinkScan | Nvidia Core Axis, Beishike AI Headquarters - Taipei City Beitou District Commercial/Pre-sale New Construction - Appointment for Viewing, Yuantronics Marketing",/buildings/5vo1/,1,1,0,0,3
google / cpc,gdn-02,"LinkScan | Nvidia Core Axis, Beishike AI 본사 - 타이베이시 베이터우구 상업/사전분양 신축 - 견학 예약, Yuantronics Marketing",/buildings/5vo1/,1,1,0,0,10
google / cpc,gdn-02,"LinkScan | Nvidia Core Axis, Kantor Pusat Beishike AI - Distrik Beitou Kota Taipei, Konstruksi Baru Komersial/Pra-penjualan - Janji Temu untuk Peninjauan, Pemasaran Yuantronics",/buildings/5vo1/,1,1,0,0,4
(data not available),(cross-network),"LinkScan | Nvidia Core Axis, Trụ sở chính Beishike AI - Thành phố Đài Bắc, Quận Beitou, Thương mại/Trước khi bán, Xây dựng mới - Hẹn gặp để xem, Tiếp thị Yuantronics",/buildings/5vo1/,1,1,0,0,3
google / cpc,20250905五輪播,"LinkScan | Nvidia Core Axis, Trụ sở chính Beishike AI - Thành phố Đài Bắc, Quận Beitou, Thương mại/Trước khi bán, Xây dựng mới - Hẹn gặp để xem, Tiếp thị Yuantronics",/buildings/5vo1/,1,1,0,0,9
google / cpc,gdn-01,"LinkScan | Nvidia Core Axis, สำนักงานใหญ่ Beishike AI - เขตเป่ยโถว เมืองไทเป เชิงพาณิชย์/ขายล่วงหน้า การก่อสร้างใหม่ - นัดหมายเพื่อเข้าชม การตลาด Yuantronics",/buildings/5vo1/,1,1,1,1,3
google / cpc,gdn-02,"LinkScan | Nvidia Core Axis, สำนักงานใหญ่ Beishike AI - เขตเป่ยโถว เมืองไทเป เชิงพาณิชย์/ขายล่วงหน้า การก่อสร้างใหม่ - นัดหมายเพื่อเข้าชม การตลาด Yuantronics",/buildings/5vo1/,1,1,0,0,99
chatgpt.com / (not set),(not set),聯上智科｜北士科AI總部 輝達核心軸線 -台北市北投區商辦/預售新建案-預約賞屋，遠創力行銷,/buildings/5vo1/,1,1,1,1,0
104.com.tw / referral,(referral),聯上智科｜北士科AI總部 輝達核心軸線 -台北市北投區商辦/預售新建案-預約賞屋，遠創力行銷,/buildings/5vo1/,1,1,1,1,54
chatgpt.com / referral,(referral),聯上智科｜北士科AI總部 輝達核心軸線 -台北市北投區商辦/預售新建案-預約賞屋，遠創力行銷,/buildings/5vo1/,1,1,1,1,1
excel.officeapps.live.com / referral,(referral),聯上智科｜北士科AI總部 輝達核心軸線 -台北市北投區商辦/預售新建案-預約賞屋，遠創力行銷,/buildings/5vo1/,1,1,2,2,358
statics.teams.cdn.office.net / referral,(referral),聯上智科｜北士科AI總部 輝達核心軸線 -台北市北投區商辦/預售新建案-預約賞屋，遠創力行銷,/buildings/5vo1/,1,1,1,1,0
google / cpc,0829,聯上智科｜北士科AI總部 輝達核心軸線 -台北市北投區商辦/預售新建案-預約賞屋，遠創力行銷,/buildings/5vo1/,1,1,1,1,26
line-lap / dh2,12,聯上智科｜北士科AI總部 輝達核心軸線 -台北市北投區商辦/預售新建案-預約賞屋，遠創力行銷,/buildings/5vo1/,1,1,1,1,3
fb / paid,120224668235420701,聯上智科｜北士科AI總部 輝達核心軸線 -台北市北投區商辦/預售新建案-預約賞屋，遠創力行銷,/buildings/5vo1/,1,1,1,1,42
google / cpc,20250616_北投士林豪宅/別墅,聯上智科｜北士科AI總部 輝達核心軸線 -台北市北投區商辦/預售新建案-預約賞屋，遠創力行銷,/buildings/5vo1/,1,1,1,1,34
google / cpc,20250829,聯上智科｜北士科AI總部 輝達核心軸線 -台北市北投區商辦/預售新建案-預約賞屋，遠創力行銷,/buildings/5vo1/,1,1,1,1,2
(not set),20250905一輪播,聯上智科｜北士科AI總部 輝達核心軸線 -台北市北投區商辦/預售新建案-預約賞屋，遠創力行銷,/buildings/5vo1/,1,1,1,1,11
google / cpc,20250919一輪播,聯上智科｜北士科AI總部 輝達核心軸線 -台北市北投區商辦/預售新建案-預約賞屋，遠創力行銷,/buildings/5vo1/,1,1,0,0,0
google / cpc,202509_ex1,聯上智科｜北士科AI總部 輝達核心軸線 -台北市北投區商辦/預售新建案-預約賞屋，遠創力行銷,/buildings/5vo1/,1,1,1,1,3
google / cpc,202509_ex4,聯上智科｜北士科AI總部 輝達核心軸線 -台北市北投區商辦/預售新建案-預約賞屋，遠創力行銷,/buildings/5vo1/,1,1,1,1,75
google_kw / 5vo1,202509_ex6,聯上智科｜北士科AI總部 輝達核心軸線 -台北市北投區商辦/預售新建案-預約賞屋，遠創力行銷,/buildings/5vo1/,1,1,1,1,17
fb / h707,24,聯上智科｜北士科AI總部 輝達核心軸線 -台北市北投區商辦/預售新建案-預約賞屋，遠創力行銷,/buildings/5vo1/,1,1,1,1,14
fb / h707,29,聯上智科｜北士科AI總部 輝達核心軸線 -台北市北投區商辦/預售新建案-預約賞屋，遠創力行銷,/buildings/5vo1/,1,1,1,1,5
fb / eh1,7-1,聯上智科｜北士科AI總部 輝達核心軸線 -台北市北投區商辦/預售新建案-預約賞屋，遠創力行銷,/buildings/5vo1/,1,1,1,1,17
fb / bh11,8-3,聯上智科｜北士科AI總部 輝達核心軸線 -台北市北投區商辦/預售新建案-預約賞屋，遠創力行銷,/buildings/5vo1/,1,1,1,1,0
fb / eh2,9-3,聯上智科｜北士科AI總部 輝達核心軸線 -台北市北投區商辦/預售新建案-預約賞屋，遠創力行銷,/buildings/5vo1/,1,1,1,1,10
google / cpc,BSTP,聯上智科｜北士科AI總部 輝達核心軸線 -台北市北投區商辦/預售新建案-預約賞屋，遠創力行銷,/buildings/5vo1/,1,1,1,1,17
fb / cqh1,fb-10,聯上智科｜北士科AI總部 輝達核心軸線 -台北市北投區商辦/預售新建案-預約賞屋，遠創力行銷,/buildings/5vo1/,1,1,1,1,0
fb / dh2,fb-32,聯上智科｜北士科AI總部 輝達核心軸線 -台北市北投區商辦/預售新建案-預約賞屋，遠創力行銷,/buildings/5vo1/,1,1,1,1,40
fb / dh2,fb-35,聯上智科｜北士科AI總部 輝達核心軸線 -台北市北投區商辦/預售新建案-預約賞屋，遠創力行銷,/buildings/5vo1/,1,1,1,1,15
fb / fm3,fb4-1,聯上智科｜北士科AI總部 輝達核心軸線 -台北市北投區商辦/預售新建案-預約賞屋，遠創力行銷,/buildings/5vo1/,1,1,1,1,20
fb / ar1,fb4-2,聯上智科｜北士科AI總部 輝達核心軸線 -台北市北投區商辦/預售新建案-預約賞屋，遠創力行銷,/buildings/5vo1/,1,1,1,1,43
fb / ar1,fb4-3,聯上智科｜北士科AI總部 輝達核心軸線 -台北市北投區商辦/預售新建案-預約賞屋，遠創力行銷,/buildings/5vo1/,1,1,1,1,51
fb / eh5,form,聯上智科｜北士科AI總部 輝達核心軸線 -台北市北投區商辦/預售新建案-預約賞屋，遠創力行銷,/buildings/5vo1/,1,1,1,1,9
socialmedia / fgr,ig,聯上智科｜北士科AI總部 輝達核心軸線 -台北市北投區商辦/預售新建案-預約賞屋，遠創力行銷,/buildings/5vo1/,1,1,1,1,32
fb / bh5,leads,聯上智科｜北士科AI總部 輝達核心軸線 -台北市北投區商辦/預售新建案-預約賞屋，遠創力行銷,/buildings/5vo1/,1,1,1,1,53
fb / bh8,leads,聯上智科｜北士科AI總部 輝達核心軸線 -台北市北投區商辦/預售新建案-預約賞屋，遠創力行銷,/buildings/5vo1/,1,1,1,1,12
line-lap / bh10,line-lap202502-1,聯上智科｜北士科AI總部 輝達核心軸線 -台北市北投區商辦/預售新建案-預約賞屋，遠創力行銷,/buildings/5vo1/,1,1,1,1,0
line-fgr / bh7,linefgrbh7,聯上智科｜北士科AI總部 輝達核心軸線 -台北市北投區商辦/預售新建案-預約賞屋，遠創力行銷,/buildings/5vo1/,1,1,1,1,6
gdn / bh7,pmax-1-taichung,聯上智科｜北士科AI總部 輝達核心軸線 -台北市北投區商辦/預售新建案-預約賞屋，遠創力行銷,/buildings/5vo1/,1,1,1,1,0
google / cpc,project,聯上智科｜北士科AI總部 輝達核心軸線 -台北市北投區商辦/預售新建案-預約賞屋，遠創力行銷,/buildings/5vo1/,1,1,3,3,88
google / cpc,taipei,聯上智科｜北士科AI總部 輝達核心軸線 -台北市北投區商辦/預售新建案-預約賞屋，遠創力行銷,/buildings/5vo1/,1,1,1,1,10
(not set),20250905五輪播,遠創力商用不動產-汐止商仲 | 最懂企業的廠辦專家,/buildings/8FXZ01/,1,1,1,1,21
google / cpc,北大店-買房字,"Pemasaran Yuan Chuang Li - Toko Universitas Peking | Broker Jual Beli, Penilaian Properti, dan Perencanaan Aset Komprehensif",/buildings/8fsl01/,1,1,0,0,10
google / cpc,北大店-買房字,"Yuanchuangli Marketing - Peking University Store | Buying and Selling Brokerage, Property Appraisal, and Comprehensive Asset Planning",/buildings/8fsl01/,1,1,1,1,0
(data not available),(cross-network),遠創力行銷-北大店 | 買賣仲介 ‧ 物件評估 ‧ 全方位資產規劃,/buildings/8fsl01/,1,1,2,2,30
m.facebook.com / referral,(referral),遠創力行銷-北大店 | 買賣仲介 ‧ 物件評估 ‧ 全方位資產規劃,/buildings/8fsl01/,1,1,1,1,0
mkto-sn070013.com / referral,(referral),遠創力行銷-北大店 | 買賣仲介 ‧ 物件評估 ‧ 全方位資產規劃,/buildings/8fsl01/,1,1,1,1,6
google / cpc,20250718,遠創力行銷-北大店 | 買賣仲介 ‧ 物件評估 ‧ 全方位資產規劃,/buildings/8fsl01/,1,1,4,4,263
(not set),20250905一輪播,遠創力行銷-北大店 | 買賣仲介 ‧ 物件評估 ‧ 全方位資產規劃,/buildings/8fsl01/,1,1,1,1,1
google / cpc,area,遠創力行銷-北大店 | 買賣仲介 ‧ 物件評估 ‧ 全方位資產規劃,/buildings/8fsl01/,1,1,1,1,87
google / cpc,brand,遠創力行銷-北大店 | 買賣仲介 ‧ 物件評估 ‧ 全方位資產規劃,/buildings/8fsl01/,1,1,1,1,0
fb / 8fsl01,fbfanpage0815,遠創力行銷-北大店 | 買賣仲介 ‧ 物件評估 ‧ 全方位資產規劃,/buildings/8fsl01/,1,1,1,1,0
google_kw / 8fsl01,information1,遠創力行銷-北大店 | 買賣仲介 ‧ 物件評估 ‧ 全方位資產規劃,/buildings/8fsl01/,1,1,1,1,0
google_kw / 8fsl01,information3,遠創力行銷-北大店 | 買賣仲介 ‧ 物件評估 ‧ 全方位資產規劃,/buildings/8fsl01/,1,1,1,1,0
line / 8fsl01,line0412,遠創力行銷-北大店 | 買賣仲介 ‧ 物件評估 ‧ 全方位資產規劃,/buildings/8fsl01/,1,1,1,1,0
line / 8fsl01,line0529,遠創力行銷-北大店 | 買賣仲介 ‧ 物件評估 ‧ 全方位資產規劃,/buildings/8fsl01/,1,1,2,2,12
line / 8fsl01,line0608,遠創力行銷-北大店 | 買賣仲介 ‧ 物件評估 ‧ 全方位資產規劃,/buildings/8fsl01/,1,1,3,3,3
google / cpc,pmax-1-anothercity,遠創力行銷-北大店 | 買賣仲介 ‧ 物件評估 ‧ 全方位資產規劃,/buildings/8fsl01/,1,1,1,1,0
google / cpc,遠雄幸福成_H713_關鍵字_0516_外縣市,遠創力行銷-北大店 | 買賣仲介 ‧ 物件評估 ‧ 全方位資產規劃,/buildings/8fsl01/,1,1,1,1,188
web / 8fxz01,googlemap,Page not found - Farglory Real Estate,/buildings/8fxz01,1,1,0,0,5
google / organic,(organic),找不到頁面 - 遠雄房地產,/buildings/8fxz01,1,1,1,1,2
fb / 8fxz01,fanpage1118,找不到頁面 - 遠雄房地產,/buildings/8fxz01,1,1,1,1,10
fb / 8fxz01,fb6-1,找不到頁面 - 遠雄房地產,/buildings/8fxz01,1,1,1,1,7
line / 8fxz11,line,找不到頁面 - 遠雄房地產,/buildings/8fxz11,1,1,1,1,0
farglory-land.com.tw / referral,(referral),找不到頁面 - 遠雄房地產,/buildings/8fxz11/,1,1,1,1,0
gdn / 8fxz11,20250708a,找不到頁面 - 遠雄房地產,/buildings/8fxz11/,1,1,2,2,0
(not set),20250725一輪播,找不到頁面 - 遠雄房地產,/buildings/8fxz11/,1,1,1,1,4
fb / 8fxz11,8-2,找不到頁面 - 遠雄房地產,/buildings/8fxz11/,1,1,1,1,16
fb / 8fxz11,leads,找不到頁面 - 遠雄房地產,/buildings/8fxz11/,1,1,1,1,7
dogreat.com.tw / referral,(referral),遠創力行銷-未來店 | 全房產 專業仲介服務,/buildings/8hgs01/,1,1,1,1,34
l.facebook.com / referral,(referral),遠創力行銷-未來店 | 全房產 專業仲介服務,/buildings/8hgs01/,1,1,0,0,17
tw.search.yahoo.com / referral,(referral),遠創力行銷-未來店 | 全房產 專業仲介服務,/buildings/8hgs01/,1,1,1,1,75
5vo1 / 5vo1,202508,遠創力行銷-未來店 | 全房產 專業仲介服務,/buildings/8hgs01/,1,1,1,1,1
(not set),20250919一輪播,遠創力行銷-未來店 | 全房產 專業仲介服務,/buildings/8hgs01/,1,1,1,1,11
fb / bh5,42,遠創力行銷-未來店 | 全房產 專業仲介服務,/buildings/8hgs01/,1,1,1,1,3
pmp / (not set),6,遠創力行銷-未來店 | 全房產 專業仲介服務,/buildings/8hgs01/,1,1,5,5,146
google / cpc,O1_競品字_2025.0801,遠創力行銷-未來店 | 全房產 專業仲介服務,/buildings/8hgs01/,1,1,2,2,1
google / cpc,area,遠創力行銷-未來店 | 全房產 專業仲介服務,/buildings/8hgs01/,1,1,1,1,8
socialmedia / fgr,fb,遠創力行銷-未來店 | 全房產 專業仲介服務,/buildings/8hgs01/,1,1,1,1,68
line-fgr / bh7,linefgrbh7,遠創力行銷-未來店 | 全房產 專業仲介服務,/buildings/8hgs01/,1,1,3,3,17
google / cpc,北大店-買房字,遠創力行銷-未來店 | 全房產 專業仲介服務,/buildings/8hgs01/,1,1,2,2,6
google / organic,(organic),北屯敦富路【遠雄敦富】- 北屯機捷預售屋．近好市多,/buildings/BH10/,1,1,1,1,7
fgr-line / fgr,expert_housing-market_20250820,北屯敦富路【遠雄敦富】- 北屯機捷預售屋．近好市多,/buildings/BH10/,1,1,0,0,2
fgr-line / fgr,tax_mitigation_housetax_20220902,北屯敦富路【遠雄敦富】- 北屯機捷預售屋．近好市多,/buildings/BH10/,1,1,1,1,0
(not set),20250808一輪播,遠雄14期首發【遠雄丰尚】北屯新案．近漢神洲際百貨,/buildings/BH11/,1,1,5,5,69
(not set),20250905五輪播,遠雄14期首發【遠雄丰尚】北屯新案．近漢神洲際百貨,/buildings/BH11/,1,1,1,1,2
socialmedia / fgr,fbeh2info,遠雄14期首發【遠雄丰尚】北屯新案．近漢神洲際百貨,/buildings/BH11/,1,1,1,1,27
google / organic,(organic),遠雄琉蘊 -台中市西屯區七期預售屋/新建案-預約賞屋，遠雄房地產,/buildings/BH5/,1,1,1,1,10
(not set),20250808一輪播,遠雄琉蘊 -台中市西屯區七期預售屋/新建案-預約賞屋，遠雄房地產,/buildings/BH5/,1,1,1,1,1
google / organic,(organic),【遠雄樂元】北屯機捷X好市多，雙首排大道最核心，夠近才最好,/buildings/BH7/,1,1,1,1,2
(not set),20250808一輪播,【遠雄樂元】北屯機捷X好市多，雙首排大道最核心，夠近才最好,/buildings/BH7/,1,1,1,1,32
(not set),(not set),台中西屯建案【遠雄洄山行】．2-4房方正格局,/buildings/BH8/,1,1,0,0,61
line-lap / bh5,(referral),台中西屯建案【遠雄洄山行】．2-4房方正格局,/buildings/BH8/,1,1,1,1,0
google / cpc,0829,台中西屯建案【遠雄洄山行】．2-4房方正格局,/buildings/BH8/,1,1,1,1,0
(not set),20250808一輪播,台中西屯建案【遠雄洄山行】．2-4房方正格局,/buildings/BH8/,1,1,1,1,1
google / cpc,20250829,台中西屯建案【遠雄洄山行】．2-4房方正格局,/buildings/BH8/,1,1,1,1,23
(not set),20250905一輪播,台中西屯建案【遠雄洄山行】．2-4房方正格局,/buildings/BH8/,1,1,2,2,6
google / cpc,20250905五輪播,台中西屯建案【遠雄洄山行】．2-4房方正格局,/buildings/BH8/,1,1,1,1,123
google / cpc,beitun,台中西屯建案【遠雄洄山行】．2-4房方正格局,/buildings/BH8/,1,1,1,1,40
google / cpc,competitor,台中西屯建案【遠雄洄山行】．2-4房方正格局,/buildings/BH8/,1,1,1,1,10
google / cpc,competitor0829,台中西屯建案【遠雄洄山行】．2-4房方正格局,/buildings/BH8/,1,1,1,1,62
google / cpc,corearea0829,台中西屯建案【遠雄洄山行】．2-4房方正格局,/buildings/BH8/,1,1,6,6,172
(not set),20250905五輪播,找不到頁面 - 遠雄房地產,/buildings/CGH1/,1,1,1,1,0
(not set),20250905五輪播,村泉蒔美｜門戶端點 從容跨界｜台北生活最美起點,/buildings/CQH1/,1,1,1,1,3
(not set),20250919一輪播,台南永康新建案【遠雄山禾】-鹽行特區．3-4房,/buildings/DH2/,1,1,2,2,17
google / organic,(organic),找不到頁面 - 遠雄房地產,/buildings/FH10,1,1,1,1,1
(not set),20250905五輪播,找不到頁面 - 遠雄房地產,/buildings/FH2,1,1,0,0,0
google / cpc,brand,找不到頁面 - 遠雄房地產,/buildings/FH2,1,1,1,1,0
google / organic,(organic),找不到頁面 - 遠雄房地產,/buildings/H807/,1,1,1,1,3
webnews / hch1,20240826,找不到頁面 - 遠雄房地產,/buildings/HCH1/,1,1,1,1,1
(not set),20250808一輪播,遠雄龜山廠辦新案 | 預約賞屋，遠雄房地產,/buildings/HM2/,1,1,1,1,6
(not set),20250905五輪播,遠雄龜山廠辦新案 | 預約賞屋，遠雄房地產,/buildings/HM2/,1,1,2,2,1
(not set),20250905五輪播,遠雄THE ONE-高雄市前鎮區新成屋/新建案-預約賞屋,/buildings/O1/,1,1,1,1,6
fb / ah2,fb-35,(1) 封未讀訊息 | 北士科建案【遠雄泱玥】水岸首排．57-75坪,/buildings/ah2/,1,1,0,0,213
(direct) / (none),(direct),Beishike construction project [Farglory Yangyue] - the first row of the waterfront is .57-75 pings,/buildings/ah2/,1,1,0,0,24
google / cpc,(organic),North Shike Development [Farglory Yangyue] - First row of waterfront. 57-75 pings,/buildings/ah2/,1,1,1,1,2
google / cpc,(organic),Pengembangan Shike Utara [Farglory Yangyue] Baris Pertama Tepi Laut. 57-75 ping,/buildings/ah2/,1,1,0,0,4
google / cpc,(organic),北士科建案【远雄泱玥】-水岸首排． 57-75坪,/buildings/ah2/,1,1,0,0,28
bing / organic,(organic),北士科建案【遠雄泱玥】-水岸首排．57-75坪,/buildings/ah2/,1,1,1,1,138
aimsit-farglory.azurewebsites.net / referral,(referral),北士科建案【遠雄泱玥】-水岸首排．57-75坪,/buildings/ah2/,1,1,3,3,5
google_kw / ah2,(referral),北士科建案【遠雄泱玥】-水岸首排．57-75坪,/buildings/ah2/,1,1,1,1,9
l.instagram.com / referral,(referral),北士科建案【遠雄泱玥】-水岸首排．57-75坪,/buildings/ah2/,1,1,1,1,39
tagassistant.google.com / referral,(referral),北士科建案【遠雄泱玥】-水岸首排．57-75坪,/buildings/ah2/,1,1,1,1,19
tong-yuan.com.tw / referral,(referral),北士科建案【遠雄泱玥】-水岸首排．57-75坪,/buildings/ah2/,1,1,1,1,50
fb / bh9,1,北士科建案【遠雄泱玥】-水岸首排．57-75坪,/buildings/ah2/,1,1,1,1,18
web-businessweekly / ah2,1140708,北士科建案【遠雄泱玥】-水岸首排．57-75坪,/buildings/ah2/,1,1,2,2,108
webnews / h713,11409,北士科建案【遠雄泱玥】-水岸首排．57-75坪,/buildings/ah2/,1,1,1,1,19
web / ah2,202501-shoppingdesign,北士科建案【遠雄泱玥】-水岸首排．57-75坪,/buildings/ah2/,1,1,1,1,44
web-businessweekly / o1,20250326,北士科建案【遠雄泱玥】-水岸首排．57-75坪,/buildings/ah2/,1,1,1,1,0
google / cpc,20250616_品牌字,北士科建案【遠雄泱玥】-水岸首排．57-75坪,/buildings/ah2/,1,1,1,1,29
(not set),20250725一輪播,北士科建案【遠雄泱玥】-水岸首排．57-75坪,/buildings/ah2/,1,1,1,1,42
google / cpc,20250829,北士科建案【遠雄泱玥】-水岸首排．57-75坪,/buildings/ah2/,1,1,1,1,86
fb / bh7,4,北士科建案【遠雄泱玥】-水岸首排．57-75坪,/buildings/ah2/,1,1,1,1,7
pmp / (not set),5,北士科建案【遠雄泱玥】-水岸首排．57-75坪,/buildings/ah2/,1,1,1,1,0
fb / eh2,8-6,北士科建案【遠雄泱玥】-水岸首排．57-75坪,/buildings/ah2/,1,1,1,1,21
google / cpc,BSTP,北士科建案【遠雄泱玥】-水岸首排．57-75坪,/buildings/ah2/,1,1,1,1,67
google / cpc,O1_競品字_2025.0801,北士科建案【遠雄泱玥】-水岸首排．57-75坪,/buildings/ah2/,1,1,1,1,84
fb / ah2,fb-1,北士科建案【遠雄泱玥】-水岸首排．57-75坪,/buildings/ah2/,1,1,1,1,7
fb / ah2,fb-10,北士科建案【遠雄泱玥】-水岸首排．57-75坪,/buildings/ah2/,1,1,1,1,5
fb / ah2,fb-34,北士科建案【遠雄泱玥】-水岸首排．57-75坪,/buildings/ah2/,1,1,1,1,7
fb / ah2,fb-35,北士科建案【遠雄泱玥】-水岸首排．57-75坪,/buildings/ah2/,1,1,1,1,0
fb / ah2,fb-5-1,北士科建案【遠雄泱玥】-水岸首排．57-75坪,/buildings/ah2/,1,1,1,1,0
fb / ah2,fb-7,北士科建案【遠雄泱玥】-水岸首排．57-75坪,/buildings/ah2/,1,1,1,1,9
fb / ah2,fb-8,北士科建案【遠雄泱玥】-水岸首排．57-75坪,/buildings/ah2/,1,1,1,1,7
google-map / (not set),h707,北士科建案【遠雄泱玥】-水岸首排．57-75坪,/buildings/ah2/,1,1,1,1,44
socialmedia / fgr,ig,北士科建案【遠雄泱玥】-水岸首排．57-75坪,/buildings/ah2/,1,1,1,1,45
line-lap / ah2,lap-1,北士科建案【遠雄泱玥】-水岸首排．57-75坪,/buildings/ah2/,1,1,1,1,0
google / cpc,pmax-1-taichung,北士科建案【遠雄泱玥】-水岸首排．57-75坪,/buildings/ah2/,1,1,1,1,502
iqiyi / ah2,ttd-1,北士科建案【遠雄泱玥】-水岸首排．57-75坪,/buildings/ah2/,1,1,2,2,3
google / cpc,遠雄幸福成_H713_關鍵字_0516_外縣市,北士科建案【遠雄泱玥】-水岸首排．57-75坪,/buildings/ah2/,1,1,1,1,33
line / ah2-message,(not set),北士科建案【遠雄泱玥】水岸首排．57-75坪,/buildings/ah2/,1,1,1,1,17
bing / organic,(organic),北士科建案【遠雄泱玥】水岸首排．57-75坪,/buildings/ah2/,1,1,3,3,300
104.com.tw / referral,(referral),北士科建案【遠雄泱玥】水岸首排．57-75坪,/buildings/ah2/,1,1,1,1,3
console-v2.omnichat.ai / referral,(referral),北士科建案【遠雄泱玥】水岸首排．57-75坪,/buildings/ah2/,1,1,1,1,0
l.facebook.com / referral,(referral),北士科建案【遠雄泱玥】水岸首排．57-75坪,/buildings/ah2/,1,1,1,1,1
mkto-sn070013.com / referral,(referral),北士科建案【遠雄泱玥】水岸首排．57-75坪,/buildings/ah2/,1,1,2,2,98
web / ah2,202501-shoppingdesign,北士科建案【遠雄泱玥】水岸首排．57-75坪,/buildings/ah2/,1,1,0,0,491
web-ettoday / ah2,20250701,北士科建案【遠雄泱玥】水岸首排．57-75坪,/buildings/ah2/,1,1,1,1,25
webnews / 5vo1,202508,北士科建案【遠雄泱玥】水岸首排．57-75坪,/buildings/ah2/,1,1,1,1,3
fb / bh5,20250905五輪播,北士科建案【遠雄泱玥】水岸首排．57-75坪,/buildings/ah2/,1,1,1,1,0
google / cpc,20250919一輪播,北士科建案【遠雄泱玥】水岸首排．57-75坪,/buildings/ah2/,1,1,1,1,84
fb / bh7,6,北士科建案【遠雄泱玥】水岸首排．57-75坪,/buildings/ah2/,1,1,1,1,0
google / cpc,CQH1-品牌字,北士科建案【遠雄泱玥】水岸首排．57-75坪,/buildings/ah2/,1,1,1,1,1
google / cpc,O1_競品字_2025.0801,北士科建案【遠雄泱玥】水岸首排．57-75坪,/buildings/ah2/,1,1,1,1,59
fb / ah2,activity,北士科建案【遠雄泱玥】水岸首排．57-75坪,/buildings/ah2/,1,1,1,1,2
youtube / ah2,architecture30s,北士科建案【遠雄泱玥】水岸首排．57-75坪,/buildings/ah2/,1,1,1,1,8
google / cpc,beitun,北士科建案【遠雄泱玥】水岸首排．57-75坪,/buildings/ah2/,1,1,1,1,76
google / cpc,extensions,北士科建案【遠雄泱玥】水岸首排．57-75坪,/buildings/ah2/,1,1,1,1,16
socialmedia / fgr,fb,北士科建案【遠雄泱玥】水岸首排．57-75坪,/buildings/ah2/,1,1,2,2,153
fb / ah2,fb-16,北士科建案【遠雄泱玥】水岸首排．57-75坪,/buildings/ah2/,1,1,1,1,4
fb / ah2,fb-18,北士科建案【遠雄泱玥】水岸首排．57-75坪,/buildings/ah2/,1,1,1,1,0
fb / ah2,fb-20,北士科建案【遠雄泱玥】水岸首排．57-75坪,/buildings/ah2/,1,1,1,1,1
fb / cqh1,fb-23,北士科建案【遠雄泱玥】水岸首排．57-75坪,/buildings/ah2/,1,1,2,2,16
fb / dh2,fb-31,北士科建案【遠雄泱玥】水岸首排．57-75坪,/buildings/ah2/,1,1,1,1,0
fb / dh2,fb-43,北士科建案【遠雄泱玥】水岸首排．57-75坪,/buildings/ah2/,1,1,1,1,16
fb / ah2,fb-8,北士科建案【遠雄泱玥】水岸首排．57-75坪,/buildings/ah2/,1,1,1,1,7
socialmedia / fgr,ig,北士科建案【遠雄泱玥】水岸首排．57-75坪,/buildings/ah2/,1,1,1,1,17
line-lap / bh7,lap-1,北士科建案【遠雄泱玥】水岸首排．57-75坪,/buildings/ah2/,1,1,1,1,3
leju / dh2,lejupage,北士科建案【遠雄泱玥】水岸首排．57-75坪,/buildings/ah2/,1,1,1,1,1
fgr-line / bh11,listbutton,北士科建案【遠雄泱玥】水岸首排．57-75坪,/buildings/ah2/,1,1,1,1,1
google / cpc,othercities_brand,北士科建案【遠雄泱玥】水岸首排．57-75坪,/buildings/ah2/,1,1,1,1,8
google / cpc,pmax-1-taichung,北士科建案【遠雄泱玥】水岸首排．57-75坪,/buildings/ah2/,1,1,1,1,55
google / cpc,taipei,北士科建案【遠雄泱玥】水岸首排．57-75坪,/buildings/ah2/,1,1,1,1,16
google / cpc,(not set),北士科建案【遠雄泱玥】水岸首排．57-75坪,/buildings/ah2//,1,1,1,1,0
reurl.cc / referral,(referral),找不到頁面 - 遠雄房地產,/buildings/ao1/,1,1,1,1,5
gdn / ao1,20240409b_4-1,找不到頁面 - 遠雄房地產,/buildings/ao1/,1,1,1,1,0
yahoo_native / ao1,20240612_6-2-1,找不到頁面 - 遠雄房地產,/buildings/ao1/,1,1,1,1,0
(not set),20250905五輪播,找不到頁面 - 遠雄房地產,/buildings/ao1/,1,1,0,0,24
(not set),20250808一輪播,Qixing_Zhi-Taipei City Beitou District/Beishike Residential Pre-sale House,/buildings/ar1/,1,1,0,0,3
(not set),20250905五輪播,Qixing_Zhi-Taipei City Beitou District/Beishike Residential Pre-sale House,/buildings/ar1/,1,1,0,0,0
(data not available),(cross-network),Qixing_Zhi-Taipei City Beitou District/Rumah Pra-Penjualan Perumahan Beishike,/buildings/ar1/,1,1,0,0,2
google / cpc,20250718,Qixing_Zhi-Taipei City Beitou District/บ้านขายล่วงหน้าที่อยู่อาศัย Beishike,/buildings/ar1/,1,1,0,0,5
google / cpc,20250616_品牌字,Qixing_Zhi-Taipei City Distrito de Beitou/Casa residencial en preventa Beishike,/buildings/ar1/,1,1,0,0,60
google / cpc,20250905五輪播,Qixing_Zhi-Taipei City Quận Beitou/Nhà bán trước khu dân cư Beishike,/buildings/ar1/,1,1,0,0,0
line-lap / ar1,20250718,七星_台北市北投区/北石科住宅分譲住宅,/buildings/ar1/,1,1,0,0,25
chatgpt.com / (not set),(not set),齊興_緻-台北市北投區/北士科住宅預售屋,/buildings/ar1/,1,1,1,1,21
gdn / (not set),(not set),齊興_緻-台北市北投區/北士科住宅預售屋,/buildings/ar1/,1,1,1,1,0
gdn&utm_medium=ar1&utm_campaign=20250718&gad_source=2&gad_campaignid=22794230133&gclid=EAIaIQobChMI_sfp3_KujwMVE4npBR3K_RxyEAEYASAAEgKmafD_BwE / (not set),(not set),齊興_緻-台北市北投區/北士科住宅預售屋,/buildings/ar1/,1,1,1,1,0
excel.officeapps.live.com / referral,(referral),齊興_緻-台北市北投區/北士科住宅預售屋,/buildings/ar1/,1,1,1,1,7
fb / bh7,1,齊興_緻-台北市北投區/北士科住宅預售屋,/buildings/ar1/,1,1,1,1,2
fb / O1,120227538157820464,齊興_緻-台北市北投區/北士科住宅預售屋,/buildings/ar1/,1,1,1,1,0
(not set),20250613一輪播,齊興_緻-台北市北投區/北士科住宅預售屋,/buildings/ar1/,1,1,1,1,0
gdn / fm3,20250718,齊興_緻-台北市北投區/北士科住宅預售屋,/buildings/ar1/,1,1,1,1,0
(not set),20250718一輪播,齊興_緻-台北市北投區/北士科住宅預售屋,/buildings/ar1/,1,1,1,1,1
google / cpc,20250725二輪播,齊興_緻-台北市北投區/北士科住宅預售屋,/buildings/ar1/,1,1,2,2,0
webnews / 5vo1,202508,齊興_緻-台北市北投區/北士科住宅預售屋,/buildings/ar1/,1,1,1,1,39
gdn / bh11,20250829,齊興_緻-台北市北投區/北士科住宅預售屋,/buildings/ar1/,1,1,1,1,0
(not set),20250905一輪播,齊興_緻-台北市北投區/北士科住宅預售屋,/buildings/ar1/,1,1,1,1,8
fb / h707,24,齊興_緻-台北市北投區/北士科住宅預售屋,/buildings/ar1/,1,1,1,1,6
pmp / (not set),6,齊興_緻-台北市北投區/北士科住宅預售屋,/buildings/ar1/,1,1,1,1,9
google / cpc,CQH1-品牌字,齊興_緻-台北市北投區/北士科住宅預售屋,/buildings/ar1/,1,1,2,2,17
google / cpc,CQH1-買房字,齊興_緻-台北市北投區/北士科住宅預售屋,/buildings/ar1/,1,1,2,2,21
google / cpc,area,齊興_緻-台北市北投區/北士科住宅預售屋,/buildings/ar1/,1,1,1,1,0
web-sms / cdp,cdpcid,齊興_緻-台北市北投區/北士科住宅預售屋,/buildings/ar1/,1,1,1,1,36
google / cpc,competitor,齊興_緻-台北市北投區/北士科住宅預售屋,/buildings/ar1/,1,1,1,1,23
fgr-line / fgr,expert_hoshichang_video_property_price_20250801,齊興_緻-台北市北投區/北士科住宅預售屋,/buildings/ar1/,1,1,1,1,3
google / cpc,extensions,齊興_緻-台北市北投區/北士科住宅預售屋,/buildings/ar1/,1,1,2,2,27
fb / ar1,fb1-2,齊興_緻-台北市北投區/北士科住宅預售屋,/buildings/ar1/,1,1,1,1,2
fb / ar1,fb1-4,齊興_緻-台北市北投區/北士科住宅預售屋,/buildings/ar1/,1,1,1,1,3
fb / ar1,fb1-5,齊興_緻-台北市北投區/北士科住宅預售屋,/buildings/ar1/,1,1,1,1,4
fb / ar1,fb2-1,齊興_緻-台北市北投區/北士科住宅預售屋,/buildings/ar1/,1,1,1,1,0
fb / ar1,fb2-3,齊興_緻-台北市北投區/北士科住宅預售屋,/buildings/ar1/,1,1,1,1,7
fb / bh7,fbpage,齊興_緻-台北市北投區/北士科住宅預售屋,/buildings/ar1/,1,1,1,1,8
google_kw / ar1,googlemap,齊興_緻-台北市北投區/北士科住宅預售屋,/buildings/ar1/,1,1,1,1,72
line-lap / bh7,lap-1,齊興_緻-台北市北投區/北士科住宅預售屋,/buildings/ar1/,1,1,1,1,0
line-lap / bh10,line-lap20256-8,齊興_緻-台北市北投區/北士科住宅預售屋,/buildings/ar1/,1,1,1,1,51
fgr-line / bh11,listbutton,齊興_緻-台北市北投區/北士科住宅預售屋,/buildings/ar1/,1,1,1,1,7
google / cpc,needs,齊興_緻-台北市北投區/北士科住宅預售屋,/buildings/ar1/,1,1,1,1,5
google_kw / cqh1,tamsui,齊興_緻-台北市北投區/北士科住宅預售屋,/buildings/ar1/,1,1,1,1,18
google / cpc,遠雄幸福成_H713_關鍵字_0516_外縣市,齊興_緻-台北市北投區/北士科住宅預售屋,/buildings/ar1/,1,1,1,1,28
(direct) / (none),(direct),齐兴_致-台北市北投区/北士科住宅预售屋,/buildings/ar1/,1,1,0,0,0
google / cpc,20250616_台北豪宅/別墅,齐兴_致-台北市北投区/北士科住宅预售屋,/buildings/ar1/,1,1,0,0,16
google / cpc,20250616_房地產投資,齐兴_致-台北市北投区/北士科住宅预售屋,/buildings/ar1/,1,1,0,0,15
line-lap / ar1,20250718,齐兴_致-台北市北投区/北士科住宅预售屋,/buildings/ar1/,1,1,0,0,5
google / cpc,othercities_brand,(1) 封未讀訊息 | 北屯敦富路【遠雄敦富】- 北屯機捷預售屋．近好市多,/buildings/bh10/,1,1,0,0,52
(direct) / (none),(direct),(2) 封未讀訊息 | 北屯敦富路【遠雄敦富】- 北屯機捷預售屋．近好市多,/buildings/bh10/,1,1,0,0,13
(not set),20250905五輪播,Beitun Dunfu Road [Farglory Dunfu] - Beitun Airport MRT Pre-sale Home. Near Costco,/buildings/bh10/,1,1,0,0,0
google / cpc,gdn20257-5,Beitun Dunfu Road [Farglory Dunfu] - Pré-venda de casa no Metrô do Aeroporto de Beitun. Perto do Costco,/buildings/bh10/,1,1,0,0,164
chatgpt.com / (not set),(not set),北屯敦富路【遠雄敦富】- 北屯機捷預售屋．近好市多,/buildings/bh10/,1,1,1,1,1
google / cpc,(not set),北屯敦富路【遠雄敦富】- 北屯機捷預售屋．近好市多,/buildings/bh10/,1,1,1,1,69
console-v2.omnichat.ai / referral,(referral),北屯敦富路【遠雄敦富】- 北屯機捷預售屋．近好市多,/buildings/bh10/,1,1,1,1,0
google / cpc,(referral),北屯敦富路【遠雄敦富】- 北屯機捷預售屋．近好市多,/buildings/bh10/,1,1,1,1,2
l.instagram.com / referral,(referral),北屯敦富路【遠雄敦富】- 北屯機捷預售屋．近好市多,/buildings/bh10/,1,1,1,1,0
mkto-sn070013.com / referral,(referral),北屯敦富路【遠雄敦富】- 北屯機捷預售屋．近好市多,/buildings/bh10/,1,1,1,1,162
fb / bh9,1,北屯敦富路【遠雄敦富】- 北屯機捷預售屋．近好市多,/buildings/bh10/,1,1,2,2,95
Line-lap / BH1,20210913,北屯敦富路【遠雄敦富】- 北屯機捷預售屋．近好市多,/buildings/bh10/,1,1,1,1,0
google / cpc,20210913,北屯敦富路【遠雄敦富】- 北屯機捷預售屋．近好市多,/buildings/bh10/,1,1,2,2,3
line-lap / bh1,20211201,北屯敦富路【遠雄敦富】- 北屯機捷預售屋．近好市多,/buildings/bh10/,1,1,1,1,0
google_kw / BH8,20240816_台中 建案,北屯敦富路【遠雄敦富】- 北屯機捷預售屋．近好市多,/buildings/bh10/,1,1,1,1,34
google / cpc,20250718,北屯敦富路【遠雄敦富】- 北屯機捷預售屋．近好市多,/buildings/bh10/,1,1,1,1,0
google / cpc,20250829,北屯敦富路【遠雄敦富】- 北屯機捷預售屋．近好市多,/buildings/bh10/,1,1,1,1,0
line / bh11,20250829,北屯敦富路【遠雄敦富】- 北屯機捷預售屋．近好市多,/buildings/bh10/,1,1,1,1,4
google / cpc,20250909一輪播,北屯敦富路【遠雄敦富】- 北屯機捷預售屋．近好市多,/buildings/bh10/,1,1,1,1,8
web-ettoday / ah2,20250911-57P,北屯敦富路【遠雄敦富】- 北屯機捷預售屋．近好市多,/buildings/bh10/,1,1,1,1,10
line / bh11,20250918,北屯敦富路【遠雄敦富】- 北屯機捷預售屋．近好市多,/buildings/bh10/,1,1,1,1,0
fb / h707,26,北屯敦富路【遠雄敦富】- 北屯機捷預售屋．近好市多,/buildings/bh10/,1,1,1,1,15
fb / bh5,46,北屯敦富路【遠雄敦富】- 北屯機捷預售屋．近好市多,/buildings/bh10/,1,1,1,1,19
fb / bh11,9-1,北屯敦富路【遠雄敦富】- 北屯機捷預售屋．近好市多,/buildings/bh10/,1,1,1,1,0
google / cpc,CQH1-品牌字,北屯敦富路【遠雄敦富】- 北屯機捷預售屋．近好市多,/buildings/bh10/,1,1,1,1,2
fb / bh10,FBvideo1,北屯敦富路【遠雄敦富】- 北屯機捷預售屋．近好市多,/buildings/bh10/,1,1,1,1,18
google / cpc,H707video_c,北屯敦富路【遠雄敦富】- 北屯機捷預售屋．近好市多,/buildings/bh10/,1,1,1,1,28
google / cpc,O1_競品字_2025.0801,北屯敦富路【遠雄敦富】- 北屯機捷預售屋．近好市多,/buildings/bh10/,1,1,1,1,12
google / cpc,Otherarea0829,北屯敦富路【遠雄敦富】- 北屯機捷預售屋．近好市多,/buildings/bh10/,1,1,1,1,0
google-map / referral,bh1-2,北屯敦富路【遠雄敦富】- 北屯機捷預售屋．近好市多,/buildings/bh10/,1,1,1,1,6
google_kw / o1,buyhourse,北屯敦富路【遠雄敦富】- 北屯機捷預售屋．近好市多,/buildings/bh10/,1,1,1,1,0
google / cpc,competitor/,北屯敦富路【遠雄敦富】- 北屯機捷預售屋．近好市多,/buildings/bh10/,1,1,1,1,82
google / cpc,competitor0829,北屯敦富路【遠雄敦富】- 北屯機捷預售屋．近好市多,/buildings/bh10/,1,1,1,1,6
google_kw / bgm1,core,北屯敦富路【遠雄敦富】- 北屯機捷預售屋．近好市多,/buildings/bh10/,1,1,1,1,1
google / cpc,corearea0829,北屯敦富路【遠雄敦富】- 北屯機捷預售屋．近好市多,/buildings/bh10/,1,1,1,1,14
fgr-line / fgr,expert_zhu_propertytax_20230814,北屯敦富路【遠雄敦富】- 北屯機捷預售屋．近好市多,/buildings/bh10/,1,1,1,1,59
fb / bh10,fanpage0711,北屯敦富路【遠雄敦富】- 北屯機捷預售屋．近好市多,/buildings/bh10/,1,1,1,1,1
socialmedia / fgr,fb,北屯敦富路【遠雄敦富】- 北屯機捷預售屋．近好市多,/buildings/bh10/,1,1,1,1,12
fb / ah2,fb-18,北屯敦富路【遠雄敦富】- 北屯機捷預售屋．近好市多,/buildings/bh10/,1,1,1,1,1
fb / bh10,fb0403,北屯敦富路【遠雄敦富】- 北屯機捷預售屋．近好市多,/buildings/bh10/,1,1,1,1,32
fb / bh8,fb18-1,北屯敦富路【遠雄敦富】- 北屯機捷預售屋．近好市多,/buildings/bh10/,1,1,1,1,71
fb / bh10,fb20259-1,北屯敦富路【遠雄敦富】- 北屯機捷預售屋．近好市多,/buildings/bh10/,1,1,1,1,0
fb / bh10,fb5-2,北屯敦富路【遠雄敦富】- 北屯機捷預售屋．近好市多,/buildings/bh10/,1,1,1,1,19
fb / bh10,fb5-7,北屯敦富路【遠雄敦富】- 北屯機捷預售屋．近好市多,/buildings/bh10/,1,1,1,1,7
fb / bh10,fbfanpage0912-hospital,北屯敦富路【遠雄敦富】- 北屯機捷預售屋．近好市多,/buildings/bh10/,1,1,1,1,0
google / cpc,gdn5-7,北屯敦富路【遠雄敦富】- 北屯機捷預售屋．近好市多,/buildings/bh10/,1,1,1,1,25
jfc-hea / bh10,jfchea-4455,北屯敦富路【遠雄敦富】- 北屯機捷預售屋．近好市多,/buildings/bh10/,1,1,1,1,23
fb / bh5,leads,北屯敦富路【遠雄敦富】- 北屯機捷預售屋．近好市多,/buildings/bh10/,1,1,1,1,35
fb / bh8,leads,北屯敦富路【遠雄敦富】- 北屯機捷預售屋．近好市多,/buildings/bh10/,1,1,2,2,78
line / bh8,line,北屯敦富路【遠雄敦富】- 北屯機捷預售屋．近好市多,/buildings/bh10/,1,1,1,1,85
line-lap / bh10,line-lap202502-2,北屯敦富路【遠雄敦富】- 北屯機捷預售屋．近好市多,/buildings/bh10/,1,1,1,1,0
line / bh10,line0912,北屯敦富路【遠雄敦富】- 北屯機捷預售屋．近好市多,/buildings/bh10/,1,1,1,1,31
line / bh5,line46,北屯敦富路【遠雄敦富】- 北屯機捷預售屋．近好市多,/buildings/bh10/,1,1,1,1,1
line-fgr / bh7,linefgrbh7,北屯敦富路【遠雄敦富】- 北屯機捷預售屋．近好市多,/buildings/bh10/,1,1,1,1,16
fgr-line / bh11,listbutton,北屯敦富路【遠雄敦富】- 北屯機捷預售屋．近好市多,/buildings/bh10/,1,1,1,1,340
mydachi / bh10,mydachiwebsite1217,北屯敦富路【遠雄敦富】- 北屯機捷預售屋．近好市多,/buildings/bh10/,1,1,1,1,89
google / cpc,othercities_taichung,北屯敦富路【遠雄敦富】- 北屯機捷預售屋．近好市多,/buildings/bh10/,1,1,1,1,56
google / cpc,project,北屯敦富路【遠雄敦富】- 北屯機捷預售屋．近好市多,/buildings/bh10/,1,1,1,1,2
google_kw / bh10,storefront,北屯敦富路【遠雄敦富】- 北屯機捷預售屋．近好市多,/buildings/bh10/,1,1,1,1,0
fgr-line / fgr,tax_mitigation_housetax_20220902,北屯敦富路【遠雄敦富】- 北屯機捷預售屋．近好市多,/buildings/bh10/,1,1,6,6,57
google / cpc,web-Google map,北屯敦富路【遠雄敦富】- 北屯機捷預售屋．近好市多,/buildings/bh10/,1,1,3,3,42
web-ettoday / bh10,web-ettoday1002,北屯敦富路【遠雄敦富】- 北屯機捷預售屋．近好市多,/buildings/bh10/,1,1,1,1,0
web-udn / bh10,web-udn0103,北屯敦富路【遠雄敦富】- 北屯機捷預售屋．近好市多,/buildings/bh10/,1,1,1,1,85
web-udn / bh10,webudn0925,北屯敦富路【遠雄敦富】- 北屯機捷預售屋．近好市多,/buildings/bh10/,1,1,10,10,14
youtube / fgr,yt,北屯敦富路【遠雄敦富】- 北屯機捷預售屋．近好市多,/buildings/bh10/,1,1,1,1,0
google / cpc,遠雄幸福成_H713_關鍵字_0516_中彰,北屯敦富路【遠雄敦富】- 北屯機捷預售屋．近好市多,/buildings/bh10/,1,1,1,1,46
google / cpc,gdn20256-8,베이툰 둔푸 로드 [파글로리 둔푸] - 베이툰 공항 MRT 선분양 주택. 코스트코 근처,/buildings/bh10/,1,1,0,0,4
bing / organic,(organic),找不到頁面 - 遠雄房地產,/buildings/bh10/G0605,1,1,1,1,0
fb / bh11,8-2,(1) 封未讀訊息 | 遠雄14期首發【遠雄丰尚】北屯新案．近漢神洲際百貨,/buildings/bh11/,1,1,0,0,29
google / cpc,information2,(1) 封未讀訊息 | 遠雄14期首發【遠雄丰尚】北屯新案．近漢神洲際百貨,/buildings/bh11/,1,1,0,0,25
fgr-line / bh11,listbutton,(1) 封未讀訊息 | 遠雄14期首發【遠雄丰尚】北屯新案．近漢神洲際百貨,/buildings/bh11/,1,1,0,0,36
(direct) / (none),(direct),(2) 封未讀訊息 | 遠雄14期首發【遠雄丰尚】北屯新案．近漢神洲際百貨,/buildings/bh11/,1,1,0,0,40
(not set),20250905五輪播,Farglory Fase 14 meluncurkan proyek baru Beitun [Farglory Fengshang]. Dekat Hanshin InterContinental Department Store.,/buildings/bh11/,1,1,0,0,0
google / cpc,Otherarea0829,Farglory Fase 14 meluncurkan proyek baru Beitun [Farglory Fengshang]. Dekat Hanshin InterContinental Department Store.,/buildings/bh11/,1,1,0,0,22
(not set),20250905五輪播,Farglory Giai đoạn 14 ra mắt dự án mới [Farglory Phong Thượng] Beitun. Gần Trung tâm Thương mại Hanshin InterContinental,/buildings/bh11/,1,1,0,0,5
google / cpc,20250918,Farglory Giai đoạn 14 ra mắt dự án mới [Farglory Phong Thượng] Beitun. Gần Trung tâm Thương mại Hanshin InterContinental,/buildings/bh11/,1,1,0,0,6
(not set),20250919一輪播,Farglory Giai đoạn 14 ra mắt dự án mới [Farglory Phong Thượng] Beitun. Gần Trung tâm Thương mại Hanshin InterContinental,/buildings/bh11/,1,1,0,0,0
(data not available),(cross-network),Farglory Phase 14 launches [Farglory Fengshang] Beitun new project. Near Hanshin InterContinental Department Store,/buildings/bh11/,1,1,0,0,3
(direct) / (none),(direct),Farglory Phase 14 launches [Farglory Fengshang] Beitun new project. Near Hanshin InterContinental Department Store,/buildings/bh11/,1,1,0,0,0
(not set),(not set),Farglory Phase 14 launches [Farglory Fengshang] Beitun new project. Near Hanshin InterContinental Department Store,/buildings/bh11/,1,1,0,0,19
google_kw / bh11,0829,Farglory Phase 14 launches [Farglory Fengshang] Beitun new project. Near Hanshin InterContinental Department Store,/buildings/bh11/,1,1,0,0,69
(not set),20250919一輪播,Farglory Phase 14 launches [Farglory Fengshang] Beitun new project. Near Hanshin InterContinental Department Store,/buildings/bh11/,1,1,0,0,0
google / cpc,gdn5-7,Farglory Phase 14 launches [Farglory Fengshang] Beitun new project. Near Hanshin InterContinental Department Store,/buildings/bh11/,1,1,0,0,24
socialmedia / bh11,googlemap,Farglory Phase 14 launches [Farglory Fengshang] Beitun new project. Near Hanshin InterContinental Department Store,/buildings/bh11/,1,1,0,0,74
ttd / bh11,20250902,Farglory Phase 14 startet [Farglory Fengshang] Beitun neues Projekt. In der Nähe des Hanshin InterContinental Kaufhauses,/buildings/bh11/,1,1,0,0,6
google / cpc,20250918,Farglory Phase 14 запускает новый проект [Farglory Fengshang] в Бейтуне. Рядом с универмагом Hanshin InterContinental.,/buildings/bh11/,1,1,1,1,17
google / cpc,20250918,Farglory เฟส 14 เปิดตัวโครงการใหม่ [Farglory Fengshang] Beitun ใกล้ห้างสรรพสินค้า Hanshin InterContinental,/buildings/bh11/,1,1,0,0,7
(not set),20250919一輪播,Farglory เฟส 14 เปิดตัวโครงการใหม่ [Farglory Fengshang] Beitun ใกล้ห้างสรรพสินค้า Hanshin InterContinental,/buildings/bh11/,1,1,0,0,0
google / cpc,Otherarea0829,Farglory เฟส 14 เปิดตัวโครงการใหม่ [Farglory Fengshang] Beitun ใกล้ห้างสรรพสินค้า Hanshin InterContinental,/buildings/bh11/,1,1,0,0,9
google / cpc,Otherarea0829,远雄14期首发【远雄丰尚】北屯新案．近汉神洲际百货,/buildings/bh11/,1,1,0,0,6
google / cpc,information2,远雄14期首发【远雄丰尚】北屯新案．近汉神洲际百货,/buildings/bh11/,1,1,0,0,24
chatgpt.com / (not set),(not set),遠雄14期首發【遠雄丰尚】北屯新案．近漢神洲際百貨,/buildings/bh11/,1,1,1,1,11
gdn&utm_medium=bh11&utm_campaign=20250829&gad_source=5&gad_campaignid=22939439916&gclid=EAIaIQobChMIv-ianqu7jwMV7JbpBR2GpS1hEAEYASAAEgIG6vD_BwE / (not set),(not set),遠雄14期首發【遠雄丰尚】北屯新案．近漢神洲際百貨,/buildings/bh11/,1,1,1,1,14
google / cpc,(not set),遠雄14期首發【遠雄丰尚】北屯新案．近漢神洲際百貨,/buildings/bh11/,1,1,1,1,1
yahoo / organic,(organic),遠雄14期首發【遠雄丰尚】北屯新案．近漢神洲際百貨,/buildings/bh11/,1,1,1,1,56
excel.officeapps.live.com / referral,(referral),遠雄14期首發【遠雄丰尚】北屯新案．近漢神洲際百貨,/buildings/bh11/,1,1,1,1,40
l.facebook.com / referral,(referral),遠雄14期首發【遠雄丰尚】北屯新案．近漢神洲際百貨,/buildings/bh11/,1,1,8,8,31
news.google.com / referral,(referral),遠雄14期首發【遠雄丰尚】北屯新案．近漢神洲際百貨,/buildings/bh11/,1,1,1,1,26
picsee.io / referral,(referral),遠雄14期首發【遠雄丰尚】北屯新案．近漢神洲際百貨,/buildings/bh11/,1,1,6,6,44
reurl.cc / referral,(referral),遠雄14期首發【遠雄丰尚】北屯新案．近漢神洲際百貨,/buildings/bh11/,1,1,1,1,7
fb / bh7,1,遠雄14期首發【遠雄丰尚】北屯新案．近漢神洲際百貨,/buildings/bh11/,1,1,1,1,37
fb / bh9,1,遠雄14期首發【遠雄丰尚】北屯新案．近漢神洲際百貨,/buildings/bh11/,1,1,1,1,0
ig / paid,120229456515280138,遠雄14期首發【遠雄丰尚】北屯新案．近漢神洲際百貨,/buildings/bh11/,1,1,2,2,3
ig / paid,120229486957530138,遠雄14期首發【遠雄丰尚】北屯新案．近漢神洲際百貨,/buildings/bh11/,1,1,1,1,0
fb / paid,120235415141990316,遠雄14期首發【遠雄丰尚】北屯新案．近漢神洲際百貨,/buildings/bh11/,1,1,1,1,39
line-lap / dh2,13,遠雄14期首發【遠雄丰尚】北屯新案．近漢神洲際百貨,/buildings/bh11/,1,1,1,1,0
line-lap / dh2,14,遠雄14期首發【遠雄丰尚】北屯新案．近漢神洲際百貨,/buildings/bh11/,1,1,1,1,13
google_kw / BH8,20240816_台中 建案,遠雄14期首發【遠雄丰尚】北屯新案．近漢神洲際百貨,/buildings/bh11/,1,1,2,2,0
google / cpc,20250616_台北豪宅/別墅,遠雄14期首發【遠雄丰尚】北屯新案．近漢神洲際百貨,/buildings/bh11/,1,1,1,1,32
gdn / fm3,20250718,遠雄14期首發【遠雄丰尚】北屯新案．近漢神洲際百貨,/buildings/bh11/,1,1,2,2,0
(not set),20250725一輪播,遠雄14期首發【遠雄丰尚】北屯新案．近漢神洲際百貨,/buildings/bh11/,1,1,1,1,43
5vo1 / 5vo1,202508,遠雄14期首發【遠雄丰尚】北屯新案．近漢神洲際百貨,/buildings/bh11/,1,1,1,1,143
fgr-line / hm2,20250822,遠雄14期首發【遠雄丰尚】北屯新案．近漢神洲際百貨,/buildings/bh11/,1,1,1,1,0
gdn / bh11,20250825,遠雄14期首發【遠雄丰尚】北屯新案．近漢神洲際百貨,/buildings/bh11/,1,1,2,2,0
(direct) / (none),20250905五輪播,遠雄14期首發【遠雄丰尚】北屯新案．近漢神洲際百貨,/buildings/bh11/,1,1,1,1,0
line-fgr / dh5,20250910,遠雄14期首發【遠雄丰尚】北屯新案．近漢神洲際百貨,/buildings/bh11/,1,1,2,2,2
fb / h707,29,遠雄14期首發【遠雄丰尚】北屯新案．近漢神洲際百貨,/buildings/bh11/,1,1,1,1,1
fb / bh5,43,遠雄14期首發【遠雄丰尚】北屯新案．近漢神洲際百貨,/buildings/bh11/,1,1,1,1,8
fb / eh1,7-1,遠雄14期首發【遠雄丰尚】北屯新案．近漢神洲際百貨,/buildings/bh11/,1,1,1,1,33
fb / eh2,8-6,遠雄14期首發【遠雄丰尚】北屯新案．近漢神洲際百貨,/buildings/bh11/,1,1,1,1,0
fb / h713,99,遠雄14期首發【遠雄丰尚】北屯新案．近漢神洲際百貨,/buildings/bh11/,1,1,1,1,0
google / cpc,CQH1-買房字,遠雄14期首發【遠雄丰尚】北屯新案．近漢神洲際百貨,/buildings/bh11/,1,1,1,1,13
web-edm / bh11,DM_202509,遠雄14期首發【遠雄丰尚】北屯新案．近漢神洲際百貨,/buildings/bh11/,1,1,1,1,0
google / cpc,H707video_c,遠雄14期首發【遠雄丰尚】北屯新案．近漢神洲際百貨,/buildings/bh11/,1,1,1,1,4
google / cpc,O1_品牌字_2025.0801,遠雄14期首發【遠雄丰尚】北屯新案．近漢神洲際百貨,/buildings/bh11/,1,1,1,1,11
google_kw / cqh1,brand,遠雄14期首發【遠雄丰尚】北屯新案．近漢神洲際百貨,/buildings/bh11/,1,1,1,1,10
fgr-line / fgr,expert_hoshichang_video_property_price_20250801,遠雄14期首發【遠雄丰尚】北屯新案．近漢神洲際百貨,/buildings/bh11/,1,1,2,2,41
fb / bh8,fanpage,遠雄14期首發【遠雄丰尚】北屯新案．近漢神洲際百貨,/buildings/bh11/,1,1,1,1,67
fb / bh11,fanpagepost,遠雄14期首發【遠雄丰尚】北屯新案．近漢神洲際百貨,/buildings/bh11/,1,1,1,1,6
fb / cqh1,fb-10,遠雄14期首發【遠雄丰尚】北屯新案．近漢神洲際百貨,/buildings/bh11/,1,1,1,1,0
fb / ah2,fb-27,遠雄14期首發【遠雄丰尚】北屯新案．近漢神洲際百貨,/buildings/bh11/,1,1,1,1,1
fb / ar1,fb1-3,遠雄14期首發【遠雄丰尚】北屯新案．近漢神洲際百貨,/buildings/bh11/,1,1,1,1,9
fb / bh8,fb16-2,遠雄14期首發【遠雄丰尚】北屯新案．近漢神洲際百貨,/buildings/bh11/,1,1,1,1,40
fb / eh5,fb24,遠雄14期首發【遠雄丰尚】北屯新案．近漢神洲際百貨,/buildings/bh11/,1,1,1,1,37
fb / fm3,fb4-1,遠雄14期首發【遠雄丰尚】北屯新案．近漢神洲際百貨,/buildings/bh11/,1,1,1,1,8
fb / bh7,fbpage,遠雄14期首發【遠雄丰尚】北屯新案．近漢神洲際百貨,/buildings/bh11/,1,1,2,2,0
google / cpc,gdn20257-5,遠雄14期首發【遠雄丰尚】北屯新案．近漢神洲際百貨,/buildings/bh11/,1,1,1,1,4
google_kw / bh8,googlemap,遠雄14期首發【遠雄丰尚】北屯新案．近漢神洲際百貨,/buildings/bh11/,1,1,1,1,0
socialmedia / bh11,googlemap,遠雄14期首發【遠雄丰尚】北屯新案．近漢神洲際百貨,/buildings/bh11/,1,1,1,1,0
line / bh5,line46,遠雄14期首發【遠雄丰尚】北屯新案．近漢神洲際百貨,/buildings/bh11/,1,1,1,1,1
fgr-line / fgr,plant_20230105,遠雄14期首發【遠雄丰尚】北屯新案．近漢神洲際百貨,/buildings/bh11/,1,1,1,1,56
web-udn / bh10,webudn0919,遠雄14期首發【遠雄丰尚】北屯新案．近漢神洲際百貨,/buildings/bh11/,1,1,1,1,8
google / cpc,北大店-買房字,遠雄14期首發【遠雄丰尚】北屯新案．近漢神洲際百貨,/buildings/bh11/,1,1,1,1,50
EDM / referral,滿意度問券,遠雄14期首發【遠雄丰尚】北屯新案．近漢神洲際百貨,/buildings/bh11/,1,1,1,1,95
google / organic,(organic),找不到頁面 - 遠雄房地產,/buildings/bh12/,1,1,1,1,1
fb / bh11,8-1,找不到頁面 - 遠雄房地產,/buildings/bh17,1,1,1,1,0
google / cpc,20221201_回應式,找不到頁面 - 遠雄房地產,/buildings/bh2/,1,1,1,1,0
(direct) / (none),(direct),(1) 封未讀訊息 | 遠雄琉蘊 -台中市西屯區七期預售屋/新建案-預約賞屋，遠雄房地產,/buildings/bh5/,1,1,0,0,3
fb / bh5,42,(1) 封未讀訊息 | 遠雄琉蘊 -台中市西屯區七期預售屋/新建案-預約賞屋，遠雄房地產,/buildings/bh5/,1,1,0,0,0
line-lap / bh5,(direct),遠雄琉蘊 -台中市西屯區七期預售屋/新建案-預約賞屋，遠雄房地產,/buildings/bh5/,1,1,0,0,2
yahoo / organic,(organic),遠雄琉蘊 -台中市西屯區七期預售屋/新建案-預約賞屋，遠雄房地產,/buildings/bh5/,1,1,1,1,16
farglory.com.tw / referral,(referral),遠雄琉蘊 -台中市西屯區七期預售屋/新建案-預約賞屋，遠雄房地產,/buildings/bh5/,1,1,1,1,316
fb / h707,1,遠雄琉蘊 -台中市西屯區七期預售屋/新建案-預約賞屋，遠雄房地產,/buildings/bh5/,1,1,1,1,0
fb / bh5,13,遠雄琉蘊 -台中市西屯區七期預售屋/新建案-預約賞屋，遠雄房地產,/buildings/bh5/,1,1,1,1,7
fb / bh5,14,遠雄琉蘊 -台中市西屯區七期預售屋/新建案-預約賞屋，遠雄房地產,/buildings/bh5/,1,1,1,1,5
fb / bh5,15,遠雄琉蘊 -台中市西屯區七期預售屋/新建案-預約賞屋，遠雄房地產,/buildings/bh5/,1,1,1,1,4
fb / bh5,19,遠雄琉蘊 -台中市西屯區七期預售屋/新建案-預約賞屋，遠雄房地產,/buildings/bh5/,1,1,1,1,2
line-lap / H713,2022509,遠雄琉蘊 -台中市西屯區七期預售屋/新建案-預約賞屋，遠雄房地產,/buildings/bh5/,1,1,1,1,0
google_kw / BH8,20240816_台中高價建案,遠雄琉蘊 -台中市西屯區七期預售屋/新建案-預約賞屋，遠雄房地產,/buildings/bh5/,1,1,1,1,7
google_kw / BH8,20240816_品牌字,遠雄琉蘊 -台中市西屯區七期預售屋/新建案-預約賞屋，遠雄房地產,/buildings/bh5/,1,1,2,2,60
web / ah2,202501-shoppingdesign,遠雄琉蘊 -台中市西屯區七期預售屋/新建案-預約賞屋，遠雄房地產,/buildings/bh5/,1,1,1,1,45
(not set),20250725一輪播,遠雄琉蘊 -台中市西屯區七期預售屋/新建案-預約賞屋，遠雄房地產,/buildings/bh5/,1,1,1,1,12
(not set),20250725二輪播,遠雄琉蘊 -台中市西屯區七期預售屋/新建案-預約賞屋，遠雄房地產,/buildings/bh5/,1,1,1,1,2
line / bh11,20250829,遠雄琉蘊 -台中市西屯區七期預售屋/新建案-預約賞屋，遠雄房地產,/buildings/bh5/,1,1,1,1,0
google / cpc,20250901,遠雄琉蘊 -台中市西屯區七期預售屋/新建案-預約賞屋，遠雄房地產,/buildings/bh5/,1,1,1,1,12
fb / bh5,20250905五輪播,遠雄琉蘊 -台中市西屯區七期預售屋/新建案-預約賞屋，遠雄房地產,/buildings/bh5/,1,1,1,1,1
fb / bh5,22,遠雄琉蘊 -台中市西屯區七期預售屋/新建案-預約賞屋，遠雄房地產,/buildings/bh5/,1,1,1,1,3
fb / h707,26,遠雄琉蘊 -台中市西屯區七期預售屋/新建案-預約賞屋，遠雄房地產,/buildings/bh5/,1,1,1,1,41
fb / bh5,27,遠雄琉蘊 -台中市西屯區七期預售屋/新建案-預約賞屋，遠雄房地產,/buildings/bh5/,1,1,1,1,6
fb / bh5,36,遠雄琉蘊 -台中市西屯區七期預售屋/新建案-預約賞屋，遠雄房地產,/buildings/bh5/,1,1,1,1,0
fb / bh5,8,遠雄琉蘊 -台中市西屯區七期預售屋/新建案-預約賞屋，遠雄房地產,/buildings/bh5/,1,1,1,1,0
fb / eh2,8-1,遠雄琉蘊 -台中市西屯區七期預售屋/新建案-預約賞屋，遠雄房地產,/buildings/bh5/,1,1,1,1,0
google / cpc,O1_競品字_2025.0801,遠雄琉蘊 -台中市西屯區七期預售屋/新建案-預約賞屋，遠雄房地產,/buildings/bh5/,1,1,1,1,78
fb / bh5,Y40 skm,遠雄琉蘊 -台中市西屯區七期預售屋/新建案-預約賞屋，遠雄房地產,/buildings/bh5/,1,1,1,1,0
sms / aep-cdp,aep-306,遠雄琉蘊 -台中市西屯區七期預售屋/新建案-預約賞屋，遠雄房地產,/buildings/bh5/,1,1,1,1,45
socialmedia / bh8,dcard_202508,遠雄琉蘊 -台中市西屯區七期預售屋/新建案-預約賞屋，遠雄房地產,/buildings/bh5/,1,1,2,2,58
fb / dh2,fb-42,遠雄琉蘊 -台中市西屯區七期預售屋/新建案-預約賞屋，遠雄房地產,/buildings/bh5/,1,1,1,1,3
fb / dh2,fb-43,遠雄琉蘊 -台中市西屯區七期預售屋/新建案-預約賞屋，遠雄房地產,/buildings/bh5/,1,1,1,1,27
fb / bh8,fb16-1,遠雄琉蘊 -台中市西屯區七期預售屋/新建案-預約賞屋，遠雄房地產,/buildings/bh5/,1,1,1,1,80
fb / bh8,fb16-2,遠雄琉蘊 -台中市西屯區七期預售屋/新建案-預約賞屋，遠雄房地產,/buildings/bh5/,1,1,1,1,8
fb / bh8,fb18-1,遠雄琉蘊 -台中市西屯區七期預售屋/新建案-預約賞屋，遠雄房地產,/buildings/bh5/,1,1,1,1,211
socialmedia / fgr,ig,遠雄琉蘊 -台中市西屯區七期預售屋/新建案-預約賞屋，遠雄房地產,/buildings/bh5/,1,1,1,1,85
fb / bh8,leads,遠雄琉蘊 -台中市西屯區七期預售屋/新建案-預約賞屋，遠雄房地產,/buildings/bh5/,1,1,1,1,13
leju / dh2,lejupage,遠雄琉蘊 -台中市西屯區七期預售屋/新建案-預約賞屋，遠雄房地產,/buildings/bh5/,1,1,1,1,10
line-lap / bh10,line-lap20256-8,遠雄琉蘊 -台中市西屯區七期預售屋/新建案-預約賞屋，遠雄房地產,/buildings/bh5/,1,1,1,1,0
line-lap / bh10,line-lap20257-1,遠雄琉蘊 -台中市西屯區七期預售屋/新建案-預約賞屋，遠雄房地產,/buildings/bh5/,1,1,1,1,20
google / cpc,遠雄幸福成_H713_關鍵字_0516_中彰,遠雄琉蘊 -台中市西屯區七期預售屋/新建案-預約賞屋，遠雄房地產,/buildings/bh5/,1,1,1,1,7
(data not available),(cross-network),遠雄藝舍-台中西屯區麥當勞旁金店面-預約賞屋，遠雄房地產,/buildings/bh6/,1,1,1,1,94
google / cpc,(not set),遠雄藝舍-台中西屯區麥當勞旁金店面-預約賞屋，遠雄房地產,/buildings/bh6/,1,1,1,1,14
fb / bh6,(referral),遠雄藝舍-台中西屯區麥當勞旁金店面-預約賞屋，遠雄房地產,/buildings/bh6/,1,1,1,1,12
fb / bh7,1,遠雄藝舍-台中西屯區麥當勞旁金店面-預約賞屋，遠雄房地產,/buildings/bh6/,1,1,1,1,93
google / cpc,20220801,遠雄藝舍-台中西屯區麥當勞旁金店面-預約賞屋，遠雄房地產,/buildings/bh6/,1,1,1,1,38
line-lap / BH6,20220801,遠雄藝舍-台中西屯區麥當勞旁金店面-預約賞屋，遠雄房地產,/buildings/bh6/,1,1,1,1,0
fb / bh6,20230322-2,遠雄藝舍-台中西屯區麥當勞旁金店面-預約賞屋，遠雄房地產,/buildings/bh6/,1,1,1,1,12
(not set),20250808一輪播,遠雄藝舍-台中西屯區麥當勞旁金店面-預約賞屋，遠雄房地產,/buildings/bh6/,1,1,1,1,99
pmp / (not set),6,遠雄藝舍-台中西屯區麥當勞旁金店面-預約賞屋，遠雄房地產,/buildings/bh6/,1,1,1,1,0
google / cpc,O1_競品字_2025.0801,遠雄藝舍-台中西屯區麥當勞旁金店面-預約賞屋，遠雄房地產,/buildings/bh6/,1,1,1,1,14
socialmedia / fgr,fb,遠雄藝舍-台中西屯區麥當勞旁金店面-預約賞屋，遠雄房地產,/buildings/bh6/,1,1,1,1,37
fb / bh6,fb0530,遠雄藝舍-台中西屯區麥當勞旁金店面-預約賞屋，遠雄房地產,/buildings/bh6/,1,1,1,1,4
fb / bh8,fb16-2,遠雄藝舍-台中西屯區麥當勞旁金店面-預約賞屋，遠雄房地產,/buildings/bh6/,1,1,1,1,87
fb / bh8,fb18-1,遠雄藝舍-台中西屯區麥當勞旁金店面-預約賞屋，遠雄房地產,/buildings/bh6/,1,1,2,2,116
fb / bh8,fb19-1,遠雄藝舍-台中西屯區麥當勞旁金店面-預約賞屋，遠雄房地產,/buildings/bh6/,1,1,1,1,3
fb / bh6,fbfanpage0206,遠雄藝舍-台中西屯區麥當勞旁金店面-預約賞屋，遠雄房地產,/buildings/bh6/,1,1,1,1,16
fb / bh6,fbfanpage0722,遠雄藝舍-台中西屯區麥當勞旁金店面-預約賞屋，遠雄房地產,/buildings/bh6/,1,1,2,2,146
fb / bh6,fbfanpage0808,遠雄藝舍-台中西屯區麥當勞旁金店面-預約賞屋，遠雄房地產,/buildings/bh6/,1,1,1,1,0
gdn / bh6,gdn6%,遠雄藝舍-台中西屯區麥當勞旁金店面-預約賞屋，遠雄房地產,/buildings/bh6/,1,1,1,1,0
socialmedia / fgr,ig,遠雄藝舍-台中西屯區麥當勞旁金店面-預約賞屋，遠雄房地產,/buildings/bh6/,1,1,1,1,25
fb / bh8,leads,遠雄藝舍-台中西屯區麥當勞旁金店面-預約賞屋，遠雄房地產,/buildings/bh6/,1,1,1,1,21
line-fgr / bh7,linefgrbh7,遠雄藝舍-台中西屯區麥當勞旁金店面-預約賞屋，遠雄房地產,/buildings/bh6/,1,1,1,1,42
line / bh6,linehouse,遠雄藝舍-台中西屯區麥當勞旁金店面-預約賞屋，遠雄房地產,/buildings/bh6/,1,1,1,1,1
web-ettoday / bh6,web-ettoday0322,遠雄藝舍-台中西屯區麥當勞旁金店面-預約賞屋，遠雄房地產,/buildings/bh6/,1,1,1,1,188
google / cpc,遠雄幸福成_H713_關鍵字_0516_中彰,遠雄藝舍-台中西屯區麥當勞旁金店面-預約賞屋，遠雄房地產,/buildings/bh6/,1,1,1,1,5
(direct) / (none),(direct),(1) 封未讀訊息 | 【遠雄樂元】北屯機捷X好市多，雙首排大道最核心，夠近才最好,/buildings/bh7/,1,1,1,1,35
google / cpc,Otherarea0829,(1) 封未讀訊息 | 【遠雄樂元】北屯機捷X好市多，雙首排大道最核心，夠近才最好,/buildings/bh7/,1,1,1,1,10
google / cpc,othercities_brand,(1) 封未讀訊息 | 【遠雄樂元】北屯機捷X好市多，雙首排大道最核心，夠近才最好,/buildings/bh7/,1,1,0,0,130
(direct) / (none),(direct),(2) 封未讀訊息 | 【遠雄樂元】北屯機捷X好市多，雙首排大道最核心，夠近才最好,/buildings/bh7/,1,1,0,0,85
(not set),(not set),"Farglory Leyuan: Beitun Airport MRT Station and Costco, close to the heart of Shuangshou Avenue.",/buildings/bh7/,1,1,0,0,5
line-lap / bh10,line-lap20256-8,"Farglory Leyuan: Beitun Airport MRT Station and Costco, close to the heart of Shuangshou Avenue.",/buildings/bh7/,1,1,0,0,32
google / cpc,Otherarea0829,"Farglory Leyuan: Ga tàu điện ngầm Sân bay Beitun và Costco, gần trung tâm Đại lộ Shuangshou.",/buildings/bh7/,1,1,0,0,23
(data not available),(cross-network),"Farglory Leyuan: Stasiun MRT Bandara Beitun dan Costco, dekat dengan jantung Shuangshou Avenue.",/buildings/bh7/,1,1,0,0,6
google / cpc,(referral),"Farglory Leyuan: Stasiun MRT Bandara Beitun dan Costco, dekat dengan jantung Shuangshou Avenue.",/buildings/bh7/,1,1,0,0,14
(data not available),(cross-network),"Farglory Leyuan: estación de MRT del aeropuerto de Beitun y Costco, cerca del corazón de la avenida Shuangshou.",/buildings/bh7/,1,1,0,0,50
google / cpc,20250718,Farglory Leyuan: สถานี MRT สนามบินเป่ยถุน และ Costco ใกล้กับใจกลางถนน Shuangshou,/buildings/bh7/,1,1,1,1,1069
(not set),20250905五輪播,Farglory Leyuan: สถานี MRT สนามบินเป่ยถุน และ Costco ใกล้กับใจกลางถนน Shuangshou,/buildings/bh7/,1,1,3,3,15
(not set),20250919一輪播,【远雄乐元】北屯机捷X好市多，双首排大道最核心，够近才最好,/buildings/bh7/,1,1,0,0,11
google / cpc,gdn-1-taichung,【远雄乐元】北屯机捷X好市多，双首排大道最核心，够近才最好,/buildings/bh7/,1,1,0,0,8
google / cpc,pmax-1-taichung,【远雄乐元】北屯机捷X好市多，双首排大道最核心，够近才最好,/buildings/bh7/,1,1,0,0,5
fb / fbpage,(not set),【遠雄樂元】北屯機捷X好市多，雙首排大道最核心，夠近才最好,/buildings/bh7/,1,1,1,1,0
gdn / bh7,(not set),【遠雄樂元】北屯機捷X好市多，雙首排大道最核心，夠近才最好,/buildings/bh7/,1,1,1,1,7
gdn&utm_medium=bh7&utm_campaign=pmax-1-anothercity&gad_source=2&gad_campaignid=22987699567&wbraid=CloKCQjwlt7GBhDnARJJAGZjSzMGaYQ-VdyLrrUm1i0TyrkAcuWD0A12NpQ_JdJX2CGWdVnz51_vy5b8VCXG7Qkr5ZcbxrZKWWh8WX4Q_uiKpkWIFR7sVBoCP7w#region_value / (not set),(not set),【遠雄樂元】北屯機捷X好市多，雙首排大道最核心，夠近才最好,/buildings/bh7/,1,1,1,1,0
google_kw / ah2,(not set),【遠雄樂元】北屯機捷X好市多，雙首排大道最核心，夠近才最好,/buildings/bh7/,1,1,1,1,13
chatgpt.com / referral,(referral),【遠雄樂元】北屯機捷X好市多，雙首排大道最核心，夠近才最好,/buildings/bh7/,1,1,1,1,135
l.instagram.com / referral,(referral),【遠雄樂元】北屯機捷X好市多，雙首排大道最核心，夠近才最好,/buildings/bh7/,1,1,1,1,0
m.facebook.com / referral,(referral),【遠雄樂元】北屯機捷X好市多，雙首排大道最核心，夠近才最好,/buildings/bh7/,1,1,1,1,0
m000476.layout.minmax.website / referral,(referral),【遠雄樂元】北屯機捷X好市多，雙首排大道最核心，夠近才最好,/buildings/bh7/,1,1,1,1,7
mkto-sn070013.com / referral,(referral),【遠雄樂元】北屯機捷X好市多，雙首排大道最核心，夠近才最好,/buildings/bh7/,1,1,1,1,43
reurl.cc / referral,(referral),【遠雄樂元】北屯機捷X好市多，雙首排大道最核心，夠近才最好,/buildings/bh7/,1,1,1,1,1
statics.teams.cdn.office.net / referral,(referral),【遠雄樂元】北屯機捷X好市多，雙首排大道最核心，夠近才最好,/buildings/bh7/,1,1,1,1,1
fb / paid,120222247205050066,【遠雄樂元】北屯機捷X好市多，雙首排大道最核心，夠近才最好,/buildings/bh7/,1,1,1,1,10
ig / paid,120234317298640316,【遠雄樂元】北屯機捷X好市多，雙首排大道最核心，夠近才最好,/buildings/bh7/,1,1,1,1,47
google_kw / BH8,20240816_台中高價建案,【遠雄樂元】北屯機捷X好市多，雙首排大道最核心，夠近才最好,/buildings/bh7/,1,1,1,1,0
google / cpc,20250616_台北豪宅/別墅,【遠雄樂元】北屯機捷X好市多，雙首排大道最核心，夠近才最好,/buildings/bh7/,1,1,1,1,7
google / cpc,20250616_品牌字,【遠雄樂元】北屯機捷X好市多，雙首排大道最核心，夠近才最好,/buildings/bh7/,1,1,2,2,131
(not set),20250627一輪播,【遠雄樂元】北屯機捷X好市多，雙首排大道最核心，夠近才最好,/buildings/bh7/,1,1,1,1,0
(not set),20250711一輪播,【遠雄樂元】北屯機捷X好市多，雙首排大道最核心，夠近才最好,/buildings/bh7/,1,1,2,2,6
line-lap / ar1,20250718,【遠雄樂元】北屯機捷X好市多，雙首排大道最核心，夠近才最好,/buildings/bh7/,1,1,2,2,83
(not set),20250725一輪播,【遠雄樂元】北屯機捷X好市多，雙首排大道最核心，夠近才最好,/buildings/bh7/,1,1,3,3,3
line / bh11,20250829,【遠雄樂元】北屯機捷X好市多，雙首排大道最核心，夠近才最好,/buildings/bh7/,1,1,1,1,0
fbpage / 5vo1,202509,【遠雄樂元】北屯機捷X好市多，雙首排大道最核心，夠近才最好,/buildings/bh7/,1,1,2,2,87
fb / 5vo1,2025090503,【遠雄樂元】北屯機捷X好市多，雙首排大道最核心，夠近才最好,/buildings/bh7/,1,1,1,1,18
app.omnichat.ai / referral,20250905五輪播,【遠雄樂元】北屯機捷X好市多，雙首排大道最核心，夠近才最好,/buildings/bh7/,1,1,1,1,54
line-lap / bh7,20250905五輪播,【遠雄樂元】北屯機捷X好市多，雙首排大道最核心，夠近才最好,/buildings/bh7/,1,1,1,1,0
line / bh11,20250918,【遠雄樂元】北屯機捷X好市多，雙首排大道最核心，夠近才最好,/buildings/bh7/,1,1,1,1,0
webnews / h707,20250918,【遠雄樂元】北屯機捷X好市多，雙首排大道最核心，夠近才最好,/buildings/bh7/,1,1,1,1,6
fb / bh5,40,【遠雄樂元】北屯機捷X好市多，雙首排大道最核心，夠近才最好,/buildings/bh7/,1,1,1,1,46
fb / bh11,8-1,【遠雄樂元】北屯機捷X好市多，雙首排大道最核心，夠近才最好,/buildings/bh7/,1,1,1,1,0
fb / bh11,8-3,【遠雄樂元】北屯機捷X好市多，雙首排大道最核心，夠近才最好,/buildings/bh7/,1,1,2,2,10
fb / eh2,9-2,【遠雄樂元】北屯機捷X好市多，雙首排大道最核心，夠近才最好,/buildings/bh7/,1,1,1,1,0
fb / bh11,9-3,【遠雄樂元】北屯機捷X好市多，雙首排大道最核心，夠近才最好,/buildings/bh7/,1,1,1,1,0
fb / bh11,9-5,【遠雄樂元】北屯機捷X好市多，雙首排大道最核心，夠近才最好,/buildings/bh7/,1,1,1,1,20
fb / h713,99,【遠雄樂元】北屯機捷X好市多，雙首排大道最核心，夠近才最好,/buildings/bh7/,1,1,1,1,0
google / cpc,CQH1-品牌字,【遠雄樂元】北屯機捷X好市多，雙首排大道最核心，夠近才最好,/buildings/bh7/,1,1,1,1,4
google / cpc,CQH1-地區字,【遠雄樂元】北屯機捷X好市多，雙首排大道最核心，夠近才最好,/buildings/bh7/,1,1,3,3,183
google / cpc,Taichung,【遠雄樂元】北屯機捷X好市多，雙首排大道最核心，夠近才最好,/buildings/bh7/,1,1,1,1,80
google / cpc,competitor/,【遠雄樂元】北屯機捷X好市多，雙首排大道最核心，夠近才最好,/buildings/bh7/,1,1,1,1,42
google / cpc,competitor0829,【遠雄樂元】北屯機捷X好市多，雙首排大道最核心，夠近才最好,/buildings/bh7/,1,1,1,1,28
google / cpc,content,【遠雄樂元】北屯機捷X好市多，雙首排大道最核心，夠近才最好,/buildings/bh7/,1,1,5,5,175
line / bh7,dez53583245,【遠雄樂元】北屯機捷X好市多，雙首排大道最核心，夠近才最好,/buildings/bh7/,1,1,1,1,35
fb / cqh1,fb-22,【遠雄樂元】北屯機捷X好市多，雙首排大道最核心，夠近才最好,/buildings/bh7/,1,1,1,1,5
fb / cqh1,fb-23,【遠雄樂元】北屯機捷X好市多，雙首排大道最核心，夠近才最好,/buildings/bh7/,1,1,3,3,0
fb / dh2,fb-42,【遠雄樂元】北屯機捷X好市多，雙首排大道最核心，夠近才最好,/buildings/bh7/,1,1,1,1,6
fb / bh8,fb19-1,【遠雄樂元】北屯機捷X好市多，雙首排大道最核心，夠近才最好,/buildings/bh7/,1,1,1,1,23
fb / dgm1,fb5-3,【遠雄樂元】北屯機捷X好市多，雙首排大道最核心，夠近才最好,/buildings/bh7/,1,1,1,1,0
fb / bh10,fbearlybird_form,【遠雄樂元】北屯機捷X好市多，雙首排大道最核心，夠近才最好,/buildings/bh7/,1,1,1,1,0
socialmedia / fgr,fbeh2info,【遠雄樂元】北屯機捷X好市多，雙首排大道最核心，夠近才最好,/buildings/bh7/,1,1,1,1,0
fb / bh10,fbfanpage0926,【遠雄樂元】北屯機捷X好市多，雙首排大道最核心，夠近才最好,/buildings/bh7/,1,1,1,1,19
google / cpc,gdn-02,【遠雄樂元】北屯機捷X好市多，雙首排大道最核心，夠近才最好,/buildings/bh7/,1,1,3,3,0
gdn / dgm1,gdn5-7,【遠雄樂元】北屯機捷X好市多，雙首排大道最核心，夠近才最好,/buildings/bh7/,1,1,1,1,76
googlemap / o1,googlemap,【遠雄樂元】北屯機捷X好市多，雙首排大道最核心，夠近才最好,/buildings/bh7/,1,1,1,1,0
google / cpc,information4,【遠雄樂元】北屯機捷X好市多，雙首排大道最核心，夠近才最好,/buildings/bh7/,1,1,2,2,101
fb / ar1,leads,【遠雄樂元】北屯機捷X好市多，雙首排大道最核心，夠近才最好,/buildings/bh7/,1,1,1,1,42
fb / bh5,leads,【遠雄樂元】北屯機捷X好市多，雙首排大道最核心，夠近才最好,/buildings/bh7/,1,1,1,1,41
line / bh10,line0927event,【遠雄樂元】北屯機捷X好市多，雙首排大道最核心，夠近才最好,/buildings/bh7/,1,1,1,1,40
web-udn / bh10,webudn0919,【遠雄樂元】北屯機捷X好市多，雙首排大道最核心，夠近才最好,/buildings/bh7/,1,1,1,1,12
google / cpc,遠雄幸福成_H713_關鍵字_0516_中彰,【遠雄樂元】北屯機捷X好市多，雙首排大道最核心，夠近才最好,/buildings/bh7/,1,1,1,1,0
google / cpc,pmax-1-taichung,"파글로리 러위안: 베이툰 공항 MRT 역과 코스트코, 쌍서우 대로 중심부와 가깝습니다.",/buildings/bh7/,1,1,0,0,12
google / cpc,pmax-1-anothercity,(1) 封未讀訊息 | 台中西屯建案【遠雄洄山行】．2-4房方正格局,/buildings/bh8/,1,1,0,0,41
fb / bh8,fb19-1,(2) 封未讀訊息 | 台中西屯建案【遠雄洄山行】．2-4房方正格局,/buildings/bh8/,1,1,0,0,2
chatgpt.com / (not set),(not set),台中西屯建案【遠雄洄山行】．2-4房方正格局,/buildings/bh8/,1,1,1,1,73
yahoo / organic,(organic),台中西屯建案【遠雄洄山行】．2-4房方正格局,/buildings/bh8/,1,1,1,1,5
console-v2.omnichat.ai / referral,(referral),台中西屯建案【遠雄洄山行】．2-4房方正格局,/buildings/bh8/,1,1,1,1,2
l.facebook.com / referral,(referral),台中西屯建案【遠雄洄山行】．2-4房方正格局,/buildings/bh8/,1,1,1,1,14
mkto-sn070013.com / referral,(referral),台中西屯建案【遠雄洄山行】．2-4房方正格局,/buildings/bh8/,1,1,2,2,48
reurl.cc / referral,(referral),台中西屯建案【遠雄洄山行】．2-4房方正格局,/buildings/bh8/,1,1,1,1,0
statics.teams.cdn.office.net / referral,(referral),台中西屯建案【遠雄洄山行】．2-4房方正格局,/buildings/bh8/,1,1,1,1,10
fb / h707,1,台中西屯建案【遠雄洄山行】．2-4房方正格局,/buildings/bh8/,1,1,1,1,0
fb / h713,100,台中西屯建案【遠雄洄山行】．2-4房方正格局,/buildings/bh8/,1,1,1,1,86
fb / paid,120207082473750558,台中西屯建案【遠雄洄山行】．2-4房方正格局,/buildings/bh8/,1,1,1,1,7
line-lap / dh2,13,台中西屯建案【遠雄洄山行】．2-4房方正格局,/buildings/bh8/,1,1,1,1,0
fb / bh6,20230322-2,台中西屯建案【遠雄洄山行】．2-4房方正格局,/buildings/bh8/,1,1,1,1,12
google_kw / BH8,20240816_台中高價建案,台中西屯建案【遠雄洄山行】．2-4房方正格局,/buildings/bh8/,1,1,1,1,8
gdn / bh8,20241017,台中西屯建案【遠雄洄山行】．2-4房方正格局,/buildings/bh8/,1,1,1,1,0
web-storm / bh8,20241021-businessweekly,台中西屯建案【遠雄洄山行】．2-4房方正格局,/buildings/bh8/,1,1,1,1,24
(not set),20250627一輪播,台中西屯建案【遠雄洄山行】．2-4房方正格局,/buildings/bh8/,1,1,1,1,21
fb / bh8,20250919一輪播,台中西屯建案【遠雄洄山行】．2-4房方正格局,/buildings/bh8/,1,1,0,0,0
socialmedia / bh8,20250919一輪播,台中西屯建案【遠雄洄山行】．2-4房方正格局,/buildings/bh8/,1,1,0,0,5
fb / h707,29,台中西屯建案【遠雄洄山行】．2-4房方正格局,/buildings/bh8/,1,1,1,1,87
fb / h707,31,台中西屯建案【遠雄洄山行】．2-4房方正格局,/buildings/bh8/,1,1,1,1,48
fb / bh5,40,台中西屯建案【遠雄洄山行】．2-4房方正格局,/buildings/bh8/,1,1,1,1,11
fb / bh5,42,台中西屯建案【遠雄洄山行】．2-4房方正格局,/buildings/bh8/,1,1,2,2,56
fb / o1,53583735_48-7,台中西屯建案【遠雄洄山行】．2-4房方正格局,/buildings/bh8/,1,1,2,2,13
google / cpc,O1_競品字_2025.0801,台中西屯建案【遠雄洄山行】．2-4房方正格局,/buildings/bh8/,1,1,1,1,14
sms / aep-cdp,aep-306,台中西屯建案【遠雄洄山行】．2-4房方正格局,/buildings/bh8/,1,1,1,1,84
google / cpc,corearea0829,台中西屯建案【遠雄洄山行】．2-4房方正格局,/buildings/bh8/,1,1,1,1,20
fgr-line / fgr,expert_hoshichang_video_property_price_20250801,台中西屯建案【遠雄洄山行】．2-4房方正格局,/buildings/bh8/,1,1,1,1,46
google_kw / BH8,extension,台中西屯建案【遠雄洄山行】．2-4房方正格局,/buildings/bh8/,1,1,1,1,15
socialmedia / fgr,fb,台中西屯建案【遠雄洄山行】．2-4房方正格局,/buildings/bh8/,1,1,2,2,68
fb / bh8,fb13-2,台中西屯建案【遠雄洄山行】．2-4房方正格局,/buildings/bh8/,1,1,1,1,179
fb / bh8,fb15-1,台中西屯建案【遠雄洄山行】．2-4房方正格局,/buildings/bh8/,1,1,1,1,7
fb / dgm1,fb5-3,台中西屯建案【遠雄洄山行】．2-4房方正格局,/buildings/bh8/,1,1,1,1,0
fb / 8fsl01,fb6-2,台中西屯建案【遠雄洄山行】．2-4房方正格局,/buildings/bh8/,1,1,1,1,42
fb / bh7,fbpage,台中西屯建案【遠雄洄山行】．2-4房方正格局,/buildings/bh8/,1,1,1,1,0
google / cpc,gdn20257-5,台中西屯建案【遠雄洄山行】．2-4房方正格局,/buildings/bh8/,1,1,2,2,96
line-lap / bh7,lap-1,台中西屯建案【遠雄洄山行】．2-4房方正格局,/buildings/bh8/,1,1,1,1,4
google / cpc,pmax-1-anothercity,台中西屯建案【遠雄洄山行】．2-4房方正格局,/buildings/bh8/,1,1,1,1,2
google / cpc,pmax-1-taichung,台中西屯建案【遠雄洄山行】．2-4房方正格局,/buildings/bh8/,1,1,1,1,61
web-udn / bh10,webudn0919,台中西屯建案【遠雄洄山行】．2-4房方正格局,/buildings/bh8/,1,1,1,1,10
google / cpc,遠雄幸福成_H713_關鍵字_0516_中彰,台中西屯建案【遠雄洄山行】．2-4房方正格局,/buildings/bh8/,1,1,1,1,43
google / cpc,(organic),(1) 封未讀訊息 | 水湳建案【遠雄綠美】鄰近綠美圖．中央公園預售屋,/buildings/bh9/,1,1,0,0,2
(not set),20250905五輪播,(1) 封未讀訊息 | 水湳建案【遠雄綠美】鄰近綠美圖．中央公園預售屋,/buildings/bh9/,1,1,0,0,3
google / cpc,Otherarea0829,(1) 封未讀訊息 | 水湳建案【遠雄綠美】鄰近綠美圖．中央公園預售屋,/buildings/bh9/,1,1,1,1,28
google / cpc,(organic),(2) 封未讀訊息 | (1) 封未讀訊息 | 水湳建案【遠雄綠美】鄰近綠美圖．中央公園預售屋,/buildings/bh9/,1,1,0,0,0
google / cpc,(organic),(2) 封未讀訊息 | 水湳建案【遠雄綠美】鄰近綠美圖．中央公園預售屋,/buildings/bh9/,1,1,0,0,10
google / cpc,(organic),(3) 封未讀訊息 | (2) 封未讀訊息 | (1) 封未讀訊息 | 水湳建案【遠雄綠美】鄰近綠美圖．中央公園預售屋,/buildings/bh9/,1,1,0,0,1
google / cpc,(organic),(4) 封未讀訊息 | (3) 封未讀訊息 | (2) 封未讀訊息 | (1) 封未讀訊息 | 水湳建案【遠雄綠美】鄰近綠美圖．中央公園預售屋,/buildings/bh9/,1,1,0,0,3
bing / organic,(organic),水湳建案【遠雄綠美】鄰近綠美圖．中央公園預售屋,/buildings/bh9/,1,1,1,1,404
yahoo / organic,(organic),水湳建案【遠雄綠美】鄰近綠美圖．中央公園預售屋,/buildings/bh9/,1,1,1,1,19
chatgpt.com / referral,(referral),水湳建案【遠雄綠美】鄰近綠美圖．中央公園預售屋,/buildings/bh9/,1,1,2,2,143
facebook.com / referral,(referral),水湳建案【遠雄綠美】鄰近綠美圖．中央公園預售屋,/buildings/bh9/,1,1,1,1,2
farglory.surveycake.com / referral,(referral),水湳建案【遠雄綠美】鄰近綠美圖．中央公園預售屋,/buildings/bh9/,1,1,1,1,0
line-lap / bh5,(referral),水湳建案【遠雄綠美】鄰近綠美圖．中央公園預售屋,/buildings/bh9/,1,1,1,1,3
lm.facebook.com / referral,(referral),水湳建案【遠雄綠美】鄰近綠美圖．中央公園預售屋,/buildings/bh9/,1,1,2,2,0
reurl.cc / referral,(referral),水湳建案【遠雄綠美】鄰近綠美圖．中央公園預售屋,/buildings/bh9/,1,1,1,1,9
fb / bh9,17,水湳建案【遠雄綠美】鄰近綠美圖．中央公園預售屋,/buildings/bh9/,1,1,1,1,22
webnews / bh9,202404,水湳建案【遠雄綠美】鄰近綠美圖．中央公園預售屋,/buildings/bh9/,1,1,1,1,30
google_kw / BH8,20240816_台中水湳,水湳建案【遠雄綠美】鄰近綠美圖．中央公園預售屋,/buildings/bh9/,1,1,1,1,6
(not set),20250613一輪播,水湳建案【遠雄綠美】鄰近綠美圖．中央公園預售屋,/buildings/bh9/,1,1,1,1,94
fb / bh5,20250905五輪播,水湳建案【遠雄綠美】鄰近綠美圖．中央公園預售屋,/buildings/bh9/,1,1,1,1,0
fb / bh9,24,水湳建案【遠雄綠美】鄰近綠美圖．中央公園預售屋,/buildings/bh9/,1,1,1,1,0
fb / hm2,250819_01,水湳建案【遠雄綠美】鄰近綠美圖．中央公園預售屋,/buildings/bh9/,1,1,1,1,40
fb / bh9,26,水湳建案【遠雄綠美】鄰近綠美圖．中央公園預售屋,/buildings/bh9/,1,1,1,1,6
fb / h707,27,水湳建案【遠雄綠美】鄰近綠美圖．中央公園預售屋,/buildings/bh9/,1,1,1,1,79
fb / bh9,30,水湳建案【遠雄綠美】鄰近綠美圖．中央公園預售屋,/buildings/bh9/,1,1,1,1,15
fb / bh9,31,水湳建案【遠雄綠美】鄰近綠美圖．中央公園預售屋,/buildings/bh9/,1,1,1,1,6
fb / bh9,32,水湳建案【遠雄綠美】鄰近綠美圖．中央公園預售屋,/buildings/bh9/,1,1,1,1,7
fb / bh9,34,水湳建案【遠雄綠美】鄰近綠美圖．中央公園預售屋,/buildings/bh9/,1,1,1,1,6
fb / bh9,35,水湳建案【遠雄綠美】鄰近綠美圖．中央公園預售屋,/buildings/bh9/,1,1,1,1,6
fb / bh11,9-3,水湳建案【遠雄綠美】鄰近綠美圖．中央公園預售屋,/buildings/bh9/,1,1,1,1,24
google / cpc,O1_競品字_2025.0801,水湳建案【遠雄綠美】鄰近綠美圖．中央公園預售屋,/buildings/bh9/,1,1,1,1,40
google / cpc,Otherarea0829,水湳建案【遠雄綠美】鄰近綠美圖．中央公園預售屋,/buildings/bh9/,1,1,2,2,16
sms / aep-cdp,aep-306,水湳建案【遠雄綠美】鄰近綠美圖．中央公園預售屋,/buildings/bh9/,1,1,1,1,46
line / bh9,area,水湳建案【遠雄綠美】鄰近綠美圖．中央公園預售屋,/buildings/bh9/,1,1,1,1,12
google / cpc,competitor0829,水湳建案【遠雄綠美】鄰近綠美圖．中央公園預售屋,/buildings/bh9/,1,1,1,1,102
google / cpc,corearea0829,水湳建案【遠雄綠美】鄰近綠美圖．中央公園預售屋,/buildings/bh9/,1,1,1,1,52
socialmedia / fgr,fb,水湳建案【遠雄綠美】鄰近綠美圖．中央公園預售屋,/buildings/bh9/,1,1,1,1,35
fb / bh8,fb19-1,水湳建案【遠雄綠美】鄰近綠美圖．中央公園預售屋,/buildings/bh9/,1,1,1,1,67
google_kw / bh8,googlemap,水湳建案【遠雄綠美】鄰近綠美圖．中央公園預售屋,/buildings/bh9/,1,1,2,2,3
googlemap / bh2,googlemap,水湳建案【遠雄綠美】鄰近綠美圖．中央公園預售屋,/buildings/bh9/,1,1,1,1,2
socialmedia / fgr,ig,水湳建案【遠雄綠美】鄰近綠美圖．中央公園預售屋,/buildings/bh9/,1,1,2,2,123
line-lap / bh9,lap-3,水湳建案【遠雄綠美】鄰近綠美圖．中央公園預售屋,/buildings/bh9/,1,1,1,1,3
leju / bh10,leju,水湳建案【遠雄綠美】鄰近綠美圖．中央公園預售屋,/buildings/bh9/,1,1,1,1,0
leju / dh2,lejupage,水湳建案【遠雄綠美】鄰近綠美圖．中央公園預售屋,/buildings/bh9/,1,1,1,1,0
line-lap / bh10,line-lap20256-8,水湳建案【遠雄綠美】鄰近綠美圖．中央公園預售屋,/buildings/bh9/,1,1,1,1,6
google / cpc,pmax-1-taichung,水湳建案【遠雄綠美】鄰近綠美圖．中央公園預售屋,/buildings/bh9/,1,1,1,1,68
fb / cgh01,fanpage0307,找不到頁面 - 遠雄房地產,/buildings/cgh01,1,1,1,1,2
fb / cgh01,fanpage0329,找不到頁面 - 遠雄房地產,/buildings/cgh01,1,1,1,1,0
fb / cgh01,fanpage0412,找不到頁面 - 遠雄房地產,/buildings/cgh01,1,1,1,1,0
fb / cgh01,fanpage0711,找不到頁面 - 遠雄房地產,/buildings/cgh01,1,1,1,1,3
fb / cgh01,fanpagenews,找不到頁面 - 遠雄房地產,/buildings/cgh01,1,1,1,1,7
fb / cgh01,fb1-3,找不到頁面 - 遠雄房地產,/buildings/cgh01,1,1,1,1,0
fb / cgh01,fb3-2,找不到頁面 - 遠雄房地產,/buildings/cgh01,1,1,1,1,2
fb / cgh01,fb4-5,找不到頁面 - 遠雄房地產,/buildings/cgh01,1,1,1,1,4
fb / cgh01,fbfanpage0523,找不到頁面 - 遠雄房地產,/buildings/cgh01,1,1,1,1,7
lbs-sms / cgh01,lbs-sms0411,找不到頁面 - 遠雄房地產,/buildings/cgh01,1,1,1,1,11
mydachi / cgh01,mydachi0527fb,找不到頁面 - 遠雄房地產,/buildings/cgh01,1,1,1,1,0
mydachi / cgh01,mydachifb0422,找不到頁面 - 遠雄房地產,/buildings/cgh01,1,1,1,1,0
web-udn / cgh01,start building,找不到頁面 - 遠雄房地產,/buildings/cgh01,1,1,1,1,0
(not set),20250905五輪播,春耕花見｜信義區正核心，體育場旁綠金地段｜基隆最美好的心開始,/buildings/cgh01,1,1,1,1,1
(direct) / (none),(direct),找不到頁面 - 遠雄房地產,/buildings/cgh01/,1,1,2,2,24
tw.search.yahoo.com / referral,(referral),找不到頁面 - 遠雄房地產,/buildings/cgh01/,1,1,2,2,2
fb / cgh01,fanpage0307,春耕花見｜信義區正核心，體育場旁綠金地段｜基隆最美好的心開始,/buildings/cgh01/,1,1,1,1,7
fb / cgh01,fanpage0403,春耕花見｜信義區正核心，體育場旁綠金地段｜基隆最美好的心開始,/buildings/cgh01/,1,1,1,1,4
fb / cgh01,fanpage0424,春耕花見｜信義區正核心，體育場旁綠金地段｜基隆最美好的心開始,/buildings/cgh01/,1,1,1,1,7
fb / cgh01,fb0607,春耕花見｜信義區正核心，體育場旁綠金地段｜基隆最美好的心開始,/buildings/cgh01/,1,1,1,1,6
fb / cgh01,fbfanpage0614,春耕花見｜信義區正核心，體育場旁綠金地段｜基隆最美好的心開始,/buildings/cgh01/,1,1,1,1,0
fb / cgh01,fbfanpage0627,春耕花見｜信義區正核心，體育場旁綠金地段｜基隆最美好的心開始,/buildings/cgh01/,1,1,1,1,4
fb / cgh01,fbfanpage0801,春耕花見｜信義區正核心，體育場旁綠金地段｜基隆最美好的心開始,/buildings/cgh01/,1,1,1,1,4
mydachi / cgh01,mydachifb0422,春耕花見｜信義區正核心，體育場旁綠金地段｜基隆最美好的心開始,/buildings/cgh01/,1,1,2,2,72
fb / paid,120222247205050066,(1) 封未讀訊息 | 村泉蒔美｜門戶端點 從容跨界｜台北生活最美起點,/buildings/cqh1/,1,1,0,0,23
fb / paid,120222247205050066,(2) 封未讀訊息 | (1) 封未讀訊息 | 村泉蒔美｜門戶端點 從容跨界｜台北生活最美起點,/buildings/cqh1/,1,1,0,0,40
google / cpc,CQH1-地區字,Village Springs Makimei｜Portal Endpoint Easily Cross-Border｜The Best Starting Point for Life in Taipei,/buildings/cqh1/,1,1,0,0,4
google / cpc,CQH1-買房字,Village Springs Makimei｜Portal Endpoint Mudah Menyeberangi Batas｜Titik Awal Terbaik untuk Kehidupan di Taipei,/buildings/cqh1/,1,1,0,0,14
google / cpc,CQH1-買房字,Village Springs Makimei｜Portal endpoints easily cross boundaries｜The most beautiful starting point for life in Taipei,/buildings/cqh1/,1,1,0,0,43
google / cpc,(not set),村泉蒔美｜門戶端點 從容跨界｜台北生活最美起點,/buildings/cqh1/,1,1,7,7,16
web / envelope,(not set),村泉蒔美｜門戶端點 從容跨界｜台北生活最美起點,/buildings/cqh1/,1,1,2,2,155
yahoo / organic,(organic),村泉蒔美｜門戶端點 從容跨界｜台北生活最美起點,/buildings/cqh1/,1,1,1,1,0
app.omnichat.ai / referral,(referral),村泉蒔美｜門戶端點 從容跨界｜台北生活最美起點,/buildings/cqh1/,1,1,2,2,4
console-v2.omnichat.ai / referral,(referral),村泉蒔美｜門戶端點 從容跨界｜台北生活最美起點,/buildings/cqh1/,1,1,1,1,0
farglory.com.tw / referral,(referral),村泉蒔美｜門戶端點 從容跨界｜台北生活最美起點,/buildings/cqh1/,1,1,1,1,240
l.facebook.com / referral,(referral),村泉蒔美｜門戶端點 從容跨界｜台北生活最美起點,/buildings/cqh1/,1,1,1,1,517
lm.facebook.com / referral,(referral),村泉蒔美｜門戶端點 從容跨界｜台北生活最美起點,/buildings/cqh1/,1,1,1,1,0
tagassistant.google.com / referral,(referral),村泉蒔美｜門戶端點 從容跨界｜台北生活最美起點,/buildings/cqh1/,1,1,1,1,15
webnews / cqh1,1140611,村泉蒔美｜門戶端點 從容跨界｜台北生活最美起點,/buildings/cqh1/,1,1,1,1,54
google / cpc,20250616_北投士林豪宅/別墅,村泉蒔美｜門戶端點 從容跨界｜台北生活最美起點,/buildings/cqh1/,1,1,2,2,108
(not set),20250725一輪播,村泉蒔美｜門戶端點 從容跨界｜台北生活最美起點,/buildings/cqh1/,1,1,2,2,186
(not set),20250905一輪播,村泉蒔美｜門戶端點 從容跨界｜台北生活最美起點,/buildings/cqh1/,1,1,1,1,37
(direct) / (none),20250905五輪播,村泉蒔美｜門戶端點 從容跨界｜台北生活最美起點,/buildings/cqh1/,1,1,0,0,0
app.omnichat.ai / referral,20250905五輪播,村泉蒔美｜門戶端點 從容跨界｜台北生活最美起點,/buildings/cqh1/,1,1,1,1,5
google / cpc,H707video_c,村泉蒔美｜門戶端點 從容跨界｜台北生活最美起點,/buildings/cqh1/,1,1,1,1,64
google / cpc,O1_競品字_2025.0801,村泉蒔美｜門戶端點 從容跨界｜台北生活最美起點,/buildings/cqh1/,1,1,1,1,0
sms / aep-cdp,aep-306,村泉蒔美｜門戶端點 從容跨界｜台北生活最美起點,/buildings/cqh1/,1,1,1,1,42
google / cpc,competitor,村泉蒔美｜門戶端點 從容跨界｜台北生活最美起點,/buildings/cqh1/,1,1,1,1,1
google / cpc,corearea0829,村泉蒔美｜門戶端點 從容跨界｜台北生活最美起點,/buildings/cqh1/,1,1,1,1,44
fb / cqh1,fb-1,村泉蒔美｜門戶端點 從容跨界｜台北生活最美起點,/buildings/cqh1/,1,1,1,1,0
fb / cqh1,fb-3,村泉蒔美｜門戶端點 從容跨界｜台北生活最美起點,/buildings/cqh1/,1,1,1,1,2
fb / cqh1,fb-4,村泉蒔美｜門戶端點 從容跨界｜台北生活最美起點,/buildings/cqh1/,1,1,1,1,3
fb / cqh1,fb-6,村泉蒔美｜門戶端點 從容跨界｜台北生活最美起點,/buildings/cqh1/,1,1,1,1,2
fb / bh7,fbpage,村泉蒔美｜門戶端點 從容跨界｜台北生活最美起點,/buildings/cqh1/,1,1,1,1,0
googlemap / o1,googlemap,村泉蒔美｜門戶端點 從容跨界｜台北生活最美起點,/buildings/cqh1/,1,1,1,1,8
leju / dh2,lejupage,村泉蒔美｜門戶端點 從容跨界｜台北生活最美起點,/buildings/cqh1/,1,1,1,1,0
fb / eh5,park,村泉蒔美｜門戶端點 從容跨界｜台北生活最美起點,/buildings/cqh1/,1,1,1,1,19
google / cpc,pmax-1-taichung,村泉蒔美｜門戶端點 從容跨界｜台北生活最美起點,/buildings/cqh1/,1,1,1,1,8
google / cpc,tamsui,村泉蒔美｜門戶端點 從容跨界｜台北生活最美起點,/buildings/cqh1/,1,1,5,5,99
google / cpc,gdn5-7,(1) 封未讀訊息 | 大河商爵-台北市士林區廠辦/預售新建案-預約賞屋，遠創力行銷,/buildings/dgm1/,1,1,0,0,24
google / cpc,competitor,"Dahe Shangjue - Taipei City Shilin District Factory Office/Pre-sale New Construction Project - Make an Appointment to View the House, Yuanchuan Power Marketing",/buildings/dgm1/,1,1,0,0,2
google / cpc,gdn5-7,"Dahe Shangjue - Taipei City Shilin District Factory Office/Pre-sale New Construction Project - Make an Appointment to View the House, Yuanchuan Power Marketing",/buildings/dgm1/,1,1,0,0,4
google / cpc,taipei,"Dahe Shangjue - Taipei City Shilin District Factory Office/Pre-sale New Construction Project - Make an Appointment to View the House, Yuanchuan Power Marketing",/buildings/dgm1/,1,1,0,0,3
google / cpc,gdn5-7,"Dahe Shangjue - Văn phòng nhà máy quận Shilin thành phố Đài Bắc/Dự án xây dựng mới trước khi bán - Đặt lịch hẹn để xem nhà, Yuanchuan Power Marketing",/buildings/dgm1/,1,1,0,0,1
google_kw / dh2,(organic),大河商爵-台北市士林區廠辦/預售新建案-預約賞屋，遠創力行銷,/buildings/dgm1/,1,1,1,1,1
chatgpt.com / referral,(referral),大河商爵-台北市士林區廠辦/預售新建案-預約賞屋，遠創力行銷,/buildings/dgm1/,1,1,1,1,45
excel.officeapps.live.com / referral,(referral),大河商爵-台北市士林區廠辦/預售新建案-預約賞屋，遠創力行銷,/buildings/dgm1/,1,1,1,1,0
fb / paid,120224667366930701,大河商爵-台北市士林區廠辦/預售新建案-預約賞屋，遠創力行銷,/buildings/dgm1/,1,1,1,1,384
google_kw / BH8,20240816_透天/豪宅/別墅,大河商爵-台北市士林區廠辦/預售新建案-預約賞屋，遠創力行銷,/buildings/dgm1/,1,1,1,1,8
webnews / ao1,20250317,大河商爵-台北市士林區廠辦/預售新建案-預約賞屋，遠創力行銷,/buildings/dgm1/,1,1,1,1,24
line-lap / ar1,20250718,大河商爵-台北市士林區廠辦/預售新建案-預約賞屋，遠創力行銷,/buildings/dgm1/,1,1,1,1,12
(not set),20250725二輪播,大河商爵-台北市士林區廠辦/預售新建案-預約賞屋，遠創力行銷,/buildings/dgm1/,1,1,3,3,286
webnews / 5vo1,202508,大河商爵-台北市士林區廠辦/預售新建案-預約賞屋，遠創力行銷,/buildings/dgm1/,1,1,1,1,1
fb / 5vo1,2025090501,大河商爵-台北市士林區廠辦/預售新建案-預約賞屋，遠創力行銷,/buildings/dgm1/,1,1,1,1,10
web-ettoday / ah2,20250911-57P,大河商爵-台北市士林區廠辦/預售新建案-預約賞屋，遠創力行銷,/buildings/dgm1/,1,1,1,1,55
pmp / (not set),6,大河商爵-台北市士林區廠辦/預售新建案-預約賞屋，遠創力行銷,/buildings/dgm1/,1,1,1,1,62
fb / eh2,8-6,大河商爵-台北市士林區廠辦/預售新建案-預約賞屋，遠創力行銷,/buildings/dgm1/,1,1,1,1,98
google / cpc,O1_品牌字_2025.0801,大河商爵-台北市士林區廠辦/預售新建案-預約賞屋，遠創力行銷,/buildings/dgm1/,1,1,1,1,5
youtube / ah2,architecture30s,大河商爵-台北市士林區廠辦/預售新建案-預約賞屋，遠創力行銷,/buildings/dgm1/,1,1,1,1,9
google / cpc,area,大河商爵-台北市士林區廠辦/預售新建案-預約賞屋，遠創力行銷,/buildings/dgm1/,1,1,1,1,1
google_kw / bgm1,brand,大河商爵-台北市士林區廠辦/預售新建案-預約賞屋，遠創力行銷,/buildings/dgm1/,1,1,4,4,34
google_kw / o1,buyhourse,大河商爵-台北市士林區廠辦/預售新建案-預約賞屋，遠創力行銷,/buildings/dgm1/,1,1,1,1,0
fgr-line / fgr,expert_hoshichang_video_property_price_20250801,大河商爵-台北市士林區廠辦/預售新建案-預約賞屋，遠創力行銷,/buildings/dgm1/,1,1,1,1,16
fb / fm3,fb4-1,大河商爵-台北市士林區廠辦/預售新建案-預約賞屋，遠創力行銷,/buildings/dgm1/,1,1,1,1,7
fb / ar1,fb4-2,大河商爵-台北市士林區廠辦/預售新建案-預約賞屋，遠創力行銷,/buildings/dgm1/,1,1,1,1,25
fb / dgm1,fbfanpage0808,大河商爵-台北市士林區廠辦/預售新建案-預約賞屋，遠創力行銷,/buildings/dgm1/,1,1,1,1,7
fb / dgm1,fbfanpage0821,大河商爵-台北市士林區廠辦/預售新建案-預約賞屋，遠創力行銷,/buildings/dgm1/,1,1,1,1,2
fb / dgm1,fbfanpage0912,大河商爵-台北市士林區廠辦/預售新建案-預約賞屋，遠創力行銷,/buildings/dgm1/,1,1,1,1,0
fb / bh10,fbfanpage0926,大河商爵-台北市士林區廠辦/預售新建案-預約賞屋，遠創力行銷,/buildings/dgm1/,1,1,5,5,26
fb / bh8,leads,大河商爵-台北市士林區廠辦/預售新建案-預約賞屋，遠創力行銷,/buildings/dgm1/,1,1,2,2,9
google / cpc,pmax-1-taichung,大河商爵-台北市士林區廠辦/預售新建案-預約賞屋，遠創力行銷,/buildings/dgm1/,1,1,1,1,0
google / cpc,project,大河商爵-台北市士林區廠辦/預售新建案-預約賞屋，遠創力行銷,/buildings/dgm1/,1,1,1,1,3
web-chinatimes / bh10,web-chinatimes0922,大河商爵-台北市士林區廠辦/預售新建案-預約賞屋，遠創力行銷,/buildings/dgm1/,1,1,1,1,205
web-sms / dgm1,web-sms0708,大河商爵-台北市士林區廠辦/預售新建案-預約賞屋，遠創力行銷,/buildings/dgm1/,1,1,1,1,10
webnews / dgm1,webnews202505,大河商爵-台北市士林區廠辦/預售新建案-預約賞屋，遠創力行銷,/buildings/dgm1/,1,1,1,1,16
gdn回應式-3 / (not set),(not set),找不到頁面 - 遠雄房地產,/buildings/dh1,1,1,1,1,0
LINE-12 / (not set),(not set),找不到頁面 - 遠雄房地產,/buildings/dh1/,1,1,3,3,7
NATIVE-8 / (not set),(not set),找不到頁面 - 遠雄房地產,/buildings/dh1/,1,1,1,1,56
google / cpc,遠雄幸福成_H713_關鍵字_0516_外縣市,找不到頁面 - 遠雄房地產,/buildings/dh10/,1,1,1,1,3
fb / dh2,leads,(1) 封未讀訊息 | (1) 封未讀訊息 | 台南永康新建案【遠雄山禾】-鹽行特區．3-4房,/buildings/dh2/,1,1,0,0,5
(not set),20250725三輪播,(1) 封未讀訊息 | 台南永康新建案【遠雄山禾】-鹽行特區．3-4房,/buildings/dh2/,1,1,1,1,20
fb / dh2,leads,(1) 封未讀訊息 | 台南永康新建案【遠雄山禾】-鹽行特區．3-4房,/buildings/dh2/,1,1,0,0,0
google_kw / dh2,(organic),"Newly built project in Yongkang, Tainan [Farglory Shanhe] - Yanhang Special Zone. 3-4 bedrooms",/buildings/dh2/,1,1,0,0,15
line-lap / dh2,14,"Newly built project in Yongkang, Tainan [Farglory Shanhe] - Yanhang Special Zone. 3-4 bedrooms",/buildings/dh2/,1,1,0,0,46
line / dh2,(not set),台南永康新建案【遠雄山禾】-鹽行特區．3-4房,/buildings/dh2/,1,1,1,1,55
bing / organic,(organic),台南永康新建案【遠雄山禾】-鹽行特區．3-4房,/buildings/dh2/,1,1,1,1,39
google / cpc,(organic),台南永康新建案【遠雄山禾】-鹽行特區．3-4房,/buildings/dh2/,1,1,1,1,2
yahoo / organic,(organic),台南永康新建案【遠雄山禾】-鹽行特區．3-4房,/buildings/dh2/,1,1,1,1,25
chatgpt.com / referral,(referral),台南永康新建案【遠雄山禾】-鹽行特區．3-4房,/buildings/dh2/,1,1,1,1,27
mkto-sn070013.com / referral,(referral),台南永康新建案【遠雄山禾】-鹽行特區．3-4房,/buildings/dh2/,1,1,1,1,0
fb / h713,106,台南永康新建案【遠雄山禾】-鹽行特區．3-4房,/buildings/dh2/,1,1,1,1,76
webnews / dh2,11403,台南永康新建案【遠雄山禾】-鹽行特區．3-4房,/buildings/dh2/,1,1,1,1,39
webnews / dh2,1140624,台南永康新建案【遠雄山禾】-鹽行特區．3-4房,/buildings/dh2/,1,1,1,1,10
line-lap / dh2,2,台南永康新建案【遠雄山禾】-鹽行特區．3-4房,/buildings/dh2/,1,1,1,1,0
google_kw / BH8,20240816_品牌字,台南永康新建案【遠雄山禾】-鹽行特區．3-4房,/buildings/dh2/,1,1,2,2,5
google_kw / BH8,20240816_透天/豪宅/別墅,台南永康新建案【遠雄山禾】-鹽行特區．3-4房,/buildings/dh2/,1,1,1,1,14
google / cpc,20250718,台南永康新建案【遠雄山禾】-鹽行特區．3-4房,/buildings/dh2/,1,1,1,1,0
(not set),20250725二輪播,台南永康新建案【遠雄山禾】-鹽行特區．3-4房,/buildings/dh2/,1,1,1,1,0
google / cpc,20250829,台南永康新建案【遠雄山禾】-鹽行特區．3-4房,/buildings/dh2/,1,1,2,2,0
line / bh11,20250829,台南永康新建案【遠雄山禾】-鹽行特區．3-4房,/buildings/dh2/,1,1,1,1,7
google / cpc,20250901,台南永康新建案【遠雄山禾】-鹽行特區．3-4房,/buildings/dh2/,1,1,1,1,0
fb / bh5,20250905五輪播,台南永康新建案【遠雄山禾】-鹽行特區．3-4房,/buildings/dh2/,1,1,5,5,7
(direct) / (none),20250909一輪播,台南永康新建案【遠雄山禾】-鹽行特區．3-4房,/buildings/dh2/,1,1,0,0,3
(not set),20250919一輪播,台南永康新建案【遠雄山禾】-鹽行特區．3-4房,/buildings/dh2/,1,1,1,1,0
line-lap / dh2,3,台南永康新建案【遠雄山禾】-鹽行特區．3-4房,/buildings/dh2/,1,1,1,1,7
google / cpc,O1_競品字_2025.0801,台南永康新建案【遠雄山禾】-鹽行特區．3-4房,/buildings/dh2/,1,1,1,1,64
sms / aep-cdp,aep-306,台南永康新建案【遠雄山禾】-鹽行特區．3-4房,/buildings/dh2/,1,1,1,1,67
socialmedia / bh8,dcard_202508,台南永康新建案【遠雄山禾】-鹽行特區．3-4房,/buildings/dh2/,1,1,2,2,1
fb / dh2,fb-15,台南永康新建案【遠雄山禾】-鹽行特區．3-4房,/buildings/dh2/,1,1,1,1,2
fb / ah2,fb-18,台南永康新建案【遠雄山禾】-鹽行特區．3-4房,/buildings/dh2/,1,1,1,1,4
fb / dh2,fb-19,台南永康新建案【遠雄山禾】-鹽行特區．3-4房,/buildings/dh2/,1,1,1,1,7
fb / dh2,fb-22,台南永康新建案【遠雄山禾】-鹽行特區．3-4房,/buildings/dh2/,1,1,1,1,6
fb / cqh1,fb-23,台南永康新建案【遠雄山禾】-鹽行特區．3-4房,/buildings/dh2/,1,1,3,3,9
fb / dh2,fb-25,台南永康新建案【遠雄山禾】-鹽行特區．3-4房,/buildings/dh2/,1,1,1,1,18
fb / dh2,fb-27,台南永康新建案【遠雄山禾】-鹽行特區．3-4房,/buildings/dh2/,1,1,1,1,0
fb / dh2,fb-28,台南永康新建案【遠雄山禾】-鹽行特區．3-4房,/buildings/dh2/,1,1,1,1,0
fb / dh2,fb-37,台南永康新建案【遠雄山禾】-鹽行特區．3-4房,/buildings/dh2/,1,1,1,1,7
fb / dh2,fb-4,台南永康新建案【遠雄山禾】-鹽行特區．3-4房,/buildings/dh2/,1,1,1,1,0
fb / bh8,fb19-1,台南永康新建案【遠雄山禾】-鹽行特區．3-4房,/buildings/dh2/,1,1,1,1,0
google / cpc,gdn20257-1,台南永康新建案【遠雄山禾】-鹽行特區．3-4房,/buildings/dh2/,1,1,1,1,0
fb / bh8,leads,台南永康新建案【遠雄山禾】-鹽行特區．3-4房,/buildings/dh2/,1,1,1,1,0
google / cpc,type,台南永康新建案【遠雄山禾】-鹽行特區．3-4房,/buildings/dh2/,1,1,1,1,11
web-ettoday / bh10,webettoday-1122,台南永康新建案【遠雄山禾】-鹽行特區．3-4房,/buildings/dh2/,1,1,1,1,10
google / cpc,北大店-買房字,台南永康新建案【遠雄山禾】-鹽行特區．3-4房,/buildings/dh2/,1,1,1,1,33
google / cpc,遠雄幸福成_H713_關鍵字_0516_外縣市,台南永康新建案【遠雄山禾】-鹽行特區．3-4房,/buildings/dh2/,1,1,1,1,49
(not set),(not set),找不到頁面 - 遠雄房地產,/buildings/dh3/,1,1,1,1,0
google / organic,(organic),找不到頁面 - 遠雄房地產,/buildings/dh3/,1,1,1,1,2
google_kw / dh2,(organic),找不到頁面 - 遠雄房地產,/buildings/dh3/,1,1,1,1,2
web-ettoday / dh3,(referral),找不到頁面 - 遠雄房地產,/buildings/dh3/,1,1,1,1,0
line-lap / dh3,3,找不到頁面 - 遠雄房地產,/buildings/dh3/,1,1,1,1,0
gdn / dh3,5,找不到頁面 - 遠雄房地產,/buildings/dh3/,1,1,1,1,17
line-lap / dh3,5,找不到頁面 - 遠雄房地產,/buildings/dh3/,1,1,2,2,46
line-lap / dh3,8,找不到頁面 - 遠雄房地產,/buildings/dh3/,1,1,1,1,0
fb / dh3,fb-34,找不到頁面 - 遠雄房地產,/buildings/dh3/,1,1,1,1,3
(data not available),(cross-network),安南重劃首選【遠雄藏萃】全新落成，珍稀戶別釋出！,/buildings/dh5/,1,1,3,3,85
062235888.com.tw / referral,(referral),安南重劃首選【遠雄藏萃】全新落成，珍稀戶別釋出！,/buildings/dh5/,1,1,1,1,12
farglory.com.tw / referral,(referral),安南重劃首選【遠雄藏萃】全新落成，珍稀戶別釋出！,/buildings/dh5/,1,1,1,1,121
m.facebook.com / referral,(referral),安南重劃首選【遠雄藏萃】全新落成，珍稀戶別釋出！,/buildings/dh5/,1,1,1,1,5
reurl.cc / referral,(referral),安南重劃首選【遠雄藏萃】全新落成，珍稀戶別釋出！,/buildings/dh5/,1,1,2,2,11
line-lap / dh2,14,安南重劃首選【遠雄藏萃】全新落成，珍稀戶別釋出！,/buildings/dh5/,1,1,1,1,14
line-lap / dh5,20230801,安南重劃首選【遠雄藏萃】全新落成，珍稀戶別釋出！,/buildings/dh5/,1,1,1,1,0
google_kw / BH8,20240816_品牌字,安南重劃首選【遠雄藏萃】全新落成，珍稀戶別釋出！,/buildings/dh5/,1,1,2,2,54
google / cpc,20250718,安南重劃首選【遠雄藏萃】全新落成，珍稀戶別釋出！,/buildings/dh5/,1,1,1,1,4
(not set),20250725一輪播,安南重劃首選【遠雄藏萃】全新落成，珍稀戶別釋出！,/buildings/dh5/,1,1,1,1,5
fbpage / 5vo1,202509,安南重劃首選【遠雄藏萃】全新落成，珍稀戶別釋出！,/buildings/dh5/,1,1,1,1,22
google / cpc,20250901,安南重劃首選【遠雄藏萃】全新落成，珍稀戶別釋出！,/buildings/dh5/,1,1,1,1,172
app.omnichat.ai / referral,20250905五輪播,安南重劃首選【遠雄藏萃】全新落成，珍稀戶別釋出！,/buildings/dh5/,1,1,1,1,1
(not set),20250909一輪播,安南重劃首選【遠雄藏萃】全新落成，珍稀戶別釋出！,/buildings/dh5/,1,1,0,0,0
line-fgr / dh5,20250910,安南重劃首選【遠雄藏萃】全新落成，珍稀戶別釋出！,/buildings/dh5/,1,1,0,0,0
fb / bh11,8-2,安南重劃首選【遠雄藏萃】全新落成，珍稀戶別釋出！,/buildings/dh5/,1,1,2,2,73
fb / bh11,8-3,安南重劃首選【遠雄藏萃】全新落成，珍稀戶別釋出！,/buildings/dh5/,1,1,6,6,468
fb / eh2,8-6,安南重劃首選【遠雄藏萃】全新落成，珍稀戶別釋出！,/buildings/dh5/,1,1,1,1,24
google / cpc,O1_品牌字_2025.0801,安南重劃首選【遠雄藏萃】全新落成，珍稀戶別釋出！,/buildings/dh5/,1,1,1,1,4
google / cpc,Otherarea0829,安南重劃首選【遠雄藏萃】全新落成，珍稀戶別釋出！,/buildings/dh5/,1,1,1,1,22
sms / aep-cdp,aep-306,安南重劃首選【遠雄藏萃】全新落成，珍稀戶別釋出！,/buildings/dh5/,1,1,1,1,19
google / cpc,corearea0829,安南重劃首選【遠雄藏萃】全新落成，珍稀戶別釋出！,/buildings/dh5/,1,1,1,1,71
socialmedia / bh8,dcard_202508,安南重劃首選【遠雄藏萃】全新落成，珍稀戶別釋出！,/buildings/dh5/,1,1,1,1,108
fb / dh2,fb-32,安南重劃首選【遠雄藏萃】全新落成，珍稀戶別釋出！,/buildings/dh5/,1,1,1,1,55
google / cpc,gdn-01,安南重劃首選【遠雄藏萃】全新落成，珍稀戶別釋出！,/buildings/dh5/,1,1,1,1,19
google / cpc,gdn5-7,安南重劃首選【遠雄藏萃】全新落成，珍稀戶別釋出！,/buildings/dh5/,1,1,1,1,3
socialmedia / fgr,ig,安南重劃首選【遠雄藏萃】全新落成，珍稀戶別釋出！,/buildings/dh5/,1,1,1,1,13
line-lap / bh7,lap-1,安南重劃首選【遠雄藏萃】全新落成，珍稀戶別釋出！,/buildings/dh5/,1,1,1,1,104
fb / bh5,leads,安南重劃首選【遠雄藏萃】全新落成，珍稀戶別釋出！,/buildings/dh5/,1,1,1,1,38
line / bh5,line46,安南重劃首選【遠雄藏萃】全新落成，珍稀戶別釋出！,/buildings/dh5/,1,1,1,1,1702
fgr-line / eh2,listbutton,安南重劃首選【遠雄藏萃】全新落成，珍稀戶別釋出！,/buildings/dh5/,1,1,1,1,10
google / cpc,pmax-1-anothercity,安南重劃首選【遠雄藏萃】全新落成，珍稀戶別釋出！,/buildings/dh5/,1,1,2,2,235
web-udn / bh10,webudn0919,安南重劃首選【遠雄藏萃】全新落成，珍稀戶別釋出！,/buildings/dh5/,1,1,1,1,41
fb / bh11,8-2,安南重劃首選【遠雄藏萃】成屋在即，珍稀戶別最後釋出！,/buildings/dh5/,1,1,1,1,2
fb / eh2,8-6,安南重劃首選【遠雄藏萃】成屋在即，珍稀戶別最後釋出！,/buildings/dh5/,1,1,2,2,42
(direct) / (none),(direct),遠雄藏萃-台南市安南區預售屋-預約賞屋，遠雄房地產,/buildings/dh5/,1,1,3,3,21
statics.teams.cdn.office.net / referral,(referral),遠雄藏萃-台南市安南區預售屋-預約賞屋，遠雄房地產,/buildings/dh5/,1,1,1,1,0
fb / bh11,8-2,遠雄藏萃-台南市安南區預售屋-預約賞屋，遠雄房地產,/buildings/dh5/,1,1,5,5,43
google / cpc,area,Aanbevolen project in Kaohsiung: Farglory Peak Residences - vlakbij het Nationaal Museum voor Wetenschap en Technologie. Woningen in Kaohsiung die nog te koop staan.,/buildings/eh1/,1,1,0,0,24
google / cpc,area,Recommended Kaohsiung Project: Farglory Peak Residences - Near the National Science and Technology Museum. Pre-sale Homes in Kaohsiung,/buildings/eh1/,1,1,0,0,28
yahoo / organic,(organic),高雄建案推薦【遠雄峰蘊】- 近科工館．高雄預售屋,/buildings/eh1/,1,1,0,0,97
m.facebook.com / referral,(referral),高雄建案推薦【遠雄峰蘊】- 近科工館．高雄預售屋,/buildings/eh1/,1,1,1,1,21
statics.teams.cdn.office.net / referral,(referral),高雄建案推薦【遠雄峰蘊】- 近科工館．高雄預售屋,/buildings/eh1/,1,1,1,1,6
web.mplusapp.com / referral,(referral),高雄建案推薦【遠雄峰蘊】- 近科工館．高雄預售屋,/buildings/eh1/,1,1,1,1,209
line-lap / eh1,20230901_s,高雄建案推薦【遠雄峰蘊】- 近科工館．高雄預售屋,/buildings/eh1/,1,1,1,1,0
google / cpc,20230901a,高雄建案推薦【遠雄峰蘊】- 近科工館．高雄預售屋,/buildings/eh1/,1,1,1,1,0
web-udn / eh1,20241108_brand,高雄建案推薦【遠雄峰蘊】- 近科工館．高雄預售屋,/buildings/eh1/,1,1,1,1,25
google / cpc,20250829,高雄建案推薦【遠雄峰蘊】- 近科工館．高雄預售屋,/buildings/eh1/,1,1,1,1,9
google / cpc,20250901,高雄建案推薦【遠雄峰蘊】- 近科工館．高雄預售屋,/buildings/eh1/,1,1,2,2,18
fb / bh5,42,高雄建案推薦【遠雄峰蘊】- 近科工館．高雄預售屋,/buildings/eh1/,1,1,1,1,15
fb / eh1,5-5,高雄建案推薦【遠雄峰蘊】- 近科工館．高雄預售屋,/buildings/eh1/,1,1,1,1,0
google / cpc,6趴輕鬆付,高雄建案推薦【遠雄峰蘊】- 近科工館．高雄預售屋,/buildings/eh1/,1,1,1,1,3
fb / bh11,8-2,高雄建案推薦【遠雄峰蘊】- 近科工館．高雄預售屋,/buildings/eh1/,1,1,1,1,2
fb / eh1,8-2,高雄建案推薦【遠雄峰蘊】- 近科工館．高雄預售屋,/buildings/eh1/,1,1,1,1,56
fb / eh1,9-1,高雄建案推薦【遠雄峰蘊】- 近科工館．高雄預售屋,/buildings/eh1/,1,1,1,1,7
fb / eh2,9-1,高雄建案推薦【遠雄峰蘊】- 近科工館．高雄預售屋,/buildings/eh1/,1,1,2,2,133
fb / eh2,9-4,高雄建案推薦【遠雄峰蘊】- 近科工館．高雄預售屋,/buildings/eh1/,1,1,1,1,2
google / cpc,O1_競品字_2025.0801,高雄建案推薦【遠雄峰蘊】- 近科工館．高雄預售屋,/buildings/eh1/,1,1,1,1,6
fb / eh1,SKM_2-1,高雄建案推薦【遠雄峰蘊】- 近科工館．高雄預售屋,/buildings/eh1/,1,1,1,1,0
google-map / organic,eh1,高雄建案推薦【遠雄峰蘊】- 近科工館．高雄預售屋,/buildings/eh1/,1,1,2,2,46
web-ettoday / eh1,ep3_Xiao,高雄建案推薦【遠雄峰蘊】- 近科工館．高雄預售屋,/buildings/eh1/,1,1,1,1,28
fb / dh2,fb-32,高雄建案推薦【遠雄峰蘊】- 近科工館．高雄預售屋,/buildings/eh1/,1,1,1,1,54
fb / eh5,fb12-3,高雄建案推薦【遠雄峰蘊】- 近科工館．高雄預售屋,/buildings/eh1/,1,1,1,1,44
fb / bh8,fb19-1,高雄建案推薦【遠雄峰蘊】- 近科工館．高雄預售屋,/buildings/eh1/,1,1,1,1,51
fb / eh5,fb28-2,高雄建案推薦【遠雄峰蘊】- 近科工館．高雄預售屋,/buildings/eh1/,1,1,1,1,8
fb / eh5,form,高雄建案推薦【遠雄峰蘊】- 近科工館．高雄預售屋,/buildings/eh1/,1,1,1,1,181
fg / eh2,googlemap,高雄建案推薦【遠雄峰蘊】- 近科工館．高雄預售屋,/buildings/eh1/,1,1,1,1,46
google-map / referral,h902,高雄建案推薦【遠雄峰蘊】- 近科工館．高雄預售屋,/buildings/eh1/,1,1,1,1,5
fb / bh5,leads,高雄建案推薦【遠雄峰蘊】- 近科工館．高雄預售屋,/buildings/eh1/,1,1,1,1,133
fb / eh1,privacy,高雄建案推薦【遠雄峰蘊】- 近科工館．高雄預售屋,/buildings/eh1/,1,1,5,5,1
gdn / eh1,yt_ettoday_nature,高雄建案推薦【遠雄峰蘊】- 近科工館．高雄預售屋,/buildings/eh1/,1,1,1,1,0
google / cpc,yt_ettoday_nature,高雄建案推薦【遠雄峰蘊】- 近科工館．高雄預售屋,/buildings/eh1/,1,1,1,1,0
gdn / eh1,峰蘊web,高雄建案推薦【遠雄峰蘊】- 近科工館．高雄預售屋,/buildings/eh1/,1,1,1,1,0
google / cpc,峰蘊web,高雄建案推薦【遠雄峰蘊】- 近科工館．高雄預售屋,/buildings/eh1/,1,1,2,2,13
google / organic,(organic),(1) 封未讀訊息 | 遠雄一靚｜楠梓新案．高大特區首發｜早鳥預約中,/buildings/eh2/,1,1,0,0,45
(not set),20250725三輪播,(1) 封未讀訊息 | 遠雄一靚｜楠梓新案．高大特區首發｜早鳥預約中,/buildings/eh2/,1,1,0,0,42
(not set),20250905五輪播,(1) 封未讀訊息 | 遠雄一靚｜楠梓新案．高大特區首發｜早鳥預約中,/buildings/eh2/,1,1,0,0,11
fb / eh2,9-1,(1) 封未讀訊息 | 遠雄一靚｜楠梓新案．高大特區首發｜早鳥預約中,/buildings/eh2/,1,1,0,0,115
(not set),20250905五輪播,(2) 封未讀訊息 | 遠雄一靚｜楠梓新案．高大特區首發｜早鳥預約中,/buildings/eh2/,1,1,0,0,14
(data not available),(cross-network),Desain Baru Farglory di Nanzi. Peluncuran Perdana di Zona Khusus Gaoda | Reservasi Early Bird Tersedia,/buildings/eh2/,1,1,0,0,10
google / cpc,20250901,Dự án mới của Farglory Cao Hùng | Dự án mới của Nanzi. Ra mắt lần đầu tại Khu đặc biệt Cao Hùng | Đặt chỗ sớm,/buildings/eh2/,1,1,0,0,6
googlemap / o1,googlemap,Farglory's New Design in Nanzi. First Launch in Gaoda Special Zone | Early Bird Reservations Available,/buildings/eh2/,1,1,0,0,24
google / cpc,20250901,Fargloryの新デザインが楠梓に登場。高大特区で初登場。早期予約受付中。,/buildings/eh2/,1,1,0,0,12
google / cpc,20250901,Thiết kế mới của Farglory tại Nanzi. Ra mắt lần đầu tại Khu đặc biệt Gaoda | Đặt chỗ sớm,/buildings/eh2/,1,1,0,0,41
google / cpc,(organic),远雄一靓｜楠梓新案．高大特区首发｜早鸟预约中,/buildings/eh2/,1,1,1,1,20
(not set),20250905五輪播,远雄一靓｜楠梓新案．高大特区首发｜早鸟预约中,/buildings/eh2/,1,1,0,0,1
google / cpc,20250803,远雄高雄新案｜楠梓新案．高大特区首发｜早鸟预约中,/buildings/eh2/,1,1,0,0,4
perplexity / (not set),(not set),遠雄一靚｜楠梓新案．高大特區首發｜早鳥預約中,/buildings/eh2/,1,1,1,1,0
yahoo / organic,(organic),遠雄一靚｜楠梓新案．高大特區首發｜早鳥預約中,/buildings/eh2/,1,1,1,1,230
104.com.tw / referral,(referral),遠雄一靚｜楠梓新案．高大特區首發｜早鳥預約中,/buildings/eh2/,1,1,1,1,15
console-v2.omnichat.ai / referral,(referral),遠雄一靚｜楠梓新案．高大特區首發｜早鳥預約中,/buildings/eh2/,1,1,1,1,0
farglory.surveycake.com / referral,(referral),遠雄一靚｜楠梓新案．高大特區首發｜早鳥預約中,/buildings/eh2/,1,1,1,1,15
news.google.com / referral,(referral),遠雄一靚｜楠梓新案．高大特區首發｜早鳥預約中,/buildings/eh2/,1,1,1,1,16
tagassistant.google.com / referral,(referral),遠雄一靚｜楠梓新案．高大特區首發｜早鳥預約中,/buildings/eh2/,1,1,0,0,0
google / cpc,0829,遠雄一靚｜楠梓新案．高大特區首發｜早鳥預約中,/buildings/eh2/,1,1,1,1,14
fb / h707,1,遠雄一靚｜楠梓新案．高大特區首發｜早鳥預約中,/buildings/eh2/,1,1,1,1,90
google_kw / BH8,20240816_品牌字,遠雄一靚｜楠梓新案．高大特區首發｜早鳥預約中,/buildings/eh2/,1,1,2,2,87
(not set),20250711一輪播,遠雄一靚｜楠梓新案．高大特區首發｜早鳥預約中,/buildings/eh2/,1,1,1,1,1
gdn / ar1,20250718,遠雄一靚｜楠梓新案．高大特區首發｜早鳥預約中,/buildings/eh2/,1,1,1,1,1
(not set),20250725一輪播,遠雄一靚｜楠梓新案．高大特區首發｜早鳥預約中,/buildings/eh2/,1,1,1,1,16
(not set),20250725三輪播,遠雄一靚｜楠梓新案．高大特區首發｜早鳥預約中,/buildings/eh2/,1,1,1,1,0
line-fgr / eh2,20250826,遠雄一靚｜楠梓新案．高大特區首發｜早鳥預約中,/buildings/eh2/,1,1,1,1,4
line-fgr / dh5,20250910,遠雄一靚｜楠梓新案．高大特區首發｜早鳥預約中,/buildings/eh2/,1,1,2,2,13
web-ettoday / ah2,20250911-57P,遠雄一靚｜楠梓新案．高大特區首發｜早鳥預約中,/buildings/eh2/,1,1,2,2,118
fb / eh1,7-1,遠雄一靚｜楠梓新案．高大特區首發｜早鳥預約中,/buildings/eh2/,1,1,1,1,17
fb / bh11,8-3,遠雄一靚｜楠梓新案．高大特區首發｜早鳥預約中,/buildings/eh2/,1,1,1,1,1
google / cpc,CQH1-品牌字,遠雄一靚｜楠梓新案．高大特區首發｜早鳥預約中,/buildings/eh2/,1,1,1,1,29
google / cpc,O1_競品字_2025.0801,遠雄一靚｜楠梓新案．高大特區首發｜早鳥預約中,/buildings/eh2/,1,1,1,1,55
google / cpc,Otherarea0829,遠雄一靚｜楠梓新案．高大特區首發｜早鳥預約中,/buildings/eh2/,1,1,1,1,1
web-sms / cdp,cdpcid,遠雄一靚｜楠梓新案．高大特區首發｜早鳥預約中,/buildings/eh2/,1,1,1,1,41
fb / dh2,fb-31,遠雄一靚｜楠梓新案．高大特區首發｜早鳥預約中,/buildings/eh2/,1,1,1,1,24
fb / bh8,fb16-2,遠雄一靚｜楠梓新案．高大特區首發｜早鳥預約中,/buildings/eh2/,1,1,1,1,41
fb / fm3,fb4-1,遠雄一靚｜楠梓新案．高大特區首發｜早鳥預約中,/buildings/eh2/,1,1,1,1,8
fb / eh5,form,遠雄一靚｜楠梓新案．高大特區首發｜早鳥預約中,/buildings/eh2/,1,1,1,1,8
google / cpc,gdn5-7,遠雄一靚｜楠梓新案．高大特區首發｜早鳥預約中,/buildings/eh2/,1,1,1,1,2
googlemap / o1,googlemap,遠雄一靚｜楠梓新案．高大特區首發｜早鳥預約中,/buildings/eh2/,1,1,1,1,0
google / cpc,information1,遠雄一靚｜楠梓新案．高大特區首發｜早鳥預約中,/buildings/eh2/,1,1,1,1,27
google / cpc,information3,遠雄一靚｜楠梓新案．高大特區首發｜早鳥預約中,/buildings/eh2/,1,1,1,1,43
fb / 8fsl01,leads,遠雄一靚｜楠梓新案．高大特區首發｜早鳥預約中,/buildings/eh2/,1,1,1,1,8
fb / bh8,leads,遠雄一靚｜楠梓新案．高大特區首發｜早鳥預約中,/buildings/eh2/,1,1,1,1,0
google / cpc,pmax-1-anothercity,遠雄一靚｜楠梓新案．高大特區首發｜早鳥預約中,/buildings/eh2/,1,1,1,1,11
fgr-line / fgr,tax_mitigation_housetax_20220902,遠雄一靚｜楠梓新案．高大特區首發｜早鳥預約中,/buildings/eh2/,1,1,1,1,0
google / cpc,北大店-品牌字,遠雄一靚｜楠梓新案．高大特區首發｜早鳥預約中,/buildings/eh2/,1,1,1,1,28
EDM / referral,滿意度問券,遠雄一靚｜楠梓新案．高大特區首發｜早鳥預約中,/buildings/eh2/,1,1,2,2,142
chatgpt.com / (not set),(not set),遠雄高雄新案｜楠梓新案．高大特區首發｜早鳥預約中,/buildings/eh2/,1,1,1,1,0
app.omnichat.ai / referral,(referral),遠雄高雄新案｜楠梓新案．高大特區首發｜早鳥預約中,/buildings/eh2/,1,1,1,1,10
statics.teams.cdn.office.net / referral,(referral),遠雄高雄新案｜楠梓新案．高大特區首發｜早鳥預約中,/buildings/eh2/,1,1,1,1,0
tw.search.yahoo.com / referral,(referral),遠雄高雄新案｜楠梓新案．高大特區首發｜早鳥預約中,/buildings/eh2/,1,1,1,1,83
(not set),20250725一輪播,遠雄高雄新案｜楠梓新案．高大特區首發｜早鳥預約中,/buildings/eh2/,1,1,1,1,144
(not set),20250801一輪播,遠雄高雄新案｜楠梓新案．高大特區首發｜早鳥預約中,/buildings/eh2/,1,1,1,1,0
fb / eh1,6-3,遠雄高雄新案｜楠梓新案．高大特區首發｜早鳥預約中,/buildings/eh2/,1,1,1,1,34
fb / bh11,8-1,遠雄高雄新案｜楠梓新案．高大特區首發｜早鳥預約中,/buildings/eh2/,1,1,1,1,0
fb / bh11,8-2,遠雄高雄新案｜楠梓新案．高大特區首發｜早鳥預約中,/buildings/eh2/,1,1,1,1,1
fb / eh1,eh1fb,遠雄高雄新案｜楠梓新案．高大特區首發｜早鳥預約中,/buildings/eh2/,1,1,3,3,147
fgr-line / fgr,expert_hoshichang_video_property_price_20250801,遠雄高雄新案｜楠梓新案．高大特區首發｜早鳥預約中,/buildings/eh2/,1,1,1,1,57
fb / bh11,fanpagebutton,遠雄高雄新案｜楠梓新案．高大特區首發｜早鳥預約中,/buildings/eh2/,1,1,1,1,24
socialmedia / bh11,fbbh11info,遠雄高雄新案｜楠梓新案．高大特區首發｜早鳥預約中,/buildings/eh2/,1,1,1,1,13
socialmedia / fgr,ig,遠雄高雄新案｜楠梓新案．高大特區首發｜早鳥預約中,/buildings/eh2/,1,1,1,1,30
line-lap / bh10,line-lap20256-8,遠雄高雄新案｜楠梓新案．高大特區首發｜早鳥預約中,/buildings/eh2/,1,1,1,1,23
fgr-line / bh11,listbutton,遠雄高雄新案｜楠梓新案．高大特區首發｜早鳥預約中,/buildings/eh2/,1,1,1,1,1
fgr-line / eh2,listbutton,遠雄高雄新案｜楠梓新案．高大特區首發｜早鳥預約中,/buildings/eh2/,1,1,2,2,0
google / cpc,type,遠雄高雄新案｜楠梓新案．高大特區首發｜早鳥預約中,/buildings/eh2/,1,1,1,1,13
google / cpc,(not set),遠雄高雄新案｜楠梓新案．高大特區首發｜早鳥預約中,/buildings/eh2//,1,1,1,1,0
google / organic,(organic),找不到頁面 - 遠雄房地產,/buildings/eh3/,1,1,1,1,0
google / cpc,20220411,找不到頁面 - 遠雄房地產,/buildings/eh3/,1,1,1,1,0
gdn / eh3,20221017,找不到頁面 - 遠雄房地產,/buildings/eh3/,1,1,1,1,14
web-ettoday / eh3,20230221,找不到頁面 - 遠雄房地產,/buildings/eh3/,1,1,2,2,8
google_kw / eh3,220608,找不到頁面 - 遠雄房地產,/buildings/eh3/,1,1,1,1,0
google / cpc,brand,找不到頁面 - 遠雄房地產,/buildings/eh3/,1,1,1,1,6
google / cpc,area,"Farglory Muyun - Pre-sale house/new construction in Sanmin District, Kaohsiung City - Make an appointment to view the house",/buildings/eh5/,1,1,0,0,16
google / cpc,(not set),遠雄沐蘊-高雄市三民區預售屋/新建案-預約賞屋,/buildings/eh5/,1,1,1,1,1
bing / organic,(organic),遠雄沐蘊-高雄市三民區預售屋/新建案-預約賞屋,/buildings/eh5/,1,1,1,1,18
google_kw / dh2,(organic),遠雄沐蘊-高雄市三民區預售屋/新建案-預約賞屋,/buildings/eh5/,1,1,1,1,23
console-v2.omnichat.ai / referral,(referral),遠雄沐蘊-高雄市三民區預售屋/新建案-預約賞屋,/buildings/eh5/,1,1,1,1,0
lm.facebook.com / referral,(referral),遠雄沐蘊-高雄市三民區預售屋/新建案-預約賞屋,/buildings/eh5/,1,1,1,1,4
mkto-sn070013.com / referral,(referral),遠雄沐蘊-高雄市三民區預售屋/新建案-預約賞屋,/buildings/eh5/,1,1,2,2,95
tagassistant.google.com / referral,(referral),遠雄沐蘊-高雄市三民區預售屋/新建案-預約賞屋,/buildings/eh5/,1,1,1,1,4
fb / eh1,2-4,遠雄沐蘊-高雄市三民區預售屋/新建案-預約賞屋,/buildings/eh5/,1,1,1,1,245
fb / eh1,2-5,遠雄沐蘊-高雄市三民區預售屋/新建案-預約賞屋,/buildings/eh5/,1,1,1,1,30
fb / eh5,20250207-1,遠雄沐蘊-高雄市三民區預售屋/新建案-預約賞屋,/buildings/eh5/,1,1,1,1,38
web-ettoday / eh5,20250320,遠雄沐蘊-高雄市三民區預售屋/新建案-預約賞屋,/buildings/eh5/,1,1,1,1,0
(not set),20250613一輪播,遠雄沐蘊-高雄市三民區預售屋/新建案-預約賞屋,/buildings/eh5/,1,1,2,2,115
google / cpc,20250616_品牌字,遠雄沐蘊-高雄市三民區預售屋/新建案-預約賞屋,/buildings/eh5/,1,1,1,1,15
(not set),20250725二輪播,遠雄沐蘊-高雄市三民區預售屋/新建案-預約賞屋,/buildings/eh5/,1,1,2,2,77
fb / eh1,6-3,遠雄沐蘊-高雄市三民區預售屋/新建案-預約賞屋,/buildings/eh5/,1,1,1,1,61
fb / eh1,7-1,遠雄沐蘊-高雄市三民區預售屋/新建案-預約賞屋,/buildings/eh5/,1,1,1,1,0
fb / eh1,8-1,遠雄沐蘊-高雄市三民區預售屋/新建案-預約賞屋,/buildings/eh5/,1,1,1,1,7
fb / eh5,DaVincifarglory,遠雄沐蘊-高雄市三民區預售屋/新建案-預約賞屋,/buildings/eh5/,1,1,1,1,3
google / cpc,O1_競品字_2025.0801,遠雄沐蘊-高雄市三民區預售屋/新建案-預約賞屋,/buildings/eh5/,1,1,1,1,6
google / cpc,beitun,遠雄沐蘊-高雄市三民區預售屋/新建案-預約賞屋,/buildings/eh5/,1,1,1,1,13
fb / eh5,fb18,遠雄沐蘊-高雄市三民區預售屋/新建案-預約賞屋,/buildings/eh5/,1,1,1,1,2
fb / eh5,fb25,遠雄沐蘊-高雄市三民區預售屋/新建案-預約賞屋,/buildings/eh5/,1,1,1,1,48
fb / fm3,fb4-1,遠雄沐蘊-高雄市三民區預售屋/新建案-預約賞屋,/buildings/eh5/,1,1,3,3,28
fgr-line / fg,floor_height/,遠雄沐蘊-高雄市三民區預售屋/新建案-預約賞屋,/buildings/eh5/,1,1,1,1,19
fb / eh1,formbutton,遠雄沐蘊-高雄市三民區預售屋/新建案-預約賞屋,/buildings/eh5/,1,1,1,1,40
google-map / referral,h902,遠雄沐蘊-高雄市三民區預售屋/新建案-預約賞屋,/buildings/eh5/,1,1,1,1,2
socialmedia / fgr,ig,遠雄沐蘊-高雄市三民區預售屋/新建案-預約賞屋,/buildings/eh5/,1,1,1,1,65
google / cpc,information2,遠雄沐蘊-高雄市三民區預售屋/新建案-預約賞屋,/buildings/eh5/,1,1,1,1,18
fb / bh5,leads,遠雄沐蘊-高雄市三民區預售屋/新建案-預約賞屋,/buildings/eh5/,1,1,2,2,422
google / cpc,othercities_brand,遠雄沐蘊-高雄市三民區預售屋/新建案-預約賞屋,/buildings/eh5/,1,1,1,1,21
google / cpc,pmax-1-anothercity,遠雄沐蘊-高雄市三民區預售屋/新建案-預約賞屋,/buildings/eh5/,1,1,2,2,39
fb / eh5,privacy,遠雄沐蘊-高雄市三民區預售屋/新建案-預約賞屋,/buildings/eh5/,1,1,1,1,29
google_kw / eh5,廣告活動,遠雄沐蘊-高雄市三民區預售屋/新建案-預約賞屋,/buildings/eh5/,1,1,1,1,25
google / organic,(organic),找不到頁面 - 遠雄房地產,/buildings/ej03xu3m06,1,1,2,2,4
(direct) / (none),(direct),找不到頁面 - 遠雄房地產,/buildings/fh1/,1,1,1,1,0
(not set),20250808一輪播,找不到頁面 - 遠雄房地產,/buildings/fh2/,1,1,1,1,0
(direct) / (none),(direct),找不到頁面 - 遠雄房地產,/buildings/fm1/,1,1,1,1,0
line-lap / fm1,202307-1,找不到頁面 - 遠雄房地產,/buildings/fm1/,1,1,1,1,0
gdn / fm1,202312-2,找不到頁面 - 遠雄房地產,/buildings/fm1/,1,1,1,1,0
yahoo_native / fm1,202312-2,找不到頁面 - 遠雄房地產,/buildings/fm1/,1,1,1,1,0
gdn / fm1,202312-3,找不到頁面 - 遠雄房地產,/buildings/fm1/,1,1,1,1,28
gdn / fm1,202312-6,找不到頁面 - 遠雄房地產,/buildings/fm1/,1,1,1,1,14
gdn / fm1,202402-3,找不到頁面 - 遠雄房地產,/buildings/fm1/,1,1,1,1,0
gdn / fm1,220711,找不到頁面 - 遠雄房地產,/buildings/fm1/,1,1,1,1,14
google / cpc,220727,找不到頁面 - 遠雄房地產,/buildings/fm1/,1,1,1,1,0
google / cpc,factoryoffice,找不到頁面 - 遠雄房地產,/buildings/fm1/,1,1,1,1,0
google / cpc,gdnred,找不到頁面 - 遠雄房地產,/buildings/fm1/,1,1,1,1,0
(direct) / (none),(direct),找不到頁面 - 遠雄房地產,/buildings/fm2/,1,1,1,1,4
google / cpc,20250718,(1) 封未讀訊息 | 遠雄信義CENTER-新北市板橋區廠辦.商辦/預售新建案-預約賞屋,/buildings/fm3/,1,1,1,1,2
google / cpc,brand,(1) 封未讀訊息 | 遠雄信義CENTER-新北市板橋區廠辦.商辦/預售新建案-預約賞屋,/buildings/fm3/,1,1,1,1,0
(not set),20250905五輪播,"Farglory Xinyi Center - Distrik Banqiao Kota Taipei Baru, kantor pabrik, kantor komersial/proyek konstruksi baru pra-penjualan - buat janji untuk melihat rumah",/buildings/fm3/,1,1,0,0,0
google / cpc,Com,"Farglory Xinyi Center - New Taipei City Banqiao District, factory office, commercial office/pre-sale new construction project - make an appointment to view the house",/buildings/fm3/,1,1,0,0,7
google / cpc,needs,"Farglory Xinyi Center - New Taipei City Banqiao District, factory office, commercial office/pre-sale new construction project - make an appointment to view the house",/buildings/fm3/,1,1,0,0,2
(data not available),(cross-network),Farglory Xinyi Center - เขต Banqiao เมือง New Taipei City สำนักงานโรงงาน สำนักงานพาณิชย์/โครงการก่อสร้างใหม่ก่อนการขาย - นัดหมายเพื่อเข้าชมบ้าน,/buildings/fm3/,1,1,0,0,3
(not set),20250919一輪播,Farglory Xinyi Center - เขต Banqiao เมือง New Taipei City สำนักงานโรงงาน สำนักงานพาณิชย์/โครงการก่อสร้างใหม่ก่อนการขาย - นัดหมายเพื่อเข้าชมบ้าน,/buildings/fm3/,1,1,0,0,0
gdn / (not set),(not set),遠雄信義CENTER-新北市板橋區廠辦.商辦/預售新建案-預約賞屋,/buildings/fm3/,1,1,1,1,0
yahoo / organic,(organic),遠雄信義CENTER-新北市板橋區廠辦.商辦/預售新建案-預約賞屋,/buildings/fm3/,1,1,2,2,5
chatgpt.com / referral,(referral),遠雄信義CENTER-新北市板橋區廠辦.商辦/預售新建案-預約賞屋,/buildings/fm3/,1,1,1,1,38
l.instagram.com / referral,(referral),遠雄信義CENTER-新北市板橋區廠辦.商辦/預售新建案-預約賞屋,/buildings/fm3/,1,1,1,1,0
fb / fm3,1-1,遠雄信義CENTER-新北市板橋區廠辦.商辦/預售新建案-預約賞屋,/buildings/fm3/,1,1,1,1,3
fb / fm3,1-2,遠雄信義CENTER-新北市板橋區廠辦.商辦/預售新建案-預約賞屋,/buildings/fm3/,1,1,1,1,2
fb / fm3,1-3,遠雄信義CENTER-新北市板橋區廠辦.商辦/預售新建案-預約賞屋,/buildings/fm3/,1,1,1,1,7
fb / paid,120222246228310066,遠雄信義CENTER-新北市板橋區廠辦.商辦/預售新建案-預約賞屋,/buildings/fm3/,1,1,1,1,1
google / cpc,20250616_台北豪宅/別墅,遠雄信義CENTER-新北市板橋區廠辦.商辦/預售新建案-預約賞屋,/buildings/fm3/,1,1,2,2,73
(not set),20250711一輪播,遠雄信義CENTER-新北市板橋區廠辦.商辦/預售新建案-預約賞屋,/buildings/fm3/,1,1,1,1,0
gdn / ar1,20250718,遠雄信義CENTER-新北市板橋區廠辦.商辦/預售新建案-預約賞屋,/buildings/fm3/,1,1,2,2,2
(not set),20250725二輪播,遠雄信義CENTER-新北市板橋區廠辦.商辦/預售新建案-預約賞屋,/buildings/fm3/,1,1,1,1,15
gdn / bh11,20250829,遠雄信義CENTER-新北市板橋區廠辦.商辦/預售新建案-預約賞屋,/buildings/fm3/,1,1,2,2,50
(direct) / (none),20250919一輪播,遠雄信義CENTER-新北市板橋區廠辦.商辦/預售新建案-預約賞屋,/buildings/fm3/,1,1,1,1,0
fb / eh2,8-6,遠雄信義CENTER-新北市板橋區廠辦.商辦/預售新建案-預約賞屋,/buildings/fm3/,1,1,1,1,81
sms / aep-cdp,aep-306,遠雄信義CENTER-新北市板橋區廠辦.商辦/預售新建案-預約賞屋,/buildings/fm3/,1,1,1,1,5
google_kw / o1,buyhourse,遠雄信義CENTER-新北市板橋區廠辦.商辦/預售新建案-預約賞屋,/buildings/fm3/,1,1,1,1,35
fb / fm3,fb2-1,遠雄信義CENTER-新北市板橋區廠辦.商辦/預售新建案-預約賞屋,/buildings/fm3/,1,1,1,1,0
leju / h707,lejupage,遠雄信義CENTER-新北市板橋區廠辦.商辦/預售新建案-預約賞屋,/buildings/fm3/,1,1,1,1,0
google / cpc,pmax-1-anothercity,遠雄信義CENTER-新北市板橋區廠辦.商辦/預售新建案-預約賞屋,/buildings/fm3/,1,1,1,1,1
google / cpc,北大店-買房字,遠雄信義CENTER-新北市板橋區廠辦.商辦/預售新建案-預約賞屋,/buildings/fm3/,1,1,2,2,18
google / cpc,(not set),遠雄信義CENTER-新北市板橋區廠辦.商辦/預售新建案-預約賞屋,/buildings/fm3//,1,1,1,1,0
(direct) / (none),(direct),找不到頁面 - 遠雄房地產,/buildings/fm5/,1,1,1,1,1
appledaily_ad / appledaily_ad,h101b,找不到頁面 - 遠雄房地產,/buildings/h101b/,1,1,1,1,0
gdn / dx,h102,找不到頁面 - 遠雄房地產,/buildings/h102,1,1,1,1,14
google_kw / h152,龜山字,找不到頁面 - 遠雄房地產,/buildings/h152,1,1,1,1,8
onead / h152,20210910,找不到頁面 - 遠雄房地產,/buildings/h152/,1,1,1,1,0
fb / h707,1,(1) 封未讀訊息 | 遠雄星呈-台中市清水區預售屋/新建案-預約賞屋，遠雄房地產,/buildings/h707/,1,1,0,0,54
pmp / (not set),6,(1) 封未讀訊息 | 遠雄星呈-台中市清水區預售屋/新建案-預約賞屋，遠雄房地產,/buildings/h707/,1,1,0,0,8
fb / bh8,fb18-1,(1) 封未讀訊息 | 遠雄星呈-台中市清水區預售屋/新建案-預約賞屋，遠雄房地產,/buildings/h707/,1,1,0,0,37
chatgpt.com / referral,(referral),"Farglory Star - Nhà bán trước/Nhà mới xây tại Quận Thanh Thủy, Thành phố Đài Trung - Đặt lịch hẹn xem nhà, Bất động sản Farglory",/buildings/h707/,1,1,0,0,28
pmp / (not set),6,"Farglory Star - Taichung City Qingshui District Forhåndssalg av bolig/nybygg - Bestill time for visning av boligen, Farglory Real Estate",/buildings/h707/,1,1,0,0,298
(direct) / (none),(direct),"Farglory Star - Taichung City Qingshui District Pre-sale House/New Construction - Make an Appointment to View the House, Farglory Real Estate",/buildings/h707/,1,1,0,0,30
(not set),(not set),"Farglory Star - Taichung City Qingshui District Pre-sale House/New Construction - Make an Appointment to View the House, Farglory Real Estate",/buildings/h707/,1,1,0,0,18
google / cpc,H707video_c,"Farglory Star - Taichung City Qingshui District Pre-sale House/New Construction - Make an Appointment to View the House, Farglory Real Estate",/buildings/h707/,1,1,1,1,0
pmp / (not set),6,Farglory Star - บ้านสำหรับขายล่วงหน้า/สร้างใหม่ในเขตชิงสุ่ย เมืองไถจง - นัดหมายเพื่อเข้าชมบ้าน Farglory Real Estate,/buildings/h707/,1,1,0,0,6
pmp / (not set),6,"Farglory Star Presentation - Pre-sale House/New Construction Project in Qingshui District, Taichung City - Reservation for house viewing, Farglory Real Estate",/buildings/h707/,1,1,0,0,50
google / cpc,(direct),遠雄星呈-台中市清水區預售屋/新建案-預約賞屋，遠雄房地產,/buildings/h707/,1,1,2,2,0
104.com.tw / referral,(referral),遠雄星呈-台中市清水區預售屋/新建案-預約賞屋，遠雄房地產,/buildings/h707/,1,1,1,1,873
chatgpt.com / referral,(referral),遠雄星呈-台中市清水區預售屋/新建案-預約賞屋，遠雄房地產,/buildings/h707/,1,1,1,1,0
fb / h707,(referral),遠雄星呈-台中市清水區預售屋/新建案-預約賞屋，遠雄房地產,/buildings/h707/,1,1,1,1,7
l.instagram.com / referral,(referral),遠雄星呈-台中市清水區預售屋/新建案-預約賞屋，遠雄房地產,/buildings/h707/,1,1,1,1,0
line-lap / bh5,(referral),遠雄星呈-台中市清水區預售屋/新建案-預約賞屋，遠雄房地產,/buildings/h707/,1,1,2,2,97
google / cpc,0829,遠雄星呈-台中市清水區預售屋/新建案-預約賞屋，遠雄房地產,/buildings/h707/,1,1,1,1,144
fb / h713,102,遠雄星呈-台中市清水區預售屋/新建案-預約賞屋，遠雄房地產,/buildings/h707/,1,1,1,1,50
webnews / h707,11405,遠雄星呈-台中市清水區預售屋/新建案-預約賞屋，遠雄房地產,/buildings/h707/,1,1,1,1,94
fb / bh7,2,遠雄星呈-台中市清水區預售屋/新建案-預約賞屋，遠雄房地產,/buildings/h707/,1,1,1,1,5
fb / h707,20240215,遠雄星呈-台中市清水區預售屋/新建案-預約賞屋，遠雄房地產,/buildings/h707/,1,1,1,1,25
(not set),20250613一輪播,遠雄星呈-台中市清水區預售屋/新建案-預約賞屋，遠雄房地產,/buildings/h707/,1,1,1,1,0
webnews / h707,20250918,遠雄星呈-台中市清水區預售屋/新建案-預約賞屋，遠雄房地產,/buildings/h707/,1,1,1,1,0
aDq / (not set),7,遠雄星呈-台中市清水區預售屋/新建案-預約賞屋，遠雄房地產,/buildings/h707/,1,1,1,1,0
youtube / h707,H707video_b,遠雄星呈-台中市清水區預售屋/新建案-預約賞屋，遠雄房地產,/buildings/h707/,1,1,1,1,1
web / h707,Manuel,遠雄星呈-台中市清水區預售屋/新建案-預約賞屋，遠雄房地產,/buildings/h707/,1,1,1,1,77
google / cpc,O1_品牌字_2025.0801,遠雄星呈-台中市清水區預售屋/新建案-預約賞屋，遠雄房地產,/buildings/h707/,1,1,3,3,0
google / cpc,Otherarea0829,遠雄星呈-台中市清水區預售屋/新建案-預約賞屋，遠雄房地產,/buildings/h707/,1,1,1,1,30
google / cpc,competitor0829,遠雄星呈-台中市清水區預售屋/新建案-預約賞屋，遠雄房地產,/buildings/h707/,1,1,1,1,7
fb / ah2,fb-18,遠雄星呈-台中市清水區預售屋/新建案-預約賞屋，遠雄房地產,/buildings/h707/,1,1,2,2,16
fb / dh2,fb-43,遠雄星呈-台中市清水區預售屋/新建案-預約賞屋，遠雄房地產,/buildings/h707/,1,1,1,1,6
fb / bh8,fb16-1,遠雄星呈-台中市清水區預售屋/新建案-預約賞屋，遠雄房地產,/buildings/h707/,1,1,1,1,47
fb / bh8,fb18-1,遠雄星呈-台中市清水區預售屋/新建案-預約賞屋，遠雄房地產,/buildings/h707/,1,1,1,1,0
line-lap / bh7,lap-1,遠雄星呈-台中市清水區預售屋/新建案-預約賞屋，遠雄房地產,/buildings/h707/,1,1,1,1,0
fb / bh5,leads,遠雄星呈-台中市清水區預售屋/新建案-預約賞屋，遠雄房地產,/buildings/h707/,1,1,1,1,0
fb / dh2,leads,遠雄星呈-台中市清水區預售屋/新建案-預約賞屋，遠雄房地產,/buildings/h707/,1,1,1,1,23
leju / bh9,lejupage,遠雄星呈-台中市清水區預售屋/新建案-預約賞屋，遠雄房地產,/buildings/h707/,1,1,1,1,1
leju / dh2,lejupage,遠雄星呈-台中市清水區預售屋/新建案-預約賞屋，遠雄房地產,/buildings/h707/,1,1,1,1,0
line / bh5,line46,遠雄星呈-台中市清水區預售屋/新建案-預約賞屋，遠雄房地產,/buildings/h707/,1,1,1,1,49
webforum / h707,monster,遠雄星呈-台中市清水區預售屋/新建案-預約賞屋，遠雄房地產,/buildings/h707/,1,1,1,1,0
google / cpc,pmax-1-taichung,遠雄星呈-台中市清水區預售屋/新建案-預約賞屋，遠雄房地產,/buildings/h707/,1,1,1,1,0
google / cpc,project,遠雄星呈-台中市清水區預售屋/新建案-預約賞屋，遠雄房地產,/buildings/h707/,1,1,1,1,0
google / cpc,taichung,遠雄星呈-台中市清水區預售屋/新建案-預約賞屋，遠雄房地產,/buildings/h707/,1,1,1,1,15
google / cpc,遠雄幸福成_H713_關鍵字_0516_中彰,遠雄星呈-台中市清水區預售屋/新建案-預約賞屋，遠雄房地產,/buildings/h707/,1,1,1,1,12
google / cpc,(not set),遠雄星呈-台中市清水區預售屋/新建案-預約賞屋，遠雄房地產,/buildings/h707//,1,1,1,1,0
google / cpc,遠雄幸福成_H713_關鍵字_0516_外縣市,找不到頁面 - 遠雄房地產,/buildings/h713,1,1,1,1,3
(not set),(not set),"Farglory Happiness|Upcoming Completion - Pre-sale/New Construction Project in Qingshui District, Taichung City - Reservation for house viewing, Farglory Real Estate",/buildings/h713/,1,1,0,0,61
google / cpc,遠雄幸福成_H713_關鍵字_0516_中彰,"Yuanxiong Happiness | Soon to be completed - Pre-sale/New Construction Plan in Qingshui District, Taichung City - Make an appointment to reward the house, Yuanxiong Real Estate",/buildings/h713/,1,1,0,0,29
LINE-2 / (not set),(not set),遠雄幸福成｜即將落成 - 台中市清水區預售/新建案-預約賞屋，遠雄房地產,/buildings/h713/,1,1,1,1,0
google / cpc,(not set),遠雄幸福成｜即將落成 - 台中市清水區預售/新建案-預約賞屋，遠雄房地產,/buildings/h713/,1,1,1,1,0
kw / cpc,(not set),遠雄幸福成｜即將落成 - 台中市清水區預售/新建案-預約賞屋，遠雄房地產,/buildings/h713/,1,1,1,1,116
104.com.tw / referral,(referral),遠雄幸福成｜即將落成 - 台中市清水區預售/新建案-預約賞屋，遠雄房地產,/buildings/h713/,1,1,1,1,25
cn.bing.com / referral,(referral),遠雄幸福成｜即將落成 - 台中市清水區預售/新建案-預約賞屋，遠雄房地產,/buildings/h713/,1,1,1,1,33
facebook.com / referral,(referral),遠雄幸福成｜即將落成 - 台中市清水區預售/新建案-預約賞屋，遠雄房地產,/buildings/h713/,1,1,1,1,0
kw / referral,(referral),遠雄幸福成｜即將落成 - 台中市清水區預售/新建案-預約賞屋，遠雄房地產,/buildings/h713/,1,1,1,1,88
lm.facebook.com / referral,(referral),遠雄幸福成｜即將落成 - 台中市清水區預售/新建案-預約賞屋，遠雄房地產,/buildings/h713/,1,1,1,1,16
m000476.layout.minmax.website / referral,(referral),遠雄幸福成｜即將落成 - 台中市清水區預售/新建案-預約賞屋，遠雄房地產,/buildings/h713/,1,1,1,1,0
google / cpc,0829,遠雄幸福成｜即將落成 - 台中市清水區預售/新建案-預約賞屋，遠雄房地產,/buildings/h713/,1,1,1,1,332
fb / h707,1,遠雄幸福成｜即將落成 - 台中市清水區預售/新建案-預約賞屋，遠雄房地產,/buildings/h713/,1,1,1,1,3
lbs-sms / h713,20211106,遠雄幸福成｜即將落成 - 台中市清水區預售/新建案-預約賞屋，遠雄房地產,/buildings/h713/,1,1,1,1,0
line-lap / H713,20220125,遠雄幸福成｜即將落成 - 台中市清水區預售/新建案-預約賞屋，遠雄房地產,/buildings/h713/,1,1,1,1,0
line-lap / H713,20220622,遠雄幸福成｜即將落成 - 台中市清水區預售/新建案-預約賞屋，遠雄房地產,/buildings/h713/,1,1,1,1,0
line-lap / H713,20220822,遠雄幸福成｜即將落成 - 台中市清水區預售/新建案-預約賞屋，遠雄房地產,/buildings/h713/,1,1,1,1,1
(not set),20250905一輪播,遠雄幸福成｜即將落成 - 台中市清水區預售/新建案-預約賞屋，遠雄房地產,/buildings/h713/,1,1,1,1,5
fb / bh5,20250905五輪播,遠雄幸福成｜即將落成 - 台中市清水區預售/新建案-預約賞屋，遠雄房地產,/buildings/h713/,1,1,1,1,0
google / organic,20250905五輪播,遠雄幸福成｜即將落成 - 台中市清水區預售/新建案-預約賞屋，遠雄房地產,/buildings/h713/,1,1,0,0,0
webnews / h713,20250918,遠雄幸福成｜即將落成 - 台中市清水區預售/新建案-預約賞屋，遠雄房地產,/buildings/h713/,1,1,1,1,33
fb / h707,27,遠雄幸福成｜即將落成 - 台中市清水區預售/新建案-預約賞屋，遠雄房地產,/buildings/h713/,1,1,1,1,119
fb / bh7,6,遠雄幸福成｜即將落成 - 台中市清水區預售/新建案-預約賞屋，遠雄房地產,/buildings/h713/,1,1,2,2,0
pmp / (not set),6,遠雄幸福成｜即將落成 - 台中市清水區預售/新建案-預約賞屋，遠雄房地產,/buildings/h713/,1,1,1,1,81
fb / bh11,8-2,遠雄幸福成｜即將落成 - 台中市清水區預售/新建案-預約賞屋，遠雄房地產,/buildings/h713/,1,1,1,1,79
fb / h713,83,遠雄幸福成｜即將落成 - 台中市清水區預售/新建案-預約賞屋，遠雄房地產,/buildings/h713/,1,1,1,1,3
fb / h713,88,遠雄幸福成｜即將落成 - 台中市清水區預售/新建案-預約賞屋，遠雄房地產,/buildings/h713/,1,1,1,1,0
fb / h713,97,遠雄幸福成｜即將落成 - 台中市清水區預售/新建案-預約賞屋，遠雄房地產,/buildings/h713/,1,1,1,1,0
google / cpc,O1_特色字_2025.0801,遠雄幸福成｜即將落成 - 台中市清水區預售/新建案-預約賞屋，遠雄房地產,/buildings/h713/,1,1,1,1,104
google / cpc,O1_競品字_2025.0801,遠雄幸福成｜即將落成 - 台中市清水區預售/新建案-預約賞屋，遠雄房地產,/buildings/h713/,1,1,1,1,1
google / cpc,area,遠雄幸福成｜即將落成 - 台中市清水區預售/新建案-預約賞屋，遠雄房地產,/buildings/h713/,1,1,1,1,13
google / cpc,brand0829,遠雄幸福成｜即將落成 - 台中市清水區預售/新建案-預約賞屋，遠雄房地產,/buildings/h713/,1,1,1,1,6
web-sms / cdp,cdpcid,遠雄幸福成｜即將落成 - 台中市清水區預售/新建案-預約賞屋，遠雄房地產,/buildings/h713/,1,1,1,1,6
google_kw / h707,googlemap,遠雄幸福成｜即將落成 - 台中市清水區預售/新建案-預約賞屋，遠雄房地產,/buildings/h713/,1,1,2,2,37
googlemap / o1,googlemap,遠雄幸福成｜即將落成 - 台中市清水區預售/新建案-預約賞屋，遠雄房地產,/buildings/h713/,1,1,4,4,9
web / bh6,googlemap2,遠雄幸福成｜即將落成 - 台中市清水區預售/新建案-預約賞屋，遠雄房地產,/buildings/h713/,1,1,1,1,13
google / cpc,information2,遠雄幸福成｜即將落成 - 台中市清水區預售/新建案-預約賞屋，遠雄房地產,/buildings/h713/,1,1,2,2,30
fb / eh2,leads,遠雄幸福成｜即將落成 - 台中市清水區預售/新建案-預約賞屋，遠雄房地產,/buildings/h713/,1,1,0,0,35
leju / dh2,lejupage,遠雄幸福成｜即將落成 - 台中市清水區預售/新建案-預約賞屋，遠雄房地產,/buildings/h713/,1,1,1,1,1
line-lap / bh10,line-lap20256-8,遠雄幸福成｜即將落成 - 台中市清水區預售/新建案-預約賞屋，遠雄房地產,/buildings/h713/,1,1,1,1,884
line / bh5,line46,遠雄幸福成｜即將落成 - 台中市清水區預售/新建案-預約賞屋，遠雄房地產,/buildings/h713/,1,1,1,1,0
google / cpc,othercities_taichung,遠雄幸福成｜即將落成 - 台中市清水區預售/新建案-預約賞屋，遠雄房地產,/buildings/h713/,1,1,1,1,25
google / cpc,pmax-1-anothercity,遠雄幸福成｜即將落成 - 台中市清水區預售/新建案-預約賞屋，遠雄房地產,/buildings/h713/,1,1,1,1,15
(not set),20250905五輪播,找不到頁面 - 遠雄房地產,/buildings/h713a,1,1,1,1,1
(direct) / (none),(direct),找不到頁面 - 遠雄房地產,/buildings/h807/,1,1,1,1,13
gdn / h807,20221227,找不到頁面 - 遠雄房地產,/buildings/h807/,1,1,1,1,0
line-lap / h88,(referral),找不到頁面 - 遠雄房地產,/buildings/h88/,1,1,1,1,0
webnews / h88,20241002,找不到頁面 - 遠雄房地產,/buildings/h88/,1,1,1,1,37
fb / h88,4-2,找不到頁面 - 遠雄房地產,/buildings/h88/,1,1,1,1,11
google_kw / h88,investment,找不到頁面 - 遠雄房地產,/buildings/h88/,1,1,1,1,0
google / cpc,realty-response,找不到頁面 - 遠雄房地產,/buildings/h901/,1,1,1,1,6
(direct) / (none),(direct),找不到頁面 - 遠雄房地產,/buildings/h902,1,1,1,1,1
web-ettoday / h902,20231020,找不到頁面 - 遠雄房地產,/buildings/h902,1,1,1,1,0
google / cpc,area,找不到頁面 - 遠雄房地產,/buildings/h902,1,1,1,1,1
google / cpc,brand,找不到頁面 - 遠雄房地產,/buildings/h902,1,1,1,1,0
(not set),20250808一輪播,遠雄琢蘊-高雄市三民區預售屋/新建案-預約賞屋，遠雄房地產,/buildings/h902,1,1,1,1,0
(direct) / (none),(direct),找不到頁面 - 遠雄房地產,/buildings/h902/,1,1,1,1,0
google / organic,(organic),找不到頁面 - 遠雄房地產,/buildings/h902/,1,1,1,1,7
web-ettoday / h902,20211014,找不到頁面 - 遠雄房地產,/buildings/h902/,1,1,1,1,1
web-ettoday / h902,20211119,找不到頁面 - 遠雄房地產,/buildings/h902/,1,1,1,1,3
fb / h902,20220527,找不到頁面 - 遠雄房地產,/buildings/h902/,1,1,1,1,0
web-ettoday / h902,20231020,找不到頁面 - 遠雄房地產,/buildings/h902/,1,1,1,1,2
google_kw / h902,240130,找不到頁面 - 遠雄房地產,/buildings/h902/,1,1,2,2,8
web-sms / cdp,cdpcid,找不到頁面 - 遠雄房地產,/buildings/h902/,1,1,1,1,13
fb / hch1,1F-1,找不到頁面 - 遠雄房地產,/buildings/hch1/,1,1,1,1,1
fb / hch1,fbnews,找不到頁面 - 遠雄房地產,/buildings/hch1/,1,1,1,1,7
fb / hch1,moon,找不到頁面 - 遠雄房地產,/buildings/hch1/,1,1,1,1,2
fb / hch1,webnews_20240826,找不到頁面 - 遠雄房地產,/buildings/hch1/,1,1,1,1,7
google / organic,(organic),找不到頁面 - 遠雄房地產,/buildings/hh1,1,1,1,1,0
fb / referral,(referral),找不到頁面 - 遠雄房地產,/buildings/hh1,1,1,1,1,7
(direct) / (none),(direct),找不到頁面 - 遠雄房地產,/buildings/hh2/,1,1,1,1,0
housefun / (not set),(not set),找不到頁面 - 遠雄房地產,/buildings/hh2/,1,1,1,1,10
line-lap / hh2,20240401,找不到頁面 - 遠雄房地產,/buildings/hh2/,1,1,1,1,0
line-lap / hh2,20240410,找不到頁面 - 遠雄房地產,/buildings/hh2/,1,1,1,1,0
gdn / hh2,huang-video,找不到頁面 - 遠雄房地產,/buildings/hh2/,1,1,1,1,14
(direct) / (none),(direct),找不到頁面 - 遠雄房地產,/buildings/hh3/,1,1,8,8,21
facebook.com / referral,(referral),找不到頁面 - 遠雄房地產,/buildings/hh3/,1,1,1,1,7
l.facebook.com / referral,(referral),找不到頁面 - 遠雄房地產,/buildings/hh3/,1,1,2,2,0
fb / hh3,fb-12,找不到頁面 - 遠雄房地產,/buildings/hh3/,1,1,1,1,0
fb / hh3,fb-15,找不到頁面 - 遠雄房地產,/buildings/hh3/,1,1,1,1,7
google / cpc,gdn-1,找不到頁面 - 遠雄房地產,/buildings/hh3/,1,1,1,1,4
google / cpc,gdn-2,找不到頁面 - 遠雄房地產,/buildings/hh3/,1,1,1,1,0
gdn / hh3,gdn-5,找不到頁面 - 遠雄房地產,/buildings/hh3/,1,1,1,1,9
line-lap / hh3,lap-3,找不到頁面 - 遠雄房地產,/buildings/hh3/,1,1,1,1,8
youtube / hh4,yt-10x10,找不到頁面 - 遠雄房地產,/buildings/hh3/,1,1,2,2,1
google / cpc,brand,找不到頁面 - 遠雄房地產,/buildings/hih1/,1,1,1,1,5
fb / him1,fb3-3,找不到頁面 - 遠雄房地產,/buildings/him1,1,1,1,1,0
(direct) / (none),(direct),找不到頁面 - 遠雄房地產,/buildings/him1/,1,1,1,1,4
facebook.com / referral,(referral),找不到頁面 - 遠雄房地產,/buildings/him1/,1,1,1,1,7
print / him1,DM,找不到頁面 - 遠雄房地產,/buildings/him1/,1,1,1,1,0
gdn / him1,gdnjuly,找不到頁面 - 遠雄房地產,/buildings/him1/,1,1,1,1,7
(direct) / (none),(direct),找不到頁面 - 遠雄房地產,/buildings/hlh1/,1,1,1,1,0
line-lap / hlh1,3-3,找不到頁面 - 遠雄房地產,/buildings/hlh1/,1,1,1,1,0
web-ettoday / hlh2,web-ettoday0728,找不到頁面 - 遠雄房地產,/buildings/hlh2,1,1,1,1,0
(direct) / (none),(direct),找不到頁面 - 遠雄房地產,/buildings/hlh2/,1,1,1,1,0
google_kw / hlh2,taoyuan,找不到頁面 - 遠雄房地產,/buildings/hlh2/,1,1,1,1,0
google_kw / hlh2,zhongli,找不到頁面 - 遠雄房地產,/buildings/hlh2/,1,1,1,1,0
google / organic,(organic),(1) 封未讀訊息 | 遠雄龜山廠辦新案 | 預約賞屋，遠雄房地產,/buildings/hm2/,1,1,0,0,429
google / cpc,brand,(1) 封未讀訊息 | 遠雄龜山廠辦新案 | 預約賞屋，遠雄房地產,/buildings/hm2/,1,1,1,1,4
google / cpc,(organic),遠雄龜山廠辦新案 | 預約賞屋，遠雄房地產,/buildings/hm2/,1,1,2,2,62
app.omnichat.ai / referral,(referral),遠雄龜山廠辦新案 | 預約賞屋，遠雄房地產,/buildings/hm2/,1,1,1,1,2
m000476.layout.minmax.website / referral,(referral),遠雄龜山廠辦新案 | 預約賞屋，遠雄房地產,/buildings/hm2/,1,1,2,2,554
statics.teams.cdn.office.net / referral,(referral),遠雄龜山廠辦新案 | 預約賞屋，遠雄房地產,/buildings/hm2/,1,1,1,1,29
fgr-line / hm2,20250822,遠雄龜山廠辦新案 | 預約賞屋，遠雄房地產,/buildings/hm2/,1,1,1,1,7
fb / hm2,250819_01,遠雄龜山廠辦新案 | 預約賞屋，遠雄房地產,/buildings/hm2/,1,1,1,1,74
pmp / (not set),6,遠雄龜山廠辦新案 | 預約賞屋，遠雄房地產,/buildings/hm2/,1,1,1,1,6
fb / eh2,8-6,遠雄龜山廠辦新案 | 預約賞屋，遠雄房地產,/buildings/hm2/,1,1,2,2,92
google / cpc,O1_地區字_2025.0801,遠雄龜山廠辦新案 | 預約賞屋，遠雄房地產,/buildings/hm2/,1,1,1,1,152
google / cpc,O1_競品字_2025.0801,遠雄龜山廠辦新案 | 預約賞屋，遠雄房地產,/buildings/hm2/,1,1,1,1,58
fgr-line / fgr,expert_housing-market_20250820,遠雄龜山廠辦新案 | 預約賞屋，遠雄房地產,/buildings/hm2/,1,1,0,0,3
fb / fm3,fb4-1,遠雄龜山廠辦新案 | 預約賞屋，遠雄房地產,/buildings/hm2/,1,1,1,1,31
google / cpc,gdn20257-5,遠雄龜山廠辦新案 | 預約賞屋，遠雄房地產,/buildings/hm2/,1,1,1,1,8
line-fgr / bh7,linefgrbh7,遠雄龜山廠辦新案 | 預約賞屋，遠雄房地產,/buildings/hm2/,1,1,1,1,20
google / cpc,needs,遠雄龜山廠辦新案 | 預約賞屋，遠雄房地產,/buildings/hm2/,1,1,1,1,0
google / cpc,pmax-1-anothercity,遠雄龜山廠辦新案 | 預約賞屋，遠雄房地產,/buildings/hm2/,1,1,1,1,32
lbs-sms / ah2,sms1141008,遠雄龜山廠辦新案 | 預約賞屋，遠雄房地產,/buildings/hm2/,1,1,1,1,431
fgr-line / fgr,tax_mitigation_housetax_20220902,遠雄龜山廠辦新案 | 預約賞屋，遠雄房地產,/buildings/hm2/,1,1,1,1,38
gdn / m62,20220518-2,找不到頁面 - 遠雄房地產,/buildings/m62,1,1,1,1,14
google / cpc,20220518-2,找不到頁面 - 遠雄房地產,/buildings/m62/,1,1,1,1,0
web-ettoday / msm1,ettoday1208,找不到頁面 - 遠雄房地產,/buildings/msm1,1,1,1,1,1
lbs-sms / msm1,lbs-sms0119,找不到頁面 - 遠雄房地產,/buildings/msm1,1,1,1,1,14
lbs-sms / msm1,lbs-sms0226,找不到頁面 - 遠雄房地產,/buildings/msm1,1,1,1,1,0
lbs-sms / msm1,lbs-sms0227,找不到頁面 - 遠雄房地產,/buildings/msm1,1,1,1,1,0
google / cpc,brand,找不到頁面 - 遠雄房地產,/buildings/msm1/,1,1,1,1,9
gdn / msm1,gdnpmax,找不到頁面 - 遠雄房地產,/buildings/msm1/,1,1,1,1,14
google / organic,(organic),"Farglory THE ONE - Newly built/newly constructed property in Qianzhen District, Kaohsiung City - Make an appointment to view the property",/buildings/o1/,1,1,1,1,105
google / cpc,O1_特色字_2025.0801,"Farglory THE ONE - Newly built/newly constructed property in Qianzhen District, Kaohsiung City - Make an appointment to view the property",/buildings/o1/,1,1,0,0,6
google / cpc,O1_競品字_2025.0801,"Farglory THE ONE - Newly built/newly constructed property in Qianzhen District, Kaohsiung City - Make an appointment to view the property",/buildings/o1/,1,1,1,1,14
google / cpc,O1_地區字_2025.0801,"Farglory THE ONE - Properti baru dibangun/baru dibangun di Distrik Qianzhen, Kota Kaohsiung - Buat janji untuk melihat properti",/buildings/o1/,1,1,0,0,13
google / cpc,O1_品牌字_2025.0801,"Farglory THE ONE - Proprietà di nuova costruzione nel distretto di Qianzhen, città di Kaohsiung - Fissa un appuntamento per visionare la proprietà",/buildings/o1/,1,1,0,0,28
google / cpc,O1_品牌字_2025.0801,"Yuanxiong THE ONE-New House/New Construction Case in Qianzhen District, Kaohsiung City-Reservation House",/buildings/o1/,1,1,0,0,100
(direct) / (none),(direct),远雄THE ONE-高雄市前镇区新成屋/新建案-预约赏屋,/buildings/o1/,1,1,0,0,7
google / cpc,O1_特色字_2025.0801,遠雄THE ONE-高雄市前鎮区新成屋/新建案-予約賞屋,/buildings/o1/,1,1,0,0,30
chatgpt.com / (not set),(not set),遠雄THE ONE-高雄市前鎮區新成屋/新建案-預約賞屋,/buildings/o1/,1,1,1,1,36
google_kw / dh2,(organic),遠雄THE ONE-高雄市前鎮區新成屋/新建案-預約賞屋,/buildings/o1/,1,1,1,1,4
fb / O1,(referral),遠雄THE ONE-高雄市前鎮區新成屋/新建案-預約賞屋,/buildings/o1/,1,1,1,1,41
m.facebook.com / referral,(referral),遠雄THE ONE-高雄市前鎮區新成屋/新建案-預約賞屋,/buildings/o1/,1,1,1,1,0
fb / O1,120227538157820464,遠雄THE ONE-高雄市前鎮區新成屋/新建案-預約賞屋,/buildings/o1/,1,1,3,3,34
web-ettoday / O1,20240912,遠雄THE ONE-高雄市前鎮區新成屋/新建案-預約賞屋,/buildings/o1/,1,1,1,1,43
web / ah2,202501-shoppingdesign,遠雄THE ONE-高雄市前鎮區新成屋/新建案-預約賞屋,/buildings/o1/,1,1,1,1,47
web-chinatimes / o1,20250326,遠雄THE ONE-高雄市前鎮區新成屋/新建案-預約賞屋,/buildings/o1/,1,1,1,1,5
webnews / o1,20250407,遠雄THE ONE-高雄市前鎮區新成屋/新建案-預約賞屋,/buildings/o1/,1,1,1,1,6
fb / o1,20250422_16-1,遠雄THE ONE-高雄市前鎮區新成屋/新建案-預約賞屋,/buildings/o1/,1,1,1,1,3
google / cpc,20250616_台北豪宅/別墅,遠雄THE ONE-高雄市前鎮區新成屋/新建案-預約賞屋,/buildings/o1/,1,1,1,1,51
google / cpc,20250718,遠雄THE ONE-高雄市前鎮區新成屋/新建案-預約賞屋,/buildings/o1/,1,1,2,2,192
web-ettoday / ah2,20250911-57P,遠雄THE ONE-高雄市前鎮區新成屋/新建案-預約賞屋,/buildings/o1/,1,1,1,1,46
fb / o1,53583735_48-7,遠雄THE ONE-高雄市前鎮區新成屋/新建案-預約賞屋,/buildings/o1/,1,1,2,2,0
fb / eh2,8-6,遠雄THE ONE-高雄市前鎮區新成屋/新建案-預約賞屋,/buildings/o1/,1,1,1,1,105
sms / aep-cdp,aep-306,遠雄THE ONE-高雄市前鎮區新成屋/新建案-預約賞屋,/buildings/o1/,1,1,1,1,51
fb / ah2,fb-28,遠雄THE ONE-高雄市前鎮區新成屋/新建案-預約賞屋,/buildings/o1/,1,1,1,1,13
fb / ah2,fb-29,遠雄THE ONE-高雄市前鎮區新成屋/新建案-預約賞屋,/buildings/o1/,1,1,1,1,68
fb / eh5,form,遠雄THE ONE-高雄市前鎮區新成屋/新建案-預約賞屋,/buildings/o1/,1,1,1,1,0
google / cpc,information4,遠雄THE ONE-高雄市前鎮區新成屋/新建案-預約賞屋,/buildings/o1/,1,1,1,1,15
fb / bh5,leads,遠雄THE ONE-高雄市前鎮區新成屋/新建案-預約賞屋,/buildings/o1/,1,1,1,1,0
leju / ah2,lejupage,遠雄THE ONE-高雄市前鎮區新成屋/新建案-預約賞屋,/buildings/o1/,1,1,1,1,33
line / bh5,line46,遠雄THE ONE-高雄市前鎮區新成屋/新建案-預約賞屋,/buildings/o1/,1,1,1,1,27
google / cpc,o1,遠雄THE ONE-高雄市前鎮區新成屋/新建案-預約賞屋,/buildings/o1/,1,1,1,1,4
google / cpc,othercities_brand,遠雄THE ONE-高雄市前鎮區新成屋/新建案-預約賞屋,/buildings/o1/,1,1,1,1,0
web-ltn / o1,web-ltn,遠雄THE ONE-高雄市前鎮區新成屋/新建案-預約賞屋,/buildings/o1/,1,1,1,1,58
google / cpc,北大店-買房字,遠雄THE ONE-高雄市前鎮區新成屋/新建案-預約賞屋,/buildings/o1/,1,1,1,1,15
google / cpc,遠雄幸福成_H713_關鍵字_0516_外縣市,遠雄THE ONE-高雄市前鎮區新成屋/新建案-預約賞屋,/buildings/o1/,1,1,1,1,153
(data not available),(cross-network),熱銷建案 彙整 - 頁2，共2 - 遠雄房地產,/buildings/page/2/,1,1,1,1,43
(direct) / (none),(direct),熱銷建案 彙整 - 頁2，共2 - 遠雄房地產,/buildings/page/2/,1,1,1,1,14
google / cpc,(organic),熱銷建案 彙整 - 頁2，共2 - 遠雄房地產,/buildings/page/2/,1,1,1,1,2
google / organic,(organic),熱銷建案 彙整 - 頁2，共2 - 遠雄房地產,/buildings/page/2/,1,1,1,1,2
tw.search.yahoo.com / referral,(referral),熱銷建案 彙整 - 頁2，共2 - 遠雄房地產,/buildings/page/2/,1,1,2,2,41
(not set),20250905五輪播,熱銷建案 彙整 - 頁2，共2 - 遠雄房地產,/buildings/page/2/,1,1,1,1,11
web-chinatimes / qyh1,chinatimes1117,找不到頁面 - 遠雄房地產,/buildings/qyh1/,1,1,1,1,0
line-lap / qyh1,line-lap3-2,找不到頁面 - 遠雄房地產,/buildings/qyh1/,1,1,1,1,0
line-lap / qyh1,linelap7-2_s,找不到頁面 - 遠雄房地產,/buildings/qyh1/,1,1,1,1,9
fb / qyh2,fanpage0817,找不到頁面 - 遠雄房地產,/buildings/qyh2,1,1,1,1,0
lbs-sms / qyh2,lbs-sms1024,找不到頁面 - 遠雄房地產,/buildings/qyh2,1,1,1,1,0
webhouse / qyh2,webhouse0822-mydachivideofb,找不到頁面 - 遠雄房地產,/buildings/qyh2,1,1,1,1,1
webhouse / qyh2,webhouse0822-mydachivideoig,找不到頁面 - 遠雄房地產,/buildings/qyh2,1,1,1,1,7
(not set),(not set),找不到頁面 - 遠雄房地產,/buildings/qyh2/,1,1,0,0,0
google_kw / qyh2,brand,找不到頁面 - 遠雄房地產,/buildings/qyh2/,1,1,1,1,0
lbs-sms / qyh2,lbs-sms1220,找不到頁面 - 遠雄房地產,/buildings/qyh2/,1,1,1,1,0
google / cpc,brand,找不到頁面 - 遠雄房地產,/buildings/shqmo01,1,1,2,2,0
(not set),20250711一輪播,找不到頁面 - 遠雄房地產,/buildings/shqmo01/,1,1,5,5,18
(not set),20250808一輪播,找不到頁面 - 遠雄房地產,/buildings/shqmo01/,1,1,3,3,25
google / cpc,needs,找不到頁面 - 遠雄房地產,/buildings/shqmo01/,1,1,2,2,12
google / organic,(organic),找不到頁面 - 遠雄房地產,/buildings/□3□過6,1,1,1,1,0
(not set),20250808一輪播,找不到頁面 - 遠雄房地產,/buildings/聯上智科/,1,1,1,1,0
(not set),(not set),"Hot-selling projects: pre-sale homes, new construction projects, newly completed homes - Farglory Real Estate",/case/,1,1,0,0,13
floorplan / (not set),(not set),熱銷建案：預售屋、新建案、新成屋 -遠雄房地產,/case/,1,1,1,1,24
faryeargroup.com / referral,(referral),熱銷建案：預售屋、新建案、新成屋 -遠雄房地產,/case/,1,1,2,2,5
google / cpc,(referral),熱銷建案：預售屋、新建案、新成屋 -遠雄房地產,/case/,1,1,1,1,9
m000476.layout.minmax.website / referral,(referral),熱銷建案：預售屋、新建案、新成屋 -遠雄房地產,/case/,1,1,1,1,0
tagassistant.google.com / referral,(referral),熱銷建案：預售屋、新建案、新成屋 -遠雄房地產,/case/,1,1,1,1,0
fb / h707,1,熱銷建案：預售屋、新建案、新成屋 -遠雄房地產,/case/,1,1,1,1,3
fb / h713,100,熱銷建案：預售屋、新建案、新成屋 -遠雄房地產,/case/,1,1,1,1,2
fb / O1,120227538157820464,熱銷建案：預售屋、新建案、新成屋 -遠雄房地產,/case/,1,1,1,1,14
fb / paid,120240299889000537,熱銷建案：預售屋、新建案、新成屋 -遠雄房地產,/case/,1,1,1,1,7
web-ettoday / h902,20211119,熱銷建案：預售屋、新建案、新成屋 -遠雄房地產,/case/,1,1,1,1,0
google_kw / BH8,20240816_品牌字,熱銷建案：預售屋、新建案、新成屋 -遠雄房地產,/case/,1,1,1,1,5
google_kw / BH8,20240816_透天/豪宅/別墅,熱銷建案：預售屋、新建案、新成屋 -遠雄房地產,/case/,1,1,1,1,7
webnews / ao1,20250317,熱銷建案：預售屋、新建案、新成屋 -遠雄房地產,/case/,1,1,1,1,5
web-chinatimes / o1,20250326,熱銷建案：預售屋、新建案、新成屋 -遠雄房地產,/case/,1,1,1,1,4
google / cpc,20250616_台北豪宅/別墅,熱銷建案：預售屋、新建案、新成屋 -遠雄房地產,/case/,1,1,1,1,2
google / cpc,20250616_房地產投資,熱銷建案：預售屋、新建案、新成屋 -遠雄房地產,/case/,1,1,2,2,5
google / cpc,20250616_競品字,熱銷建案：預售屋、新建案、新成屋 -遠雄房地產,/case/,1,1,1,1,4
(not set),20250725一輪播,熱銷建案：預售屋、新建案、新成屋 -遠雄房地產,/case/,1,1,1,1,2
(not set),20250725二輪播,熱銷建案：預售屋、新建案、新成屋 -遠雄房地產,/case/,1,1,1,1,1
google / cpc,20250829,熱銷建案：預售屋、新建案、新成屋 -遠雄房地產,/case/,1,1,2,2,45
fbpage / 5vo1,202509,熱銷建案：預售屋、新建案、新成屋 -遠雄房地產,/case/,1,1,1,1,0
ttd / bh11,20250902,熱銷建案：預售屋、新建案、新成屋 -遠雄房地產,/case/,1,1,1,1,5
fb / 5vo1,2025090503,熱銷建案：預售屋、新建案、新成屋 -遠雄房地產,/case/,1,1,1,1,0
(not set),20250905一輪播,熱銷建案：預售屋、新建案、新成屋 -遠雄房地產,/case/,1,1,1,1,2
ttd / bh11,20250918,熱銷建案：預售屋、新建案、新成屋 -遠雄房地產,/case/,1,1,1,1,1
fb / h707,8,熱銷建案：預售屋、新建案、新成屋 -遠雄房地產,/case/,1,1,1,1,0
fb / eh2,8-6,熱銷建案：預售屋、新建案、新成屋 -遠雄房地產,/case/,1,1,1,1,7
fb / bh11,9-3,熱銷建案：預售屋、新建案、新成屋 -遠雄房地產,/case/,1,1,1,1,4
google / cpc,CQH1-品牌字,熱銷建案：預售屋、新建案、新成屋 -遠雄房地產,/case/,1,1,1,1,23
google / cpc,CQH1-地區字,熱銷建案：預售屋、新建案、新成屋 -遠雄房地產,/case/,1,1,1,1,3
google / cpc,CQH1-買房字,熱銷建案：預售屋、新建案、新成屋 -遠雄房地產,/case/,1,1,1,1,4
google / cpc,O1_品牌字_2025.0801,熱銷建案：預售屋、新建案、新成屋 -遠雄房地產,/case/,1,1,1,1,2
google / cpc,area,熱銷建案：預售屋、新建案、新成屋 -遠雄房地產,/case/,1,1,1,1,15
google_kw / cqh1,brand,熱銷建案：預售屋、新建案、新成屋 -遠雄房地產,/case/,1,1,2,2,19
google / cpc,competitor0829,熱銷建案：預售屋、新建案、新成屋 -遠雄房地產,/case/,1,1,1,1,2
google / cpc,corearea0829,熱銷建案：預售屋、新建案、新成屋 -遠雄房地產,/case/,1,1,1,1,4
fb / eh1,eh1fb,熱銷建案：預售屋、新建案、新成屋 -遠雄房地產,/case/,1,1,1,1,1
socialmedia / fgr,fb,熱銷建案：預售屋、新建案、新成屋 -遠雄房地產,/case/,1,1,1,1,2
fb / dh2,fb-33,熱銷建案：預售屋、新建案、新成屋 -遠雄房地產,/case/,1,1,1,1,3
fb / bh6,fb0530,熱銷建案：預售屋、新建案、新成屋 -遠雄房地產,/case/,1,1,1,1,1
fb / cgh01,fb12-1,熱銷建案：預售屋、新建案、新成屋 -遠雄房地產,/case/,1,1,1,1,7
fb / fm3,fb4-1,熱銷建案：預售屋、新建案、新成屋 -遠雄房地產,/case/,1,1,1,1,0
fb / ar1,fb4-2,熱銷建案：預售屋、新建案、新成屋 -遠雄房地產,/case/,1,1,1,1,0
fb / eh1,formbutton,熱銷建案：預售屋、新建案、新成屋 -遠雄房地產,/case/,1,1,1,1,7
google / cpc,gdn-01,熱銷建案：預售屋、新建案、新成屋 -遠雄房地產,/case/,1,1,1,1,5
google / cpc,gdn-02,熱銷建案：預售屋、新建案、新成屋 -遠雄房地產,/case/,1,1,1,1,2
google / cpc,gdn20257-5,熱銷建案：預售屋、新建案、新成屋 -遠雄房地產,/case/,1,1,1,1,70
web / bh6,googlemap2,熱銷建案：預售屋、新建案、新成屋 -遠雄房地產,/case/,1,1,1,1,5
line-lap / bh7,lap-1,熱銷建案：預售屋、新建案、新成屋 -遠雄房地產,/case/,1,1,3,3,55
fb / 8fsl01,leads,熱銷建案：預售屋、新建案、新成屋 -遠雄房地產,/case/,1,1,2,2,1
fb / bh8,leads,熱銷建案：預售屋、新建案、新成屋 -遠雄房地產,/case/,1,1,1,1,15
line-lap / bh10,line-lap20256-8,熱銷建案：預售屋、新建案、新成屋 -遠雄房地產,/case/,1,1,1,1,38
line / bh5,line46,熱銷建案：預售屋、新建案、新成屋 -遠雄房地產,/case/,1,1,1,1,0
google / cpc,needs,熱銷建案：預售屋、新建案、新成屋 -遠雄房地產,/case/,1,1,1,1,28
google / cpc,othercities_brand/,熱銷建案：預售屋、新建案、新成屋 -遠雄房地產,/case/,1,1,1,1,5
lbs-sms / ah2,sms1141008,熱銷建案：預售屋、新建案、新成屋 -遠雄房地產,/case/,1,1,1,1,22
udn / qyh1,udn0602,熱銷建案：預售屋、新建案、新成屋 -遠雄房地產,/case/,1,1,1,1,9
web / qyh2,webgooglemap,熱銷建案：預售屋、新建案、新成屋 -遠雄房地產,/case/,1,1,1,1,1
google / cpc,北大店-品牌字,熱銷建案：預售屋、新建案、新成屋 -遠雄房地產,/case/,1,1,1,1,13
google / cpc,遠雄幸福成_H713_關鍵字_0516_中彰,熱銷建案：預售屋、新建案、新成屋 -遠雄房地產,/case/,1,1,1,1,1
(direct) / (none),(direct),(1) 封未讀訊息 | 熱銷建案一覽：遠雄全台預售屋、新建案、新成屋資訊,/case/search/,1,1,0,0,17
google / cpc,othercities_brand,(1) 封未讀訊息 | 熱銷建案一覽：遠雄全台預售屋、新建案、新成屋資訊,/case/search/,1,1,0,0,0
(direct) / (none),(direct),(2) 封未讀訊息 | (1) 封未讀訊息 | 熱銷建案一覽：遠雄全台預售屋、新建案、新成屋資訊,/case/search/,1,1,0,0,41
fb / bh8,fb19-1,(2) 封未讀訊息 | 熱銷建案一覽：遠雄全台預售屋、新建案、新成屋資訊,/case/search/,1,1,0,0,5
(not set),(not set),"Hottest Projects at a Glance: Farglory Pre-sale Homes, New Construction, and Completed Homes Across Taiwan",/case/search/,1,1,0,0,17
googlemap / o1,googlemap,"List of hot-selling projects: Yuanxiong Taiwan pre-sale houses, new construction projects, new house information",/case/search/,1,1,0,0,34
app.clickup.com / referral,(referral),熱銷建案一覽：遠雄全台預售屋、新建案、新成屋資訊,/case/search/,1,1,1,1,1
chatgpt.com / referral,(referral),熱銷建案一覽：遠雄全台預售屋、新建案、新成屋資訊,/case/search/,1,1,1,1,6
faryeargroup.com / referral,(referral),熱銷建案一覽：遠雄全台預售屋、新建案、新成屋資訊,/case/search/,1,1,2,2,51
ifgmall.fg-retail.com.tw / referral,(referral),熱銷建案一覽：遠雄全台預售屋、新建案、新成屋資訊,/case/search/,1,1,1,1,17
lm.facebook.com / referral,(referral),熱銷建案一覽：遠雄全台預售屋、新建案、新成屋資訊,/case/search/,1,1,2,2,15
localhost:8080 / referral,(referral),熱銷建案一覽：遠雄全台預售屋、新建案、新成屋資訊,/case/search/,1,1,2,2,9
m000476.com / referral,(referral),熱銷建案一覽：遠雄全台預售屋、新建案、新成屋資訊,/case/search/,1,1,1,1,0
picsee.io / referral,(referral),熱銷建案一覽：遠雄全台預售屋、新建案、新成屋資訊,/case/search/,1,1,1,1,15
udn.com / referral,(referral),熱銷建案一覽：遠雄全台預售屋、新建案、新成屋資訊,/case/search/,1,1,1,1,11
web-edm / fg,0619-case-all,熱銷建案一覽：遠雄全台預售屋、新建案、新成屋資訊,/case/search/,1,1,2,2,42
fb / h707,1,熱銷建案一覽：遠雄全台預售屋、新建案、新成屋資訊,/case/search/,1,1,2,2,54
fb / paid,120240299889000537,熱銷建案一覽：遠雄全台預售屋、新建案、新成屋資訊,/case/search/,1,1,5,5,35
line-lap / dh2,13,熱銷建案一覽：遠雄全台預售屋、新建案、新成屋資訊,/case/search/,1,1,1,1,7
line-lap / dh2,14,熱銷建案一覽：遠雄全台預售屋、新建案、新成屋資訊,/case/search/,1,1,6,6,86
web-ettoday / h902,20211119,熱銷建案一覽：遠雄全台預售屋、新建案、新成屋資訊,/case/search/,1,1,2,2,4
google / cpc,(organic),(not set),(not set),1,1,0,0,0
web-ettoday / h902,20231020,熱銷建案一覽：遠雄全台預售屋、新建案、新成屋資訊,/case/search/,1,1,2,2,29
google_kw / BH8,20240816_品牌字,熱銷建案一覽：遠雄全台預售屋、新建案、新成屋資訊,/case/search/,1,1,1,1,23
webnews / ao1,20250317,熱銷建案一覽：遠雄全台預售屋、新建案、新成屋資訊,/case/search/,1,1,3,3,20
web-businessweekly / o1,20250326,熱銷建案一覽：遠雄全台預售屋、新建案、新成屋資訊,/case/search/,1,1,1,1,0
fb / 8fxz11,20250520_5-2,熱銷建案一覽：遠雄全台預售屋、新建案、新成屋資訊,/case/search/,1,1,2,2,40
google / cpc,20250616_北投士林豪宅/別墅,熱銷建案一覽：遠雄全台預售屋、新建案、新成屋資訊,/case/search/,1,1,2,2,17
google / cpc,20250616_台北豪宅/別墅,熱銷建案一覽：遠雄全台預售屋、新建案、新成屋資訊,/case/search/,1,1,1,1,13
google / cpc,20250616_競品字,熱銷建案一覽：遠雄全台預售屋、新建案、新成屋資訊,/case/search/,1,1,1,1,9
fbpage / 5vo1,202509,熱銷建案一覽：遠雄全台預售屋、新建案、新成屋資訊,/case/search/,1,1,2,2,2
fb / 5vo1,2025090503,熱銷建案一覽：遠雄全台預售屋、新建案、新成屋資訊,/case/search/,1,1,1,1,4
app.omnichat.ai / referral,20250905五輪播,熱銷建案一覽：遠雄全台預售屋、新建案、新成屋資訊,/case/search/,1,1,3,3,7
google / cpc,202509_1,熱銷建案一覽：遠雄全台預售屋、新建案、新成屋資訊,/case/search/,1,1,2,2,55
fb / hm2,250819_01,熱銷建案一覽：遠雄全台預售屋、新建案、新成屋資訊,/case/search/,1,1,2,2,7
fb / hm2,250819_02,熱銷建案一覽：遠雄全台預售屋、新建案、新成屋資訊,/case/search/,1,1,1,1,42
fb / h707,27,熱銷建案一覽：遠雄全台預售屋、新建案、新成屋資訊,/case/search/,1,1,2,2,29
fb / bh5,43,熱銷建案一覽：遠雄全台預售屋、新建案、新成屋資訊,/case/search/,1,1,1,1,17
fb / bh11,8-1,熱銷建案一覽：遠雄全台預售屋、新建案、新成屋資訊,/case/search/,1,1,1,1,4
fb / 8fxz11,8-2,熱銷建案一覽：遠雄全台預售屋、新建案、新成屋資訊,/case/search/,1,1,2,2,67
fb / bh11,8-2,熱銷建案一覽：遠雄全台預售屋、新建案、新成屋資訊,/case/search/,1,1,4,4,50
fb / eh2,9-4,熱銷建案一覽：遠雄全台預售屋、新建案、新成屋資訊,/case/search/,1,1,1,1,26
fb / h713,99,熱銷建案一覽：遠雄全台預售屋、新建案、新成屋資訊,/case/search/,1,1,2,2,13
google / cpc,O1_品牌字_2025.0801,熱銷建案一覽：遠雄全台預售屋、新建案、新成屋資訊,/case/search/,1,1,1,1,2
google / cpc,O1_特色字_2025.0801,熱銷建案一覽：遠雄全台預售屋、新建案、新成屋資訊,/case/search/,1,1,1,1,3
google / cpc,Otherarea0829,熱銷建案一覽：遠雄全台預售屋、新建案、新成屋資訊,/case/search/,1,1,6,6,66
google_kw / cqh1,brand,熱銷建案一覽：遠雄全台預售屋、新建案、新成屋資訊,/case/search/,1,1,4,4,112
fgr-line / fg,contract/,熱銷建案一覽：遠雄全台預售屋、新建案、新成屋資訊,/case/search/,1,1,1,1,11
fb / eh1,eh1fb,熱銷建案一覽：遠雄全台預售屋、新建案、新成屋資訊,/case/search/,1,1,1,1,24
fgr-line / fgr,expert_hoshichang_video_property_price_20250801,熱銷建案一覽：遠雄全台預售屋、新建案、新成屋資訊,/case/search/,1,1,1,1,6
google / cpc,extensions,熱銷建案一覽：遠雄全台預售屋、新建案、新成屋資訊,/case/search/,1,1,1,1,18
fb / dh2,fb-18,熱銷建案一覽：遠雄全台預售屋、新建案、新成屋資訊,/case/search/,1,1,1,1,0
fb / cgh01,fb12-1,熱銷建案一覽：遠雄全台預售屋、新建案、新成屋資訊,/case/search/,1,1,1,1,8
socialmedia / fgr,fb20250905,熱銷建案一覽：遠雄全台預售屋、新建案、新成屋資訊,/case/search/,1,1,1,1,22
fb / ar1,fb4-2,熱銷建案一覽：遠雄全台預售屋、新建案、新成屋資訊,/case/search/,1,1,4,4,44
fb / bh7,fbpage,熱銷建案一覽：遠雄全台預售屋、新建案、新成屋資訊,/case/search/,1,1,1,1,33
fb / eh1,formbutton,熱銷建案一覽：遠雄全台預售屋、新建案、新成屋資訊,/case/search/,1,1,1,1,68
google / cpc,gdn-01,熱銷建案一覽：遠雄全台預售屋、新建案、新成屋資訊,/case/search/,1,1,2,2,5
google / cpc,gdn20257-5,熱銷建案一覽：遠雄全台預售屋、新建案、新成屋資訊,/case/search/,1,1,1,1,1
fg / eh2,googlemap,熱銷建案一覽：遠雄全台預售屋、新建案、新成屋資訊,/case/search/,1,1,2,2,58
google_kw / ah2,googlemap,熱銷建案一覽：遠雄全台預售屋、新建案、新成屋資訊,/case/search/,1,1,1,1,0
googlemap / H109,googlemap,熱銷建案一覽：遠雄全台預售屋、新建案、新成屋資訊,/case/search/,1,1,1,1,4
line-lap / bh7,lap-1,熱銷建案一覽：遠雄全台預售屋、新建案、新成屋資訊,/case/search/,1,1,4,4,118
fb / dh2,leads,熱銷建案一覽：遠雄全台預售屋、新建案、新成屋資訊,/case/search/,1,1,1,1,3
leju / eh2,lejuweb,熱銷建案一覽：遠雄全台預售屋、新建案、新成屋資訊,/case/search/,1,1,1,1,77
line-lap / bh10,line-lap20257-1,熱銷建案一覽：遠雄全台預售屋、新建案、新成屋資訊,/case/search/,1,1,1,1,3
line-lap / bh10,line-lap20257-5,熱銷建案一覽：遠雄全台預售屋、新建案、新成屋資訊,/case/search/,1,1,1,1,0
line-fgr / bh7,linefgrbh7,熱銷建案一覽：遠雄全台預售屋、新建案、新成屋資訊,/case/search/,1,1,13,13,120
fgr-line / bh11,listbutton,熱銷建案一覽：遠雄全台預售屋、新建案、新成屋資訊,/case/search/,1,1,1,1,21
google / cpc,othercities_brand/,熱銷建案一覽：遠雄全台預售屋、新建案、新成屋資訊,/case/search/,1,1,2,2,59
google / cpc,othercities_taichung,熱銷建案一覽：遠雄全台預售屋、新建案、新成屋資訊,/case/search/,1,1,1,1,0
fb / eh5,park,熱銷建案一覽：遠雄全台預售屋、新建案、新成屋資訊,/case/search/,1,1,1,1,14
google / cpc,taipei,熱銷建案一覽：遠雄全台預售屋、新建案、新成屋資訊,/case/search/,1,1,1,1,2
google / cpc,tamsui,熱銷建案一覽：遠雄全台預售屋、新建案、新成屋資訊,/case/search/,1,1,1,1,26
youtube / fgr,yt,熱銷建案一覽：遠雄全台預售屋、新建案、新成屋資訊,/case/search/,1,1,2,2,33
google / cpc,北大店-買房字,熱銷建案一覽：遠雄全台預售屋、新建案、新成屋資訊,/case/search/,1,1,1,1,7
google / cpc,(organic),熱銷建案一覽：遠雄全台預售屋、新建案、新成屋資訊,/case/search/building-category-tag/133/,1,1,2,2,8
google / organic,(organic),熱銷建案一覽：遠雄全台預售屋、新建案、新成屋資訊,/case/search/building-category-tag/133/,1,1,1,1,21
tw.search.yahoo.com / referral,(referral),熱銷建案一覽：遠雄全台預售屋、新建案、新成屋資訊,/case/search/building-category-tag/133/,1,1,1,1,2
fb / paid,120229456515280138,熱銷建案一覽：遠雄全台預售屋、新建案、新成屋資訊,/case/search/building-category-tag/133/,1,1,1,1,0
(not set),20250725二輪播,熱銷建案一覽：遠雄全台預售屋、新建案、新成屋資訊,/case/search/building-category-tag/133/,1,1,1,1,0
google / cpc,project,熱銷建案一覽：遠雄全台預售屋、新建案、新成屋資訊,/case/search/building-category-tag/133/,1,1,1,1,8
(data not available),(cross-network),熱銷建案一覽：遠雄全台預售屋、新建案、新成屋資訊,/case/search/building-category-tag/134/,1,1,1,1,25
bing / organic,(organic),熱銷建案一覽：遠雄全台預售屋、新建案、新成屋資訊,/case/search/building-category-tag/134/,1,1,1,1,26
yahoo / organic,(organic),熱銷建案一覽：遠雄全台預售屋、新建案、新成屋資訊,/case/search/building-category-tag/134/,1,1,1,1,12
line-lap / dh2,12,熱銷建案一覽：遠雄全台預售屋、新建案、新成屋資訊,/case/search/building-category-tag/134/,1,1,2,2,14
fb / bh6,20230322-2,熱銷建案一覽：遠雄全台預售屋、新建案、新成屋資訊,/case/search/building-category-tag/134/,1,1,1,1,24
google_kw / BH8,20240816_品牌字,熱銷建案一覽：遠雄全台預售屋、新建案、新成屋資訊,/case/search/building-category-tag/134/,1,1,1,1,14
google / cpc,20250901,熱銷建案一覽：遠雄全台預售屋、新建案、新成屋資訊,/case/search/building-category-tag/134/,1,1,1,1,16
google / cpc,area,熱銷建案一覽：遠雄全台預售屋、新建案、新成屋資訊,/case/search/building-category-tag/134/,1,1,1,1,1
google / cpc,com,熱銷建案一覽：遠雄全台預售屋、新建案、新成屋資訊,/case/search/building-category-tag/134/,1,1,1,1,8
google / cpc,competitor0829,熱銷建案一覽：遠雄全台預售屋、新建案、新成屋資訊,/case/search/building-category-tag/134/,1,1,1,1,0
google / cpc,corearea0829,熱銷建案一覽：遠雄全台預售屋、新建案、新成屋資訊,/case/search/building-category-tag/134/,1,1,1,1,9
socialmedia / bh8,dcard_202508,熱銷建案一覽：遠雄全台預售屋、新建案、新成屋資訊,/case/search/building-category-tag/134/,1,1,2,2,35
google-map / organic,eh1,熱銷建案一覽：遠雄全台預售屋、新建案、新成屋資訊,/case/search/building-category-tag/134/,1,1,1,1,27
google / cpc,extensions,熱銷建案一覽：遠雄全台預售屋、新建案、新成屋資訊,/case/search/building-category-tag/134/,1,1,1,1,5
fb / bh8,fb19-1,熱銷建案一覽：遠雄全台預售屋、新建案、新成屋資訊,/case/search/building-category-tag/134/,1,1,1,1,15
google_kw / h707,googlemap,熱銷建案一覽：遠雄全台預售屋、新建案、新成屋資訊,/case/search/building-category-tag/134/,1,1,1,1,4
socialmedia / fgr,ig,熱銷建案一覽：遠雄全台預售屋、新建案、新成屋資訊,/case/search/building-category-tag/134/,1,1,1,1,15
line-lap / bh7,lap-1,熱銷建案一覽：遠雄全台預售屋、新建案、新成屋資訊,/case/search/building-category-tag/134/,1,1,1,1,29
(direct) / (none),(direct),熱銷建案一覽：遠雄全台預售屋、新建案、新成屋資訊,/case/search/building-category-tag/134/page/2/,1,1,2,2,29
line-lap / dh2,12,熱銷建案一覽：遠雄全台預售屋、新建案、新成屋資訊,/case/search/building-category-tag/134/page/2/,1,1,1,1,22
google / cpc,brand,熱銷建案一覽：遠雄全台預售屋、新建案、新成屋資訊,/case/search/building-category-tag/134/page/2/,1,1,1,1,31
google / cpc,extensions,熱銷建案一覽：遠雄全台預售屋、新建案、新成屋資訊,/case/search/building-category-tag/134/page/2/,1,1,2,2,19
line-lap / dh2,12,熱銷建案一覽：遠雄全台預售屋、新建案、新成屋資訊,/case/search/building-category-tag/134/page/3/,1,1,2,2,12
line-lap / dh2,12,熱銷建案一覽：遠雄全台預售屋、新建案、新成屋資訊,/case/search/building-category-tag/134/page/4/,1,1,2,2,13
line-lap / dh2,12,熱銷建案一覽：遠雄全台預售屋、新建案、新成屋資訊,/case/search/building-category-tag/134/page/5/,1,1,1,1,10
google / organic,(organic),熱銷建案一覽：遠雄全台預售屋、新建案、新成屋資訊,/case/search/building-category-tag/135/,1,1,2,2,9
google_kw / dh2,(organic),熱銷建案一覽：遠雄全台預售屋、新建案、新成屋資訊,/case/search/building-category-tag/135/,1,1,3,3,35
line-lap / bh5,(referral),熱銷建案一覽：遠雄全台預售屋、新建案、新成屋資訊,/case/search/building-category-tag/135/,1,1,1,1,22
fb / bh7,1,熱銷建案一覽：遠雄全台預售屋、新建案、新成屋資訊,/case/search/building-category-tag/135/,1,1,1,1,10
line-lap / dh2,12,熱銷建案一覽：遠雄全台預售屋、新建案、新成屋資訊,/case/search/building-category-tag/135/,1,1,1,1,32
google / cpc,O1_品牌字_2025.0801,熱銷建案一覽：遠雄全台預售屋、新建案、新成屋資訊,/case/search/building-category-tag/135/,1,1,2,2,35
google_kw / cqh1,brand,熱銷建案一覽：遠雄全台預售屋、新建案、新成屋資訊,/case/search/building-category-tag/135/,1,1,1,1,2
fb / 8fsl01,leads,熱銷建案一覽：遠雄全台預售屋、新建案、新成屋資訊,/case/search/building-category-tag/135/,1,1,1,1,15
google / cpc,(organic),熱銷建案一覽：遠雄全台預售屋、新建案、新成屋資訊,/case/search/building-category-tag/1601/,1,1,1,1,5
(direct) / (none),(direct),熱銷建案一覽：遠雄全台預售屋、新建案、新成屋資訊,/case/search/city/新北市/,1,1,1,1,0
(data not available),(cross-network),熱銷建案一覽：遠雄全台預售屋、新建案、新成屋資訊,/case/search/page/2/,1,1,1,1,13
google / cpc,(not set),熱銷建案一覽：遠雄全台預售屋、新建案、新成屋資訊,/case/search/page/2/,1,1,1,1,0
104.com.tw / referral,(referral),熱銷建案一覽：遠雄全台預售屋、新建案、新成屋資訊,/case/search/page/2/,1,1,2,2,18
app.clickup.com / referral,(referral),熱銷建案一覽：遠雄全台預售屋、新建案、新成屋資訊,/case/search/page/2/,1,1,1,1,1
line-lap / bh5,(referral),熱銷建案一覽：遠雄全台預售屋、新建案、新成屋資訊,/case/search/page/2/,1,1,1,1,50
fb / h707,1,熱銷建案一覽：遠雄全台預售屋、新建案、新成屋資訊,/case/search/page/2/,1,1,1,1,16
fb / h713,102,熱銷建案一覽：遠雄全台預售屋、新建案、新成屋資訊,/case/search/page/2/,1,1,1,1,29
fb / paid,120240299889000537,熱銷建案一覽：遠雄全台預售屋、新建案、新成屋資訊,/case/search/page/2/,1,1,1,1,14
(not set),20250725一輪播,熱銷建案一覽：遠雄全台預售屋、新建案、新成屋資訊,/case/search/page/2/,1,1,1,1,9
google / cpc,20250901,熱銷建案一覽：遠雄全台預售屋、新建案、新成屋資訊,/case/search/page/2/,1,1,1,1,22
google / cpc,20250905五輪播,熱銷建案一覽：遠雄全台預售屋、新建案、新成屋資訊,/case/search/page/2/,1,1,1,1,1
ttd / bh11,20250918,熱銷建案一覽：遠雄全台預售屋、新建案、新成屋資訊,/case/search/page/2/,1,1,1,1,10
fb / h707,27,熱銷建案一覽：遠雄全台預售屋、新建案、新成屋資訊,/case/search/page/2/,1,1,2,2,12
fb / bh11,8-2,熱銷建案一覽：遠雄全台預售屋、新建案、新成屋資訊,/case/search/page/2/,1,1,2,2,38
google / cpc,CQH1-品牌字,熱銷建案一覽：遠雄全台預售屋、新建案、新成屋資訊,/case/search/page/2/,1,1,3,3,56
google / cpc,CQH1-買房字,熱銷建案一覽：遠雄全台預售屋、新建案、新成屋資訊,/case/search/page/2/,1,1,1,1,0
google / cpc,O1_地區字_2025.0801,熱銷建案一覽：遠雄全台預售屋、新建案、新成屋資訊,/case/search/page/2/,1,1,2,2,113
google / cpc,beitun,熱銷建案一覽：遠雄全台預售屋、新建案、新成屋資訊,/case/search/page/2/,1,1,1,1,12
google_kw / cqh1,brand,熱銷建案一覽：遠雄全台預售屋、新建案、新成屋資訊,/case/search/page/2/,1,1,1,1,19
google / cpc,competitor0829,熱銷建案一覽：遠雄全台預售屋、新建案、新成屋資訊,/case/search/page/2/,1,1,1,1,8
socialmedia / bh8,dcard_202508,熱銷建案一覽：遠雄全台預售屋、新建案、新成屋資訊,/case/search/page/2/,1,1,1,1,11
fb / eh1,eh1fb,熱銷建案一覽：遠雄全台預售屋、新建案、新成屋資訊,/case/search/page/2/,1,1,1,1,11
google / cpc,extensions,熱銷建案一覽：遠雄全台預售屋、新建案、新成屋資訊,/case/search/page/2/,1,1,1,1,16
socialmedia / fgr,fb,熱銷建案一覽：遠雄全台預售屋、新建案、新成屋資訊,/case/search/page/2/,1,1,2,2,11
fg / eh2,googlemap,熱銷建案一覽：遠雄全台預售屋、新建案、新成屋資訊,/case/search/page/2/,1,1,2,2,20
google-map / (not set),h707,熱銷建案一覽：遠雄全台預售屋、新建案、新成屋資訊,/case/search/page/2/,1,1,2,2,17
google / cpc,information4,熱銷建案一覽：遠雄全台預售屋、新建案、新成屋資訊,/case/search/page/2/,1,1,1,1,5
fb / 8fsl01,leads,熱銷建案一覽：遠雄全台預售屋、新建案、新成屋資訊,/case/search/page/2/,1,1,1,1,2
line-fgr / bh7,linefgrbh7,熱銷建案一覽：遠雄全台預售屋、新建案、新成屋資訊,/case/search/page/2/,1,1,1,1,29
google / cpc,othercities_brand/,熱銷建案一覽：遠雄全台預售屋、新建案、新成屋資訊,/case/search/page/2/,1,1,1,1,18
google / cpc,project,熱銷建案一覽：遠雄全台預售屋、新建案、新成屋資訊,/case/search/page/2/,1,1,1,1,0
google / cpc,tamsui,熱銷建案一覽：遠雄全台預售屋、新建案、新成屋資訊,/case/search/page/2/,1,1,3,3,44
youtube / fgr,yt,熱銷建案一覽：遠雄全台預售屋、新建案、新成屋資訊,/case/search/page/2/,1,1,1,1,4
google / cpc,北大店-品牌字,熱銷建案一覽：遠雄全台預售屋、新建案、新成屋資訊,/case/search/page/2/,1,1,1,1,7
EDM / referral,滿意度問券,熱銷建案一覽：遠雄全台預售屋、新建案、新成屋資訊,/case/search/page/2/,1,1,1,1,6
(data not available),(cross-network),熱銷建案一覽：遠雄全台預售屋、新建案、新成屋資訊,/case/search/page/3/,1,1,2,2,18
bing / organic,(organic),熱銷建案一覽：遠雄全台預售屋、新建案、新成屋資訊,/case/search/page/3/,1,1,1,1,5
google_kw / dh2,(organic),熱銷建案一覽：遠雄全台預售屋、新建案、新成屋資訊,/case/search/page/3/,1,1,1,1,1
app.clickup.com / referral,(referral),熱銷建案一覽：遠雄全台預售屋、新建案、新成屋資訊,/case/search/page/3/,1,1,1,1,0
tw.search.yahoo.com / referral,(referral),熱銷建案一覽：遠雄全台預售屋、新建案、新成屋資訊,/case/search/page/3/,1,1,2,2,23
fb / h713,102,熱銷建案一覽：遠雄全台預售屋、新建案、新成屋資訊,/case/search/page/3/,1,1,1,1,18
(not set),20250711一輪播,熱銷建案一覽：遠雄全台預售屋、新建案、新成屋資訊,/case/search/page/3/,1,1,1,1,8
(not set),20250725一輪播,熱銷建案一覽：遠雄全台預售屋、新建案、新成屋資訊,/case/search/page/3/,1,1,1,1,9
google / cpc,20250901,熱銷建案一覽：遠雄全台預售屋、新建案、新成屋資訊,/case/search/page/3/,1,1,1,1,25
(not set),20250905一輪播,熱銷建案一覽：遠雄全台預售屋、新建案、新成屋資訊,/case/search/page/3/,1,1,1,1,14
ttd / bh11,20250918,熱銷建案一覽：遠雄全台預售屋、新建案、新成屋資訊,/case/search/page/3/,1,1,1,1,14
fb / bh11,8-2,熱銷建案一覽：遠雄全台預售屋、新建案、新成屋資訊,/case/search/page/3/,1,1,1,1,7
google / cpc,CQH1-品牌字,熱銷建案一覽：遠雄全台預售屋、新建案、新成屋資訊,/case/search/page/3/,1,1,1,1,14
google / cpc,O1_地區字_2025.0801,熱銷建案一覽：遠雄全台預售屋、新建案、新成屋資訊,/case/search/page/3/,1,1,1,1,34
fb / eh1,eh1fb,熱銷建案一覽：遠雄全台預售屋、新建案、新成屋資訊,/case/search/page/3/,1,1,1,1,16
socialmedia / fgr,fb,熱銷建案一覽：遠雄全台預售屋、新建案、新成屋資訊,/case/search/page/3/,1,1,1,1,5
fg / eh2,googlemap,熱銷建案一覽：遠雄全台預售屋、新建案、新成屋資訊,/case/search/page/3/,1,1,2,2,25
google-map / (not set),h707,熱銷建案一覽：遠雄全台預售屋、新建案、新成屋資訊,/case/search/page/3/,1,1,1,1,6
google / cpc,information4,熱銷建案一覽：遠雄全台預售屋、新建案、新成屋資訊,/case/search/page/3/,1,1,1,1,12
google / cpc,othercities_brand,熱銷建案一覽：遠雄全台預售屋、新建案、新成屋資訊,/case/search/page/3/,1,1,1,1,6
google / cpc,pmax-1-taichung,熱銷建案一覽：遠雄全台預售屋、新建案、新成屋資訊,/case/search/page/3/,1,1,1,1,7
google / cpc,tamsui,熱銷建案一覽：遠雄全台預售屋、新建案、新成屋資訊,/case/search/page/3/,1,1,3,3,61
youtube / fgr,yt,熱銷建案一覽：遠雄全台預售屋、新建案、新成屋資訊,/case/search/page/3/,1,1,1,1,5
(data not available),(cross-network),熱銷建案一覽：遠雄全台預售屋、新建案、新成屋資訊,/case/search/page/4/,1,1,1,1,11
bing / organic,(organic),熱銷建案一覽：遠雄全台預售屋、新建案、新成屋資訊,/case/search/page/4/,1,1,1,1,4
google_kw / dh2,(organic),熱銷建案一覽：遠雄全台預售屋、新建案、新成屋資訊,/case/search/page/4/,1,1,1,1,3
app.clickup.com / referral,(referral),熱銷建案一覽：遠雄全台預售屋、新建案、新成屋資訊,/case/search/page/4/,1,1,1,1,0
tw.search.yahoo.com / referral,(referral),熱銷建案一覽：遠雄全台預售屋、新建案、新成屋資訊,/case/search/page/4/,1,1,1,1,27
fb / h713,102,熱銷建案一覽：遠雄全台預售屋、新建案、新成屋資訊,/case/search/page/4/,1,1,1,1,20
(not set),20250905一輪播,熱銷建案一覽：遠雄全台預售屋、新建案、新成屋資訊,/case/search/page/4/,1,1,1,1,35
ttd / bh11,20250918,熱銷建案一覽：遠雄全台預售屋、新建案、新成屋資訊,/case/search/page/4/,1,1,1,1,12
(not set),20250919一輪播,熱銷建案一覽：遠雄全台預售屋、新建案、新成屋資訊,/case/search/page/4/,1,1,1,1,510
fb / hm2,250819_01,熱銷建案一覽：遠雄全台預售屋、新建案、新成屋資訊,/case/search/page/4/,1,1,2,2,2
fb / bh11,8-2,熱銷建案一覽：遠雄全台預售屋、新建案、新成屋資訊,/case/search/page/4/,1,1,1,1,17
google / cpc,CQH1-品牌字,熱銷建案一覽：遠雄全台預售屋、新建案、新成屋資訊,/case/search/page/4/,1,1,2,2,17
fb / eh1,eh1fb,熱銷建案一覽：遠雄全台預售屋、新建案、新成屋資訊,/case/search/page/4/,1,1,1,1,7
socialmedia / fgr,fb,熱銷建案一覽：遠雄全台預售屋、新建案、新成屋資訊,/case/search/page/4/,1,1,5,5,52
fg / eh2,googlemap,熱銷建案一覽：遠雄全台預售屋、新建案、新成屋資訊,/case/search/page/4/,1,1,1,1,14
google-map / (not set),h707,熱銷建案一覽：遠雄全台預售屋、新建案、新成屋資訊,/case/search/page/4/,1,1,1,1,6
google / cpc,othercities_brand,熱銷建案一覽：遠雄全台預售屋、新建案、新成屋資訊,/case/search/page/4/,1,1,1,1,18
google / cpc,pmax-1-anothercity,熱銷建案一覽：遠雄全台預售屋、新建案、新成屋資訊,/case/search/page/4/,1,1,2,2,9
google / cpc,tamsui,熱銷建案一覽：遠雄全台預售屋、新建案、新成屋資訊,/case/search/page/4/,1,1,1,1,20
youtube / fgr,yt,熱銷建案一覽：遠雄全台預售屋、新建案、新成屋資訊,/case/search/page/4/,1,1,1,1,6
google / cpc,遠雄幸福成_H713_關鍵字_0516_外縣市,熱銷建案一覽：遠雄全台預售屋、新建案、新成屋資訊,/case/search/page/4/,1,1,1,1,17
(data not available),(cross-network),熱銷建案一覽：遠雄全台預售屋、新建案、新成屋資訊,/case/search/page/5/,1,1,2,2,31
bing / organic,(organic),熱銷建案一覽：遠雄全台預售屋、新建案、新成屋資訊,/case/search/page/5/,1,1,1,1,8
google_kw / dh2,(organic),熱銷建案一覽：遠雄全台預售屋、新建案、新成屋資訊,/case/search/page/5/,1,1,1,1,5
fb / h713,102,熱銷建案一覽：遠雄全台預售屋、新建案、新成屋資訊,/case/search/page/5/,1,1,1,1,25
ttd / bh11,20250918,熱銷建案一覽：遠雄全台預售屋、新建案、新成屋資訊,/case/search/page/5/,1,1,1,1,70
fb / bh11,8-2,熱銷建案一覽：遠雄全台預售屋、新建案、新成屋資訊,/case/search/page/5/,1,1,3,3,36
google / cpc,CQH1-品牌字,熱銷建案一覽：遠雄全台預售屋、新建案、新成屋資訊,/case/search/page/5/,1,1,1,1,12
fb / eh1,eh1fb,熱銷建案一覽：遠雄全台預售屋、新建案、新成屋資訊,/case/search/page/5/,1,1,1,1,37
google-map / (not set),h707,熱銷建案一覽：遠雄全台預售屋、新建案、新成屋資訊,/case/search/page/5/,1,1,1,1,6
google-map / organic,h707,熱銷建案一覽：遠雄全台預售屋、新建案、新成屋資訊,/case/search/page/5/,1,1,1,1,4
google / cpc,tamsui,熱銷建案一覽：遠雄全台預售屋、新建案、新成屋資訊,/case/search/page/5/,1,1,2,2,33
youtube / fgr,yt,熱銷建案一覽：遠雄全台預售屋、新建案、新成屋資訊,/case/search/page/5/,1,1,1,1,14
(data not available),(cross-network),熱銷建案一覽：遠雄全台預售屋、新建案、新成屋資訊,/case/search/sales_status/almost-sold-out/,1,1,1,1,60
(direct) / (none),(direct),熱銷建案一覽：遠雄全台預售屋、新建案、新成屋資訊,/case/search/sales_status/almost-sold-out/,1,1,2,2,0
google_kw / dh2,(organic),熱銷建案一覽：遠雄全台預售屋、新建案、新成屋資訊,/case/search/sales_status/almost-sold-out/,1,1,1,1,11
(not set),20250905五輪播,熱銷建案一覽：遠雄全台預售屋、新建案、新成屋資訊,/case/search/sales_status/almost-sold-out/,1,1,1,1,16
fb / bh8,fb16-2,熱銷建案一覽：遠雄全台預售屋、新建案、新成屋資訊,/case/search/sales_status/almost-sold-out/,1,1,1,1,5
google / cpc,information2,(1) 封未讀訊息 | 熱銷建案一覽：遠雄全台預售屋、新建案、新成屋資訊,/case/search/sales_status/coming-soon/,1,1,0,0,2
google / cpc,(not set),熱銷建案一覽：遠雄全台預售屋、新建案、新成屋資訊,/case/search/sales_status/coming-soon/,1,1,1,1,9
fb / paid,120229456515280138,熱銷建案一覽：遠雄全台預售屋、新建案、新成屋資訊,/case/search/sales_status/coming-soon/,1,1,1,1,27
google_kw / BH8,20240816_品牌字,熱銷建案一覽：遠雄全台預售屋、新建案、新成屋資訊,/case/search/sales_status/coming-soon/,1,1,1,1,14
google / cpc,20250616_台北豪宅/別墅,熱銷建案一覽：遠雄全台預售屋、新建案、新成屋資訊,/case/search/sales_status/coming-soon/,1,1,1,1,0
google / cpc,20250616_品牌字,熱銷建案一覽：遠雄全台預售屋、新建案、新成屋資訊,/case/search/sales_status/coming-soon/,1,1,1,1,2
(not set),20250808一輪播,熱銷建案一覽：遠雄全台預售屋、新建案、新成屋資訊,/case/search/sales_status/coming-soon/,1,1,1,1,8
google / cpc,202509_1,熱銷建案一覽：遠雄全台預售屋、新建案、新成屋資訊,/case/search/sales_status/coming-soon/,1,1,2,2,85
fb / bh11,8-1,熱銷建案一覽：遠雄全台預售屋、新建案、新成屋資訊,/case/search/sales_status/coming-soon/,1,1,1,1,30
fb / eh2,9-2,熱銷建案一覽：遠雄全台預售屋、新建案、新成屋資訊,/case/search/sales_status/coming-soon/,1,1,1,1,9
google / cpc,O1_地區字_2025.0801,熱銷建案一覽：遠雄全台預售屋、新建案、新成屋資訊,/case/search/sales_status/coming-soon/,1,1,1,1,2
google / cpc,brand0829,熱銷建案一覽：遠雄全台預售屋、新建案、新成屋資訊,/case/search/sales_status/coming-soon/,1,1,1,1,18
google / cpc,competitor,熱銷建案一覽：遠雄全台預售屋、新建案、新成屋資訊,/case/search/sales_status/coming-soon/,1,1,1,1,4
google / cpc,competitor0829,熱銷建案一覽：遠雄全台預售屋、新建案、新成屋資訊,/case/search/sales_status/coming-soon/,1,1,1,1,45
socialmedia / bh8,dcard_202508,熱銷建案一覽：遠雄全台預售屋、新建案、新成屋資訊,/case/search/sales_status/coming-soon/,1,1,1,1,69
google / cpc,extensions,熱銷建案一覽：遠雄全台預售屋、新建案、新成屋資訊,/case/search/sales_status/coming-soon/,1,1,2,2,13
fb / ar1,fb1-3,熱銷建案一覽：遠雄全台預售屋、新建案、新成屋資訊,/case/search/sales_status/coming-soon/,1,1,1,1,11
fb / bh7,fbpage,熱銷建案一覽：遠雄全台預售屋、新建案、新成屋資訊,/case/search/sales_status/coming-soon/,1,1,1,1,5
fb / eh5,form,熱銷建案一覽：遠雄全台預售屋、新建案、新成屋資訊,/case/search/sales_status/coming-soon/,1,1,1,1,29
google / cpc,gdn-02,熱銷建案一覽：遠雄全台預售屋、新建案、新成屋資訊,/case/search/sales_status/coming-soon/,1,1,1,1,96
google / cpc,gdn-1-taichung,熱銷建案一覽：遠雄全台預售屋、新建案、新成屋資訊,/case/search/sales_status/coming-soon/,1,1,1,1,30
socialmedia / fgr,ig,熱銷建案一覽：遠雄全台預售屋、新建案、新成屋資訊,/case/search/sales_status/coming-soon/,1,1,1,1,4
line-lap / bh7,lap-1,熱銷建案一覽：遠雄全台預售屋、新建案、新成屋資訊,/case/search/sales_status/coming-soon/,1,1,0,0,5
line-fgr / bh7,linefgrbh7,熱銷建案一覽：遠雄全台預售屋、新建案、新成屋資訊,/case/search/sales_status/coming-soon/,1,1,1,1,12
google / cpc,othercities_brand,熱銷建案一覽：遠雄全台預售屋、新建案、新成屋資訊,/case/search/sales_status/coming-soon/,1,1,1,1,14
web-udn / bh10,webudn0919,熱銷建案一覽：遠雄全台預售屋、新建案、新成屋資訊,/case/search/sales_status/coming-soon/,1,1,1,1,7
(direct) / (none),(direct),熱銷建案一覽：遠雄全台預售屋、新建案、新成屋資訊,/case/search/sales_status/coming-soon/page/2/,1,1,1,1,7
google / cpc,extensions,熱銷建案一覽：遠雄全台預售屋、新建案、新成屋資訊,/case/search/sales_status/coming-soon/page/2/,1,1,1,1,9
fgr-line / bh11,listbutton,熱銷建案一覽：遠雄全台預售屋、新建案、新成屋資訊,/case/search/sales_status/coming-soon/page/2/,1,1,1,1,10
google / cpc,pmax-1-anothercity,熱銷建案一覽：遠雄全台預售屋、新建案、新成屋資訊,/case/search/sales_status/coming-soon/page/2/,1,1,1,1,8
google / cpc,pmax-1-taichung,熱銷建案一覽：遠雄全台預售屋、新建案、新成屋資訊,/case/search/sales_status/coming-soon/page/2/,1,1,1,1,6
google / cpc,(not set),熱銷建案一覽：遠雄全台預售屋、新建案、新成屋資訊,/case/search/sales_status/hot-sale/,1,1,1,1,23
line / linapage,(not set),熱銷建案一覽：遠雄全台預售屋、新建案、新成屋資訊,/case/search/sales_status/hot-sale/,1,1,1,1,25
yahoo / organic,(organic),熱銷建案一覽：遠雄全台預售屋、新建案、新成屋資訊,/case/search/sales_status/hot-sale/,1,1,1,1,13
farglory.com.tw / referral,(referral),熱銷建案一覽：遠雄全台預售屋、新建案、新成屋資訊,/case/search/sales_status/hot-sale/,1,1,1,1,3
tw.search.yahoo.com / referral,(referral),熱銷建案一覽：遠雄全台預售屋、新建案、新成屋資訊,/case/search/sales_status/hot-sale/,1,1,1,1,13
line-lap / dh2,12,熱銷建案一覽：遠雄全台預售屋、新建案、新成屋資訊,/case/search/sales_status/hot-sale/,1,1,2,2,51
(not set),20250808一輪播,熱銷建案一覽：遠雄全台預售屋、新建案、新成屋資訊,/case/search/sales_status/hot-sale/,1,1,1,1,17
google / cpc,20250905五輪播,熱銷建案一覽：遠雄全台預售屋、新建案、新成屋資訊,/case/search/sales_status/hot-sale/,1,1,2,2,46
fb / h707,24,熱銷建案一覽：遠雄全台預售屋、新建案、新成屋資訊,/case/search/sales_status/hot-sale/,1,1,1,1,21
fb / h707,26,熱銷建案一覽：遠雄全台預售屋、新建案、新成屋資訊,/case/search/sales_status/hot-sale/,1,1,2,2,21
fb / h707,27,熱銷建案一覽：遠雄全台預售屋、新建案、新成屋資訊,/case/search/sales_status/hot-sale/,1,1,1,1,6
fb / h707,31,熱銷建案一覽：遠雄全台預售屋、新建案、新成屋資訊,/case/search/sales_status/hot-sale/,1,1,1,1,6
fb / bh5,43,熱銷建案一覽：遠雄全台預售屋、新建案、新成屋資訊,/case/search/sales_status/hot-sale/,1,1,2,2,50
fb / bh5,45,熱銷建案一覽：遠雄全台預售屋、新建案、新成屋資訊,/case/search/sales_status/hot-sale/,1,1,2,2,16
fb / eh2,8-6,熱銷建案一覽：遠雄全台預售屋、新建案、新成屋資訊,/case/search/sales_status/hot-sale/,1,1,2,2,11
google / cpc,CQH1-地區字,熱銷建案一覽：遠雄全台預售屋、新建案、新成屋資訊,/case/search/sales_status/hot-sale/,1,1,1,1,11
google / cpc,CQH1-競品字,熱銷建案一覽：遠雄全台預售屋、新建案、新成屋資訊,/case/search/sales_status/hot-sale/,1,1,1,1,5
google / cpc,CQH1-買房字,熱銷建案一覽：遠雄全台預售屋、新建案、新成屋資訊,/case/search/sales_status/hot-sale/,1,1,1,1,16
google / cpc,H707video_c,熱銷建案一覽：遠雄全台預售屋、新建案、新成屋資訊,/case/search/sales_status/hot-sale/,1,1,1,1,84
google / cpc,O1_特色字_2025.0801,熱銷建案一覽：遠雄全台預售屋、新建案、新成屋資訊,/case/search/sales_status/hot-sale/,1,1,2,2,18
google_kw / cqh1,brand,熱銷建案一覽：遠雄全台預售屋、新建案、新成屋資訊,/case/search/sales_status/hot-sale/,1,1,2,2,3
google / cpc,com,熱銷建案一覽：遠雄全台預售屋、新建案、新成屋資訊,/case/search/sales_status/hot-sale/,1,1,1,1,6
google / cpc,competitor0829,熱銷建案一覽：遠雄全台預售屋、新建案、新成屋資訊,/case/search/sales_status/hot-sale/,1,1,1,1,10
google-map / organic,eh1,熱銷建案一覽：遠雄全台預售屋、新建案、新成屋資訊,/case/search/sales_status/hot-sale/,1,1,2,2,29
fb / bh8,fb16-1,熱銷建案一覽：遠雄全台預售屋、新建案、新成屋資訊,/case/search/sales_status/hot-sale/,1,1,1,1,4
fb / eh5,fb28-2,熱銷建案一覽：遠雄全台預售屋、新建案、新成屋資訊,/case/search/sales_status/hot-sale/,1,1,1,1,27
fb / eh1,formbutton,熱銷建案一覽：遠雄全台預售屋、新建案、新成屋資訊,/case/search/sales_status/hot-sale/,1,1,1,1,20
google / cpc,gdn20256-8,熱銷建案一覽：遠雄全台預售屋、新建案、新成屋資訊,/case/search/sales_status/hot-sale/,1,1,1,1,20
google / cpc,gdn20257-5,熱銷建案一覽：遠雄全台預售屋、新建案、新成屋資訊,/case/search/sales_status/hot-sale/,1,1,1,1,8
google / cpc,gdn5-7,熱銷建案一覽：遠雄全台預售屋、新建案、新成屋資訊,/case/search/sales_status/hot-sale/,1,1,1,1,49
google_kw / ah2,googlemap,熱銷建案一覽：遠雄全台預售屋、新建案、新成屋資訊,/case/search/sales_status/hot-sale/,1,1,1,1,75
google_kw / h707,googlemap,熱銷建案一覽：遠雄全台預售屋、新建案、新成屋資訊,/case/search/sales_status/hot-sale/,1,1,1,1,5
google-map / organic,h707,熱銷建案一覽：遠雄全台預售屋、新建案、新成屋資訊,/case/search/sales_status/hot-sale/,1,1,1,1,3
google / cpc,information2,熱銷建案一覽：遠雄全台預售屋、新建案、新成屋資訊,/case/search/sales_status/hot-sale/,1,1,1,1,20
fb / bh5,leads,熱銷建案一覽：遠雄全台預售屋、新建案、新成屋資訊,/case/search/sales_status/hot-sale/,1,1,1,1,88
fb / dh2,leads,熱銷建案一覽：遠雄全台預售屋、新建案、新成屋資訊,/case/search/sales_status/hot-sale/,1,1,1,1,27
google / cpc,needs,熱銷建案一覽：遠雄全台預售屋、新建案、新成屋資訊,/case/search/sales_status/hot-sale/,1,1,1,1,0
fb / eh5,park,熱銷建案一覽：遠雄全台預售屋、新建案、新成屋資訊,/case/search/sales_status/hot-sale/,1,1,1,1,13
google / cpc,pmax-1-anothercity,熱銷建案一覽：遠雄全台預售屋、新建案、新成屋資訊,/case/search/sales_status/hot-sale/,1,1,1,1,28
google / cpc,(organic),熱銷建案一覽：遠雄全台預售屋、新建案、新成屋資訊,/case/search/sales_status/hot-sale/page/2/,1,1,2,2,21
yahoo / organic,(organic),熱銷建案一覽：遠雄全台預售屋、新建案、新成屋資訊,/case/search/sales_status/hot-sale/page/2/,1,1,1,1,13
line-lap / dh2,14,熱銷建案一覽：遠雄全台預售屋、新建案、新成屋資訊,/case/search/sales_status/hot-sale/page/2/,1,1,1,1,23
google_kw / BH8,20240816_品牌字,熱銷建案一覽：遠雄全台預售屋、新建案、新成屋資訊,/case/search/sales_status/hot-sale/page/2/,1,1,1,1,9
google / cpc,20250718,熱銷建案一覽：遠雄全台預售屋、新建案、新成屋資訊,/case/search/sales_status/hot-sale/page/2/,1,1,2,2,91
google / cpc,20250905五輪播,熱銷建案一覽：遠雄全台預售屋、新建案、新成屋資訊,/case/search/sales_status/hot-sale/page/2/,1,1,1,1,21
google / cpc,O1_品牌字_2025.0801,熱銷建案一覽：遠雄全台預售屋、新建案、新成屋資訊,/case/search/sales_status/hot-sale/page/2/,1,1,1,1,7
google / cpc,area,熱銷建案一覽：遠雄全台預售屋、新建案、新成屋資訊,/case/search/sales_status/hot-sale/page/2/,1,1,2,2,23
socialmedia / bh8,dcard_202508,熱銷建案一覽：遠雄全台預售屋、新建案、新成屋資訊,/case/search/sales_status/hot-sale/page/2/,1,1,4,4,37
fb / bh8,fb19-1,熱銷建案一覽：遠雄全台預售屋、新建案、新成屋資訊,/case/search/sales_status/hot-sale/page/2/,1,1,1,1,13
google_kw / h707,googlemap,熱銷建案一覽：遠雄全台預售屋、新建案、新成屋資訊,/case/search/sales_status/hot-sale/page/2/,1,1,1,1,6
google / cpc,遠雄幸福成_H713_關鍵字_0516_外縣市,熱銷建案一覽：遠雄全台預售屋、新建案、新成屋資訊,/case/search/sales_status/hot-sale/page/2/,1,1,2,2,54
google / cpc,(organic),熱銷建案一覽：遠雄全台預售屋、新建案、新成屋資訊,/case/search/sales_status/hot-sale/page/3/,1,1,1,1,12
google / organic,(organic),熱銷建案一覽：遠雄全台預售屋、新建案、新成屋資訊,/case/search/sales_status/hot-sale/page/3/,1,1,1,1,39
yahoo / organic,(organic),熱銷建案一覽：遠雄全台預售屋、新建案、新成屋資訊,/case/search/sales_status/hot-sale/page/3/,1,1,1,1,16
google_kw / BH8,20240816_品牌字,熱銷建案一覽：遠雄全台預售屋、新建案、新成屋資訊,/case/search/sales_status/hot-sale/page/3/,1,1,1,1,12
google / cpc,20250905五輪播,熱銷建案一覽：遠雄全台預售屋、新建案、新成屋資訊,/case/search/sales_status/hot-sale/page/3/,1,1,2,2,30
google / cpc,area,熱銷建案一覽：遠雄全台預售屋、新建案、新成屋資訊,/case/search/sales_status/hot-sale/page/3/,1,1,1,1,19
socialmedia / bh8,dcard_202508,熱銷建案一覽：遠雄全台預售屋、新建案、新成屋資訊,/case/search/sales_status/hot-sale/page/3/,1,1,5,5,63
fb / bh8,fb16-2,熱銷建案一覽：遠雄全台預售屋、新建案、新成屋資訊,/case/search/sales_status/hot-sale/page/3/,1,1,1,1,8
fb / bh8,fb19-1,熱銷建案一覽：遠雄全台預售屋、新建案、新成屋資訊,/case/search/sales_status/hot-sale/page/3/,1,1,1,1,24
google_kw / h707,googlemap,熱銷建案一覽：遠雄全台預售屋、新建案、新成屋資訊,/case/search/sales_status/hot-sale/page/3/,1,1,3,3,23
googlemap / o1,googlemap,"Buyer word-of-mouth recommendation: Farglory construction projects, pre-sale houses - Farglory Real Estate",/case/wom_recommendation/,1,1,0,0,1
104.com.tw / referral,(referral),買主口碑推薦：遠雄建案、預售屋 -遠雄房地產,/case/wom_recommendation/,1,1,1,1,13
faryeargroup.com / referral,(referral),買主口碑推薦：遠雄建案、預售屋 -遠雄房地產,/case/wom_recommendation/,1,1,1,1,14
fb / h713,102,買主口碑推薦：遠雄建案、預售屋 -遠雄房地產,/case/wom_recommendation/,1,1,1,1,26
fb / 8fxz11,20250520_5-2,買主口碑推薦：遠雄建案、預售屋 -遠雄房地產,/case/wom_recommendation/,1,1,1,1,7
google / cpc,20250829,買主口碑推薦：遠雄建案、預售屋 -遠雄房地產,/case/wom_recommendation/,1,1,1,1,53
google / cpc,20250901,買主口碑推薦：遠雄建案、預售屋 -遠雄房地產,/case/wom_recommendation/,1,1,1,1,3
web-ettoday / ah2,20250911-57P,買主口碑推薦：遠雄建案、預售屋 -遠雄房地產,/case/wom_recommendation/,1,1,1,1,38
google / cpc,20250918,買主口碑推薦：遠雄建案、預售屋 -遠雄房地產,/case/wom_recommendation/,1,1,1,1,15
google / cpc,brand0829,買主口碑推薦：遠雄建案、預售屋 -遠雄房地產,/case/wom_recommendation/,1,1,1,1,26
socialmedia / fgr,fb,買主口碑推薦：遠雄建案、預售屋 -遠雄房地產,/case/wom_recommendation/,1,1,1,1,6
google / cpc,gdn-01,買主口碑推薦：遠雄建案、預售屋 -遠雄房地產,/case/wom_recommendation/,1,1,2,2,15
googlemap / o1,googlemap,買主口碑推薦：遠雄建案、預售屋 -遠雄房地產,/case/wom_recommendation/,1,1,1,1,1
google / cpc,pmax-1-taichung,買主口碑推薦：遠雄建案、預售屋 -遠雄房地產,/case/wom_recommendation/,1,1,1,1,29
bing / organic,(organic),聯絡與服務 - 遠雄房地產,/contact_service/,1,1,3,3,14
tw.search.yahoo.com / referral,(referral),聯絡與服務 - 遠雄房地產,/contact_service/,1,1,2,2,25
(not set),20250905五輪播,聯絡與服務 - 遠雄房地產,/contact_service/,1,1,1,1,3
farglory.com.tw / referral,(referral),Contact Us - Farglory Real Estate,/contact_service/contact_us/,1,1,1,1,122
google / cpc,(organic),聯絡我們 - 遠雄房地產,/contact_service/contact_us/,1,1,1,1,14
pmp / (not set),6,聯絡我們 - 遠雄房地產,/contact_service/contact_us/,1,1,1,1,2
google / cpc,北大店-品牌字,聯絡我們 - 遠雄房地產,/contact_service/contact_us/,1,1,1,1,41
farglory.com.tw / referral,(referral),Contact Us Submit Success - Farglory Real Estate,/contact_service/contact_us/聯絡我們送出成功/,1,1,0,0,73
farglory.com.tw / referral,(referral),聯絡我們送出成功 - 遠雄房地產,/contact_service/contact_us/聯絡我們送出成功/,1,1,1,1,0
google / cpc,北大店-買房字,聯絡我們送出成功 - 遠雄房地產,/contact_service/contact_us/聯絡我們送出成功/,1,1,1,1,21
google / cpc,(organic),遠雄菁英分享 - 遠雄房地產,/contact_service/elite_sharing/,1,1,4,4,8
tw.search.yahoo.com / referral,(referral),遠雄菁英分享 - 遠雄房地產,/contact_service/elite_sharing/,1,1,2,2,11
news.google.com / referral,(referral),加入遠雄 築夢齊飛！-遠雄房地產,/contact_service/join_farglory/,1,1,1,1,14
fb / h707,10,加入遠雄 築夢齊飛！-遠雄房地產,/contact_service/join_farglory/,1,1,1,1,0
google / cpc,(organic),福利制度 - 遠雄房地產,/contact_service/welfare_system/,1,1,1,1,7
chatgpt.com / referral,(referral),福利制度 - 遠雄房地產,/contact_service/welfare_system/,1,1,1,1,56
tw.search.yahoo.com / referral,(referral),福利制度 - 遠雄房地產,/contact_service/welfare_system/,1,1,2,2,54
google / organic,(organic),工作環境-遠雄房地產,/contact_service/working_environment/,1,1,1,1,4
(not set),20250905五輪播,工作環境-遠雄房地產,/contact_service/working_environment/,1,1,1,1,18
google / organic,(organic),遠雄夏沐-線上接待中心,/customer,1,1,5,5,200
(direct) / (none),(direct),遠房好友電子報感謝頁 - 遠雄房地產,/edm_thank_you_page/,1,1,1,1,3
bing / organic,(organic),遠房好友電子報感謝頁 - 遠雄房地產,/edm_thank_you_page/,1,1,1,1,8
yahoo / organic,(organic),遠房好友電子報感謝頁 - 遠雄房地產,/edm_thank_you_page/,1,1,1,1,2
mkto-sn070013.com / referral,(referral),遠房好友電子報感謝頁 - 遠雄房地產,/edm_thank_you_page/,1,1,1,1,1
pmp / (not set),6,遠房好友電子報感謝頁 - 遠雄房地產,/edm_thank_you_page/,1,1,1,1,0
line-fgr / bh7,linefgrbh7,遠房好友電子報感謝頁 - 遠雄房地產,/edm_thank_you_page/,1,1,2,2,11
google / cpc,pmax-1-anothercity,遠房好友電子報感謝頁 - 遠雄房地產,/edm_thank_you_page/,1,1,1,1,4
EDM / referral,滿意度問券,遠房好友電子報感謝頁 - 遠雄房地產,/edm_thank_you_page/,1,1,1,1,8
(direct) / (none),(direct),找不到頁面 - 遠雄房地產,/farglory-realty-abou/,1,1,2,2,5
(direct) / (none),(direct),關於我們 彙整 - 遠雄房地產,/farglory-realty-about/,1,1,2,2,15
(direct) / (none),(direct),國家級的建築肯定-遠雄房地產,/farglory-realty-about/national-building/,1,1,1,1,0
google / cpc,(organic),世界造鎮推手‧遠雄譜寫台灣經濟奇蹟-遠雄房地產,/farglory-realty-about/push-hand/,1,1,1,1,18
104.com.tw / referral,(referral),世界造鎮推手‧遠雄譜寫台灣經濟奇蹟-遠雄房地產,/farglory-realty-about/push-hand/,1,1,1,1,5
google / cpc,brand,世界造鎮推手‧遠雄譜寫台灣經濟奇蹟-遠雄房地產,/farglory-realty-about/push-hand/,1,1,1,1,109
google / cpc,遠雄幸福成_H713_關鍵字_0516_外縣市,世界造鎮推手‧遠雄譜寫台灣經濟奇蹟-遠雄房地產,/farglory-realty-about/push-hand/,1,1,1,1,23
bing / organic,(organic),遠雄智慧二代宅‧成就所有可能-遠雄房地產,/farglory-realty-about/second-generation/,1,1,2,2,14
google / cpc,brand,遠雄智慧二代宅‧成就所有可能-遠雄房地產,/farglory-realty-about/second-generation/,1,1,1,1,5
bing / organic,(organic),遠房好友電子報 - 遠雄房地產,/farglory-realty_edm/,1,1,1,1,5
yahoo / organic,(organic),遠房好友電子報 - 遠雄房地產,/farglory-realty_edm/,1,1,1,1,21
farglory.com.tw / referral,(referral),遠房好友電子報 - 遠雄房地產,/farglory-realty_edm/,1,1,2,2,1
localhost:8080 / referral,(referral),遠房好友電子報 - 遠雄房地產,/farglory-realty_edm/,1,1,2,2,1
m000476.com / referral,(referral),遠房好友電子報 - 遠雄房地產,/farglory-realty_edm/,1,1,1,1,1
mkto-sn070013.com / referral,(referral),遠房好友電子報 - 遠雄房地產,/farglory-realty_edm/,1,1,1,1,65
google / cpc,brand,遠房好友電子報 - 遠雄房地產,/farglory-realty_edm/,1,1,1,1,1
fb / dgm1,fb5-2,遠房好友電子報 - 遠雄房地產,/farglory-realty_edm/,1,1,1,1,0
fb / eh5,privacy,遠房好友電子報 - 遠雄房地產,/farglory-realty_edm/,1,1,1,1,33
(direct) / (none),(direct),Elementor #23809 - DEMO遠雄房地產,/gc_farbear/,1,1,2,2,0
(not set),20250613一輪播,最懂生活的購屋專家-遠雄房地產,/gc_farbear/,1,1,1,1,9
(not set),20250905五輪播,最懂生活的購屋專家-遠雄房地產,/gc_farbear/,1,1,1,1,1
(direct) / (none),(direct),預約成功 - DEMO遠雄房地產,/gc_farbear/appointment_successful/,1,1,1,1,2
(direct) / (none),(direct),遠雄U-TOWN-新北市汐止區廠辦/企業總部-預約賞屋，遠雄房地產,/gc_farbear/buildings/bh5/,1,1,2,2,31
(direct) / (none),(direct),遠雄綠禾-台南市永康區預售屋/新建案-預約賞屋，遠雄房地產,/gc_farbear/buildings/bh6/,1,1,1,1,23
(direct) / (none),(direct),遠雄青晉-桃園市桃園區預售屋/新建案-預約賞屋，遠雄房地產,/gc_farbear/buildings/h807/,1,1,1,1,86
(not set),20250711一輪播,test - DEMO遠雄房地產,/gc_farbear/buildings/test/,1,1,1,1,14
(not set),20250905五輪播,test - DEMO遠雄房地產,/gc_farbear/buildings/test/,1,1,0,0,0
(direct) / (none),(direct),熱銷建案(台北、新北、台中、桃園、台南、高雄) - 遠雄房地產,/gc_farbear/case/,1,1,1,1,20
(direct) / (none),(direct),熱銷建案(台北、新北、台中、桃園、台南、高雄)一覽 - 遠雄房地產,/gc_farbear/case/search/,1,1,1,1,24
(not set),20250613一輪播,遠雄房地產預約賞屋(線上賞屋與預約賞屋),/gc_farbear/make_appointment/,1,1,1,1,26
(not set),20250613一輪播,Vic測試-預約賞屋驗證手機 - DEMO遠雄房地產,/gc_farbear/vic測試-預約賞屋驗證手機/,1,1,3,3,1675
(direct) / (none),(direct),遠雄商舟,/index.html,1,1,1,1,0
google / organic,(organic),2025七月主題報 - 遠雄房地產,/jul2025/,1,1,1,1,24
(direct) / (none),(direct),好友主題報-2024年6月 - 遠雄房地產,/jun2024/,1,1,1,1,0
manager.line.biz / referral,(referral),2025六月主題報 - 遠雄房地產,/jun2025/,1,1,1,1,7
(direct) / (none),(direct),H109-edm - 遠雄房地產,/landing-page/h109-edm/,1,1,3,3,6
google / organic,(organic),專家問與答 - 遠雄房地產,/landing-page/專家問與答/,1,1,1,1,7
(not set),20250919一輪播,landmark | 遠雄THE ONE,/landmark/,1,1,1,1,47
fb / cqh1,fb-23,landmark | 遠雄THE ONE,/landmark/,1,1,1,1,40
google / organic,(organic),"生活機能,遠雄夏沐-線上接待中心",/landscape/long-shot,1,1,1,1,10
(not set),20250919一輪播,"生活機能,遠雄琢蘊-線上接待中心",/landscape/long-shot,1,1,1,1,13
google / organic,(organic),遠雄PARK ONE,/life,1,1,1,1,13
(direct) / (none),(direct),高力國際 董事長暨董事總經理 劉學龍 彙整 - 遠雄房地產,/life-proposal-category/expert_point/commercial_liu/,1,1,1,1,11
(not set),20250711一輪播,天易地政事務所所長 朱智豪 彙整 - 遠雄房地產,/life-proposal-category/expert_point/land_zhu/,1,1,1,1,1
(direct) / (none),(direct),財經M平方 彙整 - 遠雄房地產,/life-proposal-category/expert_point/macro_micro/,1,1,1,1,1
google / cpc,gdn-01,"Disusun oleh Liu Peizhen, Direktur Database Industri dan Ekonomi dari Institut Penelitian Ekonomi Taiwan dan Rekan APIAA - Farglory Real Estate",/life-proposal-category/expert_point/pei_zhen/,1,1,1,1,2
bing / organic,(organic),台經院產經資料庫總監、APIAA院士  劉佩真 彙整 - 遠雄房地產,/life-proposal-category/expert_point/pei_zhen/,1,1,1,1,11
tw.search.yahoo.com / referral,(referral),台經院產經資料庫總監、APIAA院士  劉佩真 彙整 - 遠雄房地產,/life-proposal-category/expert_point/pei_zhen/,1,1,1,1,14
google / cpc,needs,台經院產經資料庫總監、APIAA院士  劉佩真 彙整 - 遠雄房地產,/life-proposal-category/expert_point/pei_zhen/,1,1,1,1,3
excel.officeapps.live.com / referral,(referral),永然聯合法律事務所 彙整 - 遠雄房地產,/life-proposal-category/expert_point/y-rlee/,1,1,1,1,1
google / organic,(organic),私法人 彙整 - 遠雄房地產,/life-proposal-tag/1、客層/1購屋對象/私法人/,1,1,1,1,10
google / organic,(organic),退休 彙整 - 遠雄房地產,/life-proposal-tag/1、客層/1購屋對象/退休/,1,1,1,1,5
google / organic,(organic),自住 彙整 - 遠雄房地產,/life-proposal-tag/1、客層/2購屋需求/自住/,1,1,2,2,16
(direct) / (none),(direct),2025房市趨勢 彙整 - 遠雄房地產,/life-proposal-tag/2、市場/1市場相關專有詞/2025房市趨勢/,1,1,1,1,16
google / organic,(organic),2025房市趨勢 彙整 - 遠雄房地產,/life-proposal-tag/2、市場/1市場相關專有詞/2025房市趨勢/,1,1,1,1,28
(direct) / (none),(direct),住宅 彙整 - 遠雄房地產,/life-proposal-tag/2、市場/1市場相關專有詞/住宅/,1,1,1,1,0
fgr-line / fgr,tax_mitigation_housetax_20220902,六都交易量 彙整 - 遠雄房地產,/life-proposal-tag/2、市場/1市場相關專有詞/六都交易量/,1,1,1,1,20
google / cpc,20250718,房地產市場 彙整 - 遠雄房地產,/life-proposal-tag/2、市場/1市場相關專有詞/房地產市場/,1,1,1,1,8
google / organic,(organic),限貸令 彙整 - 遠雄房地產,/life-proposal-tag/2、市場/1市場相關專有詞/限貸令/,1,1,1,1,0
excel.officeapps.live.com / referral,(referral),公證遺囑 彙整 - 遠雄房地產,/life-proposal-tag/2、市場/2稅務政策相關/estate_tax/公證遺囑/,1,1,3,3,6
google / organic,(organic),擬制遺產 彙整 - 遠雄房地產,/life-proposal-tag/2、市場/2稅務政策相關/estate_tax/擬制遺產/,1,1,1,1,11
excel.officeapps.live.com / referral,(referral),自書遺囑 彙整 - 遠雄房地產,/life-proposal-tag/2、市場/2稅務政策相關/estate_tax/自書遺囑/,1,1,1,1,1
google / organic,(organic),配偶贈與 彙整 - 遠雄房地產,/life-proposal-tag/2、市場/2稅務政策相關/gift_tax/配偶贈與/,1,1,2,2,131
(not set),20250905五輪播,房地合一稅 彙整 - 遠雄房地產,/life-proposal-tag/2、市場/2稅務政策相關/house-and-land/,1,1,2,2,1
(not set),20250905五輪播,豪宅稅 彙整 - 遠雄房地產,/life-proposal-tag/2、市場/2稅務政策相關/house_tax/豪宅稅/,1,1,0,0,21
socialmedia / fgr,fb20250822,豪宅稅 彙整 - 遠雄房地產,/life-proposal-tag/2、市場/2稅務政策相關/house_tax/豪宅稅/,1,1,1,1,15
(direct) / (none),(direct),地價稅 彙整 - 遠雄房地產,/life-proposal-tag/2、市場/2稅務政策相關/land_tax/,1,1,1,1,0
google / organic,(organic),土地增值稅 彙整 - 遠雄房地產,/life-proposal-tag/2、市場/2稅務政策相關/land_value/,1,1,1,1,9
socialmedia / fgr,fb20250822,土地增值稅 彙整 - 遠雄房地產,/life-proposal-tag/2、市場/2稅務政策相關/land_value/,1,1,1,1,8
(direct) / (none),(direct),節稅 彙整 - 遠雄房地產,/life-proposal-tag/2、市場/2稅務政策相關/saving_money/,1,1,1,1,0
fgr-line / fgr,expert_zhu_propertytax_20230814,節稅 彙整 - 遠雄房地產,/life-proposal-tag/2、市場/2稅務政策相關/saving_money/,1,1,1,1,35
fgr-line / fg,contract/,免稅額 彙整 - 遠雄房地產,/life-proposal-tag/2、市場/2稅務政策相關/免稅額/,1,1,2,2,33
(direct) / (none),(direct),打房 彙整 - 遠雄房地產,/life-proposal-tag/2、市場/2稅務政策相關/打房/,1,1,1,1,0
google / organic,(organic),稅賦 彙整 - 遠雄房地產,/life-proposal-tag/2、市場/2稅務政策相關/稅賦/,1,1,1,1,14
google / organic,(organic),空屋稅 彙整 - 遠雄房地產,/life-proposal-tag/2、市場/2稅務政策相關/空屋稅/,1,1,2,2,5
excel.officeapps.live.com / referral,(referral),繼承登記 彙整 - 遠雄房地產,/life-proposal-tag/2、市場/2稅務政策相關/繼承登記/,1,1,1,1,0
excel.officeapps.live.com / referral,(referral),不動產繼承 彙整 - 遠雄房地產,/life-proposal-tag/2、市場/2稅務政策相關/繼承登記/不動產繼承/,1,1,1,1,0
google / organic,(organic),土地公告現值 彙整 - 遠雄房地產,/life-proposal-tag/2、市場/3價格相關/土地公告現值/,1,1,1,1,1
google / organic,(organic),實價登錄 彙整 - 遠雄房地產,/life-proposal-tag/2、市場/3價格相關/實價登錄/,1,1,1,1,13
google / cpc,202509_1,實價登錄 彙整 - 遠雄房地產,/life-proposal-tag/2、市場/3價格相關/實價登錄/,1,1,1,1,20
(not set),(not set),商用不動產 彙整 - 遠雄房地產,/life-proposal-tag/2、市場/commercial_real_estate/,1,1,1,1,1
excel.officeapps.live.com / referral,(referral),商用不動產 彙整 - 遠雄房地產,/life-proposal-tag/2、市場/commercial_real_estate/,1,1,2,2,2
(not set),20250808一輪播,商用不動產 彙整 - 遠雄房地產,/life-proposal-tag/2、市場/commercial_real_estate/,1,1,1,1,7
google / cpc,needs,商用不動產 彙整 - 遠雄房地產,/life-proposal-tag/2、市場/commercial_real_estate/,1,1,1,1,47
google / organic,(organic),地籍異動 彙整 - 遠雄房地產,/life-proposal-tag/3、交易/1購屋流程相關/地籍異動/,1,1,2,2,6
google / organic,(organic),定型化契約 彙整 - 遠雄房地產,/life-proposal-tag/3、交易/1購屋流程相關/定型化契約/,1,1,1,1,1
excel.officeapps.live.com / referral,(referral),權狀 彙整 - 遠雄房地產,/life-proposal-tag/3、交易/1購屋流程相關/權狀/,1,1,1,1,0
(not set),20250808一輪播,權狀 彙整 - 遠雄房地產,/life-proposal-tag/3、交易/1購屋流程相關/權狀/,1,1,1,1,0
google / organic,(organic),買屋流程 彙整 - 遠雄房地產,/life-proposal-tag/3、交易/1購屋流程相關/買屋流程/,1,1,2,2,55
bing / organic,(organic),驗屋流程 彙整 - 遠雄房地產,/life-proposal-tag/3、交易/1購屋流程相關/驗屋流程/,1,1,1,1,6
google / organic,(organic),驗屋流程 彙整 - 遠雄房地產,/life-proposal-tag/3、交易/1購屋流程相關/驗屋流程/,1,1,1,1,2
yt / fgr,expert_housing-market_20250820,十大建商 彙整 - 遠雄房地產,/life-proposal-tag/4、品牌/1品牌相關/十大建商/,1,1,1,1,80
google / organic,(organic),建商 彙整 - 遠雄房地產,/life-proposal-tag/4、品牌/1品牌相關/建商/,1,1,1,1,19
(direct) / (none),(direct),建商評價 彙整 - 遠雄房地產,/life-proposal-tag/4、品牌/1品牌相關/建商評價/,1,1,1,1,0
bing / organic,(organic),財務能力 彙整 - 遠雄房地產,/life-proposal-tag/4、品牌/1品牌相關/財務能力/,1,1,1,1,7
google / organic,(organic),交通建設 彙整 - 遠雄房地產,/life-proposal-tag/5、區域/1區域地段/交通建設/,1,1,1,1,3
bing / organic,(organic),交通機能 彙整 - 遠雄房地產,/life-proposal-tag/5、區域/1區域地段/交通機能/,1,1,1,1,18
fb / h707,12,交通機能 彙整 - 遠雄房地產,/life-proposal-tag/5、區域/1區域地段/交通機能/,1,1,1,1,0
google / organic,(organic),生活機能 彙整 - 遠雄房地產,/life-proposal-tag/5、區域/1區域地段/生活機能/,1,1,1,1,21
fb / h707,6,生活機能 彙整 - 遠雄房地產,/life-proposal-tag/5、區域/1區域地段/生活機能/,1,1,1,1,0
(direct) / (none),(direct),台中市 彙整 - 遠雄房地產,/life-proposal-tag/5、區域/1區域地段/縣市/台中市/,1,1,1,1,0
fb / bh11,8-2,台中市 彙整 - 遠雄房地產,/life-proposal-tag/5、區域/1區域地段/縣市/台中市/,1,1,1,1,3
fb / bh11,9-3,台中市 彙整 - 遠雄房地產,/life-proposal-tag/5、區域/1區域地段/縣市/台中市/,1,1,1,1,6
google / organic,(organic),北屯區 彙整 - 遠雄房地產,/life-proposal-tag/5、區域/1區域地段/縣市/台中市/beitun/,1,1,2,2,22
localhost:8080 / referral,(referral),北屯區 彙整 - 遠雄房地產,/life-proposal-tag/5、區域/1區域地段/縣市/台中市/beitun/,1,1,1,1,2
google / organic,(organic),十四期 彙整 - 遠雄房地產,/life-proposal-tag/5、區域/1區域地段/縣市/台中市/beitun/fourthteen/,1,1,1,1,0
fb / h707,16,十四期 彙整 - 遠雄房地產,/life-proposal-tag/5、區域/1區域地段/縣市/台中市/beitun/fourthteen/,1,1,1,1,0
google / cpc,Taichung,十四期 彙整 - 遠雄房地產,/life-proposal-tag/5、區域/1區域地段/縣市/台中市/beitun/fourthteen/,1,1,1,1,72
google / organic,(organic),清水區 彙整 - 遠雄房地產,/life-proposal-tag/5、區域/1區域地段/縣市/台中市/qingshui/,1,1,1,1,33
fb / h707,7,七期 彙整 - 遠雄房地產,/life-proposal-tag/5、區域/1區域地段/縣市/台中市/seventh/,1,1,1,1,0
google / organic,(organic),梧棲區 彙整 - 遠雄房地產,/life-proposal-tag/5、區域/1區域地段/縣市/台中市/wuqi/,1,1,2,2,25
(direct) / (none),(direct),西屯區 彙整 - 遠雄房地產,/life-proposal-tag/5、區域/1區域地段/縣市/台中市/xitun/,1,1,1,1,12
google / organic,(organic),台北市 彙整 - 遠雄房地產,/life-proposal-tag/5、區域/1區域地段/縣市/台北市/,1,1,1,1,12
fb / 5vo1,2025090503,北投區 彙整 - 遠雄房地產,/life-proposal-tag/5、區域/1區域地段/縣市/台北市/beitou/,1,1,1,1,0
statics.teams.cdn.office.net / referral,(referral),北士科 彙整 - 遠雄房地產,/life-proposal-tag/5、區域/1區域地段/縣市/台北市/beitou/北士科/,1,1,3,3,12
fb / 5vo1,2025090501,北士科 彙整 - 遠雄房地產,/life-proposal-tag/5、區域/1區域地段/縣市/台北市/beitou/北士科/,1,1,1,1,0
(direct) / (none),(direct),北投士林科技園區 彙整 - 遠雄房地產,/life-proposal-tag/5、區域/1區域地段/縣市/台北市/beitou/北投士林科技園區/,1,1,1,1,48
google / cpc,(organic),北投士林科技園區 彙整 - 遠雄房地產,/life-proposal-tag/5、區域/1區域地段/縣市/台北市/beitou/北投士林科技園區/,1,1,1,1,7
(direct) / (none),(direct),台南市 彙整 - 遠雄房地產,/life-proposal-tag/5、區域/1區域地段/縣市/台南市/,1,1,1,1,0
(not set),20250905五輪播,台南市 彙整 - 遠雄房地產,/life-proposal-tag/5、區域/1區域地段/縣市/台南市/,1,1,1,1,17
google / cpc,com,台南市 彙整 - 遠雄房地產,/life-proposal-tag/5、區域/1區域地段/縣市/台南市/,1,1,2,2,59
(not set),20250905五輪播,台南市 彙整 - 頁2，共3 - 遠雄房地產,/life-proposal-tag/5、區域/1區域地段/縣市/台南市/page/2/,1,1,2,2,25
google / cpc,brand,台南市 彙整 - 頁2，共3 - 遠雄房地產,/life-proposal-tag/5、區域/1區域地段/縣市/台南市/page/2/,1,1,2,2,110
(not set),20250905五輪播,台南市 彙整 - 頁3，共3 - 遠雄房地產,/life-proposal-tag/5、區域/1區域地段/縣市/台南市/page/3/,1,1,1,1,3
google / cpc,brand,台南市 彙整 - 頁3，共3 - 遠雄房地產,/life-proposal-tag/5、區域/1區域地段/縣市/台南市/page/3/,1,1,1,1,43
(direct) / (none),(direct),運河星鑽特區 彙整 - 遠雄房地產,/life-proposal-tag/5、區域/1區域地段/縣市/台南市/中西區/運河星鑽特區/,1,1,2,2,22
fb / dgm1,fbfanpage0829,中和區 彙整 - 遠雄房地產,/life-proposal-tag/5、區域/1區域地段/縣市/新北市/zhonghe/,1,1,1,1,0
google / organic,(organic),板橋區 彙整 - 遠雄房地產,/life-proposal-tag/5、區域/1區域地段/縣市/新北市/板橋區/,1,1,1,1,4
google / organic,(organic),(1) 封未讀訊息 | 南雅地區 彙整 - 遠雄房地產,/life-proposal-tag/5、區域/1區域地段/縣市/新北市/板橋區/南雅地區/,1,1,0,0,29
google / organic,(organic),南雅地區 彙整 - 遠雄房地產,/life-proposal-tag/5、區域/1區域地段/縣市/新北市/板橋區/南雅地區/,1,1,2,2,8
(not set),20250905五輪播,遠東通訊園區 彙整 - 遠雄房地產,/life-proposal-tag/5、區域/1區域地段/縣市/新北市/板橋區/遠東通訊園區/,1,1,1,1,0
google / organic,(organic),桃園市 彙整 - 遠雄房地產,/life-proposal-tag/5、區域/1區域地段/縣市/桃園市/,1,1,1,1,0
google / organic,(organic),龜山區 彙整 - 遠雄房地產,/life-proposal-tag/5、區域/1區域地段/縣市/桃園市/guishan/,1,1,1,1,6
google / cpc,(organic),高雄市 彙整 - 遠雄房地產,/life-proposal-tag/5、區域/1區域地段/縣市/高雄市/,1,1,1,1,11
fb / eh1,2-5,高雄市 彙整 - 遠雄房地產,/life-proposal-tag/5、區域/1區域地段/縣市/高雄市/,1,1,1,1,16
google / cpc,O1_品牌字_2025.0801,高雄市 彙整 - 遠雄房地產,/life-proposal-tag/5、區域/1區域地段/縣市/高雄市/,1,1,1,1,19
google / cpc,com,高雄市 彙整 - 遠雄房地產,/life-proposal-tag/5、區域/1區域地段/縣市/高雄市/,1,1,1,1,2
fb / eh5,fb28-2,高雄市 彙整 - 遠雄房地產,/life-proposal-tag/5、區域/1區域地段/縣市/高雄市/,1,1,1,1,47
google / cpc,information4,高雄市 彙整 - 遠雄房地產,/life-proposal-tag/5、區域/1區域地段/縣市/高雄市/,1,1,1,1,34
google / organic,(organic),楠梓區 彙整 - 遠雄房地產,/life-proposal-tag/5、區域/1區域地段/縣市/高雄市/楠梓區/,1,1,1,1,0
google / organic,(organic),高大特區 彙整 - 遠雄房地產,/life-proposal-tag/5、區域/1區域地段/縣市/高雄市/楠梓區/高大特區/,1,1,1,1,15
fb / eh5,fb29-1,高大特區 彙整 - 遠雄房地產,/life-proposal-tag/5、區域/1區域地段/縣市/高雄市/楠梓區/高大特區/,1,1,1,1,0
fb / h707,9,重大建設 彙整 - 遠雄房地產,/life-proposal-tag/5、區域/1區域地段/重大建設/,1,1,1,1,0
google / organic,(organic),室內設計 彙整 - 頁3，共3 - 遠雄房地產,/life-proposal-tag/6、產品/11設計風格類型/interior_design/page/3/,1,1,1,1,7
fb / dgm1,fb6-2,開放式格局 彙整 - 遠雄房地產,/life-proposal-tag/6、產品/11設計風格類型/開放式格局/,1,1,1,1,0
google / organic,(organic),物業管理 彙整 - 遠雄房地產,/life-proposal-tag/6、產品/12服務/b-物業管理/,1,1,1,1,8
(not set),20250905五輪播,預售屋 彙整 - 遠雄房地產,/life-proposal-tag/6、產品/1建築專有名詞/屋型/預售屋/,1,1,1,1,17
(not set),20250919一輪播,預售屋 彙整 - 遠雄房地產,/life-proposal-tag/6、產品/1建築專有名詞/屋型/預售屋/,1,1,1,1,437
google / cpc,brand,預售屋 彙整 - 遠雄房地產,/life-proposal-tag/6、產品/1建築專有名詞/屋型/預售屋/,1,1,1,1,0
fb / bh10,fb20259-3,預售屋 彙整 - 遠雄房地產,/life-proposal-tag/6、產品/1建築專有名詞/屋型/預售屋/,1,1,1,1,1
google / organic,(organic),公共設施 彙整 - 遠雄房地產,/life-proposal-tag/6、產品/2建築計算/公共設施/,1,1,1,1,2
google / organic,(organic),樓高 彙整 - 遠雄房地產,/life-proposal-tag/6、產品/2建築計算/樓高/,1,1,1,1,4
google / organic,(organic),綠建築 彙整 - 遠雄房地產,/life-proposal-tag/6、產品/4產品規劃-建築/a-建築規劃/綠建築/,1,1,1,1,5
google / organic,(organic),Low-E 玻璃 彙整 - 遠雄房地產,/life-proposal-tag/6、產品/4產品規劃-建築/a-建築規劃/降溫節能/low-e-玻璃/,1,1,1,1,2
(direct) / (none),(direct),建材 彙整 - 遠雄房地產,/life-proposal-tag/6、產品/8建材規劃/a-建材/,1,1,1,1,10
google / organic,(organic),專用材料 彙整 - 遠雄房地產,/life-proposal-tag/6、產品/8建材規劃/專用材料/,1,1,1,1,1
bing / organic,(organic),結構工法 彙整 - 遠雄房地產,/life-proposal-tag/6、產品/9結構/a-結構工法/,1,1,1,1,5
google / organic,(organic),基礎結構 彙整 - 遠雄房地產,/life-proposal-tag/6、產品/9結構/基礎結構/,1,1,2,2,6
google / organic,(organic),建築工法 彙整 - 遠雄房地產,/life-proposal-tag/6、產品/9結構/建築工法/,1,1,1,1,4
search.google.com / referral,(referral),筏式基礎 彙整 - 遠雄房地產,/life-proposal-tag/6、產品/9結構/筏式基礎/,1,1,1,1,4
google / organic,(organic),遠雄藝舍 彙整 - 遠雄房地產,/life-proposal-tag/8、遠雄房地產建案/bh6/,1,1,1,1,0
google / organic,(organic),遠雄藏萃 彙整 - 遠雄房地產,/life-proposal-tag/8、遠雄房地產建案/dh5/,1,1,1,1,2
google / organic,(organic),遠雄明水漾 彙整 - 遠雄房地產,/life-proposal-tag/8、遠雄房地產建案/遠雄明水漾/,1,1,1,1,2
google / organic,(organic),遠雄琢蘊 彙整 - 遠雄房地產,/life-proposal-tag/8、遠雄房地產建案/遠雄琢蘊/,1,1,1,1,12
google / cpc,brand,遠雄琢蘊 彙整 - 遠雄房地產,/life-proposal-tag/8、遠雄房地產建案/遠雄琢蘊/,1,1,1,1,10
google / organic,(organic),遠雄綠美 彙整 - 遠雄房地產,/life-proposal-tag/8、遠雄房地產建案/遠雄綠美/,1,1,1,1,11
(direct) / (none),(direct),商辦 彙整 - 遠雄房地產,/life-proposal-tag/commercial/commercial-commercial/,1,1,1,1,0
tw.search.yahoo.com / referral,(referral),科學園區 彙整 - 遠雄房地產,/life-proposal-tag/commercial/科學園區/,1,1,2,2,17
(not set),20250905五輪播,南科 彙整 - 遠雄房地產,/life-proposal-tag/commercial/科學園區/南科-commercial/,1,1,1,1,0
(not set),20250905五輪播,科技業 彙整 - 遠雄房地產,/life-proposal-tag/commercial/科技業/,1,1,1,1,0
google / organic,(organic),減碳 彙整 - 遠雄房地產,/life-proposal-tag/esg/carbon_reduction/,1,1,1,1,3
google / organic,(organic),何世昌 彙整 - 遠雄房地產,/life-proposal-tag/expert/何世昌/,1,1,1,1,1
fb / bh10,fbearlybird_form,何世昌 彙整 - 遠雄房地產,/life-proposal-tag/expert/何世昌/,1,1,1,1,9
google / organic,(organic),玄關設計 彙整 - 遠雄房地產,/life-proposal-tag/interior_design-2/entrance/,1,1,2,2,85
(not set),20250905五輪播,小坪數收納 彙整 - 遠雄房地產,/life-proposal-tag/interior_design-2/storage/,1,1,1,1,8
google / organic,(organic),預告登記 彙整 - 遠雄房地產,/life-proposal-tag/law_property/borrow_name_2/,1,1,1,1,0
(not set),20250808一輪播,預告登記 彙整 - 遠雄房地產,/life-proposal-tag/law_property/borrow_name_2/,1,1,1,1,2
google / organic,(organic),抵押權 彙整 - 遠雄房地產,/life-proposal-tag/law_property/hypothec/,1,1,3,3,6
(not set),20250905五輪播,抵押權 彙整 - 遠雄房地產,/life-proposal-tag/law_property/hypothec/,1,1,1,1,1
(not set),20250808一輪播,產權登記 彙整 - 遠雄房地產,/life-proposal-tag/law_property/property_registration/,1,1,1,1,0
(not set),20250905五輪播,不動產詐騙 彙整 - 遠雄房地產,/life-proposal-tag/law_property/不動產詐騙/,1,1,1,1,1
google / organic,(organic),剩餘財產分配 彙整 - 遠雄房地產,/life-proposal-tag/law_property/剩餘財產分配/,1,1,2,2,0
(direct) / (none),(direct),法定空地 彙整 - 遠雄房地產,/life-proposal-tag/law_property/法定空地/,1,1,1,1,6
google / organic,(organic),繼承程序 彙整 - 遠雄房地產,/life-proposal-tag/law_property/繼承程序/,1,1,1,1,3
google / organic,(organic),居家清潔 彙整 - 遠雄房地產,/life-proposal-tag/living_quality/cleaning/,1,1,1,1,6
(not set),20250905五輪播,居家清潔 彙整 - 遠雄房地產,/life-proposal-tag/living_quality/cleaning/,1,1,1,1,2
google / organic,(organic),玻璃清潔 彙整 - 遠雄房地產,/life-proposal-tag/living_quality/cleaning/玻璃清潔/,1,1,2,2,2
(direct) / (none),(direct),居家保養 彙整 - 遠雄房地產,/life-proposal-tag/living_quality/living/,1,1,1,1,0
(not set),20250905五輪播,居家保養 彙整 - 遠雄房地產,/life-proposal-tag/living_quality/living/,1,1,1,1,20
(direct) / (none),(direct),AI 產業 彙整 - 遠雄房地產,/life-proposal-tag/macroeconomics-2/ai-產業/,1,1,1,1,0
(direct) / (none),(direct),聯準會 彙整 - 遠雄房地產,/life-proposal-tag/macroeconomics-2/fed/,1,1,1,1,11
(direct) / (none),(direct),總經趨勢 彙整 - 遠雄房地產,/life-proposal-tag/macroeconomics-2/macroeconomics/,1,1,1,1,0
(not set),20250905五輪播,總經趨勢 彙整 - 遠雄房地產,/life-proposal-tag/macroeconomics-2/macroeconomics/,1,1,1,1,5
(not set),20250905五輪播,財經M平方 彙整 - 遠雄房地產,/life-proposal-tag/macroeconomics-2/macromicro/,1,1,1,1,32
google / organic,(organic),財經M平方 彙整 - 頁2，共3 - 遠雄房地產,/life-proposal-tag/macroeconomics-2/macromicro/page/2/,1,1,1,1,15
google / organic,(organic),財經M平方 彙整 - 頁3，共3 - 遠雄房地產,/life-proposal-tag/macroeconomics-2/macromicro/page/3/,1,1,1,1,7
(direct) / (none),(direct),製造業 彙整 - 遠雄房地產,/life-proposal-tag/macroeconomics-2/manufacturing/,1,1,1,1,0
fb / fm3,fb4-1,製造業 彙整 - 遠雄房地產,/life-proposal-tag/macroeconomics-2/manufacturing/,1,1,1,1,0
(direct) / (none),(direct),PMI 彙整 - 遠雄房地產,/life-proposal-tag/macroeconomics-2/pmi/,1,1,1,1,5
google / cpc,gdn-01,Konsolidasi Semikonduktor - Farglory Real Estate,/life-proposal-tag/macroeconomics-2/semiconductor/,1,1,1,1,15
fgr-line / fgr,expert_zhu_land-deal_20250813,半導體 彙整 - 遠雄房地產,/life-proposal-tag/macroeconomics-2/semiconductor/,1,1,1,1,15
fb / 8fsl01,fb6-2,半導體 彙整 - 遠雄房地產,/life-proposal-tag/macroeconomics-2/semiconductor/,1,1,1,1,0
(not set),20250905五輪播,供應鏈 彙整 - 遠雄房地產,/life-proposal-tag/macroeconomics-2/供應鏈移轉/,1,1,1,1,4
(not set),20250905五輪播,供應鏈移轉 彙整 - 遠雄房地產,/life-proposal-tag/macroeconomics-2/供應鏈移轉/,1,1,1,1,12
(not set),20250905五輪播,找不到頁面 - 遠雄房地產,/life-proposal-tag/macroeconomics-2/供應鏈移轉/,1,1,1,1,6
google / organic,(organic),關稅政策 彙整 - 遠雄房地產,/life-proposal-tag/macroeconomics-2/川普行政命令/關稅政策/,1,1,1,1,0
google / organic,(organic),財報 彙整 - 遠雄房地產,/life-proposal-tag/macroeconomics-2/財報/,1,1,1,1,0
(direct) / (none),(direct),ESG目標 彙整 - 遠雄房地產,/life-proposal-tag/office/esg目標/,1,1,1,1,0
emp.cathayholdings.com / referral,(referral),ESG目標 彙整 - 遠雄房地產,/life-proposal-tag/office/esg目標/,1,1,1,1,8
mkto-sn070013.com / referral,(referral),ESG目標 彙整 - 遠雄房地產,/life-proposal-tag/office/esg目標/,1,1,2,2,26
google / organic,(organic),空置率 彙整 - 遠雄房地產,/life-proposal-tag/office/空置率/,1,1,2,2,4
excel.officeapps.live.com / referral,(referral),空置率 彙整 - 遠雄房地產,/life-proposal-tag/office/空置率/,1,1,1,1,0
fb / 8fsl01,fb6-1,綠色租賃 彙整 - 遠雄房地產,/life-proposal-tag/office/綠色租賃/,1,1,1,1,0
google / organic,(organic),辦公室租賃市場 彙整 - 遠雄房地產,/life-proposal-tag/office/辦公室租賃市場/,1,1,1,1,3
emp.cathayholdings.com / referral,(referral),辦公室租賃市場 彙整 - 遠雄房地產,/life-proposal-tag/office/辦公室租賃市場/,1,1,1,1,2
excel.officeapps.live.com / referral,(referral),辦公室租賃市場 彙整 - 遠雄房地產,/life-proposal-tag/office/辦公室租賃市場/,1,1,1,1,0
tw.search.yahoo.com / referral,(referral),建築技術規則 彙整 - 遠雄房地產,/life-proposal-tag/policy/建築技術規則/,1,1,2,2,16
(direct) / (none),(direct),選擇性信用管制 彙整 - 遠雄房地產,/life-proposal-tag/policy/選擇性信用管制-policy/,1,1,1,1,0
google / organic,(organic),選擇性信用管制 彙整 - 遠雄房地產,/life-proposal-tag/policy/選擇性信用管制-policy/,1,1,1,1,22
excel.officeapps.live.com / referral,(referral),選擇性信用管制 彙整 - 遠雄房地產,/life-proposal-tag/policy/選擇性信用管制-policy/,1,1,1,1,0
excel.officeapps.live.com / referral,(referral),土地交易 彙整 - 遠雄房地產,/life-proposal-tag/real_estate-2/land_buy/,1,1,1,1,1
(not set),20250905五輪播,土地交易 彙整 - 遠雄房地產,/life-proposal-tag/real_estate-2/land_buy/,1,1,1,1,1
(direct) / (none),(direct),美國 彙整 - 遠雄房地產,/life-proposal-tag/real_estate-2/usa/,1,1,1,1,6
google / organic,(organic),傢配圖 彙整 - 遠雄房地產,/life-proposal-tag/一/drawing/,1,1,1,1,0
google / organic,(organic),平面圖 彙整 - 遠雄房地產,/life-proposal-tag/一/floor_plan/,1,1,1,1,2
google / organic,(organic),陽台 彙整 - 遠雄房地產,/life-proposal-tag/三、買房後-空間規劃/balcony/,1,1,1,1,4
(not set),20250905五輪播,房貸 彙整 - 遠雄房地產,/life-proposal-tag/二/房貸/,1,1,2,2,13
google / cpc,gdn-01,Ringkasan Pengetatan Hipotek - Farglory Real Estate,/life-proposal-tag/二/房貸緊縮/,1,1,1,1,0
mkto-sn070013.com / referral,(referral),房貸緊縮 彙整 - 遠雄房地產,/life-proposal-tag/二/房貸緊縮/,1,1,1,1,11
google / cpc,gdn-01,房貸緊縮 彙整 - 遠雄房地產,/life-proposal-tag/二/房貸緊縮/,1,1,3,3,0
google / organic,(organic),公共基金 彙整 - 遠雄房地產,/life-proposal-tag/社區營運/公共基金/,1,1,1,1,2
tw.search.yahoo.com / referral,(referral),生活提案 彙整 - 遠雄房地產,/life-proposal/,1,1,1,1,23
bing / organic,(organic),新手買房注意事項：建商評價排名查詢、售後服務與房屋結構體/防水保固教學,/life-proposal/13856/,1,1,1,1,46
tw.search.yahoo.com / referral,(referral),2021十大建商出爐！購屋前必知的建商評價 - 遠雄房地產,/life-proposal/2021-10/,1,1,1,1,53
google / cpc,pmax-1-taichung,2021十大建商出爐！購屋前必知的建商評價 - 遠雄房地產,/life-proposal/2021-10/,1,1,1,1,16
bing / organic,(organic),2022年十大建商出爐，品牌建商更重保固與售後服務 - 遠雄房地產,/life-proposal/2022branding_20230119/,1,1,1,1,5
(direct) / (none),(direct),2022十大熱門房市新聞，平均地權條例修法關切度最高 - 遠雄房地產,/life-proposal/2022propert_news_20230204/,1,1,2,2,64
(not set),20250905五輪播,買房停看聽：二工住宅要注意 - 遠雄房地產,/life-proposal/2phase_construction_20221118/,1,1,0,0,0
(direct) / (none),(direct),建案熱區巡禮：北士科爆840億商辦案量，搶攻輝達、金仁寶供應鏈需求 - 遠雄房地產,/life-proposal/5vo1-1,1,1,1,1,15
google / cpc,gdn-01,"Melihat area konstruksi yang sedang naik daun: North Shike membanggakan proyek komersial senilai NT$84 miliar, siap memenuhi kebutuhan rantai pasokan Nvidia dan Compal - Farglory Real Estate",/life-proposal/5vo1-1/,1,1,1,1,46
google / cpc,(organic),建案熱區巡禮：北士科爆840億商辦案量，搶攻輝達、金仁寶供應鏈需求 - 遠雄房地產,/life-proposal/5vo1-1/,1,1,2,2,52
news.google.com / referral,(referral),建案熱區巡禮：北士科爆840億商辦案量，搶攻輝達、金仁寶供應鏈需求 - 遠雄房地產,/life-proposal/5vo1-1/,1,1,1,1,7
search.google.com / referral,(referral),建案熱區巡禮：北士科爆840億商辦案量，搶攻輝達、金仁寶供應鏈需求 - 遠雄房地產,/life-proposal/5vo1-1/,1,1,1,1,2
tw.search.yahoo.com / referral,(referral),建案熱區巡禮：北士科爆840億商辦案量，搶攻輝達、金仁寶供應鏈需求 - 遠雄房地產,/life-proposal/5vo1-1/,1,1,1,1,23
webnews / 5vo1,202508,建案熱區巡禮：北士科爆840億商辦案量，搶攻輝達、金仁寶供應鏈需求 - 遠雄房地產,/life-proposal/5vo1-1/,1,1,1,1,58
google / cpc,20250918,建案熱區巡禮：北士科爆840億商辦案量，搶攻輝達、金仁寶供應鏈需求 - 遠雄房地產,/life-proposal/5vo1-1/,1,1,1,1,7
(direct) / (none),(direct),找不到頁面 - 遠雄房地產,/life-proposal/5vo1-1/ ‎,1,1,1,1,2
(not set),(not set),實價登錄真相大破解，一次看懂實價登錄不受騙 - 遠雄房地產,/life-proposal/actual_selling_price20220708/,1,1,0,0,18
bing / organic,(organic),實價登錄真相大破解，一次看懂實價登錄不受騙 - 遠雄房地產,/life-proposal/actual_selling_price20220708/,1,1,1,1,54
chatgpt.com / referral,(referral),實價登錄真相大破解，一次看懂實價登錄不受騙 - 遠雄房地產,/life-proposal/actual_selling_price20220708/,1,1,1,1,2
(direct) / (none),(direct),安藤忠雄：建築是凝固的旅行。在《挑戰—安藤忠雄展》的漫遊與停歇 - 遠雄房地產,/life-proposal/adaoando-20200610/,1,1,1,1,0
(direct) / (none),(direct),全齡住宅趨勢，0~100歲都適用 - 遠雄房地產,/life-proposal/allagehouse/,1,1,3,3,64
(not set),(not set),全齡住宅趨勢，0~100歲都適用 - 遠雄房地產,/life-proposal/allagehouse/,1,1,1,1,0
bing / organic,(organic),修繕小知識：鐵鋁窗損毀要整組換掉嗎？【居家百科】 - 遠雄房地產,/life-proposal/aluminumandiron/,1,1,1,1,46
mkto-sn070013.com / referral,(referral),首購新手買房重點：棟距與社區規劃好不好，住起來差很大 - 遠雄房地產,/life-proposal/architectural_planning/,1,1,1,1,66
(not set),20250905五輪播,首購新手買房重點：棟距與社區規劃好不好，住起來差很大 - 遠雄房地產,/life-proposal/architectural_planning/,1,1,2,2,66
bing / organic,(organic),建案熱區巡禮：台南永康大灣重劃區 - 綠地休憩篇 - 遠雄房地產,/life-proposal/area-hotspot-tnn-dawan_park_20240229/,1,1,1,1,1
(not set),20250905五輪播,建案熱區巡禮：台南永康大灣重劃區 - 綠地休憩篇 - 遠雄房地產,/life-proposal/area-hotspot-tnn-dawan_park_20240229/,1,1,0,0,0
(direct) / (none),(direct),建案熱區巡禮：台南永康大灣重劃區 - 交通篇 - 遠雄房地產,/life-proposal/area-hotspot-tnn-dawan_traffic_20240313/,1,1,1,1,0
google_kw / dh2,(organic),建案熱區巡禮：高雄楠梓區高大特區生活圈 - 遠雄房地產,/life-proposal/area-kaohsiung-nanzi_nuk_function_20250211/,1,1,1,1,19
google / cpc,O1_品牌字_2025.0801,建案熱區巡禮：高雄楠梓區高大特區生活圈 - 遠雄房地產,/life-proposal/area-kaohsiung-nanzi_nuk_function_20250211/,1,1,2,2,70
google / cpc,area,建案熱區巡禮：高雄楠梓區高大特區生活圈 - 遠雄房地產,/life-proposal/area-kaohsiung-nanzi_nuk_function_20250211/,1,1,1,1,50
google / cpc,brand,建案熱區巡禮：高雄楠梓區高大特區生活圈 - 遠雄房地產,/life-proposal/area-kaohsiung-nanzi_nuk_function_20250211/,1,1,1,1,39
googlemap / o1,googlemap,建案熱區巡禮：高雄楠梓區高大特區生活圈 - 遠雄房地產,/life-proposal/area-kaohsiung-nanzi_nuk_function_20250211/,1,1,1,1,65
(direct) / (none),(direct),建案熱區巡禮：高雄楠梓區高大特區 - 綠地休憩篇 - 遠雄房地產,/life-proposal/area-kaohsiung-nanzi_nuk_park_20250217/,1,1,1,1,11
(not set),20250905五輪播,楠梓高大特區寵物友善地點推薦：必訪5家餐廳＋3大寵物同樂好去處 - 遠雄房地產,/life-proposal/area-kaohsiung-nanzi_nuk_pet-cafe_20250613/,1,1,2,2,12
chatgpt.com / (not set),(not set),高雄楠梓區高大特區寵物友善景點散步趣：與毛孩共享綠意生活 - 遠雄房地產,/life-proposal/area-kaohsiung-nanzi_nuk_pet-walk_20250606/,1,1,1,1,1
perplexity / (not set),(not set),高雄楠梓區高大特區寵物友善景點散步趣：與毛孩共享綠意生活 - 遠雄房地產,/life-proposal/area-kaohsiung-nanzi_nuk_pet-walk_20250606/,1,1,1,1,68
(not set),20250808一輪播,高雄楠梓區高大特區寵物友善景點散步趣：與毛孩共享綠意生活 - 遠雄房地產,/life-proposal/area-kaohsiung-nanzi_nuk_pet-walk_20250606/,1,1,1,1,81
fb / eh5,fb24,高雄楠梓區高大特區寵物友善景點散步趣：與毛孩共享綠意生活 - 遠雄房地產,/life-proposal/area-kaohsiung-nanzi_nuk_pet-walk_20250606/,1,1,1,1,0
bing / organic,(organic),建案熱區巡禮：高雄楠梓區高大特區 - 交通篇 - 遠雄房地產,/life-proposal/area-kaohsiung-nanzi_nuk_traffic_20250307/,1,1,1,1,7
google / cpc,(organic),建案熱區巡禮：高雄三民區中都重劃區生活圈 - 遠雄房地產,/life-proposal/area-khh-central_202306719/,1,1,1,1,4
tw.search.yahoo.com / referral,(referral),建案熱區巡禮：高雄三民區中都重劃區生活圈 - 遠雄房地產,/life-proposal/area-khh-central_202306719/,1,1,1,1,13
chatgpt.com / referral,(referral),建案熱區巡禮：高雄三民區高雄車站特區生活圈 - 遠雄房地產,/life-proposal/area-khh-station_20230914/,1,1,1,1,177
(direct) / (none),(direct),建案熱區巡禮：新竹市東區 - 以科技驅動的繁榮未來 - 遠雄房地產,/life-proposal/area-l-hsinchu-east20240110/,1,1,1,1,2
google / cpc,(organic),建案熱區巡禮：高雄楠梓區 - 從工業重鎮到經濟新引擎的崛起 - 遠雄房地產,/life-proposal/area-l-kaohsiung-nanzi_20250121/,1,1,1,1,52
news.google.com / referral,(referral),建案熱區巡禮：高雄楠梓區 - 從工業重鎮到經濟新引擎的崛起 - 遠雄房地產,/life-proposal/area-l-kaohsiung-nanzi_20250121/,1,1,1,1,0
bing / organic,(organic),建案熱區巡禮：高雄前鎮區產業升級新篇章 - 遠雄房地產,/life-proposal/area-l-kaohsiung-qianzhen_20220805/,1,1,1,1,32
google / organic,(organic),인기 건설 지역 둘러보기: 가오슝 첸전구 산업 업그레이드의 새로운 장 - Farglory 부동산,/life-proposal/area-l-kaohsiung-qianzhen_20220805/,1,1,0,0,89
bing / organic,(organic),建案熱區巡禮：中和翻轉！北台灣電子製造業最大產業聚落  - 遠雄房地產,/life-proposal/area-l-newtaipei-zhonghe_20220923/,1,1,1,1,223
yahoo / organic,(organic),建案熱區巡禮：中和翻轉！北台灣電子製造業最大產業聚落  - 遠雄房地產,/life-proposal/area-l-newtaipei-zhonghe_20220923/,1,1,1,1,94
chatgpt.com / referral,(referral),建案熱區巡禮：中和翻轉！北台灣電子製造業最大產業聚落  - 遠雄房地產,/life-proposal/area-l-newtaipei-zhonghe_20220923/,1,1,1,1,58
facebook.com / referral,(referral),建案熱區巡禮：中和翻轉！北台灣電子製造業最大產業聚落  - 遠雄房地產,/life-proposal/area-l-newtaipei-zhonghe_20220923/,1,1,1,1,6
tw.search.yahoo.com / referral,(referral),建案熱區巡禮：板橋為交通便捷、生活機能佳的新北都心 - 遠雄房地產,/life-proposal/area-l-ntpc_banqiao_20240717/,1,1,1,1,363
baidu / organic,(organic),建案熱區巡禮：北屯區台中首購最愛，喧鬧中的一隅悠閒 - 遠雄房地產,/life-proposal/area-l-taichung-beitun20220520/,1,1,1,1,2
bing / organic,(organic),建案熱區巡禮：北屯區台中首購最愛，喧鬧中的一隅悠閒 - 遠雄房地產,/life-proposal/area-l-taichung-beitun20220520/,1,1,1,1,191
google / cpc,(organic),建案熱區巡禮：北屯區台中首購最愛，喧鬧中的一隅悠閒 - 遠雄房地產,/life-proposal/area-l-taichung-beitun20220520/,1,1,1,1,45
l.facebook.com / referral,(referral),建案熱區巡禮：北屯區台中首購最愛，喧鬧中的一隅悠閒 - 遠雄房地產,/life-proposal/area-l-taichung-beitun20220520/,1,1,2,2,11
line-lap / bh5,(referral),建案熱區巡禮：北屯區台中首購最愛，喧鬧中的一隅悠閒 - 遠雄房地產,/life-proposal/area-l-taichung-beitun20220520/,1,1,1,1,10
(not set),20250905五輪播,建案熱區巡禮：北屯區台中首購最愛，喧鬧中的一隅悠閒 - 遠雄房地產,/life-proposal/area-l-taichung-beitun20220520/,1,1,0,0,0
google_kw / BH8,extension,建案熱區巡禮：北屯區台中首購最愛，喧鬧中的一隅悠閒 - 遠雄房地產,/life-proposal/area-l-taichung-beitun20220520/,1,1,1,1,7
web / bh10,web-Google map,建案熱區巡禮：北屯區台中首購最愛，喧鬧中的一隅悠閒 - 遠雄房地產,/life-proposal/area-l-taichung-beitun20220520/,1,1,1,1,59
google / cpc,遠雄幸福成_H713_關鍵字_0516_中彰,建案熱區巡禮：北屯區台中首購最愛，喧鬧中的一隅悠閒 - 遠雄房地產,/life-proposal/area-l-taichung-beitun20220520/,1,1,1,1,0
bing / organic,(organic),建案熱區巡禮：台中清水梧棲區挾海空雙港優勢，翻身成房市黑馬 - 遠雄房地產,/life-proposal/area-l-taichung-wuqi_20220826/,1,1,1,1,118
tw.search.yahoo.com / referral,(referral),建案熱區巡禮：台中清水梧棲區挾海空雙港優勢，翻身成房市黑馬 - 遠雄房地產,/life-proposal/area-l-taichung-wuqi_20220826/,1,1,1,1,62
(not set),20250905五輪播,建案熱區巡禮：台中清水梧棲區挾海空雙港優勢，翻身成房市黑馬 - 遠雄房地產,/life-proposal/area-l-taichung-wuqi_20220826/,1,1,0,0,0
fgr-line / fg,area_tnn_haidian_function_20240126,建案熱區巡禮：前進台南商業副都心-安南區一探究竟 - 遠雄房地產,/life-proposal/area-l-tainan-annan20200520/,1,1,1,1,69
(direct) / (none),(direct),建案熱區巡禮：台南中西區 – 文化交融與現代發展並進 - 遠雄房地產,/life-proposal/area-l-tainan-west-central_20250402/,1,1,2,2,371
bing / organic,(organic),建案熱區巡禮：台北士林不僅觀光，居住生活品質也很優 - 遠雄房地產,/life-proposal/area-l-taipei-shilin20220520/,1,1,1,1,15
chatgpt.com / referral,(referral),建案熱區巡禮：台北士林不僅觀光，居住生活品質也很優 - 遠雄房地產,/life-proposal/area-l-taipei-shilin20220520/,1,1,1,1,15
perplexity.ai / referral,(referral),建案熱區巡禮：台北士林不僅觀光，居住生活品質也很優 - 遠雄房地產,/life-proposal/area-l-taipei-shilin20220520/,1,1,1,1,13
google / organic,(organic),"Hot Construction Spots: Major Construction in Guishan, Taoyuan, Driving Growth - Farglory Real Estate",/life-proposal/area-l-taoyuan-guishan/,1,1,0,0,47
(direct) / (none),(direct),建案熱區巡禮：桃園龜山居住新勢力，北北桃一小時生活圈 - 遠雄房地產,/life-proposal/area-l-taoyuan-guishan/,1,1,1,1,32
excel.officeapps.live.com / referral,(referral),建案熱區巡禮：桃園龜山居住新勢力，北北桃一小時生活圈 - 遠雄房地產,/life-proposal/area-l-taoyuan-guishan/,1,1,2,2,3
chatgpt.com / referral,(referral),建案熱區巡禮：桃園龜山重大建設帶動發展利多 - 遠雄房地產,/life-proposal/area-l-taoyuan-guishan/,1,1,1,1,45
excel.officeapps.live.com / referral,(referral),建案熱區巡禮：桃園龜山重大建設帶動發展利多 - 遠雄房地產,/life-proposal/area-l-taoyuan-guishan/,1,1,2,2,41
perplexity.ai / referral,(referral),建案熱區巡禮：移居桃園市桃園區，比想像中更舒適 - 遠雄房地產,/life-proposal/area-l-taoyuan-taoyuan20220520/,1,1,1,1,53
yahoo / organic,(organic),建案熱區巡禮：中壢人都說自己不算桃園人？自成一格的幸福日常 - 遠雄房地產,/life-proposal/area-l-taoyuan-zhongli20220520/,1,1,2,2,45
(not set),20250905五輪播,建案熱區巡禮：高雄農十六（凹子底地區）指標豪宅生活區 - 遠雄房地產,/life-proposal/area-s-kaohsiung-farm1620200520/,1,1,0,0,0
chatgpt.com / (not set),(not set),建案熱區巡禮：亞洲新灣區躋身高雄投資開發新亮點 - 遠雄房地產,/life-proposal/area-s-kaohsiung-newbay_20220824/,1,1,1,1,77
yahoo / organic,(organic),建案熱區巡禮：亞洲新灣區躋身高雄投資開發新亮點 - 遠雄房地產,/life-proposal/area-s-kaohsiung-newbay_20220824/,1,1,1,1,6
mkto-sn070013.com / referral,(referral),建案熱區巡禮：亞洲新灣區躋身高雄投資開發新亮點 - 遠雄房地產,/life-proposal/area-s-kaohsiung-newbay_20220824/,1,1,1,1,3
(not set),20250905五輪播,建案熱區巡禮：亞洲新灣區躋身高雄投資開發新亮點 - 遠雄房地產,/life-proposal/area-s-kaohsiung-newbay_20220824/,1,1,0,0,0
tw.search.yahoo.com / referral,(referral),建案熱區巡禮：科工館商圈環繞，北高雄發展潛力股 - 遠雄房地產,/life-proposal/area-s-kaohsiung-nstm20220520/,1,1,1,1,61
google / cpc,type,建案熱區巡禮：第二個美術館特區-高雄三民中都重劃區 - 遠雄房地產,/life-proposal/area-s-khh-central_20240502/,1,1,1,1,11
yahoo / organic,(organic),建案熱區巡禮：蓄勢待發的台中14期美和庄市地重劃區 - 遠雄房地產,/life-proposal/area-s-taichung-14th20220520/,1,1,1,1,26
l.facebook.com / referral,(referral),建案熱區巡禮：蓄勢待發的台中14期美和庄市地重劃區 - 遠雄房地產,/life-proposal/area-s-taichung-14th20220520/,1,1,1,1,23
fgr-line / fgr,space_furnish_cabinet_20231125,建案熱區巡禮：蓄勢待發的台中14期美和庄市地重劃區 - 遠雄房地產,/life-proposal/area-s-taichung-14th20220520/,1,1,4,4,6
google / cpc,(organic),建案熱區巡禮：住台中七期，邁向身心都富足生活 - 遠雄房地產,/life-proposal/area-s-taichung-7th20220520/,1,1,1,1,16
yahoo / organic,(organic),建案熱區巡禮：住台中七期，邁向身心都富足生活 - 遠雄房地產,/life-proposal/area-s-taichung-7th20220520/,1,1,1,1,1
(direct) / (none),(direct),建案熱區巡禮：台南市心花園 - 安南溪東重劃區 - 遠雄房地產,/life-proposal/area-s-tainan-haidian20200520/,1,1,1,1,0
(not set),20250905五輪播,建案熱區巡禮：台南市心花園 - 安南溪東重劃區 - 遠雄房地產,/life-proposal/area-s-tainan-haidian20200520/,1,1,0,0,0
(direct) / (none),(direct),建案熱區巡禮：台南鹽行重劃區擁地段優勢，成最佳潛力股 - 遠雄房地產,/life-proposal/area-s-tainan-yanxing20200520/,1,1,1,1,1
google / organic,(organic),建案熱區巡禮：台南鹽行重劃區擁地段優勢，成最佳潛力股 - 遠雄房地產,/life-proposal/area-s-tainan-yanxing20200520/,1,1,3,3,371
tw.search.yahoo.com / referral,(referral),建案熱區巡禮：台南鹽行重劃區擁地段優勢，成最佳潛力股 - 遠雄房地產,/life-proposal/area-s-tainan-yanxing20200520/,1,1,1,1,57
google_kw / dh2,(organic),建案熱區巡禮：台南中西區運河星鑽特區，重塑台南的歷史與現代風貌 - 遠雄房地產,/life-proposal/area-s-tainan_west-central_diamond_20250425/,1,1,1,1,30
yahoo / organic,(organic),建案熱區巡禮：台南中西區運河星鑽特區生活圈 - 百年港町再出發的現代風華 - 遠雄房地產,/life-proposal/area-s-tainan_west-central_redevelop_diamond_20250502/,1,1,1,1,28
tw.search.yahoo.com / referral,(referral),建案熱區巡禮：台南中西區運河星鑽特區生活圈 - 百年港町再出發的現代風華 - 遠雄房地產,/life-proposal/area-s-tainan_west-central_redevelop_diamond_20250502/,1,1,1,1,127
google / cpc,content,Tur ke pusat proyek konstruksi: perencanaan dan lingkungan hunian lokal North Shike Park! Bagian terakhir dari teka-teki koridor teknologi akan segera diselesaikan - Farglory Real Estate,/life-proposal/area-s-taipei-shilinbstp20220520/,1,1,0,0,1
(not set),(not set),建案熱區巡禮：北士科的園區規畫與在地生活圈！科技廊道最後一塊拼圖將完整 - 遠雄房地產,/life-proposal/area-s-taipei-shilinbstp20220520/,1,1,0,0,12
bing / organic,(organic),建案熱區巡禮：北士科的園區規畫與在地生活圈！科技廊道最後一塊拼圖將完整 - 遠雄房地產,/life-proposal/area-s-taipei-shilinbstp20220520/,1,1,1,1,11
tw.search.yahoo.com / referral,(referral),建案熱區巡禮：北士科的園區規畫與在地生活圈！科技廊道最後一塊拼圖將完整 - 遠雄房地產,/life-proposal/area-s-taipei-shilinbstp20220520/,1,1,1,1,1
(not set),20250725一輪播,建案熱區巡禮：北士科的園區規畫與在地生活圈！科技廊道最後一塊拼圖將完整 - 遠雄房地產,/life-proposal/area-s-taipei-shilinbstp20220520/,1,1,1,1,9
chatgpt.com / (not set),(not set),建案熱區巡禮：桃園小檜溪(青溪特區)舊商圈+眾多綠地的宜人生活 - 遠雄房地產,/life-proposal/area-s-taoyuan-green20220520/,1,1,1,1,20
google / cpc,(organic),建案熱區巡禮：桃園小檜溪(青溪特區)舊商圈+眾多綠地的宜人生活 - 遠雄房地產,/life-proposal/area-s-taoyuan-green20220520/,1,1,1,1,1
chatgpt.com / referral,(referral),建案熱區巡禮：桃園小檜溪(青溪特區)舊商圈+眾多綠地的宜人生活 - 遠雄房地產,/life-proposal/area-s-taoyuan-green20220520/,1,1,1,1,136
m.facebook.com / referral,(referral),建案熱區巡禮：桃園小檜溪(青溪特區)舊商圈+眾多綠地的宜人生活 - 遠雄房地產,/life-proposal/area-s-taoyuan-green20220520/,1,1,1,1,78
(not set),20250905五輪播,建案熱區巡禮：桃園小檜溪(青溪特區)舊商圈+眾多綠地的宜人生活 - 遠雄房地產,/life-proposal/area-s-taoyuan-green20220520/,1,1,0,0,0
(not set),(not set),建案熱區巡禮：新北板橋府中與南雅地區 - 遠雄房地產,/life-proposal/area-s-tph_banqiao_nanya_20240820/,1,1,1,1,18
bing / organic,(organic),建案熱區巡禮：新北板橋府中與南雅地區 - 遠雄房地產,/life-proposal/area-s-tph_banqiao_nanya_20240820/,1,1,1,1,0
farglory.com.tw / referral,(referral),建案熱區巡禮：新北板橋府中與南雅地區 - 遠雄房地產,/life-proposal/area-s-tph_banqiao_nanya_20240820/,1,1,1,1,12
yahoo / organic,(organic),建案熱區巡禮：新北板橋區Tpark科技特區 (遠東通訊園區)生活圈 - 遠雄房地產,/life-proposal/area-s-tph_banqiao_tpark_function_20250314/,1,1,3,3,12
chatgpt.com / referral,(referral),建案熱區巡禮：新北板橋區Tpark科技特區 (遠東通訊園區)生活圈 - 遠雄房地產,/life-proposal/area-s-tph_banqiao_tpark_function_20250314/,1,1,1,1,36
facebook.com / referral,(referral),建案熱區巡禮：新北板橋區Tpark科技特區 (遠東通訊園區)生活圈 - 遠雄房地產,/life-proposal/area-s-tph_banqiao_tpark_function_20250314/,1,1,1,1,1
(not set),20250905五輪播,建案熱區巡禮：新北板橋區Tpark科技特區 (遠東通訊園區)生活圈 - 遠雄房地產,/life-proposal/area-s-tph_banqiao_tpark_function_20250314/,1,1,0,0,0
(direct) / (none),(direct),建案熱區巡禮：新北板橋區Tpark科技特區 (遠東通訊園區) - 綠地休憩篇 - 遠雄房地產,/life-proposal/area-s-tph_banqiao_tpark_park_20250411/,1,1,1,1,105
tw.search.yahoo.com / referral,(referral),建案熱區巡禮：新北板橋區Tpark科技特區 (遠東通訊園區) - 綠地休憩篇 - 遠雄房地產,/life-proposal/area-s-tph_banqiao_tpark_park_20250411/,1,1,1,1,4
(not set),20250905五輪播,建案熱區巡禮：新北板橋區Tpark科技特區 (遠東通訊園區) - 綠地休憩篇 - 遠雄房地產,/life-proposal/area-s-tph_banqiao_tpark_park_20250411/,1,1,0,0,0
tw.search.yahoo.com / referral,(referral),建案熱區巡禮：新北板橋區Tpark科技特區 (遠東通訊園區) - 交通篇 - 遠雄房地產,/life-proposal/area-s-tph_banqiao_tpark_traffic_20250321/,1,1,2,2,36
(not set),20250905五輪播,建案熱區巡禮：新北板橋區Tpark科技特區 (遠東通訊園區) - 交通篇 - 遠雄房地產,/life-proposal/area-s-tph_banqiao_tpark_traffic_20250321/,1,1,1,1,13
google / cpc,brand,建案熱區巡禮：新北板橋區Tpark科技特區 (遠東通訊園區) - 交通篇 - 遠雄房地產,/life-proposal/area-s-tph_banqiao_tpark_traffic_20250321/,1,1,1,1,52
google_kw / dh2,(organic),建案熱區巡禮：台南中西區運河星鑽特區 - 綠地休憩篇 - 遠雄房地產,/life-proposal/area-tainan_west-central_redevelop_diamond_park_20250509/,1,1,1,1,34
google / cpc,com,建案熱區巡禮：台南中西區運河星鑽特區 - 綠地休憩篇 - 遠雄房地產,/life-proposal/area-tainan_west-central_redevelop_diamond_park_20250509/,1,1,1,1,56
bing / organic,(organic),建案熱區巡禮：台南中西區運河星鑽特區 - 學區篇 - 遠雄房地產,/life-proposal/area-tainan_west-central_redevelop_diamond_school_20250516/,1,1,1,1,54
fb / bh10,fbfanpage0912,建案熱區巡禮：台南中西區運河星鑽特區 - 學區篇 - 遠雄房地產,/life-proposal/area-tainan_west-central_redevelop_diamond_school_20250516/,1,1,1,1,0
(not set),(not set),建案熱區巡禮：蛻變中的台南中西區運河星鑽特區 - 交通篇 - 遠雄房地產,/life-proposal/area-tainan_west-central_redevelop_diamond_traffic_20250523/,1,1,1,1,11
chatgpt.com / referral,(referral),建案熱區巡禮：蛻變中的台南中西區運河星鑽特區 - 交通篇 - 遠雄房地產,/life-proposal/area-tainan_west-central_redevelop_diamond_traffic_20250523/,1,1,1,1,41
(not set),20250905五輪播,建案熱區巡禮：蛻變中的台南中西區運河星鑽特區 - 交通篇 - 遠雄房地產,/life-proposal/area-tainan_west-central_redevelop_diamond_traffic_20250523/,1,1,0,0,0
google / cpc,(organic),建案熱區巡禮：北投士林科技園區生活圈 - 遠雄房地產,/life-proposal/area-tpe-beitou_bstp_function_202406012/,1,1,1,1,2
excel.officeapps.live.com / referral,(referral),建案熱區巡禮：北投士林科技園區生活圈 - 遠雄房地產,/life-proposal/area-tpe-beitou_bstp_function_202406012/,1,1,2,2,28
(direct) / (none),(direct),建案熱區巡禮：北投士林科技園區 - 綠地休憩篇 - 遠雄房地產,/life-proposal/area-tpe-beitou_bstp_park_20240617/,1,1,1,1,0
(not set),20250905五輪播,建案熱區巡禮：北投士林科技園區 - 綠地休憩篇 - 遠雄房地產,/life-proposal/area-tpe-beitou_bstp_park_20240617/,1,1,0,0,0
tw.search.yahoo.com / referral,(referral),建案熱區巡禮：北投士林科技園區 - 學區篇 - 遠雄房地產,/life-proposal/area-tpe-beitou_bstp_school_20240713/,1,1,1,1,5
bing / organic,(organic),建案熱區巡禮：北投士林科技園區 - 交通篇 - 遠雄房地產,/life-proposal/area-tpe-beitou_bstp_traffic_20240705/,1,1,1,1,23
google / cpc,(organic),建案熱區巡禮：北投士林科技園區 - 交通篇 - 遠雄房地產,/life-proposal/area-tpe-beitou_bstp_traffic_20240705/,1,1,1,1,19
chatgpt.com / referral,(referral),建案熱區巡禮：北投士林科技園區 - 交通篇 - 遠雄房地產,/life-proposal/area-tpe-beitou_bstp_traffic_20240705/,1,1,2,2,22
webnews / 5vo1,202508,建案熱區巡禮：北投士林科技園區 - 交通篇 - 遠雄房地產,/life-proposal/area-tpe-beitou_bstp_traffic_20240705/,1,1,1,1,84
google / cpc,202509_1,建案熱區巡禮：北投士林科技園區 - 交通篇 - 遠雄房地產,/life-proposal/area-tpe-beitou_bstp_traffic_20240705/,1,1,1,1,9
fgr-line / fgr,area-tpe-beitou_bstp_traffic_20240705,建案熱區巡禮：北投士林科技園區 - 交通篇 - 遠雄房地產,/life-proposal/area-tpe-beitou_bstp_traffic_20240705/,1,1,1,1,2
google / cpc,brand,建案熱區巡禮：北投士林科技園區 - 交通篇 - 遠雄房地產,/life-proposal/area-tpe-beitou_bstp_traffic_20240705/,1,1,1,1,287
bing / organic,(organic),建案熱區巡禮：新北板橋府中與南雅地區 - 綠地休憩篇 - 遠雄房地產,/life-proposal/area-tph_banqiao_park_20240820/,1,1,2,2,59
chatgpt.com / (not set),(not set),建案熱區巡禮：新北板橋府中與南雅地區 - 學區篇 - 遠雄房地產,/life-proposal/area-tph_banqiao_school_20240902/,1,1,2,2,214
bing / organic,(organic),建案熱區巡禮：台中西屯區七期重劃區生活圈 - 遠雄房地產,/life-proposal/area-txg-7th_function_20231107/,1,1,1,1,2
google / cpc,(organic),建案熱區巡禮：台中西屯區七期重劃區生活圈 - 遠雄房地產,/life-proposal/area-txg-7th_function_20231107/,1,1,1,1,29
bing / organic,(organic),建案熱區巡禮：台中西屯區七期重劃區 - 綠地休憩篇 - 遠雄房地產,/life-proposal/area-txg-7th_park_20241223/,1,1,1,1,19
google / organic,(organic),建案熱區巡禮：台中西屯區七期重劃區 - 綠地休憩篇 - 遠雄房地產,/life-proposal/area-txg-7th_park_20241223/,1,1,1,1,13
chatgpt.com / referral,(referral),建案熱區巡禮：台中西屯區七期重劃區 - 學區篇 - 遠雄房地產,/life-proposal/area-txg-7th_school_20241226/,1,1,1,1,21
tw.search.yahoo.com / referral,(referral),建案熱區巡禮：台中西屯區七期重劃區 - 學區篇 - 遠雄房地產,/life-proposal/area-txg-7th_school_20241226/,1,1,1,1,103
(not set),20250905五輪播,建案熱區巡禮：台中西屯區七期重劃區 - 學區篇 - 遠雄房地產,/life-proposal/area-txg-7th_school_20241226/,1,1,0,0,6
perplexity.ai / referral,(referral),建案熱區巡禮：台中西屯區七期重劃區 - 交通篇 - 遠雄房地產,/life-proposal/area-txg-7th_traffic_20250103/,1,1,1,1,16
tw.search.yahoo.com / referral,(referral),建案熱區巡禮：台中西屯區七期重劃區 - 交通篇 - 遠雄房地產,/life-proposal/area-txg-7th_traffic_20250103/,1,1,2,2,2
fb / h707,19,建案熱區巡禮：台中西屯區七期重劃區 - 交通篇 - 遠雄房地產,/life-proposal/area-txg-7th_traffic_20250103/,1,1,1,1,0
(not set),20250905五輪播,建案熱區巡禮：台中西屯區七期重劃區 - 交通篇 - 遠雄房地產,/life-proposal/area-txg-7th_traffic_20250103/,1,1,1,1,7
chatgpt.com / referral,(referral),建案熱區巡禮：台中港市鎮重劃區生活圈，梧棲、清水躍升熱區 - 遠雄房地產,/life-proposal/area-txg-port_function_20240103/,1,1,1,1,5
tw.search.yahoo.com / referral,(referral),建案熱區巡禮：台中港市鎮重劃區生活圈，梧棲、清水躍升熱區 - 遠雄房地產,/life-proposal/area-txg-port_function_20240103/,1,1,1,1,4
bing / organic,(organic),建案熱區巡禮：台中港市鎮重劃區 - 清水梧棲學區篇 - 遠雄房地產,/life-proposal/area-txg-port_school_20240105/,1,1,1,1,12
google / cpc,(organic),建案熱區巡禮：台中港市鎮重劃區 - 清水梧棲學區篇 - 遠雄房地產,/life-proposal/area-txg-port_school_20240105/,1,1,1,1,54
(not set),20250905五輪播,建案熱區巡禮：台中港市鎮重劃區 - 清水梧棲學區篇 - 遠雄房地產,/life-proposal/area-txg-port_school_20240105/,1,1,0,0,0
(direct) / (none),(direct),建案熱區巡禮：台中港市鎮重劃區 - 海線城市清水梧棲交通篇 - 遠雄房地產,/life-proposal/area-txg-port_traffic_20240120/,1,1,1,1,48
chatgpt.com / referral,(referral),建案熱區巡禮：台中港市鎮重劃區 - 海線城市清水梧棲交通篇 - 遠雄房地產,/life-proposal/area-txg-port_traffic_20240120/,1,1,1,1,3
(not set),20250905五輪播,建案熱區巡禮：台中西屯水湳經貿園區 - 交通篇 - 遠雄房地產,/life-proposal/area-txg-shuinan_traffic_20240508/,1,1,1,1,94
facebook.com / referral,(referral),建案熱區巡禮：高雄三民區 - 綠地篇 - 遠雄房地產,/life-proposal/area_hotspot_khh_sanmin_park_20230915/,1,1,1,1,0
(not set),20250905五輪播,建案熱區巡禮：高雄三民區 - 綠地篇 - 遠雄房地產,/life-proposal/area_hotspot_khh_sanmin_park_20230915/,1,1,0,0,1
tw.search.yahoo.com / referral,(referral),建案熱區巡禮：高雄三民區 - 學區篇 - 遠雄房地產,/life-proposal/area_hotspot_khh_sanmin_school_20231023/,1,1,1,1,1
(not set),20250905五輪播,建案熱區巡禮：高雄三民區 - 交通篇 - 遠雄房地產,/life-proposal/area_hotspot_khh_sanmin_traffic_20230928/,1,1,0,0,0
google / cpc,com,建案熱區巡禮：高雄三民區 - 交通篇 - 遠雄房地產,/life-proposal/area_hotspot_khh_sanmin_traffic_20230928/,1,1,1,1,13
(direct) / (none),(direct),建案熱區巡禮：台南永康區 - 學區篇 - 遠雄房地產,/life-proposal/area_hotspot_tnn_yongkang_school_20231216/,1,1,1,1,0
(not set),20250905五輪播,建案熱區巡禮：台南永康區 - 學區篇 - 遠雄房地產,/life-proposal/area_hotspot_tnn_yongkang_school_20231216/,1,1,0,0,0
tw.search.yahoo.com / referral,(referral),建案熱區巡禮：台中西屯區 - 學區篇 - 遠雄房地產,/life-proposal/area_hotspot_txg_xitun_school_20231115/,1,1,1,1,28
(not set),20250905五輪播,建案熱區巡禮：台中北屯機廠重劃區，擁強大交通機能區位 - 遠雄房地產,/life-proposal/area_s_txg_beitun_depot_20240410/,1,1,1,1,0
fb / bh10,fb20259-1,建案熱區巡禮：台中北屯機廠重劃區，擁強大交通機能區位 - 遠雄房地產,/life-proposal/area_s_txg_beitun_depot_20240410/,1,1,1,1,0
(not set),20250905五輪播,建案熱區巡禮：台南溪東重劃區生活圈 - 遠雄房地產,/life-proposal/area_tnn_haidian_function_20240126/,1,1,0,0,0
fgr-line / fg,area_tnn_haidian_function_20240126,建案熱區巡禮：台南溪東重劃區生活圈 - 遠雄房地產,/life-proposal/area_tnn_haidian_function_20240126/,1,1,3,3,141
tw.search.yahoo.com / referral,(referral),建案熱區巡禮：台南永康區鹽行國中重劃區 - 交通篇 - 遠雄房地產,/life-proposal/area_tnn_yongkang_yanxing_traffic_20240324/,1,1,1,1,0
google / cpc,brand,建案熱區巡禮：台南永康區鹽行國中重劃區 - 交通篇 - 遠雄房地產,/life-proposal/area_tnn_yongkang_yanxing_traffic_20240324/,1,1,2,2,54
bing / organic,(organic),建案熱區巡禮：台南永康區鹽行國中重劃區生活圈 - 遠雄房地產,/life-proposal/area_tnnyongkang_redevelop_yanxing_20230901/,1,1,1,1,2
google_kw / dh2,(organic),建案熱區巡禮：台南永康區鹽行國中重劃區生活圈 - 遠雄房地產,/life-proposal/area_tnnyongkang_redevelop_yanxing_20230901/,1,1,1,1,12
tw.search.yahoo.com / referral,(referral),建案熱區巡禮：台南永康區鹽行國中重劃區生活圈 - 遠雄房地產,/life-proposal/area_tnnyongkang_redevelop_yanxing_20230901/,1,1,3,3,37
(direct) / (none),(direct),建案熱區巡禮：台中北屯14期重劃區生活圈，打造北台中的新興生活核心 - 遠雄房地產,/life-proposal/area_txg_beitun_14th_function_20250829,1,1,1,1,351
google / organic,(organic),建案熱區巡禮：台中北屯14期重劃區生活圈，打造北台中的新興生活核心 - 遠雄房地產,/life-proposal/area_txg_beitun_14th_function_20250829,1,1,6,6,72
google / organic,(organic),"A tour of the hot construction area: Taichung Beitun Phase 14 redevelopment area living circle, creating a new living center in North Taichung - Farglory Real Estate",/life-proposal/area_txg_beitun_14th_function_20250829/,1,1,0,0,212
l.facebook.com / referral,(referral),建案熱區巡禮：台中北屯14期重劃區生活圈，打造北台中的新興生活核心 - 遠雄房地產,/life-proposal/area_txg_beitun_14th_function_20250829/,1,1,5,5,348
m.facebook.com / referral,(referral),建案熱區巡禮：台中北屯14期重劃區生活圈，打造北台中的新興生活核心 - 遠雄房地產,/life-proposal/area_txg_beitun_14th_function_20250829/,1,1,1,1,0
mkto-sn070013.com / referral,(referral),建案熱區巡禮：台中北屯14期重劃區生活圈，打造北台中的新興生活核心 - 遠雄房地產,/life-proposal/area_txg_beitun_14th_function_20250829/,1,1,1,1,1
news.google.com / referral,(referral),建案熱區巡禮：台中北屯14期重劃區生活圈，打造北台中的新興生活核心 - 遠雄房地產,/life-proposal/area_txg_beitun_14th_function_20250829/,1,1,1,1,3
search.google.com / referral,(referral),建案熱區巡禮：台中北屯14期重劃區生活圈，打造北台中的新興生活核心 - 遠雄房地產,/life-proposal/area_txg_beitun_14th_function_20250829/,1,1,2,2,11
ig / paid,120224909124380347,建案熱區巡禮：台中北屯14期重劃區生活圈，打造北台中的新興生活核心 - 遠雄房地產,/life-proposal/area_txg_beitun_14th_function_20250829/,1,1,1,1,110
line / bh11,20250918,建案熱區巡禮：台中北屯14期重劃區生活圈，打造北台中的新興生活核心 - 遠雄房地產,/life-proposal/area_txg_beitun_14th_function_20250829/,1,1,1,1,0
fb / bh11,9-3,建案熱區巡禮：台中北屯14期重劃區生活圈，打造北台中的新興生活核心 - 遠雄房地產,/life-proposal/area_txg_beitun_14th_function_20250829/,1,1,1,1,169
google / cpc,Taichung,建案熱區巡禮：台中北屯14期重劃區生活圈，打造北台中的新興生活核心 - 遠雄房地產,/life-proposal/area_txg_beitun_14th_function_20250829/,1,1,1,1,6
google / cpc,brand0829,建案熱區巡禮：台中北屯14期重劃區生活圈，打造北台中的新興生活核心 - 遠雄房地產,/life-proposal/area_txg_beitun_14th_function_20250829/,1,1,1,1,85
fgr-line / fgr,expert_macromicro_2025econ_20250730,建案熱區巡禮：台中北屯14期重劃區生活圈，打造北台中的新興生活核心 - 遠雄房地產,/life-proposal/area_txg_beitun_14th_function_20250829/,1,1,3,3,0
google / cpc,pmax-1-anothercity,建案熱區巡禮：台中北屯14期重劃區生活圈，打造北台中的新興生活核心 - 遠雄房地產,/life-proposal/area_txg_beitun_14th_function_20250829/,1,1,1,1,9
(direct) / (none),(direct),建案熱區巡禮：台中北屯區14期重劃區 - 綠地休憩篇 - 遠雄房地產,/life-proposal/area_txg_beitun_14th_park_20240909/,1,1,1,1,14
chatgpt.com / (not set),(not set),建案熱區巡禮：台中北屯區14期重劃區 - 綠地休憩篇 - 遠雄房地產,/life-proposal/area_txg_beitun_14th_park_20240909/,1,1,1,1,32
chatgpt.com / (not set),(not set),建案熱區巡禮：台中北屯區14期重劃區 - 學區篇 - 遠雄房地產,/life-proposal/area_txg_beitun_14th_school_20240917/,1,1,1,1,14
google / cpc,20250918,建案熱區巡禮：台中北屯區14期重劃區 - 學區篇 - 遠雄房地產,/life-proposal/area_txg_beitun_14th_school_20240917/,1,1,2,2,2
fb / bh11,9-4,建案熱區巡禮：台中北屯區14期重劃區 - 學區篇 - 遠雄房地產,/life-proposal/area_txg_beitun_14th_school_20240917/,1,1,1,1,0
(direct) / (none),(direct),建案熱區巡禮：台中北屯區14期重劃區 - 交通篇 - 遠雄房地產,/life-proposal/area_txg_beitun_14th_traffic_20240925/,1,1,1,1,0
bing / organic,(organic),建案熱區巡禮：台中北屯區14期重劃區 - 交通篇 - 遠雄房地產,/life-proposal/area_txg_beitun_14th_traffic_20240925/,1,1,1,1,127
google / cpc,20250918,建案熱區巡禮：台中北屯區14期重劃區 - 交通篇 - 遠雄房地產,/life-proposal/area_txg_beitun_14th_traffic_20240925/,1,1,1,1,12
google / cpc,20250905五輪播,建案熱區巡禮：台中北屯區14期重劃區 - 交通篇 - 遠雄房地產,/life-proposal/area_txg_beitun_14th_traffic_20240925//,1,1,2,2,147
google / cpc,(organic),建案熱區巡禮：台中北屯機廠重劃區生活圈 - 遠雄房地產,/life-proposal/area_txg_beitun_depot_function_20240513/,1,1,1,1,91
google / cpc,Taichung,建案熱區巡禮：台中北屯機廠重劃區生活圈 - 遠雄房地產,/life-proposal/area_txg_beitun_depot_function_20240513/,1,1,1,1,45
google / cpc,competitor,建案熱區巡禮：台中北屯機廠重劃區生活圈 - 遠雄房地產,/life-proposal/area_txg_beitun_depot_function_20240513/,1,1,1,1,0
google / cpc,content,建案熱區巡禮：台中北屯機廠重劃區生活圈 - 遠雄房地產,/life-proposal/area_txg_beitun_depot_function_20240513/,1,1,1,1,14
google / cpc,taichung,建案熱區巡禮：台中北屯機廠重劃區生活圈 - 遠雄房地產,/life-proposal/area_txg_beitun_depot_function_20240513/,1,1,1,1,55
(direct) / (none),(direct),建案熱區巡禮：台中北屯機廠重劃區 - 交通篇 - 遠雄房地產,/life-proposal/area_txg_beitun_depot_traffic_20240606/,1,1,1,1,25
chatgpt.com / (not set),(not set),建案熱區巡禮：台中北屯機廠重劃區 - 交通篇 - 遠雄房地產,/life-proposal/area_txg_beitun_depot_traffic_20240606/,1,1,1,1,0
bing / organic,(organic),建案熱區巡禮：台中西屯區單元八生活圈，水湳經貿園區門戶 - 遠雄房地產,/life-proposal/area_txg_xitun_eight_function_20240407/,1,1,1,1,21
(not set),20250905五輪播,建案熱區巡禮：台中西屯區單元八生活圈，水湳經貿園區門戶 - 遠雄房地產,/life-proposal/area_txg_xitun_eight_function_20240407/,1,1,0,0,0
(direct) / (none),(direct),找不到頁面 - 遠雄房地產,/life-proposal/avoid-real-estate-fraud/,1,1,1,1,3
statics.teams.cdn.office.net / referral,(referral),找不到頁面 - 遠雄房地產,/life-proposal/avoid-real-estate-fraud/,1,1,1,1,0
dctdesign.tw / referral,(referral),小陽台佈置，給自己一處秘密花園 - 遠雄房地產,/life-proposal/balcony_20230414/,1,1,1,1,14
(not set),20250905五輪播,房地產借名登記如何保障自己 - 遠雄房地產,/life-proposal/borrow_name_20221118/,1,1,1,1,373
(not set),20250808一輪播,選擇品牌建商，把購屋風險降到最低 - 遠雄房地產,/life-proposal/branding_20221111/,1,1,1,1,87
yahoo / organic,(organic),蓋好蓋滿還是適度留白？一次搞懂建蔽率與容積率 - 遠雄房地產,/life-proposal/build_rate/,1,1,1,1,19
(not set),20250909一輪播,蓋好蓋滿還是適度留白？一次搞懂建蔽率與容積率 - 遠雄房地產,/life-proposal/build_rate/,1,1,1,1,3
(direct) / (none),(direct),買房學問多，看懂建築材料才安心－建築結構與防水篇 - 遠雄房地產,/life-proposal/building_materials/,1,1,1,1,2
socialmedia / fgr,fb20250822,換屋族必看：換屋是要先買後賣還是先賣後買？ - 遠雄房地產,/life-proposal/change_house/,1,1,1,1,52
tw.search.yahoo.com / referral,(referral),民法成年年齡下修至18歲，不動產稅賦有何影響？ - 遠雄房地產,/life-proposal/civil-law_20221125/,1,1,1,1,66
(not set),20250905五輪播,民法成年年齡下修至18歲，不動產稅賦有何影響？ - 遠雄房地產,/life-proposal/civil-law_20221125/,1,1,0,0,0
(direct) / (none),(direct),混凝土、鋼筋的嚴格把關！一次了解建築的基礎原料 - 遠雄房地產,/life-proposal/concrete/,1,1,1,1,0
perplexity / (not set),(not set),基礎建設＋結構保固：一次了解大地工程的基本概念 - 遠雄房地產,/life-proposal/construction-base/,1,1,2,2,6
hk.search.yahoo.com / referral,(referral),基礎建設＋結構保固：一次了解大地工程的基本概念 - 遠雄房地產,/life-proposal/construction-base/,1,1,1,1,1
search.google.com / referral,(referral),基礎建設＋結構保固：一次了解大地工程的基本概念 - 遠雄房地產,/life-proposal/construction-base/,1,1,1,1,5
tw.search.yahoo.com / referral,(referral),新成屋、預售屋簽約注意事項–「首購族看房買屋攻略」 - 遠雄房地產,/life-proposal/contract/,1,1,1,1,24
fgr-line / fg,contract/,新成屋、預售屋簽約注意事項–「首購族看房買屋攻略」 - 遠雄房地產,/life-proposal/contract/,1,1,3,3,25
google / cpc,遠雄幸福成_H713_關鍵字_0516_外縣市,新成屋、預售屋簽約注意事項–「首購族看房買屋攻略」 - 遠雄房地產,/life-proposal/contract/,1,1,1,1,9
(direct) / (none),(direct),降低室內濕度怎麼做？除濕機真的有用嗎？ - 遠雄房地產,/life-proposal/dehumidifier/,1,1,1,1,4
(not set),20250808一輪播,小家庭空間重點一次上手 - 客廳篇 - 遠雄房地產,/life-proposal/design_living_room20220907/,1,1,1,1,223
(direct) / (none),(direct),掌握贈與控制權，享受安心退休生活 - 遠雄房地產,/life-proposal/donated_property20220624/,1,1,1,1,403
(not set),(not set),地震來的時候你家安全嗎? 一次搞懂制震器 - 遠雄房地產,/life-proposal/earthquake-taylor/,1,1,0,0,17
bing / organic,(organic),地震來的時候你家安全嗎? 一次搞懂制震器 - 遠雄房地產,/life-proposal/earthquake-taylor/,1,1,1,1,18
google / cpc,20250918,地震來的時候你家安全嗎? 一次搞懂制震器 - 遠雄房地產,/life-proposal/earthquake-taylor/,1,1,1,1,0
(not set),20250905五輪播,地震來的時候你家安全嗎? 一次搞懂抗震建築 - 遠雄房地產,/life-proposal/earthquake/,1,1,0,0,0
(not set),(not set),社區有綠建築標章有何好處？ - 遠雄房地產,/life-proposal/ease_greenbuilding_20230608/,1,1,0,0,5
bing / organic,(organic),社區有綠建築標章有何好處？ - 遠雄房地產,/life-proposal/ease_greenbuilding_20230608/,1,1,1,1,1
google / organic,(organic),宜居生活、地球永續，就從綠建材開始 - 遠雄房地產,/life-proposal/ease_greenmaterial_20230609/,1,1,1,1,381
(direct) / (none),(direct),居家生活擁抱綠建材，遠離影響健康與空氣的有害物質 - 遠雄房地產,/life-proposal/ease_healthy-material_20230616/,1,1,1,1,34
google / organic,(organic),居家生活擁抱綠建材，遠離影響健康與空氣的有害物質 - 遠雄房地產,/life-proposal/ease_healthy-material_20230616/,1,1,1,1,24
google / organic,(organic),梅雨季濕氣滿屋，來場除濕防霉大作戰 - 遠雄房地產,/life-proposal/ease_mildew-proof_20230612/,1,1,1,1,5
bing / organic,(organic),守護居家用電安全，一項一項打勾確認才安心【居家百科】 - 遠雄房地產,/life-proposal/electrical-safety/,1,1,1,1,2
google / organic,(organic),財經M平方觀點：新興市場韌性差異加劇，2025年怎麼走 - 遠雄房地產,/life-proposal/emerging-markets_20241217/,1,1,1,1,35
yahoo / organic,(organic),財經M平方觀點：新興市場韌性差異加劇，2025年怎麼走 - 遠雄房地產,/life-proposal/emerging-markets_20241217/,1,1,1,1,26
fb / dgm1,fb5-5,財經M平方觀點：新興市場韌性差異加劇，2025年怎麼走 - 遠雄房地產,/life-proposal/emerging-markets_20241217/,1,1,1,1,0
lm.facebook.com / referral,(referral),不動產節稅妙招：財富傳承的遺產稅佈局 - 遠雄房地產,/life-proposal/estate_tax_20220909/,1,1,1,1,81
m.facebook.com / referral,(referral),不動產節稅妙招：財富傳承的遺產稅佈局 - 遠雄房地產,/life-proposal/estate_tax_20220909/,1,1,1,1,0
mkto-sn070013.com / referral,(referral),不動產節稅妙招：財富傳承的遺產稅佈局 - 遠雄房地產,/life-proposal/estate_tax_20220909/,1,1,1,1,153
google / organic,(organic),財經M平方觀點：韓國和澳洲房價修正 台灣是否將步入後塵？ - 遠雄房地產,/life-proposal/expert_20230721_macromicro_korea/,1,1,1,1,19
(not set),(not set),劉佩真觀點：由壽險業、製造業、建築開發業看2023年第二季商用不動產 投資買賣市場之脈動 - 遠雄房地產,/life-proposal/expert_20230920_peizhen_commerical/,1,1,1,1,12
fb / ah2,fb-29,劉佩真觀點：由壽險業、製造業、建築開發業看2023年第二季商用不動產 投資買賣市場之脈動 - 遠雄房地產,/life-proposal/expert_20230920_peizhen_commerical/,1,1,1,1,0
(direct) / (none),(direct),何世昌觀點：2025年台灣房市潛力區域專題 - 北台灣篇 - 遠雄房地產,/life-proposal/expert_hoshichang_northern-potential,1,1,1,1,76
(not set),20250808一輪播,何世昌觀點：2025年台灣房市潛力區域專題 - 北台灣篇 - 遠雄房地產,/life-proposal/expert_hoshichang_northern-potential,1,1,1,1,10
(direct) / (none),(direct),找不到頁面 - 遠雄房地產,/life-proposal/expert_hoshichang_northern-potential,1,1,1,1,22
statics.teams.cdn.office.net / referral,(referral),找不到頁面 - 遠雄房地產,/life-proposal/expert_hoshichang_northern-potential,1,1,1,1,0
youtube / ah2,architecture30s,找不到頁面 - 遠雄房地產,/life-proposal/expert_hoshichang_northern-potential,1,1,1,1,14
(not set),(not set),何世昌觀點：2025年北台灣房市潛力區域專題報導-10大優質投資區域分析 - 遠雄房地產,/life-proposal/expert_hoshichang_northern-potential/,1,1,1,1,0
news.google.com / referral,(referral),何世昌觀點：2025年北台灣房市潛力區域專題報導-10大優質投資區域分析 - 遠雄房地產,/life-proposal/expert_hoshichang_northern-potential/,1,1,1,1,34
(direct) / (none),(direct),何世昌觀點：山雨欲來風滿樓，房市反轉時刻已降臨？ - 遠雄房地產,/life-proposal/expert_hoshichang_property_market_20250307/,1,1,3,3,328
google / organic,(organic),何世昌觀點：山雨欲來風滿樓，房市反轉時刻已降臨？ - 遠雄房地產,/life-proposal/expert_hoshichang_property_market_20250307/,1,1,1,1,55
mkto-sn070013.com / referral,(referral),何世昌觀點：山雨欲來風滿樓，房市反轉時刻已降臨？ - 遠雄房地產,/life-proposal/expert_hoshichang_property_market_20250307/,1,1,2,2,30
(direct) / (none),(direct),何世昌觀點：首季房市開低走揚，房價進入大亂鬥盤整格局 - 遠雄房地產,/life-proposal/expert_hoshichang_property_q1-review_20250514/,1,1,1,1,0
excel.officeapps.live.com / referral,(referral),[影音] 何世昌觀點：全台房市「蛋花湯效應」解密 - 南二都房價的變遷 - 遠雄房地產,/life-proposal/expert_hoshichang_property_south-prices_20250404/,1,1,1,1,3
(not set),20250905五輪播,[影音] 何世昌觀點：全台房市「蛋花湯效應」解密 - 南二都房價的變遷 - 遠雄房地產,/life-proposal/expert_hoshichang_property_south-prices_20250404/,1,1,0,0,0
excel.officeapps.live.com / referral,(referral),何世昌觀點：全台房市「蛋花湯效應」解密 - 南二都房價的變遷 - 遠雄房地產,/life-proposal/expert_hoshichang_property_south-prices_20250404/,1,1,8,8,79
(direct) / (none),(direct),[影音] 台灣房價為何跌不下來？看懂房市「抗跌力」 - 遠雄房地產,/life-proposal/expert_hoshichang_video_property_price_20250801/,1,1,1,1,0
chatgpt.com / (not set),(not set),[影音] 台灣房價為何跌不下來？看懂房市「抗跌力」 - 遠雄房地產,/life-proposal/expert_hoshichang_video_property_price_20250801/,1,1,1,1,9
google / cpc,(not set),[影音] 台灣房價為何跌不下來？看懂房市「抗跌力」 - 遠雄房地產,/life-proposal/expert_hoshichang_video_property_price_20250801/,1,1,1,1,31
excel.officeapps.live.com / referral,(referral),[影音] 台灣房價為何跌不下來？看懂房市「抗跌力」 - 遠雄房地產,/life-proposal/expert_hoshichang_video_property_price_20250801/,1,1,1,1,6
perplexity.ai / referral,(referral),[影音] 台灣房價為何跌不下來？看懂房市「抗跌力」 - 遠雄房地產,/life-proposal/expert_hoshichang_video_property_price_20250801/,1,1,1,1,1
fgr-line / fgr,expert_macromicro_2025econ_20250730,[影音] 台灣房價為何跌不下來？看懂房市「抗跌力」 - 遠雄房地產,/life-proposal/expert_hoshichang_video_property_price_20250801/,1,1,1,1,0
google / organic,(organic),找不到頁面 - 遠雄房地產,/life-proposal/expert_hoshichan…rthern-potential/,1,1,2,2,4
(not set),20250905五輪播,找不到頁面 - 遠雄房地產,/life-proposal/expert_hoshichan…rthern-potential/,1,1,2,2,5
(data not available),(cross-network),[影音] 專家看2025年上半年預售屋市場 : 四大現象觀察 - 遠雄房地產,/life-proposal/expert_housing-market_20250820/,1,1,1,1,6
(direct) / (none),(direct),[影音] 專家看2025年上半年預售屋市場 : 四大現象觀察 - 遠雄房地產,/life-proposal/expert_housing-market_20250820/,1,1,1,1,0
chatgpt.com / (not set),(not set),[影音] 專家看2025年上半年預售屋市場 : 四大現象觀察 - 遠雄房地產,/life-proposal/expert_housing-market_20250820/,1,1,1,1,57
google / cpc,(organic),[影音] 專家看2025年上半年預售屋市場 : 四大現象觀察 - 遠雄房地產,/life-proposal/expert_housing-market_20250820/,1,1,1,1,103
news.google.com / referral,(referral),[影音] 專家看2025年上半年預售屋市場 : 四大現象觀察 - 遠雄房地產,/life-proposal/expert_housing-market_20250820/,1,1,1,1,26
tw.search.yahoo.com / referral,(referral),[影音] 專家看2025年上半年預售屋市場 : 四大現象觀察 - 遠雄房地產,/life-proposal/expert_housing-market_20250820/,1,1,1,1,122
google / cpc,20250905五輪播,[影音] 專家看2025年上半年預售屋市場 : 四大現象觀察 - 遠雄房地產,/life-proposal/expert_housing-market_20250820/,1,1,1,1,32
fb / eh2,8-6,[影音] 專家看2025年上半年預售屋市場 : 四大現象觀察 - 遠雄房地產,/life-proposal/expert_housing-market_20250820/,1,1,1,1,17
google / cpc,competitor,[影音] 專家看2025年上半年預售屋市場 : 四大現象觀察 - 遠雄房地產,/life-proposal/expert_housing-market_20250820/,1,1,2,2,5
fgr-line / fgr,expert_housing-market_20250820,[影音] 專家看2025年上半年預售屋市場 : 四大現象觀察 - 遠雄房地產,/life-proposal/expert_housing-market_20250820/,1,1,0,0,10
fgr-line / fgr,expert_zhu_propertytax_20230814,[影音] 專家看2025年上半年預售屋市場 : 四大現象觀察 - 遠雄房地產,/life-proposal/expert_housing-market_20250820/,1,1,1,1,0
fb / bh10,fbearlybird_form,[影音] 專家看2025年上半年預售屋市場 : 四大現象觀察 - 遠雄房地產,/life-proposal/expert_housing-market_20250820/,1,1,2,2,11
google / cpc,gdn5-7,[影音] 專家看2025年上半年預售屋市場 : 四大現象觀察 - 遠雄房地產,/life-proposal/expert_housing-market_20250820/,1,1,2,2,24
line / bh8,line,[影音] 專家看2025年上半年預售屋市場 : 四大現象觀察 - 遠雄房地產,/life-proposal/expert_housing-market_20250820/,1,1,1,1,52
google / cpc,pmax-1-anothercity,[影音] 專家看2025年上半年預售屋市場 : 四大現象觀察 - 遠雄房地產,/life-proposal/expert_housing-market_20250820/,1,1,1,1,31
google / cpc,pmax-1-taichung,[影音] 專家看2025年上半年預售屋市場 : 四大現象觀察 - 遠雄房地產,/life-proposal/expert_housing-market_20250820/,1,1,1,1,365
web-udn / bh10,webudn0919,[影音] 專家看2025年上半年預售屋市場 : 四大現象觀察 - 遠雄房地產,/life-proposal/expert_housing-market_20250820/,1,1,1,1,11
google / cpc,遠雄幸福成_H713_關鍵字_0516_外縣市,[影音] 專家看2025年上半年預售屋市場 : 四大現象觀察 - 遠雄房地產,/life-proposal/expert_housing-market_20250820/,1,1,1,1,10
(not set),20250905五輪播,【商用不動產講堂】如何選擇好廠辦? - 遠雄房地產,/life-proposal/expert_ken_topics_commerical_factory_20240920/,1,1,1,1,2
(direct) / (none),(direct),永然法律不動產專欄：購買預售屋如何選擇好的建商？(上集) - 遠雄房地產,/life-proposal/expert_law_y-rlee_builder1_20250324/,1,1,1,1,49
youtube / fgr,20250514,永然法律不動產專欄：購買預售屋如何選擇好的建商？(上集) - 遠雄房地產,/life-proposal/expert_law_y-rlee_builder1_20250324/,1,1,1,1,1
(direct) / (none),(direct),永然法律不動產專欄：購買預售屋如何選擇好的建商？(下集) - 遠雄房地產,/life-proposal/expert_law_y-rlee_builder2_20250425/,1,1,2,2,60
bing / organic,(organic),永然法律不動產專欄：購買預售屋如何選擇好的建商？(下集) - 遠雄房地產,/life-proposal/expert_law_y-rlee_builder2_20250425/,1,1,1,1,23
tw.search.yahoo.com / referral,(referral),永然法律不動產專欄：購買預售屋如何選擇好的建商？(下集) - 遠雄房地產,/life-proposal/expert_law_y-rlee_builder2_20250425/,1,1,1,1,50
excel.officeapps.live.com / referral,(referral),永然法律不動產專欄：未婚情侶合資買房在法律上要注意什麼？ - 遠雄房地產,/life-proposal/expert_law_y-rlee_co-buying/,1,1,1,1,23
statics.teams.cdn.office.net / referral,(referral),找不到頁面 - 遠雄房地產,/life-proposal/expert_law_y-rlee_co-buying_20251003,1,1,1,1,0
(not set),20250808一輪播,永然法律不動產專欄：未婚情侶合資買房在法律上要注意什麼呢？ - 遠雄房地產,/life-proposal/expert_law_y-rlee_co-buying_20251003,1,1,4,4,425
(not set),20250905一輪播,永然法律不動產專欄：未婚情侶合資買房在法律上要注意什麼呢？ - 遠雄房地產,/life-proposal/expert_law_y-rlee_co-buying_20251003/,1,1,1,1,0
excel.officeapps.live.com / referral,(referral),永然法律不動產專欄：預售屋買賣契約簽約時應注意「契約審閱期」 - 遠雄房地產,/life-proposal/expert_law_y-rlee_contract_20250613/,1,1,1,1,2
(not set),20250905五輪播,永然法律不動產專欄：預售屋買賣契約簽約時應注意「契約審閱期」 - 遠雄房地產,/life-proposal/expert_law_y-rlee_contract_20250613/,1,1,0,0,0
(not set),20250919一輪播,永然法律不動產專欄：預售屋買賣契約簽約時應注意「契約審閱期」 - 遠雄房地產,/life-proposal/expert_law_y-rlee_contract_20250613/,1,1,1,1,2
fb / bh10,fbearlybird_form,永然法律不動產專欄：預售屋買賣契約簽約時應注意「契約審閱期」 - 遠雄房地產,/life-proposal/expert_law_y-rlee_contract_20250613/,1,1,1,1,39
line-lap / bh10,line-lap20256-8,永然法律不動產專欄：預售屋買賣契約簽約時應注意「契約審閱期」 - 遠雄房地產,/life-proposal/expert_law_y-rlee_contract_20250613/,1,1,1,1,4
google / organic,(organic),永然法律不動產專欄：台版地面師如何騙走你的不動產? - 遠雄房地產,/life-proposal/expert_law_y-rlee_land-agent_20250904,1,1,1,1,17
(not set),(not set),永然法律不動產專欄：台版地面師如何騙走你的不動產? - 遠雄房地產,/life-proposal/expert_law_y-rlee_land-agent_20250904/,1,1,1,1,0
news.google.com / referral,(referral),永然法律不動產專欄：台版地面師如何騙走你的不動產? - 遠雄房地產,/life-proposal/expert_law_y-rlee_land-agent_20250904/,1,1,1,1,9
(not set),20250725二輪播,永然法律不動產專欄：台版地面師如何騙走你的不動產? - 遠雄房地產,/life-proposal/expert_law_y-rlee_land-agent_20250904/,1,1,1,1,0
yt / fgr,expert_housing-market_20250820,永然法律不動產專欄：台版地面師如何騙走你的不動產? - 遠雄房地產,/life-proposal/expert_law_y-rlee_land-agent_20250904/,1,1,1,1,5
fgr-line / fgr,expert_zhu_propertytax_20230814,永然法律不動產專欄：台版地面師如何騙走你的不動產? - 遠雄房地產,/life-proposal/expert_law_y-rlee_land-agent_20250904/,1,1,1,1,57
google / organic,(organic),找不到頁面 - 遠雄房地產,/life-proposal/expert_law_y-rlee_land-agent_20250905,1,1,1,1,2
statics.teams.cdn.office.net / referral,(referral),找不到頁面 - 遠雄房地產,/life-proposal/expert_law_y-rlee_land-agent_20250905,1,1,1,1,5
(not set),20250808一輪播,找不到頁面 - 遠雄房地產,/life-proposal/expert_law_y-rlee_land-agent_20250905,1,1,1,1,3
(direct) / (none),(direct),永然法律不動產專欄：台版地面師如何騙走你的不動產? - 遠雄房地產,/life-proposal/expert_law_y-rlee_land-agent_20250905,1,1,1,1,198
(not set),20250808一輪播,永然法律不動產專欄：台版地面師如何騙走你的不動產? - 遠雄房地產,/life-proposal/expert_law_y-rlee_land-agent_20250905,1,1,2,2,255
bing / organic,(organic),永然法律不動產專欄：預售屋買賣契約中的交屋保留款與建材設備約定 - 遠雄房地產,/life-proposal/expert_law_y-rlee_retention-money_20250704/,1,1,1,1,0
fgr-line / fgr,expert_law_y-rlee_retention-money_20250704,永然法律不動產專欄：預售屋買賣契約中的交屋保留款與建材設備約定 - 遠雄房地產,/life-proposal/expert_law_y-rlee_retention-money_20250704/,1,1,1,1,3
(direct) / (none),(direct),李同榮觀點：2022上半年房市總結「升息循環、疫情擴散、打房加重」與未來展望 - 遠雄房地產,/life-proposal/expert_li_2022property_20220722/,1,1,1,1,0
(direct) / (none),(direct),李同榮觀點：2023上半年房市回顧及下半年走勢預測 - 遠雄房地產,/life-proposal/expert_li_2023q3market_20230717/,1,1,1,1,7
bing / organic,(organic),李同榮觀點：從13大指標判斷2024年下半年房產走勢 - 遠雄房地產,/life-proposal/expert_li_2024trend_20240711/,1,1,1,1,53
tw.search.yahoo.com / referral,(referral),李同榮觀點：從13大指標判斷2024年下半年房產走勢 - 遠雄房地產,/life-proposal/expert_li_2024trend_20240711/,1,1,1,1,2
mkto-sn070013.com / referral,(referral),李同榮觀點：2025房市下跌趨勢中，預售屋進場全攻略 - 遠雄房地產,/life-proposal/expert_li_7th-cycle_20250114/,1,1,2,2,38
news.google.com / referral,(referral),李同榮觀點：2025房市下跌趨勢中，預售屋進場全攻略 - 遠雄房地產,/life-proposal/expert_li_7th-cycle_20250114/,1,1,1,1,60
tw.search.yahoo.com / referral,(referral),李同榮觀點：2025房市下跌趨勢中，預售屋進場全攻略 - 遠雄房地產,/life-proposal/expert_li_7th-cycle_20250114/,1,1,1,1,180
(not set),20250905五輪播,李同榮觀點：2025房市下跌趨勢中，預售屋進場全攻略 - 遠雄房地產,/life-proposal/expert_li_7th-cycle_20250114/,1,1,0,0,0
yt / fgr,expert_housing-market_20250820,李同榮觀點：Al新十大建設對未來房市的具體影響 - 遠雄房地產,/life-proposal/expert_li_ai-projects_20250715/,1,1,1,1,0
fgr-line / fgr,expert_macromicro_2025econ_20250730,李同榮觀點：Al新十大建設對未來房市的具體影響 - 遠雄房地產,/life-proposal/expert_li_ai-projects_20250715/,1,1,1,1,0
(direct) / (none),(direct),李同榮觀點：2024年大選後，台灣房市面對的挑戰 - 遠雄房地產,/life-proposal/expert_li_election_20231019/,1,1,1,1,0
bing / organic,(organic),李同榮觀點：2024年大選後，台灣房市面對的挑戰 - 遠雄房地產,/life-proposal/expert_li_election_20231019/,1,1,1,1,31
google / organic,(organic),李同榮觀點：2024年大選後，台灣房市面對的挑戰 - 遠雄房地產,/life-proposal/expert_li_election_20231019/,1,1,1,1,24
(not set),20250905五輪播,李同榮觀點：2024年大選後，台灣房市面對的挑戰 - 遠雄房地產,/life-proposal/expert_li_election_20231019/,1,1,0,0,29
(not set),20250808一輪播,李同榮觀點：2025自住首購族擇屋八大法則 - 遠雄房地產,/life-proposal/expert_li_homeowners_20250410/,1,1,1,1,124
(not set),20250919一輪播,李同榮觀點：2025自住首購族擇屋八大法則 - 遠雄房地產,/life-proposal/expert_li_homeowners_20250410/,1,1,1,1,40
google / cpc,gdn5-7,李同榮觀點：2025自住首購族擇屋八大法則 - 遠雄房地產,/life-proposal/expert_li_homeowners_20250410/,1,1,1,1,5
mkto-sn070013.com / referral,(referral),李同榮觀點：政策修法五重拳，市場不如預期悲觀，購屋者不必恐慌 - 遠雄房地產,/life-proposal/expert_li_housing_market_20230117/,1,1,1,1,11
(direct) / (none),(direct),劉學龍觀點：從近期交易看商用不動產市場動能 - 遠雄房地產,/life-proposal/expert_liu_20230629_commercial/,1,1,1,1,0
google / organic,(organic),劉學龍觀點：從近期交易看商用不動產市場動能 - 遠雄房地產,/life-proposal/expert_liu_20230629_commercial/,1,1,1,1,4
(not set),20250905五輪播,劉學龍觀點：從近期交易看商用不動產市場動能 - 遠雄房地產,/life-proposal/expert_liu_20230629_commercial/,1,1,0,0,0
(direct) / (none),(direct),劉學龍觀點：2023年商用不動產市場回顧與展望 - 遠雄房地產,/life-proposal/expert_liu_commercial_2023review_20240101/,1,1,1,1,7
(direct) / (none),(direct),劉學龍觀點：從2025年全球局勢來看台灣商用不動產投資動能 - 遠雄房地產,/life-proposal/expert_liu_commercial_2025global_20250418/,1,1,1,1,1
claude.ai / referral,(referral),劉學龍觀點：從2025年全球局勢來看台灣商用不動產投資動能 - 遠雄房地產,/life-proposal/expert_liu_commercial_2025global_20250418/,1,1,1,1,67
(not set),20250905五輪播,劉學龍觀點：從2025年全球局勢來看台灣商用不動產投資動能 - 遠雄房地產,/life-proposal/expert_liu_commercial_2025global_20250418/,1,1,1,1,0
chatgpt.com / referral,(referral),劉學龍觀點：全球局勢到本地市場，2025下半年商用不動產市場的風與浪 - 遠雄房地產,/life-proposal/expert_liu_commercial_2025h2_20250725/,1,1,1,1,51
news.google.com / referral,(referral),劉學龍觀點：全球局勢到本地市場，2025下半年商用不動產市場的風與浪 - 遠雄房地產,/life-proposal/expert_liu_commercial_2025h2_20250725/,1,1,2,2,27
perplexity.ai / referral,(referral),劉學龍觀點：全球局勢到本地市場，2025下半年商用不動產市場的風與浪 - 遠雄房地產,/life-proposal/expert_liu_commercial_2025h2_20250725/,1,1,1,1,3
(not set),20250905五輪播,劉學龍觀點：2025年的商用不動產投資開發潛力聚焦工業 - 遠雄房地產,/life-proposal/expert_liu_commercial_2025trend_20250115/,1,1,0,0,0
google / organic,(organic),劉學龍觀點：新政府的房市政策期許與建議 - 遠雄房地產,/life-proposal/expert_liu_commercial_policy_20240709/,1,1,1,1,1
hk.search.yahoo.com / referral,(referral),劉學龍觀點：升息循環下的商用不動產投資 - 遠雄房地產,/life-proposal/expert_liu_commercial_property20220928/,1,1,1,1,116
google / organic,(organic),劉學龍觀點：短暫休息後的蛻變-零售新風貌 - 遠雄房地產,/life-proposal/expert_liu_retail_20230328/,1,1,1,1,33
(direct) / (none),(direct),財經M平方觀點：通膨促使各大央行升息，台灣房市未來展望 - 遠雄房地產,/life-proposal/expert_macromicro20220601/,1,1,1,1,0
reurl.cc / referral,(referral),財經M平方觀點：俄烏衝突使通膨升溫，加速各大央行緊縮進程 - 遠雄房地產,/life-proposal/expert_macromicro20220631/,1,1,1,1,7
m.baidu.com / referral,(referral),財經M平方觀點：中國房市陷入惡性循環，三個對經濟的影響 - 遠雄房地產,/life-proposal/expert_macromicro20220909/,1,1,1,1,0
google / organic,(organic),財經M平方觀點：全球製造業去庫存，半導體財報下修對台灣的影響 - 遠雄房地產,/life-proposal/expert_macromicro_20221125/,1,1,2,2,45
tw.search.yahoo.com / referral,(referral),財經M平方觀點：受惠中國解封 全球製造業將逐步落底 - 遠雄房地產,/life-proposal/expert_macromicro_20230320/,1,1,1,1,2
(direct) / (none),(direct),財經M平方觀點：各國房地產全解析，一文讀懂不動產市場運作 - 遠雄房地產,/life-proposal/expert_macromicro_20230328/,1,1,2,2,25
perplexity.ai / referral,(referral),財經M平方觀點：各國房地產全解析，一文讀懂不動產市場運作 - 遠雄房地產,/life-proposal/expert_macromicro_20230328/,1,1,1,1,110
(not set),(not set),財經M平方觀點：2025 下半年台灣經濟怎麼走？台股、台幣一次解析 - 遠雄房地產,/life-proposal/expert_macromicro_2025econ_20250730/,1,1,1,1,69
chatgpt.com / referral,(referral),財經M平方觀點：2025 下半年台灣經濟怎麼走？台股、台幣一次解析 - 遠雄房地產,/life-proposal/expert_macromicro_2025econ_20250730/,1,1,1,1,24
news.google.com / referral,(referral),財經M平方觀點：2025 下半年台灣經濟怎麼走？台股、台幣一次解析 - 遠雄房地產,/life-proposal/expert_macromicro_2025econ_20250730/,1,1,1,1,20
perplexity.ai / referral,(referral),財經M平方觀點：2025 下半年台灣經濟怎麼走？台股、台幣一次解析 - 遠雄房地產,/life-proposal/expert_macromicro_2025econ_20250730/,1,1,1,1,4
google / organic,(organic),财经M平方观点：2025 下半年台湾经济怎么走？台股、台币一次解析- 远雄房地产,/life-proposal/expert_macromicro_2025econ_20250730/,1,1,0,0,110
statics.teams.cdn.office.net / referral,(referral),找不到頁面 - 遠雄房地產,/life-proposal/expert_macromicro_25Q2-Financial-Statements,1,1,1,1,0
(direct) / (none),(direct),財經M平方觀點：降息循環啟動！未來該如何調整資產配置？ - 遠雄房地產,/life-proposal/expert_macromicro_cut-interest-rates_20241030/,1,1,1,1,17
bing / organic,(organic),財經M平方觀點：降息循環啟動！未來該如何調整資產配置？ - 遠雄房地產,/life-proposal/expert_macromicro_cut-interest-rates_20241030/,1,1,1,1,8
(not set),20250905五輪播,財經M平方觀點：降息循環啟動！未來該如何調整資產配置？ - 遠雄房地產,/life-proposal/expert_macromicro_cut-interest-rates_20241030/,1,1,0,0,0
google / organic,(organic),💤 財經M平方觀點：降息循環啟動！未來該如何調整資產配置？ - 遠雄房地產,/life-proposal/expert_macromicro_cut-interest-rates_20241030/,1,1,0,0,15
mkto-sn070013.com / referral,(referral),財經M平方觀點：資本支出會太高嗎？一文解析 24Q4 科技巨頭財報 - 遠雄房地產,/life-proposal/expert_macromicro_financial-statements_20250318/,1,1,2,2,46
(not set),20250905五輪播,財經M平方觀點：資本支出會太高嗎？一文解析 24Q4 科技巨頭財報 - 遠雄房地產,/life-proposal/expert_macromicro_financial-statements_20250318/,1,1,1,1,57
google / organic,(organic),財經M平方觀點：美國 Q1 GDP 季增年率翻負！對等關稅下經濟怎麼走？ - 遠雄房地產,/life-proposal/expert_macromicro_fomc2025_20250618/,1,1,1,1,14
socialmedia / fgr,ig0726,財經M平方觀點：台灣房價 Q2 再度創高，打房效果是否逐步遞減？ - 遠雄房地產,/life-proposal/expert_macromicro_housing_03q2_20230928/,1,1,1,1,0
fgr-line / fgr,expert_macromicro_housing_2024q3_20241106,財經M平方觀點：全台Q3房價創高，但後續房市將變天？ - 遠雄房地產,/life-proposal/expert_macromicro_housing_2024q3_20241106/,1,1,1,1,0
(direct) / (none),(direct),財經M平方觀點：2024年台灣房市展望 - 遠雄房地產,/life-proposal/expert_macromicro_housing_2024trend_20231125/,1,1,1,1,0
bing / organic,(organic),財經M平方觀點：2024年台灣房市展望 - 遠雄房地產,/life-proposal/expert_macromicro_housing_2024trend_20231125/,1,1,1,1,73
google / organic,(organic),財經M平方觀點：進入 2025 年如何展望台灣房市，央行信用管制效果還在? - 遠雄房地產,/life-proposal/expert_macromicro_housing_2025view_20250205/,1,1,1,1,58
perplexity.ai / referral,(referral),財經M平方觀點：進入 2025 年如何展望台灣房市，央行信用管制效果還在? - 遠雄房地產,/life-proposal/expert_macromicro_housing_2025view_20250205/,1,1,2,2,4
(direct) / (none),(direct),財經M平方觀點：台灣房市價量回升，房市牛市延續兩大重點解析 - 遠雄房地產,/life-proposal/expert_macromicro_housing_market_20240222/,1,1,2,2,27
perplexity.ai / referral,(referral),財經M平方觀點：台灣房市價量回升，房市牛市延續兩大重點解析 - 遠雄房地產,/life-proposal/expert_macromicro_housing_market_20240222/,1,1,1,1,0
ig / fgr,expert_macromicro_housing_policy_20240507,財經M平方觀點：新青安政策刺激房市價量熱絡，預售屋快速回溫 - 遠雄房地產,/life-proposal/expert_macromicro_housing_policy_20240507/,1,1,1,1,7
google / organic,(organic),財經M平方觀點：中國解封後人民幣再破新低，後續觀察重點為何？ - 遠雄房地產,/life-proposal/expert_macromicro_mac_rmb_20230928/,1,1,1,1,2
google / organic,(organic),財經M平方觀點：陸港股最壞狀況已過？展望中國後市 - 遠雄房地產,/life-proposal/expert_macromicro_mec_china_20240621/,1,1,1,1,40
(not set),20250905五輪播,財經M平方觀點：陸港股最壞狀況已過？展望中國後市 - 遠雄房地產,/life-proposal/expert_macromicro_mec_china_20240621/,1,1,1,1,24
google / organic,(organic),財經M平方觀點：三大貨幣類型，盤點全球匯市走向 - 遠雄房地產,/life-proposal/expert_macromicro_mec_currency_20240521/,1,1,1,1,34
google / organic,(organic),財經M平方觀點：製造業回溫下驅動台灣經濟的三大關鍵 - 遠雄房地產,/life-proposal/expert_macromicro_mec_manufacturing_20240304/,1,1,1,1,9
google / organic,(organic),財經M平方觀點：台灣景氣燈號連二黃紅燈，這波行情能走多遠？ - 遠雄房地產,/life-proposal/expert_macromicro_mec_prosperity_20240725/,1,1,1,1,0
google / organic,(organic),財經M平方觀點：川賀政策面面觀，政策將如何影響總經？ - 遠雄房地產,/life-proposal/expert_macromicro_mec_us-selection_20240927/,1,1,1,1,17
perplexity / (not set),(not set),財經M平方觀點：關稅搶出口潮退去後，2025下半年製造業還有支撐嗎？ - 遠雄房地產,/life-proposal/expert_macromicro_mfg-h2_20250820/,1,1,2,2,207
excel.officeapps.live.com / referral,(referral),財經M平方觀點：關稅搶出口潮退去後，2025下半年製造業還有支撐嗎？ - 遠雄房地產,/life-proposal/expert_macromicro_mfg-h2_20250820/,1,1,3,3,11
news.google.com / referral,(referral),財經M平方觀點：關稅搶出口潮退去後，2025下半年製造業還有支撐嗎？ - 遠雄房地產,/life-proposal/expert_macromicro_mfg-h2_20250820/,1,1,1,1,3
line-lap / bh10,line-lap20256-8,財經M平方觀點：關稅搶出口潮退去後，2025下半年製造業還有支撐嗎？ - 遠雄房地產,/life-proposal/expert_macromicro_mfg-h2_20250820/,1,1,1,1,19
yahoo / organic,(organic),財經M平方觀點：對等關稅引發全球市場動盪 貴金屬適合投資嗎？ - 遠雄房地產,/life-proposal/expert_macromicro_precious-metals_20250430/,1,1,1,1,1034
(not set),20250905五輪播,財經M平方觀點：對等關稅引發全球市場動盪 貴金屬適合投資嗎？ - 遠雄房地產,/life-proposal/expert_macromicro_precious-metals_20250430/,1,1,0,0,0
fb / dgm1,fb8-5,財經M平方觀點：對等關稅引發全球市場動盪 貴金屬適合投資嗎？ - 遠雄房地產,/life-proposal/expert_macromicro_precious-metals_20250430/,1,1,1,1,0
fgr-line / fgr,expert_macromicro_tariff_20250218,財經M平方觀點：貿易戰開打！關稅壁壘會帶來甚麼影響？ - 遠雄房地產,/life-proposal/expert_macromicro_tariff_20250218/,1,1,1,1,0
(not set),20250905五輪播,財經M平方觀點：對等關稅下，新興亞洲將面臨哪些挑戰？ - 遠雄房地產,/life-proposal/expert_macromicro_tariffs-to-asia_20250528/,1,1,1,1,66
(direct) / (none),(direct),劉佩真觀點：從國內製造業的發展現況看工業地產之趨勢 - 遠雄房地產,/life-proposal/expert_peizhen_20230331/,1,1,1,1,0
google / organic,(organic),劉佩真觀點：開發商與科技業為2024年國內土地交易推升的主力 - 遠雄房地產,/life-proposal/expert_peizhen_2024-land-deal_20241213/,1,1,1,1,38
(not set),20250919一輪播,劉佩真觀點：開發商與科技業為2024年國內土地交易推升的主力 - 遠雄房地產,/life-proposal/expert_peizhen_2024-land-deal_20241213/,1,1,1,1,15
bing / organic,(organic),劉佩真觀點：2024年房市為前高後低態勢、2025年將進入調整階段 - 遠雄房地產,/life-proposal/expert_peizhen_2024review_20250107/,1,1,1,1,12
mkto-sn070013.com / referral,(referral),劉佩真觀點：2024年房市為前高後低態勢、2025年將進入調整階段 - 遠雄房地產,/life-proposal/expert_peizhen_2024review_20250107/,1,1,2,2,0
excel.officeapps.live.com / referral,(referral),找不到頁面 - 遠雄房地產,/life-proposal/expert_peizhen_OME,1,1,1,1,0
(not set),20250905五輪播,劉佩真觀點：AI科技宅當道！台灣半導體聚落帶動房市 - 遠雄房地產,/life-proposal/expert_peizhen_ai-housing-trend/,1,1,1,1,373
(direct) / (none),(direct),找不到頁面 - 遠雄房地產,/life-proposal/expert_peizhen_ai-housing-trend/,1,1,1,1,0
(not set),20250905五輪播,找不到頁面 - 遠雄房地產,/life-proposal/expert_peizhen_ai-housing-trend/,1,1,2,2,6
mkto-sn070013.com / referral,(referral),(1) 封未讀訊息 | [影音] 劉佩真觀點：下半年房市走勢利多與利空一次看！ - 遠雄房地產,/life-proposal/expert_peizhen_bullbear-2025h2__20250829/,1,1,0,0,0
bing / organic,(organic),[影音] 劉佩真觀點：下半年房市走勢利多與利空一次看！ - 遠雄房地產,/life-proposal/expert_peizhen_bullbear-2025h2__20250829/,1,1,2,2,2
google / cpc,(organic),[影音] 劉佩真觀點：下半年房市走勢利多與利空一次看！ - 遠雄房地產,/life-proposal/expert_peizhen_bullbear-2025h2__20250829/,1,1,3,3,84
yahoo / organic,(organic),[影音] 劉佩真觀點：下半年房市走勢利多與利空一次看！ - 遠雄房地產,/life-proposal/expert_peizhen_bullbear-2025h2__20250829/,1,1,2,2,24
m000476.layout.minmax.website / referral,(referral),[影音] 劉佩真觀點：下半年房市走勢利多與利空一次看！ - 遠雄房地產,/life-proposal/expert_peizhen_bullbear-2025h2__20250829/,1,1,1,1,11
(not set),20250725一輪播,[影音] 劉佩真觀點：下半年房市走勢利多與利空一次看！ - 遠雄房地產,/life-proposal/expert_peizhen_bullbear-2025h2__20250829/,1,1,1,1,6
fgr-line / fgr,expert_macromicro_2025econ_20250730,[影音] 劉佩真觀點：下半年房市走勢利多與利空一次看！ - 遠雄房地產,/life-proposal/expert_peizhen_bullbear-2025h2__20250829/,1,1,1,1,8
fgr-line / fgr,tax_mitigation_housetax_20220902,[影音] 劉佩真觀點：下半年房市走勢利多與利空一次看！ - 遠雄房地產,/life-proposal/expert_peizhen_bullbear-2025h2__20250829/,1,1,1,1,29
tw.search.yahoo.com / referral,(referral),劉佩真觀點：台灣AI科技供應鏈處全球制高點  拉抬相關地產表現 - 遠雄房地產,/life-proposal/expert_peizhen_commercial_ai-tec_20241003/,1,1,1,1,1
chatgpt.com / (not set),(not set),劉佩真觀點：銀髮住宅可望成為台灣房地產市場的新藍海 - 遠雄房地產,/life-proposal/expert_peizhen_commercial_elderly-residence_20250509/,1,1,1,1,16
bing / organic,(organic),劉佩真觀點：輝達黃仁勳旋風對於台灣房市帶來的正面效應 - 遠雄房地產,/life-proposal/expert_peizhen_commercial_nvidia_20250603/,1,1,1,1,7
fb / 5vo1,2025090503,劉佩真觀點：輝達黃仁勳旋風對於台灣房市帶來的正面效應 - 遠雄房地產,/life-proposal/expert_peizhen_commercial_nvidia_20250603/,1,1,1,1,0
google / cpc,brand,劉佩真觀點：輝達黃仁勳旋風對於台灣房市帶來的正面效應 - 遠雄房地產,/life-proposal/expert_peizhen_commercial_nvidia_20250603/,1,1,1,1,1
google / cpc,competitor,劉佩真觀點：輝達黃仁勳旋風對於台灣房市帶來的正面效應 - 遠雄房地產,/life-proposal/expert_peizhen_commercial_nvidia_20250603/,1,1,1,1,3
google / cpc,gdn-01,劉佩真觀點：輝達黃仁勳旋風對於台灣房市帶來的正面效應 - 遠雄房地產,/life-proposal/expert_peizhen_commercial_nvidia_20250603/,1,1,1,1,3
yahoo / organic,(organic),劉佩真觀點：科技業制壓傳產，為商用不動產自用買盤主要驅動力 - 遠雄房地產,/life-proposal/expert_peizhen_commercial_tec-wins_20250205/,1,1,1,1,1
perplexity.ai / referral,(referral),劉佩真觀點：科技業制壓傳產，為商用不動產自用買盤主要驅動力 - 遠雄房地產,/life-proposal/expert_peizhen_commercial_tec-wins_20250205/,1,1,2,2,61
(not set),20250905五輪播,劉佩真觀點：科技業制壓傳產，為商用不動產自用買盤主要驅動力 - 遠雄房地產,/life-proposal/expert_peizhen_commercial_tec-wins_20250205/,1,1,1,1,2
(not set),(not set),劉佩真觀點：從行業別、區域分布看2024年商用不動產投資買賣市場脈動 - 遠雄房地產,/life-proposal/expert_peizhen_commerical-trend_20240603/,1,1,1,1,0
(not set),20250905五輪播,劉佩真觀點：從行業別、區域分布看2024年商用不動產投資買賣市場脈動 - 遠雄房地產,/life-proposal/expert_peizhen_commerical-trend_20240603/,1,1,1,1,14
(not set),20250919一輪播,劉佩真觀點：從行業別、區域分布看2024年商用不動產投資買賣市場脈動 - 遠雄房地產,/life-proposal/expert_peizhen_commerical-trend_20240603/,1,1,0,0,22
youtube / fgr,expert_peizhen_commerical-trend_20240603,劉佩真觀點：從行業別、區域分布看2024年商用不動產投資買賣市場脈動 - 遠雄房地產,/life-proposal/expert_peizhen_commerical-trend_20240603/,1,1,1,1,0
fb / fm3,formbutton,劉佩真觀點：從行業別、區域分布看2024年商用不動產投資買賣市場脈動 - 遠雄房地產,/life-proposal/expert_peizhen_commerical-trend_20240603/,1,1,1,1,0
(not set),20250905五輪播,劉佩真觀點：2023年台灣土地交易市場變化 - 遠雄房地產,/life-proposal/expert_peizhen_land_20230609/,1,1,0,0,0
fb / 8fsl01,leads,劉佩真觀點：製造業景氣回春挾其自用買盤  將助攻今年工業地產 - 遠雄房地產,/life-proposal/expert_peizhen_manufacturing_20240422/,1,1,1,1,0
(not set),(not set),[影音] 劉佩真觀點：從總體經營環境來看2025下半年住宅與商用市場最新動態 - 遠雄房地產,/life-proposal/expert_peizhen_oee_2025h2/,1,1,1,1,35
bing / organic,(organic),[影音] 劉佩真觀點：從總體經營環境來看2025下半年住宅與商用市場最新動態 - 遠雄房地產,/life-proposal/expert_peizhen_oee_2025h2/,1,1,1,1,7
excel.officeapps.live.com / referral,(referral),[影音] 劉佩真觀點：從總體經營環境來看2025下半年住宅與商用市場最新動態 - 遠雄房地產,/life-proposal/expert_peizhen_oee_2025h2/,1,1,1,1,41
mkto-sn070013.com / referral,(referral),[影音] 劉佩真觀點：從總體經營環境來看2025下半年住宅與商用市場最新動態 - 遠雄房地產,/life-proposal/expert_peizhen_oee_2025h2/,1,1,1,1,31
search.google.com / referral,(referral),[影音] 劉佩真觀點：從總體經營環境來看2025下半年住宅與商用市場最新動態 - 遠雄房地產,/life-proposal/expert_peizhen_oee_2025h2/,1,1,2,2,1
statics.teams.cdn.office.net / referral,(referral),[影音] 劉佩真觀點：從總體經營環境來看2025下半年住宅與商用市場最新動態 - 遠雄房地產,/life-proposal/expert_peizhen_oee_2025h2/,1,1,1,1,26
(not set),20250808一輪播,[影音] 劉佩真觀點：從總體經營環境來看2025下半年住宅與商用市場最新動態 - 遠雄房地產,/life-proposal/expert_peizhen_oee_2025h2/,1,1,1,1,38
google / cpc,gdn-01,[影音] 劉佩真觀點：從總體經營環境來看2025下半年住宅與商用市場最新動態 - 遠雄房地產,/life-proposal/expert_peizhen_oee_2025h2/,1,1,1,1,1
(not set),(not set),劉佩真觀點：辦公室租賃將告別房東市場，然企業升級需求為重點 - 遠雄房地產,/life-proposal/expert_peizhen_office-rental_20250805/,1,1,0,0,70
app.clickup.com / referral,(referral),劉佩真觀點：辦公室租賃將告別房東市場，然企業升級需求為重點 - 遠雄房地產,/life-proposal/expert_peizhen_office-rental_20250805/,1,1,1,1,0
chatgpt.com / referral,(referral),劉佩真觀點：辦公室租賃將告別房東市場，然企業升級需求為重點 - 遠雄房地產,/life-proposal/expert_peizhen_office-rental_20250805/,1,1,1,1,608
excel.officeapps.live.com / referral,(referral),劉佩真觀點：辦公室租賃將告別房東市場，然企業升級需求為重點 - 遠雄房地產,/life-proposal/expert_peizhen_office-rental_20250805/,1,1,1,1,0
google / organic,(organic),劉佩真觀點：從各面向觀察辦公大樓租賃市場之走向 - 遠雄房地產,/life-proposal/expert_peizhen_office_trend_20231004/,1,1,1,1,1
chatgpt.com / referral,(referral),劉佩真觀點：從各面向觀察辦公大樓租賃市場之走向 - 遠雄房地產,/life-proposal/expert_peizhen_office_trend_20231004/,1,1,0,0,25
emp.cathayholdings.com / referral,(referral),劉佩真觀點：從各面向觀察辦公大樓租賃市場之走向 - 遠雄房地產,/life-proposal/expert_peizhen_office_trend_20231004/,1,1,1,1,25
(not set),20250905五輪播,劉佩真觀點：從各面向觀察辦公大樓租賃市場之走向 - 遠雄房地產,/life-proposal/expert_peizhen_office_trend_20231004/,1,1,1,1,4
(direct) / (none),(direct),劉佩真觀點：辦公室租賃市場供需與重要趨勢變化之解析 - 遠雄房地產,/life-proposal/expert_peizhen_officemarket_20240806/,1,1,1,1,0
bing / organic,(organic),劉佩真觀點：辦公室租賃市場供需與重要趨勢變化之解析 - 遠雄房地產,/life-proposal/expert_peizhen_officemarket_20240806/,1,1,1,1,81
emp.cathayholdings.com / referral,(referral),劉佩真觀點：辦公室租賃市場供需與重要趨勢變化之解析 - 遠雄房地產,/life-proposal/expert_peizhen_officemarket_20240806/,1,1,1,1,5
(not set),20250905五輪播,劉佩真觀點：辦公室租賃市場供需與重要趨勢變化之解析 - 遠雄房地產,/life-proposal/expert_peizhen_officemarket_20240806/,1,1,1,1,50
bing / organic,(organic),劉佩真觀點：2025年第一季房市觀測 - 政策與銀行管制未鬆綁，短期國內房市陷入調整期 - 遠雄房地產,/life-proposal/expert_peizhen_property-2025q1_20250418/,1,1,1,1,0
(not set),20250905五輪播,劉佩真觀點：2025年第一季房市觀測 - 政策與銀行管制未鬆綁，短期國內房市陷入調整期 - 遠雄房地產,/life-proposal/expert_peizhen_property-2025q1_20250418/,1,1,0,0,3
(not set),20250919一輪播,劉佩真觀點：2025年第一季房市觀測 - 政策與銀行管制未鬆綁，短期國內房市陷入調整期 - 遠雄房地產,/life-proposal/expert_peizhen_property-2025q1_20250418/,1,1,0,0,0
google / cpc,needs,劉佩真觀點：2025年第一季房市觀測 - 政策與銀行管制未鬆綁，短期國內房市陷入調整期 - 遠雄房地產,/life-proposal/expert_peizhen_property-2025q1_20250418/,1,1,1,1,38
google / cpc,gdn-01,"Sudut Pandang Liu Peizhen: Observasi Pasar Perumahan untuk Kuartal Kedua 2025 - Dengan faktor-faktor negatif seperti tarif dan tindakan keras yang terus berlanjut terhadap spekulasi properti, apakah masih ada peluang bagi pasar perumahan untuk pulih di Kuartal Ketiga? - Farglory Real Estate",/life-proposal/expert_peizhen_property-2025q2_20250707/,1,1,1,1,3
google / organic,(organic),刘佩真观点：2025年第二季房市观测- 关税、打炒房持续等利空，Q3房市景气还有机会回升吗？ - 远雄房地产,/life-proposal/expert_peizhen_property-2025q2_20250707/,1,1,0,0,19
chatgpt.com / referral,(referral),劉佩真觀點：2025年第二季房市觀測 - 關稅、打炒房持續等利空，Q3房市景氣還有機會回升嗎？ - 遠雄房地產,/life-proposal/expert_peizhen_property-2025q2_20250707/,1,1,2,2,131
excel.officeapps.live.com / referral,(referral),劉佩真觀點：2025年第二季房市觀測 - 關稅、打炒房持續等利空，Q3房市景氣還有機會回升嗎？ - 遠雄房地產,/life-proposal/expert_peizhen_property-2025q2_20250707/,1,1,1,1,4
mkto-sn070013.com / referral,(referral),劉佩真觀點：2025年第二季房市觀測 - 關稅、打炒房持續等利空，Q3房市景氣還有機會回升嗎？ - 遠雄房地產,/life-proposal/expert_peizhen_property-2025q2_20250707/,1,1,1,1,0
news.google.com / referral,(referral),劉佩真觀點：2025年第二季房市觀測 - 關稅、打炒房持續等利空，Q3房市景氣還有機會回升嗎？ - 遠雄房地產,/life-proposal/expert_peizhen_property-2025q2_20250707/,1,1,1,1,16
google / organic,(organic),2023年第一季房市展望與分析：房市續處修正期，住宅及商用不動產表現均不盡理想 - 遠雄房地產,/life-proposal/expert_peizhen_q1view_20230519/,1,1,1,1,1
search.google.com / referral,(referral),劉佩真觀點：科技業對於辦公大樓租賃或購置的需求趨勢 - 遠雄房地產,/life-proposal/expert_peizhen_tech-office_20240206/,1,1,1,1,2
(not set),20250905五輪播,劉佩真觀點：科技業對於辦公大樓租賃或購置的需求趨勢 - 遠雄房地產,/life-proposal/expert_peizhen_tech-office_20240206/,1,1,1,1,237
google / cpc,content,劉佩真觀點：科技業對於辦公大樓租賃或購置的需求趨勢 - 遠雄房地產,/life-proposal/expert_peizhen_tech-office_20240206/,1,1,1,1,8
google / organic,(organic),【商用不動產講堂】壽險業的不動產投資佈局 - 遠雄房地產,/life-proposal/expert_peizhen_topics_commerical_life-insurance_20240911/,1,1,1,1,1
google / organic,(organic),【商用不動產講堂】北市辦公租賃市場概況如何？ - 遠雄房地產,/life-proposal/expert_peizhen_topics_commerical_office_20240828/,1,1,1,1,1
search.google.com / referral,(referral),何世昌觀點：三大因素驅動，雙北市房價「蛋花湯」現象成為現在進行式　 - 遠雄房地產,/life-proposal/expert_shuangbei_20250822/,1,1,1,1,6
tw.search.yahoo.com / referral,(referral),何世昌觀點：三大因素驅動，雙北市房價「蛋花湯」現象成為現在進行式　 - 遠雄房地產,/life-proposal/expert_shuangbei_20250822/,1,1,1,1,17
webnews / 5vo1,202508,何世昌觀點：三大因素驅動，雙北市房價「蛋花湯」現象成為現在進行式　 - 遠雄房地產,/life-proposal/expert_shuangbei_20250822/,1,1,3,3,167
(not set),20250808一輪播,何世昌觀點：三大因素驅動，雙北市房價「蛋花湯」現象成為現在進行式　 - 遠雄房地產,/life-proposal/expert_shuangbei_20250822/,1,1,1,1,18
line-lap / bh10,line-lap20256-8,何世昌觀點：三大因素驅動，雙北市房價「蛋花湯」現象成為現在進行式　 - 遠雄房地產,/life-proposal/expert_shuangbei_20250822/,1,1,1,1,9
fgr-line / fgr,tax_mitigation_housetax_20220902,何世昌觀點：三大因素驅動，雙北市房價「蛋花湯」現象成為現在進行式　 - 遠雄房地產,/life-proposal/expert_shuangbei_20250822/,1,1,1,1,76
perplexity / (not set),(not set),何世昌觀點：輝達總部確立，房市受惠區在哪裡？ - 遠雄房地產,/life-proposal/expert_thinktank_nvidia_20250729/,1,1,1,1,54
excel.officeapps.live.com / referral,(referral),何世昌觀點：輝達總部確立，房市受惠區在哪裡？ - 遠雄房地產,/life-proposal/expert_thinktank_nvidia_20250729/,1,1,2,2,23
news.google.com / referral,(referral),何世昌觀點：輝達總部確立，房市受惠區在哪裡？ - 遠雄房地產,/life-proposal/expert_thinktank_nvidia_20250729/,1,1,1,1,76
perplexity.ai / referral,(referral),何世昌觀點：輝達總部確立，房市受惠區在哪裡？ - 遠雄房地產,/life-proposal/expert_thinktank_nvidia_20250729/,1,1,2,2,24
tw.search.yahoo.com / referral,(referral),何世昌觀點：輝達總部確立，房市受惠區在哪裡？ - 遠雄房地產,/life-proposal/expert_thinktank_nvidia_20250729/,1,1,1,1,64
web / ah2,202501-shoppingdesign,何世昌觀點：輝達總部確立，房市受惠區在哪裡？ - 遠雄房地產,/life-proposal/expert_thinktank_nvidia_20250729/,1,1,1,1,153
google / cpc,20250901,何世昌觀點：輝達總部確立，房市受惠區在哪裡？ - 遠雄房地產,/life-proposal/expert_thinktank_nvidia_20250729/,1,1,1,1,167
fb / eh1,6-3,何世昌觀點：輝達總部確立，房市受惠區在哪裡？ - 遠雄房地產,/life-proposal/expert_thinktank_nvidia_20250729/,1,1,1,1,72
fb / eh1,8-2,何世昌觀點：輝達總部確立，房市受惠區在哪裡？ - 遠雄房地產,/life-proposal/expert_thinktank_nvidia_20250729/,1,1,1,1,86
google / cpc,O1_特色字_2025.0801,何世昌觀點：輝達總部確立，房市受惠區在哪裡？ - 遠雄房地產,/life-proposal/expert_thinktank_nvidia_20250729/,1,1,1,1,13
google / cpc,O1_競品字_2025.0801,何世昌觀點：輝達總部確立，房市受惠區在哪裡？ - 遠雄房地產,/life-proposal/expert_thinktank_nvidia_20250729/,1,1,1,1,33
fb / eh5,form,何世昌觀點：輝達總部確立，房市受惠區在哪裡？ - 遠雄房地產,/life-proposal/expert_thinktank_nvidia_20250729/,1,1,2,2,16
googlemap / dh5,googlemap,何世昌觀點：輝達總部確立，房市受惠區在哪裡？ - 遠雄房地產,/life-proposal/expert_thinktank_nvidia_20250729/,1,1,1,1,4
tw.search.yahoo.com / referral,(referral),何世昌觀點：擴大赴美投資成定局，台積宅還能買嗎？ - 遠雄房地產,/life-proposal/expert_tsmc-housing_20250703/,1,1,1,1,71
bing / organic,(organic),[影音] 買房後發現實際面積比權狀縮水，該找誰求償? - 遠雄房地產,/life-proposal/expert_zhu_area-discrepancy_20250827/,1,1,2,2,3
facebook.com / referral,(referral),[影音] 買房後發現實際面積比權狀縮水，該找誰求償? - 遠雄房地產,/life-proposal/expert_zhu_area-discrepancy_20250827/,1,1,1,1,2
news.google.com / referral,(referral),[影音] 買房後發現實際面積比權狀縮水，該找誰求償? - 遠雄房地產,/life-proposal/expert_zhu_area-discrepancy_20250827/,1,1,1,1,2
google / cpc,遠雄幸福成_H713_關鍵字_0516_外縣市,[影音] 買房後發現實際面積比權狀縮水，該找誰求償? - 遠雄房地產,/life-proposal/expert_zhu_area-discrepancy_20250827/,1,1,1,1,82
(direct) / (none),(direct),專家觀點地政篇：人在國外想買房，簽約、貸款與登記要注意什麼？(下) - 遠雄房地產,/life-proposal/expert_zhu_buyhouse_abroad2_20240320/,1,1,1,1,0
bing / organic,(organic),專家觀點地政篇：人在國外想買房，簽約、貸款與登記要注意什麼？(下) - 遠雄房地產,/life-proposal/expert_zhu_buyhouse_abroad2_20240320/,1,1,1,1,59
yahoo / organic,(organic),專家觀點地政篇：人在國外想買房，簽約、貸款與登記要注意什麼？(下) - 遠雄房地產,/life-proposal/expert_zhu_buyhouse_abroad2_20240320/,1,1,1,1,33
tw.search.yahoo.com / referral,(referral),專家觀點地政篇：人在國外想買房，簽約、貸款與登記要注意什麼？(下) - 遠雄房地產,/life-proposal/expert_zhu_buyhouse_abroad2_20240320/,1,1,1,1,233
(not set),20250905五輪播,專家觀點地政篇：人在國外想買房，簽約、貸款與登記要注意什麼？(下) - 遠雄房地產,/life-proposal/expert_zhu_buyhouse_abroad2_20240320/,1,1,0,0,0
(direct) / (none),(direct),[影音] 預售屋購買注意事項大解析 - 應記載事項與不得記載事項 - 遠雄房地產,/life-proposal/expert_zhu_buyhouse_contract1_20240430/,1,1,1,1,216
bing / organic,(organic),[影音] 預售屋購買注意事項大解析 - 應記載事項與不得記載事項 - 遠雄房地產,/life-proposal/expert_zhu_buyhouse_contract1_20240430/,1,1,1,1,13
chatgpt.com / referral,(referral),[影音] 預售屋購買注意事項大解析 - 應記載事項與不得記載事項 - 遠雄房地產,/life-proposal/expert_zhu_buyhouse_contract1_20240430/,1,1,1,1,43
(not set),20250905五輪播,[影音] 預售屋購買注意事項大解析 - 應記載事項與不得記載事項 - 遠雄房地產,/life-proposal/expert_zhu_buyhouse_contract1_20240430/,1,1,1,1,0
google / cpc,20250718,專家觀點地政篇：合資買房如何保障自身權益？ - 遠雄房地產,/life-proposal/expert_zhu_buyhouse_joint_20240117/,1,1,1,1,8
(direct) / (none),(direct),專家觀點地政篇：空屋稅的真相？房子閒置前你該考慮的事 - 遠雄房地產,/life-proposal/expert_zhu_eht_20250625/,1,1,1,1,7
bing / organic,(organic),專家觀點地政篇：空屋稅的真相？房子閒置前你該考慮的事 - 遠雄房地產,/life-proposal/expert_zhu_eht_20250625/,1,1,1,1,5
mkto-sn070013.com / referral,(referral),專家觀點地政篇：空屋稅的真相？房子閒置前你該考慮的事 - 遠雄房地產,/life-proposal/expert_zhu_eht_20250625/,1,1,1,1,69
tw.search.yahoo.com / referral,(referral),專家觀點地政篇：空屋稅的真相？房子閒置前你該考慮的事 - 遠雄房地產,/life-proposal/expert_zhu_eht_20250625/,1,1,1,1,195
excel.officeapps.live.com / referral,(referral),專家觀點地政篇：防範代書詐騙，如何查詢地政士的合法性？ - 遠雄房地產,/life-proposal/expert_zhu_expert_zhu_land-agent_20250917,1,1,4,4,27
(not set),20250808一輪播,專家觀點地政篇：防範代書詐騙，如何查詢地政士的合法性？ - 遠雄房地產,/life-proposal/expert_zhu_expert_zhu_land-agent_20250917,1,1,4,4,272
perplexity / (not set),(not set),專家觀點地政篇：防範代書詐騙，如何查詢地政士的合法性？ - 遠雄房地產,/life-proposal/expert_zhu_expert_zhu_land-agent_20250917/,1,1,1,1,10
yahoo / organic,(organic),專家觀點地政篇：防範代書詐騙，如何查詢地政士的合法性？ - 遠雄房地產,/life-proposal/expert_zhu_expert_zhu_land-agent_20250917/,1,1,1,1,0
(not set),20250905一輪播,專家觀點地政篇：防範代書詐騙，如何查詢地政士的合法性？ - 遠雄房地產,/life-proposal/expert_zhu_expert_zhu_land-agent_20250917/,1,1,1,1,1
(not set),20250919一輪播,專家觀點地政篇：防範代書詐騙，如何查詢地政士的合法性？ - 遠雄房地產,/life-proposal/expert_zhu_expert_zhu_land-agent_20250917/,1,1,0,0,4
(not set),(not set),[影音] 專家觀點地政篇：假結婚與房產繼承 - 五億遺產的法律爭奪戰 - 遠雄房地產,/life-proposal/expert_zhu_fake-marriage-law/,1,1,0,0,8
bing / organic,(organic),[影音] 專家觀點地政篇：假結婚與房產繼承 - 五億遺產的法律爭奪戰 - 遠雄房地產,/life-proposal/expert_zhu_fake-marriage-law/,1,1,1,1,35
news.google.com / referral,(referral),[影音] 專家觀點地政篇：假結婚與房產繼承 - 五億遺產的法律爭奪戰 - 遠雄房地產,/life-proposal/expert_zhu_fake-marriage-law/,1,1,1,1,4
tw.search.yahoo.com / referral,(referral),專家觀點地政篇：生前贈與還是繳遺產稅，哪個比較划算？結果可能超乎你的想像 - 遠雄房地產,/life-proposal/expert_zhu_gift-and-estate-tax_20250509/,1,1,1,1,23
mkto-sn070013.com / referral,(referral),專家觀點地政篇：繼承房產兄弟姊妹吵翻天？遺囑、登記與分配機制一次講清楚 - 遠雄房地產,/life-proposal/expert_zhu_inherit-siblings_20250704/,1,1,1,1,47
news.google.com / referral,(referral),專家觀點地政篇：繼承房產兄弟姊妹吵翻天？遺囑、登記與分配機制一次講清楚 - 遠雄房地產,/life-proposal/expert_zhu_inherit-siblings_20250704/,1,1,1,1,10
(direct) / (none),(direct),專家觀點地政篇：繼承取得不動產，如何課徵房地合一稅？ - 遠雄房地產,/life-proposal/expert_zhu_inheritance_20230921/,1,1,1,1,1
tw.search.yahoo.com / referral,(referral),專家觀點地政篇：繼承取得不動產，如何課徵房地合一稅？ - 遠雄房地產,/life-proposal/expert_zhu_inheritance_20230921/,1,1,1,1,14
perplexity / (not set),(not set),專家觀點地政篇：邱澤不動產傳聞揭秘，實價登錄與容積移轉的真相 - 遠雄房地產,/life-proposal/expert_zhu_land-deal_20250813/,1,1,1,1,0
news.google.com / referral,(referral),專家觀點地政篇：邱澤不動產傳聞揭秘，實價登錄與容積移轉的真相 - 遠雄房地產,/life-proposal/expert_zhu_land-deal_20250813/,1,1,1,1,3
search.google.com / referral,(referral),專家觀點地政篇：邱澤不動產傳聞揭秘，實價登錄與容積移轉的真相 - 遠雄房地產,/life-proposal/expert_zhu_land-deal_20250813/,1,1,1,1,10
tw.search.yahoo.com / referral,(referral),專家觀點地政篇：邱澤不動產傳聞揭秘，實價登錄與容積移轉的真相 - 遠雄房地產,/life-proposal/expert_zhu_land-deal_20250813/,1,1,1,1,41
fgr-line / fgr,expert_macromicro_2025econ_20250730,專家觀點地政篇：邱澤不動產傳聞揭秘，實價登錄與容積移轉的真相 - 遠雄房地產,/life-proposal/expert_zhu_land-deal_20250813/,1,1,1,1,20
(not set),(not set),專家觀點地政篇：限貸令對各族群影響 (下) 首購、換屋、繼承族群影響為何? - 遠雄房地產,/life-proposal/expert_zhu_loan-restriction2_20250219/,1,1,0,0,0
mkto-sn070013.com / referral,(referral),專家觀點地政篇：限貸令對各族群影響 (下) 首購、換屋、繼承族群影響為何? - 遠雄房地產,/life-proposal/expert_zhu_loan-restriction2_20250219/,1,1,2,2,13
news.google.com / referral,(referral),專家觀點地政篇：限貸令對各族群影響 (下) 首購、換屋、繼承族群影響為何? - 遠雄房地產,/life-proposal/expert_zhu_loan-restriction2_20250219/,1,1,1,1,89
tw.search.yahoo.com / referral,(referral),專家觀點地政篇：限貸令對各族群影響 (下) 首購、換屋、繼承族群影響為何? - 遠雄房地產,/life-proposal/expert_zhu_loan-restriction2_20250219/,1,1,1,1,72
excel.officeapps.live.com / referral,(referral),[影音] 豪宅稅跟你也有關係：有房族注意！影響與計算不可不知 - 遠雄房地產,/life-proposal/expert_zhu_mansion-tax-count_vedio_20250625/,1,1,1,1,2
m.facebook.com / referral,(referral),[影音] 豪宅稅跟你也有關係：有房族注意！影響與計算不可不知 - 遠雄房地產,/life-proposal/expert_zhu_mansion-tax-count_vedio_20250625/,1,1,1,1,7
(not set),(not set),[影音] 豪宅稅跟你也有關係：有房族注意！2025豪宅稅新門檻上路 - 遠雄房地產,/life-proposal/expert_zhu_mansion-tax-definition_vedio_20250523/,1,1,0,0,25
tw.search.yahoo.com / referral,(referral),[影音] 豪宅稅跟你也有關係：有房族注意！2025豪宅稅新門檻上路 - 遠雄房地產,/life-proposal/expert_zhu_mansion-tax-definition_vedio_20250523/,1,1,1,1,5
mkto-sn070013.com / referral,(referral),[影音] 專家觀點地政篇：連續繼承房產出售節稅有術 - 遠雄房地產,/life-proposal/expert_zhu_multiple-inheriting_vedio_20250423/,1,1,2,2,128
socialmedia / fgr,fb20250808,[影音] 專家觀點地政篇：連續繼承房產出售節稅有術 - 遠雄房地產,/life-proposal/expert_zhu_multiple-inheriting_vedio_20250423/,1,1,1,1,7
youtube / fgr,yt,[影音] 專家觀點地政篇：連續繼承房產出售節稅有術 - 遠雄房地產,/life-proposal/expert_zhu_multiple-inheriting_vedio_20250423/,1,1,1,1,8
(not set),20250905五輪播,專家觀點地政篇：我該購買預售屋還是成屋？ - 遠雄房地產,/life-proposal/expert_zhu_presale_20230314/,1,1,0,0,120
socialmedia / fgr,fb20230410,專家觀點地政篇：我該購買預售屋還是成屋？ - 遠雄房地產,/life-proposal/expert_zhu_presale_20230314/,1,1,1,1,0
(direct) / (none),(direct),專家觀點地政篇：私法人取得不動產的限制 - 遠雄房地產,/life-proposal/expert_zhu_private-corporation_20231114/,1,1,1,1,1
felo.ai / referral,(referral),專家觀點地政篇：私法人取得不動產的限制 - 遠雄房地產,/life-proposal/expert_zhu_private-corporation_20231114/,1,1,1,1,66
tw.search.yahoo.com / referral,(referral),專家觀點地政篇：私法人取得不動產的限制 - 遠雄房地產,/life-proposal/expert_zhu_private-corporation_20231114/,1,1,1,1,31
(direct) / (none),(direct),專家觀點地政篇：不動產贈與要注意什麼？配偶跟子女，分產稅制大不同 - 遠雄房地產,/life-proposal/expert_zhu_property_divide_gifttax2_20241024/,1,1,1,1,349
tw.search.yahoo.com / referral,(referral),專家觀點地政篇：不動產贈與要注意什麼？配偶跟子女，分產稅制大不同 - 遠雄房地產,/life-proposal/expert_zhu_property_divide_gifttax2_20241024/,1,1,1,1,182
(not set),20250905五輪播,專家觀點地政篇：不動產贈與要注意什麼？配偶跟子女，分產稅制大不同 - 遠雄房地產,/life-proposal/expert_zhu_property_divide_gifttax2_20241024/,1,1,0,0,0
(not set),20250808一輪播,專家觀點地政篇：離婚房產分配怎麼做？搞懂剩餘財產分配 - 遠雄房地產,/life-proposal/expert_zhu_property_divorce_20240420/,1,1,4,4,50
socialmedia / fgr,ig20250117,[影音] 預售屋購買注意事項大解析 - 履約保證不可不知 - 遠雄房地產,/life-proposal/expert_zhu_property_escrow_vedio_20240531/,1,1,1,1,13
(direct) / (none),(direct),[影音] 二親等的不動產買賣：父母要將房子及土地過戶給子女如何做? - 遠雄房地產,/life-proposal/expert_zhu_property_house-transfer_20231129/,1,1,1,1,13
socialmedia / fgr,shorts0906,[影音] 二親等的不動產買賣：父母要將房子及土地過戶給子女如何做? - 遠雄房地產,/life-proposal/expert_zhu_property_house-transfer_20231129/,1,1,1,1,0
excel.officeapps.live.com / referral,(referral),[影音] 你的買賣安全嗎？房屋產權必懂的謄本識讀、權狀跟身分查驗 - 遠雄房地產,/life-proposal/expert_zhu_property_identity_vedio_20240229/,1,1,1,1,0
perplexity.ai / referral,(referral),[影音] 你的買賣安全嗎？房屋產權必懂的謄本識讀、權狀跟身分查驗 - 遠雄房地產,/life-proposal/expert_zhu_property_identity_vedio_20240229/,1,1,1,1,191
statics.teams.cdn.office.net / referral,(referral),[影音] 你的買賣安全嗎？房屋產權必懂的謄本識讀、權狀跟身分查驗 - 遠雄房地產,/life-proposal/expert_zhu_property_identity_vedio_20240229/,1,1,1,1,0
socialmedia / fgr,ig20250509,[影音] 不動產繼承全攻略 - 繼承登記申請應注意事項 - 遠雄房地產,/life-proposal/expert_zhu_property_inheritance-1_vedio_20241128/,1,1,1,1,7
(not set),20250905五輪播,[影音] 實價登錄全面攻略- 不動產交易查詢藏在細節裡 - 遠雄房地產,/life-proposal/expert_zhu_property_law2_vedio_20241031/,1,1,1,1,48
socialmedia / fgr,ig20250314,[影音] 實價登錄全面攻略-帶你看懂現行法令重點與罰則 - 遠雄房地產,/life-proposal/expert_zhu_property_law_vedio_20240930/,1,1,1,1,7
socialmedia / fgr,ig20250328,[影音] 實價登錄全面攻略-帶你看懂現行法令重點與罰則 - 遠雄房地產,/life-proposal/expert_zhu_property_law_vedio_20240930/,1,1,1,1,0
tw.search.yahoo.com / referral,(referral),[影音] 專家觀點地政篇：限貸令風暴有解嗎 - 限貸令例外狀況 - 遠雄房地產,/life-proposal/expert_zhu_property_loan-ratio-exception_vedio_20250214/,1,1,1,1,2
socialmedia / fgr,ig0719,[影音] 一次看懂囤房稅：囤房稅如何計算，多屋族看過來！ - 遠雄房地產,/life-proposal/expert_zhu_property_multi-house-tax-1_20231208/,1,1,1,1,0
excel.officeapps.live.com / referral,(referral),專家觀點地政篇：不夠現金繳遺產稅怎麼辦？ 分期或延期繳納申請 - 遠雄房地產,/life-proposal/expert_zhu_property_offset-1_20241125/,1,1,1,1,0
bing / organic,(organic),專家觀點地政篇：只有不動產怎麼繳遺產稅？實物抵繳是否划算？ - 遠雄房地產,/life-proposal/expert_zhu_property_offset-2_20241220/,1,1,1,1,219
emp.cathayholdings.com / referral,(referral),專家觀點地政篇：只有不動產怎麼繳遺產稅？實物抵繳是否划算？ - 遠雄房地產,/life-proposal/expert_zhu_property_offset-2_20241220/,1,1,1,1,92
perplexity.ai / referral,(referral),專家觀點地政篇：只有不動產怎麼繳遺產稅？實物抵繳是否划算？ - 遠雄房地產,/life-proposal/expert_zhu_property_offset-2_20241220/,1,1,1,1,19
bing / organic,(organic),專家觀點地政篇：你買到的法定空地是什麼？ - 遠雄房地產,/life-proposal/expert_zhu_property_openspace_20240705/,1,1,1,1,51
console-v2.omnichat.ai / referral,(referral),專家觀點地政篇：你買到的法定空地是什麼？ - 遠雄房地產,/life-proposal/expert_zhu_property_openspace_20240705/,1,1,1,1,0
l.threads.com / referral,(referral),專家觀點地政篇：你買到的法定空地是什麼？ - 遠雄房地產,/life-proposal/expert_zhu_property_openspace_20240705/,1,1,1,1,28
google / cpc,遠雄幸福成_H713_關鍵字_0516_外縣市,專家觀點地政篇：你買到的法定空地是什麼？ - 遠雄房地產,/life-proposal/expert_zhu_property_openspace_20240705/,1,1,1,1,104
gemini.google.com / referral,(referral),[影音] 停車位買賣詳細解析-你需要知道的車位權利 - 遠雄房地產,/life-proposal/expert_zhu_property_parking_vedio_20240828/,1,1,1,1,23
tw.search.yahoo.com / referral,(referral),[影音] 停車位買賣詳細解析-你需要知道的車位權利 - 遠雄房地產,/life-proposal/expert_zhu_property_parking_vedio_20240828/,1,1,1,1,56
socialmedia / fgr,ig20250411,[影音] 停車位買賣詳細解析-你需要知道的車位權利 - 遠雄房地產,/life-proposal/expert_zhu_property_parking_vedio_20240828/,1,1,1,1,13
(direct) / (none),(direct),[影音] 預售屋購買注意事項大解析－了解預售屋制度與現況 - 遠雄房地產,/life-proposal/expert_zhu_property_presalerule_vedio_20240726/,1,1,1,1,63
google / organic,(organic),[影音] 預售屋購買注意事項大解析－了解預售屋制度與現況 - 遠雄房地產,/life-proposal/expert_zhu_property_presalerule_vedio_20240726/,1,1,1,1,88
socialmedia / fgr,ig20250228,[影音] 預售屋購買注意事項大解析－了解預售屋制度與現況 - 遠雄房地產,/life-proposal/expert_zhu_property_presalerule_vedio_20240726/,1,1,1,1,3
google / organic,(organic),專家觀點地政篇：不動產繼承登記如何自行辦理？ - 遠雄房地產,/life-proposal/expert_zhu_property_registration-of-inheritance_20240830/,1,1,1,1,24
(not set),(not set),專家觀點地政篇：如何預防不動產詐騙？如何防止房屋被移轉？ - 遠雄房地產,/life-proposal/expert_zhu_property_scam_20240604/,1,1,1,1,0
(not set),20250808一輪播,專家觀點地政篇：如何預防不動產詐騙？如何防止房屋被移轉？ - 遠雄房地產,/life-proposal/expert_zhu_property_scam_20240604/,1,1,2,2,12
fgr-line / fgr,expert_zhu_property_scam_20240604,專家觀點地政篇：如何預防不動產詐騙？如何防止房屋被移轉？ - 遠雄房地產,/life-proposal/expert_zhu_property_scam_20240604/,1,1,1,1,0
(not set),(not set),[影音] 首購或換屋族必知的不動產節稅規劃 : 持有稅｜專家觀點地政篇 - 遠雄房地產,/life-proposal/expert_zhu_propertytax_20230814/,1,1,0,0,3
google / organic,(organic),[影音] 首購或換屋族必知的不動產節稅規劃 : 持有稅｜專家觀點地政篇 - 遠雄房地產,/life-proposal/expert_zhu_propertytax_20230814/,1,1,1,1,4
excel.officeapps.live.com / referral,(referral),[影音] 首購或換屋族必知的不動產節稅規劃 : 持有稅｜專家觀點地政篇 - 遠雄房地產,/life-proposal/expert_zhu_propertytax_20230814/,1,1,4,4,55
fgr-line / fgr,expert_housing-market_20250820,[影音] 首購或換屋族必知的不動產節稅規劃 : 持有稅｜專家觀點地政篇 - 遠雄房地產,/life-proposal/expert_zhu_propertytax_20230814/,1,1,0,0,30
socialmedia / fgr,fb0920,[影音] 首購或換屋族必知的不動產節稅規劃 : 持有稅｜專家觀點地政篇 - 遠雄房地產,/life-proposal/expert_zhu_propertytax_20230814/,1,1,1,1,7
fgr-line / eh2,listbutton,[影音] 首購或換屋族必知的不動產節稅規劃 : 持有稅｜專家觀點地政篇 - 遠雄房地產,/life-proposal/expert_zhu_propertytax_20230814/,1,1,1,1,0
fgr-line / fgr,plant_20230105,[影音] 首購或換屋族必知的不動產節稅規劃 : 持有稅｜專家觀點地政篇 - 遠雄房地產,/life-proposal/expert_zhu_propertytax_20230814/,1,1,1,1,4
bing / organic,(organic),專家觀點地政篇：到底停車位、露臺、屋頂屬於誰的？ - 遠雄房地產,/life-proposal/expert_zhu_public-area_20230718/,1,1,1,1,53
facebook.com / referral,(referral),專家觀點地政篇：到底停車位、露臺、屋頂屬於誰的？ - 遠雄房地產,/life-proposal/expert_zhu_public-area_20230718/,1,1,1,1,7
google / cpc,遠雄幸福成_H713_關鍵字_0516_外縣市,專家觀點地政篇：到底停車位、露臺、屋頂屬於誰的？ - 遠雄房地產,/life-proposal/expert_zhu_public-area_20230718/,1,1,1,1,60
mkto-sn070013.com / referral,(referral),專家觀點地政篇：親屬間不動產交易的稅務優化策略與案例解析 - 遠雄房地產,/life-proposal/expert_zhu_second-degree_20250321/,1,1,2,2,22
tw.search.yahoo.com / referral,(referral),專家觀點地政篇：親屬間不動產交易的稅務優化策略與案例解析 - 遠雄房地產,/life-proposal/expert_zhu_second-degree_20250321/,1,1,1,1,16
excel.officeapps.live.com / referral,(referral),[影音] 不動產繼承全攻略 - 遺產分配的眉角 - 遠雄房地產,/life-proposal/expert_zhu_statute-of-distribution_20241225/,1,1,1,1,1
(not set),(not set),[影音] 豪宅稅跟你也有關係：屋主的策略與應對方式 - 遠雄房地產,/life-proposal/expert_zhu_tactic-tax-count_vedio_20250725/,1,1,0,0,186
news.google.com / referral,(referral),[影音] 豪宅稅跟你也有關係：屋主的策略與應對方式 - 遠雄房地產,/life-proposal/expert_zhu_tactic-tax-count_vedio_20250725/,1,1,2,2,67
(not set),20250905五輪播,[影音] 豪宅稅跟你也有關係：屋主的策略與應對方式 - 遠雄房地產,/life-proposal/expert_zhu_tactic-tax-count_vedio_20250725/,1,1,1,1,0
fgr-line / fgr,tax_mitigation_housetax_20220902,[影音] 豪宅稅跟你也有關係：屋主的策略與應對方式 - 遠雄房地產,/life-proposal/expert_zhu_tactic-tax-count_vedio_20250725/,1,1,1,1,0
(not set),(not set),[影音] 避免誤入稅務陷阱：贈與稅善用免稅額 - 遠雄房地產,/life-proposal/expert_zhu_tax_gifttax_vedio_20240206/,1,1,0,0,1
google / cpc,brand,專家觀點地政篇：降低遺產稅怎麼做？遺產稅節稅規劃攻略 - 遠雄房地產,/life-proposal/expert_zhu_tax_inheritance_vedio_20240327/,1,1,1,1,3
socialmedia / fgr,ig1206,專家觀點地政篇：降低遺產稅怎麼做？遺產稅節稅規劃攻略 - 遠雄房地產,/life-proposal/expert_zhu_tax_inheritance_vedio_20240327/,1,1,1,1,7
(direct) / (none),(direct),[ 影音 ]我要買預售屋還是成屋? 優缺點與差異有哪些? - 遠雄房地產,/life-proposal/expert_zhu_v_presale_20230418/,1,1,1,1,0
chatgpt.com / (not set),(not set),一見傾心的清水模設計，為家注入文青魂和自然風 - 遠雄房地產,/life-proposal/exposed_concrete_20220914/,1,1,1,1,3
google / organic,(organic),遠雄建設獲TCSA台灣永續報告書銀獎，持續推動ESG深化企業永續力 - 遠雄房地產,/life-proposal/farglory_land_20221223/,1,1,1,1,9
(direct) / (none),(direct),水龍頭不給力？給水供水問題快速解法【居家百科】 - 遠雄房地產,/life-proposal/faucet-waterknowledge/,1,1,1,1,1
google / organic,(organic),初次購屋，首購族要分析的重點為何? - 遠雄房地產,/life-proposal/firstbuy_20230427/,1,1,1,1,13
google / organic,(organic),楼高的隐藏秘密：楼层高度怎么看？ - 远雄房地产,/life-proposal/floor_height/,1,1,0,0,52
(not set),(not set),樓高的隱藏秘密：樓層高度怎麼看？ - 遠雄房地產,/life-proposal/floor_height/,1,1,1,1,768
chatgpt.com / (not set),(not set),樓高的隱藏秘密：樓層高度怎麼看？ - 遠雄房地產,/life-proposal/floor_height/,1,1,1,1,0
facebook.com / referral,(referral),樓高的隱藏秘密：樓層高度怎麼看？ - 遠雄房地產,/life-proposal/floor_height/,1,1,1,1,7
lm.facebook.com / referral,(referral),樓高的隱藏秘密：樓層高度怎麼看？ - 遠雄房地產,/life-proposal/floor_height/,1,1,1,1,4
fb / h713,100,樓高的隱藏秘密：樓層高度怎麼看？ - 遠雄房地產,/life-proposal/floor_height/,1,1,1,1,41
(not set),20250808一輪播,樓高的隱藏秘密：樓層高度怎麼看？ - 遠雄房地產,/life-proposal/floor_height/,1,1,1,1,4
chatgpt.com / (not set),(not set),贈與稅與遺產稅免稅額提高，房屋轉讓給子女的規劃要點 - 遠雄房地產,/life-proposal/gift_tax/,1,1,1,1,200
bing / organic,(organic),贈與稅與遺產稅免稅額提高，房屋轉讓給子女的規劃要點 - 遠雄房地產,/life-proposal/gift_tax/,1,1,1,1,1
m.facebook.com / referral,(referral),贈與稅與遺產稅免稅額提高，房屋轉讓給子女的規劃要點 - 遠雄房地產,/life-proposal/gift_tax/,1,1,1,1,77
mkto-sn070013.com / referral,(referral),贈與稅與遺產稅免稅額提高，房屋轉讓給子女的規劃要點 - 遠雄房地產,/life-proposal/gift_tax/,1,1,1,1,354
tw.search.yahoo.com / referral,(referral),贈與稅與遺產稅免稅額提高，房屋轉讓給子女的規劃要點 - 遠雄房地產,/life-proposal/gift_tax/,1,1,1,1,79
websearch.rakuten.co.jp / referral,(referral),贈與稅與遺產稅免稅額提高，房屋轉讓給子女的規劃要點 - 遠雄房地產,/life-proposal/gift_tax/,1,1,1,1,53
xanswer.com / referral,(referral),贈與稅與遺產稅免稅額提高，房屋轉讓給子女的規劃要點 - 遠雄房地產,/life-proposal/gift_tax/,1,1,1,1,117
fgr-line / fg,contract/,贈與稅與遺產稅免稅額提高，房屋轉讓給子女的規劃要點 - 遠雄房地產,/life-proposal/gift_tax/,1,1,1,1,9
line-lap / bh7,lap-1,贈與稅與遺產稅免稅額提高，房屋轉讓給子女的規劃要點 - 遠雄房地產,/life-proposal/gift_tax/,1,1,1,1,219
(direct) / (none),(direct),不動產節稅妙招：贈與稅節稅規劃及早做 - 遠雄房地產,/life-proposal/gift_tax_20220909/,1,1,1,1,120
tw.search.yahoo.com / referral,(referral),談建築與社區藝術文化的結合 - 遠雄房地產,/life-proposal/gigahouse_art_20220712/,1,1,1,1,1
(direct) / (none),(direct),居家保養：如何擦玻璃才正確？【居家百科】 - 遠雄房地產,/life-proposal/glass-fix/,1,1,1,1,62
fb / h707,1,預售屋 v.s 成屋 v.s 中古屋的差異與優缺點 - 遠雄房地產,/life-proposal/goodandbad_20221028/,1,1,1,1,112
mkto-sn070013.com / referral,(referral),新屋居家風水擺設、格局禁忌一次看–「首購族看房買屋攻略」 - 遠雄房地產,/life-proposal/goodluck/,1,1,1,1,58
google / organic,(organic),點亮高雄未來！大南方計劃大勢崛起 亞灣區擁絕對高度,/life-proposal/great-southern-project/,1,1,1,1,28
bing / organic,(organic),綠建築3大趨勢，在建築空間中深呼吸 - 遠雄房地產,/life-proposal/greenbuilding2020-design/,1,1,2,2,111
(not set),20250905五輪播,綠建築3大趨勢，在建築空間中深呼吸 - 遠雄房地產,/life-proposal/greenbuilding2020-design/,1,1,1,1,11
bing / organic,(organic),建案熱區巡禮-【遠雄豐河】我家門前有小河，快樂入住新北中和 - 遠雄房地產,/life-proposal/h101b/,1,1,1,1,6
bing / organic,(organic),打造健康住宅！陽光、空氣、水都非常重要 - 遠雄房地產,/life-proposal/healthy-house1/,1,1,1,1,11
mkto-sn070013.com / referral,(referral),高樓層VS低樓層：哪個才是首購族的最佳選擇？–「首購族看房買屋攻略」 - 遠雄房地產,/life-proposal/high_floor/,1,1,1,1,49
bing / organic,(organic),驗屋與交屋必知注意事項？新手購屋必看，驗屋清單檢查表與交屋流程有哪些？,/life-proposal/home-inspection/,1,1,2,2,18
chatgpt.com / referral,(referral),驗屋與交屋必知注意事項？新手購屋必看，驗屋清單檢查表與交屋流程有哪些？,/life-proposal/home-inspection/,1,1,1,1,1
notebooklm.google.com / referral,(referral),驗屋與交屋必知注意事項？新手購屋必看，驗屋清單檢查表與交屋流程有哪些？,/life-proposal/home-inspection/,1,1,1,1,8
perplexity.ai / referral,(referral),驗屋與交屋必知注意事項？新手購屋必看，驗屋清單檢查表與交屋流程有哪些？,/life-proposal/home-inspection/,1,1,1,1,28
tw.search.yahoo.com / referral,(referral),你還在擔心購屋貸款辦不下嗎？提高房貸申請審核過件率的4個方法,/life-proposal/home-loan/,1,1,1,1,1
(direct) / (none),(direct),你的房子保險了嗎？一次搞懂住宅火險與地震險 - 遠雄房地產,/life-proposal/home_insurance20220602/,1,1,2,2,23
google / organic,(organic),你的房子保險了嗎？一次搞懂住宅火險與地震險 - 遠雄房地產,/life-proposal/home_insurance20220602/,1,1,1,1,0
(direct) / (none),(direct),就愛飯店式管理，飯店式住宅成趨勢 - 遠雄房地產,/life-proposal/hotel_property20220624/,1,1,1,1,26
yahoo / organic,(organic),就愛飯店式管理，飯店式住宅成趨勢 - 遠雄房地產,/life-proposal/hotel_property20220624/,1,1,1,1,41
(not set),20250905五輪播,就愛飯店式管理，飯店式住宅成趨勢 - 遠雄房地產,/life-proposal/hotel_property20220624/,1,1,0,0,0
yahoo / organic,(organic),房屋格局圖/平面圖怎麼看？建案平面圖符號教學，讓你秒懂房屋格局避地雷,/life-proposal/house-layout/,1,1,1,1,65
yahoo.com / referral,(referral),房屋格局圖/平面圖怎麼看？建案平面圖符號教學，讓你秒懂房屋格局避地雷,/life-proposal/house-layout/,1,1,1,1,101
google / cpc,O1_特色字_2025.0801,房屋格局圖/平面圖怎麼看？建案平面圖符號教學，讓你秒懂房屋格局避地雷,/life-proposal/house-layout/,1,1,1,1,1
google / organic,(organic),打造健康住宅！隔音的重要性？噪音管制標準是？ - 遠雄房地產,/life-proposal/house4-voice/,1,1,1,1,62
(not set),(not set),換屋族看過來，房地合一稅與土增稅要點筆記！ - 遠雄房地產,/life-proposal/house_and_land/,1,1,0,0,31
google / cpc,brand,換屋族看過來，房地合一稅與土增稅要點筆記！ - 遠雄房地產,/life-proposal/house_and_land/,1,1,1,1,14
(not set),20250905五輪播,囤房稅不可不知！多屋族看過來 - 遠雄房地產,/life-proposal/house_tax/,1,1,0,0,5
(direct) / (none),(direct),個性化居家設計-工業風三大重點 - 遠雄房地產,/life-proposal/industrial_style_20221125/,1,1,1,1,7
(direct) / (none),(direct),「智慧住宅」的誕生！家變聰明生活更好 - 遠雄房地產,/life-proposal/intelligentbuilding/,1,1,1,1,93
learnmode.net / referral,(referral),「智慧住宅」的誕生！家變聰明生活更好 - 遠雄房地產,/life-proposal/intelligentbuilding/,1,1,1,1,201
(not set),20250905五輪播,「智慧住宅」的誕生！家變聰明生活更好 - 遠雄房地產,/life-proposal/intelligentbuilding/,1,1,1,1,3
(direct) / (none),(direct),小檜溪重劃後的美好：一位八旬里長，見證小檜溪社區環境的變遷 - 遠雄房地產,/life-proposal/interview-s-taoyuan-green20221111/,1,1,1,1,0
tw.search.yahoo.com / referral,(referral),小檜溪重劃後的美好：一位八旬里長，見證小檜溪社區環境的變遷 - 遠雄房地產,/life-proposal/interview-s-taoyuan-green20221111/,1,1,1,1,80
(not set),20250905五輪播,「高雄大美術館計畫」的誕生：內惟藝術中心絕美新地標 - 遠雄房地產,/life-proposal/kaohsiung-artplan-20220610/,1,1,0,0,26
google / organic,(organic),綠地水岸公共空間、米其林餐廳星光閃耀，愈來愈宜居城市的高雄,/life-proposal/kaohsiung-greenspace/,1,1,1,1,8
yahoo / organic,(organic),綠地水岸公共空間、米其林餐廳星光閃耀，愈來愈宜居城市的高雄,/life-proposal/kaohsiung-greenspace/,1,1,2,2,10
google / cpc,brand,2024十大建商出爐！大建商穩，小建商靈活，買家如何選邊站？ - 遠雄房地產,/life-proposal/kw_brand_construction_20240109/,1,1,2,2,85
google / cpc,遠雄幸福成_H713_關鍵字_0516_外縣市,2024十大建商出爐！大建商穩，小建商靈活，買家如何選邊站？ - 遠雄房地產,/life-proposal/kw_brand_construction_20240109/,1,1,1,1,15
fb / bh10,fbearlybird_form,預售屋履保制度有保障嗎？品牌建商才是王道 - 遠雄房地產,/life-proposal/kw_credibility_20230602/,1,1,1,1,71
yahoo / organic,(organic),交屋看仔細，常見交屋糾紛有哪些？ - 遠雄房地產,/life-proposal/kw_delivery_20230607/,1,1,1,1,0
facebook.com / referral,(referral),交屋看仔細，常見交屋糾紛有哪些？ - 遠雄房地產,/life-proposal/kw_delivery_20230607/,1,1,1,1,7
sg.search.yahoo.com / referral,(referral),交屋看仔細，常見交屋糾紛有哪些？ - 遠雄房地產,/life-proposal/kw_delivery_20230607/,1,1,1,1,76
tw.search.yahoo.com / referral,(referral),交屋看仔細，常見交屋糾紛有哪些？ - 遠雄房地產,/life-proposal/kw_delivery_20230607/,1,1,1,1,120
(direct) / (none),(direct),如何保障產權？維護自身權益必知的產權登記 - 遠雄房地產,/life-proposal/kw_equity_20230605/,1,1,1,1,0
(direct) / (none),(direct),112年全台發生1萬7千多起火災事故，你了解住宅火險與商業火險嗎？ - 遠雄房地產,/life-proposal/kw_fire-insurance_20240705/,1,1,1,1,0
yahoo / organic,(organic),112年全台發生1萬7千多起火災事故，你了解住宅火險與商業火險嗎？ - 遠雄房地產,/life-proposal/kw_fire-insurance_20240705/,1,1,1,1,4
fgr-line / eh2,listbutton,青年首購看過來：新青安貸款8大重點 - 遠雄房地產,/life-proposal/kw_load_youthload_20230928/,1,1,1,1,104
bing / organic,(organic),什麼是虛坪制？一次了解政府的「虛坪改革」方案 - 遠雄房地產,/life-proposal/kw_meterspolicy_20240513/,1,1,1,1,69
ig / fgr,kw_meterspolicy_20240513,什麼是虛坪制？一次了解政府的「虛坪改革」方案 - 遠雄房地產,/life-proposal/kw_meterspolicy_20240513/,1,1,1,1,7
(direct) / (none),(direct),買房大小事：個人住宅購屋貸款注意事項 - 遠雄房地產,/life-proposal/land_bank_loan/,1,1,1,1,95
perplexity / (not set),(not set),買房大小事：法人住宅購屋貸款注意事項 - 遠雄房地產,/life-proposal/land_corporation/,1,1,2,2,91
bing / organic,(organic),買房大小事：法人住宅購屋貸款注意事項 - 遠雄房地產,/life-proposal/land_corporation/,1,1,1,1,2
(not set),20250905五輪播,買房大小事：法人住宅購屋貸款注意事項 - 遠雄房地產,/life-proposal/land_corporation/,1,1,0,0,0
copilot.microsoft.com / referral,(referral),買房大小事：銀行貸款對保必備文件 - 遠雄房地產,/life-proposal/land_documents/,1,1,1,1,8
google / organic,(organic),(1) 封未讀訊息 | 社區營運兩三事：管理費與公共基金 - 遠雄房地產,/life-proposal/land_fund/,1,1,0,0,2
perplexity / (not set),(not set),社區營運兩三事：管理費與公共基金 - 遠雄房地產,/life-proposal/land_fund/,1,1,1,1,7
yahoo / organic,(organic),社區營運兩三事：管理費與公共基金 - 遠雄房地產,/life-proposal/land_fund/,1,1,1,1,14
tw.search.yahoo.com / referral,(referral),社區營運兩三事：管理費與公共基金 - 遠雄房地產,/life-proposal/land_fund/,1,1,2,2,980
bing / organic,(organic),買房大小事：交屋到入住前不可不知 - 遠雄房地產,/life-proposal/land_handover/,1,1,1,1,11
(not set),20250905五輪播,買房大小事：交屋到入住前不可不知 - 遠雄房地產,/life-proposal/land_handover/,1,1,1,1,0
mkto-sn070013.com / referral,(referral),買房大小事：交屋眉角看仔細 - 遠雄房地產,/life-proposal/land_handover_check/,1,1,1,1,0
(not set),20250905五輪播,買房大小事：交屋眉角看仔細 - 遠雄房地產,/life-proposal/land_handover_check/,1,1,1,1,0
(not set),(not set),買房大小事：戶籍遷入如何辦理？ - 遠雄房地產,/life-proposal/land_household_registration/,1,1,0,0,11
ecosia.org / organic,(organic),買房大小事：戶籍遷入如何辦理？ - 遠雄房地產,/life-proposal/land_household_registration/,1,1,1,1,253
keep.google.com / referral,(referral),買房大小事：戶籍遷入如何辦理？ - 遠雄房地產,/life-proposal/land_household_registration/,1,1,2,2,153
r.search.yahoo.com / referral,(referral),買房大小事：戶籍遷入如何辦理？ - 遠雄房地產,/life-proposal/land_household_registration/,1,1,1,1,14
tw.search.yahoo.com / referral,(referral),買房大小事：如何辦理產權移轉？ - 遠雄房地產,/life-proposal/land_property_rights/,1,1,1,1,13
copilot.microsoft.com / referral,(referral),社區營運兩三事：公設點交不求人 - 遠雄房地產,/life-proposal/land_public_utilities/,1,1,1,1,80
l.facebook.com / referral,(referral),社區營運兩三事：公設點交不求人 - 遠雄房地產,/life-proposal/land_public_utilities/,1,1,1,1,19
perplexity / (not set),(not set),社區營運兩三事：各項管理辦法看過來 - 遠雄房地產,/life-proposal/land_rules/,1,1,1,1,6
(not set),20250613一輪播,社區營運兩三事：各項管理辦法看過來 - 遠雄房地產,/life-proposal/land_rules/,1,1,1,1,3
(not set),20250725一輪播,社區營運兩三事：各項管理辦法看過來 - 遠雄房地產,/life-proposal/land_rules/,1,1,1,1,4
(not set),(not set),一次看懂「都市土地分區」差在哪？ - 遠雄房地產,/life-proposal/land_zoning/,1,1,0,0,51
yahoo / organic,(organic),一次看懂「都市土地分區」差在哪？ - 遠雄房地產,/life-proposal/land_zoning/,1,1,1,1,65
gemini.google.com / referral,(referral),一次看懂「都市土地分區」差在哪？ - 遠雄房地產,/life-proposal/land_zoning/,1,1,1,1,0
(not set),20250905五輪播,全台首座美術館+圖書館共構的世界級地標「台中綠美圖」 - 遠雄房地產,/life-proposal/library-taichung20220603/,1,1,1,1,0
(direct) / (none),(direct),房貸好多種，一次搞懂房貸方案該選哪一種！ - 遠雄房地產,/life-proposal/load_type20220624/,1,1,1,1,68
fgr-line / fgr,load_type20220624,房貸好多種，一次搞懂房貸方案該選哪一種！ - 遠雄房地產,/life-proposal/load_type20220624/,1,1,1,1,54
(direct) / (none),(direct),資金有壓力？房貸增貸與房貸轉貸不可不知 - 遠雄房地產,/life-proposal/loan_increase_20221108/,1,1,1,1,10
(direct) / (none),(direct),房子也有說明書，不動產說明書應記載事項你知道嗎？ - 遠雄房地產,/life-proposal/manual20220610/,1,1,1,1,17
news.google.com / referral,(referral),買房頭期款不夠怎麼辦？–「首購族看房買屋攻略」 - 遠雄房地產,/life-proposal/mortgage/,1,1,1,1,16
fgr-line / fg,mortgage/,買房頭期款不夠怎麼辦？–「首購族看房買屋攻略」 - 遠雄房地產,/life-proposal/mortgage/,1,1,1,1,220
fgr-line / fg,presale_payment_20221021/,買房頭期款不夠怎麼辦？–「首購族看房買屋攻略」 - 遠雄房地產,/life-proposal/mortgage/,1,1,2,2,2
(direct) / (none),(direct),遠雄聯手蘇喻哲打造高雄科工館「健康宅」遠雄琢蘊，遠雄左岸串連1300公頃河邊綠地,/life-proposal/natural-design/,1,1,1,1,26
chatgpt.com / referral,(referral),遠雄聯手蘇喻哲打造高雄科工館「健康宅」遠雄琢蘊，遠雄左岸串連1300公頃河邊綠地,/life-proposal/natural-design/,1,1,1,1,5
tw.search.yahoo.com / referral,(referral),遠雄聯手蘇喻哲打造高雄科工館「健康宅」遠雄琢蘊，遠雄左岸串連1300公頃河邊綠地,/life-proposal/natural-design/,1,1,1,1,8
google / cpc,brand,遠雄聯手蘇喻哲打造高雄科工館「健康宅」遠雄琢蘊，遠雄左岸串連1300公頃河邊綠地,/life-proposal/natural-design/,1,1,1,1,5
fgr-line / fg,natural_lighting20220708/,室內採光不足怎麼辦？採光妙招報你知 - 遠雄房地產,/life-proposal/natural_lighting20220708/,1,1,1,1,88
(direct) / (none),(direct),停車位眉角多：車位怎麼選？一個車位可以停兩部車嗎？ - 遠雄房地產,/life-proposal/parking_space20220615/,1,1,1,1,78
(direct) / (none),(direct),買預售屋時，履約保證真的對你有保障嗎？ - 遠雄房地產,/life-proposal/performance_guarantee_20221914/,1,1,1,1,18
yahoo / organic,(organic),買預售屋時，履約保證真的對你有保障嗎？ - 遠雄房地產,/life-proposal/performance_guarantee_20221914/,1,1,1,1,287
(not set),20250905五輪播,買預售屋時，履約保證真的對你有保障嗎？ - 遠雄房地產,/life-proposal/performance_guarantee_20221914/,1,1,1,1,0
tw.search.yahoo.com / referral,(referral),「權狀坪數」與「室內坪數」分不清？ –「首購族看房買屋攻略」 - 遠雄房地產,/life-proposal/ping/,1,1,1,1,14
google / organic,(organic),打造居家植栽，許一個綠空間給自己 - 遠雄房地產,/life-proposal/plant_20230105/,1,1,1,1,111
(not set),(not set),記住授信5P原則，讓你的貸款成數更高更容易 - 遠雄房地產,/life-proposal/pre_mortgage_20221215/,1,1,0,0,76
tw.search.yahoo.com / referral,(referral),記住授信5P原則，讓你的貸款成數更高更容易 - 遠雄房地產,/life-proposal/pre_mortgage_20221215/,1,1,1,1,135
fgr-line / fgr,pre_mortgage_20221215,記住授信5P原則，讓你的貸款成數更高更容易 - 遠雄房地產,/life-proposal/pre_mortgage_20221215/,1,1,1,1,0
fgr-line / fg,presale_payment_20221021/,記住授信5P原則，讓你的貸款成數更高更容易 - 遠雄房地產,/life-proposal/pre_mortgage_20221215/,1,1,1,1,123
(not set),20250905五輪播,預售屋付款方式詳解 - 遠雄房地產,/life-proposal/presale_payment_20221021/,1,1,1,1,2
fgr-line / fg,mortgage/,預售屋付款方式詳解 - 遠雄房地產,/life-proposal/presale_payment_20221021/,1,1,1,1,33
google / organic,(organic),2022 建築界諾貝爾獎公布！用建築賦予人類的「幸福感」 - 遠雄房地產,/life-proposal/pritzkerarchitectureprize2022/,1,1,1,1,132
(not set),20250905五輪播,2022 建築界諾貝爾獎公布！用建築賦予人類的「幸福感」 - 遠雄房地產,/life-proposal/pritzkerarchitectureprize2022/,1,1,0,0,0
(direct) / (none),(direct),建案熱區巡禮：桃園青埔大翻身！視野廣闊心也寬裕的首選住所 - 遠雄房地產,/life-proposal/qingpu/,1,1,1,1,0
(direct) / (none),(direct),公設比多少合理？秒懂公設定義與公設比計算–「首購族看房買屋攻略」 - 遠雄房地產,/life-proposal/ratio_of_public_area/,1,1,1,1,3
mkto-sn070013.com / referral,(referral),公設比多少合理？秒懂公設定義與公設比計算–「首購族看房買屋攻略」 - 遠雄房地產,/life-proposal/ratio_of_public_area/,1,1,1,1,87
(direct) / (none),(direct),房地合一稅2.0+實價登錄2.0上路之後，疫情下的房市動向，房價走勢緩步上揚嗎?,/life-proposal/real-estate-tax/,1,1,1,1,12
google / organic,(organic),危老重建是甚麼？我能申請嗎？ - 遠雄房地產,/life-proposal/reconstruction/,1,1,1,1,1075
perplexity / (not set),(not set),公共設施篇: 梯廳與樓梯間建築法規有何特殊規定? - 遠雄房地產,/life-proposal/regulations2_20230320/,1,1,1,1,0
yahoo / organic,(organic),公共設施篇: 梯廳與樓梯間建築法規有何特殊規定? - 遠雄房地產,/life-proposal/regulations2_20230320/,1,1,1,1,27
facebook.com / referral,(referral),公共設施篇: 梯廳與樓梯間建築法規有何特殊規定? - 遠雄房地產,/life-proposal/regulations2_20230320/,1,1,1,1,7
search.google.com / referral,(referral),公共設施篇: 梯廳與樓梯間建築法規有何特殊規定? - 遠雄房地產,/life-proposal/regulations2_20230320/,1,1,1,1,0
google / cpc,O1_地區字_2025.0801,附屬建物篇 : 陽台與雨遮建築法規規定為何？ - 遠雄房地產,/life-proposal/regulations_20230317/,1,1,1,1,27
fgr-line / fg,floor_height/,附屬建物篇 : 陽台與雨遮建築法規規定為何？ - 遠雄房地產,/life-proposal/regulations_20230317/,1,1,1,1,166
fgr-line / fg,regulations_20230317/,附屬建物篇 : 陽台與雨遮建築法規規定為何？ - 遠雄房地產,/life-proposal/regulations_20230317/,1,1,0,0,0
chatgpt.com / (not set),(not set),退休以後怎麼住？你適合青銀共居、養生村還是全齡宅？ - 遠雄房地產,/life-proposal/retiredlife_20230220/,1,1,1,1,29
bing / organic,(organic),退休以後怎麼住？你適合青銀共居、養生村還是全齡宅？ - 遠雄房地產,/life-proposal/retiredlife_20230220/,1,1,1,1,1
(not set),20250711一輪播,退休以後怎麼住？你適合青銀共居、養生村還是全齡宅？ - 遠雄房地產,/life-proposal/retiredlife_20230220/,1,1,1,1,8
google / cpc,CQH1-買房字,退休以後怎麼住？你適合青銀共居、養生村還是全齡宅？ - 遠雄房地產,/life-proposal/retiredlife_20230220/,1,1,1,1,72
(direct) / (none),(direct),迎戰退休生活，退休宅友善設計怎麼做才完整？ - 遠雄房地產,/life-proposal/retirement/,1,1,1,1,40
google / organic,(organic),超高齡台灣，誰適合「以房養老」? - 遠雄房地產,/life-proposal/reverse_mortgage/,1,1,1,1,4
search.google.com / referral,(referral),超高齡台灣，誰適合「以房養老」? - 遠雄房地產,/life-proposal/reverse_mortgage/,1,1,1,1,3
tw.search.yahoo.com / referral,(referral),超高齡台灣，誰適合「以房養老」? - 遠雄房地產,/life-proposal/reverse_mortgage/,1,1,1,1,38
bing / organic,(organic),建案熱區巡禮：台中水湳經貿區，新世代亮點發展區 - 遠雄房地產,/life-proposal/shuinan/,1,1,1,1,31
tw.search.yahoo.com / referral,(referral),建案熱區巡禮：台中水湳經貿區，新世代亮點發展區 - 遠雄房地產,/life-proposal/shuinan/,1,1,1,1,0
yahoo.com / referral,(referral),居家以線板、百葉窗打造「輕美式」：首購族小資女、小家庭舒壓輕鬆宅,/life-proposal/shutters-home-design/,1,1,1,1,41
(not set),20250905五輪播,居家以線板、百葉窗打造「輕美式」：首購族小資女、小家庭舒壓輕鬆宅,/life-proposal/shutters-home-design/,1,1,0,0,107
(not set),20250905五輪播,小宅當道！入手小坪數產品注意事項 - 遠雄房地產,/life-proposal/small_property_20221007/,1,1,1,1,1
google / cpc,(organic),住宅隔音規劃有哪些？許我一個清淨空間 - 遠雄房地產,/life-proposal/soundproofing/,1,1,1,1,15
google / organic,(organic),住宅隔音規劃有哪些？許我一個清淨空間 - 遠雄房地產,/life-proposal/soundproofing/,1,1,1,1,22
(not set),20250905五輪播,住宅隔音規劃有哪些？許我一個清淨空間 - 遠雄房地產,/life-proposal/soundproofing/,1,1,0,0,2
(direct) / (none),(direct),掌握美式風格居家4大重點 - 遠雄房地產,/life-proposal/space_deco_us_20221028/,1,1,1,1,74
(not set),20250905五輪播,居家窗簾挑選有學問，窗簾種類與款式有哪些？ - 遠雄房地產,/life-proposal/space_design_curtain_20240714/,1,1,2,2,1
bing / organic,(organic),抗酷暑 ! 室內空間降溫這樣做，植栽除了打造綠色空間也能降溫 - 遠雄房地產,/life-proposal/space_design_greencooldown_20240903/,1,1,1,1,168
chatgpt.com / referral,(referral),小宅攻略∣新婚小家庭如何打造高效空間 - 遠雄房地產,/life-proposal/space_design_smallhouse1_20240411/,1,1,2,2,3
(not set),20250905五輪播,小宅攻略 ∣ 退休宅這樣規畫超完美 - 遠雄房地產,/life-proposal/space_design_smallhouse2_20240521/,1,1,2,2,6
google / cpc,CQH1-買房字,小宅攻略 ∣ 退休宅這樣規畫超完美 - 遠雄房地產,/life-proposal/space_design_smallhouse2_20240521/,1,1,2,2,14
fb / h713,102,小宅攻略 ∣ 頂客質感生活這樣設計 - 遠雄房地產,/life-proposal/space_design_smallhouse3_20240607/,1,1,1,1,71
(not set),20250808一輪播,小宅攻略 ∣ 頂客質感生活這樣設計 - 遠雄房地產,/life-proposal/space_design_smallhouse3_20240607/,1,1,1,1,45
(not set),20250905五輪播,小宅攻略 ∣ 頂客質感生活這樣設計 - 遠雄房地產,/life-proposal/space_design_smallhouse3_20240607/,1,1,1,1,8
google / cpc,gdn5-7,小宅攻略 ∣ 頂客質感生活這樣設計 - 遠雄房地產,/life-proposal/space_design_smallhouse3_20240607/,1,1,1,1,72
(not set),(not set),工料雙漲下的省錢裝潢 | 居家裝修系統櫃新手攻略 - 遠雄房地產,/life-proposal/space_furnish_cabinet_20231125/,1,1,1,1,0
statics.teams.cdn.office.net / referral,(referral),工料雙漲下的省錢裝潢 | 居家裝修系統櫃新手攻略 - 遠雄房地產,/life-proposal/space_furnish_cabinet_20231125/,1,1,1,1,10
(not set),20250905五輪播,工料雙漲下的省錢裝潢 | 居家裝修系統櫃新手攻略 - 遠雄房地產,/life-proposal/space_furnish_cabinet_20231125/,1,1,1,1,106
google / cpc,brand,工料雙漲下的省錢裝潢 | 居家裝修系統櫃新手攻略 - 遠雄房地產,/life-proposal/space_furnish_cabinet_20231125/,1,1,3,3,3
fgr-line / fgr,space_furnish_muji_20231101,工料雙漲下的省錢裝潢 | 居家裝修系統櫃新手攻略 - 遠雄房地產,/life-proposal/space_furnish_cabinet_20231125/,1,1,1,1,0
excel.officeapps.live.com / referral,(referral),工料雙漲下的省錢裝潢 | 新屋廚房三大必修省錢術 - 遠雄房地產,/life-proposal/space_furnish_kitchen_20240102/,1,1,1,1,3
tw.search.yahoo.com / referral,(referral),工料雙漲下的省錢裝潢 | 新屋廚房三大必修省錢術 - 遠雄房地產,/life-proposal/space_furnish_kitchen_20240102/,1,1,1,1,36
(not set),20250919一輪播,工料雙漲下的省錢裝潢 | 新屋廚房三大必修省錢術 - 遠雄房地產,/life-proposal/space_furnish_kitchen_20240102/,1,1,1,1,1
google / cpc,brand,工料雙漲下的省錢裝潢 | 新屋廚房三大必修省錢術 - 遠雄房地產,/life-proposal/space_furnish_kitchen_20240102/,1,1,2,2,20
google / organic,(organic),小客廳也能變身大空間！空間魔法大公開！ - 遠雄房地產,/life-proposal/space_furnish_livingroom_20231027/,1,1,2,2,39
(not set),20250808一輪播,小客廳也能變身大空間！空間魔法大公開！ - 遠雄房地產,/life-proposal/space_furnish_livingroom_20231027/,1,1,1,1,107
google / organic,(organic),為生活解悶 | 客廳布置秋冬換季玩花樣 - 遠雄房地產,/life-proposal/space_furnish_maillard_20231227/,1,1,1,1,12
(direct) / (none),(direct),工料雙漲下的省錢裝潢 | 自己打造無印風設計 - 遠雄房地產,/life-proposal/space_furnish_muji_20231101/,1,1,0,0,0
(not set),(not set),工料雙漲下的省錢裝潢 | 自己打造無印風設計 - 遠雄房地產,/life-proposal/space_furnish_muji_20231101/,1,1,0,0,4
excel.officeapps.live.com / referral,(referral),工料雙漲下的省錢裝潢 | 自己打造無印風設計 - 遠雄房地產,/life-proposal/space_furnish_muji_20231101/,1,1,1,1,3
mkto-sn070013.com / referral,(referral),工料雙漲下的省錢裝潢 | 自己打造無印風設計 - 遠雄房地產,/life-proposal/space_furnish_muji_20231101/,1,1,1,1,1
statics.teams.cdn.office.net / referral,(referral),工料雙漲下的省錢裝潢 | 自己打造無印風設計 - 遠雄房地產,/life-proposal/space_furnish_muji_20231101/,1,1,1,1,5
(not set),20250905五輪播,工料雙漲下的省錢裝潢 | 自己打造無印風設計 - 遠雄房地產,/life-proposal/space_furnish_muji_20231101/,1,1,1,1,197
google / cpc,brand,工料雙漲下的省錢裝潢 | 自己打造無印風設計 - 遠雄房地產,/life-proposal/space_furnish_muji_20231101/,1,1,1,1,5
(not set),(not set),讓新家環保又節能！新成屋改裝要點！ - 遠雄房地產,/life-proposal/space_furnish_newhouse_20231020/,1,1,1,1,0
excel.officeapps.live.com / referral,(referral),讓新家環保又節能！新成屋改裝要點！ - 遠雄房地產,/life-proposal/space_furnish_newhouse_20231020/,1,1,1,1,0
statics.teams.cdn.office.net / referral,(referral),讓新家環保又節能！新成屋改裝要點！ - 遠雄房地產,/life-proposal/space_furnish_newhouse_20231020/,1,1,1,1,10
fgr-line / fgr,space_furnish_muji_20231101,讓新家環保又節能！新成屋改裝要點！ - 遠雄房地產,/life-proposal/space_furnish_newhouse_20231020/,1,1,1,1,0
excel.officeapps.live.com / referral,(referral),工料雙漲下的省錢裝潢 | 油漆DIY 老屋變新貌 - 遠雄房地產,/life-proposal/space_furnish_paint_20231128/,1,1,1,1,3
statics.teams.cdn.office.net / referral,(referral),工料雙漲下的省錢裝潢 | 油漆DIY 老屋變新貌 - 遠雄房地產,/life-proposal/space_furnish_paint_20231128/,1,1,2,2,10
(not set),20250905五輪播,工料雙漲下的省錢裝潢 | 油漆DIY 老屋變新貌 - 遠雄房地產,/life-proposal/space_furnish_paint_20231128/,1,1,2,2,82
(not set),20250919一輪播,工料雙漲下的省錢裝潢 | 油漆DIY 老屋變新貌 - 遠雄房地產,/life-proposal/space_furnish_paint_20231128/,1,1,1,1,0
google / cpc,brand,工料雙漲下的省錢裝潢 | 油漆DIY 老屋變新貌 - 遠雄房地產,/life-proposal/space_furnish_paint_20231128/,1,1,2,2,3
fgr-line / fgr,space_furnish_muji_20231101,工料雙漲下的省錢裝潢 | 油漆DIY 老屋變新貌 - 遠雄房地產,/life-proposal/space_furnish_paint_20231128/,1,1,1,1,0
excel.officeapps.live.com / referral,(referral),如何利用微改裝讓我的家更節能，與綠色生活共伍！ - 遠雄房地產,/life-proposal/space_furnish_saving_20231004/,1,1,1,1,0
statics.teams.cdn.office.net / referral,(referral),如何利用微改裝讓我的家更節能，與綠色生活共伍！ - 遠雄房地產,/life-proposal/space_furnish_saving_20231004/,1,1,1,1,1
(not set),20250905五輪播,如何利用微改裝讓我的家更節能，與綠色生活共伍！ - 遠雄房地產,/life-proposal/space_furnish_saving_20231004/,1,1,0,0,0
google / cpc,brand,如何利用微改裝讓我的家更節能，與綠色生活共伍！ - 遠雄房地產,/life-proposal/space_furnish_saving_20231004/,1,1,1,1,2
(not set),20250905五輪播,小坪數空間利用，聰明收納有一套 - 遠雄房地產,/life-proposal/space_storage_20230428/,1,1,1,1,8
(direct) / (none),(direct),為生活解悶 | 居家布置術-創造閱讀角 - 遠雄房地產,/life-proposal/space_style_reading_20240116/,1,1,1,1,14
(direct) / (none),(direct),地上權建物可以買嗎？優缺點一次看 - 遠雄房地產,/life-proposal/superficial_rights/,1,1,1,1,3
bing / organic,(organic),地上權建物可以買嗎？優缺點一次看 - 遠雄房地產,/life-proposal/superficial_rights/,1,1,1,1,1
(not set),20250905五輪播,地上權建物可以買嗎？優缺點一次看 - 遠雄房地產,/life-proposal/superficial_rights/,1,1,0,0,0
bing / organic,(organic),台中海線景點介紹：高美濕地、台中清水國小(牛罵頭)、清水眷村文化園區、台中港特區,/life-proposal/taichung-attractions/,1,1,1,1,0
bing / organic,(organic),台中預售屋、新建案分析介紹，水湳經貿園區、台中七期、清水/梧棲重劃區建案推薦,/life-proposal/taichung-gateway/,1,1,1,1,10
tw.search.yahoo.com / referral,(referral),台中預售屋、新建案分析介紹，水湳經貿園區、台中七期、清水/梧棲重劃區建案推薦,/life-proposal/taichung-gateway/,1,1,1,1,77
(direct) / (none),(direct),房地一族看過來，與你有關的國稅局查稅重點 - 遠雄房地產,/life-proposal/tax_inspection_20230119/,1,1,1,1,130
yahoo / organic,(organic),不動產節稅妙招：每年都要繳的財產稅省很大 - 遠雄房地產,/life-proposal/tax_mitigation_housetax_20220902/,1,1,1,1,0
tw.search.yahoo.com / referral,(referral),不動產節稅妙招：每年都要繳的財產稅省很大 - 遠雄房地產,/life-proposal/tax_mitigation_housetax_20220902/,1,1,2,2,13
line-fgr / eh2,20250826,不動產節稅妙招：每年都要繳的財產稅省很大 - 遠雄房地產,/life-proposal/tax_mitigation_housetax_20220902/,1,1,1,1,0
fgr-line / fgr,expert_housing-market_20250820,不動產節稅妙招：每年都要繳的財產稅省很大 - 遠雄房地產,/life-proposal/tax_mitigation_housetax_20220902/,1,1,1,1,13
fgr-line / fgr,expert_zhu_propertytax_20230814,不動產節稅妙招：每年都要繳的財產稅省很大 - 遠雄房地產,/life-proposal/tax_mitigation_housetax_20220902/,1,1,1,1,1
fgr-line / fgr,plant_20230105,不動產節稅妙招：每年都要繳的財產稅省很大 - 遠雄房地產,/life-proposal/tax_mitigation_housetax_20220902/,1,1,1,1,0
(direct) / (none),(direct),不動產節稅妙招：自用住宅用地優惠稅率不可不知 - 遠雄房地產,/life-proposal/tax_mitigation_land_20220902/,1,1,1,1,0
tw.search.yahoo.com / referral,(referral),不動產節稅妙招：自用住宅用地優惠稅率不可不知 - 遠雄房地產,/life-proposal/tax_mitigation_land_20220902/,1,1,1,1,49
fgr-line / fgr,tax_mitigation_housetax_20220902,不動產節稅妙招：自用住宅用地優惠稅率不可不知 - 遠雄房地產,/life-proposal/tax_mitigation_land_20220902/,1,1,1,1,26
(not set),20250905五輪播,不動產節稅妙招：該扣就扣不浪費，房貸利息節稅四要件 - 遠雄房地產,/life-proposal/tax_mitigation_mortgage_interest_20220902/,1,1,0,0,0
google / organic,(organic),买房时到底有那些税金要缴？ -「首购族看房买屋攻略」 - 远雄房地产,/life-proposal/taxes/,1,1,0,0,46
manager.line.biz / referral,(referral),買房時到底有那些稅金要繳？-「首購族看房買屋攻略」 - 遠雄房地產,/life-proposal/taxes/,1,1,1,1,34
(not set),20250905五輪播,空間放大術：小坪數變身大空間有妙招 - 遠雄房地產,/life-proposal/theme_ping_20230117/,1,1,1,1,0
google / organic,(organic),秒懂實價登錄–「首購族看房買屋攻略」 - 遠雄房地產,/life-proposal/true_price/,1,1,1,1,11
fb / h713,100,秒懂實價登錄–「首購族看房買屋攻略」 - 遠雄房地產,/life-proposal/true_price/,1,1,1,1,11
perplexity.ai / referral,(referral),全齡通用住宅打造友善居住環境：基地環境篇 - 遠雄房地產,/life-proposal/universal-design-base20220713/,1,1,1,1,0
yahoo / organic,(organic),全齡通用宅打造友善居住環境：建築環境篇 - 遠雄房地產,/life-proposal/universal-design-environment20220713/,1,1,3,3,16
(not set),20250905五輪播,全齡通用宅打造友善居住環境：建築環境篇 - 遠雄房地產,/life-proposal/universal-design-environment20220713/,1,1,0,0,0
(direct) / (none),(direct),全齡通用宅打造友善居住環境：住家出入口篇(下篇) - 遠雄房地產,/life-proposal/universal-design-home2-20220722/,1,1,1,1,0
tw.search.yahoo.com / referral,(referral),永續幸福家園，全齡通用宅設計規範與趨勢 - 遠雄房地產,/life-proposal/universal-design20220708/,1,1,1,1,14
chatgpt.com / referral,(referral),買房停看聽：嫌惡設施有哪些？ - 遠雄房地產,/life-proposal/unwanted20220610/,1,1,1,1,38
(not set),(not set),修繕小知識：木地板刮傷怎麼辦？【居家百科】 - 遠雄房地產,/life-proposal/woodfix/,1,1,0,0,1
yahoo / organic,(organic),修繕小知識：木地板刮傷怎麼辦？【居家百科】 - 遠雄房地產,/life-proposal/woodfix/,1,1,1,1,82
tw.search.yahoo.com / referral,(referral),修繕小知識：木地板刮傷怎麼辦？【居家百科】 - 遠雄房地產,/life-proposal/woodfix/,1,1,1,1,22
m.baidu.com / referral,(referral),建案熱區巡禮 - 好想搬去新北住！新莊副都心生活圈，一步抵達頂級人生 - 遠雄房地產,/life-proposal/xinzhuang/,1,1,2,2,100
(direct) / (none),(direct),建案熱區巡禮：台南永康產業交通齊發光，宜居現在進行式！ - 遠雄房地產,/life-proposal/yongkang/,1,1,1,1,7
(not set),(not set),建案熱區巡禮：台南永康產業交通齊發光，宜居現在進行式！ - 遠雄房地產,/life-proposal/yongkang/,1,1,0,0,0
perplexity / (not set),(not set),建案熱區巡禮：台南永康產業交通齊發光，宜居現在進行式！ - 遠雄房地產,/life-proposal/yongkang/,1,1,1,1,70
chatgpt.com / referral,(referral),建案熱區巡禮：台南永康產業交通齊發光，宜居現在進行式！ - 遠雄房地產,/life-proposal/yongkang/,1,1,1,1,76
google / organic,(organic),青年安心成家購屋優惠貸款，有房不是夢 - 遠雄房地產,/life-proposal/youth_home_loan_20220830/,1,1,1,1,5
google / cpc,(organic),遠雄攜手李祖原，中和左岸橋景觀住宅，享受視野無價,/life-proposal/zhonghe-river/,1,1,3,3,87
mkto-sn070013.com / referral,(referral),[房產風向球] 平均地權條例拍板定案，買房要注意 - 遠雄房地產,/life-proposal/房產風向球-平均地權條例拍板定案，買房要注意/,1,1,1,1,7
googlemap / o1,googlemap,"Life Proposal: Expert Housing Market Views, Space Aesthetics Guide - Yuanxiong Real Estate",/life_proposal/,1,1,0,0,13
google / cpc,遠雄幸福成_H713_關鍵字_0516_中彰,"Life Proposal: Expert Housing Market Views, Spatial Aesthetics Guide - Yuanxiong Real Estate",/life_proposal/,1,1,0,0,6
bing / organic,(organic),生活提案： 專家房市觀點、空間美學指南 -遠雄房地產,/life_proposal/,1,1,1,1,3
104.com.tw / referral,(referral),生活提案： 專家房市觀點、空間美學指南 -遠雄房地產,/life_proposal/,1,1,1,1,6
tagassistant.google.com / referral,(referral),生活提案： 專家房市觀點、空間美學指南 -遠雄房地產,/life_proposal/,1,1,1,1,2
ig / paid,120224909124380347,生活提案： 專家房市觀點、空間美學指南 -遠雄房地產,/life_proposal/,1,1,1,1,11
google / cpc,20250718,生活提案： 專家房市觀點、空間美學指南 -遠雄房地產,/life_proposal/,1,1,1,1,0
webnews / 5vo1,202508,生活提案： 專家房市觀點、空間美學指南 -遠雄房地產,/life_proposal/,1,1,1,1,6
(not set),20250808一輪播,生活提案： 專家房市觀點、空間美學指南 -遠雄房地產,/life_proposal/,1,1,2,2,36
google / cpc,20250918,生活提案： 專家房市觀點、空間美學指南 -遠雄房地產,/life_proposal/,1,1,4,4,46
(not set),20250919一輪播,生活提案： 專家房市觀點、空間美學指南 -遠雄房地產,/life_proposal/,1,1,1,1,0
fb / eh1,5-5,生活提案： 專家房市觀點、空間美學指南 -遠雄房地產,/life_proposal/,1,1,1,1,0
fb / h713,99,生活提案： 專家房市觀點、空間美學指南 -遠雄房地產,/life_proposal/,1,1,1,1,2
google / cpc,area,生活提案： 專家房市觀點、空間美學指南 -遠雄房地產,/life_proposal/,1,1,1,1,25
google_kw / cqh1,brand,生活提案： 專家房市觀點、空間美學指南 -遠雄房地產,/life_proposal/,1,1,1,1,9
fb / ar1,fb4-2,生活提案： 專家房市觀點、空間美學指南 -遠雄房地產,/life_proposal/,1,1,1,1,0
fb / eh5,form,生活提案： 專家房市觀點、空間美學指南 -遠雄房地產,/life_proposal/,1,1,1,1,1
fb / eh1,formbutton,生活提案： 專家房市觀點、空間美學指南 -遠雄房地產,/life_proposal/,1,1,1,1,7
google / cpc,gdn5-7,生活提案： 專家房市觀點、空間美學指南 -遠雄房地產,/life_proposal/,1,1,1,1,8
googlemap / o1,googlemap,生活提案： 專家房市觀點、空間美學指南 -遠雄房地產,/life_proposal/,1,1,1,1,0
google / cpc,遠雄幸福成_H713_關鍵字_0516_中彰,生活提案： 專家房市觀點、空間美學指南 -遠雄房地產,/life_proposal/,1,1,1,1,0
(direct) / (none),(direct),找不到頁面 - 遠雄房地產,/life_proposal/5vo1-1,1,1,1,1,0
googlemap / o1,googlemap,"Home Buying Knowledge: Home Buying Process, Tax Laws, and Loan Guides - Farglory Real Estate",/life_proposal/buying_knowledge/,1,1,0,0,12
mkto-sn070013.com / referral,(referral),購屋知識：買屋流程、稅法貸款指南 -遠雄房地產,/life_proposal/buying_knowledge/,1,1,1,1,5
tagassistant.google.com / referral,(referral),購屋知識：買屋流程、稅法貸款指南 -遠雄房地產,/life_proposal/buying_knowledge/,1,1,1,1,4
fb / h707,1,購屋知識：買屋流程、稅法貸款指南 -遠雄房地產,/life_proposal/buying_knowledge/,1,1,1,1,10
google / cpc,Otherarea0829,購屋知識：買屋流程、稅法貸款指南 -遠雄房地產,/life_proposal/buying_knowledge/,1,1,2,2,10
youtube / ah2,architecture30s,購屋知識：買屋流程、稅法貸款指南 -遠雄房地產,/life_proposal/buying_knowledge/,1,1,1,1,6
google / cpc,brand,購屋知識：買屋流程、稅法貸款指南 -遠雄房地產,/life_proposal/buying_knowledge/,1,1,2,2,92
fgr-line / fg,contract/,購屋知識：買屋流程、稅法貸款指南 -遠雄房地產,/life_proposal/buying_knowledge/,1,1,1,1,7
socialmedia / bh8,dcard_202508,購屋知識：買屋流程、稅法貸款指南 -遠雄房地產,/life_proposal/buying_knowledge/,1,1,1,1,0
google / cpc,gdn5-7,購屋知識：買屋流程、稅法貸款指南 -遠雄房地產,/life_proposal/buying_knowledge/,1,1,1,1,4
googlemap / o1,googlemap,購屋知識：買屋流程、稅法貸款指南 -遠雄房地產,/life_proposal/buying_knowledge/,1,1,1,1,0
google / cpc,pmax-1-anothercity,購屋知識：買屋流程、稅法貸款指南 -遠雄房地產,/life_proposal/buying_knowledge/,1,1,4,4,2
google / cpc,遠雄幸福成_H713_關鍵字_0516_外縣市,購屋知識：買屋流程、稅法貸款指南 -遠雄房地產,/life_proposal/buying_knowledge/,1,1,1,1,9
farglory.com.tw / referral,(referral),專家觀點：解析房市動向與購屋建議 -遠雄房地產,/life_proposal/experts_point/,1,1,1,1,6
m000476.layout.minmax.website / referral,(referral),專家觀點：解析房市動向與購屋建議 -遠雄房地產,/life_proposal/experts_point/,1,1,1,1,81
news.google.com / referral,(referral),專家觀點：解析房市動向與購屋建議 -遠雄房地產,/life_proposal/experts_point/,1,1,1,1,9
search.google.com / referral,(referral),專家觀點：解析房市動向與購屋建議 -遠雄房地產,/life_proposal/experts_point/,1,1,1,1,51
tagassistant.google.com / referral,(referral),專家觀點：解析房市動向與購屋建議 -遠雄房地產,/life_proposal/experts_point/,1,1,1,1,12
(not set),20250718一輪播,專家觀點：解析房市動向與購屋建議 -遠雄房地產,/life_proposal/experts_point/,1,1,1,1,0
(not set),20250725二輪播,專家觀點：解析房市動向與購屋建議 -遠雄房地產,/life_proposal/experts_point/,1,1,1,1,4
google / cpc,20250918,專家觀點：解析房市動向與購屋建議 -遠雄房地產,/life_proposal/experts_point/,1,1,4,4,1
fb / h713,99,專家觀點：解析房市動向與購屋建議 -遠雄房地產,/life_proposal/experts_point/,1,1,1,1,7
fgr-line / fgr,expert_peizhen_bullbear-2025h2__20250829,專家觀點：解析房市動向與購屋建議 -遠雄房地產,/life_proposal/experts_point/,1,1,1,1,2
fb / eh5,fb28-2,專家觀點：解析房市動向與購屋建議 -遠雄房地產,/life_proposal/experts_point/,1,1,1,1,0
line-lap / bh10,line-lap20256-8,專家觀點：解析房市動向與購屋建議 -遠雄房地產,/life_proposal/experts_point/,1,1,2,2,86
google / cpc,needs,專家觀點：解析房市動向與購屋建議 -遠雄房地產,/life_proposal/experts_point/,1,1,1,1,15
google / cpc,pmax-1-anothercity,專家觀點：解析房市動向與購屋建議 -遠雄房地產,/life_proposal/experts_point/,1,1,4,4,20
google / cpc,pmax-1-taichung,專家觀點：解析房市動向與購屋建議 -遠雄房地產,/life_proposal/experts_point/,1,1,1,1,3
fb / ar1,privacy,專家觀點：解析房市動向與購屋建議 -遠雄房地產,/life_proposal/experts_point/,1,1,1,1,0
google / cpc,遠雄幸福成_H713_關鍵字_0516_外縣市,專家觀點：解析房市動向與購屋建議 -遠雄房地產,/life_proposal/experts_point/,1,1,1,1,11
(direct) / (none),(direct),劉佩真 - 遠雄房地產,/life_proposal/experts_point/獨家專欄/劉佩真/,1,1,1,1,16
google / organic,(organic),李同榮 - 遠雄房地產,/life_proposal/experts_point/獨家專欄/李同榮/,1,1,2,2,17
(not set),(not set),"Local Living: New Construction, Pre-sale Housing Surrounding Information - Farglory Real Estate",/life_proposal/music_life/,1,1,0,0,124
(not set),(not set),在地生活：新建案、預售屋周邊資訊 -遠雄房地產,/life_proposal/music_life/,1,1,1,1,0
bing / organic,(organic),在地生活：新建案、預售屋周邊資訊 -遠雄房地產,/life_proposal/music_life/,1,1,1,1,3
l.facebook.com / referral,(referral),在地生活：新建案、預售屋周邊資訊 -遠雄房地產,/life_proposal/music_life/,1,1,1,1,2
tagassistant.google.com / referral,(referral),在地生活：新建案、預售屋周邊資訊 -遠雄房地產,/life_proposal/music_life/,1,1,1,1,7
tw.search.yahoo.com / referral,(referral),在地生活：新建案、預售屋周邊資訊 -遠雄房地產,/life_proposal/music_life/,1,1,1,1,24
ig / paid,120224909124380347,在地生活：新建案、預售屋周邊資訊 -遠雄房地產,/life_proposal/music_life/,1,1,2,2,9
(direct) / (none),20250808一輪播,在地生活：新建案、預售屋周邊資訊 -遠雄房地產,/life_proposal/music_life/,1,1,0,0,3
youtube / ah2,architecture30s,在地生活：新建案、預售屋周邊資訊 -遠雄房地產,/life_proposal/music_life/,1,1,1,1,42
fb / cqh1,fb-23,在地生活：新建案、預售屋周邊資訊 -遠雄房地產,/life_proposal/music_life/,1,1,1,1,0
google / cpc,pmax-1-anothercity,在地生活：新建案、預售屋周邊資訊 -遠雄房地產,/life_proposal/music_life/,1,1,1,1,5
google / cpc,遠雄幸福成_H713_關鍵字_0516_外縣市,在地生活：新建案、預售屋周邊資訊 -遠雄房地產,/life_proposal/music_life/,1,1,1,1,8
bing / organic,(organic),安心生活：三大保固升級服務 -遠雄房地產,/life_proposal/peace_mind/,1,1,1,1,7
tagassistant.google.com / referral,(referral),安心生活：三大保固升級服務 -遠雄房地產,/life_proposal/peace_mind/,1,1,1,1,4
fb / h713,106,安心生活：三大保固升級服務 -遠雄房地產,/life_proposal/peace_mind/,1,1,1,1,0
(not set),20250808一輪播,安心生活：三大保固升級服務 -遠雄房地產,/life_proposal/peace_mind/,1,1,1,1,8
google / cpc,20250918,安心生活：三大保固升級服務 -遠雄房地產,/life_proposal/peace_mind/,1,1,4,4,71
fb / bh5,39,安心生活：三大保固升級服務 -遠雄房地產,/life_proposal/peace_mind/,1,1,1,1,0
google / cpc,brand,安心生活：三大保固升級服務 -遠雄房地產,/life_proposal/peace_mind/,1,1,1,1,8
fb / ar1,fb4-3,安心生活：三大保固升級服務 -遠雄房地產,/life_proposal/peace_mind/,1,1,1,1,0
google / cpc,gdn5-7,安心生活：三大保固升級服務 -遠雄房地產,/life_proposal/peace_mind/,1,1,1,1,4
google / cpc,遠雄幸福成_H713_關鍵字_0516_外縣市,安心生活：三大保固升級服務 -遠雄房地產,/life_proposal/peace_mind/,1,1,1,1,2
tagassistant.google.com / referral,(referral),空間美學：三大保固升級服務-遠雄房地產,/life_proposal/space_aesthetics/,1,1,1,1,1
fb / h713,102,空間美學：三大保固升級服務-遠雄房地產,/life_proposal/space_aesthetics/,1,1,1,1,20
google / cpc,20250918,空間美學：三大保固升級服務-遠雄房地產,/life_proposal/space_aesthetics/,1,1,1,1,0
fb / bh11,9-2,空間美學：三大保固升級服務-遠雄房地產,/life_proposal/space_aesthetics/,1,1,1,1,0
google / cpc,Otherarea0829,空間美學：三大保固升級服務-遠雄房地產,/life_proposal/space_aesthetics/,1,1,1,1,4
google / cpc,gdn5-7,空間美學：三大保固升級服務-遠雄房地產,/life_proposal/space_aesthetics/,1,1,1,1,2
google / cpc,pmax-1-anothercity,空間美學：三大保固升級服務-遠雄房地產,/life_proposal/space_aesthetics/,1,1,3,3,2
google / organic,(organic),找不到頁面 - 遠雄房地產,/llms.txt,1,1,1,1,0
(direct) / (none),(direct),遠雄泱玥 | 水岸正首席．北士科首獻｜57-75坪,/main/review/64,1,1,1,1,1
(direct) / (none),(direct),遠雄泱玥 | 水岸正首席．北士科首獻｜57-75坪-李珮綺-遠雄房地產 Farglory-Realty,/main/review/64/B5652,1,1,2,2,19
(direct) / (none),(direct),遠雄泱玥 | 水岸正首席．北士科首獻｜57-75坪,/main/review/64/b4719,1,1,1,1,3
(not set),(not set),遠雄泱玥 | 水岸正首席．北士科首獻｜57-75坪-蔡定誠-遠雄房地產 Farglory-Realty,/main/review/64/b4720,1,1,1,1,0
(direct) / (none),(direct),遠雄泱玥 | 水岸正首席．北士科首獻｜57-75坪,/main/review/64/b4721,1,1,1,1,2
(direct) / (none),(direct),遠雄泱玥 | 水岸正首席．北士科首獻｜57-75坪,/main/review/64/b4722,1,1,1,1,0
(direct) / (none),(direct),遠雄泱玥 | 水岸正首席．北士科首獻｜57-75坪,/main/review/64/b5030,1,1,3,3,69
(direct) / (none),(direct),遠雄泱玥 | 水岸正首席．北士科首獻｜57-75坪-周繹加-遠雄房地產 Farglory-Realty,/main/review/64/b5654,1,1,1,1,1058
(not set),20250725二輪播,遠雄泱玥 | 水岸正首席．北士科首獻｜57-75坪-周繹加-遠雄房地產 Farglory-Realty,/main/review/64/b5654,1,1,1,1,5
(not set),20250725二輪播,遠雄泱玥 | 水岸正首席．北士科首獻｜57-75坪-林雅婷-遠雄房地產 Farglory-Realty,/main/review/64/b6161,1,1,3,3,55
(direct) / (none),(direct),遠雄泱玥 | 水岸正首席．北士科首獻｜57-75坪,/main/review/64/seanguo0614,1,1,1,1,0
web / bh10,web-Google map,遠雄敦富-林怡-遠雄房地產 Farglory-Realty,/main/review/66/b5578,1,1,1,1,8
web / bh10,web-Google map,遠雄敦富-董宸-遠雄房地產 Farglory-Realty,/main/review/66/c0744,1,1,1,1,43
web / bh10,web-Google map,遠雄敦富-張瑀心-遠雄房地產 Farglory-Realty,/main/review/66/g1227,1,1,1,1,2
picsee.io / referral,(referral),遠雄丰尚-黃郁恬-遠雄房地產 Farglory-Realty,/main/review/74/g0335,1,1,2,2,6
google / organic,(organic),聯上智科-張倉周-遠雄房地產 Farglory-Realty,/main/review/75/b1895,1,1,2,2,17
udn.com / referral,(referral),(1) 封未讀訊息 | 遠雄房地產預約賞屋(線上賞屋與預約賞屋),/make_appointment/,1,1,0,0,246
(not set),(not set),遠雄房地產預約賞屋(線上賞屋與預約賞屋),/make_appointment/,1,1,0,0,6
line / ah2-message,(not set),遠雄房地產預約賞屋(線上賞屋與預約賞屋),/make_appointment/,1,1,1,1,4
console-v2.omnichat.ai / referral,(referral),遠雄房地產預約賞屋(線上賞屋與預約賞屋),/make_appointment/,1,1,1,1,0
m.facebook.com / referral,(referral),遠雄房地產預約賞屋(線上賞屋與預約賞屋),/make_appointment/,1,1,1,1,0
mkto-sn070013.com / referral,(referral),遠雄房地產預約賞屋(線上賞屋與預約賞屋),/make_appointment/,1,1,1,1,13
tw.search.yahoo.com / referral,(referral),遠雄房地產預約賞屋(線上賞屋與預約賞屋),/make_appointment/,1,1,1,1,11
udn.com / referral,(referral),遠雄房地產預約賞屋(線上賞屋與預約賞屋),/make_appointment/,1,1,1,1,3
fb / bh7,1,遠雄房地產預約賞屋(線上賞屋與預約賞屋),/make_appointment/,1,1,1,1,2
fb / O1,120227538157820464,遠雄房地產預約賞屋(線上賞屋與預約賞屋),/make_appointment/,1,1,1,1,1
5vo1 / 5vo1,202508,遠雄房地產預約賞屋(線上賞屋與預約賞屋),/make_appointment/,1,1,7,7,23
google / cpc,20250918,遠雄房地產預約賞屋(線上賞屋與預約賞屋),/make_appointment/,1,1,1,1,1
google / cpc,O1_競品字_2025.0801,遠雄房地產預約賞屋(線上賞屋與預約賞屋),/make_appointment/,1,1,1,1,10
google / cpc,content,遠雄房地產預約賞屋(線上賞屋與預約賞屋),/make_appointment/,1,1,1,1,7
fgr-line / fgr,expert_hoshichang_video_property_price_20250801,遠雄房地產預約賞屋(線上賞屋與預約賞屋),/make_appointment/,1,1,1,1,3
fgr-line / fgr,expert_zhu_land-deal_20250813,遠雄房地產預約賞屋(線上賞屋與預約賞屋),/make_appointment/,1,1,1,1,22
google / cpc,gdn5-7,遠雄房地產預約賞屋(線上賞屋與預約賞屋),/make_appointment/,1,1,4,4,24
line-lap / bh7,lap-1,遠雄房地產預約賞屋(線上賞屋與預約賞屋),/make_appointment/,1,1,1,1,9
google / cpc,needs,遠雄房地產預約賞屋(線上賞屋與預約賞屋),/make_appointment/,1,1,1,1,86
fb / eh2,privacy,遠雄房地產預約賞屋(線上賞屋與預約賞屋),/make_appointment/,1,1,9,9,132
google / cpc,taipei,遠雄房地產預約賞屋(線上賞屋與預約賞屋),/make_appointment/,1,1,1,1,11
google / organic,(organic),"工法建材,遠雄夏沐-線上接待中心",/method,1,1,2,2,19
(not set),20250919一輪播,"結構工法,遠雄琢蘊-線上接待中心",/method,1,1,1,1,34
google / cpc,pmax-1-anothercity,(1) 封未讀訊息 | 預約賞屋手機驗證 - 遠雄房地產,/mob_verify/,1,1,0,0,1
google / cpc,pmax-1-taichung,(1) 封未讀訊息 | 預約賞屋手機驗證 - 遠雄房地產,/mob_verify/,1,1,0,0,0
(data not available),(cross-network),預約賞屋手機驗證 - 遠雄房地產,/mob_verify/,1,1,1,1,23
line-lap / bh5,(referral),預約賞屋手機驗證 - 遠雄房地產,/mob_verify/,1,1,1,1,12
tw.search.yahoo.com / referral,(referral),預約賞屋手機驗證 - 遠雄房地產,/mob_verify/,1,1,1,1,14
fb / paid,120210744263750402,預約賞屋手機驗證 - 遠雄房地產,/mob_verify/,1,1,1,1,11
fb / paid,120210867110050402,預約賞屋手機驗證 - 遠雄房地產,/mob_verify/,1,1,1,1,27
fb / paid,120224668235420701,預約賞屋手機驗證 - 遠雄房地產,/mob_verify/,1,1,1,1,0
fb / paid,120229456515280138,預約賞屋手機驗證 - 遠雄房地產,/mob_verify/,1,1,1,1,0
ig / paid,120229486957530138,預約賞屋手機驗證 - 遠雄房地產,/mob_verify/,1,1,1,1,21
fb / eh1,2-4,預約賞屋手機驗證 - 遠雄房地產,/mob_verify/,1,1,1,1,34
google / cpc,20250616_品牌字,預約賞屋手機驗證 - 遠雄房地產,/mob_verify/,1,1,1,1,15
google / cpc,20250905五輪播,預約賞屋手機驗證 - 遠雄房地產,/mob_verify/,1,1,1,1,24
(not set),20250919一輪播,預約賞屋手機驗證 - 遠雄房地產,/mob_verify/,1,1,1,1,14
google / cpc,202509_1,預約賞屋手機驗證 - 遠雄房地產,/mob_verify/,1,1,1,1,16
pmp / (not set),6,預約賞屋手機驗證 - 遠雄房地產,/mob_verify/,1,1,1,1,41
fb / bh11,8-1,預約賞屋手機驗證 - 遠雄房地產,/mob_verify/,1,1,1,1,57
fb / bh11,8-3,預約賞屋手機驗證 - 遠雄房地產,/mob_verify/,1,1,1,1,16
fb / eh2,8-6,預約賞屋手機驗證 - 遠雄房地產,/mob_verify/,1,1,1,1,13
fb / eh2,9-1,預約賞屋手機驗證 - 遠雄房地產,/mob_verify/,1,1,1,1,11
fb / eh2,9-2,預約賞屋手機驗證 - 遠雄房地產,/mob_verify/,1,1,1,1,10
fb / bh11,9-3,預約賞屋手機驗證 - 遠雄房地產,/mob_verify/,1,1,1,1,1
fb / eh2,9-4,預約賞屋手機驗證 - 遠雄房地產,/mob_verify/,1,1,1,1,16
fb / h713,99,預約賞屋手機驗證 - 遠雄房地產,/mob_verify/,1,1,1,1,23
google / cpc,CQH1-品牌字,預約賞屋手機驗證 - 遠雄房地產,/mob_verify/,1,1,1,1,8
google / cpc,beitun,預約賞屋手機驗證 - 遠雄房地產,/mob_verify/,1,1,1,1,15
google / cpc,corearea0829,預約賞屋手機驗證 - 遠雄房地產,/mob_verify/,1,1,1,1,32
fgr-line / fgr,expert_hoshichang_video_property_price_20250801,預約賞屋手機驗證 - 遠雄房地產,/mob_verify/,1,1,1,1,21
fb / cqh1,fb-22,預約賞屋手機驗證 - 遠雄房地產,/mob_verify/,1,1,1,1,27
fb / ah2,fb-23,預約賞屋手機驗證 - 遠雄房地產,/mob_verify/,1,1,1,1,13
fb / eh5,fb12-3,預約賞屋手機驗證 - 遠雄房地產,/mob_verify/,1,1,1,1,35
fb / bh8,fb19-1,預約賞屋手機驗證 - 遠雄房地產,/mob_verify/,1,1,1,1,24
fb / fm3,fb2-2,預約賞屋手機驗證 - 遠雄房地產,/mob_verify/,1,1,1,1,14
fb / 8fsl01,fb7-1,預約賞屋手機驗證 - 遠雄房地產,/mob_verify/,1,1,1,1,5
fb / bh10,fbearlybird_form,預約賞屋手機驗證 - 遠雄房地產,/mob_verify/,1,1,1,1,24
fb / bh10,fbfanpage0926event,預約賞屋手機驗證 - 遠雄房地產,/mob_verify/,1,1,1,1,23
google_kw / ah2,googlemap,預約賞屋手機驗證 - 遠雄房地產,/mob_verify/,1,1,1,1,0
leju / eh2,lejuweb,預約賞屋手機驗證 - 遠雄房地產,/mob_verify/,1,1,1,1,34
fgr-line / bh11,listbutton,預約賞屋手機驗證 - 遠雄房地產,/mob_verify/,1,1,2,2,81
google / cpc,type,預約賞屋手機驗證 - 遠雄房地產,/mob_verify/,1,1,1,1,8
web / bh10,web-Google map,預約賞屋手機驗證 - 遠雄房地產,/mob_verify/,1,1,1,1,11
google / cpc,北大店-買房字,預約賞屋手機驗證 - 遠雄房地產,/mob_verify/,1,1,1,1,3
googlemap / o1,googlemap,Distant Friends - Farglory Real Estate,/my-account/,1,1,1,1,15
(not set),(not set),远房好友- 远雄房地产,/my-account/,1,1,1,1,2
(not set),(not set),遠房好友- 遠雄房地產,/my-account/,1,1,1,1,2
google / cpc,(organic),遠房好友- 遠雄房地產,/my-account/,1,1,1,1,7
104.com.tw / referral,(referral),遠房好友- 遠雄房地產,/my-account/,1,1,1,1,1
tw.search.yahoo.com / referral,(referral),遠房好友- 遠雄房地產,/my-account/,1,1,1,1,13
google / cpc,0829,遠房好友- 遠雄房地產,/my-account/,1,1,1,1,0
fb / h713,100,遠房好友- 遠雄房地產,/my-account/,1,1,1,1,30
fb / h713,106,遠房好友- 遠雄房地產,/my-account/,1,1,1,1,0
ig / paid,120224909927020347,遠房好友- 遠雄房地產,/my-account/,1,1,1,1,3
(not set),20250725一輪播,遠房好友- 遠雄房地產,/my-account/,1,1,2,2,6
google / cpc,202509_1,遠房好友- 遠雄房地產,/my-account/,1,1,1,1,2
fb / bh5,45,遠房好友- 遠雄房地產,/my-account/,1,1,1,1,0
pmp / (not set),6,遠房好友- 遠雄房地產,/my-account/,1,1,1,1,1
google_kw / cqh1,brand,遠房好友- 遠雄房地產,/my-account/,1,1,3,3,35
fgr-line / fgr,expert_zhu_land-deal_20250813,遠房好友- 遠雄房地產,/my-account/,1,1,1,1,10
fb / cqh1,fb-22,遠房好友- 遠雄房地產,/my-account/,1,1,1,1,0
fb / ah2,fb-36,遠房好友- 遠雄房地產,/my-account/,1,1,1,1,0
fb / ar1,fb1-3,遠房好友- 遠雄房地產,/my-account/,1,1,1,1,0
fb / cgh01,fb12-1,遠房好友- 遠雄房地產,/my-account/,1,1,1,1,2
socialmedia / fgr,fb20250905,遠房好友- 遠雄房地產,/my-account/,1,1,1,1,5
googlemap / o1,googlemap,遠房好友- 遠雄房地產,/my-account/,1,1,1,1,10
line-lap / bh10,line-lap20256-8,遠房好友- 遠雄房地產,/my-account/,1,1,1,1,0
webforum / h713,monster,遠房好友- 遠雄房地產,/my-account/,1,1,1,1,0
google / cpc,needs,遠房好友- 遠雄房地產,/my-account/,1,1,1,1,8
google / cpc,pmax-1-anothercity,遠房好友- 遠雄房地產,/my-account/,1,1,1,1,2
fb / ar1,privacy,遠房好友- 遠雄房地產,/my-account/,1,1,1,1,0
fb / eh5,privacy,遠房好友- 遠雄房地產,/my-account/,1,1,7,7,170
fb / hch1,privacy,遠房好友- 遠雄房地產,/my-account/,1,1,1,1,0
(direct) / (none),(direct),找不到頁面 - 遠雄房地產,/news/estate/details/159,1,1,1,1,7
mkto-sn070013.com / referral,(referral),2025十月主題報 - 遠雄房地產,/oct2025/,1,1,2,2,3
statics.teams.cdn.office.net / referral,(referral),2025十月主題報 - 遠雄房地產,/oct2025/,1,1,2,2,4
google / organic,(organic),找不到頁面 - 遠雄房地產,/oct2025/,1,1,1,1,0
google / organic,(organic),您正在找 - 頁2，共11 - 遠雄房地產,/page/2/,1,1,1,1,28
google / cpc,O1_地區字_2025.0801,您正在找 - 頁2，共11 - 遠雄房地產,/page/2/,1,1,1,1,28
excel.officeapps.live.com / referral,(referral),您正在找 - 頁2，共2 - 遠雄房地產,/page/2/,1,1,1,1,4
google / organic,(organic),您正在找 - 頁2，共3 - 遠雄房地產,/page/2/,1,1,1,1,2
(not set),20250905五輪播,您正在找 - 頁2，共3 - 遠雄房地產,/page/2/,1,1,1,1,23
google / cpc,遠雄幸福成_H713_關鍵字_0516_外縣市,您正在找 - 頁2，共3 - 遠雄房地產,/page/2/,1,1,0,0,93
(not set),20250905五輪播,您正在找 - 頁2，共7 - 遠雄房地產,/page/2/,1,1,1,1,6
google / organic,(organic),您正在找 - 頁3，共11 - 遠雄房地產,/page/3/,1,1,1,1,11
excel.officeapps.live.com / referral,(referral),您正在找 - 頁3，共6 - 遠雄房地產,/page/3/,1,1,1,1,7
excel.officeapps.live.com / referral,(referral),您正在找 - 頁4，共6 - 遠雄房地產,/page/4/,1,1,1,1,6
excel.officeapps.live.com / referral,(referral),您正在找 - 頁4，共7 - 遠雄房地產,/page/4/,1,1,0,0,0
(not set),20250905五輪播,您正在找 - 頁4，共7 - 遠雄房地產,/page/4/,1,1,1,1,4
google / cpc,(referral),【遠雄樂元】北屯機捷X好市多，雙首排大道最核心，夠近才最好,/pagead/aclk,1,1,1,1,1
(not set),(not set),聯上智科｜北士科AI總部 輝達核心軸線 -台北市北投區商辦/預售新建案-預約賞屋，遠創力行銷,/pagead/aclk,1,1,1,1,0
google / cpc,(not set),聯上智科｜北士科AI總部 輝達核心軸線 -台北市北投區商辦/預售新建案-預約賞屋，遠創力行銷,/pagead/aclk,1,1,1,1,0
google / cpc,(referral),遠雄一靚｜楠梓新案．高大特區首發｜早鳥預約中,/pagead/aclk,1,1,1,1,0
google / cpc,(not set),齊興_緻-台北市北投區/北士科住宅預售屋,/pagead/aclk,1,1,2,2,0
(data not available),(cross-network),Pernyataan Privasi - Farglory Real Estate,/privacy/,1,1,0,0,14
line / ah2-message,(not set),隱私權聲明 - 遠雄房地產,/privacy/,1,1,1,1,9
facebook.com / referral,(referral),隱私權聲明 - 遠雄房地產,/privacy/,1,1,1,1,0
farglory.surveycake.com / referral,(referral),隱私權聲明 - 遠雄房地產,/privacy/,1,1,1,1,0
localhost / referral,(referral),隱私權聲明 - 遠雄房地產,/privacy/,1,1,1,1,0
mkto-sn070013.com / referral,(referral),隱私權聲明 - 遠雄房地產,/privacy/,1,1,1,1,0
line-lap / dh2,12,隱私權聲明 - 遠雄房地產,/privacy/,1,1,1,1,109
fb / O1,120227538157820464,隱私權聲明 - 遠雄房地產,/privacy/,1,1,1,1,1
fb / h707,19,隱私權聲明 - 遠雄房地產,/privacy/,1,1,1,1,2
google / cpc,20250616_台北豪宅/別墅,隱私權聲明 - 遠雄房地產,/privacy/,1,1,2,2,6
gdn / ar1,20250718,隱私權聲明 - 遠雄房地產,/privacy/,1,1,1,1,0
google / cpc,20250829,隱私權聲明 - 遠雄房地產,/privacy/,1,1,1,1,67
google / cpc,20250905五輪播,隱私權聲明 - 遠雄房地產,/privacy/,1,1,1,1,4
line / bh11,20250918,隱私權聲明 - 遠雄房地產,/privacy/,1,1,1,1,1
fb / h707,8,隱私權聲明 - 遠雄房地產,/privacy/,1,1,1,1,2
fb / bh11,9-5,隱私權聲明 - 遠雄房地產,/privacy/,1,1,1,1,0
google / cpc,CQH1-競品字,隱私權聲明 - 遠雄房地產,/privacy/,1,1,1,1,65
google / cpc,H707video_c,隱私權聲明 - 遠雄房地產,/privacy/,1,1,19,19,2260
fgr-line / fgr,expert_law_y-rlee_builder1_20250324,隱私權聲明 - 遠雄房地產,/privacy/,1,1,1,1,17
socialmedia / fgr,fb,隱私權聲明 - 遠雄房地產,/privacy/,1,1,1,1,716
fb / cqh1,fb-9,隱私權聲明 - 遠雄房地產,/privacy/,1,1,1,1,3
fb / eh5,fb24,隱私權聲明 - 遠雄房地產,/privacy/,1,1,1,1,2
fb / eh5,form,隱私權聲明 - 遠雄房地產,/privacy/,1,1,1,1,0
fb / fm3,formbutton,隱私權聲明 - 遠雄房地產,/privacy/,1,1,1,1,0
gdn / bh10,gdn20252-5,隱私權聲明 - 遠雄房地產,/privacy/,1,1,1,1,7
google_kw / ah2,googlemap,隱私權聲明 - 遠雄房地產,/privacy/,1,1,1,1,0
fb_kol / fb_kol,h102,隱私權聲明 - 遠雄房地產,/privacy/,1,1,1,1,12
google-map / (not set),h707,隱私權聲明 - 遠雄房地產,/privacy/,1,1,1,1,7
line-lap / ah2,lap-1,隱私權聲明 - 遠雄房地產,/privacy/,1,1,1,1,149
fb / 8fsl01,leads,隱私權聲明 - 遠雄房地產,/privacy/,1,1,1,1,2
fb / ar1,leads,隱私權聲明 - 遠雄房地產,/privacy/,1,1,3,3,83
fb / bh8,leads,隱私權聲明 - 遠雄房地產,/privacy/,1,1,1,1,129
fb / eh2,leads,隱私權聲明 - 遠雄房地產,/privacy/,1,1,1,1,51
line-lap / bh10,line-lap20257-5,隱私權聲明 - 遠雄房地產,/privacy/,1,1,1,1,1
fb / eh5,privacy,隱私權聲明 - 遠雄房地產,/privacy/,1,1,1,1,20
fb / fm3,privacy,隱私權聲明 - 遠雄房地產,/privacy/,1,1,1,1,239
fb / hch1,privacy,隱私權聲明 - 遠雄房地產,/privacy/,1,1,2,2,6
fgr-line / fgr,space_furnish_kitchen_20240102,隱私權聲明 - 遠雄房地產,/privacy/,1,1,1,1,19
google / cpc,taipei,隱私權聲明 - 遠雄房地產,/privacy/,1,1,2,2,5
google / cpc,type,隱私權聲明 - 遠雄房地產,/privacy/,1,1,1,1,9
(direct) / (none),(direct),蕭文星業務個人介紹 - 聯上智科,/sales/5VO1/B2280/,1,1,1,1,39
google / organic,(organic),蕭文星業務個人介紹 - 聯上智科,/sales/5VO1/B2280/,1,1,1,1,4
tw.search.yahoo.com / referral,(referral),蕭文星業務個人介紹 - 聯上智科,/sales/5VO1/B2280/,1,1,1,1,8
google / cpc,202509_ex5,蕭文星業務個人介紹 - 聯上智科,/sales/5VO1/B2280/,1,1,1,1,19
tw.search.yahoo.com / referral,(referral),張寶容業務個人介紹 - 聯上智科,/sales/5VO1/G0389/,1,1,1,1,2
webnews / 5vo1,202508,張寶容業務個人介紹 - 聯上智科,/sales/5VO1/G0389/,1,1,1,1,7
fb / 5vo1,2025090501,張寶容業務個人介紹 - 聯上智科,/sales/5VO1/G0389/,1,1,1,1,1
google / cpc,gdn-01,張寶容業務個人介紹 - 聯上智科,/sales/5VO1/G0389/,1,1,1,1,1
google / cpc,gdn-02,張寶容業務個人介紹 - 聯上智科,/sales/5VO1/G0389/,1,1,1,1,12
socialmedia / fgr,ig,張寶容業務個人介紹 - 聯上智科,/sales/5VO1/G0389/,1,1,1,1,0
google / cpc,project,張寶容業務個人介紹 - 聯上智科,/sales/5VO1/G0389/,1,1,1,1,10
(direct) / (none),(direct),洪雅玲業務個人介紹 - 聯上智科,/sales/5VO1/G0521/,1,1,1,1,9
tw.search.yahoo.com / referral,(referral),洪雅玲業務個人介紹 - 聯上智科,/sales/5VO1/G0521/,1,1,1,1,4
fb / 5vo1,2025090502,洪雅玲業務個人介紹 - 聯上智科,/sales/5VO1/G0521/,1,1,1,1,1
google / cpc,202509_ex5,洪雅玲業務個人介紹 - 聯上智科,/sales/5VO1/G0521/,1,1,2,2,3
google / cpc,project,洪雅玲業務個人介紹 - 聯上智科,/sales/5VO1/G0521/,1,1,1,1,19
(not set),20250905五輪播,蘇峰正業務個人介紹 - 聯上智科,/sales/5VO1/G0729/,1,1,1,1,9
google / cpc,gdn-01,蘇峰正業務個人介紹 - 聯上智科,/sales/5VO1/G0729/,1,1,1,1,1
google / organic,(organic),賴林蔚業務個人介紹 - 遠創力行銷-未來店,/sales/8HGS01/B6110/,1,1,1,1,0
google / organic,(organic),黃瑄賢業務個人介紹 - 遠創力行銷-未來店,/sales/8HGS01/G0248/,1,1,2,2,134
tw.search.yahoo.com / referral,(referral),黃瑄賢業務個人介紹 - 遠創力行銷-未來店,/sales/8HGS01/G0248/,1,1,1,1,18
google / organic,(organic),許美淑業務個人介紹 - 遠雄商用不動產(林口龜山),/sales/HM2/B1535/,1,1,1,1,34
tw.search.yahoo.com / referral,(referral),周玟儀業務個人介紹 - 遠雄商用不動產(林口龜山),/sales/HM2/G0281/,1,1,1,1,2
tw.search.yahoo.com / referral,(referral),詹婷婷業務個人介紹 - 遠雄商用不動產(林口龜山),/sales/HM2/G0531/,1,1,1,1,8
google / cpc,pmax-1-anothercity,詹婷婷業務個人介紹 - 遠雄商用不動產(林口龜山),/sales/HM2/G0531/,1,1,1,1,6
google / organic,(organic),張益捷業務個人介紹 - 遠雄商用不動產(林口龜山),/sales/HM2/G0631/,1,1,1,1,3
tw.search.yahoo.com / referral,(referral),張益捷業務個人介紹 - 遠雄商用不動產(林口龜山),/sales/HM2/G0631/,1,1,2,2,12
google / organic,(organic),洪瑞鴻業務個人介紹 - 遠雄商用不動產(林口龜山),/sales/HM2/G0642/,1,1,1,1,1
google / cpc,pmax-1-anothercity,陳榮慶業務個人介紹 - 遠雄商用不動產(林口龜山),/sales/HM2/G0798/,1,1,1,1,10
bing / organic,(organic),薛品涵業務個人介紹 - 遠雄THE ONE,/sales/O1/B4860/,1,1,1,1,21
google / cpc,brand,薛品涵業務個人介紹 - 遠雄THE ONE,/sales/O1/B4860/,1,1,1,1,6
web-ltn / o1,web-ltn,薛品涵業務個人介紹 - 遠雄THE ONE,/sales/O1/B4860/,1,1,1,1,24
bing / organic,(organic),馬一鳴業務個人介紹 - 遠雄THE ONE,/sales/O1/B5948/,1,1,1,1,26
google / cpc,O1_競品字_2025.0801,馬一鳴業務個人介紹 - 遠雄THE ONE,/sales/O1/B5948/,1,1,1,1,1
google / cpc,brand,馬一鳴業務個人介紹 - 遠雄THE ONE,/sales/O1/B5948/,1,1,1,1,10
web-ltn / o1,web-ltn,馬一鳴業務個人介紹 - 遠雄THE ONE,/sales/O1/B5948/,1,1,1,1,10
(direct) / (none),(direct),蔡慧祈業務個人介紹 - 遠雄THE ONE,/sales/O1/G1052/,1,1,1,1,1
bing / organic,(organic),蔡慧祈業務個人介紹 - 遠雄THE ONE,/sales/O1/G1052/,1,1,1,1,11
tw.search.yahoo.com / referral,(referral),蔡慧祈業務個人介紹 - 遠雄THE ONE,/sales/O1/G1052/,1,1,2,2,45
google / cpc,O1_品牌字_2025.0801,蔡慧祈業務個人介紹 - 遠雄THE ONE,/sales/O1/G1052/,1,1,1,1,2
google / cpc,O1_競品字_2025.0801,蔡慧祈業務個人介紹 - 遠雄THE ONE,/sales/O1/G1052/,1,1,1,1,15
google / cpc,brand,蔡慧祈業務個人介紹 - 遠雄THE ONE,/sales/O1/G1052/,1,1,1,1,10
web-ltn / o1,web-ltn,蔡慧祈業務個人介紹 - 遠雄THE ONE,/sales/O1/G1052/,1,1,1,1,7
google_kw / ah2,googlemap,蔡定誠業務個人介紹 - 遠雄泱玥,/sales/ah2/B4720/,1,1,1,1,0
google_kw / ah2,googlemap,呂昭助業務個人介紹 - 遠雄泱玥,/sales/ah2/B5030/,1,1,1,1,0
(direct) / (none),(direct),李珮綺業務個人介紹 - 遠雄泱玥,/sales/ah2/B5652/,1,1,1,1,0
google / organic,(organic),李珮綺業務個人介紹 - 遠雄泱玥,/sales/ah2/B5652/,1,1,1,1,8
fb / ah2,fb-28,李珮綺業務個人介紹 - 遠雄泱玥,/sales/ah2/B5652/,1,1,1,1,0
google / cpc,(organic),周繹加業務個人介紹 - 遠雄泱玥,/sales/ah2/B5654/,1,1,1,1,7
google / organic,(organic),莊博謙業務個人介紹 - 遠雄泱玥,/sales/ah2/B5779/,1,1,1,1,12
fb / paid,120210867110050402,鄭家昇業務個人介紹 - 遠雄泱玥,/sales/ah2/B5805/,1,1,1,1,73
web-ettoday / ah2,20250911-57P,鄭家昇業務個人介紹 - 遠雄泱玥,/sales/ah2/B5805/,1,1,1,1,6
leju / ah2,lejupage,鄭家昇業務個人介紹 - 遠雄泱玥,/sales/ah2/B5805/,1,1,1,1,5
google / cpc,(organic),黃建璋業務個人介紹 - 遠雄泱玥,/sales/ah2/B5930/,1,1,1,1,4
web-ettoday / ah2,20250911-57P,黃建璋業務個人介紹 - 遠雄泱玥,/sales/ah2/B5930/,1,1,1,1,2
google_kw / ah2,googlemap,黃建璋業務個人介紹 - 遠雄泱玥,/sales/ah2/B5930/,1,1,1,1,1
(direct) / (none),(direct),趙偉傑業務個人介紹 - 遠雄泱玥,/sales/ah2/G0106/,1,1,1,1,2
fb / ah2,fb-27,趙偉傑業務個人介紹 - 遠雄泱玥,/sales/ah2/G0106/,1,1,1,1,0
fb / ah2,fb-29,趙偉傑業務個人介紹 - 遠雄泱玥,/sales/ah2/G0106/,1,1,1,1,0
google / organic,(organic),陳怡靜業務個人介紹 - 遠雄泱玥,/sales/ah2/G0116/,1,1,1,1,5
fb / ah2,fb-28,陳怡靜業務個人介紹 - 遠雄泱玥,/sales/ah2/G0116/,1,1,1,1,5
fb / ah2,fb-28,鍾辰亞業務個人介紹 - 遠雄泱玥,/sales/ah2/G0215/,1,1,1,1,9
(data not available),(cross-network),蔡姈君業務個人介紹 - 齊興緻,/sales/ar1/B1716/,1,1,1,1,23
google / cpc,20250718,蔡姈君業務個人介紹 - 齊興緻,/sales/ar1/B1716/,1,1,1,1,9
line-lap / ar1,20250718,蔡姈君業務個人介紹 - 齊興緻,/sales/ar1/B1716/,1,1,1,1,6
fb / ar1,fb1-3,蔡姈君業務個人介紹 - 齊興緻,/sales/ar1/B1716/,1,1,1,1,5
google / cpc,20250616_台北豪宅/別墅,鍾坤霖業務個人介紹 - 齊興緻,/sales/ar1/B2509/,1,1,1,1,22
google / cpc,20250718,鍾坤霖業務個人介紹 - 齊興緻,/sales/ar1/B2509/,1,1,1,1,1
(data not available),(cross-network),林白芷業務個人介紹 - 齊興緻,/sales/ar1/B3622/,1,1,2,2,49
google / cpc,brand,林白芷業務個人介紹 - 齊興緻,/sales/ar1/B3622/,1,1,1,1,11
fb / ar1,fb1-3,林白芷業務個人介紹 - 齊興緻,/sales/ar1/B3622/,1,1,1,1,0
fb / ar1,fb4-1,林白芷業務個人介紹 - 齊興緻,/sales/ar1/B3622/,1,1,1,1,1
fb / ar1,fb4-3,林白芷業務個人介紹 - 齊興緻,/sales/ar1/B3622/,1,1,1,1,0
fb / ar1,leads,林白芷業務個人介紹 - 齊興緻,/sales/ar1/B3622/,1,1,1,1,3
(data not available),(cross-network),吳若榆業務個人介紹 - 齊興緻,/sales/ar1/B4125/,1,1,1,1,17
google / organic,(organic),吳若榆業務個人介紹 - 齊興緻,/sales/ar1/B4125/,1,1,1,1,2
google / cpc,20250616_台北豪宅/別墅,吳若榆業務個人介紹 - 齊興緻,/sales/ar1/B4125/,1,1,3,3,50
google / cpc,20250616_台北豪宅/別墅,邱美鈴業務個人介紹 - 齊興緻,/sales/ar1/B5758/,1,1,1,1,5
google / cpc,20250616_品牌字,邱美鈴業務個人介紹 - 齊興緻,/sales/ar1/B5758/,1,1,1,1,0
google / cpc,20250718,邱美鈴業務個人介紹 - 齊興緻,/sales/ar1/B5758/,1,1,1,1,3
line-lap / ar1,20250718,邱美鈴業務個人介紹 - 齊興緻,/sales/ar1/B5758/,1,1,1,1,7
(not set),20250919一輪播,邱美鈴業務個人介紹 - 齊興緻,/sales/ar1/B5758/,1,1,0,0,0
(data not available),(cross-network),陳驊廷業務個人介紹 - 齊興緻,/sales/ar1/G0141/,1,1,1,1,186
google / organic,(organic),陳驊廷業務個人介紹 - 齊興緻,/sales/ar1/G0141/,1,1,1,1,8
google / cpc,20250718,陳驊廷業務個人介紹 - 齊興緻,/sales/ar1/G0141/,1,1,1,1,0
line-lap / ar1,20250718,陳驊廷業務個人介紹 - 齊興緻,/sales/ar1/G0141/,1,1,1,1,8
(not set),20250905五輪播,陳驊廷業務個人介紹 - 齊興緻,/sales/ar1/G0141/,1,1,0,0,0
google / cpc,extension,陳驊廷業務個人介紹 - 齊興緻,/sales/ar1/G0141/,1,1,1,1,0
google / organic,(organic),呂柔誼業務個人介紹 - 齊興緻,/sales/ar1/G0155/,1,1,1,1,51
google / cpc,20250718,呂柔誼業務個人介紹 - 齊興緻,/sales/ar1/G0155/,1,1,1,1,2
line-lap / ar1,20250718,呂柔誼業務個人介紹 - 齊興緻,/sales/ar1/G0155/,1,1,1,1,5
google / cpc,extension,呂柔誼業務個人介紹 - 齊興緻,/sales/ar1/G0155/,1,1,1,1,0
google / cpc,20250616_台北豪宅/別墅,戴嘉嫻業務個人介紹 - 齊興緻,/sales/ar1/G0247/,1,1,1,1,4
google / cpc,20250616_品牌字,戴嘉嫻業務個人介紹 - 齊興緻,/sales/ar1/G0247/,1,1,1,1,4
google / cpc,20250718,戴嘉嫻業務個人介紹 - 齊興緻,/sales/ar1/G0247/,1,1,1,1,4
line-lap / ar1,20250718,戴嘉嫻業務個人介紹 - 齊興緻,/sales/ar1/G0247/,1,1,1,1,7
google / cpc,extension,戴嘉嫻業務個人介紹 - 齊興緻,/sales/ar1/G0247/,1,1,1,1,5
google / cpc,(organic),周卉雯業務個人介紹 - 遠雄敦富,/sales/bh10/B3081/,1,1,1,1,4
fb / bh10,fbfanpage0801,周卉雯業務個人介紹 - 遠雄敦富,/sales/bh10/B3081/,1,1,1,1,0
google / cpc,gdn20257-5,周卉雯業務個人介紹 - 遠雄敦富,/sales/bh10/B3081/,1,1,1,1,1
leju / bh10,leju,周卉雯業務個人介紹 - 遠雄敦富,/sales/bh10/B3081/,1,1,1,1,5
(data not available),(cross-network),林怡業務個人介紹 - 遠雄敦富,/sales/bh10/B5578/,1,1,1,1,3
(direct) / (none),(direct),林怡業務個人介紹 - 遠雄敦富,/sales/bh10/B5578/,1,1,1,1,0
google / cpc,0829,林怡業務個人介紹 - 遠雄敦富,/sales/bh10/B5578/,1,1,2,2,17
(not set),20250905五輪播,林怡業務個人介紹 - 遠雄敦富,/sales/bh10/B5578/,1,1,0,0,41
google / cpc,20250905五輪播,林怡業務個人介紹 - 遠雄敦富,/sales/bh10/B5578/,1,1,1,1,2
google / cpc,CQH1-地區字,林怡業務個人介紹 - 遠雄敦富,/sales/bh10/B5578/,1,1,1,1,10
google / cpc,beitun,林怡業務個人介紹 - 遠雄敦富,/sales/bh10/B5578/,1,1,1,1,0
fb / bh10,fbearlybird_form,林怡業務個人介紹 - 遠雄敦富,/sales/bh10/B5578/,1,1,1,1,0
fb / bh10,fbfanpage0801,林怡業務個人介紹 - 遠雄敦富,/sales/bh10/B5578/,1,1,2,2,0
google / cpc,gdn20257-1,林怡業務個人介紹 - 遠雄敦富,/sales/bh10/B5578/,1,1,1,1,26
google / cpc,gdn20257-5,林怡業務個人介紹 - 遠雄敦富,/sales/bh10/B5578/,1,1,1,1,1
leju / bh10,leju,林怡業務個人介紹 - 遠雄敦富,/sales/bh10/B5578/,1,1,1,1,7
line-lap / bh10,line-lap20257-1,林怡業務個人介紹 - 遠雄敦富,/sales/bh10/B5578/,1,1,2,2,4
google / cpc,othercities_brand,林怡業務個人介紹 - 遠雄敦富,/sales/bh10/B5578/,1,1,1,1,7
web / bh10,web-Google map,林怡業務個人介紹 - 遠雄敦富,/sales/bh10/B5578/,1,1,1,1,760
(direct) / (none),(direct),謝欣學業務個人介紹 - 遠雄敦富,/sales/bh10/B5736/,1,1,1,1,4
google / organic,(organic),謝欣學業務個人介紹 - 遠雄敦富,/sales/bh10/B5736/,1,1,1,1,1
tw.search.yahoo.com / referral,(referral),謝欣學業務個人介紹 - 遠雄敦富,/sales/bh10/B5736/,1,1,1,1,14
google / cpc,0829,謝欣學業務個人介紹 - 遠雄敦富,/sales/bh10/B5736/,1,1,2,2,26
(not set),20250808一輪播,謝欣學業務個人介紹 - 遠雄敦富,/sales/bh10/B5736/,1,1,1,1,2
(not set),20250905五輪播,謝欣學業務個人介紹 - 遠雄敦富,/sales/bh10/B5736/,1,1,1,1,3
google / cpc,beitun,謝欣學業務個人介紹 - 遠雄敦富,/sales/bh10/B5736/,1,1,1,1,0
google / cpc,gdn20256-8,謝欣學業務個人介紹 - 遠雄敦富,/sales/bh10/B5736/,1,1,1,1,7
google / cpc,gdn20257-1,謝欣學業務個人介紹 - 遠雄敦富,/sales/bh10/B5736/,1,1,1,1,23
(data not available),(cross-network),李心心業務個人介紹 - 遠雄敦富,/sales/bh10/G0599/,1,1,1,1,5
(direct) / (none),(direct),李心心業務個人介紹 - 遠雄敦富,/sales/bh10/G0599/,1,1,1,1,0
console-v2.omnichat.ai / referral,(referral),李心心業務個人介紹 - 遠雄敦富,/sales/bh10/G0599/,1,1,1,1,2
tw.search.yahoo.com / referral,(referral),李心心業務個人介紹 - 遠雄敦富,/sales/bh10/G0599/,1,1,1,1,26
google / cpc,0829,李心心業務個人介紹 - 遠雄敦富,/sales/bh10/G0599/,1,1,1,1,19
(not set),20250808一輪播,李心心業務個人介紹 - 遠雄敦富,/sales/bh10/G0599/,1,1,1,1,9
(not set),20250905五輪播,李心心業務個人介紹 - 遠雄敦富,/sales/bh10/G0599/,1,1,1,1,0
google / cpc,20250905五輪播,李心心業務個人介紹 - 遠雄敦富,/sales/bh10/G0599/,1,1,1,1,2
google / cpc,competitor/,李心心業務個人介紹 - 遠雄敦富,/sales/bh10/G0599/,1,1,1,1,13
fb / bh10,fbearlybird_form,李心心業務個人介紹 - 遠雄敦富,/sales/bh10/G0599/,1,1,1,1,18
fb / bh10,fbfanpage0801,李心心業務個人介紹 - 遠雄敦富,/sales/bh10/G0599/,1,1,2,2,4
google / cpc,gdn20257-1,李心心業務個人介紹 - 遠雄敦富,/sales/bh10/G0599/,1,1,1,1,34
leju / bh10,leju,李心心業務個人介紹 - 遠雄敦富,/sales/bh10/G0599/,1,1,1,1,1
web-udn / bh10,webudn0919,李心心業務個人介紹 - 遠雄敦富,/sales/bh10/G0599/,1,1,1,1,8
bing / organic,(organic),許哲瑋業務個人介紹 - 遠雄敦富,/sales/bh10/G0605/,1,1,1,1,0
google / cpc,(organic),駱奕辰業務個人介紹 - 遠雄敦富,/sales/bh10/G1033/,1,1,1,1,1
tw.search.yahoo.com / referral,(referral),駱奕辰業務個人介紹 - 遠雄敦富,/sales/bh10/G1033/,1,1,1,1,9
(not set),20250808一輪播,駱奕辰業務個人介紹 - 遠雄敦富,/sales/bh10/G1033/,1,1,1,1,19
(not set),20250905五輪播,駱奕辰業務個人介紹 - 遠雄敦富,/sales/bh10/G1033/,1,1,1,1,0
google / cpc,beitun,駱奕辰業務個人介紹 - 遠雄敦富,/sales/bh10/G1033/,1,1,1,1,3
google / cpc,gdn20256-8,駱奕辰業務個人介紹 - 遠雄敦富,/sales/bh10/G1033/,1,1,1,1,4
web / bh10,web-Google map,駱奕辰業務個人介紹 - 遠雄敦富,/sales/bh10/G1033/,1,1,1,1,0
web-udn / bh10,webudn0919,駱奕辰業務個人介紹 - 遠雄敦富,/sales/bh10/G1033/,1,1,1,1,6
bing / organic,(organic),王庭歡業務個人介紹 - 遠雄敦富,/sales/bh10/G1057/,1,1,1,1,0
tw.search.yahoo.com / referral,(referral),王庭歡業務個人介紹 - 遠雄敦富,/sales/bh10/G1057/,1,1,3,3,40
(not set),20250905五輪播,王庭歡業務個人介紹 - 遠雄敦富,/sales/bh10/G1057/,1,1,0,0,0
google / cpc,20250905五輪播,王庭歡業務個人介紹 - 遠雄敦富,/sales/bh10/G1057/,1,1,3,3,12
google / cpc,brand,王庭歡業務個人介紹 - 遠雄敦富,/sales/bh10/G1057/,1,1,1,1,5
fb / bh10,fbfanpage,王庭歡業務個人介紹 - 遠雄敦富,/sales/bh10/G1057/,1,1,1,1,11
fb / bh10,fbfanpage0801,王庭歡業務個人介紹 - 遠雄敦富,/sales/bh10/G1057/,1,1,3,3,0
google / cpc,gdn20257-5,王庭歡業務個人介紹 - 遠雄敦富,/sales/bh10/G1057/,1,1,1,1,0
fgr-line / bh11,listbutton,王庭歡業務個人介紹 - 遠雄敦富,/sales/bh10/G1057/,1,1,1,1,0
localhost:8080 / referral,(referral),黃郁恬業務個人介紹 - 遠雄丰尚,/sales/bh11/G0335/,1,1,1,1,7
(not set),20250919一輪播,黃郁恬業務個人介紹 - 遠雄丰尚,/sales/bh11/G0335/,1,1,1,1,3
fb / bh11,8-1,黃郁恬業務個人介紹 - 遠雄丰尚,/sales/bh11/G0335/,1,1,1,1,0
fb / bh11,9-1,黃郁恬業務個人介紹 - 遠雄丰尚,/sales/bh11/G0335/,1,1,1,1,3
fb / bh11,9-5,黃郁恬業務個人介紹 - 遠雄丰尚,/sales/bh11/G0335/,1,1,1,1,2
google / cpc,brand0829,黃郁恬業務個人介紹 - 遠雄丰尚,/sales/bh11/G0335/,1,1,2,2,8
google / cpc,competitor0829,黃郁恬業務個人介紹 - 遠雄丰尚,/sales/bh11/G0335/,1,1,1,1,23
google / cpc,content,黃郁恬業務個人介紹 - 遠雄丰尚,/sales/bh11/G0335/,1,1,1,1,1
google / cpc,corearea0829,黃郁恬業務個人介紹 - 遠雄丰尚,/sales/bh11/G0335/,1,1,1,1,0
fb / bh11,fanpagebutton,黃郁恬業務個人介紹 - 遠雄丰尚,/sales/bh11/G0335/,1,1,1,1,10
(direct) / (none),(direct),黃子霏業務個人介紹 - 遠雄丰尚,/sales/bh11/G0630/,1,1,1,1,6
localhost:8080 / referral,(referral),黃子霏業務個人介紹 - 遠雄丰尚,/sales/bh11/G0630/,1,1,1,1,7
google / cpc,0829,黃子霏業務個人介紹 - 遠雄丰尚,/sales/bh11/G0630/,1,1,1,1,6
google / cpc,20250829,黃子霏業務個人介紹 - 遠雄丰尚,/sales/bh11/G0630/,1,1,2,2,15
(not set),20250905五輪播,黃子霏業務個人介紹 - 遠雄丰尚,/sales/bh11/G0630/,1,1,1,1,1
line / bh11,20250918,黃子霏業務個人介紹 - 遠雄丰尚,/sales/bh11/G0630/,1,1,1,1,33
fb / bh11,8-2,黃子霏業務個人介紹 - 遠雄丰尚,/sales/bh11/G0630/,1,1,1,1,2
fb / bh11,9-1,黃子霏業務個人介紹 - 遠雄丰尚,/sales/bh11/G0630/,1,1,1,1,2
google / cpc,brand,黃子霏業務個人介紹 - 遠雄丰尚,/sales/bh11/G0630/,1,1,1,1,6
google / cpc,brand0829,黃子霏業務個人介紹 - 遠雄丰尚,/sales/bh11/G0630/,1,1,1,1,2
google / cpc,competitor0829,黃子霏業務個人介紹 - 遠雄丰尚,/sales/bh11/G0630/,1,1,1,1,7
fgr-line / bh11,listbutton,黃子霏業務個人介紹 - 遠雄丰尚,/sales/bh11/G0630/,1,1,1,1,6
google / organic,(organic),顏秉豊業務個人介紹 - 遠雄琉蘊,/sales/bh5/B5881/,1,1,1,1,7
line-lap / bh5,(referral),顏秉豊業務個人介紹 - 遠雄琉蘊,/sales/bh5/B5881/,1,1,1,1,2
google / cpc,19,顏秉豊業務個人介紹 - 遠雄琉蘊,/sales/bh5/B5881/,1,1,1,1,5
fb / bh5,46,顏秉豊業務個人介紹 - 遠雄琉蘊,/sales/bh5/B5881/,1,1,1,1,1
google / cpc,brand,顏秉豊業務個人介紹 - 遠雄琉蘊,/sales/bh5/B5881/,1,1,1,1,17
(data not available),(cross-network),葉淯蓁業務個人介紹 - 遠雄樂元,/sales/bh7/B6099/,1,1,1,1,9
fb / bh7,1,葉淯蓁業務個人介紹 - 遠雄樂元,/sales/bh7/B6099/,1,1,1,1,0
fb / bh7,2,葉淯蓁業務個人介紹 - 遠雄樂元,/sales/bh7/B6099/,1,1,1,1,23
google / cpc,20250905五輪播,葉淯蓁業務個人介紹 - 遠雄樂元,/sales/bh7/B6099/,1,1,1,1,16
line / 8fsl01,20250905五輪播,葉淯蓁業務個人介紹 - 遠雄樂元,/sales/bh7/B6099/,1,1,2,2,11
google / cpc,competitor,葉淯蓁業務個人介紹 - 遠雄樂元,/sales/bh7/B6099/,1,1,1,1,3
fb / bh7,fbpage,葉淯蓁業務個人介紹 - 遠雄樂元,/sales/bh7/B6099/,1,1,1,1,0
line-fgr / bh7,linefgrbh7,葉淯蓁業務個人介紹 - 遠雄樂元,/sales/bh7/B6099/,1,1,1,1,36
google / cpc,taichung,葉淯蓁業務個人介紹 - 遠雄樂元,/sales/bh7/B6099/,1,1,1,1,4
google / cpc,(organic),林芸安業務個人介紹 - 遠雄樂元,/sales/bh7/B6129/,1,1,1,1,6
tw.search.yahoo.com / referral,(referral),林芸安業務個人介紹 - 遠雄樂元,/sales/bh7/B6129/,1,1,1,1,12
fb / bh7,1,林芸安業務個人介紹 - 遠雄樂元,/sales/bh7/B6129/,1,1,1,1,7
line-fgr / bh7,linefgrbh7,林芸安業務個人介紹 - 遠雄樂元,/sales/bh7/B6129/,1,1,1,1,8
google / cpc,othercities_brand,林芸安業務個人介紹 - 遠雄樂元,/sales/bh7/B6129/,1,1,2,2,10
google / cpc,pmax-1-anothercity,林芸安業務個人介紹 - 遠雄樂元,/sales/bh7/B6129/,1,1,1,1,2
google / cpc,(organic),魏祥桐業務個人介紹 - 遠雄樂元,/sales/bh7/G0306/,1,1,1,1,2
fb / bh7,1,魏祥桐業務個人介紹 - 遠雄樂元,/sales/bh7/G0306/,1,1,1,1,4
fbpage / 5vo1,202509,魏祥桐業務個人介紹 - 遠雄樂元,/sales/bh7/G0306/,1,1,1,1,13
google / cpc,20250905五輪播,魏祥桐業務個人介紹 - 遠雄樂元,/sales/bh7/G0306/,1,1,1,1,1
(not set),20250919一輪播,魏祥桐業務個人介紹 - 遠雄樂元,/sales/bh7/G0306/,1,1,2,2,241
fb / bh7,5,魏祥桐業務個人介紹 - 遠雄樂元,/sales/bh7/G0306/,1,1,1,1,5
google / cpc,brand0829,魏祥桐業務個人介紹 - 遠雄樂元,/sales/bh7/G0306/,1,1,1,1,0
line-lap / bh7,lap-1,魏祥桐業務個人介紹 - 遠雄樂元,/sales/bh7/G0306/,1,1,2,2,24
fb / bh5,leads,魏祥桐業務個人介紹 - 遠雄樂元,/sales/bh7/G0306/,1,1,1,1,5
google / organic,(organic),林侑立業務個人介紹 - 遠雄樂元,/sales/bh7/G0526/,1,1,1,1,3
fb / bh7,1,林侑立業務個人介紹 - 遠雄樂元,/sales/bh7/G0526/,1,1,3,3,13
fbpage / 5vo1,202509,林侑立業務個人介紹 - 遠雄樂元,/sales/bh7/G0526/,1,1,1,1,10
fb / 5vo1,2025090503,林侑立業務個人介紹 - 遠雄樂元,/sales/bh7/G0526/,1,1,1,1,11
(not set),20250905五輪播,林侑立業務個人介紹 - 遠雄樂元,/sales/bh7/G0526/,1,1,1,1,2
google / cpc,20250905五輪播,林侑立業務個人介紹 - 遠雄樂元,/sales/bh7/G0526/,1,1,1,1,1
fb / bh7,5,林侑立業務個人介紹 - 遠雄樂元,/sales/bh7/G0526/,1,1,1,1,5
line-lap / bh7,lap-1,林侑立業務個人介紹 - 遠雄樂元,/sales/bh7/G0526/,1,1,1,1,3
google / cpc,othercities_brand,林侑立業務個人介紹 - 遠雄樂元,/sales/bh7/G0526/,1,1,1,1,6
tw.search.yahoo.com / referral,(referral),黃語璇業務個人介紹 - 遠雄樂元,/sales/bh7/G0990/,1,1,1,1,30
fb / bh7,2,黃語璇業務個人介紹 - 遠雄樂元,/sales/bh7/G0990/,1,1,1,1,7
fbpage / 5vo1,202509,黃語璇業務個人介紹 - 遠雄樂元,/sales/bh7/G0990/,1,1,1,1,6
google / cpc,20250905五輪播,黃語璇業務個人介紹 - 遠雄樂元,/sales/bh7/G0990/,1,1,1,1,8
fb / bh7,4,黃語璇業務個人介紹 - 遠雄樂元,/sales/bh7/G0990/,1,1,1,1,0
fb / bh7,5,黃語璇業務個人介紹 - 遠雄樂元,/sales/bh7/G0990/,1,1,1,1,9
google / cpc,brand0829,黃語璇業務個人介紹 - 遠雄樂元,/sales/bh7/G0990/,1,1,1,1,4
google / cpc,content,黃語璇業務個人介紹 - 遠雄樂元,/sales/bh7/G0990/,1,1,1,1,7
fb / bh5,leads,黃語璇業務個人介紹 - 遠雄樂元,/sales/bh7/G0990/,1,1,1,1,8
google / cpc,pmax-1-taichung,Jian Yujie のビジネス プロフィール - Farglory Leyuan,/sales/bh7/G0993/,1,1,0,0,40
google / cpc,(organic),簡宇婕業務個人介紹 - 遠雄樂元,/sales/bh7/G0993/,1,1,2,2,24
fb / paid,120229456515280138,簡宇婕業務個人介紹 - 遠雄樂元,/sales/bh7/G0993/,1,1,1,1,12
fbpage / 5vo1,202509,簡宇婕業務個人介紹 - 遠雄樂元,/sales/bh7/G0993/,1,1,1,1,0
google / cpc,20250905五輪播,簡宇婕業務個人介紹 - 遠雄樂元,/sales/bh7/G0993/,1,1,1,1,3
fb / bh7,5,簡宇婕業務個人介紹 - 遠雄樂元,/sales/bh7/G0993/,1,1,1,1,5
sms / aep-cdp,aep-306,簡宇婕業務個人介紹 - 遠雄樂元,/sales/bh7/G0993/,1,1,2,2,8
fb / bh5,leads,簡宇婕業務個人介紹 - 遠雄樂元,/sales/bh7/G0993/,1,1,2,2,12
google / cpc,othercities_brand,簡宇婕業務個人介紹 - 遠雄樂元,/sales/bh7/G0993/,1,1,1,1,6
google / cpc,(organic),徐紋媛業務個人介紹 - 遠雄洄山行,/sales/bh8/B5734/,1,1,1,1,8
fb / bh5,43,徐紋媛業務個人介紹 - 遠雄洄山行,/sales/bh8/B5734/,1,1,1,1,4
socialmedia / bh8,dcard_202508,徐紋媛業務個人介紹 - 遠雄洄山行,/sales/bh8/B5734/,1,1,1,1,17
fb / bh8,fb19-1,徐紋媛業務個人介紹 - 遠雄洄山行,/sales/bh8/B5734/,1,1,1,1,8
fb / bh8,fb16-1,林育騏業務個人介紹 - 遠雄洄山行,/sales/bh8/G0117/,1,1,1,1,1
fb / bh8,fb16-2,林育騏業務個人介紹 - 遠雄洄山行,/sales/bh8/G0117/,1,1,1,1,3
fb / bh8,fb19-1,林育騏業務個人介紹 - 遠雄洄山行,/sales/bh8/G0117/,1,1,1,1,0
(direct) / (none),(direct),林明櫻業務個人介紹 - 遠雄洄山行,/sales/bh8/G0262/,1,1,1,1,19
google / cpc,(organic),林明櫻業務個人介紹 - 遠雄洄山行,/sales/bh8/G0262/,1,1,1,1,4
(not set),20250905五輪播,林明櫻業務個人介紹 - 遠雄洄山行,/sales/bh8/G0262/,1,1,1,1,9
(not set),20250919一輪播,林明櫻業務個人介紹 - 遠雄洄山行,/sales/bh8/G0262/,1,1,1,1,2
socialmedia / bh8,dcard_202508,林明櫻業務個人介紹 - 遠雄洄山行,/sales/bh8/G0262/,1,1,1,1,4
fb / bh8,fb19-1,林明櫻業務個人介紹 - 遠雄洄山行,/sales/bh8/G0262/,1,1,1,1,8
fb / bh8,fb9-2,林明櫻業務個人介紹 - 遠雄洄山行,/sales/bh8/G0262/,1,1,1,1,0
google / cpc,(organic),林邑瞳業務個人介紹 - 遠雄洄山行,/sales/bh8/G0351/,1,1,1,1,1
fb / bh8,fanpage,林邑瞳業務個人介紹 - 遠雄洄山行,/sales/bh8/G0351/,1,1,1,1,7
fb / bh8,fb19-1,林邑瞳業務個人介紹 - 遠雄洄山行,/sales/bh8/G0351/,1,1,1,1,3
google / cpc,gdn20257-5,林邑瞳業務個人介紹 - 遠雄洄山行,/sales/bh8/G0351/,1,1,2,2,18
(not set),20250905五輪播,陳銘宏業務個人介紹 - 遠雄洄山行,/sales/bh8/G0770/,1,1,0,0,0
socialmedia / bh8,dcard_202508,陳銘宏業務個人介紹 - 遠雄洄山行,/sales/bh8/G0770/,1,1,1,1,83
fb / bh8,fb16-1,陳銘宏業務個人介紹 - 遠雄洄山行,/sales/bh8/G0770/,1,1,1,1,0
fb / bh8,fb16-2,陳銘宏業務個人介紹 - 遠雄洄山行,/sales/bh8/G0770/,1,1,1,1,5
google / cpc,gdn20257-5,陳銘宏業務個人介紹 - 遠雄洄山行,/sales/bh8/G0770/,1,1,3,3,106
(data not available),(cross-network),陳姵吟業務個人介紹 - 遠雄綠美,/sales/bh9/B4118/,1,1,1,1,2
google / cpc,(organic),陳姵吟業務個人介紹 - 遠雄綠美,/sales/bh9/B4118/,1,1,1,1,16
google / organic,(organic),陳姵吟業務個人介紹 - 遠雄綠美,/sales/bh9/B4118/,1,1,1,1,15
tw.search.yahoo.com / referral,(referral),陳姵吟業務個人介紹 - 遠雄綠美,/sales/bh9/B4118/,1,1,1,1,1
tw.search.yahoo.com / referral,(referral),黃洛瑋業務個人介紹 - 遠雄綠美,/sales/bh9/G0406/,1,1,1,1,13
(data not available),(cross-network),林侑立業務個人介紹 - 遠雄綠美,/sales/bh9/G0526/,1,1,1,1,1
(data not available),(cross-network),林筱茹業務個人介紹 - 遠雄綠美,/sales/bh9/G0992/,1,1,1,1,2
google / organic,(organic),林筱茹業務個人介紹 - 遠雄綠美,/sales/bh9/G0992/,1,1,1,1,4
(direct) / (none),(direct),簡宇婕業務個人介紹 - 遠雄綠美,/sales/bh9/G0993/,1,1,1,1,4
bing / organic,(organic),簡宇婕業務個人介紹 - 遠雄綠美,/sales/bh9/G0993/,1,1,1,1,124
google / organic,(organic),鄧娟業務個人介紹 - 村泉蒔美,/sales/cqh1/B2380/,1,1,1,1,8
google / cpc,CQH1-品牌字,鄧娟業務個人介紹 - 村泉蒔美,/sales/cqh1/B2380/,1,1,1,1,1
google / cpc,brand,鄧娟業務個人介紹 - 村泉蒔美,/sales/cqh1/B2380/,1,1,1,1,2
web / envelope,(not set),吳麗美業務個人介紹 - 村泉蒔美,/sales/cqh1/B2850/,1,1,1,1,32
bing / organic,(organic),吳麗美業務個人介紹 - 村泉蒔美,/sales/cqh1/B2850/,1,1,1,1,8
tw.search.yahoo.com / referral,(referral),吳麗美業務個人介紹 - 村泉蒔美,/sales/cqh1/B2850/,1,1,1,1,6
(not set),20250905五輪播,吳麗美業務個人介紹 - 村泉蒔美,/sales/cqh1/B2850/,1,1,1,1,5
fb / cqh1,fb-15,吳麗美業務個人介紹 - 村泉蒔美,/sales/cqh1/B2850/,1,1,1,1,3
fb / cqh1,fb-20,吳麗美業務個人介紹 - 村泉蒔美,/sales/cqh1/B2850/,1,1,1,1,2
google / organic,(organic),林琪富業務個人介紹 - 村泉蒔美,/sales/cqh1/B3057/,1,1,1,1,34
google / cpc,CQH1-品牌字,林琪富業務個人介紹 - 村泉蒔美,/sales/cqh1/B3057/,1,1,2,2,23
google / organic,(organic),朱瑪莉業務個人介紹 - 村泉蒔美,/sales/cqh1/B3969/,1,1,1,1,3
google / cpc,CQH1-地區字,朱瑪莉業務個人介紹 - 村泉蒔美,/sales/cqh1/B3969/,1,1,1,1,6
google / cpc,CQH1-買房字,朱瑪莉業務個人介紹 - 村泉蒔美,/sales/cqh1/B3969/,1,1,1,1,5
tw.search.yahoo.com / referral,(referral),沈玉菁業務個人介紹 - 村泉蒔美,/sales/cqh1/B5432/,1,1,1,1,55
(not set),20250905五輪播,沈玉菁業務個人介紹 - 村泉蒔美,/sales/cqh1/B5432/,1,1,1,1,1
fb / cqh1,fb-15,沈玉菁業務個人介紹 - 村泉蒔美,/sales/cqh1/B5432/,1,1,1,1,5
fb / cqh1,fb-20,沈玉菁業務個人介紹 - 村泉蒔美,/sales/cqh1/B5432/,1,1,1,1,1
fb / cqh1,fb-22,沈玉菁業務個人介紹 - 村泉蒔美,/sales/cqh1/B5432/,1,1,2,2,12
fb / cqh1,fb-23,沈玉菁業務個人介紹 - 村泉蒔美,/sales/cqh1/B5432/,1,1,1,1,0
web / envelope,(not set),曾華萱業務個人介紹 - 村泉蒔美,/sales/cqh1/G0679/,1,1,1,1,6
bing / organic,(organic),曾華萱業務個人介紹 - 村泉蒔美,/sales/cqh1/G0679/,1,1,1,1,25
farglory.com.tw / referral,(referral),曾華萱業務個人介紹 - 村泉蒔美,/sales/cqh1/G0679/,1,1,1,1,11
fb / paid,120222247205050066,曾華萱業務個人介紹 - 村泉蒔美,/sales/cqh1/G0679/,1,1,1,1,24
google / cpc,CQH1-買房字,曾華萱業務個人介紹 - 村泉蒔美,/sales/cqh1/G0679/,1,1,1,1,3
google / cpc,brand,曾華萱業務個人介紹 - 村泉蒔美,/sales/cqh1/G0679/,1,1,1,1,8
google_kw / cqh1,brand,曾華萱業務個人介紹 - 村泉蒔美,/sales/cqh1/G0679/,1,1,1,1,2
google_kw / cqh1,competitor,曾華萱業務個人介紹 - 村泉蒔美,/sales/cqh1/G0679/,1,1,1,1,0
fb / cqh1,fb-10,曾華萱業務個人介紹 - 村泉蒔美,/sales/cqh1/G0679/,1,1,1,1,32
fb / cqh1,fb-15,曾華萱業務個人介紹 - 村泉蒔美,/sales/cqh1/G0679/,1,1,1,1,16
(not set),(not set),邱俊鳴業務個人介紹 - 都美大河商爵,/sales/dgm1/B2088/,1,1,1,1,5
google / cpc,brand,邱俊鳴業務個人介紹 - 都美大河商爵,/sales/dgm1/B2088/,1,1,1,1,7
google / cpc,gdn5-7,邱俊鳴業務個人介紹 - 都美大河商爵,/sales/dgm1/B2088/,1,1,1,1,7
google / cpc,brand,郭佳莉業務個人介紹 - 都美大河商爵,/sales/dgm1/B4978/,1,1,1,1,4
google / cpc,taipei,郭佳莉業務個人介紹 - 都美大河商爵,/sales/dgm1/B4978/,1,1,1,1,36
(direct) / (none),(direct),郭紀懋業務個人介紹 - 都美大河商爵,/sales/dgm1/B6026/,1,1,1,1,1
(not set),20250905五輪播,郭紀懋業務個人介紹 - 都美大河商爵,/sales/dgm1/B6026/,1,1,1,1,3
google / cpc,brand,郭紀懋業務個人介紹 - 都美大河商爵,/sales/dgm1/B6026/,1,1,1,1,2
google / cpc,gdn5-7,郭紀懋業務個人介紹 - 都美大河商爵,/sales/dgm1/B6026/,1,1,1,1,82
google / cpc,brand,蔡明昌業務個人介紹 - 都美大河商爵,/sales/dgm1/G0048/,1,1,1,1,8
google / cpc,gdn5-7,蔡明昌業務個人介紹 - 都美大河商爵,/sales/dgm1/G0048/,1,1,1,1,29
google / organic,(organic),莊皓為業務個人介紹 - 都美大河商爵,/sales/dgm1/G0742/,1,1,1,1,50
google_kw / dh2,(organic),詹舜宇業務個人介紹 - 遠雄山禾,/sales/dh2/B4383/,1,1,1,1,2
google_kw / dh2,(organic),張津瑞業務個人介紹 - 遠雄山禾,/sales/dh2/B6045/,1,1,2,2,9
(direct) / (none),(direct),蔡旻芮業務個人介紹 - 遠雄山禾,/sales/dh2/B6132/,1,1,1,1,9
(not set),20250905五輪播,蔡旻芮業務個人介紹 - 遠雄山禾,/sales/dh2/B6132/,1,1,1,1,7
google_kw / dh2,(organic),楊靜茹業務個人介紹 - 遠雄山禾,/sales/dh2/G0107/,1,1,2,2,7
line-lap / dh2,14,楊靜茹業務個人介紹 - 遠雄山禾,/sales/dh2/G0107/,1,1,1,1,19
(direct) / (none),(direct),王韻涵業務個人介紹 - 遠雄山禾,/sales/dh2/G0275/,1,1,1,1,10
google_kw / dh2,(organic),王韻涵業務個人介紹 - 遠雄山禾,/sales/dh2/G0275/,1,1,1,1,2
(not set),20250905五輪播,劉佳玲業務個人介紹 - 遠雄山禾,/sales/dh2/G0600/,1,1,1,1,12
line-lap / dh2,12,林詩穎業務個人介紹 - 遠雄山禾,/sales/dh2/G0633/,1,1,1,1,16
google_kw / dh2,(organic),黃容筠業務個人介紹 - 遠雄山禾,/sales/dh2/G0936/,1,1,1,1,1
fb / dh2,fb-43,黃容筠業務個人介紹 - 遠雄山禾,/sales/dh2/G0936/,1,1,1,1,1
(not set),20250919一輪播,黃柔銘業務個人介紹 - 遠雄峰蘊,/sales/eh1/B3500/,1,1,1,1,0
google / cpc,brand,黃柔銘業務個人介紹 - 遠雄峰蘊,/sales/eh1/B3500/,1,1,1,1,7
(direct) / (none),(direct),黃聖富業務個人介紹 - 遠雄峰蘊,/sales/eh1/B5627/,1,1,1,1,2
google / organic,(organic),黃聖富業務個人介紹 - 遠雄峰蘊,/sales/eh1/B5627/,1,1,1,1,14
(not set),20250808一輪播,黃聖富業務個人介紹 - 遠雄峰蘊,/sales/eh1/B5627/,1,1,1,1,8
google / cpc,brand,黃聖富業務個人介紹 - 遠雄峰蘊,/sales/eh1/B5627/,1,1,1,1,21
google / organic,(organic),張子彤業務個人介紹 - 遠雄峰蘊,/sales/eh1/B5932/,1,1,2,2,5
(not set),20250808一輪播,張子彤業務個人介紹 - 遠雄峰蘊,/sales/eh1/B5932/,1,1,1,1,15
fb / eh1,5-4,張子彤業務個人介紹 - 遠雄峰蘊,/sales/eh1/B5932/,1,1,1,1,0
google / cpc,brand,張子彤業務個人介紹 - 遠雄峰蘊,/sales/eh1/B5932/,1,1,1,1,4
(not set),20250919一輪播,楊倩如業務個人介紹 - 遠雄峰蘊,/sales/eh1/G0259/,1,1,1,1,24
fb / eh1,5-4,楊倩如業務個人介紹 - 遠雄峰蘊,/sales/eh1/G0259/,1,1,1,1,8
fb / eh5,fb12-3,楊倩如業務個人介紹 - 遠雄峰蘊,/sales/eh1/G0259/,1,1,1,1,8
fb / eh5,form,楊倩如業務個人介紹 - 遠雄峰蘊,/sales/eh1/G0259/,1,1,1,1,6
fg / eh2,googlemap,楊倩如業務個人介紹 - 遠雄峰蘊,/sales/eh1/G0259/,1,1,1,1,35
google / organic,(organic),李芊儀業務個人介紹 - 遠雄峰蘊,/sales/eh1/G0595/,1,1,2,2,36
google / cpc,(organic),紀佳男業務個人介紹 - 遠雄峰蘊,/sales/eh1/G0639/,1,1,1,1,18
fb / eh1,12-6,紀佳男業務個人介紹 - 遠雄峰蘊,/sales/eh1/G0639/,1,1,1,1,1375
(not set),20250905五輪播,紀佳男業務個人介紹 - 遠雄峰蘊,/sales/eh1/G0639/,1,1,1,1,1
fg / eh2,googlemap,紀佳男業務個人介紹 - 遠雄峰蘊,/sales/eh1/G0639/,1,1,1,1,1
(direct) / (none),(direct),賴玫蓁業務個人介紹 - 遠雄峰蘊,/sales/eh1/G0881/,1,1,1,1,4
fb / eh1,12-6,賴玫蓁業務個人介紹 - 遠雄峰蘊,/sales/eh1/G0881/,1,1,1,1,6
(not set),20250905五輪播,賴玫蓁業務個人介紹 - 遠雄峰蘊,/sales/eh1/G0881/,1,1,1,1,2
fb / eh5,fb12-3,賴玫蓁業務個人介紹 - 遠雄峰蘊,/sales/eh1/G0881/,1,1,1,1,3
fg / eh2,googlemap,賴玫蓁業務個人介紹 - 遠雄峰蘊,/sales/eh1/G0881/,1,1,1,1,3
fb / eh5,park,賴玫蓁業務個人介紹 - 遠雄峰蘊,/sales/eh1/G0881/,1,1,1,1,3
(direct) / (none),(direct),羅泓偉業務個人介紹 - 遠雄一靚,/sales/eh2/B3397/,1,1,1,1,1
google_kw / eh2,(not set),羅泓偉業務個人介紹 - 遠雄一靚,/sales/eh2/B3397/,1,1,1,1,12
google / organic,(organic),羅泓偉業務個人介紹 - 遠雄一靚,/sales/eh2/B3397/,1,1,1,1,7
(not set),20250905五輪播,羅泓偉業務個人介紹 - 遠雄一靚,/sales/eh2/B3397/,1,1,1,1,13
fb / eh2,8-6,羅泓偉業務個人介紹 - 遠雄一靚,/sales/eh2/B3397/,1,1,1,1,2
fb / eh2,9-4,羅泓偉業務個人介紹 - 遠雄一靚,/sales/eh2/B3397/,1,1,1,1,2
google / cpc,brand,羅泓偉業務個人介紹 - 遠雄一靚,/sales/eh2/B3397/,1,1,1,1,5
fg / eh2,googlemap,羅泓偉業務個人介紹 - 遠雄一靚,/sales/eh2/B3397/,1,1,1,1,3
fgr-line / eh2,listbutton,羅泓偉業務個人介紹 - 遠雄一靚,/sales/eh2/B3397/,1,1,1,1,0
google_kw / eh2,(not set),洪梓芸業務個人介紹 - 遠雄一靚,/sales/eh2/B5986/,1,1,1,1,46
google / cpc,(organic),洪梓芸業務個人介紹 - 遠雄一靚,/sales/eh2/B5986/,1,1,1,1,18
fb / eh2,9-2,洪梓芸業務個人介紹 - 遠雄一靚,/sales/eh2/B5986/,1,1,3,3,0
fb / eh2,9-4,洪梓芸業務個人介紹 - 遠雄一靚,/sales/eh2/B5986/,1,1,2,2,25
google / cpc,brand,洪梓芸業務個人介紹 - 遠雄一靚,/sales/eh2/B5986/,1,1,1,1,26
socialmedia / fgr,fbeh2info,洪梓芸業務個人介紹 - 遠雄一靚,/sales/eh2/B5986/,1,1,1,1,12
fg / eh2,googlemap,洪梓芸業務個人介紹 - 遠雄一靚,/sales/eh2/B5986/,1,1,1,1,42
google / cpc,information4,洪梓芸業務個人介紹 - 遠雄一靚,/sales/eh2/B5986/,1,1,1,1,8
(direct) / (none),(direct),陳澤韋業務個人介紹 - 遠雄一靚,/sales/eh2/G0243/,1,1,1,1,6
google_kw / eh2,(not set),陳澤韋業務個人介紹 - 遠雄一靚,/sales/eh2/G0243/,1,1,1,1,5
bing / organic,(organic),陳澤韋業務個人介紹 - 遠雄一靚,/sales/eh2/G0243/,1,1,1,1,13
tw.search.yahoo.com / referral,(referral),陳澤韋業務個人介紹 - 遠雄一靚,/sales/eh2/G0243/,1,1,1,1,22
fb / eh2,8-6,陳澤韋業務個人介紹 - 遠雄一靚,/sales/eh2/G0243/,1,1,1,1,0
google / cpc,brand,陳澤韋業務個人介紹 - 遠雄一靚,/sales/eh2/G0243/,1,1,1,1,6
fg / eh2,googlemap,陳澤韋業務個人介紹 - 遠雄一靚,/sales/eh2/G0243/,1,1,1,1,4
tw.search.yahoo.com / referral,(referral),徐靖業務個人介紹 - 遠雄一靚,/sales/eh2/G0597/,1,1,1,1,7
(not set),20250905五輪播,徐靖業務個人介紹 - 遠雄一靚,/sales/eh2/G0597/,1,1,1,1,0
fb / eh2,9-2,徐靖業務個人介紹 - 遠雄一靚,/sales/eh2/G0597/,1,1,6,6,9
fb / eh2,9-4,徐靖業務個人介紹 - 遠雄一靚,/sales/eh2/G0597/,1,1,1,1,3
sms / aep-cdp,aep-306,徐靖業務個人介紹 - 遠雄一靚,/sales/eh2/G0597/,1,1,1,1,1
fg / eh2,googlemap,徐靖業務個人介紹 - 遠雄一靚,/sales/eh2/G0597/,1,1,1,1,8
fgr-line / eh2,listbutton,徐靖業務個人介紹 - 遠雄一靚,/sales/eh2/G0597/,1,1,1,1,0
google / cpc,othercities_brand,徐靖業務個人介紹 - 遠雄一靚,/sales/eh2/G0597/,1,1,1,1,3
bing / organic,(organic),蔡景宇業務個人介紹 - 遠雄一靚,/sales/eh2/G0855/,1,1,1,1,16
(not set),20250905五輪播,蔡景宇業務個人介紹 - 遠雄一靚,/sales/eh2/G0855/,1,1,1,1,20
(not set),20250919一輪播,蔡景宇業務個人介紹 - 遠雄一靚,/sales/eh2/G0855/,1,1,2,2,6
(direct) / (none),(direct),陳灝業務個人介紹 - 遠雄一靚,/sales/eh2/G1010/,1,1,1,1,4
google / cpc,20250901,陳灝業務個人介紹 - 遠雄一靚,/sales/eh2/G1010/,1,1,1,1,5
fg / eh2,googlemap,陳灝業務個人介紹 - 遠雄一靚,/sales/eh2/G1010/,1,1,1,1,6
google / organic,(organic),林建宏業務個人介紹 - 遠雄沐蘊,/sales/eh5/B1974/,1,1,1,1,12
tw.search.yahoo.com / referral,(referral),林建宏業務個人介紹 - 遠雄沐蘊,/sales/eh5/B1974/,1,1,2,2,3
(direct) / (none),(direct),范亦萱業務個人介紹 - 遠雄沐蘊,/sales/eh5/G0309/,1,1,1,1,0
google / cpc,brand,范亦萱業務個人介紹 - 遠雄沐蘊,/sales/eh5/G0309/,1,1,1,1,0
google / cpc,com,范亦萱業務個人介紹 - 遠雄沐蘊,/sales/eh5/G0309/,1,1,2,2,22
fb / eh5,fb12-3,范亦萱業務個人介紹 - 遠雄沐蘊,/sales/eh5/G0309/,1,1,1,1,5
fb / eh5,fb25,范亦萱業務個人介紹 - 遠雄沐蘊,/sales/eh5/G0309/,1,1,1,1,11
tw.search.yahoo.com / referral,(referral),戴維民業務個人介紹 - 遠雄沐蘊,/sales/eh5/G0596/,1,1,1,1,4
fb / eh5,park,戴維民業務個人介紹 - 遠雄沐蘊,/sales/eh5/G0596/,1,1,1,1,2
google / cpc,area,鄭喨予業務個人介紹 - 遠雄沐蘊,/sales/eh5/G0598/,1,1,1,1,1
fb / eh5,park,鄭喨予業務個人介紹 - 遠雄沐蘊,/sales/eh5/G0598/,1,1,1,1,0
(direct) / (none),(direct),翁毓雯業務個人介紹 - 遠雄沐蘊,/sales/eh5/G0816/,1,1,1,1,6
google / organic,(organic),翁毓雯業務個人介紹 - 遠雄沐蘊,/sales/eh5/G0816/,1,1,2,2,55
google / cpc,com,翁毓雯業務個人介紹 - 遠雄沐蘊,/sales/eh5/G0816/,1,1,2,2,13
fb / eh5,fb12-3,翁毓雯業務個人介紹 - 遠雄沐蘊,/sales/eh5/G0816/,1,1,1,1,7
fb / eh5,fb25,翁毓雯業務個人介紹 - 遠雄沐蘊,/sales/eh5/G0816/,1,1,1,1,14
fb / eh5,form,翁毓雯業務個人介紹 - 遠雄沐蘊,/sales/eh5/G0816/,1,1,2,2,3
fb / eh5,park,翁毓雯業務個人介紹 - 遠雄沐蘊,/sales/eh5/G0816/,1,1,1,1,0
google / cpc,type,翁毓雯業務個人介紹 - 遠雄沐蘊,/sales/eh5/G0816/,1,1,2,2,16
(direct) / (none),(direct),李之雅業務個人介紹 - 遠雄沐蘊,/sales/eh5/G0918/,1,1,1,1,5
google / cpc,area,李之雅業務個人介紹 - 遠雄沐蘊,/sales/eh5/G0918/,1,1,1,1,2
google / cpc,com,李之雅業務個人介紹 - 遠雄沐蘊,/sales/eh5/G0918/,1,1,1,1,11
fb / eh5,fb12-3,李之雅業務個人介紹 - 遠雄沐蘊,/sales/eh5/G0918/,1,1,2,2,4
fb / eh5,fb25,李之雅業務個人介紹 - 遠雄沐蘊,/sales/eh5/G0918/,1,1,1,1,12
fb / eh5,fb29-2,李之雅業務個人介紹 - 遠雄沐蘊,/sales/eh5/G0918/,1,1,1,1,1
fb / eh5,form,李之雅業務個人介紹 - 遠雄沐蘊,/sales/eh5/G0918/,1,1,1,1,0
fb / eh5,park,李之雅業務個人介紹 - 遠雄沐蘊,/sales/eh5/G0918/,1,1,2,2,9
(direct) / (none),(direct),林秀樺業務個人介紹 - 遠雄商用不動產,/sales/fm3/B3312/,1,1,1,1,4
(not set),(not set),林秀樺業務個人介紹 - 遠雄商用不動產,/sales/fm3/B3312/,1,1,1,1,10
(not set),20250905五輪播,林秀樺業務個人介紹 - 遠雄商用不動產,/sales/fm3/B3312/,1,1,1,1,1
(not set),20250919一輪播,張庭海業務個人介紹 - 遠雄商用不動產,/sales/fm3/B4147/,1,1,2,2,101
google / cpc,area,張庭海業務個人介紹 - 遠雄商用不動產,/sales/fm3/B4147/,1,1,1,1,3
google / cpc,extensions,張庭海業務個人介紹 - 遠雄商用不動產,/sales/fm3/B4147/,1,1,1,1,4
google / cpc,(organic),郭天宇業務個人介紹 - 遠雄商用不動產,/sales/fm3/B5597/,1,1,1,1,0
google / organic,(organic),郭天宇業務個人介紹 - 遠雄商用不動產,/sales/fm3/B5597/,1,1,1,1,10
google / cpc,brand,郭天宇業務個人介紹 - 遠雄商用不動產,/sales/fm3/B5597/,1,1,2,2,9
google / cpc,brand,葉閎宇業務個人介紹 - 遠雄商用不動產,/sales/fm3/G0206/,1,1,1,1,18
google / cpc,(organic),趙洋寬業務個人介紹 - 遠雄商用不動產,/sales/fm3/G0922/,1,1,1,1,12
google / cpc,brand,趙洋寬業務個人介紹 - 遠雄商用不動產,/sales/fm3/G0922/,1,1,2,2,6
google / cpc,extensions,趙洋寬業務個人介紹 - 遠雄商用不動產,/sales/fm3/G0922/,1,1,1,1,0
google / cpc,needs,趙洋寬業務個人介紹 - 遠雄商用不動產,/sales/fm3/G0922/,1,1,1,1,5
fb / h707,21,鄭玲蘭業務個人介紹 - 遠雄星呈,/sales/h707/B4789/,1,1,1,1,1
google / cpc,H707video_c,鄭玲蘭業務個人介紹 - 遠雄星呈,/sales/h707/B4789/,1,1,1,1,4
youtube / h707,H707video_c,鄭玲蘭業務個人介紹 - 遠雄星呈,/sales/h707/B4789/,1,1,1,1,6
google / cpc,(organic),林欣伶業務個人介紹 - 遠雄星呈,/sales/h707/B5856/,1,1,1,1,9
fb / h707,31,林欣伶業務個人介紹 - 遠雄星呈,/sales/h707/B5856/,1,1,1,1,0
pmp / (not set),6,林欣伶業務個人介紹 - 遠雄星呈,/sales/h707/B5856/,1,1,1,1,5
leju / h707,lejupage,林欣伶業務個人介紹 - 遠雄星呈,/sales/h707/B5856/,1,1,1,1,3
google / cpc,(organic),(1) 封未讀訊息 | 鄧大鈺業務個人介紹 - 遠雄星呈,/sales/h707/G0305/,1,1,0,0,12
fb / h707,1,鄧大鈺業務個人介紹 - 遠雄星呈,/sales/h707/G0305/,1,1,1,1,33
google / cpc,H707video_c,鄧大鈺業務個人介紹 - 遠雄星呈,/sales/h707/G0305/,1,1,17,17,795
youtube / h707,H707video_c,鄧大鈺業務個人介紹 - 遠雄星呈,/sales/h707/G0305/,1,1,1,1,6
(direct) / (none),(direct),楊王誌業務個人介紹 - 遠雄星呈,/sales/h707/G0705/,1,1,1,1,11
google / cpc,(not set),楊王誌業務個人介紹 - 遠雄星呈,/sales/h707/G0705/,1,1,1,1,256
google / cpc,(organic),楊王誌業務個人介紹 - 遠雄星呈,/sales/h707/G0705/,1,1,1,1,1
(not set),20250905五輪播,楊王誌業務個人介紹 - 遠雄星呈,/sales/h707/G0705/,1,1,0,0,10
fb / h707,27,楊王誌業務個人介紹 - 遠雄星呈,/sales/h707/G0705/,1,1,1,1,9
pmp / (not set),6,楊王誌業務個人介紹 - 遠雄星呈,/sales/h707/G0705/,1,1,1,1,6
fb / h707,7,楊王誌業務個人介紹 - 遠雄星呈,/sales/h707/G0705/,1,1,1,1,2
youtube / h707,H707video_c,楊王誌業務個人介紹 - 遠雄星呈,/sales/h707/G0705/,1,1,1,1,9
google / organic,(organic),找不到頁面 - 遠雄房地產,/sep2025,1,1,2,2,0
(not set),(not set),遠雄2025九月主題報 - 遠雄房地產,/sep2025/,1,1,1,1,0
google / organic,(organic),遠雄PARK ONE,/serve,1,1,1,1,17
google / organic,(organic),服務條款-遠雄房地產,/terms-of-service/,1,1,1,1,8
line-lap / bh5,(referral),服務條款-遠雄房地產,/terms-of-service/,1,1,1,1,0
tw.search.yahoo.com / referral,(referral),服務條款-遠雄房地產,/terms-of-service/,1,1,1,1,29
fb / h707,17,服務條款-遠雄房地產,/terms-of-service/,1,1,1,1,2
(not set),20250919一輪播,服務條款-遠雄房地產,/terms-of-service/,1,1,1,1,30
fgr-line / fgr,expert_law_y-rlee_builder1_20250324,服務條款-遠雄房地產,/terms-of-service/,1,1,1,1,7
fb / cqh1,fb-10,服務條款-遠雄房地產,/terms-of-service/,1,1,1,1,2
fb / bh8,fb19-1,服務條款-遠雄房地產,/terms-of-service/,1,1,1,1,0
google_kw / ah2,googlemap,服務條款-遠雄房地產,/terms-of-service/,1,1,1,1,0
google-map / (not set),h707,服務條款-遠雄房地產,/terms-of-service/,1,1,1,1,2
google / cpc,pmax-1-anothercity,服務條款-遠雄房地產,/terms-of-service/,1,1,1,1,12
fgr-line / fgr,space_furnish_kitchen_20240102,服務條款-遠雄房地產,/terms-of-service/,1,1,3,3,64
fb / ar1,leads,服務條款暨隱私權聲明 -遠雄房地產,/terms-of-service_and_privacy/,1,1,1,1,7
fb / 8fsl01,privacy,服務條款暨隱私權聲明 -遠雄房地產,/terms-of-service_and_privacy/,1,1,1,1,0
fb / fm3,privacy,服務條款暨隱私權聲明 -遠雄房地產,/terms-of-service_and_privacy/,1,1,1,1,236
google / organic,(organic),取消訂閱 - 遠雄房地產 %,/unsubscribe/,1,1,1,1,2
google / cpc,(organic),【遠雄純寓】可以走入繁華，也可以選擇安靜 - 遠雄房地產,/wom-recommendation/bh2_wang/,1,1,1,1,2
(not set),20250725二輪播,【遠雄純寓】可以走入繁華，也可以選擇安靜 - 遠雄房地產,/wom-recommendation/bh2_wang/,1,1,1,1,0
google / organic,(organic),遠雄香榭園(新北市中和區)住戶-陳先生全家福口碑推薦- 遠雄房地產,/wom-recommendation/chen-family/,1,1,1,1,2
google / organic,(organic),遠雄香榭園(新北市中和區)住戶-邱先生夫婦口碑推薦- 遠雄房地產,/wom-recommendation/chiu-couple/,1,1,1,1,8
tw.search.yahoo.com / referral,(referral),遠雄之星8證言篇-為重劃區而來2-清水重劃區- 遠雄房地產,/wom-recommendation/farglory-star8-2/,1,1,1,1,112
(direct) / (none),(direct),遠雄百富住戶-張先生 賢伉儷 - 遠雄房地產,/wom-recommendation/h100_chang_family/,1,1,1,1,0
google / organic,(organic),遠雄百富住戶-張先生 賢伉儷 - 遠雄房地產,/wom-recommendation/h100_chang_family/,1,1,3,3,23
fb / h713,102,遠雄百富住戶-張先生 賢伉儷 - 遠雄房地產,/wom-recommendation/h100_chang_family/,1,1,1,1,11
google / organic,(organic),遠雄百富住戶-啟宗心理諮商所所長 林小姐 - 遠雄房地產,/wom-recommendation/h100_misslin/,1,1,1,1,44
google / cpc,遠雄幸福成_H713_關鍵字_0516_外縣市,甜蜜夫妻提前準備退休生活，「遠雄豐河」續寫幸福篇章 - 遠雄房地產,/wom-recommendation/h101b_view/,1,1,1,1,50
(direct) / (none),(direct),「遠雄幸福成」一次實現老婆對新房的期待 - 遠雄房地產,/wom-recommendation/h713_cheng/,1,1,1,1,8
(not set),20250905五輪播,「遠雄幸福成」一次實現老婆對新房的期待 - 遠雄房地產,/wom-recommendation/h713_cheng/,1,1,0,0,0
bing / organic,(organic),「遠雄幸福成」台中最後一塊潛力明星區域，年輕人也買得起 - 遠雄房地產,/wom-recommendation/h713_lin/,1,1,1,1,6
news.google.com / referral,(referral),「遠雄幸福成」台中最後一塊潛力明星區域，年輕人也買得起 - 遠雄房地產,/wom-recommendation/h713_lin/,1,1,1,1,1
(not set),20250905五輪播,「遠雄幸福成」台中最後一塊潛力明星區域，年輕人也買得起 - 遠雄房地產,/wom-recommendation/h713_lin/,1,1,1,1,7
fb / h713,99,「遠雄幸福成」台中最後一塊潛力明星區域，年輕人也買得起 - 遠雄房地產,/wom-recommendation/h713_lin/,1,1,2,2,97
google / cpc,brand0829,「遠雄幸福成」台中最後一塊潛力明星區域，年輕人也買得起 - 遠雄房地產,/wom-recommendation/h713_lin/,1,1,1,1,34
fb / h713,100,「遠雄幸福成」面朝大海看落日，左擁右抱大公園 - 遠雄房地產,/wom-recommendation/h713_tsang/,1,1,1,1,28
fb / h713,106,「遠雄幸福成」面朝大海看落日，左擁右抱大公園 - 遠雄房地產,/wom-recommendation/h713_tsang/,1,1,1,1,0
fb / h713,99,「遠雄幸福成」面朝大海看落日，左擁右抱大公園 - 遠雄房地產,/wom-recommendation/h713_tsang/,1,1,1,1,117
google / cpc,gdn-01,「遠雄幸福成」面朝大海看落日，左擁右抱大公園 - 遠雄房地產,/wom-recommendation/h713_tsang/,1,1,1,1,9
google / cpc,pmax-1-taichung,「遠雄幸福成」面朝大海看落日，左擁右抱大公園 - 遠雄房地產,/wom-recommendation/h713_tsang/,1,1,3,3,75
google / cpc,遠雄幸福成_H713_關鍵字_0516_中彰,「遠雄幸福成」面朝大海看落日，左擁右抱大公園 - 遠雄房地產,/wom-recommendation/h713_tsang/,1,1,1,1,15
(direct) / (none),(direct),青晉，讓漂泊候鳥也想親近定居 - 遠雄房地產,/wom-recommendation/hh1_msliu/,1,1,1,1,50
google / cpc,pmax-1-taichung,青晉，讓漂泊候鳥也想親近定居 - 遠雄房地產,/wom-recommendation/hh1_msliu/,1,1,4,4,39
(direct) / (none),(direct),中意綠意與水岸，劉氏伉儷在「遠雄青晉」享受未來人生 - 遠雄房地產,/wom-recommendation/liu_couple/,1,1,1,1,11
(not set),(not set),遠雄香榭園(新北市中和區)住戶-闕先生口碑推薦- 遠雄房地產,/wom-recommendation/mr-que/,1,1,3,3,3
facebook.com / referral,(referral),遠雄香榭園(新北市中和區)住戶-闕先生口碑推薦- 遠雄房地產,/wom-recommendation/mr-que/,1,1,1,1,4
l.instagram.com / referral,(referral),遠雄香榭園(新北市中和區)住戶-闕先生口碑推薦- 遠雄房地產,/wom-recommendation/mr-que/,1,1,1,1,3
google / cpc,20250901,【遠雄東御苑】已購證言：王小姐 // 超強格局、環境單純更加分 // - 遠雄房地產,/wom-recommendation/【遠雄東御苑】已購證言：王小姐-超強格局、環/,1,1,1,1,4
bing / organic,(organic),預約成功 - 遠雄房地產,/預約成功感謝頁/,1,1,1,1,9
google / cpc,(organic),預約成功 - 遠雄房地產,/預約成功感謝頁/,1,1,2,2,30
google_kw / dh2,(organic),預約成功 - 遠雄房地產,/預約成功感謝頁/,1,1,1,1,15
ig / paid,120229486957530138,預約成功 - 遠雄房地產,/預約成功感謝頁/,1,1,1,1,4
fb / eh1,2-4,預約成功 - 遠雄房地產,/預約成功感謝頁/,1,1,1,1,6
google / cpc,20250901,預約成功 - 遠雄房地產,/預約成功感謝頁/,1,1,1,1,2
fb / eh2,9-2,預約成功 - 遠雄房地產,/預約成功感謝頁/,1,1,1,1,6
google / cpc,CQH1-買房字,預約成功 - 遠雄房地產,/預約成功感謝頁/,1,1,1,1,16
google / cpc,brand,預約成功 - 遠雄房地產,/預約成功感謝頁/,1,1,1,1,11
fgr-line / fgr,expert_hoshichang_video_property_price_20250801,預約成功 - 遠雄房地產,/預約成功感謝頁/,1,1,1,1,28
fb / bh10,fbfanpage0926event,預約成功 - 遠雄房地產,/預約成功感謝頁/,1,1,1,1,1
google / cpc,information4,預約成功 - 遠雄房地產,/預約成功感謝頁/,1,1,1,1,8
fb / bh5,leads,預約成功 - 遠雄房地產,/預約成功感謝頁/,1,1,1,1,8
google / cpc,pmax-1-anothercity,預約成功 - 遠雄房地產,/預約成功感謝頁/,1,1,1,1,0
google / cpc,(not set),遠雄房地產：最懂生活的購屋專家,/,0,1,1,null,null
google / cpc,20220822,遠雄房地產：最懂生活的購屋專家,/,0,1,0,null,null
gdn / ao1,20241004a_10-2,遠雄房地產：最懂生活的購屋專家,/,0,1,1,null,null
line-lap / ao1,20250226_2-3,遠雄房地產：最懂生活的購屋專家,/,0,1,1,null,null
lbs-sms / ah2,sms1141008,找不到頁面 - 遠雄房地產,/404/,0,1,1,null,null
google / organic,(organic),遠雄U-TOWN-周玟儀-遠雄房地產 Farglory-Realty,/E2/g0281,0,1,1,null,null
lm.facebook.com / referral,(referral),找不到頁面 - 遠雄房地產,/Event/Detail/247,0,1,1,null,null
(direct) / (none),(direct),《城市潮流漫步》遠雄敦富打造「地圖上找不到的城市美術館」 - 遠雄房地產,/activity-report/bh10_20241213/,0,1,1,null,null
google / organic,20250905五輪播,遠雄房地產 官方LINE | 端午限定🐲大巨蛋VIP專屬貴賓席 - 遠雄房地產,/activity-report/遠雄房地產-官方line-端午限定🐲大巨蛋vip專屬貴賓席/,0,1,0,null,null
(not set),20250905五輪播,(2) 封未讀訊息 | (1) 封未讀訊息 | 聯上智科｜北士科AI總部 輝達核心軸線 -台北市北投區商辦/預售新建案-預約賞屋，遠創力行銷,/buildings/5vo1/,0,1,0,null,null
(not set),20250919一輪播,"LinkScan | Nvidia Core Axis, Kantor Pusat Beishike AI - Distrik Beitou Kota Taipei, Konstruksi Baru Komersial/Pra-penjualan - Janji Temu untuk Peninjauan, Pemasaran Yuantronics",/buildings/5vo1/,0,1,0,null,null
gdn / 8fxz11,20250521a,找不到頁面 - 遠雄房地產,/buildings/8fxz11/,0,1,1,null,null
(not set),20250919一輪播,七星_台北市北投区/北石科住宅分譲住宅,/buildings/ar1/,0,1,0,null,null
(not set),20250725一輪播,北屯敦富路【遠雄敦富】- 北屯機捷預售屋．近好市多,/buildings/bh10/,0,1,1,null,null
gdn / bh10,20251-1-6mix,北屯敦富路【遠雄敦富】- 北屯機捷預售屋．近好市多,/buildings/bh10/,0,1,1,null,null
(not set),20250725三輪播,遠雄14期首發【遠雄丰尚】北屯新案．近漢神洲際百貨,/buildings/bh11/,0,1,1,null,null
(direct) / (none),20250919一輪播,遠雄琉蘊 -台中市西屯區七期預售屋/新建案-預約賞屋，遠雄房地產,/buildings/bh5/,0,1,0,null,null
(not set),20250725三輪播,【遠雄樂元】北屯機捷X好市多，雙首排大道最核心，夠近才最好,/buildings/bh7/,0,1,1,null,null
(direct) / (none),20250909一輪播,【遠雄樂元】北屯機捷X好市多，雙首排大道最核心，夠近才最好,/buildings/bh7/,0,1,0,null,null
google / cpc,gdn20257-5,【遠雄樂元】北屯機捷X好市多，雙首排大道最核心，夠近才最好,/buildings/bh7/,0,1,1,null,null
dm-point / bh7,202508,找不到頁面 - 遠雄房地產,/buildings/bh7/,0,1,1,null,null
(not set),20250725三輪播,水湳建案【遠雄綠美】鄰近綠美圖．中央公園預售屋,/buildings/bh9/,0,1,1,null,null
line-lap / cgh1,line-lap4-16,春耕花見｜信義區正核心，體育場旁綠金地段｜基隆最美好的心開始,/buildings/cgh01/,0,1,1,null,null
web-chinatimes / dgm1,webchinatimes320480,大河商爵-台北市士林區廠辦/預售新建案-預約賞屋，遠創力行銷,/buildings/dgm1/,0,1,1,null,null
(direct) / (none),20250905五輪播,台南永康新建案【遠雄山禾】-鹽行特區．3-4房,/buildings/dh2/,0,1,0,null,null
line / eh1,20250425,高雄建案推薦【遠雄峰蘊】- 近科工館．高雄預售屋,/buildings/eh1/,0,1,1,null,null
(not set),20250905五輪播,Thiết kế mới của Farglory tại Nanzi. Ra mắt lần đầu tại Khu đặc biệt Gaoda. Có thể đặt chỗ sớm.,/buildings/eh2/,0,1,0,null,null
(direct) / (none),20250905一輪播,遠雄一靚｜楠梓新案．高大特區首發｜早鳥預約中,/buildings/eh2/,0,1,0,null,null
gdn / fm1,202307-3-3,找不到頁面 - 遠雄房地產,/buildings/fm1/,0,1,1,null,null
google / cpc,H707video_c,遠雄信義CENTER-新北市板橋區廠辦.商辦/預售新建案-預約賞屋,/buildings/fm3/,0,1,1,null,null
fb / bh5,42,遠雄龜山廠辦新案 | 預約賞屋，遠雄房地產,/buildings/hm2/,0,1,1,null,null
google / cpc,gdn5-7,遠雄龜山廠辦新案 | 預約賞屋，遠雄房地產,/buildings/hm2/,0,1,1,null,null
gdn / m62,20220518-2,找不到頁面 - 遠雄房地產,/buildings/m62/,0,1,1,null,null
(not set),20250808一輪播,找不到頁面 - 遠雄房地產,/buildings/qyh2/,0,1,1,null,null
lbs-sms / qyh2,lbs-sms1003,找不到頁面 - 遠雄房地產,/buildings/qyh2/,0,1,1,null,null
(not set),20250919一輪播,遠雄智慧二代宅‧成就所有可能-遠雄房地產,/farglory-realty-about/second-generation/,0,1,1,null,null
line / o1,line4-2,landmark | 遠雄THE ONE,/landmark/,0,1,1,null,null
(not set),20250725三輪播,永然聯合法律事務所 彙整 - 遠雄房地產,/life-proposal-category/expert_point/y-rlee/,0,1,1,null,null
(not set),(not set),贈與稅 彙整 - 遠雄房地產,/life-proposal-tag/2、市場/2稅務政策相關/gift_tax/,0,1,0,null,null
(direct) / (none),(direct),金價漲跌 彙整 - 遠雄房地產,/life-proposal-tag/macroeconomics-2/金價漲跌/,0,1,1,null,null
chatgpt.com / referral,(referral),建案熱區巡禮：高雄三民區老市心新重劃，首購換屋都適宜 - 遠雄房地產,/life-proposal/area-l-kaohsiung-sanmin20220520/,0,1,1,null,null
chatgpt.com / referral,(referral),建案熱區巡禮：板橋為交通便捷、生活機能佳的新北都心 - 遠雄房地產,/life-proposal/area-l-ntpc_banqiao_20240717/,0,1,0,null,null
chatgpt.com / referral,(referral),建案熱區巡禮：台南中西區運河星鑽特區，重塑台南的歷史與現代風貌 - 遠雄房地產,/life-proposal/area-s-tainan_west-central_diamond_20250425/,0,1,1,null,null
perplexity.ai / referral,(referral),建案熱區巡禮：北士科的園區規畫與在地生活圈！科技廊道最後一塊拼圖將完整 - 遠雄房地產,/life-proposal/area-s-taipei-shilinbstp20220520/,0,1,1,null,null
news.google.com / referral,(referral),建案熱區巡禮：台中西屯區七期重劃區 - 學區篇 - 遠雄房地產,/life-proposal/area-txg-7th_school_20241226/,0,1,1,null,null
(not set),20250905五輪播,換屋族必看：換屋是要先買後賣還是先賣後買？ - 遠雄房地產,/life-proposal/change_house/,0,1,0,null,null
(not set),(not set),李同榮觀點：從13大指標判斷2024年下半年房產走勢 - 遠雄房地產,/life-proposal/expert_li_2024trend_20240711/,0,1,0,null,null
(not set),20250725一輪播,財經M平方觀點：去庫存壓力來襲，2 個訊號看製造業何時落底 - 遠雄房地產,/life-proposal/expert_macromicro20220726/,0,1,1,null,null
(not set),20250808一輪播,財經M平方觀點：從房地產運作機制，一窺台灣房市發展 4 問題 - 遠雄房地產,/life-proposal/expert_macromicro_20230522/,0,1,1,null,null
(direct) / (none),(direct),財經M平方觀點：美債殖利率創新高，三大面向解析後續走勢 - 遠雄房地產,/life-proposal/expert_macromicro_mec_oil_20231125/,0,1,0,null,null
news.google.com / referral,(referral),財經M平方觀點：對等關稅引發全球市場動盪 貴金屬適合投資嗎？ - 遠雄房地產,/life-proposal/expert_macromicro_precious-metals_20250430/,0,1,1,null,null
(not set),(not set),[影音] 專家觀點地政篇：限貸令下交屋解約問題 - 遠雄房地產,/life-proposal/expert_zhu_property_terminate_vedio_20250313/,0,1,0,null,null
fgr-line / fgr,expert_zhu_propertytax_20230814,(1) 封未讀訊息 | [影音] 首購或換屋族必知的不動產節稅規劃 : 持有稅｜專家觀點地政篇 - 遠雄房地產,/life-proposal/expert_zhu_propertytax_20230814/,0,1,0,null,null
fgr-line / fgr,expert_zhu_tactic-tax-count_vedio_20250725,[影音] 豪宅稅跟你也有關係：屋主的策略與應對方式 - 遠雄房地產,/life-proposal/expert_zhu_tactic-tax-count_vedio_20250725/,0,1,1,null,null
(not set),20250905五輪播,專家觀點地政篇：降低遺產稅怎麼做？遺產稅節稅規劃攻略 - 遠雄房地產,/life-proposal/expert_zhu_tax_inheritance_vedio_20240327/,0,1,0,null,null
fgr-line / fgr,expert_macromicro_2025econ_20250730,樓高的隱藏秘密：樓層高度怎麼看？ - 遠雄房地產,/life-proposal/floor_height/,0,1,1,null,null
web-edm / fg,0512-article-2,法拍屋怎麼買? 選購法拍屋基本知識 - 遠雄房地產,/life-proposal/foreclosure_20230427/,0,1,1,null,null
(not set),20250725一輪播,贈與稅與遺產稅免稅額提高，房屋轉讓給子女的規劃要點 - 遠雄房地產,/life-proposal/gift_tax/,0,1,1,null,null
(direct) / (none),(direct),預售屋履保制度有保障嗎？品牌建商才是王道 - 遠雄房地產,/life-proposal/kw_credibility_20230602/,0,1,1,null,null
line-fgr / bh7,linefgrbh7,買房大小事：戶籍遷入如何辦理？ - 遠雄房地產,/life-proposal/land_household_registration/,0,1,1,null,null
(not set),(not set),公共設施篇: 梯廳與樓梯間建築法規有何特殊規定? - 遠雄房地產,/life-proposal/regulations2_20230320/,0,1,0,null,null
(not set),20250808一輪播,退休以後怎麼住？你適合青銀共居、養生村還是全齡宅？ - 遠雄房地產,/life-proposal/retiredlife_20230220/,0,1,0,null,null
(direct) / (none),(direct),工料雙漲下的省錢裝潢 | 油漆DIY 老屋變新貌 - 遠雄房地產,/life-proposal/space_furnish_paint_20231128/,0,1,1,null,null
chatgpt.com / referral,(referral),買房時到底有那些稅金要繳？-「首購族看房買屋攻略」 - 遠雄房地產,/life-proposal/taxes/,0,1,1,null,null
web-edm / eh2,DM202508,遠雄丰尚-黃郁恬-遠雄房地產 Farglory-Realty,/main/review/74/g0335,0,1,1,null,null
fb / bh6,20230322-2,熱銷建案一覽：遠雄全台預售屋、新建案、新成屋資訊,/case/search/,1,1,6,6,64