來源/媒介,廣告活動,網頁標題,網頁路徑,所有使用者,工作階段,瀏覽,平均觀看次數,平均使用者參與
google / cpc,20251204,遠雄14期首發【遠雄丰尚】北屯新案．近漢神洲際百貨,/buildings/bh11/,47044,55543,58509,1.243708018025678,8.196730720176856
avivid / bh11,20251212,遠雄14期首發【遠雄丰尚】北屯新案．近漢神洲際百貨,/buildings/bh11/,21598,37438,40915,1.8943883692934531,14.580609315677378
line-lap / cqh1,lap-2,村泉蒔美｜門戶端點 從容跨界｜台北生活最美起點,/buildings/cqh1/,16238,20638,20899,1.2870427392536026,13.058196822268751
line-lap / eh2,20251208,遠雄一靚｜楠梓新案．高大特區首發｜早鳥預約中,/buildings/eh2/,8353,10958,11387,1.3632227942056747,12.245660241829283
line / bh11,20251204,遠雄14期首發【遠雄丰尚】北屯新案．近漢神洲際百貨,/buildings/bh11/,7415,9123,9124,1.2304787592717465,6.676466621712745
google / cpc,202511,遠雄MetaLink科技園區 | 機捷A7．A8站▕ VIP企業席次開放預約中,/buildings/hm2/,6030,7305,7890,1.308457711442786,15.898009950248756
dsp / cqh1,dsp-2,村泉蒔美｜門戶端點 從容跨界｜台北生活最美起點,/buildings/cqh1/,6378,6820,7882,1.235810598933835,2.127783004076513
line-lap / eh2,20251209,遠雄一靚｜楠梓新案．高大特區首發｜早鳥預約中,/buildings/eh2/,4207,6517,6709,1.5947230805799857,14.964582838126931
google_gdn / 5vo1,gdn-01,聯上智科｜北士科AI總部 輝達核心軸線 -台北市北投區商辦/預售新建案-預約賞屋，遠創力行銷,/buildings/5vo1/,5676,6458,7045,1.2411909795630727,4.251937984496124
line-lap / dh2,15,台南永康新建案【遠雄山禾】-鹽行特區．3-4房,/buildings/dh2/,4579,5506,5499,1.200917230836427,5.702336754749945
line-lap / 5vo1,20251123_1102,聯上智科｜北士科AI總部 輝達核心軸線 -台北市北投區商辦/預售新建案-預約賞屋，遠創力行銷,/buildings/5vo1/,3688,5248,5649,1.5317245119305858,16.920553145336225
line-lap / cqh1,lap-3,村泉蒔美｜門戶端點 從容跨界｜台北生活最美起點,/buildings/cqh1/,4214,4979,5020,1.1912672045562411,8.404603701945895
(direct) / (none),(direct),遠房實價登錄,/,4915,4974,5360,1.0905391658189216,0.1501525940996948
google_gdn / 5vo1,202511_1102b,聯上智科｜北士科AI總部 輝達核心軸線 -台北市北投區商辦/預售新建案-預約賞屋，遠創力行銷,/buildings/5vo1/,4335,4825,5363,1.2371395617070358,5.052133794694348
line-lap / dh2,15,遠房實價登錄,/,3935,4543,4681,1.1895806861499365,0.021092757306226177
line-lap / bh7,lap-3,【遠雄樂元】北屯機捷X好市多，雙首排大道最核心，夠近才最好,/buildings/bh7/,2003,4120,4813,2.402895656515227,22.024463305042435
line-lap / bh7,lap-2,【遠雄樂元】北屯機捷X好市多，雙首排大道最核心，夠近才最好,/buildings/bh7/,1891,3334,3682,1.9471179270227392,7.734003172924378
dsp / cqh1,dsp-3,村泉蒔美｜門戶端點 從容跨界｜台北生活最美起點,/buildings/cqh1/,3065,3295,3787,1.235562805872757,4.381729200652528
google_gdn / 5vo1,20251201,聯上智科｜北士科AI總部 輝達核心軸線 -台北市北投區商辦/預售新建案-預約賞屋，遠創力行銷,/buildings/5vo1/,2643,3074,3310,1.252364737041241,5.874385168369277
google / organic,(organic),贈與稅與遺產稅免稅額提高，房屋轉讓給子女的規劃要點 - 遠雄房地產,/life-proposal/gift_tax/,2471,2980,3039,1.2298664508296235,140.80817482800487
fb / 5vo1,2025090503,聯上智科｜北士科AI總部 輝達核心軸線 -台北市北投區商辦/預售新建案-預約賞屋，遠創力行銷,/buildings/5vo1/,2827,2961,2918,1.0321896002829856,1.4987619384506543
google / cpc,Pmax,遠雄信義CENTER-新北市板橋區廠辦.商辦/預售新建案-預約賞屋,/buildings/fm3/,2447,2827,3031,1.238659583163057,16.577850429096852
line-lap / bh10,line-lap202511-3,北屯敦富路【遠雄敦富】- 北屯機捷預售屋．近好市多,/buildings/bh10/,1770,2277,2580,1.4576271186440677,16.040677966101693
yahoo_native / 5vo1,202510_2,聯上智科｜北士科AI總部 輝達核心軸線 -台北市北投區商辦/預售新建案-預約賞屋，遠創力行銷,/buildings/5vo1/,1447,1628,1710,1.1817553559087768,10.239806496199032
google / organic,(organic),遠房實價登錄,/,1359,1558,2008,1.4775570272259013,1.0213392200147167
taboola / fm3,ConA02,遠雄信義CENTER-新北市板橋區廠辦.商辦/預售新建案-預約賞屋,/buildings/fm3/,1404,1551,1592,1.1339031339031338,8.172364672364672
google / cpc,(organic),遠房實價登錄,/,1336,1451,1740,1.3023952095808384,1.8308383233532934
line-lap / bh7,lap-3,遠房實價登錄,/,1003,1419,1581,1.576271186440678,0
google / organic,(organic),2024十大建商出爐！大建商穩，小建商靈活，買家如何選邊站？ - 遠雄房地產,/life-proposal/kw_brand_construction_20240109/,1244,1340,1363,1.0956591639871383,35.82958199356913
(data not available),(cross-network),遠雄14期首發【遠雄丰尚】北屯新案．近漢神洲際百貨,/buildings/bh11/,1327,1333,1921,1.4476262245666918,14.243406179351922
google / cpc,sitelink,遠雄MetaLink科技園區 | 機捷A7．A8站▕ VIP企業席次開放預約中,/buildings/hm2/,1171,1281,1404,1.1989752348420153,4.659265584970111
line-lap / bh7,lap-2,遠房實價登錄,/,958,1271,1357,1.4164926931106472,0
google / cpc,(organic),遠雄一靚｜楠梓新案．高大特區首發｜早鳥預約中,/buildings/eh2/,1203,1270,1411,1.172901080631754,23.491271820448876
taboola / fm3,ConB02,遠雄信義CENTER-新北市板橋區廠辦.商辦/預售新建案-預約賞屋,/buildings/fm3/,1145,1248,1321,1.1537117903930132,13.494323144104804
line-lap / bh10,line-lap202511-6,北屯敦富路【遠雄敦富】- 北屯機捷預售屋．近好市多,/buildings/bh10/,701,1233,1401,1.9985734664764623,24.115549215406563
google_kw / dh2,(organic),台南永康新建案【遠雄山禾】-鹽行特區．3-4房,/buildings/dh2/,1026,1116,1205,1.1744639376218324,24.239766081871345
google / cpc,area,遠雄沐蘊-高雄市三民區預售屋/新建案-預約賞屋,/buildings/eh5/,1031,1098,1199,1.162948593598448,20.999030067895248
yahoo_native / 5vo1,202510_4,聯上智科｜北士科AI總部 輝達核心軸線 -台北市北投區商辦/預售新建案-預約賞屋，遠創力行銷,/buildings/5vo1/,967,1061,1084,1.1209927611168562,8.859358841778697
line-lap / bh10,line-lap20259-5,北屯敦富路【遠雄敦富】- 北屯機捷預售屋．近好市多,/buildings/bh10/,786,1042,1179,1.5,17.66793893129771
google_kw / dh2,(organic),遠房實價登錄,/,948,1023,1118,1.1793248945147679,1.130801687763713
line-lap / 5vo1,20251123_1103,聯上智科｜北士科AI總部 輝達核心軸線 -台北市北投區商辦/預售新建案-預約賞屋，遠創力行銷,/buildings/5vo1/,829,994,1003,1.209891435464415,2.5681544028950545
line-lap / bh10,line-lap202511-3,遠房實價登錄,/,891,940,1076,1.207631874298541,0
google / cpc,(organic),遠雄琉蘊 -台中市西屯區七期預售屋/新建案-預約賞屋，遠雄房地產,/buildings/bh5/,817,901,989,1.2105263157894737,35.43574051407589
google_kw / 5vo1,202511,聯上智科｜北士科AI總部 輝達核心軸線 -台北市北投區商辦/預售新建案-預約賞屋，遠創力行銷,/buildings/5vo1/,793,901,975,1.2295081967213115,29.62042875157629
(direct) / (none),(direct),台南永康新建案【遠雄山禾】-鹽行特區．3-4房,/buildings/dh2/,865,873,764,0.8832369942196532,7.636994219653179
google / cpc,gdn11-2,大河商爵-台北市士林區廠辦/預售新建案-預約賞屋，遠創力行銷,/buildings/dgm1/,593,841,943,1.5902192242833053,11.381112984822934
taboola / fm3,impB,遠雄信義CENTER-新北市板橋區廠辦.商辦/預售新建案-預約賞屋,/buildings/fm3/,743,837,849,1.142664872139973,16.002691790040377
(not set),20251209一輪播,遠雄14期首發【遠雄丰尚】北屯新案．近漢神洲際百貨,/buildings/bh11/,620,822,351,0.5661290322580645,6.090322580645161
google / organic,(organic),買房大小事：戶籍遷入如何辦理？ - 遠雄房地產,/life-proposal/land_household_registration/,682,795,809,1.186217008797654,67.59530791788856
line-lap / bh10,line-lap202511-7,北屯敦富路【遠雄敦富】- 北屯機捷預售屋．近好市多,/buildings/bh10/,535,774,903,1.6878504672897197,19.77570093457944
google / cpc,area,高雄建案推薦【遠雄峰蘊】- 三民區預售屋．近科工館,/buildings/eh1/,728,755,815,1.1195054945054945,19.414835164835164
google_gdn / 5vo1,20251124_1103,聯上智科｜北士科AI總部 輝達核心軸線 -台北市北投區商辦/預售新建案-預約賞屋，遠創力行銷,/buildings/5vo1/,582,740,779,1.338487972508591,3.6580756013745703
google / cpc,gdn11-3,大河商爵-台北市士林區廠辦/預售新建案-預約賞屋，遠創力行銷,/buildings/dgm1/,516,740,813,1.5755813953488371,17.385658914728683
google_gdn / 5vo1,20251124_1101,聯上智科｜北士科AI總部 輝達核心軸線 -台北市北投區商辦/預售新建案-預約賞屋，遠創力行銷,/buildings/5vo1/,557,733,763,1.3698384201077198,5.9694793536804305
line-lap / 5vo1,202511201,聯上智科｜北士科AI總部 輝達核心軸線 -台北市北投區商辦/預售新建案-預約賞屋，遠創力行銷,/buildings/5vo1/,528,715,732,1.3863636363636365,4.295454545454546
(direct) / (none),(direct),北屯敦富路【遠雄敦富】- 北屯機捷預售屋．近好市多,/buildings/bh10/,685,708,646,0.9430656934306569,6.7912408759124085
google_gdn / 5vo1,20251124_1102,聯上智科｜北士科AI總部 輝達核心軸線 -台北市北投區商辦/預售新建案-預約賞屋，遠創力行銷,/buildings/5vo1/,528,702,723,1.3693181818181819,3.8636363636363638
google / cpc,(organic),遠雄星呈-台中市清水區預售屋/新建案-預約賞屋，遠雄房地產,/buildings/h707/,622,700,768,1.234726688102894,30.924437299035368
google / organic,(organic),換屋族看過來，房地合一稅與土增稅要點筆記！ - 遠雄房地產,/life-proposal/house_and_land/,560,687,701,1.2517857142857143,136.23392857142858
google / cpc,20250616_北投士林豪宅/別墅,齊興_緻-台北市北投區/北士科住宅預售屋,/buildings/ar1/,637,680,727,1.141287284144427,18.923076923076923
google / cpc,area,遠房實價登錄,/,658,674,744,1.1306990881458967,0.9437689969604863
google / organic,(organic),自用住宅免稅400萬怎麼申請？「持有、設籍、實住」3點不能忽略 | 專家觀點地政篇 - 遠雄房地產,/life-proposal/expert_zhu_ownership-criteria/,579,672,695,1.2003454231433506,109.76856649395509
line-lap / eh2,20251101,遠雄一靚｜楠梓新案．高大特區首發｜早鳥預約中,/buildings/eh2/,200,653,657,3.285,2.005
google / cpc,遠雄幸福成_H713_關鍵字_0516_中彰,遠雄幸福成｜即將落成 - 台中市清水區預售/新建案-預約賞屋，遠雄房地產,/buildings/h713/,568,619,681,1.198943661971831,20.825704225352112
google / organic,(organic),[影音] 北士科潛力揭密：輝達進駐引爆房市三大變革｜何世昌觀點 - 遠雄房地產,/life-proposal/影音-輝達北士科總部設立：帶動台北房市三大變/,490,618,629,1.2836734693877552,57.179591836734694
(direct) / (none),(direct),遠雄幸福成｜即將落成 - 台中市清水區預售/新建案-預約賞屋，遠雄房地產,/buildings/h713/,594,607,606,1.02020202020202,10.33838383838384
google / cpc,(organic),水湳建案【遠雄綠美】鄰近綠美圖．中央公園預售屋,/buildings/bh9/,547,603,675,1.2340036563071297,35.3254113345521
google / cpc,O1_品牌字_2025.0801,遠雄THE ONE-高雄市前鎮區新成屋/新建案-預約賞屋,/buildings/o1/,550,593,696,1.2654545454545454,33.025454545454544
taboola / fm3,ConB,遠雄信義CENTER-新北市板橋區廠辦.商辦/預售新建案-預約賞屋,/buildings/fm3/,543,578,602,1.1086556169429098,19.222836095764272
google / cpc,brand,遠房實價登錄,/,534,572,727,1.3614232209737829,0.31086142322097376
google / organic,(organic),熱銷建案一覽：遠雄全台預售屋、新建案、新成屋資訊,/case/search/,487,567,1241,2.5482546201232035,43.648870636550306
(direct) / (none),(direct),遠雄房地產：最懂生活的購屋專家,/,518,548,661,1.276061776061776,10.625482625482626
google / organic,(organic),遠雄一靚｜楠梓新案．高大特區首發｜早鳥預約中,/buildings/eh2/,399,544,598,1.4987468671679198,58.65162907268171
google / organic,(organic),附屬建物篇 : 陽台與雨遮建築法規規定為何？ - 遠雄房地產,/life-proposal/regulations_20230317/,424,527,535,1.2617924528301887,72.07075471698113
(direct) / (none),(direct),北士科建案【遠雄泱玥】水岸首排．57-75坪,/buildings/ah2/,482,520,574,1.1908713692946058,15.58091286307054
google / organic,(organic),買房時到底有那些稅金要繳？-「首購族看房買屋攻略」 - 遠雄房地產,/life-proposal/taxes/,446,504,519,1.163677130044843,72.45291479820628
taboola / fm3,ConA,遠雄信義CENTER-新北市板橋區廠辦.商辦/預售新建案-預約賞屋,/buildings/fm3/,455,488,500,1.098901098901099,21.745054945054946
google / cpc,O1_品牌字_2025.0801,遠房實價登錄,/,464,487,597,1.2866379310344827,1.1831896551724137
google / organic,(organic),遠雄房地產：最懂生活的購屋專家,/,324,478,596,1.8395061728395061,21.645061728395063
google / cpc,20250616_北投士林豪宅/別墅,遠房實價登錄,/,465,472,549,1.1806451612903226,0
yahoo_native / 5vo1,202510_7,聯上智科｜北士科AI總部 輝達核心軸線 -台北市北投區商辦/預售新建案-預約賞屋，遠創力行銷,/buildings/5vo1/,376,468,521,1.3856382978723405,8.829787234042554
fb / 5vo1,202510,聯上智科｜北士科AI總部 輝達核心軸線 -台北市北投區商辦/預售新建案-預約賞屋，遠創力行銷,/buildings/5vo1/,446,466,464,1.0403587443946187,6.098654708520179
imasdk.googleapis.com / referral,(referral),北士科建案【遠雄泱玥】水岸首排．57-75坪,/buildings/ah2/,442,442,444,1.004524886877828,0.01583710407239819
google / cpc,O1_地區字_2025.0801,遠雄THE ONE-高雄市前鎮區新成屋/新建案-預約賞屋,/buildings/o1/,421,441,486,1.154394299287411,24.63895486935867
DGC / bh11,20251204,遠雄14期首發【遠雄丰尚】北屯新案．近漢神洲際百貨,/buildings/bh11/,400,440,520,1.3,0.5375
google / organic,(organic),公共設施篇: 梯廳與樓梯間建築法規有何特殊規定? - 遠雄房地產,/life-proposal/regulations2_20230320/,354,430,431,1.2175141242937852,46.2090395480226
line-lap / bh10,line-lap20259-5,遠房實價登錄,/,393,417,467,1.188295165394402,0
fb / 5vo1,20251201,聯上智科｜北士科AI總部 輝達核心軸線 -台北市北投區商辦/預售新建案-預約賞屋，遠創力行銷,/buildings/5vo1/,395,410,416,1.0531645569620254,2.7189873417721517
fb / cqh1,fb-26,村泉蒔美｜門戶端點 從容跨界｜台北生活最美起點,/buildings/cqh1/,381,410,420,1.1023622047244095,44.58530183727034
google / organic,(organic),建案熱區巡禮：龜山A7重劃區成北北桃生活圈潛力新核心 - 遠雄房地產,/life-proposal/area_taoyuan_guishan_a7_function/,353,408,408,1.1558073654390935,95.28328611898017
(direct) / (none),(direct),高雄建案推薦【遠雄峰蘊】- 三民區預售屋．近科工館,/buildings/eh1/,387,404,398,1.028423772609819,8.906976744186046
taboola / fm3,impA,遠雄信義CENTER-新北市板橋區廠辦.商辦/預售新建案-預約賞屋,/buildings/fm3/,372,399,414,1.1129032258064515,17.548387096774192
line-lap / 5vo1,20251123_1101,聯上智科｜北士科AI總部 輝達核心軸線 -台北市北投區商辦/預售新建案-預約賞屋，遠創力行銷,/buildings/5vo1/,313,394,396,1.2651757188498403,2.169329073482428
google / cpc,CQH1-品牌字,村泉蒔美｜門戶端點 從容跨界｜台北生活最美起點,/buildings/cqh1/,353,390,450,1.274787535410765,58.274787535410766
(direct) / (none),(direct),遠雄琉蘊 -台中市西屯區七期預售屋/新建案-預約賞屋，遠雄房地產,/buildings/bh5/,377,384,387,1.026525198938992,22.912466843501328
(direct) / (none),(direct),【遠雄樂元】北屯機捷X好市多，雙首排大道最核心，夠近才最好,/buildings/bh7/,380,383,336,0.8842105263157894,7.38421052631579
google / organic,(organic),樓高的隱藏秘密：樓層高度怎麼看？ - 遠雄房地產,/life-proposal/floor_height/,323,381,391,1.2105263157894737,50.14860681114551
google / cpc,遠雄幸福成_H713_關鍵字_0516_中彰,遠房實價登錄,/,373,378,464,1.2439678284182305,0.12064343163538874
fb / hm2,20251103TA,遠雄MetaLink科技園區 | 機捷A7．A8站▕ VIP企業席次開放預約中,/buildings/hm2/,336,373,437,1.3005952380952381,6.693452380952381
line-lap / bh10,line-lap202511-6,遠房實價登錄,/,310,372,410,1.3225806451612903,0
google / organic,(organic),李同榮觀點：2026年房地產市場將面臨八大考驗 - 遠雄房地產,/life-proposal/expert_li_housing-challenges-2026/,303,369,373,1.231023102310231,113.33993399339934
google / cpc,gdn11-4,大河商爵-台北市士林區廠辦/預售新建案-預約賞屋，遠創力行銷,/buildings/dgm1/,241,367,408,1.6929460580912863,16.42323651452282
fb / hm2,20251104TA,遠雄MetaLink科技園區 | 機捷A7．A8站▕ VIP企業席次開放預約中,/buildings/hm2/,338,359,397,1.1745562130177514,8.242603550295858
google / cpc,brand,遠雄沐蘊-高雄市三民區預售屋/新建案-預約賞屋,/buildings/eh5/,303,359,407,1.3432343234323432,38.412541254125415
google / cpc,O1_地區字_2025.0801,遠房實價登錄,/,349,356,412,1.180515759312321,0.46131805157593125
google / cpc,com,遠雄沐蘊-高雄市三民區預售屋/新建案-預約賞屋,/buildings/eh5/,335,349,381,1.137313432835821,16.086567164179105
fb / hm2,20251102TA,遠雄MetaLink科技園區 | 機捷A7．A8站▕ VIP企業席次開放預約中,/buildings/hm2/,314,340,394,1.2547770700636942,7.356687898089172
google / cpc,20250616_台北豪宅/別墅,齊興_緻-台北市北投區/北士科住宅預售屋,/buildings/ar1/,327,333,348,1.0642201834862386,12.587155963302752
google / organic,(organic),一次看懂「都市土地分區」差在哪？ - 遠雄房地產,/life-proposal/land_zoning/,270,330,347,1.2851851851851852,68.77407407407408
google / cpc,O1_特色字_2025.0801,遠雄THE ONE-高雄市前鎮區新成屋/新建案-預約賞屋,/buildings/o1/,315,326,351,1.1142857142857143,21.11111111111111
google / cpc,type,遠雄沐蘊-高雄市三民區預售屋/新建案-預約賞屋,/buildings/eh5/,290,309,339,1.1689655172413793,25.53448275862069
google / cpc,遠雄幸福成_H713_關鍵字_0516_外縣市,遠雄幸福成｜即將落成 - 台中市清水區預售/新建案-預約賞屋，遠雄房地產,/buildings/h713/,243,305,349,1.4362139917695473,43.22633744855967
fb / 5vo1,20251102,聯上智科｜北士科AI總部 輝達核心軸線 -台北市北投區商辦/預售新建案-預約賞屋，遠創力行銷,/buildings/5vo1/,286,304,313,1.0944055944055944,11.76923076923077
google / organic,(organic),建案熱區巡禮：北投士林科技園區 - 交通篇 - 遠雄房地產,/life-proposal/area-tpe-beitou_bstp_traffic_20240705/,225,304,312,1.3866666666666667,67.30666666666667
google / organic,(organic),遠雄幸福成｜即將落成 - 台中市清水區預售/新建案-預約賞屋，遠雄房地產,/buildings/h713/,240,302,310,1.2916666666666667,45.204166666666666
google / organic,(organic),【遠雄樂元】北屯機捷X好市多，雙首排大道最核心，夠近才最好,/buildings/bh7/,238,302,335,1.4075630252100841,45.26470588235294
(direct) / (none),(direct),遠雄合雅｜板橋之心・合院之上｜2~3房．24~66坪,/buildings/fh2/,288,297,296,1.0277777777777777,16.086805555555557
fb / dh2,fb-49,台南永康新建案【遠雄山禾】-鹽行特區．3-4房,/buildings/dh2/,277,297,295,1.0649819494584838,22.67870036101083
google / cpc,brand,高雄建案推薦【遠雄峰蘊】- 三民區預售屋．近科工館,/buildings/eh1/,263,297,340,1.2927756653992395,39.965779467680605
yahoo_native / 5vo1,20251124_1103,聯上智科｜北士科AI總部 輝達核心軸線 -台北市北投區商辦/預售新建案-預約賞屋，遠創力行銷,/buildings/5vo1/,259,297,298,1.1505791505791505,8.50965250965251
google / cpc,Otherarea0829,遠雄14期首發【遠雄丰尚】北屯新案．近漢神洲際百貨,/buildings/bh11/,290,296,325,1.1206896551724137,20.24137931034483
imasdk.googleapis.com / referral,(referral),遠房實價登錄,/,294,294,294,1,0
google / organic,(organic),交屋看仔細，常見交屋糾紛有哪些？ - 遠雄房地產,/life-proposal/kw_delivery_20230607/,252,293,304,1.2063492063492063,85.11111111111111
google / organic,(organic),遠雄合雅｜板橋之心・合院之上｜2~3房．24~66坪,/buildings/fh2/,227,289,318,1.4008810572687225,51.629955947136565
fb / hm2,news1222,輝達超微進駐遠雄自貿港，遠雄MetaLink廠辦受惠廊帶效應  - 遠雄房地產,/life-proposal/metalink-ai-hub/,285,288,294,1.0315789473684212,8.070175438596491
google / cpc,brand0829,遠雄14期首發【遠雄丰尚】北屯新案．近漢神洲際百貨,/buildings/bh11/,255,285,317,1.2431372549019608,36.792156862745095
google / organic,(organic),[影音] 豪宅稅跟你也有關係：有房族注意！2025豪宅稅新門檻上路 - 遠雄房地產,/life-proposal/expert_zhu_mansion-tax-definition_vedio_20250523/,253,281,286,1.1304347826086956,57.90909090909091
google / organic,(organic),建案熱區巡禮：桃園龜山重大建設帶動發展利多 - 遠雄房地產,/life-proposal/area-l-taoyuan-guishan/,247,280,300,1.214574898785425,91.85425101214575
fb / dh2,fb-49,遠房實價登錄,/,263,276,279,1.0608365019011408,0.6501901140684411
google / cpc,corearea0829,遠雄14期首發【遠雄丰尚】北屯新案．近漢神洲際百貨,/buildings/bh11/,258,275,321,1.244186046511628,28.3953488372093
line-lap / bh10,line-lap202511-7,遠房實價登錄,/,252,274,299,1.1865079365079365,0
google / cpc,O1_特色字_2025.0801,遠房實價登錄,/,263,270,313,1.1901140684410647,0.2585551330798479
google / cpc,20250616_品牌字,齊興_緻-台北市北投區/北士科住宅預售屋,/buildings/ar1/,197,267,283,1.4365482233502538,51
google / cpc,O1_競品字_2025.0801,遠雄THE ONE-高雄市前鎮區新成屋/新建案-預約賞屋,/buildings/o1/,242,256,270,1.115702479338843,21.49173553719008
fb / 5vo1,20251101,聯上智科｜北士科AI總部 輝達核心軸線 -台北市北投區商辦/預售新建案-預約賞屋，遠創力行銷,/buildings/5vo1/,241,250,248,1.0290456431535269,4.717842323651452
(direct) / (none),(direct),台中西屯建案【遠雄洄山行】．2-4房方正格局,/buildings/bh8/,245,249,234,0.9551020408163265,16.46530612244898
(not set),(not set),遠雄14期首發【遠雄丰尚】北屯新案．近漢神洲際百貨,/buildings/bh11/,183,248,106,0.5792349726775956,15.939890710382514
(direct) / (none),(direct),遠雄一靚｜楠梓新案．高大特區首發｜早鳥預約中,/buildings/eh2/,219,240,259,1.182648401826484,18.98173515981735
google / cpc,CQH1-地區字,村泉蒔美｜門戶端點 從容跨界｜台北生活最美起點,/buildings/cqh1/,224,238,271,1.2098214285714286,43.88392857142857
google / cpc,brand,北屯敦富路【遠雄敦富】- 北屯機捷預售屋．近好市多,/buildings/bh10/,211,235,257,1.2180094786729858,30.9478672985782
google / cpc,20250616_台北豪宅/別墅,遠房實價登錄,/,232,232,265,1.1422413793103448,0
yahoo_native / 5vo1,20251124_1101,聯上智科｜北士科AI總部 輝達核心軸線 -台北市北投區商辦/預售新建案-預約賞屋，遠創力行銷,/buildings/5vo1/,206,232,258,1.2524271844660195,11.325242718446601
(direct) / (none),(direct),遠雄THE ONE-高雄市前鎮區新成屋/新建案-預約賞屋,/buildings/o1/,220,227,233,1.059090909090909,12.513636363636364
google / organic,(organic),遠雄14期首發【遠雄丰尚】北屯新案．近漢神洲際百貨,/buildings/bh11/,181,224,249,1.3756906077348066,35.51933701657459
(direct) / (none),(direct),齊興_緻-台北市北投區/北士科住宅預售屋,/buildings/ar1/,215,219,221,1.027906976744186,4.818604651162791
google / cpc,core,【遠雄樂元】北屯機捷X好市多，雙首排大道最核心，夠近才最好,/buildings/bh7/,210,216,224,1.0666666666666667,26.31904761904762
line-lap / ar1,20251017-2-1,齊興_緻-台北市北投區/北士科住宅預售屋,/buildings/ar1/,114,215,225,1.9736842105263157,3.912280701754386
google / cpc,O1_競品字_2025.0801,遠房實價登錄,/,211,212,239,1.132701421800948,0.2559241706161137
lbs-sms / fm3,20251229,遠雄信義CENTER-新北市板橋區廠辦.商辦/預售新建案-預約賞屋,/buildings/fm3/,178,210,216,1.2134831460674158,24.99438202247191
fb / bh11,fanpagebutton,遠雄14期首發【遠雄丰尚】北屯新案．近漢神洲際百貨,/buildings/bh11/,202,208,229,1.1336633663366336,23.113861386138613
fb / bh8,fb16-2,台中西屯建案【遠雄洄山行】．2-4房方正格局,/buildings/bh8/,191,208,215,1.12565445026178,41.06282722513089
google / cpc,taipei,大河商爵-台北市士林區廠辦/預售新建案-預約賞屋，遠創力行銷,/buildings/dgm1/,197,204,222,1.1269035532994924,25.741116751269036
google / cpc,遠雄幸福成_H713_關鍵字_0516_外縣市,遠房實價登錄,/,181,203,264,1.4585635359116023,0
google / cpc,core,大河商爵-台北市士林區廠辦/預售新建案-預約賞屋，遠創力行銷,/buildings/dgm1/,187,202,223,1.1925133689839573,25.09625668449198
fb / eh2,12-1,遠雄一靚｜楠梓新案．高大特區首發｜早鳥預約中,/buildings/eh2/,184,202,216,1.173913043478261,14.13586956521739
google / cpc,competitor0829,遠雄14期首發【遠雄丰尚】北屯新案．近漢神洲際百貨,/buildings/bh11/,182,200,220,1.2087912087912087,25.95054945054945
google / cpc,com,高雄建案推薦【遠雄峰蘊】- 三民區預售屋．近科工館,/buildings/eh1/,193,199,216,1.1191709844559585,19.626943005181346
google / cpc,CQH1-買房字,村泉蒔美｜門戶端點 從容跨界｜台北生活最美起點,/buildings/cqh1/,182,196,208,1.1428571428571428,29.104395604395606
fgr-line / cqh1,20251206,村泉蒔美｜門戶端點 從容跨界｜台北生活最美起點,/buildings/cqh1/,180,196,202,1.1222222222222222,25.522222222222222
(direct) / (none),(direct),水湳建案【遠雄綠美】鄰近綠美圖．中央公園預售屋,/buildings/bh9/,185,195,197,1.0648648648648649,13.659459459459459
google / organic,(organic),台中西屯建案【遠雄洄山行】．2-4房方正格局,/buildings/bh8/,158,195,208,1.3164556962025316,47.93037974683544
google / organic,(organic),何世昌觀點：2025年南台灣房市潛力區域專題報導 - 10大優質投資區域分析 - 遠雄房地產,/life-proposal/expert_hoshichang_south-potential/,167,193,187,1.1197604790419162,90.32934131736526
yahoo_native / 5vo1,20251124_1102,聯上智科｜北士科AI總部 輝達核心軸線 -台北市北投區商辦/預售新建案-預約賞屋，遠創力行銷,/buildings/5vo1/,172,191,206,1.197674418604651,11.05232558139535
fb / eh5,park,遠雄沐蘊-高雄市三民區預售屋/新建案-預約賞屋,/buildings/eh5/,179,190,206,1.1508379888268156,31.268156424581004
google / organic,(organic),房屋格局圖/平面圖怎麼看？建案平面圖符號教學，讓你秒懂房屋格局避地雷,/life-proposal/house-layout/,167,188,191,1.1437125748502994,66.59281437125749
google / organic,(organic),熱銷建案一覽：遠雄全台預售屋、新建案、新成屋資訊,/case/search/page/2/,159,184,277,1.7421383647798743,20.9937106918239
google / organic,(organic),實價登錄真相大破解，一次看懂實價登錄不受騙 - 遠雄房地產,/life-proposal/actual_selling_price20220708/,147,184,192,1.3061224489795917,63.14965986394558
google / cpc,type,高雄建案推薦【遠雄峰蘊】- 三民區預售屋．近科工館,/buildings/eh1/,171,183,202,1.1812865497076024,29.426900584795323
google / organic,(organic),遠雄星呈-台中市清水區預售屋/新建案-預約賞屋，遠雄房地產,/buildings/h707/,144,182,192,1.3333333333333333,106.03472222222223
google / cpc,competitor,遠房實價登錄,/,176,179,226,1.2840909090909092,0
google / organic,(organic),如何預防不動產詐騙？如何防止房屋被移轉？｜專家觀點地政篇 - 遠雄房地產,/life-proposal/expert_zhu_property_scam_20240604/,145,178,180,1.2413793103448276,85.24137931034483
(not set),20251209一輪播,遠雄一靚｜楠梓新案．高大特區首發｜早鳥預約中,/buildings/eh2/,125,178,39,0.312,2.936
google / cpc,com,遠房實價登錄,/,171,175,197,1.152046783625731,0.8713450292397661
google / organic,(organic),北士科建案【遠雄泱玥】水岸首排．57-75坪,/buildings/ah2/,154,175,192,1.2467532467532467,45.87012987012987
google / organic,(organic),遠雄MetaLink科技園區 | 機捷A7．A8站▕ VIP企業席次開放預約中,/buildings/hm2/,138,175,194,1.4057971014492754,58.3768115942029
google / organic,(organic),驗屋與交屋必知注意事項？新手購屋必看，驗屋清單檢查表與交屋流程有哪些？,/life-proposal/home-inspection/,138,171,181,1.3115942028985508,89.26086956521739
google / cpc,20250616_品牌字,遠房實價登錄,/,157,168,200,1.2738853503184713,0
google / cpc,type,遠房實價登錄,/,157,168,190,1.2101910828025477,0.5222929936305732
fb / bh11,11-3,遠雄14期首發【遠雄丰尚】北屯新案．近漢神洲際百貨,/buildings/bh11/,162,164,170,1.0493827160493827,8.530864197530864
(direct) / (none),(direct),熱銷建案一覽：遠雄全台預售屋、新建案、新成屋資訊,/case/search/,137,164,286,2.0875912408759123,24.291970802919707
google / cpc,beitun,遠房實價登錄,/,162,162,201,1.2407407407407407,0
google / organic,(organic),專家觀點地政篇：只有不動產怎麼繳遺產稅？實物抵繳是否划算？ - 遠雄房地產,/life-proposal/expert_zhu_property_offset-2_20241220/,122,162,158,1.2950819672131149,91.21311475409836
m.facebook.com / referral,(referral),找不到頁面 - 遠雄房地產,/buildings/shqmo01/,159,159,159,1,0.3333333333333333
google / cpc,competitor,北屯敦富路【遠雄敦富】- 北屯機捷預售屋．近好市多,/buildings/bh10/,156,159,175,1.1217948717948718,38.17948717948718
google / cpc,brand,大河商爵-台北市士林區廠辦/預售新建案-預約賞屋，遠創力行銷,/buildings/dgm1/,137,159,190,1.3868613138686132,49.18248175182482
google / cpc,landmark0829,遠雄14期首發【遠雄丰尚】北屯新案．近漢神洲際百貨,/buildings/bh11/,147,157,175,1.1904761904761905,24.047619047619047
google / cpc,brand,【遠雄樂元】北屯機捷X好市多，雙首排大道最核心，夠近才最好,/buildings/bh7/,143,157,174,1.2167832167832169,29.923076923076923
google / organic,(organic),水湳建案【遠雄綠美】鄰近綠美圖．中央公園預售屋,/buildings/bh9/,121,157,161,1.3305785123966942,51.074380165289256
google / cpc,gdn11-5,大河商爵-台北市士林區廠辦/預售新建案-預約賞屋，遠創力行銷,/buildings/dgm1/,50,157,174,3.48,12.12
fb / bh7,9,【遠雄樂元】北屯機捷X好市多，雙首排大道最核心，夠近才最好,/buildings/bh7/,144,156,160,1.1111111111111112,33.94444444444444
google / cpc,core,遠房實價登錄,/,154,154,176,1.1428571428571428,0
(data not available),(cross-network),遠雄MetaLink科技園區 | 機捷A7．A8站▕ VIP企業席次開放預約中,/buildings/hm2/,153,153,217,1.4183006535947713,6.928104575163399
(not set),20251209一輪播,遠房實價登錄,/,116,153,208,1.793103448275862,1
fb / bh8,fb23-1,台中西屯建案【遠雄洄山行】．2-4房方正格局,/buildings/bh8/,144,152,160,1.1111111111111112,28.708333333333332
google / organic,(organic),聯上智科｜北士科AI總部 輝達核心軸線 -台北市北投區商辦/預售新建案-預約賞屋，遠創力行銷,/buildings/5vo1/,105,151,147,1.4,53.17142857142857
google / organic,(organic),建案熱區巡禮：新北板橋區Tpark科技特區 (遠東通訊園區)生活圈 - 遠雄房地產,/life-proposal/area-s-tph_banqiao_tpark_function_20250314/,124,149,160,1.2903225806451613,71.50806451612904
fb / eh5,fb12-3,遠雄沐蘊-高雄市三民區預售屋/新建案-預約賞屋,/buildings/eh5/,141,148,156,1.1063829787234043,26.46808510638298
google / organic,(organic),村泉蒔美｜門戶端點 從容跨界｜台北生活最美起點,/buildings/cqh1/,125,148,159,1.272,44.008
fb / eh1,11-1,高雄建案推薦【遠雄峰蘊】- 三民區預售屋．近科工館,/buildings/eh1/,140,147,161,1.15,23.635714285714286
fb / bh8,leads,台中西屯建案【遠雄洄山行】．2-4房方正格局,/buildings/bh8/,138,147,169,1.2246376811594204,38.97826086956522
(direct) / (none),(direct),贈與稅與遺產稅免稅額提高，房屋轉讓給子女的規劃要點 - 遠雄房地產,/life-proposal/gift_tax/,127,146,167,1.31496062992126,96.56692913385827
fb / eh5,form,遠雄沐蘊-高雄市三民區預售屋/新建案-預約賞屋,/buildings/eh5/,140,142,149,1.0642857142857143,27.857142857142858
google / organic,(organic),齊興_緻-台北市北投區/北士科住宅預售屋,/buildings/ar1/,115,142,150,1.3043478260869565,41.04347826086956
fb / bh8,fb16-2,遠房實價登錄,/,136,140,147,1.0808823529411764,0
google / organic,(organic),[影音] 豪宅稅跟你也有關係：有房族注意！2025豪宅稅新門檻上路｜專家觀點地政篇 - 遠雄房地產,/life-proposal/expert_zhu_mansion-tax-definition_vedio_20250523/,130,140,147,1.1307692307692307,73.45384615384616
google / organic,(organic),北屯敦富路【遠雄敦富】- 北屯機捷預售屋．近好市多,/buildings/bh10/,115,139,159,1.382608695652174,48.47826086956522
google / organic,(organic),熱銷建案：預售屋、新建案、新成屋 -遠雄房地產,/case/,124,138,176,1.4193548387096775,9.798387096774194
google / organic,(organic),遠雄信義CENTER-新北市板橋區廠辦.商辦/預售新建案-預約賞屋,/buildings/fm3/,116,138,152,1.3103448275862069,38.13793103448276
google / cpc,othercities_brand,【遠雄樂元】北屯機捷X好市多，雙首排大道最核心，夠近才最好,/buildings/bh7/,126,136,151,1.1984126984126984,32.73809523809524
mkto-sn070013.com / referral,(referral),2025十二月主題報 - 遠雄房地產,/dec2025/,112,135,134,1.1964285714285714,9.196428571428571
(direct) / (none),(direct),建案熱區巡禮：龜山A7重劃區成北北桃生活圈潛力新核心 - 遠雄房地產,/life-proposal/area_taoyuan_guishan_a7_function/,118,134,133,1.1271186440677967,57.40677966101695
google / organic,(organic),專家觀點地政篇：空屋稅的真相？房子閒置前你該考慮的事 - 遠雄房地產,/life-proposal/expert_zhu_eht_20250625/,116,134,134,1.1551724137931034,67.51724137931035
google_kw / BH8,20240816_品牌字,台中西屯建案【遠雄洄山行】．2-4房方正格局,/buildings/BH8/,128,133,145,1.1328125,33.84375
fb / eh1,11-1,遠房實價登錄,/,127,133,146,1.1496062992125984,2.15748031496063
google / organic,(organic),遠雄THE ONE-高雄市前鎮區新成屋/新建案-預約賞屋,/buildings/o1/,104,133,146,1.4038461538461537,33.34615384615385
google_kw / eh2,(organic),遠雄一靚｜楠梓新案．高大特區首發｜早鳥預約中,/buildings/eh2/,132,132,132,1,0
google / organic,(organic),記住授信5P原則，讓你的貸款成數更高更容易 - 遠雄房地產,/life-proposal/pre_mortgage_20221215/,117,132,127,1.0854700854700854,32.324786324786324
google / organic,(organic),建案熱區巡禮：高雄楠梓區高大特區生活圈 - 遠雄房地產,/life-proposal/area-kaohsiung-nanzi_nuk_function_20250211/,95,132,136,1.431578947368421,76.94736842105263
google / cpc,20250901,遠雄一靚｜楠梓新案．高大特區首發｜早鳥預約中,/buildings/eh2/,40,132,154,3.85,1.8
fb / dh2,leads,台南永康新建案【遠雄山禾】-鹽行特區．3-4房,/buildings/dh2/,121,129,137,1.1322314049586777,20.785123966942148
google / organic,(organic),輝達落腳時程出爐，北士科商辦掀全球卡位戰 - 遠雄房地產,/life-proposal/nvidia-beishi-office/,120,129,127,1.0583333333333333,50.291666666666664
google / organic,(organic),遠雄琉蘊 -台中市西屯區七期預售屋/新建案-預約賞屋，遠雄房地產,/buildings/bh5/,109,129,143,1.311926605504587,74.74311926605505
(data not available),(cross-network),遠雄信義CENTER-新北市板橋區廠辦.商辦/預售新建案-預約賞屋,/buildings/fm3/,127,128,234,1.8425196850393701,15.188976377952756
google / organic,(organic),專家觀點地政篇：如何預防不動產詐騙？如何防止房屋被移轉？ - 遠雄房地產,/life-proposal/expert_zhu_property_scam_20240604/,112,128,132,1.1785714285714286,108.24107142857143
google / organic,(organic),「權狀坪數」與「室內坪數」分不清？ –「首購族看房買屋攻略」 - 遠雄房地產,/life-proposal/ping/,112,128,126,1.125,41.410714285714285
fb / h707,1,遠雄星呈-台中市清水區預售屋/新建案-預約賞屋，遠雄房地產,/buildings/h707/,122,124,133,1.0901639344262295,17.778688524590162
fb / eh5,fb31-1,遠雄沐蘊-高雄市三民區預售屋/新建案-預約賞屋,/buildings/eh5/,114,123,136,1.1929824561403508,28.29824561403509
(direct) / (none),(direct),村泉蒔美｜門戶端點 從容跨界｜台北生活最美起點,/buildings/cqh1/,103,122,148,1.4368932038834952,48.10679611650485
google / organic,(organic),社區營運兩三事：管理費與公共基金 - 遠雄房地產,/life-proposal/land_fund/,110,121,131,1.190909090909091,49.39090909090909
google / cpc,beitun,北屯敦富路【遠雄敦富】- 北屯機捷預售屋．近好市多,/buildings/bh10/,113,120,123,1.0884955752212389,32.4070796460177
google_kw / hm2,202511,遠雄MetaLink科技園區 | 機捷A7．A8站▕ VIP企業席次開放預約中,/buildings/hm2/,115,118,120,1.0434782608695652,3.3217391304347825
google / cpc,taichung,北屯敦富路【遠雄敦富】- 北屯機捷預售屋．近好市多,/buildings/bh10/,111,118,126,1.135135135135135,32.32432432432432
google_kw / cqh1,brand,村泉蒔美｜門戶端點 從容跨界｜台北生活最美起點,/buildings/cqh1/,70,117,121,1.7285714285714286,31.814285714285713
fb / dh2,leads,遠房實價登錄,/,113,115,121,1.0707964601769913,0.3274336283185841
fb / fh2,fb12-1,遠雄合雅｜板橋之心・合院之上｜2~3房．24~66坪,/buildings/fh2/,113,115,126,1.1150442477876106,26.292035398230087
fb / bh8,fanpage,台中西屯建案【遠雄洄山行】．2-4房方正格局,/buildings/bh8/,112,115,125,1.1160714285714286,24.1875
google / organic,(organic),新手買房注意事項：建商評價排名查詢、售後服務與房屋結構體/防水保固教學,/life-proposal/13856/,110,114,140,1.2727272727272727,29.59090909090909
fb / eh1,formbutton,高雄建案推薦【遠雄峰蘊】- 三民區預售屋．近科工館,/buildings/eh1/,104,112,116,1.1153846153846154,18.91346153846154
google / cpc,information2,遠雄14期首發【遠雄丰尚】北屯新案．近漢神洲際百貨,/buildings/bh11/,104,111,125,1.2019230769230769,22.5
fb / fbpage,(not set),村泉蒔美｜門戶端點 從容跨界｜台北生活最美起點,/buildings/cqh1/,101,110,117,1.1584158415841583,29.514851485148515
google / cpc,extensions,遠雄信義CENTER-新北市板橋區廠辦.商辦/預售新建案-預約賞屋,/buildings/fm3/,97,110,124,1.2783505154639174,21.896907216494846
google / organic,(organic),高雄建案推薦【遠雄峰蘊】- 三民區預售屋．近科工館,/buildings/eh1/,93,110,115,1.2365591397849462,33.69892473118279
fb / bh10,fbearlybird_form,北屯敦富路【遠雄敦富】- 北屯機捷預售屋．近好市多,/buildings/bh10/,101,109,111,1.099009900990099,15.613861386138614
fb / bh7,9,遠房實價登錄,/,103,108,117,1.1359223300970873,0
(not set),20251209一輪播,台南永康新建案【遠雄山禾】-鹽行特區．3-4房,/buildings/dh2/,91,108,52,0.5714285714285714,4.384615384615385
google / organic,(organic),台南永康新建案【遠雄山禾】-鹽行特區．3-4房,/buildings/dh2/,81,108,117,1.4444444444444444,30.80246913580247
google / organic,(organic),輝達超微進駐遠雄自貿港，遠雄MetaLink廠辦受惠廊帶效應  - 遠雄房地產,/life-proposal/metalink-ai-hub/,97,107,117,1.2061855670103092,47.06185567010309
(direct) / (none),(direct),劉佩真觀點：銀髮住宅可望成為台灣房地產市場的新藍海 - 遠雄房地產,/life-proposal/expert_peizhen_commercial_elderly-residence_20250509/,91,107,114,1.2527472527472527,43.34065934065934
fb / bh8,fb23-1,遠房實價登錄,/,96,102,107,1.1145833333333333,0
google / cpc,beitun,【遠雄樂元】北屯機捷X好市多，雙首排大道最核心，夠近才最好,/buildings/bh7/,96,102,104,1.0833333333333333,20.760416666666668
(data not available),(cross-network),遠房實價登錄,/,101,101,164,1.6237623762376239,0.36633663366336633
(direct) / (none),(direct),遠雄星呈-台中市清水區預售屋/新建案-預約賞屋，遠雄房地產,/buildings/h707/,86,101,118,1.372093023255814,42.2906976744186
google / cpc,othercities_brand,遠房實價登錄,/,100,100,128,1.28,0.02
fb / hm2,20251101TA,遠雄MetaLink科技園區 | 機捷A7．A8站▕ VIP企業席次開放預約中,/buildings/hm2/,95,100,128,1.3473684210526315,8.610526315789473
fb / cqh1,fb-29,村泉蒔美｜門戶端點 從容跨界｜台北生活最美起點,/buildings/cqh1/,91,100,99,1.0879120879120878,57.78021978021978
(direct) / (none),(direct),遠雄14期首發【遠雄丰尚】北屯新案．近漢神洲際百貨,/buildings/bh11/,87,100,99,1.1379310344827587,46.50574712643678
yahoo_native / 5vo1,202510_3,聯上智科｜北士科AI總部 輝達核心軸線 -台北市北投區商辦/預售新建案-預約賞屋，遠創力行銷,/buildings/5vo1/,47,100,102,2.1702127659574466,4.297872340425532
ig / paid,120238552444900537,遠雄14期首發【遠雄丰尚】北屯新案．近漢神洲際百貨,/buildings/bh11/,98,99,102,1.0408163265306123,19.836734693877553
google_kw / BH8,20240816_台中高價建案,台中西屯建案【遠雄洄山行】．2-4房方正格局,/buildings/BH8/,92,99,111,1.2065217391304348,32.78260869565217
google / organic,(organic),遠雄沐蘊-高雄市三民區預售屋/新建案-預約賞屋,/buildings/eh5/,89,99,113,1.2696629213483146,24.48314606741573
fb / bh8,fanpage,遠房實價登錄,/,96,98,109,1.1354166666666667,0
google / organic,(organic),居家保養：如何擦玻璃才正確？【居家百科】 - 遠雄房地產,/life-proposal/glass-fix/,83,96,94,1.1325301204819278,60.31325301204819
(direct) / (none),(direct),遠雄MetaLink科技園區 | 機捷A7．A8站▕ VIP企業席次開放預約中,/buildings/hm2/,75,95,101,1.3466666666666667,37
google / organic,(organic),安南重劃首選【遠雄藏萃】全新落成，珍稀戶別釋出！,/buildings/dh5/,74,95,98,1.3243243243243243,55.810810810810814
google_kw / BH8,20240816_品牌字,遠房實價登錄,/,94,94,120,1.2765957446808511,0
google / organic,(organic),熱銷建案一覽：遠雄全台預售屋、新建案、新成屋資訊,/case/search/page/3/,89,94,128,1.4382022471910112,14.123595505617978
fb / o1,20250422_23-1,遠雄THE ONE-高雄市前鎮區新成屋/新建案-預約賞屋,/buildings/o1/,92,93,99,1.076086956521739,20.217391304347824
mkto-sn070013.com / referral,(referral),取消訂閱 - 遠雄房地產 %,/unsubscribe/,89,93,97,1.0898876404494382,3.741573033707865
google / organic,(organic),專家觀點地政篇：你買到的法定空地是什麼？ - 遠雄房地產,/life-proposal/expert_zhu_property_openspace_20240705/,84,92,92,1.0952380952380953,70.3452380952381
google / organic,(organic),買房大小事：交屋到入住前不可不知 - 遠雄房地產,/life-proposal/land_handover/,79,92,90,1.139240506329114,68.22784810126582
fb / bh8,leads,遠房實價登錄,/,91,91,107,1.1758241758241759,0
google_kw / BH8,20240816_透天/豪宅/別墅,台中西屯建案【遠雄洄山行】．2-4房方正格局,/buildings/BH8/,85,90,98,1.1529411764705881,29.176470588235293
fb / bh8,fb19-1,台中西屯建案【遠雄洄山行】．2-4房方正格局,/buildings/bh8/,85,90,90,1.0588235294117647,39.63529411764706
fb / ar1,leads,齊興_緻-台北市北投區/北士科住宅預售屋,/buildings/ar1/,80,89,96,1.2,22.2625
fb / eh1,formbutton,遠房實價登錄,/,86,88,96,1.1162790697674418,0.011627906976744186
google / organic,(organic),空屋稅的真相？房子閒置前你該考慮的事｜專家觀點地政篇 - 遠雄房地產,/life-proposal/expert_zhu_eht_20250625/,79,88,92,1.1645569620253164,96.36708860759494
google / organic,(organic),專家觀點地政篇：不動產抵押權重點詳解 - 遠雄房地產,/life-proposal/expert_zhu_hypothec_20230815/,75,88,83,1.1066666666666667,136.01333333333332
google / organic,(organic),劉學龍觀點：2025年第三季房地產趨勢 - 商用不動產市場的穩與土地市場的冷 - 遠雄房地產,/life-proposal/expert_liu_commercial-2025q3/,63,88,80,1.2698412698412698,42.77777777777778
fb / fh2,fb12-1,遠房實價登錄,/,87,87,90,1.0344827586206897,0
fb / bh7,fbpage,【遠雄樂元】北屯機捷X好市多，雙首排大道最核心，夠近才最好,/buildings/bh7/,78,87,93,1.1923076923076923,19.67948717948718
google / organic,(organic),建案熱區巡禮：台中港市鎮重劃區生活圈，梧棲、清水躍升熱區 - 遠雄房地產,/life-proposal/area-txg-port_function_20240103/,73,87,82,1.1232876712328768,76.31506849315069
fgr-line / fgr,cleaning_20221223,來場大掃除吧！居家清潔要訣看過來！ - 遠雄房地產,/life-proposal/cleaning_20221223/,81,86,104,1.2839506172839505,94.70370370370371
m.facebook.com / referral,(referral),遠雄星呈-台中市清水區預售屋/新建案-預約賞屋，遠雄房地產,/buildings/h707/,85,85,85,1,0.08235294117647059
google / cpc,CQH1-競品字,村泉蒔美｜門戶端點 從容跨界｜台北生活最美起點,/buildings/cqh1/,80,85,94,1.175,36.05
web-ettoday / eh2,ettoday_202512,遠雄一靚｜楠梓新案．高大特區首發｜早鳥預約中,/buildings/eh2/,72,85,94,1.3055555555555556,68.94444444444444
google / organic,(organic),只有不動產怎麼繳遺產稅？實物抵繳是否划算？｜專家觀點地政篇 - 遠雄房地產,/life-proposal/expert_zhu_property_offset-2_20241220/,68,85,94,1.3823529411764706,103.69117647058823
(direct) / (none),(direct),遠雄房地產精選預售屋(台北、新北、台中、桃園、台南、高雄) - 遠雄房地產,/building-category-tag/featured_pre_sale/,80,84,102,1.275,15.0375
fb / eh2,leads,遠雄一靚｜楠梓新案．高大特區首發｜早鳥預約中,/buildings/eh2/,80,84,91,1.1375,32.7375
tw.search.yahoo.com / referral,(referral),遠房實價登錄,/,74,84,92,1.2432432432432432,2.7837837837837838
(not set),20251209一輪播,熱銷建案一覽：遠雄全台預售屋、新建案、新成屋資訊,/case/search/,28,84,114,4.071428571428571,33.214285714285715
google / organic,(organic),建案熱區巡禮：新北板橋府中與南雅地區 - 遠雄房地產,/life-proposal/area-s-tph_banqiao_nanya_20240820/,73,82,84,1.1506849315068493,46.84931506849315
google / organic,(organic),社區有綠建築標章有何好處？ - 遠雄房地產,/life-proposal/ease_greenbuilding_20230608/,68,82,79,1.161764705882353,39.1764705882353
fgr-line / dh5,20251130,安南重劃首選【遠雄藏萃】全新落成，珍稀戶別釋出！,/buildings/dh5/,67,82,87,1.2985074626865671,10.238805970149254
google / organic,(organic),遠雄琢蘊-高雄市三民區預售屋/新建案-預約賞屋，遠雄房地產,/buildings/h902/,67,82,81,1.208955223880597,36.95522388059702
(not set),20251209一輪播,贈與稅與遺產稅免稅額提高，房屋轉讓給子女的規劃要點 - 遠雄房地產,/life-proposal/gift_tax/,51,82,41,0.803921568627451,41.64705882352941
(not set),20251107一輪播,遠房實價登錄,/,45,82,91,2.022222222222222,0
fgr-line / fgr,expert_zhu_ownership-criteria,自用住宅免稅400萬怎麼申請？「持有、設籍、實住」3點不能忽略 | 專家觀點地政篇 - 遠雄房地產,/life-proposal/expert_zhu_ownership-criteria/,76,81,99,1.3026315789473684,92.6842105263158
google / cpc,taichung,遠房實價登錄,/,79,80,94,1.1898734177215189,0.012658227848101266
google / organic,(organic),聰明買房不吃虧，謄本訊息知多少 - 遠雄房地產,/life-proposal/transcript_20221007/,62,79,75,1.2096774193548387,74.70967741935483
fb / o1,20250422_23-1,遠房實價登錄,/,77,78,85,1.103896103896104,0.987012987012987
fb / paid,120238384775810537,遠雄14期首發【遠雄丰尚】北屯新案．近漢神洲際百貨,/buildings/bh11/,77,77,80,1.0389610389610389,15.662337662337663
web-udn / eh2,udn_202512,遠雄一靚｜楠梓新案．高大特區首發｜早鳥預約中,/buildings/eh2/,73,76,87,1.1917808219178083,61.0958904109589
google / cpc,(organic),熱銷建案一覽：遠雄全台預售屋、新建案、新成屋資訊,/case/search/,70,76,185,2.642857142857143,36.18571428571428
google / organic,(organic),退休以後怎麼住？你適合青銀共居、養生村還是全齡宅？ - 遠雄房地產,/life-proposal/retiredlife_20230220/,66,76,79,1.196969696969697,65.93939393939394
m.facebook.com / referral,(referral),遠雄14期首發【遠雄丰尚】北屯新案．近漢神洲際百貨,/buildings/bh11/,75,75,75,1,1.5466666666666666
google / cpc,20250616_房地產投資,齊興_緻-台北市北投區/北士科住宅預售屋,/buildings/ar1/,71,75,85,1.1971830985915493,11
fb / h707,40,遠雄星呈-台中市清水區預售屋/新建案-預約賞屋，遠雄房地產,/buildings/h707/,71,75,77,1.0845070422535212,32.859154929577464
google_kw / BH8,20240816_台中 建案,台中西屯建案【遠雄洄山行】．2-4房方正格局,/buildings/BH8/,69,75,84,1.2173913043478262,41.608695652173914
(not set),(not set),遠房實價登錄,/,71,74,46,0.647887323943662,0
google / cpc,competitor,大河商爵-台北市士林區廠辦/預售新建案-預約賞屋，遠創力行銷,/buildings/dgm1/,71,74,79,1.1126760563380282,23.845070422535212
google / organic,(organic),台經院產經資料庫總監、APIAA院士  劉佩真 彙整 - 遠雄房地產,/life-proposal-category/expert_point/pei_zhen/,67,74,74,1.1044776119402986,17.417910447761194
google / organic,(organic),蓋好蓋滿還是適度留白？一次搞懂建蔽率與容積率 - 遠雄房地產,/life-proposal/build_rate/,66,74,72,1.0909090909090908,51.59090909090909
google / organic,(organic),[影音] 地面師詐騙實例解析 - 三招防止房產被冒名過戶！ - 遠雄房地產,/life-proposal/expert_zhu_taiwan-land-scam/,64,74,68,1.0625,68.8125
google / organic,(organic),關於遠創力 - 遠雄房地產,/about/telecreative_marketing/,59,74,84,1.423728813559322,28.440677966101696
(not set),20251209一輪播,遠雄房地產：最懂生活的購屋專家,/,23,74,85,3.6956521739130435,31.043478260869566
fb / hm2,20251102,遠雄MetaLink科技園區 | 機捷A7．A8站▕ VIP企業席次開放預約中,/buildings/hm2/,68,73,77,1.1323529411764706,19.41176470588235
google / organic,(organic),專家觀點地政篇：防範代書詐騙，如何查詢地政士的合法性？ - 遠雄房地產,/life-proposal/expert_zhu_expert_zhu_land-agent_20250917/,68,73,77,1.1323529411764706,83.83823529411765
google / organic,(organic),[影音] 豪宅稅跟你也有關係：有房族注意！影響與計算不可不知 - 遠雄房地產,/life-proposal/expert_zhu_mansion-tax-count_vedio_20250625/,67,73,76,1.1343283582089552,109.95522388059702
google / cpc,information4,遠雄一靚｜楠梓新案．高大特區首發｜早鳥預約中,/buildings/eh2/,64,73,83,1.296875,15.84375
fb / bh5,leads,遠雄琉蘊 -台中市西屯區七期預售屋/新建案-預約賞屋，遠雄房地產,/buildings/bh5/,69,72,73,1.0579710144927537,26.6231884057971
google / organic,(organic),熱銷建案一覽：遠雄全台預售屋、新建案、新成屋資訊,/case/search/page/4/,67,72,97,1.4477611940298507,24.134328358208954
google / organic,(organic),[影音] 科學園區帶動房市新熱潮：竹科、中科、南科的投資分析｜劉佩真觀點 - 遠雄房地產,/life-proposal/expert_peizhen_science-park-housing/,60,72,69,1.15,49.266666666666666
google / organic,(organic),[影音] 婚前買房v.s婚後買房｜房子登記誰的名字好｜專家觀點地政篇 - 遠雄房地產,/life-proposal/expert_zhu_marriage_20230614/,59,72,72,1.2203389830508475,96.16949152542372
m.facebook.com / referral,(referral),遠雄一靚｜楠梓新案．高大特區首發｜早鳥預約中,/buildings/eh2/,71,71,71,1,0.43661971830985913
google / cpc,(organic),遠雄房地產精選預售屋(台北、新北、台中、桃園、台南、高雄) - 遠雄房地產,/building-category-tag/featured_pre_sale/,70,71,94,1.3428571428571427,16.814285714285713
google / cpc,BSTP,大河商爵-台北市士林區廠辦/預售新建案-預約賞屋，遠創力行銷,/buildings/dgm1/,63,71,77,1.2222222222222223,23.253968253968253
google / organic,(organic),2026年房地產市場將面臨八大考驗｜李同榮觀點 - 遠雄房地產,/life-proposal/expert_li_housing-challenges-2026/,60,71,69,1.15,60.3
(not set),20251209一輪播,【遠雄樂元】北屯機捷X好市多，雙首排大道最核心，夠近才最好,/buildings/bh7/,46,71,35,0.7608695652173914,5.804347826086956
line-lap / bh7,lap-1,【遠雄樂元】北屯機捷X好市多，雙首排大道最核心，夠近才最好,/buildings/bh7/,10,71,70,7,6.8
fb / bh7,fbpage,遠房實價登錄,/,65,70,74,1.1384615384615384,0
googlemap / o1,googlemap,遠雄房地產：最懂生活的購屋專家,/,63,70,78,1.2380952380952381,9.222222222222221
fb / bh10,fbearlybird_form,遠房實價登錄,/,69,69,74,1.0724637681159421,0
google / cpc,extension,齊興_緻-台北市北投區/北士科住宅預售屋,/buildings/ar1/,68,69,89,1.3088235294117647,33.0735294117647
google / organic,(organic),基礎建設＋結構保固：一次了解大地工程的基本概念 - 遠雄房地產,/life-proposal/construction-base/,62,69,70,1.1290322580645162,46.774193548387096
(direct) / (none),(direct),遠雄信義CENTER-新北市板橋區廠辦.商辦/預售新建案-預約賞屋,/buildings/fm3/,58,69,73,1.2586206896551724,25.96551724137931
google / organic,(organic),全球貨幣戰：穩定幣的發展與投資機會 | 財經M平方觀點 - 遠雄房地產,/life-proposal/expert_macromicro_stablecoin/,51,69,61,1.196078431372549,98.72549019607843
google / organic,(organic),地震來的時候你家安全嗎? 一次搞懂抗震建築 - 遠雄房地產,/life-proposal/earthquake/,63,68,79,1.253968253968254,48.6031746031746
google / organic,(organic),買房大小事：銀行貸款對保必備文件 - 遠雄房地產,/life-proposal/land_documents/,52,68,65,1.25,57.82692307692308
google / cpc,20251101-2-1,齊興_緻-台北市北投區/北士科住宅預售屋,/buildings/ar1/,43,68,67,1.558139534883721,2.744186046511628
google / cpc,competitor,【遠雄樂元】北屯機捷X好市多，雙首排大道最核心，夠近才最好,/buildings/bh7/,62,67,70,1.1290322580645162,34.12903225806452
google / organic,(organic),楠梓高大特區寵物友善地點推薦：必訪5家餐廳＋3大寵物同樂好去處 - 遠雄房地產,/life-proposal/area-kaohsiung-nanzi_nuk_pet-cafe_20250613/,57,67,70,1.2280701754385965,44.07017543859649
google / organic,(organic),買房大小事：法人住宅購屋貸款注意事項 - 遠雄房地產,/life-proposal/land_corporation/,53,67,68,1.2830188679245282,64.24528301886792
(not set),(not set),聯上智科｜北士科AI總部 輝達核心軸線 -台北市北投區商辦/預售新建案-預約賞屋，遠創力行銷,/buildings/5vo1/,40,67,29,0.725,28.75
google_kw / BH8,20240816_台中高價建案,遠房實價登錄,/,66,66,78,1.1818181818181819,0.2727272727272727
google_kw / BH8,20240816_透天/豪宅/別墅,遠房實價登錄,/,65,66,91,1.4,0
ig / social,ig,遠雄房地產：最懂生活的購屋專家,/,64,66,72,1.125,8.75
google / organic,(organic),公設比多少合理？秒懂公設定義與公設比計算–「首購族看房買屋攻略」 - 遠雄房地產,/life-proposal/ratio_of_public_area/,57,66,63,1.105263157894737,54.31578947368421
fb / bh5,leads,遠房實價登錄,/,65,65,69,1.0615384615384615,0.3076923076923077
google / organic,(organic),建案熱區巡禮：中和翻轉！北台灣電子製造業最大產業聚落  - 遠雄房地產,/life-proposal/area-l-newtaipei-zhonghe_20220923/,50,65,61,1.22,111.6
(direct) / (none),(direct),自用住宅免稅400萬怎麼申請？「持有、設籍、實住」3點不能忽略 | 專家觀點地政篇 - 遠雄房地產,/life-proposal/expert_zhu_ownership-criteria/,62,64,65,1.0483870967741935,58.33870967741935
(direct) / (none),(direct),遠雄沐蘊-高雄市三民區預售屋/新建案-預約賞屋,/buildings/eh5/,63,63,78,1.2380952380952381,38.06349206349206
google / organic,(organic),遠雄仰森,/HH3/main,36,63,79,2.1944444444444446,28.88888888888889
(not set),(not set),遠雄一靚｜楠梓新案．高大特區首發｜早鳥預約中,/buildings/eh2/,26,63,12,0.46153846153846156,14.461538461538462
fb / cqh1,fb-30,村泉蒔美｜門戶端點 從容跨界｜台北生活最美起點,/buildings/cqh1/,60,62,70,1.1666666666666667,31.583333333333332
google / organic,(organic),熱銷建案一覽：遠雄全台預售屋、新建案、新成屋資訊,/case/search/page/5/,56,62,68,1.2142857142857142,14.267857142857142
google / organic,(organic),劉佩真觀點：2025年第三季房市觀測-政策觀望期延續，市場靜待轉折契機 - 遠雄房地產,/life-proposal/expert_peizhen_2025q3review/,54,62,63,1.1666666666666667,130.1851851851852
avivid / bh11,20251212,隱私權聲明 - 遠雄房地產,/privacy/,48,62,64,1.3333333333333333,54.583333333333336
google / organic,(organic),何世昌觀點：2025年北台灣房市潛力區域專題報導-10大優質投資區域分析 - 遠雄房地產,/life-proposal/expert_hoshichang_northern-potential/,40,62,58,1.45,72.15
google / organic,(organic),專家觀點：解析房市動向與購屋建議 -遠雄房地產,/life_proposal/experts_point/,22,62,114,5.181818181818182,105.95454545454545
google / organic,(organic),房地一族看過來，與你有關的國稅局查稅重點 - 遠雄房地產,/life-proposal/tax_inspection_20230119/,58,60,63,1.0862068965517242,56.13793103448276
google / cpc,Shilin,大河商爵-台北市士林區廠辦/預售新建案-預約賞屋，遠創力行銷,/buildings/dgm1/,57,60,69,1.2105263157894737,28.666666666666668
google_kw / dh2,(not set),台南永康新建案【遠雄山禾】-鹽行特區．3-4房,/buildings/dh2/,54,60,66,1.2222222222222223,15.425925925925926
google / organic,(organic),大河商爵-台北市士林區廠辦/預售新建案-預約賞屋，遠創力行銷,/buildings/dgm1/,51,60,69,1.3529411764705883,29.49019607843137
google / organic,(organic),交屋型態差在哪？ 標配屋、實品屋、毛胚屋比一比 - 遠雄房地產,/life-proposal/handover202206010/,40,60,62,1.55,66.6
google / cpc,20251204,"Farglory Phase 14 Launch: Farglory Fengshang, a new project in Beitun, near Hanshin Intercontinental Department Store.",/buildings/bh11/,55,59,4,0.07272727272727272,31.87272727272727
google / organic,(organic),[影音] 專家觀點地政篇：婚前買房v.s婚後買房｜房子登記誰的名字好？ - 遠雄房地產,/life-proposal/expert_zhu_marriage_20230614/,53,59,60,1.1320754716981132,73.13207547169812
google / cpc,20250829,遠雄14期首發【遠雄丰尚】北屯新案．近漢神洲際百貨,/buildings/bh11/,2,59,59,29.5,12
fb / O1,120227538157820464,遠雄房地產：最懂生活的購屋專家,/,56,57,73,1.3035714285714286,16.875
(direct) / (none),(direct),熱銷建案：預售屋、新建案、新成屋 -遠雄房地產,/case/,56,57,80,1.4285714285714286,11.375
google / organic,(organic),突然跳電要怎麼處理？六個步驟跟著做！【居家百科】 - 遠雄房地產,/life-proposal/trip/,55,57,58,1.0545454545454545,37.527272727272724
google / organic,(organic),專家觀點地政篇：限貸令對各族群影響 (下) 首購、換屋、繼承族群影響為何? - 遠雄房地產,/life-proposal/expert_zhu_loan-restriction2_20250219/,47,57,55,1.1702127659574468,61.5531914893617
google / organic,(organic),建案熱區巡禮：台南中西區運河星鑽特區，重塑台南的歷史與現代風貌 - 遠雄房地產,/life-proposal/area-s-tainan_west-central_diamond_20250425/,29,56,51,1.7586206896551724,59.172413793103445
fb / bh8,fb19-1,遠房實價登錄,/,55,55,56,1.018181818181818,0
m.facebook.com / referral,(referral),村泉蒔美｜門戶端點 從容跨界｜台北生活最美起點,/buildings/cqh1/,55,55,59,1.0727272727272728,8.254545454545454
fb / bh8,fb20-1,台中西屯建案【遠雄洄山行】．2-4房方正格局,/buildings/bh8/,54,55,58,1.0740740740740742,39.77777777777778
fb / bh11,11-2,遠雄14期首發【遠雄丰尚】北屯新案．近漢神洲際百貨,/buildings/bh11/,53,54,62,1.169811320754717,28.22641509433962
fgr-line / dh5,20251130,遠房實價登錄,/,52,54,57,1.0961538461538463,0
google_kw / BH8,20240816_台中 建案,遠房實價登錄,/,51,54,83,1.6274509803921569,0
fb / h713,108,遠雄幸福成｜即將落成 - 台中市清水區預售/新建案-預約賞屋，遠雄房地產,/buildings/h713/,51,54,55,1.0784313725490196,40.05882352941177
google_kw / 5vo1,202511,輝達落腳時程出爐，北士科商辦掀全球卡位戰 - 遠雄房地產,/life-proposal/nvidia-beishi-office/,43,54,55,1.2790697674418605,70.34883720930233
fb / paid,120229456515280138,【遠雄樂元】北屯機捷X好市多，雙首排大道最核心，夠近才最好,/buildings/bh7/,52,53,56,1.0769230769230769,17.153846153846153
google / organic,(organic),你買到的法定空地是什麼？｜專家觀點地政篇 - 遠雄房地產,/life-proposal/expert_zhu_property_openspace_20240705/,48,53,55,1.1458333333333333,78.5625
fgr-line / fgr,expert_hoshichang_south-potential,2025年南台灣房市潛力區域專題報導 - 10大優質投資區域分析｜何世昌觀點 - 遠雄房地產,/life-proposal/expert_hoshichang_south-potential/,47,53,71,1.5106382978723405,81.42553191489361
google / cpc,extension,遠房實價登錄,/,52,52,80,1.5384615384615385,0
googlemap / jjh1,googlemap,找不到頁面 - 遠雄房地產,/buildings/jjh1,51,52,54,1.0588235294117647,1.3333333333333333
google / organic,(organic),高雄楠梓區高大特區寵物友善景點散步趣：與毛孩共享綠意生活 - 遠雄房地產,/life-proposal/area-kaohsiung-nanzi_nuk_pet-walk_20250606/,49,52,58,1.183673469387755,29.816326530612244
google / organic,(organic),何世昌觀點：2025年中台灣房市潛力區域專題報導 -10大優質投資區域分析 - 遠雄房地產,/life-proposal/expert_hoshichang_central-potential/,49,52,52,1.0612244897959184,75.57142857142857
google / organic,(organic),加入遠雄 築夢齊飛！-遠雄房地產,/contact_service/join_farglory/,41,52,59,1.4390243902439024,29.195121951219512
google / organic,(organic),建案熱區巡禮：台南永康產業交通齊發光，宜居現在進行式！ - 遠雄房地產,/life-proposal/yongkang/,23,52,55,2.391304347826087,133.6086956521739
fb / bh7,12,【遠雄樂元】北屯機捷X好市多，雙首排大道最核心，夠近才最好,/buildings/bh7/,50,51,55,1.1,16.42
web-cnyes / bh11,2512,遠雄14期首發【遠雄丰尚】北屯新案．近漢神洲際百貨,/buildings/bh11/,49,51,52,1.0612244897959184,30.612244897959183
google / cpc,information2,遠雄一靚｜楠梓新案．高大特區首發｜早鳥預約中,/buildings/eh2/,49,51,60,1.2244897959183674,25.93877551020408
fb / fh2,fb12-2,遠雄合雅｜板橋之心・合院之上｜2~3房．24~66坪,/buildings/fh2/,45,51,50,1.1111111111111112,16.77777777777778
(direct) / (none),(direct),何世昌觀點：2025年南台灣房市潛力區域專題報導 - 10大優質投資區域分析 - 遠雄房地產,/life-proposal/expert_hoshichang_south-potential/,38,51,54,1.4210526315789473,42.55263157894737
google / organic,(organic),[影音] 專家觀點地政篇：購屋族如何解套？！限貸令成數如何突破 - 遠雄房地產,/life-proposal/expert_zhu_property_loan-ratio_vedio_20250131/,35,51,48,1.3714285714285714,39.2
google_kw / bh5,(not set),遠雄琉蘊 -台中市西屯區七期預售屋/新建案-預約賞屋，遠雄房地產,/buildings/bh5/,21,51,75,3.5714285714285716,14.952380952380953
fb / paid,120238552444900537,遠雄14期首發【遠雄丰尚】北屯新案．近漢神洲際百貨,/buildings/bh11/,50,50,53,1.06,13.36
(data not available),(cross-network),大河商爵-台北市士林區廠辦/預售新建案-預約賞屋，遠創力行銷,/buildings/dgm1/,50,50,85,1.7,8.9
google / organic,(organic),民法成年年齡下修至18歲，不動產稅賦有何影響？ - 遠雄房地產,/life-proposal/civil-law_20221125/,46,50,53,1.1521739130434783,49.32608695652174
google / organic,(organic),[影音] 地面師詐騙實例解析 - 三招防止房產被冒名過戶｜專家觀點地政篇 - 遠雄房地產,/life-proposal/expert_zhu_taiwan-land-scam/,45,50,53,1.1777777777777778,74.4
google_kw / dh2,(not set),遠房實價登錄,/,44,50,56,1.2727272727272727,0.022727272727272728
google / organic,(organic),專家觀點地政篇：合資買房如何保障自身權益？ - 遠雄房地產,/life-proposal/expert_zhu_buyhouse_joint_20240117/,43,50,48,1.1162790697674418,79.69767441860465
google / cpc,20250918,遠雄14期首發【遠雄丰尚】北屯新案．近漢神洲際百貨,/buildings/bh11/,28,50,57,2.0357142857142856,9.607142857142858
fb / paid,120222247205050066,村泉蒔美｜門戶端點 從容跨界｜台北生活最美起點,/buildings/cqh1/,48,49,50,1.0416666666666667,45.875
fb / fh2,leads,遠雄合雅｜板橋之心・合院之上｜2~3房．24~66坪,/buildings/fh2/,48,49,50,1.0416666666666667,12.104166666666666
fb / bh5,47,遠雄琉蘊 -台中市西屯區七期預售屋/新建案-預約賞屋，遠雄房地產,/buildings/bh5/,46,49,53,1.1521739130434783,48.45652173913044
google / cpc,(organic),遠雄沐蘊-高雄市三民區預售屋/新建案-預約賞屋,/buildings/eh5/,46,49,62,1.3478260869565217,35.69565217391305
google / organic,(organic),專家觀點地政篇：生前贈與還是繳遺產稅，哪個比較划算？結果可能超乎你的想像 - 遠雄房地產,/life-proposal/expert_zhu_gift-and-estate-tax_20250509/,46,49,57,1.2391304347826086,123.80434782608695
google / organic,(organic),建案熱區巡禮：台南永康區大灣重劃區生活圈 - 遠雄房地產,/life-proposal/area-tnn-dawan_function_20231129/,41,49,48,1.170731707317073,97.78048780487805
google / organic,(organic),建案熱區巡禮：北士科的園區規畫與在地生活圈！科技廊道最後一塊拼圖將完整 - 遠雄房地產,/life-proposal/area-s-taipei-shilinbstp20220520/,40,49,53,1.325,77.025
sms / aep-cdp,CRM-001-D,熱銷建案一覽：遠雄全台預售屋、新建案、新成屋資訊,/case/search/,36,49,65,1.8055555555555556,20.61111111111111
gdn / hm2,202511,遠雄MetaLink科技園區 | 機捷A7．A8站▕ VIP企業席次開放預約中,/buildings/hm2/,48,48,49,1.0208333333333333,12.916666666666666
google / organic,(organic),建案熱區巡禮：台中西屯區七期重劃區生活圈 - 遠雄房地產,/life-proposal/area-txg-7th_function_20231107/,43,48,45,1.0465116279069768,45.372093023255815
(not set),(not set),村泉蒔美｜門戶端點 從容跨界｜台北生活最美起點,/buildings/cqh1/,26,48,13,0.5,16.615384615384617
google / cpc,information4,遠雄14期首發【遠雄丰尚】北屯新案．近漢神洲際百貨,/buildings/bh11/,46,47,60,1.3043478260869565,21.652173913043477
google / organic,(organic),建案熱區巡禮：台中北屯14期重劃區生活圈，打造北台中的新興生活核心 - 遠雄房地產,/life-proposal/area_txg_beitun_14th_function_20250829/,42,47,47,1.119047619047619,43.285714285714285
google / organic,(organic),建案熱區巡禮：桃園小檜溪(青溪特區)舊商圈+眾多綠地的宜人生活 - 遠雄房地產,/life-proposal/area-s-taoyuan-green20220520/,37,47,49,1.3243243243243243,66.72972972972973
line-lap / ar1,20250718,齊興_緻-台北市北投區/北士科住宅預售屋,/buildings/ar1/,33,47,48,1.4545454545454546,3.9696969696969697
google / cpc,20250718,齊興_緻-台北市北投區/北士科住宅預售屋,/buildings/ar1/,28,47,47,1.6785714285714286,1.7142857142857142
(direct) / (none),(direct),齊興緻-邱美鈴-遠雄房地產 Farglory-Realty,/AR1/b5758,11,47,51,4.636363636363637,11.727272727272727
(not set),20251107一輪播,遠雄琉蘊 -台中市西屯區七期預售屋/新建案-預約賞屋，遠雄房地產,/buildings/bh5/,8,47,39,4.875,5
google / cpc,20250616_房地產投資,遠房實價登錄,/,46,46,51,1.108695652173913,0
google / organic,(organic),遠雄房地產精選預售屋(台北、新北、台中、桃園、台南、高雄) - 遠雄房地產,/building-category-tag/featured_pre_sale/,45,46,56,1.2444444444444445,11.933333333333334
fb / bh5,47,遠房實價登錄,/,44,46,50,1.1363636363636365,0.9090909090909091
google / organic,(organic),[影音] 豪宅稅跟你也有關係：有房族注意！影響與計算不可不知｜專家觀點地政篇 - 遠雄房地產,/life-proposal/expert_zhu_mansion-tax-count_vedio_20250625/,44,46,48,1.0909090909090908,129.36363636363637
google / organic,(organic),永然法律不動產專欄：預售屋買賣契約中的交屋保留款與建材設備約定 - 遠雄房地產,/life-proposal/expert_law_y-rlee_retention-money_20250704/,43,46,44,1.0232558139534884,111.06976744186046
(direct) / (none),(direct),聯上智科｜北士科AI總部 輝達核心軸線 -台北市北投區商辦/預售新建案-預約賞屋，遠創力行銷,/buildings/5vo1/,41,46,58,1.4146341463414633,33.19512195121951
fb / cqh1,fb-32,村泉蒔美｜門戶端點 從容跨界｜台北生活最美起點,/buildings/cqh1/,41,46,46,1.1219512195121952,18.097560975609756
google / cpc,(not set),遠雄一靚｜楠梓新案．高大特區首發｜早鳥預約中,/buildings/eh2/,41,46,52,1.2682926829268293,29.195121951219512
google / organic,(organic),劉佩真觀點：辦公室租賃將告別房東市場，然企業升級需求為重點 - 遠雄房地產,/life-proposal/expert_peizhen_office-rental_20250805/,32,46,43,1.34375,51.59375
google / cpc,(not set),遠房實價登錄,/,44,45,58,1.3181818181818181,0.7954545454545454
google / organic,(organic),永然法律不動產專欄：預售屋買賣契約簽約時應注意「契約審閱期」 - 遠雄房地產,/life-proposal/expert_law_y-rlee_contract_20250613/,42,45,47,1.119047619047619,72.04761904761905
line-fgr / bh7,linefgrbh7,【遠雄樂元】北屯機捷X好市多，雙首排大道最核心，夠近才最好,/buildings/bh7/,37,45,58,1.5675675675675675,35.45945945945946
line-lap / ar1,20251017-2-1,遠房實價登錄,/,31,45,45,1.4516129032258065,0
fb / ar1,leads,遠房實價登錄,/,43,44,46,1.069767441860465,0
google / organic,(organic),專家觀點地政篇：私法人取得不動產的限制 - 遠雄房地產,/life-proposal/expert_zhu_private-corporation_20231114/,41,44,47,1.146341463414634,56.53658536585366
fb / fbpage,(referral),村泉蒔美｜門戶端點 從容跨界｜台北生活最美起點,/buildings/cqh1/,40,44,45,1.125,21.475
google / organic,(organic),2025年中台灣房市潛力區域專題報導 -10大優質投資區域分析｜何世昌觀點 - 遠雄房地產,/life-proposal/expert_hoshichang_central-potential/,38,44,44,1.1578947368421053,89.5
google / organic,(organic),生活提案： 專家房市觀點、空間美學指南 -遠雄房地產,/life_proposal/,31,43,62,2,11.225806451612904
google / cpc,20251204,"Peluncuran Farglory Fase 14: Farglory Fengshang, proyek baru di Beitun, dekat Department Store Hanshin Intercontinental.",/buildings/bh11/,29,43,4,0.13793103448275862,28.655172413793103
line-lap / bh10,line-lap20256-8,北屯敦富路【遠雄敦富】- 北屯機捷預售屋．近好市多,/buildings/bh10/,23,43,46,2,6.782608695652174
fb / fh2,leads,遠房實價登錄,/,42,42,43,1.0238095238095237,0
fb / eh2,10-1,遠雄一靚｜楠梓新案．高大特區首發｜早鳥預約中,/buildings/eh2/,41,42,45,1.0975609756097562,26.73170731707317
google / organic,(organic),關於我們-遠雄房地產,/about/,37,42,57,1.5405405405405406,9.135135135135135
google / organic,(organic),遠創力行銷-未來店 | 全房產 專業仲介服務,/buildings/8hgs01/,37,42,43,1.162162162162162,19.864864864864863
fgr-line / H707,20221519,遠雄星呈-台中市清水區預售屋/新建案-預約賞屋，遠雄房地產,/buildings/H707/,36,42,43,1.1944444444444444,35.166666666666664
google / organic,(organic),合資買房如何保障自身權益？｜專家觀點地政篇 - 遠雄房地產,/life-proposal/expert_zhu_buyhouse_joint_20240117/,31,42,45,1.4516129032258065,72.25806451612904
google / organic,(organic),建案熱區巡禮：台南永康區鹽行國中重劃區生活圈 - 遠雄房地產,/life-proposal/area_tnnyongkang_redevelop_yanxing_20230901/,25,42,48,1.92,76.72
fb / paid,120210867110050402,北士科建案【遠雄泱玥】水岸首排．57-75坪,/buildings/ah2/,41,41,42,1.024390243902439,27.146341463414632
ig / paid,120222247205050066,村泉蒔美｜門戶端點 從容跨界｜台北生活最美起點,/buildings/cqh1/,41,41,41,1,36.390243902439025
fb / bh11,12-1,遠雄14期首發【遠雄丰尚】北屯新案．近漢神洲際百貨,/buildings/bh11/,40,41,48,1.2,23.125
(direct) / (none),(direct),[影音] 北士科潛力揭密：輝達進駐引爆房市三大變革｜何世昌觀點 - 遠雄房地產,/life-proposal/影音-輝達北士科總部設立：帶動台北房市三大變/,40,41,52,1.3,18.95
fb / 5vo1,202510_6,聯上智科｜北士科AI總部 輝達核心軸線 -台北市北投區商辦/預售新建案-預約賞屋，遠創力行銷,/buildings/5vo1/,39,41,47,1.205128205128205,1.1794871794871795
leju / bh11,放鬆不必遠行,遠雄14期首發【遠雄丰尚】北屯新案．近漢神洲際百貨,/buildings/bh11/,39,41,52,1.3333333333333333,2.1538461538461537
google / organic,(organic),2025年南台灣房市潛力區域專題報導 - 10大優質投資區域分析｜何世昌觀點 - 遠雄房地產,/life-proposal/expert_hoshichang_south-potential/,38,41,43,1.131578947368421,87
(direct) / (none),(direct),2024十大建商出爐！大建商穩，小建商靈活，買家如何選邊站？ - 遠雄房地產,/life-proposal/kw_brand_construction_20240109/,38,41,40,1.0526315789473684,33.23684210526316
fb / bh10,fb10-8,北屯敦富路【遠雄敦富】- 北屯機捷預售屋．近好市多,/buildings/bh10/,37,41,44,1.1891891891891893,41.810810810810814
google / cpc,(organic),台中西屯建案【遠雄洄山行】．2-4房方正格局,/buildings/bh8/,37,41,46,1.2432432432432432,48.027027027027025
line / bh11,20250918,遠雄14期首發【遠雄丰尚】北屯新案．近漢神洲際百貨,/buildings/bh11/,11,41,42,3.8181818181818183,3.3636363636363638
google / organic,(organic),建案熱區巡禮：台中北屯機廠重劃區-學區篇 - 遠雄房地產,/life-proposal/area_txg_beitun_depot_school_20240522/,37,40,41,1.1081081081081081,42.972972972972975
(direct) / (none),(direct),隱私權聲明 - 遠雄房地產,/privacy/,38,40,40,1.0526315789473684,10.052631578947368
fb / eh1,2-4,高雄建案推薦【遠雄峰蘊】- 三民區預售屋．近科工館,/buildings/eh1/,37,40,39,1.054054054054054,8.378378378378379
fb / bh8,fb20-1,遠房實價登錄,/,39,40,42,1.0769230769230769,0
google / organic,(organic),建案熱區巡禮：台南中西區運河星鑽特區生活圈 - 百年港町再出發的現代風華 - 遠雄房地產,/life-proposal/area-s-tainan_west-central_redevelop_diamond_20250502/,35,40,41,1.1714285714285715,28.714285714285715
avivid / bh11,20251212,远雄14期首发【远雄丰尚】北屯新案．近汉神洲际百货,/buildings/bh11/,33,40,0,0,48.54545454545455
yahoo_native / bh5,(not set),遠房實價登錄,/,12,40,41,3.4166666666666665,0
yahoo_native / bh5,(not set),遠雄琉蘊 -台中市西屯區七期預售屋/新建案-預約賞屋，遠雄房地產,/buildings/bh5/,12,40,38,3.1666666666666665,14.5
google / organic,(organic),限貸令對各族群影響 (下) 首購、換屋、繼承族群影響為何?｜專家觀點地政篇 - 遠雄房地產,/life-proposal/expert_zhu_loan-restriction2_20250219/,35,39,37,1.0571428571428572,71.37142857142857
tw.search.yahoo.com / referral,(referral),自用住宅免稅400萬怎麼申請？「持有、設籍、實住」3點不能忽略 | 專家觀點地政篇 - 遠雄房地產,/life-proposal/expert_zhu_ownership-criteria/,34,39,38,1.1176470588235294,144.1764705882353
google / organic,(organic),停車位眉角多：車位怎麼選？一個車位可以停兩部車嗎？ - 遠雄房地產,/life-proposal/parking_space20220615/,34,39,41,1.2058823529411764,53.64705882352941
google / cpc,20251204,隱私權聲明 - 遠雄房地產,/privacy/,34,39,62,1.8235294117647058,31.235294117647058
google / organic,(organic),劉佩真觀點：銀髮住宅可望成為台灣房地產市場的新藍海 - 遠雄房地產,/life-proposal/expert_peizhen_commercial_elderly-residence_20250509/,31,39,37,1.1935483870967742,74.48387096774194
(not set),(not set),【遠雄樂元】北屯機捷X好市多，雙首排大道最核心，夠近才最好,/buildings/bh7/,29,39,15,0.5172413793103449,21.655172413793103
google / organic,(organic),全球超長債殖利率飆升：結構性壓力與長短期解方全解析 - 遠雄房地產,/life-proposal/expert_macromicro_global-bond-yields/,28,39,39,1.3928571428571428,158.28571428571428
(not set),20251107一輪播,遠雄14期首發【遠雄丰尚】北屯新案．近漢神洲際百貨,/buildings/bh11/,8,39,40,5,12.5
EDM / referral,滿意度問券,遠雄房地產：最懂生活的購屋專家,/,30,38,39,1.3,9.1
google / organic,(organic),地震來的時候你家安全嗎? 一次搞懂制震器 - 遠雄房地產,/life-proposal/earthquake-taylor/,37,38,40,1.0810810810810811,50.4054054054054
google / organic,(organic),新成屋、預售屋簽約注意事項–「首購族看房買屋攻略」 - 遠雄房地產,/life-proposal/contract/,36,38,48,1.3333333333333333,57.97222222222222
fb / h713,113,遠雄幸福成｜即將落成 - 台中市清水區預售/新建案-預約賞屋，遠雄房地產,/buildings/h713/,34,38,39,1.1470588235294117,53.11764705882353
fb / fm3,fb4-1,遠雄信義CENTER-新北市板橋區廠辦.商辦/預售新建案-預約賞屋,/buildings/fm3/,33,38,39,1.1818181818181819,2.6666666666666665
mkto-sn070013.com / referral,(referral),自用住宅免稅400萬怎麼申請？「持有、設籍、實住」3點不能忽略 | 專家觀點地政篇 - 遠雄房地產,/life-proposal/expert_zhu_ownership-criteria/,33,38,40,1.2121212121212122,87.15151515151516
bing / organic,(organic),遠房實價登錄,/,31,38,45,1.4516129032258065,0
google_kw / BH8,20240816_台中中科,台中西屯建案【遠雄洄山行】．2-4房方正格局,/buildings/BH8/,37,38,41,1.1081081081081081,25.64864864864865
dogreat.com.tw / referral,(referral),大河商爵-台北市士林區廠辦/預售新建案-預約賞屋，遠創力行銷,/buildings/dgm1/,30,38,46,1.5333333333333334,63.266666666666666
(direct) / (none),(direct),換屋族看過來，房地合一稅與土增稅要點筆記！ - 遠雄房地產,/life-proposal/house_and_land/,30,38,33,1.1,67.2
(not set),20251023一輪播,遠雄一靚｜楠梓新案．高大特區首發｜早鳥預約中,/buildings/eh2/,5,38,42,8.4,72
google / organic,(organic),預售屋買賣契約簽約時應注意「契約審閱期」｜永然法律不動產專欄 - 遠雄房地產,/life-proposal/expert_law_y-rlee_contract_20250613/,32,37,36,1.125,65.84375
fgr-line / eh5,20251205,遠雄沐蘊-高雄市三民區預售屋/新建案-預約賞屋,/buildings/eh5/,35,37,39,1.1142857142857143,14.428571428571429
google / organic,(organic),就愛飯店式管理，飯店式住宅成趨勢 - 遠雄房地產,/life-proposal/hotel_property20220624/,33,37,39,1.1818181818181819,59.39393939393939
avivid / bh11,20251212,遠雄房地產精選預售屋(台北、新北、台中、桃園、台南、高雄) - 遠雄房地產,/building-category-tag/featured_pre_sale/,32,37,44,1.375,51.625
fb / fh2,fb12-3,遠雄合雅｜板橋之心・合院之上｜2~3房．24~66坪,/buildings/fh2/,37,37,40,1.0810810810810811,29.89189189189189
(not set),20251107一輪播,遠雄房地產：最懂生活的購屋專家,/,16,37,51,3.1875,45.4375
m.facebook.com / referral,(referral),遠雄沐蘊-高雄市三民區預售屋/新建案-預約賞屋,/buildings/eh5/,36,36,36,1,0.16666666666666666
google / cpc,area,遠雄信義CENTER-新北市板橋區廠辦.商辦/預售新建案-預約賞屋,/buildings/fm3/,35,36,37,1.0571428571428572,31.914285714285715
mkto-sn070013.com / referral,(referral),2025年南台灣房市潛力區域專題報導 - 10大優質投資區域分析｜何世昌觀點 - 遠雄房地產,/life-proposal/expert_hoshichang_south-potential/,29,36,36,1.2413793103448276,138.86206896551724
google / organic,(organic),建案熱區巡禮：高雄楠梓區高大特區 - 學區篇 - 遠雄房地產,/life-proposal/area-kaohsiung-nanzi_nuk_school_20250225/,28,36,38,1.3571428571428572,35.714285714285715
avivid / bh11,20251212,"Farglory Phase 14 Launch: Farglory Fengshang, a new project in Beitun, near Hanshin Intercontinental Department Store.",/buildings/bh11/,24,36,1,0.041666666666666664,38.833333333333336
fb / dgm1,fb11-2,大河商爵-台北市士林區廠辦/預售新建案-預約賞屋，遠創力行銷,/buildings/dgm1/,35,35,35,1,11.714285714285714
leju / eh2,遠雄楠梓新案(藍田公園),遠雄一靚｜楠梓新案．高大特區首發｜早鳥預約中,/buildings/eh2/,35,35,36,1.0285714285714285,35.02857142857143
fb / paid,120233718740630316,【遠雄樂元】北屯機捷X好市多，雙首排大道最核心，夠近才最好,/buildings/bh7/,34,35,43,1.2647058823529411,22.529411764705884
fb / eh2,10-2,遠雄一靚｜楠梓新案．高大特區首發｜早鳥預約中,/buildings/eh2/,34,35,37,1.088235294117647,17.470588235294116
google / organic,(organic),【遠雄一靚】好室智造所 行動策展｜光．再生手作體驗💡 - 遠雄房地產,/activity-report/遠雄一靚-好室智造所行動策展/,33,35,42,1.2727272727272727,32.78787878787879
leju / eh2,fbgroups,遠雄一靚｜楠梓新案．高大特區首發｜早鳥預約中,/buildings/eh2/,33,35,35,1.0606060606060606,16.12121212121212
google / cpc,202511,遠雄房地產：最懂生活的購屋專家,/,29,35,55,1.896551724137931,16.82758620689655
google / organic,(organic),您正在找 - 遠雄房地產,/,27,34,88,3.259259259259259,64.5925925925926
fb / fh2,fb12-2,遠房實價登錄,/,34,34,36,1.0588235294117647,0
fb / eh1,2-4,遠房實價登錄,/,33,34,35,1.0606060606060606,0.15151515151515152
google / cpc,202511,熱銷建案一覽：遠雄全台預售屋、新建案、新成屋資訊,/case/search/,33,34,71,2.1515151515151514,38.21212121212121
fb / bh8,fb22-2,台中西屯建案【遠雄洄山行】．2-4房方正格局,/buildings/bh8/,32,34,39,1.21875,16.5
google / cpc,(organic),【遠雄樂元】北屯機捷X好市多，雙首排大道最核心，夠近才最好,/buildings/bh7/,31,34,43,1.3870967741935485,69.61290322580645
fb / bh7,12,遠房實價登錄,/,34,34,36,1.0588235294117647,0
google / cpc,(organic),高雄建案推薦【遠雄峰蘊】- 三民區預售屋．近科工館,/buildings/eh1/,33,33,37,1.121212121212121,23.515151515151516
fb / hm2,20251101,遠雄MetaLink科技園區 | 機捷A7．A8站▕ VIP企業席次開放預約中,/buildings/hm2/,33,33,34,1.0303030303030303,1.8484848484848484
ig / social,ig,熱銷建案一覽：遠雄全台預售屋、新建案、新成屋資訊,/case/search/,32,33,70,2.1875,28.65625
google / cpc,(not set),遠雄琉蘊 -台中市西屯區七期預售屋/新建案-預約賞屋，遠雄房地產,/buildings/bh5/,31,33,37,1.1935483870967742,12.193548387096774
fb / eh2,11-3,遠雄一靚｜楠梓新案．高大特區首發｜早鳥預約中,/buildings/eh2/,31,33,34,1.096774193548387,5.838709677419355
google / organic,(organic),建案熱區巡禮：高雄三民區 - 學區篇 - 遠雄房地產,/life-proposal/area_hotspot_khh_sanmin_school_20231023/,31,33,34,1.096774193548387,33.25806451612903
socialmedia / fgr,metalink-ai-hub,輝達超微進駐遠雄自貿港，遠雄MetaLink廠辦受惠廊帶效應  - 遠雄房地產,/life-proposal/metalink-ai-hub/,29,33,33,1.1379310344827587,24.03448275862069
farglory.com.tw / referral,(referral),遠雄房地產：最懂生活的購屋專家,/,28,33,37,1.3214285714285714,25.071428571428573
(direct) / (none),(direct),遠雄琢蘊-高雄市三民區預售屋/新建案-預約賞屋，遠雄房地產,/buildings/h902/,27,33,41,1.5185185185185186,46.2962962962963
yahoo_native / bh5,(referral),遠雄琉蘊 -台中市西屯區七期預售屋/新建案-預約賞屋，遠雄房地產,/buildings/bh5/,26,33,28,1.0769230769230769,13.961538461538462
(direct) / (none),(direct),齊興緻-吳若榆-遠雄房地產 Farglory-Realty,/AR1/b4125,21,33,45,2.142857142857143,12.095238095238095
(not set),20251209一輪播,高雄建案推薦【遠雄峰蘊】- 三民區預售屋．近科工館,/buildings/eh1/,21,33,23,1.0952380952380953,29.523809523809526
line-lap / bh7,lap-3,北屯敦富路【遠雄敦富】- 北屯機捷預售屋．近好市多,/buildings/bh10/,13,33,42,3.230769230769231,12.538461538461538
google / cpc,gdn5-7,大河商爵-台北市士林區廠辦/預售新建案-預約賞屋，遠創力行銷,/buildings/dgm1/,6,33,34,5.666666666666667,0.5
fb / h713,108,遠房實價登錄,/,32,32,32,1,0
google / cpc,brand,遠雄信義CENTER-新北市板橋區廠辦.商辦/預售新建案-預約賞屋,/buildings/fm3/,31,32,38,1.2258064516129032,34.61290322580645
google / organic,(organic),防範代書詐騙，如何查詢地政士的合法性？｜專家觀點地政篇 - 遠雄房地產,/life-proposal/expert_zhu_expert_zhu_land-agent_20250917/,31,32,38,1.2258064516129032,59.193548387096776
google / organic,(organic),[影音] 停車位買賣詳細解析-你需要知道的車位權利 - 遠雄房地產,/life-proposal/expert_zhu_property_parking_vedio_20240828/,30,32,33,1.1,68.13333333333334
line-fgr / bh7,linefgrbh7,遠房實價登錄,/,28,32,43,1.5357142857142858,0
google / organic,(organic),什麼是虛坪制？一次了解政府的「虛坪改革」方案 - 遠雄房地產,/life-proposal/kw_meterspolicy_20240513/,28,32,31,1.1071428571428572,113.89285714285714
(direct) / (none),(direct),大河商爵-台北市士林區廠辦/預售新建案-預約賞屋，遠創力行銷,/buildings/dgm1/,25,32,38,1.52,22.36
fb / paid,120229456515280138,遠房實價登錄,/,31,31,33,1.064516129032258,0
fb / paid,120210744263750402,北士科建案【遠雄泱玥】水岸首排．57-75坪,/buildings/ah2/,31,31,38,1.2258064516129032,40.32258064516129
fb / h713,leads,遠雄幸福成｜即將落成 - 台中市清水區預售/新建案-預約賞屋，遠雄房地產,/buildings/h713/,31,31,31,1,0.3548387096774194
fb / bh10,fb10-8,遠房實價登錄,/,30,31,36,1.2,0
fgr-line / eh2,listbutton,遠雄一靚｜楠梓新案．高大特區首發｜早鳥預約中,/buildings/eh2/,30,31,35,1.1666666666666667,50.46666666666667
fb / paid,120224909124380347,遠雄幸福成｜即將落成 - 台中市清水區預售/新建案-預約賞屋，遠雄房地產,/buildings/h713/,30,31,36,1.2,10.9
google / organic,(organic),2021十大建商出爐！購屋前必知的建商評價 - 遠雄房地產,/life-proposal/2021-10/,29,31,33,1.1379310344827587,40.275862068965516
google / cpc,banqiao,遠雄合雅｜板橋之心・合院之上｜2~3房．24~66坪,/buildings/fh2/,28,31,39,1.3928571428571428,37.75
google / organic,(organic),建案熱區巡禮：高雄農十六（凹子底地區）指標豪宅生活區 - 遠雄房地產,/life-proposal/area-s-kaohsiung-farm1620200520/,27,31,35,1.2962962962962963,75.44444444444444
google / organic,(organic),生前贈與還是繳遺產稅，哪個比較划算？結果可能超乎你的想像｜專家觀點地政篇 - 遠雄房地產,/life-proposal/expert_zhu_gift-and-estate-tax_20250509/,27,31,32,1.1851851851851851,127.25925925925925
google / organic,(organic),室內採光不足怎麼辦？採光妙招報你知 - 遠雄房地產,/life-proposal/natural_lighting20220708/,27,31,32,1.1851851851851851,24.703703703703702
google_kw / bh5,(not set),遠房實價登錄,/,18,31,34,1.8888888888888888,0
tw.search.yahoo.com / referral,(referral),遠雄一靚｜楠梓新案．高大特區首發｜早鳥預約中,/buildings/eh2/,15,31,26,1.7333333333333334,67.33333333333333
google_kw / BH8,20240816_台中中科,遠房實價登錄,/,30,30,32,1.0666666666666667,0
fb / bh5,42,遠雄琉蘊 -台中市西屯區七期預售屋/新建案-預約賞屋，遠雄房地產,/buildings/bh5/,29,30,33,1.1379310344827587,40.689655172413794
fb / paid,120222246228310066,村泉蒔美｜門戶端點 從容跨界｜台北生活最美起點,/buildings/cqh1/,29,30,30,1.0344827586206897,32.62068965517241
(direct) / (none),(direct),熱銷建案一覽：遠雄全台預售屋、新建案、新成屋資訊,/case/search/page/2/,29,30,38,1.3103448275862069,32.10344827586207
leju / bh11,風光大棟距,遠雄14期首發【遠雄丰尚】北屯新案．近漢神洲際百貨,/buildings/bh11/,28,30,30,1.0714285714285714,4.392857142857143
google / organic,(organic),專家觀點地政篇：親屬間不動產交易的稅務優化策略與案例解析 - 遠雄房地產,/life-proposal/expert_zhu_second-degree_20250321/,28,30,31,1.1071428571428572,73.35714285714286
webnews / hm2,202512,遠雄MetaLink科技園區 | 機捷A7．A8站▕ VIP企業席次開放預約中,/buildings/hm2/,27,30,31,1.1481481481481481,45.888888888888886
tw.search.yahoo.com / referral,(referral),熱銷建案一覽：遠雄全台預售屋、新建案、新成屋資訊,/case/search/,27,30,59,2.185185185185185,31.666666666666668
fgr-line / fgr,playlist=e93ee4e&video=58b6cce,影像光廊：建案風采-遠雄房地產,/about/brand_gallery/,26,30,46,1.7692307692307692,12.423076923076923
google / organic,(organic),建案熱區巡禮：新竹市東區 - 以科技驅動的繁榮未來 - 遠雄房地產,/life-proposal/area-l-hsinchu-east20240110/,26,30,33,1.2692307692307692,69.07692307692308
yahoo_native / bh5,(referral),遠房實價登錄,/,24,30,33,1.375,0
google / organic,(organic),私法人取得不動產的限制｜專家觀點地政篇 - 遠雄房地產,/life-proposal/expert_zhu_private-corporation_20231114/,24,30,36,1.5,57.416666666666664
(not set),20251209一輪播,北士科建案【遠雄泱玥】水岸首排．57-75坪,/buildings/ah2/,18,30,65,3.611111111111111,16.11111111111111
(not set),20251107一輪播,遠雄一靚｜楠梓新案．高大特區首發｜早鳥預約中,/buildings/eh2/,5,30,30,6,19.6
(not set),20251023一輪播,聯上智科｜北士科AI總部 輝達核心軸線 -台北市北投區商辦/預售新建案-預約賞屋，遠創力行銷,/buildings/5vo1/,3,30,31,10.333333333333334,13.333333333333334
fb / eh5,fb31-5,遠雄沐蘊-高雄市三民區預售屋/新建案-預約賞屋,/buildings/eh5/,26,29,31,1.1923076923076923,23.23076923076923
fb / fh2,fbfanpage,遠雄合雅｜板橋之心・合院之上｜2~3房．24~66坪,/buildings/fh2/,29,29,31,1.0689655172413792,18.379310344827587
fb / paid,120229486716970138,【遠雄樂元】北屯機捷X好市多，雙首排大道最核心，夠近才最好,/buildings/bh7/,28,29,30,1.0714285714285714,30.071428571428573
google / organic,(organic),房子也有說明書，不動產說明書應記載事項你知道嗎？ - 遠雄房地產,/life-proposal/manual20220610/,27,29,30,1.1111111111111112,34.666666666666664
google / organic,(organic),預約賞屋手機驗證 - 遠雄房地產,/mob_verify/,27,29,39,1.4444444444444444,39.370370370370374
ig / paid,120222246228310066,村泉蒔美｜門戶端點 從容跨界｜台北生活最美起點,/buildings/cqh1/,26,29,30,1.1538461538461537,35.03846153846154
fb / bh5,42,遠房實價登錄,/,29,29,33,1.1379310344827587,4.689655172413793
google / organic,(organic),買房學問多，看懂建築材料才安心－建築結構與防水篇 - 遠雄房地產,/life-proposal/building_materials/,26,29,29,1.1153846153846154,81.11538461538461
google / organic,(organic),南台灣產業轉型如何改變房市？影響面向與市場趨勢解析｜劉佩真觀點 - 遠雄房地產,/life-proposal/expert_peizhen_southern-taiwan/,25,29,30,1.2,70.12
google / organic,(organic),借名登記的房地產，也可以作為遺產分割的標的嗎？ | 永然法律不動產專欄 - 遠雄房地產,/life-proposal/expert_law_y-rlee_nominee-inheritance/,23,29,29,1.2608695652173914,103
google / organic,(organic),建案熱區巡禮：桃園青埔大翻身！視野廣闊心也寬裕的首選住所 - 遠雄房地產,/life-proposal/qingpu/,23,29,29,1.2608695652173914,42
mkto-sn070013.com / referral,(referral),影像光廊：建案風采-遠雄房地產,/about/brand_gallery/,22,29,39,1.7727272727272727,6
(direct) / (none),(direct),安南重劃首選【遠雄藏萃】全新落成，珍稀戶別釋出！,/buildings/dh5/,28,28,31,1.1071428571428572,34.32142857142857
fb / 5vo1,2025090501,聯上智科｜北士科AI總部 輝達核心軸線 -台北市北投區商辦/預售新建案-預約賞屋，遠創力行銷,/buildings/5vo1/,27,28,29,1.0740740740740742,5.444444444444445
(direct) / (none),(direct),服務條款-遠雄房地產,/terms-of-service/,26,28,29,1.1153846153846154,26
google / organic,(organic),品牌實力-遠雄房地產,/about/brand_performance_backup/,23,28,56,2.4347826086956523,24.869565217391305
google / organic,(organic),遠雄【好室智造所】全台巡迴從台中港熱鬧啟航，永續藍圖逐步落實 - 遠雄房地產,/activity-report/hauslab_2025/,23,28,31,1.3478260869565217,29.52173913043478
google / organic,(organic),建案熱區巡禮：高雄三民區中都重劃區生活圈 - 遠雄房地產,/life-proposal/area-khh-central_202306719/,22,28,26,1.1818181818181819,35.54545454545455
(not set),20251209一輪播,熱銷建案一覽：遠雄全台預售屋、新建案、新成屋資訊,/case/search/page/2/,14,28,30,2.142857142857143,27.857142857142858
google_gdn / 5vo1,202510-7,聯上智科｜北士科AI總部 輝達核心軸線 -台北市北投區商辦/預售新建案-預約賞屋，遠創力行銷,/buildings/5vo1/,4,28,37,9.25,2
fb / bh5,43,遠雄琉蘊 -台中市西屯區七期預售屋/新建案-預約賞屋，遠雄房地產,/buildings/bh5/,25,27,26,1.04,47.08
google_kw / BH8,extension,台中西屯建案【遠雄洄山行】．2-4房方正格局,/buildings/BH8/,27,27,32,1.1851851851851851,27.037037037037038
google / cpc,area,遠雄一靚｜楠梓新案．高大特區首發｜早鳥預約中,/buildings/eh2/,27,27,31,1.1481481481481481,33.22222222222222
fb / bh8,fb22-3,台中西屯建案【遠雄洄山行】．2-4房方正格局,/buildings/bh8/,26,27,28,1.0769230769230769,26.26923076923077
(data not available),(cross-network),齊興_緻-台北市北投區/北士科住宅預售屋,/buildings/ar1/,25,27,43,1.72,21.64
fb / fh2,fb12-3,遠房實價登錄,/,27,27,27,1,0
google / organic,(organic),房地產借名登記如何保障自己 - 遠雄房地產,/life-proposal/borrow_name_20221118/,25,27,28,1.12,63.04
google / organic,(organic),地上權建物可以買嗎？優缺點一次看 - 遠雄房地產,/life-proposal/superficial_rights/,23,27,26,1.1304347826086956,80.52173913043478
google / organic,(organic),購屋知識：買屋流程、稅法貸款指南 -遠雄房地產,/life_proposal/buying_knowledge/,21,27,30,1.4285714285714286,25.095238095238095
google / organic,(organic),建案熱區巡禮：高雄楠梓區 - 從工業重鎮到經濟新引擎的崛起 - 遠雄房地產,/life-proposal/area-l-kaohsiung-nanzi_20250121/,19,27,38,2,101.78947368421052
fb / cqh1,fb-20,村泉蒔美｜門戶端點 從容跨界｜台北生活最美起點,/buildings/cqh1/,18,27,28,1.5555555555555556,39.5
google / organic,(organic),專家觀點地政篇：私法人房地合一稅的修法與調整 - 遠雄房地產,/life-proposal/expert_zhu_private-corporation_adjust_20231227/,18,27,30,1.6666666666666667,76.72222222222223
(not set),202501003二輪播,遠雄一靚｜楠梓新案．高大特區首發｜早鳥預約中,/buildings/eh2/,8,27,30,3.75,11.375
app.omnichat.ai / referral,(referral),熱銷建案一覽：遠雄全台預售屋、新建案、新成屋資訊,/case/search/page/2/,1,27,26,26,9
fb / bh5,43,遠房實價登錄,/,25,26,26,1.04,0
(data not available),(cross-network),遠雄THE ONE-高雄市前鎮區新成屋/新建案-預約賞屋,/buildings/o1/,26,26,47,1.8076923076923077,40.23076923076923
google / cpc,(organic),北屯敦富路【遠雄敦富】- 北屯機捷預售屋．近好市多,/buildings/bh10/,25,26,28,1.12,31.2
fb / eh2,12-2,遠雄一靚｜楠梓新案．高大特區首發｜早鳥預約中,/buildings/eh2/,25,26,28,1.12,6.4
fb / eh5,27-3,遠雄沐蘊-高雄市三民區預售屋/新建案-預約賞屋,/buildings/eh5/,25,26,27,1.08,13.88
google / organic,(organic),遠雄合雅｜板橋之心・合院之上｜2~4房．24~66坪,/buildings/fh2/,25,26,57,2.28,8.56
google / cpc,202511,遠雄信義CENTER-新北市板橋區廠辦.商辦/預售新建案-預約賞屋,/buildings/fm3/,25,26,33,1.32,39.24
google / cpc,202511,遠房實價登錄,/,23,26,46,2,0
google / cpc,brand,遠雄合雅｜板橋之心・合院之上｜2~3房．24~66坪,/buildings/fh2/,23,26,26,1.1304347826086956,35.69565217391305
mkto-sn070013.com / referral,(referral),建案熱區巡禮：龜山A7重劃區成北北桃生活圈潛力新核心 - 遠雄房地產,/life-proposal/area_taoyuan_guishan_a7_function/,22,26,27,1.2272727272727273,98.27272727272727
bing / organic,(organic),遠雄房地產：最懂生活的購屋專家,/,21,26,24,1.1428571428571428,15.666666666666666
(not set),20251209一輪播,遠雄沐蘊-高雄市三民區預售屋/新建案-預約賞屋,/buildings/eh5/,20,26,21,1.05,9.3
google / cpc,gdn-1-taichung,【遠雄樂元】北屯機捷X好市多，雙首排大道最核心，夠近才最好,/buildings/bh7/,12,26,28,2.3333333333333335,2.5833333333333335
(not set),20251209一輪播,附屬建物篇 : 陽台與雨遮建築法規規定為何？ - 遠雄房地產,/life-proposal/regulations_20230317/,8,26,18,2.25,0.25
(not set),20251209一輪播,一次看懂「都市土地分區」差在哪？ - 遠雄房地產,/life-proposal/land_zoning/,4,26,20,5,1.25
google / organic,(organic),賣房想省稅？別踩房地合一稅虛報裝修陷阱 | 專家觀點地政篇 - 遠雄房地產,/life-proposal/expert_zhu_false-renovation-traps/,20,25,27,1.35,127.8
fgr-line / bh9,20251205,水湳建案【遠雄綠美】鄰近綠美圖．中央公園預售屋,/buildings/bh9/,24,25,25,1.0416666666666667,18.958333333333332
google / organic,(organic),遠雄房地產預約賞屋(線上賞屋與預約賞屋),/make_appointment/,24,25,30,1.25,13.375
(not set),(not set),北屯敦富路【遠雄敦富】- 北屯機捷預售屋．近好市多,/buildings/bh10/,23,25,21,0.9130434782608695,14.521739130434783
avivid / bh11,20251212,熱銷建案一覽：遠雄全台預售屋、新建案、新成屋資訊,/case/search/,23,25,36,1.565217391304348,45.34782608695652
google / cpc,(organic),熱銷建案一覽：遠雄全台預售屋、新建案、新成屋資訊,/case/search/page/2/,22,25,34,1.5454545454545454,16.954545454545453
avivid / bh11,20251212,2025年中台灣房市潛力區域專題報導 -10大優質投資區域分析｜何世昌觀點 - 遠雄房地產,/life-proposal/expert_hoshichang_central-potential/,22,25,32,1.4545454545454546,31.272727272727273
fgr-line / 5vo1,20251205,聯上智科｜北士科AI總部 輝達核心軸線 -台北市北投區商辦/預售新建案-預約賞屋，遠創力行銷,/buildings/5vo1/,20,25,24,1.2,78.1
fb / paid,120210867110050402,遠房實價登錄,/,25,25,25,1,0
google / organic,(organic),建案熱區巡禮：新北板橋區Tpark科技特區 (遠東通訊園區) - 綠地休憩篇 - 遠雄房地產,/life-proposal/area-s-tph_banqiao_tpark_park_20250411/,19,25,28,1.4736842105263157,21.42105263157895
google / organic,(organic),在地生活：新建案、預售屋周邊資訊 -遠雄房地產,/life_proposal/music_life/,18,25,29,1.6111111111111112,73.44444444444444
google / organic,(organic),買主口碑推薦：遠雄建案、預售屋 -遠雄房地產,/case/wom_recommendation/,17,25,38,2.235294117647059,49.05882352941177
google / cpc,202510-2,聯上智科｜北士科AI總部 輝達核心軸線 -台北市北投區商辦/預售新建案-預約賞屋，遠創力行銷,/buildings/5vo1/,14,25,28,2,2.7142857142857144
(not set),20251209一輪播,換屋族看過來，房地合一稅與土增稅要點筆記！ - 遠雄房地產,/life-proposal/house_and_land/,14,25,8,0.5714285714285714,11.5
(direct) / (none),(direct),遠雄星呈 | 新都心 心港灣-林欣伶-遠雄房地產 Farglory-Realty,/h707/b5856,10,25,28,2.8,41.7
(not set),20251023一輪播,遠雄14期首發【遠雄丰尚】北屯新案．近漢神洲際百貨,/buildings/bh11/,4,25,29,7.25,10
line-lap / h707,3,遠雄星呈-台中市清水區預售屋/新建案-預約賞屋，遠雄房地產,/buildings/h707/,19,24,25,1.3157894736842106,13.789473684210526
google / cpc,needs,遠雄信義CENTER-新北市板橋區廠辦.商辦/預售新建案-預約賞屋,/buildings/fm3/,24,24,30,1.25,14.875
fb / h707,31,遠雄星呈-台中市清水區預售屋/新建案-預約賞屋，遠雄房地產,/buildings/h707/,24,24,26,1.0833333333333333,18.666666666666668
fb / h713,113,遠房實價登錄,/,23,24,24,1.0434782608695652,0
google / organic,(organic),活動一覽：建案活動與會員好禮 -遠雄房地產,/activity_report/activities_glance/,23,24,27,1.173913043478261,21.217391304347824
google_kw / dh2,(organic),遠雄房地產精選預售屋(台北、新北、台中、桃園、台南、高雄) - 遠雄房地產,/building-category-tag/featured_pre_sale/,23,24,32,1.391304347826087,13.91304347826087
google / cpc,area,遠雄房地產精選預售屋(台北、新北、台中、桃園、台南、高雄) - 遠雄房地產,/building-category-tag/featured_pre_sale/,23,24,39,1.6956521739130435,48.608695652173914
google_kw / bh10,brand,北屯敦富路【遠雄敦富】- 北屯機捷預售屋．近好市多,/buildings/bh10/,23,24,24,1.0434782608695652,0.34782608695652173
google / organic,(organic),建案熱區巡禮：亞洲新灣區躋身高雄投資開發新亮點 - 遠雄房地產,/life-proposal/area-s-kaohsiung-newbay_20220824/,22,24,23,1.0454545454545454,74.63636363636364
(direct) / (none),(direct),李同榮觀點：2026年房地產市場將面臨八大考驗 - 遠雄房地產,/life-proposal/expert_li_housing-challenges-2026/,22,24,23,1.0454545454545454,17.545454545454547
tw.search.yahoo.com / referral,(referral),公共設施篇: 梯廳與樓梯間建築法規有何特殊規定? - 遠雄房地產,/life-proposal/regulations2_20230320/,22,24,23,1.0454545454545454,95.5
google / cpc,(organic),遠雄房地產：最懂生活的購屋專家,/,21,24,24,1.1428571428571428,16.095238095238095
google / organic,(organic),建案熱區巡禮：台中北屯區14期重劃區 - 學區篇 - 遠雄房地產,/life-proposal/area_txg_beitun_14th_school_20240917/,21,24,24,1.1428571428571428,45.04761904761905
(direct) / (none),(direct),買房大小事：戶籍遷入如何辦理？ - 遠雄房地產,/life-proposal/land_household_registration/,21,24,25,1.1904761904761905,22.952380952380953
104.com.tw / referral,(referral),遠雄房地產：最懂生活的購屋專家,/,20,24,27,1.35,15.5
google / organic,(organic),社區營運兩三事：各項管理辦法看過來 - 遠雄房地產,/life-proposal/land_rules/,20,24,23,1.15,46.05
google / cpc,(organic),遠雄14期首發【遠雄丰尚】北屯新案．近漢神洲際百貨,/buildings/bh11/,24,24,27,1.125,27.416666666666668
google / cpc,(not set),遠雄星呈-台中市清水區預售屋/新建案-預約賞屋，遠雄房地產,/buildings/h707/,18,24,29,1.6111111111111112,14.222222222222221
ttd / bh11,20250918,遠雄14期首發【遠雄丰尚】北屯新案．近漢神洲際百貨,/buildings/bh11/,8,24,24,3,1.125
(not set),20251107一輪播,齊興_緻-台北市北投區/北士科住宅預售屋,/buildings/ar1/,7,24,25,3.5714285714285716,4.285714285714286
fb / eh2,11-2,遠雄一靚｜楠梓新案．高大特區首發｜早鳥預約中,/buildings/eh2/,23,23,24,1.0434782608695652,7.826086956521739
(not set),20251209一輪播,自用住宅免稅400萬怎麼申請？「持有、設籍、實住」3點不能忽略 | 專家觀點地政篇 - 遠雄房地產,/life-proposal/expert_zhu_ownership-criteria/,14,23,10,0.7142857142857143,1.3571428571428572
(data not available),(cross-network),高雄建案推薦【遠雄峰蘊】- 三民區預售屋．近科工館,/buildings/eh1/,23,23,47,2.0434782608695654,42.17391304347826
fb / eh1,fb202512-2,高雄建案推薦【遠雄峰蘊】- 三民區預售屋．近科工館,/buildings/eh1/,23,23,24,1.0434782608695652,17.782608695652176
fb / bh5,44,遠房實價登錄,/,23,23,24,1.0434782608695652,0.13043478260869565
(data not available),(cross-network),遠雄沐蘊-高雄市三民區預售屋/新建案-預約賞屋,/buildings/eh5/,23,23,47,2.0434782608695654,39.91304347826087
google / cpc,Com,遠雄信義CENTER-新北市板橋區廠辦.商辦/預售新建案-預約賞屋,/buildings/fm3/,23,23,28,1.2173913043478262,19
fb / fm3,formbutton,遠雄信義CENTER-新北市板橋區廠辦.商辦/預售新建案-預約賞屋,/buildings/fm3/,23,23,24,1.0434782608695652,25.17391304347826
m.facebook.com / referral,(referral),建案熱區巡禮：新北板橋府中與南雅地區 - 遠雄房地產,/life-proposal/area-s-tph_banqiao_nanya_20240820/,23,23,27,1.173913043478261,34.30434782608695
google / organic,(organic),混凝土、鋼筋的嚴格把關！一次了解建築的基礎原料 - 遠雄房地產,/life-proposal/concrete/,23,23,26,1.1304347826086956,47.95652173913044
fgr-line / bh9,20251205,遠房實價登錄,/,22,23,25,1.1363636363636365,0.045454545454545456
google / cpc,202511,精選廠辦 相關預售屋/新成屋/新建案資料|遠雄房地產,/building-category-tag/featured_factory_office/,22,23,32,1.4545454545454546,13.363636363636363
line-lap / 5vo1,20251002,聯上智科｜北士科AI總部 輝達核心軸線 -台北市北投區商辦/預售新建案-預約賞屋，遠創力行銷,/buildings/5vo1/,22,23,23,1.0454545454545454,3.6363636363636362
(direct) / (none),(direct),遠雄藝舍-台中西屯區麥當勞旁金店面-預約賞屋，遠雄房地產,/buildings/bh6/,22,23,22,1,15.727272727272727
ig / paid,120229456515280138,【遠雄樂元】北屯機捷X好市多，雙首排大道最核心，夠近才最好,/buildings/bh7/,22,23,23,1.0454545454545454,17.5
fb / cqh1,fb-10,村泉蒔美｜門戶端點 從容跨界｜台北生活最美起點,/buildings/cqh1/,22,23,29,1.3181818181818181,3.727272727272727
(not set),(not set),台南永康新建案【遠雄山禾】-鹽行特區．3-4房,/buildings/dh2/,22,23,14,0.6363636363636364,10.181818181818182
(direct) / (none),(direct),熱銷建案一覽：遠雄全台預售屋、新建案、新成屋資訊,/case/search/sales_status/hot-sale/,22,23,27,1.2272727272727273,15.454545454545455
google / organic,(organic),[影音] 停車位買賣詳細解析-你需要知道的車位權利｜專家觀點地政篇 - 遠雄房地產,/life-proposal/expert_zhu_property_parking_vedio_20240828/,22,23,23,1.0454545454545454,76.63636363636364
fb / cqh1,fb-34,村泉蒔美｜門戶端點 從容跨界｜台北生活最美起點,/buildings/cqh1/,21,23,25,1.1904761904761905,16.904761904761905
fb / eh2,11-1,遠雄一靚｜楠梓新案．高大特區首發｜早鳥預約中,/buildings/eh2/,21,23,23,1.0952380952380953,32
fb / h713,105,遠雄幸福成｜即將落成 - 台中市清水區預售/新建案-預約賞屋，遠雄房地產,/buildings/h713/,21,23,24,1.1428571428571428,50.76190476190476
tw.search.yahoo.com / referral,(referral),附屬建物篇 : 陽台與雨遮建築法規規定為何？ - 遠雄房地產,/life-proposal/regulations_20230317/,20,23,24,1.2,81.25
google / organic,(organic),專家觀點地政篇：到底停車位、露臺、屋頂屬於誰的？ - 遠雄房地產,/life-proposal/expert_zhu_public-area_20230718/,19,23,24,1.263157894736842,91.26315789473684
(direct) / (none),(direct),遠雄泱玥 | 水岸正首席．北士科首獻｜57-75坪-鄭家昇-遠雄房地產 Farglory-Realty,/ah2/B5805,18,23,33,1.8333333333333333,26.11111111111111
google / organic,(organic),建案熱區巡禮：北投士林科技園區 - 綠地休憩篇 - 遠雄房地產,/life-proposal/area-tpe-beitou_bstp_park_20240617/,18,23,22,1.2222222222222223,26.38888888888889
line-lap / cqh1,lap-1,村泉蒔美｜門戶端點 從容跨界｜台北生活最美起點,/buildings/cqh1/,15,23,23,1.5333333333333334,1.0666666666666667
fb / bh5,44,遠雄琉蘊 -台中市西屯區七期預售屋/新建案-預約賞屋，遠雄房地產,/buildings/bh5/,23,23,24,1.0434782608695652,35
google / organic,(organic),修繕小知識：木地板刮傷怎麼辦？【居家百科】 - 遠雄房地產,/life-proposal/woodfix/,20,22,21,1.05,17.75
google / cpc,202510-6,聯上智科｜北士科AI總部 輝達核心軸線 -台北市北投區商辦/預售新建案-預約賞屋，遠創力行銷,/buildings/5vo1/,2,22,23,11.5,0
fb / paid,120233718740630316,遠房實價登錄,/,22,22,25,1.1363636363636365,0
fb / eh1,fb202512-2,遠房實價登錄,/,22,22,23,1.0454545454545454,0.18181818181818182
fb / bh8,fb22-2,遠房實價登錄,/,22,22,22,1,0
fb / 5vo1,202510_6_TM,聯上智科｜北士科AI總部 輝達核心軸線 -台北市北投區商辦/預售新建案-預約賞屋，遠創力行銷,/buildings/5vo1/,22,22,22,1,0.5909090909090909
fb / bh7,11,【遠雄樂元】北屯機捷X好市多，雙首排大道最核心，夠近才最好,/buildings/bh7/,22,22,23,1.0454545454545454,22.90909090909091
fb / fm3,fb2-2,遠雄信義CENTER-新北市板橋區廠辦.商辦/預售新建案-預約賞屋,/buildings/fm3/,22,22,22,1,0.6363636363636364
google / cpc,(organic),遠雄幸福成｜即將落成 - 台中市清水區預售/新建案-預約賞屋，遠雄房地產,/buildings/h713/,22,22,22,1,31.90909090909091
fb / h713,111,遠雄幸福成｜即將落成 - 台中市清水區預售/新建案-預約賞屋，遠雄房地產,/buildings/h713/,22,22,22,1,37.77272727272727
m.facebook.com / referral,(referral),遠雄MetaLink科技園區 | 機捷A7．A8站▕ VIP企業席次開放預約中,/buildings/hm2/,22,22,22,1,0.3181818181818182
google / organic,(organic),專家觀點地政篇：繼承房產兄弟姊妹吵翻天？遺囑、登記與分配機制一次講清楚 - 遠雄房地產,/life-proposal/expert_zhu_inherit-siblings_20250704/,22,22,23,1.0454545454545454,82.31818181818181
google / organic,(organic),包租代管懶人包快速了解！ - 遠雄房地產,/life-proposal/rental_housing_20230106/,22,22,24,1.0909090909090908,64.9090909090909
(direct) / (none),(direct),預約賞屋手機驗證 - 遠雄房地產,/mob_verify/,22,22,24,1.0909090909090908,32.54545454545455
line-lap / bh5,(referral),遠雄琉蘊 -台中市西屯區七期預售屋/新建案-預約賞屋，遠雄房地產,/buildings/bh5/,21,22,22,1.0476190476190477,0.8095238095238095
google / organic,(organic),熱銷建案一覽：遠雄全台預售屋、新建案、新成屋資訊,/case/search/sales_status/coming-soon/,21,22,27,1.2857142857142858,11.666666666666666
google / organic,(organic),2025年北台灣房市潛力區域專題報導-10大優質投資區域分析｜何世昌觀點 - 遠雄房地產,/life-proposal/expert_hoshichang_northern-potential/,21,22,21,1,73.19047619047619
m.facebook.com / referral,(referral),賣房想省稅？別踩房地合一稅虛報裝修陷阱 | 專家觀點地政篇 - 遠雄房地產,/life-proposal/expert_zhu_false-renovation-traps/,21,22,23,1.0952380952380953,76.95238095238095
google / organic,(organic),專家觀點地政篇：邱澤不動產傳聞揭秘，實價登錄與容積移轉的真相 - 遠雄房地產,/life-proposal/expert_zhu_land-deal_20250813/,21,22,21,1,56.904761904761905
facebook.com / referral,(referral),遠房實價登錄,/,22,22,22,1,0
google / organic,(organic),建案熱區巡禮：台中西屯區，美食、藝文、交通樣樣好 - 遠雄房地產,/life-proposal/area-l-taichung-xitun20220520/,19,22,20,1.0526315789473684,40.78947368421053
google / organic,(organic),建案熱區巡禮：前進台南商業副都心-安南區一探究竟 - 遠雄房地產,/life-proposal/area-l-tainan-annan20200520/,19,22,28,1.4736842105263157,91.3157894736842
googlemap / dh5,googlemap,安南重劃首選【遠雄藏萃】全新落成，珍稀戶別釋出！,/buildings/dh5/,18,22,23,1.2777777777777777,19.555555555555557
(direct) / (none),(direct),遠雄合雅｜板橋之心・合院之上｜2~4房．24~66坪,/buildings/fh2/,10,22,69,6.9,218.8
line-lap / hh3,lap-1,找不到頁面 - 遠雄房地產,/buildings/hh3/,3,22,21,7,0.6666666666666666
fb / paid,120210744263750402,遠房實價登錄,/,22,22,25,1.1363636363636365,0
google / cpc,banqiao,遠房實價登錄,/,21,21,24,1.1428571428571428,0
google_kw / bgm1,taipei,大河商爵-台北市士林區廠辦/預售新建案-預約賞屋，遠創力行銷,/buildings/dgm1/,21,21,21,1,0
google / cpc,(organic),熱銷建案一覽：遠雄全台預售屋、新建案、新成屋資訊,/case/search/sales_status/hot-sale/,21,21,25,1.1904761904761905,20.571428571428573
google / organic,(organic),遠雄琢蘊,/H902/main,20,21,21,1.05,35.25
google_kw / BH8,20240816_台中七期,台中西屯建案【遠雄洄山行】．2-4房方正格局,/buildings/BH8/,20,21,21,1.05,18.4
bing / organic,(organic),熱銷建案一覽：遠雄全台預售屋、新建案、新成屋資訊,/case/search/,20,21,39,1.95,22.6
google / organic,(organic),熱銷建案一覽：遠雄全台預售屋、新建案、新成屋資訊,/case/search/building-category-tag/134/,20,21,28,1.4,12.1
google / organic,(organic),防疫宅標準配備，居家隔離有「當層排氣」最重要 - 遠雄房地產,/life-proposal/covid-exhaust/,19,21,20,1.0526315789473684,47.36842105263158
google / organic,(organic),全齡通用宅打造友善居住環境：建築環境篇 - 遠雄房地產,/life-proposal/universal-design-environment20220713/,19,21,20,1.0526315789473684,42.36842105263158
google / organic,(organic),修繕小知識：鐵鋁窗損毀要整組換掉嗎？【居家百科】 - 遠雄房地產,/life-proposal/aluminumandiron/,18,21,21,1.1666666666666667,14.666666666666666
google / organic,(organic),專家觀點地政篇：我該購買預售屋還是成屋？ - 遠雄房地產,/life-proposal/expert_zhu_presale_20230314/,18,21,19,1.0555555555555556,113.83333333333333
google / organic,(organic),活動報報：最新活動一覽與公告資訊 -遠雄房地產,/activity_report/,15,21,27,1.8,19.8
tw.search.yahoo.com / referral,(referral),樓高的隱藏秘密：樓層高度怎麼看？ - 遠雄房地產,/life-proposal/floor_height/,13,21,21,1.6153846153846154,57.38461538461539
(not set),(not set),遠雄MetaLink科技園區 | 機捷A7．A8站▕ VIP企業席次開放預約中,/buildings/hm2/,11,21,7,0.6363636363636364,15.727272727272727
(not set),20251107一輪播,熱銷建案一覽：遠雄全台預售屋、新建案、新成屋資訊,/case/search/,8,21,44,5.5,49.5
line-lap / bh10,line-lap20257-5,北屯敦富路【遠雄敦富】- 北屯機捷預售屋．近好市多,/buildings/bh10/,10,20,24,2.4,2.6
google / cpc,brand,遠雄房地產精選預售屋(台北、新北、台中、桃園、台南、高雄) - 遠雄房地產,/building-category-tag/featured_pre_sale/,20,20,22,1.1,8.5
line-lap / 5vo1,202512_1201,聯上智科｜北士科AI總部 輝達核心軸線 -台北市北投區商辦/預售新建案-預約賞屋，遠創力行銷,/buildings/5vo1/,20,20,38,1.9,5.45
fb / h707,39,遠雄星呈-台中市清水區預售屋/新建案-預約賞屋，遠雄房地產,/buildings/h707/,20,20,21,1.05,16.6
google / organic,(organic),聯絡我們 - 遠雄房地產,/contact_service/contact_us/,20,20,23,1.15,59.4
google / organic,(organic),建案熱區巡禮：高雄前鎮區產業升級新篇章 - 遠雄房地產,/life-proposal/area-l-kaohsiung-qianzhen_20220805/,19,20,20,1.0526315789473684,49.578947368421055
google / cpc,202511,隱私權聲明 - 遠雄房地產,/privacy/,19,20,22,1.1578947368421053,69.84210526315789
(direct) / (none),(direct),遠房好友- 遠雄房地產,/my-account/,18,20,39,2.1666666666666665,56.72222222222222
google / organic,(organic),建案熱區巡禮：蛻變中的台南中西區運河星鑽特區 - 交通篇 - 遠雄房地產,/life-proposal/area-tainan_west-central_redevelop_diamond_traffic_20250523/,17,20,22,1.2941176470588236,73.3529411764706
google / organic,(organic),遠雄建設榮獲《網路口碑之星》ESG策略卓越獎，以AI與循環經濟引領永續新標竿 - 遠雄房地產,/life-proposal/fg-esg-strategy-2025/,17,20,23,1.3529411764705883,18.176470588235293
google_kw / cqh1,tamsui,村泉蒔美｜門戶端點 從容跨界｜台北生活最美起點,/buildings/cqh1/,16,20,23,1.4375,52.9375
(not set),20251209一輪播,買房時到底有那些稅金要繳？-「首購族看房買屋攻略」 - 遠雄房地產,/life-proposal/taxes/,15,20,3,0.2,0.13333333333333333
(not set),20251209一輪播,李同榮觀點：2026年房地產市場將面臨八大考驗 - 遠雄房地產,/life-proposal/expert_li_housing-challenges-2026/,14,20,3,0.21428571428571427,4.357142857142857
fb / fh2,fbfanpage,遠房實價登錄,/,20,20,22,1.1,0
pmp / (not set),6,遠雄星呈-台中市清水區預售屋/新建案-預約賞屋，遠雄房地產,/buildings/h707/,7,20,22,3.142857142857143,2.4285714285714284
google / cpc,brand,熱銷建案一覽：遠雄全台預售屋、新建案、新成屋資訊,/case/search/,16,19,42,2.625,17.875
(not set),20251209一輪播,在地生活：新建案、預售屋周邊資訊 -遠雄房地產,/life_proposal/music_life/,4,19,18,4.5,34.5
fb / h707,36,遠雄星呈-台中市清水區預售屋/新建案-預約賞屋，遠雄房地產,/buildings/h707/,19,19,19,1,12.368421052631579
google / cpc,(organic),熱銷建案：預售屋、新建案、新成屋 -遠雄房地產,/case/,19,19,22,1.1578947368421053,5.631578947368421
google / organic,(organic),專家觀點地政篇：繼承取得不動產，如何課徵房地合一稅？ - 遠雄房地產,/life-proposal/expert_zhu_inheritance_20230921/,19,19,22,1.1578947368421053,93.47368421052632
google / organic,(organic),社區營運兩三事：公設點交不求人 - 遠雄房地產,/life-proposal/land_public_utilities/,19,19,19,1,43
fb / bh10,fbfanpage,北屯敦富路【遠雄敦富】- 北屯機捷預售屋．近好市多,/buildings/bh10/,18,19,22,1.2222222222222223,28.77777777777778
fb / bh11,12-2,遠雄14期首發【遠雄丰尚】北屯新案．近漢神洲際百貨,/buildings/bh11/,18,19,19,1.0555555555555556,11.944444444444445
fb / bh5,45,遠雄琉蘊 -台中市西屯區七期預售屋/新建案-預約賞屋，遠雄房地產,/buildings/bh5/,18,19,19,1.0555555555555556,24.22222222222222
ig / paid,120238054184420316,【遠雄樂元】北屯機捷X好市多，雙首排大道最核心，夠近才最好,/buildings/bh7/,18,19,18,1,9.88888888888889
(data not available),(cross-network),遠雄一靚｜楠梓新案．高大特區首發｜早鳥預約中,/buildings/eh2/,18,19,36,2,40.94444444444444
fb / h707,28,遠雄星呈-台中市清水區預售屋/新建案-預約賞屋，遠雄房地產,/buildings/h707/,18,19,19,1.0555555555555556,25.5
fb / hm2,20251104,遠雄MetaLink科技園區 | 機捷A7．A8站▕ VIP企業席次開放預約中,/buildings/hm2/,18,19,21,1.1666666666666667,23.555555555555557
google / organic,(organic),到底停車位、露臺、屋頂屬於誰的？｜專家觀點地政篇 - 遠雄房地產,/life-proposal/expert_zhu_public-area_20230718/,18,19,18,1,88.88888888888889
google / organic,(organic),找不到頁面 - 遠雄房地產,/buildings/rsh01/,17,19,25,1.4705882352941178,1.9411764705882353
google / organic,(organic),建案熱區巡禮：北士科爆840億商辦案量，搶攻輝達、金仁寶供應鏈需求 - 遠雄房地產,/life-proposal/5vo1-1/,17,19,19,1.1176470588235294,62.470588235294116
google / organic,(organic),建案熱區巡禮：新北板橋府中與南雅地區 - 綠地休憩篇 - 遠雄房地產,/life-proposal/area-tph_banqiao_park_20240820/,17,19,21,1.2352941176470589,24.647058823529413
line / linebutton,(referral),村泉蒔美｜門戶端點 從容跨界｜台北生活最美起點,/buildings/cqh1/,16,19,20,1.25,24.1875
m.facebook.com / referral,(referral),聯上智科｜北士科AI總部 輝達核心軸線 -台北市北投區商辦/預售新建案-預約賞屋，遠創力行銷,/buildings/5vo1/,19,19,19,1,0
google / organic,(organic),天易地政事務所所長 朱智豪 彙整 - 遠雄房地產,/life-proposal-category/expert_point/land_zhu/,15,19,20,1.3333333333333333,13.2
google / organic,(organic),建案熱區巡禮：台南永康區 - 綠地篇 - 遠雄房地產,/life-proposal/area-hotspot-tnn-yongkang_park_20231207/,15,19,22,1.4666666666666666,25.666666666666668
google / organic,(organic),遠房好友- 遠雄房地產,/my-account/,15,19,25,1.6666666666666667,32.06666666666667
mkto-sn070013.com / referral,(referral),熱銷建案一覽：遠雄全台預售屋、新建案、新成屋資訊,/case/search/,14,19,32,2.2857142857142856,31.857142857142858
google / organic,(organic),專家觀點地政篇：不動產贈與要注意什麼？配偶跟子女，分產稅制大不同 - 遠雄房地產,/life-proposal/expert_zhu_property_divide_gifttax2_20241024/,14,19,18,1.2857142857142858,102.28571428571429
(direct) / (none),(direct),齊興緻-戴嘉嫻-遠雄房地產 Farglory-Realty,/AR1/g0247,13,19,23,1.7692307692307692,30.76923076923077
(not set),20251209一輪播,遠雄琉蘊 -台中市西屯區七期預售屋/新建案-預約賞屋，遠雄房地產,/buildings/bh5/,13,19,19,1.4615384615384615,153.07692307692307
socialmedia / fgr,fb,遠雄房地產：最懂生活的購屋專家,/,12,19,19,1.5833333333333333,4.916666666666667
(not set),(not set),大河商爵-台北市士林區廠辦/預售新建案-預約賞屋，遠創力行銷,/buildings/dgm1/,11,19,8,0.7272727272727273,41.63636363636363
google_gdn / 5vo1,202510-2,聯上智科｜北士科AI總部 輝達核心軸線 -台北市北投區商辦/預售新建案-預約賞屋，遠創力行銷,/buildings/5vo1/,6,19,17,2.8333333333333335,0
fb / cqh1,fb-28-1,村泉蒔美｜門戶端點 從容跨界｜台北生活最美起點,/buildings/cqh1/,19,19,21,1.105263157894737,20.736842105263158
line-lap / bh5,(referral),遠房實價登錄,/,18,18,19,1.0555555555555556,0
fb / bh7,11,遠房實價登錄,/,18,18,19,1.0555555555555556,0
google / cpc,202511,大河商爵-台北市士林區廠辦/預售新建案-預約賞屋，遠創力行銷,/buildings/dgm1/,18,18,31,1.7222222222222223,56.44444444444444
fb / eh5,fb31-2,遠雄沐蘊-高雄市三民區預售屋/新建案-預約賞屋,/buildings/eh5/,18,18,18,1,1.1666666666666667
google_kw / fm3,Pmax,遠雄信義CENTER-新北市板橋區廠辦.商辦/預售新建案-預約賞屋,/buildings/fm3/,18,18,18,1,0.8333333333333334
fb / h707,37,遠雄星呈-台中市清水區預售屋/新建案-預約賞屋，遠雄房地產,/buildings/h707/,18,18,18,1,2.4444444444444446
(direct) / (none),(direct),買房時到底有那些稅金要繳？-「首購族看房買屋攻略」 - 遠雄房地產,/life-proposal/taxes/,18,18,19,1.0555555555555556,33.22222222222222
avivid / bh11,20251212,熱銷建案一覽：遠雄全台預售屋、新建案、新成屋資訊,/case/search/sales_status/coming-soon/,17,18,24,1.411764705882353,24.294117647058822
google / organic,(organic),建案熱區巡禮：高雄三民區高雄車站特區生活圈 - 遠雄房地產,/life-proposal/area-khh-station_20230914/,17,18,17,1,40.94117647058823
(direct) / (none),(direct),樓高的隱藏秘密：樓層高度怎麼看？ - 遠雄房地產,/life-proposal/floor_height/,17,18,18,1.0588235294117647,3
(direct) / (none),(direct),交屋看仔細，常見交屋糾紛有哪些？ - 遠雄房地產,/life-proposal/kw_delivery_20230607/,17,18,22,1.2941176470588236,49.23529411764706
(direct) / (none),(direct),遠雄MetaLink科技園區-吳瓖洺-遠雄房地產 Farglory-Realty,/main/review/72/g1288,17,18,18,1.0588235294117647,13.176470588235293
picsee-domain / referral,www.fgrealty.tw,遠雄房地產：最懂生活的購屋專家,/,16,18,24,1.5,6.5625
fb / fh2,fbfanpage1226,遠雄合雅｜板橋之心・合院之上｜2~3房．24~66坪,/buildings/fh2/,16,18,21,1.3125,49.0625
mkto-sn070013.com / referral,(referral),來場大掃除吧！居家清潔要訣看過來！ - 遠雄房地產,/life-proposal/cleaning_20221223/,16,18,17,1.0625,79.25
google / organic,(organic),親屬間不動產交易的稅務優化策略與案例解析｜專家觀點地政篇 - 遠雄房地產,/life-proposal/expert_zhu_second-degree_20250321/,16,18,20,1.25,218.625
google / cpc,202511,遠雄房地產精選預售屋(台北、新北、台中、桃園、台南、高雄) - 遠雄房地產,/building-category-tag/featured_pre_sale/,15,18,24,1.6,32.13333333333333
google_kw / 5vo1,202511_ex5,聯上智科｜北士科AI總部 輝達核心軸線 -台北市北投區商辦/預售新建案-預約賞屋，遠創力行銷,/buildings/5vo1/,15,18,25,1.6666666666666667,24.666666666666668
mkto-sn070013.com / referral,(referral),遠雄一靚｜楠梓新案．高大特區首發｜早鳥預約中,/buildings/eh2/,12,18,16,1.3333333333333333,20
google / organic,(organic),預售屋付款方式詳解 - 遠雄房地產,/life-proposal/presale_payment_20221021/,12,18,20,1.6666666666666667,54.833333333333336
google / cpc,gdn-02,聯上智科｜北士科AI總部 輝達核心軸線 -台北市北投區商辦/預售新建案-預約賞屋，遠創力行銷,/buildings/5vo1/,5,18,18,3.6,1.4
mkto-sn070013.com / referral,(referral),未婚情侶合資買房在法律上要注意什麼｜永然法律不動產專欄 - 遠雄房地產,/life-proposal/expert_law_y-rlee_co-buying/,14,17,20,1.4285714285714286,8.285714285714286
(not set),20251209一輪播,遠雄MetaLink科技園區 | 機捷A7．A8站▕ VIP企業席次開放預約中,/buildings/hm2/,8,17,12,1.5,36
google_kw / BH8,extension,遠房實價登錄,/,17,17,22,1.2941176470588236,0
fb / bh8,fb22-3,遠房實價登錄,/,17,17,17,1,0
fb / ar1,fb1-3,齊興_緻-台北市北投區/北士科住宅預售屋,/buildings/ar1/,17,17,18,1.0588235294117647,17.11764705882353
ig / paid,120238384775810537,遠雄14期首發【遠雄丰尚】北屯新案．近漢神洲際百貨,/buildings/bh11/,17,17,18,1.0588235294117647,21.58823529411765
facebook.com / referral,(referral),水湳建案【遠雄綠美】鄰近綠美圖．中央公園預售屋,/buildings/bh9/,17,17,17,1,4.882352941176471
fb / cqh1,fb-31,村泉蒔美｜門戶端點 從容跨界｜台北生活最美起點,/buildings/cqh1/,17,17,16,0.9411764705882353,43.411764705882355
fb / dh2,fb-47,台南永康新建案【遠雄山禾】-鹽行特區．3-4房,/buildings/dh2/,17,17,17,1,14.705882352941176
mkto-sn070013.com / referral,(referral),生活提案： 專家房市觀點、空間美學指南 -遠雄房地產,/life_proposal/,17,17,18,1.0588235294117647,3.0588235294117645
fb / bh5,45,遠房實價登錄,/,16,17,17,1.0625,1.0625
google / cpc,brand0829,遠房實價登錄,/,16,17,26,1.625,0
fb / dgm1,fb11-1,大河商爵-台北市士林區廠辦/預售新建案-預約賞屋，遠創力行銷,/buildings/dgm1/,16,17,16,1,15.375
google / organic,(organic),財經M平方觀點：降息了黃金一定會漲嗎？探討未來黃金走勢 - 遠雄房地產,/life-proposal/expert_macromicro_golden_20241119/,16,17,18,1.125,44.375
google / organic,(organic),台灣蔦屋的空間價值革命，在遠雄實踐地方創生價值,/life-proposal/tsuta-house/,16,17,20,1.25,58.375
google / cpc,202511,聯上智科｜北士科AI總部 輝達核心軸線 -台北市北投區商辦/預售新建案-預約賞屋，遠創力行銷,/buildings/5vo1/,15,17,24,1.6,49.6
google / cpc,(not set),水湳建案【遠雄綠美】鄰近綠美圖．中央公園預售屋,/buildings/bh9/,15,17,23,1.5333333333333334,25.133333333333333
line / ah2-message,(not set),村泉蒔美｜門戶端點 從容跨界｜台北生活最美起點,/buildings/cqh1/,15,17,26,1.7333333333333334,24.066666666666666
(direct) / (none),(direct),建案熱區巡禮：北投士林科技園區 - 交通篇 - 遠雄房地產,/life-proposal/area-tpe-beitou_bstp_traffic_20240705/,15,17,19,1.2666666666666666,40.333333333333336
m.facebook.com / referral,(referral),遠房實價登錄,/,17,17,18,1.0588235294117647,0
google / organic,(organic),[影音] 預售屋購買注意事項大解析 - 應記載事項與不得記載事項 - 遠雄房地產,/life-proposal/expert_zhu_buyhouse_contract1_20240430/,14,17,16,1.1428571428571428,300.5
google / organic,(organic),建案熱區巡禮：北屯11期，台中未來新都心 - 遠雄房地產,/life-proposal/area-s-taichung-11_20220916/,13,17,16,1.2307692307692308,37.84615384615385
google / organic,(organic),劉佩真觀點：AI科技宅當道！台灣半導體聚落帶動房市 - 遠雄房地產,/life-proposal/expert_peizhen_ai-housing-trend/,13,17,15,1.1538461538461537,48.92307692307692
google / cpc,20250718,遠房實價登錄,/,12,17,17,1.4166666666666667,0
google / cpc,20251204,"Ra mắt giai đoạn 14 dự án Farglory: Farglory Fengshang, một dự án mới tại Beitun, gần trung tâm thương mại Hanshin Intercontinental.",/buildings/bh11/,11,17,1,0.09090909090909091,44.45454545454545
google / organic,(organic),建案熱區巡禮：台中西屯區七期重劃區 - 學區篇 - 遠雄房地產,/life-proposal/area-txg-7th_school_20241226/,11,17,14,1.2727272727272727,52.27272727272727
fb / bh7,20251215post,【遠雄樂元】北屯機捷X好市多，雙首排大道最核心，夠近才最好,/buildings/bh7/,10,17,21,2.1,34.3
line-lap / h902,20240603,遠雄琢蘊-高雄市三民區預售屋/新建案-預約賞屋，遠雄房地產,/buildings/h902/,10,17,18,1.8,3.5
google / cpc,20251101-2-1,遠房實價登錄,/,17,17,18,1.0588235294117647,0
fb / eh1,11-2,高雄建案推薦【遠雄峰蘊】- 三民區預售屋．近科工館,/buildings/eh1/,16,16,17,1.0625,14.625
(direct) / (none),(direct),建案熱區巡禮：高雄楠梓區 - 從工業重鎮到經濟新引擎的崛起 - 遠雄房地產,/life-proposal/area-l-kaohsiung-nanzi_20250121/,5,16,18,3.6,31.4
fb / dh2,fb-47,遠房實價登錄,/,16,16,16,1,3.4375
google_kw / bh10,beitun,北屯敦富路【遠雄敦富】- 北屯機捷預售屋．近好市多,/buildings/bh10/,16,16,16,1,0
fb / bh11,11-1,遠雄14期首發【遠雄丰尚】北屯新案．近漢神洲際百貨,/buildings/bh11/,16,16,16,1,4.25
ig / paid,120229456515280138,遠房實價登錄,/,16,16,16,1,0
google / cpc,area,熱銷建案一覽：遠雄全台預售屋、新建案、新成屋資訊,/case/search/,16,16,26,1.625,24.8125
google / organic,(organic),建案熱區巡禮：第二個美術館特區-高雄三民中都重劃區 - 遠雄房地產,/life-proposal/area-s-khh-central_20240502/,16,16,18,1.125,47.125
(direct) / (none),(direct),2025年南台灣房市潛力區域專題報導 - 10大優質投資區域分析｜何世昌觀點 - 遠雄房地產,/life-proposal/expert_hoshichang_south-potential/,16,16,16,1,21.75
google / organic,(organic),專家觀點地政篇：人在國外想買房，簽約、貸款與登記要注意什麼？(下) - 遠雄房地產,/life-proposal/expert_zhu_buyhouse_abroad2_20240320/,16,16,22,1.375,90.25
(direct) / (none),(direct),房屋格局圖/平面圖怎麼看？建案平面圖符號教學，讓你秒懂房屋格局避地雷,/life-proposal/house-layout/,16,16,17,1.0625,15.75
(direct) / (none),(direct),輝達超微進駐遠雄自貿港，遠雄MetaLink廠辦受惠廊帶效應  - 遠雄房地產,/life-proposal/metalink-ai-hub/,16,16,19,1.1875,15.625
(direct) / (none),(direct),活動報報：最新活動一覽與公告資訊 -遠雄房地產,/activity_report/,15,16,17,1.1333333333333333,5.933333333333334
line-lap / eh2,20251208,遠雄房地產精選預售屋(台北、新北、台中、桃園、台南、高雄) - 遠雄房地產,/building-category-tag/featured_pre_sale/,15,16,20,1.3333333333333333,24.733333333333334
fb / bh8,fb22-1,台中西屯建案【遠雄洄山行】．2-4房方正格局,/buildings/bh8/,15,16,16,1.0666666666666667,18.133333333333333
google / organic,(organic),建案熱區巡禮：高雄楠梓區高大特區 - 交通篇 - 遠雄房地產,/life-proposal/area-kaohsiung-nanzi_nuk_traffic_20250307/,15,16,17,1.1333333333333333,69.06666666666666
google / organic,(organic),遠雄藝舍-台中西屯區麥當勞旁金店面-預約賞屋，遠雄房地產,/buildings/bh6/,14,16,19,1.3571428571428572,67.28571428571429
google / organic,(organic),李同榮觀點：2025自住首購族擇屋八大法則 - 遠雄房地產,/life-proposal/expert_li_homeowners_20250410/,14,16,15,1.0714285714285714,125.07142857142857
google / organic,(organic),何世昌觀點：三大因素驅動，雙北市房價「蛋花湯」現象成為現在進行式　 - 遠雄房地產,/life-proposal/expert_shuangbei_20250822/,14,16,15,1.0714285714285714,87.71428571428571
(direct) / (none),(direct),驗屋與交屋必知注意事項？新手購屋必看，驗屋清單檢查表與交屋流程有哪些？,/life-proposal/home-inspection/,14,16,21,1.5,20.357142857142858
fgr-line / fgr,kitchen,廚房清潔保養全攻略：抽油煙機、檯面到瓦斯爐一次搞定【居家百科】 - 遠雄房地產,/life-proposal/kitchen/,14,16,17,1.2142857142857142,51.357142857142854
fb / hch1,privacy,服務條款暨隱私權聲明 -遠雄房地產,/terms-of-service_and_privacy/,14,16,19,1.3571428571428572,54.142857142857146
avivid / bh11,20251212,遠雄房地產：最懂生活的購屋專家,/,13,16,17,1.3076923076923077,122.53846153846153
bing / organic,(organic),遠雄一靚｜楠梓新案．高大特區首發｜早鳥預約中,/buildings/eh2/,13,16,16,1.2307692307692308,46.46153846153846
google / organic,(organic),[影音] 購屋族如何解套？！限貸令成數如何突破｜專家觀點地政篇 - 遠雄房地產,/life-proposal/expert_zhu_property_loan-ratio_vedio_20250131/,13,16,17,1.3076923076923077,46.38461538461539
google / cpc,(referral),遠房實價登錄,/,12,16,18,1.5,8.583333333333334
bing / organic,(organic),遠雄14期首發【遠雄丰尚】北屯新案．近漢神洲際百貨,/buildings/bh11/,12,16,17,1.4166666666666667,45.833333333333336
tw.search.yahoo.com / referral,(referral),遠雄合雅｜板橋之心・合院之上｜2~3房．24~66坪,/buildings/fh2/,12,16,22,1.8333333333333333,76.33333333333333
leju / h713,lejupage,遠雄幸福成｜即將落成 - 台中市清水區預售/新建案-預約賞屋，遠雄房地產,/buildings/h713/,12,16,12,1,66
google / organic,(organic),世界造鎮推手‧遠雄譜寫台灣經濟奇蹟-遠雄房地產,/farglory-realty-about/push-hand/,12,16,26,2.1666666666666665,55.166666666666664
(not set),202501003二輪播,遠房實價登錄,/,11,16,23,2.090909090909091,0
line-lap / bh10,line-lap20256-8,遠房實價登錄,/,11,16,18,1.6363636363636365,0
tw.search.yahoo.com / referral,(referral),遠雄14期首發【遠雄丰尚】北屯新案．近漢神洲際百貨,/buildings/bh11/,10,16,15,1.5,36
(not set),20251209一輪播,買房大小事：戶籍遷入如何辦理？ - 遠雄房地產,/life-proposal/land_household_registration/,9,16,10,1.1111111111111112,3.7777777777777777
tw.search.yahoo.com / referral,(referral),建案熱區巡禮：高雄楠梓區高大特區生活圈 - 遠雄房地產,/life-proposal/area-kaohsiung-nanzi_nuk_function_20250211/,8,16,14,1.75,96.75
bing / organic,(organic),李同榮觀點：2026年房地產市場將面臨八大考驗 - 遠雄房地產,/life-proposal/expert_li_housing-challenges-2026/,8,16,10,1.25,187.375
line-lap / bh9,lap-4,水湳建案【遠雄綠美】鄰近綠美圖．中央公園預售屋,/buildings/bh9/,6,16,20,3.3333333333333335,646.5
fb / paid,120229486716970138,遠房實價登錄,/,16,16,16,1,0
fb / hm2,251203,遠雄MetaLink科技園區 | 機捷A7．A8站▕ VIP企業席次開放預約中,/buildings/hm2/,15,15,15,1,0.3333333333333333
(direct) / (none),(direct),遠雄泱玥 | 水岸正首席．北士科首獻｜57-75坪-蔡定誠-遠雄房地產 Farglory-Realty,/main/review/64/b4720,9,15,16,1.7777777777777777,24.11111111111111
fb / ar1,fb3-3,齊興_緻-台北市北投區/北士科住宅預售屋,/buildings/ar1/,15,15,17,1.1333333333333333,9
fb / bh5,35,遠雄琉蘊 -台中市西屯區七期預售屋/新建案-預約賞屋，遠雄房地產,/buildings/bh5/,15,15,17,1.1333333333333333,35.266666666666666
google / cpc,newtaipei,遠雄合雅｜板橋之心・合院之上｜2~3房．24~66坪,/buildings/fh2/,15,15,16,1.0666666666666667,48.4
fb / paid,120224909124380347,遠房實價登錄,/,15,15,15,1,0
google / organic,(organic),熱銷建案一覽：遠雄全台預售屋、新建案、新成屋資訊,/case/search/sales_status/hot-sale/,15,15,20,1.3333333333333333,20.733333333333334
google / organic,(organic),聯絡與服務 - 遠雄房地產,/contact_service/,15,15,26,1.7333333333333334,14.333333333333334
tw.search.yahoo.com / referral,(referral),買房大小事：戶籍遷入如何辦理？ - 遠雄房地產,/life-proposal/land_household_registration/,15,15,16,1.0666666666666667,109.06666666666666
(direct) / (none),(direct),生活提案： 專家房市觀點、空間美學指南 -遠雄房地產,/life_proposal/,15,15,17,1.1333333333333333,20.6
tw.search.yahoo.com / referral,(referral),遠雄幸福成｜即將落成 - 台中市清水區預售/新建案-預約賞屋，遠雄房地產,/buildings/h713/,14,15,17,1.2142857142857142,61.857142857142854
(direct) / (none),(direct),找不到頁面 - 遠雄房地產,/buildings/shqmo01/,14,15,24,1.7142857142857142,5.285714285714286
(direct) / (none),(direct),熱銷建案一覽：遠雄全台預售屋、新建案、新成屋資訊,/case/search/page/4/,14,15,18,1.2857142857142858,20.071428571428573
tw.search.yahoo.com / referral,(referral),建案熱區巡禮：新北板橋府中與南雅地區 - 遠雄房地產,/life-proposal/area-s-tph_banqiao_nanya_20240820/,14,15,17,1.2142857142857142,50.357142857142854
google / organic,(organic),建案熱區巡禮：台中北屯區14期重劃區 - 綠地休憩篇 - 遠雄房地產,/life-proposal/area_txg_beitun_14th_park_20240909/,14,15,16,1.1428571428571428,48.92857142857143
google / organic,(organic),專家觀點地政篇：人在國外想買房，簽約、貸款與登記要注意什麼？(上) - 遠雄房地產,/life-proposal/expert_zhu_buyhouse_abroad1_20240303/,14,15,15,1.0714285714285714,84.28571428571429
google / organic,(organic),買預售屋時，履約保證真的對你有保障嗎？ - 遠雄房地產,/life-proposal/performance_guarantee_20221914/,14,15,14,1,97.85714285714286
(direct) / (none),(direct),附屬建物篇 : 陽台與雨遮建築法規規定為何？ - 遠雄房地產,/life-proposal/regulations_20230317/,14,15,15,1.0714285714285714,90.21428571428571
google / organic,(organic),空間美學：三大保固升級服務-遠雄房地產,/life_proposal/space_aesthetics/,14,15,21,1.5,9.357142857142858
(direct) / (none),(direct),服務條款暨隱私權聲明 -遠雄房地產,/terms-of-service_and_privacy/,13,15,19,1.4615384615384615,3.4615384615384617
google / organic,(organic),遠雄建設獲 SGS 年度創新獎 首家通過 ISO 59000 循環經濟驗證建築品牌 - 遠雄房地產,/activity-report/fg_land_news2/,12,15,15,1.25,25.666666666666668
(not set),(not set),遠雄信義CENTER-新北市板橋區廠辦.商辦/預售新建案-預約賞屋,/buildings/fm3/,12,15,1,0.08333333333333333,10.333333333333334
google / organic,(organic),福利制度 - 遠雄房地產,/contact_service/welfare_system/,12,15,16,1.3333333333333333,37.666666666666664
chatgpt.com / referral,(referral),何世昌觀點：輝達總部確立，房市受惠區在哪裡？ - 遠雄房地產,/life-proposal/expert_thinktank_nvidia_20250729/,12,15,15,1.25,4.25
fb / eh1,privacy,服務條款暨隱私權聲明 -遠雄房地產,/terms-of-service_and_privacy/,12,15,14,1.1666666666666667,16
(not set),20251107一輪播,【遠雄樂元】北屯機捷X好市多，雙首排大道最核心，夠近才最好,/buildings/bh7/,11,15,16,1.4545454545454546,9.727272727272727
google / organic,(organic),建案熱區巡禮：台南中西區運河星鑽特區 - 綠地休憩篇 - 遠雄房地產,/life-proposal/area-tainan_west-central_redevelop_diamond_park_20250509/,9,15,14,1.5555555555555556,15.222222222222221
google_kw / BH8,20240816_台中七期,遠房實價登錄,/,15,15,16,1.0666666666666667,0
fb / eh2,8-1,遠雄一靚｜楠梓新案．高大特區首發｜早鳥預約中,/buildings/eh2/,14,14,14,1,0.14285714285714285
(not set),20251209一輪播,專家觀點地政篇：防範代書詐騙，如何查詢地政士的合法性？ - 遠雄房地產,/life-proposal/expert_zhu_expert_zhu_land-agent_20250917/,1,14,11,11,0
fb / bh5,35,遠房實價登錄,/,14,14,16,1.1428571428571428,0
fb / eh1,eh1ig,遠房實價登錄,/,14,14,16,1.1428571428571428,0.2857142857142857
fb / ar1,fb1-3,遠房實價登錄,/,14,14,14,1,0
(direct) / (none),(direct),品牌實力-遠雄房地產,/about/brand_performance_backup/,14,14,15,1.0714285714285714,5.214285714285714
google / cpc,202511,精選商辦 相關預售屋/新成屋/新建案資料|遠雄房地產,/building-category-tag/精選商辦/,14,14,18,1.2857142857142858,17.571428571428573
fb / dgm1,fb12-8,大河商爵-台北市士林區廠辦/預售新建案-預約賞屋，遠創力行銷,/buildings/dgm1/,14,14,14,1,0.42857142857142855
fb / dgm1,fbfanpage1212,大河商爵-台北市士林區廠辦/預售新建案-預約賞屋，遠創力行銷,/buildings/dgm1/,14,14,15,1.0714285714285714,0.14285714285714285
google_kw / eh1,brand,高雄建案推薦【遠雄峰蘊】- 三民區預售屋．近科工館,/buildings/eh1/,14,14,16,1.1428571428571428,5.714285714285714
fb / eh1,eh1ig,高雄建案推薦【遠雄峰蘊】- 三民區預售屋．近科工館,/buildings/eh1/,14,14,14,1,16.5
fb / h713,111,遠房實價登錄,/,14,14,14,1,0
fb / eh2,9-3,遠雄一靚｜楠梓新案．高大特區首發｜早鳥預約中,/buildings/eh2/,14,14,15,1.0714285714285714,5.357142857142857
google / cpc,area,遠雄THE ONE-高雄市前鎮區新成屋/新建案-預約賞屋,/buildings/o1/,14,14,14,1,21.5
(direct) / (none),(direct),熱銷建案一覽：遠雄全台預售屋、新建案、新成屋資訊,/case/search/page/3/,14,14,20,1.4285714285714286,20.214285714285715
(direct) / (none),(direct),熱銷建案一覽：遠雄全台預售屋、新建案、新成屋資訊,/case/search/sales_status/coming-soon/,14,14,17,1.2142857142857142,16.071428571428573
google / organic,(organic),洪梓芸業務個人介紹 - 遠雄一靚,/sales/eh2/B5986/,14,14,15,1.0714285714285714,21.928571428571427
fb / h713,105,遠房實價登錄,/,13,14,15,1.1538461538461537,0
fb / bh10,fbfanpage,遠房實價登錄,/,13,14,16,1.2307692307692308,0
googlemap / dh5,googlemap,遠房實價登錄,/,13,14,15,1.1538461538461537,0
google / cpc,gdn-01,聯上智科｜北士科AI總部 輝達核心軸線 -台北市北投區商辦/預售新建案-預約賞屋，遠創力行銷,/buildings/5vo1/,13,14,14,1.0769230769230769,0
google / cpc,202511,熱銷建案：預售屋、新建案、新成屋 -遠雄房地產,/case/,13,14,18,1.3846153846153846,10.153846153846153
google / organic,(organic),遺產稅 彙整 - 遠雄房地產,/life-proposal-tag/2、市場/2稅務政策相關/estate_tax/,13,14,18,1.3846153846153846,32.46153846153846
google / organic,(organic),2025年第三季房市觀測-政策觀望期延續，市場靜待轉折契機｜劉佩真觀點 - 遠雄房地產,/life-proposal/expert_peizhen_2025q3review/,13,14,13,1,58.69230769230769
google / organic,(organic),一見傾心的清水模設計，為家注入文青魂和自然風 - 遠雄房地產,/life-proposal/exposed_concrete_20220914/,13,14,15,1.1538461538461537,47.46153846153846
google / organic,(organic),葉淯蓁業務個人介紹 - 遠雄樂元,/sales/bh7/B6099/,13,14,16,1.2307692307692308,10.615384615384615
ig / social,(referral),楊倩如業務個人介紹 - 遠雄峰蘊,/sales/eh1/G0259/,13,14,14,1.0769230769230769,14.384615384615385
google_kw / bh7,googlemap,【遠雄樂元】北屯機捷X好市多，雙首排大道最核心，夠近才最好,/buildings/bh7/,12,14,15,1.25,15.333333333333334
google_kw / cqh1,googlemap,村泉蒔美｜門戶端點 從容跨界｜台北生活最美起點,/buildings/cqh1/,12,14,14,1.1666666666666667,43.583333333333336
(direct) / (none),(direct),建案熱區巡禮：新北板橋區Tpark科技特區 (遠東通訊園區)生活圈 - 遠雄房地產,/life-proposal/area-s-tph_banqiao_tpark_function_20250314/,12,14,14,1.1666666666666667,41.5
google / organic,(organic),李同榮觀點：Al新十大建設對未來房市的具體影響 - 遠雄房地產,/life-proposal/expert_li_ai-projects_20250715/,12,14,13,1.0833333333333333,73.91666666666667
google / organic,(organic),人在國外想買房，簽約、貸款與登記要注意什麼？(上)｜專家觀點地政篇 - 遠雄房地產,/life-proposal/expert_zhu_buyhouse_abroad1_20240303/,12,14,14,1.1666666666666667,63.916666666666664
google / organic,(organic),人在國外想買房，簽約、貸款與登記要注意什麼？(下)｜專家觀點地政篇 - 遠雄房地產,/life-proposal/expert_zhu_buyhouse_abroad2_20240320/,12,14,14,1.1666666666666667,36.166666666666664
bing / organic,(organic),一次看懂「都市土地分區」差在哪？ - 遠雄房地產,/life-proposal/land_zoning/,12,14,13,1.0833333333333333,17.75
bing / organic,(organic),公共設施篇: 梯廳與樓梯間建築法規有何特殊規定? - 遠雄房地產,/life-proposal/regulations2_20230320/,12,14,18,1.5,95.08333333333333
webnew / h713,202512,遠雄幸福成｜即將落成 - 台中市清水區預售/新建案-預約賞屋，遠雄房地產,/buildings/h713/,11,14,16,1.4545454545454546,81.63636363636364
line-lap / bh7,lap-2,北屯敦富路【遠雄敦富】- 北屯機捷預售屋．近好市多,/buildings/bh10/,10,14,16,1.6,9.9
google / cpc,(referral),遠雄琉蘊 -台中市西屯區七期預售屋/新建案-預約賞屋，遠雄房地產,/buildings/bh5/,10,14,15,1.5,32
google / organic,(organic),我該購買預售屋還是成屋？｜專家觀點地政篇 - 遠雄房地產,/life-proposal/expert_zhu_presale_20230314/,10,14,12,1.2,38.3
google / cpc,20251017-2-1,齊興_緻-台北市北投區/北士科住宅預售屋,/buildings/ar1/,8,14,14,1.75,3.375
google / organic,(organic),全齡住宅趨勢，0~100歲都適用 - 遠雄房地產,/life-proposal/allagehouse/,8,14,12,1.5,36.625
google / organic,(organic),建案熱區巡禮：移居桃園市桃園區，比想像中更舒適 - 遠雄房地產,/life-proposal/area-l-taoyuan-taoyuan20220520/,8,14,11,1.375,61.5
line-lap / bh9,lap-4,遠房實價登錄,/,5,14,16,3.2,0
line-lap / H713,2022509,遠雄幸福成｜即將落成 - 台中市清水區預售/新建案-預約賞屋，遠雄房地產,/buildings/h713/,5,14,14,2.8,6.2
google / cpc,20250803,遠雄一靚｜楠梓新案．高大特區首發｜早鳥預約中,/buildings/eh2/,4,14,15,3.75,0
(not set),202501003二輪播,齊興_緻-台北市北投區/北士科住宅預售屋,/buildings/ar1/,3,14,8,2.6666666666666665,11
(not set),20251107一輪播,贈與稅與遺產稅免稅額提高，房屋轉讓給子女的規劃要點 - 遠雄房地產,/life-proposal/gift_tax/,3,14,14,4.666666666666667,12
tagassistant.google.com / referral,(referral),遠房實價登錄,/,1,14,23,23,14
avivid / bh11,20251212,遠房實價登錄,/,14,14,17,1.2142857142857142,0
google / organic,(organic),銀髮住宅可望成為台灣房地產市場的新藍海｜劉佩真觀點 - 遠雄房地產,/life-proposal/expert_peizhen_commercial_elderly-residence_20250509/,9,13,10,1.1111111111111112,100.55555555555556
line-lap / cgh1,line-lap4-16,找不到頁面 - 遠雄房地產,/buildings/cgh01/,1,13,13,13,25
fb / O1,(referral),遠雄房地產：最懂生活的購屋專家,/,13,13,14,1.0769230769230769,2.4615384615384617
(direct) / (none),(direct),關於我們-遠雄房地產,/about/,13,13,15,1.1538461538461537,8.23076923076923
(direct) / (none),(direct),台中西屯建案【遠雄洄山行】．2-4房方正格局,/buildings/BH8/,13,13,13,1,16.76923076923077
google_kw / BH8,20240816_逢甲大學,台中西屯建案【遠雄洄山行】．2-4房方正格局,/buildings/BH8/,13,13,14,1.0769230769230769,6.923076923076923
google_kw / bh7,core,【遠雄樂元】北屯機捷X好市多，雙首排大道最核心，夠近才最好,/buildings/bh7/,13,13,13,1,4.3076923076923075
(data not available),(cross-network),水湳建案【遠雄綠美】鄰近綠美圖．中央公園預售屋,/buildings/bh9/,13,13,23,1.7692307692307692,47.38461538461539
fb / dh2,fb-45,台南永康新建案【遠雄山禾】-鹽行特區．3-4房,/buildings/dh2/,13,13,15,1.1538461538461537,15.76923076923077
fb / eh2,9-2,遠雄一靚｜楠梓新案．高大特區首發｜早鳥預約中,/buildings/eh2/,13,13,14,1.0769230769230769,6.6923076923076925
leju / eh2,遠雄高大特區首發(雙圖),遠雄一靚｜楠梓新案．高大特區首發｜早鳥預約中,/buildings/eh2/,13,13,14,1.0769230769230769,47.84615384615385
google_kw / eh5,area,遠雄沐蘊-高雄市三民區預售屋/新建案-預約賞屋,/buildings/eh5/,13,13,13,1,0
line / eh5,line_welcome,遠雄沐蘊-高雄市三民區預售屋/新建案-預約賞屋,/buildings/eh5/,13,13,15,1.1538461538461537,22.307692307692307
fb / hm2,251201,遠雄MetaLink科技園區 | 機捷A7．A8站▕ VIP企業席次開放預約中,/buildings/hm2/,13,13,16,1.2307692307692308,2.3846153846153846
fb / hm2,251202,遠雄MetaLink科技園區 | 機捷A7．A8站▕ VIP企業席次開放預約中,/buildings/hm2/,13,13,13,1,0.07692307692307693
fb / hm2,251204,遠雄MetaLink科技園區 | 機捷A7．A8站▕ VIP企業席次開放預約中,/buildings/hm2/,13,13,14,1.0769230769230769,1.6923076923076923
google / cpc,遠雄幸福成_H713_關鍵字_0516_外縣市,熱銷建案一覽：遠雄全台預售屋、新建案、新成屋資訊,/case/search/,13,13,30,2.3076923076923075,23
(direct) / (none),(direct),熱銷建案一覽：遠雄全台預售屋、新建案、新成屋資訊,/case/search/page/5/,13,13,14,1.0769230769230769,46.07692307692308
google / organic,(organic),買房停看聽：二工住宅要注意 - 遠雄房地產,/life-proposal/2phase_construction_20221118/,13,13,14,1.0769230769230769,36.53846153846154
tw.search.yahoo.com / referral,(referral),一次看懂「都市土地分區」差在哪？ - 遠雄房地產,/life-proposal/land_zoning/,13,13,14,1.0769230769230769,55.61538461538461
(not set),20251023一輪播,遠房實價登錄,/,12,13,16,1.3333333333333333,0
fgr-line / bh11,listbutton,遠雄14期首發【遠雄丰尚】北屯新案．近漢神洲際百貨,/buildings/bh11/,12,13,15,1.25,40.916666666666664
google / cpc,brand,水湳建案【遠雄綠美】鄰近綠美圖．中央公園預售屋,/buildings/bh9/,12,13,17,1.4166666666666667,47.666666666666664
fg / eh2,googlemap,遠雄一靚｜楠梓新案．高大特區首發｜早鳥預約中,/buildings/eh2/,12,13,18,1.5,48.833333333333336
webnews / eh2,moneyudn_202512,遠雄一靚｜楠梓新案．高大特區首發｜早鳥預約中,/buildings/eh2/,12,13,14,1.1666666666666667,97.66666666666667
google / cpc,competitor,遠雄合雅｜板橋之心・合院之上｜2~3房．24~66坪,/buildings/fh2/,12,13,12,1,26.666666666666668
fb / h707,38,遠雄星呈-台中市清水區預售屋/新建案-預約賞屋，遠雄房地產,/buildings/h707/,12,13,13,1.0833333333333333,13.583333333333334
mkto-sn070013.com / referral,(referral),不用等大掃除「日常的居家保養」現在就開始！【居家百科】 - 遠雄房地產,/life-proposal/daily-clean/,12,13,13,1.0833333333333333,36.833333333333336
(direct) / (none),(direct),資金有壓力？房貸增貸與房貸轉貸不可不知 - 遠雄房地產,/life-proposal/loan_increase_20221108/,12,13,13,1.0833333333333333,0.5
google / organic,(organic),陳灝業務個人介紹 - 遠雄一靚,/sales/eh2/G1010/,12,13,13,1.0833333333333333,6.916666666666667
leju / bh11,遠雄丰尚自然惟上,遠雄14期首發【遠雄丰尚】北屯新案．近漢神洲際百貨,/buildings/bh11/,11,13,13,1.1818181818181819,1.3636363636363635
google / organic,(organic),永然法律不動產專欄：未婚情侶合資買房在法律上要注意什麼？ - 遠雄房地產,/life-proposal/expert_law_y-rlee_co-buying/,11,13,12,1.0909090909090908,46.90909090909091
(direct) / (none),(direct),遠創力行銷-未來店 | 全房產 專業仲介服務,/buildings/8hgs01/,10,13,15,1.5,21.5
line-lap / bh10,line-lap202511-7,【遠雄樂元】北屯機捷X好市多，雙首排大道最核心，夠近才最好,/buildings/bh7/,10,13,24,2.4,18.4
(not set),20251209一輪播,台中西屯建案【遠雄洄山行】．2-4房方正格局,/buildings/bh8/,10,13,7,0.7,3.5
google / organic,(organic),建案熱區巡禮：新北國都之門「新莊副都心」，產業聚落移居城市 - 遠雄房地產,/life-proposal/area-s-newtaipei-xinzhuangfuduxin_20220930/,10,13,10,1,118.5
google / organic,(organic),青晉，讓漂泊候鳥也想親近定居 - 遠雄房地產,/wom-recommendation/hh1_msliu/,10,13,15,1.5,20.6
(direct) / (none),(direct),遠雄仰森,/HH3/main,9,13,14,1.5555555555555556,17.77777777777778
line-lap / bh10,line-lap202511-3,【遠雄樂元】北屯機捷X好市多，雙首排大道最核心，夠近才最好,/buildings/bh7/,9,13,19,2.111111111111111,37.111111111111114
google_kw / cqh1,buyhouse,村泉蒔美｜門戶端點 從容跨界｜台北生活最美起點,/buildings/cqh1/,9,13,13,1.4444444444444444,29.333333333333332
line-lap / eh1,20230901,高雄建案推薦【遠雄峰蘊】- 三民區預售屋．近科工館,/buildings/eh1/,9,13,13,1.4444444444444444,3.3333333333333335
google / organic,(organic),建案熱區巡禮：新北板橋區Tpark科技特區 (遠東通訊園區) - 交通篇 - 遠雄房地產,/life-proposal/area-s-tph_banqiao_tpark_traffic_20250321/,9,13,13,1.4444444444444444,43.666666666666664
fb / eh1,11-2,遠房實價登錄,/,13,13,14,1.0769230769230769,0.15384615384615385
statics.teams.cdn.office.net / referral,(referral),齊興_緻-台北市北投區/北士科住宅預售屋,/buildings/ar1/,2,13,6,3,50
google / cpc,(not set),2025 年中國經濟關鍵議題分析｜財經M平方觀點 - 遠雄房地產,/life-proposal/expert_macromicro_china-economic_20250120/,2,13,13,6.5,0
fb / bh8,fb22-1,遠房實價登錄,/,13,13,13,1,0
mkto-sn070013.com / referral,(referral),廚房清潔保養全攻略：抽油煙機、檯面到瓦斯爐一次搞定【居家百科】 - 遠雄房地產,/life-proposal/kitchen/,11,12,11,1,61
(not set),20251209一輪播,合資買房如何保障自身權益？｜專家觀點地政篇 - 遠雄房地產,/life-proposal/expert_zhu_buyhouse_joint_20240117/,1,12,12,12,0
fb / ar1,fb3-3,遠房實價登錄,/,12,12,14,1.1666666666666667,0
google / cpc,landmark0829,遠房實價登錄,/,12,12,13,1.0833333333333333,0
socialmedia / fgr,ig,遠雄房地產：最懂生活的購屋專家,/,12,12,12,1,1.8333333333333333
google / cpc,O1_地區字_2025.0801,遠雄房地產精選成屋(台北、新北、台中、桃園、台南、高雄) - 遠雄房地產,/building-category-tag/featured_existing_house/,12,12,14,1.1666666666666667,9.25
google / cpc,20250616_競品字,齊興_緻-台北市北投區/北士科住宅預售屋,/buildings/ar1/,12,12,13,1.0833333333333333,14.333333333333334
fb / bh7,2,【遠雄樂元】北屯機捷X好市多，雙首排大道最核心，夠近才最好,/buildings/bh7/,12,12,14,1.1666666666666667,35.333333333333336
fb / paid,120232410691820316,村泉蒔美｜門戶端點 從容跨界｜台北生活最美起點,/buildings/cqh1/,12,12,13,1.0833333333333333,18
fb / eh5,fb31-6,遠雄沐蘊-高雄市三民區預售屋/新建案-預約賞屋,/buildings/eh5/,12,12,12,1,0.5833333333333334
(data not available),(cross-network),遠雄幸福成｜即將落成 - 台中市清水區預售/新建案-預約賞屋，遠雄房地產,/buildings/h713/,12,12,22,1.8333333333333333,107.33333333333333
fb / o1,fb27-5,遠雄THE ONE-高雄市前鎮區新成屋/新建案-預約賞屋,/buildings/o1/,12,12,12,1,13.583333333333334
google / cpc,202511,熱銷建案一覽：遠雄全台預售屋、新建案、新成屋資訊,/case/search/page/2/,12,12,17,1.4166666666666667,16
google / cpc,(organic),熱銷建案一覽：遠雄全台預售屋、新建案、新成屋資訊,/case/search/sales_status/coming-soon/,12,12,15,1.25,17.75
(direct) / (none),(direct),加入遠雄 築夢齊飛！-遠雄房地產,/contact_service/join_farglory/,12,12,13,1.0833333333333333,5.833333333333333
(direct) / (none),(direct),輝達落腳時程出爐，北士科商辦掀全球卡位戰 - 遠雄房地產,/life-proposal/nvidia-beishi-office/,12,12,12,1,11
google / organic,(organic),不動產節稅妙招：該扣就扣不浪費，房貸利息節稅四要件 - 遠雄房地產,/life-proposal/tax_mitigation_mortgage_interest_20220902/,12,12,12,1,56.916666666666664
(direct) / (none),(direct),突然跳電要怎麼處理？六個步驟跟著做！【居家百科】 - 遠雄房地產,/life-proposal/trip/,12,12,12,1,7.5
m.facebook.com / referral,(referral),遠雄MetaLink科技園區-吳瓖洺-遠雄房地產 Farglory-Realty,/main/review/72/g1288,12,12,12,1,0
mkto-sn070013.com / referral,(referral),遠房實價登錄,/,11,12,16,1.4545454545454546,0
dm-np / bh5,1121226,遠房實價登錄,/,11,12,12,1.0909090909090908,0.2727272727272727
fb / fh2,fbfanpage1226,遠房實價登錄,/,11,12,15,1.3636363636363635,0
tw.search.yahoo.com / referral,(referral),遠雄房地產：最懂生活的購屋專家,/,11,12,15,1.3636363636363635,18.727272727272727
(direct) / (none),(direct),遠雄琢蘊-線上接待中心,/,11,12,19,1.7272727272727273,5.545454545454546
leju / bh11,8-1,遠雄14期首發【遠雄丰尚】北屯新案．近漢神洲際百貨,/buildings/bh11/,11,12,11,1,3.909090909090909
dm-np / bh5,1121226,遠雄琉蘊 -台中市西屯區七期預售屋/新建案-預約賞屋，遠雄房地產,/buildings/bh5/,11,12,12,1.0909090909090908,37.45454545454545
ig / paid,120233718740630316,【遠雄樂元】北屯機捷X好市多，雙首排大道最核心，夠近才最好,/buildings/bh7/,11,12,12,1.0909090909090908,5.363636363636363
fb / fh2,fb12-4,遠雄合雅｜板橋之心・合院之上｜2~3房．24~66坪,/buildings/fh2/,11,12,13,1.1818181818181819,11.181818181818182
fb / paid,120224909927020347,遠雄幸福成｜即將落成 - 台中市清水區預售/新建案-預約賞屋，遠雄房地產,/buildings/h713/,11,12,12,1.0909090909090908,17.545454545454547
mkto-sn070013.com / referral,(referral),何世昌觀點：2025年南台灣房市潛力區域專題報導 - 10大優質投資區域分析 - 遠雄房地產,/life-proposal/expert_hoshichang_south-potential/,11,12,12,1.0909090909090908,14.636363636363637
google_kw / eh1,brand,遠房實價登錄,/,12,12,14,1.1666666666666667,0
(direct) / (none),(direct),公共設施篇: 梯廳與樓梯間建築法規有何特殊規定? - 遠雄房地產,/life-proposal/regulations2_20230320/,11,12,11,1,14.818181818181818
google / organic,(organic),隱私權聲明 - 遠雄房地產,/privacy/,11,12,14,1.2727272727272727,1.4545454545454546
line-lap / h707,1,遠雄星呈-台中市清水區預售屋/新建案-預約賞屋，遠雄房地產,/buildings/h707/,10,12,12,1.2,1.3
google / organic,(organic),預售屋買賣契約中的交屋保留款與建材設備約定｜永然法律不動產專欄 - 遠雄房地產,/life-proposal/expert_law_y-rlee_retention-money_20250704/,10,12,11,1.1,49.2
google / organic,(organic),2025自住首購族擇屋八大法則｜李同榮觀點 - 遠雄房地產,/life-proposal/expert_li_homeowners_20250410/,10,12,11,1.1,165.6
google / organic,(organic),[影音] 半導體業近期投資趨勢將如何影響國內商用不動產的表現 - 遠雄房地產,/life-proposal/expert_peizhen_semiconductor_video/,10,12,19,1.9,42.6
(not set),20251209一輪播,2024十大建商出爐！大建商穩，小建商靈活，買家如何選邊站？ - 遠雄房地產,/life-proposal/kw_brand_construction_20240109/,10,12,4,0.4,6.9
google / organic,(organic),【遠雄北府苑】｜台南首座全齡通用認證宅，爭藏絕版，市心重劃，稀有2-4房,/,9,12,13,1.4444444444444444,64.66666666666667
fb / bh5,36,遠雄琉蘊 -台中市西屯區七期預售屋/新建案-預約賞屋，遠雄房地產,/buildings/bh5/,9,12,14,1.5555555555555556,89.33333333333333
google / organic,(organic),建案熱區巡禮：台中港市鎮重劃區 - 海線城市清水梧棲交通篇 - 遠雄房地產,/life-proposal/area-txg-port_traffic_20240120/,9,12,10,1.1111111111111112,276.22222222222223
line-lap / eh1,20230901,遠房實價登錄,/,8,12,12,1.5,0
tw.search.yahoo.com / referral,(referral),台南永康新建案【遠雄山禾】-鹽行特區．3-4房,/buildings/dh2/,8,12,12,1.5,55.125
bing / organic,(organic),【遠雄樂元】北屯機捷X好市多，雙首排大道最核心，夠近才最好,/buildings/bh7/,7,12,13,1.8571428571428572,42
bing / organic,(organic),遠雄星呈-台中市清水區預售屋/新建案-預約賞屋，遠雄房地產,/buildings/h707/,7,12,14,2,65.71428571428571
mkto-sn070013.com / referral,(referral),永然法律不動產專欄：未婚情侶合資買房在法律上要注意什麼？ - 遠雄房地產,/life-proposal/expert_law_y-rlee_co-buying/,7,12,11,1.5714285714285714,0.2857142857142857
line-lap / eh1,20240809,高雄建案推薦【遠雄峰蘊】- 三民區預售屋．近科工館,/buildings/eh1/,6,12,13,2.1666666666666665,5
tw.search.yahoo.com / referral,(referral),李同榮觀點：2026年房地產市場將面臨八大考驗 - 遠雄房地產,/life-proposal/expert_li_housing-challenges-2026/,6,12,12,2,93.83333333333333
(not set),(not set),齊興_緻-台北市北投區/北士科住宅預售屋,/buildings/ar1/,5,12,5,1,3.2
line-lap / bh9,lap-5,遠房實價登錄,/,3,12,12,4,0
line-lap / bh10,line-lap20257-5,遠房實價登錄,/,3,12,15,5,0
iqiyi / ah2,ttd-2,北士科建案【遠雄泱玥】水岸首排．57-75坪,/buildings/ah2/,2,12,12,6,0
google / organic,(organic),[影音] 信託與產權設計術：資產管理、遺囑信託與節稅技巧｜專家觀點地政篇 - 遠雄房地產,/life-proposal/expert_zhu_video_trust/,2,12,8,4,16.5
(not set),20251209一輪播,找不到頁面 - 遠雄房地產,/404/,1,12,16,16,0
fb / dh2,fb-45,遠房實價登錄,/,12,12,13,1.0833333333333333,0
google_kw / BH8,20240816_逢甲大學,遠房實價登錄,/,11,11,11,1,0
google_kw / 5vo1,202511,遠房實價登錄,/,11,11,15,1.3636363636363635,0
google_kw / bh10,brand,遠房實價登錄,/,11,11,11,1,0
fb / h713,leads,遠房實價登錄,/,11,11,12,1.0909090909090908,0
google / cpc,brand,遠雄房地產：最懂生活的購屋專家,/,11,11,13,1.1818181818181819,17.636363636363637
google / cpc,corearea0829,遠雄房地產精選預售屋(台北、新北、台中、桃園、台南、高雄) - 遠雄房地產,/building-category-tag/featured_pre_sale/,11,11,13,1.1818181818181819,13.090909090909092
dgc / ar1,20251101-2-1,齊興_緻-台北市北投區/北士科住宅預售屋,/buildings/ar1/,11,11,11,1,0
(data not available),(cross-network),遠雄琉蘊 -台中市西屯區七期預售屋/新建案-預約賞屋，遠雄房地產,/buildings/bh5/,11,11,18,1.6363636363636365,15.909090909090908
m.facebook.com / referral,(referral),水湳建案【遠雄綠美】鄰近綠美圖．中央公園預售屋,/buildings/bh9/,11,11,11,1,0
fb / dgm1,fb12-1,大河商爵-台北市士林區廠辦/預售新建案-預約賞屋，遠創力行銷,/buildings/dgm1/,11,11,11,1,0.2727272727272727
fb / eh2,9-4,遠雄一靚｜楠梓新案．高大特區首發｜早鳥預約中,/buildings/eh2/,11,11,11,1,0.7272727272727273
fb / eh5,27-1,遠雄沐蘊-高雄市三民區預售屋/新建案-預約賞屋,/buildings/eh5/,11,11,11,1,0
fb / eh5,DaVincifarglory,遠雄沐蘊-高雄市三民區預售屋/新建案-預約賞屋,/buildings/eh5/,11,11,11,1,0.2727272727272727
fb / eh5,earlybird,遠雄沐蘊-高雄市三民區預售屋/新建案-預約賞屋,/buildings/eh5/,11,11,11,1,0.18181818181818182
google / cpc,20250718,遠雄信義CENTER-新北市板橋區廠辦.商辦/預售新建案-預約賞屋,/buildings/fm3/,11,11,11,1,3
ig / social,ig,熱銷建案一覽：遠雄全台預售屋、新建案、新成屋資訊,/case/search/page/2/,11,11,13,1.1818181818181819,13.727272727272727
tw.search.yahoo.com / referral,(referral),建案熱區巡禮：龜山A7重劃區成北北桃生活圈潛力新核心 - 遠雄房地產,/life-proposal/area_taoyuan_guishan_a7_function/,11,11,11,1,206.1818181818182
google / organic,(organic),112年全台發生1萬7千多起火災事故，你了解住宅火險與商業火險嗎？ - 遠雄房地產,/life-proposal/kw_fire-insurance_20240705/,11,11,11,1,34
google / organic,(organic),安心生活：三大保固升級服務 -遠雄房地產,/life_proposal/peace_mind/,11,11,16,1.4545454545454546,22.545454545454547
google / organic,(organic),蔡景宇業務個人介紹 - 遠雄一靚,/sales/eh2/G0855/,11,11,11,1,9.727272727272727
google / cpc,brand,遠雄14期首發【遠雄丰尚】北屯新案．近漢神洲際百貨,/buildings/bh11/,10,11,12,1.2,46.7
tw.search.yahoo.com / referral,(referral),遠雄琉蘊 -台中市西屯區七期預售屋/新建案-預約賞屋，遠雄房地產,/buildings/bh5/,10,11,12,1.2,133.8
fb / dgm1,fb11-6,大河商爵-台北市士林區廠辦/預售新建案-預約賞屋，遠創力行銷,/buildings/dgm1/,10,11,11,1.1,5.1
fb / dgm1,fb12-5,大河商爵-台北市士林區廠辦/預售新建案-預約賞屋，遠創力行銷,/buildings/dgm1/,10,11,11,1.1,0.7
google / cpc,extension,遠雄合雅｜板橋之心・合院之上｜2~3房．24~66坪,/buildings/fh2/,10,11,13,1.3,47.3
google / cpc,family_respond,找不到頁面 - 遠雄房地產,/buildings/hih1/,10,11,11,1.1,0.6
googlemap / o1,googlemap,熱銷建案一覽：遠雄全台預售屋、新建案、新成屋資訊,/case/search/,10,11,15,1.5,12.8
google / organic,(organic),建案熱區巡禮：新北板橋府中與南雅地區 - 學區篇 - 遠雄房地產,/life-proposal/area-tph_banqiao_school_20240902/,10,11,12,1.2,40.7
google / organic,(organic),何世昌觀點：輝達總部確立，房市受惠區在哪裡？ - 遠雄房地產,/life-proposal/expert_thinktank_nvidia_20250729/,10,11,13,1.3,89.9
google / organic,(organic),繼承房產兄弟姊妹吵翻天？遺囑、登記與分配機制一次講清楚｜專家觀點地政篇 - 遠雄房地產,/life-proposal/expert_zhu_inherit-siblings_20250704/,10,11,10,1,116.1
google / organic,(organic),私法人房地合一稅的修法與調整｜專家觀點地政篇 - 遠雄房地產,/life-proposal/expert_zhu_private-corporation_adjust_20231227/,10,11,12,1.2,42.6
google / organic,(organic),全齡通用宅打造友善居住環境：住家出入口篇(上篇) - 遠雄房地產,/life-proposal/universal-design-home1-20220722/,10,11,10,1,24.7
google / organic,(organic),建案熱區巡禮：台中西屯水湳經貿園區 - 交通篇 - 遠雄房地產,/life-proposal/area-txg-shuinan_traffic_20240508/,9,11,13,1.4444444444444444,75.11111111111111
google / organic,(organic),全球超長債殖利率飆升：結構性壓力與長短期解方全解析｜財經M平方觀點 - 遠雄房地產,/life-proposal/expert_macromicro_global-bond-yields/,9,11,10,1.1111111111111112,32.22222222222222
google / organic,(organic),[影音] 預售屋購買注意事項大解析 - 應記載事項與不得記載事項｜專家觀點地政篇 - 遠雄房地產,/life-proposal/expert_zhu_buyhouse_contract1_20240430/,9,11,9,1,110.66666666666667
bing / organic,(organic),附屬建物篇 : 陽台與雨遮建築法規規定為何？ - 遠雄房地產,/life-proposal/regulations_20230317/,9,11,9,1,59.666666666666664
google / organic,(organic),影像光廊：建案風采-遠雄房地產,/about/brand_gallery/,8,11,29,3.625,29.625
(not set),202501003二輪播,遠雄14期首發【遠雄丰尚】北屯新案．近漢神洲際百貨,/buildings/bh11/,8,11,16,2,17.625
google / organic,(organic),建案熱區巡禮：高雄三民區老市心新重劃，首購換屋都適宜 - 遠雄房地產,/life-proposal/area-l-kaohsiung-sanmin20220520/,8,11,8,1,31.375
google / organic,(organic),[影音] 何世昌觀點：全台房市「蛋花湯效應」解密 - 南二都房價的變遷 - 遠雄房地產,/life-proposal/expert_hoshichang_property_south-prices_20250404/,8,11,10,1.25,110.125
(not set),20251209一輪播,公共設施篇: 梯廳與樓梯間建築法規有何特殊規定? - 遠雄房地產,/life-proposal/regulations2_20230320/,8,11,0,0,0
google / organic,(organic),永續幸福家園，全齡通用宅設計規範與趨勢 - 遠雄房地產,/life-proposal/universal-design20220708/,8,11,10,1.25,36.375
tw.search.yahoo.com / referral,(referral),北士科建案【遠雄泱玥】水岸首排．57-75坪,/buildings/ah2/,7,11,12,1.7142857142857142,45.714285714285715
line-lap / bh10,line-lap202511-6,【遠雄樂元】北屯機捷X好市多，雙首排大道最核心，夠近才最好,/buildings/bh7/,7,11,13,1.8571428571428572,8.142857142857142
bing / organic,(organic),水湳建案【遠雄綠美】鄰近綠美圖．中央公園預售屋,/buildings/bh9/,7,11,12,1.7142857142857142,30
google / organic,(organic),林邑瞳業務個人介紹 - 遠雄洄山行,/sales/bh8/G0351/,7,11,13,1.8571428571428572,11.142857142857142
(not set),20251209一輪播,村泉蒔美｜門戶端點 從容跨界｜台北生活最美起點,/buildings/cqh1/,6,11,10,1.6666666666666667,72.83333333333333
line-lap / bh10,line-lap7-2,北屯敦富路【遠雄敦富】- 北屯機捷預售屋．近好市多,/buildings/bh10/,5,11,11,2.2,0.8
tw.search.yahoo.com / referral,(referral),遠雄MetaLink科技園區 | 機捷A7．A8站▕ VIP企業席次開放預約中,/buildings/hm2/,5,11,7,1.4,79.4
line-lap / cgh1,line-lapshop3-6,找不到頁面 - 遠雄房地產,/buildings/cgh01/,4,11,10,2.5,0.5
excel.officeapps.live.com / referral,(referral),遠雄房地產：最懂生活的購屋專家,/,4,10,11,2.75,11.5
(not set),20250905五輪播,齊興_緻-台北市北投區/北士科住宅預售屋,/buildings/ar1/,0,10,9,null,null
ig / social,ig,遠房實價登錄,/,10,10,13,1.3,0
leju / h713,lejupage,遠房實價登錄,/,10,10,10,1,0
google / cpc,O1_品牌字_2025.0801,遠雄房地產精選成屋(台北、新北、台中、桃園、台南、高雄) - 遠雄房地產,/building-category-tag/featured_existing_house/,10,10,10,1,11
fb / bh8,fb16-2,遠雄房地產精選預售屋(台北、新北、台中、桃園、台南、高雄) - 遠雄房地產,/building-category-tag/featured_pre_sale/,10,10,12,1.2,22.6
google / cpc,type,遠雄房地產精選預售屋(台北、新北、台中、桃園、台南、高雄) - 遠雄房地產,/building-category-tag/featured_pre_sale/,10,10,13,1.3,7.4
fb / 5vo1,202510_2,聯上智科｜北士科AI總部 輝達核心軸線 -台北市北投區商辦/預售新建案-預約賞屋，遠創力行銷,/buildings/5vo1/,10,10,10,1,1.5
bing / organic,(organic),北士科建案【遠雄泱玥】水岸首排．57-75坪,/buildings/ah2/,10,10,10,1,25.6
ig / paid,120210744263750402,北士科建案【遠雄泱玥】水岸首排．57-75坪,/buildings/ah2/,10,10,11,1.1,32.8
ig / paid,120224631795180316,北士科建案【遠雄泱玥】水岸首排．57-75坪,/buildings/ah2/,10,10,12,1.2,6.4
leju / bh10,leju,北屯敦富路【遠雄敦富】- 北屯機捷預售屋．近好市多,/buildings/bh10/,10,10,10,1,16.7
fb / bh11,12-3,遠雄14期首發【遠雄丰尚】北屯新案．近漢神洲際百貨,/buildings/bh11/,10,10,10,1,0.9
fb / bh5,46-1,遠雄琉蘊 -台中市西屯區七期預售屋/新建案-預約賞屋，遠雄房地產,/buildings/bh5/,10,10,12,1.2,37.3
google_kw / 5vo1,202511,大河商爵-台北市士林區廠辦/預售新建案-預約賞屋，遠創力行銷,/buildings/dgm1/,10,10,10,1,21.4
fb / eh1,2-5,高雄建案推薦【遠雄峰蘊】- 三民區預售屋．近科工館,/buildings/eh1/,10,10,10,1,11.3
fb / eh5,fb31-4,遠雄沐蘊-高雄市三民區預售屋/新建案-預約賞屋,/buildings/eh5/,10,10,10,1,0.8
fb / h707,34,遠雄星呈-台中市清水區預售屋/新建案-預約賞屋，遠雄房地產,/buildings/h707/,10,10,10,1,16.2
google / cpc,(organic),遠雄THE ONE-高雄市前鎮區新成屋/新建案-預約賞屋,/buildings/o1/,10,10,10,1,41.2
google / cpc,brand,遠雄THE ONE-高雄市前鎮區新成屋/新建案-預約賞屋,/buildings/o1/,10,10,12,1.2,41.5
ig / social,ig,熱銷建案：預售屋、新建案、新成屋 -遠雄房地產,/case/,10,10,10,1,4.3
google / cpc,遠雄幸福成_H713_關鍵字_0516_外縣市,熱銷建案：預售屋、新建案、新成屋 -遠雄房地產,/case/,10,10,13,1.3,4.9
google / cpc,20251204,熱銷建案一覽：遠雄全台預售屋、新建案、新成屋資訊,/case/search/,10,10,12,1.2,14.3
google / cpc,Pmax,熱銷建案一覽：遠雄全台預售屋、新建案、新成屋資訊,/case/search/,10,10,20,2,16.5
(direct) / (none),(direct),買主口碑推薦：遠雄建案、預售屋 -遠雄房地產,/case/wom_recommendation/,10,10,15,1.5,8.1
google / organic,(organic),贈與稅 彙整 - 遠雄房地產,/life-proposal-tag/2、市場/2稅務政策相關/gift_tax/,10,10,12,1.2,17.9
google / organic,(organic),建案熱區巡禮：板橋為交通便捷、生活機能佳的新北都心 - 遠雄房地產,/life-proposal/area-l-ntpc_banqiao_20240717/,10,10,11,1.1,101.1
google / organic,(organic),建案熱區巡禮：中壢人都說自己不算桃園人？自成一格的幸福日常 - 遠雄房地產,/life-proposal/area-l-taoyuan-zhongli20220520/,10,10,12,1.2,34.1
google / organic,(organic),建案熱區巡禮：蓄勢待發的台中14期美和庄市地重劃區 - 遠雄房地產,/life-proposal/area-s-taichung-14th20220520/,10,10,9,0.9,20.5
google / organic,(organic),建案熱區巡禮：新北板橋府中與南雅地區 - 交通篇 - 遠雄房地產,/life-proposal/area-tph_banqiao_traffic_20240905/,10,10,10,1,65.3
bing / organic,(organic),基礎建設＋結構保固：一次了解大地工程的基本概念 - 遠雄房地產,/life-proposal/construction-base/,10,10,10,1,37.5
google / organic,(organic),輝達總部確立，房市受惠區在哪裡？｜何世昌觀點 - 遠雄房地產,/life-proposal/expert_thinktank_nvidia_20250729/,10,10,10,1,113.1
google / organic,(organic),[影音] 專家觀點地政篇：連續繼承房產出售節稅有術 - 遠雄房地產,/life-proposal/expert_zhu_multiple-inheriting_vedio_20250423/,10,10,10,1,48.4
google / organic,(organic),新屋居家風水擺設、格局禁忌一次看–「首購族看房買屋攻略」 - 遠雄房地產,/life-proposal/goodluck/,10,10,11,1.1,51.8
google / cpc,O1_品牌字_2025.0801,蔡慧祈業務個人介紹 - 遠雄THE ONE,/sales/O1/G1052/,10,10,10,1,41
avivid / bh11,20251212,黃郁恬業務個人介紹 - 遠雄丰尚,/sales/bh11/G0335/,10,10,12,1.2,23.3
fb / ar1,privacy,服務條款暨隱私權聲明 -遠雄房地產,/terms-of-service_and_privacy/,10,10,11,1.1,4.5
fb / bh5,36,遠房實價登錄,/,9,10,14,1.5555555555555556,0
(direct) / (none),(direct),遠雄【好室智造所】全台巡迴從台中港熱鬧啟航，永續藍圖逐步落實 - 遠雄房地產,/activity-report/hauslab_2025/,9,10,10,1.1111111111111112,78.66666666666667
(direct) / (none),(direct),找不到頁面 - 遠雄房地產,/buildings/ao1/,9,10,10,1.1111111111111112,5
fb / bh11,8-1,遠雄14期首發【遠雄丰尚】北屯新案．近漢神洲際百貨,/buildings/bh11/,9,10,11,1.2222222222222223,6.111111111111111
google / cpc,(organic),遠雄琢蘊-高雄市三民區預售屋/新建案-預約賞屋，遠雄房地產,/buildings/h902/,9,10,11,1.2222222222222223,7.111111111111111
tw.search.yahoo.com / referral,(referral),遠雄THE ONE-高雄市前鎮區新成屋/新建案-預約賞屋,/buildings/o1/,9,10,9,1,23.666666666666668
google / organic,(organic),房地合一稅 彙整 - 遠雄房地產,/life-proposal-tag/2、市場/2稅務政策相關/house-and-land/,9,10,16,1.7777777777777777,24
(direct) / (none),(direct),建案熱區巡禮：台中西屯區七期重劃區生活圈 - 遠雄房地產,/life-proposal/area-txg-7th_function_20231107/,9,10,9,1,76
(direct) / (none),(direct),蓋好蓋滿還是適度留白？一次搞懂建蔽率與容積率 - 遠雄房地產,/life-proposal/build_rate/,9,10,11,1.2222222222222223,5.777777777777778
(direct) / (none),(direct),基礎建設＋結構保固：一次了解大地工程的基本概念 - 遠雄房地產,/life-proposal/construction-base/,9,10,12,1.3333333333333333,32.666666666666664
(direct) / (none),(direct),只有不動產怎麼繳遺產稅？實物抵繳是否划算？｜專家觀點地政篇 - 遠雄房地產,/life-proposal/expert_zhu_property_offset-2_20241220/,9,10,9,1,4.888888888888889
google / organic,(organic),買房頭期款不夠怎麼辦？–「首購族看房買屋攻略」 - 遠雄房地產,/life-proposal/mortgage/,9,10,11,1.2222222222222223,65.11111111111111
google / organic,(organic),優勢榮耀 - 遠雄房地產,/about/branded_advantages/,8,10,18,2.25,17.875
line-lap / dh2,8,台南永康新建案【遠雄山禾】-鹽行特區．3-4房,/buildings/dh2/,8,10,10,1.25,1.5
avivid / bh11,20251212,建案熱區巡禮：台中北屯14期重劃區生活圈，打造北台中的新興生活核心 - 遠雄房地產,/life-proposal/area_txg_beitun_14th_function_20250829/,8,10,9,1.125,70.875
google / organic,(organic),劉學龍觀點：全球局勢到本地市場，2025下半年商用不動產市場的風與浪 - 遠雄房地產,/life-proposal/expert_liu_commercial_2025h2_20250725/,8,10,8,1,54.375
bing / organic,(organic),自用住宅免稅400萬怎麼申請？「持有、設籍、實住」3點不能忽略 | 專家觀點地政篇 - 遠雄房地產,/life-proposal/expert_zhu_ownership-criteria/,8,10,11,1.375,69.875
google / organic,(organic),不動產贈與要注意什麼？配偶跟子女，分產稅制大不同｜專家觀點地政篇 - 遠雄房地產,/life-proposal/expert_zhu_property_divide_gifttax2_20241024/,8,10,9,1.125,95.625
mkto-sn070013.com / referral,(referral),專家觀點：解析房市動向與購屋建議 -遠雄房地產,/life_proposal/experts_point/,8,10,11,1.375,6.75
google / cpc,(organic),預約賞屋手機驗證 - 遠雄房地產,/mob_verify/,8,10,13,1.625,37.75
google / organic,(organic),簡宇婕業務個人介紹 - 遠雄樂元,/sales/bh7/G0993/,8,10,10,1.25,10.25
bing / organic,(organic),遠雄信義CENTER-新北市板橋區廠辦.商辦/預售新建案-預約賞屋,/buildings/fm3/,7,10,8,1.1428571428571428,71.71428571428571
google / organic,(organic),超級好友VIP💎推薦購屋大賞 推薦購屋送黃金! - 遠雄房地產,/landing-page/mgm-gold/,7,10,9,1.2857142857142858,15.285714285714286
google / organic,(organic),換屋族必看：換屋是要先買後賣還是先賣後買？ - 遠雄房地產,/life-proposal/change_house/,7,10,10,1.4285714285714286,121.14285714285714
google / organic,(organic),跨躍2023【遠雄夏沐】幸福ME兔 - 遠雄房地產,/activity-report/2023cny_hh2/,6,10,9,1.5,5.5
(not set),20251209一輪播,齊興_緻-台北市北投區/北士科住宅預售屋,/buildings/ar1/,6,10,10,1.6666666666666667,30.166666666666668
(direct) / (none),(direct),專家觀點：解析房市動向與購屋建議 -遠雄房地產,/life_proposal/experts_point/,6,10,11,1.8333333333333333,28.333333333333332
line-lap / eh1,20240809,遠房實價登錄,/,4,10,11,2.75,0
ig / paid,120238054184420316,遠房實價登錄,/,10,10,10,1,0
line-lap / bh9,lap-5,水湳建案【遠雄綠美】鄰近綠美圖．中央公園預售屋,/buildings/bh9/,4,10,9,2.25,14.25
gdn / ao1,pmax_20250326,找不到頁面 - 遠雄房地產,/buildings/ao1/,2,10,11,5.5,0
fb / bh5,46-1,遠房實價登錄,/,10,10,12,1.2,2.5
lm.facebook.com / referral,(referral),賣房想省稅？別踩房地合一稅虛報裝修陷阱 | 專家觀點地政篇 - 遠雄房地產,/life-proposal/expert_zhu_false-renovation-traps/,8,9,9,1.125,69.875
(not set),20250919一輪播,遠雄一靚｜楠梓新案．高大特區首發｜早鳥預約中,/buildings/eh2/,0,9,9,null,null
dgc / ar1,20251101-2-1,遠房實價登錄,/,9,9,9,1,0
google_kw / bh10,beitun,遠房實價登錄,/,9,9,9,1,0
fb / fh2,fb12-4,遠房實價登錄,/,9,9,9,1,0
google_kw / bh7,googlemap,遠房實價登錄,/,9,9,11,1.2222222222222223,0
(data not available),(cross-network),遠雄房地產精選預售屋(台北、新北、台中、桃園、台南、高雄) - 遠雄房地產,/building-category-tag/featured_pre_sale/,9,9,10,1.1111111111111112,10.88888888888889
google / cpc,20250616_北投士林豪宅/別墅,遠雄房地產精選預售屋(台北、新北、台中、桃園、台南、高雄) - 遠雄房地產,/building-category-tag/featured_pre_sale/,9,9,12,1.3333333333333333,19.22222222222222
webnews / 5vo1,20251120,聯上智科｜北士科AI總部 輝達核心軸線 -台北市北投區商辦/預售新建案-預約賞屋，遠創力行銷,/buildings/5vo1/,9,9,11,1.2222222222222223,31.555555555555557
fb / 8fxz11,8-2,找不到頁面 - 遠雄房地產,/buildings/8fxz11/,9,9,9,1,0
google / organic,(organic),台中西屯建案【遠雄洄山行】．2-4房方正格局,/buildings/BH8/,9,9,9,1,45.333333333333336
mkto-sn070013.com / referral,(referral),遠雄星呈-台中市清水區預售屋/新建案-預約賞屋，遠雄房地產,/buildings/H707/,9,9,9,1,15.777777777777779
fb / bh10,fb202512-3,北屯敦富路【遠雄敦富】- 北屯機捷預售屋．近好市多,/buildings/bh10/,9,9,10,1.1111111111111112,36.44444444444444
fb / bh11,1-1,遠雄14期首發【遠雄丰尚】北屯新案．近漢神洲際百貨,/buildings/bh11/,9,9,9,1,0.2222222222222222
fb / bh11,8-2,遠雄14期首發【遠雄丰尚】北屯新案．近漢神洲際百貨,/buildings/bh11/,9,9,10,1.1111111111111112,29.444444444444443
fb / bh7,8,【遠雄樂元】北屯機捷X好市多，雙首排大道最核心，夠近才最好,/buildings/bh7/,9,9,9,1,23.11111111111111
google / cpc,brand0829,【遠雄樂元】北屯機捷X好市多，雙首排大道最核心，夠近才最好,/buildings/bh7/,9,9,10,1.1111111111111112,18.77777777777778
fb / cqh1,fb-28,村泉蒔美｜門戶端點 從容跨界｜台北生活最美起點,/buildings/cqh1/,9,9,9,1,20
fb / dgm1,fb12-4,大河商爵-台北市士林區廠辦/預售新建案-預約賞屋，遠創力行銷,/buildings/dgm1/,9,9,9,1,2.3333333333333335
fb / dh2,fb-43,台南永康新建案【遠雄山禾】-鹽行特區．3-4房,/buildings/dh2/,9,9,9,1,52
ig / social,ig,遠雄一靚｜楠梓新案．高大特區首發｜早鳥預約中,/buildings/eh2/,9,9,10,1.1111111111111112,40.55555555555556
leju / eh2,遠雄高大特區首發(藍田公園),遠雄一靚｜楠梓新案．高大特區首發｜早鳥預約中,/buildings/eh2/,9,9,9,1,0
fb / eh5,fb29-1,遠雄沐蘊-高雄市三民區預售屋/新建案-預約賞屋,/buildings/eh5/,9,9,9,1,2.5555555555555554
fb / eh5,fb31-3,遠雄沐蘊-高雄市三民區預售屋/新建案-預約賞屋,/buildings/eh5/,9,9,9,1,0
fb / h109,leads,找不到頁面 - 遠雄房地產,/buildings/h109/,9,9,9,1,0.7777777777777778
fb / h707,9,遠雄星呈-台中市清水區預售屋/新建案-預約賞屋，遠雄房地產,/buildings/h707/,9,9,9,1,1.7777777777777777
fb / h713,112,遠雄幸福成｜即將落成 - 台中市清水區預售/新建案-預約賞屋，遠雄房地產,/buildings/h713/,9,9,9,1,3.4444444444444446
fb / o1,20250422_20-1,遠雄THE ONE-高雄市前鎮區新成屋/新建案-預約賞屋,/buildings/o1/,9,9,10,1.1111111111111112,27
google / cpc,O1_品牌字_2025.0801,熱銷建案一覽：遠雄全台預售屋、新建案、新成屋資訊,/case/search/,9,9,14,1.5555555555555556,60.333333333333336
google / cpc,遠雄幸福成_H713_關鍵字_0516_中彰,熱銷建案一覽：遠雄全台預售屋、新建案、新成屋資訊,/case/search/,9,9,21,2.3333333333333335,20
(direct) / (none),(direct),熱銷建案一覽：遠雄全台預售屋、新建案、新成屋資訊,/case/search/building-category-tag/134/,9,9,12,1.3333333333333333,14.777777777777779
bing / organic,(organic),熱銷建案一覽：遠雄全台預售屋、新建案、新成屋資訊,/case/search/page/2/,9,9,11,1.2222222222222223,10.11111111111111
google / cpc,202511,熱銷建案一覽：遠雄全台預售屋、新建案、新成屋資訊,/case/search/sales_status/hot-sale/,9,9,13,1.4444444444444444,25.11111111111111
google / organic,(organic),遠雄菁英分享 - 遠雄房地產,/contact_service/elite_sharing/,9,9,35,3.888888888888889,27.88888888888889
(direct) / (none),(direct),遠雄房地產：最懂生活的購屋專家,/en/VisionaryPlanning.html,9,9,9,1,6.888888888888889
google / organic,(organic),首購新手買房重點：棟距與社區規劃好不好，住起來差很大 - 遠雄房地產,/life-proposal/architectural_planning/,9,9,9,1,33.888888888888886
news.google.com / referral,(referral),建案熱區巡禮：台南中西區運河星鑽特區，重塑台南的歷史與現代風貌 - 遠雄房地產,/life-proposal/area-s-tainan_west-central_diamond_20250425/,9,9,10,1.1111111111111112,73.44444444444444
google / organic,(organic),建案熱區巡禮：新北板橋區Tpark科技特區 (遠東通訊園區) - 學區篇 - 遠雄房地產,/life-proposal/area-s-tph_banqiao_tpark_school_20250421/,9,9,10,1.1111111111111112,52.333333333333336
google / organic,(organic),建案熱區巡禮：台南溪東重劃區生活圈 - 遠雄房地產,/life-proposal/area_tnn_haidian_function_20240126/,9,9,11,1.2222222222222223,48.55555555555556
google / organic,(organic),專家觀點地政篇：買房必讀 - 避免不動產詐騙｜如何避免成為房貸人頭？ - 遠雄房地產,/life-proposal/avoid-real-estate-fraud/,9,9,10,1.1111111111111112,119.22222222222223
mkto-sn070013.com / referral,(referral),全球超長債殖利率飆升：結構性壓力與長短期解方全解析 - 遠雄房地產,/life-proposal/expert_macromicro_global-bond-yields/,9,9,9,1,54.22222222222222
(direct) / (none),(direct),劉佩真觀點：2025年第三季房市觀測-政策觀望期延續，市場靜待轉折契機 - 遠雄房地產,/life-proposal/expert_peizhen_2025q3review/,9,9,9,1,86.66666666666667
mkto-sn070013.com / referral,(referral),[影音] 半導體業近期投資趨勢將如何影響國內商用不動產的表現 - 遠雄房地產,/life-proposal/expert_peizhen_semiconductor_video/,9,9,9,1,1.8888888888888888
google / organic,(organic),[影音] 專家觀點地政篇：限貸令下交屋解約問題 - 遠雄房地產,/life-proposal/expert_zhu_property_terminate_vedio_20250313/,9,9,10,1.1111111111111112,42.666666666666664
google / organic,(organic),修繕小知識：自己的浴室自己修！水龍頭、馬桶故障簡易排除法【居家百科】 - 遠雄房地產,/life-proposal/fixbathroom/,9,9,10,1.1111111111111112,32.55555555555556
google / organic,(organic),高樓層VS低樓層：哪個才是首購族的最佳選擇？–「首購族看房買屋攻略」 - 遠雄房地產,/life-proposal/high_floor/,9,9,9,1,46.44444444444444
google / organic,(organic),小檜溪重劃後的美好：一位八旬里長，見證小檜溪社區環境的變遷 - 遠雄房地產,/life-proposal/interview-s-taoyuan-green20221111/,9,9,9,1,102.88888888888889
fgr-line / fgr,cleaning_20221223,廚房清潔保養全攻略：抽油煙機、檯面到瓦斯爐一次搞定【居家百科】 - 遠雄房地產,/life-proposal/kitchen/,9,9,9,1,10
google / organic,(organic),如何保障產權？維護自身權益必知的產權登記 - 遠雄房地產,/life-proposal/kw_equity_20230605/,9,9,9,1,51.111111111111114
(direct) / (none),(direct),遠雄房地產預約賞屋(線上賞屋與預約賞屋),/make_appointment/,9,9,9,1,17.666666666666668
l.facebook.com / referral,(referral),隱私權聲明 - 遠雄房地產,/privacy/,9,9,10,1.1111111111111112,11.777777777777779
google / cpc,202511,詹婷婷業務個人介紹 - 遠雄商用不動產(林口龜山),/sales/HM2/G0531/,9,9,9,1,9.222222222222221
google / organic,(organic),黃語璇業務個人介紹 - 遠雄樂元,/sales/bh7/G0990/,9,9,11,1.2222222222222223,10.333333333333334
fb / dh2,fb-48,遠房實價登錄,/,8,9,10,1.25,0
google / organic,(organic),案場活動 彙整 - 遠雄房地產,/activity-report-category/activities_glance/activities_glance_list/ag_case_activities/,8,9,23,2.875,23
google / cpc,20251204,遠雄房地產精選預售屋(台北、新北、台中、桃園、台南、高雄) - 遠雄房地產,/building-category-tag/featured_pre_sale/,8,9,14,1.75,28.375
line / bh11,20251204,遠雄房地產精選預售屋(台北、新北、台中、桃園、台南、高雄) - 遠雄房地產,/building-category-tag/featured_pre_sale/,8,9,10,1.25,18.25
google / organic,(organic),重劃區相關預售屋/新成屋/新建案資料|遠雄房地產,/building-tag/build-tag-plan/,8,9,12,1.5,16.875
bing / organic,(organic),聯上智科｜北士科AI總部 輝達核心軸線 -台北市北投區商辦/預售新建案-預約賞屋，遠創力行銷,/buildings/5vo1/,8,9,13,1.625,107.25
google_kw / BH8,20240816_台中水湳,台中西屯建案【遠雄洄山行】．2-4房方正格局,/buildings/BH8/,8,9,9,1.125,40.625
google / cpc,20251204,远雄14期首发【远雄丰尚】北屯新案．近汉神洲际百货,/buildings/bh11/,8,9,0,0,13.25
tw.search.yahoo.com / referral,(referral),台中西屯建案【遠雄洄山行】．2-4房方正格局,/buildings/bh8/,8,9,8,1,66.125
fb / dh2,fb-48,台南永康新建案【遠雄山禾】-鹽行特區．3-4房,/buildings/dh2/,8,9,10,1.25,12.25
google_kw / eh2,(not set),遠雄一靚｜楠梓新案．高大特區首發｜早鳥預約中,/buildings/eh2/,8,9,9,1.125,5
google / organic,(organic),遠房好友電子報 - 遠雄房地產,/farglory-realty_edm/,8,9,9,1.125,10.75
mkto-sn070013.com / referral,(referral),衛浴日常清潔保養技巧：延長設備壽命的必備指南【居家百科】 - 遠雄房地產,/life-proposal/bathroom/,8,9,9,1.125,82.25
socialmedia / fgr,fb20251219,[影音] 全台房市「蛋花湯效應」解密 - 南二都房價的變遷｜何世昌觀點 - 遠雄房地產,/life-proposal/expert_hoshichang_property_south-prices_20250404/,8,9,9,1.125,2.875
google / organic,(organic),李同榮觀點：2025房市下跌趨勢中，預售屋進場全攻略 - 遠雄房地產,/life-proposal/expert_li_7th-cycle_20250114/,8,9,8,1,126.75
google / cpc,(not set),財經M平方觀點：2025 年中國經濟關鍵議題分析 - 遠雄房地產,/life-proposal/expert_macromicro_china-economic_20250120/,8,9,9,1.125,0
google / organic,(organic),降息了黃金一定會漲嗎？探討未來黃金走勢｜財經M平方觀點 - 遠雄房地產,/life-proposal/expert_macromicro_golden_20241119/,8,9,8,1,73.375
chatgpt.com / (not set),(not set),劉佩真觀點：2025年第三季房市觀測-政策觀望期延續，市場靜待轉折契機 - 遠雄房地產,/life-proposal/expert_peizhen_2025q3review/,8,9,9,1.125,21.75
mkto-sn070013.com / referral,(referral),[影音] 半導體業近期投資趨勢將如何影響國內商用不動產的表現｜劉佩真觀點 - 遠雄房地產,/life-proposal/expert_peizhen_semiconductor_video/,8,9,8,1,22.125
google / organic,(organic),(not set),(not set),9,9,0,0,0
bing / organic,(organic),換屋族看過來，房地合一稅與土增稅要點筆記！ - 遠雄房地產,/life-proposal/house_and_land/,8,9,8,1,186.125
google / organic,(organic),買房大小事：交屋眉角看仔細 - 遠雄房地產,/life-proposal/land_handover_check/,8,9,12,1.5,49.75
google / organic,(organic),為生活解悶 | 居家布置術-創造閱讀角 - 遠雄房地產,/life-proposal/space_style_reading_20240116/,8,9,9,1.125,28.125
line-lap / cqh1,lap-2,隱私權聲明 - 遠雄房地產,/privacy/,8,9,10,1.25,3.25
line / bh9,(not set),遠房實價登錄,/,7,9,9,1.2857142857142858,0
(direct) / (none),(direct),齊興緻-林白芷-遠雄房地產 Farglory-Realty,/AR1/b3622,7,9,10,1.4285714285714286,15.857142857142858
mkto-sn070013.com / referral,(referral),2025十一月主題報 - 遠雄房地產,/Nov2025/,7,9,9,1.2857142857142858,18.285714285714285
google / organic,(organic),公告資訊 - 遠雄房地產,/activity_report/announcement_information/,7,9,12,1.7142857142857142,14.142857142857142
(direct) / (none),(direct),遠雄泱玥 | 水岸正首席．北士科首獻｜57-75坪-周繹加-遠雄房地產 Farglory-Realty,/ah2/B5654,7,9,10,1.4285714285714286,36.857142857142854
line / bh9,(not set),水湳建案【遠雄綠美】鄰近綠美圖．中央公園預售屋,/buildings/bh9/,7,9,9,1.2857142857142858,11.857142857142858
farglory.com.tw / referral,(referral),熱銷建案一覽：遠雄全台預售屋、新建案、新成屋資訊,/case/search/,7,9,26,3.7142857142857144,56.142857142857146
google / organic,(organic),徐紋媛業務個人介紹 - 遠雄洄山行,/sales/bh8/B5734/,7,9,12,1.7142857142857142,15.714285714285714
fb / bh7,20251215post,遠房實價登錄,/,6,9,13,2.1666666666666665,0
(not set),20251230一輪播,遠雄房地產：最懂生活的購屋專家,/,6,9,4,0.6666666666666666,3.1666666666666665
(direct) / (none),(direct),世界造鎮推手‧遠雄譜寫台灣經濟奇蹟-遠雄房地產,/farglory-realty-about/push-hand/,6,9,7,1.1666666666666667,46.166666666666664
(direct) / (none),(direct),最懂生活的購屋專家-遠雄房地產,/gc_farbear/,5,9,21,4.2,21
(not set),20251107一輪播,遠雄信義CENTER-新北市板橋區廠辦.商辦/預售新建案-預約賞屋,/buildings/fm3/,4,9,12,3,38.25
tagassistant.google.com / referral,(referral),遠雄房地產：最懂生活的購屋專家,/,3,9,8,2.6666666666666665,14.333333333333334
google / organic,(organic),房價溫度計-房市指標有哪些? - 遠雄房地產,/life-proposal/indicators_20221111/,3,9,10,3.3333333333333335,262.6666666666667
line / linebutton,(referral),遠雄房地產：最懂生活的購屋專家,/,2,9,8,4,5
(not set),20250905五輪播,【遠雄樂元】北屯機捷X好市多，雙首排大道最核心，夠近才最好,/buildings/bh7/,2,9,8,4,8
google / cpc,20250616_品牌字,齊興緻-吳若榆-遠雄房地產 Farglory-Realty,/AR1/b4125,1,9,27,27,19
google / cpc,(referral),熱銷建案一覽：遠雄全台預售屋、新建案、新成屋資訊,/case/search/page/2/,1,9,12,12,15
google / cpc,20250616_競品字,遠房實價登錄,/,9,9,12,1.3333333333333333,0
google / cpc,newtaipei,遠房實價登錄,/,8,8,11,1.375,0
google / organic,(organic),(1) 封未讀訊息 | 遠雄一靚｜楠梓新案．高大特區首發｜早鳥預約中,/buildings/eh2/,1,8,0,0,0
line-lap / ar1,20250718,遠房實價登錄,/,8,8,10,1.25,0
webnews / ar1,20251126,遠房實價登錄,/,8,8,8,1,0
google / cpc,area14,遠房實價登錄,/,8,8,8,1,0
fb / dh2,fb-39,遠房實價登錄,/,8,8,8,1,0
fb / dh2,fb-43,遠房實價登錄,/,8,8,8,1,0
fb / o1,fb27-5,遠房實價登錄,/,8,8,8,1,0
googlemap / o1,googlemap,遠房實價登錄,/,8,8,12,1.5,1.875
fb / bh7,2,遠房實價登錄,/,8,8,8,1,0
m.facebook.com / referral,(referral),遠雄房地產：最懂生活的購屋專家,/,8,8,8,1,0
google / cpc,20251204,遠雄房地產：最懂生活的購屋專家,/,8,8,8,1,8.75
line / o1,line4-2,遠雄房地產：最懂生活的購屋專家,/,8,8,8,1,0.875
(direct) / (none),(direct),遠雄2025九月主題報 - 遠雄房地產,/SEP2025/,8,8,11,1.375,0.375
fb / bh11,fanpagebutton,遠雄房地產精選預售屋(台北、新北、台中、桃園、台南、高雄) - 遠雄房地產,/building-category-tag/featured_pre_sale/,8,8,8,1,176.5
fb / bh8,leads,遠雄房地產精選預售屋(台北、新北、台中、桃園、台南、高雄) - 遠雄房地產,/building-category-tag/featured_pre_sale/,8,8,9,1.125,20.375
google / cpc,area,捷運宅相關預售屋/新成屋/新建案資料|遠雄房地產,/building-tag/build-tag-mrt/,8,8,10,1.25,148.625
google / organic,(organic),熱銷建案 彙整 - 遠雄房地產,/buildings/,8,8,13,1.625,11.75
google_kw / 5vo1,202511,"Linked Intelligent Technology | Beishike AI Headquarters, Huida Core Axis - Taipei Beitou District Commercial Office/Pre-sale New Construction Project - Schedule a Viewing Appointment, Far Eastern Marketing",/buildings/5vo1/,8,8,0,0,12.875
google / cpc,(organic),台中西屯建案【遠雄洄山行】．2-4房方正格局,/buildings/BH8/,8,8,8,1,62.5
google_kw / 5vo1,202511,北士科建案【遠雄泱玥】水岸首排．57-75坪,/buildings/ah2/,8,8,10,1.25,61.25
webnews / ar1,20251126,齊興_緻-台北市北投區/北士科住宅預售屋,/buildings/ar1/,8,8,9,1.125,44.875
fb / ar1,fb3-1,齊興_緻-台北市北投區/北士科住宅預售屋,/buildings/ar1/,8,8,8,1,17.125
fb / ar1,fb6-1,齊興_緻-台北市北投區/北士科住宅預售屋,/buildings/ar1/,8,8,8,1,6.375
fb / ar1,fb6-2,齊興_緻-台北市北投區/北士科住宅預售屋,/buildings/ar1/,8,8,8,1,22
(data not available),(cross-network),北屯敦富路【遠雄敦富】- 北屯機捷預售屋．近好市多,/buildings/bh10/,8,8,13,1.625,27.875
google / cpc,area14,北屯敦富路【遠雄敦富】- 北屯機捷預售屋．近好市多,/buildings/bh10/,8,8,8,1,79.375
web / bh6,googlemap2,遠雄藝舍-台中西屯區麥當勞旁金店面-預約賞屋，遠雄房地產,/buildings/bh6/,8,8,8,1,4.25
fb / bh7,13,【遠雄樂元】北屯機捷X好市多，雙首排大道最核心，夠近才最好,/buildings/bh7/,8,8,8,1,20.25
fb / cqh1,fb-23,村泉蒔美｜門戶端點 從容跨界｜台北生活最美起點,/buildings/cqh1/,8,8,8,1,2.75
m.facebook.com / referral,(referral),大河商爵-台北市士林區廠辦/預售新建案-預約賞屋，遠創力行銷,/buildings/dgm1/,8,8,8,1,0
fb / dh2,fb-39,台南永康新建案【遠雄山禾】-鹽行特區．3-4房,/buildings/dh2/,8,8,8,1,16.375
fb / eh2,8-2,遠雄一靚｜楠梓新案．高大特區首發｜早鳥預約中,/buildings/eh2/,8,8,8,1,3.25
fb / h707,21,遠雄星呈-台中市清水區預售屋/新建案-預約賞屋，遠雄房地產,/buildings/h707/,8,8,8,1,0
google_kw / h713,(organic),遠雄幸福成｜即將落成 - 台中市清水區預售/新建案-預約賞屋，遠雄房地產,/buildings/h713/,8,8,8,1,0
fb / hm2,20251103,遠雄MetaLink科技園區 | 機捷A7．A8站▕ VIP企業席次開放預約中,/buildings/hm2/,8,8,8,1,1.5
google / organic,(organic),若水秧翠｜東京視野・頂埔門牌｜1~3房．20~42坪,/buildings/rsh1/,8,8,19,2.375,6.25
avivid / bh11,20251212,熱銷建案：預售屋、新建案、新成屋 -遠雄房地產,/case/,8,8,8,1,10.875
(direct) / (none),(direct),何世昌觀點：2025年中台灣房市潛力區域專題報導 -10大優質投資區域分析 - 遠雄房地產,/life-proposal/expert_hoshichang_central-potential/,8,8,8,1,30.625
fgr-line / fgr,expert_law_y-rlee_land-agent_20250904,永然法律不動產專欄：台版地面師如何騙走你的不動產? - 遠雄房地產,/life-proposal/expert_law_y-rlee_land-agent_20250904/,8,8,8,1,51.75
(direct) / (none),(direct),借名登記的房地產，也可以作為遺產分割的標的嗎？ | 永然法律不動產專欄 - 遠雄房地產,/life-proposal/expert_law_y-rlee_nominee-inheritance/,8,8,10,1.25,59.375
(direct) / (none),(direct),南台灣產業轉型如何改變房市？影響面向與市場趨勢解析｜劉佩真觀點 - 遠雄房地產,/life-proposal/expert_peizhen_southern-taiwan/,8,8,9,1.125,24.125
socialmedia / fgr,fb20251209,[影音] 買房後發現實際面積比權狀縮水，該找誰求償? - 遠雄房地產,/life-proposal/expert_zhu_area-discrepancy_20250827/,8,8,8,1,0.125
google / organic,(organic),專家觀點地政篇：不夠現金繳遺產稅怎麼辦？ 分期或延期繳納申請 - 遠雄房地產,/life-proposal/expert_zhu_property_offset-1_20241125/,8,8,8,1,44.125
(direct) / (none),(direct),居家保養：如何擦玻璃才正確？【居家百科】 - 遠雄房地產,/life-proposal/glass-fix/,8,8,8,1,20.75
google / organic,(organic),繳納房地合一稅避免踩雷必知重點 - 遠雄房地產,/life-proposal/house_income_20230119/,8,8,9,1.125,26.25
(direct) / (none),(direct),社區營運兩三事：管理費與公共基金 - 遠雄房地產,/life-proposal/land_fund/,8,8,9,1.125,27.625
fgr-line / fgr,light,居家燈具清潔與保養全攻略【居家百科】 - 遠雄房地產,/life-proposal/light/,8,8,10,1.25,12.25
mkto-sn070013.com / referral,(referral),輝達落腳時程出爐，北士科商辦掀全球卡位戰 - 遠雄房地產,/life-proposal/nvidia-beishi-office/,8,8,9,1.125,1.625
google / organic,(organic),預售屋紅單是什麼？ - 遠雄房地產,/life-proposal/pre-sale_order_20221007/,8,8,8,1,8.625
google / organic,(organic),建案熱區巡禮：台中水湳經貿區，新世代亮點發展區 - 遠雄房地產,/life-proposal/shuinan/,8,8,10,1.25,12.875
google / organic,(organic),工料雙漲下的省錢裝潢 | 新屋廚房三大必修省錢術 - 遠雄房地產,/life-proposal/space_furnish_kitchen_20240102/,8,8,8,1,88.625
google / organic,(organic),修繕小知識：家中石材泛黃、有裂痕怎麼救？【居家百科】 - 遠雄房地產,/life-proposal/stone-fix/,8,8,8,1,47.75
google / organic,(organic),建案熱區巡禮 - 好想搬去新北住！新莊副都心生活圈，一步抵達頂級人生 - 遠雄房地產,/life-proposal/xinzhuang/,8,8,8,1,68.375
fb / eh2,12-1,洪梓芸業務個人介紹 - 遠雄一靚,/sales/eh2/B5986/,8,8,8,1,10
fb / eh5,park,遠房實價登錄,/,7,8,7,1,6.428571428571429
line-lap / cqh1,lap-2,遠雄房地產精選預售屋(台北、新北、台中、桃園、台南、高雄) - 遠雄房地產,/building-category-tag/featured_pre_sale/,7,8,10,1.4285714285714286,23.714285714285715
line-lap / bh10,line-lap20257-1,北屯敦富路【遠雄敦富】- 北屯機捷預售屋．近好市多,/buildings/bh10/,7,8,9,1.2857142857142858,3.5714285714285716
google / cpc,20251204,เปิดตัวโครงการ Farglory เฟส 14: Farglory Fengshang โครงการใหม่ในเขตเป่ยตุน ใกล้ห้างสรรพสินค้า Hanshin Intercontinental,/buildings/bh11/,7,8,2,0.2857142857142857,3.857142857142857
(not set),20251209一輪播,水湳建案【遠雄綠美】鄰近綠美圖．中央公園預售屋,/buildings/bh9/,7,8,8,1.1428571428571428,12
line-lap / bh9,lap-2,水湳建案【遠雄綠美】鄰近綠美圖．中央公園預售屋,/buildings/bh9/,7,8,10,1.4285714285714286,74.42857142857143
avivid / bh11,20251212,村泉蒔美｜門戶端點 從容跨界｜台北生活最美起點,/buildings/cqh1/,7,8,11,1.5714285714285714,316.7142857142857
fb / cqh1,fb-33,村泉蒔美｜門戶端點 從容跨界｜台北生活最美起點,/buildings/cqh1/,7,8,8,1.1428571428571428,1.4285714285714286
fb / eh1,eh1fb,高雄建案推薦【遠雄峰蘊】- 三民區預售屋．近科工館,/buildings/eh1/,7,8,8,1.1428571428571428,16.857142857142858
webnews / h713,11409,遠雄幸福成｜即將落成 - 台中市清水區預售/新建案-預約賞屋，遠雄房地產,/buildings/h713/,7,8,7,1,143.28571428571428
google / cpc,brand,遠雄琢蘊-高雄市三民區預售屋/新建案-預約賞屋，遠雄房地產,/buildings/h902/,7,8,9,1.2857142857142858,62.142857142857146
google / cpc,202511,Farglory MetaLink Technology Park | Airport MRT A7 & A8 Station | VIP corporate seats are now open for reservation.,/buildings/hm2/,7,8,2,0.2857142857142857,103.71428571428571
line-lap / qyh1,linelap2-2,找不到頁面 - 遠雄房地產,/buildings/qyh1/,7,8,9,1.2857142857142858,2.4285714285714284
google / organic,(organic),房仲公會全聯會 榮譽理事長 李同榮 彙整 - 遠雄房地產,/life-proposal-category/expert_point/realestate_li/,7,8,7,1,10.428571428571429
google / organic,(organic),建案熱區巡禮：高雄楠梓區高大特區 - 綠地休憩篇 - 遠雄房地產,/life-proposal/area-kaohsiung-nanzi_nuk_park_20250217/,7,8,9,1.2857142857142858,20.857142857142858
google / organic,(organic),建案熱區巡禮：住台中七期，邁向身心都富足生活 - 遠雄房地產,/life-proposal/area-s-taichung-7th20220520/,7,8,7,1,42.714285714285715
(direct) / (none),(direct),建案熱區巡禮：台中西屯區七期重劃區 - 學區篇 - 遠雄房地產,/life-proposal/area-txg-7th_school_20241226/,7,8,10,1.4285714285714286,46
google / organic,(organic),建案熱區巡禮：台中西屯區 - 交通篇 - 遠雄房地產,/life-proposal/area_hotspot_txg_xitun_traffic_20231124/,7,8,8,1.1428571428571428,52.57142857142857
tw.search.yahoo.com / referral,(referral),建案熱區巡禮：台中北屯14期重劃區生活圈，打造北台中的新興生活核心 - 遠雄房地產,/life-proposal/area_txg_beitun_14th_function_20250829/,7,8,7,1,82.57142857142857
(direct) / (none),(direct),李同榮觀點：2025自住首購族擇屋八大法則 - 遠雄房地產,/life-proposal/expert_li_homeowners_20250410/,7,8,8,1.1428571428571428,54.285714285714285
chatgpt.com / referral,(referral),李同榮觀點：2026年房地產市場將面臨八大考驗 - 遠雄房地產,/life-proposal/expert_li_housing-challenges-2026/,7,8,7,1,44.57142857142857
(direct) / (none),(direct),全球超長債殖利率飆升：結構性壓力與長短期解方全解析 - 遠雄房地產,/life-proposal/expert_macromicro_global-bond-yields/,7,8,8,1.1428571428571428,39.285714285714285
(direct) / (none),(direct),2025年第三季房市觀測-政策觀望期延續，市場靜待轉折契機｜劉佩真觀點 - 遠雄房地產,/life-proposal/expert_peizhen_2025q3review/,7,8,7,1,8.571428571428571
(not set),20251209一輪播,劉佩真觀點：2025年第三季房市觀測-政策觀望期延續，市場靜待轉折契機 - 遠雄房地產,/life-proposal/expert_peizhen_2025q3review/,7,8,1,0.14285714285714285,3.857142857142857
(direct) / (none),(direct),專家觀點地政篇：不動產抵押權重點詳解 - 遠雄房地產,/life-proposal/expert_zhu_hypothec_20230815/,7,8,9,1.2857142857142858,200.28571428571428
(direct) / (none),(direct),[影音] 婚前買房v.s婚後買房｜房子登記誰的名字好｜專家觀點地政篇 - 遠雄房地產,/life-proposal/expert_zhu_marriage_20230614/,7,8,7,1,24.571428571428573
google / organic,(organic),「高雄大美術館計畫」的誕生：內惟藝術中心絕美新地標 - 遠雄房地產,/life-proposal/kaohsiung-artplan-20220610/,7,8,8,1.1428571428571428,40.714285714285715
google / organic,(organic),遠雄聯手蘇喻哲打造高雄科工館「健康宅」遠雄琢蘊，遠雄左岸串連1300公頃河邊綠地,/life-proposal/natural-design/,7,8,8,1.1428571428571428,11.857142857142858
google / organic,(organic),入主重劃區漸成主流，優缺點一次看 - 遠雄房地產,/life-proposal/redevelopment_zone_20221209/,7,8,8,1.1428571428571428,16.857142857142858
google / organic,(organic),抗酷暑 ! 室內空間降溫這樣做，植栽除了打造綠色空間也能降溫 - 遠雄房地產,/life-proposal/space_design_greencooldown_20240903/,7,8,8,1.1428571428571428,60.857142857142854
google / organic,(organic),預約成功 - 遠雄房地產,/預約成功感謝頁/,7,8,10,1.4285714285714286,25
webnews / ar1,20250618,齊興_緻-台北市北投區/北士科住宅預售屋,/buildings/ar1/,6,8,7,1.1666666666666667,22.666666666666668
bing / organic,(organic),安南重劃首選【遠雄藏萃】全新落成，珍稀戶別釋出！,/buildings/dh5/,6,8,6,1,27.666666666666668
google / cpc,20251204,遠雄琢蘊-高雄市三民區預售屋/新建案-預約賞屋，遠雄房地產,/buildings/h902/,6,8,7,1.1666666666666667,34.166666666666664
(not set),20251209一輪播,熱銷建案一覽：遠雄全台預售屋、新建案、新成屋資訊,/case/search/page/3/,6,8,13,2.1666666666666665,6.833333333333333
google / organic,(organic),房價走勢 彙整 - 遠雄房地產,/life-proposal-tag/real_estate-2/房價走勢/,6,8,7,1.1666666666666667,6.666666666666667
google / organic,(organic),建案熱區巡禮：台南永康大灣重劃區 - 綠地休憩篇 - 遠雄房地產,/life-proposal/area-hotspot-tnn-dawan_park_20240229/,6,8,9,1.5,41.166666666666664
(direct) / (none),(direct),建案熱區巡禮：台中西屯區七期重劃區 - 綠地休憩篇 - 遠雄房地產,/life-proposal/area-txg-7th_park_20241223/,6,8,10,1.6666666666666667,21.333333333333332
google / organic,(organic),[影音] 劉佩真觀點：從總體經營環境來看2025下半年住宅與商用市場最新動態 - 遠雄房地產,/life-proposal/expert_peizhen_oee_2025h2/,6,8,7,1.1666666666666667,23.833333333333332
google / organic,(organic),[影音] 預售屋購買注意事項大解析 - 履約保證不可不知 - 遠雄房地產,/life-proposal/expert_zhu_property_escrow_vedio_20240531/,6,8,6,1,91.66666666666667
bing / organic,(organic),樓高的隱藏秘密：樓層高度怎麼看？ - 遠雄房地產,/life-proposal/floor_height/,6,8,8,1.3333333333333333,54.833333333333336
(not set),20251209一輪播,樓高的隱藏秘密：樓層高度怎麼看？ - 遠雄房地產,/life-proposal/floor_height/,6,8,1,0.16666666666666666,12.5
google / organic,(organic),預售屋 v.s 成屋 v.s 中古屋的差異與優缺點 - 遠雄房地產,/life-proposal/goodandbad_20221028/,6,8,10,1.6666666666666667,120.16666666666667
(direct) / (none),(direct),房子也有說明書，不動產說明書應記載事項你知道嗎？ - 遠雄房地產,/life-proposal/manual20220610/,6,8,7,1.1666666666666667,26
google / organic,(organic),魏祥桐業務個人介紹 - 遠雄樂元,/sales/bh7/G0306/,6,8,8,1.3333333333333333,17.666666666666668
line-lap / cqh1,lap-2,遠雄房地產：最懂生活的購屋專家,/,5,8,9,1.8,45.4
line-lap / 5vo1,20251123_1102,遠雄房地產精選預售屋(台北、新北、台中、桃園、台南、高雄) - 遠雄房地產,/building-category-tag/featured_pre_sale/,5,8,10,2,51.2
line-lap / bh10,line-lap7-3,北屯敦富路【遠雄敦富】- 北屯機捷預售屋．近好市多,/buildings/bh10/,5,8,8,1.6,3.2
(not set),(not set),遠雄沐蘊-高雄市三民區預售屋/新建案-預約賞屋,/buildings/eh5/,5,8,4,0.8,28
google_kw / h707,googlemap,遠雄星呈-台中市清水區預售屋/新建案-預約賞屋，遠雄房地產,/buildings/h707/,5,8,9,1.8,9.6
(not set),20251209一輪播,輝達超微進駐遠雄自貿港，遠雄MetaLink廠辦受惠廊帶效應  - 遠雄房地產,/life-proposal/metalink-ai-hub/,5,8,4,0.8,32.8
google / cpc,pmax-1-taichung,【遠雄樂元】北屯機捷X好市多，雙首排大道最核心，夠近才最好,/buildings/bh7/,4,8,8,2,0
line / bh8,20240826,台中西屯建案【遠雄洄山行】．2-4房方正格局,/buildings/bh8/,4,8,9,2.25,2
(not set),20251209一輪播,建案熱區巡禮：桃園龜山重大建設帶動發展利多 - 遠雄房地產,/life-proposal/area-l-taoyuan-guishan/,4,8,5,1.25,26.75
google / organic,(organic),建案熱區巡禮：台南永康區 - 學區篇 - 遠雄房地產,/life-proposal/area_hotspot_tnn_yongkang_school_20231216/,4,8,8,2,32
chatgpt.com / referral,(referral),劉佩真觀點：2025年第三季房市觀測-政策觀望期延續，市場靜待轉折契機 - 遠雄房地產,/life-proposal/expert_peizhen_2025q3review/,4,8,8,2,148
(direct) / (none),(direct),遠雄泱玥 | 水岸正首席．北士科首獻｜57-75坪-陳怡靜-遠雄房地產 Farglory-Realty,/main/review/64/G0116,4,8,9,2.25,1.75
(not set),20251209一輪播,建案熱區巡禮：台中西屯區七期重劃區生活圈 - 遠雄房地產,/life-proposal/area-txg-7th_function_20231107/,2,8,4,2,7
fb / hm2,20251104TA,齊興_緻-台北市北投區/北士科住宅預售屋,/buildings/ar1/,1,8,5,5,82
fb / o1,20250422_20-1,遠房實價登錄,/,8,8,9,1.125,0
(direct) / (none),(direct),賣房想省稅？別踩房地合一稅虛報裝修陷阱 | 專家觀點地政篇 - 遠雄房地產,/life-proposal/expert_zhu_false-renovation-traps/,7,7,9,1.2857142857142858,29.285714285714285
line-lap / bh7,lap-3,"【Farglory Leyuan】Beitun Airport MRT and Costco, prime location with two first-row seats on the main road, proximity is key.",/buildings/bh7/,1,7,0,0,344
webnews / h713,11409,遠房實價登錄,/,7,7,10,1.4285714285714286,0
ig / paid,120210744263750402,遠房實價登錄,/,7,7,8,1.1428571428571428,0
ig / paid,120233718740630316,遠房實價登錄,/,7,7,7,1,0
line-lap / dh2,14,遠房實價登錄,/,7,7,8,1.1428571428571428,0
fb / eh1,2-5,遠房實價登錄,/,7,7,7,1,0
webnews / h713,20250918,遠房實價登錄,/,7,7,8,1.1428571428571428,0
webnew / h713,202512,遠房實價登錄,/,7,7,11,1.5714285714285714,0
fb / bh5,48,遠房實價登錄,/,7,7,8,1.1428571428571428,0
google / cpc,Pmax,遠房實價登錄,/,7,7,9,1.2857142857142858,0
google_kw / bh7,core,遠房實價登錄,/,7,7,7,1,0
fb / eh1,eh1fb,遠房實價登錄,/,7,7,8,1.1428571428571428,2.142857142857143
fb / bh10,fb202512-3,遠房實價登錄,/,7,7,7,1,0
line-lap / ao1,20240809_8-1,遠雄房地產：最懂生活的購屋專家,/,7,7,7,1,0.42857142857142855
google / cpc,O1,遠雄房地產：最懂生活的購屋專家,/,7,7,7,1,0
(direct) / (none),(direct),關於遠創力 - 遠雄房地產,/about/telecreative_marketing/,7,7,8,1.1428571428571428,20.857142857142858
google / organic,(organic),遠雄房地產LINE官方帳號活動 - 升級超級好友週週抽活動,/activity-report/line-friend/,7,7,9,1.2857142857142858,27.428571428571427
google / cpc,com,遠雄房地產精選預售屋(台北、新北、台中、桃園、台南、高雄) - 遠雄房地產,/building-category-tag/featured_pre_sale/,7,7,10,1.4285714285714286,11.857142857142858
fb / bh7,fbpage,遠雄房地產精選預售屋(台北、新北、台中、桃園、台南、高雄) - 遠雄房地產,/building-category-tag/featured_pre_sale/,7,7,8,1.1428571428571428,8.571428571428571
(direct) / (none),(direct),重劃區相關預售屋/新成屋/新建案資料|遠雄房地產,/building-tag/build-tag-plan/,7,7,7,1,9
google / organic,(organic),預售屋 彙整 - 遠雄房地產,/building-type/pre_sale_house/,7,7,11,1.5714285714285714,15.142857142857142
fb / 5vo1,202510_2_TM,聯上智科｜北士科AI總部 輝達核心軸線 -台北市北投區商辦/預售新建案-預約賞屋，遠創力行銷,/buildings/5vo1/,7,7,7,1,0.8571428571428571
google / cpc,core,聯上智科｜北士科AI總部 輝達核心軸線 -台北市北投區商辦/預售新建案-預約賞屋，遠創力行銷,/buildings/5vo1/,7,7,11,1.5714285714285714,23.428571428571427
ig / paid,120210867110050402,北士科建案【遠雄泱玥】水岸首排．57-75坪,/buildings/ah2/,7,7,10,1.4285714285714286,81.14285714285714
fb / bh10,fbfanpage1212,北屯敦富路【遠雄敦富】- 北屯機捷預售屋．近好市多,/buildings/bh10/,7,7,8,1.1428571428571428,10.428571428571429
ig / paid,120235362256540316,遠雄14期首發【遠雄丰尚】北屯新案．近漢神洲際百貨,/buildings/bh11/,7,7,7,1,14.857142857142858
google / cpc,遠雄幸福成_H713_關鍵字_0516_中彰,遠雄14期首發【遠雄丰尚】北屯新案．近漢神洲際百貨,/buildings/bh11/,7,7,7,1,13.571428571428571
fb / bh5,48,遠雄琉蘊 -台中市西屯區七期預售屋/新建案-預約賞屋，遠雄房地產,/buildings/bh5/,7,7,9,1.2857142857142858,17.857142857142858
fb / bh8,fb16-1,台中西屯建案【遠雄洄山行】．2-4房方正格局,/buildings/bh8/,7,7,7,1,81.42857142857143
fb / paid,120207082473750558,水湳建案【遠雄綠美】鄰近綠美圖．中央公園預售屋,/buildings/bh9/,7,7,7,1,13.142857142857142
google / cpc,CQH1-買房字,Muran Shimi | Portal Endpoint: Effortlessly Crossing Boundaries | The Most Beautiful Starting Point for Taipei Life,/buildings/cqh1/,7,7,1,0.14285714285714285,14.142857142857142
(data not available),(cross-network),村泉蒔美｜門戶端點 從容跨界｜台北生活最美起點,/buildings/cqh1/,7,7,14,2,69.42857142857143
tw.search.yahoo.com / referral,(referral),村泉蒔美｜門戶端點 從容跨界｜台北生活最美起點,/buildings/cqh1/,7,7,7,1,43.285714285714285
ig / paid,120232410691820316,村泉蒔美｜門戶端點 從容跨界｜台北生活最美起點,/buildings/cqh1/,7,7,8,1.1428571428571428,38
google_kw / cqh1,information7,村泉蒔美｜門戶端點 從容跨界｜台北生活最美起點,/buildings/cqh1/,7,7,8,1.1428571428571428,2.2857142857142856
google_kw / bgm1,Shilin,大河商爵-台北市士林區廠辦/預售新建案-預約賞屋，遠創力行銷,/buildings/dgm1/,7,7,7,1,0
fb / dgm1,fbfanpage1205,大河商爵-台北市士林區廠辦/預售新建案-預約賞屋，遠創力行銷,/buildings/dgm1/,7,7,7,1,9.571428571428571
line-lap / dh2,14,台南永康新建案【遠雄山禾】-鹽行特區．3-4房,/buildings/dh2/,7,7,8,1.1428571428571428,0.14285714285714285
fb / dh2,fb-33,台南永康新建案【遠雄山禾】-鹽行特區．3-4房,/buildings/dh2/,7,7,7,1,20.857142857142858
line / dh2,line-dh2,台南永康新建案【遠雄山禾】-鹽行特區．3-4房,/buildings/dh2/,7,7,9,1.2857142857142858,23.714285714285715
fb / eh2,9-1,遠雄一靚｜楠梓新案．高大特區首發｜早鳥預約中,/buildings/eh2/,7,7,7,1,1.7142857142857142
google / cpc,type,遠雄一靚｜楠梓新案．高大特區首發｜早鳥預約中,/buildings/eh2/,7,7,8,1.1428571428571428,23.285714285714285
google / cpc,O1_地區字_2025.0801,遠雄沐蘊-高雄市三民區預售屋/新建案-預約賞屋,/buildings/eh5/,7,7,7,1,21.142857142857142
fb / eh5,fb28-2,遠雄沐蘊-高雄市三民區預售屋/新建案-預約賞屋,/buildings/eh5/,7,7,7,1,1.7142857142857142
google / cpc,(not set),遠雄沐蘊-高雄市三民區預售屋/新建案-預約賞屋,/buildings/eh5//,7,7,7,1,0
(data not available),(cross-network),"Farglory Xinyi Center - New Taipei City, Banqiao District, Factory and Commercial Office Buildings/New Construction Project (Pre-sale) - Schedule a Viewing",/buildings/fm3/,7,7,0,0,2.857142857142857
mkto-sn070013.com / referral,(referral),遠雄信義CENTER-新北市板橋區廠辦.商辦/預售新建案-預約賞屋,/buildings/fm3/,7,7,7,1,5.142857142857143
fb / fm3,fb5-3,遠雄信義CENTER-新北市板橋區廠辦.商辦/預售新建案-預約賞屋,/buildings/fm3/,7,7,7,1,2.5714285714285716
fb / h707,41,遠雄星呈-台中市清水區預售屋/新建案-預約賞屋，遠雄房地產,/buildings/h707/,7,7,7,1,1.4285714285714286
ig / paid,120224909927020347,遠雄幸福成｜即將落成 - 台中市清水區預售/新建案-預約賞屋，遠雄房地產,/buildings/h713/,7,7,7,1,45.857142857142854
webnews / h713,20250918,遠雄幸福成｜即將落成 - 台中市清水區預售/新建案-預約賞屋，遠雄房地產,/buildings/h713/,7,7,7,1,58
google / cpc,202511,遠雄幸福成｜即將落成 - 台中市清水區預售/新建案-預約賞屋，遠雄房地產,/buildings/h713/,7,7,8,1.1428571428571428,34.57142857142857
google / cpc,O1_地區字_2025.0801,"Farglory THE ONE - Newly Built/Constructed Housing Project in Qianzhen District, Kaohsiung City - Schedule a Viewing",/buildings/o1/,7,7,1,0.14285714285714285,18.428571428571427
fb / o1,fb27-4,遠雄THE ONE-高雄市前鎮區新成屋/新建案-預約賞屋,/buildings/o1/,7,7,7,1,8.571428571428571
googlemap / o1,googlemap,遠雄THE ONE-高雄市前鎮區新成屋/新建案-預約賞屋,/buildings/o1/,7,7,11,1.5714285714285714,44.142857142857146
google / cpc,遠雄幸福成_H713_關鍵字_0516_中彰,熱銷建案：預售屋、新建案、新成屋 -遠雄房地產,/case/,7,7,10,1.4285714285714286,5.142857142857143
google / cpc,(organic),熱銷建案一覽：遠雄全台預售屋、新建案、新成屋資訊,/case/search/building-category-tag/134/,7,7,7,1,14.857142857142858
google / cpc,遠雄幸福成_H713_關鍵字_0516_外縣市,熱銷建案一覽：遠雄全台預售屋、新建案、新成屋資訊,/case/search/page/2/,7,7,14,2,11.857142857142858
google / organic,(organic),高力國際 董事長暨董事總經理 劉學龍 彙整 - 遠雄房地產,/life-proposal-category/expert_point/commercial_liu/,7,7,7,1,17.142857142857142
google / organic,(organic),建商評價 彙整 - 遠雄房地產,/life-proposal-tag/4、品牌/1品牌相關/建商評價/,7,7,12,1.7142857142857142,17.857142857142858
google / organic,(organic),遠雄東御苑 彙整 - 遠雄房地產,/life-proposal-tag/8、遠雄房地產建案/h807/,7,7,7,1,6.285714285714286
google / organic,(organic),建案熱區巡禮：台南中西區 – 文化交融與現代發展並進 - 遠雄房地產,/life-proposal/area-l-tainan-west-central_20250402/,7,7,9,1.2857142857142858,66
(direct) / (none),(direct),建案熱區巡禮：桃園龜山重大建設帶動發展利多 - 遠雄房地產,/life-proposal/area-l-taoyuan-guishan/,7,7,8,1.1428571428571428,64.14285714285714
google / organic,(organic),建案熱區巡禮：住在永康大灣好便利！唯一純住重劃區！ - 遠雄房地產,/life-proposal/area-s-tainan-dawan20220520/,7,7,7,1,14.142857142857142
google / organic,(organic),小家庭空間重點一次上手 - 客廳篇 - 遠雄房地產,/life-proposal/design_living_room20220907/,7,7,8,1.1428571428571428,20
(direct) / (none),(direct),地震來的時候你家安全嗎? 一次搞懂抗震建築 - 遠雄房地產,/life-proposal/earthquake/,7,7,7,1,7
mkto-sn070013.com / referral,(referral),何世昌觀點：2025年中台灣房市潛力區域專題報導 -10大優質投資區域分析 - 遠雄房地產,/life-proposal/expert_hoshichang_central-potential/,7,7,7,1,177.42857142857142
(direct) / (none),(direct),您正在找 - 遠雄房地產,/,7,7,11,1.5714285714285714,8.571428571428571
google / organic,(organic),未婚情侶合資買房在法律上要注意什麼｜永然法律不動產專欄 - 遠雄房地產,/life-proposal/expert_law_y-rlee_co-buying/,7,7,7,1,41.142857142857146
(direct) / (none),(direct),劉學龍觀點：2025年第三季房地產趨勢 - 商用不動產市場的穩與土地市場的冷 - 遠雄房地產,/life-proposal/expert_liu_commercial-2025q3/,7,7,7,1,11.142857142857142
(direct) / (none),(direct),劉佩真觀點：2024年房市為前高後低態勢、2025年將進入調整階段 - 遠雄房地產,/life-proposal/expert_peizhen_2024review_20250107/,7,7,7,1,6.142857142857143
search.buzzonfeed.com / referral,(referral),何世昌觀點：三大因素驅動，雙北市房價「蛋花湯」現象成為現在進行式　 - 遠雄房地產,/life-proposal/expert_shuangbei_20250822/,7,7,7,1,13.142857142857142
(direct) / (none),(direct),(not set),(not set),7,7,0,0,0
(direct) / (none),(direct),[影音] 豪宅稅跟你也有關係：有房族注意！2025豪宅稅新門檻上路 - 遠雄房地產,/life-proposal/expert_zhu_mansion-tax-definition_vedio_20250523/,7,7,7,1,19
(direct) / (none),(direct),掌握美式風格居家4大重點 - 遠雄房地產,/life-proposal/space_deco_us_20221028/,7,7,7,1,3.142857142857143
(direct) / (none),(direct),在地生活：新建案、預售屋周邊資訊 -遠雄房地產,/life_proposal/music_life/,7,7,8,1.1428571428571428,29.428571428571427
line-lap / bh7,lap-3,隱私權聲明 - 遠雄房地產,/privacy/,7,7,9,1.2857142857142858,42.857142857142854
google_kw / 5vo1,202511,張寶容業務個人介紹 - 聯上智科,/sales/5VO1/G0389/,7,7,8,1.1428571428571428,20.571428571428573
google / cpc,202511,許美淑業務個人介紹 - 遠雄商用不動產(林口龜山),/sales/HM2/B1535/,7,7,7,1,28.571428571428573
avivid / bh11,20251212,黃子霏業務個人介紹 - 遠雄丰尚,/sales/bh11/G0630/,7,7,8,1.1428571428571428,37.857142857142854
line-lap / eh2,20251208,遠房實價登錄,/,6,7,6,1,7.5
line-lap / dh2,4,遠房實價登錄,/,6,7,7,1.1666666666666667,0
line-lap / bh9,lap-2,遠房實價登錄,/,6,7,9,1.5,0
(direct) / (none),(direct),影像光廊：建案風采-遠雄房地產,/about/brand_gallery/,6,7,14,2.3333333333333335,6.333333333333333
fb / ar1,fb1-2,齊興_緻-台北市北投區/北士科住宅預售屋,/buildings/ar1/,6,7,7,1.1666666666666667,18.333333333333332
(data not available),(cross-network),【遠雄樂元】北屯機捷X好市多，雙首排大道最核心，夠近才最好,/buildings/bh7/,6,7,8,1.3333333333333333,5.666666666666667
leju / cqh1,lejupage,村泉蒔美｜門戶端點 從容跨界｜台北生活最美起點,/buildings/cqh1/,6,7,5,0.8333333333333334,49.833333333333336
line-lap / dh2,4,台南永康新建案【遠雄山禾】-鹽行特區．3-4房,/buildings/dh2/,6,7,7,1.1666666666666667,10
line-lap / dh3,1,找不到頁面 - 遠雄房地產,/buildings/dh3/,6,7,6,1,2.5
(not set),20251209一輪播,遠雄星呈-台中市清水區預售屋/新建案-預約賞屋，遠雄房地產,/buildings/h707/,6,7,11,1.8333333333333333,41.333333333333336
(not set),20251209一輪播,熱銷建案：預售屋、新建案、新成屋 -遠雄房地產,/case/,6,7,7,1.1666666666666667,6.166666666666667
EDM / referral,滿意度問券,熱銷建案一覽：遠雄全台預售屋、新建案、新成屋資訊,/case/search/,6,7,11,1.8333333333333333,40
google / cpc,brand,熱銷建案一覽：遠雄全台預售屋、新建案、新成屋資訊,/case/search/page/2/,6,7,10,1.6666666666666667,26.5
google / cpc,202511,熱銷建案一覽：遠雄全台預售屋、新建案、新成屋資訊,/case/search/page/3/,6,7,9,1.5,17.166666666666668
google / organic,(organic),遠房好友電子報感謝頁 - 遠雄房地產,/edm_thank_you_page/,6,7,8,1.3333333333333333,3.1666666666666665
google / organic,(organic),建案熱區巡禮：台中西屯區單元八生活圈，水湳經貿園區門戶 - 遠雄房地產,/life-proposal/area_txg_xitun_eight_function_20240407/,6,7,11,1.8333333333333333,43.666666666666664
google / organic,(organic),掌握贈與控制權，享受安心退休生活 - 遠雄房地產,/life-proposal/donated_property20220624/,6,7,7,1.1666666666666667,36.666666666666664
google / organic,(organic),綠建築十大社區出爐，遠雄文青、遠雄THE ONE、遠雄耶魯齊上榜 - 遠雄房地產,/life-proposal/ease_eewh-ec_20230711/,6,7,7,1.1666666666666667,60.5
google / organic,(organic),李同榮觀點：下一波第七循環房市的七大主力市場 - 遠雄房地產,/life-proposal/expert_li_7th-cycle_20241101/,6,7,7,1.1666666666666667,40.833333333333336
google / organic,(organic),2024年房市為前高後低態勢、2025年將進入調整階段｜劉佩真觀點 - 遠雄房地產,/life-proposal/expert_peizhen_2024review_20250107/,6,7,7,1.1666666666666667,38.833333333333336
google / organic,(organic),辦公室租賃將告別房東市場，然企業升級需求為重點｜劉佩真觀點 - 遠雄房地產,/life-proposal/expert_peizhen_office-rental_20250805/,6,7,8,1.3333333333333333,119.16666666666667
(direct) / (none),(direct),擴大赴美投資成定局，台積宅還能買嗎？｜何世昌觀點 - 遠雄房地產,/life-proposal/expert_tsmc-housing_20250703/,6,7,8,1.3333333333333333,17
google / organic,(organic),[影音] 買房後發現實際面積比權狀縮水，該找誰求償? - 遠雄房地產,/life-proposal/expert_zhu_area-discrepancy_20250827/,6,7,7,1.1666666666666667,20.5
google / organic,(organic),[影音] 信託與產權設計術：資產管理、遺囑信託與節稅技巧 - 遠雄房地產,/life-proposal/expert_zhu_video_trust/,6,7,9,1.5,48.5
tw.search.yahoo.com / referral,(referral),換屋族看過來，房地合一稅與土增稅要點筆記！ - 遠雄房地產,/life-proposal/house_and_land/,6,7,8,1.3333333333333333,294.5
google / organic,(organic),桃園青埔青山里：埤塘文化的保存及再生！水色山光小日子的永續幸福 - 遠雄房地產,/life-proposal/interview-s-taoyuan-qingshan_20230306/,6,7,8,1.3333333333333333,25.833333333333332
google / organic,(organic),我該買房貸壽險嗎？ - 遠雄房地產,/life-proposal/mortgage-insurance_20221021/,6,7,7,1.1666666666666667,50.5
line-lap / bh10,line-lap202511-3,隱私權聲明 - 遠雄房地產,/privacy/,6,7,9,1.5,9
google / organic,(organic),洪雅玲業務個人介紹 - 聯上智科,/sales/5VO1/G0521/,6,7,9,1.5,27.333333333333332
google / cpc,20250616_品牌字,陳驊廷業務個人介紹 - 齊興緻,/sales/ar1/G0141/,6,7,8,1.3333333333333333,7
google / organic,(organic),曾華萱業務個人介紹 - 村泉蒔美,/sales/cqh1/G0679/,6,7,8,1.3333333333333333,9.333333333333334
line / bh5,(not set),遠房實價登錄,/,5,7,10,2,0
farglory-land.com.tw / referral,(referral),遠雄房地產：最懂生活的購屋專家,/,5,7,6,1.2,10.2
webnews / ao1,20250317,遠雄房地產：最懂生活的購屋專家,/,5,7,7,1.4,12.2
line / bh5,(not set),遠雄琉蘊 -台中市西屯區七期預售屋/新建案-預約賞屋，遠雄房地產,/buildings/bh5/,5,7,9,1.8,15.6
tw.search.yahoo.com / referral,(referral),【遠雄樂元】北屯機捷X好市多，雙首排大道最核心，夠近才最好,/buildings/bh7/,5,7,5,1,20.8
tw.search.yahoo.com / referral,(referral),遠雄信義CENTER-新北市板橋區廠辦.商辦/預售新建案-預約賞屋,/buildings/fm3/,5,7,9,1.8,49.8
farglory.com.tw / referral,(referral),熱銷建案一覽：遠雄全台預售屋、新建案、新成屋資訊,/case/search/page/2/,5,7,8,1.6,17.2
(direct) / (none),(direct),2024年房市為前高後低態勢、2025年將進入調整階段｜劉佩真觀點 - 遠雄房地產,/life-proposal/expert_peizhen_2024review_20250107/,5,7,6,1.2,18.4
(not set),20251209一輪播,社區營運兩三事：管理費與公共基金 - 遠雄房地產,/life-proposal/land_fund/,5,7,2,0.4,1.8
google / cpc,gdn-1-taichung,遠房實價登錄,/,4,7,9,2.25,0
bing / organic,(organic),齊興_緻-台北市北投區/北士科住宅預售屋,/buildings/ar1/,4,7,4,1,103.75
(not set),20251209一輪播,遠雄琢蘊-高雄市三民區預售屋/新建案-預約賞屋，遠雄房地產,/buildings/h902/,4,7,6,1.5,28.75
(direct) / (none),(direct),若水秧翠｜東京視野・頂埔門牌｜1~3房．20~42坪,/buildings/rsh01/,4,7,30,7.5,129
fb / bh8,fb23-1,熱銷建案一覽：遠雄全台預售屋、新建案、新成屋資訊,/case/search/,4,7,10,2.5,54.25
(not set),20251107一輪播,建案熱區巡禮：龜山A7重劃區成北北桃生活圈潛力新核心 - 遠雄房地產,/life-proposal/area_taoyuan_guishan_a7_function/,4,7,5,1.25,7
google / organic,(organic),全齡通用住宅打造友善居住環境：基地環境篇 - 遠雄房地產,/life-proposal/universal-design-base20220713/,4,7,6,1.5,66.5
statics.teams.cdn.office.net / referral,(referral),若水秧翠｜東京視野・頂埔門牌｜1~3房．20~42坪,/buildings/rsh01/,3,7,9,3,56.333333333333336
google / organic,(organic),熱銷建案一覽：遠雄全台預售屋、新建案、新成屋資訊,/case/search/sales_status/coming-soon/page/2/,3,7,5,1.6666666666666667,13.333333333333334
(not set),20251209一輪播,建案熱區巡禮：高雄楠梓區高大特區生活圈 - 遠雄房地產,/life-proposal/area-kaohsiung-nanzi_nuk_function_20250211/,3,7,2,0.6666666666666666,0.3333333333333333
(not set),20251209一輪播,蓋好蓋滿還是適度留白？一次搞懂建蔽率與容積率 - 遠雄房地產,/life-proposal/build_rate/,3,7,6,2,1.3333333333333333
(direct) / (none),(direct),Vic測試-預約賞屋驗證手機 - DEMO遠雄房地產,/gc_farbear/vic測試-預約賞屋驗證手機/,2,7,22,11,724
fb / hm2,20251104TA,遠雄房地產：最懂生活的購屋專家,/,1,7,8,8,24
google / organic,(organic),[影音] 台灣房價為何跌不下來？看懂房市「抗跌力」 - 遠雄房地產,/life-proposal/expert_hoshichang_video_property_price_20250801/,7,7,7,1,26.714285714285715
google / organic,(organic),建案熱區巡禮：台中港市鎮重劃區 - 清水梧棲學區篇 - 遠雄房地產,/life-proposal/area-txg-port_school_20240105/,4,6,7,1.75,29.25
(not set),20251003一輪播,聯上智科｜北士科AI總部 輝達核心軸線 -台北市北投區商辦/預售新建案-預約賞屋，遠創力行銷,/buildings/5vo1/,0,6,6,null,null
fb / paid,120207082473750558,遠房實價登錄,/,6,6,7,1.1666666666666667,0
google / cpc,corearea0829,遠房實價登錄,/,6,6,7,1.1666666666666667,0
fb / dh2,fb-32,遠房實價登錄,/,6,6,6,1,0
fb / dh2,fb-33,遠房實價登錄,/,6,6,7,1.1666666666666667,4.166666666666667
fb / eh1,fb202512-3,遠房實價登錄,/,6,6,7,1.1666666666666667,0
fb / o1,fb27-4,遠房實價登錄,/,6,6,6,1,0
fb / ar1,fb6-1,遠房實價登錄,/,6,6,6,1,0
facebook.com / referral,(referral),遠雄房地產：最懂生活的購屋專家,/,6,6,6,1,3.8333333333333335
google / cpc,Pmax,遠雄房地產：最懂生活的購屋專家,/,6,6,7,1.1666666666666667,13.333333333333334
KW / cacafly,H810,找不到頁面 - 遠雄房地產,/Build/Detail/H810,6,6,6,1,0
google / organic,(organic),遠雄建設「工地再生計畫」跨界合作文創典範 獲文策院「產業策進獎」 - 遠雄房地產,/activity-report/fg-esg-award/,6,6,6,1,24.666666666666668
google / organic,(organic),遠雄沐蘊 | 夏日感恩大回饋🎁好鄰介紹所開張囉! - 遠雄房地產,/activity-report/遠雄沐蘊-夏日感恩大回饋-好鄰介紹所開張囉/,6,6,7,1.1666666666666667,16.166666666666668
fb / bh7,9,遠雄房地產精選預售屋(台北、新北、台中、桃園、台南、高雄) - 遠雄房地產,/building-category-tag/featured_pre_sale/,6,6,7,1.1666666666666667,20.666666666666668
google / cpc,brand0829,遠雄房地產精選預售屋(台北、新北、台中、桃園、台南、高雄) - 遠雄房地產,/building-category-tag/featured_pre_sale/,6,6,10,1.6666666666666667,13.833333333333334
google / cpc,competitor,遠雄房地產精選預售屋(台北、新北、台中、桃園、台南、高雄) - 遠雄房地產,/building-category-tag/featured_pre_sale/,6,6,9,1.5,6
fb / bh8,fb23-1,遠雄房地產精選預售屋(台北、新北、台中、桃園、台南、高雄) - 遠雄房地產,/building-category-tag/featured_pre_sale/,6,6,6,1,7.166666666666667
(direct) / (none),(direct),遠雄房地產精選預售屋(台北、新北、台中、桃園、台南、高雄) - 遠雄房地產,/building-category-tag/featured_pre_sale/page/2/,6,6,6,1,12.166666666666666
(direct) / (none),(direct),都會區相關預售屋/新成屋/新建案資料|遠雄房地產,/building-tag/build-tag-city/,6,6,6,1,10.5
google / cpc,20250616_北投士林豪宅/別墅,聯上智科｜北士科AI總部 輝達核心軸線 -台北市北投區商辦/預售新建案-預約賞屋，遠創力行銷,/buildings/5vo1/,6,6,6,1,20.5
geo.dailymotion.com / referral,(referral),北士科建案【遠雄泱玥】水岸首排．57-75坪,/buildings/ah2/,6,6,7,1.1666666666666667,0.16666666666666666
google / organic,(organic),找不到頁面 - 遠雄房地產,/buildings/ao1/,6,6,6,1,3.8333333333333335
line-lap / ar1,20260101-6-1,齊興_緻-台北市北投區/北士科住宅預售屋,/buildings/ar1/,6,6,6,1,3
fb / ar1,fb2-1,齊興_緻-台北市北投區/北士科住宅預售屋,/buildings/ar1/,6,6,6,1,8
google / cpc,(not set),齊興_緻-台北市北投區/北士科住宅預售屋,/buildings/ar1//,6,6,6,1,0
(not set),20251107一輪播,北屯敦富路【遠雄敦富】- 北屯機捷預售屋．近好市多,/buildings/bh10/,6,6,7,1.1666666666666667,9.833333333333334
(not set),20251209一輪播,北屯敦富路【遠雄敦富】- 北屯機捷預售屋．近好市多,/buildings/bh10/,6,6,8,1.3333333333333333,19.166666666666668
fb / bh7,9,北屯敦富路【遠雄敦富】- 北屯機捷預售屋．近好市多,/buildings/bh10/,6,6,7,1.1666666666666667,29.666666666666668
line-lap / bh10,line-lap202502-1,北屯敦富路【遠雄敦富】- 北屯機捷預售屋．近好市多,/buildings/bh10/,6,6,7,1.1666666666666667,17
fb / bh11,10-3,遠雄14期首發【遠雄丰尚】北屯新案．近漢神洲際百貨,/buildings/bh11/,6,6,6,1,10.5
fb / bh11,12-4,遠雄14期首發【遠雄丰尚】北屯新案．近漢神洲際百貨,/buildings/bh11/,6,6,6,1,1.6666666666666667
fb / paid,120235362256540316,遠雄14期首發【遠雄丰尚】北屯新案．近漢神洲際百貨,/buildings/bh11/,6,6,7,1.1666666666666667,17.5
google / cpc,遠雄幸福成_H713_關鍵字_0516_外縣市,遠雄14期首發【遠雄丰尚】北屯新案．近漢神洲際百貨,/buildings/bh11/,6,6,8,1.3333333333333333,20
line-lap / bh5,(not set),遠雄琉蘊 -台中市西屯區七期預售屋/新建案-預約賞屋，遠雄房地產,/buildings/bh5/,6,6,6,1,2.1666666666666665
fb / bh5,2,遠雄琉蘊 -台中市西屯區七期預售屋/新建案-預約賞屋，遠雄房地產,/buildings/bh5/,6,6,7,1.1666666666666667,45.333333333333336
facebook.com / referral,(referral),大河商爵-台北市士林區廠辦/預售新建案-預約賞屋，遠創力行銷,/buildings/dgm1/,6,6,6,1,1.8333333333333333
(not set),20251209一輪播,大河商爵-台北市士林區廠辦/預售新建案-預約賞屋，遠創力行銷,/buildings/dgm1/,6,6,5,0.8333333333333334,40
fb / dh2,fb-32,台南永康新建案【遠雄山禾】-鹽行特區．3-4房,/buildings/dh2/,6,6,6,1,19.833333333333332
tw.search.yahoo.com / referral,(referral),高雄建案推薦【遠雄峰蘊】- 三民區預售屋．近科工館,/buildings/eh1/,6,6,6,1,42.666666666666664
(not set),20251107一輪播,高雄建案推薦【遠雄峰蘊】- 三民區預售屋．近科工館,/buildings/eh1/,6,6,6,1,33
fb / eh1,fb202512-3,高雄建案推薦【遠雄峰蘊】- 三民區預售屋．近科工館,/buildings/eh1/,6,6,7,1.1666666666666667,1.5
fgr-line / eh2,20221519,遠雄一靚｜楠梓新案．高大特區首發｜早鳥預約中,/buildings/eh2/,6,6,6,1,77.16666666666667
google_kw / eh5,brand,遠雄沐蘊-高雄市三民區預售屋/新建案-預約賞屋,/buildings/eh5/,6,6,6,1,0
creative-preview-an.com / referral,(referral),遠雄信義CENTER-新北市板橋區廠辦.商辦/預售新建案-預約賞屋,/buildings/fm3/,6,6,6,1,8.166666666666666
(not set),20251209一輪播,遠雄信義CENTER-新北市板橋區廠辦.商辦/預售新建案-預約賞屋,/buildings/fm3/,6,6,9,1.5,25.833333333333332
fb / fm3,fb5-2,遠雄信義CENTER-新北市板橋區廠辦.商辦/預售新建案-預約賞屋,/buildings/fm3/,6,6,6,1,0
google / cpc,sitelink,遠雄信義CENTER-新北市板橋區廠辦.商辦/預售新建案-預約賞屋,/buildings/fm3/,6,6,6,1,1.3333333333333333
(data not available),(cross-network),遠雄星呈-台中市清水區預售屋/新建案-預約賞屋，遠雄房地產,/buildings/h707/,6,6,12,2,3.3333333333333335
google_kw / h707,(organic),遠雄星呈-台中市清水區預售屋/新建案-預約賞屋，遠雄房地產,/buildings/h707/,6,6,6,1,0
fb / h707,19,遠雄星呈-台中市清水區預售屋/新建案-預約賞屋，遠雄房地產,/buildings/h707/,6,6,6,1,1.3333333333333333
fb / h707,8,遠雄星呈-台中市清水區預售屋/新建案-預約賞屋，遠雄房地產,/buildings/h707/,6,6,6,1,3.6666666666666665
google / cpc,brand0829,遠雄星呈-台中市清水區預售屋/新建案-預約賞屋，遠雄房地產,/buildings/h707/,6,6,6,1,41.166666666666664
bing / organic,(organic),遠雄幸福成｜即將落成 - 台中市清水區預售/新建案-預約賞屋，遠雄房地產,/buildings/h713/,6,6,6,1,56.5
line-lap / H713,20220125,遠雄幸福成｜即將落成 - 台中市清水區預售/新建案-預約賞屋，遠雄房地產,/buildings/h713/,6,6,6,1,3.5
google / cpc,area,遠雄琢蘊-高雄市三民區預售屋/新建案-預約賞屋，遠雄房地產,/buildings/h902/,6,6,7,1.1666666666666667,22.666666666666668
line-lap / hh2,samplehouse,找不到頁面 - 遠雄房地產,/buildings/hh2/,6,6,6,1,1
google / cpc,Pmax,遠雄MetaLink科技園區 | 機捷A7．A8站▕ VIP企業席次開放預約中,/buildings/hm2/,6,6,15,2.5,13.166666666666666
google / cpc,O1_品牌字_2025.0801,"Farglory THE ONE - Newly Built/Constructed Housing Project in Qianzhen District, Kaohsiung City - Schedule a Viewing",/buildings/o1/,6,6,0,0,36.5
google / cpc,O1_特色字_2025.0801,"Farglory THE ONE - Newly Built/Constructed Housing Project in Qianzhen District, Kaohsiung City - Schedule a Viewing",/buildings/o1/,6,6,1,0.16666666666666666,21.5
tw.search.yahoo.com / referral,(referral),熱銷建案：預售屋、新建案、新成屋 -遠雄房地產,/case/,6,6,7,1.1666666666666667,19
google / cpc,20251204,熱銷建案：預售屋、新建案、新成屋 -遠雄房地產,/case/,6,6,7,1.1666666666666667,18.5
google / cpc,area,熱銷建案：預售屋、新建案、新成屋 -遠雄房地產,/case/,6,6,8,1.3333333333333333,21.166666666666668
google / cpc,area,熱銷建案一覽：遠雄全台預售屋、新建案、新成屋資訊,/case/search/sales_status/hot-sale/,6,6,8,1.3333333333333333,279.6666666666667
(direct) / (none),(direct),熱銷建案一覽：遠雄全台預售屋、新建案、新成屋資訊,/case/search/sales_status/hot-sale/page/2/,6,6,7,1.1666666666666667,12
(direct) / (none),(direct),聯絡我們 - 遠雄房地產,/contact_service/contact_us/,6,6,5,0.8333333333333334,13.5
(direct) / (none),(direct),遠房好友電子報 - 遠雄房地產,/farglory-realty_edm/,6,6,7,1.1666666666666667,15.666666666666666
(direct) / (none),(direct),實價登錄真相大破解，一次看懂實價登錄不受騙 - 遠雄房地產,/life-proposal/actual_selling_price20220708/,6,6,6,1,35.166666666666664
mkto-sn070013.com / referral,(referral),冷氣清潔與保養全攻略：DIY七步驟維持涼爽 - 遠雄房地產,/life-proposal/air_condition20220617/,6,6,6,1,43.666666666666664
google / organic,(organic),建案熱區巡禮：台北士林不僅觀光，居住生活品質也很優 - 遠雄房地產,/life-proposal/area-l-taipei-shilin20220520/,6,6,6,1,68.5
google / organic,(organic),建案熱區巡禮：北投士林科技園區生活圈 - 遠雄房地產,/life-proposal/area-tpe-beitou_bstp_function_202406012/,6,6,6,1,38.833333333333336
google / organic,(organic),建案熱區巡禮：台中西屯區七期重劃區 - 交通篇 - 遠雄房地產,/life-proposal/area-txg-7th_traffic_20250103/,6,6,6,1,41.333333333333336
google / organic,(organic),建案熱區巡禮：台南永康區鹽行國中重劃區 - 交通篇 - 遠雄房地產,/life-proposal/area_tnn_yongkang_yanxing_traffic_20240324/,6,6,9,1.5,18.333333333333332
(direct) / (none),(direct),建案熱區巡禮：台中北屯14期重劃區生活圈，打造北台中的新興生活核心 - 遠雄房地產,/life-proposal/area_txg_beitun_14th_function_20250829/,6,6,7,1.1666666666666667,2
google / organic,(organic),建案熱區巡禮：台中北屯區14期重劃區 - 交通篇 - 遠雄房地產,/life-proposal/area_txg_beitun_14th_traffic_20240925/,6,6,6,1,66
google / organic,(organic),建案熱區巡禮：台中北屯機廠重劃區 - 交通篇 - 遠雄房地產,/life-proposal/area_txg_beitun_depot_traffic_20240606/,6,6,7,1.1666666666666667,11.333333333333334
(direct) / (none),(direct),買房學問多，看懂建築材料才安心－建築結構與防水篇 - 遠雄房地產,/life-proposal/building_materials/,6,6,6,1,1
tw.search.yahoo.com / referral,(referral),基礎建設＋結構保固：一次了解大地工程的基本概念 - 遠雄房地產,/life-proposal/construction-base/,6,6,6,1,46.166666666666664
(direct) / (none),(direct),2025年中台灣房市潛力區域專題報導 -10大優質投資區域分析｜何世昌觀點 - 遠雄房地產,/life-proposal/expert_hoshichang_central-potential/,6,6,6,1,15.666666666666666
avivid / bh11,20251212,何世昌觀點：2025年中台灣房市潛力區域專題報導 -10大優質投資區域分析 - 遠雄房地產,/life-proposal/expert_hoshichang_central-potential/,6,6,7,1.1666666666666667,11.666666666666666
(direct) / (none),(direct),2025年北台灣房市潛力區域專題報導-10大優質投資區域分析｜何世昌觀點 - 遠雄房地產,/life-proposal/expert_hoshichang_northern-potential/,6,6,6,1,11.166666666666666
google / organic,(organic),財經M平方觀點：各國房地產全解析，一文讀懂不動產市場運作 - 遠雄房地產,/life-proposal/expert_macromicro_20230328/,6,6,6,1,50
google / organic,(organic),劉佩真觀點：2024年房市為前高後低態勢、2025年將進入調整階段 - 遠雄房地產,/life-proposal/expert_peizhen_2024review_20250107/,6,6,6,1,58.166666666666664
google / organic,(organic),劉佩真觀點：2025年第二季房市觀測 - 關稅、打炒房持續等利空，Q3房市景氣還有機會回升嗎？ - 遠雄房地產,/life-proposal/expert_peizhen_property-2025q2_20250707/,6,6,6,1,43.166666666666664
(direct) / (none),(direct),專家觀點地政篇：防範代書詐騙，如何查詢地政士的合法性？ - 遠雄房地產,/life-proposal/expert_zhu_expert_zhu_land-agent_20250917/,6,6,7,1.1666666666666667,17.666666666666668
l.facebook.com / referral,(referral),賣房想省稅？別踩房地合一稅虛報裝修陷阱 | 專家觀點地政篇 - 遠雄房地產,/life-proposal/expert_zhu_false-renovation-traps/,6,6,8,1.3333333333333333,178
tw.search.yahoo.com / referral,(referral),房屋格局圖/平面圖怎麼看？建案平面圖符號教學，讓你秒懂房屋格局避地雷,/life-proposal/house-layout/,6,6,6,1,206
(direct) / (none),(direct),買房大小事：法人住宅購屋貸款注意事項 - 遠雄房地產,/life-proposal/land_corporation/,6,6,6,1,8.666666666666666
mkto-sn070013.com / referral,(referral),居家燈具清潔與保養全攻略【居家百科】 - 遠雄房地產,/life-proposal/light/,6,6,6,1,29.666666666666668
m.facebook.com / referral,(referral),輝達超微進駐遠雄自貿港，遠雄MetaLink廠辦受惠廊帶效應  - 遠雄房地產,/life-proposal/metalink-ai-hub/,6,6,6,1,0
google / organic,(organic),房地合一稅2.0+實價登錄2.0上路之後，疫情下的房市動向，房價走勢緩步上揚嗎?,/life-proposal/real-estate-tax/,6,6,6,1,26.666666666666668
google / organic,(organic),掌握美式風格居家4大重點 - 遠雄房地產,/life-proposal/space_deco_us_20221028/,6,6,6,1,16.166666666666668
google_kw / h713,(organic),遠房實價登錄,/,6,6,6,1,0
facebook.com / referral,(referral),[影音] 北士科潛力揭密：輝達進駐引爆房市三大變革｜何世昌觀點 - 遠雄房地產,/life-proposal/影音-輝達北士科總部設立：帶動台北房市三大變/,6,6,6,1,0.3333333333333333
google_kw / 5vo1,202511,[影音] 北士科潛力揭密：輝達進駐引爆房市三大變革｜何世昌觀點 - 遠雄房地產,/life-proposal/影音-輝達北士科總部設立：帶動台北房市三大變/,6,6,5,0.8333333333333334,39
(not set),20251209一輪播,[影音] 北士科潛力揭密：輝達進駐引爆房市三大變革｜何世昌觀點 - 遠雄房地產,/life-proposal/影音-輝達北士科總部設立：帶動台北房市三大變/,6,6,0,0,7.333333333333333
fb / fh2,fb12-1,預約賞屋手機驗證 - 遠雄房地產,/mob_verify/,6,6,8,1.3333333333333333,31.333333333333332
google_gdn / 5vo1,202511_1102b,隱私權聲明 - 遠雄房地產,/privacy/,6,6,7,1.1666666666666667,52.333333333333336
google / cpc,O1_品牌字_2025.0801,薛品涵業務個人介紹 - 遠雄THE ONE,/sales/O1/B4860/,6,6,6,1,5.5
google / cpc,O1_品牌字_2025.0801,馬一鳴業務個人介紹 - 遠雄THE ONE,/sales/O1/B5948/,6,6,7,1.1666666666666667,9.166666666666666
google / organic,(organic),謝欣學業務個人介紹 - 遠雄敦富,/sales/bh10/B5736/,6,6,6,1,4.166666666666667
google / organic,(organic),林育騏業務個人介紹 - 遠雄洄山行,/sales/bh8/G0117/,6,6,6,1,18.666666666666668
line-lap / cqh1,lap-2,曾華萱業務個人介紹 - 村泉蒔美,/sales/cqh1/G0679/,6,6,6,1,11.666666666666666
(direct) / (none),(direct),王韻涵業務個人介紹 - 遠雄山禾,/sales/dh2/G0275/,6,6,7,1.1666666666666667,2.8333333333333335
(not set),20250905五輪播,遠房實價登錄,/,5,6,9,1.8,0
line-lap / eh2,20251101,遠房實價登錄,/,5,6,6,1.2,0
fb / bh7,8,遠房實價登錄,/,5,6,7,1.4,0
line-lap / dh2,8,遠房實價登錄,/,5,6,6,1.2,0
fb / eh1,TA_10-1,遠房實價登錄,/,5,6,6,1.2,0
(direct) / (none),(direct),遠雄泱玥 | 水岸正首席．北士科首獻｜57-75坪-蔡定誠-遠雄房地產 Farglory-Realty,/ah2/B4720,5,6,6,1.2,5.6
fb / bh10,fb11-5,北屯敦富路【遠雄敦富】- 北屯機捷預售屋．近好市多,/buildings/bh10/,5,6,5,1,35.2
web-ettoday / bh11,2512,遠雄14期首發【遠雄丰尚】北屯新案．近漢神洲際百貨,/buildings/bh11/,5,6,5,1,50.8
google / cpc,遠雄幸福成_H713_關鍵字_0516_外縣市,【遠雄樂元】北屯機捷X好市多，雙首排大道最核心，夠近才最好,/buildings/bh7/,5,6,6,1.2,26.4
line-lap / bh9,lap-1,水湳建案【遠雄綠美】鄰近綠美圖．中央公園預售屋,/buildings/bh9/,5,6,8,1.6,40.6
fb / eh5,park,高雄建案推薦【遠雄峰蘊】- 三民區預售屋．近科工館,/buildings/eh1/,5,6,5,1,19.4
google / cpc,20241021,遠雄沐蘊-高雄市三民區預售屋/新建案-預約賞屋,/buildings/eh5/,5,6,6,1.2,5.8
webnews / ar1,20250918,遠雄信義CENTER-新北市板橋區廠辦.商辦/預售新建案-預約賞屋,/buildings/fm3/,5,6,5,1,48.8
avivid / bh11,20251212,遠雄信義CENTER-新北市板橋區廠辦.商辦/預售新建案-預約賞屋,/buildings/fm3/,5,6,8,1.6,22.8
google / cpc,遠雄幸福成_H713_關鍵字_0516_中彰,"Farglory Happiness Project | Coming Soon - Pre-sale/New Construction Project in Qingshui District, Taichung City - Schedule a Viewing - Farglory Real Estate",/buildings/h713/,5,6,1,0.2,54.4
fb / paid,120224847618040347,遠雄幸福成｜即將落成 - 台中市清水區預售/新建案-預約賞屋，遠雄房地產,/buildings/h713/,5,6,5,1,42
line-lap / H713,20230310,遠雄幸福成｜即將落成 - 台中市清水區預售/新建案-預約賞屋，遠雄房地產,/buildings/h713/,5,6,7,1.4,14.8
google / organic,(organic),遠雄智慧二代宅‧成就所有可能-遠雄房地產,/farglory-realty-about/second-generation/,5,6,8,1.6,97.8
google / organic,(organic),建築技術規則 彙整 - 遠雄房地產,/life-proposal-tag/policy/建築技術規則/,5,6,7,1.4,3.4
google / organic,(organic),建案熱區巡禮：北屯區台中首購最愛，喧鬧中的一隅悠閒 - 遠雄房地產,/life-proposal/area-l-taichung-beitun20220520/,5,6,5,1,309
bing / organic,(organic),建案熱區巡禮：台中北屯14期重劃區生活圈，打造北台中的新興生活核心 - 遠雄房地產,/life-proposal/area_txg_beitun_14th_function_20250829/,5,6,6,1.2,30
google / organic,(organic),永然法律不動產專欄：購買預售屋如何選擇好的建商？(上集) - 遠雄房地產,/life-proposal/expert_law_y-rlee_builder1_20250324/,5,6,5,1,29.4
(direct) / (none),(direct),永然法律不動產專欄：預售屋買賣契約中的交屋保留款與建材設備約定 - 遠雄房地產,/life-proposal/expert_law_y-rlee_retention-money_20250704/,5,6,7,1.4,19.2
google / organic,(organic),財經M平方觀點：去庫存壓力來襲，2 個訊號看製造業何時落底 - 遠雄房地產,/life-proposal/expert_macromicro20220726/,5,6,6,1.2,84.8
google / organic,(organic),各國房地產全解析，一文讀懂不動產市場運作｜財經M平方觀點 - 遠雄房地產,/life-proposal/expert_macromicro_20230328/,5,6,5,1,88
fgr-line / fgr,expert_zhu_area-discrepancy_20250827,[影音] 買房後發現實際面積比權狀縮水，該找誰求償? - 遠雄房地產,/life-proposal/expert_zhu_area-discrepancy_20250827/,5,6,5,1,81.8
google / organic,(organic),專家觀點地政篇：限貸令對各族群影響 (上) 選擇性信用管制解析與問題點 - 遠雄房地產,/life-proposal/expert_zhu_loan-restriction_20250110/,5,6,7,1.4,22.6
(not set),20251209一輪播,專家觀點地政篇：只有不動產怎麼繳遺產稅？實物抵繳是否划算？ - 遠雄房地產,/life-proposal/expert_zhu_property_offset-2_20241220/,5,6,0,0,0
chatgpt.com / (not set),(not set),贈與稅與遺產稅免稅額提高，房屋轉讓給子女的規劃要點 - 遠雄房地產,/life-proposal/gift_tax/,5,6,6,1.2,45.2
google / organic,(organic),建案熱區巡禮-【遠雄豐河】我家門前有小河，快樂入住新北中和 - 遠雄房地產,/life-proposal/h101b/,5,6,5,1,39.4
google / organic,(organic),你還在擔心購屋貸款辦不下嗎？提高房貸申請審核過件率的4個方法,/life-proposal/home-loan/,5,6,6,1.2,66
google / organic,(organic),預售屋履保制度有保障嗎？品牌建商才是王道 - 遠雄房地產,/life-proposal/kw_credibility_20230602/,5,6,5,1,21.4
(direct) / (none),(direct),工料雙漲下的省錢裝潢 | 居家裝修系統櫃新手攻略 - 遠雄房地產,/life-proposal/space_furnish_cabinet_20231125/,5,6,5,1,27.8
m.facebook.com / referral,(referral),隱私權聲明 - 遠雄房地產,/privacy/,5,6,7,1.4,11.6
google / organic,(organic),林芸安業務個人介紹 - 遠雄樂元,/sales/bh7/B6129/,5,6,7,1.4,9.6
google / organic,(organic),林明櫻業務個人介紹 - 遠雄洄山行,/sales/bh8/G0262/,5,6,10,2,11.6
(not set),202501003二輪播,遠雄房地產：最懂生活的購屋專家,/,4,6,6,1.5,1.5
line / o1,line202207-2,遠雄房地產：最懂生活的購屋專家,/,4,6,6,1.5,1
google / cpc,遠雄幸福成_H713_關鍵字_0516_外縣市,遠雄房地產：最懂生活的購屋專家,/,4,6,5,1.25,13.25
google_kw / 5vo1,202511_ex1,聯上智科｜北士科AI總部 輝達核心軸線 -台北市北投區商辦/預售新建案-預約賞屋，遠創力行銷,/buildings/5vo1/,4,6,6,1.5,40
tw.search.yahoo.com / referral,(referral),齊興_緻-台北市北投區/北士科住宅預售屋,/buildings/ar1/,4,6,7,1.75,196.75
(not set),20250919一輪播,遠雄14期首發【遠雄丰尚】北屯新案．近漢神洲際百貨,/buildings/bh11/,4,6,8,2,4.25
web-udn / bh11,2512_1,遠雄14期首發【遠雄丰尚】北屯新案．近漢神洲際百貨,/buildings/bh11/,4,6,6,1.5,0.75
bing / organic,(organic),大河商爵-台北市士林區廠辦/預售新建案-預約賞屋，遠創力行銷,/buildings/dgm1/,4,6,7,1.75,203.25
fb / dh2,fb-44,台南永康新建案【遠雄山禾】-鹽行特區．3-4房,/buildings/dh2/,4,6,7,1.75,32.5
google / cpc,202511,高雄建案推薦【遠雄峰蘊】- 三民區預售屋．近科工館,/buildings/eh1/,4,6,7,1.75,12.75
(not set),20251209一輪播,遠雄幸福成｜即將落成 - 台中市清水區預售/新建案-預約賞屋，遠雄房地產,/buildings/h713/,4,6,5,1.25,46.5
google / organic,(organic),"建案熱區巡禮：在北投享受適居生活、溫泉慢活""心""價值 - 遠雄房地產",/life-proposal/area-l-taipei-beitou20220520/,4,6,4,1,241.25
(direct) / (none),(direct),建案熱區巡禮：新北板橋府中與南雅地區 - 遠雄房地產,/life-proposal/area-s-tph_banqiao_nanya_20240820/,4,6,7,1.75,65.75
(direct) / (none),(direct),建案熱區巡禮：台中港市鎮重劃區生活圈，梧棲、清水躍升熱區 - 遠雄房地產,/life-proposal/area-txg-port_function_20240103/,4,6,7,1.75,32
chatgpt.com / (not set),(not set),遠房實價登錄,/,6,6,7,1.1666666666666667,4
google / organic,(organic),【商用不動產講堂】如何選擇好廠辦? - 遠雄房地產,/life-proposal/expert_ken_topics_commerical_factory_20240920/,4,6,5,1.25,48
(not set),20251230一輪播,贈與稅與遺產稅免稅額提高，房屋轉讓給子女的規劃要點 - 遠雄房地產,/life-proposal/gift_tax/,4,6,3,0.75,42
(not set),20251209一輪播,驗屋與交屋必知注意事項？新手購屋必看，驗屋清單檢查表與交屋流程有哪些？,/life-proposal/home-inspection/,4,6,3,0.75,39.75
(direct) / (none),(direct),社區營運兩三事：公設點交不求人 - 遠雄房地產,/life-proposal/land_public_utilities/,4,6,6,1.5,37.75
(direct) / (none),(direct),預售屋付款方式詳解 - 遠雄房地產,/life-proposal/presale_payment_20221021/,4,6,8,2,25
(direct) / (none),(direct),全齡通用住宅打造友善居住環境：基地環境篇 - 遠雄房地產,/life-proposal/universal-design-base20220713/,4,6,7,1.75,6.75
google / cpc,202510-3,聯上智科｜北士科AI總部 輝達核心軸線 -台北市北投區商辦/預售新建案-預約賞屋，遠創力行銷,/buildings/5vo1/,3,6,5,1.6666666666666667,2.6666666666666665
avivid / bh11,20251212,(1) 封未讀訊息 | 遠雄14期首發【遠雄丰尚】北屯新案．近漢神洲際百貨,/buildings/bh11/,3,6,0,0,5
excel.officeapps.live.com / referral,(referral),遠雄一靚｜楠梓新案．高大特區首發｜早鳥預約中,/buildings/eh2/,3,6,7,2.3333333333333335,49
google / organic,(organic),高雄「亞灣5G AIoT創新園區」，驅動亞灣區躍昇發展 - 遠雄房地產,/life-proposal/5g-aiot/,3,6,3,1,6.666666666666667
google / organic,(organic),獨家專欄 - 遠雄房地產,/life_proposal/experts_point/獨家專欄/,3,6,10,3.3333333333333335,58.666666666666664
(not set),20251107一輪播,在地生活：新建案、預售屋周邊資訊 -遠雄房地產,/life_proposal/music_life/,3,6,6,2,7
google / cpc,20251204,黃郁恬業務個人介紹 - 遠雄丰尚,/sales/bh11/G0335/,3,6,12,4,123
console-v2.omnichat.ai / referral,(referral),遠房實價登錄,/,2,6,8,4,0
(not set),20251107一輪播,遠創力行銷-未來店 | 全房產 專業仲介服務,/buildings/8hgs01/,2,6,5,2.5,3.5
line-lap / H713,202301032,遠雄幸福成｜即將落成 - 台中市清水區預售/新建案-預約賞屋，遠雄房地產,/buildings/h713/,2,6,6,3,2
statics.teams.cdn.office.net / referral,(referral),遠雄MetaLink科技園區 | 機捷A7．A8站▕ VIP企業席次開放預約中,/buildings/hm2/,2,6,2,1,33
google / organic,(organic),關於我們 彙整 - 遠雄房地產,/farglory-realty-about/,2,6,7,3.5,120.5
statics.teams.cdn.office.net / referral,(referral),輝達超微進駐遠雄自貿港，遠雄MetaLink廠辦受惠廊帶效應  - 遠雄房地產,/life-proposal/metalink-ai-hub/,2,6,4,2,68.5
google / organic,(organic),工料雙漲下的省錢裝潢 | 居家裝修系統櫃新手攻略 - 遠雄房地產,/life-proposal/space_furnish_cabinet_20231125/,2,6,3,1.5,24.5
fb / hm2,20251104TA,遠房實價登錄,/,1,6,6,6,0
google / cpc,202510-2,遠雄房地產：最懂生活的購屋專家,/,1,6,8,8,1
tagassistant.google.com / referral,(referral),高雄建案推薦【遠雄峰蘊】- 三民區預售屋．近科工館,/buildings/eh1/,1,6,11,11,226
(not set),(not set),遠雄星呈-台中市清水區預售屋/新建案-預約賞屋，遠雄房地產,/buildings/h707/,1,6,1,1,0
fb / hm2,20251104TA,熱銷建案一覽：遠雄全台預售屋、新建案、新成屋資訊,/case/search/,1,6,7,7,24
(not set),20251209一輪播,劉佩真觀點：銀髮住宅可望成為台灣房地產市場的新藍海 - 遠雄房地產,/life-proposal/expert_peizhen_commercial_elderly-residence_20250509/,1,6,5,5,3
excel.officeapps.live.com / referral,(referral),[影音] 半導體業近期投資趨勢將如何影響國內商用不動產的表現 - 遠雄房地產,/life-proposal/expert_peizhen_semiconductor_video/,1,6,4,4,24
google / cpc,202511,楊倩如業務個人介紹 - 遠雄峰蘊,/sales/eh1/G0259/,1,6,7,7,7
google / organic,(organic),小宅攻略 ∣ 退休宅這樣規畫超完美 - 遠雄房地產,/life-proposal/space_design_smallhouse2_20240521/,6,6,6,1,52.833333333333336
(direct) / (none),(direct),捷運宅相關預售屋/新成屋/新建案資料|遠雄房地產,/building-tag/build-tag-mrt/,5,5,5,1,22.8
(not set),20251209一輪播,七月主題報 - 遠雄房地產,/july/,0,5,5,null,null
ig / paid,120210867110050402,遠房實價登錄,/,5,5,5,1,0
ig / paid,120224631795180316,遠房實價登錄,/,5,5,6,1.2,0
line-lap / dh2,13,遠房實價登錄,/,5,5,5,1,0
fb / bh5,2,遠房實價登錄,/,5,5,6,1.2,0
google_kw / BH8,20240816_台中水湳,遠房實價登錄,/,5,5,7,1.4,0
google / cpc,20251204,遠房實價登錄,/,5,5,5,1,0
fb / eh1,TA_2-5,遠房實價登錄,/,5,5,5,1,0
google_kw / eh1,area,遠房實價登錄,/,5,5,5,1,0
google / cpc,competitor0829,遠房實價登錄,/,5,5,5,1,0
google-map / (not set),eh1,遠房實價登錄,/,5,5,5,1,0
fb / dh2,fb-50,遠房實價登錄,/,5,5,5,1,0
fb / ar1,fb2-1,遠房實價登錄,/,5,5,5,1,0
fb / ar1,fb3-1,遠房實價登錄,/,5,5,5,1,0
web / bh6,googlemap2,遠房實價登錄,/,5,5,5,1,0
line / dh2,line-dh2,遠房實價登錄,/,5,5,8,1.6,0
(not set),(not set),遠雄房地產：最懂生活的購屋專家,/,5,5,1,0.2,6.4
google / cpc,O1_品牌字_2025.0801,遠雄房地產：最懂生活的購屋專家,/,5,5,7,1.4,16.8
google_kw / o1,brand,遠雄房地產：最懂生活的購屋專家,/,5,5,5,1,0
104.com.tw / referral,(referral),關於我們-遠雄房地產,/about/,5,5,7,1.4,6
bing / organic,(organic),關於遠創力 - 遠雄房地產,/about/telecreative_marketing/,5,5,5,1,10.8
google / organic,(organic),住戶專享 彙整 - 遠雄房地產,/activity-report-category/activities_glance/activities_glance_list/住戶專享/,5,5,7,1.4,14.6
(direct) / (none),(direct),公告資訊 - 遠雄房地產,/activity_report/announcement_information/,5,5,6,1.2,13.8
fb / o1,20250422_23-1,遠雄房地產精選成屋(台北、新北、台中、桃園、台南、高雄) - 遠雄房地產,/building-category-tag/featured_existing_house/,5,5,5,1,6.4
(direct) / (none),(direct),精選廠辦 相關預售屋/新成屋/新建案資料|遠雄房地產,/building-category-tag/featured_factory_office/,5,5,5,1,5
google_kw / BH8,20240816_台中高價建案,遠雄房地產精選預售屋(台北、新北、台中、桃園、台南、高雄) - 遠雄房地產,/building-category-tag/featured_pre_sale/,5,5,7,1.4,3
google / cpc,20250616_台北豪宅/別墅,遠雄房地產精選預售屋(台北、新北、台中、桃園、台南、高雄) - 遠雄房地產,/building-category-tag/featured_pre_sale/,5,5,5,1,5.2
google / cpc,20250616_品牌字,遠雄房地產精選預售屋(台北、新北、台中、桃園、台南、高雄) - 遠雄房地產,/building-category-tag/featured_pre_sale/,5,5,5,1,16.2
google / cpc,CQH1-地區字,遠雄房地產精選預售屋(台北、新北、台中、桃園、台南、高雄) - 遠雄房地產,/building-category-tag/featured_pre_sale/,5,5,5,1,5.8
google / cpc,Otherarea0829,遠雄房地產精選預售屋(台北、新北、台中、桃園、台南、高雄) - 遠雄房地產,/building-category-tag/featured_pre_sale/,5,5,6,1.2,23
fb / dh2,fb-49,遠雄房地產精選預售屋(台北、新北、台中、桃園、台南、高雄) - 遠雄房地產,/building-category-tag/featured_pre_sale/,5,5,5,1,2.8
fb / eh5,form,遠雄房地產精選預售屋(台北、新北、台中、桃園、台南、高雄) - 遠雄房地產,/building-category-tag/featured_pre_sale/,5,5,6,1.2,20.2
google / cpc,landmark0829,遠雄房地產精選預售屋(台北、新北、台中、桃園、台南、高雄) - 遠雄房地產,/building-category-tag/featured_pre_sale/,5,5,8,1.6,10
(direct) / (none),(direct),親子宅相關預售屋/新成屋/新建案資料|遠雄房地產,/building-tag/build-tag-child/,5,5,5,1,9.2
google / cpc,(organic),都會區相關預售屋/新成屋/新建案資料|遠雄房地產,/building-tag/build-tag-city/,5,5,5,1,21
google / organic,(organic),綠建築相關預售屋/新成屋/新建案資料|遠雄房地產,/building-tag/build-tag-green/,5,5,7,1.4,16.8
line-lap / bh5,(not set),遠房實價登錄,/,5,5,5,1,0
facebook.com / referral,(referral),聯上智科｜北士科AI總部 輝達核心軸線 -台北市北投區商辦/預售新建案-預約賞屋，遠創力行銷,/buildings/5vo1/,5,5,5,1,4.2
tw.search.yahoo.com / referral,(referral),聯上智科｜北士科AI總部 輝達核心軸線 -台北市北投區商辦/預售新建案-預約賞屋，遠創力行銷,/buildings/5vo1/,5,5,7,1.4,34.6
webnews / 5vo1,202508,聯上智科｜北士科AI總部 輝達核心軸線 -台北市北投區商辦/預售新建案-預約賞屋，遠創力行銷,/buildings/5vo1/,5,5,7,1.4,37.4
google / cpc,202511,北士科建案【遠雄泱玥】水岸首排．57-75坪,/buildings/ah2/,5,5,5,1,36.6
line-lap / ao1,20240612_6-1,找不到頁面 - 遠雄房地產,/buildings/ao1/,5,5,5,1,0.6
fb / ar1,fb5-1,齊興_緻-台北市北投區/北士科住宅預售屋,/buildings/ar1/,5,5,5,1,4.8
fb / bh10,fb20259-2,北屯敦富路【遠雄敦富】- 北屯機捷預售屋．近好市多,/buildings/bh10/,5,5,5,1,2.8
google / cpc,landmark0829,北屯敦富路【遠雄敦富】- 北屯機捷預售屋．近好市多,/buildings/bh10/,5,5,6,1.2,17.6
google / cpc,20251204,"Peluncuran Farglory Tahap 14: Farglory Fengshang, proyek baru di Beitun, dekat Hanshin Intercontinental Department Store.",/buildings/bh11/,5,5,0,0,10.4
(not set),20250905五輪播,遠雄14期首發【遠雄丰尚】北屯新案．近漢神洲際百貨,/buildings/bh11/,5,5,7,1.4,18.6
google / cpc,Pmax,遠雄14期首發【遠雄丰尚】北屯新案．近漢神洲際百貨,/buildings/bh11/,5,5,7,1.4,4.4
google / cpc,(not set),遠雄14期首發【遠雄丰尚】北屯新案．近漢神洲際百貨,/buildings/bh11//,5,5,5,1,0
google / cpc,brand,遠雄琉蘊 -台中市西屯區七期預售屋/新建案-預約賞屋，遠雄房地產,/buildings/bh5/,5,5,7,1.4,17.4
google / cpc,(organic),遠雄藝舍-台中西屯區麥當勞旁金店面-預約賞屋，遠雄房地產,/buildings/bh6/,5,5,5,1,4.8
google / cpc,brand,遠雄藝舍-台中西屯區麥當勞旁金店面-預約賞屋，遠雄房地產,/buildings/bh6/,5,5,5,1,29
line / ah2-message,(referral),村泉蒔美｜門戶端點 從容跨界｜台北生活最美起點,/buildings/cqh1/,5,5,5,1,12.8
lm.facebook.com / referral,(referral),村泉蒔美｜門戶端點 從容跨界｜台北生活最美起點,/buildings/cqh1/,5,5,5,1,30.6
google_kw / cqh1,information2,村泉蒔美｜門戶端點 從容跨界｜台北生活最美起點,/buildings/cqh1/,5,5,5,1,0
fb / paid,120224668235420701,大河商爵-台北市士林區廠辦/預售新建案-預約賞屋，遠創力行銷,/buildings/dgm1/,5,5,5,1,6.8
google_kw / dh2,(referral),台南永康新建案【遠雄山禾】-鹽行特區．3-4房,/buildings/dh2/,5,5,6,1.2,5.4
line-lap / dh2,13,台南永康新建案【遠雄山禾】-鹽行特區．3-4房,/buildings/dh2/,5,5,5,1,0
fb / dh2,fb-50,台南永康新建案【遠雄山禾】-鹽行特區．3-4房,/buildings/dh2/,5,5,5,1,15.6
line-lap / dh3,8,找不到頁面 - 遠雄房地產,/buildings/dh3/,5,5,5,1,0.4
(not set),(not set),高雄建案推薦【遠雄峰蘊】- 三民區預售屋．近科工館,/buildings/eh1/,5,5,5,1,4.8
fb / eh1,TA_10-1,高雄建案推薦【遠雄峰蘊】- 三民區預售屋．近科工館,/buildings/eh1/,5,5,4,0.8,23.8
fb / eh1,TA_2-5,高雄建案推薦【遠雄峰蘊】- 三民區預售屋．近科工館,/buildings/eh1/,5,5,5,1,1.4
google_kw / eh1,area,高雄建案推薦【遠雄峰蘊】- 三民區預售屋．近科工館,/buildings/eh1/,5,5,5,1,0
google-map / (not set),eh1,高雄建案推薦【遠雄峰蘊】- 三民區預售屋．近科工館,/buildings/eh1/,5,5,5,1,33.4
google / cpc,(referral),遠雄一靚｜楠梓新案．高大特區首發｜早鳥預約中,/buildings/eh2/,5,5,5,1,131.8
google / cpc,brand,遠雄一靚｜楠梓新案．高大特區首發｜早鳥預約中,/buildings/eh2/,5,5,6,1.2,40
webnews / eh2,ctee_202512,遠雄一靚｜楠梓新案．高大特區首發｜早鳥預約中,/buildings/eh2/,5,5,10,2,47.8
google / cpc,information1,遠雄一靚｜楠梓新案．高大特區首發｜早鳥預約中,/buildings/eh2/,5,5,4,0.8,6.2
google / cpc,information3,遠雄一靚｜楠梓新案．高大特區首發｜早鳥預約中,/buildings/eh2/,5,5,7,1.4,21.6
bing / organic,(organic),遠雄沐蘊-高雄市三民區預售屋/新建案-預約賞屋,/buildings/eh5/,5,5,5,1,55
fb / eh5,fb20-1,遠雄沐蘊-高雄市三民區預售屋/新建案-預約賞屋,/buildings/eh5/,5,5,5,1,0
fb / eh5,fb28-1,遠雄沐蘊-高雄市三民區預售屋/新建案-預約賞屋,/buildings/eh5/,5,5,5,1,3
ig / social,ig,遠雄沐蘊-高雄市三民區預售屋/新建案-預約賞屋,/buildings/eh5/,5,5,5,1,48.4
fb / fh2,privacy,遠雄合雅｜板橋之心・合院之上｜2~3房．24~66坪,/buildings/fh2/,5,5,5,1,1.8
fb / fm3,fb5-5,遠雄信義CENTER-新北市板橋區廠辦.商辦/預售新建案-預約賞屋,/buildings/fm3/,5,5,5,1,1.6
fb / h707,11,遠雄星呈-台中市清水區預售屋/新建案-預約賞屋，遠雄房地產,/buildings/h707/,5,5,5,1,1.4
fb / h707,13,遠雄星呈-台中市清水區預售屋/新建案-預約賞屋，遠雄房地產,/buildings/h707/,5,5,5,1,1.4
fb / h707,22,遠雄星呈-台中市清水區預售屋/新建案-預約賞屋，遠雄房地產,/buildings/h707/,5,5,5,1,1.6
google / cpc,遠雄幸福成_H713_關鍵字_0516_中彰,遠雄星呈-台中市清水區預售屋/新建案-預約賞屋，遠雄房地產,/buildings/h707/,5,5,5,1,7.8
(not set),(not set),遠雄幸福成｜即將落成 - 台中市清水區預售/新建案-預約賞屋，遠雄房地產,/buildings/h713/,5,5,3,0.6,5.4
google / cpc,(not set),遠雄MetaLink科技園區 | 機捷A7．A8站▕ VIP企業席次開放預約中,/buildings/hm2//,5,5,5,1,0
(not set),(not set),遠雄THE ONE-高雄市前鎮區新成屋/新建案-預約賞屋,/buildings/o1/,5,5,1,0.2,22.4
(data not available),(cross-network),熱銷建案：預售屋、新建案、新成屋 -遠雄房地產,/case/,5,5,5,1,4.4
bing / organic,(organic),熱銷建案：預售屋、新建案、新成屋 -遠雄房地產,/case/,5,5,5,1,3.4
google / cpc,Pmax,熱銷建案：預售屋、新建案、新成屋 -遠雄房地產,/case/,5,5,5,1,23.6
(data not available),(cross-network),熱銷建案一覽：遠雄全台預售屋、新建案、新成屋資訊,/case/search/,5,5,5,1,9.2
google / cpc,com,熱銷建案一覽：遠雄全台預售屋、新建案、新成屋資訊,/case/search/,5,5,9,1.8,24.8
line-lap / cqh1,lap-2,熱銷建案一覽：遠雄全台預售屋、新建案、新成屋資訊,/case/search/,5,5,5,1,10.8
tw.search.yahoo.com / referral,(referral),熱銷建案一覽：遠雄全台預售屋、新建案、新成屋資訊,/case/search/page/2/,5,5,7,1.4,25
(not set),20251209一輪播,熱銷建案一覽：遠雄全台預售屋、新建案、新成屋資訊,/case/search/page/4/,5,5,12,2.4,17
line-lap / eh2,20251208,熱銷建案一覽：遠雄全台預售屋、新建案、新成屋資訊,/case/search/sales_status/coming-soon/,5,5,6,1.2,28.8
google / cpc,area,熱銷建案一覽：遠雄全台預售屋、新建案、新成屋資訊,/case/search/sales_status/coming-soon/,5,5,5,1,10
fb / bh11,fanpagebutton,熱銷建案一覽：遠雄全台預售屋、新建案、新成屋資訊,/case/search/sales_status/coming-soon/,5,5,5,1,10.4
google / cpc,O1_品牌字_2025.0801,熱銷建案一覽：遠雄全台預售屋、新建案、新成屋資訊,/case/search/sales_status/hot-sale/,5,5,8,1.6,19.2
fb / bh8,leads,熱銷建案一覽：遠雄全台預售屋、新建案、新成屋資訊,/case/search/sales_status/hot-sale/,5,5,6,1.2,17.8
google / cpc,202511,熱銷建案一覽：遠雄全台預售屋、新建案、新成屋資訊,/case/search/sales_status/hot-sale/page/2/,5,5,7,1.4,15
(direct) / (none),(direct),遠房好友電子報感謝頁 - 遠雄房地產,/edm_thank_you_page/,5,5,6,1.2,2.4
(direct) / (none),(direct),遠雄房地產：最懂生活的購屋專家,/en/FargloryArk.html,5,5,5,1,4.6
(direct) / (none),(direct),一月主題報 - 遠雄房地產,/jan2025/,5,5,7,1.4,6.4
google / organic,(organic),豪宅稅 彙整 - 遠雄房地產,/life-proposal-tag/2、市場/2稅務政策相關/house_tax/豪宅稅/,5,5,6,1.2,12.8
(direct) / (none),(direct),水湳經貿園區 彙整 - 遠雄房地產,/life-proposal-tag/5、區域/1區域地段/縣市/台中市/xitun/水湳經貿園區/,5,5,5,1,3
google / organic,(organic),2026房市趨勢 彙整 - 遠雄房地產,/life-proposal-tag/real_estate-2/2026房市趨勢/,5,5,5,1,12
(direct) / (none),(direct),新手買房注意事項：建商評價排名查詢、售後服務與房屋結構體/防水保固教學,/life-proposal/13856/,5,5,6,1.2,18.2
google / organic,(organic),冷氣清潔與保養全攻略：DIY七步驟維持涼爽 - 遠雄房地產,/life-proposal/air_condition20220617/,5,5,5,1,59.6
google / organic,(organic),建案熱區巡禮：台南永康大灣重劃區 - 交通篇 - 遠雄房地產,/life-proposal/area-hotspot-tnn-dawan_traffic_20240313/,5,5,5,1,58.2
google / organic,(organic),建案熱區巡禮：台中清水梧棲區挾海空雙港優勢，翻身成房市黑馬 - 遠雄房地產,/life-proposal/area-l-taichung-wuqi_20220826/,5,5,5,1,15.6
google / organic,(organic),建案熱區巡禮：台中西屯區 - 學區篇 - 遠雄房地產,/life-proposal/area_hotspot_txg_xitun_school_20231115/,5,5,5,1,37.2
google / organic,(organic),居家色彩魔法：室內設計配色指南 - 遠雄房地產,/life-proposal/color_20230509/,5,5,5,1,21
(direct) / (none),(direct),混凝土、鋼筋的嚴格把關！一次了解建築的基礎原料 - 遠雄房地產,/life-proposal/concrete/,5,5,5,1,3.8
google / cpc,20251204,何世昌觀點：2025年中台灣房市潛力區域專題報導 -10大優質投資區域分析 - 遠雄房地產,/life-proposal/expert_hoshichang_central-potential/,5,5,5,1,98.6
google / organic,(organic),永然法律不動產專欄：台版地面師如何騙走你的不動產? - 遠雄房地產,/life-proposal/expert_law_y-rlee_land-agent_20250904/,5,5,6,1.2,24.4
google / organic,(organic),李同榮觀點：從13大指標判斷2024年下半年房產走勢 - 遠雄房地產,/life-proposal/expert_li_2024trend_20240711/,5,5,8,1.6,63.6
(direct) / (none),(direct),2026年房地產市場將面臨八大考驗｜李同榮觀點 - 遠雄房地產,/life-proposal/expert_li_housing-challenges-2026/,5,5,5,1,19.2
google / organic,(organic),財經M平方觀點：受惠中國解封 全球製造業將逐步落底 - 遠雄房地產,/life-proposal/expert_macromicro_20230320/,5,5,6,1.2,4.4
mkto-sn070013.com / referral,(referral),全球超長債殖利率飆升：結構性壓力與長短期解方全解析｜財經M平方觀點 - 遠雄房地產,/life-proposal/expert_macromicro_global-bond-yields/,5,5,5,1,11.2
google / organic,(organic),財經M平方觀點：對等關稅引發全球市場動盪 貴金屬適合投資嗎？ - 遠雄房地產,/life-proposal/expert_macromicro_precious-metals_20250430/,5,5,5,1,18.8
(direct) / (none),(direct),[影音] 科學園區帶動房市新熱潮：竹科、中科、南科的投資分析｜劉佩真觀點 - 遠雄房地產,/life-proposal/expert_peizhen_science-park-housing/,5,5,5,1,1.8
tw.search.yahoo.com / referral,(referral),專家觀點地政篇：繼承房產兄弟姊妹吵翻天？遺囑、登記與分配機制一次講清楚 - 遠雄房地產,/life-proposal/expert_zhu_inherit-siblings_20250704/,5,5,5,1,294
fgr-line / fgr,expert_hoshichang_south-potential,自用住宅免稅400萬怎麼申請？「持有、設籍、實住」3點不能忽略 | 專家觀點地政篇 - 遠雄房地產,/life-proposal/expert_zhu_ownership-criteria/,5,5,5,1,64.4
google / organic,(organic),[影音] 你的買賣安全嗎？房屋產權必懂的謄本識讀、權狀跟身分查驗 - 遠雄房地產,/life-proposal/expert_zhu_property_identity_vedio_20240229/,5,5,5,1,36.2
google / organic,(organic),[影音] 實價登錄全面攻略-帶你看懂現行法令重點與罰則 - 遠雄房地產,/life-proposal/expert_zhu_property_law_vedio_20240930/,5,5,5,1,33.6
google / organic,(organic),不夠現金繳遺產稅怎麼辦？ 分期或延期繳納申請｜專家觀點地政篇 - 遠雄房地產,/life-proposal/expert_zhu_property_offset-1_20241125/,5,5,8,1.6,28.6
(direct) / (none),(direct),專家觀點地政篇：如何預防不動產詐騙？如何防止房屋被移轉？ - 遠雄房地產,/life-proposal/expert_zhu_property_scam_20240604/,5,5,5,1,5.4
(direct) / (none),(direct),[影音] 信託與產權設計術：資產管理、遺囑信託與節稅技巧 - 遠雄房地產,/life-proposal/expert_zhu_video_trust/,5,5,7,1.4,7
google / organic,(organic),談建築與社區藝術文化的結合 - 遠雄房地產,/life-proposal/gigahouse_art_20220712/,5,5,5,1,4
google / organic,(organic),綠建築3大趨勢，在建築空間中深呼吸 - 遠雄房地產,/life-proposal/greenbuilding2020-design/,5,5,6,1.2,16
(direct) / (none),(direct),房價溫度計-房市指標有哪些? - 遠雄房地產,/life-proposal/indicators_20221111/,5,5,5,1,5
yahoo / organic,(organic),遠房實價登錄,/,5,5,6,1.2,0
tw.search.yahoo.com / referral,(referral),記住授信5P原則，讓你的貸款成數更高更容易 - 遠雄房地產,/life-proposal/pre_mortgage_20221215/,5,5,5,1,0.2
(direct) / (none),(direct),退休以後怎麼住？你適合青銀共居、養生村還是全齡宅？ - 遠雄房地產,/life-proposal/retiredlife_20230220/,5,5,5,1,0.6
(direct) / (none),(direct),小客廳也能變身大空間！空間魔法大公開！ - 遠雄房地產,/life-proposal/space_furnish_livingroom_20231027/,5,5,5,1,44.4
google / organic,(organic),我家有機會都更嗎？一篇文章看懂 - 遠雄房地產,/life-proposal/urbanrenewal20220603/,5,5,5,1,10.4
google / organic,(organic),不動產估價管道有哪些？ - 遠雄房地產,/life-proposal/value_estimation_of_property_20221014/,5,5,5,1,324.4
google / organic,(organic),遠雄攜手李祖原，中和左岸橋景觀住宅，享受視野無價,/life-proposal/zhonghe-river/,5,5,6,1.2,11.6
(direct) / (none),(direct),購屋知識：買屋流程、稅法貸款指南 -遠雄房地產,/life_proposal/buying_knowledge/,5,5,6,1.2,10.4
google_kw / 5vo1,202511,蕭文星業務個人介紹 - 聯上智科,/sales/5VO1/B2280/,5,5,7,1.4,8.8
google / cpc,202511,張益捷業務個人介紹 - 遠雄商用不動產(林口龜山),/sales/HM2/G0631/,5,5,6,1.2,11.6
google / cpc,202511,陳榮慶業務個人介紹 - 遠雄商用不動產(林口龜山),/sales/HM2/G0798/,5,5,5,1,6.8
google / cpc,20250616_品牌字,吳若榆業務個人介紹 - 齊興緻,/sales/ar1/B4125/,5,5,5,1,6
(direct) / (none),(direct),謝欣學業務個人介紹 - 遠雄敦富,/sales/bh10/B5736/,5,5,5,1,2.2
google / organic,(organic),王庭歡業務個人介紹 - 遠雄敦富,/sales/bh10/G1057/,5,5,5,1,6.8
(direct) / (none),(direct),沈玉菁業務個人介紹 - 村泉蒔美,/sales/cqh1/B5432/,5,5,5,1,6.8
google / organic,(organic),徐靖業務個人介紹 - 遠雄一靚,/sales/eh2/G0597/,5,5,5,1,11.8
google / organic,(organic),趙洋寬業務個人介紹 - 遠雄商用不動產,/sales/fm3/G0922/,5,5,6,1.2,16
google / organic,(organic),鄧大鈺業務個人介紹 - 遠雄星呈,/sales/h707/G0305/,5,5,6,1.2,8
l.facebook.com / referral,(referral),遠房實價登錄,/,4,5,5,1.25,0
fb / dh2,fb-44,遠房實價登錄,/,4,5,6,1.5,0
google / cpc,area,遠雄房地產：最懂生活的購屋專家,/,4,5,7,1.75,11
google / organic,(organic),遠雄房地產最新公告 - 遠雄房地產,/activity-report-category/activities_glance/announcement_information/,4,5,6,1.5,15
line-lap / bh7,lap-3,遠雄房地產精選預售屋(台北、新北、台中、桃園、台南、高雄) - 遠雄房地產,/building-category-tag/featured_pre_sale/,4,5,5,1.25,23.75
fb / eh5,park,遠雄房地產精選預售屋(台北、新北、台中、桃園、台南、高雄) - 遠雄房地產,/building-category-tag/featured_pre_sale/,4,5,8,2,18
google_kw / 5vo1,202511_ex3,聯上智科｜北士科AI總部 輝達核心軸線 -台北市北投區商辦/預售新建案-預約賞屋，遠創力行銷,/buildings/5vo1/,4,5,5,1.25,2.5
webnews / ah2,11308,北士科建案【遠雄泱玥】水岸首排．57-75坪,/buildings/ah2/,4,5,7,1.75,53.75
leju / ah2,lejupage,北士科建案【遠雄泱玥】水岸首排．57-75坪,/buildings/ah2/,4,5,5,1.25,155.5
google_kw / BH8,20240816_台中 建案,北屯敦富路【遠雄敦富】- 北屯機捷預售屋．近好市多,/buildings/bh10/,4,5,7,1.75,25.25
google / cpc,corearea0829,北屯敦富路【遠雄敦富】- 北屯機捷預售屋．近好市多,/buildings/bh10/,4,5,5,1.25,36.75
line-lap / bh10,line-lap20252-5,北屯敦富路【遠雄敦富】- 北屯機捷預售屋．近好市多,/buildings/bh10/,4,5,5,1.25,2.5
google / cpc,information1,遠雄14期首發【遠雄丰尚】北屯新案．近漢神洲際百貨,/buildings/bh11/,4,5,4,1,1.5
dm-point / bh8,20240901,台中西屯建案【遠雄洄山行】．2-4房方正格局,/buildings/bh8/,4,5,5,1.25,9.75
fb / bh8,fb9-2,台中西屯建案【遠雄洄山行】．2-4房方正格局,/buildings/bh8/,4,5,7,1.75,60
google / cpc,competitor,水湳建案【遠雄綠美】鄰近綠美圖．中央公園預售屋,/buildings/bh9/,4,5,3,0.75,21.25
line / bh9,linepost20250528,水湳建案【遠雄綠美】鄰近綠美圖．中央公園預售屋,/buildings/bh9/,4,5,6,1.5,18
line / linebutton,(not set),村泉蒔美｜門戶端點 從容跨界｜台北生活最美起點,/buildings/cqh1/,4,5,6,1.5,54.25
fb / dgm1,fbfanpage,大河商爵-台北市士林區廠辦/預售新建案-預約賞屋，遠創力行銷,/buildings/dgm1/,4,5,6,1.5,16.5
bing / organic,(organic),台南永康新建案【遠雄山禾】-鹽行特區．3-4房,/buildings/dh2/,4,5,4,1,20
line-lap / dh2,12,台南永康新建案【遠雄山禾】-鹽行特區．3-4房,/buildings/dh2/,4,5,5,1.25,0
line-lap / dh3,6,找不到頁面 - 遠雄房地產,/buildings/dh3/,4,5,5,1.25,0.75
fb / eh2,8-6,遠雄一靚｜楠梓新案．高大特區首發｜早鳥預約中,/buildings/eh2/,4,5,6,1.5,23
leju / eh2,lejuweb,遠雄一靚｜楠梓新案．高大特區首發｜早鳥預約中,/buildings/eh2/,4,5,6,1.5,49.25
googlemap / eh5,googlemap,遠雄沐蘊-高雄市三民區預售屋/新建案-預約賞屋,/buildings/eh5/,4,5,5,1.25,30.5
(not set),20251107一輪播,遠雄星呈-台中市清水區預售屋/新建案-預約賞屋，遠雄房地產,/buildings/h707/,4,5,7,1.75,31
(direct) / (none),(direct),若水秧翠｜東京視野・頂埔門牌｜1~3房．20~42坪,/buildings/rsh1/,4,5,9,2.25,29.5
google / cpc,遠雄幸福成_H713_關鍵字_0516_中彰,熱銷建案一覽：遠雄全台預售屋、新建案、新成屋資訊,/case/search/page/2/,4,5,8,2,13.25
bing / organic,(organic),熱銷建案一覽：遠雄全台預售屋、新建案、新成屋資訊,/case/search/page/4/,4,5,4,1,3
google / cpc,202511,熱銷建案一覽：遠雄全台預售屋、新建案、新成屋資訊,/case/search/page/5/,4,5,6,1.5,11.75
google / organic,(organic),聯絡我們送出成功 - 遠雄房地產,/contact_service/contact_us/聯絡我們送出成功/,4,5,8,2,4.5
(direct) / (none),(direct),建案熱區巡禮：中和翻轉！北台灣電子製造業最大產業聚落  - 遠雄房地產,/life-proposal/area-l-newtaipei-zhonghe_20220923/,4,5,4,1,59.75
bing / organic,(organic),建案熱區巡禮：台中港市鎮重劃區生活圈，梧棲、清水躍升熱區 - 遠雄房地產,/life-proposal/area-txg-port_function_20240103/,4,5,8,2,127.75
bing / organic,(organic),建案熱區巡禮：龜山A7重劃區成北北桃生活圈潛力新核心 - 遠雄房地產,/life-proposal/area_taoyuan_guishan_a7_function/,4,5,5,1.25,99
(direct) / (none),(direct),建案熱區巡禮：台南永康區鹽行國中重劃區 - 學區篇 - 遠雄房地產,/life-proposal/area_tnn_yongkang_yanxing_school_20240323/,4,5,4,1,4.25
google / organic,(organic),建案熱區巡禮：台南永康區鹽行國中重劃區 - 學區篇 - 遠雄房地產,/life-proposal/area_tnn_yongkang_yanxing_school_20240323/,4,5,5,1.25,27
(direct) / (none),(direct),建案熱區巡禮：台南永康區鹽行國中重劃區生活圈 - 遠雄房地產,/life-proposal/area_tnnyongkang_redevelop_yanxing_20230901/,4,5,5,1.25,6
google / organic,(organic),修繕小知識：居家隔間保養及修繕【居家百科】 - 遠雄房地產,/life-proposal/cubicle/,4,5,5,1.25,25.75
bing / organic,(organic),何世昌觀點：2025年南台灣房市潛力區域專題報導 - 10大優質投資區域分析 - 遠雄房地產,/life-proposal/expert_hoshichang_south-potential/,4,5,4,1,121.75
(direct) / (none),(direct),空屋稅的真相？房子閒置前你該考慮的事｜專家觀點地政篇 - 遠雄房地產,/life-proposal/expert_zhu_eht_20250625/,4,5,6,1.5,9.5
(not set),20251209一輪播,房屋格局圖/平面圖怎麼看？建案平面圖符號教學，讓你秒懂房屋格局避地雷,/life-proposal/house-layout/,4,5,0,0,0
(direct) / (none),(direct),買房大小事：交屋到入住前不可不知 - 遠雄房地產,/life-proposal/land_handover/,4,5,5,1.25,20
tw.search.yahoo.com / referral,(referral),社區營運兩三事：公設點交不求人 - 遠雄房地產,/life-proposal/land_public_utilities/,4,5,8,2,122
(direct) / (none),(direct),一次看懂「都市土地分區」差在哪？ - 遠雄房地產,/life-proposal/land_zoning/,4,5,6,1.5,59.75
tw.search.yahoo.com / referral,(referral),突然跳電要怎麼處理？六個步驟跟著做！【居家百科】 - 遠雄房地產,/life-proposal/trip/,4,5,4,1,40.5
farglory.surveycake.com / referral,(referral),隱私權聲明 - 遠雄房地產,/privacy/,4,5,5,1.25,20
line-lap / eh2,20251208,隱私權聲明 - 遠雄房地產,/privacy/,4,5,6,1.5,10.75
line-lap / bh10,line-lap20259-5,隱私權聲明 - 遠雄房地產,/privacy/,4,5,6,1.5,20.75
google_kw / 5vo1,202511,洪雅玲業務個人介紹 - 聯上智科,/sales/5VO1/G0521/,4,5,7,1.75,16.5
google / cpc,brand0829,黃郁恬業務個人介紹 - 遠雄丰尚,/sales/bh11/G0335/,4,5,5,1.25,13.5
google / organic,(organic),林侑立業務個人介紹 - 遠雄樂元,/sales/bh7/G0526/,4,5,5,1.25,8
(direct) / (none),(direct),林品宜業務個人介紹 - 遠雄峰蘊,/sales/eh1/G0336/,4,5,4,1,3.75
(direct) / (none),(direct),洪梓芸業務個人介紹 - 遠雄一靚,/sales/eh2/B5986/,4,5,5,1.25,29
statics.teams.cdn.office.net / referral,(referral),遠房實價登錄,/,3,5,5,1.6666666666666667,0
mkto-sn070013.com / referral,(referral),遠雄房地產：最懂生活的購屋專家,/,3,5,8,2.6666666666666665,14.666666666666666
(direct) / (none),(direct),遠雄琢蘊,/H902/main,3,5,6,2,4.666666666666667
(not set),20251209一輪播,【遠雄一靚】好室智造所 行動策展｜光．再生手作體驗💡 - 遠雄房地產,/activity-report/遠雄一靚-好室智造所行動策展/,3,5,3,1,151.33333333333334
(direct) / (none),(direct),遠雄泱玥 | 水岸正首席．北士科首獻｜57-75坪-鍾辰亞-遠雄房地產 Farglory-Realty,/ah2/G0215,3,5,8,2.6666666666666665,1.3333333333333333
fb / bh11,11-3,遠雄房地產精選預售屋(台北、新北、台中、桃園、台南、高雄) - 遠雄房地產,/building-category-tag/featured_pre_sale/,3,5,6,2,22
(not set),20251023一輪播,齊興_緻-台北市北投區/北士科住宅預售屋,/buildings/ar1/,3,5,5,1.6666666666666667,4
line / bh11,20250829,遠雄14期首發【遠雄丰尚】北屯新案．近漢神洲際百貨,/buildings/bh11/,3,5,5,1.6666666666666667,0
leju / bh5,lejupage,遠雄琉蘊 -台中市西屯區七期預售屋/新建案-預約賞屋，遠雄房地產,/buildings/bh5/,3,5,4,1.3333333333333333,20.666666666666668
google_kw / BH8,20240816_台中 建案,水湳建案【遠雄綠美】鄰近綠美圖．中央公園預售屋,/buildings/bh9/,3,5,7,2.3333333333333335,25
web / dgm1,web-googlemap,大河商爵-台北市士林區廠辦/預售新建案-預約賞屋，遠創力行銷,/buildings/dgm1/,3,5,5,1.6666666666666667,24.666666666666668
leju / h707,lejupage,遠雄星呈-台中市清水區預售屋/新建案-預約賞屋，遠雄房地產,/buildings/h707/,3,5,7,2.3333333333333335,116.66666666666667
google / organic,(organic),職涯發展-遠雄房地產,/contact_service/career_development/,3,5,7,2.3333333333333335,32
(direct) / (none),(direct),遠雄房地產預約賞屋(線上賞屋與預約賞屋),/gc_farbear/make_appointment/,3,5,44,14.666666666666666,604
google / organic,(organic),加入遠雄 築夢齊飛！-遠雄房地產,/join_farglory/,3,5,4,1.3333333333333333,20.666666666666668
google / organic,(organic),地籍異動 彙整 - 遠雄房地產,/life-proposal-tag/3、交易/1購屋流程相關/地籍異動/,3,5,4,1.3333333333333333,1
(not set),20251209一輪播,建案熱區巡禮：北投士林科技園區 - 交通篇 - 遠雄房地產,/life-proposal/area-tpe-beitou_bstp_traffic_20240705/,3,5,1,0.3333333333333333,1
(not set),20251209一輪播,建案熱區巡禮：龜山A7重劃區成北北桃生活圈潛力新核心 - 遠雄房地產,/life-proposal/area_taoyuan_guishan_a7_function/,3,5,0,0,13
(direct) / (none),(direct),辦公室租賃市場供需與重要趨勢變化之解析｜劉佩真觀點 - 遠雄房地產,/life-proposal/expert_peizhen_officemarket_20240806/,3,5,7,2.3333333333333335,122.66666666666667
perplexity.ai / referral,(referral),贈與稅與遺產稅免稅額提高，房屋轉讓給子女的規劃要點 - 遠雄房地產,/life-proposal/gift_tax/,3,5,4,1.3333333333333333,111
(direct) / (none),(direct),社區營運兩三事：各項管理辦法看過來 - 遠雄房地產,/life-proposal/land_rules/,3,5,4,1.3333333333333333,10
statics.teams.cdn.office.net / referral,(referral),隱私權聲明 - 遠雄房地產,/privacy/,3,5,8,2.6666666666666665,18.666666666666668
line / linebutton,(referral),遠房實價登錄,/,2,5,10,5,0
google / organic,(organic),活動報報 彙整 - 頁11，共14 - 遠雄房地產,/activity-report-category/activities_glance/page/11/,2,5,2,1,7.5
(not set),20251107一輪播,遠雄【好室智造所】全台巡迴從台中港熱鬧啟航，永續藍圖逐步落實 - 遠雄房地產,/activity-report/hauslab_2025/,2,5,3,1.5,101.5
gdn / 8fxz11,20250305a,找不到頁面 - 遠雄房地產,/buildings/8fxz11/,2,5,5,2.5,0
(not set),202501003二輪播,【遠雄樂元】北屯機捷X好市多，雙首排大道最核心，夠近才最好,/buildings/bh7/,2,5,4,2,6
google / cpc,pmax-1-anothercity,【遠雄樂元】北屯機捷X好市多，雙首排大道最核心，夠近才最好,/buildings/bh7/,2,5,5,2.5,3
gdn / hh3,gdn-7,找不到頁面 - 遠雄房地產,/buildings/hh3/,2,5,5,2.5,0
google_kw / 5vo1,202511,熱銷建案一覽：遠雄全台預售屋、新建案、新成屋資訊,/case/search/sales_status/coming-soon/,2,5,4,2,27.5
excel.officeapps.live.com / referral,(referral),建案熱區巡禮：龜山A7重劃區成北北桃生活圈潛力新核心 - 遠雄房地產,/life-proposal/area_taoyuan_guishan_a7_function/,2,5,4,2,22
(not set),20251209一輪播,衛浴日常清潔保養技巧：延長設備壽命的必備指南【居家百科】 - 遠雄房地產,/life-proposal/bathroom/,2,5,5,2.5,0
mkto-sn070013.com / referral,(referral),2025年中台灣房市潛力區域專題報導 -10大優質投資區域分析｜何世昌觀點 - 遠雄房地產,/life-proposal/expert_hoshichang_central-potential/,2,5,4,2,59
mkto-sn070013.com / referral,(referral),小宅當道！入手小坪數產品注意事項 - 遠雄房地產,/life-proposal/small_property_20221007/,2,5,5,2.5,27.5
excel.officeapps.live.com / referral,(referral),專家觀點：解析房市動向與購屋建議 -遠雄房地產,/life_proposal/experts_point/,2,5,4,2,7.5
avivid / bh11,20251212,預約賞屋手機驗證 - 遠雄房地產,/mob_verify/,2,5,5,2.5,14
google / organic,(organic),買房前必查：銀行不會主動告訴你的「抵押權與順位」 | 專家觀點地政篇 - 遠雄房地產,/,1,5,9,9,34
app.omnichat.ai / referral,(referral),遠房實價登錄,/,1,5,6,6,0
line-lap / H713,202301032,遠房實價登錄,/,1,5,5,5,0
fb / bh11,8-1,遠房實價登錄,/,1,5,8,8,0
fb / eh1,TA_10-1,遠雄房地產：最懂生活的購屋專家,/,1,5,4,4,9
google / cpc,202510-7,聯上智科｜北士科AI總部 輝達核心軸線 -台北市北投區商辦/預售新建案-預約賞屋，遠創力行銷,/buildings/5vo1/,1,5,5,5,5
(not set),20251107一輪播,聯上智科｜北士科AI總部 輝達核心軸線 -台北市北投區商辦/預售新建案-預約賞屋，遠創力行銷,/buildings/5vo1/,1,5,5,5,0
fb / bh8,fb23-1,齊興_緻-台北市北投區/北士科住宅預售屋,/buildings/ar1/,1,5,7,7,71
leju / bh11,leju_buildingpage,遠雄14期首發【遠雄丰尚】北屯新案．近漢神洲際百貨,/buildings/bh11/,1,5,3,3,74
web-ettoday / dgm1,web-ettoday1212,大河商爵-台北市士林區廠辦/預售新建案-預約賞屋，遠創力行銷,/buildings/dgm1/,1,5,7,7,83
fb / bh11,8-1,高雄建案推薦【遠雄峰蘊】- 三民區預售屋．近科工館,/buildings/eh1/,1,5,6,6,128
(not set),20250905五輪播,遠雄一靚｜楠梓新案．高大特區首發｜早鳥預約中,/buildings/eh2/,1,5,5,5,6
fb / eh1,TA_10-1,遠雄合雅｜板橋之心・合院之上｜2~3房．24~66坪,/buildings/fh2/,1,5,2,2,17
tagassistant.google.com / referral,(referral),熱銷建案一覽：遠雄全台預售屋、新建案、新成屋資訊,/case/search/,1,5,8,8,148
google / organic,(organic),降息循環啟動！未來該如何調整資產配置？｜財經M平方觀點 - 遠雄房地產,/life-proposal/expert_macromicro_cut-interest-rates_20241030/,1,5,3,3,160
tagassistant.google.com / referral,(referral),預約賞屋手機驗證 - 遠雄房地產,/mob_verify/,1,5,6,6,104
google_gdn / 5vo1,20251124_1101,隱私權聲明 - 遠雄房地產,/privacy/,1,5,5,5,0
fb / bh7,20251215post,葉淯蓁業務個人介紹 - 遠雄樂元,/sales/bh7/B6099/,1,5,4,4,13
fb / bh7,20251215post,簡宇婕業務個人介紹 - 遠雄樂元,/sales/bh7/G0993/,1,5,5,5,22
tagassistant.google.com / referral,(referral),預約成功 - 遠雄房地產,/預約成功感謝頁/,1,5,6,6,8
(not set),20251107一輪播,七月主題報 - 遠雄房地產,/july/,0,5,5,null,null
(direct) / (none),(direct),停車位眉角多：車位怎麼選？一個車位可以停兩部車嗎？ - 遠雄房地產,/life-proposal/parking_space20220615/,5,5,5,1,2.2
google / organic,(organic),小客廳也能變身大空間！空間魔法大公開！ - 遠雄房地產,/life-proposal/space_furnish_livingroom_20231027/,4,4,4,1,40.75
avivid / bh11,20251212,(1) 封未讀訊息 | 預約賞屋手機驗證 - 遠雄房地產,/mob_verify/,0,4,3,null,null
google_kw / dh2,(referral),遠房實價登錄,/,4,4,5,1.25,0
lm.facebook.com / referral,(referral),遠房實價登錄,/,4,4,4,1,0
fb / bh9,1,遠房實價登錄,/,4,4,5,1.25,0
webnews / ah2,11308,遠房實價登錄,/,4,4,6,1.5,0
fb / paid,120224847618040347,遠房實價登錄,/,4,4,4,1,0
fb / bh7,13,遠房實價登錄,/,4,4,4,1,0
fb / bh5,31,遠房實價登錄,/,4,4,5,1.25,0
fb / eh1,5-3,遠房實價登錄,/,4,4,6,1.5,0
fb / bh7,6,遠房實價登錄,/,4,4,4,1,0
line-lap / dh2,7,遠房實價登錄,/,4,4,4,1,0
google_kw / bh7,beitun,遠房實價登錄,/,4,4,4,1,0
fb / bh11,fanpagebutton,遠房實價登錄,/,4,4,5,1.25,0
fb / bh8,fb16-1,遠房實價登錄,/,4,4,4,1,0
fb / bh10,fb20259-1,遠房實價登錄,/,4,4,3,0.75,0
fb / bh10,fb20259-2,遠房實價登錄,/,4,4,4,1,0
fb / ar1,fb6-2,遠房實價登錄,/,4,4,4,1,0
fb / bh10,fbfanpage1212,遠房實價登錄,/,4,4,5,1.25,0
leju / bh10,leju,遠房實價登錄,/,4,4,4,1,0
leju / dh2,lejupage,遠房實價登錄,/,4,4,4,1,0
webnews / eh1,moneyudn_20251128,遠房實價登錄,/,4,4,4,1,0
line / o1,20240920,遠雄房地產：最懂生活的購屋專家,/,4,4,4,1,59.5
fb / O1,20250221_13-3,遠雄房地產：最懂生活的購屋專家,/,4,4,4,1,3.5
fb / fh2,fb12-1,遠雄房地產：最懂生活的購屋專家,/,4,4,6,1.5,21.25
fb / fh2,fb12-2,遠雄房地產：最懂生活的購屋專家,/,4,4,4,1,6.75
google / cpc,project,遠雄房地產：最懂生活的購屋專家,/,4,4,4,1,2.25
(direct) / (none),(direct),找不到頁面 - 遠雄房地產,/404/,4,4,9,2.25,4.5
(direct) / (none),(direct),遠雄THE ONE-黃柔銘-遠雄房地產 Farglory-Realty,/O1/b3500,4,4,5,1.25,0
fgr-line / fgr,expert_hoshichang_south-potential,影像光廊：建案風采-遠雄房地產,/about/brand_gallery/,4,4,13,3.25,20.75
google / organic,(organic),遠雄沐蘊《春暖花開，三重豪禮High》購屋大方送、加碼抽！ - 遠雄房地產,/activity-report/eh5_20250301/,4,4,4,1,5.25
(direct) / (none),(direct),【遠雄一靚】好室智造所 行動策展｜光．再生手作體驗💡 - 遠雄房地產,/activity-report/遠雄一靚-好室智造所行動策展/,4,4,4,1,1.75
google / organic,(organic),遠雄房地產 官方LINE | 8萬好友 8萬感謝! - 遠雄房地產,/activity-report/遠雄房地產-官方line-8萬好友-8萬感謝/,4,4,4,1,8.5
(direct) / (none),(direct),活動一覽：建案活動與會員好禮 -遠雄房地產,/activity_report/activities_glance/,4,4,4,1,9
m.facebook.com / referral,(referral),遠雄敦富-魏子鈞-遠雄房地產 Farglory-Realty,/bh10/b5338,4,4,4,1,0.25
google / organic,(organic),遠雄敦富,/bh10/main,4,4,4,1,12
google_kw / H113,vicecapital,找不到頁面 - 遠雄房地產,/build/detail/h113,4,4,4,1,0
google / organic,(organic),遠雄房地產精選成屋(台北、新北、台中、桃園、台南、高雄) - 遠雄房地產,/building-category-tag/featured_existing_house/,4,4,8,2,65.75
google / organic,(organic),精選廠辦 相關預售屋/新成屋/新建案資料|遠雄房地產,/building-category-tag/featured_factory_office/,4,4,5,1.25,7
google / cpc,core,精選廠辦 相關預售屋/新成屋/新建案資料|遠雄房地產,/building-category-tag/featured_factory_office/,4,4,5,1.25,13.25
fb / paid,120238384775810537,遠雄房地產精選預售屋(台北、新北、台中、桃園、台南、高雄) - 遠雄房地產,/building-category-tag/featured_pre_sale/,4,4,4,1,11.75
ig / paid,120238552444900537,遠雄房地產精選預售屋(台北、新北、台中、桃園、台南、高雄) - 遠雄房地產,/building-category-tag/featured_pre_sale/,4,4,4,1,6.25
google_kw / BH8,20240816_品牌字,遠雄房地產精選預售屋(台北、新北、台中、桃園、台南、高雄) - 遠雄房地產,/building-category-tag/featured_pre_sale/,4,4,5,1.25,7
line-lap / eh2,20251209,遠雄房地產精選預售屋(台北、新北、台中、桃園、台南、高雄) - 遠雄房地產,/building-category-tag/featured_pre_sale/,4,4,7,1.75,37.25
fb / cqh1,fb-26,遠雄房地產精選預售屋(台北、新北、台中、桃園、台南、高雄) - 遠雄房地產,/building-category-tag/featured_pre_sale/,4,4,4,1,8
fb / eh2,leads,遠雄房地產精選預售屋(台北、新北、台中、桃園、台南、高雄) - 遠雄房地產,/building-category-tag/featured_pre_sale/,4,4,5,1.25,22
google / cpc,othercities_brand,遠雄房地產精選預售屋(台北、新北、台中、桃園、台南、高雄) - 遠雄房地產,/building-category-tag/featured_pre_sale/,4,4,6,1.5,32
google / cpc,(organic),遠雄房地產精選預售屋(台北、新北、台中、桃園、台南、高雄) - 遠雄房地產,/building-category-tag/featured_pre_sale/page/2/,4,4,4,1,9.25
(direct) / (none),(direct),綠建築相關預售屋/新成屋/新建案資料|遠雄房地產,/building-tag/build-tag-green/,4,4,4,1,19
google / cpc,(organic),公園宅相關預售屋/新成屋/新建案資料|遠雄房地產,/building-tag/build-tag-park/,4,4,4,1,23.75
(direct) / (none),(direct),學區宅相關預售屋/新成屋/新建案資料|遠雄房地產,/building-tag/build-tag-school/,4,4,4,1,10.5
(direct) / (none),(direct),靜巷宅 彙整 - 遠雄房地產,/building-tag/靜巷宅/,4,4,4,1,1.5
google / cpc,BSTP,聯上智科｜北士科AI總部 輝達核心軸線 -台北市北投區商辦/預售新建案-預約賞屋，遠創力行銷,/buildings/5vo1/,4,4,5,1.25,139.25
google / cpc,brand,聯上智科｜北士科AI總部 輝達核心軸線 -台北市北投區商辦/預售新建案-預約賞屋，遠創力行銷,/buildings/5vo1/,4,4,4,1,21
google / cpc,202511,遠創力行銷-未來店 | 全房產 專業仲介服務,/buildings/8hgs01/,4,4,4,1,26.5
mkto-sn070013.com / referral,(referral),遠雄幸福成｜即將落成 - 台中市清水區預售/新建案-預約賞屋，遠雄房地產,/buildings/H713/,4,4,5,1.25,158.5
bing / organic,(organic),北屯敦富路【遠雄敦富】- 北屯機捷預售屋．近好市多,/buildings/bh10/,4,4,4,1,27.75
tw.search.yahoo.com / referral,(referral),北屯敦富路【遠雄敦富】- 北屯機捷預售屋．近好市多,/buildings/bh10/,4,4,4,1,51.5
Line-lap / BH1,20210913,北屯敦富路【遠雄敦富】- 北屯機捷預售屋．近好市多,/buildings/bh10/,4,4,5,1.25,37.75
avivid / bh11,20251212,北屯敦富路【遠雄敦富】- 北屯機捷預售屋．近好市多,/buildings/bh10/,4,4,5,1.25,33.5
fb / bh10,fb20259-1,北屯敦富路【遠雄敦富】- 北屯機捷預售屋．近好市多,/buildings/bh10/,4,4,4,1,3.75
(data not available),(cross-network),"Peluncuran Farglory Fase 14: Farglory Fengshang, proyek baru di Beitun, dekat Department Store Hanshin Intercontinental.",/buildings/bh11/,4,4,0,0,9
socialmedia / bh11,googlemap,遠雄14期首發【遠雄丰尚】北屯新案．近漢神洲際百貨,/buildings/bh11/,4,4,5,1.25,26.75
google / cpc,othercities_brand,遠雄14期首發【遠雄丰尚】北屯新案．近漢神洲際百貨,/buildings/bh11/,4,4,4,1,9.5
fb / bh5,31,遠雄琉蘊 -台中市西屯區七期預售屋/新建案-預約賞屋，遠雄房地產,/buildings/bh5/,4,4,5,1.25,10.25
google / cpc,competitor,遠雄琉蘊 -台中市西屯區七期預售屋/新建案-預約賞屋，遠雄房地產,/buildings/bh5/,4,4,3,0.75,7.5
google / cpc,landmark0829,遠雄琉蘊 -台中市西屯區七期預售屋/新建案-預約賞屋，遠雄房地產,/buildings/bh5/,4,4,4,1,133.25
fb / bh7,10,【遠雄樂元】北屯機捷X好市多，雙首排大道最核心，夠近才最好,/buildings/bh7/,4,4,4,1,3
fb / paid,120238054184420316,【遠雄樂元】北屯機捷X好市多，雙首排大道最核心，夠近才最好,/buildings/bh7/,4,4,4,1,4.5
fb / bh7,6,【遠雄樂元】北屯機捷X好市多，雙首排大道最核心，夠近才最好,/buildings/bh7/,4,4,4,1,2.25
google_kw / bh7,beitun,【遠雄樂元】北屯機捷X好市多，雙首排大道最核心，夠近才最好,/buildings/bh7/,4,4,4,1,0
line-lap / bh10,line-lap20259-5,【遠雄樂元】北屯機捷X好市多，雙首排大道最核心，夠近才最好,/buildings/bh7/,4,4,13,3.25,4.5
bing / organic,(organic),台中西屯建案【遠雄洄山行】．2-4房方正格局,/buildings/bh8/,4,4,4,1,25.5
google_kw / BH8,20240816_台中高價建案,台中西屯建案【遠雄洄山行】．2-4房方正格局,/buildings/bh8/,4,4,4,1,23.25
google / cpc,202511,台中西屯建案【遠雄洄山行】．2-4房方正格局,/buildings/bh8/,4,4,4,1,4.75
fb / bh7,9,台中西屯建案【遠雄洄山行】．2-4房方正格局,/buildings/bh8/,4,4,4,1,11
google_kw / bh9,(organic),水湳建案【遠雄綠美】鄰近綠美圖．中央公園預售屋,/buildings/bh9/,4,4,4,1,0
fb / bh9,1,水湳建案【遠雄綠美】鄰近綠美圖．中央公園預售屋,/buildings/bh9/,4,4,5,1.25,20
(not set),20251107一輪播,水湳建案【遠雄綠美】鄰近綠美圖．中央公園預售屋,/buildings/bh9/,4,4,6,1.5,20.25
google / cpc,brand0829,水湳建案【遠雄綠美】鄰近綠美圖．中央公園預售屋,/buildings/bh9/,4,4,5,1.25,23.25
bing / organic,(organic),村泉蒔美｜門戶端點 從容跨界｜台北生活最美起點,/buildings/cqh1/,4,4,5,1.25,89
google_kw / cqh1,competitor,村泉蒔美｜門戶端點 從容跨界｜台北生活最美起點,/buildings/cqh1/,4,4,4,1,25.25
fb / cqh1,fb-17,村泉蒔美｜門戶端點 從容跨界｜台北生活最美起點,/buildings/cqh1/,4,4,4,1,1.25
fb / cqh1,fb-9,村泉蒔美｜門戶端點 從容跨界｜台北生活最美起點,/buildings/cqh1/,4,4,4,1,1.25
google_kw / cqh1,information6,村泉蒔美｜門戶端點 從容跨界｜台北生活最美起點,/buildings/cqh1/,4,4,4,1,0.25
google_kw / cqh1,zhuwei,村泉蒔美｜門戶端點 從容跨界｜台北生活最美起點,/buildings/cqh1/,4,4,4,1,53.25
fb / dgm1,fb11-3,大河商爵-台北市士林區廠辦/預售新建案-預約賞屋，遠創力行銷,/buildings/dgm1/,4,4,4,1,0
gdn / dgm1,gdn11-2,大河商爵-台北市士林區廠辦/預售新建案-預約賞屋，遠創力行銷,/buildings/dgm1/,4,4,4,1,0
gdn / dgm1,gdn11-4,大河商爵-台北市士林區廠辦/預售新建案-預約賞屋，遠創力行銷,/buildings/dgm1/,4,4,4,1,0
(not set),202501003二輪播,台南永康新建案【遠雄山禾】-鹽行特區．3-4房,/buildings/dh2/,4,4,6,1.5,3.25
(not set),20250905五輪播,台南永康新建案【遠雄山禾】-鹽行特區．3-4房,/buildings/dh2/,4,4,4,1,6
(not set),20251023一輪播,台南永康新建案【遠雄山禾】-鹽行特區．3-4房,/buildings/dh2/,4,4,4,1,0.25
line-lap / eh2,20251101,台南永康新建案【遠雄山禾】-鹽行特區．3-4房,/buildings/dh2/,4,4,4,1,0
line-lap / dh2,7,台南永康新建案【遠雄山禾】-鹽行特區．3-4房,/buildings/dh2/,4,4,4,1,3
leju / dh2,lejupage,台南永康新建案【遠雄山禾】-鹽行特區．3-4房,/buildings/dh2/,4,4,4,1,42.5
google / cpc,遠雄幸福成_H713_關鍵字_0516_外縣市,台南永康新建案【遠雄山禾】-鹽行特區．3-4房,/buildings/dh2/,4,4,4,1,148.75
(not set),(not set),安南重劃首選【遠雄藏萃】全新落成，珍稀戶別釋出！,/buildings/dh5/,4,4,2,0.5,18.25
fb / dh5,20251128,安南重劃首選【遠雄藏萃】全新落成，珍稀戶別釋出！,/buildings/dh5/,4,4,5,1.25,25.5
google / cpc,area,Recommended Kaohsiung development: Farglory Peak Residence - Pre-sale units in Sanmin District. Near National Science and Technology Museum.,/buildings/eh1/,4,4,0,0,32.75
fb / eh1,12-1,高雄建案推薦【遠雄峰蘊】- 三民區預售屋．近科工館,/buildings/eh1/,4,4,4,1,23.5
fb / eh1,5-3,高雄建案推薦【遠雄峰蘊】- 三民區預售屋．近科工館,/buildings/eh1/,4,4,6,1.5,51.5
google_kw / eh1,Qianzhen.Qianjin,高雄建案推薦【遠雄峰蘊】- 三民區預售屋．近科工館,/buildings/eh1/,4,4,4,1,0
webnews / eh1,moneyudn_20251128,高雄建案推薦【遠雄峰蘊】- 三民區預售屋．近科工館,/buildings/eh1/,4,4,4,1,15.25
webnews / eh2,yahoo_202512,遠雄一靚｜楠梓新案．高大特區首發｜早鳥預約中,/buildings/eh2/,4,4,7,1.75,66.75
fb / eh5,20250207-1,遠雄沐蘊-高雄市三民區預售屋/新建案-預約賞屋,/buildings/eh5/,4,4,4,1,3.5
fb / eh5,20250207-2,遠雄沐蘊-高雄市三民區預售屋/新建案-預約賞屋,/buildings/eh5/,4,4,4,1,2.75
fb / eh5,fb12-1,遠雄沐蘊-高雄市三民區預售屋/新建案-預約賞屋,/buildings/eh5/,4,4,4,1,0.25
fb / eh5,fb24,遠雄沐蘊-高雄市三民區預售屋/新建案-預約賞屋,/buildings/eh5/,4,4,4,1,0
google_kw / fh2,banqiao,遠雄合雅｜板橋之心・合院之上｜2~3房．24~66坪,/buildings/fh2/,4,4,4,1,0
fb / fm3,1-1,遠雄信義CENTER-新北市板橋區廠辦.商辦/預售新建案-預約賞屋,/buildings/fm3/,4,4,4,1,0
fb / fm3,1-2,遠雄信義CENTER-新北市板橋區廠辦.商辦/預售新建案-預約賞屋,/buildings/fm3/,4,4,4,1,21.25
google_kw / h152,家庭/換屋/三代宅,找不到頁面 - 遠雄房地產,/buildings/h152,4,4,4,1,0
tw.search.yahoo.com / referral,(referral),遠雄星呈-台中市清水區預售屋/新建案-預約賞屋，遠雄房地產,/buildings/h707/,4,4,4,1,153.25
fb / h707,10,遠雄星呈-台中市清水區預售屋/新建案-預約賞屋，遠雄房地產,/buildings/h707/,4,4,4,1,1.25
fb / h707,35,遠雄星呈-台中市清水區預售屋/新建案-預約賞屋，遠雄房地產,/buildings/h707/,4,4,4,1,0
google / cpc,brand,遠雄星呈-台中市清水區預售屋/新建案-預約賞屋，遠雄房地產,/buildings/h707/,4,4,4,1,2
line-lap / H713,20220622,遠雄幸福成｜即將落成 - 台中市清水區預售/新建案-預約賞屋，遠雄房地產,/buildings/h713/,4,4,4,1,3
google / cpc,brand,遠雄幸福成｜即將落成 - 台中市清水區預售/新建案-預約賞屋，遠雄房地產,/buildings/h713/,4,4,4,1,53.25
google_kw / dh2,(organic),遠雄琢蘊-高雄市三民區預售屋/新建案-預約賞屋，遠雄房地產,/buildings/h902/,4,4,4,1,12.5
google / cpc,202511,遠雄琢蘊-高雄市三民區預售屋/新建案-預約賞屋，遠雄房地產,/buildings/h902/,4,4,5,1.25,37
ig / social,ig,遠雄琢蘊-高雄市三民區預售屋/新建案-預約賞屋，遠雄房地產,/buildings/h902/,4,4,4,1,32.5
google / cpc,type,遠雄琢蘊-高雄市三民區預售屋/新建案-預約賞屋，遠雄房地產,/buildings/h902/,4,4,4,1,16.5
line-lap / hh2,20240401,找不到頁面 - 遠雄房地產,/buildings/hh2/,4,4,4,1,1
line-lap / hh3,lap-5,找不到頁面 - 遠雄房地產,/buildings/hh3/,4,4,4,1,0.5
line-lap / hh3,lap-7,找不到頁面 - 遠雄房地產,/buildings/hh3/,4,4,4,1,3.25
google_kw / hm2,202511,Farglory MetaLink Technology Park | Airport MRT A7 & A8 Station | VIP corporate seats are now open for reservation.,/buildings/hm2/,4,4,0,0,31.25
google / cpc,brand,遠雄MetaLink科技園區 | 機捷A7．A8站▕ VIP企業席次開放預約中,/buildings/hm2/,4,4,4,1,5.75
KW / cpc,0713,找不到頁面 - 遠雄房地產,/buildings/msm1/,4,4,4,1,0.75
bing / organic,(organic),遠雄THE ONE-高雄市前鎮區新成屋/新建案-預約賞屋,/buildings/o1/,4,4,5,1.25,114.25
(direct) / (none),(direct),找不到頁面 - 遠雄房地產,/buildings/qyh2/,4,4,4,1,14.5
google / organic,(organic),若水秧翠｜東京視野・頂埔門牌｜1~3房．20~42坪,/buildings/rsh01/,4,4,7,1.75,13.5
farglory.com.tw / referral,(referral),熱銷建案：預售屋、新建案、新成屋 -遠雄房地產,/case/,4,4,4,1,3.5
line-lap / eh2,20251208,熱銷建案一覽：遠雄全台預售屋、新建案、新成屋資訊,/case/search/,4,4,4,1,10
google / cpc,O1_特色字_2025.0801,熱銷建案一覽：遠雄全台預售屋、新建案、新成屋資訊,/case/search/,4,4,6,1.5,8.75
google / cpc,type,熱銷建案一覽：遠雄全台預售屋、新建案、新成屋資訊,/case/search/,4,4,11,2.75,24.25
sms / aep-cdp,CRM-001-D,熱銷建案一覽：遠雄全台預售屋、新建案、新成屋資訊,/case/search/page/2/,4,4,4,1,20.75
bing / organic,(organic),熱銷建案一覽：遠雄全台預售屋、新建案、新成屋資訊,/case/search/page/3/,4,4,4,1,8
google / cpc,brand,熱銷建案一覽：遠雄全台預售屋、新建案、新成屋資訊,/case/search/page/3/,4,4,5,1.25,10.25
ig / social,ig,熱銷建案一覽：遠雄全台預售屋、新建案、新成屋資訊,/case/search/page/3/,4,4,4,1,9.75
google / cpc,遠雄幸福成_H713_關鍵字_0516_外縣市,熱銷建案一覽：遠雄全台預售屋、新建案、新成屋資訊,/case/search/page/3/,4,4,5,1.25,6.5
google / cpc,202511,熱銷建案一覽：遠雄全台預售屋、新建案、新成屋資訊,/case/search/page/4/,4,4,6,1.5,14.75
google / cpc,brand,熱銷建案一覽：遠雄全台預售屋、新建案、新成屋資訊,/case/search/page/4/,4,4,7,1.75,20
(not set),20251209一輪播,熱銷建案一覽：遠雄全台預售屋、新建案、新成屋資訊,/case/search/page/5/,4,4,20,5,28
google / cpc,brand,熱銷建案一覽：遠雄全台預售屋、新建案、新成屋資訊,/case/search/page/5/,4,4,5,1.25,14.75
(data not available),(cross-network),熱銷建案一覽：遠雄全台預售屋、新建案、新成屋資訊,/case/search/sales_status/coming-soon/,4,4,4,1,8
google / cpc,com,熱銷建案一覽：遠雄全台預售屋、新建案、新成屋資訊,/case/search/sales_status/hot-sale/,4,4,5,1.25,19.75
(direct) / (none),(direct),熱銷建案一覽：遠雄全台預售屋、新建案、新成屋資訊,/case/search/sales_status/hot-sale/page/3/,4,4,4,1,4.75
google / organic,(organic),薪獎福利 - 遠雄房地產,/contact_service/salary_bonus_benefits/,4,4,5,1.25,5.25
(direct) / (none),(direct),2025十二月主題報 - 遠雄房地產,/dec2025/,4,4,2,0.5,15.25
(direct) / (none),(direct),遠雄房地產：最懂生活的購屋專家,/en/SustainableOffice.html,4,4,4,1,5.75
(direct) / (none),(direct),好友主題報-2024年6月 - 遠雄房地產,/jun2024/,4,4,4,1,1.75
google / organic,(organic),房市專家 何世昌 彙整 - 遠雄房地產,/life-proposal-category/expert_point/hoshichang/,4,4,5,1.25,21.25
google / organic,(organic),一生一次 彙整 - 遠雄房地產,/life-proposal-tag/2、市場/2稅務政策相關/一生一次/,4,4,4,1,12.5
google / organic,(organic),商用不動產 彙整 - 遠雄房地產,/life-proposal-tag/2、市場/commercial_real_estate/,4,4,5,1.25,8.25
google / organic,(organic),重劃區 彙整 - 遠雄房地產,/life-proposal-tag/5、區域/1區域地段/重劃區/,4,4,4,1,10.5
google / organic,(organic),土地使用分區 彙整 - 遠雄房地產,/life-proposal-tag/policy/都市計畫/土地使用分區/,4,4,4,1,3.25
tw.search.yahoo.com / referral,(referral),楠梓高大特區寵物友善地點推薦：必訪5家餐廳＋3大寵物同樂好去處 - 遠雄房地產,/life-proposal/area-kaohsiung-nanzi_nuk_pet-cafe_20250613/,4,4,4,1,43.25
fgr-line / fgr,area-l-taoyuan-guishan,建案熱區巡禮：桃園龜山重大建設帶動發展利多 - 遠雄房地產,/life-proposal/area-l-taoyuan-guishan/,4,4,4,1,12
google / organic,(organic),建案熱區巡禮：科工館商圈環繞，北高雄發展潛力股 - 遠雄房地產,/life-proposal/area-s-kaohsiung-nstm20220520/,4,4,4,1,14.25
(direct) / (none),(direct),建案熱區巡禮：台南中西區運河星鑽特區，重塑台南的歷史與現代風貌 - 遠雄房地產,/life-proposal/area-s-tainan_west-central_diamond_20250425/,4,4,4,1,20.75
google / cpc,Pmax,建案熱區巡禮：新北板橋府中與南雅地區 - 遠雄房地產,/life-proposal/area-s-tph_banqiao_nanya_20240820/,4,4,4,1,43
tw.search.yahoo.com / referral,(referral),建案熱區巡禮：新北板橋區Tpark科技特區 (遠東通訊園區)生活圈 - 遠雄房地產,/life-proposal/area-s-tph_banqiao_tpark_function_20250314/,4,4,4,1,94.25
(not set),20251209一輪播,建案熱區巡禮：新北板橋區Tpark科技特區 (遠東通訊園區)生活圈 - 遠雄房地產,/life-proposal/area-s-tph_banqiao_tpark_function_20250314/,4,4,4,1,22
bing / organic,(organic),建案熱區巡禮：北投士林科技園區 - 交通篇 - 遠雄房地產,/life-proposal/area-tpe-beitou_bstp_traffic_20240705/,4,4,4,1,169.75
google / organic,(organic),建案熱區巡禮：台中西屯區水湳經貿園區生活圈 - 遠雄房地產,/life-proposal/area-txg-shuinan_20231027/,4,4,5,1.25,38.75
chatgpt.com / referral,(referral),建案熱區巡禮：龜山A7重劃區成北北桃生活圈潛力新核心 - 遠雄房地產,/life-proposal/area_taoyuan_guishan_a7_function/,4,4,4,1,33.25
m.facebook.com / referral,(referral),建案熱區巡禮：台中北屯14期重劃區生活圈，打造北台中的新興生活核心 - 遠雄房地產,/life-proposal/area_txg_beitun_14th_function_20250829/,4,4,5,1.25,48.5
google / organic,(organic),建案熱區巡禮：台中北屯機廠重劃區生活圈 - 遠雄房地產,/life-proposal/area_txg_beitun_depot_function_20240513/,4,4,4,1,30.75
(direct) / (none),(direct),房地產借名登記如何保障自己 - 遠雄房地產,/life-proposal/borrow_name_20221118/,4,4,4,1,6.25
(direct) / (none),(direct),民法成年年齡下修至18歲，不動產稅賦有何影響？ - 遠雄房地產,/life-proposal/civil-law_20221125/,4,4,4,1,54.25
facebook.com / referral,(referral),來場大掃除吧！居家清潔要訣看過來！ - 遠雄房地產,/life-proposal/cleaning_20221223/,4,4,4,1,1.75
(direct) / (none),(direct),降低室內濕度怎麼做？除濕機真的有用嗎？ - 遠雄房地產,/life-proposal/dehumidifier/,4,4,4,1,6.25
(direct) / (none),(direct),社區有綠建築標章有何好處？ - 遠雄房地產,/life-proposal/ease_greenbuilding_20230608/,4,4,4,1,6.75
(not set),20251209一輪播,何世昌觀點：2025年中台灣房市潛力區域專題報導 -10大優質投資區域分析 - 遠雄房地產,/life-proposal/expert_hoshichang_central-potential/,4,4,0,0,96
(direct) / (none),(direct),何世昌觀點：2025年北台灣房市潛力區域專題報導-10大優質投資區域分析 - 遠雄房地產,/life-proposal/expert_hoshichang_northern-potential/,4,4,4,1,5.25
google / organic,(organic),何世昌觀點：山雨欲來風滿樓，房市反轉時刻已降臨？ - 遠雄房地產,/life-proposal/expert_hoshichang_property_market_20250307/,4,4,4,1,1.5
m.facebook.com / referral,(referral),2025年南台灣房市潛力區域專題報導 - 10大優質投資區域分析｜何世昌觀點 - 遠雄房地產,/life-proposal/expert_hoshichang_south-potential/,4,4,4,1,0
youtube / fgr,expert_hoshichang_south-potential,2025年南台灣房市潛力區域專題報導 - 10大優質投資區域分析｜何世昌觀點 - 遠雄房地產,/life-proposal/expert_hoshichang_south-potential/,4,4,6,1.5,10.5
google / organic,(organic),購買預售屋如何選擇好的建商？(上集)｜永然法律不動產專欄 - 遠雄房地產,/life-proposal/expert_law_y-rlee_builder1_20250324/,4,4,5,1.25,20.5
(direct) / (none),(direct),未婚情侶合資買房在法律上要注意什麼｜永然法律不動產專欄 - 遠雄房地產,/life-proposal/expert_law_y-rlee_co-buying/,4,4,4,1,4.5
google / organic,(organic),Al新十大建設對未來房市的具體影響｜李同榮觀點 - 遠雄房地產,/life-proposal/expert_li_ai-projects_20250715/,4,4,4,1,32.5
chatgpt.com / referral,(referral),劉學龍觀點：2025年第三季房地產趨勢 - 商用不動產市場的穩與土地市場的冷 - 遠雄房地產,/life-proposal/expert_liu_commercial-2025q3/,4,4,5,1.25,33.25
(direct) / (none),(direct),進入 2025 年如何展望台灣房市，央行信用管制效果還在?｜財經M平方觀點 - 遠雄房地產,/life-proposal/expert_macromicro_housing_2025view_20250205/,4,4,4,1,1.75
google / organic,(organic),對等關稅下，新興亞洲將面臨哪些挑戰？｜財經M平方觀點 - 遠雄房地產,/life-proposal/expert_macromicro_tariffs-to-asia_20250528/,4,4,4,1,44.25
google / organic,(organic),劉佩真觀點：輝達黃仁勳旋風對於台灣房市帶來的正面效應 - 遠雄房地產,/life-proposal/expert_peizhen_commercial_nvidia_20250603/,4,4,4,1,25.5
(direct) / (none),(direct),劉佩真觀點：2025年第一季房市觀測 - 政策與銀行管制未鬆綁，短期國內房市陷入調整期 - 遠雄房地產,/life-proposal/expert_peizhen_property-2025q1_20250418/,4,4,4,1,8.75
google / organic,(organic),劉佩真觀點：2025年第一季房市觀測 - 政策與銀行管制未鬆綁，短期國內房市陷入調整期 - 遠雄房地產,/life-proposal/expert_peizhen_property-2025q1_20250418/,4,4,5,1.25,7.75
(direct) / (none),(direct),輝達總部確立，房市受惠區在哪裡？｜何世昌觀點 - 遠雄房地產,/life-proposal/expert_thinktank_nvidia_20250729/,4,4,4,1,6.5
google / organic,(organic),何世昌觀點：擴大赴美投資成定局，台積宅還能買嗎？ - 遠雄房地產,/life-proposal/expert_tsmc-housing_20250703/,4,4,4,1,47
fgr-line / fgr,cleaning_20221223,[影音] 買房後發現實際面積比權狀縮水，該找誰求償? - 遠雄房地產,/life-proposal/expert_zhu_area-discrepancy_20250827/,4,4,5,1.25,6.75
socialmedia / fgr,ig20251209,[影音] 買房後發現實際面積比權狀縮水，該找誰求償? - 遠雄房地產,/life-proposal/expert_zhu_area-discrepancy_20250827/,4,4,4,1,0
google / organic,(organic),五月報稅稅法修正重點整理｜專家觀點地政篇 - 遠雄房地產,/life-proposal/expert_zhu_file-taxes_20250409/,4,4,4,1,150
(direct) / (none),(direct),[影音] 專家觀點地政篇：婚前買房v.s婚後買房｜房子登記誰的名字好？ - 遠雄房地產,/life-proposal/expert_zhu_marriage_20230614/,4,4,4,1,50.25
socialmedia / fgr,ig20251003,[影音] 你的買賣安全嗎？房屋產權必懂的謄本識讀、權狀跟身分查驗 - 遠雄房地產,/life-proposal/expert_zhu_property_identity_vedio_20240229/,4,4,4,1,0
google / organic,(organic),[影音] 豪宅稅跟你也有關係：屋主的策略與應對方式｜專家觀點地政篇 - 遠雄房地產,/life-proposal/expert_zhu_tactic-tax-count_vedio_20250725/,4,4,4,1,96.25
google_kw / bh9,(organic),遠房實價登錄,/,4,4,4,1,0
youtube / fgr,expert_zhu_video_buy-vs-gift,[影音] 房產傳承案例解析：買賣與贈與的差別、實務操作與法律風險 - 遠雄房地產,/life-proposal/expert_zhu_video_buy-vs-gift/,4,4,4,1,0
(direct) / (none),(direct),一見傾心的清水模設計，為家注入文青魂和自然風 - 遠雄房地產,/life-proposal/exposed_concrete_20220914/,4,4,4,1,2
google / organic,(organic),防火保命大原則：符合消防法規、懂火場逃生 - 遠雄房地產,/life-proposal/firesafety/,4,4,4,1,39
(direct) / (none),(direct),初次購屋，首購族要分析的重點為何? - 遠雄房地產,/life-proposal/firstbuy_20230427/,4,4,4,1,6.75
yahoo / organic,(organic),房屋格局圖/平面圖怎麼看？建案平面圖符號教學，讓你秒懂房屋格局避地雷,/life-proposal/house-layout/,4,4,4,1,5.25
google / organic,(organic),高雄景點再+1 預計2023年完工的絕美綠建築【高雄新車站】 - 遠雄房地產,/life-proposal/kaohsiung-station-mecanoo20220610/,4,4,4,1,29
google / organic,(organic),兒童房設計攻略：打造寶貝專屬空間 - 遠雄房地產,/life-proposal/kids_room_20230306/,4,4,4,1,28
google / organic,(organic),買房大小事：如何辦理產權移轉？ - 遠雄房地產,/life-proposal/land_property_rights/,4,4,4,1,41.5
google / organic,(organic),居家燈具清潔與保養全攻略【居家百科】 - 遠雄房地產,/life-proposal/light/,4,4,4,1,53.75
google / organic,(organic),購買預售屋注意事項 - 遠雄房地產,/life-proposal/notice_20230331/,4,4,4,1,29.25
(not set),20251209一輪播,輝達落腳時程出爐，北士科商辦掀全球卡位戰 - 遠雄房地產,/life-proposal/nvidia-beishi-office/,4,4,2,0.5,3
(direct) / (none),(direct),記住授信5P原則，讓你的貸款成數更高更容易 - 遠雄房地產,/life-proposal/pre_mortgage_20221215/,4,4,6,1.5,10
(direct) / (none),(direct),公設比多少合理？秒懂公設定義與公設比計算–「首購族看房買屋攻略」 - 遠雄房地產,/life-proposal/ratio_of_public_area/,4,4,4,1,6.25
google / organic,(organic),上有政策下有對策，買房投資招數看過來 - 遠雄房地產,/life-proposal/reduce_property_20221215/,4,4,4,1,15.25
(not set),20251209一輪播,您正在找 - 遠雄房地產,/,4,4,4,1,1
google / organic,(organic),工料雙漲下的省錢裝潢 | 油漆DIY 老屋變新貌 - 遠雄房地產,/life-proposal/space_furnish_paint_20231128/,4,4,4,1,44.75
google / organic,(organic),實用寵物宅設計巧思：打造與毛小孩共居的舒適空間！ - 遠雄房地產,/life-proposal/space_pets_20230130/,4,4,4,1,130.5
(direct) / (none),(direct),房地一族看過來，與你有關的國稅局查稅重點 - 遠雄房地產,/life-proposal/tax_inspection_20230119/,4,4,4,1,1.75
google / organic,(organic),不動產節稅妙招：每年都要繳的財產稅省很大 - 遠雄房地產,/life-proposal/tax_mitigation_housetax_20220902/,4,4,4,1,56.5
google / organic,(organic),買房停看聽：嫌惡設施有哪些？ - 遠雄房地產,/life-proposal/unwanted20220610/,4,4,5,1.25,136.75
(direct) / (none),(direct),安心生活：三大保固升級服務 -遠雄房地產,/life_proposal/peace_mind/,4,4,4,1,6.75
(direct) / (none),(direct),找不到頁面 - 遠雄房地產,/llms.txt,4,4,6,1.5,1.5
google / cpc,202511,預約賞屋手機驗證 - 遠雄房地產,/mob_verify/,4,4,4,1,18.75
fb / fh2,fb12-2,預約賞屋手機驗證 - 遠雄房地產,/mob_verify/,4,4,4,1,14.25
google / cpc,Pmax,隱私權聲明 - 遠雄房地產,/privacy/,4,4,4,1,29.25
google / cpc,202511,洪瑞鴻業務個人介紹 - 遠雄商用不動產(林口龜山),/sales/HM2/G0642/,4,4,5,1.25,8
google / organic,(organic),蔡慧祈業務個人介紹 - 遠雄THE ONE,/sales/O1/G1052/,4,4,7,1.75,32.75
google / organic,(organic),邱冠綸業務個人介紹 - 遠雄泱玥,/sales/ah2/G0627/,4,4,4,1,6.25
google / organic,(organic),蔡姈君業務個人介紹 - 齊興緻,/sales/ar1/B1716/,4,4,6,1.5,24.75
google / cpc,20250616_品牌字,蔡姈君業務個人介紹 - 齊興緻,/sales/ar1/B1716/,4,4,4,1,8
google / cpc,20250616_品牌字,林白芷業務個人介紹 - 齊興緻,/sales/ar1/B3622/,4,4,4,1,7.75
google / cpc,20250616_品牌字,邱美鈴業務個人介紹 - 齊興緻,/sales/ar1/B5758/,4,4,5,1.25,5
google / organic,(organic),周卉雯業務個人介紹 - 遠雄敦富,/sales/bh10/B3081/,4,4,4,1,3.75
(direct) / (none),(direct),王庭歡業務個人介紹 - 遠雄敦富,/sales/bh10/G1057/,4,4,4,1,1.75
google / organic,(organic),黃子霏業務個人介紹 - 遠雄丰尚,/sales/bh11/G0630/,4,4,4,1,2
google / cpc,20251204,黃子霏業務個人介紹 - 遠雄丰尚,/sales/bh11/G0630/,4,4,4,1,41.5
(direct) / (none),(direct),林育騏業務個人介紹 - 遠雄洄山行,/sales/bh8/G0117/,4,4,4,1,2.25
line-lap / cqh1,lap-2,吳麗美業務個人介紹 - 村泉蒔美,/sales/cqh1/B2850/,4,4,4,1,10.75
(direct) / (none),(direct),曾華萱業務個人介紹 - 村泉蒔美,/sales/cqh1/G0679/,4,4,5,1.25,16.25
google_kw / dh2,(organic),王韻涵業務個人介紹 - 遠雄山禾,/sales/dh2/G0275/,4,4,5,1.25,11.25
(direct) / (none),(direct),林詩穎業務個人介紹 - 遠雄山禾,/sales/dh2/G0633/,4,4,4,1,1.25
google / organic,(organic),黃柔銘業務個人介紹 - 遠雄峰蘊,/sales/eh1/B3500/,4,4,6,1.5,13.75
(direct) / (none),(direct),楊倩如業務個人介紹 - 遠雄峰蘊,/sales/eh1/G0259/,4,4,4,1,8
google / cpc,brand,林品宜業務個人介紹 - 遠雄峰蘊,/sales/eh1/G0336/,4,4,4,1,4.75
(direct) / (none),(direct),羅泓偉業務個人介紹 - 遠雄一靚,/sales/eh2/B3397/,4,4,4,1,3.25
google / cpc,(organic),洪梓芸業務個人介紹 - 遠雄一靚,/sales/eh2/B5986/,4,4,4,1,29.25
line-lap / eh2,20251208,洪梓芸業務個人介紹 - 遠雄一靚,/sales/eh2/B5986/,4,4,4,1,27.25
(direct) / (none),(direct),徐靖業務個人介紹 - 遠雄一靚,/sales/eh2/G0597/,4,4,4,1,6
line-lap / eh2,20251208,徐靖業務個人介紹 - 遠雄一靚,/sales/eh2/G0597/,4,4,4,1,5.5
(direct) / (none),(direct),蔡景宇業務個人介紹 - 遠雄一靚,/sales/eh2/G0855/,4,4,4,1,59.5
google / cpc,(organic),陳灝業務個人介紹 - 遠雄一靚,/sales/eh2/G1010/,4,4,4,1,5.5
(direct) / (none),(direct),林秀樺業務個人介紹 - 遠雄商用不動產,/sales/fm3/B3312/,4,4,4,1,2.25
google / organic,(organic),林欣伶業務個人介紹 - 遠雄星呈,/sales/h707/B5856/,4,4,4,1,4.75
facebook.com / referral,(referral),服務條款暨隱私權聲明 -遠雄房地產,/terms-of-service_and_privacy/,4,4,4,1,1.75
m.facebook.com / referral,(referral),服務條款暨隱私權聲明 -遠雄房地產,/terms-of-service_and_privacy/,4,4,4,1,0
google / organic,(organic),遠雄香榭園(新北市中和區)住戶-詹太太與女兒口碑推薦- 遠雄房地產,/wom-recommendation/ms-chan/,4,4,4,1,9.75
(direct) / (none),(direct),預約成功 - 遠雄房地產,/預約成功感謝頁/,4,4,4,1,6.75
chatgpt.com / referral,(referral),遠房實價登錄,/,3,4,15,5,0
googlemap / (not set),eh1,遠房實價登錄,/,3,4,6,2,0
fb / ar1,fb1-2,遠房實價登錄,/,3,4,4,1.3333333333333333,0
fg / o1,fg,遠房實價登錄,/,3,4,5,1.6666666666666667,0
line-lap / bh9,lap-1,遠房實價登錄,/,3,4,5,1.6666666666666667,0
web / bh10,web-Google map,遠房實價登錄,/,3,4,4,1.3333333333333333,0
instagram.com / referral,(referral),遠雄房地產：最懂生活的購屋專家,/,3,4,3,1,18.666666666666668
gdn / o1,gdnleader,遠雄房地產：最懂生活的購屋專家,/,3,4,4,1.3333333333333333,0
google / organic,(organic),遠雄敦富理想生活研究所 - 遠雄房地產,/activity-report/bh10event2025q2/,3,4,3,1,14.333333333333334
(direct) / (none),(direct),遠雄丰尚-陳蘊文-遠雄房地產 Farglory-Realty,/bh11/G1189,3,4,6,2,55.666666666666664
google_kw / 5vo1,202511,"LinkTech | Beishike AI Headquarters, Huida Core Axis - Taipei Beitou District Commercial Office/Pre-sale New Construction Project - Schedule a Viewing Appointment, Far Eastern Marketing",/buildings/5vo1/,3,4,0,0,18.666666666666668
google_gdn / 5vo1,202510-6,聯上智科｜北士科AI總部 輝達核心軸線 -台北市北投區商辦/預售新建案-預約賞屋，遠創力行銷,/buildings/5vo1/,3,4,6,2,0
(not set),20251209一輪播,聯上智科｜北士科AI總部 輝達核心軸線 -台北市北投區商辦/預售新建案-預約賞屋，遠創力行銷,/buildings/5vo1/,3,4,4,1.3333333333333333,88
(not set),20251209一輪播,遠雄星呈-台中市清水區預售屋/新建案-預約賞屋，遠雄房地產,/buildings/H707/,3,4,5,1.6666666666666667,25
line-lap / ao1,20240410_4-3,找不到頁面 - 遠雄房地產,/buildings/ao1/,3,4,4,1.3333333333333333,1.6666666666666667
gdn / bh10,20251-1-6mix,北屯敦富路【遠雄敦富】- 北屯機捷預售屋．近好市多,/buildings/bh10/,3,4,4,1.3333333333333333,0
fb / bh10,fbfanpage1205,北屯敦富路【遠雄敦富】- 北屯機捷預售屋．近好市多,/buildings/bh10/,3,4,4,1.3333333333333333,43
web / bh10,web-Google map,北屯敦富路【遠雄敦富】- 北屯機捷預售屋．近好市多,/buildings/bh10/,3,4,4,1.3333333333333333,9.333333333333334
web-chinatimes / bh10,web-chinatimes1212,北屯敦富路【遠雄敦富】- 北屯機捷預售屋．近好市多,/buildings/bh10/,3,4,5,1.6666666666666667,30.666666666666668
mkto-sn070013.com / referral,(referral),遠雄14期首發【遠雄丰尚】北屯新案．近漢神洲際百貨,/buildings/bh11/,3,4,3,1,58
google / cpc,pmax-1-taichung,遠雄14期首發【遠雄丰尚】北屯新案．近漢神洲際百貨,/buildings/bh11/,3,4,5,1.6666666666666667,3.6666666666666665
line-lap / bh2,20230227,找不到頁面 - 遠雄房地產,/buildings/bh2/,3,4,4,1.3333333333333333,1
google / cpc,brand0829,遠雄琉蘊 -台中市西屯區七期預售屋/新建案-預約賞屋，遠雄房地產,/buildings/bh5/,3,4,6,2,54
line / bh6,line1206,遠雄藝舍-台中西屯區麥當勞旁金店面-預約賞屋，遠雄房地產,/buildings/bh6/,3,4,5,1.6666666666666667,1
line-lap / bh10,line-lap202511-3,水湳建案【遠雄綠美】鄰近綠美圖．中央公園預售屋,/buildings/bh9/,3,4,4,1.3333333333333333,9.666666666666666
line-lap / cgh1,line-lap1-3,找不到頁面 - 遠雄房地產,/buildings/cgh01/,3,4,4,1.3333333333333333,0.6666666666666666
google / cpc,202511,村泉蒔美｜門戶端點 從容跨界｜台北生活最美起點,/buildings/cqh1/,3,4,4,1.3333333333333333,143
fb / cqh1,fb-15,村泉蒔美｜門戶端點 從容跨界｜台北生活最美起點,/buildings/cqh1/,3,4,4,1.3333333333333333,19
google / cpc,遠雄幸福成_H713_關鍵字_0516_外縣市,村泉蒔美｜門戶端點 從容跨界｜台北生活最美起點,/buildings/cqh1/,3,4,3,1,26
googlemap / dh1,googlemap,找不到頁面 - 遠雄房地產,/buildings/dh1/,3,4,4,1.3333333333333333,4.666666666666667
line-lap / dh2,3,台南永康新建案【遠雄山禾】-鹽行特區．3-4房,/buildings/dh2/,3,4,4,1.3333333333333333,2.3333333333333335
(direct) / (none),(direct),找不到頁面 - 遠雄房地產,/buildings/dh3/,3,4,3,1,14
googlemap / (not set),eh1,高雄建案推薦【遠雄峰蘊】- 三民區預售屋．近科工館,/buildings/eh1/,3,4,5,1.6666666666666667,30
google / cpc,com,遠雄一靚｜楠梓新案．高大特區首發｜早鳥預約中,/buildings/eh2/,3,4,4,1.3333333333333333,47.666666666666664
google / cpc,遠雄幸福成_H713_關鍵字_0516_外縣市,遠雄合雅｜板橋之心・合院之上｜2~3房．24~66坪,/buildings/fh2/,3,4,3,1,41.333333333333336
google / cpc,Pmax,"Farglory Xinyi Center - New Taipei City, Banqiao District, Factory and Commercial Office Buildings/New Construction Project (Pre-sale) - Schedule a Viewing",/buildings/fm3/,3,4,1,0.3333333333333333,74.33333333333333
bing / organic,(organic),遠雄MetaLink科技園區 | 機捷A7．A8站▕ VIP企業席次開放預約中,/buildings/hm2/,3,4,4,1.3333333333333333,159.66666666666666
avivid / bh11,20251212,遠雄MetaLink科技園區 | 機捷A7．A8站▕ VIP企業席次開放預約中,/buildings/hm2/,3,4,3,1,30.333333333333332
(not set),20251107一輪播,遠雄THE ONE-高雄市前鎮區新成屋/新建案-預約賞屋,/buildings/o1/,3,4,5,1.6666666666666667,8.666666666666666
google / organic,(organic),CASA GAUDI 晴空樹,/casa_gaudi/,3,4,5,1.6666666666666667,80.33333333333333
(not set),20251107一輪播,熱銷建案一覽：遠雄全台預售屋、新建案、新成屋資訊,/case/search/page/2/,3,4,6,2,16.666666666666668
google / cpc,(organic),熱銷建案一覽：遠雄全台預售屋、新建案、新成屋資訊,/case/search/sales_status/coming-soon/page/2/,3,4,4,1.3333333333333333,4.333333333333333
google / organic,(organic),主選單_聯絡與服務 - 遠雄房地產,/jet-menu/mega-item-3718/,3,4,5,1.6666666666666667,15.666666666666666
google / organic,(organic),遠雄幸福成-兆元產值匯集 大台中最受矚目重劃區 - 遠雄房地產,/landing-page/1110627/,3,4,4,1.3333333333333333,62.666666666666664
google / organic,(organic),室內設計 彙整 - 遠雄房地產,/life-proposal-tag/6、產品/11設計風格類型/interior_design/,3,4,3,1,3
tw.search.yahoo.com / referral,(referral),建案熱區巡禮：高雄楠梓區 - 從工業重鎮到經濟新引擎的崛起 - 遠雄房地產,/life-proposal/area-l-kaohsiung-nanzi_20250121/,3,4,5,1.6666666666666667,84.33333333333333
google / organic,(organic),建案熱區巡禮：台南鹽行重劃區擁地段優勢，成最佳潛力股 - 遠雄房地產,/life-proposal/area-s-tainan-yanxing20200520/,3,4,3,1,20
google / cpc,20251204,2025年中台灣房市潛力區域專題報導 -10大優質投資區域分析｜何世昌觀點 - 遠雄房地產,/life-proposal/expert_hoshichang_central-potential/,3,4,3,1,42.666666666666664
(direct) / (none),(direct),永然法律不動產專欄：未婚情侶合資買房在法律上要注意什麼？ - 遠雄房地產,/life-proposal/expert_law_y-rlee_co-buying/,3,4,3,1,8
sn07.marketodesigner.com / referral,(referral),永然法律不動產專欄：未婚情侶合資買房在法律上要注意什麼？ - 遠雄房地產,/life-proposal/expert_law_y-rlee_co-buying/,3,4,27,9,51
bing / organic,(organic),永然法律不動產專欄：預售屋買賣契約中的交屋保留款與建材設備約定 - 遠雄房地產,/life-proposal/expert_law_y-rlee_retention-money_20250704/,3,4,3,1,46
yahoo / organic,(organic),李同榮觀點：2026年房地產市場將面臨八大考驗 - 遠雄房地產,/life-proposal/expert_li_housing-challenges-2026/,3,4,3,1,15.666666666666666
fgr-line / fgr,expert_li_housing-challenges-2026,李同榮觀點：2026年房地產市場將面臨八大考驗 - 遠雄房地產,/life-proposal/expert_li_housing-challenges-2026/,3,4,7,2.3333333333333335,1
(direct) / (none),(direct),全球貨幣戰：穩定幣的發展與投資機會 | 財經M平方觀點 - 遠雄房地產,/life-proposal/expert_macromicro_stablecoin/,3,4,7,2.3333333333333335,3
google / organic,(organic),劉佩真觀點：2024年第二季房市觀測-房市呈價量齊揚，而央行出手成效待觀察 - 遠雄房地產,/life-proposal/expert_peizhen_2024q2review_20240703/,3,4,3,1,7.333333333333333
perplexity.ai / referral,(referral),劉佩真觀點：2025年第三季房市觀測-政策觀望期延續，市場靜待轉折契機 - 遠雄房地產,/life-proposal/expert_peizhen_2025q3review/,3,4,5,1.6666666666666667,37.666666666666664
google / organic,(organic),[影音] 下半年房市走勢利多與利空一次看！｜劉佩真觀點 - 遠雄房地產,/life-proposal/expert_peizhen_bullbear-2025h2__20250829/,3,4,4,1.3333333333333333,21.333333333333332
(direct) / (none),(direct),[影音] 從總體經營環境來看2025下半年住宅與商用市場最新動態｜劉佩真觀點 - 遠雄房地產,/life-proposal/expert_peizhen_oee_2025h2/,3,4,3,1,33.333333333333336
google / organic,(organic),邱澤不動產傳聞揭秘，實價登錄與容積移轉的真相｜專家觀點地政篇 - 遠雄房地產,/life-proposal/expert_zhu_land-deal_20250813/,3,4,3,1,89
(direct) / (none),(direct),限貸令對各族群影響 (下) 首購、換屋、繼承族群影響為何?｜專家觀點地政篇 - 遠雄房地產,/life-proposal/expert_zhu_loan-restriction2_20250219/,3,4,4,1.3333333333333333,23.666666666666668
tw.search.yahoo.com / referral,(referral),專家觀點地政篇：如何預防不動產詐騙？如何防止房屋被移轉？ - 遠雄房地產,/life-proposal/expert_zhu_property_scam_20240604/,3,4,4,1.3333333333333333,128.33333333333334
google / organic,(organic),[影音] 豪宅稅跟你也有關係：屋主的策略與應對方式 - 遠雄房地產,/life-proposal/expert_zhu_tactic-tax-count_vedio_20250725/,3,4,5,1.6666666666666667,210.66666666666666
tw.search.yahoo.com / referral,(referral),贈與稅與遺產稅免稅額提高，房屋轉讓給子女的規劃要點 - 遠雄房地產,/life-proposal/gift_tax/,3,4,4,1.3333333333333333,72
google / organic,(organic),打造健康住宅！如何防止居家環境的有害物質 - 遠雄房地產,/life-proposal/healthy-house3-poison/,3,4,5,1.6666666666666667,1.6666666666666667
tw.search.yahoo.com / referral,(referral),驗屋與交屋必知注意事項？新手購屋必看，驗屋清單檢查表與交屋流程有哪些？,/life-proposal/home-inspection/,3,4,3,1,104.66666666666667
(direct) / (none),(direct),就愛飯店式管理，飯店式住宅成趨勢 - 遠雄房地產,/life-proposal/hotel_property20220624/,3,4,4,1.3333333333333333,8.333333333333334
tw.search.yahoo.com / referral,(referral),買房大小事：法人住宅購屋貸款注意事項 - 遠雄房地產,/life-proposal/land_corporation/,3,4,4,1.3333333333333333,126.33333333333333
(not set),20251230一輪播,附屬建物篇 : 陽台與雨遮建築法規規定為何？ - 遠雄房地產,/life-proposal/regulations_20230317/,3,4,2,0.6666666666666666,32.333333333333336
(direct) / (none),(direct),實用寵物宅設計巧思：打造與毛小孩共居的舒適空間！ - 遠雄房地產,/life-proposal/space_pets_20230130/,3,4,4,1.3333333333333333,67.66666666666667
(not set),20251209一輪播,遠雄房地產預約賞屋(線上賞屋與預約賞屋),/make_appointment/,3,4,4,1.3333333333333333,39.333333333333336
fb / bh7,9,預約賞屋手機驗證 - 遠雄房地產,/mob_verify/,3,4,4,1.3333333333333333,44
line / bh11,20251204,隱私權聲明 - 遠雄房地產,/privacy/,3,4,4,1.3333333333333333,0.6666666666666666
google / organic,(organic),張寶容業務個人介紹 - 聯上智科,/sales/5VO1/G0389/,3,4,4,1.3333333333333333,10
google / cpc,othercities_brand,黃語璇業務個人介紹 - 遠雄樂元,/sales/bh7/G0990/,3,4,4,1.3333333333333333,28
google / organic,(organic),蔡旻芮業務個人介紹 - 遠雄山禾,/sales/dh2/B6132/,3,4,4,1.3333333333333333,4
google / organic,(organic),「遠雄幸福成」面朝大海看落日，左擁右抱大公園 - 遠雄房地產,/wom-recommendation/h713_tsang/,3,4,3,1,22.333333333333332
excel.officeapps.live.com / referral,(referral),遠房實價登錄,/,2,4,7,3.5,0
chatgpt.com / referral,(referral),遠雄房地產：最懂生活的購屋專家,/,2,4,4,2,5.5
(data not available),(cross-network),聯上智科｜北士科AI總部 輝達核心軸線 -台北市北投區商辦/預售新建案-預約賞屋，遠創力行銷,/buildings/5vo1/,2,4,5,2.5,27
excel.officeapps.live.com / referral,(referral),遠雄星呈-台中市清水區預售屋/新建案-預約賞屋，遠雄房地產,/buildings/H707/,2,4,3,1.5,45
google / cpc,brand,北士科建案【遠雄泱玥】水岸首排．57-75坪,/buildings/ah2/,2,4,3,1.5,19.5
lbs-sms / ah2,sms1141008,北士科建案【遠雄泱玥】水岸首排．57-75坪,/buildings/ah2/,2,4,5,2.5,45.5
line-lap / ao1,20240612_6-2-2,找不到頁面 - 遠雄房地產,/buildings/ao1/,2,4,4,2,1.5
google / cpc,beitun,遠雄14期首發【遠雄丰尚】北屯新案．近漢神洲際百貨,/buildings/bh11/,2,4,4,2,14
(not set),202501003二輪播,水湳建案【遠雄綠美】鄰近綠美圖．中央公園預售屋,/buildings/bh9/,2,4,3,1.5,40.5
gdn / dh3,2,找不到頁面 - 遠雄房地產,/buildings/dh3/,2,4,4,2,2.5
(not set),20251107一輪播,遠雄沐蘊-高雄市三民區預售屋/新建案-預約賞屋,/buildings/eh5/,2,4,5,2.5,27.5
google_kw / fm3,廣告活動,遠雄信義CENTER-新北市板橋區廠辦.商辦/預售新建案-預約賞屋,/buildings/fm3/,2,4,2,1,8.5
sms / aep-cdp,CRM-001-D,遠雄星呈-台中市清水區預售屋/新建案-預約賞屋，遠雄房地產,/buildings/h707/,2,4,7,3.5,55
line-lap / hh3,lap-2,找不到頁面 - 遠雄房地產,/buildings/hh3/,2,4,5,2.5,1
google / cpc,O1_品牌字_2025.0801,(1) 封未讀訊息 | 遠雄THE ONE-高雄市前鎮區新成屋/新建案-預約賞屋,/buildings/o1/,2,4,2,1,108.5
fg / o1,fg,遠雄THE ONE-高雄市前鎮區新成屋/新建案-預約賞屋,/buildings/o1/,2,4,4,2,90
reurl.cc / referral,(referral),建案熱區巡禮：桃園龜山重大建設帶動發展利多 - 遠雄房地產,/life-proposal/area-l-taoyuan-guishan/,2,4,3,1.5,10.5
l.facebook.com / referral,(referral),建案熱區巡禮：新北板橋府中與南雅地區 - 遠雄房地產,/life-proposal/area-s-tph_banqiao_nanya_20240820/,2,4,4,2,680.5
(not set),20251209一輪播,何世昌觀點：2025年北台灣房市潛力區域專題報導-10大優質投資區域分析 - 遠雄房地產,/life-proposal/expert_hoshichang_northern-potential/,2,4,0,0,133
google / organic,(organic),共同繼承來的房地產，要如何進行分割呢？ | 永然法律不動產專欄 - 遠雄房地產,/life-proposal/expert_law_y-rlee_property-division/,2,4,3,1.5,8.5
google / organic,(organic),財經M平方觀點：美債殖利率創新高，三大面向解析後續走勢 - 遠雄房地產,/life-proposal/expert_macromicro_mec_oil_20231125/,2,4,4,2,30.5
bing / organic,(organic),繼承房產兄弟姊妹吵翻天？遺囑、登記與分配機制一次講清楚｜專家觀點地政篇 - 遠雄房地產,/life-proposal/expert_zhu_inherit-siblings_20250704/,2,4,2,1,188
bing / organic,(organic),專家觀點地政篇：繼承取得不動產，如何課徵房地合一稅？ - 遠雄房地產,/life-proposal/expert_zhu_inheritance_20230921/,2,4,4,2,628.5
(not set),20251107一輪播,[影音] 豪宅稅跟你也有關係：有房族注意！影響與計算不可不知 - 遠雄房地產,/life-proposal/expert_zhu_mansion-tax-count_vedio_20250625/,2,4,4,2,255
google / organic,(organic),[影音] 實價登錄全面攻略-帶你看懂現行法令重點與罰則｜專家觀點地政篇 - 遠雄房地產,/life-proposal/expert_zhu_property_law_vedio_20240930/,2,4,2,1,25
bing / organic,(organic),專家觀點地政篇：只有不動產怎麼繳遺產稅？實物抵繳是否划算？ - 遠雄房地產,/life-proposal/expert_zhu_property_offset-2_20241220/,2,4,4,2,101.5
(not set),(not set),贈與稅與遺產稅免稅額提高，房屋轉讓給子女的規劃要點 - 遠雄房地產,/life-proposal/gift_tax/,2,4,1,0.5,17.5
(direct) / (none),(direct),遠雄MetaLink科技園區-陳榮慶-遠雄房地產 Farglory-Realty,/main/review/72/g0798,2,4,4,2,42
google / cpc,gdn11-4,隱私權聲明 - 遠雄房地產,/privacy/,2,4,6,3,15.5
statics.teams.cdn.office.net / referral,(referral),服務條款-遠雄房地產,/terms-of-service/,2,4,3,1.5,13.5
google / organic,(organic),六都交易量比重衝高：從買賣移轉棟數看見房市的弦外之音｜何世昌觀點 - 遠雄房地產,/,1,4,9,9,991
(direct) / (none),(direct),若水秧翠｜東京視野・頂埔門牌｜1~3房．20~42坪,/,1,4,3,3,11
(direct) / (none),(direct),遠雄合雅｜板橋之心・合院之上｜2~4房．24~66坪,/,1,4,16,16,626
fb / bh8,fb23-1,遠雄房地產：最懂生活的購屋專家,/,1,4,5,5,12
(not set),系統測試,遠雄房地產：最懂生活的購屋專家,/,1,4,6,6,168
(direct) / (none),(direct),2025十一月主題報 - 遠雄房地產,/Nov2025/,1,4,4,4,26
chatgpt.com / referral,(referral),北士科建案【遠雄泱玥】水岸首排．57-75坪,/buildings/ah2/,1,4,3,3,0
leju / h707,lejupage,北屯敦富路【遠雄敦富】- 北屯機捷預售屋．近好市多,/buildings/bh10/,1,4,4,4,30
webnews / eh2,linetoday_202512,遠雄14期首發【遠雄丰尚】北屯新案．近漢神洲際百貨,/buildings/bh11/,1,4,2,2,13
tagassistant.google.com / referral,(referral),遠雄琉蘊 -台中市西屯區七期預售屋/新建案-預約賞屋，遠雄房地產,/buildings/bh5/,1,4,4,4,25
web-ettoday / bh8,20241107,台中西屯建案【遠雄洄山行】．2-4房方正格局,/buildings/bh8/,1,4,4,4,78
google / cpc,20251204,遠雄一靚｜楠梓新案．高大特區首發｜早鳥預約中,/buildings/eh2/,1,4,4,4,19
fb / bh11,8-1,遠雄一靚｜楠梓新案．高大特區首發｜早鳥預約中,/buildings/eh2/,1,4,4,4,26
line-lap / h902,20240603,找不到頁面 - 遠雄房地產,/buildings/h902/,1,4,4,4,0
app.omnichat.ai / referral,(referral),熱銷建案一覽：遠雄全台預售屋、新建案、新成屋資訊,/case/search/,1,4,2,2,10
search.avastbrowser.com / referral,(referral),熱銷建案一覽：遠雄全台預售屋、新建案、新成屋資訊,/case/search/page/2/,1,4,4,4,23
tw.search.yahoo.com / referral,(referral),降息循環啟動！未來該如何調整資產配置？｜財經M平方觀點 - 遠雄房地產,/life-proposal/expert_macromicro_cut-interest-rates_20241030/,1,4,4,4,1
fb / h713,105,全球貨幣戰：穩定幣的發展與投資機會 | 財經M平方觀點 - 遠雄房地產,/life-proposal/expert_macromicro_stablecoin/,1,4,5,5,11
chatgpt.com / referral,(referral),[影音] 半導體業近期投資趨勢將如何影響國內商用不動產的表現 - 遠雄房地產,/life-proposal/expert_peizhen_semiconductor_video/,1,4,3,3,3
bing / organic,(organic),南台灣產業轉型如何改變房市？影響面向與市場趨勢解析｜劉佩真觀點 - 遠雄房地產,/life-proposal/expert_peizhen_southern-taiwan/,1,4,1,1,2
(not set),20251209一輪播,專家觀點地政篇：合資買房如何保障自身權益？ - 遠雄房地產,/life-proposal/expert_zhu_buyhouse_joint_20240117/,1,4,4,4,1
(not set),20251209一輪播,聰明買房不吃虧，謄本訊息知多少 - 遠雄房地產,/life-proposal/transcript_20221007/,1,4,3,3,0
(not set),系統測試,專家觀點：解析房市動向與購屋建議 -遠雄房地產,/life_proposal/experts_point/,1,4,6,6,391
fb / bh7,20251215post,黃語璇業務個人介紹 - 遠雄樂元,/sales/bh7/G0990/,1,4,3,3,19
google / cpc,202510-4,聯上智科｜北士科AI總部 輝達核心軸線 -台北市北投區商辦/預售新建案-預約賞屋，遠創力行銷,/buildings/5vo1/,0,4,4,null,null
google_kw / cqh1,guandu,村泉蒔美｜門戶端點 從容跨界｜台北生活最美起點,/buildings/cqh1/,0,4,4,null,null
statics.teams.cdn.office.net / referral,(referral),遠雄琢蘊-高雄市三民區預售屋/新建案-預約賞屋，遠雄房地產,/buildings/h902/,0,4,3,null,null
(direct) / (none),(direct),生前贈與還是繳遺產稅，哪個比較划算？結果可能超乎你的想像｜專家觀點地政篇 - 遠雄房地產,/life-proposal/expert_zhu_gift-and-estate-tax_20250509/,0,4,4,null,null
google / cpc,CQH1-品牌字,遠雄MetaLink科技園區-吳瓖洺-遠雄房地產 Farglory-Realty,/main/review/72/g1288,0,4,4,null,null
google / organic,(organic),[影音] 避免誤入稅務陷阱：贈與稅善用免稅額｜專家觀點地政篇 - 遠雄房地產,/life-proposal/expert_zhu_tax_gifttax_vedio_20240206/,4,4,4,1,64.25
google_kw / ar1,googlemap,齊興_緻-台北市北投區/北士科住宅預售屋,/buildings/ar1/,3,3,3,1,16.666666666666668
(not set),20251209一輪播,修繕小知識：木地板刮傷怎麼辦？【居家百科】 - 遠雄房地產,/life-proposal/woodfix/,0,3,3,null,null
l.instagram.com / referral,(referral),遠房實價登錄,/,3,3,3,1,0
reurl.cc / referral,(referral),遠房實價登錄,/,3,3,3,1,0
fb / bh7,10,遠房實價登錄,/,3,3,3,1,0
fb / bh11,11-3,遠房實價登錄,/,3,3,10,3.3333333333333335,0
fb / h713,112,遠房實價登錄,/,3,3,3,1,0
line-lap / dh2,12,遠房實價登錄,/,3,3,3,1,0
fb / eh1,12-1,遠房實價登錄,/,3,3,3,1,0
ig / paid,120224909927020347,遠房實價登錄,/,3,3,3,1,0
gdn / bh1,20211201,遠房實價登錄,/,3,3,3,1,0
google_kw / bh6,20230710,遠房實價登錄,/,3,3,3,1,0
line / bh8,20240826,遠房實價登錄,/,3,3,4,1.3333333333333333,0
dm-point / bh8,20240901,遠房實價登錄,/,3,3,3,1,0
webnews / ar1,20250618,遠房實價登錄,/,3,3,3,1,0
line-lap / 5vo1,20251123_1102,遠房實價登錄,/,3,3,3,1,0
fb / dh5,20251128,遠房實價登錄,/,3,3,4,1.3333333333333333,0
line-lap / eh2,20251209,遠房實價登錄,/,3,3,3,1,0
google_kw / h902,221101,遠房實價登錄,/,3,3,3,1,0
line-lap / h707,3,遠房實價登錄,/,3,3,4,1.3333333333333333,0
fb / bh9,36,遠房實價登錄,/,3,3,3,1,0
fb / bh9,39,遠房實價登錄,/,3,3,3,1,0
fb / bh5,40,遠房實價登錄,/,3,3,3,1,17.666666666666668
fb / bh10,FB20251-5,遠房實價登錄,/,3,3,3,1,0
google / cpc,Otherarea0829,遠房實價登錄,/,3,3,3,1,0
google_kw / eh1,Qianzhen.Qianjin,遠房實價登錄,/,3,3,3,1,0
google_kw / fh2,banqiao,遠房實價登錄,/,3,3,3,1,0
google_kw / eh1,com,遠房實價登錄,/,3,3,3,1,0
google_kw / AR1,extension,遠房實價登錄,/,3,3,3,1,0
fb / dh2,fb-36,遠房實價登錄,/,3,3,3,1,0
fb / dh2,fb-46,遠房實價登錄,/,3,3,4,1.3333333333333333,0
fb / ar1,fb1-4,遠房實價登錄,/,3,3,3,1,0
fb / ar1,fb2-2,遠房實價登錄,/,3,3,3,1,0
fb / eh5,fb31-1,遠房實價登錄,/,3,3,3,1,0
fb / ar1,fb4-3,遠房實價登錄,/,3,3,3,1,0
fb / ar1,fb5-1,遠房實價登錄,/,3,3,3,1,0
fb / bh10,fb6-1,遠房實價登錄,/,3,3,3,1,0
fb / bh10,fbfanpage1205,遠房實價登錄,/,3,3,4,1.3333333333333333,0
google_kw / ar1,googlemap,遠房實價登錄,/,3,3,3,1,0
google / cpc,information4,遠房實價登錄,/,3,3,4,1.3333333333333333,0
google_kw / o1,kaohsiung,遠房實價登錄,/,3,3,3,1,0
line-lap / bh10,line-lap20257-1,遠房實價登錄,/,3,3,3,1,0
line / bh6,line1206,遠房實價登錄,/,3,3,3,1,0
line / bh9,linepost20250528,遠房實價登錄,/,3,3,5,1.6666666666666667,0
fb / fh2,privacy,遠房實價登錄,/,3,3,3,1,0
google_kw / eh1,type,遠房實價登錄,/,3,3,3,1,0
web-chinatimes / bh10,web-chinatimes1212,遠房實價登錄,/,3,3,4,1.3333333333333333,0
yahoo / organic,(organic),遠雄房地產：最懂生活的購屋專家,/,3,3,4,1.3333333333333333,14
l.facebook.com / referral,(referral),遠雄房地產：最懂生活的購屋專家,/,3,3,3,1,1.6666666666666667
page.line.me / referral,(referral),遠雄房地產：最懂生活的購屋專家,/,3,3,3,1,11.666666666666666
promo.farglory.com.tw / referral,(referral),遠雄房地產：最懂生活的購屋專家,/,3,3,3,1,8
fb / O1,20240920,遠雄房地產：最懂生活的購屋專家,/,3,3,3,1,24.333333333333332
yahoo_native / 5vo1,202510_4,遠雄房地產：最懂生活的購屋專家,/,3,3,6,2,13.333333333333334
line-lap / 5vo1,20251123_1102,遠雄房地產：最懂生活的購屋專家,/,3,3,69,23,311
line-lap / eh2,20251208,遠雄房地產：最懂生活的購屋專家,/,3,3,4,1.3333333333333333,26.666666666666668
line-lap / ao1,3-1,遠雄房地產：最懂生活的購屋專家,/,3,3,3,1,1
fb / bh7,9,遠雄房地產：最懂生活的購屋專家,/,3,3,3,1,7.333333333333333
google / cpc,CQH1-買房字,遠雄房地產：最懂生活的購屋專家,/,3,3,4,1.3333333333333333,37.666666666666664
fgr-line / fgr,expert_hoshichang_south-potential,遠雄房地產：最懂生活的購屋專家,/,3,3,4,1.3333333333333333,8.333333333333334
fb / h109,fanpage0915,遠雄房地產：最懂生活的購屋專家,/,3,3,3,1,0.3333333333333333
google_kw / H109,google_kw,遠雄房地產：最懂生活的購屋專家,/,3,3,3,1,0
google_kw / h109,google_kw,遠雄房地產：最懂生活的購屋專家,/,3,3,3,1,0
google_kw / h109,kw-happygo,遠雄房地產：最懂生活的購屋專家,/,3,3,3,1,0
line-lap / h109,line-lap5-1,遠雄房地產：最懂生活的購屋專家,/,3,3,3,1,1.6666666666666667
fb / ao1,louisa45s,遠雄房地產：最懂生活的購屋專家,/,3,3,5,1.6666666666666667,0
google / gkeyword,(organic),找不到頁面 - 遠雄房地產,/Build/Detail/H148/,3,3,3,1,0
google_kw / vg_h701,area,找不到頁面 - 遠雄房地產,/Build/Detail/H701,3,3,3,1,0
google_kw / cpc,project,找不到頁面 - 遠雄房地產,/City/新竹縣,3,3,3,1,0
google / organic,(organic),品牌實績 彙整 - 遠雄房地產,/about-category/brand_performance/,3,3,4,1.3333333333333333,4.333333333333333
104.com.tw / referral,(referral),品牌實力-遠雄房地產,/about/brand_performance_backup/,3,3,3,1,51.666666666666664
google / organic,(organic),活動一覽 彙整 - 遠雄房地產,/activity-report-category/activities_glance/activities_glance_list/,3,3,5,1.6666666666666667,18.333333333333332
(direct) / (none),(direct),遠雄建設「工地再生計畫」跨界合作文創典範 獲文策院「產業策進獎」 - 遠雄房地產,/activity-report/fg-esg-award/,3,3,3,1,30.333333333333332
google / organic,(organic),青埔最美接待會所，「龍騰四海 世界遨遊」新春賞屋不打烊  - 遠雄房地產,/activity-report/hh3_cny_20240202/,3,3,3,1,13.666666666666666
google / organic,(organic),遠雄房地產 官方LINE | 7月大巨蛋專屬貴賓席 - 遠雄房地產,/activity-report/遠雄房地產-官方line-7月大巨蛋專屬貴賓席/,3,3,3,1,5
(direct) / (none),(direct),遠雄敦富-李心心-遠雄房地產 Farglory-Realty,/bh10/G0599,3,3,5,1.6666666666666667,0
google_kw / H113,competition,找不到頁面 - 遠雄房地產,/build/detail/h113,3,3,3,1,0
google / vg,h603,找不到頁面 - 遠雄房地產,/build/detail/h603,3,3,3,1,0
google / cpc,O1_競品字_2025.0801,遠雄房地產精選成屋(台北、新北、台中、桃園、台南、高雄) - 遠雄房地產,/building-category-tag/featured_existing_house/,3,3,4,1.3333333333333333,9.666666666666666
google / cpc,gdn11-4,精選廠辦 相關預售屋/新成屋/新建案資料|遠雄房地產,/building-category-tag/featured_factory_office/,3,3,3,1,16.333333333333332
fb / paid,120229456515280138,遠雄房地產精選預售屋(台北、新北、台中、桃園、台南、高雄) - 遠雄房地產,/building-category-tag/featured_pre_sale/,3,3,4,1.3333333333333333,13.333333333333334
fb / paid,120233718740630316,遠雄房地產精選預售屋(台北、新北、台中、桃園、台南、高雄) - 遠雄房地產,/building-category-tag/featured_pre_sale/,3,3,3,1,25.666666666666668
google / cpc,Pmax,遠雄房地產精選預售屋(台北、新北、台中、桃園、台南、高雄) - 遠雄房地產,/building-category-tag/featured_pre_sale/,3,3,4,1.3333333333333333,26.333333333333332
web-ettoday / eh2,ettoday_202512,遠雄房地產精選預售屋(台北、新北、台中、桃園、台南、高雄) - 遠雄房地產,/building-category-tag/featured_pre_sale/,3,3,3,1,5.333333333333333
fb / bh10,fb10-8,遠雄房地產精選預售屋(台北、新北、台中、桃園、台南、高雄) - 遠雄房地產,/building-category-tag/featured_pre_sale/,3,3,9,3,33
line-lap / cqh1,lap-3,遠雄房地產精選預售屋(台北、新北、台中、桃園、台南、高雄) - 遠雄房地產,/building-category-tag/featured_pre_sale/,3,3,3,1,3.3333333333333335
line-fgr / bh7,linefgrbh7,遠雄房地產精選預售屋(台北、新北、台中、桃園、台南、高雄) - 遠雄房地產,/building-category-tag/featured_pre_sale/,3,3,3,1,10.666666666666666
google / organic,(organic),遠雄房地產精選預售屋(台北、新北、台中、桃園、台南、高雄) - 遠雄房地產,/building-category-tag/featured_pre_sale/page/2/,3,3,4,1.3333333333333333,17
google / organic,(organic),親子宅相關預售屋/新成屋/新建案資料|遠雄房地產,/building-tag/build-tag-child/,3,3,3,1,6
(direct) / (none),(direct),公園宅相關預售屋/新成屋/新建案資料|遠雄房地產,/building-tag/build-tag-park/,3,3,3,1,13.333333333333334
google / organic,(organic),公園宅相關預售屋/新成屋/新建案資料|遠雄房地產,/building-tag/build-tag-park/,3,3,7,2.3333333333333335,30
(direct) / (none),(direct),防疫宅相關預售屋/新成屋/新建案資料|遠雄房地產,/building-tag/build-tag-virus/,3,3,3,1,14
(direct) / (none),(direct),景觀宅 彙整 - 遠雄房地產,/building-tag/景觀宅/,3,3,3,1,6.333333333333333
google_kw / dh2,(organic),景觀宅 彙整 - 遠雄房地產,/building-tag/景觀宅/,3,3,3,1,30.666666666666668
(direct) / (none),(direct),豪宅 彙整 - 遠雄房地產,/building-tag/豪宅/,3,3,3,1,12.333333333333334
(direct) / (none),(direct),飯店宅 彙整 - 遠雄房地產,/building-tag/飯店宅/,3,3,3,1,8.666666666666666
ig / paid,120236277101920617,聯上智科｜北士科AI總部 輝達核心軸線 -台北市北投區商辦/預售新建案-預約賞屋，遠創力行銷,/buildings/5vo1/,3,3,3,1,1.6666666666666667
fb / paid,120238802838140316,聯上智科｜北士科AI總部 輝達核心軸線 -台北市北投區商辦/預售新建案-預約賞屋，遠創力行銷,/buildings/5vo1/,3,3,4,1.3333333333333333,82
m.facebook.com / referral,(referral),找不到頁面 - 遠雄房地產,/buildings/8fxz11/,3,3,3,1,0
fb / 8fxz11,20250520_5-2,找不到頁面 - 遠雄房地產,/buildings/8fxz11/,3,3,3,1,0
fb / 8fxz11,leads,找不到頁面 - 遠雄房地產,/buildings/8fxz11/,3,3,3,1,0
(not set),20251209一輪播,遠創力行銷-未來店 | 全房產 專業仲介服務,/buildings/8hgs01/,3,3,2,0.6666666666666666,50
google / cpc,area,遠創力行銷-未來店 | 全房產 專業仲介服務,/buildings/8hgs01/,3,3,3,1,4.666666666666667
google / cpc,brand,台中西屯建案【遠雄洄山行】．2-4房方正格局,/buildings/BH8/,3,3,3,1,6.666666666666667
google / cpc,landmark0829,台中西屯建案【遠雄洄山行】．2-4房方正格局,/buildings/BH8/,3,3,4,1.3333333333333333,34
google / organic,(organic),水湳建案【遠雄綠美】鄰近綠美圖．中央公園預售屋,/buildings/BH9/,3,3,4,1.3333333333333333,1.3333333333333333
google / cpc,(organic),北士科建案【遠雄泱玥】水岸首排．57-75坪,/buildings/ah2/,3,3,3,1,11
facebook.com / referral,(referral),北士科建案【遠雄泱玥】水岸首排．57-75坪,/buildings/ah2/,3,3,3,1,6.666666666666667
l.facebook.com / referral,(referral),北士科建案【遠雄泱玥】水岸首排．57-75坪,/buildings/ah2/,3,3,3,1,34.666666666666664
lm.facebook.com / referral,(referral),北士科建案【遠雄泱玥】水岸首排．57-75坪,/buildings/ah2/,3,3,3,1,40
m.facebook.com / referral,(referral),北士科建案【遠雄泱玥】水岸首排．57-75坪,/buildings/ah2/,3,3,3,1,0
youtube / ah2,yt-2,北士科建案【遠雄泱玥】水岸首排．57-75坪,/buildings/ah2/,3,3,3,1,0
google_kw / 5vo1,202511,齊興_緻-台北市北投區/北士科住宅預售屋,/buildings/ar1/,3,3,4,1.3333333333333333,28.333333333333332
google_kw / AR1,extension,齊興_緻-台北市北投區/北士科住宅預售屋,/buildings/ar1/,3,3,3,1,0
fb / ar1,fb1-4,齊興_緻-台北市北投區/北士科住宅預售屋,/buildings/ar1/,3,3,3,1,18.666666666666668
fb / ar1,fb2-2,齊興_緻-台北市北投區/北士科住宅預售屋,/buildings/ar1/,3,3,3,1,5.333333333333333
fb / ar1,fb3-2,齊興_緻-台北市北投區/北士科住宅預售屋,/buildings/ar1/,3,3,3,1,4
fb / ar1,fb4-2,齊興_緻-台北市北投區/北士科住宅預售屋,/buildings/ar1/,3,3,3,1,2.3333333333333335
fb / ar1,fb4-3,齊興_緻-台北市北投區/北士科住宅預售屋,/buildings/ar1/,3,3,3,1,2.3333333333333335
googlemap / o1,googlemap,Farglory Realty: The Home Buying Experts Who Understand Life Best,/,3,3,0,0,40
yahoo_native / bh5,(referral),北屯敦富路【遠雄敦富】- 北屯機捷預售屋．近好市多,/buildings/bh10/,3,3,4,1.3333333333333333,70.33333333333333
google_kw / bh10,14th-zone,北屯敦富路【遠雄敦富】- 北屯機捷預售屋．近好市多,/buildings/bh10/,3,3,3,1,0
gdn / bh1,20211201,北屯敦富路【遠雄敦富】- 北屯機捷預售屋．近好市多,/buildings/bh10/,3,3,3,1,0
line-lap / bh1,20211201,北屯敦富路【遠雄敦富】- 北屯機捷預售屋．近好市多,/buildings/bh10/,3,3,3,1,5
fb / bh10,FB20251-5,北屯敦富路【遠雄敦富】- 北屯機捷預售屋．近好市多,/buildings/bh10/,3,3,3,1,7.666666666666667
fb / bh8,fanpage,北屯敦富路【遠雄敦富】- 北屯機捷預售屋．近好市多,/buildings/bh10/,3,3,4,1.3333333333333333,58
fb / bh10,fb11-8,北屯敦富路【遠雄敦富】- 北屯機捷預售屋．近好市多,/buildings/bh10/,3,3,3,1,1.3333333333333333
fb / bh10,fb202510-4,北屯敦富路【遠雄敦富】- 北屯機捷預售屋．近好市多,/buildings/bh10/,3,3,3,1,6
fb / bh8,fb23-1,北屯敦富路【遠雄敦富】- 北屯機捷預售屋．近好市多,/buildings/bh10/,3,3,3,1,12.666666666666666
fb / bh10,fb6-1,北屯敦富路【遠雄敦富】- 北屯機捷預售屋．近好市多,/buildings/bh10/,3,3,3,1,0.3333333333333333
line-lap / bh10,line-lap20252-4,北屯敦富路【遠雄敦富】- 北屯機捷預售屋．近好市多,/buildings/bh10/,3,3,3,1,1
line / bh10,line1219,北屯敦富路【遠雄敦富】- 北屯機捷預售屋．近好市多,/buildings/bh10/,3,3,3,1,6
google / cpc,othercities_brand,北屯敦富路【遠雄敦富】- 北屯機捷預售屋．近好市多,/buildings/bh10/,3,3,4,1.3333333333333333,50.666666666666664
web / bh10,web-event1220,北屯敦富路【遠雄敦富】- 北屯機捷預售屋．近好市多,/buildings/bh10/,3,3,3,1,0.3333333333333333
(data not available),(cross-network),"Farglory Phase 14 Launch: Farglory Fengshang, a new project in Beitun, near Hanshin Intercontinental Department Store.",/buildings/bh11/,3,3,0,0,33
avivid / bh11,20251212,Farglory Phase 14 の立ち上げ: 阪神インターコンチネンタル百貨店近くの北屯にある新プロジェクト、Farglory Fengshang。,/buildings/bh11/,3,3,0,0,13
google / cpc,20251204,"Paglulunsad ng Farglory Phase 14: Farglory Fengshang, isang bagong proyekto sa Beitun, malapit sa Hanshin Intercontinental Department Store.",/buildings/bh11/,3,3,0,0,6
fb / bh11,10-1,遠雄14期首發【遠雄丰尚】北屯新案．近漢神洲際百貨,/buildings/bh11/,3,3,7,2.3333333333333335,49.666666666666664
aDqCFY / IL55,73095131,遠雄14期首發【遠雄丰尚】北屯新案．近漢神洲際百貨,/buildings/bh11/,3,3,3,1,0
google / cpc,information3,遠雄14期首發【遠雄丰尚】北屯新案．近漢神洲際百貨,/buildings/bh11/,3,3,4,1.3333333333333333,7.333333333333333
line-lap / bh7,lap-3,遠雄14期首發【遠雄丰尚】北屯新案．近漢神洲際百貨,/buildings/bh11/,3,3,5,1.6666666666666667,19
google / cpc,taichung,遠雄14期首發【遠雄丰尚】北屯新案．近漢神洲際百貨,/buildings/bh11/,3,3,4,1.3333333333333333,76
google_kw / bh5,(organic),遠雄琉蘊 -台中市西屯區七期預售屋/新建案-預約賞屋，遠雄房地產,/buildings/bh5/,3,3,3,1,23
google_kw / BH8,20240816_品牌字,遠雄琉蘊 -台中市西屯區七期預售屋/新建案-預約賞屋，遠雄房地產,/buildings/bh5/,3,3,4,1.3333333333333333,33.333333333333336
google_kw / BH8,20240816_透天/豪宅/別墅,遠雄琉蘊 -台中市西屯區七期預售屋/新建案-預約賞屋，遠雄房地產,/buildings/bh5/,3,3,3,1,9.666666666666666
google / cpc,202511,遠雄琉蘊 -台中市西屯區七期預售屋/新建案-預約賞屋，遠雄房地產,/buildings/bh5/,3,3,3,1,22.666666666666668
fb / bh5,40,遠雄琉蘊 -台中市西屯區七期預售屋/新建案-預約賞屋，遠雄房地產,/buildings/bh5/,3,3,3,1,15
google / cpc,遠雄幸福成_H713_關鍵字_0516_中彰,遠雄琉蘊 -台中市西屯區七期預售屋/新建案-預約賞屋，遠雄房地產,/buildings/bh5/,3,3,4,1.3333333333333333,63.333333333333336
google_kw / bh6,20230710,遠雄藝舍-台中西屯區麥當勞旁金店面-預約賞屋，遠雄房地產,/buildings/bh6/,3,3,3,1,0
fb / bh6,fbfanpage1205,遠雄藝舍-台中西屯區麥當勞旁金店面-預約賞屋，遠雄房地產,/buildings/bh6/,3,3,3,1,4.666666666666667
facebook.com / referral,(referral),【遠雄樂元】北屯機捷X好市多，雙首排大道最核心，夠近才最好,/buildings/bh7/,3,3,3,1,9.666666666666666
fb / bh11,11-3,【遠雄樂元】北屯機捷X好市多，雙首排大道最核心，夠近才最好,/buildings/bh7/,3,3,4,1.3333333333333333,61
avivid / bh11,20251212,【遠雄樂元】北屯機捷X好市多，雙首排大道最核心，夠近才最好,/buildings/bh7/,3,3,3,1,18.333333333333332
gdn / bh7,core,【遠雄樂元】北屯機捷X好市多，雙首排大道最核心，夠近才最好,/buildings/bh7/,3,3,3,1,0
google / cpc,corearea0829,【遠雄樂元】北屯機捷X好市多，雙首排大道最核心，夠近才最好,/buildings/bh7/,3,3,4,1.3333333333333333,34.666666666666664
google_kw / BH8,20240816_品牌字,台中西屯建案【遠雄洄山行】．2-4房方正格局,/buildings/bh8/,3,3,3,1,20.666666666666668
google_kw / BH8,20240816_台中高價建案,水湳建案【遠雄綠美】鄰近綠美圖．中央公園預售屋,/buildings/bh9/,3,3,3,1,11
fb / bh9,36,水湳建案【遠雄綠美】鄰近綠美圖．中央公園預售屋,/buildings/bh9/,3,3,3,1,6
fb / bh9,39,水湳建案【遠雄綠美】鄰近綠美圖．中央公園預售屋,/buildings/bh9/,3,3,3,1,102.66666666666667
google / cpc,othercities_brand,水湳建案【遠雄綠美】鄰近綠美圖．中央公園預售屋,/buildings/bh9/,3,3,3,1,17.666666666666668
google / cpc,遠雄幸福成_H713_關鍵字_0516_外縣市,水湳建案【遠雄綠美】鄰近綠美圖．中央公園預售屋,/buildings/bh9/,3,3,3,1,11.666666666666666
google / cpc,(not set),水湳建案【遠雄綠美】鄰近綠美圖．中央公園預售屋,/buildings/bh9//,3,3,3,1,0
line-lap / cgh1,line-lap3-4,找不到頁面 - 遠雄房地產,/buildings/cgh01/,3,3,3,1,0.6666666666666666
line-lap / cqh1,lap-2,村泉莳美｜门户端点从容跨界｜台北生活最美起点,/buildings/cqh1/,3,3,0,0,42
statics.teams.cdn.office.net / referral,(referral),村泉蒔美｜門戶端點 從容跨界｜台北生活最美起點,/buildings/cqh1/,3,3,5,1.6666666666666667,149.66666666666666
line-lap / eh2,20251208,村泉蒔美｜門戶端點 從容跨界｜台北生活最美起點,/buildings/cqh1/,3,3,3,1,5.666666666666667
fb / cqh1,fb-22,村泉蒔美｜門戶端點 從容跨界｜台北生活最美起點,/buildings/cqh1/,3,3,3,1,0.6666666666666666
google / cpc,20250616_北投士林豪宅/別墅,大河商爵-台北市士林區廠辦/預售新建案-預約賞屋，遠創力行銷,/buildings/dgm1/,3,3,3,1,14.666666666666666
google / cpc,area,大河商爵-台北市士林區廠辦/預售新建案-預約賞屋，遠創力行銷,/buildings/dgm1/,3,3,3,1,33.333333333333336
google_kw / dgm1,brand,大河商爵-台北市士林區廠辦/預售新建案-預約賞屋，遠創力行銷,/buildings/dgm1/,3,3,3,1,0.3333333333333333
google_kw / dgm1,bstp,大河商爵-台北市士林區廠辦/預售新建案-預約賞屋，遠創力行銷,/buildings/dgm1/,3,3,3,1,0
gdn / dgm1,gdn11-3,大河商爵-台北市士林區廠辦/預售新建案-預約賞屋，遠創力行銷,/buildings/dgm1/,3,3,3,1,0
gdn / dgm1,gdn11-5,大河商爵-台北市士林區廠辦/預售新建案-預約賞屋，遠創力行銷,/buildings/dgm1/,3,3,3,1,0
line-lap / eh2,20251208,台南永康新建案【遠雄山禾】-鹽行特區．3-4房,/buildings/dh2/,3,3,3,1,7.333333333333333
line-lap / eh2,20251209,台南永康新建案【遠雄山禾】-鹽行特區．3-4房,/buildings/dh2/,3,3,3,1,191.66666666666666
line-lap / dh2,5,台南永康新建案【遠雄山禾】-鹽行特區．3-4房,/buildings/dh2/,3,3,3,1,2.6666666666666665
google / cpc,O1_特色字_2025.0801,台南永康新建案【遠雄山禾】-鹽行特區．3-4房,/buildings/dh2/,3,3,3,1,2.6666666666666665
fb / dh2,fb-36,台南永康新建案【遠雄山禾】-鹽行特區．3-4房,/buildings/dh2/,3,3,3,1,4.333333333333333
fb / dh2,fb-46,台南永康新建案【遠雄山禾】-鹽行特區．3-4房,/buildings/dh2/,3,3,3,1,3.6666666666666665
(not set),20251209一輪播,安南重劃首選【遠雄藏萃】全新落成，珍稀戶別釋出！,/buildings/dh5/,3,3,1,0.3333333333333333,2.6666666666666665
google / cpc,type,Recommended Kaohsiung development: Farglory Peak Residence - Pre-sale units in Sanmin District. Near National Science and Technology Museum.,/buildings/eh1/,3,3,0,0,18.666666666666668
bing / organic,(organic),高雄建案推薦【遠雄峰蘊】- 三民區預售屋．近科工館,/buildings/eh1/,3,3,3,1,279.3333333333333
google / cpc,O1_地區字_2025.0801,高雄建案推薦【遠雄峰蘊】- 三民區預售屋．近科工館,/buildings/eh1/,3,3,3,1,10.666666666666666
google_kw / eh1,com,高雄建案推薦【遠雄峰蘊】- 三民區預售屋．近科工館,/buildings/eh1/,3,3,3,1,0
line / eh1,line1224,高雄建案推薦【遠雄峰蘊】- 三民區預售屋．近科工館,/buildings/eh1/,3,3,3,1,7.333333333333333
google_kw / eh1,type,高雄建案推薦【遠雄峰蘊】- 三民區預售屋．近科工館,/buildings/eh1/,3,3,3,1,0
google / cpc,(not set),高雄建案推薦【遠雄峰蘊】- 三民區預售屋．近科工館,/buildings/eh1//,3,3,3,1,0
statics.teams.cdn.office.net / referral,(referral),遠雄一靚｜楠梓新案．高大特區首發｜早鳥預約中,/buildings/eh2/,3,3,4,1.3333333333333333,35.666666666666664
google / cpc,202511,遠雄一靚｜楠梓新案．高大特區首發｜早鳥預約中,/buildings/eh2/,3,3,3,1,47.333333333333336
avivid / bh11,20251212,遠雄一靚｜楠梓新案．高大特區首發｜早鳥預約中,/buildings/eh2/,3,3,3,1,17.666666666666668
google / cpc,O1_地區字_2025.0801,遠雄一靚｜楠梓新案．高大特區首發｜早鳥預約中,/buildings/eh2/,3,3,3,1,11
fgr-line / fgr,expert_zhu_ownership-criteria,遠雄一靚｜楠梓新案．高大特區首發｜早鳥預約中,/buildings/eh2/,3,3,3,1,25.333333333333332
socialmedia / fgr,fbeh2info,遠雄一靚｜楠梓新案．高大特區首發｜早鳥預約中,/buildings/eh2/,3,3,3,1,0
webnews / eh2,linetoday_202512,遠雄一靚｜楠梓新案．高大特區首發｜早鳥預約中,/buildings/eh2/,3,3,3,1,12.333333333333334
google_kw / eh3,230912,找不到頁面 - 遠雄房地產,/buildings/eh3/,3,3,3,1,0
fb / eh5,27-2,遠雄沐蘊-高雄市三民區預售屋/新建案-預約賞屋,/buildings/eh5/,3,3,3,1,3.3333333333333335
fb / eh5,fb30-3,遠雄沐蘊-高雄市三民區預售屋/新建案-預約賞屋,/buildings/eh5/,3,3,3,1,0
google_kw / eh5,type,遠雄沐蘊-高雄市三民區預售屋/新建案-預約賞屋,/buildings/eh5/,3,3,3,1,0
(data not available),(cross-network),遠雄合雅｜板橋之心・合院之上｜2~3房．24~66坪,/buildings/fh2/,3,3,5,1.6666666666666667,31
google / cpc,(organic),遠雄合雅｜板橋之心・合院之上｜2~3房．24~66坪,/buildings/fh2/,3,3,3,1,9.666666666666666
google_kw / dh2,(organic),遠雄合雅｜板橋之心・合院之上｜2~3房．24~66坪,/buildings/fh2/,3,3,4,1.3333333333333333,22.333333333333332
google / cpc,Pmax,遠雄合雅｜板橋之心・合院之上｜2~3房．24~66坪,/buildings/fh2/,3,3,3,1,31.333333333333332
google_kw / fh2,brand,遠雄合雅｜板橋之心・合院之上｜2~3房．24~66坪,/buildings/fh2/,3,3,3,1,0
fgr-line / fm3,20221519,遠雄信義CENTER-新北市板橋區廠辦.商辦/預售新建案-預約賞屋,/buildings/fm3/,3,3,3,1,10
yahoo_native / 5vo1,202510_2,遠雄信義CENTER-新北市板橋區廠辦.商辦/預售新建案-預約賞屋,/buildings/fm3/,3,3,9,3,20.666666666666668
line-lap / line-lap,h101b,找不到頁面 - 遠雄房地產,/buildings/h101b,3,3,3,1,1.6666666666666667
line-lap / h101b,1025,找不到頁面 - 遠雄房地產,/buildings/h101b/,3,3,3,1,1.3333333333333333
googlemap / h101b,googlemap,找不到頁面 - 遠雄房地產,/buildings/h101b/,3,3,3,1,17.666666666666668
google_kw / h152,大學,找不到頁面 - 遠雄房地產,/buildings/h152,3,3,3,1,0
fb / h707,12,遠雄星呈-台中市清水區預售屋/新建案-預約賞屋，遠雄房地產,/buildings/h707/,3,3,3,1,0
google / cpc,202511,遠雄星呈-台中市清水區預售屋/新建案-預約賞屋，遠雄房地產,/buildings/h707/,3,3,3,1,38.333333333333336
fb / h707,23,遠雄星呈-台中市清水區預售屋/新建案-預約賞屋，遠雄房地產,/buildings/h707/,3,3,3,1,0
google / cpc,othercities_brand,遠雄星呈-台中市清水區預售屋/新建案-預約賞屋，遠雄房地產,/buildings/h707/,3,3,3,1,34.333333333333336
google / cpc,(not set),遠雄星呈-台中市清水區預售屋/新建案-預約賞屋，遠雄房地產,/buildings/h707//,3,3,3,1,0
LINE-2 / (not set),(not set),遠雄幸福成｜即將落成 - 台中市清水區預售/新建案-預約賞屋，遠雄房地產,/buildings/h713/,3,3,3,1,3.3333333333333335
google / cpc,(not set),遠雄幸福成｜即將落成 - 台中市清水區預售/新建案-預約賞屋，遠雄房地產,/buildings/h713/,3,3,3,1,0
m.facebook.com / referral,(referral),遠雄幸福成｜即將落成 - 台中市清水區預售/新建案-預約賞屋，遠雄房地產,/buildings/h713/,3,3,3,1,2.3333333333333335
line-lap / H713,20210907,遠雄幸福成｜即將落成 - 台中市清水區預售/新建案-預約賞屋，遠雄房地產,/buildings/h713/,3,3,3,1,4.666666666666667
line-lap / H713,20211108,遠雄幸福成｜即將落成 - 台中市清水區預售/新建案-預約賞屋，遠雄房地產,/buildings/h713/,3,3,3,1,4.333333333333333
(not set),20251023一輪播,遠雄幸福成｜即將落成 - 台中市清水區預售/新建案-預約賞屋，遠雄房地產,/buildings/h713/,3,3,4,1.3333333333333333,39
google / cpc,landmark0829,遠雄幸福成｜即將落成 - 台中市清水區預售/新建案-預約賞屋，遠雄房地產,/buildings/h713/,3,3,3,1,37.333333333333336
line-lap / h88,(referral),找不到頁面 - 遠雄房地產,/buildings/h88/,3,3,3,1,2.3333333333333335
google / cpc,20250616_北投士林豪宅/別墅,遠雄琢蘊-高雄市三民區預售屋/新建案-預約賞屋，遠雄房地產,/buildings/h902/,3,3,3,1,2.6666666666666665
avivid / bh11,20251212,遠雄琢蘊-高雄市三民區預售屋/新建案-預約賞屋，遠雄房地產,/buildings/h902/,3,3,3,1,16
google_kw / h902,221101,遠雄琢蘊-高雄市三民區預售屋/新建案-預約賞屋，遠雄房地產,/buildings/h902/,3,3,3,1,0
fb / bh7,9,遠雄琢蘊-高雄市三民區預售屋/新建案-預約賞屋，遠雄房地產,/buildings/h902/,3,3,3,1,4
googlemap / h95,googlemap,找不到頁面 - 遠雄房地產,/buildings/h95/,3,3,3,1,1
gdn / hh3,gdn-5,找不到頁面 - 遠雄房地產,/buildings/hh3/,3,3,3,1,0
line-lap / hh3,lap-6,找不到頁面 - 遠雄房地產,/buildings/hh3/,3,3,3,1,0.6666666666666666
line-lap / 5vo1,20251123_1102,遠雄MetaLink科技園區 | 機捷A7．A8站▕ VIP企業席次開放預約中,/buildings/hm2/,3,3,9,3,15.666666666666666
google / cpc,20251204,遠雄MetaLink科技園區 | 機捷A7．A8站▕ VIP企業席次開放預約中,/buildings/hm2/,3,3,5,1.6666666666666667,142.66666666666666
ig / social,ig,遠雄MetaLink科技園區 | 機捷A7．A8站▕ VIP企業席次開放預約中,/buildings/hm2/,3,3,3,1,45.333333333333336
fb / o1,fb27-2,遠雄THE ONE-高雄市前鎮區新成屋/新建案-預約賞屋,/buildings/o1/,3,3,3,1,2.3333333333333335
google_kw / o1,kaohsiung,遠雄THE ONE-高雄市前鎮區新成屋/新建案-預約賞屋,/buildings/o1/,3,3,3,1,0
google_kw / o1,luxury-apartment,遠雄THE ONE-高雄市前鎮區新成屋/新建案-預約賞屋,/buildings/o1/,3,3,3,1,0
google / cpc,type,遠雄THE ONE-高雄市前鎮區新成屋/新建案-預約賞屋,/buildings/o1/,3,3,3,1,22.666666666666668
google / cpc,(not set),遠雄THE ONE-高雄市前鎮區新成屋/新建案-預約賞屋,/buildings/o1//,3,3,3,1,0
web / qyh2,webgooglemap,找不到頁面 - 遠雄房地產,/buildings/qyh2,3,3,3,1,7.666666666666667
line-lap / eh2,20251209,熱銷建案：預售屋、新建案、新成屋 -遠雄房地產,/case/,3,3,3,1,9.333333333333334
google / cpc,O1_品牌字_2025.0801,熱銷建案：預售屋、新建案、新成屋 -遠雄房地產,/case/,3,3,4,1.3333333333333333,8
(not set),(not set),熱銷建案一覽：遠雄全台預售屋、新建案、新成屋資訊,/case/search/,3,3,2,0.6666666666666666,8.333333333333334
google_kw / dh2,(organic),熱銷建案一覽：遠雄全台預售屋、新建案、新成屋資訊,/case/search/,3,3,6,2,22
yahoo / organic,(organic),熱銷建案一覽：遠雄全台預售屋、新建案、新成屋資訊,/case/search/,3,3,7,2.3333333333333335,59.333333333333336
fb / O1,120227538157820464,熱銷建案一覽：遠雄全台預售屋、新建案、新成屋資訊,/case/search/,3,3,6,2,35.666666666666664
google / cpc,20250616_北投士林豪宅/別墅,熱銷建案一覽：遠雄全台預售屋、新建案、新成屋資訊,/case/search/,3,3,3,1,19.333333333333332
fb / 5vo1,20251201,熱銷建案一覽：遠雄全台預售屋、新建案、新成屋資訊,/case/search/,3,3,6,2,13.333333333333334
google_gdn / 5vo1,20251201,熱銷建案一覽：遠雄全台預售屋、新建案、新成屋資訊,/case/search/,3,3,3,1,3
line / bh11,20251204,熱銷建案一覽：遠雄全台預售屋、新建案、新成屋資訊,/case/search/,3,3,5,1.6666666666666667,19.666666666666668
google / cpc,CQH1-品牌字,熱銷建案一覽：遠雄全台預售屋、新建案、新成屋資訊,/case/search/,3,3,4,1.3333333333333333,8
google / cpc,core,熱銷建案一覽：遠雄全台預售屋、新建案、新成屋資訊,/case/search/,3,3,7,2.3333333333333335,26.333333333333332
google / cpc,landmark0829,熱銷建案一覽：遠雄全台預售屋、新建案、新成屋資訊,/case/search/,3,3,7,2.3333333333333335,29
fb / bh8,leads,熱銷建案一覽：遠雄全台預售屋、新建案、新成屋資訊,/case/search/,3,3,8,2.6666666666666665,23.666666666666668
line-fgr / bh7,linefgrbh7,熱銷建案一覽：遠雄全台預售屋、新建案、新成屋資訊,/case/search/,3,3,6,2,27
google / cpc,othercities_brand,熱銷建案一覽：遠雄全台預售屋、新建案、新成屋資訊,/case/search/,3,3,7,2.3333333333333335,65.33333333333333
google / cpc,sitelink,熱銷建案一覽：遠雄全台預售屋、新建案、新成屋資訊,/case/search/,3,3,14,4.666666666666667,106.66666666666667
google / cpc,taipei,熱銷建案一覽：遠雄全台預售屋、新建案、新成屋資訊,/case/search/,3,3,3,1,4
avivid / bh11,20251212,熱銷建案一覽：遠雄全台預售屋、新建案、新成屋資訊,/case/search/building-category-tag/134/,3,3,3,1,11.666666666666666
ig / social,ig,熱銷建案一覽：遠雄全台預售屋、新建案、新成屋資訊,/case/search/building-category-tag/134/,3,3,5,1.6666666666666667,22.333333333333332
google / cpc,遠雄幸福成_H713_關鍵字_0516_外縣市,熱銷建案一覽：遠雄全台預售屋、新建案、新成屋資訊,/case/search/page/4/,3,3,4,1.3333333333333333,12
bing / organic,(organic),熱銷建案一覽：遠雄全台預售屋、新建案、新成屋資訊,/case/search/page/5/,3,3,4,1.3333333333333333,5.333333333333333
google / cpc,corearea0829,熱銷建案一覽：遠雄全台預售屋、新建案、新成屋資訊,/case/search/sales_status/coming-soon/,3,3,3,1,11
google / cpc,type,熱銷建案一覽：遠雄全台預售屋、新建案、新成屋資訊,/case/search/sales_status/coming-soon/,3,3,7,2.3333333333333335,18.333333333333332
google_kw / dh2,(organic),熱銷建案一覽：遠雄全台預售屋、新建案、新成屋資訊,/case/search/sales_status/hot-sale/,3,3,3,1,45
fb / eh1,11-1,熱銷建案一覽：遠雄全台預售屋、新建案、新成屋資訊,/case/search/sales_status/hot-sale/,3,3,4,1.3333333333333333,9.333333333333334
google_kw / BH8,20240816_台中高價建案,熱銷建案一覽：遠雄全台預售屋、新建案、新成屋資訊,/case/search/sales_status/hot-sale/,3,3,4,1.3333333333333333,9
google / cpc,Pmax,熱銷建案一覽：遠雄全台預售屋、新建案、新成屋資訊,/case/search/sales_status/hot-sale/,3,3,3,1,8.666666666666666
google / cpc,brand,熱銷建案一覽：遠雄全台預售屋、新建案、新成屋資訊,/case/search/sales_status/hot-sale/,3,3,4,1.3333333333333333,63
fb / dh2,fb-49,熱銷建案一覽：遠雄全台預售屋、新建案、新成屋資訊,/case/search/sales_status/hot-sale/,3,3,4,1.3333333333333333,22.666666666666668
fb / bh8,fb23-1,熱銷建案一覽：遠雄全台預售屋、新建案、新成屋資訊,/case/search/sales_status/hot-sale/,3,3,4,1.3333333333333333,42.666666666666664
line-lap / cqh1,lap-2,熱銷建案一覽：遠雄全台預售屋、新建案、新成屋資訊,/case/search/sales_status/hot-sale/,3,3,5,1.6666666666666667,11.666666666666666
google / cpc,202511,熱銷建案一覽：遠雄全台預售屋、新建案、新成屋資訊,/case/search/sales_status/hot-sale/page/3/,3,3,3,1,28.666666666666668
(direct) / (none),(direct),聯絡與服務 - 遠雄房地產,/contact_service/,3,3,3,1,16.666666666666668
104.com.tw / referral,(referral),聯絡我們 - 遠雄房地產,/contact_service/contact_us/,3,3,3,1,7.666666666666667
(direct) / (none),(direct),遠雄菁英分享 - 遠雄房地產,/contact_service/elite_sharing/,3,3,4,1.3333333333333333,6
(direct) / (none),(direct),找不到頁面 - DEMO遠雄房地產,/gc_farbear/404/,3,3,5,1.6666666666666667,4.666666666666667
google / organic,(organic),Happy虎year! 新春買屋獎不停 - 遠雄房地產,/landing-page/farglory_realty_cn_2022/,3,3,3,1,5
google / organic,(organic),預約賞屋 - 遠雄房地產,/landing-page/預約賞屋/,3,3,5,1.6666666666666667,20.333333333333332
google / organic,(organic),財經M平方 彙整 - 遠雄房地產,/life-proposal-category/expert_point/macro_micro/,3,3,6,2,19
yahoo / organic,(organic),台經院產經資料庫總監、APIAA院士  劉佩真 彙整 - 遠雄房地產,/life-proposal-category/expert_point/pei_zhen/,3,3,4,1.3333333333333333,6.666666666666667
google / organic,(organic),生前贈與 彙整 - 遠雄房地產,/life-proposal-tag/2、市場/2稅務政策相關/gift_tax/生前贈與/,3,3,4,1.3333333333333333,15.333333333333334
google / organic,(organic),地價稅 彙整 - 遠雄房地產,/life-proposal-tag/2、市場/2稅務政策相關/land_tax/,3,3,3,1,3
google / organic,(organic),土地增值稅 彙整 - 遠雄房地產,/life-proposal-tag/2、市場/2稅務政策相關/land_value/,3,3,3,1,8.666666666666666
google / organic,(organic),交屋流程 彙整 - 遠雄房地產,/life-proposal-tag/3、交易/1購屋流程相關/交屋流程/,3,3,5,1.6666666666666667,7.333333333333333
google / organic,(organic),定型化契約 彙整 - 遠雄房地產,/life-proposal-tag/3、交易/1購屋流程相關/定型化契約/,3,3,3,1,1.3333333333333333
google / organic,(organic),買屋流程 彙整 - 遠雄房地產,/life-proposal-tag/3、交易/1購屋流程相關/買屋流程/,3,3,6,2,20.666666666666668
(direct) / (none),(direct),十四期 彙整 - 遠雄房地產,/life-proposal-tag/5、區域/1區域地段/縣市/台中市/beitun/fourthteen/,3,3,3,1,12.666666666666666
(direct) / (none),(direct),遠東通訊園區 彙整 - 遠雄房地產,/life-proposal-tag/5、區域/1區域地段/縣市/新北市/板橋區/遠東通訊園區/,3,3,3,1,0.6666666666666666
google / cpc,area,高雄市 彙整 - 遠雄房地產,/life-proposal-tag/5、區域/1區域地段/縣市/高雄市/,3,3,4,1.3333333333333333,31
google / cpc,area,中都重劃區 彙整 - 遠雄房地產,/life-proposal-tag/5、區域/1區域地段/縣市/高雄市/sanmin/中都重劃區/,3,3,3,1,7.333333333333333
google / organic,(organic),2025房市趨勢 彙整 - 遠雄房地產,/life-proposal-tag/real_estate-2/2025房市趨勢-real_estate-2/,3,3,3,1,10.666666666666666
google / organic,(organic),房貸 彙整 - 遠雄房地產,/life-proposal-tag/二/房貸/,3,3,3,1,3.3333333333333335
(direct) / (none),(direct),建案熱區巡禮：北士科爆840億商辦案量，搶攻輝達、金仁寶供應鏈需求 - 遠雄房地產,/life-proposal/5vo1-1/,3,3,3,1,14.666666666666666
(direct) / (none),(direct),修繕小知識：鐵鋁窗損毀要整組換掉嗎？【居家百科】 - 遠雄房地產,/life-proposal/aluminumandiron/,3,3,3,1,0.3333333333333333
(direct) / (none),(direct),建案熱區巡禮：高雄楠梓區高大特區生活圈 - 遠雄房地產,/life-proposal/area-kaohsiung-nanzi_nuk_function_20250211/,3,3,3,1,29.333333333333332
google / organic,(organic),建案熱區巡禮：台南市心花園 - 安南溪東重劃區 - 遠雄房地產,/life-proposal/area-s-tainan-haidian20200520/,3,3,4,1.3333333333333333,61.666666666666664
(direct) / (none),(direct),建案熱區巡禮：桃園小檜溪(青溪特區)舊商圈+眾多綠地的宜人生活 - 遠雄房地產,/life-proposal/area-s-taoyuan-green20220520/,3,3,6,2,68.33333333333333
lm.facebook.com / referral,(referral),建案熱區巡禮：新北板橋府中與南雅地區 - 遠雄房地產,/life-proposal/area-s-tph_banqiao_nanya_20240820/,3,3,3,1,51.333333333333336
bing / organic,(organic),建案熱區巡禮：新北板橋區Tpark科技特區 (遠東通訊園區)生活圈 - 遠雄房地產,/life-proposal/area-s-tph_banqiao_tpark_function_20250314/,3,3,3,1,24.666666666666668
google / organic,(organic),建案熱區巡禮：台南中西區運河星鑽特區 - 學區篇 - 遠雄房地產,/life-proposal/area-tainan_west-central_redevelop_diamond_school_20250516/,3,3,3,1,21.333333333333332
(direct) / (none),(direct),建案熱區巡禮：新北板橋府中與南雅地區 - 學區篇 - 遠雄房地產,/life-proposal/area-tph_banqiao_school_20240902/,3,3,6,2,10.666666666666666
(direct) / (none),(direct),建案熱區巡禮：台中西屯區水湳經貿園區生活圈 - 遠雄房地產,/life-proposal/area-txg-shuinan_20231027/,3,3,3,1,8
google / organic,(organic),建案熱區巡禮：台中西屯水湳經貿園區 - 綠地休憩篇 - 遠雄房地產,/life-proposal/area-txg-shuinan_park_20240419/,3,3,3,1,16.666666666666668
google / organic,(organic),建案熱區巡禮：台中西屯水湳經貿園區 - 學區篇 - 遠雄房地產,/life-proposal/area-txg-shuinan_school_20240501/,3,3,3,1,1.3333333333333333
(direct) / (none),(direct),建案熱區巡禮：台中北屯區14期重劃區 - 學區篇 - 遠雄房地產,/life-proposal/area_txg_beitun_14th_school_20240917/,3,3,3,1,53.333333333333336
(direct) / (none),(direct),小陽台佈置，給自己一處秘密花園 - 遠雄房地產,/life-proposal/balcony_20230414/,3,3,3,1,5.333333333333333
(direct) / (none),(direct),新成屋、預售屋簽約注意事項–「首購族看房買屋攻略」 - 遠雄房地產,/life-proposal/contract/,3,3,3,1,19
(not set),20251209一輪播,社區有綠建築標章有何好處？ - 遠雄房地產,/life-proposal/ease_greenbuilding_20230608/,3,3,0,0,0
(direct) / (none),(direct),守護居家用電安全，一項一項打勾確認才安心【居家百科】 - 遠雄房地產,/life-proposal/electrical-safety/,3,3,3,1,0.3333333333333333
fb / bh11,fanpagebutton,何世昌觀點：2025年中台灣房市潛力區域專題報導 -10大優質投資區域分析 - 遠雄房地產,/life-proposal/expert_hoshichang_central-potential/,3,3,3,1,32.333333333333336
google / organic,(organic),山雨欲來風滿樓，房市反轉時刻已降臨？｜何世昌觀點 - 遠雄房地產,/life-proposal/expert_hoshichang_property_market_20250307/,3,3,3,1,5
socialmedia / fgr,shorts20251219,[影音] 全台房市「蛋花湯效應」解密 - 南二都房價的變遷｜何世昌觀點 - 遠雄房地產,/life-proposal/expert_hoshichang_property_south-prices_20250404/,3,3,3,1,0
youtube / fgr,expert_hoshichang_south-potential,何世昌觀點：2025年南台灣房市潛力區域專題報導 - 10大優質投資區域分析 - 遠雄房地產,/life-proposal/expert_hoshichang_south-potential/,3,3,3,1,11.666666666666666
(direct) / (none),(direct),永然法律不動產專欄：預售屋買賣契約簽約時應注意「契約審閱期」 - 遠雄房地產,/life-proposal/expert_law_y-rlee_contract_20250613/,3,3,3,1,10.333333333333334
(not set),20251209一輪播,永然法律不動產專欄：預售屋買賣契約中的交屋保留款與建材設備約定 - 遠雄房地產,/life-proposal/expert_law_y-rlee_retention-money_20250704/,3,3,0,0,0
google_kw / bh5,(organic),遠房實價登錄,/,3,3,3,1,0
google / organic,(organic),2025房市下跌趨勢中，預售屋進場全攻略｜李同榮觀點 - 遠雄房地產,/life-proposal/expert_li_7th-cycle_20250114/,3,3,3,1,48.333333333333336
google / organic,(organic),李同榮觀點：2024大選後房市發展趨勢之關鍵報告 - 遠雄房地產,/life-proposal/expert_li_afterelection_20240118/,3,3,3,1,19.333333333333332
(direct) / (none),(direct),2025自住首購族擇屋八大法則｜李同榮觀點 - 遠雄房地產,/life-proposal/expert_li_homeowners_20250410/,3,3,3,1,177
chatgpt.com / (not set),(not set),李同榮觀點：2026年房地產市場將面臨八大考驗 - 遠雄房地產,/life-proposal/expert_li_housing-challenges-2026/,3,3,3,1,18.666666666666668
google / organic,(organic),劉學龍觀點：從2025年全球局勢來看台灣商用不動產投資動能 - 遠雄房地產,/life-proposal/expert_liu_commercial_2025global_20250418/,3,3,3,1,50.666666666666664
(direct) / (none),(direct),財經M平方觀點：中國房市陷入惡性循環，三個對經濟的影響 - 遠雄房地產,/life-proposal/expert_macromicro20220909/,3,3,3,1,10.666666666666666
google / organic,(organic),財經M平方觀點：2023 台灣房市展望，解析兩大原因與政策衝擊 - 遠雄房地產,/life-proposal/expert_macromicro_20230117/,3,3,4,1.3333333333333333,64.66666666666667
google / organic,(organic),財經M平方觀點：2025 下半年台灣經濟怎麼走？台股、台幣一次解析 - 遠雄房地產,/life-proposal/expert_macromicro_2025econ_20250730/,3,3,3,1,31.333333333333332
google / organic,(organic),25Q2 美股財報-深度拆解半導體龍頭與 AI 趨勢｜財經M平方觀點 - 遠雄房地產,/life-proposal/expert_macromicro_25q2-financial-statements/,3,3,3,1,2.3333333333333335
google / organic,(organic),2025 年中國經濟關鍵議題分析｜財經M平方觀點 - 遠雄房地產,/life-proposal/expert_macromicro_china-economic_20250120/,3,3,3,1,51.333333333333336
google / organic,(organic),財經M平方觀點：2025 年中國經濟關鍵議題分析 - 遠雄房地產,/life-proposal/expert_macromicro_china-economic_20250120/,3,3,3,1,75
google / organic,(organic),資本支出會太高嗎？一文解析 24Q4 科技巨頭財報｜財經M平方觀點 - 遠雄房地產,/life-proposal/expert_macromicro_financial-statements_20250318/,3,3,3,1,21.333333333333332
google / organic,(organic),財經M平方觀點：美國 Q1 GDP 季增年率翻負！對等關稅下經濟怎麼走？ - 遠雄房地產,/life-proposal/expert_macromicro_fomc2025_20250618/,3,3,3,1,5.333333333333333
(not set),20251209一輪播,全球超長債殖利率飆升：結構性壓力與長短期解方全解析 - 遠雄房地產,/life-proposal/expert_macromicro_global-bond-yields/,3,3,1,0.3333333333333333,2.6666666666666665
google / organic,(organic),財經M平方觀點：台灣房市價量回升，房市牛市延續兩大重點解析 - 遠雄房地產,/life-proposal/expert_macromicro_housing_market_20240222/,3,3,3,1,1.6666666666666667
google / organic,(organic),財經M平方觀點：股債位階與循環配置建議 - 遠雄房地產,/life-proposal/expert_macromicro_mec_cycle_20240430/,3,3,3,1,13.666666666666666
google / organic,(organic),[影音] AI科技宅當道！台灣半導體聚落帶動房市｜劉佩真觀點 - 遠雄房地產,/life-proposal/expert_peizhen_ai-housing-trend/,3,3,3,1,33
(direct) / (none),(direct),劉佩真觀點：AI科技宅當道！台灣半導體聚落帶動房市 - 遠雄房地產,/life-proposal/expert_peizhen_ai-housing-trend/,3,3,3,1,19.666666666666668
m.facebook.com / referral,(referral),劉佩真觀點：AI科技宅當道！台灣半導體聚落帶動房市 - 遠雄房地產,/life-proposal/expert_peizhen_ai-housing-trend/,3,3,3,1,0.3333333333333333
google / organic,(organic),[影音] 劉佩真觀點：下半年房市走勢利多與利空一次看！ - 遠雄房地產,/life-proposal/expert_peizhen_bullbear-2025h2__20250829/,3,3,3,1,19.333333333333332
google / cpc,Pmax,劉佩真觀點：從行業別、區域分布看2024年商用不動產投資買賣市場脈動 - 遠雄房地產,/life-proposal/expert_peizhen_commerical-trend_20240603/,3,3,4,1.3333333333333333,29.666666666666668
(direct) / (none),(direct),[影音] 劉佩真觀點：從總體經營環境來看2025下半年住宅與商用市場最新動態 - 遠雄房地產,/life-proposal/expert_peizhen_oee_2025h2/,3,3,3,1,15.666666666666666
google / organic,(organic),劉佩真觀點：辦公室租賃市場供需與重要趨勢變化之解析 - 遠雄房地產,/life-proposal/expert_peizhen_officemarket_20240806/,3,3,3,1,170.33333333333334
bing / organic,(organic),辦公室租賃市場供需與重要趨勢變化之解析｜劉佩真觀點 - 遠雄房地產,/life-proposal/expert_peizhen_officemarket_20240806/,3,3,3,1,6
(direct) / (none),(direct),2025年第二季房市觀測 - 關稅、打炒房持續等利空，Q3房市景氣還有機會回升嗎？｜劉佩真觀點 - 遠雄房地產,/life-proposal/expert_peizhen_property-2025q2_20250707/,3,3,3,1,10
google / organic,(organic),擴大赴美投資成定局，台積宅還能買嗎？｜何世昌觀點 - 遠雄房地產,/life-proposal/expert_tsmc-housing_20250703/,3,3,3,1,52
socialmedia / fgr,ig20251209,[影音] 買房後發現實際面積比權狀縮水，該找誰求償?｜專家觀點地政篇 - 遠雄房地產,/life-proposal/expert_zhu_area-discrepancy_20250827/,3,3,3,1,0
(direct) / (none),(direct),合資買房如何保障自身權益？｜專家觀點地政篇 - 遠雄房地產,/life-proposal/expert_zhu_buyhouse_joint_20240117/,3,3,3,1,30
(direct) / (none),(direct),防範代書詐騙，如何查詢地政士的合法性？｜專家觀點地政篇 - 遠雄房地產,/life-proposal/expert_zhu_expert_zhu_land-agent_20250917/,3,3,3,1,6
(direct) / (none),(direct),專家觀點地政篇：生前贈與還是繳遺產稅，哪個比較划算？結果可能超乎你的想像 - 遠雄房地產,/life-proposal/expert_zhu_gift-and-estate-tax_20250509/,3,3,4,1.3333333333333333,384.3333333333333
bing / organic,(organic),專家觀點地政篇：不動產抵押權重點詳解 - 遠雄房地產,/life-proposal/expert_zhu_hypothec_20230815/,3,3,3,1,58
bing / organic,(organic),專家觀點地政篇：繼承房產兄弟姊妹吵翻天？遺囑、登記與分配機制一次講清楚 - 遠雄房地產,/life-proposal/expert_zhu_inherit-siblings_20250704/,3,3,3,1,83.33333333333333
(direct) / (none),(direct),專家觀點地政篇：邱澤不動產傳聞揭秘，實價登錄與容積移轉的真相 - 遠雄房地產,/life-proposal/expert_zhu_land-deal_20250813/,3,3,3,1,73.66666666666667
socialmedia / fgr,ig20250920,[影音] 豪宅稅跟你也有關係：有房族注意！影響與計算不可不知 - 遠雄房地產,/life-proposal/expert_zhu_mansion-tax-count_vedio_20250625/,3,3,3,1,0
(direct) / (none),(direct),[影音] 豪宅稅跟你也有關係：有房族注意！2025豪宅稅新門檻上路｜專家觀點地政篇 - 遠雄房地產,/life-proposal/expert_zhu_mansion-tax-definition_vedio_20250523/,3,3,3,1,34.333333333333336
(direct) / (none),(direct),專家觀點地政篇：私法人取得不動產的限制 - 遠雄房地產,/life-proposal/expert_zhu_private-corporation_20231114/,3,3,4,1.3333333333333333,46.666666666666664
(direct) / (none),(direct),私法人取得不動產的限制｜專家觀點地政篇 - 遠雄房地產,/life-proposal/expert_zhu_private-corporation_20231114/,3,3,3,1,0.3333333333333333
google / organic,(organic),[影音] 預售屋購買注意事項大解析 - 履約保證不可不知｜專家觀點地政篇 - 遠雄房地產,/life-proposal/expert_zhu_property_escrow_vedio_20240531/,3,3,3,1,25.666666666666668
socialmedia / fgr,ig20251017,[影音] 你的買賣安全嗎？房屋產權必懂的謄本識讀、權狀跟身分查驗 - 遠雄房地產,/life-proposal/expert_zhu_property_identity_vedio_20240229/,3,3,3,1,2.3333333333333335
socialmedia / fgr,ig20251107,[影音] 你的買賣安全嗎？房屋產權必懂的謄本識讀、權狀跟身分查驗 - 遠雄房地產,/life-proposal/expert_zhu_property_identity_vedio_20240229/,3,3,3,1,0
socialmedia / fgr,ig20251107,[影音] 你的買賣安全嗎？房屋產權必懂的謄本識讀、權狀跟身分查驗｜專家觀點地政篇 - 遠雄房地產,/life-proposal/expert_zhu_property_identity_vedio_20240229/,3,3,3,1,0
(direct) / (none),(direct),專家觀點地政篇：只有不動產怎麼繳遺產稅？實物抵繳是否划算？ - 遠雄房地產,/life-proposal/expert_zhu_property_offset-2_20241220/,3,3,3,1,0
(direct) / (none),(direct),[影音] 停車位買賣詳細解析-你需要知道的車位權利｜專家觀點地政篇 - 遠雄房地產,/life-proposal/expert_zhu_property_parking_vedio_20240828/,3,3,3,1,8.333333333333334
(direct) / (none),(direct),如何預防不動產詐騙？如何防止房屋被移轉？｜專家觀點地政篇 - 遠雄房地產,/life-proposal/expert_zhu_property_scam_20240604/,3,3,3,1,93
google / organic,(organic),[影音] 限貸令下交屋解約問題｜專家觀點地政篇 - 遠雄房地產,/life-proposal/expert_zhu_property_terminate_vedio_20250313/,3,3,3,1,52
(direct) / (none),(direct),親屬間不動產交易的稅務優化策略與案例解析｜專家觀點地政篇 - 遠雄房地產,/life-proposal/expert_zhu_second-degree_20250321/,3,3,3,1,33.666666666666664
google / organic,(organic),專家觀點地政篇：降低遺產稅怎麼做？遺產稅節稅規劃攻略 - 遠雄房地產,/life-proposal/expert_zhu_tax_inheritance_vedio_20240327/,3,3,3,1,109
google / organic,(organic),降低遺產稅怎麼做？遺產稅節稅規劃攻略｜專家觀點地政篇 - 遠雄房地產,/life-proposal/expert_zhu_tax_inheritance_vedio_20240327/,3,3,3,1,69.33333333333333
google / organic,(organic),首購最愛買這裡！盤點「第一間房」的交易熱區 - 遠雄房地產,/life-proposal/firstbuy-2021hotpod/,3,3,3,1,6.666666666666667
(direct) / (none),(direct),新屋居家風水擺設、格局禁忌一次看–「首購族看房買屋攻略」 - 遠雄房地產,/life-proposal/goodluck/,3,3,3,1,6
(direct) / (none),(direct),高樓層VS低樓層：哪個才是首購族的最佳選擇？–「首購族看房買屋攻略」 - 遠雄房地產,/life-proposal/high_floor/,3,3,3,1,16
(direct) / (none),(direct),你還在擔心購屋貸款辦不下嗎？提高房貸申請審核過件率的4個方法,/life-proposal/home-loan/,3,3,3,1,40
bing / organic,(organic),房屋格局圖/平面圖怎麼看？建案平面圖符號教學，讓你秒懂房屋格局避地雷,/life-proposal/house-layout/,3,3,4,1.3333333333333333,32.666666666666664
google / organic,(organic),打造健康住宅！隔音的重要性？噪音管制標準是？ - 遠雄房地產,/life-proposal/house4-voice/,3,3,3,1,14
google / organic,(organic),買房族看過來：央行升息還能買房嗎？ - 遠雄房地產,/life-proposal/interest_rate/,3,3,3,1,18.333333333333332
(direct) / (none),(direct),軟裝搭配術 - 改變居家風格的魔法 - 遠雄房地產,/life-proposal/interior_softdeco_20230222/,3,3,3,1,41
google / organic,(organic),軟裝搭配術 - 改變居家風格的魔法 - 遠雄房地產,/life-proposal/interior_softdeco_20230222/,3,3,6,2,19.333333333333332
google / organic,(organic),廚房清潔保養全攻略：抽油煙機、檯面到瓦斯爐一次搞定【居家百科】 - 遠雄房地產,/life-proposal/kitchen/,3,3,4,1.3333333333333333,9.333333333333334
(direct) / (none),(direct),買房大小事：銀行貸款對保必備文件 - 遠雄房地產,/life-proposal/land_documents/,3,3,3,1,6.333333333333333
tw.search.yahoo.com / referral,(referral),社區營運兩三事：管理費與公共基金 - 遠雄房地產,/life-proposal/land_fund/,3,3,3,1,52.666666666666664
(direct) / (none),(direct),房貸好多種，一次搞懂房貸方案該選哪一種！ - 遠雄房地產,/life-proposal/load_type20220624/,3,3,3,1,1
google / organic,(organic),資金有壓力？房貸增貸與房貸轉貸不可不知 - 遠雄房地產,/life-proposal/loan_increase_20221108/,3,3,3,1,52
google_kw / 5vo1,202511_ex5,輝達落腳時程出爐，北士科商辦掀全球卡位戰 - 遠雄房地產,/life-proposal/nvidia-beishi-office/,3,3,8,2.6666666666666665,1.3333333333333333
bing / organic,(organic),「權狀坪數」與「室內坪數」分不清？ –「首購族看房買屋攻略」 - 遠雄房地產,/life-proposal/ping/,3,3,3,1,39.333333333333336
(not set),(not set),記住授信5P原則，讓你的貸款成數更高更容易 - 遠雄房地產,/life-proposal/pre_mortgage_20221215/,3,3,1,0.3333333333333333,7.333333333333333
bing / organic,(organic),記住授信5P原則，讓你的貸款成數更高更容易 - 遠雄房地產,/life-proposal/pre_mortgage_20221215/,3,3,3,1,45
(direct) / (none),(direct),入主重劃區漸成主流，優缺點一次看 - 遠雄房地產,/life-proposal/redevelopment_zone_20221209/,3,3,3,1,2
yahoo / organic,(organic),公共設施篇: 梯廳與樓梯間建築法規有何特殊規定? - 遠雄房地產,/life-proposal/regulations2_20230320/,3,3,3,1,52.333333333333336
yahoo / organic,(organic),附屬建物篇 : 陽台與雨遮建築法規規定為何？ - 遠雄房地產,/life-proposal/regulations_20230317/,3,3,3,1,230.33333333333334
(direct) / (none),(direct),租房好還是買房好？一次分析優缺點 - 遠雄房地產,/life-proposal/rent_high_20221126/,3,3,3,1,1
(direct) / (none),(direct),迎戰退休生活，退休宅友善設計怎麼做才完整？ - 遠雄房地產,/life-proposal/retirement/,3,3,3,1,8.666666666666666
google / organic,(organic),熱門玄關設計實用Tips，魔鬼藏在細節裡 - 遠雄房地產,/life-proposal/space_design_entrance_20240314/,3,3,3,1,11
fgr-line / fgr,space_design_smallhouse2_20240521,小宅攻略 ∣ 退休宅這樣規畫超完美 - 遠雄房地產,/life-proposal/space_design_smallhouse2_20240521/,3,3,4,1.3333333333333333,120.66666666666667
(direct) / (none),(direct),小宅攻略 ∣ 頂客質感生活這樣設計 - 遠雄房地產,/life-proposal/space_design_smallhouse3_20240607/,3,3,3,1,7.333333333333333
(direct) / (none),(direct),為生活解悶 | 居家布置術-創造閱讀角 - 遠雄房地產,/life-proposal/space_style_reading_20240116/,3,3,3,1,4
(direct) / (none),(direct),修繕小知識：家中石材泛黃、有裂痕怎麼救？【居家百科】 - 遠雄房地產,/life-proposal/stone-fix/,3,3,3,1,1
google / organic,(organic),台中預售屋、新建案分析介紹，水湳經貿園區、台中七期、清水/梧棲重劃區建案推薦,/life-proposal/taichung-gateway/,3,3,3,1,9.333333333333334
(direct) / (none),(direct),不動產節稅妙招：每年都要繳的財產稅省很大 - 遠雄房地產,/life-proposal/tax_mitigation_housetax_20220902/,3,3,3,1,0.6666666666666666
(direct) / (none),(direct),聰明買房不吃虧，謄本訊息知多少 - 遠雄房地產,/life-proposal/transcript_20221007/,3,3,4,1.3333333333333333,97.66666666666667
(direct) / (none),(direct),修繕小知識：木地板刮傷怎麼辦？【居家百科】 - 遠雄房地產,/life-proposal/woodfix/,3,3,3,1,6.333333333333333
(direct) / (none),(direct),建案熱區巡禮 - 好想搬去新北住！新莊副都心生活圈，一步抵達頂級人生 - 遠雄房地產,/life-proposal/xinzhuang/,3,3,3,1,0
(direct) / (none),(direct),建案熱區巡禮：台南永康產業交通齊發光，宜居現在進行式！ - 遠雄房地產,/life-proposal/yongkang/,3,3,3,1,22.666666666666668
m.facebook.com / referral,(referral),[影音] 北士科潛力揭密：輝達進駐引爆房市三大變革｜何世昌觀點 - 遠雄房地產,/life-proposal/影音-輝達北士科總部設立：帶動台北房市三大變/,3,3,3,1,15.666666666666666
news.google.com / referral,(referral),[影音] 北士科潛力揭密：輝達進駐引爆房市三大變革｜何世昌觀點 - 遠雄房地產,/life-proposal/影音-輝達北士科總部設立：帶動台北房市三大變/,3,3,3,1,85.33333333333333
google / cpc,20250616_北投士林豪宅/別墅,[影音] 北士科潛力揭密：輝達進駐引爆房市三大變革｜何世昌觀點 - 遠雄房地產,/life-proposal/影音-輝達北士科總部設立：帶動台北房市三大變/,3,3,3,1,45
google / organic,(organic),[房產風向球] 平均地權條例拍板定案，買房要注意 - 遠雄房地產,/life-proposal/房產風向球-平均地權條例拍板定案，買房要注意/,3,3,3,1,1.6666666666666667
(not set),20251107一輪播,專家觀點：解析房市動向與購屋建議 -遠雄房地產,/life_proposal/experts_point/,3,3,4,1.3333333333333333,16.666666666666668
(not set),20251209一輪播,專家觀點：解析房市動向與購屋建議 -遠雄房地產,/life_proposal/experts_point/,3,3,4,1.3333333333333333,49.333333333333336
google / organic,(organic),李同榮 - 遠雄房地產,/life_proposal/experts_point/獨家專欄/李同榮/,3,3,4,1.3333333333333333,5.666666666666667
(direct) / (none),(direct),空間美學：三大保固升級服務-遠雄房地產,/life_proposal/space_aesthetics/,3,3,3,1,10.333333333333334
(direct) / (none),(direct),遠雄MetaLink科技園區,/main/review/72/g1288</td,3,3,3,1,0
google / cpc,(organic),遠雄房地產預約賞屋(線上賞屋與預約賞屋),/make_appointment/,3,3,3,1,26.666666666666668
fb / O1,120227538157820464,遠雄房地產預約賞屋(線上賞屋與預約賞屋),/make_appointment/,3,3,11,3.6666666666666665,32
google / organic,(organic),"工法建材,遠雄夏沐-線上接待中心",/method,3,3,3,1,5.333333333333333
google / cpc,CQH1-買房字,預約賞屋手機驗證 - 遠雄房地產,/mob_verify/,3,3,3,1,9.333333333333334
fb / fh2,fb12-3,預約賞屋手機驗證 - 遠雄房地產,/mob_verify/,3,3,3,1,13.333333333333334
fb / fh2,fbfanpage1226,預約賞屋手機驗證 - 遠雄房地產,/mob_verify/,3,3,4,1.3333333333333333,15.333333333333334
line-lap / 5vo1,20251123_1102,隱私權聲明 - 遠雄房地產,/privacy/,3,3,6,2,64.66666666666667
(not set),20251230一輪播,隱私權聲明 - 遠雄房地產,/privacy/,3,3,3,1,0.3333333333333333
line-lap / 5vo1,20251123_1102,蕭文星業務個人介紹 - 聯上智科,/sales/5VO1/B2280/,3,3,3,1,17.666666666666668
(direct) / (none),(direct),洪雅玲業務個人介紹 - 聯上智科,/sales/5VO1/G0521/,3,3,3,1,6.333333333333333
line-lap / 5vo1,20251123_1102,洪雅玲業務個人介紹 - 聯上智科,/sales/5VO1/G0521/,3,3,3,1,34
google / organic,(organic),梁瑞麟業務個人介紹 - 遠雄商用不動產(林口龜山),/sales/HM2/B5624/,3,3,3,1,5
google / organic,(organic),詹婷婷業務個人介紹 - 遠雄商用不動產(林口龜山),/sales/HM2/G0531/,3,3,3,1,0.6666666666666666
google / organic,(organic),張益捷業務個人介紹 - 遠雄商用不動產(林口龜山),/sales/HM2/G0631/,3,3,4,1.3333333333333333,8.666666666666666
(direct) / (none),(direct),洪瑞鴻業務個人介紹 - 遠雄商用不動產(林口龜山),/sales/HM2/G0642/,3,3,3,1,4.666666666666667
google / organic,(organic),陳榮慶業務個人介紹 - 遠雄商用不動產(林口龜山),/sales/HM2/G0798/,3,3,3,1,7
google / organic,(organic),薛品涵業務個人介紹 - 遠雄THE ONE,/sales/O1/B4860/,3,3,4,1.3333333333333333,4.666666666666667
google / organic,(organic),林白芷業務個人介紹 - 齊興緻,/sales/ar1/B3622/,3,3,3,1,7
google / organic,(organic),陳驊廷業務個人介紹 - 齊興緻,/sales/ar1/G0141/,3,3,3,1,2.6666666666666665
google / organic,(organic),林怡業務個人介紹 - 遠雄敦富,/sales/bh10/B5578/,3,3,4,1.3333333333333333,19.333333333333332
google / organic,(organic),李心心業務個人介紹 - 遠雄敦富,/sales/bh10/G0599/,3,3,4,1.3333333333333333,10.666666666666666
(direct) / (none),(direct),林芸安業務個人介紹 - 遠雄樂元,/sales/bh7/B6129/,3,3,3,1,11
google / cpc,(organic),林芸安業務個人介紹 - 遠雄樂元,/sales/bh7/B6129/,3,3,4,1.3333333333333333,19.333333333333332
(direct) / (none),(direct),林侑立業務個人介紹 - 遠雄樂元,/sales/bh7/G0526/,3,3,3,1,5.333333333333333
google / cpc,othercities_brand,林侑立業務個人介紹 - 遠雄樂元,/sales/bh7/G0526/,3,3,3,1,17.333333333333332
(direct) / (none),(direct),黃語璇業務個人介紹 - 遠雄樂元,/sales/bh7/G0990/,3,3,3,1,7
fgr-line / cqh1,20251206,曾華萱業務個人介紹 - 村泉蒔美,/sales/cqh1/G0679/,3,3,3,1,5.666666666666667
(direct) / (none),(direct),楊靜茹業務個人介紹 - 遠雄山禾,/sales/dh2/G0107/,3,3,3,1,0.6666666666666666
google / organic,(organic),王韻涵業務個人介紹 - 遠雄山禾,/sales/dh2/G0275/,3,3,4,1.3333333333333333,11
line-lap / dh2,15,王韻涵業務個人介紹 - 遠雄山禾,/sales/dh2/G0275/,3,3,3,1,14.666666666666666
google_kw / dh2,(organic),林詩穎業務個人介紹 - 遠雄山禾,/sales/dh2/G0633/,3,3,6,2,25
(direct) / (none),(direct),黃容筠業務個人介紹 - 遠雄山禾,/sales/dh2/G0936/,3,3,3,1,0.6666666666666666
google / organic,(organic),楊倩如業務個人介紹 - 遠雄峰蘊,/sales/eh1/G0259/,3,3,3,1,23.666666666666668
google / cpc,(organic),羅泓偉業務個人介紹 - 遠雄一靚,/sales/eh2/B3397/,3,3,3,1,5
google / organic,(organic),羅泓偉業務個人介紹 - 遠雄一靚,/sales/eh2/B3397/,3,3,4,1.3333333333333333,7.333333333333333
web-ettoday / eh2,ettoday_202512,洪梓芸業務個人介紹 - 遠雄一靚,/sales/eh2/B5986/,3,3,3,1,30.666666666666668
google / cpc,(organic),徐靖業務個人介紹 - 遠雄一靚,/sales/eh2/G0597/,3,3,3,1,3
web-ettoday / eh2,ettoday_202512,蔡景宇業務個人介紹 - 遠雄一靚,/sales/eh2/G0855/,3,3,4,1.3333333333333333,12.666666666666666
web-udn / eh2,udn_202512,蔡景宇業務個人介紹 - 遠雄一靚,/sales/eh2/G0855/,3,3,3,1,14.666666666666666
google / organic,(organic),戴維民業務個人介紹 - 遠雄沐蘊,/sales/eh5/G0596/,3,3,3,1,15.333333333333334
google / organic,(organic),翁毓雯業務個人介紹 - 遠雄沐蘊,/sales/eh5/G0816/,3,3,3,1,11.333333333333334
google / organic,(organic),楊王誌業務個人介紹 - 遠雄星呈,/sales/h707/G0705/,3,3,3,1,16.666666666666668
H809-FB / referral,(referral),找不到頁面 - 遠雄房地產,/tainan,3,3,3,1,4
farglory.surveycake.com / referral,(referral),服務條款-遠雄房地產,/terms-of-service/,3,3,3,1,4
fb / eh2,privacy,服務條款暨隱私權聲明 -遠雄房地產,/terms-of-service_and_privacy/,3,3,3,1,1
(direct) / (none),(direct),「遠雄幸福成」台中最後一塊潛力明星區域，年輕人也買得起 - 遠雄房地產,/wom-recommendation/h713_lin/,3,3,4,1.3333333333333333,43.666666666666664
google / organic,(organic),中意綠意與水岸，劉氏伉儷在「遠雄青晉」享受未來人生 - 遠雄房地產,/wom-recommendation/liu_couple/,3,3,3,1,5.333333333333333
line-lap / dh2,3,遠房實價登錄,/,2,3,3,1.5,0
googlemap / organic,eh1,遠房實價登錄,/,2,3,3,1.5,0
leju / bh5,lejupage,遠房實價登錄,/,2,3,4,2,0
web-udn / O1,20240926,遠雄房地產：最懂生活的購屋專家,/,2,3,2,1,10.5
(not set),20251209一輪播,關於我們-遠雄房地產,/about/,2,3,5,2.5,65.5
excel.officeapps.live.com / referral,(referral),影像光廊：建案風采-遠雄房地產,/about/brand_gallery/,2,3,2,1,71.5
(direct) / (none),(direct),遠雄房地產 x 游庭皓 月光族到資產新貴  學會分散風險之路「買股買債買好房」 - 遠雄房地產,/activity-report/202411experts/,2,3,3,1.5,13
google / organic,(organic),全民加演最終站《你好，我是接體員》 - 遠雄房地產,/activity-report/ucity_jul_drama/,2,3,2,1,7.5
bing / organic,(organic),公告資訊 - 遠雄房地產,/activity_report/announcement_information/,2,3,2,1,5
fb / fh2,fb12-1,遠雄房地產精選預售屋(台北、新北、台中、桃園、台南、高雄) - 遠雄房地產,/building-category-tag/featured_pre_sale/,2,3,4,2,16
google / cpc,area,遠雄房地產精選預售屋(台北、新北、台中、桃園、台南、高雄) - 遠雄房地產,/building-category-tag/featured_pre_sale/page/2/,2,3,6,3,58
google / cpc,202511,商用不動產 彙整 - 遠雄房地產,/building-tag/商用不動產/,2,3,4,2,19.5
line-lap / 5vo1,20251123_1102,(1) 封未讀訊息 | 聯上智科｜北士科AI總部 輝達核心軸線 -台北市北投區商辦/預售新建案-預約賞屋，遠創力行銷,/buildings/5vo1/,2,3,0,0,80
tw.search.yahoo.com / referral,(referral),遠創力行銷-未來店 | 全房產 專業仲介服務,/buildings/8hgs01/,2,3,3,1.5,37
adstudio-admin.spotify.net / referral,(referral),北士科建案【遠雄泱玥】水岸首排．57-75坪,/buildings/ah2/,2,3,3,1.5,12
gdn / ar1,20251017-2-1,齊興_緻-台北市北投區/北士科住宅預售屋,/buildings/ar1/,2,3,3,1.5,0.5
google / cpc,202511,齊興_緻-台北市北投區/北士科住宅預售屋,/buildings/ar1/,2,3,2,1,9
google / cpc,brand0829,北屯敦富路【遠雄敦富】- 北屯機捷預售屋．近好市多,/buildings/bh10/,2,3,2,1,78
(not set),20251209一輪播,"Farglory Phase 14 Launch: Farglory Fengshang, a new project in Beitun, near Hanshin Intercontinental Department Store.",/buildings/bh11/,2,3,0,0,8.5
excel.officeapps.live.com / referral,(referral),遠雄14期首發【遠雄丰尚】北屯新案．近漢神洲際百貨,/buildings/bh11/,2,3,4,2,8
google / cpc,(referral),遠雄14期首發【遠雄丰尚】北屯新案．近漢神洲際百貨,/buildings/bh11/,2,3,3,1.5,14.5
google_gdn / 5vo1,20251124_1102,遠雄14期首發【遠雄丰尚】北屯新案．近漢神洲際百貨,/buildings/bh11/,2,3,5,2.5,2
web-udn / bh11,2512,遠雄14期首發【遠雄丰尚】北屯新案．近漢神洲際百貨,/buildings/bh11/,2,3,3,1.5,23.5
gdn / bh6,20240129gdn,遠雄藝舍-台中西屯區麥當勞旁金店面-預約賞屋，遠雄房地產,/buildings/bh6/,2,3,3,1.5,0
dm-point / bh7,202508,【遠雄樂元】北屯機捷X好市多，雙首排大道最核心，夠近才最好,/buildings/bh7/,2,3,2,1,0
google / cpc,Pmax,【遠雄樂元】北屯機捷X好市多，雙首排大道最核心，夠近才最好,/buildings/bh7/,2,3,2,1,8.5
line / bh9,area,水湳建案【遠雄綠美】鄰近綠美圖．中央公園預售屋,/buildings/bh9/,2,3,2,1,90
google / cpc,O1_品牌字_2025.0801,村泉蒔美｜門戶端點 從容跨界｜台北生活最美起點,/buildings/cqh1/,2,3,3,1.5,6.5
google / cpc,Pmax,村泉蒔美｜門戶端點 從容跨界｜台北生活最美起點,/buildings/cqh1/,2,3,4,2,2.5
line-lap / dh3,3,找不到頁面 - 遠雄房地產,/buildings/dh3/,2,3,3,1.5,1.5
googlemap / organic,eh1,高雄建案推薦【遠雄峰蘊】- 三民區預售屋．近科工館,/buildings/eh1/,2,3,3,1.5,32
dgc / eh2,20250901,遠雄一靚｜楠梓新案．高大特區首發｜早鳥預約中,/buildings/eh2/,2,3,3,1.5,0
msg / msg,h101b,找不到頁面 - 遠雄房地產,/buildings/h101b,2,3,3,1.5,0
avivid / bh11,20251212,遠雄星呈-台中市清水區預售屋/新建案-預約賞屋，遠雄房地產,/buildings/h707/,2,3,3,1.5,32.5
fb / h707,26,遠雄星呈-台中市清水區預售屋/新建案-預約賞屋，遠雄房地產,/buildings/h707/,2,3,2,1,6.5
fb / h713,100,遠雄幸福成｜即將落成 - 台中市清水區預售/新建案-預約賞屋，遠雄房地產,/buildings/h713/,2,3,3,1.5,118.5
google / cpc,(organic),遠雄MetaLink科技園區 | 機捷A7．A8站▕ VIP企業席次開放預約中,/buildings/hm2/,2,3,2,1,14.5
google_kw / 5vo1,202511,遠雄MetaLink科技園區 | 機捷A7．A8站▕ VIP企業席次開放預約中,/buildings/hm2/,2,3,3,1.5,0
avivid / bh11,20251212,遠雄THE ONE-高雄市前鎮區新成屋/新建案-預約賞屋,/buildings/o1/,2,3,3,1.5,16
(not set),202501003二輪播,熱銷建案：預售屋、新建案、新成屋 -遠雄房地產,/case/,2,3,4,2,2.5
google / cpc,O1_地區字_2025.0801,熱銷建案：預售屋、新建案、新成屋 -遠雄房地產,/case/,2,3,4,2,12
googlemap / o1,googlemap,熱銷建案：預售屋、新建案、新成屋 -遠雄房地產,/case/,2,3,4,2,3.5
console-v2.omnichat.ai / referral,(referral),熱銷建案一覽：遠雄全台預售屋、新建案、新成屋資訊,/case/search/,2,3,3,1.5,9
(not set),202501003二輪播,熱銷建案一覽：遠雄全台預售屋、新建案、新成屋資訊,/case/search/,2,3,3,1.5,40
google / cpc,O1_地區字_2025.0801,熱銷建案一覽：遠雄全台預售屋、新建案、新成屋資訊,/case/search/,2,3,3,1.5,6
google / organic,(organic),熱銷建案一覽：遠雄全台預售屋、新建案、新成屋資訊,/case/search/building-category-tag/134/page/2/,2,3,3,1.5,175
(not set),202501003二輪播,熱銷建案一覽：遠雄全台預售屋、新建案、新成屋資訊,/case/search/page/2/,2,3,3,1.5,14.5
(not set),20251107一輪播,熱銷建案一覽：遠雄全台預售屋、新建案、新成屋資訊,/case/search/page/3/,2,3,4,2,28
(not set),202501003二輪播,熱銷建案一覽：遠雄全台預售屋、新建案、新成屋資訊,/case/search/page/4/,2,3,2,1,9
(not set),20251107一輪播,熱銷建案一覽：遠雄全台預售屋、新建案、新成屋資訊,/case/search/page/4/,2,3,4,2,11.5
(not set),20251107一輪播,熱銷建案一覽：遠雄全台預售屋、新建案、新成屋資訊,/case/search/page/5/,2,3,3,1.5,12.5
fb / paid,120229486716970138,熱銷建案一覽：遠雄全台預售屋、新建案、新成屋資訊,/case/search/sales_status/coming-soon/,2,3,4,2,47
app.clickup.com / referral,(referral),最懂生活的購屋專家-遠雄房地產,/gc_farbear/,2,3,3,1.5,13
(direct) / (none),(direct),mega-item-6153 - DEMO遠雄房地產,/gc_farbear/jet-menu/mega-item-6153/,2,3,8,4,25
(direct) / (none),(direct),遠房好友- 遠雄房地產,/gc_farbear/my-account/,2,3,4,2,45
google / organic,(organic),mega-item-6153 - 遠雄房地產,/jet-menu/mega-item-6153/,2,3,4,2,10.5
google / organic,(organic),好友主題報-2024年6月 - 遠雄房地產,/jun2024/,2,3,4,2,21.5
google / organic,(organic),遠雄幸福成-台中港特區3冠王，區域、生活價值雙贏 - 遠雄房地產,/landing-page/1110704/,2,3,3,1.5,55.5
google / organic,(organic),專家問與答 - 遠雄房地產,/landing-page/專家問與答/,2,3,4,2,6.5
google / organic,(organic),財經M平方 彙整 - 頁5，共5 - 遠雄房地產,/life-proposal-category/expert_point/macro_micro/page/5/,2,3,3,1.5,21.5
google / organic,(organic),專家觀點 彙整 - 頁9，共18 - 遠雄房地產,/life-proposal-category/expert_point/page/9/,2,3,2,1,2.5
google / organic,(organic),購屋知識 彙整 - 遠雄房地產,/life-proposal-category/home_knowledge/,2,3,2,1,5
(direct) / (none),(direct),贈與稅 彙整 - 遠雄房地產,/life-proposal-tag/2、市場/2稅務政策相關/gift_tax/,2,3,3,1.5,22
(direct) / (none),(direct),國稅局 彙整 - 遠雄房地產,/life-proposal-tag/2、市場/2稅務政策相關/國稅局/,2,3,4,2,109.5
avivid / bh11,20251212,十四期 彙整 - 遠雄房地產,/life-proposal-tag/5、區域/1區域地段/縣市/台中市/beitun/fourthteen/,2,3,3,1.5,12.5
google / organic,(organic),板橋區 彙整 - 遠雄房地產,/life-proposal-tag/5、區域/1區域地段/縣市/新北市/板橋區/,2,3,7,3.5,36.5
chatgpt.com / referral,(referral),建案熱區巡禮：高雄楠梓區高大特區 - 學區篇 - 遠雄房地產,/life-proposal/area-kaohsiung-nanzi_nuk_school_20250225/,2,3,2,1,17.5
google / organic,(organic),建案熱區巡禮：鼓山豪宅黃金鐵三角，高雄指標蛋黃區 - 遠雄房地產,/life-proposal/area-l-kaohsiung-gusha20200520/,2,3,3,1.5,73.5
(not set),20251209一輪播,建案熱區巡禮：前進台南商業副都心-安南區一探究竟 - 遠雄房地產,/life-proposal/area-l-tainan-annan20200520/,2,3,0,0,0
bing / organic,(organic),建案熱區巡禮：新北板橋府中與南雅地區 - 遠雄房地產,/life-proposal/area-s-tph_banqiao_nanya_20240820/,2,3,2,1,40.5
(not set),20251209一輪播,建案熱區巡禮：新北板橋府中與南雅地區 - 遠雄房地產,/life-proposal/area-s-tph_banqiao_nanya_20240820/,2,3,0,0,0
(not set),20251209一輪播,建案熱區巡禮：台中北屯14期重劃區生活圈，打造北台中的新興生活核心 - 遠雄房地產,/life-proposal/area_txg_beitun_14th_function_20250829/,2,3,2,1,20
tw.search.yahoo.com / referral,(referral),建案熱區巡禮：台中北屯機廠重劃區-學區篇 - 遠雄房地產,/life-proposal/area_txg_beitun_depot_school_20240522/,2,3,2,1,107
(direct) / (none),(direct),衛浴日常清潔保養技巧：延長設備壽命的必備指南【居家百科】 - 遠雄房地產,/life-proposal/bathroom/,2,3,3,1.5,36.5
google / cpc,O1_地區字_2025.0801,何世昌觀點：2025年南台灣房市潛力區域專題報導 - 10大優質投資區域分析 - 遠雄房地產,/life-proposal/expert_hoshichang_south-potential/,2,3,3,1.5,4
line-lap / bh10,line-lap202511-3,[影音] 專家看2025年上半年預售屋市場 : 四大現象觀察 - 遠雄房地產,/life-proposal/expert_housing-market_20250820/,2,3,3,1.5,3
mkto-sn070013.com / referral,(referral),共同繼承來的房地產，要如何進行分割呢？ | 永然法律不動產專欄 - 遠雄房地產,/life-proposal/expert_law_y-rlee_property-division,2,3,4,2,19
bing / organic,(organic),劉學龍觀點：2025年第三季房地產趨勢 - 商用不動產市場的穩與土地市場的冷 - 遠雄房地產,/life-proposal/expert_liu_commercial-2025q3/,2,3,2,1,22.5
(not set),20251209一輪播,劉學龍觀點：2025年第三季房地產趨勢 - 商用不動產市場的穩與土地市場的冷 - 遠雄房地產,/life-proposal/expert_liu_commercial-2025q3/,2,3,1,0.5,69.5
google / organic,(organic),財經M平方觀點︱2024 關鍵三大風險：流動性、通膨、台灣出口 - 遠雄房地產,/life-proposal/expert_macromicro_mec_2024risk_20240126/,2,3,2,1,125.5
statics.teams.cdn.office.net / referral,(referral),中國結構性問題解析及全球經濟影響｜財經M平方觀點 - 遠雄房地產,/life-proposal/expert_macromicro_mec_china_20231222/,2,3,2,1,8
google / organic,(organic),對等關稅引發全球市場動盪 貴金屬適合投資嗎？｜財經M平方觀點 - 遠雄房地產,/life-proposal/expert_macromicro_precious-metals_20250430/,2,3,3,1.5,44
mkto-sn070013.com / referral,(referral),全球貨幣戰：穩定幣的發展與投資機會 | 財經M平方觀點 - 遠雄房地產,/life-proposal/expert_macromicro_stablecoin/,2,3,8,4,67
news.google.com / referral,(referral),全球貨幣戰：穩定幣的發展與投資機會 | 財經M平方觀點 - 遠雄房地產,/life-proposal/expert_macromicro_stablecoin/,2,3,2,1,81.5
(direct) / (none),(direct),銀髮住宅可望成為台灣房地產市場的新藍海｜劉佩真觀點 - 遠雄房地產,/life-proposal/expert_peizhen_commercial_elderly-residence_20250509/,2,3,3,1.5,11
google / organic,(organic),輝達黃仁勳旋風對於台灣房市帶來的正面效應｜劉佩真觀點 - 遠雄房地產,/life-proposal/expert_peizhen_commercial_nvidia_20250603/,2,3,2,1,1.5
(direct) / (none),(direct),[影音] 半導體業近期投資趨勢將如何影響國內商用不動產的表現 - 遠雄房地產,/life-proposal/expert_peizhen_semiconductor_video/,2,3,5,2.5,24
(not set),20251107一輪播,[影音] 半導體業近期投資趨勢將如何影響國內商用不動產的表現 - 遠雄房地產,/life-proposal/expert_peizhen_semiconductor_video/,2,3,8,4,137
google / organic,(organic),劉佩真觀點：科技業對於辦公大樓租賃或購置的需求趨勢 - 遠雄房地產,/life-proposal/expert_peizhen_tech-office_20240206/,2,3,4,2,21
(direct) / (none),(direct),專家觀點地政篇：合資買房如何保障自身權益？ - 遠雄房地產,/life-proposal/expert_zhu_buyhouse_joint_20240117/,2,3,3,1.5,0.5
tw.search.yahoo.com / referral,(referral),空屋稅的真相？房子閒置前你該考慮的事｜專家觀點地政篇 - 遠雄房地產,/life-proposal/expert_zhu_eht_20250625/,2,3,3,1.5,111
(direct) / (none),(direct),[ 影音 ]專家觀點地政篇：房產移轉如何過戶子女才划算？ - 遠雄房地產,/life-proposal/expert_zhu_inherited_20230512/,2,3,2,1,5.5
google / organic,(organic),限貸令對各族群影響 (上) 選擇性信用管制解析與問題點｜專家觀點地政篇 - 遠雄房地產,/life-proposal/expert_zhu_loan-restriction_20250110/,2,3,2,1,6.5
tw.search.yahoo.com / referral,(referral),專家觀點地政篇：私法人取得不動產的限制 - 遠雄房地產,/life-proposal/expert_zhu_private-corporation_20231114/,2,3,2,1,59.5
tw.search.yahoo.com / referral,(referral),私法人取得不動產的限制｜專家觀點地政篇 - 遠雄房地產,/life-proposal/expert_zhu_private-corporation_20231114/,2,3,2,1,21.5
(direct) / (none),(direct),不動產贈與要注意什麼？配偶跟子女，分產稅制大不同｜專家觀點地政篇 - 遠雄房地產,/life-proposal/expert_zhu_property_divide_gifttax2_20241024/,2,3,3,1.5,135
google / organic,(organic),[影音] 實價登錄全面攻略- 不動產交易查詢藏在細節裡 - 遠雄房地產,/life-proposal/expert_zhu_property_law2_vedio_20241031/,2,3,2,1,79
google / organic,(organic),[影音] 專家觀點地政篇：限貸令風暴有解嗎 - 限貸令例外狀況 - 遠雄房地產,/life-proposal/expert_zhu_property_loan-ratio-exception_vedio_20250214/,2,3,3,1.5,23.5
bing / organic,(organic),只有不動產怎麼繳遺產稅？實物抵繳是否划算？｜專家觀點地政篇 - 遠雄房地產,/life-proposal/expert_zhu_property_offset-2_20241220/,2,3,2,1,55
bing / organic,(organic),親屬間不動產交易的稅務優化策略與案例解析｜專家觀點地政篇 - 遠雄房地產,/life-proposal/expert_zhu_second-degree_20250321/,2,3,2,1,32
google / organic,(organic),[影音] 避免誤入稅務陷阱：贈與稅善用免稅額 - 遠雄房地產,/life-proposal/expert_zhu_tax_gifttax_vedio_20240206/,2,3,3,1.5,68.5
google / organic,(organic),初次購屋，首購族要分析的重點為何? - 遠雄房地產,/life-proposal/firstbuy_20230427/,2,3,2,1,3
(not set),20251230一輪播,換屋族看過來，房地合一稅與土增稅要點筆記！ - 遠雄房地產,/life-proposal/house_and_land/,2,3,1,0.5,0
(not set),20251209一輪播,交屋看仔細，常見交屋糾紛有哪些？ - 遠雄房地產,/life-proposal/kw_delivery_20230607/,2,3,0,0,0
yahoo / organic,(organic),買房大小事：戶籍遷入如何辦理？ - 遠雄房地產,/life-proposal/land_household_registration/,2,3,2,1,49.5
google / organic,(organic),超高齡台灣，誰適合「以房養老」? - 遠雄房地產,/life-proposal/reverse_mortgage/,2,3,2,1,71
google / organic,(organic),小宅攻略 ∣ 頂客質感生活這樣設計 - 遠雄房地產,/life-proposal/space_design_smallhouse3_20240607/,2,3,3,1.5,13
(direct) / (none),(direct),工料雙漲下的省錢裝潢 | 新屋廚房三大必修省錢術 - 遠雄房地產,/life-proposal/space_furnish_kitchen_20240102/,2,3,2,1,97.5
(direct) / (none),(direct),工料雙漲下的省錢裝潢 | 油漆DIY 老屋變新貌 - 遠雄房地產,/life-proposal/space_furnish_paint_20231128/,2,3,2,1,22.5
(direct) / (none),(direct),空間放大術：小坪數變身大空間有妙招 - 遠雄房地產,/life-proposal/theme_ping_20230117/,2,3,3,1.5,82
google / cpc,(organic),生活提案： 專家房市觀點、空間美學指南 -遠雄房地產,/life_proposal/,2,3,3,1.5,0.5
bing / organic,(organic),專家觀點：解析房市動向與購屋建議 -遠雄房地產,/life_proposal/experts_point/,2,3,3,1.5,17.5
tw.search.yahoo.com / referral,(referral),安心生活：三大保固升級服務 -遠雄房地產,/life_proposal/peace_mind/,2,3,2,1,13.5
google / organic,(organic),找不到頁面 - 遠雄房地產,/llms.txt,2,3,3,1.5,1.5
(not set),20251107一輪播,找不到頁面 - 遠雄房地產,/llms.txt,2,3,3,1.5,8.5
(direct) / (none),(direct),遠雄泱玥 | 水岸正首席．北士科首獻｜57-75坪-郭仲祥-遠雄房地產 Farglory-Realty,/main/review/64/G1291,2,3,3,1.5,0
line-lap / bh7,lap-2,隱私權聲明 - 遠雄房地產,/privacy/,2,3,2,1,27.5
fb / ar1,leads,林白芷業務個人介紹 - 齊興緻,/sales/ar1/B3622/,2,3,2,1,7.5
line-lap / cqh1,lap-3,鄧娟業務個人介紹 - 村泉蒔美,/sales/cqh1/B2380/,2,3,2,1,20
line-lap / dh2,15,蔡旻芮業務個人介紹 - 遠雄山禾,/sales/dh2/B6132/,2,3,3,1.5,7
(direct) / (none),(direct),李芊儀業務個人介紹 - 遠雄峰蘊,/sales/eh1/G0595/,2,3,2,1,5
bing / organic,(organic),洪梓芸業務個人介紹 - 遠雄一靚,/sales/eh2/B5986/,2,3,2,1,23
bing / organic,(organic),徐靖業務個人介紹 - 遠雄一靚,/sales/eh2/G0597/,2,3,2,1,10.5
line-fgr / bh7,linefgrbh7,服務條款暨隱私權聲明 -遠雄房地產,/terms-of-service_and_privacy/,2,3,2,1,0
google / organic,(organic),遠雄香榭園(新北市中和區)住戶-闕先生口碑推薦- 遠雄房地產,/wom-recommendation/mr-que/,2,3,3,1.5,44
google / organic,(organic),搜尋結果 - 遠雄房地產,/搜尋結果/,2,3,2,1,1
google / cpc,(organic),預約成功 - 遠雄房地產,/預約成功感謝頁/,2,3,3,1.5,13.5
google / organic,(organic),全球貨幣戰：穩定幣的發展與投資機會 | 財經M平方觀點 - 遠雄房地產,/,1,3,6,6,88
(direct) / (none),(direct),嘉福青鳥之美｜享受生活之美-橫溪是新生活的開始，更是回家的方向,/,1,3,2,2,0
tinyurl.com / referral,(referral),遠雄房地產：最懂生活的購屋專家,/,1,3,3,3,11
webnews / ar1,20250618,齊興緻-吳若榆-遠雄房地產 Farglory-Realty,/AR1/b4125,1,3,2,2,144
(not set),20251209一輪播,關於遠創力 - 遠雄房地產,/about/telecreative_marketing/,1,3,4,4,0
excel.officeapps.live.com / referral,(referral),遠雄幸福成｜即將落成 - 台中市清水區預售/新建案-預約賞屋，遠雄房地產,/buildings/H713/,1,3,2,2,74
app.omnichat.ai / referral,(referral),台中西屯建案【遠雄洄山行】．2-4房方正格局,/buildings/bh8/,1,3,4,4,26
fb / hm2,20251104TA,台中西屯建案【遠雄洄山行】．2-4房方正格局,/buildings/bh8/,1,3,2,2,34
google / cpc,brand,(1) 封未讀訊息 | 高雄建案推薦【遠雄峰蘊】- 三民區預售屋．近科工館,/buildings/eh1/,1,3,1,1,6
fb / 5vo1,20251102,遠雄一靚｜楠梓新案．高大特區首發｜早鳥預約中,/buildings/eh2/,1,3,1,1,12
fb / hm2,20251101,遠雄信義CENTER-新北市板橋區廠辦.商辦/預售新建案-預約賞屋,/buildings/fm3/,1,3,1,1,121
google / organic,(organic),找不到頁面 - 遠雄房地產,/buildings/h101b/https://www.farglory-realty.com.tw/buildings/h101b/,1,3,4,4,8
l.facebook.com / referral,(referral),遠雄幸福成｜即將落成 - 台中市清水區預售/新建案-預約賞屋，遠雄房地產,/buildings/h713/,1,3,2,2,5
fb / bh7,20251215post,遠雄幸福成｜即將落成 - 台中市清水區預售/新建案-預約賞屋，遠雄房地產,/buildings/h713/,1,3,2,2,6
line-lap / hh2,20240410,找不到頁面 - 遠雄房地產,/buildings/hh2/,1,3,3,3,2
yahoo_native / 5vo1,202510_2,找不到頁面 - 遠雄房地產,/buildings/shqmo01/,1,3,4,4,0
fb / eh1,TA_10-1,熱銷建案一覽：遠雄全台預售屋、新建案、新成屋資訊,/case/search/,1,3,3,3,0
fb / eh5,fb31-5,熱銷建案一覽：遠雄全台預售屋、新建案、新成屋資訊,/case/search/,1,3,5,5,21
tagassistant.google.com / referral,(referral),熱銷建案一覽：遠雄全台預售屋、新建案、新成屋資訊,/case/search/page/2/,1,3,3,3,8
google / organic,(organic),主選單_關於我們 - 遠雄房地產,/jet-menu/mega-item-3714/,1,3,4,4,17
google / organic,(organic),智慧宅風潮來襲，AI讓家變聰明 - 遠雄房地產,/life-proposal/ai_property_20230327/,1,3,2,2,473
google / cpc,area,建案熱區巡禮：高雄農十六（凹子底地區）指標豪宅生活區 - 遠雄房地產,/life-proposal/area-s-kaohsiung-farm1620200520/,1,3,4,4,64
google / cpc,brand0829,建案熱區巡禮：台中北屯區14期重劃區 - 學區篇 - 遠雄房地產,/life-proposal/area_txg_beitun_14th_school_20240917/,1,3,2,2,68
(not set),20251209一輪播,卫浴日常清洁保养技巧：延长设备寿命的必备指南【居家百科】 - 远雄房地产,/life-proposal/bathroom/,1,3,1,1,25
localhost:5181 / referral,(referral),借名登記的房地產，也可以作為遺產分割的標的嗎？ | 永然法律不動產專欄 - 遠雄房地產,/life-proposal/expert_law_y-rlee_nominee-inheritance/,1,3,3,3,5
(direct) / (none),(direct),Al新十大建設對未來房市的具體影響｜李同榮觀點 - 遠雄房地產,/life-proposal/expert_li_ai-projects_20250715/,1,3,1,1,6
tw.search.yahoo.com / referral,(referral),財經M平方觀點：降息循環啟動！未來該如何調整資產配置？ - 遠雄房地產,/life-proposal/expert_macromicro_cut-interest-rates_20241030/,1,3,5,5,193
excel.officeapps.live.com / referral,(referral),全球超長債殖利率飆升：結構性壓力與長短期解方全解析 - 遠雄房地產,/life-proposal/expert_macromicro_global-bond-yields/,1,3,5,5,15
google_kw / 5vo1,202511,劉佩真觀點：輝達黃仁勳旋風對於台灣房市帶來的正面效應 - 遠雄房地產,/life-proposal/expert_peizhen_commercial_nvidia_20250603/,1,3,3,3,855
(not set),20251230一輪播,[影音] 科學園區帶動房市新熱潮：竹科、中科、南科的投資分析｜劉佩真觀點 - 遠雄房地產,/life-proposal/expert_peizhen_science-park-housing/,1,3,0,0,5
google / cpc,gdn11-2,何世昌觀點：輝達總部確立，房市受惠區在哪裡？ - 遠雄房地產,/life-proposal/expert_thinktank_nvidia_20250729/,1,3,3,3,128
mapp.local / referral,(referral),自用住宅免稅400萬怎麼申請？「持有、設籍、實住」3點不能忽略 | 專家觀點地政篇 - 遠雄房地產,/life-proposal/expert_zhu_ownership-criteria/,1,3,2,2,221
(not set),20251107一輪播,遠雄聯手蘇喻哲打造高雄科工館「健康宅」遠雄琢蘊，遠雄左岸串連1300公頃河邊綠地,/life-proposal/natural-design/,1,3,3,3,0
excel.officeapps.live.com / referral,(referral),輝達落腳時程出爐，北士科商辦掀全球卡位戰 - 遠雄房地產,/life-proposal/nvidia-beishi-office/,1,3,2,2,58
(not set),20251209一輪播,不動產節稅妙招：自用住宅用地優惠稅率不可不知 - 遠雄房地產,/life-proposal/tax_mitigation_land_20220902/,1,3,2,2,0
(not set),20251023一輪播,聰明買房不吃虧，謄本訊息知多少 - 遠雄房地產,/life-proposal/transcript_20221007/,1,3,3,3,0
google / organic,(organic),遠雄MetaLink科技園區-吳瓖洺-遠雄房地產 Farglory-Realty,/main/review/72/g1288,1,3,3,3,106
(not set),20251107一輪播,遠雄房地產預約賞屋(線上賞屋與預約賞屋),/make_appointment/,1,3,2,2,9
google / cpc,brand,賴玫蓁業務個人介紹 - 遠雄峰蘊,/sales/eh1/G0881/,1,3,3,3,54
line / o1,line202207-2,遠雄THE ONE | 獨一無二極致生活 僅獻給每一位層峰,/,0,3,3,null,null
gdn / fm1,202304-1,找不到頁面 - 遠雄房地產,/buildings/fm1/,0,3,3,null,null
(not set),20251023一輪播,遠雄信義CENTER-新北市板橋區廠辦.商辦/預售新建案-預約賞屋,/buildings/fm3/,0,3,3,null,null
line-lap / eh2,20251101,何世昌觀點：2025年南台灣房市潛力區域專題報導 - 10大優質投資區域分析 - 遠雄房地產,/life-proposal/expert_hoshichang_south-potential/,0,3,3,null,null
(not set),20251209一輪播,何世昌觀點：2025年南台灣房市潛力區域專題報導 - 10大優質投資區域分析 - 遠雄房地產,/life-proposal/expert_hoshichang_south-potential/,0,3,1,null,null
(not set),20251107一輪播,財經M平方觀點：去庫存壓力來襲，2 個訊號看製造業何時落底 - 遠雄房地產,/life-proposal/expert_macromicro20220726/,0,3,3,null,null
bing / organic,(organic),預售屋買賣契約中的交屋保留款與建材設備約定｜永然法律不動產專欄 - 遠雄房地產,/life-proposal/expert_law_y-rlee_retention-money_20250704/,3,3,3,1,50
(direct) / (none),(direct),遠雄房地產官網滿意度問券調查-2025年第一季-得獎公告 - 遠雄房地產,/activity-report/遠雄房地產官網滿意度問券調查-2025年第一季-得獎公/,2,2,2,1,16
(not set),20251107一輪播,修繕小知識：木地板刮傷怎麼辦？【居家百科】 - 遠雄房地產,/life-proposal/woodfix/,0,2,2,null,null
(direct) / (none),(direct),【遠雄北府苑】｜台南首座全齡通用認證宅，爭藏絕版，市心重劃，稀有2-4房,/,2,2,2,1,28
bing / organic,(organic),您正在找 - 遠雄房地產,/,2,2,2,1,4.5
mkto-sn070013.com / referral,(referral),您正在找 - 遠雄房地產,/,2,2,4,2,3
google / cpc,遠雄幸福成_H713_關鍵字_0516_外縣市,您正在找 - 遠雄房地產,/,2,2,7,3.5,23.5
google / organic,(organic),您正在找 farglory-realty-about - 遠雄房地產,/,2,2,4,2,16.5
google / organic,(organic),找不到頁面 - 遠雄房地產,/,2,2,4,2,0.5
geo.dailymotion.com / referral,(referral),遠房實價登錄,/,2,2,2,1,0
line / bh5,(referral),遠房實價登錄,/,2,2,2,1,0
fb / h713,106,遠房實價登錄,/,2,2,2,1,0
webnews / bh9,11405,遠房實價登錄,/,2,2,3,1.5,0
fb / paid,120224631795180316,遠房實價登錄,/,2,2,2,1,0
fb / paid,120224909927020347,遠房實價登錄,/,2,2,2,1,0
fb / O1,120227538157820464,遠房實價登錄,/,2,2,2,1,0
ig / paid,120229486716970138,遠房實價登錄,/,2,2,2,1,0
fb / paid,120238552444900537,遠房實價登錄,/,2,2,2,1,0
webnews / eh1,20230915,遠房實價登錄,/,2,2,2,1,0
gdn / bh6,20240129gdn,遠房實價登錄,/,2,2,2,1,0
line-lap / h902,20240603,遠房實價登錄,/,2,2,2,1,0
web / ah2,202501-vogue,遠房實價登錄,/,2,2,2,1,0
web-ettoday / bh8,20250121,遠房實價登錄,/,2,2,2,1,0
web-chinatimes / o1,20250326,遠房實價登錄,/,2,2,2,1,0
fb / o1,20250402_15-3,遠房實價登錄,/,2,2,2,1,0
google_kw / AR1,20250616_房地產投資,遠房實價登錄,/,2,2,2,1,0
dm-point / bh7,202508,遠房實價登錄,/,2,2,2,1,0
gdn / bh10,20251-1-6mix,遠房實價登錄,/,2,2,2,1,0
google / cpc,20251017-2-1,遠房實價登錄,/,2,2,2,1,0
yahoo_native / 5vo1,202510_4,遠房實價登錄,/,2,2,13,6.5,0
google / cpc,20251209一輪播,遠房實價登錄,/,2,2,2,1,0
lbs-sms / fm3,20251229,遠房實價登錄,/,2,2,4,2,0
(not set),20251230一輪播,遠房實價登錄,/,2,2,2,1,0
google_kw / h902,230112,遠房實價登錄,/,2,2,2,1,0
fb / bh5,34,遠房實價登錄,/,2,2,3,1.5,0
fb / h707,34,遠房實價登錄,/,2,2,2,1,0
fb / bh5,38,遠房實價登錄,/,2,2,2,1,0
fb / bh5,39,遠房實價登錄,/,2,2,2,1,0
fb / bh7,4,遠房實價登錄,/,2,2,2,1,0
fb / h707,40,遠房實價登錄,/,2,2,3,1.5,0
line-lap / dh2,6,遠房實價登錄,/,2,2,2,1,0
line-lap / dh2,9,遠房實價登錄,/,2,2,2,1,0
sms / aep-cdp,CRM-001-D,遠房實價登錄,/,2,2,2,1,0
fb / eh1,TA_10-2,遠房實價登錄,/,2,2,2,1,0
line / bh9,area,遠房實價登錄,/,2,2,2,1,0
google_kw / fh2,brand,遠房實價登錄,/,2,2,2,1,0
google_kw / o1,brand,遠房實價登錄,/,2,2,2,1,0
google_kw / bh10,competitor,遠房實價登錄,/,2,2,2,1,0
gdn / bh7,core,遠房實價登錄,/,2,2,2,1,0
fb / ah2,fb-23,遠房實價登錄,/,2,2,2,1,0
fb / dh2,fb-9,遠房實價登錄,/,2,2,2,1,0
fb / bh10,fb11-4,遠房實價登錄,/,2,2,2,1,0
fb / bh10,fb11-7,遠房實價登錄,/,2,2,2,1,0
fb / bh10,fb20259-3,遠房實價登錄,/,2,2,2,1,0
fb / bh10,fb20259-4,遠房實價登錄,/,2,2,2,1,0
fb / o1,fb27-2,遠房實價登錄,/,2,2,2,1,0
fb / ar1,fb3-2,遠房實價登錄,/,2,2,2,1,0
fb / ar1,fb4-2,遠房實價登錄,/,2,2,2,1,0
fb / bh10,fb6-3,遠房實價登錄,/,2,2,2,1,0
fb / bh8,fb9-2,遠房實價登錄,/,2,2,2,1,0
fb / bh6,fbfanpage1205,遠房實價登錄,/,2,2,2,1,0
google / cpc,gdn11-2,遠房實價登錄,/,2,2,2,1,0
google / cpc,information2,遠房實價登錄,/,2,2,2,1,0
fgr-line / fgr,kitchen,遠房實價登錄,/,2,2,2,1,0
line-lap / bh7,lap-1,遠房實價登錄,/,2,2,2,1,0
line-lap / cqh1,lap-2,遠房實價登錄,/,2,2,2,1,0
line-lap / bh9,lap-3,遠房實價登錄,/,2,2,3,1.5,0
leju / ah2,lejupage,遠房實價登錄,/,2,2,2,1,0
leju / bh9,lejupage,遠房實價登錄,/,2,2,6,3,8
line / bh10,line1219,遠房實價登錄,/,2,2,2,1,0
line / eh1,line1224,遠房實價登錄,/,2,2,2,1,0
google_kw / o1,luxury-apartment,遠房實價登錄,/,2,2,2,1,0
mydachi / bh10,mydachiwebsite1217,遠房實價登錄,/,2,2,4,2,0
google / cpc,o1,遠房實價登錄,/,2,2,2,1,0
fb / bh5,privacy,遠房實價登錄,/,2,2,3,1.5,0
fb / dh2,privacy,遠房實價登錄,/,2,2,3,1.5,8
google / cpc,sitelink,遠房實價登錄,/,2,2,2,1,0
lbs-sms / ah2,sms1141008,遠房實價登錄,/,2,2,2,1,0
google / cpc,taipei,遠房實價登錄,/,2,2,3,1.5,0
web-udn / eh2,udn_202512,遠房實價登錄,/,2,2,2,1,0
web / bh10,web-event1220,遠房實價登錄,/,2,2,2,1,0
line / ah2-message,(not set),遠雄房地產：最懂生活的購屋專家,/,2,2,2,1,5.5
fb / eh2,12-1,遠雄房地產：最懂生活的購屋專家,/,2,2,2,1,12
fb / O1,20211001,遠雄房地產：最懂生活的購屋專家,/,2,2,2,1,3.5
line-lap / ao1,20240724_7-2,遠雄房地產：最懂生活的購屋專家,/,2,2,2,1,4
line-lap / ao1,20241004_10-1,遠雄房地產：最懂生活的購屋專家,/,2,2,2,1,1.5
line-lap / ao1,20250203_12-4,遠雄房地產：最懂生活的購屋專家,/,2,2,2,1,1
line-lap / ao1,20250221_2-1,遠雄房地產：最懂生活的購屋專家,/,2,2,2,1,1.5
line-lap / ao1,20250424_4-5,遠雄房地產：最懂生活的購屋專家,/,2,2,2,1,1.5
google / cpc,20250616_品牌字,遠雄房地產：最懂生活的購屋專家,/,2,2,2,1,12
(not set),20251023一輪播,遠雄房地產：最懂生活的購屋專家,/,2,2,2,1,3.5
google_kw / 5vo1,202511,遠雄房地產：最懂生活的購屋專家,/,2,2,2,1,1
fgr-line / cqh1,20251206,遠雄房地產：最懂生活的購屋專家,/,2,2,3,1.5,16
fb / bh11,8-1,遠雄房地產：最懂生活的購屋專家,/,2,2,2,1,3.5
google / cpc,CQH1-品牌字,遠雄房地產：最懂生活的購屋專家,/,2,2,2,1,7.5
GDC / (not set),GDC,遠雄房地產：最懂生活的購屋專家,/,2,2,2,1,0
apple_daily / 1113,O1,遠雄房地產：最懂生活的購屋專家,/,2,2,2,1,0
google / cpc,brand0829,遠雄房地產：最懂生活的購屋專家,/,2,2,2,1,5.5
google / cpc,com,遠雄房地產：最懂生活的購屋專家,/,2,2,3,1.5,16.5
google / cpc,core,遠雄房地產：最懂生活的購屋專家,/,2,2,2,1,20.5
fb / cqh1,fb-26,遠雄房地產：最懂生活的購屋專家,/,2,2,2,1,24.5
fb / fh2,fb12-3,遠雄房地產：最懂生活的購屋專家,/,2,2,2,1,10.5
fb / bh8,fb22-2,遠雄房地產：最懂生活的購屋專家,/,2,2,2,1,15.5
fb / eh5,fb31-6,遠雄房地產：最懂生活的購屋專家,/,2,2,3,1.5,7
fb / fh2,fbfanpage,遠雄房地產：最懂生活的購屋專家,/,2,2,2,1,7
fb / fh2,fbfanpage1226,遠雄房地產：最懂生活的購屋專家,/,2,2,3,1.5,3.5
fg / o1,fg,遠雄房地產：最懂生活的購屋專家,/,2,2,3,1.5,37.5
googlemap / H109,googlemap,遠雄房地產：最懂生活的購屋專家,/,2,2,2,1,18
fb / fh2,leads,遠雄房地產：最懂生活的購屋專家,/,2,2,2,1,6
line-lap / h109,line-lab3-3,遠雄房地產：最懂生活的購屋專家,/,2,2,3,1.5,8
line-lap / h109,line-lap7-1,遠雄房地產：最懂生活的購屋專家,/,2,2,2,1,4.5
line-lap / h109,line-lap7-2,遠雄房地產：最懂生活的購屋專家,/,2,2,2,1,1.5
line-lap / h109,line-lap8-2,遠雄房地產：最懂生活的購屋專家,/,2,2,2,1,1.5
line-lap / h109,line-lappost9-1,遠雄房地產：最懂生活的購屋專家,/,2,2,2,1,2
line-lap / H109,line1,遠雄房地產：最懂生活的購屋專家,/,2,2,2,1,4
line-lap / H109,line2,遠雄房地產：最懂生活的購屋專家,/,2,2,2,1,3
line-lap / H109,line3,遠雄房地產：最懂生活的購屋專家,/,2,2,2,1,3
line-lap / H109,line4,遠雄房地產：最懂生活的購屋專家,/,2,2,2,1,3.5
google / cpc,遠雄幸福成_H713_關鍵字_0516_中彰,遠雄房地產：最懂生活的購屋專家,/,2,2,3,1.5,8
google / organic,(organic),關於遠創力 - 遠雄房地產,/,2,2,3,1.5,18
google / organic,(organic),遠雄夏沐-線上接待中心,/404,2,2,4,2,0
google / organic,(organic),找不到頁面 - 遠雄房地產,/404/,2,2,3,1.5,8
(direct) / (none),(direct),齊興緻-呂柔誼-遠雄房地產 Farglory-Realty,/AR1/g0155,2,2,2,1,0
google_kw / mdrive,H113,找不到頁面 - 遠雄房地產,/Build/Detail/H113,2,2,2,1,0
google_kw / dx,H136,找不到頁面 - 遠雄房地產,/Build/Detail/H136,2,2,2,1,0
google_kw / mdrive,H136,找不到頁面 - 遠雄房地產,/Build/Detail/H136,2,2,2,1,0
google_kw / mdrive,H138,找不到頁面 - 遠雄房地產,/Build/Detail/H138,2,2,2,1,0
google / google,(referral),找不到頁面 - 遠雄房地產,/Build/Detail/H608,2,2,2,1,4
H808-1080517-FBpage / referral,(referral),找不到頁面 - 遠雄房地產,/Build/Detail/H808,2,2,2,1,0
gdn / cacafly,H810,找不到頁面 - 遠雄房地產,/Build/Detail/H810,2,2,2,1,0
tagtoo / cpc,(organic),找不到頁面 - 遠雄房地產,/Build/Detail/H901,2,2,2,1,0
google_kw / cpc,project,找不到頁面 - 遠雄房地產,/City/台中市,2,2,2,1,0
(direct) / (none),(direct),遠雄幸福成,/H713/main,2,2,2,1,10
bing / organic,(organic),遠雄幸福成,/H713/main,2,2,2,1,19.5
tw.search.yahoo.com / referral,(referral),遠雄幸福成,/H713/main,2,2,2,1,11
(direct) / (none),(direct),找不到頁面 - 遠雄房地產,/Latest_news/events,2,2,2,1,79.5
farglory.com.tw / referral,(referral),關於我們-遠雄房地產,/about/,2,2,2,1,40
googlemap / o1,googlemap,關於我們-遠雄房地產,/about/,2,2,2,1,3.5
tw.search.yahoo.com / referral,(referral),影像光廊：建案風采-遠雄房地產,/about/brand_gallery/,2,2,5,2.5,122
google / cpc,202511,品牌實力-遠雄房地產,/about/brand_performance_backup/,2,2,2,1,12
(not set),20251209一輪播,品牌實力-遠雄房地產,/about/brand_performance_backup/,2,2,2,1,5
avivid / bh11,20251212,品牌實力-遠雄房地產,/about/brand_performance_backup/,2,2,2,1,18.5
(direct) / (none),(direct),優勢榮耀 - 遠雄房地產,/about/branded_advantages/,2,2,2,1,0
google / organic,(organic),相關企業-遠雄房地產,/about/related_business/,2,2,3,1.5,10
google / organic,(organic),關於遠創力 - 遠雄房地產,/about/telecreative_marketing-3/,2,2,10,5,46.5
m.facebook.com / referral,(referral),關於遠創力 - 遠雄房地產,/about/telecreative_marketing/,2,2,2,1,0
google / cpc,202511,關於遠創力 - 遠雄房地產,/about/telecreative_marketing/,2,2,4,2,33
google / organic,(organic),品牌實績_備份 - 遠雄房地產,/about/品牌實績_備份/,2,2,3,1.5,11
(not set),20251209一輪播,活動報報 彙整 - 頁11，共14 - 遠雄房地產,/activity-report-category/activities_glance/page/11/,2,2,2,1,1
google / organic,(organic),活動報報 彙整 - 頁12，共14 - 遠雄房地產,/activity-report-category/activities_glance/page/12/,2,2,3,1.5,11
google / organic,(organic),活動報報 彙整 - 頁2，共14 - 遠雄房地產,/activity-report-category/activities_glance/page/2/,2,2,2,1,1.5
google / organic,(organic),活動報報 彙整 - 頁5，共14 - 遠雄房地產,/activity-report-category/activities_glance/page/5/,2,2,2,1,5.5
google / organic,(organic),遠雄敦富《城市潮流漫步生活節》，享受愜意生活的完美假日 - 遠雄房地產,/activity-report/bh10_20241217/,2,2,2,1,6.5
google / organic,(organic),遠雄寬寓 KC的奇想寓所-張綺玲創作個展 - 遠雄房地產,/activity-report/bh1_art/,2,2,3,1.5,10.5
google / organic,(organic),水湳氣質系建案【遠雄藝舍】新春邀客戶藝起玩藝術  - 遠雄房地產,/activity-report/dh6_cny_20240202/,2,2,2,1,10.5
google / organic,(organic),春遊PARK16 - 新春快閃優惠 簽訂6%入主蛋黃區 - 遠雄房地產,/activity-report/eh3_2023cny/,2,2,2,1,4
(direct) / (none),(direct),遠雄建設獲 SGS 年度創新獎 首家通過 ISO 59000 循環經濟驗證建築品牌 - 遠雄房地產,/activity-report/fg_land_news2/,2,2,2,1,13.5
google / organic,(organic),「春遊東御苑」新春系列活動，住戶限定搶先報名 - 遠雄房地產,/activity-report/h807_cny_2024012t/,2,2,2,1,24
(not set),(not set),遠雄【好室智造所】全台巡迴從台中港熱鬧啟航，永續藍圖逐步落實 - 遠雄房地產,/activity-report/hauslab_2025/,2,2,1,0.5,3.5
(direct) / (none),(direct),遠雄房地產 官方LINE🌕9月好康不只奔月 還要奔向大巨蛋 ⚾-得獎公告 - 遠雄房地產,/activity-report/september-events/,2,2,2,1,10
statics.teams.cdn.office.net / referral,(referral),遠雄房地產官網滿意度問券調查-2025年第三季-得獎公告 - 遠雄房地產,/activity-report/第三季得獎公告/,2,2,3,1.5,31.5
google / cpc,information4,【遠雄一靚】好室智造所 行動策展｜光．再生手作體驗💡 - 遠雄房地產,/activity-report/遠雄一靚-好室智造所行動策展/,2,2,2,1,8.5
google / organic,(organic),遠雄房地產 官方LINE | 7萬好友感謝祭！7770 LINE POINTS大放送！ - 遠雄房地產,/activity-report/遠雄房地產-7萬好友/,2,2,2,1,6.5
(direct) / (none),(direct),遠雄房地產 官方LINE | 8萬好友 8萬感謝! - 遠雄房地產,/activity-report/遠雄房地產-官方line-8萬好友-8萬感謝/,2,2,2,1,31
google / cpc,(organic),(not set),(not set),2,2,0,0,0
google / organic,(organic),遠雄房地產官網滿意度問券調查-2025年第一季-得獎公告 - 遠雄房地產,/activity-report/遠雄房地產官網滿意度問券調查-2025年第一季-得獎公/,2,2,2,1,2
(direct) / (none),(direct),遠雄沐蘊 | 夏日感恩大回饋🎁好鄰介紹所開張囉! - 遠雄房地產,/activity-report/遠雄沐蘊-夏日感恩大回饋-好鄰介紹所開張囉/,2,2,2,1,1.5
bing / organic,(organic),活動報報：最新活動一覽與公告資訊 -遠雄房地產,/activity_report/,2,2,2,1,0.5
facebook.com / referral,(referral),活動報報：最新活動一覽與公告資訊 -遠雄房地產,/activity_report/,2,2,2,1,2.5
google / cpc,area,活動報報：最新活動一覽與公告資訊 -遠雄房地產,/activity_report/,2,2,3,1.5,3.5
google / cpc,遠雄幸福成_H713_關鍵字_0516_中彰,活動報報：最新活動一覽與公告資訊 -遠雄房地產,/activity_report/,2,2,3,1.5,14.5
bing / organic,(organic),活動一覽：建案活動與會員好禮 -遠雄房地產,/activity_report/activities_glance/,2,2,2,1,13.5
fb / bh11,8-1,活動一覽：建案活動與會員好禮 -遠雄房地產,/activity_report/activities_glance/,2,2,2,1,14.5
(direct) / (none),(direct),找不到頁面 - 遠雄房地產,/amenities,2,2,2,1,0
google / organic,(organic),四月主題報 - 遠雄房地產,/april/,2,2,2,1,3
google_kw / H113,mrt,找不到頁面 - 遠雄房地產,/build/detail/h113,2,2,2,1,0
google / organic,(organic),找不到頁面 - 遠雄房地產,/build/detail/h148,2,2,2,1,0
google / vg,small,找不到頁面 - 遠雄房地產,/build/detail/h603,2,2,2,1,0
(direct) / (none),(direct),遠雄房地產精選成屋(台北、新北、台中、桃園、台南、高雄) - 遠雄房地產,/building-category-tag/featured_existing_house/,2,2,2,1,10
fgr-line / dh5,20251130,遠雄房地產精選成屋(台北、新北、台中、桃園、台南、高雄) - 遠雄房地產,/building-category-tag/featured_existing_house/,2,2,2,1,0.5
dogreat.com.tw / referral,(referral),精選廠辦 相關預售屋/新成屋/新建案資料|遠雄房地產,/building-category-tag/featured_factory_office/,2,2,2,1,8.5
google_gdn / 5vo1,gdn-01,精選廠辦 相關預售屋/新成屋/新建案資料|遠雄房地產,/building-category-tag/featured_factory_office/,2,2,2,1,5.5
google / cpc,needs,精選廠辦 相關預售屋/新成屋/新建案資料|遠雄房地產,/building-category-tag/featured_factory_office/,2,2,4,2,32
fb / eh1,11-1,遠雄房地產精選預售屋(台北、新北、台中、桃園、台南、高雄) - 遠雄房地產,/building-category-tag/featured_pre_sale/,2,2,2,1,12
fb / eh1,11-2,遠雄房地產精選預售屋(台北、新北、台中、桃園、台南、高雄) - 遠雄房地產,/building-category-tag/featured_pre_sale/,2,2,2,1,4
fb / eh2,12-1,遠雄房地產精選預售屋(台北、新北、台中、桃園、台南、高雄) - 遠雄房地產,/building-category-tag/featured_pre_sale/,2,2,2,1,13
fb / paid,120229486716970138,遠雄房地產精選預售屋(台北、新北、台中、桃園、台南、高雄) - 遠雄房地產,/building-category-tag/featured_pre_sale/,2,2,3,1.5,52.5
google_kw / BH8,20240816_台中 建案,遠雄房地產精選預售屋(台北、新北、台中、桃園、台南、高雄) - 遠雄房地產,/building-category-tag/featured_pre_sale/,2,2,3,1.5,22.5
google / cpc,20250616_房地產投資,遠雄房地產精選預售屋(台北、新北、台中、桃園、台南、高雄) - 遠雄房地產,/building-category-tag/featured_pre_sale/,2,2,2,1,9.5
(not set),20251209一輪播,遠雄房地產精選預售屋(台北、新北、台中、桃園、台南、高雄) - 遠雄房地產,/building-category-tag/featured_pre_sale/,2,2,2,1,0
web-cnyes / bh11,2512,遠雄房地產精選預售屋(台北、新北、台中、桃園、台南、高雄) - 遠雄房地產,/building-category-tag/featured_pre_sale/,2,2,5,2.5,64.5
fb / h707,31,遠雄房地產精選預售屋(台北、新北、台中、桃園、台南、高雄) - 遠雄房地產,/building-category-tag/featured_pre_sale/,2,2,2,1,4
google / cpc,CQH1-品牌字,遠雄房地產精選預售屋(台北、新北、台中、桃園、台南、高雄) - 遠雄房地產,/building-category-tag/featured_pre_sale/,2,2,2,1,10
google / cpc,CQH1-競品字,遠雄房地產精選預售屋(台北、新北、台中、桃園、台南、高雄) - 遠雄房地產,/building-category-tag/featured_pre_sale/,2,2,3,1.5,26.5
taboola / fm3,ConA02,遠雄房地產精選預售屋(台北、新北、台中、桃園、台南、高雄) - 遠雄房地產,/building-category-tag/featured_pre_sale/,2,2,2,1,47
google / cpc,beitun,遠雄房地產精選預售屋(台北、新北、台中、桃園、台南、高雄) - 遠雄房地產,/building-category-tag/featured_pre_sale/,2,2,2,1,20
dsp / cqh1,dsp-3,遠雄房地產精選預售屋(台北、新北、台中、桃園、台南、高雄) - 遠雄房地產,/building-category-tag/featured_pre_sale/,2,2,3,1.5,19.5
fb / eh5,fb12-3,遠雄房地產精選預售屋(台北、新北、台中、桃園、台南、高雄) - 遠雄房地產,/building-category-tag/featured_pre_sale/,2,2,2,1,28
fb / bh8,fb19-1,遠雄房地產精選預售屋(台北、新北、台中、桃園、台南、高雄) - 遠雄房地產,/building-category-tag/featured_pre_sale/,2,2,2,1,3.5
fb / bh8,fb20-1,遠雄房地產精選預售屋(台北、新北、台中、桃園、台南、高雄) - 遠雄房地產,/building-category-tag/featured_pre_sale/,2,2,2,1,16
fb / eh5,fb31-1,遠雄房地產精選預售屋(台北、新北、台中、桃園、台南、高雄) - 遠雄房地產,/building-category-tag/featured_pre_sale/,2,2,2,1,158.5
fb / eh1,formbutton,遠雄房地產精選預售屋(台北、新北、台中、桃園、台南、高雄) - 遠雄房地產,/building-category-tag/featured_pre_sale/,2,2,3,1.5,23
ig / social,ig,遠雄房地產精選預售屋(台北、新北、台中、桃園、台南、高雄) - 遠雄房地產,/building-category-tag/featured_pre_sale/,2,2,4,2,11.5
google / cpc,information4,遠雄房地產精選預售屋(台北、新北、台中、桃園、台南、高雄) - 遠雄房地產,/building-category-tag/featured_pre_sale/,2,2,2,1,10.5
fb / dh2,leads,遠雄房地產精選預售屋(台北、新北、台中、桃園、台南、高雄) - 遠雄房地產,/building-category-tag/featured_pre_sale/,2,2,2,1,2
line-lap / bh10,line-lap202511-3,遠雄房地產精選預售屋(台北、新北、台中、桃園、台南、高雄) - 遠雄房地產,/building-category-tag/featured_pre_sale/,2,2,3,1.5,22.5
google / cpc,taipei,遠雄房地產精選預售屋(台北、新北、台中、桃園、台南、高雄) - 遠雄房地產,/building-category-tag/featured_pre_sale/,2,2,2,1,2.5
web-udn / eh2,udn_202512,遠雄房地產精選預售屋(台北、新北、台中、桃園、台南、高雄) - 遠雄房地產,/building-category-tag/featured_pre_sale/,2,2,3,1.5,0.5
google / cpc,202511,遠雄房地產精選預售屋(台北、新北、台中、桃園、台南、高雄) - 遠雄房地產,/building-category-tag/featured_pre_sale/page/2/,2,2,4,2,37.5
(data not available),(cross-network),精選商辦 相關預售屋/新成屋/新建案資料|遠雄房地產,/building-category-tag/精選商辦/,2,2,2,1,1
google / cpc,(organic),綠建築相關預售屋/新成屋/新建案資料|遠雄房地產,/building-tag/build-tag-green/,2,2,2,1,16.5
google / organic,(organic),捷運宅相關預售屋/新成屋/新建案資料|遠雄房地產,/building-tag/build-tag-mrt/,2,2,2,1,48.5
google / cpc,(organic),重劃區相關預售屋/新成屋/新建案資料|遠雄房地產,/building-tag/build-tag-plan/,2,2,2,1,44
google / organic,(organic),重劃區相關預售屋/新成屋/新建案資料|遠雄房地產,/building-tag/build-tag-plan/page/2/,2,2,2,1,17
google / organic,(organic),制震宅相關預售屋/新成屋/新建案資料|遠雄房地產,/building-tag/build-tag-quake/,2,2,2,1,8.5
google / cpc,(organic),學區宅相關預售屋/新成屋/新建案資料|遠雄房地產,/building-tag/build-tag-school/,2,2,2,1,24
google / cpc,area,學區宅相關預售屋/新成屋/新建案資料|遠雄房地產,/building-tag/build-tag-school/,2,2,2,1,5
fb / bh10,fbearlybird_form,學區宅相關預售屋/新成屋/新建案資料|遠雄房地產,/building-tag/build-tag-school/,2,2,2,1,20.5
fb / bh8,leads,學區宅相關預售屋/新成屋/新建案資料|遠雄房地產,/building-tag/build-tag-school/,2,2,2,1,24
google / cpc,202511,商廠辦 彙整 - 遠雄房地產,/building-tag/商廠辦/,2,2,2,1,3
google / cpc,O1_品牌字_2025.0801,招待會所 彙整 - 遠雄房地產,/building-tag/招待會所/,2,2,2,1,7
avivid / bh11,20251212,景觀宅 彙整 - 遠雄房地產,/building-tag/景觀宅/,2,2,3,1.5,11.5
(direct) / (none),(direct),渡假宅 彙整 - 遠雄房地產,/building-tag/渡假宅/,2,2,2,1,1.5
google_gdn / 5vo1,gdn-01,"Công nghệ thông minh liên kết | Trụ sở chính Beishike AI, Trục trung tâm Huida - Văn phòng thương mại quận Beitou, Đài Bắc/Dự án xây dựng mới đang mở bán - Đặt lịch hẹn xem nhà, Far Eastern Marketing",/buildings/5vo1/,2,2,0,0,4
google_gdn / 5vo1,20251201,"LinkTech | Beishike AI Headquarters, Huida Core Axis - Taipei Beitou District Commercial Office/Pre-sale New Construction Project - Schedule a Viewing Appointment, Far Eastern Marketing",/buildings/5vo1/,2,2,0,0,0
google_gdn / 5vo1,20251201,"LinkTech | Kantor Pusat AI Beishike, Poros Inti Huida - Proyek Konstruksi Baru/Kantor Komersial Pra-penjualan Distrik Beitou Taipei - Jadwalkan Janji Temu untuk Melihat Lokasi, Far Eastern Marketing",/buildings/5vo1/,2,2,0,0,0
google_gdn / 5vo1,gdn-01,"Linked Intelligent Technology | Beishike AI Headquarters, Huida Core Axis - Taipei Beitou District Commercial Office/Pre-sale New Construction Project - Schedule a Viewing Appointment, Far Eastern Marketing",/buildings/5vo1/,2,2,0,0,130.5
google_gdn / 5vo1,202511_1102b,"Teknologi Cerdas Terhubung | Kantor Pusat AI Beishike, Poros Inti Huida - Proyek Konstruksi Baru/Pra-penjualan Kantor Komersial Distrik Beitou Taipei - Jadwalkan Janji Temu untuk Melihat Lokasi, Far Eastern Marketing",/buildings/5vo1/,2,2,0,0,0
google_kw / 5vo1,202511,联上智科｜北士科AI总部辉达核心轴线-台北市北投区商办/预售新建案-预约赏屋，远创力行销,/buildings/5vo1/,2,2,0,0,4.5
l.facebook.com / referral,(referral),聯上智科｜北士科AI總部 輝達核心軸線 -台北市北投區商辦/預售新建案-預約賞屋，遠創力行銷,/buildings/5vo1/,2,2,3,1.5,106.5
google_gdn / 5vo1,gdn-02,聯上智科｜北士科AI總部 輝達核心軸線 -台北市北投區商辦/預售新建案-預約賞屋，遠創力行銷,/buildings/5vo1/,2,2,2,1,0
google / cpc,gdn11-2,聯上智科｜北士科AI總部 輝達核心軸線 -台北市北投區商辦/預售新建案-預約賞屋，遠創力行銷,/buildings/5vo1/,2,2,2,1,10
line-lap / bh10,line-lap202511-6,聯上智科｜北士科AI總部 輝達核心軸線 -台北市北投區商辦/預售新建案-預約賞屋，遠創力行銷,/buildings/5vo1/,2,2,2,1,2
line-lap / bh10,line-lap202511-7,聯上智科｜北士科AI總部 輝達核心軸線 -台北市北投區商辦/預售新建案-預約賞屋，遠創力行銷,/buildings/5vo1/,2,2,2,1,4
fb / eh5,park,聯上智科｜北士科AI總部 輝達核心軸線 -台北市北投區商辦/預售新建案-預約賞屋，遠創力行銷,/buildings/5vo1/,2,2,2,1,14.5
gdn / 8fxz11,20250210a,找不到頁面 - 遠雄房地產,/buildings/8fxz11/,2,2,2,1,1.5
google / cpc,brand,遠創力行銷-未來店 | 全房產 專業仲介服務,/buildings/8hgs01/,2,2,2,1,38
ig / social,ig,遠創力行銷-未來店 | 全房產 專業仲介服務,/buildings/8hgs01/,2,2,2,1,20
webnews / ao1,20240519,找不到頁面 - 遠雄房地產,/buildings/AO1/,2,2,2,1,2.5
(direct) / (none),(direct),遠雄琉蘊 -台中市西屯區七期預售屋/新建案-預約賞屋，遠雄房地產,/buildings/BH5/,2,2,2,1,6.5
google_kw / BH8,20240816_建築師字,台中西屯建案【遠雄洄山行】．2-4房方正格局,/buildings/BH8/,2,2,2,1,24.5
google / cpc,遠雄幸福成_H713_關鍵字_0516_中彰,台中西屯建案【遠雄洄山行】．2-4房方正格局,/buildings/BH8/,2,2,2,1,7.5
google / organic,(organic),遠雄星呈-台中市清水區預售屋/新建案-預約賞屋，遠雄房地產,/buildings/H707/,2,2,1,0.5,2
fgr-line / fgr,expert_zhu_ownership-criteria,遠雄星呈-台中市清水區預售屋/新建案-預約賞屋，遠雄房地產,/buildings/H707/,2,2,3,1.5,0
(not set),(not set),北士科建案【遠雄泱玥】水岸首排．57-75坪,/buildings/ah2/,2,2,3,1.5,0
fb / paid,120224631795180316,北士科建案【遠雄泱玥】水岸首排．57-75坪,/buildings/ah2/,2,2,2,1,7.5
web / ah2,202501-vogue,北士科建案【遠雄泱玥】水岸首排．57-75坪,/buildings/ah2/,2,2,2,1,10.5
google / cpc,20250616_競品字,北士科建案【遠雄泱玥】水岸首排．57-75坪,/buildings/ah2/,2,2,2,1,41.5
google / cpc,core,北士科建案【遠雄泱玥】水岸首排．57-75坪,/buildings/ah2/,2,2,2,1,10.5
fb / ah2,fb-23,北士科建案【遠雄泱玥】水岸首排．57-75坪,/buildings/ah2/,2,2,2,1,2
line-lap / ah2,lap-1,北士科建案【遠雄泱玥】水岸首排．57-75坪,/buildings/ah2/,2,2,2,1,2
youtube / ah2,yt-1,北士科建案【遠雄泱玥】水岸首排．57-75坪,/buildings/ah2/,2,2,2,1,0
line-lap / ao1,20240410_4-4,找不到頁面 - 遠雄房地產,/buildings/ao1/,2,2,2,1,1
line-lap / ao1,20240612_6-2-1,找不到頁面 - 遠雄房地產,/buildings/ao1/,2,2,2,1,0
gdn / ao1,pmax_20241218,找不到頁面 - 遠雄房地產,/buildings/ao1/,2,2,2,1,0
google_kw / AR1,20250616_房地產投資,齊興_緻-台北市北投區/北士科住宅預售屋,/buildings/ar1/,2,2,2,1,0
google / cpc,O1_特色字_2025.0801,齊興_緻-台北市北投區/北士科住宅預售屋,/buildings/ar1/,2,2,2,1,15
fb / ar1,fb4-1,齊興_緻-台北市北投區/北士科住宅預售屋,/buildings/ar1/,2,2,2,1,3.5
chatgpt.com / (not set),(not set),北屯敦富路【遠雄敦富】- 北屯機捷預售屋．近好市多,/buildings/bh10/,2,2,2,1,16.5
web-ettoday / bh1,20211215,北屯敦富路【遠雄敦富】- 北屯機捷預售屋．近好市多,/buildings/bh10/,2,2,2,1,6
google_kw / BH8,20240816_品牌字,北屯敦富路【遠雄敦富】- 北屯機捷預售屋．近好市多,/buildings/bh10/,2,2,2,1,57
google_kw / BH8,20240816_透天/豪宅/別墅,北屯敦富路【遠雄敦富】- 北屯機捷預售屋．近好市多,/buildings/bh10/,2,2,2,1,24
google / cpc,202511,北屯敦富路【遠雄敦富】- 北屯機捷預售屋．近好市多,/buildings/bh10/,2,2,2,1,110
fb / bh7,8,北屯敦富路【遠雄敦富】- 北屯機捷預售屋．近好市多,/buildings/bh10/,2,2,2,1,1
google_kw / bh10,competitor,北屯敦富路【遠雄敦富】- 北屯機捷預售屋．近好市多,/buildings/bh10/,2,2,2,1,0
fb / bh10,fb11-3,北屯敦富路【遠雄敦富】- 北屯機捷預售屋．近好市多,/buildings/bh10/,2,2,2,1,1
fb / bh10,fb11-4,北屯敦富路【遠雄敦富】- 北屯機捷預售屋．近好市多,/buildings/bh10/,2,2,3,1.5,7
fb / bh10,fb11-7,北屯敦富路【遠雄敦富】- 北屯機捷預售屋．近好市多,/buildings/bh10/,2,2,2,1,89
fb / bh8,fb16-2,北屯敦富路【遠雄敦富】- 北屯機捷預售屋．近好市多,/buildings/bh10/,2,2,2,1,25
fb / bh10,fb202512-1,北屯敦富路【遠雄敦富】- 北屯機捷預售屋．近好市多,/buildings/bh10/,2,2,2,1,35
fb / bh10,fb20259-3,北屯敦富路【遠雄敦富】- 北屯機捷預售屋．近好市多,/buildings/bh10/,2,2,2,1,3.5
fb / bh10,fb20259-4,北屯敦富路【遠雄敦富】- 北屯機捷預售屋．近好市多,/buildings/bh10/,2,2,2,1,4
fb / bh10,fb6-3,北屯敦富路【遠雄敦富】- 北屯機捷預售屋．近好市多,/buildings/bh10/,2,2,2,1,0.5
line-lap / bh10,line-lap202502-2,北屯敦富路【遠雄敦富】- 北屯機捷預售屋．近好市多,/buildings/bh10/,2,2,2,1,2
mydachi / bh10,mydachiwebsite1217,北屯敦富路【遠雄敦富】- 北屯機捷預售屋．近好市多,/buildings/bh10/,2,2,2,1,31.5
fb / hch1,privacy,北屯敦富路【遠雄敦富】- 北屯機捷預售屋．近好市多,/buildings/bh10/,2,2,2,1,494.5
web-udn / bh10,web-udn1221,北屯敦富路【遠雄敦富】- 北屯機捷預售屋．近好市多,/buildings/bh10/,2,2,2,1,1.5
webnews / bh10,webnews-line1009,北屯敦富路【遠雄敦富】- 北屯機捷預售屋．近好市多,/buildings/bh10/,2,2,2,1,2
google_kw / bh1.2,品牌字,北屯敦富路【遠雄敦富】- 北屯機捷預售屋．近好市多,/buildings/bh10/,2,2,2,1,1
google / cpc,(not set),北屯敦富路【遠雄敦富】- 北屯機捷預售屋．近好市多,/buildings/bh10//,2,2,2,1,0
google / cpc,landmark0829,"Farglory Phase 14 Launch: Farglory Fengshang, a new project in Beitun, near Hanshin Intercontinental Department Store.",/buildings/bh11/,2,2,0,0,6.5
avivid / bh11,20251212,"Lanĉo de Farglory Fazo 14: Farglory Fengshang, nova projekto en Beitun, proksime al la Interkontinenta Grandmagazeno Hanshin.",/buildings/bh11/,2,2,0,0,2
google / cpc,20251204,"Ra mắt giai đoạn 14 của Farglory: Farglory Fengshang, một dự án mới tại Beitun, gần Trung tâm thương mại Hanshin Intercontinental.",/buildings/bh11/,2,2,0,0,191.5
(data not available),(cross-network),"Ra mắt giai đoạn 14 dự án Farglory: Farglory Fengshang, một dự án mới tại Beitun, gần trung tâm thương mại Hanshin Intercontinental.",/buildings/bh11/,2,2,0,0,19
chatgpt.com / (not set),(not set),遠雄14期首發【遠雄丰尚】北屯新案．近漢神洲際百貨,/buildings/bh11/,2,2,2,1,51.5
yahoo / organic,(organic),遠雄14期首發【遠雄丰尚】北屯新案．近漢神洲際百貨,/buildings/bh11/,2,2,2,1,35.5
l.facebook.com / referral,(referral),遠雄14期首發【遠雄丰尚】北屯新案．近漢神洲際百貨,/buildings/bh11/,2,2,3,1.5,0
line / linebutton,(referral),遠雄14期首發【遠雄丰尚】北屯新案．近漢神洲際百貨,/buildings/bh11/,2,2,3,1.5,57
google_kw / BH8,20240816_台中高價建案,遠雄14期首發【遠雄丰尚】北屯新案．近漢神洲際百貨,/buildings/bh11/,2,2,4,2,22
google_kw / BH8,20240816_透天/豪宅/別墅,遠雄14期首發【遠雄丰尚】北屯新案．近漢神洲際百貨,/buildings/bh11/,2,2,3,1.5,15.5
line-lap / ar1,20251017-2-1,遠雄14期首發【遠雄丰尚】北屯新案．近漢神洲際百貨,/buildings/bh11/,2,2,4,2,74.5
google / cpc,202511,遠雄14期首發【遠雄丰尚】北屯新案．近漢神洲際百貨,/buildings/bh11/,2,2,2,1,15
google / cpc,20251101-2-1,遠雄14期首發【遠雄丰尚】北屯新案．近漢神洲際百貨,/buildings/bh11/,2,2,4,2,96.5
(not set),20251230一輪播,遠雄14期首發【遠雄丰尚】北屯新案．近漢神洲際百貨,/buildings/bh11/,2,2,3,1.5,0
fb / bh7,9,遠雄14期首發【遠雄丰尚】北屯新案．近漢神洲際百貨,/buildings/bh11/,2,2,2,1,1
google / cpc,H707video_c,遠雄14期首發【遠雄丰尚】北屯新案．近漢神洲際百貨,/buildings/bh11/,2,2,3,1.5,10.5
google / cpc,competitor,遠雄14期首發【遠雄丰尚】北屯新案．近漢神洲際百貨,/buildings/bh11/,2,2,2,1,9
google / cpc,core,遠雄14期首發【遠雄丰尚】北屯新案．近漢神洲際百貨,/buildings/bh11/,2,2,2,1,26
fb / bh11,fanpagepost,遠雄14期首發【遠雄丰尚】北屯新案．近漢神洲際百貨,/buildings/bh11/,2,2,2,1,7
ig / social,ig,遠雄14期首發【遠雄丰尚】北屯新案．近漢神洲際百貨,/buildings/bh11/,2,2,2,1,26.5
google_kw / bh11,landmark0829,遠雄14期首發【遠雄丰尚】北屯新案．近漢神洲際百貨,/buildings/bh11/,2,2,2,1,17.5
line-lap / cqh1,lap-2,遠雄14期首發【遠雄丰尚】北屯新案．近漢神洲際百貨,/buildings/bh11/,2,2,2,1,3.5
gdn / bh2,20220105,找不到頁面 - 遠雄房地產,/buildings/bh2/,2,2,2,1,0
line-lap / bh2,20220105,找不到頁面 - 遠雄房地產,/buildings/bh2/,2,2,2,1,1
googlemap / bh2,googlemap,找不到頁面 - 遠雄房地產,/buildings/bh2/,2,2,2,1,5
(not set),(not set),遠雄琉蘊 -台中市西屯區七期預售屋/新建案-預約賞屋，遠雄房地產,/buildings/bh5/,2,2,1,0.5,14
bing / organic,(organic),遠雄琉蘊 -台中市西屯區七期預售屋/新建案-預約賞屋，遠雄房地產,/buildings/bh5/,2,2,2,1,14
line / bh5,(referral),遠雄琉蘊 -台中市西屯區七期預售屋/新建案-預約賞屋，遠雄房地產,/buildings/bh5/,2,2,2,1,41.5
google_kw / BH8,20240816_台中高價建案,遠雄琉蘊 -台中市西屯區七期預售屋/新建案-預約賞屋，遠雄房地產,/buildings/bh5/,2,2,2,1,15.5
(not set),20251023一輪播,遠雄琉蘊 -台中市西屯區七期預售屋/新建案-預約賞屋，遠雄房地產,/buildings/bh5/,2,2,3,1.5,19
avivid / bh11,20251212,遠雄琉蘊 -台中市西屯區七期預售屋/新建案-預約賞屋，遠雄房地產,/buildings/bh5/,2,2,3,1.5,214.5
fb / bh5,34,遠雄琉蘊 -台中市西屯區七期預售屋/新建案-預約賞屋，遠雄房地產,/buildings/bh5/,2,2,3,1.5,32.5
fb / bh5,38,遠雄琉蘊 -台中市西屯區七期預售屋/新建案-預約賞屋，遠雄房地產,/buildings/bh5/,2,2,2,1,41.5
fb / bh5,39,遠雄琉蘊 -台中市西屯區七期預售屋/新建案-預約賞屋，遠雄房地產,/buildings/bh5/,2,2,2,1,7
google / cpc,O1_品牌字_2025.0801,遠雄琉蘊 -台中市西屯區七期預售屋/新建案-預約賞屋，遠雄房地產,/buildings/bh5/,2,2,2,1,19
google / cpc,Otherarea0829,遠雄琉蘊 -台中市西屯區七期預售屋/新建案-預約賞屋，遠雄房地產,/buildings/bh5/,2,2,2,1,5
google / cpc,othercities_brand,遠雄琉蘊 -台中市西屯區七期預售屋/新建案-預約賞屋，遠雄房地產,/buildings/bh5/,2,2,3,1.5,24.5
fb / bh5,privacy,遠雄琉蘊 -台中市西屯區七期預售屋/新建案-預約賞屋，遠雄房地產,/buildings/bh5/,2,2,2,1,12
google / cpc,遠雄幸福成_H713_關鍵字_0516_外縣市,遠雄琉蘊 -台中市西屯區七期預售屋/新建案-預約賞屋，遠雄房地產,/buildings/bh5/,2,2,3,1.5,5
google / cpc,(not set),遠雄琉蘊 -台中市西屯區七期預售屋/新建案-預約賞屋，遠雄房地產,/buildings/bh5//,2,2,2,1,0
line-lap / bh6,(not set),遠雄藝舍-台中西屯區麥當勞旁金店面-預約賞屋，遠雄房地產,/buildings/bh6/,2,2,2,1,3.5
line-lap / bh6,20230401-1,遠雄藝舍-台中西屯區麥當勞旁金店面-預約賞屋，遠雄房地產,/buildings/bh6/,2,2,2,1,1.5
(not set),20251209一輪播,遠雄藝舍-台中西屯區麥當勞旁金店面-預約賞屋，遠雄房地產,/buildings/bh6/,2,2,2,1,12.5
console-v2.omnichat.ai / referral,(referral),【遠雄樂元】北屯機捷X好市多，雙首排大道最核心，夠近才最好,/buildings/bh7/,2,2,2,1,19
line / linebutton,(referral),【遠雄樂元】北屯機捷X好市多，雙首排大道最核心，夠近才最好,/buildings/bh7/,2,2,3,1.5,3.5
m.facebook.com / referral,(referral),【遠雄樂元】北屯機捷X好市多，雙首排大道最核心，夠近才最好,/buildings/bh7/,2,2,4,2,0
ig / paid,120229486716970138,【遠雄樂元】北屯機捷X好市多，雙首排大道最核心，夠近才最好,/buildings/bh7/,2,2,2,1,4.5
fb / paid,120238552444900537,【遠雄樂元】北屯機捷X好市多，雙首排大道最核心，夠近才最好,/buildings/bh7/,2,2,2,1,61.5
google_kw / BH8,20240816_台中 建案,【遠雄樂元】北屯機捷X好市多，雙首排大道最核心，夠近才最好,/buildings/bh7/,2,2,2,1,6
google / cpc,202511,【遠雄樂元】北屯機捷X好市多，雙首排大道最核心，夠近才最好,/buildings/bh7/,2,2,2,1,22
fb / h707,34,【遠雄樂元】北屯機捷X好市多，雙首排大道最核心，夠近才最好,/buildings/bh7/,2,2,2,1,16.5
fb / bh7,7,【遠雄樂元】北屯機捷X好市多，雙首排大道最核心，夠近才最好,/buildings/bh7/,2,2,2,1,1
google / cpc,brand/,【遠雄樂元】北屯機捷X好市多，雙首排大道最核心，夠近才最好,/buildings/bh7/,2,2,2,1,8.5
fb / bh11,fanpagebutton,【遠雄樂元】北屯機捷X好市多，雙首排大道最核心，夠近才最好,/buildings/bh7/,2,2,2,1,4.5
fb / bh10,fb10-8,【遠雄樂元】北屯機捷X好市多，雙首排大道最核心，夠近才最好,/buildings/bh7/,2,2,3,1.5,14.5
google / cpc,(not set),【遠雄樂元】北屯機捷X好市多，雙首排大道最核心，夠近才最好,/buildings/bh7//,2,2,2,1,0
gdn / bh8,20241017,台中西屯建案【遠雄洄山行】．2-4房方正格局,/buildings/bh8/,2,2,2,1,0
web-ettoday / bh8,20250121,台中西屯建案【遠雄洄山行】．2-4房方正格局,/buildings/bh8/,2,2,2,1,148.5
(not set),20251107一輪播,台中西屯建案【遠雄洄山行】．2-4房方正格局,/buildings/bh8/,2,2,3,1.5,15.5
sms / aep-cdp,CRM-001-D,台中西屯建案【遠雄洄山行】．2-4房方正格局,/buildings/bh8/,2,2,2,1,10.5
google / cpc,brand,台中西屯建案【遠雄洄山行】．2-4房方正格局,/buildings/bh8/,2,2,3,1.5,17
google / cpc,brand0829,台中西屯建案【遠雄洄山行】．2-4房方正格局,/buildings/bh8/,2,2,2,1,21
socialmedia / bh8,dcard_202508,台中西屯建案【遠雄洄山行】．2-4房方正格局,/buildings/bh8/,2,2,2,1,0
fb / bh11,fanpagebutton,台中西屯建案【遠雄洄山行】．2-4房方正格局,/buildings/bh8/,2,2,2,1,0.5
fb / bh10,fb10-8,台中西屯建案【遠雄洄山行】．2-4房方正格局,/buildings/bh8/,2,2,2,1,60.5
mkto-sn070013.com / referral,(referral),水湳建案【遠雄綠美】鄰近綠美圖．中央公園預售屋,/buildings/bh9/,2,2,3,1.5,15
tw.search.yahoo.com / referral,(referral),水湳建案【遠雄綠美】鄰近綠美圖．中央公園預售屋,/buildings/bh9/,2,2,2,1,12.5
webnews / bh9,11405,水湳建案【遠雄綠美】鄰近綠美圖．中央公園預售屋,/buildings/bh9/,2,2,3,1.5,289
yahoo_native / 5vo1,202510_4,水湳建案【遠雄綠美】鄰近綠美圖．中央公園預售屋,/buildings/bh9/,2,2,3,1.5,59
google / cpc,202511,水湳建案【遠雄綠美】鄰近綠美圖．中央公園預售屋,/buildings/bh9/,2,2,2,1,85
google / cpc,beitun,水湳建案【遠雄綠美】鄰近綠美圖．中央公園預售屋,/buildings/bh9/,2,2,3,1.5,66
line-lap / bh9,lap-3,水湳建案【遠雄綠美】鄰近綠美圖．中央公園預售屋,/buildings/bh9/,2,2,3,1.5,8.5
leju / bh9,lejupage,水湳建案【遠雄綠美】鄰近綠美圖．中央公園預售屋,/buildings/bh9/,2,2,2,1,29
web-udn / cgh01,start building,找不到頁面 - 遠雄房地產,/buildings/cgh01,2,2,2,1,8
(direct) / (none),(direct),找不到頁面 - 遠雄房地產,/buildings/cgh01/,2,2,2,1,1
line-lap / cgh1,line-lap12-3,找不到頁面 - 遠雄房地產,/buildings/cgh01/,2,2,2,1,1.5
line-lap / cgh1,line-lap3-2,找不到頁面 - 遠雄房地產,/buildings/cgh01/,2,2,2,1,2
dsp / (not set),(not set),村泉蒔美｜門戶端點 從容跨界｜台北生活最美起點,/buildings/cqh1/,2,2,2,1,0
line / linapage,(not set),村泉蒔美｜門戶端點 從容跨界｜台北生活最美起點,/buildings/cqh1/,2,2,3,1.5,27
chatgpt.com / referral,(referral),村泉蒔美｜門戶端點 從容跨界｜台北生活最美起點,/buildings/cqh1/,2,2,6,3,127
fb / 20251204post,(referral),村泉蒔美｜門戶端點 從容跨界｜台北生活最美起點,/buildings/cqh1/,2,2,2,1,6.5
fb / cqh1,fb-1,村泉蒔美｜門戶端點 從容跨界｜台北生活最美起點,/buildings/cqh1/,2,2,2,1,5.5
google_kw / cqh1,hongshulin,村泉蒔美｜門戶端點 從容跨界｜台北生活最美起點,/buildings/cqh1/,2,2,3,1.5,3
line-lap / bh10,line-lap202511-3,村泉蒔美｜門戶端點 從容跨界｜台北生活最美起點,/buildings/cqh1/,2,2,2,1,5.5
google / cpc,gdn11-3,"Dahe Shangjue - Taipei City Shilin District Factory/Office Building/New Pre-sale Project - Schedule a Viewing Appointment, Far Eastern Marketing",/buildings/dgm1/,2,2,1,0.5,17.5
fb / fbpage,(not set),大河商爵-台北市士林區廠辦/預售新建案-預約賞屋，遠創力行銷,/buildings/dgm1/,2,2,2,1,5.5
google / cpc,(organic),大河商爵-台北市士林區廠辦/預售新建案-預約賞屋，遠創力行銷,/buildings/dgm1/,2,2,3,1.5,31
tw.search.yahoo.com / referral,(referral),大河商爵-台北市士林區廠辦/預售新建案-預約賞屋，遠創力行銷,/buildings/dgm1/,2,2,2,1,15.5
google_kw / bgm1,brand,大河商爵-台北市士林區廠辦/預售新建案-預約賞屋，遠創力行銷,/buildings/dgm1/,2,2,2,1,0
fb / dgm1,fb10-2,大河商爵-台北市士林區廠辦/預售新建案-預約賞屋，遠創力行銷,/buildings/dgm1/,2,2,2,1,0
fb / dgm1,fb5-7,大河商爵-台北市士林區廠辦/預售新建案-預約賞屋，遠創力行銷,/buildings/dgm1/,2,2,3,1.5,177.5
google_kw / dh2,(organic),"Newly built residential project in Yongkang, Tainan: Farglory Mountain Harbour - Salt Industry Special Zone. 3-4 bedrooms.",/buildings/dh2/,2,2,0,0,3.5
chatgpt.com / referral,(referral),台南永康新建案【遠雄山禾】-鹽行特區．3-4房,/buildings/dh2/,2,2,4,2,15.5
line / linebutton,(referral),台南永康新建案【遠雄山禾】-鹽行特區．3-4房,/buildings/dh2/,2,2,2,1,2.5
m.facebook.com / referral,(referral),台南永康新建案【遠雄山禾】-鹽行特區．3-4房,/buildings/dh2/,2,2,2,1,8.5
mkto-sn070013.com / referral,(referral),台南永康新建案【遠雄山禾】-鹽行特區．3-4房,/buildings/dh2/,2,2,1,0.5,13.5
line-lap / dh2,1,台南永康新建案【遠雄山禾】-鹽行特區．3-4房,/buildings/dh2/,2,2,2,1,3
line-lap / dh2,11,台南永康新建案【遠雄山禾】-鹽行特區．3-4房,/buildings/dh2/,2,2,2,1,5
webnews / dh2,202504,台南永康新建案【遠雄山禾】-鹽行特區．3-4房,/buildings/dh2/,2,2,2,1,0
google / cpc,202511,台南永康新建案【遠雄山禾】-鹽行特區．3-4房,/buildings/dh2/,2,2,2,1,41
(not set),20251107一輪播,台南永康新建案【遠雄山禾】-鹽行特區．3-4房,/buildings/dh2/,2,2,2,1,14.5
line-lap / dh2,6,台南永康新建案【遠雄山禾】-鹽行特區．3-4房,/buildings/dh2/,2,2,2,1,4
line-lap / dh2,9,台南永康新建案【遠雄山禾】-鹽行特區．3-4房,/buildings/dh2/,2,2,2,1,2.5
fb / dh2,fb-9,台南永康新建案【遠雄山禾】-鹽行特區．3-4房,/buildings/dh2/,2,2,2,1,0
fb / dh2,privacy,台南永康新建案【遠雄山禾】-鹽行特區．3-4房,/buildings/dh2/,2,2,3,1.5,77
gdn / dh3,3,找不到頁面 - 遠雄房地產,/buildings/dh3/,2,2,2,1,0
gdn / dh3,4,找不到頁面 - 遠雄房地產,/buildings/dh3/,2,2,2,1,4
google / cpc,(organic),安南重劃首選【遠雄藏萃】全新落成，珍稀戶別釋出！,/buildings/dh5/,2,2,2,1,6
line-lap / dh5,20230801,安南重劃首選【遠雄藏萃】全新落成，珍稀戶別釋出！,/buildings/dh5/,2,2,2,1,2
(direct) / (none),(direct),找不到頁面 - 遠雄房地產,/buildings/e2/,2,2,3,1.5,2.5
console-v2.omnichat.ai / referral,(referral),高雄建案推薦【遠雄峰蘊】- 三民區預售屋．近科工館,/buildings/eh1/,2,2,2,1,4.5
webnews / eh1,20230915,高雄建案推薦【遠雄峰蘊】- 三民區預售屋．近科工館,/buildings/eh1/,2,2,2,1,70.5
line-lap / eh2,20251208,高雄建案推薦【遠雄峰蘊】- 三民區預售屋．近科工館,/buildings/eh1/,2,2,2,1,91.5
google / cpc,20251209一輪播,高雄建案推薦【遠雄峰蘊】- 三民區預售屋．近科工館,/buildings/eh1/,2,2,2,1,17.5
google / cpc,O1_特色字_2025.0801,高雄建案推薦【遠雄峰蘊】- 三民區預售屋．近科工館,/buildings/eh1/,2,2,2,1,33.5
fb / eh1,TA_10-2,高雄建案推薦【遠雄峰蘊】- 三民區預售屋．近科工館,/buildings/eh1/,2,2,2,1,3.5
google / cpc,information4,高雄建案推薦【遠雄峰蘊】- 三民區預售屋．近科工館,/buildings/eh1/,2,2,2,1,0.5
fb / eh1,privacy,高雄建案推薦【遠雄峰蘊】- 三民區預售屋．近科工館,/buildings/eh1/,2,2,2,1,4
google / cpc,(organic),Farglory's Newest Project | Nanzi New Development | First Launch in the High-Rise Special Economic Zone | Early Bird Reservations Open,/buildings/eh2/,2,2,0,0,6
google_kw / dh2,(organic),遠雄一靚｜楠梓新案．高大特區首發｜早鳥預約中,/buildings/eh2/,2,2,2,1,8.5
line-lap / dh2,15,遠雄一靚｜楠梓新案．高大特區首發｜早鳥預約中,/buildings/eh2/,2,2,2,1,0
google / cpc,O1_品牌字_2025.0801,遠雄一靚｜楠梓新案．高大特區首發｜早鳥預約中,/buildings/eh2/,2,2,2,1,54.5
google / cpc,O1_特色字_2025.0801,遠雄一靚｜楠梓新案．高大特區首發｜早鳥預約中,/buildings/eh2/,2,2,3,1.5,26
google / cpc,(not set),遠雄一靚｜楠梓新案．高大特區首發｜早鳥預約中,/buildings/eh2//,2,2,2,1,0
(direct) / (none),(direct),找不到頁面 - 遠雄房地產,/buildings/eh3/,2,2,2,1,0
google / cpc,20220411,找不到頁面 - 遠雄房地產,/buildings/eh3/,2,2,2,1,1.5
line-lap / eh3,20221219,找不到頁面 - 遠雄房地產,/buildings/eh3/,2,2,2,1,1.5
google_kw / eh3,221102,找不到頁面 - 遠雄房地產,/buildings/eh3/,2,2,2,1,0
google_kw / eh3,230518,找不到頁面 - 遠雄房地產,/buildings/eh3/,2,2,2,1,0
google_kw / dh2,(organic),遠雄沐蘊-高雄市三民區預售屋/新建案-預約賞屋,/buildings/eh5/,2,2,2,1,17
tw.search.yahoo.com / referral,(referral),遠雄沐蘊-高雄市三民區預售屋/新建案-預約賞屋,/buildings/eh5/,2,2,2,1,39
line-lap / eh2,20251208,遠雄沐蘊-高雄市三民區預售屋/新建案-預約賞屋,/buildings/eh5/,2,2,2,1,36.5
google / cpc,O1_競品字_2025.0801,遠雄沐蘊-高雄市三民區預售屋/新建案-預約賞屋,/buildings/eh5/,2,2,3,1.5,23.5
fb / eh5,fb18,遠雄沐蘊-高雄市三民區預售屋/新建案-預約賞屋,/buildings/eh5/,2,2,2,1,7
fb / eh5,fb30-4,遠雄沐蘊-高雄市三民區預售屋/新建案-預約賞屋,/buildings/eh5/,2,2,2,1,0.5
fb / eh1,formbutton,遠雄沐蘊-高雄市三民區預售屋/新建案-預約賞屋,/buildings/eh5/,2,2,2,1,10
google_kw / fch1,qingpu,找不到頁面 - 遠雄房地產,/buildings/fch1/,2,2,2,1,0
(not set),(not set),遠雄合雅｜板橋之心・合院之上｜2~3房．24~66坪,/buildings/fh2/,2,2,1,0.5,13.5
console-v2.omnichat.ai / referral,(referral),遠雄合雅｜板橋之心・合院之上｜2~3房．24~66坪,/buildings/fh2/,2,2,3,1.5,5
web / fb2,googlemap,遠雄合雅｜板橋之心・合院之上｜2~3房．24~66坪,/buildings/fh2/,2,2,3,1.5,22
line-lap / fm1,202307-5,找不到頁面 - 遠雄房地產,/buildings/fm1/,2,2,2,1,1.5
google / cpc,202402-3,找不到頁面 - 遠雄房地產,/buildings/fm1/,2,2,2,1,0
excel.officeapps.live.com / referral,(referral),遠雄信義CENTER-新北市板橋區廠辦.商辦/預售新建案-預約賞屋,/buildings/fm3/,2,2,2,1,56.5
(not set),20250905五輪播,遠雄信義CENTER-新北市板橋區廠辦.商辦/預售新建案-預約賞屋,/buildings/fm3/,2,2,2,1,15
(not set),20250919一輪播,遠雄信義CENTER-新北市板橋區廠辦.商辦/預售新建案-預約賞屋,/buildings/fm3/,2,2,4,2,67
yahoo_native / 5vo1,202510_4,遠雄信義CENTER-新北市板橋區廠辦.商辦/預售新建案-預約賞屋,/buildings/fm3/,2,2,3,1.5,35
google_kw / 5vo1,202511,遠雄信義CENTER-新北市板橋區廠辦.商辦/預售新建案-預約賞屋,/buildings/fm3/,2,2,2,1,14
google / cpc,20251101-2-1,遠雄信義CENTER-新北市板橋區廠辦.商辦/預售新建案-預約賞屋,/buildings/fm3/,2,2,4,2,3
google / cpc,20251204,遠雄信義CENTER-新北市板橋區廠辦.商辦/預售新建案-預約賞屋,/buildings/fm3/,2,2,3,1.5,450
google / cpc,core,遠雄信義CENTER-新北市板橋區廠辦.商辦/預售新建案-預約賞屋,/buildings/fm3/,2,2,3,1.5,20
fb / fm3,fb2-4,遠雄信義CENTER-新北市板橋區廠辦.商辦/預售新建案-預約賞屋,/buildings/fm3/,2,2,2,1,3.5
google_kw / fm3,googlemap,遠雄信義CENTER-新北市板橋區廠辦.商辦/預售新建案-預約賞屋,/buildings/fm3/,2,2,2,1,54.5
line-lap / bh10,line-lap202511-6,遠雄信義CENTER-新北市板橋區廠辦.商辦/預售新建案-預約賞屋,/buildings/fm3/,2,2,3,1.5,15.5
line-lap_33 / h101b,1022,找不到頁面 - 遠雄房地產,/buildings/h101b/,2,2,2,1,3
fb_kol / fb_kol,h102,找不到頁面 - 遠雄房地產,/buildings/h102,2,2,2,1,0
google_kw / h152,活動字,找不到頁面 - 遠雄房地產,/buildings/h152,2,2,2,1,0
google / cpc,(organic),"Farglory Star Residences - Pre-sale/New Construction Projects in Qingshui District, Taichung City - Schedule a Viewing, Farglory Real Estate",/buildings/h707/,2,2,0,0,123.5
google_kw / BH8,20240816_品牌字,遠雄星呈-台中市清水區預售屋/新建案-預約賞屋，遠雄房地產,/buildings/h707/,2,2,2,1,42
fb / h707,29,遠雄星呈-台中市清水區預售屋/新建案-預約賞屋，遠雄房地產,/buildings/h707/,2,2,2,1,7
web / h707,Manuel,遠雄星呈-台中市清水區預售屋/新建案-預約賞屋，遠雄房地產,/buildings/h707/,2,2,2,1,1
google / cpc,landmark0829,遠雄星呈-台中市清水區預售屋/新建案-預約賞屋，遠雄房地產,/buildings/h707/,2,2,2,1,42.5
fb / h707,page,遠雄星呈-台中市清水區預售屋/新建案-預約賞屋，遠雄房地產,/buildings/h707/,2,2,2,1,7
LINE-1 / (not set),(not set),遠雄幸福成｜即將落成 - 台中市清水區預售/新建案-預約賞屋，遠雄房地產,/buildings/h713/,2,2,2,1,6
LINE-3 / (not set),(not set),遠雄幸福成｜即將落成 - 台中市清水區預售/新建案-預約賞屋，遠雄房地產,/buildings/h713/,2,2,2,1,4.5
LINE-5 / (not set),(not set),遠雄幸福成｜即將落成 - 台中市清水區預售/新建案-預約賞屋，遠雄房地產,/buildings/h713/,2,2,2,1,5
LINE-6 / (not set),(not set),遠雄幸福成｜即將落成 - 台中市清水區預售/新建案-預約賞屋，遠雄房地產,/buildings/h713/,2,2,2,1,4.5
line-1 / (not set),(not set),遠雄幸福成｜即將落成 - 台中市清水區預售/新建案-預約賞屋，遠雄房地產,/buildings/h713/,2,2,2,1,2
yahoo / organic,(organic),遠雄幸福成｜即將落成 - 台中市清水區預售/新建案-預約賞屋，遠雄房地產,/buildings/h713/,2,2,2,1,48.5
lm.facebook.com / referral,(referral),遠雄幸福成｜即將落成 - 台中市清水區預售/新建案-預約賞屋，遠雄房地產,/buildings/h713/,2,2,2,1,32
fb / h713,106,遠雄幸福成｜即將落成 - 台中市清水區預售/新建案-預約賞屋，遠雄房地產,/buildings/h713/,2,2,2,1,3.5
ig / paid,120224847618040347,遠雄幸福成｜即將落成 - 台中市清水區預售/新建案-預約賞屋，遠雄房地產,/buildings/h713/,2,2,3,1.5,1
ig / paid,120224909124380347,遠雄幸福成｜即將落成 - 台中市清水區預售/新建案-預約賞屋，遠雄房地產,/buildings/h713/,2,2,2,1,6.5
yahoo_native / H713,20220624,遠雄幸福成｜即將落成 - 台中市清水區預售/新建案-預約賞屋，遠雄房地產,/buildings/h713/,2,2,2,1,5
line-lap / H713,20220822,遠雄幸福成｜即將落成 - 台中市清水區預售/新建案-預約賞屋，遠雄房地產,/buildings/h713/,2,2,2,1,5.5
google / cpc,brand0829,遠雄幸福成｜即將落成 - 台中市清水區預售/新建案-預約賞屋，遠雄房地產,/buildings/h713/,2,2,2,1,25.5
google / cpc,competitor,遠雄幸福成｜即將落成 - 台中市清水區預售/新建案-預約賞屋，遠雄房地產,/buildings/h713/,2,2,2,1,9
google / organic,(organic),找不到頁面 - 遠雄房地產,/buildings/h807/,2,2,2,1,0
google_kw / h88,investment,找不到頁面 - 遠雄房地產,/buildings/h88/,2,2,2,1,0
google_kw / h901,brand,找不到頁面 - 遠雄房地產,/buildings/h901/,2,2,2,1,0
google_kw / h901,kaohsiung,找不到頁面 - 遠雄房地產,/buildings/h901/,2,2,2,1,0
(not set),(not set),遠雄琢蘊-高雄市三民區預售屋/新建案-預約賞屋，遠雄房地產,/buildings/h902/,2,2,2,1,4.5
bing / organic,(organic),遠雄琢蘊-高雄市三民區預售屋/新建案-預約賞屋，遠雄房地產,/buildings/h902/,2,2,2,1,125
mkto-sn070013.com / referral,(referral),遠雄琢蘊-高雄市三民區預售屋/新建案-預約賞屋，遠雄房地產,/buildings/h902/,2,2,4,2,47
google / cpc,20250616_台北豪宅/別墅,遠雄琢蘊-高雄市三民區預售屋/新建案-預約賞屋，遠雄房地產,/buildings/h902/,2,2,2,1,44
google_kw / h902,230112,遠雄琢蘊-高雄市三民區預售屋/新建案-預約賞屋，遠雄房地產,/buildings/h902/,2,2,2,1,0
google_kw / h902,230216,遠雄琢蘊-高雄市三民區預售屋/新建案-預約賞屋，遠雄房地產,/buildings/h902/,2,2,2,1,0
fb / eh1,formbutton,遠雄琢蘊-高雄市三民區預售屋/新建案-預約賞屋，遠雄房地產,/buildings/h902/,2,2,2,1,22.5
line-lap / cqh1,lap-2,遠雄琢蘊-高雄市三民區預售屋/新建案-預約賞屋，遠雄房地產,/buildings/h902/,2,2,2,1,8.5
fb / bh8,leads,遠雄琢蘊-高雄市三民區預售屋/新建案-預約賞屋，遠雄房地產,/buildings/h902/,2,2,2,1,27.5
gdn / hh1,new_easten-response,找不到頁面 - 遠雄房地產,/buildings/hh1,2,2,2,1,0
googlemap / hh1,googlemap,找不到頁面 - 遠雄房地產,/buildings/hh1/,2,2,2,1,0
google / organic,(organic),找不到頁面 - 遠雄房地產,/buildings/hh2/,2,2,2,1,0.5
google_kw / HH2,20221001,找不到頁面 - 遠雄房地產,/buildings/hh2/,2,2,2,1,0
line-lap / hh2,6percent,找不到頁面 - 遠雄房地產,/buildings/hh2/,2,2,2,1,4.5
google_kw / hh2,competior,找不到頁面 - 遠雄房地產,/buildings/hh2/,2,2,2,1,0
google_kw / hh2,kuaihsi,找不到頁面 - 遠雄房地產,/buildings/hh2/,2,2,2,1,0
gdn / hh3,gdn-1,找不到頁面 - 遠雄房地產,/buildings/hh3/,2,2,2,1,0
google_kw / him1,factory,找不到頁面 - 遠雄房地產,/buildings/him1/,2,2,2,1,0
google_kw / him1,invest,找不到頁面 - 遠雄房地產,/buildings/him1/,2,2,2,1,1.5
google_kw / him1,taoyuanoffice,找不到頁面 - 遠雄房地產,/buildings/him1/,2,2,2,1,0
line-lap / hlh1,3-3,找不到頁面 - 遠雄房地產,/buildings/hlh1/,2,2,2,1,1.5
google_kw / hlh1,buyhouse,找不到頁面 - 遠雄房地產,/buildings/hlh1/,2,2,2,1,0
google_kw / hlh1,qingpu,找不到頁面 - 遠雄房地產,/buildings/hlh1/,2,2,2,1,0
google_kw / hlh1,store,找不到頁面 - 遠雄房地產,/buildings/hlh1/,2,2,2,1,0
google_kw / hlh1,taoyuan,找不到頁面 - 遠雄房地產,/buildings/hlh1/,2,2,2,1,0
line-lap / hlh1,taoyuan-business-6-2,找不到頁面 - 遠雄房地產,/buildings/hlh1/,2,2,2,1,1.5
line-lap / hlh1,taoyuan-finance-6-2,找不到頁面 - 遠雄房地產,/buildings/hlh1/,2,2,2,1,1
web-chinatimes / hlh2,web-chinatimes0621,找不到頁面 - 遠雄房地產,/buildings/hlh2,2,2,2,1,0
google / cpc,202511,Khu công nghệ Farglory MetaLink | Ga MRT Sân bay A7 & A8 | Ghế VIP dành cho doanh nghiệp hiện đã mở đặt trước.,/buildings/hm2/,2,2,0,0,3.5
google / cpc,(not set),遠雄MetaLink科技園區 | 機捷A7．A8站▕ VIP企業席次開放預約中,/buildings/hm2/,2,2,2,1,0
google_kw / dh2,(organic),遠雄MetaLink科技園區 | 機捷A7．A8站▕ VIP企業席次開放預約中,/buildings/hm2/,2,2,3,1.5,28
google / cpc,20251101-2-1,遠雄MetaLink科技園區 | 機捷A7．A8站▕ VIP企業席次開放預約中,/buildings/hm2/,2,2,3,1.5,47.5
(not set),20251107一輪播,遠雄MetaLink科技園區 | 機捷A7．A8站▕ VIP企業席次開放預約中,/buildings/hm2/,2,2,6,3,53
socialmedia / fgr,metalink-ai-hub,遠雄MetaLink科技園區 | 機捷A7．A8站▕ VIP企業席次開放預約中,/buildings/hm2/,2,2,3,1.5,23.5
google_kw / kbh1,brand,找不到頁面 - 遠雄房地產,/buildings/kbh1/,2,2,2,1,0
google_kw / kbh1,competitor,找不到頁面 - 遠雄房地產,/buildings/kbh1/,2,2,2,1,0
google_kw / m62,20211008,找不到頁面 - 遠雄房地產,/buildings/m62/,2,2,2,1,0
google / cpc,20211109,找不到頁面 - 遠雄房地產,/buildings/m62/,2,2,2,1,0
google_kw / m62,20211228,找不到頁面 - 遠雄房地產,/buildings/m62/,2,2,2,1,0
google_kw / m62,20220427,找不到頁面 - 遠雄房地產,/buildings/m62/,2,2,2,1,0
google / organic,(organic),找不到頁面 - 遠雄房地產,/buildings/msm1/,2,2,2,1,0
LineLAP / CPC,0401_blue,找不到頁面 - 遠雄房地產,/buildings/msm1/,2,2,2,1,1
LineLAP / CPC,0401_orange,找不到頁面 - 遠雄房地產,/buildings/msm1/,2,2,2,1,1
google_kw / msm1,Competitive,找不到頁面 - 遠雄房地產,/buildings/msm1/,2,2,2,1,0
google_kw / msm1,Louisa,找不到頁面 - 遠雄房地產,/buildings/msm1/,2,2,2,1,0
gdn / msm1,gdnpmax_occupation,找不到頁面 - 遠雄房地產,/buildings/msm1/,2,2,2,1,0
fb / O1,120227538157820464,遠雄THE ONE-高雄市前鎮區新成屋/新建案-預約賞屋,/buildings/o1/,2,2,2,1,26
web-chinatimes / o1,20250326,遠雄THE ONE-高雄市前鎮區新成屋/新建案-預約賞屋,/buildings/o1/,2,2,2,1,17
fb / o1,20250402_15-3,遠雄THE ONE-高雄市前鎮區新成屋/新建案-預約賞屋,/buildings/o1/,2,2,2,1,0
google / cpc,202511,遠雄THE ONE-高雄市前鎮區新成屋/新建案-預約賞屋,/buildings/o1/,2,2,2,1,29.5
(not set),20251209一輪播,遠雄THE ONE-高雄市前鎮區新成屋/新建案-預約賞屋,/buildings/o1/,2,2,2,1,22.5
google_kw / o1,brand,遠雄THE ONE-高雄市前鎮區新成屋/新建案-預約賞屋,/buildings/o1/,2,2,2,1,0
fb / o1,fb25-1,遠雄THE ONE-高雄市前鎮區新成屋/新建案-預約賞屋,/buildings/o1/,2,2,2,1,0
fb / o1,fb25-2,遠雄THE ONE-高雄市前鎮區新成屋/新建案-預約賞屋,/buildings/o1/,2,2,2,1,0
gdn / mdrive,o1,遠雄THE ONE-高雄市前鎮區新成屋/新建案-預約賞屋,/buildings/o1/,2,2,2,1,0
google / cpc,o1,遠雄THE ONE-高雄市前鎮區新成屋/新建案-預約賞屋,/buildings/o1/,2,2,2,1,0
google_kw / qyh1,brand,找不到頁面 - 遠雄房地產,/buildings/qyh1/,2,2,2,1,0
line-lap / qyh1,linelap7-2_s,找不到頁面 - 遠雄房地產,/buildings/qyh1/,2,2,2,1,1.5
google_kw / qyh1,newtaipei,找不到頁面 - 遠雄房地產,/buildings/qyh1/,2,2,2,1,0
(direct) / (none),(direct),找不到頁面 - 遠雄房地產,/buildings/rsh01/,2,2,2,1,0
google_kw / mdrive,H108,CASA GAUDI 晴空樹,/casa_gaudi/,2,2,2,1,0
google_kw / dh2,(organic),熱銷建案：預售屋、新建案、新成屋 -遠雄房地產,/case/,2,2,2,1,5.5
yahoo_native / 5vo1,202510_2,熱銷建案：預售屋、新建案、新成屋 -遠雄房地產,/case/,2,2,2,1,7.5
(not set),20251107一輪播,熱銷建案：預售屋、新建案、新成屋 -遠雄房地產,/case/,2,2,2,1,3.5
line-lap / 5vo1,20251123_1102,熱銷建案：預售屋、新建案、新成屋 -遠雄房地產,/case/,2,2,2,1,6
google_gdn / 5vo1,20251201,熱銷建案：預售屋、新建案、新成屋 -遠雄房地產,/case/,2,2,2,1,18
fb / bh7,9,熱銷建案：預售屋、新建案、新成屋 -遠雄房地產,/case/,2,2,2,1,6
google / cpc,CQH1-地區字,熱銷建案：預售屋、新建案、新成屋 -遠雄房地產,/case/,2,2,3,1.5,6.5
google / cpc,CQH1-買房字,熱銷建案：預售屋、新建案、新成屋 -遠雄房地產,/case/,2,2,2,1,9
google / cpc,brand,熱銷建案：預售屋、新建案、新成屋 -遠雄房地產,/case/,2,2,2,1,3
google / cpc,(referral),熱銷建案一覽：遠雄全台預售屋、新建案、新成屋資訊,/case/search/,2,2,3,1.5,10
page.line.me / referral,(referral),熱銷建案一覽：遠雄全台預售屋、新建案、新成屋資訊,/case/search/,2,2,2,1,29
fb / paid,120229486716970138,熱銷建案一覽：遠雄全台預售屋、新建案、新成屋資訊,/case/search/,2,2,2,1,30
line-lap / dh2,15,熱銷建案一覽：遠雄全台預售屋、新建案、新成屋資訊,/case/search/,2,2,4,2,37
google_kw / BH8,20240816_台中 建案,熱銷建案一覽：遠雄全台預售屋、新建案、新成屋資訊,/case/search/,2,2,4,2,16
webnews / ao1,20250317,熱銷建案一覽：遠雄全台預售屋、新建案、新成屋資訊,/case/search/,2,2,2,1,9.5
line-lap / 5vo1,20251123_1102,熱銷建案一覽：遠雄全台預售屋、新建案、新成屋資訊,/case/search/,2,2,2,1,62
(not set),20251230一輪播,熱銷建案一覽：遠雄全台預售屋、新建案、新成屋資訊,/case/search/,2,2,2,1,8.5
google / cpc,brand0829,熱銷建案一覽：遠雄全台預售屋、新建案、新成屋資訊,/case/search/,2,2,15,7.5,96.5
google / cpc,corearea0829,熱銷建案一覽：遠雄全台預售屋、新建案、新成屋資訊,/case/search/,2,2,4,2,120
fb / bh8,fanpage,熱銷建案一覽：遠雄全台預售屋、新建案、新成屋資訊,/case/search/,2,2,2,1,12
fb / bh11,fanpagebutton,熱銷建案一覽：遠雄全台預售屋、新建案、新成屋資訊,/case/search/,2,2,5,2.5,46
socialmedia / fgr,fb,熱銷建案一覽：遠雄全台預售屋、新建案、新成屋資訊,/case/search/,2,2,6,3,26.5
fb / cqh1,fb-26,熱銷建案一覽：遠雄全台預售屋、新建案、新成屋資訊,/case/search/,2,2,7,3.5,23
fb / fh2,fb12-1,熱銷建案一覽：遠雄全台預售屋、新建案、新成屋資訊,/case/search/,2,2,3,1.5,21.5
fb / eh5,fb31-1,熱銷建案一覽：遠雄全台預售屋、新建案、新成屋資訊,/case/search/,2,2,3,1.5,3.5
fb / bh10,fbearlybird_form,熱銷建案一覽：遠雄全台預售屋、新建案、新成屋資訊,/case/search/,2,2,4,2,45
line-lap / cqh1,lap-3,熱銷建案一覽：遠雄全台預售屋、新建案、新成屋資訊,/case/search/,2,2,2,1,16.5
fb / eh2,leads,熱銷建案一覽：遠雄全台預售屋、新建案、新成屋資訊,/case/search/,2,2,4,2,14
fb / fh2,leads,熱銷建案一覽：遠雄全台預售屋、新建案、新成屋資訊,/case/search/,2,2,4,2,15.5
line-lap / bh10,line-lap202511-7,熱銷建案一覽：遠雄全台預售屋、新建案、新成屋資訊,/case/search/,2,2,2,1,13.5
google / organic,(organic),熱銷建案一覽：遠雄全台預售屋、新建案、新成屋資訊,/case/search/building-category-tag/133/,2,2,3,1.5,3.5
fb / paid,120229486716970138,熱銷建案一覽：遠雄全台預售屋、新建案、新成屋資訊,/case/search/building-category-tag/134/,2,2,2,1,15.5
google / cpc,brand,熱銷建案一覽：遠雄全台預售屋、新建案、新成屋資訊,/case/search/building-category-tag/134/,2,2,2,1,8
googlemap / o1,googlemap,熱銷建案一覽：遠雄全台預售屋、新建案、新成屋資訊,/case/search/building-category-tag/134/,2,2,2,1,3
fb / eh2,leads,熱銷建案一覽：遠雄全台預售屋、新建案、新成屋資訊,/case/search/building-category-tag/134/,2,2,2,1,11.5
(direct) / (none),(direct),熱銷建案一覽：遠雄全台預售屋、新建案、新成屋資訊,/case/search/building-category-tag/134/page/3/,2,2,2,1,3
(direct) / (none),(direct),熱銷建案一覽：遠雄全台預售屋、新建案、新成屋資訊,/case/search/building-category-tag/134/page/4/,2,2,2,1,4.5
google / cpc,type,熱銷建案一覽：遠雄全台預售屋、新建案、新成屋資訊,/case/search/building-category-tag/135/,2,2,2,1,11.5
mkto-sn070013.com / referral,(referral),熱銷建案一覽：遠雄全台預售屋、新建案、新成屋資訊,/case/search/page/2/,2,2,3,1.5,22
avivid / bh11,20251212,熱銷建案一覽：遠雄全台預售屋、新建案、新成屋資訊,/case/search/page/2/,2,2,2,1,9
google / cpc,brand0829,熱銷建案一覽：遠雄全台預售屋、新建案、新成屋資訊,/case/search/page/2/,2,2,7,3.5,35.5
fb / bh11,fanpagebutton,熱銷建案一覽：遠雄全台預售屋、新建案、新成屋資訊,/case/search/page/2/,2,2,2,1,16
google / cpc,(organic),熱銷建案一覽：遠雄全台預售屋、新建案、新成屋資訊,/case/search/page/3/,2,2,3,1.5,13
farglory.com.tw / referral,(referral),熱銷建案一覽：遠雄全台預售屋、新建案、新成屋資訊,/case/search/page/3/,2,2,2,1,486
mkto-sn070013.com / referral,(referral),熱銷建案一覽：遠雄全台預售屋、新建案、新成屋資訊,/case/search/page/3/,2,2,3,1.5,21
tw.search.yahoo.com / referral,(referral),熱銷建案一覽：遠雄全台預售屋、新建案、新成屋資訊,/case/search/page/3/,2,2,4,2,5.5
(not set),202501003二輪播,熱銷建案一覽：遠雄全台預售屋、新建案、新成屋資訊,/case/search/page/3/,2,2,2,1,7
sms / aep-cdp,CRM-001-D,熱銷建案一覽：遠雄全台預售屋、新建案、新成屋資訊,/case/search/page/3/,2,2,2,1,16
farglory.com.tw / referral,(referral),熱銷建案一覽：遠雄全台預售屋、新建案、新成屋資訊,/case/search/page/4/,2,2,2,1,4.5
tw.search.yahoo.com / referral,(referral),熱銷建案一覽：遠雄全台預售屋、新建案、新成屋資訊,/case/search/page/4/,2,2,4,2,9
sms / aep-cdp,CRM-001-D,熱銷建案一覽：遠雄全台預售屋、新建案、新成屋資訊,/case/search/page/4/,2,2,2,1,36
ig / social,ig,熱銷建案一覽：遠雄全台預售屋、新建案、新成屋資訊,/case/search/page/4/,2,2,2,1,13.5
farglory.com.tw / referral,(referral),熱銷建案一覽：遠雄全台預售屋、新建案、新成屋資訊,/case/search/page/5/,2,2,2,1,19.5
google / cpc,遠雄幸福成_H713_關鍵字_0516_外縣市,熱銷建案一覽：遠雄全台預售屋、新建案、新成屋資訊,/case/search/page/5/,2,2,3,1.5,2
bing / organic,(organic),熱銷建案一覽：遠雄全台預售屋、新建案、新成屋資訊,/case/search/sales_status/coming-soon/,2,2,4,2,4.5
tw.search.yahoo.com / referral,(referral),熱銷建案一覽：遠雄全台預售屋、新建案、新成屋資訊,/case/search/sales_status/coming-soon/,2,2,2,1,6
fb / bh11,11-3,熱銷建案一覽：遠雄全台預售屋、新建案、新成屋資訊,/case/search/sales_status/coming-soon/,2,2,2,1,28.5
fb / paid,120233718740630316,熱銷建案一覽：遠雄全台預售屋、新建案、新成屋資訊,/case/search/sales_status/coming-soon/,2,2,3,1.5,23
google / cpc,20251204,熱銷建案一覽：遠雄全台預售屋、新建案、新成屋資訊,/case/search/sales_status/coming-soon/,2,2,2,1,39.5
line-lap / bh7,lap-3,熱銷建案一覽：遠雄全台預售屋、新建案、新成屋資訊,/case/search/sales_status/coming-soon/,2,2,3,1.5,57.5
google / cpc,corearea0829,熱銷建案一覽：遠雄全台預售屋、新建案、新成屋資訊,/case/search/sales_status/coming-soon/page/2/,2,2,3,1.5,23
fb / fbpage,(not set),熱銷建案一覽：遠雄全台預售屋、新建案、新成屋資訊,/case/search/sales_status/hot-sale/,2,2,2,1,13
google_kw / BH8,20240816_透天/豪宅/別墅,熱銷建案一覽：遠雄全台預售屋、新建案、新成屋資訊,/case/search/sales_status/hot-sale/,2,2,2,1,17
(not set),20251209一輪播,熱銷建案一覽：遠雄全台預售屋、新建案、新成屋資訊,/case/search/sales_status/hot-sale/,2,2,4,2,5
google / cpc,O1_競品字_2025.0801,熱銷建案一覽：遠雄全台預售屋、新建案、新成屋資訊,/case/search/sales_status/hot-sale/,2,2,2,1,24
google / cpc,brand0829,熱銷建案一覽：遠雄全台預售屋、新建案、新成屋資訊,/case/search/sales_status/hot-sale/,2,2,2,1,8.5
dsp / cqh1,dsp-3,熱銷建案一覽：遠雄全台預售屋、新建案、新成屋資訊,/case/search/sales_status/hot-sale/,2,2,2,1,5
fb / bh8,fb20-1,熱銷建案一覽：遠雄全台預售屋、新建案、新成屋資訊,/case/search/sales_status/hot-sale/,2,2,2,1,18.5
google / cpc,遠雄幸福成_H713_關鍵字_0516_外縣市,熱銷建案一覽：遠雄全台預售屋、新建案、新成屋資訊,/case/search/sales_status/hot-sale/,2,2,2,1,12
google / organic,(organic),熱銷建案一覽：遠雄全台預售屋、新建案、新成屋資訊,/case/search/sales_status/hot-sale/page/2/,2,2,3,1.5,9
google / cpc,com,熱銷建案一覽：遠雄全台預售屋、新建案、新成屋資訊,/case/search/sales_status/hot-sale/page/2/,2,2,2,1,20
fb / bh8,leads,熱銷建案一覽：遠雄全台預售屋、新建案、新成屋資訊,/case/search/sales_status/hot-sale/page/2/,2,2,2,1,12
google / organic,(organic),熱銷建案一覽：遠雄全台預售屋、新建案、新成屋資訊,/case/search/sales_status/hot-sale/page/3/,2,2,2,1,18.5
avivid / bh11,20251212,買主口碑推薦：遠雄建案、預售屋 -遠雄房地產,/case/wom_recommendation/,2,2,2,1,8
(direct) / (none),(direct),合作商機 - 遠雄房地產,/contact_service/business_cooperation/,2,2,2,1,25
google / organic,(organic),合作商機 - 遠雄房地產,/contact_service/business_cooperation/,2,2,5,2.5,8.5
104.com.tw / referral,(referral),加入遠雄 築夢齊飛！-遠雄房地產,/contact_service/join_farglory/,2,2,2,1,34.5
google / organic,(organic),工作環境-遠雄房地產,/contact_service/working_environment/,2,2,4,2,1.5
statics.teams.cdn.office.net / referral,(referral),2025十二月主題報 - 遠雄房地產,/dec2025/,2,2,3,1.5,5
google / organic,(organic),十二月主題報 - 遠雄房地產,/december/,2,2,2,1,7.5
mkto-sn070013.com / referral,(referral),遠房好友電子報感謝頁 - 遠雄房地產,/edm_thank_you_page/,2,2,2,1,2
google / cpc,202511,遠房好友電子報感謝頁 - 遠雄房地產,/edm_thank_you_page/,2,2,2,1,5.5
(not set),20251209一輪播,關於我們 彙整 - 遠雄房地產,/farglory-realty-about/,2,2,2,1,9
google / organic,(organic),國家級的建築肯定-遠雄房地產,/farglory-realty-about/national-building/,2,2,3,1.5,117
google / organic,(organic),遠雄夏沐-線上接待中心,/floor-plan,2,2,4,2,12
(direct) / (none),(direct),預約成功 - DEMO遠雄房地產,/gc_farbear/appointment_successful/,2,2,3,1.5,32.5
google / organic,(organic),2025七月主題報 - 遠雄房地產,/jul2025/,2,2,3,1.5,3.5
google / organic,(organic),賞屋熊厝味【遠雄峰蘊】首檔鉅獻! - 遠雄房地產,/landing-page/0320live/,2,2,3,1.5,7.5
google / organic,(organic),2023年線上接待中心獎勵 - 遠雄房地產,/landing-page/20240312/,2,2,3,1.5,15.5
google / organic,(organic),遠雄房地產 誠摯邀請您蒞臨 INVITATION FOR YOU - 遠雄房地產,/landing-page/遠雄房地產-誠摯邀請您蒞臨-invitation-for-you/,2,2,2,1,6
google / organic,(organic),青朋好友大募集 遠雄文青好友限定 - 遠雄房地產,/landing-page/青朋好友大募集-遠雄文青好友限定/,2,2,5,2.5,8
(direct) / (none),(direct),找不到頁面 - 遠雄房地產,/landmark,2,2,2,1,5.5
google / organic,(organic),"生活機能,遠雄夏沐-線上接待中心",/landscape/long-shot,2,2,2,1,79.5
tw.search.yahoo.com / referral,(referral),台經院產經資料庫總監、APIAA院士  劉佩真 彙整 - 遠雄房地產,/life-proposal-category/expert_point/pei_zhen/,2,2,2,1,5.5
google / organic,(organic),永然聯合法律事務所 彙整 - 遠雄房地產,/life-proposal-category/expert_point/y-rlee/,2,2,3,1.5,10.5
google / organic,(organic),購屋知識 彙整 - 頁3，共9 - 遠雄房地產,/life-proposal-category/home_knowledge/page/3/,2,2,2,1,0.5
google / organic,(organic),購屋知識 彙整 - 頁5，共9 - 遠雄房地產,/life-proposal-category/home_knowledge/page/5/,2,2,2,1,6
google / organic,(organic),在地生活 彙整 - 頁10，共10 - 遠雄房地產,/life-proposal-category/music_life/page/10/,2,2,2,1,1
google / organic,(organic),在地生活 彙整 - 頁9，共10 - 遠雄房地產,/life-proposal-category/music_life/page/9/,2,2,2,1,11.5
google / organic,(organic),安心生活 彙整 - 頁2，共4 - 遠雄房地產,/life-proposal-category/peace_mind/page/2/,2,2,3,1.5,22
google / organic,(organic),首購 彙整 - 遠雄房地產,/life-proposal-tag/1、客層/1購屋對象/首購/,2,2,2,1,9
google / organic,(organic),六都交易量 彙整 - 遠雄房地產,/life-proposal-tag/2、市場/1市場相關專有詞/六都交易量/,2,2,2,1,3
google / organic,(organic),房市反轉 彙整 - 遠雄房地產,/life-proposal-tag/2、市場/1市場相關專有詞/房市反轉/,2,2,3,1.5,9
google / organic,(organic),限貸令 彙整 - 遠雄房地產,/life-proposal-tag/2、市場/1市場相關專有詞/限貸令/,2,2,4,2,20
google / organic,(organic),房屋稅 彙整 - 遠雄房地產,/life-proposal-tag/2、市場/2稅務政策相關/house_tax/,2,2,2,1,4
(direct) / (none),(direct),除戶 彙整 - 遠雄房地產,/life-proposal-tag/2、市場/2稅務政策相關/除戶/,2,2,2,1,0
google / organic,(organic),實價登錄 彙整 - 遠雄房地產,/life-proposal-tag/2、市場/3價格相關/實價登錄/,2,2,2,1,15.5
(direct) / (none),(direct),商用不動產 彙整 - 遠雄房地產,/life-proposal-tag/2、市場/commercial_real_estate/,2,2,2,1,5.5
google / organic,(organic),十大建商 彙整 - 遠雄房地產,/life-proposal-tag/4、品牌/1品牌相關/十大建商/,2,2,3,1.5,10
(direct) / (none),(direct),交通機能 彙整 - 遠雄房地產,/life-proposal-tag/5、區域/1區域地段/交通機能/,2,2,2,1,12.5
(direct) / (none),(direct),公園綠地 彙整 - 遠雄房地產,/life-proposal-tag/5、區域/1區域地段/公園綠地/,2,2,2,1,0
avivid / bh11,20251212,台中市 彙整 - 遠雄房地產,/life-proposal-tag/5、區域/1區域地段/縣市/台中市/,2,2,2,1,25.5
google / organic,(organic),十四期 彙整 - 遠雄房地產,/life-proposal-tag/5、區域/1區域地段/縣市/台中市/beitun/fourthteen/,2,2,2,1,17.5
google / cpc,corearea0829,十四期 彙整 - 遠雄房地產,/life-proposal-tag/5、區域/1區域地段/縣市/台中市/beitun/fourthteen/,2,2,2,1,29.5
fb / bh11,fanpagebutton,十四期 彙整 - 遠雄房地產,/life-proposal-tag/5、區域/1區域地段/縣市/台中市/beitun/fourthteen/,2,2,2,1,17.5
(direct) / (none),(direct),北屯區 彙整 - 頁2，共2 - 遠雄房地產,/life-proposal-tag/5、區域/1區域地段/縣市/台中市/beitun/page/2/,2,2,2,1,0
(direct) / (none),(direct),北屯機廠重劃區 彙整 - 遠雄房地產,/life-proposal-tag/5、區域/1區域地段/縣市/台中市/beitun/北屯機廠重劃區/,2,2,2,1,0
(direct) / (none),(direct),七期 彙整 - 遠雄房地產,/life-proposal-tag/5、區域/1區域地段/縣市/台中市/seventh/,2,2,2,1,8
(direct) / (none),(direct),西屯區 彙整 - 遠雄房地產,/life-proposal-tag/5、區域/1區域地段/縣市/台中市/xitun/,2,2,2,1,10.5
google_kw / 5vo1,202511,北士科 彙整 - 遠雄房地產,/life-proposal-tag/5、區域/1區域地段/縣市/台北市/beitou/北士科/,2,2,2,1,27.5
line-lap / 5vo1,20251123_1102,北士科 彙整 - 遠雄房地產,/life-proposal-tag/5、區域/1區域地段/縣市/台北市/beitou/北士科/,2,2,2,1,76.5
google / organic,(organic),北投士林科技園區 彙整 - 遠雄房地產,/life-proposal-tag/5、區域/1區域地段/縣市/台北市/beitou/北投士林科技園區/,2,2,2,1,26.5
google / organic,(organic),運河星鑽特區 彙整 - 遠雄房地產,/life-proposal-tag/5、區域/1區域地段/縣市/台南市/中西區/運河星鑽特區/,2,2,2,1,9.5
(direct) / (none),(direct),江翠北側重劃區 彙整 - 遠雄房地產,/life-proposal-tag/5、區域/1區域地段/縣市/新北市/板橋區/江翠北側重劃區/,2,2,2,1,0
google / organic,(organic),A7 彙整 - 遠雄房地產,/life-proposal-tag/5、區域/1區域地段/縣市/桃園市/guishan/a7/,2,2,3,1.5,24
google / cpc,area,美術館特區 彙整 - 遠雄房地產,/life-proposal-tag/5、區域/1區域地段/縣市/高雄市/gushan/美術館特區/,2,2,2,1,4.5
google / organic,(organic),高大特區 彙整 - 遠雄房地產,/life-proposal-tag/5、區域/1區域地段/縣市/高雄市/楠梓區/高大特區/,2,2,2,1,28
google / cpc,area,高大特區 彙整 - 遠雄房地產,/life-proposal-tag/5、區域/1區域地段/縣市/高雄市/楠梓區/高大特區/,2,2,2,1,12
(direct) / (none),(direct),重劃區 彙整 - 遠雄房地產,/life-proposal-tag/5、區域/1區域地段/重劃區/,2,2,2,1,0
avivid / bh11,20251212,重劃區 彙整 - 遠雄房地產,/life-proposal-tag/5、區域/1區域地段/重劃區/,2,2,2,1,1
google / cpc,Otherarea0829,重劃區 彙整 - 遠雄房地產,/life-proposal-tag/5、區域/1區域地段/重劃區/,2,2,2,1,37.5
google / organic,(organic),重劃區 彙整 - 頁2，共5 - 遠雄房地產,/life-proposal-tag/5、區域/1區域地段/重劃區/page/2/,2,2,3,1.5,9.5
(direct) / (none),(direct),青銀共居 彙整 - 遠雄房地產,/life-proposal-tag/6、產品/4產品規劃-建築/a-建築規劃/全齡宅/青銀共居/,2,2,2,1,25.5
google / organic,(organic),結構工法 彙整 - 遠雄房地產,/life-proposal-tag/6、產品/9結構/a-結構工法/,2,2,4,2,16
(direct) / (none),(direct),商辦 彙整 - 遠雄房地產,/life-proposal-tag/commercial/commercial-commercial/,2,2,2,1,5
google / organic,(organic),借名登記 彙整 - 遠雄房地產,/life-proposal-tag/law_property/borrow_name/,2,2,2,1,8
google / organic,(organic),不動產詐騙 彙整 - 遠雄房地產,/life-proposal-tag/law_property/不動產詐騙/,2,2,2,1,7.5
(direct) / (none),(direct),2024房市回顧 彙整 - 遠雄房地產,/life-proposal-tag/real_estate-2/2024房市回顧/,2,2,2,1,0
(direct) / (none),(direct),房價走勢 彙整 - 遠雄房地產,/life-proposal-tag/real_estate-2/房價走勢/,2,2,2,1,10.5
google / organic,(organic),貸款成數 彙整 - 遠雄房地產,/life-proposal-tag/二/貸款成數/,2,2,5,2.5,33.5
(not set),20251107一輪播,新手買房注意事項：建商評價排名查詢、售後服務與房屋結構體/防水保固教學,/life-proposal/13856/,2,2,2,1,4
google / organic,(organic),2022年十大建商出爐，品牌建商更重保固與售後服務 - 遠雄房地產,/life-proposal/2022branding_20230119/,2,2,2,1,6
(direct) / (none),(direct),買房停看聽：二工住宅要注意 - 遠雄房地產,/life-proposal/2phase_construction_20221118/,2,2,2,1,12
google / organic,(organic),安藤忠雄：建築是凝固的旅行。在《挑戰—安藤忠雄展》的漫遊與停歇 - 遠雄房地產,/life-proposal/adaoando-20200610/,2,2,2,1,64.5
(direct) / (none),(direct),建案熱區巡禮：台南永康大灣重劃區 - 交通篇 - 遠雄房地產,/life-proposal/area-hotspot-tnn-dawan_traffic_20240313/,2,2,2,1,0.5
bing / organic,(organic),建案熱區巡禮：高雄楠梓區高大特區生活圈 - 遠雄房地產,/life-proposal/area-kaohsiung-nanzi_nuk_function_20250211/,2,2,2,1,21.5
yahoo / organic,(organic),建案熱區巡禮：高雄楠梓區高大特區生活圈 - 遠雄房地產,/life-proposal/area-kaohsiung-nanzi_nuk_function_20250211/,2,2,2,1,5
(direct) / (none),(direct),楠梓高大特區寵物友善地點推薦：必訪5家餐廳＋3大寵物同樂好去處 - 遠雄房地產,/life-proposal/area-kaohsiung-nanzi_nuk_pet-cafe_20250613/,2,2,2,1,2.5
tw.search.yahoo.com / referral,(referral),建案熱區巡禮：高雄三民區中都重劃區生活圈 - 遠雄房地產,/life-proposal/area-khh-central_202306719/,2,2,2,1,10
(not set),20251209一輪播,建案熱區巡禮：高雄三民區高雄車站特區生活圈 - 遠雄房地產,/life-proposal/area-khh-station_20230914/,2,2,0,0,1
(direct) / (none),(direct),Farglory Realty: The Home Buying Experts Who Understand Life Best,/,2,2,0,0,4.5
(direct) / (none),(direct),建案熱區巡禮：台中西屯區，美食、藝文、交通樣樣好 - 遠雄房地產,/life-proposal/area-l-taichung-xitun20220520/,2,2,2,1,5.5
(direct) / (none),(direct),"建案熱區巡禮：在北投享受適居生活、溫泉慢活""心""價值 - 遠雄房地產",/life-proposal/area-l-taipei-beitou20220520/,2,2,2,1,1.5
chatgpt.com / (not set),(not set),建案熱區巡禮：桃園龜山重大建設帶動發展利多 - 遠雄房地產,/life-proposal/area-l-taoyuan-guishan/,2,2,2,1,63.5
mkto-sn070013.com / referral,(referral),建案熱區巡禮：桃園龜山重大建設帶動發展利多 - 遠雄房地產,/life-proposal/area-l-taoyuan-guishan/,2,2,3,1.5,89.5
google / cpc,202511,建案熱區巡禮：桃園龜山重大建設帶動發展利多 - 遠雄房地產,/life-proposal/area-l-taoyuan-guishan/,2,2,2,1,37.5
(direct) / (none),(direct),建案熱區巡禮：移居桃園市桃園區，比想像中更舒適 - 遠雄房地產,/life-proposal/area-l-taoyuan-taoyuan20220520/,2,2,2,1,10.5
(direct) / (none),(direct),建案熱區巡禮：科工館商圈環繞，北高雄發展潛力股 - 遠雄房地產,/life-proposal/area-s-kaohsiung-nstm20220520/,2,2,2,1,44
(not set),部會,建案熱區巡禮：科工館商圈環繞，北高雄發展潛力股 - 遠雄房地產,/life-proposal/area-s-kaohsiung-nstm20220520/,2,2,7,3.5,513
(direct) / (none),(direct),建案熱區巡禮：北屯11期，台中未來新都心 - 遠雄房地產,/life-proposal/area-s-taichung-11_20220916/,2,2,2,1,13.5
baidu / organic,(organic),建案熱區巡禮：北屯11期，台中未來新都心 - 遠雄房地產,/life-proposal/area-s-taichung-11_20220916/,2,2,2,1,4.5
(direct) / (none),(direct),建案熱區巡禮：台南中西區運河星鑽特區生活圈 - 百年港町再出發的現代風華 - 遠雄房地產,/life-proposal/area-s-tainan_west-central_redevelop_diamond_20250502/,2,2,2,1,8
(direct) / (none),(direct),建案熱區巡禮：北士科的園區規畫與在地生活圈！科技廊道最後一塊拼圖將完整 - 遠雄房地產,/life-proposal/area-s-taipei-shilinbstp20220520/,2,2,2,1,9.5
tw.search.yahoo.com / referral,(referral),建案熱區巡禮：北士科的園區規畫與在地生活圈！科技廊道最後一塊拼圖將完整 - 遠雄房地產,/life-proposal/area-s-taipei-shilinbstp20220520/,2,2,2,1,119
(not set),20251209一輪播,建案熱區巡禮：北士科的園區規畫與在地生活圈！科技廊道最後一塊拼圖將完整 - 遠雄房地產,/life-proposal/area-s-taipei-shilinbstp20220520/,2,2,0,0,0
fb / fh2,fbfanpage1226,建案熱區巡禮：新北板橋府中與南雅地區 - 遠雄房地產,/life-proposal/area-s-tph_banqiao_nanya_20240820/,2,2,2,1,37
(direct) / (none),(direct),建案熱區巡禮：新北板橋區Tpark科技特區 (遠東通訊園區) - 學區篇 - 遠雄房地產,/life-proposal/area-s-tph_banqiao_tpark_school_20250421/,2,2,2,1,81.5
(direct) / (none),(direct),建案熱區巡禮：新北板橋區Tpark科技特區 (遠東通訊園區) - 交通篇 - 遠雄房地產,/life-proposal/area-s-tph_banqiao_tpark_traffic_20250321/,2,2,2,1,46.5
google_kw / dh2,(organic),建案熱區巡禮：蛻變中的台南中西區運河星鑽特區 - 交通篇 - 遠雄房地產,/life-proposal/area-tainan_west-central_redevelop_diamond_traffic_20250523/,2,2,2,1,25
google / organic,(organic),建案熱區巡禮：北投士林科技園區 - 學區篇 - 遠雄房地產,/life-proposal/area-tpe-beitou_bstp_school_20240713/,2,2,2,1,114.5
google_kw / 5vo1,202511,建案熱區巡禮：北投士林科技園區 - 交通篇 - 遠雄房地產,/life-proposal/area-tpe-beitou_bstp_traffic_20240705/,2,2,3,1.5,84.5
tw.search.yahoo.com / referral,(referral),建案熱區巡禮：新北板橋府中與南雅地區 - 綠地休憩篇 - 遠雄房地產,/life-proposal/area-tph_banqiao_park_20240820/,2,2,2,1,17.5
(not set),20251209一輪播,建案熱區巡禮：台中港市鎮重劃區生活圈，梧棲、清水躍升熱區 - 遠雄房地產,/life-proposal/area-txg-port_function_20240103/,2,2,1,0.5,0
google / cpc,Otherarea0829,建案熱區巡禮：台中港市鎮重劃區生活圈，梧棲、清水躍升熱區 - 遠雄房地產,/life-proposal/area-txg-port_function_20240103/,2,2,4,2,25.5
google / organic,(organic),建案熱區巡禮：台中西屯區 - 綠地篇 - 遠雄房地產,/life-proposal/area_hotspot_txg_xitun_park_20231129/,2,2,2,1,36
(direct) / (none),(direct),建案熱區巡禮：台中西屯區 - 交通篇 - 遠雄房地產,/life-proposal/area_hotspot_txg_xitun_traffic_20231124/,2,2,2,1,0
news.google.com / referral,(referral),建案熱區巡禮：龜山A7重劃區成北北桃生活圈潛力新核心 - 遠雄房地產,/life-proposal/area_taoyuan_guishan_a7_function/,2,2,2,1,49
(not set),20251230一輪播,建案熱區巡禮：龜山A7重劃區成北北桃生活圈潛力新核心 - 遠雄房地產,/life-proposal/area_taoyuan_guishan_a7_function/,2,2,0,0,45.5
bing / organic,(organic),建案熱區巡禮：台南永康區鹽行國中重劃區生活圈 - 遠雄房地產,/life-proposal/area_tnnyongkang_redevelop_yanxing_20230901/,2,2,2,1,7.5
google_kw / dh2,(organic),建案熱區巡禮：台南永康區鹽行國中重劃區生活圈 - 遠雄房地產,/life-proposal/area_tnnyongkang_redevelop_yanxing_20230901/,2,2,3,1.5,69.5
google / cpc,brand0829,建案熱區巡禮：台中北屯14期重劃區生活圈，打造北台中的新興生活核心 - 遠雄房地產,/life-proposal/area_txg_beitun_14th_function_20250829/,2,2,2,1,78.5
tw.search.yahoo.com / referral,(referral),建案熱區巡禮：台中北屯區14期重劃區 - 綠地休憩篇 - 遠雄房地產,/life-proposal/area_txg_beitun_14th_park_20240909/,2,2,2,1,117
(not set),20251209一輪播,建案熱區巡禮：台中北屯區14期重劃區 - 綠地休憩篇 - 遠雄房地產,/life-proposal/area_txg_beitun_14th_park_20240909/,2,2,0,0,0
(direct) / (none),(direct),建案熱區巡禮：台中北屯區14期重劃區 - 交通篇 - 遠雄房地產,/life-proposal/area_txg_beitun_14th_traffic_20240925/,2,2,2,1,1
avivid / bh11,20251212,建案熱區巡禮：台中北屯區14期重劃區 - 交通篇 - 遠雄房地產,/life-proposal/area_txg_beitun_14th_traffic_20240925/,2,2,2,1,22
(direct) / (none),(direct),建案熱區巡禮：台中北屯機廠重劃區-學區篇 - 遠雄房地產,/life-proposal/area_txg_beitun_depot_school_20240522/,2,2,2,1,0.5
bing / organic,(organic),建案熱區巡禮：台中西屯區單元八比鄰水湳經貿園區，組成中央公園特區後發展可望更勝七期 - 遠雄房地產,/life-proposal/area_txg_xitun_eight_20240207/,2,2,3,1.5,16
(direct) / (none),(direct),建案熱區巡禮：台中西屯區單元八生活圈，水湳經貿園區門戶 - 遠雄房地產,/life-proposal/area_txg_xitun_eight_function_20240407/,2,2,3,1.5,11
google / organic,(organic),小陽台佈置，給自己一處秘密花園 - 遠雄房地產,/life-proposal/balcony_20230414/,2,2,2,1,10.5
google / organic,(organic),選擇品牌建商，把購屋風險降到最低 - 遠雄房地產,/life-proposal/branding_20221111/,2,2,2,1,43
(not set),20251209一輪播,民法成年年齡下修至18歲，不動產稅賦有何影響？ - 遠雄房地產,/life-proposal/civil-law_20221125/,2,2,2,1,2.5
google / organic,(organic),來場大掃除吧！居家清潔要訣看過來！ - 遠雄房地產,/life-proposal/cleaning_20221223/,2,2,2,1,12.5
(not set),20251209一輪播,來場大掃除吧！居家清潔要訣看過來！ - 遠雄房地產,/life-proposal/cleaning_20221223/,2,2,0,0,18.5
fgr-line / fgr,kitchen,來場大掃除吧！居家清潔要訣看過來！ - 遠雄房地產,/life-proposal/cleaning_20221223/,2,2,2,1,1
(direct) / (none),(direct),居家色彩魔法：室內設計配色指南 - 遠雄房地產,/life-proposal/color_20230509/,2,2,2,1,2
(direct) / (none),(direct),不用等大掃除「日常的居家保養」現在就開始！【居家百科】 - 遠雄房地產,/life-proposal/daily-clean/,2,2,2,1,1.5
(direct) / (none),(direct),屋內裝修不可不知!注意事項懶人包【居家百科】 - 遠雄房地產,/life-proposal/decorate/,2,2,2,1,4
(direct) / (none),(direct),小家庭空間重點一次上手 - 客廳篇 - 遠雄房地產,/life-proposal/design_living_room20220907/,2,2,2,1,3
(direct) / (none),(direct),梅雨季居家除溼妙招 - 遠雄房地產,/life-proposal/ease_dehumidification_20230601/,2,2,2,1,4.5
(direct) / (none),(direct),居家生活擁抱綠建材，遠離影響健康與空氣的有害物質 - 遠雄房地產,/life-proposal/ease_healthy-material_20230616/,2,2,2,1,0.5
google / organic,(organic),財經M平方觀點：韓國和澳洲房價修正 台灣是否將步入後塵？ - 遠雄房地產,/life-proposal/expert_20230721_macromicro_korea/,2,2,2,1,21.5
google / cpc,(organic),何世昌觀點：2025年中台灣房市潛力區域專題報導 -10大優質投資區域分析 - 遠雄房地產,/life-proposal/expert_hoshichang_central-potential/,2,2,2,1,25.5
m.facebook.com / referral,(referral),何世昌觀點：2025年中台灣房市潛力區域專題報導 -10大優質投資區域分析 - 遠雄房地產,/life-proposal/expert_hoshichang_central-potential/,2,2,2,1,150.5
socialmedia / fgr,ig20251219,[影音] 全台房市「蛋花湯效應」解密 - 南二都房價的變遷｜何世昌觀點 - 遠雄房地產,/life-proposal/expert_hoshichang_property_south-prices_20250404/,2,2,2,1,1.5
tw.search.yahoo.com / referral,(referral),何世昌觀點：2025年南台灣房市潛力區域專題報導 - 10大優質投資區域分析 - 遠雄房地產,/life-proposal/expert_hoshichang_south-potential/,2,2,2,1,114
google / cpc,area,何世昌觀點：2025年南台灣房市潛力區域專題報導 - 10大優質投資區域分析 - 遠雄房地產,/life-proposal/expert_hoshichang_south-potential/,2,2,2,1,23
fb / eh5,form,何世昌觀點：2025年南台灣房市潛力區域專題報導 - 10大優質投資區域分析 - 遠雄房地產,/life-proposal/expert_hoshichang_south-potential/,2,2,2,1,44
google / organic,(organic),[影音] 台灣房價為何跌不下來？看懂房市「抗跌力」｜何世昌觀點 - 遠雄房地產,/life-proposal/expert_hoshichang_video_property_price_20250801/,2,2,2,1,42
line-lap / bh10,line-lap20259-5,[影音] 專家看2025年上半年預售屋市場 : 四大現象觀察｜何世昌觀點 - 遠雄房地產,/life-proposal/expert_housing-market_20250820/,2,2,2,1,21
tw.search.yahoo.com / referral,(referral),永然法律不動產專欄：預售屋買賣契約簽約時應注意「契約審閱期」 - 遠雄房地產,/life-proposal/expert_law_y-rlee_contract_20250613/,2,2,2,1,30.5
mkto-sn070013.com / referral,(referral),永然法律不動產專欄：台版地面師如何騙走你的不動產? - 遠雄房地產,/life-proposal/expert_law_y-rlee_land-agent_20250904/,2,2,2,1,100
bing / organic,(organic),借名登記的房地產，也可以作為遺產分割的標的嗎？ | 永然法律不動產專欄 - 遠雄房地產,/life-proposal/expert_law_y-rlee_nominee-inheritance/,2,2,2,1,50
(not set),20251209一輪播,借名登記的房地產，也可以作為遺產分割的標的嗎？ | 永然法律不動產專欄 - 遠雄房地產,/life-proposal/expert_law_y-rlee_nominee-inheritance/,2,2,3,1.5,7.5
tw.search.yahoo.com / referral,(referral),預售屋買賣契約中的交屋保留款與建材設備約定｜永然法律不動產專欄 - 遠雄房地產,/life-proposal/expert_law_y-rlee_retention-money_20250704/,2,2,2,1,95.5
(direct) / (none),(direct),李同榮觀點：Al新十大建設對未來房市的具體影響 - 遠雄房地產,/life-proposal/expert_li_ai-projects_20250715/,2,2,2,1,0
(not set),20251230一輪播,2025自住首購族擇屋八大法則｜李同榮觀點 - 遠雄房地產,/life-proposal/expert_li_homeowners_20250410/,2,2,0,0,0
perplexity.ai / referral,(referral),李同榮觀點：2025自住首購族擇屋八大法則 - 遠雄房地產,/life-proposal/expert_li_homeowners_20250410/,2,2,2,1,99
tw.search.yahoo.com / referral,(referral),2026年房地產市場將面臨八大考驗｜李同榮觀點 - 遠雄房地產,/life-proposal/expert_li_housing-challenges-2026/,2,2,2,1,178.5
(not set),20251107一輪播,李同榮觀點：2026年房地產市場將面臨八大考驗 - 遠雄房地產,/life-proposal/expert_li_housing-challenges-2026/,2,2,2,1,163.5
mkto-sn070013.com / referral,(referral),劉學龍觀點：2025年第三季房地產趨勢 - 商用不動產市場的穩與土地市場的冷 - 遠雄房地產,/life-proposal/expert_liu_commercial-2025q3/,2,2,2,1,69
google / organic,(organic),劉學龍觀點：2023年商用不動產市場回顧與展望 - 遠雄房地產,/life-proposal/expert_liu_commercial_2023review_20240101/,2,2,2,1,15
(direct) / (none),(direct),劉學龍觀點：全球局勢到本地市場，2025下半年商用不動產市場的風與浪 - 遠雄房地產,/life-proposal/expert_liu_commercial_2025h2_20250725/,2,2,2,1,19.5
google / organic,(organic),劉學龍觀點：貨幣緊縮氛圍下，不動產市場會如何變化？ - 遠雄房地產,/life-proposal/expert_liu_commercial_monetary_20241009/,2,2,2,1,11
(direct) / (none),(direct),財經M平方觀點：俄烏衝突使通膨升溫，加速各大央行緊縮進程 - 遠雄房地產,/life-proposal/expert_macromicro20220631/,2,2,2,1,0
(direct) / (none),(direct),財經M平方觀點：2023 台灣房市展望，解析兩大原因與政策衝擊 - 遠雄房地產,/life-proposal/expert_macromicro_20230117/,2,2,3,1.5,2.5
google / organic,(organic),財經M平方觀點：通膨與就業兩大因素，美國經濟將呈 U 型復甦 - 遠雄房地產,/life-proposal/expert_macromicro_20230306/,2,2,3,1.5,22
google / organic,(organic),2025 下半年台灣經濟怎麼走？台股、台幣一次解析｜財經M平方觀點 - 遠雄房地產,/life-proposal/expert_macromicro_2025econ_20250730/,2,2,2,1,84
google / organic,(organic),25Q2 美股財報-深度拆解半導體龍頭與 AI 趨勢 - 遠雄房地產,/life-proposal/expert_macromicro_25q2-financial-statements/,2,2,2,1,6
(direct) / (none),(direct),財經M平方觀點：2025 年中國經濟關鍵議題分析 - 遠雄房地產,/life-proposal/expert_macromicro_china-economic_20250120/,2,2,2,1,2.5
(direct) / (none),(direct),財經M平方觀點：降息了黃金一定會漲嗎？探討未來黃金走勢 - 遠雄房地產,/life-proposal/expert_macromicro_golden_20241119/,2,2,2,1,86
socialmedia / fgr,ig1129,全台Q3房價創高，但後續房市將變天？｜財經M平方觀點 - 遠雄房地產,/life-proposal/expert_macromicro_housing_2024q3_20241106/,2,2,2,1,0
google / organic,(organic),進入 2025 年如何展望台灣房市，央行信用管制效果還在?｜財經M平方觀點 - 遠雄房地產,/life-proposal/expert_macromicro_housing_2025view_20250205/,2,2,2,1,22
(direct) / (none),(direct),中國結構性問題解析及全球經濟影響｜財經M平方觀點 - 遠雄房地產,/life-proposal/expert_macromicro_mec_china_20231222/,2,2,2,1,6.5
(direct) / (none),(direct),陸港股最壞狀況已過？展望中國後市｜財經M平方觀點 - 遠雄房地產,/life-proposal/expert_macromicro_mec_china_20240621/,2,2,2,1,7.5
google / organic,(organic),財經M平方觀點：三大貨幣類型，盤點全球匯市走向 - 遠雄房地產,/life-proposal/expert_macromicro_mec_currency_20240521/,2,2,2,1,41.5
google / organic,(organic),財經M平方觀點：製造業回溫下驅動台灣經濟的三大關鍵 - 遠雄房地產,/life-proposal/expert_macromicro_mec_manufacturing_20240304/,2,2,2,1,11.5
(direct) / (none),(direct),財經M平方觀點：對等關稅引發全球市場動盪 貴金屬適合投資嗎？ - 遠雄房地產,/life-proposal/expert_macromicro_precious-metals_20250430/,2,2,2,1,11.5
google / organic,(organic),財經M平方觀點：對等關稅下，新興亞洲將面臨哪些挑戰？ - 遠雄房地產,/life-proposal/expert_macromicro_tariffs-to-asia_20250528/,2,2,2,1,29.5
google / organic,(organic),劉佩真觀點：2023年台灣房地產市場景氣情勢與展望 - 遠雄房地產,/life-proposal/expert_peizhen_20221226/,2,2,2,1,1
(direct) / (none),(direct),2024年第三季房市觀測-商用不動產、住宅市況兩樣情，呈現強弱分明態勢｜劉佩真觀點 - 遠雄房地產,/life-proposal/expert_peizhen_2024q3review_20241001/,2,2,2,1,1
bing / organic,(organic),劉佩真觀點：2024年房市為前高後低態勢、2025年將進入調整階段 - 遠雄房地產,/life-proposal/expert_peizhen_2024review_20250107/,2,2,2,1,0
bing / organic,(organic),劉佩真觀點：AI科技宅當道！台灣半導體聚落帶動房市 - 遠雄房地產,/life-proposal/expert_peizhen_ai-housing-trend/,2,2,2,1,4.5
mkto-sn070013.com / referral,(referral),劉佩真觀點：AI科技宅當道！台灣半導體聚落帶動房市 - 遠雄房地產,/life-proposal/expert_peizhen_ai-housing-trend/,2,2,2,1,0
fgr-line / fgr,expert_peizhen_ai-housing-trend,劉佩真觀點：AI科技宅當道！台灣半導體聚落帶動房市 - 遠雄房地產,/life-proposal/expert_peizhen_ai-housing-trend/,2,2,3,1.5,2
(direct) / (none),(direct),[影音] 下半年房市走勢利多與利空一次看！｜劉佩真觀點 - 遠雄房地產,/life-proposal/expert_peizhen_bullbear-2025h2__20250829/,2,2,2,1,16.5
(direct) / (none),(direct),[影音] 劉佩真觀點：下半年房市走勢利多與利空一次看！ - 遠雄房地產,/life-proposal/expert_peizhen_bullbear-2025h2__20250829/,2,2,2,1,37.5
(direct) / (none),(direct),國內六大區域治理計畫，牽動區域商用不動產的發展｜劉佩真觀點 - 遠雄房地產,/life-proposal/expert_peizhen_commercial_capitalist-development_20250402/,2,2,2,1,13.5
(not set),20251209一輪播,劉佩真觀點：從行業別、區域分布看2024年商用不動產投資買賣市場脈動 - 遠雄房地產,/life-proposal/expert_peizhen_commerical-trend_20240603/,2,2,1,0.5,45
(direct) / (none),(direct),劉佩真觀點：辦公室租賃將告別房東市場，然企業升級需求為重點 - 遠雄房地產,/life-proposal/expert_peizhen_office-rental_20250805/,2,2,2,1,31
(direct) / (none),(direct),劉佩真觀點：2025年第二季房市觀測 - 關稅、打炒房持續等利空，Q3房市景氣還有機會回升嗎？ - 遠雄房地產,/life-proposal/expert_peizhen_property-2025q2_20250707/,2,2,2,1,12
tw.search.yahoo.com / referral,(referral),[影音] 科學園區帶動房市新熱潮：竹科、中科、南科的投資分析｜劉佩真觀點 - 遠雄房地產,/life-proposal/expert_peizhen_science-park-housing/,2,2,2,1,36.5
(not set),系統測試,[影音] 半導體業近期投資趨勢將如何影響國內商用不動產的表現 - 遠雄房地產,/life-proposal/expert_peizhen_semiconductor_video/,2,2,0,0,0
google / organic,(organic),[影音] 半導體業近期投資趨勢將如何影響國內商用不動產的表現｜劉佩真觀點 - 遠雄房地產,/life-proposal/expert_peizhen_semiconductor_video/,2,2,2,1,11
fgr-line / fgr,expert_zhu_ownership-criteria,[影音] 半導體業近期投資趨勢將如何影響國內商用不動產的表現｜劉佩真觀點 - 遠雄房地產,/life-proposal/expert_peizhen_semiconductor_video/,2,2,2,1,14.5
chatgpt.com / (not set),(not set),輝達總部確立，房市受惠區在哪裡？｜何世昌觀點 - 遠雄房地產,/life-proposal/expert_thinktank_nvidia_20250729/,2,2,2,1,23.5
google / organic,(organic),[影音] 買房後發現實際面積比權狀縮水，該找誰求償?｜專家觀點地政篇 - 遠雄房地產,/life-proposal/expert_zhu_area-discrepancy_20250827/,2,2,2,1,34
bing / organic,(organic),專家觀點地政篇：人在國外想買房，簽約、貸款與登記要注意什麼？(下) - 遠雄房地產,/life-proposal/expert_zhu_buyhouse_abroad2_20240320/,2,2,2,1,89.5
tw.search.yahoo.com / referral,(referral),專家觀點地政篇：空屋稅的真相？房子閒置前你該考慮的事 - 遠雄房地產,/life-proposal/expert_zhu_eht_20250625/,2,2,3,1.5,411
(not set),20251209一輪播,專家觀點地政篇：空屋稅的真相？房子閒置前你該考慮的事 - 遠雄房地產,/life-proposal/expert_zhu_eht_20250625/,2,2,0,0,0
tw.search.yahoo.com / referral,(referral),防範代書詐騙，如何查詢地政士的合法性？｜專家觀點地政篇 - 遠雄房地產,/life-proposal/expert_zhu_expert_zhu_land-agent_20250917/,2,2,2,1,46
tw.search.yahoo.com / referral,(referral),專家觀點地政篇：生前贈與還是繳遺產稅，哪個比較划算？結果可能超乎你的想像 - 遠雄房地產,/life-proposal/expert_zhu_gift-and-estate-tax_20250509/,2,2,2,1,31.5
bing / organic,(organic),限貸令對各族群影響 (下) 首購、換屋、繼承族群影響為何?｜專家觀點地政篇 - 遠雄房地產,/life-proposal/expert_zhu_loan-restriction2_20250219/,2,2,2,1,118.5
(direct) / (none),(direct),[影音] 豪宅稅跟你也有關係：有房族注意！影響與計算不可不知 - 遠雄房地產,/life-proposal/expert_zhu_mansion-tax-count_vedio_20250625/,2,2,2,1,4
(direct) / (none),(direct),[影音] 豪宅稅跟你也有關係：有房族注意！影響與計算不可不知｜專家觀點地政篇 - 遠雄房地產,/life-proposal/expert_zhu_mansion-tax-count_vedio_20250625/,2,2,2,1,6
socialmedia / fgr,ig20250920,[影音] 豪宅稅跟你也有關係：有房族注意！影響與計算不可不知｜專家觀點地政篇 - 遠雄房地產,/life-proposal/expert_zhu_mansion-tax-count_vedio_20250625/,2,2,2,1,0
(not set),20251209一輪播,[影音] 豪宅稅跟你也有關係：有房族注意！2025豪宅稅新門檻上路 - 遠雄房地產,/life-proposal/expert_zhu_mansion-tax-definition_vedio_20250523/,2,2,0,0,0
socialmedia / fgr,ig20250822,[影音] 豪宅稅跟你也有關係：有房族注意！2025豪宅稅新門檻上路 - 遠雄房地產,/life-proposal/expert_zhu_mansion-tax-definition_vedio_20250523/,2,2,2,1,5
socialmedia / fgr,ig20250905,[影音] 豪宅稅跟你也有關係：有房族注意！2025豪宅稅新門檻上路 - 遠雄房地產,/life-proposal/expert_zhu_mansion-tax-definition_vedio_20250523/,2,2,2,1,3
google / organic,(organic),[影音] 連續繼承房產出售節稅有術｜專家觀點地政篇 - 遠雄房地產,/life-proposal/expert_zhu_multiple-inheriting_vedio_20250423/,2,2,2,1,6.5
chatgpt.com / (not set),(not set),自用住宅免稅400萬怎麼申請？「持有、設籍、實住」3點不能忽略 | 專家觀點地政篇 - 遠雄房地產,/life-proposal/expert_zhu_ownership-criteria/,2,2,2,1,0
perplexity / (not set),(not set),自用住宅免稅400萬怎麼申請？「持有、設籍、實住」3點不能忽略 | 專家觀點地政篇 - 遠雄房地產,/life-proposal/expert_zhu_ownership-criteria/,2,2,3,1.5,90
(direct) / (none),(direct),專家觀點地政篇：我該購買預售屋還是成屋？ - 遠雄房地產,/life-proposal/expert_zhu_presale_20230314/,2,2,2,1,138
(direct) / (none),(direct),專家觀點地政篇：不動產贈與要注意什麼？配偶跟子女，分產稅制大不同 - 遠雄房地產,/life-proposal/expert_zhu_property_divide_gifttax2_20241024/,2,2,2,1,8.5
socialmedia / fgr,fb20250117,[影音] 預售屋購買注意事項大解析 - 履約保證不可不知 - 遠雄房地產,/life-proposal/expert_zhu_property_escrow_vedio_20240531/,2,2,2,1,7.5
google / organic,(organic),[影音] 二親等的不動產買賣：父母要將房子及土地過戶給子女如何做? - 遠雄房地產,/life-proposal/expert_zhu_property_house-transfer_20231129/,2,2,2,1,5
google / organic,(organic),[影音] 二親等的不動產買賣：父母要將房子及土地過戶給子女如何做?｜專家觀點地政篇 - 遠雄房地產,/life-proposal/expert_zhu_property_house-transfer_20231129/,2,2,2,1,10.5
socialmedia / fgr,fb20250103,[影音] 你的買賣安全嗎？房屋產權必懂的謄本識讀、權狀跟身分查驗 - 遠雄房地產,/life-proposal/expert_zhu_property_identity_vedio_20240229/,2,2,2,1,0
socialmedia / fgr,ig20251003,[影音] 你的買賣安全嗎？房屋產權必懂的謄本識讀、權狀跟身分查驗｜專家觀點地政篇 - 遠雄房地產,/life-proposal/expert_zhu_property_identity_vedio_20240229/,2,2,2,1,0
(direct) / (none),(direct),[影音] 實價登錄全面攻略- 不動產交易查詢藏在細節裡 - 遠雄房地產,/life-proposal/expert_zhu_property_law2_vedio_20241031/,2,2,2,1,12.5
tw.search.yahoo.com / referral,(referral),專家觀點地政篇：只有不動產怎麼繳遺產稅？實物抵繳是否划算？ - 遠雄房地產,/life-proposal/expert_zhu_property_offset-2_20241220/,2,2,2,1,202
(direct) / (none),(direct),專家觀點地政篇：你買到的法定空地是什麼？ - 遠雄房地產,/life-proposal/expert_zhu_property_openspace_20240705/,2,2,2,1,6.5
(direct) / (none),(direct),[影音] 停車位買賣詳細解析-你需要知道的車位權利 - 遠雄房地產,/life-proposal/expert_zhu_property_parking_vedio_20240828/,2,2,2,1,5
tw.search.yahoo.com / referral,(referral),[影音] 停車位買賣詳細解析-你需要知道的車位權利 - 遠雄房地產,/life-proposal/expert_zhu_property_parking_vedio_20240828/,2,2,2,1,1.5
(not set),20251209一輪播,[影音] 停車位買賣詳細解析-你需要知道的車位權利 - 遠雄房地產,/life-proposal/expert_zhu_property_parking_vedio_20240828/,2,2,1,0.5,0.5
socialmedia / fgr,ig20250228,[影音] 預售屋購買注意事項大解析－了解預售屋制度與現況 - 遠雄房地產,/life-proposal/expert_zhu_property_presalerule_vedio_20240726/,2,2,2,1,3
bing / organic,(organic),專家觀點地政篇：如何預防不動產詐騙？如何防止房屋被移轉？ - 遠雄房地產,/life-proposal/expert_zhu_property_scam_20240604/,2,2,3,1.5,5.5
(not set),20251209一輪播,專家觀點地政篇：如何預防不動產詐騙？如何防止房屋被移轉？ - 遠雄房地產,/life-proposal/expert_zhu_property_scam_20240604/,2,2,1,0.5,0
bing / organic,(organic),[影音] 專家觀點地政篇：限貸令下交屋解約問題 - 遠雄房地產,/life-proposal/expert_zhu_property_terminate_vedio_20250313/,2,2,2,1,8.5
tw.search.yahoo.com / referral,(referral),到底停車位、露臺、屋頂屬於誰的？｜專家觀點地政篇 - 遠雄房地產,/life-proposal/expert_zhu_public-area_20230718/,2,2,2,1,705.5
(direct) / (none),(direct),專家觀點地政篇：到底停車位、露臺、屋頂屬於誰的？ - 遠雄房地產,/life-proposal/expert_zhu_public-area_20230718/,2,2,2,1,2
(direct) / (none),(direct),專家觀點地政篇：親屬間不動產交易的稅務優化策略與案例解析 - 遠雄房地產,/life-proposal/expert_zhu_second-degree_20250321/,2,2,2,1,18.5
tw.search.yahoo.com / referral,(referral),親屬間不動產交易的稅務優化策略與案例解析｜專家觀點地政篇 - 遠雄房地產,/life-proposal/expert_zhu_second-degree_20250321/,2,2,2,1,132
(direct) / (none),(direct),[影音] 地面師詐騙實例解析 - 三招防止房產被冒名過戶！ - 遠雄房地產,/life-proposal/expert_zhu_taiwan-land-scam/,2,2,2,1,87
(not set),20251209一輪播,[影音] 地面師詐騙實例解析 - 三招防止房產被冒名過戶！ - 遠雄房地產,/life-proposal/expert_zhu_taiwan-land-scam/,2,2,0,0,0
(direct) / (none),(direct),[影音] 地面師詐騙實例解析 - 三招防止房產被冒名過戶｜專家觀點地政篇 - 遠雄房地產,/life-proposal/expert_zhu_taiwan-land-scam/,2,2,3,1.5,51
(direct) / (none),(direct),專家觀點地政篇：降低遺產稅怎麼做？遺產稅節稅規劃攻略 - 遠雄房地產,/life-proposal/expert_zhu_tax_inheritance_vedio_20240327/,2,2,2,1,5
(direct) / (none),(direct),[影音] 信託與產權設計術：資產管理、遺囑信託與節稅技巧｜專家觀點地政篇 - 遠雄房地產,/life-proposal/expert_zhu_video_trust/,2,2,2,1,16.5
(direct) / (none),(direct),遠雄建設獲TCSA台灣永續報告書銀獎，持續推動ESG深化企業永續力 - 遠雄房地產,/life-proposal/farglory_land_20221223/,2,2,2,1,6.5
fgr-line / fgr,cleaning_20221223,遠雄建設獲TCSA台灣永續報告書銀獎，持續推動ESG深化企業永續力 - 遠雄房地產,/life-proposal/farglory_land_20221223/,2,2,2,1,3.5
google / organic,(organic),水龍頭不給力？給水供水問題快速解法【居家百科】 - 遠雄房地產,/life-proposal/faucet-waterknowledge/,2,2,2,1,85.5
(direct) / (none),(direct),修繕小知識：自己的浴室自己修！水龍頭、馬桶故障簡易排除法【居家百科】 - 遠雄房地產,/life-proposal/fixbathroom/,2,2,2,1,0
(direct) / (none),(direct),法拍屋怎麼買? 選購法拍屋基本知識 - 遠雄房地產,/life-proposal/foreclosure_20230427/,2,2,2,1,1.5
google / organic,(organic),法拍屋怎麼買? 選購法拍屋基本知識 - 遠雄房地產,/life-proposal/foreclosure_20230427/,2,2,2,1,107.5
m.facebook.com / referral,(referral),贈與稅與遺產稅免稅額提高，房屋轉讓給子女的規劃要點 - 遠雄房地產,/life-proposal/gift_tax/,2,2,2,1,18.5
(direct) / (none),(direct),建案熱區巡禮-【遠雄豐河】我家門前有小河，快樂入住新北中和 - 遠雄房地產,/life-proposal/h101b/,2,2,2,1,7
(direct) / (none),(direct),交屋型態差在哪？ 標配屋、實品屋、毛胚屋比一比 - 遠雄房地產,/life-proposal/handover202206010/,2,2,2,1,3.5
google / organic,(organic),打造健康住宅！陽光、空氣、水都非常重要 - 遠雄房地產,/life-proposal/healthy-house1/,2,2,2,1,9.5
(direct) / (none),(direct),打造健康住宅！水質檢測標準有哪些 - 遠雄房地產,/life-proposal/healthy-house2water/,2,2,2,1,8
(direct) / (none),(direct),你的房子保險了嗎？一次搞懂住宅火險與地震險 - 遠雄房地產,/life-proposal/home_insurance20220602/,2,2,2,1,2.5
google / organic,(organic),你的房子保險了嗎？一次搞懂住宅火險與地震險 - 遠雄房地產,/life-proposal/home_insurance20220602/,2,2,2,1,154
google / cpc,O1_特色字_2025.0801,就愛飯店式管理，飯店式住宅成趨勢 - 遠雄房地產,/life-proposal/hotel_property20220624/,2,2,2,1,15.5
(not set),(not set),換屋族看過來，房地合一稅與土增稅要點筆記！ - 遠雄房地產,/life-proposal/house_and_land/,2,2,0,0,77.5
google / organic,(organic),囤房稅不可不知！多屋族看過來 - 遠雄房地產,/life-proposal/house_tax/,2,2,2,1,34.5
google / organic,(organic),2022住宅補貼申請條件與限制看過來 - 遠雄房地產,/life-proposal/housing_allowance_20220826/,2,2,4,2,15.5
bing / organic,(organic),軟裝搭配術 - 改變居家風格的魔法 - 遠雄房地產,/life-proposal/interior_softdeco_20230222/,2,2,2,1,11
(direct) / (none),(direct),綠地水岸公共空間、米其林餐廳星光閃耀，愈來愈宜居城市的高雄,/life-proposal/kaohsiung-greenspace/,2,2,2,1,6
bing / organic,(organic),高雄景點再+1 預計2023年完工的絕美綠建築【高雄新車站】 - 遠雄房地產,/life-proposal/kaohsiung-station-mecanoo20220610/,2,2,2,1,0
tw.search.yahoo.com / referral,(referral),2024十大建商出爐！大建商穩，小建商靈活，買家如何選邊站？ - 遠雄房地產,/life-proposal/kw_brand_construction_20240109/,2,2,2,1,36
(direct) / (none),(direct),如何保障產權？維護自身權益必知的產權登記 - 遠雄房地產,/life-proposal/kw_equity_20230605/,2,2,2,1,0.5
google / organic,(organic),平均地權條例子法預計7月1日正式登場，修法重點一次看 - 遠雄房地產,/life-proposal/kw_land_rights_20230606/,2,2,2,1,4.5
google / organic,(organic),青年首購看過來：新青安貸款8大重點 - 遠雄房地產,/life-proposal/kw_load_youthload_20230928/,2,2,2,1,17.5
(direct) / (none),(direct),什麼是虛坪制？一次了解政府的「虛坪改革」方案 - 遠雄房地產,/life-proposal/kw_meterspolicy_20240513/,2,2,2,1,262.5
(direct) / (none),(direct),買房大小事：個人住宅購屋貸款注意事項 - 遠雄房地產,/life-proposal/land_bank_loan/,2,2,2,1,3.5
tw.search.yahoo.com / referral,(referral),買房大小事：交屋到入住前不可不知 - 遠雄房地產,/life-proposal/land_handover/,2,2,2,1,126
(direct) / (none),(direct),買房大小事：交屋眉角看仔細 - 遠雄房地產,/life-proposal/land_handover_check/,2,2,2,1,0.5
bing / organic,(organic),買房大小事：戶籍遷入如何辦理？ - 遠雄房地產,/life-proposal/land_household_registration/,2,2,3,1.5,67
(not set),20251230一輪播,買房大小事：戶籍遷入如何辦理？ - 遠雄房地產,/life-proposal/land_household_registration/,2,2,0,0,0
google / organic,(organic),買房大小事：購屋貸款Q&A一次解析 - 遠雄房地產,/life-proposal/land_load_qa/,2,2,2,1,20.5
tw.search.yahoo.com / referral,(referral),社區營運兩三事：各項管理辦法看過來 - 遠雄房地產,/life-proposal/land_rules/,2,2,2,1,17
(direct) / (none),(direct),居家燈具清潔與保養全攻略【居家百科】 - 遠雄房地產,/life-proposal/light/,2,2,2,1,8.5
fgr-line / fgr,cleaning_20221223,居家燈具清潔與保養全攻略【居家百科】 - 遠雄房地產,/life-proposal/light/,2,2,2,1,2
google / organic,(organic),房價溫度計-總經指標有哪些？ - 遠雄房地產,/life-proposal/macroeconomics_20221108/,2,2,3,1.5,11.5
facebook.com / referral,(referral),輝達超微進駐遠雄自貿港，遠雄MetaLink廠辦受惠廊帶效應  - 遠雄房地產,/life-proposal/metalink-ai-hub/,2,2,2,1,5.5
news.google.com / referral,(referral),輝達超微進駐遠雄自貿港，遠雄MetaLink廠辦受惠廊帶效應  - 遠雄房地產,/life-proposal/metalink-ai-hub/,2,2,2,1,18
google / cpc,202511,輝達超微進駐遠雄自貿港，遠雄MetaLink廠辦受惠廊帶效應  - 遠雄房地產,/life-proposal/metalink-ai-hub/,2,2,2,1,7.5
(direct) / (none),(direct),升息讓房貸壓力越來越大，告訴你無痛還款的招數 - 遠雄房地產,/life-proposal/mortgage_-statistics_20221215/,2,2,2,1,5
google / organic,(organic),升息讓房貸壓力越來越大，告訴你無痛還款的招數 - 遠雄房地產,/life-proposal/mortgage_-statistics_20221215/,2,2,2,1,24
m.facebook.com / referral,(referral),輝達落腳時程出爐，北士科商辦掀全球卡位戰 - 遠雄房地產,/life-proposal/nvidia-beishi-office/,2,2,2,1,26.5
google_gdn / 5vo1,20251201,輝達落腳時程出爐，北士科商辦掀全球卡位戰 - 遠雄房地產,/life-proposal/nvidia-beishi-office/,2,2,2,1,95
(not set),20251209一輪播,停車位眉角多：車位怎麼選？一個車位可以停兩部車嗎？ - 遠雄房地產,/life-proposal/parking_space20220615/,2,2,0,0,0
(direct) / (none),(direct),買預售屋時，履約保證真的對你有保障嗎？ - 遠雄房地產,/life-proposal/performance_guarantee_20221914/,2,2,2,1,0.5
google / organic,(organic),打造與「毛小孩」的舒適居家空間！寵物宅3大重點設計 - 遠雄房地產,/life-proposal/pet20220603/,2,2,2,1,88.5
(not set),20251209一輪播,「權狀坪數」與「室內坪數」分不清？ –「首購族看房買屋攻略」 - 遠雄房地產,/life-proposal/ping/,2,2,0,0,0.5
(not set),20251209一輪播,記住授信5P原則，讓你的貸款成數更高更容易 - 遠雄房地產,/life-proposal/pre_mortgage_20221215/,2,2,0,0,0
google / organic,(organic),一次搞懂老屋改建的方法 - 遠雄房地產,/life-proposal/renovation_20230330/,2,2,2,1,13.5
(direct) / (none),(direct),包租代管懶人包快速了解！ - 遠雄房地產,/life-proposal/rental_housing_20230106/,2,2,2,1,0.5
google / organic,(organic),居家以線板、百葉窗打造「輕美式」：首購族小資女、小家庭舒壓輕鬆宅,/life-proposal/shutters-home-design/,2,2,3,1.5,8
google / organic,(organic),小宅當道！入手小坪數產品注意事項 - 遠雄房地產,/life-proposal/small_property_20221007/,2,2,2,1,71
fgr-line / fgr,space_design_smallhouse2_20240521,小宅當道！入手小坪數產品注意事項 - 遠雄房地產,/life-proposal/small_property_20221007/,2,2,2,1,0
google / organic,(organic),住宅隔音規劃有哪些？許我一個清淨空間 - 遠雄房地產,/life-proposal/soundproofing/,2,2,2,1,51
google / organic,(organic),抗酷暑 ! 室內空間降溫這樣做：選對建材有解方 - 遠雄房地產,/life-proposal/space_design_cooldown_20240804/,2,2,2,1,52
(direct) / (none),(direct),居家窗簾挑選有學問，窗簾種類與款式有哪些？ - 遠雄房地產,/life-proposal/space_design_curtain_20240714/,2,2,2,1,0
google / organic,(organic),居家窗簾挑選有學問，窗簾種類與款式有哪些？ - 遠雄房地產,/life-proposal/space_design_curtain_20240714/,2,2,2,1,105.5
mkto-sn070013.com / referral,(referral),居家窗簾挑選有學問，窗簾種類與款式有哪些？ - 遠雄房地產,/life-proposal/space_design_curtain_20240714/,2,2,3,1.5,115
(direct) / (none),(direct),熱門玄關設計實用Tips，魔鬼藏在細節裡 - 遠雄房地產,/life-proposal/space_design_entrance_20240314/,2,2,2,1,0.5
(direct) / (none),(direct),小宅攻略∣新婚小家庭如何打造高效空間 - 遠雄房地產,/life-proposal/space_design_smallhouse1_20240411/,2,2,2,1,55
mkto-sn070013.com / referral,(referral),小宅攻略 ∣ 退休宅這樣規畫超完美 - 遠雄房地產,/life-proposal/space_design_smallhouse2_20240521/,2,2,2,1,54.5
(direct) / (none),(direct),工料雙漲下的省錢裝潢 | 自己打造無印風設計 - 遠雄房地產,/life-proposal/space_furnish_muji_20231101/,2,2,2,1,79
google / organic,(organic),工料雙漲下的省錢裝潢 | 自己打造無印風設計 - 遠雄房地產,/life-proposal/space_furnish_muji_20231101/,2,2,2,1,13
(direct) / (none),(direct),為生活解悶 | 2024年度代表色：用柔和蜜桃妝點居家 - 遠雄房地產,/life-proposal/space_style_peach_20240206/,2,2,2,1,15.5
(direct) / (none),(direct),地上權建物可以買嗎？優缺點一次看 - 遠雄房地產,/life-proposal/superficial_rights/,2,2,2,1,0
google / organic,(organic),台中海線景點介紹：高美濕地、台中清水國小(牛罵頭)、清水眷村文化園區、台中港特區,/life-proposal/taichung-attractions/,2,2,2,1,4
tw.search.yahoo.com / referral,(referral),房地一族看過來，與你有關的國稅局查稅重點 - 遠雄房地產,/life-proposal/tax_inspection_20230119/,2,2,2,1,170.5
avivid / bh11,20251212,不動產節稅妙招：每年都要繳的財產稅省很大 - 遠雄房地產,/life-proposal/tax_mitigation_housetax_20220902/,2,2,2,1,18
google / organic,(organic),不動產節稅妙招：自用住宅用地優惠稅率不可不知 - 遠雄房地產,/life-proposal/tax_mitigation_land_20220902/,2,2,2,1,26
tw.search.yahoo.com / referral,(referral),買房時到底有那些稅金要繳？-「首購族看房買屋攻略」 - 遠雄房地產,/life-proposal/taxes/,2,2,2,1,41.5
(not set),20251230一輪播,聰明買房不吃虧，謄本訊息知多少 - 遠雄房地產,/life-proposal/transcript_20221007/,2,2,0,0,2
fgr-line / fgr,space_design_smallhouse2_20240521,聰明買房不吃虧，謄本訊息知多少 - 遠雄房地產,/life-proposal/transcript_20221007/,2,2,2,1,82.5
bing / organic,(organic),突然跳電要怎麼處理？六個步驟跟著做！【居家百科】 - 遠雄房地產,/life-proposal/trip/,2,2,2,1,34.5
(direct) / (none),(direct),台灣蔦屋的空間價值革命，在遠雄實踐地方創生價值,/life-proposal/tsuta-house/,2,2,2,1,64
(direct) / (none),(direct),永續幸福家園，全齡通用宅設計規範與趨勢 - 遠雄房地產,/life-proposal/universal-design20220708/,2,2,2,1,1
(direct) / (none),(direct),不動產估價管道有哪些？ - 遠雄房地產,/life-proposal/value_estimation_of_property_20221014/,2,2,2,1,9
google / organic,(organic),修繕小知識：家裡漏水問題怎麼解？【居家百科】 - 遠雄房地產,/life-proposal/waterleaking/,2,2,2,1,15.5
(direct) / (none),(direct),遠雄攜手李祖原，中和左岸橋景觀住宅，享受視野無價,/life-proposal/zhonghe-river/,2,2,2,1,0.5
l.facebook.com / referral,(referral),[影音] 北士科潛力揭密：輝達進駐引爆房市三大變革｜何世昌觀點 - 遠雄房地產,/life-proposal/影音-輝達北士科總部設立：帶動台北房市三大變/,2,2,2,1,137.5
mkto-sn070013.com / referral,(referral),[影音] 北士科潛力揭密：輝達進駐引爆房市三大變革｜何世昌觀點 - 遠雄房地產,/life-proposal/影音-輝達北士科總部設立：帶動台北房市三大變/,2,2,2,1,77
fb / O1,120227538157820464,生活提案： 專家房市觀點、空間美學指南 -遠雄房地產,/life_proposal/,2,2,2,1,5.5
(not set),20251209一輪播,生活提案： 專家房市觀點、空間美學指南 -遠雄房地產,/life_proposal/,2,2,2,1,0
googlemap / o1,googlemap,生活提案： 專家房市觀點、空間美學指南 -遠雄房地產,/life_proposal/,2,2,3,1.5,17
ig / social,ig,生活提案： 專家房市觀點、空間美學指南 -遠雄房地產,/life_proposal/,2,2,2,1,2.5
avivid / bh11,20251212,購屋知識：買屋流程、稅法貸款指南 -遠雄房地產,/life_proposal/buying_knowledge/,2,2,4,2,24.5
socialmedia / fgr,ig20250321,專家觀點：解析房市動向與購屋建議 -遠雄房地產,/life_proposal/experts_point/,2,2,2,1,0
google / organic,(organic),財經Ｍ平方 - 遠雄房地產,/life_proposal/experts_point/獨家專欄/財經ｍ平方/,2,2,4,2,7.5
mkto-sn070013.com / referral,(referral),空間美學：三大保固升級服務-遠雄房地產,/life_proposal/space_aesthetics/,2,2,7,3.5,25
search.buzzonfeed.com / referral,(referral),遠雄房地產預約賞屋(線上賞屋與預約賞屋),/make_appointment/,2,2,8,4,25
google / cpc,20251204,遠雄房地產預約賞屋(線上賞屋與預約賞屋),/make_appointment/,2,2,1,0.5,13.5
avivid / bh11,20251212,遠雄房地產預約賞屋(線上賞屋與預約賞屋),/make_appointment/,2,2,18,9,41.5
fb / hch1,privacy,遠雄房地產預約賞屋(線上賞屋與預約賞屋),/make_appointment/,2,2,2,1,3.5
line / ah2-message,(not set),預約賞屋手機驗證 - 遠雄房地產,/mob_verify/,2,2,3,1.5,23
tw.search.yahoo.com / referral,(referral),預約賞屋手機驗證 - 遠雄房地產,/mob_verify/,2,2,2,1,9
fb / eh2,12-1,預約賞屋手機驗證 - 遠雄房地產,/mob_verify/,2,2,3,1.5,19
(not set),20251209一輪播,預約賞屋手機驗證 - 遠雄房地產,/mob_verify/,2,2,3,1.5,16
google / cpc,O1_品牌字_2025.0801,預約賞屋手機驗證 - 遠雄房地產,/mob_verify/,2,2,4,2,174.5
fb / bh8,fb22-2,預約賞屋手機驗證 - 遠雄房地產,/mob_verify/,2,2,2,1,21.5
line-lap / cqh1,lap-2,預約賞屋手機驗證 - 遠雄房地產,/mob_verify/,2,2,4,2,98
google / cpc,(organic),遠房好友- 遠雄房地產,/my-account/,2,2,4,2,49.5
fb / O1,120227538157820464,遠房好友- 遠雄房地產,/my-account/,2,2,9,4.5,163.5
avivid / bh11,20251212,遠房好友- 遠雄房地產,/my-account/,2,2,3,1.5,9
fgr-line / fgr,expert_hoshichang_south-potential,遠房好友- 遠雄房地產,/my-account/,2,2,4,2,9
google / organic,(organic),您正在找 - 頁2，共3 - 遠雄房地產,/page/2/,2,2,3,1.5,13.5
google / organic,(organic),您正在找 - 頁2，共7 - 遠雄房地產,/page/2/,2,2,2,1,7
(direct) / (none),(direct),"平面圖集,遠雄琢蘊-線上接待中心",/plan,2,2,2,1,7.5
google / cpc,(organic),隱私權聲明 - 遠雄房地產,/privacy/,2,2,2,1,15
google_gdn / 5vo1,20251201,隱私權聲明 - 遠雄房地產,/privacy/,2,2,2,1,12
fgr-line / cqh1,20251206,隱私權聲明 - 遠雄房地產,/privacy/,2,2,2,1,2.5
line-lap / eh2,20251209,隱私權聲明 - 遠雄房地產,/privacy/,2,2,2,1,101.5
(not set),20251209一輪播,隱私權聲明 - 遠雄房地產,/privacy/,2,2,1,0.5,3
google / cpc,CQH1-買房字,隱私權聲明 - 遠雄房地產,/privacy/,2,2,2,1,6.5
taboola / fm3,ConA02,隱私權聲明 - 遠雄房地產,/privacy/,2,2,2,1,12.5
dsp / cqh1,dsp-2,隱私權聲明 - 遠雄房地產,/privacy/,2,2,4,2,11
dsp / cqh1,dsp-3,隱私權聲明 - 遠雄房地產,/privacy/,2,2,2,1,2.5
fb / cqh1,fb-26,隱私權聲明 - 遠雄房地產,/privacy/,2,2,2,1,5
google_gdn / 5vo1,gdn-01,隱私權聲明 - 遠雄房地產,/privacy/,2,2,2,1,213
line-lap / bh10,line-lap202511-6,隱私權聲明 - 遠雄房地產,/privacy/,2,2,2,1,2.5
fb / hch1,privacy,隱私權聲明 - 遠雄房地產,/privacy/,2,2,2,1,4
google_kw / H113,privacy,隱私權聲明 - 遠雄房地產,/privacy/,2,2,2,1,0
(direct) / (none),(direct),找不到頁面 - 遠雄房地產,/projects/detail/148,2,2,2,1,0
(direct) / (none),(direct),張寶容業務個人介紹 - 聯上智科,/sales/5VO1/G0389/,2,2,3,1.5,8.5
line-lap / 5vo1,20251123_1102,張寶容業務個人介紹 - 聯上智科,/sales/5VO1/G0389/,2,2,2,1,11
google / organic,(organic),許美淑業務個人介紹 - 遠雄商用不動產(林口龜山),/sales/HM2/B1535/,2,2,2,1,2.5
(direct) / (none),(direct),詹婷婷業務個人介紹 - 遠雄商用不動產(林口龜山),/sales/HM2/G0531/,2,2,2,1,14.5
(direct) / (none),(direct),張益捷業務個人介紹 - 遠雄商用不動產(林口龜山),/sales/HM2/G0631/,2,2,2,1,1.5
google / cpc,O1_特色字_2025.0801,薛品涵業務個人介紹 - 遠雄THE ONE,/sales/O1/B4860/,2,2,2,1,6
google / organic,(organic),馬一鳴業務個人介紹 - 遠雄THE ONE,/sales/O1/B5948/,2,2,2,1,1.5
(direct) / (none),(direct),蔡慧祈業務個人介紹 - 遠雄THE ONE,/sales/O1/G1052/,2,2,2,1,5
fb / o1,20250422_23-1,蔡慧祈業務個人介紹 - 遠雄THE ONE,/sales/O1/G1052/,2,2,2,1,6
google / cpc,O1_地區字_2025.0801,蔡慧祈業務個人介紹 - 遠雄THE ONE,/sales/O1/G1052/,2,2,2,1,5
google / organic,(organic),鍾辰亞業務個人介紹 - 遠雄泱玥,/sales/ah2/G0215/,2,2,2,1,9
google / cpc,20250616_品牌字,鍾坤霖業務個人介紹 - 齊興緻,/sales/ar1/B2509/,2,2,2,1,2
google / cpc,20250616_品牌字,戴嘉嫻業務個人介紹 - 齊興緻,/sales/ar1/G0247/,2,2,2,1,21.5
google / cpc,brand,李心心業務個人介紹 - 遠雄敦富,/sales/bh10/G0599/,2,2,2,1,12.5
web-chinatimes / bh10,web-chinatimes1212,李心心業務個人介紹 - 遠雄敦富,/sales/bh10/G0599/,2,2,2,1,0.5
google / cpc,brand,王庭歡業務個人介紹 - 遠雄敦富,/sales/bh10/G1057/,2,2,2,1,17
(direct) / (none),(direct),黃郁恬業務個人介紹 - 遠雄丰尚,/sales/bh11/G0335/,2,2,2,1,1.5
google / organic,(organic),黃郁恬業務個人介紹 - 遠雄丰尚,/sales/bh11/G0335/,2,2,2,1,11
fb / bh11,11-2,黃郁恬業務個人介紹 - 遠雄丰尚,/sales/bh11/G0335/,2,2,2,1,10.5
fb / bh11,fanpagebutton,黃郁恬業務個人介紹 - 遠雄丰尚,/sales/bh11/G0335/,2,2,2,1,2
(direct) / (none),(direct),顏秉豊業務個人介紹 - 遠雄琉蘊,/sales/bh5/B5881/,2,2,2,1,3.5
(direct) / (none),(direct),葉淯蓁業務個人介紹 - 遠雄樂元,/sales/bh7/B6099/,2,2,2,1,5.5
google / cpc,(organic),葉淯蓁業務個人介紹 - 遠雄樂元,/sales/bh7/B6099/,2,2,2,1,3
fb / bh7,9,葉淯蓁業務個人介紹 - 遠雄樂元,/sales/bh7/B6099/,2,2,2,1,1
google / cpc,othercities_brand,林芸安業務個人介紹 - 遠雄樂元,/sales/bh7/B6129/,2,2,2,1,31
google / cpc,othercities_brand,魏祥桐業務個人介紹 - 遠雄樂元,/sales/bh7/G0306/,2,2,2,1,12.5
google / cpc,competitor,林侑立業務個人介紹 - 遠雄樂元,/sales/bh7/G0526/,2,2,2,1,10.5
line-lap / bh7,lap-3,林侑立業務個人介紹 - 遠雄樂元,/sales/bh7/G0526/,2,2,3,1.5,18
google / cpc,(organic),黃語璇業務個人介紹 - 遠雄樂元,/sales/bh7/G0990/,2,2,2,1,6.5
google / cpc,othercities_brand,簡宇婕業務個人介紹 - 遠雄樂元,/sales/bh7/G0993/,2,2,3,1.5,7.5
fb / bh8,fanpage,林育騏業務個人介紹 - 遠雄洄山行,/sales/bh8/G0117/,2,2,2,1,2.5
fb / bh8,leads,林育騏業務個人介紹 - 遠雄洄山行,/sales/bh8/G0117/,2,2,2,1,18
(direct) / (none),(direct),林邑瞳業務個人介紹 - 遠雄洄山行,/sales/bh8/G0351/,2,2,2,1,2
(direct) / (none),(direct),鄧娟業務個人介紹 - 村泉蒔美,/sales/cqh1/B2380/,2,2,2,1,1.5
google / organic,(organic),鄧娟業務個人介紹 - 村泉蒔美,/sales/cqh1/B2380/,2,2,3,1.5,12.5
google / cpc,CQH1-品牌字,鄧娟業務個人介紹 - 村泉蒔美,/sales/cqh1/B2380/,2,2,2,1,5.5
fb / cqh1,fb-29,吳麗美業務個人介紹 - 村泉蒔美,/sales/cqh1/B2850/,2,2,2,1,5.5
(direct) / (none),(direct),林琪富業務個人介紹 - 村泉蒔美,/sales/cqh1/B3057/,2,2,2,1,4.5
google / organic,(organic),林琪富業務個人介紹 - 村泉蒔美,/sales/cqh1/B3057/,2,2,2,1,3
ig / paid,120222247205050066,沈玉菁業務個人介紹 - 村泉蒔美,/sales/cqh1/B5432/,2,2,2,1,15
fgr-line / cqh1,20251206,沈玉菁業務個人介紹 - 村泉蒔美,/sales/cqh1/B5432/,2,2,2,1,3
(direct) / (none),(direct),陳永証業務個人介紹 - 村泉蒔美,/sales/cqh1/G0176/,2,2,2,1,7
line-lap / cqh1,lap-2,陳永証業務個人介紹 - 村泉蒔美,/sales/cqh1/G0176/,2,2,2,1,16
line / ah2-message,(not set),曾華萱業務個人介紹 - 村泉蒔美,/sales/cqh1/G0679/,2,2,4,2,4.5
google / cpc,CQH1-品牌字,曾華萱業務個人介紹 - 村泉蒔美,/sales/cqh1/G0679/,2,2,2,1,9
google / organic,(organic),郭佳莉業務個人介紹 - 都美大河商爵,/sales/dgm1/B4978/,2,2,2,1,5
google / organic,(organic),郭紀懋業務個人介紹 - 都美大河商爵,/sales/dgm1/B6026/,2,2,2,1,3.5
google / organic,(organic),莊皓為業務個人介紹 - 都美大河商爵,/sales/dgm1/G0742/,2,2,2,1,1
google / cpc,gdn11-3,莊皓為業務個人介紹 - 都美大河商爵,/sales/dgm1/G0742/,2,2,2,1,8
google / organic,(organic),張嘉祐業務個人介紹 - 遠雄山禾,/sales/dh2/B3662/,2,2,7,3.5,49.5
(direct) / (none),(direct),蔡旻芮業務個人介紹 - 遠雄山禾,/sales/dh2/B6132/,2,2,2,1,1.5
google_kw / dh2,(organic),蔡旻芮業務個人介紹 - 遠雄山禾,/sales/dh2/B6132/,2,2,2,1,7
(direct) / (none),(direct),劉佳玲業務個人介紹 - 遠雄山禾,/sales/dh2/G0600/,2,2,2,1,5.5
fb / dh2,fb-49,劉佳玲業務個人介紹 - 遠雄山禾,/sales/dh2/G0600/,2,2,2,1,1
google / organic,(organic),林詩穎業務個人介紹 - 遠雄山禾,/sales/dh2/G0633/,2,2,2,1,5
google_kw / dh2,(organic),黃容筠業務個人介紹 - 遠雄山禾,/sales/dh2/G0936/,2,2,2,1,5
fb / dh2,leads,黃容筠業務個人介紹 - 遠雄山禾,/sales/dh2/G0936/,2,2,2,1,19
(direct) / (none),(direct),黃柔銘業務個人介紹 - 遠雄峰蘊,/sales/eh1/B3500/,2,2,2,1,2
google / organic,(organic),李芊儀業務個人介紹 - 遠雄峰蘊,/sales/eh1/G0595/,2,2,2,1,22
web-udn / eh2,udn_202512,羅泓偉業務個人介紹 - 遠雄一靚,/sales/eh2/B3397/,2,2,2,1,11.5
tw.search.yahoo.com / referral,(referral),洪梓芸業務個人介紹 - 遠雄一靚,/sales/eh2/B5986/,2,2,2,1,16.5
fb / eh2,leads,洪梓芸業務個人介紹 - 遠雄一靚,/sales/eh2/B5986/,2,2,3,1.5,68.5
google / cpc,(organic),陳澤韋業務個人介紹 - 遠雄一靚,/sales/eh2/G0243/,2,2,2,1,2.5
tw.search.yahoo.com / referral,(referral),陳澤韋業務個人介紹 - 遠雄一靚,/sales/eh2/G0243/,2,2,2,1,10
fb / eh2,12-1,陳澤韋業務個人介紹 - 遠雄一靚,/sales/eh2/G0243/,2,2,2,1,0.5
fb / eh2,9-2,陳澤韋業務個人介紹 - 遠雄一靚,/sales/eh2/G0243/,2,2,2,1,1.5
web-ettoday / eh2,ettoday_202512,陳澤韋業務個人介紹 - 遠雄一靚,/sales/eh2/G0243/,2,2,3,1.5,16.5
bing / organic,(organic),蔡景宇業務個人介紹 - 遠雄一靚,/sales/eh2/G0855/,2,2,2,1,15
google / cpc,type,林建宏業務個人介紹 - 遠雄沐蘊,/sales/eh5/B1974/,2,2,2,1,2
google / cpc,brand,于彩玲業務個人介紹 - 遠雄沐蘊,/sales/eh5/B1985/,2,2,3,1.5,5.5
google / cpc,type,于彩玲業務個人介紹 - 遠雄沐蘊,/sales/eh5/B1985/,2,2,2,1,5.5
google / cpc,area,范亦萱業務個人介紹 - 遠雄沐蘊,/sales/eh5/G0309/,2,2,2,1,6.5
(direct) / (none),(direct),翁毓雯業務個人介紹 - 遠雄沐蘊,/sales/eh5/G0816/,2,2,3,1.5,24.5
google / cpc,area,翁毓雯業務個人介紹 - 遠雄沐蘊,/sales/eh5/G0816/,2,2,2,1,6.5
google / cpc,brand,翁毓雯業務個人介紹 - 遠雄沐蘊,/sales/eh5/G0816/,2,2,2,1,24
fb / eh5,park,李之雅業務個人介紹 - 遠雄沐蘊,/sales/eh5/G0918/,2,2,2,1,2.5
taboola / fm3,impA,林秀樺業務個人介紹 - 遠雄商用不動產,/sales/fm3/B3312/,2,2,2,1,26
google / cpc,Pmax,張庭海業務個人介紹 - 遠雄商用不動產,/sales/fm3/B4147/,2,2,2,1,69
google / cpc,Pmax,郭天宇業務個人介紹 - 遠雄商用不動產,/sales/fm3/B5597/,2,2,2,1,2
google / organic,(organic),葉閎宇業務個人介紹 - 遠雄商用不動產,/sales/fm3/G0206/,2,2,2,1,15
taboola / fm3,ConB,葉閎宇業務個人介紹 - 遠雄商用不動產,/sales/fm3/G0206/,2,2,2,1,3
(direct) / (none),(direct),鄭玲蘭業務個人介紹 - 遠雄星呈,/sales/h707/B4789/,2,2,2,1,1
google / organic,(organic),鄭玲蘭業務個人介紹 - 遠雄星呈,/sales/h707/B4789/,2,2,2,1,12.5
google / cpc,(organic),林欣伶業務個人介紹 - 遠雄星呈,/sales/h707/B5856/,2,2,2,1,5.5
(direct) / (none),(direct),鄧大鈺業務個人介紹 - 遠雄星呈,/sales/h707/G0305/,2,2,2,1,9.5
google / cpc,(organic),鄧大鈺業務個人介紹 - 遠雄星呈,/sales/h707/G0305/,2,2,2,1,3.5
google / cpc,202511,服務條款-遠雄房地產,/terms-of-service/,2,2,2,1,7.5
line-lap / bh7,lap-3,服務條款-遠雄房地產,/terms-of-service/,2,2,2,1,18
fb / bh8,privacy,服務條款暨隱私權聲明 -遠雄房地產,/terms-of-service_and_privacy/,2,2,2,1,7
fb / eh5,privacy,服務條款暨隱私權聲明 -遠雄房地產,/terms-of-service_and_privacy/,2,2,2,1,78
google / organic,(organic),取消訂閱 - 遠雄房地產 %,/unsubscribe/,2,2,3,1.5,8
bing / organic,(organic),【遠雄純寓】可以走入繁華，也可以選擇安靜 - 遠雄房地產,/wom-recommendation/bh2_wang/,2,2,2,1,24
google / organic,(organic),遠雄之星8證言篇-為重劃區而來2-清水重劃區- 遠雄房地產,/wom-recommendation/farglory-star8-2/,2,2,2,1,2.5
google / organic,(organic),遠雄百富住戶-張先生 賢伉儷 - 遠雄房地產,/wom-recommendation/h100_chang_family/,2,2,2,1,7.5
google / organic,(organic),「遠雄幸福成」台中最後一塊潛力明星區域，年輕人也買得起 - 遠雄房地產,/wom-recommendation/h713_lin/,2,2,2,1,23
(direct) / (none),(direct),「遠雄幸福成」面朝大海看落日，左擁右抱大公園 - 遠雄房地產,/wom-recommendation/h713_tsang/,2,2,2,1,6
(direct) / (none),(direct),青晉，讓漂泊候鳥也想親近定居 - 遠雄房地產,/wom-recommendation/hh1_msliu/,2,2,2,1,2.5
google / cpc,202511,青晉，讓漂泊候鳥也想親近定居 - 遠雄房地產,/wom-recommendation/hh1_msliu/,2,2,2,1,3.5
(direct) / (none),(direct),中意綠意與水岸，劉氏伉儷在「遠雄青晉」享受未來人生 - 遠雄房地產,/wom-recommendation/liu_couple/,2,2,3,1.5,16.5
(direct) / (none),(direct),【遠雄東御苑】已購證言：王小姐 // 超強格局、環境單純更加分 // - 遠雄房地產,/wom-recommendation/【遠雄東御苑】已購證言：王小姐-超強格局、環/,2,2,2,1,23
google / organic,(organic),九月主題報2023-2 - 遠雄房地產,/九月主題報2023-2/,2,2,4,2,6.5
google / organic,(organic),鋼骨般的承諾‧ 建構百年建築 - 遠雄房地產,/鋼骨般的承諾‧-建構百年建築/,2,2,3,1.5,9
(not set),20251209一輪播,預約成功 - 遠雄房地產,/預約成功感謝頁/,2,2,2,1,20.5
google / organic,(organic),預約成功感謝頁 - 遠雄房地產,/預約成功感謝頁2021/,2,2,4,2,4
google / cpc,brand,(1) 封未讀訊息 | 遠雄房地產：最懂生活的購屋專家,/,1,2,2,2,13
excel.officeapps.live.com / referral,(referral),2025十二月主題報 - 遠雄房地產,/,1,2,9,9,224
google / organic,(organic),[影音] 房產傳承案例解析：買賣與贈與的差別、實務操作與法律風險 - 遠雄房地產,/,1,2,1,1,10
google / organic,(organic),[影音] 輝達北士科總部設立：帶動台北房市三大變化｜何世昌觀點 - 遠雄房地產,/,1,2,3,3,64
google / organic,(organic),借名登記的房地產，也可以作為遺產分割的標的嗎？ | 永然法律不動產專欄 - 遠雄房地產,/,1,2,1,1,11
google / organic,(organic),共同繼承來的房地產，要如何進行分割呢？ | 永然法律不動產專欄 - 遠雄房地產,/,1,2,1,1,0
(not set),20251107一輪播,您正在找 - 遠雄房地產,/,1,2,3,3,8
google / organic,(organic),您正在找 合雅 - 遠雄房地產,/,1,2,1,1,0
(direct) / (none),(direct),群揚MORI | 內湖山景 風格居所-預約賞屋，遠創力行銷,/,1,2,1,1,29
(not set),20251209一輪播,輝達超微進駐遠雄自貿港，遠雄MetaLink廠辦受惠廊帶效應  - 遠雄房地產,/,1,2,10,10,58
0908364505.com / referral,(referral),遠房實價登錄,/,1,2,2,2,0
adstudio-admin.spotify.net / referral,(referral),遠房實價登錄,/,1,2,2,2,0
webnews / dh2,11411,遠房實價登錄,/,1,2,2,2,0
google / cpc,19,遠房實價登錄,/,1,2,6,6,158
line-lap / H713,20230310,遠房實價登錄,/,1,2,3,3,0
fb / eh1,8-1,遠房實價登錄,/,1,2,2,2,0
fb / eh5,fb31-5,遠房實價登錄,/,1,2,3,3,0
mag-lavie / bh7,lavie20251230,遠房實價登錄,/,1,2,3,3,0
iqiyi / ah2,ttd-2,遠房實價登錄,/,1,2,2,2,0
google_kw / ao1,factory-office,遠雄商舟,/,1,2,2,2,25
app.clickup.com / referral,(referral),遠雄房地產：最懂生活的購屋專家,/,1,2,5,5,23
docs.google.com / referral,(referral),遠雄房地產：最懂生活的購屋專家,/,1,2,2,2,21
google / farglory/,(referral),遠雄房地產：最懂生活的購屋專家,/,1,2,3,3,4
line-lap / ao1,20250522_5-2,遠雄房地產：最懂生活的購屋專家,/,1,2,2,2,2
fgr-line / dh5,20251130,遠雄房地產：最懂生活的購屋專家,/,1,2,2,2,7
fb / eh5,fb31-5,遠雄房地產：最懂生活的購屋專家,/,1,2,2,2,7
fb / bh5,leads,遠雄房地產：最懂生活的購屋專家,/,1,2,2,2,1
line-fgr / bh7,linefgrbh7,遠雄房地產：最懂生活的購屋專家,/,1,2,2,2,36
fb / eh5,park,遠雄房地產：最懂生活的購屋專家,/,1,2,2,2,4
google / organic,(organic),齊興緻-蔡姈君-遠雄房地產 Farglory-Realty,/AR1/b1716,1,2,2,2,16
FB / cpc,(not set),找不到頁面 - 遠雄房地產,/Build/Detail/H132,1,2,3,3,16
excel.officeapps.live.com / referral,(referral),2025十一月主題報 - 遠雄房地產,/NOV2025/,1,2,1,1,1071
google / cpc,20251204,關於我們-遠雄房地產,/about/,1,2,1,1,11
google / organic,(organic),品牌榮耀 - 遠雄房地產,/about/brand_glory/,1,2,3,3,14
(direct) / (none),(direct),找不到頁面 - 遠雄房地產,/about/telecreative_marketing-3/,1,2,1,1,0
(not set),20251107一輪播,關於遠創力 - 遠雄房地產,/about/telecreative_marketing-3/,1,2,1,1,90
statics.teams.cdn.office.net / referral,(referral),關於遠創力 - 遠雄房地產,/about/telecreative_marketing/,1,2,1,1,9
(not set),20251107一輪播,關於遠創力 - 遠雄房地產,/about/telecreative_marketing/,1,2,5,5,25
tw.search.yahoo.com / referral,(referral),跨躍2023【遠雄夏沐】幸福ME兔 - 遠雄房地產,/activity-report/2023cny_hh2/,1,2,1,1,2
google / organic,(organic),LINE活動-12月週週抽500點中獎名單 - 遠雄房地產,/activity-report/line活動-12月週週抽500點中獎名單/,1,2,2,2,2
fb / bh10,fb11-3,【遠雄一靚】好室智造所 行動策展｜光．再生手作體驗💡 - 遠雄房地產,/activity-report/遠雄一靚-好室智造所行動策展/,1,2,1,1,24
fgr-line / cqh1,20251206,【遠雄一靚】好室智造所 行動策展｜光．再生💡 - 遠雄房地產,/activity-report/遠雄一靚-好室智造所行動策展/,1,2,1,1,0
statics.teams.cdn.office.net / referral,(referral),遠雄房地產 官方LINE | 7萬好友感謝祭！7770 LINE POINTS大放送！ - 遠雄房地產,/activity-report/遠雄房地產-7萬好友/,1,2,1,1,12
statics.teams.cdn.office.net / referral,(referral),活動報報：最新活動一覽與公告資訊 -遠雄房地產,/activity_report/,1,2,1,1,0
google / organic,(organic),遠雄泱玥 | 水岸正首席．北士科首獻｜57-75坪-蔡定誠-遠雄房地產 Farglory-Realty,/ah2/B4720,1,2,2,2,12
google / organic,(organic),遠雄泱玥 | 水岸正首席．北士科首獻｜57-75坪-鄭家昇-遠雄房地產 Farglory-Realty,/ah2/B5805,1,2,2,2,28
(direct) / (none),(direct),2025八月主題報 - 遠雄房地產,/aug2025/,1,2,1,1,11
dsp / cqh1,dsp-3,都會區相關預售屋/新成屋/新建案資料|遠雄房地產,/building-tag/build-tag-city/,1,2,2,2,25
google / cpc,20251204,重劃區相關預售屋/新成屋/新建案資料|遠雄房地產,/building-tag/build-tag-plan/,1,2,2,2,32
tw.search.yahoo.com / referral,(referral),重劃區相關預售屋/新成屋/新建案資料|遠雄房地產,/building-tag/build-tag-plan/page/2/,1,2,2,2,71
tw.search.yahoo.com / referral,(referral),制震宅相關預售屋/新成屋/新建案資料|遠雄房地產,/building-tag/build-tag-quake/,1,2,2,2,24
google / cpc,brand,商用不動產 彙整 - 遠雄房地產,/building-tag/商用不動產/,1,2,1,1,13
sms / aep-cdp,CRM-001-D,景觀宅 彙整 - 遠雄房地產,/building-tag/景觀宅/,1,2,3,3,62
excel.officeapps.live.com / referral,(referral),聯上智科｜北士科AI總部 輝達核心軸線 -台北市北投區商辦/預售新建案-預約賞屋，遠創力行銷,/buildings/5vo1/,1,2,3,3,90
(not set),20250919一輪播,聯上智科｜北士科AI總部 輝達核心軸線 -台北市北投區商辦/預售新建案-預約賞屋，遠創力行銷,/buildings/5vo1/,1,2,2,2,62
fb / eh5,fb31-5,聯上智科｜北士科AI總部 輝達核心軸線 -台北市北投區商辦/預售新建案-預約賞屋，遠創力行銷,/buildings/5vo1/,1,2,1,1,3
socialmedia / fgr,metalink-ai-hub,聯上智科｜北士科AI總部 輝達核心軸線 -台北市北投區商辦/預售新建案-預約賞屋，遠創力行銷,/buildings/5vo1/,1,2,1,1,28
google / organic,(organic),遠雄藝舍-台中西屯區麥當勞旁金店面-預約賞屋，遠雄房地產,/buildings/BH6/,1,2,1,1,5
google / organic,(organic),高雄建案推薦【遠雄峰蘊】- 三民區預售屋．近科工館,/buildings/EH1/,1,2,2,2,2
google / organic,(organic),遠雄MetaLink科技園區 | 機捷A7．A8站▕ VIP企業席次開放預約中,/buildings/HM2/,1,2,1,1,0
tagassistant.google.com / referral,(referral),齊興_緻-台北市北投區/北士科住宅預售屋,/buildings/ar1/,1,2,1,1,220
line-lap / 5vo1,20251123_1102,齊興_緻-台北市北投區/北士科住宅預售屋,/buildings/ar1/,1,2,2,2,0
google / cpc,19,北屯敦富路【遠雄敦富】- 北屯機捷預售屋．近好市多,/buildings/bh10/,1,2,1,1,2
(not set),202501003二輪播,北屯敦富路【遠雄敦富】- 北屯機捷預售屋．近好市多,/buildings/bh10/,1,2,2,2,498
gdn / bh10,gdn20253-1,北屯敦富路【遠雄敦富】- 北屯機捷預售屋．近好市多,/buildings/bh10/,1,2,2,2,0
avivid / bh11,20251212,(2) 封未讀訊息 | 遠雄14期首發【遠雄丰尚】北屯新案．近漢神洲際百貨,/buildings/bh11/,1,2,0,0,4
fb / paid,120229486716970138,遠雄14期首發【遠雄丰尚】北屯新案．近漢神洲際百貨,/buildings/bh11/,1,2,2,2,24
google / organic,(organic),找不到頁面 - 遠雄房地產,/buildings/bh12/,1,2,1,1,0
0908364505.com / referral,(referral),遠雄琉蘊 -台中市西屯區七期預售屋/新建案-預約賞屋，遠雄房地產,/buildings/bh5/,1,2,2,2,123
app.omnichat.ai / referral,(referral),遠雄琉蘊 -台中市西屯區七期預售屋/新建案-預約賞屋，遠雄房地產,/buildings/bh5/,1,2,1,1,4
line / linebutton,(referral),遠雄琉蘊 -台中市西屯區七期預售屋/新建案-預約賞屋，遠雄房地產,/buildings/bh5/,1,2,1,1,6
google / cpc,19,遠雄琉蘊 -台中市西屯區七期預售屋/新建案-預約賞屋，遠雄房地產,/buildings/bh5/,1,2,4,4,124
fb / bh7,20251215post,遠雄琉蘊 -台中市西屯區七期預售屋/新建案-預約賞屋，遠雄房地產,/buildings/bh5/,1,2,4,4,4
google / cpc,20250616_競品字,遠雄藝舍-台中西屯區麥當勞旁金店面-預約賞屋，遠雄房地產,/buildings/bh6/,1,2,1,1,4
tagassistant.google.com / referral,(referral),【遠雄樂元】北屯機捷X好市多，雙首排大道最核心，夠近才最好,/buildings/bh7/,1,2,3,3,37
yahoo_native / bh5,(referral),【遠雄樂元】北屯機捷X好市多，雙首排大道最核心，夠近才最好,/buildings/bh7/,1,2,2,2,29
(not set),20251023一輪播,【遠雄樂元】北屯機捷X好市多，雙首排大道最核心，夠近才最好,/buildings/bh7/,1,2,2,2,0
web-ettoday / bh8,20241119,台中西屯建案【遠雄洄山行】．2-4房方正格局,/buildings/bh8/,1,2,3,3,81
fb / fh2,leads,台中西屯建案【遠雄洄山行】．2-4房方正格局,/buildings/bh8/,1,2,1,1,14
google / cpc,brand,(1) 封未讀訊息 | 水湳建案【遠雄綠美】鄰近綠美圖．中央公園預售屋,/buildings/bh9/,1,2,3,3,25
line / linebutton,(referral),水湳建案【遠雄綠美】鄰近綠美圖．中央公園預售屋,/buildings/bh9/,1,2,1,1,304
google / cpc,Pmax,水湳建案【遠雄綠美】鄰近綠美圖．中央公園預售屋,/buildings/bh9/,1,2,1,1,95
sms / aep-cdp,CRM-001-D,村泉蒔美｜門戶端點 從容跨界｜台北生活最美起點,/buildings/cqh1/,1,2,2,2,19
google_kw / bh7,googlemap,村泉蒔美｜門戶端點 從容跨界｜台北生活最美起點,/buildings/cqh1/,1,2,9,9,33
(not set),20251107一輪播,大河商爵-台北市士林區廠辦/預售新建案-預約賞屋，遠創力行銷,/buildings/dgm1/,1,2,2,2,0
google_gdn / 5vo1,20251124_1101,大河商爵-台北市士林區廠辦/預售新建案-預約賞屋，遠創力行銷,/buildings/dgm1/,1,2,1,1,31
tagassistant.google.com / referral,(referral),台南永康新建案【遠雄山禾】-鹽行特區．3-4房,/buildings/dh2/,1,2,2,2,27
webnews / dh2,11411,台南永康新建案【遠雄山禾】-鹽行特區．3-4房,/buildings/dh2/,1,2,2,2,2
gdn / dh2,4,台南永康新建案【遠雄山禾】-鹽行特區．3-4房,/buildings/dh2/,1,2,2,2,0
gdn / dh3,5,找不到頁面 - 遠雄房地產,/buildings/dh3/,1,2,2,2,0
google / organic,(organic),找不到頁面 - 遠雄房地產,/buildings/dh6/,1,2,1,1,0
excel.officeapps.live.com / referral,(referral),高雄建案推薦【遠雄峰蘊】- 三民區預售屋．近科工館,/buildings/eh1/,1,2,1,1,3
fb / eh1,8-1,高雄建案推薦【遠雄峰蘊】- 三民區預售屋．近科工館,/buildings/eh1/,1,2,2,2,19
app.omnichat.ai / referral,(referral),遠雄一靚｜楠梓新案．高大特區首發｜早鳥預約中,/buildings/eh2/,1,2,2,2,18
fb / bh10,fb11-3,遠雄一靚｜楠梓新案．高大特區首發｜早鳥預約中,/buildings/eh2/,1,2,1,1,3
(not set),202501003二輪播,遠雄沐蘊-高雄市三民區預售屋/新建案-預約賞屋,/buildings/eh5/,1,2,2,2,1
line / eh5,line,遠雄沐蘊-高雄市三民區預售屋/新建案-預約賞屋,/buildings/eh5/,1,2,2,2,109
google / organic,(organic),找不到頁面 - 遠雄房地產,/buildings/eh6/,1,2,1,1,0
app.omnichat.ai / referral,(referral),遠雄合雅｜板橋之心・合院之上｜2~3房．24~66坪,/buildings/fh2/,1,2,2,2,3
(not set),20251230一輪播,遠雄合雅｜板橋之心・合院之上｜2~3房．24~66坪,/buildings/fh2/,1,2,1,1,34
google / cpc,banqiao.townhouse,遠雄合雅｜板橋之心・合院之上｜2~3房．24~66坪,/buildings/fh2/,1,2,2,2,131
fb / fm3,fb4-1,(1) 封未讀訊息 | 遠雄信義CENTER-新北市板橋區廠辦.商辦/預售新建案-預約賞屋,/buildings/fm3/,1,2,0,0,15
fb / eh5,fb31-5,遠雄信義CENTER-新北市板橋區廠辦.商辦/預售新建案-預約賞屋,/buildings/fm3/,1,2,1,1,27
line / linebutton,(referral),遠雄星呈-台中市清水區預售屋/新建案-預約賞屋，遠雄房地產,/buildings/h707/,1,2,2,2,8
fb / bh7,20251215post,遠雄星呈-台中市清水區預售屋/新建案-預約賞屋，遠雄房地產,/buildings/h707/,1,2,2,2,55
google / cpc,brand,(1) 封未讀訊息 | 遠雄幸福成｜即將落成 - 台中市清水區預售/新建案-預約賞屋，遠雄房地產,/buildings/h713/,1,2,2,2,10
floorplan / (not set),(not set),遠雄幸福成｜即將落成 - 台中市清水區預售/新建案-預約賞屋，遠雄房地產,/buildings/h713/,1,2,3,3,12
google_kw / BH8,20240816_透天/豪宅/別墅,遠雄幸福成｜即將落成 - 台中市清水區預售/新建案-預約賞屋，遠雄房地產,/buildings/h713/,1,2,2,2,7
mag-lavie / bh7,lavie20251230,遠雄幸福成｜即將落成 - 台中市清水區預售/新建案-預約賞屋，遠雄房地產,/buildings/h713/,1,2,2,2,2
web-ltn / h902,20231027,遠雄琢蘊-高雄市三民區預售屋/新建案-預約賞屋，遠雄房地產,/buildings/h902/,1,2,1,1,160
google / farglory/,(referral),遠雄夏沐-桃園市桃園區預售屋/新建案-預約賞屋，遠雄房地產,/buildings/hh2/,1,2,1,1,9
google / cpc,(referral),遠雄MetaLink科技園區 | 機捷A7．A8站▕ VIP企業席次開放預約中,/buildings/hm2/,1,2,3,3,12
google / cpc,202510-2,遠雄MetaLink科技園區 | 機捷A7．A8站▕ VIP企業席次開放預約中,/buildings/hm2/,1,2,3,3,0
leju / hm2,20251102,遠雄MetaLink科技園區 | 機捷A7．A8站▕ VIP企業席次開放預約中,/buildings/hm2/,1,2,3,3,10
fb / 5vo1,20251201,遠雄MetaLink科技園區 | 機捷A7．A8站▕ VIP企業席次開放預約中,/buildings/hm2/,1,2,1,1,44
leju / bh11,8-1,遠雄MetaLink科技園區 | 機捷A7．A8站▕ VIP企業席次開放預約中,/buildings/hm2/,1,2,1,1,16
gemini.google.com / referral,(referral),遠雄THE ONE-高雄市前鎮區新成屋/新建案-預約賞屋,/buildings/o1/,1,2,2,2,58
google / cpc,遠雄幸福成_H713_關鍵字_0516_外縣市,遠雄THE ONE-高雄市前鎮區新成屋/新建案-預約賞屋,/buildings/o1/,1,2,3,3,155
tw.search.yahoo.com / referral,(referral),找不到頁面 - 遠雄房地產,/buildings/rsh01/,1,2,2,2,5
console-v2.omnichat.ai / referral,(referral),熱銷建案：預售屋、新建案、新成屋 -遠雄房地產,/case/,1,2,2,2,0
fb / eh1,TA_10-1,熱銷建案：預售屋、新建案、新成屋 -遠雄房地產,/case/,1,2,2,2,0
fb / bh10,fb11-5,熱銷建案：預售屋、新建案、新成屋 -遠雄房地產,/case/,1,2,1,1,11
excel.officeapps.live.com / referral,(referral),熱銷建案一覽：遠雄全台預售屋、新建案、新成屋資訊,/case/search/,1,2,2,2,4
google / farglory/,(referral),熱銷建案一覽：遠雄全台預售屋、新建案、新成屋資訊,/case/search/,1,2,3,3,50
line / linebutton,(referral),熱銷建案一覽：遠雄全台預售屋、新建案、新成屋資訊,/case/search/,1,2,2,2,5
(not set),20250919一輪播,熱銷建案一覽：遠雄全台預售屋、新建案、新成屋資訊,/case/search/,1,2,7,7,49
web-cnyes / bh11,2512,熱銷建案一覽：遠雄全台預售屋、新建案、新成屋資訊,/case/search/,1,2,2,2,14
fb / bh10,fb11-3,熱銷建案一覽：遠雄全台預售屋、新建案、新成屋資訊,/case/search/,1,2,3,3,21
fb / bh5,leads,熱銷建案一覽：遠雄全台預售屋、新建案、新成屋資訊,/case/search/,1,2,2,2,7
EDM / referral,滿意度問券,熱銷建案一覽：遠雄全台預售屋、新建案、新成屋資訊,/case/search/building-category-tag/134/,1,2,2,2,13
line / linebutton,(referral),熱銷建案一覽：遠雄全台預售屋、新建案、新成屋資訊,/case/search/page/2/,1,2,2,2,8
line / linebutton,(referral),熱銷建案一覽：遠雄全台預售屋、新建案、新成屋資訊,/case/search/page/3/,1,2,2,2,17
google / cpc,20250616_品牌字,熱銷建案一覽：遠雄全台預售屋、新建案、新成屋資訊,/case/search/page/5/,1,2,2,2,18
google_kw / 5vo1,202511,熱銷建案一覽：遠雄全台預售屋、新建案、新成屋資訊,/case/search/sales_status/coming-soon/page/2/,1,2,2,2,51
(not set),20251209一輪播,2025十二月主題報 - 遠雄房地產,/dec2025/,1,2,1,1,9
google / cpc,O1,遠雄一靚-洪梓芸-遠雄房地產 Farglory-Realty,/eh2/B5986,1,2,1,1,46
m000476.layout.minmax.website / referral,(referral),遠房好友電子報 - 遠雄房地產,/farglory-realty_edm/,1,2,2,2,1
google / cpc,202511,遠房好友電子報 - 遠雄房地產,/farglory-realty_edm/,1,2,2,2,19
googlemap / o1,googlemap,遠房好友電子報 - 遠雄房地產,/farglory-realty_edm/,1,2,2,2,1
(not set),20251107一輪播,最懂生活的購屋專家-遠雄房地產,/gc_farbear/,1,2,2,2,3
app.clickup.com / referral,(referral),活動一覽 - 遠雄房地產,/gc_farbear/activity_report/activities_glance/,1,2,1,1,1199
(direct) / (none),(direct),遠雄九五-新北市新莊區新成屋/新建案-預約賞屋，遠雄房地產,/gc_farbear/buildings/h88/,1,2,24,24,1391
app.clickup.com / referral,(referral),熱銷建案(台北、新北、台中、桃園、台南、高雄)一覽 - 遠雄房地產,/gc_farbear/case/search/,1,2,4,4,11
google / organic,(organic),主選單_活動報報 - 遠雄房地產,/jet-menu/mega-item-3643/,1,2,1,1,0
google / organic,(organic),mega-item-448 - 遠雄房地產,/jet-menu/mega-item-448/,1,2,2,2,6
google / organic,(organic),mega-item-654 - 遠雄房地產,/jet-menu/mega-item-654/,1,2,2,2,13
google / organic,(organic),遠雄幸福成-兆元產值匯集 大台中最受矚目重劃區 - 遠雄房地產,/landing-page/0824sms/,1,2,2,2,8
google / organic,(organic),財經M平方 彙整 - 頁2，共5 - 遠雄房地產,/life-proposal-category/expert_point/macro_micro/page/2/,1,2,2,2,19
google / organic,(organic),專家觀點 彙整 - 頁17，共17 - 遠雄房地產,/life-proposal-category/expert_point/page/17/,1,2,1,1,5
google / organic,(organic),房仲公會全聯會 榮譽理事長 李同榮 彙整 - 頁2，共2 - 遠雄房地產,/life-proposal-category/expert_point/realestate_li/page/2/,1,2,3,3,6
google / organic,(organic),換屋 彙整 - 遠雄房地產,/life-proposal-tag/1、客層/1購屋對象/換屋/,1,2,1,1,0
chatgpt.com / referral,(referral),七期 彙整 - 遠雄房地產,/life-proposal-tag/5、區域/1區域地段/縣市/台中市/seventh/,1,2,3,3,13
google / organic,(organic),遠東通訊園區 彙整 - 遠雄房地產,/life-proposal-tag/5、區域/1區域地段/縣市/新北市/板橋區/遠東通訊園區/,1,2,4,4,54
(not set),20251209一輪播,三民區 彙整 - 遠雄房地產,/life-proposal-tag/5、區域/1區域地段/縣市/高雄市/sanmin/,1,2,2,2,37
google / organic,(organic),配色 彙整 - 遠雄房地產,/life-proposal-tag/interior_design-2/color/,1,2,1,1,2
google / organic,(organic),平均地權條例 彙整 - 遠雄房地產,/life-proposal-tag/policy/equalization/,1,2,1,1,0
google / organic,(organic),平面圖 彙整 - 遠雄房地產,/life-proposal-tag/一/floor_plan/,1,2,2,2,4
tw.search.yahoo.com / referral,(referral),2022年十大建商出爐，品牌建商更重保固與售後服務 - 遠雄房地產,/life-proposal/2022branding_20230119/,1,2,1,1,0
bing / organic,(organic),買房停看聽：二工住宅要注意 - 遠雄房地產,/life-proposal/2phase_construction_20221118/,1,2,2,2,37
tw.search.yahoo.com / referral,(referral),實價登錄真相大破解，一次看懂實價登錄不受騙 - 遠雄房地產,/life-proposal/actual_selling_price20220708/,1,2,2,2,112
(not set),20251209一輪播,實價登錄真相大破解，一次看懂實價登錄不受騙 - 遠雄房地產,/life-proposal/actual_selling_price20220708/,1,2,0,0,1
(direct) / (none),(direct),冷氣清潔與保養全攻略：DIY七步驟維持涼爽 - 遠雄房地產,/life-proposal/air_condition20220617/,1,2,2,2,21
mkto-sn070013.com / referral,(referral),建案熱區巡禮：高雄楠梓區高大特區 - 學區篇 - 遠雄房地產,/life-proposal/area-kaohsiung-nanzi_nuk_school_20250225/,1,2,2,2,17
excel.officeapps.live.com / referral,(referral),建案熱區巡禮：高雄三民區中都重劃區生活圈 - 遠雄房地產,/life-proposal/area-khh-central_202306719/,1,2,1,1,2
(direct) / (none),(direct),建案熱區巡禮：新竹市東區 - 以科技驅動的繁榮未來 - 遠雄房地產,/life-proposal/area-l-hsinchu-east20240110/,1,2,2,2,4
perplexity.ai / referral,(referral),建案熱區巡禮：新竹市東區 - 以科技驅動的繁榮未來 - 遠雄房地產,/life-proposal/area-l-hsinchu-east20240110/,1,2,1,1,8
tw.search.yahoo.com / referral,(referral),建案熱區巡禮：新竹市東區 - 以科技驅動的繁榮未來 - 遠雄房地產,/life-proposal/area-l-hsinchu-east20240110/,1,2,2,2,52
chatgpt.com / referral,(referral),建案熱區巡禮：高雄楠梓區 - 從工業重鎮到經濟新引擎的崛起 - 遠雄房地產,/life-proposal/area-l-kaohsiung-nanzi_20250121/,1,2,1,1,22
chatgpt.com / referral,(referral),建案熱區巡禮：高雄三民區老市心新重劃，首購換屋都適宜 - 遠雄房地產,/life-proposal/area-l-kaohsiung-sanmin20220520/,1,2,1,1,29
perplexity.ai / referral,(referral),建案熱區巡禮：高雄三民區老市心新重劃，首購換屋都適宜 - 遠雄房地產,/life-proposal/area-l-kaohsiung-sanmin20220520/,1,2,1,1,12
(not set),20251209一輪播,建案熱區巡禮：高雄三民區老市心新重劃，首購換屋都適宜 - 遠雄房地產,/life-proposal/area-l-kaohsiung-sanmin20220520/,1,2,0,0,0
tw.search.yahoo.com / referral,(referral),建案熱區巡禮：中和翻轉！北台灣電子製造業最大產業聚落  - 遠雄房地產,/life-proposal/area-l-newtaipei-zhonghe_20220923/,1,2,2,2,174
bing / organic,(organic),建案熱區巡禮：台南中西區 – 文化交融與現代發展並進 - 遠雄房地產,/life-proposal/area-l-tainan-west-central_20250402/,1,2,2,2,0
fb / bh11,11-3,建案熱區巡禮：桃園龜山重大建設帶動發展利多 - 遠雄房地產,/life-proposal/area-l-taoyuan-guishan/,1,2,1,1,22
yahoo / organic,(organic),建案熱區巡禮：第二個美術館特區-高雄三民中都重劃區 - 遠雄房地產,/life-proposal/area-s-khh-central_20240502/,1,2,2,2,94
(not set),20251209一輪播,建案熱區巡禮：台南中西區運河星鑽特區，重塑台南的歷史與現代風貌 - 遠雄房地產,/life-proposal/area-s-tainan_west-central_diamond_20250425/,1,2,1,1,0
cn.bing.com / referral,(referral),建案熱區巡禮：桃園小檜溪(青溪特區)舊商圈+眾多綠地的宜人生活 - 遠雄房地產,/life-proposal/area-s-taoyuan-green20220520/,1,2,2,2,176
statics.teams.cdn.office.net / referral,(referral),建案熱區巡禮：台南中西區運河星鑽特區 - 綠地休憩篇 - 遠雄房地產,/life-proposal/area-tainan_west-central_redevelop_diamond_park_20250509/,1,2,1,1,3
(not set),20251209一輪播,建案熱區巡禮：台南永康區大灣重劃區生活圈 - 遠雄房地產,/life-proposal/area-tnn-dawan_function_20231129/,1,2,0,0,0
yahoo.com / referral,(referral),建案熱區巡禮：台中西屯區七期重劃區生活圈 - 遠雄房地產,/life-proposal/area-txg-7th_function_20231107/,1,2,1,1,0
tw.search.yahoo.com / referral,(referral),建案熱區巡禮：台中西屯區 - 學區篇 - 遠雄房地產,/life-proposal/area_hotspot_txg_xitun_school_20231115/,1,2,1,1,168
paauth.kgibank.com:6082 / referral,(referral),建案熱區巡禮：龜山A7重劃區成北北桃生活圈潛力新核心 - 遠雄房地產,/life-proposal/area_taoyuan_guishan_a7_function/,1,2,1,1,0
(not set),20251230一輪播,建案熱區巡禮：台中北屯14期重劃區生活圈，打造北台中的新興生活核心 - 遠雄房地產,/life-proposal/area_txg_beitun_14th_function_20250829/,1,2,1,1,76
lm.facebook.com / referral,(referral),建案熱區巡禮：台中北屯機廠重劃區 - 綠地休憩篇 - 遠雄房地產,/life-proposal/area_txg_beitun_depot_park_20240529/,1,2,3,3,0
canva.com / referral,(referral),建案熱區巡禮：台中西屯區單元八生活圈，水湳經貿園區門戶 - 遠雄房地產,/life-proposal/area_txg_xitun_eight_function_20240407/,1,2,1,1,233
fgr-line / fgr,bathroom,衛浴日常清潔保養技巧：延長設備壽命的必備指南【居家百科】 - 遠雄房地產,/life-proposal/bathroom/,1,2,1,1,0
(not set),20251209一輪播,居家色彩魔法：室內設計配色指南 - 遠雄房地產,/life-proposal/color_20230509/,1,2,0,0,19
(not set),20251209一輪播,不用等大扫除「日常的居家保养」现在就开始！ 【居家百科】 - 远雄房地产,/life-proposal/daily-clean/,1,2,1,1,712
bing / organic,(organic),何世昌觀點：2025年中台灣房市潛力區域專題報導 -10大優質投資區域分析 - 遠雄房地產,/life-proposal/expert_hoshichang_central-potential/,1,2,1,1,36
chatgpt.com / referral,(referral),何世昌觀點：2025年中台灣房市潛力區域專題報導 -10大優質投資區域分析 - 遠雄房地產,/life-proposal/expert_hoshichang_central-potential/,1,2,1,1,0
google / organic,(organic),找不到頁面 - 遠雄房地產,/life-proposal/expert_hoshichang_nvidia-beitou-housing,1,2,2,2,3
google / cpc,brand,何世昌觀點：2025年南台灣房市潛力區域專題報導 - 10大優質投資區域分析 - 遠雄房地產,/life-proposal/expert_hoshichang_south-potential/,1,2,1,1,2
google / cpc,beitun,永然法律不動產專欄：購買預售屋如何選擇好的建商？(下集) - 遠雄房地產,/life-proposal/expert_law_y-rlee_builder2_20250425/,1,2,1,1,13
sn07.marketodesigner.com / referral,(referral),未婚情侶合資買房在法律上要注意什麼｜永然法律不動產專欄 - 遠雄房地產,/life-proposal/expert_law_y-rlee_co-buying/,1,2,2,2,0
yahoo / organic,(organic),永然法律不動產專欄：預售屋買賣契約簽約時應注意「契約審閱期」 - 遠雄房地產,/life-proposal/expert_law_y-rlee_contract_20250613/,1,2,2,2,0
notebooklm.google.com / referral,(referral),永然法律不動產專欄：預售屋買賣契約簽約時應注意「契約審閱期」 - 遠雄房地產,/life-proposal/expert_law_y-rlee_contract_20250613/,1,2,1,1,40
bing / organic,(organic),預售屋買賣契約簽約時應注意「契約審閱期」｜永然法律不動產專欄 - 遠雄房地產,/life-proposal/expert_law_y-rlee_contract_20250613/,1,2,1,1,0
(not set),20251107一輪播,預售屋買賣契約簽約時應注意「契約審閱期」｜永然法律不動產專欄 - 遠雄房地產,/life-proposal/expert_law_y-rlee_contract_20250613/,1,2,1,1,1
(not set),20251107一輪播,永然法律不動產專欄：台版地面師如何騙走你的不動產? - 遠雄房地產,/life-proposal/expert_law_y-rlee_land-agent_20250904/,1,2,2,2,41
fgr-line / fgr,expert_hoshichang_south-potential,借名登記的房地產，也可以作為遺產分割的標的嗎？ | 永然法律不動產專欄 - 遠雄房地產,/life-proposal/expert_law_y-rlee_nominee-inheritance/,1,2,2,2,193
chatgpt.com / referral,(referral),永然法律不動產專欄：預售屋買賣契約中的交屋保留款與建材設備約定 - 遠雄房地產,/life-proposal/expert_law_y-rlee_retention-money_20250704/,1,2,1,1,13
copilot.microsoft.com / referral,(referral),永然法律不動產專欄：預售屋買賣契約中的交屋保留款與建材設備約定 - 遠雄房地產,/life-proposal/expert_law_y-rlee_retention-money_20250704/,1,2,1,1,39
(direct) / (none),(direct),李同榮觀點：2023上半年房市回顧及下半年走勢預測 - 遠雄房地產,/life-proposal/expert_li_2023q3market_20230717/,1,2,2,2,0
google / organic,(organic),李同榮觀點：2023上半年房市回顧及下半年走勢預測 - 遠雄房地產,/life-proposal/expert_li_2023q3market_20230717/,1,2,2,2,23
tw.search.yahoo.com / referral,(referral),李同榮觀點：從13大指標判斷2024年下半年房產走勢 - 遠雄房地產,/life-proposal/expert_li_2024trend_20240711/,1,2,2,2,37
(not set),20251209一輪播,李同榮觀點：下一波第七循環房市的七大主力市場 - 遠雄房地產,/life-proposal/expert_li_7th-cycle_20241101/,1,2,1,1,270
bing / organic,(organic),2026年房地產市場將面臨八大考驗｜李同榮觀點 - 遠雄房地產,/life-proposal/expert_li_housing-challenges-2026/,1,2,1,1,0
perplexity.ai / referral,(referral),李同榮觀點：2026年房地產市場將面臨八大考驗 - 遠雄房地產,/life-proposal/expert_li_housing-challenges-2026/,1,2,1,1,17
google / cpc,(organic),劉學龍觀點：2025年第三季房地產趨勢 - 商用不動產市場的穩與土地市場的冷 - 遠雄房地產,/life-proposal/expert_liu_commercial-2025q3/,1,2,3,3,236
tw.search.yahoo.com / referral,(referral),劉學龍觀點：2025年第三季房地產趨勢 - 商用不動產市場的穩與土地市場的冷 - 遠雄房地產,/life-proposal/expert_liu_commercial-2025q3/,1,2,2,2,20
reurl.cc / referral,(referral),財經M平方觀點：俄烏衝突使通膨升溫，加速各大央行緊縮進程 - 遠雄房地產,/life-proposal/expert_macromicro20220631/,1,2,2,2,26
google / organic,(organic),財經M平方觀點：中國結構性問題解析及全球經濟影響 - 遠雄房地產,/life-proposal/expert_macromicro_mec_china_20231222/,1,2,1,1,52
google / organic,(organic),股債位階與循環配置建議｜財經M平方觀點 - 遠雄房地產,/life-proposal/expert_macromicro_mec_cycle_20240430/,1,2,2,2,25
google / organic,(organic),財經M平方觀點：關稅搶出口潮退去後，2025下半年製造業還有支撐嗎？ - 遠雄房地產,/life-proposal/expert_macromicro_mfg-h2_20250820/,1,2,1,1,15
statics.teams.cdn.office.net / referral,(referral),全球貨幣戰：穩定幣的發展與投資機會 | 財經M平方觀點 - 遠雄房地產,/life-proposal/expert_macromicro_stablecoin/,1,2,1,1,124
mkto-sn070013.com / referral,(referral),劉佩真觀點：2025年第三季房市觀測-政策觀望期延續，市場靜待轉折契機 - 遠雄房地產,/life-proposal/expert_peizhen_2025q3review/,1,2,2,2,1
google / cpc,Pmax,從行業別、區域分布看2024年商用不動產投資買賣市場脈動｜劉佩真觀點 - 遠雄房地產,/life-proposal/expert_peizhen_commerical-trend_20240603/,1,2,2,2,9
google / cpc,(organic),劉佩真觀點：辦公室租賃將告別房東市場，然企業升級需求為重點 - 遠雄房地產,/life-proposal/expert_peizhen_office-rental_20250805/,1,2,1,1,43
(not set),20251107一輪播,[影音] 科學園區帶動房市新熱潮：竹科、中科、南科的投資分析｜劉佩真觀點 - 遠雄房地產,/life-proposal/expert_peizhen_science-park-housing/,1,2,1,1,23
excel.officeapps.live.com / referral,(referral),南台灣產業轉型如何改變房市？影響面向與市場趨勢解析｜劉佩真觀點 - 遠雄房地產,/life-proposal/expert_peizhen_southern-taiwan/,1,2,2,2,3
chatgpt.com / (not set),(not set),何世昌觀點：輝達總部確立，房市受惠區在哪裡？ - 遠雄房地產,/life-proposal/expert_thinktank_nvidia_20250729/,1,2,3,3,712
(not set),20251209一輪播,[影音] 預售屋購買注意事項大解析 - 應記載事項與不得記載事項 - 遠雄房地產,/life-proposal/expert_zhu_buyhouse_contract1_20240430/,1,2,0,0,21
bing / organic,(organic),賣房想省稅？別踩房地合一稅虛報裝修陷阱 | 專家觀點地政篇 - 遠雄房地產,/life-proposal/expert_zhu_false-renovation-traps/,1,2,1,1,37
statics.teams.cdn.office.net / referral,(referral),賣房想省稅？別踩房地合一稅虛報裝修陷阱 | 專家觀點地政篇 - 遠雄房地產,/life-proposal/expert_zhu_false-renovation-traps/,1,2,1,1,7
(direct) / (none),(direct),繼承房產兄弟姊妹吵翻天？遺囑、登記與分配機制一次講清楚｜專家觀點地政篇 - 遠雄房地產,/life-proposal/expert_zhu_inherit-siblings_20250704/,1,2,2,2,309
google / organic,(organic),[ 影音 ]專家觀點地政篇：房產移轉如何過戶子女才划算？ - 遠雄房地產,/life-proposal/expert_zhu_inherited_20230512/,1,2,2,2,32
(not set),20251209一輪播,限貸令對各族群影響 (下) 首購、換屋、繼承族群影響為何?｜專家觀點地政篇 - 遠雄房地產,/life-proposal/expert_zhu_loan-restriction2_20250219/,1,2,2,2,6
google / organic,(organic),買房前必查：銀行不會主動告訴你的「抵押權與順位」 | 專家觀點地政篇 - 遠雄房地產,/life-proposal/expert_zhu_mortgage-lien-priority/,1,2,6,6,121
perplexity.ai / referral,(referral),自用住宅免稅400萬怎麼申請？「持有、設籍、實住」3點不能忽略 | 專家觀點地政篇 - 遠雄房地產,/life-proposal/expert_zhu_ownership-criteria/,1,2,1,1,221
(not set),20251209一輪播,專家觀點地政篇：私法人取得不動產的限制 - 遠雄房地產,/life-proposal/expert_zhu_private-corporation_20231114/,1,2,1,1,0
perplexity / (not set),(not set),只有不動產怎麼繳遺產稅？實物抵繳是否划算？｜專家觀點地政篇 - 遠雄房地產,/life-proposal/expert_zhu_property_offset-2_20241220/,1,2,1,1,145
ecosia.org / organic,(organic),專家觀點地政篇：只有不動產怎麼繳遺產稅？實物抵繳是否划算？ - 遠雄房地產,/life-proposal/expert_zhu_property_offset-2_20241220/,1,2,2,2,35
perplexity.ai / referral,(referral),專家觀點地政篇：你買到的法定空地是什麼？ - 遠雄房地產,/life-proposal/expert_zhu_property_openspace_20240705/,1,2,2,2,53
sn07.marketodesigner.com / referral,(referral),專家觀點地政篇：你買到的法定空地是什麼？ - 遠雄房地產,/life-proposal/expert_zhu_property_openspace_20240705/,1,2,1,1,0
bing / organic,(organic),[影音] 停車位買賣詳細解析-你需要知道的車位權利｜專家觀點地政篇 - 遠雄房地產,/life-proposal/expert_zhu_property_parking_vedio_20240828/,1,2,1,1,1
chatgpt.com / referral,(referral),專家觀點地政篇：如何預防不動產詐騙？如何防止房屋被移轉？ - 遠雄房地產,/life-proposal/expert_zhu_property_scam_20240604/,1,2,1,1,36
google / organic,(organic),[影音] 房產傳承案例解析：買賣與贈與的差別、實務操作與法律風險 - 遠雄房地產,/life-proposal/expert_zhu_video_buy-vs-gift/,1,2,4,4,28
excel.officeapps.live.com / referral,(referral),[影音] 信託與產權設計術：資產管理、遺囑信託與節稅技巧 - 遠雄房地產,/life-proposal/expert_zhu_video_trust/,1,2,2,2,46
(not set),20251209一輪播,水龙头不给力？给水供水问题快速解法【居家百科】 - 远雄房地产,/life-proposal/faucet-waterknowledge/,1,2,1,1,100
hk.search.yahoo.com / referral,(referral),樓高的隱藏秘密：樓層高度怎麼看？ - 遠雄房地產,/life-proposal/floor_height/,1,2,1,1,71
perplexity.ai / referral,(referral),樓高的隱藏秘密：樓層高度怎麼看？ - 遠雄房地產,/life-proposal/floor_height/,1,2,1,1,97
google / cpc,gdn11-3,換屋族看過來，房地合一稅與土增稅要點筆記！ - 遠雄房地產,/life-proposal/house_and_land/,1,2,2,2,135
google / organic,(organic),六都交易量比重衝高：從買賣移轉棟數看見房市的弦外之音｜何世昌觀點 - 遠雄房地產,/life-proposal/housing-transactions/,1,2,1,1,106
(not set),20251107一輪播,2024十大建商出爐！大建商穩，小建商靈活，買家如何選邊站？ - 遠雄房地產,/life-proposal/kw_brand_construction_20240109/,1,2,1,1,44
(not set),20251107一輪播,一次看懂「都市土地分區」差在哪？ - 遠雄房地產,/life-proposal/land_zoning/,1,2,2,2,0
(not set),20251209一輪播,房子也有說明書，不動產說明書應記載事項你知道嗎？ - 遠雄房地產,/life-proposal/manual20220610/,1,2,0,0,0
tw.search.yahoo.com / referral,(referral),「權狀坪數」與「室內坪數」分不清？ –「首購族看房買屋攻略」 - 遠雄房地產,/life-proposal/ping/,1,2,1,1,26
(not set),20251209一輪播,公設比多少合理？秒懂公設定義與公設比計算–「首購族看房買屋攻略」 - 遠雄房地產,/life-proposal/ratio_of_public_area/,1,2,0,0,0
line / linebutton,(referral),抗酷暑 ! 室內空間降溫這樣做，植栽除了打造綠色空間也能降溫 - 遠雄房地產,/life-proposal/space_design_greencooldown_20240903/,1,2,1,1,0
(direct) / (none),(direct),讓新家環保又節能！新成屋改裝要點！ - 遠雄房地產,/life-proposal/space_furnish_newhouse_20231020/,1,2,1,1,32
(direct) / (none),(direct),如何利用微改裝讓我的家更節能，與綠色生活共伍！ - 遠雄房地產,/life-proposal/space_furnish_saving_20231004/,1,2,1,1,54
(not set),20251209一輪播,台中海線景點介紹：高美濕地、台中清水國小(牛罵頭)、清水眷村文化園區、台中港特區,/life-proposal/taichung-attractions/,1,2,2,2,3
google / organic,(organic),秒懂實價登錄–「首購族看房買屋攻略」 - 遠雄房地產,/life-proposal/true_price/,1,2,1,1,4
(direct) / (none),(direct),全齡通用宅打造友善居住環境：建築環境篇 - 遠雄房地產,/life-proposal/universal-design-environment20220713/,1,2,1,1,5
google / cpc,(organic),[影音] 北士科潛力揭密：輝達進駐引爆房市三大變革｜何世昌觀點 - 遠雄房地產,/life-proposal/影音-輝達北士科總部設立：帶動台北房市三大變/,1,2,1,1,4
(not set),20251107一輪播,生活提案： 專家房市觀點、空間美學指南 -遠雄房地產,/life_proposal/,1,2,2,2,8
google / organic,(organic),找不到頁面 - 遠雄房地產,/life_proposal/experts_point/」,1,2,1,1,0
excel.officeapps.live.com / referral,(referral),李同榮 - 遠雄房地產,/life_proposal/experts_point/獨家專欄/李同榮/,1,2,1,1,951
fb / fh2,fbfanpage,在地生活：新建案、預售屋周邊資訊 -遠雄房地產,/life_proposal/music_life/,1,2,2,2,7
google / farglory/,(referral),找不到頁面 - 遠雄房地產,/llms.txt,1,2,2,2,0
google / cpc,202511,遠雄MetaLink科技園區-吳瓖洺-遠雄房地產 Farglory-Realty,/main/review/72/g1288,1,2,2,2,3
(direct) / (none),(direct),聯上智科-蕭文星-遠雄房地產 Farglory-Realty,/main/review/75/b2280,1,2,1,1,24
line-fgr / bh7,linefgrbh7,預約賞屋手機驗證 - 遠雄房地產,/mob_verify/,1,2,2,2,26
google / cpc,othercities_brand,預約賞屋手機驗證 - 遠雄房地產,/mob_verify/,1,2,1,1,0
mkto-sn070013.com / referral,(referral),遠房好友- 遠雄房地產,/my-account/,1,2,3,3,111
(direct) / (none),(direct),2025十月主題報 - 遠雄房地產,/oct2025/,1,2,1,1,7
search.buzzonfeed.com / referral,(referral),隱私權聲明 - 遠雄房地產,/privacy/,1,2,2,2,11
google / cpc,area,隱私權聲明 - 遠雄房地產,/privacy/,1,2,2,2,8
leju / ah2,lejupage,莊博謙業務個人介紹 - 遠雄泱玥,/sales/ah2/B5779/,1,2,2,2,48
tw.search.yahoo.com / referral,(referral),趙偉傑業務個人介紹 - 遠雄泱玥,/sales/ah2/G0106/,1,2,1,1,16
fb / bh10,fbearlybird_form,周卉雯業務個人介紹 - 遠雄敦富,/sales/bh10/B3081/,1,2,1,1,56
line-lap / bh10,line-lap202511-7,謝欣學業務個人介紹 - 遠雄敦富,/sales/bh10/B5736/,1,2,3,3,55
google / cpc,(organic),顏秉豊業務個人介紹 - 遠雄琉蘊,/sales/bh5/B5881/,1,2,2,2,2
(direct) / (none),(direct),吳麗美業務個人介紹 - 村泉蒔美,/sales/cqh1/B2850/,1,2,2,2,4
google / cpc,gdn11-2,蔡明昌業務個人介紹 - 都美大河商爵,/sales/dgm1/G0048/,1,2,1,1,1
google / cpc,gdn11-3,蔡明昌業務個人介紹 - 都美大河商爵,/sales/dgm1/G0048/,1,2,2,2,2
bing / organic,(organic),羅泓偉業務個人介紹 - 遠雄一靚,/sales/eh2/B3397/,1,2,1,1,2
line-lap / eh2,20251208,羅泓偉業務個人介紹 - 遠雄一靚,/sales/eh2/B3397/,1,2,2,2,2
google / cpc,type,鄭喨予業務個人介紹 - 遠雄沐蘊,/sales/eh5/G0598/,1,2,6,6,522
(not set),20251107一輪播,趙洋寬業務個人介紹 - 遠雄商用不動產,/sales/fm3/G0922/,1,2,2,2,0
(direct) / (none),(direct),遠雄2025九月主題報 - 遠雄房地產,/sep2025/,1,2,1,1,3
(direct) / (none),(direct),"結構工法,遠雄琢蘊-線上接待中心",/warranty,1,2,1,1,3
google / organic,(organic),遠雄之星8推薦-證言篇-退休生活,/wom-recommendation/farglory-star8/,1,2,1,1,10
google / organic,(organic),【遠雄東御苑】已購證言：王小姐 // 超強格局、環境單純更加分 // - 遠雄房地產,/wom-recommendation/【遠雄東御苑】已購證言：王小姐-超強格局、環/,1,2,2,2,9
line-lap / ao1,20250415_4-2,遠雄商舟,/,0,2,2,null,null
gdn / bh10,gdn202502-2,北屯敦富路【遠雄敦富】- 北屯機捷預售屋．近好市多,/buildings/bh10/,0,2,2,null,null
gdn / bh10,gdn7-2,北屯敦富路【遠雄敦富】- 北屯機捷預售屋．近好市多,/buildings/bh10/,0,2,2,null,null
gdn回應式-2 / cpc,(not set),找不到頁面 - 遠雄房地產,/buildings/dh1,0,2,2,null,null
search.google.com / referral,(referral),安南重劃首選【遠雄藏萃】全新落成，珍稀戶別釋出！,/buildings/dh5/,0,2,0,null,null
(not set),20251023一輪播,找不到頁面 - 遠雄房地產,/buildings/qyh2/,0,2,2,null,null
(not set),20251209一輪播,贈與稅 彙整 - 遠雄房地產,/life-proposal-tag/2、市場/2稅務政策相關/gift_tax/,0,2,2,null,null
google / organic,(organic),士林區 彙整 - 遠雄房地產,/life-proposal-tag/5、區域/1區域地段/縣市/台北市/shilin/,0,2,1,null,null
line-lap / bh10,line-lap202511-3,[影音] 專家看2025年上半年預售屋市場 : 四大現象觀察｜何世昌觀點 - 遠雄房地產,/life-proposal/expert_housing-market_20250820/,0,2,2,null,null
(not set),20251209一輪播,財經M平方觀點：從房地產運作機制，一窺台灣房市發展 4 問題 - 遠雄房地產,/life-proposal/expert_macromicro_20230522/,0,2,2,null,null
(not set),20251230一輪播,生前贈與還是繳遺產稅，哪個比較划算？結果可能超乎你的想像｜專家觀點地政篇 - 遠雄房地產,/life-proposal/expert_zhu_gift-and-estate-tax_20250509/,0,2,2,null,null
(not set),202501003二輪播,專家觀點地政篇：私法人取得不動產的限制 - 遠雄房地產,/life-proposal/expert_zhu_private-corporation_20231114/,0,2,1,null,null
(not set),20251107一輪播,什麼是虛坪制？一次了解政府的「虛坪改革」方案 - 遠雄房地產,/life-proposal/kw_meterspolicy_20240513/,0,2,1,null,null
bing / organic,(organic),建案熱區巡禮：中和翻轉！北台灣電子製造業最大產業聚落  - 遠雄房地產,/life-proposal/area-l-newtaipei-zhonghe_20220923/,2,2,3,1.5,44
web-ettoday / bh8,20241107,遠房實價登錄,/,1,1,1,1,0
statics.teams.cdn.office.net / referral,(referral),「遠雄幸福成」一次實現老婆對新房的期待 - 遠雄房地產,/wom-recommendation/h713_cheng/,0,1,1,null,null
mkto-sn070013.com / referral,(referral),(not set),(not set),1,1,0,0,0
fb / bh11,11-3,(not set),(not set),1,1,0,0,0
google / cpc,202511,(not set),(not set),1,1,0,0,0
(not set),20251209一輪播,(not set),(not set),1,1,0,0,0
google / cpc,competitor,(not set),(not set),1,1,0,0,0
fb / dh2,fb-49,(not set),(not set),1,1,0,0,0
line-fgr / bh7,linefgrbh7,(not set),(not set),1,1,0,0,0
fgr-line / eh2,listbutton,(not set),(not set),1,1,0,0,0
google / organic,(organic),- 遠雄房地產,/,1,1,1,1,6
google / organic,(organic),2025年房市景氣顯著衰退、2026年將進入盤整階段 - 遠雄房地產,/,1,1,3,3,29
google / organic,(organic),2025房市回顧與2026盤整展望：政策與市場趨勢解析 - 遠雄房地產,/,1,1,1,1,39
alephholding.lightning.force.com / referral,(referral),Farglory Real Estate: The best buying expert in life,/,1,1,0,0,88
google / organic,(organic),Farglory Realty: The Home Buying Experts Who Understand Life Best,/,1,1,0,0,17
farglory.com.tw / referral,(referral),Farglory Realty: The Home Buying Experts Who Understand Life Best,/,1,1,0,0,45
google / cpc,遠雄幸福成_H713_關鍵字_0516_中彰,Registration of the actual price of the remote house,/,1,1,1,1,0
googlemap / o1,googlemap,Yuanxiong Real Estate: the best house buying expert who understands life,/,1,1,0,0,21
google / organic,(organic),[影音] 科學園區帶動房市新熱潮：竹科、中科、南科的投資分析 - 遠雄房地產,/,1,1,2,2,5
(not set),20251209一輪播,【福虎生風超友慶】新春好禮萬元紅包 得獎公告 - 遠雄房地產,/,1,1,1,1,0
fgr-line / cqh1,20251206,【遠雄一靚】好室智造所 行動策展｜光．再生💡 - 遠雄房地產,/,1,1,1,1,39
webnews / eh2,linetoday_202512,【遠雄一靚】好室智造所 行動策展｜光．再生💡 - 遠雄房地產,/,1,1,3,3,15
(not set),20251209一輪播,一月主題報 - 遠雄房地產 %,/,1,1,1,1,3
(not set),系統測試,借名登記的房地產，也可以作為遺產分割的標的嗎？ | 永然法律不動產專欄 - 遠雄房地產,/,1,1,2,2,55
google / organic,(organic),六都交易量比重衝高  買賣移轉棟數的弦外之音 - 遠雄房地產,/,1,1,1,1,22
google / organic,(organic),六都交易量比重衝高，買賣移轉棟數的弦外之音｜何世昌觀點 - 遠雄房地產,/,1,1,9,9,60
(not set),系統測試,共同繼承來的房地產，要如何進行分割呢？ | 永然法律不動產專欄 - 遠雄房地產,/,1,1,1,1,3
google / organic,(organic),劉佩真 - 遠雄房地產,/,1,1,1,1,1
(not set),20251209一輪播,劉佩真 - 遠雄房地產,/,1,1,1,1,0
google / organic,(organic),品牌榮耀 - 遠雄房地產,/,1,1,1,1,0
(not set),20251209一輪播,建案_相關推薦 - 遠雄房地產,/,1,1,1,1,0
(not set),(not set),您正在找 - 遠雄房地產,/,1,1,1,1,1
google / cpc,(organic),您正在找 - 遠雄房地產,/,1,1,3,3,18
excel.officeapps.live.com / referral,(referral),您正在找 - 遠雄房地產,/,1,1,4,4,12
google / farglory/,(referral),您正在找 - 遠雄房地產,/,1,1,1,1,0
tw.search.yahoo.com / referral,(referral),您正在找 - 遠雄房地產,/,1,1,1,1,3
web-ettoday / bh2,20221202,您正在找 - 遠雄房地產,/,1,1,3,3,11
fb / O1,20240920,您正在找 - 遠雄房地產,/,1,1,1,1,2
gdn / 8fxz11,20250210a,您正在找 - 遠雄房地產,/,1,1,1,1,5
google_kw / mdrive,H142,您正在找 - 遠雄房地產,/,1,1,1,1,3
google / cpc,brand,您正在找 - 遠雄房地產,/,1,1,1,1,1
google_kw / google_kw,h101b,您正在找 - 遠雄房地產,/,1,1,1,1,2
ig / social,ig,您正在找 - 遠雄房地產,/,1,1,1,1,1
socialmedia / fgr,ig20250110,您正在找 - 遠雄房地產,/,1,1,1,1,0
google_kw / him1,invest,您正在找 - 遠雄房地產,/,1,1,1,1,0
socialmedia / fgr,shorts1227,您正在找 - 遠雄房地產,/,1,1,1,1,0
google / organic,(organic),您正在找 Tpark 科技特區 - 遠雄房地產,/,1,1,3,3,7
google / organic,(organic),您正在找 farglory realty about - 遠雄房地產,/,1,1,1,1,3
google / organic,(organic),您正在找 w965j/ - 遠雄房地產,/,1,1,1,1,6
google / cpc,com,您正在找 佐川 - 遠雄房地產,/,1,1,1,1,0
mkto-sn070013.com / referral,(referral),您正在找 共同繼承來的房地產 - 遠雄房地產,/,1,1,1,1,4
mkto-sn070013.com / referral,(referral),您正在找 共同繼承來的房地產，要如何進行分割呢？ - 遠雄房地產,/,1,1,1,1,2
mkto-sn070013.com / referral,(referral),您正在找 抵押權與順位 - 遠雄房地產,/,1,1,1,1,6
bing / organic,(organic),您正在找 明日讚 - 遠雄房地產,/,1,1,1,1,1
google / organic,(organic),您正在找 板橋 Tpark 科技特區 - 遠雄房地產,/,1,1,1,1,1
google / organic,(organic),您正在找 琉藴 - 遠雄房地產,/,1,1,1,1,3
mkto-sn070013.com / referral,(referral),您正在找 買房前必查 - 遠雄房地產,/,1,1,1,1,5
mkto-sn070013.com / referral,(referral),您正在找 買房前必查：抵押權與順位，銀行不會主動告訴你的秘密 - 遠雄房地產,/,1,1,1,1,18
google / organic,(organic),您正在找 遠雄合雅 - 遠雄房地產,/,1,1,1,1,0
google / organic,(organic),您正在找 遠雄幸福城 - 遠雄房地產,/,1,1,1,1,3
google / organic,(organic),您正在找 遠雄迴 - 遠雄房地產,/,1,1,1,1,10
google / organic,(organic),您正在找 高雄楠梓高大特區 - 遠雄房地產,/,1,1,1,1,2
(direct) / (none),(direct),找不到頁面 - 遠雄房地產,/,1,1,3,3,83
bing / organic,(organic),找不到頁面 - 遠雄房地產,/,1,1,1,1,0
chatgpt.com / referral,(referral),找不到頁面 - 遠雄房地產,/,1,1,1,1,4
fgr-line / cqh1,20251206,找不到頁面 - 遠雄房地產,/,1,1,2,2,5
google / farglory/,(referral),春耕花見｜信義區正核心，體育場旁綠金地段｜基隆最美好的心開始,/,1,1,1,1,0
(not set),20251209一輪播,朱智豪 - 遠雄房地產,/,1,1,2,2,0
(not set),20251209一輪播,生活提案_文章內頁公版 - 遠雄房地產,/,1,1,2,2,0
LINE-2 / (not set),(not set),遠房實價登錄,/,1,1,1,1,0
fb / 20251204post,(not set),遠房實價登錄,/,1,1,4,4,0
fb / fbpage,(not set),遠房實價登錄,/,1,1,2,2,0
fb / linebutton,(not set),遠房實價登錄,/,1,1,3,3,0
floorplan / (not set),(not set),遠房實價登錄,/,1,1,1,1,0
google_kw&utm_medium=bh5&gad_source=1&gad_campaignid=20068198977&gclid=CjwKCAiAmKnKBhBrEiwAaqAnZ1T0LQmPlTrVt2Jvh1Y6xkYgvO_LmBvuEQnkgEkxgl3VFnIICo746BoC_TYQAvD_BwE / (not set),(not set),遠房實價登錄,/,1,1,1,1,0
line / h713,(not set),遠房實價登錄,/,1,1,1,1,0
perplexity / (not set),(not set),遠房實價登錄,/,1,1,2,2,0
webnews / bh6,(not set),遠房實價登錄,/,1,1,1,1,0
104.com.tw / referral,(referral),遠房實價登錄,/,1,1,1,1,0
app.clickup.com / referral,(referral),遠房實價登錄,/,1,1,1,1,0
docs.google.com / referral,(referral),遠房實價登錄,/,1,1,2,2,0
dogreat.com.tw / referral,(referral),遠房實價登錄,/,1,1,1,1,0
farglory-land.com.tw / referral,(referral),遠房實價登錄,/,1,1,1,1,0
farglory.com.tw / referral,(referral),遠房實價登錄,/,1,1,1,1,0
gemini.google.com / referral,(referral),遠房實價登錄,/,1,1,2,2,0
google / farglory/,(referral),遠房實價登錄,/,1,1,3,3,0
perplexity.ai / referral,(referral),遠房實價登錄,/,1,1,1,1,0
strata.corp.google.com / referral,(referral),遠房實價登錄,/,1,1,1,1,0
vocus-cc.cdn.ampproject.org / referral,(referral),遠房實價登錄,/,1,1,2,2,0
fb / bh7,1,遠房實價登錄,/,1,1,1,1,0
line-lap / dh2,1,遠房實價登錄,/,1,1,1,1,0
line-lap / dh2,10,遠房實價登錄,/,1,1,1,1,0
fb / h713,100,遠房實價登錄,/,1,1,1,1,0
line-lap / dh2,11,遠房實價登錄,/,1,1,1,1,0
fb / bh11,11-2,遠房實價登錄,/,1,1,1,1,0
fb / eh2,11-3,遠房實價登錄,/,1,1,1,1,0
fb / h713,110,遠房實價登錄,/,1,1,1,1,0
webnews / bh5,1130104,遠房實價登錄,/,1,1,1,1,0
webnews / bh5,11308,遠房實價登錄,/,1,1,1,1,0
webnews / bh5,11312,遠房實價登錄,/,1,1,3,3,0
webnews / dh2,11405,遠房實價登錄,/,1,1,1,1,0
fb / bh11,12-1,遠房實價登錄,/,1,1,2,2,0
ig / paid,120224847618040347,遠房實價登錄,/,1,1,1,1,0
ig / paid,120224909124380347,遠房實價登錄,/,1,1,1,1,0
fb / paid,120238054184420316,遠房實價登錄,/,1,1,1,1,0
ig / paid,120238384775810537,遠房實價登錄,/,1,1,1,1,0
ig / paid,120238802838140316,遠房實價登錄,/,1,1,1,1,0
line-lap / dh2,2,遠房實價登錄,/,1,1,1,1,0
Line-lap / BH1,20210913,遠房實價登錄,/,1,1,1,1,0
google / cpc,20220125,遠房實價登錄,/,1,1,1,1,0
line-lap / H713,20220622,遠房實價登錄,/,1,1,1,1,0
fgr-line / eh2,20221519,遠房實價登錄,/,1,1,1,1,0
line-lap / eh1,20230901_s,遠房實價登錄,/,1,1,1,1,0
web-ltn / h902,20231027,遠房實價登錄,/,1,1,1,1,0
web-udn / eh1,20240307,遠房實價登錄,/,1,1,1,1,0
web-ltn / eh1,20240311,遠房實價登錄,/,1,1,1,1,0
line-lap / hh2,20240401,遠房實價登錄,/,1,1,1,1,0
dm-np / bh5,202405,遠房實價登錄,/,1,1,1,1,0
web-ltn / h902,20240603,遠房實價登錄,/,1,1,1,1,0
fb / eh1,202407-balcony,遠房實價登錄,/,1,1,1,1,0
web-ettoday / O1,20240912,遠房實價登錄,/,1,1,1,1,0
line / o1,20240920,遠房實價登錄,/,1,1,1,1,0
gdn / bh8,20241017,遠房實價登錄,/,1,1,1,1,0
mkto-sn070013.com / referral,(referral),遠雄房地產：最懂生活的購屋專家,,1,1,1,1,0
web-udn / eh1,20241108_brand,遠房實價登錄,/,1,1,1,1,0
web / ah2,202501-magazine,遠房實價登錄,/,1,1,1,1,0
web / ah2,202501-mot,遠房實價登錄,/,1,1,1,1,0
google / cpc,20250317,遠房實價登錄,/,1,1,1,1,0
fb / o1,20250422_24-1,遠房實價登錄,/,1,1,2,2,0
line / eh1,20250425,遠房實價登錄,/,1,1,1,1,0
google_kw / AR1,20250616_北投士林豪宅/別墅,遠房實價登錄,/,1,1,1,1,0
webnews / eh1,20250625,遠房實價登錄,/,1,1,1,1,0
google / cpc,20250901,遠房實價登錄,/,1,1,3,3,0
(not set),20250909一輪播,遠房實價登錄,/,1,1,2,2,0
google / cpc,20250918,遠房實價登錄,/,1,1,1,1,0
webnews / ar1,20250918,遠房實價登錄,/,1,1,7,7,0
(not set),20251003一輪播,遠房實價登錄,/,1,1,1,1,0
yahoo_native / 5vo1,202510_2,遠房實價登錄,/,1,1,2,2,0
fb / hm2,20251103TA,遠房實價登錄,/,1,1,1,1,0
google_gdn / 5vo1,20251124_1102,遠房實價登錄,/,1,1,1,1,0
yahoo_native / 5vo1,20251124_1102,遠房實價登錄,/,1,1,4,4,0
fb / 5vo1,20251201,遠房實價登錄,/,1,1,1,1,0
google_gdn / 5vo1,20251201,遠房實價登錄,/,1,1,1,1,0
line / bh11,20251204,遠房實價登錄,/,1,1,1,1,0
fgr-line / cqh1,20251206,遠房實價登錄,/,1,1,2,2,0
google_kw / dh2,20251209一輪播,遠房實價登錄,/,1,1,1,1,0
fb / bh5,23,遠房實價登錄,/,1,1,1,1,0
google_kw / h902,230216,遠房實價登錄,/,1,1,1,1,0
google_kw / h902,240130,遠房實價登錄,/,1,1,1,1,0
web-cnyes / bh11,2512,遠房實價登錄,/,1,1,2,2,0
fb / h707,28,遠房實價登錄,/,1,1,1,1,0
gdn / dh2,4,遠房實價登錄,/,1,1,1,1,0
fb / h707,41,遠房實價登錄,/,1,1,3,3,0
line-lap / dh2,5,遠房實價登錄,/,1,1,1,1,0
fb / eh1,5-2,遠房實價登錄,/,1,1,1,1,0
fb / eh1,5-4,遠房實價登錄,/,1,1,1,1,0
fb / eh1,8-2,遠房實價登錄,/,1,1,1,1,0
fb / h713,96,遠房實價登錄,/,1,1,1,1,0
google / cpc,BSTP,遠房實價登錄,/,1,1,1,1,0
google / cpc,CQH1-品牌字,遠房實價登錄,/,1,1,1,1,0
google / cpc,CQH1-地區字,遠房實價登錄,/,1,1,1,1,0
google / cpc,CQH1-競品字,遠房實價登錄,/,1,1,1,1,0
taboola / fm3,ConB02,遠房實價登錄,/,1,1,1,1,0
google / cpc,H707video_c,遠房實價登錄,/,1,1,1,1,0
fb / 0507,O1,遠房實價登錄,/,1,1,2,2,0
google_kw / eh1,Sanmin,遠房實價登錄,/,1,1,2,2,0
fb / eh1,TA_9-2,遠房實價登錄,/,1,1,1,1,0
onead / ar1,Threads_3-1,遠房實價登錄,/,1,1,1,1,0
google / cpc,banqiao.townhouse,遠房實價登錄,/,1,1,1,1,0
fgr-line / fgr,cleaning_20221223,遠房實價登錄,/,1,1,1,1,0
dsp / cqh1,dsp-3,遠房實價登錄,/,1,1,1,1,0
fb / eh5,earlybird,遠房實價登錄,/,1,1,1,1,0
google_kw / fh2,extension,遠房實價登錄,/,1,1,1,1,0
fb / dh2,fb-10,遠房實價登錄,/,1,1,1,1,0
fb / cqh1,fb-28-1,遠房實價登錄,/,1,1,1,1,0
fb / dh2,fb-34,遠房實價登錄,/,1,1,1,1,0
fb / dh2,fb-6,遠房實價登錄,/,1,1,1,1,0
fb / dh2,fb-8,遠房實價登錄,/,1,1,1,1,0
fb / bh10,fb11-3,遠房實價登錄,/,1,1,1,1,0
fb / bh10,fb11-5,遠房實價登錄,/,1,1,1,1,0
fb / dgm1,fb12-1,遠房實價登錄,/,1,1,2,2,0
fb / eh5,fb12-3,遠房實價登錄,/,1,1,1,1,35
fb / bh10,fb202510-3,遠房實價登錄,/,1,1,1,1,0
fb / bh10,fb202510-4,遠房實價登錄,/,1,1,1,1,0
fb / bh10,fb20252-5,遠房實價登錄,/,1,1,1,1,0
fb / bh10,fb20255-1,遠房實價登錄,/,1,1,1,1,0
fb / bh10,fb20255-2,遠房實價登錄,/,1,1,1,1,0
fb / bh10,fb20255-5,遠房實價登錄,/,1,1,1,1,0
fb / bh10,fb20257-4,遠房實價登錄,/,1,1,1,1,0
fb / bh10,fb20259-5,遠房實價登錄,/,1,1,1,1,0
fb / o1,fb25-1,遠房實價登錄,/,1,1,1,1,0
fb / o1,fb25-2,遠房實價登錄,/,1,1,1,1,0
fb / ar1,fb4-1,遠房實價登錄,/,1,1,1,1,0
fb / bh10,fb4-3,遠房實價登錄,/,1,1,1,1,0
fb / dgm1,fb5-3,遠房實價登錄,/,1,1,1,1,0
fb / bh10,fb6-7,遠房實價登錄,/,1,1,1,1,0
socialmedia / fgr,fb_bh5_20250507,遠房實價登錄,/,1,1,3,3,0
fb / bh6,fbfanpage0529,遠房實價登錄,/,1,1,1,1,0
fb / bh10,fbfanpage1009,遠房實價登錄,/,1,1,1,1,0
google_gdn / 5vo1,gdn-01,遠房實價登錄,/,1,1,1,1,0
gdn / bh10,gdn20253-1,遠房實價登錄,/,1,1,1,1,0
google_kw / bh8,googlemap,遠房實價登錄,/,1,1,1,1,0
google_kw / bh9,googlemap,遠房實價登錄,/,1,1,1,1,0
googlemap / bh2,googlemap,遠房實價登錄,/,1,1,2,2,0
taboola / fm3,impB,遠房實價登錄,/,1,1,4,4,0
google / cpc,information3,遠房實價登錄,/,1,1,2,2,0
google_kw / cqh1,information6,遠房實價登錄,/,1,1,1,1,0
google_kw / cqh1,information7,遠房實價登錄,/,1,1,1,1,0
fgr-line / fg,kw_brand_construction_20240109/,遠房實價登錄,/,1,1,1,1,0
line-lap / ah2,lap-1,遠房實價登錄,/,1,1,1,1,0
webnews / bh8,lavie,遠房實價登錄,/,1,1,1,1,0
fb / eh2,leads,遠房實價登錄,/,1,1,1,1,0
leju / h707,lejupage,遠房實價登錄,/,1,1,7,7,0
line / dh2,line,遠房實價登錄,/,1,1,1,1,0
line-lap / bh10,line-lap202502-1,遠房實價登錄,/,1,1,1,1,0
webnews / eh2,linetoday_202512,遠房實價登錄,/,1,1,1,1,0
socialmedia / fgr,metalink-ai-hub,遠房實價登錄,/,1,1,1,1,0
fb / h713,page,遠房實價登錄,/,1,1,2,2,0
fgr-line / fgr,playlist=e93ee4e&video=58b6cce,遠房實價登錄,/,1,1,1,1,0
google / cpc,pmax-1-taichung,遠房實價登錄,/,1,1,1,1,0
fb / eh1,privacy,遠房實價登錄,/,1,1,1,1,0
fb / hch1,privacy,遠房實價登錄,/,1,1,1,1,0
google / cpc,project,遠房實價登錄,/,1,1,1,1,0
web-chinatimes / bh10,web-chinatimes0925,遠房實價登錄,/,1,1,1,1,0
web-chinatimes / dgm1,web-chinatimes1114,遠房實價登錄,/,1,1,1,1,0
web-ettoday / o1,web-ettoday0415,遠房實價登錄,/,1,1,1,1,0
web-ettoday / dgm1,web-ettoday1212,遠房實價登錄,/,1,1,1,1,0
web-udn / bh10,web-udn0913,遠房實價登錄,/,1,1,1,1,0
web-udn / bh10,web-udn1212,遠房實價登錄,/,1,1,2,2,0
web-udn / bh10,webudn0830,遠房實價登錄,/,1,1,1,1,0
web-udn / bh10,webudn0925,遠房實價登錄,/,1,1,1,1,0
youtube / ah2,yt-1,遠房實價登錄,/,1,1,1,1,0
youtube / ah2,yt-2,遠房實價登錄,/,1,1,1,1,0
google_kw / bh1.2,品牌字,遠房實價登錄,/,1,1,1,1,0
EDM / referral,滿意度問券,遠房實價登錄,/,1,1,1,1,0
leju / eh2,遠雄高大特區首發(雙圖),遠房實價登錄,/,1,1,3,3,39
google / organic,(organic),遠雄THE ONE | 獨一無二極致生活 僅獻給每一位層峰,/,1,1,1,1,0
chatgpt.com / referral,(referral),遠雄合雅｜板橋之心・合院之上｜2~4房．24~66坪,/,1,1,2,2,43
line-lap / ao1,20250226_2-2,遠雄商舟,/,1,1,1,1,0
line-lap / ao1,20250522_5-3,遠雄商舟,/,1,1,1,1,0
gdn / ao1,pax_20241112,遠雄商舟,/,1,1,1,1,7
(direct) / (none),(direct),遠雄夏沐-線上接待中心,/,1,1,1,1,10
chatgpt.com / (not set),(not set),遠雄房地產：最懂生活的購屋專家,/,1,1,1,1,1
fb / fbpage,(not set),遠雄房地產：最懂生活的購屋專家,/,1,1,1,1,2
fbdvbyzfevb / o1,(not set),遠雄房地產：最懂生活的購屋專家,/,1,1,1,1,0
google / cpc,(not set),遠雄房地產：最懂生活的購屋專家,/,1,1,1,1,0
google_kw / dh2,(organic),遠雄房地產：最懂生活的購屋專家,/,1,1,1,1,4
alephholding.lightning.force.com / referral,(referral),遠雄房地產：最懂生活的購屋專家,/,1,1,1,1,12
app.omnichat.ai / referral,(referral),遠雄房地產：最懂生活的購屋專家,/,1,1,1,1,1
bniconnectglobal.com / referral,(referral),遠雄房地產：最懂生活的購屋專家,/,1,1,2,2,20
cn.bing.com / referral,(referral),遠雄房地產：最懂生活的購屋專家,/,1,1,2,2,7
console-v2.omnichat.ai / referral,(referral),遠雄房地產：最懂生活的購屋專家,/,1,1,1,1,11
far-east.com.tw / referral,(referral),遠雄房地產：最懂生活的購屋專家,/,1,1,1,1,65
farglory-oceanpark.com.tw / referral,(referral),遠雄房地產：最懂生活的購屋專家,/,1,1,1,1,5
farglorydome.com.tw / referral,(referral),遠雄房地產：最懂生活的購屋專家,/,1,1,1,1,10
fb / bh6,(referral),遠雄房地產：最懂生活的購屋專家,/,1,1,1,1,6
google / cpc,(referral),遠雄房地產：最懂生活的購屋專家,/,1,1,1,1,0
hk.search.yahoo.com / referral,(referral),遠雄房地產：最懂生活的購屋專家,/,1,1,1,1,1
house.ettoday.net / referral,(referral),遠雄房地產：最懂生活的購屋專家,/,1,1,2,2,38
lm.facebook.com / referral,(referral),遠雄房地產：最懂生活的購屋專家,/,1,1,1,1,0
sn07.marketodesigner.com / referral,(referral),遠雄房地產：最懂生活的購屋專家,/,1,1,1,1,2
statics.teams.cdn.office.net / referral,(referral),遠雄房地產：最懂生活的購屋專家,/,1,1,2,2,0
tong-yuan.com.tw / referral,(referral),遠雄房地產：最懂生活的購屋專家,/,1,1,2,2,32
trusting-agency.ctee.com.tw / referral,(referral),遠雄房地產：最懂生活的購屋專家,/,1,1,1,1,1
web-appledaily / h109,0129,遠雄房地產：最懂生活的購屋專家,/,1,1,1,1,0
fb / bh11,10-1,遠雄房地產：最懂生活的購屋專家,/,1,1,2,2,148
fb / bh11,11-2,遠雄房地產：最懂生活的購屋專家,/,1,1,1,1,15
line-lap / dh2,15,遠雄房地產：最懂生活的購屋專家,/,1,1,1,1,2
fb / bh7,2,遠雄房地產：最懂生活的購屋專家,/,1,1,1,1,3
fb / ao1,2-3,遠雄房地產：最懂生活的購屋專家,/,1,1,1,1,0
fb / eh1,2-4,遠雄房地產：最懂生活的購屋專家,/,1,1,1,1,1
google_kw / o1,20211020,遠雄房地產：最懂生活的購屋專家,/,1,1,1,1,0
line-lap / o1,20240123-1,遠雄房地產：最懂生活的購屋專家,/,1,1,1,1,4
line-lap / o1,20240123-2,遠雄房地產：最懂生活的購屋專家,/,1,1,1,1,4
line-lap / ao1,20240612_6-1,遠雄房地產：最懂生活的購屋專家,/,1,1,1,1,5
line-lap / ao1,20240612_6-2-2,遠雄房地產：最懂生活的購屋專家,/,1,1,1,1,5
line-lap / ao1,20240719_7-5,遠雄房地產：最懂生活的購屋專家,/,1,1,1,1,3
line-lap / ao1,20240724_7-1,遠雄房地產：最懂生活的購屋專家,/,1,1,1,1,3
line-lap / ao1,20240724_7-3,遠雄房地產：最懂生活的購屋專家,/,1,1,1,1,3
line-lap / ao1,20240724_7-4,遠雄房地產：最懂生活的購屋專家,/,1,1,1,1,3
yahoo_native / ao1,20240724_7-5,遠雄房地產：最懂生活的購屋專家,/,1,1,1,1,0
web-udn / ao1,20240816,遠雄房地產：最懂生活的購屋專家,/,1,1,1,1,0
google_kw / BH8,20240816_品牌字,遠雄房地產：最懂生活的購屋專家,/,1,1,1,1,2
line-lap / ao1,20240821_8-3,遠雄房地產：最懂生活的購屋專家,/,1,1,1,1,3
line-lap / ao1,20240905_9-1,遠雄房地產：最懂生活的購屋專家,/,1,1,1,1,3
web-ettoday / O1,20240912,遠雄房地產：最懂生活的購屋專家,/,1,1,1,1,21
line-lap / ao1,20240915_9-3,遠雄房地產：最懂生活的購屋專家,/,1,1,1,1,3
line-lap / ao1,20241004_10-2,遠雄房地產：最懂生活的購屋專家,/,1,1,1,1,5
line-lap / ao1,20241107_10-3,遠雄房地產：最懂生活的購屋專家,/,1,1,1,1,4
line-lap / ao1,20241107_10-4,遠雄房地產：最懂生活的購屋專家,/,1,1,1,1,5
line-lap / ao1,20241227_12-1,遠雄房地產：最懂生活的購屋專家,/,1,1,1,1,3
line-lap / ao1,20250203_1-1,遠雄房地產：最懂生活的購屋專家,/,1,1,1,1,4
line-lap / ao1,20250203_12-5,遠雄房地產：最懂生活的購屋專家,/,1,1,1,1,3
google / cpc,20250210b,遠雄房地產：最懂生活的購屋專家,/,1,1,1,1,5
fb / O1,20250221_13-2,遠雄房地產：最懂生活的購屋專家,/,1,1,1,1,3
line-lap / ao1,20250226_2-2,遠雄房地產：最懂生活的購屋專家,/,1,1,1,1,5
line-lap / ao1,20250226_2-3,遠雄房地產：最懂生活的購屋專家,/,1,1,1,1,3
line-lap / ao1,20250326_3-2,遠雄房地產：最懂生活的購屋專家,/,1,1,1,1,4
line-lap / ao1,20250326_3-3,遠雄房地產：最懂生活的購屋專家,/,1,1,1,1,2
line-lap / ao1,20250326_3-4,遠雄房地產：最懂生活的購屋專家,/,1,1,1,1,3
line-lap / ao1,20250415_4-1,遠雄房地產：最懂生活的購屋專家,/,1,1,1,1,4
line-lap / ao1,20250415_4-2,遠雄房地產：最懂生活的購屋專家,/,1,1,1,1,3
line-lap / ao1,20250424_4-3,遠雄房地產：最懂生活的購屋專家,/,1,1,1,1,4
line-lap / ao1,20250424_4-4,遠雄房地產：最懂生活的購屋專家,/,1,1,1,1,5
line-lap / ao1,20250522_5-1,遠雄房地產：最懂生活的購屋專家,/,1,1,1,1,4
line-lap / ao1,20250522_5-3,遠雄房地產：最懂生活的購屋專家,/,1,1,1,1,3
google / cpc,20250718,遠雄房地產：最懂生活的購屋專家,/,1,1,1,1,4
fb / 5vo1,2025090501,遠雄房地產：最懂生活的購屋專家,/,1,1,1,1,0
(not set),20250919一輪播,遠雄房地產：最懂生活的購屋專家,/,1,1,1,1,6
yahoo_native / 5vo1,20251124_1102,遠雄房地產：最懂生活的購屋專家,/,1,1,1,1,10
fb / dh5,20251128,遠雄房地產：最懂生活的購屋專家,/,1,1,1,1,12
fgr-line / 5vo1,20251205,遠雄房地產：最懂生活的購屋專家,/,1,1,1,1,22
lbs-sms / fm3,20251229,遠雄房地產：最懂生活的購屋專家,/,1,1,1,1,2
web-ettoday / ao1,2ndfloor,遠雄房地產：最懂生活的購屋專家,/,1,1,1,1,5
web-udn / ao1,2ndfloor,遠雄房地產：最懂生活的購屋專家,/,1,1,1,1,0
fb / h707,40,遠雄房地產：最懂生活的購屋專家,/,1,1,1,1,36
fb / bh5,44,遠雄房地產：最懂生活的購屋專家,/,1,1,1,1,1
line-lab / h109,591,遠雄房地產：最懂生活的購屋專家,/,1,1,1,1,4
fb / bh7,8,遠雄房地產：最懂生活的購屋專家,/,1,1,1,1,2
fb / eh2,8-6,遠雄房地產：最懂生活的購屋專家,/,1,1,1,1,25
taboola / fm3,ConA,遠雄房地產：最懂生活的購屋專家,/,1,1,1,1,17
GDC / organic,GDC,遠雄房地產：最懂生活的購屋專家,/,1,1,1,1,0
web / h707,Manuel,遠雄房地產：最懂生活的購屋專家,/,1,1,1,1,0
news / 1113,O1,遠雄房地產：最懂生活的購屋專家,/,1,1,1,1,0
google / cpc,O1_競品字_2025.0801,遠雄房地產：最懂生活的購屋專家,/,1,1,1,1,29
fgr-line / fgr,area-l-taoyuan-guishan,遠雄房地產：最懂生活的購屋專家,/,1,1,2,2,16
google_kw / ao1,commercial,遠雄房地產：最懂生活的購屋專家,/,1,1,1,1,0
google / cpc,competitor,遠雄房地產：最懂生活的購屋專家,/,1,1,1,1,5
dsp / cqh1,dsp-2,遠雄房地產：最懂生活的購屋專家,/,1,1,1,1,35
web-ettoday / eh2,ettoday_202512,遠雄房地產：最懂生活的購屋專家,/,1,1,1,1,1
fgr-line / fgr,expert_zhu_ownership-criteria,遠雄房地產：最懂生活的購屋專家,/,1,1,2,2,15
fb / h109,fanpage1006,遠雄房地產：最懂生活的購屋專家,/,1,1,1,1,15
fb / cqh1,fb-23,遠雄房地產：最懂生活的購屋專家,/,1,1,1,1,0
fb / cqh1,fb-30,遠雄房地產：最懂生活的購屋專家,/,1,1,1,1,12
fb / bh10,fb11-3,遠雄房地產：最懂生活的購屋專家,/,1,1,2,2,0
fb / bh10,fb11-5,遠雄房地產：最懂生活的購屋專家,/,1,1,1,1,1
socialmedia / fgr,fb20251209,遠雄房地產：最懂生活的購屋專家,/,1,1,1,1,0
fb / eh5,fb31-1,遠雄房地產：最懂生活的購屋專家,/,1,1,1,1,2
fb / eh5,form,遠雄房地產：最懂生活的購屋專家,/,1,1,1,1,1
google / cpc,gdn11-3,遠雄房地產：最懂生活的購屋專家,/,1,1,1,1,139
fg / eh2,googlemap,遠雄房地產：最懂生活的購屋專家,/,1,1,1,1,17
google_kw / bh7,googlemap,遠雄房地產：最懂生活的購屋專家,/,1,1,1,1,17
googlemap / bh2,googlemap,遠雄房地產：最懂生活的購屋專家,/,1,1,1,1,12
taboola / fm3,impA,遠雄房地產：最懂生活的購屋專家,/,1,1,1,1,0
line-lap / bh7,lap-3,遠雄房地產：最懂生活的購屋專家,/,1,1,1,1,14
line-lap / cqh1,lap-3,遠雄房地產：最懂生活的購屋專家,/,1,1,3,3,31
fb / dh2,leads,遠雄房地產：最懂生活的購屋專家,/,1,1,1,1,2
fb / eh2,leads,遠雄房地產：最懂生活的購屋專家,/,1,1,2,2,31
line-lap / h109,line-lab3-2,遠雄房地產：最懂生活的購屋專家,/,1,1,1,1,4
line-lap / h109,line-lap1-2,遠雄房地產：最懂生活的購屋專家,/,1,1,1,1,3
line-lap / h109,line-lap1-4,遠雄房地產：最懂生活的購屋專家,/,1,1,1,1,3
line-lap / h109,line-lap1-5,遠雄房地產：最懂生活的購屋專家,/,1,1,1,1,3
line-lap / h109,line-lap10-2,遠雄房地產：最懂生活的購屋專家,/,1,1,1,1,6
line-lap / h109,line-lap10-4,遠雄房地產：最懂生活的購屋專家,/,1,1,1,1,3
line-lap / h109,line-lap10-5,遠雄房地產：最懂生活的購屋專家,/,1,1,1,1,3
line-lap / bh10,line-lap202511-3,遠雄房地產：最懂生活的購屋專家,/,1,1,1,1,1
line-lap / bh10,line-lap202511-6,遠雄房地產：最懂生活的購屋專家,/,1,1,1,1,6
line-lap / h109,line-lap5-2,遠雄房地產：最懂生活的購屋專家,/,1,1,1,1,3
line-lap / h109,line-lap5-3,遠雄房地產：最懂生活的購屋專家,/,1,1,1,1,3
line-lap / h109,line-lap6-1,遠雄房地產：最懂生活的購屋專家,/,1,1,1,1,2
line-lap / h109,line-lap7-3,遠雄房地產：最懂生活的購屋專家,/,1,1,1,1,3
line-lap / h109,line-lap7-4,遠雄房地產：最懂生活的購屋專家,/,1,1,1,1,3
line-lap / h109,line-lap8-1,遠雄房地產：最懂生活的購屋專家,/,1,1,1,1,4
line-lap / h109,line-lap9-2,遠雄房地產：最懂生活的購屋專家,/,1,1,1,1,3
line-lap / h109,line-lapCarousel9-1,遠雄房地產：最懂生活的購屋專家,/,1,1,1,1,3
line-lap / H109,line5,遠雄房地產：最懂生活的購屋專家,/,1,1,1,1,4
line-lap / h109,line9-1,遠雄房地產：最懂生活的購屋專家,/,1,1,1,1,3
webnews / eh2,linetoday_202512,遠雄房地產：最懂生活的購屋專家,/,1,1,1,1,9
socialmedia / fgr,metalink-ai-hub,遠雄房地產：最懂生活的購屋專家,/,1,1,1,1,1
google / cpc,needs,遠雄房地產：最懂生活的購屋專家,/,1,1,1,1,4
gdn / ao1,pax_20241112,遠雄房地產：最懂生活的購屋專家,/,1,1,1,1,0
fgr-line / fgr,playlist=e93ee4e&video=58b6cce,遠雄房地產：最懂生活的購屋專家,/,1,1,1,1,0
fb / ar1,privacy,遠雄房地產：最懂生活的購屋專家,/,1,1,1,1,0
fb / hch1,privacy,遠雄房地產：最懂生活的購屋專家,/,1,1,3,3,4
web-udn / cgh01,start building,遠雄房地產：最懂生活的購屋專家,/,1,1,1,1,29
web-udn / eh2,udn_202512,遠雄房地產：最懂生活的購屋專家,/,1,1,1,1,2
web-ettoday / o1,web-ettoday0415,遠雄房地產：最懂生活的購屋專家,/,1,1,1,1,7
web-ettoday / dgm1,web-ettoday1212,遠雄房地產：最懂生活的購屋專家,/,1,1,1,1,6
web-ettoday / h109,web-ettoday1226,遠雄房地產：最懂生活的購屋專家,/,1,1,1,1,0
web-udn / o1,web-udn,遠雄房地產：最懂生活的購屋專家,/,1,1,1,1,0
webnews / o1,webnewsmoney,遠雄房地產：最懂生活的購屋專家,/,1,1,1,1,0
(not set),202501003二輪播,遠雄琢蘊-線上接待中心,/,1,1,2,2,0
google / cpc,202511,遠雄琢蘊-線上接待中心,/,1,1,2,2,10
google / organic,(organic),鋼骨般的承諾‧ 建構百年建築 - 遠雄房地產,/,1,1,2,2,3
google / farglory/,(referral),關於遠創力 - 遠雄房地產,/,1,1,2,2,2
ig / social,ig,원웅 부동산: 생활을 가장 잘 아는 주택 구매 전문가,/,1,1,0,0,20
(not set),20251209一輪播,Ｍ平方 - 遠雄房地產,/,1,1,1,1,32
google / organic,(organic),贈與稅與遺產稅免稅額提高，房屋轉讓給子女的規劃要點 - 遠雄房地產,//life-proposal/gift_tax/,1,1,2,2,171
google / organic,(organic),好友主題報-2024年4月 - 遠雄房地產,/2024april/,1,1,2,2,3
google / organic,(organic),好友主題報-2024年1月 - 遠雄房地產,/2024january/,1,1,3,3,3
google / organic,(organic),好友主題報-2024年5月 - 遠雄房地產,/2024may/,1,1,2,2,3
(not set),20251107一輪播,找不到頁面 - 遠雄房地產,/404/,1,1,1,1,0
l.threads.com / referral,(referral),齊興緻-鍾坤霖-遠雄房地產 Farglory-Realty,/AR1/b2509,1,1,1,1,0
(not set),(not set),齊興緻-吳若榆-遠雄房地產 Farglory-Realty,/AR1/b4125,1,1,6,6,2
(direct) / (none),(direct),齊興緻,/AR1/main,1,1,2,2,45
GOOGLEKW / cpc,GOOGLEMYBUSINESS,找不到頁面 - 遠雄房地產,/Build/Detail/H113,1,1,1,1,16
google_kw / vg_h113,area,找不到頁面 - 遠雄房地產,/Build/Detail/H113,1,1,1,1,0
google_kw / mdrive,H135,找不到頁面 - 遠雄房地產,/Build/Detail/H135,1,1,1,1,0
fb / mdrive,h142,找不到頁面 - 遠雄房地產,/Build/Detail/H142,1,1,1,1,5
google_kw / mdrive,H142,找不到頁面 - 遠雄房地產,/Build/Detail/H142/,1,1,1,1,4
google / cpc,(not set),找不到頁面 - 遠雄房地產,/Build/Detail/H151,1,1,1,1,0
fb / 021801,151,找不到頁面 - 遠雄房地產,/Build/Detail/H151,1,1,1,1,0
sms / (not set),(not set),找不到頁面 - 遠雄房地產,/Build/Detail/H153,1,1,1,1,1
(direct) / (none),(direct),找不到頁面 - 遠雄房地產,/Build/Detail/H608,1,1,1,1,0
GOOGLEKW / cpc,GOOGLEMYBUSINESS,找不到頁面 - 遠雄房地產,/Build/Detail/H609,1,1,1,1,100
H808-1080424-FBpage / referral,(referral),找不到頁面 - 遠雄房地產,/Build/Detail/H808,1,1,1,1,0
H808-1080518-FBpage / referral,(referral),找不到頁面 - 遠雄房地產,/Build/Detail/H808,1,1,1,1,7
lm.facebook.com / referral,(referral),找不到頁面 - 遠雄房地產,/Event/Detail/247,1,1,1,1,0
m.facebook.com / referral,(referral),遠雄幸福成,/H713/main,1,1,1,1,0
(direct) / (none),(direct),遠雄九五,/H88/main,1,1,1,1,57
google / organic,(organic),遠雄琢蘊-楊倩如-遠雄房地產 Farglory-Realty,/H902/g0259,1,1,1,1,28
(direct) / (none),(direct),遠雄琢蘊-張寶容-遠雄房地產 Farglory-Realty,/H902/g0389,1,1,1,1,88
google / cpc,area,遠雄琢蘊,/H902/main,1,1,1,1,6
google / cpc,brand,遠雄琢蘊,/H902/main,1,1,1,1,35
bing / organic,(organic),遠雄仰森,/HH3/main,1,1,1,1,0
google / cpc,(organic),遠雄仰森,/HH3/main,1,1,1,1,0
tw.search.yahoo.com / referral,(referral),遠雄仰森,/HH3/main,1,1,1,1,22
google / cpc,20250616_品牌字,遠雄仰森,/HH3/main,1,1,2,2,104
google / cpc,202511,遠雄仰森,/HH3/main,1,1,1,1,96
mkto-sn070013.com / referral,(referral),一月主題報 - 遠雄房地產,/Jan2025/,1,1,1,1,1
(not set),(not set),找不到頁面 - 遠雄房地產,/Latest_news/events,1,1,0,0,58
cn.bing.com / referral,(referral),About Us - Farglory Real Estate,/about/,1,1,0,0,22
bing / organic,(organic),關於我們-遠雄房地產,/about/,1,1,1,1,0
cn.bing.com / referral,(referral),關於我們-遠雄房地產,/about/,1,1,1,1,0
docs.google.com / referral,(referral),關於我們-遠雄房地產,/about/,1,1,4,4,39
m.facebook.com / referral,(referral),關於我們-遠雄房地產,/about/,1,1,1,1,0
mkto-sn070013.com / referral,(referral),關於我們-遠雄房地產,/about/,1,1,1,1,8
google / cpc,202511,關於我們-遠雄房地產,/about/,1,1,1,1,1
(not set),20251107一輪播,關於我們-遠雄房地產,/about/,1,1,1,1,0
yahoo_native / 5vo1,20251124_1102,關於我們-遠雄房地產,/about/,1,1,2,2,27
fb / dh5,20251128,關於我們-遠雄房地產,/about/,1,1,1,1,11
avivid / bh11,20251212,關於我們-遠雄房地產,/about/,1,1,1,1,16
google / cpc,area,關於我們-遠雄房地產,/about/,1,1,1,1,27
google / cpc,brand,關於我們-遠雄房地產,/about/,1,1,5,5,36
fgr-line / fgr,expert_zhu_ownership-criteria,關於我們-遠雄房地產,/about/,1,1,1,1,6
fb / bh8,fb16-2,關於我們-遠雄房地產,/about/,1,1,1,1,0
google / cpc,遠雄幸福成_H713_關鍵字_0516_外縣市,關於我們-遠雄房地產,/about/,1,1,1,1,18
fgr-line / fgr,playlist=e93ee4e&video=58b6cce,(1) 封未讀訊息 | 影像光廊：建案風采-遠雄房地產,/about/brand_gallery/,1,1,1,1,101
docs.google.com / referral,(referral),影像光廊：建案風采-遠雄房地產,/about/brand_gallery/,1,1,1,1,29
far-east.com.tw / referral,(referral),影像光廊：建案風采-遠雄房地產,/about/brand_gallery/,1,1,2,2,3
fgr-line / H707,20221519,影像光廊：建案風采-遠雄房地產,/about/brand_gallery/,1,1,1,1,12
fgr-line / fm3,20221519,影像光廊：建案風采-遠雄房地產,/about/brand_gallery/,1,1,10,10,98
(not set),20251209一輪播,影像光廊：建案風采-遠雄房地產,/about/brand_gallery/,1,1,1,1,0
avivid / bh11,20251212,影像光廊：建案風采-遠雄房地產,/about/brand_gallery/,1,1,1,1,5
fgr-line / fgr,expert_zhu_ownership-criteria,影像光廊：建案風采-遠雄房地產,/about/brand_gallery/,1,1,4,4,0
fgr-line / fgr,playlist=e93ee4e&video=b98d6cc,影像光廊：建案風采-遠雄房地產,/about/brand_gallery/,1,1,5,5,43
bing / organic,(organic),品牌實力-遠雄房地產,/about/brand_performance_backup/,1,1,1,1,5
docs.google.com / referral,(referral),品牌實力-遠雄房地產,/about/brand_performance_backup/,1,1,6,6,51
house.ettoday.net / referral,(referral),品牌實力-遠雄房地產,/about/brand_performance_backup/,1,1,1,1,3
mkto-sn070013.com / referral,(referral),品牌實力-遠雄房地產,/about/brand_performance_backup/,1,1,1,1,2
(not set),20251230一輪播,品牌實力-遠雄房地產,/about/brand_performance_backup/,1,1,1,1,3
fb / hm2,251204,品牌實力-遠雄房地產,/about/brand_performance_backup/,1,1,1,1,0
google / cpc,Pmax,品牌實力-遠雄房地產,/about/brand_performance_backup/,1,1,1,1,0
google / cpc,brand,品牌實力-遠雄房地產,/about/brand_performance_backup/,1,1,4,4,135
fb / hch1,privacy,品牌實力-遠雄房地產,/about/brand_performance_backup/,1,1,1,1,0
(not set),系統測試,品牌實力-遠雄房地產,/about/brand_performance_backup/,1,1,3,3,4
104.com.tw / referral,(referral),優勢榮耀 - 遠雄房地產,/about/branded_advantages/,1,1,1,1,14
docs.google.com / referral,(referral),優勢榮耀 - 遠雄房地產,/about/branded_advantages/,1,1,2,2,6
avivid / bh11,20251212,優勢榮耀 - 遠雄房地產,/about/branded_advantages/,1,1,1,1,3
fgr-line / fgr,playlist=e93ee4e&video=58b6cce,優勢榮耀 - 遠雄房地產,/about/branded_advantages/,1,1,1,1,7
(not set),系統測試,優勢榮耀 - 遠雄房地產,/about/branded_advantages/,1,1,3,3,94
(direct) / (none),(direct),相關企業-遠雄房地產,/about/related_business/,1,1,1,1,23
cn.bing.com / referral,(referral),About Farglory Real Estate,/about/telecreative_marketing/,1,1,0,0,21
104.com.tw / referral,(referral),關於遠創力 - 遠雄房地產,/about/telecreative_marketing/,1,1,2,2,66
cn.bing.com / referral,(referral),關於遠創力 - 遠雄房地產,/about/telecreative_marketing/,1,1,1,1,0
docs.google.com / referral,(referral),關於遠創力 - 遠雄房地產,/about/telecreative_marketing/,1,1,2,2,29
google / farglory/,(referral),關於遠創力 - 遠雄房地產,/about/telecreative_marketing/,1,1,2,2,4
tw.search.yahoo.com / referral,(referral),關於遠創力 - 遠雄房地產,/about/telecreative_marketing/,1,1,1,1,9
google_kw / 5vo1,202511,關於遠創力 - 遠雄房地產,/about/telecreative_marketing/,1,1,3,3,1488
fgr-line / cqh1,20251206,關於遠創力 - 遠雄房地產,/about/telecreative_marketing/,1,1,1,1,17
google / cpc,brand,關於遠創力 - 遠雄房地產,/about/telecreative_marketing/,1,1,2,2,99
(not set),20251107一輪播,找不到頁面 - 遠雄房地產,/about/telecreative_marketing/​,1,1,3,3,8
google / organic,(organic),活動報報 彙整 - 遠雄房地產,/activity-report-category/activities_glance/,1,1,1,1,4
docs.google.com / referral,(referral),活動報報 彙整 - 遠雄房地產,/activity-report-category/activities_glance/,1,1,1,1,72
(direct) / (none),(direct),活動一覽 彙整 - 遠雄房地產,/activity-report-category/activities_glance/activities_glance_list/,1,1,1,1,1
statics.teams.cdn.office.net / referral,(referral),活動一覽 彙整 - 遠雄房地產,/activity-report-category/activities_glance/activities_glance_list/,1,1,1,1,16
fgr-line / dh5,20251130,案場活動 彙整 - 遠雄房地產,/activity-report-category/activities_glance/activities_glance_list/ag_case_activities/,1,1,1,1,1
fb / bh11,8-1,案場活動 彙整 - 遠雄房地產,/activity-report-category/activities_glance/activities_glance_list/ag_case_activities/,1,1,1,1,1
webnews / eh2,linetoday_202512,案場活動 彙整 - 遠雄房地產,/activity-report-category/activities_glance/activities_glance_list/ag_case_activities/,1,1,1,1,7
(direct) / (none),(direct),案場活動 彙整 - 頁2，共3 - 遠雄房地產,/activity-report-category/activities_glance/activities_glance_list/ag_case_activities/page/2/,1,1,1,1,1
google / organic,(organic),案場活動 彙整 - 頁2，共3 - 遠雄房地產,/activity-report-category/activities_glance/activities_glance_list/ag_case_activities/page/2/,1,1,4,4,119
google / organic,(organic),活動一覽 彙整 - 頁10，共11 - 遠雄房地產,/activity-report-category/activities_glance/activities_glance_list/page/10/,1,1,1,1,5
google / organic,(organic),活動一覽 彙整 - 頁2，共11 - 遠雄房地產,/activity-report-category/activities_glance/activities_glance_list/page/2/,1,1,1,1,1
google / organic,(organic),活動一覽 彙整 - 頁3，共11 - 遠雄房地產,/activity-report-category/activities_glance/activities_glance_list/page/3/,1,1,1,1,2
google / organic,(organic),活動一覽 彙整 - 頁4，共11 - 遠雄房地產,/activity-report-category/activities_glance/activities_glance_list/page/4/,1,1,1,1,4
google / organic,(organic),活動一覽 彙整 - 頁5，共11 - 遠雄房地產,/activity-report-category/activities_glance/activities_glance_list/page/5/,1,1,1,1,0
google / organic,(organic),活動一覽 彙整 - 頁6，共11 - 遠雄房地產,/activity-report-category/activities_glance/activities_glance_list/page/6/,1,1,1,1,1
google / organic,(organic),活動一覽 彙整 - 頁7，共11 - 遠雄房地產,/activity-report-category/activities_glance/activities_glance_list/page/7/,1,1,1,1,2
google / organic,(organic),活動一覽 彙整 - 頁8，共11 - 遠雄房地產,/activity-report-category/activities_glance/activities_glance_list/page/8/,1,1,1,1,5
google / organic,(organic),活動一覽 彙整 - 頁9，共11 - 遠雄房地產,/activity-report-category/activities_glance/activities_glance_list/page/9/,1,1,1,1,2
google / organic,(organic),住戶專享 彙整 - 頁2，共4 - 遠雄房地產,/activity-report-category/activities_glance/activities_glance_list/住戶專享/page/2/,1,1,1,1,15
google / organic,(organic),遠雄房地產最新公告 - 遠雄房地產,/activity-report-category/activities_glance/announcement_information/page/2/,1,1,1,1,5
google / organic,(organic),遠雄房地產最新公告 - 遠雄房地產,/activity-report-category/activities_glance/announcement_information/page/3/,1,1,1,1,1
google / organic,(organic),活動報報 彙整 - 頁10，共14 - 遠雄房地產,/activity-report-category/activities_glance/page/10/,1,1,1,1,5
(not set),20251209一輪播,活動報報 彙整 - 頁11，共12 - 遠雄房地產,/activity-report-category/activities_glance/page/11/,1,1,2,2,24
docs.google.com / referral,(referral),活動報報 彙整 - 頁11，共14 - 遠雄房地產,/activity-report-category/activities_glance/page/11/,1,1,1,1,35
(not set),20251209一輪播,活動報報 彙整 - 頁12，共12 - 遠雄房地產,/activity-report-category/activities_glance/page/12/,1,1,1,1,2
(not set),20251209一輪播,活動報報 彙整 - 頁12，共14 - 遠雄房地產,/activity-report-category/activities_glance/page/12/,1,1,1,1,290
google / organic,(organic),活動報報 彙整 - 頁13，共14 - 遠雄房地產,/activity-report-category/activities_glance/page/13/,1,1,1,1,1
google / organic,(organic),活動報報 彙整 - 頁3，共14 - 遠雄房地產,/activity-report-category/activities_glance/page/3/,1,1,1,1,6
(not set),20251209一輪播,活動報報 彙整 - 頁4，共12 - 遠雄房地產,/activity-report-category/activities_glance/page/4/,1,1,2,2,1
google / organic,(organic),活動報報 彙整 - 頁4，共14 - 遠雄房地產,/activity-report-category/activities_glance/page/4/,1,1,1,1,6
docs.google.com / referral,(referral),活動報報 彙整 - 頁4，共14 - 遠雄房地產,/activity-report-category/activities_glance/page/4/,1,1,1,1,4
google / organic,(organic),活動報報 彙整 - 頁6，共14 - 遠雄房地產,/activity-report-category/activities_glance/page/6/,1,1,1,1,6
(not set),20251209一輪播,活動報報 彙整 - 頁7，共12 - 遠雄房地產,/activity-report-category/activities_glance/page/7/,1,1,1,1,0
google / organic,(organic),活動報報 彙整 - 頁7，共14 - 遠雄房地產,/activity-report-category/activities_glance/page/7/,1,1,1,1,4
google / organic,(organic),活動報報 彙整 - 頁8，共14 - 遠雄房地產,/activity-report-category/activities_glance/page/8/,1,1,1,1,2
google / organic,(organic),活動報報 彙整 - 頁9，共14 - 遠雄房地產,/activity-report-category/activities_glance/page/9/,1,1,1,1,8
google / organic,(organic),10月購屋意願問卷抽獎 得獎公告 - 遠雄房地產,/activity-report/10月購屋意願問卷抽獎-得獎公告/,1,1,1,1,12
(not set),20251209一輪播,10月購屋意願問卷抽獎 得獎公告 - 遠雄房地產,/activity-report/10月購屋意願問卷抽獎-得獎公告/,1,1,2,2,6
(not set),20251209一輪播,找不到頁面 - 遠雄房地產,/activity-report/10月購屋意願問卷抽獎-得獎公告/,1,1,1,1,0
google / organic,(organic),2022虎威笙風源春意，遠雄自主高規格防疫，新春安心賞屋不打烊 - 遠雄房地產,/activity-report/2022cny/,1,1,1,1,0
google / organic,(organic),最近府城市中心【遠雄藏萃】新春入主抽機票 - 遠雄房地產,/activity-report/2023cny_dh5/,1,1,1,1,30
(direct) / (none),(direct),遠雄房地產 全新節目「賞屋熊厝味」首檔鉅獻! - 遠雄房地產,/activity-report/20240320/,1,1,1,1,25
(direct) / (none),(direct),遠雄房地產 官方LINE🔥獨家限定 邀您共賞 世界棒球12強 日韓大戰!-得獎公告 - 遠雄房地產,/activity-report/202410/,1,1,1,1,25
(direct) / (none),(direct),遠雄房地產 官方LINE🎇歡慶雙十 好運籤! - 遠雄房地產,/activity-report/20241010/,1,1,1,1,25
(direct) / (none),(direct),(1) 封未讀訊息 | 遠雄房地產 x 游庭皓 月光族到資產新貴  學會分散風險之路「買股買債買好房」 - 遠雄房地產,/activity-report/202411experts/,1,1,0,0,0
console-v2.omnichat.ai / referral,(referral),遠雄房地產 x 游庭皓 月光族到資產新貴  學會分散風險之路「買股買債買好房」 - 遠雄房地產,/activity-report/202411experts/,1,1,1,1,1
(direct) / (none),(direct),遠雄房地產 官方LINE | 🎉6萬好友同樂，一起嗨翻年終！ - 遠雄房地產,/activity-report/202412/,1,1,1,1,0
google / organic,(organic),遠雄房地產 官方LINE | 🎉6萬好友同樂，一起嗨翻年終！ - 遠雄房地產,/activity-report/202412/,1,1,2,2,15
(not set),20251209一輪播,2月購屋意願問卷抽獎 得獎公告 - 遠雄房地產,/activity-report/2月購屋意願問卷抽獎-得獎公告/,1,1,1,1,4
(not set),20251209一輪播,找不到頁面 - 遠雄房地產,/activity-report/2月購屋意願問卷抽獎-得獎公告/,1,1,1,1,0
(not set),20251209一輪播,4月購屋意願問卷抽獎 得獎公告 - 遠雄房地產,/activity-report/4月購屋意願問卷抽獎-得獎公告/,1,1,1,1,1
(not set),20251209一輪播,找不到頁面 - 遠雄房地產,/activity-report/4月購屋意願問卷抽獎-得獎公告/,1,1,1,1,0
(not set),20251209一輪播,7月專屬好友見面禮抽獎 得獎公告 - 遠雄房地產,/activity-report/7月專屬好友見面禮抽獎-得獎公告/,1,1,1,1,5
(not set),20251209一輪播,找不到頁面 - 遠雄房地產,/activity-report/7月專屬好友見面禮抽獎-得獎公告/,1,1,1,1,0
(not set),20251209一輪播,10月購屋意願問卷抽獎 得獎公告 - 遠雄房地產,/activity-report/9月購屋意願問卷抽獎-得獎公告-2/,1,1,1,1,5
(not set),20251209一輪播,找不到頁面 - 遠雄房地產,/activity-report/9月購屋意願問卷抽獎-得獎公告-2/,1,1,1,1,0
(not set),20251209一輪播,9月購屋意願問卷抽獎 得獎公告 - 遠雄房地產,/activity-report/9月購屋意願問卷抽獎-得獎公告/,1,1,1,1,5
(not set),20251209一輪播,找不到頁面 - 遠雄房地產,/activity-report/9月購屋意願問卷抽獎-得獎公告/,1,1,1,1,0
fb / bh11,8-1,遠雄敦富《城市潮流漫步生活節》，享受愜意生活的完美假日 - 遠雄房地產,/activity-report/bh10_20241217/,1,1,1,1,22
(direct) / (none),(direct),遠雄敦富理想生活研究所 - 遠雄房地產,/activity-report/bh10event2025q2/,1,1,1,1,12
bing / organic,(organic),遠雄敦富理想生活研究所 - 遠雄房地產,/activity-report/bh10event2025q2/,1,1,1,1,0
fb / bh11,8-1,遠雄敦富理想生活研究所 - 遠雄房地產,/activity-report/bh10event2025q2/,1,1,1,1,12
google / organic,(organic),鴻兔大展賀新年 新春下定好運抽 多重好禮 獎不完 - 遠雄房地產,/activity-report/bh6_2023cny/,1,1,1,1,13
google / organic,(organic),「遠雄藏萃」海佃生活節開跑囉～賞屋貴賓專屬！ - 遠雄房地產,/activity-report/dh5_20230711/,1,1,1,1,0
(direct) / (none),(direct),新春福到好運到，「龍」來藏萃領紅包！ - 遠雄房地產,/activity-report/dh5_cny_20240202/,1,1,1,1,14
google / organic,(organic),新春福到好運到，「龍」來藏萃領紅包！ - 遠雄房地產,/activity-report/dh5_cny_20240202/,1,1,1,1,53
(direct) / (none),(direct),水湳氣質系建案【遠雄藝舍】新春邀客戶藝起玩藝術  - 遠雄房地產,/activity-report/dh6_cny_20240202/,1,1,1,1,23
(direct) / (none),(direct),邁向2024年! 遠房好友雙週報1/26起全新風貌與您見面 - 遠雄房地產,/activity-report/edm_annoucement_20231225/,1,1,1,1,0
(direct) / (none),(direct),遠雄沐蘊《春暖花開，三重豪禮High》購屋大方送、加碼抽！ - 遠雄房地產,/activity-report/eh5_20250301/,1,1,1,1,0
bniconnectglobal.com / referral,(referral),遠雄建設「工地再生計畫」跨界合作文創典範 獲文策院「產業策進獎」 - 遠雄房地產,/activity-report/fg-esg-award/,1,1,1,1,1
mkto-sn070013.com / referral,(referral),遠雄建設「工地再生計畫」跨界合作文創典範 獲文策院「產業策進獎」 - 遠雄房地產,/activity-report/fg-esg-award/,1,1,1,1,11
news.google.com / referral,(referral),遠雄建設「工地再生計畫」跨界合作文創典範 獲文策院「產業策進獎」 - 遠雄房地產,/activity-report/fg-esg-award/,1,1,1,1,1
statics.teams.cdn.office.net / referral,(referral),遠雄建設「工地再生計畫」跨界合作文創典範 獲文策院「產業策進獎」 - 遠雄房地產,/activity-report/fg-esg-award/,1,1,1,1,63
(not set),20251209一輪播,遠雄建設「工地再生計畫」跨界合作文創典範 獲文策院「產業策進獎」 - 遠雄房地產,/activity-report/fg-esg-award/,1,1,1,1,100
web-chinatimes / qyh1,chinatimes1117,遠雄建設獲 SGS 年度創新獎 首家通過 ISO 59000 循環經濟驗證建築品牌 - 遠雄房地產,/activity-report/fg_land_news2/,1,1,1,1,4
google / cpc,information4,遠雄建設獲 SGS 年度創新獎 首家通過 ISO 59000 循環經濟驗證建築品牌 - 遠雄房地產,/activity-report/fg_land_news2/,1,1,1,1,1
google / organic,(organic),遠雄海洋公園平日門票3折！加碼好康4重送 - 遠雄房地產,/activity-report/fg_park_20220727/,1,1,1,1,3
google / organic,(organic),幸福生活節聖誕市集 l 遠雄幸福成邀請您 - 遠雄房地產,/activity-report/h713_20221221/,1,1,1,1,15
google / cpc,(organic),來遠雄幸福成玩幸福手作！ - 遠雄房地產,/activity-report/h713_2022_mar/,1,1,1,1,2
google / organic,(organic),新春大吉！遠雄幸福成熱鬧走春趣 抽紅包享美食測運勢，多重好禮獎不完 - 遠雄房地產,/activity-report/h713_2023cny/,1,1,1,1,7
google / organic,(organic),遠雄幸福成 30萬豪禮等你抽 - 遠雄房地產,/activity-report/h713_event_apr/,1,1,1,1,8
google / organic,(organic),遠雄琢蘊◆遠雄峰蘊「龍蘊亨通迎新年」活動 - 遠雄房地產,/activity-report/h902_cny_20240125/,1,1,1,1,25
bing / organic,(organic),遠雄【好室智造所】全台巡迴從台中港熱鬧啟航，永續藍圖逐步落實 - 遠雄房地產,/activity-report/hauslab_2025/,1,1,1,1,27
tw.search.yahoo.com / referral,(referral),遠雄【好室智造所】全台巡迴從台中港熱鬧啟航，永續藍圖逐步落實 - 遠雄房地產,/activity-report/hauslab_2025/,1,1,1,1,11
(direct) / (none),(direct),夏沐迎春好運到，來檜一起樂「龍龍」！ - 遠雄房地產,/activity-report/hh2_cny_20240125/,1,1,1,1,26
google / organic,(organic),夏沐迎春好運到，來檜一起樂「龍龍」！ - 遠雄房地產,/activity-report/hh2_cny_20240125/,1,1,1,1,8
(not set),20251209一輪播,LINE活動-9月週週抽500點中獎名單 - 遠雄房地產,/activity-report/line-active-202109-500/,1,1,1,1,4
(not set),20251209一輪播,找不到頁面 - 遠雄房地產,/activity-report/line-active-202109-500/,1,1,1,1,0
(not set),20251209一輪播,LINE活動-8月週週抽500點中獎名單 - 遠雄房地產,/activity-report/line-active-500/,1,1,1,1,4
(not set),20251209一輪播,找不到頁面 - 遠雄房地產,/activity-report/line-active-500/,1,1,1,1,0
google / organic,(organic),遠雄房地產LINE官方帳號活動 - 升級超級好友週週抽活動,/activity-report/line_apr_lottery/,1,1,1,1,2
(not set),20251209一輪播,LINE活動-01月週週抽500點中獎名單 - 遠雄房地產,/activity-report/line活動-01月週週抽500點中獎名單/,1,1,2,2,1
(not set),20251209一輪播,找不到頁面 - 遠雄房地產,/activity-report/line活動-01月週週抽500點中獎名單/,1,1,1,1,0
(not set),20251209一輪播,LINE活動-10月週週抽500點中獎名單 - 遠雄房地產,/activity-report/line活動-10月週週抽500點中獎名單/,1,1,1,1,2
(not set),20251209一輪播,LINE活動-11月週週抽500點中獎名單 - 遠雄房地產,/activity-report/line活動-11月週週抽500點中獎名單/,1,1,2,2,4
(not set),20251209一輪播,找不到頁面 - 遠雄房地產,/activity-report/line活動-11月週週抽500點中獎名單/,1,1,1,1,0
docs.google.com / referral,(referral),LINE活動-12月週週抽500點中獎名單 - 遠雄房地產,/activity-report/line活動-12月週週抽500點中獎名單/,1,1,1,1,0
(not set),20251209一輪播,LINE活動-12月週週抽500點中獎名單 - 遠雄房地產,/activity-report/line活動-12月週週抽500點中獎名單/,1,1,1,1,6
(not set),20251209一輪播,找不到頁面 - 遠雄房地產,/activity-report/line活動-12月週週抽500點中獎名單/,1,1,1,1,0
google / organic,(organic),溫馨母親節-遠雄啾愛禮，媽媽我愛妳，賞屋心坎禮-遠雄房地產,/activity-report/mother-day/,1,1,2,2,18
(direct) / (none),(direct),MAMAMOO完整體登台會粉絲　「5種票價公開」11月19日開搶 - 遠雄房地產,/activity-report/relation_show_20221118/,1,1,1,1,0
(not set),20251209一輪播,找不到頁面 - 遠雄房地產,/activity-report/ucity-erama-20230822/,1,1,1,1,0
google / organic,(organic),果陀為你解憂！遠雄專屬暖心優惠 - 遠雄房地產,/activity-report/ucity-erama-20230822/,1,1,1,1,16
(not set),20251209一輪播,果陀為你解憂！遠雄專屬暖心優惠 - 遠雄房地產,/activity-report/ucity-erama-20230822/,1,1,1,1,2
google / organic,(organic),遠雄住戶專屬｜艾麗獨享優惠住房 - 遠雄房地產,/activity-report/ucity_apr_humblehousehotels/,1,1,1,1,35
google / organic,(organic),美國蕾絲床墊「預約體驗」贈3000購物金 - 遠雄房地產,/activity-report/ucity_bed_20230315/,1,1,1,1,11
(direct) / (none),(direct),【遠雄住戶專享】德國美德麗床墊「滿萬折千」! - 遠雄房地產,/activity-report/ucity_dec_bedding/,1,1,1,1,0
google / organic,(organic),【遠雄住戶專享】1212年終趴｜指定商品75折！ - 遠雄房地產,/activity-report/ucity_dec_hair/,1,1,1,1,12
google / organic,(organic),遠雄住戶專享｜2023親親海洋夜未眠 - 遠雄房地產,/activity-report/ucity_occean_20230822/,1,1,1,1,18
google / organic,(organic),台中悅樂旅店入圍國際旅遊大獎World Travel Awards 《台灣最佳精品飯店》獎項肯定 - 遠雄房地產,/activity-report/world-travel-awards/,1,1,1,1,1
google / organic,(organic),【福虎生風超友慶】新春好禮LINE POINTS 得獎公告 - 遠雄房地產,/activity-report/【福虎生風超友慶】新春好禮line-points得獎公告/,1,1,1,1,4
(not set),20251209一輪播,【福虎生風超友慶】新春好禮LINE POINTS 得獎公告 - 遠雄房地產,/activity-report/【福虎生風超友慶】新春好禮line-points得獎公告/,1,1,1,1,0
(not set),20251209一輪播,【福虎生風超友慶】新春好禮萬元紅包 得獎公告 - 遠雄房地產,/activity-report/【福虎生風超友慶】新春好禮萬元紅包-得獎公告/,1,1,3,3,4
(not set),20251209一輪播,找不到頁面 - 遠雄房地產,/activity-report/【福虎生風超友慶】新春好禮萬元紅包-得獎公告/,1,1,1,1,0
(direct) / (none),(direct),【遠雄住戶專享】春節到巧克力共和國共團圓🤎🍫 - 遠雄房地產,/activity-report/【遠雄住戶專享】春節到巧克力共和國共團圓🤎/,1,1,1,1,0
google / organic,(organic),【遠雄藏萃】線上接待中心問卷抽獎 - 遠雄房地產,/activity-report/【遠雄藏萃】線上接待中心問卷抽獎/,1,1,1,1,1
(not set),20251209一輪播,【遠雄藏萃】線上接待中心問卷抽獎 - 遠雄房地產,/activity-report/【遠雄藏萃】線上接待中心問卷抽獎/,1,1,1,1,6
(not set),20251209一輪播,找不到頁面 - 遠雄房地產,/activity-report/【遠雄藏萃】線上接待中心問卷抽獎/,1,1,1,1,0
google / organic,(organic),汐止遠雄廣場 High購好康 - 遠雄房地產,/activity-report/汐止遠雄廣場-high購好康/,1,1,1,1,12
(not set),20251209一輪播,找不到頁面 - 遠雄房地產,/activity-report/福虎生風超友慶-新春好禮雙重抽/,1,1,1,1,0
(not set),20251209一輪播,福虎生風超友慶 新春好禮雙重抽 - 遠雄房地產,/activity-report/福虎生風超友慶-新春好禮雙重抽/,1,1,2,2,4
line / linebutton,(referral),遠雄房地產官網滿意度問券調查-2025年第三季-得獎公告 - 遠雄房地產,/activity-report/第三季得獎公告/,1,1,1,1,5
(not set),20251209一輪播,找不到頁面 - 遠雄房地產,/activity-report/聖誕寵粉好禮-得獎公告/,1,1,1,1,0
(not set),20251209一輪播,聖誕寵粉好禮 得獎公告 - 遠雄房地產,/activity-report/聖誕寵粉好禮-得獎公告/,1,1,1,1,3
(not set),20251209一輪播,找不到頁面 - 遠雄房地產,/activity-report/購屋意願問卷抽獎-得獎公告/,1,1,1,1,0
(not set),20251209一輪播,購屋意願問卷抽獎 得獎公告 - 遠雄房地產,/activity-report/購屋意願問卷抽獎-得獎公告/,1,1,1,1,3
(not set),20251209一輪播,超級好友10月好康任務 得獎公告 - 遠雄房地產,/activity-report/超級好友10月好康任務-得獎公告-2/,1,1,4,4,14
google / organic,(organic),好友獨享雙重抽 最高享五星飯店住宿! 得獎公告 - 遠雄房地產,/activity-report/超級好友10月好康任務-得獎公告/,1,1,1,1,4
(not set),20251209一輪播,好友獨享雙重抽 最高享五星飯店住宿! 得獎公告 - 遠雄房地產,/activity-report/超級好友10月好康任務-得獎公告/,1,1,4,4,11
(direct) / (none),(direct),超級好友VIP💎推薦購屋大賞 推薦購屋送你遊東京!🌸得獎公告 - 遠雄房地產,/activity-report/超級好友vip推薦購屋大賞-推薦購屋送你遊東京-2/,1,1,1,1,0
bing / organic,(organic),【遠雄一靚】好室智造所 行動策展｜光．再生手作體驗💡 - 遠雄房地產,/activity-report/遠雄一靚-好室智造所行動策展/,1,1,1,1,23
excel.officeapps.live.com / referral,(referral),【遠雄一靚】好室智造所 行動策展｜光．再生手作體驗💡 - 遠雄房地產,/activity-report/遠雄一靚-好室智造所行動策展/,1,1,1,1,0
perplexity.ai / referral,(referral),【遠雄一靚】好室智造所 行動策展｜光．再生手作體驗💡 - 遠雄房地產,/activity-report/遠雄一靚-好室智造所行動策展/,1,1,1,1,0
(not set),20251023一輪播,【遠雄一靚】好室智造所 行動策展｜光．再生手作體驗💡 - 遠雄房地產,/activity-report/遠雄一靚-好室智造所行動策展/,1,1,1,1,55
yahoo_native / 5vo1,202510_2,【遠雄一靚】好室智造所 行動策展｜光．再生手作體驗💡 - 遠雄房地產,/activity-report/遠雄一靚-好室智造所行動策展/,1,1,1,1,37
web-ettoday / eh2,ettoday_202512,【遠雄一靚】好室智造所 行動策展｜光．再生手作體驗💡 - 遠雄房地產,/activity-report/遠雄一靚-好室智造所行動策展/,1,1,1,1,29
webnews / eh2,linetoday_202512,【遠雄一靚】好室智造所 行動策展｜光．再生手作體驗💡 - 遠雄房地產,/activity-report/遠雄一靚-好室智造所行動策展/,1,1,7,7,67
fb / hm2,news1222,【遠雄一靚】好室智造所 行動策展｜光．再生手作體驗💡 - 遠雄房地產,/activity-report/遠雄一靚-好室智造所行動策展/,1,1,1,1,0
fgr-line / fgr,playlist=e93ee4e&video=58b6cce,【遠雄一靚】好室智造所 行動策展｜光．再生手作體驗💡 - 遠雄房地產,/activity-report/遠雄一靚-好室智造所行動策展/,1,1,1,1,13
(not set),系統測試,【遠雄一靚】好室智造所 行動策展｜光．再生手作體驗💡 - 遠雄房地產,/activity-report/遠雄一靚-好室智造所行動策展/,1,1,1,1,63
webnews / eh2,linetoday_202512,【遠雄一靚】好室智造所 行動策展｜光．再生💡 - 遠雄房地產,/activity-report/遠雄一靚-好室智造所行動策展/,1,1,3,3,5
(direct) / (none),(direct),遠雄房地產 官方LINE | 7萬好友感謝祭！7770 LINE POINTS大放送！ - 遠雄房地產,/activity-report/遠雄房地產-7萬好友/,1,1,1,1,0
statics.teams.cdn.office.net / referral,(referral),遠雄房地產 官方LINE | 7月大巨蛋專屬貴賓席 - 遠雄房地產,/activity-report/遠雄房地產-官方line-7月大巨蛋專屬貴賓席/,1,1,1,1,15
google / organic,(organic),遠雄房地產 官方LINE | 端午限定🐲大巨蛋VIP專屬貴賓席 - 遠雄房地產,/activity-report/遠雄房地產-官方line-端午限定🐲大巨蛋vip專屬貴賓席/,1,1,1,1,100
(direct) / (none),(direct),遠雄房地產 官方LINE | 象龍對決熱血開打! - 遠雄房地產,/activity-report/遠雄房地產-官方line-象龍對決熱血開打/,1,1,1,1,8
(direct) / (none),(direct),遠雄房地產「賞屋熊厝味」首檔活動得獎公告 - 遠雄房地產,/activity-report/遠雄房地產「賞屋熊厝味」首檔活動得獎公告/,1,1,1,1,0
(direct) / (none),(direct),遠雄房地產官網滿意度問券調查-2025年第二季-得獎公告 - 遠雄房地產,/activity-report/遠雄房地產官網滿意度問券調查-2025年第二季-得獎公/,1,1,1,1,119
gemini.google.com / referral,(referral),遠雄沐蘊 | 夏日感恩大回饋🎁好鄰介紹所開張囉! - 遠雄房地產,/activity-report/遠雄沐蘊-夏日感恩大回饋-好鄰介紹所開張囉/,1,1,1,1,6
google / cpc,brand,遠雄沐蘊 | 夏日感恩大回饋🎁好鄰介紹所開張囉! - 遠雄房地產,/activity-report/遠雄沐蘊-夏日感恩大回饋-好鄰介紹所開張囉/,1,1,1,1,3
webnews / eh2,linetoday_202512,遠雄沐蘊 | 夏日感恩大回饋🎁好鄰介紹所開張囉! - 遠雄房地產,/activity-report/遠雄沐蘊-夏日感恩大回饋-好鄰介紹所開張囉/,1,1,1,1,11
(not set),20251209一輪播,找不到頁面 - 遠雄房地產,/activity-report/遠雄琢蘊線上接待中心問券大調查得獎公告/,1,1,1,1,0
google / organic,(organic),遠雄琢蘊線上接待中心問券大調查得獎公告 - 遠雄房地產,/activity-report/遠雄琢蘊線上接待中心問券大調查得獎公告/,1,1,1,1,20
(not set),20251209一輪播,遠雄琢蘊線上接待中心問券大調查得獎公告 - 遠雄房地產,/activity-report/遠雄琢蘊線上接待中心問券大調查得獎公告/,1,1,1,1,1
web-ettoday / bh2,20221202,遠雄純寓 水湳上城 瑞虎迎新 - 遠雄房地產,/activity-report/遠雄純寓-水湳上城-瑞虎迎新/,1,1,1,1,4
google / organic,(organic),遠雄青晉 福虎生風 來晉寶 - 遠雄房地產,/activity-report/遠雄青晉-福虎生風-來晉寶/,1,1,1,1,8
line / linebutton,(referral),活動報報：最新活動一覽與公告資訊 -遠雄房地產,/activity_report/,1,1,2,2,0
google_kw / 5vo1,202511,活動報報：最新活動一覽與公告資訊 -遠雄房地產,/activity_report/,1,1,1,1,0
fb / h713,96,活動報報：最新活動一覽與公告資訊 -遠雄房地產,/activity_report/,1,1,1,1,9
google / cpc,O1_品牌字_2025.0801,活動報報：最新活動一覽與公告資訊 -遠雄房地產,/activity_report/,1,1,1,1,6
fb / cqh1,fb-34,活動報報：最新活動一覽與公告資訊 -遠雄房地產,/activity_report/,1,1,1,1,0
googlemap / o1,googlemap,活動報報：最新活動一覽與公告資訊 -遠雄房地產,/activity_report/,1,1,1,1,4
ig / social,ig,活動報報：最新活動一覽與公告資訊 -遠雄房地產,/activity_report/,1,1,1,1,0
ig / social,ig,활동보보: 최신 활동 일람과 공고 정보 - 원웅 부동산,/activity_report/,1,1,0,0,4
(not set),(not set),活動一覽：建案活動與會員好禮 -遠雄房地產,/activity_report/activities_glance/,1,1,1,1,3
chatgpt.com / referral,(referral),活動一覽：建案活動與會員好禮 -遠雄房地產,/activity_report/activities_glance/,1,1,1,1,10
docs.google.com / referral,(referral),活動一覽：建案活動與會員好禮 -遠雄房地產,/activity_report/activities_glance/,1,1,1,1,0
line / linebutton,(referral),活動一覽：建案活動與會員好禮 -遠雄房地產,/activity_report/activities_glance/,1,1,1,1,5
fb / eh1,11-1,活動一覽：建案活動與會員好禮 -遠雄房地產,/activity_report/activities_glance/,1,1,1,1,3
fb / bh5,45,活動一覽：建案活動與會員好禮 -遠雄房地產,/activity_report/activities_glance/,1,1,1,1,0
google / cpc,Pmax,活動一覽：建案活動與會員好禮 -遠雄房地產,/activity_report/activities_glance/,1,1,1,1,11
fb / cqh1,fb-23,活動一覽：建案活動與會員好禮 -遠雄房地產,/activity_report/activities_glance/,1,1,1,1,0
fb / cqh1,fb-26,活動一覽：建案活動與會員好禮 -遠雄房地產,/activity_report/activities_glance/,1,1,2,2,44
webnews / eh2,linetoday_202512,活動一覽：建案活動與會員好禮 -遠雄房地產,/activity_report/activities_glance/,1,1,3,3,40
(not set),系統測試,活動一覽：建案活動與會員好禮 -遠雄房地產,/activity_report/activities_glance/,1,1,1,1,2
docs.google.com / referral,(referral),公告資訊 - 遠雄房地產,/activity_report/announcement_information/,1,1,1,1,3
line / linebutton,(referral),公告資訊 - 遠雄房地產,/activity_report/announcement_information/,1,1,2,2,4
fb / h713,108,公告資訊 - 遠雄房地產,/activity_report/announcement_information/,1,1,1,1,5
google / cpc,202511,公告資訊 - 遠雄房地產,/activity_report/announcement_information/,1,1,1,1,5
fb / dh2,fb-9,公告資訊 - 遠雄房地產,/activity_report/announcement_information/,1,1,1,1,0
google / organic,(organic),"外觀介紹,遠雄夏沐-線上接待中心",/aesthetics/concept,1,1,1,1,41
(direct) / (none),(direct),"外觀介紹,遠雄琢蘊-線上接待中心",/aesthetics/concept,1,1,1,1,2
google / organic,(organic),"大師團隊,遠雄夏沐-線上接待中心",/aesthetics/master,1,1,1,1,9
(direct) / (none),(direct),"大師團隊,遠雄琢蘊-線上接待中心",/aesthetics/master,1,1,1,1,4
(direct) / (none),(direct),"公設藝境,遠雄琢蘊-線上接待中心",/aesthetics/public-facility,1,1,1,1,2
(direct) / (none),(direct),遠雄泱玥 | 水岸正首席．北士科首獻｜57-75坪-趙偉傑-遠雄房地產 Farglory-Realty,/ah2/g0106,1,1,1,1,28
google / organic,(organic),遠雄泱玥 | 水岸正首席．北士科首獻｜57-75坪,/ah2/main,1,1,1,1,4
google / organic,(organic),2025三月主題報 - 遠雄房地產,/ap2r2025/,1,1,2,2,4
google / organic,(organic),2025四月主題報 - 遠雄房地產,/apr2025/,1,1,2,2,5
docs.google.com / referral,(referral),四月主題報 - 遠雄房地產,/april/,1,1,1,1,38
(not set),20251209一輪播,四月主題報 - 遠雄房地產,/april/,1,1,1,1,55
google / organic,(organic),好友主題報-2024年8月 - 遠雄房地產,/aug2024/,1,1,2,2,5
google / organic,(organic),2025八月主題報 - 遠雄房地產,/aug2025/,1,1,2,2,4
google / organic,(organic),八月主題報 - 遠雄房地產,/august/,1,1,2,2,3
(not set),20251107一輪播,楊庭蓁 ， 作者 遠雄房地產,/author/gcreate/,1,1,1,1,1
(direct) / (none),(direct),遠雄敦富-周卉雯-遠雄房地產 Farglory-Realty,/bh10/B3081,1,1,2,2,38
google / organic,(organic),遠雄敦富-魏子鈞-遠雄房地產 Farglory-Realty,/bh10/b5338,1,1,2,2,22
l.facebook.com / referral,(referral),遠雄敦富-魏子鈞-遠雄房地產 Farglory-Realty,/bh10/b5338,1,1,1,1,7
(direct) / (none),(direct),找不到頁面 - 遠雄房地產,/build,1,1,1,1,6
news / news,news,找不到頁面 - 遠雄房地產,/build/detail/104,1,1,1,1,0
google / organic,(organic),找不到頁面 - 遠雄房地產,/build/detail/H138,1,1,1,1,27
news / h153,news,找不到頁面 - 遠雄房地產,/build/detail/h153,1,1,1,1,0
(direct) / (none),(direct),找不到頁面 - 遠雄房地產,/build/detail/h602,1,1,1,1,0
google / organic,(organic),找不到頁面 - 遠雄房地產,/build/detail/h602,1,1,1,1,0
m.facebook.com / referral,(referral),找不到頁面 - 遠雄房地產,/build/detail/h608,1,1,1,1,0
google / cpc,Brand_0804,找不到頁面 - 遠雄房地產,/build/detail/h79,1,1,1,1,0
google / cpc,O1_地區字_2025.0801,"Farglory Real Estate's Selected Existing Homes (Taipei, New Taipei, Taichung, Taoyuan, Tainan, Kaohsiung) - Farglory Real Estate",/building-category-tag/featured_existing_house/,1,1,0,0,14
googlemap / o1,googlemap,"Yuanxiong Real Estate Selected Houses (Taipei, New Taipei, Taichung, Taoyuan, Tainan, Kaohsiung) - Yuanxiong Real Estate",/building-category-tag/featured_existing_house/,1,1,0,0,6
(data not available),(cross-network),遠雄房地產精選成屋(台北、新北、台中、桃園、台南、高雄) - 遠雄房地產,/building-category-tag/featured_existing_house/,1,1,1,1,2
fb / o1,20250422_20-1,遠雄房地產精選成屋(台北、新北、台中、桃園、台南、高雄) - 遠雄房地產,/building-category-tag/featured_existing_house/,1,1,1,1,6
fb / bh11,fanpagebutton,遠雄房地產精選成屋(台北、新北、台中、桃園、台南、高雄) - 遠雄房地產,/building-category-tag/featured_existing_house/,1,1,1,1,21
googlemap / o1,googlemap,遠雄房地產精選成屋(台北、新北、台中、桃園、台南、高雄) - 遠雄房地產,/building-category-tag/featured_existing_house/,1,1,1,1,0
bing / organic,(organic),精選廠辦 相關預售屋/新成屋/新建案資料|遠雄房地產,/building-category-tag/featured_factory_office/,1,1,1,1,8
tw.search.yahoo.com / referral,(referral),精選廠辦 相關預售屋/新成屋/新建案資料|遠雄房地產,/building-category-tag/featured_factory_office/,1,1,1,1,24
yahoo_native / 5vo1,202510_2,精選廠辦 相關預售屋/新成屋/新建案資料|遠雄房地產,/building-category-tag/featured_factory_office/,1,1,1,1,4
yahoo_native / 5vo1,202510_4,精選廠辦 相關預售屋/新成屋/新建案資料|遠雄房地產,/building-category-tag/featured_factory_office/,1,1,1,1,12
google_kw / 5vo1,202511,精選廠辦 相關預售屋/新成屋/新建案資料|遠雄房地產,/building-category-tag/featured_factory_office/,1,1,2,2,1
fb / hm2,20251103TA,精選廠辦 相關預售屋/新成屋/新建案資料|遠雄房地產,/building-category-tag/featured_factory_office/,1,1,1,1,28
fb / hm2,20251104,精選廠辦 相關預售屋/新成屋/新建案資料|遠雄房地產,/building-category-tag/featured_factory_office/,1,1,1,1,4
webnews / 5vo1,20251120,精選廠辦 相關預售屋/新成屋/新建案資料|遠雄房地產,/building-category-tag/featured_factory_office/,1,1,1,1,32
yahoo_native / 5vo1,20251124_1101,精選廠辦 相關預售屋/新成屋/新建案資料|遠雄房地產,/building-category-tag/featured_factory_office/,1,1,1,1,7
google_gdn / 5vo1,20251124_1103,精選廠辦 相關預售屋/新成屋/新建案資料|遠雄房地產,/building-category-tag/featured_factory_office/,1,1,1,1,0
google_gdn / 5vo1,20251201,精選廠辦 相關預售屋/新成屋/新建案資料|遠雄房地產,/building-category-tag/featured_factory_office/,1,1,1,1,3
lbs-sms / fm3,20251229,精選廠辦 相關預售屋/新成屋/新建案資料|遠雄房地產,/building-category-tag/featured_factory_office/,1,1,1,1,27
taboola / fm3,ConA02,精選廠辦 相關預售屋/新成屋/新建案資料|遠雄房地產,/building-category-tag/featured_factory_office/,1,1,1,1,20
google / cpc,Shilin,精選廠辦 相關預售屋/新成屋/新建案資料|遠雄房地產,/building-category-tag/featured_factory_office/,1,1,1,1,1
google / cpc,brand,精選廠辦 相關預售屋/新成屋/新建案資料|遠雄房地產,/building-category-tag/featured_factory_office/,1,1,2,2,9
google / cpc,extensions,精選廠辦 相關預售屋/新成屋/新建案資料|遠雄房地產,/building-category-tag/featured_factory_office/,1,1,1,1,24
fb / dgm1,fb5-7,精選廠辦 相關預售屋/新成屋/新建案資料|遠雄房地產,/building-category-tag/featured_factory_office/,1,1,2,2,10
google / cpc,gdn11-2,精選廠辦 相關預售屋/新成屋/新建案資料|遠雄房地產,/building-category-tag/featured_factory_office/,1,1,3,3,9
avivid / bh11,20251212,(1) 封未讀訊息 | 遠雄房地產精選預售屋(台北、新北、台中、桃園、台南、高雄) - 遠雄房地產,/building-category-tag/featured_pre_sale/,1,1,0,0,0
(direct) / (none),(direct),"Yuanxiong Real Estate Selected Pre-sale Houses (Taipei, New Taipei, Taichung, Taoyuan, Tainan, Kaohsiung) - Yuanxiong Real Estate",/building-category-tag/featured_pre_sale/,1,1,0,0,30
fb / fbpage,(not set),遠雄房地產精選預售屋(台北、新北、台中、桃園、台南、高雄) - 遠雄房地產,/building-category-tag/featured_pre_sale/,1,1,1,1,26
google / cpc,(not set),遠雄房地產精選預售屋(台北、新北、台中、桃園、台南、高雄) - 遠雄房地產,/building-category-tag/featured_pre_sale/,1,1,1,1,23
line / bh5,(not set),遠雄房地產精選預售屋(台北、新北、台中、桃園、台南、高雄) - 遠雄房地產,/building-category-tag/featured_pre_sale/,1,1,3,3,1
dogreat.com.tw / referral,(referral),遠雄房地產精選預售屋(台北、新北、台中、桃園、台南、高雄) - 遠雄房地產,/building-category-tag/featured_pre_sale/,1,1,1,1,2
line / linebutton,(referral),遠雄房地產精選預售屋(台北、新北、台中、桃園、台南、高雄) - 遠雄房地產,/building-category-tag/featured_pre_sale/,1,1,1,1,33
m.facebook.com / referral,(referral),遠雄房地產精選預售屋(台北、新北、台中、桃園、台南、高雄) - 遠雄房地產,/building-category-tag/featured_pre_sale/,1,1,1,1,6
mkto-sn070013.com / referral,(referral),遠雄房地產精選預售屋(台北、新北、台中、桃園、台南、高雄) - 遠雄房地產,/building-category-tag/featured_pre_sale/,1,1,1,1,8
tw.search.yahoo.com / referral,(referral),遠雄房地產精選預售屋(台北、新北、台中、桃園、台南、高雄) - 遠雄房地產,/building-category-tag/featured_pre_sale/,1,1,1,1,3
fb / bh9,1,遠雄房地產精選預售屋(台北、新北、台中、桃園、台南、高雄) - 遠雄房地產,/building-category-tag/featured_pre_sale/,1,1,1,1,160
fb / h707,1,遠雄房地產精選預售屋(台北、新北、台中、桃園、台南、高雄) - 遠雄房地產,/building-category-tag/featured_pre_sale/,1,1,1,1,27
fb / bh11,10-1,遠雄房地產精選預售屋(台北、新北、台中、桃園、台南、高雄) - 遠雄房地產,/building-category-tag/featured_pre_sale/,1,1,2,2,2
fb / eh2,10-1,遠雄房地產精選預售屋(台北、新北、台中、桃園、台南、高雄) - 遠雄房地產,/building-category-tag/featured_pre_sale/,1,1,2,2,24
fb / bh11,11-1,遠雄房地產精選預售屋(台北、新北、台中、桃園、台南、高雄) - 遠雄房地產,/building-category-tag/featured_pre_sale/,1,1,1,1,4
fb / bh11,11-2,遠雄房地產精選預售屋(台北、新北、台中、桃園、台南、高雄) - 遠雄房地產,/building-category-tag/featured_pre_sale/,1,1,1,1,0
fb / eh2,11-3,遠雄房地產精選預售屋(台北、新北、台中、桃園、台南、高雄) - 遠雄房地產,/building-category-tag/featured_pre_sale/,1,1,1,1,4
fb / bh11,12-1,遠雄房地產精選預售屋(台北、新北、台中、桃園、台南、高雄) - 遠雄房地產,/building-category-tag/featured_pre_sale/,1,1,1,1,6
fb / paid,120210744263750402,遠雄房地產精選預售屋(台北、新北、台中、桃園、台南、高雄) - 遠雄房地產,/building-category-tag/featured_pre_sale/,1,1,3,3,151
ig / paid,120210867110050402,遠雄房地產精選預售屋(台北、新北、台中、桃園、台南、高雄) - 遠雄房地產,/building-category-tag/featured_pre_sale/,1,1,1,1,11
ig / paid,120222246228310066,遠雄房地產精選預售屋(台北、新北、台中、桃園、台南、高雄) - 遠雄房地產,/building-category-tag/featured_pre_sale/,1,1,1,1,3
ig / paid,120222247205050066,遠雄房地產精選預售屋(台北、新北、台中、桃園、台南、高雄) - 遠雄房地產,/building-category-tag/featured_pre_sale/,1,1,1,1,10
ig / paid,120229456515280138,遠雄房地產精選預售屋(台北、新北、台中、桃園、台南、高雄) - 遠雄房地產,/building-category-tag/featured_pre_sale/,1,1,2,2,14
fb / paid,120235362256540316,遠雄房地產精選預售屋(台北、新北、台中、桃園、台南、高雄) - 遠雄房地產,/building-category-tag/featured_pre_sale/,1,1,2,2,25
fb / paid,120238552444900537,遠雄房地產精選預售屋(台北、新北、台中、桃園、台南、高雄) - 遠雄房地產,/building-category-tag/featured_pre_sale/,1,1,1,1,49
fb / bh5,2,遠雄房地產精選預售屋(台北、新北、台中、桃園、台南、高雄) - 遠雄房地產,/building-category-tag/featured_pre_sale/,1,1,1,1,23
fb / bh7,2,遠雄房地產精選預售屋(台北、新北、台中、桃園、台南、高雄) - 遠雄房地產,/building-category-tag/featured_pre_sale/,1,1,1,1,5
fgr-line / H707,20221519,遠雄房地產精選預售屋(台北、新北、台中、桃園、台南、高雄) - 遠雄房地產,/building-category-tag/featured_pre_sale/,1,1,1,1,12
fgr-line / eh2,20221519,遠雄房地產精選預售屋(台北、新北、台中、桃園、台南、高雄) - 遠雄房地產,/building-category-tag/featured_pre_sale/,1,1,1,1,16
google_kw / BH8,20240816_透天/豪宅/別墅,遠雄房地產精選預售屋(台北、新北、台中、桃園、台南、高雄) - 遠雄房地產,/building-category-tag/featured_pre_sale/,1,1,1,1,2
web-udn / bh8,20241021,遠雄房地產精選預售屋(台北、新北、台中、桃園、台南、高雄) - 遠雄房地產,/building-category-tag/featured_pre_sale/,1,1,1,1,14
(not set),202501003二輪播,遠雄房地產精選預售屋(台北、新北、台中、桃園、台南、高雄) - 遠雄房地產,/building-category-tag/featured_pre_sale/,1,1,1,1,41
yahoo_native / 5vo1,202510_4,遠雄房地產精選預售屋(台北、新北、台中、桃園、台南、高雄) - 遠雄房地產,/building-category-tag/featured_pre_sale/,1,1,2,2,27
yahoo_native / 5vo1,202510_7,遠雄房地產精選預售屋(台北、新北、台中、桃園、台南、高雄) - 遠雄房地產,/building-category-tag/featured_pre_sale/,1,1,1,1,2
google_kw / 5vo1,202511,遠雄房地產精選預售屋(台北、新北、台中、桃園、台南、高雄) - 遠雄房地產,/building-category-tag/featured_pre_sale/,1,1,1,1,16
fb / hm2,20251101TA,遠雄房地產精選預售屋(台北、新北、台中、桃園、台南、高雄) - 遠雄房地產,/building-category-tag/featured_pre_sale/,1,1,1,1,18
fb / hm2,20251104TA,遠雄房地產精選預售屋(台北、新北、台中、桃園、台南、高雄) - 遠雄房地產,/building-category-tag/featured_pre_sale/,1,1,1,1,19
webnews / 5vo1,20251120,遠雄房地產精選預售屋(台北、新北、台中、桃園、台南、高雄) - 遠雄房地產,/building-category-tag/featured_pre_sale/,1,1,1,1,17
google_gdn / 5vo1,20251124_1101,遠雄房地產精選預售屋(台北、新北、台中、桃園、台南、高雄) - 遠雄房地產,/building-category-tag/featured_pre_sale/,1,1,1,1,4
yahoo_native / 5vo1,20251124_1102,遠雄房地產精選預售屋(台北、新北、台中、桃園、台南、高雄) - 遠雄房地產,/building-category-tag/featured_pre_sale/,1,1,1,1,32
google_gdn / 5vo1,202511_1102b,遠雄房地產精選預售屋(台北、新北、台中、桃園、台南、高雄) - 遠雄房地產,/building-category-tag/featured_pre_sale/,1,1,1,1,21
webnew / h713,202512,遠雄房地產精選預售屋(台北、新北、台中、桃園、台南、高雄) - 遠雄房地產,/building-category-tag/featured_pre_sale/,1,1,1,1,1
fgr-line / eh5,20251205,遠雄房地產精選預售屋(台北、新北、台中、桃園、台南、高雄) - 遠雄房地產,/building-category-tag/featured_pre_sale/,1,1,1,1,0
fgr-line / cqh1,20251206,遠雄房地產精選預售屋(台北、新北、台中、桃園、台南、高雄) - 遠雄房地產,/building-category-tag/featured_pre_sale/,1,1,1,1,0
(not set),20251230一輪播,遠雄房地產精選預售屋(台北、新北、台中、桃園、台南、高雄) - 遠雄房地產,/building-category-tag/featured_pre_sale/,1,1,0,0,0
fb / bh5,40,遠雄房地產精選預售屋(台北、新北、台中、桃園、台南、高雄) - 遠雄房地產,/building-category-tag/featured_pre_sale/,1,1,1,1,24
fb / h707,40,遠雄房地產精選預售屋(台北、新北、台中、桃園、台南、高雄) - 遠雄房地產,/building-category-tag/featured_pre_sale/,1,1,1,1,1
fb / bh11,8-2,遠雄房地產精選預售屋(台北、新北、台中、桃園、台南、高雄) - 遠雄房地產,/building-category-tag/featured_pre_sale/,1,1,1,1,10
google / cpc,CQH1-買房字,遠雄房地產精選預售屋(台北、新北、台中、桃園、台南、高雄) - 遠雄房地產,/building-category-tag/featured_pre_sale/,1,1,1,1,5
sms / aep-cdp,CRM-001-D,遠雄房地產精選預售屋(台北、新北、台中、桃園、台南、高雄) - 遠雄房地產,/building-category-tag/featured_pre_sale/,1,1,1,1,15
google / cpc,area14,遠雄房地產精選預售屋(台北、新北、台中、桃園、台南、高雄) - 遠雄房地產,/building-category-tag/featured_pre_sale/,1,1,1,1,3
google / cpc,banqiao,遠雄房地產精選預售屋(台北、新北、台中、桃園、台南、高雄) - 遠雄房地產,/building-category-tag/featured_pre_sale/,1,1,1,1,15
google / cpc,competitor0829,遠雄房地產精選預售屋(台北、新北、台中、桃園、台南、高雄) - 遠雄房地產,/building-category-tag/featured_pre_sale/,1,1,1,1,10
google / cpc,core,遠雄房地產精選預售屋(台北、新北、台中、桃園、台南、高雄) - 遠雄房地產,/building-category-tag/featured_pre_sale/,1,1,4,4,55
dsp / cqh1,dsp-2,遠雄房地產精選預售屋(台北、新北、台中、桃園、台南、高雄) - 遠雄房地產,/building-category-tag/featured_pre_sale/,1,1,1,1,6
fb / eh1,eh1ig,遠雄房地產精選預售屋(台北、新北、台中、桃園、台南、高雄) - 遠雄房地產,/building-category-tag/featured_pre_sale/,1,1,1,1,15
google / cpc,extensions,遠雄房地產精選預售屋(台北、新北、台中、桃園、台南、高雄) - 遠雄房地產,/building-category-tag/featured_pre_sale/,1,1,1,1,28
fb / bh8,fanpage,遠雄房地產精選預售屋(台北、新北、台中、桃園、台南、高雄) - 遠雄房地產,/building-category-tag/featured_pre_sale/,1,1,1,1,30
fb / cqh1,fb-28-1,遠雄房地產精選預售屋(台北、新北、台中、桃園、台南、高雄) - 遠雄房地產,/building-category-tag/featured_pre_sale/,1,1,1,1,4
fb / dh2,fb-45,遠雄房地產精選預售屋(台北、新北、台中、桃園、台南、高雄) - 遠雄房地產,/building-category-tag/featured_pre_sale/,1,1,1,1,13
fb / ar1,fb1-2,遠雄房地產精選預售屋(台北、新北、台中、桃園、台南、高雄) - 遠雄房地產,/building-category-tag/featured_pre_sale/,1,1,1,1,12
fb / ar1,fb1-3,遠雄房地產精選預售屋(台北、新北、台中、桃園、台南、高雄) - 遠雄房地產,/building-category-tag/featured_pre_sale/,1,1,1,1,3
fb / fh2,fb12-3,遠雄房地產精選預售屋(台北、新北、台中、桃園、台南、高雄) - 遠雄房地產,/building-category-tag/featured_pre_sale/,1,1,1,1,29
fb / bh8,fb15-2,遠雄房地產精選預售屋(台北、新北、台中、桃園、台南、高雄) - 遠雄房地產,/building-category-tag/featured_pre_sale/,1,1,1,1,10
fb / bh8,fb22-2,遠雄房地產精選預售屋(台北、新北、台中、桃園、台南、高雄) - 遠雄房地產,/building-category-tag/featured_pre_sale/,1,1,1,1,37
fb / eh5,fb31-5,遠雄房地產精選預售屋(台北、新北、台中、桃園、台南、高雄) - 遠雄房地產,/building-category-tag/featured_pre_sale/,1,1,1,1,4
fb / bh8,fb9-2,遠雄房地產精選預售屋(台北、新北、台中、桃園、台南、高雄) - 遠雄房地產,/building-category-tag/featured_pre_sale/,1,1,1,1,3
leju / eh2,fbgroups,遠雄房地產精選預售屋(台北、新北、台中、桃園、台南、高雄) - 遠雄房地產,/building-category-tag/featured_pre_sale/,1,1,3,3,21
line-lap / bh7,lap-2,遠雄房地產精選預售屋(台北、新北、台中、桃園、台南、高雄) - 遠雄房地產,/building-category-tag/featured_pre_sale/,1,1,1,1,21
fb / ar1,leads,遠雄房地產精選預售屋(台北、新北、台中、桃園、台南、高雄) - 遠雄房地產,/building-category-tag/featured_pre_sale/,1,1,1,1,3
line / eh5,line_welcome,遠雄房地產精選預售屋(台北、新北、台中、桃園、台南、高雄) - 遠雄房地產,/building-category-tag/featured_pre_sale/,1,1,1,1,17
fgr-line / bh11,listbutton,遠雄房地產精選預售屋(台北、新北、台中、桃園、台南、高雄) - 遠雄房地產,/building-category-tag/featured_pre_sale/,1,1,1,1,86
fgr-line / eh2,listbutton,遠雄房地產精選預售屋(台北、新北、台中、桃園、台南、高雄) - 遠雄房地產,/building-category-tag/featured_pre_sale/,1,1,1,1,24
google / cpc,needs,遠雄房地產精選預售屋(台北、新北、台中、桃園、台南、高雄) - 遠雄房地產,/building-category-tag/featured_pre_sale/,1,1,2,2,25
google / cpc,newtaipei,遠雄房地產精選預售屋(台北、新北、台中、桃園、台南、高雄) - 遠雄房地產,/building-category-tag/featured_pre_sale/,1,1,1,1,12
fb / bh5,privacy,遠雄房地產精選預售屋(台北、新北、台中、桃園、台南、高雄) - 遠雄房地產,/building-category-tag/featured_pre_sale/,1,1,1,1,21
google / cpc,taichung,遠雄房地產精選預售屋(台北、新北、台中、桃園、台南、高雄) - 遠雄房地產,/building-category-tag/featured_pre_sale/,1,1,1,1,3
google_kw / cqh1,tamsui,遠雄房地產精選預售屋(台北、新北、台中、桃園、台南、高雄) - 遠雄房地產,/building-category-tag/featured_pre_sale/,1,1,1,1,26
webnews / eh2,yahoo_202512,遠雄房地產精選預售屋(台北、新北、台中、桃園、台南、高雄) - 遠雄房地產,/building-category-tag/featured_pre_sale/,1,1,1,1,3
leju / eh2,遠雄楠梓新案(藍田公園),遠雄房地產精選預售屋(台北、新北、台中、桃園、台南、高雄) - 遠雄房地產,/building-category-tag/featured_pre_sale/,1,1,1,1,16
line / bh5,(not set),遠雄房地產精選預售屋(台北、新北、台中、桃園、台南、高雄) - 遠雄房地產,/building-category-tag/featured_pre_sale/page/2/,1,1,1,1,0
fb / paid,120210744263750402,遠雄房地產精選預售屋(台北、新北、台中、桃園、台南、高雄) - 遠雄房地產,/building-category-tag/featured_pre_sale/page/2/,1,1,4,4,49
fgr-line / eh2,20221519,遠雄房地產精選預售屋(台北、新北、台中、桃園、台南、高雄) - 遠雄房地產,/building-category-tag/featured_pre_sale/page/2/,1,1,1,1,50
google_kw / BH8,20240816_台中高價建案,遠雄房地產精選預售屋(台北、新北、台中、桃園、台南、高雄) - 遠雄房地產,/building-category-tag/featured_pre_sale/page/2/,1,1,2,2,12
google_kw / 5vo1,202511,遠雄房地產精選預售屋(台北、新北、台中、桃園、台南、高雄) - 遠雄房地產,/building-category-tag/featured_pre_sale/page/2/,1,1,1,1,4
google / cpc,20251204,遠雄房地產精選預售屋(台北、新北、台中、桃園、台南、高雄) - 遠雄房地產,/building-category-tag/featured_pre_sale/page/2/,1,1,1,1,28
avivid / bh11,20251212,遠雄房地產精選預售屋(台北、新北、台中、桃園、台南、高雄) - 遠雄房地產,/building-category-tag/featured_pre_sale/page/2/,1,1,1,1,50
google / cpc,CQH1-競品字,遠雄房地產精選預售屋(台北、新北、台中、桃園、台南、高雄) - 遠雄房地產,/building-category-tag/featured_pre_sale/page/2/,1,1,1,1,22
fb / fh2,fb12-3,遠雄房地產精選預售屋(台北、新北、台中、桃園、台南、高雄) - 遠雄房地產,/building-category-tag/featured_pre_sale/page/2/,1,1,1,1,8
fb / bh8,fb22-2,遠雄房地產精選預售屋(台北、新北、台中、桃園、台南、高雄) - 遠雄房地產,/building-category-tag/featured_pre_sale/page/2/,1,1,1,1,15
fb / eh1,formbutton,遠雄房地產精選預售屋(台北、新北、台中、桃園、台南、高雄) - 遠雄房地產,/building-category-tag/featured_pre_sale/page/2/,1,1,1,1,14
line-lap / cqh1,lap-2,遠雄房地產精選預售屋(台北、新北、台中、桃園、台南、高雄) - 遠雄房地產,/building-category-tag/featured_pre_sale/page/2/,1,1,1,1,24
fb / bh8,leads,遠雄房地產精選預售屋(台北、新北、台中、桃園、台南、高雄) - 遠雄房地產,/building-category-tag/featured_pre_sale/page/2/,1,1,1,1,28
fb / eh2,leads,遠雄房地產精選預售屋(台北、新北、台中、桃園、台南、高雄) - 遠雄房地產,/building-category-tag/featured_pre_sale/page/2/,1,1,1,1,5
fb / eh5,park,遠雄房地產精選預售屋(台北、新北、台中、桃園、台南、高雄) - 遠雄房地產,/building-category-tag/featured_pre_sale/page/2/,1,1,1,1,20
google / cpc,type,遠雄房地產精選預售屋(台北、新北、台中、桃園、台南、高雄) - 遠雄房地產,/building-category-tag/featured_pre_sale/page/2/,1,1,3,3,13
(direct) / (none),(direct),別墅社區 相關預售屋/新成屋/新建案資料|遠雄房地產,/building-category-tag/別墅社區/,1,1,1,1,7
google / organic,(organic),精選商辦 相關預售屋/新成屋/新建案資料|遠雄房地產,/building-category-tag/精選商辦/,1,1,1,1,15
google / cpc,Com,精選商辦 相關預售屋/新成屋/新建案資料|遠雄房地產,/building-category-tag/精選商辦/,1,1,1,1,4
taboola / fm3,ConB02,精選商辦 相關預售屋/新成屋/新建案資料|遠雄房地產,/building-category-tag/精選商辦/,1,1,1,1,14
google / cpc,Pmax,精選商辦 相關預售屋/新成屋/新建案資料|遠雄房地產,/building-category-tag/精選商辦/,1,1,1,1,2
google / cpc,extensions,精選商辦 相關預售屋/新成屋/新建案資料|遠雄房地產,/building-category-tag/精選商辦/,1,1,1,1,63
fb / fm3,fb4-1,精選商辦 相關預售屋/新成屋/新建案資料|遠雄房地產,/building-category-tag/精選商辦/,1,1,2,2,4
socialmedia / fgr,metalink-ai-hub,精選商辦 相關預售屋/新成屋/新建案資料|遠雄房地產,/building-category-tag/精選商辦/,1,1,1,1,6
google / cpc,needs,精選商辦 相關預售屋/新成屋/新建案資料|遠雄房地產,/building-category-tag/精選商辦/,1,1,1,1,16
(direct) / (none),(direct),買賣、仲介、租賃 相關預售屋/新成屋/新建案資料|遠雄房地產,/building-category-tag/買賣、仲介、租賃/,1,1,1,1,1
bing / organic,(organic),廠辦 彙整 - 遠雄房地產,/building-category/factory-office/,1,1,1,1,7
tw.search.yahoo.com / referral,(referral),親子宅相關預售屋/新成屋/新建案資料|遠雄房地產,/building-tag/build-tag-child/,1,1,2,2,8
avivid / bh11,20251212,親子宅相關預售屋/新成屋/新建案資料|遠雄房地產,/building-tag/build-tag-child/,1,1,1,1,4
fb / h707,34,親子宅相關預售屋/新成屋/新建案資料|遠雄房地產,/building-tag/build-tag-child/,1,1,1,1,10
fb / h707,40,親子宅相關預售屋/新成屋/新建案資料|遠雄房地產,/building-tag/build-tag-child/,1,1,1,1,1
google / cpc,CQH1-品牌字,親子宅相關預售屋/新成屋/新建案資料|遠雄房地產,/building-tag/build-tag-child/,1,1,1,1,7
google / cpc,CQH1-買房字,親子宅相關預售屋/新成屋/新建案資料|遠雄房地產,/building-tag/build-tag-child/,1,1,2,2,155
google / cpc,banqiao,親子宅相關預售屋/新成屋/新建案資料|遠雄房地產,/building-tag/build-tag-child/,1,1,1,1,6
fb / dh2,fb-49,親子宅相關預售屋/新成屋/新建案資料|遠雄房地產,/building-tag/build-tag-child/,1,1,1,1,12
line-lap / cqh1,lap-2,親子宅相關預售屋/新成屋/新建案資料|遠雄房地產,/building-tag/build-tag-child/,1,1,1,1,5
line-lap / cqh1,lap-3,親子宅相關預售屋/新成屋/新建案資料|遠雄房地產,/building-tag/build-tag-child/,1,1,1,1,8
fb / eh2,12-1,都會區相關預售屋/新成屋/新建案資料|遠雄房地產,/building-tag/build-tag-city/,1,1,1,1,10
fb / paid,120210744263750402,都會區相關預售屋/新成屋/新建案資料|遠雄房地產,/building-tag/build-tag-city/,1,1,2,2,3
ig / paid,120238552444900537,都會區相關預售屋/新成屋/新建案資料|遠雄房地產,/building-tag/build-tag-city/,1,1,1,1,0
google_kw / BH8,20240816_台中中科,都會區相關預售屋/新成屋/新建案資料|遠雄房地產,/building-tag/build-tag-city/,1,1,1,1,47
google_kw / BH8,20240816_透天/豪宅/別墅,都會區相關預售屋/新成屋/新建案資料|遠雄房地產,/building-tag/build-tag-city/,1,1,1,1,5
google / cpc,202511,都會區相關預售屋/新成屋/新建案資料|遠雄房地產,/building-tag/build-tag-city/,1,1,1,1,0
line-lap / eh2,20251208,都會區相關預售屋/新成屋/新建案資料|遠雄房地產,/building-tag/build-tag-city/,1,1,1,1,24
fb / h707,34,都會區相關預售屋/新成屋/新建案資料|遠雄房地產,/building-tag/build-tag-city/,1,1,2,2,0
google / cpc,CQH1-品牌字,都會區相關預售屋/新成屋/新建案資料|遠雄房地產,/building-tag/build-tag-city/,1,1,1,1,5
taboola / fm3,ConA,都會區相關預售屋/新成屋/新建案資料|遠雄房地產,/building-tag/build-tag-city/,1,1,1,1,0
google / cpc,area,都會區相關預售屋/新成屋/新建案資料|遠雄房地產,/building-tag/build-tag-city/,1,1,1,1,2
fb / eh5,fb31-1,都會區相關預售屋/新成屋/新建案資料|遠雄房地產,/building-tag/build-tag-city/,1,1,1,1,2
(direct) / (none),(direct),通用宅相關預售屋/新成屋/新建案資料|遠雄房地產,/building-tag/build-tag-current/,1,1,1,1,4
fb / eh2,12-1,綠建築相關預售屋/新成屋/新建案資料|遠雄房地產,/building-tag/build-tag-green/,1,1,1,1,0
fb / paid,120238384775810537,綠建築相關預售屋/新成屋/新建案資料|遠雄房地產,/building-tag/build-tag-green/,1,1,1,1,22
google / cpc,20250616_品牌字,綠建築相關預售屋/新成屋/新建案資料|遠雄房地產,/building-tag/build-tag-green/,1,1,2,2,9
google / cpc,202511,綠建築相關預售屋/新成屋/新建案資料|遠雄房地產,/building-tag/build-tag-green/,1,1,1,1,48
google_kw / 5vo1,202511,綠建築相關預售屋/新成屋/新建案資料|遠雄房地產,/building-tag/build-tag-green/,1,1,1,1,7
google / cpc,20251204,綠建築相關預售屋/新成屋/新建案資料|遠雄房地產,/building-tag/build-tag-green/,1,1,1,1,48
fgr-line / eh5,20251205,綠建築相關預售屋/新成屋/新建案資料|遠雄房地產,/building-tag/build-tag-green/,1,1,1,1,21
line-lap / eh2,20251208,綠建築相關預售屋/新成屋/新建案資料|遠雄房地產,/building-tag/build-tag-green/,1,1,1,1,21
avivid / bh11,20251212,綠建築相關預售屋/新成屋/新建案資料|遠雄房地產,/building-tag/build-tag-green/,1,1,1,1,12
google / cpc,brand,綠建築相關預售屋/新成屋/新建案資料|遠雄房地產,/building-tag/build-tag-green/,1,1,1,1,17
google / cpc,brand0829,綠建築相關預售屋/新成屋/新建案資料|遠雄房地產,/building-tag/build-tag-green/,1,1,1,1,2
fb / fh2,fb12-1,綠建築相關預售屋/新成屋/新建案資料|遠雄房地產,/building-tag/build-tag-green/,1,1,1,1,54
google / cpc,information4,綠建築相關預售屋/新成屋/新建案資料|遠雄房地產,/building-tag/build-tag-green/,1,1,2,2,9
google / cpc,遠雄幸福成_H713_關鍵字_0516_中彰,綠建築相關預售屋/新成屋/新建案資料|遠雄房地產,/building-tag/build-tag-green/,1,1,2,2,2
google / cpc,(organic),"Information on pre-sale, newly built, and newly constructed properties near MRT stations | Farglory Realty",/building-tag/build-tag-mrt/,1,1,2,2,26
google / cpc,(organic),捷運宅相關預售屋/新成屋/新建案資料|遠雄房地產,/building-tag/build-tag-mrt/,1,1,1,1,0
console-v2.omnichat.ai / referral,(referral),捷運宅相關預售屋/新成屋/新建案資料|遠雄房地產,/building-tag/build-tag-mrt/,1,1,3,3,0
web-ettoday / bh8,20241119,捷運宅相關預售屋/新成屋/新建案資料|遠雄房地產,/building-tag/build-tag-mrt/,1,1,1,1,45
google / cpc,banqiao,捷運宅相關預售屋/新成屋/新建案資料|遠雄房地產,/building-tag/build-tag-mrt/,1,1,1,1,10
google / cpc,brand,捷運宅相關預售屋/新成屋/新建案資料|遠雄房地產,/building-tag/build-tag-mrt/,1,1,2,2,6
fb / fh2,fb12-1,捷運宅相關預售屋/新成屋/新建案資料|遠雄房地產,/building-tag/build-tag-mrt/,1,1,1,1,3
fb / bh8,fb16-2,捷運宅相關預售屋/新成屋/新建案資料|遠雄房地產,/building-tag/build-tag-mrt/,1,1,1,1,7
fb / eh5,fb31-1,捷運宅相關預售屋/新成屋/新建案資料|遠雄房地產,/building-tag/build-tag-mrt/,1,1,1,1,19
fb / bh8,leads,捷運宅相關預售屋/新成屋/新建案資料|遠雄房地產,/building-tag/build-tag-mrt/,1,1,1,1,9
google / cpc,type,捷運宅相關預售屋/新成屋/新建案資料|遠雄房地產,/building-tag/build-tag-mrt/,1,1,1,1,3
EDM / referral,滿意度問券,捷運宅相關預售屋/新成屋/新建案資料|遠雄房地產,/building-tag/build-tag-mrt/,1,1,1,1,21
fb / bh5,leads,(1) 封未讀訊息 | 公園宅相關預售屋/新成屋/新建案資料|遠雄房地產,/building-tag/build-tag-park/,1,1,0,0,2
google / cpc,遠雄幸福成_H713_關鍵字_0516_中彰,Park House Related Pre-sale House/New House/New Construction Case Information | Yuanxiong Real Estate,/building-tag/build-tag-park/,1,1,0,0,11
tw.search.yahoo.com / referral,(referral),公園宅相關預售屋/新成屋/新建案資料|遠雄房地產,/building-tag/build-tag-park/,1,1,1,1,56
fb / h713,108,公園宅相關預售屋/新成屋/新建案資料|遠雄房地產,/building-tag/build-tag-park/,1,1,1,1,0
google / cpc,20251204,公園宅相關預售屋/新成屋/新建案資料|遠雄房地產,/building-tag/build-tag-park/,1,1,1,1,0
(not set),20251209一輪播,公園宅相關預售屋/新成屋/新建案資料|遠雄房地產,/building-tag/build-tag-park/,1,1,1,1,0
(not set),20251230一輪播,公園宅相關預售屋/新成屋/新建案資料|遠雄房地產,/building-tag/build-tag-park/,1,1,0,0,0
fb / h707,23,公園宅相關預售屋/新成屋/新建案資料|遠雄房地產,/building-tag/build-tag-park/,1,1,1,1,0
google / cpc,competitor,公園宅相關預售屋/新成屋/新建案資料|遠雄房地產,/building-tag/build-tag-park/,1,1,1,1,3
fb / fh2,fb12-1,公園宅相關預售屋/新成屋/新建案資料|遠雄房地產,/building-tag/build-tag-park/,1,1,1,1,18
fb / eh5,fb31-2,公園宅相關預售屋/新成屋/新建案資料|遠雄房地產,/building-tag/build-tag-park/,1,1,1,1,0
fb / bh5,leads,公園宅相關預售屋/新成屋/新建案資料|遠雄房地產,/building-tag/build-tag-park/,1,1,1,1,5
fb / bh8,leads,公園宅相關預售屋/新成屋/新建案資料|遠雄房地產,/building-tag/build-tag-park/,1,1,1,1,7
google / cpc,遠雄幸福成_H713_關鍵字_0516_中彰,公園宅相關預售屋/新成屋/新建案資料|遠雄房地產,/building-tag/build-tag-park/,1,1,1,1,0
google / organic,(organic),公園宅相關預售屋/新成屋/新建案資料|遠雄房地產,/building-tag/build-tag-park/page/2/,1,1,2,2,14
google / cpc,(organic),Information on pre-sale/newly built/newly constructed properties in rezoning areas | Farglory Realty,/building-tag/build-tag-plan/,1,1,0,0,23
tw.search.yahoo.com / referral,(referral),重劃區相關預售屋/新成屋/新建案資料|遠雄房地產,/building-tag/build-tag-plan/,1,1,1,1,8
fb / bh11,11-3,重劃區相關預售屋/新成屋/新建案資料|遠雄房地產,/building-tag/build-tag-plan/,1,1,9,9,138
google / cpc,202511,重劃區相關預售屋/新成屋/新建案資料|遠雄房地產,/building-tag/build-tag-plan/,1,1,2,2,12
sms / aep-cdp,CRM-001-D,重劃區相關預售屋/新成屋/新建案資料|遠雄房地產,/building-tag/build-tag-plan/,1,1,1,1,38
google / cpc,brand,重劃區相關預售屋/新成屋/新建案資料|遠雄房地產,/building-tag/build-tag-plan/,1,1,1,1,2
fb / bh11,fanpagebutton,重劃區相關預售屋/新成屋/新建案資料|遠雄房地產,/building-tag/build-tag-plan/,1,1,1,1,5
fb / fh2,fb12-1,重劃區相關預售屋/新成屋/新建案資料|遠雄房地產,/building-tag/build-tag-plan/,1,1,1,1,18
fb / fh2,fb12-3,重劃區相關預售屋/新成屋/新建案資料|遠雄房地產,/building-tag/build-tag-plan/,1,1,2,2,38
line-lap / bh7,lap-3,重劃區相關預售屋/新成屋/新建案資料|遠雄房地產,/building-tag/build-tag-plan/,1,1,1,1,119
fb / bh8,leads,重劃區相關預售屋/新成屋/新建案資料|遠雄房地產,/building-tag/build-tag-plan/,1,1,1,1,75
fb / dh2,leads,重劃區相關預售屋/新成屋/新建案資料|遠雄房地產,/building-tag/build-tag-plan/,1,1,1,1,42
line-lap / bh10,line-lap202511-3,重劃區相關預售屋/新成屋/新建案資料|遠雄房地產,/building-tag/build-tag-plan/,1,1,1,1,0
line-fgr / bh7,linefgrbh7,重劃區相關預售屋/新成屋/新建案資料|遠雄房地產,/building-tag/build-tag-plan/,1,1,1,1,12
fgr-line / bh11,listbutton,重劃區相關預售屋/新成屋/新建案資料|遠雄房地產,/building-tag/build-tag-plan/,1,1,1,1,7
fb / bh11,11-3,重劃區相關預售屋/新成屋/新建案資料|遠雄房地產,/building-tag/build-tag-plan/page/2/,1,1,2,2,29
fb / bh8,leads,重劃區相關預售屋/新成屋/新建案資料|遠雄房地產,/building-tag/build-tag-plan/page/2/,1,1,1,1,39
(direct) / (none),(direct),制震宅相關預售屋/新成屋/新建案資料|遠雄房地產,/building-tag/build-tag-quake/,1,1,1,1,25
google / cpc,com,制震宅相關預售屋/新成屋/新建案資料|遠雄房地產,/building-tag/build-tag-quake/,1,1,1,1,6
(not set),(not set),耐震標章 彙整 - 遠雄房地產,/building-tag/build-tag-quake/耐震標章/,1,1,0,0,11
fgr-line / 5vo1,20251205,耐震標章 彙整 - 遠雄房地產,/building-tag/build-tag-quake/耐震標章/,1,1,1,1,0
fb / eh5,fb12-3,耐震標章 彙整 - 遠雄房地產,/building-tag/build-tag-quake/耐震標章/,1,1,1,1,2
(data not available),(cross-network),學區宅相關預售屋/新成屋/新建案資料|遠雄房地產,/building-tag/build-tag-school/,1,1,1,1,2
google / organic,(organic),學區宅相關預售屋/新成屋/新建案資料|遠雄房地產,/building-tag/build-tag-school/,1,1,1,1,1
google_kw / dh2,(organic),學區宅相關預售屋/新成屋/新建案資料|遠雄房地產,/building-tag/build-tag-school/,1,1,1,1,4
google_kw / BH8,20240816_品牌字,學區宅相關預售屋/新成屋/新建案資料|遠雄房地產,/building-tag/build-tag-school/,1,1,1,1,13
google / cpc,20250616_台北豪宅/別墅,學區宅相關預售屋/新成屋/新建案資料|遠雄房地產,/building-tag/build-tag-school/,1,1,1,1,14
fb / 5vo1,2025090501,學區宅相關預售屋/新成屋/新建案資料|遠雄房地產,/building-tag/build-tag-school/,1,1,1,1,2
fb / hm2,20251102,學區宅相關預售屋/新成屋/新建案資料|遠雄房地產,/building-tag/build-tag-school/,1,1,1,1,10
line-lap / 5vo1,20251123_1102,學區宅相關預售屋/新成屋/新建案資料|遠雄房地產,/building-tag/build-tag-school/,1,1,2,2,0
lbs-sms / fm3,20251229,學區宅相關預售屋/新成屋/新建案資料|遠雄房地產,/building-tag/build-tag-school/,1,1,1,1,7
google / cpc,brand,學區宅相關預售屋/新成屋/新建案資料|遠雄房地產,/building-tag/build-tag-school/,1,1,1,1,8
google_kw / BH8,extension,學區宅相關預售屋/新成屋/新建案資料|遠雄房地產,/building-tag/build-tag-school/,1,1,2,2,8
fb / dh2,fb-49,學區宅相關預售屋/新成屋/新建案資料|遠雄房地產,/building-tag/build-tag-school/,1,1,1,1,0
fb / bh8,fb23-1,學區宅相關預售屋/新成屋/新建案資料|遠雄房地產,/building-tag/build-tag-school/,1,1,1,1,3
ig / social,ig,學區宅相關預售屋/新成屋/新建案資料|遠雄房地產,/building-tag/build-tag-school/,1,1,3,3,20
google / cpc,information2,學區宅相關預售屋/新成屋/新建案資料|遠雄房地產,/building-tag/build-tag-school/,1,1,1,1,4
google / organic,(organic),防疫宅相關預售屋/新成屋/新建案資料|遠雄房地產,/building-tag/build-tag-virus/,1,1,1,1,1
m.facebook.com / referral,(referral),防疫宅相關預售屋/新成屋/新建案資料|遠雄房地產,/building-tag/build-tag-virus/,1,1,1,1,0
fb / h713,100,防疫宅相關預售屋/新成屋/新建案資料|遠雄房地產,/building-tag/build-tag-virus/,1,1,1,1,6
google / cpc,遠雄幸福成_H713_關鍵字_0516_外縣市,防疫宅相關預售屋/新成屋/新建案資料|遠雄房地產,/building-tag/build-tag-virus/,1,1,1,1,15
(direct) / (none),(direct),商廠辦 彙整 - 遠雄房地產,/building-tag/商廠辦/,1,1,1,1,0
google_kw / 5vo1,202511,商廠辦 彙整 - 遠雄房地產,/building-tag/商廠辦/,1,1,1,1,3
google_gdn / 5vo1,20251201,商廠辦 彙整 - 遠雄房地產,/building-tag/商廠辦/,1,1,1,1,3
google / cpc,core,商廠辦 彙整 - 遠雄房地產,/building-tag/商廠辦/,1,1,2,2,25
(not set),20251209一輪播,商用不動產 彙整 - 遠雄房地產,/building-tag/商用不動產/,1,1,1,1,4
(direct) / (none),(direct),商辦 彙整 - 遠雄房地產,/building-tag/商辦/,1,1,1,1,0
google / organic,(organic),商辦 彙整 - 遠雄房地產,/building-tag/商辦/,1,1,2,2,3
google / cpc,20251204,地標宅 彙整 - 遠雄房地產,/building-tag/地標宅/,1,1,1,1,0
google / cpc,Otherarea0829,地標宅 彙整 - 遠雄房地產,/building-tag/地標宅/,1,1,1,1,3
(direct) / (none),(direct),招待會所 彙整 - 遠雄房地產,/building-tag/招待會所/,1,1,1,1,0
google / cpc,(organic),招待會所 彙整 - 遠雄房地產,/building-tag/招待會所/,1,1,1,1,1
google / organic,(organic),招待會所 彙整 - 遠雄房地產,/building-tag/招待會所/,1,1,1,1,38
google / cpc,(organic),景觀宅 彙整 - 遠雄房地產,/building-tag/景觀宅/,1,1,1,1,12
fb / paid,120233718740630316,景觀宅 彙整 - 遠雄房地產,/building-tag/景觀宅/,1,1,1,1,74
fb / paid,120238384775810537,景觀宅 彙整 - 遠雄房地產,/building-tag/景觀宅/,1,1,1,1,3
ig / paid,120238384775810537,景觀宅 彙整 - 遠雄房地產,/building-tag/景觀宅/,1,1,1,1,8
google / cpc,20250616_台北豪宅/別墅,景觀宅 彙整 - 遠雄房地產,/building-tag/景觀宅/,1,1,1,1,5
google / cpc,20251204,景觀宅 彙整 - 遠雄房地產,/building-tag/景觀宅/,1,1,1,1,11
fb / h707,34,景觀宅 彙整 - 遠雄房地產,/building-tag/景觀宅/,1,1,1,1,27
google / cpc,CQH1-品牌字,景觀宅 彙整 - 遠雄房地產,/building-tag/景觀宅/,1,1,1,1,10
google / cpc,CQH1-地區字,景觀宅 彙整 - 遠雄房地產,/building-tag/景觀宅/,1,1,1,1,2
google / cpc,O1_特色字_2025.0801,景觀宅 彙整 - 遠雄房地產,/building-tag/景觀宅/,1,1,1,1,3
google / cpc,Otherarea0829,景觀宅 彙整 - 遠雄房地產,/building-tag/景觀宅/,1,1,1,1,2
google / cpc,brand0829,景觀宅 彙整 - 遠雄房地產,/building-tag/景觀宅/,1,1,3,3,45
fb / bh11,fanpagebutton,景觀宅 彙整 - 遠雄房地產,/building-tag/景觀宅/,1,1,1,1,7
fb / cqh1,fb-29,景觀宅 彙整 - 遠雄房地產,/building-tag/景觀宅/,1,1,1,1,0
fb / bh10,fb10-8,景觀宅 彙整 - 遠雄房地產,/building-tag/景觀宅/,1,1,1,1,10
fb / bh8,fb23-1,景觀宅 彙整 - 遠雄房地產,/building-tag/景觀宅/,1,1,2,2,133
line-lap / cqh1,lap-2,景觀宅 彙整 - 遠雄房地產,/building-tag/景觀宅/,1,1,1,1,6
line-lap / cqh1,lap-3,景觀宅 彙整 - 遠雄房地產,/building-tag/景觀宅/,1,1,1,1,2
fb / bh8,leads,景觀宅 彙整 - 遠雄房地產,/building-tag/景觀宅/,1,1,1,1,19
google_kw / cqh1,tamsui,景觀宅 彙整 - 遠雄房地產,/building-tag/景觀宅/,1,1,1,1,0
google / cpc,遠雄幸福成_H713_關鍵字_0516_外縣市,景觀宅 彙整 - 遠雄房地產,/building-tag/景觀宅/,1,1,1,1,10
google / cpc,(organic),渡假宅 彙整 - 遠雄房地產,/building-tag/渡假宅/,1,1,1,1,8
google / cpc,brand,渡假宅 彙整 - 遠雄房地產,/building-tag/渡假宅/,1,1,1,1,18
google / cpc,O1_特色字_2025.0801,Luxury Homes Compilation - Farglory Real Estate,/building-tag/豪宅/,1,1,0,0,13
google / cpc,(organic),豪宅 彙整 - 遠雄房地產,/building-tag/豪宅/,1,1,1,1,1
google / organic,(organic),豪宅 彙整 - 遠雄房地產,/building-tag/豪宅/,1,1,1,1,2
google / cpc,20250616_台北豪宅/別墅,豪宅 彙整 - 遠雄房地產,/building-tag/豪宅/,1,1,1,1,0
google_kw / 5vo1,202511,豪宅 彙整 - 遠雄房地產,/building-tag/豪宅/,1,1,2,2,19
google / cpc,O1_品牌字_2025.0801,豪宅 彙整 - 遠雄房地產,/building-tag/豪宅/,1,1,3,3,26
google / cpc,O1_地區字_2025.0801,豪宅 彙整 - 遠雄房地產,/building-tag/豪宅/,1,1,1,1,8
google / cpc,O1_特色字_2025.0801,豪宅 彙整 - 遠雄房地產,/building-tag/豪宅/,1,1,2,2,0
google / cpc,gdn11-4,豪宅 彙整 - 遠雄房地產,/building-tag/豪宅/,1,1,1,1,34
google / organic,(organic),靜巷宅 彙整 - 遠雄房地產,/building-tag/靜巷宅/,1,1,3,3,51
fb / paid,120210744263750402,靜巷宅 彙整 - 遠雄房地產,/building-tag/靜巷宅/,1,1,1,1,0
line-lap / eh2,20251208,靜巷宅 彙整 - 遠雄房地產,/building-tag/靜巷宅/,1,1,1,1,8
google / cpc,CQH1-品牌字,靜巷宅 彙整 - 遠雄房地產,/building-tag/靜巷宅/,1,1,1,1,24
web-ettoday / eh2,ettoday_202512,靜巷宅 彙整 - 遠雄房地產,/building-tag/靜巷宅/,1,1,1,1,8
fb / cqh1,fb-34,靜巷宅 彙整 - 遠雄房地產,/building-tag/靜巷宅/,1,1,1,1,2
line-lap / cqh1,lap-2,靜巷宅 彙整 - 遠雄房地產,/building-tag/靜巷宅/,1,1,3,3,31
fgr-line / eh2,listbutton,靜巷宅 彙整 - 遠雄房地產,/building-tag/靜巷宅/,1,1,1,1,9
fb / eh1,11-1,飯店宅 彙整 - 遠雄房地產,/building-tag/飯店宅/,1,1,1,1,2
google / cpc,O1_品牌字_2025.0801,飯店宅 彙整 - 遠雄房地產,/building-tag/飯店宅/,1,1,1,1,0
google / cpc,type,飯店宅 彙整 - 遠雄房地產,/building-tag/飯店宅/,1,1,1,1,3
google / cpc,20251204,預售屋 彙整 - 遠雄房地產,/building-type/pre_sale_house/,1,1,2,2,1731
google / cpc,com,預售屋 彙整 - 遠雄房地產,/building-type/pre_sale_house/,1,1,1,1,6
google / cpc,com,預售屋 彙整 - 頁2，共2 - 遠雄房地產,/building-type/pre_sale_house/page/2/,1,1,1,1,1
(direct) / (none),(direct),熱銷建案 彙整 - 遠雄房地產,/buildings/,1,1,1,1,0
bing / organic,(organic),熱銷建案 彙整 - 遠雄房地產,/buildings/,1,1,1,1,2
google / farglory/,(referral),熱銷建案 彙整 - 遠雄房地產,/buildings/,1,1,2,2,14
(not set),20251107一輪播,熱銷建案 彙整 - 遠雄房地產,/buildings/,1,1,1,1,3
(not set),20251209一輪播,熱銷建案 彙整 - 遠雄房地產,/buildings/,1,1,1,1,0
webnews / eh2,linetoday_202512,熱銷建案 彙整 - 遠雄房地產,/buildings/,1,1,1,1,3
line-lap / 5vo1,202512_1201,找不到頁面 - 遠雄房地產,/buildings/5v01,1,1,1,1,0
google_kw / 5vo1,202511,(1) 封未讀訊息 | 聯上智科｜北士科AI總部 輝達核心軸線 -台北市北投區商辦/預售新建案-預約賞屋，遠創力行銷,/buildings/5vo1/,1,1,0,0,32
line-lap / 5vo1,20251123_1102,(2) 封未讀訊息 | (1) 封未讀訊息 | 聯上智科｜北士科AI總部 輝達核心軸線 -台北市北投區商辦/預售新建案-預約賞屋，遠創力行銷,/buildings/5vo1/,1,1,0,0,17
line-lap / 5vo1,20251123_1102,(2) 封未讀訊息 | 聯上智科｜北士科AI總部 輝達核心軸線 -台北市北投區商辦/預售新建案-預約賞屋，遠創力行銷,/buildings/5vo1/,1,1,0,0,4
google_gdn / 5vo1,20251201,"Công nghệ thông minh liên kết | Trụ sở chính Beishike AI, Trục trung tâm Huida - Văn phòng thương mại quận Beitou, Đài Bắc/Dự án xây dựng mới đang mở bán - Đặt lịch hẹn xem nhà, Far Eastern Marketing",/buildings/5vo1/,1,1,0,0,0
google_kw / 5vo1,202511,"Lianshang Zhike | Beishike AI Headquarters Huida Core Axis - Taipei Beitou District Commercial Office/Pre-sale New Project - Reservation House, Yuanchuangli Marketing",/buildings/5vo1/,1,1,0,0,51
yahoo_native / 5vo1,202510_2,"LinkTech | Beishike AI Headquarters, Huida Core Axis - Taipei Beitou District Commercial Office/Pre-sale New Construction Project - Schedule a Viewing Appointment, Far Eastern Marketing",/buildings/5vo1/,1,1,0,0,0
google_gdn / 5vo1,202511_1102b,"LinkTech | Beishike AI Headquarters, Huida Core Axis - Taipei Beitou District Commercial Office/Pre-sale New Construction Project - Schedule a Viewing Appointment, Far Eastern Marketing",/buildings/5vo1/,1,1,0,0,21
google_gdn / 5vo1,gdn-01,"LinkTech | Beishike AI Headquarters, Huida Core Axis - Taipei Beitou District Commercial Office/Pre-sale New Construction Project - Schedule a Viewing Appointment, Far Eastern Marketing",/buildings/5vo1/,1,1,0,0,12
google_gdn / 5vo1,202511_1102b,"LinkTech | Kantor Pusat AI Beishike, Poros Inti Huida - Proyek Konstruksi Baru/Kantor Komersial Pra-penjualan Distrik Beitou Taipei - Jadwalkan Janji Temu untuk Melihat Lokasi, Far Eastern Marketing",/buildings/5vo1/,1,1,0,0,4
google_kw / 5vo1,202511,"LinkTech | Trụ sở chính Beishike AI, Trục trung tâm Huida - Văn phòng thương mại quận Beitou, Đài Bắc/Dự án xây dựng mới đang mở bán - Đặt lịch hẹn xem nhà, Far Eastern Marketing",/buildings/5vo1/,1,1,0,0,28
google_gdn / 5vo1,202511_1102b,"LinkTech | สำนักงานใหญ่ AI Beishike, Huida Core Axis - โครงการอาคารพาณิชย์/อาคารก่อสร้างใหม่ เปิดขายล่วงหน้า เขตเป่ยโถว ไทเป - นัดหมายเข้าชมได้ที่ Far Eastern Marketing",/buildings/5vo1/,1,1,0,0,34
google_gdn / 5vo1,20251201,"LinkTech | สำนักงานใหญ่ AI Beishike, Huida Core Axis - โครงการอาคารพาณิชย์/อาคารก่อสร้างใหม่ เปิดขายล่วงหน้า เขตเป่ยโถว ไทเป - นัดหมายเข้าชมได้ที่ Far Eastern Marketing",/buildings/5vo1/,1,1,0,0,2
google_kw / 5vo1,202511,LinkTech | 北世科AI本社、慧大核心軸 - 台北北投区商業オフィス/先行販売新築プロジェクト - 見学予約、ファーイースタンマーケティング,/buildings/5vo1/,1,1,0,0,209
yahoo_native / 5vo1,20251124_1102,"Linked Intelligent Technology | Beishike AI Headquarters, Huida Core Axis - Taipei Beitou District Commercial Office/Pre-sale New Construction Project - Schedule a Viewing Appointment, Far Eastern Marketing",/buildings/5vo1/,1,1,0,0,84
google_gdn / 5vo1,20251124_1103,"Linked Intelligent Technology | Beishike AI Headquarters, Huida Core Axis - Taipei Beitou District Commercial Office/Pre-sale New Construction Project - Schedule a Viewing Appointment, Far Eastern Marketing",/buildings/5vo1/,1,1,0,0,1
google_kw / 5vo1,202511,"Tecnología Inteligente Vinculada | Sede de IA de Beishike, Eje Central Huida - Oficina Comercial del Distrito Beitou de Taipéi/Proyecto de Construcción en Preventa - Programe una visita, Far Eastern Marketing",/buildings/5vo1/,1,1,1,1,0
google_gdn / 5vo1,gdn-01,"Teknologi Cerdas Terhubung | Kantor Pusat AI Beishike, Poros Inti Huida - Proyek Konstruksi Baru/Pra-penjualan Kantor Komersial Distrik Beitou Taipei - Jadwalkan Janji Temu untuk Melihat Lokasi, Far Eastern Marketing",/buildings/5vo1/,1,1,0,0,1
google_gdn / 5vo1,20251124_1101,"Teknologi Cerdas Terhubung | Kantor Pusat Beishike AI, Huida Core Axis - Kantor Komersial Distrik Beitou Taipei/Proyek Konstruksi Baru Pra-penjualan - Jadwalkan Janji Temu, Far Eastern Marketing",/buildings/5vo1/,1,1,0,0,0
google_gdn / 5vo1,20251201,"Teknolohiyang May Kaugnayang Matalino | Punong-himpilan ng Beishike AI, Huida Core Axis - Tanggapan ng Komersyal ng Distrito ng Beitou ng Taipei/Bagong Proyekto ng Konstruksyon Bago ang Pagbebenta - Mag-iskedyul ng Appointment sa Pagtingin, Far Eastern Marketing",/buildings/5vo1/,1,1,0,0,572
google_gdn / 5vo1,gdn-01,"เทคโนโลยีอัจฉริยะที่เชื่อมโยงกัน | สำนักงานใหญ่ Beishike AI, Huida Core Axis - โครงการอาคารพาณิชย์/อาคารก่อสร้างใหม่เปิดขายล่วงหน้า เขตเป่ยโถว ไทเป - นัดหมายเข้าชมได้ที่ Far Eastern Marketing",/buildings/5vo1/,1,1,0,0,20
google_gdn / 5vo1,202511_1102b,"เทคโนโลยีอัจฉริยะที่เชื่อมโยงกัน | สำนักงานใหญ่ Beishike AI, Huida Core Axis - โครงการอาคารสำนักงานเชิงพาณิชย์/อาคารก่อสร้างใหม่ เปิดขายล่วงหน้า เขตเป่ยโถว ไทเป - นัดหมายเข้าชมได้ที่ Far Eastern Marketing",/buildings/5vo1/,1,1,0,0,8
google_gdn / 5vo1,20251201,リンクト・インテリジェント・テクノロジー | 北世科AI本社、慧大核心軸 - 台北北投区商業オフィス/先行販売新築プロジェクト - 見学予約、ファー・イースタン・マーケティング,/buildings/5vo1/,1,1,0,0,18
google_gdn / 5vo1,gdn-01,找不到頁面 - 遠雄房地產,/buildings/5vo1/,1,1,1,1,0
line-lap / 5vo1,20251123_1102,联上智科｜北士科AI总部辉达核心轴线-台北市北投区商办/预售新建案-预约赏屋，远创力行销,/buildings/5vo1/,1,1,0,0,308
google_gdn / 5vo1,202511_1102b,联上智科｜北士科AI总部辉达核心轴线-台北市北投区商办/预售新建案-预约赏屋，远创力行销,/buildings/5vo1/,1,1,0,0,57
google_gdn / 5vo1,20251201,联上智科｜北士科AI总部辉达核心轴线-台北市北投区商办/预售新建案-预约赏屋，远创力行销,/buildings/5vo1/,1,1,0,0,103
google_gdn / (not set),(not set),聯上智科｜北士科AI總部 輝達核心軸線 -台北市北投區商辦/預售新建案-預約賞屋，遠創力行銷,/buildings/5vo1/,1,1,1,1,2
google_gdn&utm_medium=5vo1&utm_campaign=20251124_1101 / (not set),(not set),聯上智科｜北士科AI總部 輝達核心軸線 -台北市北投區商辦/預售新建案-預約賞屋，遠創力行銷,/buildings/5vo1/,1,1,1,1,0
line-lap / (not set),(not set),聯上智科｜北士科AI總部 輝達核心軸線 -台北市北投區商辦/預售新建案-預約賞屋，遠創力行銷,/buildings/5vo1/,1,1,1,1,0
google / cpc,(organic),聯上智科｜北士科AI總部 輝達核心軸線 -台北市北投區商辦/預售新建案-預約賞屋，遠創力行銷,/buildings/5vo1/,1,1,1,1,1
app.omnichat.ai / referral,(referral),聯上智科｜北士科AI總部 輝達核心軸線 -台北市北投區商辦/預售新建案-預約賞屋，遠創力行銷,/buildings/5vo1/,1,1,1,1,10
dogreat.com.tw / referral,(referral),聯上智科｜北士科AI總部 輝達核心軸線 -台北市北投區商辦/預售新建案-預約賞屋，遠創力行銷,/buildings/5vo1/,1,1,1,1,37
google / farglory/,(referral),聯上智科｜北士科AI總部 輝達核心軸線 -台北市北投區商辦/預售新建案-預約賞屋，遠創力行銷,/buildings/5vo1/,1,1,1,1,0
mkto-sn070013.com / referral,(referral),聯上智科｜北士科AI總部 輝達核心軸線 -台北市北投區商辦/預售新建案-預約賞屋，遠創力行銷,/buildings/5vo1/,1,1,2,2,74
fb / bh11,11-3,聯上智科｜北士科AI總部 輝達核心軸線 -台北市北投區商辦/預售新建案-預約賞屋，遠創力行銷,/buildings/5vo1/,1,1,2,2,128
fb / paid,120229456515280138,聯上智科｜北士科AI總部 輝達核心軸線 -台北市北投區商辦/預售新建案-預約賞屋，遠創力行銷,/buildings/5vo1/,1,1,2,2,26
fb / paid,120236277101920617,聯上智科｜北士科AI總部 輝達核心軸線 -台北市北投區商辦/預售新建案-預約賞屋，遠創力行銷,/buildings/5vo1/,1,1,1,1,46
webnews / ao1,20250317,聯上智科｜北士科AI總部 輝達核心軸線 -台北市北投區商辦/預售新建案-預約賞屋，遠創力行銷,/buildings/5vo1/,1,1,1,1,0
5vo1 / 5vo1,202508,聯上智科｜北士科AI總部 輝達核心軸線 -台北市北投區商辦/預售新建案-預約賞屋，遠創力行銷,/buildings/5vo1/,1,1,1,1,1
webnews / ar1,20250918,聯上智科｜北士科AI總部 輝達核心軸線 -台北市北投區商辦/預售新建案-預約賞屋，遠創力行銷,/buildings/5vo1/,1,1,0,0,1
google_kw / 5vo1,202509_1,聯上智科｜北士科AI總部 輝達核心軸線 -台北市北投區商辦/預售新建案-預約賞屋，遠創力行銷,/buildings/5vo1/,1,1,2,2,0
google_gdn / 5vo1,202510-4,聯上智科｜北士科AI總部 輝達核心軸線 -台北市北投區商辦/預售新建案-預約賞屋，遠創力行銷,/buildings/5vo1/,1,1,2,2,4
line-lap / 5vo1,20251002',聯上智科｜北士科AI總部 輝達核心軸線 -台北市北投區商辦/預售新建案-預約賞屋，遠創力行銷,/buildings/5vo1/,1,1,2,2,17
line-lap / ar1,20251017-2-1,聯上智科｜北士科AI總部 輝達核心軸線 -台北市北投區商辦/預售新建案-預約賞屋，遠創力行銷,/buildings/5vo1/,1,1,0,0,2
fb / 5vo1,202510_5,聯上智科｜北士科AI總部 輝達核心軸線 -台北市北投區商辦/預售新建案-預約賞屋，遠創力行銷,/buildings/5vo1/,1,1,1,1,5
webnew / h713,202512,聯上智科｜北士科AI總部 輝達核心軸線 -台北市北投區商辦/預售新建案-預約賞屋，遠創力行銷,/buildings/5vo1/,1,1,1,1,0
line-lap / eh2,20251209,聯上智科｜北士科AI總部 輝達核心軸線 -台北市北投區商辦/預售新建案-預約賞屋，遠創力行銷,/buildings/5vo1/,1,1,1,1,24
line-lap / 5vo1,20251212_01,聯上智科｜北士科AI總部 輝達核心軸線 -台北市北投區商辦/預售新建案-預約賞屋，遠創力行銷,/buildings/5vo1/,1,1,13,13,9
(not set),20251230一輪播,聯上智科｜北士科AI總部 輝達核心軸線 -台北市北投區商辦/預售新建案-預約賞屋，遠創力行銷,/buildings/5vo1/,1,1,1,1,0
fb / bh5,46-1,聯上智科｜北士科AI總部 輝達核心軸線 -台北市北投區商辦/預售新建案-預約賞屋，遠創力行銷,/buildings/5vo1/,1,1,1,1,11
google / cpc,CQH1-地區字,聯上智科｜北士科AI總部 輝達核心軸線 -台北市北投區商辦/預售新建案-預約賞屋，遠創力行銷,/buildings/5vo1/,1,1,1,1,1
taboola / fm3,ConA02,聯上智科｜北士科AI總部 輝達核心軸線 -台北市北投區商辦/預售新建案-預約賞屋，遠創力行銷,/buildings/5vo1/,1,1,1,1,1
google / cpc,O1_競品字_2025.0801,聯上智科｜北士科AI總部 輝達核心軸線 -台北市北投區商辦/預售新建案-預約賞屋，遠創力行銷,/buildings/5vo1/,1,1,1,1,7
google / cpc,Pmax,聯上智科｜北士科AI總部 輝達核心軸線 -台北市北投區商辦/預售新建案-預約賞屋，遠創力行銷,/buildings/5vo1/,1,1,1,1,56
google / cpc,Shilin,聯上智科｜北士科AI總部 輝達核心軸線 -台北市北投區商辦/預售新建案-預約賞屋，遠創力行銷,/buildings/5vo1/,1,1,1,1,81
google / cpc,area,聯上智科｜北士科AI總部 輝達核心軸線 -台北市北投區商辦/預售新建案-預約賞屋，遠創力行銷,/buildings/5vo1/,1,1,1,1,20
fgr-line / fgr,cleaning_20221223,聯上智科｜北士科AI總部 輝達核心軸線 -台北市北投區商辦/預售新建案-預約賞屋，遠創力行銷,/buildings/5vo1/,1,1,1,1,0
google / cpc,competitor,聯上智科｜北士科AI總部 輝達核心軸線 -台北市北投區商辦/預售新建案-預約賞屋，遠創力行銷,/buildings/5vo1/,1,1,1,1,8
fb / bh10,fb10-8,聯上智科｜北士科AI總部 輝達核心軸線 -台北市北投區商辦/預售新建案-預約賞屋，遠創力行銷,/buildings/5vo1/,1,1,1,1,10
fb / eh5,fb31-6,聯上智科｜北士科AI總部 輝達核心軸線 -台北市北投區商辦/預售新建案-預約賞屋，遠創力行銷,/buildings/5vo1/,1,1,2,2,6
fb / dgm1,fb5-7,聯上智科｜北士科AI總部 輝達核心軸線 -台北市北投區商辦/預售新建案-預約賞屋，遠創力行銷,/buildings/5vo1/,1,1,1,1,33
fb / bh7,fbpage,聯上智科｜北士科AI總部 輝達核心軸線 -台北市北投區商辦/預售新建案-預約賞屋，遠創力行銷,/buildings/5vo1/,1,1,4,4,1
fb / bh8,leads,聯上智科｜北士科AI總部 輝達核心軸線 -台北市北投區商辦/預售新建案-預約賞屋，遠創力行銷,/buildings/5vo1/,1,1,1,1,6
line-lap / bh10,line-lap20259-5,聯上智科｜北士科AI總部 輝達核心軸線 -台北市北投區商辦/預售新建案-預約賞屋，遠創力行銷,/buildings/5vo1/,1,1,1,1,4
google / cpc,type,聯上智科｜北士科AI總部 輝達核心軸線 -台北市北投區商辦/預售新建案-預約賞屋，遠創力行銷,/buildings/5vo1/,1,1,1,1,14
google / organic,(organic),找不到頁面 - 遠雄房地產,/buildings/6/,1,1,1,1,0
line / 8fsl01,line0608,找不到頁面 - 遠雄房地產,/buildings/8fsl01,1,1,1,1,0
(direct) / (none),(direct),找不到頁面 - 遠雄房地產,/buildings/8fsl01/,1,1,1,1,0
googel_kw / 8fxz01,taipei,找不到頁面 - 遠雄房地產,/buildings/8fxz01/,1,1,1,1,0
google / cpc,20250210b,找不到頁面 - 遠雄房地產,/buildings/8fxz11/,1,1,1,1,17
google / cpc,(organic),Far East Marketing - Future Store | Comprehensive Real Estate Brokerage Services,/buildings/8hgs01/,1,1,1,1,17
google_kw / dh2,(organic),遠創力行銷-未來店 | 全房產 專業仲介服務,/buildings/8hgs01/,1,1,1,1,1
google / cpc,20250616_台北豪宅/別墅,遠創力行銷-未來店 | 全房產 專業仲介服務,/buildings/8hgs01/,1,1,1,1,30
yahoo_native / 5vo1,202510_4,遠創力行銷-未來店 | 全房產 專業仲介服務,/buildings/8hgs01/,1,1,1,1,4
fb / hm2,20251102,遠創力行銷-未來店 | 全房產 專業仲介服務,/buildings/8hgs01/,1,1,1,1,24
fb / fh2,fb12-3,遠創力行銷-未來店 | 全房產 專業仲介服務,/buildings/8hgs01/,1,1,1,1,38
EDM / referral,滿意度問券,遠創力行銷-未來店 | 全房產 專業仲介服務,/buildings/8hgs01/,1,1,1,1,8
(not set),20251209一輪播,找不到頁面 - 遠雄房地產,/buildings/AH1/,1,1,1,1,1
(not set),20251209一輪播,找不到頁面 - 遠雄房地產,/buildings/AH41/,1,1,1,1,1
(direct) / (none),(direct),北屯敦富路【遠雄敦富】- 北屯機捷預售屋．近好市多,/buildings/BH10/,1,1,3,3,18
google / organic,(organic),遠雄琉蘊 -台中市西屯區七期預售屋/新建案-預約賞屋，遠雄房地產,/buildings/BH5/,1,1,1,1,1
socialmedia / fgr,fbbh5info,遠雄琉蘊 -台中市西屯區七期預售屋/新建案-預約賞屋，遠雄房地產,/buildings/BH5/,1,1,1,1,1
(direct) / (none),(direct),【遠雄樂元】北屯機捷X好市多，雙首排大道最核心，夠近才最好,/buildings/BH7/,1,1,1,1,1
google / cpc,(organic),【遠雄樂元】北屯機捷X好市多，雙首排大道最核心，夠近才最好,/buildings/BH7/,1,1,1,1,14
google_kw / BH8,20240816_逢甲大學,Dự án nhà ở Taichung Xitun [Farglory Huishanxing] - Thiết kế căn hộ 2-4 phòng ngủ theo hình vuông.,/buildings/BH8/,1,1,0,0,10
(not set),(not set),台中西屯建案【遠雄洄山行】．2-4房方正格局,/buildings/BH8/,1,1,1,1,0
google / cpc,CQH1-買房字,台中西屯建案【遠雄洄山行】．2-4房方正格局,/buildings/BH8/,1,1,1,1,4
google / cpc,O1_特色字_2025.0801,台中西屯建案【遠雄洄山行】．2-4房方正格局,/buildings/BH8/,1,1,1,1,20
google / cpc,Otherarea0829,台中西屯建案【遠雄洄山行】．2-4房方正格局,/buildings/BH8/,1,1,1,1,17
google / cpc,beitun,台中西屯建案【遠雄洄山行】．2-4房方正格局,/buildings/BH8/,1,1,1,1,121
google / cpc,brand0829,台中西屯建案【遠雄洄山行】．2-4房方正格局,/buildings/BH8/,1,1,1,1,38
google / cpc,competitor0829,台中西屯建案【遠雄洄山行】．2-4房方正格局,/buildings/BH8/,1,1,1,1,5
google / cpc,corearea0829,台中西屯建案【遠雄洄山行】．2-4房方正格局,/buildings/BH8/,1,1,1,1,4
google / cpc,information2,台中西屯建案【遠雄洄山行】．2-4房方正格局,/buildings/BH8/,1,1,1,1,29
google / cpc,othercities_brand,台中西屯建案【遠雄洄山行】．2-4房方正格局,/buildings/BH8/,1,1,1,1,14
fgr-line / cqh1,20251206,村泉蒔美｜門戶端點 從容跨界｜台北生活最美起點,/buildings/CQH1/,1,1,2,2,4
(not set),20251107一輪播,(1) 封未讀訊息 | 台南永康新建案【遠雄山禾】-鹽行特區．3-4房,/buildings/DH2/,1,1,1,1,17
google / organic,(organic),找不到頁面 - 遠雄房地產,/buildings/DH6/,1,1,1,1,0
google / organic,(organic),找不到頁面 - 遠雄房地產,/buildings/DH7/,1,1,1,1,2
google / organic,(organic),遠雄一靚｜楠梓新案．高大特區首發｜早鳥預約中,/buildings/EH2/,1,1,1,1,2
(not set),20251209一輪播,遠雄一靚｜楠梓新案．高大特區首發｜早鳥預約中,/buildings/EH2/,1,1,1,1,14
google / organic,(organic),找不到頁面 - 遠雄房地產,/buildings/EH3/,1,1,1,1,1
google / organic,(organic),遠雄沐蘊-高雄市三民區預售屋/新建案-預約賞屋,/buildings/EH5/,1,1,1,1,1
google / organic,(organic),找不到頁面 - 遠雄房地產,/buildings/EH6/,1,1,1,1,0
fb / bh8,fb23-1,遠雄信義CENTER-新北市板橋區廠辦.商辦/預售新建案-預約賞屋,/buildings/FM3/,1,1,1,1,1
fb / eh1,TA_10-1,遠雄星呈-台中市清水區預售屋/新建案-預約賞屋，遠雄房地產,/buildings/H707/,1,1,1,1,5
fgr-line / fgr,expert_hoshichang_south-potential,遠雄星呈-台中市清水區預售屋/新建案-預約賞屋，遠雄房地產,/buildings/H707/,1,1,1,1,5
fgr-line / fgr,playlist=e93ee4e&video=58b6cce,遠雄星呈-台中市清水區預售屋/新建案-預約賞屋，遠雄房地產,/buildings/H707/,1,1,1,1,8
google / organic,(organic),找不到頁面 - 遠雄房地產,/buildings/H707A,1,1,1,1,3
(direct) / (none),(direct),遠雄幸福成｜即將落成 - 台中市清水區預售/新建案-預約賞屋，遠雄房地產,/buildings/H713/,1,1,1,1,0
webnews / h807,20240911,找不到頁面 - 遠雄房地產,/buildings/H807/,1,1,1,1,0
google / organic,(organic),找不到頁面 - 遠雄房地產,/buildings/HH3/,1,1,1,1,0
google / cpc,brand,(1) 封未讀訊息 | 遠雄MetaLink科技園區 | 機捷A7．A8站▕ VIP企業席次開放預約中,/buildings/HM2/,1,1,1,1,6
(direct) / (none),(direct),遠雄MetaLink科技園區 | 機捷A7．A8站▕ VIP企業席次開放預約中,/buildings/HM2/,1,1,1,1,2
(direct) / (none),(direct),遠雄THE ONE-高雄市前鎮區新成屋/新建案-預約賞屋,/buildings/O1/,1,1,1,1,0
google_kw / 5vo1,202511,找不到頁面 - 遠雄房地產,/buildings/ah1/,1,1,1,1,0
google / organic,(organic),(1) 封未讀訊息 | 北士科建案【遠雄泱玥】水岸首排．57-75坪,/buildings/ah2/,1,1,0,0,5
google / cpc,O1_特色字_2025.0801,"The Farglory Yangyue waterfront development in Beishike, featuring units ranging from 57 to 75 pings (approximately 16.6 to 16.65 square meters).",/buildings/ah2/,1,1,0,0,60
yahoo / organic,(organic),北士科建案【遠雄泱玥】水岸首排．57-75坪,/buildings/ah2/,1,1,1,1,206
yahoo_native / bh5,(referral),北士科建案【遠雄泱玥】水岸首排．57-75坪,/buildings/ah2/,1,1,1,1,28
web / ah2,202501-magazine,北士科建案【遠雄泱玥】水岸首排．57-75坪,/buildings/ah2/,1,1,1,1,39
web / ah2,202501-mot,北士科建案【遠雄泱玥】水岸首排．57-75坪,/buildings/ah2/,1,1,1,1,17
(not set),202501003二輪播,北士科建案【遠雄泱玥】水岸首排．57-75坪,/buildings/ah2/,1,1,1,1,30
web-ettoday / ah2,20250418,北士科建案【遠雄泱玥】水岸首排．57-75坪,/buildings/ah2/,1,1,1,1,2
yahoo_native / 5vo1,202510_4,北士科建案【遠雄泱玥】水岸首排．57-75坪,/buildings/ah2/,1,1,1,1,20
fb / hm2,20251104TA,北士科建案【遠雄泱玥】水岸首排．57-75坪,/buildings/ah2/,1,1,1,1,5
(not set),20251107一輪播,北士科建案【遠雄泱玥】水岸首排．57-75坪,/buildings/ah2/,1,1,1,1,23
line-lap / 5vo1,20251123_1102,北士科建案【遠雄泱玥】水岸首排．57-75坪,/buildings/ah2/,1,1,1,1,32
google_gdn / 5vo1,20251124_1102,北士科建案【遠雄泱玥】水岸首排．57-75坪,/buildings/ah2/,1,1,1,1,132
yahoo_native / 5vo1,20251124_1102,北士科建案【遠雄泱玥】水岸首排．57-75坪,/buildings/ah2/,1,1,1,1,71
google_gdn / 5vo1,20251201,北士科建案【遠雄泱玥】水岸首排．57-75坪,/buildings/ah2/,1,1,1,1,28
lbs-sms / fm3,20251229,北士科建案【遠雄泱玥】水岸首排．57-75坪,/buildings/ah2/,1,1,1,1,1
google / cpc,CQH1-品牌字,北士科建案【遠雄泱玥】水岸首排．57-75坪,/buildings/ah2/,1,1,1,1,10
google / cpc,CQH1-競品字,北士科建案【遠雄泱玥】水岸首排．57-75坪,/buildings/ah2/,1,1,1,1,40
taboola / fm3,ConB02,北士科建案【遠雄泱玥】水岸首排．57-75坪,/buildings/ah2/,1,1,1,1,10
google / cpc,O1_品牌字_2025.0801,北士科建案【遠雄泱玥】水岸首排．57-75坪,/buildings/ah2/,1,1,1,1,12
google / cpc,O1_特色字_2025.0801,北士科建案【遠雄泱玥】水岸首排．57-75坪,/buildings/ah2/,1,1,1,1,0
google / cpc,Pmax,北士科建案【遠雄泱玥】水岸首排．57-75坪,/buildings/ah2/,1,1,1,1,55
google / cpc,area,北士科建案【遠雄泱玥】水岸首排．57-75坪,/buildings/ah2/,1,1,1,1,1
fgr-line / fgr,area-l-taoyuan-guishan,北士科建案【遠雄泱玥】水岸首排．57-75坪,/buildings/ah2/,1,1,1,1,61
google / cpc,corearea0829,北士科建案【遠雄泱玥】水岸首排．57-75坪,/buildings/ah2/,1,1,1,1,80
fb / ah2,fb-5-1,北士科建案【遠雄泱玥】水岸首排．57-75坪,/buildings/ah2/,1,1,1,1,0
fg / o1,fg,北士科建案【遠雄泱玥】水岸首排．57-75坪,/buildings/ah2/,1,1,1,1,2
google / cpc,gdn11-2,北士科建案【遠雄泱玥】水岸首排．57-75坪,/buildings/ah2/,1,1,1,1,64
ig / social,ig,北士科建案【遠雄泱玥】水岸首排．57-75坪,/buildings/ah2/,1,1,1,1,152
taboola / fm3,impB,北士科建案【遠雄泱玥】水岸首排．57-75坪,/buildings/ah2/,1,1,1,1,108
google / cpc,sitelink,北士科建案【遠雄泱玥】水岸首排．57-75坪,/buildings/ah2/,1,1,2,2,201
iqiyi / ah2,ttd-1,北士科建案【遠雄泱玥】水岸首排．57-75坪,/buildings/ah2/,1,1,1,1,0
google / organic,(organic),找不到頁面 - 遠雄房地產,/buildings/ah2/,1,1,1,1,0
google / organic,(organic),找不到頁面 - 遠雄房地產,/buildings/ah5/,1,1,1,1,3
google / organic,(organic),找不到頁面 - 遠雄房地產,/buildings/ah6/,1,1,1,1,3
line-lap / ao1,20240410_4-1,找不到頁面 - 遠雄房地產,/buildings/ao1/,1,1,1,1,3
line-lap / ao1,20240410_4-2,找不到頁面 - 遠雄房地產,/buildings/ao1/,1,1,1,1,2
yahoo_native / ao1,20240412_4-1,找不到頁面 - 遠雄房地產,/buildings/ao1/,1,1,1,1,0
line-lap / ao1,20240611_6-1,找不到頁面 - 遠雄房地產,/buildings/ao1/,1,1,1,1,2
google / cpc,202511,找不到頁面 - 遠雄房地產,/buildings/ao1/,1,1,1,1,4
(not set),20251107一輪播,找不到頁面 - 遠雄房地產,/buildings/ao1/,1,1,2,2,173
google / cpc,20250616_北投士林豪宅/別墅,(1) 封未讀訊息 | 齊興_緻-台北市北投區/北士科住宅預售屋,/buildings/ar1/,1,1,0,0,46
fb / ar1,fb3-3,(2) 封未讀訊息 | 齊興_緻-台北市北投區/北士科住宅預售屋,/buildings/ar1/,1,1,0,0,0
google / cpc,20250616_北投士林豪宅/別墅,Qi Xing - Taipei City Beitou District/Beishike Pre-sale Residential Buildings,/buildings/ar1/,1,1,0,0,107
google / cpc,20250616_台北豪宅/別墅,"Qixing_Zhi-Beitou District, Taipei City/Beishike Residential Pre-sale House",/buildings/ar1/,1,1,0,0,10
google / cpc,(organic),齊興_緻-台北市北投區/北士科住宅預售屋,/buildings/ar1/,1,1,1,1,4
google / cpc,(referral),齊興_緻-台北市北投區/北士科住宅預售屋,/buildings/ar1/,1,1,1,1,1
m.facebook.com / referral,(referral),齊興_緻-台北市北投區/北士科住宅預售屋,/buildings/ar1/,1,1,1,1,0
fb / bh11,11-3,齊興_緻-台北市北投區/北士科住宅預售屋,/buildings/ar1/,1,1,1,1,42
ig / paid,120238802838140316,齊興_緻-台北市北投區/北士科住宅預售屋,/buildings/ar1/,1,1,1,1,1
google_kw / BH8,20240816_透天/豪宅/別墅,齊興_緻-台北市北投區/北士科住宅預售屋,/buildings/ar1/,1,1,1,1,8
google_kw / AR1,20250616_北投士林豪宅/別墅,齊興_緻-台北市北投區/北士科住宅預售屋,/buildings/ar1/,1,1,1,1,0
gdn / ar1,20250718,齊興_緻-台北市北投區/北士科住宅預售屋,/buildings/ar1/,1,1,0,0,0
taboola / ar1,20251001,齊興_緻-台北市北投區/北士科住宅預售屋,/buildings/ar1/,1,1,1,1,10
yahoo_native / 5vo1,202510_4,齊興_緻-台北市北投區/北士科住宅預售屋,/buildings/ar1/,1,1,1,1,12
lbs-sms / fm3,20251229,齊興_緻-台北市北投區/北士科住宅預售屋,/buildings/ar1/,1,1,1,1,7
(not set),20251230一輪播,齊興_緻-台北市北投區/北士科住宅預售屋,/buildings/ar1/,1,1,1,1,4
google / cpc,BSTP,齊興_緻-台北市北投區/北士科住宅預售屋,/buildings/ar1/,1,1,3,3,61
google / cpc,CQH1-地區字,齊興_緻-台北市北投區/北士科住宅預售屋,/buildings/ar1/,1,1,1,1,90
google / cpc,O1_品牌字_2025.0801,齊興_緻-台北市北投區/北士科住宅預售屋,/buildings/ar1/,1,1,1,1,10
google / cpc,Pmax,齊興_緻-台北市北投區/北士科住宅預售屋,/buildings/ar1/,1,1,2,2,16
onead / ar1,Threads_3-1,齊興_緻-台北市北投區/北士科住宅預售屋,/buildings/ar1/,1,1,1,1,0
google / cpc,core,齊興_緻-台北市北投區/北士科住宅預售屋,/buildings/ar1/,1,1,2,2,12
ig / social,ig,齊興_緻-台北市北投區/北士科住宅預售屋,/buildings/ar1/,1,1,1,1,23
google / cpc,taipei,齊興_緻-台北市北投區/北士科住宅預售屋,/buildings/ar1/,1,1,1,1,27
web-udn / eh2,udn_202512,齊興_緻-台北市北投區/北士科住宅預售屋,/buildings/ar1/,1,1,1,1,44
google / cpc,遠雄幸福成_H713_關鍵字_0516_外縣市,齊興_緻-台北市北投區/北士科住宅預售屋,/buildings/ar1/,1,1,1,1,0
google / cpc,extension,齐兴_致-台北市北投区/北士科住宅预售屋,/buildings/ar1/,1,1,0,0,34
google / organic,(organic),遠雄寬寓-台中西屯區新建案/預售屋-預約賞屋，遠雄房地產,/buildings/bh1/,1,1,1,1,123
fb / bh10,fbearlybird_form,(1) 封未讀訊息 | 北屯敦富路【遠雄敦富】- 北屯機捷預售屋．近好市多,/buildings/bh10/,1,1,0,0,26
line-lap / bh10,line-lap202511-3,Beitun Dunfu Road [Yuanxiong Dunfu] - Beitun Jijie Pre-sale House. Near Costco,/buildings/bh10/,1,1,0,0,56
line-lap / bh10,line-lap202511-3,北屯敦富路【远雄敦富】- 北屯机捷预售屋．近好市多,/buildings/bh10/,1,1,0,0,1
yahoo / organic,(organic),北屯敦富路【遠雄敦富】- 北屯機捷預售屋．近好市多,/buildings/bh10/,1,1,1,1,14
dogreat.com.tw / referral,(referral),北屯敦富路【遠雄敦富】- 北屯機捷預售屋．近好市多,/buildings/bh10/,1,1,1,1,14
excel.officeapps.live.com / referral,(referral),北屯敦富路【遠雄敦富】- 北屯機捷預售屋．近好市多,/buildings/bh10/,1,1,2,2,59
line / linebutton,(referral),北屯敦富路【遠雄敦富】- 北屯機捷預售屋．近好市多,/buildings/bh10/,1,1,1,1,0
m.facebook.com / referral,(referral),北屯敦富路【遠雄敦富】- 北屯機捷預售屋．近好市多,/buildings/bh10/,1,1,1,1,0
perplexity.ai / referral,(referral),北屯敦富路【遠雄敦富】- 北屯機捷預售屋．近好市多,/buildings/bh10/,1,1,1,1,15
reurl.cc / referral,(referral),北屯敦富路【遠雄敦富】- 北屯機捷預售屋．近好市多,/buildings/bh10/,1,1,1,1,0
statics.teams.cdn.office.net / referral,(referral),北屯敦富路【遠雄敦富】- 北屯機捷預售屋．近好市多,/buildings/bh10/,1,1,0,0,0
fb / paid,120207082473750558,北屯敦富路【遠雄敦富】- 北屯機捷預售屋．近好市多,/buildings/bh10/,1,1,1,1,0
fb / paid,120229456515280138,北屯敦富路【遠雄敦富】- 北屯機捷預售屋．近好市多,/buildings/bh10/,1,1,1,1,91
fb / paid,120233718740630316,北屯敦富路【遠雄敦富】- 北屯機捷預售屋．近好市多,/buildings/bh10/,1,1,1,1,87
ig / paid,120238552444900537,北屯敦富路【遠雄敦富】- 北屯機捷預售屋．近好市多,/buildings/bh10/,1,1,1,1,5
fb / bh7,2,北屯敦富路【遠雄敦富】- 北屯機捷預售屋．近好市多,/buildings/bh10/,1,1,1,1,0
google / cpc,20210913,北屯敦富路【遠雄敦富】- 北屯機捷預售屋．近好市多,/buildings/bh10/,1,1,1,1,0
google_kw / BH8,20240816_台中水湳,北屯敦富路【遠雄敦富】- 北屯機捷預售屋．近好市多,/buildings/bh10/,1,1,1,1,3
web-ettoday / bh8,20241119,北屯敦富路【遠雄敦富】- 北屯機捷預售屋．近好市多,/buildings/bh10/,1,1,1,1,184
(not set),20250905五輪播,北屯敦富路【遠雄敦富】- 北屯機捷預售屋．近好市多,/buildings/bh10/,1,1,1,1,8
line-lap / eh2,20251101,北屯敦富路【遠雄敦富】- 北屯機捷預售屋．近好市多,/buildings/bh10/,1,1,1,1,5
line-lap / 5vo1,202511201,北屯敦富路【遠雄敦富】- 北屯機捷預售屋．近好市多,/buildings/bh10/,1,1,2,2,9
line-lap / 5vo1,20251123_1103,北屯敦富路【遠雄敦富】- 北屯機捷預售屋．近好市多,/buildings/bh10/,1,1,1,1,5
google / cpc,20251204,北屯敦富路【遠雄敦富】- 北屯機捷預售屋．近好市多,/buildings/bh10/,1,1,1,1,163
line-lap / eh2,20251209,北屯敦富路【遠雄敦富】- 北屯機捷預售屋．近好市多,/buildings/bh10/,1,1,1,1,5
(not set),20251231一輪播,北屯敦富路【遠雄敦富】- 北屯機捷預售屋．近好市多,/buildings/bh10/,1,1,0,0,0
fb / h707,34,北屯敦富路【遠雄敦富】- 北屯機捷預售屋．近好市多,/buildings/bh10/,1,1,4,4,82
fb / bh5,36,北屯敦富路【遠雄敦富】- 北屯機捷預售屋．近好市多,/buildings/bh10/,1,1,1,1,45
google / cpc,O1_品牌字_2025.0801,北屯敦富路【遠雄敦富】- 北屯機捷預售屋．近好市多,/buildings/bh10/,1,1,1,1,32
google / cpc,Otherarea0829,北屯敦富路【遠雄敦富】- 北屯機捷預售屋．近好市多,/buildings/bh10/,1,1,1,1,0
google / cpc,Pmax,北屯敦富路【遠雄敦富】- 北屯機捷預售屋．近好市多,/buildings/bh10/,1,1,1,1,6
google / cpc,area,北屯敦富路【遠雄敦富】- 北屯機捷預售屋．近好市多,/buildings/bh10/,1,1,1,1,11
google / cpc,core,北屯敦富路【遠雄敦富】- 北屯機捷預售屋．近好市多,/buildings/bh10/,1,1,0,0,5
google_kw / BH8,extension,北屯敦富路【遠雄敦富】- 北屯機捷預售屋．近好市多,/buildings/bh10/,1,1,1,1,9
fb / dgm1,fb12-1,北屯敦富路【遠雄敦富】- 北屯機捷預售屋．近好市多,/buildings/bh10/,1,1,1,1,1
fb / bh10,fb202510-3,北屯敦富路【遠雄敦富】- 北屯機捷預售屋．近好市多,/buildings/bh10/,1,1,1,1,5
fb / bh10,fb20252-5,北屯敦富路【遠雄敦富】- 北屯機捷預售屋．近好市多,/buildings/bh10/,1,1,1,1,0
fb / bh10,fb20255-1,北屯敦富路【遠雄敦富】- 北屯機捷預售屋．近好市多,/buildings/bh10/,1,1,1,1,1
fb / bh10,fb20255-2,北屯敦富路【遠雄敦富】- 北屯機捷預售屋．近好市多,/buildings/bh10/,1,1,1,1,6
fb / bh10,fb20255-5,北屯敦富路【遠雄敦富】- 北屯機捷預售屋．近好市多,/buildings/bh10/,1,1,1,1,4
fb / bh10,fb20257-4,北屯敦富路【遠雄敦富】- 北屯機捷預售屋．近好市多,/buildings/bh10/,1,1,1,1,0
fb / bh10,fb20259-5,北屯敦富路【遠雄敦富】- 北屯機捷預售屋．近好市多,/buildings/bh10/,1,1,1,1,7
fb / bh10,fb2025video6-1,北屯敦富路【遠雄敦富】- 北屯機捷預售屋．近好市多,/buildings/bh10/,1,1,1,1,7
fb / eh5,fb31-1,北屯敦富路【遠雄敦富】- 北屯機捷預售屋．近好市多,/buildings/bh10/,1,1,1,1,0
fb / bh10,fb4-3,北屯敦富路【遠雄敦富】- 北屯機捷預售屋．近好市多,/buildings/bh10/,1,1,1,1,7
fb / bh10,fb6-7,北屯敦富路【遠雄敦富】- 北屯機捷預售屋．近好市多,/buildings/bh10/,1,1,1,1,0
fb / bh10,fbfanpage1009,北屯敦富路【遠雄敦富】- 北屯機捷預售屋．近好市多,/buildings/bh10/,1,1,1,1,71
fb / bh10,fbfanpage1206,北屯敦富路【遠雄敦富】- 北屯機捷預售屋．近好市多,/buildings/bh10/,1,1,1,1,0
fb / bh10,fbfanpage1219,北屯敦富路【遠雄敦富】- 北屯機捷預售屋．近好市多,/buildings/bh10/,1,1,1,1,1
gdn / bh10,gdn202502-1,北屯敦富路【遠雄敦富】- 北屯機捷預售屋．近好市多,/buildings/bh10/,1,1,1,1,0
gdn / bh10,gdn20252-4,北屯敦富路【遠雄敦富】- 北屯機捷預售屋．近好市多,/buildings/bh10/,1,1,1,1,0
google / cpc,gdn20257-5,北屯敦富路【遠雄敦富】- 北屯機捷預售屋．近好市多,/buildings/bh10/,1,1,1,1,11
ig / social,ig,北屯敦富路【遠雄敦富】- 北屯機捷預售屋．近好市多,/buildings/bh10/,1,1,1,1,63
taboola / fm3,impB,北屯敦富路【遠雄敦富】- 北屯機捷預售屋．近好市多,/buildings/bh10/,1,1,1,1,14
line-lap / bh7,lap-1,北屯敦富路【遠雄敦富】- 北屯機捷預售屋．近好市多,/buildings/bh10/,1,1,1,1,0
line-lap / cqh1,lap-2,北屯敦富路【遠雄敦富】- 北屯機捷預售屋．近好市多,/buildings/bh10/,1,1,1,1,5
fb / bh8,leads,北屯敦富路【遠雄敦富】- 北屯機捷預售屋．近好市多,/buildings/bh10/,1,1,1,1,24
leju / bh9,lejupage,北屯敦富路【遠雄敦富】- 北屯機捷預售屋．近好市多,/buildings/bh10/,1,1,1,1,25
line-lap / bh10,line-lap20252-1,北屯敦富路【遠雄敦富】- 北屯機捷預售屋．近好市多,/buildings/bh10/,1,1,1,1,4
line-lap / bh10,line-lap20252-2,北屯敦富路【遠雄敦富】- 北屯機捷預售屋．近好市多,/buildings/bh10/,1,1,1,1,4
line-lap / bh10,line-lap20253-1,北屯敦富路【遠雄敦富】- 北屯機捷預售屋．近好市多,/buildings/bh10/,1,1,1,1,4
fgr-line / fgr,playlist=e93ee4e&video=58b6cce,北屯敦富路【遠雄敦富】- 北屯機捷預售屋．近好市多,/buildings/bh10/,1,1,2,2,14
print / bh10,printdm,北屯敦富路【遠雄敦富】- 北屯機捷預售屋．近好市多,/buildings/bh10/,1,1,1,1,0
fb / bh5,privacy,北屯敦富路【遠雄敦富】- 北屯機捷預售屋．近好市多,/buildings/bh10/,1,1,1,1,63
web-chinatimes / bh10,web-chinatimes0925,北屯敦富路【遠雄敦富】- 北屯機捷預售屋．近好市多,/buildings/bh10/,1,1,1,1,44
web-udn / bh10,web-udn0913,北屯敦富路【遠雄敦富】- 北屯機捷預售屋．近好市多,/buildings/bh10/,1,1,1,1,95
web-udn / bh10,web-udn1212,北屯敦富路【遠雄敦富】- 北屯機捷預售屋．近好市多,/buildings/bh10/,1,1,1,1,11
web-udn / bh10,webudn-1122,北屯敦富路【遠雄敦富】- 北屯機捷預售屋．近好市多,/buildings/bh10/,1,1,1,1,19
web-udn / bh10,webudn0830,北屯敦富路【遠雄敦富】- 北屯機捷預售屋．近好市多,/buildings/bh10/,1,1,1,1,26
web-udn / bh10,webudn0925,北屯敦富路【遠雄敦富】- 北屯機捷預售屋．近好市多,/buildings/bh10/,1,1,1,1,0
google / cpc,遠雄幸福成_H713_關鍵字_0516_外縣市,北屯敦富路【遠雄敦富】- 北屯機捷預售屋．近好市多,/buildings/bh10/,1,1,1,1,51
avivid / bh11,20251212,(1) 封未讀訊息 | (1) 封未讀訊息 | 遠雄14期首發【遠雄丰尚】北屯新案．近漢神洲際百貨,/buildings/bh11/,1,1,0,0,8
google / cpc,20251204,Farglory Phase 14 の立ち上げ: 阪神インターコンチネンタル百貨店近くの北屯にある新プロジェクト、Farglory Fengshang。,/buildings/bh11/,1,1,0,0,0
google / cpc,20251204,Farglory အဆင့် ၁၄ မိတ်ဆက်ပွဲ- Hanshin Intercontinental Department Store အနီး Beitun ရှိ စီမံကိန်းအသစ်တစ်ခုဖြစ်သည့် Farglory Fengshang။,/buildings/bh11/,1,1,0,0,41
google / cpc,20251204,"Lancement de la phase 14 de Farglory : Farglory Fengshang, un nouveau projet à Beitun, près du grand magasin intercontinental Hanshin.",/buildings/bh11/,1,1,0,0,0
(direct) / (none),(direct),"Peluncuran Farglory Fase 14: Farglory Fengshang, proyek baru di Beitun, dekat Department Store Hanshin Intercontinental.",/buildings/bh11/,1,1,0,0,0
google / cpc,20251204,افتتاح فاز ۱۴ فارگلوری: فارگلوری فنگشانگ، یک پروژه جدید در بیتون، نزدیک فروشگاه بزرگ بین قاره‌ای هانشین.,/buildings/bh11/,1,1,0,0,15
google / cpc,(not set),遠雄14期首發【遠雄丰尚】北屯新案．近漢神洲際百貨,/buildings/bh11/,1,1,1,1,9
facebook.com / referral,(referral),遠雄14期首發【遠雄丰尚】北屯新案．近漢神洲際百貨,/buildings/bh11/,1,1,1,1,16
statics.teams.cdn.office.net / referral,(referral),遠雄14期首發【遠雄丰尚】北屯新案．近漢神洲際百貨,/buildings/bh11/,1,1,0,0,11
webnews / h713,11409,遠雄14期首發【遠雄丰尚】北屯新案．近漢神洲際百貨,/buildings/bh11/,1,1,1,1,0
fb / bh7,12,遠雄14期首發【遠雄丰尚】北屯新案．近漢神洲際百貨,/buildings/bh11/,1,1,1,1,0
fb / eh2,12-2,遠雄14期首發【遠雄丰尚】北屯新案．近漢神洲際百貨,/buildings/bh11/,1,1,1,1,0
fb / paid,120229456515280138,遠雄14期首發【遠雄丰尚】北屯新案．近漢神洲際百貨,/buildings/bh11/,1,1,1,1,0
line-lap / dh2,15,遠雄14期首發【遠雄丰尚】北屯新案．近漢神洲際百貨,/buildings/bh11/,1,1,1,1,0
fgr-line / H707,20221519,遠雄14期首發【遠雄丰尚】北屯新案．近漢神洲際百貨,/buildings/bh11/,1,1,2,2,24
google_kw / BH8,20240816_台中 建案,遠雄14期首發【遠雄丰尚】北屯新案．近漢神洲際百貨,/buildings/bh11/,1,1,1,1,5
google_kw / BH8,20240816_台中中科,遠雄14期首發【遠雄丰尚】北屯新案．近漢神洲際百貨,/buildings/bh11/,1,1,1,1,7
google_kw / BH8,20240816_品牌字,遠雄14期首發【遠雄丰尚】北屯新案．近漢神洲際百貨,/buildings/bh11/,1,1,1,1,27
google / cpc,20250616_北投士林豪宅/別墅,遠雄14期首發【遠雄丰尚】北屯新案．近漢神洲際百貨,/buildings/bh11/,1,1,1,1,16
google / cpc,20250616_品牌字,遠雄14期首發【遠雄丰尚】北屯新案．近漢神洲際百貨,/buildings/bh11/,1,1,1,1,11
gdn / bh11,20250829,遠雄14期首發【遠雄丰尚】北屯新案．近漢神洲際百貨,/buildings/bh11/,1,1,1,1,0
google / cpc,20250901,遠雄14期首發【遠雄丰尚】北屯新案．近漢神洲際百貨,/buildings/bh11/,1,1,3,3,3
gdn / bh11,20250918,遠雄14期首發【遠雄丰尚】北屯新案．近漢神洲際百貨,/buildings/bh11/,1,1,1,1,0
yahoo_native / 5vo1,202510_4,遠雄14期首發【遠雄丰尚】北屯新案．近漢神洲際百貨,/buildings/bh11/,1,1,1,1,10
google_kw / 5vo1,202511,遠雄14期首發【遠雄丰尚】北屯新案．近漢神洲際百貨,/buildings/bh11/,1,1,1,1,0
google_gdn / 5vo1,20251124_1103,遠雄14期首發【遠雄丰尚】北屯新案．近漢神洲際百貨,/buildings/bh11/,1,1,1,1,0
fb / 5vo1,20251201,遠雄14期首發【遠雄丰尚】北屯新案．近漢神洲際百貨,/buildings/bh11/,1,1,1,1,36
google_gdn / 5vo1,20251201,遠雄14期首發【遠雄丰尚】北屯新案．近漢神洲際百貨,/buildings/bh11/,1,1,1,1,0
line-lap / eh2,20251208,遠雄14期首發【遠雄丰尚】北屯新案．近漢神洲際百貨,/buildings/bh11/,1,1,0,0,14
line / bh11,20251212,遠雄14期首發【遠雄丰尚】北屯新案．近漢神洲際百貨,/buildings/bh11/,1,1,1,1,0
fb / bh7,20251215post,遠雄14期首發【遠雄丰尚】北屯新案．近漢神洲際百貨,/buildings/bh11/,1,1,1,1,13
fb / h713,96,遠雄14期首發【遠雄丰尚】北屯新案．近漢神洲際百貨,/buildings/bh11/,1,1,1,1,62
sms / aep-cdp,CRM-001-D,遠雄14期首發【遠雄丰尚】北屯新案．近漢神洲際百貨,/buildings/bh11/,1,1,1,1,103
google / cpc,area,遠雄14期首發【遠雄丰尚】北屯新案．近漢神洲際百貨,/buildings/bh11/,1,1,1,1,59
google / cpc,com,遠雄14期首發【遠雄丰尚】北屯新案．近漢神洲際百貨,/buildings/bh11/,1,1,1,1,1
web-ettoday / eh2,ettoday_202512,遠雄14期首發【遠雄丰尚】北屯新案．近漢神洲際百貨,/buildings/bh11/,1,1,1,1,5
fb / bh8,fanpage,遠雄14期首發【遠雄丰尚】北屯新案．近漢神洲際百貨,/buildings/bh11/,1,1,1,1,0
fb / bh10,fb10-8,遠雄14期首發【遠雄丰尚】北屯新案．近漢神洲際百貨,/buildings/bh11/,1,1,2,2,7
fb / bh8,fb16-2,遠雄14期首發【遠雄丰尚】北屯新案．近漢神洲際百貨,/buildings/bh11/,1,1,2,2,68
fb / bh8,fb19-1,遠雄14期首發【遠雄丰尚】北屯新案．近漢神洲際百貨,/buildings/bh11/,1,1,1,1,0
fb / bh8,fb20-1,遠雄14期首發【遠雄丰尚】北屯新案．近漢神洲際百貨,/buildings/bh11/,1,1,1,1,249
leju / eh2,fbgroups,遠雄14期首發【遠雄丰尚】北屯新案．近漢神洲際百貨,/buildings/bh11/,1,1,1,1,3
google_kw / bh7,googlemap,遠雄14期首發【遠雄丰尚】北屯新案．近漢神洲際百貨,/buildings/bh11/,1,1,2,2,32
line-lap / bh7,lap-2,遠雄14期首發【遠雄丰尚】北屯新案．近漢神洲際百貨,/buildings/bh11/,1,1,1,1,0
line-lap / cqh1,lap-3,遠雄14期首發【遠雄丰尚】北屯新案．近漢神洲際百貨,/buildings/bh11/,1,1,1,1,4
leju / bh9,lejupage,遠雄14期首發【遠雄丰尚】北屯新案．近漢神洲際百貨,/buildings/bh11/,1,1,1,1,27
line-lap / bh10,line-lap202511-3,遠雄14期首發【遠雄丰尚】北屯新案．近漢神洲際百貨,/buildings/bh11/,1,1,2,2,1
line-fgr / bh7,linefgrbh7,遠雄14期首發【遠雄丰尚】北屯新案．近漢神洲際百貨,/buildings/bh11/,1,1,1,1,85
google / cpc,taipei,遠雄14期首發【遠雄丰尚】北屯新案．近漢神洲際百貨,/buildings/bh11/,1,1,1,1,0
mkto-sn070013.com / referral,(referral),找不到頁面 - 遠雄房地產,/buildings/bh2/,1,1,1,1,2
line-lap / bh2,20221201,找不到頁面 - 遠雄房地產,/buildings/bh2/,1,1,1,1,4
web-ettoday / bh2,20221202,找不到頁面 - 遠雄房地產,/buildings/bh2/,1,1,1,1,3
google / cpc,(organic),(1) 封未讀訊息 | 遠雄琉蘊 -台中市西屯區七期預售屋/新建案-預約賞屋，遠雄房地產,/buildings/bh5/,1,1,0,0,63
fb / bh5,leads,(1) 封未讀訊息 | 遠雄琉蘊 -台中市西屯區七期預售屋/新建案-預約賞屋，遠雄房地產,/buildings/bh5/,1,1,0,0,0
google / cpc,(organic),(2) 封未讀訊息 | 遠雄琉蘊 -台中市西屯區七期預售屋/新建案-預約賞屋，遠雄房地產,/buildings/bh5/,1,1,0,0,55
google / cpc,(organic),"Farglory Liuyun - Pre-sale/New Construction Project in Xitun District, Taichung City - Schedule a Viewing - Farglory Real Estate",/buildings/bh5/,1,1,0,0,5
yahoo_native / bh5,(referral),"Farglory Liuyun - Pre-sale/New Construction Project in Xitun District, Taichung City - Schedule a Viewing - Farglory Real Estate",/buildings/bh5/,1,1,0,0,153
fb / bh5,36,"Farglory Liuyun - Pre-sale/New Construction Project in Xitun District, Taichung City - Schedule a Viewing - Farglory Real Estate",/buildings/bh5/,1,1,1,1,0
dm-np / bh5,1121226,"Yuanxiong Liuyun - Pre-sale House/New Construction in Phase 7, Xitun District, Taichung City - Reservation for House Appreciation, Yuanxiong Real Estate",/buildings/bh5/,1,1,0,0,45
google / cpc,(organic),远雄琉蕴-台中市西屯区七期预售屋/新建案-预约赏屋，远雄房地产,/buildings/bh5/,1,1,0,0,27
chatgpt.com / (not set),(not set),遠雄琉蘊 -台中市西屯區七期預售屋/新建案-預約賞屋，遠雄房地產,/buildings/bh5/,1,1,1,1,28
fb / linebutton,(not set),遠雄琉蘊 -台中市西屯區七期預售屋/新建案-預約賞屋，遠雄房地產,/buildings/bh5/,1,1,1,1,0
google_kw&utm_medium=bh5&gad_source=1&gad_campaignid=20068198977&gclid=CjwKCAiAmKnKBhBrEiwAaqAnZ1T0LQmPlTrVt2Jvh1Y6xkYgvO_LmBvuEQnkgEkxgl3VFnIICo746BoC_TYQAvD_BwE / (not set),(not set),遠雄琉蘊 -台中市西屯區七期預售屋/新建案-預約賞屋，遠雄房地產,/buildings/bh5/,1,1,1,1,1
console-v2.omnichat.ai / referral,(referral),遠雄琉蘊 -台中市西屯區七期預售屋/新建案-預約賞屋，遠雄房地產,/buildings/bh5/,1,1,1,1,0
l.instagram.com / referral,(referral),遠雄琉蘊 -台中市西屯區七期預售屋/新建案-預約賞屋，遠雄房地產,/buildings/bh5/,1,1,1,1,0
webnews / bh5,1120614,遠雄琉蘊 -台中市西屯區七期預售屋/新建案-預約賞屋，遠雄房地產,/buildings/bh5/,1,1,1,1,0
webnews / bh5,1130104,遠雄琉蘊 -台中市西屯區七期預售屋/新建案-預約賞屋，遠雄房地產,/buildings/bh5/,1,1,1,1,12
webnews / bh5,11306,遠雄琉蘊 -台中市西屯區七期預售屋/新建案-預約賞屋，遠雄房地產,/buildings/bh5/,1,1,1,1,7
webnews / bh5,11308,遠雄琉蘊 -台中市西屯區七期預售屋/新建案-預約賞屋，遠雄房地產,/buildings/bh5/,1,1,1,1,105
webnews / bh5,11312,遠雄琉蘊 -台中市西屯區七期預售屋/新建案-預約賞屋，遠雄房地產,/buildings/bh5/,1,1,3,3,68
ig / paid,120238384775810537,遠雄琉蘊 -台中市西屯區七期預售屋/新建案-預約賞屋，遠雄房地產,/buildings/bh5/,1,1,1,1,0
dm-np / bh5,202405,遠雄琉蘊 -台中市西屯區七期預售屋/新建案-預約賞屋，遠雄房地產,/buildings/bh5/,1,1,1,1,57
google_kw / BH8,20240816_台中七期,遠雄琉蘊 -台中市西屯區七期預售屋/新建案-預約賞屋，遠雄房地產,/buildings/bh5/,1,1,1,1,8
fb / o1,20250422_23-1,遠雄琉蘊 -台中市西屯區七期預售屋/新建案-預約賞屋，遠雄房地產,/buildings/bh5/,1,1,1,1,304
yahoo_native / 5vo1,202510_4,遠雄琉蘊 -台中市西屯區七期預售屋/新建案-預約賞屋，遠雄房地產,/buildings/bh5/,1,1,1,1,35
google_kw / 5vo1,202511,遠雄琉蘊 -台中市西屯區七期預售屋/新建案-預約賞屋，遠雄房地產,/buildings/bh5/,1,1,1,1,0
fb / 5vo1,20251102,遠雄琉蘊 -台中市西屯區七期預售屋/新建案-預約賞屋，遠雄房地產,/buildings/bh5/,1,1,0,0,0
fb / hm2,20251104TA,遠雄琉蘊 -台中市西屯區七期預售屋/新建案-預約賞屋，遠雄房地產,/buildings/bh5/,1,1,1,1,1
yahoo_native / 5vo1,20251124_1102,遠雄琉蘊 -台中市西屯區七期預售屋/新建案-預約賞屋，遠雄房地產,/buildings/bh5/,1,1,1,1,58
fb / bh5,23,遠雄琉蘊 -台中市西屯區七期預售屋/新建案-預約賞屋，遠雄房地產,/buildings/bh5/,1,1,1,1,60
google / cpc,O1_特色字_2025.0801,遠雄琉蘊 -台中市西屯區七期預售屋/新建案-預約賞屋，遠雄房地產,/buildings/bh5/,1,1,1,1,95
google / cpc,area,遠雄琉蘊 -台中市西屯區七期預售屋/新建案-預約賞屋，遠雄房地產,/buildings/bh5/,1,1,1,1,39
google / cpc,banqiao,遠雄琉蘊 -台中市西屯區七期預售屋/新建案-預約賞屋，遠雄房地產,/buildings/bh5/,1,1,1,1,0
google / cpc,competitor0829,遠雄琉蘊 -台中市西屯區七期預售屋/新建案-預約賞屋，遠雄房地產,/buildings/bh5/,1,1,1,1,8
google / cpc,corearea0829,遠雄琉蘊 -台中市西屯區七期預售屋/新建案-預約賞屋，遠雄房地產,/buildings/bh5/,1,1,1,1,15
socialmedia / fgr,fb_bh5_20250507,遠雄琉蘊 -台中市西屯區七期預售屋/新建案-預約賞屋，遠雄房地產,/buildings/bh5/,1,1,3,3,2
googlemap / bh2,googlemap,遠雄琉蘊 -台中市西屯區七期預售屋/新建案-預約賞屋，遠雄房地產,/buildings/bh5/,1,1,1,1,13
taboola / fm3,impB,遠雄琉蘊 -台中市西屯區七期預售屋/新建案-預約賞屋，遠雄房地產,/buildings/bh5/,1,1,1,1,12
google / cpc,information2,遠雄琉蘊 -台中市西屯區七期預售屋/新建案-預約賞屋，遠雄房地產,/buildings/bh5/,1,1,2,2,10
google / cpc,information4,遠雄琉蘊 -台中市西屯區七期預售屋/新建案-預約賞屋，遠雄房地產,/buildings/bh5/,1,1,2,2,89
fb / bh8,leads,遠雄琉蘊 -台中市西屯區七期預售屋/新建案-預約賞屋，遠雄房地產,/buildings/bh5/,1,1,1,1,15
leju / bh9,lejupage,遠雄琉蘊 -台中市西屯區七期預售屋/新建案-預約賞屋，遠雄房地產,/buildings/bh5/,1,1,1,1,99
leju / h707,lejupage,遠雄琉蘊 -台中市西屯區七期預售屋/新建案-預約賞屋，遠雄房地產,/buildings/bh5/,1,1,2,2,432
line-fgr / bh7,linefgrbh7,遠雄琉蘊 -台中市西屯區七期預售屋/新建案-預約賞屋，遠雄房地產,/buildings/bh5/,1,1,1,1,0
socialmedia / fgr,metalink-ai-hub,遠雄琉蘊 -台中市西屯區七期預售屋/新建案-預約賞屋，遠雄房地產,/buildings/bh5/,1,1,1,1,0
fb / h713,page,遠雄琉蘊 -台中市西屯區七期預售屋/新建案-預約賞屋，遠雄房地產,/buildings/bh5/,1,1,1,1,0
google / cpc,taichung,遠雄琉蘊 -台中市西屯區七期預售屋/新建案-預約賞屋，遠雄房地產,/buildings/bh5/,1,1,2,2,6
google / cpc,(not set),遠雄藝舍-台中西屯區麥當勞旁金店面-預約賞屋，遠雄房地產,/buildings/bh6/,1,1,1,1,1
webnews / bh6,(not set),遠雄藝舍-台中西屯區麥當勞旁金店面-預約賞屋，遠雄房地產,/buildings/bh6/,1,1,1,1,73
bing / organic,(organic),遠雄藝舍-台中西屯區麥當勞旁金店面-預約賞屋，遠雄房地產,/buildings/bh6/,1,1,1,1,4
mkto-sn070013.com / referral,(referral),遠雄藝舍-台中西屯區麥當勞旁金店面-預約賞屋，遠雄房地產,/buildings/bh6/,1,1,1,1,32
reurl.cc / referral,(referral),遠雄藝舍-台中西屯區麥當勞旁金店面-預約賞屋，遠雄房地產,/buildings/bh6/,1,1,1,1,92
line-lap / BH6,20220801,遠雄藝舍-台中西屯區麥當勞旁金店面-預約賞屋，遠雄房地產,/buildings/bh6/,1,1,1,1,5
line-lap / bh6,20230401-2,遠雄藝舍-台中西屯區麥當勞旁金店面-預約賞屋，遠雄房地產,/buildings/bh6/,1,1,1,1,4
line-lap / bh6,20240129linelap,遠雄藝舍-台中西屯區麥當勞旁金店面-預約賞屋，遠雄房地產,/buildings/bh6/,1,1,1,1,5
yahoo_native / 5vo1,202510_4,遠雄藝舍-台中西屯區麥當勞旁金店面-預約賞屋，遠雄房地產,/buildings/bh6/,1,1,1,1,13
(not set),20251107一輪播,遠雄藝舍-台中西屯區麥當勞旁金店面-預約賞屋，遠雄房地產,/buildings/bh6/,1,1,1,1,21
yahoo_native / 5vo1,20251124_1102,遠雄藝舍-台中西屯區麥當勞旁金店面-預約賞屋，遠雄房地產,/buildings/bh6/,1,1,1,1,83
google / cpc,area,遠雄藝舍-台中西屯區麥當勞旁金店面-預約賞屋，遠雄房地產,/buildings/bh6/,1,1,1,1,46
google / cpc,brand0829,遠雄藝舍-台中西屯區麥當勞旁金店面-預約賞屋，遠雄房地產,/buildings/bh6/,1,1,1,1,26
google / cpc,corearea0829,遠雄藝舍-台中西屯區麥當勞旁金店面-預約賞屋，遠雄房地產,/buildings/bh6/,1,1,1,1,117
fb / bh8,fanpage,遠雄藝舍-台中西屯區麥當勞旁金店面-預約賞屋，遠雄房地產,/buildings/bh6/,1,1,1,1,39
fb / bh11,fanpagebutton,遠雄藝舍-台中西屯區麥當勞旁金店面-預約賞屋，遠雄房地產,/buildings/bh6/,1,1,1,1,51
fb / bh6,fbfanpage0529,遠雄藝舍-台中西屯區麥當勞旁金店面-預約賞屋，遠雄房地產,/buildings/bh6/,1,1,1,1,0
leju / h707,lejupage,遠雄藝舍-台中西屯區麥當勞旁金店面-預約賞屋，遠雄房地產,/buildings/bh6/,1,1,1,1,66
web-news / bh6,web-news0709,遠雄藝舍-台中西屯區麥當勞旁金店面-預約賞屋，遠雄房地產,/buildings/bh6/,1,1,1,1,11
google / cpc,brand,(1) 封未讀訊息 | 【遠雄樂元】北屯機捷X好市多，雙首排大道最核心，夠近才最好,/buildings/bh7/,1,1,1,1,9
google / cpc,core,(1) 封未讀訊息 | 【遠雄樂元】北屯機捷X好市多，雙首排大道最核心，夠近才最好,/buildings/bh7/,1,1,0,0,0
google_kw / bh7,core,"【Farglory Leyuan】Beitun Airport MRT and Costco, prime location with two first-row seats on the main road, proximity is key.",/buildings/bh7/,1,1,0,0,71
google / cpc,(not set),【遠雄樂元】北屯機捷X好市多，雙首排大道最核心，夠近才最好,/buildings/bh7/,1,1,1,1,8
yahoo / organic,(organic),【遠雄樂元】北屯機捷X好市多，雙首排大道最核心，夠近才最好,/buildings/bh7/,1,1,1,1,46
app.omnichat.ai / referral,(referral),【遠雄樂元】北屯機捷X好市多，雙首排大道最核心，夠近才最好,/buildings/bh7/,1,1,1,1,3
excel.officeapps.live.com / referral,(referral),【遠雄樂元】北屯機捷X好市多，雙首排大道最核心，夠近才最好,/buildings/bh7/,1,1,1,1,14
mkto-sn070013.com / referral,(referral),【遠雄樂元】北屯機捷X好市多，雙首排大道最核心，夠近才最好,/buildings/bh7/,1,1,1,1,11
fb / bh7,1,【遠雄樂元】北屯機捷X好市多，雙首排大道最核心，夠近才最好,/buildings/bh7/,1,1,1,1,0
fb / h707,1,【遠雄樂元】北屯機捷X好市多，雙首排大道最核心，夠近才最好,/buildings/bh7/,1,1,1,1,34
fb / bh11,12-1,【遠雄樂元】北屯機捷X好市多，雙首排大道最核心，夠近才最好,/buildings/bh7/,1,1,2,2,34
fb / paid,120210744263750402,【遠雄樂元】北屯機捷X好市多，雙首排大道最核心，夠近才最好,/buildings/bh7/,1,1,1,1,13
fb / paid,120238384775810537,【遠雄樂元】北屯機捷X好市多，雙首排大道最核心，夠近才最好,/buildings/bh7/,1,1,1,1,0
google / cpc,20250616_台北豪宅/別墅,【遠雄樂元】北屯機捷X好市多，雙首排大道最核心，夠近才最好,/buildings/bh7/,1,1,0,0,9
yahoo_native / 5vo1,202510_4,【遠雄樂元】北屯機捷X好市多，雙首排大道最核心，夠近才最好,/buildings/bh7/,1,1,1,1,13
google_kw / 5vo1,202511,【遠雄樂元】北屯機捷X好市多，雙首排大道最核心，夠近才最好,/buildings/bh7/,1,1,1,1,1
line-lap / 5vo1,20251123_1102,【遠雄樂元】北屯機捷X好市多，雙首排大道最核心，夠近才最好,/buildings/bh7/,1,1,1,1,0
fb / 5vo1,20251201,【遠雄樂元】北屯機捷X好市多，雙首排大道最核心，夠近才最好,/buildings/bh7/,1,1,1,1,44
line / bh11,20251204,【遠雄樂元】北屯機捷X好市多，雙首排大道最核心，夠近才最好,/buildings/bh7/,1,1,1,1,0
(not set),20251230一輪播,【遠雄樂元】北屯機捷X好市多，雙首排大道最核心，夠近才最好,/buildings/bh7/,1,1,1,1,1
fb / bh7,4,【遠雄樂元】北屯機捷X好市多，雙首排大道最核心，夠近才最好,/buildings/bh7/,1,1,1,1,1
fb / h707,40,【遠雄樂元】北屯機捷X好市多，雙首排大道最核心，夠近才最好,/buildings/bh7/,1,1,2,2,2
fb / h707,41,【遠雄樂元】北屯機捷X好市多，雙首排大道最核心，夠近才最好,/buildings/bh7/,1,1,2,2,1
google / cpc,area,【遠雄樂元】北屯機捷X好市多，雙首排大道最核心，夠近才最好,/buildings/bh7/,1,1,1,1,0
google / cpc,area14,【遠雄樂元】北屯機捷X好市多，雙首排大道最核心，夠近才最好,/buildings/bh7/,1,1,1,1,11
fb / cqh1,fb-28-1,【遠雄樂元】北屯機捷X好市多，雙首排大道最核心，夠近才最好,/buildings/bh7/,1,1,1,1,35
fb / dgm1,fb12-1,【遠雄樂元】北屯機捷X好市多，雙首排大道最核心，夠近才最好,/buildings/bh7/,1,1,2,2,2
fb / bh8,fb19-1,【遠雄樂元】北屯機捷X好市多，雙首排大道最核心，夠近才最好,/buildings/bh7/,1,1,1,1,1
fb / bh8,fb20-1,【遠雄樂元】北屯機捷X好市多，雙首排大道最核心，夠近才最好,/buildings/bh7/,1,1,1,1,0
fb / bh8,fb23-1,【遠雄樂元】北屯機捷X好市多，雙首排大道最核心，夠近才最好,/buildings/bh7/,1,1,1,1,7
fb / dgm1,fb5-3,【遠雄樂元】北屯機捷X好市多，雙首排大道最核心，夠近才最好,/buildings/bh7/,1,1,1,1,0
fb / bh10,fbearlybird_form,【遠雄樂元】北屯機捷X好市多，雙首排大道最核心，夠近才最好,/buildings/bh7/,1,1,1,1,30
google / cpc,information4,【遠雄樂元】北屯機捷X好市多，雙首排大道最核心，夠近才最好,/buildings/bh7/,1,1,1,1,1
fgr-line / fgr,kitchen,【遠雄樂元】北屯機捷X好市多，雙首排大道最核心，夠近才最好,/buildings/bh7/,1,1,1,1,61
leju / bh9,lejupage,【遠雄樂元】北屯機捷X好市多，雙首排大道最核心，夠近才最好,/buildings/bh7/,1,1,1,1,24
line-lap / bh10,line-lap20257-5,【遠雄樂元】北屯機捷X好市多，雙首排大道最核心，夠近才最好,/buildings/bh7/,1,1,1,1,10
591 / bh7,message,【遠雄樂元】北屯機捷X好市多，雙首排大道最核心，夠近才最好,/buildings/bh7/,1,1,1,1,27
google / cpc,taipei,【遠雄樂元】北屯機捷X好市多，雙首排大道最核心，夠近才最好,/buildings/bh7/,1,1,1,1,14
google / cpc,遠雄幸福成_H713_關鍵字_0516_中彰,【遠雄樂元】北屯機捷X好市多，雙首排大道最核心，夠近才最好,/buildings/bh7/,1,1,1,1,5
(not set),20251209一輪播,(1) 封未讀訊息 | 台中西屯建案【遠雄洄山行】．2-4房方正格局,/buildings/bh8/,1,1,0,0,0
google / cpc,brand,(1) 封未讀訊息 | 台中西屯建案【遠雄洄山行】．2-4房方正格局,/buildings/bh8/,1,1,1,1,5
(not set),(not set),台中西屯建案【遠雄洄山行】．2-4房方正格局,/buildings/bh8/,1,1,0,0,177
fb / bh11,11-3,台中西屯建案【遠雄洄山行】．2-4房方正格局,/buildings/bh8/,1,1,1,1,31
fb / paid,120207082473750558,台中西屯建案【遠雄洄山行】．2-4房方正格局,/buildings/bh8/,1,1,1,1,122
fb / paid,120210867110050402,台中西屯建案【遠雄洄山行】．2-4房方正格局,/buildings/bh8/,1,1,1,1,0
fb / paid,120229456515280138,台中西屯建案【遠雄洄山行】．2-4房方正格局,/buildings/bh8/,1,1,1,1,5
fb / paid,120233718740630316,台中西屯建案【遠雄洄山行】．2-4房方正格局,/buildings/bh8/,1,1,2,2,25
google / cpc,19,台中西屯建案【遠雄洄山行】．2-4房方正格局,/buildings/bh8/,1,1,1,1,19
web-udn / bh8,20241021,台中西屯建案【遠雄洄山行】．2-4房方正格局,/buildings/bh8/,1,1,1,1,394
(not set),202501003二輪播,台中西屯建案【遠雄洄山行】．2-4房方正格局,/buildings/bh8/,1,1,1,1,59
google / cpc,20250616_競品字,台中西屯建案【遠雄洄山行】．2-4房方正格局,/buildings/bh8/,1,1,2,2,1
(not set),20250905五輪播,台中西屯建案【遠雄洄山行】．2-4房方正格局,/buildings/bh8/,1,1,1,1,35
(not set),20251023一輪播,台中西屯建案【遠雄洄山行】．2-4房方正格局,/buildings/bh8/,1,1,2,2,312
yahoo_native / 5vo1,202510_4,台中西屯建案【遠雄洄山行】．2-4房方正格局,/buildings/bh8/,1,1,1,1,17
fgr-line / bh9,20251205,台中西屯建案【遠雄洄山行】．2-4房方正格局,/buildings/bh8/,1,1,1,1,8
fb / bh5,40,台中西屯建案【遠雄洄山行】．2-4房方正格局,/buildings/bh8/,1,1,1,1,64
fb / bh5,43,台中西屯建案【遠雄洄山行】．2-4房方正格局,/buildings/bh8/,1,1,1,1,37
google / cpc,beitun,台中西屯建案【遠雄洄山行】．2-4房方正格局,/buildings/bh8/,1,1,1,1,28
google / cpc,competitor,台中西屯建案【遠雄洄山行】．2-4房方正格局,/buildings/bh8/,1,1,1,1,34
google / cpc,competitor0829,台中西屯建案【遠雄洄山行】．2-4房方正格局,/buildings/bh8/,1,1,1,1,4
fb / bh8,fb15-2,台中西屯建案【遠雄洄山行】．2-4房方正格局,/buildings/bh8/,1,1,1,1,0
fb / eh5,fb31-5,台中西屯建案【遠雄洄山行】．2-4房方正格局,/buildings/bh8/,1,1,2,2,0
fb / bh10,fbearlybird_form,台中西屯建案【遠雄洄山行】．2-4房方正格局,/buildings/bh8/,1,1,1,1,7
fb / bh7,fbpage,台中西屯建案【遠雄洄山行】．2-4房方正格局,/buildings/bh8/,1,1,1,1,0
google_kw / bh8,googlemap,台中西屯建案【遠雄洄山行】．2-4房方正格局,/buildings/bh8/,1,1,1,1,17
google / cpc,landmark0829,台中西屯建案【遠雄洄山行】．2-4房方正格局,/buildings/bh8/,1,1,1,1,25
webnews / bh8,lavie,台中西屯建案【遠雄洄山行】．2-4房方正格局,/buildings/bh8/,1,1,2,2,1
leju / h707,lejupage,台中西屯建案【遠雄洄山行】．2-4房方正格局,/buildings/bh8/,1,1,3,3,103
socialmedia / fgr,metalink-ai-hub,台中西屯建案【遠雄洄山行】．2-4房方正格局,/buildings/bh8/,1,1,1,1,79
mydachi / bh10,mydachiwebsite1217,台中西屯建案【遠雄洄山行】．2-4房方正格局,/buildings/bh8/,1,1,1,1,118
google / cpc,othercities_brand,台中西屯建案【遠雄洄山行】．2-4房方正格局,/buildings/bh8/,1,1,1,1,5
fgr-line / fgr,playlist=e93ee4e&video=58b6cce,台中西屯建案【遠雄洄山行】．2-4房方正格局,/buildings/bh8/,1,1,2,2,39
google / cpc,brand,(1) 封未讀訊息 | (1) 封未讀訊息 | 水湳建案【遠雄綠美】鄰近綠美圖．中央公園預售屋,/buildings/bh9/,1,1,0,0,24
google / cpc,(not set),"The Shuinan residential project, Farglory Green Beauty, is near Green Beauty Gallery and Central Park. (Pre-sale units available)",/buildings/bh9/,1,1,0,0,83
(not set),(not set),水湳建案【遠雄綠美】鄰近綠美圖．中央公園預售屋,/buildings/bh9/,1,1,0,0,0
webnews / bh6,(not set),水湳建案【遠雄綠美】鄰近綠美圖．中央公園預售屋,/buildings/bh9/,1,1,1,1,66
chatgpt.com / referral,(referral),水湳建案【遠雄綠美】鄰近綠美圖．中央公園預售屋,/buildings/bh9/,1,1,1,1,7
market.ltn.com.tw / referral,(referral),水湳建案【遠雄綠美】鄰近綠美圖．中央公園預售屋,/buildings/bh9/,1,1,0,0,0
tagassistant.google.com / referral,(referral),水湳建案【遠雄綠美】鄰近綠美圖．中央公園預售屋,/buildings/bh9/,1,1,0,0,0
webnews / bh9,11309,水湳建案【遠雄綠美】鄰近綠美圖．中央公園預售屋,/buildings/bh9/,1,1,1,1,5
google_kw / BH8,20240816_品牌字,水湳建案【遠雄綠美】鄰近綠美圖．中央公園預售屋,/buildings/bh9/,1,1,1,1,20
google_kw / BH8,20240816_透天/豪宅/別墅,水湳建案【遠雄綠美】鄰近綠美圖．中央公園預售屋,/buildings/bh9/,1,1,1,1,33
(not set),20250905五輪播,水湳建案【遠雄綠美】鄰近綠美圖．中央公園預售屋,/buildings/bh9/,1,1,1,1,33
(not set),20251023一輪播,水湳建案【遠雄綠美】鄰近綠美圖．中央公園預售屋,/buildings/bh9/,1,1,1,1,0
fgr-line / cqh1,20251206,水湳建案【遠雄綠美】鄰近綠美圖．中央公園預售屋,/buildings/bh9/,1,1,2,2,0
avivid / bh11,20251212,水湳建案【遠雄綠美】鄰近綠美圖．中央公園預售屋,/buildings/bh9/,1,1,1,1,64
fb / h707,40,水湳建案【遠雄綠美】鄰近綠美圖．中央公園預售屋,/buildings/bh9/,1,1,1,1,32
fb / h707,41,水湳建案【遠雄綠美】鄰近綠美圖．中央公園預售屋,/buildings/bh9/,1,1,1,1,0
fb / bh5,48,水湳建案【遠雄綠美】鄰近綠美圖．中央公園預售屋,/buildings/bh9/,1,1,1,1,14
sms / aep-cdp,CRM-001-D,水湳建案【遠雄綠美】鄰近綠美圖．中央公園預售屋,/buildings/bh9/,1,1,1,1,19
google / cpc,Otherarea0829,水湳建案【遠雄綠美】鄰近綠美圖．中央公園預售屋,/buildings/bh9/,1,1,1,1,72
google / cpc,area,水湳建案【遠雄綠美】鄰近綠美圖．中央公園預售屋,/buildings/bh9/,1,1,2,2,46
fgr-line / fgr,cleaning_20221223,水湳建案【遠雄綠美】鄰近綠美圖．中央公園預售屋,/buildings/bh9/,1,1,1,1,0
google / cpc,com,水湳建案【遠雄綠美】鄰近綠美圖．中央公園預售屋,/buildings/bh9/,1,1,1,1,42
google / cpc,competitor0829,水湳建案【遠雄綠美】鄰近綠美圖．中央公園預售屋,/buildings/bh9/,1,1,1,1,45
fb / bh8,fanpage,水湳建案【遠雄綠美】鄰近綠美圖．中央公園預售屋,/buildings/bh9/,1,1,1,1,24
fb / bh10,fbfanpage,水湳建案【遠雄綠美】鄰近綠美圖．中央公園預售屋,/buildings/bh9/,1,1,1,1,13
google_kw / bh9,googlemap,水湳建案【遠雄綠美】鄰近綠美圖．中央公園預售屋,/buildings/bh9/,1,1,1,1,23
googlemap / bh2,googlemap,水湳建案【遠雄綠美】鄰近綠美圖．中央公園預售屋,/buildings/bh9/,1,1,1,1,38
taboola / fm3,impB,水湳建案【遠雄綠美】鄰近綠美圖．中央公園預售屋,/buildings/bh9/,1,1,1,1,13
google / cpc,information2,水湳建案【遠雄綠美】鄰近綠美圖．中央公園預售屋,/buildings/bh9/,1,1,1,1,0
fgr-line / fgr,kitchen,水湳建案【遠雄綠美】鄰近綠美圖．中央公園預售屋,/buildings/bh9/,1,1,1,1,0
google / cpc,landmark0829,水湳建案【遠雄綠美】鄰近綠美圖．中央公園預售屋,/buildings/bh9/,1,1,1,1,24
fb / bh8,leads,水湳建案【遠雄綠美】鄰近綠美圖．中央公園預售屋,/buildings/bh9/,1,1,1,1,68
leju / h707,lejupage,水湳建案【遠雄綠美】鄰近綠美圖．中央公園預售屋,/buildings/bh9/,1,1,1,1,66
line-lap / bh10,line-lap202511-6,水湳建案【遠雄綠美】鄰近綠美圖．中央公園預售屋,/buildings/bh9/,1,1,1,1,5
line-lap / bh10,line-lap20256-8,水湳建案【遠雄綠美】鄰近綠美圖．中央公園預售屋,/buildings/bh9/,1,1,1,1,0
mydachi / bh10,mydachiwebsite1217,水湳建案【遠雄綠美】鄰近綠美圖．中央公園預售屋,/buildings/bh9/,1,1,1,1,55
google / cpc,taichung,水湳建案【遠雄綠美】鄰近綠美圖．中央公園預售屋,/buildings/bh9/,1,1,1,1,218
google / cpc,遠雄幸福成_H713_關鍵字_0516_中彰,水湳建案【遠雄綠美】鄰近綠美圖．中央公園預售屋,/buildings/bh9/,1,1,1,1,0
line / cgh01,line0711,找不到頁面 - 遠雄房地產,/buildings/cgh01,1,1,1,1,0
line / cgh01,lineQA,找不到頁面 - 遠雄房地產,/buildings/cgh01,1,1,1,1,0
mydachi / cgh01,mydachiwebsite0422,找不到頁面 - 遠雄房地產,/buildings/cgh01,1,1,1,1,0
fb / cgh01,leads,找不到頁面 - 遠雄房地產,/buildings/cgh01/,1,1,1,1,0
line / cgh01,lineQA,找不到頁面 - 遠雄房地產,/buildings/cgh01/,1,1,1,1,0
google / cpc,CQH1-地區字,(1) 封未讀訊息 | 村泉蒔美｜門戶端點 從容跨界｜台北生活最美起點,/buildings/cqh1/,1,1,0,0,0
google / cpc,O1_品牌字_2025.0801,(2) 封未讀訊息 | 村泉蒔美｜門戶端點 從容跨界｜台北生活最美起點,/buildings/cqh1/,1,1,0,0,15
google / cpc,Pmax,Muran Shimi | Portal Endpoint: Melintasi Batas dengan Mudah | Titik Awal Terindah untuk Kehidupan di Taipei,/buildings/cqh1/,1,1,0,0,553
line-lap / cqh1,lap-2,ムーラン・シミ | ポータルエンドポイント：境界を楽々と越える | 台北生活の最も美しい出発点,/buildings/cqh1/,1,1,0,0,0
google / cpc,CQH1-地區字,村泉莳美｜门户端点从容跨界｜台北生活最美起点,/buildings/cqh1/,1,1,0,0,6
yahoo / organic,(organic),村泉蒔美｜門戶端點 從容跨界｜台北生活最美起點,/buildings/cqh1/,1,1,1,1,85
app.omnichat.ai / referral,(referral),村泉蒔美｜門戶端點 從容跨界｜台北生活最美起點,/buildings/cqh1/,1,1,1,1,1
google / cpc,(referral),村泉蒔美｜門戶端點 從容跨界｜台北生活最美起點,/buildings/cqh1/,1,1,1,1,138
line / linapage,(referral),村泉蒔美｜門戶端點 從容跨界｜台北生活最美起點,/buildings/cqh1/,1,1,1,1,58
mkto-sn070013.com / referral,(referral),村泉蒔美｜門戶端點 從容跨界｜台北生活最美起點,/buildings/cqh1/,1,1,1,1,15
fb / eh2,10-1,村泉蒔美｜門戶端點 從容跨界｜台北生活最美起點,/buildings/cqh1/,1,1,1,1,5
fb / paid,120229486716970138,村泉蒔美｜門戶端點 從容跨界｜台北生活最美起點,/buildings/cqh1/,1,1,1,1,8
ig / paid,120238552444900537,村泉蒔美｜門戶端點 從容跨界｜台北生活最美起點,/buildings/cqh1/,1,1,1,1,4
fb / bh7,13,村泉蒔美｜門戶端點 從容跨界｜台北生活最美起點,/buildings/cqh1/,1,1,1,1,7
(not set),202501003二輪播,村泉蒔美｜門戶端點 從容跨界｜台北生活最美起點,/buildings/cqh1/,1,1,1,1,16
google / cpc,20250616_北投士林豪宅/別墅,村泉蒔美｜門戶端點 從容跨界｜台北生活最美起點,/buildings/cqh1/,1,1,1,1,0
google / cpc,20250616_房地產投資,村泉蒔美｜門戶端點 從容跨界｜台北生活最美起點,/buildings/cqh1/,1,1,1,1,0
webnews / h713,20250918,村泉蒔美｜門戶端點 從容跨界｜台北生活最美起點,/buildings/cqh1/,1,1,1,1,4
yahoo_native / 5vo1,202510_2,村泉蒔美｜門戶端點 從容跨界｜台北生活最美起點,/buildings/cqh1/,1,1,2,2,14
(not set),20251107一輪播,村泉蒔美｜門戶端點 從容跨界｜台北生活最美起點,/buildings/cqh1/,1,1,1,1,13
yahoo_native / 5vo1,20251124_1102,村泉蒔美｜門戶端點 從容跨界｜台北生活最美起點,/buildings/cqh1/,1,1,1,1,147
google / cpc,20251204,村泉蒔美｜門戶端點 從容跨界｜台北生活最美起點,/buildings/cqh1/,1,1,1,1,38
line-lap / eh2,20251209,村泉蒔美｜門戶端點 從容跨界｜台北生活最美起點,/buildings/cqh1/,1,1,1,1,2
fb / bh7,20251215post,村泉蒔美｜門戶端點 從容跨界｜台北生活最美起點,/buildings/cqh1/,1,1,1,1,179
fb / h707,39,村泉蒔美｜門戶端點 從容跨界｜台北生活最美起點,/buildings/cqh1/,1,1,16,16,145
pmp / cqh1,avivid202504,村泉蒔美｜門戶端點 從容跨界｜台北生活最美起點,/buildings/cqh1/,1,1,2,2,0
google / cpc,brand,村泉蒔美｜門戶端點 從容跨界｜台北生活最美起點,/buildings/cqh1/,1,1,1,1,1
web-ettoday / eh2,ettoday_202512,村泉蒔美｜門戶端點 從容跨界｜台北生活最美起點,/buildings/cqh1/,1,1,1,1,2
socialmedia / fgr,fb,村泉蒔美｜門戶端點 從容跨界｜台北生活最美起點,/buildings/cqh1/,1,1,1,1,0
fb / bh8,fb16-2,村泉蒔美｜門戶端點 從容跨界｜台北生活最美起點,/buildings/cqh1/,1,1,1,1,13
fb / eh5,fb31-5,村泉蒔美｜門戶端點 從容跨界｜台北生活最美起點,/buildings/cqh1/,1,1,1,1,4
fb / eh5,form,村泉蒔美｜門戶端點 從容跨界｜台北生活最美起點,/buildings/cqh1/,1,1,1,1,7
ig / social,ig,村泉蒔美｜門戶端點 從容跨界｜台北生活最美起點,/buildings/cqh1/,1,1,1,1,0
mag-lavie / bh7,lavie20251230,村泉蒔美｜門戶端點 從容跨界｜台北生活最美起點,/buildings/cqh1/,1,1,1,1,1
fb / bh5,leads,村泉蒔美｜門戶端點 從容跨界｜台北生活最美起點,/buildings/cqh1/,1,1,1,1,58
leju / bh9,lejupage,村泉蒔美｜門戶端點 從容跨界｜台北生活最美起點,/buildings/cqh1/,1,1,1,1,9
line-lap / bh10,line-lap202511-7,村泉蒔美｜門戶端點 從容跨界｜台北生活最美起點,/buildings/cqh1/,1,1,2,2,15
line-lap / bh10,line-lap20259-5,村泉蒔美｜門戶端點 從容跨界｜台北生活最美起點,/buildings/cqh1/,1,1,1,1,5
fgr-line / eh2,listbutton,村泉蒔美｜門戶端點 從容跨界｜台北生活最美起點,/buildings/cqh1/,1,1,1,1,3
google / cpc,taipei,村泉蒔美｜門戶端點 從容跨界｜台北生活最美起點,/buildings/cqh1/,1,1,1,1,0
google / cpc,type,村泉蒔美｜門戶端點 從容跨界｜台北生活最美起點,/buildings/cqh1/,1,1,1,1,0
fb / cqh1,youtube-2,村泉蒔美｜門戶端點 從容跨界｜台北生活最美起點,/buildings/cqh1/,1,1,1,1,100
line-lap / cqh1,lap-2,무란시미 | 포털 엔드포인트: 경계를 손쉽게 넘나들다 | 타이베이 라이프를 위한 가장 아름다운 출발점,/buildings/cqh1/,1,1,0,0,6
google / organic,(organic),(1) 封未讀訊息 | 大河商爵-台北市士林區廠辦/預售新建案-預約賞屋，遠創力行銷,/buildings/dgm1/,1,1,0,0,6
google / cpc,core,(1) 封未讀訊息 | 大河商爵-台北市士林區廠辦/預售新建案-預約賞屋，遠創力行銷,/buildings/dgm1/,1,1,0,0,1
google / cpc,gdn11-3,(1) 封未讀訊息 | 大河商爵-台北市士林區廠辦/預售新建案-預約賞屋，遠創力行銷,/buildings/dgm1/,1,1,3,3,0
google / cpc,core,(2) 封未讀訊息 | 大河商爵-台北市士林區廠辦/預售新建案-預約賞屋，遠創力行銷,/buildings/dgm1/,1,1,0,0,0
google / cpc,gdn11-3,"Dahe Shangjue - Gedung Pabrik/Kantor/Proyek Pra-penjualan Baru di Distrik Shilin, Kota Taipei - Jadwalkan Janji Temu untuk Melihat Lokasi, Far Eastern Marketing",/buildings/dgm1/,1,1,1,1,1
google / cpc,taipei,"Dahe Shangjue - Gedung Pabrik/Kantor/Proyek Pra-penjualan Baru di Distrik Shilin, Kota Taipei - Jadwalkan Janji Temu untuk Melihat Lokasi, Far Eastern Marketing",/buildings/dgm1/,1,1,0,0,23
google / cpc,gdn11-4,"Dahe Shangjue - Nhà máy/Tòa nhà văn phòng/Dự án mới trước khi bán tại Quận Shilin, Thành phố Đài Bắc - Lên lịch hẹn xem nhà, Tiếp thị Viễn Đông",/buildings/dgm1/,1,1,0,0,14
google / cpc,20251204,"Dahe Shangjue - Nhà máy/Văn phòng, Quận Shilin, Thành phố Đài Bắc - Dự án mở bán trước - Liên hệ đặt lịch xem nhà, Far Eastern Marketing",/buildings/dgm1/,1,1,0,0,55
(data not available),(cross-network),"Dahe Shangjue - Taipei City Shilin District Factory/Office Building/New Pre-sale Project - Schedule a Viewing Appointment, Far Eastern Marketing",/buildings/dgm1/,1,1,0,0,0
google_kw / 5vo1,202511,"Dahe Shangjue - Taipei City Shilin District Factory/Office Building/New Pre-sale Project - Schedule a Viewing Appointment, Far Eastern Marketing",/buildings/dgm1/,1,1,0,0,37
google / cpc,BSTP,"Dahe Shangjue - Taipei City Shilin District Factory/Office Building/New Pre-sale Project - Schedule a Viewing Appointment, Far Eastern Marketing",/buildings/dgm1/,1,1,0,0,24
google / cpc,core,"Dahe Shangjue - Taipei City Shilin District Factory/Office Building/New Pre-sale Project - Schedule a Viewing Appointment, Far Eastern Marketing",/buildings/dgm1/,1,1,0,0,15
google / cpc,gdn11-2,داهه شانگجو - کارخانه/ساختمان اداری/پروژه پیش فروش جدید در منطقه شیلین شهر تایپه - تعیین وقت بازدید، بازاریابی خاور دور,/buildings/dgm1/,1,1,0,0,80
google_kw / 5vo1,202511,大河商爵-台北市士林区厂办/预售新建案-预约赏屋，远创力行销,/buildings/dgm1/,1,1,0,0,9
yahoo / organic,(organic),大河商爵-台北市士林區廠辦/預售新建案-預約賞屋，遠創力行銷,/buildings/dgm1/,1,1,1,1,6
tagassistant.google.com / referral,(referral),大河商爵-台北市士林區廠辦/預售新建案-預約賞屋，遠創力行銷,/buildings/dgm1/,1,1,1,1,5
ig / paid,120224668235420701,大河商爵-台北市士林區廠辦/預售新建案-預約賞屋，遠創力行銷,/buildings/dgm1/,1,1,1,1,0
google / cpc,20250616_台北豪宅/別墅,大河商爵-台北市士林區廠辦/預售新建案-預約賞屋，遠創力行銷,/buildings/dgm1/,1,1,0,0,0
google / cpc,20250616_品牌字,大河商爵-台北市士林區廠辦/預售新建案-預約賞屋，遠創力行銷,/buildings/dgm1/,1,1,1,1,730
(not set),20250919一輪播,大河商爵-台北市士林區廠辦/預售新建案-預約賞屋，遠創力行銷,/buildings/dgm1/,1,1,1,1,126
fb / 5vo1,202510,大河商爵-台北市士林區廠辦/預售新建案-預約賞屋，遠創力行銷,/buildings/dgm1/,1,1,1,1,34
google_kw / 5vo1,202511_ex1,大河商爵-台北市士林區廠辦/預售新建案-預約賞屋，遠創力行銷,/buildings/dgm1/,1,1,2,2,16
google_gdn / 5vo1,20251201,大河商爵-台北市士林區廠辦/預售新建案-預約賞屋，遠創力行銷,/buildings/dgm1/,1,1,1,1,6
google / cpc,20251204,大河商爵-台北市士林區廠辦/預售新建案-預約賞屋，遠創力行銷,/buildings/dgm1/,1,1,5,5,5
avivid / bh11,20251212,大河商爵-台北市士林區廠辦/預售新建案-預約賞屋，遠創力行銷,/buildings/dgm1/,1,1,1,1,5
google / cpc,CQH1-地區字,大河商爵-台北市士林區廠辦/預售新建案-預約賞屋，遠創力行銷,/buildings/dgm1/,1,1,0,0,0
fb / dgm1,fb11-4,大河商爵-台北市士林區廠辦/預售新建案-預約賞屋，遠創力行銷,/buildings/dgm1/,1,1,1,1,0
fb / dgm1,fb11-5,大河商爵-台北市士林區廠辦/預售新建案-預約賞屋，遠創力行銷,/buildings/dgm1/,1,1,1,1,0
fb / eh5,fb31-6,大河商爵-台北市士林區廠辦/預售新建案-預約賞屋，遠創力行銷,/buildings/dgm1/,1,1,1,1,1
fb / dgm1,fb5-3,大河商爵-台北市士林區廠辦/預售新建案-預約賞屋，遠創力行銷,/buildings/dgm1/,1,1,1,1,0
fb / dgm1,fb6-3,大河商爵-台北市士林區廠辦/預售新建案-預約賞屋，遠創力行銷,/buildings/dgm1/,1,1,1,1,21
fb / dgm1,fbfanpage1121,大河商爵-台北市士林區廠辦/預售新建案-預約賞屋，遠創力行銷,/buildings/dgm1/,1,1,1,1,0
fb / dgm1,fbfanpage1219,大河商爵-台北市士林區廠辦/預售新建案-預約賞屋，遠創力行銷,/buildings/dgm1/,1,1,1,1,0
fb / bh7,fbpage,大河商爵-台北市士林區廠辦/預售新建案-預約賞屋，遠創力行銷,/buildings/dgm1/,1,1,1,1,0
lbs-sms / dgm1,lbs-sms0623,大河商爵-台北市士林區廠辦/預售新建案-預約賞屋，遠創力行銷,/buildings/dgm1/,1,1,1,1,0
google / cpc,needs,大河商爵-台北市士林區廠辦/預售新建案-預約賞屋，遠創力行銷,/buildings/dgm1/,1,1,1,1,21
web-chinatimes / dgm1,web-chinatimes1014,大河商爵-台北市士林區廠辦/預售新建案-預約賞屋，遠創力行銷,/buildings/dgm1/,1,1,1,1,13
web-chinatimes / dgm1,web-chinatimes1114,大河商爵-台北市士林區廠辦/預售新建案-預約賞屋，遠創力行銷,/buildings/dgm1/,1,1,1,1,4
web-chinatimes / dgm1,web-chinatimes1212,大河商爵-台北市士林區廠辦/預售新建案-預約賞屋，遠創力行銷,/buildings/dgm1/,1,1,1,1,0
web-udn / dgm1,web-udn1212,大河商爵-台北市士林區廠辦/預售新建案-預約賞屋，遠創力行銷,/buildings/dgm1/,1,1,1,1,144
google / cpc,(not set),大河商爵-台北市士林區廠辦/預售新建案-預約賞屋，遠創力行銷,/buildings/dgm1//,1,1,1,1,0
line-10 / (not set),(not set),找不到頁面 - 遠雄房地產,/buildings/dh1,1,1,1,1,2
line-8 / (not set),(not set),找不到頁面 - 遠雄房地產,/buildings/dh1,1,1,1,1,2
line-9 / (not set),(not set),找不到頁面 - 遠雄房地產,/buildings/dh1,1,1,1,1,2
ln-1 / (not set),(not set),找不到頁面 - 遠雄房地產,/buildings/dh1,1,1,1,1,3
ln-2 / (not set),(not set),找不到頁面 - 遠雄房地產,/buildings/dh1,1,1,1,1,4
ln-3 / (not set),(not set),找不到頁面 - 遠雄房地產,/buildings/dh1,1,1,1,1,4
ln-4 / (not set),(not set),找不到頁面 - 遠雄房地產,/buildings/dh1,1,1,1,1,4
ln-5 / (not set),(not set),找不到頁面 - 遠雄房地產,/buildings/dh1,1,1,1,1,2
ln-6 / (not set),(not set),找不到頁面 - 遠雄房地產,/buildings/dh1,1,1,1,1,6
ln-7 / (not set),(not set),找不到頁面 - 遠雄房地產,/buildings/dh1,1,1,1,1,2
LINE-10 / (not set),(not set),找不到頁面 - 遠雄房地產,/buildings/dh1/,1,1,1,1,5
LINE-11 / (not set),(not set),找不到頁面 - 遠雄房地產,/buildings/dh1/,1,1,1,1,2
LINE-12 / (not set),(not set),找不到頁面 - 遠雄房地產,/buildings/dh1/,1,1,1,1,2
LINE-13 / (not set),(not set),找不到頁面 - 遠雄房地產,/buildings/dh1/,1,1,1,1,2
LINE-8 / (not set),(not set),找不到頁面 - 遠雄房地產,/buildings/dh1/,1,1,1,1,2
LINE-9 / (not set),(not set),找不到頁面 - 遠雄房地產,/buildings/dh1/,1,1,1,1,3
(direct) / (none),(direct),"Newly built residential project in Yongkang, Tainan: Farglory Mountain Harbour - Salt Industry Special Zone. 3-4 bedrooms.",/buildings/dh2/,1,1,0,0,397
line-lap / dh2,15,"Proyek perumahan baru di Yongkang, Tainan: Farglory Mountain Harbour - Zona Khusus Industri Garam. 3-4 kamar tidur.",/buildings/dh2/,1,1,0,0,0
(data not available),(cross-network),台南永康新建案【遠雄山禾】-鹽行特區．3-4房,/buildings/dh2/,1,1,1,1,3
fb / 20251204post,(not set),台南永康新建案【遠雄山禾】-鹽行特區．3-4房,/buildings/dh2/,1,1,4,4,1
google / cpc,(organic),台南永康新建案【遠雄山禾】-鹽行特區．3-4房,/buildings/dh2/,1,1,1,1,5
yahoo / organic,(organic),台南永康新建案【遠雄山禾】-鹽行特區．3-4房,/buildings/dh2/,1,1,1,1,2
104.com.tw / referral,(referral),台南永康新建案【遠雄山禾】-鹽行特區．3-4房,/buildings/dh2/,1,1,1,1,19
strata.corp.google.com / referral,(referral),台南永康新建案【遠雄山禾】-鹽行特區．3-4房,/buildings/dh2/,1,1,1,1,6
line-lap / dh2,10,台南永康新建案【遠雄山禾】-鹽行特區．3-4房,/buildings/dh2/,1,1,1,1,7
webnews / dh2,11405,台南永康新建案【遠雄山禾】-鹽行特區．3-4房,/buildings/dh2/,1,1,1,1,26
webnews / h713,11409,台南永康新建案【遠雄山禾】-鹽行特區．3-4房,/buildings/dh2/,1,1,1,1,54
line-lap / dh2,2,台南永康新建案【遠雄山禾】-鹽行特區．3-4房,/buildings/dh2/,1,1,1,1,7
webnews / dh2,20240615,台南永康新建案【遠雄山禾】-鹽行特區．3-4房,/buildings/dh2/,1,1,1,1,11
google / cpc,20250901,台南永康新建案【遠雄山禾】-鹽行特區．3-4房,/buildings/dh2/,1,1,3,3,225
(not set),20250909一輪播,台南永康新建案【遠雄山禾】-鹽行特區．3-4房,/buildings/dh2/,1,1,2,2,0
google / cpc,20250918,台南永康新建案【遠雄山禾】-鹽行特區．3-4房,/buildings/dh2/,1,1,1,1,0
(not set),20251003一輪播,台南永康新建案【遠雄山禾】-鹽行特區．3-4房,/buildings/dh2/,1,1,1,1,1
yahoo_native / 5vo1,202510_4,台南永康新建案【遠雄山禾】-鹽行特區．3-4房,/buildings/dh2/,1,1,1,1,23
google / cpc,20251204,台南永康新建案【遠雄山禾】-鹽行特區．3-4房,/buildings/dh2/,1,1,1,1,0
google_kw / dh2,20251209一輪播,台南永康新建案【遠雄山禾】-鹽行特區．3-4房,/buildings/dh2/,1,1,1,1,3
google / cpc,H707video_c,台南永康新建案【遠雄山禾】-鹽行特區．3-4房,/buildings/dh2/,1,1,1,1,0
google / cpc,O1_品牌字_2025.0801,台南永康新建案【遠雄山禾】-鹽行特區．3-4房,/buildings/dh2/,1,1,1,1,2
google / cpc,Pmax,台南永康新建案【遠雄山禾】-鹽行特區．3-4房,/buildings/dh2/,1,1,1,1,33
google / cpc,area,台南永康新建案【遠雄山禾】-鹽行特區．3-4房,/buildings/dh2/,1,1,0,0,0
google / cpc,brand,台南永康新建案【遠雄山禾】-鹽行特區．3-4房,/buildings/dh2/,1,1,1,1,9
fb / dh2,fb-10,台南永康新建案【遠雄山禾】-鹽行特區．3-4房,/buildings/dh2/,1,1,1,1,0
fb / dh2,fb-34,台南永康新建案【遠雄山禾】-鹽行特區．3-4房,/buildings/dh2/,1,1,1,1,0
fb / dh2,fb-6,台南永康新建案【遠雄山禾】-鹽行特區．3-4房,/buildings/dh2/,1,1,1,1,0
fb / dh2,fb-8,台南永康新建案【遠雄山禾】-鹽行特區．3-4房,/buildings/dh2/,1,1,1,1,8
fb / eh5,fb31-1,台南永康新建案【遠雄山禾】-鹽行特區．3-4房,/buildings/dh2/,1,1,1,1,0
ig / social,ig,台南永康新建案【遠雄山禾】-鹽行特區．3-4房,/buildings/dh2/,1,1,1,1,3
mag-lavie / bh7,lavie20251230,台南永康新建案【遠雄山禾】-鹽行特區．3-4房,/buildings/dh2/,1,1,1,1,15
line / dh2,line,台南永康新建案【遠雄山禾】-鹽行特區．3-4房,/buildings/dh2/,1,1,1,1,0
fb / eh5,park,台南永康新建案【遠雄山禾】-鹽行特區．3-4房,/buildings/dh2/,1,1,1,1,0
EDM / referral,滿意度問券,台南永康新建案【遠雄山禾】-鹽行特區．3-4房,/buildings/dh2/,1,1,1,1,2
google / cpc,遠雄幸福成_H713_關鍵字_0516_中彰,台南永康新建案【遠雄山禾】-鹽行特區．3-4房,/buildings/dh2/,1,1,1,1,6
line-lap / dh3,2,找不到頁面 - 遠雄房地產,/buildings/dh3/,1,1,1,1,3
web-udn / dh3,202403,找不到頁面 - 遠雄房地產,/buildings/dh3/,1,1,1,1,0
fb / dh3,24,找不到頁面 - 遠雄房地產,/buildings/dh3/,1,1,1,1,0
line-lap / dh3,4,找不到頁面 - 遠雄房地產,/buildings/dh3/,1,1,1,1,4
line-lap / dh3,5,找不到頁面 - 遠雄房地產,/buildings/dh3/,1,1,1,1,3
gdn / dh3,7,找不到頁面 - 遠雄房地產,/buildings/dh3/,1,1,1,1,3
line-lap / dh3,7,找不到頁面 - 遠雄房地產,/buildings/dh3/,1,1,1,1,2
webnews / dh3,webnews-11201,找不到頁面 - 遠雄房地產,/buildings/dh3/,1,1,1,1,1
youtube / fgr,ytdh3,找不到頁面 - 遠雄房地產,/buildings/dh3/,1,1,1,1,2
google / cpc,遠雄幸福成_H713_關鍵字_0516_中彰,"Annan's first choice of redrawing [Yuanxiong Zangzui] is newly completed, and rare households will be released separately!",/buildings/dh5/,1,1,0,0,100
google_kw / dh2,(organic),安南重劃首選【遠雄藏萃】全新落成，珍稀戶別釋出！,/buildings/dh5/,1,1,1,1,110
tw.search.yahoo.com / referral,(referral),安南重劃首選【遠雄藏萃】全新落成，珍稀戶別釋出！,/buildings/dh5/,1,1,1,1,76
fb / bh11,11-2,安南重劃首選【遠雄藏萃】全新落成，珍稀戶別釋出！,/buildings/dh5/,1,1,1,1,18
fb / bh11,11-3,安南重劃首選【遠雄藏萃】全新落成，珍稀戶別釋出！,/buildings/dh5/,1,1,1,1,73
gdn / dh5,20230801,安南重劃首選【遠雄藏萃】全新落成，珍稀戶別釋出！,/buildings/dh5/,1,1,1,1,0
yahoo_native / 5vo1,202510_4,安南重劃首選【遠雄藏萃】全新落成，珍稀戶別釋出！,/buildings/dh5/,1,1,1,1,7
google / cpc,202511,安南重劃首選【遠雄藏萃】全新落成，珍稀戶別釋出！,/buildings/dh5/,1,1,1,1,54
(not set),20251107一輪播,安南重劃首選【遠雄藏萃】全新落成，珍稀戶別釋出！,/buildings/dh5/,1,1,1,1,21
line-lap / 5vo1,20251123_1102,安南重劃首選【遠雄藏萃】全新落成，珍稀戶別釋出！,/buildings/dh5/,1,1,1,1,60
google / cpc,20251204,安南重劃首選【遠雄藏萃】全新落成，珍稀戶別釋出！,/buildings/dh5/,1,1,1,1,32
avivid / bh11,20251212,安南重劃首選【遠雄藏萃】全新落成，珍稀戶別釋出！,/buildings/dh5/,1,1,1,1,4
fb / bh11,8-1,安南重劃首選【遠雄藏萃】全新落成，珍稀戶別釋出！,/buildings/dh5/,1,1,1,1,5
google / cpc,O1_特色字_2025.0801,安南重劃首選【遠雄藏萃】全新落成，珍稀戶別釋出！,/buildings/dh5/,1,1,1,1,5
google / cpc,brand,安南重劃首選【遠雄藏萃】全新落成，珍稀戶別釋出！,/buildings/dh5/,1,1,1,1,33
web-sms / cdp,cdpcid,安南重劃首選【遠雄藏萃】全新落成，珍稀戶別釋出！,/buildings/dh5/,1,1,1,1,0
fb / bh11,fanpagebutton,安南重劃首選【遠雄藏萃】全新落成，珍稀戶別釋出！,/buildings/dh5/,1,1,1,1,299
fb / bh10,fbearlybird_form,安南重劃首選【遠雄藏萃】全新落成，珍稀戶別釋出！,/buildings/dh5/,1,1,1,1,5
google / cpc,sitelink,安南重劃首選【遠雄藏萃】全新落成，珍稀戶別釋出！,/buildings/dh5/,1,1,1,1,48
google / cpc,遠雄幸福成_H713_關鍵字_0516_中彰,安南重劃首選【遠雄藏萃】全新落成，珍稀戶別釋出！,/buildings/dh5/,1,1,1,1,0
line-lap / dh5,20230801,找不到頁面 - 遠雄房地產,/buildings/dh5/,1,1,1,1,0
google / organic,(organic),找不到頁面 - 遠雄房地產,/buildings/dh6,1,1,1,1,0
bing / organic,(organic),找不到頁面 - 遠雄房地產,/buildings/e2/,1,1,1,1,0
(not set),20251107一輪播,(1) 封未讀訊息 | 高雄建案推薦【遠雄峰蘊】- 三民區預售屋．近科工館,/buildings/eh1/,1,1,1,1,0
google / cpc,(organic),Recommended Kaohsiung development: Farglory Peak Residence - Pre-sale units in Sanmin District. Near National Science and Technology Museum.,/buildings/eh1/,1,1,1,1,34
google / cpc,(not set),高雄建案推薦【遠雄峰蘊】- 三民區預售屋．近科工館,/buildings/eh1/,1,1,1,1,0
google_kw / dh2,(organic),高雄建案推薦【遠雄峰蘊】- 三民區預售屋．近科工館,/buildings/eh1/,1,1,1,1,1
ehr.farglory.com.tw / referral,(referral),高雄建案推薦【遠雄峰蘊】- 三民區預售屋．近科工館,/buildings/eh1/,1,1,0,0,0
google / cpc,(referral),高雄建案推薦【遠雄峰蘊】- 三民區預售屋．近科工館,/buildings/eh1/,1,1,1,1,171
line-lap / eh1,20230901_s,高雄建案推薦【遠雄峰蘊】- 三民區預售屋．近科工館,/buildings/eh1/,1,1,1,1,8
web-udn / eh1,20240307,高雄建案推薦【遠雄峰蘊】- 三民區預售屋．近科工館,/buildings/eh1/,1,1,1,1,10
web-ltn / eh1,20240311,高雄建案推薦【遠雄峰蘊】- 三民區預售屋．近科工館,/buildings/eh1/,1,1,1,1,12
fb / eh1,202407-balcony,高雄建案推薦【遠雄峰蘊】- 三民區預售屋．近科工館,/buildings/eh1/,1,1,1,1,142
line / o1,20240920,高雄建案推薦【遠雄峰蘊】- 三民區預售屋．近科工館,/buildings/eh1/,1,1,1,1,133
web-udn / eh1,20241108_brand,高雄建案推薦【遠雄峰蘊】- 三民區預售屋．近科工館,/buildings/eh1/,1,1,1,1,59
(not set),202501003二輪播,高雄建案推薦【遠雄峰蘊】- 三民區預售屋．近科工館,/buildings/eh1/,1,1,1,1,47
line / eh1,20250425,高雄建案推薦【遠雄峰蘊】- 三民區預售屋．近科工館,/buildings/eh1/,1,1,1,1,1
webnews / eh1,20250625,高雄建案推薦【遠雄峰蘊】- 三民區預售屋．近科工館,/buildings/eh1/,1,1,1,1,13
fb / bh7,4,高雄建案推薦【遠雄峰蘊】- 三民區預售屋．近科工館,/buildings/eh1/,1,1,1,1,417
fb / eh1,5-2,高雄建案推薦【遠雄峰蘊】- 三民區預售屋．近科工館,/buildings/eh1/,1,1,1,1,0
fb / eh1,5-4,高雄建案推薦【遠雄峰蘊】- 三民區預售屋．近科工館,/buildings/eh1/,1,1,1,1,0
fb / eh1,8-2,高雄建案推薦【遠雄峰蘊】- 三民區預售屋．近科工館,/buildings/eh1/,1,1,1,1,4
youtube / fgr,ETvideo_ep3,高雄建案推薦【遠雄峰蘊】- 三民區預售屋．近科工館,/buildings/eh1/,1,1,1,1,0
google / cpc,O1_品牌字_2025.0801,高雄建案推薦【遠雄峰蘊】- 三民區預售屋．近科工館,/buildings/eh1/,1,1,1,1,0
google_kw / eh1,Sanmin,高雄建案推薦【遠雄峰蘊】- 三民區預售屋．近科工館,/buildings/eh1/,1,1,2,2,6
fb / eh1,TA_9-2,高雄建案推薦【遠雄峰蘊】- 三民區預售屋．近科工館,/buildings/eh1/,1,1,1,1,4
google / cpc,competitor0829,高雄建案推薦【遠雄峰蘊】- 三民區預售屋．近科工館,/buildings/eh1/,1,1,1,1,0
fb / dh2,fb-46,高雄建案推薦【遠雄峰蘊】- 三民區預售屋．近科工館,/buildings/eh1/,1,1,1,1,0
fb / eh5,fb12-3,高雄建案推薦【遠雄峰蘊】- 三民區預售屋．近科工館,/buildings/eh1/,1,1,1,1,82
fb / eh5,fb31-1,高雄建案推薦【遠雄峰蘊】- 三民區預售屋．近科工館,/buildings/eh1/,1,1,1,1,0
ig / social,ig,高雄建案推薦【遠雄峰蘊】- 三民區預售屋．近科工館,/buildings/eh1/,1,1,1,1,11
google / cpc,information3,高雄建案推薦【遠雄峰蘊】- 三民區預售屋．近科工館,/buildings/eh1/,1,1,2,2,5
google_kw / cqh1,information7,高雄建案推薦【遠雄峰蘊】- 三民區預售屋．近科工館,/buildings/eh1/,1,1,1,1,55
webnews / eh2,linetoday_202512,高雄建案推薦【遠雄峰蘊】- 三民區預售屋．近科工館,/buildings/eh1/,1,1,1,1,13
web-chinatimes / dgm1,web-chinatimes1114,高雄建案推薦【遠雄峰蘊】- 三民區預售屋．近科工館,/buildings/eh1/,1,1,1,1,2
web-ettoday / dgm1,web-ettoday1212,高雄建案推薦【遠雄峰蘊】- 三民區預售屋．近科工館,/buildings/eh1/,1,1,1,1,5
leju / eh2,遠雄高大特區首發(雙圖),高雄建案推薦【遠雄峰蘊】- 三民區預售屋．近科工館,/buildings/eh1/,1,1,1,1,53
google / cpc,(not set),(1) 封未讀訊息 | 遠雄一靚｜楠梓新案．高大特區首發｜早鳥預約中,/buildings/eh2/,1,1,0,0,6
line-lap / eh2,20251209,(1) 封未讀訊息 | 遠雄一靚｜楠梓新案．高大特區首發｜早鳥預約中,/buildings/eh2/,1,1,0,0,68
leju / eh2,遠雄楠梓新案(藍田公園),(1) 封未讀訊息 | 遠雄一靚｜楠梓新案．高大特區首發｜早鳥預約中,/buildings/eh2/,1,1,0,0,27
google / cpc,(organic),O mais novo projeto da Farglory | Novo empreendimento em Nanzi | Primeiro lançamento na Zona Econômica Especial de arranha-céus | Reservas antecipadas abertas,/buildings/eh2/,1,1,0,0,55
line-lap / eh2,20251209,远雄一靓｜楠梓新案．高大特区首发｜早鸟预约中,/buildings/eh2/,1,1,0,0,0
chatgpt.com / (not set),(not set),遠雄一靚｜楠梓新案．高大特區首發｜早鳥預約中,/buildings/eh2/,1,1,1,1,12
line-lap / (not set),(not set),遠雄一靚｜楠梓新案．高大特區首發｜早鳥預約中,/buildings/eh2/,1,1,1,1,0
yahoo / organic,(organic),遠雄一靚｜楠梓新案．高大特區首發｜早鳥預約中,/buildings/eh2/,1,1,1,1,0
104.com.tw / referral,(referral),遠雄一靚｜楠梓新案．高大特區首發｜早鳥預約中,/buildings/eh2/,1,1,1,1,4
console-v2.omnichat.ai / referral,(referral),遠雄一靚｜楠梓新案．高大特區首發｜早鳥預約中,/buildings/eh2/,1,1,1,1,0
tagassistant.google.com / referral,(referral),遠雄一靚｜楠梓新案．高大特區首發｜早鳥預約中,/buildings/eh2/,1,1,1,1,0
fb / bh11,11-3,遠雄一靚｜楠梓新案．高大特區首發｜早鳥預約中,/buildings/eh2/,1,1,2,2,74
fb / paid,120233718740630316,遠雄一靚｜楠梓新案．高大特區首發｜早鳥預約中,/buildings/eh2/,1,1,1,1,1
webnews / eh5,20250227,遠雄一靚｜楠梓新案．高大特區首發｜早鳥預約中,/buildings/eh2/,1,1,0,0,0
google / cpc,20250801,遠雄一靚｜楠梓新案．高大特區首發｜早鳥預約中,/buildings/eh2/,1,1,1,1,0
gdn / eh2,20250803,遠雄一靚｜楠梓新案．高大特區首發｜早鳥預約中,/buildings/eh2/,1,1,1,1,0
line-lap / 5vo1,20251002,遠雄一靚｜楠梓新案．高大特區首發｜早鳥預約中,/buildings/eh2/,1,1,1,1,5
yahoo_native / 5vo1,202510_4,遠雄一靚｜楠梓新案．高大特區首發｜早鳥預約中,/buildings/eh2/,1,1,1,1,18
line-lap / 5vo1,202511201,遠雄一靚｜楠梓新案．高大特區首發｜早鳥預約中,/buildings/eh2/,1,1,1,1,3
line-lap / 5vo1,20251123_1101,遠雄一靚｜楠梓新案．高大特區首發｜早鳥預約中,/buildings/eh2/,1,1,1,1,4
line-lap / 5vo1,20251123_1102,遠雄一靚｜楠梓新案．高大特區首發｜早鳥預約中,/buildings/eh2/,1,1,1,1,4
fb / bh7,20251215post,遠雄一靚｜楠梓新案．高大特區首發｜早鳥預約中,/buildings/eh2/,1,1,2,2,1
line-lap / 5vo1,202512_1201,遠雄一靚｜楠梓新案．高大特區首發｜早鳥預約中,/buildings/eh2/,1,1,1,1,5
google / cpc,O1,遠雄一靚｜楠梓新案．高大特區首發｜早鳥預約中,/buildings/eh2/,1,1,0,0,0
google_kw / BH8,extension,遠雄一靚｜楠梓新案．高大特區首發｜早鳥預約中,/buildings/eh2/,1,1,1,1,21
fb / eh5,fb31-1,遠雄一靚｜楠梓新案．高大特區首發｜早鳥預約中,/buildings/eh2/,1,1,0,0,0
fb / eh5,fb31-5,遠雄一靚｜楠梓新案．高大特區首發｜早鳥預約中,/buildings/eh2/,1,1,1,1,15
line-lap / cqh1,lap-2,遠雄一靚｜楠梓新案．高大特區首發｜早鳥預約中,/buildings/eh2/,1,1,1,1,5
socialmedia / fgr,metalink-ai-hub,遠雄一靚｜楠梓新案．高大特區首發｜早鳥預約中,/buildings/eh2/,1,1,1,1,20
google / cpc,othercities_brand,遠雄一靚｜楠梓新案．高大特區首發｜早鳥預約中,/buildings/eh2/,1,1,1,1,18
fb / eh5,park,遠雄一靚｜楠梓新案．高大特區首發｜早鳥預約中,/buildings/eh2/,1,1,1,1,0
leju / eh2,高大特區新案,遠雄一靚｜楠梓新案．高大特區首發｜早鳥預約中,/buildings/eh2/,1,1,1,1,0
dm-np / eh3,20220316,找不到頁面 - 遠雄房地產,/buildings/eh3/,1,1,1,1,10
fb / eh3,20221111,找不到頁面 - 遠雄房地產,/buildings/eh3/,1,1,1,1,7
lap / eh3,20221219,找不到頁面 - 遠雄房地產,/buildings/eh3/,1,1,1,1,3
web-ettoday / eh3,20230221,找不到頁面 - 遠雄房地產,/buildings/eh3/,1,1,1,1,1
google / cpc,220319,找不到頁面 - 遠雄房地產,/buildings/eh3/,1,1,1,1,3
google_kw / eh3,220608,找不到頁面 - 遠雄房地產,/buildings/eh3/,1,1,1,1,0
google_kw / eh3,220927,找不到頁面 - 遠雄房地產,/buildings/eh3/,1,1,1,1,0
google / cpc,area,(1) 封未讀訊息 | 遠雄沐蘊-高雄市三民區預售屋/新建案-預約賞屋,/buildings/eh5/,1,1,0,0,0
fb / eh5,fb31-1,(1) 封未讀訊息 | 遠雄沐蘊-高雄市三民區預售屋/新建案-預約賞屋,/buildings/eh5/,1,1,0,0,1
fb / eh5,fb12-3,(2) 封未讀訊息 | 遠雄沐蘊-高雄市三民區預售屋/新建案-預約賞屋,/buildings/eh5/,1,1,0,0,46
google / cpc,(organic),"Farglory Muyun - Pre-sale/New Construction Project in Sanmin District, Kaohsiung City - Schedule a Viewing",/buildings/eh5/,1,1,0,0,178
google / cpc,area,Farglory Muyun - 가오슝시 산민구 선분양/신축 프로젝트 - 견학 일정 잡기,/buildings/eh5/,1,1,0,0,8
google / cpc,type,"Yuanxiong Muyun - Pre-sale House in Sanmin District, Kaohsiung City/New Construction Plan - Reservation for House Appreciation",/buildings/eh5/,1,1,0,0,32
google / cpc,type,远雄沐蕴-高雄市三民区预售屋/新建案-预约赏屋,/buildings/eh5/,1,1,1,1,24
yahoo / organic,(organic),遠雄沐蘊-高雄市三民區預售屋/新建案-預約賞屋,/buildings/eh5/,1,1,1,1,15
console-v2.omnichat.ai / referral,(referral),遠雄沐蘊-高雄市三民區預售屋/新建案-預約賞屋,/buildings/eh5/,1,1,1,1,0
docs.google.com / referral,(referral),遠雄沐蘊-高雄市三民區預售屋/新建案-預約賞屋,/buildings/eh5/,1,1,1,1,73
excel.officeapps.live.com / referral,(referral),遠雄沐蘊-高雄市三民區預售屋/新建案-預約賞屋,/buildings/eh5/,1,1,1,1,4
google / cpc,(referral),遠雄沐蘊-高雄市三民區預售屋/新建案-預約賞屋,/buildings/eh5/,1,1,1,1,0
mkto-sn070013.com / referral,(referral),遠雄沐蘊-高雄市三民區預售屋/新建案-預約賞屋,/buildings/eh5/,1,1,1,1,27
statics.teams.cdn.office.net / referral,(referral),遠雄沐蘊-高雄市三民區預售屋/新建案-預約賞屋,/buildings/eh5/,1,1,0,0,20
fb / eh2,10-1,遠雄沐蘊-高雄市三民區預售屋/新建案-預約賞屋,/buildings/eh5/,1,1,1,1,25
fb / eh1,11-1,遠雄沐蘊-高雄市三民區預售屋/新建案-預約賞屋,/buildings/eh5/,1,1,1,1,0
fb / eh2,12-1,遠雄沐蘊-高雄市三民區預售屋/新建案-預約賞屋,/buildings/eh5/,1,1,1,1,91
google / cpc,20250616_品牌字,遠雄沐蘊-高雄市三民區預售屋/新建案-預約賞屋,/buildings/eh5/,1,1,1,1,20
(not set),20250905五輪播,遠雄沐蘊-高雄市三民區預售屋/新建案-預約賞屋,/buildings/eh5/,1,1,1,1,8
(not set),20251023一輪播,遠雄沐蘊-高雄市三民區預售屋/新建案-預約賞屋,/buildings/eh5/,1,1,1,1,27
avivid / bh11,20251212,遠雄沐蘊-高雄市三民區預售屋/新建案-預約賞屋,/buildings/eh5/,1,1,1,1,54
web-cnyes / bh11,2512,遠雄沐蘊-高雄市三民區預售屋/新建案-預約賞屋,/buildings/eh5/,1,1,1,1,13
fb / eh1,5-3,遠雄沐蘊-高雄市三民區預售屋/新建案-預約賞屋,/buildings/eh5/,1,1,1,1,2
google / cpc,O1_品牌字_2025.0801,遠雄沐蘊-高雄市三民區預售屋/新建案-預約賞屋,/buildings/eh5/,1,1,1,1,50
google / cpc,corearea0829,遠雄沐蘊-高雄市三民區預售屋/新建案-預約賞屋,/buildings/eh5/,1,1,2,2,61
dsp / cqh1,dsp-3,遠雄沐蘊-高雄市三民區預售屋/新建案-預約賞屋,/buildings/eh5/,1,1,1,1,21
google-map / (not set),eh1,遠雄沐蘊-高雄市三民區預售屋/新建案-預約賞屋,/buildings/eh5/,1,1,1,1,65
fb / eh1,eh1fb,遠雄沐蘊-高雄市三民區預售屋/新建案-預約賞屋,/buildings/eh5/,1,1,1,1,130
fb / eh1,eh1ig,遠雄沐蘊-高雄市三民區預售屋/新建案-預約賞屋,/buildings/eh5/,1,1,2,2,67
fgr-line / fgr,expert_li_housing-challenges-2026,遠雄沐蘊-高雄市三民區預售屋/新建案-預約賞屋,/buildings/eh5/,1,1,1,1,22
fgr-line / fgr,expert_zhu_ownership-criteria,遠雄沐蘊-高雄市三民區預售屋/新建案-預約賞屋,/buildings/eh5/,1,1,1,1,2
socialmedia / fgr,fb,遠雄沐蘊-高雄市三民區預售屋/新建案-預約賞屋,/buildings/eh5/,1,1,1,1,39
fb / o1,fb27-4,遠雄沐蘊-高雄市三民區預售屋/新建案-預約賞屋,/buildings/eh5/,1,1,7,7,1
fb / bh7,fbpage,遠雄沐蘊-高雄市三民區預售屋/新建案-預約賞屋,/buildings/eh5/,1,1,1,1,0
fb / bh8,leads,遠雄沐蘊-高雄市三民區預售屋/新建案-預約賞屋,/buildings/eh5/,1,1,3,3,9
fgr-line / eh2,listbutton,遠雄沐蘊-高雄市三民區預售屋/新建案-預約賞屋,/buildings/eh5/,1,1,2,2,0
socialmedia / fgr,metalink-ai-hub,遠雄沐蘊-高雄市三民區預售屋/新建案-預約賞屋,/buildings/eh5/,1,1,1,1,249
google / cpc,othercities_brand,遠雄沐蘊-高雄市三民區預售屋/新建案-預約賞屋,/buildings/eh5/,1,1,1,1,10
google / cpc,taipei,遠雄沐蘊-高雄市三民區預售屋/新建案-預約賞屋,/buildings/eh5/,1,1,1,1,6
web-udn / eh2,udn_202512,遠雄沐蘊-高雄市三民區預售屋/新建案-預約賞屋,/buildings/eh5/,1,1,1,1,46
leju / eh2,遠雄高大特區首發(雙圖),遠雄沐蘊-高雄市三民區預售屋/新建案-預約賞屋,/buildings/eh5/,1,1,2,2,132
chatgpt.com / referral,(referral),找不到頁面 - 遠雄房地產,/buildings/fh1/,1,1,1,1,0
google / cpc,(not set),找不到頁面 - 遠雄房地產,/buildings/fh2,1,1,1,1,0
google / organic,(organic),找不到頁面 - 遠雄房地產,/buildings/fh2,1,1,1,1,0
fb / eh1,8-1,找不到頁面 - 遠雄房地產,/buildings/fh2,1,1,1,1,9
google / cpc,brand,(1) 封未讀訊息 | 遠雄合雅｜板橋之心・合院之上｜2~3房．24~66坪,/buildings/fh2/,1,1,0,0,45
google / cpc,(organic),"Farglory Harmony | The Heart of Banqiao, Above the Courtyard | 2-3 Bedrooms, 24-66 Ping (approximately 163-166 square meters)",/buildings/fh2/,1,1,1,1,61
line / bh5,(not set),遠雄合雅｜板橋之心・合院之上｜2~3房．24~66坪,/buildings/fh2/,1,1,1,1,0
perplexity / (not set),(not set),遠雄合雅｜板橋之心・合院之上｜2~3房．24~66坪,/buildings/fh2/,1,1,2,2,11
yahoo / organic,(organic),遠雄合雅｜板橋之心・合院之上｜2~3房．24~66坪,/buildings/fh2/,1,1,1,1,26
l.instagram.com / referral,(referral),遠雄合雅｜板橋之心・合院之上｜2~3房．24~66坪,/buildings/fh2/,1,1,1,1,37
lm.facebook.com / referral,(referral),遠雄合雅｜板橋之心・合院之上｜2~3房．24~66坪,/buildings/fh2/,1,1,1,1,13
m.facebook.com / referral,(referral),遠雄合雅｜板橋之心・合院之上｜2~3房．24~66坪,/buildings/fh2/,1,1,1,1,16
tagassistant.google.com / referral,(referral),遠雄合雅｜板橋之心・合院之上｜2~3房．24~66坪,/buildings/fh2/,1,1,1,1,5
google_kw / BH8,20240816_台中 建案,遠雄合雅｜板橋之心・合院之上｜2~3房．24~66坪,/buildings/fh2/,1,1,1,1,8
google / cpc,20250616_品牌字,遠雄合雅｜板橋之心・合院之上｜2~3房．24~66坪,/buildings/fh2/,1,1,1,1,1
yahoo_native / 5vo1,202510_2,遠雄合雅｜板橋之心・合院之上｜2~3房．24~66坪,/buildings/fh2/,1,1,1,1,90
google / cpc,202511,遠雄合雅｜板橋之心・合院之上｜2~3房．24~66坪,/buildings/fh2/,1,1,1,1,22
(not set),20251107一輪播,遠雄合雅｜板橋之心・合院之上｜2~3房．24~66坪,/buildings/fh2/,1,1,1,1,61
line-lap / 5vo1,20251123_1102,遠雄合雅｜板橋之心・合院之上｜2~3房．24~66坪,/buildings/fh2/,1,1,1,1,2
line / bh11,20251204,遠雄合雅｜板橋之心・合院之上｜2~3房．24~66坪,/buildings/fh2/,1,1,1,1,5
avivid / bh11,20251212,遠雄合雅｜板橋之心・合院之上｜2~3房．24~66坪,/buildings/fh2/,1,1,1,1,3
web-cnyes / bh11,2512,遠雄合雅｜板橋之心・合院之上｜2~3房．24~66坪,/buildings/fh2/,1,1,1,1,14
google / cpc,O1_特色字_2025.0801,遠雄合雅｜板橋之心・合院之上｜2~3房．24~66坪,/buildings/fh2/,1,1,1,1,83
dsp / cqh1,dsp-3,遠雄合雅｜板橋之心・合院之上｜2~3房．24~66坪,/buildings/fh2/,1,1,1,1,103
google_kw / fh2,extension,遠雄合雅｜板橋之心・合院之上｜2~3房．24~66坪,/buildings/fh2/,1,1,1,1,0
bing / organic,(organic),遠雄合雅｜板橋之心・合院之上｜2~4房．24~66坪,/buildings/fh2/,1,1,1,1,19
chatgpt.com / referral,(referral),遠雄合雅｜板橋之心・合院之上｜2~4房．24~66坪,/buildings/fh2/,1,1,6,6,48
tagassistant.google.com / referral,(referral),遠雄合雅｜板橋之心・合院之上｜2~4房．24~66坪,/buildings/fh2/,1,1,3,3,71
fb / h707,1,遠雄合雅｜板橋之心・合院之上｜2~4房．24~66坪,/buildings/fh2/,1,1,1,1,0
fb / eh1,11-1,遠雄合雅｜板橋之心・合院之上｜2~4房．24~66坪,/buildings/fh2/,1,1,1,1,0
(not set),20251107一輪播,遠雄合雅｜板橋之心・合院之上｜2~4房．24~66坪,/buildings/fh2/,1,1,2,2,87
google / cpc,Pmax,遠雄合雅｜板橋之心・合院之上｜2~4房．24~66坪,/buildings/fh2/,1,1,1,1,6
fb / cqh1,fb-26,遠雄合雅｜板橋之心・合院之上｜2~4房．24~66坪,/buildings/fh2/,1,1,2,2,12
fb / o1,fb25-1,遠雄合雅｜板橋之心・合院之上｜2~4房．24~66坪,/buildings/fh2/,1,1,2,2,101
google_kw / cqh1,information7,遠雄合雅｜板橋之心・合院之上｜2~4房．24~66坪,/buildings/fh2/,1,1,1,1,0
(direct) / (none),(direct),找不到頁面 - 遠雄房地產,/buildings/fh2/ ‎,1,1,1,1,0
chatgpt.com / referral,(referral),找不到頁面 - 遠雄房地產,/buildings/fh3/,1,1,1,1,1
(direct) / (none),(direct),找不到頁面 - 遠雄房地產,/buildings/fm1/,1,1,1,1,25
google / organic,(organic),找不到頁面 - 遠雄房地產,/buildings/fm1/,1,1,1,1,3
line-lap / fm1,202307-1,找不到頁面 - 遠雄房地產,/buildings/fm1/,1,1,1,1,2
line-lap / fm1,202307-3-3,找不到頁面 - 遠雄房地產,/buildings/fm1/,1,1,1,1,3
line-lap / fm1,202307-3-4,找不到頁面 - 遠雄房地產,/buildings/fm1/,1,1,1,1,2
gdn / fm1,202312-6,找不到頁面 - 遠雄房地產,/buildings/fm1/,1,1,1,1,0
line-lap / fm1,line-lapblue,找不到頁面 - 遠雄房地產,/buildings/fm1/,1,1,1,1,2
line-lap / fm1,line-lapred,找不到頁面 - 遠雄房地產,/buildings/fm1/,1,1,1,1,3
lbs-sms / fm3,20251229,(1) 封未讀訊息 | 遠雄信義CENTER-新北市板橋區廠辦.商辦/預售新建案-預約賞屋,/buildings/fm3/,1,1,0,0,40
google / cpc,Pmax,(1) 封未讀訊息 | 遠雄信義CENTER-新北市板橋區廠辦.商辦/預售新建案-預約賞屋,/buildings/fm3/,1,1,0,0,0
google / cpc,extensions,"Trung tâm Farglory Xinyi - Thành phố Đài Bắc Mới, Quận Banqiao, Tòa nhà nhà máy và văn phòng thương mại/Dự án xây dựng mới (Mở bán trước) - Lên lịch xem nhà",/buildings/fm3/,1,1,0,0,18
google / cpc,Pmax,مرکز فارگلوری شینیی - شهر تایپه جدید، منطقه بانکیائو، ساختمان‌های اداری کارخانه‌ای و تجاری/پروژه ساختمانی جدید (پیش فروش) - تعیین وقت بازدید,/buildings/fm3/,1,1,1,1,4
google / cpc,(organic),遠雄信義CENTER-新北市板橋區廠辦.商辦/預售新建案-預約賞屋,/buildings/fm3/,1,1,2,2,11
google_kw / dh2,(organic),遠雄信義CENTER-新北市板橋區廠辦.商辦/預售新建案-預約賞屋,/buildings/fm3/,1,1,1,1,0
farglory.com.tw / referral,(referral),遠雄信義CENTER-新北市板橋區廠辦.商辦/預售新建案-預約賞屋,/buildings/fm3/,1,1,1,1,17
l.facebook.com / referral,(referral),遠雄信義CENTER-新北市板橋區廠辦.商辦/預售新建案-預約賞屋,/buildings/fm3/,1,1,1,1,336
m.facebook.com / referral,(referral),遠雄信義CENTER-新北市板橋區廠辦.商辦/預售新建案-預約賞屋,/buildings/fm3/,1,1,1,1,12
taboola / referral,(referral),遠雄信義CENTER-新北市板橋區廠辦.商辦/預售新建案-預約賞屋,/buildings/fm3/,1,1,1,1,2
fb / bh11,11-3,遠雄信義CENTER-新北市板橋區廠辦.商辦/預售新建案-預約賞屋,/buildings/fm3/,1,1,1,1,29
fb / paid,120210744263750402,遠雄信義CENTER-新北市板橋區廠辦.商辦/預售新建案-預約賞屋,/buildings/fm3/,1,1,1,1,0
webnews / ar1,20250627,遠雄信義CENTER-新北市板橋區廠辦.商辦/預售新建案-預約賞屋,/buildings/fm3/,1,1,1,1,81
gdn / hm2,202511,遠雄信義CENTER-新北市板橋區廠辦.商辦/預售新建案-預約賞屋,/buildings/fm3/,1,1,1,1,1
yahoo_native / 5vo1,20251124_1102,遠雄信義CENTER-新北市板橋區廠辦.商辦/預售新建案-預約賞屋,/buildings/fm3/,1,1,2,2,437
google / cpc,O1_品牌字_2025.0801,遠雄信義CENTER-新北市板橋區廠辦.商辦/預售新建案-預約賞屋,/buildings/fm3/,1,1,1,1,25
google / cpc,O1_競品字_2025.0801,遠雄信義CENTER-新北市板橋區廠辦.商辦/預售新建案-預約賞屋,/buildings/fm3/,1,1,2,2,18
google / cpc,banqiao,遠雄信義CENTER-新北市板橋區廠辦.商辦/預售新建案-預約賞屋,/buildings/fm3/,1,1,1,1,29
google / cpc,competitor,遠雄信義CENTER-新北市板橋區廠辦.商辦/預售新建案-預約賞屋,/buildings/fm3/,1,1,1,1,7
fgr-line / fgr,expert_hoshichang_south-potential,遠雄信義CENTER-新北市板橋區廠辦.商辦/預售新建案-預約賞屋,/buildings/fm3/,1,1,1,1,51
fgr-line / fgr,expert_zhu_ownership-criteria,遠雄信義CENTER-新北市板橋區廠辦.商辦/預售新建案-預約賞屋,/buildings/fm3/,1,1,1,1,0
fb / bh10,fb11-3,遠雄信義CENTER-新北市板橋區廠辦.商辦/預售新建案-預約賞屋,/buildings/fm3/,1,1,2,2,53
fb / fh2,fb12-1,遠雄信義CENTER-新北市板橋區廠辦.商辦/預售新建案-預約賞屋,/buildings/fm3/,1,1,1,1,22
fb / bh8,fb23-1,遠雄信義CENTER-新北市板橋區廠辦.商辦/預售新建案-預約賞屋,/buildings/fm3/,1,1,1,1,6
fb / o1,fb27-4,遠雄信義CENTER-新北市板橋區廠辦.商辦/預售新建案-預約賞屋,/buildings/fm3/,1,1,0,0,0
fb / eh5,fb31-6,遠雄信義CENTER-新北市板橋區廠辦.商辦/預售新建案-預約賞屋,/buildings/fm3/,1,1,1,1,5
google / cpc,gdn11-2,遠雄信義CENTER-新北市板橋區廠辦.商辦/預售新建案-預約賞屋,/buildings/fm3/,1,1,1,1,934
googlemap / h95,googlemap,遠雄信義CENTER-新北市板橋區廠辦.商辦/預售新建案-預約賞屋,/buildings/fm3/,1,1,1,1,18
ig / social,ig,遠雄信義CENTER-新北市板橋區廠辦.商辦/預售新建案-預約賞屋,/buildings/fm3/,1,1,1,1,34
fb / fh2,leads,遠雄信義CENTER-新北市板橋區廠辦.商辦/預售新建案-預約賞屋,/buildings/fm3/,1,1,1,1,28
line-lap / bh10,line-lap202511-3,遠雄信義CENTER-新北市板橋區廠辦.商辦/預售新建案-預約賞屋,/buildings/fm3/,1,1,3,3,124
google / cpc,taipei,遠雄信義CENTER-新北市板橋區廠辦.商辦/預售新建案-預約賞屋,/buildings/fm3/,1,1,0,0,296
google / cpc,(not set),遠雄信義CENTER-新北市板橋區廠辦.商辦/預售新建案-預約賞屋,/buildings/fm3//,1,1,1,1,0
docs.google.com / referral,(referral),找不到頁面 - 遠雄房地產,/buildings/h100/,1,1,1,1,0
gdn / gdn,h101b,找不到頁面 - 遠雄房地產,/buildings/h101b,1,1,1,1,0
google_kw / google_kw,h101b,找不到頁面 - 遠雄房地產,/buildings/h101b,1,1,1,1,3
line-lap_Public / h101b,1022,找不到頁面 - 遠雄房地產,/buildings/h101b/,1,1,1,1,2
line-lap_house43 / h101b,1022,找不到頁面 - 遠雄房地產,/buildings/h101b/,1,1,1,1,4
(not set),(not set),找不到頁面 - 遠雄房地產,/buildings/h101b/https://www.farglory-realty.com.tw/buildings/h101b/,1,1,0,0,15
(not set),20251209一輪播,找不到頁面 - 遠雄房地產,/buildings/h101b/https://www.farglory-realty.com.tw/buildings/h101b/,1,1,1,1,0
google / organic,(organic),遠雄左岸香榭園-新北市中和區豪宅/新建案-預約賞屋，遠雄房地產,/buildings/h102/,1,1,1,1,0
google / farglory/,(referral),遠雄左岸香榭園-新北市中和區豪宅/新建案-預約賞屋，遠雄房地產,/buildings/h102/,1,1,1,1,0
google / farglory/,(referral),遠雄文青-桃園市龜山區成屋-預約賞屋，遠雄房地產,/buildings/h115/,1,1,1,1,0
tagassistant.google.com / referral,(referral),找不到頁面 - 遠雄房地產,/buildings/h13,1,1,1,1,1
fb / h707,34,(1) 封未讀訊息 | 遠雄星呈-台中市清水區預售屋/新建案-預約賞屋，遠雄房地產,/buildings/h707/,1,1,0,0,393
fb / h707,40,(1) 封未讀訊息 | 遠雄星呈-台中市清水區預售屋/新建案-預約賞屋，遠雄房地產,/buildings/h707/,1,1,0,0,99
google_kw / h707,(not set),遠雄星呈-台中市清水區預售屋/新建案-預約賞屋，遠雄房地產,/buildings/h707/,1,1,1,1,0
google_kw / dh2,(organic),遠雄星呈-台中市清水區預售屋/新建案-預約賞屋，遠雄房地產,/buildings/h707/,1,1,1,1,24
yahoo / organic,(organic),遠雄星呈-台中市清水區預售屋/新建案-預約賞屋，遠雄房地產,/buildings/h707/,1,1,1,1,52
app.omnichat.ai / referral,(referral),遠雄星呈-台中市清水區預售屋/新建案-預約賞屋，遠雄房地產,/buildings/h707/,1,1,1,1,1
appuat.ibo.ai / referral,(referral),遠雄星呈-台中市清水區預售屋/新建案-預約賞屋，遠雄房地產,/buildings/h707/,1,1,1,1,0
console-v2.omnichat.ai / referral,(referral),遠雄星呈-台中市清水區預售屋/新建案-預約賞屋，遠雄房地產,/buildings/h707/,1,1,1,1,0
farglory.com.tw / referral,(referral),遠雄星呈-台中市清水區預售屋/新建案-預約賞屋，遠雄房地產,/buildings/h707/,1,1,1,1,20
google / cpc,(referral),遠雄星呈-台中市清水區預售屋/新建案-預約賞屋，遠雄房地產,/buildings/h707/,1,1,1,1,0
fb / h713,100,遠雄星呈-台中市清水區預售屋/新建案-預約賞屋，遠雄房地產,/buildings/h707/,1,1,1,1,64
fb / h713,111,遠雄星呈-台中市清水區預售屋/新建案-預約賞屋，遠雄房地產,/buildings/h707/,1,1,1,1,0
fb / h713,113,遠雄星呈-台中市清水區預售屋/新建案-預約賞屋，遠雄房地產,/buildings/h707/,1,1,1,1,0
line-lap / h707,2,遠雄星呈-台中市清水區預售屋/新建案-預約賞屋，遠雄房地產,/buildings/h707/,1,1,1,1,4
google_kw / BH8,20240816_台中高價建案,遠雄星呈-台中市清水區預售屋/新建案-預約賞屋，遠雄房地產,/buildings/h707/,1,1,1,1,7
webnew / h713,202512,遠雄星呈-台中市清水區預售屋/新建案-預約賞屋，遠雄房地產,/buildings/h707/,1,1,1,1,9
fb / bh5,45,遠雄星呈-台中市清水區預售屋/新建案-預約賞屋，遠雄房地產,/buildings/h707/,1,1,1,1,112
google / cpc,O1_品牌字_2025.0801,遠雄星呈-台中市清水區預售屋/新建案-預約賞屋，遠雄房地產,/buildings/h707/,1,1,1,1,1
google / cpc,Pmax,遠雄星呈-台中市清水區預售屋/新建案-預約賞屋，遠雄房地產,/buildings/h707/,1,1,1,1,38
google / cpc,beitun,遠雄星呈-台中市清水區預售屋/新建案-預約賞屋，遠雄房地產,/buildings/h707/,1,1,1,1,225
google / cpc,competitor,遠雄星呈-台中市清水區預售屋/新建案-預約賞屋，遠雄房地產,/buildings/h707/,1,1,1,1,64
fb / bh11,fanpagebutton,遠雄星呈-台中市清水區預售屋/新建案-預約賞屋，遠雄房地產,/buildings/h707/,1,1,1,1,24
fb / cqh1,fb-10,遠雄星呈-台中市清水區預售屋/新建案-預約賞屋，遠雄房地產,/buildings/h707/,1,1,2,2,0
fb / bh10,fb10-8,遠雄星呈-台中市清水區預售屋/新建案-預約賞屋，遠雄房地產,/buildings/h707/,1,1,1,1,20
fb / bh8,fb19-1,遠雄星呈-台中市清水區預售屋/新建案-預約賞屋，遠雄房地產,/buildings/h707/,1,1,1,1,81
fb / bh8,fb23-1,遠雄星呈-台中市清水區預售屋/新建案-預約賞屋，遠雄房地產,/buildings/h707/,1,1,1,1,26
google_gdn / 5vo1,gdn-01,遠雄星呈-台中市清水區預售屋/新建案-預約賞屋，遠雄房地產,/buildings/h707/,1,1,1,1,16
google_kw / bh7,googlemap,遠雄星呈-台中市清水區預售屋/新建案-預約賞屋，遠雄房地產,/buildings/h707/,1,1,0,0,0
web / bh6,googlemap2,遠雄星呈-台中市清水區預售屋/新建案-預約賞屋，遠雄房地產,/buildings/h707/,1,1,1,1,0
taboola / fm3,impB,遠雄星呈-台中市清水區預售屋/新建案-預約賞屋，遠雄房地產,/buildings/h707/,1,1,2,2,135
leju / bh9,lejupage,遠雄星呈-台中市清水區預售屋/新建案-預約賞屋，遠雄房地產,/buildings/h707/,1,1,1,1,0
line-lap / bh10,line-lap202511-6,遠雄星呈-台中市清水區預售屋/新建案-預約賞屋，遠雄房地產,/buildings/h707/,1,1,1,1,12
line-fgr / bh7,linefgrbh7,遠雄星呈-台中市清水區預售屋/新建案-預約賞屋，遠雄房地產,/buildings/h707/,1,1,1,1,4
webforum / h707,monster,遠雄星呈-台中市清水區預售屋/新建案-預約賞屋，遠雄房地產,/buildings/h707/,1,1,1,1,0
web-udn / bh10,webudn0925,遠雄星呈-台中市清水區預售屋/新建案-預約賞屋，遠雄房地產,/buildings/h707/,1,1,1,1,0
google / cpc,遠雄幸福成_H713_關鍵字_0516_外縣市,遠雄星呈-台中市清水區預售屋/新建案-預約賞屋，遠雄房地產,/buildings/h707/,1,1,1,1,54
(direct) / (none),(direct),找不到頁面 - 遠雄房地產,/buildings/h7107,1,1,1,1,1
google / organic,(organic),(1) 封未讀訊息 | 遠雄幸福成｜即將落成 - 台中市清水區預售/新建案-預約賞屋，遠雄房地產,/buildings/h713/,1,1,0,0,2
(data not available),(cross-network),"Farglory Happiness Project | Coming Soon - Pre-sale/New Construction Project in Qingshui District, Taichung City - Schedule a Viewing - Farglory Real Estate",/buildings/h713/,1,1,0,0,48
google / organic,(organic),"Farglory Happiness Project | Coming Soon - Pre-sale/New Construction Project in Qingshui District, Taichung City - Schedule a Viewing - Farglory Real Estate",/buildings/h713/,1,1,0,0,37
google / cpc,遠雄幸福成_H713_關鍵字_0516_中彰,"Yuanxiong Happiness | Soon to be completed - Pre-sale/New Construction Plan in Qingshui District, Taichung City - Make an appointment to reward the house, Yuanxiong Real Estate",/buildings/h713/,1,1,0,0,25
LINE-4 / (not set),(not set),遠雄幸福成｜即將落成 - 台中市清水區預售/新建案-預約賞屋，遠雄房地產,/buildings/h713/,1,1,1,1,4
chatgpt.com / (not set),(not set),遠雄幸福成｜即將落成 - 台中市清水區預售/新建案-預約賞屋，遠雄房地產,/buildings/h713/,1,1,1,1,47
fb / fbpage,(not set),遠雄幸福成｜即將落成 - 台中市清水區預售/新建案-預約賞屋，遠雄房地產,/buildings/h713/,1,1,2,2,1
fb / linebutton,(not set),遠雄幸福成｜即將落成 - 台中市清水區預售/新建案-預約賞屋，遠雄房地產,/buildings/h713/,1,1,2,2,4
google_kw / h713,(not set),遠雄幸福成｜即將落成 - 台中市清水區預售/新建案-預約賞屋，遠雄房地產,/buildings/h713/,1,1,0,0,0
line / h713,(not set),遠雄幸福成｜即將落成 - 台中市清水區預售/新建案-預約賞屋，遠雄房地產,/buildings/h713/,1,1,2,2,27
line-2 / (not set),(not set),遠雄幸福成｜即將落成 - 台中市清水區預售/新建案-預約賞屋，遠雄房地產,/buildings/h713/,1,1,1,1,5
line-3 / (not set),(not set),遠雄幸福成｜即將落成 - 台中市清水區預售/新建案-預約賞屋，遠雄房地產,/buildings/h713/,1,1,1,1,4
line-4 / (not set),(not set),遠雄幸福成｜即將落成 - 台中市清水區預售/新建案-預約賞屋，遠雄房地產,/buildings/h713/,1,1,1,1,5
line-5 / (not set),(not set),遠雄幸福成｜即將落成 - 台中市清水區預售/新建案-預約賞屋，遠雄房地產,/buildings/h713/,1,1,1,1,4
line-6 / (not set),(not set),遠雄幸福成｜即將落成 - 台中市清水區預售/新建案-預約賞屋，遠雄房地產,/buildings/h713/,1,1,1,1,6
farglory.com.tw / referral,(referral),遠雄幸福成｜即將落成 - 台中市清水區預售/新建案-預約賞屋，遠雄房地產,/buildings/h713/,1,1,1,1,10
line / linebutton,(referral),遠雄幸福成｜即將落成 - 台中市清水區預售/新建案-預約賞屋，遠雄房地產,/buildings/h713/,1,1,3,3,0
mkto-sn070013.com / referral,(referral),遠雄幸福成｜即將落成 - 台中市清水區預售/新建案-預約賞屋，遠雄房地產,/buildings/h713/,1,1,1,1,0
reurl.cc / referral,(referral),遠雄幸福成｜即將落成 - 台中市清水區預售/新建案-預約賞屋，遠雄房地產,/buildings/h713/,1,1,1,1,0
tagassistant.google.com / referral,(referral),遠雄幸福成｜即將落成 - 台中市清水區預售/新建案-預約賞屋，遠雄房地產,/buildings/h713/,1,1,3,3,18
vocus-cc.cdn.ampproject.org / referral,(referral),遠雄幸福成｜即將落成 - 台中市清水區預售/新建案-預約賞屋，遠雄房地產,/buildings/h713/,1,1,1,1,25
fb / h713,102,遠雄幸福成｜即將落成 - 台中市清水區預售/新建案-預約賞屋，遠雄房地產,/buildings/h713/,1,1,1,1,0
fb / h713,110,遠雄幸福成｜即將落成 - 台中市清水區預售/新建案-預約賞屋，遠雄房地產,/buildings/h713/,1,1,1,1,15
line-lap / dh2,15,遠雄幸福成｜即將落成 - 台中市清水區預售/新建案-預約賞屋，遠雄房地產,/buildings/h713/,1,1,1,1,0
google / cpc,20220125,遠雄幸福成｜即將落成 - 台中市清水區預售/新建案-預約賞屋，遠雄房地產,/buildings/h713/,1,1,1,1,27
gdn / H713,20220822,遠雄幸福成｜即將落成 - 台中市清水區預售/新建案-預約賞屋，遠雄房地產,/buildings/h713/,1,1,1,1,0
google_kw / BH8,20240816_品牌字,遠雄幸福成｜即將落成 - 台中市清水區預售/新建案-預約賞屋，遠雄房地產,/buildings/h713/,1,1,1,1,2
(not set),202501003二輪播,遠雄幸福成｜即將落成 - 台中市清水區預售/新建案-預約賞屋，遠雄房地產,/buildings/h713/,1,1,3,3,1084
google_kw / 5vo1,202511,遠雄幸福成｜即將落成 - 台中市清水區預售/新建案-預約賞屋，遠雄房地產,/buildings/h713/,1,1,0,0,1
fb / hm2,20251103TA,遠雄幸福成｜即將落成 - 台中市清水區預售/新建案-預約賞屋，遠雄房地產,/buildings/h713/,1,1,1,1,9
(not set),20251107一輪播,遠雄幸福成｜即將落成 - 台中市清水區預售/新建案-預約賞屋，遠雄房地產,/buildings/h713/,1,1,1,1,18
yahoo_native / 5vo1,20251124_1102,遠雄幸福成｜即將落成 - 台中市清水區預售/新建案-預約賞屋，遠雄房地產,/buildings/h713/,1,1,1,1,59
avivid / bh11,20251212,遠雄幸福成｜即將落成 - 台中市清水區預售/新建案-預約賞屋，遠雄房地產,/buildings/h713/,1,1,1,1,27
(not set),20251230一輪播,遠雄幸福成｜即將落成 - 台中市清水區預售/新建案-預約賞屋，遠雄房地產,/buildings/h713/,1,1,0,0,0
fb / h707,28,遠雄幸福成｜即將落成 - 台中市清水區預售/新建案-預約賞屋，遠雄房地產,/buildings/h713/,1,1,1,1,0
fb / bh5,48,遠雄幸福成｜即將落成 - 台中市清水區預售/新建案-預約賞屋，遠雄房地產,/buildings/h713/,1,1,1,1,7
fb / bh7,9,遠雄幸福成｜即將落成 - 台中市清水區預售/新建案-預約賞屋，遠雄房地產,/buildings/h713/,1,1,1,1,0
fb / h713,96,遠雄幸福成｜即將落成 - 台中市清水區預售/新建案-預約賞屋，遠雄房地產,/buildings/h713/,1,1,1,1,33
fb / h713,99,遠雄幸福成｜即將落成 - 台中市清水區預售/新建案-預約賞屋，遠雄房地產,/buildings/h713/,1,1,1,1,7
google / cpc,CQH1-買房字,遠雄幸福成｜即將落成 - 台中市清水區預售/新建案-預約賞屋，遠雄房地產,/buildings/h713/,1,1,1,1,4
google / cpc,O1_品牌字_2025.0801,遠雄幸福成｜即將落成 - 台中市清水區預售/新建案-預約賞屋，遠雄房地產,/buildings/h713/,1,1,1,1,2
google / cpc,Otherarea0829,遠雄幸福成｜即將落成 - 台中市清水區預售/新建案-預約賞屋，遠雄房地產,/buildings/h713/,1,1,2,2,21
google / cpc,Pmax,遠雄幸福成｜即將落成 - 台中市清水區預售/新建案-預約賞屋，遠雄房地產,/buildings/h713/,1,1,1,1,31
fb / bh10,fb10-8,遠雄幸福成｜即將落成 - 台中市清水區預售/新建案-預約賞屋，遠雄房地產,/buildings/h713/,1,1,1,1,0
google_gdn / 5vo1,gdn-01,遠雄幸福成｜即將落成 - 台中市清水區預售/新建案-預約賞屋，遠雄房地產,/buildings/h713/,1,1,1,1,1
google_kw / bh7,googlemap,遠雄幸福成｜即將落成 - 台中市清水區預售/新建案-預約賞屋，遠雄房地產,/buildings/h713/,1,1,1,1,0
ig / social,ig,遠雄幸福成｜即將落成 - 台中市清水區預售/新建案-預約賞屋，遠雄房地產,/buildings/h713/,1,1,1,1,28
google / cpc,information4,遠雄幸福成｜即將落成 - 台中市清水區預售/新建案-預約賞屋，遠雄房地產,/buildings/h713/,1,1,1,1,5
webforum / h713,monster,遠雄幸福成｜即將落成 - 台中市清水區預售/新建案-預約賞屋，遠雄房地產,/buildings/h713/,1,1,1,1,0
fb / h713,page,遠雄幸福成｜即將落成 - 台中市清水區預售/新建案-預約賞屋，遠雄房地產,/buildings/h713/,1,1,1,1,10
google / cpc,project,遠雄幸福成｜即將落成 - 台中市清水區預售/新建案-預約賞屋，遠雄房地產,/buildings/h713/,1,1,1,1,0
google / cpc,(not set),找不到頁面 - 遠雄房地產,/buildings/h807/,1,1,1,1,0
gdn / h807,20221227,找不到頁面 - 遠雄房地產,/buildings/h807/,1,1,1,1,0
web-ettoday / h807,20230608,找不到頁面 - 遠雄房地產,/buildings/h807/,1,1,1,1,0
socialmedia / fgr,fbh807info,找不到頁面 - 遠雄房地產,/buildings/h807/,1,1,1,1,0
(not set),20251107一輪播,找不到頁面 - 遠雄房地產,/buildings/h88,1,1,1,1,3
(direct) / (none),(direct),找不到頁面 - 遠雄房地產,/buildings/h88/,1,1,1,1,7
docs.google.com / referral,(referral),找不到頁面 - 遠雄房地產,/buildings/h88/,1,1,1,1,1
webnews / h88,20241002,找不到頁面 - 遠雄房地產,/buildings/h88/,1,1,1,1,0
web-chinatimes / h88,20250122,找不到頁面 - 遠雄房地產,/buildings/h88/,1,1,1,1,5
google / cpc,O1_競品字_2025.0801,找不到頁面 - 遠雄房地產,/buildings/h88/,1,1,1,1,2
app.clickup.com / referral,(referral),遠雄九五-新北市新莊區新成屋/新建案-預約賞屋，遠雄房地產,/buildings/h88/,1,1,1,1,5
google / farglory/,(referral),遠雄九五-新北市新莊區新成屋/新建案-預約賞屋，遠雄房地產,/buildings/h88/,1,1,1,1,0
(not set),系統測試,遠雄九五-新北市新莊區新成屋/新建案-預約賞屋，遠雄房地產,/buildings/h88/,1,1,1,1,0
lbs-sms / h901,sms602,找不到頁面 - 遠雄房地產,/buildings/h901/,1,1,1,1,0
google_kw / h902,220608,找不到頁面 - 遠雄房地產,/buildings/h902,1,1,1,1,0
google_kw / h902,230627,找不到頁面 - 遠雄房地產,/buildings/h902,1,1,1,1,0
google / cpc,O1_地區字_2025.0801,"Farglory Zhuoyun - Pre-sale/New Construction Project in Sanmin District, Kaohsiung City - Schedule a Viewing, Farglory Real Estate",/buildings/h902/,1,1,0,0,39
(direct) / (none),(direct),找不到頁面 - 遠雄房地產,/buildings/h902/,1,1,1,1,0
(data not available),(cross-network),遠雄琢蘊-高雄市三民區預售屋/新建案-預約賞屋，遠雄房地產,/buildings/h902/,1,1,1,1,16
chatgpt.com / (not set),(not set),遠雄琢蘊-高雄市三民區預售屋/新建案-預約賞屋，遠雄房地產,/buildings/h902/,1,1,1,1,15
docs.google.com / referral,(referral),遠雄琢蘊-高雄市三民區預售屋/新建案-預約賞屋，遠雄房地產,/buildings/h902/,1,1,4,4,81
excel.officeapps.live.com / referral,(referral),遠雄琢蘊-高雄市三民區預售屋/新建案-預約賞屋，遠雄房地產,/buildings/h902/,1,1,1,1,0
tagassistant.google.com / referral,(referral),遠雄琢蘊-高雄市三民區預售屋/新建案-預約賞屋，遠雄房地產,/buildings/h902/,1,1,1,1,24
fb / h707,1,遠雄琢蘊-高雄市三民區預售屋/新建案-預約賞屋，遠雄房地產,/buildings/h902/,1,1,1,1,16
fb / eh1,11-1,遠雄琢蘊-高雄市三民區預售屋/新建案-預約賞屋，遠雄房地產,/buildings/h902/,1,1,2,2,20
fb / eh1,11-2,遠雄琢蘊-高雄市三民區預售屋/新建案-預約賞屋，遠雄房地產,/buildings/h902/,1,1,1,1,68
fb / eh2,11-3,遠雄琢蘊-高雄市三民區預售屋/新建案-預約賞屋，遠雄房地產,/buildings/h902/,1,1,1,1,0
fgr-line / eh2,20221519,遠雄琢蘊-高雄市三民區預售屋/新建案-預約賞屋，遠雄房地產,/buildings/h902/,1,1,1,1,14
line-lap / h902,20230501,遠雄琢蘊-高雄市三民區預售屋/新建案-預約賞屋，遠雄房地產,/buildings/h902/,1,1,1,1,6
webnews / h902,20240326,遠雄琢蘊-高雄市三民區預售屋/新建案-預約賞屋，遠雄房地產,/buildings/h902/,1,1,1,1,3
web-ltn / h902,20240603,遠雄琢蘊-高雄市三民區預售屋/新建案-預約賞屋，遠雄房地產,/buildings/h902/,1,1,1,1,6
google_kw / BH8,20240816_台中 建案,遠雄琢蘊-高雄市三民區預售屋/新建案-預約賞屋，遠雄房地產,/buildings/h902/,1,1,1,1,13
google_kw / BH8,20240816_品牌字,遠雄琢蘊-高雄市三民區預售屋/新建案-預約賞屋，遠雄房地產,/buildings/h902/,1,1,1,1,2
(not set),20251023一輪播,遠雄琢蘊-高雄市三民區預售屋/新建案-預約賞屋，遠雄房地產,/buildings/h902/,1,1,1,1,1
yahoo_native / 5vo1,202510_4,遠雄琢蘊-高雄市三民區預售屋/新建案-預約賞屋，遠雄房地產,/buildings/h902/,1,1,1,1,31
(not set),20251107一輪播,遠雄琢蘊-高雄市三民區預售屋/新建案-預約賞屋，遠雄房地產,/buildings/h902/,1,1,1,1,9
line / bh11,20251204,遠雄琢蘊-高雄市三民區預售屋/新建案-預約賞屋，遠雄房地產,/buildings/h902/,1,1,1,1,31
line-lap / eh2,20251208,遠雄琢蘊-高雄市三民區預售屋/新建案-預約賞屋，遠雄房地產,/buildings/h902/,1,1,1,1,11
line-lap / eh2,20251209,遠雄琢蘊-高雄市三民區預售屋/新建案-預約賞屋，遠雄房地產,/buildings/h902/,1,1,2,2,33
google_kw / h902,240130,遠雄琢蘊-高雄市三民區預售屋/新建案-預約賞屋，遠雄房地產,/buildings/h902/,1,1,4,4,120
web-cnyes / bh11,2512,遠雄琢蘊-高雄市三民區預售屋/新建案-預約賞屋，遠雄房地產,/buildings/h902/,1,1,1,1,8
fb / bh11,8-1,遠雄琢蘊-高雄市三民區預售屋/新建案-預約賞屋，遠雄房地產,/buildings/h902/,1,1,1,1,98
google / cpc,O1_品牌字_2025.0801,遠雄琢蘊-高雄市三民區預售屋/新建案-預約賞屋，遠雄房地產,/buildings/h902/,1,1,1,1,312
google / cpc,O1_地區字_2025.0801,遠雄琢蘊-高雄市三民區預售屋/新建案-預約賞屋，遠雄房地產,/buildings/h902/,1,1,1,1,2
google / cpc,com,遠雄琢蘊-高雄市三民區預售屋/新建案-預約賞屋，遠雄房地產,/buildings/h902/,1,1,2,2,69
google / cpc,competitor,遠雄琢蘊-高雄市三民區預售屋/新建案-預約賞屋，遠雄房地產,/buildings/h902/,1,1,1,1,47
google / cpc,core,遠雄琢蘊-高雄市三民區預售屋/新建案-預約賞屋，遠雄房地產,/buildings/h902/,1,1,1,1,22
fb / eh1,eh1ig,遠雄琢蘊-高雄市三民區預售屋/新建案-預約賞屋，遠雄房地產,/buildings/h902/,1,1,1,1,100
fb / bh10,fb10-8,遠雄琢蘊-高雄市三民區預售屋/新建案-預約賞屋，遠雄房地產,/buildings/h902/,1,1,1,1,8
fb / bh8,fb16-2,遠雄琢蘊-高雄市三民區預售屋/新建案-預約賞屋，遠雄房地產,/buildings/h902/,1,1,1,1,7
googlemap / o1,googlemap,遠雄琢蘊-高雄市三民區預售屋/新建案-預約賞屋，遠雄房地產,/buildings/h902/,1,1,1,1,27
fgr-line / fg,kw_brand_construction_20240109/,遠雄琢蘊-高雄市三民區預售屋/新建案-預約賞屋，遠雄房地產,/buildings/h902/,1,1,1,1,4
fb / ar1,leads,遠雄琢蘊-高雄市三民區預售屋/新建案-預約賞屋，遠雄房地產,/buildings/h902/,1,1,1,1,66
fb / eh2,leads,遠雄琢蘊-高雄市三民區預售屋/新建案-預約賞屋，遠雄房地產,/buildings/h902/,1,1,2,2,12
fb / eh5,park,遠雄琢蘊-高雄市三民區預售屋/新建案-預約賞屋，遠雄房地產,/buildings/h902/,1,1,1,1,42
google / cpc,taipei,遠雄琢蘊-高雄市三民區預售屋/新建案-預約賞屋，遠雄房地產,/buildings/h902/,1,1,1,1,2
google_kw / cqh1,tamsui,遠雄琢蘊-高雄市三民區預售屋/新建案-預約賞屋，遠雄房地產,/buildings/h902/,1,1,1,1,7
web-udn / eh2,udn_202512,遠雄琢蘊-高雄市三民區預售屋/新建案-預約賞屋，遠雄房地產,/buildings/h902/,1,1,1,1,96
web-udn / bh10,web-udn1212,遠雄琢蘊-高雄市三民區預售屋/新建案-預約賞屋，遠雄房地產,/buildings/h902/,1,1,1,1,31
web-appledaily / web-appledaily,H95,找不到頁面 - 遠雄房地產,/buildings/h95/,1,1,1,1,4
google / organic,(organic),找不到頁面 - 遠雄房地產,/buildings/hH10/,1,1,1,1,2
googlemap / hh1,googlemap,Page Not Found - Farglory Real Estate,/buildings/hh1/,1,1,0,0,14
google / cpc,brand,找不到頁面 - 遠雄房地產,/buildings/hh1/,1,1,1,1,4
google / cpc,202511,找不到頁面 - 遠雄房地產,/buildings/hh10/,1,1,1,1,4
(not set),(not set),找不到頁面 - 遠雄房地產,/buildings/hh2,1,1,0,0,3
(not set),20251107一輪播,找不到頁面 - 遠雄房地產,/buildings/hh2,1,1,1,1,3
line / hh2,(not set),找不到頁面 - 遠雄房地產,/buildings/hh2/,1,1,1,1,0
google / cpc,20240208,找不到頁面 - 遠雄房地產,/buildings/hh2/,1,1,1,1,0
line-lap / hh2,architect,找不到頁面 - 遠雄房地產,/buildings/hh2/,1,1,1,1,2
google_kw / hh2,chinhsi,找不到頁面 - 遠雄房地產,/buildings/hh2/,1,1,1,1,0
line-lap / hh2,landscape,找不到頁面 - 遠雄房地產,/buildings/hh2/,1,1,1,1,4
google / organic,(organic),遠雄夏沐-桃園市桃園區預售屋/新建案-預約賞屋，遠雄房地產,/buildings/hh2/,1,1,1,1,4
app.clickup.com / referral,(referral),遠雄夏沐-桃園市桃園區預售屋/新建案-預約賞屋，遠雄房地產,/buildings/hh2/,1,1,1,1,0
(direct) / (none),(direct),找不到頁面 - 遠雄房地產,/buildings/hh3/,1,1,1,1,25
google / cpc,gdn-2,找不到頁面 - 遠雄房地產,/buildings/hh3/,1,1,1,1,0
google_kw / hh3,googlemap,找不到頁面 - 遠雄房地產,/buildings/hh3/,1,1,1,1,5
line-lap / hh3,lap-3,找不到頁面 - 遠雄房地產,/buildings/hh3/,1,1,1,1,2
line-lap / hh3,lap-4,找不到頁面 - 遠雄房地產,/buildings/hh3/,1,1,1,1,3
line-lap / hh3,lap-8,找不到頁面 - 遠雄房地產,/buildings/hh3/,1,1,1,1,2
(direct) / (none),(direct),找不到頁面 - 遠雄房地產,/buildings/hih1/,1,1,1,1,0
(direct) / (none),(direct),找不到頁面 - 遠雄房地產,/buildings/him1/,1,1,1,1,0
fb / him1,fb10-1,找不到頁面 - 遠雄房地產,/buildings/him1/,1,1,1,1,0
line-lap / hlh1,3-1,找不到頁面 - 遠雄房地產,/buildings/hlh1/,1,1,1,1,2
line-lap / hlh1,taipei-business-6-1,找不到頁面 - 遠雄房地產,/buildings/hlh1/,1,1,1,1,2
line-lap / hlh1,taipei-business-6-2,找不到頁面 - 遠雄房地產,/buildings/hlh1/,1,1,1,1,2
line-lap / hlh1,taipei-finance-6-1,找不到頁面 - 遠雄房地產,/buildings/hlh1/,1,1,1,1,3
line-lap / hlh1,taipei-finance-6-2,找不到頁面 - 遠雄房地產,/buildings/hlh1/,1,1,1,1,3
line-lap / hlh1,taoyuan-business-6-1,找不到頁面 - 遠雄房地產,/buildings/hlh1/,1,1,1,1,2
line-lap / hlh1,taoyuan-finance-6-1,找不到頁面 - 遠雄房地產,/buildings/hlh1/,1,1,1,1,3
google / cpc,202511,(1) 封未讀訊息 | 遠雄MetaLink科技園區 | 機捷A7．A8站▕ VIP企業席次開放預約中,/buildings/hm2/,1,1,0,0,7
(direct) / (none),(direct),Farglory MetaLink Technology Park | Airport MRT A7 & A8 Station | VIP corporate seats are now open for reservation.,/buildings/hm2/,1,1,0,0,23
google / cpc,sitelink,Farglory MetaLink Technology Park | Airport MRT A7 & A8 Station | VIP corporate seats are now open for reservation.,/buildings/hm2/,1,1,0,0,2
google / cpc,sitelink,Farglory MetaLink Technology Park | Stasiun MRT Bandara A7 & A8 | Kursi VIP korporat kini dibuka untuk reservasi.,/buildings/hm2/,1,1,0,0,11
google / cpc,sitelink,Khu công nghệ Farglory MetaLink | Ga MRT Sân bay A7 & A8 | Ghế VIP dành cho doanh nghiệp hiện đã mở đặt trước.,/buildings/hm2/,1,1,0,0,0
google / cpc,202511,Taman Teknologi Farglory MetaLink | Stasiun MRT Bandara A7 & A8 | Kursi korporat VIP sekarang dibuka untuk reservasi.,/buildings/hm2/,1,1,0,0,10
google / cpc,202511,Yuanxiong MetaLink Science and Technology Park | Jijie A7. A8 Station ▕ VIP enterprise seats are open for reservation,/buildings/hm2/,1,1,0,0,319
gdn / hm2,202511,远雄MetaLink科技园区| 机捷A7． A8站▕ VIP企业席次开放预约中,/buildings/hm2/,1,1,1,1,28
google / cpc,202511,远雄MetaLink科技园区| 机捷A7． A8站▕ VIP企业席次开放预约中,/buildings/hm2/,1,1,0,0,122
google_kw / hm2,202511,远雄MetaLink科技园区| 机捷A7． A8站▕ VIP企业席次开放预约中,/buildings/hm2/,1,1,1,1,35
yahoo / organic,(organic),遠雄MetaLink科技園區 | 機捷A7．A8站▕ VIP企業席次開放預約中,/buildings/hm2/,1,1,2,2,26
chatgpt.com / referral,(referral),遠雄MetaLink科技園區 | 機捷A7．A8站▕ VIP企業席次開放預約中,/buildings/hm2/,1,1,4,4,39
console-v2.omnichat.ai / referral,(referral),遠雄MetaLink科技園區 | 機捷A7．A8站▕ VIP企業席次開放預約中,/buildings/hm2/,1,1,1,1,1
mkto-sn070013.com / referral,(referral),遠雄MetaLink科技園區 | 機捷A7．A8站▕ VIP企業席次開放預約中,/buildings/hm2/,1,1,1,1,3
tagassistant.google.com / referral,(referral),遠雄MetaLink科技園區 | 機捷A7．A8站▕ VIP企業席次開放預約中,/buildings/hm2/,1,1,2,2,65
(not set),20250905五輪播,遠雄MetaLink科技園區 | 機捷A7．A8站▕ VIP企業席次開放預約中,/buildings/hm2/,1,1,1,1,24
(not set),20250919一輪播,遠雄MetaLink科技園區 | 機捷A7．A8站▕ VIP企業席次開放預約中,/buildings/hm2/,1,1,1,1,30
google_kw / 5vo1,202509_1,遠雄MetaLink科技園區 | 機捷A7．A8站▕ VIP企業席次開放預約中,/buildings/hm2/,1,1,1,1,4
yahoo_native / 5vo1,202510_4,遠雄MetaLink科技園區 | 機捷A7．A8站▕ VIP企業席次開放預約中,/buildings/hm2/,1,1,1,1,4
taboola / fm3,ConA02,遠雄MetaLink科技園區 | 機捷A7．A8站▕ VIP企業席次開放預約中,/buildings/hm2/,1,1,1,1,0
taboola / fm3,ConB,遠雄MetaLink科技園區 | 機捷A7．A8站▕ VIP企業席次開放預約中,/buildings/hm2/,1,1,1,1,48
google / cpc,core,遠雄MetaLink科技園區 | 機捷A7．A8站▕ VIP企業席次開放預約中,/buildings/hm2/,1,1,1,1,0
fb / eh5,fb31-5,遠雄MetaLink科技園區 | 機捷A7．A8站▕ VIP企業席次開放預約中,/buildings/hm2/,1,1,1,1,1
fb / eh5,fb31-6,遠雄MetaLink科技園區 | 機捷A7．A8站▕ VIP企業席次開放預約中,/buildings/hm2/,1,1,1,1,7
leju / eh2,fbgroups,遠雄MetaLink科技園區 | 機捷A7．A8站▕ VIP企業席次開放預約中,/buildings/hm2/,1,1,1,1,41
google_gdn / 5vo1,gdn-01,遠雄MetaLink科技園區 | 機捷A7．A8站▕ VIP企業席次開放預約中,/buildings/hm2/,1,1,1,1,44
google / cpc,gdn11-2,遠雄MetaLink科技園區 | 機捷A7．A8站▕ VIP企業席次開放預約中,/buildings/hm2/,1,1,1,1,66
google / cpc,gdn11-4,遠雄MetaLink科技園區 | 機捷A7．A8站▕ VIP企業席次開放預約中,/buildings/hm2/,1,1,1,1,63
google / cpc,gdn5-7,遠雄MetaLink科技園區 | 機捷A7．A8站▕ VIP企業席次開放預約中,/buildings/hm2/,1,1,1,1,214
google_kw / bh7,googlemap,遠雄MetaLink科技園區 | 機捷A7．A8站▕ VIP企業席次開放預約中,/buildings/hm2/,1,1,1,1,2
google / cpc,needs,遠雄MetaLink科技園區 | 機捷A7．A8站▕ VIP企業席次開放預約中,/buildings/hm2/,1,1,1,1,7
google / cpc,遠雄幸福成_H713_關鍵字_0516_外縣市,遠雄MetaLink科技園區 | 機捷A7．A8站▕ VIP企業席次開放預約中,/buildings/hm2/,1,1,1,1,31
fb / him1,fanpagev1,找不到頁面 - 遠雄房地產,/buildings/jjh1,1,1,1,1,0
(direct) / (none),(direct),找不到頁面 - 遠雄房地產,/buildings/m62/,1,1,1,1,0
tinyurl.com / referral,(referral),找不到頁面 - 遠雄房地產,/buildings/m62/,1,1,1,1,0
google / cpc,20211008,找不到頁面 - 遠雄房地產,/buildings/m62/,1,1,1,1,19
google / cpc,20211029,找不到頁面 - 遠雄房地產,/buildings/m62/,1,1,1,1,0
lbs-sms / m62,20211124,找不到頁面 - 遠雄房地產,/buildings/m62/,1,1,1,1,0
googlemap / m62,googlemap,找不到頁面 - 遠雄房地產,/buildings/m62/,1,1,1,1,17
web-ltn / msm1,web-ltn0308,找不到頁面 - 遠雄房地產,/buildings/msm1,1,1,1,1,6
webnews / msm1,webnews-0305haung,找不到頁面 - 遠雄房地產,/buildings/msm1,1,1,1,1,1
line-lap / msm1,6-1,找不到頁面 - 遠雄房地產,/buildings/msm1/,1,1,1,1,5
line-lap / msm1,6-2,找不到頁面 - 遠雄房地產,/buildings/msm1/,1,1,1,1,2
line-lap / msm1,6-3,找不到頁面 - 遠雄房地產,/buildings/msm1/,1,1,1,1,2
gdn / msm1,gdnpmax,找不到頁面 - 遠雄房地產,/buildings/msm1/,1,1,1,1,0
google / cpc,O1_地區字_2025.0801,(1) 封未讀訊息 | 遠雄THE ONE-高雄市前鎮區新成屋/新建案-預約賞屋,/buildings/o1/,1,1,0,0,59
google / cpc,O1_品牌字_2025.0801,(2) 封未讀訊息 | (1) 封未讀訊息 | 遠雄THE ONE-高雄市前鎮區新成屋/新建案-預約賞屋,/buildings/o1/,1,1,0,0,183
google / cpc,type,"Farglory THE ONE - Newly Built/Constructed Housing Project in Qianzhen District, Kaohsiung City - Schedule a Viewing",/buildings/o1/,1,1,0,0,115
googlemap / o1,googlemap,"Yuanxiong THE ONE-New House/New Construction Case in Qianzhen District, Kaohsiung City-Reservation House",/buildings/o1/,1,1,0,0,57
chatgpt.com / (not set),(not set),遠雄THE ONE-高雄市前鎮區新成屋/新建案-預約賞屋,/buildings/o1/,1,1,2,2,100
google / cpc,(not set),遠雄THE ONE-高雄市前鎮區新成屋/新建案-預約賞屋,/buildings/o1/,1,1,1,1,51
farglory-land.com.tw / referral,(referral),遠雄THE ONE-高雄市前鎮區新成屋/新建案-預約賞屋,/buildings/o1/,1,1,1,1,7
l.instagram.com / referral,(referral),遠雄THE ONE-高雄市前鎮區新成屋/新建案-預約賞屋,/buildings/o1/,1,1,1,1,0
m.facebook.com / referral,(referral),遠雄THE ONE-高雄市前鎮區新成屋/新建案-預約賞屋,/buildings/o1/,1,1,1,1,0
mkto-sn070013.com / referral,(referral),遠雄THE ONE-高雄市前鎮區新成屋/新建案-預約賞屋,/buildings/o1/,1,1,1,1,114
tagassistant.google.com / referral,(referral),遠雄THE ONE-高雄市前鎮區新成屋/新建案-預約賞屋,/buildings/o1/,1,1,1,1,22
zh.wikipedia.org / referral,(referral),遠雄THE ONE-高雄市前鎮區新成屋/新建案-預約賞屋,/buildings/o1/,1,1,1,1,36
fb / eh1,11-1,遠雄THE ONE-高雄市前鎮區新成屋/新建案-預約賞屋,/buildings/o1/,1,1,1,1,47
web-ettoday / O1,20240912,遠雄THE ONE-高雄市前鎮區新成屋/新建案-預約賞屋,/buildings/o1/,1,1,1,1,15
(not set),202501003二輪播,遠雄THE ONE-高雄市前鎮區新成屋/新建案-預約賞屋,/buildings/o1/,1,1,1,1,32
google / cpc,20250317,遠雄THE ONE-高雄市前鎮區新成屋/新建案-預約賞屋,/buildings/o1/,1,1,1,1,0
fb / o1,20250422_24-1,遠雄THE ONE-高雄市前鎮區新成屋/新建案-預約賞屋,/buildings/o1/,1,1,2,2,22
google / cpc,20250616_品牌字,遠雄THE ONE-高雄市前鎮區新成屋/新建案-預約賞屋,/buildings/o1/,1,1,1,1,13
line-lap / ar1,20250718,遠雄THE ONE-高雄市前鎮區新成屋/新建案-預約賞屋,/buildings/o1/,1,1,1,1,6
webnews / ar1,20250918,遠雄THE ONE-高雄市前鎮區新成屋/新建案-預約賞屋,/buildings/o1/,1,1,7,7,1
yahoo_native / 5vo1,202510_4,遠雄THE ONE-高雄市前鎮區新成屋/新建案-預約賞屋,/buildings/o1/,1,1,1,1,17
google_gdn / 5vo1,20251201,遠雄THE ONE-高雄市前鎮區新成屋/新建案-預約賞屋,/buildings/o1/,1,1,1,1,58
line-lap / eh2,20251208,遠雄THE ONE-高雄市前鎮區新成屋/新建案-預約賞屋,/buildings/o1/,1,1,1,1,62
lbs-sms / fm3,20251229,遠雄THE ONE-高雄市前鎮區新成屋/新建案-預約賞屋,/buildings/o1/,1,1,2,2,2
fb / 0507,O1,遠雄THE ONE-高雄市前鎮區新成屋/新建案-預約賞屋,/buildings/o1/,1,1,2,2,77
google / cpc,Pmax,遠雄THE ONE-高雄市前鎮區新成屋/新建案-預約賞屋,/buildings/o1/,1,1,1,1,5
fb / eh5,fb31-5,遠雄THE ONE-高雄市前鎮區新成屋/新建案-預約賞屋,/buildings/o1/,1,1,1,1,4
google / cpc,gdn11-2,遠雄THE ONE-高雄市前鎮區新成屋/新建案-預約賞屋,/buildings/o1/,1,1,1,1,70
ig / social,ig,遠雄THE ONE-高雄市前鎮區新成屋/新建案-預約賞屋,/buildings/o1/,1,1,1,1,20
google / cpc,taipei,遠雄THE ONE-高雄市前鎮區新成屋/新建案-預約賞屋,/buildings/o1/,1,1,1,1,0
web-ettoday / o1,web-ettoday0415,遠雄THE ONE-高雄市前鎮區新成屋/新建案-預約賞屋,/buildings/o1/,1,1,1,1,30
leju / eh2,遠雄高大特區首發(雙圖),遠雄THE ONE-高雄市前鎮區新成屋/新建案-預約賞屋,/buildings/o1/,1,1,2,2,177
google / organic,(organic),熱銷建案 彙整 - 頁2，共2 - 遠雄房地產,/buildings/page/2/,1,1,1,1,35
google / organic,(organic),熱銷建案 彙整 - 頁2，共3 - 遠雄房地產,/buildings/page/2/,1,1,1,1,17
web-chinatimes / qyh1,chinatimes1117,找不到頁面 - 遠雄房地產,/buildings/qyh1,1,1,1,1,20
line-lap / qyh1,line-lap3-1,找不到頁面 - 遠雄房地產,/buildings/qyh1,1,1,1,1,3
line-lap / qyh1,line-lap3-2,找不到頁面 - 遠雄房地產,/buildings/qyh1,1,1,1,1,2
lbs-sms / qyh1,lbs-sms0513,找不到頁面 - 遠雄房地產,/buildings/qyh1/,1,1,1,1,0
line-lap / qyh1,line-lap3-2,找不到頁面 - 遠雄房地產,/buildings/qyh1/,1,1,1,1,0
line-lap / qyh1,linelap2-1,找不到頁面 - 遠雄房地產,/buildings/qyh1/,1,1,1,1,3
line-lap / qyh1,linelap7-1,找不到頁面 - 遠雄房地產,/buildings/qyh1/,1,1,1,1,2
line-lap / qyh1,linelap7-1_s,找不到頁面 - 遠雄房地產,/buildings/qyh1/,1,1,1,1,2
line-lap / qyh1,linelap7-2,找不到頁面 - 遠雄房地產,/buildings/qyh1/,1,1,1,1,3
google / cpc,sanxia,找不到頁面 - 遠雄房地產,/buildings/qyh1/,1,1,1,1,0
web-udn / qyh1,web-udn0526,找不到頁面 - 遠雄房地產,/buildings/qyh1/,1,1,1,1,0
webhouse / qyh2,webhouse0821-mydachiwebsite,找不到頁面 - 遠雄房地產,/buildings/qyh2,1,1,1,1,11
webhouse / qyh2,webhouse0821-mydachiwebsite,找不到頁面 - 遠雄房地產,/buildings/qyh2/,1,1,1,1,5
(direct) / (none),(direct),嘉福青鳥之美｜享受生活之美-橫溪是新生活的開始，更是回家的方向,/buildings/rsh01/,1,1,2,2,7
bing / organic,(organic),找不到頁面 - 遠雄房地產,/buildings/rsh01/,1,1,2,2,3
google / cpc,brand,找不到頁面 - 遠雄房地產,/buildings/rsh01/,1,1,1,1,0
(not set),20251023一輪播,若水秧翠｜東京視野・頂埔門牌｜1~3房．20~42坪,/buildings/rsh01/,1,1,2,2,2114
google / cpc,brand,若水秧翠｜東京視野・頂埔門牌｜1~3房．20~42坪,/buildings/rsh01/,1,1,4,4,7
(direct) / (none),(direct),找不到頁面 - 遠雄房地產,/buildings/rsh1,1,1,1,1,4
yahoo_native / 5vo1,202510_2,若水秧翠｜東京視野・頂埔門牌｜1~3房．20~42坪,/buildings/rsh1/,1,1,2,2,13
(direct) / (none),(direct),找不到頁面 - 遠雄房地產,/buildings/shqmo01,1,1,1,1,12
google / organic,(organic),找不到頁面 - 遠雄房地產,/buildings/shqmo01/,1,1,1,1,7
chatgpt.com / referral,(referral),找不到頁面 - 遠雄房地產,/buildings/shqmo01/,1,1,3,3,4
l.instagram.com / referral,(referral),找不到頁面 - 遠雄房地產,/buildings/shqmo01/,1,1,1,1,0
lnkd.in / referral,(referral),找不到頁面 - 遠雄房地產,/buildings/shqmo01/,1,1,1,1,0
fb / 5vo1,2025090503,找不到頁面 - 遠雄房地產,/buildings/shqmo01/,1,1,1,1,0
line / linebutton,(referral),找不到頁面 - 遠雄房地產,/buildings/ｂｈ５/,1,1,1,1,1
google / organic,(organic),職涯發展-遠雄房地產,/career_development/,1,1,1,1,2
(direct) / (none),(direct),CASA GAUDI 晴空樹,/casa_gaudi/,1,1,1,1,0
google / cpc,O1_地區字_2025.0801,"Hot-selling projects: Pre-sale homes, new construction projects, newly completed homes - Farglory Real Estate",/case/,1,1,0,0,4
line / linebutton,(not set),熱銷建案：預售屋、新建案、新成屋 -遠雄房地產,/case/,1,1,1,1,0
yahoo / organic,(organic),熱銷建案：預售屋、新建案、新成屋 -遠雄房地產,/case/,1,1,2,2,23
bniconnectglobal.com / referral,(referral),熱銷建案：預售屋、新建案、新成屋 -遠雄房地產,/case/,1,1,1,1,3
docs.google.com / referral,(referral),熱銷建案：預售屋、新建案、新成屋 -遠雄房地產,/case/,1,1,1,1,2
excel.officeapps.live.com / referral,(referral),熱銷建案：預售屋、新建案、新成屋 -遠雄房地產,/case/,1,1,1,1,2
hk.search.yahoo.com / referral,(referral),熱銷建案：預售屋、新建案、新成屋 -遠雄房地產,/case/,1,1,1,1,3
line / linebutton,(referral),熱銷建案：預售屋、新建案、新成屋 -遠雄房地產,/case/,1,1,1,1,0
m.baidu.com / referral,(referral),熱銷建案：預售屋、新建案、新成屋 -遠雄房地產,/case/,1,1,1,1,7
mkto-sn070013.com / referral,(referral),熱銷建案：預售屋、新建案、新成屋 -遠雄房地產,/case/,1,1,1,1,2
tagassistant.google.com / referral,(referral),熱銷建案：預售屋、新建案、新成屋 -遠雄房地產,/case/,1,1,1,1,4
fb / h713,105,熱銷建案：預售屋、新建案、新成屋 -遠雄房地產,/case/,1,1,1,1,8
fb / h713,108,熱銷建案：預售屋、新建案、新成屋 -遠雄房地產,/case/,1,1,1,1,4
fb / bh11,11-3,熱銷建案：預售屋、新建案、新成屋 -遠雄房地產,/case/,1,1,1,1,3
fb / O1,120227538157820464,熱銷建案：預售屋、新建案、新成屋 -遠雄房地產,/case/,1,1,1,1,19
line-lap / dh2,15,熱銷建案：預售屋、新建案、新成屋 -遠雄房地產,/case/,1,1,1,1,3
google / cpc,20250616_台北豪宅/別墅,熱銷建案：預售屋、新建案、新成屋 -遠雄房地產,/case/,1,1,1,1,1
google / cpc,20250616_競品字,熱銷建案：預售屋、新建案、新成屋 -遠雄房地產,/case/,1,1,1,1,1
yahoo_native / 5vo1,20251124_1102,熱銷建案：預售屋、新建案、新成屋 -遠雄房地產,/case/,1,1,1,1,21
line-lap / eh2,20251208,熱銷建案：預售屋、新建案、新成屋 -遠雄房地產,/case/,1,1,1,1,0
pmp / (not set),6,熱銷建案：預售屋、新建案、新成屋 -遠雄房地產,/case/,1,1,1,1,0
fb / eh2,9-4,熱銷建案：預售屋、新建案、新成屋 -遠雄房地產,/case/,1,1,1,1,0
google / cpc,CQH1-品牌字,熱銷建案：預售屋、新建案、新成屋 -遠雄房地產,/case/,1,1,1,1,7
sms / aep-cdp,CRM-001-D,熱銷建案：預售屋、新建案、新成屋 -遠雄房地產,/case/,1,1,1,1,1
google / cpc,O1_特色字_2025.0801,熱銷建案：預售屋、新建案、新成屋 -遠雄房地產,/case/,1,1,1,1,4
google / cpc,com,熱銷建案：預售屋、新建案、新成屋 -遠雄房地產,/case/,1,1,1,1,7
google / cpc,corearea0829,熱銷建案：預售屋、新建案、新成屋 -遠雄房地產,/case/,1,1,1,1,15
google-map / (not set),eh1,熱銷建案：預售屋、新建案、新成屋 -遠雄房地產,/case/,1,1,1,1,6
fgr-line / fgr,expert_zhu_ownership-criteria,熱銷建案：預售屋、新建案、新成屋 -遠雄房地產,/case/,1,1,2,2,1
fb / bh8,fanpage,熱銷建案：預售屋、新建案、新成屋 -遠雄房地產,/case/,1,1,1,1,12
fb / bh11,fanpagebutton,熱銷建案：預售屋、新建案、新成屋 -遠雄房地產,/case/,1,1,1,1,2
socialmedia / fgr,fb,熱銷建案：預售屋、新建案、新成屋 -遠雄房地產,/case/,1,1,1,1,3
fb / cqh1,fb-26,熱銷建案：預售屋、新建案、新成屋 -遠雄房地產,/case/,1,1,1,1,1
fb / dh2,fb-49,熱銷建案：預售屋、新建案、新成屋 -遠雄房地產,/case/,1,1,1,1,0
fb / bh8,fb16-2,熱銷建案：預售屋、新建案、新成屋 -遠雄房地產,/case/,1,1,1,1,5
socialmedia / fgr,fb20251209,熱銷建案：預售屋、新建案、新成屋 -遠雄房地產,/case/,1,1,1,1,0
fb / fh2,fbfanpage,熱銷建案：預售屋、新建案、新成屋 -遠雄房地產,/case/,1,1,1,1,3
fg / o1,fg,熱銷建案：預售屋、新建案、新成屋 -遠雄房地產,/case/,1,1,1,1,8
googlemap / h95,googlemap,熱銷建案：預售屋、新建案、新成屋 -遠雄房地產,/case/,1,1,1,1,9
fb / bh5,leads,熱銷建案：預售屋、新建案、新成屋 -遠雄房地產,/case/,1,1,1,1,0
line-fgr / bh7,linefgrbh7,熱銷建案：預售屋、新建案、新成屋 -遠雄房地產,/case/,1,1,1,1,6
google / cpc,needs,熱銷建案：預售屋、新建案、新成屋 -遠雄房地產,/case/,1,1,1,1,10
google / cpc,taichung,熱銷建案：預售屋、新建案、新成屋 -遠雄房地產,/case/,1,1,1,1,5
google / cpc,type,熱銷建案：預售屋、新建案、新成屋 -遠雄房地產,/case/,1,1,1,1,3
web-udn / eh2,udn_202512,熱銷建案：預售屋、新建案、新成屋 -遠雄房地產,/case/,1,1,1,1,22
web-ettoday / o1,web-ettoday0415,熱銷建案：預售屋、新建案、新成屋 -遠雄房地產,/case/,1,1,1,1,2
ig / social,ig,"인기 건설 계획: 분양 주택, 신축 계획, 신축 주택 - 원웅 부동산",/case/,1,1,0,0,6
google / cpc,O1_地區字_2025.0801,"A list of best-selling housing projects: Farglory Group's pre-sale, new construction, and completed housing information across Taiwan.",/case/search/,1,1,0,0,22
googlemap / o1,googlemap,"A list of best-selling housing projects: Farglory Group's pre-sale, new construction, and completed housing information across Taiwan.",/case/search/,1,1,0,0,370
googlemap / o1,googlemap,"List of hot-selling construction cases: Yuanxiong Taiwan's pre-sale houses, new construction plans, new house information",/case/search/,1,1,0,0,5
google / cpc,遠雄幸福成_H713_關鍵字_0516_中彰,"List of hot-selling construction cases: Yuanxiong Taiwan's pre-sale houses, new construction plans, new house information",/case/search/,1,1,0,0,33
google / organic,(organic),热销建案一览：远雄全台预售屋、新建案、新成屋信息,/case/search/,1,1,1,1,0
google / cpc,(not set),熱銷建案一覽：遠雄全台預售屋、新建案、新成屋資訊,/case/search/,1,1,1,1,6
line / linebutton,(not set),熱銷建案一覽：遠雄全台預售屋、新建案、新成屋資訊,/case/search/,1,1,3,3,27
perplexity / (not set),(not set),熱銷建案一覽：遠雄全台預售屋、新建案、新成屋資訊,/case/search/,1,1,3,3,96
docs.google.com / referral,(referral),熱銷建案一覽：遠雄全台預售屋、新建案、新成屋資訊,/case/search/,1,1,3,3,22
dogreat.com.tw / referral,(referral),熱銷建案一覽：遠雄全台預售屋、新建案、新成屋資訊,/case/search/,1,1,1,1,4
hk.search.yahoo.com / referral,(referral),熱銷建案一覽：遠雄全台預售屋、新建案、新成屋資訊,/case/search/,1,1,2,2,27
m000476.layout.minmax.website / referral,(referral),熱銷建案一覽：遠雄全台預售屋、新建案、新成屋資訊,/case/search/,1,1,1,1,0
search.avastbrowser.com / referral,(referral),熱銷建案一覽：遠雄全台預售屋、新建案、新成屋資訊,/case/search/,1,1,2,2,49
tinyurl.com / referral,(referral),熱銷建案一覽：遠雄全台預售屋、新建案、新成屋資訊,/case/search/,1,1,3,3,14
tong-yuan.com.tw / referral,(referral),熱銷建案一覽：遠雄全台預售屋、新建案、新成屋資訊,/case/search/,1,1,3,3,72
yahoo_native / bh5,(referral),熱銷建案一覽：遠雄全台預售屋、新建案、新成屋資訊,/case/search/,1,1,3,3,96
fb / h713,105,熱銷建案一覽：遠雄全台預售屋、新建案、新成屋資訊,/case/search/,1,1,3,3,32
fb / eh1,11-1,熱銷建案一覽：遠雄全台預售屋、新建案、新成屋資訊,/case/search/,1,1,3,3,48
fb / bh11,11-3,熱銷建案一覽：遠雄全台預售屋、新建案、新成屋資訊,/case/search/,1,1,6,6,63
fb / paid,120233718740630316,熱銷建案一覽：遠雄全台預售屋、新建案、新成屋資訊,/case/search/,1,1,4,4,104
ig / paid,120238552444900537,熱銷建案一覽：遠雄全台預售屋、新建案、新成屋資訊,/case/search/,1,1,6,6,135
web-ettoday / bh2,20221202,熱銷建案一覽：遠雄全台預售屋、新建案、新成屋資訊,/case/search/,1,1,3,3,13
fgr-line / eh2,20221519,熱銷建案一覽：遠雄全台預售屋、新建案、新成屋資訊,/case/search/,1,1,3,3,87
google_kw / BH8,20240816_台中高價建案,熱銷建案一覽：遠雄全台預售屋、新建案、新成屋資訊,/case/search/,1,1,1,1,5
google_kw / BH8,20240816_品牌字,熱銷建案一覽：遠雄全台預售屋、新建案、新成屋資訊,/case/search/,1,1,1,1,29
google_kw / BH8,20240816_透天/豪宅/別墅,熱銷建案一覽：遠雄全台預售屋、新建案、新成屋資訊,/case/search/,1,1,2,2,25
web-ettoday / O1,20240912,熱銷建案一覽：遠雄全台預售屋、新建案、新成屋資訊,/case/search/,1,1,1,1,2
fb / o1,20250422_23-1,熱銷建案一覽：遠雄全台預售屋、新建案、新成屋資訊,/case/search/,1,1,1,1,32
google / cpc,20250616_台北豪宅/別墅,熱銷建案一覽：遠雄全台預售屋、新建案、新成屋資訊,/case/search/,1,1,4,4,57
google / cpc,20250616_品牌字,熱銷建案一覽：遠雄全台預售屋、新建案、新成屋資訊,/case/search/,1,1,1,1,0
google / cpc,20250616_競品字,熱銷建案一覽：遠雄全台預售屋、新建案、新成屋資訊,/case/search/,1,1,1,1,11
fb / 5vo1,2025090503,熱銷建案一覽：遠雄全台預售屋、新建案、新成屋資訊,/case/search/,1,1,1,1,107
google / cpc,202510-2,熱銷建案一覽：遠雄全台預售屋、新建案、新成屋資訊,/case/search/,1,1,1,1,1
(not set),20251023一輪播,熱銷建案一覽：遠雄全台預售屋、新建案、新成屋資訊,/case/search/,1,1,1,1,3
yahoo_native / 5vo1,202510_2,熱銷建案一覽：遠雄全台預售屋、新建案、新成屋資訊,/case/search/,1,1,2,2,19
yahoo_native / 5vo1,202510_4,熱銷建案一覽：遠雄全台預售屋、新建案、新成屋資訊,/case/search/,1,1,6,6,17
google_kw / 5vo1,202511,熱銷建案一覽：遠雄全台預售屋、新建案、新成屋資訊,/case/search/,1,1,2,2,10
google / cpc,20251101-2-1,熱銷建案一覽：遠雄全台預售屋、新建案、新成屋資訊,/case/search/,1,1,2,2,4
fb / hm2,20251101TA,熱銷建案一覽：遠雄全台預售屋、新建案、新成屋資訊,/case/search/,1,1,1,1,13
fb / hm2,20251102,熱銷建案一覽：遠雄全台預售屋、新建案、新成屋資訊,/case/search/,1,1,1,1,14
yahoo_native / 5vo1,20251124_1102,熱銷建案一覽：遠雄全台預售屋、新建案、新成屋資訊,/case/search/,1,1,1,1,16
webnews / hm2,202512,熱銷建案一覽：遠雄全台預售屋、新建案、新成屋資訊,/case/search/,1,1,1,1,14
fgr-line / cqh1,20251206,熱銷建案一覽：遠雄全台預售屋、新建案、新成屋資訊,/case/search/,1,1,1,1,1
lbs-sms / fm3,20251229,熱銷建案一覽：遠雄全台預售屋、新建案、新成屋資訊,/case/search/,1,1,1,1,0
fb / bh7,9,熱銷建案一覽：遠雄全台預售屋、新建案、新成屋資訊,/case/search/,1,1,1,1,35
fb / h707,9,熱銷建案一覽：遠雄全台預售屋、新建案、新成屋資訊,/case/search/,1,1,1,1,0
fb / h713,96,熱銷建案一覽：遠雄全台預售屋、新建案、新成屋資訊,/case/search/,1,1,4,4,66
google / cpc,CQH1-地區字,熱銷建案一覽：遠雄全台預售屋、新建案、新成屋資訊,/case/search/,1,1,1,1,2
google / cpc,CQH1-買房字,熱銷建案一覽：遠雄全台預售屋、新建案、新成屋資訊,/case/search/,1,1,1,1,2
GOOGLEKW / cpc,GOOGLEMYBUSINESS,熱銷建案一覽：遠雄全台預售屋、新建案、新成屋資訊,/case/search/,1,1,1,1,4
google / cpc,O1_競品字_2025.0801,熱銷建案一覽：遠雄全台預售屋、新建案、新成屋資訊,/case/search/,1,1,2,2,14
fgr-line / fgr,area-l-taoyuan-guishan,熱銷建案一覽：遠雄全台預售屋、新建案、新成屋資訊,/case/search/,1,1,3,3,69
dsp / cqh1,dsp-2,熱銷建案一覽：遠雄全台預售屋、新建案、新成屋資訊,/case/search/,1,1,1,1,16
google-map / (not set),eh1,熱銷建案一覽：遠雄全台預售屋、新建案、新成屋資訊,/case/search/,1,1,2,2,115
web-ettoday / eh2,ettoday_202512,熱銷建案一覽：遠雄全台預售屋、新建案、新成屋資訊,/case/search/,1,1,1,1,4
fb / h109,fanpage1006,熱銷建案一覽：遠雄全台預售屋、新建案、新成屋資訊,/case/search/,1,1,1,1,4
fb / dh2,fb-49,熱銷建案一覽：遠雄全台預售屋、新建案、新成屋資訊,/case/search/,1,1,1,1,15
fb / fh2,fb12-2,熱銷建案一覽：遠雄全台預售屋、新建案、新成屋資訊,/case/search/,1,1,3,3,79
fb / fh2,fb12-3,熱銷建案一覽：遠雄全台預售屋、新建案、新成屋資訊,/case/search/,1,1,1,1,10
fb / fh2,fb12-4,熱銷建案一覽：遠雄全台預售屋、新建案、新成屋資訊,/case/search/,1,1,1,1,92
fb / bh8,fb20-1,熱銷建案一覽：遠雄全台預售屋、新建案、新成屋資訊,/case/search/,1,1,1,1,13
socialmedia / fgr,fb20251209,熱銷建案一覽：遠雄全台預售屋、新建案、新成屋資訊,/case/search/,1,1,1,1,0
fb / eh5,fb31-6,熱銷建案一覽：遠雄全台預售屋、新建案、新成屋資訊,/case/search/,1,1,6,6,9
fb / fh2,fbfanpage,熱銷建案一覽：遠雄全台預售屋、新建案、新成屋資訊,/case/search/,1,1,3,3,29
fg / o1,fg,熱銷建案一覽：遠雄全台預售屋、新建案、新成屋資訊,/case/search/,1,1,1,1,24
google_gdn / 5vo1,gdn-01,熱銷建案一覽：遠雄全台預售屋、新建案、新成屋資訊,/case/search/,1,1,1,1,1
google / cpc,gdn11-4,熱銷建案一覽：遠雄全台預售屋、新建案、新成屋資訊,/case/search/,1,1,2,2,59
fg / eh2,googlemap,熱銷建案一覽：遠雄全台預售屋、新建案、新成屋資訊,/case/search/,1,1,1,1,7
googlemap / H109,googlemap,熱銷建案一覽：遠雄全台預售屋、新建案、新成屋資訊,/case/search/,1,1,1,1,20
googlemap / h95,googlemap,熱銷建案一覽：遠雄全台預售屋、新建案、新成屋資訊,/case/search/,1,1,3,3,20
web / bh6,googlemap2,熱銷建案一覽：遠雄全台預售屋、新建案、新成屋資訊,/case/search/,1,1,3,3,29
google / cpc,information4,熱銷建案一覽：遠雄全台預售屋、新建案、新成屋資訊,/case/search/,1,1,2,2,19
fgr-line / fg,kw_brand_construction_20240109/,熱銷建案一覽：遠雄全台預售屋、新建案、新成屋資訊,/case/search/,1,1,2,2,7
line-lap / bh7,lap-3,熱銷建案一覽：遠雄全台預售屋、新建案、新成屋資訊,/case/search/,1,1,1,1,9
fb / ar1,leads,熱銷建案一覽：遠雄全台預售屋、新建案、新成屋資訊,/case/search/,1,1,1,1,33
leju / bh9,lejupage,熱銷建案一覽：遠雄全台預售屋、新建案、新成屋資訊,/case/search/,1,1,3,3,26
line-lap / bh10,line-lap202511-3,熱銷建案一覽：遠雄全台預售屋、新建案、新成屋資訊,/case/search/,1,1,1,1,11
fgr-line / eh2,listbutton,熱銷建案一覽：遠雄全台預售屋、新建案、新成屋資訊,/case/search/,1,1,1,1,9
socialmedia / fgr,metalink-ai-hub,熱銷建案一覽：遠雄全台預售屋、新建案、新成屋資訊,/case/search/,1,1,1,1,4
google / cpc,needs,熱銷建案一覽：遠雄全台預售屋、新建案、新成屋資訊,/case/search/,1,1,6,6,55
web-udn / cgh01,start building,熱銷建案一覽：遠雄全台預售屋、新建案、新成屋資訊,/case/search/,1,1,1,1,16
web-udn / eh2,udn_202512,熱銷建案一覽：遠雄全台預售屋、新建案、新成屋資訊,/case/search/,1,1,1,1,10
web-ettoday / o1,web-ettoday0415,熱銷建案一覽：遠雄全台預售屋、新建案、新成屋資訊,/case/search/,1,1,2,2,10
web-ettoday / dgm1,web-ettoday1212,熱銷建案一覽：遠雄全台預售屋、新建案、新成屋資訊,/case/search/,1,1,2,2,18
web-udn / bh10,web-udn1212,熱銷建案一覽：遠雄全台預售屋、新建案、新成屋資訊,/case/search/,1,1,1,1,21
picsee-domain / referral,www.fgrealty.tw,熱銷建案一覽：遠雄全台預售屋、新建案、新成屋資訊,/case/search/,1,1,1,1,7
(not set),系統測試,熱銷建案一覽：遠雄全台預售屋、新建案、新成屋資訊,/case/search/,1,1,1,1,2
leju / eh2,遠雄高大特區首發(雙圖),熱銷建案一覽：遠雄全台預售屋、新建案、新成屋資訊,/case/search/,1,1,5,5,56
(direct) / (none),(direct),熱銷建案一覽：遠雄全台預售屋、新建案、新成屋資訊,/case/search/building-category-tag/133/,1,1,1,1,16
google / cpc,202511,熱銷建案一覽：遠雄全台預售屋、新建案、新成屋資訊,/case/search/building-category-tag/133/,1,1,1,1,8
googlemap / o1,googlemap,"List of hot-selling construction cases: Yuanxiong Taiwan's pre-sale houses, new construction plans, new house information",/case/search/building-category-tag/134/,1,1,0,0,23
google / cpc,(not set),熱銷建案一覽：遠雄全台預售屋、新建案、新成屋資訊,/case/search/building-category-tag/134/,1,1,1,1,13
bing / organic,(organic),熱銷建案一覽：遠雄全台預售屋、新建案、新成屋資訊,/case/search/building-category-tag/134/,1,1,1,1,12
page.line.me / referral,(referral),熱銷建案一覽：遠雄全台預售屋、新建案、新成屋資訊,/case/search/building-category-tag/134/,1,1,1,1,20
tw.search.yahoo.com / referral,(referral),熱銷建案一覽：遠雄全台預售屋、新建案、新成屋資訊,/case/search/building-category-tag/134/,1,1,1,1,28
fb / paid,120233718740630316,熱銷建案一覽：遠雄全台預售屋、新建案、新成屋資訊,/case/search/building-category-tag/134/,1,1,1,1,19
fgr-line / eh2,20221519,熱銷建案一覽：遠雄全台預售屋、新建案、新成屋資訊,/case/search/building-category-tag/134/,1,1,1,1,11
google_kw / BH8,20240816_台中高價建案,熱銷建案一覽：遠雄全台預售屋、新建案、新成屋資訊,/case/search/building-category-tag/134/,1,1,1,1,2
web-udn / eh1,20241108_brand,熱銷建案一覽：遠雄全台預售屋、新建案、新成屋資訊,/case/search/building-category-tag/134/,1,1,1,1,4
(not set),系統測試,遠雄房地產：最懂生活的購屋專家,,1,1,1,1,0
line / bh11,20251204,熱銷建案一覽：遠雄全台預售屋、新建案、新成屋資訊,/case/search/building-category-tag/134/,1,1,1,1,8
fb / bh7,9,熱銷建案一覽：遠雄全台預售屋、新建案、新成屋資訊,/case/search/building-category-tag/134/,1,1,1,1,10
fb / h713,96,熱銷建案一覽：遠雄全台預售屋、新建案、新成屋資訊,/case/search/building-category-tag/134/,1,1,1,1,22
google / cpc,O1_品牌字_2025.0801,熱銷建案一覽：遠雄全台預售屋、新建案、新成屋資訊,/case/search/building-category-tag/134/,1,1,1,1,12
google / cpc,Pmax,熱銷建案一覽：遠雄全台預售屋、新建案、新成屋資訊,/case/search/building-category-tag/134/,1,1,1,1,2
google / cpc,area,熱銷建案一覽：遠雄全台預售屋、新建案、新成屋資訊,/case/search/building-category-tag/134/,1,1,1,1,0
google / cpc,com,熱銷建案一覽：遠雄全台預售屋、新建案、新成屋資訊,/case/search/building-category-tag/134/,1,1,1,1,9
google / cpc,competitor,熱銷建案一覽：遠雄全台預售屋、新建案、新成屋資訊,/case/search/building-category-tag/134/,1,1,3,3,17
fb / bh8,fb23-1,熱銷建案一覽：遠雄全台預售屋、新建案、新成屋資訊,/case/search/building-category-tag/134/,1,1,1,1,3
fb / bh10,fbearlybird_form,熱銷建案一覽：遠雄全台預售屋、新建案、新成屋資訊,/case/search/building-category-tag/134/,1,1,1,1,7
line-lap / cqh1,lap-2,熱銷建案一覽：遠雄全台預售屋、新建案、新成屋資訊,/case/search/building-category-tag/134/,1,1,1,1,7
fgr-line / eh2,listbutton,熱銷建案一覽：遠雄全台預售屋、新建案、新成屋資訊,/case/search/building-category-tag/134/,1,1,1,1,22
google / cpc,type,熱銷建案一覽：遠雄全台預售屋、新建案、新成屋資訊,/case/search/building-category-tag/134/,1,1,1,1,55
(direct) / (none),(direct),熱銷建案一覽：遠雄全台預售屋、新建案、新成屋資訊,/case/search/building-category-tag/134/page/2/,1,1,1,1,0
ig / social,ig,熱銷建案一覽：遠雄全台預售屋、新建案、新成屋資訊,/case/search/building-category-tag/134/page/2/,1,1,1,1,8
(direct) / (none),(direct),熱銷建案一覽：遠雄全台預售屋、新建案、新成屋資訊,/case/search/building-category-tag/134/page/5/,1,1,2,2,25
googlemap / o1,googlemap,"A list of best-selling housing projects: Farglory Group's pre-sale, new construction, and completed housing information across Taiwan.",/case/search/building-category-tag/135/,1,1,0,0,10
(direct) / (none),(direct),熱銷建案一覽：遠雄全台預售屋、新建案、新成屋資訊,/case/search/building-category-tag/135/,1,1,1,1,7
google / organic,(organic),熱銷建案一覽：遠雄全台預售屋、新建案、新成屋資訊,/case/search/building-category-tag/135/,1,1,1,1,8
search.avastbrowser.com / referral,(referral),熱銷建案一覽：遠雄全台預售屋、新建案、新成屋資訊,/case/search/building-category-tag/135/,1,1,2,2,33
google / cpc,O1_品牌字_2025.0801,熱銷建案一覽：遠雄全台預售屋、新建案、新成屋資訊,/case/search/building-category-tag/135/,1,1,1,1,5
google / cpc,brand,熱銷建案一覽：遠雄全台預售屋、新建案、新成屋資訊,/case/search/building-category-tag/135/,1,1,2,2,25
googlemap / o1,googlemap,熱銷建案一覽：遠雄全台預售屋、新建案、新成屋資訊,/case/search/building-category-tag/135/,1,1,1,1,6
yahoo / organic,(organic),熱銷建案一覽：遠雄全台預售屋、新建案、新成屋資訊,/case/search/page/2/,1,1,1,1,17
excel.officeapps.live.com / referral,(referral),熱銷建案一覽：遠雄全台預售屋、新建案、新成屋資訊,/case/search/page/2/,1,1,0,0,0
tong-yuan.com.tw / referral,(referral),熱銷建案一覽：遠雄全台預售屋、新建案、新成屋資訊,/case/search/page/2/,1,1,1,1,10
fb / h713,105,熱銷建案一覽：遠雄全台預售屋、新建案、新成屋資訊,/case/search/page/2/,1,1,1,1,11
fb / bh11,11-3,熱銷建案一覽：遠雄全台預售屋、新建案、新成屋資訊,/case/search/page/2/,1,1,2,2,18
fb / O1,120227538157820464,熱銷建案一覽：遠雄全台預售屋、新建案、新成屋資訊,/case/search/page/2/,1,1,1,1,36
web-ettoday / bh2,20221202,熱銷建案一覽：遠雄全台預售屋、新建案、新成屋資訊,/case/search/page/2/,1,1,2,2,57
google_kw / BH8,20240816_台中 建案,熱銷建案一覽：遠雄全台預售屋、新建案、新成屋資訊,/case/search/page/2/,1,1,1,1,11
google_kw / BH8,20240816_品牌字,熱銷建案一覽：遠雄全台預售屋、新建案、新成屋資訊,/case/search/page/2/,1,1,1,1,1
google_kw / BH8,20240816_透天/豪宅/別墅,熱銷建案一覽：遠雄全台預售屋、新建案、新成屋資訊,/case/search/page/2/,1,1,1,1,7
fb / o1,20250422_23-1,熱銷建案一覽：遠雄全台預售屋、新建案、新成屋資訊,/case/search/page/2/,1,1,1,1,22
google / cpc,20250616_北投士林豪宅/別墅,熱銷建案一覽：遠雄全台預售屋、新建案、新成屋資訊,/case/search/page/2/,1,1,1,1,93
google / cpc,20250616_品牌字,熱銷建案一覽：遠雄全台預售屋、新建案、新成屋資訊,/case/search/page/2/,1,1,4,4,0
google / cpc,20250616_競品字,熱銷建案一覽：遠雄全台預售屋、新建案、新成屋資訊,/case/search/page/2/,1,1,1,1,15
yahoo_native / 5vo1,202510_4,熱銷建案一覽：遠雄全台預售屋、新建案、新成屋資訊,/case/search/page/2/,1,1,3,3,8
yahoo_native / 5vo1,20251124_1102,熱銷建案一覽：遠雄全台預售屋、新建案、新成屋資訊,/case/search/page/2/,1,1,1,1,8
webnews / hm2,202512,熱銷建案一覽：遠雄全台預售屋、新建案、新成屋資訊,/case/search/page/2/,1,1,1,1,2
fb / 5vo1,20251201,熱銷建案一覽：遠雄全台預售屋、新建案、新成屋資訊,/case/search/page/2/,1,1,1,1,6
line / bh11,20251204,熱銷建案一覽：遠雄全台預售屋、新建案、新成屋資訊,/case/search/page/2/,1,1,1,1,23
line-lap / eh2,20251208,熱銷建案一覽：遠雄全台預售屋、新建案、新成屋資訊,/case/search/page/2/,1,1,1,1,12
(not set),20251230一輪播,熱銷建案一覽：遠雄全台預售屋、新建案、新成屋資訊,/case/search/page/2/,1,1,2,2,13
google / cpc,O1_品牌字_2025.0801,熱銷建案一覽：遠雄全台預售屋、新建案、新成屋資訊,/case/search/page/2/,1,1,4,4,80
google / cpc,O1_特色字_2025.0801,熱銷建案一覽：遠雄全台預售屋、新建案、新成屋資訊,/case/search/page/2/,1,1,2,2,3
google / cpc,corearea0829,熱銷建案一覽：遠雄全台預售屋、新建案、新成屋資訊,/case/search/page/2/,1,1,2,2,195
fb / bh10,fb11-3,熱銷建案一覽：遠雄全台預售屋、新建案、新成屋資訊,/case/search/page/2/,1,1,1,1,0
fb / bh8,fb23-1,熱銷建案一覽：遠雄全台預售屋、新建案、新成屋資訊,/case/search/page/2/,1,1,1,1,56
fb / bh10,fbearlybird_form,熱銷建案一覽：遠雄全台預售屋、新建案、新成屋資訊,/case/search/page/2/,1,1,1,1,21
googlemap / o1,googlemap,熱銷建案一覽：遠雄全台預售屋、新建案、新成屋資訊,/case/search/page/2/,1,1,1,1,10
google / cpc,landmark0829,熱銷建案一覽：遠雄全台預售屋、新建案、新成屋資訊,/case/search/page/2/,1,1,1,1,7
leju / bh9,lejupage,熱銷建案一覽：遠雄全台預售屋、新建案、新成屋資訊,/case/search/page/2/,1,1,1,1,4
google / cpc,othercities_brand,熱銷建案一覽：遠雄全台預售屋、新建案、新成屋資訊,/case/search/page/2/,1,1,3,3,78
google / cpc,sitelink,熱銷建案一覽：遠雄全台預售屋、新建案、新成屋資訊,/case/search/page/2/,1,1,1,1,8
web-udn / cgh01,start building,熱銷建案一覽：遠雄全台預售屋、新建案、新成屋資訊,/case/search/page/2/,1,1,1,1,11
web-udn / eh2,udn_202512,熱銷建案一覽：遠雄全台預售屋、新建案、新成屋資訊,/case/search/page/2/,1,1,1,1,13
EDM / referral,滿意度問券,熱銷建案一覽：遠雄全台預售屋、新建案、新成屋資訊,/case/search/page/2/,1,1,1,1,7
app.omnichat.ai / referral,(referral),熱銷建案一覽：遠雄全台預售屋、新建案、新成屋資訊,/case/search/page/3/,1,1,1,1,3
google / cpc,(referral),熱銷建案一覽：遠雄全台預售屋、新建案、新成屋資訊,/case/search/page/3/,1,1,1,1,5
search.avastbrowser.com / referral,(referral),熱銷建案一覽：遠雄全台預售屋、新建案、新成屋資訊,/case/search/page/3/,1,1,1,1,19
tagassistant.google.com / referral,(referral),熱銷建案一覽：遠雄全台預售屋、新建案、新成屋資訊,/case/search/page/3/,1,1,1,1,1
web-ettoday / bh2,20221202,熱銷建案一覽：遠雄全台預售屋、新建案、新成屋資訊,/case/search/page/3/,1,1,1,1,1
google_kw / BH8,20240816_品牌字,熱銷建案一覽：遠雄全台預售屋、新建案、新成屋資訊,/case/search/page/3/,1,1,1,1,10
google / cpc,20250616_競品字,熱銷建案一覽：遠雄全台預售屋、新建案、新成屋資訊,/case/search/page/3/,1,1,1,1,2
yahoo_native / 5vo1,202510_4,熱銷建案一覽：遠雄全台預售屋、新建案、新成屋資訊,/case/search/page/3/,1,1,2,2,7
yahoo_native / 5vo1,20251124_1102,熱銷建案一覽：遠雄全台預售屋、新建案、新成屋資訊,/case/search/page/3/,1,1,2,2,201
webnews / hm2,202512,熱銷建案一覽：遠雄全台預售屋、新建案、新成屋資訊,/case/search/page/3/,1,1,1,1,0
line-lap / eh2,20251208,熱銷建案一覽：遠雄全台預售屋、新建案、新成屋資訊,/case/search/page/3/,1,1,1,1,25
avivid / bh11,20251212,熱銷建案一覽：遠雄全台預售屋、新建案、新成屋資訊,/case/search/page/3/,1,1,1,1,10
(not set),20251230一輪播,熱銷建案一覽：遠雄全台預售屋、新建案、新成屋資訊,/case/search/page/3/,1,1,1,1,14
google / cpc,O1_品牌字_2025.0801,熱銷建案一覽：遠雄全台預售屋、新建案、新成屋資訊,/case/search/page/3/,1,1,2,2,25
google / cpc,corearea0829,熱銷建案一覽：遠雄全台預售屋、新建案、新成屋資訊,/case/search/page/3/,1,1,1,1,22
google / cpc,landmark0829,熱銷建案一覽：遠雄全台預售屋、新建案、新成屋資訊,/case/search/page/3/,1,1,1,1,7
(not set),系統測試,熱銷建案一覽：遠雄全台預售屋、新建案、新成屋資訊,/case/search/page/3/,1,1,1,1,4
app.omnichat.ai / referral,(referral),熱銷建案一覽：遠雄全台預售屋、新建案、新成屋資訊,/case/search/page/4/,1,1,1,1,3
google / cpc,(referral),熱銷建案一覽：遠雄全台預售屋、新建案、新成屋資訊,/case/search/page/4/,1,1,1,1,2
search.avastbrowser.com / referral,(referral),熱銷建案一覽：遠雄全台預售屋、新建案、新成屋資訊,/case/search/page/4/,1,1,1,1,8
tagassistant.google.com / referral,(referral),熱銷建案一覽：遠雄全台預售屋、新建案、新成屋資訊,/case/search/page/4/,1,1,1,1,0
web-ettoday / bh2,20221202,熱銷建案一覽：遠雄全台預售屋、新建案、新成屋資訊,/case/search/page/4/,1,1,1,1,10
google_kw / BH8,20240816_品牌字,熱銷建案一覽：遠雄全台預售屋、新建案、新成屋資訊,/case/search/page/4/,1,1,1,1,2
google / cpc,20250616_競品字,熱銷建案一覽：遠雄全台預售屋、新建案、新成屋資訊,/case/search/page/4/,1,1,1,1,6
yahoo_native / 5vo1,202510_4,熱銷建案一覽：遠雄全台預售屋、新建案、新成屋資訊,/case/search/page/4/,1,1,3,3,16
yahoo_native / 5vo1,20251124_1102,熱銷建案一覽：遠雄全台預售屋、新建案、新成屋資訊,/case/search/page/4/,1,1,3,3,25
line-lap / eh2,20251208,熱銷建案一覽：遠雄全台預售屋、新建案、新成屋資訊,/case/search/page/4/,1,1,1,1,9
avivid / bh11,20251212,熱銷建案一覽：遠雄全台預售屋、新建案、新成屋資訊,/case/search/page/4/,1,1,1,1,5
(not set),20251230一輪播,熱銷建案一覽：遠雄全台預售屋、新建案、新成屋資訊,/case/search/page/4/,1,1,1,1,9
google / cpc,O1_品牌字_2025.0801,熱銷建案一覽：遠雄全台預售屋、新建案、新成屋資訊,/case/search/page/4/,1,1,2,2,29
fb / eh1,TA_10-1,熱銷建案一覽：遠雄全台預售屋、新建案、新成屋資訊,/case/search/page/4/,1,1,0,0,0
google / cpc,landmark0829,熱銷建案一覽：遠雄全台預售屋、新建案、新成屋資訊,/case/search/page/4/,1,1,1,1,12
google / cpc,sitelink,熱銷建案一覽：遠雄全台預售屋、新建案、新成屋資訊,/case/search/page/4/,1,1,1,1,2
(not set),系統測試,熱銷建案一覽：遠雄全台預售屋、新建案、新成屋資訊,/case/search/page/4/,1,1,1,1,4
google / cpc,(organic),熱銷建案一覽：遠雄全台預售屋、新建案、新成屋資訊,/case/search/page/5/,1,1,1,1,7
google / cpc,(referral),熱銷建案一覽：遠雄全台預售屋、新建案、新成屋資訊,/case/search/page/5/,1,1,1,1,1
tw.search.yahoo.com / referral,(referral),熱銷建案一覽：遠雄全台預售屋、新建案、新成屋資訊,/case/search/page/5/,1,1,2,2,23
fb / O1,120227538157820464,熱銷建案一覽：遠雄全台預售屋、新建案、新成屋資訊,/case/search/page/5/,1,1,1,1,22
google_kw / BH8,20240816_品牌字,熱銷建案一覽：遠雄全台預售屋、新建案、新成屋資訊,/case/search/page/5/,1,1,1,1,40
yahoo_native / 5vo1,202510_4,熱銷建案一覽：遠雄全台預售屋、新建案、新成屋資訊,/case/search/page/5/,1,1,2,2,7
yahoo_native / 5vo1,20251124_1102,熱銷建案一覽：遠雄全台預售屋、新建案、新成屋資訊,/case/search/page/5/,1,1,3,3,22
line-lap / eh2,20251208,熱銷建案一覽：遠雄全台預售屋、新建案、新成屋資訊,/case/search/page/5/,1,1,1,1,8
avivid / bh11,20251212,熱銷建案一覽：遠雄全台預售屋、新建案、新成屋資訊,/case/search/page/5/,1,1,1,1,12
(not set),20251230一輪播,熱銷建案一覽：遠雄全台預售屋、新建案、新成屋資訊,/case/search/page/5/,1,1,1,1,8
sms / aep-cdp,CRM-001-D,熱銷建案一覽：遠雄全台預售屋、新建案、新成屋資訊,/case/search/page/5/,1,1,1,1,20
google / cpc,O1_品牌字_2025.0801,熱銷建案一覽：遠雄全台預售屋、新建案、新成屋資訊,/case/search/page/5/,1,1,1,1,8
google / cpc,landmark0829,熱銷建案一覽：遠雄全台預售屋、新建案、新成屋資訊,/case/search/page/5/,1,1,1,1,31
google / cpc,sitelink,熱銷建案一覽：遠雄全台預售屋、新建案、新成屋資訊,/case/search/page/5/,1,1,1,1,9
(not set),系統測試,熱銷建案一覽：遠雄全台預售屋、新建案、新成屋資訊,/case/search/page/5/,1,1,1,1,5
bing / organic,(organic),熱銷建案一覽：遠雄全台預售屋、新建案、新成屋資訊,/case/search/page/6/,1,1,1,1,4
google / organic,(organic),熱銷建案一覽：遠雄全台預售屋、新建案、新成屋資訊,/case/search/page/6/,1,1,1,1,2
(not set),20251230一輪播,熱銷建案一覽：遠雄全台預售屋、新建案、新成屋資訊,/case/search/page/6/,1,1,1,1,3
(direct) / (none),(direct),熱銷建案一覽：遠雄全台預售屋、新建案、新成屋資訊,/case/search/sales_status/almost-sold-out/,1,1,1,1,6
google / cpc,(organic),熱銷建案一覽：遠雄全台預售屋、新建案、新成屋資訊,/case/search/sales_status/almost-sold-out/,1,1,2,2,3
google / organic,(organic),熱銷建案一覽：遠雄全台預售屋、新建案、新成屋資訊,/case/search/sales_status/almost-sold-out/,1,1,1,1,10
fgr-line / dh5,20251130,熱銷建案一覽：遠雄全台預售屋、新建案、新成屋資訊,/case/search/sales_status/almost-sold-out/,1,1,1,1,11
google_kw / 5vo1,202511,"A list of best-selling housing projects: Farglory Group's pre-sale, new construction, and completed housing information across Taiwan.",/case/search/sales_status/coming-soon/,1,1,0,0,14
google / cpc,(not set),熱銷建案一覽：遠雄全台預售屋、新建案、新成屋資訊,/case/search/sales_status/coming-soon/,1,1,1,1,15
fb / eh2,12-1,熱銷建案一覽：遠雄全台預售屋、新建案、新成屋資訊,/case/search/sales_status/coming-soon/,1,1,1,1,5
fb / paid,120210744263750402,熱銷建案一覽：遠雄全台預售屋、新建案、新成屋資訊,/case/search/sales_status/coming-soon/,1,1,1,1,23
ig / paid,120210867110050402,熱銷建案一覽：遠雄全台預售屋、新建案、新成屋資訊,/case/search/sales_status/coming-soon/,1,1,2,2,20
ig / paid,120238552444900537,熱銷建案一覽：遠雄全台預售屋、新建案、新成屋資訊,/case/search/sales_status/coming-soon/,1,1,1,1,16
fb / bh7,2,熱銷建案一覽：遠雄全台預售屋、新建案、新成屋資訊,/case/search/sales_status/coming-soon/,1,1,1,1,17
google_kw / BH8,20240816_台中高價建案,熱銷建案一覽：遠雄全台預售屋、新建案、新成屋資訊,/case/search/sales_status/coming-soon/,1,1,1,1,3
google / cpc,20250616_北投士林豪宅/別墅,熱銷建案一覽：遠雄全台預售屋、新建案、新成屋資訊,/case/search/sales_status/coming-soon/,1,1,1,1,4
google / cpc,20250616_台北豪宅/別墅,熱銷建案一覽：遠雄全台預售屋、新建案、新成屋資訊,/case/search/sales_status/coming-soon/,1,1,3,3,35
5vo1 / 5vo1,202508,熱銷建案一覽：遠雄全台預售屋、新建案、新成屋資訊,/case/search/sales_status/coming-soon/,1,1,1,1,28
google / cpc,20250829,熱銷建案一覽：遠雄全台預售屋、新建案、新成屋資訊,/case/search/sales_status/coming-soon/,1,1,1,1,1
yahoo_native / 5vo1,202510_2,熱銷建案一覽：遠雄全台預售屋、新建案、新成屋資訊,/case/search/sales_status/coming-soon/,1,1,3,3,21
fb / 5vo1,20251101,熱銷建案一覽：遠雄全台預售屋、新建案、新成屋資訊,/case/search/sales_status/coming-soon/,1,1,1,1,3
line-lap / 5vo1,20251123_1102,熱銷建案一覽：遠雄全台預售屋、新建案、新成屋資訊,/case/search/sales_status/coming-soon/,1,1,1,1,0
line-lap / 5vo1,20251123_1103,熱銷建案一覽：遠雄全台預售屋、新建案、新成屋資訊,/case/search/sales_status/coming-soon/,1,1,1,1,16
yahoo_native / 5vo1,20251124_1101,熱銷建案一覽：遠雄全台預售屋、新建案、新成屋資訊,/case/search/sales_status/coming-soon/,1,1,1,1,10
google_gdn / 5vo1,20251201,熱銷建案一覽：遠雄全台預售屋、新建案、新成屋資訊,/case/search/sales_status/coming-soon/,1,1,1,1,3
line-lap / eh2,20251209,熱銷建案一覽：遠雄全台預售屋、新建案、新成屋資訊,/case/search/sales_status/coming-soon/,1,1,1,1,2
fb / bh7,9,熱銷建案一覽：遠雄全台預售屋、新建案、新成屋資訊,/case/search/sales_status/coming-soon/,1,1,2,2,11
sms / aep-cdp,CRM-001-D,熱銷建案一覽：遠雄全台預售屋、新建案、新成屋資訊,/case/search/sales_status/coming-soon/,1,1,1,1,16
google / cpc,brand,熱銷建案一覽：遠雄全台預售屋、新建案、新成屋資訊,/case/search/sales_status/coming-soon/,1,1,1,1,4
google / cpc,brand0829,熱銷建案一覽：遠雄全台預售屋、新建案、新成屋資訊,/case/search/sales_status/coming-soon/,1,1,1,1,9
google / cpc,com,熱銷建案一覽：遠雄全台預售屋、新建案、新成屋資訊,/case/search/sales_status/coming-soon/,1,1,2,2,32
google / cpc,core,熱銷建案一覽：遠雄全台預售屋、新建案、新成屋資訊,/case/search/sales_status/coming-soon/,1,1,1,1,17
fb / fh2,fb12-4,熱銷建案一覽：遠雄全台預售屋、新建案、新成屋資訊,/case/search/sales_status/coming-soon/,1,1,1,1,10
fb / eh1,formbutton,熱銷建案一覽：遠雄全台預售屋、新建案、新成屋資訊,/case/search/sales_status/coming-soon/,1,1,1,1,1
socialmedia / bh11,googlemap,熱銷建案一覽：遠雄全台預售屋、新建案、新成屋資訊,/case/search/sales_status/coming-soon/,1,1,1,1,7
taboola / fm3,impB,熱銷建案一覽：遠雄全台預售屋、新建案、新成屋資訊,/case/search/sales_status/coming-soon/,1,1,1,1,0
google / cpc,information4,熱銷建案一覽：遠雄全台預售屋、新建案、新成屋資訊,/case/search/sales_status/coming-soon/,1,1,1,1,7
google / cpc,landmark0829,熱銷建案一覽：遠雄全台預售屋、新建案、新成屋資訊,/case/search/sales_status/coming-soon/,1,1,1,1,4
fb / ar1,leads,熱銷建案一覽：遠雄全台預售屋、新建案、新成屋資訊,/case/search/sales_status/coming-soon/,1,1,1,1,12
line-fgr / bh7,linefgrbh7,熱銷建案一覽：遠雄全台預售屋、新建案、新成屋資訊,/case/search/sales_status/coming-soon/,1,1,1,1,12
fgr-line / bh11,listbutton,熱銷建案一覽：遠雄全台預售屋、新建案、新成屋資訊,/case/search/sales_status/coming-soon/,1,1,1,1,7
fgr-line / eh2,listbutton,熱銷建案一覽：遠雄全台預售屋、新建案、新成屋資訊,/case/search/sales_status/coming-soon/,1,1,1,1,18
google / cpc,newtaipei,熱銷建案一覽：遠雄全台預售屋、新建案、新成屋資訊,/case/search/sales_status/coming-soon/,1,1,1,1,19
google / cpc,othercities_brand,熱銷建案一覽：遠雄全台預售屋、新建案、新成屋資訊,/case/search/sales_status/coming-soon/,1,1,1,1,2
web-udn / eh2,udn_202512,熱銷建案一覽：遠雄全台預售屋、新建案、新成屋資訊,/case/search/sales_status/coming-soon/,1,1,1,1,4
(direct) / (none),(direct),熱銷建案一覽：遠雄全台預售屋、新建案、新成屋資訊,/case/search/sales_status/coming-soon/page/2/,1,1,2,2,20
google / cpc,20250616_台北豪宅/別墅,熱銷建案一覽：遠雄全台預售屋、新建案、新成屋資訊,/case/search/sales_status/coming-soon/page/2/,1,1,1,1,2
yahoo_native / 5vo1,202510_2,熱銷建案一覽：遠雄全台預售屋、新建案、新成屋資訊,/case/search/sales_status/coming-soon/page/2/,1,1,5,5,89
line-lap / 5vo1,20251123_1103,熱銷建案一覽：遠雄全台預售屋、新建案、新成屋資訊,/case/search/sales_status/coming-soon/page/2/,1,1,1,1,8
google / cpc,20251204,熱銷建案一覽：遠雄全台預售屋、新建案、新成屋資訊,/case/search/sales_status/coming-soon/page/2/,1,1,2,2,44
avivid / bh11,20251212,熱銷建案一覽：遠雄全台預售屋、新建案、新成屋資訊,/case/search/sales_status/coming-soon/page/2/,1,1,2,2,23
google / cpc,com,熱銷建案一覽：遠雄全台預售屋、新建案、新成屋資訊,/case/search/sales_status/coming-soon/page/2/,1,1,1,1,9
google / cpc,type,熱銷建案一覽：遠雄全台預售屋、新建案、新成屋資訊,/case/search/sales_status/coming-soon/page/2/,1,1,3,3,11
googlemap / o1,googlemap,"List of hot-selling construction cases: Yuanxiong Taiwan's pre-sale houses, new construction plans, new house information",/case/search/sales_status/hot-sale/,1,1,0,0,13
(not set),(not set),熱銷建案一覽：遠雄全台預售屋、新建案、新成屋資訊,/case/search/sales_status/hot-sale/,1,1,1,1,0
bing / organic,(organic),熱銷建案一覽：遠雄全台預售屋、新建案、新成屋資訊,/case/search/sales_status/hot-sale/,1,1,1,1,14
m.facebook.com / referral,(referral),熱銷建案一覽：遠雄全台預售屋、新建案、新成屋資訊,/case/search/sales_status/hot-sale/,1,1,1,1,23
tw.search.yahoo.com / referral,(referral),熱銷建案一覽：遠雄全台預售屋、新建案、新成屋資訊,/case/search/sales_status/hot-sale/,1,1,1,1,29
yahoo_native / bh5,(referral),熱銷建案一覽：遠雄全台預售屋、新建案、新成屋資訊,/case/search/sales_status/hot-sale/,1,1,1,1,0
ig / paid,120222246228310066,熱銷建案一覽：遠雄全台預售屋、新建案、新成屋資訊,/case/search/sales_status/hot-sale/,1,1,1,1,16
fb / paid,120233718740630316,熱銷建案一覽：遠雄全台預售屋、新建案、新成屋資訊,/case/search/sales_status/hot-sale/,1,1,2,2,17
line-lap / dh2,15,熱銷建案一覽：遠雄全台預售屋、新建案、新成屋資訊,/case/search/sales_status/hot-sale/,1,1,2,2,31
google_kw / BH8,20240816_台中 建案,熱銷建案一覽：遠雄全台預售屋、新建案、新成屋資訊,/case/search/sales_status/hot-sale/,1,1,1,1,30
google_kw / BH8,20240816_品牌字,熱銷建案一覽：遠雄全台預售屋、新建案、新成屋資訊,/case/search/sales_status/hot-sale/,1,1,1,1,14
web-udn / eh1,20241108_brand,熱銷建案一覽：遠雄全台預售屋、新建案、新成屋資訊,/case/search/sales_status/hot-sale/,1,1,1,1,29
(not set),20251023一輪播,熱銷建案一覽：遠雄全台預售屋、新建案、新成屋資訊,/case/search/sales_status/hot-sale/,1,1,2,2,33
fb / hm2,20251102,熱銷建案一覽：遠雄全台預售屋、新建案、新成屋資訊,/case/search/sales_status/hot-sale/,1,1,1,1,24
fb / hm2,20251103TA,熱銷建案一覽：遠雄全台預售屋、新建案、新成屋資訊,/case/search/sales_status/hot-sale/,1,1,1,1,2
fgr-line / bh9,20251205,熱銷建案一覽：遠雄全台預售屋、新建案、新成屋資訊,/case/search/sales_status/hot-sale/,1,1,1,1,3
avivid / bh11,20251212,熱銷建案一覽：遠雄全台預售屋、新建案、新成屋資訊,/case/search/sales_status/hot-sale/,1,1,1,1,29
fb / h707,22,熱銷建案一覽：遠雄全台預售屋、新建案、新成屋資訊,/case/search/sales_status/hot-sale/,1,1,1,1,0
fb / hm2,251201,熱銷建案一覽：遠雄全台預售屋、新建案、新成屋資訊,/case/search/sales_status/hot-sale/,1,1,1,1,0
fb / bh5,47,熱銷建案一覽：遠雄全台預售屋、新建案、新成屋資訊,/case/search/sales_status/hot-sale/,1,1,1,1,18
fb / bh5,48,熱銷建案一覽：遠雄全台預售屋、新建案、新成屋資訊,/case/search/sales_status/hot-sale/,1,1,1,1,2
google / cpc,CQH1-品牌字,熱銷建案一覽：遠雄全台預售屋、新建案、新成屋資訊,/case/search/sales_status/hot-sale/,1,1,1,1,10
google / cpc,CQH1-地區字,熱銷建案一覽：遠雄全台預售屋、新建案、新成屋資訊,/case/search/sales_status/hot-sale/,1,1,1,1,10
google / cpc,CQH1-買房字,熱銷建案一覽：遠雄全台預售屋、新建案、新成屋資訊,/case/search/sales_status/hot-sale/,1,1,1,1,10
google / cpc,O1_地區字_2025.0801,熱銷建案一覽：遠雄全台預售屋、新建案、新成屋資訊,/case/search/sales_status/hot-sale/,1,1,1,1,3
google / cpc,competitor,熱銷建案一覽：遠雄全台預售屋、新建案、新成屋資訊,/case/search/sales_status/hot-sale/,1,1,2,2,19
google / cpc,competitor0829,熱銷建案一覽：遠雄全台預售屋、新建案、新成屋資訊,/case/search/sales_status/hot-sale/,1,1,1,1,0
google / cpc,core,熱銷建案一覽：遠雄全台預售屋、新建案、新成屋資訊,/case/search/sales_status/hot-sale/,1,1,1,1,10
fb / eh1,eh1ig,熱銷建案一覽：遠雄全台預售屋、新建案、新成屋資訊,/case/search/sales_status/hot-sale/,1,1,1,1,7
google / cpc,extensions,熱銷建案一覽：遠雄全台預售屋、新建案、新成屋資訊,/case/search/sales_status/hot-sale/,1,1,1,1,67
fb / bh8,fanpage,熱銷建案一覽：遠雄全台預售屋、新建案、新成屋資訊,/case/search/sales_status/hot-sale/,1,1,1,1,12
fb / cqh1,fb-26,熱銷建案一覽：遠雄全台預售屋、新建案、新成屋資訊,/case/search/sales_status/hot-sale/,1,1,1,1,5
fb / dh2,fb-45,熱銷建案一覽：遠雄全台預售屋、新建案、新成屋資訊,/case/search/sales_status/hot-sale/,1,1,1,1,4
fb / bh8,fb16-2,熱銷建案一覽：遠雄全台預售屋、新建案、新成屋資訊,/case/search/sales_status/hot-sale/,1,1,1,1,28
fb / eh1,fb202512-2,熱銷建案一覽：遠雄全台預售屋、新建案、新成屋資訊,/case/search/sales_status/hot-sale/,1,1,1,1,0
fb / bh8,fb9-2,熱銷建案一覽：遠雄全台預售屋、新建案、新成屋資訊,/case/search/sales_status/hot-sale/,1,1,2,2,30
fb / bh10,fbearlybird_form,熱銷建案一覽：遠雄全台預售屋、新建案、新成屋資訊,/case/search/sales_status/hot-sale/,1,1,1,1,15
fb / bh10,fbfanpage1212,熱銷建案一覽：遠雄全台預售屋、新建案、新成屋資訊,/case/search/sales_status/hot-sale/,1,1,1,1,22
fb / eh1,formbutton,熱銷建案一覽：遠雄全台預售屋、新建案、新成屋資訊,/case/search/sales_status/hot-sale/,1,1,1,1,11
google / cpc,gdn11-4,熱銷建案一覽：遠雄全台預售屋、新建案、新成屋資訊,/case/search/sales_status/hot-sale/,1,1,1,1,25
googlemap / o1,googlemap,熱銷建案一覽：遠雄全台預售屋、新建案、新成屋資訊,/case/search/sales_status/hot-sale/,1,1,1,1,0
ig / social,ig,熱銷建案一覽：遠雄全台預售屋、新建案、新成屋資訊,/case/search/sales_status/hot-sale/,1,1,1,1,1
line-lap / cqh1,lap-3,熱銷建案一覽：遠雄全台預售屋、新建案、新成屋資訊,/case/search/sales_status/hot-sale/,1,1,4,4,52
fb / bh5,leads,熱銷建案一覽：遠雄全台預售屋、新建案、新成屋資訊,/case/search/sales_status/hot-sale/,1,1,1,1,3
fb / eh2,leads,熱銷建案一覽：遠雄全台預售屋、新建案、新成屋資訊,/case/search/sales_status/hot-sale/,1,1,1,1,6
leju / dh2,lejupage,熱銷建案一覽：遠雄全台預售屋、新建案、新成屋資訊,/case/search/sales_status/hot-sale/,1,1,1,1,0
line-lap / bh10,line-lap20259-5,熱銷建案一覽：遠雄全台預售屋、新建案、新成屋資訊,/case/search/sales_status/hot-sale/,1,1,2,2,32
google / cpc,taipei,熱銷建案一覽：遠雄全台預售屋、新建案、新成屋資訊,/case/search/sales_status/hot-sale/,1,1,1,1,13
google / cpc,type,熱銷建案一覽：遠雄全台預售屋、新建案、新成屋資訊,/case/search/sales_status/hot-sale/,1,1,1,1,32
google_kw / BH8,20240816_品牌字,熱銷建案一覽：遠雄全台預售屋、新建案、新成屋資訊,/case/search/sales_status/hot-sale/page/2/,1,1,1,1,11
(not set),20251023一輪播,熱銷建案一覽：遠雄全台預售屋、新建案、新成屋資訊,/case/search/sales_status/hot-sale/page/2/,1,1,2,2,23
fb / hm2,20251102,熱銷建案一覽：遠雄全台預售屋、新建案、新成屋資訊,/case/search/sales_status/hot-sale/page/2/,1,1,2,2,18
fgr-line / bh9,20251205,熱銷建案一覽：遠雄全台預售屋、新建案、新成屋資訊,/case/search/sales_status/hot-sale/page/2/,1,1,1,1,1
google / cpc,CQH1-地區字,熱銷建案一覽：遠雄全台預售屋、新建案、新成屋資訊,/case/search/sales_status/hot-sale/page/2/,1,1,1,1,3
google / cpc,area,熱銷建案一覽：遠雄全台預售屋、新建案、新成屋資訊,/case/search/sales_status/hot-sale/page/2/,1,1,1,1,6
fb / dh2,fb-49,熱銷建案一覽：遠雄全台預售屋、新建案、新成屋資訊,/case/search/sales_status/hot-sale/page/2/,1,1,1,1,4
google / cpc,gdn11-4,熱銷建案一覽：遠雄全台預售屋、新建案、新成屋資訊,/case/search/sales_status/hot-sale/page/2/,1,1,1,1,37
line-lap / cqh1,lap-2,熱銷建案一覽：遠雄全台預售屋、新建案、新成屋資訊,/case/search/sales_status/hot-sale/page/2/,1,1,2,2,16
line-lap / cqh1,lap-3,熱銷建案一覽：遠雄全台預售屋、新建案、新成屋資訊,/case/search/sales_status/hot-sale/page/2/,1,1,2,2,20
(not set),20251023一輪播,熱銷建案一覽：遠雄全台預售屋、新建案、新成屋資訊,/case/search/sales_status/hot-sale/page/3/,1,1,1,1,57
(not set),20251209一輪播,熱銷建案一覽：遠雄全台預售屋、新建案、新成屋資訊,/case/search/sales_status/hot-sale/page/3/,1,1,1,1,4
google / cpc,area,熱銷建案一覽：遠雄全台預售屋、新建案、新成屋資訊,/case/search/sales_status/hot-sale/page/3/,1,1,1,1,13
line-lap / cqh1,lap-3,熱銷建案一覽：遠雄全台預售屋、新建案、新成屋資訊,/case/search/sales_status/hot-sale/page/3/,1,1,1,1,15
bing / organic,(organic),買主口碑推薦：遠雄建案、預售屋 -遠雄房地產,/case/wom_recommendation/,1,1,1,1,1
google / cpc,(organic),買主口碑推薦：遠雄建案、預售屋 -遠雄房地產,/case/wom_recommendation/,1,1,1,1,17
docs.google.com / referral,(referral),買主口碑推薦：遠雄建案、預售屋 -遠雄房地產,/case/wom_recommendation/,1,1,1,1,72
google / farglory/,(referral),買主口碑推薦：遠雄建案、預售屋 -遠雄房地產,/case/wom_recommendation/,1,1,2,2,0
tw.search.yahoo.com / referral,(referral),買主口碑推薦：遠雄建案、預售屋 -遠雄房地產,/case/wom_recommendation/,1,1,1,1,45
fb / eh2,12-2,買主口碑推薦：遠雄建案、預售屋 -遠雄房地產,/case/wom_recommendation/,1,1,1,1,0
fb / O1,120227538157820464,買主口碑推薦：遠雄建案、預售屋 -遠雄房地產,/case/wom_recommendation/,1,1,1,1,11
web-ettoday / bh2,20221202,買主口碑推薦：遠雄建案、預售屋 -遠雄房地產,/case/wom_recommendation/,1,1,1,1,3
yahoo_native / 5vo1,202510_4,買主口碑推薦：遠雄建案、預售屋 -遠雄房地產,/case/wom_recommendation/,1,1,1,1,15
google / cpc,202511,買主口碑推薦：遠雄建案、預售屋 -遠雄房地產,/case/wom_recommendation/,1,1,1,1,7
google_gdn / 5vo1,20251201,買主口碑推薦：遠雄建案、預售屋 -遠雄房地產,/case/wom_recommendation/,1,1,1,1,137
google / cpc,20251204,買主口碑推薦：遠雄建案、預售屋 -遠雄房地產,/case/wom_recommendation/,1,1,1,1,40
(not set),20251209一輪播,買主口碑推薦：遠雄建案、預售屋 -遠雄房地產,/case/wom_recommendation/,1,1,1,1,0
(not set),20251230一輪播,買主口碑推薦：遠雄建案、預售屋 -遠雄房地產,/case/wom_recommendation/,1,1,1,1,7
google / cpc,Pmax,買主口碑推薦：遠雄建案、預售屋 -遠雄房地產,/case/wom_recommendation/,1,1,1,1,29
google / cpc,brand,買主口碑推薦：遠雄建案、預售屋 -遠雄房地產,/case/wom_recommendation/,1,1,1,1,17
googlemap / o1,googlemap,買主口碑推薦：遠雄建案、預售屋 -遠雄房地產,/case/wom_recommendation/,1,1,1,1,2
web-udn / cgh01,start building,買主口碑推薦：遠雄建案、預售屋 -遠雄房地產,/case/wom_recommendation/,1,1,1,1,6
picsee-domain / referral,www.fgrealty.tw,買主口碑推薦：遠雄建案、預售屋 -遠雄房地產,/case/wom_recommendation/,1,1,1,1,18
(not set),系統測試,買主口碑推薦：遠雄建案、預售屋 -遠雄房地產,/case/wom_recommendation/,1,1,2,2,2
(not set),20251209一輪播,聯絡與服務 - 遠雄房地產,/contact_service/,1,1,1,1,3
google / organic,(organic),洽詢單送出成功 - 遠雄房地產,/contact_service/business_cooperation/洽詢單送出成功/,1,1,3,3,5
(not set),(not set),聯絡我們 - 遠雄房地產,/contact_service/contact_us/,1,1,1,1,6
yahoo / organic,(organic),聯絡我們 - 遠雄房地產,/contact_service/contact_us/,1,1,1,1,10
docs.google.com / referral,(referral),聯絡我們 - 遠雄房地產,/contact_service/contact_us/,1,1,1,1,2
(not set),20251209一輪播,聯絡我們 - 遠雄房地產,/contact_service/contact_us/,1,1,0,0,0
socialmedia / fgr,fb,聯絡我們 - 遠雄房地產,/contact_service/contact_us/,1,1,1,1,0
(not set),(not set),加入遠雄 築夢齊飛！-遠雄房地產,/contact_service/join_farglory/,1,1,0,0,17
docs.google.com / referral,(referral),加入遠雄 築夢齊飛！-遠雄房地產,/contact_service/join_farglory/,1,1,1,1,2
farglory.com.tw / referral,(referral),加入遠雄 築夢齊飛！-遠雄房地產,/contact_service/join_farglory/,1,1,1,1,23
m.facebook.com / referral,(referral),加入遠雄 築夢齊飛！-遠雄房地產,/contact_service/join_farglory/,1,1,1,1,0
google / cpc,202511,加入遠雄 築夢齊飛！-遠雄房地產,/contact_service/join_farglory/,1,1,1,1,34
google / cpc,com,加入遠雄 築夢齊飛！-遠雄房地產,/contact_service/join_farglory/,1,1,1,1,10
google / cpc,遠雄幸福成_H713_關鍵字_0516_外縣市,加入遠雄 築夢齊飛！-遠雄房地產,/contact_service/join_farglory/,1,1,1,1,5
(direct) / (none),(direct),浏览器3 - 处理: 威瀚企業有限公司,/contact_service/join_farglory/,1,1,0,0,6
(direct) / (none),(direct),福利制度 - 遠雄房地產,/contact_service/welfare_system/,1,1,1,1,1
(direct) / (none),(direct),工作環境-遠雄房地產,/contact_service/working_environment/,1,1,1,1,0
(direct) / (none),(direct),十二月主題報 - 遠雄房地產,/dec2024/,1,1,3,3,6
google / organic,(organic),十二月主題報 - 遠雄房地產,/dec2024/,1,1,2,2,2
excel.officeapps.live.com / referral,(referral),找不到頁面 - 遠雄房地產,/dec2025,1,1,2,2,30
google / organic,(organic),2025十二月主題報 - 遠雄房地產,/dec2025/,1,1,0,0,0
excel.officeapps.live.com / referral,(referral),2025十二月主題報 - 遠雄房地產,/dec2025/,1,1,2,2,13
google / cpc,(referral),2025十二月主題報 - 遠雄房地產,/dec2025/,1,1,1,1,14
(not set),20251209一輪播,十二月主題報 - 遠雄房地產,/december/,1,1,1,1,28
google / organic,(organic),好友主題報-2023年12月 - 遠雄房地產,/december2023/,1,1,2,2,4
google / organic,(organic),十月主題報 - 遠雄房地產,/edm-october-2022/,1,1,2,2,3
sn07.marketodesigner.com / referral,(referral),遠房好友電子報感謝頁 - 遠雄房地產,/edm_thank_you_page/,1,1,1,1,3
fb / O1,120227538157820464,遠房好友電子報感謝頁 - 遠雄房地產,/edm_thank_you_page/,1,1,1,1,12
fgr-line / eh2,20221519,遠房好友電子報感謝頁 - 遠雄房地產,/edm_thank_you_page/,1,1,1,1,8
fgr-line / fm3,20221519,遠房好友電子報感謝頁 - 遠雄房地產,/edm_thank_you_page/,1,1,2,2,10
(not set),20251209一輪播,遠房好友電子報感謝頁 - 遠雄房地產,/edm_thank_you_page/,1,1,3,3,15
(not set),20251230一輪播,遠房好友電子報感謝頁 - 遠雄房地產,/edm_thank_you_page/,1,1,1,1,0
google / cpc,O1_品牌字_2025.0801,遠房好友電子報感謝頁 - 遠雄房地產,/edm_thank_you_page/,1,1,1,1,9
google / cpc,corearea0829,遠房好友電子報感謝頁 - 遠雄房地產,/edm_thank_you_page/,1,1,1,1,20
fgr-line / fgr,expert_hoshichang_south-potential,遠房好友電子報感謝頁 - 遠雄房地產,/edm_thank_you_page/,1,1,1,1,13
google / organic,(organic),遠雄菁英分享 - 遠雄房地產,/elite_sharing/,1,1,1,1,6
google / organic,(organic),找不到頁面 - 遠雄房地產,/farglory-realty-abou,1,1,1,1,1
docs.google.com / referral,(referral),關於我們 彙整 - 遠雄房地產,/farglory-realty-about/,1,1,2,2,42
(not set),系統測試,國家級的建築肯定-遠雄房地產,/farglory-realty-about/national-building/,1,1,1,1,17
bing / organic,(organic),世界造鎮推手‧遠雄譜寫台灣經濟奇蹟-遠雄房地產,/farglory-realty-about/push-hand/,1,1,1,1,65
docs.google.com / referral,(referral),世界造鎮推手‧遠雄譜寫台灣經濟奇蹟-遠雄房地產,/farglory-realty-about/push-hand/,1,1,3,3,31
(not set),20251209一輪播,世界造鎮推手‧遠雄譜寫台灣經濟奇蹟-遠雄房地產,/farglory-realty-about/push-hand/,1,1,0,0,0
avivid / bh11,20251212,世界造鎮推手‧遠雄譜寫台灣經濟奇蹟-遠雄房地產,/farglory-realty-about/push-hand/,1,1,1,1,144
google / cpc,brand,世界造鎮推手‧遠雄譜寫台灣經濟奇蹟-遠雄房地產,/farglory-realty-about/push-hand/,1,1,3,3,247
(not set),系統測試,世界造鎮推手‧遠雄譜寫台灣經濟奇蹟-遠雄房地產,/farglory-realty-about/push-hand/,1,1,1,1,15
(direct) / (none),(direct),遠雄智慧二代宅‧成就所有可能-遠雄房地產,/farglory-realty-about/second-generation/,1,1,1,1,2
docs.google.com / referral,(referral),遠雄智慧二代宅‧成就所有可能-遠雄房地產,/farglory-realty-about/second-generation/,1,1,1,1,2
(not set),系統測試,遠雄智慧二代宅‧成就所有可能-遠雄房地產,/farglory-realty-about/second-generation/,1,1,1,1,1
docs.google.com / referral,(referral),遠房好友電子報 - 遠雄房地產,/farglory-realty_edm/,1,1,1,1,7
sn07.marketodesigner.com / referral,(referral),遠房好友電子報 - 遠雄房地產,/farglory-realty_edm/,1,1,1,1,16
(not set),20251230一輪播,遠房好友電子報 - 遠雄房地產,/farglory-realty_edm/,1,1,1,1,10
fgr-line / fgr,expert_hoshichang_south-potential,遠房好友電子報 - 遠雄房地產,/farglory-realty_edm/,1,1,2,2,40
google / cpc,type,遠房好友電子報 - 遠雄房地產,/farglory-realty_edm/,1,1,1,1,42
google / organic,(organic),電子主題報 - 遠雄房地產,/farglory-realty_edm/電子主題報/,1,1,2,2,6
google / organic,(organic),2025二月主題報 - 遠雄房地產,/feb2025/,1,1,2,2,4
google / organic,(organic),二月主題報 - 遠雄房地產 %,/february/,1,1,2,2,3
google / organic,(organic),好友主題報-2024年2月 - 遠雄房地產,/february2024/,1,1,2,2,2
(direct) / (none),(direct),找不到頁面 - 遠雄房地產,/fh2line,1,1,1,1,0
(not set),20251023一輪播,最懂生活的購屋專家-遠雄房地產,/gc_farbear/,1,1,1,1,1
google / organic,(organic),找不到頁面 - DEMO遠雄房地產,/gc_farbear/404/,1,1,1,1,0
app.clickup.com / referral,(referral),品牌實績-遠雄房地產,/gc_farbear/about/brand_performance_backup/,1,1,1,1,2
app.clickup.com / referral,(referral),關於遠創力行銷 - 遠雄房地產,/gc_farbear/about/telecreative_marketing/,1,1,1,1,0
app.clickup.com / referral,(referral),公告資訊 - 遠雄房地產,/gc_farbear/activity_report/announcement_information/,1,1,1,1,0
(not set),20251107一輪播,找不到頁面 - DEMO遠雄房地產,/gc_farbear/api/apireservation/addquestion/,1,1,3,3,7
(not set),20251107一輪播,找不到頁面 - DEMO遠雄房地產,/gc_farbear/api/reservation/addquestion/,1,1,1,1,2
(direct) / (none),(direct),熱銷建案(台北、新北、台中、桃園、台南、高雄) - 遠雄房地產,/gc_farbear/case/,1,1,1,1,6
(direct) / (none),(direct),熱銷建案(台北、新北、台中、桃園、台南、高雄)一覽 - 遠雄房地產,/gc_farbear/case/search/,1,1,2,2,20
app.clickup.com / referral,(referral),熱銷建案與買主口碑推薦- 遠雄房地產,/gc_farbear/case/wom_recommendation/,1,1,2,2,27
app.clickup.com / referral,(referral),加入遠雄 築夢齊飛！-遠雄房地產,/gc_farbear/contact_service/join_farglory/,1,1,1,1,0
(direct) / (none),(direct),找不到頁面 - DEMO遠雄房地產,/gc_farbear/jet-menu/,1,1,1,1,7
app.clickup.com / referral,(referral),生活提案(購屋知識，安心生活，空間美學，在地生活) - 遠雄房地產,/gc_farbear/life_proposal/,1,1,1,1,1
app.clickup.com / referral,(referral),空間美學(以設計團隊的角度來解讀空間、社區、環境、生活型態 )- 遠雄房地產,/gc_farbear/life_proposal/space_aesthetics/,1,1,1,1,1
app.clickup.com / referral,(referral),遠房好友- 遠雄房地產,/gc_farbear/my-account/,1,1,1,1,1
(not set),20251107一輪播,找不到頁面 - DEMO遠雄房地產,/gc_farbear2/,1,1,1,1,2
(not set),(not set),遠雄星呈 | 新都心 心港灣-林欣伶-遠雄房地產 Farglory-Realty,/h707/b5856,1,1,1,1,0
(not set),20250905五輪播,遠雄星呈 | 新都心 心港灣-林欣伶-遠雄房地產 Farglory-Realty,/h707/b5856,1,1,3,3,18
google / organic,(organic),找不到頁面 - 遠雄房地產,/hm2,1,1,1,1,5
google / organic,(organic),遠雄夏沐-線上接待中心,/images/web/undefined_0.svg,1,1,3,3,0
google / organic,(organic),一月主題報 - 遠雄房地產,/jan2025/,1,1,2,2,11
statics.teams.cdn.office.net / referral,(referral),一月主題報 - 遠雄房地產,/jan2025/,1,1,1,1,0
google / organic,(organic),mega-item-2604 - 遠雄房地產,/jet-menu/mega-item-2604/,1,1,2,2,2
google / organic,(organic),mega-item-2605 - 遠雄房地產,/jet-menu/mega-item-2605/,1,1,1,1,0
google / organic,(organic),主選單_生活提案 - 遠雄房地產,/jet-menu/mega-item-3631/,1,1,1,1,1
(not set),20251107一輪播,主選單_熱銷建案 - 遠雄房地產,/jet-menu/mega-item-3710/,1,1,1,1,0
(direct) / (none),(direct),主選單_關於我們 - 遠雄房地產,/jet-menu/mega-item-3714/,1,1,1,1,0
docs.google.com / referral,(referral),主選單_關於我們 - 遠雄房地產,/jet-menu/mega-item-3714/,1,1,2,2,72
docs.google.com / referral,(referral),主選單_聯絡與服務 - 遠雄房地產,/jet-menu/mega-item-3718/,1,1,1,1,2
(not set),20251209一輪播,主選單_聯絡與服務 - 遠雄房地產,/jet-menu/mega-item-3718/,1,1,1,1,3
google / organic,(organic),mega-item-449 - 遠雄房地產,/jet-menu/mega-item-449/,1,1,1,1,2
(direct) / (none),(direct),mega-item-6153 - 遠雄房地產,/jet-menu/mega-item-6153/,1,1,1,1,1
(direct) / (none),(direct),加入遠雄 築夢齊飛！-遠雄房地產,/join_farglory/,1,1,1,1,0
google / organic,(organic),七月主題報 - 遠雄房地產,/july-theme-newspaper/,1,1,2,2,8
google / organic,(organic),七月主題報 - 遠雄房地產,/july/,1,1,2,2,4
(not set),20251023一輪播,好友主題報-2024年6月 - 遠雄房地產,/jun2024/,1,1,1,1,7
google / organic,(organic),2025六月主題報 - 遠雄房地產,/jun2025/,1,1,2,2,4
google / organic,(organic),六月主題報 - 遠雄房地產,/june/,1,1,2,2,4
mag-lavie / bh7,lavie20251230,遠雄幸福成-兆元產值匯集 大台中最受矚目重劃區 - 遠雄房地產,/landing-page/0824sms/,1,1,1,1,5
mag-lavie / bh7,lavie20251230,遠雄幸福成-兆元產值匯集 大台中最受矚目重劃區 - 遠雄房地產,/landing-page/1110627/,1,1,1,1,2
mag-lavie / bh7,lavie20251230,遠雄幸福成-台中港特區3冠王，區域、生活價值雙贏 - 遠雄房地產,/landing-page/1110704/,1,1,2,2,5
(not set),20251209一輪播,找不到頁面 - 遠雄房地產,/landing-page/123456789/,1,1,1,1,0
google / organic,(organic),系統測試 - 遠雄房地產,/landing-page/123456789/,1,1,1,1,3
(not set),20251209一輪播,系統測試 - 遠雄房地產,/landing-page/123456789/,1,1,1,1,20
google / organic,(organic),2022年新春福虎生風超友慶 - 遠雄房地產,/landing-page/2022新春福虎生風超友慶/,1,1,1,1,4
google / organic,(organic),福兔迎祥喜迎新 - 遠雄房地產,/landing-page/2023happynewyear/,1,1,1,1,10
google / organic,(organic),"學習2025年 如何分散風險,投資未來📖 投資專家游庭皓帶你掌握2025年資產增值趨勢，開啟你的財富之路！🪙🪙 - 遠雄房地產",/landing-page/202502yu/,1,1,1,1,7
google / cpc,遠雄幸福成_H713_關鍵字_0516_外縣市,"學習2025年 如何分散風險,投資未來📖 投資專家游庭皓帶你掌握2025年資產增值趨勢，開啟你的財富之路！🪙🪙 - 遠雄房地產",/landing-page/202502yu/,1,1,1,1,10
google / organic,(organic),遠雄房地產 專家問答 - 遠雄房地產,/landing-page/expert/,1,1,2,2,7
(not set),20251107一輪播,Happy虎year! 新春買屋獎不停 - 遠雄房地產,/landing-page/farglory_realty_cn_2022/,1,1,1,1,2
google / organic,(organic),遠雄幸福成-台中港特區3冠王，區域、生活價值雙贏(V) - 遠雄房地產,/landing-page/fb-80/,1,1,1,1,6
google / organic,(organic),遠雄幸福成-兆元產值匯集 大台中最受矚目重劃區(V) - 遠雄房地產,/landing-page/fb-81/,1,1,5,5,20
google / organic,(organic),H109-edm - 遠雄房地產,/landing-page/h109-edm/,1,1,1,1,7
google / organic,(organic),超級好友VIP💎推薦購屋大賞 推薦購屋送3萬黃金! - 遠雄房地產,/landing-page/mgm-gold1/,1,1,3,3,6
google / organic,(organic),超級好友VIP推薦購屋大賞 推薦購屋送你遊東京! - 遠雄房地產,/landing-page/mgm/,1,1,2,2,7
google / organic,(organic),專家提問-專家提問條款 - 遠雄房地產,/landing-page/terms-of-expert/,1,1,2,2,2
google / organic,(organic),好友大募集 遠雄純寓好友限定 - 遠雄房地產,/landing-page/好友大募集-遠雄純寓好友限定/,1,1,4,4,9
google / cpc,遠雄幸福成_H713_關鍵字_0516_外縣市,遠雄房地產 誠摯邀請您蒞臨 INVITATION FOR YOU - 遠雄房地產,/landing-page/遠雄房地產-誠摯邀請您蒞臨-invitation-for-you/,1,1,1,1,9
google / organic,(organic),青朋好友大募集 遠雄青晉好友限定 - 遠雄房地產,/landing-page/青朋好友大募集/,1,1,2,2,19
(direct) / (none),(direct),"生活機能,遠雄琢蘊-線上接待中心",/landscape/long-shot,1,1,2,2,9
(direct) / (none),(direct),"樓層景觀,遠雄琢蘊-線上接待中心",/landscape/roof,1,1,2,2,9
(direct) / (none),(direct),找不到頁面 - 遠雄房地產,/life-...く,1,1,1,1,0
google / organic,(organic),專家觀點 彙整 - 遠雄房地產,/life-proposal-category/expert_point/,1,1,1,1,1
google / organic,(organic),高力國際 董事長暨董事總經理 劉學龍 彙整 - 頁2，共2 - 遠雄房地產,/life-proposal-category/expert_point/commercial_liu/page/2/,1,1,1,1,0
(direct) / (none),(direct),房市專家 何世昌 彙整 - 遠雄房地產,/life-proposal-category/expert_point/hoshichang/,1,1,1,1,1
fgr-line / fgr,kitchen,房市專家 何世昌 彙整 - 遠雄房地產,/life-proposal-category/expert_point/hoshichang/,1,1,1,1,26
(not set),20251209一輪播,天易地政事務所所長 朱智豪 彙整 - 遠雄房地產,/life-proposal-category/expert_point/land_zhu/,1,1,3,3,20
youtube / fgr,expert_zhu_video_trust,天易地政事務所所長 朱智豪 彙整 - 遠雄房地產,/life-proposal-category/expert_point/land_zhu/,1,1,2,2,167
google / organic,(organic),天易地政事務所所長 朱智豪 彙整 - 頁4，共5 - 遠雄房地產,/life-proposal-category/expert_point/land_zhu/page/4/,1,1,1,1,0
(not set),20251209一輪播,天易地政事務所所長 朱智豪 彙整 - 頁4，共6 - 遠雄房地產,/life-proposal-category/expert_point/land_zhu/page/4/,1,1,1,1,8
google / organic,(organic),天易地政事務所所長 朱智豪 彙整 - 頁5，共5 - 遠雄房地產,/life-proposal-category/expert_point/land_zhu/page/5/,1,1,1,1,1
(direct) / (none),(direct),財經M平方 彙整 - 遠雄房地產,/life-proposal-category/expert_point/macro_micro/,1,1,1,1,4
baidu / organic,(organic),財經M平方 彙整 - 遠雄房地產,/life-proposal-category/expert_point/macro_micro/,1,1,1,1,18
docs.google.com / referral,(referral),財經M平方 彙整 - 遠雄房地產,/life-proposal-category/expert_point/macro_micro/,1,1,3,3,92
google / farglory/,(referral),財經M平方 彙整 - 遠雄房地產,/life-proposal-category/expert_point/macro_micro/,1,1,1,1,15
(not set),20251107一輪播,財經M平方 彙整 - 遠雄房地產,/life-proposal-category/expert_point/macro_micro/,1,1,1,1,4
(not set),20251209一輪播,財經M平方 彙整 - 遠雄房地產,/life-proposal-category/expert_point/macro_micro/,1,1,2,2,251
google / organic,(organic),財經M平方 彙整 - 頁3，共5 - 遠雄房地產,/life-proposal-category/expert_point/macro_micro/page/3/,1,1,1,1,1
google / organic,(organic),財經M平方 彙整 - 頁4，共5 - 遠雄房地產,/life-proposal-category/expert_point/macro_micro/page/4/,1,1,1,1,16
(not set),20251209一輪播,財經M平方 彙整 - 頁4，共5 - 遠雄房地產,/life-proposal-category/expert_point/macro_micro/page/4/,1,1,1,1,1
google / organic,(organic),專家觀點 彙整 - 頁10，共18 - 遠雄房地產,/life-proposal-category/expert_point/page/10/,1,1,1,1,1
google / organic,(organic),專家觀點 彙整 - 頁11，共18 - 遠雄房地產,/life-proposal-category/expert_point/page/11/,1,1,1,1,2
google / organic,(organic),專家觀點 彙整 - 頁12，共18 - 遠雄房地產,/life-proposal-category/expert_point/page/12/,1,1,2,2,26
google / organic,(organic),專家觀點 彙整 - 頁13，共18 - 遠雄房地產,/life-proposal-category/expert_point/page/13/,1,1,1,1,1
google / organic,(organic),專家觀點 彙整 - 頁14，共18 - 遠雄房地產,/life-proposal-category/expert_point/page/14/,1,1,1,1,2
google / organic,(organic),專家觀點 彙整 - 頁15，共18 - 遠雄房地產,/life-proposal-category/expert_point/page/15/,1,1,1,1,2
google / organic,(organic),專家觀點 彙整 - 頁16，共18 - 遠雄房地產,/life-proposal-category/expert_point/page/16/,1,1,1,1,3
google / organic,(organic),專家觀點 彙整 - 頁17，共18 - 遠雄房地產,/life-proposal-category/expert_point/page/17/,1,1,1,1,1
google / organic,(organic),專家觀點 彙整 - 頁2，共18 - 遠雄房地產,/life-proposal-category/expert_point/page/2/,1,1,1,1,1
google / organic,(organic),專家觀點 彙整 - 頁3，共18 - 遠雄房地產,/life-proposal-category/expert_point/page/3/,1,1,1,1,2
google / organic,(organic),專家觀點 彙整 - 頁4，共18 - 遠雄房地產,/life-proposal-category/expert_point/page/4/,1,1,1,1,1
google / organic,(organic),專家觀點 彙整 - 頁5，共18 - 遠雄房地產,/life-proposal-category/expert_point/page/5/,1,1,1,1,3
google / organic,(organic),專家觀點 彙整 - 頁6，共18 - 遠雄房地產,/life-proposal-category/expert_point/page/6/,1,1,1,1,0
google / organic,(organic),專家觀點 彙整 - 頁7，共18 - 遠雄房地產,/life-proposal-category/expert_point/page/7/,1,1,1,1,3
google / organic,(organic),專家觀點 彙整 - 頁8，共18 - 遠雄房地產,/life-proposal-category/expert_point/page/8/,1,1,1,1,2
(direct) / (none),(direct),台經院產經資料庫總監、APIAA院士  劉佩真 彙整 - 遠雄房地產,/life-proposal-category/expert_point/pei_zhen/,1,1,1,1,38
bing / organic,(organic),台經院產經資料庫總監、APIAA院士  劉佩真 彙整 - 遠雄房地產,/life-proposal-category/expert_point/pei_zhen/,1,1,1,1,0
excel.officeapps.live.com / referral,(referral),台經院產經資料庫總監、APIAA院士  劉佩真 彙整 - 遠雄房地產,/life-proposal-category/expert_point/pei_zhen/,1,1,1,1,0
(not set),20251209一輪播,台經院產經資料庫總監、APIAA院士  劉佩真 彙整 - 遠雄房地產,/life-proposal-category/expert_point/pei_zhen/,1,1,2,2,7
google / organic,(organic),台經院產經資料庫總監、APIAA院士  劉佩真 彙整 - 頁3，共4 - 遠雄房地產,/life-proposal-category/expert_point/pei_zhen/page/3/,1,1,1,1,2
google_kw / 5vo1,202511,房仲公會全聯會 榮譽理事長 李同榮 彙整 - 遠雄房地產,/life-proposal-category/expert_point/realestate_li/,1,1,0,0,0
(not set),20251107一輪播,房仲公會全聯會 榮譽理事長 李同榮 彙整 - 頁2，共2 - 遠雄房地產,/life-proposal-category/expert_point/realestate_li/page/2/,1,1,1,1,2
(direct) / (none),(direct),永然聯合法律事務所 彙整 - 遠雄房地產,/life-proposal-category/expert_point/y-rlee/,1,1,1,1,0
google / organic,(organic),購屋知識 彙整 - 頁2，共9 - 遠雄房地產,/life-proposal-category/home_knowledge/page/2/,1,1,1,1,1
google / organic,(organic),購屋知識 彙整 - 頁4，共9 - 遠雄房地產,/life-proposal-category/home_knowledge/page/4/,1,1,1,1,1
google / organic,(organic),購屋知識 彙整 - 頁6，共9 - 遠雄房地產,/life-proposal-category/home_knowledge/page/6/,1,1,1,1,1
google / organic,(organic),購屋知識 彙整 - 頁7，共9 - 遠雄房地產,/life-proposal-category/home_knowledge/page/7/,1,1,1,1,1
google / organic,(organic),購屋知識 彙整 - 頁8，共9 - 遠雄房地產,/life-proposal-category/home_knowledge/page/8/,1,1,1,1,3
google / organic,(organic),購屋知識 彙整 - 頁9，共9 - 遠雄房地產,/life-proposal-category/home_knowledge/page/9/,1,1,1,1,1
google / organic,(organic),在地生活 彙整 - 遠雄房地產,/life-proposal-category/music_life/,1,1,2,2,9
(not set),20251209一輪播,在地生活 彙整 - 頁10，共10 - 遠雄房地產,/life-proposal-category/music_life/page/10/,1,1,1,1,1
google / organic,(organic),在地生活 彙整 - 頁2，共10 - 遠雄房地產,/life-proposal-category/music_life/page/2/,1,1,1,1,1
google / organic,(organic),在地生活 彙整 - 頁3，共10 - 遠雄房地產,/life-proposal-category/music_life/page/3/,1,1,1,1,0
google / organic,(organic),在地生活 彙整 - 頁4，共10 - 遠雄房地產,/life-proposal-category/music_life/page/4/,1,1,1,1,1
google / organic,(organic),在地生活 彙整 - 頁5，共10 - 遠雄房地產,/life-proposal-category/music_life/page/5/,1,1,1,1,1
google / organic,(organic),在地生活 彙整 - 頁6，共10 - 遠雄房地產,/life-proposal-category/music_life/page/6/,1,1,1,1,2
google / organic,(organic),在地生活 彙整 - 頁7，共10 - 遠雄房地產,/life-proposal-category/music_life/page/7/,1,1,1,1,2
google / organic,(organic),在地生活 彙整 - 頁8，共10 - 遠雄房地產,/life-proposal-category/music_life/page/8/,1,1,1,1,0
google / organic,(organic),安心生活 彙整 - 遠雄房地產,/life-proposal-category/peace_mind/,1,1,1,1,8
google / organic,(organic),安心生活 彙整 - 頁3，共4 - 遠雄房地產,/life-proposal-category/peace_mind/page/3/,1,1,1,1,3
google / organic,(organic),安心生活 彙整 - 頁4，共4 - 遠雄房地產,/life-proposal-category/peace_mind/page/4/,1,1,1,1,2
google / organic,(organic),空間美學 彙整 - 遠雄房地產,/life-proposal-category/space_aesthetics/,1,1,1,1,2
google / organic,(organic),空間美學 彙整 - 頁2，共4 - 遠雄房地產,/life-proposal-category/space_aesthetics/page/2/,1,1,1,1,2
google / organic,(organic),空間美學 彙整 - 頁3，共4 - 遠雄房地產,/life-proposal-category/space_aesthetics/page/3/,1,1,1,1,3
google / organic,(organic),空間美學 彙整 - 頁4，共4 - 遠雄房地產,/life-proposal-category/space_aesthetics/page/4/,1,1,1,1,5
(direct) / (none),(direct),換屋 彙整 - 遠雄房地產,/life-proposal-tag/1、客層/1購屋對象/換屋/,1,1,1,1,0
(direct) / (none),(direct),頂客 彙整 - 遠雄房地產,/life-proposal-tag/1、客層/1購屋對象/頂客/,1,1,1,1,7
(direct) / (none),(direct),首購 彙整 - 遠雄房地產,/life-proposal-tag/1、客層/1購屋對象/首購/,1,1,1,1,0
(direct) / (none),(direct),自住 彙整 - 遠雄房地產,/life-proposal-tag/1、客層/2購屋需求/自住/,1,1,1,1,0
google / organic,(organic),自住 彙整 - 遠雄房地產,/life-proposal-tag/1、客層/2購屋需求/自住/,1,1,1,1,31
(data not available),(cross-network),2025房市趨勢 彙整 - 遠雄房地產,/life-proposal-tag/2、市場/1市場相關專有詞/2025房市趨勢/,1,1,1,1,1093
bing / organic,(organic),2025房市趨勢 彙整 - 遠雄房地產,/life-proposal-tag/2、市場/1市場相關專有詞/2025房市趨勢/,1,1,1,1,3
google / organic,(organic),2025房市趨勢 彙整 - 遠雄房地產,/life-proposal-tag/2、市場/1市場相關專有詞/2025房市趨勢/,1,1,1,1,0
fgr-line / 5vo1,20251205,不動產 彙整 - 遠雄房地產,/life-proposal-tag/2、市場/1市場相關專有詞/real_estate/,1,1,1,1,24
fgr-line / 5vo1,20251205,不動產 彙整 - 頁2，共3 - 遠雄房地產,/life-proposal-tag/2、市場/1市場相關專有詞/real_estate/page/2/,1,1,1,1,7
fgr-line / 5vo1,20251205,住宅 彙整 - 遠雄房地產,/life-proposal-tag/2、市場/1市場相關專有詞/住宅/,1,1,1,1,6
(direct) / (none),(direct),住宅市場 彙整 - 遠雄房地產,/life-proposal-tag/2、市場/1市場相關專有詞/住宅市場/,1,1,1,1,0
(direct) / (none),(direct),價格漲幅 彙整 - 遠雄房地產,/life-proposal-tag/2、市場/1市場相關專有詞/價格漲幅/,1,1,1,1,12
(direct) / (none),(direct),房地產市場 彙整 - 遠雄房地產,/life-proposal-tag/2、市場/1市場相關專有詞/房地產市場/,1,1,1,1,0
google / organic,(organic),房地產市場 彙整 - 遠雄房地產,/life-proposal-tag/2、市場/1市場相關專有詞/房地產市場/,1,1,1,1,0
google / cpc,Pmax,房地產市場 彙整 - 遠雄房地產,/life-proposal-tag/2、市場/1市場相關專有詞/房地產市場/,1,1,1,1,112
(direct) / (none),(direct),房地產市場 彙整 - 頁2，共5 - 遠雄房地產,/life-proposal-tag/2、市場/1市場相關專有詞/房地產市場/page/2/,1,1,1,1,1
(direct) / (none),(direct),房地產市場 彙整 - 頁3，共5 - 遠雄房地產,/life-proposal-tag/2、市場/1市場相關專有詞/房地產市場/page/3/,1,1,1,1,0
(direct) / (none),(direct),新建案市場 彙整 - 遠雄房地產,/life-proposal-tag/2、市場/1市場相關專有詞/新建案市場/,1,1,1,1,0
google / organic,(organic),空頭市場 彙整 - 遠雄房地產,/life-proposal-tag/2、市場/1市場相關專有詞/空頭市場/,1,1,1,1,1
google / organic,(organic),買賣移轉棟數 彙整 - 遠雄房地產,/life-proposal-tag/2、市場/1市場相關專有詞/買賣移轉棟數/,1,1,1,1,0
(direct) / (none),(direct),限貸令 彙整 - 遠雄房地產,/life-proposal-tag/2、市場/1市場相關專有詞/限貸令/,1,1,1,1,0
(direct) / (none),(direct),遺產稅 彙整 - 遠雄房地產,/life-proposal-tag/2、市場/2稅務政策相關/estate_tax/,1,1,1,1,0
tw.search.yahoo.com / referral,(referral),遺產稅 彙整 - 遠雄房地產,/life-proposal-tag/2、市場/2稅務政策相關/estate_tax/,1,1,1,1,82
(direct) / (none),(direct),擬制遺產 彙整 - 遠雄房地產,/life-proposal-tag/2、市場/2稅務政策相關/estate_tax/擬制遺產/,1,1,1,1,0
(direct) / (none),(direct),自書遺囑 彙整 - 遠雄房地產,/life-proposal-tag/2、市場/2稅務政策相關/estate_tax/自書遺囑/,1,1,1,1,4
google / organic,(organic),支付證明 彙整 - 遠雄房地產,/life-proposal-tag/2、市場/2稅務政策相關/gift_tax/支付證明/,1,1,1,1,11
(direct) / (none),(direct),配偶贈與 彙整 - 遠雄房地產,/life-proposal-tag/2、市場/2稅務政策相關/gift_tax/配偶贈與/,1,1,1,1,0
tw.search.yahoo.com / referral,(referral),房地合一稅 彙整 - 遠雄房地產,/life-proposal-tag/2、市場/2稅務政策相關/house-and-land/,1,1,2,2,2
(direct) / (none),(direct),地價稅 彙整 - 遠雄房地產,/life-proposal-tag/2、市場/2稅務政策相關/land_tax/,1,1,1,1,7
google / organic,(organic),一生一屋 彙整 - 遠雄房地產,/life-proposal-tag/2、市場/2稅務政策相關/一生一屋/,1,1,1,1,5
(direct) / (none),(direct),一生一次 彙整 - 遠雄房地產,/life-proposal-tag/2、市場/2稅務政策相關/一生一次/,1,1,1,1,0
google / organic,(organic),空屋稅 彙整 - 遠雄房地產,/life-proposal-tag/2、市場/2稅務政策相關/空屋稅/,1,1,1,1,4
google / organic,(organic),自用住宅 彙整 - 遠雄房地產,/life-proposal-tag/2、市場/2稅務政策相關/自用住宅/,1,1,1,1,14
fgr-line / 5vo1,20251205,購屋重點 彙整 - 遠雄房地產,/life-proposal-tag/3、交易/1購屋流程相關/buy_property_tips/,1,1,1,1,9
fgr-line / fgr,cleaning_20221223,履約保證 彙整 - 遠雄房地產,/life-proposal-tag/3、交易/1購屋流程相關/promise/,1,1,1,1,46
(direct) / (none),(direct),交屋品質 彙整 - 遠雄房地產,/life-proposal-tag/3、交易/1購屋流程相關/交屋品質/,1,1,1,1,0
(direct) / (none),(direct),地籍異動 彙整 - 遠雄房地產,/life-proposal-tag/3、交易/1購屋流程相關/地籍異動/,1,1,1,1,0
(not set),20251209一輪播,定型化契約 彙整 - 遠雄房地產,/life-proposal-tag/3、交易/1購屋流程相關/定型化契約/,1,1,0,0,20
google / organic,(organic),解約條款 彙整 - 遠雄房地產,/life-proposal-tag/3、交易/1購屋流程相關/解約條款/,1,1,1,1,1
google / organic,(organic),買屋流程 彙整 - 頁2，共2 - 遠雄房地產,/life-proposal-tag/3、交易/1購屋流程相關/買屋流程/page/2/,1,1,2,2,30
(direct) / (none),(direct),驗屋流程 彙整 - 遠雄房地產,/life-proposal-tag/3、交易/1購屋流程相關/驗屋流程/,1,1,1,1,1
google / organic,(organic),檢查表 彙整 - 遠雄房地產,/life-proposal-tag/3、交易/1購屋流程相關/驗屋流程/檢查表/,1,1,1,1,3
google / organic,(organic),浴廁設施 彙整 - 遠雄房地產,/life-proposal-tag/3、交易/1購屋流程相關/驗屋流程/浴廁設施/,1,1,1,1,10
google / organic,(organic),保固 彙整 - 遠雄房地產,/life-proposal-tag/4、品牌/1品牌相關/保固/,1,1,1,1,13
tw.search.yahoo.com / referral,(referral),保固 彙整 - 遠雄房地產,/life-proposal-tag/4、品牌/1品牌相關/保固/,1,1,1,1,0
google / organic,(organic),保固年限 彙整 - 遠雄房地產,/life-proposal-tag/4、品牌/1品牌相關/保固年限/,1,1,1,1,11
tw.search.yahoo.com / referral,(referral),建商品牌 彙整 - 遠雄房地產,/life-proposal-tag/4、品牌/1品牌相關/建商品牌/,1,1,1,1,8
fgr-line / 5vo1,20251205,建商品牌 彙整 - 遠雄房地產,/life-proposal-tag/4、品牌/1品牌相關/建商品牌/,1,1,1,1,6
(direct) / (none),(direct),交通便捷 彙整 - 遠雄房地產,/life-proposal-tag/5、區域/1區域地段/交通便捷/,1,1,1,1,0
fb / fh2,fbfanpage1226,交通便捷 彙整 - 遠雄房地產,/life-proposal-tag/5、區域/1區域地段/交通便捷/,1,1,1,1,0
(direct) / (none),(direct),公園綠地 彙整 - 頁2，共3 - 遠雄房地產,/life-proposal-tag/5、區域/1區域地段/公園綠地/page/2/,1,1,1,1,0
(direct) / (none),(direct),公園綠地 彙整 - 頁3，共3 - 遠雄房地產,/life-proposal-tag/5、區域/1區域地段/公園綠地/page/3/,1,1,1,1,0
google / organic,(organic),明星學區 彙整 - 遠雄房地產,/life-proposal-tag/5、區域/1區域地段/明星學區/,1,1,2,2,9
(direct) / (none),(direct),明星學區 彙整 - 頁2，共2 - 遠雄房地產,/life-proposal-tag/5、區域/1區域地段/明星學區/page/2/,1,1,1,1,0
(direct) / (none),(direct),未來發展 彙整 - 遠雄房地產,/life-proposal-tag/5、區域/1區域地段/未來發展/,1,1,1,1,0
(direct) / (none),(direct),生活機能 彙整 - 遠雄房地產,/life-proposal-tag/5、區域/1區域地段/生活機能/,1,1,1,1,0
google / organic,(organic),生活機能 彙整 - 遠雄房地產,/life-proposal-tag/5、區域/1區域地段/生活機能/,1,1,1,1,2
fb / bh11,1-1,生活機能 彙整 - 遠雄房地產,/life-proposal-tag/5、區域/1區域地段/生活機能/,1,1,1,1,0
fb / eh5,fb24,生活機能 彙整 - 遠雄房地產,/life-proposal-tag/5、區域/1區域地段/生活機能/,1,1,1,1,0
google / organic,(organic),百貨商場 彙整 - 遠雄房地產,/life-proposal-tag/5、區域/1區域地段/生活機能/百貨商場/,1,1,1,1,6
fb / bh10,fb6-1,百貨商場 彙整 - 遠雄房地產,/life-proposal-tag/5、區域/1區域地段/生活機能/百貨商場/,1,1,1,1,0
(direct) / (none),(direct),產業投資 彙整 - 遠雄房地產,/life-proposal-tag/5、區域/1區域地段/產業投資/,1,1,1,1,27
google_kw / dh2,(organic),產業投資 彙整 - 遠雄房地產,/life-proposal-tag/5、區域/1區域地段/產業投資/,1,1,1,1,3
(direct) / (none),(direct),產業進駐 彙整 - 遠雄房地產,/life-proposal-tag/5、區域/1區域地段/產業進駐/,1,1,1,1,0
fb / h707,21,產業進駐 彙整 - 遠雄房地產,/life-proposal-tag/5、區域/1區域地段/產業進駐/,1,1,1,1,0
google / organic,(organic),台中市 彙整 - 遠雄房地產,/life-proposal-tag/5、區域/1區域地段/縣市/台中市/,1,1,1,1,0
google / cpc,20251204,台中市 彙整 - 遠雄房地產,/life-proposal-tag/5、區域/1區域地段/縣市/台中市/,1,1,1,1,16
google / cpc,brand0829,台中市 彙整 - 遠雄房地產,/life-proposal-tag/5、區域/1區域地段/縣市/台中市/,1,1,1,1,39
(direct) / (none),(direct),北屯區 彙整 - 遠雄房地產,/life-proposal-tag/5、區域/1區域地段/縣市/台中市/beitun/,1,1,1,1,0
line-lap / bh10,line-lap202511-3,北屯區 彙整 - 遠雄房地產,/life-proposal-tag/5、區域/1區域地段/縣市/台中市/beitun/,1,1,1,1,4
google / cpc,遠雄幸福成_H713_關鍵字_0516_外縣市,北屯區 彙整 - 遠雄房地產,/life-proposal-tag/5、區域/1區域地段/縣市/台中市/beitun/,1,1,1,1,0
leju / bh11,風光大棟距,北屯區 彙整 - 遠雄房地產,/life-proposal-tag/5、區域/1區域地段/縣市/台中市/beitun/,1,1,1,1,0
fb / bh11,8-1,十四期 彙整 - 遠雄房地產,/life-proposal-tag/5、區域/1區域地段/縣市/台中市/beitun/fourthteen/,1,1,1,1,0
google / cpc,competitor0829,十四期 彙整 - 遠雄房地產,/life-proposal-tag/5、區域/1區域地段/縣市/台中市/beitun/fourthteen/,1,1,1,1,31
google / cpc,information4,十四期 彙整 - 遠雄房地產,/life-proposal-tag/5、區域/1區域地段/縣市/台中市/beitun/fourthteen/,1,1,1,1,21
google / cpc,taichung,十四期 彙整 - 遠雄房地產,/life-proposal-tag/5、區域/1區域地段/縣市/台中市/beitun/fourthteen/,1,1,1,1,1
(direct) / (none),(direct),北屯機捷 彙整 - 遠雄房地產,/life-proposal-tag/5、區域/1區域地段/縣市/台中市/beitun/北屯機捷/,1,1,1,1,0
google / cpc,brand0829,台中市 彙整 - 頁2，共4 - 遠雄房地產,/life-proposal-tag/5、區域/1區域地段/縣市/台中市/page/2/,1,1,1,1,26
m.facebook.com / referral,(referral),七期 彙整 - 遠雄房地產,/life-proposal-tag/5、區域/1區域地段/縣市/台中市/seventh/,1,1,1,1,0
avivid / bh11,20251212,七期 彙整 - 遠雄房地產,/life-proposal-tag/5、區域/1區域地段/縣市/台中市/seventh/,1,1,1,1,7
google / cpc,遠雄幸福成_H713_關鍵字_0516_中彰,七期 彙整 - 遠雄房地產,/life-proposal-tag/5、區域/1區域地段/縣市/台中市/seventh/,1,1,1,1,33
google / organic,(organic),梧棲區 彙整 - 遠雄房地產,/life-proposal-tag/5、區域/1區域地段/縣市/台中市/wuqi/,1,1,1,1,52
tw.search.yahoo.com / referral,(referral),西屯區 彙整 - 遠雄房地產,/life-proposal-tag/5、區域/1區域地段/縣市/台中市/xitun/,1,1,1,1,16
fb / paid,120238384775810537,水湳經貿園區 彙整 - 遠雄房地產,/life-proposal-tag/5、區域/1區域地段/縣市/台中市/xitun/水湳經貿園區/,1,1,1,1,28
google / cpc,corearea0829,水湳經貿園區 彙整 - 遠雄房地產,/life-proposal-tag/5、區域/1區域地段/縣市/台中市/xitun/水湳經貿園區/,1,1,2,2,25
google / cpc,landmark0829,水湳經貿園區 彙整 - 遠雄房地產,/life-proposal-tag/5、區域/1區域地段/縣市/台中市/xitun/水湳經貿園區/,1,1,1,1,15
leju / bh11,放鬆不必遠行,水湳經貿園區 彙整 - 遠雄房地產,/life-proposal-tag/5、區域/1區域地段/縣市/台中市/xitun/水湳經貿園區/,1,1,1,1,0
google / organic,(organic),台北市 彙整 - 遠雄房地產,/life-proposal-tag/5、區域/1區域地段/縣市/台北市/,1,1,1,1,0
(not set),(not set),北士科 彙整 - 遠雄房地產,/life-proposal-tag/5、區域/1區域地段/縣市/台北市/beitou/北士科/,1,1,1,1,0
fb / 5vo1,20251102,北士科 彙整 - 遠雄房地產,/life-proposal-tag/5、區域/1區域地段/縣市/台北市/beitou/北士科/,1,1,1,1,13
(direct) / (none),(direct),台南市 彙整 - 遠雄房地產,/life-proposal-tag/5、區域/1區域地段/縣市/台南市/,1,1,1,1,1
google / organic,(organic),台南市 彙整 - 遠雄房地產,/life-proposal-tag/5、區域/1區域地段/縣市/台南市/,1,1,1,1,0
google_kw / dh2,(organic),台南市 彙整 - 遠雄房地產,/life-proposal-tag/5、區域/1區域地段/縣市/台南市/,1,1,2,2,21
(direct) / (none),(direct),安南區 彙整 - 遠雄房地產,/life-proposal-tag/5、區域/1區域地段/縣市/台南市/annan/,1,1,1,1,11
google_kw / dh2,(organic),台南市 彙整 - 頁2，共3 - 遠雄房地產,/life-proposal-tag/5、區域/1區域地段/縣市/台南市/page/2/,1,1,2,2,16
google_kw / dh2,(organic),台南市 彙整 - 頁3，共3 - 遠雄房地產,/life-proposal-tag/5、區域/1區域地段/縣市/台南市/page/3/,1,1,1,1,6
(direct) / (none),(direct),鹽行區 彙整 - 遠雄房地產,/life-proposal-tag/5、區域/1區域地段/縣市/台南市/yanxing/,1,1,1,1,5
(direct) / (none),(direct),永康區 彙整 - 遠雄房地產,/life-proposal-tag/5、區域/1區域地段/縣市/台南市/yongkang/,1,1,1,1,9
excel.officeapps.live.com / referral,(referral),永康區 彙整 - 遠雄房地產,/life-proposal-tag/5、區域/1區域地段/縣市/台南市/yongkang/,1,1,3,3,11
google / organic,(organic),大灣重劃區 彙整 - 遠雄房地產,/life-proposal-tag/5、區域/1區域地段/縣市/台南市/yongkang/大灣重劃區/,1,1,1,1,18
(direct) / (none),(direct),運河星鑽特區 彙整 - 遠雄房地產,/life-proposal-tag/5、區域/1區域地段/縣市/台南市/中西區/運河星鑽特區/,1,1,1,1,0
google / organic,(organic),新北市 彙整 - 遠雄房地產,/life-proposal-tag/5、區域/1區域地段/縣市/新北市/,1,1,1,1,0
(direct) / (none),(direct),板橋區 彙整 - 遠雄房地產,/life-proposal-tag/5、區域/1區域地段/縣市/新北市/板橋區/,1,1,1,1,0
google / cpc,Pmax,板橋區 彙整 - 遠雄房地產,/life-proposal-tag/5、區域/1區域地段/縣市/新北市/板橋區/,1,1,1,1,3
tw.search.yahoo.com / referral,(referral),南雅地區 彙整 - 遠雄房地產,/life-proposal-tag/5、區域/1區域地段/縣市/新北市/板橋區/南雅地區/,1,1,1,1,6
(direct) / (none),(direct),新板特區 彙整 - 遠雄房地產,/life-proposal-tag/5、區域/1區域地段/縣市/新北市/板橋區/新板特區/,1,1,1,1,0
google / organic,(organic),江翠北側重劃區 彙整 - 遠雄房地產,/life-proposal-tag/5、區域/1區域地段/縣市/新北市/板橋區/江翠北側重劃區/,1,1,1,1,15
google / organic,(organic),桃園市 彙整 - 遠雄房地產,/life-proposal-tag/5、區域/1區域地段/縣市/桃園市/,1,1,1,1,0
(not set),20251209一輪播,龜山區 彙整 - 遠雄房地產,/life-proposal-tag/5、區域/1區域地段/縣市/桃園市/guishan/,1,1,1,1,0
google / organic,(organic),小檜溪 彙整 - 遠雄房地產,/life-proposal-tag/5、區域/1區域地段/縣市/桃園市/桃園區/小檜溪/,1,1,1,1,20
google / organic,(organic),高雄市 彙整 - 遠雄房地產,/life-proposal-tag/5、區域/1區域地段/縣市/高雄市/,1,1,1,1,0
google / cpc,O1_品牌字_2025.0801,高雄市 彙整 - 遠雄房地產,/life-proposal-tag/5、區域/1區域地段/縣市/高雄市/,1,1,1,1,19
fb / eh5,fb28-2,高雄市 彙整 - 遠雄房地產,/life-proposal-tag/5、區域/1區域地段/縣市/高雄市/,1,1,1,1,0
fgr-line / eh5,20251205,美術館特區 彙整 - 遠雄房地產,/life-proposal-tag/5、區域/1區域地段/縣市/高雄市/gushan/美術館特區/,1,1,1,1,4
google / cpc,O1_特色字_2025.0801,美術館特區 彙整 - 遠雄房地產,/life-proposal-tag/5、區域/1區域地段/縣市/高雄市/gushan/美術館特區/,1,1,1,1,2
fb / eh1,fb202512-2,美術館特區 彙整 - 遠雄房地產,/life-proposal-tag/5、區域/1區域地段/縣市/高雄市/gushan/美術館特區/,1,1,1,1,9
fb / eh5,fb28-2,美術館特區 彙整 - 遠雄房地產,/life-proposal-tag/5、區域/1區域地段/縣市/高雄市/gushan/美術館特區/,1,1,1,1,0
google / cpc,type,美術館特區 彙整 - 遠雄房地產,/life-proposal-tag/5、區域/1區域地段/縣市/高雄市/gushan/美術館特區/,1,1,1,1,3
(direct) / (none),(direct),農十六 彙整 - 遠雄房地產,/life-proposal-tag/5、區域/1區域地段/縣市/高雄市/gushan/農十六/,1,1,1,1,2
google / cpc,(organic),農十六 彙整 - 遠雄房地產,/life-proposal-tag/5、區域/1區域地段/縣市/高雄市/gushan/農十六/,1,1,1,1,46
google / cpc,area,農十六 彙整 - 遠雄房地產,/life-proposal-tag/5、區域/1區域地段/縣市/高雄市/gushan/農十六/,1,1,1,1,27
google / cpc,brand,農十六 彙整 - 遠雄房地產,/life-proposal-tag/5、區域/1區域地段/縣市/高雄市/gushan/農十六/,1,1,1,1,12
(direct) / (none),(direct),高雄市 彙整 - 頁2，共3 - 遠雄房地產,/life-proposal-tag/5、區域/1區域地段/縣市/高雄市/page/2/,1,1,1,1,3
google / cpc,O1_品牌字_2025.0801,高雄市 彙整 - 頁2，共3 - 遠雄房地產,/life-proposal-tag/5、區域/1區域地段/縣市/高雄市/page/2/,1,1,1,1,15
google / cpc,area,高雄市 彙整 - 頁2，共3 - 遠雄房地產,/life-proposal-tag/5、區域/1區域地段/縣市/高雄市/page/2/,1,1,1,1,81
google / cpc,area,高雄市 彙整 - 頁3，共3 - 遠雄房地產,/life-proposal-tag/5、區域/1區域地段/縣市/高雄市/page/3/,1,1,1,1,12
fb / eh5,fb12-3,中都重劃區 彙整 - 遠雄房地產,/life-proposal-tag/5、區域/1區域地段/縣市/高雄市/sanmin/中都重劃區/,1,1,1,1,5
fb / eh5,form,中都重劃區 彙整 - 遠雄房地產,/life-proposal-tag/5、區域/1區域地段/縣市/高雄市/sanmin/中都重劃區/,1,1,1,1,26
google / organic,(organic),科工館 彙整 - 遠雄房地產,/life-proposal-tag/5、區域/1區域地段/縣市/高雄市/sanmin/科工館/,1,1,1,1,4
google / organic,(organic),楠梓區 彙整 - 遠雄房地產,/life-proposal-tag/5、區域/1區域地段/縣市/高雄市/楠梓區/,1,1,1,1,2
google / cpc,(organic),高大特區 彙整 - 遠雄房地產,/life-proposal-tag/5、區域/1區域地段/縣市/高雄市/楠梓區/高大特區/,1,1,1,1,3
mkto-sn070013.com / referral,(referral),高大特區 彙整 - 遠雄房地產,/life-proposal-tag/5、區域/1區域地段/縣市/高雄市/楠梓區/高大特區/,1,1,1,1,6
fb / eh1,11-1,高大特區 彙整 - 遠雄房地產,/life-proposal-tag/5、區域/1區域地段/縣市/高雄市/楠梓區/高大特區/,1,1,1,1,13
fb / eh5,fb31-5,高大特區 彙整 - 遠雄房地產,/life-proposal-tag/5、區域/1區域地段/縣市/高雄市/楠梓區/高大特區/,1,1,1,1,36
google / cpc,20251204,重劃區 彙整 - 遠雄房地產,/life-proposal-tag/5、區域/1區域地段/重劃區/,1,1,1,1,14
fb / bh11,8-2,重劃區 彙整 - 遠雄房地產,/life-proposal-tag/5、區域/1區域地段/重劃區/,1,1,1,1,0
fgr-line / fgr,expert_hoshichang_south-potential,重劃區 彙整 - 遠雄房地產,/life-proposal-tag/5、區域/1區域地段/重劃區/,1,1,1,1,11
google / cpc,information4,重劃區 彙整 - 遠雄房地產,/life-proposal-tag/5、區域/1區域地段/重劃區/,1,1,1,1,15
(direct) / (none),(direct),重劃區 彙整 - 頁2，共5 - 遠雄房地產,/life-proposal-tag/5、區域/1區域地段/重劃區/page/2/,1,1,1,1,9
google / cpc,Otherarea0829,重劃區 彙整 - 頁2，共5 - 遠雄房地產,/life-proposal-tag/5、區域/1區域地段/重劃區/page/2/,1,1,1,1,10
(direct) / (none),(direct),重劃區 彙整 - 頁3，共5 - 遠雄房地產,/life-proposal-tag/5、區域/1區域地段/重劃區/page/3/,1,1,1,1,1
google / cpc,Otherarea0829,重劃區 彙整 - 頁3，共5 - 遠雄房地產,/life-proposal-tag/5、區域/1區域地段/重劃區/page/3/,1,1,1,1,12
(direct) / (none),(direct),重劃區 彙整 - 頁4，共5 - 遠雄房地產,/life-proposal-tag/5、區域/1區域地段/重劃區/page/4/,1,1,1,1,2
google / cpc,Otherarea0829,重劃區 彙整 - 頁4，共5 - 遠雄房地產,/life-proposal-tag/5、區域/1區域地段/重劃區/page/4/,1,1,1,1,14
(direct) / (none),(direct),重大建設 彙整 - 遠雄房地產,/life-proposal-tag/5、區域/1區域地段/重大建設/,1,1,1,1,21
(direct) / (none),(direct),室內設計 彙整 - 頁3，共3 - 遠雄房地產,/life-proposal-tag/6、產品/11設計風格類型/interior_design/page/3/,1,1,1,1,0
google / organic,(organic),私人管家 彙整 - 遠雄房地產,/life-proposal-tag/6、產品/12服務/b-物業管理/私人管家/,1,1,1,1,40
(direct) / (none),(direct),商廠辦 彙整 - 遠雄房地產,/life-proposal-tag/6、產品/1建築專有名詞/商廠辦-建築專有名詞/,1,1,1,1,0
fb / fm3,fb2-2,廠辦 彙整 - 遠雄房地產,/life-proposal-tag/6、產品/1建築專有名詞/商廠辦-建築專有名詞/廠辦/,1,1,1,1,4
google / organic,(organic),實品屋 彙整 - 遠雄房地產,/life-proposal-tag/6、產品/1建築專有名詞/屋型/實品屋/,1,1,1,1,1
(direct) / (none),(direct),預售屋 彙整 - 遠雄房地產,/life-proposal-tag/6、產品/1建築專有名詞/屋型/預售屋/,1,1,1,1,0
google / organic,(organic),預售屋 彙整 - 遠雄房地產,/life-proposal-tag/6、產品/1建築專有名詞/屋型/預售屋/,1,1,1,1,37
google / cpc,taichung,預售屋 彙整 - 遠雄房地產,/life-proposal-tag/6、產品/1建築專有名詞/屋型/預售屋/,1,1,2,2,65
google / organic,(organic),主建物面積 彙整 - 遠雄房地產,/life-proposal-tag/6、產品/2建築計算/主建物面積/,1,1,1,1,9
google / cpc,type,公設比 彙整 - 遠雄房地產,/life-proposal-tag/6、產品/2建築計算/公設比/,1,1,2,2,87
google / organic,(organic),樓高 彙整 - 遠雄房地產,/life-proposal-tag/6、產品/2建築計算/樓高/,1,1,2,2,3
google / organic,(organic),(4)產品規劃-建築 彙整 - 遠雄房地產,/life-proposal-tag/6、產品/4產品規劃-建築/,1,1,1,1,19
(direct) / (none),(direct),小宅 彙整 - 遠雄房地產,/life-proposal-tag/6、產品/4產品規劃-建築/a-建築規劃/small_prepoerty/,1,1,1,1,0
google / organic,(organic),全齡宅 彙整 - 遠雄房地產,/life-proposal-tag/6、產品/4產品規劃-建築/a-建築規劃/全齡宅/,1,1,1,1,28
(direct) / (none),(direct),銀髮住宅 彙整 - 遠雄房地產,/life-proposal-tag/6、產品/4產品規劃-建築/a-建築規劃/全齡宅/銀髮住宅/,1,1,1,1,0
(direct) / (none),(direct),養生村 彙整 - 遠雄房地產,/life-proposal-tag/6、產品/4產品規劃-建築/a-建築規劃/全齡宅/養生村/,1,1,1,1,0
yahoo / organic,(organic),制震建築 彙整 - 遠雄房地產,/life-proposal-tag/6、產品/4產品規劃-建築/a-建築規劃/制震建築/,1,1,1,1,10
(direct) / (none),(direct),綠建築 彙整 - 遠雄房地產,/life-proposal-tag/6、產品/4產品規劃-建築/a-建築規劃/綠建築/,1,1,1,1,0
(direct) / (none),(direct),降溫節能 彙整 - 遠雄房地產,/life-proposal-tag/6、產品/4產品規劃-建築/a-建築規劃/降溫節能/,1,1,1,1,7
(direct) / (none),(direct),Low-E 玻璃 彙整 - 遠雄房地產,/life-proposal-tag/6、產品/4產品規劃-建築/a-建築規劃/降溫節能/low-e-玻璃/,1,1,1,1,0
google / organic,(organic),全熱交換機 彙整 - 遠雄房地產,/life-proposal-tag/6、產品/4產品規劃-建築/a-建築規劃/降溫節能/全熱交換機/,1,1,1,1,9
(direct) / (none),(direct),隔熱塗料 彙整 - 遠雄房地產,/life-proposal-tag/6、產品/4產品規劃-建築/a-建築規劃/降溫節能/隔熱塗料/,1,1,1,1,0
(direct) / (none),(direct),建築地標 彙整 - 遠雄房地產,/life-proposal-tag/6、產品/4產品規劃-建築/b-建築設計/spot/,1,1,1,1,0
(direct) / (none),(direct),景觀設計 彙整 - 遠雄房地產,/life-proposal-tag/6、產品/5產品規劃-景觀/b-景觀風格/,1,1,1,1,0
google / organic,(organic),(8)建材規劃 彙整 - 遠雄房地產,/life-proposal-tag/6、產品/8建材規劃/,1,1,1,1,9
google / organic,(organic),建材 彙整 - 遠雄房地產,/life-proposal-tag/6、產品/8建材規劃/a-建材/,1,1,1,1,0
(direct) / (none),(direct),專用材料 彙整 - 遠雄房地產,/life-proposal-tag/6、產品/8建材規劃/專用材料/,1,1,1,1,0
(direct) / (none),(direct),結構工法 彙整 - 遠雄房地產,/life-proposal-tag/6、產品/9結構/a-結構工法/,1,1,1,1,1
google / organic,(organic),制震 彙整 - 遠雄房地產,/life-proposal-tag/6、產品/9結構/b-制震/,1,1,1,1,1
yahoo / organic,(organic),制震 彙整 - 遠雄房地產,/life-proposal-tag/6、產品/9結構/b-制震/,1,1,1,1,3
google / organic,(organic),建築工法 彙整 - 遠雄房地產,/life-proposal-tag/6、產品/9結構/建築工法/,1,1,1,1,2
google / organic,(organic),鋼筋工程 彙整 - 遠雄房地產,/life-proposal-tag/6、產品/9結構/鋼筋工程/,1,1,1,1,0
(direct) / (none),(direct),公園宅 彙整 - 遠雄房地產,/life-proposal-tag/7、特殊宅/公園宅/,1,1,1,1,7
(direct) / (none),(direct),遠雄綠禾 彙整 - 遠雄房地產,/life-proposal-tag/8、遠雄房地產建案/dh3/,1,1,1,1,0
google / organic,(organic),遠雄綠禾 彙整 - 遠雄房地產,/life-proposal-tag/8、遠雄房地產建案/dh3/,1,1,1,1,7
(direct) / (none),(direct),遠雄星呈 彙整 - 遠雄房地產,/life-proposal-tag/8、遠雄房地產建案/遠雄星呈/,1,1,1,1,7
(direct) / (none),(direct),科技業 彙整 - 遠雄房地產,/life-proposal-tag/commercial/科技業/,1,1,1,1,11
google / cpc,type,科技業 彙整 - 遠雄房地產,/life-proposal-tag/commercial/科技業/,1,1,1,1,13
google / organic,(organic),14、ESG 彙整 - 遠雄房地產,/life-proposal-tag/esg/,1,1,1,1,7
(direct) / (none),(direct),劉佩真 彙整 - 遠雄房地產,/life-proposal-tag/expert/劉佩真/,1,1,1,1,0
(direct) / (none),(direct),綠色生活 彙整 - 遠雄房地產,/life-proposal-tag/interior_design-2/green_life/,1,1,1,1,0
(direct) / (none),(direct),空間利用 彙整 - 遠雄房地產,/life-proposal-tag/interior_design-2/space/,1,1,1,1,7
(direct) / (none),(direct),窗簾種類 彙整 - 遠雄房地產,/life-proposal-tag/interior_design-2/窗簾種類/,1,1,1,1,0
google / organic,(organic),預告登記 彙整 - 遠雄房地產,/life-proposal-tag/law_property/borrow_name_2/,1,1,1,1,11
google / organic,(organic),抵押權 彙整 - 遠雄房地產,/life-proposal-tag/law_property/hypothec/,1,1,1,1,0
bing / organic,(organic),不動產詐騙 彙整 - 遠雄房地產,/life-proposal-tag/law_property/不動產詐騙/,1,1,1,1,0
google / organic,(organic),法定空地 彙整 - 遠雄房地產,/life-proposal-tag/law_property/法定空地/,1,1,1,1,0
fgr-line / fgr,cleaning_20221223,居家保養 彙整 - 遠雄房地產,/life-proposal-tag/living_quality/living/,1,1,2,2,23
google / organic,(organic),AI 產業 彙整 - 遠雄房地產,/life-proposal-tag/macroeconomics-2/ai-產業/,1,1,1,1,1
google_kw / 5vo1,202511,AI 產業 彙整 - 遠雄房地產,/life-proposal-tag/macroeconomics-2/ai-產業/,1,1,1,1,111
line-lap / 5vo1,20251123_1102,AI 產業 彙整 - 遠雄房地產,/life-proposal-tag/macroeconomics-2/ai-產業/,1,1,1,1,40
(not set),20251209一輪播,AI 產業 彙整 - 遠雄房地產,/life-proposal-tag/macroeconomics-2/ai-產業/,1,1,1,1,0
(direct) / (none),(direct),新興市場 彙整 - 遠雄房地產,/life-proposal-tag/macroeconomics-2/asia_pacific/,1,1,1,1,0
google / organic,(organic),新興市場 彙整 - 遠雄房地產,/life-proposal-tag/macroeconomics-2/asia_pacific/,1,1,1,1,0
(direct) / (none),(direct),CPI 年增率 彙整 - 遠雄房地產,/life-proposal-tag/macroeconomics-2/cpi/,1,1,1,1,0
(direct) / (none),(direct),總經趨勢 彙整 - 遠雄房地產,/life-proposal-tag/macroeconomics-2/macroeconomics/,1,1,1,1,0
google / organic,(organic),財經M平方 彙整 - 遠雄房地產,/life-proposal-tag/macroeconomics-2/macromicro/,1,1,1,1,22
google / organic,(organic),財經M平方 彙整 - 頁2，共3 - 遠雄房地產,/life-proposal-tag/macroeconomics-2/macromicro/page/2/,1,1,1,1,19
(direct) / (none),(direct),財經M平方 彙整 - 頁3，共3 - 遠雄房地產,/life-proposal-tag/macroeconomics-2/macromicro/page/3/,1,1,1,1,0
google / cpc,202511,製造業 彙整 - 遠雄房地產,/life-proposal-tag/macroeconomics-2/manufacturing/,1,1,1,1,1
google / cpc,Pmax,製造業 彙整 - 遠雄房地產,/life-proposal-tag/macroeconomics-2/manufacturing/,1,1,1,1,15
(direct) / (none),(direct),半導體 彙整 - 遠雄房地產,/life-proposal-tag/macroeconomics-2/semiconductor/,1,1,1,1,5
(not set),20251107一輪播,半導體 彙整 - 遠雄房地產,/life-proposal-tag/macroeconomics-2/semiconductor/,1,1,1,1,0
yahoo_native / 5vo1,20251124_1101,半導體 彙整 - 遠雄房地產,/life-proposal-tag/macroeconomics-2/semiconductor/,1,1,2,2,60
(direct) / (none),(direct),半導體 彙整 - 頁2，共3 - 遠雄房地產,/life-proposal-tag/macroeconomics-2/semiconductor/page/2/,1,1,1,1,1
(direct) / (none),(direct),科技禁令 彙整 - 遠雄房地產,/life-proposal-tag/macroeconomics-2/中國市場/科技禁令/,1,1,1,1,0
(direct) / (none),(direct),中國關稅 彙整 - 遠雄房地產,/life-proposal-tag/macroeconomics-2/川普行政命令/中國關稅/,1,1,1,1,0
(direct) / (none),(direct),生產力循環 彙整 - 遠雄房地產,/life-proposal-tag/macroeconomics-2/生產力循環/,1,1,1,1,0
(direct) / (none),(direct),毛利率 彙整 - 遠雄房地產,/life-proposal-tag/macroeconomics-2/財報/毛利率/,1,1,1,1,0
(direct) / (none),(direct),通縮螺旋 彙整 - 遠雄房地產,/life-proposal-tag/macroeconomics-2/通縮螺旋/,1,1,1,1,0
(direct) / (none),(direct),陸港股 彙整 - 遠雄房地產,/life-proposal-tag/macroeconomics-2/陸港股/,1,1,1,1,0
google / cpc,Pmax,ESG目標 彙整 - 遠雄房地產,/life-proposal-tag/office/esg目標/,1,1,1,1,0
(direct) / (none),(direct),空置率 彙整 - 遠雄房地產,/life-proposal-tag/office/空置率/,1,1,1,1,0
google / organic,(organic),綠色租賃 彙整 - 遠雄房地產,/life-proposal-tag/office/綠色租賃/,1,1,1,1,5
google / organic,(organic),辦公室租賃市場 彙整 - 遠雄房地產,/life-proposal-tag/office/辦公室租賃市場/,1,1,1,1,2
(direct) / (none),(direct),找不到頁面 - 遠雄房地產,/life-proposal-tag/policy/credit_control/,1,1,1,1,0
(direct) / (none),(direct),平均地權條例 彙整 - 遠雄房地產,/life-proposal-tag/policy/equalization/,1,1,1,1,0
tw.search.yahoo.com / referral,(referral),建築技術規則 彙整 - 遠雄房地產,/life-proposal-tag/policy/建築技術規則/,1,1,1,1,10
(not set),20251209一輪播,建築技術規則 彙整 - 遠雄房地產,/life-proposal-tag/policy/建築技術規則/,1,1,0,0,4
(direct) / (none),(direct),選擇性信用管制 彙整 - 遠雄房地產,/life-proposal-tag/policy/選擇性信用管制-policy/,1,1,1,1,0
google / organic,(organic),選擇性信用管制 彙整 - 遠雄房地產,/life-proposal-tag/policy/選擇性信用管制-policy/,1,1,1,1,0
google / organic,(organic),都市計畫 彙整 - 遠雄房地產,/life-proposal-tag/policy/都市計畫/,1,1,1,1,2
bing / organic,(organic),2026房市趨勢 彙整 - 遠雄房地產,/life-proposal-tag/real_estate-2/2026房市趨勢/,1,1,2,2,4
(direct) / (none),(direct),房市供給 彙整 - 遠雄房地產,/life-proposal-tag/real_estate-2/housing_supply/,1,1,1,1,0
(direct) / (none),(direct),土地交易 彙整 - 遠雄房地產,/life-proposal-tag/real_estate-2/land_buy/,1,1,1,1,20
google / organic,(organic),土地交易 彙整 - 遠雄房地產,/life-proposal-tag/real_estate-2/land_buy/,1,1,1,1,0
google / organic,(organic),美國 彙整 - 遠雄房地產,/life-proposal-tag/real_estate-2/usa/,1,1,1,1,15
(direct) / (none),(direct),住宅需求 彙整 - 遠雄房地產,/life-proposal-tag/real_estate-2/住宅需求/,1,1,1,1,4
(direct) / (none),(direct),產業生態系 彙整 - 遠雄房地產,/life-proposal-tag/real_estate-2/區域發展計畫/產業生態系/,1,1,1,1,0
(direct) / (none),(direct),房價指數 彙整 - 遠雄房地產,/life-proposal-tag/real_estate-2/房價指數/,1,1,1,1,0
google / organic,(organic),傢配圖 彙整 - 遠雄房地產,/life-proposal-tag/一/drawing/,1,1,1,1,4
google / organic,(organic),陽台 彙整 - 遠雄房地產,/life-proposal-tag/三、買房後-空間規劃/balcony/,1,1,1,1,0
google / organic,(organic),浴室 彙整 - 遠雄房地產,/life-proposal-tag/三、買房後-空間規劃/bathroom/,1,1,4,4,20
(direct) / (none),(direct),房貸 彙整 - 遠雄房地產,/life-proposal-tag/二/房貸/,1,1,1,1,0
(direct) / (none),(direct),貸款成數 彙整 - 遠雄房地產,/life-proposal-tag/二/貸款成數/,1,1,1,1,0
(direct) / (none),(direct),住宅火險 彙整 - 遠雄房地產,/life-proposal-tag/住宅火險/,1,1,1,1,0
(direct) / (none),(direct),找不到頁面 - 遠雄房地產,/life-proposal-tag/南科/,1,1,1,1,0
(direct) / (none),(direct),生活提案 彙整 - 遠雄房地產,/life-proposal/,1,1,3,3,8
(not set),20251209一輪播,新手買房注意事項：建商評價排名查詢、售後服務與房屋結構體/防水保固教學,/life-proposal/13856/,1,1,0,0,0
(direct) / (none),(direct),2021十大建商出爐！購屋前必知的建商評價 - 遠雄房地產,/life-proposal/2021-10/,1,1,1,1,20
claude.ai / referral,(referral),2021十大建商出爐！購屋前必知的建商評價 - 遠雄房地產,/life-proposal/2021-10/,1,1,1,1,16
tw.search.yahoo.com / referral,(referral),2021十大建商出爐！購屋前必知的建商評價 - 遠雄房地產,/life-proposal/2021-10/,1,1,1,1,44
tw.search.yahoo.com / referral,(referral),買房停看聽：二工住宅要注意 - 遠雄房地產,/life-proposal/2phase_construction_20221118/,1,1,1,1,24
(direct) / (none),(direct),高雄「亞灣5G AIoT創新園區」，驅動亞灣區躍昇發展 - 遠雄房地產,/life-proposal/5g-aiot/,1,1,1,1,1
perplexity / (not set),(not set),建案熱區巡禮：北士科爆840億商辦案量，搶攻輝達、金仁寶供應鏈需求 - 遠雄房地產,/life-proposal/5vo1-1/,1,1,1,1,5
yahoo / organic,(organic),建案熱區巡禮：北士科爆840億商辦案量，搶攻輝達、金仁寶供應鏈需求 - 遠雄房地產,/life-proposal/5vo1-1/,1,1,1,1,20
fb / 5vo1,2025090503,建案熱區巡禮：北士科爆840億商辦案量，搶攻輝達、金仁寶供應鏈需求 - 遠雄房地產,/life-proposal/5vo1-1/,1,1,2,2,38
google_kw / 5vo1,202511,建案熱區巡禮：北士科爆840億商辦案量，搶攻輝達、金仁寶供應鏈需求 - 遠雄房地產,/life-proposal/5vo1-1/,1,1,1,1,300
bing / organic,(organic),實價登錄真相大破解，一次看懂實價登錄不受騙 - 遠雄房地產,/life-proposal/actual_selling_price20220708/,1,1,1,1,91
(direct) / (none),(direct),安藤忠雄：建築是凝固的旅行。在《挑戰—安藤忠雄展》的漫遊與停歇 - 遠雄房地產,/life-proposal/adaoando-20200610/,1,1,1,1,11
excel.officeapps.live.com / referral,(referral),冷氣清潔與保養全攻略：DIY七步驟維持涼爽 - 遠雄房地產,/life-proposal/air_condition20220617/,1,1,2,2,4
(direct) / (none),(direct),首購新手買房重點：棟距與社區規劃好不好，住起來差很大 - 遠雄房地產,/life-proposal/architectural_planning/,1,1,1,1,16
bing / organic,(organic),建案熱區巡禮：台南永康大灣重劃區 - 綠地休憩篇 - 遠雄房地產,/life-proposal/area-hotspot-tnn-dawan_park_20240229/,1,1,1,1,6
(not set),20251209一輪播,建案熱區巡禮：台南永康大灣重劃區 - 綠地休憩篇 - 遠雄房地產,/life-proposal/area-hotspot-tnn-dawan_park_20240229/,1,1,3,3,120
(direct) / (none),(direct),建案熱區巡禮：台南永康區 - 綠地篇 - 遠雄房地產,/life-proposal/area-hotspot-tnn-yongkang_park_20231207/,1,1,1,1,11
bing / organic,(organic),楠梓高大特區寵物友善地點推薦：必訪5家餐廳＋3大寵物同樂好去處 - 遠雄房地產,/life-proposal/area-kaohsiung-nanzi_nuk_pet-cafe_20250613/,1,1,1,1,111
yahoo / organic,(organic),楠梓高大特區寵物友善地點推薦：必訪5家餐廳＋3大寵物同樂好去處 - 遠雄房地產,/life-proposal/area-kaohsiung-nanzi_nuk_pet-cafe_20250613/,1,1,1,1,42
(not set),20251209一輪播,楠梓高大特區寵物友善地點推薦：必訪5家餐廳＋3大寵物同樂好去處 - 遠雄房地產,/life-proposal/area-kaohsiung-nanzi_nuk_pet-cafe_20250613/,1,1,0,0,29
(direct) / (none),(direct),高雄楠梓區高大特區寵物友善景點散步趣：與毛孩共享綠意生活 - 遠雄房地產,/life-proposal/area-kaohsiung-nanzi_nuk_pet-walk_20250606/,1,1,1,1,30
(not set),20251209一輪播,高雄楠梓區高大特區寵物友善景點散步趣：與毛孩共享綠意生活 - 遠雄房地產,/life-proposal/area-kaohsiung-nanzi_nuk_pet-walk_20250606/,1,1,0,0,0
fb / eh5,27-1,高雄楠梓區高大特區寵物友善景點散步趣：與毛孩共享綠意生活 - 遠雄房地產,/life-proposal/area-kaohsiung-nanzi_nuk_pet-walk_20250606/,1,1,1,1,0
socialmedia / fgr,area-kaohsiung-nanzi_nuk_pet-walk_20250606,高雄楠梓區高大特區寵物友善景點散步趣：與毛孩共享綠意生活 - 遠雄房地產,/life-proposal/area-kaohsiung-nanzi_nuk_pet-walk_20250606/,1,1,1,1,0
fgr-line / fgr,expert_hoshichang_south-potential,建案熱區巡禮：高雄楠梓區高大特區 - 學區篇 - 遠雄房地產,/life-proposal/area-kaohsiung-nanzi_nuk_school_20250225/,1,1,1,1,0
tw.search.yahoo.com / referral,(referral),建案熱區巡禮：高雄楠梓區高大特區 - 交通篇 - 遠雄房地產,/life-proposal/area-kaohsiung-nanzi_nuk_traffic_20250307/,1,1,1,1,110
(not set),20251209一輪播,建案熱區巡禮：高雄楠梓區高大特區 - 交通篇 - 遠雄房地產,/life-proposal/area-kaohsiung-nanzi_nuk_traffic_20250307/,1,1,0,0,0
(direct) / (none),(direct),建案熱區巡禮：高雄三民區中都重劃區生活圈 - 遠雄房地產,/life-proposal/area-khh-central_202306719/,1,1,1,1,10
bing / organic,(organic),建案熱區巡禮：高雄三民區中都重劃區生活圈 - 遠雄房地產,/life-proposal/area-khh-central_202306719/,1,1,1,1,0
google / cpc,(organic),建案熱區巡禮：高雄三民區中都重劃區生活圈 - 遠雄房地產,/life-proposal/area-khh-central_202306719/,1,1,1,1,17
(not set),20251209一輪播,建案熱區巡禮：高雄三民區中都重劃區生活圈 - 遠雄房地產,/life-proposal/area-khh-central_202306719/,1,1,2,2,47
google / cpc,area,建案熱區巡禮：高雄三民區中都重劃區生活圈 - 遠雄房地產,/life-proposal/area-khh-central_202306719/,1,1,1,1,190
tw.search.yahoo.com / referral,(referral),建案熱區巡禮：高雄三民區高雄車站特區生活圈 - 遠雄房地產,/life-proposal/area-khh-station_20230914/,1,1,1,1,52
web-ltn / h902,20231027,建案熱區巡禮：高雄三民區高雄車站特區生活圈 - 遠雄房地產,/life-proposal/area-khh-station_20230914/,1,1,1,1,102
(not set),20251230一輪播,建案熱區巡禮：高雄三民區高雄車站特區生活圈 - 遠雄房地產,/life-proposal/area-khh-station_20230914/,1,1,0,0,0
(not set),20251209一輪播,建案熱區巡禮：新竹市東區 - 以科技驅動的繁榮未來 - 遠雄房地產,/life-proposal/area-l-hsinchu-east20240110/,1,1,0,0,0
(direct) / (none),(direct),建案熱區巡禮：高雄前鎮區產業升級新篇章 - 遠雄房地產,/life-proposal/area-l-kaohsiung-qianzhen_20220805/,1,1,3,3,433
notebooklm.google.com / referral,(referral),建案熱區巡禮：高雄三民區老市心新重劃，首購換屋都適宜 - 遠雄房地產,/life-proposal/area-l-kaohsiung-sanmin20220520/,1,1,1,1,55
(direct) / (none),(direct),找不到頁面 - 遠雄房地產,/life-proposal/area-l-kaohsiung-sanmin20220520/，,1,1,1,1,0
google_kw / 5vo1,202511,建案熱區巡禮：中和翻轉！北台灣電子製造業最大產業聚落  - 遠雄房地產,/life-proposal/area-l-newtaipei-zhonghe_20220923/,1,1,1,1,257
tw.search.yahoo.com / referral,(referral),建案熱區巡禮：板橋為交通便捷、生活機能佳的新北都心 - 遠雄房地產,/life-proposal/area-l-ntpc_banqiao_20240717/,1,1,1,1,9
bing / organic,(organic),建案熱區巡禮：北屯區台中首購最愛，喧鬧中的一隅悠閒 - 遠雄房地產,/life-proposal/area-l-taichung-beitun20220520/,1,1,2,2,30
m.baidu.com / referral,(referral),建案熱區巡禮：北屯區台中首購最愛，喧鬧中的一隅悠閒 - 遠雄房地產,/life-proposal/area-l-taichung-beitun20220520/,1,1,1,1,8
tw.search.yahoo.com / referral,(referral),建案熱區巡禮：北屯區台中首購最愛，喧鬧中的一隅悠閒 - 遠雄房地產,/life-proposal/area-l-taichung-beitun20220520/,1,1,1,1,16
(direct) / (none),(direct),建案熱區巡禮：台中清水梧棲區挾海空雙港優勢，翻身成房市黑馬 - 遠雄房地產,/life-proposal/area-l-taichung-wuqi_20220826/,1,1,1,1,7
(not set),20251209一輪播,建案熱區巡禮：台中清水梧棲區挾海空雙港優勢，翻身成房市黑馬 - 遠雄房地產,/life-proposal/area-l-taichung-wuqi_20220826/,1,1,0,0,0
yahoo.com / referral,(referral),建案熱區巡禮：台中西屯區，美食、藝文、交通樣樣好 - 遠雄房地產,/life-proposal/area-l-taichung-xitun20220520/,1,1,2,2,167
chatgpt.com / (not set),(not set),建案熱區巡禮：前進台南商業副都心-安南區一探究竟 - 遠雄房地產,/life-proposal/area-l-tainan-annan20200520/,1,1,1,1,97
bing / organic,(organic),建案熱區巡禮：前進台南商業副都心-安南區一探究竟 - 遠雄房地產,/life-proposal/area-l-tainan-annan20200520/,1,1,1,1,9
(direct) / (none),(direct),建案熱區巡禮：台南中西區 – 文化交融與現代發展並進 - 遠雄房地產,/life-proposal/area-l-tainan-west-central_20250402/,1,1,1,1,4
(not set),20251209一輪播,建案熱區巡禮：台南中西區 – 文化交融與現代發展並進 - 遠雄房地產,/life-proposal/area-l-tainan-west-central_20250402/,1,1,0,0,0
(direct) / (none),(direct),建案熱區巡禮：台北士林不僅觀光，居住生活品質也很優 - 遠雄房地產,/life-proposal/area-l-taipei-shilin20220520/,1,1,1,1,5
excel.officeapps.live.com / referral,(referral),建案熱區巡禮：桃園龜山重大建設帶動發展利多 - 遠雄房地產,/life-proposal/area-l-taoyuan-guishan/,1,1,1,1,12
news.google.com / referral,(referral),建案熱區巡禮：桃園龜山重大建設帶動發展利多 - 遠雄房地產,/life-proposal/area-l-taoyuan-guishan/,1,1,1,1,0
(not set),20250905五輪播,建案熱區巡禮：桃園龜山重大建設帶動發展利多 - 遠雄房地產,/life-proposal/area-l-taoyuan-guishan/,1,1,1,1,48
google / cpc,遠雄幸福成_H713_關鍵字_0516_外縣市,建案熱區巡禮：移居桃園市桃園區，比想像中更舒適 - 遠雄房地產,/life-proposal/area-l-taoyuan-taoyuan20220520/,1,1,2,2,51
(direct) / (none),(direct),建案熱區巡禮：中壢人都說自己不算桃園人？自成一格的幸福日常 - 遠雄房地產,/life-proposal/area-l-taoyuan-zhongli20220520/,1,1,1,1,144
(not set),20251209一輪播,建案熱區巡禮：中壢人都說自己不算桃園人？自成一格的幸福日常 - 遠雄房地產,/life-proposal/area-l-taoyuan-zhongli20220520/,1,1,0,0,0
(direct) / (none),(direct),建案熱區巡禮：高雄農十六（凹子底地區）指標豪宅生活區 - 遠雄房地產,/life-proposal/area-s-kaohsiung-farm1620200520/,1,1,1,1,2
Twistly - ChatGPT for PowerPoint / referral,(not set),建案熱區巡禮：高雄農十六（凹子底地區）指標豪宅生活區 - 遠雄房地產,/life-proposal/area-s-kaohsiung-farm1620200520/,1,1,1,1,0
perplexity / (not set),(not set),建案熱區巡禮：高雄農十六（凹子底地區）指標豪宅生活區 - 遠雄房地產,/life-proposal/area-s-kaohsiung-farm1620200520/,1,1,1,1,0
tw.search.yahoo.com / referral,(referral),建案熱區巡禮：高雄農十六（凹子底地區）指標豪宅生活區 - 遠雄房地產,/life-proposal/area-s-kaohsiung-farm1620200520/,1,1,2,2,0
(direct) / (none),(direct),建案熱區巡禮：亞洲新灣區躋身高雄投資開發新亮點 - 遠雄房地產,/life-proposal/area-s-kaohsiung-newbay_20220824/,1,1,1,1,8
bing / organic,(organic),建案熱區巡禮：亞洲新灣區躋身高雄投資開發新亮點 - 遠雄房地產,/life-proposal/area-s-kaohsiung-newbay_20220824/,1,1,1,1,192
google / cpc,O1_品牌字_2025.0801,建案熱區巡禮：亞洲新灣區躋身高雄投資開發新亮點 - 遠雄房地產,/life-proposal/area-s-kaohsiung-newbay_20220824/,1,1,1,1,86
excel.officeapps.live.com / referral,(referral),建案熱區巡禮：科工館商圈環繞，北高雄發展潛力股 - 遠雄房地產,/life-proposal/area-s-kaohsiung-nstm20220520/,1,1,14,14,122
(not set),20251209一輪播,建案熱區巡禮：科工館商圈環繞，北高雄發展潛力股 - 遠雄房地產,/life-proposal/area-s-kaohsiung-nstm20220520/,1,1,1,1,107
(not set),系統測試,建案熱區巡禮：科工館商圈環繞，北高雄發展潛力股 - 遠雄房地產,/life-proposal/area-s-kaohsiung-nstm20220520/,1,1,1,1,19
(direct) / (none),(direct),建案熱區巡禮：第二個美術館特區-高雄三民中都重劃區 - 遠雄房地產,/life-proposal/area-s-khh-central_20240502/,1,1,1,1,8
bing / organic,(organic),建案熱區巡禮：第二個美術館特區-高雄三民中都重劃區 - 遠雄房地產,/life-proposal/area-s-khh-central_20240502/,1,1,1,1,13
tw.search.yahoo.com / referral,(referral),建案熱區巡禮：第二個美術館特區-高雄三民中都重劃區 - 遠雄房地產,/life-proposal/area-s-khh-central_20240502/,1,1,1,1,3
google / cpc,area,建案熱區巡禮：第二個美術館特區-高雄三民中都重劃區 - 遠雄房地產,/life-proposal/area-s-khh-central_20240502/,1,1,1,1,3
bing / organic,(organic),建案熱區巡禮：新北國都之門「新莊副都心」，產業聚落移居城市 - 遠雄房地產,/life-proposal/area-s-newtaipei-xinzhuangfuduxin_20220930/,1,1,2,2,432
(not set),20251209一輪播,建案熱區巡禮：新北國都之門「新莊副都心」，產業聚落移居城市 - 遠雄房地產,/life-proposal/area-s-newtaipei-xinzhuangfuduxin_20220930/,1,1,0,0,158
l.instagram.com / referral,(referral),建案熱區巡禮：北屯11期，台中未來新都心 - 遠雄房地產,/life-proposal/area-s-taichung-11_20220916/,1,1,1,1,0
m.facebook.com / referral,(referral),建案熱區巡禮：北屯11期，台中未來新都心 - 遠雄房地產,/life-proposal/area-s-taichung-11_20220916/,1,1,1,1,0
(not set),20251209一輪播,建案熱區巡禮：蓄勢待發的台中14期美和庄市地重劃區 - 遠雄房地產,/life-proposal/area-s-taichung-14th20220520/,1,1,1,1,24
(direct) / (none),(direct),建案熱區巡禮：住台中七期，邁向身心都富足生活 - 遠雄房地產,/life-proposal/area-s-taichung-7th20220520/,1,1,1,1,55
google / cpc,(organic),建案熱區巡禮：住台中七期，邁向身心都富足生活 - 遠雄房地產,/life-proposal/area-s-taichung-7th20220520/,1,1,1,1,4
google / organic,(organic),建案熱區巡禮：台中水湳經貿區，新世代亮點發展區(隱藏) - 遠雄房地產,/life-proposal/area-s-taichung-shuinan20220520/,1,1,1,1,5
google / organic,(organic),找不到頁面 - 遠雄房地產,/life-proposal/area-s-taichung-shuinan20220520/,1,1,2,2,1
bing / organic,(organic),建案熱區巡禮：住在永康大灣好便利！唯一純住重劃區！ - 遠雄房地產,/life-proposal/area-s-tainan-dawan20220520/,1,1,1,1,95
(direct) / (none),(direct),建案熱區巡禮：台南市心花園 - 安南溪東重劃區 - 遠雄房地產,/life-proposal/area-s-tainan-haidian20200520/,1,1,1,1,0
lm.facebook.com / referral,(referral),建案熱區巡禮：台南市心花園 - 安南溪東重劃區 - 遠雄房地產,/life-proposal/area-s-tainan-haidian20200520/,1,1,1,1,0
line-lap / dh2,15,建案熱區巡禮：台南市心花園 - 安南溪東重劃區 - 遠雄房地產,/life-proposal/area-s-tainan-haidian20200520/,1,1,1,1,307
(not set),20251209一輪播,建案熱區巡禮：台南市心花園 - 安南溪東重劃區 - 遠雄房地產,/life-proposal/area-s-tainan-haidian20200520/,1,1,1,1,19
(direct) / (none),(direct),建案熱區巡禮：台南鹽行重劃區擁地段優勢，成最佳潛力股 - 遠雄房地產,/life-proposal/area-s-tainan-yanxing20200520/,1,1,1,1,0
tw.search.yahoo.com / referral,(referral),建案熱區巡禮：台南鹽行重劃區擁地段優勢，成最佳潛力股 - 遠雄房地產,/life-proposal/area-s-tainan-yanxing20200520/,1,1,1,1,27
bing / organic,(organic),建案熱區巡禮：台南中西區運河星鑽特區，重塑台南的歷史與現代風貌 - 遠雄房地產,/life-proposal/area-s-tainan_west-central_diamond_20250425/,1,1,1,1,228
tw.search.yahoo.com / referral,(referral),建案熱區巡禮：台南中西區運河星鑽特區，重塑台南的歷史與現代風貌 - 遠雄房地產,/life-proposal/area-s-tainan_west-central_diamond_20250425/,1,1,1,1,30
(not set),20251107一輪播,建案熱區巡禮：台南中西區運河星鑽特區，重塑台南的歷史與現代風貌 - 遠雄房地產,/life-proposal/area-s-tainan_west-central_diamond_20250425/,1,1,1,1,43
webnew / h713,202512,建案熱區巡禮：台南中西區運河星鑽特區，重塑台南的歷史與現代風貌 - 遠雄房地產,/life-proposal/area-s-tainan_west-central_diamond_20250425/,1,1,2,2,7
bing / organic,(organic),建案熱區巡禮：台南中西區運河星鑽特區生活圈 - 百年港町再出發的現代風華 - 遠雄房地產,/life-proposal/area-s-tainan_west-central_redevelop_diamond_20250502/,1,1,1,1,1
google_kw / dh2,(organic),建案熱區巡禮：台南中西區運河星鑽特區生活圈 - 百年港町再出發的現代風華 - 遠雄房地產,/life-proposal/area-s-tainan_west-central_redevelop_diamond_20250502/,1,1,1,1,18
tw.search.yahoo.com / referral,(referral),建案熱區巡禮：台南中西區運河星鑽特區生活圈 - 百年港町再出發的現代風華 - 遠雄房地產,/life-proposal/area-s-tainan_west-central_redevelop_diamond_20250502/,1,1,1,1,168
webnew / h713,202512,建案熱區巡禮：台南中西區運河星鑽特區生活圈 - 百年港町再出發的現代風華 - 遠雄房地產,/life-proposal/area-s-tainan_west-central_redevelop_diamond_20250502/,1,1,1,1,9
chatgpt.com / referral,(referral),建案熱區巡禮：北士科的園區規畫與在地生活圈！科技廊道最後一塊拼圖將完整 - 遠雄房地產,/life-proposal/area-s-taipei-shilinbstp20220520/,1,1,1,1,22
tw.search.yahoo.com / referral,(referral),建案熱區巡禮：桃園小檜溪(青溪特區)舊商圈+眾多綠地的宜人生活 - 遠雄房地產,/life-proposal/area-s-taoyuan-green20220520/,1,1,1,1,125
(not set),20251209一輪播,建案熱區巡禮：桃園小檜溪(青溪特區)舊商圈+眾多綠地的宜人生活 - 遠雄房地產,/life-proposal/area-s-taoyuan-green20220520/,1,1,0,0,0
chatgpt.com / (not set),(not set),建案熱區巡禮：新北板橋府中與南雅地區 - 遠雄房地產,/life-proposal/area-s-tph_banqiao_nanya_20240820/,1,1,1,1,46
facebook.com / referral,(referral),建案熱區巡禮：新北板橋府中與南雅地區 - 遠雄房地產,/life-proposal/area-s-tph_banqiao_nanya_20240820/,1,1,1,1,3
(not set),20251230一輪播,建案熱區巡禮：新北板橋府中與南雅地區 - 遠雄房地產,/life-proposal/area-s-tph_banqiao_nanya_20240820/,1,1,0,0,0
google / cpc,CQH1-買房字,建案熱區巡禮：新北板橋府中與南雅地區 - 遠雄房地產,/life-proposal/area-s-tph_banqiao_nanya_20240820/,1,1,1,1,4
yahoo / organic,(organic),建案熱區巡禮：新北板橋區Tpark科技特區 (遠東通訊園區)生活圈 - 遠雄房地產,/life-proposal/area-s-tph_banqiao_tpark_function_20250314/,1,1,4,4,67
news.google.com / referral,(referral),建案熱區巡禮：新北板橋區Tpark科技特區 (遠東通訊園區)生活圈 - 遠雄房地產,/life-proposal/area-s-tph_banqiao_tpark_function_20250314/,1,1,1,1,503
webnews / ar1,20250627,建案熱區巡禮：新北板橋區Tpark科技特區 (遠東通訊園區)生活圈 - 遠雄房地產,/life-proposal/area-s-tph_banqiao_tpark_function_20250314/,1,1,1,1,78
(not set),20251230一輪播,建案熱區巡禮：新北板橋區Tpark科技特區 (遠東通訊園區)生活圈 - 遠雄房地產,/life-proposal/area-s-tph_banqiao_tpark_function_20250314/,1,1,0,0,5
(direct) / (none),(direct),建案熱區巡禮：新北板橋區Tpark科技特區 (遠東通訊園區) - 綠地休憩篇 - 遠雄房地產,/life-proposal/area-s-tph_banqiao_tpark_park_20250411/,1,1,1,1,0
fb / fh2,fb12-1,建案熱區巡禮：新北板橋區Tpark科技特區 (遠東通訊園區) - 綠地休憩篇 - 遠雄房地產,/life-proposal/area-s-tph_banqiao_tpark_park_20250411/,1,1,1,1,94
bing / organic,(organic),建案熱區巡禮：新北板橋區Tpark科技特區 (遠東通訊園區) - 學區篇 - 遠雄房地產,/life-proposal/area-s-tph_banqiao_tpark_school_20250421/,1,1,1,1,46
google_kw / 5vo1,202511,建案熱區巡禮：新北板橋區Tpark科技特區 (遠東通訊園區) - 學區篇 - 遠雄房地產,/life-proposal/area-s-tph_banqiao_tpark_school_20250421/,1,1,1,1,9
fb / fh2,fb12-1,建案熱區巡禮：新北板橋區Tpark科技特區 (遠東通訊園區) - 學區篇 - 遠雄房地產,/life-proposal/area-s-tph_banqiao_tpark_school_20250421/,1,1,1,1,152
chatgpt.com / (not set),(not set),建案熱區巡禮：新北板橋區Tpark科技特區 (遠東通訊園區) - 交通篇 - 遠雄房地產,/life-proposal/area-s-tph_banqiao_tpark_traffic_20250321/,1,1,1,1,16
(not set),20251230一輪播,建案熱區巡禮：新北板橋區Tpark科技特區 (遠東通訊園區) - 交通篇 - 遠雄房地產,/life-proposal/area-s-tph_banqiao_tpark_traffic_20250321/,1,1,0,0,0
(direct) / (none),(direct),建案熱區巡禮：台南中西區運河星鑽特區 - 綠地休憩篇 - 遠雄房地產,/life-proposal/area-tainan_west-central_redevelop_diamond_park_20250509/,1,1,1,1,6
bing / organic,(organic),建案熱區巡禮：台南中西區運河星鑽特區 - 綠地休憩篇 - 遠雄房地產,/life-proposal/area-tainan_west-central_redevelop_diamond_park_20250509/,1,1,1,1,34
(not set),20251209一輪播,建案熱區巡禮：台南中西區運河星鑽特區 - 綠地休憩篇 - 遠雄房地產,/life-proposal/area-tainan_west-central_redevelop_diamond_park_20250509/,1,1,3,3,95
yahoo / organic,(organic),建案熱區巡禮：台南中西區運河星鑽特區 - 學區篇 - 遠雄房地產,/life-proposal/area-tainan_west-central_redevelop_diamond_school_20250516/,1,1,1,1,6
(direct) / (none),(direct),建案熱區巡禮：蛻變中的台南中西區運河星鑽特區 - 交通篇 - 遠雄房地產,/life-proposal/area-tainan_west-central_redevelop_diamond_traffic_20250523/,1,1,1,1,9
yahoo / organic,(organic),建案熱區巡禮：蛻變中的台南中西區運河星鑽特區 - 交通篇 - 遠雄房地產,/life-proposal/area-tainan_west-central_redevelop_diamond_traffic_20250523/,1,1,1,1,79
tw.search.yahoo.com / referral,(referral),建案熱區巡禮：蛻變中的台南中西區運河星鑽特區 - 交通篇 - 遠雄房地產,/life-proposal/area-tainan_west-central_redevelop_diamond_traffic_20250523/,1,1,2,2,487
(not set),20251209一輪播,建案熱區巡禮：蛻變中的台南中西區運河星鑽特區 - 交通篇 - 遠雄房地產,/life-proposal/area-tainan_west-central_redevelop_diamond_traffic_20250523/,1,1,0,0,40
(direct) / (none),(direct),建案熱區巡禮：台南永康區大灣重劃區生活圈 - 遠雄房地產,/life-proposal/area-tnn-dawan_function_20231129/,1,1,1,1,0
tw.search.yahoo.com / referral,(referral),建案熱區巡禮：台南永康區大灣重劃區生活圈 - 遠雄房地產,/life-proposal/area-tnn-dawan_function_20231129/,1,1,1,1,9
(direct) / (none),(direct),建案熱區巡禮：北投士林科技園區生活圈 - 遠雄房地產,/life-proposal/area-tpe-beitou_bstp_function_202406012/,1,1,1,1,9
google / organic,(organic),(1) 封未讀訊息 | 建案熱區巡禮：北投士林科技園區 - 綠地休憩篇 - 遠雄房地產,/life-proposal/area-tpe-beitou_bstp_park_20240617/,1,1,0,0,162
tw.search.yahoo.com / referral,(referral),建案熱區巡禮：北投士林科技園區 - 綠地休憩篇 - 遠雄房地產,/life-proposal/area-tpe-beitou_bstp_park_20240617/,1,1,1,1,6
fgr-line / fg,house-layout/,建案熱區巡禮：北投士林科技園區 - 綠地休憩篇 - 遠雄房地產,/life-proposal/area-tpe-beitou_bstp_park_20240617/,1,1,1,1,11
chatgpt.com / (not set),(not set),建案熱區巡禮：北投士林科技園區 - 學區篇 - 遠雄房地產,/life-proposal/area-tpe-beitou_bstp_school_20240713/,1,1,1,1,42
notebooklm.google.com / referral,(referral),建案熱區巡禮：北投士林科技園區 - 交通篇 - 遠雄房地產,/life-proposal/area-tpe-beitou_bstp_traffic_20240705/,1,1,1,1,6
tw.search.yahoo.com / referral,(referral),建案熱區巡禮：北投士林科技園區 - 交通篇 - 遠雄房地產,/life-proposal/area-tpe-beitou_bstp_traffic_20240705/,1,1,1,1,101
perplexity / (not set),(not set),建案熱區巡禮：台中西屯區七期重劃區生活圈 - 遠雄房地產,/life-proposal/area-txg-7th_function_20231107/,1,1,2,2,29
google / organic,(organic),建案熱區巡禮：台中西屯區七期重劃區 - 綠地休憩篇 - 遠雄房地產,/life-proposal/area-txg-7th_park_20241223/,1,1,1,1,11
m.facebook.com / referral,(referral),建案熱區巡禮：台中西屯區七期重劃區 - 學區篇 - 遠雄房地產,/life-proposal/area-txg-7th_school_20241226/,1,1,1,1,0
chatgpt.com / referral,(referral),建案熱區巡禮：台中西屯區七期重劃區 - 交通篇 - 遠雄房地產,/life-proposal/area-txg-7th_traffic_20250103/,1,1,2,2,132
(not set),20251230一輪播,建案熱區巡禮：台中港市鎮重劃區生活圈，梧棲、清水躍升熱區 - 遠雄房地產,/life-proposal/area-txg-port_function_20240103/,1,1,1,1,38
(direct) / (none),(direct),建案熱區巡禮：台中港市鎮重劃區 - 清水梧棲綠地休憩篇 - 遠雄房地產,/life-proposal/area-txg-port_park_20240111/,1,1,1,1,5
tw.search.yahoo.com / referral,(referral),建案熱區巡禮：台中港市鎮重劃區 - 清水梧棲學區篇 - 遠雄房地產,/life-proposal/area-txg-port_school_20240105/,1,1,1,1,16
(direct) / (none),(direct),建案熱區巡禮：台中港市鎮重劃區 - 海線城市清水梧棲交通篇 - 遠雄房地產,/life-proposal/area-txg-port_traffic_20240120/,1,1,1,1,0
google / cpc,(organic),建案熱區巡禮：台中西屯區水湳經貿園區生活圈 - 遠雄房地產,/life-proposal/area-txg-shuinan_20231027/,1,1,1,1,204
tw.search.yahoo.com / referral,(referral),建案熱區巡禮：台中西屯區水湳經貿園區生活圈 - 遠雄房地產,/life-proposal/area-txg-shuinan_20231027/,1,1,1,1,163
(not set),20251209一輪播,建案熱區巡禮：台中西屯水湳經貿園區 - 綠地休憩篇 - 遠雄房地產,/life-proposal/area-txg-shuinan_park_20240419/,1,1,0,0,0
(direct) / (none),(direct),建案熱區巡禮：台中西屯水湳經貿園區 - 學區篇 - 遠雄房地產,/life-proposal/area-txg-shuinan_school_20240501/,1,1,1,1,0
copilot.com / (not set),(not set),建案熱區巡禮：台中西屯水湳經貿園區 - 學區篇 - 遠雄房地產,/life-proposal/area-txg-shuinan_school_20240501/,1,1,1,1,177
yahoo / organic,(organic),建案熱區巡禮：台中西屯水湳經貿園區 - 交通篇 - 遠雄房地產,/life-proposal/area-txg-shuinan_traffic_20240508/,1,1,1,1,2
google / organic,(organic),建案熱區巡禮：高雄三民區 - 綠地篇 - 遠雄房地產,/life-proposal/area_hotspot_khh_sanmin_park_20230915/,1,1,1,1,12
(direct) / (none),(direct),建案熱區巡禮：高雄三民區 - 學區篇 - 遠雄房地產,/life-proposal/area_hotspot_khh_sanmin_school_20231023/,1,1,1,1,74
tw.search.yahoo.com / referral,(referral),建案熱區巡禮：高雄三民區 - 學區篇 - 遠雄房地產,/life-proposal/area_hotspot_khh_sanmin_school_20231023/,1,1,1,1,54
google / organic,(organic),建案熱區巡禮：高雄三民區 - 交通篇 - 遠雄房地產,/life-proposal/area_hotspot_khh_sanmin_traffic_20230928/,1,1,1,1,20
perplexity.ai / referral,(referral),建案熱區巡禮：高雄三民區 - 交通篇 - 遠雄房地產,/life-proposal/area_hotspot_khh_sanmin_traffic_20230928/,1,1,1,1,0
bing / organic,(organic),建案熱區巡禮：台南永康區 - 學區篇 - 遠雄房地產,/life-proposal/area_hotspot_tnn_yongkang_school_20231216/,1,1,1,1,25
(direct) / (none),(direct),建案熱區巡禮：台南永康區 - 交通篇 - 遠雄房地產,/life-proposal/area_hotspot_tnn_yongkang_traffic_20240102/,1,1,1,1,1
google / organic,(organic),建案熱區巡禮：台南永康區 - 交通篇 - 遠雄房地產,/life-proposal/area_hotspot_tnn_yongkang_traffic_20240102/,1,1,2,2,18
chatgpt.com / referral,(referral),建案熱區巡禮：台中西屯區 - 學區篇 - 遠雄房地產,/life-proposal/area_hotspot_txg_xitun_school_20231115/,1,1,2,2,8
yahoo / organic,(organic),建案熱區巡禮：台中西屯區 - 交通篇 - 遠雄房地產,/life-proposal/area_hotspot_txg_xitun_traffic_20231124/,1,1,2,2,105
tw.search.yahoo.com / referral,(referral),建案熱區巡禮：台中西屯區 - 交通篇 - 遠雄房地產,/life-proposal/area_hotspot_txg_xitun_traffic_20231124/,1,1,1,1,95
google / organic,(organic),建案熱區巡禮：台中北屯機廠重劃區，擁強大交通機能區位 - 遠雄房地產,/life-proposal/area_s_txg_beitun_depot_20240410/,1,1,1,1,45
(not set),(not set),建案熱區巡禮：龜山A7重劃區成北北桃生活圈潛力新核心 - 遠雄房地產,/life-proposal/area_taoyuan_guishan_a7_function/,1,1,1,1,0
yahoo / organic,(organic),建案熱區巡禮：龜山A7重劃區成北北桃生活圈潛力新核心 - 遠雄房地產,/life-proposal/area_taoyuan_guishan_a7_function/,1,1,1,1,462
fb / 5vo1,202510_5,建案熱區巡禮：龜山A7重劃區成北北桃生活圈潛力新核心 - 遠雄房地產,/life-proposal/area_taoyuan_guishan_a7_function/,1,1,1,1,156
avivid / bh11,20251212,建案熱區巡禮：龜山A7重劃區成北北桃生活圈潛力新核心 - 遠雄房地產,/life-proposal/area_taoyuan_guishan_a7_function/,1,1,3,3,64
(not set),系統測試,建案熱區巡禮：龜山A7重劃區成北北桃生活圈潛力新核心 - 遠雄房地產,/life-proposal/area_taoyuan_guishan_a7_function/,1,1,1,1,4
chatgpt.com / referral,(referral),建案熱區巡禮：台南永康區鹽行國中重劃區 - 交通篇 - 遠雄房地產,/life-proposal/area_tnn_yongkang_yanxing_traffic_20240324/,1,1,0,0,0
excel.officeapps.live.com / referral,(referral),建案熱區巡禮：台南永康區鹽行國中重劃區 - 交通篇 - 遠雄房地產,/life-proposal/area_tnn_yongkang_yanxing_traffic_20240324/,1,1,1,1,19
tw.search.yahoo.com / referral,(referral),建案熱區巡禮：台南永康區鹽行國中重劃區 - 交通篇 - 遠雄房地產,/life-proposal/area_tnn_yongkang_yanxing_traffic_20240324/,1,1,1,1,99
excel.officeapps.live.com / referral,(referral),建案熱區巡禮：台南永康區鹽行國中重劃區生活圈 - 遠雄房地產,/life-proposal/area_tnnyongkang_redevelop_yanxing_20230901/,1,1,7,7,33
avivid / bh11,20251212,Hot New Development Area Tour: Taichung Beitun 14th Redevelopment Zone - Creating a New Living Hub in Northern Taichung - Farglory Real Estate,/life-proposal/area_txg_beitun_14th_function_20250829/,1,1,0,0,43
(data not available),(cross-network),建案熱區巡禮：台中北屯14期重劃區生活圈，打造北台中的新興生活核心 - 遠雄房地產,/life-proposal/area_txg_beitun_14th_function_20250829/,1,1,1,1,2
mkto-sn070013.com / referral,(referral),建案熱區巡禮：台中北屯14期重劃區生活圈，打造北台中的新興生活核心 - 遠雄房地產,/life-proposal/area_txg_beitun_14th_function_20250829/,1,1,1,1,165
google / cpc,20251204,建案熱區巡禮：台中北屯14期重劃區生活圈，打造北台中的新興生活核心 - 遠雄房地產,/life-proposal/area_txg_beitun_14th_function_20250829/,1,1,2,2,65
fb / bh11,fanpagebutton,建案熱區巡禮：台中北屯14期重劃區生活圈，打造北台中的新興生活核心 - 遠雄房地產,/life-proposal/area_txg_beitun_14th_function_20250829/,1,1,1,1,68
google / cpc,information4,建案熱區巡禮：台中北屯14期重劃區生活圈，打造北台中的新興生活核心 - 遠雄房地產,/life-proposal/area_txg_beitun_14th_function_20250829/,1,1,1,1,1
fb / bh11,12-3,建案熱區巡禮：台中北屯區14期重劃區 - 綠地休憩篇 - 遠雄房地產,/life-proposal/area_txg_beitun_14th_park_20240909/,1,1,1,1,0
(not set),20251209一輪播,建案熱區巡禮：台中北屯區14期重劃區 - 學區篇 - 遠雄房地產,/life-proposal/area_txg_beitun_14th_school_20240917/,1,1,0,0,0
avivid / bh11,20251212,建案熱區巡禮：台中北屯區14期重劃區 - 學區篇 - 遠雄房地產,/life-proposal/area_txg_beitun_14th_school_20240917/,1,1,1,1,152
google / cpc,brand0829,建案熱區巡禮：台中北屯區14期重劃區 - 交通篇 - 遠雄房地產,/life-proposal/area_txg_beitun_14th_traffic_20240925/,1,1,1,1,51
google / cpc,landmark0829,建案熱區巡禮：台中北屯區14期重劃區 - 交通篇 - 遠雄房地產,/life-proposal/area_txg_beitun_14th_traffic_20240925/,1,1,1,1,18
bing / organic,(organic),建案熱區巡禮：台中北屯機廠重劃區生活圈 - 遠雄房地產,/life-proposal/area_txg_beitun_depot_function_20240513/,1,1,1,1,1
chatgpt.com / referral,(referral),建案熱區巡禮：台中北屯機廠重劃區生活圈 - 遠雄房地產,/life-proposal/area_txg_beitun_depot_function_20240513/,1,1,1,1,1
tw.search.yahoo.com / referral,(referral),建案熱區巡禮：台中北屯機廠重劃區生活圈 - 遠雄房地產,/life-proposal/area_txg_beitun_depot_function_20240513/,1,1,1,1,102
google / cpc,beitun,建案熱區巡禮：台中北屯機廠重劃區生活圈 - 遠雄房地產,/life-proposal/area_txg_beitun_depot_function_20240513/,1,1,1,1,29
google / cpc,othercities_brand,建案熱區巡禮：台中北屯機廠重劃區生活圈 - 遠雄房地產,/life-proposal/area_txg_beitun_depot_function_20240513/,1,1,1,1,317
google / organic,(organic),建案熱區巡禮：台中北屯機廠重劃區 - 綠地休憩篇 - 遠雄房地產,/life-proposal/area_txg_beitun_depot_park_20240529/,1,1,1,1,28
(direct) / (none),(direct),"Tham quan các khu dự án nhà ở mới nổi bật: Khu tái phát triển nhà máy máy móc Beitun, Đài Trung - Tổng quan về khu vực trường học - Bất động sản Farglory",/life-proposal/area_txg_beitun_depot_school_20240522/,1,1,0,0,12
chatgpt.com / (not set),(not set),建案熱區巡禮：台中北屯機廠重劃區-學區篇 - 遠雄房地產,/life-proposal/area_txg_beitun_depot_school_20240522/,1,1,1,1,37
google / organic,(organic),建案熱區巡禮：台中西屯區單元八比鄰水湳經貿園區，組成中央公園特區後發展可望更勝七期 - 遠雄房地產,/life-proposal/area_txg_xitun_eight_20240207/,1,1,3,3,137
reurl.cc / referral,(referral),建案熱區巡禮：台中西屯區單元八比鄰水湳經貿園區，組成中央公園特區後發展可望更勝七期 - 遠雄房地產,/life-proposal/area_txg_xitun_eight_20240207/,1,1,1,1,0
(direct) / (none),(direct),買房必讀 - 避免不動產詐騙｜如何避免成為房貸人頭？｜專家觀點地政篇 - 遠雄房地產,/life-proposal/avoid-real-estate-fraud/,1,1,1,1,7
google / organic,(organic),買房必讀 - 避免不動產詐騙｜如何避免成為房貸人頭？｜專家觀點地政篇 - 遠雄房地產,/life-proposal/avoid-real-estate-fraud/,1,1,1,1,0
google / organic,(organic),卫浴日常清洁保养技巧：延长设备寿命的必备指南【居家百科】 - 远雄房地产,/life-proposal/bathroom/,1,1,0,0,20
google / organic,(organic),衛浴日常清潔保養技巧：延長設備壽命的必備指南【居家百科】 - 遠雄房地產,/life-proposal/bathroom/,1,1,1,1,0
excel.officeapps.live.com / referral,(referral),衛浴日常清潔保養技巧：延長設備壽命的必備指南【居家百科】 - 遠雄房地產,/life-proposal/bathroom/,1,1,2,2,12
fgr-line / fgr,cleaning_20221223,衛浴日常清潔保養技巧：延長設備壽命的必備指南【居家百科】 - 遠雄房地產,/life-proposal/bathroom/,1,1,1,1,1
bing / organic,(organic),蓋好蓋滿還是適度留白？一次搞懂建蔽率與容積率 - 遠雄房地產,/life-proposal/build_rate/,1,1,1,1,0
(not set),20251107一輪播,蓋好蓋滿還是適度留白？一次搞懂建蔽率與容積率 - 遠雄房地產,/life-proposal/build_rate/,1,1,1,1,0
google / organic,(organic),买房学问多，看懂建筑材料才安心－建筑结构与防水篇- 远雄房地产,/life-proposal/building_materials/,1,1,0,0,11
(direct) / (none),(direct),買房看時機，抓住景氣反轉點才能買到好房子 - 遠雄房地產,/life-proposal/buying_focus_20221230/,1,1,1,1,1
fgr-line / 5vo1,20251205,買房看時機，抓住景氣反轉點才能買到好房子 - 遠雄房地產,/life-proposal/buying_focus_20221230/,1,1,1,1,10
(direct) / (none),(direct),來場大掃除吧！居家清潔要訣看過來！ - 遠雄房地產,/life-proposal/cleaning_20221223/,1,1,1,1,1
excel.officeapps.live.com / referral,(referral),來場大掃除吧！居家清潔要訣看過來！ - 遠雄房地產,/life-proposal/cleaning_20221223/,1,1,2,2,9
fgr-line / dh5,20251130,來場大掃除吧！居家清潔要訣看過來！ - 遠雄房地產,/life-proposal/cleaning_20221223/,1,1,1,1,2
fgr-line / fgr,expert_zhu_ownership-criteria,來場大掃除吧！居家清潔要訣看過來！ - 遠雄房地產,/life-proposal/cleaning_20221223/,1,1,1,1,25
google / organic,(organic),基础建设＋结构保固：一次了解大地工程的基本概念- 远雄房地产,/life-proposal/construction-base/,1,1,0,0,306
hk.search.yahoo.com / referral,(referral),基礎建設＋結構保固：一次了解大地工程的基本概念 - 遠雄房地產,/life-proposal/construction-base/,1,1,1,1,24
perplexity.ai / referral,(referral),基礎建設＋結構保固：一次了解大地工程的基本概念 - 遠雄房地產,/life-proposal/construction-base/,1,1,1,1,79
(not set),20251209一輪播,基礎建設＋結構保固：一次了解大地工程的基本概念 - 遠雄房地產,/life-proposal/construction-base/,1,1,0,0,23
(not set),20251230一輪播,基礎建設＋結構保固：一次了解大地工程的基本概念 - 遠雄房地產,/life-proposal/construction-base/,1,1,0,0,0
tw.search.yahoo.com / referral,(referral),新成屋、預售屋簽約注意事項–「首購族看房買屋攻略」 - 遠雄房地產,/life-proposal/contract/,1,1,2,2,23
(direct) / (none),(direct),修繕小知識：居家隔間保養及修繕【居家百科】 - 遠雄房地產,/life-proposal/cubicle/,1,1,1,1,0
google / cpc,area,逐文化而居住！全台「藝文中心」房市一覽表 - 遠雄房地產,/life-proposal/culture/,1,1,1,1,40
excel.officeapps.live.com / referral,(referral),不用等大掃除「日常的居家保養」現在就開始！【居家百科】 - 遠雄房地產,/life-proposal/daily-clean/,1,1,2,2,2
(not set),20251209一輪播,不用等大掃除「日常的居家保養」現在就開始！【居家百科】 - 遠雄房地產,/life-proposal/daily-clean/,1,1,2,2,7
fgr-line / fgr,cleaning_20221223,不用等大掃除「日常的居家保養」現在就開始！【居家百科】 - 遠雄房地產,/life-proposal/daily-clean/,1,1,1,1,4
fgr-line / fgr,daily-clean,不用等大掃除「日常的居家保養」現在就開始！【居家百科】 - 遠雄房地產,/life-proposal/daily-clean/,1,1,1,1,0
google / organic,(organic),降低室內濕度怎麼做？除濕機真的有用嗎？ - 遠雄房地產,/life-proposal/dehumidifier/,1,1,1,1,110
(direct) / (none),(direct),掌握贈與控制權，享受安心退休生活 - 遠雄房地產,/life-proposal/donated_property20220624/,1,1,1,1,1
(direct) / (none),(direct),地震來的時候你家安全嗎? 一次搞懂制震器 - 遠雄房地產,/life-proposal/earthquake-taylor/,1,1,1,1,1
bing / organic,(organic),地震來的時候你家安全嗎? 一次搞懂制震器 - 遠雄房地產,/life-proposal/earthquake-taylor/,1,1,1,1,33
yahoo / organic,(organic),地震來的時候你家安全嗎? 一次搞懂制震器 - 遠雄房地產,/life-proposal/earthquake-taylor/,1,1,1,1,21
tw.search.yahoo.com / referral,(referral),地震來的時候你家安全嗎? 一次搞懂制震器 - 遠雄房地產,/life-proposal/earthquake-taylor/,1,1,1,1,32
(not set),20251209一輪播,地震來的時候你家安全嗎? 一次搞懂制震器 - 遠雄房地產,/life-proposal/earthquake-taylor/,1,1,0,0,0
yahoo / organic,(organic),地震來的時候你家安全嗎? 一次搞懂抗震建築 - 遠雄房地產,/life-proposal/earthquake/,1,1,2,2,178
google / organic,(organic),梅雨季居家除溼妙招 - 遠雄房地產,/life-proposal/ease_dehumidification_20230601/,1,1,1,1,3
bing / organic,(organic),綠建築十大社區出爐，遠雄文青、遠雄THE ONE、遠雄耶魯齊上榜 - 遠雄房地產,/life-proposal/ease_eewh-ec_20230711/,1,1,1,1,75
(not set),20251209一輪播,綠建築十大社區出爐，遠雄文青、遠雄THE ONE、遠雄耶魯齊上榜 - 遠雄房地產,/life-proposal/ease_eewh-ec_20230711/,1,1,0,0,0
yahoo / organic,(organic),社區有綠建築標章有何好處？ - 遠雄房地產,/life-proposal/ease_greenbuilding_20230608/,1,1,1,1,1
gemini.google.com / referral,(referral),社區有綠建築標章有何好處？ - 遠雄房地產,/life-proposal/ease_greenbuilding_20230608/,1,1,1,1,9
(not set),20251023一輪播,社區有綠建築標章有何好處？ - 遠雄房地產,/life-proposal/ease_greenbuilding_20230608/,1,1,1,1,2
(direct) / (none),(direct),宜居生活、地球永續，就從綠建材開始 - 遠雄房地產,/life-proposal/ease_greenmaterial_20230609/,1,1,1,1,1
(direct) / (none),(direct),梅雨季濕氣滿屋，來場除濕防霉大作戰 - 遠雄房地產,/life-proposal/ease_mildew-proof_20230612/,1,1,1,1,6
google / organic,(organic),守護居家用電安全，一項一項打勾確認才安心【居家百科】 - 遠雄房地產,/life-proposal/electrical-safety/,1,1,1,1,17
fgr-line / fgr,light,守護居家用電安全，一項一項打勾確認才安心【居家百科】 - 遠雄房地產,/life-proposal/electrical-safety/,1,1,1,1,0
google / organic,(organic),財經M平方觀點：新興市場韌性差異加劇，2025年怎麼走 - 遠雄房地產,/life-proposal/emerging-markets_20241217/,1,1,1,1,1
google / organic,(organic),不動產節稅妙招：財富傳承的遺產稅佈局 - 遠雄房地產,/life-proposal/estate_tax_20220909/,1,1,1,1,0
(direct) / (none),(direct),2022 Q4房市展望：房市多空混沌，預售市場何去何從？｜李同榮觀點 - 遠雄房地產,/life-proposal/expert-li-2022market-20221024/,1,1,1,1,0
(not set),20251209一輪播,財經M平方觀點：韓國和澳洲房價修正 台灣是否將步入後塵？ - 遠雄房地產,/life-proposal/expert_20230721_macromicro_korea/,1,1,0,0,0
(direct) / (none),(direct),財經M平方觀點：亞太新興區域經濟 下半年重點關注兩環節 - 遠雄房地產,/life-proposal/expert_20230724_macromicro_asiapacific/,1,1,1,1,0
(direct) / (none),(direct),從疫後零售、觀光、餐飲業復甦，看零售地產的動向｜劉佩真觀點 - 遠雄房地產,/life-proposal/expert_20230815_peizhen_retail/,1,1,1,1,315
google / organic,(organic),從疫後零售、觀光、餐飲業復甦，看零售地產的動向｜劉佩真觀點 - 遠雄房地產,/life-proposal/expert_20230815_peizhen_retail/,1,1,1,1,29
google / cpc,Pmax,由壽險業、製造業、建築開發業看2023年第二季商用不動產 投資買賣市場之脈動｜劉佩真觀點 - 遠雄房地產,/life-proposal/expert_20230920_peizhen_commerical/,1,1,1,1,8
taboola / fm3,impB,由壽險業、製造業、建築開發業看2023年第二季商用不動產 投資買賣市場之脈動｜劉佩真觀點 - 遠雄房地產,/life-proposal/expert_20230920_peizhen_commerical/,1,1,1,1,5
google / cpc,(organic),2025年中台灣房市潛力區域專題報導 -10大優質投資區域分析｜何世昌觀點 - 遠雄房地產,/life-proposal/expert_hoshichang_central-potential/,1,1,1,1,291
lm.facebook.com / referral,(referral),2025年中台灣房市潛力區域專題報導 -10大優質投資區域分析｜何世昌觀點 - 遠雄房地產,/life-proposal/expert_hoshichang_central-potential/,1,1,1,1,0
news.google.com / referral,(referral),2025年中台灣房市潛力區域專題報導 -10大優質投資區域分析｜何世昌觀點 - 遠雄房地產,/life-proposal/expert_hoshichang_central-potential/,1,1,1,1,0
fb / h713,96,2025年中台灣房市潛力區域專題報導 -10大優質投資區域分析｜何世昌觀點 - 遠雄房地產,/life-proposal/expert_hoshichang_central-potential/,1,1,1,1,33
google / cpc,Otherarea0829,2025年中台灣房市潛力區域專題報導 -10大優質投資區域分析｜何世昌觀點 - 遠雄房地產,/life-proposal/expert_hoshichang_central-potential/,1,1,2,2,23
fb / bh11,fanpagebutton,2025年中台灣房市潛力區域專題報導 -10大優質投資區域分析｜何世昌觀點 - 遠雄房地產,/life-proposal/expert_hoshichang_central-potential/,1,1,1,1,124
google / cpc,landmark0829,2025年中台灣房市潛力區域專題報導 -10大優質投資區域分析｜何世昌觀點 - 遠雄房地產,/life-proposal/expert_hoshichang_central-potential/,1,1,1,1,6
line-lap / bh10,line-lap202511-3,2025年中台灣房市潛力區域專題報導 -10大優質投資區域分析｜何世昌觀點 - 遠雄房地產,/life-proposal/expert_hoshichang_central-potential/,1,1,1,1,35
google / cpc,遠雄幸福成_H713_關鍵字_0516_外縣市,2025年中台灣房市潛力區域專題報導 -10大優質投資區域分析｜何世昌觀點 - 遠雄房地產,/life-proposal/expert_hoshichang_central-potential/,1,1,1,1,7
l.facebook.com / referral,(referral),何世昌觀點：2025年中台灣房市潛力區域專題報導 -10大優質投資區域分析 - 遠雄房地產,/life-proposal/expert_hoshichang_central-potential/,1,1,1,1,92
google / cpc,competitor0829,何世昌觀點：2025年中台灣房市潛力區域專題報導 -10大優質投資區域分析 - 遠雄房地產,/life-proposal/expert_hoshichang_central-potential/,1,1,1,1,61
google / cpc,corearea0829,何世昌觀點：2025年中台灣房市潛力區域專題報導 -10大優質投資區域分析 - 遠雄房地產,/life-proposal/expert_hoshichang_central-potential/,1,1,1,1,1
google / cpc,information4,何世昌觀點：2025年中台灣房市潛力區域專題報導 -10大優質投資區域分析 - 遠雄房地產,/life-proposal/expert_hoshichang_central-potential/,1,1,1,1,309
fgr-line / fgr,kitchen,何世昌觀點：2025年中台灣房市潛力區域專題報導 -10大優質投資區域分析 - 遠雄房地產,/life-proposal/expert_hoshichang_central-potential/,1,1,1,1,53
bing / organic,(organic),2025年北台灣房市潛力區域專題報導-10大優質投資區域分析｜何世昌觀點 - 遠雄房地產,/life-proposal/expert_hoshichang_northern-potential/,1,1,1,1,1
chatgpt.com / referral,(referral),何世昌觀點：2025年北台灣房市潛力區域專題報導-10大優質投資區域分析 - 遠雄房地產,/life-proposal/expert_hoshichang_northern-potential/,1,1,1,1,186
perplexity.ai / referral,(referral),何世昌觀點：2025年北台灣房市潛力區域專題報導-10大優質投資區域分析 - 遠雄房地產,/life-proposal/expert_hoshichang_northern-potential/,1,1,1,1,0
(direct) / (none),(direct),何世昌觀點：山雨欲來風滿樓，房市反轉時刻已降臨？ - 遠雄房地產,/life-proposal/expert_hoshichang_property_market_20250307/,1,1,1,1,0
tw.search.yahoo.com / referral,(referral),何世昌觀點：山雨欲來風滿樓，房市反轉時刻已降臨？ - 遠雄房地產,/life-proposal/expert_hoshichang_property_market_20250307/,1,1,1,1,80
(direct) / (none),(direct),山雨欲來風滿樓，房市反轉時刻已降臨？｜何世昌觀點 - 遠雄房地產,/life-proposal/expert_hoshichang_property_market_20250307/,1,1,1,1,1
google / organic,(organic),何世昌觀點：首季房市開低走揚，房價進入大亂鬥盤整格局 - 遠雄房地產,/life-proposal/expert_hoshichang_property_q1-review_20250514/,1,1,1,1,9
(direct) / (none),(direct),[影音] 何世昌觀點：全台房市「蛋花湯效應」解密 - 南二都房價的變遷 - 遠雄房地產,/life-proposal/expert_hoshichang_property_south-prices_20250404/,1,1,1,1,20
(not set),20251209一輪播,[影音] 何世昌觀點：全台房市「蛋花湯效應」解密 - 南二都房價的變遷 - 遠雄房地產,/life-proposal/expert_hoshichang_property_south-prices_20250404/,1,1,2,2,33
google / organic,(organic),[影音] 全台房市「蛋花湯效應」解密 - 南二都房價的變遷｜何世昌觀點 - 遠雄房地產,/life-proposal/expert_hoshichang_property_south-prices_20250404/,1,1,1,1,207
perplexity / (not set),(not set),2025年南台灣房市潛力區域專題報導 - 10大優質投資區域分析｜何世昌觀點 - 遠雄房地產,/life-proposal/expert_hoshichang_south-potential/,1,1,1,1,0
fgr-line / fgr,expert_zhu_ownership-criteria,2025年南台灣房市潛力區域專題報導 - 10大優質投資區域分析｜何世昌觀點 - 遠雄房地產,/life-proposal/expert_hoshichang_south-potential/,1,1,1,1,0
youtube / fgr,expert_zhu_video_trust,2025年南台灣房市潛力區域專題報導 - 10大優質投資區域分析｜何世昌觀點 - 遠雄房地產,/life-proposal/expert_hoshichang_south-potential/,1,1,1,1,0
fb / eh1,fb202512-2,2025年南台灣房市潛力區域專題報導 - 10大優質投資區域分析｜何世昌觀點 - 遠雄房地產,/life-proposal/expert_hoshichang_south-potential/,1,1,2,2,645
fb / eh5,park,2025年南台灣房市潛力區域專題報導 - 10大優質投資區域分析｜何世昌觀點 - 遠雄房地產,/life-proposal/expert_hoshichang_south-potential/,1,1,1,1,0
google / cpc,type,2025年南台灣房市潛力區域專題報導 - 10大優質投資區域分析｜何世昌觀點 - 遠雄房地產,/life-proposal/expert_hoshichang_south-potential/,1,1,1,1,2
chatgpt.com / (not set),(not set),何世昌觀點：2025年南台灣房市潛力區域專題報導 - 10大優質投資區域分析 - 遠雄房地產,/life-proposal/expert_hoshichang_south-potential/,1,1,1,1,9
google / cpc,(organic),何世昌觀點：2025年南台灣房市潛力區域專題報導 - 10大優質投資區域分析 - 遠雄房地產,/life-proposal/expert_hoshichang_south-potential/,1,1,1,1,100
excel.officeapps.live.com / referral,(referral),何世昌觀點：2025年南台灣房市潛力區域專題報導 - 10大優質投資區域分析 - 遠雄房地產,/life-proposal/expert_hoshichang_south-potential/,1,1,2,2,32
news.google.com / referral,(referral),何世昌觀點：2025年南台灣房市潛力區域專題報導 - 10大優質投資區域分析 - 遠雄房地產,/life-proposal/expert_hoshichang_south-potential/,1,1,1,1,212
perplexity.ai / referral,(referral),何世昌觀點：2025年南台灣房市潛力區域專題報導 - 10大優質投資區域分析 - 遠雄房地產,/life-proposal/expert_hoshichang_south-potential/,1,1,1,1,46
fb / eh1,12-1,何世昌觀點：2025年南台灣房市潛力區域專題報導 - 10大優質投資區域分析 - 遠雄房地產,/life-proposal/expert_hoshichang_south-potential/,1,1,1,1,0
fb / eh1,2-4,何世昌觀點：2025年南台灣房市潛力區域專題報導 - 10大優質投資區域分析 - 遠雄房地產,/life-proposal/expert_hoshichang_south-potential/,1,1,1,1,1
(not set),20251107一輪播,何世昌觀點：2025年南台灣房市潛力區域專題報導 - 10大優質投資區域分析 - 遠雄房地產,/life-proposal/expert_hoshichang_south-potential/,1,1,1,1,22
google / cpc,O1_品牌字_2025.0801,何世昌觀點：2025年南台灣房市潛力區域專題報導 - 10大優質投資區域分析 - 遠雄房地產,/life-proposal/expert_hoshichang_south-potential/,1,1,1,1,39
google / cpc,O1_特色字_2025.0801,何世昌觀點：2025年南台灣房市潛力區域專題報導 - 10大優質投資區域分析 - 遠雄房地產,/life-proposal/expert_hoshichang_south-potential/,1,1,3,3,5
google / cpc,com,何世昌觀點：2025年南台灣房市潛力區域專題報導 - 10大優質投資區域分析 - 遠雄房地產,/life-proposal/expert_hoshichang_south-potential/,1,1,1,1,17
fgr-line / fgr,expert_hoshichang_south-potential,何世昌觀點：2025年南台灣房市潛力區域專題報導 - 10大優質投資區域分析 - 遠雄房地產,/life-proposal/expert_hoshichang_south-potential/,1,1,1,1,12
fgr-line / fgr,expert_zhu_ownership-criteria,何世昌觀點：2025年南台灣房市潛力區域專題報導 - 10大優質投資區域分析 - 遠雄房地產,/life-proposal/expert_hoshichang_south-potential/,1,1,3,3,0
fgr-line / fgr,kitchen,何世昌觀點：2025年南台灣房市潛力區域專題報導 - 10大優質投資區域分析 - 遠雄房地產,/life-proposal/expert_hoshichang_south-potential/,1,1,1,1,3
google / cpc,type,何世昌觀點：2025年南台灣房市潛力區域專題報導 - 10大優質投資區域分析 - 遠雄房地產,/life-proposal/expert_hoshichang_south-potential/,1,1,1,1,62
(direct) / (none),(direct),[影音] 台灣房價為何跌不下來？看懂房市「抗跌力」 - 遠雄房地產,/life-proposal/expert_hoshichang_video_property_price_20250801/,1,1,1,1,0
(direct) / (none),(direct),[影音] 專家看2025年上半年預售屋市場 : 四大現象觀察 - 遠雄房地產,/life-proposal/expert_housing-market_20250820/,1,1,1,1,7
(not set),(not set),[影音] 專家看2025年上半年預售屋市場 : 四大現象觀察 - 遠雄房地產,/life-proposal/expert_housing-market_20250820/,1,1,1,1,18
google / organic,(organic),[影音] 專家看2025年上半年預售屋市場 : 四大現象觀察 - 遠雄房地產,/life-proposal/expert_housing-market_20250820/,1,1,1,1,15
google / cpc,gdn11-4,[影音] 專家看2025年上半年預售屋市場 : 四大現象觀察 - 遠雄房地產,/life-proposal/expert_housing-market_20250820/,1,1,1,1,30
line-lap / bh10,line-lap202511-6,[影音] 專家看2025年上半年預售屋市場 : 四大現象觀察 - 遠雄房地產,/life-proposal/expert_housing-market_20250820/,1,1,1,1,71
google / cpc,taipei,[影音] 專家看2025年上半年預售屋市場 : 四大現象觀察 - 遠雄房地產,/life-proposal/expert_housing-market_20250820/,1,1,1,1,0
(direct) / (none),(direct),[影音] 專家看2025年上半年預售屋市場 : 四大現象觀察｜何世昌觀點 - 遠雄房地產,/life-proposal/expert_housing-market_20250820/,1,1,1,1,0
google / organic,(organic),[影音] 專家看2025年上半年預售屋市場 : 四大現象觀察｜何世昌觀點 - 遠雄房地產,/life-proposal/expert_housing-market_20250820/,1,1,1,1,2
fgr-line / fgr,playlist=e93ee4e&video=58b6cce,[影音] 專家看2025年上半年預售屋市場 : 四大現象觀察｜何世昌觀點 - 遠雄房地產,/life-proposal/expert_housing-market_20250820/,1,1,1,1,14
google / cpc,taichung,[影音] 專家看2025年上半年預售屋市場 : 四大現象觀察｜何世昌觀點 - 遠雄房地產,/life-proposal/expert_housing-market_20250820/,1,1,1,1,59
(not set),20251209一輪播,【商用不動產講堂】如何選擇好廠辦? - 遠雄房地產,/life-proposal/expert_ken_topics_commerical_factory_20240920/,1,1,0,0,11
(direct) / (none),(direct),【商用不動產講堂】廠辦市場與資產配置 - 遠雄房地產,/life-proposal/expert_ken_topics_commerical_market_20240925/,1,1,1,1,8
(direct) / (none),(direct),永然法律不動產專欄：購買預售屋如何選擇好的建商？(上集) - 遠雄房地產,/life-proposal/expert_law_y-rlee_builder1_20250324/,1,1,1,1,61
fgr-line / 5vo1,20251205,永然法律不動產專欄：購買預售屋如何選擇好的建商？(上集) - 遠雄房地產,/life-proposal/expert_law_y-rlee_builder1_20250324/,1,1,1,1,33
google / organic,(organic),永然法律不動產專欄：購買預售屋如何選擇好的建商？(下集) - 遠雄房地產,/life-proposal/expert_law_y-rlee_builder2_20250425/,1,1,2,2,81
fb / bh7,9,永然法律不動產專欄：購買預售屋如何選擇好的建商？(下集) - 遠雄房地產,/life-proposal/expert_law_y-rlee_builder2_20250425/,1,1,1,1,5
(direct) / (none),(direct),購買預售屋如何選擇好的建商？(下集)｜永然法律不動產專欄 - 遠雄房地產,/life-proposal/expert_law_y-rlee_builder2_20250425/,1,1,1,1,5
google / organic,(organic),購買預售屋如何選擇好的建商？(下集)｜永然法律不動產專欄 - 遠雄房地產,/life-proposal/expert_law_y-rlee_builder2_20250425/,1,1,1,1,0
tw.search.yahoo.com / referral,(referral),購買預售屋如何選擇好的建商？(下集)｜永然法律不動產專欄 - 遠雄房地產,/life-proposal/expert_law_y-rlee_builder2_20250425/,1,1,1,1,0
tw.search.yahoo.com / referral,(referral),未婚情侶合資買房在法律上要注意什麼｜永然法律不動產專欄 - 遠雄房地產,/life-proposal/expert_law_y-rlee_co-buying/,1,1,1,1,94
(not set),20251023一輪播,未婚情侶合資買房在法律上要注意什麼｜永然法律不動產專欄 - 遠雄房地產,/life-proposal/expert_law_y-rlee_co-buying/,1,1,1,1,105
perplexity.ai / referral,(referral),永然法律不動產專欄：未婚情侶合資買房在法律上要注意什麼？ - 遠雄房地產,/life-proposal/expert_law_y-rlee_co-buying/,1,1,1,1,58
(not set),(not set),永然法律不動產專欄：預售屋買賣契約簽約時應注意「契約審閱期」 - 遠雄房地產,/life-proposal/expert_law_y-rlee_contract_20250613/,1,1,1,1,0
bing / organic,(organic),永然法律不動產專欄：預售屋買賣契約簽約時應注意「契約審閱期」 - 遠雄房地產,/life-proposal/expert_law_y-rlee_contract_20250613/,1,1,1,1,64
(not set),20251209一輪播,永然法律不動產專欄：預售屋買賣契約簽約時應注意「契約審閱期」 - 遠雄房地產,/life-proposal/expert_law_y-rlee_contract_20250613/,1,1,2,2,0
tw.search.yahoo.com / referral,(referral),預售屋買賣契約簽約時應注意「契約審閱期」｜永然法律不動產專欄 - 遠雄房地產,/life-proposal/expert_law_y-rlee_contract_20250613/,1,1,2,2,127
(not set),20251230一輪播,預售屋買賣契約簽約時應注意「契約審閱期」｜永然法律不動產專欄 - 遠雄房地產,/life-proposal/expert_law_y-rlee_contract_20250613/,1,1,0,0,0
line / ah2-message,(not set),永然法律不動產專欄：台版地面師如何騙走你的不動產? - 遠雄房地產,/life-proposal/expert_law_y-rlee_land-agent_20250904/,1,1,1,1,0
(direct) / (none),(direct),借名登記的房地產，也可以作為遺產分割的標的嗎？ | 永然法律不動產專欄 - 遠雄房地產,/life-proposal/expert_law_y-rlee_nominee-inheritance,1,1,1,1,24
mkto-sn070013.com / referral,(referral),借名登記的房地產，也可以作為遺產分割的標的嗎？ | 永然法律不動產專欄 - 遠雄房地產,/life-proposal/expert_law_y-rlee_nominee-inheritance,1,1,1,1,18
statics.teams.cdn.office.net / referral,(referral),找不到頁面 - 遠雄房地產,/life-proposal/expert_law_y-rlee_nominee-inheritance,1,1,1,1,0
(data not available),(cross-network),借名登記的房地產，也可以作為遺產分割的標的嗎？ | 永然法律不動產專欄 - 遠雄房地產,/life-proposal/expert_law_y-rlee_nominee-inheritance/,1,1,1,1,22
mkto-sn070013.com / referral,(referral),借名登記的房地產，也可以作為遺產分割的標的嗎？ | 永然法律不動產專欄 - 遠雄房地產,/life-proposal/expert_law_y-rlee_nominee-inheritance/,1,1,2,2,137
tw.search.yahoo.com / referral,(referral),借名登記的房地產，也可以作為遺產分割的標的嗎？ | 永然法律不動產專欄 - 遠雄房地產,/life-proposal/expert_law_y-rlee_nominee-inheritance/,1,1,1,1,280
google / cpc,CQH1-買房字,借名登記的房地產，也可以作為遺產分割的標的嗎？ | 永然法律不動產專欄 - 遠雄房地產,/life-proposal/expert_law_y-rlee_nominee-inheritance/,1,1,2,2,0
google / cpc,O1_地區字_2025.0801,借名登記的房地產，也可以作為遺產分割的標的嗎？ | 永然法律不動產專欄 - 遠雄房地產,/life-proposal/expert_law_y-rlee_nominee-inheritance/,1,1,2,2,11
google / cpc,Pmax,借名登記的房地產，也可以作為遺產分割的標的嗎？ | 永然法律不動產專欄 - 遠雄房地產,/life-proposal/expert_law_y-rlee_nominee-inheritance/,1,1,1,1,13
fgr-line / fgr,cleaning_20221223,借名登記的房地產，也可以作為遺產分割的標的嗎？ | 永然法律不動產專欄 - 遠雄房地產,/life-proposal/expert_law_y-rlee_nominee-inheritance/,1,1,2,2,554
fgr-line / fgr,space_design_smallhouse2_20240521,借名登記的房地產，也可以作為遺產分割的標的嗎？ | 永然法律不動產專欄 - 遠雄房地產,/life-proposal/expert_law_y-rlee_nominee-inheritance/,1,1,1,1,0
(not set),系統測試,借名登記的房地產，也可以作為遺產分割的標的嗎？ | 永然法律不動產專欄 - 遠雄房地產,/life-proposal/expert_law_y-rlee_nominee-inheritance/,1,1,1,1,17
(direct) / (none),(direct),共同繼承來的房地產，要如何進行分割呢？ | 永然法律不動產專欄 - 遠雄房地產,/life-proposal/expert_law_y-rlee_property-division,1,1,1,1,80
mkto-sn070013.com / referral,(referral),找不到頁面 - 遠雄房地產,/life-proposal/expert_law_y-rlee_property-division,1,1,1,1,2
perplexity.ai / referral,(referral),永然法律不動產專欄：預售屋買賣契約中的交屋保留款與建材設備約定 - 遠雄房地產,/life-proposal/expert_law_y-rlee_retention-money_20250704/,1,1,1,1,19
tw.search.yahoo.com / referral,(referral),永然法律不動產專欄：預售屋買賣契約中的交屋保留款與建材設備約定 - 遠雄房地產,/life-proposal/expert_law_y-rlee_retention-money_20250704/,1,1,1,1,73
mkto-sn070013.com / referral,(referral),找不到頁面 - 遠雄房地產,/life-proposal/expert_law_y-rle…roperty-division/,1,1,1,1,0
google / organic,(organic),李同榮觀點：2022上半年房市總結「升息循環、疫情擴散、打房加重」與未來展望 - 遠雄房地產,/life-proposal/expert_li_2022property_20220722/,1,1,1,1,2
yahoo / organic,(organic),李同榮觀點：2022上半年房市總結「升息循環、疫情擴散、打房加重」與未來展望 - 遠雄房地產,/life-proposal/expert_li_2022property_20220722/,1,1,1,1,34
(not set),20251209一輪播,李同榮觀點：2022上半年房市總結「升息循環、疫情擴散、打房加重」與未來展望 - 遠雄房地產,/life-proposal/expert_li_2022property_20220722/,1,1,1,1,2
(direct) / (none),(direct),李同榮觀點：從13大指標判斷2024年下半年房產走勢 - 遠雄房地產,/life-proposal/expert_li_2024trend_20240711/,1,1,1,1,0
(not set),(not set),李同榮觀點：從13大指標判斷2024年下半年房產走勢 - 遠雄房地產,/life-proposal/expert_li_2024trend_20240711/,1,1,0,0,19
gemini.google.com / referral,(referral),李同榮觀點：從13大指標判斷2024年下半年房產走勢 - 遠雄房地產,/life-proposal/expert_li_2024trend_20240711/,1,1,1,1,20
google / organic,(organic),下一波第七循環房市的七大主力市場｜李同榮觀點 - 遠雄房地產,/life-proposal/expert_li_7th-cycle_20241101/,1,1,1,1,17
(direct) / (none),(direct),李同榮觀點：下一波第七循環房市的七大主力市場 - 遠雄房地產,/life-proposal/expert_li_7th-cycle_20241101/,1,1,1,1,17
(not set),20251107一輪播,李同榮觀點：下一波第七循環房市的七大主力市場 - 遠雄房地產,/life-proposal/expert_li_7th-cycle_20241101/,1,1,1,1,12
(direct) / (none),(direct),2025房市下跌趨勢中，預售屋進場全攻略｜李同榮觀點 - 遠雄房地產,/life-proposal/expert_li_7th-cycle_20250114/,1,1,1,1,2
google / cpc,taichung,2025房市下跌趨勢中，預售屋進場全攻略｜李同榮觀點 - 遠雄房地產,/life-proposal/expert_li_7th-cycle_20250114/,1,1,1,1,157
google / organic,(organic),2024大選後房市發展趨勢之關鍵報告｜李同榮觀點 - 遠雄房地產,/life-proposal/expert_li_afterelection_20240118/,1,1,1,1,723
(not set),20251209一輪播,李同榮觀點：Al新十大建設對未來房市的具體影響 - 遠雄房地產,/life-proposal/expert_li_ai-projects_20250715/,1,1,0,0,0
(direct) / (none),(direct),2024年大選後，台灣房市面對的挑戰｜李同榮觀點 - 遠雄房地產,/life-proposal/expert_li_election_20231019/,1,1,1,1,7
fgr-line / 5vo1,20251205,李同榮觀點：2025自住首購族擇屋八大法則 - 遠雄房地產,/life-proposal/expert_li_homeowners_20250410/,1,1,1,1,40
(not set),20251209一輪播,李同榮觀點：2025自住首購族擇屋八大法則 - 遠雄房地產,/life-proposal/expert_li_homeowners_20250410/,1,1,1,1,0
perplexity / (not set),(not set),2026年房地產市場將面臨八大考驗｜李同榮觀點 - 遠雄房地產,/life-proposal/expert_li_housing-challenges-2026/,1,1,1,1,0
yahoo / organic,(organic),2026年房地產市場將面臨八大考驗｜李同榮觀點 - 遠雄房地產,/life-proposal/expert_li_housing-challenges-2026/,1,1,1,1,174
(not set),20251230一輪播,2026年房地產市場將面臨八大考驗｜李同榮觀點 - 遠雄房地產,/life-proposal/expert_li_housing-challenges-2026/,1,1,0,0,10
perplexity / (not set),(not set),李同榮觀點：2026年房地產市場將面臨八大考驗 - 遠雄房地產,/life-proposal/expert_li_housing-challenges-2026/,1,1,1,1,0
felo.ai / referral,(referral),李同榮觀點：2026年房地產市場將面臨八大考驗 - 遠雄房地產,/life-proposal/expert_li_housing-challenges-2026/,1,1,1,1,0
mkto-sn070013.com / referral,(referral),李同榮觀點：2026年房地產市場將面臨八大考驗 - 遠雄房地產,/life-proposal/expert_li_housing-challenges-2026/,1,1,1,1,183
news.google.com / referral,(referral),李同榮觀點：2026年房地產市場將面臨八大考驗 - 遠雄房地產,/life-proposal/expert_li_housing-challenges-2026/,1,1,1,1,0
(not set),20251023一輪播,李同榮觀點：2026年房地產市場將面臨八大考驗 - 遠雄房地產,/life-proposal/expert_li_housing-challenges-2026/,1,1,1,1,113
google / cpc,CQH1-買房字,李同榮觀點：2026年房地產市場將面臨八大考驗 - 遠雄房地產,/life-proposal/expert_li_housing-challenges-2026/,1,1,1,1,6
google / organic,(organic),劉學龍觀點：經過利空出盡的2022年，透過靈活布局可望迎來2023年的暖冬 - 遠雄房地產,/life-proposal/expert_liu_20221226/,1,1,1,1,0
fgr-line / fgr,expert_zhu_ownership-criteria,劉學龍觀點：經過利空出盡的2022年，透過靈活布局可望迎來2023年的暖冬 - 遠雄房地產,/life-proposal/expert_liu_20221226/,1,1,1,1,10
(direct) / (none),(direct),劉學龍觀點：從近期交易看商用不動產市場動能 - 遠雄房地產,/life-proposal/expert_liu_20230629_commercial/,1,1,1,1,0
google / organic,(organic),劉學龍觀點：從近期交易看商用不動產市場動能 - 遠雄房地產,/life-proposal/expert_liu_20230629_commercial/,1,1,1,1,49
chatgpt.com / (not set),(not set),劉學龍觀點：2025年第三季房地產趨勢 - 商用不動產市場的穩與土地市場的冷 - 遠雄房地產,/life-proposal/expert_liu_commercial-2025q3/,1,1,1,1,23
yahoo / organic,(organic),劉學龍觀點：2025年第三季房地產趨勢 - 商用不動產市場的穩與土地市場的冷 - 遠雄房地產,/life-proposal/expert_liu_commercial-2025q3/,1,1,1,1,45
reurl.cc / referral,(referral),劉學龍觀點：2025年第三季房地產趨勢 - 商用不動產市場的穩與土地市場的冷 - 遠雄房地產,/life-proposal/expert_liu_commercial-2025q3/,1,1,1,1,42
(not set),20251023一輪播,劉學龍觀點：2025年第三季房地產趨勢 - 商用不動產市場的穩與土地市場的冷 - 遠雄房地產,/life-proposal/expert_liu_commercial-2025q3/,1,1,1,1,49
fb / bh11,8-1,劉學龍觀點：2025年第三季房地產趨勢 - 商用不動產市場的穩與土地市場的冷 - 遠雄房地產,/life-proposal/expert_liu_commercial-2025q3/,1,1,2,2,7
(direct) / (none),(direct),劉學龍觀點：2023年商用不動產市場回顧與展望 - 遠雄房地產,/life-proposal/expert_liu_commercial_2023review_20240101/,1,1,1,1,9
(direct) / (none),(direct),劉學龍觀點：從2025年全球局勢來看台灣商用不動產投資動能 - 遠雄房地產,/life-proposal/expert_liu_commercial_2025global_20250418/,1,1,1,1,2
(not set),20251209一輪播,劉學龍觀點：全球局勢到本地市場，2025下半年商用不動產市場的風與浪 - 遠雄房地產,/life-proposal/expert_liu_commercial_2025h2_20250725/,1,1,1,1,3
(direct) / (none),(direct),劉學龍觀點：2025年的商用不動產投資開發潛力聚焦工業 - 遠雄房地產,/life-proposal/expert_liu_commercial_2025trend_20250115/,1,1,1,1,6
bing / organic,(organic),劉學龍觀點：2025年的商用不動產投資開發潛力聚焦工業 - 遠雄房地產,/life-proposal/expert_liu_commercial_2025trend_20250115/,1,1,1,1,491
google / organic,(organic),劉學龍觀點：2025年的商用不動產投資開發潛力聚焦工業 - 遠雄房地產,/life-proposal/expert_liu_commercial_2025trend_20250115/,1,1,1,1,40
gemini.google.com / referral,(referral),劉學龍觀點：2025年的商用不動產投資開發潛力聚焦工業 - 遠雄房地產,/life-proposal/expert_liu_commercial_2025trend_20250115/,1,1,1,1,3
perplexity.ai / referral,(referral),劉學龍觀點：2025年的商用不動產投資開發潛力聚焦工業 - 遠雄房地產,/life-proposal/expert_liu_commercial_2025trend_20250115/,1,1,1,1,32
bing / organic,(organic),財經M平方觀點：通膨促使各大央行升息，台灣房市未來展望 - 遠雄房地產,/life-proposal/expert_macromicro20220601/,1,1,1,1,0
(direct) / (none),(direct),財經M平方觀點：去庫存壓力來襲，2 個訊號看製造業何時落底 - 遠雄房地產,/life-proposal/expert_macromicro20220726/,1,1,1,1,6
google / organic,(organic),財經M平方觀點：台灣房市量價背離，該如何判斷房市後市? - 遠雄房地產,/life-proposal/expert_macromicro20220826/,1,1,1,1,3
baidu / organic,(organic),財經M平方觀點：中國房市陷入惡性循環，三個對經濟的影響 - 遠雄房地產,/life-proposal/expert_macromicro20220909/,1,1,1,1,7
google / organic,(organic),財經M平方觀點：中國房市陷入惡性循環，三個對經濟的影響 - 遠雄房地產,/life-proposal/expert_macromicro20220909/,1,1,1,1,0
(direct) / (none),(direct),財經M平方觀點：聯準會持續鷹派，美國房市供需雙降 - 遠雄房地產,/life-proposal/expert_macromicro_20221021/,1,1,1,1,2
baidu / organic,(organic),財經M平方觀點：2023 年全球經濟三大重點，各國經濟將如何復甦？ - 遠雄房地產,/life-proposal/expert_macromicro_20221220/,1,1,1,1,6
chatgpt.com / referral,(referral),財經M平方觀點：2023 台灣房市展望，解析兩大原因與政策衝擊 - 遠雄房地產,/life-proposal/expert_macromicro_20230117/,1,1,1,1,6
(direct) / (none),(direct),財經M平方觀點：通膨與就業兩大因素，美國經濟將呈 U 型復甦 - 遠雄房地產,/life-proposal/expert_macromicro_20230306/,1,1,1,1,4
(direct) / (none),(direct),財經M平方觀點：受惠中國解封 全球製造業將逐步落底 - 遠雄房地產,/life-proposal/expert_macromicro_20230320/,1,1,1,1,6
(direct) / (none),(direct),財經M平方觀點：各國房地產全解析，一文讀懂不動產市場運作 - 遠雄房地產,/life-proposal/expert_macromicro_20230328/,1,1,1,1,0
google / organic,(organic),財經M平方觀點：中國經濟復甦趨勢明確，東協國家有望最先受惠 - 遠雄房地產,/life-proposal/expert_macromicro_20230421/,1,1,1,1,2
google / organic,(organic),從房地產運作機制，一窺台灣房市發展 4 問題｜財經M平方觀點 - 遠雄房地產,/life-proposal/expert_macromicro_20230522/,1,1,1,1,520
(direct) / (none),(direct),財經M平方觀點：從房地產運作機制，一窺台灣房市發展 4 問題 - 遠雄房地產,/life-proposal/expert_macromicro_20230522/,1,1,1,1,0
(not set),20251107一輪播,財經M平方觀點：從房地產運作機制，一窺台灣房市發展 4 問題 - 遠雄房地產,/life-proposal/expert_macromicro_20230522/,1,1,1,1,3
(direct) / (none),(direct),財經M平方觀點：解析經濟基本面，掌握日本貨幣政策未來展望 - 遠雄房地產,/life-proposal/expert_macromicro_20230621/,1,1,1,1,9
google / organic,(organic),財經M平方觀點：從Q2財報看下半年經濟復甦可能性 - 遠雄房地產,/life-proposal/expert_macromicro_2023q2_20230816/,1,1,1,1,6
(direct) / (none),(direct),2025 下半年台灣經濟怎麼走？台股、台幣一次解析｜財經M平方觀點 - 遠雄房地產,/life-proposal/expert_macromicro_2025econ_20250730/,1,1,1,1,0
tw.search.yahoo.com / referral,(referral),2025 下半年台灣經濟怎麼走？台股、台幣一次解析｜財經M平方觀點 - 遠雄房地產,/life-proposal/expert_macromicro_2025econ_20250730/,1,1,1,1,97
(direct) / (none),(direct),財經M平方觀點：2025 下半年台灣經濟怎麼走？台股、台幣一次解析 - 遠雄房地產,/life-proposal/expert_macromicro_2025econ_20250730/,1,1,2,2,0
yahoo_native / 5vo1,20251124_1101,財經M平方觀點：2025 下半年台灣經濟怎麼走？台股、台幣一次解析 - 遠雄房地產,/life-proposal/expert_macromicro_2025econ_20250730/,1,1,1,1,705
(direct) / (none),(direct),25Q2 美股財報-深度拆解半導體龍頭與 AI 趨勢 - 遠雄房地產,/life-proposal/expert_macromicro_25q2-financial-statements/,1,1,3,3,57
(direct) / (none),(direct),2025 年中國經濟關鍵議題分析｜財經M平方觀點 - 遠雄房地產,/life-proposal/expert_macromicro_china-economic_20250120/,1,1,1,1,0
(direct) / (none),(direct),財經M平方觀點：降息循環啟動！未來該如何調整資產配置？ - 遠雄房地產,/life-proposal/expert_macromicro_cut-interest-rates_20241030/,1,1,1,1,31
(direct) / (none),(direct),財經M平方觀點：資本支出會太高嗎？一文解析 24Q4 科技巨頭財報 - 遠雄房地產,/life-proposal/expert_macromicro_financial-statements_20250318/,1,1,1,1,26
yahoo / organic,(organic),財經M平方觀點：資本支出會太高嗎？一文解析 24Q4 科技巨頭財報 - 遠雄房地產,/life-proposal/expert_macromicro_financial-statements_20250318/,1,1,1,1,6
tw.search.yahoo.com / referral,(referral),財經M平方觀點：資本支出會太高嗎？一文解析 24Q4 科技巨頭財報 - 遠雄房地產,/life-proposal/expert_macromicro_financial-statements_20250318/,1,1,1,1,0
news.google.com / referral,(referral),財經M平方觀點：美國 Q1 GDP 季增年率翻負！對等關稅下經濟怎麼走？ - 遠雄房地產,/life-proposal/expert_macromicro_fomc2025_20250618/,1,1,1,1,2
avivid / bh11,20251212,全球超長債殖利率飆升：結構性壓力與長短期解方全解析 - 遠雄房地產,/life-proposal/expert_macromicro_global-bond-yields/,1,1,1,1,179
(not set),系統測試,全球超長債殖利率飆升：結構性壓力與長短期解方全解析 - 遠雄房地產,/life-proposal/expert_macromicro_global-bond-yields/,1,1,2,2,1
(direct) / (none),(direct),全球超長債殖利率飆升：結構性壓力與長短期解方全解析｜財經M平方觀點 - 遠雄房地產,/life-proposal/expert_macromicro_global-bond-yields/,1,1,1,1,0
chatgpt.com / (not set),(not set),全球超長債殖利率飆升：結構性壓力與長短期解方全解析｜財經M平方觀點 - 遠雄房地產,/life-proposal/expert_macromicro_global-bond-yields/,1,1,1,1,30
tw.search.yahoo.com / referral,(referral),財經M平方觀點：降息了黃金一定會漲嗎？探討未來黃金走勢 - 遠雄房地產,/life-proposal/expert_macromicro_golden_20241119/,1,1,1,1,239
(direct) / (none),(direct),降息了黃金一定會漲嗎？探討未來黃金走勢｜財經M平方觀點 - 遠雄房地產,/life-proposal/expert_macromicro_golden_20241119/,1,1,1,1,1
yahoo / organic,(organic),降息了黃金一定會漲嗎？探討未來黃金走勢｜財經M平方觀點 - 遠雄房地產,/life-proposal/expert_macromicro_golden_20241119/,1,1,1,1,42
tw.search.yahoo.com / referral,(referral),降息了黃金一定會漲嗎？探討未來黃金走勢｜財經M平方觀點 - 遠雄房地產,/life-proposal/expert_macromicro_golden_20241119/,1,1,1,1,0
(not set),20251209一輪播,降息了黃金一定會漲嗎？探討未來黃金走勢｜財經M平方觀點 - 遠雄房地產,/life-proposal/expert_macromicro_golden_20241119/,1,1,1,1,3
(direct) / (none),(direct),財經M平方觀點：台灣房價 Q2 再度創高，打房效果是否逐步遞減？ - 遠雄房地產,/life-proposal/expert_macromicro_housing_03q2_20230928/,1,1,1,1,0
socialmedia / fgr,ig0726,財經M平方觀點：台灣房價 Q2 再度創高，打房效果是否逐步遞減？ - 遠雄房地產,/life-proposal/expert_macromicro_housing_03q2_20230928/,1,1,1,1,13
bing / organic,(organic),全台Q2房市繼續火爆，限貸令會如何影響房市後續｜財經M平方觀點 - 遠雄房地產,/life-proposal/expert_macromicro_housing_2024q2_20240830/,1,1,1,1,10
(direct) / (none),(direct),全台Q3房價創高，但後續房市將變天？｜財經M平方觀點 - 遠雄房地產,/life-proposal/expert_macromicro_housing_2024q3_20241106/,1,1,1,1,0
(direct) / (none),(direct),財經M平方觀點：全台Q3房價創高，但後續房市將變天？ - 遠雄房地產,/life-proposal/expert_macromicro_housing_2024q3_20241106/,1,1,1,1,20
google / organic,(organic),財經M平方觀點：全台Q3房價創高，但後續房市將變天？ - 遠雄房地產,/life-proposal/expert_macromicro_housing_2024q3_20241106/,1,1,1,1,0
socialmedia / fgr,fb1129,財經M平方觀點：全台Q3房價創高，但後續房市將變天？ - 遠雄房地產,/life-proposal/expert_macromicro_housing_2024q3_20241106/,1,1,1,1,0
bing / organic,(organic),財經M平方觀點：2024年台灣房市展望 - 遠雄房地產,/life-proposal/expert_macromicro_housing_2024trend_20231125/,1,1,1,1,74
google / organic,(organic),財經M平方觀點：進入 2025 年如何展望台灣房市，央行信用管制效果還在? - 遠雄房地產,/life-proposal/expert_macromicro_housing_2025view_20250205/,1,1,1,1,8
tw.search.yahoo.com / referral,(referral),財經M平方觀點：進入 2025 年如何展望台灣房市，央行信用管制效果還在? - 遠雄房地產,/life-proposal/expert_macromicro_housing_2025view_20250205/,1,1,1,1,69
google / organic,(organic),台灣房市價量回升，房市牛市延續兩大重點解析｜財經M平方觀點 - 遠雄房地產,/life-proposal/expert_macromicro_housing_market_20240222/,1,1,1,1,118
bing / organic,(organic),財經M平方觀點：新青安政策刺激房市價量熱絡，預售屋快速回溫 - 遠雄房地產,/life-proposal/expert_macromicro_housing_policy_20240507/,1,1,1,1,62
google / organic,(organic),財經M平方觀點：新青安政策刺激房市價量熱絡，預售屋快速回溫 - 遠雄房地產,/life-proposal/expert_macromicro_housing_policy_20240507/,1,1,1,1,5
google / organic,(organic),中國結構性問題解析及全球經濟影響｜財經M平方觀點 - 遠雄房地產,/life-proposal/expert_macromicro_mec_china_20231222/,1,1,1,1,114
(not set),(not set),股債位階與循環配置建議｜財經M平方觀點 - 遠雄房地產,/life-proposal/expert_macromicro_mec_cycle_20240430/,1,1,1,1,2
bing / organic,(organic),股債位階與循環配置建議｜財經M平方觀點 - 遠雄房地產,/life-proposal/expert_macromicro_mec_cycle_20240430/,1,1,1,1,40
(direct) / (none),(direct),對抗通膨的最後一哩路，油價有可能造成阻礙嗎｜財經M平方觀點 - 遠雄房地產,/life-proposal/expert_macromicro_mec_oil_20231018/,1,1,1,1,0
glorytech.tw / referral,(referral),美債殖利率創新高，三大面向解析後續走勢｜財經M平方觀點 - 遠雄房地產,/life-proposal/expert_macromicro_mec_oil_20231125/,1,1,1,1,6
(direct) / (none),(direct),財經M平方觀點：美債殖利率創新高，三大面向解析後續走勢 - 遠雄房地產,/life-proposal/expert_macromicro_mec_oil_20231125/,1,1,1,1,3
(direct) / (none),(direct),財經M平方觀點：台灣景氣燈號連二黃紅燈，這波行情能走多遠？ - 遠雄房地產,/life-proposal/expert_macromicro_mec_prosperity_20240725/,1,1,1,1,4
google / organic,(organic),財經M平方觀點：解析科技巨頭Q2財報表現！為何引發股市暴跌？ - 遠雄房地產,/life-proposal/expert_macromicro_mec_q2tec_20240903/,1,1,1,1,25
baidu / organic,(organic),財經M平方觀點：關稅搶出口潮退去後，2025下半年製造業還有支撐嗎？ - 遠雄房地產,/life-proposal/expert_macromicro_mfg-h2_20250820/,1,1,1,1,0
baidu / organic,(organic),财经M平方观点：关税抢出口潮退去后，2025下半年制造业还有支撑吗？ - 远雄房地产,/life-proposal/expert_macromicro_mfg-h2_20250820/,1,1,0,0,59
(not set),20251023一輪播,關稅搶出口潮退去後，2025下半年製造業還有支撐嗎？｜財經M平方觀點 - 遠雄房地產,/life-proposal/expert_macromicro_mfg-h2_20250820/,1,1,1,1,7
(direct) / (none),(direct),對等關稅引發全球市場動盪 貴金屬適合投資嗎？｜財經M平方觀點 - 遠雄房地產,/life-proposal/expert_macromicro_precious-metals_20250430/,1,1,1,1,5
yahoo / organic,(organic),對等關稅引發全球市場動盪 貴金屬適合投資嗎？｜財經M平方觀點 - 遠雄房地產,/life-proposal/expert_macromicro_precious-metals_20250430/,1,1,1,1,41
(not set),20251209一輪播,財經M平方觀點：對等關稅引發全球市場動盪 貴金屬適合投資嗎？ - 遠雄房地產,/life-proposal/expert_macromicro_precious-metals_20250430/,1,1,0,0,0
tagassistant.google.com / referral,(referral),全球貨幣戰：穩定幣的發展與投資機會 | 財經M平方觀點 - 遠雄房地產,/life-proposal/expert_macromicro_stablecoin/,1,1,1,1,1
google / organic,(organic),找不到頁面 - 遠雄房地產,/life-proposal/expert_macromicro_stablecoin/,1,1,1,1,4
mkto-sn070013.com / referral,(referral),找不到頁面 - 遠雄房地產,/life-proposal/expert_macromicro_stablecoin/,1,1,1,1,1
statics.teams.cdn.office.net / referral,(referral),找不到頁面 - 遠雄房地產,/life-proposal/expert_macromicro_stablecoin/,1,1,1,1,9
bing / organic,(organic),財經M平方觀點：貿易戰開打！關稅壁壘會帶來甚麼影響？ - 遠雄房地產,/life-proposal/expert_macromicro_tariff_20250218/,1,1,1,1,0
google / organic,(organic),財經M平方觀點：貿易戰開打！關稅壁壘會帶來甚麼影響？ - 遠雄房地產,/life-proposal/expert_macromicro_tariff_20250218/,1,1,1,1,121
google / organic,(organic),貿易戰開打！關稅壁壘會帶來甚麼影響？｜財經M平方觀點 - 遠雄房地產,/life-proposal/expert_macromicro_tariff_20250218/,1,1,1,1,21
google / cpc,Pmax,貿易戰開打！關稅壁壘會帶來甚麼影響？｜財經M平方觀點 - 遠雄房地產,/life-proposal/expert_macromicro_tariff_20250218/,1,1,1,1,133
(direct) / (none),(direct),對等關稅下，新興亞洲將面臨哪些挑戰？｜財經M平方觀點 - 遠雄房地產,/life-proposal/expert_macromicro_tariffs-to-asia_20250528/,1,1,1,1,26
(direct) / (none),(direct),財經M平方觀點：對等關稅下，新興亞洲將面臨哪些挑戰？ - 遠雄房地產,/life-proposal/expert_macromicro_tariffs-to-asia_20250528/,1,1,1,1,19
(direct) / (none),(direct),劉佩真觀點：從國內製造業的發展現況看工業地產之趨勢 - 遠雄房地產,/life-proposal/expert_peizhen_20230331/,1,1,1,1,0
google / organic,(organic),劉佩真觀點：開發商與科技業為2024年國內土地交易推升的主力 - 遠雄房地產,/life-proposal/expert_peizhen_2024-land-deal_20241213/,1,1,1,1,2
google / organic,(organic),開發商與科技業為2024年國內土地交易推升的主力｜劉佩真觀點 - 遠雄房地產,/life-proposal/expert_peizhen_2024-land-deal_20241213/,1,1,1,1,62
(direct) / (none),(direct),劉佩真觀點：2024年第二季房市觀測-房市呈價量齊揚，而央行出手成效待觀察 - 遠雄房地產,/life-proposal/expert_peizhen_2024q2review_20240703/,1,1,1,1,29
google / organic,(organic),2024年第三季房市觀測-商用不動產、住宅市況兩樣情，呈現強弱分明態勢｜劉佩真觀點 - 遠雄房地產,/life-proposal/expert_peizhen_2024q3review_20241001/,1,1,1,1,23
(direct) / (none),(direct),劉佩真觀點：2024年第三季房市觀測-商用不動產、住宅市況兩樣情，呈現強弱分明態勢 - 遠雄房地產,/life-proposal/expert_peizhen_2024q3review_20241001/,1,1,1,1,0
bing / organic,(organic),2024年房市為前高後低態勢、2025年將進入調整階段｜劉佩真觀點 - 遠雄房地產,/life-proposal/expert_peizhen_2024review_20250107/,1,1,2,2,43
yahoo / organic,(organic),2024年房市為前高後低態勢、2025年將進入調整階段｜劉佩真觀點 - 遠雄房地產,/life-proposal/expert_peizhen_2024review_20250107/,1,1,1,1,0
cn.bing.com / referral,(referral),2024年房市為前高後低態勢、2025年將進入調整階段｜劉佩真觀點 - 遠雄房地產,/life-proposal/expert_peizhen_2024review_20250107/,1,1,2,2,77
chatgpt.com / (not set),(not set),2025年第三季房市觀測-政策觀望期延續，市場靜待轉折契機｜劉佩真觀點 - 遠雄房地產,/life-proposal/expert_peizhen_2025q3review/,1,1,2,2,360
perplexity / (not set),(not set),2025年第三季房市觀測-政策觀望期延續，市場靜待轉折契機｜劉佩真觀點 - 遠雄房地產,/life-proposal/expert_peizhen_2025q3review/,1,1,1,1,1
bing / organic,(organic),劉佩真觀點：2025年第三季房市觀測-政策觀望期延續，市場靜待轉折契機 - 遠雄房地產,/life-proposal/expert_peizhen_2025q3review/,1,1,1,1,163
(not set),20251107一輪播,劉佩真觀點：2025年第三季房市觀測-政策觀望期延續，市場靜待轉折契機 - 遠雄房地產,/life-proposal/expert_peizhen_2025q3review/,1,1,0,0,0
reurl.cc / referral,(referral),[影音] AI科技宅當道！台灣半導體聚落帶動房市｜劉佩真觀點 - 遠雄房地產,/life-proposal/expert_peizhen_ai-housing-trend/,1,1,1,1,0
line-lap / 5vo1,20251123_1102,[影音] AI科技宅當道！台灣半導體聚落帶動房市｜劉佩真觀點 - 遠雄房地產,/life-proposal/expert_peizhen_ai-housing-trend/,1,1,1,1,95
fb / 5vo1,20251102,劉佩真觀點：AI科技宅當道！台灣半導體聚落帶動房市 - 遠雄房地產,/life-proposal/expert_peizhen_ai-housing-trend/,1,1,1,1,12
google / organic,(organic),劉佩真觀點：台灣AI科技供應鏈處全球制高點  拉抬相關地產表現 - 遠雄房地產,/life-proposal/expert_peizhen_commercial_ai-tec_20241003/,1,1,1,1,8
(direct) / (none),(direct),劉佩真觀點：國內六大區域治理計畫，牽動區域商用不動產的發展 - 遠雄房地產,/life-proposal/expert_peizhen_commercial_capitalist-development_20250402/,1,1,1,1,17
bing / organic,(organic),國內六大區域治理計畫，牽動區域商用不動產的發展｜劉佩真觀點 - 遠雄房地產,/life-proposal/expert_peizhen_commercial_capitalist-development_20250402/,1,1,1,1,0
google / organic,(organic),國內六大區域治理計畫，牽動區域商用不動產的發展｜劉佩真觀點 - 遠雄房地產,/life-proposal/expert_peizhen_commercial_capitalist-development_20250402/,1,1,1,1,3
mkto-sn070013.com / referral,(referral),銀髮住宅可望成為台灣房地產市場的新藍海｜劉佩真觀點 - 遠雄房地產,/life-proposal/expert_peizhen_commercial_elderly-residence_20250509/,1,1,1,1,5
(not set),20251209一輪播,銀髮住宅可望成為台灣房地產市場的新藍海｜劉佩真觀點 - 遠雄房地產,/life-proposal/expert_peizhen_commercial_elderly-residence_20250509/,1,1,1,1,4
reurl.cc / referral,(referral),輝達黃仁勳旋風對於台灣房市帶來的正面效應｜劉佩真觀點 - 遠雄房地產,/life-proposal/expert_peizhen_commercial_nvidia_20250603/,1,1,1,1,0
google / organic,(organic),劉佩真觀點：科技業制壓傳產，為商用不動產自用買盤主要驅動力 - 遠雄房地產,/life-proposal/expert_peizhen_commercial_tec-wins_20250205/,1,1,1,1,0
(direct) / (none),(direct),劉佩真觀點：從行業別、區域分布看2024年商用不動產投資買賣市場脈動 - 遠雄房地產,/life-proposal/expert_peizhen_commerical-trend_20240603/,1,1,1,1,3
app.clickup.com / referral,(referral),劉佩真觀點：從行業別、區域分布看2024年商用不動產投資買賣市場脈動 - 遠雄房地產,/life-proposal/expert_peizhen_commerical-trend_20240603/,1,1,1,1,2
(not set),20251107一輪播,劉佩真觀點：從行業別、區域分布看2024年商用不動產投資買賣市場脈動 - 遠雄房地產,/life-proposal/expert_peizhen_commerical-trend_20240603/,1,1,1,1,17
(direct) / (none),(direct),從行業別、區域分布看2024年商用不動產投資買賣市場脈動｜劉佩真觀點 - 遠雄房地產,/life-proposal/expert_peizhen_commerical-trend_20240603/,1,1,1,1,0
google / organic,(organic),從行業別、區域分布看2024年商用不動產投資買賣市場脈動｜劉佩真觀點 - 遠雄房地產,/life-proposal/expert_peizhen_commerical-trend_20240603/,1,1,1,1,0
fb / bh11,8-1,[影音] 劉佩真觀點：從總體經營環境來看2025下半年住宅與商用市場最新動態 - 遠雄房地產,/life-proposal/expert_peizhen_oee_2025h2/,1,1,1,1,1
google / organic,(organic),[影音] 從總體經營環境來看2025下半年住宅與商用市場最新動態｜劉佩真觀點 - 遠雄房地產,/life-proposal/expert_peizhen_oee_2025h2/,1,1,1,1,2
google / cpc,202511,劉佩真觀點：辦公室租賃將告別房東市場，然企業升級需求為重點 - 遠雄房地產,/life-proposal/expert_peizhen_office-rental_20250805/,1,1,1,1,86
fb / bh11,8-1,劉佩真觀點：辦公室租賃將告別房東市場，然企業升級需求為重點 - 遠雄房地產,/life-proposal/expert_peizhen_office-rental_20250805/,1,1,2,2,3
(not set),20251209一輪播,劉佩真觀點：辦公室租賃市場供需與重要趨勢變化之解析 - 遠雄房地產,/life-proposal/expert_peizhen_officemarket_20240806/,1,1,1,1,57
google / organic,(organic),辦公室租賃市場供需與重要趨勢變化之解析｜劉佩真觀點 - 遠雄房地產,/life-proposal/expert_peizhen_officemarket_20240806/,1,1,1,1,105
tw.search.yahoo.com / referral,(referral),辦公室租賃市場供需與重要趨勢變化之解析｜劉佩真觀點 - 遠雄房地產,/life-proposal/expert_peizhen_officemarket_20240806/,1,1,1,1,0
(direct) / (none),(direct),2025年第一季房市觀測 - 政策與銀行管制未鬆綁，短期國內房市陷入調整期｜劉佩真觀點 - 遠雄房地產,/life-proposal/expert_peizhen_property-2025q1_20250418/,1,1,1,1,25
canva.com / referral,(referral),劉佩真觀點：2025年第一季房市觀測 - 政策與銀行管制未鬆綁，短期國內房市陷入調整期 - 遠雄房地產,/life-proposal/expert_peizhen_property-2025q1_20250418/,1,1,1,1,9
house.ettoday.net / referral,(referral),劉佩真觀點：2025年第一季房市觀測 - 政策與銀行管制未鬆綁，短期國內房市陷入調整期 - 遠雄房地產,/life-proposal/expert_peizhen_property-2025q1_20250418/,1,1,1,1,9
google / organic,(organic),2025年第二季房市觀測 - 關稅、打炒房持續等利空，Q3房市景氣還有機會回升嗎？｜劉佩真觀點 - 遠雄房地產,/life-proposal/expert_peizhen_property-2025q2_20250707/,1,1,1,1,100
google / cpc,brand,2025年第二季房市觀測 - 關稅、打炒房持續等利空，Q3房市景氣還有機會回升嗎？｜劉佩真觀點 - 遠雄房地產,/life-proposal/expert_peizhen_property-2025q2_20250707/,1,1,1,1,66
gemini.google.com / referral,(referral),劉佩真觀點：2025年第二季房市觀測 - 關稅、打炒房持續等利空，Q3房市景氣還有機會回升嗎？ - 遠雄房地產,/life-proposal/expert_peizhen_property-2025q2_20250707/,1,1,1,1,1
google / organic,(organic),2025年房市景氣顯著衰退、2026年將進入盤整階段 - 遠雄房地產,/life-proposal/expert_peizhen_real-estate-2026/,1,1,1,1,21
statics.teams.cdn.office.net / referral,(referral),2025年房市景氣顯著衰退、2026年將進入盤整階段 - 遠雄房地產,/life-proposal/expert_peizhen_real-estate-2026/,1,1,1,1,84
statics.teams.cdn.office.net / referral,(referral),找不到頁面 - 遠雄房地產,/life-proposal/expert_peizhen_real-estate-2026/,1,1,1,1,4
(direct) / (none),(direct),[影音] 科學園區帶動房市新熱潮：竹科、中科、南科的投資分析｜劉佩真觀點 - 遠雄房地產,/life-proposal/expert_peizhen_science-park-housing,1,1,1,1,0
google / organic,(organic),[影音] 科學園區帶動房市新熱潮：竹科、中科、南科的投資分析 - 遠雄房地產,/life-proposal/expert_peizhen_science-park-housing/,1,1,1,1,20
(data not available),(cross-network),[影音] 科學園區帶動房市新熱潮：竹科、中科、南科的投資分析｜劉佩真觀點 - 遠雄房地產,/life-proposal/expert_peizhen_science-park-housing/,1,1,1,1,4
(not set),(not set),[影音] 科學園區帶動房市新熱潮：竹科、中科、南科的投資分析｜劉佩真觀點 - 遠雄房地產,/life-proposal/expert_peizhen_science-park-housing/,1,1,0,0,96
chatgpt.com / (not set),(not set),[影音] 科學園區帶動房市新熱潮：竹科、中科、南科的投資分析｜劉佩真觀點 - 遠雄房地產,/life-proposal/expert_peizhen_science-park-housing/,1,1,1,1,0
bing / organic,(organic),[影音] 科學園區帶動房市新熱潮：竹科、中科、南科的投資分析｜劉佩真觀點 - 遠雄房地產,/life-proposal/expert_peizhen_science-park-housing/,1,1,1,1,22
statics.teams.cdn.office.net / referral,(referral),[影音] 科學園區帶動房市新熱潮：竹科、中科、南科的投資分析｜劉佩真觀點 - 遠雄房地產,/life-proposal/expert_peizhen_science-park-housing/,1,1,1,1,9
fgr-line / fgr,cleaning_20221223,[影音] 科學園區帶動房市新熱潮：竹科、中科、南科的投資分析｜劉佩真觀點 - 遠雄房地產,/life-proposal/expert_peizhen_science-park-housing/,1,1,1,1,367
tagassistant.google.com / referral,(referral),[影音] 半導體業近期投資趨勢將如何影響國內商用不動產的表現 - 遠雄房地產,/life-proposal/expert_peizhen_semiconductor_video/,1,1,5,5,89
fgr-line / fgr,expert_peizhen_ai-housing-trend,[影音] 半導體業近期投資趨勢將如何影響國內商用不動產的表現 - 遠雄房地產,/life-proposal/expert_peizhen_semiconductor_video/,1,1,1,1,7
(direct) / (none),(direct),[影音] 半導體業近期投資趨勢將如何影響國內商用不動產的表現｜劉佩真觀點 - 遠雄房地產,/life-proposal/expert_peizhen_semiconductor_video/,1,1,1,1,26
excel.officeapps.live.com / referral,(referral),[影音] 半導體業近期投資趨勢將如何影響國內商用不動產的表現｜劉佩真觀點 - 遠雄房地產,/life-proposal/expert_peizhen_semiconductor_video/,1,1,4,4,30
(not set),部會,[影音] 半導體業近期投資趨勢將如何影響國內商用不動產的表現｜劉佩真觀點 - 遠雄房地產,/life-proposal/expert_peizhen_semiconductor_video/,1,1,0,0,0
(data not available),(cross-network),南台灣產業轉型如何改變房市？影響面向與市場趨勢解析｜劉佩真觀點 - 遠雄房地產,/life-proposal/expert_peizhen_southern-taiwan/,1,1,2,2,8
inoreader.com / referral,(referral),南台灣產業轉型如何改變房市？影響面向與市場趨勢解析｜劉佩真觀點 - 遠雄房地產,/life-proposal/expert_peizhen_southern-taiwan/,1,1,1,1,4
(direct) / (none),(direct),找不到頁面 - 遠雄房地產,/life-proposal/expert_peizhen_southern-taiwan/,1,1,1,1,3
(not set),20251209一輪播,劉佩真觀點：科技業對於辦公大樓租賃或購置的需求趨勢 - 遠雄房地產,/life-proposal/expert_peizhen_tech-office_20240206/,1,1,0,0,0
google / organic,(organic),【商用不動產講堂】北市辦公租賃市場概況如何？ - 遠雄房地產,/life-proposal/expert_peizhen_topics_commerical_office_20240828/,1,1,1,1,25
tw.search.yahoo.com / referral,(referral),【商用不動產講堂】北市辦公租賃市場概況如何？ - 遠雄房地產,/life-proposal/expert_peizhen_topics_commerical_office_20240828/,1,1,1,1,4
google / organic,(organic),【商用不動產講堂】北市辦公租賃市場概況如何？｜劉佩真觀點 - 遠雄房地產,/life-proposal/expert_peizhen_topics_commerical_office_20240828/,1,1,2,2,4
google / organic,(organic),找不到頁面 - 遠雄房地產,/life-proposal/expert_point/land_zhu/,1,1,1,1,3
(direct) / (none),(direct),何世昌觀點：三大因素驅動，雙北市房價「蛋花湯」現象成為現在進行式　 - 遠雄房地產,/life-proposal/expert_shuangbei_20250822/,1,1,1,1,14
perplexity / (not set),(not set),何世昌觀點：三大因素驅動，雙北市房價「蛋花湯」現象成為現在進行式　 - 遠雄房地產,/life-proposal/expert_shuangbei_20250822/,1,1,1,1,166
google / organic,(organic),(1) 封未讀訊息 | 輝達總部確立，房市受惠區在哪裡？｜何世昌觀點 - 遠雄房地產,/life-proposal/expert_thinktank_nvidia_20250729/,1,1,0,0,53
(direct) / (none),(direct),何世昌觀點：輝達總部確立，房市受惠區在哪裡？ - 遠雄房地產,/life-proposal/expert_thinktank_nvidia_20250729/,1,1,1,1,19
line-lap / 5vo1,20251123_1102,何世昌觀點：輝達總部確立，房市受惠區在哪裡？ - 遠雄房地產,/life-proposal/expert_thinktank_nvidia_20250729/,1,1,1,1,86
(not set),20251209一輪播,何世昌觀點：輝達總部確立，房市受惠區在哪裡？ - 遠雄房地產,/life-proposal/expert_thinktank_nvidia_20250729/,1,1,0,0,0
reurl.cc / referral,(referral),輝達總部確立，房市受惠區在哪裡？｜何世昌觀點 - 遠雄房地產,/life-proposal/expert_thinktank_nvidia_20250729/,1,1,2,2,0
google / cpc,area,輝達總部確立，房市受惠區在哪裡？｜何世昌觀點 - 遠雄房地產,/life-proposal/expert_thinktank_nvidia_20250729/,1,1,1,1,413
(direct) / (none),(direct),[影音] 買房後發現實際面積比權狀縮水，該找誰求償? - 遠雄房地產,/life-proposal/expert_zhu_area-discrepancy_20250827/,1,1,1,1,17
fgr-line / dh5,20251130,[影音] 買房後發現實際面積比權狀縮水，該找誰求償? - 遠雄房地產,/life-proposal/expert_zhu_area-discrepancy_20250827/,1,1,1,1,3
socialmedia / fgr,shorts20251209,[影音] 買房後發現實際面積比權狀縮水，該找誰求償? - 遠雄房地產,/life-proposal/expert_zhu_area-discrepancy_20250827/,1,1,1,1,0
(direct) / (none),(direct),[影音] 買房後發現實際面積比權狀縮水，該找誰求償?｜專家觀點地政篇 - 遠雄房地產,/life-proposal/expert_zhu_area-discrepancy_20250827/,1,1,1,1,9
socialmedia / fgr,fb20251209,[影音] 買房後發現實際面積比權狀縮水，該找誰求償?｜專家觀點地政篇 - 遠雄房地產,/life-proposal/expert_zhu_area-discrepancy_20250827/,1,1,1,1,45
fgr-line / fgr,playlist=e93ee4e&video=58b6cce,[影音] 買房後發現實際面積比權狀縮水，該找誰求償?｜專家觀點地政篇 - 遠雄房地產,/life-proposal/expert_zhu_area-discrepancy_20250827/,1,1,1,1,14
(direct) / (none),(direct),人在國外想買房，簽約、貸款與登記要注意什麼？(上)｜專家觀點地政篇 - 遠雄房地產,/life-proposal/expert_zhu_buyhouse_abroad1_20240303/,1,1,1,1,1
bing / organic,(organic),人在國外想買房，簽約、貸款與登記要注意什麼？(上)｜專家觀點地政篇 - 遠雄房地產,/life-proposal/expert_zhu_buyhouse_abroad1_20240303/,1,1,1,1,0
(direct) / (none),(direct),專家觀點地政篇：人在國外想買房，簽約、貸款與登記要注意什麼？(上) - 遠雄房地產,/life-proposal/expert_zhu_buyhouse_abroad1_20240303/,1,1,1,1,38
(direct) / (none),(direct),人在國外想買房，簽約、貸款與登記要注意什麼？(下)｜專家觀點地政篇 - 遠雄房地產,/life-proposal/expert_zhu_buyhouse_abroad2_20240320/,1,1,1,1,1
tw.search.yahoo.com / referral,(referral),專家觀點地政篇：人在國外想買房，簽約、貸款與登記要注意什麼？(下) - 遠雄房地產,/life-proposal/expert_zhu_buyhouse_abroad2_20240320/,1,1,1,1,10
bing / organic,(organic),[影音] 預售屋購買注意事項大解析 - 應記載事項與不得記載事項 - 遠雄房地產,/life-proposal/expert_zhu_buyhouse_contract1_20240430/,1,1,1,1,0
mkto-sn070013.com / referral,(referral),合資買房如何保障自身權益？｜專家觀點地政篇 - 遠雄房地產,/life-proposal/expert_zhu_buyhouse_joint_20240117/,1,1,1,1,152
(not set),20251023一輪播,合資買房如何保障自身權益？｜專家觀點地政篇 - 遠雄房地產,/life-proposal/expert_zhu_buyhouse_joint_20240117/,1,1,1,1,91
chatgpt.com / referral,(referral),央行的信用管制對貸款有何影響?｜專家觀點地政篇 - 遠雄房地產,/life-proposal/expert_zhu_credit_20231020/,1,1,3,3,77
(direct) / (none),(direct),專家觀點地政篇：空屋稅的真相？房子閒置前你該考慮的事 - 遠雄房地產,/life-proposal/expert_zhu_eht_20250625/,1,1,1,1,3
bing / organic,(organic),空屋稅的真相？房子閒置前你該考慮的事｜專家觀點地政篇 - 遠雄房地產,/life-proposal/expert_zhu_eht_20250625/,1,1,1,1,0
(not set),20251230一輪播,空屋稅的真相？房子閒置前你該考慮的事｜專家觀點地政篇 - 遠雄房地產,/life-proposal/expert_zhu_eht_20250625/,1,1,0,0,0
sn07.marketodesigner.com / referral,(referral),專家觀點地政篇：防範代書詐騙，如何查詢地政士的合法性？ - 遠雄房地產,/life-proposal/expert_zhu_expert_zhu_land-agent_20250917/,1,1,1,1,0
bing / organic,(organic),防範代書詐騙，如何查詢地政士的合法性？｜專家觀點地政篇 - 遠雄房地產,/life-proposal/expert_zhu_expert_zhu_land-agent_20250917/,1,1,1,1,11
(direct) / (none),(direct),[影音] 假結婚與房產繼承 - 五億遺產的法律爭奪戰｜專家觀點地政篇 - 遠雄房地產,/life-proposal/expert_zhu_fake-marriage-law/,1,1,1,1,15
google / organic,(organic),[影音] 假結婚與房產繼承 - 五億遺產的法律爭奪戰｜專家觀點地政篇 - 遠雄房地產,/life-proposal/expert_zhu_fake-marriage-law/,1,1,1,1,3
google / organic,(organic),[影音] 專家觀點地政篇：假結婚與房產繼承 - 五億遺產的法律爭奪戰 - 遠雄房地產,/life-proposal/expert_zhu_fake-marriage-law/,1,1,1,1,14
excel.officeapps.live.com / referral,(referral),[影音] 專家觀點地政篇：假結婚與房產繼承 - 五億遺產的法律爭奪戰 - 遠雄房地產,/life-proposal/expert_zhu_fake-marriage-law/,1,1,1,1,1
socialmedia / fgr,fb20251121,[影音] 專家觀點地政篇：假結婚與房產繼承 - 五億遺產的法律爭奪戰 - 遠雄房地產,/life-proposal/expert_zhu_fake-marriage-law/,1,1,1,1,0
(direct) / (none),(direct),找不到頁面 - 遠雄房地產,/life-proposal/expert_zhu_false-renovation-traps/,1,1,1,1,0
(data not available),(cross-network),賣房想省稅？別踩房地合一稅虛報裝修陷阱 | 專家觀點地政篇 - 遠雄房地產,/life-proposal/expert_zhu_false-renovation-traps/,1,1,4,4,9
line-lap / 5vo1,20251123_1102,賣房想省稅？別踩房地合一稅虛報裝修陷阱 | 專家觀點地政篇 - 遠雄房地產,/life-proposal/expert_zhu_false-renovation-traps/,1,1,1,1,176
(not set),20251230一輪播,賣房想省稅？別踩房地合一稅虛報裝修陷阱 | 專家觀點地政篇 - 遠雄房地產,/life-proposal/expert_zhu_false-renovation-traps/,1,1,0,0,0
fgr-line / fgr,expert_zhu_ownership-criteria,賣房想省稅？別踩房地合一稅虛報裝修陷阱 | 專家觀點地政篇 - 遠雄房地產,/life-proposal/expert_zhu_false-renovation-traps/,1,1,1,1,282
(not set),系統測試,賣房想省稅？別踩房地合一稅虛報裝修陷阱 | 專家觀點地政篇 - 遠雄房地產,/life-proposal/expert_zhu_false-renovation-traps/,1,1,1,1,4
(direct) / (none),(direct),五月報稅稅法修正重點整理｜專家觀點地政篇 - 遠雄房地產,/life-proposal/expert_zhu_file-taxes_20250409/,1,1,1,1,3
(direct) / (none),(direct),專家觀點地政篇：五月報稅稅法修正重點整理 - 遠雄房地產,/life-proposal/expert_zhu_file-taxes_20250409/,1,1,1,1,2
google / organic,(organic),專家觀點地政篇：五月報稅稅法修正重點整理 - 遠雄房地產,/life-proposal/expert_zhu_file-taxes_20250409/,1,1,1,1,17
bing / organic,(organic),專家觀點地政篇：生前贈與還是繳遺產稅，哪個比較划算？結果可能超乎你的想像 - 遠雄房地產,/life-proposal/expert_zhu_gift-and-estate-tax_20250509/,1,1,1,1,24
(not set),20251209一輪播,生前贈與還是繳遺產稅，哪個比較划算？結果可能超乎你的想像｜專家觀點地政篇 - 遠雄房地產,/life-proposal/expert_zhu_gift-and-estate-tax_20250509/,1,1,1,1,271
tw.search.yahoo.com / referral,(referral),專家觀點地政篇：不動產抵押權重點詳解 - 遠雄房地產,/life-proposal/expert_zhu_hypothec_20230815/,1,1,1,1,18
(not set),20251209一輪播,專家觀點地政篇：不動產抵押權重點詳解 - 遠雄房地產,/life-proposal/expert_zhu_hypothec_20230815/,1,1,0,0,0
yahoo / organic,(organic),專家觀點地政篇：繼承房產兄弟姊妹吵翻天？遺囑、登記與分配機制一次講清楚 - 遠雄房地產,/life-proposal/expert_zhu_inherit-siblings_20250704/,1,1,1,1,3
copilot.microsoft.com / referral,(referral),專家觀點地政篇：繼承房產兄弟姊妹吵翻天？遺囑、登記與分配機制一次講清楚 - 遠雄房地產,/life-proposal/expert_zhu_inherit-siblings_20250704/,1,1,1,1,151
perplexity.ai / referral,(referral),繼承房產兄弟姊妹吵翻天？遺囑、登記與分配機制一次講清楚｜專家觀點地政篇 - 遠雄房地產,/life-proposal/expert_zhu_inherit-siblings_20250704/,1,1,1,1,0
tw.search.yahoo.com / referral,(referral),繼承房產兄弟姊妹吵翻天？遺囑、登記與分配機制一次講清楚｜專家觀點地政篇 - 遠雄房地產,/life-proposal/expert_zhu_inherit-siblings_20250704/,1,1,1,1,106
tw.search.yahoo.com / referral,(referral),專家觀點地政篇：繼承取得不動產，如何課徵房地合一稅？ - 遠雄房地產,/life-proposal/expert_zhu_inheritance_20230921/,1,1,1,1,10
(not set),20251209一輪播,專家觀點地政篇：繼承取得不動產，如何課徵房地合一稅？ - 遠雄房地產,/life-proposal/expert_zhu_inheritance_20230921/,1,1,0,0,0
(not set),20251230一輪播,專家觀點地政篇：繼承取得不動產，如何課徵房地合一稅？ - 遠雄房地產,/life-proposal/expert_zhu_inheritance_20230921/,1,1,0,0,1
(direct) / (none),(direct),[ 影音 ]房產移轉如何過戶子女才划算？｜專家觀點地政篇 - 遠雄房地產,/life-proposal/expert_zhu_inherited_20230512/,1,1,1,1,7
tw.search.yahoo.com / referral,(referral),專家觀點地政篇：邱澤不動產傳聞揭秘，實價登錄與容積移轉的真相 - 遠雄房地產,/life-proposal/expert_zhu_land-deal_20250813/,1,1,1,1,66
perplexity / (not set),(not set),邱澤不動產傳聞揭秘，實價登錄與容積移轉的真相｜專家觀點地政篇 - 遠雄房地產,/life-proposal/expert_zhu_land-deal_20250813/,1,1,1,1,16
mkto-sn070013.com / referral,(referral),邱澤不動產傳聞揭秘，實價登錄與容積移轉的真相｜專家觀點地政篇 - 遠雄房地產,/life-proposal/expert_zhu_land-deal_20250813/,1,1,1,1,158
(direct) / (none),(direct),專家觀點地政篇：限貸令對各族群影響 (下) 首購、換屋、繼承族群影響為何? - 遠雄房地產,/life-proposal/expert_zhu_loan-restriction2_20250219/,1,1,1,1,116
(not set),20251107一輪播,專家觀點地政篇：限貸令對各族群影響 (下) 首購、換屋、繼承族群影響為何? - 遠雄房地產,/life-proposal/expert_zhu_loan-restriction2_20250219/,1,1,0,0,73
(not set),20251209一輪播,專家觀點地政篇：限貸令對各族群影響 (下) 首購、換屋、繼承族群影響為何? - 遠雄房地產,/life-proposal/expert_zhu_loan-restriction2_20250219/,1,1,1,1,11
tw.search.yahoo.com / referral,(referral),限貸令對各族群影響 (下) 首購、換屋、繼承族群影響為何?｜專家觀點地政篇 - 遠雄房地產,/life-proposal/expert_zhu_loan-restriction2_20250219/,1,1,1,1,123
(not set),20251023一輪播,限貸令對各族群影響 (下) 首購、換屋、繼承族群影響為何?｜專家觀點地政篇 - 遠雄房地產,/life-proposal/expert_zhu_loan-restriction2_20250219/,1,1,1,1,3
(direct) / (none),(direct),限貸令對各族群影響 (上) 選擇性信用管制解析與問題點｜專家觀點地政篇 - 遠雄房地產,/life-proposal/expert_zhu_loan-restriction_20250110/,1,1,2,2,28
yahoo / organic,(organic),[影音] 豪宅稅跟你也有關係：有房族注意！影響與計算不可不知｜專家觀點地政篇 - 遠雄房地產,/life-proposal/expert_zhu_mansion-tax-count_vedio_20250625/,1,1,1,1,9
(not set),(not set),[影音] 豪宅稅跟你也有關係：有房族注意！2025豪宅稅新門檻上路 - 遠雄房地產,/life-proposal/expert_zhu_mansion-tax-definition_vedio_20250523/,1,1,0,0,151
(not set),(not set),[影音] 豪宅稅跟你也有關係：有房族注意！2025豪宅稅新門檻上路｜專家觀點地政篇 - 遠雄房地產,/life-proposal/expert_zhu_mansion-tax-definition_vedio_20250523/,1,1,0,0,164
socialmedia / fgr,ig20250905,[影音] 豪宅稅跟你也有關係：有房族注意！2025豪宅稅新門檻上路｜專家觀點地政篇 - 遠雄房地產,/life-proposal/expert_zhu_mansion-tax-definition_vedio_20250523/,1,1,1,1,6
bing / organic,(organic),[影音] 婚前買房v.s婚後買房｜房子登記誰的名字好｜專家觀點地政篇 - 遠雄房地產,/life-proposal/expert_zhu_marriage_20230614/,1,1,1,1,0
tw.search.yahoo.com / referral,(referral),[影音] 婚前買房v.s婚後買房｜房子登記誰的名字好｜專家觀點地政篇 - 遠雄房地產,/life-proposal/expert_zhu_marriage_20230614/,1,1,1,1,0
(not set),20251023一輪播,[影音] 專家觀點地政篇：婚前買房v.s婚後買房｜房子登記誰的名字好？ - 遠雄房地產,/life-proposal/expert_zhu_marriage_20230614/,1,1,1,1,41
fgr-line / fgr,cleaning_20221223,[影音] 專家觀點地政篇：婚前買房v.s婚後買房｜房子登記誰的名字好？ - 遠雄房地產,/life-proposal/expert_zhu_marriage_20230614/,1,1,1,1,187
google / organic,(organic),找不到頁面 - 遠雄房地產,/life-proposal/expert_zhu_mortgage-lien-priority/,1,1,1,1,0
mkto-sn070013.com / referral,(referral),找不到頁面 - 遠雄房地產,/life-proposal/expert_zhu_mortgage-lien-priority/,1,1,2,2,0
statics.teams.cdn.office.net / referral,(referral),找不到頁面 - 遠雄房地產,/life-proposal/expert_zhu_mortgage-lien-priority/,1,1,1,1,5
mkto-sn070013.com / referral,(referral),買房前必查：銀行不會主動告訴你的「抵押權與順位」 | 專家觀點地政篇 - 遠雄房地產,/life-proposal/expert_zhu_mortgage-lien-priority/,1,1,1,1,8
statics.teams.cdn.office.net / referral,(referral),買房前必查：銀行不會主動告訴你的「抵押權與順位」 | 專家觀點地政篇 - 遠雄房地產,/life-proposal/expert_zhu_mortgage-lien-priority/,1,1,1,1,0
(direct) / (none),(direct),[影音] 專家觀點地政篇：連續繼承房產出售節稅有術 - 遠雄房地產,/life-proposal/expert_zhu_multiple-inheriting_vedio_20250423/,1,1,1,1,0
socialmedia / fgr,ig20250808,[影音] 專家觀點地政篇：連續繼承房產出售節稅有術 - 遠雄房地產,/life-proposal/expert_zhu_multiple-inheriting_vedio_20250423/,1,1,1,1,0
socialmedia / fgr,ig20250808,[影音] 連續繼承房產出售節稅有術｜專家觀點地政篇 - 遠雄房地產,/life-proposal/expert_zhu_multiple-inheriting_vedio_20250423/,1,1,1,1,0
excel.officeapps.live.com / referral,(referral),自用住宅免稅400萬怎麼申請？「持有、設籍、實住」3點不能忽略 | 專家觀點地政篇 - 遠雄房地產,/life-proposal/expert_zhu_ownership-criteria/,1,1,1,1,7
news.google.com / referral,(referral),自用住宅免稅400萬怎麼申請？「持有、設籍、實住」3點不能忽略 | 專家觀點地政篇 - 遠雄房地產,/life-proposal/expert_zhu_ownership-criteria/,1,1,2,2,92
google_kw / 5vo1,202511,自用住宅免稅400萬怎麼申請？「持有、設籍、實住」3點不能忽略 | 專家觀點地政篇 - 遠雄房地產,/life-proposal/expert_zhu_ownership-criteria/,1,1,1,1,208
(not set),20251230一輪播,自用住宅免稅400萬怎麼申請？「持有、設籍、實住」3點不能忽略 | 專家觀點地政篇 - 遠雄房地產,/life-proposal/expert_zhu_ownership-criteria/,1,1,0,0,0
fgr-line / fgr,space_design_smallhouse2_20240521,自用住宅免稅400萬怎麼申請？「持有、設籍、實住」3點不能忽略 | 專家觀點地政篇 - 遠雄房地產,/life-proposal/expert_zhu_ownership-criteria/,1,1,1,1,149
(not set),系統測試,自用住宅免稅400萬怎麼申請？「持有、設籍、實住」3點不能忽略 | 專家觀點地政篇 - 遠雄房地產,/life-proposal/expert_zhu_ownership-criteria/,1,1,1,1,0
(not set),20251107一輪播,專家觀點地政篇：私法人取得不動產的限制 - 遠雄房地產,/life-proposal/expert_zhu_private-corporation_20231114/,1,1,1,1,2
(direct) / (none),(direct),私法人房地合一稅的修法與調整｜專家觀點地政篇 - 遠雄房地產,/life-proposal/expert_zhu_private-corporation_adjust_20231227/,1,1,1,1,0
tw.search.yahoo.com / referral,(referral),專家觀點地政篇：不動產贈與要注意什麼？配偶跟子女，分產稅制大不同 - 遠雄房地產,/life-proposal/expert_zhu_property_divide_gifttax2_20241024/,1,1,1,1,64
(not set),20251209一輪播,專家觀點地政篇：不動產贈與要注意什麼？配偶跟子女，分產稅制大不同 - 遠雄房地產,/life-proposal/expert_zhu_property_divide_gifttax2_20241024/,1,1,1,1,1
(direct) / (none),(direct),專家觀點地政篇：分產用贈與方式怎麼節稅？不動產贈與要注意什麼 (上) - 遠雄房地產,/life-proposal/expert_zhu_property_divide_gifttax_20240930/,1,1,1,1,1
google / organic,(organic),離婚房產分配怎麼做？搞懂剩餘財產分配｜專家觀點地政篇 - 遠雄房地產,/life-proposal/expert_zhu_property_divorce_20240420/,1,1,1,1,27
socialmedia / fgr,ig20250117,[影音] 預售屋購買注意事項大解析 - 履約保證不可不知 - 遠雄房地產,/life-proposal/expert_zhu_property_escrow_vedio_20240531/,1,1,1,1,0
google / cpc,taichung,[影音] 預售屋購買注意事項大解析 - 履約保證不可不知｜專家觀點地政篇 - 遠雄房地產,/life-proposal/expert_zhu_property_escrow_vedio_20240531/,1,1,1,1,106
socialmedia / fgr,fb0906,[影音] 二親等的不動產買賣：父母要將房子及土地過戶給子女如何做? - 遠雄房地產,/life-proposal/expert_zhu_property_house-transfer_20231129/,1,1,1,1,7
socialmedia / fgr,fb20251003,[影音] 你的買賣安全嗎？房屋產權必懂的謄本識讀、權狀跟身分查驗 - 遠雄房地產,/life-proposal/expert_zhu_property_identity_vedio_20240229/,1,1,1,1,0
socialmedia / fgr,ig20250103,[影音] 你的買賣安全嗎？房屋產權必懂的謄本識讀、權狀跟身分查驗 - 遠雄房地產,/life-proposal/expert_zhu_property_identity_vedio_20240229/,1,1,1,1,1
google / organic,(organic),[影音] 你的買賣安全嗎？房屋產權必懂的謄本識讀、權狀跟身分查驗｜專家觀點地政篇 - 遠雄房地產,/life-proposal/expert_zhu_property_identity_vedio_20240229/,1,1,1,1,33
socialmedia / fgr,ig20251017,[影音] 你的買賣安全嗎？房屋產權必懂的謄本識讀、權狀跟身分查驗｜專家觀點地政篇 - 遠雄房地產,/life-proposal/expert_zhu_property_identity_vedio_20240229/,1,1,1,1,0
socialmedia / fgr,shorts1220,[影音] 你的買賣安全嗎？房屋產權必懂的謄本識讀、權狀跟身分查驗｜專家觀點地政篇 - 遠雄房地產,/life-proposal/expert_zhu_property_identity_vedio_20240229/,1,1,1,1,0
(direct) / (none),(direct),[影音] 不動產繼承全攻略 - 繼承登記申請應注意事項 - 遠雄房地產,/life-proposal/expert_zhu_property_inheritance-1_vedio_20241128/,1,1,1,1,3
(not set),20251209一輪播,[影音] 實價登錄全面攻略- 不動產交易查詢藏在細節裡 - 遠雄房地產,/life-proposal/expert_zhu_property_law2_vedio_20241031/,1,1,0,0,2
(direct) / (none),(direct),[影音] 實價登錄全面攻略- 不動產交易查詢藏在細節裡｜專家觀點地政篇 - 遠雄房地產,/life-proposal/expert_zhu_property_law2_vedio_20241031/,1,1,1,1,24
google / organic,(organic),[影音] 實價登錄全面攻略- 不動產交易查詢藏在細節裡｜專家觀點地政篇 - 遠雄房地產,/life-proposal/expert_zhu_property_law2_vedio_20241031/,1,1,1,1,2
tw.search.yahoo.com / referral,(referral),[影音] 實價登錄全面攻略-帶你看懂現行法令重點與罰則 - 遠雄房地產,/life-proposal/expert_zhu_property_law_vedio_20240930/,1,1,1,1,18
socialmedia / fgr,ig20250328,[影音] 實價登錄全面攻略-帶你看懂現行法令重點與罰則 - 遠雄房地產,/life-proposal/expert_zhu_property_law_vedio_20240930/,1,1,1,1,0
tw.search.yahoo.com / referral,(referral),[影音] 專家觀點地政篇：購屋族如何解套？！限貸令成數如何突破 - 遠雄房地產,/life-proposal/expert_zhu_property_loan-ratio_vedio_20250131/,1,1,1,1,65
tw.search.yahoo.com / referral,(referral),[影音] 購屋族如何解套？！限貸令成數如何突破｜專家觀點地政篇 - 遠雄房地產,/life-proposal/expert_zhu_property_loan-ratio_vedio_20250131/,1,1,1,1,53
google / organic,(organic),[影音] 一次看懂囤房稅2.0! 囤房稅修法重點，你受到影響了嗎? - 遠雄房地產,/life-proposal/expert_zhu_property_multi-house-tax-2_20240101/,1,1,2,2,6
(direct) / (none),(direct),專家觀點地政篇：不夠現金繳遺產稅怎麼辦？ 分期或延期繳納申請 - 遠雄房地產,/life-proposal/expert_zhu_property_offset-1_20241125/,1,1,1,1,1
(not set),(not set),只有不動產怎麼繳遺產稅？實物抵繳是否划算？｜專家觀點地政篇 - 遠雄房地產,/life-proposal/expert_zhu_property_offset-2_20241220/,1,1,1,1,0
chatgpt.com / (not set),(not set),專家觀點地政篇：只有不動產怎麼繳遺產稅？實物抵繳是否划算？ - 遠雄房地產,/life-proposal/expert_zhu_property_offset-2_20241220/,1,1,1,1,40
gemini.google.com / referral,(referral),專家觀點地政篇：只有不動產怎麼繳遺產稅？實物抵繳是否划算？ - 遠雄房地產,/life-proposal/expert_zhu_property_offset-2_20241220/,1,1,1,1,93
(direct) / (none),(direct),你買到的法定空地是什麼？｜專家觀點地政篇 - 遠雄房地產,/life-proposal/expert_zhu_property_openspace_20240705/,1,1,1,1,53
yahoo / organic,(organic),你買到的法定空地是什麼？｜專家觀點地政篇 - 遠雄房地產,/life-proposal/expert_zhu_property_openspace_20240705/,1,1,1,1,0
(direct) / (none),20251230一輪播,你買到的法定空地是什麼？｜專家觀點地政篇 - 遠雄房地產,/life-proposal/expert_zhu_property_openspace_20240705/,1,1,0,0,2
(not set),20251230一輪播,你買到的法定空地是什麼？｜專家觀點地政篇 - 遠雄房地產,/life-proposal/expert_zhu_property_openspace_20240705/,1,1,0,0,0
perplexity / (not set),(not set),專家觀點地政篇：你買到的法定空地是什麼？ - 遠雄房地產,/life-proposal/expert_zhu_property_openspace_20240705/,1,1,1,1,1
bing / organic,(organic),專家觀點地政篇：你買到的法定空地是什麼？ - 遠雄房地產,/life-proposal/expert_zhu_property_openspace_20240705/,1,1,1,1,0
l.threads.com / referral,(referral),專家觀點地政篇：你買到的法定空地是什麼？ - 遠雄房地產,/life-proposal/expert_zhu_property_openspace_20240705/,1,1,1,1,30
tw.search.yahoo.com / referral,(referral),專家觀點地政篇：你買到的法定空地是什麼？ - 遠雄房地產,/life-proposal/expert_zhu_property_openspace_20240705/,1,1,1,1,55
socialmedia / fgr,ig20250411,[影音] 停車位買賣詳細解析-你需要知道的車位權利 - 遠雄房地產,/life-proposal/expert_zhu_property_parking_vedio_20240828/,1,1,1,1,0
m.facebook.com / referral,(referral),[影音] 停車位買賣詳細解析-你需要知道的車位權利｜專家觀點地政篇 - 遠雄房地產,/life-proposal/expert_zhu_property_parking_vedio_20240828/,1,1,1,1,1
bing / organic,(organic),不動產繼承登記如何自行辦理？｜專家觀點地政篇 - 遠雄房地產,/life-proposal/expert_zhu_property_registration-of-inheritance_20240830/,1,1,1,1,120
bing / organic,(organic),專家觀點地政篇：不動產繼承登記如何自行辦理？ - 遠雄房地產,/life-proposal/expert_zhu_property_registration-of-inheritance_20240830/,1,1,1,1,25
bing / organic,(organic),如何預防不動產詐騙？如何防止房屋被移轉？｜專家觀點地政篇 - 遠雄房地產,/life-proposal/expert_zhu_property_scam_20240604/,1,1,1,1,0
tw.search.yahoo.com / referral,(referral),如何預防不動產詐騙？如何防止房屋被移轉？｜專家觀點地政篇 - 遠雄房地產,/life-proposal/expert_zhu_property_scam_20240604/,1,1,1,1,554
(not set),20251230一輪播,如何預防不動產詐騙？如何防止房屋被移轉？｜專家觀點地政篇 - 遠雄房地產,/life-proposal/expert_zhu_property_scam_20240604/,1,1,1,1,0
(direct) / (none),(direct),[影音] 專家觀點地政篇：限貸令下交屋解約問題 - 遠雄房地產,/life-proposal/expert_zhu_property_terminate_vedio_20250313/,1,1,1,1,13
socialmedia / fgr,ig20250725,[影音] 專家觀點地政篇：限貸令下交屋解約問題 - 遠雄房地產,/life-proposal/expert_zhu_property_terminate_vedio_20250313/,1,1,1,1,14
(direct) / (none),(direct),[影音] 限貸令下交屋解約問題｜專家觀點地政篇 - 遠雄房地產,/life-proposal/expert_zhu_property_terminate_vedio_20250313/,1,1,1,1,26
tw.search.yahoo.com / referral,(referral),[影音] 限貸令下交屋解約問題｜專家觀點地政篇 - 遠雄房地產,/life-proposal/expert_zhu_property_terminate_vedio_20250313/,1,1,1,1,12
socialmedia / fgr,fb1018,[影音] 首購或換屋族必知的不動產節稅規劃 : 持有稅｜專家觀點地政篇 - 遠雄房地產,/life-proposal/expert_zhu_propertytax_20230814/,1,1,1,1,6
socialmedia / fgr,ig0920,[影音] 首購或換屋族必知的不動產節稅規劃 : 持有稅｜專家觀點地政篇 - 遠雄房地產,/life-proposal/expert_zhu_propertytax_20230814/,1,1,1,1,0
socialmedia / fgr,ig1018,[影音] 首購或換屋族必知的不動產節稅規劃 : 持有稅｜專家觀點地政篇 - 遠雄房地產,/life-proposal/expert_zhu_propertytax_20230814/,1,1,1,1,1
(direct) / (none),(direct),到底停車位、露臺、屋頂屬於誰的？｜專家觀點地政篇 - 遠雄房地產,/life-proposal/expert_zhu_public-area_20230718/,1,1,1,1,1
bing / organic,(organic),專家觀點地政篇：到底停車位、露臺、屋頂屬於誰的？ - 遠雄房地產,/life-proposal/expert_zhu_public-area_20230718/,1,1,1,1,2
tw.search.yahoo.com / referral,(referral),專家觀點地政篇：到底停車位、露臺、屋頂屬於誰的？ - 遠雄房地產,/life-proposal/expert_zhu_public-area_20230718/,1,1,1,1,340
google / cpc,type,專家觀點地政篇：到底停車位、露臺、屋頂屬於誰的？ - 遠雄房地產,/life-proposal/expert_zhu_public-area_20230718/,1,1,1,1,140
perplexity.ai / referral,(referral),專家觀點地政篇：親屬間不動產交易的稅務優化策略與案例解析 - 遠雄房地產,/life-proposal/expert_zhu_second-degree_20250321/,1,1,1,1,0
tw.search.yahoo.com / referral,(referral),專家觀點地政篇：親屬間不動產交易的稅務優化策略與案例解析 - 遠雄房地產,/life-proposal/expert_zhu_second-degree_20250321/,1,1,2,2,15
(not set),20251209一輪播,專家觀點地政篇：親屬間不動產交易的稅務優化策略與案例解析 - 遠雄房地產,/life-proposal/expert_zhu_second-degree_20250321/,1,1,1,1,2
tw.search.yahoo.com / referral,(referral),[影音] 地面師詐騙實例解析 - 三招防止房產被冒名過戶！ - 遠雄房地產,/life-proposal/expert_zhu_taiwan-land-scam/,1,1,1,1,47
avivid / bh11,20251212,[影音] 地面師詐騙實例解析 - 三招防止房產被冒名過戶！ - 遠雄房地產,/life-proposal/expert_zhu_taiwan-land-scam/,1,1,1,1,25
youtube / fgr,expert_zhu_video_trust,[影音] 地面師詐騙實例解析 - 三招防止房產被冒名過戶！ - 遠雄房地產,/life-proposal/expert_zhu_taiwan-land-scam/,1,1,1,1,5
(direct) / (none),(direct),[影音] 避免誤入稅務陷阱：贈與稅善用免稅額｜專家觀點地政篇 - 遠雄房地產,/life-proposal/expert_zhu_tax_gifttax_vedio_20240206/,1,1,1,1,2
reurl.cc / referral,(referral),專家觀點地政篇：降低遺產稅怎麼做？遺產稅節稅規劃攻略 - 遠雄房地產,/life-proposal/expert_zhu_tax_inheritance_vedio_20240327/,1,1,1,1,0
fgr-line / fgr,cleaning_20221223,[影音] 信託與產權設計術：資產管理、遺囑信託與節稅技巧 - 遠雄房地產,/life-proposal/expert_zhu_video_trust/,1,1,1,1,97
youtube / fgr,expert_zhu_video_trust,[影音] 信託與產權設計術：資產管理、遺囑信託與節稅技巧 - 遠雄房地產,/life-proposal/expert_zhu_video_trust/,1,1,1,1,4
(data not available),(cross-network),[影音] 信託與產權設計術：資產管理、遺囑信託與節稅技巧｜專家觀點地政篇 - 遠雄房地產,/life-proposal/expert_zhu_video_trust/,1,1,1,1,1
fgr-line / fgr,cleaning_20221223,[影音] 信託與產權設計術：資產管理、遺囑信託與節稅技巧｜專家觀點地政篇 - 遠雄房地產,/life-proposal/expert_zhu_video_trust/,1,1,2,2,667
youtube / fgr,expert_zhu_video_trust,[影音] 信託與產權設計術：資產管理、遺囑信託與節稅技巧｜專家觀點地政篇 - 遠雄房地產,/life-proposal/expert_zhu_video_trust/,1,1,1,1,0
fb / hm2,news1222,[影音] 信託與產權設計術：資產管理、遺囑信託與節稅技巧｜專家觀點地政篇 - 遠雄房地產,/life-proposal/expert_zhu_video_trust/,1,1,1,1,0
google / organic,(organic),一见倾心的清水模设计，为家注入文青魂和自然风 - 远雄房地产,/life-proposal/exposed_concrete_20220914/,1,1,0,0,120
fgr-line / fgr,expert_zhu_ownership-criteria,遠雄建設獲TCSA台灣永續報告書銀獎，持續推動ESG深化企業永續力 - 遠雄房地產,/life-proposal/farglory_land_20221223/,1,1,1,1,5
(direct) / (none),(direct),水龍頭不給力？給水供水問題快速解法【居家百科】 - 遠雄房地產,/life-proposal/faucet-waterknowledge/,1,1,1,1,1
mkto-sn070013.com / referral,(referral),水龍頭不給力？給水供水問題快速解法【居家百科】 - 遠雄房地產,/life-proposal/faucet-waterknowledge/,1,1,1,1,1
(not set),20251209一輪播,水龍頭不給力？給水供水問題快速解法【居家百科】 - 遠雄房地產,/life-proposal/faucet-waterknowledge/,1,1,2,2,0
(direct) / (none),(direct),遠雄建設榮獲《網路口碑之星》ESG策略卓越獎，以AI與循環經濟引領永續新標竿 - 遠雄房地產,/life-proposal/fg-esg-strategy-2025/,1,1,1,1,7
avivid / bh11,20251212,遠雄建設榮獲《網路口碑之星》ESG策略卓越獎，以AI與循環經濟引領永續新標竿 - 遠雄房地產,/life-proposal/fg-esg-strategy-2025/,1,1,1,1,61
google / cpc,information4,遠雄建設榮獲《網路口碑之星》ESG策略卓越獎，以AI與循環經濟引領永續新標竿 - 遠雄房地產,/life-proposal/fg-esg-strategy-2025/,1,1,1,1,2
bing / organic,(organic),防火保命大原則：符合消防法規、懂火場逃生 - 遠雄房地產,/life-proposal/firesafety/,1,1,1,1,26
tw.search.yahoo.com / referral,(referral),修繕小知識：自己的浴室自己修！水龍頭、馬桶故障簡易排除法【居家百科】 - 遠雄房地產,/life-proposal/fixbathroom/,1,1,1,1,57
chatgpt.com / referral,(referral),樓高的隱藏秘密：樓層高度怎麼看？ - 遠雄房地產,/life-proposal/floor_height/,1,1,1,1,5
cn.bing.com / referral,(referral),樓高的隱藏秘密：樓層高度怎麼看？ - 遠雄房地產,/life-proposal/floor_height/,1,1,1,1,102
fgr-line / fgr,space_design_smallhouse2_20240521,樓高的隱藏秘密：樓層高度怎麼看？ - 遠雄房地產,/life-proposal/floor_height/,1,1,1,1,107
(direct) / (none),(direct),打房再出招！金管會第三戶房貸風險權數變100% - 遠雄房地產,/life-proposal/fsc-thirdhouse-100/,1,1,1,1,1
google / organic,(organic),Increased exemptions for gift and inheritance tax; key planning considerations for transferring property to children - Farglory Realty,/life-proposal/gift_tax/,1,1,0,0,53
perplexity / (not set),(not set),贈與稅與遺產稅免稅額提高，房屋轉讓給子女的規劃要點 - 遠雄房地產,/life-proposal/gift_tax/,1,1,1,1,0
bing / organic,(organic),贈與稅與遺產稅免稅額提高，房屋轉讓給子女的規劃要點 - 遠雄房地產,/life-proposal/gift_tax/,1,1,1,1,14
chatgpt.com / referral,(referral),贈與稅與遺產稅免稅額提高，房屋轉讓給子女的規劃要點 - 遠雄房地產,/life-proposal/gift_tax/,1,1,2,2,21
docs.google.com / referral,(referral),贈與稅與遺產稅免稅額提高，房屋轉讓給子女的規劃要點 - 遠雄房地產,/life-proposal/gift_tax/,1,1,1,1,2
facebook.com / referral,(referral),贈與稅與遺產稅免稅額提高，房屋轉讓給子女的規劃要點 - 遠雄房地產,/life-proposal/gift_tax/,1,1,1,1,1
google / farglory/,(referral),贈與稅與遺產稅免稅額提高，房屋轉讓給子女的規劃要點 - 遠雄房地產,/life-proposal/gift_tax/,1,1,5,5,529
uptogo.com.tw / referral,(referral),贈與稅與遺產稅免稅額提高，房屋轉讓給子女的規劃要點 - 遠雄房地產,/life-proposal/gift_tax/,1,1,1,1,163
(not set),20250919一輪播,贈與稅與遺產稅免稅額提高，房屋轉讓給子女的規劃要點 - 遠雄房地產,/life-proposal/gift_tax/,1,1,3,3,110
(not set),20251023一輪播,贈與稅與遺產稅免稅額提高，房屋轉讓給子女的規劃要點 - 遠雄房地產,/life-proposal/gift_tax/,1,1,1,1,3
google / cpc,brand0829,贈與稅與遺產稅免稅額提高，房屋轉讓給子女的規劃要點 - 遠雄房地產,/life-proposal/gift_tax/,1,1,1,1,96
bing / organic,(organic),談建築與社區藝術文化的結合 - 遠雄房地產,/life-proposal/gigahouse_art_20220712/,1,1,1,1,166
tw.search.yahoo.com / referral,(referral),談建築與社區藝術文化的結合 - 遠雄房地產,/life-proposal/gigahouse_art_20220712/,1,1,1,1,1
perplexity / (not set),(not set),居家保養：如何擦玻璃才正確？【居家百科】 - 遠雄房地產,/life-proposal/glass-fix/,1,1,1,1,95
(direct) / (none),(direct),預售屋 v.s 成屋 v.s 中古屋的差異與優缺點 - 遠雄房地產,/life-proposal/goodandbad_20221028/,1,1,1,1,13
google / organic,(organic),點亮高雄未來！大南方計劃大勢崛起 亞灣區擁絕對高度,/life-proposal/great-southern-project/,1,1,1,1,8
bing / organic,(organic),綠建築3大趨勢，在建築空間中深呼吸 - 遠雄房地產,/life-proposal/greenbuilding2020-design/,1,1,1,1,7
yahoo / organic,(organic),綠建築3大趨勢，在建築空間中深呼吸 - 遠雄房地產,/life-proposal/greenbuilding2020-design/,1,1,1,1,50
bing / organic,(organic),交屋型態差在哪？ 標配屋、實品屋、毛胚屋比一比 - 遠雄房地產,/life-proposal/handover202206010/,1,1,1,1,29
(direct) / (none),(direct),打造健康住宅！陽光、空氣、水都非常重要 - 遠雄房地產,/life-proposal/healthy-house1/,1,1,1,1,0
google / organic,(organic),打造健康住宅！水質檢測標準有哪些 - 遠雄房地產,/life-proposal/healthy-house2water/,1,1,1,1,24
excel.officeapps.live.com / referral,(referral),打造健康住宅！如何防止居家環境的有害物質 - 遠雄房地產,/life-proposal/healthy-house3-poison/,1,1,1,1,7
(not set),20251107一輪播,打造健康住宅！如何防止居家環境的有害物質 - 遠雄房地產,/life-proposal/healthy-house3-poison/,1,1,1,1,42
mkto-sn070013.com / referral,(referral),驗屋與交屋必知注意事項？新手購屋必看，驗屋清單檢查表與交屋流程有哪些？,/life-proposal/home-inspection/,1,1,1,1,0
(not set),20251107一輪播,驗屋與交屋必知注意事項？新手購屋必看，驗屋清單檢查表與交屋流程有哪些？,/life-proposal/home-inspection/,1,1,2,2,74
(not set),20251230一輪播,驗屋與交屋必知注意事項？新手購屋必看，驗屋清單檢查表與交屋流程有哪些？,/life-proposal/home-inspection/,1,1,1,1,72
(not set),20251209一輪播,就愛飯店式管理，飯店式住宅成趨勢 - 遠雄房地產,/life-proposal/hotel_property20220624/,1,1,0,0,0
(not set),(not set),房屋格局圖/平面圖怎麼看？建案平面圖符號教學，讓你秒懂房屋格局避地雷,/life-proposal/house-layout/,1,1,0,0,23
perplexity / (not set),(not set),房屋格局圖/平面圖怎麼看？建案平面圖符號教學，讓你秒懂房屋格局避地雷,/life-proposal/house-layout/,1,1,1,1,51
hk.search.yahoo.com / referral,(referral),房屋格局圖/平面圖怎麼看？建案平面圖符號教學，讓你秒懂房屋格局避地雷,/life-proposal/house-layout/,1,1,1,1,6
fgr-line / fg,house-layout/,房屋格局圖/平面圖怎麼看？建案平面圖符號教學，讓你秒懂房屋格局避地雷,/life-proposal/house-layout/,1,1,1,1,22
chatgpt.com / (not set),(not set),換屋族看過來，房地合一稅與土增稅要點筆記！ - 遠雄房地產,/life-proposal/house_and_land/,1,1,1,1,0
yahoo / organic,(organic),換屋族看過來，房地合一稅與土增稅要點筆記！ - 遠雄房地產,/life-proposal/house_and_land/,1,1,0,0,0
yahoo_native / bh5,(referral),換屋族看過來，房地合一稅與土增稅要點筆記！ - 遠雄房地產,/life-proposal/house_and_land/,1,1,1,1,85
(not set),20251023一輪播,換屋族看過來，房地合一稅與土增稅要點筆記！ - 遠雄房地產,/life-proposal/house_and_land/,1,1,1,1,3
google / cpc,202511,換屋族看過來，房地合一稅與土增稅要點筆記！ - 遠雄房地產,/life-proposal/house_and_land/,1,1,1,1,12
google / cpc,com,換屋族看過來，房地合一稅與土增稅要點筆記！ - 遠雄房地產,/life-proposal/house_and_land/,1,1,1,1,267
(direct) / (none),(direct),不動產節稅妙招：房地合一合法節稅 - 遠雄房地產,/life-proposal/house_and_land_20220909/,1,1,1,1,1
google / organic,(organic),不動產節稅妙招：房地合一合法節稅 - 遠雄房地產,/life-proposal/house_and_land_20220909/,1,1,1,1,43
statics.teams.cdn.office.net / referral,(referral),找不到頁面 - 遠雄房地產,/life-proposal/housing-transactions/,1,1,1,1,1
google / organic,(organic),個性化居家設計-工業風三大重點 - 遠雄房地產,/life-proposal/industrial_style_20221125/,1,1,1,1,3
(direct) / (none),(direct),「智慧住宅」的誕生！家變聰明生活更好 - 遠雄房地產,/life-proposal/intelligentbuilding/,1,1,1,1,1
google / organic,(organic),「智慧住宅」的誕生！家變聰明生活更好 - 遠雄房地產,/life-proposal/intelligentbuilding/,1,1,1,1,12
(direct) / (none),(direct),「高雄大美術館計畫」的誕生：內惟藝術中心絕美新地標 - 遠雄房地產,/life-proposal/kaohsiung-artplan-20220610/,1,1,1,1,3
google / organic,(organic),綠地水岸公共空間、米其林餐廳星光閃耀，愈來愈宜居城市的高雄,/life-proposal/kaohsiung-greenspace/,1,1,1,1,32
(direct) / (none),(direct),兒童房設計攻略：打造寶貝專屬空間 - 遠雄房地產,/life-proposal/kids_room_20230306/,1,1,1,1,0
(direct) / (none),(direct),廚房清潔保養全攻略：抽油煙機、檯面到瓦斯爐一次搞定【居家百科】 - 遠雄房地產,/life-proposal/kitchen/,1,1,1,1,1
excel.officeapps.live.com / referral,(referral),廚房清潔保養全攻略：抽油煙機、檯面到瓦斯爐一次搞定【居家百科】 - 遠雄房地產,/life-proposal/kitchen/,1,1,2,2,3
fgr-line / dh5,20251130,廚房清潔保養全攻略：抽油煙機、檯面到瓦斯爐一次搞定【居家百科】 - 遠雄房地產,/life-proposal/kitchen/,1,1,1,1,5
chatgpt.com / (not set),(not set),2024十大建商出爐！大建商穩，小建商靈活，買家如何選邊站？ - 遠雄房地產,/life-proposal/kw_brand_construction_20240109/,1,1,1,1,78
yahoo / organic,(organic),2024十大建商出爐！大建商穩，小建商靈活，買家如何選邊站？ - 遠雄房地產,/life-proposal/kw_brand_construction_20240109/,1,1,1,1,23
claude.ai / referral,(referral),2024十大建商出爐！大建商穩，小建商靈活，買家如何選邊站？ - 遠雄房地產,/life-proposal/kw_brand_construction_20240109/,1,1,1,1,3
m.facebook.com / referral,(referral),2024十大建商出爐！大建商穩，小建商靈活，買家如何選邊站？ - 遠雄房地產,/life-proposal/kw_brand_construction_20240109/,1,1,1,1,22
fb / bh11,11-3,2024十大建商出爐！大建商穩，小建商靈活，買家如何選邊站？ - 遠雄房地產,/life-proposal/kw_brand_construction_20240109/,1,1,1,1,1
(not set),20250905五輪播,2024十大建商出爐！大建商穩，小建商靈活，買家如何選邊站？ - 遠雄房地產,/life-proposal/kw_brand_construction_20240109/,1,1,2,2,37
google / cpc,202511,2024十大建商出爐！大建商穩，小建商靈活，買家如何選邊站？ - 遠雄房地產,/life-proposal/kw_brand_construction_20240109/,1,1,1,1,0
google_kw / 5vo1,202511_ex5,2024十大建商出爐！大建商穩，小建商靈活，買家如何選邊站？ - 遠雄房地產,/life-proposal/kw_brand_construction_20240109/,1,1,1,1,105
fgr-line / fg,kw_brand_construction_20240109/,2024十大建商出爐！大建商穩，小建商靈活，買家如何選邊站？ - 遠雄房地產,/life-proposal/kw_brand_construction_20240109/,1,1,1,1,13
google / cpc,taichung,2024十大建商出爐！大建商穩，小建商靈活，買家如何選邊站？ - 遠雄房地產,/life-proposal/kw_brand_construction_20240109/,1,1,1,1,27
(direct) / (none),(direct),預售屋履保制度有保障嗎？品牌建商才是王道 - 遠雄房地產,/life-proposal/kw_credibility_20230602/,1,1,1,1,7
perplexity / (not set),(not set),交屋看仔細，常見交屋糾紛有哪些？ - 遠雄房地產,/life-proposal/kw_delivery_20230607/,1,1,1,1,73
fgr-line / 5vo1,20251205,交屋看仔細，常見交屋糾紛有哪些？ - 遠雄房地產,/life-proposal/kw_delivery_20230607/,1,1,1,1,19
tw.search.yahoo.com / referral,(referral),如何保障產權？維護自身權益必知的產權登記 - 遠雄房地產,/life-proposal/kw_equity_20230605/,1,1,1,1,357
(not set),20251209一輪播,如何保障產權？維護自身權益必知的產權登記 - 遠雄房地產,/life-proposal/kw_equity_20230605/,1,1,0,0,4
(direct) / (none),(direct),112年全台發生1萬7千多起火災事故，你了解住宅火險與商業火險嗎？ - 遠雄房地產,/life-proposal/kw_fire-insurance_20240705/,1,1,1,1,90
(direct) / (none),(direct),青年首購看過來：新青安貸款8大重點 - 遠雄房地產,/life-proposal/kw_load_youthload_20230928/,1,1,1,1,179
tw.search.yahoo.com / referral,(referral),什麼是虛坪制？一次了解政府的「虛坪改革」方案 - 遠雄房地產,/life-proposal/kw_meterspolicy_20240513/,1,1,1,1,141
google / organic,(organic),買房大小事：個人住宅購屋貸款注意事項 - 遠雄房地產,/life-proposal/land_bank_loan/,1,1,1,1,107
bing / organic,(organic),買房大小事：法人住宅購屋貸款注意事項 - 遠雄房地產,/life-proposal/land_corporation/,1,1,1,1,23
(not set),20251107一輪播,買房大小事：法人住宅購屋貸款注意事項 - 遠雄房地產,/life-proposal/land_corporation/,1,1,0,0,0
(not set),20251209一輪播,買房大小事：法人住宅購屋貸款注意事項 - 遠雄房地產,/life-proposal/land_corporation/,1,1,1,1,41
(not set),(not set),買房大小事：銀行貸款對保必備文件 - 遠雄房地產,/life-proposal/land_documents/,1,1,0,0,25
(not set),20251209一輪播,買房大小事：銀行貸款對保必備文件 - 遠雄房地產,/life-proposal/land_documents/,1,1,0,0,0
(not set),(not set),社區營運兩三事：管理費與公共基金 - 遠雄房地產,/life-proposal/land_fund/,1,1,1,1,11
chatgpt.com / (not set),(not set),社區營運兩三事：管理費與公共基金 - 遠雄房地產,/life-proposal/land_fund/,1,1,1,1,38
perplexity / (not set),(not set),社區營運兩三事：管理費與公共基金 - 遠雄房地產,/life-proposal/land_fund/,1,1,1,1,86
bing / organic,(organic),社區營運兩三事：管理費與公共基金 - 遠雄房地產,/life-proposal/land_fund/,1,1,1,1,0
yahoo / organic,(organic),社區營運兩三事：管理費與公共基金 - 遠雄房地產,/life-proposal/land_fund/,1,1,1,1,33
(not set),20251107一輪播,社區營運兩三事：管理費與公共基金 - 遠雄房地產,/life-proposal/land_fund/,1,1,1,1,0
bing / organic,(organic),買房大小事：交屋到入住前不可不知 - 遠雄房地產,/life-proposal/land_handover/,1,1,1,1,30
(not set),20251209一輪播,買房大小事：交屋到入住前不可不知 - 遠雄房地產,/life-proposal/land_handover/,1,1,1,1,3
google / organic,(organic),Big and small things about buying a house: how to move in the household registration? - Yuanxiong Real Estate,/life-proposal/land_household_registration/,1,1,0,0,22
chatgpt.com / (not set),(not set),買房大小事：戶籍遷入如何辦理？ - 遠雄房地產,/life-proposal/land_household_registration/,1,1,1,1,66
(not set),20251209一輪播,买房大小事：如何办理产权移转？ - 远雄房地产,/life-proposal/land_property_rights/,1,1,1,1,52
mkto-sn070013.com / referral,(referral),買房大小事：如何辦理產權移轉？ - 遠雄房地產,/life-proposal/land_property_rights/,1,1,1,1,2
(not set),20251209一輪播,買房大小事：如何辦理產權移轉？ - 遠雄房地產,/life-proposal/land_property_rights/,1,1,1,1,18
perplexity / (not set),(not set),社區營運兩三事：公設點交不求人 - 遠雄房地產,/life-proposal/land_public_utilities/,1,1,1,1,0
(not set),20251209一輪播,社區營運兩三事：公設點交不求人 - 遠雄房地產,/life-proposal/land_public_utilities/,1,1,1,1,53
google / cpc,202511,社區營運兩三事：各項管理辦法看過來 - 遠雄房地產,/life-proposal/land_rules/,1,1,1,1,23
(not set),20251209一輪播,社區營運兩三事：各項管理辦法看過來 - 遠雄房地產,/life-proposal/land_rules/,1,1,0,0,0
yahoo / organic,(organic),一次看懂「都市土地分區」差在哪？ - 遠雄房地產,/life-proposal/land_zoning/,1,1,1,1,91
chatgpt.com / referral,(referral),一次看懂「都市土地分區」差在哪？ - 遠雄房地產,/life-proposal/land_zoning/,1,1,1,1,13
(not set),20251230一輪播,一次看懂「都市土地分區」差在哪？ - 遠雄房地產,/life-proposal/land_zoning/,1,1,0,0,0
(direct) / (none),(direct),全台首座美術館+圖書館共構的世界級地標「台中綠美圖」 - 遠雄房地產,/life-proposal/library-taichung20220603/,1,1,1,1,0
google / organic,(organic),全台首座美術館+圖書館共構的世界級地標「台中綠美圖」 - 遠雄房地產,/life-proposal/library-taichung20220603/,1,1,4,4,168
docs.google.com / referral,(referral),全台首座美術館+圖書館共構的世界級地標「台中綠美圖」 - 遠雄房地產,/life-proposal/library-taichung20220603/,1,1,1,1,5
excel.officeapps.live.com / referral,(referral),居家燈具清潔與保養全攻略【居家百科】 - 遠雄房地產,/life-proposal/light/,1,1,2,2,5
google / organic,(organic),劉學龍觀點：產業擴張帶動台灣工業不動產熱潮 - 遠雄房地產,/life-proposal/liu_industrial_property20220629/,1,1,1,1,0
(not set),20251107一輪播,劉學龍觀點：產業擴張帶動台灣工業不動產熱潮 - 遠雄房地產,/life-proposal/liu_industrial_property20220629/,1,1,1,1,41
google / organic,(organic),房貸好多種，一次搞懂房貸方案該選哪一種！ - 遠雄房地產,/life-proposal/load_type20220624/,1,1,1,1,154
(not set),20251023一輪播,資金有壓力？房貸增貸與房貸轉貸不可不知 - 遠雄房地產,/life-proposal/loan_increase_20221108/,1,1,1,1,21
tw.search.yahoo.com / referral,(referral),房子也有說明書，不動產說明書應記載事項你知道嗎？ - 遠雄房地產,/life-proposal/manual20220610/,1,1,1,1,0
(data not available),(cross-network),輝達超微進駐遠雄自貿港，遠雄MetaLink廠辦受惠廊帶效應  - 遠雄房地產,/life-proposal/metalink-ai-hub/,1,1,5,5,36
bing / organic,(organic),輝達超微進駐遠雄自貿港，遠雄MetaLink廠辦受惠廊帶效應  - 遠雄房地產,/life-proposal/metalink-ai-hub/,1,1,1,1,0
tw.search.yahoo.com / referral,(referral),輝達超微進駐遠雄自貿港，遠雄MetaLink廠辦受惠廊帶效應  - 遠雄房地產,/life-proposal/metalink-ai-hub/,1,1,1,1,5
(not set),20251230一輪播,輝達超微進駐遠雄自貿港，遠雄MetaLink廠辦受惠廊帶效應  - 遠雄房地產,/life-proposal/metalink-ai-hub/,1,1,1,1,68
(not set),系統測試,輝達超微進駐遠雄自貿港，遠雄MetaLink廠辦受惠廊帶效應  - 遠雄房地產,/life-proposal/metalink-ai-hub/,1,1,2,2,11
(direct) / (none),(direct),我該買房貸壽險嗎？ - 遠雄房地產,/life-proposal/mortgage-insurance_20221021/,1,1,1,1,0
(direct) / (none),(direct),買房頭期款不夠怎麼辦？–「首購族看房買屋攻略」 - 遠雄房地產,/life-proposal/mortgage/,1,1,1,1,78
fgr-line / 5vo1,20251205,買房頭期款不夠怎麼辦？–「首購族看房買屋攻略」 - 遠雄房地產,/life-proposal/mortgage/,1,1,1,1,21
(direct) / (none),(direct),遠雄聯手蘇喻哲打造高雄科工館「健康宅」遠雄琢蘊，遠雄左岸串連1300公頃河邊綠地,/life-proposal/natural-design/,1,1,1,1,8
(direct) / (none),(direct),室內採光不足怎麼辦？採光妙招報你知 - 遠雄房地產,/life-proposal/natural_lighting20220708/,1,1,1,1,6
google / cpc,(organic),輝達落腳時程出爐，北士科商辦掀全球卡位戰 - 遠雄房地產,/life-proposal/nvidia-beishi-office/,1,1,1,1,26
fb / 5vo1,2025090503,輝達落腳時程出爐，北士科商辦掀全球卡位戰 - 遠雄房地產,/life-proposal/nvidia-beishi-office/,1,1,1,1,2
yahoo_native / 5vo1,202510_2,輝達落腳時程出爐，北士科商辦掀全球卡位戰 - 遠雄房地產,/life-proposal/nvidia-beishi-office/,1,1,1,1,0
google / cpc,202511,輝達落腳時程出爐，北士科商辦掀全球卡位戰 - 遠雄房地產,/life-proposal/nvidia-beishi-office/,1,1,1,1,21
webnews / 5vo1,20251120,輝達落腳時程出爐，北士科商辦掀全球卡位戰 - 遠雄房地產,/life-proposal/nvidia-beishi-office/,1,1,0,0,0
line-lap / 5vo1,20251123_1102,輝達落腳時程出爐，北士科商辦掀全球卡位戰 - 遠雄房地產,/life-proposal/nvidia-beishi-office/,1,1,2,2,39
yahoo_native / 5vo1,20251124_1101,輝達落腳時程出爐，北士科商辦掀全球卡位戰 - 遠雄房地產,/life-proposal/nvidia-beishi-office/,1,1,1,1,34
google_gdn / 5vo1,20251124_1103,輝達落腳時程出爐，北士科商辦掀全球卡位戰 - 遠雄房地產,/life-proposal/nvidia-beishi-office/,1,1,1,1,52
fb / bh11,8-1,輝達落腳時程出爐，北士科商辦掀全球卡位戰 - 遠雄房地產,/life-proposal/nvidia-beishi-office/,1,1,2,2,6
google / cpc,BSTP,輝達落腳時程出爐，北士科商辦掀全球卡位戰 - 遠雄房地產,/life-proposal/nvidia-beishi-office/,1,1,1,1,0
google_gdn / 5vo1,gdn-01,輝達落腳時程出爐，北士科商辦掀全球卡位戰 - 遠雄房地產,/life-proposal/nvidia-beishi-office/,1,1,1,1,6
(direct) / (none),(direct),廠辦的4個重要趨勢，超人性工作場域 - 遠雄房地產,/life-proposal/office/,1,1,1,1,1
google / organic,(organic),廠辦的4個重要趨勢，超人性工作場域 - 遠雄房地產,/life-proposal/office/,1,1,1,1,0
bing / organic,(organic),停車位眉角多：車位怎麼選？一個車位可以停兩部車嗎？ - 遠雄房地產,/life-proposal/parking_space20220615/,1,1,1,1,158
(direct) / (none),(direct),「權狀坪數」與「室內坪數」分不清？ –「首購族看房買屋攻略」 - 遠雄房地產,/life-proposal/ping/,1,1,1,1,7
google_kw / dh2,(organic),「權狀坪數」與「室內坪數」分不清？ –「首購族看房買屋攻略」 - 遠雄房地產,/life-proposal/ping/,1,1,1,1,45
fgr-line / fgr,space_design_smallhouse2_20240521,「權狀坪數」與「室內坪數」分不清？ –「首購族看房買屋攻略」 - 遠雄房地產,/life-proposal/ping/,1,1,1,1,16
(direct) / (none),(direct),打造居家植栽，許一個綠空間給自己 - 遠雄房地產,/life-proposal/plant_20230105/,1,1,1,1,0
yahoo / organic,(organic),記住授信5P原則，讓你的貸款成數更高更容易 - 遠雄房地產,/life-proposal/pre_mortgage_20221215/,1,1,1,1,38
(not set),20251230一輪播,記住授信5P原則，讓你的貸款成數更高更容易 - 遠雄房地產,/life-proposal/pre_mortgage_20221215/,1,1,0,0,0
(direct) / (none),(direct),(1) 封未讀訊息 | 預售屋付款方式詳解 - 遠雄房地產,/life-proposal/presale_payment_20221021/,1,1,0,0,0
(direct) / (none),(direct),落實居家防災＋防疫！快速檢視居家安全 - 遠雄房地產,/life-proposal/prevention1/,1,1,1,1,8
(direct) / (none),(direct),2022 建築界諾貝爾獎公布！用建築賦予人類的「幸福感」 - 遠雄房地產,/life-proposal/pritzkerarchitectureprize2022/,1,1,1,1,1
google / organic,(organic),2022 建築界諾貝爾獎公布！用建築賦予人類的「幸福感」 - 遠雄房地產,/life-proposal/pritzkerarchitectureprize2022/,1,1,1,1,4
(direct) / (none),(direct),建案熱區巡禮：桃園青埔大翻身！視野廣闊心也寬裕的首選住所 - 遠雄房地產,/life-proposal/qingpu/,1,1,1,1,5
(not set),20251209一輪播,建案熱區巡禮：桃園青埔大翻身！視野廣闊心也寬裕的首選住所 - 遠雄房地產,/life-proposal/qingpu/,1,1,0,0,13
(not set),(not set),公設比多少合理？秒懂公設定義與公設比計算–「首購族看房買屋攻略」 - 遠雄房地產,/life-proposal/ratio_of_public_area/,1,1,0,0,23
statics.teams.cdn.office.net / referral,(referral),公設比多少合理？秒懂公設定義與公設比計算–「首購族看房買屋攻略」 - 遠雄房地產,/life-proposal/ratio_of_public_area/,1,1,1,1,6
google / cpc,type,公設比多少合理？秒懂公設定義與公設比計算–「首購族看房買屋攻略」 - 遠雄房地產,/life-proposal/ratio_of_public_area/,1,1,1,1,113
(direct) / (none),(direct),房地合一稅2.0+實價登錄2.0上路之後，疫情下的房市動向，房價走勢緩步上揚嗎?,/life-proposal/real-estate-tax/,1,1,1,1,4
google / organic,(organic),危老重建是甚麼？我能申請嗎？ - 遠雄房地產,/life-proposal/reconstruction/,1,1,1,1,63
copilot.microsoft.com / referral,(referral),公共設施篇: 梯廳與樓梯間建築法規有何特殊規定? - 遠雄房地產,/life-proposal/regulations2_20230320/,1,1,2,2,0
hk.search.yahoo.com / referral,(referral),公共設施篇: 梯廳與樓梯間建築法規有何特殊規定? - 遠雄房地產,/life-proposal/regulations2_20230320/,1,1,1,1,8
m.facebook.com / referral,(referral),公共設施篇: 梯廳與樓梯間建築法規有何特殊規定? - 遠雄房地產,/life-proposal/regulations2_20230320/,1,1,1,1,93
ecosia.org / organic,(organic),附屬建物篇 : 陽台與雨遮建築法規規定為何？ - 遠雄房地產,/life-proposal/regulations_20230317/,1,1,1,1,118
(not set),20251023一輪播,附屬建物篇 : 陽台與雨遮建築法規規定為何？ - 遠雄房地產,/life-proposal/regulations_20230317/,1,1,1,1,84
(direct) / (none),(direct),房屋需要裝修卻沒資金怎麼辦？你知道裝潢貸款嗎？ - 遠雄房地產,/life-proposal/renovation_loan20220617/,1,1,1,1,0
google / organic,(organic),房屋需要裝修卻沒資金怎麼辦？你知道裝潢貸款嗎？ - 遠雄房地產,/life-proposal/renovation_loan20220617/,1,1,1,1,0
mkto-sn070013.com / referral,(referral),房屋需要裝修卻沒資金怎麼辦？你知道裝潢貸款嗎？ - 遠雄房地產,/life-proposal/renovation_loan20220617/,1,1,1,1,8
(direct) / (none),(direct),房東們看過來！300億租金補貼重點看 - 遠雄房地產,/life-proposal/rental_allowance20220707/,1,1,1,1,0
(not set),20251230一輪播,包租代管懶人包快速了解！ - 遠雄房地產,/life-proposal/rental_housing_20230106/,1,1,0,0,0
bing / organic,(organic),退休以後怎麼住？你適合青銀共居、養生村還是全齡宅？ - 遠雄房地產,/life-proposal/retiredlife_20230220/,1,1,2,2,16
yahoo / organic,(organic),退休以後怎麼住？你適合青銀共居、養生村還是全齡宅？ - 遠雄房地產,/life-proposal/retiredlife_20230220/,1,1,1,1,29
tw.search.yahoo.com / referral,(referral),退休以後怎麼住？你適合青銀共居、養生村還是全齡宅？ - 遠雄房地產,/life-proposal/retiredlife_20230220/,1,1,1,1,0
(not set),20251023一輪播,退休以後怎麼住？你適合青銀共居、養生村還是全齡宅？ - 遠雄房地產,/life-proposal/retiredlife_20230220/,1,1,1,1,12
(not set),20251209一輪播,退休以後怎麼住？你適合青銀共居、養生村還是全齡宅？ - 遠雄房地產,/life-proposal/retiredlife_20230220/,1,1,0,0,25
(direct) / (none),(direct),建案熱區巡禮：台中水湳經貿區，新世代亮點發展區 - 遠雄房地產,/life-proposal/shuinan/,1,1,1,1,1
google / cpc,(organic),建案熱區巡禮：台中水湳經貿區，新世代亮點發展區 - 遠雄房地產,/life-proposal/shuinan/,1,1,1,1,1
chatgpt.com / referral,(referral),建案熱區巡禮：台中水湳經貿區，新世代亮點發展區 - 遠雄房地產,/life-proposal/shuinan/,1,1,1,1,34
(direct) / (none),(direct),小宅當道！入手小坪數產品注意事項 - 遠雄房地產,/life-proposal/small_property_20221007/,1,1,1,1,28
excel.officeapps.live.com / referral,(referral),小宅當道！入手小坪數產品注意事項 - 遠雄房地產,/life-proposal/small_property_20221007/,1,1,0,0,0
(direct) / (none),(direct),住宅隔音規劃有哪些？許我一個清淨空間 - 遠雄房地產,/life-proposal/soundproofing/,1,1,1,1,8
(direct) / (none),(direct),抗酷暑 ! 室內空間降溫這樣做：選對建材有解方 - 遠雄房地產,/life-proposal/space_design_cooldown_20240804/,1,1,1,1,1
furenhome.com / referral,(referral),熱門玄關設計實用Tips，魔鬼藏在細節裡 - 遠雄房地產,/life-proposal/space_design_entrance_20240314/,1,1,1,1,146
(direct) / (none),(direct),抗酷暑 ! 室內空間降溫這樣做，植栽除了打造綠色空間也能降溫 - 遠雄房地產,/life-proposal/space_design_greencooldown_20240903/,1,1,1,1,6
google / organic,(organic),小宅攻略∣新婚小家庭如何打造高效空間 - 遠雄房地產,/life-proposal/space_design_smallhouse1_20240411/,1,1,2,2,109
excel.officeapps.live.com / referral,(referral),小宅攻略∣新婚小家庭如何打造高效空間 - 遠雄房地產,/life-proposal/space_design_smallhouse1_20240411/,1,1,1,1,0
mkto-sn070013.com / referral,(referral),小宅攻略∣新婚小家庭如何打造高效空間 - 遠雄房地產,/life-proposal/space_design_smallhouse1_20240411/,1,1,1,1,1
(direct) / (none),(direct),小宅攻略 ∣ 退休宅這樣規畫超完美 - 遠雄房地產,/life-proposal/space_design_smallhouse2_20240521/,1,1,1,1,0
(not set),20251230一輪播,小宅攻略 ∣ 退休宅這樣規畫超完美 - 遠雄房地產,/life-proposal/space_design_smallhouse2_20240521/,1,1,0,0,0
google / cpc,area,小宅攻略 ∣ 退休宅這樣規畫超完美 - 遠雄房地產,/life-proposal/space_design_smallhouse2_20240521/,1,1,1,1,184
glorytech.tw / referral,(referral),工料雙漲下的省錢裝潢 | 居家裝修系統櫃新手攻略 - 遠雄房地產,/life-proposal/space_furnish_cabinet_20231125/,1,1,1,1,38
bing / organic,(organic),小客廳也能變身大空間！空間魔法大公開！ - 遠雄房地產,/life-proposal/space_furnish_livingroom_20231027/,1,1,1,1,0
mkto-sn070013.com / referral,(referral),小客廳也能變身大空間！空間魔法大公開！ - 遠雄房地產,/life-proposal/space_furnish_livingroom_20231027/,1,1,1,1,62
tw.search.yahoo.com / referral,(referral),小客廳也能變身大空間！空間魔法大公開！ - 遠雄房地產,/life-proposal/space_furnish_livingroom_20231027/,1,1,1,1,160
google / cpc,(organic),為生活解悶 | 客廳布置秋冬換季玩花樣 - 遠雄房地產,/life-proposal/space_furnish_maillard_20231227/,1,1,1,1,65
google / organic,(organic),讓新家環保又節能！新成屋改裝要點！ - 遠雄房地產,/life-proposal/space_furnish_newhouse_20231020/,1,1,1,1,18
mkto-sn070013.com / referral,(referral),讓新家環保又節能！新成屋改裝要點！ - 遠雄房地產,/life-proposal/space_furnish_newhouse_20231020/,1,1,1,1,19
(direct) / (none),(direct),學好居家燈具規劃，營造質感品味生活 - 遠雄房地產,/life-proposal/space_lamps_20230625/,1,1,1,1,2
(not set),20251209一輪播,為生活解悶 | 居家布置術-創造閱讀角 - 遠雄房地產,/life-proposal/space_style_reading_20240116/,1,1,0,0,18
google / organic,(organic),地上权建物可以买吗？优缺点一次看- 远雄房地产,/life-proposal/superficial_rights/,1,1,0,0,21
(direct) / (none),(direct),台中海線景點介紹：高美濕地、台中清水國小(牛罵頭)、清水眷村文化園區、台中港特區,/life-proposal/taichung-attractions/,1,1,1,1,3
tw.search.yahoo.com / referral,(referral),不動產節稅妙招：每年都要繳的財產稅省很大 - 遠雄房地產,/life-proposal/tax_mitigation_housetax_20220902/,1,1,1,1,1
(not set),20251209一輪播,不動產節稅妙招：每年都要繳的財產稅省很大 - 遠雄房地產,/life-proposal/tax_mitigation_housetax_20220902/,1,1,1,1,0
(direct) / (none),(direct),不動產節稅妙招：自用住宅用地優惠稅率不可不知 - 遠雄房地產,/life-proposal/tax_mitigation_land_20220902/,1,1,2,2,98
chatgpt.com / (not set),(not set),買房時到底有那些稅金要繳？-「首購族看房買屋攻略」 - 遠雄房地產,/life-proposal/taxes/,1,1,1,1,92
baidu / organic,(organic),買房時到底有那些稅金要繳？-「首購族看房買屋攻略」 - 遠雄房地產,/life-proposal/taxes/,1,1,1,1,0
(not set),20251230一輪播,買房時到底有那些稅金要繳？-「首購族看房買屋攻略」 - 遠雄房地產,/life-proposal/taxes/,1,1,0,0,36
fgr-line / fgr,small_property_20221007,買房時到底有那些稅金要繳？-「首購族看房買屋攻略」 - 遠雄房地產,/life-proposal/taxes/,1,1,2,2,0
excel.officeapps.live.com / referral,(referral),空間放大術：小坪數變身大空間有妙招 - 遠雄房地產,/life-proposal/theme_ping_20230117/,1,1,1,1,0
(not set),(not set),聰明買房不吃虧，謄本訊息知多少 - 遠雄房地產,/life-proposal/transcript_20221007/,1,1,1,1,0
(direct) / (none),(direct),秒懂實價登錄–「首購族看房買屋攻略」 - 遠雄房地產,/life-proposal/true_price/,1,1,1,1,5
google / cpc,遠雄幸福成_H713_關鍵字_0516_外縣市,台灣蔦屋的空間價值革命，在遠雄實踐地方創生價值,/life-proposal/tsuta-house/,1,1,1,1,29
bing / organic,(organic),全齡通用宅打造友善居住環境：住家出入口篇(上篇) - 遠雄房地產,/life-proposal/universal-design-home1-20220722/,1,1,1,1,0
(not set),20251209一輪播,全齡通用宅打造友善居住環境：住家出入口篇(上篇) - 遠雄房地產,/life-proposal/universal-design-home1-20220722/,1,1,0,0,0
(direct) / (none),(direct),全齡通用宅打造友善居住環境：住家出入口篇(下篇) - 遠雄房地產,/life-proposal/universal-design-home2-20220722/,1,1,1,1,0
google / organic,(organic),全齡通用宅打造友善居住環境：住家出入口篇(下篇) - 遠雄房地產,/life-proposal/universal-design-home2-20220722/,1,1,1,1,195
(direct) / (none),(direct),買房停看聽：嫌惡設施有哪些？ - 遠雄房地產,/life-proposal/unwanted20220610/,1,1,1,1,2
(direct) / (none),(direct),修繕小知識：家裡漏水問題怎麼解？【居家百科】 - 遠雄房地產,/life-proposal/waterleaking/,1,1,1,1,0
(not set),(not set),修繕小知識：木地板刮傷怎麼辦？【居家百科】 - 遠雄房地產,/life-proposal/woodfix/,1,1,1,1,0
docs.google.com / referral,(referral),建案熱區巡禮 - 好想搬去新北住！新莊副都心生活圈，一步抵達頂級人生 - 遠雄房地產,/life-proposal/xinzhuang/,1,1,1,1,0
baidu / organic,(organic),建案熱區巡禮：台南永康產業交通齊發光，宜居現在進行式！ - 遠雄房地產,/life-proposal/yongkang/,1,1,1,1,9
bing / organic,(organic),建案熱區巡禮：台南永康產業交通齊發光，宜居現在進行式！ - 遠雄房地產,/life-proposal/yongkang/,1,1,1,1,179
excel.officeapps.live.com / referral,(referral),建案熱區巡禮：台南永康產業交通齊發光，宜居現在進行式！ - 遠雄房地產,/life-proposal/yongkang/,1,1,1,1,1
(not set),20251209一輪播,建案熱區巡禮：台南永康產業交通齊發光，宜居現在進行式！ - 遠雄房地產,/life-proposal/yongkang/,1,1,1,1,2
google / organic,(organic),青年安心成家購屋優惠貸款，有房不是夢 - 遠雄房地產,/life-proposal/youth_home_loan_20220830/,1,1,1,1,31
(direct) / (none),(direct),[影音] 北士科潛力揭密：輝達進駐引爆房市三大變革｜何世昌觀點 - 遠雄房地產,/life-proposal/影音-輝達北士科總部設立：帶動台北房市三大變,1,1,1,1,11
google / organic,(organic),(1) 封未讀訊息 | [影音] 北士科潛力揭密：輝達進駐引爆房市三大變革｜何世昌觀點 - 遠雄房地產,/life-proposal/影音-輝達北士科總部設立：帶動台北房市三大變/,1,1,0,0,39
(data not available),(cross-network),[影音] 北士科潛力揭密：輝達進駐引爆房市三大變革｜何世昌觀點 - 遠雄房地產,/life-proposal/影音-輝達北士科總部設立：帶動台北房市三大變/,1,1,1,1,3
lm.facebook.com / referral,(referral),[影音] 北士科潛力揭密：輝達進駐引爆房市三大變革｜何世昌觀點 - 遠雄房地產,/life-proposal/影音-輝達北士科總部設立：帶動台北房市三大變/,1,1,1,1,47
tw.search.yahoo.com / referral,(referral),[影音] 北士科潛力揭密：輝達進駐引爆房市三大變革｜何世昌觀點 - 遠雄房地產,/life-proposal/影音-輝達北士科總部設立：帶動台北房市三大變/,1,1,1,1,45
(not set),20251023一輪播,[影音] 北士科潛力揭密：輝達進駐引爆房市三大變革｜何世昌觀點 - 遠雄房地產,/life-proposal/影音-輝達北士科總部設立：帶動台北房市三大變/,1,1,1,1,0
(not set),20251107一輪播,[影音] 北士科潛力揭密：輝達進駐引爆房市三大變革｜何世昌觀點 - 遠雄房地產,/life-proposal/影音-輝達北士科總部設立：帶動台北房市三大變/,1,1,1,1,6
(not set),20251230一輪播,[影音] 北士科潛力揭密：輝達進駐引爆房市三大變革｜何世昌觀點 - 遠雄房地產,/life-proposal/影音-輝達北士科總部設立：帶動台北房市三大變/,1,1,0,0,0
fb / bh11,8-1,[影音] 北士科潛力揭密：輝達進駐引爆房市三大變革｜何世昌觀點 - 遠雄房地產,/life-proposal/影音-輝達北士科總部設立：帶動台北房市三大變/,1,1,1,1,9
google / cpc,BSTP,[影音] 北士科潛力揭密：輝達進駐引爆房市三大變革｜何世昌觀點 - 遠雄房地產,/life-proposal/影音-輝達北士科總部設立：帶動台北房市三大變/,1,1,1,1,55
google / cpc,core,[影音] 北士科潛力揭密：輝達進駐引爆房市三大變革｜何世昌觀點 - 遠雄房地產,/life-proposal/影音-輝達北士科總部設立：帶動台北房市三大變/,1,1,1,1,5
fgr-line / fgr,expert_li_housing-challenges-2026,[影音] 北士科潛力揭密：輝達進駐引爆房市三大變革｜何世昌觀點 - 遠雄房地產,/life-proposal/影音-輝達北士科總部設立：帶動台北房市三大變/,1,1,1,1,33
(not set),系統測試,[影音] 北士科潛力揭密：輝達進駐引爆房市三大變革｜何世昌觀點 - 遠雄房地產,/life-proposal/影音-輝達北士科總部設立：帶動台北房市三大變/,1,1,2,2,13
google / organic,(organic),[影音] 輝達北士科總部設立：帶動台北房市三大變化｜何世昌觀點 - 遠雄房地產,/life-proposal/影音-輝達北士科總部設立：帶動台北房市三大變/,1,1,1,1,23
google / organic,(organic),【動画】北世科の潜在力：慧大の参入が不動産市場に3つの大きな変化をもたらす | 何世昌の視点 - Farglory Real Estate,/life-proposal/影音-輝達北士科總部設立：帶動台北房市三大變/,1,1,0,0,178
google / organic,(organic),(1) 封未讀訊息 | 生活提案： 專家房市觀點、空間美學指南 -遠雄房地產,/life_proposal/,1,1,0,0,10
google / organic,(organic),生活提案： 专家房市观点、空间美学指南-远雄房地产,/life_proposal/,1,1,0,0,4
floorplan / (not set),(not set),生活提案： 專家房市觀點、空間美學指南 -遠雄房地產,/life_proposal/,1,1,1,1,2
app.omnichat.ai / referral,(referral),生活提案： 專家房市觀點、空間美學指南 -遠雄房地產,/life_proposal/,1,1,2,2,6
sn07.marketodesigner.com / referral,(referral),生活提案： 專家房市觀點、空間美學指南 -遠雄房地產,/life_proposal/,1,1,1,1,0
fb / h713,105,生活提案： 專家房市觀點、空間美學指南 -遠雄房地產,/life_proposal/,1,1,1,1,10
google / cpc,20250616_品牌字,生活提案： 專家房市觀點、空間美學指南 -遠雄房地產,/life_proposal/,1,1,2,2,1
yahoo_native / 5vo1,202510_2,生活提案： 專家房市觀點、空間美學指南 -遠雄房地產,/life_proposal/,1,1,2,2,28
google / cpc,202511,生活提案： 專家房市觀點、空間美學指南 -遠雄房地產,/life_proposal/,1,1,3,3,7
avivid / bh11,20251212,生活提案： 專家房市觀點、空間美學指南 -遠雄房地產,/life_proposal/,1,1,1,1,75
google / cpc,area,生活提案： 專家房市觀點、空間美學指南 -遠雄房地產,/life_proposal/,1,1,1,1,32
google / cpc,brand0829,生活提案： 專家房市觀點、空間美學指南 -遠雄房地產,/life_proposal/,1,1,1,1,1
fb / cqh1,fb-30,生活提案： 專家房市觀點、空間美學指南 -遠雄房地產,/life_proposal/,1,1,1,1,0
fb / cqh1,fb-9,生活提案： 專家房市觀點、空間美學指南 -遠雄房地產,/life_proposal/,1,1,1,1,0
fb / fh2,leads,生活提案： 專家房市觀點、空間美學指南 -遠雄房地產,/life_proposal/,1,1,1,1,0
fgr-line / fg,life_proposal,生活提案： 專家房市觀點、空間美學指南 -遠雄房地產,/life_proposal/,1,1,1,1,5
google / cpc,遠雄幸福成_H713_關鍵字_0516_中彰,生活提案： 專家房市觀點、空間美學指南 -遠雄房地產,/life_proposal/,1,1,1,1,1
ig / social,ig,"생활 제안: 전문가 주택 시장 관점, 공간 미학 가이드 - 원웅 부동산",/life_proposal/,1,1,0,0,7
bing / organic,(organic),購屋知識：買屋流程、稅法貸款指南 -遠雄房地產,/life_proposal/buying_knowledge/,1,1,1,1,8
docs.google.com / referral,(referral),購屋知識：買屋流程、稅法貸款指南 -遠雄房地產,/life_proposal/buying_knowledge/,1,1,1,1,9
google / cpc,202511,購屋知識：買屋流程、稅法貸款指南 -遠雄房地產,/life_proposal/buying_knowledge/,1,1,2,2,30
(not set),20251209一輪播,購屋知識：買屋流程、稅法貸款指南 -遠雄房地產,/life_proposal/buying_knowledge/,1,1,1,1,0
google / cpc,Pmax,購屋知識：買屋流程、稅法貸款指南 -遠雄房地產,/life_proposal/buying_knowledge/,1,1,1,1,2
google / cpc,brand0829,購屋知識：買屋流程、稅法貸款指南 -遠雄房地產,/life_proposal/buying_knowledge/,1,1,2,2,16
fb / eh5,fb20-1,購屋知識：買屋流程、稅法貸款指南 -遠雄房地產,/life_proposal/buying_knowledge/,1,1,1,1,0
fb / o1,fb27-5,購屋知識：買屋流程、稅法貸款指南 -遠雄房地產,/life_proposal/buying_knowledge/,1,1,1,1,0
google / organic,(organic),购屋知识：买屋流程、税法贷款指南-远雄房地产,/life_proposal/buying_knowledge/,1,1,0,0,10
docs.google.com / referral,(referral),專家觀點：解析房市動向與購屋建議 -遠雄房地產,/life_proposal/experts_point/,1,1,3,3,34
google / farglory/,(referral),專家觀點：解析房市動向與購屋建議 -遠雄房地產,/life_proposal/experts_point/,1,1,2,2,14
statics.teams.cdn.office.net / referral,(referral),專家觀點：解析房市動向與購屋建議 -遠雄房地產,/life_proposal/experts_point/,1,1,1,1,0
tagassistant.google.com / referral,(referral),專家觀點：解析房市動向與購屋建議 -遠雄房地產,/life_proposal/experts_point/,1,1,1,1,0
google / cpc,202511,專家觀點：解析房市動向與購屋建議 -遠雄房地產,/life_proposal/experts_point/,1,1,1,1,6
avivid / bh11,20251212,專家觀點：解析房市動向與購屋建議 -遠雄房地產,/life_proposal/experts_point/,1,1,2,2,4
(not set),20251230一輪播,專家觀點：解析房市動向與購屋建議 -遠雄房地產,/life_proposal/experts_point/,1,1,1,1,3
fb / bh11,8-1,專家觀點：解析房市動向與購屋建議 -遠雄房地產,/life_proposal/experts_point/,1,1,4,4,26
google / cpc,O1_地區字_2025.0801,專家觀點：解析房市動向與購屋建議 -遠雄房地產,/life_proposal/experts_point/,1,1,1,1,4
google / cpc,Pmax,專家觀點：解析房市動向與購屋建議 -遠雄房地產,/life_proposal/experts_point/,1,1,2,2,5
ig / social,ig,專家觀點：解析房市動向與購屋建議 -遠雄房地產,/life_proposal/experts_point/,1,1,1,1,13
excel.officeapps.live.com / referral,(referral),找不到頁面 - 遠雄房地產,/life_proposal/experts_point/」,1,1,1,1,0
google / organic,(organic),找不到頁面 - 遠雄房地產,/life_proposal/experts_point/獨家專欄/,1,1,1,1,3
(direct) / (none),(direct),獨家專欄 - 遠雄房地產,/life_proposal/experts_point/獨家專欄/,1,1,1,1,0
excel.officeapps.live.com / referral,(referral),獨家專欄 - 遠雄房地產,/life_proposal/experts_point/獨家專欄/,1,1,3,3,12
google / organic,(organic),劉佩真 - 遠雄房地產,/life_proposal/experts_point/獨家專欄/劉佩真/,1,1,5,5,32
google / organic,(organic),找不到頁面 - 遠雄房地產,/life_proposal/experts_point/獨家專欄/劉佩真/,1,1,2,2,4
google / organic,(organic),劉學龍 - 遠雄房地產,/life_proposal/experts_point/獨家專欄/劉學龍/,1,1,5,5,26
excel.officeapps.live.com / referral,(referral),劉學龍 - 遠雄房地產,/life_proposal/experts_point/獨家專欄/劉學龍/,1,1,1,1,4
excel.officeapps.live.com / referral,(referral),財經Ｍ平方 - 遠雄房地產,/life_proposal/experts_point/獨家專欄/財經ｍ平方/,1,1,1,1,5
google / cpc,(organic),在地生活：新建案、預售屋周邊資訊 -遠雄房地產,/life_proposal/music_life/,1,1,1,1,76
excel.officeapps.live.com / referral,(referral),在地生活：新建案、預售屋周邊資訊 -遠雄房地產,/life_proposal/music_life/,1,1,2,2,20
yahoo_native / 5vo1,202510_2,在地生活：新建案、預售屋周邊資訊 -遠雄房地產,/life_proposal/music_life/,1,1,2,2,31
(direct) / (none),20251107一輪播,在地生活：新建案、預售屋周邊資訊 -遠雄房地產,/life_proposal/music_life/,1,1,0,0,4
avivid / bh11,20251212,在地生活：新建案、預售屋周邊資訊 -遠雄房地產,/life_proposal/music_life/,1,1,2,2,38
fb / hm2,251202,在地生活：新建案、預售屋周邊資訊 -遠雄房地產,/life_proposal/music_life/,1,1,1,1,0
google / cpc,(organic),安心生活：三大保固升級服務 -遠雄房地產,/life_proposal/peace_mind/,1,1,1,1,85
google / cpc,202511,安心生活：三大保固升級服務 -遠雄房地產,/life_proposal/peace_mind/,1,1,1,1,10
google / cpc,遠雄幸福成_H713_關鍵字_0516_中彰,安心生活：三大保固升級服務 -遠雄房地產,/life_proposal/peace_mind/,1,1,1,1,11
bing / organic,(organic),空間美學：三大保固升級服務-遠雄房地產,/life_proposal/space_aesthetics/,1,1,1,1,0
google / cpc,(organic),空間美學：三大保固升級服務-遠雄房地產,/life_proposal/space_aesthetics/,1,1,1,1,65
docs.google.com / referral,(referral),空間美學：三大保固升級服務-遠雄房地產,/life_proposal/space_aesthetics/,1,1,1,1,2
line / linebutton,(referral),空間美學：三大保固升級服務-遠雄房地產,/life_proposal/space_aesthetics/,1,1,1,1,2
tw.search.yahoo.com / referral,(referral),空間美學：三大保固升級服務-遠雄房地產,/life_proposal/space_aesthetics/,1,1,1,1,13
google / cpc,20250616_品牌字,空間美學：三大保固升級服務-遠雄房地產,/life_proposal/space_aesthetics/,1,1,1,1,2
google / cpc,202511,空間美學：三大保固升級服務-遠雄房地產,/life_proposal/space_aesthetics/,1,1,2,2,8
avivid / bh11,20251212,空間美學：三大保固升級服務-遠雄房地產,/life_proposal/space_aesthetics/,1,1,1,1,0
google / cpc,Pmax,空間美學：三大保固升級服務-遠雄房地產,/life_proposal/space_aesthetics/,1,1,1,1,0
googlemap / o1,googlemap,空間美學：三大保固升級服務-遠雄房地產,/life_proposal/space_aesthetics/,1,1,1,1,0
fb / h713,leads,空間美學：三大保固升級服務-遠雄房地產,/life_proposal/space_aesthetics/,1,1,1,1,0
google / cpc,遠雄幸福成_H713_關鍵字_0516_中彰,空間美學：三大保固升級服務-遠雄房地產,/life_proposal/space_aesthetics/,1,1,1,1,39
docs.google.com / referral,(referral),找不到頁面 - 遠雄房地產,/llms.txt,1,1,2,2,2
(not set),20251023一輪播,找不到頁面 - 遠雄房地產,/llms.txt,1,1,1,1,0
docs.google.com / referral,(referral),找不到頁面 - 遠雄房地產,/lms.txt,1,1,1,1,0
google / organic,(organic),遠創力商用不動產-葉閎宇-遠雄房地產 Farglory-Realty,/main/review/68/g0206,1,1,1,1,22
facebook.com / referral,(referral),遠雄MetaLink科技園區-吳瓖洺-遠雄房地產 Farglory-Realty,/main/review/72/g1288,1,1,1,1,2
statics.teams.cdn.office.net / referral,(referral),遠雄MetaLink科技園區-吳瓖洺-遠雄房地產 Farglory-Realty,/main/review/72/g1288,1,1,1,1,7
(not set),20251107一輪播,遠雄MetaLink科技園區-吳瓖洺-遠雄房地產 Farglory-Realty,/main/review/72/g1288,1,1,1,1,3
bing / organic,(organic),遠雄MetaLink科技園區,/main/review/72/g1288</td,1,1,1,1,0
(direct) / (none),(direct),聯上智科-張倉周-遠雄房地產 Farglory-Realty,/main/review/75/b1895,1,1,1,1,31
tw.search.yahoo.com / referral,(referral),遠雄房地產預約賞屋(線上賞屋與預約賞屋),/make_appointment/,1,1,1,1,29
yahoo_native / 5vo1,202510_2,遠雄房地產預約賞屋(線上賞屋與預約賞屋),/make_appointment/,1,1,9,9,136
google / cpc,202511,遠雄房地產預約賞屋(線上賞屋與預約賞屋),/make_appointment/,1,1,2,2,130
fb / hm2,20251104TA,遠雄房地產預約賞屋(線上賞屋與預約賞屋),/make_appointment/,1,1,1,1,12
google_gdn / 5vo1,20251201,遠雄房地產預約賞屋(線上賞屋與預約賞屋),/make_appointment/,1,1,2,2,2
fgr-line / cqh1,20251206,遠雄房地產預約賞屋(線上賞屋與預約賞屋),/make_appointment/,1,1,1,1,0
line-lap / eh2,20251208,遠雄房地產預約賞屋(線上賞屋與預約賞屋),/make_appointment/,1,1,1,1,9
google / cpc,CQH1-地區字,遠雄房地產預約賞屋(線上賞屋與預約賞屋),/make_appointment/,1,1,1,1,10
sms / aep-cdp,CRM-001-D,遠雄房地產預約賞屋(線上賞屋與預約賞屋),/make_appointment/,1,1,1,1,3
fgr-line / fgr,expert_hoshichang_south-potential,遠雄房地產預約賞屋(線上賞屋與預約賞屋),/make_appointment/,1,1,1,1,75
fb / fh2,fb12-2,遠雄房地產預約賞屋(線上賞屋與預約賞屋),/make_appointment/,1,1,1,1,5
fb / bh8,fb22-2,遠雄房地產預約賞屋(線上賞屋與預約賞屋),/make_appointment/,1,1,1,1,3
fb / eh5,fb31-1,遠雄房地產預約賞屋(線上賞屋與預約賞屋),/make_appointment/,1,1,1,1,10
line-lap / bh10,line-lap202511-3,遠雄房地產預約賞屋(線上賞屋與預約賞屋),/make_appointment/,1,1,1,1,4
google / cpc,遠雄幸福成_H713_關鍵字_0516_外縣市,遠雄房地產預約賞屋(線上賞屋與預約賞屋),/make_appointment/,1,1,1,1,25
google / organic,(organic),好友主題報-2024年3月 - 遠雄房地產,/march-2024/,1,1,2,2,4
google / organic,(organic),三月主題報 - 遠雄房地產,/march-theme-newspaper/,1,1,2,2,2
google / organic,(organic),五月主題報 - 遠雄房地產,/may/,1,1,2,2,4
excel.officeapps.live.com / referral,(referral),五月主題報 - 遠雄房地產,/may/,1,1,1,1,3
tw.search.yahoo.com / referral,(referral),"工法建材,遠雄夏沐-線上接待中心",/method,1,1,2,2,1
(direct) / (none),(direct),"結構工法,遠雄琢蘊-線上接待中心",/method,1,1,1,1,0
google / organic,(organic),遠雄夏沐-線上接待中心,/method,1,1,1,1,0
google / cpc,O1_品牌字_2025.0801,(1) 封未讀訊息 | 預約賞屋手機驗證 - 遠雄房地產,/mob_verify/,1,1,0,0,0
fb / fbpage,(not set),預約賞屋手機驗證 - 遠雄房地產,/mob_verify/,1,1,1,1,10
app.omnichat.ai / referral,(referral),預約賞屋手機驗證 - 遠雄房地產,/mob_verify/,1,1,2,2,13
mkto-sn070013.com / referral,(referral),預約賞屋手機驗證 - 遠雄房地產,/mob_verify/,1,1,1,1,19
fb / bh11,10-1,預約賞屋手機驗證 - 遠雄房地產,/mob_verify/,1,1,1,1,33
fb / bh11,11-2,預約賞屋手機驗證 - 遠雄房地產,/mob_verify/,1,1,1,1,27
fb / bh11,11-3,預約賞屋手機驗證 - 遠雄房地產,/mob_verify/,1,1,1,1,48
fb / bh7,2,預約賞屋手機驗證 - 遠雄房地產,/mob_verify/,1,1,1,1,23
fb / eh1,2-4,預約賞屋手機驗證 - 遠雄房地產,/mob_verify/,1,1,1,1,14
fb / o1,20250422_23-1,預約賞屋手機驗證 - 遠雄房地產,/mob_verify/,1,1,1,1,48
google / cpc,20250616_品牌字,預約賞屋手機驗證 - 遠雄房地產,/mob_verify/,1,1,1,1,14
google_kw / 5vo1,202511,預約賞屋手機驗證 - 遠雄房地產,/mob_verify/,1,1,1,1,16
fgr-line / cqh1,20251206,預約賞屋手機驗證 - 遠雄房地產,/mob_verify/,1,1,1,1,19
fb / bh5,44,預約賞屋手機驗證 - 遠雄房地產,/mob_verify/,1,1,1,1,10
fb / eh2,8-6,預約賞屋手機驗證 - 遠雄房地產,/mob_verify/,1,1,1,1,16
google / cpc,CQH1-品牌字,預約賞屋手機驗證 - 遠雄房地產,/mob_verify/,1,1,1,1,26
google / cpc,O1_特色字_2025.0801,預約賞屋手機驗證 - 遠雄房地產,/mob_verify/,1,1,1,1,4
google / cpc,Otherarea0829,預約賞屋手機驗證 - 遠雄房地產,/mob_verify/,1,1,1,1,12
google / cpc,area,預約賞屋手機驗證 - 遠雄房地產,/mob_verify/,1,1,1,1,17
google / cpc,brand,預約賞屋手機驗證 - 遠雄房地產,/mob_verify/,1,1,1,1,42
google / cpc,brand0829,預約賞屋手機驗證 - 遠雄房地產,/mob_verify/,1,1,2,2,132
google / cpc,com,預約賞屋手機驗證 - 遠雄房地產,/mob_verify/,1,1,1,1,14
google / cpc,competitor,預約賞屋手機驗證 - 遠雄房地產,/mob_verify/,1,1,1,1,46
web-ettoday / eh2,ettoday_202512,預約賞屋手機驗證 - 遠雄房地產,/mob_verify/,1,1,1,1,12
fb / cqh1,fb-26,預約賞屋手機驗證 - 遠雄房地產,/mob_verify/,1,1,2,2,45
fb / dh2,fb-49,預約賞屋手機驗證 - 遠雄房地產,/mob_verify/,1,1,1,1,26
fb / bh10,fb11-3,預約賞屋手機驗證 - 遠雄房地產,/mob_verify/,1,1,2,2,7
fb / eh5,form,預約賞屋手機驗證 - 遠雄房地產,/mob_verify/,1,1,1,1,52
fg / eh2,googlemap,預約賞屋手機驗證 - 遠雄房地產,/mob_verify/,1,1,1,1,16
google_kw / bh7,googlemap,預約賞屋手機驗證 - 遠雄房地產,/mob_verify/,1,1,1,1,13
googlemap / o1,googlemap,預約賞屋手機驗證 - 遠雄房地產,/mob_verify/,1,1,1,1,15
ig / social,ig,預約賞屋手機驗證 - 遠雄房地產,/mob_verify/,1,1,1,1,14
line-lap / cqh1,lap-3,預約賞屋手機驗證 - 遠雄房地產,/mob_verify/,1,1,1,1,28
fb / ar1,leads,預約賞屋手機驗證 - 遠雄房地產,/mob_verify/,1,1,1,1,1
fb / eh2,leads,預約賞屋手機驗證 - 遠雄房地產,/mob_verify/,1,1,1,1,19
fb / fh2,leads,預約賞屋手機驗證 - 遠雄房地產,/mob_verify/,1,1,1,1,22
fgr-line / eh2,listbutton,預約賞屋手機驗證 - 遠雄房地產,/mob_verify/,1,1,1,1,16
fb / eh5,park,預約賞屋手機驗證 - 遠雄房地產,/mob_verify/,1,1,1,1,22
google / cpc,sitelink,預約賞屋手機驗證 - 遠雄房地產,/mob_verify/,1,1,1,1,21
web-udn / eh2,udn_202512,預約賞屋手機驗證 - 遠雄房地產,/mob_verify/,1,1,1,1,6
google / cpc,遠雄幸福成_H713_關鍵字_0516_中彰,預約賞屋手機驗證 - 遠雄房地產,/mob_verify/,1,1,1,1,17
google / cpc,遠雄幸福成_H713_關鍵字_0516_外縣市,預約賞屋手機驗證 - 遠雄房地產,/mob_verify/,1,1,1,1,11
fb / hch1,privacy,Uzaq dost - Farglory Əmlak,/my-account/,1,1,0,0,7
bing / organic,(organic),遠房好友- 遠雄房地產,/my-account/,1,1,2,2,56
yahoo / organic,(organic),遠房好友- 遠雄房地產,/my-account/,1,1,1,1,2
docs.google.com / referral,(referral),遠房好友- 遠雄房地產,/my-account/,1,1,2,2,6
google / farglory/,(referral),遠房好友- 遠雄房地產,/my-account/,1,1,2,2,41
m.facebook.com / referral,(referral),遠房好友- 遠雄房地產,/my-account/,1,1,1,1,0
sn07.marketodesigner.com / referral,(referral),遠房好友- 遠雄房地產,/my-account/,1,1,1,1,6
tw.search.yahoo.com / referral,(referral),遠房好友- 遠雄房地產,/my-account/,1,1,1,1,320
ig / paid,120224847618040347,遠房好友- 遠雄房地產,/my-account/,1,1,1,1,0
fb / O1,20240920,遠房好友- 遠雄房地產,/my-account/,1,1,1,1,5
yahoo_native / 5vo1,202510_2,遠房好友- 遠雄房地產,/my-account/,1,1,2,2,151
google / cpc,202511,遠房好友- 遠雄房地產,/my-account/,1,1,1,1,1
google_kw / h902,240130,遠房好友- 遠雄房地產,/my-account/,1,1,1,1,11
google / cpc,O1_品牌字_2025.0801,遠房好友- 遠雄房地產,/my-account/,1,1,1,1,0
googlemap / o1,googlemap,遠房好友- 遠雄房地產,/my-account/,1,1,1,1,28
line-lap / bh10,line-lap202511-7,遠房好友- 遠雄房地產,/my-account/,1,1,1,1,1
fb / hm2,news1222,遠房好友- 遠雄房地產,/my-account/,1,1,1,1,8
fb / hch1,privacy,遠房好友- 遠雄房地產,/my-account/,1,1,1,1,0
google / cpc,project,遠房好友- 遠雄房地產,/my-account/,1,1,1,1,12
picsee-domain / referral,www.fgrealty.tw,遠房好友- 遠雄房地產,/my-account/,1,1,2,2,233
(direct) / (none),(direct),十一月主題報 - 遠雄房地產,/nov2024/,1,1,1,1,0
google / organic,(organic),十一月主題報 - 遠雄房地產,/nov2024/,1,1,3,3,6
statics.teams.cdn.office.net / referral,(referral),2025十一月主題報 - 遠雄房地產,/nov2025/,1,1,3,3,47
(not set),20251230一輪播,2025十一月主題報 - 遠雄房地產,/nov2025/,1,1,0,0,0
google / organic,(organic),十一月主題報 - 遠雄房地產,/november/,1,1,4,4,12
google / organic,(organic),好友主題報-2023年11月 - 遠雄房地產,/november2023/,1,1,2,2,11
google / organic,(organic),十月主題報 - 遠雄房地產 %,/oct2024/,1,1,2,2,3
google / organic,(organic),2025十月主題報 - 遠雄房地產,/oct2025/,1,1,2,2,2
google / organic,(organic),好友主題報-2023年10月 - 遠雄房地產,/october2023/,1,1,2,2,3
google / organic,(organic),"線上樣品屋,遠雄夏沐-線上接待中心",/online-visit,1,1,1,1,0
(direct) / (none),(direct),"線上樣品屋,遠雄琢蘊-線上接待中心",/online-visit,1,1,1,1,4
google / organic,(organic),遠雄夏沐-線上接待中心,/online-visit,1,1,1,1,0
google / organic,(organic),您正在找 - 頁2，共2 - 遠雄房地產,/page/2/,1,1,1,1,18
fb / O1,20240920,您正在找 - 頁2，共60 - 遠雄房地產,/page/2/,1,1,1,1,1
google / organic,(organic),您正在找 - 頁3，共7 - 遠雄房地產,/page/3/,1,1,1,1,20
(not set),20251209一輪播,您正在找 - 頁3，共8 - 遠雄房地產,/page/3/,1,1,1,1,6
google / organic,(organic),您正在找 - 頁4，共7 - 遠雄房地產,/page/4/,1,1,1,1,21
excel.officeapps.live.com / referral,(referral),您正在找 - 頁4，共9 - 遠雄房地產,/page/4/,1,1,1,1,4
google / organic,(organic),您正在找 - 頁5，共7 - 遠雄房地產,/page/5/,1,1,1,1,12
google / organic,(organic),您正在找 - 頁6，共7 - 遠雄房地產,/page/6/,1,1,2,2,24
google / organic,(organic),您正在找 - 頁7，共7 - 遠雄房地產,/page/7/,1,1,1,1,10
avivid / bh11,20251212,Privacy Statement - Farglory Realty,/privacy/,1,1,0,0,3
(data not available),(cross-network),隱私權聲明 - 遠雄房地產,/privacy/,1,1,1,1,12
app.omnichat.ai / referral,(referral),隱私權聲明 - 遠雄房地產,/privacy/,1,1,1,1,1
lm.facebook.com / referral,(referral),隱私權聲明 - 遠雄房地產,/privacy/,1,1,1,1,175
tw.search.yahoo.com / referral,(referral),隱私權聲明 - 遠雄房地產,/privacy/,1,1,1,1,23
fb / eh2,12-2,隱私權聲明 - 遠雄房地產,/privacy/,1,1,1,1,2
fb / paid,120210744263750402,隱私權聲明 - 遠雄房地產,/privacy/,1,1,1,1,0
fb / paid,120210867110050402,隱私權聲明 - 遠雄房地產,/privacy/,1,1,1,1,3
fb / paid,120224909124380347,隱私權聲明 - 遠雄房地產,/privacy/,1,1,1,1,117
fb / O1,120227538157820464,隱私權聲明 - 遠雄房地產,/privacy/,1,1,10,10,6
ig / paid,120238552444900537,隱私權聲明 - 遠雄房地產,/privacy/,1,1,1,1,64
fb / h707,19,隱私權聲明 - 遠雄房地產,/privacy/,1,1,1,1,0
yahoo_native / 5vo1,202510_2,隱私權聲明 - 遠雄房地產,/privacy/,1,1,2,2,120
fb / hm2,20251102TA,隱私權聲明 - 遠雄房地產,/privacy/,1,1,1,1,1
fb / hm2,20251104TA,隱私權聲明 - 遠雄房地產,/privacy/,1,1,2,2,69
fb / eh2,9-3,隱私權聲明 - 遠雄房地產,/privacy/,1,1,1,1,7
google / cpc,CQH1-地區字,隱私權聲明 - 遠雄房地產,/privacy/,1,1,2,2,14
taboola / fm3,ConB02,隱私權聲明 - 遠雄房地產,/privacy/,1,1,1,1,6
google / cpc,O1_品牌字_2025.0801,隱私權聲明 - 遠雄房地產,/privacy/,1,1,1,1,9
google / cpc,O1_競品字_2025.0801,隱私權聲明 - 遠雄房地產,/privacy/,1,1,1,1,0
fb / eh5,earlybird,隱私權聲明 - 遠雄房地產,/privacy/,1,1,1,1,2
fgr-line / fgr,expert_law_y-rlee_land-agent_20250904,隱私權聲明 - 遠雄房地產,/privacy/,1,1,1,1,2
google / cpc,extensions,隱私權聲明 - 遠雄房地產,/privacy/,1,1,1,1,3
fb / bh10,fb20252-5,隱私權聲明 - 遠雄房地產,/privacy/,1,1,1,1,0
fb / ar1,fb4-3,隱私權聲明 - 遠雄房地產,/privacy/,1,1,1,1,3
fb / bh10,fbearlybird_form,隱私權聲明 - 遠雄房地產,/privacy/,1,1,1,1,0
fb / eh5,form,隱私權聲明 - 遠雄房地產,/privacy/,1,1,1,1,10
google / cpc,gdn11-3,隱私權聲明 - 遠雄房地產,/privacy/,1,1,1,1,1
fb / ar1,privacy,隱私權聲明 - 遠雄房地產,/privacy/,1,1,1,1,7
fb / eh5,privacy,隱私權聲明 - 遠雄房地產,/privacy/,1,1,2,2,87
google / cpc,type,隱私權聲明 - 遠雄房地產,/privacy/,1,1,1,1,209
(direct) / (none),(direct),活動報報：最新活動一覽與公告資訊 -遠雄房地產,/rdWKEF,1,1,1,1,0
(direct) / (none),(direct),找不到頁面 - 遠雄房地產,/reservation/index/H608,1,1,1,1,6
google / organic,(organic),"B7線上樣品屋,遠雄夏沐-線上接待中心",/room/explore/b3,1,1,1,1,7
google / organic,(organic),"B3立體格局圖,遠雄夏沐-線上接待中心",/room/model/b3,1,1,1,1,6
google / organic,(organic),薪獎福利 - 遠雄房地產,/salary_bonus_benefits/,1,1,2,2,51
google / organic,(organic),蕭文星業務個人介紹 - 聯上智科,/sales/5VO1/B2280/,1,1,1,1,2
webnews / 5vo1,202508,蕭文星業務個人介紹 - 聯上智科,/sales/5VO1/B2280/,1,1,1,1,6
yahoo_native / 5vo1,202510_4,蕭文星業務個人介紹 - 聯上智科,/sales/5VO1/B2280/,1,1,1,1,10
google / cpc,202511,蕭文星業務個人介紹 - 聯上智科,/sales/5VO1/B2280/,1,1,1,1,6
yahoo_native / 5vo1,20251124_1102,蕭文星業務個人介紹 - 聯上智科,/sales/5VO1/B2280/,1,1,1,1,4
webnews / 5vo1,202508,張寶容業務個人介紹 - 聯上智科,/sales/5VO1/G0389/,1,1,1,1,8
yahoo_native / 5vo1,202510_4,張寶容業務個人介紹 - 聯上智科,/sales/5VO1/G0389/,1,1,2,2,11
yahoo_native / 5vo1,20251124_1102,張寶容業務個人介紹 - 聯上智科,/sales/5VO1/G0389/,1,1,1,1,31
fb / 5vo1,20251201,張寶容業務個人介紹 - 聯上智科,/sales/5VO1/G0389/,1,1,1,1,4
line-lap / 5vo1,20251123_1102,(1) 封未讀訊息 | 洪雅玲業務個人介紹 - 聯上智科,/sales/5VO1/G0521/,1,1,0,0,2
webnews / 5vo1,202508,洪雅玲業務個人介紹 - 聯上智科,/sales/5VO1/G0521/,1,1,1,1,3
yahoo_native / 5vo1,202510_2,洪雅玲業務個人介紹 - 聯上智科,/sales/5VO1/G0521/,1,1,1,1,5
google / organic,(organic),蘇峰正業務個人介紹 - 聯上智科,/sales/5VO1/G0729/,1,1,1,1,3
line-lap / 5vo1,20251123_1102,蘇峰正業務個人介紹 - 聯上智科,/sales/5VO1/G0729/,1,1,1,1,6
yahoo_native / 5vo1,20251124_1102,蘇峰正業務個人介紹 - 聯上智科,/sales/5VO1/G0729/,1,1,1,1,15
(direct) / (none),(direct),梁瑞麟業務個人介紹 - 遠雄商用不動產(林口龜山),/sales/HM2/B5624/,1,1,1,1,3
google / cpc,202511,梁瑞麟業務個人介紹 - 遠雄商用不動產(林口龜山),/sales/HM2/B5624/,1,1,1,1,4
google / cpc,sitelink,洪瑞鴻業務個人介紹 - 遠雄商用不動產(林口龜山),/sales/HM2/G0642/,1,1,1,1,1
fb / hm2,251201,陳榮慶業務個人介紹 - 遠雄商用不動產(林口龜山),/sales/HM2/G0798/,1,1,1,1,2
fb / hm2,251204,陳榮慶業務個人介紹 - 遠雄商用不動產(林口龜山),/sales/HM2/G0798/,1,1,1,1,0
(direct) / (none),(direct),薛品涵業務個人介紹 - 遠雄THE ONE,/sales/O1/B4860/,1,1,1,1,0
fb / o1,20250422_20-1,薛品涵業務個人介紹 - 遠雄THE ONE,/sales/O1/B4860/,1,1,1,1,2
(direct) / (none),(direct),馬一鳴業務個人介紹 - 遠雄THE ONE,/sales/O1/B5948/,1,1,1,1,0
tw.search.yahoo.com / referral,(referral),馬一鳴業務個人介紹 - 遠雄THE ONE,/sales/O1/B5948/,1,1,1,1,5
web-chinatimes / o1,20250326,馬一鳴業務個人介紹 - 遠雄THE ONE,/sales/O1/B5948/,1,1,1,1,4
googlemap / o1,googlemap,馬一鳴業務個人介紹 - 遠雄THE ONE,/sales/O1/B5948/,1,1,1,1,7
google / cpc,O1_地區字_2025.0801,(1) 封未讀訊息 | 蔡慧祈業務個人介紹 - 遠雄THE ONE,/sales/O1/G1052/,1,1,0,0,0
google / cpc,(organic),蔡慧祈業務個人介紹 - 遠雄THE ONE,/sales/O1/G1052/,1,1,1,1,23
app.omnichat.ai / referral,(referral),蔡慧祈業務個人介紹 - 遠雄THE ONE,/sales/O1/G1052/,1,1,1,1,4
yahoo_native / 5vo1,202510_4,蔡慧祈業務個人介紹 - 遠雄THE ONE,/sales/O1/G1052/,1,1,1,1,4
googlemap / o1,googlemap,蔡慧祈業務個人介紹 - 遠雄THE ONE,/sales/O1/G1052/,1,1,1,1,5
google / cpc,遠雄幸福成_H713_關鍵字_0516_外縣市,蔡慧祈業務個人介紹 - 遠雄THE ONE,/sales/O1/G1052/,1,1,1,1,11
google / cpc,gdn11-2,蔡定誠業務個人介紹 - 遠雄泱玥,/sales/ah2/B4720/,1,1,1,1,30
(direct) / (none),(direct),呂昭助業務個人介紹 - 遠雄泱玥,/sales/ah2/B5030/,1,1,1,1,0
google / cpc,gdn11-2,呂昭助業務個人介紹 - 遠雄泱玥,/sales/ah2/B5030/,1,1,1,1,5
(direct) / (none),(direct),周繹加業務個人介紹 - 遠雄泱玥,/sales/ah2/B5654/,1,1,1,1,0
google_kw / 5vo1,202511,周繹加業務個人介紹 - 遠雄泱玥,/sales/ah2/B5654/,1,1,1,1,4
google_kw / 5vo1,202511,莊博謙業務個人介紹 - 遠雄泱玥,/sales/ah2/B5779/,1,1,1,1,9
(direct) / (none),(direct),黃建璋業務個人介紹 - 遠雄泱玥,/sales/ah2/B5930/,1,1,1,1,0
google_kw / 5vo1,202511,黃建璋業務個人介紹 - 遠雄泱玥,/sales/ah2/B5930/,1,1,1,1,8
google / cpc,gdn11-2,黃建璋業務個人介紹 - 遠雄泱玥,/sales/ah2/B5930/,1,1,1,1,8
google / organic,(organic),趙偉傑業務個人介紹 - 遠雄泱玥,/sales/ah2/G0106/,1,1,1,1,3
google / organic,(organic),陳怡靜業務個人介紹 - 遠雄泱玥,/sales/ah2/G0116/,1,1,1,1,10
google / cpc,202511,陳怡靜業務個人介紹 - 遠雄泱玥,/sales/ah2/G0116/,1,1,1,1,7
yahoo_native / 5vo1,20251124_1102,陳怡靜業務個人介紹 - 遠雄泱玥,/sales/ah2/G0116/,1,1,1,1,27
google / cpc,gdn11-2,陳怡靜業務個人介紹 - 遠雄泱玥,/sales/ah2/G0116/,1,1,1,1,10
(direct) / (none),(direct),蔡姈君業務個人介紹 - 齊興緻,/sales/ar1/B1716/,1,1,1,1,2
google / cpc,20250616_台北豪宅/別墅,蔡姈君業務個人介紹 - 齊興緻,/sales/ar1/B1716/,1,1,0,0,1
google / cpc,extension,蔡姈君業務個人介紹 - 齊興緻,/sales/ar1/B1716/,1,1,2,2,25
google_kw / ar1,googlemap,蔡姈君業務個人介紹 - 齊興緻,/sales/ar1/B1716/,1,1,1,1,6
google / cpc,taipei,蔡姈君業務個人介紹 - 齊興緻,/sales/ar1/B1716/,1,1,1,1,0
google / cpc,extension,鍾坤霖業務個人介紹 - 齊興緻,/sales/ar1/B2509/,1,1,4,4,34
google / organic,(organic),吳若榆業務個人介紹 - 齊興緻,/sales/ar1/B4125/,1,1,1,1,7
yahoo_native / 5vo1,202510_4,吳若榆業務個人介紹 - 齊興緻,/sales/ar1/B4125/,1,1,1,1,2
(direct) / (none),(direct),邱美鈴業務個人介紹 - 齊興緻,/sales/ar1/B5758/,1,1,1,1,6
fb / ar1,fb1-3,邱美鈴業務個人介紹 - 齊興緻,/sales/ar1/B5758/,1,1,1,1,0
google / cpc,extension,陳驊廷業務個人介紹 - 齊興緻,/sales/ar1/G0141/,1,1,1,1,0
fb / ar1,fb1-3,陳驊廷業務個人介紹 - 齊興緻,/sales/ar1/G0141/,1,1,1,1,0
google / organic,(organic),呂柔誼業務個人介紹 - 齊興緻,/sales/ar1/G0155/,1,1,1,1,7
google / cpc,extension,呂柔誼業務個人介紹 - 齊興緻,/sales/ar1/G0155/,1,1,1,1,23
(direct) / (none),(direct),戴嘉嫻業務個人介紹 - 齊興緻,/sales/ar1/G0247/,1,1,1,1,4
google / organic,(organic),戴嘉嫻業務個人介紹 - 齊興緻,/sales/ar1/G0247/,1,1,1,1,0
fb / ar1,leads,戴嘉嫻業務個人介紹 - 齊興緻,/sales/ar1/G0247/,1,1,1,1,1
(direct) / (none),(direct),周卉雯業務個人介紹 - 遠雄敦富,/sales/bh10/B3081/,1,1,1,1,4
leju / h707,lejupage,周卉雯業務個人介紹 - 遠雄敦富,/sales/bh10/B3081/,1,1,1,1,4
(direct) / (none),(direct),林怡業務個人介紹 - 遠雄敦富,/sales/bh10/B5578/,1,1,1,1,19
bing / organic,(organic),謝欣學業務個人介紹 - 遠雄敦富,/sales/bh10/B5736/,1,1,1,1,6
line-lap / bh7,lap-3,謝欣學業務個人介紹 - 遠雄敦富,/sales/bh10/B5736/,1,1,1,1,0
google / cpc,taichung,謝欣學業務個人介紹 - 遠雄敦富,/sales/bh10/B5736/,1,1,1,1,4
(direct) / (none),(direct),李心心業務個人介紹 - 遠雄敦富,/sales/bh10/G0599/,1,1,1,1,2
(not set),20251209一輪播,李心心業務個人介紹 - 遠雄敦富,/sales/bh10/G0599/,1,1,1,1,8
google / cpc,competitor,李心心業務個人介紹 - 遠雄敦富,/sales/bh10/G0599/,1,1,1,1,9
fb / bh8,fanpage,李心心業務個人介紹 - 遠雄敦富,/sales/bh10/G0599/,1,1,1,1,4
leju / h707,lejupage,李心心業務個人介紹 - 遠雄敦富,/sales/bh10/G0599/,1,1,1,1,6
google / cpc,taichung,李心心業務個人介紹 - 遠雄敦富,/sales/bh10/G0599/,1,1,1,1,2
bing / organic,(organic),王庭歡業務個人介紹 - 遠雄敦富,/sales/bh10/G1057/,1,1,1,1,4
google / cpc,(organic),王庭歡業務個人介紹 - 遠雄敦富,/sales/bh10/G1057/,1,1,1,1,9
line-lap / bh10,line-lap202511-3,王庭歡業務個人介紹 - 遠雄敦富,/sales/bh10/G1057/,1,1,1,1,21
line-lap / bh10,line-lap202511-7,王庭歡業務個人介紹 - 遠雄敦富,/sales/bh10/G1057/,1,1,1,1,0
google / cpc,(not set),黃郁恬業務個人介紹 - 遠雄丰尚,/sales/bh11/G0335/,1,1,1,1,2
bing / organic,(organic),黃郁恬業務個人介紹 - 遠雄丰尚,/sales/bh11/G0335/,1,1,1,1,8
fb / bh11,11-3,黃郁恬業務個人介紹 - 遠雄丰尚,/sales/bh11/G0335/,1,1,1,1,0
fb / paid,120238384775810537,黃郁恬業務個人介紹 - 遠雄丰尚,/sales/bh11/G0335/,1,1,1,1,0
ig / paid,120238552444900537,黃郁恬業務個人介紹 - 遠雄丰尚,/sales/bh11/G0335/,1,1,1,1,7
line / bh11,20251204,黃郁恬業務個人介紹 - 遠雄丰尚,/sales/bh11/G0335/,1,1,1,1,4
web-cnyes / bh11,2512,黃郁恬業務個人介紹 - 遠雄丰尚,/sales/bh11/G0335/,1,1,1,1,9
fb / bh11,8-1,黃郁恬業務個人介紹 - 遠雄丰尚,/sales/bh11/G0335/,1,1,1,1,2
sms / aep-cdp,CRM-001-D,黃郁恬業務個人介紹 - 遠雄丰尚,/sales/bh11/G0335/,1,1,1,1,4
google / cpc,information4,黃郁恬業務個人介紹 - 遠雄丰尚,/sales/bh11/G0335/,1,1,1,1,7
line-fgr / bh7,linefgrbh7,黃郁恬業務個人介紹 - 遠雄丰尚,/sales/bh11/G0335/,1,1,1,1,2
(direct) / (none),(direct),黃子霏業務個人介紹 - 遠雄丰尚,/sales/bh11/G0630/,1,1,1,1,2
google / cpc,(not set),黃子霏業務個人介紹 - 遠雄丰尚,/sales/bh11/G0630/,1,1,1,1,1
bing / organic,(organic),黃子霏業務個人介紹 - 遠雄丰尚,/sales/bh11/G0630/,1,1,1,1,1
fb / bh11,11-2,黃子霏業務個人介紹 - 遠雄丰尚,/sales/bh11/G0630/,1,1,2,2,8
fb / bh11,11-3,黃子霏業務個人介紹 - 遠雄丰尚,/sales/bh11/G0630/,1,1,1,1,0
ig / paid,120238552444900537,黃子霏業務個人介紹 - 遠雄丰尚,/sales/bh11/G0630/,1,1,2,2,4
yahoo_native / 5vo1,202510_4,黃子霏業務個人介紹 - 遠雄丰尚,/sales/bh11/G0630/,1,1,1,1,14
web-cnyes / bh11,2512,黃子霏業務個人介紹 - 遠雄丰尚,/sales/bh11/G0630/,1,1,2,2,25
fb / bh11,fanpagebutton,黃子霏業務個人介紹 - 遠雄丰尚,/sales/bh11/G0630/,1,1,1,1,9
google / cpc,information4,黃子霏業務個人介紹 - 遠雄丰尚,/sales/bh11/G0630/,1,1,2,2,8
line-fgr / bh7,linefgrbh7,黃子霏業務個人介紹 - 遠雄丰尚,/sales/bh11/G0630/,1,1,1,1,0
google / cpc,(not set),葉淯蓁業務個人介紹 - 遠雄樂元,/sales/bh7/B6099/,1,1,1,1,1
bing / organic,(organic),葉淯蓁業務個人介紹 - 遠雄樂元,/sales/bh7/B6099/,1,1,1,1,6
fb / bh7,12,葉淯蓁業務個人介紹 - 遠雄樂元,/sales/bh7/B6099/,1,1,2,2,0
ig / paid,120229456515280138,葉淯蓁業務個人介紹 - 遠雄樂元,/sales/bh7/B6099/,1,1,1,1,3
yahoo_native / 5vo1,202510_4,葉淯蓁業務個人介紹 - 遠雄樂元,/sales/bh7/B6099/,1,1,1,1,4
google / cpc,competitor,葉淯蓁業務個人介紹 - 遠雄樂元,/sales/bh7/B6099/,1,1,1,1,9
fb / bh7,fbpage,葉淯蓁業務個人介紹 - 遠雄樂元,/sales/bh7/B6099/,1,1,1,1,0
line-lap / bh7,lap-3,葉淯蓁業務個人介紹 - 遠雄樂元,/sales/bh7/B6099/,1,1,2,2,12
line-fgr / bh7,linefgrbh7,葉淯蓁業務個人介紹 - 遠雄樂元,/sales/bh7/B6099/,1,1,1,1,0
google / cpc,othercities_brand,葉淯蓁業務個人介紹 - 遠雄樂元,/sales/bh7/B6099/,1,1,1,1,10
tw.search.yahoo.com / referral,(referral),林芸安業務個人介紹 - 遠雄樂元,/sales/bh7/B6129/,1,1,1,1,17
fb / bh7,20251215post,林芸安業務個人介紹 - 遠雄樂元,/sales/bh7/B6129/,1,1,1,1,4
google / cpc,competitor,林芸安業務個人介紹 - 遠雄樂元,/sales/bh7/B6129/,1,1,1,1,7
google / cpc,(organic),魏祥桐業務個人介紹 - 遠雄樂元,/sales/bh7/G0306/,1,1,1,1,6
fb / bh7,11,魏祥桐業務個人介紹 - 遠雄樂元,/sales/bh7/G0306/,1,1,1,1,9
fb / bh7,2,魏祥桐業務個人介紹 - 遠雄樂元,/sales/bh7/G0306/,1,1,1,1,2
google / cpc,brand,魏祥桐業務個人介紹 - 遠雄樂元,/sales/bh7/G0306/,1,1,1,1,49
line-lap / bh7,lap-2,魏祥桐業務個人介紹 - 遠雄樂元,/sales/bh7/G0306/,1,1,2,2,19
line-lap / bh7,lap-3,魏祥桐業務個人介紹 - 遠雄樂元,/sales/bh7/G0306/,1,1,1,1,13
line-fgr / bh7,linefgrbh7,魏祥桐業務個人介紹 - 遠雄樂元,/sales/bh7/G0306/,1,1,1,1,0
google / cpc,brand,林侑立業務個人介紹 - 遠雄樂元,/sales/bh7/G0526/,1,1,1,1,96
line-fgr / bh7,linefgrbh7,林侑立業務個人介紹 - 遠雄樂元,/sales/bh7/G0526/,1,1,1,1,0
fb / bh7,11,黃語璇業務個人介紹 - 遠雄樂元,/sales/bh7/G0990/,1,1,2,2,96
fb / bh7,12,黃語璇業務個人介紹 - 遠雄樂元,/sales/bh7/G0990/,1,1,1,1,11
fb / bh7,9,黃語璇業務個人介紹 - 遠雄樂元,/sales/bh7/G0990/,1,1,1,1,0
google / cpc,brand0829,黃語璇業務個人介紹 - 遠雄樂元,/sales/bh7/G0990/,1,1,1,1,0
line-lap / bh7,lap-3,黃語璇業務個人介紹 - 遠雄樂元,/sales/bh7/G0990/,1,1,1,1,35
line-fgr / bh7,linefgrbh7,黃語璇業務個人介紹 - 遠雄樂元,/sales/bh7/G0990/,1,1,2,2,1
(direct) / (none),(direct),簡宇婕業務個人介紹 - 遠雄樂元,/sales/bh7/G0993/,1,1,1,1,8
google / cpc,(organic),簡宇婕業務個人介紹 - 遠雄樂元,/sales/bh7/G0993/,1,1,1,1,3
fb / bh7,11,簡宇婕業務個人介紹 - 遠雄樂元,/sales/bh7/G0993/,1,1,1,1,16
(not set),20251209一輪播,簡宇婕業務個人介紹 - 遠雄樂元,/sales/bh7/G0993/,1,1,1,1,9
google / cpc,brand,簡宇婕業務個人介紹 - 遠雄樂元,/sales/bh7/G0993/,1,1,1,1,6
google / cpc,competitor,簡宇婕業務個人介紹 - 遠雄樂元,/sales/bh7/G0993/,1,1,1,1,6
google / cpc,core,簡宇婕業務個人介紹 - 遠雄樂元,/sales/bh7/G0993/,1,1,1,1,54
(direct) / (none),(direct),徐紋媛業務個人介紹 - 遠雄洄山行,/sales/bh8/B5734/,1,1,1,1,13
google_kw / BH8,20240816_品牌字,徐紋媛業務個人介紹 - 遠雄洄山行,/sales/bh8/B5734/,1,1,1,1,7
google_kw / BH8,20240816_透天/豪宅/別墅,徐紋媛業務個人介紹 - 遠雄洄山行,/sales/bh8/B5734/,1,1,1,1,2
fb / bh8,fanpage,徐紋媛業務個人介紹 - 遠雄洄山行,/sales/bh8/B5734/,1,1,2,2,10
mydachi / bh10,mydachiwebsite1217,徐紋媛業務個人介紹 - 遠雄洄山行,/sales/bh8/B5734/,1,1,1,1,67
google / cpc,(organic),林育騏業務個人介紹 - 遠雄洄山行,/sales/bh8/G0117/,1,1,1,1,0
google_kw / BH8,20240816_台中中科,林育騏業務個人介紹 - 遠雄洄山行,/sales/bh8/G0117/,1,1,1,1,1
google_kw / BH8,20240816_透天/豪宅/別墅,林育騏業務個人介紹 - 遠雄洄山行,/sales/bh8/G0117/,1,1,1,1,2
mydachi / bh10,mydachiwebsite1217,林育騏業務個人介紹 - 遠雄洄山行,/sales/bh8/G0117/,1,1,1,1,13
(direct) / (none),(direct),林明櫻業務個人介紹 - 遠雄洄山行,/sales/bh8/G0262/,1,1,1,1,5
google / cpc,brand,林明櫻業務個人介紹 - 遠雄洄山行,/sales/bh8/G0262/,1,1,1,1,6
fb / bh8,fb23-1,林明櫻業務個人介紹 - 遠雄洄山行,/sales/bh8/G0262/,1,1,1,1,1
google_kw / BH8,20240816_品牌字,林邑瞳業務個人介紹 - 遠雄洄山行,/sales/bh8/G0351/,1,1,1,1,15
google_kw / BH8,20240816_透天/豪宅/別墅,林邑瞳業務個人介紹 - 遠雄洄山行,/sales/bh8/G0351/,1,1,1,1,5
yahoo_native / 5vo1,202510_4,林邑瞳業務個人介紹 - 遠雄洄山行,/sales/bh8/G0351/,1,1,1,1,2
fb / bh8,fanpage,林邑瞳業務個人介紹 - 遠雄洄山行,/sales/bh8/G0351/,1,1,1,1,0
fb / bh8,leads,林邑瞳業務個人介紹 - 遠雄洄山行,/sales/bh8/G0351/,1,1,1,1,0
google / organic,(organic),朱沛玲業務個人介紹 - 遠雄洄山行,/sales/bh8/G1070/,1,1,2,2,7
dsp / cqh1,dsp-3,鄧娟業務個人介紹 - 村泉蒔美,/sales/cqh1/B2380/,1,1,1,1,7
fb / cqh1,fb-20,鄧娟業務個人介紹 - 村泉蒔美,/sales/cqh1/B2380/,1,1,2,2,0
fb / cqh1,fb-29,鄧娟業務個人介紹 - 村泉蒔美,/sales/cqh1/B2380/,1,1,1,1,9
ig / paid,120222247205050066,吳麗美業務個人介紹 - 村泉蒔美,/sales/cqh1/B2850/,1,1,1,1,3
google / cpc,202511,吳麗美業務個人介紹 - 村泉蒔美,/sales/cqh1/B2850/,1,1,1,1,4
(not set),20251209一輪播,吳麗美業務個人介紹 - 村泉蒔美,/sales/cqh1/B2850/,1,1,1,1,0
fb / cqh1,fb-26,吳麗美業務個人介紹 - 村泉蒔美,/sales/cqh1/B2850/,1,1,1,1,0
line-lap / cqh1,lap-3,吳麗美業務個人介紹 - 村泉蒔美,/sales/cqh1/B2850/,1,1,1,1,16
(not set),(not set),林琪富業務個人介紹 - 村泉蒔美,/sales/cqh1/B3057/,1,1,1,1,9
fb / paid,120222247205050066,林琪富業務個人介紹 - 村泉蒔美,/sales/cqh1/B3057/,1,1,2,2,27
fgr-line / cqh1,20251206,林琪富業務個人介紹 - 村泉蒔美,/sales/cqh1/B3057/,1,1,2,2,12
google_kw / cqh1,brand,林琪富業務個人介紹 - 村泉蒔美,/sales/cqh1/B3057/,1,1,1,1,3
fb / cqh1,fb-26,林琪富業務個人介紹 - 村泉蒔美,/sales/cqh1/B3057/,1,1,1,1,0
fb / cqh1,fb-29,林琪富業務個人介紹 - 村泉蒔美,/sales/cqh1/B3057/,1,1,1,1,1
line-lap / cqh1,lap-3,林琪富業務個人介紹 - 村泉蒔美,/sales/cqh1/B3057/,1,1,2,2,30
google / organic,(organic),沈玉菁業務個人介紹 - 村泉蒔美,/sales/cqh1/B5432/,1,1,1,1,5
fb / paid,120222247205050066,沈玉菁業務個人介紹 - 村泉蒔美,/sales/cqh1/B5432/,1,1,1,1,12
google / cpc,CQH1-品牌字,沈玉菁業務個人介紹 - 村泉蒔美,/sales/cqh1/B5432/,1,1,1,1,8
dsp / cqh1,dsp-3,沈玉菁業務個人介紹 - 村泉蒔美,/sales/cqh1/B5432/,1,1,1,1,1
fb / cqh1,fb-26,沈玉菁業務個人介紹 - 村泉蒔美,/sales/cqh1/B5432/,1,1,1,1,0
fb / cqh1,fb-29,沈玉菁業務個人介紹 - 村泉蒔美,/sales/cqh1/B5432/,1,1,1,1,30
line-lap / cqh1,lap-3,沈玉菁業務個人介紹 - 村泉蒔美,/sales/cqh1/B5432/,1,1,1,1,5
google / organic,(organic),陳永証業務個人介紹 - 村泉蒔美,/sales/cqh1/G0176/,1,1,1,1,9
yahoo_native / 5vo1,20251124_1102,陳永証業務個人介紹 - 村泉蒔美,/sales/cqh1/G0176/,1,1,1,1,4
google / cpc,CQH1-品牌字,陳永証業務個人介紹 - 村泉蒔美,/sales/cqh1/G0176/,1,1,1,1,9
dsp / cqh1,dsp-2,陳永証業務個人介紹 - 村泉蒔美,/sales/cqh1/G0176/,1,1,1,1,0
dsp / cqh1,dsp-3,陳永証業務個人介紹 - 村泉蒔美,/sales/cqh1/G0176/,1,1,1,1,0
fb / cqh1,fb-29,陳永証業務個人介紹 - 村泉蒔美,/sales/cqh1/G0176/,1,1,1,1,3
line-lap / cqh1,lap-3,陳永証業務個人介紹 - 村泉蒔美,/sales/cqh1/G0176/,1,1,1,1,20
yahoo_native / 5vo1,20251124_1102,曾華萱業務個人介紹 - 村泉蒔美,/sales/cqh1/G0679/,1,1,1,1,13
google / cpc,CQH1-買房字,曾華萱業務個人介紹 - 村泉蒔美,/sales/cqh1/G0679/,1,1,1,1,18
fb / cqh1,fb-20,曾華萱業務個人介紹 - 村泉蒔美,/sales/cqh1/G0679/,1,1,2,2,16
fb / cqh1,fb-26,曾華萱業務個人介紹 - 村泉蒔美,/sales/cqh1/G0679/,1,1,1,1,0
fb / cqh1,fb-30,曾華萱業務個人介紹 - 村泉蒔美,/sales/cqh1/G0679/,1,1,1,1,2
line-lap / cqh1,lap-3,曾華萱業務個人介紹 - 村泉蒔美,/sales/cqh1/G0679/,1,1,1,1,18
dogreat.com.tw / referral,(referral),郭佳莉業務個人介紹 - 都美大河商爵,/sales/dgm1/B4978/,1,1,1,1,4
google / cpc,202511,郭佳莉業務個人介紹 - 都美大河商爵,/sales/dgm1/B4978/,1,1,1,1,225
google / cpc,Shilin,郭佳莉業務個人介紹 - 都美大河商爵,/sales/dgm1/B4978/,1,1,1,1,0
google / cpc,brand,郭佳莉業務個人介紹 - 都美大河商爵,/sales/dgm1/B4978/,1,1,1,1,36
google / cpc,gdn11-3,郭佳莉業務個人介紹 - 都美大河商爵,/sales/dgm1/B4978/,1,1,1,1,0
google / cpc,gdn11-3,郭紀懋業務個人介紹 - 都美大河商爵,/sales/dgm1/B6026/,1,1,1,1,12
google / cpc,core,(1) 封未讀訊息 | 蔡明昌業務個人介紹 - 都美大河商爵,/sales/dgm1/G0048/,1,1,0,0,0
(not set),20251209一輪播,蔡明昌業務個人介紹 - 都美大河商爵,/sales/dgm1/G0048/,1,1,1,1,29
google / cpc,Shilin,蔡明昌業務個人介紹 - 都美大河商爵,/sales/dgm1/G0048/,1,1,1,1,0
google / cpc,brand,蔡明昌業務個人介紹 - 都美大河商爵,/sales/dgm1/G0048/,1,1,1,1,12
google / cpc,core,蔡明昌業務個人介紹 - 都美大河商爵,/sales/dgm1/G0048/,1,1,1,1,3
dogreat.com.tw / referral,(referral),莊皓為業務個人介紹 - 都美大河商爵,/sales/dgm1/G0742/,1,1,1,1,2
google / cpc,Shilin,莊皓為業務個人介紹 - 都美大河商爵,/sales/dgm1/G0742/,1,1,1,1,0
google / cpc,brand,莊皓為業務個人介紹 - 都美大河商爵,/sales/dgm1/G0742/,1,1,1,1,1
(direct) / (none),(direct),張嘉祐業務個人介紹 - 遠雄山禾,/sales/dh2/B3662/,1,1,1,1,19
google / organic,(organic),張志銘業務個人介紹 - 遠雄山禾,/sales/dh2/B5126/,1,1,1,1,7
google_kw / dh2,(organic),張志銘業務個人介紹 - 遠雄山禾,/sales/dh2/B5126/,1,1,1,1,8
fb / dh2,leads,張志銘業務個人介紹 - 遠雄山禾,/sales/dh2/B5126/,1,1,1,1,4
fb / dh2,fb-49,蔡旻芮業務個人介紹 - 遠雄山禾,/sales/dh2/B6132/,1,1,1,1,9
fb / eh5,fb31-1,蔡旻芮業務個人介紹 - 遠雄山禾,/sales/dh2/B6132/,1,1,1,1,11
google / organic,(organic),楊靜茹業務個人介紹 - 遠雄山禾,/sales/dh2/G0107/,1,1,1,1,12
fb / dh2,fb-49,楊靜茹業務個人介紹 - 遠雄山禾,/sales/dh2/G0107/,1,1,1,1,0
(not set),(not set),王韻涵業務個人介紹 - 遠雄山禾,/sales/dh2/G0275/,1,1,1,1,0
fb / dh2,fb-49,王韻涵業務個人介紹 - 遠雄山禾,/sales/dh2/G0275/,1,1,1,1,3
google / organic,(organic),鄭資齡業務個人介紹 - 遠雄山禾,/sales/dh2/G0601/,1,1,1,1,0
line-lap / dh2,15,林詩穎業務個人介紹 - 遠雄山禾,/sales/dh2/G0633/,1,1,1,1,5
yahoo_native / 5vo1,202510_4,林詩穎業務個人介紹 - 遠雄山禾,/sales/dh2/G0633/,1,1,1,1,7
google / cpc,202511,林詩穎業務個人介紹 - 遠雄山禾,/sales/dh2/G0633/,1,1,1,1,5
fb / dh2,fb-49,林詩穎業務個人介紹 - 遠雄山禾,/sales/dh2/G0633/,1,1,1,1,4
fb / eh5,fb31-1,林詩穎業務個人介紹 - 遠雄山禾,/sales/dh2/G0633/,1,1,1,1,3
fb / dh2,fb-9,黃容筠業務個人介紹 - 遠雄山禾,/sales/dh2/G0936/,1,1,1,1,2
fb / eh5,fb31-1,黃容筠業務個人介紹 - 遠雄山禾,/sales/dh2/G0936/,1,1,1,1,3
google / cpc,brand,黃柔銘業務個人介紹 - 遠雄峰蘊,/sales/eh1/B3500/,1,1,1,1,6
google / organic,(organic),黃聖富業務個人介紹 - 遠雄峰蘊,/sales/eh1/B5627/,1,1,1,1,5
google / cpc,brand,黃聖富業務個人介紹 - 遠雄峰蘊,/sales/eh1/B5627/,1,1,1,1,4
line-lap / eh2,20251208,張子彤業務個人介紹 - 遠雄峰蘊,/sales/eh1/B5932/,1,1,1,1,12
m.facebook.com / referral,(referral),楊倩如業務個人介紹 - 遠雄峰蘊,/sales/eh1/G0259/,1,1,1,1,0
google / cpc,brand,楊倩如業務個人介紹 - 遠雄峰蘊,/sales/eh1/G0259/,1,1,1,1,14
google / organic,(organic),林品宜業務個人介紹 - 遠雄峰蘊,/sales/eh1/G0336/,1,1,1,1,10
google / cpc,202511,林品宜業務個人介紹 - 遠雄峰蘊,/sales/eh1/G0336/,1,1,1,1,5
google / cpc,area,林品宜業務個人介紹 - 遠雄峰蘊,/sales/eh1/G0336/,1,1,1,1,1
google / cpc,202511,李芊儀業務個人介紹 - 遠雄峰蘊,/sales/eh1/G0595/,1,1,1,1,9
line-lap / eh2,20251208,李芊儀業務個人介紹 - 遠雄峰蘊,/sales/eh1/G0595/,1,1,1,1,6
google / cpc,brand,李芊儀業務個人介紹 - 遠雄峰蘊,/sales/eh1/G0595/,1,1,1,1,7
google / cpc,brand,(1) 封未讀訊息 | 賴玫蓁業務個人介紹 - 遠雄峰蘊,/sales/eh1/G0881/,1,1,0,0,0
console-v2.omnichat.ai / referral,(referral),賴玫蓁業務個人介紹 - 遠雄峰蘊,/sales/eh1/G0881/,1,1,1,1,1
tw.search.yahoo.com / referral,(referral),羅泓偉業務個人介紹 - 遠雄一靚,/sales/eh2/B3397/,1,1,2,2,3
fb / eh2,11-2,羅泓偉業務個人介紹 - 遠雄一靚,/sales/eh2/B3397/,1,1,1,1,0
fb / eh2,12-1,羅泓偉業務個人介紹 - 遠雄一靚,/sales/eh2/B3397/,1,1,1,1,6
line-lap / eh2,20251209,羅泓偉業務個人介紹 - 遠雄一靚,/sales/eh2/B3397/,1,1,1,1,15
google / cpc,information4,羅泓偉業務個人介紹 - 遠雄一靚,/sales/eh2/B3397/,1,1,1,1,16
fb / eh2,leads,羅泓偉業務個人介紹 - 遠雄一靚,/sales/eh2/B3397/,1,1,2,2,4
fb / eh2,10-2,洪梓芸業務個人介紹 - 遠雄一靚,/sales/eh2/B5986/,1,1,1,1,1
fb / eh2,11-3,洪梓芸業務個人介紹 - 遠雄一靚,/sales/eh2/B5986/,1,1,1,1,14
fb / eh2,12-2,洪梓芸業務個人介紹 - 遠雄一靚,/sales/eh2/B5986/,1,1,1,1,0
google / cpc,information4,洪梓芸業務個人介紹 - 遠雄一靚,/sales/eh2/B5986/,1,1,1,1,27
fgr-line / eh2,listbutton,洪梓芸業務個人介紹 - 遠雄一靚,/sales/eh2/B5986/,1,1,1,1,19
web-udn / eh2,udn_202512,洪梓芸業務個人介紹 - 遠雄一靚,/sales/eh2/B5986/,1,1,1,1,14
(direct) / (none),(direct),陳澤韋業務個人介紹 - 遠雄一靚,/sales/eh2/G0243/,1,1,1,1,4
line-lap / eh2,20251208,陳澤韋業務個人介紹 - 遠雄一靚,/sales/eh2/G0243/,1,1,1,1,3
line-lap / eh2,20251209,陳澤韋業務個人介紹 - 遠雄一靚,/sales/eh2/G0243/,1,1,1,1,10
fb / eh2,leads,陳澤韋業務個人介紹 - 遠雄一靚,/sales/eh2/G0243/,1,1,1,1,16
fb / eh2,11-3,徐靖業務個人介紹 - 遠雄一靚,/sales/eh2/G0597/,1,1,1,1,6
fb / eh2,12-1,徐靖業務個人介紹 - 遠雄一靚,/sales/eh2/G0597/,1,1,1,1,2
line-lap / eh2,20251209,徐靖業務個人介紹 - 遠雄一靚,/sales/eh2/G0597/,1,1,1,1,24
web-ettoday / eh2,ettoday_202512,徐靖業務個人介紹 - 遠雄一靚,/sales/eh2/G0597/,1,1,1,1,1
fb / eh2,leads,徐靖業務個人介紹 - 遠雄一靚,/sales/eh2/G0597/,1,1,1,1,1
web-udn / eh2,udn_202512,徐靖業務個人介紹 - 遠雄一靚,/sales/eh2/G0597/,1,1,1,1,5
line-lap / eh2,20251208,蔡景宇業務個人介紹 - 遠雄一靚,/sales/eh2/G0855/,1,1,1,1,2
google / cpc,information4,蔡景宇業務個人介紹 - 遠雄一靚,/sales/eh2/G0855/,1,1,1,1,7
fgr-line / eh2,listbutton,蔡景宇業務個人介紹 - 遠雄一靚,/sales/eh2/G0855/,1,1,1,1,0
fb / eh2,12-1,陳灝業務個人介紹 - 遠雄一靚,/sales/eh2/G1010/,1,1,1,1,3
(not set),20251209一輪播,陳灝業務個人介紹 - 遠雄一靚,/sales/eh2/G1010/,1,1,2,2,0
fb / eh2,9-4,陳灝業務個人介紹 - 遠雄一靚,/sales/eh2/G1010/,1,1,1,1,0
google / cpc,information4,陳灝業務個人介紹 - 遠雄一靚,/sales/eh2/G1010/,1,1,1,1,10
leju / eh2,lejuweb,陳灝業務個人介紹 - 遠雄一靚,/sales/eh2/G1010/,1,1,1,1,10
leju / eh2,遠雄高大特區首發(雙圖),陳灝業務個人介紹 - 遠雄一靚,/sales/eh2/G1010/,1,1,1,1,0
(direct) / (none),(direct),林建宏業務個人介紹 - 遠雄沐蘊,/sales/eh5/B1974/,1,1,1,1,0
google / organic,(organic),林建宏業務個人介紹 - 遠雄沐蘊,/sales/eh5/B1974/,1,1,1,1,1
google / cpc,brand,林建宏業務個人介紹 - 遠雄沐蘊,/sales/eh5/B1974/,1,1,2,2,32
fb / eh5,fb20-1,林建宏業務個人介紹 - 遠雄沐蘊,/sales/eh5/B1974/,1,1,1,1,3
(direct) / (none),(direct),于彩玲業務個人介紹 - 遠雄沐蘊,/sales/eh5/B1985/,1,1,1,1,6
google / cpc,(organic),于彩玲業務個人介紹 - 遠雄沐蘊,/sales/eh5/B1985/,1,1,1,1,13
fb / eh5,27-3,于彩玲業務個人介紹 - 遠雄沐蘊,/sales/eh5/B1985/,1,1,1,1,5
google / cpc,area,于彩玲業務個人介紹 - 遠雄沐蘊,/sales/eh5/B1985/,1,1,1,1,2
tw.search.yahoo.com / referral,(referral),范亦萱業務個人介紹 - 遠雄沐蘊,/sales/eh5/G0309/,1,1,1,1,4
fgr-line / eh5,20251205,范亦萱業務個人介紹 - 遠雄沐蘊,/sales/eh5/G0309/,1,1,1,1,6
fb / eh5,fb12-3,范亦萱業務個人介紹 - 遠雄沐蘊,/sales/eh5/G0309/,1,1,1,1,2
(direct) / (none),(direct),戴維民業務個人介紹 - 遠雄沐蘊,/sales/eh5/G0596/,1,1,1,1,4
google / cpc,brand,戴維民業務個人介紹 - 遠雄沐蘊,/sales/eh5/G0596/,1,1,1,1,0
(direct) / (none),(direct),鄭喨予業務個人介紹 - 遠雄沐蘊,/sales/eh5/G0598/,1,1,1,1,23
google / organic,(organic),鄭喨予業務個人介紹 - 遠雄沐蘊,/sales/eh5/G0598/,1,1,1,1,7
tw.search.yahoo.com / referral,(referral),鄭喨予業務個人介紹 - 遠雄沐蘊,/sales/eh5/G0598/,1,1,1,1,5
fb / eh5,park,鄭喨予業務個人介紹 - 遠雄沐蘊,/sales/eh5/G0598/,1,1,1,1,20
tw.search.yahoo.com / referral,(referral),翁毓雯業務個人介紹 - 遠雄沐蘊,/sales/eh5/G0816/,1,1,1,1,5
fb / eh5,fb12-3,翁毓雯業務個人介紹 - 遠雄沐蘊,/sales/eh5/G0816/,1,1,1,1,7
fb / eh5,park,翁毓雯業務個人介紹 - 遠雄沐蘊,/sales/eh5/G0816/,1,1,1,1,0
google / organic,(organic),謝涵羽業務個人介紹 - 遠雄沐蘊,/sales/eh5/G0829/,1,1,1,1,0
(direct) / (none),(direct),李之雅業務個人介紹 - 遠雄沐蘊,/sales/eh5/G0918/,1,1,1,1,1
google / cpc,brand,李之雅業務個人介紹 - 遠雄沐蘊,/sales/eh5/G0918/,1,1,1,1,14
google / cpc,type,李之雅業務個人介紹 - 遠雄沐蘊,/sales/eh5/G0918/,1,1,1,1,3
(data not available),(cross-network),林秀樺業務個人介紹 - 遠雄商用不動產,/sales/fm3/B3312/,1,1,1,1,15
google / organic,(organic),林秀樺業務個人介紹 - 遠雄商用不動產,/sales/fm3/B3312/,1,1,1,1,3
google / cpc,202511,林秀樺業務個人介紹 - 遠雄商用不動產,/sales/fm3/B3312/,1,1,1,1,27
taboola / fm3,ConA,林秀樺業務個人介紹 - 遠雄商用不動產,/sales/fm3/B3312/,1,1,1,1,22
taboola / fm3,ConB,林秀樺業務個人介紹 - 遠雄商用不動產,/sales/fm3/B3312/,1,1,1,1,5
google / cpc,Pmax,林秀樺業務個人介紹 - 遠雄商用不動產,/sales/fm3/B3312/,1,1,1,1,10
taboola / fm3,impB,林秀樺業務個人介紹 - 遠雄商用不動產,/sales/fm3/B3312/,1,1,1,1,8
(direct) / (none),(direct),張庭海業務個人介紹 - 遠雄商用不動產,/sales/fm3/B4147/,1,1,1,1,0
google / organic,(organic),張庭海業務個人介紹 - 遠雄商用不動產,/sales/fm3/B4147/,1,1,1,1,5
google / cpc,202511,張庭海業務個人介紹 - 遠雄商用不動產,/sales/fm3/B4147/,1,1,1,1,13
fb / fm3,fb2-2,張庭海業務個人介紹 - 遠雄商用不動產,/sales/fm3/B4147/,1,1,1,1,3
taboola / fm3,ConB,郭天宇業務個人介紹 - 遠雄商用不動產,/sales/fm3/B5597/,1,1,1,1,19
taboola / fm3,impA,郭天宇業務個人介紹 - 遠雄商用不動產,/sales/fm3/B5597/,1,1,1,1,0
(direct) / (none),(direct),葉閎宇業務個人介紹 - 遠雄商用不動產,/sales/fm3/G0206/,1,1,1,1,0
google / cpc,Pmax,葉閎宇業務個人介紹 - 遠雄商用不動產,/sales/fm3/G0206/,1,1,1,1,14
google / cpc,brand,葉閎宇業務個人介紹 - 遠雄商用不動產,/sales/fm3/G0206/,1,1,1,1,3
taboola / fm3,impA,葉閎宇業務個人介紹 - 遠雄商用不動產,/sales/fm3/G0206/,1,1,1,1,9
bing / organic,(organic),趙洋寬業務個人介紹 - 遠雄商用不動產,/sales/fm3/G0922/,1,1,1,1,7
webnews / ar1,20250918,趙洋寬業務個人介紹 - 遠雄商用不動產,/sales/fm3/G0922/,1,1,1,1,0
google / cpc,202511,趙洋寬業務個人介紹 - 遠雄商用不動產,/sales/fm3/G0922/,1,1,1,1,26
google / cpc,brand,趙洋寬業務個人介紹 - 遠雄商用不動產,/sales/fm3/G0922/,1,1,1,1,2
taboola / fm3,impA,趙洋寬業務個人介紹 - 遠雄商用不動產,/sales/fm3/G0922/,1,1,1,1,9
google / cpc,(organic),鄭玲蘭業務個人介紹 - 遠雄星呈,/sales/h707/B4789/,1,1,2,2,10
tw.search.yahoo.com / referral,(referral),鄭玲蘭業務個人介紹 - 遠雄星呈,/sales/h707/B4789/,1,1,1,1,30
google / cpc,beitun,鄭玲蘭業務個人介紹 - 遠雄星呈,/sales/h707/B4789/,1,1,2,2,3
(direct) / (none),(direct),林欣伶業務個人介紹 - 遠雄星呈,/sales/h707/B5856/,1,1,1,1,13
fb / h707,19,林欣伶業務個人介紹 - 遠雄星呈,/sales/h707/B5856/,1,1,1,1,3
fb / h707,40,林欣伶業務個人介紹 - 遠雄星呈,/sales/h707/B5856/,1,1,1,1,5
google / cpc,beitun,鄧大鈺業務個人介紹 - 遠雄星呈,/sales/h707/G0305/,1,1,1,1,1
(direct) / (none),(direct),楊王誌業務個人介紹 - 遠雄星呈,/sales/h707/G0705/,1,1,1,1,0
google / cpc,beitun,楊王誌業務個人介紹 - 遠雄星呈,/sales/h707/G0705/,1,1,1,1,0
google / organic,(organic),九月主題報 - 遠雄房地產 %,/sep2024/,1,1,2,2,3
google / organic,(organic),遠雄2025九月主題報 - 遠雄房地產,/sep2025/,1,1,2,2,3
google / organic,(organic),九月主題報2023 - 遠雄房地產,/september-2023/,1,1,2,2,4
google / organic,(organic),九月主題報 - 遠雄房地產,/september/,1,1,2,2,5
google / organic,(organic),服務條款-遠雄房地產,/terms-of-service/,1,1,3,3,10
fb / bh11,12-2,服務條款-遠雄房地產,/terms-of-service/,1,1,1,1,3
fb / hm2,251204,服務條款-遠雄房地產,/terms-of-service/,1,1,1,1,2
fb / bh7,9,服務條款-遠雄房地產,/terms-of-service/,1,1,1,1,63
fb / eh2,9-2,服務條款-遠雄房地產,/terms-of-service/,1,1,1,1,0
google / cpc,CQH1-地區字,服務條款-遠雄房地產,/terms-of-service/,1,1,2,2,5
google / cpc,CQH1-買房字,服務條款-遠雄房地產,/terms-of-service/,1,1,1,1,0
fb / cqh1,fb-10,服務條款-遠雄房地產,/terms-of-service/,1,1,1,1,4
fb / cqh1,fb-34,服務條款-遠雄房地產,/terms-of-service/,1,1,1,1,0
fb / eh5,fb31-3,服務條款-遠雄房地產,/terms-of-service/,1,1,1,1,3
fb / hch1,privacy,服務條款-遠雄房地產,/terms-of-service/,1,1,1,1,2
leju / bh11,風光大棟距,服務條款-遠雄房地產,/terms-of-service/,1,1,1,1,2
google / organic,(organic),服務條款暨隱私權聲明 -遠雄房地產,/terms-of-service_and_privacy/,1,1,3,3,5
farglory.surveycake.com / referral,(referral),服務條款暨隱私權聲明 -遠雄房地產,/terms-of-service_and_privacy/,1,1,2,2,50
fb / bh10,fb10-8,服務條款暨隱私權聲明 -遠雄房地產,/terms-of-service_and_privacy/,1,1,1,1,0
fb / o1,privacy,服務條款暨隱私權聲明 -遠雄房地產,/terms-of-service_and_privacy/,1,1,1,1,0
(direct) / (none),(direct),找不到符合條件的頁面 – 遠雄THE ONE,/thankyou_page.php,1,1,1,1,20
(direct) / (none),(direct),取消訂閱 - 遠雄房地產 %,/unsubscribe/,1,1,1,1,0
web-udn / cgh01,start building,北部 彙整 - 遠雄房地產,/wom-recommendation-category/wom_recommendation/north/,1,1,1,1,10
google / organic,(organic),買主口碑推薦：遠雄建案、預售屋 -遠雄房地產,/wom-recommendation-category/wom_recommendation/page/2/,1,1,1,1,3
(direct) / (none),(direct),口碑推薦 彙整 - 遠雄房地產,/wom-recommendation/,1,1,1,1,3
google / organic,(organic),口碑推薦 彙整 - 遠雄房地產,/wom-recommendation/,1,1,1,1,4
google / organic,(organic),【遠雄純寓】可以走入繁華，也可以選擇安靜 - 遠雄房地產,/wom-recommendation/bh2_wang/,1,1,1,1,4
(direct) / (none),(direct),遠雄之星8推薦-證言篇-退休生活,/wom-recommendation/farglory-star8/,1,1,1,1,3
google / organic,(organic),稀有水岸超奢美景，換屋首選「遠雄豐河」 - 遠雄房地產,/wom-recommendation/h101_riverside/,1,1,1,1,14
google / organic,(organic),甜蜜夫妻提前準備退休生活，「遠雄豐河」續寫幸福篇章 - 遠雄房地產,/wom-recommendation/h101b_view/,1,1,1,1,6
google / cpc,遠雄幸福成_H713_關鍵字_0516_外縣市,甜蜜夫妻提前準備退休生活，「遠雄豐河」續寫幸福篇章 - 遠雄房地產,/wom-recommendation/h101b_view/,1,1,1,1,15
google / organic,(organic),「遠雄幸福成」一次實現老婆對新房的期待 - 遠雄房地產,/wom-recommendation/h713_cheng/,1,1,1,1,12
google / cpc,遠雄幸福成_H713_關鍵字_0516_外縣市,「遠雄幸福成」一次實現老婆對新房的期待 - 遠雄房地產,/wom-recommendation/h713_cheng/,1,1,3,3,20
avivid / bh11,20251212,「遠雄幸福成」台中最後一塊潛力明星區域，年輕人也買得起 - 遠雄房地產,/wom-recommendation/h713_lin/,1,1,1,1,12
google / cpc,遠雄幸福成_H713_關鍵字_0516_外縣市,「遠雄幸福成」台中最後一塊潛力明星區域，年輕人也買得起 - 遠雄房地產,/wom-recommendation/h713_lin/,1,1,1,1,14
ig / paid,120224909927020347,「遠雄幸福成」面朝大海看落日，左擁右抱大公園 - 遠雄房地產,/wom-recommendation/h713_tsang/,1,1,1,1,115
google / cpc,20251204,「遠雄幸福成」面朝大海看落日，左擁右抱大公園 - 遠雄房地產,/wom-recommendation/h713_tsang/,1,1,1,1,1760
bing / organic,(organic),青晉，讓漂泊候鳥也想親近定居 - 遠雄房地產,/wom-recommendation/hh1_msliu/,1,1,3,3,58
google / cpc,20251204,青晉，讓漂泊候鳥也想親近定居 - 遠雄房地產,/wom-recommendation/hh1_msliu/,1,1,1,1,22
avivid / bh11,20251212,青晉，讓漂泊候鳥也想親近定居 - 遠雄房地產,/wom-recommendation/hh1_msliu/,1,1,1,1,58
web-udn / cgh01,start building,青晉，讓漂泊候鳥也想親近定居 - 遠雄房地產,/wom-recommendation/hh1_msliu/,1,1,2,2,6
bing / organic,(organic),中意綠意與水岸，劉氏伉儷在「遠雄青晉」享受未來人生 - 遠雄房地產,/wom-recommendation/liu_couple/,1,1,2,2,10
avivid / bh11,20251212,中意綠意與水岸，劉氏伉儷在「遠雄青晉」享受未來人生 - 遠雄房地產,/wom-recommendation/liu_couple/,1,1,1,1,0
google / organic,(organic),口碑推薦 彙整- 頁2，共2 - 遠雄房地產,/wom-recommendation/page/2/,1,1,1,1,9
google / organic,(organic),口碑推薦 彙整- 頁2，共3 - 遠雄房地產,/wom-recommendation/page/2/,1,1,2,2,7
(direct) / (none),(direct),遠雄之星證言篇-單身投資-28歲擁有人生第一間房，強迫儲蓄更是最好的投資！- 遠雄房地產,/wom-recommendation/single-investment/,1,1,1,1,2
google / organic,(organic),遠雄之星證言篇-單身投資-28歲擁有人生第一間房，強迫儲蓄更是最好的投資！- 遠雄房地產,/wom-recommendation/single-investment/,1,1,1,1,11
bing / organic,(organic),【遠雄東御苑】已購證言：王小姐 // 超強格局、環境單純更加分 // - 遠雄房地產,/wom-recommendation/【遠雄東御苑】已購證言：王小姐-超強格局、環/,1,1,1,1,5
avivid / bh11,20251212,【遠雄東御苑】已購證言：王小姐 // 超強格局、環境單純更加分 // - 遠雄房地產,/wom-recommendation/【遠雄東御苑】已購證言：王小姐-超強格局、環/,1,1,1,1,21
(not set),20251230一輪播,【遠雄東御苑】已購證言：王小姐 // 超強格局、環境單純更加分 // - 遠雄房地產,/wom-recommendation/【遠雄東御苑】已購證言：王小姐-超強格局、環/,1,1,1,1,3
(not set),系統測試,【遠雄東御苑】已購證言：王小姐 // 超強格局、環境單純更加分 // - 遠雄房地產,/wom-recommendation/【遠雄東御苑】已購證言：王小姐-超強格局、環/,1,1,1,1,1
google / organic,(organic),工作環境-遠雄房地產,/working_environment/,1,1,1,1,32
google / organic,(organic),九月主題報2023-3 - 遠雄房地產,/九月主題報2023-3/,1,1,2,2,3
google / organic,(organic),九月主題報2023-4 - 遠雄房地產,/九月主題報2023-4/,1,1,2,2,3
google / organic,(organic),前所未有‧跨國界建築奇蹟 - 遠雄房地產,/前所未有‧跨國界建築奇蹟/,1,1,1,1,7
google / organic,(organic),智慧二代宅‧ 讓不可能成為可能 - 遠雄房地產,/智慧二代宅‧-讓不可能成為可能/,1,1,1,1,17
(not set),20251209一輪播,找不到頁面 - 遠雄房地產,/最安心-專責服務團隊/,1,1,1,1,0
google / organic,(organic),最安心-專責服務團隊 - 遠雄房地產,/最安心-專責服務團隊/,1,1,1,1,10
(not set),20251209一輪播,最安心-專責服務團隊 - 遠雄房地產,/最安心-專責服務團隊/,1,1,1,1,7
google / organic,(organic),百年一次的世界級團隊 - 遠雄房地產,/百年一次的世界級團隊/,1,1,2,2,9
mkto-sn070013.com / referral,(referral),預約成功 - 遠雄房地產,/預約成功感謝頁/,1,1,1,1,23
fb / bh11,11-3,預約成功 - 遠雄房地產,/預約成功感謝頁/,1,1,1,1,4
google / cpc,202511,預約成功 - 遠雄房地產,/預約成功感謝頁/,1,1,1,1,5
(not set),20251230一輪播,預約成功 - 遠雄房地產,/預約成功感謝頁/,1,1,0,0,0
google / cpc,competitor,預約成功 - 遠雄房地產,/預約成功感謝頁/,1,1,1,1,0
fb / dh2,fb-49,預約成功 - 遠雄房地產,/預約成功感謝頁/,1,1,1,1,1
fb / bh10,fb11-3,預約成功 - 遠雄房地產,/預約成功感謝頁/,1,1,2,2,10
line-fgr / bh7,linefgrbh7,預約成功 - 遠雄房地產,/預約成功感謝頁/,1,1,1,1,12
fgr-line / eh2,listbutton,預約成功 - 遠雄房地產,/預約成功感謝頁/,1,1,1,1,1
line-lap / ao1,20240809_8-1,遠雄商舟,/,0,1,1,null,null
fb / ao1,4-2,遠雄商舟,/,0,1,1,null,null
line-lap / eh2,20251101,遠雄房地產：最懂生活的購屋專家,/,0,1,1,null,null
line-lap / eh2,20251209,遠雄房地產：最懂生活的購屋專家,/,0,1,1,null,null
line-lap / line-lap,H102,遠雄香榭園,/,0,1,1,null,null
google / cpc,20250616_品牌字,齊興緻-蔡姈君-遠雄房地產 Farglory-Realty,/AR1/b1716,0,1,1,null,null
(direct) / (none),(direct),齊興緻-鍾坤霖-遠雄房地產 Farglory-Realty,/AR1/b2509,0,1,1,null,null
(direct) / (none),(direct),遠雄幸福成-彭羿瑄-遠雄房地產 Farglory-Realty,/H713/g0118,0,1,1,null,null
(not set),20251209一輪播,遠雄2025九月主題報 - 遠雄房地產,/SEP2025/,0,1,1,null,null
(not set),(not set),防疫宅相關預售屋/新成屋/新建案資料|遠雄房地產,/building-tag/build-tag-virus/,0,1,0,null,null
(not set),20250919一輪播,北士科建案【遠雄泱玥】水岸首排．57-75坪,/buildings/ah2/,0,1,1,null,null
(not set),20251023一輪播,北士科建案【遠雄泱玥】水岸首排．57-75坪,/buildings/ah2/,0,1,1,null,null
line / bh10,line1126,北屯敦富路【遠雄敦富】- 北屯機捷預售屋．近好市多,/buildings/bh10/,0,1,1,null,null
google / cpc,20250718,遠雄14期首發【遠雄丰尚】北屯新案．近漢神洲際百貨,/buildings/bh11/,0,1,1,null,null
gdn / bh11,20250825,遠雄14期首發【遠雄丰尚】北屯新案．近漢神洲際百貨,/buildings/bh11/,0,1,1,null,null
(not set),20250919一輪播,【遠雄樂元】北屯機捷X好市多，雙首排大道最核心，夠近才最好,/buildings/bh7/,0,1,1,null,null
fb / bh8,fb14-1,台中西屯建案【遠雄洄山行】．2-4房方正格局,/buildings/bh8/,0,1,1,null,null
(not set),(not set),找不到頁面 - 遠雄房地產,/buildings/cgh01/,0,1,0,null,null
socialmedia / cgh01,20241227,找不到頁面 - 遠雄房地產,/buildings/cgh01/,0,1,1,null,null
line / ah2-message,(direct),村泉蒔美｜門戶端點 從容跨界｜台北生活最美起點,/buildings/cqh1/,0,1,0,null,null
fb / bh5,leads,大河商爵-台北市士林區廠辦/預售新建案-預約賞屋，遠創力行銷,/buildings/dgm1/,0,1,1,null,null
(not set),20251209一輪播,(1) 封未讀訊息 | 遠雄沐蘊-高雄市三民區預售屋/新建案-預約賞屋,/buildings/eh5/,0,1,0,null,null
fb / eh5,park,(1) 封未讀訊息 | 遠雄沐蘊-高雄市三民區預售屋/新建案-預約賞屋,/buildings/eh5/,0,1,0,null,null
gdn / fm1,202307-3-3,找不到頁面 - 遠雄房地產,/buildings/fm1/,0,1,1,null,null
gdn / fm1,202307-5,找不到頁面 - 遠雄房地產,/buildings/fm1/,0,1,1,null,null
(not set),202501003二輪播,遠雄信義CENTER-新北市板橋區廠辦.商辦/預售新建案-預約賞屋,/buildings/fm3/,0,1,1,null,null
onead / h152,20210910,找不到頁面 - 遠雄房地產,/buildings/h152/,0,1,1,null,null
google_kw&utm_medium=h707&gad_source=1&gad_campaignid=21024663032&gclid=Cj0KCQiAi9rJBhCYARIsALyPDtsqZ1jK97UlSeeXRGhnNpQhNaRg5GZevuPs6XKR1w0URr0ryYIYQEQaAiImEALw_wcB / (not set),(not set),遠雄星呈-台中市清水區預售屋/新建案-預約賞屋，遠雄房地產,/buildings/h707/,0,1,1,null,null
app.clickup.com / referral,(referral),遠雄幸福成｜即將落成 - 台中市清水區預售/新建案-預約賞屋，遠雄房地產,/buildings/h713/,0,1,0,null,null
console-v2.omnichat.ai / referral,(referral),遠雄幸福成｜即將落成 - 台中市清水區預售/新建案-預約賞屋，遠雄房地產,/buildings/h713/,0,1,1,null,null
(direct) / (none),(direct),找不到頁面 - 遠雄房地產,/buildings/hh2,0,1,1,null,null
google / cpc,gdn-3,找不到頁面 - 遠雄房地產,/buildings/hh3/,0,1,1,null,null
line-lap / bh10,line-lap202511-3,遠雄MetaLink科技園區 | 機捷A7．A8站▕ VIP企業席次開放預約中,/buildings/hm2/,0,1,1,null,null
google / cpc,20250901,熱銷建案一覽：遠雄全台預售屋、新建案、新成屋資訊,/case/search/,0,1,1,null,null
(not set),20251107一輪播,熱銷建案一覽：遠雄全台預售屋、新建案、新成屋資訊,/case/search/sales_status/hot-sale/,0,1,1,null,null
(not set),20251209一輪播,熱銷建案一覽：遠雄全台預售屋、新建案、新成屋資訊,/case/search/sales_status/hot-sale/page/2/,0,1,1,null,null
console-v2.omnichat.ai / referral,(referral),聯絡與服務 - 遠雄房地產,/contact_service/,0,1,1,null,null
(not set),20251209一輪播,買房停看聽：二工住宅要注意 - 遠雄房地產,/life-proposal/2phase_construction_20221118/,0,1,0,null,null
(not set),20251209一輪播,全齡住宅趨勢，0~100歲都適用 - 遠雄房地產,/life-proposal/allagehouse/,0,1,0,null,null
(not set),20251107一輪播,修繕小知識：鐵鋁窗損毀要整組換掉嗎？【居家百科】 - 遠雄房地產,/life-proposal/aluminumandiron/,0,1,0,null,null
m.baidu.com / referral,(referral),建案熱區巡禮：北屯11期，台中未來新都心 - 遠雄房地產,/life-proposal/area-s-taichung-11_20220916/,0,1,1,null,null
(not set),20251209一輪播,建案熱區巡禮：台南中西區運河星鑽特區生活圈 - 百年港町再出發的現代風華 - 遠雄房地產,/life-proposal/area-s-tainan_west-central_redevelop_diamond_20250502/,0,1,0,null,null
(not set),20251107一輪播,建案熱區巡禮：台中北屯14期重劃區生活圈，打造北台中的新興生活核心 - 遠雄房地產,/life-proposal/area_txg_beitun_14th_function_20250829/,0,1,1,null,null
(not set),20251023一輪播,蓋好蓋滿還是適度留白？一次搞懂建蔽率與容積率 - 遠雄房地產,/life-proposal/build_rate/,0,1,1,null,null
(not set),20251107一輪播,防疫宅標準配備，居家隔離有「當層排氣」最重要 - 遠雄房地產,/life-proposal/covid-exhaust/,0,1,0,null,null
(not set),20251209一輪播,地震來的時候你家安全嗎? 一次搞懂抗震建築 - 遠雄房地產,/life-proposal/earthquake/,0,1,1,null,null
google / cpc,brand,2025年中台灣房市潛力區域專題報導 -10大優質投資區域分析｜何世昌觀點 - 遠雄房地產,/life-proposal/expert_hoshichang_central-potential/,0,1,1,null,null
(not set),20251107一輪播,何世昌觀點：2025年中台灣房市潛力區域專題報導 -10大優質投資區域分析 - 遠雄房地產,/life-proposal/expert_hoshichang_central-potential/,0,1,0,null,null
(not set),202501003二輪播,何世昌觀點：2025年南台灣房市潛力區域專題報導 - 10大優質投資區域分析 - 遠雄房地產,/life-proposal/expert_hoshichang_south-potential/,0,1,1,null,null
perplexity.ai / referral,(referral),未婚情侶合資買房在法律上要注意什麼｜永然法律不動產專欄 - 遠雄房地產,/life-proposal/expert_law_y-rlee_co-buying/,0,1,1,null,null
(not set),20251209一輪播,永然法律不動產專欄：未婚情侶合資買房在法律上要注意什麼？ - 遠雄房地產,/life-proposal/expert_law_y-rlee_co-buying/,0,1,0,null,null
(not set),系統測試,找不到頁面 - 遠雄房地產,/life-proposal/expert_law_y-rlee_nominee-inheritance,0,1,1,null,null
(not set),20251107一輪播,永然法律不動產專欄：預售屋買賣契約中的交屋保留款與建材設備約定 - 遠雄房地產,/life-proposal/expert_law_y-rlee_retention-money_20250704/,0,1,1,null,null
(not set),(not set),李同榮觀點：2026年房地產市場將面臨八大考驗 - 遠雄房地產,/life-proposal/expert_li_housing-challenges-2026/,0,1,0,null,null
(not set),20251230一輪播,劉學龍觀點：2025年第三季房地產趨勢 - 商用不動產市場的穩與土地市場的冷 - 遠雄房地產,/life-proposal/expert_liu_commercial-2025q3/,0,1,0,null,null
(not set),20251209一輪播,財經M平方觀點：去庫存壓力來襲，2 個訊號看製造業何時落底 - 遠雄房地產,/life-proposal/expert_macromicro20220726/,0,1,1,null,null
(not set),20251107一輪播,全球超長債殖利率飆升：結構性壓力與長短期解方全解析 - 遠雄房地產,/life-proposal/expert_macromicro_global-bond-yields/,0,1,0,null,null
(not set),20251209一輪播,財經M平方觀點：美債殖利率創新高，三大面向解析後續走勢 - 遠雄房地產,/life-proposal/expert_macromicro_mec_oil_20231125/,0,1,0,null,null
(not set),20251107一輪播,財經M平方觀點：關稅搶出口潮退去後，2025下半年製造業還有支撐嗎？ - 遠雄房地產,/life-proposal/expert_macromicro_mfg-h2_20250820/,0,1,0,null,null
(not set),20251209一輪播,劉佩真觀點：辦公室租賃將告別房東市場，然企業升級需求為重點 - 遠雄房地產,/life-proposal/expert_peizhen_office-rental_20250805/,0,1,0,null,null
(not set),20251209一輪播,[影音] 半導體業近期投資趨勢將如何影響國內商用不動產的表現 - 遠雄房地產,/life-proposal/expert_peizhen_semiconductor_video/,0,1,0,null,null
(direct) / (none),20251209一輪播,合資買房如何保障自身權益？｜專家觀點地政篇 - 遠雄房地產,/life-proposal/expert_zhu_buyhouse_joint_20240117/,0,1,0,null,null
(not set),20251023一輪播,專家觀點地政篇：防範代書詐騙，如何查詢地政士的合法性？ - 遠雄房地產,/life-proposal/expert_zhu_expert_zhu_land-agent_20250917/,0,1,0,null,null
(not set),20251209一輪播,防範代書詐騙，如何查詢地政士的合法性？｜專家觀點地政篇 - 遠雄房地產,/life-proposal/expert_zhu_expert_zhu_land-agent_20250917/,0,1,1,null,null
(not set),20251209一輪播,如何預防不動產詐騙？如何防止房屋被移轉？｜專家觀點地政篇 - 遠雄房地產,/life-proposal/expert_zhu_property_scam_20240604/,0,1,1,null,null
(not set),20250905五輪播,贈與稅與遺產稅免稅額提高，房屋轉讓給子女的規劃要點 - 遠雄房地產,/life-proposal/gift_tax/,0,1,1,null,null
yahoo / organic,(organic),就愛飯店式管理，飯店式住宅成趨勢 - 遠雄房地產,/life-proposal/hotel_property20220624/,0,1,1,null,null
(not set),20251230一輪播,就愛飯店式管理，飯店式住宅成趨勢 - 遠雄房地產,/life-proposal/hotel_property20220624/,0,1,0,null,null
(direct) / (none),(direct),繳納房地合一稅避免踩雷必知重點 - 遠雄房地產,/life-proposal/house_income_20230119/,0,1,1,null,null
(not set),20251107一輪播,交屋看仔細，常見交屋糾紛有哪些？ - 遠雄房地產,/life-proposal/kw_delivery_20230607/,0,1,1,null,null
(not set),20251107一輪播,買房大小事：戶籍遷入如何辦理？ - 遠雄房地產,/life-proposal/land_household_registration/,0,1,1,null,null
(direct) / (none),20251209一輪播,買房大小事：戶籍遷入如何辦理？ - 遠雄房地產,/life-proposal/land_household_registration/,0,1,0,null,null
bing / organic,(organic),社區營運兩三事：公設點交不求人 - 遠雄房地產,/life-proposal/land_public_utilities/,0,1,1,null,null
(not set),20251107一輪播,「權狀坪數」與「室內坪數」分不清？ –「首購族看房買屋攻略」 - 遠雄房地產,/life-proposal/ping/,0,1,0,null,null
(not set),20251023一輪播,記住授信5P原則，讓你的貸款成數更高更容易 - 遠雄房地產,/life-proposal/pre_mortgage_20221215/,0,1,0,null,null
(not set),20251209一輪播,全齡通用宅打造友善居住環境：建築環境篇 - 遠雄房地產,/life-proposal/universal-design-environment20220713/,0,1,0,null,null
console-v2.omnichat.ai / referral,(referral),購屋知識：買屋流程、稅法貸款指南 -遠雄房地產,/life_proposal/buying_knowledge/,0,1,1,null,null
(not set),20251023一輪播,購屋知識：買屋流程、稅法貸款指南 -遠雄房地產,/life_proposal/buying_knowledge/,0,1,1,null,null
(not set),20251230一輪播,在地生活：新建案、預售屋周邊資訊 -遠雄房地產,/life_proposal/music_life/,0,1,1,null,null
mkto-sn070013.com / referral,(referral),2025十月主題報 - 遠雄房地產,/oct2025/,0,1,1,null,null
fb / bh7,fbpage,隱私權聲明 - 遠雄房地產,/privacy/,0,1,1,null,null
(not set),20251209一輪播,魏祥桐業務個人介紹 - 遠雄樂元,/sales/bh7/G0306/,0,1,1,null,null
line / bh8,20240826,服務條款暨隱私權聲明 -遠雄房地產,/terms-of-service_and_privacy/,0,1,1,null,null
google / cpc,202511,熱銷建案一覽：遠雄全台預售屋、新建案、新成屋資訊,/case/search/building-category-tag/134/,1,1,2,2,32