來源/媒介,廣告活動,網頁標題,網頁路徑,所有使用者,工作階段,瀏覽,平均觀看次數,平均使用者參與
gdn / hm2,0602GDN,遠雄MetaLink科技園區 | 3700坪超旗艦 森態企業總部,/buildings/hm2/,11042,14304,18230,1.6509690273501176,5.36931715268973
line-lap / dh6,1,【遠雄蘊合】千坪旗艦，親水生活｜收納中西區最美流動26-43坪．新案早鳥預約,/buildings/dh6/,10429,14102,14176,1.3592866046600824,7.082845910442036
line-lap / bh13,lap-2,台中七期．在夏綠地，典藏最優雅的【夏綠蒂】25-38坪,/buildings/bh13/,8305,10167,10391,1.2511739915713425,4.511378687537628
line-lap / eh6,fb5-4,遠雄蘴靚｜高雄楠梓新門戶｜捷運R21站旁｜3795坪豪闊基地,/buildings/eh6/,6438,7869,8125,1.2620378999689346,10.350574712643677
gdn / hm2,0601GDN,遠雄MetaLink科技園區 | 3700坪超旗艦 森態企業總部,/buildings/hm2/,6044,7339,9490,1.5701522170747848,5.478987425545996
line-lap / rsh1,line-lap4-2,若水秧翠｜東京視野・頂埔門牌｜1~3房．20~42坪,/buildings/rsh1/,5276,6581,6588,1.2486732373009857,3.5509855951478393
(direct) / (none),(direct),遠房實價登錄,/,5966,6131,7311,1.2254441837076768,0.19711699631243715
gdn / hm2,0603GDN,遠雄MetaLink科技園區 | 3700坪超旗艦 森態企業總部,/buildings/hm2/,4604,5674,6479,1.407254561251086,4.026933101650738
line-lap / wdh2,line-lap4-3,天母蒔麗｜15~25坪．1-2房｜北投行義路，近石牌站,/buildings/wdh2/,3630,4939,5055,1.3925619834710743,5.071900826446281
google_gdn / 5vo1,7-4,【聯上智科】輝達軸線核心｜北士科福國路首排，純商辦地標，符合ESG指標｜預約尊榮鑑賞 遠雄房地產 聯上智科,/buildings/5vo1/,3899,4667,5076,1.3018722749422929,32.268273916388814
line-lap / rsh1,line-lap4-5,若水秧翠｜東京視野・頂埔門牌｜1~3房．20~42坪,/buildings/rsh1/,2917,4309,4511,1.5464518340761055,9.139526911210147
line-lap / 5vo1,7-1,【聯上智科】輝達軸線核心｜北士科福國路首排，純商辦地標，符合ESG指標｜預約尊榮鑑賞 遠雄房地產 聯上智科,/buildings/5vo1/,2858,4294,4291,1.5013995801259623,26.394681595521345
line-lap / dh6,1,遠房實價登錄,/,3823,4110,4394,1.149359142035051,0.005754642950562386
line-lap / dh6,2,【遠雄蘊合】千坪旗艦，親水生活｜收納中西區最美流動26-43坪．新案早鳥預約,/buildings/dh6/,2981,3809,3919,1.314659510231466,8.060717879906072
fb / dgm1,fbvideo6-1-pv,大河商爵-台北市士林區廠辦/預售新建案-預約賞屋，遠創力行銷,/buildings/dgm1/,3580,3756,3954,1.1044692737430168,1.5525139664804468
line-lap / wdh2,line-lap4-3_600x400,天母蒔麗｜15~25坪．1-2房｜北投行義路，近石牌站,/buildings/wdh2/,2804,3740,3770,1.3445078459343796,12.242510699001427
google / cpc,gdn-dgc-manufacturing,大河商爵-台北市士林區廠辦/預售新建案-預約賞屋，遠創力行銷,/buildings/dgm1/,3231,3600,3859,1.1943670690188797,63.06190034045187
line-lap / 5vo1,7-4,【聯上智科】輝達軸線核心｜北士科福國路首排，純商辦地標，符合ESG指標｜預約尊榮鑑賞 遠雄房地產 聯上智科,/buildings/5vo1/,2724,3455,3459,1.2698237885462555,14.582966226138032
line-lap / bh13,lap-2,遠房實價登錄,/,3138,3332,3515,1.1201402166985341,0
google / cpc,gdn-4,台中七期．在夏綠地，典藏最優雅的【夏綠蒂】25-38坪,/buildings/bh13/,2456,2859,3156,1.285016286644951,43.69625407166124
line-lap / wdh2,line-lap4-2_600x400,天母蒔麗｜15~25坪．1-2房｜北投行義路，近石牌站,/buildings/wdh2/,2084,2849,2930,1.4059500959692899,7.499520153550864
google / cpc,gdn-dgc-stage,大河商爵-台北市士林區廠辦/預售新建案-預約賞屋，遠創力行銷,/buildings/dgm1/,2498,2789,2899,1.1605284227381905,39.94635708566854
google / cpc,pmax,遠雄蘴靚｜高雄楠梓新門戶｜捷運R21站旁｜3795坪豪闊基地,/buildings/eh6/,1919,2640,3489,1.8181344450234498,12.264200104220949
(direct) / (none),(direct),活動報報：遠雄房地產最新活動一覽！掌握即時公告與專屬住戶驚喜,/activity_report/,2509,2504,2513,1.0015942606616182,0.32443204463929853
line-lap / rsh1,line-lap4-2,遠房實價登錄,/,1970,2094,2205,1.119289340101523,0
(direct) / (none),(direct),生活提案： 專家房市觀點、空間美學指南 -遠雄房地產,/life_proposal/,1928,1925,1930,1.0010373443983402,0.899896265560166
google / organic,(organic),遠房實價登錄,/,1639,1866,2522,1.5387431360585724,1.204392922513728
line-lap / rsh1,line-lap4-2_600x400,若水秧翠｜東京視野・頂埔門牌｜1~3房．20~42坪,/buildings/rsh1/,1190,1566,1584,1.3310924369747898,16.10840336134454
line-lap / wdh2,line-lap4-3,遠房實價登錄,/,1316,1457,1552,1.1793313069908815,0
google_kw / bh13,(organic),台中七期．在夏綠地，典藏最優雅的【夏綠蒂】25-38坪,/buildings/bh13/,1291,1363,1526,1.182029434546863,21.714949651433
line-lap / rsh1,line-lap4-5,遠房實價登錄,/,1181,1336,1496,1.266723116003387,0
fb / fh2,lbs-sms202608,遠雄合雅｜板橋之心・合院之上｜2~4房．24~66坪,/buildings/fh2/,1073,1331,1406,1.3103448275862069,34.019571295433366
line-lap / eh6,fb5-7,遠雄蘴靚｜高雄楠梓新門戶｜捷運R21站旁｜3795坪豪闊基地,/buildings/eh6/,1156,1310,1326,1.1470588235294117,6.1288927335640135
(direct) / (none),(direct),遠雄建案-賞屋問卷 » SurveyCake Enterprise,/s/yvpMV,838,1271,1614,1.9260143198090691,186.1420047732697
google_gdn / 5vo1,7-1,【聯上智科】輝達軸線核心｜北士科福國路首排，純商辦地標，符合ESG指標｜預約尊榮鑑賞 遠雄房地產 聯上智科,/buildings/5vo1/,992,1234,1389,1.4002016129032258,16.607862903225808
google / cpc,gdn-4,遠房實價登錄,/,1155,1233,1651,1.4294372294372295,9.742857142857142
gdn / hm2,4-2pmaxv2,遠雄MetaLink科技園區 | 3700坪超旗艦 森態企業總部,/buildings/hm2/,996,1193,1395,1.4006024096385543,27.354417670682732
line-lap / eh2,20260701C,遠雄一靚：楠梓高大特區首發新案，2432坪大基地，早鳥預約諮詢中,/buildings/eh2/,827,1192,1219,1.4740024183796856,13.493349455864571
line-lap / wdh2,line-lap4-3_600x400,遠房實價登錄,/,1150,1191,1345,1.1695652173913043,0
google_gdn / 5vo1,7-5,【聯上智科】輝達軸線核心｜北士科福國路首排，純商辦地標，符合ESG指標｜預約尊榮鑑賞 遠雄房地產 聯上智科,/buildings/5vo1/,883,1190,1328,1.5039637599093998,14.877689694224236
google / cpc,gdn,遠雄蘴靚｜高雄楠梓新門戶｜捷運R21站旁｜3795坪豪闊基地,/buildings/eh6/,823,1183,1332,1.6184690157958688,12.224787363304982
line-lap / eh2,20260701B,遠雄一靚：楠梓高大特區首發新案，2432坪大基地，早鳥預約諮詢中,/buildings/eh2/,844,1164,1186,1.40521327014218,20.03080568720379
fb / wdh2,lbs-sms202608,天母蒔麗｜15~25坪．1-2房｜北投行義路，近石牌站,/buildings/wdh2/,869,1122,1132,1.3026467203682393,28.57537399309551
google / cpc,brand,遠雄沐蘊-高雄市三民區預售屋/新建案-預約賞屋,/buildings/eh5/,970,1068,1203,1.2402061855670103,30.41340206185567
line-lap / dh6,2,遠房實價登錄,/,984,1035,1155,1.173780487804878,0
line-lap / eh2,20260701A,遠雄一靚：楠梓高大特區首發新案，2432坪大基地，早鳥預約諮詢中,/buildings/eh2/,746,1028,1063,1.4249329758713136,18.37533512064343
line-lap / bh13,lap-4,台中七期．在夏綠地，典藏最優雅的【夏綠蒂】25-38坪,/buildings/bh13/,834,1014,1020,1.223021582733813,4.628297362110311
line-lap / 5vo1,7-5,【聯上智科】輝達軸線核心｜北士科福國路首排，純商辦地標，符合ESG指標｜預約尊榮鑑賞 遠雄房地產 聯上智科,/buildings/5vo1/,755,989,1011,1.3390728476821192,18.664900662251657
(direct) / (none),(direct),遠雄房地產官方LINE,/campaign,886,966,1176,1.327313769751693,68.82844243792326
(direct) / (none),(direct),遠雄房地產,/campaign,873,946,1089,1.2474226804123711,0
web-ltn / wdh2,web-ltn-7-1,天母蒔麗｜15~25坪．1-2房｜北投行義路，近石牌站,/buildings/wdh2/,844,876,916,1.085308056872038,18.71090047393365
line-lap / wdh2,line-lap4-2_600x400,遠房實價登錄,/,790,866,910,1.1518987341772151,0
google_kw / bh13,(organic),遠房實價登錄,/,811,819,1120,1.3810110974106042,0.02836004932182491
google / cpc,brand,遠房實價登錄,/,780,812,1134,1.4538461538461538,0.1064102564102564
fb / dgm1,fb20267-3-pv,大河商爵-台北市士林區廠辦/預售新建案-預約賞屋，遠創力行銷,/buildings/dgm1/,788,804,830,1.0532994923857868,4.041878172588833
line-lap / eh6,fb5-2,遠雄蘴靚｜高雄楠梓新門戶｜捷運R21站旁｜3795坪豪闊基地,/buildings/eh6/,668,792,831,1.2440119760479043,7.196107784431137
line-lap / bh13,lap-1,台中七期．在夏綠地，典藏最優雅的【夏綠蒂】25-38坪,/buildings/bh13/,620,788,809,1.3048387096774194,4.569354838709677
line-lap / wdh2,line-lap4-2,天母蒔麗｜15~25坪．1-2房｜北投行義路，近石牌站,/buildings/wdh2/,611,774,798,1.3060556464811783,5.589198036006547
(direct) / (none),(direct),遠雄房地產：最懂生活的購屋專家｜卓越建築品質，圓滿您的家,/,751,760,805,1.0719041278295607,6.784287616511318
google / cpc,(organic),遠雄琉蘊 -台中市西屯區七期預售屋/新建案-預約賞屋，遠雄房地產,/buildings/bh5/,686,750,821,1.1967930029154519,31.682215743440235
(direct) / (none),(direct),【遠雄蘊合】千坪旗艦，親水生活｜收納中西區最美流動26-43坪．新案早鳥預約,/buildings/dh6/,732,748,435,0.5942622950819673,11.62568306010929
google / cpc,(organic),遠雄一靚：楠梓高大特區首發新案，2432坪大基地，早鳥預約諮詢中,/buildings/eh2/,691,743,789,1.1418234442836468,21.622286541244573
google / cpc,(organic),遠房實價登錄,/,645,693,870,1.3488372093023255,1.1193798449612402
fb / dgm1,fb20267-1-pv,大河商爵-台北市士林區廠辦/預售新建案-預約賞屋，遠創力行銷,/buildings/dgm1/,679,689,708,1.0427098674521356,1.7245949926362298
google_kw / dh2,(organic),台南永康遠雄山禾：鹽行特區3-4房，鄰商圈與交通樞紐的理想宅,/buildings/dh2/,647,686,724,1.1190108191653787,20.4806800618238
google / organic,(organic),戶籍遷入辦理教學｜買房後戶籍異動流程與準備文件全攻略 - 遠雄房地產,/life-proposal/land_household_registration/,564,670,720,1.2765957446808511,74.27482269503547
(direct) / (none),(direct),台中七期．在夏綠地，典藏最優雅的【夏綠蒂】25-38坪,/buildings/bh13/,642,653,349,0.543613707165109,10.63551401869159
google / cpc,brand,【遠雄蘊合】千坪旗艦，親水生活｜收納中西區最美流動26-43坪．新案早鳥預約,/buildings/dh6/,549,635,719,1.3096539162112932,37.44626593806922
(direct) / (none),(direct),若水秧翠｜東京視野・頂埔門牌｜1~3房．20~42坪,/buildings/rsh1/,608,615,457,0.7516447368421053,14.96875
google_kw / dh2,(organic),遠房實價登錄,/,577,605,669,1.1594454072790294,0.5753899480069324
google / cpc,lbs,【遠雄蘊合】千坪旗艦，親水生活｜收納中西區最美流動26-43坪．新案早鳥預約,/buildings/dh6/,549,589,639,1.1639344262295082,22.384335154826957
google / cpc,O1_品牌字_2025.0801,遠雄THE ONE-高雄市前鎮區新成屋/新建案-預約賞屋,/buildings/o1/,521,588,680,1.3051823416506718,29.53742802303263
google_kw / 5vo1,202604,【聯上智科】輝達軸線核心｜北士科福國路首排，純商辦地標，符合ESG指標｜預約尊榮鑑賞 遠雄房地產 聯上智科,/buildings/5vo1/,539,575,610,1.1317254174397031,18.06122448979592
(direct) / (none),(direct),天母蒔麗｜15~25坪．1-2房｜北投行義路，近石牌站,/buildings/wdh2/,542,556,366,0.6752767527675276,13.972324723247233
google_kw / hm2,202607,遠雄MetaLink科技園區 | 3700坪超旗艦 森態企業總部,/buildings/hm2/,484,535,556,1.1487603305785123,26.15702479338843
fb / fh2,lbs-sms202608,遠房實價登錄,/,518,528,585,1.1293436293436294,0
google_kw / h713,(organic),遠雄幸福成｜全新落成 - 台中市梧棲區新成屋-預約賞屋，遠雄房地產,/buildings/h713/,450,501,553,1.228888888888889,33.74666666666667
line-lap / rsh1,line-lap4-2_600x400,遠房實價登錄,/,458,490,546,1.1921397379912664,0
web-ltn / wdh2,web-ltn-7-1,遠房實價登錄,/,482,485,554,1.1493775933609958,0
google / cpc,XXXX,遠雄蘴靚｜高雄楠梓新門戶｜捷運R21站旁｜3795坪豪闊基地,/buildings/eh6/,411,467,524,1.2749391727493917,28.104622871046228
google / cpc,demand,【遠雄蘊合】千坪旗艦，親水生活｜收納中西區最美流動26-43坪．新案早鳥預約,/buildings/dh6/,437,465,523,1.196796338672769,28.080091533180777
google / cpc,O1_品牌字_2025.0801,遠房實價登錄,/,413,441,565,1.368038740920097,0.6295399515738499
fb / wdh2,lbs-sms202608,遠房實價登錄,/,416,430,463,1.1129807692307692,0
google / cpc,newtaipei,遠雄合雅｜板橋之心・合院之上｜2~4房．24~66坪,/buildings/fh2/,401,420,442,1.1022443890274314,23.733167082294266
(direct) / (none),(direct),遠雄房地產,/ebook,387,413,688,1.7777777777777777,0
google / cpc,othercities_brand,【遠雄樂元】北屯機捷X好市多，雙首排大道最核心，夠近才最好,/buildings/bh7/,358,412,462,1.2905027932960893,58.477653631284916
google / cpc,WDH2-品牌字,天母蒔麗｜15~25坪．1-2房｜北投行義路，近石牌站,/buildings/wdh2/,339,407,439,1.294985250737463,33.7905604719764
google / cpc,O1_地區字_2025.0801,遠雄THE ONE-高雄市前鎮區新成屋/新建案-預約賞屋,/buildings/o1/,366,398,431,1.1775956284153006,22.191256830601095
google / cpc,area,遠雄蘴靚｜高雄楠梓新門戶｜捷運R21站旁｜3795坪豪闊基地,/buildings/eh6/,342,396,432,1.263157894736842,26.961988304093566
(direct) / (none),(direct),遠雄信義CENTER-新北市板橋區廠辦.商辦/預售新建案-預約賞屋,/buildings/fm3/,386,390,416,1.077720207253886,13.759067357512953
google / organic,(organic),贈與稅與遺產稅免稅額解析｜房產贈與、買賣、繼承怎麼選 - 遠雄房地產,/life-proposal/gift_tax/,326,378,401,1.2300613496932515,135.74539877300614
google / cpc,O1_特色字_2025.0801,遠雄THE ONE-高雄市前鎮區新成屋/新建案-預約賞屋,/buildings/o1/,347,364,402,1.15850144092219,20.429394812680115
google / cpc,brand,【遠雄樂元】北屯機捷X好市多，雙首排大道最核心，夠近才最好,/buildings/bh7/,314,359,422,1.3439490445859872,43.54140127388535
fb / bh13,11,台中七期．在夏綠地，典藏最優雅的【夏綠蒂】25-38坪,/buildings/bh13/,336,357,382,1.1369047619047619,24.672619047619047
google / cpc,lbs,遠房實價登錄,/,352,355,503,1.4289772727272727,0.07102272727272728
google_kw / hm2,sitelink,遠雄MetaLink科技園區 | 3700坪超旗艦 森態企業總部,/buildings/hm2/,305,349,402,1.318032786885246,23.514754098360655
(direct) / (none),(direct),遠雄房地產,/integrate,341,346,820,2.404692082111437,0.07331378299120235
(direct) / (none),(direct),北屯敦富路【遠雄敦富】- 北屯機捷預售屋．近好市多,/buildings/bh10/,315,321,333,1.0571428571428572,20.936507936507937
google / organic,(organic),自用住宅免稅400萬怎麼申請？「持有、設籍、實住」3點不能忽略 | 專家觀點地政篇 - 遠雄房地產,/life-proposal/expert_zhu_ownership-criteria/,284,317,320,1.1267605633802817,89.2394366197183
(direct) / (none),(direct),台南永康遠雄山禾：鹽行特區3-4房，鄰商圈與交通樞紐的理想宅,/buildings/dh2/,307,315,328,1.0684039087947883,21.270358306188925
google_kw / fm3,(referral),遠雄信義CENTER-新北市板橋區廠辦.商辦/預售新建案-預約賞屋,/buildings/fm3/,272,304,376,1.3823529411764706,127.9595588235294
(direct) / (none),(direct),高雄建案推薦【遠雄峰蘊】- 三民區預售屋．近科工館,/buildings/eh1/,280,293,319,1.1392857142857142,23.514285714285716
google / cpc,brand0701,遠雄14期首發【遠雄丰尚】北屯新案．漢神洲際購物廣場350m,/buildings/bh11/,276,289,322,1.1666666666666667,29.931159420289855
google / cpc,competing,【遠雄蘊合】千坪旗艦，親水生活｜收納中西區最美流動26-43坪．新案早鳥預約,/buildings/dh6/,279,287,306,1.096774193548387,24.046594982078854
google / cpc,O1_特色字_2025.0801,遠房實價登錄,/,278,286,335,1.2050359712230216,0.4352517985611511
line-lap / bh13,lap-4,遠房實價登錄,/,272,286,299,1.099264705882353,0
google / cpc,O1_地區字_2025.0801,遠房實價登錄,/,267,286,349,1.307116104868914,0.7640449438202247
line-lap / hm2,0602,遠雄MetaLink科技園區 | 3700坪超旗艦 森態企業總部,/buildings/hm2/,83,286,299,3.602409638554217,27.867469879518072
google / organic,(organic),遠雄合雅｜板橋之心・合院之上｜2~4房．24~66坪,/buildings/fh2/,223,282,304,1.3632286995515694,49.60538116591928
line-lap / hm2,0601,遠雄MetaLink科技園區 | 3700坪超旗艦 森態企業總部,/buildings/hm2/,89,274,274,3.0786516853932584,4.213483146067416
google / cpc,demand,遠房實價登錄,/,270,273,402,1.488888888888889,0
(direct) / (none),(direct),(not set),/campaign/index.html,187,268,296,1.5828877005347595,0
gdn / hm2,202602,遠雄MetaLink科技園區 | 3700坪超旗艦 森態企業總部,/buildings/hm2/,225,264,314,1.3955555555555557,27.031111111111112
google / organic,(organic),遠雄幸福成｜全新落成 - 台中市梧棲區新成屋-預約賞屋，遠雄房地產,/buildings/h713/,207,259,308,1.4879227053140096,70.71014492753623
google / cpc,RSH1-品牌字,若水秧翠｜東京視野・頂埔門牌｜1~3房．20~42坪,/buildings/rsh1/,232,256,273,1.1767241379310345,41.10775862068966
google / organic,(organic),【遠雄蘊合】千坪旗艦，親水生活｜收納中西區最美流動26-43坪．新案早鳥預約,/buildings/dh6/,191,255,284,1.486910994764398,40.575916230366495
fb / bh13,11,遠房實價登錄,/,247,254,296,1.1983805668016194,0
fb / h713,leads,遠雄幸福成｜全新落成 - 台中市梧棲區新成屋-預約賞屋，遠雄房地產,/buildings/h713/,241,246,252,1.045643153526971,19.37344398340249
fb / dgm1,fbvideo6-2-pv,大河商爵-台北市士林區廠辦/預售新建案-預約賞屋，遠創力行銷,/buildings/dgm1/,236,246,273,1.1567796610169492,2.75
(data not available),(cross-network),大河商爵-台北市士林區廠辦/預售新建案-預約賞屋，遠創力行銷,/buildings/dgm1/,243,245,368,1.51440329218107,70.06172839506173
google_kw / h713,(organic),遠房實價登錄,/,239,243,339,1.4184100418410042,0.008368200836820083
google / cpc,othercities_brand,遠房實價登錄,/,235,240,344,1.4638297872340424,0.14893617021276595
google / organic,(organic),【遠雄樂元】北屯機捷X好市多，雙首排大道最核心，夠近才最好,/buildings/bh7/,195,239,264,1.353846153846154,49.733333333333334
(direct) / (none),(direct),遠雄合雅｜板橋之心・合院之上｜2~4房．24~66坪,/buildings/fh2/,231,238,225,0.974025974025974,22.67099567099567
google / cpc,WDH2-品牌字,遠房實價登錄,/,227,237,322,1.4185022026431717,0
line-lap / wdh2,line-lap4-2,遠房實價登錄,/,224,234,248,1.1071428571428572,0
(direct) / (none),(direct),遠雄房地產官方LINE,/ebook,220,234,258,1.1727272727272726,27.5
google / organic,(organic),附屬建物陽台、露臺、雨遮規定｜購屋前必知建築法規與容積計算 - 遠雄房地產,/life-proposal/regulations_20230317/,207,229,246,1.1884057971014492,86.60386473429952
google / organic,(organic),台中七期．在夏綠地，典藏最優雅的【夏綠蒂】25-38坪,/buildings/bh13/,174,229,269,1.5459770114942528,38.08045977011494
google / cpc,O1_競品字_2025.0801,遠雄THE ONE-高雄市前鎮區新成屋/新建案-預約賞屋,/buildings/o1/,223,228,243,1.0896860986547086,16.56053811659193
google / cpc,WDH2-地區字,天母蒔麗｜15~25坪．1-2房｜北投行義路，近石牌站,/buildings/wdh2/,197,228,251,1.2741116751269035,38.03045685279188
google / cpc,newtaipei,遠房實價登錄,/,221,224,296,1.339366515837104,0.6153846153846154
google / cpc,brand,大河商爵-台北市士林區廠辦/預售新建案-預約賞屋，遠創力行銷,/buildings/dgm1/,184,221,230,1.25,41.78260869565217
(not set),(not set),生活提案： 專家房市觀點、空間美學指南 -遠雄房地產,/life_proposal/,220,219,0,0,0.38181818181818183
google / cpc,dgc,遠雄蘴靚｜高雄楠梓新門戶｜捷運R21站旁｜3795坪豪闊基地,/buildings/eh6/,193,218,226,1.1709844559585492,11.217616580310882
google / cpc,Sanmin,高雄建案推薦【遠雄峰蘊】- 三民區預售屋．近科工館,/buildings/eh1/,210,217,235,1.119047619047619,17.580952380952382
(direct) / (none),(direct),台中遠雄洄山行：2-4房方正格局，入主西屯生活圈的質感好宅,/buildings/bh8/,202,216,219,1.0841584158415842,25.08910891089109
(direct) / (none),(direct),齊興_緻：北士科住宅預售屋，入主北投核心地段，立即預約賞屋,/buildings/ar1/,210,212,217,1.0333333333333334,16.20952380952381
google / cpc,BH8-地區字,台中遠雄洄山行：2-4房方正格局，入主西屯生活圈的質感好宅,/buildings/bh8/,199,212,232,1.1658291457286432,33.26130653266332
fgr-line / fgr,expert_zhu_tax-notice,預告登記如何合法節稅？遲延交屋的產權保障與盲點解析,/life-proposal/expert_zhu_tax-notice/,190,209,240,1.263157894736842,47.46842105263158
(direct) / (none),(direct),【遠雄樂元】北屯機捷X好市多，雙首排大道最核心，夠近才最好,/buildings/bh7/,194,207,215,1.1082474226804124,21.463917525773194
google / cpc,Qianzhen.Qianjin,高雄建案推薦【遠雄峰蘊】- 三民區預售屋．近科工館,/buildings/eh1/,201,206,218,1.0845771144278606,17.885572139303484
line-lap / hm2,0603,遠雄MetaLink科技園區 | 3700坪超旗艦 森態企業總部,/buildings/hm2/,38,205,209,5.5,10.342105263157896
google / cpc,BH8-地區字,遠房實價登錄,/,187,197,230,1.2299465240641712,0.5882352941176471
google / cpc,BH8-品牌字,台中遠雄洄山行：2-4房方正格局，入主西屯生活圈的質感好宅,/buildings/bh8/,183,197,216,1.180327868852459,48.52459016393443
(not set),(not set),活動報報：遠雄房地產最新活動一覽！掌握即時公告與專屬住戶驚喜,/activity_report/,196,196,0,0,0.6071428571428571
line-lap / bh13,lap-1,遠房實價登錄,/,190,195,207,1.0894736842105264,0
google / organic,(organic),北士科建案【遠雄明玥】2000坪全街廓只蓋一棟．25-46坪,/buildings/ah1/,166,195,189,1.1385542168674698,41.62048192771084
google / cpc,Sanmin,遠房實價登錄,/,188,194,219,1.1648936170212767,0.11170212765957446
google / cpc,O1_競品字_2025.0801,遠房實價登錄,/,187,192,215,1.1497326203208555,0.2620320855614973
google / cpc,BH8-建案相關,台中遠雄洄山行：2-4房方正格局，入主西屯生活圈的質感好宅,/buildings/bh8/,186,190,221,1.1881720430107527,40.44086021505376
fb / eh6,form,遠雄蘴靚｜高雄楠梓新門戶｜捷運R21站旁｜3795坪豪闊基地,/buildings/eh6/,176,190,203,1.1534090909090908,23.96590909090909
google / cpc,WDH2-競品字,天母蒔麗｜15~25坪．1-2房｜北投行義路，近石牌站,/buildings/wdh2/,175,189,206,1.177142857142857,37.69714285714286
google / organic,(organic),空屋率高房價就會跌？揭開台灣房市「愈空愈貴」的結構真相,/life-proposal/expert_hoshichang_vacancy-rate/,180,188,196,1.0888888888888888,66.89444444444445
google / cpc,area,遠雄沐蘊-高雄市三民區預售屋/新建案-預約賞屋,/buildings/eh5/,166,188,209,1.2590361445783131,25.771084337349397
(direct) / (none),(direct),遠雄THE ONE-高雄市前鎮區新成屋/新建案-預約賞屋,/buildings/o1/,179,182,193,1.0782122905027933,14.312849162011172
google / cpc,brand,遠雄合雅｜板橋之心・合院之上｜2~4房．24~66坪,/buildings/fh2/,169,182,202,1.1952662721893492,29.72189349112426
google / cpc,BH8-品牌字,遠房實價登錄,/,174,180,213,1.2241379310344827,0.9712643678160919
fb / rsh1,fbfanpage,若水秧翠｜東京視野・頂埔門牌｜1~3房．20~42坪,/buildings/rsh1/,156,180,193,1.2371794871794872,17.397435897435898
google / cpc,BH8-建案相關,遠房實價登錄,/,177,179,225,1.271186440677966,1.1581920903954803
google / cpc,Qianzhen.Qianjin,遠房實價登錄,/,174,179,196,1.1264367816091954,0.9425287356321839
(direct) / (none),(direct),遠雄琉蘊 -台中市西屯區七期預售屋/新建案-預約賞屋，遠雄房地產,/buildings/bh5/,178,178,187,1.050561797752809,24.04494382022472
google / organic,(organic),交屋看仔細：常見糾紛與買方注意事項 - 遠雄房地產,/life-proposal/kw_delivery_20230607/,159,176,182,1.1446540880503144,88.71698113207547
google / organic,(organic),遠雄蘴靚｜高雄楠梓新門戶｜捷運R21站旁｜3795坪豪闊基地,/buildings/eh6/,140,174,191,1.3642857142857143,56.47142857142857
google / cpc,competing,遠房實價登錄,/,173,173,242,1.3988439306358382,0
(direct) / (none),(direct),熱銷建案一覽：遠雄全台預售屋、新建案與新成屋，尋獲理想家園,/case/search/,166,173,260,1.5662650602409638,18.403614457831324
(direct) / (none),(direct),遠雄幸福成｜全新落成 - 台中市梧棲區新成屋-預約賞屋，遠雄房地產,/buildings/h713/,168,172,184,1.0952380952380953,28.029761904761905
google / organic,(organic),新青安房貸重點一次看！掌握新舊制差異、利率比較與申請資格 - 遠雄房地產,/life-proposal/seo_youth-home-loan/,141,169,178,1.2624113475177305,75.91489361702128
gdn / bh13,gdn-4,台中七期．在夏綠地，典藏最優雅的【夏綠蒂】25-38坪,/buildings/bh13/,164,168,173,1.0548780487804879,0.47560975609756095
fb / dh6,1,【遠雄蘊合】千坪旗艦，親水生活｜收納中西區最美流動26-43坪．新案早鳥預約,/buildings/dh6/,160,168,183,1.14375,23.63125
google / cpc,20250616_品牌字,齊興_緻：北士科住宅預售屋，入主北投核心地段，立即預約賞屋,/buildings/ar1/,158,168,188,1.1898734177215189,30
google / cpc,banqiao,遠雄合雅｜板橋之心・合院之上｜2~4房．24~66坪,/buildings/fh2/,160,167,180,1.125,31.79375
google / organic,(organic),遠雄一靚：楠梓高大特區首發新案，2432坪大基地，早鳥預約諮詢中,/buildings/eh2/,143,166,189,1.3216783216783217,57.56643356643357
google / cpc,competitor,遠房實價登錄,/,161,163,212,1.3167701863354038,0
google / cpc,20250616_品牌字,遠房實價登錄,/,149,160,198,1.3288590604026846,0.4966442953020134
google / organic,(organic),換屋族必讀：房地合一稅與土地增值稅完整攻略 - 遠雄房地產,/life-proposal/house_and_land/,148,159,170,1.1486486486486487,103.9054054054054
google / organic,(organic),高雄建案推薦【遠雄峰蘊】- 三民區預售屋．近科工館,/buildings/eh1/,135,159,163,1.2074074074074075,40.85925925925926
google / cpc,BH8-競品字,台中遠雄洄山行：2-4房方正格局，入主西屯生活圈的質感好宅,/buildings/bh8/,153,157,165,1.0784313725490196,26.69934640522876
google / organic,(organic),台中遠雄洄山行：2-4房方正格局，入主西屯生活圈的質感好宅,/buildings/bh8/,115,156,171,1.4869565217391305,65.64347826086957
google / cpc,RSH1-品牌字,遠房實價登錄,/,150,155,226,1.5066666666666666,0
google_kw / fm3,(referral),遠房實價登錄,/,143,154,182,1.2727272727272727,0.03496503496503497
google_kw / fm3,brand,遠雄信義CENTER-新北市板橋區廠辦.商辦/預售新建案-預約賞屋,/buildings/fm3/,138,150,170,1.2318840579710144,33.07971014492754
google / cpc,WDH2-地區字北投,天母蒔麗｜15~25坪．1-2房｜北投行義路，近石牌站,/buildings/wdh2/,137,149,154,1.1240875912408759,29.48905109489051
google_kw / bh10,brand,北屯敦富路【遠雄敦富】- 北屯機捷預售屋．近好市多,/buildings/bh10/,135,149,176,1.3037037037037038,54.53333333333333
(not set),(not set),遠雄MetaLink科技園區 | 3700坪超旗艦 森態企業總部,/buildings/hm2/,74,149,166,2.2432432432432434,2.7432432432432434
google_kw / bh10,brand,遠房實價登錄,/,130,145,185,1.4230769230769231,5.292307692307692
google / cpc,BH8-競品字,遠房實價登錄,/,140,144,159,1.1357142857142857,1.6857142857142857
gdn / hm2,6-1pmax,遠雄MetaLink科技園區 | 3700坪超旗艦 森態企業總部,/buildings/hm2/,110,144,190,1.7272727272727273,55.07272727272727
google / cpc,WDH2-地區字,遠房實價登錄,/,137,143,195,1.4233576642335766,0
fb / eh1,formbutton,高雄建案推薦【遠雄峰蘊】- 三民區預售屋．近科工館,/buildings/eh1/,134,143,170,1.2686567164179106,41.53731343283582
google / cpc,brand0701,遠雄14期首發【遠雄丰尚】北屯新案．近漢神洲際百貨,/buildings/bh11/,133,143,162,1.218045112781955,29.93984962406015
google / organic,(organic),熱銷建案一覽：遠雄全台預售屋、新建案與新成屋，尋獲理想家園,/case/search/,121,142,330,2.727272727272727,38.1900826446281
google / organic,(organic),樓高的秘密解析：樓層高度與淨高如何影響居住品質 - 遠雄房地產,/life-proposal/floor_height/,138,141,150,1.0869565217391304,49.54347826086956
google / organic,(organic),法定空地可以約定專用嗎？解析產權共有原則、規約規範與權益保障,/life-proposal/expert_zhu_property_openspace_20240705/,135,141,164,1.2148148148148148,93.13333333333334
google_kw / fm3,brand,遠房實價登錄,/,132,141,178,1.3484848484848484,0.25
google / organic,(organic),北士科遠雄泱玥：水岸首排57-75坪大器空間，坐擁絕美壯闊景觀,/buildings/ah2/,111,138,136,1.2252252252252251,43.729729729729726
google / organic,(organic),台南永康遠雄山禾：鹽行特區3-4房，鄰商圈與交通樞紐的理想宅,/buildings/dh2/,104,137,141,1.3557692307692308,43.77884615384615
fb / h713,leads,遠房實價登錄,/,134,136,156,1.164179104477612,0
google / organic,(organic),遠雄THE ONE-高雄市前鎮區新成屋/新建案-預約賞屋,/buildings/o1/,120,136,147,1.225,42.791666666666664
google / organic,(organic),遠雄MetaLink科技園區 | 3700坪超旗艦 森態企業總部,/buildings/hm2/,114,135,136,1.1929824561403508,46.51754385964912
google / cpc,information3,大河商爵-台北市士林區廠辦/預售新建案-預約賞屋，遠創力行銷,/buildings/dgm1/,119,135,179,1.504201680672269,7.529411764705882
google_kw / fm3,competitor,遠雄信義CENTER-新北市板橋區廠辦.商辦/預售新建案-預約賞屋,/buildings/fm3/,132,133,143,1.0833333333333333,16.818181818181817
google / organic,(organic),空屋稅的真相？房子閒置前你該考慮的事｜專家觀點地政篇 - 遠雄房地產,/life-proposal/expert_zhu_eht_20250625/,102,133,138,1.3529411764705883,94.3529411764706
google / organic,(organic),國家級的建築肯定-遠雄房地產,/farglory-realty-about/national-building/,106,132,147,1.3867924528301887,12.30188679245283
fb / wdh2,fb7-1,天母蒔麗｜15~25坪．1-2房｜北投行義路，近石牌站,/buildings/wdh2/,127,131,137,1.078740157480315,14.984251968503937
fb / eh1,formbutton,遠房實價登錄,/,125,127,157,1.256,0
google / organic,(organic),樓梯間與梯廳公共設施：建築法規與容積計算完整解析 - 遠雄房地產,/life-proposal/regulations2_20230320/,125,127,131,1.048,63.92
google / organic,(organic),遠雄信義CENTER-新北市板橋區廠辦.商辦/預售新建案-預約賞屋,/buildings/fm3/,123,127,137,1.113821138211382,15.959349593495935
google / cpc,information1,大河商爵-台北市士林區廠辦/預售新建案-預約賞屋，遠創力行銷,/buildings/dgm1/,116,127,155,1.3362068965517242,4.922413793103448
gdn / hm2,202601,遠雄MetaLink科技園區 | 3700坪超旗艦 森態企業總部,/buildings/hm2/,107,127,147,1.3738317757009346,34.02803738317757
google / cpc,information6,大河商爵-台北市士林區廠辦/預售新建案-預約賞屋，遠創力行銷,/buildings/dgm1/,109,126,154,1.4128440366972477,5.779816513761468
fb / rsh1,leads,若水秧翠｜東京視野・頂埔門牌｜1~3房．20~42坪,/buildings/rsh1/,115,125,134,1.1652173913043478,28.008695652173913
(data not available),(cross-network),遠雄蘴靚｜高雄楠梓新門戶｜捷運R21站旁｜3795坪豪闊基地,/buildings/eh6/,122,124,256,2.098360655737705,14.28688524590164
google / organic,(organic),高雄預售屋入手指南：最新建案推薦、選房與區域優勢總整理 - 遠雄房地產,/life-proposal/area_presold-house-in-kaohsiung/,120,123,131,1.0916666666666666,69.4
google_kw / fm3,area_taoyuan_other,遠雄信義CENTER-新北市板橋區廠辦.商辦/預售新建案-預約賞屋,/buildings/fm3/,114,123,135,1.1842105263157894,20.25438596491228
fb / eh6,fb4-6,遠雄蘴靚｜高雄楠梓新門戶｜捷運R21站旁｜3795坪豪闊基地,/buildings/eh6/,117,122,128,1.0940170940170941,26.974358974358974
google / cpc,corearea0701,遠雄14期首發【遠雄丰尚】北屯新案．漢神洲際購物廣場350m,/buildings/bh11/,117,121,131,1.1196581196581197,21.094017094017094
google / organic,(organic),遠雄琢蘊-高雄市三民區預售屋/新建案-預約賞屋，遠雄房地產,/buildings/h902/,107,120,140,1.308411214953271,32.149532710280376
(direct) / (none),(direct),顧客資料表,/customInfo_V2.html,45,120,135,3,190.2
google_kw / fm3,competitor,遠房實價登錄,/,118,119,134,1.1355932203389831,0.7542372881355932
fb / rsh1,fbfanpage,遠房實價登錄,/,118,119,132,1.11864406779661,0
google_kw / hm2,202603,遠雄MetaLink科技園區 | 3700坪超旗艦 森態企業總部,/buildings/hm2/,117,119,137,1.170940170940171,23.35042735042735
fb / dh6,1,遠房實價登錄,/,113,117,141,1.247787610619469,0
google / cpc,competitor0701,遠雄14期首發【遠雄丰尚】北屯新案．漢神洲際購物廣場350m,/buildings/bh11/,113,116,133,1.176991150442478,25.98230088495575
(direct) / (none),(direct),守護個人資訊安全，一起保障您的隱私權益｜ 遠雄房地產,/privacy/,114,116,135,1.1842105263157894,10.026315789473685
google / cpc,WDH2-競品字,遠房實價登錄,/,114,114,159,1.394736842105263,0
m.facebook.com / referral,(referral),遠雄14期首發【遠雄丰尚】北屯新案．漢神洲際購物廣場350m,/buildings/bh11/,114,114,115,1.0087719298245614,0.8596491228070176
google / cpc,20250616_北投士林豪宅/別墅,齊興_緻：北士科住宅預售屋，入主北投核心地段，立即預約賞屋,/buildings/ar1/,113,114,123,1.0884955752212389,17.097345132743364
google / organic,(organic),房屋格局圖/平面圖怎麼看？建案平面圖符號教學，讓你秒懂房屋格局避地雷,/life-proposal/house-layout/,107,111,118,1.102803738317757,50.654205607476634
(direct) / (none),(direct),北士科遠雄泱玥：水岸首排57-75坪大器空間，坐擁絕美壯闊景觀,/buildings/ah2/,106,111,118,1.1132075471698113,32.886792452830186
fgr-line / fgr,land_handover,交屋到入住前不可不知！掌握驗屋、裝修與入厝流程，安心入住新家,/life-proposal/land_handover/,105,111,127,1.2095238095238094,39.7047619047619
(data not available),(cross-network),遠房實價登錄,/,110,110,201,1.8272727272727274,1.1727272727272726
liff.line.me / referral,(referral),遠雄房地產,/integrate,106,110,238,2.2452830188679247,0.4811320754716981
google / organic,(organic),若水秧翠｜東京視野・頂埔門牌｜1~3房．20~42坪,/buildings/rsh1/,88,109,118,1.3409090909090908,36.56818181818182
google / organic,(organic),遠雄琉蘊 -台中市西屯區七期預售屋/新建案-預約賞屋，遠雄房地產,/buildings/bh5/,87,109,116,1.3333333333333333,49.54022988505747
gdn / hm2,6-1pmaxv2,遠雄MetaLink科技園區 | 3700坪超旗艦 森態企業總部,/buildings/hm2/,76,109,139,1.8289473684210527,43.13157894736842
google / organic,(organic),遠雄沐蘊-高雄市三民區預售屋/新建案-預約賞屋,/buildings/eh5/,94,108,122,1.297872340425532,38.329787234042556
google / cpc,banqiao,遠房實價登錄,/,106,107,149,1.4056603773584906,0
fb / wdh2,post0821,天母蒔麗｜15~25坪．1-2房｜北投行義路，近石牌站,/buildings/wdh2/,102,107,110,1.0784313725490196,3.019607843137255
fb / O1,120227538157820464,遠雄房地產：最懂生活的購屋專家｜卓越建築品質，圓滿您的家,/,98,107,117,1.1938775510204083,18.040816326530614
fb / eh2,leads,遠雄一靚：楠梓高大特區首發新案，2432坪大基地，早鳥預約諮詢中,/buildings/eh2/,105,106,121,1.1523809523809523,35.4
google / cpc,competitor,遠雄合雅｜板橋之心・合院之上｜2~4房．24~66坪,/buildings/fh2/,101,106,116,1.1485148514851484,33.91089108910891
(direct) / (none),(direct),遠雄一靚：楠梓高大特區首發新案，2432坪大基地，早鳥預約諮詢中,/buildings/eh2/,95,106,117,1.231578947368421,31.25263157894737
mkto-sn070013.com / referral,(referral),交屋全攻略：從產權防護、驗屋清單到屋型挑選的安心入住指南,/aug2026/,93,106,111,1.1935483870967742,17.806451612903224
google / cpc,20250616_北投士林豪宅/別墅,遠房實價登錄,/,105,105,118,1.1238095238095238,0.24761904761904763
google / organic,(organic),只有不動產怎麼繳遺產稅？實物抵繳是否划算？｜專家觀點地政篇 - 遠雄房地產,/life-proposal/expert_zhu_property_offset-2_20241220/,97,105,113,1.1649484536082475,100.79381443298969
google / organic,(organic),遠雄房地產：最懂生活的購屋專家｜卓越建築品質，圓滿您的家,/,88,105,132,1.5,17.25
google / organic,(organic),買房前必查：銀行不會主動告訴你的「抵押權與順位」 | 專家觀點地政篇 - 遠雄房地產,/life-proposal/expert_zhu_mortgage-lien-priority/,75,104,110,1.4666666666666666,100.32
google / cpc,competitor,【遠雄樂元】北屯機捷X好市多，雙首排大道最核心，夠近才最好,/buildings/bh7/,94,103,107,1.1382978723404256,30.98936170212766
fb / bh11,leads,遠雄14期首發【遠雄丰尚】北屯新案．漢神洲際購物廣場350m,/buildings/bh11/,95,103,110,1.1578947368421053,27.473684210526315
fb / bh5,leads,遠雄琉蘊 -台中市西屯區七期預售屋/新建案-預約賞屋，遠雄房地產,/buildings/bh5/,101,102,112,1.108910891089109,46.83168316831683
fb / bh5,leads,遠房實價登錄,/,99,101,117,1.1818181818181819,2.8484848484848486
google_kw / fm3,storage,遠雄信義CENTER-新北市板橋區廠辦.商辦/預售新建案-預約賞屋,/buildings/fm3/,96,100,109,1.1354166666666667,21.947916666666668
gdn / eh6,gdn,遠雄蘴靚｜高雄楠梓新門戶｜捷運R21站旁｜3795坪豪闊基地,/buildings/eh6/,96,99,99,1.03125,0.7083333333333334
google / cpc,RSH1-地區字,若水秧翠｜東京視野・頂埔門牌｜1~3房．20~42坪,/buildings/rsh1/,95,99,116,1.2210526315789474,54.96842105263158
(direct) / (none),(direct),遠雄蘴靚｜高雄楠梓新門戶｜捷運R21站旁｜3795坪豪闊基地,/buildings/eh6/,84,99,130,1.5476190476190477,26.69047619047619
google / cpc,WDH2-買房字,天母蒔麗｜15~25坪．1-2房｜北投行義路，近石牌站,/buildings/wdh2/,88,97,101,1.1477272727272727,31.670454545454547
google / cpc,brand,高雄建案推薦【遠雄峰蘊】- 三民區預售屋．近科工館,/buildings/eh1/,90,96,107,1.1888888888888889,26.133333333333333
gdn / hm2,0203,遠雄MetaLink科技園區 | 3700坪超旗艦 森態企業總部,/buildings/hm2/,46,96,101,2.1956521739130435,4.260869565217392
google / cpc,brand,遠雄蘴靚｜高雄楠梓新門戶｜捷運R21站旁｜3795坪豪闊基地,/buildings/eh6/,82,95,102,1.2439024390243902,63.609756097560975
google / organic,(organic),天母蒔麗｜15~25坪．1-2房｜北投行義路，近石牌站,/buildings/wdh2/,87,95,104,1.1954022988505748,34.49425287356322
fb / eh6,fb6-2,遠雄蘴靚｜高雄楠梓新門戶｜捷運R21站旁｜3795坪豪闊基地,/buildings/eh6/,91,95,96,1.054945054945055,23.054945054945055
fb / wdh2,fb7-1,遠房實價登錄,/,90,91,101,1.1222222222222222,0
google / cpc,WDH2-地區字北投,遠房實價登錄,/,88,91,117,1.3295454545454546,0
google / cpc,General_Industrial-Office,大河商爵-台北市士林區廠辦/預售新建案-預約賞屋，遠創力行銷,/buildings/dgm1/,83,91,107,1.2891566265060241,37.144578313253014
fb / eh2,fb16-2,遠雄一靚：楠梓高大特區首發新案，2432坪大基地，早鳥預約諮詢中,/buildings/eh2/,88,90,91,1.0340909090909092,8.579545454545455
fb / fh2,leads,遠雄合雅｜板橋之心・合院之上｜2~4房．24~66坪,/buildings/fh2/,85,90,92,1.0823529411764705,44.83529411764706
google / organic,(organic),【2026 遺產稅修法】夫妻剩餘財產請求權：最強節稅利器，讓稅金直接對半砍！ - 遠雄房地產,/life-proposal/expert_zhu_inheritance-tax-2026-2/,79,90,91,1.1518987341772151,136.22784810126583
google_kw / fm3,storage,遠房實價登錄,/,85,89,97,1.1411764705882352,0
google / organic,(organic),驗屋與交屋必知注意事項？新手購屋必看，驗屋清單檢查表與交屋流程有哪些？,/life-proposal/home-inspection/,85,89,99,1.1647058823529413,40.09411764705882
google / cpc,com,遠雄蘴靚｜高雄楠梓新門戶｜捷運R21站旁｜3795坪豪闊基地,/buildings/eh6/,87,88,98,1.1264367816091954,28.24137931034483
(direct) / (none),(direct),遠雄14期首發【遠雄丰尚】北屯新案．漢神洲際購物廣場350m,/buildings/bh11/,83,87,111,1.3373493975903614,25.771084337349397
google / organic,(organic),[影音] 婚前買房v.s婚後買房｜房子登記誰的名字好｜專家觀點地政篇 - 遠雄房地產,/life-proposal/expert_zhu_marriage_20230614/,82,87,93,1.1341463414634145,89.13414634146342
google / organic,(organic),預售屋付款方式有哪些？要準備多少錢？掌握付款5階段與注意事項,/life-proposal/pre-sale-house-payment-methods/,69,85,89,1.289855072463768,81.92753623188406
google / organic,(organic),A7重劃區發展潛力解析：交通建設、華亞科技園區與五大生活圈總覽,/life-proposal/area_taoyuan_guishan_a7_function/,78,85,90,1.1538461538461537,125.44871794871794
(direct) / (none),(direct),【聯上智科】輝達軸線核心｜北士科福國路首排，純商辦地標，符合ESG指標｜預約尊榮鑑賞 遠雄房地產 聯上智科,/buildings/5vo1/,68,84,101,1.4852941176470589,31.470588235294116
reurl.cc / referral,(referral),遠雄建案-賞屋問卷 » SurveyCake Enterprise,/s/yvpMV,67,84,85,1.2686567164179106,141.88059701492537
ig / social,ig,遠雄房地產：最懂生活的購屋專家｜卓越建築品質，圓滿您的家,/,82,83,88,1.0731707317073171,10.670731707317072
google / organic,(organic),都市土地分區解析｜買房必看土地使用分區與建物用途全攻略 - 遠雄房地產,/life-proposal/land_zoning/,79,83,84,1.0632911392405062,65.0379746835443
fb / eh5,form,遠雄沐蘊-高雄市三民區預售屋/新建案-預約賞屋,/buildings/eh5/,78,83,92,1.1794871794871795,33.98717948717949
google / cpc,General_Office,大河商爵-台北市士林區廠辦/預售新建案-預約賞屋，遠創力行銷,/buildings/dgm1/,70,83,107,1.5285714285714285,6
web-ltn / wdh2,web-ltn0821,天母蒔麗｜15~25坪．1-2房｜北投行義路，近石牌站,/buildings/wdh2/,79,82,93,1.1772151898734178,47.949367088607595
fb / eh1,11-1,高雄建案推薦【遠雄峰蘊】- 三民區預售屋．近科工館,/buildings/eh1/,75,82,85,1.1333333333333333,30.6
google / organic,(organic),遠雄14期首發【遠雄丰尚】北屯新案．漢神洲際購物廣場350m,/buildings/bh11/,61,82,81,1.3278688524590163,42.049180327868854
google / organic,(organic),遠雄星呈-台中市清水區預售屋/新建案-預約賞屋，遠雄房地產,/buildings/h707/,72,81,93,1.2916666666666667,74.5
google / cpc,RSH1-競品字,若水秧翠｜東京視野・頂埔門牌｜1~3房．20~42坪,/buildings/rsh1/,75,81,86,1.1466666666666667,22.92
fb / bh10,fblead,北屯敦富路【遠雄敦富】- 北屯機捷預售屋．近好市多,/buildings/bh10/,75,81,83,1.1066666666666667,30.453333333333333
fb / dh6,12,【遠雄蘊合】千坪旗艦，親水生活｜收納中西區最美流動26-43坪．新案早鳥預約,/buildings/dh6/,78,80,84,1.0769230769230769,19.423076923076923
google_kw / bh10,taichung,北屯敦富路【遠雄敦富】- 北屯機捷預售屋．近好市多,/buildings/bh10/,66,80,90,1.3636363636363635,51.25757575757576
google / organic,(organic),夫妻買房登記誰名下？律師拆解共同持有與借名登記風險,/life-proposal/expert_law_y-rlee_joint-ownership/,75,79,85,1.1333333333333333,73.25333333333333
bing / organic,(organic),遠房實價登錄,/,60,79,106,1.7666666666666666,7.15
fb / ar1,fb15-1,齊興_緻：北士科住宅預售屋，入主北投核心地段，立即預約賞屋,/buildings/ar1/,76,78,84,1.105263157894737,19.907894736842106
fb / dh2,leads,台南永康遠雄山禾：鹽行特區3-4房，鄰商圈與交通樞紐的理想宅,/buildings/dh2/,74,78,88,1.1891891891891893,21.675675675675677
google / organic,(organic),北屯敦富路【遠雄敦富】- 北屯機捷預售屋．近好市多,/buildings/bh10/,60,78,86,1.4333333333333333,58.733333333333334
google_kw / eh2,(not set),遠雄一靚：楠梓高大特區首發新案，2432坪大基地，早鳥預約諮詢中,/buildings/eh2/,77,77,77,1,0
google_kw / fm3,area_taoyuan_other,遠房實價登錄,/,76,77,82,1.0789473684210527,0
google / cpc,type,遠雄沐蘊-高雄市三民區預售屋/新建案-預約賞屋,/buildings/eh5/,76,77,84,1.105263157894737,20.13157894736842
(direct) / (none),(direct),北士科建案【遠雄明玥】2000坪全街廓只蓋一棟．25-46坪,/buildings/ah1/,69,77,86,1.2463768115942029,30.08695652173913
(direct) / (none),(direct),遠雄琢蘊-高雄市三民區預售屋/新建案-預約賞屋，遠雄房地產,/buildings/h902/,67,77,91,1.3582089552238805,12.417910447761194
google / organic,(organic),預售屋買賣契約簽約時應注意「契約審閱期」｜永然法律不動產專欄 - 遠雄房地產,/life-proposal/expert_law_y-rlee_contract_20250613/,65,76,85,1.3076923076923077,86.87692307692308
google_kw / bh10,beitun,北屯敦富路【遠雄敦富】- 北屯機捷預售屋．近好市多,/buildings/bh10/,71,76,86,1.2112676056338028,29.64788732394366
(direct) / (none),(direct),2026 房市脫鉤：住宅冷科技熱！解析量縮價穩下的雙軌發展,/life-proposal/expert_peizhen_2026-q2-housing-outlook/,75,75,83,1.1066666666666667,61.21333333333333
google / organic,(organic),台中預售屋怎麼挑？各區房價、TOP36建案分析，買屋前必看！,/life-proposal/area_presold-house-in-taichung/,71,75,82,1.1549295774647887,89
tw.search.yahoo.com / referral,(referral),遠房實價登錄,/,70,75,97,1.3857142857142857,0
fb / eh1,11-1,遠房實價登錄,/,70,75,79,1.1285714285714286,1.5571428571428572
(not set),(not set),遠房實價登錄,/,69,75,64,0.927536231884058,0
(direct) / (none),(direct),遠雄夏綠蒂 | 數位意向書-遠雄房地產 Farglory-Realty,/form/result/complete,60,75,69,1.15,11.683333333333334
web-sms / bh8,ai_202608,台中遠雄洄山行：2-4房方正格局，入主西屯生活圈的質感好宅,/buildings/bh8/,56,75,81,1.4464285714285714,42.392857142857146
(direct) / (none),(direct),遠雄房地產精選預售屋(台北、新北、台中、桃園、台南、高雄) - 遠雄房地產,/building-category-tag/featured_pre_sale/,74,74,90,1.2162162162162162,17.283783783783782
fb / ar1,fb15-1,遠房實價登錄,/,72,74,80,1.1111111111111112,0.09722222222222222
google_kw / bh10,beitun,遠房實價登錄,/,68,74,87,1.2794117647058822,2.2794117647058822
fb / bh13,120242182236150678,台中七期．在夏綠地，典藏最優雅的【夏綠蒂】25-38坪,/buildings/bh13/,71,73,89,1.2535211267605635,26.112676056338028
google / cpc,20250616_競品字,齊興_緻：北士科住宅預售屋，入主北投核心地段，立即預約賞屋,/buildings/ar1/,69,73,74,1.0724637681159421,29.942028985507246
google / organic,(organic),防範代書詐騙，如何查詢地政士的合法性？｜專家觀點地政篇 - 遠雄房地產,/life-proposal/expert_zhu_expert_zhu_land-agent_20250917/,69,73,82,1.1884057971014492,56.2463768115942
fb / eh5,fb35-2,遠雄沐蘊-高雄市三民區預售屋/新建案-預約賞屋,/buildings/eh5/,67,73,75,1.1194029850746268,23.70149253731343
google / organic,(organic),水湳遠雄綠美：鄰近綠美圖與中央公園，入主智慧經貿特區預售屋,/buildings/bh9/,60,73,81,1.35,75.36666666666666
fb / bh10,fblead,遠房實價登錄,/,71,72,80,1.1267605633802817,1.591549295774648
google / organic,(organic),楠梓高大特區寵物友善地點推薦：必訪5家餐廳＋3大寵物同樂好去處 - 遠雄房地產,/life-proposal/area-kaohsiung-nanzi_nuk_pet-cafe_20250613/,68,72,78,1.1470588235294117,47.529411764705884
google_kw / bh10,taichung,遠房實價登錄,/,62,72,99,1.596774193548387,3.5161290322580645
google / organic,(organic),【聯上智科】輝達軸線核心｜北士科福國路首排，純商辦地標，符合ESG指標｜預約尊榮鑑賞 遠雄房地產 聯上智科,/buildings/5vo1/,61,72,78,1.278688524590164,45.78688524590164
google / organic,(organic),高雄楠梓區高大特區生活圈 | 建案熱區巡禮 - 遠雄房地產,/life-proposal/area-kaohsiung-nanzi_nuk_function_20250211/,61,72,78,1.278688524590164,99.50819672131148
web-sms / bh8,ai_202608,遠房實價登錄,/,52,72,81,1.5576923076923077,1.1923076923076923
google / cpc,beitun,【遠雄樂元】北屯機捷X好市多，雙首排大道最核心，夠近才最好,/buildings/bh7/,70,70,73,1.042857142857143,22.071428571428573
webnews / O1,20241004,遠雄房地產：最懂生活的購屋專家｜卓越建築品質，圓滿您的家,/,70,70,70,1,0.37142857142857144
fb / wdh2,post0821,遠房實價登錄,/,70,70,73,1.042857142857143,0
(direct) / (none),(direct),遠雄沐蘊-高雄市三民區預售屋/新建案-預約賞屋,/buildings/eh5/,67,70,81,1.208955223880597,23.46268656716418
(direct) / (none),(direct),遠雄MetaLink科技園區 | 3700坪超旗艦 森態企業總部,/buildings/hm2/,57,70,79,1.3859649122807018,39.87719298245614
dsp / 5vo1,7-1,【聯上智科】輝達軸線核心｜北士科福國路首排，純商辦地標，符合ESG指標｜預約尊榮鑑賞 遠雄房地產 聯上智科,/buildings/5vo1/,19,70,74,3.8947368421052633,2.210526315789474
google / organic,(organic),建案熱區巡禮：北投士林科技園區 - 交通篇 - 遠雄房地產,/life-proposal/area-tpe-beitou_bstp_traffic_20240705/,67,69,74,1.1044776119402986,48.04477611940298
google / organic,(organic),權狀坪數與室內坪數差在哪？看懂買房坪數組成，首購族不再被混淆 - 遠雄房地產,/life-proposal/ping/,63,69,77,1.2222222222222223,64.95238095238095
google / organic,(organic),遠雄仰森,/HH3/main,61,69,82,1.3442622950819672,29.0327868852459
(direct) / (none),(direct),最新消息｜遠雄公告資訊，即時掌握品牌重要動態，重要通知不漏接,/activity_report/announcement_information/,68,68,69,1.0147058823529411,1.4852941176470589
google / cpc,corearea0701,遠雄14期首發【遠雄丰尚】北屯新案．近漢神洲際百貨,/buildings/bh11/,66,68,73,1.106060606060606,18.136363636363637
google / cpc,20250616_競品字,遠房實價登錄,/,64,67,68,1.0625,1.578125
mkto-sn070013.com / referral,(referral),取消訂閱成功 - 遠雄房地產｜感謝您的支持，隨時歡迎再度關注,/unsubscribe/,66,67,73,1.106060606060606,3.757575757575758
(direct) / (none),(direct),專家觀點：解析最新房市動向與購屋建議，遠雄房地產深度置產指引,/life_proposal/experts_point/,67,67,68,1.0149253731343284,3.7761194029850746
google / organic,(organic),未婚情侶合資買房在法律上要注意什麼｜永然法律不動產專欄 - 遠雄房地產,/life-proposal/expert_law_y-rlee_co-buying/,64,67,67,1.046875,76.0625
(direct) / (none),(direct),遠雄夏綠蒂 | 數位意向書-遠雄房地產 Farglory-Realty,/form/write,63,67,72,1.1428571428571428,171.38095238095238
fb / bh13,120242354949540678,台中七期．在夏綠地，典藏最優雅的【夏綠蒂】25-38坪,/buildings/bh13/,62,67,70,1.1290322580645162,20.93548387096774
google / organic,(organic),熱銷建案一覽：遠雄全台預售屋、新建案與新成屋，尋獲理想家園,/case/search/page/2/,57,67,95,1.6666666666666667,19.596491228070175
google_kw / eh6,pmax,遠雄蘴靚｜高雄楠梓新門戶｜捷運R21站旁｜3795坪豪闊基地,/buildings/eh6/,66,66,66,1,3.272727272727273
fb / dh2,leads,遠房實價登錄,/,65,66,72,1.1076923076923078,0.36923076923076925
fb / paid,120233718740630316,【遠雄樂元】北屯機捷X好市多，雙首排大道最核心，夠近才最好,/buildings/bh7/,63,65,70,1.1111111111111112,42.07936507936508
fb / wdh2,fbfanpage,天母蒔麗｜15~25坪．1-2房｜北投行義路，近石牌站,/buildings/wdh2/,58,65,63,1.0862068965517242,20.70689655172414
fb / rsh1,leads,遠房實價登錄,/,64,64,74,1.15625,0
fb / ar1,leads,齊興_緻：北士科住宅預售屋，入主北投核心地段，立即預約賞屋,/buildings/ar1/,63,64,64,1.0158730158730158,23.22222222222222
google / cpc,(not set),遠房實價登錄,/,62,64,85,1.3709677419354838,0.7903225806451613
google / organic,(organic),2026 房市脫鉤：住宅冷科技熱！解析量縮價穩下的雙軌發展,/life-proposal/expert_peizhen_2026-q2-housing-outlook/,53,64,66,1.2452830188679245,77.37735849056604
google / cpc,(not set),遠雄琉蘊 -台中市西屯區七期預售屋/新建案-預約賞屋，遠雄房地產,/buildings/bh5/,58,63,77,1.3275862068965518,15.862068965517242
fb / eh5,park,遠雄沐蘊-高雄市三民區預售屋/新建案-預約賞屋,/buildings/eh5/,61,63,65,1.0655737704918034,21.688524590163933
(direct) / (none),(direct),A建案-AI接待測試頁 - 遠雄房地產,/landing-page/aitest/,62,63,76,1.2258064516129032,4.387096774193548
sms / aep-cdp,CRM-001-D,熱銷建案一覽：遠雄全台預售屋、新建案與新成屋，尋獲理想家園,/case/search/,58,62,83,1.4310344827586208,18.655172413793103
google / cpc,brand,遠雄房地產精選預售屋(台北、新北、台中、桃園、台南、高雄) - 遠雄房地產,/building-category-tag/featured_pre_sale/,60,61,84,1.4,25.966666666666665
google / organic,(organic),共同繼承來的房地產，要如何進行分割呢？ | 永然法律不動產專欄 - 遠雄房地產,/life-proposal/expert_law_y-rlee_property-division/,58,61,62,1.0689655172413792,134.68965517241378
google / organic,(organic),台南預售屋全攻略：最新行情、熱門區域房價與建案挑選祕訣,/life-proposal/area_presold-house-in-tainan/,56,61,66,1.1785714285714286,57.69642857142857
google_kw / bh13,(not set),台中七期．在夏綠地，典藏最優雅的【夏綠蒂】25-38坪,/buildings/bh13/,54,61,79,1.462962962962963,26.574074074074073
l.facebook.com / referral,(referral),遠房實價登錄,/,60,60,67,1.1166666666666667,0
fb / ar1,leads,遠房實價登錄,/,59,60,64,1.0847457627118644,0
google / cpc,information2,遠雄14期首發【遠雄丰尚】北屯新案．漢神洲際購物廣場350m,/buildings/bh11/,57,60,67,1.1754385964912282,26.719298245614034
google_kw / fm3,area_xinbei_zhonghe,遠雄信義CENTER-新北市板橋區廠辦.商辦/預售新建案-預約賞屋,/buildings/fm3/,56,60,93,1.6607142857142858,7.428571428571429
gdn / hm2,4-2pmax,遠雄MetaLink科技園區 | 3700坪超旗艦 森態企業總部,/buildings/hm2/,52,60,68,1.3076923076923077,73.71153846153847
google / organic,(organic),遠雄綠禾-台南市永康區新成屋/新建案-預約賞屋，遠雄房地產,/buildings/dh3/,49,60,63,1.2857142857142858,47.714285714285715
(not set),20260813一輪播,遠雄房地產：最懂生活的購屋專家｜卓越建築品質，圓滿您的家,/,27,60,45,1.6666666666666667,9.592592592592593
google / cpc,RSH1-地區字,遠房實價登錄,/,59,59,84,1.423728813559322,0
google / cpc,WDH2-買房字,遠房實價登錄,/,56,59,89,1.5892857142857142,0
fb / eh2,fb18-1,遠雄一靚：楠梓高大特區首發新案，2432坪大基地，早鳥預約諮詢中,/buildings/eh2/,56,59,60,1.0714285714285714,30.857142857142858
fb / o1,fb27-1,遠雄THE ONE-高雄市前鎮區新成屋/新建案-預約賞屋,/buildings/o1/,56,59,60,1.0714285714285714,16.839285714285715
google / organic,(organic),中和翻轉！萬大線與舊廠翻新紅利 | 建案熱區巡禮 - 遠雄房地產,/life-proposal/area-l-newtaipei-zhonghe_20220923/,56,59,62,1.1071428571428572,122.46428571428571
news / bh13,20260508,台中七期．在夏綠地，典藏最優雅的【夏綠蒂】25-38坪,/buildings/bh13/,54,59,74,1.3703703703703705,134.7962962962963
fb / bh7,fbpage,【遠雄樂元】北屯機捷X好市多，雙首排大道最核心，夠近才最好,/buildings/bh7/,54,59,61,1.1296296296296295,34.407407407407405
l.facebook.com / referral,(referral),【遠雄蘊合】千坪旗艦，親水生活｜收納中西區最美流動26-43坪．新案早鳥預約,/buildings/dh6/,54,59,58,1.0740740740740742,36.18518518518518
google / organic,(organic),建商怎麼挑？25大優質建商特色、挑選指標介紹，購屋族必看！ - 遠雄房地產,/life-proposal/kw_brand_construction_20240109/,54,59,66,1.2222222222222223,74.4074074074074
googlemap / o1,googlemap,遠雄房地產：最懂生活的購屋專家｜卓越建築品質，圓滿您的家,/,49,59,69,1.4081632653061225,10.224489795918368
(not set),20260805一輪播,遠雄房地產：最懂生活的購屋專家｜卓越建築品質，圓滿您的家,/,26,59,61,2.3461538461538463,11.076923076923077
(direct) / (none),(direct),贈與稅與遺產稅免稅額解析｜房產贈與、買賣、繼承怎麼選 - 遠雄房地產,/life-proposal/gift_tax/,58,58,62,1.0689655172413792,22.637931034482758
google_kw / eh6,XXXX,遠雄蘴靚｜高雄楠梓新門戶｜捷運R21站旁｜3795坪豪闊基地,/buildings/eh6/,57,57,57,1,0
fb / fh2,fb6-1,遠雄合雅｜板橋之心・合院之上｜2~4房．24~66坪,/buildings/fh2/,54,57,61,1.1296296296296295,21.296296296296298
google_kw / bh10,competitor-farglory,北屯敦富路【遠雄敦富】- 北屯機捷預售屋．近好市多,/buildings/bh10/,53,57,64,1.2075471698113207,35.77358490566038
google / cpc,RSH1-買房字,若水秧翠｜東京視野・頂埔門牌｜1~3房．20~42坪,/buildings/rsh1/,53,57,62,1.169811320754717,31.07547169811321
(direct) / (none),(direct),工程師盃戰鬥陀螺賽,/campaign/index.html,52,57,17,0.3269230769230769,31.615384615384617
google / organic,(organic),預售屋買賣契約中的交屋保留款與建材設備約定｜永然法律不動產專欄 - 遠雄房地產,/life-proposal/expert_law_y-rlee_retention-money_20250704/,51,57,57,1.1176470588235294,69.98039215686275
fb / eh5,fb34-2,遠雄沐蘊-高雄市三民區預售屋/新建案-預約賞屋,/buildings/eh5/,49,57,58,1.183673469387755,44.38775510204081
web-ettoday / O1,20240912,遠雄房地產：最懂生活的購屋專家｜卓越建築品質，圓滿您的家,/,56,56,56,1,0.25
google / organic,(organic),【2026遺贈稅修法】資產傳承不踩雷！別讓擬制遺產害你背稅單 - 遠雄房地產,/life-proposal/expert_zhu_inheritance-tax-2026/,51,56,62,1.2156862745098038,78.74509803921569
fb / bh13,120242182236150678,遠房實價登錄,/,54,55,68,1.2592592592592593,0
fb / bh11,6-3,遠雄14期首發【遠雄丰尚】北屯新案．漢神洲際購物廣場350m,/buildings/bh11/,52,55,56,1.0769230769230769,13.865384615384615
fb / eh6,fb4-2,遠雄蘴靚｜高雄楠梓新門戶｜捷運R21站旁｜3795坪豪闊基地,/buildings/eh6/,50,55,56,1.12,31.88
line / dgm1,line-lap20263-3,大河商爵-台北市士林區廠辦/預售新建案-預約賞屋，遠創力行銷,/buildings/dgm1/,3,55,67,22.333333333333332,2
m.facebook.com / referral,(referral),找不到頁面 - 遠雄房地產,/buildings/shqmo01/,54,54,54,1,0.2037037037037037
(direct) / (none),(direct),買主口碑推薦：遠雄建案與預售屋真實見證，分享卓越品質居住心得,/case/wom_recommendation/,54,54,55,1.0185185185185186,2.2777777777777777
google_kw / bh10,competitor-farglory,遠房實價登錄,/,51,54,76,1.4901960784313726,2.5686274509803924
google / organic,(organic),買房不只付總價！首購族必知契稅、印花稅與持有稅比例分攤試算,/life-proposal/taxes/,46,54,55,1.1956521739130435,60.891304347826086
fb / fh2,leads,遠房實價登錄,/,52,53,67,1.2884615384615385,0
google_kw / hm2,202608,遠雄MetaLink科技園區 | 3700坪超旗艦 森態企業總部,/buildings/hm2/,52,53,63,1.2115384615384615,27.096153846153847
(direct) / (none),(direct),水湳遠雄綠美：鄰近綠美圖與中央公園，入主智慧經貿特區預售屋,/buildings/bh9/,48,53,59,1.2291666666666667,50.104166666666664
fb / bh11,leads,遠雄14期首發【遠雄丰尚】北屯新案．近漢神洲際百貨,/buildings/bh11/,52,52,56,1.0769230769230769,29.28846153846154
fb / bh7,31,【遠雄樂元】北屯機捷X好市多，雙首排大道最核心，夠近才最好,/buildings/bh7/,51,52,54,1.0588235294117647,33.254901960784316
m.facebook.com / referral,(referral),遠雄14期首發【遠雄丰尚】北屯新案．近漢神洲際百貨,/buildings/bh11/,51,51,51,1,0.8431372549019608
fb / h713,125,遠雄幸福成｜全新落成 - 台中市梧棲區新成屋-預約賞屋，遠雄房地產,/buildings/h713/,49,51,53,1.0816326530612246,25.122448979591837
google / organic,(organic),台中西屯七期重劃區核心生活圈 | 建案熱區巡禮 - 遠雄房地產,/life-proposal/area-txg-7th_function_20231107/,46,51,54,1.173913043478261,48.28260869565217
web-edm / friends,20260821,遠雄14期首發【遠雄丰尚】北屯新案．漢神洲際購物廣場350m,/buildings/bh11/,45,51,54,1.2,36.91111111111111
google / cpc,gdn-4,守護個人資訊安全，一起保障您的隱私權益｜ 遠雄房地產,/privacy/,48,50,62,1.2916666666666667,41.625
google / cpc,extension,遠房實價登錄,/,49,50,63,1.2857142857142858,0
google / cpc,RSH1-競品字,遠房實價登錄,/,50,50,60,1.2,0
google / cpc,beitun,遠房實價登錄,/,48,49,66,1.375,0
google / cpc,core,【遠雄樂元】北屯機捷X好市多，雙首排大道最核心，夠近才最好,/buildings/bh7/,48,49,52,1.0833333333333333,30.520833333333332
fb / wdh2,fbfanpage,遠房實價登錄,/,47,49,53,1.127659574468085,0
google / cpc,(organic),遠雄蘴靚｜高雄楠梓新門戶｜捷運R21站旁｜3795坪豪闊基地,/buildings/eh6/,47,49,58,1.2340425531914894,29.29787234042553
(direct) / (none),(direct),遠雄星呈-台中市清水區預售屋/新建案-預約賞屋，遠雄房地產,/buildings/h707/,46,49,55,1.1956521739130435,48.73913043478261
google / organic,(organic),遠雄夏沐-桃園市桃園區成屋/新建案-預約賞屋，遠雄房地產,/buildings/遠雄夏沐/,41,49,51,1.2439024390243902,47.02439024390244
gdn / bh13,gdn-4,遠房實價登錄,/,48,48,50,1.0416666666666667,0
web-ltn / wdh2,web-ltn0821,遠房實價登錄,/,48,48,61,1.2708333333333333,0
(direct) / (none),(direct),熱銷建案：全台預售屋與新成屋一覽，遠雄房地產助您尋獲理想好宅,/case/,48,48,52,1.0833333333333333,5.5625
google / cpc,area_Industrial-Office,大河商爵-台北市士林區廠辦/預售新建案-預約賞屋，遠創力行銷,/buildings/dgm1/,45,48,57,1.2666666666666666,8.444444444444445
google / organic,(organic),2026商用不動產衝破1588億！獵廠時代來臨，遠雄信義CENTER搶佔AI供應鏈商機,/life-proposal/fm2-hunt/,42,48,52,1.2380952380952381,30.80952380952381
(not set),20260813一輪播,熱銷建案一覽：遠雄全台預售屋、新建案與新成屋，尋獲理想家園,/case/search/page/2/,12,48,49,4.083333333333333,6.833333333333333
webnews / o1,(not set),遠雄房地產：最懂生活的購屋專家｜卓越建築品質，圓滿您的家,/,47,47,48,1.0212765957446808,0.14893617021276595
fb / dh6,12,遠房實價登錄,/,46,47,52,1.1304347826086956,0
fb / eh6,fb3-1,遠雄蘴靚｜高雄楠梓新門戶｜捷運R21站旁｜3795坪豪闊基地,/buildings/eh6/,46,47,47,1.0217391304347827,7.934782608695652
google / organic,(organic),熱銷建案：全台預售屋與新成屋一覽，遠雄房地產助您尋獲理想好宅,/case/,46,47,61,1.326086956521739,7.5
google / organic,(organic),台南中西區運河星鑽特區打造台南曼哈頓 | 建案熱區巡禮 - 遠雄房地產,/life-proposal/area-s-tainan_west-central_diamond_20250425/,45,47,51,1.1333333333333333,42.22222222222222
google / organic,(organic),實價登錄怎麼看才不會被騙？常見6大陷阱與破解方法一次搞懂,/life-proposal/actual_selling_price20220708/,41,47,48,1.170731707317073,56.73170731707317
dsp / 5vo1,7-5,【聯上智科】輝達軸線核心｜北士科福國路首排，純商辦地標，符合ESG指標｜預約尊榮鑑賞 遠雄房地產 聯上智科,/buildings/5vo1/,15,47,52,3.466666666666667,0
(direct) / (none),(direct),遠雄14期首發【遠雄丰尚】北屯新案．近漢神洲際百貨,/buildings/bh11/,43,46,59,1.372093023255814,13.44186046511628
google / cpc,RSH1-地區字新北,若水秧翠｜東京視野・頂埔門牌｜1~3房．20~42坪,/buildings/rsh1/,44,46,50,1.1363636363636365,26.272727272727273
fb / fh2,fb8-1,遠雄合雅｜板橋之心・合院之上｜2~4房．24~66坪,/buildings/fh2/,45,46,46,1.0222222222222221,17.88888888888889
google / organic,(organic),齊興_緻：北士科住宅預售屋，入主北投核心地段，立即預約賞屋,/buildings/ar1/,36,46,44,1.2222222222222223,29.916666666666668
(not set),20260813一輪播,熱銷建案一覽：遠雄全台預售屋、新建案與新成屋，尋獲理想家園,/case/search/,30,46,41,1.3666666666666667,8.2
fb / bh13,120242354949540678,遠房實價登錄,/,45,45,57,1.2666666666666666,0.4888888888888889
web-udn / O1,20240926,遠雄房地產：最懂生活的購屋專家｜卓越建築品質，圓滿您的家,/,45,45,45,1,0.3111111111111111
web-ltn / o1,web-ltn,遠雄房地產：最懂生活的購屋專家｜卓越建築品質，圓滿您的家,/,45,45,46,1.0222222222222221,0.2222222222222222
fb / eh5,fb37-6,遠雄沐蘊-高雄市三民區預售屋/新建案-預約賞屋,/buildings/eh5/,44,45,49,1.1136363636363635,27.431818181818183
google / organic,(organic),台中港市鎮重劃區發展解析：捷運藍線與產業園區總覽,/life-proposal/area-txg-port_function_20240103/,41,45,46,1.1219512195121952,104.09756097560975
(direct) / (none),(direct),2025房市回顧與2026盤整展望：政策與市場趨勢解析｜劉佩真觀點 - 遠雄房地產,/life-proposal/expert_peizhen_real-estate-2026/,44,44,45,1.0227272727272727,18.477272727272727
ig / social,ig,熱銷建案一覽：遠雄全台預售屋、新建案與新成屋，尋獲理想家園,/case/search/,44,44,94,2.1363636363636362,37.84090909090909
(direct) / (none),(direct),各國房地產全解析，一文讀懂不動產市場運作｜財經M平方觀點 - 遠雄房地產,/life-proposal/expert_macromicro_20230328/,44,44,44,1,2.6363636363636362
fg / o1,fg,遠雄房地產：最懂生活的購屋專家｜卓越建築品質，圓滿您的家,/,44,44,45,1.0227272727272727,0.06818181818181818
google / organic,(organic),抗酷暑 ! 室內空間降溫這樣做，植栽除了打造綠色空間也能降溫 - 遠雄房地產,/life-proposal/space_design_greencooldown_20240903/,32,44,46,1.4375,73.34375
(data not available),(cross-network),台中七期．在夏綠地，典藏最優雅的【夏綠蒂】25-38坪,/buildings/bh13/,43,43,61,1.4186046511627908,36.83720930232558
fb / paid,120229486716970138,【遠雄樂元】北屯機捷X好市多，雙首排大道最核心，夠近才最好,/buildings/bh7/,43,43,45,1.0465116279069768,17.11627906976744
(direct) / (none),(direct),高雄信義計畫區！農 16 特區串聯巨蛋與美術館，新市政中心交通全解析,/life-proposal/area-s-kaohsiung-farm1620200520/,43,43,43,1,1.3488372093023255
fb / bh7,fbpage,遠房實價登錄,/,42,43,47,1.119047619047619,0
fb / paid,120229456515280138,【遠雄樂元】北屯機捷X好市多，雙首排大道最核心，夠近才最好,/buildings/bh7/,42,43,46,1.0952380952380953,13.595238095238095
fb / ar1,fb13-2,齊興_緻：北士科住宅預售屋，入主北投核心地段，立即預約賞屋,/buildings/ar1/,41,43,45,1.0975609756097562,33.46341463414634
google / cpc,area_Office,大河商爵-台北市士林區廠辦/預售新建案-預約賞屋，遠創力行銷,/buildings/dgm1/,39,43,50,1.2820512820512822,22.666666666666668
web-sms / (not set),(not set),遠房實價登錄,/,30,43,50,1.6666666666666667,0.6666666666666666
google / organic,(organic),買房怎麼選？預售屋 vs 成屋全攻略：拆解毛胚屋、標配屋與實品屋差異,/life-proposal/handover202206010/,26,43,43,1.6538461538461537,46.84615384615385
(not set),(not set),【聯上智科】輝達軸線核心｜北士科福國路首排，純商辦地標，符合ESG指標｜預約尊榮鑑賞 遠雄房地產 聯上智科,/buildings/5vo1/,24,43,16,0.6666666666666666,2.75
(direct) / (none),(direct),熱銷建案一覽：遠雄全台預售屋、新建案與新成屋，尋獲理想家園,/case/search/page/2/,42,42,50,1.1904761904761905,18.023809523809526
google_kw / bh13,(organic),遠雄房地產精選預售屋(台北、新北、台中、桃園、台南、高雄) - 遠雄房地產,/building-category-tag/featured_pre_sale/,42,42,58,1.380952380952381,14.19047619047619
google / organic,(organic),遠雄房地產精選預售屋(台北、新北、台中、桃園、台南、高雄) - 遠雄房地產,/building-category-tag/featured_pre_sale/,41,42,60,1.4634146341463414,24.365853658536587
fb / wdh2,leads,天母蒔麗｜15~25坪．1-2房｜北投行義路，近石牌站,/buildings/wdh2/,41,42,43,1.048780487804878,20.24390243902439
fb / ar1,fb13-2,遠房實價登錄,/,40,42,45,1.125,0
fb / o1,fb27-1,遠房實價登錄,/,40,42,46,1.15,0
(not set),生活提案,交屋看仔細：常見糾紛與買方注意事項 - 遠雄房地產,/life-proposal/kw_delivery_20230607/,7,42,46,6.571428571428571,88.14285714285714
fb / paid,120233718740630316,遠房實價登錄,/,41,41,46,1.1219512195121952,0
(direct) / (none),(direct),【2026 遺產稅修法】夫妻剩餘財產請求權：最強節稅利器，讓稅金直接對半砍！ - 遠雄房地產,/life-proposal/expert_zhu_inheritance-tax-2026-2/,41,41,41,1,34.926829268292686
google / organic,(organic),高雄楠梓區高大特區寵物友善景點散步趣：與毛孩共享綠意生活 - 遠雄房地產,/life-proposal/area-kaohsiung-nanzi_nuk_pet-walk_20250606/,34,41,41,1.2058823529411764,27.470588235294116
webnews / o1,webnews0415yam,遠雄房地產：最懂生活的購屋專家｜卓越建築品質，圓滿您的家,/,40,40,40,1,0.525
google / cpc,competitor,高雄建案推薦【遠雄峰蘊】- 三民區預售屋．近科工館,/buildings/eh1/,40,40,41,1.025,21.925
google / organic,(organic),建案熱區巡禮：新北板橋區Tpark科技特區 (遠東通訊園區)生活圈 - 遠雄房地產,/life-proposal/area-s-tph_banqiao_tpark_function_20250314/,40,40,41,1.025,64.05
google / cpc,com,遠雄沐蘊-高雄市三民區預售屋/新建案-預約賞屋,/buildings/eh5/,39,40,42,1.0769230769230769,34.17948717948718
fb / hm2,0704,遠雄MetaLink科技園區 | 3700坪超旗艦 森態企業總部,/buildings/hm2/,39,40,43,1.1025641025641026,21.23076923076923
google / organic,(organic),惡鄰居噪音菸味如何處理？除法律求償外，換屋也是維護安寧權的資產配置,/life-proposal/expert_law_y-rlee_living-rights/,39,40,43,1.1025641025641026,83
google_kw / fm3,area_xinbei_zhonghe,遠房實價登錄,/,37,40,51,1.3783783783783783,0
google / cpc,type,遠雄蘴靚｜高雄楠梓新門戶｜捷運R21站旁｜3795坪豪闊基地,/buildings/eh6/,37,40,43,1.162162162162162,36.54054054054054
fb / hm2,0703,遠雄MetaLink科技園區 | 3700坪超旗艦 森態企業總部,/buildings/hm2/,37,40,38,1.027027027027027,9.81081081081081
ig / paid,120241965207070634,【遠雄蘊合】千坪旗艦，親水生活｜收納中西區最美流動26-43坪．新案早鳥預約,/buildings/dh6/,36,39,42,1.1666666666666667,18.555555555555557
google_kw / fm3,invest,遠雄信義CENTER-新北市板橋區廠辦.商辦/預售新建案-預約賞屋,/buildings/fm3/,38,39,50,1.3157894736842106,38.28947368421053
sms / (not set),(not set),熱銷建案一覽：遠雄全台預售屋、新建案與新成屋，尋獲理想家園,/case/search/,38,39,52,1.368421052631579,18.105263157894736
google / organic,(organic),2026年房地產市場將面臨八大考驗｜李同榮觀點 - 遠雄房地產,/life-proposal/expert_li_housing-challenges-2026/,37,39,40,1.0810810810810811,38.32432432432432
google_kw / dh2,(not set),台南永康遠雄山禾：鹽行特區3-4房，鄰商圈與交通樞紐的理想宅,/buildings/dh2/,36,39,43,1.1944444444444444,18.38888888888889
web-ltn / o1,(not set),遠雄房地產：最懂生活的購屋專家｜卓越建築品質，圓滿您的家,/,39,39,39,1,0.10256410256410256
google / cpc,(referral),遠雄蘴靚｜高雄楠梓新門戶｜捷運R21站旁｜3795坪豪闊基地,/buildings/eh6/,36,39,43,1.1944444444444444,7.472222222222222
(not set),20260813一輪播,遠房實價登錄,/,34,39,71,2.088235294117647,0.058823529411764705
fb / bh10,fb20268-1,北屯敦富路【遠雄敦富】- 北屯機捷預售屋．近好市多,/buildings/bh10/,34,39,39,1.1470588235294117,30.352941176470587
google_kw / rsh1,brand,若水秧翠｜東京視野・頂埔門牌｜1~3房．20~42坪,/buildings/rsh1/,33,39,39,1.1818181818181819,14.575757575757576
google / organic,(organic),賣房想省稅？別踩房地合一稅虛報裝修陷阱 | 專家觀點地政篇 - 遠雄房地產,/life-proposal/expert_zhu_false-renovation-traps/,29,39,39,1.3448275862068966,56.44827586206897
dsp / 5vo1,7-4,【聯上智科】輝達軸線核心｜北士科福國路首排，純商辦地標，符合ESG指標｜預約尊榮鑑賞 遠雄房地產 聯上智科,/buildings/5vo1/,9,38,44,4.888888888888889,22.444444444444443
(direct) / (none),(direct),關於我們｜展現品牌實力，全台經典建築實績見證，成就卓越品質,/about/brand_performance_backup/,38,38,41,1.0789473684210527,14.105263157894736
google / organic,(organic),基礎建設＋結構保固：一次了解大地工程的基本概念 - 遠雄房地產,/life-proposal/construction-base/,36,38,39,1.0833333333333333,53.138888888888886
google / cpc,project,遠雄房地產：最懂生活的購屋專家｜卓越建築品質，圓滿您的家,/,32,38,42,1.3125,2.8125
googlemap / H109,googlemap,遠雄房地產：最懂生活的購屋專家｜卓越建築品質，圓滿您的家,/,38,38,39,1.0263157894736843,1.6842105263157894
fb / bh7,28,【遠雄樂元】北屯機捷X好市多，雙首排大道最核心，夠近才最好,/buildings/bh7/,37,37,39,1.054054054054054,25.10810810810811
(direct) / (none),(direct),高雄楠梓區高大特區生活圈 | 建案熱區巡禮 - 遠雄房地產,/life-proposal/area-kaohsiung-nanzi_nuk_function_20250211/,37,37,37,1,1.2702702702702702
google / organic,(organic),買房對保是什麼？銀行貸款撥款流程詳解，掌握重點文件與作業時間,/life-proposal/land_documents/,36,37,38,1.0555555555555556,38.666666666666664
google / cpc,RSH1-買房字,遠房實價登錄,/,34,37,56,1.6470588235294117,0
google / cpc,extension,遠雄合雅｜板橋之心・合院之上｜2~4房．24~66坪,/buildings/fh2/,32,37,42,1.3125,30.625
google / organic,(organic),前鎮房市加速！205 兵工廠遷移與特貿三開發，完善亞灣區交通樞紐,/life-proposal/area-l-kaohsiung-qianzhen_20220805/,26,37,44,1.6923076923076923,154.65384615384616
line-lap / ar1,20260424-8-5,齊興_緻：北士科住宅預售屋，入主北投核心地段，立即預約賞屋,/buildings/ar1/,22,37,37,1.6818181818181819,3.772727272727273
fb / hm2,0702,遠雄MetaLink科技園區 | 3700坪超旗艦 森態企業總部,/buildings/hm2/,36,36,36,1,32.94444444444444
(direct) / (none),(direct),【2026遺贈稅修法】資產傳承不踩雷！別讓擬制遺產害你背稅單 - 遠雄房地產,/life-proposal/expert_zhu_inheritance-tax-2026/,36,36,36,1,0.9722222222222222
google_kw / bh13,(not set),遠房實價登錄,/,34,36,52,1.5294117647058822,0
google / organic,(organic),2026年買新房成本暴增？地政士解析三大新制陷阱與產權影響,/life-proposal/expert_zhu_regulations-trap/,32,36,37,1.15625,100.53125
google / cpc,gdn-4,遠雄琉蘊 -台中市西屯區七期預售屋/新建案-預約賞屋，遠雄房地產,/buildings/bh5/,29,36,44,1.5172413793103448,62.241379310344826
google_kw / rsh1,newtaipei,若水秧翠｜東京視野・頂埔門牌｜1~3房．20~42坪,/buildings/rsh1/,29,36,37,1.2758620689655173,4.655172413793103
(direct) / (none),(direct),未婚情侶合資買房在法律上要注意什麼｜永然法律不動產專欄 - 遠雄房地產,/life-proposal/expert_law_y-rlee_co-buying/,35,35,35,1,2.2
google / cpc,core,遠房實價登錄,/,35,35,49,1.4,0
(direct) / (none),(direct),AI 時代股房雙循環：李同榮解析股市與房市的財富接力邏輯,/life-proposal/expert_li_stock-housing-cycle/,35,35,37,1.0571428571428572,25.457142857142856
(direct) / (none),(direct),居家以線板、百葉窗打造「輕美式」：首購族小資女、小家庭舒壓輕鬆宅,/life-proposal/shutters-home-design/,35,35,36,1.0285714285714285,4.742857142857143
line-lap / ar1,20260625-13-1-2,齊興_緻：北士科住宅預售屋，入主北投核心地段，立即預約賞屋,/buildings/ar1/,34,35,35,1.0294117647058822,9.352941176470589
(direct) / (none),(direct),專屬會員｜遠房好友帳戶管理，提供專屬服務並可隨時諮詢客服,/my-account/,34,35,37,1.088235294117647,6.852941176470588
fb / rsh1,fb5-5,若水秧翠｜東京視野・頂埔門牌｜1~3房．20~42坪,/buildings/rsh1/,33,35,39,1.1818181818181819,25.666666666666668
google / organic,(organic),聰明買房不吃虧！解析建物謄本關鍵訊息：看懂產權、抵押與限制,/life-proposal/transcript_20221007/,28,35,38,1.3571428571428572,65
(not set),(not set),台中七期．在夏綠地，典藏最優雅的【夏綠蒂】25-38坪,/buildings/bh13/,26,35,17,0.6538461538461539,18.115384615384617
line-lap / ar1,20260424-8-5,遠房實價登錄,/,21,35,35,1.6666666666666667,0
(not set),20260805一輪播,熱銷建案一覽：遠雄全台預售屋、新建案與新成屋，尋獲理想家園,/case/search/,20,35,50,2.5,26.5
google_gdn / 5vo1,7-2,【聯上智科】輝達軸線核心｜北士科福國路首排，純商辦地標，符合ESG指標｜預約尊榮鑑賞 遠雄房地產 聯上智科,/buildings/5vo1/,7,34,36,5.142857142857143,17.571428571428573
(direct) / (none),(direct),前鎮房市加速！205 兵工廠遷移與特貿三開發，完善亞灣區交通樞紐,/life-proposal/area-l-kaohsiung-qianzhen_20220805/,34,34,34,1,44.23529411764706
news / bh13,20260508,遠房實價登錄,/,33,34,49,1.4848484848484849,0
fb / bh11,11-3,遠雄14期首發【遠雄丰尚】北屯新案．漢神洲際購物廣場350m,/buildings/bh11/,33,34,34,1.0303030303030303,10.757575757575758
fb / bh13,4,台中七期．在夏綠地，典藏最優雅的【夏綠蒂】25-38坪,/buildings/bh13/,32,34,34,1.0625,23.53125
fb / bh10,fb20268-1,遠房實價登錄,/,30,34,43,1.4333333333333333,4.366666666666666
google_kw / bh10,competitor-developer,北屯敦富路【遠雄敦富】- 北屯機捷預售屋．近好市多,/buildings/bh10/,30,34,42,1.4,84.9
google / organic,(organic),社區綠建築標章有何好處？節能省電與環保優勢，打造健康永續宅,/life-proposal/ease_greenbuilding_20230608/,30,34,40,1.3333333333333333,53.56666666666667
google / organic,(organic),遠雄14期首發【遠雄丰尚】北屯新案．近漢神洲際百貨,/buildings/bh11/,28,34,39,1.3928571428571428,50.42857142857143
line-lap / fh2,line-lap12-3,遠雄合雅｜板橋之心・合院之上｜2~4房．24~66坪,/buildings/fh2/,22,34,38,1.7272727272727273,0.2727272727272727
google / cpc,competitor0701,遠雄14期首發【遠雄丰尚】北屯新案．近漢神洲際百貨,/buildings/bh11/,34,34,39,1.1470588235294117,43.705882352941174
google / cpc,20250616_台北豪宅/別墅,齊興_緻：北士科住宅預售屋，入主北投核心地段，立即預約賞屋,/buildings/ar1/,31,33,34,1.096774193548387,20.516129032258064
(direct) / (none),(direct),遠雄藝舍-台中西屯區麥當勞旁金店面-預約賞屋，遠雄房地產,/buildings/bh6/,33,33,34,1.0303030303030303,26.939393939393938
fb / eh5,fb12-3,遠雄沐蘊-高雄市三民區預售屋/新建案-預約賞屋,/buildings/eh5/,33,33,34,1.0303030303030303,21.757575757575758
(direct) / (none),(direct),新竹市東區 - 以科技驅動的繁榮未來 | 建案熱區巡禮 - 遠雄房地產,/life-proposal/area-l-hsinchu-east20240110/,33,33,33,1,3
google / cpc,gdn-4,遠雄房地產精選預售屋(台北、新北、台中、桃園、台南、高雄) - 遠雄房地產,/building-category-tag/featured_pre_sale/,33,33,37,1.121212121212121,17.636363636363637
fb / bh10,fbfanpage0703,北屯敦富路【遠雄敦富】- 北屯機捷預售屋．近好市多,/buildings/bh10/,31,33,34,1.096774193548387,10.612903225806452
google / organic,(organic),永康新核心：大灣重劃區生活圈，萬坪綠意下的新富聚落 | 建案熱區巡禮 - 遠雄房地產,/life-proposal/area-tnn-dawan_function_20231129/,31,33,37,1.1935483870967742,74.41935483870968
google_kw / bh10,competitor-developer,遠房實價登錄,/,29,33,42,1.4482758620689655,0.6551724137931034
(not set),20260805一輪播,遠房實價登錄,/,26,33,62,2.3846153846153846,0.9615384615384616
google / organic,(organic),世界造鎮推手‧遠雄譜寫台灣經濟奇蹟-遠雄房地產,/farglory-realty-about/push-hand/,25,33,37,1.48,89.88
webnews / bh6,(not set),遠雄藝舍-台中西屯區麥當勞旁金店面-預約賞屋，遠雄房地產,/buildings/bh6/,32,32,32,1,4.4375
(direct) / (none),(direct),2025年北台灣房市潛力區域專題報導-10大優質投資區域分析｜何世昌觀點 - 遠雄房地產,/life-proposal/expert_hoshichang_northern-potential/,32,32,32,1,3.4375
(direct) / (none),(direct),驗屋與交屋必知注意事項？新手購屋必看，驗屋清單檢查表與交屋流程有哪些？,/life-proposal/home-inspection/,32,32,32,1,1.9375
fb / bh11,12-4,遠雄14期首發【遠雄丰尚】北屯新案．漢神洲際購物廣場350m,/buildings/bh11/,31,32,33,1.064516129032258,22.64516129032258
google / cpc,brand,熱銷建案一覽：遠雄全台預售屋、新建案與新成屋，尋獲理想家園,/case/search/,31,32,64,2.064516129032258,29.161290322580644
google_kw / h713,(not set),遠雄幸福成｜全新落成 - 台中市梧棲區新成屋-預約賞屋，遠雄房地產,/buildings/h713/,27,32,39,1.4444444444444444,9.296296296296296
google / organic,(organic),2025房市回顧與2026盤整展望：政策與市場趨勢解析｜劉佩真觀點 - 遠雄房地產,/life-proposal/expert_peizhen_real-estate-2026/,27,32,32,1.1851851851851851,37.51851851851852
(direct) / (none),(direct),關於我們｜遠雄房地產服務條款，守護用戶使用權益，確保資訊安全,/terms-of-service/,27,32,36,1.3333333333333333,5.2592592592592595
google / cpc,(not set),遠雄蘴靚｜高雄楠梓新門戶｜捷運R21站旁｜3795坪豪闊基地,/buildings/eh6/,19,32,36,1.894736842105263,8.736842105263158
fb / ar1,fb15-3,齊興_緻：北士科住宅預售屋，入主北投核心地段，立即預約賞屋,/buildings/ar1/,30,31,32,1.0666666666666667,13.7
fg / fg-o1,(not set),遠雄房地產：最懂生活的購屋專家｜卓越建築品質，圓滿您的家,/,31,31,31,1,0
(direct) / (none),(direct),優勢榮耀 - 遠雄房地產,/about/branded_advantages/,31,31,31,1,0.03225806451612903
(direct) / (none),(direct),找不到頁面 - 遠雄房地產,/buildings/ao1/,31,31,32,1.032258064516129,0.1935483870967742
google / cpc,extension,齊興_緻：北士科住宅預售屋，入主北投核心地段，立即預約賞屋,/buildings/ar1/,31,31,37,1.1935483870967742,23.774193548387096
fb / eh6,fb5-2,遠雄蘴靚｜高雄楠梓新門戶｜捷運R21站旁｜3795坪豪闊基地,/buildings/eh6/,31,31,31,1,4.645161290322581
(direct) / (none),(direct),2024年房市為前高後低態勢、2025年將進入調整階段｜劉佩真觀點 - 遠雄房地產,/life-proposal/expert_peizhen_2024review_20250107/,31,31,31,1,0.6451612903225806
fb / fh2,fb6-1,遠房實價登錄,/,31,31,33,1.064516129032258,0
fb / dh2,fb-52,台南永康遠雄山禾：鹽行特區3-4房，鄰商圈與交通樞紐的理想宅,/buildings/dh2/,30,31,31,1.0333333333333334,20.766666666666666
fb / eh5,fb37-8,遠雄沐蘊-高雄市三民區預售屋/新建案-預約賞屋,/buildings/eh5/,30,31,31,1.0333333333333334,28.9
web / fb2,googlemap,遠雄合雅｜板橋之心・合院之上｜2~4房．24~66坪,/buildings/fh2/,30,31,30,1,44.03333333333333
(direct) / (none),(direct),台南永康產業交通齊發光，宜居現在進行式 | 建案熱區巡禮 - 遠雄房地產,/life-proposal/yongkang/,30,31,31,1.0333333333333334,16.1
google_kw / dh2,(not set),遠房實價登錄,/,29,31,36,1.2413793103448276,0.20689655172413793
google_kw / bh5,(not set),遠雄琉蘊 -台中市西屯區七期預售屋/新建案-預約賞屋，遠雄房地產,/buildings/bh5/,28,31,34,1.2142857142857142,6.035714285714286
fb / eh2,fb18-6,遠雄一靚：楠梓高大特區首發新案，2432坪大基地，早鳥預約諮詢中,/buildings/eh2/,28,31,34,1.2142857142857142,38.42857142857143
google / organic,(organic),新成屋、預售屋簽約注意事項–「首購族看房買屋攻略」 - 遠雄房地產,/life-proposal/contract/,27,31,37,1.3703703703703705,66.03703703703704
google / organic,(organic),飯店式住宅成趨勢！解析飯店式管理服務重點，成就頂級尊榮生活,/life-proposal/hotel_property20220624/,27,31,39,1.4444444444444444,40.48148148148148
(not set),(not set),【遠雄蘊合】千坪旗艦，親水生活｜收納中西區最美流動26-43坪．新案早鳥預約,/buildings/dh6/,26,31,20,0.7692307692307693,6.153846153846154
google / organic,(organic),預售屋簽約必看！解析專有與約定專用，避開產權陷阱 | 專家觀點地政篇 - 遠雄房地產,/life-proposal/expert_zhu_pre-sale-house-property-rights/,26,31,30,1.1538461538461537,121
line-lap / fh2,line-lap12-2,遠雄合雅｜板橋之心・合院之上｜2~4房．24~66坪,/buildings/fh2/,11,31,33,3,2.727272727272727
google_kw / fm3,invest,遠房實價登錄,/,29,30,43,1.4827586206896552,0
google / cpc,gdn-4,熱銷建案一覽：遠雄全台預售屋、新建案與新成屋，尋獲理想家園,/case/search/,30,30,48,1.6,38.4
(direct) / (none),(direct),俄烏衝突下的全球通膨：原物料價格飆漲，各國央行加速貨幣正常化,/life-proposal/expert_macromicro20220631/,30,30,30,1,1.2333333333333334
(direct) / (none),(direct),房屋格局圖/平面圖怎麼看？建案平面圖符號教學，讓你秒懂房屋格局避地雷,/life-proposal/house-layout/,30,30,30,1,0.5666666666666667
(direct) / (none),(direct),社區管理費與公共基金解析：掌握用途與收費標準，維護高品質生活,/life-proposal/land_fund/,30,30,30,1,5.066666666666666
(direct) / (none),(direct),都會區小宅設計全攻略！28 坪隔出 2-3 房、彈性動線與未來性原則,/life-proposal/space_design_smallhouse1_20240411/,30,30,30,1,1.4666666666666666
(direct) / (none),(direct),遠雄房地產預約賞屋：線上看房結合實體導覽，開啟智慧購屋新體驗,/make_appointment/,30,30,39,1.3,14.1
google / cpc,20250616_台北豪宅/別墅,遠房實價登錄,/,29,30,32,1.103448275862069,0.5172413793103449
fb / bh7,28,遠房實價登錄,/,30,30,33,1.1,0
fb / h713,126,遠雄幸福成｜全新落成 - 台中市梧棲區新成屋-預約賞屋，遠雄房地產,/buildings/h713/,28,30,28,1,31.321428571428573
google / organic,(organic),專家觀點地政篇：不動產抵押權重點詳解 - 遠雄房地產,/life-proposal/expert_zhu_hypothec_20230815/,28,30,29,1.0357142857142858,78.39285714285714
google_kw / bh5,(not set),遠房實價登錄,/,27,30,35,1.2962962962962963,0.4444444444444444
google / cpc,Competitor,大河商爵-台北市士林區廠辦/預售新建案-預約賞屋，遠創力行銷,/buildings/dgm1/,27,30,34,1.2592592592592593,13.222222222222221
google / organic,(organic),新竹市東區 - 以科技驅動的繁榮未來 | 建案熱區巡禮 - 遠雄房地產,/life-proposal/area-l-hsinchu-east20240110/,27,30,34,1.2592592592592593,97
google / organic,(organic),2030 高齡商機：銀髮住宅需求激增，解析渡假式養生村建築新趨勢,/life-proposal/expert_peizhen_commercial_elderly-residence_20250509/,27,30,30,1.1111111111111112,52.111111111111114
google_kw / bh10,brand-generic,北屯敦富路【遠雄敦富】- 北屯機捷預售屋．近好市多,/buildings/bh10/,26,30,30,1.1538461538461537,39.38461538461539
google / organic,(organic),2025 超高齡社會來臨！養生村、老人公寓與青銀共居退休宅全攻略,/life-proposal/retiredlife_20230220/,25,30,28,1.12,47.84
(not set),生活提案,台中遠雄洄山行：2-4房方正格局，入主西屯生活圈的質感好宅,/buildings/bh8/,2,30,27,13.5,62
ig / paid,120241965207070634,遠房實價登錄,/,29,29,35,1.206896551724138,0
fb / paid,120210867110050402,北士科遠雄泱玥：水岸首排57-75坪大器空間，坐擁絕美壯闊景觀,/buildings/ah2/,29,29,32,1.103448275862069,26.24137931034483
m.facebook.com / referral,(referral),遠雄蘴靚｜高雄楠梓新門戶｜捷運R21站旁｜3795坪豪闊基地,/buildings/eh6/,29,29,29,1,0.4827586206896552
fb / eh6,fb4-3,遠雄蘴靚｜高雄楠梓新門戶｜捷運R21站旁｜3795坪豪闊基地,/buildings/eh6/,29,29,32,1.103448275862069,14.310344827586206
(direct) / (none),(direct),盤點 111 年房市大事：升息、打炒房與通膨夾擊，必看的六大新聞重點,/life-proposal/2022propert_news_20230204/,29,29,29,1,0.5172413793103449
(direct) / (none),(direct),降息預期收斂！解析強韌經濟數據下的美元反彈，與非美貨幣後續走向,/life-proposal/expert_macromicro_mec_currency_20240521/,29,29,29,1,1.6206896551724137
google / organic,(organic),贈與稅節稅攻略！掌握244萬免稅額與現金贈與資產傳承優勢,/life-proposal/expert_zhu_asset-inheritance/,29,29,29,1,78.62068965517241
(direct) / (none),(direct),[影音] 假結婚與房產繼承 - 五億遺產的法律爭奪戰｜專家觀點地政篇 - 遠雄房地產,/life-proposal/expert_zhu_fake-marriage-law/,29,29,29,1,1.4137931034482758
fb / bh5,45,遠房實價登錄,/,28,29,34,1.2142857142857142,0.35714285714285715
fb / dh2,fb-52,遠房實價登錄,/,28,29,29,1.0357142857142858,0.5714285714285714
google_kw / bh13,(organic),遠雄琉蘊 -台中市西屯區七期預售屋/新建案-預約賞屋，遠雄房地產,/buildings/bh5/,28,29,38,1.3571428571428572,55.964285714285715
fb / bh5,45,遠雄琉蘊 -台中市西屯區七期預售屋/新建案-預約賞屋，遠雄房地產,/buildings/bh5/,28,29,33,1.1785714285714286,37.607142857142854
google / cpc,information5,大河商爵-台北市士林區廠辦/預售新建案-預約賞屋，遠創力行銷,/buildings/dgm1/,28,29,33,1.1785714285714286,20.071428571428573
google / organic,(organic),記住銀行授信 5P 原則，首購族提高貸款成數與利率談判力的關鍵指南 - 遠雄房地產,/life-proposal/pre_mortgage_20221215/,28,29,32,1.1428571428571428,72.42857142857143
google_kw / hm2,202511,遠雄MetaLink科技園區 | 3700坪超旗艦 森態企業總部,/buildings/hm2/,27,29,32,1.1851851851851851,24.333333333333332
google / organic,(organic),大河商爵-台北市士林區廠辦/預售新建案-預約賞屋，遠創力行銷,/buildings/dgm1/,25,29,32,1.28,22.32
(not set),生活提案,戶籍遷入辦理教學｜買房後戶籍異動流程與準備文件全攻略 - 遠雄房地產,/life-proposal/land_household_registration/,20,29,12,0.6,11.85
line-lap / 5vo1,2-7,【聯上智科】輝達軸線核心｜北士科福國路首排，純商辦地標，符合ESG指標｜預約尊榮鑑賞 遠雄房地產 聯上智科,/buildings/5vo1/,8,28,31,3.875,1.875
fb / ar1,fb15-3,遠房實價登錄,/,28,28,29,1.0357142857142858,0
(direct) / (none),(direct),祝賀台北市不動產代銷公會「20週年慶生日活動」 - 遠雄房地產,/activity-report/台北市不動產代銷公會「20週年慶生日活動」/,28,28,28,1,0.5714285714285714
fb / 5vo1,7-1,【聯上智科】輝達軸線核心｜北士科福國路首排，純商辦地標，符合ESG指標｜預約尊榮鑑賞 遠雄房地產 聯上智科,/buildings/5vo1/,28,28,28,1,2.392857142857143
(direct) / (none),(direct),住宅保險全攻略：火災、地震基本保險與颱風洪水補償，住家安全保障,/life-proposal/home_insurance20220602/,28,28,28,1,0.8571428571428571
(direct) / (none),(direct),建商怎麼挑？25大優質建商特色、挑選指標介紹，購屋族必看！ - 遠雄房地產,/life-proposal/kw_brand_construction_20240109/,28,28,28,1,16.75
google / cpc,brand0701,遠房實價登錄,/,27,28,47,1.7407407407407407,13.481481481481481
google / organic,(organic),建案熱區巡禮：桃園小檜溪(青溪特區)舊商圈+眾多綠地的宜人生活 - 遠雄房地產,/life-proposal/area-s-taoyuan-green20220520/,26,28,28,1.0769230769230769,46.23076923076923
google / organic,生活提案,戶籍遷入辦理教學｜買房後戶籍異動流程與準備文件全攻略 - 遠雄房地產,/life-proposal/land_household_registration/,26,28,26,1,83.65384615384616
reurl.cc / referral,(referral),遠雄房地產 官方LINE | 十萬知音，十萬感謝🎉 - 遠雄房地產,/activity-report/遠雄房地產-官方line-十萬知音，十萬感謝🎉/,25,28,38,1.52,44.04
web-sms / BH11,fb_ad,遠雄14期首發【遠雄丰尚】北屯新案．漢神洲際購物廣場350m,/buildings/bh11/,24,28,29,1.2083333333333333,24.083333333333332
google / organic,(organic),【遠雄北府苑】｜台南首座全齡通用認證宅，爭藏絕版，市心重劃，稀有2-4房,/,23,28,31,1.3478260869565217,59.26086956521739
fb / paid,120229486716970138,遠房實價登錄,/,28,28,36,1.2857142857142858,0
(not set),生活提案,遠房實價登錄,/,4,28,29,7.25,0
fb / bh10,fbfanpage,北屯敦富路【遠雄敦富】- 北屯機捷預售屋．近好市多,/buildings/bh10/,27,27,29,1.0740740740740742,17.555555555555557
fb / bh7,31,遠房實價登錄,/,27,27,32,1.1851851851851851,0
fb / bh10,fbfanpage,遠房實價登錄,/,27,27,34,1.2592592592592593,2.111111111111111
(direct) / (none),(direct),遠雄房地產官網滿意度問券調查-2025年第三季-得獎公告 - 遠雄房地產,/activity-report/第三季得獎公告/,27,27,27,1,0.7407407407407407
fb / paid,120229456515280138,遠房實價登錄,/,27,27,29,1.0740740740740742,0
(direct) / (none),(direct),加入我們｜探索職涯發展，與遠雄共同翻轉未來，開創職涯新高峰,/career_development/,27,27,27,1,0.9629629629629629
(direct) / (none),(direct),熱銷建案一覽：遠雄全台預售屋、新建案與新成屋，尋獲理想家園,/case/search/city/台中市/,27,27,27,1,1.7407407407407407
(direct) / (none),(direct),台北 2050 願景向北：北投公辦都更與長照研發中心，建構適居環境,/life-proposal/area-l-taipei-beitou20220520/,27,27,27,1,2.4444444444444446
(direct) / (none),(direct),府中雙城計畫解析：串聯板橋古城與新城區，打造人本步行的城市軸線,/life-proposal/area-tph_banqiao_park_20240820/,27,27,27,1,1.8148148148148149
(direct) / (none),(direct),健康宅客廳配置：景觀陽台與大面窗採光設計，打造後疫情舒壓空間,/life-proposal/design_living_room20220907/,27,27,27,1,3.6296296296296298
(direct) / (none),(direct),2025年中台灣房市潛力區域專題報導 -10大優質投資區域分析｜何世昌觀點 - 遠雄房地產,/life-proposal/expert_hoshichang_central-potential/,27,27,27,1,2.5185185185185186
(direct) / (none),(direct),2026 投資佈局：聚焦AI基建、核能、國防、稀土、貴金屬與穩定幣 | 財經M平方觀點 - 遠雄房地產,/life-proposal/expert_macromicro_2026-mega-trends/,27,27,27,1,4.592592592592593
(direct) / (none),(direct),台灣零售業態與百貨商場開幕潮：全台潛力商圈與房市效應解析,/life-proposal/expert_peizhen_newmalls_20251005/,27,27,27,1,4.592592592592593
google / organic,(organic),預售屋還能投嗎？解析禁止換約、紅單移轉新制下的優良投資工具潛力,/life-proposal/expert_zhu_presale_20230314/,27,27,30,1.1111111111111112,157.03703703703704
(direct) / (none),(direct),戶籍遷入辦理教學｜買房後戶籍異動流程與準備文件全攻略 - 遠雄房地產,/life-proposal/land_household_registration/,27,27,28,1.037037037037037,40.51851851851852
google_kw / bh10,competitor,北屯敦富路【遠雄敦富】- 北屯機捷預售屋．近好市多,/buildings/bh10/,26,27,28,1.0769230769230769,32.07692307692308
google / organic,(organic),熱銷建案一覽：遠雄全台預售屋、新建案與新成屋，尋獲理想家園,/case/search/page/3/,26,27,42,1.6153846153846154,11.807692307692308
mkto-sn070013.com / referral,(referral),空屋率高房價就會跌？揭開台灣房市「愈空愈貴」的結構真相,/life-proposal/expert_hoshichang_vacancy-rate/,24,27,25,1.0416666666666667,119.375
google / organic,(organic),買房車位怎麼挑？解析法定、增設與獎勵車位產權買賣限制全攻略,/life-proposal/parking_space20220615/,24,27,29,1.2083333333333333,63.666666666666664
(not set),生活提案,贈與稅與遺產稅免稅額解析｜房產贈與、買賣、繼承怎麼選 - 遠雄房地產,/life-proposal/gift_tax/,20,27,12,0.6,111.55
web-sms / dh2,fb_ad,台南永康遠雄山禾：鹽行特區3-4房，鄰商圈與交通樞紐的理想宅,/buildings/dh2/,18,27,30,1.6666666666666667,26.5
google / organic,(organic),社區管理費與公共基金解析：掌握用途與收費標準，維護高品質生活,/life-proposal/land_fund/,26,26,31,1.1923076923076923,58.69230769230769
(not set),20260813一輪播,專家觀點：解析最新房市動向與購屋建議，遠雄房地產深度置產指引,/life_proposal/experts_point/,8,26,31,3.875,69.625
fb / wdh2,leads,遠房實價登錄,/,26,26,30,1.1538461538461537,0
(direct) / (none),(direct),【遠雄住戶專享】德國美德麗床墊「滿萬折千」! - 遠雄房地產,/activity-report/ucity_dec_bedding/,26,26,26,1,1.3461538461538463
(direct) / (none),(direct),遠雄房地產官網滿意度問券調查-2025年第二季-得獎公告 - 遠雄房地產,/activity-report/遠雄房地產官網滿意度問券調查-2025年第二季-得獎公/,26,26,26,1,0.7307692307692307
m.facebook.com / referral,(referral),【聯上智科】輝達軸線核心｜北士科福國路首排，純商辦地標，符合ESG指標｜預約尊榮鑑賞 遠雄房地產 聯上智科,/buildings/5vo1/,26,26,26,1,0
google / cpc,(organic),台中七期．在夏綠地，典藏最優雅的【夏綠蒂】25-38坪,/buildings/bh13/,26,26,28,1.0769230769230769,20.346153846153847
fb / rsh1,fbvideo7-8,若水秧翠｜東京視野・頂埔門牌｜1~3房．20~42坪,/buildings/rsh1/,26,26,26,1,6.3076923076923075
(direct) / (none),(direct),安藤忠雄展：建築是凝固的旅行！大師設計原點、清水模美學全解析,/life-proposal/adaoando-20200610/,26,26,26,1,1.6538461538461537
(direct) / (none),(direct),[影音] 北士科潛力揭密：輝達進駐引爆房市三大變革｜何世昌觀點 - 遠雄房地產,/life-proposal/expert_hoshichang_bstk-nvidia/,26,26,26,1,0.6923076923076923
(direct) / (none),(direct),2026年預售市場一針見血的銷售與購買策略｜李同榮觀點 - 遠雄房地產,/life-proposal/expert_li_2026-housing-tips/,26,26,26,1,2.3461538461538463
(direct) / (none),(direct),2025房市下跌趨勢中，預售屋進場全攻略｜李同榮觀點 - 遠雄房地產,/life-proposal/expert_li_7th-cycle_20250114/,26,26,26,1,2.1538461538461537
(direct) / (none),(direct),全球超長債殖利率飆升：結構性壓力與長短期解方全解析｜財經M平方觀點 - 遠雄房地產,/life-proposal/expert_macromicro_global-bond-yields/,26,26,26,1,6.5
(direct) / (none),(direct),2026 下半年全球央行決策解析：聯準會、歐洲與日本央行的資產配置新思維,/life-proposal/expert_macromicro_market-analysis/,26,26,28,1.0769230769230769,5.846153846153846
(direct) / (none),(direct),關稅搶出口潮退去後，2025下半年製造業還有支撐嗎？｜財經M平方觀點 - 遠雄房地產,/life-proposal/expert_macromicro_mfg-h2_20250820/,26,26,26,1,6.6923076923076925
(direct) / (none),(direct),2025年第三季房市觀測-政策觀望期延續，市場靜待轉折契機｜劉佩真觀點 - 遠雄房地產,/life-proposal/expert_peizhen_2025q3review/,26,26,26,1,1.5384615384615385
fb / paid,120210867110050402,遠房實價登錄,/,26,26,29,1.1153846153846154,0
(direct) / (none),(direct),李同榮 - 遠雄房地產,/life_proposal/experts_point/獨家專欄/李同榮/,26,26,26,1,1.0769230769230769
google / organic,(organic),預約賞屋手機驗證 - 遠雄房地產,/mob_verify/,25,26,28,1.12,22.44
fb / eh1,privacy,遠雄房地產服務條款暨隱私權聲明｜保障您的個人資訊與使用權益,/terms-of-service_and_privacy/,25,26,27,1.08,22.52
(direct) / (none),(direct),遠雄明玥 | 北士科水岸新生活．2000坪全街廓，只蓋一棟｜25-46坪-蔡定誠-遠雄房地產 Farglory-Realty,/ah1/b4720,23,26,33,1.434782608695652,15.26086956521739
fb / bh11,6-3,遠雄14期首發【遠雄丰尚】北屯新案．近漢神洲際百貨,/buildings/bh11/,23,26,28,1.2173913043478262,22.565217391304348
(not set),(not set),天母蒔麗｜15~25坪．1-2房｜北投行義路，近石牌站,/buildings/wdh2/,20,26,12,0.6,11.95
line-lap / hm2,0201,遠雄MetaLink科技園區 | 3700坪超旗艦 森態企業總部,/buildings/hm2/,13,26,28,2.1538461538461537,18
fb / h713,125,遠房實價登錄,/,26,26,28,1.0769230769230769,0
(direct) / (none),(direct),熱銷建案一覽：遠雄全台預售屋、新建案與新成屋，尋獲理想家園,/case/search/sales_status/coming-soon/,25,25,29,1.16,11.96
line-lap / 5vo1,5-4,【聯上智科】輝達軸線核心｜北士科福國路首排，純商辦地標，符合ESG指標｜預約尊榮鑑賞 遠雄房地產 聯上智科,/buildings/5vo1/,5,25,22,4.4,1
(direct) / (none),(direct),《時間之華》遠雄創藝2022線上藝博，歡迎看展及收藏！ - 遠雄房地產,/activity-report/fgr_may_art/,25,25,25,1,0.6
google / cpc,gdn-4,遠雄14期首發【遠雄丰尚】北屯新案．漢神洲際購物廣場350m,/buildings/bh11/,25,25,28,1.12,98.36
google / cpc,information2,遠雄14期首發【遠雄丰尚】北屯新案．近漢神洲際百貨,/buildings/bh11/,25,25,26,1.04,14.84
(data not available),(cross-network),遠雄沐蘊-高雄市三民區預售屋/新建案-預約賞屋,/buildings/eh5/,25,25,52,2.08,57.92
google / cpc,(organic),遠雄沐蘊-高雄市三民區預售屋/新建案-預約賞屋,/buildings/eh5/,25,25,31,1.24,36.56
web-ettoday / h902,20230615,遠雄琢蘊-高雄市三民區預售屋/新建案-預約賞屋，遠雄房地產,/buildings/h902/,25,25,25,1,3.44
google_kw / bh10,competitor,遠房實價登錄,/,25,25,27,1.08,1.84
(direct) / (none),(direct),台中預售屋怎麼挑？各區房價、TOP36建案分析，買屋前必看！,/life-proposal/area_presold-house-in-taichung/,25,25,25,1,54.92
(direct) / (none),(direct),居家隔間保養及修繕：牆面裂縫與潮濕預防，專業居家百科維護指南,/life-proposal/cubicle/,25,25,25,1,0.48
(direct) / (none),(direct),2026 台灣經濟展望：AI 產業動能、台股趨勢與台幣匯率走勢分析 | 財經M平方觀點 - 遠雄房地產,/life-proposal/expert_macromicro_economy-2026-critical/,25,25,25,1,8.4
(direct) / (none),(direct),台中預售屋、新建案分析介紹，水湳經貿園區、台中七期、清水/梧棲重劃區建案推薦,/life-proposal/taichung-gateway/,25,25,25,1,2.68
(direct) / (none),(direct),遠壽不動產投資資產配置講座,/campaign/index.html,24,25,9,0.375,76.75
google / cpc,brand,熱銷建案一覽：遠雄全台預售屋、新建案與新成屋，尋獲理想家園,/case/search/sales_status/coming-soon/,24,25,34,1.4166666666666667,20.041666666666668
fb / bh13,8,台中七期．在夏綠地，典藏最優雅的【夏綠蒂】25-38坪,/buildings/bh13/,23,25,26,1.1304347826086956,12.304347826086957
ig / paid,120252430965910285,大河商爵-台北市士林區廠辦/預售新建案-預約賞屋，遠創力行銷,/buildings/dgm1/,23,25,27,1.173913043478261,35
google / cpc,(not set),遠雄一靚：楠梓高大特區首發新案，2432坪大基地，早鳥預約諮詢中,/buildings/eh2/,23,25,29,1.2608695652173914,8.695652173913043
google_kw / fm3,area_tucheng_banqiao,遠雄信義CENTER-新北市板橋區廠辦.商辦/預售新建案-預約賞屋,/buildings/fm3/,23,25,26,1.1304347826086956,16.73913043478261
(not set),(not set),遠雄蘴靚｜高雄楠梓新門戶｜捷運R21站旁｜3795坪豪闊基地,/buildings/eh6/,17,25,15,0.8823529411764706,30.294117647058822
web-sms / dh2,fb_ad,遠房實價登錄,/,16,25,28,1.75,3.5625
(not set),20260813一輪播,遠雄房地產精選預售屋(台北、新北、台中、桃園、台南、高雄) - 遠雄房地產,/building-category-tag/featured_pre_sale/,8,25,28,3.5,13.375
(direct) / (none),(direct),遠雄房地產LINE官方帳號活動 - 粽望所歸慶端午 - 遠雄房地產,/activity-report/dragon-boat-festival/,25,25,25,1,0.8
webnews / o1,20211201,遠雄房地產：最懂生活的購屋專家｜卓越建築品質，圓滿您的家,/,24,24,26,1.0833333333333333,0.25
liff.line.me / referral,(referral),遠雄房地產,/ebook,24,24,28,1.1666666666666667,0
(direct) / (none),(direct),二月主題報 - 遠雄房地產 %,/february/,24,24,24,1,1.25
(direct) / (none),(direct),高雄鼓山房市熱點：農十六與大美術館特區，萬坪綠地與捷運商圈全機能,/life-proposal/area-l-kaohsiung-gusha20200520/,24,24,24,1,1.3333333333333333
(direct) / (none),(direct),為何首購族選擇北屯？交通、建設與重劃區一次看懂 | 建案熱區巡禮 - 遠雄房地產,/life-proposal/area-l-taichung-beitun20220520/,24,24,24,1,3.7083333333333335
(direct) / (none),(direct),高雄預售屋入手指南：最新建案推薦、選房與區域優勢總整理 - 遠雄房地產,/life-proposal/area_presold-house-in-kaohsiung/,24,24,24,1,13.625
(direct) / (none),(direct),鹽行國中重劃區憑藉交通紅利，躍升科技新貴置產熱點,/life-proposal/area_tnn_yongkang_yanxing_school_20240323/,24,24,24,1,1.2083333333333333
(direct) / (none),(direct),新成屋、預售屋簽約注意事項–「首購族看房買屋攻略」 - 遠雄房地產,/life-proposal/contract/,24,24,24,1,6.416666666666667
(direct) / (none),(direct),2024工業地產展望：製造業回春帶動自用買盤，台積電效應動見觀瞻,/life-proposal/expert_peizhen_manufacturing_20240422/,24,24,24,1,0.8333333333333334
(direct) / (none),(direct),成屋延後交屋怎麼辦？地政士教你預告登記防風險,/life-proposal/expert_zhu_video_delay/,24,24,29,1.2083333333333333,9.625
(direct) / (none),(direct),新青安房貸重點一次看！掌握新舊制差異、利率比較與申請資格 - 遠雄房地產,/life-proposal/seo_youth-home-loan/,24,24,24,1,14.75
line-lap / ar1,20260625-13-1-2,遠房實價登錄,/,23,24,26,1.1304347826086956,0
google / cpc,RSH1-地區字新北,遠房實價登錄,/,23,24,33,1.434782608695652,0
(direct) / (none),(direct),遠雄綠禾-台南市永康區新成屋/新建案-預約賞屋，遠雄房地產,/buildings/dh3/,23,24,26,1.1304347826086956,39
fb / eh5,fb34-3,遠雄沐蘊-高雄市三民區預售屋/新建案-預約賞屋,/buildings/eh5/,23,24,24,1.0434782608695652,9.347826086956522
google_kw / bh10,brand-generic,遠房實價登錄,/,22,24,26,1.1818181818181819,4.045454545454546
web / wdh2,googlemap,天母蒔麗｜15~25坪．1-2房｜北投行義路，近石牌站,/buildings/wdh2/,20,24,28,1.4,21.9
(not set),(not set),若水秧翠｜東京視野・頂埔門牌｜1~3房．20~42坪,/buildings/rsh1/,19,24,13,0.6842105263157895,6.315789473684211
(direct) / (none),(direct),贈與稅節稅攻略！掌握244萬免稅額與現金贈與資產傳承優勢,/life-proposal/expert_zhu_asset-inheritance/,23,23,23,1,14.91304347826087
(direct) / (none),(direct),遠雄房地產「賞屋熊厝味」首檔活動得獎公告 - 遠雄房地產,/activity-report/遠雄房地產「賞屋熊厝味」首檔活動得獎公告/,23,23,24,1.0434782608695652,0.13043478260869565
web-udn / bh6,web-udnCheng,遠雄藝舍-台中西屯區麥當勞旁金店面-預約賞屋，遠雄房地產,/buildings/bh6/,23,23,23,1,5.695652173913044
(direct) / (none),(direct),永康新核心：大灣重劃區生活圈，萬坪綠意下的新富聚落 | 建案熱區巡禮 - 遠雄房地產,/life-proposal/area-tnn-dawan_function_20231129/,23,23,24,1.0434782608695652,13.08695652173913
(direct) / (none),(direct),2030 高齡商機：銀髮住宅需求激增，解析渡假式養生村建築新趨勢,/life-proposal/expert_peizhen_commercial_elderly-residence_20250509/,23,23,24,1.0434782608695652,9.391304347826088
(direct) / (none),(direct),南台灣產業轉型如何改變房市？影響面向與市場趨勢解析｜劉佩真觀點 - 遠雄房地產,/life-proposal/expert_peizhen_southern-taiwan/,23,23,23,1,0.6086956521739131
(direct) / (none),(direct),遠雄房地產 x 游庭皓 月光族到資產新貴  學會分散風險之路「買股買債買好房」 - 遠雄房地產,/activity-report/202411experts/,23,23,23,1,0.782608695652174
google / organic,(organic),人在國外想買房？簽約、貸款與登記注意事項，地政專家深度解析,/life-proposal/expert_zhu_buyhouse_abroad2_20240320/,23,23,32,1.391304347826087,60.69565217391305
(direct) / (none),(direct),賣房想省稅？別踩房地合一稅虛報裝修陷阱 | 專家觀點地政篇 - 遠雄房地產,/life-proposal/expert_zhu_false-renovation-traps/,23,23,23,1,3.6956521739130435
(direct) / (none),(direct),桃園青埔為何受矚目？航空城計畫、高鐵門戶與會展中心帶動產業進駐,/life-proposal/qingpu/,23,23,23,1,1.826086956521739
google / cpc,information7,大河商爵-台北市士林區廠辦/預售新建案-預約賞屋，遠創力行銷,/buildings/dgm1/,22,23,26,1.1818181818181819,4.2727272727272725
google / cpc,banqiao.townhouse,遠雄合雅｜板橋之心・合院之上｜2~4房．24~66坪,/buildings/fh2/,22,23,24,1.0909090909090908,31.727272727272727
google / cpc,brand,遠雄房地產：最懂生活的購屋專家｜卓越建築品質，圓滿您的家,/,20,23,28,1.4,28.25
dm / dh2,202403,遠房實價登錄,/,19,23,25,1.3157894736842106,0
google / organic,(organic),遠雄琢蘊,/H902/main,19,23,21,1.105263157894737,21.94736842105263
line-lap / ar1,20260625-13-2,齊興_緻：北士科住宅預售屋，入主北投核心地段，立即預約賞屋,/buildings/ar1/,19,23,24,1.263157894736842,11.947368421052632
dm / dh2,202403,台南永康遠雄山禾：鹽行特區3-4房，鄰商圈與交通樞紐的理想宅,/buildings/dh2/,19,23,25,1.3157894736842106,1.105263157894737
fb / eh1,fb3-4,高雄建案推薦【遠雄峰蘊】- 三民區預售屋．近科工館,/buildings/eh1/,18,23,24,1.3333333333333333,37.333333333333336
(not set),20260828一輪播,遠雄房地產：最懂生活的購屋專家｜卓越建築品質，圓滿您的家,/,11,23,27,2.4545454545454546,20
google / cpc,20251204,遠雄14期首發【遠雄丰尚】北屯新案．漢神洲際購物廣場350m,/buildings/bh11/,4,23,26,6.5,0
fb / dh2,fb-67,台南永康遠雄山禾：鹽行特區3-4房，鄰商圈與交通樞紐的理想宅,/buildings/dh2/,22,22,23,1.0454545454545454,34.95454545454545
(direct) / (none),(direct),景觀宅 彙整 - 遠雄房地產,/building-tag/景觀宅/,22,22,22,1,4.045454545454546
fb / fh2,fb8-1,遠房實價登錄,/,22,22,24,1.0909090909090908,0
webnews / h902,20230615,遠雄琢蘊-高雄市三民區預售屋/新建案-預約賞屋，遠雄房地產,/buildings/h902/,22,22,22,1,3
liff.line.me / referral,(referral),遠雄房地產官方LINE,/ebook,22,22,37,1.6818181818181819,11.090909090909092
(direct) / (none),(direct),2022年十大建商出爐，品牌建商更重保固與售後服務 - 遠雄房地產,/life-proposal/2022branding_20230119/,22,22,22,1,0.9090909090909091
(direct) / (none),(direct),北士科綠意生活圈：30 分鐘直達陽明山、天母步道，體驗河畔悠閒時光,/life-proposal/area-tpe-beitou_bstp_park_20240617/,22,22,22,1,4.909090909090909
(direct) / (none),(direct),台中水湳經貿園區：智慧低碳創新五大專區，2025重大建設完工展望,/life-proposal/area-txg-shuinan_20231027/,22,22,22,1,2.4545454545454546
(direct) / (none),(direct),台中北屯機廠重劃區生活圈 | 建案熱區巡禮 - 遠雄房地產,/life-proposal/area_txg_beitun_depot_function_20240513/,22,22,22,1,1.5
(direct) / (none),(direct),台中機廠特區學區解析：南興國中小 115 學年招生，明星私校在側,/life-proposal/area_txg_beitun_depot_school_20240522/,22,22,22,1,1.6363636363636365
(direct) / (none),(direct),2025中國經濟展望：房市復甦、通縮壓力與地緣風險解析,/life-proposal/expert_macromicro_china-economic_20250120/,22,22,22,1,4.181818181818182
(direct) / (none),(direct),[影音] 從總體經營環境來看2025下半年住宅與商用市場最新動態｜劉佩真觀點 - 遠雄房地產,/life-proposal/expert_peizhen_oee_2025h2/,22,22,22,1,1
(direct) / (none),(direct),2023房市景氣解析：利率調升與政策調控下，各類產品表現與趨勢展望,/life-proposal/expert_peizhen_q1view_20230519/,22,22,22,1,0.7272727272727273
(direct) / (none),(direct),[影音] 房產傳承案例解析：買賣與贈與的差別、實務操作與法律風險 - 遠雄房地產,/life-proposal/expert_zhu_video_buy-vs-gift/,22,22,22,1,2.6363636363636362
(direct) / (none),(direct),遠雄建設榮獲 TCSA 銀獎！落實 ESG 永續報告，推動低碳建築新典範,/life-proposal/farglory_land_20221223/,22,22,22,1,1.5
(direct) / (none),(direct),交屋看仔細：常見糾紛與買方注意事項 - 遠雄房地產,/life-proposal/kw_delivery_20230607/,22,22,23,1.0454545454545454,50.5
(direct) / (none),(direct),遠雄聯手蘇喻哲打造高雄科工館「健康宅」遠雄琢蘊，遠雄左岸串連1300公頃河邊綠地,/life-proposal/natural-design/,22,22,22,1,4.363636363636363
fb / bh13,4,遠房實價登錄,/,21,22,27,1.2857142857142858,0
fb / paid,120241173002890402,北士科建案【遠雄明玥】2000坪全街廓只蓋一棟．25-46坪,/buildings/ah1/,21,22,31,1.4761904761904763,15.476190476190476
google / organic,(organic),關於我們｜從建築到永續服務，全方位成就圓夢生活,/about/,19,22,32,1.6842105263157894,16
google / organic,(organic),高樓層VS低樓層：哪個才是首購族的最佳選擇？–「首購族看房買屋攻略」 - 遠雄房地產,/life-proposal/high_floor/,19,22,21,1.105263157894737,63.05263157894737
fb / eh1,fb3-4,遠房實價登錄,/,18,22,24,1.3333333333333333,0
google / organic,(organic),遠雄藝舍-台中西屯區麥當勞旁金店面-預約賞屋，遠雄房地產,/buildings/bh6/,17,22,26,1.5294117647058822,48.8235294117647
104.com.tw / referral,(referral),遠雄房地產：最懂生活的購屋專家｜卓越建築品質，圓滿您的家,/,16,22,25,1.5625,15.75
(direct) / (none),(direct),[影音] 科學園區帶動房市新熱潮：竹科、中科、南科的投資分析｜劉佩真觀點 - 遠雄房地產,/life-proposal/expert_peizhen_science-park-housing/,21,21,21,1,1.5238095238095237
(not set),20260813一輪播,預售屋付款方式有哪些？要準備多少錢？掌握付款5階段與注意事項,/life-proposal/pre-sale-house-payment-methods/,5,21,16,3.2,67.4
(direct) / (none),(direct),遠雄房地產LINE官方帳號活動 - 升級超級好友週週抽活動,/activity-report/遠雄房地產官方line-5月份週週抽活動/,21,21,21,1,0.7619047619047619
web-ettoday / h902,20220114,遠雄琢蘊-高雄市三民區預售屋/新建案-預約賞屋，遠雄房地產,/buildings/h902/,21,21,21,1,2.9523809523809526
web-udn / rsh1,web-udn0724,若水秧翠｜東京視野・頂埔門牌｜1~3房．20~42坪,/buildings/rsh1/,21,21,21,1,77.38095238095238
(direct) / (none),(direct),熱銷建案一覽：遠雄全台預售屋、新建案與新成屋，尋獲理想家園,/case/search/page/4/,21,21,21,1,2
google / cpc,gdn-4,熱銷建案一覽：遠雄全台預售屋、新建案與新成屋，尋獲理想家園,/case/search/sales_status/coming-soon/,21,21,23,1.0952380952380953,14.666666666666666
(direct) / (none),(direct),中和翻轉！萬大線與舊廠翻新紅利 | 建案熱區巡禮 - 遠雄房地產,/life-proposal/area-l-newtaipei-zhonghe_20220923/,21,21,21,1,13.19047619047619
(direct) / (none),(direct),湳經貿園區低密度住宅優勢：緊鄰逢甲商圈、中央公園，擁抱高質感生活,/life-proposal/area-txg-shuinan_park_20240419/,21,21,21,1,3.761904761904762
(direct) / (none),(direct),惡鄰居噪音菸味如何處理？除法律求償外，換屋也是維護安寧權的資產配置,/life-proposal/expert_law_y-rlee_living-rights/,21,21,22,1.0476190476190477,26.142857142857142
(direct) / (none),(direct),2024大選後台灣房市挑戰：李同榮解析八大關鍵因素與循環轉折,/life-proposal/expert_li_election_20231019/,21,21,21,1,1.1428571428571428
(direct) / (none),(direct),2026年房地產市場將面臨八大考驗｜李同榮觀點 - 遠雄房地產,/life-proposal/expert_li_housing-challenges-2026/,21,21,21,1,4.666666666666667
(direct) / (none),(direct),護國神山牽動房市！解析半導體擴大投資、海外設廠對台灣房價影響,/life-proposal/expert_peizhen_20230201/,21,21,21,1,2.5238095238095237
(direct) / (none),(direct),【遠雄北府苑】｜台南首座全齡通用認證宅，爭藏絕版，市心重劃，稀有2-4房,/,21,21,21,1,0.8571428571428571
(direct) / (none),(direct),自用住宅免稅400萬怎麼申請？「持有、設籍、實住」3點不能忽略 | 專家觀點地政篇 - 遠雄房地產,/life-proposal/expert_zhu_ownership-criteria/,21,21,28,1.3333333333333333,83.47619047619048
(direct) / (none),(direct),高雄鐵路地下化縫合商圈！15 公里綠色園道串聯捷運，2025 全面完工,/life-proposal/kaohsiung-station-mecanoo20220610/,21,21,21,1,2
fgr-line / fgr,expert_zhu_tax-notice,交屋到入住前不可不知！掌握驗屋、裝修與入厝流程，安心入住新家,/life-proposal/land_handover/,21,21,24,1.1428571428571428,79.38095238095238
(direct) / (none),(direct),房貸好多種，一次搞懂房貸方案該選哪一種！ - 遠雄房地產,/life-proposal/load_type20220624/,21,21,21,1,1.4285714285714286
(direct) / (none),(direct),2025 超高齡社會來臨！養生村、老人公寓與青銀共居退休宅全攻略,/life-proposal/retiredlife_20230220/,21,21,21,1,2.1904761904761907
(direct) / (none),(direct),購屋知識：買屋流程、稅法與貸款全攻略，遠雄房地產專業置產指引,/life_proposal/buying_knowledge/,21,21,23,1.0952380952380953,2.4761904761904763
(direct) / (none),(direct),台灣建商為何規模較小？解析台美房產專業分工機制與自由市場模式,/life-proposal/expert_macromicro_20230522/,20,21,21,1.05,2.8
google / organic,(organic),買房必看！公設比怎麼算？大公小公定義與公設飆高的3大原因,/life-proposal/ratio_of_public_area/,19,21,20,1.0526315789473684,107.15789473684211
web-sms / (not set),(not set),遠雄14期首發【遠雄丰尚】北屯新案．漢神洲際購物廣場350m,/buildings/bh11/,18,21,21,1.1666666666666667,21.333333333333332
fb / bh13,12,台中七期．在夏綠地，典藏最優雅的【夏綠蒂】25-38坪,/buildings/bh13/,18,21,25,1.3888888888888888,27.88888888888889
mkto-sn070013.com / referral,(referral),如何防範裝潢詐騙？室內裝修合約必備條款與律師防詐指南,/life-proposal/expert_law_y-rlee_renovation-fraud/,17,21,20,1.1764705882352942,12.470588235294118
line-lap / 5vo1,5-2,【聯上智科】輝達軸線核心｜北士科福國路首排，純商辦地標，符合ESG指標｜預約尊榮鑑賞 遠雄房地產 聯上智科,/buildings/5vo1/,14,21,24,1.7142857142857142,2.857142857142857
line-lap / h707,3,遠雄星呈-台中市清水區預售屋/新建案-預約賞屋，遠雄房地產,/buildings/h707/,13,21,21,1.6153846153846154,70.46153846153847
gdn / hm2,202511,遠雄MetaLink科技園區 | 3700坪超旗艦 森態企業總部,/buildings/hm2/,7,21,24,3.4285714285714284,12.285714285714286
(direct) / (none),(direct),遠雄【好室智造所】全台巡迴從台中港熱鬧啟航，永續藍圖逐步落實 - 遠雄房地產,/activity-report/hauslab_2025/,21,21,21,1,3.1904761904761907
(direct) / (none),(direct),【住戶專享】簡易DIY輕鬆好好玩，免工具免黏貼，安全環保，一同體驗手作樂趣！ - 遠雄房地產,/activity-report/【住戶專享】簡易diy輕鬆好好玩，免工具免黏貼，/,20,20,20,1,1.05
google / cpc,gdn-4,遠雄夏綠蒂 | 數位意向書-遠雄房地產 Farglory-Realty,/form/result/complete,4,20,19,4.75,14
web-udn / ao1,20240823,遠雄房地產：最懂生活的購屋專家｜卓越建築品質，圓滿您的家,/,20,20,20,1,0
news / 1204,O1,遠雄房地產：最懂生活的購屋專家｜卓越建築品質，圓滿您的家,/,20,20,20,1,0
web-udn / ao1,news-4,遠雄房地產：最懂生活的購屋專家｜卓越建築品質，圓滿您的家,/,20,20,21,1.05,0.5
web-ettoday / o1,web-ettoday0513,遠雄房地產：最懂生活的購屋專家｜卓越建築品質，圓滿您的家,/,20,20,20,1,0.85
fb / dh2,fb-67,遠房實價登錄,/,20,20,21,1.05,4.1
(direct) / (none),(direct),遠雄青晉 福虎生風 來晉寶 - 遠雄房地產,/activity-report/遠雄青晉-福虎生風-來晉寶/,20,20,20,1,1.5
fb / 5vo1,7-9,【聯上智科】輝達軸線核心｜北士科福國路首排，純商辦地標，符合ESG指標｜預約尊榮鑑賞 遠雄房地產 聯上智科,/buildings/5vo1/,20,20,21,1.05,10.3
google / cpc,brand,台南永康遠雄山禾：鹽行特區3-4房，鄰商圈與交通樞紐的理想宅,/buildings/dh2/,20,20,24,1.2,47.9
fb / hm2,0404,遠雄MetaLink科技園區 | 3700坪超旗艦 森態企業總部,/buildings/hm2/,20,20,20,1,3.75
(direct) / (none),(direct),熱銷建案一覽：遠雄全台預售屋、新建案與新成屋，尋獲理想家園,/case/search/page/3/,20,20,20,1,1.8
google / organic,(organic),跟著輝達看台北新國門：北士科軟橋段，一場AI產業與平原綠意的宜居提案,/life-proposal/ar1-bstk-ai/,20,20,21,1.05,31.05
(direct) / (none),(direct),建案熱區巡禮：台南永康大灣重劃區 - 學區篇 - 遠雄房地產,/life-proposal/area-hotspot-tnn-dawan_school_20240303/,20,20,20,1,1.6
(direct) / (none),(direct),北士科的園區規畫與在地生活圈！科技廊道最後一塊拼圖將完整 | 建案熱區巡禮 - 遠雄房地產,/life-proposal/area-s-taipei-shilinbstp20220520/,20,20,20,1,1.35
(direct) / (none),(direct),北士科產業版圖演進：從媒體文化到知識經濟，資通訊與生技產業新重心,/life-proposal/area-tpe-beitou_bstp_function_202406012/,20,20,20,1,0.55
(direct) / (none),(direct),台南預售屋全攻略：最新行情、熱門區域房價與建案挑選祕訣,/life-proposal/area_presold-house-in-tainan/,20,20,20,1,7.1
(direct) / (none),(direct),漢神、巨蛋雙引擎，北台中新核心北屯14期 | 建案熱區巡禮 - 遠雄房地產,/life-proposal/area_txg_beitun_14th_function_20250829/,20,20,20,1,0.65
(direct) / (none),(direct),掌握贈與控制權：享受安心退休生活，專業解析資產傳承與法律保障,/life-proposal/donated_property20220624/,20,20,20,1,0.7
(direct) / (none),(direct),從半導體崛起看大南方房市發展：南科超越竹科，S廊帶牽動地產布局,/life-proposal/expert_peizhen_south_trend_20231207/,20,20,20,1,0.4
(direct) / (none),(direct),預售屋簽約必看！解析專有與約定專用，避開產權陷阱 | 專家觀點地政篇 - 遠雄房地產,/life-proposal/expert_zhu_pre-sale-house-property-rights/,20,20,20,1,0.5
(direct) / (none),(direct),只有不動產怎麼繳遺產稅？實物抵繳是否划算？｜專家觀點地政篇 - 遠雄房地產,/life-proposal/expert_zhu_property_offset-2_20241220/,20,20,23,1.15,46.65
(direct) / (none),(direct),南台灣最美藝術中心！內惟藝術中心坐落高美館園區，解析大美術館計畫,/life-proposal/kaohsiung-artplan-20220610/,20,20,20,1,3.45
(direct) / (none),(direct),台中綠美圖：全台首座美圖共構世界級地標，普立茲克建築大師作品,/life-proposal/library-taichung20220603/,20,20,20,1,0.5
(direct) / (none),(direct),附屬建物陽台、露臺、雨遮規定｜購屋前必知建築法規與容積計算 - 遠雄房地產,/life-proposal/regulations_20230317/,20,20,20,1,33.15
google / cpc,brand,王薇筑業務個人介紹 - 遠雄蘊合,/sales/dh6/G1237/,20,20,20,1,11.7
picsee-domain / referral,www.fgrealty.tw,遠雄房地產：最懂生活的購屋專家｜卓越建築品質，圓滿您的家,/,19,20,26,1.368421052631579,25.842105263157894
google / cpc,information4,遠雄一靚：楠梓高大特區首發新案，2432坪大基地，早鳥預約諮詢中,/buildings/eh2/,19,20,25,1.3157894736842106,16.157894736842106
fb / rsh1,fb8-3,若水秧翠｜東京視野・頂埔門牌｜1~3房．20~42坪,/buildings/rsh1/,19,20,20,1.0526315789473684,23.736842105263158
(direct) / (none),(direct),遠房好友電子報：訂閱房市情報與會員好禮，掌握第一手購屋資訊,/farglory-realty_edm/,19,20,21,1.105263157894737,4.894736842105263
google / organic,(organic),南科門戶首選：台南永康區鹽行國中重劃區生活圈 | 建案熱區巡禮 - 遠雄房地產,/life-proposal/area_tnnyongkang_redevelop_yanxing_20230901/,19,20,24,1.263157894736842,88.3157894736842
google / organic,(organic),民法 18 歲成年新制上路！解析所得稅、房地合一與遺贈稅權益變化,/life-proposal/civil-law_20221125/,19,20,21,1.105263157894737,67.73684210526316
google_kw / fm3,area_tucheng_banqiao,遠房實價登錄,/,18,20,21,1.1666666666666667,1.0555555555555556
fb / paid,120210744263750402,北士科遠雄泱玥：水岸首排57-75坪大器空間，坐擁絕美壯闊景觀,/buildings/ah2/,18,20,21,1.1666666666666667,44.94444444444444
fb / eh5,fbfanpage,遠雄沐蘊-高雄市三民區預售屋/新建案-預約賞屋,/buildings/eh5/,17,20,19,1.1176470588235294,10.588235294117647
google / organic,(organic),高雄科技核心起飛！楠梓R21都會公園站「遠雄蘴靚」3795坪指標案登場,/life-proposal/eh6-news/,17,20,19,1.1176470588235294,38.11764705882353
tw.search.yahoo.com / referral,(referral),天母蒔麗｜15~25坪．1-2房｜北投行義路，近石牌站,/buildings/wdh2/,16,20,20,1.25,91.3125
google / organic,(organic),遠雄智慧二代宅‧成就所有可能-遠雄房地產,/farglory-realty-about/second-generation/,16,20,20,1.25,26.4375
google / organic,(organic),台南永康產業交通齊發光，宜居現在進行式 | 建案熱區巡禮 - 遠雄房地產,/life-proposal/yongkang/,9,20,20,2.2222222222222223,73
fb / bh10,fbfanpage0703,遠房實價登錄,/,20,20,22,1.1,0.1
fb / rsh1,fb5-5,遠房實價登錄,/,17,19,25,1.4705882352941178,0
google / cpc,20250901,遠雄一靚：楠梓高大特區首發新案，2432坪大基地，早鳥預約諮詢中,/buildings/eh2/,4,19,20,5,0.5
google / cpc,brand,台中七期．在夏綠地，典藏最優雅的【夏綠蒂】25-38坪,/buildings/bh13/,19,19,21,1.105263157894737,19.526315789473685
(data not available),(cross-network),【遠雄樂元】北屯機捷X好市多，雙首排大道最核心，夠近才最好,/buildings/bh7/,19,19,43,2.263157894736842,75.21052631578948
ig / paid,120229456515280138,【遠雄樂元】北屯機捷X好市多，雙首排大道最核心，夠近才最好,/buildings/bh7/,19,19,20,1.0526315789473684,33.473684210526315
ig / paid,120233718740630316,【遠雄樂元】北屯機捷X好市多，雙首排大道最核心，夠近才最好,/buildings/bh7/,19,19,20,1.0526315789473684,38.78947368421053
fb / bh8,leads,台中遠雄洄山行：2-4房方正格局，入主西屯生活圈的質感好宅,/buildings/bh8/,19,19,21,1.105263157894737,50.526315789473685
(direct) / (none),(direct),熱銷建案一覽：遠雄全台預售屋、新建案與新成屋，尋獲理想家園,/case/search/page/5/,19,19,19,1,3.3684210526315788
(direct) / (none),(direct),加入我們｜完善福利制度，打造幸福職場、職涯夢想，成就精彩人生,/contact_service/welfare_system/,19,19,19,1,1.0526315789473684
fg / (not set),mgm-gold,超級好友VIP💎推薦購屋大賞 推薦購屋送黃金! - 遠雄房地產,/landing-page/mgm-gold/,19,19,19,1,0.15789473684210525
(direct) / (none),(direct),買房必看！如何挑選好建商？3招教你查建商評價、口碑與保固陷阱,/life-proposal/13856/,19,19,19,1,0.631578947368421
(direct) / (none),(direct),2021十大建商出爐！購屋前必知的建商評價 - 遠雄房地產,/life-proposal/2021-10/,19,19,19,1,2.8947368421052633
google / organic,(organic),高雄三民區中都重劃區生活圈，離塵不離城 | 建案熱區巡禮 - 遠雄房地產,/life-proposal/area-khh-central_202306719/,19,19,20,1.0526315789473684,101.89473684210526
google / organic,(organic),台中西屯區巡禮：美食、藝文與交通樣樣好，水湳與七期雙核心發展,/life-proposal/area-l-taichung-xitun20220520/,19,19,21,1.105263157894737,48.63157894736842
(direct) / (none),(direct),台南中西區 – 文化交融與現代發展並進 | 建案熱區巡禮 - 遠雄房地產,/life-proposal/area-l-tainan-west-central_20250402/,19,19,19,1,3.3157894736842106
(direct) / (none),(direct),板橋府中與湳雅巡禮：古城新生帶動華麗轉型，解析雙城生活圈優勢,/life-proposal/area-s-tph_banqiao_nanya_20240820/,19,19,20,1.0526315789473684,2.526315789473684
(direct) / (none),(direct),空屋率高房價就會跌？揭開台灣房市「愈空愈貴」的結構真相,/life-proposal/expert_hoshichang_vacancy-rate/,19,19,20,1.0526315789473684,72.63157894736842
(direct) / (none),(direct),2024 房市開紅盤？解析新青安、經濟好轉與製造業景氣對房產的推升力,/life-proposal/expert_peizhen_2024q1review_20240418/,19,19,19,1,1.368421052631579
(direct) / (none),(direct),法定空地可以約定專用嗎？解析產權共有原則、規約規範與權益保障,/life-proposal/expert_zhu_property_openspace_20240705/,19,19,19,1,12.421052631578947
(direct) / (none),(direct),[影音] 地面師詐騙實例解析 - 三招防止房產被冒名過戶｜專家觀點地政篇 - 遠雄房地產,/life-proposal/expert_zhu_taiwan-land-scam/,19,19,19,1,0.15789473684210525
(direct) / (none),(direct),新莊副都心生活圈：一步抵達頂級人生，重劃區交通與生活全解析,/life-proposal/xinzhuang/,19,19,19,1,0.3157894736842105
fb / paid,120210744263750402,遠房實價登錄,/,18,19,21,1.1666666666666667,1.7777777777777777
webnews / ao1,20250527,遠雄房地產：最懂生活的購屋專家｜卓越建築品質，圓滿您的家,/,19,19,19,1,0.05263157894736842
google_kw / bh10,information6,北屯敦富路【遠雄敦富】- 北屯機捷預售屋．近好市多,/buildings/bh10/,17,19,20,1.1764705882352942,18.352941176470587
google_kw / bh8,brand,台中遠雄洄山行：2-4房方正格局，入主西屯生活圈的質感好宅,/buildings/bh8/,17,19,21,1.2352941176470589,18.58823529411765
fb / bh8,fb30-3,台中遠雄洄山行：2-4房方正格局，入主西屯生活圈的質感好宅,/buildings/bh8/,17,19,19,1.1176470588235294,87.11764705882354
google / organic,(organic),桃園龜山重大建設帶動發展利多 | 建案熱區巡禮 - 遠雄房地產,/life-proposal/area-l-taoyuan-guishan/,17,19,22,1.2941176470588236,92.6470588235294
bing / organic,(organic),2025房市回顧與2026盤整展望：政策與市場趨勢解析｜劉佩真觀點 - 遠雄房地產,/life-proposal/expert_peizhen_real-estate-2026/,17,19,19,1.1176470588235294,121.82352941176471
google / organic,(organic),台中 14 期重劃區完整解析：各區段特色、公園綠地與大水湳生活圈總覽,/life-proposal/area_txg_beitun_14th_park_20240909/,16,19,17,1.0625,72.375
google / organic,(organic),房地合一稅制大變革：從舊制超額利潤到實價課稅，解析房市課稅新篇章,/life-proposal/expert_zhu_private-corporation_adjust_20231227/,16,19,19,1.1875,74.9375
web-sms / (not set),(not set),台中遠雄洄山行：2-4房方正格局，入主西屯生活圈的質感好宅,/buildings/bh8/,15,19,19,1.2666666666666666,38.86666666666667
web-sms / eh1,fb_ad,高雄建案推薦【遠雄峰蘊】- 三民區預售屋．近科工館,/buildings/eh1/,15,19,20,1.3333333333333333,28.266666666666666
google / organic,(organic),[影音] 信託與產權設計術：資產管理、遺囑信託與節稅技巧｜專家觀點地政篇 - 遠雄房地產,/life-proposal/expert_zhu_video_trust/,5,19,20,4,46
(direct) / (none),(direct),遠雄人壽30週年全新形象廣告，攜手金曲歌后蔡健雅，點燃彼此心中善念，一步步美好世界的全部 - 遠雄房地產,/activity-report/insurance_20230106/,19,19,19,1,0.2631578947368421
(direct) / (none),(direct),熱銷建案一覽：遠雄全台預售屋、新建案與新成屋，尋獲理想家園,/case/search/building-category-tag/134/,18,18,20,1.1111111111111112,9.11111111111111
line / bh11,26_6-3,遠雄14期首發【遠雄丰尚】北屯新案．漢神洲際購物廣場350m,/buildings/bh11/,2,18,18,9,0
ig / social,ig,遠房實價登錄,/,18,18,28,1.5555555555555556,0
fb / O1,(referral),遠雄房地產：最懂生活的購屋專家｜卓越建築品質，圓滿您的家,/,18,18,23,1.2777777777777777,2.6666666666666665
(direct) / (none),(direct),遠雄房地產精選預售屋(台北、新北、台中、桃園、台南、高雄) - 遠雄房地產,/building-category-tag/featured_pre_sale/page/2/,18,18,20,1.1111111111111112,3.9444444444444446
web-news / bh6,web-news0703,遠雄藝舍-台中西屯區麥當勞旁金店面-預約賞屋，遠雄房地產,/buildings/bh6/,18,18,18,1,4.833333333333333
web-udn / bh6,web-udn0710,遠雄藝舍-台中西屯區麥當勞旁金店面-預約賞屋，遠雄房地產,/buildings/bh6/,18,18,18,1,5.888888888888889
fb / dh2,fb-68,台南永康遠雄山禾：鹽行特區3-4房，鄰商圈與交通樞紐的理想宅,/buildings/dh2/,18,18,18,1,28.77777777777778
fg / button,hm2,遠雄MetaLink科技園區 | 3700坪超旗艦 森態企業總部,/buildings/hm2/,18,18,18,1,1.9444444444444444
fb / h713,126,遠房實價登錄,/,18,18,18,1,0
(direct) / (none),(direct),熱銷建案一覽：遠雄全台預售屋、新建案與新成屋，尋獲理想家園,/case/search/city/桃園市/,18,18,18,1,1.1666666666666667
google / organic,(organic),熱銷建案一覽：遠雄全台預售屋、新建案與新成屋，尋獲理想家園,/case/search/sales_status/coming-soon/,18,18,21,1.1666666666666667,15.666666666666666
(direct) / (none),(direct),十二月主題報 - 遠雄房地產,/dec2024/,18,18,18,1,0.6666666666666666
(direct) / (none),(direct),房市反轉 彙整 - 遠雄房地產,/life-proposal-tag/2、市場/1市場相關專有詞/房市反轉/,18,18,18,1,0
(direct) / (none),(direct),空置率 彙整 - 遠雄房地產,/life-proposal-tag/office/空置率/,18,18,18,1,0
(direct) / (none),(direct),高雄楠梓區 - 從工業重鎮到經濟新引擎的崛起 | 建案熱區巡禮 - 遠雄房地產,/life-proposal/area-l-kaohsiung-nanzi_20250121/,18,18,18,1,1.2222222222222223
(direct) / (none),(direct),高雄亞洲新灣區千億建設到位！圖總、流音中心型塑豪宅聚落新指標,/life-proposal/area-s-kaohsiung-newbay_20220824/,18,18,18,1,4.777777777777778
(direct) / (none),(direct),台中港重劃區公園地圖：鄰近梧棲漁港與大型綠地，海線休憩全攻略,/life-proposal/area-txg-port_park_20240111/,18,18,18,1,3.8333333333333335
(direct) / (none),(direct),建案熱區巡禮：台中水湳經貿園區交通篇，解析轉運中心與捷運路網,/life-proposal/area-txg-shuinan_traffic_20240508/,18,18,18,1,2.4444444444444446
(direct) / (none),(direct),台中發展最快重劃區！機捷特區機能全到位，商圈捷運紅利解析,/life-proposal/area_s_txg_beitun_depot_20240410/,18,18,18,1,0.4444444444444444
(direct) / (none),(direct),不動產防詐全攻略：地籍異動即時通與預防指南,/life-proposal/expert_law_y-rlee_property-fraud/,18,18,18,1,2
(direct) / (none),(direct),賴政府上任房市動向預測！解析選後四大難題，洞察政策與走勢波動,/life-proposal/expert_li_afterelection_20240118/,18,18,18,1,0.7777777777777778
(direct) / (none),(direct),25Q2 美股財報-深度拆解半導體龍頭與 AI 趨勢｜財經M平方觀點 - 遠雄房地產,/life-proposal/expert_macromicro_25q2-financial-statements/,18,18,18,1,6
google / organic,(organic),謄本名字不是所有權人？解析借名登記法律判決與實務產權認定風險,/life-proposal/expert_zhu_buyhouse_joint_20240117/,18,18,18,1,92.55555555555556
(direct) / (none),(direct),買房前必查：銀行不會主動告訴你的「抵押權與順位」 | 專家觀點地政篇 - 遠雄房地產,/life-proposal/expert_zhu_mortgage-lien-priority/,18,18,19,1.0555555555555556,47.888888888888886
(direct) / (none),(direct),[影音] 實價登錄全面攻略- 不動產交易查詢藏在細節裡｜專家觀點地政篇 - 遠雄房地產,/life-proposal/expert_zhu_property_law2_vedio_20241031/,18,18,18,1,0.6111111111111112
google / organic,(organic),到底停車位、露臺、屋頂屬於誰？專家解析產權登記與約定專用規範,/life-proposal/expert_zhu_public-area_20230718/,18,18,18,1,113
(direct) / (none),(direct),買房必看！公設比怎麼算？大公小公定義與公設飆高的3大原因,/life-proposal/ratio_of_public_area/,18,18,18,1,13.222222222222221
(direct) / (none),(direct),買房不只付總價！首購族必知契稅、印花稅與持有稅比例分攤試算,/life-proposal/taxes/,18,18,18,1,7.055555555555555
(direct) / (none),(direct),永續幸福家園：全齡通用宅設計規範與趨勢，打造0-100歲友善空間,/life-proposal/universal-design20220708/,18,18,18,1,1.8888888888888888
(direct) / (none),(direct),口碑推薦 彙整 - 遠雄房地產,/wom-recommendation/,18,18,18,1,1.0555555555555556
fb / bh8,fb30-3,遠房實價登錄,/,17,18,17,1,0
fb / wdh2,fb7-2,天母蒔麗｜15~25坪．1-2房｜北投行義路，近石牌站,/buildings/wdh2/,17,18,18,1.0588235294117647,18.88235294117647
fgr-line / fgr,expert_hoshichang_vacancy-rate,遠雄房地產,/ebook,17,18,28,1.6470588235294117,0
google_kw / hm2,202607,遠房實價登錄,/,16,18,29,1.8125,0
google_kw / bh10,information6,遠房實價登錄,/,16,18,21,1.3125,3.8125
mkto-sn070013.com / referral,(referral),AI 時代股房雙循環：李同榮解析股市與房市的財富接力邏輯,/life-proposal/expert_li_stock-housing-cycle/,16,18,19,1.1875,85.1875
google_kw / h713,(not set),遠房實價登錄,/,15,18,23,1.5333333333333334,0
(not set),20260828一輪播,遠房實價登錄,/,15,18,32,2.1333333333333333,6.866666666666666
google / organic,(organic),全齡住宅趨勢：0到100歲都適用！通用設計重點與健康居住價值,/life-proposal/allagehouse/,15,18,18,1.2,39.4
google / organic,(organic),換屋族必看：換屋是要先買後賣還是先賣後買？ - 遠雄房地產,/life-proposal/change_house/,15,18,16,1.0666666666666667,52.86666666666667
google / organic,(organic),如何預防不動產詐騙？掌握地政便民服務，防止房屋被惡意移轉,/life-proposal/expert_zhu_property_scam_20240604/,15,18,18,1.2,58.2
google / organic,(organic),高雄車站翻新牽動城市脈動！南北動線縫合，站區商辦大樓再造新生活圈,/life-proposal/area-khh-station_20230914/,14,18,18,1.2857142857142858,100.92857142857143
(direct) / (none),(direct),存房盛世,/campaign/index.html,13,18,3,0.23076923076923078,34
(not set),20260813一輪播,戶籍遷入辦理教學｜買房後戶籍異動流程與準備文件全攻略 - 遠雄房地產,/life-proposal/land_household_registration/,13,18,4,0.3076923076923077,9.692307692307692
web-sms / bh11,ai_202607,遠雄14期首發【遠雄丰尚】北屯新案．近漢神洲際百貨,/buildings/bh11/,12,18,19,1.5833333333333333,18.833333333333332
(not set),生活提案,附屬建物陽台、露臺、雨遮規定｜購屋前必知建築法規與容積計算 - 遠雄房地產,/life-proposal/regulations_20230317/,12,18,5,0.4166666666666667,20.916666666666668
bing / organic,(organic),【遠雄樂元】北屯機捷X好市多，雙首排大道最核心，夠近才最好,/buildings/bh7/,10,18,16,1.6,71.3
(direct) / (none),(direct),齊興緻-吳若榆-遠雄房地產 Farglory-Realty,/AR1/b4125,6,18,17,2.8333333333333335,3.6666666666666665
google_gdn / 5vo1,5-2,【聯上智科】輝達軸線核心｜北士科福國路首排，純商辦地標，符合ESG指標｜預約尊榮鑑賞 遠雄房地產 聯上智科,/buildings/5vo1/,5,18,18,3.6,0.2
fb / bh8,fb28-2,遠房實價登錄,/,18,18,23,1.2777777777777777,0.7222222222222222
fb / dh2,fb-53,台南永康遠雄山禾：鹽行特區3-4房，鄰商圈與交通樞紐的理想宅,/buildings/dh2/,17,17,17,1,13.470588235294118
(not set),20260805一輪播,熱銷建案一覽：遠雄全台預售屋、新建案與新成屋，尋獲理想家園,/case/search/page/2/,8,17,14,1.75,4.75
(direct) / (none),(direct),新春大吉！遠雄幸福成熱鬧走春趣 抽紅包享美食測運勢，多重好禮獎不完 - 遠雄房地產,/activity-report/h713_2023cny/,17,17,17,1,0.4117647058823529
(direct) / (none),(direct),遠雄房地產LINE官方帳號活動 - 升級超級好友週週抽活動,/activity-report/遠雄房地產官方line-8月週週抽/,17,17,17,1,0.17647058823529413
fb / 5vo1,7-10,【聯上智科】輝達軸線核心｜北士科福國路首排，純商辦地標，符合ESG指標｜預約尊榮鑑賞 遠雄房地產 聯上智科,/buildings/5vo1/,17,17,17,1,17.41176470588235
fb / bh8,fb28-2,台中遠雄洄山行：2-4房方正格局，入主西屯生活圈的質感好宅,/buildings/bh8/,17,17,17,1,59.35294117647059
fb / rsh1,fbvideo7-8,遠房實價登錄,/,17,17,18,1.0588235294117647,0
google_kw / dh2,(organic),【遠雄蘊合】千坪旗艦，親水生活｜收納中西區最美流動26-43坪．新案早鳥預約,/buildings/dh6/,17,17,19,1.1176470588235294,25.235294117647058
fb / fh2,fbfanpage,遠雄合雅｜板橋之心・合院之上｜2~4房．24~66坪,/buildings/fh2/,17,17,17,1,21.294117647058822
google / cpc,(not set),遠雄幸福成｜全新落成 - 台中市梧棲區新成屋-預約賞屋，遠雄房地產,/buildings/h713/,17,17,17,1,8.529411764705882
web-ettoday / h902,20211119,遠雄琢蘊-高雄市三民區預售屋/新建案-預約賞屋，遠雄房地產,/buildings/h902/,17,17,17,1,2.6470588235294117
(direct) / (none),(direct),加入遠雄築夢齊飛！成就房地產專業職涯，共創卓越未來,/contact_service/join_farglory/,17,17,17,1,0.9411764705882353
(direct) / (none),(direct),高大特區綠地指南：後勁溪生態廊道與藍田公園總覽,/life-proposal/area-kaohsiung-nanzi_nuk_park_20250217/,17,17,17,1,3.4705882352941178
(direct) / (none),(direct),楠梓高大特區寵物友善地點推薦：必訪5家餐廳＋3大寵物同樂好去處 - 遠雄房地產,/life-proposal/area-kaohsiung-nanzi_nuk_pet-cafe_20250613/,17,17,17,1,8.176470588235293
(direct) / (none),(direct),建案熱區巡禮：新北板橋區Tpark科技特區 (遠東通訊園區)生活圈 - 遠雄房地產,/life-proposal/area-s-tph_banqiao_tpark_function_20250314/,17,17,17,1,9.705882352941176
(direct) / (none),(direct),台中港市鎮中心重劃區學區全解析：清水梧棲教育資源，就學免煩惱,/life-proposal/area-txg-port_school_20240105/,17,17,17,1,0.7058823529411765
(direct) / (none),(direct),建案熱區巡禮：台中西屯水湳經貿園區 - 學區篇 - 遠雄房地產,/life-proposal/area-txg-shuinan_school_20240501/,17,17,17,1,3.4705882352941178
(direct) / (none),(direct),綠建築十大社區出爐，遠雄文青、遠雄THE ONE、遠雄耶魯齊上榜 - 遠雄房地產,/life-proposal/ease_eewh-ec_20230711/,17,17,17,1,4.235294117647059
(direct) / (none),(direct),2024房市展望：財經M平方解析中古屋熱新屋淡，關鍵數據看趨勢,/life-proposal/expert_macromicro_housing_2024trend_20231125/,17,17,17,1,5.235294117647059
(direct) / (none),(direct),人在國外想買房？簽約、貸款與登記注意事項，地政專家深度解析,/life-proposal/expert_zhu_buyhouse_abroad2_20240320/,17,17,17,1,1.5294117647058822
(direct) / (none),(direct),謄本名字不是所有權人？解析借名登記法律判決與實務產權認定風險,/life-proposal/expert_zhu_buyhouse_joint_20240117/,17,17,17,1,2.235294117647059
(direct) / (none),(direct),預立遺囑必看！民法修法翻轉特留分、應繼分與數位化要件新趨勢,/life-proposal/expert_zhu_civil-law/,17,17,17,1,1.8235294117647058
(direct) / (none),(direct),限貸令對各族群影響 (下) 首購、換屋、繼承族群影響為何?｜專家觀點地政篇 - 遠雄房地產,/life-proposal/expert_zhu_loan-restriction2_20250219/,17,17,17,1,1.0588235294117647
(direct) / (none),(direct),談建築與社區藝術結合：打造人文美學居所，讓文化融入日常生活,/life-proposal/gigahouse_art_20220712/,17,17,17,1,0.8235294117647058
(direct) / (none),(direct),房價溫度計：解析核心房市指標，掌握購屋時機與未來不動產趨勢,/life-proposal/indicators_20221111/,17,17,17,1,4.705882352941177
google / organic,(organic),社區營運：公設點交不求人！掌握檢查重點與流程，維護住戶權益,/life-proposal/land_public_utilities/,17,17,18,1.0588235294117647,41.76470588235294
(direct) / (none),(direct),2022普立茲克建築獎公布！非裔建築師凱雷獲獎，用建築賦予人類幸福感,/life-proposal/pritzkerarchitectureprize2022/,17,17,17,1,3.588235294117647
(direct) / (none),(direct),房地合一 2.0 與實價登錄上路：疫情下房價走勢與市場透明化解析,/life-proposal/real-estate-tax/,17,17,17,1,1.8235294117647058
(direct) / (none),(direct),頂客族小宅裝修術：LDK 格局放大空間感，打造兩人世界的極致質感,/life-proposal/space_design_smallhouse3_20240607/,17,17,17,1,1.9411764705882353
(direct) / (none),(direct),[房產風向球] 平均地權條例拍板定案，買房要注意 - 遠雄房地產,/life-proposal/房產風向球-平均地權條例拍板定案，買房要注意/,17,17,17,1,1.8235294117647058
m.facebook.com / referral,(referral),遠雄房地產服務條款暨隱私權聲明｜保障您的個人資訊與使用權益,/terms-of-service_and_privacy/,17,17,18,1.0588235294117647,5.705882352941177
(direct) / (none),(direct),中和遠雄香榭園住戶口碑：坐擁河岸美景舒壓，完善公設打造夢想家,/wom-recommendation/ms-chan/,17,17,17,1,0.29411764705882354
fb / bh8,leads,遠房實價登錄,/,16,17,19,1.1875,0
fb / wdh2,fb4-3,天母蒔麗｜15~25坪．1-2房｜北投行義路，近石牌站,/buildings/wdh2/,16,17,17,1.0625,12.6875
(direct) / (none),(direct),遠雄樂元X俠醫楊智鈞50道靜脈,/campaign/index.html,16,17,7,0.4375,63
google / organic,(organic),台北士林區巡禮：交通、觀光與都市再生並進，解析北士科發展願景,/life-proposal/area-l-taipei-shilin20220520/,16,17,20,1.25,66.9375
google / cpc,XXXX,遠雄沐蘊-高雄市三民區預售屋/新建案-預約賞屋,/buildings/eh5/,15,17,19,1.2666666666666666,32.53333333333333
fb / eh6,fb5-3,遠雄蘴靚｜高雄楠梓新門戶｜捷運R21站旁｜3795坪豪闊基地,/buildings/eh6/,15,17,17,1.1333333333333333,0
google / organic,(organic),冷氣清潔與保養全攻略：DIY七步驟維持涼爽 - 遠雄房地產,/life-proposal/air_condition20220617/,15,17,15,1,74.6
google / organic,(organic),安南草湖寮重劃區交通地圖，串聯北外環與商 60 願景,/life-proposal/area-l-tainan-annan20200520/,15,17,17,1.1333333333333333,236.33333333333334
google / organic,(organic),建案熱區巡禮：移居桃園市桃園區，解析生活機能與重大建設優勢,/life-proposal/area-l-taoyuan-taoyuan20220520/,15,17,17,1.1333333333333333,62.53333333333333
(direct) / (none),(direct),EH1香氛石膏板畫體驗課程,/campaign/index.html,14,17,6,0.42857142857142855,44.42857142857143
google / organic,(organic),地震來的時候你家安全嗎? 一次搞懂抗震建築 - 遠雄房地產,/life-proposal/earthquake/,14,17,31,2.2142857142857144,71.28571428571429
google / organic,(organic),專家觀點：解析最新房市動向與購屋建議，遠雄房地產深度置產指引,/life_proposal/experts_point/,13,17,27,2.076923076923077,21.692307692307693
google / organic,(organic),預售屋契約書常見爭議與審閱要點：避開應記載與不得記載事項的陷阱,/life-proposal/expert_zhu_buyhouse_contract1_20240430/,10,17,20,2,77
(not set),20260828一輪播,熱銷建案一覽：遠雄全台預售屋、新建案與新成屋，尋獲理想家園,/case/search/,9,17,25,2.7777777777777777,12
ucity / (not set),(not set),遠雄房地產：最懂生活的購屋專家｜卓越建築品質，圓滿您的家,/,17,17,17,1,0.8823529411764706
fb / wdh2,fb7-2,遠房實價登錄,/,16,16,19,1.1875,0
(not set),20260813一輪播,2026年預售市場一針見血的銷售與購買策略｜李同榮觀點 - 遠雄房地產,/life-proposal/expert_li_2026-housing-tips/,2,16,17,8.5,80
web-udn / ao1,2ndfloor,遠雄房地產：最懂生活的購屋專家｜卓越建築品質，圓滿您的家,/,16,16,16,1,0.1875
(direct) / (none),(direct),關於我們｜遠雄集團相關企業，全方位服務圓夢生活，共創美好未來,/about/related_business/,16,16,16,1,0.4375
(direct) / (none),(direct),遠雄寬寓 KC的奇想寓所-張綺玲創作個展 - 遠雄房地產,/activity-report/bh1_art/,16,16,16,1,0.8125
(direct) / (none),(direct),遠雄海洋公園平日門票3折！加碼好康4重送 - 遠雄房地產,/activity-report/fg_park_20220727/,16,16,16,1,0.75
(direct) / (none),(direct),🌟首演口碑爆棚🌟 《仁愛路六號》加演熱賣中 - 遠雄房地產,/activity-report/ucity_no6_20230614/,16,16,16,1,0.9375
(direct) / (none),(direct),遠雄房地產 官方LINE | 🦁新年好運獅不可擋🦁 - 遠雄房地產,/activity-report/遠雄房地產-官方line🦁新年好運獅不可擋🦁/,16,16,16,1,0.875
web-chinatimes / bh6,(not set),遠雄藝舍-台中西屯區麥當勞旁金店面-預約賞屋，遠雄房地產,/buildings/bh6/,16,16,16,1,6.3125
web-udn / dgm1,web-udn0626,大河商爵-台北市士林區廠辦/預售新建案-預約賞屋，遠創力行銷,/buildings/dgm1/,16,16,16,1,31.5625
(data not available),(cross-network),【遠雄蘊合】千坪旗艦，親水生活｜收納中西區最美流動26-43坪．新案早鳥預約,/buildings/dh6/,16,16,36,2.25,69.25
web-ltn / h902,20240603,遠雄琢蘊-高雄市三民區預售屋/新建案-預約賞屋，遠雄房地產,/buildings/h902/,16,16,16,1,5.25
(data not available),(cross-network),遠雄THE ONE-高雄市前鎮區新成屋/新建案-預約賞屋,/buildings/o1/,16,16,34,2.125,67.4375
(direct) / (none),(direct),台經院產經資料庫總監、APIAA院士  劉佩真 彙整 - 遠雄房地產,/life-proposal-category/expert_point/pei_zhen/,16,16,16,1,0.875
(direct) / (none),(direct),置產 彙整 - 遠雄房地產,/life-proposal-tag/1、客層/2購屋需求/置產-購屋需求/,16,16,16,1,0
(direct) / (none),(direct),遠東通訊園區 彙整 - 遠雄房地產,/life-proposal-tag/5、區域/1區域地段/縣市/新北市/板橋區/遠東通訊園區/,16,16,16,1,1.0625
(direct) / (none),(direct),遠雄新品牌齊興建設首發！北士科「齊興_緻」極致居所哲學,/life-proposal/ar1-bstk/,16,16,16,1,2.625
(direct) / (none),(direct),建案熱區巡禮：移居桃園市桃園區，解析生活機能與重大建設優勢,/life-proposal/area-l-taoyuan-taoyuan20220520/,16,16,16,1,17.8125
(direct) / (none),(direct),建案熱區巡禮：蛻變中的台南中西區運河星鑽特區 - 交通篇 - 遠雄房地產,/life-proposal/area-tainan_west-central_redevelop_diamond_traffic_20250523/,16,16,16,1,8.8125
(direct) / (none),(direct),板橋交通與商圈發展解析：三環六線樞紐、府中雙城與浮洲交通建設總覽,/life-proposal/area-tph_banqiao_traffic_20240905/,16,16,16,1,5.1875
(direct) / (none),(direct),建案熱區巡禮：高雄三民區 - 交通篇 - 遠雄房地產,/life-proposal/area_hotspot_khh_sanmin_traffic_20230928/,16,16,16,1,2.5
(direct) / (none),(direct),社區綠建築標章有何好處？節能省電與環保優勢，打造健康永續宅,/life-proposal/ease_greenbuilding_20230608/,16,16,16,1,0.6875
(direct) / (none),(direct),2023 房市景氣轉折：解析預售屋賣壓、利率衝擊與建商合資開發趨勢,/life-proposal/expert_peizhen_20221226/,16,16,16,1,0.9375
(direct) / (none),(direct),房地合一稅制大變革：從舊制超額利潤到實價課稅，解析房市課稅新篇章,/life-proposal/expert_zhu_private-corporation_adjust_20231227/,16,16,16,1,0.8125
(direct) / (none),(direct),[影音] 不動產繼承全攻略 - 繼承登記申請應注意事項｜專家觀點地政篇 - 遠雄房地產,/life-proposal/expert_zhu_property_inheritance-1_vedio_20241128/,16,16,16,1,1.625
(direct) / (none),(direct),樓高的秘密解析：樓層高度與淨高如何影響居住品質 - 遠雄房地產,/life-proposal/floor_height/,16,16,16,1,9.375
(direct) / (none),(direct),打房再出招！金管會調高第三戶房貸風險權數，新制重點與影響解析,/life-proposal/fsc-thirdhouse-100/,16,16,16,1,1.0625
(direct) / (none),(direct),平均地權條例 7/1 上路！私法人許可、換約審核與檢舉獎金新規全攻略,/life-proposal/kw_land_rights_20230606/,16,16,16,1,1.1875
(direct) / (none),(direct),什麼是虛坪制？詳解總移轉面積、公設比與停車位，買房坪數計算必讀,/life-proposal/kw_meterspolicy_20240513/,16,16,16,1,6.8125
(direct) / (none),(direct),買房必看社區管理！從財報、公設維護到梯間雜物，評估管委會營運力,/life-proposal/land_rules/,16,16,17,1.0625,9.875
(direct) / (none),(direct),都市土地分區解析｜買房必看土地使用分區與建物用途全攻略 - 遠雄房地產,/life-proposal/land_zoning/,16,16,17,1.0625,46.9375
(direct) / (none),(direct),柔和蜜桃 Peach Fuzz 走進家！運用 2024 年度色油漆與軟裝打造療癒居所,/life-proposal/space_style_peach_20240206/,16,16,16,1,6.1875
(direct) / (none),(direct),房地一族看過來，與你有關的國稅局查稅重點 - 遠雄房地產,/life-proposal/tax_inspection_20230119/,16,16,16,1,1.9375
(direct) / (none),(direct),買房必看周邊環境！解析嫌惡設施對房價影響，掌握不動產說明書關鍵,/life-proposal/unwanted20220610/,16,16,16,1,5.9375
m.facebook.com / referral,(referral),守護個人資訊安全，一起保障您的隱私權益｜ 遠雄房地產,/privacy/,16,16,18,1.125,11.125
fb / bh13,8,遠房實價登錄,/,15,16,17,1.1333333333333333,0
google_kw / bh8,brand,遠房實價登錄,/,15,16,18,1.2,0
google / organic,(organic),小檜溪的童年記憶：前里長游萬金憶兒時，見證青梅竹馬般的河畔歲月,/life-proposal/interview-s-taoyuan-green20221111/,15,16,18,1.2,33.733333333333334
google / organic,(organic),生活提案： 專家房市觀點、空間美學指南 -遠雄房地產,/life_proposal/,15,16,21,1.4,11.8
gdn / hm2,0602GDN,守護個人資訊安全，一起保障您的隱私權益｜ 遠雄房地產,/privacy/,15,16,16,1.0666666666666667,31.266666666666666
fb / paid,120241218501380402,北士科建案【遠雄明玥】2000坪全街廓只蓋一棟．25-46坪,/buildings/ah1/,14,16,19,1.3571428571428572,33.07142857142857
fb / bh8,fb32-1,台中遠雄洄山行：2-4房方正格局，入主西屯生活圈的質感好宅,/buildings/bh8/,14,16,17,1.2142857142857142,19.5
fb / hm2,20260824-1,遠雄MetaLink科技園區 | 3700坪超旗艦 森態企業總部,/buildings/hm2/,14,16,18,1.2857142857142858,6.071428571428571
line-lap / ar1,20260625-13-2,遠房實價登錄,/,13,16,18,1.3846153846153846,0
web-sms / eh1,fb_ad,遠房實價登錄,/,13,16,19,1.4615384615384615,1.1538461538461537
ig / paid,120241218501380402,北士科建案【遠雄明玥】2000坪全街廓只蓋一棟．25-46坪,/buildings/ah1/,13,16,17,1.3076923076923077,19.692307692307693
(direct) / (none),(direct),二親等房產交易避稅解析：掌握金流證明與申報要點，合法節省贈與稅,/life-proposal/expert_zhu_second-degree_20250321/,12,16,15,1.25,2.25
console-v2.omnichat.ai / referral,(referral),遠房實價登錄,/,4,16,32,8,0
fb / dh2,fb-53,遠房實價登錄,/,16,16,16,1,2
(direct) / (none),(direct),新板特區 彙整 - 遠雄房地產,/life-proposal-tag/5、區域/1區域地段/縣市/新北市/板橋區/新板特區/,15,15,15,1,1.2
google / cpc,gdn-4,遠雄夏綠蒂 | 數位意向書-遠雄房地產 Farglory-Realty,/form/write,4,15,15,3.75,703
facebook.com / referral,(referral),遠雄房地產：最懂生活的購屋專家｜卓越建築品質，圓滿您的家,/,15,15,15,1,3.533333333333333
fg-hotel / oceanpark,homepage-0311,遠雄房地產：最懂生活的購屋專家｜卓越建築品質，圓滿您的家,/,15,15,15,1,1.6666666666666667
(direct) / (none),(direct),活動一覽 彙整 - 遠雄房地產,/activity-report-category/activities_glance/activities_glance_list/,15,15,15,1,2.1333333333333333
(direct) / (none),(direct),贈票！TILF台灣國際品酒生活節 - 遠雄房地產,/activity-report/ucitytilf_20230807/,15,15,15,1,2.533333333333333
(direct) / (none),(direct),飯店宅 彙整 - 遠雄房地產,/building-tag/飯店宅/,15,15,15,1,0
fb / bh11,11-3,遠雄14期首發【遠雄丰尚】北屯新案．近漢神洲際百貨,/buildings/bh11/,15,15,15,1,0.6
web-news / bh6,web-news0709,遠雄藝舍-台中西屯區麥當勞旁金店面-預約賞屋，遠雄房地產,/buildings/bh6/,15,15,15,1,2.466666666666667
(data not available),(cross-network),台中遠雄洄山行：2-4房方正格局，入主西屯生活圈的質感好宅,/buildings/bh8/,15,15,29,1.9333333333333333,59.93333333333333
fb / rsh1,fb7-6,若水秧翠｜東京視野・頂埔門牌｜1~3房．20~42坪,/buildings/rsh1/,15,15,16,1.0666666666666667,17.2
fb / wdh2,fb6-1,天母蒔麗｜15~25坪．1-2房｜北投行義路，近石牌站,/buildings/wdh2/,15,15,16,1.0666666666666667,6.4
liff.line.me / referral,(referral),遠雄房地產官方LINE,/campaign,15,15,27,1.8,55.06666666666667
(direct) / (none),(direct),聯絡我們｜攜手遠雄共創商機，開啟多元商業合作契機，拓展新版圖,/contact_service/business_cooperation/,15,15,15,1,0.9333333333333333
fg / (not set),20230406,超級好友VIP推薦購屋大賞 推薦購屋送你遊東京! - 遠雄房地產,/landing-page/mgm/,15,15,15,1,1.0666666666666667
(direct) / (none),(direct),明星學區 彙整 - 頁2，共2 - 遠雄房地產,/life-proposal-tag/5、區域/1區域地段/明星學區/page/2/,15,15,15,1,0
ig / paid,120229456515280138,遠房實價登錄,/,15,15,15,1,0
google / organic,(organic),2021十大建商出爐！購屋前必知的建商評價 - 遠雄房地產,/life-proposal/2021-10/,15,15,15,1,34.06666666666667
(direct) / (none),(direct),高雄亞灣 5G AIoT 園區：結合台積電與微軟大廠，打造最強實證場域,/life-proposal/5g-aiot/,15,15,15,1,2.066666666666667
(direct) / (none),(direct),建案熱區巡禮：台南中西區運河星鑽特區 - 學區篇 - 遠雄房地產,/life-proposal/area-tainan_west-central_redevelop_diamond_school_20250516/,15,15,16,1.0666666666666667,0.8
(direct) / (none),(direct),建案熱區巡禮：北投士林科技園區 - 學區篇 - 遠雄房地產,/life-proposal/area-tpe-beitou_bstp_school_20240713/,15,15,15,1,0.6
(direct) / (none),(direct),A7重劃區發展潛力解析：交通建設、華亞科技園區與五大生活圈總覽,/life-proposal/area_taoyuan_guishan_a7_function/,15,15,15,1,1.6
(direct) / (none),(direct),大水湳生活圈成形！單元八與經貿園區雙核心，建設利多與機能全圖解,/life-proposal/area_txg_xitun_eight_function_20240407/,15,15,15,1,0.8666666666666667
(direct) / (none),(direct),買房學問多，看懂建築材料才安心－建築結構與防水篇 - 遠雄房地產,/life-proposal/building_materials/,15,15,16,1.0666666666666667,1.2666666666666666
(direct) / (none),(direct),綠建材標章是什麼？掌握健康、生態、再生指標，挑選無害優質建材,/life-proposal/ease_greenmaterial_20230609/,15,15,15,1,0.4
(direct) / (none),(direct),南二都房市潛力區解析：科技廊道崛起與十大熱門置產區域總覽,/life-proposal/expert_hoshichang_south-potential/,15,15,15,1,0.4
(direct) / (none),(direct),北市租金倒掛見怪不怪，為何商辦投報仍優於住宅｜何世昌觀點 - 遠雄房地產,/life-proposal/expert_hoshichang_tp-office-rent-premium/,15,15,15,1,2.3333333333333335
(direct) / (none),(direct),預售屋買賣契約簽約時應注意「契約審閱期」｜永然法律不動產專欄 - 遠雄房地產,/life-proposal/expert_law_y-rlee_contract_20250613/,15,15,15,1,9.333333333333334
(direct) / (none),(direct),2025 下半年台灣經濟怎麼走？台股、台幣一次解析｜財經M平方觀點 - 遠雄房地產,/life-proposal/expert_macromicro_2025econ_20250730/,15,15,16,1.0666666666666667,2.8666666666666667
(direct) / (none),(direct),AI 產業下的投資機會：利潤轉移、能源競賽如何解讀 | 財經M平方觀點 - 遠雄房地產,/life-proposal/expert_macromicro_ai-invest/,15,15,15,1,11.4
(direct) / (none),(direct),2024土地交易市場解析：重回成長軌道與2025三大支撐動態,/life-proposal/expert_peizhen_2024-land-deal_20241213/,15,15,15,1,1.0666666666666667
(direct) / (none),(direct),[影音] AI科技宅當道！台灣半導體聚落帶動房市｜劉佩真觀點 - 遠雄房地產,/life-proposal/expert_peizhen_ai-housing-trend/,15,15,15,1,0.06666666666666667
(direct) / (none),(direct),2025首季房市量縮價盤！房貸緊縮下的住宅小宅化與商用不動產熱度,/life-proposal/expert_peizhen_property-2025q1_20250418/,15,15,15,1,1.5333333333333334
(direct) / (none),(direct),地價稅自用省 5 倍！掌握設籍原則與 2‰ 優惠稅率，守護置產荷包,/life-proposal/expert_zhu_propertytax_20230814/,15,15,15,1,0.4
(direct) / (none),(direct),[影音] 豪宅稅跟你也有關係：屋主的策略與應對方式｜專家觀點地政篇 - 遠雄房地產,/life-proposal/expert_zhu_tactic-tax-count_vedio_20250725/,15,15,15,1,0.8666666666666667
(direct) / (none),(direct),智慧住宅的誕生！家變聰明生活更好，詳解智慧建築標章與8大認證指標,/life-proposal/intelligentbuilding/,15,15,15,1,1.4666666666666666
(direct) / (none),(direct),台灣蔦屋空間價值革命：遠雄實踐地方創生，閱讀重塑社區生命力,/life-proposal/tsuta-house/,15,15,15,1,1.8666666666666667
(direct) / (none),(direct),青安貸款申請全攻略：利率、額度與條件解析，助無自有住宅家庭圓夢,/life-proposal/youth_home_loan_20220830/,15,15,15,1,0.6666666666666666
(direct) / (none),(direct),安心生活：三大保固升級服務｜遠雄房地產給您最長久的家承諾,/life_proposal/peace_mind/,15,15,16,1.0666666666666667,8.066666666666666
(direct) / (none),(direct),中部 彙整 - 遠雄房地產,/wom-recommendation-category/wom_recommendation/central-region/,15,15,15,1,1
google / cpc,area,遠房實價登錄,/,14,15,17,1.2142857142857142,0
web / wdh2,googlemap,遠房實價登錄,/,14,15,22,1.5714285714285714,0
tw.search.yahoo.com / referral,(referral),自用住宅免稅400萬怎麼申請？「持有、設籍、實住」3點不能忽略 | 專家觀點地政篇 - 遠雄房地產,/life-proposal/expert_zhu_ownership-criteria/,14,15,15,1.0714285714285714,144.35714285714286
google / organic,生活提案,贈與稅與遺產稅免稅額解析｜房產贈與、買賣、繼承怎麼選 - 遠雄房地產,/life-proposal/gift_tax/,14,15,15,1.0714285714285714,96.35714285714286
google / organic,(organic),關於我們｜展現品牌實力，全台經典建築實績見證，成就卓越品質,/about/brand_performance_backup/,13,15,19,1.4615384615384615,9.461538461538462
ig / paid,120241579219260634,【遠雄蘊合】千坪旗艦，親水生活｜收納中西區最美流動26-43坪．新案早鳥預約,/buildings/dh6/,13,15,16,1.2307692307692308,10
google / organic,(organic),交屋到入住前不可不知！掌握驗屋、裝修與入厝流程，安心入住新家,/life-proposal/land_handover/,13,15,16,1.2307692307692308,60.23076923076923
web / bh11,popup_ai_202608,遠雄14期首發【遠雄丰尚】北屯新案．漢神洲際購物廣場350m,/buildings/bh11/,12,15,15,1.25,68.25
pop-outdoor / eh6,20260201,遠雄蘴靚｜高雄楠梓新門戶｜捷運R21站旁｜3795坪豪闊基地,/buildings/eh6/,12,15,13,1.0833333333333333,7.333333333333333
tw.search.yahoo.com / referral,(referral),北士科建案【遠雄明玥】2000坪全街廓只蓋一棟．25-46坪,/buildings/ah1/,11,15,14,1.2727272727272727,50.54545454545455
web-sms / (not set),(not set),高雄建案推薦【遠雄峰蘊】- 三民區預售屋．近科工館,/buildings/eh1/,10,15,18,1.8,66
(direct) / (none),(direct),夫妻買房登記誰名下？律師拆解共同持有與借名登記風險,/life-proposal/expert_law_y-rlee_joint-ownership/,10,15,15,1.5,53.8
google / organic,(organic),二親等房產交易避稅解析：掌握金流證明與申報要點，合法節省贈與稅,/life-proposal/expert_zhu_second-degree_20250321/,10,15,15,1.5,53.5
bing / organic,(organic),【遠雄蘊合】千坪旗艦，親水生活｜收納中西區最美流動26-43坪．新案早鳥預約,/buildings/dh6/,9,15,13,1.4444444444444444,55.22222222222222
line / wdh2,lineqa,天母蒔麗｜15~25坪．1-2房｜北投行義路，近石牌站,/buildings/wdh2/,9,15,22,2.4444444444444446,17
gdn / hm2,0602GDN,Farglory MetaLink Technology Park | 3700-ping (approximately 1630 square meters) Super Flagship Eco-Friendly Corporate Headquarters,/buildings/hm2/,7,15,68,9.714285714285714,10.714285714285714
fg / eh2,googlemap,遠雄一靚：楠梓高大特區首發新案，2432坪大基地，早鳥預約諮詢中,/buildings/eh2/,6,15,18,3,24.333333333333332
avivid / bh11,20251212,遠雄14期首發【遠雄丰尚】北屯新案．漢神洲際購物廣場350m,/buildings/bh11/,4,15,20,5,7.75
google_kw / rsh1,newtaipei,遠房實價登錄,/,15,15,15,1,0
(direct) / (none),(direct),五月報稅稅法修正重點整理｜專家觀點地政篇 - 遠雄房地產,/life-proposal/expert_zhu_file-taxes_20250409/,14,14,14,1,1.8571428571428572
fb / paid,120241173002890402,遠房實價登錄,/,14,14,16,1.1428571428571428,0
fb / dh2,fb-68,遠房實價登錄,/,14,14,14,1,4.571428571428571
fb / fh2,fbfanpage,遠房實價登錄,/,14,14,15,1.0714285714285714,0
web-businessweekly / O1,20241004,遠雄房地產：最懂生活的購屋專家｜卓越建築品質，圓滿您的家,/,14,14,15,1.0714285714285714,0.14285714285714285
GDC / (not set),GDCcorporate,遠雄房地產：最懂生活的購屋專家｜卓越建築品質，圓滿您的家,/,14,14,14,1,0
fg-museum / foundation,homepage-0311,遠雄房地產：最懂生活的購屋專家｜卓越建築品質，圓滿您的家,/,14,14,14,1,0
webnews / o1,webnews-scooptw,遠雄房地產：最懂生活的購屋專家｜卓越建築品質，圓滿您的家,/,14,14,14,1,0
(direct) / (none),(direct),邁向2024年! 遠房好友雙週報1/26起全新風貌與您見面 - 遠雄房地產,/activity-report/edm_annoucement_20231225/,14,14,14,1,0.6428571428571429
(direct) / (none),(direct),遠雄建設「工地再生計畫」跨界合作文創典範 獲文策院「產業策進獎」 - 遠雄房地產,/activity-report/fg-esg-award/,14,14,14,1,1.0714285714285714
(direct) / (none),(direct),MAMAMOO完整體登台會粉絲　「5種票價公開」11月19日開搶 - 遠雄房地產,/activity-report/relation_show_20221118/,14,14,14,1,1.0714285714285714
(direct) / (none),(direct),遠雄泱玥 圍爐煮茶．曉光迎福 - 遠雄房地產,/activity-report/遠雄泱玥-圍爐煮茶．曉光迎福/,14,14,14,1,0.7857142857142857
(data not available),(cross-network),遠雄房地產精選預售屋(台北、新北、台中、桃園、台南、高雄) - 遠雄房地產,/building-category-tag/featured_pre_sale/,14,14,23,1.6428571428571428,19.857142857142858
google / cpc,(organic),遠雄房地產精選預售屋(台北、新北、台中、桃園、台南、高雄) - 遠雄房地產,/building-category-tag/featured_pre_sale/,14,14,17,1.2142857142857142,20.357142857142858
fb / bh13,11,遠雄房地產精選預售屋(台北、新北、台中、桃園、台南、高雄) - 遠雄房地產,/building-category-tag/featured_pre_sale/,14,14,14,1,12.857142857142858
fb / fh2,lbs-sms202608,遠雄房地產精選預售屋(台北、新北、台中、桃園、台南、高雄) - 遠雄房地產,/building-category-tag/featured_pre_sale/,14,14,19,1.3571428571428572,21.857142857142858
fb / paid,120241218914510402,北士科建案【遠雄明玥】2000坪全街廓只蓋一棟．25-46坪,/buildings/ah1/,14,14,14,1,7.428571428571429
ig / paid,120250075988070316,【遠雄蘊合】千坪旗艦，親水生活｜收納中西區最美流動26-43坪．新案早鳥預約,/buildings/dh6/,14,14,15,1.0714285714285714,10.214285714285714
fb / eh6,fb5-5,遠雄蘴靚｜高雄楠梓新門戶｜捷運R21站旁｜3795坪豪闊基地,/buildings/eh6/,14,14,14,1,31.5
webnews / h713,11409,遠雄幸福成｜全新落成 - 台中市梧棲區新成屋-預約賞屋，遠雄房地產,/buildings/h713/,14,14,14,1,5.142857142857143
webnews / h902,20231027,遠雄琢蘊-高雄市三民區預售屋/新建案-預約賞屋，遠雄房地產,/buildings/h902/,14,14,14,1,10
google / organic,(organic),熱銷建案一覽：遠雄全台預售屋、新建案與新成屋，尋獲理想家園,/case/search/page/4/,14,14,19,1.3571428571428572,10.928571428571429
(direct) / (none),(direct),遠雄菁英分享：代銷業務實戰心法，挑戰高薪成就頂尖房產職涯,/elite_sharing/,14,14,22,1.5714285714285714,0.21428571428571427
(direct) / (none),(direct),國家級的建築肯定-遠雄房地產,/farglory-realty-about/national-building/,14,14,18,1.2857142857142858,5.214285714285714
(direct) / (none),(direct),一月主題報 - 遠雄房地產,/jan2025/,14,14,14,1,0.07142857142857142
(direct) / (none),(direct),豪宅稅 彙整 - 遠雄房地產,/life-proposal-tag/2、市場/2稅務政策相關/house_tax/豪宅稅/,14,14,14,1,0
(direct) / (none),(direct),未來發展 彙整 - 遠雄房地產,/life-proposal-tag/5、區域/1區域地段/未來發展/,14,14,14,1,0.6428571428571429
(direct) / (none),(direct),鹽行區 彙整 - 遠雄房地產,/life-proposal-tag/5、區域/1區域地段/縣市/台南市/yanxing/,14,14,14,1,2.5714285714285716
(direct) / (none),(direct),板橋區 彙整 - 遠雄房地產,/life-proposal-tag/5、區域/1區域地段/縣市/新北市/板橋區/,14,14,14,1,2.5
(direct) / (none),(direct),專家觀點 彙整 - 遠雄房地產,/life-proposal-tag/expert/expert_view/,14,14,14,1,0.5714285714285714
(direct) / (none),(direct),老屋改建 彙整 - 遠雄房地產,/life-proposal-tag/policy/rebuild/,14,14,14,1,0
(direct) / (none),(direct),區域發展計畫 彙整 - 遠雄房地產,/life-proposal-tag/real_estate-2/區域發展計畫/,14,14,14,1,0
(direct) / (none),(direct),建案熱區巡禮：台南永康大灣重劃區 - 綠地休憩篇 - 遠雄房地產,/life-proposal/area-hotspot-tnn-dawan_park_20240229/,14,14,14,1,2.2857142857142856
(direct) / (none),(direct),新莊副都心商辦百貨進駐！機捷、環狀線串聯黃金三磚產業鏈,/life-proposal/area-s-newtaipei-xinzhuangfuduxin_20220930/,14,14,14,1,28
(direct) / (none),(direct),南科門戶首選：台南永康區鹽行國中重劃區生活圈 | 建案熱區巡禮 - 遠雄房地產,/life-proposal/area_tnnyongkang_redevelop_yanxing_20230901/,14,14,14,1,2.5
google / organic,(organic),北市租金倒掛見怪不怪，為何商辦投報仍優於住宅｜何世昌觀點 - 遠雄房地產,/life-proposal/expert_hoshichang_tp-office-rent-premium/,14,14,15,1.0714285714285714,65.78571428571429
(direct) / (none),(direct),[影音] 專家看2025年上半年預售屋市場 : 四大現象觀察｜何世昌觀點 - 遠雄房地產,/life-proposal/expert_housing-market_20250820/,14,14,14,1,1.2857142857142858
(direct) / (none),(direct),購買預售屋如何選擇好的建商？(上集)｜永然法律不動產專欄 - 遠雄房地產,/life-proposal/expert_law_y-rlee_builder1_20250324/,14,14,14,1,2.2857142857142856
(direct) / (none),(direct),預售屋買賣契約中的交屋保留款與建材設備約定｜永然法律不動產專欄 - 遠雄房地產,/life-proposal/expert_law_y-rlee_retention-money_20250704/,14,14,15,1.0714285714285714,0.7142857142857143
(direct) / (none),(direct),下一波第七循環房市的七大主力市場｜李同榮觀點 - 遠雄房地產,/life-proposal/expert_li_7th-cycle_20241101/,14,14,14,1,5.428571428571429
(direct) / (none),(direct),2025自住首購族擇屋八大法則｜李同榮觀點 - 遠雄房地產,/life-proposal/expert_li_homeowners_20250410/,14,14,14,1,5.928571428571429
(direct) / (none),(direct),2026房市大分化：建商經營策略轉型，告別全面上漲時代,/life-proposal/expert_li_property-new-era/,14,14,14,1,18.928571428571427
(direct) / (none),(direct),科技業紅利帶動房市！解析股市獲利轉進不動產、保值抗通膨趨勢,/life-proposal/expert_liu_commercial_policy_20240709/,14,14,14,1,1.1428571428571428
(direct) / (none),(direct),日經 225 強勢上漲！解析日本央行貨幣政策、日圓貶值壓力與基本面,/life-proposal/expert_macromicro_20230621/,14,14,14,1,1.2142857142857142
(direct) / (none),(direct),2024年第三季房市景氣解析：住宅市況趨緩與商用不動產強勁表現,/life-proposal/expert_peizhen_2024q3review_20241001/,14,14,14,1,0.7857142857142857
(direct) / (none),(direct),2026房市觀測：住宅盤整量縮，Nvidia星艦效應點燃商辦,/life-proposal/expert_peizhen_2026-q1-market/,14,14,14,1,3.142857142857143
(direct) / (none),(direct),2023年Q3房市景氣解析：新青安政策帶動信心回升，展望Q4價量格局,/life-proposal/expert_peizhen_realty_trend_2023q3_20231023/,14,14,14,1,0.5
(direct) / (none),(direct),防範代書詐騙，如何查詢地政士的合法性？｜專家觀點地政篇 - 遠雄房地產,/life-proposal/expert_zhu_expert_zhu_land-agent_20250917/,14,14,14,1,2.4285714285714284
ig / paid,120233718740630316,遠房實價登錄,/,14,14,19,1.3571428571428572,15.714285714285714
(direct) / (none),(direct),頂客族遺產保衛戰！解析特留份修法趨勢與配偶繼承權益保障,/life-proposal/expert_zhu_legal-reserve/,14,14,14,1,46.714285714285715
(direct) / (none),(direct),[影音] 預售屋購買注意事項大解析 - 履約保證不可不知｜專家觀點地政篇 - 遠雄房地產,/life-proposal/expert_zhu_property_escrow_vedio_20240531/,14,14,14,1,0.07142857142857142
(direct) / (none),(direct),[影音] 限貸令風暴有解嗎 - 限貸令例外狀況｜專家觀點地政篇 - 遠雄房地產,/life-proposal/expert_zhu_property_loan-ratio-exception_vedio_20250214/,14,14,14,1,1.5714285714285714
(direct) / (none),(direct),2026年買新房成本暴增？地政士解析三大新制陷阱與產權影響,/life-proposal/expert_zhu_regulations-trap/,14,14,15,1.0714285714285714,86.57142857142857
(direct) / (none),(direct),首購族買房熱區盤點：桃園、北屯交易冠亞軍，三大原則挑選首間房,/life-proposal/firstbuy-2021hotpod/,14,14,14,1,0
(direct) / (none),(direct),漲幅王遠東Tpark！企業需求外溢鄰近新廠有望看漲  - 遠雄房地產,/life-proposal/fm1-1/,14,14,14,1,1
(direct) / (none),(direct),不容小覷！火災事故損失統計數據解析，提升居家安全意識與防範措施,/life-proposal/kw_fire-insurance_20240705/,14,14,14,1,3.2142857142857144
(direct) / (none),(direct),看房賞屋指南：解讀不動產說明書產權與環境，確保買賣交易安全,/life-proposal/manual20220610/,14,14,14,1,3.5
(direct) / (none),(direct),記住銀行授信 5P 原則，首購族提高貸款成數與利率談判力的關鍵指南 - 遠雄房地產,/life-proposal/pre_mortgage_20221215/,14,14,14,1,3.7857142857142856
(direct) / (none),(direct),玄關設計全攻略：進門緩衝、穿堂風水與大器門面，傳遞居家微奢感,/life-proposal/space_design_entrance_20240314/,14,14,14,1,3.857142857142857
(direct) / (none),(direct),橘世代退休換屋指南：都會區小坪數成首選，打造精緻銀髮生活,/life-proposal/space_design_smallhouse2_20240521/,14,14,14,1,11.142857142857142
(direct) / (none),(direct),通用設計打造友善居住：臥室、客廳與陽台規劃重點，提升全家生活品質,/life-proposal/universal-design-home2-20220722/,14,14,14,1,1.2142857142857142
(direct) / (none),(direct),財經Ｍ平方 - 遠雄房地產,/life_proposal/experts_point/獨家專欄/財經ｍ平方/,14,14,14,1,1.7857142857142858
(direct) / (none),(direct),預約賞屋手機驗證 - 遠雄房地產,/mob_verify/,14,14,14,1,17.428571428571427
google / cpc,gdn-4,預約賞屋手機驗證 - 遠雄房地產,/mob_verify/,14,14,15,1.0714285714285714,21.642857142857142
(direct) / (none),(direct),好友主題報-2023年11月 - 遠雄房地產,/november2023/,14,14,14,1,0.2857142857142857
fb / bh8,fb32-1,遠房實價登錄,/,13,14,17,1.3076923076923077,0
liff.line.me / referral,(referral),遠雄房地產,/campaign,13,14,22,1.6923076923076923,0
google / organic,(organic),什麼是清水模？從柯比意到安藤忠雄，解析清水混凝土原始懾人之美,/life-proposal/exposed_concrete_20220914/,13,14,15,1.1538461538461537,100.61538461538461
google / organic,(organic),買房必看社區管理！從財報、公設維護到梯間雜物，評估管委會營運力,/life-proposal/land_rules/,13,14,17,1.3076923076923077,47.30769230769231
google / organic,(organic),2026 下半年全球央行決策解析：聯準會、歐洲與日本央行的資產配置新思維,/life-proposal/expert_macromicro_market-analysis/,12,14,15,1.25,45.666666666666664
google / organic,(organic),買房必看周邊環境！解析嫌惡設施對房價影響，掌握不動產說明書關鍵,/life-proposal/unwanted20220610/,12,14,13,1.0833333333333333,75.83333333333333
line-lap / 5vo1,5-3,【聯上智科】輝達軸線核心｜北士科福國路首排，純商辦地標，符合ESG指標｜預約尊榮鑑賞 遠雄房地產 聯上智科,/buildings/5vo1/,10,14,14,1.4,0.4
tw.search.yahoo.com / referral,(referral),遠雄琉蘊 -台中市西屯區七期預售屋/新建案-預約賞屋，遠雄房地產,/buildings/bh5/,10,14,16,1.6,57.1
(direct) / (none),(direct),空間規劃設計美學,/campaign/index.html,9,14,4,0.4444444444444444,41.333333333333336
(not set),20260805一輪播,【遠雄蘊合】千坪旗艦，親水生活｜收納中西區最美流動26-43坪．新案早鳥預約,/buildings/dh6/,8,14,13,1.625,5
(not set),台中全區,台中預售屋怎麼挑？各區房價、TOP36建案分析，買屋前必看！,/life-proposal/area_presold-house-in-taichung/,7,14,10,1.4285714285714286,9.571428571428571
yahoo_native / 5vo1,7-4,【聯上智科】輝達軸線核心｜北士科福國路首排，純商辦地標，符合ESG指標｜預約尊榮鑑賞 遠雄房地產 聯上智科,/buildings/5vo1/,1,14,14,14,12
lm.facebook.com / referral,(referral),遠房實價登錄,/,13,13,14,1.0769230769230769,0
web-udn / rsh1,web-udn0724,遠房實價登錄,/,13,13,15,1.1538461538461537,0.6923076923076923
farglory.com.tw / referral,(referral),遠雄房地產：最懂生活的購屋專家｜卓越建築品質，圓滿您的家,/,13,13,19,1.4615384615384615,14.923076923076923
web-ettoday / ao1,2ndfloor,遠雄房地產：最懂生活的購屋專家｜卓越建築品質，圓滿您的家,/,13,13,13,1,0
GDC / (not set),GDC,遠雄房地產：最懂生活的購屋專家｜卓越建築品質，圓滿您的家,/,13,13,13,1,0.9230769230769231
web-ettoday / ao1,louisacoffee,遠雄房地產：最懂生活的購屋專家｜卓越建築品質，圓滿您的家,/,13,13,13,1,0.9230769230769231
(direct) / (none),(direct),遠雄房地產官網滿意度問券調查-2025年第四季-得獎公告 - 遠雄房地產,/activity-report/2025q4/,13,13,13,1,1.5384615384615385
(direct) / (none),(direct),【遠雄房地產公告】近期資訊詐騙頻傳，請特別注意 - 遠雄房地產,/activity-report/sms_20240605/,13,13,13,1,1.2307692307692308
(direct) / (none),(direct),來遠雄合雅一起HOYA(好野)過好年！ - 遠雄房地產,/activity-report/來遠雄合雅一起hoya好野過好年！/,13,13,13,1,0.38461538461538464
(direct) / (none),(direct),遠雄房地產 官方LINE | 萬馬奔騰! 九萬好友! - 遠雄房地產,/activity-report/遠雄房地產-官方line-萬馬奔騰-九萬好友/,13,13,13,1,0.9230769230769231
(direct) / (none),(direct),遠雄敦富新春不打烊．萬千寵愛．禮遇富足 - 遠雄房地產,/activity-report/遠雄敦富新春不打烊．萬千寵愛．禮遇富足/,13,13,13,1,0.7692307692307693
(direct) / (none),(direct),商廠辦 彙整 - 遠雄房地產,/building-tag/商廠辦/,13,13,13,1,0
(direct) / (none),(direct),招待會所 彙整 - 遠雄房地產,/building-tag/招待會所/,13,13,13,1,1.4615384615384615
google / cpc,landmark0701,遠雄14期首發【遠雄丰尚】北屯新案．漢神洲際購物廣場350m,/buildings/bh11/,13,13,14,1.0769230769230769,9.384615384615385
google_kw / fm3,(referral),大河商爵-台北市士林區廠辦/預售新建案-預約賞屋，遠創力行銷,/buildings/dgm1/,13,13,20,1.5384615384615385,2.1538461538461537
fb / dgm1,fb20267-7,大河商爵-台北市士林區廠辦/預售新建案-預約賞屋，遠創力行銷,/buildings/dgm1/,13,13,13,1,1.3846153846153846
fb / dh6,11,【遠雄蘊合】千坪旗艦，親水生活｜收納中西區最美流動26-43坪．新案早鳥預約,/buildings/dh6/,13,13,14,1.0769230769230769,20.076923076923077
fb / paid,120241576684200634,【遠雄蘊合】千坪旗艦，親水生活｜收納中西區最美流動26-43坪．新案早鳥預約,/buildings/dh6/,13,13,19,1.4615384615384615,24.384615384615383
web-ettoday / h902,20231020,遠雄琢蘊-高雄市三民區預售屋/新建案-預約賞屋，遠雄房地產,/buildings/h902/,13,13,13,1,3.1538461538461537
google_kw / rsh1,buyhouse,若水秧翠｜東京視野・頂埔門牌｜1~3房．20~42坪,/buildings/rsh1/,13,13,12,0.9230769230769231,7.6923076923076925
google_kw / wdh2,buyhouse,天母蒔麗｜15~25坪．1-2房｜北投行義路，近石牌站,/buildings/wdh2/,13,13,13,1,0.38461538461538464
(direct) / (none),(direct),熱銷建案一覽：遠雄全台預售屋、新建案與新成屋，尋獲理想家園,/case/search/building-category-tag/134/tel:0800009168/,13,13,13,1,0.7692307692307693
(direct) / (none),(direct),熱銷建案一覽：遠雄全台預售屋、新建案與新成屋，尋獲理想家園,/case/search/building-category-tag/135/,13,13,13,1,4.076923076923077
(direct) / (none),(direct),熱銷建案一覽：遠雄全台預售屋、新建案與新成屋，尋獲理想家園,/case/search/city/高雄市/,13,13,13,1,0.5384615384615384
(direct) / (none),(direct),熱銷建案一覽：遠雄全台預售屋、新建案與新成屋，尋獲理想家園,/case/search/page/6/,13,13,13,1,2.769230769230769
(direct) / (none),(direct),熱銷建案一覽：遠雄全台預售屋、新建案與新成屋，尋獲理想家園,/case/search/sales_status/hot-sale/tel:0800009168/,13,13,13,1,1.0769230769230769
fgr-line / fgr,expert_hoshichang_vacancy-rate,遠雄房地產官方LINE,/ebook,13,13,13,1,81.38461538461539
(direct) / (none),(direct),運河星鑽特區 彙整 - 遠雄房地產,/life-proposal-tag/5、區域/1區域地段/縣市/台南市/中西區/運河星鑽特區/,13,13,13,1,0
(direct) / (none),(direct),冷氣清潔與保養全攻略：DIY七步驟維持涼爽 - 遠雄房地產,/life-proposal/air_condition20220617/,13,13,13,1,4.076923076923077
(direct) / (none),(direct),建案熱區巡禮：台南永康大灣重劃區 - 交通篇 - 遠雄房地產,/life-proposal/area-hotspot-tnn-dawan_traffic_20240313/,13,13,13,1,2.1538461538461537
(direct) / (none),(direct),建案熱區巡禮：高雄楠梓區高大特區 - 交通篇 - 遠雄房地產,/life-proposal/area-kaohsiung-nanzi_nuk_traffic_20250307/,13,13,13,1,11
(direct) / (none),(direct),建案熱區巡禮：高雄三民區老市心新重劃，首購換屋都適宜 - 遠雄房地產,/life-proposal/area-l-kaohsiung-sanmin20220520/,13,13,13,1,0.46153846153846156
(direct) / (none),(direct),高雄科工館商圈交通升等！捷運黃線 Y9 站與快捷車站帶動核心發展,/life-proposal/area-s-kaohsiung-nstm20220520/,13,13,13,1,0.7692307692307693
(direct) / (none),(direct),北屯 11 期坐穩未來新都心：漢神巨蛋到位，解析台中最宜居質感生活圈,/life-proposal/area-s-taichung-11_20220916/,13,13,13,1,0.8461538461538461
(direct) / (none),(direct),台南中西區運河星鑽特區坐擁頂級水岸生活圈 | 建案熱區巡禮 - 遠雄房地產,/life-proposal/area-s-tainan_west-central_redevelop_diamond_20250502/,13,13,13,1,1
(direct) / (none),(direct),台中西屯七期重劃區核心生活圈 | 建案熱區巡禮 - 遠雄房地產,/life-proposal/area-txg-7th_function_20231107/,13,13,13,1,6.923076923076923
google / organic,(organic),台中機廠特區學區解析：南興國中小 115 學年招生，明星私校在側,/life-proposal/area_txg_beitun_depot_school_20240522/,13,13,13,1,40.07692307692308
(direct) / (none),(direct),地震來時你家安全嗎？一次搞懂制震器、阻尼器原理與抗震建築結構,/life-proposal/earthquake-taylor/,13,13,13,1,6.3076923076923075
google / organic,(organic),地震來時你家安全嗎？一次搞懂制震器、阻尼器原理與抗震建築結構,/life-proposal/earthquake-taylor/,13,13,14,1.0769230769230769,62.23076923076923
(direct) / (none),(direct),2023製造業何時回溫？從半導體、汽車與中國房產解析全球築底時程,/life-proposal/expert_macromicro_20230516/,13,13,13,1,7.153846153846154
(direct) / (none),(direct),人民幣貶破 7.3 關口！解析中國降準阻貶效應與經濟基本面轉折點,/life-proposal/expert_macromicro_mac_rmb_20230928/,13,13,13,1,0.15384615384615385
(direct) / (none),(direct),[影音] 下半年房市走勢利多與利空一次看！｜劉佩真觀點 - 遠雄房地產,/life-proposal/expert_peizhen_bullbear-2025h2__20250829/,13,13,13,1,0.3076923076923077
(direct) / (none),(direct),限貸令對各族群影響 (上) 選擇性信用管制解析與問題點｜專家觀點地政篇 - 遠雄房地產,/life-proposal/expert_zhu_loan-restriction_20250110/,13,13,13,1,1.5384615384615385
(direct) / (none),(direct),[影音] 豪宅稅與新舊制判斷：繼承房產節稅與限貸令規範｜專家觀點地政篇 - 遠雄房地產,/life-proposal/expert_zhu_mansion-tax-definition_vedio_20250523/,13,13,13,1,3.3076923076923075
(direct) / (none),(direct),[影音] 預售屋購買注意事項大解析－了解預售屋制度與現況｜專家觀點地政篇 - 遠雄房地產,/life-proposal/expert_zhu_property_presalerule_vedio_20240726/,13,13,13,1,1.2307692307692308
(direct) / (none),(direct),如何預防不動產詐騙？掌握地政便民服務，防止房屋被惡意移轉,/life-proposal/expert_zhu_property_scam_20240604/,13,13,13,1,8.153846153846153
mkto-sn070013.com / referral,(referral),預告登記如何合法節稅？遲延交屋的產權保障與盲點解析,/life-proposal/expert_zhu_tax-notice/,13,13,13,1,48.30769230769231
(direct) / (none),(direct),建案熱區巡禮：遠雄豐河入住中和左岸，享受大台北水岸第一排遼闊景緻,/life-proposal/h101b/,13,13,13,1,1.4615384615384615
google / organic,(organic),龜山 AI 黃金廊道成形｜輝達效應帶動廠辦轉型，遠雄 MetaLink 導入 ESG 共享設計,/life-proposal/hm2_guishan-ai/,13,13,14,1.0769230769230769,34.76923076923077
(direct) / (none),(direct),什麼是北歐風？打造自然簡約的木質居所,/life-proposal/nordic_design_20221219/,13,13,13,1,0.5384615384615384
(direct) / (none),(direct),公共基金全解析：管委會公設點交後提撥，守護社區維護與修繕經費,/life-proposal/renovation_loan20220617/,13,13,13,1,3.923076923076923
(direct) / (none),(direct),從綠建材實踐 ESG！SDGs 目標 13 減緩氣候變遷，打造低負擔永續宅,/life-proposal/space_design_cooldown_20240804/,13,13,13,1,3.1538461538461537
(direct) / (none),(direct),抗酷暑 ! 室內空間降溫這樣做，植栽除了打造綠色空間也能降溫 - 遠雄房地產,/life-proposal/space_design_greencooldown_20240903/,13,13,13,1,4.769230769230769
(direct) / (none),(direct),房屋稅 2.0 自住稅率全攻略：新增戶籍登記規範，單一自住調降至 1%,/life-proposal/tax_mitigation_housetax_20220902/,13,13,14,1.0769230769230769,1.0769230769230769
(direct) / (none),(direct),遠雄攜手李祖原：中和左岸橋景觀住宅，享受大師美學與無價視野,/life-proposal/zhonghe-river/,13,13,13,1,0.3076923076923077
google / organic,(organic),購屋知識：買屋流程、稅法與貸款全攻略，遠雄房地產專業置產指引,/life_proposal/buying_knowledge/,13,13,16,1.2307692307692308,13.846153846153847
(direct) / (none),(direct),遠雄香榭園(新北市中和區)住戶-詹先生夫婦口碑推薦- 遠雄房地產,/wom-recommendation/zhan-couple/,13,13,13,1,0
fb / ar1,fb14-2,遠房實價登錄,/,12,13,13,1.0833333333333333,0
fb / ar1,fb14-2,齊興_緻：北士科住宅預售屋，入主北投核心地段，立即預約賞屋,/buildings/ar1/,12,13,13,1.0833333333333333,65.08333333333333
google / cpc,(organic),台中遠雄洄山行：2-4房方正格局，入主西屯生活圈的質感好宅,/buildings/bh8/,12,13,15,1.25,82.83333333333333
(direct) / (none),(direct),小花園壓克力畫手作,/campaign/index.html,12,13,4,0.3333333333333333,59.333333333333336
(direct) / (none),(direct),遠雄樂元-商圈夥伴交流午宴,/campaign/index.html,12,13,1,0.08333333333333333,72.91666666666667
(not set),20260805一輪播,自用住宅免稅400萬怎麼申請？「持有、設籍、實住」3點不能忽略 | 專家觀點地政篇 - 遠雄房地產,/life-proposal/expert_zhu_ownership-criteria/,12,13,2,0.16666666666666666,0.75
google / organic,(organic),遠房好友電子報：訂閱房市情報與會員好禮，掌握第一手購屋資訊,/farglory-realty_edm/,11,13,13,1.1818181818181819,13.090909090909092
google / organic,(organic),高雄信義計畫區！農 16 特區串聯巨蛋與美術館，新市政中心交通全解析,/life-proposal/area-s-kaohsiung-farm1620200520/,11,13,14,1.2727272727272727,59.54545454545455
(not set),20260805一輪播,戶籍遷入辦理教學｜買房後戶籍異動流程與準備文件全攻略 - 遠雄房地產,/life-proposal/land_household_registration/,11,13,1,0.09090909090909091,7.454545454545454
google / organic,(organic),室內採光不足怎麼辦？五大採光妙招報你知，打造明亮通透居家感,/life-proposal/natural_lighting20220708/,11,13,14,1.2727272727272727,41.90909090909091
web-udn / rsh1,web-udn0731,若水秧翠｜東京視野・頂埔門牌｜1~3房．20~42坪,/buildings/rsh1/,9,13,13,1.4444444444444444,41.44444444444444
google / organic,(organic),[影音] 地面師詐騙實例解析 - 三招防止房產被冒名過戶｜專家觀點地政篇 - 遠雄房地產,/life-proposal/expert_zhu_taiwan-land-scam/,9,13,12,1.3333333333333333,40.333333333333336
google / organic,(organic),預售屋履約保證懶人包：五種模式、成本與消費者權益保障全解析,/life-proposal/performance_guarantee_20221914/,9,13,13,1.4444444444444444,56.111111111111114
(not set),20260813一輪播,守護個人資訊安全，一起保障您的隱私權益｜ 遠雄房地產,/privacy/,9,13,8,0.8888888888888888,3
bing / organic,(organic),台中遠雄洄山行：2-4房方正格局，入主西屯生活圈的質感好宅,/buildings/bh8/,8,13,11,1.375,125.375
google / organic,(organic),[影音] 停車位買賣詳細解析-你需要知道的車位權利｜專家觀點地政篇 - 遠雄房地產,/life-proposal/expert_zhu_property_parking_vedio_20240828/,8,13,12,1.5,59.75
line-lap / dh2,4,台南永康遠雄山禾：鹽行特區3-4房，鄰商圈與交通樞紐的理想宅,/buildings/dh2/,4,13,13,3.25,0
(not set),20260805一輪播,【2026 遺產稅修法】夫妻剩餘財產請求權：最強節稅利器，讓稅金直接對半砍！ - 遠雄房地產,/life-proposal/expert_zhu_inheritance-tax-2026-2/,4,13,9,2.25,55
mkto-sn070013.com / referral,(referral),預售屋付款方式有哪些？要準備多少錢？掌握付款5階段與注意事項,/life-proposal/pre-sale-house-payment-methods/,2,13,12,6,239
mkto-sn070013.com / referral,(referral),【2026 遺產稅修法】夫妻剩餘財產請求權：最強節稅利器，讓稅金直接對半砍！ - 遠雄房地產,/life-proposal/expert_zhu_inheritance-tax-2026-2/,1,13,13,13,0
fb / eh2,fb13-3,遠雄一靚：楠梓高大特區首發新案，2432坪大基地，早鳥預約諮詢中,/buildings/eh2/,12,12,12,1,19.583333333333332
yahoo_native / 5vo1,7-5,【聯上智科】輝達軸線核心｜北士科福國路首排，純商辦地標，符合ESG指標｜預約尊榮鑑賞 遠雄房地產 聯上智科,/buildings/5vo1/,1,12,10,10,1
web-ettoday / h902,20230615,遠房實價登錄,/,12,12,12,1,0
google / cpc,banqiao.townhouse,遠房實價登錄,/,12,12,16,1.3333333333333333,0
web / fb2,googlemap,遠房實價登錄,/,12,12,14,1.1666666666666667,0
google / organic,(organic),遠雄房地產,/,12,12,12,1,1.75
web-ettoday / O1,20220811,遠雄房地產：最懂生活的購屋專家｜卓越建築品質，圓滿您的家,/,12,12,12,1,0.3333333333333333
GDC / (not set),GDCbuilding/成都遠雄風華園-3.html,遠雄房地產：最懂生活的購屋專家｜卓越建築品質，圓滿您的家,/,12,12,12,1,0
google / cpc,gdn-4,遠雄房地產：最懂生活的購屋專家｜卓越建築品質，圓滿您的家,/,12,12,15,1.25,48.083333333333336
fg-land / group,homepage-0311,遠雄房地產：最懂生活的購屋專家｜卓越建築品質，圓滿您的家,/,12,12,12,1,0.5
(direct) / (none),(direct),好友主題報-2024年5月 - 遠雄房地產,/2024may/,12,12,12,1,0.5833333333333334
(direct) / (none),(direct),遠雄丰尚✨2026丰尚植春秀✨ - 遠雄房地產,/activity-report/2026cnybh/,12,12,12,1,3
(direct) / (none),(direct),【遠雄住戶專享】2021台北世貿冬季旅展免費索票👉 - 遠雄房地產,/activity-report/ucity_dec_travel/,12,12,12,1,0.3333333333333333
(direct) / (none),(direct),遠雄住戶專享｜2023親親海洋夜未眠 - 遠雄房地產,/activity-report/ucity_occean_20230822/,12,12,12,1,0.08333333333333333
(direct) / (none),(direct),2021遠雄集團 全新形象願景影片,/activity-report/vision-film/,12,12,12,1,0.3333333333333333
(direct) / (none),(direct),【遠雄住戶專享】台北寵物展免費入場 - 遠雄房地產,/activity-report/【遠雄住戶專享】台北寵物展免費入場/,12,12,12,1,2
(direct) / (none),(direct),遠雄峰蘊🐴馬躍峰境 蘊見好年 - 遠雄房地產,/activity-report/馬躍峰境-蘊見好年/,12,12,12,1,1
(direct) / (none),(direct),活動一覽：精選全台建案活動與會員專屬好禮，掌握第一手購屋優惠,/activity_report/activities_glance/,12,12,12,1,1.75
(direct) / (none),(direct),八月主題報 - 遠雄房地產,/august/,12,12,12,1,1.9166666666666667
(not set),(not set),遠雄房地產精選預售屋(台北、新北、台中、桃園、台南、高雄) - 遠雄房地產,/building-category-tag/featured_pre_sale/,12,12,12,1,9.583333333333334
google / cpc,demand,遠雄房地產精選預售屋(台北、新北、台中、桃園、台南、高雄) - 遠雄房地產,/building-category-tag/featured_pre_sale/,12,12,15,1.25,20.166666666666668
fb / wdh2,lbs-sms202608,遠雄房地產精選預售屋(台北、新北、台中、桃園、台南、高雄) - 遠雄房地產,/building-category-tag/featured_pre_sale/,12,12,12,1,11.916666666666666
(direct) / (none),(direct),學區宅相關預售屋/新成屋/新建案資料|遠雄房地產,/building-tag/build-tag-school/,12,12,12,1,4.916666666666667
fb / 5vo1,7-7,【聯上智科】輝達軸線核心｜北士科福國路首排，純商辦地標，符合ESG指標｜預約尊榮鑑賞 遠雄房地產 聯上智科,/buildings/5vo1/,12,12,12,1,1.5833333333333333
line-lap / ar1,20260413-8-3,齊興_緻：北士科住宅預售屋，入主北投核心地段，立即預約賞屋,/buildings/ar1/,12,12,13,1.0833333333333333,0
web-udn / bh6,(not set),遠雄藝舍-台中西屯區麥當勞旁金店面-預約賞屋，遠雄房地產,/buildings/bh6/,12,12,12,1,3.3333333333333335
fb / bh7,25,【遠雄樂元】北屯機捷X好市多，雙首排大道最核心，夠近才最好,/buildings/bh7/,12,12,12,1,2.5
google / cpc,gdn-4,台中遠雄洄山行：2-4房方正格局，入主西屯生活圈的質感好宅,/buildings/bh8/,12,12,14,1.1666666666666667,81.66666666666667
fb / dgm1,fb20267-11,大河商爵-台北市士林區廠辦/預售新建案-預約賞屋，遠創力行銷,/buildings/dgm1/,12,12,12,1,9.75
fb / dh6,13,【遠雄蘊合】千坪旗艦，親水生活｜收納中西區最美流動26-43坪．新案早鳥預約,/buildings/dh6/,12,12,12,1,18.333333333333332
google / cpc,brand,遠雄一靚：楠梓高大特區首發新案，2432坪大基地，早鳥預約諮詢中,/buildings/eh2/,12,12,12,1,38.25
fb / paid,120241576684200634,遠房實價登錄,/,12,12,15,1.25,0
m.facebook.com / referral,(referral),遠雄MetaLink科技園區 | 3700坪超旗艦 森態企業總部,/buildings/hm2/,12,12,13,1.0833333333333333,1.25
google_kw / h713,(organic),熱銷建案：全台預售屋與新成屋一覽，遠雄房地產助您尋獲理想好宅,/case/,12,12,14,1.1666666666666667,25.75
google / cpc,gdn-4,熱銷建案：全台預售屋與新成屋一覽，遠雄房地產助您尋獲理想好宅,/case/,12,12,15,1.25,25.666666666666668
(direct) / (none),(direct),熱銷建案一覽：遠雄全台預售屋、新建案與新成屋，尋獲理想家園,/case/search/sales_status/coming-soon/tel:0800009168/,12,12,12,1,0.9166666666666666
(direct) / (none),(direct),聯絡我們｜提供專業諮詢服務，全心成就成家夢想，歡迎與我們聯繫,/contact_service/contact_us/,12,12,12,1,3.0833333333333335
(direct) / (none),(direct),遠雄菁英分享：代銷業務實戰心法，挑戰高薪成就頂尖房產職涯,/contact_service/elite_sharing/,12,12,16,1.3333333333333333,0.25
(direct) / (none),(direct),2025二月主題報 - 遠雄房地產,/feb2025/,12,12,12,1,0.3333333333333333
(direct) / (none),(direct),遠雄房地產 專家問答 - 遠雄房地產,/landing-page/expert/,12,12,12,1,0.9166666666666666
(direct) / (none),(direct),超級好友VIP推薦購屋大賞 推薦購屋送你遊東京! - 遠雄房地產,/landing-page/mgm/,12,12,12,1,4.75
(direct) / (none),(direct),生前贈與 彙整 - 遠雄房地產,/life-proposal-tag/2、市場/2稅務政策相關/gift_tax/生前贈與/,12,12,12,1,0
(direct) / (none),(direct),高大特區 彙整 - 遠雄房地產,/life-proposal-tag/5、區域/1區域地段/縣市/高雄市/楠梓區/高大特區/,12,12,12,1,0.3333333333333333
(direct) / (none),(direct),全齡宅 彙整 - 遠雄房地產,/life-proposal-tag/6、產品/4產品規劃-建築/a-建築規劃/全齡宅/,12,12,12,1,1.5
(direct) / (none),(direct),建築地標 彙整 - 遠雄房地產,/life-proposal-tag/6、產品/4產品規劃-建築/b-建築設計/spot/,12,12,12,1,0.8333333333333334
(direct) / (none),(direct),土地使用分區 彙整 - 遠雄房地產,/life-proposal-tag/policy/都市計畫/土地使用分區/,12,12,12,1,0
(direct) / (none),(direct),桃園龜山重大建設帶動發展利多 | 建案熱區巡禮 - 遠雄房地產,/life-proposal/area-l-taoyuan-guishan/,12,12,12,1,1.5
(direct) / (none),(direct),高雄三民中都重劃區-下一個隱富生態特區 | 建案熱區巡禮 - 遠雄房地產,/life-proposal/area-s-khh-central_20240502/,12,12,12,1,0.3333333333333333
(direct) / (none),(direct),建案熱區巡禮：台南中西區運河星鑽特區 - 綠地休憩篇 - 遠雄房地產,/life-proposal/area-tainan_west-central_redevelop_diamond_park_20250509/,12,12,12,1,9
(direct) / (none),(direct),建案熱區巡禮：北投士林科技園區 - 交通篇 - 遠雄房地產,/life-proposal/area-tpe-beitou_bstp_traffic_20240705/,12,12,12,1,0.6666666666666666
(direct) / (none),(direct),板橋府中與南雅學區指南：從明星國小、板橋高中到台藝大的完整文教資源,/life-proposal/area-tph_banqiao_school_20240902/,12,12,12,1,2.6666666666666665
(direct) / (none),(direct),台中港市鎮重劃區發展解析：捷運藍線與產業園區總覽,/life-proposal/area-txg-port_function_20240103/,12,12,13,1.0833333333333333,38.333333333333336
(direct) / (none),(direct),高雄三民區明星學區購屋：市心文教區 28 所學校，逐名校而居攻略,/life-proposal/area_hotspot_khh_sanmin_school_20231023/,12,12,12,1,1.9166666666666667
(direct) / (none),(direct),永康學區全攻略：從永康、大橋國中小到崑山、南台科大，完善教育網絡,/life-proposal/area_hotspot_tnn_yongkang_school_20231216/,12,12,12,1,4.083333333333333
(direct) / (none),(direct),台南鹽行重劃區交通全解析：北外環快速路網與國道機能，串聯南科核心,/life-proposal/area_tnn_yongkang_yanxing_traffic_20240324/,12,12,12,1,0.5
(direct) / (none),(direct),建案熱區巡禮：台中北屯區14期重劃區 - 交通篇 - 遠雄房地產,/life-proposal/area_txg_beitun_14th_traffic_20240925/,12,12,12,1,7.916666666666667
(direct) / (none),(direct),建案熱區巡禮：台中北屯機廠重劃區 - 綠地休憩篇 - 遠雄房地產,/life-proposal/area_txg_beitun_depot_park_20240529/,12,12,12,1,3.25
(direct) / (none),(direct),台灣房價高點趨緩？解析北市竹科走勢，以及新北桃園台中的剛需支撐,/life-proposal/expert_20230721_macromicro_korea/,12,12,12,1,1.1666666666666667
(direct) / (none),(direct),【商用不動產講堂】廠辦市場與資產配置 - 遠雄房地產,/life-proposal/expert_ken_topics_commerical_market_20240925/,12,12,12,1,0.6666666666666666
google / organic,(organic),如何防範裝潢詐騙？室內裝修合約必備條款與律師防詐指南,/life-proposal/expert_law_y-rlee_renovation-fraud/,12,12,12,1,50.25
(direct) / (none),(direct),2022房市總結：升息、疫情與打房利空夾擊，解析下半年六大走勢,/life-proposal/expert_li_2022property_20220722/,12,12,12,1,3.0833333333333335
(direct) / (none),(direct),建築產業何去何從？解析 AI 時代下的輕資產經營與房產長中短期趨勢,/life-proposal/expert_li_property_20230418/,12,12,12,1,0.25
(direct) / (none),(direct),美國 Q1 GDP 季增年率翻負！對等關稅下經濟怎麼走？｜財經M平方觀點 - 遠雄房地產,/life-proposal/expert_macromicro_fomc2025_20250618/,12,12,12,1,1.6666666666666667
(direct) / (none),(direct),銅價鐵礦砂為何走弱？解析能源轉型關鍵趨勢，看工業金屬長期看漲動能,/life-proposal/expert_macromicro_mec_energy_20240408/,12,12,12,1,1.8333333333333333
google / organic,(organic),輝達總部確立，房市受惠區在哪裡？｜何世昌觀點 - 遠雄房地產,/life-proposal/expert_thinktank_nvidia_20250729/,12,12,13,1.0833333333333333,86
(direct) / (none),(direct),預售屋契約書常見爭議與審閱要點：避開應記載與不得記載事項的陷阱,/life-proposal/expert_zhu_buyhouse_contract1_20240430/,12,12,12,1,0.25
web-edm / fg,2024MAY-3,[ 影音 ]房產移轉如何過戶子女才划算？｜專家觀點地政篇 - 遠雄房地產,/life-proposal/expert_zhu_inherited_20230512/,12,12,12,1,2.75
(direct) / (none),(direct),配偶贈與為何是節稅例外？法規與房地合一稅實務解析,/life-proposal/expert_zhu_property_divide_gifttax2_20241024/,12,12,12,1,1.3333333333333333
(direct) / (none),(direct),換屋族必知的不動產節稅規劃：重購退稅申請資格與流程影音詳解,/life-proposal/expert_zhu_tax_refunded_20231017/,12,12,12,1,1.1666666666666667
(direct) / (none),(direct),買房怎麼選？預售屋 vs 成屋全攻略：拆解毛胚屋、標配屋與實品屋差異,/life-proposal/handover202206010/,12,12,12,1,1.25
mkto-sn070013.com / referral,(referral),買房怎麼選？預售屋 vs 成屋全攻略：拆解毛胚屋、標配屋與實品屋差異,/life-proposal/handover202206010/,12,12,14,1.1666666666666667,64.66666666666667
(direct) / (none),(direct),六都交易量比重衝高：從買賣移轉棟數看見房市的弦外之音｜何世昌觀點 - 遠雄房地產,/life-proposal/housing-transactions/,12,12,12,1,3.9166666666666665
(direct) / (none),(direct),預售屋付款方式有哪些？要準備多少錢？掌握付款5階段與注意事項,/life-proposal/pre-sale-house-payment-methods/,12,12,14,1.1666666666666667,35.583333333333336
(direct) / (none),(direct),預售屋付款攻略：訂簽開、工程款到交屋，分階段減輕首購族壓力,/life-proposal/presale_payment_20221021/,12,12,12,1,0.5833333333333334
(direct) / (none),(direct),居家窗簾挑選有學問，窗簾種類與款式有哪些？ - 遠雄房地產,/life-proposal/space_design_curtain_20240714/,12,12,13,1.0833333333333333,8.916666666666666
(direct) / (none),(direct),打造居家舒適閱讀角落：從親子共讀到學子書房，全齡書香空間規劃,/life-proposal/space_style_reading_20240116/,12,12,12,1,2.1666666666666665
google / organic,(organic),看房注意事項有哪些？預售屋考察指標、挑選原則與簽約保障全攻略,/life-proposal/things-to-note-when-viewing-a-house-2/,12,12,13,1.0833333333333333,100.41666666666667
fg / button,SEO,遠雄房地產預約賞屋：線上看房結合實體導覽，開啟智慧購屋新體驗,/make_appointment/,12,12,12,1,0.08333333333333333
(direct) / (none),(direct),遠雄百富住戶分享：電子業總監鄧先生，解析入主質感名宅選房心法,/wom-recommendation/h100_director/,12,12,12,1,0.75
(direct) / (none),(direct),遠雄百富住戶-啟宗心理諮商所所長 林小姐 - 遠雄房地產,/wom-recommendation/h100_misslin/,12,12,12,1,0.6666666666666666
(direct) / (none),(direct),換屋首選品牌建商！遠雄一條龍經營與延長保固，讓全家人買房更安心,/wom-recommendation/h101_riverside/,12,12,12,1,0.3333333333333333
web-sms / cdp,cdpcid,遠房實價登錄,/,11,12,15,1.3636363636363635,0
fb / rsh1,fb8-3,遠房實價登錄,/,11,12,13,1.1818181818181819,0
fb / bh13,1,台中七期．在夏綠地，典藏最優雅的【夏綠蒂】25-38坪,/buildings/bh13/,11,12,16,1.4545454545454546,34
fb / bh5,60,遠雄琉蘊 -台中市西屯區七期預售屋/新建案-預約賞屋，遠雄房地產,/buildings/bh5/,11,12,12,1.0909090909090908,28.545454545454547
(direct) / (none),(direct),0829招財水晶樹手作活動,/campaign/index.html,11,12,8,0.7272727272727273,46.36363636363637
google / organic,(organic),建案熱區巡禮：高雄楠梓區高大特區 - 交通篇 - 遠雄房地產,/life-proposal/area-kaohsiung-nanzi_nuk_traffic_20250307/,11,12,15,1.3636363636363635,90.54545454545455
google / organic,(organic),防疫宅標配：當層排氣與全熱交換器，守護居家隔離空氣品質不逆流,/life-proposal/covid-exhaust/,11,12,12,1.0909090909090908,31.363636363636363
google / cpc,gdn-4,賴昭霖業務個人介紹 - 遠雄夏綠蒂,/sales/bh13/G1312/,11,12,13,1.1818181818181819,52.36363636363637
google / cpc,(referral),遠房實價登錄,/,10,12,14,1.4,0
google_kw / dh2,(organic),遠雄房地產精選預售屋(台北、新北、台中、桃園、台南、高雄) - 遠雄房地產,/building-category-tag/featured_pre_sale/,10,12,12,1.2,9.9
google_kw / bh8,competitor,台中遠雄洄山行：2-4房方正格局，入主西屯生活圈的質感好宅,/buildings/bh8/,10,12,12,1.2,0.1
(direct) / (none),(direct),遠雄一靚-洪梓芸-遠雄房地產 Farglory-Realty,/eh2/B5986,10,12,15,1.5,2.3
(not set),生活提案,樓梯間與梯廳公共設施：建築法規與容積計算完整解析 - 遠雄房地產,/life-proposal/regulations2_20230320/,10,12,2,0.2,2.8
google / organic,(organic),北屯 11 期坐穩未來新都心：漢神巨蛋到位，解析台中最宜居質感生活圈,/life-proposal/area-s-taichung-11_20220916/,9,12,12,1.3333333333333333,47.55555555555556
line-lap / 5vo1,7-2,【聯上智科】輝達軸線核心｜北士科福國路首排，純商辦地標，符合ESG指標｜預約尊榮鑑賞 遠雄房地產 聯上智科,/buildings/5vo1/,8,12,14,1.75,5.875
line / bh13,linemessage,台中七期．在夏綠地，典藏最優雅的【夏綠蒂】25-38坪,/buildings/bh13/,8,12,14,1.75,32
tw.search.yahoo.com / referral,(referral),遠雄蘴靚｜高雄楠梓新門戶｜捷運R21站旁｜3795坪豪闊基地,/buildings/eh6/,8,12,13,1.625,72.625
(not set),20260805一輪播,遠雄蘴靚｜高雄楠梓新門戶｜捷運R21站旁｜3795坪豪闊基地,/buildings/eh6/,8,12,10,1.25,45
(not set),20260813一輪播,台中七期．在夏綠地，典藏最優雅的【夏綠蒂】25-38坪,/buildings/bh13/,7,12,7,1,10.571428571428571
(not set),20260828一輪播,熱銷建案一覽：遠雄全台預售屋、新建案與新成屋，尋獲理想家園,/case/search/page/2/,4,12,13,3.25,6.25
line-lap / dh2,4,遠房實價登錄,/,3,12,12,4,0
mkto-sn070013.com / referral,(referral),買房別只看所有權！地政士解析：車位、頂加、露台的法律權益攻略,/life-proposal/expert_zhu_house-purchase-risks/,3,12,12,4,91
ig / paid,120250075988070316,遠房實價登錄,/,12,12,16,1.3333333333333333,0
fb / bh5,60,遠房實價登錄,/,11,11,12,1.0909090909090908,0
yahoo_native / 5vo1,5-2,【聯上智科】輝達軸線核心｜北士科福國路首排，純商辦地標，符合ESG指標｜預約尊榮鑑賞 遠雄房地產 聯上智科,/buildings/5vo1/,0,11,11,null,null
line-lap / ar1,20260413-8-3,遠房實價登錄,/,11,11,12,1.0909090909090908,0
webnews / bh6,(not set),遠房實價登錄,/,11,11,11,1,0
ucity_WEB / homelink,(not set),遠雄房地產：最懂生活的購屋專家｜卓越建築品質，圓滿您的家,/,11,11,11,1,0.09090909090909091
web-businessweekly / o1,20211201,遠雄房地產：最懂生活的購屋專家｜卓越建築品質，圓滿您的家,/,11,11,11,1,0
GDC / (not set),GDCbuilding/category/16/,遠雄房地產：最懂生活的購屋專家｜卓越建築品質，圓滿您的家,/,11,11,11,1,0
GDC / (not set),GDCbuilding/遠雄晴空樹-14.html,遠雄房地產：最懂生活的購屋專家｜卓越建築品質，圓滿您的家,/,11,11,11,1,0
GDC / (not set),GDCchina,遠雄房地產：最懂生活的購屋專家｜卓越建築品質，圓滿您的家,/,11,11,11,1,1.8181818181818181
google_kw / vg,project,遠雄房地產：最懂生活的購屋專家｜卓越建築品質，圓滿您的家,/,11,11,11,1,0.09090909090909091
(direct) / (none),(direct),關於我們｜從建築到永續服務，全方位成就圓夢生活,/about/,11,11,11,1,2.272727272727273
(direct) / (none),(direct),影像光廊：建案風采-遠雄房地產,/about/brand_gallery/,11,11,21,1.9090909090909092,3.090909090909091
(direct) / (none),(direct),關於遠創力：遠雄房地產行銷顧問，以創新思維定義建築新價值,/about/telecreative_marketing/,11,11,11,1,2.5454545454545454
(direct) / (none),(direct),案場活動 彙整 - 遠雄房地產,/activity-report-category/activities_glance/activities_glance_list/ag_case_activities/,11,11,11,1,0.8181818181818182
(direct) / (none),(direct),2022虎威笙風源春意，遠雄自主高規格防疫，新春安心賞屋不打烊 - 遠雄房地產,/activity-report/2022cny/,11,11,11,1,2.4545454545454546
(direct) / (none),(direct),郭博州創作特展「逸遊情外」 - 遠雄房地產,/activity-report/art_gallery_202110/,11,11,11,1,0.9090909090909091
(direct) / (none),(direct),新春福到好運到，「龍」來藏萃領紅包！ - 遠雄房地產,/activity-report/dh5_cny_20240202/,11,11,11,1,0.7272727272727273
(direct) / (none),(direct),遠雄房地產LINE官方帳號活動 - 升級超級好友週週抽活動,/activity-report/line_apr_lottery/,11,11,11,1,1
(direct) / (none),(direct),【遠雄住戶專享】1212年終趴｜指定商品75折！ - 遠雄房地產,/activity-report/ucity_dec_hair/,11,11,11,1,1.3636363636363635
(direct) / (none),(direct),遠雄專屬優惠！共賞經典果陀劇目 - 遠雄房地產,/activity-report/ucity_drama_20230614/,11,11,11,1,1.3636363636363635
(direct) / (none),(direct),遠雄房地產 官方LINE | 十萬知音，十萬感謝🎉 - 遠雄房地產,/activity-report/遠雄房地產-官方line-十萬知音，十萬感謝🎉/,11,11,14,1.2727272727272727,9.727272727272727
(direct) / (none),(direct),遠雄房地產 官方LINE | 端午限定🐲大巨蛋VIP專屬貴賓席 - 遠雄房地產,/activity-report/遠雄房地產-官方line-端午限定🐲大巨蛋vip專屬貴賓席/,11,11,11,1,1
(direct) / (none),(direct),遠雄房地產 官方LINE | 好友大募集 獨享雙重抽 - 遠雄房地產,/activity-report/遠雄房地產-官方line-第四季接待中心好友活動/,11,11,11,1,1.0909090909090908
(direct) / (none),(direct),遠雄星呈🐴駿年好運到．行館新歲時 - 遠雄房地產,/activity-report/遠雄星呈🐴駿年好運到．行館新歲時/,11,11,11,1,0.45454545454545453
(direct) / (none),(direct),遠雄明玥 | 北士科水岸新生活．2000坪全街廓，只蓋一棟｜25-46坪-蔡定誠-遠雄房地產 Farglory-Realty,/ah1/B4720,11,11,12,1.0909090909090908,15.363636363636363
google / cpc,O1_品牌字_2025.0801,遠雄房地產精選成屋(台北、新北、台中、桃園、台南、高雄) - 遠雄房地產,/building-category-tag/featured_existing_house/,11,11,15,1.3636363636363635,12
google / cpc,brand0701,遠雄房地產精選預售屋(台北、新北、台中、桃園、台南、高雄) - 遠雄房地產,/building-category-tag/featured_pre_sale/,11,11,16,1.4545454545454546,16
google / cpc,othercities_brand,遠雄房地產精選預售屋(台北、新北、台中、桃園、台南、高雄) - 遠雄房地產,/building-category-tag/featured_pre_sale/,11,11,11,1,10.454545454545455
fb / 5vo1,7-4,【聯上智科】輝達軸線核心｜北士科福國路首排，純商辦地標，符合ESG指標｜預約尊榮鑑賞 遠雄房地產 聯上智科,/buildings/5vo1/,11,11,11,1,2.727272727272727
fb / bh11,6-5,遠雄14期首發【遠雄丰尚】北屯新案．漢神洲際購物廣場350m,/buildings/bh11/,11,11,11,1,4.363636363636363
fb / bh11,6-5,遠雄14期首發【遠雄丰尚】北屯新案．近漢神洲際百貨,/buildings/bh11/,11,11,12,1.0909090909090908,18.636363636363637
web-ettoday / bh6,web-ettodayCheng,遠雄藝舍-台中西屯區麥當勞旁金店面-預約賞屋，遠雄房地產,/buildings/bh6/,11,11,11,1,5.454545454545454
fb / bh7,30,【遠雄樂元】北屯機捷X好市多，雙首排大道最核心，夠近才最好,/buildings/bh7/,11,11,11,1,11.090909090909092
google / cpc,(organic),高雄建案推薦【遠雄峰蘊】- 三民區預售屋．近科工館,/buildings/eh1/,11,11,13,1.1818181818181819,64.36363636363636
web-sms / cdp,cdpcid,高雄建案推薦【遠雄峰蘊】- 三民區預售屋．近科工館,/buildings/eh1/,11,11,14,1.2727272727272727,1.8181818181818181
google / cpc,information2,遠雄一靚：楠梓高大特區首發新案，2432坪大基地，早鳥預約諮詢中,/buildings/eh2/,11,11,12,1.0909090909090908,19.545454545454547
fb / eh6,fb4-4,遠雄蘴靚｜高雄楠梓新門戶｜捷運R21站旁｜3795坪豪闊基地,/buildings/eh6/,11,11,11,1,6.454545454545454
fb / fh2,fb5-1,遠雄合雅｜板橋之心・合院之上｜2~4房．24~66坪,/buildings/fh2/,11,11,12,1.0909090909090908,15.636363636363637
google_kw / fm3,(organic),遠雄信義CENTER-新北市板橋區廠辦.商辦/預售新建案-預約賞屋,/buildings/fm3/,11,11,11,1,11.090909090909092
google / cpc,brand,遠雄琢蘊-高雄市三民區預售屋/新建案-預約賞屋，遠雄房地產,/buildings/h902/,11,11,11,1,20.09090909090909
fb / rsh1,fb8-5,若水秧翠｜東京視野・頂埔門牌｜1~3房．20~42坪,/buildings/rsh1/,11,11,11,1,10.636363636363637
mydachi / rsh1,mydachi-website0703,若水秧翠｜東京視野・頂埔門牌｜1~3房．20~42坪,/buildings/rsh1/,11,11,12,1.0909090909090908,23.363636363636363
fb / wdh2,fbfanpage0807,天母蒔麗｜15~25坪．1-2房｜北投行義路，近石牌站,/buildings/wdh2/,11,11,12,1.0909090909090908,9.272727272727273
google / cpc,brand,熱銷建案：全台預售屋與新成屋一覽，遠雄房地產助您尋獲理想好宅,/case/,11,11,13,1.1818181818181819,7.2727272727272725
(direct) / (none),(direct),熱銷建案一覽：遠雄全台預售屋、新建案與新成屋，尋獲理想家園,/case/search/city/台中市/page/2/,11,11,11,1,2.8181818181818183
(direct) / (none),(direct),熱銷建案一覽：遠雄全台預售屋、新建案與新成屋，尋獲理想家園,/case/search/city/新北市/,11,11,11,1,0.36363636363636365
ig / social,ig,熱銷建案一覽：遠雄全台預售屋、新建案與新成屋，尋獲理想家園,/case/search/page/2/,11,11,12,1.0909090909090908,13.181818181818182
(direct) / (none),(direct),熱銷建案一覽：遠雄全台預售屋、新建案與新成屋，尋獲理想家園,/case/search/sales_status/coming-soon/tel:0800009168/page/2/,11,11,11,1,0.2727272727272727
(direct) / (none),(direct),2026二月主題報 - 遠雄房地產,/feb2026/,11,11,11,1,2
(not set),20260805一輪播,遠雄房地產,/integrate,11,11,26,2.3636363636363638,0
(direct) / (none),(direct),加入遠雄築夢齊飛！成就房地產專業職涯，共創卓越未來,/join_farglory/,11,11,11,1,0.09090909090909091
(direct) / (none),(direct),遠雄明水漾 彙整 - 遠雄房地產,/life-proposal-tag/8、遠雄房地產建案/遠雄明水漾/,11,11,11,1,0
(direct) / (none),(direct),地緣政治 彙整 - 遠雄房地產,/life-proposal-tag/macroeconomics-2/地緣政治/,11,11,11,1,1
(direct) / (none),(direct),關稅政策 彙整 - 遠雄房地產,/life-proposal-tag/macroeconomics-2/川普行政命令/關稅政策/,11,11,11,1,0.2727272727272727
(direct) / (none),(direct),建商評價 彙整 - 遠雄房地產,/life-proposal-tag/建商評價/,11,11,11,1,0.8181818181818182
google / organic,(organic),高雄楠梓區 - 從工業重鎮到經濟新引擎的崛起 | 建案熱區巡禮 - 遠雄房地產,/life-proposal/area-l-kaohsiung-nanzi_20250121/,11,11,11,1,86.27272727272727
google / organic,(organic),漢神、巨蛋雙引擎，北台中新核心北屯14期 | 建案熱區巡禮 - 遠雄房地產,/life-proposal/area_txg_beitun_14th_function_20250829/,11,11,11,1,74.63636363636364
(direct) / (none),(direct),北屯機廠重劃區軌道經濟！捷運台鐵雙效、洲際漢神購物中心全解析,/life-proposal/area_txg_beitun_depot_traffic_20240606/,11,11,11,1,4
(direct) / (none),(direct),防疫宅標配：當層排氣與全熱交換器，守護居家隔離空氣品質不逆流,/life-proposal/covid-exhaust/,11,11,11,1,0
(direct) / (none),(direct),台版地面師如何騙走你的不動產?｜永然法律不動產專欄 - 遠雄房地產,/life-proposal/expert_law_y-rlee_land-agent_20250904/,11,11,11,1,0.8181818181818182
(direct) / (none),(direct),共同繼承來的房地產，要如何進行分割呢？ | 永然法律不動產專欄 - 遠雄房地產,/life-proposal/expert_law_y-rlee_property-division/,11,11,12,1.0909090909090908,30.454545454545453
(direct) / (none),(direct),房市末升段甩尾！解析 2023 新青安專案對房市降溫與市場機制的影響,/life-proposal/expert_li_2024trend_20240711/,11,11,12,1.0909090909090908,5.363636363636363
(direct) / (none),(direct),Al新十大建設對未來房市的具體影響｜李同榮觀點 - 遠雄房地產,/life-proposal/expert_li_ai-projects_20250715/,11,11,11,1,5.363636363636363
(direct) / (none),(direct),2026首季商用不動產998億新高！AI與半導體剛需成最強支柱,/life-proposal/expert_liu_2026-market-high/,11,11,11,1,2.727272727272727
(direct) / (none),(direct),2025年第二季房市觀測 - 關稅、打炒房持續等利空，Q3房市景氣還有機會回升嗎？｜劉佩真觀點 - 遠雄房地產,/life-proposal/expert_peizhen_property-2025q2_20250707/,11,11,11,1,2.090909090909091
(direct) / (none),(direct),繼承房產房地合一稅新舊制判斷：105 年分水嶺與合法節稅全攻略,/life-proposal/expert_zhu_inheritance_20230921/,11,11,11,1,1.8181818181818181
mkto-sn070013.com / referral,(referral),頂客族遺產保衛戰！解析特留份修法趨勢與配偶繼承權益保障,/life-proposal/expert_zhu_legal-reserve/,11,11,12,1.0909090909090908,40.27272727272727
google / organic,生活提案,法定空地可以約定專用嗎？解析產權共有原則、規約規範與權益保障,/life-proposal/expert_zhu_property_openspace_20240705/,11,11,11,1,74.63636363636364
(direct) / (none),(direct),贈與行為不簡單！解析民法「無償給予」與「允受」關係，避免贈與爭議,/life-proposal/expert_zhu_tax_gifttax_vedio_20240206/,11,11,11,1,1.4545454545454546
(direct) / (none),(direct),2026商用不動產衝破1588億！獵廠時代來臨，遠雄信義CENTER搶佔AI供應鏈商機,/life-proposal/fm2-hunt/,11,11,12,1.0909090909090908,7.090909090909091
(direct) / (none),(direct),龜山 AI 黃金廊道成形｜輝達效應帶動廠辦轉型，遠雄 MetaLink 導入 ESG 共享設計,/life-proposal/hm2_guishan-ai/,11,11,13,1.1818181818181819,7.363636363636363
(direct) / (none),(direct),換屋族必讀：房地合一稅與土地增值稅完整攻略 - 遠雄房地產,/life-proposal/house_and_land/,11,11,11,1,35.36363636363637
google / organic,(organic),坪數怎麼算？為什麼要算？買房前必懂的1坪大小與坪數計算方式,/life-proposal/how-to-calculate-house-size/,11,11,12,1.0909090909090908,84.36363636363636
(direct) / (none),(direct),軟裝設計全攻略：免動硬裝也能變換空間，預算抓取與軟件挑選重點,/life-proposal/interior_softdeco_20230222/,11,11,11,1,6.454545454545454
(direct) / (none),(direct),掌握驗屋五大項目！點交查驗、功能性檢查與驗屋報告修繕全攻略,/life-proposal/land_handover_check/,11,11,11,1,0.45454545454545453
(direct) / (none),(direct),台中最後寶地！水湳經貿園區範圍全圖解，中央公園帶動國際城市發展,/life-proposal/shuinan/,11,11,11,1,1.3636363636363635
(direct) / (none),(direct),中古屋微改裝更節能！阻絕西曬、加強通風與隔熱建材選用全攻略,/life-proposal/space_furnish_saving_20231004/,11,11,11,1,4.545454545454546
google / organic,(organic),家中石材泛黃、有裂痕怎麼救？石材保養與修繕建議，回復天然美觀,/life-proposal/stone-fix/,11,11,11,1,27.636363636363637
(direct) / (none),(direct),在地生活：解析預售屋與新建案周邊機能，掌握區域環境與未來動態,/life_proposal/music_life/,11,11,12,1.0909090909090908,6.363636363636363
google / cpc,brand,許瑀秦業務個人介紹 - 遠雄蘊合,/sales/dh6/G1191/,11,11,11,1,15.181818181818182
google / organic,(organic),沈玉菁業務個人介紹 - 遠雄合雅,/sales/fh2/B5432/,11,11,11,1,18.272727272727273
(direct) / (none),(direct),遠雄房地產服務條款暨隱私權聲明｜保障您的個人資訊與使用權益,/terms-of-service_and_privacy/,11,11,11,1,3
(direct) / (none),(direct),遠雄香榭園(新北市中和區)住戶-邱先生夫婦口碑推薦- 遠雄房地產,/wom-recommendation/chiu-couple/,11,11,11,1,1.2727272727272727
syndicatedsearch.goog / referral,(referral),【聯上智科】輝達軸線核心｜北士科福國路首排，純商辦地標，符合ESG指標｜預約尊榮鑑賞 遠雄房地產 聯上智科,/buildings/5vo1/,10,11,11,1.1,1.9
fb / bh13,9,台中七期．在夏綠地，典藏最優雅的【夏綠蒂】25-38坪,/buildings/bh13/,10,11,11,1.1,21.6
google_kw / bh7,googlemap,【遠雄樂元】北屯機捷X好市多，雙首排大道最核心，夠近才最好,/buildings/bh7/,10,11,12,1.2,78
fb / dgm1,fb20264-1,大河商爵-台北市士林區廠辦/預售新建案-預約賞屋，遠創力行銷,/buildings/dgm1/,10,11,10,1,3.8
(direct) / (none),(direct),遠雄樂元-肌理畫永生花手作,/campaign/index.html,10,11,2,0.2,47.1
google_kw / h713,(organic),熱銷建案一覽：遠雄全台預售屋、新建案與新成屋，尋獲理想家園,/case/search/,10,11,28,2.8,69.1
(direct) / (none),(direct),遠雄房地產官方LINE,/ebook/,10,11,12,1.2,0
google / organic,(organic),北士科的園區規畫與在地生活圈！科技廊道最後一塊拼圖將完整 | 建案熱區巡禮 - 遠雄房地產,/life-proposal/area-s-taipei-shilinbstp20220520/,10,11,12,1.2,56.4
google / organic,(organic),公共基金全解析：管委會公設點交後提撥，守護社區維護與修繕經費,/life-proposal/renovation_loan20220617/,10,11,12,1.2,58.9
(not set),20260805一輪播,守護個人資訊安全，一起保障您的隱私權益｜ 遠雄房地產,/privacy/,10,11,10,1,5.2
(not set),20260618一輪播,遠房實價登錄,/,9,11,14,1.5555555555555556,0
youtube / bh10,youtubemana,遠房實價登錄,/,9,11,13,1.4444444444444444,12.555555555555555
youtube / bh10,youtubemana,北屯敦富路【遠雄敦富】- 北屯機捷預售屋．近好市多,/buildings/bh10/,9,11,12,1.3333333333333333,28
(not set),(not set),大河商爵-台北市士林區廠辦/預售新建案-預約賞屋，遠創力行銷,/buildings/dgm1/,9,11,8,0.8888888888888888,211
tw.search.yahoo.com / referral,(referral),遠雄合雅｜板橋之心・合院之上｜2~4房．24~66坪,/buildings/fh2/,9,11,12,1.3333333333333333,62.77777777777778
google / organic,(organic),地上權建物可以買嗎？優缺點一次看！解析產權差異與置產評估要點,/life-proposal/superficial_rights/,9,11,11,1.2222222222222223,12.666666666666666
google / organic,(organic),在地生活：解析預售屋與新建案周邊機能，掌握區域環境與未來動態,/life_proposal/music_life/,8,11,14,1.75,59.375
bing / organic,(organic),遠雄合雅｜板橋之心・合院之上｜2~4房．24~66坪,/buildings/fh2/,6,11,14,2.3333333333333335,325.1666666666667
(not set),20260813一輪播,購屋知識：買屋流程、稅法與貸款全攻略，遠雄房地產專業置產指引,/life_proposal/buying_knowledge/,6,11,10,1.6666666666666667,27.166666666666668
gdn / hm2,0603GDN,守護個人資訊安全，一起保障您的隱私權益｜ 遠雄房地產,/privacy/,6,11,13,2.1666666666666665,86.83333333333333
mkto-sn070013.com / referral,(referral),2026 遺產傳承攻略：頂客族節稅必懂遺贈稅修法與遺囑信託,/jul2026/,5,11,11,2.2,2.2
line-lap / dh5,20230801,找不到頁面 - 遠雄房地產,/buildings/dh5/,3,11,11,3.6666666666666665,3.3333333333333335
line / wdh2,line0717banner,天母蒔麗｜15~25坪．1-2房｜北投行義路，近石牌站,/buildings/wdh2/,1,11,11,11,47
mkto-sn070013.com / referral,(referral),2026年預售市場一針見血的銷售與購買策略｜李同榮觀點 - 遠雄房地產,/life-proposal/expert_li_2026-housing-tips/,1,11,11,11,0
mkto-sn070013.com / referral,(referral),賣房想省稅？別踩房地合一稅虛報裝修陷阱 | 專家觀點地政篇 - 遠雄房地產,/life-proposal/expert_zhu_false-renovation-traps/,1,11,11,11,0
fb / paid,120241218501380402,遠房實價登錄,/,11,11,18,1.6363636363636365,0
(direct) / (none),(direct),遠雄房地產LINE官方帳號活動 - 升級超級好友週週抽活動,/activity-report/遠雄房地產官方line-6月週週抽/,10,10,10,1,0.5
(not set),20260813一輪播,房價溫度計：解析核心房市指標，掌握購屋時機與未來不動產趨勢,/life-proposal/indicators_20221111/,1,10,8,8,0
google / cpc,information3,遠房實價登錄,/,10,10,19,1.9,0
web-ettoday / o1,20231004,遠雄房地產：最懂生活的購屋專家｜卓越建築品質，圓滿您的家,/,10,10,10,1,2.1
GDC / (not set),GDCbuilding/遠雄三名園-23.html,遠雄房地產：最懂生活的購屋專家｜卓越建築品質，圓滿您的家,/,10,10,10,1,0.3
GDC / (not set),GDCbuilding/遠雄新宿-21.html,遠雄房地產：最懂生活的購屋專家｜卓越建築品質，圓滿您的家,/,10,10,10,1,1.1
ifg / ifg,homepage-0311,遠雄房地產：最懂生活的購屋專家｜卓越建築品質，圓滿您的家,/,10,10,10,1,0
(direct) / (none),(direct),遠雄房地產煥新人生 圓夢三重送 中獎公告,/activity-report/dream-announcement/,10,10,10,1,0.4
(direct) / (none),(direct),春遊PARK16 - 新春快閃優惠 簽訂6%入主蛋黃區 - 遠雄房地產,/activity-report/eh3_2023cny/,10,10,10,1,0
(direct) / (none),(direct),遠雄房地產 官方LINE🌕9月好康不只奔月 還要奔向大巨蛋 ⚾-得獎公告 - 遠雄房地產,/activity-report/september-events/,10,10,10,1,0.5
(direct) / (none),(direct),福爾摩沙國際藝術博覽會，遠雄住戶限量優惠8折 - 遠雄房地產,/activity-report/ucity_formosa_20230807/,10,10,10,1,0.8
(direct) / (none),(direct),◆ 遠雄琢蘊 書是生活 新春走讀 ◆ - 遠雄房地產,/activity-report/◆-遠雄琢蘊-書是生活-新春走讀-◆/,10,10,10,1,1.5
(direct) / (none),(direct),【遠雄房地產 官方網站】系統維護停機公告 - 遠雄房地產,/activity-report/【遠雄房地產-官方網站】系統維護停機公告/,10,10,10,1,0.9
(direct) / (none),(direct),汐止遠雄廣場 High購好康 - 遠雄房地產,/activity-report/汐止遠雄廣場-high購好康/,10,10,10,1,2.8
(direct) / (none),(direct),遠雄幸福成 ✨ 春啟馬年 幸福成章 ✨ - 遠雄房地產,/activity-report/遠雄幸福成-✨-春啟馬年-幸福成章-✨/,10,10,10,1,6.4
chatgpt.com / ai-assistant,(ai-assistant),遠房實價登錄,/,10,10,16,1.6,0
(direct) / (none),(direct),遠雄房地產官網滿意度問券調查-2025年第一季-得獎公告 - 遠雄房地產,/activity-report/遠雄房地產官網滿意度問券調查-2025年第一季-得獎公/,10,10,10,1,0.8
news / bh13,20260508,遠雄房地產精選預售屋(台北、新北、台中、桃園、台南、高雄) - 遠雄房地產,/building-category-tag/featured_pre_sale/,10,10,10,1,10.5
line-lap / 5vo1,5-1,【聯上智科】輝達軸線核心｜北士科福國路首排，純商辦地標，符合ESG指標｜預約尊榮鑑賞 遠雄房地產 聯上智科,/buildings/5vo1/,10,10,10,1,0
fb / bh11,fanpagebutton,遠雄14期首發【遠雄丰尚】北屯新案．近漢神洲際百貨,/buildings/bh11/,10,10,12,1.2,57.9
google / cpc,landmark0701,遠雄14期首發【遠雄丰尚】北屯新案．近漢神洲際百貨,/buildings/bh11/,10,10,11,1.1,8.4
fb / bh13,(referral),台中七期．在夏綠地，典藏最優雅的【夏綠蒂】25-38坪,/buildings/bh13/,10,10,10,1,5.5
fb / bh5,59,遠雄琉蘊 -台中市西屯區七期預售屋/新建案-預約賞屋，遠雄房地產,/buildings/bh5/,10,10,11,1.1,38.5
l.facebook.com / referral,(referral),【遠雄樂元】北屯機捷X好市多，雙首排大道最核心，夠近才最好,/buildings/bh7/,10,10,14,1.4,44.9
m.facebook.com / referral,(referral),遠雄一靚：楠梓高大特區首發新案，2432坪大基地，早鳥預約諮詢中,/buildings/eh2/,10,10,10,1,0
(data not available),(cross-network),遠雄合雅｜板橋之心・合院之上｜2~4房．24~66坪,/buildings/fh2/,10,10,19,1.9,67.9
fb / fh2,fb8-2,遠雄合雅｜板橋之心・合院之上｜2~4房．24~66坪,/buildings/fh2/,10,10,11,1.1,12.7
google_kw / fm3,googlemap,遠雄信義CENTER-新北市板橋區廠辦.商辦/預售新建案-預約賞屋,/buildings/fm3/,10,10,10,1,29.7
google / cpc,information3,遠雄信義CENTER-新北市板橋區廠辦.商辦/預售新建案-預約賞屋,/buildings/fm3/,10,10,18,1.8,0.8
web-ettoday / h902,20220416,遠雄琢蘊-高雄市三民區預售屋/新建案-預約賞屋，遠雄房地產,/buildings/h902/,10,10,10,1,1.9
webnews / h902,20240326,遠雄琢蘊-高雄市三民區預售屋/新建案-預約賞屋，遠雄房地產,/buildings/h902/,10,10,10,1,6
(direct) / (none),(direct),遠雄夏沐-桃園市桃園區成屋/新建案-預約賞屋，遠雄房地產,/buildings/遠雄夏沐/,10,10,11,1.1,25
(direct) / (none),(direct),熱銷建案一覽：遠雄全台預售屋、新建案與新成屋，尋獲理想家園,/case/search/city/高雄市/page/2/,10,10,10,1,0.9
(direct) / (none),(direct),遠雄夏綠蒂 | 數位意向書-遠雄房地產 Farglory-Realty,/form/result,10,10,17,1.7,5.6
fgr-line / fgr,expert_hoshichang_vacancy-rate,遠雄房地產,/integrate,10,10,29,2.9,0
(direct) / (none),(direct),財經M平方 彙整 - 遠雄房地產,/life-proposal-category/expert_point/macro_micro/,10,10,10,1,0.9
(direct) / (none),(direct),建築設計 彙整 - 遠雄房地產,/life-proposal-tag/6、產品/4產品規劃-建築/b-建築設計/,10,10,10,1,0.9
(direct) / (none),(direct),遠雄藏萃 彙整 - 遠雄房地產,/life-proposal-tag/8、遠雄房地產建案/dh5/,10,10,10,1,0
(direct) / (none),(direct),十大建商 彙整 - 遠雄房地產,/life-proposal-tag/十大建商/,10,10,10,1,0
google / organic,(organic),北士科AI商辦首選【聯上智科】，享受輝達加持置產紅利,/life-proposal/5vo1-news/,10,10,10,1,37.6
(direct) / (none),(direct),高雄車站翻新牽動城市脈動！南北動線縫合，站區商辦大樓再造新生活圈,/life-proposal/area-khh-station_20230914/,10,10,10,1,5.1
(direct) / (none),(direct),台中海線變身科技重鎮！特五號道路串聯雙港優勢，打造千億產業鏈,/life-proposal/area-l-taichung-wuqi_20220826/,10,10,10,1,1.3
(direct) / (none),(direct),安南草湖寮重劃區交通地圖，串聯北外環與商 60 願景,/life-proposal/area-l-tainan-annan20200520/,10,10,11,1.1,21.6
(direct) / (none),(direct),建案熱區巡禮：桃園小檜溪(青溪特區)舊商圈+眾多綠地的宜人生活 - 遠雄房地產,/life-proposal/area-s-taoyuan-green20220520/,10,10,10,1,2.1
google / organic,(organic),高雄三民區明星學區購屋：市心文教區 28 所學校，逐名校而居攻略,/life-proposal/area_hotspot_khh_sanmin_school_20231023/,10,10,10,1,65.9
(direct) / (none),(direct),台中西屯美樂地計畫：人均綠地全台第二，智慧降溫打造宜居生態網絡,/life-proposal/area_hotspot_txg_xitun_park_20231129/,10,10,10,1,1.8
(direct) / (none),(direct),台中捷運綠線全線通車：連結北屯至烏日高鐵站，打造高效通勤生活,/life-proposal/area_hotspot_txg_xitun_traffic_20231124/,10,10,10,1,5.4
(direct) / (none),(direct),台中 14 期重劃區完整解析：各區段特色、公園綠地與大水湳生活圈總覽,/life-proposal/area_txg_beitun_14th_park_20240909/,10,10,10,1,2.5
(direct) / (none),(direct),買房必讀 - 避免不動產詐騙｜如何避免成為房貸人頭？｜專家觀點地政篇 - 遠雄房地產,/life-proposal/avoid-real-estate-fraud/,10,10,10,1,5.9
(direct) / (none),(direct),裝修房子必讀：除了預算，五大考量讓居家空間煥然一新且符合需求,/life-proposal/decorate/,10,10,10,1,3.5
google / organic,(organic),健康宅客廳配置：景觀陽台與大面窗採光設計，打造後疫情舒壓空間,/life-proposal/design_living_room20220907/,10,10,10,1,72.2
google / organic,(organic),不動產防詐全攻略：地籍異動即時通與預防指南,/life-proposal/expert_law_y-rlee_property-fraud/,10,10,10,1,122.6
(direct) / (none),(direct),如何防範裝潢詐騙？室內裝修合約必備條款與律師防詐指南,/life-proposal/expert_law_y-rlee_renovation-fraud/,10,10,11,1.1,14.9
(direct) / (none),(direct),通膨升息夾擊！解析供應鏈瓶頸與俄烏衝突下，台灣房地產的後續走勢,/life-proposal/expert_macromicro20220601/,10,10,10,1,1.3
(direct) / (none),(direct),半導體景氣再添變數？解析美對中晶片禁令、大廠砍支出對台廠的影響,/life-proposal/expert_macromicro_20221125/,10,10,10,1,0.7
(direct) / (none),(direct),資本支出會太高嗎？一文解析 24Q4 科技巨頭財報｜財經M平方觀點 - 遠雄房地產,/life-proposal/expert_macromicro_financial-statements_20250318/,10,10,10,1,4.2
(direct) / (none),(direct),房市過熱與信用管制解析：全台房價走勢與後續泡沫風險評估,/life-proposal/expert_macromicro_housing_2024q3_20241106/,10,10,10,1,3.2
(direct) / (none),(direct),央行第七波信用管制後房市降溫，2025年趨勢與價格衝擊解析,/life-proposal/expert_macromicro_housing_2025view_20250205/,10,10,10,1,0.5
(direct) / (none),(direct),預售屋回溫撐房市！解析新青安利息補貼與低違約率下的購屋動能,/life-proposal/expert_macromicro_housing_policy_20240507/,10,10,10,1,3
(direct) / (none),(direct),貿易戰開打！關稅壁壘會帶來甚麼影響？｜財經M平方觀點 - 遠雄房地產,/life-proposal/expert_macromicro_tariff_20250218/,10,10,10,1,2.4
(direct) / (none),(direct),房市低迷期的避風港：公辦都更與捷運聯開案的戰略價值｜劉佩真觀點 - 遠雄房地產,/life-proposal/expert_peizhen_tod-strategy-2026/,10,10,10,1,1.9
(direct) / (none),(direct),三大因素驅動，雙北市房價「蛋花湯」現象成為現在進行式｜何世昌觀點 - 遠雄房地產,/life-proposal/expert_shuangbei_20250822/,10,10,10,1,23.6
(direct) / (none),(direct),專家觀點地政篇：不動產抵押權重點詳解 - 遠雄房地產,/life-proposal/expert_zhu_hypothec_20230815/,10,10,10,1,14
(direct) / (none),(direct),[影音] 豪宅稅跟你也有關係：有房族注意！影響與計算不可不知｜專家觀點地政篇 - 遠雄房地產,/life-proposal/expert_zhu_mansion-tax-count_vedio_20250625/,10,10,10,1,9.4
(direct) / (none),(direct),[影音] 婚前買房v.s婚後買房｜房子登記誰的名字好｜專家觀點地政篇 - 遠雄房地產,/life-proposal/expert_zhu_marriage_20230614/,10,10,10,1,5.3
(direct) / (none),(direct),[影音] 一次看懂囤房稅2.0! 囤房稅修法重點，你受到影響了嗎?｜專家觀點地政篇 - 遠雄房地產,/life-proposal/expert_zhu_property_multi-house-tax-2_20240101/,10,10,10,1,0.8
(direct) / (none),(direct),不夠現金繳遺產稅怎麼辦？ 分期或延期繳納申請｜專家觀點地政篇 - 遠雄房地產,/life-proposal/expert_zhu_property_offset-1_20241125/,10,10,10,1,0
(direct) / (none),(direct),什麼是清水模？從柯比意到安藤忠雄，解析清水混凝土原始懾人之美,/life-proposal/exposed_concrete_20220914/,10,10,10,1,8.1
(direct) / (none),(direct),遠雄建設榮獲《網路口碑之星》ESG策略卓越獎，以AI與循環經濟引領永續新標竿 - 遠雄房地產,/life-proposal/fg-esg-strategy-2025/,10,10,10,1,0.3
fb / fm3,news0108,漲幅王遠東Tpark！企業需求外溢鄰近新廠有望看漲  - 遠雄房地產,/life-proposal/fm1-1/,10,10,10,1,0
fb / fm3,news0429,大新板 AI 產業廊道解析｜地緣政治驅動供應鏈轉型，企業資產佈局對策,/life-proposal/fm3-asset/,10,10,10,1,1.1
(direct) / (none),(direct),新屋居家風水擺設、格局禁忌一次看–「首購族看房買屋攻略」 - 遠雄房地產,/life-proposal/goodluck/,10,10,10,1,0.4
(direct) / (none),(direct),飯店式住宅成趨勢！解析飯店式管理服務重點，成就頂級尊榮生活,/life-proposal/hotel_property20220624/,10,10,10,1,1.9
(direct) / (none),(direct),坪數怎麼算？為什麼要算？買房前必懂的1坪大小與坪數計算方式,/life-proposal/how-to-calculate-house-size/,10,10,11,1.1,6.3
(direct) / (none),(direct),買房車位怎麼挑？解析法定、增設與獎勵車位產權買賣限制全攻略,/life-proposal/parking_space20220615/,10,10,11,1.1,84.1
web-edm / fg,February2024-6,權狀坪數與室內坪數差在哪？看懂買房坪數組成，首購族不再被混淆 - 遠雄房地產,/life-proposal/ping/,10,10,10,1,1.1
(direct) / (none),(direct),讓新家環保又節能！新成屋改裝要點！ - 遠雄房地產,/life-proposal/space_furnish_newhouse_20231020/,10,10,10,1,33.8
(direct) / (none),(direct),全齡通用設計巧思：無門檻坡道與友善導引的居住美學,/life-proposal/universal-design-base20220713/,10,10,10,1,0.6
(direct) / (none),(direct),空間美學：設計團隊深度解讀空間與環境，定義跨越建築的生活型態,/life_proposal/space_aesthetics/,10,10,11,1.1,1.7
(direct) / (none),(direct),五月主題報 - 遠雄房地產,/may/,10,10,10,1,1.2
facebook.com / referral,(referral),守護個人資訊安全，一起保障您的隱私權益｜ 遠雄房地產,/privacy/,10,10,10,1,5.1
gdn / hm2,4-2pmaxv2,守護個人資訊安全，一起保障您的隱私權益｜ 遠雄房地產,/privacy/,10,10,20,2,124.3
google / cpc,othercities_brand,劉凡瑄業務個人介紹 - 遠雄樂元,/sales/bh7/G1278/,10,10,10,1,14.2
(direct) / (none),(direct),遠雄百富住戶見證：張先生賢伉儷，暢談入主豪邸後的質感居家日常,/wom-recommendation/h100_chang_family/,10,10,10,1,1.2
(direct) / (none),(direct),遠雄幸福成住戶分享：五年工程期減壓，年輕人入主台中港區首選標的,/wom-recommendation/h713_lin/,10,10,10,1,0.2
google_kw / rsh1,brand,遠房實價登錄,/,9,10,15,1.6666666666666667,0
google / cpc,(referral),遠雄琉蘊 -台中市西屯區七期預售屋/新建案-預約賞屋，遠雄房地產,/buildings/bh5/,9,10,11,1.2222222222222223,39.77777777777778
line-lap / cqh1,lap-1,找不到頁面 - 遠雄房地產,/buildings/cqh1/,9,10,11,1.2222222222222223,1.3333333333333333
(direct) / (none),(direct),大河商爵-台北市士林區廠辦/預售新建案-預約賞屋，遠創力行銷,/buildings/dgm1/,9,10,12,1.3333333333333333,57.55555555555556
(direct) / (none),(direct),房產稅務講座0822,/campaign/index.html,9,10,4,0.4444444444444444,45
LINE-Liff / bh8,202607-AI,遠雄房地產,/integrate,9,10,38,4.222222222222222,0
(direct) / (none),(direct),北士科AI商辦首選【聯上智科】，享受輝達加持置產紅利,/life-proposal/5vo1-news/,9,10,10,1.1111111111111112,60.666666666666664
google / organic,(organic),北士科商辦聚落核心！「聯上智科」坐落福國路首排，企業卡位科技門戶,/life-proposal/5vo1-news_tech-office/,9,10,10,1.1111111111111112,15.666666666666666
google / organic,(organic),建案熱區巡禮：中壢人都說自己不算桃園人？自成一格的幸福日常 - 遠雄房地產,/life-proposal/area-l-taoyuan-zhongli20220520/,9,10,10,1.1111111111111112,131.11111111111111
google / organic,(organic),居家隔間保養及修繕：牆面裂縫與潮濕預防，專業居家百科維護指南,/life-proposal/cubicle/,9,10,9,1,56.77777777777778
(not set),生活提案,建商怎麼挑？25大優質建商特色、挑選指標介紹，購屋族必看！ - 遠雄房地產,/life-proposal/kw_brand_construction_20240109/,9,10,6,0.6666666666666666,3.7777777777777777
google / organic,(organic),看房賞屋指南：解讀不動產說明書產權與環境，確保買賣交易安全,/life-proposal/manual20220610/,9,10,9,1,95.77777777777777
(not set),生活提案,新青安房貸重點一次看！掌握新舊制差異、利率比較與申請資格 - 遠雄房地產,/life-proposal/seo_youth-home-loan/,9,10,5,0.5555555555555556,10.88888888888889
teams.public.onecdn.static.microsoft / referral,(referral),遠房實價登錄,/,8,10,16,2,0
tw.search.yahoo.com / referral,(referral),台中七期．在夏綠地，典藏最優雅的【夏綠蒂】25-38坪,/buildings/bh13/,8,10,13,1.625,47
google / cpc,information2,大河商爵-台北市士林區廠辦/預售新建案-預約賞屋，遠創力行銷,/buildings/dgm1/,8,10,10,1.25,4
(not set),20260813一輪播,遠雄蘴靚｜高雄楠梓新門戶｜捷運R21站旁｜3795坪豪闊基地,/buildings/eh6/,8,10,19,2.375,49.125
google_kw / rsh1,tucheng,若水秧翠｜東京視野・頂埔門牌｜1~3房．20~42坪,/buildings/rsh1/,8,10,10,1.25,3.125
(direct) / (none),(direct),(not set),/customInfo_V2.html,8,10,13,1.625,0.125
bing / organic,(organic),樓梯間與梯廳公共設施：建築法規與容積計算完整解析 - 遠雄房地產,/life-proposal/regulations2_20230320/,8,10,10,1.25,22.375
(direct) / (none),(direct),遠雄明玥 | 北士科水岸新生活．2000坪全街廓，只蓋一棟｜25-46坪-鄭家昇-遠雄房地產 Farglory-Realty,/ah1/b5805,6,10,11,1.8333333333333333,9.166666666666666
(not set),20260813一輪播,遠雄合雅｜板橋之心・合院之上｜2~4房．24~66坪,/buildings/fh2/,6,10,7,1.1666666666666667,40.166666666666664
(not set),20260813一輪播,天母蒔麗｜15~25坪．1-2房｜北投行義路，近石牌站,/buildings/wdh2/,5,10,10,2,74.6
google / cpc,5-3,【聯上智科】輝達軸線核心｜北士科福國路首排，純商辦地標，符合ESG指標｜預約尊榮鑑賞 遠雄房地產 聯上智科,/buildings/5vo1/,4,10,9,2.25,0
(not set),20260805一輪播,房價溫度計：解析核心房市指標，掌握購屋時機與未來不動產趨勢,/life-proposal/indicators_20221111/,1,10,6,6,15
google_kw / fm3,googlemap,遠房實價登錄,/,10,10,10,1,5.2
(direct) / (none),(direct),遠雄房地產 官方LINE🔥獨家限定 邀您共賞 世界棒球12強 日韓大戰!-得獎公告 - 遠雄房地產,/activity-report/202410/,9,9,9,1,1.1111111111111112
gdn / hm2,0602GDN,Farglory MetaLink Technology Park | 3700-ping (approximately 1633 square meters) Super Flagship Eco-Friendly Corporate Headquarters,/buildings/hm2/,2,9,25,12.5,2.5
ig / paid,120241218501380402,遠房實價登錄,/,9,9,9,1,0
fb / paid,120241218914510402,遠房實價登錄,/,9,9,10,1.1111111111111112,0
ig / paid,120241579219260634,遠房實價登錄,/,9,9,9,1,0
LINE-Liff / bh8,202607-AI,遠房實價登錄,/,9,9,12,1.3333333333333333,1.4444444444444444
fb / bh5,59,遠房實價登錄,/,9,9,10,1.1111111111111112,8.88888888888889
fb / bh5,60-1,遠房實價登錄,/,9,9,12,1.3333333333333333,0
fb / wdh2,fb4-3,遠房實價登錄,/,9,9,10,1.1111111111111112,0
web / ao1,podcast,遠雄房地產：最懂生活的購屋專家｜卓越建築品質，圓滿您的家,/,9,9,9,1,0
web-udn / o1,web-udn,遠雄房地產：最懂生活的購屋專家｜卓越建築品質，圓滿您的家,/,9,9,9,1,0.5555555555555556
google_kw / fm3,(organic),遠房實價登錄,/,9,9,9,1,11.444444444444445
(direct) / (none),(direct),遠雄房地產 官方LINE | 🎉6萬好友同樂，一起嗨翻年終！ - 遠雄房地產,/activity-report/202412/,9,9,9,1,0.2222222222222222
(direct) / (none),(direct),超人氣韓團AB6IX 11/4登台開唱 - 遠雄房地產,/activity-report/farglorycreative_ab6ix/,9,9,9,1,0.8888888888888888
(direct) / (none),(direct),遠雄建設獲 SGS 年度創新獎 首家通過 ISO 59000 循環經濟驗證建築品牌 - 遠雄房地產,/activity-report/fg_land_news2/,9,9,9,1,2.111111111111111
(direct) / (none),(direct),遠雄房地產LINE官方帳號活動 - 升級超級好友週週抽活動,/activity-report/line-friend/,9,9,9,1,0
(direct) / (none),(direct),【究極の月】一品富貴中秋禮盒(流心月餅/東方美人茶) - 遠雄房地產,/activity-report/mid-autumn-festival/,9,9,9,1,0.8888888888888888
(direct) / (none),(direct),果陀劇場《最後14堂星期二的課》-遠雄住戶專屬優惠 - 遠雄房地產,/activity-report/tuesday-lessons/,9,9,9,1,2.111111111111111
(direct) / (none),(direct),超級好友VIP💎推薦購屋大賞 推薦購屋送你遊東京!🌸得獎公告 - 遠雄房地產,/activity-report/超級好友vip推薦購屋大賞-推薦購屋送你遊東京-2/,9,9,9,1,0.7777777777777778
(direct) / (none),(direct),遠雄房地產 官方LINE | 2026熱血開打! 大巨蛋VIP專屬貴賓席 - 遠雄房地產,/activity-report/遠雄房地產-官方line-2025熱血開打-大巨蛋vip專屬貴賓席/,9,9,9,1,1.4444444444444444
(direct) / (none),(direct),遠雄房地產 官方LINE | 7月大巨蛋專屬貴賓席 - 遠雄房地產,/activity-report/遠雄房地產-官方line-7月大巨蛋專屬貴賓席/,9,9,9,1,1.7777777777777777
(direct) / (none),(direct),遠雄房地產LINE官方帳號活動 - 升級超級好友週週抽活動,/activity-report/遠雄房地產官方line-7月週週抽/,9,9,9,1,0
google_kw / hm2,202607,精選廠辦 相關預售屋/新成屋/新建案資料|遠雄房地產,/building-category-tag/featured_factory_office/,9,9,11,1.2222222222222223,12.333333333333334
google / cpc,lbs,遠雄房地產精選預售屋(台北、新北、台中、桃園、台南、高雄) - 遠雄房地產,/building-category-tag/featured_pre_sale/,9,9,11,1.2222222222222223,12.555555555555555
l.facebook.com / referral,(referral),北士科建案【遠雄明玥】2000坪全街廓只蓋一棟．25-46坪,/buildings/ah1/,9,9,10,1.1111111111111112,16.333333333333332
fb / ar1,fb15-2,齊興_緻：北士科住宅預售屋，入主北投核心地段，立即預約賞屋,/buildings/ar1/,9,9,10,1.1111111111111112,3.5555555555555554
web-sms / BH11,fb_ad,遠雄14期首發【遠雄丰尚】北屯新案．近漢神洲際百貨,/buildings/bh11/,9,9,9,1,37.44444444444444
fb / bh13,120242379795300678,台中七期．在夏綠地，典藏最優雅的【夏綠蒂】25-38坪,/buildings/bh13/,9,9,10,1.1111111111111112,35.888888888888886
google / cpc,brand0701,台中七期．在夏綠地，典藏最優雅的【夏綠蒂】25-38坪,/buildings/bh13/,9,9,11,1.2222222222222223,14.666666666666666
fb / bh5,60-1,遠雄琉蘊 -台中市西屯區七期預售屋/新建案-預約賞屋，遠雄房地產,/buildings/bh5/,9,9,10,1.1111111111111112,98.55555555555556
facebook.com / referral,(referral),【遠雄樂元】北屯機捷X好市多，雙首排大道最核心，夠近才最好,/buildings/bh7/,9,9,9,1,16.88888888888889
fb / bh7,26,【遠雄樂元】北屯機捷X好市多，雙首排大道最核心，夠近才最好,/buildings/bh7/,9,9,10,1.1111111111111112,92.33333333333333
google_kw / dgm1,brand,大河商爵-台北市士林區廠辦/預售新建案-預約賞屋，遠創力行銷,/buildings/dgm1/,9,9,13,1.4444444444444444,10.777777777777779
ig / paid,120241576684200634,【遠雄蘊合】千坪旗艦，親水生活｜收納中西區最美流動26-43坪．新案早鳥預約,/buildings/dh6/,9,9,10,1.1111111111111112,20.11111111111111
line-lap / eh6,fb5-4,【遠雄蘊合】千坪旗艦，親水生活｜收納中西區最美流動26-43坪．新案早鳥預約,/buildings/dh6/,9,9,10,1.1111111111111112,161.33333333333334
(data not available),(cross-network),高雄建案推薦【遠雄峰蘊】- 三民區預售屋．近科工館,/buildings/eh1/,9,9,12,1.3333333333333333,50.55555555555556
fb / eh2,fb18-3,遠雄一靚：楠梓高大特區首發新案，2432坪大基地，早鳥預約諮詢中,/buildings/eh2/,9,9,9,1,21
google / cpc,(organic),遠雄幸福成｜全新落成 - 台中市梧棲區新成屋-預約賞屋，遠雄房地產,/buildings/h713/,9,9,9,1,50.111111111111114
fg / lifestyle,(not set),遠雄琢蘊-高雄市三民區預售屋/新建案-預約賞屋，遠雄房地產,/buildings/h902/,9,9,9,1,4.111111111111111
line-lap / h902,20240603,遠雄琢蘊-高雄市三民區預售屋/新建案-預約賞屋，遠雄房地產,/buildings/h902/,9,9,9,1,3
web-ettoday / h902,20240612,遠雄琢蘊-高雄市三民區預售屋/新建案-預約賞屋，遠雄房地產,/buildings/h902/,9,9,9,1,7.333333333333333
google / cpc,brand,遠雄THE ONE-高雄市前鎮區新成屋/新建案-預約賞屋,/buildings/o1/,9,9,11,1.2222222222222223,35.111111111111114
(data not available),(cross-network),天母蒔麗｜15~25坪．1-2房｜北投行義路，近石牌站,/buildings/wdh2/,9,9,17,1.8888888888888888,40.55555555555556
google_kw / wdh2,beitou,天母蒔麗｜15~25坪．1-2房｜北投行義路，近石牌站,/buildings/wdh2/,9,9,9,1,4.888888888888889
(direct) / (none),(direct),遠雄峰蘊父親節活動,/campaign/index.html,9,9,4,0.4444444444444444,64.55555555555556
google / cpc,(organic),熱銷建案一覽：遠雄全台預售屋、新建案與新成屋，尋獲理想家園,/case/search/,9,9,25,2.7777777777777777,43.44444444444444
google_kw / fm3,brand,熱銷建案一覽：遠雄全台預售屋、新建案與新成屋，尋獲理想家園,/case/search/,9,9,29,3.2222222222222223,34.55555555555556
(direct) / (none),(direct),熱銷建案一覽：遠雄全台預售屋、新建案與新成屋，尋獲理想家園,/case/search/building-category-tag/1001/,9,9,9,1,0.5555555555555556
google / organic,(organic),熱銷建案一覽：遠雄全台預售屋、新建案與新成屋，尋獲理想家園,/case/search/page/5/,9,9,13,1.4444444444444444,12.666666666666666
(direct) / (none),(direct),熱銷建案一覽：遠雄全台預售屋、新建案與新成屋，尋獲理想家園,/case/search/sales_status/almost-sold-out/,9,9,9,1,0.3333333333333333
(direct) / (none),(direct),世界造鎮推手‧遠雄譜寫台灣經濟奇蹟-遠雄房地產,/farglory-realty-about/push-hand/,9,9,9,1,15.666666666666666
(direct) / (none),(direct),六月主題報 - 遠雄房地產,/june/,9,9,9,1,0
socialmedia / fgr,fb20230117,福兔迎祥喜迎新 - 遠雄房地產,/landing-page/2023happynewyear/,9,9,9,1,0.2222222222222222
(direct) / (none),(direct),2025房市趨勢 彙整 - 遠雄房地產,/life-proposal-tag/2、市場/1市場相關專有詞/2025房市趨勢/,9,9,9,1,0
(direct) / (none),(direct),交屋品質 彙整 - 遠雄房地產,/life-proposal-tag/3、交易/1購屋流程相關/交屋品質/,9,9,9,1,0
(direct) / (none),(direct),水湳經貿園區 彙整 - 遠雄房地產,/life-proposal-tag/5、區域/1區域地段/縣市/台中市/xitun/水湳經貿園區/,9,9,9,1,1.3333333333333333
(direct) / (none),(direct),永康區 彙整 - 遠雄房地產,/life-proposal-tag/5、區域/1區域地段/縣市/台南市/yongkang/,9,9,9,1,1.3333333333333333
(direct) / (none),(direct),南雅地區 彙整 - 遠雄房地產,/life-proposal-tag/5、區域/1區域地段/縣市/新北市/板橋區/南雅地區/,9,9,9,1,0
(direct) / (none),(direct),江翠北側重劃區 彙整 - 遠雄房地產,/life-proposal-tag/5、區域/1區域地段/縣市/新北市/板橋區/江翠北側重劃區/,9,9,9,1,0
(direct) / (none),(direct),重大建設 彙整 - 遠雄房地產,/life-proposal-tag/5、區域/1區域地段/重大建設/,9,9,9,1,0.3333333333333333
(direct) / (none),(direct),公共設施 彙整 - 遠雄房地產,/life-proposal-tag/6、產品/2建築計算/公共設施/,9,9,9,1,1.2222222222222223
(direct) / (none),(direct),綠建築 彙整 - 遠雄房地產,/life-proposal-tag/6、產品/4產品規劃-建築/a-建築規劃/綠建築/,9,9,9,1,0
(direct) / (none),(direct),遠雄綠禾 彙整 - 遠雄房地產,/life-proposal-tag/8、遠雄房地產建案/dh3/,9,9,9,1,2.2222222222222223
(direct) / (none),(direct),繼承程序 彙整 - 遠雄房地產,/life-proposal-tag/law_property/繼承程序/,9,9,9,1,0
(direct) / (none),(direct),財經M平方 彙整 - 頁2，共3 - 遠雄房地產,/life-proposal-tag/macroeconomics-2/macromicro/page/2/,9,9,9,1,3.5555555555555554
(direct) / (none),(direct),產業生態系 彙整 - 遠雄房地產,/life-proposal-tag/real_estate-2/區域發展計畫/產業生態系/,9,9,9,1,0
l.instagram.com / referral,(referral),遠房實價登錄,/,9,9,13,1.4444444444444444,0
google / organic,(organic),鐵鋁窗損毀要整組換掉嗎？居家百科解析修補與換新評估，精省支出,/life-proposal/aluminumandiron/,9,9,9,1,21
google / organic,(organic),遠雄新品牌齊興建設首發！北士科「齊興_緻」極致居所哲學,/life-proposal/ar1-bstk/,9,9,9,1,32.666666666666664
(direct) / (none),(direct),台南宜居城市新生命：積極開發一區一特色公園，打造親子友善空間,/life-proposal/area-hotspot-tnn-yongkang_park_20231207/,9,9,9,1,3.111111111111111
(direct) / (none),(direct),高大特區綠地與明星學區：藍田國小招生與文教機能總覽,/life-proposal/area-kaohsiung-nanzi_nuk_school_20250225/,9,9,9,1,5
google / organic,(organic),高雄亞洲新灣區千億建設到位！圖總、流音中心型塑豪宅聚落新指標,/life-proposal/area-s-kaohsiung-newbay_20220824/,9,9,11,1.2222222222222223,39.888888888888886
(direct) / (none),(direct),台南鹽行國中重劃區看好！5分鐘上永康交流道，迅速連結南科紅利,/life-proposal/area-s-tainan-yanxing20200520/,9,9,9,1,1.7777777777777777
google / organic,(organic),買房學問多，看懂建築材料才安心－建築結構與防水篇 - 遠雄房地產,/life-proposal/building_materials/,9,9,9,1,42.22222222222222
(direct) / (none),(direct),央行房市信用措施管制總整理！自住客時代來臨！ - 遠雄房地產,/life-proposal/controls_20230108/,9,9,9,1,3.3333333333333335
(direct) / (none),(direct),全台藝文中心房市一覽：解析七大展演場館周邊房價漲幅與生活圈,/life-proposal/culture/,9,9,9,1,2.7777777777777777
(direct) / (none),(direct),全台Q2房市繼續火爆，限貸令會如何影響房市後續｜財經M平方觀點 - 遠雄房地產,/life-proposal/expert_macromicro_housing_2024q2_20240830/,9,9,9,1,0.2222222222222222
fg / post,SEO,2026 下半年全球央行決策解析：聯準會、歐洲與日本央行的資產配置新思維,/life-proposal/expert_macromicro_market-analysis/,9,9,9,1,0.7777777777777778
google / organic,(organic),[影音] 買房後發現實際面積比權狀縮水，該找誰求償?｜專家觀點地政篇 - 遠雄房地產,/life-proposal/expert_zhu_area-discrepancy_20250827/,9,9,10,1.1111111111111112,77.77777777777777
(direct) / (none),(direct),居家玻璃保養：擦玻璃、修繕與防自爆技巧 - 遠雄房地產,/life-proposal/glass-fix/,9,9,9,1,0.3333333333333333
(direct) / (none),(direct),房貸水位吃緊轉向貸方市場：一般民眾如何順利申請貸款與維持信用,/life-proposal/mortgage_-statistics_20221215/,9,9,9,1,0.7777777777777778
(direct) / (none),(direct),權狀坪數與室內坪數差在哪？看懂買房坪數組成，首購族不再被混淆 - 遠雄房地產,/life-proposal/ping/,9,9,9,1,14.333333333333334
(direct) / (none),(direct),房地合一 2.0 稅率解析：避開 45% 重稅，長期置產先租後售策略,/life-proposal/reduce_property_20221215/,9,9,9,1,0.1111111111111111
(direct) / (none),(direct),地上權建物可以買嗎？優缺點一次看！解析產權差異與置產評估要點,/life-proposal/superficial_rights/,9,9,9,1,0.7777777777777778
(direct) / (none),(direct),房屋稅自住優惠三條件：1.2% 稅率申請攻略，教您如何合法節省房屋稅,/life-proposal/tax_relief/,9,9,9,1,1.7777777777777777
google / organic,(organic),突然跳電怎麼辦？六步驟輕鬆排查【居家安全指南】 - 遠雄房地產,/life-proposal/trip/,9,9,9,1,55.44444444444444
(direct) / (none),(direct),買房必看實價登錄 2.0！預售屋行情即時查，房價透明保障交易權益,/life-proposal/true_price/,9,9,9,1,0.8888888888888888
google / organic,(organic),台灣蔦屋空間價值革命：遠雄實踐地方創生，閱讀重塑社區生命力,/life-proposal/tsuta-house/,9,9,10,1.1111111111111112,25.11111111111111
fg / button,reservation,遠雄房地產預約賞屋：線上看房結合實體導覽，開啟智慧購屋新體驗,/make_appointment/,9,9,9,1,1
(direct) / (none),(direct),好友主題報-2024年3月 - 遠雄房地產,/march-2024/,9,9,9,1,0
google / cpc,brand,預約賞屋手機驗證 - 遠雄房地產,/mob_verify/,9,9,10,1.1111111111111112,12.666666666666666
fb / bh13,12,遠房實價登錄,/,8,9,11,1.375,0
fb / bh5,49-1,遠房實價登錄,/,8,9,9,1.125,0
google_kw / bh8,competitor,遠房實價登錄,/,8,9,9,1.125,0
fb / dh2,fb-64,遠房實價登錄,/,8,9,13,1.625,0
line / wdh2,lineqa,遠房實價登錄,/,8,9,13,1.625,0
fb / evp,fanpage,關於遠創力：遠雄房地產行銷顧問，以創新思維定義建築新價值,/about/telecreative_marketing/,8,9,12,1.5,108.875
google_kw / ah1,googlemap,北士科建案【遠雄明玥】2000坪全街廓只蓋一棟．25-46坪,/buildings/ah1/,8,9,9,1.125,25.875
google / cpc,20250718,齊興_緻：北士科住宅預售屋，入主北投核心地段，立即預約賞屋,/buildings/ar1/,8,9,9,1.125,0
line / bh5,(not set),遠雄琉蘊 -台中市西屯區七期預售屋/新建案-預約賞屋，遠雄房地產,/buildings/bh5/,8,9,12,1.5,2
fb / bh5,49-1,遠雄琉蘊 -台中市西屯區七期預售屋/新建案-預約賞屋，遠雄房地產,/buildings/bh5/,8,9,10,1.25,28.25
(not set),20260813一輪播,高雄建案推薦【遠雄峰蘊】- 三民區預售屋．近科工館,/buildings/eh1/,8,9,8,1,16.625
google / cpc,gdn-4,熱銷建案一覽：遠雄全台預售屋、新建案與新成屋，尋獲理想家園,/case/search/page/2/,8,9,11,1.375,25.375
google / organic,(organic),為何首購族選擇北屯？交通、建設與重劃區一次看懂 | 建案熱區巡禮 - 遠雄房地產,/life-proposal/area-l-taichung-beitun20220520/,8,9,10,1.25,44.25
google / organic,(organic),建案熱區巡禮：蛻變中的台南中西區運河星鑽特區 - 交通篇 - 遠雄房地產,/life-proposal/area-tainan_west-central_redevelop_diamond_traffic_20250523/,8,9,8,1,31.625
(not set),高雄全區,高雄預售屋入手指南：最新建案推薦、選房與區域優勢總整理 - 遠雄房地產,/life-proposal/area_presold-house-in-kaohsiung/,8,9,3,0.375,17.625
mkto-sn070013.com / referral,(referral),成屋延後交屋怎麼辦？地政士教你預告登記防風險,/life-proposal/expert_zhu_video_delay/,8,9,8,1,40.75
news.google.com / referral,(referral),2026商用不動產衝破1588億！獵廠時代來臨，遠雄信義CENTER搶佔AI供應鏈商機,/life-proposal/fm2-hunt/,8,9,9,1.125,11.375
google / organic,(organic),遠雄聯手蘇喻哲打造高雄科工館「健康宅」遠雄琢蘊，遠雄左岸串連1300公頃河邊綠地,/life-proposal/natural-design/,8,9,9,1.125,24.875
google / organic,(organic),房地一族看過來，與你有關的國稅局查稅重點 - 遠雄房地產,/life-proposal/tax_inspection_20230119/,8,9,9,1.125,91.25
google / organic,(organic),木地板刮傷怎麼辦？居家百科教您簡易修補小技巧，恢復地板美觀,/life-proposal/woodfix/,8,9,10,1.25,24
google / organic,(organic),郭立涵業務個人介紹 - 遠雄蘴靚,/sales/eh6/G1292/,8,9,9,1.125,5
web / bh10,web-Google map,遠房實價登錄,/,7,9,11,1.5714285714285714,0
(direct) / (none),(direct),遠雄明玥 | 北士科水岸新生活．2000坪全街廓，只蓋一棟｜25-46坪-莊博謙-遠雄房地產 Farglory-Realty,/ah1/b5779,7,9,12,1.7142857142857142,13.571428571428571
web / bh10,web-Google map,北屯敦富路【遠雄敦富】- 北屯機捷預售屋．近好市多,/buildings/bh10/,7,9,10,1.4285714285714286,64.71428571428571
(not set),20260813一輪播,【遠雄蘊合】千坪旗艦，親水生活｜收納中西區最美流動26-43坪．新案早鳥預約,/buildings/dh6/,7,9,10,1.4285714285714286,18.571428571428573
google_kw / dh6,googlemap,【遠雄蘊合】千坪旗艦，親水生活｜收納中西區最美流動26-43坪．新案早鳥預約,/buildings/dh6/,7,9,12,1.7142857142857142,48
google / cpc,information3,遠雄一靚：楠梓高大特區首發新案，2432坪大基地，早鳥預約諮詢中,/buildings/eh2/,7,9,9,1.2857142857142858,22.571428571428573
(not set),20260813一輪播,A建案-AI接待測試頁 - 遠雄房地產,/landing-page/aitest/,7,9,12,1.7142857142857142,2.857142857142857
(not set),20260805一輪播,2025房市回顧與2026盤整展望：政策與市場趨勢解析｜劉佩真觀點 - 遠雄房地產,/life-proposal/expert_peizhen_real-estate-2026/,7,9,2,0.2857142857142857,129.85714285714286
tw.search.yahoo.com / referral,(referral),戶籍遷入辦理教學｜買房後戶籍異動流程與準備文件全攻略 - 遠雄房地產,/life-proposal/land_household_registration/,7,9,9,1.2857142857142858,98.57142857142857
(not set),20260805一輪播,A建案-AI接待測試頁 - 遠雄房地產,/landing-page/aitest/,6,9,13,2.1666666666666665,2
(not set),20260813一輪播,【2026 遺產稅修法】夫妻剩餘財產請求權：最強節稅利器，讓稅金直接對半砍！ - 遠雄房地產,/life-proposal/expert_zhu_inheritance-tax-2026-2/,6,9,4,0.6666666666666666,42.166666666666664
web-sms / (not set),(not set),台南永康遠雄山禾：鹽行特區3-4房，鄰商圈與交通樞紐的理想宅,/buildings/dh2/,5,9,11,2.2,7.6
(not set),新北中和,中和翻轉！萬大線與舊廠翻新紅利 | 建案熱區巡禮 - 遠雄房地產,/life-proposal/area-l-newtaipei-zhonghe_20220923/,5,9,1,0.2,2.2
(not set),20260828一輪播,台中七期．在夏綠地，典藏最優雅的【夏綠蒂】25-38坪,/buildings/bh13/,4,9,11,2.75,49.75
lbs-sms / fm3,20251229,遠雄信義CENTER-新北市板橋區廠辦.商辦/預售新建案-預約賞屋,/buildings/fm3/,4,9,11,2.75,7
(not set),20260828一輪播,遠雄沐蘊-高雄市三民區預售屋/新建案-預約賞屋,/buildings/eh5/,3,9,10,3.3333333333333335,9
dsp / hm2,MDads,遠雄MetaLink科技園區 | 3700坪超旗艦 森態企業總部,/buildings/hm2/,3,9,11,3.6666666666666665,2.6666666666666665
google / organic,(organic),房價溫度計：解析核心房市指標，掌握購屋時機與未來不動產趨勢,/life-proposal/indicators_20221111/,3,9,6,2,34
line / bh11,26_6-3,遠雄14期首發【遠雄丰尚】北屯新案．近漢神洲際百貨,/buildings/bh11/,2,9,10,5,0
google / organic,(organic),什麼是二次施工？解析建照、使照與二工違法風險，保障購屋權益,/life-proposal/2phase_construction_20221118/,9,9,9,1,47.888888888888886
google / cpc,(organic),遠雄14期首發【遠雄丰尚】北屯新案．漢神洲際購物廣場350m,/buildings/bh11/,8,8,9,1.125,16.75
(not set),20260805一輪播,預售屋付款方式有哪些？要準備多少錢？掌握付款5階段與注意事項,/life-proposal/pre-sale-house-payment-methods/,1,8,7,7,0
google / cpc,XXXX,遠房實價登錄,/,8,8,12,1.5,0
fb / ar1,fb15-2,遠房實價登錄,/,8,8,9,1.125,0
line-lap / eh6,fb5-4,遠房實價登錄,/,8,8,9,1.125,0
fb / wdh2,fb6-1,遠房實價登錄,/,8,8,9,1.125,0
google_kw / ah1,googlemap,遠房實價登錄,/,8,8,11,1.375,0
web-udn / bh6,web-udn0710,遠房實價登錄,/,8,8,8,1,0
ucity_web / homelink,(not set),遠雄房地產：最懂生活的購屋專家｜卓越建築品質，圓滿您的家,/,8,8,8,1,0
GDC / (not set),GDCbuilding/遠雄theone-41.html,遠雄房地產：最懂生活的購屋專家｜卓越建築品質，圓滿您的家,/,8,8,8,1,0
GDC / (not set),GDCbuilding/青島遠雄國際廣場-38.html,遠雄房地產：最懂生活的購屋專家｜卓越建築品質，圓滿您的家,/,8,8,8,1,0
GDC / (not set),GDCcorporate/2016年美國北加、南加州發表會-18.html,遠雄房地產：最懂生活的購屋專家｜卓越建築品質，圓滿您的家,/,8,8,8,1,0
google_kw / fm3,brand,遠雄房地產：最懂生活的購屋專家｜卓越建築品質，圓滿您的家,/,8,8,9,1.125,12.375
(direct) / (none),(direct),好友主題報-2024年1月 - 遠雄房地產,/2024january/,8,8,8,1,1.375
(direct) / (none),(direct),遠雄仰森,/HH3/main,8,8,9,1.125,11.25
(direct) / (none),(direct),簡易DIY輕鬆好好玩，免工具免黏貼，一同體驗手作樂趣！｜全品項85折 - 遠雄房地產,/activity-report/creative-diy/,8,8,8,1,0
(direct) / (none),(direct),遠雄房地產 官方LINE「8月好友禮」得獎公告 - 遠雄房地產,/activity-report/line-friends-aug/,8,8,8,1,0.125
(direct) / (none),(direct),2023《百味人生》百變康康巡迴演唱會 - 遠雄房地產,/activity-report/ucity_concert_20230411/,8,8,8,1,0.25
(direct) / (none),(direct),西班牙國家舞團 雋永《卡門》全本芭蕾舞團 - 遠雄房地產,/activity-report/ucity_event1_20230705/,8,8,8,1,1.625
(direct) / (none),(direct),新竹首檔寵物用品暨服務展🐦 - 遠雄房地產,/activity-report/ucity_jul_pet/,8,8,8,1,0.375
(direct) / (none),(direct),北捷嚴選年節精緻禮盒~送禮首選 - 遠雄房地產,/activity-report/北捷嚴選年節精緻禮盒送禮首選/,8,8,8,1,0.25
(direct) / (none),(direct),遠雄房地產 官方LINE | 7萬好友感謝祭！7770 LINE POINTS大放送！ - 遠雄房地產,/activity-report/遠雄房地產-7萬好友/,8,8,8,1,0.875
(direct) / (none),(direct),遠雄純寓 水湳上城 瑞虎迎新 - 遠雄房地產,/activity-report/遠雄純寓-水湳上城-瑞虎迎新/,8,8,8,1,0
google / organic,(organic),活動報報：遠雄房地產最新活動一覽！掌握即時公告與專屬住戶驚喜,/activity_report/,8,8,9,1.125,4.5
facebook.com / referral,(referral),遠雄明玥 | 北士科水岸新生活．2000坪全街廓，只蓋一棟｜25-46坪-蔡定誠-遠雄房地產 Farglory-Realty,/ah1/B4720,8,8,8,1,0.5
google / cpc,XXXX,遠雄房地產精選預售屋(台北、新北、台中、桃園、台南、高雄) - 遠雄房地產,/building-category-tag/featured_pre_sale/,8,8,10,1.25,12.5
(direct) / (none),(direct),水岸宅相關預售屋/新成屋/新建案資料|遠雄房地產,/building-tag/build-tag-river/,8,8,8,1,1.125
lm.facebook.com / referral,(referral),北士科遠雄泱玥：水岸首排57-75坪大器空間，坐擁絕美壯闊景觀,/buildings/ah2/,8,8,8,1,28.125
line-lap / ar1,20250718,齊興_緻：北士科住宅預售屋，入主北投核心地段，立即預約賞屋,/buildings/ar1/,8,8,9,1.125,0.25
google / cpc,othercities_brand,北屯敦富路【遠雄敦富】- 北屯機捷預售屋．近好市多,/buildings/bh10/,8,8,9,1.125,39.125
google / organic,(organic),(not set),(not set),8,8,0,0,0
bing / organic,(organic),台中七期．在夏綠地，典藏最優雅的【夏綠蒂】25-38坪,/buildings/bh13/,8,8,8,1,126.875
line-lap / bh5,(referral),遠雄琉蘊 -台中市西屯區七期預售屋/新建案-預約賞屋，遠雄房地產,/buildings/bh5/,8,8,8,1,0.25
fb / bh5,44,遠雄琉蘊 -台中市西屯區七期預售屋/新建案-預約賞屋，遠雄房地產,/buildings/bh5/,8,8,8,1,73.5
webnews / bh6,webnewsa,遠雄藝舍-台中西屯區麥當勞旁金店面-預約賞屋，遠雄房地產,/buildings/bh6/,8,8,8,1,2.375
google_kw / bh13,(organic),【遠雄樂元】北屯機捷X好市多，雙首排大道最核心，夠近才最好,/buildings/bh7/,8,8,9,1.125,48.75
google_kw / bh7,brand,【遠雄樂元】北屯機捷X好市多，雙首排大道最核心，夠近才最好,/buildings/bh7/,8,8,13,1.625,12.25
fb / dgm1,fb8-4,大河商爵-台北市士林區廠辦/預售新建案-預約賞屋，遠創力行銷,/buildings/dgm1/,8,8,9,1.125,0
fb / dgm1,fbfanpage,大河商爵-台北市士林區廠辦/預售新建案-預約賞屋，遠創力行銷,/buildings/dgm1/,8,8,9,1.125,65.875
facebook.com / referral,(referral),【遠雄蘊合】千坪旗艦，親水生活｜收納中西區最美流動26-43坪．新案早鳥預約,/buildings/dh6/,8,8,8,1,0.375
google / cpc,XXXX,遠雄一靚：楠梓高大特區首發新案，2432坪大基地，早鳥預約諮詢中,/buildings/eh2/,8,8,11,1.375,46.5
fb / fh2,fb7-1,遠雄合雅｜板橋之心・合院之上｜2~4房．24~66坪,/buildings/fh2/,8,8,9,1.125,47.625
webnews / fm3,20260105,遠雄信義CENTER-新北市板橋區廠辦.商辦/預售新建案-預約賞屋,/buildings/fm3/,8,8,8,1,7.125
farglory.surveycake.com / referral,(referral),遠雄幸福成｜全新落成 - 台中市梧棲區新成屋-預約賞屋，遠雄房地產,/buildings/h713/,8,8,8,1,7
facebook.com / referral,(referral),遠雄MetaLink科技園區 | 3700坪超旗艦 森態企業總部,/buildings/hm2/,8,8,8,1,1.5
fb / o1,fb32-2,遠雄THE ONE-高雄市前鎮區新成屋/新建案-預約賞屋,/buildings/o1/,8,8,9,1.125,32.625
(data not available),(cross-network),若水秧翠｜東京視野・頂埔門牌｜1~3房．20~42坪,/buildings/rsh1/,8,8,13,1.625,24.75
(direct) / (none),(direct),遠雄房地產官方LINE,/campaign/,8,8,6,0.75,125
(direct) / (none),(direct),EH6-0822招財樹手作活動,/campaign/index.html,8,8,2,0.25,65.75
fg / button,SEO,熱銷建案一覽：遠雄全台預售屋、新建案與新成屋，尋獲理想家園,/case/search/,8,8,8,1,1.5
googlemap / o1,googlemap,熱銷建案一覽：遠雄全台預售屋、新建案與新成屋，尋獲理想家園,/case/search/,8,8,18,2.25,40.75
google / organic,(organic),熱銷建案一覽：遠雄全台預售屋、新建案與新成屋，尋獲理想家園,/case/search/page/6/,8,8,13,1.625,21
google_kw / bh13,(organic),熱銷建案一覽：遠雄全台預售屋、新建案與新成屋，尋獲理想家園,/case/search/sales_status/coming-soon/,8,8,9,1.125,19.5
(direct) / (none),(direct),熱銷建案一覽：遠雄全台預售屋、新建案與新成屋，尋獲理想家園,/case/search/sales_status/coming-soon/tel:0800009168/page/3/,8,8,8,1,2.375
(direct) / (none),(direct),熱銷建案一覽：遠雄全台預售屋、新建案與新成屋，尋獲理想家園,/case/search/sales_status/hot-sale/page/2/,8,8,8,1,6.75
(direct) / (none),(direct),加入我們｜薪獎福利大公開，提供優於業界職涯保障，招募建築菁英,/contact_service/salary_bonus_benefits/,8,8,8,1,0
(direct) / (none),(direct),十二月主題報 - 遠雄房地產,/december/,8,8,8,1,0.5
(not set),20260702一輪播,遠雄房地產,/ebook,8,8,9,1.125,0
(direct) / (none),(direct),七月主題報 - 遠雄房地產,/july/,8,8,8,1,0
(direct) / (none),(direct),賞屋熊厝味【遠雄峰蘊】首檔鉅獻! - 遠雄房地產,/landing-page/0320live/,8,8,8,1,2.5
(direct) / (none),(direct),二親等 彙整 - 遠雄房地產,/life-proposal-tag/2、市場/2稅務政策相關/gift_tax/二親等/,8,8,8,1,0
(direct) / (none),(direct),免稅額 彙整 - 遠雄房地產,/life-proposal-tag/2、市場/2稅務政策相關/免稅額/,8,8,8,1,1.125
(direct) / (none),(direct),繼承登記 彙整 - 遠雄房地產,/life-proposal-tag/2、市場/2稅務政策相關/繼承登記/,8,8,8,1,0.75
(direct) / (none),(direct),中西區 彙整 - 遠雄房地產,/life-proposal-tag/5、區域/1區域地段/縣市/台南市/中西區/,8,8,8,1,0
(direct) / (none),(direct),楠梓區 彙整 - 遠雄房地產,/life-proposal-tag/5、區域/1區域地段/縣市/高雄市/楠梓區/,8,8,8,1,0.5
(direct) / (none),(direct),川普行政命令 彙整 - 遠雄房地產,/life-proposal-tag/macroeconomics-2/川普行政命令/,8,8,8,1,1.75
(direct) / (none),(direct),鐵鋁窗損毀要整組換掉嗎？居家百科解析修補與換新評估，精省支出,/life-proposal/aluminumandiron/,8,8,8,1,0
google / organic,(organic),高大特區綠地與明星學區：藍田國小招生與文教機能總覽,/life-proposal/area-kaohsiung-nanzi_nuk_school_20250225/,8,8,8,1,40.375
google / organic,(organic),高雄鼓山房市熱點：農十六與大美術館特區，萬坪綠地與捷運商圈全機能,/life-proposal/area-l-kaohsiung-gusha20200520/,8,8,11,1.375,87.625
(direct) / (none),(direct),台中西屯區巡禮：美食、藝文與交通樣樣好，水湳與七期雙核心發展,/life-proposal/area-l-taichung-xitun20220520/,8,8,8,1,15.875
(direct) / (none),(direct),台南中西區運河星鑽特區打造台南曼哈頓 | 建案熱區巡禮 - 遠雄房地產,/life-proposal/area-s-tainan_west-central_diamond_20250425/,8,8,8,1,1.5
(direct) / (none),(direct),台中西屯學區宅：七期政經資源與國家歌劇院，優質文教環境全解析,/life-proposal/area_hotspot_txg_xitun_school_20231115/,8,8,8,1,2
(direct) / (none),(direct),台南溪東重劃區：鄰近商 60 與海佃雙學區，萬坪自辦重劃機能全解析,/life-proposal/area_tnn_haidian_function_20240126/,8,8,8,1,2.5
(direct) / (none),(direct),建案熱區巡禮：台中北屯區14期重劃區 - 學區篇 - 遠雄房地產,/life-proposal/area_txg_beitun_14th_school_20240917/,8,8,8,1,3.875
webnews / h902,20230615,遠房實價登錄,/,8,8,8,1,0
(direct) / (none),(direct),混凝土與鋼筋品質嚴格把關！一次了解氯離子檢測、鋼筋續接器重要性,/life-proposal/concrete/,8,8,8,1,6.5
(direct) / (none),(direct),地震來的時候你家安全嗎? 一次搞懂抗震建築 - 遠雄房地產,/life-proposal/earthquake/,8,8,8,1,20.5
google / organic,(organic),綠建築十大社區出爐，遠雄文青、遠雄THE ONE、遠雄耶魯齊上榜 - 遠雄房地產,/life-proposal/ease_eewh-ec_20230711/,8,8,9,1.125,24.125
(direct) / (none),(direct),購買預售屋如何選擇好的建商？(下集)｜永然法律不動產專欄 - 遠雄房地產,/life-proposal/expert_law_y-rlee_builder2_20250425/,8,8,8,1,1.5
google / organic,(organic),2026首季商用不動產998億新高！AI與半導體剛需成最強支柱,/life-proposal/expert_liu_2026-market-high/,8,8,8,1,20.625
(direct) / (none),(direct),財經M平方觀點：去庫存壓力來襲，透過2個關鍵訊號掌握製造業落底,/life-proposal/expert_macromicro20220726/,8,8,8,1,8
(direct) / (none),(direct),房市鬆綁為何不如預期？解析信貸脈衝底回升與政策調降的市場現狀,/life-proposal/expert_macromicro20220909/,8,8,8,1,15
(direct) / (none),(direct),台灣房價Q2再創新高！解析平均地權條例與囤房稅2.0後的房市動向,/life-proposal/expert_macromicro_housing_03q2_20230928/,8,8,8,1,1
m.facebook.com / referral,(referral),2026 下半年全球央行決策解析：聯準會、歐洲與日本央行的資產配置新思維,/life-proposal/expert_macromicro_market-analysis/,8,8,8,1,0
(direct) / (none),(direct),台灣經濟三大重點：出口雙位數成長與台股萬八，解析股匯齊揚動能,/life-proposal/expert_macromicro_mec_china_20240621/,8,8,8,1,3.5
tw.search.yahoo.com / referral,(referral),2025房市回顧與2026盤整展望：政策與市場趨勢解析｜劉佩真觀點 - 遠雄房地產,/life-proposal/expert_peizhen_real-estate-2026/,8,8,8,1,131.125
google / organic,(organic),海外買房全攻略：台灣人在國外如何簽約？外國人取得土地權利解析,/life-proposal/expert_zhu_buyhouse_abroad1_20240303/,8,8,8,1,63.625
google / organic,(organic),生前贈與還是繳遺產稅，哪個比較划算？結果可能超乎你的想像｜專家觀點地政篇 - 遠雄房地產,/life-proposal/expert_zhu_gift-and-estate-tax_20250509/,8,8,8,1,75.375
google / organic,(organic),私法人取得不動產的限制｜專家觀點地政篇 - 遠雄房地產,/life-proposal/expert_zhu_private-corporation_20231114/,8,8,8,1,47.375
(direct) / (none),(direct),二親等買賣房產全攻略：解析視同贈與規定與支付價款證明要點,/life-proposal/expert_zhu_property_house-transfer_20231129/,8,8,8,1,1
(direct) / (none),(direct),銀行法第72條之2限貸令解析：突破貸款成數管道與壽險、信託因應策略,/life-proposal/expert_zhu_property_loan-ratio_vedio_20250131/,8,8,8,1,8.625
(not set),生活提案,只有不動產怎麼繳遺產稅？實物抵繳是否划算？｜專家觀點地政篇 - 遠雄房地產,/life-proposal/expert_zhu_property_offset-2_20241220/,8,8,2,0.25,0.375
fg / post,SEO,2026年買新房成本暴增？地政士解析三大新制陷阱與產權影響,/life-proposal/expert_zhu_regulations-trap/,8,8,8,1,132.25
google / organic,(organic),自己的浴室自己修！水龍頭漏水與馬桶堵塞排除法，居家維修不求人,/life-proposal/fixbathroom/,8,8,8,1,29
(direct) / (none),(direct),大新板 AI 產業廊道解析｜地緣政治驅動供應鏈轉型，企業資產佈局對策,/life-proposal/fm3-asset/,8,8,8,1,4.125
web-edm / fg,February2024-2,預售屋 v.s 成屋 v.s 中古屋的差異與優缺點 - 遠雄房地產,/life-proposal/goodandbad_20221028/,8,8,8,1,1.5
google / organic,(organic),六都交易量比重衝高：從買賣移轉棟數看見房市的弦外之音｜何世昌觀點 - 遠雄房地產,/life-proposal/housing-transactions/,8,8,8,1,31.125
(direct) / (none),(direct),房貸類型怎麼選？指數型、抵利型到壽險型房貸，申請門檻與重點全解析,/life-proposal/land_load_qa/,8,8,8,1,1
(direct) / (none),(direct),包租代管懶人包：流程、優缺點及補助詳解，輕鬆打造被動收入,/life-proposal/rental_housing_20230106/,8,8,8,1,0.375
(direct) / (none),(direct),打造毛孩專屬寵物宅：室內外規劃重點，構築幸福共融空間,/life-proposal/space_pets_20230130/,8,8,8,1,6.75
google / organic,(organic),遠雄房地產預約賞屋：線上看房結合實體導覽，開啟智慧購屋新體驗,/make_appointment/,8,8,8,1,11.625
google_kw / hm2,sitelink,守護個人資訊安全，一起保障您的隱私權益｜ 遠雄房地產,/privacy/,8,8,9,1.125,35
(direct) / (none),(direct),加入我們｜薪獎福利大公開，提供優於業界職涯保障，招募建築菁英,/salary_bonus_benefits/,8,8,8,1,0
google / cpc,brand,劉凡瑄業務個人介紹 - 遠雄樂元,/sales/bh7/G1278/,8,8,8,1,15.875
google / organic,(organic),余蕙萍業務個人介紹 - 遠雄合雅,/sales/fh2/G1265/,8,8,8,1,3.875
fb / eh6,privacy,遠雄房地產服務條款暨隱私權聲明｜保障您的個人資訊與使用權益,/terms-of-service_and_privacy/,8,8,8,1,7.5
(direct) / (none),(direct),遠雄之星證言篇-單身投資-28歲擁有人生第一間房，強迫儲蓄更是最好的投資！- 遠雄房地產,/wom-recommendation/single-investment/,8,8,8,1,0.625
line / bh5,(not set),遠房實價登錄,/,7,8,12,1.7142857142857142,0
google_kw / 5vo1,202604,遠房實價登錄,/,7,8,17,2.4285714285714284,0
(not set),20260429一輪播,遠房實價登錄,/,7,8,12,1.7142857142857142,0
google / organic,(organic),遠雄房地產精選成屋(台北、新北、台中、桃園、台南、高雄) - 遠雄房地產,/building-category-tag/featured_existing_house/,7,8,12,1.7142857142857142,11.428571428571429
google / cpc,information4,大河商爵-台北市士林區廠辦/預售新建案-預約賞屋，遠創力行銷,/buildings/dgm1/,7,8,11,1.5714285714285714,1.7142857142857142
bing / organic,(organic),遠雄沐蘊-高雄市三民區預售屋/新建案-預約賞屋,/buildings/eh5/,7,8,8,1.1428571428571428,28.714285714285715
fb / fh2,fb7-2,遠雄合雅｜板橋之心・合院之上｜2~4房．24~66坪,/buildings/fh2/,7,8,9,1.2857142857142858,16.285714285714285
fb / h713,124,遠雄幸福成｜全新落成 - 台中市梧棲區新成屋-預約賞屋，遠雄房地產,/buildings/h713/,7,8,8,1.1428571428571428,8.857142857142858
fb / o1,fb32-3,遠雄THE ONE-高雄市前鎮區新成屋/新建案-預約賞屋,/buildings/o1/,7,8,7,1,8.857142857142858
(not set),20260813一輪播,若水秧翠｜東京視野・頂埔門牌｜1~3房．20~42坪,/buildings/rsh1/,7,8,5,0.7142857142857143,16.714285714285715
(direct) / (none),(direct),手作羊毛氈達摩口金包,/campaign/index.html,7,8,2,0.2857142857142857,98.57142857142857
google / organic,(organic),2025年中台灣房市潛力區域專題報導 -10大優質投資區域分析｜何世昌觀點 - 遠雄房地產,/life-proposal/expert_hoshichang_central-potential/,7,8,8,1.1428571428571428,189.57142857142858
chatgpt.com / ai-assistant,(ai-assistant),2026 房市脫鉤：住宅冷科技熱！解析量縮價穩下的雙軌發展,/life-proposal/expert_peizhen_2026-q2-housing-outlook/,7,8,9,1.2857142857142858,26.571428571428573
google / organic,(organic),沒小孩遺產給誰？朱智豪地政士揭秘：小心兄弟姊妹爭特留分,/life-proposal/expert_zhu_inheritance-safe/,7,8,8,1.1428571428571428,75.57142857142857
google / organic,(organic),配偶贈與為何是節稅例外？法規與房地合一稅實務解析,/life-proposal/expert_zhu_property_divide_gifttax2_20241024/,7,8,8,1.1428571428571428,61
google / organic,(organic),預告登記如何合法節稅？遲延交屋的產權保障與盲點解析,/life-proposal/expert_zhu_tax-notice/,7,8,8,1.1428571428571428,79.14285714285714
(not set),20260805一輪播,預告登記如何合法節稅？遲延交屋的產權保障與盲點解析,/life-proposal/expert_zhu_tax-notice/,7,8,0,0,5.714285714285714
(not set),20260813一輪播,贈與稅與遺產稅免稅額解析｜房產贈與、買賣、繼承怎麼選 - 遠雄房地產,/life-proposal/gift_tax/,7,8,2,0.2857142857142857,103.28571428571429
line-lap / eh6,fb5-4,守護個人資訊安全，一起保障您的隱私權益｜ 遠雄房地產,/privacy/,7,8,10,1.4285714285714286,5.428571428571429
(not set),20260702一輪播,遠房實價登錄,/,6,8,13,2.1666666666666665,0
(direct) / (none),(direct),齊興緻-邱美鈴-遠雄房地產 Farglory-Realty,/AR1/b5758,6,8,8,1.3333333333333333,36.5
ig / paid,120210744263750402,北士科遠雄泱玥：水岸首排57-75坪大器空間，坐擁絕美壯闊景觀,/buildings/ah2/,6,8,9,1.5,12.833333333333334
web-sms / dh6,20260619,【遠雄蘊合】千坪旗艦，親水生活｜收納中西區最美流動26-43坪．新案早鳥預約,/buildings/dh6/,6,8,8,1.3333333333333333,25.833333333333332
(direct) / (none),(direct),遠雄樂元-客戶感恩私廚餐會,/campaign/index.html,6,8,2,0.3333333333333333,34.166666666666664
google / organic,(organic),鹽行國中重劃區憑藉交通紅利，躍升科技新貴置產熱點,/life-proposal/area_tnn_yongkang_yanxing_school_20240323/,6,8,8,1.3333333333333333,54.666666666666664
mkto-sn070013.com / referral,(referral),2026 下半年全球央行決策解析：聯準會、歐洲與日本央行的資產配置新思維,/life-proposal/expert_macromicro_market-analysis/,6,8,8,1.3333333333333333,161
(not set),20260805一輪播,樓梯間與梯廳公共設施：建築法規與容積計算完整解析 - 遠雄房地產,/life-proposal/regulations2_20230320/,6,8,0,0,0
(not set),20260702一輪播,遠雄房地產：最懂生活的購屋專家｜卓越建築品質，圓滿您的家,/,5,8,10,2,9.6
(not set),20260805一輪播,遠雄房地產精選預售屋(台北、新北、台中、桃園、台南、高雄) - 遠雄房地產,/building-category-tag/featured_pre_sale/,5,8,5,1,8.4
(not set),20260813一輪播,遠雄一靚：楠梓高大特區首發新案，2432坪大基地，早鳥預約諮詢中,/buildings/eh2/,5,8,9,1.8,100.4
google / organic,(organic),台南鹽行國中重劃區看好！5分鐘上永康交流道，迅速連結南科紅利,/life-proposal/area-s-tainan-yanxing20200520/,5,8,7,1.4,103
google / organic,(organic),王薇筑業務個人介紹 - 遠雄蘊合,/sales/dh6/G1237/,5,8,9,1.8,9.2
(not set),20260813一輪播,北屯敦富路【遠雄敦富】- 北屯機捷預售屋．近好市多,/buildings/bh10/,4,8,10,2.5,16.5
google / cpc,(not set),遠雄星呈-台中市清水區預售屋/新建案-預約賞屋，遠雄房地產,/buildings/h707/,4,8,8,2,2.75
lbs-sms / fm3,20251229,遠房實價登錄,/,3,8,8,2.6666666666666665,0
gdn / hm2,0601GDN,Farglory MetaLink Technology Park | 3700-ping (approximately 1630 square meters) Super Flagship Eco-Friendly Corporate Headquarters,/buildings/hm2/,3,8,20,6.666666666666667,5
excel.officeapps.live.com / referral,(referral),空屋率高房價就會跌？揭開台灣房市「愈空愈貴」的結構真相,/life-proposal/expert_hoshichang_vacancy-rate/,3,8,5,1.6666666666666667,22
(not set),20260618一輪播,遠雄蘴靚｜高雄楠梓新門戶｜捷運R21站旁｜3795坪豪闊基地,/buildings/eh6/,1,8,8,8,0
(not set),20260805一輪播,2026年預售市場一針見血的銷售與購買策略｜李同榮觀點 - 遠雄房地產,/life-proposal/expert_li_2026-housing-tips/,1,8,7,7,0
gemini.google.com / ai-assistant,(ai-assistant),[影音] 婚前買房v.s婚後買房｜房子登記誰的名字好｜專家觀點地政篇 - 遠雄房地產,/life-proposal/expert_zhu_marriage_20230614/,1,8,10,10,20
(direct) / (none),(direct),借名登記是什麼？解析房產人頭戶動機、信貸問題與實際所有權認定,/life-proposal/borrow_name_20221118/,8,8,8,1,0
fb / fh2,fb8-2,遠房實價登錄,/,7,7,9,1.2857142857142858,0
line-lap / eh2,20260407A,遠雄一靚：楠梓高大特區首發新案，2432坪大基地，早鳥預約諮詢中,/buildings/eh2/,1,7,6,6,0
farglory.surveycake.com / referral,(referral),遠房實價登錄,/,7,7,8,1.1428571428571428,0
liff.line.me / referral,(referral),遠房實價登錄,/,7,7,16,2.2857142857142856,0
fb / dh6,11,遠房實價登錄,/,7,7,10,1.4285714285714286,0
fb / O1,120227538157820464,遠房實價登錄,/,7,7,8,1.1428571428571428,0.2857142857142857
fb / bh13,120242379795300678,遠房實價登錄,/,7,7,8,1.1428571428571428,0
line / bh8,20260710-line,遠房實價登錄,/,7,7,8,1.1428571428571428,0
fb / bh5,44,遠房實價登錄,/,7,7,7,1,0
sms / aep-cdp,CRM-001-D,遠房實價登錄,/,7,7,7,1,0
google_kw / wdh2,buyhouse,遠房實價登錄,/,7,7,8,1.1428571428571428,0
googlemap / (not set),eh1,遠房實價登錄,/,7,7,7,1,0
fb / rsh1,fb7-6,遠房實價登錄,/,7,7,9,1.2857142857142858,0
google / organic,(organic),您正在找 - 遠雄房地產,/,7,7,17,2.4285714285714284,21.428571428571427
googlemap / o1,googlemap,遠房實價登錄,/,7,7,10,1.4285714285714286,6
line / dh2,line-dh2,遠房實價登錄,/,7,7,7,1,7.142857142857143
mydachi / rsh1,mydachi-website0703,遠房實價登錄,/,7,7,7,1,0
GDC / (not set),GDCcorporate/返台購屋佳機16日講座藏驚喜-31.html,遠雄房地產：最懂生活的購屋專家｜卓越建築品質，圓滿您的家,/,7,7,7,1,0
(direct) / (none),(direct),遠雄敦富《城市潮流漫步生活節》，享受愜意生活的完美假日 - 遠雄房地產,/activity-report/bh10_20241217/,7,7,7,1,1.1428571428571428
(direct) / (none),(direct),遠雄幸福成 新春賞雪贈好禮 - 遠雄房地產,/activity-report/h713_2022cny/,7,7,7,1,1
(direct) / (none),(direct),首檔居住安全博覽會🏠 - 遠雄房地產,/activity-report/ucity_jul_expo/,7,7,7,1,1.2857142857142858
(direct) / (none),(direct),★ 台中寵物展&貓博覽會 免費入場★ - 遠雄房地產,/activity-report/ucity_oct_pet/,7,7,7,1,1.4285714285714286
(not set),(not set),最新消息｜遠雄公告資訊，即時掌握品牌重要動態，重要通知不漏接,/activity_report/announcement_information/,7,7,0,0,1.4285714285714286
google / cpc,WDH2-地區字,遠雄房地產精選預售屋(台北、新北、台中、桃園、台南、高雄) - 遠雄房地產,/building-category-tag/featured_pre_sale/,7,7,7,1,15.714285714285714
google / cpc,area,遠雄房地產精選預售屋(台北、新北、台中、桃園、台南、高雄) - 遠雄房地產,/building-category-tag/featured_pre_sale/,7,7,8,1.1428571428571428,11.571428571428571
fb / rsh1,fbfanpage,遠雄房地產精選預售屋(台北、新北、台中、桃園、台南、高雄) - 遠雄房地產,/building-category-tag/featured_pre_sale/,7,7,8,1.1428571428571428,18.857142857142858
googleads.g.doubleclick.net / referral,(referral),【聯上智科】輝達軸線核心｜北士科福國路首排，純商辦地標，符合ESG指標｜預約尊榮鑑賞 遠雄房地產 聯上智科,/buildings/5vo1/,7,7,9,1.2857142857142858,3.857142857142857
fb / 5vo1,7-8,【聯上智科】輝達軸線核心｜北士科福國路首排，純商辦地標，符合ESG指標｜預約尊榮鑑賞 遠雄房地產 聯上智科,/buildings/5vo1/,7,7,7,1,1.2857142857142858
line-lap / ah1,lap-5,北士科建案【遠雄明玥】2000坪全街廓只蓋一棟．25-46坪,/buildings/ah1/,7,7,7,1,0
google / cpc,brand,北屯敦富路【遠雄敦富】- 北屯機捷預售屋．近好市多,/buildings/bh10/,7,7,7,1,42
fb / bh10,fb20268-2,北屯敦富路【遠雄敦富】- 北屯機捷預售屋．近好市多,/buildings/bh10/,7,7,7,1,18.285714285714285
gdn / hm2,4-2pmaxv2,遠雄14期首發【遠雄丰尚】北屯新案．漢神洲際購物廣場350m,/buildings/bh11/,7,7,7,1,69.28571428571429
fb / bh11,6-6,遠雄14期首發【遠雄丰尚】北屯新案．漢神洲際購物廣場350m,/buildings/bh11/,7,7,7,1,4
line-lap / dh6,1,台中七期．在夏綠地，典藏最優雅的【夏綠蒂】25-38坪,/buildings/bh13/,7,7,8,1.1428571428571428,3.142857142857143
(data not available),(cross-network),遠雄琉蘊 -台中市西屯區七期預售屋/新建案-預約賞屋，遠雄房地產,/buildings/bh5/,7,7,15,2.142857142857143,33.42857142857143
fb / bh5,61,遠雄琉蘊 -台中市西屯區七期預售屋/新建案-預約賞屋，遠雄房地產,/buildings/bh5/,7,7,7,1,17.285714285714285
web-chinatimes / bh6,web-chinatimesCheng,遠雄藝舍-台中西屯區麥當勞旁金店面-預約賞屋，遠雄房地產,/buildings/bh6/,7,7,7,1,2.4285714285714284
web-ettoday / bh6,web-ettoday0322,遠雄藝舍-台中西屯區麥當勞旁金店面-預約賞屋，遠雄房地產,/buildings/bh6/,7,7,7,1,2.7142857142857144
fb / bh7,29,【遠雄樂元】北屯機捷X好市多，雙首排大道最核心，夠近才最好,/buildings/bh7/,7,7,8,1.1428571428571428,2.857142857142857
fb / bh7,32,【遠雄樂元】北屯機捷X好市多，雙首排大道最核心，夠近才最好,/buildings/bh7/,7,7,7,1,4.857142857142857
line-lap / bh7,lap-3,【遠雄樂元】北屯機捷X好市多，雙首排大道最核心，夠近才最好,/buildings/bh7/,7,7,8,1.1428571428571428,1.4285714285714286
google_kw / bh13,(organic),台中遠雄洄山行：2-4房方正格局，入主西屯生活圈的質感好宅,/buildings/bh8/,7,7,9,1.2857142857142858,46.285714285714285
line / bh8,20260710-line,台中遠雄洄山行：2-4房方正格局，入主西屯生活圈的質感好宅,/buildings/bh8/,7,7,8,1.1428571428571428,15.571428571428571
google_kw / bh8,googlemap,台中遠雄洄山行：2-4房方正格局，入主西屯生活圈的質感好宅,/buildings/bh8/,7,7,7,1,10.714285714285714
(direct) / (none),(direct),找不到頁面 - 遠雄房地產,/buildings/cqh1/,7,7,7,1,14
fb / dgm1,fb20267-1,大河商爵-台北市士林區廠辦/預售新建案-預約賞屋，遠創力行銷,/buildings/dgm1/,7,7,7,1,0
fb / dgm1,fb20267-6,大河商爵-台北市士林區廠辦/預售新建案-預約賞屋，遠創力行銷,/buildings/dgm1/,7,7,7,1,0.2857142857142857
fb / dgm1,fb8-3,大河商爵-台北市士林區廠辦/預售新建案-預約賞屋，遠創力行銷,/buildings/dgm1/,7,7,7,1,2
google / cpc,information8,大河商爵-台北市士林區廠辦/預售新建案-預約賞屋，遠創力行銷,/buildings/dgm1/,7,7,8,1.1428571428571428,6.285714285714286
google / cpc,competing,台南永康遠雄山禾：鹽行特區3-4房，鄰商圈與交通樞紐的理想宅,/buildings/dh2/,7,7,7,1,56.57142857142857
google / cpc,demand,台南永康遠雄山禾：鹽行特區3-4房，鄰商圈與交通樞紐的理想宅,/buildings/dh2/,7,7,8,1.1428571428571428,14.857142857142858
fb / dh2,fb-64,台南永康遠雄山禾：鹽行特區3-4房，鄰商圈與交通樞紐的理想宅,/buildings/dh2/,7,7,7,1,30
line / dh2,line-dh2,台南永康遠雄山禾：鹽行特區3-4房，鄰商圈與交通樞紐的理想宅,/buildings/dh2/,7,7,7,1,34.42857142857143
googlemap / dh5,googlemap,找不到頁面 - 遠雄房地產,/buildings/dh5/,7,7,7,1,2.142857142857143
fb / paid,120241965207070634,【遠雄蘊合】千坪旗艦，親水生活｜收納中西區最美流動26-43坪．新案早鳥預約,/buildings/dh6/,7,7,8,1.1428571428571428,76.71428571428571
fb / dh6,14,【遠雄蘊合】千坪旗艦，親水生活｜收納中西區最美流動26-43坪．新案早鳥預約,/buildings/dh6/,7,7,8,1.1428571428571428,36.42857142857143
news / dh6,202606,【遠雄蘊合】千坪旗艦，親水生活｜收納中西區最美流動26-43坪．新案早鳥預約,/buildings/dh6/,7,7,8,1.1428571428571428,48.142857142857146
fb / dh6,3,【遠雄蘊合】千坪旗艦，親水生活｜收納中西區最美流動26-43坪．新案早鳥預約,/buildings/dh6/,7,7,7,1,2.4285714285714284
google_kw / bh13,(organic),高雄建案推薦【遠雄峰蘊】- 三民區預售屋．近科工館,/buildings/eh1/,7,7,7,1,11.857142857142858
line-lap / eh1,20230901,高雄建案推薦【遠雄峰蘊】- 三民區預售屋．近科工館,/buildings/eh1/,7,7,7,1,0.5714285714285714
googlemap / (not set),eh1,高雄建案推薦【遠雄峰蘊】- 三民區預售屋．近科工館,/buildings/eh1/,7,7,7,1,22.857142857142858
google / cpc,area,遠雄一靚：楠梓高大特區首發新案，2432坪大基地，早鳥預約諮詢中,/buildings/eh2/,7,7,9,1.2857142857142858,51
fb / eh5,fb32-5,遠雄沐蘊-高雄市三民區預售屋/新建案-預約賞屋,/buildings/eh5/,7,7,7,1,4.285714285714286
fb / fh2,fbfanpage0612,遠雄合雅｜板橋之心・合院之上｜2~4房．24~66坪,/buildings/fh2/,7,7,7,1,17.857142857142858
web-chinatimes / fm3,20260116,遠雄信義CENTER-新北市板橋區廠辦.商辦/預售新建案-預約賞屋,/buildings/fm3/,7,7,7,1,8.714285714285714
webnews / h713,20250918,遠雄幸福成｜全新落成 - 台中市梧棲區新成屋-預約賞屋，遠雄房地產,/buildings/h713/,7,7,7,1,2.4285714285714284
web-ltn / h902,20231027,遠雄琢蘊-高雄市三民區預售屋/新建案-預約賞屋，遠雄房地產,/buildings/h902/,7,7,7,1,2
gdn / hm2,202606,遠雄MetaLink科技園區 | 3700坪超旗艦 森態企業總部,/buildings/hm2/,7,7,8,1.1428571428571428,5.142857142857143
fb / hm2,20260824-2,遠雄MetaLink科技園區 | 3700坪超旗艦 森態企業總部,/buildings/hm2/,7,7,7,1,1.2857142857142858
line / rsh1,line-lap1-5_600x400,若水秧翠｜東京視野・頂埔門牌｜1~3房．20~42坪,/buildings/rsh1/,7,7,7,1,0
fb / wdh2,fbfanpage0801,天母蒔麗｜15~25坪．1-2房｜北投行義路，近石牌站,/buildings/wdh2/,7,7,8,1.1428571428571428,6.571428571428571
reurl.cc / referral,(referral),遠雄房地產,/campaign,7,7,13,1.8571428571428572,0
reurl.cc / referral,(referral),遠雄房地產官方LINE,/campaign,7,7,13,1.8571428571428572,200.57142857142858
(direct) / (none),(direct),禾境住商建案分享會0828,/campaign/index.html,7,7,1,0.14285714285714285,66.57142857142857
google_kw / bh13,(organic),熱銷建案一覽：遠雄全台預售屋、新建案與新成屋，尋獲理想家園,/case/search/,7,7,13,1.8571428571428572,47.857142857142854
fb / O1,120227538157820464,熱銷建案一覽：遠雄全台預售屋、新建案與新成屋，尋獲理想家園,/case/search/,7,7,11,1.5714285714285714,54.42857142857143
ig / social,ig,熱銷建案一覽：遠雄全台預售屋、新建案與新成屋，尋獲理想家園,/case/search/building-category-tag/134/,7,7,7,1,11.714285714285714
(direct) / (none),(direct),熱銷建案一覽：遠雄全台預售屋、新建案與新成屋，尋獲理想家園,/case/search/building-category-tag/134/page/2/,7,7,7,1,1.2857142857142858
fg / button,SEO,熱銷建案一覽：遠雄全台預售屋、新建案與新成屋，尋獲理想家園,/case/search/page/5/,7,7,7,1,1.1428571428571428
(direct) / (none),(direct),熱銷建案一覽：遠雄全台預售屋、新建案與新成屋，尋獲理想家園,/case/search/sales_status/hot-sale/,7,7,8,1.1428571428571428,25.285714285714285
google / organic,(organic),熱銷建案一覽：遠雄全台預售屋、新建案與新成屋，尋獲理想家園,/case/search/sales_status/hot-sale/,7,7,9,1.2857142857142858,18.428571428571427
m.facebook.com / referral,(referral),(not set),/customInfo_V2.html,7,7,7,1,0
ig / social,(referral),顧客資料表,/customInfo_V2.html,7,7,7,1,0
google_kw / fm3,brand,國家級的建築肯定-遠雄房地產,/farglory-realty-about/national-building/,7,7,8,1.1428571428571428,10.428571428571429
(not set),20260813一輪播,遠雄房地產,/integrate,7,7,20,2.857142857142857,0
(direct) / (none),(direct),扣除額 彙整 - 遠雄房地產,/life-proposal-tag/2、市場/2稅務政策相關/income_tax/扣除額/,7,7,7,1,0
(direct) / (none),(direct),產業投資 彙整 - 遠雄房地產,/life-proposal-tag/5、區域/1區域地段/產業投資/,7,7,7,1,0
yahoo / organic,(organic),遠房實價登錄,/,7,7,10,1.4285714285714286,7.428571428571429
(direct) / (none),(direct),PMI 彙整 - 遠雄房地產,/life-proposal-tag/macroeconomics-2/pmi/,7,7,7,1,1.7142857142857142
(direct) / (none),(direct),危老重建 彙整 - 遠雄房地產,/life-proposal-tag/policy/old/,7,7,7,1,1.2857142857142858
(direct) / (none),(direct),房貸緊縮 彙整 - 遠雄房地產,/life-proposal-tag/二/房貸/房貸緊縮/,7,7,7,1,0
(direct) / (none),(direct),什麼是二次施工？解析建照、使照與二工違法風險，保障購屋權益,/life-proposal/2phase_construction_20221118/,7,7,7,1,0
google / organic,(organic),台南宜居城市新生命：積極開發一區一特色公園，打造親子友善空間,/life-proposal/area-hotspot-tnn-yongkang_park_20231207/,7,7,8,1.1428571428571428,13.571428571428571
(direct) / (none),(direct),板橋為交通便捷、生活機能佳的新北都心 | 建案熱區巡禮 - 遠雄房地產,/life-proposal/area-l-ntpc_banqiao_20240717/,7,7,7,1,0.14285714285714285
(direct) / (none),(direct),台中港市鎮重劃區交通篇：解析捷運藍線、特五號道路與區域路網,/life-proposal/area-txg-port_traffic_20240120/,7,7,7,1,1.4285714285714286
(direct) / (none),(direct),永康交通路網再進化！串聯國道一號與台鐵車站，生活圈建設計畫解析,/life-proposal/area_hotspot_tnn_yongkang_traffic_20240102/,7,7,7,1,1.4285714285714286
google / organic,(organic),大水湳生活圈成形！單元八與經貿園區雙核心，建設利多與機能全圖解,/life-proposal/area_txg_xitun_eight_function_20240407/,7,7,7,1,22
google / organic,(organic),一次搞懂建蔽率與容積率：買房選景觀與採光的關鍵 - 遠雄房地產,/life-proposal/build_rate/,7,7,8,1.1428571428571428,77.57142857142857
(direct) / (none),(direct),梅雨季居家除溼妙招：告別過敏與霉味，打造乾爽舒適健康宅,/life-proposal/ease_dehumidification_20230601/,7,7,7,1,10.285714285714286
(direct) / (none),(direct),[影音] 全台房市「蛋花湯效應」解密 - 南二都房價的變遷｜何世昌觀點 - 遠雄房地產,/life-proposal/expert_hoshichang_property_south-prices_20250404/,7,7,7,1,9.142857142857142
(direct) / (none),(direct),2023上半年房市回顧及下半年走勢預測｜李同榮觀點 - 遠雄房地產,/life-proposal/expert_li_2023q3market_20230717/,7,7,7,1,0.7142857142857143
(direct) / (none),(direct),劉學龍觀點：從總統大選年窺見不動產市場熱度 - 遠雄房地產,/life-proposal/expert_liu_commercial_election_20231005/,7,7,7,1,0.14285714285714285
google / organic,(organic),2026 台灣經濟展望：AI 產業動能、台股趨勢與台幣匯率走勢分析 | 財經M平方觀點 - 遠雄房地產,/life-proposal/expert_macromicro_economy-2026-critical/,7,7,7,1,108.71428571428571
(direct) / (none),(direct),中國結構性問題解析：財經M平方看房市疲軟、去槓桿與全球經濟影響,/life-proposal/expert_macromicro_mec_china_20231222/,7,7,7,1,10.571428571428571
(direct) / (none),(direct),2024房市展望：劉佩真解析景氣漸入佳境，住宅與商用市場趨勢,/life-proposal/expert_peizhen_2023review_20240103/,7,7,7,1,0.42857142857142855
(direct) / (none),(direct),沒小孩遺產給誰？朱智豪地政士揭秘：小心兄弟姊妹爭特留分,/life-proposal/expert_zhu_inheritance-safe/,7,7,7,1,1.5714285714285714
(direct) / (none),(direct),[ 影音 ]房產移轉如何過戶子女才划算？｜專家觀點地政篇 - 遠雄房地產,/life-proposal/expert_zhu_inherited_20230512/,7,7,7,1,0.8571428571428571
fgr-line / fgr,land_handover,預告登記如何合法節稅？遲延交屋的產權保障與盲點解析,/life-proposal/expert_zhu_tax-notice/,7,7,9,1.2857142857142858,104.28571428571429
web-edm / fg,2024MAY-1,遺產稅節稅攻略：不動產與保險規劃技巧解析,/life-proposal/expert_zhu_tax_inheritance_vedio_20240327/,7,7,7,1,1.1428571428571428
(direct) / (none),(direct),[ 影音 ]我要買預售屋還是成屋? 優缺點與差異有哪些?｜專家觀點地政篇 - 遠雄房地產,/life-proposal/expert_zhu_v_presale_20230418/,7,7,7,1,0.7142857142857143
(direct) / (none),(direct),[影音] 信託與產權設計術：資產管理、遺囑信託與節稅技巧｜專家觀點地政篇 - 遠雄房地產,/life-proposal/expert_zhu_video_trust/,7,7,7,1,0.7142857142857143
(direct) / (none),(direct),法拍屋怎麼買? 選購法拍屋基本知識 - 遠雄房地產,/life-proposal/foreclosure_20230427/,7,7,7,1,1.5714285714285714
google / organic,(organic),居家玻璃保養：擦玻璃、修繕與防自爆技巧 - 遠雄房地產,/life-proposal/glass-fix/,7,7,7,1,26.285714285714285
bing / organic,(organic),房屋格局圖/平面圖怎麼看？建案平面圖符號教學，讓你秒懂房屋格局避地雷,/life-proposal/house-layout/,7,7,7,1,114.28571428571429
(direct) / (none),(direct),預售屋信託保障全解析：不動產開發與價金信託，專款專用機制防風險,/life-proposal/kw_credibility_20230602/,7,7,7,1,0.42857142857142855
mkto-sn070013.com / referral,(referral),交屋看仔細：常見糾紛與買方注意事項 - 遠雄房地產,/life-proposal/kw_delivery_20230607/,7,7,7,1,167.57142857142858
(direct) / (none),(direct),如何保障產權？維護權益必知產權登記類別，電子憑證與預告登記,/life-proposal/kw_equity_20230605/,7,7,7,1,0.42857142857142855
tw.search.yahoo.com / referral,(referral),附屬建物陽台、露臺、雨遮規定｜購屋前必知建築法規與容積計算 - 遠雄房地產,/life-proposal/regulations_20230317/,7,7,7,1,142.14285714285714
(direct) / (none),(direct),突然跳電怎麼辦？六步驟輕鬆排查【居家安全指南】 - 遠雄房地產,/life-proposal/trip/,7,7,7,1,19.285714285714285
google / organic,(organic),全齡通用宅打造友善環境：解析出入口、樓梯與走廊的無障礙設計,/life-proposal/universal-design-environment20220713/,7,7,7,1,10.714285714285714
fb / bh13,11,預約賞屋手機驗證 - 遠雄房地產,/mob_verify/,7,7,7,1,28
google / organic,(organic),守護個人資訊安全，一起保障您的隱私權益｜ 遠雄房地產,/privacy/,7,7,9,1.2857142857142858,20.571428571428573
gdn / hm2,0601GDN,守護個人資訊安全，一起保障您的隱私權益｜ 遠雄房地產,/privacy/,7,7,8,1.1428571428571428,31
(direct) / (none),(direct),九月主題報 - 遠雄房地產 %,/sep2024/,7,7,7,1,0
google / organic,(organic),退休生活續寫幸福篇章：遠雄豐河住戶分享，絕美河岸景觀宅圓夢心得,/wom-recommendation/h101b_view/,7,7,7,1,11.857142857142858
google / organic,(organic),中和遠雄香榭園住戶口碑：坐擁河岸美景舒壓，完善公設打造夢想家,/wom-recommendation/ms-chan/,7,7,8,1.1428571428571428,7
ig / paid,120210744263750402,遠房實價登錄,/,6,7,9,1.5,0
google / organic,(organic),遠雄泱玥 | 水岸正首席．北士科首獻｜57-75坪,/ah2/main,6,7,8,1.3333333333333333,9.5
ig / paid,120241173002890402,北士科建案【遠雄明玥】2000坪全街廓只蓋一棟．25-46坪,/buildings/ah1/,6,7,6,1,8.833333333333334
web-sms / bh8,fb_ad,台中遠雄洄山行：2-4房方正格局，入主西屯生活圈的質感好宅,/buildings/bh8/,6,7,8,1.3333333333333333,42.833333333333336
tw.search.yahoo.com / referral,(referral),【遠雄蘊合】千坪旗艦，親水生活｜收納中西區最美流動26-43坪．新案早鳥預約,/buildings/dh6/,6,7,8,1.3333333333333333,30.166666666666668
bing / organic,(organic),高雄建案推薦【遠雄峰蘊】- 三民區預售屋．近科工館,/buildings/eh1/,6,7,8,1.3333333333333333,29.833333333333332
fb / eh1,fbfanpage0328,高雄建案推薦【遠雄峰蘊】- 三民區預售屋．近科工館,/buildings/eh1/,6,7,8,1.3333333333333333,11.333333333333334
line-lap / dh6,1,遠雄一靚：楠梓高大特區首發新案，2432坪大基地，早鳥預約諮詢中,/buildings/eh2/,6,7,8,1.3333333333333333,6.166666666666667
line-lap / eh2,20251208,遠雄一靚：楠梓高大特區首發新案，2432坪大基地，早鳥預約諮詢中,/buildings/eh2/,6,7,9,1.5,5.833333333333333
google_kw / eh5,brand,遠雄沐蘊-高雄市三民區預售屋/新建案-預約賞屋,/buildings/eh5/,6,7,9,1.5,6.833333333333333
bing / organic,(organic),遠雄信義CENTER-新北市板橋區廠辦.商辦/預售新建案-預約賞屋,/buildings/fm3/,6,7,6,1,124
(not set),20260813一輪播,遠雄MetaLink科技園區 | 3700坪超旗艦 森態企業總部,/buildings/hm2/,6,7,9,1.5,18.5
fb / wdh2,fbfanpage0725,天母蒔麗｜15~25坪．1-2房｜北投行義路，近石牌站,/buildings/wdh2/,6,7,9,1.5,44.833333333333336
line / wdh2,line0801,天母蒔麗｜15~25坪．1-2房｜北投行義路，近石牌站,/buildings/wdh2/,6,7,8,1.3333333333333333,46.333333333333336
(not set),20260618一輪播,遠雄房地產,/campaign,6,7,9,1.5,0
(not set),20260702一輪播,遠雄房地產官方LINE,/ebook,6,7,8,1.3333333333333333,40.666666666666664
google / organic,(organic),建案熱區巡禮：台中七期重劃區，身心富足的高端居住典範與展望,/life-proposal/area-s-taichung-7th20220520/,6,7,7,1.1666666666666667,42.333333333333336
mkto-sn070013.com / referral,(referral),2026 房市脫鉤：住宅冷科技熱！解析量縮價穩下的雙軌發展,/life-proposal/expert_peizhen_2026-q2-housing-outlook/,6,7,7,1.1666666666666667,38.5
(not set),20260805一輪播,2026 房市脫鉤：住宅冷科技熱！解析量縮價穩下的雙軌發展,/life-proposal/expert_peizhen_2026-q2-housing-outlook/,6,7,3,0.5,37.833333333333336
google / organic,(organic),綠建築3大趨勢：垂直設計與植栽入室，打造與環境共生的永續空間,/life-proposal/greenbuilding2020-design/,6,7,7,1.1666666666666667,63.5
google / organic,生活提案,交屋看仔細：常見糾紛與買方注意事項 - 遠雄房地產,/life-proposal/kw_delivery_20230607/,6,7,8,1.3333333333333333,130.66666666666666
google / organic,(organic),什麼是虛坪制？詳解總移轉面積、公設比與停車位，買房坪數計算必讀,/life-proposal/kw_meterspolicy_20240513/,6,7,6,1,83.83333333333333
google / organic,(organic),紅單是什麼？從購屋預約單到轉售獲利，解析預售屋紅單交易機制,/life-proposal/pre-sale_order_20221007/,6,7,8,1.3333333333333333,60.333333333333336
google / organic,(organic),安心生活：三大保固升級服務｜遠雄房地產給您最長久的家承諾,/life_proposal/peace_mind/,6,7,7,1.1666666666666667,9.666666666666666
google / organic,(organic),專屬會員｜遠房好友帳戶管理，提供專屬服務並可隨時諮詢客服,/my-account/,6,7,9,1.5,4.666666666666667
google / organic,(organic),賴昭霖業務個人介紹 - 遠雄夏綠蒂,/sales/bh13/G1312/,6,7,7,1.1666666666666667,9.5
google / organic,(organic),遠雄夏沐-線上接待中心,/warranty,6,7,8,1.3333333333333333,4.333333333333333
(not set),20260813一輪播,遠雄14期首發【遠雄丰尚】北屯新案．漢神洲際購物廣場350m,/buildings/bh11/,5,7,7,1.4,15.2
bing / organic,(organic),遠雄琉蘊 -台中市西屯區七期預售屋/新建案-預約賞屋，遠雄房地產,/buildings/bh5/,5,7,5,1,29.4
line-lap / bh13,lap-2,遠雄蘴靚｜高雄楠梓新門戶｜捷運R21站旁｜3795坪豪闊基地,/buildings/eh6/,5,7,6,1.2,9
google_kw / rsh1,competitor,若水秧翠｜東京視野・頂埔門牌｜1~3房．20~42坪,/buildings/rsh1/,5,7,7,1.4,3.4
(not set),高雄鼓山,前鎮房市加速！205 兵工廠遷移與特貿三開發，完善亞灣區交通樞紐,/life-proposal/area-l-kaohsiung-qianzhen_20220805/,5,7,2,0.4,58.8
(not set),北投士林,建案熱區巡禮：北投士林科技園區 - 交通篇 - 遠雄房地產,/life-proposal/area-tpe-beitou_bstp_traffic_20240705/,5,7,0,0,1
(not set),20260813一輪播,2026 房市脫鉤：住宅冷科技熱！解析量縮價穩下的雙軌發展,/life-proposal/expert_peizhen_2026-q2-housing-outlook/,5,7,4,0.8,225
(not set),生活提案,驗屋與交屋必知注意事項？新手購屋必看，驗屋清單檢查表與交屋流程有哪些？,/life-proposal/home-inspection/,5,7,3,0.6,3.6
(not set),20260813一輪播,生活提案： 專家房市觀點、空間美學指南 -遠雄房地產,/life_proposal/,5,7,9,1.8,13.4
google_kw / bh8,shuinan,遠房實價登錄,/,4,7,7,1.75,0
google_gdn / 5vo1,5-3,【聯上智科】輝達軸線核心｜北士科福國路首排，純商辦地標，符合ESG指標｜預約尊榮鑑賞 遠雄房地產 聯上智科,/buildings/5vo1/,4,7,7,1.75,0
leju / ah2,lejupage,北士科遠雄泱玥：水岸首排57-75坪大器空間，坐擁絕美壯闊景觀,/buildings/ah2/,4,7,4,1,69
google_kw / bh8,shuinan,台中遠雄洄山行：2-4房方正格局，入主西屯生活圈的質感好宅,/buildings/bh8/,4,7,7,1.75,0.75
bing / organic,(organic),水湳遠雄綠美：鄰近綠美圖與中央公園，入主智慧經貿特區預售屋,/buildings/bh9/,4,7,5,1.25,35.75
web / bh11,popup_ai_202608,熱銷建案一覽：遠雄全台預售屋、新建案與新成屋，尋獲理想家園,/case/search/,4,7,9,2.25,21.25
(not set),20260813一輪播,2030 高齡商機：銀髮住宅需求激增，解析渡假式養生村建築新趨勢,/life-proposal/expert_peizhen_commercial_elderly-residence_20250509/,4,7,7,1.75,12.5
line-lap / bh9,lap-5,遠房實價登錄,/,3,7,7,2.3333333333333335,0
dsp / 5vo1,7-2,【聯上智科】輝達軸線核心｜北士科福國路首排，純商辦地標，符合ESG指標｜預約尊榮鑑賞 遠雄房地產 聯上智科,/buildings/5vo1/,3,7,8,2.6666666666666665,6.666666666666667
(not set),生活提案,(not set),/campaign/index.html,2,7,40,20,0
(direct) / (none),(direct),安南區 彙整 - 遠雄房地產,/life-proposal-tag/5、區域/1區域地段/縣市/台南市/annan/,7,7,7,1,1.7142857142857142
fb / fh2,fb7-3,遠雄合雅｜板橋之心・合院之上｜2~4房．24~66坪,/buildings/fh2/,6,6,7,1.1666666666666667,28.5
(not set),20260805一輪播,七月主題報 - 遠雄房地產,/july/,1,6,6,6,0
fb / paid,120241965207070634,遠房實價登錄,/,6,6,7,1.1666666666666667,0
web-ettoday / h902,20240612,遠房實價登錄,/,6,6,7,1.1666666666666667,0
line-lap / ar1,20250718,遠房實價登錄,/,6,6,16,2.6666666666666665,0
web-chinatimes / fm3,20260116,遠房實價登錄,/,6,6,6,1,0
fb / bh7,25,遠房實價登錄,/,6,6,7,1.1666666666666667,0
fb / bh5,61,遠房實價登錄,/,6,6,6,1,0
google_kw / bh7,brand,遠房實價登錄,/,6,6,8,1.3333333333333333,0
google_kw / rsh1,buyhouse,遠房實價登錄,/,6,6,6,1,0
google / cpc,corearea0701,遠房實價登錄,/,6,6,8,1.3333333333333333,0
fb / o1,fb32-2,遠房實價登錄,/,6,6,7,1.1666666666666667,0.5
fb / fm3,fb7-1,遠房實價登錄,/,6,6,6,1,0
fb / rsh1,fb8-5,遠房實價登錄,/,6,6,6,1,0
web-sms / bh8,fb_ad,遠房實價登錄,/,6,6,9,1.5,0
fb / fh2,fbfanpage0612,遠房實價登錄,/,6,6,7,1.1666666666666667,0
google_kw / bh8,googlemap,遠房實價登錄,/,6,6,6,1,0
fb / bh11,leads,遠房實價登錄,/,6,6,6,1,0
fb / eh1,privacy,遠房實價登錄,/,6,6,8,1.3333333333333333,0
google_kw / bh8,taichung-ctsp,遠房實價登錄,/,6,6,6,1,0
web-news / bh6,web-news0703,遠房實價登錄,/,6,6,5,0.8333333333333334,0
GDC / (not set),GDCbuilding/category/15/,遠雄房地產：最懂生活的購屋專家｜卓越建築品質，圓滿您的家,/,6,6,6,1,0
webnews / o1,webnews-linetoday,遠雄房地產：最懂生活的購屋專家｜卓越建築品質，圓滿您的家,/,6,6,6,1,0
google / google,(referral),找不到頁面 - 遠雄房地產,/Build/Detail/H608,6,6,6,1,1.8333333333333333
(direct) / (none),(direct),遠雄房地產最新公告 - 遠雄房地產,/activity-report-category/activities_glance/announcement_information/,6,6,6,1,1
(direct) / (none),(direct),幸福生活節聖誕市集 l 遠雄幸福成邀請您 - 遠雄房地產,/activity-report/h713_20221221/,6,6,6,1,0
(not set),20260805一輪播,交屋全攻略：從產權防護、驗屋清單到屋型挑選的安心入住指南,/aug2026/,6,6,1,0.16666666666666666,4.5
google / cpc,BH8-建案相關,遠雄房地產精選成屋(台北、新北、台中、桃園、台南、高雄) - 遠雄房地產,/building-category-tag/featured_existing_house/,6,6,7,1.1666666666666667,15
line-lap / dh6,1,遠雄房地產精選預售屋(台北、新北、台中、桃園、台南、高雄) - 遠雄房地產,/building-category-tag/featured_pre_sale/,6,6,6,1,15.333333333333334
google / cpc,WDH2-品牌字,遠雄房地產精選預售屋(台北、新北、台中、桃園、台南、高雄) - 遠雄房地產,/building-category-tag/featured_pre_sale/,6,6,6,1,5.166666666666667
fb / eh6,fb4-6,遠雄房地產精選預售屋(台北、新北、台中、桃園、台南、高雄) - 遠雄房地產,/building-category-tag/featured_pre_sale/,6,6,10,1.6666666666666667,21.333333333333332
line-lap / bh13,lap-2,遠雄房地產精選預售屋(台北、新北、台中、桃園、台南、高雄) - 遠雄房地產,/building-category-tag/featured_pre_sale/,6,6,6,1,18.166666666666668
google / organic,(organic),遠雄房地產精選預售屋(台北、新北、台中、桃園、台南、高雄) - 遠雄房地產,/building-category-tag/featured_pre_sale/page/2/,6,6,9,1.5,68.16666666666667
(direct) / (none),(direct),捷運宅相關預售屋/新成屋/新建案資料|遠雄房地產,/building-tag/build-tag-mrt/,6,6,16,2.6666666666666665,25.333333333333332
(direct) / (none),(direct),【聯上智科】輝達軸線核心｜北士科福國路首排，純商辦地標，符合ESG指標｜預約尊榮鑑賞 遠雄房地產 聯上智科,/buildings/5VO1/,6,6,6,1,4.5
google_gdn / 5vo1,7-4,"[Teknologi Cerdas Terhubung] Pusat Poros Huida | Barisan Pertama Jalan Beishike Fuguo, Landmark Komersial dan Perkantoran Murni, Sesuai dengan Indikator ESG | Jadwalkan Apresiasi Bergengsi Teknologi Cerdas Terhubung oleh Farglory Real Estate",/buildings/5vo1/,6,6,1,0.16666666666666666,167.83333333333334
fb / 5vo1,7-6,【聯上智科】輝達軸線核心｜北士科福國路首排，純商辦地標，符合ESG指標｜預約尊榮鑑賞 遠雄房地產 聯上智科,/buildings/5vo1/,6,6,6,1,2.5
bing / organic,(organic),北士科遠雄泱玥：水岸首排57-75坪大器空間，坐擁絕美壯闊景觀,/buildings/ah2/,6,6,8,1.3333333333333333,63.166666666666664
fb / bh11,7-6,遠雄14期首發【遠雄丰尚】北屯新案．漢神洲際購物廣場350m,/buildings/bh11/,6,6,6,1,7
google / cpc,information4,遠雄14期首發【遠雄丰尚】北屯新案．漢神洲際購物廣場350m,/buildings/bh11/,6,6,7,1.1666666666666667,12
fb / paid,120242233664400316,【遠雄樂元】北屯機捷X好市多，雙首排大道最核心，夠近才最好,/buildings/bh7/,6,6,6,1,69.66666666666667
LINE-Liff / bh8,202607-AI,台中遠雄洄山行：2-4房方正格局，入主西屯生活圈的質感好宅,/buildings/bh8/,6,6,5,0.8333333333333334,15.833333333333334
google_kw / bh8,taichung,台中遠雄洄山行：2-4房方正格局，入主西屯生活圈的質感好宅,/buildings/bh8/,6,6,6,1,19.666666666666668
google_kw / bh8,taichung-ctsp,台中遠雄洄山行：2-4房方正格局，入主西屯生活圈的質感好宅,/buildings/bh8/,6,6,6,1,0
google / cpc,(organic),水湳遠雄綠美：鄰近綠美圖與中央公園，入主智慧經貿特區預售屋,/buildings/bh9/,6,6,8,1.3333333333333333,52.5
line-lap / bh9,lap-1,水湳遠雄綠美：鄰近綠美圖與中央公園，入主智慧經貿特區預售屋,/buildings/bh9/,6,6,6,1,1.8333333333333333
fb / dgm1,fb8-1,大河商爵-台北市士林區廠辦/預售新建案-預約賞屋，遠創力行銷,/buildings/dgm1/,6,6,6,1,2.3333333333333335
google / cpc,gdn-pmax-stage,大河商爵-台北市士林區廠辦/預售新建案-預約賞屋，遠創力行銷,/buildings/dgm1/,6,6,7,1.1666666666666667,16
google / cpc,lbs,台南永康遠雄山禾：鹽行特區3-4房，鄰商圈與交通樞紐的理想宅,/buildings/dh2/,6,6,8,1.3333333333333333,82.66666666666667
google / cpc,brand,遠雄綠禾-台南市永康區新成屋/新建案-預約賞屋，遠雄房地產,/buildings/dh3/,6,6,6,1,53.333333333333336
lm.facebook.com / referral,(referral),【遠雄蘊合】千坪旗艦，親水生活｜收納中西區最美流動26-43坪．新案早鳥預約,/buildings/dh6/,6,6,6,1,23.5
fb / dh6,2,【遠雄蘊合】千坪旗艦，親水生活｜收納中西區最美流動26-43坪．新案早鳥預約,/buildings/dh6/,6,6,6,1,0.3333333333333333
fb / dh6,6,【遠雄蘊合】千坪旗艦，親水生活｜收納中西區最美流動26-43坪．新案早鳥預約,/buildings/dh6/,6,6,6,1,6.333333333333333
fb / dh6,9,【遠雄蘊合】千坪旗艦，親水生活｜收納中西區最美流動26-43坪．新案早鳥預約,/buildings/dh6/,6,6,6,1,1.8333333333333333
(not set),20260805一輪播,高雄建案推薦【遠雄峰蘊】- 三民區預售屋．近科工館,/buildings/eh1/,6,6,13,2.1666666666666665,45.666666666666664
google / cpc,area,高雄建案推薦【遠雄峰蘊】- 三民區預售屋．近科工館,/buildings/eh1/,6,6,6,1,13.833333333333334
fb / eh1,fb20267-7,高雄建案推薦【遠雄峰蘊】- 三民區預售屋．近科工館,/buildings/eh1/,6,6,8,1.3333333333333333,12.5
m.facebook.com / referral,(referral),遠雄沐蘊-高雄市三民區預售屋/新建案-預約賞屋,/buildings/eh5/,6,6,6,1,1.1666666666666667
google / cpc,Sanmin,遠雄沐蘊-高雄市三民區預售屋/新建案-預約賞屋,/buildings/eh5/,6,6,6,1,20
bing / organic,(organic),遠雄蘴靚｜高雄楠梓新門戶｜捷運R21站旁｜3795坪豪闊基地,/buildings/eh6/,6,6,7,1.1666666666666667,82
ig / social,(referral),遠雄蘴靚｜高雄楠梓新門戶｜捷運R21站旁｜3795坪豪闊基地,/buildings/eh6/,6,6,6,1,3.3333333333333335
socialmedia / eh6,fbeh6info,遠雄蘴靚｜高雄楠梓新門戶｜捷運R21站旁｜3795坪豪闊基地,/buildings/eh6/,6,6,7,1.1666666666666667,26.166666666666668
fb / bh13,1,遠房實價登錄,/,6,6,12,2,0
fb / fg2,fbfanpage0822,遠雄合雅｜板橋之心・合院之上｜2~4房．24~66坪,/buildings/fh2/,6,6,6,1,28
(not set),(not set),遠雄信義CENTER-新北市板橋區廠辦.商辦/預售新建案-預約賞屋,/buildings/fm3/,6,6,5,0.8333333333333334,0
fb / fm3,fb7-1,遠雄信義CENTER-新北市板橋區廠辦.商辦/預售新建案-預約賞屋,/buildings/fm3/,6,6,6,1,34.166666666666664
tw.search.yahoo.com / referral,(referral),遠雄琢蘊-高雄市三民區預售屋/新建案-預約賞屋，遠雄房地產,/buildings/h902/,6,6,6,1,43.833333333333336
gdn / hm2,0602GDN,Taman Teknologi Farglory MetaLink | 3700-ping (sekitar 1630 meter persegi) Kantor Pusat Perusahaan Ramah Lingkungan Unggulan,/buildings/hm2/,6,6,2,0.3333333333333333,11.5
google_kw / 5vo1,202604,遠雄MetaLink科技園區 | 3700坪超旗艦 森態企業總部,/buildings/hm2/,6,6,5,0.8333333333333334,20.666666666666668
fb / o1,20250422_23-1,遠雄THE ONE-高雄市前鎮區新成屋/新建案-預約賞屋,/buildings/o1/,6,6,7,1.1666666666666667,24
googlemap / o1,googlemap,遠雄THE ONE-高雄市前鎮區新成屋/新建案-預約賞屋,/buildings/o1/,6,6,8,1.3333333333333333,62.5
line-lap / qyh1,linelap2-2,找不到頁面 - 遠雄房地產,/buildings/qyh1/,6,6,6,1,0.5
tw.search.yahoo.com / referral,(referral),若水秧翠｜東京視野・頂埔門牌｜1~3房．20~42坪,/buildings/rsh1/,6,6,7,1.1666666666666667,85.5
fb / rsh1,fb7-2,若水秧翠｜東京視野・頂埔門牌｜1~3房．20~42坪,/buildings/rsh1/,6,6,6,1,0.3333333333333333
line-lap / rsh1,line-lap4-5,天母蒔麗｜15~25坪．1-2房｜北投行義路，近石牌站,/buildings/wdh2/,6,6,6,1,2.6666666666666665
(not set),20260618一輪播,遠雄房地產官方LINE,/campaign,6,6,8,1.3333333333333333,63.166666666666664
google_kw / fm3,brand,熱銷建案：全台預售屋與新成屋一覽，遠雄房地產助您尋獲理想好宅,/case/,6,6,7,1.1666666666666667,4.333333333333333
bing / organic,(organic),熱銷建案一覽：遠雄全台預售屋、新建案與新成屋，尋獲理想家園,/case/search/,6,6,13,2.1666666666666665,23
mkto-sn070013.com / referral,(referral),熱銷建案一覽：遠雄全台預售屋、新建案與新成屋，尋獲理想家園,/case/search/,6,6,10,1.6666666666666667,15
google_kw / dh2,(organic),熱銷建案一覽：遠雄全台預售屋、新建案與新成屋，尋獲理想家園,/case/search/sales_status/hot-sale/,6,6,6,1,16.5
(direct) / (none),(direct),熱銷建案一覽：遠雄全台預售屋、新建案與新成屋，尋獲理想家園,/case/search/sales_status/sold-out/,6,6,6,1,0
fgr-line / fgr,expert_zhu_tax-notice,遠雄房地產,/integrate,6,6,17,2.8333333333333335,0
(direct) / (none),(direct),交通便捷 彙整 - 遠雄房地產,/life-proposal-tag/5、區域/1區域地段/交通便捷/,6,6,6,1,0
(direct) / (none),(direct),亞灣區 彙整 - 遠雄房地產,/life-proposal-tag/5、區域/1區域地段/縣市/高雄市/亞灣區/,6,6,6,1,0
(direct) / (none),(direct),綠色建築標章 彙整 - 遠雄房地產,/life-proposal-tag/office/綠色建築標章/,6,6,6,1,1.6666666666666667
(direct) / (none),(direct),實價登錄怎麼看才不會被騙？常見6大陷阱與破解方法一次搞懂,/life-proposal/actual_selling_price20220708/,6,6,6,1,11.833333333333334
(direct) / (none),(direct),高雄楠梓區高大特區寵物友善景點散步趣：與毛孩共享綠意生活 - 遠雄房地產,/life-proposal/area-kaohsiung-nanzi_nuk_pet-walk_20250606/,6,6,6,1,0.8333333333333334
(direct) / (none),(direct),安南海佃生活圈解析：北外環三期與商 60 計畫，南科紅利帶動房市新活力,/life-proposal/area-s-tainan-haidian20200520/,6,6,6,1,0.6666666666666666
tw.search.yahoo.com / referral,(referral),建案熱區巡禮：新北板橋區Tpark科技特區 (遠東通訊園區)生活圈 - 遠雄房地產,/life-proposal/area-s-tph_banqiao_tpark_function_20250314/,6,6,7,1.1666666666666667,40
google / organic,(organic),北士科產業版圖演進：從媒體文化到知識經濟，資通訊與生技產業新重心,/life-proposal/area-tpe-beitou_bstp_function_202406012/,6,6,6,1,48.666666666666664
google / organic,(organic),北士科綠意生活圈：30 分鐘直達陽明山、天母步道，體驗河畔悠閒時光,/life-proposal/area-tpe-beitou_bstp_park_20240617/,6,6,6,1,113
google / organic,(organic),台中水湳經貿園區：智慧低碳創新五大專區，2025重大建設完工展望,/life-proposal/area-txg-shuinan_20231027/,6,6,6,1,7.333333333333333
google / organic,(organic),降低室內濕度怎麼做？房屋坐向、地理位置對空間濕度影響與除濕攻略,/life-proposal/dehumidifier/,6,6,7,1.1666666666666667,11.333333333333334
google / organic,(organic),南二都房市潛力區解析：科技廊道崛起與十大熱門置產區域總覽,/life-proposal/expert_hoshichang_south-potential/,6,6,6,1,31.333333333333332
(not set),(not set),未婚情侶合資買房在法律上要注意什麼｜永然法律不動產專欄 - 遠雄房地產,/life-proposal/expert_law_y-rlee_co-buying/,6,6,0,0,0
(direct) / (none),(direct),美債倒掛創 40 年新高！解析經濟衰退風險與 2023 全球景氣三大重點,/life-proposal/expert_macromicro_20221220/,6,6,6,1,0.16666666666666666
(not set),(not set),2026 投資佈局：聚焦AI基建、核能、國防、稀土、貴金屬與穩定幣 | 財經M平方觀點 - 遠雄房地產,/life-proposal/expert_macromicro_2026-mega-trends/,6,6,0,0,0
(direct) / (none),(direct),降息循環啟動！未來該如何調整資產配置？｜財經M平方觀點 - 遠雄房地產,/life-proposal/expert_macromicro_cut-interest-rates_20241030/,6,6,6,1,19.666666666666668
ig / paid,120241576684200634,遠房實價登錄,/,6,6,7,1.1666666666666667,0
(direct) / (none),(direct),掌握景氣循環獲利關鍵：股債比例配置原則，判斷經濟擴張與衰退時機,/life-proposal/expert_macromicro_mec_cycle_20240430/,6,6,6,1,35
(direct) / (none),(direct),對等關稅引發全球市場動盪 貴金屬適合投資嗎？｜財經M平方觀點 - 遠雄房地產,/life-proposal/expert_macromicro_precious-metals_20250430/,6,6,6,1,6.833333333333333
(not set),20260813一輪播,2025房市回顧與2026盤整展望：政策與市場趨勢解析｜劉佩真觀點 - 遠雄房地產,/life-proposal/expert_peizhen_real-estate-2026/,6,6,1,0.16666666666666666,3.6666666666666665
(direct) / (none),(direct),空屋稅的真相？房子閒置前你該考慮的事｜專家觀點地政篇 - 遠雄房地產,/life-proposal/expert_zhu_eht_20250625/,6,6,6,1,18
(not set),(not set),賣房想省稅？別踩房地合一稅虛報裝修陷阱 | 專家觀點地政篇 - 遠雄房地產,/life-proposal/expert_zhu_false-renovation-traps/,6,6,0,0,0
google / organic,(organic),限貸令對各族群影響 (下) 首購、換屋、繼承族群影響為何?｜專家觀點地政篇 - 遠雄房地產,/life-proposal/expert_zhu_loan-restriction2_20250219/,6,6,6,1,51
google / organic,(organic),[影音] 豪宅稅跟你也有關係：有房族注意！影響與計算不可不知｜專家觀點地政篇 - 遠雄房地產,/life-proposal/expert_zhu_mansion-tax-count_vedio_20250625/,6,6,6,1,89.66666666666667
bing / organic,(organic),自用住宅免稅400萬怎麼申請？「持有、設籍、實住」3點不能忽略 | 專家觀點地政篇 - 遠雄房地產,/life-proposal/expert_zhu_ownership-criteria/,6,6,6,1,129
(direct) / (none),(direct),[影音] 你的買賣安全嗎？房屋產權必懂的謄本識讀、權狀跟身分查驗｜專家觀點地政篇 - 遠雄房地產,/life-proposal/expert_zhu_property_identity_vedio_20240229/,6,6,6,1,1.3333333333333333
google / organic,(organic),銀行法第72條之2限貸令解析：突破貸款成數管道與壽險、信託因應策略,/life-proposal/expert_zhu_property_loan-ratio_vedio_20250131/,6,6,6,1,32.166666666666664
(not set),生活提案,法定空地可以約定專用嗎？解析產權共有原則、規約規範與權益保障,/life-proposal/expert_zhu_property_openspace_20240705/,6,6,5,0.8333333333333334,72.16666666666667
(direct) / (none),(direct),[影音] 限貸令下交屋解約問題｜專家觀點地政篇 - 遠雄房地產,/life-proposal/expert_zhu_property_terminate_vedio_20250313/,6,6,6,1,0.16666666666666666
(direct) / (none),(direct),到底停車位、露臺、屋頂屬於誰？專家解析產權登記與約定專用規範,/life-proposal/expert_zhu_public-area_20230718/,6,6,6,1,7.166666666666667
(direct) / (none),(direct),預售屋 v.s 成屋 v.s 中古屋的差異與優缺點 - 遠雄房地產,/life-proposal/goodandbad_20221028/,6,6,6,1,7.333333333333333
google / organic,(organic),新屋居家風水擺設、格局禁忌一次看–「首購族看房買屋攻略」 - 遠雄房地產,/life-proposal/goodluck/,6,6,7,1.1666666666666667,17
mkto-sn070013.com / referral,(referral),驗屋與交屋必知注意事項？新手購屋必看，驗屋清單檢查表與交屋流程有哪些？,/life-proposal/home-inspection/,6,6,5,0.8333333333333334,84.83333333333333
google / organic,生活提案,驗屋與交屋必知注意事項？新手購屋必看，驗屋清單檢查表與交屋流程有哪些？,/life-proposal/home-inspection/,6,6,6,1,96.5
tw.search.yahoo.com / referral,(referral),房屋格局圖/平面圖怎麼看？建案平面圖符號教學，讓你秒懂房屋格局避地雷,/life-proposal/house-layout/,6,6,8,1.3333333333333333,61.833333333333336
google / organic,(organic),高雄鐵路地下化縫合商圈！15 公里綠色園道串聯捷運，2025 全面完工,/life-proposal/kaohsiung-station-mecanoo20220610/,6,6,7,1.1666666666666667,36.666666666666664
(direct) / (none),(direct),交屋到入住前不可不知！掌握驗屋、裝修與入厝流程，安心入住新家,/life-proposal/land_handover/,6,6,8,1.3333333333333333,10.833333333333334
(direct) / (none),(direct),買房頭期款不夠怎麼辦？–「首購族看房買屋攻略」 - 遠雄房地產,/life-proposal/mortgage/,6,6,6,1,0.3333333333333333
(direct) / (none),(direct),聰明買房不吃虧！解析建物謄本關鍵訊息：看懂產權、抵押與限制,/life-proposal/transcript_20221007/,6,6,9,1.5,2
(not set),(not set),專家觀點：解析最新房市動向與購屋建議，遠雄房地產深度置產指引,/life_proposal/experts_point/,6,6,0,0,0.3333333333333333
(direct) / (none),(direct),十一月主題報 - 遠雄房地產,/november/,6,6,6,1,0.5
line-lap / dh6,2,守護個人資訊安全，一起保障您的隱私權益｜ 遠雄房地產,/privacy/,6,6,7,1.1666666666666667,10
google / cpc,gdn-dgc-manufacturing,守護個人資訊安全，一起保障您的隱私權益｜ 遠雄房地產,/privacy/,6,6,6,1,106.66666666666667
google / organic,(organic),吳珮綺業務個人介紹 - 遠雄樂元,/sales/bh7/B5891/,6,6,8,1.3333333333333333,12.5
google / cpc,brand,吳珮綺業務個人介紹 - 遠雄樂元,/sales/bh7/B5891/,6,6,7,1.1666666666666667,13.5
google / cpc,othercities_brand,吳珮綺業務個人介紹 - 遠雄樂元,/sales/bh7/B5891/,6,6,7,1.1666666666666667,145.5
google / organic,(organic),黃語璇業務個人介紹 - 遠雄樂元,/sales/bh7/G0990/,6,6,7,1.1666666666666667,37.833333333333336
google / cpc,brand,黃語璇業務個人介紹 - 遠雄樂元,/sales/bh7/G0990/,6,6,6,1,16
google / cpc,othercities_brand,黃語璇業務個人介紹 - 遠雄樂元,/sales/bh7/G0990/,6,6,7,1.1666666666666667,20.666666666666668
(direct) / (none),(direct),蔡旻芮業務個人介紹 - 遠雄山禾,/sales/dh2/B6132/,6,6,6,1,2
google / cpc,brand,劉佳玲業務個人介紹 - 遠雄蘊合,/sales/dh6/G0600/,6,6,6,1,5.5
(direct) / (none),(direct),王薇筑業務個人介紹 - 遠雄蘊合,/sales/dh6/G1237/,6,6,6,1,11.333333333333334
google / cpc,XXXX,郭立涵業務個人介紹 - 遠雄蘴靚,/sales/eh6/G1292/,6,6,6,1,5.5
fb / wdh2,lbs-sms202608,鄧娟業務個人介紹 - 天母蒔麗,/sales/wdh2/B2380/,6,6,6,1,8
google / cpc,gdn-4,關於我們｜遠雄房地產服務條款，守護用戶使用權益，確保資訊安全,/terms-of-service/,6,6,6,1,101.33333333333333
fb / hm2,privacy,遠雄房地產服務條款暨隱私權聲明｜保障您的個人資訊與使用權益,/terms-of-service_and_privacy/,6,6,6,1,1.3333333333333333
google / organic,(organic),遠雄百富住戶分享：陳氏姊妹的品味生活，見證質感建築與宜居價值,/wom-recommendation/h100_chen_sisters/,6,6,6,1,7.5
google / organic,(organic),遠雄香榭園(新北市中和區)住戶-闕先生口碑推薦- 遠雄房地產,/wom-recommendation/mr-que/,6,6,8,1.3333333333333333,17.666666666666668
fb / paid,120250075988070316,遠房實價登錄,/,5,6,6,1.2,0
web-edm / friends,20260821,遠房實價登錄,/,5,6,6,1.2,0
fb / eh1,fbfanpage0328,遠房實價登錄,/,5,6,7,1.4,16.8
web-udn / rsh1,web-udn0731,遠房實價登錄,/,5,6,7,1.4,0
farglory-land.com.tw / referral,(referral),遠雄房地產：最懂生活的購屋專家｜卓越建築品質，圓滿您的家,/,5,6,8,1.6,34.8
bing / organic,(organic),遠雄仰森,/HH3/main,5,6,8,1.6,31.8
(data not available),(cross-network),遠雄14期首發【遠雄丰尚】北屯新案．漢神洲際購物廣場350m,/buildings/bh11/,5,6,18,3.6,41.6
(not set),20260805一輪播,【遠雄樂元】北屯機捷X好市多，雙首排大道最核心，夠近才最好,/buildings/bh7/,5,6,6,1.2,10.8
fb / paid,120250075988070316,【遠雄蘊合】千坪旗艦，親水生活｜收納中西區最美流動26-43坪．新案早鳥預約,/buildings/dh6/,5,6,6,1.2,62.6
tw.search.yahoo.com / referral,(referral),遠雄一靚：楠梓高大特區首發新案，2432坪大基地，早鳥預約諮詢中,/buildings/eh2/,5,6,6,1.2,35
googlemap / eh5,googlemap,遠雄沐蘊-高雄市三民區預售屋/新建案-預約賞屋,/buildings/eh5/,5,6,8,1.6,15.6
google_kw / fh2,banqiao.townhouse,遠雄合雅｜板橋之心・合院之上｜2~4房．24~66坪,/buildings/fh2/,5,6,5,1,0
google_kw / hm2,202607,遠雄信義CENTER-新北市板橋區廠辦.商辦/預售新建案-預約賞屋,/buildings/fm3/,5,6,8,1.6,15.8
chatgpt.com / ai-assistant,(ai-assistant),遠雄幸福成｜全新落成 - 台中市梧棲區新成屋-預約賞屋，遠雄房地產,/buildings/h713/,5,6,6,1.2,85.6
line-lap / hh3,lap-5,找不到頁面 - 遠雄房地產,/buildings/hh3/,5,6,6,1.2,0
(not set),20260805一輪播,遠雄MetaLink科技園區 | 3700坪超旗艦 森態企業總部,/buildings/hm2/,5,6,4,0.8,7.6
google_kw / wdh2,brand,天母蒔麗｜15~25坪．1-2房｜北投行義路，近石牌站,/buildings/wdh2/,5,6,5,1,15.6
access.line.me / referral,(referral),遠雄房地產官方LINE,/campaign,5,6,4,0.8,53.6
fgr-line / fgr,expert_hoshichang_vacancy-rate,遠雄房地產官方LINE,/campaign,5,6,6,1.2,36.4
google_kw / h713,(organic),熱銷建案一覽：遠雄全台預售屋、新建案與新成屋，尋獲理想家園,/case/search/page/2/,5,6,9,1.8,27.2
google / organic,(organic),台南中西區 – 文化交融與現代發展並進 | 建案熱區巡禮 - 遠雄房地產,/life-proposal/area-l-tainan-west-central_20250402/,5,6,6,1.2,62.6
google / organic,(organic),新莊副都心商辦百貨進駐！機捷、環狀線串聯黃金三磚產業鏈,/life-proposal/area-s-newtaipei-xinzhuangfuduxin_20220930/,5,6,6,1.2,95.8
google / organic,(organic),借名登記是什麼？解析房產人頭戶動機、信貸問題與實際所有權認定,/life-proposal/borrow_name_20221118/,5,6,9,1.8,44.4
(not set),20260813一輪播,基礎建設＋結構保固：一次了解大地工程的基本概念 - 遠雄房地產,/life-proposal/construction-base/,5,6,0,0,0
google / organic,(organic),AI 時代股房雙循環：李同榮解析股市與房市的財富接力邏輯,/life-proposal/expert_li_stock-housing-cycle/,5,6,5,1,247.4
google / organic,(organic),買房別只看所有權！地政士解析：車位、頂加、露台的法律權益攻略,/life-proposal/expert_zhu_house-purchase-risks/,5,6,10,2,133.8
(not set),生活提案,房屋格局圖/平面圖怎麼看？建案平面圖符號教學，讓你秒懂房屋格局避地雷,/life-proposal/house-layout/,5,6,1,0.2,6.4
(not set),生活提案,換屋族必讀：房地合一稅與土地增值稅完整攻略 - 遠雄房地產,/life-proposal/house_and_land/,5,6,2,0.4,0
google / organic,(organic),桃園青埔為何受矚目？航空城計畫、高鐵門戶與會展中心帶動產業進駐,/life-proposal/qingpu/,5,6,6,1.2,39.4
(not set),20260805一輪播,專家觀點：解析最新房市動向與購屋建議，遠雄房地產深度置產指引,/life_proposal/experts_point/,5,6,9,1.8,11.8
line-lap / bh13,lap-2,守護個人資訊安全，一起保障您的隱私權益｜ 遠雄房地產,/privacy/,5,6,6,1.2,12.8
(not set),20260618一輪播,遠雄房地產：最懂生活的購屋專家｜卓越建築品質，圓滿您的家,/,4,6,12,3,4.25
gdn / hm2,0602GDN,【聯上智科】輝達軸線核心｜北士科福國路首排，純商辦地標，符合ESG指標｜預約尊榮鑑賞 遠雄房地產 聯上智科,/buildings/5vo1/,4,6,11,2.75,1.25
google / cpc,20250918,遠雄14期首發【遠雄丰尚】北屯新案．漢神洲際購物廣場350m,/buildings/bh11/,4,6,13,3.25,9.75
(not set),20260805一輪播,遠雄14期首發【遠雄丰尚】北屯新案．漢神洲際購物廣場350m,/buildings/bh11/,4,6,10,2.5,26.5
google_kw / bh8,taichung-7th,台中遠雄洄山行：2-4房方正格局，入主西屯生活圈的質感好宅,/buildings/bh8/,4,6,5,1.25,0
google / cpc,202511,遠雄MetaLink科技園區 | 3700坪超旗艦 森態企業總部,/buildings/hm2/,4,6,6,1.5,0
(not set),20260805一輪播,熱銷建案：全台預售屋與新成屋一覽，遠雄房地產助您尋獲理想好宅,/case/,4,6,5,1.25,4.75
(not set),20260805一輪播,熱銷建案一覽：遠雄全台預售屋、新建案與新成屋，尋獲理想家園,/case/search/page/3/,4,6,4,1,10.5
(not set),20260813一輪播,空屋率高房價就會跌？揭開台灣房市「愈空愈貴」的結構真相,/life-proposal/expert_hoshichang_vacancy-rate/,4,6,1,0.25,21.5
(not set),20260813一輪播,AI 時代股房雙循環：李同榮解析股市與房市的財富接力邏輯,/life-proposal/expert_li_stock-housing-cycle/,4,6,4,1,143
(not set),20260813一輪播,自用住宅免稅400萬怎麼申請？「持有、設籍、實住」3點不能忽略 | 專家觀點地政篇 - 遠雄房地產,/life-proposal/expert_zhu_ownership-criteria/,4,6,0,0,23.5
google / organic,(organic),建案熱區巡禮：遠雄豐河入住中和左岸，享受大台北水岸第一排遼闊景緻,/life-proposal/h101b/,4,6,7,1.75,41.75
10.77.55.125 / referral,(referral),遠房實價登錄,/,3,6,54,18,0
(not set),20260813一輪播,北士科建案【遠雄明玥】2000坪全街廓只蓋一棟．25-46坪,/buildings/ah1/,3,6,7,2.3333333333333335,13.666666666666666
line / bh11,26_6-1,遠雄14期首發【遠雄丰尚】北屯新案．近漢神洲際百貨,/buildings/bh11/,3,6,6,2,1.6666666666666667
teams.public.onecdn.static.microsoft / referral,(referral),高雄建案推薦【遠雄峰蘊】- 三民區預售屋．近科工館,/buildings/eh1/,3,6,6,2,22.333333333333332
omnichat / keyword_line,keyword_line,A建案-AI接待測試頁 - 遠雄房地產,/landing-page/aitest/,3,6,24,8,8
(not set),新竹東區,新竹市東區 - 以科技驅動的繁榮未來 | 建案熱區巡禮 - 遠雄房地產,/life-proposal/area-l-hsinchu-east20240110/,3,6,3,1,52.333333333333336
(not set),20260813一輪播,交屋看仔細：常見糾紛與買方注意事項 - 遠雄房地產,/life-proposal/kw_delivery_20230607/,3,6,3,1,0.6666666666666666
line-lap / dh2,14,台南永康遠雄山禾：鹽行特區3-4房，鄰商圈與交通樞紐的理想宅,/buildings/dh2/,2,6,7,3.5,3
mkto-sn070013.com / referral,(referral),預售屋簽約注意事項｜解析產權、契約審閱期與交屋保留款尾款防陷阱,/jun2026/,2,6,8,4,6.5
google / organic,(organic),遠雄建案-賞屋問卷 » SurveyCake Enterprise,/s/yvpMV,2,6,9,4.5,275.5
google / cpc,20260206-2-4,遠雄14期首發【遠雄丰尚】北屯新案．漢神洲際購物廣場350m,/buildings/bh11/,1,6,6,6,2
(not set),生活提案,0816醫師公會設攤,/campaign/index.html,1,6,0,0,2826
(direct) / (none),(direct),降息了黃金一定會漲嗎？探討未來黃金走勢｜財經M平方觀點 - 遠雄房地產,/life-proposal/expert_macromicro_golden_20241119/,6,6,6,1,7.666666666666667
line / bh13,linemessage,遠房實價登錄,/,5,5,5,1,0
google / cpc,20250803,遠雄一靚：楠梓高大特區首發新案，2432坪大基地，早鳥預約諮詢中,/buildings/eh2/,0,5,5,null,null
web-udn / bh6,(not set),遠房實價登錄,/,5,5,5,1,0
mkto-sn070013.com / referral,(referral),遠房實價登錄,/,5,5,7,1.4,0
web-ettoday / h902,20211119,遠房實價登錄,/,5,5,5,1,0
web-ettoday / h902,20220114,遠房實價登錄,/,5,5,5,1,0
line-lap / eh1,20230901,遠房實價登錄,/,5,5,5,1,0
web-ettoday / h902,20231020,遠房實價登錄,/,5,5,5,1,0
web-ltn / h902,20240603,遠房實價登錄,/,5,5,5,1,0
webnews / ar1,20250918,遠房實價登錄,/,5,5,5,1,0
line-lap / ar1,20260528-8-7,遠房實價登錄,/,5,5,5,1,0
line-lap / h707,3,遠房實價登錄,/,5,5,5,1,0
fb / bh7,30,遠房實價登錄,/,5,5,5,1,0
fb / bh5,61_1,遠房實價登錄,/,5,5,5,1,0
line-lap / 5vo1,7-1,遠房實價登錄,/,5,5,5,1,0
line-lap / 5vo1,7-4,遠房實價登錄,/,5,5,6,1.2,0
fb / eh1,eh1ig,遠房實價登錄,/,5,5,5,1,6.8
fb / bh8,fanpage,遠房實價登錄,/,5,5,6,1.2,0
fb / eh1,fb20263-2videomoto,遠房實價登錄,/,5,5,5,1,0
fb / eh1,fb20267-7,遠房實價登錄,/,5,5,6,1.2,0
fb / bh10,fb20268-2,遠房實價登錄,/,5,5,5,1,0
fb / fh2,fb7-1,遠房實價登錄,/,5,5,5,1,0
fb / wdh2,fbfanpage0725,遠房實價登錄,/,5,5,12,2.4,0
google / cpc,information1,遠房實價登錄,/,5,5,6,1.2,0
leju / ah2,lejupage,遠房實價登錄,/,5,5,6,1.2,0
line / wdh2,line0801,遠房實價登錄,/,5,5,6,1.2,0
google_kw / fm3,(not set),遠房實價登錄,/,5,5,6,1.2,0
google_kw / bh8,taichung,遠房實價登錄,/,5,5,5,1,0
web-news / bh6,web-news0709,遠房實價登錄,/,5,5,5,1,0
web-udn / bh6,web-udnCheng,遠房實價登錄,/,5,5,5,1,0
(not set),(not set),遠雄房地產：最懂生活的購屋專家｜卓越建築品質，圓滿您的家,/,5,5,7,1.4,10.2
page.line.me / referral,(referral),遠雄房地產：最懂生活的購屋專家｜卓越建築品質，圓滿您的家,/,5,5,6,1.2,57
web-appledaily / h109,0129,遠雄房地產：最懂生活的購屋專家｜卓越建築品質，圓滿您的家,/,5,5,5,1,0.8
fb / bh13,11,遠雄房地產：最懂生活的購屋專家｜卓越建築品質，圓滿您的家,/,5,5,5,1,11
webnews / o1,webnews-LIFE,遠雄房地產：最懂生活的購屋專家｜卓越建築品質，圓滿您的家,/,5,5,5,1,1.6
tw.search.yahoo.com / referral,(referral),遠雄仰森,/HH3/main,5,5,5,1,27.8
(direct) / (none),(direct),專屬優惠送你進劇場尋找「真相」 - 遠雄房地產,/activity-report/ucity_drama_20231212/,5,5,5,1,0
(direct) / (none),(direct),遠雄房地產 官方LINE | 大巨蛋包廂 限量席次! 邀您入座 - 遠雄房地產,/activity-report/遠雄房地產-官方line-大巨蛋包廂-限量席次-邀您入座/,5,5,5,1,8.8
(direct) / (none),(direct),精選廠辦 相關預售屋/新成屋/新建案資料|遠雄房地產,/building-category-tag/featured_factory_office/,5,5,6,1.2,50.4
google / cpc,BH8-地區字,遠雄房地產精選預售屋(台北、新北、台中、桃園、台南、高雄) - 遠雄房地產,/building-category-tag/featured_pre_sale/,5,5,5,1,29
google / cpc,RSH1-品牌字,遠雄房地產精選預售屋(台北、新北、台中、桃園、台南、高雄) - 遠雄房地產,/building-category-tag/featured_pre_sale/,5,5,6,1.2,13.8
fb / bh11,leads,遠雄房地產精選預售屋(台北、新北、台中、桃園、台南、高雄) - 遠雄房地產,/building-category-tag/featured_pre_sale/,5,5,7,1.4,54.4
google / cpc,newtaipei,遠雄房地產精選預售屋(台北、新北、台中、桃園、台南、高雄) - 遠雄房地產,/building-category-tag/featured_pre_sale/,5,5,7,1.4,27.2
web-ltn / wdh2,web-ltn0821,遠雄房地產精選預售屋(台北、新北、台中、桃園、台南、高雄) - 遠雄房地產,/building-category-tag/featured_pre_sale/,5,5,5,1,17.4
(direct) / (none),(direct),重劃區相關預售屋/新成屋/新建案資料|遠雄房地產,/building-tag/build-tag-plan/,5,5,6,1.2,32.4
bing / organic,(organic),【聯上智科】輝達軸線核心｜北士科福國路首排，純商辦地標，符合ESG指標｜預約尊榮鑑賞 遠雄房地產 聯上智科,/buildings/5vo1/,5,5,5,1,35
storm.mg / referral,(referral),【聯上智科】輝達軸線核心｜北士科福國路首排，純商辦地標，符合ESG指標｜預約尊榮鑑賞 遠雄房地產 聯上智科,/buildings/5vo1/,5,5,5,1,1
line-lap / wdh2,line-lap4-3,【聯上智科】輝達軸線核心｜北士科福國路首排，純商辦地標，符合ESG指標｜預約尊榮鑑賞 遠雄房地產 聯上智科,/buildings/5vo1/,5,5,3,0.6,2.2
google / cpc,WDH2-品牌字,北士科建案【遠雄明玥】2000坪全街廓只蓋一棟．25-46坪,/buildings/ah1/,5,5,5,1,18.8
google / cpc,20250616_房地產投資,齊興_緻：北士科住宅預售屋，入主北投核心地段，立即預約賞屋,/buildings/ar1/,5,5,5,1,11.6
line-lap / ar1,20260528-8-7,齊興_緻：北士科住宅預售屋，入主北投核心地段，立即預約賞屋,/buildings/ar1/,5,5,5,1,1
l.instagram.com / referral,(referral),北屯敦富路【遠雄敦富】- 北屯機捷預售屋．近好市多,/buildings/bh10/,5,5,5,1,1.6
google / cpc,brand0701,北屯敦富路【遠雄敦富】- 北屯機捷預售屋．近好市多,/buildings/bh10/,5,5,8,1.6,65.8
google / cpc,gdn-4,北屯敦富路【遠雄敦富】- 北屯機捷預售屋．近好市多,/buildings/bh10/,5,5,6,1.2,61.2
google_kw / bh13,(organic),遠雄14期首發【遠雄丰尚】北屯新案．漢神洲際購物廣場350m,/buildings/bh11/,5,5,6,1.2,25.8
google_kw / h713,(organic),遠雄14期首發【遠雄丰尚】北屯新案．漢神洲際購物廣場350m,/buildings/bh11/,5,5,5,1,20
fb / bh11,6-10,遠雄14期首發【遠雄丰尚】北屯新案．漢神洲際購物廣場350m,/buildings/bh11/,5,5,5,1,1.6
fb / bh11,6-4,遠雄14期首發【遠雄丰尚】北屯新案．漢神洲際購物廣場350m,/buildings/bh11/,5,5,5,1,6.4
socialmedia / bh11,googlemap,遠雄14期首發【遠雄丰尚】北屯新案．漢神洲際購物廣場350m,/buildings/bh11/,5,5,5,1,86
socialmedia / bh11,googlemap,遠雄14期首發【遠雄丰尚】北屯新案．近漢神洲際百貨,/buildings/bh11/,5,5,5,1,79.2
line-lap / 5vo1,7-4,台中七期．在夏綠地，典藏最優雅的【夏綠蒂】25-38坪,/buildings/bh13/,5,5,5,1,0.8
line-lap / bh5,(not set),遠雄琉蘊 -台中市西屯區七期預售屋/新建案-預約賞屋，遠雄房地產,/buildings/bh5/,5,5,6,1.2,1
fb / bh13,11,遠雄琉蘊 -台中市西屯區七期預售屋/新建案-預約賞屋，遠雄房地產,/buildings/bh5/,5,5,5,1,68.8
fb / bh5,61_1,遠雄琉蘊 -台中市西屯區七期預售屋/新建案-預約賞屋，遠雄房地產,/buildings/bh5/,5,5,5,1,0
fb / bh7,16,【遠雄樂元】北屯機捷X好市多，雙首排大道最核心，夠近才最好,/buildings/bh7/,5,5,5,1,1.4
fb / bh7,24,【遠雄樂元】北屯機捷X好市多，雙首排大道最核心，夠近才最好,/buildings/bh7/,5,5,5,1,0.4
google / cpc,brand0701,【遠雄樂元】北屯機捷X好市多，雙首排大道最核心，夠近才最好,/buildings/bh7/,5,5,6,1.2,47.6
line / bh7,message,【遠雄樂元】北屯機捷X好市多，雙首排大道最核心，夠近才最好,/buildings/bh7/,5,5,5,1,5.8
tw.search.yahoo.com / referral,(referral),台中遠雄洄山行：2-4房方正格局，入主西屯生活圈的質感好宅,/buildings/bh8/,5,5,5,1,27.2
(not set),20260813一輪播,台中遠雄洄山行：2-4房方正格局，入主西屯生活圈的質感好宅,/buildings/bh8/,5,5,4,0.8,15.8
google / cpc,brand,台中遠雄洄山行：2-4房方正格局，入主西屯生活圈的質感好宅,/buildings/bh8/,5,5,5,1,44.6
fb / bh8,fanpage,台中遠雄洄山行：2-4房方正格局，入主西屯生活圈的質感好宅,/buildings/bh8/,5,5,6,1.2,61.8
fb / dgm1,fb20264-1-pv,大河商爵-台北市士林區廠辦/預售新建案-預約賞屋，遠創力行銷,/buildings/dgm1/,5,5,5,1,0
fb / dgm1,fb8-2,大河商爵-台北市士林區廠辦/預售新建案-預約賞屋，遠創力行銷,/buildings/dgm1/,5,5,5,1,2.8
fb / dgm1,fbvideo6-2,大河商爵-台北市士林區廠辦/預售新建案-預約賞屋，遠創力行銷,/buildings/dgm1/,5,5,5,1,1.4
web / dgm1,web-googlemap,大河商爵-台北市士林區廠辦/預售新建案-預約賞屋，遠創力行銷,/buildings/dgm1/,5,5,5,1,16.8
fb / paid,120241579219260634,【遠雄蘊合】千坪旗艦，親水生活｜收納中西區最美流動26-43坪．新案早鳥預約,/buildings/dh6/,5,5,7,1.4,12.4
(not set),20260828一輪播,【遠雄蘊合】千坪旗艦，親水生活｜收納中西區最美流動26-43坪．新案早鳥預約,/buildings/dh6/,5,5,5,1,27.6
fb / dh6,7,【遠雄蘊合】千坪旗艦，親水生活｜收納中西區最美流動26-43坪．新案早鳥預約,/buildings/dh6/,5,5,5,1,11.2
ig / social,ig,【遠雄蘊合】千坪旗艦，親水生活｜收納中西區最美流動26-43坪．新案早鳥預約,/buildings/dh6/,5,5,5,1,41.6
fb / eh1,eh1ig,高雄建案推薦【遠雄峰蘊】- 三民區預售屋．近科工館,/buildings/eh1/,5,5,5,1,43.8
fb / eh1,fb20263-2videomoto,高雄建案推薦【遠雄峰蘊】- 三民區預售屋．近科工館,/buildings/eh1/,5,5,5,1,12
fb / eh1,fb20267-3,高雄建案推薦【遠雄峰蘊】- 三民區預售屋．近科工館,/buildings/eh1/,5,5,5,1,0
ig / social,ig,遠雄一靚：楠梓高大特區首發新案，2432坪大基地，早鳥預約諮詢中,/buildings/eh2/,5,5,6,1.2,53.8
google / cpc,type,遠雄一靚：楠梓高大特區首發新案，2432坪大基地，早鳥預約諮詢中,/buildings/eh2/,5,5,5,1,17.2
line-lap / dh6,1,遠雄蘴靚｜高雄楠梓新門戶｜捷運R21站旁｜3795坪豪闊基地,/buildings/eh6/,5,5,4,0.8,4.6
google_kw / eh6,type,遠雄蘴靚｜高雄楠梓新門戶｜捷運R21站旁｜3795坪豪闊基地,/buildings/eh6/,5,5,5,1,0
google_kw / fm3,(not set),遠雄信義CENTER-新北市板橋區廠辦.商辦/預售新建案-預約賞屋,/buildings/fm3/,5,5,6,1.2,0
webnews / ar1,20250918,遠雄信義CENTER-新北市板橋區廠辦.商辦/預售新建案-預約賞屋,/buildings/fm3/,5,5,5,1,10.2
google_kw / 5vo1,202604,遠雄信義CENTER-新北市板橋區廠辦.商辦/預售新建案-預約賞屋,/buildings/fm3/,5,5,11,2.2,61.8
fg / button,fm3,遠雄信義CENTER-新北市板橋區廠辦.商辦/預售新建案-預約賞屋,/buildings/fm3/,5,5,5,1,8.2
google / cpc,information1,遠雄信義CENTER-新北市板橋區廠辦.商辦/預售新建案-預約賞屋,/buildings/fm3/,5,5,7,1.4,0.8
google_kw / h707,googlemap,遠雄星呈-台中市清水區預售屋/新建案-預約賞屋，遠雄房地產,/buildings/h707/,5,5,5,1,5.8
socialmedia / fgr,fbh713info,遠雄幸福成｜全新落成 - 台中市梧棲區新成屋-預約賞屋，遠雄房地產,/buildings/h713/,5,5,5,1,1.6
(not set),(not set),遠雄琢蘊-高雄市三民區預售屋/新建案-預約賞屋，遠雄房地產,/buildings/h902/,5,5,5,1,0
google / cpc,(organic),遠雄THE ONE-高雄市前鎮區新成屋/新建案-預約賞屋,/buildings/o1/,5,5,4,0.8,15.8
google_kw / wdh2,beitou,"Tianmu Shili | 15-25 ping (approximately 33-66 square meters), 1-2 bedrooms | Xingyi Road, Beitou District, near Shipai Station",/buildings/wdh2/,5,5,0,0,9.8
bing / organic,(organic),天母蒔麗｜15~25坪．1-2房｜北投行義路，近石牌站,/buildings/wdh2/,5,5,7,1.4,54
fgr-line / fgr,expert_hoshichang_vacancy-rate,遠雄房地產,/campaign,5,5,6,1.2,0
fb / h713,leads,熱銷建案：全台預售屋與新成屋一覽，遠雄房地產助您尋獲理想好宅,/case/,5,5,7,1.4,27.8
(data not available),(cross-network),熱銷建案一覽：遠雄全台預售屋、新建案與新成屋，尋獲理想家園,/case/search/,5,5,8,1.6,33.8
google_kw / dh2,(organic),熱銷建案一覽：遠雄全台預售屋、新建案與新成屋，尋獲理想家園,/case/search/,5,5,7,1.4,55.2
gdn / hm2,0602GDN,熱銷建案一覽：遠雄全台預售屋、新建案與新成屋，尋獲理想家園,/case/search/,5,5,5,1,0.2
line-lap / dh6,1,熱銷建案一覽：遠雄全台預售屋、新建案與新成屋，尋獲理想家園,/case/search/,5,5,8,1.6,11.8
gdn / hm2,4-2pmaxv2,熱銷建案一覽：遠雄全台預售屋、新建案與新成屋，尋獲理想家園,/case/search/,5,5,5,1,12.4
google / cpc,RSH1-買房字,熱銷建案一覽：遠雄全台預售屋、新建案與新成屋，尋獲理想家園,/case/search/,5,5,11,2.2,18.4
google / cpc,WDH2-品牌字,熱銷建案一覽：遠雄全台預售屋、新建案與新成屋，尋獲理想家園,/case/search/,5,5,10,2,57.4
google / cpc,gdn-4,熱銷建案一覽：遠雄全台預售屋、新建案與新成屋，尋獲理想家園,/case/search/building-category-tag/134/,5,5,7,1.4,13.6
(direct) / (none),(direct),熱銷建案一覽：遠雄全台預售屋、新建案與新成屋，尋獲理想家園,/case/search/building-category-tag/135/page/2/,5,5,5,1,3
sms / aep-cdp,CRM-001-D,熱銷建案一覽：遠雄全台預售屋、新建案與新成屋，尋獲理想家園,/case/search/page/2/,5,5,6,1.2,20.8
google / cpc,brand,熱銷建案一覽：遠雄全台預售屋、新建案與新成屋，尋獲理想家園,/case/search/page/2/,5,5,7,1.4,14
google_kw / fm3,brand,熱銷建案一覽：遠雄全台預售屋、新建案與新成屋，尋獲理想家園,/case/search/page/2/,5,5,5,1,5.4
google / cpc,(organic),熱銷建案一覽：遠雄全台預售屋、新建案與新成屋，尋獲理想家園,/case/search/sales_status/coming-soon/,5,5,6,1.2,13.6
google / cpc,O1_品牌字_2025.0801,熱銷建案一覽：遠雄全台預售屋、新建案與新成屋，尋獲理想家園,/case/search/sales_status/hot-sale/,5,5,5,1,6.4
(direct) / (none),(direct),熱銷建案一覽：遠雄全台預售屋、新建案與新成屋，尋獲理想家園,/case/search/sales_status/hot-sale/tel:0800009168/page/2/,5,5,5,1,1
google / organic,(organic),買主口碑推薦：遠雄建案與預售屋真實見證，分享卓越品質居住心得,/case/wom_recommendation/,5,5,6,1.2,12.4
(direct) / (none),(direct),加入我們｜探索職涯發展，與遠雄共同翻轉未來，開創職涯新高峰,/contact_service/career_development/,5,5,5,1,2.4
google / organic,(organic),加入遠雄築夢齊飛！成就房地產專業職涯，共創卓越未來,/contact_service/join_farglory/,5,5,5,1,31.4
bing / organic,(organic),國家級的建築肯定-遠雄房地產,/farglory-realty-about/national-building/,5,5,5,1,11.4
(direct) / (none),(direct),好友主題報-2024年2月 - 遠雄房地產,/february2024/,5,5,5,1,0
(direct) / (none),(direct),遠雄 THE ONE | 數位意向書-遠雄房地產 Farglory-Realty,/form/write,5,5,7,1.4,114.8
fg-line / ar1,20260724,遠雄房地產,/integrate,5,5,10,2,0
(direct) / (none),(direct),預售屋簽約注意事項｜解析產權、契約審閱期與交屋保留款尾款防陷阱,/jun2026/,5,5,6,1.2,14.6
google / organic,(organic),台中 14 期重劃區範圍全圖解：包覆 11 期的ㄇ字型地段，美和庄開發潛力,/life-proposal/area-s-taichung-14th20220520/,5,5,5,1,74.2
sms / (not set),(not set),遠房實價登錄,/,5,5,6,1.2,0
google / organic,高雄全區,高雄預售屋入手指南：最新建案推薦、選房與區域優勢總整理 - 遠雄房地產,/life-proposal/area_presold-house-in-kaohsiung/,5,5,5,1,380.6
google / organic,(organic),台南溪東重劃區：鄰近商 60 與海佃雙學區，萬坪自辦重劃機能全解析,/life-proposal/area_tnn_haidian_function_20240126/,5,5,5,1,49.8
google / organic,(organic),建案熱區巡禮：台中北屯區14期重劃區 - 學區篇 - 遠雄房地產,/life-proposal/area_txg_beitun_14th_school_20240917/,5,5,6,1.2,62.8
google / organic,(organic),建案熱區巡禮：台中北屯區14期重劃區 - 交通篇 - 遠雄房地產,/life-proposal/area_txg_beitun_14th_traffic_20240925/,5,5,5,1,41.6
(direct) / (none),(direct),小陽台佈置：打造居家秘密花園！植栽與空間規劃，營造療癒角落,/life-proposal/balcony_20230414/,5,5,5,1,15.6
(direct) / (none),(direct),梅雨季濕氣滿屋？來場除濕防霉大作戰，牆壁家具除霉與去味全攻略,/life-proposal/ease_mildew-proof_20230612/,5,5,5,1,54.4
google / organic,(organic),[影音] 北士科潛力揭密：輝達進駐引爆房市三大變革｜何世昌觀點 - 遠雄房地產,/life-proposal/expert_hoshichang_bstk-nvidia/,5,5,6,1.2,86.8
google / organic,(organic),2025年北台灣房市潛力區域專題報導-10大優質投資區域分析｜何世昌觀點 - 遠雄房地產,/life-proposal/expert_hoshichang_northern-potential/,5,5,6,1.2,69.4
google / organic,(organic),借名登記的房地產，也可以作為遺產分割的標的嗎？ | 永然法律不動產專欄 - 遠雄房地產,/life-proposal/expert_law_y-rlee_nominee-inheritance/,5,5,6,1.2,74.4
(not set),(not set),2025中國經濟展望：房市復甦、通縮壓力與地緣風險解析,/life-proposal/expert_macromicro_china-economic_20250120/,5,5,0,0,0
(direct) / (none),(direct),美債殖利率創新高！三大面向解析後續走勢，掌握長債佈局價值,/life-proposal/expert_macromicro_mec_oil_20231125/,5,5,5,1,20.8
(direct) / (none),(direct),商用不動產與土地交易熱絡！AI 產業題材推升自用需求，建商積極補庫存,/life-proposal/expert_peizhen_2024q2review_20240703/,5,5,5,1,3.2
google / organic,(organic),[影音] 科學園區帶動房市新熱潮：竹科、中科、南科的投資分析｜劉佩真觀點 - 遠雄房地產,/life-proposal/expert_peizhen_science-park-housing/,5,5,5,1,74.6
google / organic,(organic),三大因素驅動，雙北市房價「蛋花湯」現象成為現在進行式｜何世昌觀點 - 遠雄房地產,/life-proposal/expert_shuangbei_20250822/,5,5,5,1,136.6
(not set),20260813一輪播,空屋稅的真相？房子閒置前你該考慮的事｜專家觀點地政篇 - 遠雄房地產,/life-proposal/expert_zhu_eht_20250625/,5,5,1,0.2,3.4
google / organic,(organic),[影音] 預售屋購買注意事項大解析 - 履約保證不可不知｜專家觀點地政篇 - 遠雄房地產,/life-proposal/expert_zhu_property_escrow_vedio_20240531/,5,5,5,1,59.4
google / organic,生活提案,只有不動產怎麼繳遺產稅？實物抵繳是否划算？｜專家觀點地政篇 - 遠雄房地產,/life-proposal/expert_zhu_property_offset-2_20241220/,5,5,5,1,66
(direct) / (none),(direct),[影音] 停車位買賣詳細解析-你需要知道的車位權利｜專家觀點地政篇 - 遠雄房地產,/life-proposal/expert_zhu_property_parking_vedio_20240828/,5,5,5,1,8
google / organic,生活提案,樓高的秘密解析：樓層高度與淨高如何影響居住品質 - 遠雄房地產,/life-proposal/floor_height/,5,5,4,0.8,9.4
google / organic,(organic),大新板 AI 產業廊道解析｜地緣政治驅動供應鏈轉型，企業資產佈局對策,/life-proposal/fm3-asset/,5,5,5,1,11.8
(not set),20260805一輪播,房屋格局圖/平面圖怎麼看？建案平面圖符號教學，讓你秒懂房屋格局避地雷,/life-proposal/house-layout/,5,5,0,0,0
google / organic,生活提案,換屋族必讀：房地合一稅與土地增值稅完整攻略 - 遠雄房地產,/life-proposal/house_and_land/,5,5,6,1.2,213.8
(direct) / (none),(direct),社區營運：公設點交不求人！掌握檢查重點與流程，維護住戶權益,/life-proposal/land_public_utilities/,5,5,5,1,63.4
(not set),(not set),預售屋付款攻略：訂簽開、工程款到交屋，分階段減輕首購族壓力,/life-proposal/presale_payment_20221021/,5,5,0,0,0
(direct) / (none),(direct),樓梯間與梯廳公共設施：建築法規與容積計算完整解析 - 遠雄房地產,/life-proposal/regulations2_20230320/,5,5,5,1,47
google / organic,生活提案,新青安房貸重點一次看！掌握新舊制差異、利率比較與申請資格 - 遠雄房地產,/life-proposal/seo_youth-home-loan/,5,5,4,0.8,313.6
google / organic,(organic),台中最後寶地！水湳經貿園區範圍全圖解，中央公園帶動國際城市發展,/life-proposal/shuinan/,5,5,5,1,28.6
google / organic,(organic),居家窗簾挑選有學問，窗簾種類與款式有哪些？ - 遠雄房地產,/life-proposal/space_design_curtain_20240714/,5,5,5,1,31
(not set),(not set),柔和蜜桃 Peach Fuzz 走進家！運用 2024 年度色油漆與軟裝打造療癒居所,/life-proposal/space_style_peach_20240206/,5,5,0,0,0
google / cpc,gdn-4,遠雄房地產預約賞屋：線上看房結合實體導覽，開啟智慧購屋新體驗,/make_appointment/,5,5,9,1.8,46
line-lap / rsh1,line-lap4-5,守護個人資訊安全，一起保障您的隱私權益｜ 遠雄房地產,/privacy/,5,5,6,1.2,6.4
google / cpc,O1_品牌字_2025.0801,馬一鳴業務個人介紹 - 遠雄THE ONE,/sales/O1/B5948/,5,5,5,1,7.8
google / cpc,othercities_brand,林芸安業務個人介紹 - 遠雄樂元,/sales/bh7/B6129/,5,5,5,1,11.6
google / organic,(organic),劉凡瑄業務個人介紹 - 遠雄樂元,/sales/bh7/G1278/,5,5,6,1.2,13.2
google / cpc,demand,王薇筑業務個人介紹 - 遠雄蘊合,/sales/dh6/G1237/,5,5,5,1,16.8
google / cpc,brand,翁毓雯業務個人介紹 - 遠雄沐蘊,/sales/eh5/G0816/,5,5,5,1,5.8
google / organic,(organic),康祖儀業務個人介紹 - 遠雄蘴靚,/sales/eh6/G1329/,5,5,5,1,3.8
fb / o1,privacy,遠雄房地產服務條款暨隱私權聲明｜保障您的個人資訊與使用權益,/terms-of-service_and_privacy/,5,5,5,1,0.2
google_kw / bh10,14th-zone,遠房實價登錄,/,4,5,5,1.25,0
socialmedia / ar1,fansite,遠房實價登錄,/,4,5,5,1.25,0
fb / eh6,form,遠房實價登錄,/,4,5,8,2,0
google_kw / ar1,googlemap,遠房實價登錄,/,4,5,5,1.25,0
google_kw / bh8,luxury-apartment,遠房實價登錄,/,4,5,5,1.25,0
google / organic,(organic),優勢榮耀 - 遠雄房地產,/about/branded_advantages/,4,5,6,1.5,7.25
google / organic,(organic),關於遠創力：遠雄房地產行銷顧問，以創新思維定義建築新價值,/about/telecreative_marketing/,4,5,6,1.5,19
google / organic,(organic),遠雄房地產 官方LINE | 十萬知音，十萬感謝🎉 - 遠雄房地產,/activity-report/遠雄房地產-官方line-十萬知音，十萬感謝🎉/,4,5,6,1.5,8.75
(direct) / (none),(direct),遠雄明玥 | 北士科水岸新生活．2000坪全街廓，只蓋一棟｜25-46坪-周繹加-遠雄房地產 Farglory-Realty,/ah1/b5654,4,5,5,1.25,43
tw.search.yahoo.com / referral,(referral),北士科遠雄泱玥：水岸首排57-75坪大器空間，坐擁絕美壯闊景觀,/buildings/ah2/,4,5,4,1,13
socialmedia / ar1,fansite,齊興_緻：北士科住宅預售屋，入主北投核心地段，立即預約賞屋,/buildings/ar1/,4,5,5,1.25,17
google_kw / ar1,googlemap,齊興_緻：北士科住宅預售屋，入主北投核心地段，立即預約賞屋,/buildings/ar1/,4,5,5,1.25,30.25
google_kw / bh10,14th-zone,北屯敦富路【遠雄敦富】- 北屯機捷預售屋．近好市多,/buildings/bh10/,4,5,5,1.25,7.25
google_kw / bh10,information8,北屯敦富路【遠雄敦富】- 北屯機捷預售屋．近好市多,/buildings/bh10/,4,5,4,1,5
web / bh6,googlemap2,遠雄藝舍-台中西屯區麥當勞旁金店面-預約賞屋，遠雄房地產,/buildings/bh6/,4,5,5,1.25,13.5
fb / bh5,leads,台中遠雄洄山行：2-4房方正格局，入主西屯生活圈的質感好宅,/buildings/bh8/,4,5,5,1.25,26.25
line / dgm1,line-lap202511-1,大河商爵-台北市士林區廠辦/預售新建案-預約賞屋，遠創力行銷,/buildings/dgm1/,4,5,6,1.5,0.75
bing / organic,(organic),台南永康遠雄山禾：鹽行特區3-4房，鄰商圈與交通樞紐的理想宅,/buildings/dh2/,4,5,6,1.5,49
fb / dh2,fb-62,台南永康遠雄山禾：鹽行特區3-4房，鄰商圈與交通樞紐的理想宅,/buildings/dh2/,4,5,4,1,44.25
google / cpc,gdn-4,高雄建案推薦【遠雄峰蘊】- 三民區預售屋．近科工館,/buildings/eh1/,4,5,4,1,15
(not set),20260813一輪播,遠雄沐蘊-高雄市三民區預售屋/新建案-預約賞屋,/buildings/eh5/,4,5,3,0.75,10.75
google_kw / h713,(referral),遠雄幸福成｜全新落成 - 台中市梧棲區新成屋-預約賞屋，遠雄房地產,/buildings/h713/,4,5,5,1.25,8.5
fb / h713,105,遠雄幸福成｜全新落成 - 台中市梧棲區新成屋-預約賞屋，遠雄房地產,/buildings/h713/,4,5,4,1,31
gdn / hm2,(not set),遠雄MetaLink科技園區 | 3700坪超旗艦 森態企業總部,/buildings/hm2/,4,5,8,2,1
mkto-sn070013.com / referral,(referral),遠雄MetaLink科技園區 | 3700坪超旗艦 森態企業總部,/buildings/hm2/,4,5,5,1.25,0.5
google / cpc,O1_品牌字_2025.0801,"Farglory THE ONE - Newly Built/Constructed Housing Project in Qianzhen District, Kaohsiung City - Schedule a Viewing",/buildings/o1/,4,5,0,0,37.5
bing / organic,(organic),若水秧翠｜東京視野・頂埔門牌｜1~3房．20~42坪,/buildings/rsh1/,4,5,7,1.75,27
(not set),20260805一輪播,若水秧翠｜東京視野・頂埔門牌｜1~3房．20~42坪,/buildings/rsh1/,4,5,4,1,20
access.line.me / referral,(referral),遠雄房地產,/campaign,4,5,5,1.25,0
(not set),20260805一輪播,遠雄房地產官方LINE,/campaign,4,5,6,1.5,64
google / cpc,WDH2-買房字,熱銷建案一覽：遠雄全台預售屋、新建案與新成屋，尋獲理想家園,/case/search/,4,5,8,2,28.75
youtube / fgr,expert_zhu_legal-reserve,遠雄房地產,/ebook,4,5,7,1.75,0
line-fgr / bh7,linefgrbh7,遠雄房地產,/integrate,4,5,12,3,1
google / organic,(organic),2022年十大建商出爐，品牌建商更重保固與售後服務 - 遠雄房地產,/life-proposal/2022branding_20230119/,4,5,5,1.25,24.5
(not set),20260805一輪播,空屋率高房價就會跌？揭開台灣房市「愈空愈貴」的結構真相,/life-proposal/expert_hoshichang_vacancy-rate/,4,5,6,1.5,52
google / organic,(organic),2026房市大分化：建商經營策略轉型，告別全面上漲時代,/life-proposal/expert_li_property-new-era/,4,5,4,1,175.75
google / organic,(organic),2026 投資佈局：聚焦AI基建、核能、國防、稀土、貴金屬與穩定幣 | 財經M平方觀點 - 遠雄房地產,/life-proposal/expert_macromicro_2026-mega-trends/,4,5,5,1.25,25
google / organic,(organic),降息了黃金一定會漲嗎？探討未來黃金走勢｜財經M平方觀點 - 遠雄房地產,/life-proposal/expert_macromicro_golden_20241119/,4,5,4,1,31.25
reurl.cc / referral,(referral),2026年買新房成本暴增？地政士解析三大新制陷阱與產權影響,/life-proposal/expert_zhu_regulations-trap/,4,5,5,1.25,59.75
(not set),20260805一輪播,2026年買新房成本暴增？地政士解析三大新制陷阱與產權影響,/life-proposal/expert_zhu_regulations-trap/,4,5,4,1,46.5
fb / fm3,news0811,2026商用不動產衝破1588億！獵廠時代來臨，遠雄信義CENTER搶佔AI供應鏈商機,/life-proposal/fm2-hunt/,4,5,5,1.25,41.25
(not set),20260805一輪播,贈與稅與遺產稅免稅額解析｜房產贈與、買賣、繼承怎麼選 - 遠雄房地產,/life-proposal/gift_tax/,4,5,0,0,78.25
google / organic,(organic),不容小覷！火災事故損失統計數據解析，提升居家安全意識與防範措施,/life-proposal/kw_fire-insurance_20240705/,4,5,5,1.25,48.75
google / organic,生活提案,都市土地分區解析｜買房必看土地使用分區與建物用途全攻略 - 遠雄房地產,/life-proposal/land_zoning/,4,5,3,0.75,26
(not set),20260813一輪播,附屬建物陽台、露臺、雨遮規定｜購屋前必知建築法規與容積計算 - 遠雄房地產,/life-proposal/regulations_20230317/,4,5,2,0.5,59.75
(not set),生活提案,買房不只付總價！首購族必知契稅、印花稅與持有稅比例分攤試算,/life-proposal/taxes/,4,5,2,0.5,6.25
google / organic,(organic),新莊副都心生活圈：一步抵達頂級人生，重劃區交通與生活全解析,/life-proposal/xinzhuang/,4,5,5,1.25,78.75
google / organic,(organic),張津瑞業務個人介紹 - 遠雄蘊合,/sales/dh6/B6045/,4,5,6,1.5,7.5
web-sms / dh2,20260707,遠房實價登錄,/,3,5,5,1.6666666666666667,0
excel.officeapps.live.com / referral,(referral),遠雄房地產：最懂生活的購屋專家｜卓越建築品質，圓滿您的家,/,3,5,7,2.3333333333333335,29
(direct) / (none),(direct),齊興緻-林白芷-遠雄房地產 Farglory-Realty,/AR1/b3622,3,5,6,2,65
line-lap / (not set),2-6,【聯上智科】輝達軸線核心｜北士科福國路首排，純商辦地標，符合ESG指標｜預約尊榮鑑賞 遠雄房地產 聯上智科,/buildings/5vo1/,3,5,5,1.6666666666666667,0
google_gdn / 5vo1,20251201,【聯上智科】輝達軸線核心｜北士科福國路首排，純商辦地標，符合ESG指標｜預約尊榮鑑賞 遠雄房地產 聯上智科,/buildings/5vo1/,3,5,5,1.6666666666666667,0
google_kw / hm2,202607,【聯上智科】輝達軸線核心｜北士科福國路首排，純商辦地標，符合ESG指標｜預約尊榮鑑賞 遠雄房地產 聯上智科,/buildings/5vo1/,3,5,5,1.6666666666666667,39.666666666666664
web-sms / dh2,20260707,台南永康遠雄山禾：鹽行特區3-4房，鄰商圈與交通樞紐的理想宅,/buildings/dh2/,3,5,5,1.6666666666666667,18.666666666666668
(not set),20260813一輪播,遠雄信義CENTER-新北市板橋區廠辦.商辦/預售新建案-預約賞屋,/buildings/fm3/,3,5,4,1.3333333333333333,14.333333333333334
line-lap / h707,1,遠雄星呈-台中市清水區預售屋/新建案-預約賞屋，遠雄房地產,/buildings/h707/,3,5,5,1.6666666666666667,8.333333333333334
(not set),20260805一輪播,天母蒔麗｜15~25坪．1-2房｜北投行義路，近石牌站,/buildings/wdh2/,3,5,6,2,14
(not set),20260702一輪播,熱銷建案一覽：遠雄全台預售屋、新建案與新成屋，尋獲理想家園,/case/search/,3,5,7,2.3333333333333335,21
(not set),20260805一輪播,熱銷建案一覽：遠雄全台預售屋、新建案與新成屋，尋獲理想家園,/case/search/page/4/,3,5,3,1,0.3333333333333333
omnichat / keyword_line,keyword_line,遠雄房地產,/integrate,3,5,22,7.333333333333333,0
mkto-sn070013.com / referral,(referral),生活提案 彙整 - 遠雄房地產,/life-proposal/,3,5,7,2.3333333333333335,27
gemini.google.com / ai-assistant,(ai-assistant),前鎮房市加速！205 兵工廠遷移與特貿三開發，完善亞灣區交通樞紐,/life-proposal/area-l-kaohsiung-qianzhen_20220805/,3,5,5,1.6666666666666667,76.66666666666667
google / organic,(organic),建案熱區巡禮：台中西屯水湳經貿園區 - 學區篇 - 遠雄房地產,/life-proposal/area-txg-shuinan_school_20240501/,3,5,5,1.6666666666666667,54.333333333333336
(not set),20260813一輪播,台中預售屋怎麼挑？各區房價、TOP36建案分析，買屋前必看！,/life-proposal/area_presold-house-in-taichung/,3,5,2,0.6666666666666666,0
(not set),20260813一輪播,惡鄰居噪音菸味如何處理？除法律求償外，換屋也是維護安寧權的資產配置,/life-proposal/expert_law_y-rlee_living-rights/,3,5,2,0.6666666666666666,12.666666666666666
teams.public.onecdn.static.microsoft / referral,(referral),2026年買新房成本暴增？地政士解析三大新制陷阱與產權影響,/life-proposal/expert_zhu_regulations-trap/,3,5,4,1.3333333333333333,134.66666666666666
uptogo.com.tw / referral,(referral),戶籍遷入辦理教學｜買房後戶籍異動流程與準備文件全攻略 - 遠雄房地產,/life-proposal/land_household_registration/,3,5,5,1.6666666666666667,120.66666666666667
(not set),生活提案,突然跳電怎麼辦？六步驟輕鬆排查【居家安全指南】 - 遠雄房地產,/life-proposal/trip/,3,5,4,1.3333333333333333,8
line-lap / bh10,line-lap202511-3,遠房實價登錄,/,2,5,4,2,0
(not set),20260813一輪播,【聯上智科】輝達軸線核心｜北士科福國路首排，純商辦地標，符合ESG指標｜預約尊榮鑑賞 遠雄房地產 聯上智科,/buildings/5vo1/,2,5,1,0.5,0
line / rsh1,line-lap1-5,若水秧翠｜東京視野・頂埔門牌｜1~3房．20~42坪,/buildings/rsh1/,2,5,5,2.5,0
(not set),20260805一輪播,賣房想省稅？別踩房地合一稅虛報裝修陷阱 | 專家觀點地政篇 - 遠雄房地產,/life-proposal/expert_zhu_false-renovation-traps/,2,5,3,1.5,35.5
(not set),20260805一輪播,驗屋與交屋必知注意事項？新手購屋必看，驗屋清單檢查表與交屋流程有哪些？,/life-proposal/home-inspection/,2,5,4,2,122
(not set),20260813一輪播,安心生活：三大保固升級服務｜遠雄房地產給您最長久的家承諾,/life_proposal/peace_mind/,2,5,5,2.5,1.5
(not set),20260813一輪播,交屋全攻略：從產權防護、驗屋清單到屋型挑選的安心入住指南,/aug2026/,1,5,6,6,7
C / B,(not set),(2) 封未讀訊息 | 齊興_緻：北士科住宅預售屋，入主北投核心地段，立即預約賞屋,/buildings/ar1/,1,5,0,0,8
line / bh11,26_6-1,遠雄14期首發【遠雄丰尚】北屯新案．漢神洲際購物廣場350m,/buildings/bh11/,1,5,4,4,46
avivid / bh11,20251212,遠雄14期首發【遠雄丰尚】北屯新案．近漢神洲際百貨,/buildings/bh11/,1,5,9,9,24
google_kw / dh6,brand,【遠雄蘊合】千坪旗艦，親水生活｜收納中西區最美流動26-43坪．新案早鳥預約,/buildings/dh6/,1,5,5,5,127
(not set),(not set),遠雄一靚：楠梓高大特區首發新案，2432坪大基地，早鳥預約諮詢中,/buildings/eh2/,1,5,1,1,0
(not set),20260828一輪播,遠雄蘴靚｜高雄楠梓新門戶｜捷運R21站旁｜3795坪豪闊基地,/buildings/eh6/,1,5,6,6,47
(not set),20260813一輪播,七月主題報 - 遠雄房地產,/july/,1,5,5,5,1
(not set),生活提案,買房必看社區管理！從財報、公設維護到梯間雜物，評估管委會營運力,/life-proposal/land_rules/,1,5,7,7,144
(direct) / (none),(direct),AI浪潮點火，新板TPARK廠辦價值加速升溫 - 遠雄房地產,/life-proposal/area_fm3_ai-tech-park-banqiao/,5,5,5,1,17.6
yt / eh5,20250301,遠雄沐蘊-高雄市三民區預售屋/新建案-預約賞屋,/buildings/eh5/,4,4,4,1,0
(not set),20260805一輪播,北士科商辦聚落核心！「聯上智科」坐落福國路首排，企業卡位科技門戶,/life-proposal/5vo1-news_tech-office/,0,4,3,null,null
web-chinatimes / bh6,(not set),遠房實價登錄,/,4,4,4,1,0
farglory.com.tw / referral,(referral),遠房實價登錄,/,4,4,6,1.5,0
gdn / hm2,0602GDN,遠房實價登錄,/,4,4,6,1.5,0
webnews / h902,20231027,遠房實價登錄,/,4,4,4,1,0
line-lap / h902,20240603,遠房實價登錄,/,4,4,4,1,0
google / cpc,20250616_房地產投資,遠房實價登錄,/,4,4,6,1.5,0
fg-line / ar1,20260724,遠房實價登錄,/,4,4,4,1,0
gdn / hm2,4-2pmaxv2,遠房實價登錄,/,4,4,4,1,0
fb / bh13,9,遠房實價登錄,/,4,4,4,1,0
google / cpc,area_Office,遠房實價登錄,/,4,4,5,1.25,0
google_kw / fh2,banqiao.townhouse,遠房實價登錄,/,4,4,4,1,0
google_kw / wdh2,brand,遠房實價登錄,/,4,4,4,1,0
fb / dh2,fb-62,遠房實價登錄,/,4,4,4,1,0
fb / bh10,fb20268-3,遠房實價登錄,/,4,4,4,1,6
fb / fh2,fb5-1,遠房實價登錄,/,4,4,4,1,0
google_kw / dh6,googlemap,遠房實價登錄,/,4,4,4,1,0
google / cpc,information2,遠房實價登錄,/,4,4,8,2,0
line / bh7,message,遠房實價登錄,/,4,4,4,1,0
liff.line.me / referral,(referral),遠雄房地產：最懂生活的購屋專家｜卓越建築品質，圓滿您的家,/,4,4,5,1.25,12
mkto-sn070013.com / referral,(referral),遠雄房地產：最懂生活的購屋專家｜卓越建築品質，圓滿您的家,/,4,4,4,1,8.75
fb / O1,20250221_13-2,遠雄房地產：最懂生活的購屋專家｜卓越建築品質，圓滿您的家,/,4,4,4,1,3
webnews / ao1,20250317,遠雄房地產：最懂生活的購屋專家｜卓越建築品質，圓滿您的家,/,4,4,4,1,0.5
google_kw / hm2,202607,遠雄房地產：最懂生活的購屋專家｜卓越建築品質，圓滿您的家,/,4,4,5,1.25,7
google / cpc,O1_品牌字_2025.0801,遠雄房地產：最懂生活的購屋專家｜卓越建築品質，圓滿您的家,/,4,4,4,1,3.25
fb / eh6,form,遠雄房地產：最懂生活的購屋專家｜卓越建築品質，圓滿您的家,/,4,4,4,1,33.5
gdn / ao1,yt_louisa,遠雄房地產：最懂生活的購屋專家｜卓越建築品質，圓滿您的家,/,4,4,4,1,0
(not set),(not set),關於我們｜從建築到永續服務，全方位成就圓夢生活,/about/,4,4,0,0,0
google / organic,(organic),活動一覽：精選全台建案活動與會員專屬好禮，掌握第一手購屋優惠,/activity_report/activities_glance/,4,4,4,1,5.25
google / organic,(organic),遠雄敦富,/bh10/main,4,4,4,1,15.75
google / cpc,O1_地區字_2025.0801,遠雄房地產精選成屋(台北、新北、台中、桃園、台南、高雄) - 遠雄房地產,/building-category-tag/featured_existing_house/,4,4,5,1.25,13.5
google_kw / fm3,storage,精選廠辦 相關預售屋/新成屋/新建案資料|遠雄房地產,/building-category-tag/featured_factory_office/,4,4,7,1.75,23
fb / dh6,1,遠雄房地產精選預售屋(台北、新北、台中、桃園、台南、高雄) - 遠雄房地產,/building-category-tag/featured_pre_sale/,4,4,4,1,27
google_kw / hm2,202607,遠雄房地產精選預售屋(台北、新北、台中、桃園、台南、高雄) - 遠雄房地產,/building-category-tag/featured_pre_sale/,4,4,7,1.75,10.5
line-lap / eh2,20260701B,遠雄房地產精選預售屋(台北、新北、台中、桃園、台南、高雄) - 遠雄房地產,/building-category-tag/featured_pre_sale/,4,4,5,1.25,20.75
google / cpc,corearea0701,遠雄房地產精選預售屋(台北、新北、台中、桃園、台南、高雄) - 遠雄房地產,/building-category-tag/featured_pre_sale/,4,4,6,1.5,12
fb / eh6,form,遠雄房地產精選預售屋(台北、新北、台中、桃園、台南、高雄) - 遠雄房地產,/building-category-tag/featured_pre_sale/,4,4,4,1,11
fb / bh5,leads,遠雄房地產精選預售屋(台北、新北、台中、桃園、台南、高雄) - 遠雄房地產,/building-category-tag/featured_pre_sale/,4,4,4,1,20.75
google / cpc,brand,遠雄房地產精選預售屋(台北、新北、台中、桃園、台南、高雄) - 遠雄房地產,/building-category-tag/featured_pre_sale/page/2/,4,4,5,1.25,9.25
google_kw / hm2,202607,精選商辦 相關預售屋/新成屋/新建案資料|遠雄房地產,/building-category-tag/精選商辦/,4,4,5,1.25,3
google / cpc,O1_品牌字_2025.0801,豪宅 彙整 - 遠雄房地產,/building-tag/豪宅/,4,4,6,1.5,7
fb / 5vo1,2601-2,【聯上智科】輝達軸線核心｜北士科福國路首排，純商辦地標，符合ESG指標｜預約尊榮鑑賞 遠雄房地產 聯上智科,/buildings/5vo1/,4,4,4,1,0
line-lap / rsh1,line-lap4-5,【聯上智科】輝達軸線核心｜北士科福國路首排，純商辦地標，符合ESG指標｜預約尊榮鑑賞 遠雄房地產 聯上智科,/buildings/5vo1/,4,4,4,1,2.75
fb / paid,120250183077370316,北士科建案【遠雄明玥】2000坪全街廓只蓋一棟．25-46坪,/buildings/ah1/,4,4,6,1.5,11.5
google / cpc,20250616_品牌字,北士科建案【遠雄明玥】2000坪全街廓只蓋一棟．25-46坪,/buildings/ah1/,4,4,4,1,22.5
(not set),(not set),齊興_緻：北士科住宅預售屋，入主北投核心地段，立即預約賞屋,/buildings/ar1/,4,4,3,0.75,0
bing / organic,(organic),齊興_緻：北士科住宅預售屋，入主北投核心地段，立即預約賞屋,/buildings/ar1/,4,4,4,1,16.5
(not set),(not set),北屯敦富路【遠雄敦富】- 北屯機捷預售屋．近好市多,/buildings/bh10/,4,4,2,0.5,6.5
google / cpc,(organic),北屯敦富路【遠雄敦富】- 北屯機捷預售屋．近好市多,/buildings/bh10/,4,4,4,1,10
(not set),20260828一輪播,北屯敦富路【遠雄敦富】- 北屯機捷預售屋．近好市多,/buildings/bh10/,4,4,3,0.75,8.25
fb / bh10,fb20268-3,北屯敦富路【遠雄敦富】- 北屯機捷預售屋．近好市多,/buildings/bh10/,4,4,4,1,24.25
google_kw / bh10,information2,北屯敦富路【遠雄敦富】- 北屯機捷預售屋．近好市多,/buildings/bh10/,4,4,4,1,0
line-lap / dh6,1,遠雄14期首發【遠雄丰尚】北屯新案．漢神洲際購物廣場350m,/buildings/bh11/,4,4,6,1.5,100.75
gdn / bh11,20260206-2-4,遠雄14期首發【遠雄丰尚】北屯新案．漢神洲際購物廣場350m,/buildings/bh11/,4,4,4,1,0
line / bh11,26_4-1,遠雄14期首發【遠雄丰尚】北屯新案．漢神洲際購物廣場350m,/buildings/bh11/,4,4,4,1,0.25
google_kw / bh11,competitor0701,遠雄14期首發【遠雄丰尚】北屯新案．漢神洲際購物廣場350m,/buildings/bh11/,4,4,4,1,0
(data not available),(cross-network),遠雄14期首發【遠雄丰尚】北屯新案．近漢神洲際百貨,/buildings/bh11/,4,4,6,1.5,10.5
bing / organic,(organic),遠雄14期首發【遠雄丰尚】北屯新案．近漢神洲際百貨,/buildings/bh11/,4,4,4,1,7.25
google / cpc,(organic),遠雄14期首發【遠雄丰尚】北屯新案．近漢神洲際百貨,/buildings/bh11/,4,4,4,1,25.25
web-cnyes / bh11,2601,遠雄14期首發【遠雄丰尚】北屯新案．近漢神洲際百貨,/buildings/bh11/,4,4,4,1,0
fb / bh11,6-11,遠雄14期首發【遠雄丰尚】北屯新案．近漢神洲際百貨,/buildings/bh11/,4,4,5,1.25,0
google_kw / bh13,(organic),"In Taichung's 7th Redevelopment Zone, in the Charlottenburg area, lies the most elegant collection of residences, ranging from 25 to 38 pings.",/buildings/bh13/,4,4,0,0,9.25
google_kw / h713,(organic),台中七期．在夏綠地，典藏最優雅的【夏綠蒂】25-38坪,/buildings/bh13/,4,4,4,1,18.5
google_kw / bh13,(referral),台中七期．在夏綠地，典藏最優雅的【夏綠蒂】25-38坪,/buildings/bh13/,4,4,4,1,2.5
ig / social,ig,台中七期．在夏綠地，典藏最優雅的【夏綠蒂】25-38坪,/buildings/bh13/,4,4,4,1,37.75
google / cpc,othercities_brand,台中七期．在夏綠地，典藏最優雅的【夏綠蒂】25-38坪,/buildings/bh13/,4,4,6,1.5,66.25
google / cpc,brand0701,遠雄琉蘊 -台中市西屯區七期預售屋/新建案-預約賞屋，遠雄房地產,/buildings/bh5/,4,4,4,1,37.75
leju / bh5,lejupage,遠雄琉蘊 -台中市西屯區七期預售屋/新建案-預約賞屋，遠雄房地產,/buildings/bh5/,4,4,3,0.75,63.25
(not set),(not set),遠雄藝舍-台中西屯區麥當勞旁金店面-預約賞屋，遠雄房地產,/buildings/bh6/,4,4,3,0.75,1
(not set),20260813一輪播,【遠雄樂元】北屯機捷X好市多，雙首排大道最核心，夠近才最好,/buildings/bh7/,4,4,3,0.75,17.5
google_kw / bh10,brand,【遠雄樂元】北屯機捷X好市多，雙首排大道最核心，夠近才最好,/buildings/bh7/,4,4,5,1.25,2.75
google / cpc,gdn-4,【遠雄樂元】北屯機捷X好市多，雙首排大道最核心，夠近才最好,/buildings/bh7/,4,4,6,1.5,53
ig / social,ig,【遠雄樂元】北屯機捷X好市多，雙首排大道最核心，夠近才最好,/buildings/bh7/,4,4,5,1.25,12.25
google_kw / bh10,taichung,【遠雄樂元】北屯機捷X好市多，雙首排大道最核心，夠近才最好,/buildings/bh7/,4,4,5,1.25,313.75
google / cpc,brand0701,台中遠雄洄山行：2-4房方正格局，入主西屯生活圈的質感好宅,/buildings/bh8/,4,4,6,1.5,73
google / cpc,information2,台中遠雄洄山行：2-4房方正格局，入主西屯生活圈的質感好宅,/buildings/bh8/,4,4,7,1.75,53.75
google_kw / bh8,luxury-apartment,台中遠雄洄山行：2-4房方正格局，入主西屯生活圈的質感好宅,/buildings/bh8/,4,4,4,1,15
line-lap / bh9,lap-2,水湳遠雄綠美：鄰近綠美圖與中央公園，入主智慧經貿特區預售屋,/buildings/bh9/,4,4,5,1.25,3.5
google_kw / cqh1,googlemap,找不到頁面 - 遠雄房地產,/buildings/cqh1/,4,4,5,1.25,3.75
google_kw / dgm1,area_Office,大河商爵-台北市士林區廠辦/預售新建案-預約賞屋，遠創力行銷,/buildings/dgm1/,4,4,4,1,0
fb / dgm1,fbvideo6-1,大河商爵-台北市士林區廠辦/預售新建案-預約賞屋，遠創力行銷,/buildings/dgm1/,4,4,4,1,0.75
gdn / dgm1,gdn-dgc-manufacturing,大河商爵-台北市士林區廠辦/預售新建案-預約賞屋，遠創力行銷,/buildings/dgm1/,4,4,4,1,0
fb / dh6,1,台南永康遠雄山禾：鹽行特區3-4房，鄰商圈與交通樞紐的理想宅,/buildings/dh2/,4,4,4,1,37
gdn / dh3,5,遠雄綠禾-台南市永康區新成屋/新建案-預約賞屋，遠雄房地產,/buildings/dh3/,4,4,4,1,0
line-lap / eh2,20260701B,【遠雄蘊合】千坪旗艦，親水生活｜收納中西區最美流動26-43坪．新案早鳥預約,/buildings/dh6/,4,4,6,1.5,45
fb / dh6,4,【遠雄蘊合】千坪旗艦，親水生活｜收納中西區最美流動26-43坪．新案早鳥預約,/buildings/dh6/,4,4,4,1,0
fb / dh6,5,【遠雄蘊合】千坪旗艦，親水生活｜收納中西區最美流動26-43坪．新案早鳥預約,/buildings/dh6/,4,4,4,1,5.75
(not set),(not set),高雄建案推薦【遠雄峰蘊】- 三民區預售屋．近科工館,/buildings/eh1/,4,4,4,1,18.5
fb / eh1,privacy,高雄建案推薦【遠雄峰蘊】- 三民區預售屋．近科工館,/buildings/eh1/,4,4,6,1.5,817.75
mkto-sn070013.com / referral,(referral),遠雄一靚：楠梓高大特區首發新案，2432坪大基地，早鳥預約諮詢中,/buildings/eh2/,4,4,5,1.25,0.25
fb / eh2,fb16-3,遠雄一靚：楠梓高大特區首發新案，2432坪大基地，早鳥預約諮詢中,/buildings/eh2/,4,4,4,1,7.25
(direct) / (none),(direct),找不到頁面 - 遠雄房地產,/buildings/eh3/,4,4,4,1,2.75
(direct) / (none),(direct),您正在找 - 遠雄房地產,/,4,4,10,2.5,15.25
fb / eh5,fb32-1,遠雄沐蘊-高雄市三民區預售屋/新建案-預約賞屋,/buildings/eh5/,4,4,4,1,1.75
google_kw / eh6,(not set),遠雄蘴靚｜高雄楠梓新門戶｜捷運R21站旁｜3795坪豪闊基地,/buildings/eh6/,4,4,4,1,0
line-lap / dh6,2,遠雄蘴靚｜高雄楠梓新門戶｜捷運R21站旁｜3795坪豪闊基地,/buildings/eh6/,4,4,5,1.25,3
line-lap / eh2,20260701C,遠雄蘴靚｜高雄楠梓新門戶｜捷運R21站旁｜3795坪豪闊基地,/buildings/eh6/,4,4,4,1,0.25
google_kw / eh6,googlemap,遠雄蘴靚｜高雄楠梓新門戶｜捷運R21站旁｜3795坪豪闊基地,/buildings/eh6/,4,4,7,1.75,38.75
ig / social,ig,遠雄蘴靚｜高雄楠梓新門戶｜捷運R21站旁｜3795坪豪闊基地,/buildings/eh6/,4,4,5,1.25,39
line-lap / wdh2,line-lap4-3,遠雄蘴靚｜高雄楠梓新門戶｜捷運R21站旁｜3795坪豪闊基地,/buildings/eh6/,4,4,3,0.75,7.25
(not set),(not set),遠雄合雅｜板橋之心・合院之上｜2~4房．24~66坪,/buildings/fh2/,4,4,4,1,40.5
google / cpc,RSH1-品牌字,遠雄合雅｜板橋之心・合院之上｜2~4房．24~66坪,/buildings/fh2/,4,4,6,1.5,12.5
tw.search.yahoo.com / referral,(referral),遠雄信義CENTER-新北市板橋區廠辦.商辦/預售新建案-預約賞屋,/buildings/fm3/,4,4,5,1.25,57.5
(not set),20260805一輪播,遠雄信義CENTER-新北市板橋區廠辦.商辦/預售新建案-預約賞屋,/buildings/fm3/,4,4,4,1,47.25
google / cpc,General_Industrial-Office,遠雄信義CENTER-新北市板橋區廠辦.商辦/預售新建案-預約賞屋,/buildings/fm3/,4,4,6,1.5,0.75
fb / fm3,fb15-6,遠雄信義CENTER-新北市板橋區廠辦.商辦/預售新建案-預約賞屋,/buildings/fm3/,4,4,6,1.5,29.25
google / cpc,information6,遠雄信義CENTER-新北市板橋區廠辦.商辦/預售新建案-預約賞屋,/buildings/fm3/,4,4,5,1.25,0.5
fb / fh2,lbs-sms202608,遠雄信義CENTER-新北市板橋區廠辦.商辦/預售新建案-預約賞屋,/buildings/fm3/,4,4,4,1,24.75
bing / organic,(organic),遠雄星呈-台中市清水區預售屋/新建案-預約賞屋，遠雄房地產,/buildings/h707/,4,4,4,1,25.25
bing / organic,(organic),遠雄幸福成｜全新落成 - 台中市梧棲區新成屋-預約賞屋，遠雄房地產,/buildings/h713/,4,4,5,1.25,115.75
threads / social,(referral),遠雄幸福成｜全新落成 - 台中市梧棲區新成屋-預約賞屋，遠雄房地產,/buildings/h713/,4,4,4,1,0
google / cpc,brand0701,遠雄幸福成｜全新落成 - 台中市梧棲區新成屋-預約賞屋，遠雄房地產,/buildings/h713/,4,4,4,1,47
google / cpc,competitor,遠雄幸福成｜全新落成 - 台中市梧棲區新成屋-預約賞屋，遠雄房地產,/buildings/h713/,4,4,4,1,50.75
googlemap / hh1,googlemap,找不到頁面 - 遠雄房地產,/buildings/hh1/,4,4,4,1,5.5
google / cpc,family_respond,找不到頁面 - 遠雄房地產,/buildings/hih1/,4,4,4,1,0
tw.search.yahoo.com / referral,(referral),遠雄THE ONE-高雄市前鎮區新成屋/新建案-預約賞屋,/buildings/o1/,4,4,5,1.25,46.75
fb / o1,20250422_17-3,遠雄THE ONE-高雄市前鎮區新成屋/新建案-預約賞屋,/buildings/o1/,4,4,4,1,3.75
google / cpc,XXXX,遠雄THE ONE-高雄市前鎮區新成屋/新建案-預約賞屋,/buildings/o1/,4,4,4,1,17.75
google / cpc,area,遠雄THE ONE-高雄市前鎮區新成屋/新建案-預約賞屋,/buildings/o1/,4,4,4,1,31
fb / o1,fb30-1,遠雄THE ONE-高雄市前鎮區新成屋/新建案-預約賞屋,/buildings/o1/,4,4,4,1,11
google / cpc,brand,若水秧翠｜東京視野・頂埔門牌｜1~3房．20~42坪,/buildings/rsh1/,4,4,4,1,34.75
fb / rsh1,fb4-1videomaster,若水秧翠｜東京視野・頂埔門牌｜1~3房．20~42坪,/buildings/rsh1/,4,4,4,1,27.75
fb / rsh1,fb7-1,若水秧翠｜東京視野・頂埔門牌｜1~3房．20~42坪,/buildings/rsh1/,4,4,4,1,25.25
google_kw / rsh1,information5,若水秧翠｜東京視野・頂埔門牌｜1~3房．20~42坪,/buildings/rsh1/,4,4,4,1,0
line-lap / wdh2,line-lap4-3_600x400,若水秧翠｜東京視野・頂埔門牌｜1~3房．20~42坪,/buildings/rsh1/,4,4,6,1.5,8.25
(not set),20260813一輪播,遠雄房地產,/campaign,4,4,6,1.5,0
(not set),20260813一輪播,遠雄房地產官方LINE,/campaign,4,4,6,1.5,33.75
(direct) / (none),(direct),遠雄房地產,/campaign/,4,4,4,1,0
(direct) / (none),(direct),存房三部曲,/campaign/index.html,4,4,1,0.25,40.75
(not set),(not set),加入我們｜探索職涯發展，與遠雄共同翻轉未來，開創職涯新高峰,/career_development/,4,4,0,0,0.25
gdn / hm2,0602GDN,熱銷建案：全台預售屋與新成屋一覽，遠雄房地產助您尋獲理想好宅,/case/,4,4,5,1.25,7.25
line-lap / dh6,1,熱銷建案：全台預售屋與新成屋一覽，遠雄房地產助您尋獲理想好宅,/case/,4,4,4,1,19.5
(not set),20260813一輪播,熱銷建案：全台預售屋與新成屋一覽，遠雄房地產助您尋獲理想好宅,/case/,4,4,3,0.75,0
(not set),20260828一輪播,熱銷建案：全台預售屋與新成屋一覽，遠雄房地產助您尋獲理想好宅,/case/,4,4,4,1,1.75
gdn / hm2,4-2pmaxv2,熱銷建案：全台預售屋與新成屋一覽，遠雄房地產助您尋獲理想好宅,/case/,4,4,4,1,14
google / cpc,RSH1-買房字,熱銷建案：全台預售屋與新成屋一覽，遠雄房地產助您尋獲理想好宅,/case/,4,4,8,2,7.75
google / cpc,brand0701,熱銷建案：全台預售屋與新成屋一覽，遠雄房地產助您尋獲理想好宅,/case/,4,4,4,1,6.75
farglory.com.tw / referral,(referral),熱銷建案一覽：遠雄全台預售屋、新建案與新成屋，尋獲理想家園,/case/search/,4,4,6,1.5,11.75
google_kw / hm2,202607,熱銷建案一覽：遠雄全台預售屋、新建案與新成屋，尋獲理想家園,/case/search/,4,4,6,1.5,20.5
google / cpc,brand0701,熱銷建案一覽：遠雄全台預售屋、新建案與新成屋，尋獲理想家園,/case/search/,4,4,10,2.5,31.75
fb / h713,leads,熱銷建案一覽：遠雄全台預售屋、新建案與新成屋，尋獲理想家園,/case/search/,4,4,11,2.75,40
google / cpc,othercities_brand,熱銷建案一覽：遠雄全台預售屋、新建案與新成屋，尋獲理想家園,/case/search/,4,4,9,2.25,21.25
bing / organic,(organic),熱銷建案一覽：遠雄全台預售屋、新建案與新成屋，尋獲理想家園,/case/search/page/2/,4,4,6,1.5,17.75
line-lap / bh13,lap-2,熱銷建案一覽：遠雄全台預售屋、新建案與新成屋，尋獲理想家園,/case/search/sales_status/coming-soon/,4,4,4,1,65.75
google / cpc,(organic),熱銷建案一覽：遠雄全台預售屋、新建案與新成屋，尋獲理想家園,/case/search/sales_status/hot-sale/,4,4,4,1,13
(direct) / (none),(direct),遠雄智慧二代宅‧成就所有可能-遠雄房地產,/farglory-realty-about/second-generation/,4,4,4,1,0.75
(direct) / (none),(direct),遠雄 THE ONE | 數位意向書-遠雄房地產 Farglory-Realty,/form/result/complete,4,4,4,1,33
(direct) / (none),(direct),找不到頁面 - 遠雄房地產,/https://www.farglory-realty.com.tw/,4,4,4,1,6.25
(direct) / (none),(direct),找不到頁面 - 遠雄房地產,/https://www.farglory-realty.com.tw/buildings/dh2/,4,4,4,1,4.25
(direct) / (none),(direct),找不到頁面 - 遠雄房地產,/https://www.farglory-realty.com.tw/make_appointment/,4,4,4,1,4.75
LINE-Liff / bh11,202607-AI,遠雄房地產,/integrate,4,4,8,2,0.75
fgr-line / fgr,生活提案,遠雄房地產,/integrate,4,4,12,3,0
(direct) / (none),(direct),遠雄房地產,/integrate/,4,4,4,1,0
(direct) / (none),(direct),重購退稅 彙整 - 遠雄房地產,/life-proposal-tag/2、市場/2稅務政策相關/重購退稅/,4,4,4,1,2.25
google / organic,(organic),買房必看！如何挑選好建商？3招教你查建商評價、口碑與保固陷阱,/life-proposal/13856/,4,4,4,1,43.5
(direct) / (none),(direct),北士科商辦聚落核心！「聯上智科」坐落福國路首排，企業卡位科技門戶,/life-proposal/5vo1-news_tech-office/,4,4,4,1,40.75
google / organic,(organic),建案熱區巡禮：高雄三民區老市心新重劃，首購換屋都適宜 - 遠雄房地產,/life-proposal/area-l-kaohsiung-sanmin20220520/,4,4,4,1,9.75
(not set),(not set),為何首購族選擇北屯？交通、建設與重劃區一次看懂 | 建案熱區巡禮 - 遠雄房地產,/life-proposal/area-l-taichung-beitun20220520/,4,4,0,0,0
(direct) / (none),(direct),台北士林區巡禮：交通、觀光與都市再生並進，解析北士科發展願景,/life-proposal/area-l-taipei-shilin20220520/,4,4,5,1.25,8.5
(direct) / (none),(direct),建案熱區巡禮：中壢人都說自己不算桃園人？自成一格的幸福日常 - 遠雄房地產,/life-proposal/area-l-taoyuan-zhongli20220520/,4,4,4,1,86.75
google / organic,(organic),高雄三民中都重劃區-下一個隱富生態特區 | 建案熱區巡禮 - 遠雄房地產,/life-proposal/area-s-khh-central_20240502/,4,4,4,1,46.25
(not set),20260813一輪播,建案熱區巡禮：桃園小檜溪(青溪特區)舊商圈+眾多綠地的宜人生活 - 遠雄房地產,/life-proposal/area-s-taoyuan-green20220520/,4,4,1,0.25,11
google / organic,(organic),府中雙城計畫解析：串聯板橋古城與新城區，打造人本步行的城市軸線,/life-proposal/area-tph_banqiao_park_20240820/,4,4,5,1.25,55.75
google / organic,(organic),板橋府中與南雅學區指南：從明星國小、板橋高中到台藝大的完整文教資源,/life-proposal/area-tph_banqiao_school_20240902/,4,4,4,1,38.25
google / organic,台中梧棲,台中港市鎮重劃區發展解析：捷運藍線與產業園區總覽,/life-proposal/area-txg-port_function_20240103/,4,4,4,1,144
google / organic,(organic),台中港市鎮重劃區交通篇：解析捷運藍線、特五號道路與區域路網,/life-proposal/area-txg-port_traffic_20240120/,4,4,4,1,23.25
(not set),(not set),台中水湳經貿園區：智慧低碳創新五大專區，2025重大建設完工展望,/life-proposal/area-txg-shuinan_20231027/,4,4,0,0,0
google / organic,(organic),建案熱區巡禮：台中水湳經貿園區交通篇，解析轉運中心與捷運路網,/life-proposal/area-txg-shuinan_traffic_20240508/,4,4,5,1.25,48
google / organic,(organic),建案熱區巡禮：高雄三民區 - 交通篇 - 遠雄房地產,/life-proposal/area_hotspot_khh_sanmin_traffic_20230928/,4,4,4,1,16.75
google / cpc,brand,高雄預售屋入手指南：最新建案推薦、選房與區域優勢總整理 - 遠雄房地產,/life-proposal/area_presold-house-in-kaohsiung/,4,4,5,1.25,125.5
(direct) / (none),(direct),民法 18 歲成年新制上路！解析所得稅、房地合一與遺贈稅權益變化,/life-proposal/civil-law_20221125/,4,4,4,1,7.75
google / organic,(organic),混凝土與鋼筋品質嚴格把關！一次了解氯離子檢測、鋼筋續接器重要性,/life-proposal/concrete/,4,4,4,1,27.75
line-lap / bh5,(not set),遠房實價登錄,/,4,4,4,1,0
(direct) / (none),(direct),高雄科技核心起飛！楠梓R21都會公園站「遠雄蘴靚」3795坪指標案登場,/life-proposal/eh6-news/,4,4,4,1,29.5
(direct) / (none),(direct),居家用電安全須知：解析電氣火災肇因首位，建立安全用電生活習慣,/life-proposal/electrical-safety/,4,4,4,1,0
(not set),(not set),2025年北台灣房市潛力區域專題報導-10大優質投資區域分析｜何世昌觀點 - 遠雄房地產,/life-proposal/expert_hoshichang_northern-potential/,4,4,0,0,3
(not set),20260813一輪播,預售屋買賣契約簽約時應注意「契約審閱期」｜永然法律不動產專欄 - 遠雄房地產,/life-proposal/expert_law_y-rlee_contract_20250613/,4,4,3,0.75,16.25
(direct) / (none),(direct),借名登記的房地產，也可以作為遺產分割的標的嗎？ | 永然法律不動產專欄 - 遠雄房地產,/life-proposal/expert_law_y-rlee_nominee-inheritance/,4,4,4,1,6.25
chatgpt.com / ai-assistant,(ai-assistant),2026年預售市場一針見血的銷售與購買策略｜李同榮觀點 - 遠雄房地產,/life-proposal/expert_li_2026-housing-tips/,4,4,4,1,29.75
google / organic,(organic),2026年預售市場一針見血的銷售與購買策略｜李同榮觀點 - 遠雄房地產,/life-proposal/expert_li_2026-housing-tips/,4,4,4,1,124.75
(not set),20260805一輪播,AI 時代股房雙循環：李同榮解析股市與房市的財富接力邏輯,/life-proposal/expert_li_stock-housing-cycle/,4,4,4,1,133
(not set),(not set),2025 下半年台灣經濟怎麼走？台股、台幣一次解析｜財經M平方觀點 - 遠雄房地產,/life-proposal/expert_macromicro_2025econ_20250730/,4,4,0,0,0
bing / organic,(organic),全球超長債殖利率飆升：結構性壓力與長短期解方全解析｜財經M平方觀點 - 遠雄房地產,/life-proposal/expert_macromicro_global-bond-yields/,4,4,4,1,253.25
google / organic,(organic),全球超長債殖利率飆升：結構性壓力與長短期解方全解析｜財經M平方觀點 - 遠雄房地產,/life-proposal/expert_macromicro_global-bond-yields/,4,4,4,1,142
(not set),(not set),降息預期收斂！解析強韌經濟數據下的美元反彈，與非美貨幣後續走向,/life-proposal/expert_macromicro_mec_currency_20240521/,4,4,0,0,2.5
google / organic,(organic),美債殖利率創新高！三大面向解析後續走勢，掌握長債佈局價值,/life-proposal/expert_macromicro_mec_oil_20231125/,4,4,4,1,54.75
(direct) / (none),(direct),對等關稅下，新興亞洲將面臨哪些挑戰？｜財經M平方觀點 - 遠雄房地產,/life-proposal/expert_macromicro_tariffs-to-asia_20250528/,4,4,4,1,13.75
bing / organic,(organic),2026 房市脫鉤：住宅冷科技熱！解析量縮價穩下的雙軌發展,/life-proposal/expert_peizhen_2026-q2-housing-outlook/,4,4,4,1,33.75
(not set),(not set),2025房市回顧與2026盤整展望：政策與市場趨勢解析｜劉佩真觀點 - 遠雄房地產,/life-proposal/expert_peizhen_real-estate-2026/,4,4,0,0,2.5
(not set),(not set),從半導體崛起看大南方房市發展：南科超越竹科，S廊帶牽動地產布局,/life-proposal/expert_peizhen_south_trend_20231207/,4,4,0,0,2
(not set),(not set),人在國外想買房？簽約、貸款與登記注意事項，地政專家深度解析,/life-proposal/expert_zhu_buyhouse_abroad2_20240320/,4,4,0,0,0
(not set),(not set),預立遺囑必看！民法修法翻轉特留分、應繼分與數位化要件新趨勢,/life-proposal/expert_zhu_civil-law/,4,4,0,0,2.25
google / organic,(organic),繼承房產兄弟姊妹吵翻天？遺囑、登記與分配機制一次講清楚｜專家觀點地政篇 - 遠雄房地產,/life-proposal/expert_zhu_inherit-siblings_20250704/,4,4,4,1,210.5
(not set),(not set),沒小孩遺產給誰？朱智豪地政士揭秘：小心兄弟姊妹爭特留分,/life-proposal/expert_zhu_inheritance-safe/,4,4,0,0,0
socialmedia / fgr,fb20260123,[影音] 信託與產權設計術：資產管理、遺囑信託與節稅技巧｜專家觀點地政篇 - 遠雄房地產,/life-proposal/expert_zhu_video_trust/,4,4,4,1,8.25
(direct) / (none),(direct),水龍頭不給力？給水供水問題快速解法，管線堵塞與漏水簡易維修,/life-proposal/faucet-waterknowledge/,4,4,4,1,0
google / organic,(organic),水龍頭不給力？給水供水問題快速解法，管線堵塞與漏水簡易維修,/life-proposal/faucet-waterknowledge/,4,4,5,1.25,25.75
(not set),生活提案,樓高的秘密解析：樓層高度與淨高如何影響居住品質 - 遠雄房地產,/life-proposal/floor_height/,4,4,1,0.25,8
google / organic,(organic),預售屋 v.s 成屋 v.s 中古屋的差異與優缺點 - 遠雄房地產,/life-proposal/goodandbad_20221028/,4,4,4,1,60.75
(not set),(not set),驗屋與交屋必知注意事項？新手購屋必看，驗屋清單檢查表與交屋流程有哪些？,/life-proposal/home-inspection/,4,4,0,0,2.25
google / organic,(organic),南台灣最美藝術中心！內惟藝術中心坐落高美館園區，解析大美術館計畫,/life-proposal/kaohsiung-artplan-20220610/,4,4,5,1.25,44.25
bing / organic,(organic),私法人購屋限制懶人包：許可制四大用途規範，五年內不得移轉新制解析,/life-proposal/land_corporation/,4,4,4,1,15.75
(direct) / (none),(direct),買房對保是什麼？銀行貸款撥款流程詳解，掌握重點文件與作業時間,/life-proposal/land_documents/,4,4,4,1,6
google / organic,(organic),掌握驗屋五大項目！點交查驗、功能性檢查與驗屋報告修繕全攻略,/life-proposal/land_handover_check/,4,4,4,1,57.75
tw.search.yahoo.com / referral,(referral),社區營運：公設點交不求人！掌握檢查重點與流程，維護住戶權益,/life-proposal/land_public_utilities/,4,4,4,1,24.5
(not set),20260813一輪播,都市土地分區解析｜買房必看土地使用分區與建物用途全攻略 - 遠雄房地產,/life-proposal/land_zoning/,4,4,0,0,0
(not set),生活提案,都市土地分區解析｜買房必看土地使用分區與建物用途全攻略 - 遠雄房地產,/life-proposal/land_zoning/,4,4,1,0.25,59.5
google / organic,(organic),買房頭期款不夠怎麼辦？–「首購族看房買屋攻略」 - 遠雄房地產,/life-proposal/mortgage/,4,4,4,1,51.25
(not set),生活提案,記住銀行授信 5P 原則，首購族提高貸款成數與利率談判力的關鍵指南 - 遠雄房地產,/life-proposal/pre_mortgage_20221215/,4,4,0,0,7.75
google / organic,(organic),預售屋付款攻略：訂簽開、工程款到交屋，分階段減輕首購族壓力,/life-proposal/presale_payment_20221021/,4,4,4,1,25.75
(not set),20260828一輪播,附屬建物陽台、露臺、雨遮規定｜購屋前必知建築法規與容積計算 - 遠雄房地產,/life-proposal/regulations_20230317/,4,4,0,0,0
google / organic,生活提案,附屬建物陽台、露臺、雨遮規定｜購屋前必知建築法規與容積計算 - 遠雄房地產,/life-proposal/regulations_20230317/,4,4,5,1.25,18
google / organic,(organic),居家以線板、百葉窗打造「輕美式」：首購族小資女、小家庭舒壓輕鬆宅,/life-proposal/shutters-home-design/,4,4,4,1,22.25
(not set),(not set),抗酷暑 ! 室內空間降溫這樣做，植栽除了打造綠色空間也能降溫 - 遠雄房地產,/life-proposal/space_design_greencooldown_20240903/,4,4,0,0,0
google / organic,(organic),小客廳也能變身大空間！空間魔法大公開！ - 遠雄房地產,/life-proposal/space_furnish_livingroom_20231027/,4,4,4,1,58.25
google / organic,(organic),中古屋微改裝更節能！阻絕西曬、加強通風與隔熱建材選用全攻略,/life-proposal/space_furnish_saving_20231004/,4,4,4,1,78
(direct) / (none),(direct),家中石材泛黃、有裂痕怎麼救？石材保養與修繕建議，回復天然美觀,/life-proposal/stone-fix/,4,4,4,1,6.75
google / organic,(organic),打造安全居家防護網！扶手安裝、防滑設計與去除門檻，預防跌倒傷,/life-proposal/universal-design-home1-20220722/,4,4,4,1,17.25
teams.public.onecdn.static.microsoft / referral,(referral),買房必看周邊環境！解析嫌惡設施對房價影響，掌握不動產說明書關鍵,/life-proposal/unwanted20220610/,4,4,7,1.75,40.75
gdn / hm2,4-2pmaxv2,預約賞屋手機驗證 - 遠雄房地產,/mob_verify/,4,4,4,1,10.5
google / cpc,(referral),遠雄MetaLink科技園區 | 3700坪超旗艦 森態企業總部,/pagead/aclk,4,4,5,1.25,20.75
line-lap / dh6,1,守護個人資訊安全，一起保障您的隱私權益｜ 遠雄房地產,/privacy/,4,4,6,1.5,123
line-lap / wdh2,line-lap4-3,守護個人資訊安全，一起保障您的隱私權益｜ 遠雄房地產,/privacy/,4,4,4,1,9.75
line-lap / wdh2,line-lap4-3_600x400,守護個人資訊安全，一起保障您的隱私權益｜ 遠雄房地產,/privacy/,4,4,5,1.25,35.25
web-ltn / wdh2,web-ltn-7-1,守護個人資訊安全，一起保障您的隱私權益｜ 遠雄房地產,/privacy/,4,4,4,1,16.25
google / cpc,O1_品牌字_2025.0801,薛品涵業務個人介紹 - 遠雄THE ONE,/sales/O1/B4860/,4,4,5,1.25,13
google / cpc,information2,簡宇婕業務個人介紹 - 遠雄丰尚,/sales/bh11/G0993/,4,4,4,1,11.25
google / organic,(organic),林芸安業務個人介紹 - 遠雄樂元,/sales/bh7/B6129/,4,4,4,1,7.25
google / cpc,brand,吳函蓉業務個人介紹 - 遠雄樂元,/sales/bh7/G1220/,4,4,4,1,10
(direct) / (none),(direct),王韻涵業務個人介紹 - 遠雄山禾,/sales/dh2/G0275/,4,4,5,1.25,4.5
(direct) / (none),(direct),劉佳玲業務個人介紹 - 遠雄蘊合,/sales/dh6/G0600/,4,4,4,1,6
google / organic,(organic),許瑀秦業務個人介紹 - 遠雄蘊合,/sales/dh6/G1191/,4,4,4,1,5.5
google / cpc,brand,李之雅業務個人介紹 - 遠雄沐蘊,/sales/eh5/G0918/,4,4,4,1,12.25
google / cpc,brand,陳雅清業務個人介紹 - 遠雄沐蘊,/sales/eh5/G1249/,4,4,5,1.25,18.75
(direct) / (none),(direct),楊倩如業務個人介紹 - 遠雄蘴靚,/sales/eh6/G0259/,4,4,7,1.75,3.25
(direct) / (none),(direct),郭立涵業務個人介紹 - 遠雄蘴靚,/sales/eh6/G1292/,4,4,4,1,13.5
google / organic,(organic),柴銘竣業務個人介紹 - 遠雄蘴靚,/sales/eh6/G1300/,4,4,4,1,6.75
fb / fh2,lbs-sms202608,沈玉菁業務個人介紹 - 遠雄合雅,/sales/fh2/B5432/,4,4,4,1,33.75
(direct) / (none),(direct),楊靜茹業務個人介紹 - 遠雄合雅,/sales/fh2/G0107/,4,4,5,1.25,20.5
google / organic,(organic),黃紫嵐業務個人介紹 - 遠雄合雅,/sales/fh2/G0632/,4,4,4,1,8.25
fb / fh2,lbs-sms202608,余蕙萍業務個人介紹 - 遠雄合雅,/sales/fh2/G1265/,4,4,4,1,3.75
(direct) / (none),(direct),黃䕒慧業務個人介紹 - 若水秧翠,/sales/rsh1/B5714/,4,4,4,1,7.75
fb / wdh2,lbs-sms202608,陳媚珍業務個人介紹 - 天母蒔麗,/sales/wdh2/G0657/,4,4,6,1.5,19.75
facebook.com / referral,(referral),遠雄房地產服務條款暨隱私權聲明｜保障您的個人資訊與使用權益,/terms-of-service_and_privacy/,4,4,4,1,5
fb / wdh2,privacy,遠雄房地產服務條款暨隱私權聲明｜保障您的個人資訊與使用權益,/terms-of-service_and_privacy/,4,4,4,1,2.25
(direct) / (none),(direct),遠雄百富住戶分享：陳氏姊妹的品味生活，見證質感建築與宜居價值,/wom-recommendation/h100_chen_sisters/,4,4,4,1,0.25
google / organic,(organic),預約成功 - 遠雄房地產,/預約成功感謝頁/,4,4,4,1,15.75
tw.search.yahoo.com / referral,(referral),【遠雄北府苑】｜台南首座全齡通用認證宅，爭藏絕版，市心重劃，稀有2-4房,/,3,4,3,1,49.666666666666664
tw.images.search.yahoo.com / referral,(referral),遠房實價登錄,/,3,4,5,1.6666666666666667,0
LINE-Liff / bh11,202607-AI,遠房實價登錄,/,3,4,7,2.3333333333333335,0
line-lap / 5vo1,7-4,遠雄房地產：最懂生活的購屋專家｜卓越建築品質，圓滿您的家,/,3,4,7,2.3333333333333335,49
web / bh11,popup_ai_202608,遠雄房地產：最懂生活的購屋專家｜卓越建築品質，圓滿您的家,/,3,4,6,2,26
(not set),20260813一輪播,活動報報：遠雄房地產最新活動一覽！掌握即時公告與專屬住戶驚喜,/activity_report/,3,4,4,1.3333333333333333,3.6666666666666665
(not set),20260805一輪播,活動一覽：精選全台建案活動與會員專屬好禮，掌握第一手購屋優惠,/activity_report/activities_glance/,3,4,3,1,15.666666666666666
google / organic,(organic),遠雄明玥 | 北士科水岸新生活．2000坪全街廓，只蓋一棟｜25-46坪-蔡定誠-遠雄房地產 Farglory-Realty,/ah1/b4720,3,4,4,1.3333333333333333,31.333333333333332
fb / fh2,lbs-sms202608,重劃區相關預售屋/新成屋/新建案資料|遠雄房地產,/building-tag/build-tag-plan/,3,4,4,1.3333333333333333,43.666666666666664
google_gdn / 5vo1,7-4,"[Linked Smart Technology] Core of the Huida Axis | First Row of Beishike Fuguo Road, Pure Commercial and Office Landmark, Compliant with ESG Indicators | Schedule a Prestigious Appreciation of Linked Smart Technology by Farglory Real Estate",/buildings/5vo1/,3,4,3,1,8.333333333333334
google / cpc,7-4,【聯上智科】輝達軸線核心｜北士科福國路首排，純商辦地標，符合ESG指標｜預約尊榮鑑賞 遠雄房地產 聯上智科,/buildings/5vo1/,3,4,4,1.3333333333333333,6.666666666666667
line-lap / ah1,lap-2,北士科建案【遠雄明玥】2000坪全街廓只蓋一棟．25-46坪,/buildings/ah1/,3,4,4,1.3333333333333333,0
line-lap / bh10,line-lap202511-3,北屯敦富路【遠雄敦富】- 北屯機捷預售屋．近好市多,/buildings/bh10/,3,4,4,1.3333333333333333,7.333333333333333
line-lap / bh10,line-lap7-3,北屯敦富路【遠雄敦富】- 北屯機捷預售屋．近好市多,/buildings/bh10/,3,4,3,1,0
google / cpc,20260206-2-4,遠雄14期首發【遠雄丰尚】北屯新案．近漢神洲際百貨,/buildings/bh11/,3,4,4,1.3333333333333333,0
google / cpc,gdn-4,(1) 封未讀訊息 | 台中七期．在夏綠地，典藏最優雅的【夏綠蒂】25-38坪,/buildings/bh13/,3,4,0,0,140
chatgpt.com / ai-assistant,(ai-assistant),台中七期．在夏綠地，典藏最優雅的【夏綠蒂】25-38坪,/buildings/bh13/,3,4,4,1.3333333333333333,95.33333333333333
console-v2.omnichat.ai / referral,(referral),台中七期．在夏綠地，典藏最優雅的【夏綠蒂】25-38坪,/buildings/bh13/,3,4,5,1.6666666666666667,2
(not set),20260805一輪播,台中七期．在夏綠地，典藏最優雅的【夏綠蒂】25-38坪,/buildings/bh13/,3,4,5,1.6666666666666667,39
webnews / bh5,1120614,遠雄琉蘊 -台中市西屯區七期預售屋/新建案-預約賞屋，遠雄房地產,/buildings/bh5/,3,4,4,1.3333333333333333,4.333333333333333
fb / bh5,privacy,遠雄琉蘊 -台中市西屯區七期預售屋/新建案-預約賞屋，遠雄房地產,/buildings/bh5/,3,4,4,1.3333333333333333,60.333333333333336
sms / aep-cdp,CRM-001-D,【遠雄樂元】北屯機捷X好市多，雙首排大道最核心，夠近才最好,/buildings/bh7/,3,4,4,1.3333333333333333,0.6666666666666666
google_kw / bh7,othercities_brand,【遠雄樂元】北屯機捷X好市多，雙首排大道最核心，夠近才最好,/buildings/bh7/,3,4,4,1.3333333333333333,10.333333333333334
line-lap / bh9,lap-5,水湳遠雄綠美：鄰近綠美圖與中央公園，入主智慧經貿特區預售屋,/buildings/bh9/,3,4,4,1.3333333333333333,0
bing / organic,(organic),大河商爵-台北市士林區廠辦/預售新建案-預約賞屋，遠創力行銷,/buildings/dgm1/,3,4,4,1.3333333333333333,41.333333333333336
(not set),20260805一輪播,台南永康遠雄山禾：鹽行特區3-4房，鄰商圈與交通樞紐的理想宅,/buildings/dh2/,3,4,4,1.3333333333333333,11.666666666666666
tw.search.yahoo.com / referral,(referral),高雄建案推薦【遠雄峰蘊】- 三民區預售屋．近科工館,/buildings/eh1/,3,4,5,1.6666666666666667,60.666666666666664
(not set),20260805一輪播,遠雄合雅｜板橋之心・合院之上｜2~4房．24~66坪,/buildings/fh2/,3,4,2,0.6666666666666666,44.666666666666664
leju / h713,lejupage,遠雄幸福成｜全新落成 - 台中市梧棲區新成屋-預約賞屋，遠雄房地產,/buildings/h713/,3,4,4,1.3333333333333333,30.666666666666668
gdn / hm2,1204G,遠雄MetaLink科技園區 | 3700坪超旗艦 森態企業總部,/buildings/hm2/,3,4,4,1.3333333333333333,0
line / rsh1,line-lap1-4,若水秧翠｜東京視野・頂埔門牌｜1~3房．20~42坪,/buildings/rsh1/,3,4,4,1.3333333333333333,0.3333333333333333
(direct) / (none),(direct),找不到頁面 - 遠雄房地產,/buildings/shqmo01/,3,4,5,1.6666666666666667,4
LINE-Liff / bh8,202607-AI,遠雄房地產,/campaign,3,4,4,1.3333333333333333,0
fb / bh13,11,熱銷建案一覽：遠雄全台預售屋、新建案與新成屋，尋獲理想家園,/case/search/page/2/,3,4,4,1.3333333333333333,49
google / organic,(organic),顧客資料表,/customInfo_V2.html,3,4,11,3.6666666666666665,25.333333333333332
(not set),20260618一輪播,遠雄房地產,/ebook,3,4,4,1.3333333333333333,0
youtube / fgr,expert_zhu_legal-reserve,遠雄房地產官方LINE,/ebook,3,4,3,1,10.666666666666666
fgr-line / fgr,生活提案,遠雄房地產官方LINE,/ebook,3,4,8,2.6666666666666665,4.666666666666667
(not set),20260813一輪播,國家級的建築肯定-遠雄房地產,/farglory-realty-about/national-building/,3,4,1,0.3333333333333333,1
google / cpc,WDH2-買房字,國家級的建築肯定-遠雄房地產,/farglory-realty-about/national-building/,3,4,7,2.3333333333333335,6
(direct) / (none),(direct),遠雄 THE ONE | 數位意向書-遠雄房地產 Farglory-Realty,/form/cancel,3,4,5,1.6666666666666667,5.333333333333333
(direct) / (none),(direct),遠雄 THE ONE | 數位意向書-遠雄房地產 Farglory-Realty,/form/preview_legal/31,3,4,5,1.6666666666666667,66
BenchmarkEmail / email,Aug_24_2026_Email,預售屋簽約注意事項｜解析產權、契約審閱期與交屋保留款尾款防陷阱,/jun2026/,3,4,8,2.6666666666666665,30.333333333333332
facebook.com / referral,(referral),北士科商辦聚落核心！「聯上智科」坐落福國路首排，企業卡位科技門戶,/life-proposal/5vo1-news_tech-office/,3,4,5,1.6666666666666667,2.3333333333333335
google / organic,(organic),台南中西區運河星鑽特區坐擁頂級水岸生活圈 | 建案熱區巡禮 - 遠雄房地產,/life-proposal/area-s-tainan_west-central_redevelop_diamond_20250502/,3,4,3,1,26.666666666666668
google / organic,(organic),板橋交通與商圈發展解析：三環六線樞紐、府中雙城與浮洲交通建設總覽,/life-proposal/area-tph_banqiao_traffic_20240905/,3,4,4,1.3333333333333333,242.33333333333334
google / organic,(organic),各國房地產全解析，一文讀懂不動產市場運作｜財經M平方觀點 - 遠雄房地產,/life-proposal/expert_macromicro_20230328/,3,4,5,1.6666666666666667,87
(not set),20260813一輪播,2026 下半年全球央行決策解析：聯準會、歐洲與日本央行的資產配置新思維,/life-proposal/expert_macromicro_market-analysis/,3,4,3,1,0.3333333333333333
google / organic,(organic),預立遺囑必看！民法修法翻轉特留分、應繼分與數位化要件新趨勢,/life-proposal/expert_zhu_civil-law/,3,4,4,1.3333333333333333,39.666666666666664
google / organic,(organic),遺產稅節稅攻略：不動產與保險規劃技巧解析,/life-proposal/expert_zhu_tax_inheritance_vedio_20240327/,3,4,4,1.3333333333333333,16.666666666666668
fgr-line / fgr,expert_zhu_video_delay,成屋延後交屋怎麼辦？地政士教你預告登記防風險,/life-proposal/expert_zhu_video_delay/,3,4,4,1.3333333333333333,14.666666666666666
google / organic,(organic),青年首購看過來：新青安貸款8大重點 - 遠雄房地產,/life-proposal/kw_load_youthload_20230928/,3,4,4,1.3333333333333333,13.666666666666666
google / organic,(organic),私法人購屋限制懶人包：許可制四大用途規範，五年內不得移轉新制解析,/life-proposal/land_corporation/,3,4,4,1.3333333333333333,138.33333333333334
(not set),生活提案,交屋到入住前不可不知！掌握驗屋、裝修與入厝流程，安心入住新家,/life-proposal/land_handover/,3,4,1,0.3333333333333333,0.6666666666666666
(not set),生活提案,權狀坪數與室內坪數差在哪？看懂買房坪數組成，首購族不再被混淆 - 遠雄房地產,/life-proposal/ping/,3,4,2,0.6666666666666666,5.666666666666667
google / organic,(organic),房地合一 2.0 稅率解析：避開 45% 重稅，長期置產先租後售策略,/life-proposal/reduce_property_20221215/,3,4,4,1.3333333333333333,17.666666666666668
(not set),20260813一輪播,看房注意事項有哪些？預售屋考察指標、挑選原則與簽約保障全攻略,/life-proposal/things-to-note-when-viewing-a-house-2/,3,4,4,1.3333333333333333,420.6666666666667
(not set),生活提案,購屋知識：買屋流程、稅法與貸款全攻略，遠雄房地產專業置產指引,/life_proposal/buying_knowledge/,3,4,11,3.6666666666666665,32
(direct) / (none),(direct),洪梓芸業務個人介紹 - 遠雄一靚,/sales/eh2/B5986/,3,4,4,1.3333333333333333,16
google / organic,(organic),楊靜茹業務個人介紹 - 遠雄合雅,/sales/fh2/G0107/,3,4,3,1,4.666666666666667
google / cpc,WDH2-品牌字,鄧娟業務個人介紹 - 天母蒔麗,/sales/wdh2/B2380/,3,4,4,1.3333333333333333,8.666666666666666
google / cpc,WDH2-品牌字,陳媚珍業務個人介紹 - 天母蒔麗,/sales/wdh2/G0657/,3,4,4,1.3333333333333333,13
mkto-sn070013.com / referral,(referral),買房防雷與產權保障全攻略：交易地雷、夫妻登記、履保與防詐騙指南,/sep2026/,3,4,4,1.3333333333333333,8
(not set),20260828一輪播,遠雄房地產精選預售屋(台北、新北、台中、桃園、台南、高雄) - 遠雄房地產,/building-category-tag/featured_pre_sale/,2,4,4,2,5.5
teams.public.onecdn.static.microsoft / referral,(referral),北屯敦富路【遠雄敦富】- 北屯機捷預售屋．近好市多,/buildings/bh10/,2,4,2,1,165
(not set),(not set),遠雄14期首發【遠雄丰尚】北屯新案．漢神洲際購物廣場350m,/buildings/bh11/,2,4,2,1,1.5
google / cpc,20250918,遠雄14期首發【遠雄丰尚】北屯新案．近漢神洲際百貨,/buildings/bh11/,2,4,4,2,1.5
google_kw / bh10,brand,台中七期．在夏綠地，典藏最優雅的【夏綠蒂】25-38坪,/buildings/bh13/,2,4,4,2,6
google_kw / h713,(organic),【遠雄樂元】北屯機捷X好市多，雙首排大道最核心，夠近才最好,/buildings/bh7/,2,4,4,2,10.5
line-lap / cqh1,lap-2,找不到頁面 - 遠雄房地產,/buildings/cqh1/,2,4,4,2,6.5
10.77.55.125 / referral,(referral),遠雄綠禾-台南市永康區新成屋/新建案-預約賞屋，遠雄房地產,/buildings/dh3/,2,4,5,2.5,12.5
gdn / hm2,0208,遠雄MetaLink科技園區 | 3700坪超旗艦 森態企業總部,/buildings/hm2/,2,4,4,2,0
(not set),20260813一輪播,遠雄THE ONE-高雄市前鎮區新成屋/新建案-預約賞屋,/buildings/o1/,2,4,5,2.5,129.5
google / cpc,brand,天母蒔麗｜15~25坪．1-2房｜北投行義路，近石牌站,/buildings/wdh2/,2,4,1,0.5,17.5
google / cpc,brand0701,熱銷建案一覽：遠雄全台預售屋、新建案與新成屋，尋獲理想家園,/case/search/page/2/,2,4,5,2.5,6
fb / h713,leads,熱銷建案一覽：遠雄全台預售屋、新建案與新成屋，尋獲理想家園,/case/search/page/2/,2,4,5,2.5,7.5
(direct) / (none),(direct),遠雄夏綠蒂 | 數位意向書-遠雄房地產 Farglory-Realty,/form/verify/KWNWZ1,2,4,4,2,45
(direct) / (none),(direct),遠雄夏綠蒂 | 數位意向書-遠雄房地產 Farglory-Realty,/form/verify/zGF5P2,2,4,7,3.5,44.5
google / organic,(organic),A建案-AI接待測試頁 - 遠雄房地產,/landing-page/aitest/,2,4,4,2,5
(not set),20260805一輪播,新竹市東區 - 以科技驅動的繁榮未來 | 建案熱區巡禮 - 遠雄房地產,/life-proposal/area-l-hsinchu-east20240110/,2,4,3,1.5,2.5
tw.search.yahoo.com / referral,(referral),買房前必查：銀行不會主動告訴你的「抵押權與順位」 | 專家觀點地政篇 - 遠雄房地產,/life-proposal/expert_zhu_mortgage-lien-priority/,2,4,3,1.5,159
(not set),20260805一輪播,交屋看仔細：常見糾紛與買方注意事項 - 遠雄房地產,/life-proposal/kw_delivery_20230607/,2,4,2,1,0
(not set),20260813一輪播,買房必看社區管理！從財報、公設維護到梯間雜物，評估管委會營運力,/life-proposal/land_rules/,2,4,3,1.5,70
(not set),20260813一輪播,預售屋履約保證懶人包：五種模式、成本與消費者權益保障全解析,/life-proposal/performance_guarantee_20221914/,2,4,1,0.5,16.5
(not set),生活提案,專家觀點：解析最新房市動向與購屋建議，遠雄房地產深度置產指引,/life_proposal/experts_point/,2,4,5,2.5,30
socialmedia / o1,(not set),遠雄THE ONE | 獨一無二極致生活 僅獻給每一位層峰,/,1,4,4,4,5
fgr-line / fgr,生活提案,遠雄房地產：最懂生活的購屋專家｜卓越建築品質，圓滿您的家,/,1,4,7,7,6
google / cpc,gdn11-3,大河商爵-台北市士林區廠辦/預售新建案-預約賞屋，遠創力行銷,/buildings/dgm1/,1,4,5,5,142
gdn / hm2,6-1pmax,天母蒔麗｜15~25坪．1-2房｜北投行義路，近石牌站,/buildings/wdh2/,1,4,3,3,199
line-lap / rsh1,line-lap4-5,顧客資料表,/customInfo_V2.html,1,4,6,6,30
gemini.google.com / ai-assistant,(ai-assistant),高雄亞洲新灣區千億建設到位！圖總、流音中心型塑豪宅聚落新指標,/life-proposal/area-s-kaohsiung-newbay_20220824/,1,4,4,4,32
excel.officeapps.live.com / referral,(referral),AI 時代股房雙循環：李同榮解析股市與房市的財富接力邏輯,/life-proposal/expert_li_stock-housing-cycle/,1,4,2,2,105
google / organic,(organic),[影音] 從總體經營環境來看2025下半年住宅與商用市場最新動態｜劉佩真觀點 - 遠雄房地產,/life-proposal/expert_peizhen_oee_2025h2/,1,4,3,3,0
(not set),生活提案,如何預防不動產詐騙？掌握地政便民服務，防止房屋被惡意移轉,/life-proposal/expert_zhu_property_scam_20240604/,1,4,3,3,57
utm_source= dsp / 5vo1,5-4,【聯上智科】輝達軸線核心｜北士科福國路首排，純商辦地標，符合ESG指標｜預約尊榮鑑賞 遠雄房地產 聯上智科,/buildings/5vo1/,0,4,4,null,null
google / cpc,gdn5-7,大河商爵-台北市士林區廠辦/預售新建案-預約賞屋，遠創力行銷,/buildings/dgm1/,0,4,4,null,null
teams.public.onecdn.static.microsoft / referral,(referral),社區綠建築標章有何好處？節能省電與環保優勢，打造健康永續宅,/life-proposal/ease_greenbuilding_20230608/,4,4,4,1,51.75
google / cpc,othercities_brand,遠雄14期首發【遠雄丰尚】北屯新案．漢神洲際購物廣場350m,/buildings/bh11/,3,3,3,1,3.3333333333333335
(not set),20260813一輪播,北士科商辦聚落核心！「聯上智科」坐落福國路首排，企業卡位科技門戶,/life-proposal/5vo1-news_tech-office/,0,3,3,null,null
instagram.com / referral,(referral),遠房實價登錄,/,3,3,3,1,0
line-lap / bh5,(referral),遠房實價登錄,/,3,3,3,1,0
threads / social,(referral),遠房實價登錄,/,3,3,3,1,0
gdn / hm2,0601GDN,遠房實價登錄,/,3,3,3,1,0
dm-np / bh5,1121226,遠房實價登錄,/,3,3,3,1,0
webnews / h713,11409,遠房實價登錄,/,3,3,3,1,0
ig / paid,120241173002890402,遠房實價登錄,/,3,3,3,1,0
fb / paid,120241579219260634,遠房實價登錄,/,3,3,3,1,0
fb / paid,120242233664400316,遠房實價登錄,/,3,3,3,1,0
fb / paid,120243863028150416,遠房實價登錄,/,3,3,5,1.6666666666666667,0
fb / paid,120250183077370316,遠房實價登錄,/,3,3,4,1.3333333333333333,0
fb / dh6,13,遠房實價登錄,/,3,3,3,1,0
fb / dh6,14,遠房實價登錄,/,3,3,3,1,0
web-udn / bh8,20241021,遠房實價登錄,/,3,3,3,1,0
google / cpc,20250718,遠房實價登錄,/,3,3,3,1,0
webnews / fm3,20260105,遠房實價登錄,/,3,3,3,1,0
fb / dh6,4,遠房實價登錄,/,3,3,3,1,0
line-lap / 5vo1,7-5,遠房實價登錄,/,3,3,3,1,0
web-sms / dh2,CRM-003-D,遠房實價登錄,/,3,3,3,1,0
google / cpc,Competitor,遠房實價登錄,/,3,3,5,1.6666666666666667,5.333333333333333
google / cpc,General_Industrial-Office,遠房實價登錄,/,3,3,4,1.3333333333333333,0
web-sms / dh2,ai_202606,遠房實價登錄,/,3,3,3,1,0
google / cpc,competitor0701,遠房實價登錄,/,3,3,5,1.6666666666666667,0
fb / evp,fanpage,遠房實價登錄,/,3,3,3,1,0
fb / dh2,fb-65,遠房實價登錄,/,3,3,3,1,0
fb / o1,fb30-1,遠房實價登錄,/,3,3,3,1,0
fb / bh8,fb31-1,遠房實價登錄,/,3,3,3,1,5
fb / bh8,fb32-2,遠房實價登錄,/,3,3,3,1,0
fb / rsh1,fb4-1videomaster,遠房實價登錄,/,3,3,4,1.3333333333333333,0
fb / fh2,fb7-2,遠房實價登錄,/,3,3,3,1,0
fb / fh2,fb7-3,遠房實價登錄,/,3,3,4,1.3333333333333333,0
fb / fh2,fb7-4,遠房實價登錄,/,3,3,3,1,0
fb / bh10,fbfanpage0612,遠房實價登錄,/,3,3,3,1,30
fb / wdh2,fbfanpage0801,遠房實價登錄,/,3,3,3,1,0
fg / button,fm3,遠房實價登錄,/,3,3,3,1,0
fb / eh5,form,遠房實價登錄,/,3,3,3,1,0
google_kw / bh7,googlemap,遠房實價登錄,/,3,3,4,1.3333333333333333,0
google_kw / bh10,information2,遠房實價登錄,/,3,3,3,1,0
google_kw / bh8,information2,遠房實價登錄,/,3,3,3,1,0
line-lap / bh9,lap-1,遠房實價登錄,/,3,3,3,1,0
line-lap / bh9,lap-2,遠房實價登錄,/,3,3,3,1,0
fb / eh2,leads,遠房實價登錄,/,3,3,3,1,0
leju / bh5,lejupage,遠房實價登錄,/,3,3,3,1,0
leju / h713,lejupage,遠房實價登錄,/,3,3,3,1,0
line-lap / fh2,line-lap12-2,遠房實價登錄,/,3,3,3,1,0
fb / eh5,park,遠房實價登錄,/,3,3,7,2.3333333333333335,0
google / cpc,site06,遠房實價登錄,/,3,3,3,1,0
google_kw / hm2,sitelink,遠房實價登錄,/,3,3,3,1,0
google_kw / rsh1,tucheng,遠房實價登錄,/,3,3,3,1,0
web-chinatimes / bh6,web-chinatimesCheng,遠房實價登錄,/,3,3,3,1,0
web-ettoday / bh6,web-ettodayCheng,遠房實價登錄,/,3,3,3,1,0
(direct) / (none),(direct),遠雄房地產,/,3,3,3,1,2.6666666666666665
chatgpt.com / ai-assistant,(ai-assistant),遠雄房地產：最懂生活的購屋專家｜卓越建築品質，圓滿您的家,/,3,3,3,1,3.6666666666666665
(data not available),(cross-network),遠雄房地產：最懂生活的購屋專家｜卓越建築品質，圓滿您的家,/,3,3,3,1,5
bing / organic,(organic),遠雄房地產：最懂生活的購屋專家｜卓越建築品質，圓滿您的家,/,3,3,3,1,7.333333333333333
fb / o1,(referral),遠雄房地產：最懂生活的購屋專家｜卓越建築品質，圓滿您的家,/,3,3,3,1,0
fb / bh13,120242354949540678,遠雄房地產：最懂生活的購屋專家｜卓越建築品質，圓滿您的家,/,3,3,4,1.3333333333333333,25
line-lap / ao1,20240809_8-1,遠雄房地產：最懂生活的購屋專家｜卓越建築品質，圓滿您的家,/,3,3,3,1,0
GDC / (not set),GDCmiddleeast,遠雄房地產：最懂生活的購屋專家｜卓越建築品質，圓滿您的家,/,3,3,3,1,0.6666666666666666
google / cpc,RSH1-地區字,遠雄房地產：最懂生活的購屋專家｜卓越建築品質，圓滿您的家,/,3,3,3,1,6
google / cpc,WDH2-品牌字,遠雄房地產：最懂生活的購屋專家｜卓越建築品質，圓滿您的家,/,3,3,4,1.3333333333333333,11.333333333333334
socialmedia / fgr,fb,遠雄房地產：最懂生活的購屋專家｜卓越建築品質，圓滿您的家,/,3,3,3,1,19.666666666666668
fb / h713,leads,遠雄房地產：最懂生活的購屋專家｜卓越建築品質，圓滿您的家,/,3,3,4,1.3333333333333333,31.666666666666668
google_kw / vg_h113,area,找不到頁面 - 遠雄房地產,/Build/Detail/H113,3,3,3,1,0
(direct) / (none),(direct),遠雄九五,/H88/main,3,3,3,1,4
tw.search.yahoo.com / referral,(referral),遠雄琢蘊,/H902/main,3,3,3,1,1.6666666666666667
(direct) / (none),(direct),ゲゲゲの鬼太郎 妖怪100物語」特展🎈 - 遠雄房地產,/activity-report/ucity_monster_20221221/,3,3,3,1,0
m.facebook.com / referral,(referral),遠雄明玥 | 北士科水岸新生活．2000坪全街廓，只蓋一棟｜25-46坪-蔡定誠-遠雄房地產 Farglory-Realty,/ah1/B4720,3,3,3,1,0
(direct) / (none),(direct),交屋全攻略：從產權防護、驗屋清單到屋型挑選的安心入住指南,/aug2026/,3,3,3,1,0
google / cpc,O1_特色字_2025.0801,遠雄房地產精選成屋(台北、新北、台中、桃園、台南、高雄) - 遠雄房地產,/building-category-tag/featured_existing_house/,3,3,3,1,7.666666666666667
google / cpc,O1_競品字_2025.0801,遠雄房地產精選成屋(台北、新北、台中、桃園、台南、高雄) - 遠雄房地產,/building-category-tag/featured_existing_house/,3,3,4,1.3333333333333333,5.666666666666667
fb / o1,fb27-1,遠雄房地產精選成屋(台北、新北、台中、桃園、台南、高雄) - 遠雄房地產,/building-category-tag/featured_existing_house/,3,3,3,1,40
gdn / hm2,0602GDN,精選廠辦 相關預售屋/新成屋/新建案資料|遠雄房地產,/building-category-tag/featured_factory_office/,3,3,3,1,6.333333333333333
google_kw / hm2,202608,精選廠辦 相關預售屋/新成屋/新建案資料|遠雄房地產,/building-category-tag/featured_factory_office/,3,3,6,2,35
google / cpc,(not set),遠雄房地產精選預售屋(台北、新北、台中、桃園、台南、高雄) - 遠雄房地產,/building-category-tag/featured_pre_sale/,3,3,5,1.6666666666666667,23.333333333333332
tw.search.yahoo.com / referral,(referral),遠雄房地產精選預售屋(台北、新北、台中、桃園、台南、高雄) - 遠雄房地產,/building-category-tag/featured_pre_sale/,3,3,3,1,23.666666666666668
fb / bh13,12,遠雄房地產精選預售屋(台北、新北、台中、桃園、台南、高雄) - 遠雄房地產,/building-category-tag/featured_pre_sale/,3,3,3,1,22
fb / paid,120229456515280138,遠雄房地產精選預售屋(台北、新北、台中、桃園、台南、高雄) - 遠雄房地產,/building-category-tag/featured_pre_sale/,3,3,3,1,18.333333333333332
fb / paid,120233718740630316,遠雄房地產精選預售屋(台北、新北、台中、桃園、台南、高雄) - 遠雄房地產,/building-category-tag/featured_pre_sale/,3,3,4,1.3333333333333333,5.333333333333333
fb / paid,120241579219260634,遠雄房地產精選預售屋(台北、新北、台中、桃園、台南、高雄) - 遠雄房地產,/building-category-tag/featured_pre_sale/,3,3,3,1,26
line-lap / eh2,20260701C,遠雄房地產精選預售屋(台北、新北、台中、桃園、台南、高雄) - 遠雄房地產,/building-category-tag/featured_pre_sale/,3,3,3,1,27
google / cpc,competing,遠雄房地產精選預售屋(台北、新北、台中、桃園、台南、高雄) - 遠雄房地產,/building-category-tag/featured_pre_sale/,3,3,3,1,26.666666666666668
google / cpc,competitor0701,遠雄房地產精選預售屋(台北、新北、台中、桃園、台南、高雄) - 遠雄房地產,/building-category-tag/featured_pre_sale/,3,3,3,1,8
fb / fh2,fb6-1,遠雄房地產精選預售屋(台北、新北、台中、桃園、台南、高雄) - 遠雄房地產,/building-category-tag/featured_pre_sale/,3,3,3,1,16.666666666666668
fb / wdh2,fb7-1,遠雄房地產精選預售屋(台北、新北、台中、桃園、台南、高雄) - 遠雄房地產,/building-category-tag/featured_pre_sale/,3,3,3,1,9.333333333333334
fb / bh7,fbpage,遠雄房地產精選預售屋(台北、新北、台中、桃園、台南、高雄) - 遠雄房地產,/building-category-tag/featured_pre_sale/,3,3,3,1,12
fb / eh5,form,遠雄房地產精選預售屋(台北、新北、台中、桃園、台南、高雄) - 遠雄房地產,/building-category-tag/featured_pre_sale/,3,3,4,1.3333333333333333,37.666666666666664
fb / eh2,leads,遠雄房地產精選預售屋(台北、新北、台中、桃園、台南、高雄) - 遠雄房地產,/building-category-tag/featured_pre_sale/,3,3,3,1,22
fb / fh2,leads,遠雄房地產精選預售屋(台北、新北、台中、桃園、台南、高雄) - 遠雄房地產,/building-category-tag/featured_pre_sale/,3,3,4,1.3333333333333333,9.666666666666666
google_kw / bh13,(organic),遠雄房地產精選預售屋(台北、新北、台中、桃園、台南、高雄) - 遠雄房地產,/building-category-tag/featured_pre_sale/page/2/,3,3,4,1.3333333333333333,15.333333333333334
google / cpc,gdn-4,遠雄房地產精選預售屋(台北、新北、台中、桃園、台南、高雄) - 遠雄房地產,/building-category-tag/featured_pre_sale/page/2/,3,3,4,1.3333333333333333,18.666666666666668
google / cpc,brand,綠建築相關預售屋/新成屋/新建案資料|遠雄房地產,/building-tag/build-tag-green/,3,3,3,1,39.333333333333336
(direct) / (none),(direct),公園宅相關預售屋/新成屋/新建案資料|遠雄房地產,/building-tag/build-tag-park/,3,3,3,1,6.333333333333333
google / cpc,O1_地區字_2025.0801,景觀宅 彙整 - 遠雄房地產,/building-tag/景觀宅/,3,3,3,1,9
gdn / hm2,0603GDN,【聯上智科】輝達軸線核心｜北士科福國路首排，純商辦地標，符合ESG指標｜預約尊榮鑑賞 遠雄房地產 聯上智科,/buildings/5vo1/,3,3,2,0.6666666666666666,0
google_gdn / 5vo1,202510-3,【聯上智科】輝達軸線核心｜北士科福國路首排，純商辦地標，符合ESG指標｜預約尊榮鑑賞 遠雄房地產 聯上智科,/buildings/5vo1/,3,3,3,1,0
google_kw / hm2,202603,【聯上智科】輝達軸線核心｜北士科福國路首排，純商辦地標，符合ESG指標｜預約尊榮鑑賞 遠雄房地產 聯上智科,/buildings/5vo1/,3,3,3,1,3.3333333333333335
line-lap / eh2,20260701B,【聯上智科】輝達軸線核心｜北士科福國路首排，純商辦地標，符合ESG指標｜預約尊榮鑑賞 遠雄房地產 聯上智科,/buildings/5vo1/,3,3,3,1,1
fb / 5vo1,260203,【聯上智科】輝達軸線核心｜北士科福國路首排，純商辦地標，符合ESG指標｜預約尊榮鑑賞 遠雄房地產 聯上智科,/buildings/5vo1/,3,3,3,1,0
google / cpc,5-2,【聯上智科】輝達軸線核心｜北士科福國路首排，純商辦地標，符合ESG指標｜預約尊榮鑑賞 遠雄房地產 聯上智科,/buildings/5vo1/,3,3,3,1,0
line-lap / rsh1,line-lap4-2,【聯上智科】輝達軸線核心｜北士科福國路首排，純商辦地標，符合ESG指標｜預約尊榮鑑賞 遠雄房地產 聯上智科,/buildings/5vo1/,3,3,3,1,2
line-lap / wdh2,line-lap4-2,【聯上智科】輝達軸線核心｜北士科福國路首排，純商辦地標，符合ESG指標｜預約尊榮鑑賞 遠雄房地產 聯上智科,/buildings/5vo1/,3,3,3,1,2.3333333333333335
line-lap / wdh2,line-lap4-3_600x400,【聯上智科】輝達軸線核心｜北士科福國路首排，純商辦地標，符合ESG指標｜預約尊榮鑑賞 遠雄房地產 聯上智科,/buildings/5vo1/,3,3,5,1.6666666666666667,5.333333333333333
google_kw / fm3,storage,【聯上智科】輝達軸線核心｜北士科福國路首排，純商辦地標，符合ESG指標｜預約尊榮鑑賞 遠雄房地產 聯上智科,/buildings/5vo1/,3,3,4,1.3333333333333333,7
gdn / 8fxz11,20250210b,找不到頁面 - 遠雄房地產,/buildings/8fxz11/,3,3,3,1,0
fb / 8fxz11,20250520_5-2,找不到頁面 - 遠雄房地產,/buildings/8fxz11/,3,3,3,1,2.6666666666666665
facebook.com / referral,(referral),北士科建案【遠雄明玥】2000坪全街廓只蓋一棟．25-46坪,/buildings/ah1/,3,3,3,1,0.3333333333333333
ig / paid,120241218914510402,北士科建案【遠雄明玥】2000坪全街廓只蓋一棟．25-46坪,/buildings/ah1/,3,3,3,1,1
google / cpc,WDH2-地區字北投,北士科建案【遠雄明玥】2000坪全街廓只蓋一棟．25-46坪,/buildings/ah1/,3,3,3,1,30
google / cpc,WDH2-買房字,北士科建案【遠雄明玥】2000坪全街廓只蓋一棟．25-46坪,/buildings/ah1/,3,3,3,1,15.333333333333334
web-ltn / wdh2,web-ltn-7-1,北士科建案【遠雄明玥】2000坪全街廓只蓋一棟．25-46坪,/buildings/ah1/,3,3,4,1.3333333333333333,52.666666666666664
line-lap / ao1,20240410_4-3,找不到頁面 - 遠雄房地產,/buildings/ao1/,3,3,8,2.6666666666666665,0
(data not available),(cross-network),齊興_緻：北士科住宅預售屋，入主北投核心地段，立即預約賞屋,/buildings/ar1/,3,3,4,1.3333333333333333,22.666666666666668
tw.search.yahoo.com / referral,(referral),齊興_緻：北士科住宅預售屋，入主北投核心地段，立即預約賞屋,/buildings/ar1/,3,3,5,1.6666666666666667,57.333333333333336
(not set),20260813一輪播,齊興_緻：北士科住宅預售屋，入主北投核心地段，立即預約賞屋,/buildings/ar1/,3,3,3,1,0
google / cpc,Competitor,齊興_緻：北士科住宅預售屋，入主北投核心地段，立即預約賞屋,/buildings/ar1/,3,3,3,1,12
google_kw / bh13,(organic),北屯敦富路【遠雄敦富】- 北屯機捷預售屋．近好市多,/buildings/bh10/,3,3,5,1.6666666666666667,86
console-v2.omnichat.ai / referral,(referral),北屯敦富路【遠雄敦富】- 北屯機捷預售屋．近好市多,/buildings/bh10/,3,3,3,1,0.3333333333333333
instagram.com / referral,(referral),北屯敦富路【遠雄敦富】- 北屯機捷預售屋．近好市多,/buildings/bh10/,3,3,3,1,19
mkto-sn070013.com / referral,(referral),北屯敦富路【遠雄敦富】- 北屯機捷預售屋．近好市多,/buildings/bh10/,3,3,3,1,56.666666666666664
fb / bh10,fbfanpage0612,北屯敦富路【遠雄敦富】- 北屯機捷預售屋．近好市多,/buildings/bh10/,3,3,3,1,13
line / bh10,lineQA,北屯敦富路【遠雄敦富】- 北屯機捷預售屋．近好市多,/buildings/bh10/,3,3,3,1,12.333333333333334
mkto-sn070013.com / referral,(referral),遠雄14期首發【遠雄丰尚】北屯新案．漢神洲際購物廣場350m,/buildings/bh11/,3,3,3,1,26.333333333333332
gdn / hm2,0602GDN,遠雄14期首發【遠雄丰尚】北屯新案．漢神洲際購物廣場350m,/buildings/bh11/,3,3,4,1.3333333333333333,1.3333333333333333
(not set),20260828一輪播,遠雄14期首發【遠雄丰尚】北屯新案．漢神洲際購物廣場350m,/buildings/bh11/,3,3,3,1,0
google_kw / bh10,brand,遠雄14期首發【遠雄丰尚】北屯新案．漢神洲際購物廣場350m,/buildings/bh11/,3,3,3,1,14.333333333333334
fb / bh11,fanpagebutton,遠雄14期首發【遠雄丰尚】北屯新案．漢神洲際購物廣場350m,/buildings/bh11/,3,3,4,1.3333333333333333,36
line-lap / eh6,fb5-4,遠雄14期首發【遠雄丰尚】北屯新案．漢神洲際購物廣場350m,/buildings/bh11/,3,3,3,1,25
line-lap / bh13,lap-2,遠雄14期首發【遠雄丰尚】北屯新案．漢神洲際購物廣場350m,/buildings/bh11/,3,3,4,1.3333333333333333,19.333333333333332
fg / lifestyle,(not set),遠房實價登錄,/,3,3,3,1,0
fb / bh11,fbfanpage0506,遠雄14期首發【遠雄丰尚】北屯新案．近漢神洲際百貨,/buildings/bh11/,3,3,3,1,24.333333333333332
google / cpc,information4,遠雄14期首發【遠雄丰尚】北屯新案．近漢神洲際百貨,/buildings/bh11/,3,3,4,1.3333333333333333,33
google / cpc,gdn-4,"Di Zona Pembangunan Kembali ke-7 Taichung, di area Charlottenburg, terdapat koleksi hunian paling elegan, mulai dari 25 hingga 38 ping.",/buildings/bh13/,3,3,0,0,1.6666666666666667
google_kw / dh2,(organic),台中七期．在夏綠地，典藏最優雅的【夏綠蒂】25-38坪,/buildings/bh13/,3,3,3,1,24
yahoo / organic,(organic),台中七期．在夏綠地，典藏最優雅的【夏綠蒂】25-38坪,/buildings/bh13/,3,3,4,1.3333333333333333,39.666666666666664
fb / bh13,2,台中七期．在夏綠地，典藏最優雅的【夏綠蒂】25-38坪,/buildings/bh13/,3,3,3,1,2.3333333333333335
line-lap / dh6,2,台中七期．在夏綠地，典藏最優雅的【夏綠蒂】25-38坪,/buildings/bh13/,3,3,4,1.3333333333333333,3
line-lap / eh2,20260701C,台中七期．在夏綠地，典藏最優雅的【夏綠蒂】25-38坪,/buildings/bh13/,3,3,3,1,4.333333333333333
fb / bh13,3,台中七期．在夏綠地，典藏最優雅的【夏綠蒂】25-38坪,/buildings/bh13/,3,3,3,1,0
google / cpc,BH8-地區字,台中七期．在夏綠地，典藏最優雅的【夏綠蒂】25-38坪,/buildings/bh13/,3,3,3,1,22.333333333333332
line-lap / eh6,fb5-7,台中七期．在夏綠地，典藏最優雅的【夏綠蒂】25-38坪,/buildings/bh13/,3,3,3,1,44.333333333333336
fb / bh11,leads,台中七期．在夏綠地，典藏最優雅的【夏綠蒂】25-38坪,/buildings/bh13/,3,3,3,1,69.66666666666667
line-lap / rsh1,line-lap4-5,台中七期．在夏綠地，典藏最優雅的【夏綠蒂】25-38坪,/buildings/bh13/,3,3,3,1,0.3333333333333333
line-lap / bh2,20230227,找不到頁面 - 遠雄房地產,/buildings/bh2/,3,3,3,1,0
chatgpt.com / ai-assistant,(ai-assistant),遠雄琉蘊 -台中市西屯區七期預售屋/新建案-預約賞屋，遠雄房地產,/buildings/bh5/,3,3,4,1.3333333333333333,18.666666666666668
google_kw / h713,(organic),遠雄琉蘊 -台中市西屯區七期預售屋/新建案-預約賞屋，遠雄房地產,/buildings/bh5/,3,3,3,1,32
dm-np / bh5,1121226,遠雄琉蘊 -台中市西屯區七期預售屋/新建案-預約賞屋，遠雄房地產,/buildings/bh5/,3,3,3,1,19.333333333333332
google / cpc,competitor,遠雄琉蘊 -台中市西屯區七期預售屋/新建案-預約賞屋，遠雄房地產,/buildings/bh5/,3,3,4,1.3333333333333333,12.666666666666666
google / cpc,othercities_brand,遠雄琉蘊 -台中市西屯區七期預售屋/新建案-預約賞屋，遠雄房地產,/buildings/bh5/,3,3,4,1.3333333333333333,80.66666666666667
m.facebook.com / referral,(referral),【遠雄樂元】北屯機捷X好市多，雙首排大道最核心，夠近才最好,/buildings/bh7/,3,3,3,1,25
fb / bh7,11,【遠雄樂元】北屯機捷X好市多，雙首排大道最核心，夠近才最好,/buildings/bh7/,3,3,3,1,20
fb / bh7,20,【遠雄樂元】北屯機捷X好市多，雙首排大道最核心，夠近才最好,/buildings/bh7/,3,3,3,1,1.3333333333333333
fb / bh7,202508post,【遠雄樂元】北屯機捷X好市多，雙首排大道最核心，夠近才最好,/buildings/bh7/,3,3,3,1,4.666666666666667
(not set),20260618一輪播,【遠雄樂元】北屯機捷X好市多，雙首排大道最核心，夠近才最好,/buildings/bh7/,3,3,3,1,9
fb / bh7,21,【遠雄樂元】北屯機捷X好市多，雙首排大道最核心，夠近才最好,/buildings/bh7/,3,3,3,1,3.6666666666666665
fb / bh7,23,【遠雄樂元】北屯機捷X好市多，雙首排大道最核心，夠近才最好,/buildings/bh7/,3,3,3,1,0
google_kw / bh10,competitor-farglory,【遠雄樂元】北屯機捷X好市多，雙首排大道最核心，夠近才最好,/buildings/bh7/,3,3,3,1,30.333333333333332
google / cpc,corearea0701,【遠雄樂元】北屯機捷X好市多，雙首排大道最核心，夠近才最好,/buildings/bh7/,3,3,3,1,9.333333333333334
google_kw / h713,(organic),台中遠雄洄山行：2-4房方正格局，入主西屯生活圈的質感好宅,/buildings/bh8/,3,3,4,1.3333333333333333,45.666666666666664
web-udn / bh8,20241021,台中遠雄洄山行：2-4房方正格局，入主西屯生活圈的質感好宅,/buildings/bh8/,3,3,3,1,0
fg-line / ar1,20260724,台中遠雄洄山行：2-4房方正格局，入主西屯生活圈的質感好宅,/buildings/bh8/,3,3,3,1,37.333333333333336
(not set),20260805一輪播,台中遠雄洄山行：2-4房方正格局，入主西屯生活圈的質感好宅,/buildings/bh8/,3,3,3,1,58.666666666666664
google_kw / bh10,competitor-farglory,台中遠雄洄山行：2-4房方正格局，入主西屯生活圈的質感好宅,/buildings/bh8/,3,3,3,1,182
fgr-line / fgr,expert_zhu_tax-notice,台中遠雄洄山行：2-4房方正格局，入主西屯生活圈的質感好宅,/buildings/bh8/,3,3,5,1.6666666666666667,54.666666666666664
fb / bh8,fb31-1,台中遠雄洄山行：2-4房方正格局，入主西屯生活圈的質感好宅,/buildings/bh8/,3,3,3,1,24.333333333333332
fb / bh8,fb32-2,台中遠雄洄山行：2-4房方正格局，入主西屯生活圈的質感好宅,/buildings/bh8/,3,3,3,1,21.333333333333332
google_kw / bh8,information2,台中遠雄洄山行：2-4房方正格局，入主西屯生活圈的質感好宅,/buildings/bh8/,3,3,3,1,0
google_kw / hm2,sitelink,台中遠雄洄山行：2-4房方正格局，入主西屯生活圈的質感好宅,/buildings/bh8/,3,3,3,1,128.33333333333334
google / cpc,gdn-4,水湳遠雄綠美：鄰近綠美圖與中央公園，入主智慧經貿特區預售屋,/buildings/bh9/,3,3,5,1.6666666666666667,13.666666666666666
google / cpc,gdn-dgc-manufacturing,"Dahe Shangjue - Taipei City Shilin District Factory/Office Building/New Pre-sale Project - Schedule a Viewing Appointment, Far Eastern Marketing",/buildings/dgm1/,3,3,2,0.6666666666666666,154
facebook.com / referral,(referral),大河商爵-台北市士林區廠辦/預售新建案-預約賞屋，遠創力行銷,/buildings/dgm1/,3,3,3,1,7
fb / paid,120252430965910285,大河商爵-台北市士林區廠辦/預售新建案-預約賞屋，遠創力行銷,/buildings/dgm1/,3,3,3,1,80.33333333333333
google_kw / dgm1,General_Industrial-Office,大河商爵-台北市士林區廠辦/預售新建案-預約賞屋，遠創力行銷,/buildings/dgm1/,3,3,3,1,0
google_kw / dgm1,area_Industrial-Office,大河商爵-台北市士林區廠辦/預售新建案-預約賞屋，遠創力行銷,/buildings/dgm1/,3,3,3,1,0
fb / dgm1,fb20267-3,大河商爵-台北市士林區廠辦/預售新建案-預約賞屋，遠創力行銷,/buildings/dgm1/,3,3,3,1,0
fb / dgm1,fb5-7,大河商爵-台北市士林區廠辦/預售新建案-預約賞屋，遠創力行銷,/buildings/dgm1/,3,3,3,1,3.3333333333333335
google / cpc,gdn-pmax-manufacturing,大河商爵-台北市士林區廠辦/預售新建案-預約賞屋，遠創力行銷,/buildings/dgm1/,3,3,3,1,22.333333333333332
web-udn / dgm1,web-udn0818,大河商爵-台北市士林區廠辦/預售新建案-預約賞屋，遠創力行銷,/buildings/dgm1/,3,3,3,1,0
line-lap / dh2,12,台南永康遠雄山禾：鹽行特區3-4房，鄰商圈與交通樞紐的理想宅,/buildings/dh2/,3,3,3,1,0
(not set),20260813一輪播,台南永康遠雄山禾：鹽行特區3-4房，鄰商圈與交通樞紐的理想宅,/buildings/dh2/,3,3,3,1,53.333333333333336
web-sms / dh2,CRM-003-D,台南永康遠雄山禾：鹽行特區3-4房，鄰商圈與交通樞紐的理想宅,/buildings/dh2/,3,3,3,1,25.333333333333332
web-sms / dh2,ai_202606,台南永康遠雄山禾：鹽行特區3-4房，鄰商圈與交通樞紐的理想宅,/buildings/dh2/,3,3,3,1,30
fb / dh2,fb-65,台南永康遠雄山禾：鹽行特區3-4房，鄰商圈與交通樞紐的理想宅,/buildings/dh2/,3,3,3,1,35
console-v2.omnichat.ai / referral,(referral),【遠雄蘊合】千坪旗艦，親水生活｜收納中西區最美流動26-43坪．新案早鳥預約,/buildings/dh6/,3,3,3,1,3.6666666666666665
m.facebook.com / referral,(referral),【遠雄蘊合】千坪旗艦，親水生活｜收納中西區最美流動26-43坪．新案早鳥預約,/buildings/dh6/,3,3,3,1,23.666666666666668
line-lap / eh2,20260701A,【遠雄蘊合】千坪旗艦，親水生活｜收納中西區最美流動26-43坪．新案早鳥預約,/buildings/dh6/,3,3,3,1,11.333333333333334
fb / dh6,8,【遠雄蘊合】千坪旗艦，親水生活｜收納中西區最美流動26-43坪．新案早鳥預約,/buildings/dh6/,3,3,4,1.3333333333333333,0.6666666666666666
google / cpc,site04,【遠雄蘊合】千坪旗艦，親水生活｜收納中西區最美流動26-43坪．新案早鳥預約,/buildings/dh6/,3,3,4,1.3333333333333333,53
google / cpc,site06,【遠雄蘊合】千坪旗艦，親水生活｜收納中西區最美流動26-43坪．新案早鳥預約,/buildings/dh6/,3,3,3,1,25.333333333333332
web-sms / eh1,CRM-002-D,高雄建案推薦【遠雄峰蘊】- 三民區預售屋．近科工館,/buildings/eh1/,3,3,3,1,4
google / cpc,O1_地區字_2025.0801,高雄建案推薦【遠雄峰蘊】- 三民區預售屋．近科工館,/buildings/eh1/,3,3,3,1,7
fb / eh1,eh1fb,高雄建案推薦【遠雄峰蘊】- 三民區預售屋．近科工館,/buildings/eh1/,3,3,3,1,14.666666666666666
fb / eh5,park,高雄建案推薦【遠雄峰蘊】- 三民區預售屋．近科工館,/buildings/eh1/,3,3,5,1.6666666666666667,31
104.com.tw / referral,(referral),遠雄一靚：楠梓高大特區首發新案，2432坪大基地，早鳥預約諮詢中,/buildings/eh2/,3,3,3,1,14.333333333333334
line-lap / eh2,20251101,遠雄一靚：楠梓高大特區首發新案，2432坪大基地，早鳥預約諮詢中,/buildings/eh2/,3,3,4,1.3333333333333333,147
line-lap / 5vo1,7-4,遠雄一靚：楠梓高大特區首發新案，2432坪大基地，早鳥預約諮詢中,/buildings/eh2/,3,3,3,1,4
fb / eh2,fb13-2,遠雄一靚：楠梓高大特區首發新案，2432坪大基地，早鳥預約諮詢中,/buildings/eh2/,3,3,3,1,0
line-lap / rsh1,line-lap4-2_600x400,遠雄一靚：楠梓高大特區首發新案，2432坪大基地，早鳥預約諮詢中,/buildings/eh2/,3,3,4,1.3333333333333333,5
line-lap / rsh1,line-lap4-5,遠雄一靚：楠梓高大特區首發新案，2432坪大基地，早鳥預約諮詢中,/buildings/eh2/,3,3,3,1,4
webnews / eh2,moneyudn_202512,遠雄一靚：楠梓高大特區首發新案，2432坪大基地，早鳥預約諮詢中,/buildings/eh2/,3,3,3,1,2
google_kw / eh5,(not set),遠雄沐蘊-高雄市三民區預售屋/新建案-預約賞屋,/buildings/eh5/,3,3,3,1,0
(not set),20260805一輪播,遠雄沐蘊-高雄市三民區預售屋/新建案-預約賞屋,/buildings/eh5/,3,3,5,1.6666666666666667,7
google / cpc,O1_地區字_2025.0801,遠雄沐蘊-高雄市三民區預售屋/新建案-預約賞屋,/buildings/eh5/,3,3,3,1,47.333333333333336
google_kw / eh5,area,遠雄沐蘊-高雄市三民區預售屋/新建案-預約賞屋,/buildings/eh5/,3,3,3,1,0
fb / eh5,fb33-1,遠雄沐蘊-高雄市三民區預售屋/新建案-預約賞屋,/buildings/eh5/,3,3,3,1,0
lm.facebook.com / referral,(referral),遠雄蘴靚｜高雄楠梓新門戶｜捷運R21站旁｜3795坪豪闊基地,/buildings/eh6/,3,3,3,1,16.333333333333332
web-udn / eh6,20260612,遠雄蘴靚｜高雄楠梓新門戶｜捷運R21站旁｜3795坪豪闊基地,/buildings/eh6/,3,3,3,1,35
web / eh6,202608-lavie,遠雄蘴靚｜高雄楠梓新門戶｜捷運R21站旁｜3795坪豪闊基地,/buildings/eh6/,3,3,3,1,12.666666666666666
line-lap / 5vo1,7-1,遠雄蘴靚｜高雄楠梓新門戶｜捷運R21站旁｜3795坪豪闊基地,/buildings/eh6/,3,3,3,1,4.666666666666667
line-lap / 5vo1,7-4,遠雄蘴靚｜高雄楠梓新門戶｜捷運R21站旁｜3795坪豪闊基地,/buildings/eh6/,3,3,3,1,1
google / cpc,O1_品牌字_2025.0801,遠雄蘴靚｜高雄楠梓新門戶｜捷運R21站旁｜3795坪豪闊基地,/buildings/eh6/,3,3,3,1,65.33333333333333
google_kw / eh6,area,遠雄蘴靚｜高雄楠梓新門戶｜捷運R21站旁｜3795坪豪闊基地,/buildings/eh6/,3,3,3,1,0
fb / eh6,fb5-7,遠雄蘴靚｜高雄楠梓新門戶｜捷運R21站旁｜3795坪豪闊基地,/buildings/eh6/,3,3,3,1,2.3333333333333335
fb / eh6,fb6-1,遠雄蘴靚｜高雄楠梓新門戶｜捷運R21站旁｜3795坪豪闊基地,/buildings/eh6/,3,3,4,1.3333333333333333,0
line-lap / bh13,lap-1,遠雄蘴靚｜高雄楠梓新門戶｜捷運R21站旁｜3795坪豪闊基地,/buildings/eh6/,3,3,3,1,0
line-lap / bh13,lap-4,遠雄蘴靚｜高雄楠梓新門戶｜捷運R21站旁｜3795坪豪闊基地,/buildings/eh6/,3,3,3,1,1
google_kw / fm3,brand,遠雄合雅｜板橋之心・合院之上｜2~4房．24~66坪,/buildings/fh2/,3,3,3,1,50.333333333333336
fb / fh2,fb7-4,遠雄合雅｜板橋之心・合院之上｜2~4房．24~66坪,/buildings/fh2/,3,3,3,1,0
fb / fh2,fbfanpage0807,遠雄合雅｜板橋之心・合院之上｜2~4房．24~66坪,/buildings/fh2/,3,3,3,1,12.666666666666666
ig / social,ig,遠雄合雅｜板橋之心・合院之上｜2~4房．24~66坪,/buildings/fh2/,3,3,3,1,51.666666666666664
fb / paid,120243863028150416,遠雄信義CENTER-新北市板橋區廠辦.商辦/預售新建案-預約賞屋,/buildings/fm3/,3,3,3,1,69
fb / fm3,fb15-7,遠雄信義CENTER-新北市板橋區廠辦.商辦/預售新建案-預約賞屋,/buildings/fm3/,3,3,3,1,35
blogger / blogger,h102,找不到頁面 - 遠雄房地產,/buildings/h102,3,3,3,1,2
google_kw / h713,(organic),遠雄星呈-台中市清水區預售屋/新建案-預約賞屋，遠雄房地產,/buildings/h707/,3,3,4,1.3333333333333333,54
line-lap / h707,2,遠雄星呈-台中市清水區預售屋/新建案-預約賞屋，遠雄房地產,/buildings/h707/,3,3,3,1,0.3333333333333333
web-ettoday / h902,20220706,遠雄琢蘊-高雄市三民區預售屋/新建案-預約賞屋，遠雄房地產,/buildings/h902/,3,3,3,1,0
gdn / mdrive,H902,遠雄琢蘊-高雄市三民區預售屋/新建案-預約賞屋，遠雄房地產,/buildings/h902/,3,3,3,1,0
google / cpc,Sanmin,遠雄琢蘊-高雄市三民區預售屋/新建案-預約賞屋，遠雄房地產,/buildings/h902/,3,3,3,1,23.666666666666668
gdn / hm2,0601GDN,Taman Teknologi Farglory MetaLink | 3700-ping (sekitar 1630 meter persegi) Kantor Pusat Perusahaan Ramah Lingkungan Unggulan,/buildings/hm2/,3,3,2,0.6666666666666666,10
bing / organic,(organic),遠雄MetaLink科技園區 | 3700坪超旗艦 森態企業總部,/buildings/hm2/,3,3,7,2.3333333333333335,95
l.facebook.com / referral,(referral),遠雄MetaLink科技園區 | 3700坪超旗艦 森態企業總部,/buildings/hm2/,3,3,3,1,0
tw.search.yahoo.com / referral,(referral),遠雄MetaLink科技園區 | 3700坪超旗艦 森態企業總部,/buildings/hm2/,3,3,3,1,16.333333333333332
google / cpc,4-2pmaxv2,遠雄MetaLink科技園區 | 3700坪超旗艦 森態企業總部,/buildings/hm2/,3,3,3,1,0
google_gdn / 5vo1,7-1,遠雄MetaLink科技園區 | 3700坪超旗艦 森態企業總部,/buildings/hm2/,3,3,3,1,0
google_kw / fm3,brand,遠雄MetaLink科技園區 | 3700坪超旗艦 森態企業總部,/buildings/hm2/,3,3,3,1,8.333333333333334
google / cpc,sitelink,遠雄MetaLink科技園區 | 3700坪超旗艦 森態企業總部,/buildings/hm2/,3,3,3,1,4.666666666666667
bing / organic,(organic),遠雄THE ONE-高雄市前鎮區新成屋/新建案-預約賞屋,/buildings/o1/,3,3,3,1,40.666666666666664
zh.wikipedia.org / referral,(referral),遠雄THE ONE-高雄市前鎮區新成屋/新建案-預約賞屋,/buildings/o1/,3,3,7,2.3333333333333335,142
fb / o1,20250402_15-1,遠雄THE ONE-高雄市前鎮區新成屋/新建案-預約賞屋,/buildings/o1/,3,3,3,1,2.3333333333333335
fb / o1,20250422_21-1,遠雄THE ONE-高雄市前鎮區新成屋/新建案-預約賞屋,/buildings/o1/,3,3,3,1,0
fb / o1,fb30-2,遠雄THE ONE-高雄市前鎮區新成屋/新建案-預約賞屋,/buildings/o1/,3,3,3,1,1.6666666666666667
fb / o1,fb31-3,遠雄THE ONE-高雄市前鎮區新成屋/新建案-預約賞屋,/buildings/o1/,3,3,3,1,0.3333333333333333
line-lap / 5vo1,7-1,若水秧翠｜東京視野・頂埔門牌｜1~3房．20~42坪,/buildings/rsh1/,3,3,3,1,1
line-lap / 5vo1,7-4,若水秧翠｜東京視野・頂埔門牌｜1~3房．20~42坪,/buildings/rsh1/,3,3,3,1,2
fb / rsh1,fb8-2,若水秧翠｜東京視野・頂埔門牌｜1~3房．20~42坪,/buildings/rsh1/,3,3,3,1,2
fb / rsh1,fbfanpage0731,若水秧翠｜東京視野・頂埔門牌｜1~3房．20~42坪,/buildings/rsh1/,3,3,4,1.3333333333333333,11.333333333333334
fb / rsh1,fbfanpage0807,若水秧翠｜東京視野・頂埔門牌｜1~3房．20~42坪,/buildings/rsh1/,3,3,3,1,51.666666666666664
fb / rsh1,fbfanpage0808,若水秧翠｜東京視野・頂埔門牌｜1~3房．20~42坪,/buildings/rsh1/,3,3,3,1,2.3333333333333335
line-lap / wdh2,line-lap4-2_600x400,若水秧翠｜東京視野・頂埔門牌｜1~3房．20~42坪,/buildings/rsh1/,3,3,3,1,19.666666666666668
(not set),20260429一輪播,天母蒔麗｜15~25坪．1-2房｜北投行義路，近石牌站,/buildings/wdh2/,3,3,3,1,22.333333333333332
line-lap / 5vo1,7-1,天母蒔麗｜15~25坪．1-2房｜北投行義路，近石牌站,/buildings/wdh2/,3,3,3,1,0
line-lap / 5vo1,7-4,天母蒔麗｜15~25坪．1-2房｜北投行義路，近石牌站,/buildings/wdh2/,3,3,3,1,2
fb / wdh2,fbfanpage0822,天母蒔麗｜15~25坪．1-2房｜北投行義路，近石牌站,/buildings/wdh2/,3,3,3,1,4
google / cpc,gdn-4,天母蒔麗｜15~25坪．1-2房｜北投行義路，近石牌站,/buildings/wdh2/,3,3,3,1,54
fb / fh2,lbs-sms202608,天母蒔麗｜15~25坪．1-2房｜北投行義路，近石牌站,/buildings/wdh2/,3,3,4,1.3333333333333333,41.333333333333336
line-lap / rsh1,line-lap4-2_600x400,天母蒔麗｜15~25坪．1-2房｜北投行義路，近石牌站,/buildings/wdh2/,3,3,4,1.3333333333333333,4.333333333333333
stockfeel.farglory-land.com.tw / referral,(referral),遠雄夏沐-桃園市桃園區成屋/新建案-預約賞屋，遠雄房地產,/buildings/遠雄夏沐/,3,3,4,1.3333333333333333,6
ig / social,ig,遠雄夏沐-桃園市桃園區成屋/新建案-預約賞屋，遠雄房地產,/buildings/遠雄夏沐/,3,3,3,1,50.333333333333336
(not set),20260805一輪播,遠雄房地產,/campaign,3,3,3,1,0
fgr-line / fgr,expert_zhu_tax-notice,遠雄房地產,/campaign,3,3,3,1,0
line-fgr / bh7,linefgrbh7,遠雄房地產,/campaign,3,3,3,1,0
fgr-line / fgr,expert_zhu_tax-notice,遠雄房地產官方LINE,/campaign,3,3,3,1,102
line-fgr / bh7,linefgrbh7,遠雄房地產官方LINE,/campaign,3,3,3,1,84.66666666666667
(direct) / (none),(direct),0816黏土時鐘手作活動,/campaign/index.html,3,3,2,0.6666666666666666,30.333333333333332
google_kw / bh13,(organic),熱銷建案：全台預售屋與新成屋一覽，遠雄房地產助您尋獲理想好宅,/case/,3,3,3,1,8.666666666666666
line-lap / eh2,20260701C,熱銷建案：全台預售屋與新成屋一覽，遠雄房地產助您尋獲理想好宅,/case/,3,3,3,1,16.666666666666668
google / cpc,WDH2-品牌字,熱銷建案：全台預售屋與新成屋一覽，遠雄房地產助您尋獲理想好宅,/case/,3,3,4,1.3333333333333333,9
google / cpc,competing,熱銷建案：全台預售屋與新成屋一覽，遠雄房地產助您尋獲理想好宅,/case/,3,3,3,1,2.3333333333333335
ig / social,ig,熱銷建案：全台預售屋與新成屋一覽，遠雄房地產助您尋獲理想好宅,/case/,3,3,3,1,6.333333333333333
farglory-land.com.tw / referral,(referral),熱銷建案一覽：遠雄全台預售屋、新建案與新成屋，尋獲理想家園,/case/search/,3,3,13,4.333333333333333,39.666666666666664
fb / bh13,11,熱銷建案一覽：遠雄全台預售屋、新建案與新成屋，尋獲理想家園,/case/search/,3,3,7,2.3333333333333335,32
google / cpc,RSH1-競品字,熱銷建案一覽：遠雄全台預售屋、新建案與新成屋，尋獲理想家園,/case/search/,3,3,5,1.6666666666666667,39
google / cpc,area,熱銷建案一覽：遠雄全台預售屋、新建案與新成屋，尋獲理想家園,/case/search/,3,3,6,2,130.33333333333334
fb / o1,fb27-1,熱銷建案一覽：遠雄全台預售屋、新建案與新成屋，尋獲理想家園,/case/search/,3,3,3,1,10
fb / bh10,fbfanpage,熱銷建案一覽：遠雄全台預售屋、新建案與新成屋，尋獲理想家園,/case/search/,3,3,8,2.6666666666666665,20.333333333333332
google / cpc,lbs,熱銷建案一覽：遠雄全台預售屋、新建案與新成屋，尋獲理想家園,/case/search/,3,3,11,3.6666666666666665,35.333333333333336
fb / fh2,lbs-sms202608,熱銷建案一覽：遠雄全台預售屋、新建案與新成屋，尋獲理想家園,/case/search/,3,3,3,1,17.333333333333332
google / cpc,pmax,熱銷建案一覽：遠雄全台預售屋、新建案與新成屋，尋獲理想家園,/case/search/,3,3,3,1,5
google / cpc,(organic),熱銷建案一覽：遠雄全台預售屋、新建案與新成屋，尋獲理想家園,/case/search/building-category-tag/134/,3,3,3,1,24
google / organic,(organic),熱銷建案一覽：遠雄全台預售屋、新建案與新成屋，尋獲理想家園,/case/search/building-category-tag/134/,3,3,3,1,18.666666666666668
google / cpc,brand,熱銷建案一覽：遠雄全台預售屋、新建案與新成屋，尋獲理想家園,/case/search/building-category-tag/134/,3,3,3,1,10.666666666666666
google / organic,(organic),熱銷建案一覽：遠雄全台預售屋、新建案與新成屋，尋獲理想家園,/case/search/building-category-tag/135/,3,3,3,1,15.666666666666666
google / cpc,(organic),熱銷建案一覽：遠雄全台預售屋、新建案與新成屋，尋獲理想家園,/case/search/page/2/,3,3,7,2.3333333333333335,61
google_kw / fm3,brand,熱銷建案一覽：遠雄全台預售屋、新建案與新成屋，尋獲理想家園,/case/search/page/3/,3,3,3,1,18.666666666666668
google_kw / fm3,brand,熱銷建案一覽：遠雄全台預售屋、新建案與新成屋，尋獲理想家園,/case/search/page/4/,3,3,3,1,14
google_kw / fm3,brand,熱銷建案一覽：遠雄全台預售屋、新建案與新成屋，尋獲理想家園,/case/search/page/5/,3,3,5,1.6666666666666667,19.666666666666668
(data not available),(cross-network),熱銷建案一覽：遠雄全台預售屋、新建案與新成屋，尋獲理想家園,/case/search/sales_status/coming-soon/,3,3,3,1,25
google / cpc,brand0701,熱銷建案一覽：遠雄全台預售屋、新建案與新成屋，尋獲理想家園,/case/search/sales_status/coming-soon/,3,3,3,1,8
line-lap / rsh1,line-lap4-2_600x400,熱銷建案一覽：遠雄全台預售屋、新建案與新成屋，尋獲理想家園,/case/search/sales_status/coming-soon/,3,3,7,2.3333333333333335,32.666666666666664
web-ltn / wdh2,web-ltn-7-1,熱銷建案一覽：遠雄全台預售屋、新建案與新成屋，尋獲理想家園,/case/search/sales_status/coming-soon/,3,3,3,1,24
google / cpc,brand,熱銷建案一覽：遠雄全台預售屋、新建案與新成屋，尋獲理想家園,/case/search/sales_status/hot-sale/,3,3,4,1.3333333333333333,17.666666666666668
google / organic,(organic),(not set),/customInfo_V2.html,3,3,4,1.3333333333333333,0
(not set),20260429一輪播,遠雄房地產,/ebook,3,3,3,1,0
fgr-line / fgr,5vo1-news_tech-office,遠雄房地產,/ebook,3,3,4,1.3333333333333333,0
(not set),生活提案,遠雄房地產,/ebook,3,3,7,2.3333333333333335,0
(not set),20260429一輪播,遠雄房地產官方LINE,/ebook,3,3,3,1,31.666666666666668
(not set),20260618一輪播,遠雄房地產官方LINE,/ebook,3,3,3,1,0
google / cpc,brand,國家級的建築肯定-遠雄房地產,/farglory-realty-about/national-building/,3,3,4,1.3333333333333333,16.333333333333332
(direct) / (none),(direct),遠雄夏綠蒂 | 數位意向書-遠雄房地產 Farglory-Realty,/form/preview_legal/30,3,3,4,1.3333333333333333,9.666666666666666
(not set),20260702一輪播,遠雄房地產,/integrate,3,3,6,2,0
fgr-line / 5VO1,20260814,遠雄房地產,/integrate,3,3,8,2.6666666666666665,0
google_kw / h713,(referral),遠房實價登錄,/,3,3,3,1,0
(not set),(not set),新板特區 彙整 - 遠雄房地產,/life-proposal-tag/5、區域/1區域地段/縣市/新北市/板橋區/新板特區/,3,3,0,0,0
(not set),(not set),2022年十大建商出爐，品牌建商更重保固與售後服務 - 遠雄房地產,/life-proposal/2022branding_20230119/,3,3,0,0,0
(not set),(not set),高雄亞灣 5G AIoT 園區：結合台積電與微軟大廠，打造最強實證場域,/life-proposal/5g-aiot/,3,3,0,0,0
facebook.com / referral,(referral),北士科AI商辦首選【聯上智科】，享受輝達加持置產紅利,/life-proposal/5vo1-news/,3,3,5,1.6666666666666667,2.3333333333333335
google_kw / 5vo1,202604,北士科商辦聚落核心！「聯上智科」坐落福國路首排，企業卡位科技門戶,/life-proposal/5vo1-news_tech-office/,3,3,3,1,17.666666666666668
(not set),(not set),安藤忠雄展：建築是凝固的旅行！大師設計原點、清水模美學全解析,/life-proposal/adaoando-20200610/,3,3,0,0,0
google / organic,(organic),建案熱區巡禮：台南永康大灣重劃區 - 學區篇 - 遠雄房地產,/life-proposal/area-hotspot-tnn-dawan_school_20240303/,3,3,3,1,1.3333333333333333
gemini.google.com / ai-assistant,(ai-assistant),中和翻轉！萬大線與舊廠翻新紅利 | 建案熱區巡禮 - 遠雄房地產,/life-proposal/area-l-newtaipei-zhonghe_20220923/,3,3,3,1,25.333333333333332
(not set),(not set),台南中西區 – 文化交融與現代發展並進 | 建案熱區巡禮 - 遠雄房地產,/life-proposal/area-l-tainan-west-central_20250402/,3,3,0,0,0
(not set),(not set),台北 2050 願景向北：北投公辦都更與長照研發中心，建構適居環境,/life-proposal/area-l-taipei-beitou20220520/,3,3,0,0,0
(not set),(not set),北屯 11 期坐穩未來新都心：漢神巨蛋到位，解析台中最宜居質感生活圈,/life-proposal/area-s-taichung-11_20220916/,3,3,0,0,0
google / organic,(organic),建案熱區巡禮：台南中西區運河星鑽特區 - 綠地休憩篇 - 遠雄房地產,/life-proposal/area-tainan_west-central_redevelop_diamond_park_20250509/,3,3,3,1,17.333333333333332
(not set),(not set),北士科綠意生活圈：30 分鐘直達陽明山、天母步道，體驗河畔悠閒時光,/life-proposal/area-tpe-beitou_bstp_park_20240617/,3,3,0,0,0
(not set),20260828一輪播,建案熱區巡禮：北投士林科技園區 - 交通篇 - 遠雄房地產,/life-proposal/area-tpe-beitou_bstp_traffic_20240705/,3,3,0,0,0
bing / organic,(organic),台中港市鎮重劃區發展解析：捷運藍線與產業園區總覽,/life-proposal/area-txg-port_function_20240103/,3,3,3,1,32
google / organic,(organic),台中港重劃區公園地圖：鄰近梧棲漁港與大型綠地，海線休憩全攻略,/life-proposal/area-txg-port_park_20240111/,3,3,4,1.3333333333333333,28.666666666666668
google / organic,(organic),台中西屯美樂地計畫：人均綠地全台第二，智慧降溫打造宜居生態網絡,/life-proposal/area_hotspot_txg_xitun_park_20231129/,3,3,3,1,270
(not set),(not set),高雄預售屋入手指南：最新建案推薦、選房與區域優勢總整理 - 遠雄房地產,/life-proposal/area_presold-house-in-kaohsiung/,3,3,1,0.3333333333333333,1
tw.search.yahoo.com / referral,(referral),高雄預售屋入手指南：最新建案推薦、選房與區域優勢總整理 - 遠雄房地產,/life-proposal/area_presold-house-in-kaohsiung/,3,3,3,1,52
(not set),(not set),台南預售屋全攻略：最新行情、熱門區域房價與建案挑選祕訣,/life-proposal/area_presold-house-in-tainan/,3,3,0,0,0.6666666666666666
tw.search.yahoo.com / referral,(referral),A7重劃區發展潛力解析：交通建設、華亞科技園區與五大生活圈總覽,/life-proposal/area_taoyuan_guishan_a7_function/,3,3,4,1.3333333333333333,107.66666666666667
(not set),20260813一輪播,A7重劃區發展潛力解析：交通建設、華亞科技園區與五大生活圈總覽,/life-proposal/area_taoyuan_guishan_a7_function/,3,3,0,0,30.666666666666668
(direct) / (none),(direct),居家色彩魔法：室內設計配色指南！掌握空間比例打造質感美學生活,/life-proposal/color_20230509/,3,3,3,1,9.666666666666666
(direct) / (none),(direct),降低室內濕度怎麼做？房屋坐向、地理位置對空間濕度影響與除濕攻略,/life-proposal/dehumidifier/,3,3,3,1,8.666666666666666
(not set),(not set),掌握贈與控制權：享受安心退休生活，專業解析資產傳承與法律保障,/life-proposal/donated_property20220624/,3,3,0,0,3.6666666666666665
(not set),(not set),梅雨季居家除溼妙招：告別過敏與霉味，打造乾爽舒適健康宅,/life-proposal/ease_dehumidification_20230601/,3,3,0,0,0
(direct) / (none),(direct),新興市場韌性差異加劇，2025年怎麼走｜財經M平方觀點 - 遠雄房地產,/life-proposal/emerging-markets_20241217/,3,3,3,1,9.333333333333334
(not set),(not set),台灣房價高點趨緩？解析北市竹科走勢，以及新北桃園台中的剛需支撐,/life-proposal/expert_20230721_macromicro_korea/,3,3,0,0,0
(not set),(not set),空屋率高房價就會跌？揭開台灣房市「愈空愈貴」的結構真相,/life-proposal/expert_hoshichang_vacancy-rate/,3,3,0,0,0
(not set),20260813一輪播,未婚情侶合資買房在法律上要注意什麼｜永然法律不動產專欄 - 遠雄房地產,/life-proposal/expert_law_y-rlee_co-buying/,3,3,2,0.6666666666666666,210.66666666666666
(not set),(not set),預售屋買賣契約簽約時應注意「契約審閱期」｜永然法律不動產專欄 - 遠雄房地產,/life-proposal/expert_law_y-rlee_contract_20250613/,3,3,0,0,0
(not set),(not set),不動產防詐全攻略：地籍異動即時通與預防指南,/life-proposal/expert_law_y-rlee_property-fraud/,3,3,0,0,0
(not set),(not set),2025房市下跌趨勢中，預售屋進場全攻略｜李同榮觀點 - 遠雄房地產,/life-proposal/expert_li_7th-cycle_20250114/,3,3,0,0,0
(not set),(not set),AI 時代股房雙循環：李同榮解析股市與房市的財富接力邏輯,/life-proposal/expert_li_stock-housing-cycle/,3,3,0,0,0
fgr-line / fgr,expert_hoshichang_vacancy-rate,AI 時代股房雙循環：李同榮解析股市與房市的財富接力邏輯,/life-proposal/expert_li_stock-housing-cycle/,3,3,4,1.3333333333333333,48.333333333333336
(not set),(not set),俄烏衝突下的全球通膨：原物料價格飆漲，各國央行加速貨幣正常化,/life-proposal/expert_macromicro20220631/,3,3,0,0,0
(direct) / (none),(direct),台灣房市量價背離怎麼看？財經M平方解析供需逆轉下的後市觀察指標,/life-proposal/expert_macromicro20220826/,3,3,3,1,17.333333333333332
(not set),(not set),AI 產業下的投資機會：利潤轉移、能源競賽如何解讀 | 財經M平方觀點 - 遠雄房地產,/life-proposal/expert_macromicro_ai-invest/,3,3,0,0,0
(not set),(not set),人民幣貶破 7.3 關口！解析中國降準阻貶效應與經濟基本面轉折點,/life-proposal/expert_macromicro_mac_rmb_20230928/,3,3,0,0,0
(not set),(not set),關稅搶出口潮退去後，2025下半年製造業還有支撐嗎？｜財經M平方觀點 - 遠雄房地產,/life-proposal/expert_macromicro_mfg-h2_20250820/,3,3,0,0,0
google / organic,(organic),關稅搶出口潮退去後，2025下半年製造業還有支撐嗎？｜財經M平方觀點 - 遠雄房地產,/life-proposal/expert_macromicro_mfg-h2_20250820/,3,3,3,1,28
(direct) / (none),(direct),全球貨幣戰：穩定幣的發展與投資機會 | 財經M平方觀點 - 遠雄房地產,/life-proposal/expert_macromicro_stablecoin/,3,3,3,1,22
(not set),(not set),2024土地交易市場解析：重回成長軌道與2025三大支撐動態,/life-proposal/expert_peizhen_2024-land-deal_20241213/,3,3,0,0,0
(not set),(not set),2024 房市開紅盤？解析新青安、經濟好轉與製造業景氣對房產的推升力,/life-proposal/expert_peizhen_2024q1review_20240418/,3,3,0,0,0
(not set),(not set),2024年第三季房市景氣解析：住宅市況趨緩與商用不動產強勁表現,/life-proposal/expert_peizhen_2024q3review_20241001/,3,3,0,0,0
google / organic,(organic),2026房市觀測：住宅盤整量縮，Nvidia星艦效應點燃商辦,/life-proposal/expert_peizhen_2026-q1-market/,3,3,3,1,32.666666666666664
fgr-line / fgr,expert_hoshichang_vacancy-rate,2026 房市脫鉤：住宅冷科技熱！解析量縮價穩下的雙軌發展,/life-proposal/expert_peizhen_2026-q2-housing-outlook/,3,3,3,1,12.333333333333334
fgr-line / fgr,expert_peizhen_2026-q2-housing-outlook,2026 房市脫鉤：住宅冷科技熱！解析量縮價穩下的雙軌發展,/life-proposal/expert_peizhen_2026-q2-housing-outlook/,3,3,2,0.6666666666666666,99
(not set),(not set),[影音] 從總體經營環境來看2025下半年住宅與商用市場最新動態｜劉佩真觀點 - 遠雄房地產,/life-proposal/expert_peizhen_oee_2025h2/,3,3,0,0,0
gemini.google.com / ai-assistant,(ai-assistant),2025房市回顧與2026盤整展望：政策與市場趨勢解析｜劉佩真觀點 - 遠雄房地產,/life-proposal/expert_peizhen_real-estate-2026/,3,3,3,1,37.666666666666664
google / organic,(organic),房市低迷期的避風港：公辦都更與捷運聯開案的戰略價值｜劉佩真觀點 - 遠雄房地產,/life-proposal/expert_peizhen_tod-strategy-2026/,3,3,3,1,52.333333333333336
socialmedia / fgr,fb1101,預售屋契約書常見爭議與審閱要點：避開應記載與不得記載事項的陷阱,/life-proposal/expert_zhu_buyhouse_contract1_20240430//,3,3,5,1.6666666666666667,193.66666666666666
(not set),20260805一輪播,空屋稅的真相？房子閒置前你該考慮的事｜專家觀點地政篇 - 遠雄房地產,/life-proposal/expert_zhu_eht_20250625/,3,3,1,0.3333333333333333,0
(not set),(not set),[影音] 假結婚與房產繼承 - 五億遺產的法律爭奪戰｜專家觀點地政篇 - 遠雄房地產,/life-proposal/expert_zhu_fake-marriage-law/,3,3,0,0,1.6666666666666667
(not set),(not set),【2026 遺產稅修法】夫妻剩餘財產請求權：最強節稅利器，讓稅金直接對半砍！ - 遠雄房地產,/life-proposal/expert_zhu_inheritance-tax-2026-2/,3,3,0,0,0
(not set),20260813一輪播,【2026遺贈稅修法】資產傳承不踩雷！別讓擬制遺產害你背稅單 - 遠雄房地產,/life-proposal/expert_zhu_inheritance-tax-2026/,3,3,1,0.3333333333333333,9
(not set),20260813一輪播,頂客族遺產保衛戰！解析特留份修法趨勢與配偶繼承權益保障,/life-proposal/expert_zhu_legal-reserve/,3,3,4,1.3333333333333333,110
youtube / fgr,expert_zhu_legal-reserve,頂客族遺產保衛戰！解析特留份修法趨勢與配偶繼承權益保障,/life-proposal/expert_zhu_legal-reserve/,3,3,3,1,94.33333333333333
google / organic,生活提案,[影音] 婚前買房v.s婚後買房｜房子登記誰的名字好｜專家觀點地政篇 - 遠雄房地產,/life-proposal/expert_zhu_marriage_20230614/,3,3,3,1,102.66666666666667
socialmedia / fgr,fb1220,[影音] 你的買賣安全嗎？房屋產權必懂的謄本識讀、權狀跟身分查驗｜專家觀點地政篇 - 遠雄房地產,/life-proposal/expert_zhu_property_identity_vedio_20240229/,3,3,3,1,4.666666666666667
tw.search.yahoo.com / referral,(referral),法定空地可以約定專用嗎？解析產權共有原則、規約規範與權益保障,/life-proposal/expert_zhu_property_openspace_20240705/,3,3,3,1,52
google / organic,(organic),遠雄建設榮獲《網路口碑之星》ESG策略卓越獎，以AI與循環經濟引領永續新標竿 - 遠雄房地產,/life-proposal/fg-esg-strategy-2025/,3,3,3,1,12.666666666666666
(direct) / (none),(direct),自己的浴室自己修！水龍頭漏水與馬桶堵塞排除法，居家維修不求人,/life-proposal/fixbathroom/,3,3,3,1,0
m.facebook.com / referral,(referral),2026商用不動產衝破1588億！獵廠時代來臨，遠雄信義CENTER搶佔AI供應鏈商機,/life-proposal/fm2-hunt/,3,3,3,1,0
(not set),20260805一輪播,2026商用不動產衝破1588億！獵廠時代來臨，遠雄信義CENTER搶佔AI供應鏈商機,/life-proposal/fm2-hunt/,3,3,4,1.3333333333333333,9.666666666666666
(not set),(not set),贈與稅與遺產稅免稅額解析｜房產贈與、買賣、繼承怎麼選 - 遠雄房地產,/life-proposal/gift_tax/,3,3,0,0,1
(not set),20260828一輪播,贈與稅與遺產稅免稅額解析｜房產贈與、買賣、繼承怎麼選 - 遠雄房地產,/life-proposal/gift_tax/,3,3,0,0,0
(direct) / (none),(direct),從陽光、空氣、水解析健康住宅，防疫期間的居家新標配,/life-proposal/healthy-house1/,3,3,3,1,11
(direct) / (none),(direct),打造健康住宅！如何防止電磁波、甲醛與重金屬等居家有害物質,/life-proposal/healthy-house3-poison/,3,3,3,1,83
fgr-line / fgr,land_handover,驗屋與交屋必知注意事項？新手購屋必看，驗屋清單檢查表與交屋流程有哪些？,/life-proposal/home-inspection/,3,3,4,1.3333333333333333,19
(not set),20260805一輪播,換屋族必讀：房地合一稅與土地增值稅完整攻略 - 遠雄房地產,/life-proposal/house_and_land/,3,3,0,0,0
google / organic,(organic),從灌溉埤塘到城市綠帶：青埔橫山與青塘園，老桃園水利文化華麗轉身,/life-proposal/interview-s-taoyuan-qingshan_20230306/,3,3,3,1,95.33333333333333
(not set),(not set),南台灣最美藝術中心！內惟藝術中心坐落高美館園區，解析大美術館計畫,/life-proposal/kaohsiung-artplan-20220610/,3,3,0,0,0
google / organic,(organic),居家自煮保養術！超實用廚房設備清潔攻略，讓下廚夥伴久用如新,/life-proposal/kitchen/,3,3,4,1.3333333333333333,35.333333333333336
(direct) / (none),(direct),買房貸款成數怎麼看？掌握財力評估與借款流程，避免簽約後貸款不足,/life-proposal/land_bank_loan/,3,3,3,1,0
mkto-sn070013.com / referral,(referral),交屋到入住前不可不知！掌握驗屋、裝修與入厝流程，安心入住新家,/life-proposal/land_handover/,3,3,3,1,105.33333333333333
(not set),20260805一輪播,交屋到入住前不可不知！掌握驗屋、裝修與入厝流程，安心入住新家,/life-proposal/land_handover/,3,3,1,0.3333333333333333,78.66666666666667
(direct) / (none),(direct),居家燈具清潔與保養全攻略：延續燈具壽命，打造明亮舒適生活空間,/life-proposal/light/,3,3,3,1,0
google / organic,(organic),我該買房貸壽險嗎？解析優缺點與必要性，為家人撐起資產防護傘,/life-proposal/mortgage-insurance_20221021/,3,3,3,1,37
(direct) / (none),(direct),室內採光不足怎麼辦？五大採光妙招報你知，打造明亮通透居家感,/life-proposal/natural_lighting20220708/,3,3,3,1,12.333333333333334
(not set),(not set),什麼是北歐風？打造自然簡約的木質居所,/life-proposal/nordic_design_20221219/,3,3,0,0,0
(direct) / (none),(direct),購買預售屋注意事項：選房、契約與交屋驗收全攻略｜遠雄房地產,/life-proposal/notice_20230331/,3,3,3,1,0
google / organic,(organic),購買預售屋注意事項：選房、契約與交屋驗收全攻略｜遠雄房地產,/life-proposal/notice_20230331/,3,3,3,1,22.333333333333332
(not set),20260813一輪播,權狀坪數與室內坪數差在哪？看懂買房坪數組成，首購族不再被混淆 - 遠雄房地產,/life-proposal/ping/,3,3,0,0,0
google / organic,生活提案,權狀坪數與室內坪數差在哪？看懂買房坪數組成，首購族不再被混淆 - 遠雄房地產,/life-proposal/ping/,3,3,3,1,15
google_kw / bh10,taichung,預售屋付款方式有哪些？要準備多少錢？掌握付款5階段與注意事項,/life-proposal/pre-sale-house-payment-methods/,3,3,4,1.3333333333333333,108
(direct) / (none),(direct),預售屋有哪些優缺點？掌握購屋流程、注意事項，安心規劃成家藍圖,/life-proposal/pre-sale-property/,3,3,3,1,0
google / organic,(organic),預售屋有哪些優缺點？掌握購屋流程、注意事項，安心規劃成家藍圖,/life-proposal/pre-sale-property/,3,3,5,1.6666666666666667,23
(not set),(not set),桃園青埔為何受矚目？航空城計畫、高鐵門戶與會展中心帶動產業進駐,/life-proposal/qingpu/,3,3,0,0,0
tw.search.yahoo.com / referral,(referral),樓梯間與梯廳公共設施：建築法規與容積計算完整解析 - 遠雄房地產,/life-proposal/regulations2_20230320/,3,3,4,1.3333333333333333,91.66666666666667
google / organic,生活提案,樓梯間與梯廳公共設施：建築法規與容積計算完整解析 - 遠雄房地產,/life-proposal/regulations2_20230320/,3,3,3,1,137
(not set),20260805一輪播,附屬建物陽台、露臺、雨遮規定｜購屋前必知建築法規與容積計算 - 遠雄房地產,/life-proposal/regulations_20230317/,3,3,0,0,0
google / organic,(organic),包租代管懶人包：流程、優缺點及補助詳解，輕鬆打造被動收入,/life-proposal/rental_housing_20230106/,3,3,3,1,69.33333333333333
bing / organic,(organic),2025 超高齡社會來臨！養生村、老人公寓與青銀共居退休宅全攻略,/life-proposal/retiredlife_20230220/,3,3,3,1,35.666666666666664
(not set),(not set),從綠建材實踐 ESG！SDGs 目標 13 減緩氣候變遷，打造低負擔永續宅,/life-proposal/space_design_cooldown_20240804/,3,3,0,0,0
google / organic,(organic),橘世代退休換屋指南：都會區小坪數成首選，打造精緻銀髮生活,/life-proposal/space_design_smallhouse2_20240521/,3,3,4,1.3333333333333333,99.33333333333333
(direct) / (none),(direct),小坪數空間利用：聰明收納設計全攻略，打造放大坪效的機能住宅,/life-proposal/space_storage_20230428/,3,3,3,1,3.6666666666666665
google / organic,(organic),打造居家舒適閱讀角落：從親子共讀到學子書房，全齡書香空間規劃,/life-proposal/space_style_reading_20240116/,3,3,3,1,12.333333333333334
(not set),20260813一輪播,買房不只付總價！首購族必知契稅、印花稅與持有稅比例分攤試算,/life-proposal/taxes/,3,3,2,0.6666666666666666,7.333333333333333
google / organic,生活提案,買房不只付總價！首購族必知契稅、印花稅與持有稅比例分攤試算,/life-proposal/taxes/,3,3,2,0.6666666666666666,79
(direct) / (none),(direct),看房注意事項有哪些？預售屋考察指標、挑選原則與簽約保障全攻略,/life-proposal/things-to-note-when-viewing-a-house-2/,3,3,3,1,11.666666666666666
(direct) / (none),(direct),全齡通用宅打造友善環境：解析出入口、樓梯與走廊的無障礙設計,/life-proposal/universal-design-environment20220713/,3,3,3,1,13.333333333333334
(not set),(not set),台南永康產業交通齊發光，宜居現在進行式 | 建案熱區巡禮 - 遠雄房地產,/life-proposal/yongkang/,3,3,0,0,4.333333333333333
google / organic,(organic),遠雄攜手李祖原：中和左岸橋景觀住宅，享受大師美學與無價視野,/life-proposal/zhonghe-river/,3,3,3,1,68.66666666666667
(not set),(not set),財經Ｍ平方 - 遠雄房地產,/life_proposal/experts_point/獨家專欄/財經ｍ平方/,3,3,0,0,0
excel.officeapps.live.com / referral,(referral),在地生活：解析預售屋與新建案周邊機能，掌握區域環境與未來動態,/life_proposal/music_life/,3,3,3,1,32.666666666666664
(not set),20260813一輪播,在地生活：解析預售屋與新建案周邊機能，掌握區域環境與未來動態,/life_proposal/music_life/,3,3,3,1,6.666666666666667
google / organic,(organic),空間美學：設計團隊深度解讀空間與環境，定義跨越建築的生活型態,/life_proposal/space_aesthetics/,3,3,4,1.3333333333333333,25.333333333333332
(not set),20260813一輪播,空間美學：設計團隊深度解讀空間與環境，定義跨越建築的生活型態,/life_proposal/space_aesthetics/,3,3,4,1.3333333333333333,10.666666666666666
(not set),(not set),預約賞屋手機驗證 - 遠雄房地產,/mob_verify/,3,3,3,1,17.333333333333332
fb / bh13,120242182236150678,預約賞屋手機驗證 - 遠雄房地產,/mob_verify/,3,3,3,1,30
fb / bh13,120242354949540678,預約賞屋手機驗證 - 遠雄房地產,/mob_verify/,3,3,3,1,28.333333333333332
fb / wdh2,fb7-1,預約賞屋手機驗證 - 遠雄房地產,/mob_verify/,3,3,3,1,19
fb / O1,120227538157820464,專屬會員｜遠房好友帳戶管理，提供專屬服務並可隨時諮詢客服,/my-account/,3,3,4,1.3333333333333333,80.33333333333333
google / cpc,(referral),遠雄蘴靚｜高雄楠梓新門戶｜捷運R21站旁｜3795坪豪闊基地,/pagead/aclk,3,3,3,1,20.666666666666668
l.facebook.com / referral,(referral),守護個人資訊安全，一起保障您的隱私權益｜ 遠雄房地產,/privacy/,3,3,3,1,70
line-lap / eh2,20260701B,守護個人資訊安全，一起保障您的隱私權益｜ 遠雄房地產,/privacy/,3,3,3,1,8.666666666666666
(not set),20260828一輪播,守護個人資訊安全，一起保障您的隱私權益｜ 遠雄房地產,/privacy/,3,3,1,0.3333333333333333,1
google_gdn / 5vo1,7-4,守護個人資訊安全，一起保障您的隱私權益｜ 遠雄房地產,/privacy/,3,3,4,1.3333333333333333,4.333333333333333
fb / eh6,form,守護個人資訊安全，一起保障您的隱私權益｜ 遠雄房地產,/privacy/,3,3,2,0.6666666666666666,11.666666666666666
google / cpc,gdn,守護個人資訊安全，一起保障您的隱私權益｜ 遠雄房地產,/privacy/,3,3,3,1,18
google / cpc,pmax,守護個人資訊安全，一起保障您的隱私權益｜ 遠雄房地產,/privacy/,3,3,3,1,37.333333333333336
google_kw / 5vo1,202604,張寶容業務個人介紹 - 聯上智科,/sales/5VO1/G0389/,3,3,3,1,16.333333333333332
google / organic,(organic),林筱茹業務個人介紹 - 遠雄丰尚,/sales/bh11/G0992/,3,3,3,1,4.333333333333333
google / organic,(organic),簡宇婕業務個人介紹 - 遠雄丰尚,/sales/bh11/G0993/,3,3,3,1,4
google_kw / bh13,(organic),賴昭霖業務個人介紹 - 遠雄夏綠蒂,/sales/bh13/G1312/,3,3,3,1,14
google / organic,(organic),吳函蓉業務個人介紹 - 遠雄樂元,/sales/bh7/G1220/,3,3,3,1,15
google / organic,(organic),黃洛瑋業務個人介紹 - 遠雄洄山行,/sales/bh8/G0406/,3,3,4,1.3333333333333333,23.666666666666668
google / organic,(organic),黃容筠業務個人介紹 - 遠雄山禾,/sales/dh2/G0936/,3,3,4,1.3333333333333333,4.666666666666667
line-lap / dh6,1,張津瑞業務個人介紹 - 遠雄蘊合,/sales/dh6/B6045/,3,3,4,1.3333333333333333,66
(direct) / (none),(direct),許瑀秦業務個人介紹 - 遠雄蘊合,/sales/dh6/G1191/,3,3,3,1,3.6666666666666665
line-lap / dh6,1,王薇筑業務個人介紹 - 遠雄蘊合,/sales/dh6/G1237/,3,3,3,1,29
(not set),20260813一輪播,王薇筑業務個人介紹 - 遠雄蘊合,/sales/dh6/G1237/,3,3,2,0.6666666666666666,2.3333333333333335
google / organic,(organic),洪梓芸業務個人介紹 - 遠雄一靚,/sales/eh2/B5986/,3,3,3,1,11.666666666666666
(direct) / (none),(direct),陳澤韋業務個人介紹 - 遠雄一靚,/sales/eh2/G0243/,3,3,3,1,4.666666666666667
google / organic,(organic),楊珈郡業務個人介紹 - 遠雄一靚,/sales/eh2/G1239/,3,3,4,1.3333333333333333,26
google / cpc,brand,范亦萱業務個人介紹 - 遠雄沐蘊,/sales/eh5/G0309/,3,3,3,1,10.333333333333334
(direct) / (none),(direct),翁毓雯業務個人介紹 - 遠雄沐蘊,/sales/eh5/G0816/,3,3,3,1,8
google / cpc,area,郭立涵業務個人介紹 - 遠雄蘴靚,/sales/eh6/G1292/,3,3,4,1.3333333333333333,8.333333333333334
(direct) / (none),(direct),康祖儀業務個人介紹 - 遠雄蘴靚,/sales/eh6/G1329/,3,3,3,1,7.666666666666667
google / cpc,XXXX,康祖儀業務個人介紹 - 遠雄蘴靚,/sales/eh6/G1329/,3,3,3,1,5.666666666666667
(direct) / (none),(direct),江雅萍業務個人介紹 - 若水秧翠,/sales/rsh1/B4655/,3,3,3,1,3
fb / wdh2,lbs-sms202608,賴林蔚業務個人介紹 - 天母蒔麗,/sales/wdh2/B6110/,3,3,3,1,18.666666666666668
google / organic,(organic),遠雄PARK ONE,/space,3,3,5,1.6666666666666667,20.666666666666668
instagram.com / referral,(referral),遠雄房地產服務條款暨隱私權聲明｜保障您的個人資訊與使用權益,/terms-of-service_and_privacy/,3,3,3,1,37.333333333333336
fb / rsh1,privacy,遠雄房地產服務條款暨隱私權聲明｜保障您的個人資訊與使用權益,/terms-of-service_and_privacy/,3,3,3,1,5.333333333333333
(not set),(not set),中部 彙整 - 遠雄房地產,/wom-recommendation-category/wom_recommendation/central-region/,3,3,0,0,0
(not set),(not set),口碑推薦 彙整 - 遠雄房地產,/wom-recommendation/,3,3,0,0,0
(direct) / (none),(direct),「遠雄幸福成」一次實現老婆對新房的期待 - 遠雄房地產,/wom-recommendation/h713_cheng/,3,3,3,1,0
google / organic,(organic),遠雄幸福成住戶分享：五年工程期減壓，年輕人入主台中港區首選標的,/wom-recommendation/h713_lin/,3,3,3,1,38.666666666666664
google / organic,(organic),遠雄東御苑購屋分享：雙城家庭的理想格局與公園綠意生活,/wom-recommendation/【遠雄東御苑】已購證言：王小姐-超強格局、環/,3,3,3,1,12.666666666666666
(not set),生活提案,您正在找 - 遠雄房地產,/,2,3,2,1,8
104.com.tw / referral,(referral),遠房實價登錄,/,2,3,8,4,0
line-lap / dh2,14,遠房實價登錄,/,2,3,4,2,0
fb / eh5,fb35-2,遠房實價登錄,/,2,3,5,2.5,0
fb / eh6,fb6-2,遠房實價登錄,/,2,3,5,2.5,0
line-fgr / bh7,linefgrbh7,遠房實價登錄,/,2,3,4,2,0
fb / bh5,privacy,遠房實價登錄,/,2,3,3,1.5,0
10.77.55.125 / referral,(referral),遠雄房地產：最懂生活的購屋專家｜卓越建築品質，圓滿您的家,/,2,3,3,1.5,6
line-lap / dh6,1,遠雄房地產：最懂生活的購屋專家｜卓越建築品質，圓滿您的家,/,2,3,3,1.5,28.5
fb / wdh2,lbs-sms202608,遠雄房地產：最懂生活的購屋專家｜卓越建築品質，圓滿您的家,/,2,3,4,2,6.5
line-lap / wdh2,line-lap4-3_600x400,遠雄房地產：最懂生活的購屋專家｜卓越建築品質，圓滿您的家,/,2,3,7,3.5,83.5
line / o1,line4-2,遠雄房地產：最懂生活的購屋專家｜卓越建築品質，圓滿您的家,/,2,3,3,1.5,0
(not set),生活提案,遠雄房地產：最懂生活的購屋專家｜卓越建築品質，圓滿您的家,/,2,3,6,3,6.5
bing / organic,(organic),遠雄琢蘊,/H902/main,2,3,3,1.5,8.5
(not set),20260813一輪播,關於我們｜從建築到永續服務，全方位成就圓夢生活,/about/,2,3,3,1.5,6.5
(not set),20260813一輪播,活動一覽：精選全台建案活動與會員專屬好禮，掌握第一手購屋優惠,/activity_report/activities_glance/,2,3,2,1,41
(direct) / (none),(direct),遠雄夏沐-線上接待中心,/aesthetics/public-facility/art,2,3,2,1,2
(not set),20260813一輪播,重劃區相關預售屋/新成屋/新建案資料|遠雄房地產,/building-tag/build-tag-plan/,2,3,3,1.5,19.5
google / cpc,5-1,【聯上智科】輝達軸線核心｜北士科福國路首排，純商辦地標，符合ESG指標｜預約尊榮鑑賞 遠雄房地產 聯上智科,/buildings/5vo1/,2,3,3,1.5,0
line-lap / wdh2,line-lap4-3,北士科建案【遠雄明玥】2000坪全街廓只蓋一棟．25-46坪,/buildings/ah1/,2,3,2,1,51
line / bh11,26_3-8,遠雄14期首發【遠雄丰尚】北屯新案．漢神洲際購物廣場350m,/buildings/bh11/,2,3,2,1,0
web-sms / bh11,CRM-005-D,遠雄14期首發【遠雄丰尚】北屯新案．漢神洲際購物廣場350m,/buildings/bh11/,2,3,5,2.5,11.5
google / cpc,information1,遠雄14期首發【遠雄丰尚】北屯新案．漢神洲際購物廣場350m,/buildings/bh11/,2,3,2,1,18
line / bh11,26_4-1,遠雄14期首發【遠雄丰尚】北屯新案．近漢神洲際百貨,/buildings/bh11/,2,3,3,1.5,0
lm.facebook.com / referral,(referral),台中七期．在夏綠地，典藏最優雅的【夏綠蒂】25-38坪,/buildings/bh13/,2,3,4,2,2
fb / wdh2,lbs-sms202608,台中七期．在夏綠地，典藏最優雅的【夏綠蒂】25-38坪,/buildings/bh13/,2,3,2,1,1
google / cpc,(organic),(1) 封未讀訊息 | 遠雄琉蘊 -台中市西屯區七期預售屋/新建案-預約賞屋，遠雄房地產,/buildings/bh5/,2,3,0,0,13
fb / bh5,leads,(2) 封未讀訊息 | 遠雄琉蘊 -台中市西屯區七期預售屋/新建案-預約賞屋，遠雄房地產,/buildings/bh5/,2,3,0,0,20.5
tw.search.yahoo.com / referral,(referral),【遠雄樂元】北屯機捷X好市多，雙首排大道最核心，夠近才最好,/buildings/bh7/,2,3,3,1.5,199
(not set),20260702一輪播,台中遠雄洄山行：2-4房方正格局，入主西屯生活圈的質感好宅,/buildings/bh8/,2,3,4,2,186.5
(not set),20260828一輪播,台中遠雄洄山行：2-4房方正格局，入主西屯生活圈的質感好宅,/buildings/bh8/,2,3,2,1,0
google_kw / bh10,beitun,水湳遠雄綠美：鄰近綠美圖與中央公園，入主智慧經貿特區預售屋,/buildings/bh9/,2,3,3,1.5,4
(not set),20260813一輪播,大河商爵-台北市士林區廠辦/預售新建案-預約賞屋，遠創力行銷,/buildings/dgm1/,2,3,2,1,18
tw.search.yahoo.com / referral,(referral),台南永康遠雄山禾：鹽行特區3-4房，鄰商圈與交通樞紐的理想宅,/buildings/dh2/,2,3,3,1.5,185
webnews / eh2,20260717,遠雄一靚：楠梓高大特區首發新案，2432坪大基地，早鳥預約諮詢中,/buildings/eh2/,2,3,2,1,12
(not set),20260813一輪播,遠雄星呈-台中市清水區預售屋/新建案-預約賞屋，遠雄房地產,/buildings/h707/,2,3,3,1.5,70.5
(not set),(not set),遠雄幸福成｜全新落成 - 台中市梧棲區新成屋-預約賞屋，遠雄房地產,/buildings/h713/,2,3,1,0.5,58
bing / organic,(organic),遠雄琢蘊-高雄市三民區預售屋/新建案-預約賞屋，遠雄房地產,/buildings/h902/,2,3,2,1,1
(not set),(not set),遠雄THE ONE-高雄市前鎮區新成屋/新建案-預約賞屋,/buildings/o1/,2,3,2,1,0
yahoo / organic,(organic),若水秧翠｜東京視野・頂埔門牌｜1~3房．20~42坪,/buildings/rsh1/,2,3,2,1,24.5
farglory.com.tw / referral,(referral),若水秧翠｜東京視野・頂埔門牌｜1~3房．20~42坪,/buildings/rsh1/,2,3,3,1.5,12
google_kw / rsh1,dingpu,若水秧翠｜東京視野・頂埔門牌｜1~3房．20~42坪,/buildings/rsh1/,2,3,3,1.5,2.5
google_kw / rsh1,information3,若水秧翠｜東京視野・頂埔門牌｜1~3房．20~42坪,/buildings/rsh1/,2,3,4,2,39
(not set),20260702一輪播,遠雄房地產,/campaign,2,3,3,1.5,0
web-edm / friends,20260821,遠雄房地產,/campaign,2,3,5,2.5,0
farglory.surveycake.com / referral,(referral),遠雄房地產官方LINE,/campaign,2,3,4,2,51
(not set),20260429一輪播,遠雄房地產官方LINE,/campaign,2,3,2,1,16.5
LINE-Liff / bh8,202607-AI,遠雄房地產官方LINE,/campaign,2,3,3,1.5,0
web-edm / friends,20260821,遠雄房地產官方LINE,/campaign,2,3,5,2.5,28.5
googlemap / H109,googlemap,熱銷建案一覽：遠雄全台預售屋、新建案與新成屋，尋獲理想家園,/case/search/,2,3,3,1.5,22
(not set),20260813一輪播,熱銷建案一覽：遠雄全台預售屋、新建案與新成屋，尋獲理想家園,/case/search/building-category-tag/134/,2,3,3,1.5,0
line-lap / bh13,lap-1,熱銷建案一覽：遠雄全台預售屋、新建案與新成屋，尋獲理想家園,/case/search/sales_status/coming-soon/,2,3,3,1.5,17
fgr-line / fgr,expert_zhu_inheritance-tax-2026-2,遠雄房地產,/ebook,2,3,4,2,0
fgr-line / fgr,生活提案,遠雄房地產,/ebook,2,3,6,3,0
mail.surenotifyapi.com / referral,(referral),遠房好友電子報：訂閱房市情報與會員好禮，掌握第一手購屋資訊,/farglory-realty_edm/,2,3,4,2,12.5
(direct) / (none),(direct),遠雄夏綠蒂 | 數位意向書-遠雄房地產 Farglory-Realty,/form/verify/SVcDB,2,3,3,1.5,4
(direct) / (none),(direct),遠雄夏綠蒂 | 數位意向書-遠雄房地產 Farglory-Realty,/form/verify/ZaYhL1,2,3,2,1,1
mail.surenotifyapi.com / referral,(referral),預售屋簽約注意事項｜解析產權、契約審閱期與交屋保留款尾款防陷阱,/jun2026/,2,3,4,2,19
(not set),20260805一輪播,中和翻轉！萬大線與舊廠翻新紅利 | 建案熱區巡禮 - 遠雄房地產,/life-proposal/area-l-newtaipei-zhonghe_20220923/,2,3,0,0,0
(not set),20260805一輪播,安南草湖寮重劃區交通地圖，串聯北外環與商 60 願景,/life-proposal/area-l-tainan-annan20200520/,2,3,1,0.5,1645.5
google / organic,(organic),建案熱區巡禮：住在永康大灣好便利！唯一純住重劃區！ - 遠雄房地產,/life-proposal/area-s-tainan-dawan20220520/,2,3,3,1.5,7.5
(not set),生活提案,台南預售屋全攻略：最新行情、熱門區域房價與建案挑選祕訣,/life-proposal/area_presold-house-in-tainan/,2,3,1,0.5,0.5
(not set),20260805一輪播,基礎建設＋結構保固：一次了解大地工程的基本概念 - 遠雄房地產,/life-proposal/construction-base/,2,3,1,0.5,0.5
mkto-sn070013.com / referral,(referral),夫妻買房登記誰名下？律師拆解共同持有與借名登記風險,/life-proposal/expert_law_y-rlee_joint-ownership/,2,3,5,2.5,119
(not set),20260813一輪播,預售屋買賣契約中的交屋保留款與建材設備約定｜永然法律不動產專欄 - 遠雄房地產,/life-proposal/expert_law_y-rlee_retention-money_20250704/,2,3,1,0.5,5
google / organic,(organic),Al新十大建設對未來房市的具體影響｜李同榮觀點 - 遠雄房地產,/life-proposal/expert_li_ai-projects_20250715/,2,3,3,1.5,39
web-edm / friends,20260821,AI 時代股房雙循環：李同榮解析股市與房市的財富接力邏輯,/life-proposal/expert_li_stock-housing-cycle/,2,3,3,1.5,52.5
excel.officeapps.live.com / referral,(referral),2026 下半年全球央行決策解析：聯準會、歐洲與日本央行的資產配置新思維,/life-proposal/expert_macromicro_market-analysis/,2,3,2,1,10
web-edm / friends,20260821,2026 房市脫鉤：住宅冷科技熱！解析量縮價穩下的雙軌發展,/life-proposal/expert_peizhen_2026-q2-housing-outlook/,2,3,3,1.5,15.5
mkto-sn070013.com / referral,(referral),2026年買新房成本暴增？地政士解析三大新制陷阱與產權影響,/life-proposal/expert_zhu_regulations-trap/,2,3,5,2.5,8.5
(not set),20260813一輪播,換屋族必讀：房地合一稅與土地增值稅完整攻略 - 遠雄房地產,/life-proposal/house_and_land/,2,3,2,1,13.5
gemini.google.com / ai-assistant,(ai-assistant),六都交易量比重衝高：從買賣移轉棟數看見房市的弦外之音｜何世昌觀點 - 遠雄房地產,/life-proposal/housing-transactions/,2,3,2,1,52.5
(not set),(not set),戶籍遷入辦理教學｜買房後戶籍異動流程與準備文件全攻略 - 遠雄房地產,/life-proposal/land_household_registration/,2,3,1,0.5,0
(not set),生活提案,預售屋付款方式有哪些？要準備多少錢？掌握付款5階段與注意事項,/life-proposal/pre-sale-house-payment-methods/,2,3,2,1,61.5
(not set),20260828一輪播,預售屋有哪些優缺點？掌握購屋流程、注意事項，安心規劃成家藍圖,/life-proposal/pre-sale-property/,2,3,5,2.5,4
(not set),生活提案,預售屋有哪些優缺點？掌握購屋流程、注意事項，安心規劃成家藍圖,/life-proposal/pre-sale-property/,2,3,6,3,73.5
google / organic,(organic),什麼是市地重劃？解析土地重整、公共設施興辦與促進土地合理使用,/life-proposal/redevelopment_zone_20221209/,2,3,3,1.5,11
google / organic,(organic),我家可以都更嗎？都市更新條件、公辦民辦差異與危老重建完整解析,/life-proposal/urbanrenewal20220603/,2,3,2,1,9
(not set),20260805一輪播,專屬會員｜遠房好友帳戶管理，提供專屬服務並可隨時諮詢客服,/my-account/,2,3,2,1,5
line-lap / 5vo1,7-1,守護個人資訊安全，一起保障您的隱私權益｜ 遠雄房地產,/privacy/,2,3,3,1.5,23.5
line-lap / rsh1,line-lap4-2,守護個人資訊安全，一起保障您的隱私權益｜ 遠雄房地產,/privacy/,2,3,3,1.5,112
(direct) / (none),(direct),王庭歡業務個人介紹 - 遠雄敦富,/sales/bh10/G1057/,2,3,3,1.5,4
C / B,(not set),遠房實價登錄,/,1,3,14,14,0
yahoo_native / o1,20250317,遠房實價登錄,/,1,3,3,3,0
line-lap / ar1,20260101-6-1,遠房實價登錄,/,1,3,3,3,0
line-lap / eh6,fb5-5_5-6_5-7,遠房實價登錄,/,1,3,7,7,0
web-udn / dgm1,web-udn0731,遠雄房地產：最懂生活的購屋專家｜卓越建築品質，圓滿您的家,/,1,3,2,2,2
google / organic,(organic),齊興緻-吳若榆-遠雄房地產 Farglory-Realty,/AR1/b4125,1,3,4,4,11
google / organic,(organic),交屋全攻略：從產權防護、驗屋清單到屋型挑選的安心入住指南,/aug2026/,1,3,3,3,13
sms / aep-cdp,CRM-001-D,捷運宅相關預售屋/新成屋/新建案資料|遠雄房地產,/building-tag/build-tag-mrt/,1,3,3,3,4
(not set),20260813一輪播,地標宅 彙整 - 遠雄房地產,/building-tag/地標宅/,1,3,3,3,1
pmp / ah1,avivid-1,北士科建案【遠雄明玥】2000坪全街廓只蓋一棟．25-46坪,/buildings/ah1/,1,3,3,3,0
pmp / ah1,avivid-3,北士科建案【遠雄明玥】2000坪全街廓只蓋一棟．25-46坪,/buildings/ah1/,1,3,3,3,0
C / B,(not set),齊興_緻：北士科住宅預售屋，入主北投核心地段，立即預約賞屋,/buildings/ar1/,1,3,3,3,2
line-lap / ar1,20260101-6-1,齊興_緻：北士科住宅預售屋，入主北投核心地段，立即預約賞屋,/buildings/ar1/,1,3,3,3,0
web-udn / dgm1,web-udn0731,台中七期．在夏綠地，典藏最優雅的【夏綠蒂】25-38坪,/buildings/bh13/,1,3,2,2,54
google / cpc,gdn-1-taichung,【遠雄樂元】北屯機捷X好市多，雙首排大道最核心，夠近才最好,/buildings/bh7/,1,3,3,3,0
line-lap / bh7,lap-4,【遠雄樂元】北屯機捷X好市多，雙首排大道最核心，夠近才最好,/buildings/bh7/,1,3,3,3,0
10.77.55.125 / referral,(referral),台南永康遠雄山禾：鹽行特區3-4房，鄰商圈與交通樞紐的理想宅,/buildings/dh2/,1,3,3,3,30
tagassistant.google.com / referral,(referral),台南永康遠雄山禾：鹽行特區3-4房，鄰商圈與交通樞紐的理想宅,/buildings/dh2/,1,3,4,4,16
10.77.55.125 / referral,(referral),【遠雄蘊合】千坪旗艦，親水生活｜收納中西區最美流動26-43坪．新案早鳥預約,/buildings/dh6/,1,3,4,4,55
104.com.tw / referral,(referral),【遠雄蘊合】千坪旗艦，親水生活｜收納中西區最美流動26-43坪．新案早鳥預約,/buildings/dh6/,1,3,3,3,57
C / B,(not set),(2) 封未讀訊息 | 遠雄一靚：楠梓高大特區首發新案，2432坪大基地，早鳥預約諮詢中,/buildings/eh2/,1,3,0,0,12
web-ettoday / eh2,202605,遠雄一靚：楠梓高大特區首發新案，2432坪大基地，早鳥預約諮詢中,/buildings/eh2/,1,3,3,3,26
104.com.tw / referral,(referral),遠雄蘴靚｜高雄楠梓新門戶｜捷運R21站旁｜3795坪豪闊基地,/buildings/eh6/,1,3,4,4,64
line-lap / hh3,lap-7,找不到頁面 - 遠雄房地產,/buildings/hh3/,1,3,3,3,0
gdn / hm2,0601GDN,Farglory MetaLink Technology Park | 3700-ping (approximately 1633 square meters) Super Flagship Eco-Friendly Corporate Headquarters,/buildings/hm2/,1,3,14,14,59
excel.officeapps.live.com / referral,(referral),遠雄MetaLink科技園區 | 3700坪超旗艦 森態企業總部,/buildings/hm2/,1,3,2,2,103
yahoo_native / o1,20250317,遠雄THE ONE-高雄市前鎮區新成屋/新建案-預約賞屋,/buildings/o1/,1,3,3,3,215
web-udn / dgm1,web-udn0731,若水秧翠｜東京視野・頂埔門牌｜1~3房．20~42坪,/buildings/rsh1/,1,3,3,3,9
google / cpc,othercities_brand,(not set),/campaign/index.html,1,3,3,3,0
(not set),20260805一輪播,(2) 封未讀訊息 | 熱銷建案一覽：遠雄全台預售屋、新建案與新成屋，尋獲理想家園,/case/search/,1,3,0,0,147
(not set),20260805一輪播,(2) 封未讀訊息 | 熱銷建案一覽：遠雄全台預售屋、新建案與新成屋，尋獲理想家園,/case/search/page/2/,1,3,0,0,32
console-v2.omnichat.ai / referral,(referral),熱銷建案一覽：遠雄全台預售屋、新建案與新成屋，尋獲理想家園,/case/search/page/2/,1,3,3,3,0
(not set),20260805一輪播,(2) 封未讀訊息 | 熱銷建案一覽：遠雄全台預售屋、新建案與新成屋，尋獲理想家園,/case/search/page/3/,1,3,0,0,48
(not set),20260805一輪播,(2) 封未讀訊息 | 熱銷建案一覽：遠雄全台預售屋、新建案與新成屋，尋獲理想家園,/case/search/page/4/,1,3,0,0,30
(not set),20260805一輪播,(2) 封未讀訊息 | 熱銷建案一覽：遠雄全台預售屋、新建案與新成屋，尋獲理想家園,/case/search/page/5/,1,3,0,0,72
(not set),20260805一輪播,熱銷建案一覽：遠雄全台預售屋、新建案與新成屋，尋獲理想家園,/case/search/page/5/,1,3,5,5,4
(not set),20260805一輪播,(2) 封未讀訊息 | 熱銷建案一覽：遠雄全台預售屋、新建案與新成屋，尋獲理想家園,/case/search/page/6/,1,3,0,0,58
(not set),20260805一輪播,熱銷建案一覽：遠雄全台預售屋、新建案與新成屋，尋獲理想家園,/case/search/page/6/,1,3,4,4,4
(not set),20260813一輪播,熱銷建案一覽：遠雄全台預售屋、新建案與新成屋，尋獲理想家園,/case/search/sales_status/hot-sale/,1,3,2,2,0
google_kw / bh13,(organic),(not set),/customInfo_V2.html,1,3,3,3,0
google_kw / bh13,(organic),顧客資料表,/customInfo_V2.html,1,3,1,1,115
(not set),20260429一輪播,顧客資料表,/customInfo_V2.html,1,3,6,6,671
web-edm / friends,20260821,顧客資料表,/customInfo_V2.html,1,3,12,12,1083
fgr-line / eh6,listbutton,遠雄房地產,/ebook,1,3,3,3,0
fgr-line / eh6,listbutton,遠雄房地產官方LINE,/ebook,1,3,5,5,8
(not set),20260805一輪播,財經M平方 彙整 - 遠雄房地產,/life-proposal-category/expert_point/macro_micro/,1,3,3,3,25
google / organic,(organic),台經院產經資料庫總監、APIAA院士  劉佩真 彙整 - 遠雄房地產,/life-proposal-category/expert_point/pei_zhen/,1,3,3,3,0
yahoo / organic,(organic),建案熱區巡禮：桃園小檜溪(青溪特區)舊商圈+眾多綠地的宜人生活 - 遠雄房地產,/life-proposal/area-s-taoyuan-green20220520/,1,3,3,3,70
(not set),20260813一輪播,台中西屯七期重劃區核心生活圈 | 建案熱區巡禮 - 遠雄房地產,/life-proposal/area-txg-7th_function_20231107/,1,3,0,0,0
tw.search.yahoo.com / referral,(referral),基礎建設＋結構保固：一次了解大地工程的基本概念 - 遠雄房地產,/life-proposal/construction-base/,1,3,2,2,112
(not set),20260813一輪播,夫妻買房登記誰名下？律師拆解共同持有與借名登記風險,/life-proposal/expert_law_y-rlee_joint-ownership/,1,3,1,1,0
google / organic,(organic),全球貨幣戰：穩定幣的發展與投資機會 | 財經M平方觀點 - 遠雄房地產,/life-proposal/expert_macromicro_stablecoin/,1,3,3,3,113
excel.officeapps.live.com / referral,(referral),2026 房市脫鉤：住宅冷科技熱！解析量縮價穩下的雙軌發展,/life-proposal/expert_peizhen_2026-q2-housing-outlook/,1,3,2,2,14
(not set),20260813一輪播,專家觀點地政篇：不動產抵押權重點詳解 - 遠雄房地產,/life-proposal/expert_zhu_hypothec_20230815/,1,3,0,0,0
google / organic,(organic),[影音] 連續繼承房產出售節稅有術｜專家觀點地政篇 - 遠雄房地產,/life-proposal/expert_zhu_multiple-inheriting_vedio_20250423/,1,3,2,2,3
(not set),20260813一輪播,只有不動產怎麼繳遺產稅？實物抵繳是否划算？｜專家觀點地政篇 - 遠雄房地產,/life-proposal/expert_zhu_property_offset-2_20241220/,1,3,0,0,0
(not set),20260813一輪播,[影音] 停車位買賣詳細解析-你需要知道的車位權利｜專家觀點地政篇 - 遠雄房地產,/life-proposal/expert_zhu_property_parking_vedio_20240828/,1,3,2,2,251
(not set),20260805一輪播,如何預防不動產詐騙？掌握地政便民服務，防止房屋被惡意移轉,/life-proposal/expert_zhu_property_scam_20240604/,1,3,2,2,3
(not set),生活提案,坪數怎麼算？為什麼要算？買房前必懂的1坪大小與坪數計算方式,/life-proposal/how-to-calculate-house-size/,1,3,8,8,120
(not set),台中北屯,預售屋付款方式有哪些？要準備多少錢？掌握付款5階段與注意事項,/life-proposal/pre-sale-house-payment-methods/,1,3,4,4,42
gemini.google.com / ai-assistant,(ai-assistant),預售屋有哪些優缺點？掌握購屋流程、注意事項，安心規劃成家藍圖,/life-proposal/pre-sale-property/,1,3,3,3,14
(not set),20260813一輪播,樓梯間與梯廳公共設施：建築法規與容積計算完整解析 - 遠雄房地產,/life-proposal/regulations2_20230320/,1,3,1,1,3
(not set),20260805一輪播,房地一族看過來，與你有關的國稅局查稅重點 - 遠雄房地產,/life-proposal/tax_inspection_20230119/,1,3,1,1,2
(not set),20260828一輪播,生活提案： 專家房市觀點、空間美學指南 -遠雄房地產,/life_proposal/,1,3,5,5,1
(not set),20260813一輪播,蔡慧祈業務個人介紹 - 遠雄THE ONE,/sales/O1/G1052/,1,3,3,3,4
(not set),20260805一輪播,張津瑞業務個人介紹 - 遠雄蘊合,/sales/dh6/B6045/,1,3,3,3,7
(not set),20260828一輪播,交屋全攻略：從產權防護、驗屋清單到屋型挑選的安心入住指南,/aug2026/,0,3,3,null,null
webnews / eh6,20260612,遠雄蘴靚｜高雄楠梓新門戶｜捷運R21站旁｜3795坪豪闊基地,/buildings/eh6/,0,3,2,null,null
web-edm / friends,20260821,遠雄房地產,/integrate,3,3,8,2.6666666666666665,0
fb / fh2,lbs-sms202608,買主口碑推薦：遠雄建案與預售屋真實見證，分享卓越品質居住心得,/case/wom_recommendation/,1,2,1,1,45
google / organic,(organic),遠雄泱玥 | 水岸正首席．北士科首獻｜57-75坪-陳怡靜-遠雄房地產 Farglory-Realty,/main/review/64/G0116,0,2,2,null,null
line-lap / (not set),(not set),遠房實價登錄,/,2,2,2,1,0
access.line.me / referral,(referral),遠房實價登錄,/,2,2,4,2,0
cn.bing.com / referral,(referral),遠房實價登錄,/,2,2,10,5,0
m.facebook.com / referral,(referral),遠房實價登錄,/,2,2,3,1.5,0
stockfeel.farglory-land.com.tw / referral,(referral),遠房實價登錄,/,2,2,4,2,0
zh.wikipedia.org / referral,(referral),遠房實價登錄,/,2,2,7,3.5,12
fb / h713,105,遠房實價登錄,/,2,2,2,1,0
line-lap / dh2,12,遠房實價登錄,/,2,2,2,1,0
ig / paid,120210867110050402,遠房實價登錄,/,2,2,2,1,0
ig / paid,120241218914510402,遠房實價登錄,/,2,2,2,1,0
fb / h713,124,遠房實價登錄,/,2,2,3,1.5,0
Line-lap / BH1,20210913,遠房實價登錄,/,2,2,3,1.5,0
google / cpc,20211101,遠房實價登錄,/,2,2,2,1,0
webnews / h902,20240326,遠房實價登錄,/,2,2,2,1,0
web / ah2,202501-mot,遠房實價登錄,/,2,2,3,1.5,0
fb / o1,20250422_23-1,遠房實價登錄,/,2,2,2,1,0
google_kw / hm2,202603,遠房實價登錄,/,2,2,3,1.5,0
news / dh6,202606,遠房實價登錄,/,2,2,2,1,0
web-sms / bh7,20260608,遠房實價登錄,/,2,2,3,1.5,0
web-sms / dh6,20260619,遠房實價登錄,/,2,2,2,1,0
line-lap / eh2,20260701A,遠房實價登錄,/,2,2,3,1.5,0
line-lap / eh2,20260701B,遠房實價登錄,/,2,2,2,1,0
line-lap / eh2,20260701C,遠房實價登錄,/,2,2,3,1.5,0
fgr-line / bh7,20260710,遠房實價登錄,/,2,2,3,1.5,0
google_kw / hm2,202608,遠房實價登錄,/,2,2,2,1,0
webnews / fm3,20260803,遠房實價登錄,/,2,2,2,1,0
webnews / fm3,20260806,遠房實價登錄,/,2,2,2,1,0
fgr-line / bh7,20260828,遠房實價登錄,/,2,2,2,1,0
fb / bh7,26,遠房實價登錄,/,2,2,4,2,0
fb / dh6,3,遠房實價登錄,/,2,2,2,1,0
fb / bh5,53,遠房實價登錄,/,2,2,2,1,0
gdn / hm2,6-1pmax,遠房實價登錄,/,2,2,3,1.5,0
fb / dh6,7,遠房實價登錄,/,2,2,2,1,0
line-lap / dh2,8,遠房實價登錄,/,2,2,2,1,0
fb / dh6,9,遠房實價登錄,/,2,2,2,1,0
line-lap / dh2,9,遠房實價登錄,/,2,2,4,2,0
web-sms / eh1,CRM-002-D,遠房實價登錄,/,2,2,2,1,0
web-sms / eh1,CRM-207-D,遠房實價登錄,/,2,2,2,1,0
web-sms / bh8,CRM-211-D,遠房實價登錄,/,2,2,2,1,0
google / cpc,General_Office,遠房實價登錄,/,2,2,2,1,0
fb / bh5,Y50 skm,遠房實價登錄,/,2,2,2,1,0
web-sms / eh1,ai_01,遠房實價登錄,/,2,2,2,1,0
web-sms / eh1,ai_02,遠房實價登錄,/,2,2,2,1,0
google_kw / wdh2,beitou,遠房實價登錄,/,2,2,3,1.5,0
google_kw / fh2,competitor,遠房實價登錄,/,2,2,2,1,0
google_kw / rsh1,competitor,遠房實價登錄,/,2,2,2,1,0
googlemap / organic,eh1,遠房實價登錄,/,2,2,2,1,0
fb / eh1,eh1fb,遠房實價登錄,/,2,2,2,1,0
fgr-line / fgr,expert_hoshichang_vacancy-rate,遠房實價登錄,/,2,2,2,1,0
fgr-line / fgr,expert_zhu_tax-notice,遠房實價登錄,/,2,2,4,2,0
fb / ar1,fb13-3,遠房實價登錄,/,2,2,2,1,0
fb / ar1,fb15-4,遠房實價登錄,/,2,2,2,1,0
fb / fm3,fb15-5,遠房實價登錄,/,2,2,2,1,0
fb / fm3,fb15-6,遠房實價登錄,/,2,2,4,2,0
fb / fm3,fb15-7,遠房實價登錄,/,2,2,2,1,0
fb / eh1,fb20265-1videoSAB,遠房實價登錄,/,2,2,2,1,0
fb / eh1,fb20266-1,遠房實價登錄,/,2,2,2,1,0
fb / eh1,fb20267-3,遠房實價登錄,/,2,2,2,1,0
fb / eh1,fb20267-6,遠房實價登錄,/,2,2,2,1,0
fb / bh8,fb28-1,遠房實價登錄,/,2,2,2,1,0
fb / o1,fb32-3,遠房實價登錄,/,2,2,3,1.5,0
fb / eh6,fb4-6,遠房實價登錄,/,2,2,2,1,0
fb / bh10,fb5-2,遠房實價登錄,/,2,2,2,1,0
fb / rsh1,fb7-1,遠房實價登錄,/,2,2,3,1.5,0
fb / rsh1,fb7-4,遠房實價登錄,/,2,2,2,1,0
fb / rsh1,fbfanpage0731,遠房實價登錄,/,2,2,3,1.5,0
fb / rsh1,fbfanpage0807,遠房實價登錄,/,2,2,3,1.5,0
fb / fg2,fbfanpage0822,遠房實價登錄,/,2,2,2,1,0
socialmedia / fgr,fbh713info,遠房實價登錄,/,2,2,2,1,0
gdn / bh10,gdn7-2,遠房實價登錄,/,2,2,2,1,0
socialmedia / bh11,googlemap,遠房實價登錄,/,2,2,3,1.5,0
web / bh6,googlemap2,遠房實價登錄,/,2,2,3,1.5,0
google_kw / rsh1,information3,遠房實價登錄,/,2,2,3,1.5,0
google_kw / bh8,information4,遠房實價登錄,/,2,2,2,1,0
google_kw / rsh1,information5,遠房實價登錄,/,2,2,2,1,0
google_kw / bh10,information8,遠房實價登錄,/,2,2,2,1,0
fgr-line / fgr,land_handover,遠房實價登錄,/,2,2,2,1,0
line-lap / bh7,lap-3,遠房實價登錄,/,2,2,2,1,0
line-lap / fh2,line-lap12-3,遠房實價登錄,/,2,2,2,1,0
line-lap / bh10,line-lap202511-6,遠房實價登錄,/,2,2,2,1,0
line / bh10,lineQA,遠房實價登錄,/,2,2,2,1,0
mydachi / rsh1,mydachi-fb0703,遠房實價登錄,/,2,2,2,1,0
web / bh11,popup_ai_202608,遠房實價登錄,/,2,2,2,1,0
google / cpc,type,遠房實價登錄,/,2,2,5,2.5,0
web-ettoday / bh6,web-ettoday0322,遠房實價登錄,/,2,2,2,1,0
webnews / bh6,webnewsa,遠房實價登錄,/,2,2,1,0.5,0
youtube / ah2,yt-2,遠房實價登錄,/,2,2,2,1,0
youtube / ah2,yt-3,遠房實價登錄,/,2,2,2,1,0
(not set),台中全區,遠房實價登錄,/,2,2,4,2,0
fgr-line / fgr,生活提案,遠房實價登錄,/,2,2,5,2.5,0
google / organic,(organic),遠雄PARK ONE,/,2,2,2,1,27
google / organic,(organic),遠雄夏沐-線上接待中心,/,2,2,3,1.5,17
google_kw / bh13,(organic),遠雄房地產：最懂生活的購屋專家｜卓越建築品質，圓滿您的家,/,2,2,2,1,7
google_kw / dh2,(organic),遠雄房地產：最懂生活的購屋專家｜卓越建築品質，圓滿您的家,/,2,2,2,1,9
ifgmall.fg-retail.com.tw / referral,(referral),遠雄房地產：最懂生活的購屋專家｜卓越建築品質，圓滿您的家,/,2,2,2,1,7.5
instagram.com / referral,(referral),遠雄房地產：最懂生活的購屋專家｜卓越建築品質，圓滿您的家,/,2,2,2,1,5
l.facebook.com / referral,(referral),遠雄房地產：最懂生活的購屋專家｜卓越建築品質，圓滿您的家,/,2,2,2,1,16
promo.farglory.com.tw / referral,(referral),遠雄房地產：最懂生活的購屋專家｜卓越建築品質，圓滿您的家,/,2,2,2,1,6
fb / bh13,1,遠雄房地產：最懂生活的購屋專家｜卓越建築品質，圓滿您的家,/,2,2,3,1.5,7
line-lap / ao1,20240724_7-1,遠雄房地產：最懂生活的購屋專家｜卓越建築品質，圓滿您的家,/,2,2,2,1,0
webnews / o1,20241004/,遠雄房地產：最懂生活的購屋專家｜卓越建築品質，圓滿您的家,/,2,2,2,1,0
fb / O1,20250124_13-1,遠雄房地產：最懂生活的購屋專家｜卓越建築品質，圓滿您的家,/,2,2,2,1,0
line-lap / ao1,20250522_5-2,遠雄房地產：最懂生活的購屋專家｜卓越建築品質，圓滿您的家,/,2,2,2,1,0
gdn / hm2,202601,遠雄房地產：最懂生活的購屋專家｜卓越建築品質，圓滿您的家,/,2,2,2,1,18
news / bh13,20260508,遠雄房地產：最懂生活的購屋專家｜卓越建築品質，圓滿您的家,/,2,2,2,1,13.5
fb / O1,20260805一輪播,遠雄房地產：最懂生活的購屋專家｜卓越建築品質，圓滿您的家,/,2,2,4,2,0
fb / O1,20260828一輪播,遠雄房地產：最懂生活的購屋專家｜卓越建築品質，圓滿您的家,/,2,2,2,1,7.5
fb / ao1,5-3,遠雄房地產：最懂生活的購屋專家｜卓越建築品質，圓滿您的家,/,2,2,2,1,19
gdn / hm2,6-1pmaxv2,遠雄房地產：最懂生活的購屋專家｜卓越建築品質，圓滿您的家,/,2,2,2,1,5
google / cpc,RSH1-品牌字,遠雄房地產：最懂生活的購屋專家｜卓越建築品質，圓滿您的家,/,2,2,2,1,2.5
google / cpc,RSH1-競品字,遠雄房地產：最懂生活的購屋專家｜卓越建築品質，圓滿您的家,/,2,2,2,1,9.5
google / cpc,RSH1-買房字,遠雄房地產：最懂生活的購屋專家｜卓越建築品質，圓滿您的家,/,2,2,2,1,11.5
google / cpc,WDH2-地區字,遠雄房地產：最懂生活的購屋專家｜卓越建築品質，圓滿您的家,/,2,2,2,1,117
sms / aep-cdp,aep-306,遠雄房地產：最懂生活的購屋專家｜卓越建築品質，圓滿您的家,/,2,2,2,1,0.5
google / cpc,competitor0701,遠雄房地產：最懂生活的購屋專家｜卓越建築品質，圓滿您的家,/,2,2,3,1.5,134.5
fb / rsh1,fbfanpage,遠雄房地產：最懂生活的購屋專家｜卓越建築品質，圓滿您的家,/,2,2,3,1.5,8.5
fb / eh5,form,遠雄房地產：最懂生活的購屋專家｜卓越建築品質，圓滿您的家,/,2,2,2,1,54
gdn / o1,gdnleader,遠雄房地產：最懂生活的購屋專家｜卓越建築品質，圓滿您的家,/,2,2,2,1,0
chatgpt.com / o1,googlemap,遠雄房地產：最懂生活的購屋專家｜卓越建築品質，圓滿您的家,/,2,2,2,1,5.5
google / cpc,lbs,遠雄房地產：最懂生活的購屋專家｜卓越建築品質，圓滿您的家,/,2,2,6,3,19
line-lap / h109,line-lap10-5,遠雄房地產：最懂生活的購屋專家｜卓越建築品質，圓滿您的家,/,2,2,2,1,1
line-lap / rsh1,line-lap4-5,遠雄房地產：最懂生活的購屋專家｜卓越建築品質，圓滿您的家,/,2,2,3,1.5,29
gdn / ao1,yt_9-2,遠雄房地產：最懂生活的購屋專家｜卓越建築品質，圓滿您的家,/,2,2,2,1,0
GOOGLEKW / cpc,GOOGLEMYBUSINESS,找不到頁面 - 遠雄房地產,/Build/Detail/H113,2,2,2,1,3
KWbuy / cpc,(not set),找不到頁面 - 遠雄房地產,/Build/Detail/H138,2,2,2,1,0
GOOGLEKW / cpc,GOOGLEMYBUSINESS,找不到頁面 - 遠雄房地產,/Build/Detail/H609,2,2,2,1,2.5
(direct) / (none),(direct),遠雄琢蘊-楊倩如-遠雄房地產 Farglory-Realty,/H902/g0259,2,2,2,1,0
(direct) / (none),(direct),遠雄琢蘊,/H902/main,2,2,2,1,7.5
google / cpc,brand,關於我們｜從建築到永續服務，全方位成就圓夢生活,/about/,2,2,3,1.5,0
(not set),20260813一輪播,關於我們｜展現品牌實力，全台經典建築實績見證，成就卓越品質,/about/brand_performance_backup/,2,2,4,2,13
(not set),20260828一輪播,關於我們｜展現品牌實力，全台經典建築實績見證，成就卓越品質,/about/brand_performance_backup/,2,2,1,0.5,0.5
(direct) / (none),(direct),遠雄房地產 全新節目「賞屋熊厝味」首檔鉅獻! - 遠雄房地產,/activity-report/20240320/,2,2,2,1,0
(direct) / (none),(direct),果陀劇場《我的大老婆》遠雄住戶專享購票85折！ - 遠雄房地產,/activity-report/fg_drama_promotion/,2,2,2,1,0
(direct) / (none),(direct),《台灣最美飯店》票選活動正式開跑 ! - 遠雄房地產,/activity-report/hotel/,2,2,2,1,0
(direct) / (none),(direct),《同學會！同鞋～》音樂劇盛大巡演 - 遠雄房地產,/activity-report/ucity_drama_20221201/,2,2,2,1,0
(direct) / (none),(direct),太平洋咖啡｜喝咖啡，做公益 - 遠雄房地產,/activity-report/ucity_sep_coffee/,2,2,2,1,5.5
google_kw / cpc,project,祝賀台北市不動產代銷公會「20週年慶生日活動」 - 遠雄房地產,/activity-report/台北市不動產代銷公會「20週年慶生日活動」/,2,2,2,1,0
(direct) / (none),(direct),母親節快樂💖給媽媽💐的多重好禮🎁 - 遠雄房地產,/activity-report/母親節快樂給媽媽的多重好禮/,2,2,2,1,0
(not set),20260805一輪播,遠雄房地產 官方LINE | 十萬知音，十萬感謝🎉 - 遠雄房地產,/activity-report/遠雄房地產-官方line-十萬知音，十萬感謝🎉/,2,2,1,0.5,12
(not set),20260813一輪播,遠雄房地產 官方LINE | 十萬知音，十萬感謝🎉 - 遠雄房地產,/activity-report/遠雄房地產-官方line-十萬知音，十萬感謝🎉/,2,2,3,1.5,14.5
google / organic,(organic),遠雄房地產 官方LINE | 大巨蛋包廂 限量席次! 邀您入座 - 遠雄房地產,/activity-report/遠雄房地產-官方line-大巨蛋包廂-限量席次-邀您入座/,2,2,2,1,3
google_kw / h713,(organic),活動報報：遠雄房地產最新活動一覽！掌握即時公告與專屬住戶驚喜,/activity_report/,2,2,4,2,18.5
googlemap / o1,googlemap,活動報報：遠雄房地產最新活動一覽！掌握即時公告與專屬住戶驚喜,/activity_report/,2,2,2,1,0.5
(direct) / (none),(direct),遠雄明玥 | 北士科水岸新生活．2000坪全街廓，只蓋一棟｜25-46坪-陳怡靜-遠雄房地產 Farglory-Realty,/ah1/G0116,2,2,2,1,0
(direct) / (none),(direct),遠雄明玥 | 北士科水岸新生活．2000坪全街廓，只蓋一棟｜25-46坪-林育騏-遠雄房地產 Farglory-Realty,/ah1/G0117,2,2,3,1.5,5
(direct) / (none),(direct),遠雄泱玥 | 水岸正首席．北士科首獻｜57-75坪,/ah2/main,2,2,4,2,12.5
(direct) / (none),(direct),好友主題報-2024年8月 - 遠雄房地產,/aug2024/,2,2,2,1,0
google_kw / H113,xinzhuang,找不到頁面 - 遠雄房地產,/build/detail/h113,2,2,2,1,0
(direct) / (none),(direct),找不到頁面 - 遠雄房地產,/build/detail/h602,2,2,2,1,0
(data not available),(cross-network),遠雄房地產精選成屋(台北、新北、台中、桃園、台南、高雄) - 遠雄房地產,/building-category-tag/featured_existing_house/,2,2,2,1,7
(direct) / (none),(direct),遠雄房地產精選成屋(台北、新北、台中、桃園、台南、高雄) - 遠雄房地產,/building-category-tag/featured_existing_house/,2,2,2,1,10
google / cpc,BH8-品牌字,遠雄房地產精選成屋(台北、新北、台中、桃園、台南、高雄) - 遠雄房地產,/building-category-tag/featured_existing_house/,2,2,3,1.5,23.5
google / cpc,BH8-地區字,遠雄房地產精選成屋(台北、新北、台中、桃園、台南、高雄) - 遠雄房地產,/building-category-tag/featured_existing_house/,2,2,2,1,3
google_kw / hm2,202603,精選廠辦 相關預售屋/新成屋/新建案資料|遠雄房地產,/building-category-tag/featured_factory_office/,2,2,5,2.5,16
google_kw / fm3,brand,精選廠辦 相關預售屋/新成屋/新建案資料|遠雄房地產,/building-category-tag/featured_factory_office/,2,2,2,1,1.5
google / cpc,gdn-dgc-manufacturing,精選廠辦 相關預售屋/新成屋/新建案資料|遠雄房地產,/building-category-tag/featured_factory_office/,2,2,2,1,248.5
chatgpt.com / ai-assistant,(ai-assistant),遠雄房地產精選預售屋(台北、新北、台中、桃園、台南、高雄) - 遠雄房地產,/building-category-tag/featured_pre_sale/,2,2,2,1,5
google_kw / bh13,(not set),遠雄房地產精選預售屋(台北、新北、台中、桃園、台南、高雄) - 遠雄房地產,/building-category-tag/featured_pre_sale/,2,2,2,1,8.5
web-sms / (not set),(not set),遠雄房地產精選預售屋(台北、新北、台中、桃園、台南、高雄) - 遠雄房地產,/building-category-tag/featured_pre_sale/,2,2,2,1,20
l.facebook.com / referral,(referral),遠雄房地產精選預售屋(台北、新北、台中、桃園、台南、高雄) - 遠雄房地產,/building-category-tag/featured_pre_sale/,2,2,2,1,22.5
fb / dh6,12,遠雄房地產精選預售屋(台北、新北、台中、桃園、台南、高雄) - 遠雄房地產,/building-category-tag/featured_pre_sale/,2,2,2,1,16
fb / paid,120241218501380402,遠雄房地產精選預售屋(台北、新北、台中、桃園、台南、高雄) - 遠雄房地產,/building-category-tag/featured_pre_sale/,2,2,4,2,27.5
fb / paid,120241576684200634,遠雄房地產精選預售屋(台北、新北、台中、桃園、台南、高雄) - 遠雄房地產,/building-category-tag/featured_pre_sale/,2,2,2,1,23.5
fb / bh13,120242182236150678,遠雄房地產精選預售屋(台北、新北、台中、桃園、台南、高雄) - 遠雄房地產,/building-category-tag/featured_pre_sale/,2,2,2,1,2.5
fb / bh13,120242354949540678,遠雄房地產精選預售屋(台北、新北、台中、桃園、台南、高雄) - 遠雄房地產,/building-category-tag/featured_pre_sale/,2,2,2,1,8
ig / paid,120250075988070316,遠雄房地產精選預售屋(台北、新北、台中、桃園、台南、高雄) - 遠雄房地產,/building-category-tag/featured_pre_sale/,2,2,2,1,4.5
google / cpc,20250616_品牌字,遠雄房地產精選預售屋(台北、新北、台中、桃園、台南、高雄) - 遠雄房地產,/building-category-tag/featured_pre_sale/,2,2,2,1,24.5
fb / bh13,4,遠雄房地產精選預售屋(台北、新北、台中、桃園、台南、高雄) - 遠雄房地產,/building-category-tag/featured_pre_sale/,2,2,2,1,16
fb / bh11,6-3,遠雄房地產精選預售屋(台北、新北、台中、桃園、台南、高雄) - 遠雄房地產,/building-category-tag/featured_pre_sale/,2,2,2,1,21
google / cpc,BH8-品牌字,遠雄房地產精選預售屋(台北、新北、台中、桃園、台南、高雄) - 遠雄房地產,/building-category-tag/featured_pre_sale/,2,2,3,1.5,27
google / cpc,General_Office,遠雄房地產精選預售屋(台北、新北、台中、桃園、台南、高雄) - 遠雄房地產,/building-category-tag/featured_pre_sale/,2,2,2,1,49.5
google / cpc,RSH1-地區字,遠雄房地產精選預售屋(台北、新北、台中、桃園、台南、高雄) - 遠雄房地產,/building-category-tag/featured_pre_sale/,2,2,3,1.5,35.5
google / cpc,WDH2-地區字北投,遠雄房地產精選預售屋(台北、新北、台中、桃園、台南、高雄) - 遠雄房地產,/building-category-tag/featured_pre_sale/,2,2,2,1,8.5
google / cpc,banqiao,遠雄房地產精選預售屋(台北、新北、台中、桃園、台南、高雄) - 遠雄房地產,/building-category-tag/featured_pre_sale/,2,2,4,2,69
google_kw / bh10,beitun,遠雄房地產精選預售屋(台北、新北、台中、桃園、台南、高雄) - 遠雄房地產,/building-category-tag/featured_pre_sale/,2,2,2,1,18.5
google_kw / bh10,brand,遠雄房地產精選預售屋(台北、新北、台中、桃園、台南、高雄) - 遠雄房地產,/building-category-tag/featured_pre_sale/,2,2,2,1,9.5
google / cpc,competitor,遠雄房地產精選預售屋(台北、新北、台中、桃園、台南、高雄) - 遠雄房地產,/building-category-tag/featured_pre_sale/,2,2,2,1,11.5
fb / ar1,fb13-2,遠雄房地產精選預售屋(台北、新北、台中、桃園、台南、高雄) - 遠雄房地產,/building-category-tag/featured_pre_sale/,2,2,3,1.5,37.5
fb / eh2,fb18-6,遠雄房地產精選預售屋(台北、新北、台中、桃園、台南、高雄) - 遠雄房地產,/building-category-tag/featured_pre_sale/,2,2,2,1,3.5
fb / eh5,fb34-2,遠雄房地產精選預售屋(台北、新北、台中、桃園、台南、高雄) - 遠雄房地產,/building-category-tag/featured_pre_sale/,2,2,2,1,22
line-lap / eh6,fb5-4,遠雄房地產精選預售屋(台北、新北、台中、桃園、台南、高雄) - 遠雄房地產,/building-category-tag/featured_pre_sale/,2,2,2,1,5.5
ig / social,ig,遠雄房地產精選預售屋(台北、新北、台中、桃園、台南、高雄) - 遠雄房地產,/building-category-tag/featured_pre_sale/,2,2,2,1,12.5
fb / dh2,leads,遠雄房地產精選預售屋(台北、新北、台中、桃園、台南、高雄) - 遠雄房地產,/building-category-tag/featured_pre_sale/,2,2,4,2,16
fb / wdh2,leads,遠雄房地產精選預售屋(台北、新北、台中、桃園、台南、高雄) - 遠雄房地產,/building-category-tag/featured_pre_sale/,2,2,2,1,37
line-lap / wdh2,line-lap4-3,遠雄房地產精選預售屋(台北、新北、台中、桃園、台南、高雄) - 遠雄房地產,/building-category-tag/featured_pre_sale/,2,2,2,1,22
line-lap / wdh2,line-lap4-3_600x400,遠雄房地產精選預售屋(台北、新北、台中、桃園、台南、高雄) - 遠雄房地產,/building-category-tag/featured_pre_sale/,2,2,2,1,33.5
line-lap / rsh1,line-lap4-5,遠雄房地產精選預售屋(台北、新北、台中、桃園、台南、高雄) - 遠雄房地產,/building-category-tag/featured_pre_sale/,2,2,2,1,10.5
google_kw / bh10,taichung,遠雄房地產精選預售屋(台北、新北、台中、桃園、台南、高雄) - 遠雄房地產,/building-category-tag/featured_pre_sale/,2,2,2,1,11
google / cpc,type,遠雄房地產精選預售屋(台北、新北、台中、桃園、台南、高雄) - 遠雄房地產,/building-category-tag/featured_pre_sale/,2,2,2,1,21
web-ltn / wdh2,web-ltn-7-1,遠雄房地產精選預售屋(台北、新北、台中、桃園、台南、高雄) - 遠雄房地產,/building-category-tag/featured_pre_sale/,2,2,2,1,14
(not set),(not set),遠雄房地產精選預售屋(台北、新北、台中、桃園、台南、高雄) - 遠雄房地產,/building-category-tag/featured_pre_sale/page/2/,2,2,1,0.5,2
fb / fh2,lbs-sms202608,遠雄房地產精選預售屋(台北、新北、台中、桃園、台南、高雄) - 遠雄房地產,/building-category-tag/featured_pre_sale/page/2/,2,2,3,1.5,29
gdn / hm2,202602,精選商辦 相關預售屋/新成屋/新建案資料|遠雄房地產,/building-category-tag/精選商辦/,2,2,2,1,1.5
google_kw / fm3,invest,精選商辦 相關預售屋/新成屋/新建案資料|遠雄房地產,/building-category-tag/精選商辦/,2,2,3,1.5,13.5
google / cpc,(organic),都會區相關預售屋/新成屋/新建案資料|遠雄房地產,/building-tag/build-tag-city/,2,2,3,1.5,17.5
google / organic,(organic),都會區相關預售屋/新成屋/新建案資料|遠雄房地產,/building-tag/build-tag-city/,2,2,3,1.5,23
google / cpc,brand,都會區相關預售屋/新成屋/新建案資料|遠雄房地產,/building-tag/build-tag-city/,2,2,2,1,9.5
fb / fh2,lbs-sms202608,綠建築相關預售屋/新成屋/新建案資料|遠雄房地產,/building-tag/build-tag-green/,2,2,2,1,33.5
fb / wdh2,lbs-sms202608,綠建築相關預售屋/新成屋/新建案資料|遠雄房地產,/building-tag/build-tag-green/,2,2,2,1,3.5
google / cpc,area,捷運宅相關預售屋/新成屋/新建案資料|遠雄房地產,/building-tag/build-tag-mrt/,2,2,2,1,27
google / cpc,brand,捷運宅相關預售屋/新成屋/新建案資料|遠雄房地產,/building-tag/build-tag-mrt/,2,2,3,1.5,29.5
(not set),(not set),水岸宅相關預售屋/新成屋/新建案資料|遠雄房地產,/building-tag/build-tag-river/,2,2,0,0,0
(not set),(not set),學區宅相關預售屋/新成屋/新建案資料|遠雄房地產,/building-tag/build-tag-school/,2,2,1,0.5,6.5
LINE-Liff / bh8,202607-AI,【聯上智科】輝達軸線核心｜北士科福國路首排，純商辦地標，符合ESG指標｜預約尊榮鑑賞 遠雄房地產 聯上智科,/buildings/5VO1/,2,2,2,1,29
fgr-line / fgr,expert_zhu_tax-notice,【聯上智科】輝達軸線核心｜北士科福國路首排，純商辦地標，符合ESG指標｜預約尊榮鑑賞 遠雄房地產 聯上智科,/buildings/5VO1/,2,2,2,1,44.5
google_gdn / 5vo1,7-4,【リンクドスマートテクノロジー】恵達軸の中核｜北石科富国路最前列、純粋な商業・オフィスランドマーク、ESG指標準拠｜ファーグローリー不動産によるリンクドスマートテクノロジーの特別見学ツアー開催,/buildings/5vo1/,2,2,1,0.5,29.5
l.facebook.com / referral,(referral),【聯上智科】輝達軸線核心｜北士科福國路首排，純商辦地標，符合ESG指標｜預約尊榮鑑賞 遠雄房地產 聯上智科,/buildings/5vo1/,2,2,1,0.5,33
google_gdn / 5vo1,202511_1102b,【聯上智科】輝達軸線核心｜北士科福國路首排，純商辦地標，符合ESG指標｜預約尊榮鑑賞 遠雄房地產 聯上智科,/buildings/5vo1/,2,2,2,1,5
fb / 5vo1,20251201,【聯上智科】輝達軸線核心｜北士科福國路首排，純商辦地標，符合ESG指標｜預約尊榮鑑賞 遠雄房地產 聯上智科,/buildings/5vo1/,2,2,3,1.5,6
line-lap / 5vo1,202601-1,【聯上智科】輝達軸線核心｜北士科福國路首排，純商辦地標，符合ESG指標｜預約尊榮鑑賞 遠雄房地產 聯上智科,/buildings/5vo1/,2,2,2,1,0
(not set),20260805一輪播,【聯上智科】輝達軸線核心｜北士科福國路首排，純商辦地標，符合ESG指標｜預約尊榮鑑賞 遠雄房地產 聯上智科,/buildings/5vo1/,2,2,0,0,28.5
google_gdn / 5vo1,2601-2,【聯上智科】輝達軸線核心｜北士科福國路首排，純商辦地標，符合ESG指標｜預約尊榮鑑賞 遠雄房地產 聯上智科,/buildings/5vo1/,2,2,2,1,2
fb / 5vo1,4-6,【聯上智科】輝達軸線核心｜北士科福國路首排，純商辦地標，符合ESG指標｜預約尊榮鑑賞 遠雄房地產 聯上智科,/buildings/5vo1/,2,2,2,1,0
fb / 5vo1,5-3,【聯上智科】輝達軸線核心｜北士科福國路首排，純商辦地標，符合ESG指標｜預約尊榮鑑賞 遠雄房地產 聯上智科,/buildings/5vo1/,2,2,2,1,0
line-lap / eh6,fb5-4,【聯上智科】輝達軸線核心｜北士科福國路首排，純商辦地標，符合ESG指標｜預約尊榮鑑賞 遠雄房地產 聯上智科,/buildings/5vo1/,2,2,2,1,0.5
google / cpc,gdn-01,【聯上智科】輝達軸線核心｜北士科福國路首排，純商辦地標，符合ESG指標｜預約尊榮鑑賞 遠雄房地產 聯上智科,/buildings/5vo1/,2,2,2,1,8.5
google_gdn / 5vo1,gdn-01,【聯上智科】輝達軸線核心｜北士科福國路首排，純商辦地標，符合ESG指標｜預約尊榮鑑賞 遠雄房地產 聯上智科,/buildings/5vo1/,2,2,2,1,0
google / cpc,gdn-02,【聯上智科】輝達軸線核心｜北士科福國路首排，純商辦地標，符合ESG指標｜預約尊榮鑑賞 遠雄房地產 聯上智科,/buildings/5vo1/,2,2,3,1.5,33
google_kw / fm3,invest,【聯上智科】輝達軸線核心｜北士科福國路首排，純商辦地標，符合ESG指標｜預約尊榮鑑賞 遠雄房地產 聯上智科,/buildings/5vo1/,2,2,2,1,70
web / 8fxz01,googlemap,找不到頁面 - 遠雄房地產,/buildings/8fxz01,2,2,2,1,7.5
googel_kw / 8fxz01,commercial,找不到頁面 - 遠雄房地產,/buildings/8fxz01/,2,2,2,1,0
googel_kw / 8fxz01,newtaipei,找不到頁面 - 遠雄房地產,/buildings/8fxz01/,2,2,2,1,0
gdn / 8fxz11,20250305a,找不到頁面 - 遠雄房地產,/buildings/8fxz11/,2,2,2,1,0
gdn / 8fxz11,20250521b,找不到頁面 - 遠雄房地產,/buildings/8fxz11/,2,2,2,1,0
(direct) / (none),(direct),遠雄藝舍-台中西屯區麥當勞旁金店面-預約賞屋，遠雄房地產,/buildings/BH6/,2,2,2,1,7.5
(direct) / (none),(direct),遠雄信義CENTER-新北市板橋區廠辦.商辦/預售新建案-預約賞屋,/buildings/FM3/,2,2,3,1.5,16.5
webnews / fm3,20260803,遠雄信義CENTER-新北市板橋區廠辦.商辦/預售新建案-預約賞屋,/buildings/FM3/,2,2,2,1,3
chatgpt.com / ai-assistant,(ai-assistant),北士科建案【遠雄明玥】2000坪全街廓只蓋一棟．25-46坪,/buildings/ah1/,2,2,3,1.5,27
bing / organic,(organic),北士科建案【遠雄明玥】2000坪全街廓只蓋一棟．25-46坪,/buildings/ah1/,2,2,2,1,17
cn.bing.com / referral,(referral),北士科建案【遠雄明玥】2000坪全街廓只蓋一棟．25-46坪,/buildings/ah1/,2,2,2,1,31.5
fb / paid,120252757377990316,北士科建案【遠雄明玥】2000坪全街廓只蓋一棟．25-46坪,/buildings/ah1/,2,2,2,1,2
(not set),20260805一輪播,北士科建案【遠雄明玥】2000坪全街廓只蓋一棟．25-46坪,/buildings/ah1/,2,2,3,1.5,35
(not set),20260828一輪播,北士科建案【遠雄明玥】2000坪全街廓只蓋一棟．25-46坪,/buildings/ah1/,2,2,2,1,0
google / cpc,WDH2-競品字,北士科建案【遠雄明玥】2000坪全街廓只蓋一棟．25-46坪,/buildings/ah1/,2,2,2,1,90
fb / ah1,ettoday,北士科建案【遠雄明玥】2000坪全街廓只蓋一棟．25-46坪,/buildings/ah1/,2,2,2,1,18
fb / wdh2,fbfanpage,北士科建案【遠雄明玥】2000坪全街廓只蓋一棟．25-46坪,/buildings/ah1/,2,2,2,1,38
chatgpt.com / ai-assistant,(ai-assistant),北士科遠雄泱玥：水岸首排57-75坪大器空間，坐擁絕美壯闊景觀,/buildings/ah2/,2,2,2,1,37
ig / paid,120210867110050402,北士科遠雄泱玥：水岸首排57-75坪大器空間，坐擁絕美壯闊景觀,/buildings/ah2/,2,2,2,1,57
web / ah2,202501-mot,北士科遠雄泱玥：水岸首排57-75坪大器空間，坐擁絕美壯闊景觀,/buildings/ah2/,2,2,2,1,9
google_kw / hm2,202607,北士科遠雄泱玥：水岸首排57-75坪大器空間，坐擁絕美壯闊景觀,/buildings/ah2/,2,2,3,1.5,8
(not set),20260805一輪播,北士科遠雄泱玥：水岸首排57-75坪大器空間，坐擁絕美壯闊景觀,/buildings/ah2/,2,2,2,1,7
(not set),20260813一輪播,北士科遠雄泱玥：水岸首排57-75坪大器空間，坐擁絕美壯闊景觀,/buildings/ah2/,2,2,2,1,45.5
line-lap / 5vo1,7-1,北士科遠雄泱玥：水岸首排57-75坪大器空間，坐擁絕美壯闊景觀,/buildings/ah2/,2,2,2,1,65.5
google / cpc,brand,北士科遠雄泱玥：水岸首排57-75坪大器空間，坐擁絕美壯闊景觀,/buildings/ah2/,2,2,2,1,14
line-lap / ah2,lap-1,北士科遠雄泱玥：水岸首排57-75坪大器空間，坐擁絕美壯闊景觀,/buildings/ah2/,2,2,2,1,0
fb / bh5,leads,北士科遠雄泱玥：水岸首排57-75坪大器空間，坐擁絕美壯闊景觀,/buildings/ah2/,2,2,2,1,53
youtube / ah2,yt-2,北士科遠雄泱玥：水岸首排57-75坪大器空間，坐擁絕美壯闊景觀,/buildings/ah2/,2,2,2,1,0
youtube / ah2,yt-3,北士科遠雄泱玥：水岸首排57-75坪大器空間，坐擁絕美壯闊景觀,/buildings/ah2/,2,2,2,1,0
(not set),20260702一輪播,齊興_緻：北士科住宅預售屋，入主北投核心地段，立即預約賞屋,/buildings/ar1/,2,2,3,1.5,37
(not set),20260805一輪播,齊興_緻：北士科住宅預售屋，入主北投核心地段，立即預約賞屋,/buildings/ar1/,2,2,4,2,1.5
web-edm / friends,20260821,齊興_緻：北士科住宅預售屋，入主北投核心地段，立即預約賞屋,/buildings/ar1/,2,2,2,1,11.5
google / cpc,WDH2-品牌字,齊興_緻：北士科住宅預售屋，入主北投核心地段，立即預約賞屋,/buildings/ar1/,2,2,2,1,5.5
fb / ar1,fb12-2,齊興_緻：北士科住宅預售屋，入主北投核心地段，立即預約賞屋,/buildings/ar1/,2,2,2,1,0
fb / ar1,fb13-3,齊興_緻：北士科住宅預售屋，入主北投核心地段，立即預約賞屋,/buildings/ar1/,2,2,2,1,9.5
web / wdh2,googlemap,齊興_緻：北士科住宅預售屋，入主北投核心地段，立即預約賞屋,/buildings/ar1/,2,2,6,3,34
fb / bh10,fblead,(1) 封未讀訊息 | 北屯敦富路【遠雄敦富】- 北屯機捷預售屋．近好市多,/buildings/bh10/,2,2,0,0,42
(direct) / (none),(direct),"[Farglory Dunfu], Dunfu Road, Beitun - Pre-sale apartments near Beitun Airport MRT Station. Close to Costco.",/buildings/bh10/,2,2,2,1,19
bing / organic,(organic),北屯敦富路【遠雄敦富】- 北屯機捷預售屋．近好市多,/buildings/bh10/,2,2,3,1.5,246
Line-lap / BH1,20210913,北屯敦富路【遠雄敦富】- 北屯機捷預售屋．近好市多,/buildings/bh10/,2,2,3,1.5,5
google / cpc,20211101,北屯敦富路【遠雄敦富】- 北屯機捷預售屋．近好市多,/buildings/bh10/,2,2,2,1,5
gdn / bh1,20211201,北屯敦富路【遠雄敦富】- 北屯機捷預售屋．近好市多,/buildings/bh10/,2,2,2,1,0
(not set),20260805一輪播,北屯敦富路【遠雄敦富】- 北屯機捷預售屋．近好市多,/buildings/bh10/,2,2,1,0.5,27.5
google / cpc,BH8-地區字,北屯敦富路【遠雄敦富】- 北屯機捷預售屋．近好市多,/buildings/bh10/,2,2,2,1,69.5
google_kw / fm3,brand,北屯敦富路【遠雄敦富】- 北屯機捷預售屋．近好市多,/buildings/bh10/,2,2,2,1,25
fb / bh10,fb20267-1,北屯敦富路【遠雄敦富】- 北屯機捷預售屋．近好市多,/buildings/bh10/,2,2,2,1,4.5
fb / bh10,fb20267-3,北屯敦富路【遠雄敦富】- 北屯機捷預售屋．近好市多,/buildings/bh10/,2,2,2,1,44.5
fb / bh10,fb5-2,北屯敦富路【遠雄敦富】- 北屯機捷預售屋．近好市多,/buildings/bh10/,2,2,2,1,4
gdn / bh10,gdn7-2,北屯敦富路【遠雄敦富】- 北屯機捷預售屋．近好市多,/buildings/bh10/,2,2,2,1,0
line-lap / bh10,line-lap202511-6,北屯敦富路【遠雄敦富】- 北屯機捷預售屋．近好市多,/buildings/bh10/,2,2,3,1.5,12.5
line-lap / bh10,line-lap20259-5,北屯敦富路【遠雄敦富】- 北屯機捷預售屋．近好市多,/buildings/bh10/,2,2,3,1.5,241
web-news / bh10,webnewsyahoo1002,北屯敦富路【遠雄敦富】- 北屯機捷預售屋．近好市多,/buildings/bh10/,2,2,2,1,0
(direct) / (none),(direct),遠雄14期首發【遠雄丰尚】北屯新案．近漢神洲際百貨,/buildings/bh11,2,2,2,1,6
google / organic,(organic),(1) 封未讀訊息 | 遠雄14期首發【遠雄丰尚】北屯新案．漢神洲際購物廣場350m,/buildings/bh11/,2,2,0,0,2.5
google / cpc,brand0701,"Farglory Phase 14 Launch: Farglory Fengshang, a new project in Beitun, near Hanshin Intercontinental Department Store.",/buildings/bh11/,2,2,0,0,41
line-lap / dh6,2,遠雄14期首發【遠雄丰尚】北屯新案．漢神洲際購物廣場350m,/buildings/bh11/,2,2,2,1,7
gdn / bh11,20250829,遠雄14期首發【遠雄丰尚】北屯新案．漢神洲際購物廣場350m,/buildings/bh11/,2,2,2,1,0
line / bh11,20251204,遠雄14期首發【遠雄丰尚】北屯新案．漢神洲際購物廣場350m,/buildings/bh11/,2,2,3,1.5,0
line / bh11,20260206-2-4,遠雄14期首發【遠雄丰尚】北屯新案．漢神洲際購物廣場350m,/buildings/bh11/,2,2,2,1,0
webhouse / bh11,202603,遠雄14期首發【遠雄丰尚】北屯新案．漢神洲際購物廣場350m,/buildings/bh11/,2,2,2,1,0
fb / bh11,7-4,遠雄14期首發【遠雄丰尚】北屯新案．漢神洲際購物廣場350m,/buildings/bh11/,2,2,2,1,14
google / cpc,BH8-建案相關,遠雄14期首發【遠雄丰尚】北屯新案．漢神洲際購物廣場350m,/buildings/bh11/,2,2,2,1,4
google / cpc,brand,遠雄14期首發【遠雄丰尚】北屯新案．漢神洲際購物廣場350m,/buildings/bh11/,2,2,2,1,34.5
google_kw / bh11,brand0701,遠雄14期首發【遠雄丰尚】北屯新案．漢神洲際購物廣場350m,/buildings/bh11/,2,2,2,1,0.5
google_kw / bh10,competitor-farglory,遠雄14期首發【遠雄丰尚】北屯新案．漢神洲際購物廣場350m,/buildings/bh11/,2,2,2,1,19.5
google / cpc,core,遠雄14期首發【遠雄丰尚】北屯新案．漢神洲際購物廣場350m,/buildings/bh11/,2,2,2,1,25
ig / social,ig,遠雄14期首發【遠雄丰尚】北屯新案．漢神洲際購物廣場350m,/buildings/bh11/,2,2,2,1,0
line-lap / wdh2,line-lap4-3,遠雄14期首發【遠雄丰尚】北屯新案．漢神洲際購物廣場350m,/buildings/bh11/,2,2,2,1,209.5
fb / eh1,privacy,遠雄14期首發【遠雄丰尚】北屯新案．漢神洲際購物廣場350m,/buildings/bh11/,2,2,2,1,14.5
google_kw / bh13,(organic),遠雄14期首發【遠雄丰尚】北屯新案．近漢神洲際百貨,/buildings/bh11/,2,2,2,1,159
liff.line.me / referral,(referral),遠雄14期首發【遠雄丰尚】北屯新案．近漢神洲際百貨,/buildings/bh11/,2,2,2,1,40.5
webhouse / bh11,202603,遠雄14期首發【遠雄丰尚】北屯新案．近漢神洲際百貨,/buildings/bh11/,2,2,2,1,0
fb / bh11,7-6,遠雄14期首發【遠雄丰尚】北屯新案．近漢神洲際百貨,/buildings/bh11/,2,2,2,1,0
google / cpc,brand,遠雄14期首發【遠雄丰尚】北屯新案．近漢神洲際百貨,/buildings/bh11/,2,2,2,1,19.5
google / cpc,(not set),台中七期．在夏綠地，典藏最優雅的【夏綠蒂】25-38坪,/buildings/bh13/,2,2,2,1,2
gdn / hm2,0602GDN,台中七期．在夏綠地，典藏最優雅的【夏綠蒂】25-38坪,/buildings/bh13/,2,2,2,1,33.5
fb / O1,120227538157820464,台中七期．在夏綠地，典藏最優雅的【夏綠蒂】25-38坪,/buildings/bh13/,2,2,3,1.5,63
google_kw / hm2,202607,台中七期．在夏綠地，典藏最優雅的【夏綠蒂】25-38坪,/buildings/bh13/,2,2,2,1,21
line-lap / eh2,20260701A,台中七期．在夏綠地，典藏最優雅的【夏綠蒂】25-38坪,/buildings/bh13/,2,2,2,1,0
fb / bh13,5,台中七期．在夏綠地，典藏最優雅的【夏綠蒂】25-38坪,/buildings/bh13/,2,2,2,1,3.5
line-lap / 5vo1,7-5,台中七期．在夏綠地，典藏最優雅的【夏綠蒂】25-38坪,/buildings/bh13/,2,2,2,1,2
google / cpc,BH8-品牌字,台中七期．在夏綠地，典藏最優雅的【夏綠蒂】25-38坪,/buildings/bh13/,2,2,2,1,54
google / cpc,BH8-競品字,台中七期．在夏綠地，典藏最優雅的【夏綠蒂】25-38坪,/buildings/bh13/,2,2,2,1,0
google / cpc,RSH1-買房字,台中七期．在夏綠地，典藏最優雅的【夏綠蒂】25-38坪,/buildings/bh13/,2,2,3,1.5,45.5
google / cpc,WDH2-品牌字,台中七期．在夏綠地，典藏最優雅的【夏綠蒂】25-38坪,/buildings/bh13/,2,2,2,1,14
google_kw / bh10,competitor-farglory,台中七期．在夏綠地，典藏最優雅的【夏綠蒂】25-38坪,/buildings/bh13/,2,2,3,1.5,30.5
google / cpc,corearea0701,台中七期．在夏綠地，典藏最優雅的【夏綠蒂】25-38坪,/buildings/bh13/,2,2,4,2,66
google / cpc,demand,台中七期．在夏綠地，典藏最優雅的【夏綠蒂】25-38坪,/buildings/bh13/,2,2,2,1,8
fb / eh6,fb4-6,台中七期．在夏綠地，典藏最優雅的【夏綠蒂】25-38坪,/buildings/bh13/,2,2,2,1,11
fb / eh6,form,台中七期．在夏綠地，典藏最優雅的【夏綠蒂】25-38坪,/buildings/bh13/,2,2,2,1,4
google / cpc,lbs,台中七期．在夏綠地，典藏最優雅的【夏綠蒂】25-38坪,/buildings/bh13/,2,2,2,1,13
fb / h713,leads,台中七期．在夏綠地，典藏最優雅的【夏綠蒂】25-38坪,/buildings/bh13/,2,2,4,2,13.5
fb / eh5,park,台中七期．在夏綠地，典藏最優雅的【夏綠蒂】25-38坪,/buildings/bh13/,2,2,2,1,13.5
gdn / bh2,20220105,找不到頁面 - 遠雄房地產,/buildings/bh2/,2,2,2,1,0
googlemap / bh2,googlemap,找不到頁面 - 遠雄房地產,/buildings/bh2/,2,2,2,1,4.5
google_kw / bh13,(not set),遠雄琉蘊 -台中市西屯區七期預售屋/新建案-預約賞屋，遠雄房地產,/buildings/bh5/,2,2,4,2,158.5
fb / bh13,120242182236150678,遠雄琉蘊 -台中市西屯區七期預售屋/新建案-預約賞屋，遠雄房地產,/buildings/bh5/,2,2,2,1,53.5
(not set),20260702一輪播,遠雄琉蘊 -台中市西屯區七期預售屋/新建案-預約賞屋，遠雄房地產,/buildings/bh5/,2,2,2,1,64
(not set),20260813一輪播,遠雄琉蘊 -台中市西屯區七期預售屋/新建案-預約賞屋，遠雄房地產,/buildings/bh5/,2,2,2,1,36.5
fb / bh5,53,遠雄琉蘊 -台中市西屯區七期預售屋/新建案-預約賞屋，遠雄房地產,/buildings/bh5/,2,2,2,1,22.5
google / cpc,BH8-品牌字,遠雄琉蘊 -台中市西屯區七期預售屋/新建案-預約賞屋，遠雄房地產,/buildings/bh5/,2,2,2,1,194.5
google / cpc,BH8-建案相關,遠雄琉蘊 -台中市西屯區七期預售屋/新建案-預約賞屋，遠雄房地產,/buildings/bh5/,2,2,2,1,2.5
fb / bh5,Y50 skm,遠雄琉蘊 -台中市西屯區七期預售屋/新建案-預約賞屋，遠雄房地產,/buildings/bh5/,2,2,2,1,17.5
google / cpc,brand,遠雄琉蘊 -台中市西屯區七期預售屋/新建案-預約賞屋，遠雄房地產,/buildings/bh5/,2,2,2,1,8
google / cpc,(organic),遠雄藝舍-台中西屯區麥當勞旁金店面-預約賞屋，遠雄房地產,/buildings/bh6/,2,2,3,1.5,36
google_kw / bh13,(organic),遠雄藝舍-台中西屯區麥當勞旁金店面-預約賞屋，遠雄房地產,/buildings/bh6/,2,2,2,1,21
google / cpc,brand,(1) 封未讀訊息 | 【遠雄樂元】北屯機捷X好市多，雙首排大道最核心，夠近才最好,/buildings/bh7/,2,2,0,0,249
google / cpc,(organic),【遠雄樂元】北屯機捷X好市多，雙首排大道最核心，夠近才最好,/buildings/bh7/,2,2,4,2,42.5
fb / bh7,12,【遠雄樂元】北屯機捷X好市多，雙首排大道最核心，夠近才最好,/buildings/bh7/,2,2,2,1,0
fb / bh7,18,【遠雄樂元】北屯機捷X好市多，雙首排大道最核心，夠近才最好,/buildings/bh7/,2,2,2,1,0
fgr-line / bh7,20260710,【遠雄樂元】北屯機捷X好市多，雙首排大道最核心，夠近才最好,/buildings/bh7/,2,2,3,1.5,0
fgr-line / bh7,20260828,【遠雄樂元】北屯機捷X好市多，雙首排大道最核心，夠近才最好,/buildings/bh7/,2,2,2,1,47
fb / bh7,22,【遠雄樂元】北屯機捷X好市多，雙首排大道最核心，夠近才最好,/buildings/bh7/,2,2,2,1,3.5
fb / bh7,5,【遠雄樂元】北屯機捷X好市多，雙首排大道最核心，夠近才最好,/buildings/bh7/,2,2,2,1,1.5
fb / bh7,7,【遠雄樂元】北屯機捷X好市多，雙首排大道最核心，夠近才最好,/buildings/bh7/,2,2,2,1,3.5
fb / bh7,8,【遠雄樂元】北屯機捷X好市多，雙首排大道最核心，夠近才最好,/buildings/bh7/,2,2,2,1,7
google / cpc,competitor0701,【遠雄樂元】北屯機捷X好市多，雙首排大道最核心，夠近才最好,/buildings/bh7/,2,2,4,2,124.5
fb / bh10,fbfanpage,【遠雄樂元】北屯機捷X好市多，雙首排大道最核心，夠近才最好,/buildings/bh7/,2,2,3,1.5,31.5
line-lap / bh7,lap-1,【遠雄樂元】北屯機捷X好市多，雙首排大道最核心，夠近才最好,/buildings/bh7/,2,2,5,2.5,0
fb / bh7,lena-2R,【遠雄樂元】北屯機捷X好市多，雙首排大道最核心，夠近才最好,/buildings/bh7/,2,2,2,1,0
google / cpc,pmax-1-anothercity,【遠雄樂元】北屯機捷X好市多，雙首排大道最核心，夠近才最好,/buildings/bh7/,2,2,2,1,2.5
google / cpc,(not set),台中遠雄洄山行：2-4房方正格局，入主西屯生活圈的質感好宅,/buildings/bh8/,2,2,2,1,50
yahoo / organic,(organic),台中遠雄洄山行：2-4房方正格局，入主西屯生活圈的質感好宅,/buildings/bh8/,2,2,4,2,83.5
farglory.com.tw / referral,(referral),台中遠雄洄山行：2-4房方正格局，入主西屯生活圈的質感好宅,/buildings/bh8/,2,2,3,1.5,51.5
liff.line.me / referral,(referral),台中遠雄洄山行：2-4房方正格局，入主西屯生活圈的質感好宅,/buildings/bh8/,2,2,2,1,7.5
gdn / hm2,0602GDN,台中遠雄洄山行：2-4房方正格局，入主西屯生活圈的質感好宅,/buildings/bh8/,2,2,3,1.5,9.5
fb / bh13,11,台中遠雄洄山行：2-4房方正格局，入主西屯生活圈的質感好宅,/buildings/bh8/,2,2,3,1.5,58.5
line / bh8,20240826,台中遠雄洄山行：2-4房方正格局，入主西屯生活圈的質感好宅,/buildings/bh8/,2,2,2,1,0
LINE-Liff / bh11,202607-AI,台中遠雄洄山行：2-4房方正格局，入主西屯生活圈的質感好宅,/buildings/bh8/,2,2,2,1,281.5
web-sms / bh8,CRM-210-D,台中遠雄洄山行：2-4房方正格局，入主西屯生活圈的質感好宅,/buildings/bh8/,2,2,2,1,0
web-sms / bh8,CRM-211-D,台中遠雄洄山行：2-4房方正格局，入主西屯生活圈的質感好宅,/buildings/bh8/,2,2,2,1,0
google / cpc,corearea0701,台中遠雄洄山行：2-4房方正格局，入主西屯生活圈的質感好宅,/buildings/bh8/,2,2,2,1,22.5
fb / bh10,fb20268-1,台中遠雄洄山行：2-4房方正格局，入主西屯生活圈的質感好宅,/buildings/bh8/,2,2,3,1.5,51.5
fb / bh8,fb28-1,台中遠雄洄山行：2-4房方正格局，入主西屯生活圈的質感好宅,/buildings/bh8/,2,2,2,1,4
fb / bh10,fblead,台中遠雄洄山行：2-4房方正格局，入主西屯生活圈的質感好宅,/buildings/bh8/,2,2,2,1,92
google_kw / bh8,information4,台中遠雄洄山行：2-4房方正格局，入主西屯生活圈的質感好宅,/buildings/bh8/,2,2,2,1,0
fgr-line / fgr,land_handover,台中遠雄洄山行：2-4房方正格局，入主西屯生活圈的質感好宅,/buildings/bh8/,2,2,2,1,1
fb / bh11,leads,台中遠雄洄山行：2-4房方正格局，入主西屯生活圈的質感好宅,/buildings/bh8/,2,2,2,1,10.5
google_kw / bh13,(organic),水湳遠雄綠美：鄰近綠美圖與中央公園，入主智慧經貿特區預售屋,/buildings/bh9/,2,2,3,1.5,31.5
google_kw / hm2,202607,水湳遠雄綠美：鄰近綠美圖與中央公園，入主智慧經貿特區預售屋,/buildings/bh9/,2,2,2,1,78
(not set),20260805一輪播,水湳遠雄綠美：鄰近綠美圖與中央公園，入主智慧經貿特區預售屋,/buildings/bh9/,2,2,1,0.5,25
(not set),20260813一輪播,水湳遠雄綠美：鄰近綠美圖與中央公園，入主智慧經貿特區預售屋,/buildings/bh9/,2,2,1,0.5,38
google / cpc,BH8-品牌字,水湳遠雄綠美：鄰近綠美圖與中央公園，入主智慧經貿特區預售屋,/buildings/bh9/,2,2,2,1,70.5
google / cpc,BH8-地區字,水湳遠雄綠美：鄰近綠美圖與中央公園，入主智慧經貿特區預售屋,/buildings/bh9/,2,2,2,1,42
google / cpc,BH8-建案相關,水湳遠雄綠美：鄰近綠美圖與中央公園，入主智慧經貿特區預售屋,/buildings/bh9/,2,2,2,1,6
google / cpc,brand0701,水湳遠雄綠美：鄰近綠美圖與中央公園，入主智慧經貿特區預售屋,/buildings/bh9/,2,2,2,1,29.5
google / cpc,othercities_brand,水湳遠雄綠美：鄰近綠美圖與中央公園，入主智慧經貿特區預售屋,/buildings/bh9/,2,2,2,1,32
google / cpc,gdn-dgc-stage,大河商厦 - 台北市士林区工場・オフィスビル／新築分譲プロジェクト - 内覧予約受付中、ファーイースタンマーケティング,/buildings/dgm1/,2,2,1,0.5,10
m.facebook.com / referral,(referral),大河商爵-台北市士林區廠辦/預售新建案-預約賞屋，遠創力行銷,/buildings/dgm1/,2,2,2,1,0
tw.search.yahoo.com / referral,(referral),大河商爵-台北市士林區廠辦/預售新建案-預約賞屋，遠創力行銷,/buildings/dgm1/,2,2,2,1,63
google / cpc,WDH2-品牌字,大河商爵-台北市士林區廠辦/預售新建案-預約賞屋，遠創力行銷,/buildings/dgm1/,2,2,3,1.5,12.5
google_kw / fm3,area_taoyuan_other,大河商爵-台北市士林區廠辦/預售新建案-預約賞屋，遠創力行銷,/buildings/dgm1/,2,2,3,1.5,0
google_kw / fm3,area_xinbei_zhonghe,大河商爵-台北市士林區廠辦/預售新建案-預約賞屋，遠創力行銷,/buildings/dgm1/,2,2,3,1.5,4.5
google_kw / dgm1,factory,大河商爵-台北市士林區廠辦/預售新建案-預約賞屋，遠創力行銷,/buildings/dgm1/,2,2,2,1,0
fb / dgm1,fbfanpage0807,大河商爵-台北市士林區廠辦/預售新建案-預約賞屋，遠創力行銷,/buildings/dgm1/,2,2,2,1,4.5
fb / dgm1,fbfanpage0814,大河商爵-台北市士林區廠辦/預售新建案-預約賞屋，遠創力行銷,/buildings/dgm1/,2,2,2,1,0
google_kw / dgm1,taipei,大河商爵-台北市士林區廠辦/預售新建案-預約賞屋，遠創力行銷,/buildings/dgm1/,2,2,2,1,0
web-ettoday / dgm1,web-ettoday0721,大河商爵-台北市士林區廠辦/預售新建案-預約賞屋，遠創力行銷,/buildings/dgm1/,2,2,2,1,0
web-udn / dgm1,web-udn0731,大河商爵-台北市士林區廠辦/預售新建案-預約賞屋，遠創力行銷,/buildings/dgm1/,2,2,2,1,35.5
m.facebook.com / referral,(referral),找不到頁面 - 遠雄房地產,/buildings/dh1,2,2,2,1,0
(data not available),(cross-network),台南永康遠雄山禾：鹽行特區3-4房，鄰商圈與交通樞紐的理想宅,/buildings/dh2/,2,2,3,1.5,26.5
(not set),(not set),台南永康遠雄山禾：鹽行特區3-4房，鄰商圈與交通樞紐的理想宅,/buildings/dh2/,2,2,0,0,14
google_kw / dh2,(referral),台南永康遠雄山禾：鹽行特區3-4房，鄰商圈與交通樞紐的理想宅,/buildings/dh2/,2,2,1,0.5,1
line-lap / dh6,1,台南永康遠雄山禾：鹽行特區3-4房，鄰商圈與交通樞紐的理想宅,/buildings/dh2/,2,2,2,1,2.5
google_kw / hm2,202607,台南永康遠雄山禾：鹽行特區3-4房，鄰商圈與交通樞紐的理想宅,/buildings/dh2/,2,2,2,1,18.5
line-lap / dh2,8,台南永康遠雄山禾：鹽行特區3-4房，鄰商圈與交通樞紐的理想宅,/buildings/dh2/,2,2,2,1,0
line-lap / dh2,9,台南永康遠雄山禾：鹽行特區3-4房，鄰商圈與交通樞紐的理想宅,/buildings/dh2/,2,2,3,1.5,7
fb / dh2,fb-43,台南永康遠雄山禾：鹽行特區3-4房，鄰商圈與交通樞紐的理想宅,/buildings/dh2/,2,2,2,1,21
ig / social,ig,台南永康遠雄山禾：鹽行特區3-4房，鄰商圈與交通樞紐的理想宅,/buildings/dh2/,2,2,2,1,55.5
l.instagram.com / referral,(referral),遠雄綠禾-台南市永康區新成屋/新建案-預約賞屋，遠雄房地產,/buildings/dh3/,2,2,2,1,0
line-lap / dh3,6,遠雄綠禾-台南市永康區新成屋/新建案-預約賞屋，遠雄房地產,/buildings/dh3/,2,2,3,1.5,0
line-lap / dh3,8,遠雄綠禾-台南市永康區新成屋/新建案-預約賞屋，遠雄房地產,/buildings/dh3/,2,2,2,1,0
ig / social,ig,遠雄綠禾-台南市永康區新成屋/新建案-預約賞屋，遠雄房地產,/buildings/dh3/,2,2,2,1,75.5
google / cpc,brand,(1) 封未讀訊息 | 【遠雄蘊合】千坪旗艦，親水生活｜收納中西區最美流動26-43坪．新案早鳥預約,/buildings/dh6/,2,2,0,0,15.5
google_kw / bh13,(organic),【遠雄蘊合】千坪旗艦，親水生活｜收納中西區最美流動26-43坪．新案早鳥預約,/buildings/dh6/,2,2,2,1,10.5
l.instagram.com / referral,(referral),【遠雄蘊合】千坪旗艦，親水生活｜收納中西區最美流動26-43坪．新案早鳥預約,/buildings/dh6/,2,2,2,1,5
(not set),20260618一輪播,【遠雄蘊合】千坪旗艦，親水生活｜收納中西區最美流動26-43坪．新案早鳥預約,/buildings/dh6/,2,2,3,1.5,3
line-lap / eh2,20260701C,【遠雄蘊合】千坪旗艦，親水生活｜收納中西區最美流動26-43坪．新案早鳥預約,/buildings/dh6/,2,2,2,1,5.5
line-lap / 5vo1,7-1,【遠雄蘊合】千坪旗艦，親水生活｜收納中西區最美流動26-43坪．新案早鳥預約,/buildings/dh6/,2,2,1,0.5,0.5
sms / aep-cdp,CRM-001-D,【遠雄蘊合】千坪旗艦，親水生活｜收納中西區最美流動26-43坪．新案早鳥預約,/buildings/dh6/,2,2,2,1,28.5
google / cpc,XXXX,【遠雄蘊合】千坪旗艦，親水生活｜收納中西區最美流動26-43坪．新案早鳥預約,/buildings/dh6/,2,2,4,2,107.5
google_kw / dh6,lbs,【遠雄蘊合】千坪旗艦，親水生活｜收納中西區最美流動26-43坪．新案早鳥預約,/buildings/dh6/,2,2,2,1,0
fb / dh2,leads,【遠雄蘊合】千坪旗艦，親水生活｜收納中西區最美流動26-43坪．新案早鳥預約,/buildings/dh6/,2,2,4,2,10.5
google / organic,(organic),(1) 封未讀訊息 | 高雄建案推薦【遠雄峰蘊】- 三民區預售屋．近科工館,/buildings/eh1/,2,2,0,0,80
web-ettoday / eh1,20230913,高雄建案推薦【遠雄峰蘊】- 三民區預售屋．近科工館,/buildings/eh1/,2,2,2,1,0
web-edm / friends,20260821,高雄建案推薦【遠雄峰蘊】- 三民區預售屋．近科工館,/buildings/eh1/,2,2,2,1,2
(not set),20260828一輪播,高雄建案推薦【遠雄峰蘊】- 三民區預售屋．近科工館,/buildings/eh1/,2,2,2,1,8.5
gdn / hm2,4-2pmaxv2,高雄建案推薦【遠雄峰蘊】- 三民區預售屋．近科工館,/buildings/eh1/,2,2,2,1,43.5
web-sms / eh1,CRM-207-D,高雄建案推薦【遠雄峰蘊】- 三民區預售屋．近科工館,/buildings/eh1/,2,2,2,1,4.5
google / cpc,XXXX,高雄建案推薦【遠雄峰蘊】- 三民區預售屋．近科工館,/buildings/eh1/,2,2,2,1,84
web-sms / eh1,ai_01,高雄建案推薦【遠雄峰蘊】- 三民區預售屋．近科工館,/buildings/eh1/,2,2,2,1,0
web-sms / eh1,ai_02,高雄建案推薦【遠雄峰蘊】- 三民區預售屋．近科工館,/buildings/eh1/,2,2,2,1,0
google / cpc,brand0701,高雄建案推薦【遠雄峰蘊】- 三民區預售屋．近科工館,/buildings/eh1/,2,2,2,1,6.5
google-map / organic,eh1,高雄建案推薦【遠雄峰蘊】- 三民區預售屋．近科工館,/buildings/eh1/,2,2,1,0.5,11
googlemap / organic,eh1,高雄建案推薦【遠雄峰蘊】- 三民區預售屋．近科工館,/buildings/eh1/,2,2,2,1,88
fb / eh1,fb20265-1videoSAB,高雄建案推薦【遠雄峰蘊】- 三民區預售屋．近科工館,/buildings/eh1/,2,2,2,1,12
fb / eh1,fb20266-1,高雄建案推薦【遠雄峰蘊】- 三民區預售屋．近科工館,/buildings/eh1/,2,2,2,1,22.5
fb / eh1,fb20267-6,高雄建案推薦【遠雄峰蘊】- 三民區預售屋．近科工館,/buildings/eh1/,2,2,2,1,1
googlemap / o1,googlemap,高雄建案推薦【遠雄峰蘊】- 三民區預售屋．近科工館,/buildings/eh1/,2,2,2,1,56.5
google / cpc,type,高雄建案推薦【遠雄峰蘊】- 三民區預售屋．近科工館,/buildings/eh1/,2,2,5,2.5,72
(data not available),(cross-network),遠雄一靚：楠梓高大特區首發新案，2432坪大基地，早鳥預約諮詢中,/buildings/eh2/,2,2,4,2,23.5
bing / organic,(organic),遠雄一靚：楠梓高大特區首發新案，2432坪大基地，早鳥預約諮詢中,/buildings/eh2/,2,2,2,1,26.5
google / cpc,(referral),遠雄一靚：楠梓高大特區首發新案，2432坪大基地，早鳥預約諮詢中,/buildings/eh2/,2,2,2,1,10.5
(not set),20260805一輪播,遠雄一靚：楠梓高大特區首發新案，2432坪大基地，早鳥預約諮詢中,/buildings/eh2/,2,2,2,1,55.5
(not set),20260828一輪播,遠雄一靚：楠梓高大特區首發新案，2432坪大基地，早鳥預約諮詢中,/buildings/eh2/,2,2,2,1,3.5
google / cpc,com,遠雄一靚：楠梓高大特區首發新案，2432坪大基地，早鳥預約諮詢中,/buildings/eh2/,2,2,2,1,19
fb / eh2,fb17-1,遠雄一靚：楠梓高大特區首發新案，2432坪大基地，早鳥預約諮詢中,/buildings/eh2/,2,2,2,1,5
leju / eh2,lejuweb,遠雄一靚：楠梓高大特區首發新案，2432坪大基地，早鳥預約諮詢中,/buildings/eh2/,2,2,2,1,0
line-lap / rsh1,line-lap4-2,遠雄一靚：楠梓高大特區首發新案，2432坪大基地，早鳥預約諮詢中,/buildings/eh2/,2,2,3,1.5,6
line-lap / wdh2,line-lap4-2_600x400,遠雄一靚：楠梓高大特區首發新案，2432坪大基地，早鳥預約諮詢中,/buildings/eh2/,2,2,2,1,3
line-lap / wdh2,line-lap4-3,遠雄一靚：楠梓高大特區首發新案，2432坪大基地，早鳥預約諮詢中,/buildings/eh2/,2,2,4,2,7
google / cpc,(not set),遠雄一靚：楠梓高大特區首發新案，2432坪大基地，早鳥預約諮詢中,/buildings/eh2//,2,2,2,1,0
gdn / eh3,20220411,找不到頁面 - 遠雄房地產,/buildings/eh3/,2,2,2,1,3
gdn / eh3,20221219,找不到頁面 - 遠雄房地產,/buildings/eh3/,2,2,2,1,0
google / cpc,brand,(1) 封未讀訊息 | 遠雄沐蘊-高雄市三民區預售屋/新建案-預約賞屋,/buildings/eh5/,2,2,0,0,12
google / cpc,brand,(2) 封未讀訊息 | 遠雄沐蘊-高雄市三民區預售屋/新建案-預約賞屋,/buildings/eh5/,2,2,0,0,9.5
tw.search.yahoo.com / referral,(referral),遠雄沐蘊-高雄市三民區預售屋/新建案-預約賞屋,/buildings/eh5/,2,2,2,1,23.5
web-ettoday / eh5,20250124,遠雄沐蘊-高雄市三民區預售屋/新建案-預約賞屋,/buildings/eh5/,2,2,2,1,0
webnews / eh5,202607,遠雄沐蘊-高雄市三民區預售屋/新建案-預約賞屋,/buildings/eh5/,2,2,2,1,30
sms / aep-cdp,CRM-001-D,遠雄沐蘊-高雄市三民區預售屋/新建案-預約賞屋,/buildings/eh5/,2,2,2,1,14.5
google / cpc,O1_品牌字_2025.0801,遠雄沐蘊-高雄市三民區預售屋/新建案-預約賞屋,/buildings/eh5/,2,2,2,1,13.5
google / cpc,O1_特色字_2025.0801,遠雄沐蘊-高雄市三民區預售屋/新建案-預約賞屋,/buildings/eh5/,2,2,2,1,14.5
google / cpc,Qianzhen.Qianjin,遠雄沐蘊-高雄市三民區預售屋/新建案-預約賞屋,/buildings/eh5/,2,2,3,1.5,53.5
fb / eh5,fb35-1,遠雄沐蘊-高雄市三民區預售屋/新建案-預約賞屋,/buildings/eh5/,2,2,2,1,0
line / eh5,line,遠雄沐蘊-高雄市三民區預售屋/新建案-預約賞屋,/buildings/eh5/,2,2,2,1,1.5
(data not available),(cross-network),找不到頁面 - 遠雄房地產,/buildings/eh6/,2,2,3,1.5,0
teams.public.onecdn.static.microsoft / referral,(referral),遠雄蘴靚｜高雄楠梓新門戶｜捷運R21站旁｜3795坪豪闊基地,/buildings/eh6/,2,2,4,2,167
web-sms / eh6,20260410,遠雄蘴靚｜高雄楠梓新門戶｜捷運R21站旁｜3795坪豪闊基地,/buildings/eh6/,2,2,5,2.5,96
line-lap / eh2,20260701A,遠雄蘴靚｜高雄楠梓新門戶｜捷運R21站旁｜3795坪豪闊基地,/buildings/eh6/,2,2,2,1,1.5
line-lap / eh2,20260701B,遠雄蘴靚｜高雄楠梓新門戶｜捷運R21站旁｜3795坪豪闊基地,/buildings/eh6/,2,2,2,1,29
line-lap / 5vo1,7-5,遠雄蘴靚｜高雄楠梓新門戶｜捷運R21站旁｜3795坪豪闊基地,/buildings/eh6/,2,2,2,1,1.5
fgr-line / fgr,expert_zhu_tax-notice,遠雄蘴靚｜高雄楠梓新門戶｜捷運R21站旁｜3795坪豪闊基地,/buildings/eh6/,2,2,2,1,4.5
fb / eh6,fb5-6,遠雄蘴靚｜高雄楠梓新門戶｜捷運R21站旁｜3795坪豪闊基地,/buildings/eh6/,2,2,2,1,0
google / cpc,information4,遠雄蘴靚｜高雄楠梓新門戶｜捷運R21站旁｜3795坪豪闊基地,/buildings/eh6/,2,2,2,1,8.5
line-lap / wdh2,line-lap4-3_600x400,遠雄蘴靚｜高雄楠梓新門戶｜捷運R21站旁｜3795坪豪闊基地,/buildings/eh6/,2,2,2,1,14
line-lap / rsh1,line-lap4-5,遠雄蘴靚｜高雄楠梓新門戶｜捷運R21站旁｜3795坪豪闊基地,/buildings/eh6/,2,2,2,1,2.5
web / bh11,popup_ai_202608,遠雄蘴靚｜高雄楠梓新門戶｜捷運R21站旁｜3795坪豪闊基地,/buildings/eh6/,2,2,2,1,59
chatgpt.com / ai-assistant,(ai-assistant),遠雄合雅｜板橋之心・合院之上｜2~4房．24~66坪,/buildings/fh2/,2,2,2,1,59
google / cpc,(organic),遠雄合雅｜板橋之心・合院之上｜2~4房．24~66坪,/buildings/fh2/,2,2,2,1,44
console-v2.omnichat.ai / referral,(referral),遠雄合雅｜板橋之心・合院之上｜2~4房．24~66坪,/buildings/fh2/,2,2,2,1,5
google / cpc,RSH1-買房字,遠雄合雅｜板橋之心・合院之上｜2~4房．24~66坪,/buildings/fh2/,2,2,3,1.5,91.5
google_kw / fh2,brand,遠雄合雅｜板橋之心・合院之上｜2~4房．24~66坪,/buildings/fh2/,2,2,2,1,8
google_kw / fh2,competitor,遠雄合雅｜板橋之心・合院之上｜2~4房．24~66坪,/buildings/fh2/,2,2,2,1,0
fb / fh2,fb5-2,遠雄合雅｜板橋之心・合院之上｜2~4房．24~66坪,/buildings/fh2/,2,2,2,1,2
fb / fh2,fbfanpage0425,遠雄合雅｜板橋之心・合院之上｜2~4房．24~66坪,/buildings/fh2/,2,2,2,1,6.5
fb / fh2,fbfanpage0814,遠雄合雅｜板橋之心・合院之上｜2~4房．24~66坪,/buildings/fh2/,2,2,2,1,5.5
fb / fh2,fbfanpage0822,遠雄合雅｜板橋之心・合院之上｜2~4房．24~66坪,/buildings/fh2/,2,2,3,1.5,48.5
line-lap / rsh1,line-lap4-5,遠雄合雅｜板橋之心・合院之上｜2~4房．24~66坪,/buildings/fh2/,2,2,5,2.5,105
gdn / fm1,220819,找不到頁面 - 遠雄房地產,/buildings/fm1/,2,2,2,1,0
google / cpc,20250718,遠雄信義CENTER-新北市板橋區廠辦.商辦/預售新建案-預約賞屋,/buildings/fm3/,2,2,2,1,2.5
google_kw / hm2,202603,遠雄信義CENTER-新北市板橋區廠辦.商辦/預售新建案-預約賞屋,/buildings/fm3/,2,2,2,1,26.5
google / cpc,General_Office,遠雄信義CENTER-新北市板橋區廠辦.商辦/預售新建案-預約賞屋,/buildings/fm3/,2,2,2,1,0
google / cpc,area_Industrial-Office,遠雄信義CENTER-新北市板橋區廠辦.商辦/預售新建案-預約賞屋,/buildings/fm3/,2,2,3,1.5,0.5
google / cpc,area_Office,遠雄信義CENTER-新北市板橋區廠辦.商辦/預售新建案-預約賞屋,/buildings/fm3/,2,2,2,1,7.5
fb / fm3,fb13-1,遠雄信義CENTER-新北市板橋區廠辦.商辦/預售新建案-預約賞屋,/buildings/fm3/,2,2,2,1,0
fb / fm3,fb15-5,遠雄信義CENTER-新北市板橋區廠辦.商辦/預售新建案-預約賞屋,/buildings/fm3/,2,2,2,1,0
google / cpc,newtaipei,遠雄信義CENTER-新北市板橋區廠辦.商辦/預售新建案-預約賞屋,/buildings/fm3/,2,2,2,1,20.5
web-udn / rsh1,web-udn0724,遠雄信義CENTER-新北市板橋區廠辦.商辦/預售新建案-預約賞屋,/buildings/fm3/,2,2,2,1,60.5
google / cpc,(organic),遠雄星呈-台中市清水區預售屋/新建案-預約賞屋，遠雄房地產,/buildings/h707/,2,2,2,1,14.5
google_kw / bh13,(organic),遠雄星呈-台中市清水區預售屋/新建案-預約賞屋，遠雄房地產,/buildings/h707/,2,2,2,1,234.5
teams.public.onecdn.static.microsoft / referral,(referral),遠雄星呈-台中市清水區預售屋/新建案-預約賞屋，遠雄房地產,/buildings/h707/,2,2,2,1,12
webnews / h707,20250918,遠雄星呈-台中市清水區預售屋/新建案-預約賞屋，遠雄房地產,/buildings/h707/,2,2,2,1,0
news / h707,202603,遠雄星呈-台中市清水區預售屋/新建案-預約賞屋，遠雄房地產,/buildings/h707/,2,2,2,1,37.5
google_kw / fm3,brand,遠雄星呈-台中市清水區預售屋/新建案-預約賞屋，遠雄房地產,/buildings/h707/,2,2,2,1,31.5
web-sms / cdp,cdpcid,遠雄星呈-台中市清水區預售屋/新建案-預約賞屋，遠雄房地產,/buildings/h707/,2,2,2,1,2.5
google / cpc,gdn-4,遠雄星呈-台中市清水區預售屋/新建案-預約賞屋，遠雄房地產,/buildings/h707/,2,2,2,1,30.5
google_kw / bh13,(organic),遠雄幸福成｜全新落成 - 台中市梧棲區新成屋-預約賞屋，遠雄房地產,/buildings/h713/,2,2,2,1,1.5
console-v2.omnichat.ai / referral,(referral),遠雄幸福成｜全新落成 - 台中市梧棲區新成屋-預約賞屋，遠雄房地產,/buildings/h713/,2,2,2,1,2
l.instagram.com / referral,(referral),遠雄幸福成｜全新落成 - 台中市梧棲區新成屋-預約賞屋，遠雄房地產,/buildings/h713/,2,2,4,2,10.5
fb / h713,0930post,遠雄幸福成｜全新落成 - 台中市梧棲區新成屋-預約賞屋，遠雄房地產,/buildings/h713/,2,2,2,1,55.5
(not set),20260805一輪播,遠雄幸福成｜全新落成 - 台中市梧棲區新成屋-預約賞屋，遠雄房地產,/buildings/h713/,2,2,3,1.5,19.5
(not set),20260813一輪播,遠雄幸福成｜全新落成 - 台中市梧棲區新成屋-預約賞屋，遠雄房地產,/buildings/h713/,2,2,1,0.5,16
google / cpc,gdn-4,遠雄幸福成｜全新落成 - 台中市梧棲區新成屋-預約賞屋，遠雄房地產,/buildings/h713/,2,2,2,1,10.5
ig / social,ig,遠雄幸福成｜全新落成 - 台中市梧棲區新成屋-預約賞屋，遠雄房地產,/buildings/h713/,2,2,2,1,64
google / cpc,othercities_brand,遠雄幸福成｜全新落成 - 台中市梧棲區新成屋-預約賞屋，遠雄房地產,/buildings/h713/,2,2,2,1,33.5
(direct) / (none),(direct),找不到頁面 - 遠雄房地產,/buildings/h807/,2,2,2,1,6.5
gdn / h901,invest-picture,找不到頁面 - 遠雄房地產,/buildings/h901/,2,2,2,1,0
(data not available),(cross-network),遠雄琢蘊-高雄市三民區預售屋/新建案-預約賞屋，遠雄房地產,/buildings/h902/,2,2,2,1,3
google / cpc,(organic),遠雄琢蘊-高雄市三民區預售屋/新建案-預約賞屋，遠雄房地產,/buildings/h902/,2,2,2,1,25
teams.public.onecdn.static.microsoft / referral,(referral),遠雄琢蘊-高雄市三民區預售屋/新建案-預約賞屋，遠雄房地產,/buildings/h902/,2,2,2,1,15
google / cpc,area,遠雄琢蘊-高雄市三民區預售屋/新建案-預約賞屋，遠雄房地產,/buildings/h902/,2,2,2,1,25.5
googlemap / h95,googlemap,找不到頁面 - 遠雄房地產,/buildings/h95/,2,2,3,1.5,7.5
web / hch1,googlemap,找不到頁面 - 遠雄房地產,/buildings/hch1/,2,2,2,1,7.5
gdn / hh2,20240208,找不到頁面 - 遠雄房地產,/buildings/hh2/,2,2,3,1.5,0
gdn / hh3,gdn-1,找不到頁面 - 遠雄房地產,/buildings/hh3/,2,2,2,1,0
gdn / him1,gdnjuly,找不到頁面 - 遠雄房地產,/buildings/him1/,2,2,2,1,15
line-lap / hlh1,3-1,找不到頁面 - 遠雄房地產,/buildings/hlh1/,2,2,2,1,0
gdn / hm2,0602GDN,"Khu công nghệ Farglory MetaLink | Trụ sở chính doanh nghiệp siêu hiện đại, thân thiện với môi trường, diện tích khoảng 1630 mét vuông, kích thước 3700 ping.",/buildings/hm2/,2,2,2,1,11
gdn / (not set),(not set),遠雄MetaLink科技園區 | 3700坪超旗艦 森態企業總部,/buildings/hm2/,2,2,2,1,0
line-lap / hm2,0208,遠雄MetaLink科技園區 | 3700坪超旗艦 森態企業總部,/buildings/hm2/,2,2,2,1,2.5
google / cpc,0405,遠雄MetaLink科技園區 | 3700坪超旗艦 森態企業總部,/buildings/hm2/,2,2,2,1,0
google / cpc,1204G,遠雄MetaLink科技園區 | 3700坪超旗艦 森態企業總部,/buildings/hm2/,2,2,2,1,1
google_gdn / 5vo1,7-4,遠雄MetaLink科技園區 | 3700坪超旗艦 森態企業總部,/buildings/hm2/,2,2,2,1,54.5
google / cpc,pmax,遠雄MetaLink科技園區 | 3700坪超旗艦 森態企業總部,/buildings/hm2/,2,2,6,3,0
google_kw / fm3,storage,遠雄MetaLink科技園區 | 3700坪超旗艦 森態企業總部,/buildings/hm2/,2,2,2,1,5.5
google / cpc,20211203,找不到頁面 - 遠雄房地產,/buildings/m62/,2,2,2,1,0
LineLAP / CPC,0401_orange,找不到頁面 - 遠雄房地產,/buildings/msm1/,2,2,2,1,0
google / cpc,O1_地區字_2025.0801,"Farglory THE ONE - Newly Built/Constructed Housing Project in Qianzhen District, Kaohsiung City - Schedule a Viewing",/buildings/o1/,2,2,0,0,22
google / cpc,Qianzhen.Qianjin,遠雄THE ONE-高雄市前鎮區新成屋/新建案-預約賞屋,/buildings/o1/,2,2,2,1,26.5
google / cpc,competing,遠雄THE ONE-高雄市前鎮區新成屋/新建案-預約賞屋,/buildings/o1/,2,2,3,1.5,18
google / cpc,demand,遠雄THE ONE-高雄市前鎮區新成屋/新建案-預約賞屋,/buildings/o1/,2,2,2,1,19.5
fb / o1,fb29-1,遠雄THE ONE-高雄市前鎮區新成屋/新建案-預約賞屋,/buildings/o1/,2,2,2,1,0
fb / o1,fb29-2,遠雄THE ONE-高雄市前鎮區新成屋/新建案-預約賞屋,/buildings/o1/,2,2,2,1,3.5
fb / o1,fb29-3,遠雄THE ONE-高雄市前鎮區新成屋/新建案-預約賞屋,/buildings/o1/,2,2,2,1,1.5
fb / o1,fb29-4,遠雄THE ONE-高雄市前鎮區新成屋/新建案-預約賞屋,/buildings/o1/,2,2,2,1,0
fb / o1,fb31-2,遠雄THE ONE-高雄市前鎮區新成屋/新建案-預約賞屋,/buildings/o1/,2,2,2,1,7
google_kw / o1,luxury-apartment,遠雄THE ONE-高雄市前鎮區新成屋/新建案-預約賞屋,/buildings/o1/,2,2,2,1,0
google / cpc,(organic),若水秧翠｜東京視野・頂埔門牌｜1~3房．20~42坪,/buildings/rsh1/,2,2,2,1,35
10.77.55.125 / referral,(referral),若水秧翠｜東京視野・頂埔門牌｜1~3房．20~42坪,/buildings/rsh1/,2,2,3,1.5,12
liff.line.me / referral,(referral),若水秧翠｜東京視野・頂埔門牌｜1~3房．20~42坪,/buildings/rsh1/,2,2,2,1,14.5
line-lap / hm2,0601,若水秧翠｜東京視野・頂埔門牌｜1~3房．20~42坪,/buildings/rsh1/,2,2,2,1,3
gdn / hm2,0602GDN,若水秧翠｜東京視野・頂埔門牌｜1~3房．20~42坪,/buildings/rsh1/,2,2,2,1,0
google_kw / hm2,202607,若水秧翠｜東京視野・頂埔門牌｜1~3房．20~42坪,/buildings/rsh1/,2,2,2,1,10
(not set),20260828一輪播,若水秧翠｜東京視野・頂埔門牌｜1~3房．20~42坪,/buildings/rsh1/,2,2,2,1,489.5
sms / aep-cdp,CRM-001-D,若水秧翠｜東京視野・頂埔門牌｜1~3房．20~42坪,/buildings/rsh1/,2,2,2,1,32.5
google_kw / fm3,brand,若水秧翠｜東京視野・頂埔門牌｜1~3房．20~42坪,/buildings/rsh1/,2,2,2,1,15.5
fb / rsh1,fb5-4,若水秧翠｜東京視野・頂埔門牌｜1~3房．20~42坪,/buildings/rsh1/,2,2,2,1,3
fb / rsh1,fb7-4,若水秧翠｜東京視野・頂埔門牌｜1~3房．20~42坪,/buildings/rsh1/,2,2,2,1,19
fb / rsh1,fb8-1,若水秧翠｜東京視野・頂埔門牌｜1~3房．20~42坪,/buildings/rsh1/,2,2,2,1,0.5
fb / rsh1,fbfanpage0814,若水秧翠｜東京視野・頂埔門牌｜1~3房．20~42坪,/buildings/rsh1/,2,2,2,1,5.5
fb / rsh1,fbfanpage0822,若水秧翠｜東京視野・頂埔門牌｜1~3房．20~42坪,/buildings/rsh1/,2,2,2,1,2
line-lap / wdh2,line-lap4-2,若水秧翠｜東京視野・頂埔門牌｜1~3房．20~42坪,/buildings/rsh1/,2,2,2,1,3
line-lap / wdh2,line-lap4-3,若水秧翠｜東京視野・頂埔門牌｜1~3房．20~42坪,/buildings/rsh1/,2,2,2,1,1
line / rsh1,line0807,若水秧翠｜東京視野・頂埔門牌｜1~3房．20~42坪,/buildings/rsh1/,2,2,2,1,2.5
line / rsh1,lineqa,若水秧翠｜東京視野・頂埔門牌｜1~3房．20~42坪,/buildings/rsh1/,2,2,2,1,8.5
mydachi / rsh1,mydachi-fb0703,若水秧翠｜東京視野・頂埔門牌｜1~3房．20~42坪,/buildings/rsh1/,2,2,2,1,0
google / cpc,(organic),天母蒔麗｜15~25坪．1-2房｜北投行義路，近石牌站,/buildings/wdh2/,2,2,2,1,7.5
line-lap / eh2,20260701A,天母蒔麗｜15~25坪．1-2房｜北投行義路，近石牌站,/buildings/wdh2/,2,2,2,1,3
line-lap / 5vo1,7-5,天母蒔麗｜15~25坪．1-2房｜北投行義路，近石牌站,/buildings/wdh2/,2,2,2,1,1.5
google / cpc,competitor,天母蒔麗｜15~25坪．1-2房｜北投行義路，近石牌站,/buildings/wdh2/,2,2,2,1,0
fb / wdh2,fb4-2video,天母蒔麗｜15~25坪．1-2房｜北投行義路，近石牌站,/buildings/wdh2/,2,2,2,1,3.5
fb / wdh2,fbfanpage0703,天母蒔麗｜15~25坪．1-2房｜北投行義路，近石牌站,/buildings/wdh2/,2,2,3,1.5,30
line-lap / rsh1,line-lap4-2,天母蒔麗｜15~25坪．1-2房｜北投行義路，近石牌站,/buildings/wdh2/,2,2,2,1,1.5
(data not available),(cross-network),遠雄夏沐-桃園市桃園區成屋/新建案-預約賞屋，遠雄房地產,/buildings/遠雄夏沐/,2,2,2,1,13
google_kw / hm2,202607,遠雄夏沐-桃園市桃園區成屋/新建案-預約賞屋，遠雄房地產,/buildings/遠雄夏沐/,2,2,2,1,16
(not set),20260828一輪播,遠雄夏沐-桃園市桃園區成屋/新建案-預約賞屋，遠雄房地產,/buildings/遠雄夏沐/,2,2,2,1,36
google / cpc,brand,遠雄夏沐-桃園市桃園區成屋/新建案-預約賞屋，遠雄房地產,/buildings/遠雄夏沐/,2,2,2,1,25.5
(direct) / (none),(direct),C360-target-測試頁面 - 遠雄房地產,/c360-target-test-page/,2,2,3,1.5,4
farglory.surveycake.com / referral,(referral),遠雄房地產,/campaign,2,2,2,1,0
(not set),20260429一輪播,遠雄房地產,/campaign,2,2,2,1,0
fgr-line / bh13,20260520,遠雄房地產,/campaign,2,2,3,1.5,0
fgr-line / eh6,20260814,遠雄房地產,/campaign,2,2,2,1,0
fgr-line / fgr,expert_li_stock-housing-cycle,遠雄房地產,/campaign,2,2,2,1,0
fgr-line / eh6,listbutton,遠雄房地產,/campaign,2,2,2,1,0
fgr-line / fgr,playlist=e93ee4e&video=9ce0307,遠雄房地產,/campaign,2,2,2,1,0
fgr-line / bh13,20260520,遠雄房地產官方LINE,/campaign,2,2,3,1.5,78.5
fgr-line / eh6,20260814,遠雄房地產官方LINE,/campaign,2,2,2,1,32.5
fgr-line / fgr,expert_li_stock-housing-cycle,遠雄房地產官方LINE,/campaign,2,2,2,1,154
fgr-line / eh6,listbutton,遠雄房地產官方LINE,/campaign,2,2,4,2,117
fgr-line / fgr,playlist=e93ee4e&video=9ce0307,遠雄房地產官方LINE,/campaign,2,2,2,1,49
google / organic,(organic),CASA GAUDI 晴空樹,/casa_gaudi/,2,2,2,1,59.5
(not set),(not set),熱銷建案：全台預售屋與新成屋一覽，遠雄房地產助您尋獲理想好宅,/case/,2,2,0,0,0
bing / organic,(organic),熱銷建案：全台預售屋與新成屋一覽，遠雄房地產助您尋獲理想好宅,/case/,2,2,2,1,8
google_kw / dh2,(organic),熱銷建案：全台預售屋與新成屋一覽，遠雄房地產助您尋獲理想好宅,/case/,2,2,2,1,2
google / cpc,O1_品牌字_2025.0801,熱銷建案：全台預售屋與新成屋一覽，遠雄房地產助您尋獲理想好宅,/case/,2,2,2,1,2
google / cpc,area,熱銷建案：全台預售屋與新成屋一覽，遠雄房地產助您尋獲理想好宅,/case/,2,2,3,1.5,9.5
fb / eh6,fb6-2,熱銷建案：全台預售屋與新成屋一覽，遠雄房地產助您尋獲理想好宅,/case/,2,2,2,1,4
google / cpc,information3,熱銷建案：全台預售屋與新成屋一覽，遠雄房地產助您尋獲理想好宅,/case/,2,2,2,1,4
(not set),生活提案,熱銷建案：全台預售屋與新成屋一覽，遠雄房地產助您尋獲理想好宅,/case/,2,2,2,1,4.5
google / cpc,(not set),熱銷建案一覽：遠雄全台預售屋、新建案與新成屋，尋獲理想家園,/case/search/,2,2,6,3,41.5
l.facebook.com / referral,(referral),熱銷建案一覽：遠雄全台預售屋、新建案與新成屋，尋獲理想家園,/case/search/,2,2,4,2,30.5
liff.line.me / referral,(referral),熱銷建案一覽：遠雄全台預售屋、新建案與新成屋，尋獲理想家園,/case/search/,2,2,8,4,77
fb / bh13,1,熱銷建案一覽：遠雄全台預售屋、新建案與新成屋，尋獲理想家園,/case/search/,2,2,9,4.5,34
fb / bh13,120242182236150678,熱銷建案一覽：遠雄全台預售屋、新建案與新成屋，尋獲理想家園,/case/search/,2,2,4,2,31
web-edm / friends,20260821,熱銷建案一覽：遠雄全台預售屋、新建案與新成屋，尋獲理想家園,/case/search/,2,2,2,1,12
fb / bh7,28,熱銷建案一覽：遠雄全台預售屋、新建案與新成屋，尋獲理想家園,/case/search/,2,2,2,1,13
gdn / hm2,6-1pmax,熱銷建案一覽：遠雄全台預售屋、新建案與新成屋，尋獲理想家園,/case/search/,2,2,2,1,1
gdn / hm2,6-1pmaxv2,熱銷建案一覽：遠雄全台預售屋、新建案與新成屋，尋獲理想家園,/case/search/,2,2,2,1,38
google / cpc,O1_品牌字_2025.0801,熱銷建案一覽：遠雄全台預售屋、新建案與新成屋，尋獲理想家園,/case/search/,2,2,1,0.5,2
google / cpc,O1_特色字_2025.0801,熱銷建案一覽：遠雄全台預售屋、新建案與新成屋，尋獲理想家園,/case/search/,2,2,2,1,18
google / cpc,O1_競品字_2025.0801,熱銷建案一覽：遠雄全台預售屋、新建案與新成屋，尋獲理想家園,/case/search/,2,2,5,2.5,39
google / cpc,RSH1-品牌字,熱銷建案一覽：遠雄全台預售屋、新建案與新成屋，尋獲理想家園,/case/search/,2,2,8,4,30
google / cpc,WDH2-地區字,熱銷建案一覽：遠雄全台預售屋、新建案與新成屋，尋獲理想家園,/case/search/,2,2,3,1.5,13.5
google_kw / bh10,brand,熱銷建案一覽：遠雄全台預售屋、新建案與新成屋，尋獲理想家園,/case/search/,2,2,6,3,44.5
google / cpc,competing,熱銷建案一覽：遠雄全台預售屋、新建案與新成屋，尋獲理想家園,/case/search/,2,2,5,2.5,43
google / cpc,competitor,熱銷建案一覽：遠雄全台預售屋、新建案與新成屋，尋獲理想家園,/case/search/,2,2,6,3,82
google_kw / fm3,competitor,熱銷建案一覽：遠雄全台預售屋、新建案與新成屋，尋獲理想家園,/case/search/,2,2,2,1,4.5
google / cpc,demand,熱銷建案一覽：遠雄全台預售屋、新建案與新成屋，尋獲理想家園,/case/search/,2,2,3,1.5,40.5
fb / eh5,fbfanpage,熱銷建案一覽：遠雄全台預售屋、新建案與新成屋，尋獲理想家園,/case/search/,2,2,3,1.5,27
google / cpc,gdn-dgc-stage,熱銷建案一覽：遠雄全台預售屋、新建案與新成屋，尋獲理想家園,/case/search/,2,2,2,1,20.5
line-lap / rsh1,line-lap4-2,熱銷建案一覽：遠雄全台預售屋、新建案與新成屋，尋獲理想家園,/case/search/,2,2,2,1,10.5
line-lap / wdh2,line-lap4-3_600x400,熱銷建案一覽：遠雄全台預售屋、新建案與新成屋，尋獲理想家園,/case/search/,2,2,2,1,0.5
line-lap / rsh1,line-lap4-5,熱銷建案一覽：遠雄全台預售屋、新建案與新成屋，尋獲理想家園,/case/search/,2,2,2,1,0
google_kw / hm2,sitelink,熱銷建案一覽：遠雄全台預售屋、新建案與新成屋，尋獲理想家園,/case/search/,2,2,2,1,8
web-ltn / wdh2,web-ltn-7-1,熱銷建案一覽：遠雄全台預售屋、新建案與新成屋，尋獲理想家園,/case/search/,2,2,2,1,32.5
web-ltn / wdh2,web-ltn0821,熱銷建案一覽：遠雄全台預售屋、新建案與新成屋，尋獲理想家園,/case/search/,2,2,2,1,12
sms / (not set),(not set),熱銷建案一覽：遠雄全台預售屋、新建案與新成屋，尋獲理想家園,/case/search/building-category-tag/134/,2,2,4,2,96
google_kw / bh13,(organic),熱銷建案一覽：遠雄全台預售屋、新建案與新成屋，尋獲理想家園,/case/search/page/2/,2,2,2,1,7
google_kw / hm2,202607,熱銷建案一覽：遠雄全台預售屋、新建案與新成屋，尋獲理想家園,/case/search/page/2/,2,2,2,1,24.5
(not set),20260702一輪播,熱銷建案一覽：遠雄全台預售屋、新建案與新成屋，尋獲理想家園,/case/search/page/2/,2,2,5,2.5,15
google / cpc,WDH2-品牌字,熱銷建案一覽：遠雄全台預售屋、新建案與新成屋，尋獲理想家園,/case/search/page/2/,2,2,5,2.5,45.5
google / cpc,WDH2-地區字,熱銷建案一覽：遠雄全台預售屋、新建案與新成屋，尋獲理想家園,/case/search/page/2/,2,2,2,1,12.5
google_kw / bh10,brand,熱銷建案一覽：遠雄全台預售屋、新建案與新成屋，尋獲理想家園,/case/search/page/2/,2,2,2,1,12.5
web / bh11,popup_ai_202608,熱銷建案一覽：遠雄全台預售屋、新建案與新成屋，尋獲理想家園,/case/search/page/2/,2,2,2,1,7.5
google_kw / bh13,(organic),熱銷建案一覽：遠雄全台預售屋、新建案與新成屋，尋獲理想家園,/case/search/page/3/,2,2,4,2,8.5
(not set),20260828一輪播,熱銷建案一覽：遠雄全台預售屋、新建案與新成屋，尋獲理想家園,/case/search/page/3/,2,2,1,0.5,35
google / cpc,WDH2-地區字,熱銷建案一覽：遠雄全台預售屋、新建案與新成屋，尋獲理想家園,/case/search/page/3/,2,2,2,1,8
google / cpc,gdn-4,熱銷建案一覽：遠雄全台預售屋、新建案與新成屋，尋獲理想家園,/case/search/page/3/,2,2,3,1.5,36
ig / social,ig,熱銷建案一覽：遠雄全台預售屋、新建案與新成屋，尋獲理想家園,/case/search/page/3/,2,2,2,1,16
google_kw / bh13,(organic),熱銷建案一覽：遠雄全台預售屋、新建案與新成屋，尋獲理想家園,/case/search/page/4/,2,2,3,1.5,7.5
(not set),20260813一輪播,熱銷建案一覽：遠雄全台預售屋、新建案與新成屋，尋獲理想家園,/case/search/page/4/,2,2,1,0.5,10
google / cpc,gdn-4,熱銷建案一覽：遠雄全台預售屋、新建案與新成屋，尋獲理想家園,/case/search/page/4/,2,2,2,1,10.5
sms / aep-cdp,CRM-001-D,熱銷建案一覽：遠雄全台預售屋、新建案與新成屋，尋獲理想家園,/case/search/page/5/,2,2,2,1,14
google / cpc,gdn-4,熱銷建案一覽：遠雄全台預售屋、新建案與新成屋，尋獲理想家園,/case/search/page/5/,2,2,2,1,11.5
(not set),20260813一輪播,熱銷建案一覽：遠雄全台預售屋、新建案與新成屋，尋獲理想家園,/case/search/page/6/,2,2,1,0.5,5
google_kw / fm3,brand,熱銷建案一覽：遠雄全台預售屋、新建案與新成屋，尋獲理想家園,/case/search/page/6/,2,2,2,1,24
l.facebook.com / referral,(referral),熱銷建案一覽：遠雄全台預售屋、新建案與新成屋，尋獲理想家園,/case/search/sales_status/coming-soon/,2,2,3,1.5,32.5
fb / paid,120229456515280138,熱銷建案一覽：遠雄全台預售屋、新建案與新成屋，尋獲理想家園,/case/search/sales_status/coming-soon/,2,2,11,5.5,171.5
news / bh13,20260508,熱銷建案一覽：遠雄全台預售屋、新建案與新成屋，尋獲理想家園,/case/search/sales_status/coming-soon/,2,2,5,2.5,38
line-lap / eh2,20260701A,熱銷建案一覽：遠雄全台預售屋、新建案與新成屋，尋獲理想家園,/case/search/sales_status/coming-soon/,2,2,2,1,14.5
google / cpc,RSH1-品牌字,熱銷建案一覽：遠雄全台預售屋、新建案與新成屋，尋獲理想家園,/case/search/sales_status/coming-soon/,2,2,2,1,20
google / cpc,demand,熱銷建案一覽：遠雄全台預售屋、新建案與新成屋，尋獲理想家園,/case/search/sales_status/coming-soon/,2,2,2,1,12
line-lap / eh6,fb5-4,熱銷建案一覽：遠雄全台預售屋、新建案與新成屋，尋獲理想家園,/case/search/sales_status/coming-soon/,2,2,2,1,8.5
fb / eh6,form,熱銷建案一覽：遠雄全台預售屋、新建案與新成屋，尋獲理想家園,/case/search/sales_status/coming-soon/,2,2,2,1,85.5
ig / social,ig,熱銷建案一覽：遠雄全台預售屋、新建案與新成屋，尋獲理想家園,/case/search/sales_status/coming-soon/,2,2,2,1,10
google / cpc,lbs,熱銷建案一覽：遠雄全台預售屋、新建案與新成屋，尋獲理想家園,/case/search/sales_status/coming-soon/,2,2,2,1,7.5
line-lap / wdh2,line-lap4-3_600x400,熱銷建案一覽：遠雄全台預售屋、新建案與新成屋，尋獲理想家園,/case/search/sales_status/coming-soon/,2,2,2,1,36
google / organic,(organic),熱銷建案一覽：遠雄全台預售屋、新建案與新成屋，尋獲理想家園,/case/search/sales_status/coming-soon/page/2/,2,2,2,1,9
news / bh13,20260508,熱銷建案一覽：遠雄全台預售屋、新建案與新成屋，尋獲理想家園,/case/search/sales_status/coming-soon/page/2/,2,2,3,1.5,23.5
google / cpc,gdn-4,熱銷建案一覽：遠雄全台預售屋、新建案與新成屋，尋獲理想家園,/case/search/sales_status/coming-soon/page/2/,2,2,2,1,54
news / bh13,20260508,熱銷建案一覽：遠雄全台預售屋、新建案與新成屋，尋獲理想家園,/case/search/sales_status/coming-soon/page/3/,2,2,2,1,5
(data not available),(cross-network),熱銷建案一覽：遠雄全台預售屋、新建案與新成屋，尋獲理想家園,/case/search/sales_status/hot-sale/,2,2,2,1,8
(not set),(not set),熱銷建案一覽：遠雄全台預售屋、新建案與新成屋，尋獲理想家園,/case/search/sales_status/hot-sale/,2,2,2,1,68.5
gdn / hm2,0602GDN,熱銷建案一覽：遠雄全台預售屋、新建案與新成屋，尋獲理想家園,/case/search/sales_status/hot-sale/,2,2,2,1,5
gdn / hm2,0603GDN,熱銷建案一覽：遠雄全台預售屋、新建案與新成屋，尋獲理想家園,/case/search/sales_status/hot-sale/,2,2,2,1,6
google_kw / hm2,202607,熱銷建案一覽：遠雄全台預售屋、新建案與新成屋，尋獲理想家園,/case/search/sales_status/hot-sale/,2,2,2,1,7.5
(not set),20260805一輪播,熱銷建案一覽：遠雄全台預售屋、新建案與新成屋，尋獲理想家園,/case/search/sales_status/hot-sale/,2,2,2,1,57.5
google / cpc,BH8-地區字,熱銷建案一覽：遠雄全台預售屋、新建案與新成屋，尋獲理想家園,/case/search/sales_status/hot-sale/,2,2,2,1,4
google_kw / h713,(organic),您正在找 - 遠雄房地產,/,2,2,4,2,10
google / cpc,O1_地區字_2025.0801,熱銷建案一覽：遠雄全台預售屋、新建案與新成屋，尋獲理想家園,/case/search/sales_status/hot-sale/,2,2,2,1,13.5
google / cpc,O1_特色字_2025.0801,熱銷建案一覽：遠雄全台預售屋、新建案與新成屋，尋獲理想家園,/case/search/sales_status/hot-sale/,2,2,3,1.5,23.5
google_kw / bh10,brand,熱銷建案一覽：遠雄全台預售屋、新建案與新成屋，尋獲理想家園,/case/search/sales_status/hot-sale/,2,2,3,1.5,9
google_kw / fm3,competitor,熱銷建案一覽：遠雄全台預售屋、新建案與新成屋，尋獲理想家園,/case/search/sales_status/hot-sale/,2,2,2,1,14.5
fb / eh1,fb3-4,熱銷建案一覽：遠雄全台預售屋、新建案與新成屋，尋獲理想家園,/case/search/sales_status/hot-sale/,2,2,2,1,3.5
fb / bh10,fbfanpage,熱銷建案一覽：遠雄全台預售屋、新建案與新成屋，尋獲理想家園,/case/search/sales_status/hot-sale/,2,2,3,1.5,12
google / cpc,(organic),熱銷建案一覽：遠雄全台預售屋、新建案與新成屋，尋獲理想家園,/case/search/sales_status/hot-sale/page/2/,2,2,2,1,16.5
google / cpc,(organic),熱銷建案一覽：遠雄全台預售屋、新建案與新成屋，尋獲理想家園,/case/search/sales_status/hot-sale/page/3/,2,2,3,1.5,22
google_kw / fm3,brand,買主口碑推薦：遠雄建案與預售屋真實見證，分享卓越品質居住心得,/case/wom_recommendation/,2,2,2,1,28.5
google / cpc,gdn-4,買主口碑推薦：遠雄建案與預售屋真實見證，分享卓越品質居住心得,/case/wom_recommendation/,2,2,2,1,2.5
ig / social,ig,買主口碑推薦：遠雄建案與預售屋真實見證，分享卓越品質居住心得,/case/wom_recommendation/,2,2,2,1,10
google / organic,(organic),聯絡我們｜提供專業諮詢服務，全心成就成家夢想，歡迎與我們聯繫,/contact_service/contact_us/,2,2,5,2.5,68
google_kw / fm3,brand,聯絡我們｜提供專業諮詢服務，全心成就成家夢想，歡迎與我們聯繫,/contact_service/contact_us/,2,2,2,1,9.5
(not set),20260813一輪播,加入遠雄築夢齊飛！成就房地產專業職涯，共創卓越未來,/contact_service/join_farglory/,2,2,2,1,32.5
LINE-Liff / eh1,202606-AI,遠雄房地產,/ebook,2,2,6,3,0
LINE-Liff / bh11,202607-AI,遠雄房地產,/ebook,2,2,4,2,0
fgr-line / eh5,20260724,遠雄房地產,/ebook,2,2,7,3.5,0
(not set),20260805一輪播,遠雄房地產,/ebook,2,2,5,2.5,0
fgr-line / fgr,expert_zhu_pre-sale-house-property-rights,遠雄房地產,/ebook,2,2,2,1,0
(not set),20260805一輪播,遠雄房地產官方LINE,/ebook,2,2,3,1.5,33.5
fgr-line / fgr,5vo1-news_tech-office,遠雄房地產官方LINE,/ebook,2,2,2,1,0
fgr-line / fgr,expert_zhu_pre-sale-house-property-rights,遠雄房地產官方LINE,/ebook,2,2,2,1,0.5
(not set),生活提案,遠雄房地產官方LINE,/ebook,2,2,4,2,24
(direct) / (none),(direct),訂閱成功！遠房好友報將持續更新生活提案，開啟您的理想居家日常,/edm_thank_you_page/,2,2,2,1,4
google / organic,(organic),訂閱成功！遠房好友報將持續更新生活提案，開啟您的理想居家日常,/edm_thank_you_page/,2,2,3,1.5,6.5
mkto-sn070013.com / referral,(referral),訂閱成功！遠房好友報將持續更新生活提案，開啟您的理想居家日常,/edm_thank_you_page/,2,2,2,1,0.5
google_kw / hm2,202607,國家級的建築肯定-遠雄房地產,/farglory-realty-about/national-building/,2,2,3,1.5,2.5
(not set),20260828一輪播,國家級的建築肯定-遠雄房地產,/farglory-realty-about/national-building/,2,2,1,0.5,1
(not set),20260805一輪播,世界造鎮推手‧遠雄譜寫台灣經濟奇蹟-遠雄房地產,/farglory-realty-about/push-hand/,2,2,1,0.5,3
(not set),20260828一輪播,世界造鎮推手‧遠雄譜寫台灣經濟奇蹟-遠雄房地產,/farglory-realty-about/push-hand/,2,2,1,0.5,0
(not set),20260813一輪播,遠房好友電子報：訂閱房市情報與會員好禮，掌握第一手購屋資訊,/farglory-realty_edm/,2,2,1,0.5,0
mkto-sn070013.com / referral,(referral),2026二月主題報 - 遠雄房地產,/feb2026/,2,2,3,1.5,25.5
(direct) / (none),(direct),遠雄夏綠蒂 | 數位意向書-遠雄房地產 Farglory-Realty,/form/cancel,2,2,2,1,0
(not set),20260813一輪播,遠雄夏綠蒂 | 數位意向書-遠雄房地產 Farglory-Realty,/form/result/complete,2,2,2,1,29.5
(direct) / (none),(direct),遠雄夏綠蒂 | 數位意向書-遠雄房地產 Farglory-Realty,/form/verify/1fWNs2,2,2,2,1,0
(direct) / (none),(direct),遠雄夏綠蒂 | 數位意向書-遠雄房地產 Farglory-Realty,/form/verify/MoDDq1,2,2,5,2.5,7.5
(direct) / (none),(direct),遠雄夏綠蒂 | 數位意向書-遠雄房地產 Farglory-Realty,/form/verify/ccVh8,2,2,2,1,224.5
(direct) / (none),(direct),遠雄夏綠蒂 | 數位意向書-遠雄房地產 Farglory-Realty,/form/verify/ynb9Z1,2,2,2,1,33
(not set),20260813一輪播,遠雄夏綠蒂 | 數位意向書-遠雄房地產 Farglory-Realty,/form/write,2,2,2,1,123.5
m.facebook.com / referral,(referral),遠雄房地產,/integrate,2,2,2,1,0
(not set),20260429一輪播,遠雄房地產,/integrate,2,2,4,2,0
(not set),20260618一輪播,遠雄房地產,/integrate,2,2,7,3.5,0
fgr-line / eh6,20260814,遠雄房地產,/integrate,2,2,4,2,0
fgr-line / fgr,5vo1-news_tech-office,遠雄房地產,/integrate,2,2,4,2,0
fgr-line / fgr,expert_law_y-rlee_joint-ownership,遠雄房地產,/integrate,2,2,4,2,14
youtube / fgr,expert_zhu_legal-reserve,遠雄房地產,/integrate,2,2,6,3,0
fgr-line / fgr,land_handover,遠雄房地產,/integrate,2,2,7,3.5,0
(not set),(not set),二親等 彙整 - 遠雄房地產,/life-proposal-tag/2、市場/2稅務政策相關/gift_tax/二親等/,2,2,0,0,0
(not set),(not set),豪宅稅 彙整 - 遠雄房地產,/life-proposal-tag/2、市場/2稅務政策相關/house_tax/豪宅稅/,2,2,0,0,0
(not set),(not set),重購退稅 彙整 - 遠雄房地產,/life-proposal-tag/2、市場/2稅務政策相關/重購退稅/,2,2,0,0,5.5
(direct) / (none),(direct),商用不動產 彙整 - 遠雄房地產,/life-proposal-tag/2、市場/commercial_real_estate/,2,2,2,1,0
(not set),(not set),交屋品質 彙整 - 遠雄房地產,/life-proposal-tag/3、交易/1購屋流程相關/交屋品質/,2,2,0,0,0
(not set),(not set),明星學區 彙整 - 頁2，共2 - 遠雄房地產,/life-proposal-tag/5、區域/1區域地段/明星學區/page/2/,2,2,0,0,0
(direct) / (none),(direct),台中市 彙整 - 遠雄房地產,/life-proposal-tag/5、區域/1區域地段/縣市/台中市/,2,2,2,1,11
google / organic,(organic),梧棲區 彙整 - 遠雄房地產,/life-proposal-tag/5、區域/1區域地段/縣市/台中市/wuqi/,2,2,2,1,20
(not set),(not set),水湳經貿園區 彙整 - 遠雄房地產,/life-proposal-tag/5、區域/1區域地段/縣市/台中市/xitun/水湳經貿園區/,2,2,0,0,0
(not set),(not set),鹽行區 彙整 - 遠雄房地產,/life-proposal-tag/5、區域/1區域地段/縣市/台南市/yanxing/,2,2,0,0,0
(direct) / (none),(direct),高雄市 彙整 - 遠雄房地產,/life-proposal-tag/5、區域/1區域地段/縣市/高雄市/,2,2,3,1.5,45
(not set),(not set),亞灣區 彙整 - 遠雄房地產,/life-proposal-tag/5、區域/1區域地段/縣市/高雄市/亞灣區/,2,2,0,0,0
(not set),(not set),楠梓區 彙整 - 遠雄房地產,/life-proposal-tag/5、區域/1區域地段/縣市/高雄市/楠梓區/,2,2,0,0,0
google / cpc,brand,82期重劃區 彙整 - 遠雄房地產,/life-proposal-tag/5、區域/1區域地段/縣市/高雄市/楠梓區/82期重劃區/,2,2,2,1,7
google / organic,(organic),預售屋 彙整 - 遠雄房地產,/life-proposal-tag/6、產品/1建築專有名詞/屋型/預售屋/,2,2,2,1,5.5
google / organic,(organic),主建物面積 彙整 - 遠雄房地產,/life-proposal-tag/6、產品/2建築計算/主建物面積/,2,2,2,1,9
(not set),(not set),建築設計 彙整 - 遠雄房地產,/life-proposal-tag/6、產品/4產品規劃-建築/b-建築設計/,2,2,0,0,0
google / organic,(organic),借名登記 彙整 - 遠雄房地產,/life-proposal-tag/law_property/borrow_name/,2,2,3,1.5,7.5
(not set),(not set),房貸緊縮 彙整 - 遠雄房地產,/life-proposal-tag/二/房貸/房貸緊縮/,2,2,0,0,0
bing / organic,(organic),實價登錄怎麼看才不會被騙？常見6大陷阱與破解方法一次搞懂,/life-proposal/actual_selling_price20220708/,2,2,2,1,48.5
(not set),20260813一輪播,實價登錄怎麼看才不會被騙？常見6大陷阱與破解方法一次搞懂,/life-proposal/actual_selling_price20220708/,2,2,0,0,4
(direct) / (none),(direct),建案熱區巡禮：準珍稀保值性，高資產族低調買進軟橋段 - 遠雄房地產,/life-proposal/ar1-1/,2,2,2,1,4.5
(direct) / (none),(direct),跟著輝達看台北新國門：北士科軟橋段，一場AI產業與平原綠意的宜居提案,/life-proposal/ar1-bstk-ai/,2,2,2,1,0
(direct) / (none),(direct),首購新手買房重點：棟距與社區規劃好不好，住起來差很大 - 遠雄房地產,/life-proposal/architectural_planning/,2,2,2,1,17.5
(not set),(not set),建案熱區巡禮：台南永康大灣重劃區 - 綠地休憩篇 - 遠雄房地產,/life-proposal/area-hotspot-tnn-dawan_park_20240229/,2,2,0,0,0
(not set),(not set),建案熱區巡禮：台南永康大灣重劃區 - 學區篇 - 遠雄房地產,/life-proposal/area-hotspot-tnn-dawan_school_20240303/,2,2,0,0,0
(not set),(not set),建案熱區巡禮：台南永康大灣重劃區 - 交通篇 - 遠雄房地產,/life-proposal/area-hotspot-tnn-dawan_traffic_20240313/,2,2,0,0,0
(not set),20260813一輪播,高雄楠梓區高大特區生活圈 | 建案熱區巡禮 - 遠雄房地產,/life-proposal/area-kaohsiung-nanzi_nuk_function_20250211/,2,2,0,0,0
(not set),高雄楠梓,高雄楠梓區高大特區生活圈 | 建案熱區巡禮 - 遠雄房地產,/life-proposal/area-kaohsiung-nanzi_nuk_function_20250211/,2,2,0,0,11
google / organic,(organic),高大特區綠地指南：後勁溪生態廊道與藍田公園總覽,/life-proposal/area-kaohsiung-nanzi_nuk_park_20250217/,2,2,2,1,35.5
(not set),20260813一輪播,楠梓高大特區寵物友善地點推薦：必訪5家餐廳＋3大寵物同樂好去處 - 遠雄房地產,/life-proposal/area-kaohsiung-nanzi_nuk_pet-cafe_20250613/,2,2,0,0,30
(not set),20260805一輪播,高雄楠梓區高大特區寵物友善景點散步趣：與毛孩共享綠意生活 - 遠雄房地產,/life-proposal/area-kaohsiung-nanzi_nuk_pet-walk_20250606/,2,2,0,0,0
tw.images.search.yahoo.com / referral,(referral),高大特區綠地與明星學區：藍田國小招生與文教機能總覽,/life-proposal/area-kaohsiung-nanzi_nuk_school_20250225/,2,2,2,1,17.5
(not set),(not set),建案熱區巡禮：高雄楠梓區高大特區 - 交通篇 - 遠雄房地產,/life-proposal/area-kaohsiung-nanzi_nuk_traffic_20250307/,2,2,0,0,5
(direct) / (none),(direct),高雄三民區中都重劃區生活圈，離塵不離城 | 建案熱區巡禮 - 遠雄房地產,/life-proposal/area-khh-central_202306719/,2,2,2,1,11.5
(not set),(not set),新竹市東區 - 以科技驅動的繁榮未來 | 建案熱區巡禮 - 遠雄房地產,/life-proposal/area-l-hsinchu-east20240110/,2,2,0,0,0
(not set),(not set),高雄楠梓區 - 從工業重鎮到經濟新引擎的崛起 | 建案熱區巡禮 - 遠雄房地產,/life-proposal/area-l-kaohsiung-nanzi_20250121/,2,2,0,0,0
tw.search.yahoo.com / referral,(referral),前鎮房市加速！205 兵工廠遷移與特貿三開發，完善亞灣區交通樞紐,/life-proposal/area-l-kaohsiung-qianzhen_20220805/,2,2,2,1,8.5
(not set),(not set),中和翻轉！萬大線與舊廠翻新紅利 | 建案熱區巡禮 - 遠雄房地產,/life-proposal/area-l-newtaipei-zhonghe_20220923/,2,2,0,0,0
(not set),(not set),台中西屯區巡禮：美食、藝文與交通樣樣好，水湳與七期雙核心發展,/life-proposal/area-l-taichung-xitun20220520/,2,2,0,0,0
google / organic,(organic),台北 2050 願景向北：北投公辦都更與長照研發中心，建構適居環境,/life-proposal/area-l-taipei-beitou20220520/,2,2,2,1,39
(not set),(not set),桃園龜山重大建設帶動發展利多 | 建案熱區巡禮 - 遠雄房地產,/life-proposal/area-l-taoyuan-guishan/,2,2,0,0,10.5
(not set),桃園中壢,建案熱區巡禮：中壢人都說自己不算桃園人？自成一格的幸福日常 - 遠雄房地產,/life-proposal/area-l-taoyuan-zhongli20220520/,2,2,1,0.5,25.5
google / organic,(organic),高雄科工館商圈交通升等！捷運黃線 Y9 站與快捷車站帶動核心發展,/life-proposal/area-s-kaohsiung-nstm20220520/,2,2,2,1,10.5
(direct) / (none),(direct),建案熱區巡禮：住在永康大灣好便利！唯一純住重劃區！ - 遠雄房地產,/life-proposal/area-s-tainan-dawan20220520/,2,2,2,1,1
google / organic,(organic),安南海佃生活圈解析：北外環三期與商 60 計畫，南科紅利帶動房市新活力,/life-proposal/area-s-tainan-haidian20200520/,2,2,2,1,11.5
(not set),20260813一輪播,台南中西區運河星鑽特區打造台南曼哈頓 | 建案熱區巡禮 - 遠雄房地產,/life-proposal/area-s-tainan_west-central_diamond_20250425/,2,2,0,0,0
(not set),(not set),台南中西區運河星鑽特區坐擁頂級水岸生活圈 | 建案熱區巡禮 - 遠雄房地產,/life-proposal/area-s-tainan_west-central_redevelop_diamond_20250502/,2,2,0,0,0
(not set),(not set),北士科的園區規畫與在地生活圈！科技廊道最後一塊拼圖將完整 | 建案熱區巡禮 - 遠雄房地產,/life-proposal/area-s-taipei-shilinbstp20220520/,2,2,0,0,6.5
(not set),20260805一輪播,建案熱區巡禮：桃園小檜溪(青溪特區)舊商圈+眾多綠地的宜人生活 - 遠雄房地產,/life-proposal/area-s-taoyuan-green20220520/,2,2,0,0,0
google / organic,桃園桃園,建案熱區巡禮：桃園小檜溪(青溪特區)舊商圈+眾多綠地的宜人生活 - 遠雄房地產,/life-proposal/area-s-taoyuan-green20220520/,2,2,3,1.5,317
google / organic,(organic),板橋府中與湳雅巡禮：古城新生帶動華麗轉型，解析雙城生活圈優勢,/life-proposal/area-s-tph_banqiao_nanya_20240820/,2,2,2,1,47.5
(not set),(not set),建案熱區巡禮：台南中西區運河星鑽特區 - 綠地休憩篇 - 遠雄房地產,/life-proposal/area-tainan_west-central_redevelop_diamond_park_20250509/,2,2,0,0,0
(not set),(not set),建案熱區巡禮：台南中西區運河星鑽特區 - 學區篇 - 遠雄房地產,/life-proposal/area-tainan_west-central_redevelop_diamond_school_20250516/,2,2,0,0,0
google / organic,台南永康,永康新核心：大灣重劃區生活圈，萬坪綠意下的新富聚落 | 建案熱區巡禮 - 遠雄房地產,/life-proposal/area-tnn-dawan_function_20231129/,2,2,1,0.5,17.5
m.facebook.com / referral,(referral),府中雙城計畫解析：串聯板橋古城與新城區，打造人本步行的城市軸線,/life-proposal/area-tph_banqiao_park_20240820/,2,2,2,1,0
(not set),(not set),板橋府中與南雅學區指南：從明星國小、板橋高中到台藝大的完整文教資源,/life-proposal/area-tph_banqiao_school_20240902/,2,2,0,0,0
(not set),20260805一輪播,台中西屯七期重劃區核心生活圈 | 建案熱區巡禮 - 遠雄房地產,/life-proposal/area-txg-7th_function_20231107/,2,2,0,0,0
google / organic,(organic),台中港市鎮中心重劃區學區全解析：清水梧棲教育資源，就學免煩惱,/life-proposal/area-txg-port_school_20240105/,2,2,2,1,7.5
(not set),(not set),建案熱區巡禮：台中西屯水湳經貿園區 - 學區篇 - 遠雄房地產,/life-proposal/area-txg-shuinan_school_20240501/,2,2,0,0,0
bing / organic,(organic),高雄預售屋入手指南：最新建案推薦、選房與區域優勢總整理 - 遠雄房地產,/life-proposal/area_presold-house-in-kaohsiung/,2,2,2,1,477
google / cpc,(organic),高雄預售屋入手指南：最新建案推薦、選房與區域優勢總整理 - 遠雄房地產,/life-proposal/area_presold-house-in-kaohsiung/,2,2,2,1,85.5
chatgpt.com / ai-assistant,(ai-assistant),台中預售屋怎麼挑？各區房價、TOP36建案分析，買屋前必看！,/life-proposal/area_presold-house-in-taichung/,2,2,3,1.5,25
(not set),(not set),台中預售屋怎麼挑？各區房價、TOP36建案分析，買屋前必看！,/life-proposal/area_presold-house-in-taichung/,2,2,0,0,0
mkto-sn070013.com / referral,(referral),台中預售屋怎麼挑？各區房價、TOP36建案分析，買屋前必看！,/life-proposal/area_presold-house-in-taichung/,2,2,2,1,162
(not set),20260805一輪播,台中預售屋怎麼挑？各區房價、TOP36建案分析，買屋前必看！,/life-proposal/area_presold-house-in-taichung/,2,2,0,0,0
google / cpc,gdn-4,台中預售屋怎麼挑？各區房價、TOP36建案分析，買屋前必看！,/life-proposal/area_presold-house-in-taichung/,2,2,2,1,83
google / organic,台中全區,台中預售屋怎麼挑？各區房價、TOP36建案分析，買屋前必看！,/life-proposal/area_presold-house-in-taichung/,2,2,2,1,2
google / cpc,competing,台南預售屋全攻略：最新行情、熱門區域房價與建案挑選祕訣,/life-proposal/area_presold-house-in-tainan/,2,2,2,1,239
bing / organic,(organic),A7重劃區發展潛力解析：交通建設、華亞科技園區與五大生活圈總覽,/life-proposal/area_taoyuan_guishan_a7_function/,2,2,4,2,201.5
google / organic,20260813一輪播,A7重劃區發展潛力解析：交通建設、華亞科技園區與五大生活圈總覽,/life-proposal/area_taoyuan_guishan_a7_function/,2,2,2,1,39
(not set),(not set),鹽行國中重劃區憑藉交通紅利，躍升科技新貴置產熱點,/life-proposal/area_tnn_yongkang_yanxing_school_20240323/,2,2,0,0,0
google / organic,台南永康,南科門戶首選：台南永康區鹽行國中重劃區生活圈 | 建案熱區巡禮 - 遠雄房地產,/life-proposal/area_tnnyongkang_redevelop_yanxing_20230901/,2,2,2,1,70.5
(not set),(not set),台中北屯機廠重劃區生活圈 | 建案熱區巡禮 - 遠雄房地產,/life-proposal/area_txg_beitun_depot_function_20240513/,2,2,0,0,2
google / organic,(organic),北屯機廠重劃區軌道經濟！捷運台鐵雙效、洲際漢神購物中心全解析,/life-proposal/area_txg_beitun_depot_traffic_20240606/,2,2,2,1,46.5
google / organic,(organic),買房必讀 - 避免不動產詐騙｜如何避免成為房貸人頭？｜專家觀點地政篇 - 遠雄房地產,/life-proposal/avoid-real-estate-fraud/,2,2,2,1,344.5
(direct) / (none),(direct),衛浴空間常保如新！日常清潔保養實用筆記，中性洗劑與乾燥防霉守則,/life-proposal/bathroom/,2,2,2,1,0
(not set),(not set),買房學問多，看懂建築材料才安心－建築結構與防水篇 - 遠雄房地產,/life-proposal/building_materials/,2,2,0,0,0
bing / organic,(organic),基礎建設＋結構保固：一次了解大地工程的基本概念 - 遠雄房地產,/life-proposal/construction-base/,2,2,2,1,90
(not set),(not set),新成屋、預售屋簽約注意事項–「首購族看房買屋攻略」 - 遠雄房地產,/life-proposal/contract/,2,2,0,0,0
(not set),(not set),防疫宅標配：當層排氣與全熱交換器，守護居家隔離空氣品質不逆流,/life-proposal/covid-exhaust/,2,2,0,0,0
(not set),20260805一輪播,防疫宅標配：當層排氣與全熱交換器，守護居家隔離空氣品質不逆流,/life-proposal/covid-exhaust/,2,2,0,0,0
(not set),(not set),居家隔間保養及修繕：牆面裂縫與潮濕預防，專業居家百科維護指南,/life-proposal/cubicle/,2,2,0,0,0
(not set),20260813一輪播,居家隔間保養及修繕：牆面裂縫與潮濕預防，專業居家百科維護指南,/life-proposal/cubicle/,2,2,1,0.5,20.5
google / organic,(organic),裝修房子必讀：除了預算，五大考量讓居家空間煥然一新且符合需求,/life-proposal/decorate/,2,2,2,1,46
(not set),(not set),健康宅客廳配置：景觀陽台與大面窗採光設計，打造後疫情舒壓空間,/life-proposal/design_living_room20220907/,2,2,0,0,0
(not set),20260805一輪播,地震來的時候你家安全嗎? 一次搞懂抗震建築 - 遠雄房地產,/life-proposal/earthquake/,2,2,0,0,0
(not set),20260813一輪播,社區綠建築標章有何好處？節能省電與環保優勢，打造健康永續宅,/life-proposal/ease_greenbuilding_20230608/,2,2,0,0,0
(direct) / (none),(direct),呼吸的守護者！解析室內空氣品質管理法，改善空氣環境遠離肺部疾病,/life-proposal/ease_healthy-material_20230616/,2,2,2,1,2.5
fb / eh1,formbutton,高雄科技核心起飛！楠梓R21都會公園站「遠雄蘴靚」3795坪指標案登場,/life-proposal/eh6-news/,2,2,2,1,70
(not set),(not set),[影音] 北士科潛力揭密：輝達進駐引爆房市三大變革｜何世昌觀點 - 遠雄房地產,/life-proposal/expert_hoshichang_bstk-nvidia/,2,2,0,0,0
google / cpc,brand0701,2025年中台灣房市潛力區域專題報導 -10大優質投資區域分析｜何世昌觀點 - 遠雄房地產,/life-proposal/expert_hoshichang_central-potential/,2,2,2,1,81
fb / bh11,leads,2025年中台灣房市潛力區域專題報導 -10大優質投資區域分析｜何世昌觀點 - 遠雄房地產,/life-proposal/expert_hoshichang_central-potential/,2,2,3,1.5,463
(direct) / (none),(direct),山雨欲來風滿樓，房市反轉時刻已降臨？｜何世昌觀點 - 遠雄房地產,/life-proposal/expert_hoshichang_property_market_20250307/,2,2,2,1,0
(not set),(not set),北市租金倒掛見怪不怪，為何商辦投報仍優於住宅｜何世昌觀點 - 遠雄房地產,/life-proposal/expert_hoshichang_tp-office-rent-premium/,2,2,0,0,5
google / organic,(organic),購買預售屋如何選擇好的建商？(上集)｜永然法律不動產專欄 - 遠雄房地產,/life-proposal/expert_law_y-rlee_builder1_20250324/,2,2,2,1,21.5
(not set),20260805一輪播,夫妻買房登記誰名下？律師拆解共同持有與借名登記風險,/life-proposal/expert_law_y-rlee_joint-ownership/,2,2,0,0,0
google / organic,(organic),台版地面師如何騙走你的不動產?｜永然法律不動產專欄 - 遠雄房地產,/life-proposal/expert_law_y-rlee_land-agent_20250904/,2,2,2,1,30.5
(not set),(not set),借名登記的房地產，也可以作為遺產分割的標的嗎？ | 永然法律不動產專欄 - 遠雄房地產,/life-proposal/expert_law_y-rlee_nominee-inheritance/,2,2,0,0,0
(not set),20260813一輪播,如何防範裝潢詐騙？室內裝修合約必備條款與律師防詐指南,/life-proposal/expert_law_y-rlee_renovation-fraud/,2,2,2,1,32
tw.search.yahoo.com / referral,(referral),預售屋買賣契約中的交屋保留款與建材設備約定｜永然法律不動產專欄 - 遠雄房地產,/life-proposal/expert_law_y-rlee_retention-money_20250704/,2,2,2,1,13.5
(not set),20260805一輪播,預售屋買賣契約中的交屋保留款與建材設備約定｜永然法律不動產專欄 - 遠雄房地產,/life-proposal/expert_law_y-rlee_retention-money_20250704/,2,2,1,0.5,17.5
(not set),(not set),2022房市總結：升息、疫情與打房利空夾擊，解析下半年六大走勢,/life-proposal/expert_li_2022property_20220722/,2,2,0,0,9
google / organic,(organic),房市末升段甩尾！解析 2023 新青安專案對房市降溫與市場機制的影響,/life-proposal/expert_li_2024trend_20240711/,2,2,2,1,27.5
(not set),(not set),2024大選後台灣房市挑戰：李同榮解析八大關鍵因素與循環轉折,/life-proposal/expert_li_election_20231019/,2,2,0,0,0
(not set),生活提案,2026年房地產市場將面臨八大考驗｜李同榮觀點 - 遠雄房地產,/life-proposal/expert_li_housing-challenges-2026/,2,2,1,0.5,16.5
fgr-line / fgr,生活提案,AI 時代股房雙循環：李同榮解析股市與房市的財富接力邏輯,/life-proposal/expert_li_stock-housing-cycle/,2,2,3,1.5,7.5
(not set),20260828一輪播,2026首季商用不動產998億新高！AI與半導體剛需成最強支柱,/life-proposal/expert_liu_2026-market-high/,2,2,1,0.5,12.5
(direct) / (none),(direct),全球通膨趨緩、經濟緩甦！AI 需求帶動台灣 2024 經濟成長率破 3%,/life-proposal/expert_liu_commercial_economic_20240406/,2,2,2,1,0
google / organic,(organic),台灣建商為何規模較小？解析台美房產專業分工機制與自由市場模式,/life-proposal/expert_macromicro_20230522/,2,2,2,1,173
(not set),(not set),日經 225 強勢上漲！解析日本央行貨幣政策、日圓貶值壓力與基本面,/life-proposal/expert_macromicro_20230621/,2,2,0,0,0
(direct) / (none),(direct),從Q2財報看下半年經濟復甦可能性｜財經M平方觀點 - 遠雄房地產,/life-proposal/expert_macromicro_2023q2_20230816/,2,2,2,1,0
google / organic,(organic),AI 產業下的投資機會：利潤轉移、能源競賽如何解讀 | 財經M平方觀點 - 遠雄房地產,/life-proposal/expert_macromicro_ai-invest/,2,2,2,1,40.5
google / organic,(organic),2025中國經濟展望：房市復甦、通縮壓力與地緣風險解析,/life-proposal/expert_macromicro_china-economic_20250120/,2,2,2,1,32
(not set),(not set),2026 台灣經濟展望：AI 產業動能、台股趨勢與台幣匯率走勢分析 | 財經M平方觀點 - 遠雄房地產,/life-proposal/expert_macromicro_economy-2026-critical/,2,2,0,0,0
(not set),(not set),全球超長債殖利率飆升：結構性壓力與長短期解方全解析｜財經M平方觀點 - 遠雄房地產,/life-proposal/expert_macromicro_global-bond-yields/,2,2,0,0,5
(not set),(not set),台灣房價Q2再創新高！解析平均地權條例與囤房稅2.0後的房市動向,/life-proposal/expert_macromicro_housing_03q2_20230928/,2,2,0,0,0
(not set),(not set),中國結構性問題解析：財經M平方看房市疲軟、去槓桿與全球經濟影響,/life-proposal/expert_macromicro_mec_china_20231222/,2,2,0,0,0
(direct) / (none),(direct),台灣經濟三大重點：出口雙位數成長與台股萬八，解析股匯齊揚動能,/life-proposal/expert_macromicro_mec_manufacturing_20240304/,2,2,2,1,13
(not set),(not set),貿易戰開打！關稅壁壘會帶來甚麼影響？｜財經M平方觀點 - 遠雄房地產,/life-proposal/expert_macromicro_tariff_20250218/,2,2,0,0,5.5
(not set),(not set),2023 房市景氣轉折：解析預售屋賣壓、利率衝擊與建商合資開發趨勢,/life-proposal/expert_peizhen_20221226/,2,2,0,0,0
(not set),(not set),2025年第三季房市觀測-政策觀望期延續，市場靜待轉折契機｜劉佩真觀點 - 遠雄房地產,/life-proposal/expert_peizhen_2025q3review/,2,2,0,0,0
gemini.google.com / ai-assistant,(ai-assistant),2026 房市脫鉤：住宅冷科技熱！解析量縮價穩下的雙軌發展,/life-proposal/expert_peizhen_2026-q2-housing-outlook/,2,2,3,1.5,73.5
notebook.google.com / referral,(referral),2026 房市脫鉤：住宅冷科技熱！解析量縮價穩下的雙軌發展,/life-proposal/expert_peizhen_2026-q2-housing-outlook/,2,2,2,1,13
web / bh11,popup_ai_202608,2026 房市脫鉤：住宅冷科技熱！解析量縮價穩下的雙軌發展,/life-proposal/expert_peizhen_2026-q2-housing-outlook/,2,2,0,0,29
(not set),(not set),台灣零售業態與百貨商場開幕潮：全台潛力商圈與房市效應解析,/life-proposal/expert_peizhen_newmalls_20251005/,2,2,0,0,0
google / organic,(organic),從半導體崛起看大南方房市發展：南科超越竹科，S廊帶牽動地產布局,/life-proposal/expert_peizhen_south_trend_20231207/,2,2,2,1,0
google_kw / bgm1,content,科技業重兵佈署！ESG 淨零排放帶動頂級商辦需求，研發型城市新趨勢,/life-proposal/expert_peizhen_tech-office_20240206/,2,2,2,1,0
(direct) / (none),(direct),輝達總部確立，房市受惠區在哪裡？｜何世昌觀點 - 遠雄房地產,/life-proposal/expert_thinktank_nvidia_20250729/,2,2,2,1,0
google / organic,(organic),擴大赴美投資成定局，台積宅還能買嗎？｜何世昌觀點 - 遠雄房地產,/life-proposal/expert_tsmc-housing_20250703/,2,2,2,1,18
(not set),20260828一輪播,人在國外想買房？簽約、貸款與登記注意事項，地政專家深度解析,/life-proposal/expert_zhu_buyhouse_abroad2_20240320/,2,2,0,0,0
tw.search.yahoo.com / referral,(referral),空屋稅的真相？房子閒置前你該考慮的事｜專家觀點地政篇 - 遠雄房地產,/life-proposal/expert_zhu_eht_20250625/,2,2,2,1,79
(not set),(not set),防範代書詐騙，如何查詢地政士的合法性？｜專家觀點地政篇 - 遠雄房地產,/life-proposal/expert_zhu_expert_zhu_land-agent_20250917/,2,2,0,0,0
(direct) / (none),(direct),買房別只看所有權！地政士解析：車位、頂加、露台的法律權益攻略,/life-proposal/expert_zhu_house-purchase-risks/,2,2,2,1,11.5
fg / post,SEO,買房別只看所有權！地政士解析：車位、頂加、露台的法律權益攻略,/life-proposal/expert_zhu_house-purchase-risks/,2,2,2,1,0
(direct) / (none),(direct),繼承房產兄弟姊妹吵翻天？遺囑、登記與分配機制一次講清楚｜專家觀點地政篇 - 遠雄房地產,/life-proposal/expert_zhu_inherit-siblings_20250704/,2,2,2,1,0
socialmedia / fgr,ig20260429,沒小孩遺產給誰？朱智豪地政士揭秘：小心兄弟姊妹爭特留分,/life-proposal/expert_zhu_inheritance-safe/,2,2,2,1,0
(not set),(not set),【2026遺贈稅修法】資產傳承不踩雷！別讓擬制遺產害你背稅單 - 遠雄房地產,/life-proposal/expert_zhu_inheritance-tax-2026/,2,2,0,0,0
(not set),(not set),[ 影音 ]房產移轉如何過戶子女才划算？｜專家觀點地政篇 - 遠雄房地產,/life-proposal/expert_zhu_inherited_20230512/,2,2,0,0,0
liff.line.me / referral,(referral),頂客族遺產保衛戰！解析特留份修法趨勢與配偶繼承權益保障,/life-proposal/expert_zhu_legal-reserve/,2,2,2,1,8.5
google / organic,(organic),[影音] 豪宅稅與新舊制判斷：繼承房產節稅與限貸令規範｜專家觀點地政篇 - 遠雄房地產,/life-proposal/expert_zhu_mansion-tax-definition_vedio_20250523/,2,2,2,1,40
m.facebook.com / referral,(referral),[影音] 婚前買房v.s婚後買房｜房子登記誰的名字好｜專家觀點地政篇 - 遠雄房地產,/life-proposal/expert_zhu_marriage_20230614/,2,2,2,1,0
fgr-line / fg,expert_zhu_marriage_20230614/,[影音] 婚前買房v.s婚後買房｜房子登記誰的名字好｜專家觀點地政篇 - 遠雄房地產,/life-proposal/expert_zhu_marriage_20230614/,2,2,2,1,240
(not set),20260813一輪播,買房前必查：銀行不會主動告訴你的「抵押權與順位」 | 專家觀點地政篇 - 遠雄房地產,/life-proposal/expert_zhu_mortgage-lien-priority/,2,2,0,0,0
duckduckgo / organic,(organic),自用住宅免稅400萬怎麼申請？「持有、設籍、實住」3點不能忽略 | 專家觀點地政篇 - 遠雄房地產,/life-proposal/expert_zhu_ownership-criteria/,2,2,2,1,63
google / organic,(organic),[影音] 你的買賣安全嗎？房屋產權必懂的謄本識讀、權狀跟身分查驗｜專家觀點地政篇 - 遠雄房地產,/life-proposal/expert_zhu_property_identity_vedio_20240229/,2,2,2,1,12.5
google / organic,(organic),不夠現金繳遺產稅怎麼辦？ 分期或延期繳納申請｜專家觀點地政篇 - 遠雄房地產,/life-proposal/expert_zhu_property_offset-1_20241125/,2,2,2,1,8
(not set),20260828一輪播,只有不動產怎麼繳遺產稅？實物抵繳是否划算？｜專家觀點地政篇 - 遠雄房地產,/life-proposal/expert_zhu_property_offset-2_20241220/,2,2,0,0,0
(not set),20260828一輪播,法定空地可以約定專用嗎？解析產權共有原則、規約規範與權益保障,/life-proposal/expert_zhu_property_openspace_20240705/,2,2,0,0,0
tw.search.yahoo.com / referral,生活提案,法定空地可以約定專用嗎？解析產權共有原則、規約規範與權益保障,/life-proposal/expert_zhu_property_openspace_20240705/,2,2,2,1,54.5
(not set),(not set),[影音] 停車位買賣詳細解析-你需要知道的車位權利｜專家觀點地政篇 - 遠雄房地產,/life-proposal/expert_zhu_property_parking_vedio_20240828/,2,2,1,0.5,0
(not set),20260805一輪播,[影音] 停車位買賣詳細解析-你需要知道的車位權利｜專家觀點地政篇 - 遠雄房地產,/life-proposal/expert_zhu_property_parking_vedio_20240828/,2,2,1,0.5,1
socialmedia / fgr,ig20250228,[影音] 預售屋購買注意事項大解析－了解預售屋制度與現況｜專家觀點地政篇 - 遠雄房地產,/life-proposal/expert_zhu_property_presalerule_vedio_20240726/,2,2,2,1,0
google / organic,(organic),[影音] 限貸令下交屋解約問題｜專家觀點地政篇 - 遠雄房地產,/life-proposal/expert_zhu_property_terminate_vedio_20250313/,2,2,2,1,25
tw.search.yahoo.com / referral,(referral),到底停車位、露臺、屋頂屬於誰？專家解析產權登記與約定專用規範,/life-proposal/expert_zhu_public-area_20230718/,2,2,2,1,245
(not set),20260813一輪播,2026年買新房成本暴增？地政士解析三大新制陷阱與產權影響,/life-proposal/expert_zhu_regulations-trap/,2,2,2,1,263.5
fgr-line / fgr,expert_zhu_tax-notice,2026年買新房成本暴增？地政士解析三大新制陷阱與產權影響,/life-proposal/expert_zhu_regulations-trap/,2,2,2,1,1
fgr-line / fgr,land_handover,2026年買新房成本暴增？地政士解析三大新制陷阱與產權影響,/life-proposal/expert_zhu_regulations-trap/,2,2,2,1,63.5
(not set),(not set),二親等房產交易避稅解析：掌握金流證明與申報要點，合法節省贈與稅,/life-proposal/expert_zhu_second-degree_20250321/,2,2,0,0,0
(not set),(not set),[影音] 地面師詐騙實例解析 - 三招防止房產被冒名過戶｜專家觀點地政篇 - 遠雄房地產,/life-proposal/expert_zhu_taiwan-land-scam/,2,2,0,0,0
(not set),20260813一輪播,預告登記如何合法節稅？遲延交屋的產權保障與盲點解析,/life-proposal/expert_zhu_tax-notice/,2,2,1,0.5,172.5
(not set),(not set),[影音] 房產傳承案例解析：買賣與贈與的差別、實務操作與法律風險 - 遠雄房地產,/life-proposal/expert_zhu_video_buy-vs-gift/,2,2,0,0,0.5
google / organic,(organic),成屋延後交屋怎麼辦？地政士教你預告登記防風險,/life-proposal/expert_zhu_video_delay/,2,2,2,1,7
(not set),20260813一輪播,成屋延後交屋怎麼辦？地政士教你預告登記防風險,/life-proposal/expert_zhu_video_delay/,2,2,3,1.5,15
(not set),(not set),什麼是清水模？從柯比意到安藤忠雄，解析清水混凝土原始懾人之美,/life-proposal/exposed_concrete_20220914/,2,2,0,0,0
(not set),(not set),水龍頭不給力？給水供水問題快速解法，管線堵塞與漏水簡易維修,/life-proposal/faucet-waterknowledge/,2,2,0,0,4.5
(not set),(not set),遠雄建設榮獲《網路口碑之星》ESG策略卓越獎，以AI與循環經濟引領永續新標竿 - 遠雄房地產,/life-proposal/fg-esg-strategy-2025/,2,2,0,0,0
(not set),(not set),自己的浴室自己修！水龍頭漏水與馬桶堵塞排除法，居家維修不求人,/life-proposal/fixbathroom/,2,2,0,0,0
(not set),20260813一輪播,樓高的秘密解析：樓層高度與淨高如何影響居住品質 - 遠雄房地產,/life-proposal/floor_height/,2,2,0,0,0
google / organic,(organic),漲幅王遠東Tpark！企業需求外溢鄰近新廠有望看漲  - 遠雄房地產,/life-proposal/fm1-1/,2,2,2,1,19.5
tw.search.yahoo.com / referral,(referral),贈與稅與遺產稅免稅額解析｜房產贈與、買賣、繼承怎麼選 - 遠雄房地產,/life-proposal/gift_tax/,2,2,3,1.5,104
google / organic,生活提案,居家玻璃保養：擦玻璃、修繕與防自爆技巧 - 遠雄房地產,/life-proposal/glass-fix/,2,2,2,1,437
google / organic,(organic),點亮高雄未來！大南方計劃大勢崛起 亞灣區擁絕對高度,/life-proposal/great-southern-project/,2,2,2,1,21
teams.public.onecdn.static.microsoft / referral,(referral),綠建築3大趨勢：垂直設計與植栽入室，打造與環境共生的永續空間,/life-proposal/greenbuilding2020-design/,2,2,2,1,32.5
(not set),(not set),買房怎麼選？預售屋 vs 成屋全攻略：拆解毛胚屋、標配屋與實品屋差異,/life-proposal/handover202206010/,2,2,0,0,0
(direct) / (none),(direct),高樓層VS低樓層：哪個才是首購族的最佳選擇？–「首購族看房買屋攻略」 - 遠雄房地產,/life-proposal/high_floor/,2,2,2,1,15.5
(not set),(not set),高樓層VS低樓層：哪個才是首購族的最佳選擇？–「首購族看房買屋攻略」 - 遠雄房地產,/life-proposal/high_floor/,2,2,0,0,3.5
(not set),20260828一輪播,驗屋與交屋必知注意事項？新手購屋必看，驗屋清單檢查表與交屋流程有哪些？,/life-proposal/home-inspection/,2,2,1,0.5,31
(direct) / (none),(direct),你還在擔心購屋貸款辦不下嗎？提高房貸申請審核過件率的4個方法,/life-proposal/home-loan/,2,2,2,1,9
(not set),(not set),飯店式住宅成趨勢！解析飯店式管理服務重點，成就頂級尊榮生活,/life-proposal/hotel_property20220624/,2,2,0,0,0
(not set),20260828一輪播,飯店式住宅成趨勢！解析飯店式管理服務重點，成就頂級尊榮生活,/life-proposal/hotel_property20220624/,2,2,0,0,0
(not set),(not set),房屋格局圖/平面圖怎麼看？建案平面圖符號教學，讓你秒懂房屋格局避地雷,/life-proposal/house-layout/,2,2,0,0,6
(not set),20260813一輪播,房屋格局圖/平面圖怎麼看？建案平面圖符號教學，讓你秒懂房屋格局避地雷,/life-proposal/house-layout/,2,2,0,0,0
google / organic,生活提案,房屋格局圖/平面圖怎麼看？建案平面圖符號教學，讓你秒懂房屋格局避地雷,/life-proposal/house-layout/,2,2,2,1,67.5
(direct) / (none),(direct),囤房稅不可不知！多屋族必看新制解析：掌握稅率與合法節稅重點,/life-proposal/house_tax/,2,2,2,1,0
google / organic,(organic),囤房稅不可不知！多屋族必看新制解析：掌握稅率與合法節稅重點,/life-proposal/house_tax/,2,2,2,1,4
tw.search.yahoo.com / referral,(referral),坪數怎麼算？為什麼要算？買房前必懂的1坪大小與坪數計算方式,/life-proposal/how-to-calculate-house-size/,2,2,2,1,72
(direct) / (none),(direct),個性化設計：工業風裝潢三大重點，打造粗獷與細緻並存的質感宅,/life-proposal/industrial_style_20221125/,2,2,2,1,5
google / organic,(organic),軟裝設計全攻略：免動硬裝也能變換空間，預算抓取與軟件挑選重點,/life-proposal/interior_softdeco_20230222/,2,2,2,1,16.5
(direct) / (none),(direct),兒童房設計攻略：掌握成長型規劃重點，為寶貝打造專屬的安全樂園,/life-proposal/kids_room_20230306/,2,2,2,1,7
google / organic,(organic),兒童房設計攻略：掌握成長型規劃重點，為寶貝打造專屬的安全樂園,/life-proposal/kids_room_20230306/,2,2,2,1,29
(direct) / (none),(direct),居家自煮保養術！超實用廚房設備清潔攻略，讓下廚夥伴久用如新,/life-proposal/kitchen/,2,2,2,1,26.5
tw.search.yahoo.com / referral,(referral),建商怎麼挑？25大優質建商特色、挑選指標介紹，購屋族必看！ - 遠雄房地產,/life-proposal/kw_brand_construction_20240109/,2,2,2,1,63
google / organic,(organic),如何保障產權？維護權益必知產權登記類別，電子憑證與預告登記,/life-proposal/kw_equity_20230605/,2,2,2,1,9.5
fgr-line / fg,kw_load_youthload_20230928/,青年首購看過來：新青安貸款8大重點 - 遠雄房地產,/life-proposal/kw_load_youthload_20230928/,2,2,3,1.5,166.5
(not set),(not set),什麼是虛坪制？詳解總移轉面積、公設比與停車位，買房坪數計算必讀,/life-proposal/kw_meterspolicy_20240513/,2,2,0,0,0
mkto-sn070013.com / referral,(referral),掌握驗屋五大項目！點交查驗、功能性檢查與驗屋報告修繕全攻略,/life-proposal/land_handover_check/,2,2,2,1,41
gemini.google.com / ai-assistant,(ai-assistant),戶籍遷入辦理教學｜買房後戶籍異動流程與準備文件全攻略 - 遠雄房地產,/life-proposal/land_household_registration/,2,2,2,1,27.5
bing / organic,(organic),戶籍遷入辦理教學｜買房後戶籍異動流程與準備文件全攻略 - 遠雄房地產,/life-proposal/land_household_registration/,2,2,2,1,268.5
(not set),20260828一輪播,戶籍遷入辦理教學｜買房後戶籍異動流程與準備文件全攻略 - 遠雄房地產,/life-proposal/land_household_registration/,2,2,0,0,0
bing / organic,(organic),社區營運：公設點交不求人！掌握檢查重點與流程，維護住戶權益,/life-proposal/land_public_utilities/,2,2,2,1,40.5
(not set),20260805一輪播,社區營運：公設點交不求人！掌握檢查重點與流程，維護住戶權益,/life-proposal/land_public_utilities/,2,2,0,0,0
(direct) / (none),(direct),平均地權條例三讀通過：限制換約轉售與重罰炒作，修法五大重點,/life-proposal/land_rights_20230111/,2,2,2,1,0
google / organic,(organic),台中綠美圖：全台首座美圖共構世界級地標，普立茲克建築大師作品,/life-proposal/library-taichung20220603/,2,2,2,1,17
(not set),(not set),居家燈具清潔與保養全攻略：延續燈具壽命，打造明亮舒適生活空間,/life-proposal/light/,2,2,0,0,0
google / organic,(organic),資金有壓力？房貸增貸與房貸轉貸不可不知 - 遠雄房地產,/life-proposal/loan_increase_20221108/,2,2,3,1.5,109.5
(direct) / (none),(direct),房價溫度計：解析核心總經指標！掌握利率與通膨對房地產市場影響,/life-proposal/macroeconomics_20221108/,2,2,2,1,22.5
(not set),(not set),看房賞屋指南：解讀不動產說明書產權與環境，確保買賣交易安全,/life-proposal/manual20220610/,2,2,0,0,5
(not set),(not set),買房頭期款不夠怎麼辦？–「首購族看房買屋攻略」 - 遠雄房地產,/life-proposal/mortgage/,2,2,0,0,0
(not set),(not set),遠雄聯手蘇喻哲打造高雄科工館「健康宅」遠雄琢蘊，遠雄左岸串連1300公頃河邊綠地,/life-proposal/natural-design/,2,2,0,0,0
google / organic,(organic),廠辦4個重要趨勢：人性化工作場域，打造交通與機能兼具的企業形象,/life-proposal/office/,2,2,2,1,8
(not set),20260813一輪播,買房車位怎麼挑？解析法定、增設與獎勵車位產權買賣限制全攻略,/life-proposal/parking_space20220615/,2,2,0,0,0
(direct) / (none),(direct),預售屋履約保證懶人包：五種模式、成本與消費者權益保障全解析,/life-proposal/performance_guarantee_20221914/,2,2,2,1,0
(not set),20260805一輪播,權狀坪數與室內坪數差在哪？看懂買房坪數組成，首購族不再被混淆 - 遠雄房地產,/life-proposal/ping/,2,2,0,0,0
fgr-line / fg,ping/,權狀坪數與室內坪數差在哪？看懂買房坪數組成，首購族不再被混淆 - 遠雄房地產,/life-proposal/ping/,2,2,2,1,17
(direct) / (none),(direct),室內綠植裝修兩百年歷史演進，打造滿室綠意的身心療癒,/life-proposal/plant_20230105/,2,2,2,1,0
fb / bh10,fb20268-1,預售屋付款方式有哪些？要準備多少錢？掌握付款5階段與注意事項,/life-proposal/pre-sale-house-payment-methods/,2,2,2,1,49
(direct) / (none),(direct),找不到頁面 - 遠雄房地產,/life-proposal/pre-sale-property,2,2,2,1,0
(not set),(not set),2022普立茲克建築獎公布！非裔建築師凱雷獲獎，用建築賦予人類幸福感,/life-proposal/pritzkerarchitectureprize2022/,2,2,0,0,0
(not set),(not set),買房必看！公設比怎麼算？大公小公定義與公設飆高的3大原因,/life-proposal/ratio_of_public_area/,2,2,0,0,0
gemini.google.com / ai-assistant,(ai-assistant),樓梯間與梯廳公共設施：建築法規與容積計算完整解析 - 遠雄房地產,/life-proposal/regulations2_20230320/,2,2,2,1,7
(not set),(not set),附屬建物陽台、露臺、雨遮規定｜購屋前必知建築法規與容積計算 - 遠雄房地產,/life-proposal/regulations_20230317/,2,2,0,0,5
(not set),(not set),2025 超高齡社會來臨！養生村、老人公寓與青銀共居退休宅全攻略,/life-proposal/retiredlife_20230220/,2,2,0,0,21
gemini.google.com / ai-assistant,(ai-assistant),新青安房貸重點一次看！掌握新舊制差異、利率比較與申請資格 - 遠雄房地產,/life-proposal/seo_youth-home-loan/,2,2,2,1,32.5
(not set),20260813一輪播,新青安房貸重點一次看！掌握新舊制差異、利率比較與申請資格 - 遠雄房地產,/life-proposal/seo_youth-home-loan/,2,2,0,0,0
(not set),台中全區,新青安房貸重點一次看！掌握新舊制差異、利率比較與申請資格 - 遠雄房地產,/life-proposal/seo_youth-home-loan/,2,2,1,0.5,6.5
google / organic,(organic),噪音無孔不入？挑選隔音建材與高樓層規畫，打造靜謐舒適的理想居家,/life-proposal/soundproofing/,2,2,8,4,40.5
(direct) / (none),(direct),掌握美式風格居家4重點：打造溫馨質感與大器格局，實踐夢想生活,/life-proposal/space_deco_us_20221028/,2,2,2,1,0
(not set),(not set),掌握美式風格居家4重點：打造溫馨質感與大器格局，實踐夢想生活,/life-proposal/space_deco_us_20221028/,2,2,0,0,0
(not set),20260805一輪播,抗酷暑 ! 室內空間降溫這樣做，植栽除了打造綠色空間也能降溫 - 遠雄房地產,/life-proposal/space_design_greencooldown_20240903/,2,2,0,0,0
(not set),(not set),橘世代退休換屋指南：都會區小坪數成首選，打造精緻銀髮生活,/life-proposal/space_design_smallhouse2_20240521/,2,2,0,0,0
(not set),(not set),讓新家環保又節能！新成屋改裝要點！ - 遠雄房地產,/life-proposal/space_furnish_newhouse_20231020/,2,2,0,0,0
google / organic,(organic),讓新家環保又節能！新成屋改裝要點！ - 遠雄房地產,/life-proposal/space_furnish_newhouse_20231020/,2,2,2,1,27.5
(direct) / (none),(direct),回家就像出國度假！掌握空間線條、色彩搭配與家具選材，打造解壓宅,/life-proposal/space_style_holiday_20240306/,2,2,2,1,0
(not set),(not set),房地一族看過來，與你有關的國稅局查稅重點 - 遠雄房地產,/life-proposal/tax_inspection_20230119/,2,2,0,0,0
(not set),(not set),通用設計打造友善居住：臥室、客廳與陽台規劃重點，提升全家生活品質,/life-proposal/universal-design-home2-20220722/,2,2,0,0,0
google / organic,(organic),通用設計打造友善居住：臥室、客廳與陽台規劃重點，提升全家生活品質,/life-proposal/universal-design-home2-20220722/,2,2,2,1,229
(direct) / (none),(direct),全齡通用宅打造安心環境：基地安全、住棟消防與居家用電設計全攻略,/life-proposal/universal-design-safety-20220722/,2,2,2,1,0
(not set),(not set),永續幸福家園：全齡通用宅設計規範與趨勢，打造0-100歲友善空間,/life-proposal/universal-design20220708/,2,2,0,0,0
google / organic,(organic),永續幸福家園：全齡通用宅設計規範與趨勢，打造0-100歲友善空間,/life-proposal/universal-design20220708/,2,2,2,1,80.5
(direct) / (none),(direct),不動產估價管道有哪些？掌握官方、銀行與民間資訊，精準評估房價,/life-proposal/value_estimation_of_property_20221014/,2,2,2,1,0
google / organic,(organic),不動產估價管道有哪些？掌握官方、銀行與民間資訊，精準評估房價,/life-proposal/value_estimation_of_property_20221014/,2,2,3,1.5,65.5
(direct) / (none),(direct),木地板刮傷怎麼辦？居家百科教您簡易修補小技巧，恢復地板美觀,/life-proposal/woodfix/,2,2,2,1,0
(not set),(not set),[房產風向球] 平均地權條例拍板定案，買房要注意 - 遠雄房地產,/life-proposal/房產風向球-平均地權條例拍板定案，買房要注意/,2,2,0,0,0
google_kw / h713,(organic),生活提案： 專家房市觀點、空間美學指南 -遠雄房地產,/life_proposal/,2,2,2,1,40
web-edm / friends,20260717,生活提案： 專家房市觀點、空間美學指南 -遠雄房地產,/life_proposal/,2,2,5,2.5,23
gdn / hm2,4-2pmaxv2,生活提案： 專家房市觀點、空間美學指南 -遠雄房地產,/life_proposal/,2,2,3,1.5,43
google / cpc,brand,生活提案： 專家房市觀點、空間美學指南 -遠雄房地產,/life_proposal/,2,2,2,1,5.5
fb / h713,leads,生活提案： 專家房市觀點、空間美學指南 -遠雄房地產,/life_proposal/,2,2,3,1.5,25
google_kw / fm3,brand,購屋知識：買屋流程、稅法與貸款全攻略，遠雄房地產專業置產指引,/life_proposal/buying_knowledge/,2,2,1,0.5,9
liff.line.me / referral,(referral),專家觀點：解析最新房市動向與購屋建議，遠雄房地產深度置產指引,/life_proposal/experts_point/,2,2,2,1,7.5
(not set),(not set),在地生活：解析預售屋與新建案周邊機能，掌握區域環境與未來動態,/life_proposal/music_life/,2,2,0,0,0
(not set),(not set),空間美學：設計團隊深度解讀空間與環境，定義跨越建築的生活型態,/life_proposal/space_aesthetics/,2,2,0,0,0
(data not available),(cross-network),預約賞屋手機驗證 - 遠雄房地產,/mob_verify/,2,2,2,1,28.5
google_kw / dh2,(organic),預約賞屋手機驗證 - 遠雄房地產,/mob_verify/,2,2,2,1,19
news / bh13,20260508,預約賞屋手機驗證 - 遠雄房地產,/mob_verify/,2,2,2,1,30
gdn / hm2,6-1pmaxv2,預約賞屋手機驗證 - 遠雄房地產,/mob_verify/,2,2,2,1,10.5
google / cpc,RSH1-品牌字,預約賞屋手機驗證 - 遠雄房地產,/mob_verify/,2,2,2,1,29
google / cpc,WDH2-品牌字,預約賞屋手機驗證 - 遠雄房地產,/mob_verify/,2,2,2,1,22
google / cpc,competitor0701,預約賞屋手機驗證 - 遠雄房地產,/mob_verify/,2,2,2,1,19
fb / eh6,form,預約賞屋手機驗證 - 遠雄房地產,/mob_verify/,2,2,2,1,49
google / cpc,pmax,預約賞屋手機驗證 - 遠雄房地產,/mob_verify/,2,2,2,1,20
google / cpc,gdn-4,專屬會員｜遠房好友帳戶管理，提供專屬服務並可隨時諮詢客服,/my-account/,2,2,6,3,101.5
google / organic,(organic),"線上樣品屋,遠雄夏沐-線上接待中心",/online-visit,2,2,4,2,19.5
(direct) / (none),(direct),(1) 封未讀訊息 | 守護個人資訊安全，一起保障您的隱私權益｜ 遠雄房地產,/privacy/,2,2,0,0,3
console-v2.omnichat.ai / referral,(referral),守護個人資訊安全，一起保障您的隱私權益｜ 遠雄房地產,/privacy/,2,2,3,1.5,1.5
l.instagram.com / referral,(referral),守護個人資訊安全，一起保障您的隱私權益｜ 遠雄房地產,/privacy/,2,2,2,1,7
fb / bh13,11,守護個人資訊安全，一起保障您的隱私權益｜ 遠雄房地產,/privacy/,2,2,2,1,11
gdn / hm2,6-1pmax,守護個人資訊安全，一起保障您的隱私權益｜ 遠雄房地產,/privacy/,2,2,13,6.5,181
gdn / hm2,6-1pmaxv2,守護個人資訊安全，一起保障您的隱私權益｜ 遠雄房地產,/privacy/,2,2,2,1,4.5
line-lap / 5vo1,7-4,守護個人資訊安全，一起保障您的隱私權益｜ 遠雄房地產,/privacy/,2,2,2,1,87
fb / eh1,formbutton,守護個人資訊安全，一起保障您的隱私權益｜ 遠雄房地產,/privacy/,2,2,2,1,83.5
google / cpc,information6,守護個人資訊安全，一起保障您的隱私權益｜ 遠雄房地產,/privacy/,2,2,6,3,460.5
google / organic,(organic),"B3立體格局圖,遠雄夏沐-線上接待中心",/room/model/b3,2,2,2,1,48
google_kw / 5vo1,202604,洪雅玲業務個人介紹 - 聯上智科,/sales/5VO1/G0521/,2,2,3,1.5,51.5
(direct) / (none),(direct),邱俊鳴業務個人介紹 - 遠雄商用不動產(林口龜山),/sales/HM2/B2088/,2,2,2,1,28
google_kw / hm2,202607,邱俊鳴業務個人介紹 - 遠雄商用不動產(林口龜山),/sales/HM2/B2088/,2,2,2,1,9
gdn / hm2,4-2pmax,邱俊鳴業務個人介紹 - 遠雄商用不動產(林口龜山),/sales/HM2/B2088/,2,2,2,1,14
gdn / hm2,4-2pmaxv2,邱俊鳴業務個人介紹 - 遠雄商用不動產(林口龜山),/sales/HM2/B2088/,2,2,2,1,9.5
gdn / hm2,6-1pmax,邱俊鳴業務個人介紹 - 遠雄商用不動產(林口龜山),/sales/HM2/B2088/,2,2,2,1,1
gdn / hm2,6-1pmaxv2,邱俊鳴業務個人介紹 - 遠雄商用不動產(林口龜山),/sales/HM2/B2088/,2,2,2,1,2.5
(direct) / (none),(direct),詹婷婷業務個人介紹 - 遠雄商用不動產(林口龜山),/sales/HM2/G0531/,2,2,5,2.5,1.5
google_kw / hm2,202607,陳榮慶業務個人介紹 - 遠雄商用不動產(林口龜山),/sales/HM2/G0798/,2,2,2,1,12
google / cpc,O1_品牌字_2025.0801,蔡慧祈業務個人介紹 - 遠雄THE ONE,/sales/O1/G1052/,2,2,2,1,7
(direct) / (none),(direct),陳怡靜業務個人介紹 - 遠雄明玥,/sales/ah1/G0116/,2,2,2,1,4.5
google / organic,(organic),林育騏業務個人介紹 - 遠雄明玥,/sales/ah1/G0117/,2,2,2,1,12.5
(direct) / (none),(direct),林怡業務個人介紹 - 遠雄敦富,/sales/bh10/B5578/,2,2,3,1.5,2
google / organic,(organic),洪健倫業務個人介紹 - 遠雄丰尚,/sales/bh11/G0962/,2,2,2,1,9
google / cpc,brand0701,洪健倫業務個人介紹 - 遠雄丰尚,/sales/bh11/G0962/,2,2,2,1,9
google / cpc,brand0701,林筱茹業務個人介紹 - 遠雄丰尚,/sales/bh11/G0992/,2,2,2,1,9
google / cpc,corearea0701,林筱茹業務個人介紹 - 遠雄丰尚,/sales/bh11/G0992/,2,2,2,1,5.5
fb / bh11,leads,林筱茹業務個人介紹 - 遠雄丰尚,/sales/bh11/G0992/,2,2,2,1,1.5
google / cpc,brand0701,簡宇婕業務個人介紹 - 遠雄丰尚,/sales/bh11/G0993/,2,2,2,1,4
(not set),20260813一輪播,賴昭霖業務個人介紹 - 遠雄夏綠蒂,/sales/bh13/G1312/,2,2,0,0,17
(direct) / (none),(direct),黃語璇業務個人介紹 - 遠雄樂元,/sales/bh7/G0990/,2,2,3,1.5,14
google / cpc,othercities_brand,吳函蓉業務個人介紹 - 遠雄樂元,/sales/bh7/G1220/,2,2,3,1.5,20
(direct) / (none),(direct),劉凡瑄業務個人介紹 - 遠雄樂元,/sales/bh7/G1278/,2,2,2,1,14.5
(direct) / (none),(direct),郭佳莉業務個人介紹 - 都美大河商爵,/sales/dgm1/B4978/,2,2,2,1,18
(direct) / (none),(direct),張志銘業務個人介紹 - 遠雄山禾,/sales/dh2/B5126/,2,2,2,1,0
google / organic,(organic),王韻涵業務個人介紹 - 遠雄山禾,/sales/dh2/G0275/,2,2,2,1,7.5
google / cpc,brand,張津瑞業務個人介紹 - 遠雄蘊合,/sales/dh6/B6045/,2,2,4,2,12.5
google / cpc,demand,張津瑞業務個人介紹 - 遠雄蘊合,/sales/dh6/B6045/,2,2,3,1.5,12
google / organic,(organic),劉佳玲業務個人介紹 - 遠雄蘊合,/sales/dh6/G0600/,2,2,2,1,6
line-lap / dh6,1,劉佳玲業務個人介紹 - 遠雄蘊合,/sales/dh6/G0600/,2,2,3,1.5,17.5
google / cpc,competing,劉佳玲業務個人介紹 - 遠雄蘊合,/sales/dh6/G0600/,2,2,2,1,2
fb / dh6,12,王薇筑業務個人介紹 - 遠雄蘊合,/sales/dh6/G1237/,2,2,2,1,3
(not set),20260805一輪播,王薇筑業務個人介紹 - 遠雄蘊合,/sales/dh6/G1237/,2,2,2,1,0
(not set),(not set),徐靖業務個人介紹 - 遠雄峰蘊,/sales/eh1/G0597/,2,2,0,0,0
(direct) / (none),(direct),趙翌君業務個人介紹 - 遠雄峰蘊,/sales/eh1/G1244/,2,2,2,1,5.5
(not set),(not set),趙翌君業務個人介紹 - 遠雄峰蘊,/sales/eh1/G1244/,2,2,2,1,9.5
google / organic,(organic),趙翌君業務個人介紹 - 遠雄峰蘊,/sales/eh1/G1244/,2,2,2,1,3
(direct) / (none),(direct),張延瑛業務個人介紹 - 遠雄峰蘊,/sales/eh1/G1389/,2,2,2,1,13.5
google / organic,(organic),張延瑛業務個人介紹 - 遠雄峰蘊,/sales/eh1/G1389/,2,2,3,1.5,3.5
(direct) / (none),(direct),蔡景宇業務個人介紹 - 遠雄一靚,/sales/eh2/G0855/,2,2,2,1,0
(direct) / (none),(direct),陳灝業務個人介紹 - 遠雄一靚,/sales/eh2/G1010/,2,2,2,1,6
(direct) / (none),(direct),楊珈郡業務個人介紹 - 遠雄一靚,/sales/eh2/G1239/,2,2,2,1,4
(direct) / (none),(direct),范亦萱業務個人介紹 - 遠雄沐蘊,/sales/eh5/G0309/,2,2,3,1.5,12
google / cpc,brand,鄭喨予業務個人介紹 - 遠雄沐蘊,/sales/eh5/G0598/,2,2,2,1,4
(direct) / (none),(direct),陳雅清業務個人介紹 - 遠雄沐蘊,/sales/eh5/G1249/,2,2,2,1,22
(direct) / (none),(direct),吳盈諦業務個人介紹 - 遠雄蘴靚,/sales/eh6/B4921/,2,2,2,1,7.5
google / cpc,XXXX,許芳榕業務個人介紹 - 遠雄蘴靚,/sales/eh6/G0179/,2,2,2,1,7
google / organic,(organic),楊倩如業務個人介紹 - 遠雄蘴靚,/sales/eh6/G0259/,2,2,3,1.5,25
google / cpc,brand,郭立涵業務個人介紹 - 遠雄蘴靚,/sales/eh6/G1292/,2,2,2,1,9.5
fb / eh6,fb4-2,郭立涵業務個人介紹 - 遠雄蘴靚,/sales/eh6/G1292/,2,2,2,1,17.5
line-lap / eh6,fb5-4,郭立涵業務個人介紹 - 遠雄蘴靚,/sales/eh6/G1292/,2,2,2,1,11.5
(direct) / (none),(direct),柴銘竣業務個人介紹 - 遠雄蘴靚,/sales/eh6/G1300/,2,2,4,2,12.5
google / cpc,XXXX,柴銘竣業務個人介紹 - 遠雄蘴靚,/sales/eh6/G1300/,2,2,2,1,6.5
google / cpc,pmax,柴銘竣業務個人介紹 - 遠雄蘴靚,/sales/eh6/G1300/,2,2,2,1,34
google / cpc,area,康祖儀業務個人介紹 - 遠雄蘴靚,/sales/eh6/G1329/,2,2,2,1,6.5
(direct) / (none),(direct),沈玉菁業務個人介紹 - 遠雄合雅,/sales/fh2/B5432/,2,2,3,1.5,19.5
google / cpc,banqiao,沈玉菁業務個人介紹 - 遠雄合雅,/sales/fh2/B5432/,2,2,3,1.5,20
google / organic,(organic),温墩立業務個人介紹 - 遠雄合雅,/sales/fh2/B6102/,2,2,2,1,6
fb / fh2,lbs-sms202608,楊靜茹業務個人介紹 - 遠雄合雅,/sales/fh2/G0107/,2,2,2,1,26.5
web / fb2,googlemap,黃紫嵐業務個人介紹 - 遠雄合雅,/sales/fh2/G0632/,2,2,2,1,7
google / cpc,brand,余蕙萍業務個人介紹 - 遠雄合雅,/sales/fh2/G1265/,2,2,2,1,9.5
(direct) / (none),(direct),林宏偉業務個人介紹 - 遠雄商用不動產,/sales/fm3/G1322/,2,2,2,1,5.5
google / organic,(organic),林宏偉業務個人介紹 - 遠雄商用不動產,/sales/fm3/G1322/,2,2,2,1,3.5
(direct) / (none),(direct),劉志宏業務個人介紹 - 若水秧翠,/sales/rsh1/B5678/,2,2,2,1,8
google / cpc,RSH1-品牌字,黃䕒慧業務個人介紹 - 若水秧翠,/sales/rsh1/B5714/,2,2,3,1.5,18.5
(direct) / (none),(direct),陳永証業務個人介紹 - 若水秧翠,/sales/rsh1/G0176/,2,2,2,1,15
(direct) / (none),(direct),鄧娟業務個人介紹 - 天母蒔麗,/sales/wdh2/B2380/,2,2,2,1,15.5
google / organic,(organic),鄧娟業務個人介紹 - 天母蒔麗,/sales/wdh2/B2380/,2,2,2,1,7.5
google / organic,(organic),賴林蔚業務個人介紹 - 天母蒔麗,/sales/wdh2/B6110/,2,2,2,1,22.5
google / cpc,WDH2-品牌字,賴林蔚業務個人介紹 - 天母蒔麗,/sales/wdh2/B6110/,2,2,2,1,13.5
web-ltn / wdh2,web-ltn0821,陳媚珍業務個人介紹 - 天母蒔麗,/sales/wdh2/G0657/,2,2,2,1,13
(not set),20260813一輪播,關於我們｜遠雄房地產服務條款，守護用戶使用權益，確保資訊安全,/terms-of-service/,2,2,1,0.5,56.5
fb / eh5,privacy,遠雄房地產服務條款暨隱私權聲明｜保障您的個人資訊與使用權益,/terms-of-service_and_privacy/,2,2,2,1,87
(direct) / (none),(direct),【遠雄純寓】可以走入繁華，也可以選擇安靜 - 遠雄房地產,/wom-recommendation/bh2_wang/,2,2,2,1,4.5
google / organic,(organic),遠雄之星8證言篇-為重劃區而來2-清水重劃區- 遠雄房地產,/wom-recommendation/farglory-star8-2/,2,2,2,1,5
(direct) / (none),(direct),遠雄青晉：讓漂泊候鳥也想親近定居，在優質環境中找回家的歸屬感,/wom-recommendation/hh1_msliu/,2,2,3,1.5,1
(direct) / (none),(direct),遠雄東御苑購屋分享：雙城家庭的理想格局與公園綠意生活,/wom-recommendation/【遠雄東御苑】已購證言：王小姐-超強格局、環/,2,2,2,1,12.5
google / cpc,project,(1) 封未讀訊息 | 遠雄房地產：最懂生活的購屋專家｜卓越建築品質，圓滿您的家,/,1,2,0,0,6
fg / o1,fg,(2) 封未讀訊息 | 遠雄房地產：最懂生活的購屋專家｜卓越建築品質，圓滿您的家,/,1,2,0,0,7
google / cpc,project,(2) 封未讀訊息 | 遠雄房地產：最懂生活的購屋專家｜卓越建築品質，圓滿您的家,/,1,2,0,0,19
mkto-sn070013.com / referral,(referral),交屋全攻略：從產權防護、驗屋清單到屋型挑選的安心入住指南,/,1,2,6,6,63
(not set),20260813一輪播,交屋全攻略：從產權防護、驗屋清單到屋型挑選的安心入住指南,/,1,2,18,18,267
(not set),台中北屯,您正在找 - 遠雄房地產,/,1,2,2,2,10
mkto-sn070013.com / referral,(referral),惡鄰居噪音菸味如何處理？除法律求償外，換屋也是維護安寧權的資產配置,/,1,2,5,5,99
(not set),生活提案,惡鄰居噪音菸味如何處理？除法律求償外，換屋也是維護安寧權的資產配置,/,1,2,1,1,3
(not set),台中全區,買房常見問答FAQ｜預約賞屋流程、全台熱門重劃區解析、購屋地政稅務實務,/,1,2,1,1,33
socialmedia / o1,(not set),遠房實價登錄,/,1,2,6,6,0
yahoo_native / bh5,(not set),遠房實價登錄,/,1,2,2,2,0
122.146.13.233 / referral,(referral),遠房實價登錄,/,1,2,3,3,0
google_kw / bh13,(referral),遠房實價登錄,/,1,2,3,3,0
tagassistant.google.com / referral,(referral),遠房實價登錄,/,1,2,4,4,0
webnews / bh5,1120614,遠房實價登錄,/,1,2,2,2,0
ig / paid,120224631795180316,遠房實價登錄,/,1,2,2,2,0
web / ah2,202501-magazine,遠房實價登錄,/,1,2,3,3,0
line-lap / ar1,20260413-7-1,遠房實價登錄,/,1,2,2,2,0
web-sms / bh8,CRM-004-D,遠房實價登錄,/,1,2,2,2,0
google_kw / dh6,brand,遠房實價登錄,/,1,2,2,2,0
fg / bh11,eeee,遠房實價登錄,/,1,2,2,2,0
591 / ar1,eeeee,遠房實價登錄,/,1,2,14,14,0
google_kw / bh10,information5,遠房實價登錄,/,1,2,2,2,0
line-lap / bh10,line-lap20257-5,遠房實價登錄,/,1,2,2,2,0
lbs-sms / ah2,sms1141008,遠房實價登錄,/,1,2,2,2,0
web-udn / dgm1,web-udn0731,遠房實價登錄,/,1,2,2,2,0
access.line.me / referral,(referral),遠雄房地產：最懂生活的購屋專家｜卓越建築品質，圓滿您的家,/,1,2,1,1,4
console-v2.omnichat.ai / referral,(referral),遠雄房地產：最懂生活的購屋專家｜卓越建築品質，圓滿您的家,/,1,2,2,2,0
google_kw / h713,(referral),遠雄房地產：最懂生活的購屋專家｜卓越建築品質，圓滿您的家,/,1,2,2,2,1
mail.surenotifyapi.com / referral,(referral),遠雄房地產：最懂生活的購屋專家｜卓越建築品質，圓滿您的家,/,1,2,3,3,1
web-ettoday / o1,20211201,遠雄房地產：最懂生活的購屋專家｜卓越建築品質，圓滿您的家,/,1,2,3,3,9
web-ettoday / ah2,20250701,遠雄房地產：最懂生活的購屋專家｜卓越建築品質，圓滿您的家,/,1,2,2,2,5
pop-outdoor / eh6,20260201,遠雄房地產：最懂生活的購屋專家｜卓越建築品質，圓滿您的家,/,1,2,2,2,3
google / cpc,information2,遠雄房地產：最懂生活的購屋專家｜卓越建築品質，圓滿您的家,/,1,2,1,1,25
line-lap / rsh1,line-lap4-2,遠雄房地產：最懂生活的購屋專家｜卓越建築品質，圓滿您的家,/,1,2,2,2,3
(direct) / (none),(direct),遠雄明玥 | 北士科水岸新生活．2000坪全街廓，只蓋一棟｜25-46坪-黃筱涵-遠雄房地產 Farglory-Realty,/ah1/g1187,1,2,2,2,0
(direct) / (none),(direct),遠雄泱玥 | 水岸正首席．北士科首獻｜57-75坪-蔡定誠-遠雄房地產 Farglory-Realty,/ah2/B4720,1,2,1,1,27
teams.public.onecdn.static.microsoft / referral,(referral),交屋全攻略：從產權防護、驗屋清單到屋型挑選的安心入住指南,/aug2026/,1,2,3,3,41
(not set),生活提案,交屋全攻略：從產權防護、驗屋清單到屋型挑選的安心入住指南,/aug2026/,1,2,2,2,13
line-lap / bh13,lap-1,遠雄房地產精選預售屋(台北、新北、台中、桃園、台南、高雄) - 遠雄房地產,/building-category-tag/featured_pre_sale/,1,2,2,2,21
(not set),20260813一輪播,綠建築相關預售屋/新成屋/新建案資料|遠雄房地產,/building-tag/build-tag-green/,1,2,1,1,1
(not set),20260805一輪播,水岸宅相關預售屋/新成屋/新建案資料|遠雄房地產,/building-tag/build-tag-river/,1,2,3,3,111
(not set),20260813一輪播,飯店宅 彙整 - 遠雄房地產,/building-tag/飯店宅/,1,2,3,3,13
104.com.tw / referral,(referral),熱銷建案 彙整 - 遠雄房地產,/buildings/,1,2,11,11,224
fgr-line / fgr,生活提案,【聯上智科】輝達軸線核心｜北士科福國路首排，純商辦地標，符合ESG指標｜預約尊榮鑑賞 遠雄房地產 聯上智科,/buildings/5VO1/,1,2,2,2,4
C / B,(not set),(2) 封未讀訊息 | 【聯上智科】輝達軸線核心｜北士科福國路首排，純商辦地標，符合ESG指標｜預約尊榮鑑賞 遠雄房地產 聯上智科,/buildings/5vo1/,1,2,0,0,6
line-lap / 5vo1,5-1,(2) 封未讀訊息 | 【聯上智科】輝達軸線核心｜北士科福國路首排，純商辦地標，符合ESG指標｜預約尊榮鑑賞 遠雄房地產 聯上智科,/buildings/5vo1/,1,2,0,0,0
C / B,(not set),【聯上智科】輝達軸線核心｜北士科福國路首排，純商辦地標，符合ESG指標｜預約尊榮鑑賞 遠雄房地產 聯上智科,/buildings/5vo1/,1,2,2,2,4
tw.search.yahoo.com / referral,(referral),【聯上智科】輝達軸線核心｜北士科福國路首排，純商辦地標，符合ESG指標｜預約尊榮鑑賞 遠雄房地產 聯上智科,/buildings/5vo1/,1,2,1,1,49
line-lap / rsh1,line-lap4-2_600x400,【聯上智科】輝達軸線核心｜北士科福國路首排，純商辦地標，符合ESG指標｜預約尊榮鑑賞 遠雄房地產 聯上智科,/buildings/5vo1/,1,2,1,1,3
google / cpc,7-4,找不到頁面 - 遠雄房地產,/buildings/5vo1/,1,2,1,1,0
teams.public.onecdn.static.microsoft / referral,(referral),北士科建案【遠雄明玥】2000坪全街廓只蓋一棟．25-46坪,/buildings/ah1/,1,2,3,3,13
pmp / ah1,avivid-2,北士科建案【遠雄明玥】2000坪全街廓只蓋一棟．25-46坪,/buildings/ah1/,1,2,2,2,0
10.77.55.125 / referral,(referral),北士科遠雄泱玥：水岸首排57-75坪大器空間，坐擁絕美壯闊景觀,/buildings/ah2/,1,2,3,3,22
ig / paid,120224631795180316,北士科遠雄泱玥：水岸首排57-75坪大器空間，坐擁絕美壯闊景觀,/buildings/ah2/,1,2,2,2,0
lbs-sms / ah2,sms1141008,北士科遠雄泱玥：水岸首排57-75坪大器空間，坐擁絕美壯闊景觀,/buildings/ah2/,1,2,2,2,10
line-lap / eh6,fb5-5_5-6_5-7,齊興_緻：北士科住宅預售屋，入主北投核心地段，立即預約賞屋,/buildings/ar1/,1,2,4,4,49
excel.officeapps.live.com / referral,(referral),北屯敦富路【遠雄敦富】- 北屯機捷預售屋．近好市多,/buildings/bh10/,1,2,1,1,36
gdn / bh10,20251-1-6mix,北屯敦富路【遠雄敦富】- 北屯機捷預售屋．近好市多,/buildings/bh10/,1,2,2,2,0
web-edm / friends,20260821,北屯敦富路【遠雄敦富】- 北屯機捷預售屋．近好市多,/buildings/bh10/,1,2,2,2,0
fb / bh10,fbfanpage0108,北屯敦富路【遠雄敦富】- 北屯機捷預售屋．近好市多,/buildings/bh10/,1,2,1,1,0
google_kw / bh10,information5,北屯敦富路【遠雄敦富】- 北屯機捷預售屋．近好市多,/buildings/bh10/,1,2,2,2,15
line-lap / bh10,line-lap20257-5,北屯敦富路【遠雄敦富】- 北屯機捷預售屋．近好市多,/buildings/bh10/,1,2,2,2,0
C / B,(not set),(2) 封未讀訊息 | 遠雄14期首發【遠雄丰尚】北屯新案．近漢神洲際百貨,/buildings/bh11/,1,2,0,0,7
104.com.tw / referral,(referral),遠雄14期首發【遠雄丰尚】北屯新案．漢神洲際購物廣場350m,/buildings/bh11/,1,2,4,4,120
fb / eh5,fbfanpage,遠雄14期首發【遠雄丰尚】北屯新案．漢神洲際購物廣場350m,/buildings/bh11/,1,2,4,4,47
C / B,(not set),遠雄14期首發【遠雄丰尚】北屯新案．近漢神洲際百貨,/buildings/bh11/,1,2,2,2,1
tw.search.yahoo.com / referral,(referral),遠雄14期首發【遠雄丰尚】北屯新案．近漢神洲際百貨,/buildings/bh11/,1,2,2,2,45
google / cpc,20251204,遠雄14期首發【遠雄丰尚】北屯新案．近漢神洲際百貨,/buildings/bh11/,1,2,2,2,0
fb / eh5,fbfanpage,遠雄14期首發【遠雄丰尚】北屯新案．近漢神洲際百貨,/buildings/bh11/,1,2,1,1,166
google_kw / bh13,(not set),(1) 封未讀訊息 | 台中七期．在夏綠地，典藏最優雅的【夏綠蒂】25-38坪,/buildings/bh13/,1,2,0,0,231
google / cpc,O1_地區字_2025.0801,台中七期．在夏綠地，典藏最優雅的【夏綠蒂】25-38坪,/buildings/bh13/,1,2,1,1,1
google_kw / h713,(not set),遠雄琉蘊 -台中市西屯區七期預售屋/新建案-預約賞屋，遠雄房地產,/buildings/bh5/,1,2,2,2,0
yahoo_native / bh5,(not set),遠雄琉蘊 -台中市西屯區七期預售屋/新建案-預約賞屋，遠雄房地產,/buildings/bh5/,1,2,2,2,0
0908364505.com / referral,(referral),遠雄琉蘊 -台中市西屯區七期預售屋/新建案-預約賞屋，遠雄房地產,/buildings/bh5/,1,2,1,1,44
10.77.55.125 / referral,(referral),遠雄琉蘊 -台中市西屯區七期預售屋/新建案-預約賞屋，遠雄房地產,/buildings/bh5/,1,2,4,4,16
safe.menlosecurity.com / referral,(referral),遠雄琉蘊 -台中市西屯區七期預售屋/新建案-預約賞屋，遠雄房地產,/buildings/bh5/,1,2,1,1,0
tw.images.search.yahoo.com / referral,(referral),遠雄琉蘊 -台中市西屯區七期預售屋/新建案-預約賞屋，遠雄房地產,/buildings/bh5/,1,2,2,2,70
C / B,(not set),遠雄藝舍-台中西屯區麥當勞旁金店面-預約賞屋，遠雄房地產,/buildings/bh6/,1,2,1,1,4
10.77.55.125 / referral,(referral),遠雄藝舍-台中西屯區麥當勞旁金店面-預約賞屋，遠雄房地產,/buildings/bh6/,1,2,2,2,3
line-fgr / bh7,linefgrbh7,【遠雄樂元】北屯機捷X好市多，雙首排大道最核心，夠近才最好,/buildings/bh7/,1,2,2,2,59
(not set),(not set),找不到頁面 - 遠雄房地產,/buildings/cqh1/,1,2,0,0,0
gdn / hm2,0602GDN,大河商爵-台北市士林區廠辦/預售新建案-預約賞屋，遠創力行銷,/buildings/dgm1/,1,2,2,2,31
google_kw / fm3,brand,大河商爵-台北市士林區廠辦/預售新建案-預約賞屋，遠創力行銷,/buildings/dgm1/,1,2,3,3,58
gdn / dgm1,gdn-dgc-stage,大河商爵-台北市士林區廠辦/預售新建案-預約賞屋，遠創力行銷,/buildings/dgm1/,1,2,3,3,1
google_kw / dgm1,information1,大河商爵-台北市士林區廠辦/預售新建案-預約賞屋，遠創力行銷,/buildings/dgm1/,1,2,2,2,0
(not set),20260618一輪播,台南永康遠雄山禾：鹽行特區3-4房，鄰商圈與交通樞紐的理想宅,/buildings/dh2/,1,2,3,3,31
(not set),20260828一輪播,台南永康遠雄山禾：鹽行特區3-4房，鄰商圈與交通樞紐的理想宅,/buildings/dh2/,1,2,3,3,53
591 / ar1,eeeee,(2) 封未讀訊息 | 高雄建案推薦【遠雄峰蘊】- 三民區預售屋．近科工館,/buildings/eh1/,1,2,0,0,109
LINE-Liff / bh11,202607-AI,高雄建案推薦【遠雄峰蘊】- 三民區預售屋．近科工館,/buildings/eh1/,1,2,2,2,1
web-sms / bh8,ai_202608,高雄建案推薦【遠雄峰蘊】- 三民區預售屋．近科工館,/buildings/eh1/,1,2,2,2,0
591 / ar1,eeeee,高雄建案推薦【遠雄峰蘊】- 三民區預售屋．近科工館,/buildings/eh1/,1,2,9,9,5
C / B,(not set),遠雄一靚：楠梓高大特區首發新案，2432坪大基地，早鳥預約諮詢中,/buildings/eh2/,1,2,2,2,2
excel.officeapps.live.com / referral,(referral),遠雄一靚：楠梓高大特區首發新案，2432坪大基地，早鳥預約諮詢中,/buildings/eh2/,1,2,1,1,31
line-lap / eh2,20260204B,遠雄一靚：楠梓高大特區首發新案，2432坪大基地，早鳥預約諮詢中,/buildings/eh2/,1,2,1,1,0
line-lap / eh2,20260407E,遠雄一靚：楠梓高大特區首發新案，2432坪大基地，早鳥預約諮詢中,/buildings/eh2/,1,2,2,2,0
web-edm / friends,20260821,遠雄一靚：楠梓高大特區首發新案，2432坪大基地，早鳥預約諮詢中,/buildings/eh2/,1,2,2,2,1
fb / dh2,fb-64,遠雄一靚：楠梓高大特區首發新案，2432坪大基地，早鳥預約諮詢中,/buildings/eh2/,1,2,1,1,53
google / cpc,20241021,遠雄沐蘊-高雄市三民區預售屋/新建案-預約賞屋,/buildings/eh5/,1,2,2,2,6
(not set),20260702一輪播,遠雄蘴靚｜高雄楠梓新門戶｜捷運R21站旁｜3795坪豪闊基地,/buildings/eh6/,1,2,1,1,118
web-edm / friends,20260821,遠雄蘴靚｜高雄楠梓新門戶｜捷運R21站旁｜3795坪豪闊基地,/buildings/eh6/,1,2,3,3,0
C / B,(not set),(2) 封未讀訊息 | 遠雄合雅｜板橋之心・合院之上｜2~4房．24~66坪,/buildings/fh2/,1,2,0,0,10
C / B,(not set),遠雄合雅｜板橋之心・合院之上｜2~4房．24~66坪,/buildings/fh2/,1,2,2,2,2
google / organic,新竹東區,遠雄合雅｜板橋之心・合院之上｜2~4房．24~66坪,/buildings/fh2/,1,2,1,1,32
C / B,(not set),遠雄信義CENTER-新北市板橋區廠辦.商辦/預售新建案-預約賞屋,/buildings/fm3/,1,2,1,1,0
tw.search.yahoo.com / referral,(referral),遠雄星呈-台中市清水區預售屋/新建案-預約賞屋，遠雄房地產,/buildings/h707/,1,2,1,1,396
pmp / (not set),6,遠雄星呈-台中市清水區預售屋/新建案-預約賞屋，遠雄房地產,/buildings/h707/,1,2,2,2,0
leju / h707,lejupage,遠雄星呈-台中市清水區預售屋/新建案-預約賞屋，遠雄房地產,/buildings/h707/,1,2,1,1,0
10.77.55.125 / referral,(referral),遠雄幸福成｜全新落成 - 台中市梧棲區新成屋-預約賞屋，遠雄房地產,/buildings/h713/,1,2,3,3,38
line-lap / H713,2022509,遠雄幸福成｜全新落成 - 台中市梧棲區新成屋-預約賞屋，遠雄房地產,/buildings/h713/,1,2,1,1,9
gdn / hm2,0602GDN,(1) 封未讀訊息 | 遠雄MetaLink科技園區 | 3700坪超旗艦 森態企業總部,/buildings/hm2/,1,2,0,0,77
gdn / hm2,6-1pmax,Farglory MetaLink Technology Park | 3700-ping (approximately 1630 square meters) Super Flagship Eco-Friendly Corporate Headquarters,/buildings/hm2/,1,2,0,0,19
gdn / hm2,202601,Taman Teknologi Farglory MetaLink | 3700-ping (sekitar 1633 meter persegi) Kantor Pusat Perusahaan Ramah Lingkungan Unggulan,/buildings/hm2/,1,2,0,0,4
(data not available),(cross-network),遠雄MetaLink科技園區 | 3700坪超旗艦 森態企業總部,/buildings/hm2/,1,2,2,2,0
C / B,(not set),遠雄MetaLink科技園區 | 3700坪超旗艦 森態企業總部,/buildings/hm2/,1,2,2,2,1
cse.google.com / referral,(referral),遠雄MetaLink科技園區 | 3700坪超旗艦 森態企業總部,/buildings/hm2/,1,2,2,2,55
gdn / hm2,0209,遠雄MetaLink科技園區 | 3700坪超旗艦 森態企業總部,/buildings/hm2/,1,2,2,2,0
gdn / hm2,0404,遠雄MetaLink科技園區 | 3700坪超旗艦 森態企業總部,/buildings/hm2/,1,2,1,1,5
web-edm / friends,20260821,遠雄MetaLink科技園區 | 3700坪超旗艦 森態企業總部,/buildings/hm2/,1,2,2,2,1
google / cpc,4-2pmax,遠雄MetaLink科技園區 | 3700坪超旗艦 森態企業總部,/buildings/hm2/,1,2,2,2,7
google_kw / hm2,202607,遠雄THE ONE-高雄市前鎮區新成屋/新建案-預約賞屋,/buildings/o1/,1,2,2,2,4
104.com.tw / referral,(referral),熱銷建案 彙整 - 頁2，共3 - 遠雄房地產,/buildings/page/2/,1,2,3,3,53
C / B,(not set),(2) 封未讀訊息 | 若水秧翠｜東京視野・頂埔門牌｜1~3房．20~42坪,/buildings/rsh1/,1,2,0,0,24
line-lap / dh6,2,若水秧翠｜東京視野・頂埔門牌｜1~3房．20~42坪,/buildings/rsh1/,1,2,2,2,0
fb / rsh1,fbfanpage0725,若水秧翠｜東京視野・頂埔門牌｜1~3房．20~42坪,/buildings/rsh1/,1,2,2,2,0
mydachi / rsh1,mydachi-ig0703,若水秧翠｜東京視野・頂埔門牌｜1~3房．20~42坪,/buildings/rsh1/,1,2,2,2,3
google / cpc,project,若水秧翠｜東京視野・頂埔門牌｜1~3房．20~42坪,/buildings/rsh1/,1,2,1,1,2
(not set),20260828一輪播,天母蒔麗｜15~25坪．1-2房｜北投行義路，近石牌站,/buildings/wdh2/,1,2,0,0,0
fgr-line / fgr,生活提案,找不到頁面 - 遠雄房地產,/buildings/５ＶＯ１/,1,2,2,2,2
fgr-line / ar1,20260424,遠雄房地產,/campaign,1,2,6,6,0
fgr-line / fgr,生活提案,遠雄房地產,/campaign,1,2,2,2,0
fgr-line / ar1,20260424,遠雄房地產官方LINE,/campaign,1,2,6,6,127
(not set),20260702一輪播,遠雄房地產官方LINE,/campaign,1,2,2,2,72
fgr-line / fgr,生活提案,遠雄房地產官方LINE,/campaign,1,2,3,3,246
google / organic,(organic),(not set),/campaign/index.html,1,2,3,3,0
(not set),20260618一輪播,(not set),/campaign/index.html,1,2,2,2,0
google / organic,(organic),0816黏土時鐘手作活動,/campaign/index.html,1,2,0,0,75
web / eh6,202608-lavie,EH6-0912法式永生乾燥油,/campaign/index.html,1,2,0,0,17
bing / organic,(organic),存房盛世,/campaign/index.html,1,2,0,0,3
google / organic,(organic),遠雄樂元-商圈夥伴交流午宴,/campaign/index.html,1,2,1,1,52
google / cpc,othercities_brand,遠雄樂元-商圈夥伴交流午宴,/campaign/index.html,1,2,1,1,45
google_kw / fm3,area_xinbei_zhonghe,熱銷建案：全台預售屋與新成屋一覽，遠雄房地產助您尋獲理想好宅,/case/,1,2,3,3,0
C / B,(not set),(2) 封未讀訊息 | 熱銷建案一覽：遠雄全台預售屋、新建案與新成屋，尋獲理想家園,/case/search/,1,2,0,0,10
web-ettoday / ah2,20250701,熱銷建案一覽：遠雄全台預售屋、新建案與新成屋，尋獲理想家園,/case/search/,1,2,2,2,23
line-lap / bh13,lap-1,熱銷建案一覽：遠雄全台預售屋、新建案與新成屋，尋獲理想家園,/case/search/,1,2,2,2,23
fb / wdh2,lbs-sms202608,熱銷建案一覽：遠雄全台預售屋、新建案與新成屋，尋獲理想家園,/case/search/,1,2,3,3,4
google / cpc,(not set),熱銷建案一覽：遠雄全台預售屋、新建案與新成屋，尋獲理想家園,/case/search/page/2/,1,2,2,2,0
web-ettoday / ah2,20250701,熱銷建案一覽：遠雄全台預售屋、新建案與新成屋，尋獲理想家園,/case/search/page/2/,1,2,2,2,19
(not set),20260618一輪播,熱銷建案一覽：遠雄全台預售屋、新建案與新成屋，尋獲理想家園,/case/search/page/2/,1,2,2,2,9
web-ettoday / ah2,20250701,熱銷建案一覽：遠雄全台預售屋、新建案與新成屋，尋獲理想家園,/case/search/page/3/,1,2,2,2,27
web-ettoday / ah2,20250701,熱銷建案一覽：遠雄全台預售屋、新建案與新成屋，尋獲理想家園,/case/search/page/4/,1,2,2,2,29
web-ettoday / ah2,20250701,熱銷建案一覽：遠雄全台預售屋、新建案與新成屋，尋獲理想家園,/case/search/page/5/,1,2,2,2,13
C / B,(not set),(2) 封未讀訊息 | 熱銷建案一覽：遠雄全台預售屋、新建案與新成屋，尋獲理想家園,/case/search/page/6/,1,2,0,0,12
(not set),20260813一輪播,(not set),(not set),2,2,0,0,0
(not set),20260429一輪播,(not set),/customInfo_V2.html,1,2,4,4,0
omnichat / keyword_line,keyword_line,遠雄房地產,/ebook,1,2,3,3,0
LINE-Liff / bh11,202607-AI,遠雄房地產官方LINE,/ebook,1,2,6,6,0
fgr-line / fgr,expert_zhu_inheritance-tax-2026-2,遠雄房地產官方LINE,/ebook,1,2,2,2,101
10.77.55.125 / referral,(referral),國家級的建築肯定-遠雄房地產,/farglory-realty-about/national-building/,1,2,2,2,2
localhost:3000 / referral,(referral),國家級的建築肯定-遠雄房地產,/farglory-realty-about/national-building/,1,2,3,3,1
google / organic,(organic),"平面圖集,遠雄夏沐-線上接待中心",/floor-plan,1,2,6,6,12
google / organic,(organic),遠雄夏沐-線上接待中心,/floor-plan,1,2,3,3,3
google / organic,(organic),遠雄夏綠蒂 | 數位意向書-遠雄房地產 Farglory-Realty,/form/result/complete,1,2,1,1,0
(not set),20260702一輪播,遠雄夏綠蒂 | 數位意向書-遠雄房地產 Farglory-Realty,/form/result/complete,1,2,2,2,0
(direct) / (none),(direct),遠雄夏綠蒂 | 數位意向書-遠雄房地產 Farglory-Realty,/form/verify/5NqzR2,1,2,2,2,6
(direct) / (none),(direct),遠雄夏綠蒂 | 數位意向書-遠雄房地產 Farglory-Realty,/form/verify/6aGNv3,1,2,2,2,7
(direct) / (none),(direct),遠雄夏綠蒂 | 數位意向書-遠雄房地產 Farglory-Realty,/form/verify/KfyvR3,1,2,2,2,0
(direct) / (none),(direct),遠雄夏綠蒂 | 數位意向書-遠雄房地產 Farglory-Realty,/form/verify/k0Ll33,1,2,2,2,20
(direct) / (none),(direct),遠雄夏綠蒂 | 數位意向書-遠雄房地產 Farglory-Realty,/form/verify/vWohy3,1,2,2,2,5
(not set),(not set),遠雄房地產,/integrate,1,2,1,1,0
(not set),20260618一輪播,A建案-AI接待測試頁 - 遠雄房地產,/landing-page/aitest/,1,2,1,1,2
google / organic,(organic),財經M平方 彙整 - 遠雄房地產,/life-proposal-category/expert_point/macro_micro/,1,2,2,2,13
tw.search.yahoo.com / referral,(referral),買房必看！如何挑選好建商？3招教你查建商評價、口碑與保固陷阱,/life-proposal/13856/,1,2,2,2,61
l.facebook.com / referral,(referral),北士科商辦聚落核心！「聯上智科」坐落福國路首排，企業卡位科技門戶,/life-proposal/5vo1-news_tech-office/,1,2,2,2,26
gemini.google.com / ai-assistant,(ai-assistant),高雄楠梓區高大特區生活圈 | 建案熱區巡禮 - 遠雄房地產,/life-proposal/area-kaohsiung-nanzi_nuk_function_20250211/,1,2,2,2,11
(not set),高雄楠梓,高雄楠梓區 - 從工業重鎮到經濟新引擎的崛起 | 建案熱區巡禮 - 遠雄房地產,/life-proposal/area-l-kaohsiung-nanzi_20250121/,1,2,0,0,50
google / organic,高雄鼓山,前鎮房市加速！205 兵工廠遷移與特貿三開發，完善亞灣區交通樞紐,/life-proposal/area-l-kaohsiung-qianzhen_20220805/,1,2,0,0,0
(not set),20260805一輪播,桃園龜山重大建設帶動發展利多 | 建案熱區巡禮 - 遠雄房地產,/life-proposal/area-l-taoyuan-guishan/,1,2,0,0,46
google / organic,(organic),建案熱區巡禮：台南中西區運河星鑽特區 - 學區篇 - 遠雄房地產,/life-proposal/area-tainan_west-central_redevelop_diamond_school_20250516/,1,2,1,1,0
(not set),台中梧棲,台中港市鎮重劃區發展解析：捷運藍線與產業園區總覽,/life-proposal/area-txg-port_function_20240103/,1,2,1,1,378
google / organic,(organic),AI浪潮點火，新板TPARK廠辦價值加速升溫 - 遠雄房地產,/life-proposal/area_fm3_ai-tech-park-banqiao/,1,2,2,2,12
(not set),20260828一輪播,建案熱區巡禮：高雄三民區 - 交通篇 - 遠雄房地產,/life-proposal/area_hotspot_khh_sanmin_traffic_20230928/,1,2,2,2,0
(not set),20260828一輪播,台中預售屋怎麼挑？各區房價、TOP36建案分析，買屋前必看！,/life-proposal/area_presold-house-in-taichung/,1,2,1,1,0
mkto-sn070013.com / referral,(referral),買房必讀 - 避免不動產詐騙｜如何避免成為房貸人頭？｜專家觀點地政篇 - 遠雄房地產,/life-proposal/avoid-real-estate-fraud/,1,2,5,5,11
gemini.google.com / ai-assistant,(ai-assistant),社區綠建築標章有何好處？節能省電與環保優勢，打造健康永續宅,/life-proposal/ease_greenbuilding_20230608/,1,2,2,2,4
(not set),20260805一輪播,高雄科技核心起飛！楠梓R21都會公園站「遠雄蘴靚」3795坪指標案登場,/life-proposal/eh6-news/,1,2,1,1,28
web-edm / friends,20260821,空屋率高房價就會跌？揭開台灣房市「愈空愈貴」的結構真相,/life-proposal/expert_hoshichang_vacancy-rate/,1,2,2,2,5
(not set),生活提案,空屋率高房價就會跌？揭開台灣房市「愈空愈貴」的結構真相,/life-proposal/expert_hoshichang_vacancy-rate/,1,2,1,1,5
mkto-sn070013.com / referral,(referral),預售屋買賣契約簽約時應注意「契約審閱期」｜永然法律不動產專欄 - 遠雄房地產,/life-proposal/expert_law_y-rlee_contract_20250613/,1,2,2,2,0
mkto-sn070013.com / referral,(referral),台版地面師如何騙走你的不動產?｜永然法律不動產專欄 - 遠雄房地產,/life-proposal/expert_law_y-rlee_land-agent_20250904/,1,2,3,3,3
excel.officeapps.live.com / referral,(referral),如何防範裝潢詐騙？室內裝修合約必備條款與律師防詐指南,/life-proposal/expert_law_y-rlee_renovation-fraud/,1,2,1,1,1
web-edm / friends,20260821,如何防範裝潢詐騙？室內裝修合約必備條款與律師防詐指南,/life-proposal/expert_law_y-rlee_renovation-fraud/,1,2,2,2,1
google / organic,(organic),財經M平方觀點：去庫存壓力來襲，透過2個關鍵訊號掌握製造業落底,/life-proposal/expert_macromicro20220726/,1,2,2,2,5
google / organic,(organic),25Q2 美股財報-深度拆解半導體龍頭與 AI 趨勢｜財經M平方觀點 - 遠雄房地產,/life-proposal/expert_macromicro_25q2-financial-statements/,1,2,2,2,4
(not set),20260805一輪播,25Q2 美股財報-深度拆解半導體龍頭與 AI 趨勢｜財經M平方觀點 - 遠雄房地產,/life-proposal/expert_macromicro_25q2-financial-statements/,1,2,0,0,11
(not set),20260805一輪播,2026 台灣經濟展望：AI 產業動能、台股趨勢與台幣匯率走勢分析 | 財經M平方觀點 - 遠雄房地產,/life-proposal/expert_macromicro_economy-2026-critical/,1,2,0,0,0
web-edm / friends,20260821,2026 下半年全球央行決策解析：聯準會、歐洲與日本央行的資產配置新思維,/life-proposal/expert_macromicro_market-analysis/,1,2,2,2,0
(not set),20260828一輪播,【2026 遺產稅修法】夫妻剩餘財產請求權：最強節稅利器，讓稅金直接對半砍！ - 遠雄房地產,/life-proposal/expert_zhu_inheritance-tax-2026-2/,1,2,0,0,739
excel.officeapps.live.com / referral,(referral),頂客族遺產保衛戰！解析特留份修法趨勢與配偶繼承權益保障,/life-proposal/expert_zhu_legal-reserve/,1,2,1,1,32
web-edm / friends,20260821,頂客族遺產保衛戰！解析特留份修法趨勢與配偶繼承權益保障,/life-proposal/expert_zhu_legal-reserve/,1,2,2,2,8
mkto-sn070013.com / referral,(referral),買房前必查：銀行不會主動告訴你的「抵押權與順位」 | 專家觀點地政篇 - 遠雄房地產,/life-proposal/expert_zhu_mortgage-lien-priority/,1,2,3,3,3
(not set),20260805一輪播,預售屋還能投嗎？解析禁止換約、紅單移轉新制下的優良投資工具潛力,/life-proposal/expert_zhu_presale_20230314/,1,2,0,0,19
mkto-sn070013.com / referral,(referral),[影音] 預售屋購買注意事項大解析 - 履約保證不可不知｜專家觀點地政篇 - 遠雄房地產,/life-proposal/expert_zhu_property_escrow_vedio_20240531/,1,2,3,3,1
(not set),生活提案,[影音] 你的買賣安全嗎？房屋產權必懂的謄本識讀、權狀跟身分查驗｜專家觀點地政篇 - 遠雄房地產,/life-proposal/expert_zhu_property_identity_vedio_20240229/,1,2,2,2,146
(not set),20260805一輪播,到底停車位、露臺、屋頂屬於誰？專家解析產權登記與約定專用規範,/life-proposal/expert_zhu_public-area_20230718/,1,2,0,0,0
excel.officeapps.live.com / referral,(referral),成屋延後交屋怎麼辦？地政士教你預告登記防風險,/life-proposal/expert_zhu_video_delay/,1,2,1,1,11
(not set),20260828一輪播,自己的浴室自己修！水龍頭漏水與馬桶堵塞排除法，居家維修不求人,/life-proposal/fixbathroom/,1,2,2,2,0
google / organic,(organic),住宅保險全攻略：火災、地震基本保險與颱風洪水補償，住家安全保障,/life-proposal/home_insurance20220602/,1,2,2,2,1
cn.bing.com / referral,(referral),換屋族必讀：房地合一稅與土地增值稅完整攻略 - 遠雄房地產,/life-proposal/house_and_land/,1,2,2,2,82
google / organic,(organic),不動產節稅妙招：房地合一合法節稅解析，掌握重購退稅與免稅額度,/life-proposal/house_and_land_20220909/,1,2,2,2,31
(not set),20260828一輪播,坪數怎麼算？為什麼要算？買房前必懂的1坪大小與坪數計算方式,/life-proposal/how-to-calculate-house-size/,1,2,4,4,99
(not set),20260813一輪播,建商怎麼挑？25大優質建商特色、挑選指標介紹，購屋族必看！ - 遠雄房地產,/life-proposal/kw_brand_construction_20240109/,1,2,1,1,0
(not set),20260813一輪播,社區管理費與公共基金解析：掌握用途與收費標準，維護高品質生活,/life-proposal/land_fund/,1,2,2,2,598
(not set),生活提案,社區管理費與公共基金解析：掌握用途與收費標準，維護高品質生活,/life-proposal/land_fund/,1,2,3,3,34
ecosia.org / organic,(organic),都市土地分區解析｜買房必看土地使用分區與建物用途全攻略 - 遠雄房地產,/life-proposal/land_zoning/,1,2,2,2,95
google / organic,(organic),什麼是北歐風？打造自然簡約的木質居所,/life-proposal/nordic_design_20221219/,1,2,2,2,518
(not set),20260828一輪播,預售屋付款方式有哪些？要準備多少錢？掌握付款5階段與注意事項,/life-proposal/pre-sale-house-payment-methods/,1,2,0,0,2
excel.officeapps.live.com / referral,(referral),預售屋有哪些優缺點？掌握購屋流程、注意事項，安心規劃成家藍圖,/life-proposal/pre-sale-property/,1,2,1,1,30
(not set),20260813一輪播,台中最後寶地！水湳經貿園區範圍全圖解，中央公園帶動國際城市發展,/life-proposal/shuinan/,1,2,0,0,2
google / organic,(organic),打造毛孩專屬寵物宅：室內外規劃重點，構築幸福共融空間,/life-proposal/space_pets_20230130/,1,2,2,2,44
(not set),生活提案,房地一族看過來，與你有關的國稅局查稅重點 - 遠雄房地產,/life-proposal/tax_inspection_20230119/,1,2,1,1,0
(not set),20260828一輪播,看房注意事項有哪些？預售屋考察指標、挑選原則與簽約保障全攻略,/life-proposal/things-to-note-when-viewing-a-house-2/,1,2,3,3,10
(not set),20260813一輪播,新莊副都心生活圈：一步抵達頂級人生，重劃區交通與生活全解析,/life-proposal/xinzhuang/,1,2,0,0,7
teams.public.onecdn.static.microsoft / referral,(referral),購屋知識：買屋流程、稅法與貸款全攻略，遠雄房地產專業置產指引,/life_proposal/buying_knowledge/,1,2,1,1,9
(not set),台中北屯,購屋知識：買屋流程、稅法與貸款全攻略，遠雄房地產專業置產指引,/life_proposal/buying_knowledge/,1,2,5,5,53
(not set),20260828一輪播,專家觀點：解析最新房市動向與購屋建議，遠雄房地產深度置產指引,/life_proposal/experts_point/,1,2,2,2,89
(not set),台中梧棲,在地生活：解析預售屋與新建案周邊機能，掌握區域環境與未來動態,/life_proposal/music_life/,1,2,2,2,17
google / cpc,competitor,安心生活：三大保固升級服務｜遠雄房地產給您最長久的家承諾,/life_proposal/peace_mind/,1,2,1,1,11
google_kw / bh10,competitor-developer,預約賞屋手機驗證 - 遠雄房地產,/mob_verify/,1,2,2,2,0
google_gdn / 5vo1,7-5,專屬會員｜遠房好友帳戶管理，提供專屬服務並可隨時諮詢客服,/my-account/,1,2,2,2,17
fb / bh10,fblead,守護個人資訊安全，一起保障您的隱私權益｜ 遠雄房地產,/privacy/,1,2,1,1,123
(direct) / (none),(direct),轉址中,/rdt,1,2,2,2,0
(not set),20260805一輪播,許美淑業務個人介紹 - 遠雄商用不動產(林口龜山),/sales/HM2/B1535/,1,2,2,2,16
google / organic,(organic),羅泓偉業務個人介紹 - 遠雄一靚,/sales/eh2/B3397/,1,2,1,1,0
(not set),(not set),關於我們｜遠雄房地產服務條款，守護用戶使用權益，確保資訊安全,/terms-of-service/,1,2,1,1,4
google_kw / hm2,202511,預約成功 - 遠雄房地產,/預約成功感謝頁/,1,2,1,1,0
yahoo_native / ao1,20240809_8-1,遠雄房地產：最懂生活的購屋專家｜卓越建築品質，圓滿您的家,/,0,2,1,null,null
teams.public.onecdn.static.microsoft / referral,(referral),關於我們｜展現品牌實力，全台經典建築實績見證，成就卓越品質,/about/brand_performance_backup/,0,2,0,null,null
(not set),20260618一輪播,【聯上智科】輝達軸線核心｜北士科福國路首排，純商辦地標，符合ESG指標｜預約尊榮鑑賞 遠雄房地產 聯上智科,/buildings/5vo1/,0,2,3,null,null
google / cpc,(organic),北士科建案【遠雄明玥】2000坪全街廓只蓋一棟．25-46坪,/buildings/ah1/,0,2,2,null,null
google / cpc,0203,遠雄MetaLink科技園區 | 3700坪超旗艦 森態企業總部,/buildings/hm2/,0,2,2,null,null
(not set),20260429一輪播,遠雄夏沐-桃園市桃園區成屋/新建案-預約賞屋，遠雄房地產,/buildings/遠雄夏沐/,0,2,2,null,null
(not set),20260805一輪播,(not set),/campaign/index.html,0,2,2,null,null
line-lap / bh13,lap-2,(not set),/campaign/index.html,0,2,2,null,null
(not set),20260702一輪播,地震來的時候你家安全嗎? 一次搞懂抗震建築 - 遠雄房地產,/life-proposal/earthquake/,0,2,2,null,null
(not set),20260813一輪播,台灣建商為何規模較小？解析台美房產專業分工機制與自由市場模式,/life-proposal/expert_macromicro_20230522/,0,2,2,null,null
(not set),(not set),大新板 AI 產業廊道解析｜地緣政治驅動供應鏈轉型，企業資產佈局對策,/life-proposal/fm3-asset/,0,2,0,null,null
(not set),20260813一輪播,聰明買房不吃虧！解析建物謄本關鍵訊息：看懂產權、抵押與限制,/life-proposal/transcript_20221007/,0,2,1,null,null
google / cpc,BH8-建案相關,熱銷建案一覽：遠雄全台預售屋、新建案與新成屋，尋獲理想家園,/case/search/sales_status/hot-sale/,2,2,2,1,19
google / cpc,20250616_品牌字,高雄建案推薦【遠雄峰蘊】- 三民區預售屋．近科工館,/buildings/eh1/,1,1,1,1,19
(not set),20260805一輪播,黃䕒慧業務個人介紹 - 若水秧翠,/sales/rsh1/B5714/,0,1,1,null,null
google / cpc,brand,(not set),(not set),1,1,0,0,0
fb / wdh2,fb7-1,(not set),(not set),1,1,0,0,0
socialmedia / eh6,fbeh6info,(not set),(not set),1,1,0,0,0
google / cpc,gdn-4,(not set),(not set),1,1,0,0,0
google_kw / eh6,googlemap,(not set),(not set),1,1,0,0,0
(not set),20260805一輪播,(1) 封未讀訊息 | 遠雄房地產：最懂生活的購屋專家｜卓越建築品質，圓滿您的家,/,1,1,0,0,0
google / cpc,gdn-4,(1) 封未讀訊息 | 遠雄房地產：最懂生活的購屋專家｜卓越建築品質，圓滿您的家,/,1,1,0,0,11
webnews / o1,20211201,(2) 封未讀訊息 | 遠雄房地產：最懂生活的購屋專家｜卓越建築品質，圓滿您的家,/,1,1,0,0,23
webnews / o1,20260827,(2) 封未讀訊息 | 遠雄房地產：最懂生活的購屋專家｜卓越建築品質，圓滿您的家,/,1,1,0,0,38
google / cpc,brand,(2) 封未讀訊息 | 遠雄房地產：最懂生活的購屋專家｜卓越建築品質，圓滿您的家,/,1,1,0,0,5
google_kw / vg,project,(2) 封未讀訊息 | 遠雄房地產：最懂生活的購屋專家｜卓越建築品質，圓滿您的家,/,1,1,0,0,7
excel.officeapps.live.com / referral,(referral),2026 遺產傳承攻略：頂客族節稅必懂遺贈稅修法與遺囑信託,/,1,1,1,1,0
mkto-sn070013.com / referral,(referral),2026 遺產傳承攻略：頂客族節稅必懂遺贈稅修法與遺囑信託,/,1,1,3,3,7
web-edm / topic,20260807,2026商用不動產衝破1588億！獵廠時代來臨，遠雄信義CENTER搶佔AI供應鏈商機,/,1,1,2,2,26
farglory.com.tw / referral,(referral),"Farglory Realty: Chuyên gia mua nhà thấu hiểu cuộc sống nhất | Chất lượng xây dựng vượt trội, hiện thực hóa giấc mơ về ngôi nhà lý tưởng của bạn.",/,1,1,0,0,45
googlemap / o1,googlemap,"Farglory Realty: Die Experten für Hauskäufer, die das Leben am besten verstehen | Höchste Bauqualität, die Ihr Zuhause erfüllt",/,1,1,0,0,8
(direct) / (none),(direct),"Farglory Realty: The Home Buying Experts Who Understand Life Best | Superior Construction Quality, Fulfilling Your Home",/,1,1,0,0,20
googlemap / o1,googlemap,"Farglory Realty: The Home Buying Experts Who Understand Life Best | Superior Construction Quality, Fulfilling Your Home",/,1,1,0,0,5
chatgpt.com / o1,googlemap,Registration of the actual price of the far house,/,1,1,1,1,0
chatgpt.com / o1,googlemap,"Yuanxiong Real Estate: The most knowledgeable house buying expert | Excellent building quality, perfect your home",/,1,1,0,0,200
googlemap / o1,googlemap,"Yuanxiong Real Estate: The most knowledgeable house buying expert | Excellent building quality, perfect your home",/,1,1,0,0,28
chatgpt.com / ai-assistant,(ai-assistant),【遠雄北府苑】｜台南首座全齡通用認證宅，爭藏絕版，市心重劃，稀有2-4房,/,1,1,1,1,0
google / organic,(organic),交屋全攻略：從產權防護、驗屋清單到屋型挑選的安心入住指南,/,1,1,4,4,314
(not set),台中全區,坪數怎麼算？為什麼要算？買房前必懂的1坪大小與坪數計算方式,/,1,1,5,5,76
(not set),生活提案,坪數怎麼算？為什麼要算？買房前必懂的1坪大小與坪數計算方式,/,1,1,0,0,9
bing / organic,(organic),您正在找 - 遠雄房地產,/,1,1,1,1,4
ekilookhouse168.pixnet.net / referral,(referral),您正在找 - 遠雄房地產,/,1,1,1,1,4
excel.officeapps.live.com / referral,(referral),您正在找 - 遠雄房地產,/,1,1,1,1,9
farglory.com.tw / referral,(referral),您正在找 - 遠雄房地產,/,1,1,1,1,3
gdn / eh3,20220411,您正在找 - 遠雄房地產,/,1,1,1,1,0
(not set),20260618一輪播,您正在找 - 遠雄房地產,/,1,1,2,2,25
(not set),20260805一輪播,您正在找 - 遠雄房地產,/,1,1,4,4,13
google / cpc,brand,您正在找 - 遠雄房地產,/,1,1,1,1,12
socialmedia / bh11,googlemap,您正在找 - 遠雄房地產,/,1,1,1,1,44
google / cpc,othercities_brand,您正在找 - 遠雄房地產,/,1,1,1,1,9
web-udn / dgm1,web-udn0626,您正在找 - 遠雄房地產,/,1,1,1,1,3
(direct) / (none),(direct),您正在找 吸氣 - 遠雄房地產,/,1,1,1,1,2
google / organic,(organic),您正在找 明日讚 - 遠雄房地產,/,1,1,1,1,4
(direct) / (none),(direct),您正在找 桃園廠辦 - 遠雄房地產,/,1,1,1,1,5
google / cpc,brand,您正在找 遠雄樂園 - 遠雄房地產,/,1,1,1,1,0
google / cpc,othercities_brand,您正在找 隱私政策 - 遠雄房地產,/,1,1,1,1,15
(not set),生活提案,買房常見問答FAQ｜預約賞屋流程、全台熱門重劃區解析、購屋地政稅務實務,/,1,1,1,1,0
perplexity.ai / ai-assistant,(ai-assistant),遠房實價登錄,/,1,1,1,1,0
google_kw / eh1,(not set),遠房實價登錄,/,1,1,1,1,0
pop-car / ar1,(not set),遠房實價登錄,/,1,1,3,3,0
google_kw / bh5,(organic),遠房實價登錄,/,1,1,3,3,0
0908364505.com / referral,(referral),遠房實價登錄,/,1,1,1,1,0
223.27.48.66:3443 / referral,(referral),遠房實價登錄,/,1,1,4,4,12
excel.officeapps.live.com / referral,(referral),遠房實價登錄,/,1,1,1,1,0
facebook.com / referral,(referral),遠房實價登錄,/,1,1,1,1,0
farglory-land.com.tw / referral,(referral),遠房實價登錄,/,1,1,6,6,0
google_kw / dh2,(referral),遠房實價登錄,/,1,1,1,1,0
m.blog.naver.com / referral,(referral),遠房實價登錄,/,1,1,1,1,0
mail.surenotifyapi.com / referral,(referral),遠房實價登錄,/,1,1,1,1,0
pushpin.corp.google.com / referral,(referral),遠房實價登錄,/,1,1,2,2,0
safe.menlosecurity.com / referral,(referral),遠房實價登錄,/,1,1,1,1,0
storm.mg / referral,(referral),遠房實價登錄,/,1,1,1,1,0
tong-yuan.com.tw / referral,(referral),遠房實價登錄,/,1,1,1,1,0
line-lap / hm2,0601,遠房實價登錄,/,1,1,1,1,0
fb / h713,0930post,遠房實價登錄,/,1,1,2,2,0
fb / h707,1,遠房實價登錄,/,1,1,1,1,0
line-lap / dh2,1,遠房實價登錄,/,1,1,1,1,0
line-lap / dh2,10,遠房實價登錄,/,1,1,1,1,0
fb / bh5,11,遠房實價登錄,/,1,1,1,1,0
fb / bh7,11,遠房實價登錄,/,1,1,2,2,0
fb / bh11,11-2,遠房實價登錄,/,1,1,1,1,0
webnews / bh5,11307,遠房實價登錄,/,1,1,1,1,0
fb / bh7,12,遠房實價登錄,/,1,1,1,1,0
fb / bh11,12-4,遠房實價登錄,/,1,1,1,1,0
ig / paid,120242233664400316,遠房實價登錄,/,1,1,1,1,0
fb / paid,120243863650480416,遠房實價登錄,/,1,1,1,1,0
fb / paid,120252757377990316,遠房實價登錄,/,1,1,1,1,0
line-lap / dh2,15,遠房實價登錄,/,1,1,1,1,0
fb / bh7,16,遠房實價登錄,/,1,1,1,1,0
fb / bh7,18,遠房實價登錄,/,1,1,1,1,0
line-lap / dh2,18,遠房實價登錄,/,1,1,1,1,0
fb / dh6,2,遠房實價登錄,/,1,1,1,1,0
line-lap / dh2,2,遠房實價登錄,/,1,1,1,1,0
web-chinatimes / h902,20211025,遠房實價登錄,/,1,1,0,0,0
gdn / bh1,20211201,遠房實價登錄,/,1,1,1,1,0
web-ettoday / o1,20211201,遠房實價登錄,/,1,1,1,1,0
web-ettoday / h902,20220706,遠房實價登錄,/,1,1,1,1,0
google / cpc,20230901a,遠房實價登錄,/,1,1,1,1,0
web-udn / eh1,20230915,遠房實價登錄,/,1,1,1,1,0
webnews / eh1,20240307,遠房實價登錄,/,1,1,1,1,0
webnews / h707,20240328,遠房實價登錄,/,1,1,1,1,0
webnews / dh2,20240615,遠房實價登錄,/,1,1,1,1,0
webnews / bh8,20241023,遠房實價登錄,/,1,1,1,1,0
web-udn / eh1,20241108_brand,遠房實價登錄,/,1,1,1,1,0
webnews / h707,202501,遠房實價登錄,/,1,1,4,4,0
web / ah2,202501-belle,遠房實價登錄,/,1,1,1,1,0
web / ah2,202501-lavie,遠房實價登錄,/,1,1,1,1,0
web-ettoday / bh8,20250121,遠房實價登錄,/,1,1,1,1,25
google / cpc,20250317,遠房實價登錄,/,1,1,1,1,0
fb / o1,20250422_17-3,遠房實價登錄,/,1,1,1,1,0
fb / o1,20250422_24-1,遠房實價登錄,/,1,1,1,1,0
google_kw / AR1,20250616_台北豪宅/別墅,遠房實價登錄,/,1,1,1,1,0
google_kw / AR1,20250616_品牌字,遠房實價登錄,/,1,1,1,1,0
webnews / ar1,20250618,遠房實價登錄,/,1,1,1,1,0
webnews / ar1,20250627,遠房實價登錄,/,1,1,1,1,0
web-ettoday / ah2,20250701,遠房實價登錄,/,1,1,1,1,0
dm-point / bh7,202508,遠房實價登錄,/,1,1,1,1,0
webnews / h713,20250918,遠房實價登錄,/,1,1,1,1,0
gdn / bh10,20251-1-6mix,遠房實價登錄,/,1,1,1,1,0
google_kw / hm2,202511,遠房實價登錄,/,1,1,1,1,0
webnew / h713,202512,遠房實價登錄,/,1,1,2,2,0
news / h707,202603,遠房實價登錄,/,1,1,1,1,0
web-udn / fm3,20260305-baseball,遠房實價登錄,/,1,1,1,1,0
fgr-line / fh2,20260417,遠房實價登錄,/,1,1,1,1,0
fb / bh10,20260618一輪播,遠房實價登錄,/,1,1,1,1,0
google / organic,20260702一輪播,遠房實價登錄,/,1,1,1,1,0
web-edm / friends,20260717,遠房實價登錄,/,1,1,1,1,0
web-edm / topic,20260807,遠房實價登錄,/,1,1,1,1,0
fgr-line / fgr,20260813一輪播,遠房實價登錄,/,1,1,1,1,0
fgr-line / eh6,20260814,遠房實價登錄,/,1,1,1,1,0
fb / hm2,20260824-1,遠房實價登錄,/,1,1,1,1,0
fb / bh7,24,遠房實價登錄,/,1,1,1,1,0
fb / bh7,29,遠房實價登錄,/,1,1,1,1,0
gdn / hm2,4-2pmax,遠房實價登錄,/,1,1,1,1,26
gdn / dh3,5,遠房實價登錄,/,1,1,1,1,0
line-lap / 5vo1,5-2,遠房實價登錄,/,1,1,2,2,0
fb / bh5,58,遠房實價登錄,/,1,1,2,2,0
fgr-line / fgr,5vo1-news_tech-office,遠房實價登錄,/,1,1,1,1,0
fb / dh6,6,遠房實價登錄,/,1,1,1,1,0
fb / bh11,6-3,遠房實價登錄,/,1,1,1,1,0
google_gdn / 5vo1,7-1,遠房實價登錄,/,1,1,2,2,0
google_gdn / 5vo1,7-4,遠房實價登錄,/,1,1,1,1,0
fb / dh6,8,遠房實價登錄,/,1,1,1,1,0
line-lap / dh3,8,遠房實價登錄,/,1,1,1,1,0
fb / bh7,9-1,遠房實價登錄,/,1,1,1,1,0
web-sms / eh1,CRM-206-D,遠房實價登錄,/,1,1,1,1,0
web-sms / bh8,CRM-210-D,遠房實價登錄,/,1,1,1,1,0
web-sms / bh11,CRM-213-D,遠房實價登錄,/,1,1,9,9,0
taboola / fm3,ConB02,遠房實價登錄,/,1,1,1,1,0
GDC / (not set),GDCbuilding/遠雄新宿-21.html,遠房實價登錄,/,1,1,1,1,0
gdn / mdrive,H902,遠房實價登錄,/,1,1,1,1,0
sms / aep-cdp,aep-306,遠房實價登錄,/,1,1,1,1,0
web-sms / bh11,ai_202607,遠房實價登錄,/,1,1,2,2,0
google_kw / eh5,brand,遠房實價登錄,/,1,1,1,1,0
google_kw / fh2,brand,遠房實價登錄,/,1,1,1,1,0
google_kw / o1,brand,遠房實價登錄,/,1,1,1,1,0
google / cpc,com,遠房實價登錄,/,1,1,1,1,0
google_kw / dh6,competing,遠房實價登錄,/,1,1,1,1,0
google_kw / o1,competitor,遠房實價登錄,/,1,1,1,1,0
google_kw / rsh1,dingpu,遠房實價登錄,/,1,1,1,1,0
bridgewell / ar1,eeee,遠房實價登錄,/,1,1,2,2,0
google-map / organic,eh1,遠房實價登錄,/,1,1,1,1,0
fgr-line / fgr,expert_law_y-rlee_joint-ownership,遠房實價登錄,/,1,1,2,2,0
youtube / fgr,expert_zhu_legal-reserve,遠房實價登錄,/,1,1,2,2,0
google_kw / AR1,extension,遠房實價登錄,/,1,1,1,1,0
google / cpc,family_respond,遠房實價登錄,/,1,1,1,1,0
fb / ah2,fb-1,遠房實價登錄,/,1,1,1,1,0
fb / ah1,fb-10,遠房實價登錄,/,1,1,1,1,0
fb / dh2,fb-34,遠房實價登錄,/,1,1,1,1,0
fb / dh2,fb-43,遠房實價登錄,/,1,1,1,1,0
fb / dh2,fb-66,遠房實價登錄,/,1,1,1,1,0
fb / fm3,fb13-1,遠房實價登錄,/,1,1,1,1,0
fb / fm3,fb13-2,遠房實價登錄,/,1,1,1,1,0
fb / fm3,fb15-2,遠房實價登錄,/,1,1,2,2,5
fb / eh2,fb18-1,遠房實價登錄,/,1,1,1,1,0
fb / bh10,fb20266-1video,遠房實價登錄,/,1,1,1,1,0
fb / eh1,fb20266-2,遠房實價登錄,/,1,1,1,1,0
fb / bh10,fb20267-1,遠房實價登錄,/,1,1,1,1,0
fb / eh1,fb20267-2,遠房實價登錄,/,1,1,1,1,0
fb / bh10,fb20267-3,遠房實價登錄,/,1,1,1,1,124
fb / bh10,fb20267-4,遠房實價登錄,/,1,1,1,1,0
fb / eh1,fb20267-4,遠房實價登錄,/,1,1,1,1,0
fb / bh10,fb20267-5,遠房實價登錄,/,1,1,1,1,0
fb / eh1,fb20267-5,遠房實價登錄,/,1,1,1,1,0
fb / bh8,fb22-1,遠房實價登錄,/,1,1,1,1,0
fb / bh8,fb22-3,遠房實價登錄,/,1,1,1,1,0
fb / o1,fb29-1,遠房實價登錄,/,1,1,1,1,0
fb / bh8,fb31-2,遠房實價登錄,/,1,1,2,2,0
fb / o1,fb32-1,遠房實價登錄,/,1,1,1,1,0
fb / eh5,fb34-2,遠房實價登錄,/,1,1,1,1,0
fb / eh5,fb37-6,遠房實價登錄,/,1,1,2,2,0
fb / ar1,fb4-1,遠房實價登錄,/,1,1,1,1,0
fb / wdh2,fb4-2video,遠房實價登錄,/,1,1,1,1,0
fb / eh6,fb4-4,遠房實價登錄,/,1,1,1,1,0
fb / rsh1,fb7-2,遠房實價登錄,/,1,1,1,1,0
fb / fm3,fb9-1,遠房實價登錄,/,1,1,1,1,0
web-sms / BH11,fb_ad,遠房實價登錄,/,1,1,1,1,0
fb / eh1,fbfanpage,遠房實價登錄,/,1,1,1,1,0
fb / bh10,fbfanpage0108,遠房實價登錄,/,1,1,1,1,0
fb / rsh1,fbfanpage0320,遠房實價登錄,/,1,1,1,1,0
fb / bh10,fbfanpage0509,遠房實價登錄,/,1,1,1,1,0
fb / fh2,fbfanpage0509,遠房實價登錄,/,1,1,1,1,0
fb / bh10,fbfanpage0510,遠房實價登錄,/,1,1,1,1,0
fb / wdh2,fbfanpage0515,遠房實價登錄,/,1,1,1,1,0
fb / fh2,fbfanpage0517,遠房實價登錄,/,1,1,1,1,0
fb / rsh1,fbfanpage0612,遠房實價登錄,/,1,1,1,1,0
fb / wdh2,fbfanpage0703,遠房實價登錄,/,1,1,2,2,0
fb / bh10,fbfanpage0725,遠房實價登錄,/,1,1,1,1,0
fb / rsh1,fbfanpage0725,遠房實價登錄,/,1,1,1,1,0
fb / fh2,fbfanpage0807,遠房實價登錄,/,1,1,1,1,0
fb / fh2,fbfanpage0814,遠房實價登錄,/,1,1,1,1,0
fb / rsh1,fbfanpage0814,遠房實價登錄,/,1,1,1,1,0
fb / bh10,fbfanpage1212,遠房實價登錄,/,1,1,2,2,0
fb / bh10,fbigmana,遠房實價登錄,/,1,1,1,1,0
fb / dgm1,fbvideo6-1-pv,遠房實價登錄,/,1,1,1,1,0
google / cpc,gdn-2,遠房實價登錄,/,1,1,1,1,0
google / cpc,gdn-dgc-stage,遠房實價登錄,/,1,1,1,1,0
gdn / bh10,gdn202502-2,遠房實價登錄,/,1,1,1,1,0
fg / eh2,googlemap,遠房實價登錄,/,1,1,2,2,0
google_kw / eh6,googlemap,遠房實價登錄,/,1,1,2,2,0
googlemap / H109,googlemap,遠房實價登錄,/,1,1,2,2,0
google / cpc,information5,遠房實價登錄,/,1,1,1,1,0
google / cpc,information6,遠房實價登錄,/,1,1,1,1,0
google_kw / bh10,information7,遠房實價登錄,/,1,1,1,1,0
google_kw / eh1,kaohsiung,遠房實價登錄,/,1,1,1,1,0
line-lap / ah2,lap-1,遠房實價登錄,/,1,1,1,1,0
line-lap / bh7,lap-1,遠房實價登錄,/,1,1,2,2,0
line-lap / bh9,lap-4,遠房實價登錄,/,1,1,1,1,0
google_kw / dh6,lbs,遠房實價登錄,/,1,1,1,1,0
lbs-sms / fh2,lbs-sms0620,遠房實價登錄,/,1,1,1,1,0
leju / bh9,lejupage,遠房實價登錄,/,1,1,1,1,0
leju / dh2,lejupage,遠房實價登錄,/,1,1,1,1,0
fb / bh7,lena-2R,遠房實價登錄,/,1,1,1,1,0
line-lap / bh10,line-lap20252-5,遠房實價登錄,/,1,1,1,1,0
line-lap / bh10,line-lap20259-5,遠房實價登錄,/,1,1,2,2,0
line-lap / bh10,line-lap7-3,遠房實價登錄,/,1,1,1,1,0
fb / bh10,line0802,遠房實價登錄,/,1,1,1,1,0
line / rsh1,line0807,遠房實價登錄,/,1,1,1,1,0
line / wdh2,line0807,遠房實價登錄,/,1,1,2,2,0
line / rsh1,lineqa,遠房實價登錄,/,1,1,1,1,0
fgr-line / dh6,listbutton,遠房實價登錄,/,1,1,1,1,0
google_kw / o1,luxury-apartment,遠房實價登錄,/,1,1,1,1,0
webnews / eh2,moneyudn_202512,遠房實價登錄,/,1,1,1,1,0
mydachi / bh10,mydachiwebsite1217,遠房實價登錄,/,1,1,1,1,0
fb / fm3,news0811,遠房實價登錄,/,1,1,1,1,0
google_kw / bh7,othercities_brand,遠房實價登錄,/,1,1,1,1,0
fb / h713,page,遠房實價登錄,/,1,1,1,1,0
gdn / bh7,pmax-1-anothercity,遠房實價登錄,/,1,1,1,1,0
print / bh10,printdm,遠房實價登錄,/,1,1,1,1,0
fb / ar1,privacy,遠房實價登錄,/,1,1,1,1,0
fb / fh2,privacy,遠房實價登錄,/,1,1,1,1,0
google / cpc,project,遠房實價登錄,/,1,1,4,4,0
google_kw / o1,qianzhen,遠房實價登錄,/,1,1,1,1,0
web / bh7,soundon_othercity,遠房實價登錄,/,1,1,1,1,0
web-ettoday / bh10,webettoday-1122,遠房實價登錄,/,1,1,1,1,0
web-news / bh10,webnewsyahoo1002,遠房實價登錄,/,1,1,1,1,0
web-udn / bh10,webudn0919,遠房實價登錄,/,1,1,1,1,0
picsee-domain / referral,www.fgrealty.tw,遠房實價登錄,/,1,1,2,2,0
google / organic,北投士林,遠房實價登錄,/,1,1,2,2,0
(not set),台中北屯,遠房實價登錄,/,1,1,3,3,0
(not set),台中西屯,遠房實價登錄,/,1,1,1,1,0
(not set),台南永康,遠房實價登錄,/,1,1,2,2,0
(not set),新北板橋,遠房實價登錄,/,1,1,3,3,0
(not set),高雄三民,遠房實價登錄,/,1,1,1,1,0
(not set),高雄全區,遠房實價登錄,/,1,1,1,1,0
(not set),高雄楠梓,遠房實價登錄,/,1,1,1,1,0
line-lap / ao1,20250221_2-1,遠雄商舟,/,1,1,1,1,1
(direct) / (none),(direct),遠雄夏沐-線上接待中心,/,1,1,1,1,0
LINE-Liff / bh11,202607-AI,遠雄房地產,/,1,1,1,1,2
(not set),20260813一輪播,遠雄房地產,/,1,1,1,1,117
C / B,(not set),遠雄房地產：最懂生活的購屋專家｜卓越建築品質，圓滿您的家,/,1,1,1,1,0
google / cpc,(not set),遠雄房地產：最懂生活的購屋專家｜卓越建築品質，圓滿您的家,/,1,1,1,1,0
google_kw / bh13,(not set),遠雄房地產：最懂生活的購屋專家｜卓越建築品質，圓滿您的家,/,1,1,1,1,0
ucity_web/ / homelink,(not set),遠雄房地產：最懂生活的購屋專家｜卓越建築品質，圓滿您的家,/,1,1,1,1,0
google / cpc,(organic),遠雄房地產：最懂生活的購屋專家｜卓越建築品質，圓滿您的家,/,1,1,1,1,21
ekilookhouse168.pixnet.net / referral,(referral),遠雄房地產：最懂生活的購屋專家｜卓越建築品質，圓滿您的家,/,1,1,2,2,51
fglife.com.tw / referral,(referral),遠雄房地產：最懂生活的購屋專家｜卓越建築品質，圓滿您的家,/,1,1,1,1,23
my718p.syno:5000 / referral,(referral),遠雄房地產：最懂生活的購屋專家｜卓越建築品質，圓滿您的家,/,1,1,1,1,3
taipeidome.com.tw / referral,(referral),遠雄房地產：最懂生活的購屋專家｜卓越建築品質，圓滿您的家,/,1,1,1,1,9
teams.public.onecdn.static.microsoft / referral,(referral),遠雄房地產：最懂生活的購屋專家｜卓越建築品質，圓滿您的家,/,1,1,1,1,8
tong-yuan.com.tw / referral,(referral),遠雄房地產：最懂生活的購屋專家｜卓越建築品質，圓滿您的家,/,1,1,1,1,67
line-lap / hm2,0601,遠雄房地產：最懂生活的購屋專家｜卓越建築品質，圓滿您的家,/,1,1,2,2,51
gdn / hm2,0602GDN,遠雄房地產：最懂生活的購屋專家｜卓越建築品質，圓滿您的家,/,1,1,1,1,20
fb / bh13,12,遠雄房地產：最懂生活的購屋專家｜卓越建築品質，圓滿您的家,/,1,1,1,1,6
fb / dh6,12,遠雄房地產：最懂生活的購屋專家｜卓越建築品質，圓滿您的家,/,1,1,1,1,15
ig / paid,120241218501380402,遠雄房地產：最懂生活的購屋專家｜卓越建築品質，圓滿您的家,/,1,1,2,2,13
fb / bh13,120242182236150678,遠雄房地產：最懂生活的購屋專家｜卓越建築品質，圓滿您的家,/,1,1,1,1,64
fb / O1,183_mansion_carousel,遠雄房地產：最懂生活的購屋專家｜卓越建築品質，圓滿您的家,/,1,1,1,1,7
gdn / o1,20231124-1,遠雄房地產：最懂生活的購屋專家｜卓越建築品質，圓滿您的家,/,1,1,1,1,0
line-lap / ao1,20240724_7-4,遠雄房地產：最懂生活的購屋專家｜卓越建築品質，圓滿您的家,/,1,1,2,2,25
web-udn / ao1,20240816,遠雄房地產：最懂生活的購屋專家｜卓越建築品質，圓滿您的家,/,1,1,1,1,0
web-udn/ / ao1,20240816,遠雄房地產：最懂生活的購屋專家｜卓越建築品質，圓滿您的家,/,1,1,1,1,0
line / o1,20240920,遠雄房地產：最懂生活的購屋專家｜卓越建築品質，圓滿您的家,/,1,1,1,1,7
web-udn / o1,20240926/,遠雄房地產：最懂生活的購屋專家｜卓越建築品質，圓滿您的家,/,1,1,1,1,0
line-lap / ao1,20241227_12-1,遠雄房地產：最懂生活的購屋專家｜卓越建築品質，圓滿您的家,/,1,1,1,1,0
line-lap / ao1,20250203_1-1,遠雄房地產：最懂生活的購屋專家｜卓越建築品質，圓滿您的家,/,1,1,1,1,0
google / cpc,20250616_品牌字,遠雄房地產：最懂生活的購屋專家｜卓越建築品質，圓滿您的家,/,1,1,1,1,0
LINE-Liff / bh11,202607-AI,遠雄房地產：最懂生活的購屋專家｜卓越建築品質，圓滿您的家,/,1,1,1,1,3
web-edm / topic,20260807,遠雄房地產：最懂生活的購屋專家｜卓越建築品質，圓滿您的家,/,1,1,1,1,1
picsee-domain / referral,20260813一輪播,遠雄房地產：最懂生活的購屋專家｜卓越建築品質，圓滿您的家,/,1,1,0,0,0
webnews / o1,20260827,遠雄房地產：最懂生活的購屋專家｜卓越建築品質，圓滿您的家,/,1,1,2,2,6
line-lap / ao1,3-1,遠雄房地產：最懂生活的購屋專家｜卓越建築品質，圓滿您的家,/,1,1,1,1,1
fb / bh13,4,遠雄房地產：最懂生活的購屋專家｜卓越建築品質，圓滿您的家,/,1,1,1,1,0
gdn / hm2,4-2pmaxv2,遠雄房地產：最懂生活的購屋專家｜卓越建築品質，圓滿您的家,/,1,1,1,1,170
gdn / hm2,6-1pmax,遠雄房地產：最懂生活的購屋專家｜卓越建築品質，圓滿您的家,/,1,1,1,1,7
google_gdn / 5vo1,7-4,遠雄房地產：最懂生活的購屋專家｜卓越建築品質，圓滿您的家,/,1,1,1,1,20
google / cpc,BH8-品牌字,遠雄房地產：最懂生活的購屋專家｜卓越建築品質，圓滿您的家,/,1,1,1,1,3
sms / aep-cdp,CRM-001-D,遠雄房地產：最懂生活的購屋專家｜卓越建築品質，圓滿您的家,/,1,1,1,1,0
google / cpc,O1_地區字_2025.0801,遠雄房地產：最懂生活的購屋專家｜卓越建築品質，圓滿您的家,/,1,1,1,1,4
google / cpc,O1_特色字_2025.0801,遠雄房地產：最懂生活的購屋專家｜卓越建築品質，圓滿您的家,/,1,1,1,1,0
fg / post,SEO,遠雄房地產：最懂生活的購屋專家｜卓越建築品質，圓滿您的家,/,1,1,2,2,25
google / cpc,WDH2-競品字,遠雄房地產：最懂生活的購屋專家｜卓越建築品質，圓滿您的家,/,1,1,1,1,17
google / cpc,WDH2-買房字,遠雄房地產：最懂生活的購屋專家｜卓越建築品質，圓滿您的家,/,1,1,1,1,1
web-sms / bh8,ai_202608,遠雄房地產：最懂生活的購屋專家｜卓越建築品質，圓滿您的家,/,1,1,1,1,4
fgr-line / fgr,architectural_planning,遠雄房地產：最懂生活的購屋專家｜卓越建築品質，圓滿您的家,/,1,1,1,1,15
google / cpc,competing,遠雄房地產：最懂生活的購屋專家｜卓越建築品質，圓滿您的家,/,1,1,1,1,3
google / cpc,competitor,遠雄房地產：最懂生活的購屋專家｜卓越建築品質，圓滿您的家,/,1,1,5,5,397
google / cpc,demand,遠雄房地產：最懂生活的購屋專家｜卓越建築品質，圓滿您的家,/,1,1,0,0,15
googlemap / (not set),eh1,遠雄房地產：最懂生活的購屋專家｜卓越建築品質，圓滿您的家,/,1,1,1,1,11
fb / evp,fanpage,遠雄房地產：最懂生活的購屋專家｜卓越建築品質，圓滿您的家,/,1,1,1,1,2
socialmedia / ar1,fansite,遠雄房地產：最懂生活的購屋專家｜卓越建築品質，圓滿您的家,/,1,1,1,1,35
fb / o1,fb27-1,遠雄房地產：最懂生活的購屋專家｜卓越建築品質，圓滿您的家,/,1,1,2,2,40
fb / bh8,fb28-2,遠雄房地產：最懂生活的購屋專家｜卓越建築品質，圓滿您的家,/,1,1,1,1,47
fb / h109,fb3-4,遠雄房地產：最懂生活的購屋專家｜卓越建築品質，圓滿您的家,/,1,1,1,1,0
fb / bh8,fb32-2,遠雄房地產：最懂生活的購屋專家｜卓越建築品質，圓滿您的家,/,1,1,1,1,3
fb / eh6,fb4-3,遠雄房地產：最懂生活的購屋專家｜卓越建築品質，圓滿您的家,/,1,1,1,1,1
fb / eh6,fb4-6,遠雄房地產：最懂生活的購屋專家｜卓越建築品質，圓滿您的家,/,1,1,1,1,13
line-lap / eh6,fb5-4,遠雄房地產：最懂生活的購屋專家｜卓越建築品質，圓滿您的家,/,1,1,0,0,0
line-lap / eh6,fb5-5_5-6_5-7,遠雄房地產：最懂生活的購屋專家｜卓越建築品質，圓滿您的家,/,1,1,1,1,5
fb / eh6,fb6-2,遠雄房地產：最懂生活的購屋專家｜卓越建築品質，圓滿您的家,/,1,1,2,2,12
fb / wdh2,fb7-1,遠雄房地產：最懂生活的購屋專家｜卓越建築品質，圓滿您的家,/,1,1,1,1,6
fb / wdh2,fb7-2,遠雄房地產：最懂生活的購屋專家｜卓越建築品質，圓滿您的家,/,1,1,1,1,25
web-sms / BH11,fb_ad,遠雄房地產：最懂生活的購屋專家｜卓越建築品質，圓滿您的家,/,1,1,2,2,4
socialmedia / eh6,fbeh6info,遠雄房地產：最懂生活的購屋專家｜卓越建築品質，圓滿您的家,/,1,1,1,1,21
fb / wdh2,fbfanpage,遠雄房地產：最懂生活的購屋專家｜卓越建築品質，圓滿您的家,/,1,1,1,1,0
fb / eh1,fbfanpage0328,遠雄房地產：最懂生活的購屋專家｜卓越建築品質，圓滿您的家,/,1,1,1,1,21
fb / rsh1,fbfanpage0807,遠雄房地產：最懂生活的購屋專家｜卓越建築品質，圓滿您的家,/,1,1,3,3,14
fb / bh10,fbfanpage1212,遠雄房地產：最懂生活的購屋專家｜卓越建築品質，圓滿您的家,/,1,1,1,1,22
fb / eh1,formbutton,遠雄房地產：最懂生活的購屋專家｜卓越建築品質，圓滿您的家,/,1,1,1,1,0
GDC / (not set),gdcbuilding/category/15/,遠雄房地產：最懂生活的購屋專家｜卓越建築品質，圓滿您的家,/,1,1,1,1,0
gdc/ / (not set),gdcchina,遠雄房地產：最懂生活的購屋專家｜卓越建築品質，圓滿您的家,/,1,1,1,1,0
google_kw / ah1,googlemap,遠雄房地產：最懂生活的購屋專家｜卓越建築品質，圓滿您的家,/,1,1,1,1,7
web / fb2,googlemap,遠雄房地產：最懂生活的購屋專家｜卓越建築品質，圓滿您的家,/,1,1,1,1,11
google / cpc,information3,遠雄房地產：最懂生活的購屋專家｜卓越建築品質，圓滿您的家,/,1,1,2,2,24
google_kw / h109,kw-happygo,遠雄房地產：最懂生活的購屋專家｜卓越建築品質，圓滿您的家,/,1,1,1,1,1
fb / bh11,leads,遠雄房地產：最懂生活的購屋專家｜卓越建築品質，圓滿您的家,/,1,1,1,1,0
fb / bh5,leads,遠雄房地產：最懂生活的購屋專家｜卓越建築品質，圓滿您的家,/,1,1,1,1,17
fb / dh2,leads,遠雄房地產：最懂生活的購屋專家｜卓越建築品質，圓滿您的家,/,1,1,1,1,23
line-lap / h109,line-lap10-2,遠雄房地產：最懂生活的購屋專家｜卓越建築品質，圓滿您的家,/,1,1,1,1,0
line-lap / h109,line-lap7-2,遠雄房地產：最懂生活的購屋專家｜卓越建築品質，圓滿您的家,/,1,1,1,1,2
line-lap / H109,line2,遠雄房地產：最懂生活的購屋專家｜卓越建築品質，圓滿您的家,/,1,1,1,1,0
line / o1,line202207-2,遠雄房地產：最懂生活的購屋專家｜卓越建築品質，圓滿您的家,/,1,1,1,1,0
line / wdh2,lineqa,遠雄房地產：最懂生活的購屋專家｜卓越建築品質，圓滿您的家,/,1,1,1,1,1
linkedin / fgr,linkedin,遠雄房地產：最懂生活的購屋專家｜卓越建築品質，圓滿您的家,/,1,1,1,1,0
web-udn / ao1,news-5,遠雄房地產：最懂生活的購屋專家｜卓越建築品質，圓滿您的家,/,1,1,1,1,2
google / cpc,othercities_brand,遠雄房地產：最懂生活的購屋專家｜卓越建築品質，圓滿您的家,/,1,1,1,1,5
google / cpc,pmax,遠雄房地產：最懂生活的購屋專家｜卓越建築品質，圓滿您的家,/,1,1,1,1,15
web / bh10,web-Google map,遠雄房地產：最懂生活的購屋專家｜卓越建築品質，圓滿您的家,/,1,1,1,1,26
web-ltn / wdh2,web-ltn0821,遠雄房地產：最懂生活的購屋專家｜卓越建築品質，圓滿您的家,/,1,1,1,1,17
youtube / fgr,yt,遠雄房地產：最懂生活的購屋專家｜卓越建築品質，圓滿您的家,/,1,1,1,1,10
(not set),台中全區,遠雄房地產：最懂生活的購屋專家｜卓越建築品質，圓滿您的家,/,1,1,1,1,3
(not set),高雄全區,遠雄房地產：最懂生活的購屋專家｜卓越建築品質，圓滿您的家,/,1,1,1,1,20
google / organic,(organic),預售屋有哪些優缺點？掌握購屋流程、注意事項，安心規劃成家藍圖,/,1,1,1,1,0
(not set),生活提案,預售屋有哪些優缺點？掌握購屋流程、注意事項，安心規劃成家藍圖,/,1,1,0,0,0
google.com / referral,(referral),遠雄房地產：最懂生活的購屋專家｜卓越建築品質，圓滿您的家,//checkout/,1,1,1,1,24
(not set),(not set),好友主題報-2024年5月 - 遠雄房地產,/2024may/,1,1,0,0,10
(direct) / (none),(direct),找不到頁面 - 遠雄房地產,/404/,1,1,1,1,0
(not set),(not set),齊興緻-吳若榆-遠雄房地產 Farglory-Realty,/AR1/b4125,1,1,1,1,0
(direct) / (none),(direct),齊興緻-呂柔誼-遠雄房地產 Farglory-Realty,/AR1/g0155,1,1,1,1,0
(direct) / (none),(direct),齊興緻-戴嘉嫻-遠雄房地產 Farglory-Realty,/AR1/g0247,1,1,1,1,0
bing / organic,(organic),齊興緻,/AR1/main,1,1,1,1,14
blogger / blogger,H101,找不到頁面 - 遠雄房地產,/Build/Detail/H101,1,1,1,1,8
ekilookhouse168.pixnet.net / referral,(referral),找不到頁面 - 遠雄房地產,/Build/Detail/H135,1,1,1,1,10
fans / cpc,(referral),找不到頁面 - 遠雄房地產,/Build/Detail/H148,1,1,1,1,0
fb / 021801,151,找不到頁面 - 遠雄房地產,/Build/Detail/H151,1,1,1,1,0
(direct) / (none),(direct),找不到頁面 - 遠雄房地產,/Build/Detail/H608,1,1,1,1,0
(not set),20260805一輪播,找不到頁面 - 遠雄房地產,/Build/Detail/H701,1,1,1,1,2
(direct) / (none),(direct),遠雄U-TOWN,/E2/main,1,1,1,1,8
teams.public.onecdn.static.microsoft / referral,(referral),遠雄幸福成-林怡君-遠雄房地產 Farglory-Realty,/H713/b5109,1,1,1,1,21
(direct) / (none),(direct),遠雄幸福成,/H713/main,1,1,1,1,0
facebook.com / referral,(referral),遠雄幸福成,/H713/main,1,1,1,1,0
google / cpc,O1_品牌字_2025.0801,遠雄琢蘊,/H902/main,1,1,2,2,109
google / cpc,Qianzhen.Qianjin,遠雄琢蘊,/H902/main,1,1,1,1,0
teams.public.onecdn.static.microsoft / referral,(referral),遠雄仰森,/HH3/main,1,1,1,1,20
(not set),20260805一輪播,遠雄仰森,/HH3/main,1,1,1,1,39
(direct) / (none),(direct),2025五月主題報 - 遠雄房地產,/MAY2025/,1,1,1,1,1
excel.officeapps.live.com / referral,(referral),關於我們｜從建築到永續服務，全方位成就圓夢生活,/about/,1,1,7,7,74
farglory.com.tw / referral,(referral),關於我們｜從建築到永續服務，全方位成就圓夢生活,/about/,1,1,1,1,3
line-lap / dh6,1,關於我們｜從建築到永續服務，全方位成就圓夢生活,/about/,1,1,1,1,6
google / cpc,RSH1-競品字,關於我們｜從建築到永續服務，全方位成就圓夢生活,/about/,1,1,1,1,1
fgr-line / fgr,architectural_planning,關於我們｜從建築到永續服務，全方位成就圓夢生活,/about/,1,1,1,1,3
google / cpc,competitor,關於我們｜從建築到永續服務，全方位成就圓夢生活,/about/,1,1,3,3,142
google / cpc,project,關於我們｜從建築到永續服務，全方位成就圓夢生活,/about/,1,1,1,1,1
picsee-domain / referral,www.fgrealty.tw,關於我們｜從建築到永續服務，全方位成就圓夢生活,/about/,1,1,1,1,17
(not set),(not set),影像光廊：建案風采-遠雄房地產,/about/brand_gallery/,1,1,1,1,3
web / bh10,web-Google map,影像光廊：建案風采-遠雄房地產,/about/brand_gallery/,1,1,2,2,2
excel.officeapps.live.com / referral,(referral),關於我們｜展現品牌實力，全台經典建築實績見證，成就卓越品質,/about/brand_performance_backup/,1,1,6,6,34
farglory.com.tw / referral,(referral),關於我們｜展現品牌實力，全台經典建築實績見證，成就卓越品質,/about/brand_performance_backup/,1,1,3,3,22
tong-yuan.com.tw / referral,(referral),關於我們｜展現品牌實力，全台經典建築實績見證，成就卓越品質,/about/brand_performance_backup/,1,1,1,1,5
line-lap / dh6,1,關於我們｜展現品牌實力，全台經典建築實績見證，成就卓越品質,/about/brand_performance_backup/,1,1,1,1,16
google_kw / hm2,202607,關於我們｜展現品牌實力，全台經典建築實績見證，成就卓越品質,/about/brand_performance_backup/,1,1,1,1,7
webnews / o1,20260827,關於我們｜展現品牌實力，全台經典建築實績見證，成就卓越品質,/about/brand_performance_backup/,1,1,1,1,0
google / cpc,RSH1-競品字,關於我們｜展現品牌實力，全台經典建築實績見證，成就卓越品質,/about/brand_performance_backup/,1,1,1,1,19
google / cpc,competitor,關於我們｜展現品牌實力，全台經典建築實績見證，成就卓越品質,/about/brand_performance_backup/,1,1,2,2,30
google / cpc,pmax,關於我們｜展現品牌實力，全台經典建築實績見證，成就卓越品質,/about/brand_performance_backup/,1,1,1,1,5
youtube / fgr,yt,關於我們｜展現品牌實力，全台經典建築實績見證，成就卓越品質,/about/brand_performance_backup/,1,1,1,1,6
(not set),(not set),優勢榮耀 - 遠雄房地產,/about/branded_advantages/,1,1,0,0,0
excel.officeapps.live.com / referral,(referral),優勢榮耀 - 遠雄房地產,/about/branded_advantages/,1,1,1,1,6
google / cpc,brand,優勢榮耀 - 遠雄房地產,/about/branded_advantages/,1,1,1,1,1
(not set),20260805一輪播,(2) 封未讀訊息 | 關於遠創力：遠雄房地產行銷顧問，以創新思維定義建築新價值,/about/telecreative_marketing/,1,1,0,0,4
excel.officeapps.live.com / referral,(referral),關於遠創力：遠雄房地產行銷顧問，以創新思維定義建築新價值,/about/telecreative_marketing/,1,1,3,3,31
liff.line.me / referral,(referral),關於遠創力：遠雄房地產行銷顧問，以創新思維定義建築新價值,/about/telecreative_marketing/,1,1,1,1,18
(not set),20260805一輪播,關於遠創力：遠雄房地產行銷顧問，以創新思維定義建築新價值,/about/telecreative_marketing/,1,1,1,1,2
(not set),20260813一輪播,關於遠創力：遠雄房地產行銷顧問，以創新思維定義建築新價值,/about/telecreative_marketing/,1,1,1,1,102
gdn / hm2,4-2pmaxv2,關於遠創力：遠雄房地產行銷顧問，以創新思維定義建築新價值,/about/telecreative_marketing/,1,1,1,1,129
google / cpc,WDH2-買房字,關於遠創力：遠雄房地產行銷顧問，以創新思維定義建築新價值,/about/telecreative_marketing/,1,1,1,1,25
google / cpc,competitor,關於遠創力：遠雄房地產行銷顧問，以創新思維定義建築新價值,/about/telecreative_marketing/,1,1,1,1,30
google / cpc,pmax,關於遠創力：遠雄房地產行銷顧問，以創新思維定義建築新價值,/about/telecreative_marketing/,1,1,1,1,6
(not set),(not set),活動一覽 彙整 - 遠雄房地產,/activity-report-category/activities_glance/activities_glance_list/,1,1,0,0,0
(not set),(not set),遠雄房地產 官方LINE | 🎉6萬好友同樂，一起嗨翻年終！ - 遠雄房地產,/activity-report/202412/,1,1,0,0,1
(not set),20260813一輪播,遠雄丰尚✨2026丰尚植春秀✨ - 遠雄房地產,/activity-report/2026cnybh/,1,1,1,1,39
fb / bh7,28,遠雄丰尚✨2026丰尚植春秀✨ - 遠雄房地產,/activity-report/2026cnybh/,1,1,2,2,28
(direct) / (none),(direct),《城市潮流漫步》遠雄敦富打造「地圖上找不到的城市美術館」 - 遠雄房地產,/activity-report/bh10_20241213/,1,1,1,1,0
(direct) / (none),(direct),遠雄丰尚 × Audi鑑賞之約✨ - 遠雄房地產,/activity-report/bh11_audi/,1,1,1,1,0
104.com.tw / referral,(referral),遠雄丰尚 × Audi鑑賞之約✨ - 遠雄房地產,/activity-report/bh11_audi/,1,1,1,1,11
(direct) / (none),(direct),遠雄沐蘊《春暖花開，三重豪禮High》購屋大方送、加碼抽！ - 遠雄房地產,/activity-report/eh5_20250301/,1,1,1,1,0
(direct) / (none),(direct),廢料變絕美燈具！遠雄建設科教館特展，體驗永續建築未來小屋 - 遠雄房地產,/activity-report/fg-2026-sustainability-plan/,1,1,1,1,7
google / organic,(organic),廢料變絕美燈具！遠雄建設科教館特展，體驗永續建築未來小屋 - 遠雄房地產,/activity-report/fg-2026-sustainability-plan/,1,1,1,1,2
mkto-sn070013.com / referral,(referral),遠雄建設獲 SGS 年度創新獎 首家通過 ISO 59000 循環經濟驗證建築品牌 - 遠雄房地產,/activity-report/fg_land_news2/,1,1,1,1,22
(not set),(not set),遠雄海洋公園平日門票3折！加碼好康4重送 - 遠雄房地產,/activity-report/fg_park_20220727/,1,1,0,0,10
(direct) / (none),(direct),來遠雄幸福成玩幸福手作！ - 遠雄房地產,/activity-report/h713_2022_mar/,1,1,1,1,0
perplexity.ai / ai-assistant,(ai-assistant),新春大吉！遠雄幸福成熱鬧走春趣 抽紅包享美食測運勢，多重好禮獎不完 - 遠雄房地產,/activity-report/h713_2023cny/,1,1,1,1,3
(direct) / (none),(direct),遠雄幸福成 幸福加菜金 - 遠雄房地產,/activity-report/h713_event_carrefour/,1,1,1,1,0
(direct) / (none),(direct),遠雄台南新案 新春早鳥卡位 - 遠雄房地產,/activity-report/h807_2023cny/,1,1,1,1,0
(direct) / (none),(direct),「春遊東御苑」新春系列活動，住戶限定搶先報名 - 遠雄房地產,/activity-report/h807_cny_2024012t/,1,1,1,1,0
(direct) / (none),(direct),遠雄琢蘊◆遠雄峰蘊「龍蘊亨通迎新年」活動 - 遠雄房地產,/activity-report/h902_cny_20240125/,1,1,1,1,0
(not set),(not set),遠雄【好室智造所】全台巡迴從台中港熱鬧啟航，永續藍圖逐步落實 - 遠雄房地產,/activity-report/hauslab_2025/,1,1,0,0,0
(direct) / (none),(direct),青埔最美接待會所，「龍騰四海 世界遨遊」新春賞屋不打烊  - 遠雄房地產,/activity-report/hh3_cny_20240202/,1,1,1,1,0
google / organic,(organic),青埔最美接待會所，「龍騰四海 世界遨遊」新春賞屋不打烊  - 遠雄房地產,/activity-report/hh3_cny_20240202/,1,1,1,1,8
(direct) / (none),(direct),溫馨母親節-遠雄啾愛禮，媽媽我愛妳，賞屋心坎禮-遠雄房地產,/activity-report/mother-day/,1,1,1,1,0
(direct) / (none),(direct),《咒術迴戰》特展✨精彩呈現 - 遠雄房地產,/activity-report/ucity_animation_20221221/,1,1,1,1,0
(direct) / (none),(direct),【北捷嚴選】咖啡濾掛包，四折起 - 遠雄房地產,/activity-report/ucity_coffee_nov/,1,1,1,1,0
(direct) / (none),(direct),迪士尼動畫展限時優惠✨ - 遠雄房地產,/activity-report/ucity_disney_20230426/,1,1,1,1,0
(direct) / (none),(direct),劇場跨年《2023新年…就快樂啦！》 - 遠雄房地產,/activity-report/ucity_drama_nov/,1,1,1,1,0
(direct) / (none),(direct),狼與彼得-TASO互動式親子音樂會 - 遠雄房地產,/activity-report/ucity_event_20230705-2/,1,1,1,1,0
(not set),(not set),狼與彼得-TASO互動式親子音樂會 - 遠雄房地產,/activity-report/ucity_event_20230705-2/,1,1,0,0,11
(direct) / (none),(direct),全民加演最終站《你好，我是接體員》 - 遠雄房地產,/activity-report/ucity_jul_drama/,1,1,1,1,0
(direct) / (none),(direct),THE 哆啦A夢展優惠票 - 遠雄房地產,/activity-report/ucity_nov2_20231101/,1,1,1,1,0
(direct) / (none),(direct),繆思繽紛─齊柏絲坦獨奏 - 遠雄房地產,/activity-report/ucity_piano_20231212/,1,1,1,1,0
(direct) / (none),(direct),特約⭐全新音樂劇《海角七號》造夢者 - 遠雄房地產,/activity-report/ucity_sep_drama_20230923/,1,1,1,1,0
(direct) / (none),(direct),贈票⏐玩轉文具暨手作創意展 - 遠雄房地產,/activity-report/ucity_toy_20231120/,1,1,1,1,0
(direct) / (none),(direct),台中悅樂旅店入圍國際旅遊大獎World Travel Awards 《台灣最佳精品飯店》獎項肯定 - 遠雄房地產,/activity-report/world-travel-awards/,1,1,1,1,0
(direct) / (none),(direct),《印象莫內－光影體驗展》北高登場！ - 遠雄房地產,/activity-report/《印象莫內－光影體驗展》北高登場！/,1,1,1,1,0
(not set),(not set),【遠雄房地產 官方網站】系統維護停機公告 - 遠雄房地產,/activity-report/【遠雄房地產-官方網站】系統維護停機公告/,1,1,0,0,13
(not set),(not set),遠雄房地產官網滿意度問券調查-2025年第三季-得獎公告 - 遠雄房地產,/activity-report/第三季得獎公告/,1,1,0,0,10
104.com.tw / referral,(referral),遠雄房地產 官方LINE | 2026熱血開打! 大巨蛋VIP專屬貴賓席 - 遠雄房地產,/activity-report/遠雄房地產-官方line-2025熱血開打-大巨蛋vip專屬貴賓席/,1,1,1,1,18
fgr-line / fgr,生活提案,遠雄房地產 官方LINE | 2026熱血開打! 大巨蛋VIP專屬貴賓席 - 遠雄房地產,/activity-report/遠雄房地產-官方line-2025熱血開打-大巨蛋vip專屬貴賓席/,1,1,1,1,0
web-sms / BH11,fb_ad,(2) 封未讀訊息 | 遠雄房地產 官方LINE | 十萬知音，十萬感謝🎉 - 遠雄房地產,/activity-report/遠雄房地產-官方line-十萬知音，十萬感謝🎉/,1,1,0,0,2
tw.search.yahoo.com / referral,(referral),遠雄房地產 官方LINE | 十萬知音，十萬感謝🎉 - 遠雄房地產,/activity-report/遠雄房地產-官方line-十萬知音，十萬感謝🎉/,1,1,2,2,35
(not set),20260618一輪播,遠雄房地產 官方LINE | 十萬知音，十萬感謝🎉 - 遠雄房地產,/activity-report/遠雄房地產-官方line-十萬知音，十萬感謝🎉/,1,1,1,1,40
reurl.cc / referral,20260813一輪播,遠雄房地產 官方LINE | 十萬知音，十萬感謝🎉 - 遠雄房地產,/activity-report/遠雄房地產-官方line-十萬知音，十萬感謝🎉/,1,1,1,1,78
reurl.cc / referral,20260828一輪播,遠雄房地產 官方LINE | 十萬知音，十萬感謝🎉 - 遠雄房地產,/activity-report/遠雄房地產-官方line-十萬知音，十萬感謝🎉/,1,1,1,1,3
fb / eh6,fb4-3,遠雄房地產 官方LINE | 十萬知音，十萬感謝🎉 - 遠雄房地產,/activity-report/遠雄房地產-官方line-十萬知音，十萬感謝🎉/,1,1,1,1,26
web-sms / BH11,fb_ad,遠雄房地產 官方LINE | 十萬知音，十萬感謝🎉 - 遠雄房地產,/activity-report/遠雄房地產-官方line-十萬知音，十萬感謝🎉/,1,1,1,1,1
web / bh11,popup_ai_202608,遠雄房地產 官方LINE | 十萬知音，十萬感謝🎉 - 遠雄房地產,/activity-report/遠雄房地產-官方line-十萬知音，十萬感謝🎉/,1,1,1,1,16
picsee-domain / referral,www.fgrealty.tw,遠雄房地產 官方LINE | 十萬知音，十萬感謝🎉 - 遠雄房地產,/activity-report/遠雄房地產-官方line-十萬知音，十萬感謝🎉/,1,1,1,1,13
m.facebook.com / referral,(referral),遠雄房地產 官方LINE | 大巨蛋包廂 限量席次! 邀您入座 - 遠雄房地產,/activity-report/遠雄房地產-官方line-大巨蛋包廂-限量席次-邀您入座/,1,1,1,1,18
(not set),20260805一輪播,遠雄房地產 官方LINE | 大巨蛋包廂 限量席次! 邀您入座 - 遠雄房地產,/activity-report/遠雄房地產-官方line-大巨蛋包廂-限量席次-邀您入座/,1,1,1,1,0
(not set),20260813一輪播,遠雄房地產 官方LINE | 大巨蛋包廂 限量席次! 邀您入座 - 遠雄房地產,/activity-report/遠雄房地產-官方line-大巨蛋包廂-限量席次-邀您入座/,1,1,0,0,0
(not set),(not set),遠雄房地產 官方LINE | 🦁新年好運獅不可擋🦁 - 遠雄房地產,/activity-report/遠雄房地產-官方line🦁新年好運獅不可擋🦁/,1,1,0,0,9
(not set),(not set),遠雄青晉 福虎生風 來晉寶 - 遠雄房地產,/activity-report/遠雄青晉-福虎生風-來晉寶/,1,1,0,0,1
yahoo / organic,(organic),活動報報：遠雄房地產最新活動一覽！掌握即時公告與專屬住戶驚喜,/activity_report/,1,1,1,1,4
mkto-sn070013.com / referral,(referral),活動報報：遠雄房地產最新活動一覽！掌握即時公告與專屬住戶驚喜,/activity_report/,1,1,1,1,6
tw.search.yahoo.com / referral,(referral),活動報報：遠雄房地產最新活動一覽！掌握即時公告與專屬住戶驚喜,/activity_report/,1,1,1,1,11
line-lap / hm2,0601,活動報報：遠雄房地產最新活動一覽！掌握即時公告與專屬住戶驚喜,/activity_report/,1,1,1,1,6
fb / bh7,28,活動報報：遠雄房地產最新活動一覽！掌握即時公告與專屬住戶驚喜,/activity_report/,1,1,1,1,15
gdn / hm2,4-2pmax,活動報報：遠雄房地產最新活動一覽！掌握即時公告與專屬住戶驚喜,/activity_report/,1,1,1,1,10
gdn / hm2,4-2pmaxv2,活動報報：遠雄房地產最新活動一覽！掌握即時公告與專屬住戶驚喜,/activity_report/,1,1,1,1,20
gdn / hm2,6-1pmax,活動報報：遠雄房地產最新活動一覽！掌握即時公告與專屬住戶驚喜,/activity_report/,1,1,1,1,17
sms / aep-cdp,CRM-001-D,活動報報：遠雄房地產最新活動一覽！掌握即時公告與專屬住戶驚喜,/activity_report/,1,1,1,1,53
google / cpc,RSH1-品牌字,活動報報：遠雄房地產最新活動一覽！掌握即時公告與專屬住戶驚喜,/activity_report/,1,1,1,1,4
fgr-line / fgr,expert_zhu_tax-notice,活動報報：遠雄房地產最新活動一覽！掌握即時公告與專屬住戶驚喜,/activity_report/,1,1,1,1,5
googlemap / H109,googlemap,活動報報：遠雄房地產最新活動一覽！掌握即時公告與專屬住戶驚喜,/activity_report/,1,1,1,1,2
google / cpc,othercities_brand,活動報報：遠雄房地產最新活動一覽！掌握即時公告與專屬住戶驚喜,/activity_report/,1,1,1,1,15
web / bh11,popup_ai_202608,活動報報：遠雄房地產最新活動一覽！掌握即時公告與專屬住戶驚喜,/activity_report/,1,1,1,1,0
web-sms / BH11,fb_ad,(2) 封未讀訊息 | 活動一覽：精選全台建案活動與會員專屬好禮，掌握第一手購屋優惠,/activity_report/activities_glance/,1,1,0,0,0
(not set),(not set),活動一覽：精選全台建案活動與會員專屬好禮，掌握第一手購屋優惠,/activity_report/activities_glance/,1,1,0,0,10
fglife.com.tw / referral,(referral),活動一覽：精選全台建案活動與會員專屬好禮，掌握第一手購屋優惠,/activity_report/activities_glance/,1,1,1,1,14
tw.search.yahoo.com / referral,(referral),活動一覽：精選全台建案活動與會員專屬好禮，掌握第一手購屋優惠,/activity_report/activities_glance/,1,1,2,2,73
(not set),20260702一輪播,活動一覽：精選全台建案活動與會員專屬好禮，掌握第一手購屋優惠,/activity_report/activities_glance/,1,1,1,1,20
google / cpc,brand,活動一覽：精選全台建案活動與會員專屬好禮，掌握第一手購屋優惠,/activity_report/activities_glance/,1,1,1,1,0
google / cpc,competitor,活動一覽：精選全台建案活動與會員專屬好禮，掌握第一手購屋優惠,/activity_report/activities_glance/,1,1,1,1,8
web-sms / BH11,fb_ad,活動一覽：精選全台建案活動與會員專屬好禮，掌握第一手購屋優惠,/activity_report/activities_glance/,1,1,1,1,0
web / bh11,popup_ai_202608,活動一覽：精選全台建案活動與會員專屬好禮，掌握第一手購屋優惠,/activity_report/activities_glance/,1,1,1,1,16
picsee-domain / referral,www.fgrealty.tw,活動一覽：精選全台建案活動與會員專屬好禮，掌握第一手購屋優惠,/activity_report/activities_glance/,1,1,1,1,18
fgr-line / fgr,生活提案,活動一覽：精選全台建案活動與會員專屬好禮，掌握第一手購屋優惠,/activity_report/activities_glance/,1,1,1,1,0
google / organic,(organic),最新消息｜遠雄公告資訊，即時掌握品牌重要動態，重要通知不漏接,/activity_report/announcement_information/,1,1,1,1,13
liff.line.me / referral,(referral),最新消息｜遠雄公告資訊，即時掌握品牌重要動態，重要通知不漏接,/activity_report/announcement_information/,1,1,1,1,17
(not set),20260813一輪播,最新消息｜遠雄公告資訊，即時掌握品牌重要動態，重要通知不漏接,/activity_report/announcement_information/,1,1,2,2,35
fb / bh7,28,最新消息｜遠雄公告資訊，即時掌握品牌重要動態，重要通知不漏接,/activity_report/announcement_information/,1,1,3,3,24
gdn / hm2,6-1pmaxv2,最新消息｜遠雄公告資訊，即時掌握品牌重要動態，重要通知不漏接,/activity_report/announcement_information/,1,1,1,1,47
google / cpc,competitor,最新消息｜遠雄公告資訊，即時掌握品牌重要動態，重要通知不漏接,/activity_report/announcement_information/,1,1,1,1,16
fb / h713,leads,最新消息｜遠雄公告資訊，即時掌握品牌重要動態，重要通知不漏接,/activity_report/announcement_information/,1,1,2,2,7
(direct) / (none),(direct),找不到頁面 - 遠雄房地產,/admin/Account/login,1,1,1,1,0
(direct) / (none),(direct),"大師團隊,遠雄夏沐-線上接待中心",/aesthetics/master,1,1,1,1,12
(direct) / (none),(direct),"公設藝境,遠雄夏沐-線上接待中心",/aesthetics/public-facility,1,1,1,1,5
(direct) / (none),(direct),"公設藝境,遠雄夏沐-線上接待中心",/aesthetics/public-facility/art,1,1,1,1,1
l.facebook.com / referral,(referral),遠雄明玥 | 北士科水岸新生活．2000坪全街廓，只蓋一棟｜25-46坪-蔡定誠-遠雄房地產 Farglory-Realty,/ah1/B4720,1,1,2,2,24
(direct) / (none),(direct),遠雄明玥 | 北士科水岸新生活．2000坪全街廓，只蓋一棟｜25-46坪-趙偉傑-遠雄房地產 Farglory-Realty,/ah1/g0106,1,1,1,1,1
google / organic,(organic),遠雄泱玥 | 水岸正首席．北士科首獻｜57-75坪-蔡定誠-遠雄房地產 Farglory-Realty,/ah2/B4720,1,1,1,1,9
(direct) / (none),(direct),遠雄泱玥 | 水岸正首席．北士科首獻｜57-75坪-周繹加-遠雄房地產 Farglory-Realty,/ah2/B5654,1,1,1,1,0
(direct) / (none),(direct),遠雄泱玥 | 水岸正首席．北士科首獻｜57-75坪-鄭家昇-遠雄房地產 Farglory-Realty,/ah2/B5805,1,1,1,1,5
(direct) / (none),(direct),遠雄泱玥 | 水岸正首席．北士科首獻｜57-75坪-蔡定誠-遠雄房地產 Farglory-Realty,/ah2/b4720,1,1,2,2,0
chatgpt.com / ai-assistant,(ai-assistant),amenities | 遠雄THE ONE,/amenities/,1,1,2,2,12
(direct) / (none),(direct),找不到頁面 - 遠雄房地產,/area/中和水岸宜居人生 收藏一座河流 成就人生經典,1,1,1,1,0
google / organic,(organic),找不到頁面 - 遠雄房地產,/aug2026,1,1,2,2,8
fb / eh2,fb18-1,交屋全攻略：從產權防護、驗屋清單到屋型挑選的安心入住指南,/aug2026/,1,1,2,2,12
facebook.com / referral,(referral),遠雄敦富-魏子鈞-遠雄房地產 Farglory-Realty,/bh10/b5338,1,1,1,1,7
l.facebook.com / referral,(referral),遠雄敦富-魏子鈞-遠雄房地產 Farglory-Realty,/bh10/b5338,1,1,1,1,9
leeho.com.tw / referral,(referral),遠雄敦富-魏子鈞-遠雄房地產 Farglory-Realty,/bh10/b5338,1,1,1,1,0
(direct) / (none),(direct),遠雄敦富,/bh10/main,1,1,1,1,52
leeho.com.tw / referral,(referral),遠雄敦富,/bh10/main,1,1,1,1,0
(direct) / (none),(direct),找不到頁面 - 遠雄房地產,/blog/house-direction-fengshui,1,1,1,1,0
(direct) / (none),(direct),找不到頁面 - 遠雄房地產,/build/detail/H138,1,1,1,1,14
gdn / H153,realestate,找不到頁面 - 遠雄房地產,/build/detail/h153,1,1,1,1,0
google / cpc,brand,找不到頁面 - 遠雄房地產,/build/detail/h709b,1,1,1,1,0
google / cpc,leju,找不到頁面 - 遠雄房地產,/build/detail/h709b,1,1,1,1,0
(not set),(not set),遠雄房地產精選成屋(台北、新北、台中、桃園、台南、高雄) - 遠雄房地產,/building-category-tag/featured_existing_house/,1,1,1,1,23
zh.wikipedia.org / referral,(referral),遠雄房地產精選成屋(台北、新北、台中、桃園、台南、高雄) - 遠雄房地產,/building-category-tag/featured_existing_house/,1,1,1,1,21
fb / o1,20250422_23-1,遠雄房地產精選成屋(台北、新北、台中、桃園、台南、高雄) - 遠雄房地產,/building-category-tag/featured_existing_house/,1,1,1,1,45
fb / bh7,31,遠雄房地產精選成屋(台北、新北、台中、桃園、台南、高雄) - 遠雄房地產,/building-category-tag/featured_existing_house/,1,1,3,3,25
google / cpc,corearea0701,遠雄房地產精選成屋(台北、新北、台中、桃園、台南、高雄) - 遠雄房地產,/building-category-tag/featured_existing_house/,1,1,1,1,10
fb / bh10,fb20268-1,遠雄房地產精選成屋(台北、新北、台中、桃園、台南、高雄) - 遠雄房地產,/building-category-tag/featured_existing_house/,1,1,2,2,10
fb / bh8,leads,遠雄房地產精選成屋(台北、新北、台中、桃園、台南、高雄) - 遠雄房地產,/building-category-tag/featured_existing_house/,1,1,1,1,13
google / organic,(organic),精選廠辦 相關預售屋/新成屋/新建案資料|遠雄房地產,/building-category-tag/featured_factory_office/,1,1,3,3,29
console-v2.omnichat.ai / referral,(referral),精選廠辦 相關預售屋/新成屋/新建案資料|遠雄房地產,/building-category-tag/featured_factory_office/,1,1,1,1,2
fb / hm2,0703,精選廠辦 相關預售屋/新成屋/新建案資料|遠雄房地產,/building-category-tag/featured_factory_office/,1,1,1,1,14
fb / hm2,0704,精選廠辦 相關預售屋/新成屋/新建案資料|遠雄房地產,/building-category-tag/featured_factory_office/,1,1,1,1,36
google_kw / 5vo1,202604,精選廠辦 相關預售屋/新成屋/新建案資料|遠雄房地產,/building-category-tag/featured_factory_office/,1,1,3,3,21
gdn / hm2,4-2pmax,精選廠辦 相關預售屋/新成屋/新建案資料|遠雄房地產,/building-category-tag/featured_factory_office/,1,1,1,1,6
gdn / hm2,4-2pmaxv2,精選廠辦 相關預售屋/新成屋/新建案資料|遠雄房地產,/building-category-tag/featured_factory_office/,1,1,1,1,0
gdn / hm2,6-1pmax,精選廠辦 相關預售屋/新成屋/新建案資料|遠雄房地產,/building-category-tag/featured_factory_office/,1,1,1,1,1
google_gdn / 5vo1,7-4,精選廠辦 相關預售屋/新成屋/新建案資料|遠雄房地產,/building-category-tag/featured_factory_office/,1,1,2,2,5
fb / 5vo1,7-9,精選廠辦 相關預售屋/新成屋/新建案資料|遠雄房地產,/building-category-tag/featured_factory_office/,1,1,1,1,14
google_kw / fm3,area_taoyuan_other,精選廠辦 相關預售屋/新成屋/新建案資料|遠雄房地產,/building-category-tag/featured_factory_office/,1,1,1,1,7
google / cpc,brand,精選廠辦 相關預售屋/新成屋/新建案資料|遠雄房地產,/building-category-tag/featured_factory_office/,1,1,1,1,25
google / cpc,information4,精選廠辦 相關預售屋/新成屋/新建案資料|遠雄房地產,/building-category-tag/featured_factory_office/,1,1,1,1,2
google_kw / fm3,invest,精選廠辦 相關預售屋/新成屋/新建案資料|遠雄房地產,/building-category-tag/featured_factory_office/,1,1,1,1,9
google_kw / bh13,(not set),(1) 封未讀訊息 | 遠雄房地產精選預售屋(台北、新北、台中、桃園、台南、高雄) - 遠雄房地產,/building-category-tag/featured_pre_sale/,1,1,0,0,21
google / organic,(organic),(1) 封未讀訊息 | 遠雄房地產精選預售屋(台北、新北、台中、桃園、台南、高雄) - 遠雄房地產,/building-category-tag/featured_pre_sale/,1,1,0,0,78
ig / paid,120229456515280138,(1) 封未讀訊息 | 遠雄房地產精選預售屋(台北、新北、台中、桃園、台南、高雄) - 遠雄房地產,/building-category-tag/featured_pre_sale/,1,1,0,0,19
news / bh13,20260508,(1) 封未讀訊息 | 遠雄房地產精選預售屋(台北、新北、台中、桃園、台南、高雄) - 遠雄房地產,/building-category-tag/featured_pre_sale/,1,1,0,0,0
google_kw / bh13,(organic),(2) 封未讀訊息 | 遠雄房地產精選預售屋(台北、新北、台中、桃園、台南、高雄) - 遠雄房地產,/building-category-tag/featured_pre_sale/,1,1,0,0,9
google / cpc,brand0701,"Farglory Real Estate's Selected Pre-sale Homes (Taipei, New Taipei, Taichung, Taoyuan, Tainan, Kaohsiung) - Farglory Real Estate",/building-category-tag/featured_pre_sale/,1,1,0,0,5
google_kw / bh5,(not set),遠雄房地產精選預售屋(台北、新北、台中、桃園、台南、高雄) - 遠雄房地產,/building-category-tag/featured_pre_sale/,1,1,2,2,9
google_kw / h713,(not set),遠雄房地產精選預售屋(台北、新北、台中、桃園、台南、高雄) - 遠雄房地產,/building-category-tag/featured_pre_sale/,1,1,1,1,14
line / bh5,(not set),遠雄房地產精選預售屋(台北、新北、台中、桃園、台南、高雄) - 遠雄房地產,/building-category-tag/featured_pre_sale/,1,1,1,1,6
sms / (not set),(not set),遠雄房地產精選預售屋(台北、新北、台中、桃園、台南、高雄) - 遠雄房地產,/building-category-tag/featured_pre_sale/,1,1,1,1,51
bing / organic,(organic),遠雄房地產精選預售屋(台北、新北、台中、桃園、台南、高雄) - 遠雄房地產,/building-category-tag/featured_pre_sale/,1,1,1,1,22
console-v2.omnichat.ai / referral,(referral),遠雄房地產精選預售屋(台北、新北、台中、桃園、台南、高雄) - 遠雄房地產,/building-category-tag/featured_pre_sale/,1,1,2,2,3
farglory.com.tw / referral,(referral),遠雄房地產精選預售屋(台北、新北、台中、桃園、台南、高雄) - 遠雄房地產,/building-category-tag/featured_pre_sale/,1,1,1,1,9
teams.public.onecdn.static.microsoft / referral,(referral),遠雄房地產精選預售屋(台北、新北、台中、桃園、台南、高雄) - 遠雄房地產,/building-category-tag/featured_pre_sale/,1,1,3,3,11
gdn / hm2,0603GDN,遠雄房地產精選預售屋(台北、新北、台中、桃園、台南、高雄) - 遠雄房地產,/building-category-tag/featured_pre_sale/,1,1,1,1,27
fb / hm2,0704,遠雄房地產精選預售屋(台北、新北、台中、桃園、台南、高雄) - 遠雄房地產,/building-category-tag/featured_pre_sale/,1,1,2,2,26
fb / dh6,11,遠雄房地產精選預售屋(台北、新北、台中、桃園、台南、高雄) - 遠雄房地產,/building-category-tag/featured_pre_sale/,1,1,2,2,31
fb / eh1,11-1,遠雄房地產精選預售屋(台北、新北、台中、桃園、台南、高雄) - 遠雄房地產,/building-category-tag/featured_pre_sale/,1,1,2,2,4
fb / bh11,11-2,遠雄房地產精選預售屋(台北、新北、台中、桃園、台南、高雄) - 遠雄房地產,/building-category-tag/featured_pre_sale/,1,1,1,1,27
fb / bh11,12-4,遠雄房地產精選預售屋(台北、新北、台中、桃園、台南、高雄) - 遠雄房地產,/building-category-tag/featured_pre_sale/,1,1,1,1,26
ig / paid,120229456515280138,遠雄房地產精選預售屋(台北、新北、台中、桃園、台南、高雄) - 遠雄房地產,/building-category-tag/featured_pre_sale/,1,1,1,1,2
fb / paid,120229486716970138,遠雄房地產精選預售屋(台北、新北、台中、桃園、台南、高雄) - 遠雄房地產,/building-category-tag/featured_pre_sale/,1,1,1,1,50
fb / paid,120241173002890402,遠雄房地產精選預售屋(台北、新北、台中、桃園、台南、高雄) - 遠雄房地產,/building-category-tag/featured_pre_sale/,1,1,1,1,28
ig / paid,120241576684200634,遠雄房地產精選預售屋(台北、新北、台中、桃園、台南、高雄) - 遠雄房地產,/building-category-tag/featured_pre_sale/,1,1,1,1,26
line-lap / dh6,2,遠雄房地產精選預售屋(台北、新北、台中、桃園、台南、高雄) - 遠雄房地產,/building-category-tag/featured_pre_sale/,1,1,1,1,6
google / cpc,20250616_競品字,遠雄房地產精選預售屋(台北、新北、台中、桃園、台南、高雄) - 遠雄房地產,/building-category-tag/featured_pre_sale/,1,1,1,1,1
fb / 5vo1,20251201,遠雄房地產精選預售屋(台北、新北、台中、桃園、台南、高雄) - 遠雄房地產,/building-category-tag/featured_pre_sale/,1,1,1,1,13
(not set),20260618一輪播,遠雄房地產精選預售屋(台北、新北、台中、桃園、台南、高雄) - 遠雄房地產,/building-category-tag/featured_pre_sale/,1,1,1,1,0
line-lap / eh2,20260701A,遠雄房地產精選預售屋(台北、新北、台中、桃園、台南、高雄) - 遠雄房地產,/building-category-tag/featured_pre_sale/,1,1,1,1,26
google_kw / hm2,202608,遠雄房地產精選預售屋(台北、新北、台中、桃園、台南、高雄) - 遠雄房地產,/building-category-tag/featured_pre_sale/,1,1,4,4,80
fb / bh7,26,遠雄房地產精選預售屋(台北、新北、台中、桃園、台南、高雄) - 遠雄房地產,/building-category-tag/featured_pre_sale/,1,1,1,1,32
fb / bh7,28,遠雄房地產精選預售屋(台北、新北、台中、桃園、台南、高雄) - 遠雄房地產,/building-category-tag/featured_pre_sale/,1,1,1,1,18
fb / bh7,31,遠雄房地產精選預售屋(台北、新北、台中、桃園、台南、高雄) - 遠雄房地產,/building-category-tag/featured_pre_sale/,1,1,2,2,0
gdn / hm2,4-2pmaxv2,遠雄房地產精選預售屋(台北、新北、台中、桃園、台南、高雄) - 遠雄房地產,/building-category-tag/featured_pre_sale/,1,1,2,2,109
fb / bh5,60,遠雄房地產精選預售屋(台北、新北、台中、桃園、台南、高雄) - 遠雄房地產,/building-category-tag/featured_pre_sale/,1,1,1,1,13
line-lap / 5vo1,7-4,遠雄房地產精選預售屋(台北、新北、台中、桃園、台南、高雄) - 遠雄房地產,/building-category-tag/featured_pre_sale/,1,1,1,1,0
fb / bh13,8,遠雄房地產精選預售屋(台北、新北、台中、桃園、台南、高雄) - 遠雄房地產,/building-category-tag/featured_pre_sale/,1,1,1,1,17
fb / bh7,9-1,遠雄房地產精選預售屋(台北、新北、台中、桃園、台南、高雄) - 遠雄房地產,/building-category-tag/featured_pre_sale/,1,1,1,1,8
google / cpc,BH8-建案相關,遠雄房地產精選預售屋(台北、新北、台中、桃園、台南、高雄) - 遠雄房地產,/building-category-tag/featured_pre_sale/,1,1,1,1,9
web-sms / bh11,CRM-304-D,遠雄房地產精選預售屋(台北、新北、台中、桃園、台南、高雄) - 遠雄房地產,/building-category-tag/featured_pre_sale/,1,1,1,1,4
google / cpc,RSH1-地區字新北,遠雄房地產精選預售屋(台北、新北、台中、桃園、台南、高雄) - 遠雄房地產,/building-category-tag/featured_pre_sale/,1,1,1,1,0
google / cpc,Sanmin,遠雄房地產精選預售屋(台北、新北、台中、桃園、台南、高雄) - 遠雄房地產,/building-category-tag/featured_pre_sale/,1,1,3,3,51
web-sms / bh8,ai_202608,遠雄房地產精選預售屋(台北、新北、台中、桃園、台南、高雄) - 遠雄房地產,/building-category-tag/featured_pre_sale/,1,1,1,1,3
google / cpc,beitun,遠雄房地產精選預售屋(台北、新北、台中、桃園、台南、高雄) - 遠雄房地產,/building-category-tag/featured_pre_sale/,1,1,1,1,3
google_kw / eh5,brand,遠雄房地產精選預售屋(台北、新北、台中、桃園、台南、高雄) - 遠雄房地產,/building-category-tag/featured_pre_sale/,1,1,1,1,1
google_kw / fm3,brand,遠雄房地產精選預售屋(台北、新北、台中、桃園、台南、高雄) - 遠雄房地產,/building-category-tag/featured_pre_sale/,1,1,1,1,6
google / cpc,com,遠雄房地產精選預售屋(台北、新北、台中、桃園、台南、高雄) - 遠雄房地產,/building-category-tag/featured_pre_sale/,1,1,1,1,0
google_kw / fm3,competitor,遠雄房地產精選預售屋(台北、新北、台中、桃園、台南、高雄) - 遠雄房地產,/building-category-tag/featured_pre_sale/,1,1,1,1,11
google_kw / bh10,competitor-developer,遠雄房地產精選預售屋(台北、新北、台中、桃園、台南、高雄) - 遠雄房地產,/building-category-tag/featured_pre_sale/,1,1,1,1,10
google_kw / bh10,competitor-farglory,遠雄房地產精選預售屋(台北、新北、台中、桃園、台南、高雄) - 遠雄房地產,/building-category-tag/featured_pre_sale/,1,1,1,1,1
google / cpc,core,遠雄房地產精選預售屋(台北、新北、台中、桃園、台南、高雄) - 遠雄房地產,/building-category-tag/featured_pre_sale/,1,1,2,2,29
fb / bh8,fanpage,遠雄房地產精選預售屋(台北、新北、台中、桃園、台南、高雄) - 遠雄房地產,/building-category-tag/featured_pre_sale/,1,1,1,1,1
fb / dh2,fb-52,遠雄房地產精選預售屋(台北、新北、台中、桃園、台南、高雄) - 遠雄房地產,/building-category-tag/featured_pre_sale/,1,1,1,1,0
fb / dh2,fb-62,遠雄房地產精選預售屋(台北、新北、台中、桃園、台南、高雄) - 遠雄房地產,/building-category-tag/featured_pre_sale/,1,1,1,1,9
fb / eh5,fb12-3,遠雄房地產精選預售屋(台北、新北、台中、桃園、台南、高雄) - 遠雄房地產,/building-category-tag/featured_pre_sale/,1,1,2,2,53
fb / ar1,fb15-1,遠雄房地產精選預售屋(台北、新北、台中、桃園、台南、高雄) - 遠雄房地產,/building-category-tag/featured_pre_sale/,1,1,1,1,18
fb / ar1,fb15-2,遠雄房地產精選預售屋(台北、新北、台中、桃園、台南、高雄) - 遠雄房地產,/building-category-tag/featured_pre_sale/,1,1,1,1,31
fb / ar1,fb15-3,遠雄房地產精選預售屋(台北、新北、台中、桃園、台南、高雄) - 遠雄房地產,/building-category-tag/featured_pre_sale/,1,1,1,1,83
fb / eh2,fb18-1,遠雄房地產精選預售屋(台北、新北、台中、桃園、台南、高雄) - 遠雄房地產,/building-category-tag/featured_pre_sale/,1,1,1,1,28
fb / eh1,fb20267-6,遠雄房地產精選預售屋(台北、新北、台中、桃園、台南、高雄) - 遠雄房地產,/building-category-tag/featured_pre_sale/,1,1,1,1,9
fb / bh10,fb20268-1,遠雄房地產精選預售屋(台北、新北、台中、桃園、台南、高雄) - 遠雄房地產,/building-category-tag/featured_pre_sale/,1,1,1,1,12
fb / bh8,fb32-1,遠雄房地產精選預售屋(台北、新北、台中、桃園、台南、高雄) - 遠雄房地產,/building-category-tag/featured_pre_sale/,1,1,1,1,3
fb / eh5,fb34-3,遠雄房地產精選預售屋(台北、新北、台中、桃園、台南、高雄) - 遠雄房地產,/building-category-tag/featured_pre_sale/,1,1,1,1,20
fb / eh6,fb4-3,遠雄房地產精選預售屋(台北、新北、台中、桃園、台南、高雄) - 遠雄房地產,/building-category-tag/featured_pre_sale/,1,1,1,1,19
fb / eh6,fb6-2,遠雄房地產精選預售屋(台北、新北、台中、桃園、台南、高雄) - 遠雄房地產,/building-category-tag/featured_pre_sale/,1,1,1,1,4
fb / wdh2,fb7-2,遠雄房地產精選預售屋(台北、新北、台中、桃園、台南、高雄) - 遠雄房地產,/building-category-tag/featured_pre_sale/,1,1,2,2,6
fb / rsh1,fb7-6,遠雄房地產精選預售屋(台北、新北、台中、桃園、台南、高雄) - 遠雄房地產,/building-category-tag/featured_pre_sale/,1,1,1,1,4
web-sms / BH11,fb_ad,遠雄房地產精選預售屋(台北、新北、台中、桃園、台南、高雄) - 遠雄房地產,/building-category-tag/featured_pre_sale/,1,1,1,1,2
web-sms / bh8,fb_ad,遠雄房地產精選預售屋(台北、新北、台中、桃園、台南、高雄) - 遠雄房地產,/building-category-tag/featured_pre_sale/,1,1,3,3,9
web-sms / dh2,fb_ad,遠雄房地產精選預售屋(台北、新北、台中、桃園、台南、高雄) - 遠雄房地產,/building-category-tag/featured_pre_sale/,1,1,1,1,21
fb / bh10,fbfanpage,遠雄房地產精選預售屋(台北、新北、台中、桃園、台南、高雄) - 遠雄房地產,/building-category-tag/featured_pre_sale/,1,1,1,1,2
fb / eh1,fbfanpage0328,遠雄房地產精選預售屋(台北、新北、台中、桃園、台南、高雄) - 遠雄房地產,/building-category-tag/featured_pre_sale/,1,1,2,2,2
google_kw / ah1,googlemap,遠雄房地產精選預售屋(台北、新北、台中、桃園、台南、高雄) - 遠雄房地產,/building-category-tag/featured_pre_sale/,1,1,1,1,5
socialmedia / bh11,googlemap,遠雄房地產精選預售屋(台北、新北、台中、桃園、台南、高雄) - 遠雄房地產,/building-category-tag/featured_pre_sale/,1,1,1,1,5
google / cpc,information2,遠雄房地產精選預售屋(台北、新北、台中、桃園、台南、高雄) - 遠雄房地產,/building-category-tag/featured_pre_sale/,1,1,1,1,12
google_kw / bh10,information6,遠雄房地產精選預售屋(台北、新北、台中、桃園、台南、高雄) - 遠雄房地產,/building-category-tag/featured_pre_sale/,1,1,2,2,10
google / cpc,landmark0701,遠雄房地產精選預售屋(台北、新北、台中、桃園、台南、高雄) - 遠雄房地產,/building-category-tag/featured_pre_sale/,1,1,1,1,10
fb / ar1,leads,遠雄房地產精選預售屋(台北、新北、台中、桃園、台南、高雄) - 遠雄房地產,/building-category-tag/featured_pre_sale/,1,1,1,1,9
fb / rsh1,leads,遠雄房地產精選預售屋(台北、新北、台中、桃園、台南、高雄) - 遠雄房地產,/building-category-tag/featured_pre_sale/,1,1,2,2,0
line-lap / rsh1,line-lap4-2_600x400,遠雄房地產精選預售屋(台北、新北、台中、桃園、台南、高雄) - 遠雄房地產,/building-category-tag/featured_pre_sale/,1,1,1,1,2
line-lap / wdh2,line-lap4-2_600x400,遠雄房地產精選預售屋(台北、新北、台中、桃園、台南、高雄) - 遠雄房地產,/building-category-tag/featured_pre_sale/,1,1,1,1,8
line / bh13,linemessage,遠雄房地產精選預售屋(台北、新北、台中、桃園、台南、高雄) - 遠雄房地產,/building-category-tag/featured_pre_sale/,1,1,2,2,21
line / wdh2,lineqa,遠雄房地產精選預售屋(台北、新北、台中、桃園、台南、高雄) - 遠雄房地產,/building-category-tag/featured_pre_sale/,1,1,1,1,2
fb / eh5,park,遠雄房地產精選預售屋(台北、新北、台中、桃園、台南、高雄) - 遠雄房地產,/building-category-tag/featured_pre_sale/,1,1,5,5,119
google_kw / fm3,storage,遠雄房地產精選預售屋(台北、新北、台中、桃園、台南、高雄) - 遠雄房地產,/building-category-tag/featured_pre_sale/,1,1,1,1,11
web-udn / rsh1,web-udn0731,遠雄房地產精選預售屋(台北、新北、台中、桃園、台南、高雄) - 遠雄房地產,/building-category-tag/featured_pre_sale/,1,1,1,1,5
youtube / bh10,youtubemana,遠雄房地產精選預售屋(台北、新北、台中、桃園、台南、高雄) - 遠雄房地產,/building-category-tag/featured_pre_sale/,1,1,1,1,2
google / cpc,(organic),遠雄房地產精選預售屋(台北、新北、台中、桃園、台南、高雄) - 遠雄房地產,/building-category-tag/featured_pre_sale/page/2/,1,1,3,3,35
fb / hm2,0704,遠雄房地產精選預售屋(台北、新北、台中、桃園、台南、高雄) - 遠雄房地產,/building-category-tag/featured_pre_sale/page/2/,1,1,1,1,17
fb / bh13,12,遠雄房地產精選預售屋(台北、新北、台中、桃園、台南、高雄) - 遠雄房地產,/building-category-tag/featured_pre_sale/page/2/,1,1,1,1,28
line-lap / eh2,20260701C,遠雄房地產精選預售屋(台北、新北、台中、桃園、台南、高雄) - 遠雄房地產,/building-category-tag/featured_pre_sale/page/2/,1,1,1,1,24
(not set),20260813一輪播,遠雄房地產精選預售屋(台北、新北、台中、桃園、台南、高雄) - 遠雄房地產,/building-category-tag/featured_pre_sale/page/2/,1,1,0,0,0
(not set),20260828一輪播,遠雄房地產精選預售屋(台北、新北、台中、桃園、台南、高雄) - 遠雄房地產,/building-category-tag/featured_pre_sale/page/2/,1,1,1,1,0
google / cpc,BH8-品牌字,遠雄房地產精選預售屋(台北、新北、台中、桃園、台南、高雄) - 遠雄房地產,/building-category-tag/featured_pre_sale/page/2/,1,1,1,1,10
google / cpc,BH8-地區字,遠雄房地產精選預售屋(台北、新北、台中、桃園、台南、高雄) - 遠雄房地產,/building-category-tag/featured_pre_sale/page/2/,1,1,1,1,58
google / cpc,banqiao,遠雄房地產精選預售屋(台北、新北、台中、桃園、台南、高雄) - 遠雄房地產,/building-category-tag/featured_pre_sale/page/2/,1,1,2,2,73
google / cpc,core,遠雄房地產精選預售屋(台北、新北、台中、桃園、台南、高雄) - 遠雄房地產,/building-category-tag/featured_pre_sale/page/2/,1,1,1,1,7
google / cpc,corearea0701,遠雄房地產精選預售屋(台北、新北、台中、桃園、台南、高雄) - 遠雄房地產,/building-category-tag/featured_pre_sale/page/2/,1,1,1,1,29
fb / eh5,fb12-3,遠雄房地產精選預售屋(台北、新北、台中、桃園、台南、高雄) - 遠雄房地產,/building-category-tag/featured_pre_sale/page/2/,1,1,2,2,76
fb / bh7,fbpage,遠雄房地產精選預售屋(台北、新北、台中、桃園、台南、高雄) - 遠雄房地產,/building-category-tag/featured_pre_sale/page/2/,1,1,2,2,33
google_kw / bh10,information6,遠雄房地產精選預售屋(台北、新北、台中、桃園、台南、高雄) - 遠雄房地產,/building-category-tag/featured_pre_sale/page/2/,1,1,1,1,4
google / cpc,newtaipei,遠雄房地產精選預售屋(台北、新北、台中、桃園、台南、高雄) - 遠雄房地產,/building-category-tag/featured_pre_sale/page/2/,1,1,2,2,10
fb / eh5,park,遠雄房地產精選預售屋(台北、新北、台中、桃園、台南、高雄) - 遠雄房地產,/building-category-tag/featured_pre_sale/page/2/,1,1,2,2,104
(direct) / (none),(direct),遠雄房地產精選預售屋(台北、新北、台中、桃園、台南、高雄) - 遠雄房地產,/building-category-tag/featured_pre_sale/page/3/,1,1,1,1,1
google / organic,(organic),遠雄房地產精選預售屋(台北、新北、台中、桃園、台南、高雄) - 遠雄房地產,/building-category-tag/featured_pre_sale/page/3/,1,1,1,1,0
google / cpc,BH8-品牌字,遠雄房地產精選預售屋(台北、新北、台中、桃園、台南、高雄) - 遠雄房地產,/building-category-tag/featured_pre_sale/page/3/,1,1,1,1,0
google / cpc,gdn-4,遠雄房地產精選預售屋(台北、新北、台中、桃園、台南、高雄) - 遠雄房地產,/building-category-tag/featured_pre_sale/page/3/,1,1,1,1,13
google / cpc,newtaipei,遠雄房地產精選預售屋(台北、新北、台中、桃園、台南、高雄) - 遠雄房地產,/building-category-tag/featured_pre_sale/page/3/,1,1,1,1,1
fb / eh5,park,遠雄房地產精選預售屋(台北、新北、台中、桃園、台南、高雄) - 遠雄房地產,/building-category-tag/featured_pre_sale/page/3/,1,1,1,1,1
tw.search.yahoo.com / referral,(referral),精選商辦 相關預售屋/新成屋/新建案資料|遠雄房地產,/building-category-tag/精選商辦/,1,1,1,1,23
gdn / hm2,0602GDN,精選商辦 相關預售屋/新成屋/新建案資料|遠雄房地產,/building-category-tag/精選商辦/,1,1,1,1,0
(not set),20260805一輪播,精選商辦 相關預售屋/新成屋/新建案資料|遠雄房地產,/building-category-tag/精選商辦/,1,1,0,0,0
gdn / hm2,4-2pmaxv2,精選商辦 相關預售屋/新成屋/新建案資料|遠雄房地產,/building-category-tag/精選商辦/,1,1,1,1,5
google_kw / hm2,sitelink,精選商辦 相關預售屋/新成屋/新建案資料|遠雄房地產,/building-category-tag/精選商辦/,1,1,1,1,7
google_kw / fm3,invest,販売前物件、新築物件、新築商業・オフィス物件に関する厳選情報 | Farglory Realty,/building-category-tag/精選商辦/,1,1,1,1,8
(direct) / (none),(direct),買賣、仲介、租賃 相關預售屋/新成屋/新建案資料|遠雄房地產,/building-category-tag/買賣、仲介、租賃/,1,1,1,1,31
web / bh6,googlemap2,買賣、仲介、租賃 相關預售屋/新成屋/新建案資料|遠雄房地產,/building-category-tag/買賣、仲介、租賃/,1,1,1,1,4
sms / (not set),(not set),親子宅相關預售屋/新成屋/新建案資料|遠雄房地產,/building-tag/build-tag-child/,1,1,1,1,26
google / organic,(organic),親子宅相關預售屋/新成屋/新建案資料|遠雄房地產,/building-tag/build-tag-child/,1,1,1,1,28
google / cpc,BH8-建案相關,親子宅相關預售屋/新成屋/新建案資料|遠雄房地產,/building-tag/build-tag-child/,1,1,1,1,2
google / cpc,RSH1-品牌字,親子宅相關預售屋/新成屋/新建案資料|遠雄房地產,/building-tag/build-tag-child/,1,1,1,1,3
fb / fh2,lbs-sms202608,親子宅相關預售屋/新成屋/新建案資料|遠雄房地產,/building-tag/build-tag-child/,1,1,1,1,52
fb / bh8,leads,親子宅相關預售屋/新成屋/新建案資料|遠雄房地產,/building-tag/build-tag-child/,1,1,1,1,215
(data not available),(cross-network),都會區相關預售屋/新成屋/新建案資料|遠雄房地產,/building-tag/build-tag-city/,1,1,1,1,11
(direct) / (none),(direct),都會區相關預售屋/新成屋/新建案資料|遠雄房地產,/building-tag/build-tag-city/,1,1,1,1,25
google_kw / bh13,(organic),都會區相關預售屋/新成屋/新建案資料|遠雄房地產,/building-tag/build-tag-city/,1,1,1,1,9
google / cpc,BH8-建案相關,都會區相關預售屋/新成屋/新建案資料|遠雄房地產,/building-tag/build-tag-city/,1,1,1,1,3
google / cpc,Qianzhen.Qianjin,都會區相關預售屋/新成屋/新建案資料|遠雄房地產,/building-tag/build-tag-city/,1,1,1,1,36
google / cpc,Sanmin,都會區相關預售屋/新成屋/新建案資料|遠雄房地產,/building-tag/build-tag-city/,1,1,1,1,10
google / cpc,XXXX,都會區相關預售屋/新成屋/新建案資料|遠雄房地產,/building-tag/build-tag-city/,1,1,1,1,29
web-ltn / wdh2,web-ltn0821,都會區相關預售屋/新成屋/新建案資料|遠雄房地產,/building-tag/build-tag-city/,1,1,1,1,48
(not set),20260828一輪播,綠建築相關預售屋/新成屋/新建案資料|遠雄房地產,/building-tag/build-tag-green/,1,1,1,1,2
google / cpc,RSH1-地區字新北,綠建築相關預售屋/新成屋/新建案資料|遠雄房地產,/building-tag/build-tag-green/,1,1,2,2,29
fb / fh2,fb6-1,綠建築相關預售屋/新成屋/新建案資料|遠雄房地產,/building-tag/build-tag-green/,1,1,1,1,1
line-lap / rsh1,line-lap4-5,綠建築相關預售屋/新成屋/新建案資料|遠雄房地產,/building-tag/build-tag-green/,1,1,1,1,60
fb / eh5,park,綠建築相關預售屋/新成屋/新建案資料|遠雄房地產,/building-tag/build-tag-green/,1,1,1,1,1
(data not available),(cross-network),捷運宅相關預售屋/新成屋/新建案資料|遠雄房地產,/building-tag/build-tag-mrt/,1,1,5,5,29
google / organic,(organic),捷運宅相關預售屋/新成屋/新建案資料|遠雄房地產,/building-tag/build-tag-mrt/,1,1,1,1,10
google_kw / bh13,(organic),捷運宅相關預售屋/新成屋/新建案資料|遠雄房地產,/building-tag/build-tag-mrt/,1,1,4,4,25
fb / eh1,11-1,捷運宅相關預售屋/新成屋/新建案資料|遠雄房地產,/building-tag/build-tag-mrt/,1,1,1,1,19
fb / O1,120227538157820464,捷運宅相關預售屋/新成屋/新建案資料|遠雄房地產,/building-tag/build-tag-mrt/,1,1,1,1,9
ig / paid,120233718740630316,捷運宅相關預售屋/新成屋/新建案資料|遠雄房地產,/building-tag/build-tag-mrt/,1,1,1,1,33
gdn / hm2,4-2pmaxv2,捷運宅相關預售屋/新成屋/新建案資料|遠雄房地產,/building-tag/build-tag-mrt/,1,1,1,1,8
google / cpc,BH8-建案相關,捷運宅相關預售屋/新成屋/新建案資料|遠雄房地產,/building-tag/build-tag-mrt/,1,1,1,1,5
google / cpc,BH8-競品字,捷運宅相關預售屋/新成屋/新建案資料|遠雄房地產,/building-tag/build-tag-mrt/,1,1,1,1,1
google / cpc,RSH1-品牌字,捷運宅相關預售屋/新成屋/新建案資料|遠雄房地產,/building-tag/build-tag-mrt/,1,1,1,1,8
google / cpc,Sanmin,捷運宅相關預售屋/新成屋/新建案資料|遠雄房地產,/building-tag/build-tag-mrt/,1,1,1,1,8
google_kw / fm3,brand,捷運宅相關預售屋/新成屋/新建案資料|遠雄房地產,/building-tag/build-tag-mrt/,1,1,1,1,4
fb / bh8,fb28-2,捷運宅相關預售屋/新成屋/新建案資料|遠雄房地產,/building-tag/build-tag-mrt/,1,1,1,1,12
fb / eh5,fb34-2,捷運宅相關預售屋/新成屋/新建案資料|遠雄房地產,/building-tag/build-tag-mrt/,1,1,1,1,13
fb / eh5,fb37-6,捷運宅相關預售屋/新成屋/新建案資料|遠雄房地產,/building-tag/build-tag-mrt/,1,1,1,1,59
google / cpc,gdn-4,捷運宅相關預售屋/新成屋/新建案資料|遠雄房地產,/building-tag/build-tag-mrt/,1,1,1,1,19
fb / fh2,lbs-sms202608,捷運宅相關預售屋/新成屋/新建案資料|遠雄房地產,/building-tag/build-tag-mrt/,1,1,1,1,122
fb / rsh1,leads,捷運宅相關預售屋/新成屋/新建案資料|遠雄房地產,/building-tag/build-tag-mrt/,1,1,1,1,29
line-lap / rsh1,line-lap4-2_600x400,捷運宅相關預售屋/新成屋/新建案資料|遠雄房地產,/building-tag/build-tag-mrt/,1,1,1,1,20
web / bh11,popup_ai_202608,捷運宅相關預售屋/新成屋/新建案資料|遠雄房地產,/building-tag/build-tag-mrt/,1,1,1,1,46
web / bh10,web-Google map,捷運宅相關預售屋/新成屋/新建案資料|遠雄房地產,/building-tag/build-tag-mrt/,1,1,2,2,42
google / cpc,(not set),公園宅相關預售屋/新成屋/新建案資料|遠雄房地產,/building-tag/build-tag-park/,1,1,1,1,9
google / organic,(organic),公園宅相關預售屋/新成屋/新建案資料|遠雄房地產,/building-tag/build-tag-park/,1,1,1,1,25
google_kw / bh13,(organic),公園宅相關預售屋/新成屋/新建案資料|遠雄房地產,/building-tag/build-tag-park/,1,1,1,1,11
taipeidome.com.tw / referral,(referral),公園宅相關預售屋/新成屋/新建案資料|遠雄房地產,/building-tag/build-tag-park/,1,1,1,1,6
fb / eh1,11-1,公園宅相關預售屋/新成屋/新建案資料|遠雄房地產,/building-tag/build-tag-park/,1,1,1,1,90
fb / paid,120229456515280138,公園宅相關預售屋/新成屋/新建案資料|遠雄房地產,/building-tag/build-tag-park/,1,1,1,1,95
fb / bh13,120242182236150678,公園宅相關預售屋/新成屋/新建案資料|遠雄房地產,/building-tag/build-tag-park/,1,1,1,1,3
(not set),20260828一輪播,公園宅相關預售屋/新成屋/新建案資料|遠雄房地產,/building-tag/build-tag-park/,1,1,1,1,1
google / cpc,BH8-競品字,公園宅相關預售屋/新成屋/新建案資料|遠雄房地產,/building-tag/build-tag-park/,1,1,1,1,12
sms / aep-cdp,CRM-001-D,公園宅相關預售屋/新成屋/新建案資料|遠雄房地產,/building-tag/build-tag-park/,1,1,1,1,16
google / cpc,WDH2-買房字,公園宅相關預售屋/新成屋/新建案資料|遠雄房地產,/building-tag/build-tag-park/,1,1,1,1,21
web-sms / bh8,ai_202608,公園宅相關預售屋/新成屋/新建案資料|遠雄房地產,/building-tag/build-tag-park/,1,1,1,1,11
google / cpc,area,公園宅相關預售屋/新成屋/新建案資料|遠雄房地產,/building-tag/build-tag-park/,1,1,1,1,13
google / cpc,competing,公園宅相關預售屋/新成屋/新建案資料|遠雄房地產,/building-tag/build-tag-park/,1,1,1,1,1
fb / bh10,fb20268-1,公園宅相關預售屋/新成屋/新建案資料|遠雄房地產,/building-tag/build-tag-park/,1,1,1,1,30
google / organic,(organic),重劃區相關預售屋/新成屋/新建案資料|遠雄房地產,/building-tag/build-tag-plan/,1,1,2,2,44
tw.search.yahoo.com / referral,(referral),重劃區相關預售屋/新成屋/新建案資料|遠雄房地產,/building-tag/build-tag-plan/,1,1,1,1,9
fb / dh6,11,重劃區相關預售屋/新成屋/新建案資料|遠雄房地產,/building-tag/build-tag-plan/,1,1,1,1,3
(not set),20260805一輪播,重劃區相關預售屋/新成屋/新建案資料|遠雄房地產,/building-tag/build-tag-plan/,1,1,1,1,0
gdn / hm2,4-2pmaxv2,重劃區相關預售屋/新成屋/新建案資料|遠雄房地產,/building-tag/build-tag-plan/,1,1,1,1,42
google / cpc,BH8-地區字,重劃區相關預售屋/新成屋/新建案資料|遠雄房地產,/building-tag/build-tag-plan/,1,1,1,1,12
google / cpc,WDH2-競品字,重劃區相關預售屋/新成屋/新建案資料|遠雄房地產,/building-tag/build-tag-plan/,1,1,1,1,41
web-sms / bh8,ai_202608,重劃區相關預售屋/新成屋/新建案資料|遠雄房地產,/building-tag/build-tag-plan/,1,1,1,1,31
google / cpc,brand,重劃區相關預售屋/新成屋/新建案資料|遠雄房地產,/building-tag/build-tag-plan/,1,1,1,1,7
google / cpc,brand0701,重劃區相關預售屋/新成屋/新建案資料|遠雄房地產,/building-tag/build-tag-plan/,1,1,1,1,28
google_kw / bh10,competitor-farglory,重劃區相關預售屋/新成屋/新建案資料|遠雄房地產,/building-tag/build-tag-plan/,1,1,1,1,0
fb / fh2,fb6-1,重劃區相關預售屋/新成屋/新建案資料|遠雄房地產,/building-tag/build-tag-plan/,1,1,1,1,9
fb / rsh1,fbfanpage,重劃區相關預售屋/新成屋/新建案資料|遠雄房地產,/building-tag/build-tag-plan/,1,1,2,2,2
fb / wdh2,lbs-sms202608,重劃區相關預售屋/新成屋/新建案資料|遠雄房地產,/building-tag/build-tag-plan/,1,1,1,1,4
google / cpc,pmax,重劃區相關預售屋/新成屋/新建案資料|遠雄房地產,/building-tag/build-tag-plan/,1,1,1,1,72
web-ltn / wdh2,web-ltn-7-1,重劃區相關預售屋/新成屋/新建案資料|遠雄房地產,/building-tag/build-tag-plan/,1,1,1,1,4
web-ltn / wdh2,web-ltn0821,重劃區相關預售屋/新成屋/新建案資料|遠雄房地產,/building-tag/build-tag-plan/,1,1,1,1,35
(not set),高雄全區,重劃區相關預售屋/新成屋/新建案資料|遠雄房地產,/building-tag/build-tag-plan/,1,1,0,0,27
(not set),高雄楠梓,重劃區相關預售屋/新成屋/新建案資料|遠雄房地產,/building-tag/build-tag-plan/,1,1,1,1,21
(not set),20260805一輪播,重劃區相關預售屋/新成屋/新建案資料|遠雄房地產,/building-tag/build-tag-plan/page/2/,1,1,1,1,0
gdn / hm2,4-2pmaxv2,重劃區相關預售屋/新成屋/新建案資料|遠雄房地產,/building-tag/build-tag-plan/page/2/,1,1,1,1,57
google / cpc,WDH2-競品字,重劃區相關預售屋/新成屋/新建案資料|遠雄房地產,/building-tag/build-tag-plan/page/2/,1,1,1,1,22
fb / fh2,lbs-sms202608,重劃區相關預售屋/新成屋/新建案資料|遠雄房地產,/building-tag/build-tag-plan/page/2/,1,1,1,1,8
(direct) / (none),(direct),耐震標章 彙整 - 遠雄房地產,/building-tag/build-tag-quake/耐震標章/,1,1,1,1,0
fb / eh5,fb37-6,耐震標章 彙整 - 遠雄房地產,/building-tag/build-tag-quake/耐震標章/,1,1,1,1,7
google / organic,(organic),水岸宅相關預售屋/新成屋/新建案資料|遠雄房地產,/building-tag/build-tag-river/,1,1,1,1,14
google / cpc,brand,水岸宅相關預售屋/新成屋/新建案資料|遠雄房地產,/building-tag/build-tag-river/,1,1,2,2,20
web-ltn / wdh2,web-ltn-7-1,水岸宅相關預售屋/新成屋/新建案資料|遠雄房地產,/building-tag/build-tag-river/,1,1,1,1,5
google / cpc,(organic),學區宅相關預售屋/新成屋/新建案資料|遠雄房地產,/building-tag/build-tag-school/,1,1,1,1,0
google / organic,(organic),學區宅相關預售屋/新成屋/新建案資料|遠雄房地產,/building-tag/build-tag-school/,1,1,2,2,26
104.com.tw / referral,(referral),學區宅相關預售屋/新成屋/新建案資料|遠雄房地產,/building-tag/build-tag-school/,1,1,1,1,2
line-lap / 5vo1,7-1,學區宅相關預售屋/新成屋/新建案資料|遠雄房地產,/building-tag/build-tag-school/,1,1,1,1,56
google / cpc,BH8-品牌字,學區宅相關預售屋/新成屋/新建案資料|遠雄房地產,/building-tag/build-tag-school/,1,1,1,1,3
sms / aep-cdp,CRM-001-D,學區宅相關預售屋/新成屋/新建案資料|遠雄房地產,/building-tag/build-tag-school/,1,1,1,1,6
google / cpc,XXXX,學區宅相關預售屋/新成屋/新建案資料|遠雄房地產,/building-tag/build-tag-school/,1,1,1,1,2
fb / wdh2,lbs-sms202608,學區宅相關預售屋/新成屋/新建案資料|遠雄房地產,/building-tag/build-tag-school/,1,1,1,1,13
fb / h713,leads,學區宅相關預售屋/新成屋/新建案資料|遠雄房地產,/building-tag/build-tag-school/,1,1,1,1,2
google / organic,(organic),商廠辦 彙整 - 遠雄房地產,/building-tag/商廠辦/,1,1,1,1,11
google_kw / 5vo1,202604,商廠辦 彙整 - 遠雄房地產,/building-tag/商廠辦/,1,1,1,1,13
google_gdn / 5vo1,7-4,商廠辦 彙整 - 遠雄房地產,/building-tag/商廠辦/,1,1,1,1,61
google_kw / fm3,invest,商廠辦 彙整 - 遠雄房地產,/building-tag/商廠辦/,1,1,1,1,14
google_kw / hm2,sitelink,商廠辦 彙整 - 遠雄房地產,/building-tag/商廠辦/,1,1,1,1,15
(direct) / (none),(direct),商用不動產 彙整 - 遠雄房地產,/building-tag/商用不動產/,1,1,1,1,0
line-lap / 5vo1,7-1,商辦 彙整 - 遠雄房地產,/building-tag/商辦/,1,1,1,1,4
fb / 5vo1,7-9,商辦 彙整 - 遠雄房地產,/building-tag/商辦/,1,1,1,1,5
google / organic,(organic),景觀宅 彙整 - 遠雄房地產,/building-tag/景觀宅/,1,1,1,1,3
google_kw / bh13,(organic),景觀宅 彙整 - 遠雄房地產,/building-tag/景觀宅/,1,1,2,2,56
google_kw / h713,(organic),景觀宅 彙整 - 遠雄房地產,/building-tag/景觀宅/,1,1,1,1,6
fb / bh11,11-3,景觀宅 彙整 - 遠雄房地產,/building-tag/景觀宅/,1,1,1,1,37
fb / bh11,12-4,景觀宅 彙整 - 遠雄房地產,/building-tag/景觀宅/,1,1,1,1,26
google / cpc,20250616_品牌字,景觀宅 彙整 - 遠雄房地產,/building-tag/景觀宅/,1,1,3,3,30
sms / aep-cdp,CRM-001-D,景觀宅 彙整 - 遠雄房地產,/building-tag/景觀宅/,1,1,1,1,19
google / cpc,O1_品牌字_2025.0801,景觀宅 彙整 - 遠雄房地產,/building-tag/景觀宅/,1,1,1,1,3
google / cpc,brand,景觀宅 彙整 - 遠雄房地產,/building-tag/景觀宅/,1,1,1,1,1
google / cpc,brand0701,景觀宅 彙整 - 遠雄房地產,/building-tag/景觀宅/,1,1,1,1,12
google / cpc,competitor0701,景觀宅 彙整 - 遠雄房地產,/building-tag/景觀宅/,1,1,1,1,7
fb / bh8,fb31-2,景觀宅 彙整 - 遠雄房地產,/building-tag/景觀宅/,1,1,1,1,4
fb / bh11,11-3,景觀宅 彙整 - 頁2，共2 - 遠雄房地產,/building-tag/景觀宅/page/2/,1,1,1,1,31
google / organic,(organic),渡假宅 彙整 - 遠雄房地產,/building-tag/渡假宅/,1,1,1,1,0
(direct) / (none),(direct),豪宅 彙整 - 遠雄房地產,/building-tag/豪宅/,1,1,1,1,20
google / organic,(organic),豪宅 彙整 - 遠雄房地產,/building-tag/豪宅/,1,1,1,1,27
fb / o1,20250422_23-1,豪宅 彙整 - 遠雄房地產,/building-tag/豪宅/,1,1,1,1,8
fb / bh5,45,豪宅 彙整 - 遠雄房地產,/building-tag/豪宅/,1,1,2,2,9
google / cpc,O1_特色字_2025.0801,豪宅 彙整 - 遠雄房地產,/building-tag/豪宅/,1,1,1,1,0
google / cpc,WDH2-地區字北投,豪宅 彙整 - 遠雄房地產,/building-tag/豪宅/,1,1,1,1,4
fb / bh5,leads,豪宅 彙整 - 遠雄房地產,/building-tag/豪宅/,1,1,1,1,142
(direct) / (none),(direct),靜巷宅 彙整 - 遠雄房地產,/building-tag/靜巷宅/,1,1,1,1,3
google / cpc,WDH2-地區字北投,靜巷宅 彙整 - 遠雄房地產,/building-tag/靜巷宅/,1,1,1,1,31
fb / rsh1,fbfanpage,靜巷宅 彙整 - 遠雄房地產,/building-tag/靜巷宅/,1,1,1,1,0
(not set),(not set),飯店宅 彙整 - 遠雄房地產,/building-tag/飯店宅/,1,1,0,0,0
google / organic,(organic),飯店宅 彙整 - 遠雄房地產,/building-tag/飯店宅/,1,1,1,1,8
(not set),20260828一輪播,飯店宅 彙整 - 遠雄房地產,/building-tag/飯店宅/,1,1,1,1,1
google / cpc,O1_地區字_2025.0801,飯店宅 彙整 - 遠雄房地產,/building-tag/飯店宅/,1,1,1,1,16
google / cpc,(organic),熱銷建案 彙整 - 遠雄房地產,/buildings/,1,1,1,1,21
google / organic,(organic),熱銷建案 彙整 - 遠雄房地產,/buildings/,1,1,1,1,40
google / cpc,WDH2-買房字,熱銷建案 彙整 - 遠雄房地產,/buildings/,1,1,1,1,8
fb / bh13,1,(1) 封未讀訊息 | 【聯上智科】輝達軸線核心｜北士科福國路首排，純商辦地標，符合ESG指標｜預約尊榮鑑賞 遠雄房地產 聯上智科,/buildings/5VO1/,1,1,0,0,29
fb / bh13,1,【聯上智科】輝達軸線核心｜北士科福國路首排，純商辦地標，符合ESG指標｜預約尊榮鑑賞 遠雄房地產 聯上智科,/buildings/5VO1/,1,1,1,1,0
(not set),20260805一輪播,【聯上智科】輝達軸線核心｜北士科福國路首排，純商辦地標，符合ESG指標｜預約尊榮鑑賞 遠雄房地產 聯上智科,/buildings/5VO1/,1,1,1,1,1
fgr-line / fgr,land_handover,【聯上智科】輝達軸線核心｜北士科福國路首排，純商辦地標，符合ESG指標｜預約尊榮鑑賞 遠雄房地產 聯上智科,/buildings/5VO1/,1,1,1,1,23
webnews / o1,webnews0415yam,(2) 封未讀訊息 | 【聯上智科】輝達軸線核心｜北士科福國路首排，純商辦地標，符合ESG指標｜預約尊榮鑑賞 遠雄房地產 聯上智科,/buildings/5vo1/,1,1,0,0,0
line-lap / 5vo1,7-1,"[Linked Smart Technology] Core of the Huida Axis | First Row of Beishike Fuguo Road, Pure Commercial and Office Landmark, Compliant with ESG Indicators | Schedule a Prestigious Appreciation of Linked Smart Technology by Farglory Real Estate",/buildings/5vo1/,1,1,0,0,25
google_gdn / 5vo1,7-1,"[Teknologi Cerdas Terhubung] Pusat Poros Huida | Barisan Pertama Jalan Beishike Fuguo, Landmark Komersial dan Perkantoran Murni, Sesuai dengan Indikator ESG | Jadwalkan Apresiasi Bergengsi Teknologi Cerdas Terhubung oleh Farglory Real Estate",/buildings/5vo1/,1,1,0,0,25
google_gdn / 5vo1,7-4,"[연계형 스마트 기술] 후이다 축의 핵심 | 베이시케 후궈로 첫 번째 줄, 순수 상업 및 오피스 랜드마크, ESG 지표 준수 | 파글로리 부동산이 선사하는 권위 있는 연계형 스마트 기술 평가 행사에 참여하세요",/buildings/5vo1/,1,1,0,0,4
google_kw / 5vo1,202604,【リンクドスマートテクノロジー】恵達軸の中核｜北石科富国路最前列、純粋な商業・オフィスランドマーク、ESG指標準拠｜ファーグローリー不動産によるリンクドスマートテクノロジーの特別見学ツアー開催,/buildings/5vo1/,1,1,1,1,1
google_gdn / 5vo1,7-4,【联上智科】辉达轴线核心｜北士科福国路首排，纯商办地标，符合ESG指标｜预约尊荣鉴赏远雄房地产联上智科,/buildings/5vo1/,1,1,0,0,101
chatgpt.com / ai-assistant,(ai-assistant),【聯上智科】輝達軸線核心｜北士科福國路首排，純商辦地標，符合ESG指標｜預約尊榮鑑賞 遠雄房地產 聯上智科,/buildings/5vo1/,1,1,1,1,18
google / cpc,(organic),【聯上智科】輝達軸線核心｜北士科福國路首排，純商辦地標，符合ESG指標｜預約尊榮鑑賞 遠雄房地產 聯上智科,/buildings/5vo1/,1,1,1,1,2
google_kw / bh13,(organic),【聯上智科】輝達軸線核心｜北士科福國路首排，純商辦地標，符合ESG指標｜預約尊榮鑑賞 遠雄房地產 聯上智科,/buildings/5vo1/,1,1,1,1,16
491c18e80f9f92422f353be9ad75db01.safeframe.googlesyndication.com / referral,(referral),【聯上智科】輝達軸線核心｜北士科福國路首排，純商辦地標，符合ESG指標｜預約尊榮鑑賞 遠雄房地產 聯上智科,/buildings/5vo1/,1,1,1,1,0
b726596abae33db79de02fa4758014a3.safeframe.googlesyndication.com / referral,(referral),【聯上智科】輝達軸線核心｜北士科福國路首排，純商辦地標，符合ESG指標｜預約尊榮鑑賞 遠雄房地產 聯上智科,/buildings/5vo1/,1,1,1,1,112
ctee.com.tw / referral,(referral),【聯上智科】輝達軸線核心｜北士科福國路首排，純商辦地標，符合ESG指標｜預約尊榮鑑賞 遠雄房地產 聯上智科,/buildings/5vo1/,1,1,3,3,3
d78554c6ef594b3a431d0cb33ce911e0.safeframe.googlesyndication.com / referral,(referral),【聯上智科】輝達軸線核心｜北士科福國路首排，純商辦地標，符合ESG指標｜預約尊榮鑑賞 遠雄房地產 聯上智科,/buildings/5vo1/,1,1,1,1,5
google_kw / fm3,(referral),【聯上智科】輝達軸線核心｜北士科福國路首排，純商辦地標，符合ESG指標｜預約尊榮鑑賞 遠雄房地產 聯上智科,/buildings/5vo1/,1,1,2,2,6
mirrordaily.news / referral,(referral),【聯上智科】輝達軸線核心｜北士科福國路首排，純商辦地標，符合ESG指標｜預約尊榮鑑賞 遠雄房地產 聯上智科,/buildings/5vo1/,1,1,1,1,0
line-lap / hm2,0602,【聯上智科】輝達軸線核心｜北士科福國路首排，純商辦地標，符合ESG指標｜預約尊榮鑑賞 遠雄房地產 聯上智科,/buildings/5vo1/,1,1,1,1,326
line-lap / dh6,1,【聯上智科】輝達軸線核心｜北士科福國路首排，純商辦地標，符合ESG指標｜預約尊榮鑑賞 遠雄房地產 聯上智科,/buildings/5vo1/,1,1,2,2,28
line-lap / dh6,2,【聯上智科】輝達軸線核心｜北士科福國路首排，純商辦地標，符合ESG指標｜預約尊榮鑑賞 遠雄房地產 聯上智科,/buildings/5vo1/,1,1,1,1,0
line-lap / 5vo1,2-6,【聯上智科】輝達軸線核心｜北士科福國路首排，純商辦地標，符合ESG指標｜預約尊榮鑑賞 遠雄房地產 聯上智科,/buildings/5vo1/,1,1,1,1,0
google / cpc,20250616_北投士林豪宅/別墅,【聯上智科】輝達軸線核心｜北士科福國路首排，純商辦地標，符合ESG指標｜預約尊榮鑑賞 遠雄房地產 聯上智科,/buildings/5vo1/,1,1,1,1,11
google / cpc,20250616_品牌字,【聯上智科】輝達軸線核心｜北士科福國路首排，純商辦地標，符合ESG指標｜預約尊榮鑑賞 遠雄房地產 聯上智科,/buildings/5vo1/,1,1,1,1,15
webnews / 5vo1,202508,【聯上智科】輝達軸線核心｜北士科福國路首排，純商辦地標，符合ESG指標｜預約尊榮鑑賞 遠雄房地產 聯上智科,/buildings/5vo1/,1,1,1,1,0
webnews / 5vo1,20251120,【聯上智科】輝達軸線核心｜北士科福國路首排，純商辦地標，符合ESG指標｜預約尊榮鑑賞 遠雄房地產 聯上智科,/buildings/5vo1/,1,1,1,1,0
line-lap / 5vo1,20251123_1102,【聯上智科】輝達軸線核心｜北士科福國路首排，純商辦地標，符合ESG指標｜預約尊榮鑑賞 遠雄房地產 聯上智科,/buildings/5vo1/,1,1,1,1,61
google_gdn / 5vo1,20251124_1101,【聯上智科】輝達軸線核心｜北士科福國路首排，純商辦地標，符合ESG指標｜預約尊榮鑑賞 遠雄房地產 聯上智科,/buildings/5vo1/,1,1,1,1,0
yahoo_native / 5vo1,20251124_1101,【聯上智科】輝達軸線核心｜北士科福國路首排，純商辦地標，符合ESG指標｜預約尊榮鑑賞 遠雄房地產 聯上智科,/buildings/5vo1/,1,1,1,1,0
line-lap / eh2,20260701A,【聯上智科】輝達軸線核心｜北士科福國路首排，純商辦地標，符合ESG指標｜預約尊榮鑑賞 遠雄房地產 聯上智科,/buildings/5vo1/,1,1,1,1,0
google_kw / hm2,202608,【聯上智科】輝達軸線核心｜北士科福國路首排，純商辦地標，符合ESG指標｜預約尊榮鑑賞 遠雄房地產 聯上智科,/buildings/5vo1/,1,1,1,1,0
google_gdn / 5vo1,2601-1,【聯上智科】輝達軸線核心｜北士科福國路首排，純商辦地標，符合ESG指標｜預約尊榮鑑賞 遠雄房地產 聯上智科,/buildings/5vo1/,1,1,1,1,2
fb / 5vo1,260204,【聯上智科】輝達軸線核心｜北士科福國路首排，純商辦地標，符合ESG指標｜預約尊榮鑑賞 遠雄房地產 聯上智科,/buildings/5vo1/,1,1,3,3,1
fb / 5vo1,260703,【聯上智科】輝達軸線核心｜北士科福國路首排，純商辦地標，符合ESG指標｜預約尊榮鑑賞 遠雄房地產 聯上智科,/buildings/5vo1/,1,1,1,1,0
line-lap / 5vo1,4-1,【聯上智科】輝達軸線核心｜北士科福國路首排，純商辦地標，符合ESG指標｜預約尊榮鑑賞 遠雄房地產 聯上智科,/buildings/5vo1/,1,1,1,1,0
fb / 5vo1,4-5,【聯上智科】輝達軸線核心｜北士科福國路首排，純商辦地標，符合ESG指標｜預約尊榮鑑賞 遠雄房地產 聯上智科,/buildings/5vo1/,1,1,1,1,7
yahoo_native / 5vo1,7-1,【聯上智科】輝達軸線核心｜北士科福國路首排，純商辦地標，符合ESG指標｜預約尊榮鑑賞 遠雄房地產 聯上智科,/buildings/5vo1/,1,1,1,1,9
google / cpc,RSH1-品牌字,【聯上智科】輝達軸線核心｜北士科福國路首排，純商辦地標，符合ESG指標｜預約尊榮鑑賞 遠雄房地產 聯上智科,/buildings/5vo1/,1,1,1,1,5
google / cpc,WDH2-品牌字,【聯上智科】輝達軸線核心｜北士科福國路首排，純商辦地標，符合ESG指標｜預約尊榮鑑賞 遠雄房地產 聯上智科,/buildings/5vo1/,1,1,2,2,38
google / cpc,WDH2-地區字北投,【聯上智科】輝達軸線核心｜北士科福國路首排，純商辦地標，符合ESG指標｜預約尊榮鑑賞 遠雄房地產 聯上智科,/buildings/5vo1/,1,1,3,3,14
google / cpc,WDH2-買房字,【聯上智科】輝達軸線核心｜北士科福國路首排，純商辦地標，符合ESG指標｜預約尊榮鑑賞 遠雄房地產 聯上智科,/buildings/5vo1/,1,1,1,1,21
google / cpc,brand,【聯上智科】輝達軸線核心｜北士科福國路首排，純商辦地標，符合ESG指標｜預約尊榮鑑賞 遠雄房地產 聯上智科,/buildings/5vo1/,1,1,1,1,14
fb / dh2,fb-64,【聯上智科】輝達軸線核心｜北士科福國路首排，純商辦地標，符合ESG指標｜預約尊榮鑑賞 遠雄房地產 聯上智科,/buildings/5vo1/,1,1,1,1,63
fb / ar1,fb13-2,【聯上智科】輝達軸線核心｜北士科福國路首排，純商辦地標，符合ESG指標｜預約尊榮鑑賞 遠雄房地產 聯上智科,/buildings/5vo1/,1,1,2,2,217
fb / eh2,fb18-1,【聯上智科】輝達軸線核心｜北士科福國路首排，純商辦地標，符合ESG指標｜預約尊榮鑑賞 遠雄房地產 聯上智科,/buildings/5vo1/,1,1,1,1,4
fb / o1,fb27-1,【聯上智科】輝達軸線核心｜北士科福國路首排，純商辦地標，符合ESG指標｜預約尊榮鑑賞 遠雄房地產 聯上智科,/buildings/5vo1/,1,1,1,1,17
google / cpc,information1,【聯上智科】輝達軸線核心｜北士科福國路首排，純商辦地標，符合ESG指標｜預約尊榮鑑賞 遠雄房地產 聯上智科,/buildings/5vo1/,1,1,1,1,0
line-lap / bh13,lap-2,【聯上智科】輝達軸線核心｜北士科福國路首排，純商辦地標，符合ESG指標｜預約尊榮鑑賞 遠雄房地產 聯上智科,/buildings/5vo1/,1,1,1,1,8
line-lap / ah1,lap-5,【聯上智科】輝達軸線核心｜北士科福國路首排，純商辦地標，符合ESG指標｜預約尊榮鑑賞 遠雄房地產 聯上智科,/buildings/5vo1/,1,1,1,1,0
line-lap / wdh2,line-lap4-2_600x400,【聯上智科】輝達軸線核心｜北士科福國路首排，純商辦地標，符合ESG指標｜預約尊榮鑑賞 遠雄房地產 聯上智科,/buildings/5vo1/,1,1,1,1,3
web-ltn / wdh2,web-ltn-7-1,【聯上智科】輝達軸線核心｜北士科福國路首排，純商辦地標，符合ESG指標｜預約尊榮鑑賞 遠雄房地產 聯上智科,/buildings/5vo1/,1,1,1,1,29
fbpage / 5vo1,webnews,【聯上智科】輝達軸線核心｜北士科福國路首排，純商辦地標，符合ESG指標｜預約尊榮鑑賞 遠雄房地產 聯上智科,/buildings/5vo1/,1,1,1,1,0
webnews / o1,webnews0415yam,【聯上智科】輝達軸線核心｜北士科福國路首排，純商辦地標，符合ESG指標｜預約尊榮鑑賞 遠雄房地產 聯上智科,/buildings/5vo1/,1,1,1,1,0
(not set),台中全區,【聯上智科】輝達軸線核心｜北士科福國路首排，純商辦地標，符合ESG指標｜預約尊榮鑑賞 遠雄房地產 聯上智科,/buildings/5vo1/,1,1,0,0,6
(not set),生活提案,【聯上智科】輝達軸線核心｜北士科福國路首排，純商辦地標，符合ESG指標｜預約尊榮鑑賞 遠雄房地產 聯上智科,/buildings/5vo1/,1,1,1,1,1
(direct) / (none),(direct),找不到頁面 - 遠雄房地產,/buildings/8fsl01/,1,1,1,1,2
(direct) / (none),(direct),找不到頁面 - 遠雄房地產,/buildings/8fxz01/,1,1,1,1,0
google / cpc,20250305b,找不到頁面 - 遠雄房地產,/buildings/8fxz11/,1,1,1,1,0
(not set),20260805一輪播,(2) 封未讀訊息 | 北士科建案【遠雄明玥】2000坪全街廓只蓋一棟．25-46坪,/buildings/AH1/,1,1,0,0,21
(not set),20260805一輪播,北士科建案【遠雄明玥】2000坪全街廓只蓋一棟．25-46坪,/buildings/AH1/,1,1,1,1,1
webnews / ao1,20240519,找不到頁面 - 遠雄房地產,/buildings/AO1/,1,1,1,1,0
(direct) / (none),(direct),齊興_緻：北士科住宅預售屋，入主北投核心地段，立即預約賞屋,/buildings/AR1/,1,1,1,1,9
(direct) / (none),(direct),北屯敦富路【遠雄敦富】- 北屯機捷預售屋．近好市多,/buildings/BH10/,1,1,1,1,38
(direct) / (none),(direct),遠雄14期首發【遠雄丰尚】北屯新案．漢神洲際購物廣場350m,/buildings/BH11/,1,1,1,1,0
(not set),20260805一輪播,遠雄14期首發【遠雄丰尚】北屯新案．漢神洲際購物廣場350m,/buildings/BH11/,1,1,1,1,8
(not set),20260805一輪播,台中七期．在夏綠地，典藏最優雅的【夏綠蒂】25-38坪,/buildings/BH13/,1,1,1,1,1
(direct) / (none),(direct),遠雄琉蘊 -台中市西屯區七期預售屋/新建案-預約賞屋，遠雄房地產,/buildings/BH5/,1,1,1,1,0
(not set),20260805一輪播,遠雄琉蘊 -台中市西屯區七期預售屋/新建案-預約賞屋，遠雄房地產,/buildings/BH5/,1,1,1,1,0
google / cpc,RSH1-買房字,遠雄藝舍-台中西屯區麥當勞旁金店面-預約賞屋，遠雄房地產,/buildings/BH6/,1,1,2,2,3
(direct) / (none),(direct),台中遠雄洄山行：2-4房方正格局，入主西屯生活圈的質感好宅,/buildings/BH8/,1,1,1,1,0
(not set),20260805一輪播,台中遠雄洄山行：2-4房方正格局，入主西屯生活圈的質感好宅,/buildings/BH8/,1,1,1,1,3
google / cpc,RSH1-買房字,台中遠雄洄山行：2-4房方正格局，入主西屯生活圈的質感好宅,/buildings/BH8/,1,1,2,2,8
google / cpc,RSH1-買房字,水湳遠雄綠美：鄰近綠美圖與中央公園，入主智慧經貿特區預售屋,/buildings/BH9/,1,1,1,1,1
google / organic,(organic),北屯敦富路【遠雄敦富】- 北屯機捷預售屋．近好市多,/buildings/Bh10/,1,1,1,1,2
google / organic,(organic),【遠雄樂元】北屯機捷X好市多，雙首排大道最核心，夠近才最好,/buildings/Bh7/,1,1,1,1,2
google / cpc,(organic),找不到頁面 - 遠雄房地產,/buildings/DH7,1,1,1,1,2
(direct) / (none),(direct),台南永康遠雄山禾：鹽行特區3-4房，鄰商圈與交通樞紐的理想宅,/buildings/Dh2/,1,1,1,1,3
591 / ar1,eeeee,台南永康遠雄山禾：鹽行特區3-4房，鄰商圈與交通樞紐的理想宅,/buildings/Dh2/,1,1,1,1,0
google_kw / bh13,(organic),高雄建案推薦【遠雄峰蘊】- 三民區預售屋．近科工館,/buildings/EH1/,1,1,1,1,20
google / cpc,RSH1-買房字,高雄建案推薦【遠雄峰蘊】- 三民區預售屋．近科工館,/buildings/EH1/,1,1,1,1,8
google_kw / fm3,brand,高雄建案推薦【遠雄峰蘊】- 三民區預售屋．近科工館,/buildings/EH1/,1,1,1,1,3
google_kw / bh13,(organic),遠雄一靚：楠梓高大特區首發新案，2432坪大基地，早鳥預約諮詢中,/buildings/EH2/,1,1,2,2,18
google / organic,(organic),遠雄信義CENTER-新北市板橋區廠辦.商辦/預售新建案-預約賞屋,/buildings/FM3/,1,1,1,1,30
webnews / fm3,20260806,遠雄信義CENTER-新北市板橋區廠辦.商辦/預售新建案-預約賞屋,/buildings/FM3/,1,1,1,1,3
fb / eh6,fb6-2,遠雄信義CENTER-新北市板橋區廠辦.商辦/預售新建案-預約賞屋,/buildings/FM3/,1,1,1,1,0
(direct) / (none),(direct),遠雄星呈-台中市清水區預售屋/新建案-預約賞屋，遠雄房地產,/buildings/H707/,1,1,1,1,0
(direct) / (none),(direct),遠雄MetaLink科技園區 | 3700坪超旗艦 森態企業總部,/buildings/HM2/,1,1,1,1,14
(direct) / (none),(direct),天母蒔麗｜15~25坪．1-2房｜北投行義路，近石牌站,/buildings/WDH2/,1,1,1,1,0
C / B,(not set),(2) 封未讀訊息 | 北士科建案【遠雄明玥】2000坪全街廓只蓋一棟．25-46坪,/buildings/ah1/,1,1,0,0,1
google / cpc,WDH2-品牌字,(2) 封未讀訊息 | 北士科建案【遠雄明玥】2000坪全街廓只蓋一棟．25-46坪,/buildings/ah1/,1,1,0,0,46
(not set),(not set),北士科建案【遠雄明玥】2000坪全街廓只蓋一棟．25-46坪,/buildings/ah1/,1,1,1,1,47
C / B,(not set),北士科建案【遠雄明玥】2000坪全街廓只蓋一棟．25-46坪,/buildings/ah1/,1,1,1,1,1
10.77.55.125 / referral,(referral),北士科建案【遠雄明玥】2000坪全街廓只蓋一棟．25-46坪,/buildings/ah1/,1,1,3,3,35
farglory-land.com.tw / referral,(referral),北士科建案【遠雄明玥】2000坪全街廓只蓋一棟．25-46坪,/buildings/ah1/,1,1,3,3,136
m.facebook.com / referral,(referral),北士科建案【遠雄明玥】2000坪全街廓只蓋一棟．25-46坪,/buildings/ah1/,1,1,1,1,0
webnews / h707,202501,北士科建案【遠雄明玥】2000坪全街廓只蓋一棟．25-46坪,/buildings/ah1/,1,1,1,1,3
web / ah2,202501-mot,北士科建案【遠雄明玥】2000坪全街廓只蓋一棟．25-46坪,/buildings/ah1/,1,1,1,1,8
google_kw / 5vo1,202604,北士科建案【遠雄明玥】2000坪全街廓只蓋一棟．25-46坪,/buildings/ah1/,1,1,2,2,36
(not set),20260618一輪播,北士科建案【遠雄明玥】2000坪全街廓只蓋一棟．25-46坪,/buildings/ah1/,1,1,1,1,16
google_kw / hm2,202607,北士科建案【遠雄明玥】2000坪全街廓只蓋一棟．25-46坪,/buildings/ah1/,1,1,1,1,56
(not set),20260702一輪播,北士科建案【遠雄明玥】2000坪全街廓只蓋一棟．25-46坪,/buildings/ah1/,1,1,1,1,114
google / cpc,Competitor,北士科建案【遠雄明玥】2000坪全街廓只蓋一棟．25-46坪,/buildings/ah1/,1,1,1,1,27
google / cpc,O1_競品字_2025.0801,北士科建案【遠雄明玥】2000坪全街廓只蓋一棟．25-46坪,/buildings/ah1/,1,1,1,1,22
google / cpc,RSH1-地區字新北,北士科建案【遠雄明玥】2000坪全街廓只蓋一棟．25-46坪,/buildings/ah1/,1,1,1,1,52
google / cpc,WDH2-地區字,北士科建案【遠雄明玥】2000坪全街廓只蓋一棟．25-46坪,/buildings/ah1/,1,1,2,2,56
fb / ah1,fb-10,北士科建案【遠雄明玥】2000坪全街廓只蓋一棟．25-46坪,/buildings/ah1/,1,1,1,1,0
fb / dh2,fb-64,北士科建案【遠雄明玥】2000坪全街廓只蓋一棟．25-46坪,/buildings/ah1/,1,1,1,1,9
fb / wdh2,fb7-1,北士科建案【遠雄明玥】2000坪全街廓只蓋一棟．25-46坪,/buildings/ah1/,1,1,1,1,55
fb / wdh2,fbfanpage0703,北士科建案【遠雄明玥】2000坪全街廓只蓋一棟．25-46坪,/buildings/ah1/,1,1,1,1,80
google / cpc,gdn-2,北士科建案【遠雄明玥】2000坪全街廓只蓋一棟．25-46坪,/buildings/ah1/,1,1,1,1,15
google / cpc,gdn-4,北士科建案【遠雄明玥】2000坪全街廓只蓋一棟．25-46坪,/buildings/ah1/,1,1,3,3,18
googlemap / H109,googlemap,北士科建案【遠雄明玥】2000坪全街廓只蓋一棟．25-46坪,/buildings/ah1/,1,1,1,1,31
line-lap / ah1,lap-1,北士科建案【遠雄明玥】2000坪全街廓只蓋一棟．25-46坪,/buildings/ah1/,1,1,1,1,0
google / cpc,lbs,北士科建案【遠雄明玥】2000坪全街廓只蓋一棟．25-46坪,/buildings/ah1/,1,1,1,1,17
fb / fh2,lbs-sms202608,北士科建案【遠雄明玥】2000坪全街廓只蓋一棟．25-46坪,/buildings/ah1/,1,1,1,1,35
fb / wdh2,lbs-sms202608,北士科建案【遠雄明玥】2000坪全街廓只蓋一棟．25-46坪,/buildings/ah1/,1,1,1,1,39
leju / ah2,lejupage,北士科建案【遠雄明玥】2000坪全街廓只蓋一棟．25-46坪,/buildings/ah1/,1,1,1,1,57
line-lap / wdh2,line-lap4-3_600x400,北士科建案【遠雄明玥】2000坪全街廓只蓋一棟．25-46坪,/buildings/ah1/,1,1,1,1,0
line / wdh2,lineqa,北士科建案【遠雄明玥】2000坪全街廓只蓋一棟．25-46坪,/buildings/ah1/,1,1,0,0,22
webnews / eh2,moneyudn_202512,北士科建案【遠雄明玥】2000坪全街廓只蓋一棟．25-46坪,/buildings/ah1/,1,1,1,1,135
google / organic,北投士林,北士科建案【遠雄明玥】2000坪全街廓只蓋一棟．25-46坪,/buildings/ah1/,1,1,1,1,18
ig / paid,120210744263750402,(1) 封未讀訊息 | 北士科遠雄泱玥：水岸首排57-75坪大器空間，坐擁絕美壯闊景觀,/buildings/ah2/,1,1,0,0,5
C / B,(not set),(2) 封未讀訊息 | 北士科遠雄泱玥：水岸首排57-75坪大器空間，坐擁絕美壯闊景觀,/buildings/ah2/,1,1,0,0,22
C / B,(not set),北士科遠雄泱玥：水岸首排57-75坪大器空間，坐擁絕美壯闊景觀,/buildings/ah2/,1,1,1,1,0
google / cpc,(not set),北士科遠雄泱玥：水岸首排57-75坪大器空間，坐擁絕美壯闊景觀,/buildings/ah2/,1,1,1,1,0
google / cpc,(organic),北士科遠雄泱玥：水岸首排57-75坪大器空間，坐擁絕美壯闊景觀,/buildings/ah2/,1,1,1,1,41
google_kw / bh13,(organic),北士科遠雄泱玥：水岸首排57-75坪大器空間，坐擁絕美壯闊景觀,/buildings/ah2/,1,1,1,1,18
farglory-land.com.tw / referral,(referral),北士科遠雄泱玥：水岸首排57-75坪大器空間，坐擁絕美壯闊景觀,/buildings/ah2/,1,1,1,1,65
farglory.com.tw / referral,(referral),北士科遠雄泱玥：水岸首排57-75坪大器空間，坐擁絕美壯闊景觀,/buildings/ah2/,1,1,1,1,12
m.facebook.com / referral,(referral),北士科遠雄泱玥：水岸首排57-75坪大器空間，坐擁絕美壯闊景觀,/buildings/ah2/,1,1,1,1,0
fb / O1,120227538157820464,北士科遠雄泱玥：水岸首排57-75坪大器空間，坐擁絕美壯闊景觀,/buildings/ah2/,1,1,1,1,53
fb / bh13,120242182236150678,北士科遠雄泱玥：水岸首排57-75坪大器空間，坐擁絕美壯闊景觀,/buildings/ah2/,1,1,1,1,6
fb / paid,120243863028150416,北士科遠雄泱玥：水岸首排57-75坪大器空間，坐擁絕美壯闊景觀,/buildings/ah2/,1,1,2,2,436
webnews / h707,202501,北士科遠雄泱玥：水岸首排57-75坪大器空間，坐擁絕美壯闊景觀,/buildings/ah2/,1,1,3,3,2
web / ah2,202501-belle,北士科遠雄泱玥：水岸首排57-75坪大器空間，坐擁絕美壯闊景觀,/buildings/ah2/,1,1,1,1,0
web / ah2,202501-lavie,北士科遠雄泱玥：水岸首排57-75坪大器空間，坐擁絕美壯闊景觀,/buildings/ah2/,1,1,1,1,2
web / ah2,202501-magazine,北士科遠雄泱玥：水岸首排57-75坪大器空間，坐擁絕美壯闊景觀,/buildings/ah2/,1,1,1,1,39
google / cpc,20250616_北投士林豪宅/別墅,北士科遠雄泱玥：水岸首排57-75坪大器空間，坐擁絕美壯闊景觀,/buildings/ah2/,1,1,1,1,34
google / cpc,20250616_品牌字,北士科遠雄泱玥：水岸首排57-75坪大器空間，坐擁絕美壯闊景觀,/buildings/ah2/,1,1,1,1,97
webnews / ar1,20250618,北士科遠雄泱玥：水岸首排57-75坪大器空間，坐擁絕美壯闊景觀,/buildings/ah2/,1,1,1,1,41
web-ettoday / ah2,20250701,北士科遠雄泱玥：水岸首排57-75坪大器空間，坐擁絕美壯闊景觀,/buildings/ah2/,1,1,1,1,4
google_kw / hm2,202603,北士科遠雄泱玥：水岸首排57-75坪大器空間，坐擁絕美壯闊景觀,/buildings/ah2/,1,1,1,1,20
(not set),20260702一輪播,北士科遠雄泱玥：水岸首排57-75坪大器空間，坐擁絕美壯闊景觀,/buildings/ah2/,1,1,1,1,6
webnews / fm3,20260806,北士科遠雄泱玥：水岸首排57-75坪大器空間，坐擁絕美壯闊景觀,/buildings/ah2/,1,1,1,1,63
fb / hm2,20260824-1,北士科遠雄泱玥：水岸首排57-75坪大器空間，坐擁絕美壯闊景觀,/buildings/ah2/,1,1,1,1,2
google_gdn / 5vo1,7-4,北士科遠雄泱玥：水岸首排57-75坪大器空間，坐擁絕美壯闊景觀,/buildings/ah2/,1,1,1,1,2
line-lap / 5vo1,7-4,北士科遠雄泱玥：水岸首排57-75坪大器空間，坐擁絕美壯闊景觀,/buildings/ah2/,1,1,1,1,26
google / cpc,Competitor,北士科遠雄泱玥：水岸首排57-75坪大器空間，坐擁絕美壯闊景觀,/buildings/ah2/,1,1,1,1,9
GDC / (not set),GDCbuilding/遠雄新宿-21.html,北士科遠雄泱玥：水岸首排57-75坪大器空間，坐擁絕美壯闊景觀,/buildings/ah2/,1,1,1,1,0
google / cpc,RSH1-地區字新北,北士科遠雄泱玥：水岸首排57-75坪大器空間，坐擁絕美壯闊景觀,/buildings/ah2/,1,1,1,1,37
google / cpc,WDH2-品牌字,北士科遠雄泱玥：水岸首排57-75坪大器空間，坐擁絕美壯闊景觀,/buildings/ah2/,1,1,1,1,23
google / cpc,WDH2-買房字,北士科遠雄泱玥：水岸首排57-75坪大器空間，坐擁絕美壯闊景觀,/buildings/ah2/,1,1,1,1,55
google_kw / fm3,brand,北士科遠雄泱玥：水岸首排57-75坪大器空間，坐擁絕美壯闊景觀,/buildings/ah2/,1,1,1,1,1
google_kw / bh10,competitor-farglory,北士科遠雄泱玥：水岸首排57-75坪大器空間，坐擁絕美壯闊景觀,/buildings/ah2/,1,1,1,1,20
fb / ah2,fb-1,北士科遠雄泱玥：水岸首排57-75坪大器空間，坐擁絕美壯闊景觀,/buildings/ah2/,1,1,1,1,34
fb / fm3,fb15-2,北士科遠雄泱玥：水岸首排57-75坪大器空間，坐擁絕美壯闊景觀,/buildings/ah2/,1,1,1,1,269
google_kw / ah1,googlemap,北士科遠雄泱玥：水岸首排57-75坪大器空間，坐擁絕美壯闊景觀,/buildings/ah2/,1,1,1,1,4
fb / ar1,privacy,北士科遠雄泱玥：水岸首排57-75坪大器空間，坐擁絕美壯闊景觀,/buildings/ah2/,1,1,1,1,0
(not set),台中西屯,北士科遠雄泱玥：水岸首排57-75坪大器空間，坐擁絕美壯闊景觀,/buildings/ah2/,1,1,1,1,16
(not set),高雄全區,北士科遠雄泱玥：水岸首排57-75坪大器空間，坐擁絕美壯闊景觀,/buildings/ah2/,1,1,1,1,16
(direct) / (none),(direct),找不到頁面 - 遠雄房地產,/buildings/aitest,1,1,1,1,0
google / organic,(organic),找不到頁面 - 遠雄房地產,/buildings/ao1/,1,1,1,1,3
gdn / ao1,20240409b,找不到頁面 - 遠雄房地產,/buildings/ao1/,1,1,1,1,0
line-lap / ao1,20240612_6-1,找不到頁面 - 遠雄房地產,/buildings/ao1/,1,1,1,1,0
yahoo_native / ao1,20240612_6-2-1,找不到頁面 - 遠雄房地產,/buildings/ao1/,1,1,1,1,2
line-lap / ao1,20240612_6-2-2,找不到頁面 - 遠雄房地產,/buildings/ao1/,1,1,1,1,0
google_kw / 5vo1,202604,找不到頁面 - 遠雄房地產,/buildings/ao1/,1,1,2,2,4
gdn / ao1,pmax_20250203,找不到頁面 - 遠雄房地產,/buildings/ao1/,1,1,1,1,0
gdn / ao1,pmax_20250326,找不到頁面 - 遠雄房地產,/buildings/ao1/,1,1,4,4,0
google_kw / hm2,sitelink,找不到頁面 - 遠雄房地產,/buildings/ao1/,1,1,1,1,4
(not set),20260813一輪播,(1) 封未讀訊息 | 齊興_緻：北士科住宅預售屋，入主北投核心地段，立即預約賞屋,/buildings/ar1/,1,1,0,0,4
LINE-Liff / bh11,202607-AI,(2) 封未讀訊息 | 齊興_緻：北士科住宅預售屋，入主北投核心地段，立即預約賞屋,/buildings/ar1/,1,1,0,0,0
google / cpc,20250616_品牌字,"Qi Xing_Zhi: Pre-sale apartments in Beishike residential area, move into the heart of Beitou, book a viewing now!",/buildings/ar1/,1,1,0,0,6
google / cpc,(organic),齊興_緻：北士科住宅預售屋，入主北投核心地段，立即預約賞屋,/buildings/ar1/,1,1,1,1,11
google_kw / h713,(referral),齊興_緻：北士科住宅預售屋，入主北投核心地段，立即預約賞屋,/buildings/ar1/,1,1,1,1,0
liff.line.me / referral,(referral),齊興_緻：北士科住宅預售屋，入主北投核心地段，立即預約賞屋,/buildings/ar1/,1,1,1,1,75
tong-yuan.com.tw / referral,(referral),齊興_緻：北士科住宅預售屋，入主北投核心地段，立即預約賞屋,/buildings/ar1/,1,1,1,1,71
google_kw / AR1,20250616_台北豪宅/別墅,齊興_緻：北士科住宅預售屋，入主北投核心地段，立即預約賞屋,/buildings/ar1/,1,1,1,1,0
google_kw / AR1,20250616_品牌字,齊興_緻：北士科住宅預售屋，入主北投核心地段，立即預約賞屋,/buildings/ar1/,1,1,1,1,0
line-lap / ar1,20260413-7-1,齊興_緻：北士科住宅預售屋，入主北投核心地段，立即預約賞屋,/buildings/ar1/,1,1,1,1,0
LINE-Liff / bh11,202607-AI,齊興_緻：北士科住宅預售屋，入主北投核心地段，立即預約賞屋,/buildings/ar1/,1,1,1,1,1
LINE-Liff / bh8,202607-AI,齊興_緻：北士科住宅預售屋，入主北投核心地段，立即預約賞屋,/buildings/ar1/,1,1,1,1,1
fg-line / ar1,20260724,齊興_緻：北士科住宅預售屋，入主北投核心地段，立即預約賞屋,/buildings/ar1/,1,1,1,1,142
fg-line / ar1,20260828,齊興_緻：北士科住宅預售屋，入主北投核心地段，立即預約賞屋,/buildings/ar1/,1,1,0,0,0
google / cpc,BH8-建案相關,齊興_緻：北士科住宅預售屋，入主北投核心地段，立即預約賞屋,/buildings/ar1/,1,1,1,1,8
google / cpc,WDH2-地區字北投,齊興_緻：北士科住宅預售屋，入主北投核心地段，立即預約賞屋,/buildings/ar1/,1,1,1,1,16
google / cpc,WDH2-競品字,齊興_緻：北士科住宅預售屋，入主北投核心地段，立即預約賞屋,/buildings/ar1/,1,1,1,1,7
google / cpc,WDH2-買房字,齊興_緻：北士科住宅預售屋，入主北投核心地段，立即預約賞屋,/buildings/ar1/,1,1,1,1,6
google / cpc,banqiao,齊興_緻：北士科住宅預售屋，入主北投核心地段，立即預約賞屋,/buildings/ar1/,1,1,2,2,123
google_kw / fm3,brand,齊興_緻：北士科住宅預售屋，入主北投核心地段，立即預約賞屋,/buildings/ar1/,1,1,1,1,22
bridgewell / ar1,eeee,齊興_緻：北士科住宅預售屋，入主北投核心地段，立即預約賞屋,/buildings/ar1/,1,1,2,2,7
fg / bh11,eeee,齊興_緻：北士科住宅預售屋，入主北投核心地段，立即預約賞屋,/buildings/ar1/,1,1,1,1,0
fgr-line / fgr,expert_hoshichang_vacancy-rate,齊興_緻：北士科住宅預售屋，入主北投核心地段，立即預約賞屋,/buildings/ar1/,1,1,1,1,2
google_kw / AR1,extension,齊興_緻：北士科住宅預售屋，入主北投核心地段，立即預約賞屋,/buildings/ar1/,1,1,1,1,0
fb / evp,fanpage,齊興_緻：北士科住宅預售屋，入主北投核心地段，立即預約賞屋,/buildings/ar1/,1,1,1,1,42
fb / dh2,fb-64,齊興_緻：北士科住宅預售屋，入主北投核心地段，立即預約賞屋,/buildings/ar1/,1,1,1,1,5
fb / ar1,fb15-4,齊興_緻：北士科住宅預售屋，入主北投核心地段，立即預約賞屋,/buildings/ar1/,1,1,1,1,0
fb / ar1,fb4-1,齊興_緻：北士科住宅預售屋，入主北投核心地段，立即預約賞屋,/buildings/ar1/,1,1,1,1,0
fb / wdh2,fbfanpage,齊興_緻：北士科住宅預售屋，入主北投核心地段，立即預約賞屋,/buildings/ar1/,1,1,2,2,142
google / cpc,gdn-4,齊興_緻：北士科住宅預售屋，入主北投核心地段，立即預約賞屋,/buildings/ar1/,1,1,1,1,10
line-lap / bh13,lap-4,齊興_緻：北士科住宅預售屋，入主北投核心地段，立即預約賞屋,/buildings/ar1/,1,1,1,1,41
google / cpc,lbs,齊興_緻：北士科住宅預售屋，入主北投核心地段，立即預約賞屋,/buildings/ar1/,1,1,1,1,26
leju / ah2,lejupage,齊興_緻：北士科住宅預售屋，入主北投核心地段，立即預約賞屋,/buildings/ar1/,1,1,2,2,40
google / cpc,newtaipei,齊興_緻：北士科住宅預售屋，入主北投核心地段，立即預約賞屋,/buildings/ar1/,1,1,2,2,28
web-ltn / wdh2,web-ltn-7-1,齊興_緻：北士科住宅預售屋，入主北投核心地段，立即預約賞屋,/buildings/ar1/,1,1,1,1,153
fgr-line / fgr,生活提案,找不到頁面 - 遠雄房地產,/buildings/b h10/,1,1,1,1,0
(direct) / (none),(direct),(1) 封未讀訊息 | 北屯敦富路【遠雄敦富】- 北屯機捷預售屋．近好市多,/buildings/bh10/,1,1,0,0,16
google_kw / bh10,information5,(1) 封未讀訊息 | 北屯敦富路【遠雄敦富】- 北屯機捷預售屋．近好市多,/buildings/bh10/,1,1,0,0,6
C / B,(not set),(2) 封未讀訊息 | 北屯敦富路【遠雄敦富】- 北屯機捷預售屋．近好市多,/buildings/bh10/,1,1,0,0,6
google_kw / bh10,taichung,"[Farglory Dunfu], Dunfu Road, Beitun - Pre-sale apartments near Beitun Airport MRT Station. Close to Costco.",/buildings/bh10/,1,1,1,1,3
C / B,(not set),北屯敦富路【遠雄敦富】- 北屯機捷預售屋．近好市多,/buildings/bh10/,1,1,1,1,0
web-sms / (not set),(not set),北屯敦富路【遠雄敦富】- 北屯機捷預售屋．近好市多,/buildings/bh10/,1,1,1,1,6
google_kw / h713,(organic),北屯敦富路【遠雄敦富】- 北屯機捷預售屋．近好市多,/buildings/bh10/,1,1,1,1,10
10.77.55.125 / referral,(referral),北屯敦富路【遠雄敦富】- 北屯機捷預售屋．近好市多,/buildings/bh10/,1,1,1,1,15
leeho.com.tw / referral,(referral),北屯敦富路【遠雄敦富】- 北屯機捷預售屋．近好市多,/buildings/bh10/,1,1,1,1,0
m.baidu.com / referral,(referral),北屯敦富路【遠雄敦富】- 北屯機捷預售屋．近好市多,/buildings/bh10/,1,1,1,1,0
storm.mg / referral,(referral),北屯敦富路【遠雄敦富】- 北屯機捷預售屋．近好市多,/buildings/bh10/,1,1,1,1,0
tw.search.yahoo.com / referral,(referral),北屯敦富路【遠雄敦富】- 北屯機捷預售屋．近好市多,/buildings/bh10/,1,1,3,3,4
gdn / hm2,0601GDN,北屯敦富路【遠雄敦富】- 北屯機捷預售屋．近好市多,/buildings/bh10/,1,1,1,1,0
fb / paid,120229456515280138,北屯敦富路【遠雄敦富】- 北屯機捷預售屋．近好市多,/buildings/bh10/,1,1,1,1,3
fb / paid,120233718740630316,北屯敦富路【遠雄敦富】- 北屯機捷預售屋．近好市多,/buildings/bh10/,1,1,1,1,0
ig / paid,120233718740630316,北屯敦富路【遠雄敦富】- 北屯機捷預售屋．近好市多,/buildings/bh10/,1,1,2,2,125
(not set),20260429一輪播,北屯敦富路【遠雄敦富】- 北屯機捷預售屋．近好市多,/buildings/bh10/,1,1,1,1,28
news / bh13,20260508,北屯敦富路【遠雄敦富】- 北屯機捷預售屋．近好市多,/buildings/bh10/,1,1,1,1,2
fb / bh10,20260618一輪播,北屯敦富路【遠雄敦富】- 北屯機捷預售屋．近好市多,/buildings/bh10/,1,1,1,1,17
fb / bh5,60-1,北屯敦富路【遠雄敦富】- 北屯機捷預售屋．近好市多,/buildings/bh10/,1,1,1,1,357
google / cpc,BH8-品牌字,北屯敦富路【遠雄敦富】- 北屯機捷預售屋．近好市多,/buildings/bh10/,1,1,1,1,15
google / cpc,BH8-建案相關,北屯敦富路【遠雄敦富】- 北屯機捷預售屋．近好市多,/buildings/bh10/,1,1,1,1,47
google / cpc,BH8-競品字,北屯敦富路【遠雄敦富】- 北屯機捷預售屋．近好市多,/buildings/bh10/,1,1,4,4,111
sms / aep-cdp,CRM-001-D,北屯敦富路【遠雄敦富】- 北屯機捷預售屋．近好市多,/buildings/bh10/,1,1,1,1,0
google / cpc,beitun,北屯敦富路【遠雄敦富】- 北屯機捷預售屋．近好市多,/buildings/bh10/,1,1,1,1,61
google / cpc,core,北屯敦富路【遠雄敦富】- 北屯機捷預售屋．近好市多,/buildings/bh10/,1,1,1,1,162
fb / bh10,fb20266-1video,北屯敦富路【遠雄敦富】- 北屯機捷預售屋．近好市多,/buildings/bh10/,1,1,1,1,0
fb / bh10,fb20267-4,北屯敦富路【遠雄敦富】- 北屯機捷預售屋．近好市多,/buildings/bh10/,1,1,1,1,0
fb / bh10,fb20267-5,北屯敦富路【遠雄敦富】- 北屯機捷預售屋．近好市多,/buildings/bh10/,1,1,1,1,0
fb / bh8,fb28-2,北屯敦富路【遠雄敦富】- 北屯機捷預售屋．近好市多,/buildings/bh10/,1,1,1,1,42
fb / bh10,fb9-2,北屯敦富路【遠雄敦富】- 北屯機捷預售屋．近好市多,/buildings/bh10/,1,1,1,1,0
fb / bh10,fb9-5,北屯敦富路【遠雄敦富】- 北屯機捷預售屋．近好市多,/buildings/bh10/,1,1,1,1,0
fb / bh10,fbfanpage0509,北屯敦富路【遠雄敦富】- 北屯機捷預售屋．近好市多,/buildings/bh10/,1,1,1,1,0
fb / bh10,fbfanpage0510,北屯敦富路【遠雄敦富】- 北屯機捷預售屋．近好市多,/buildings/bh10/,1,1,1,1,36
fb / bh10,fbfanpage0725,北屯敦富路【遠雄敦富】- 北屯機捷預售屋．近好市多,/buildings/bh10/,1,1,1,1,0
fb / bh10,fbfanpage1212,北屯敦富路【遠雄敦富】- 北屯機捷預售屋．近好市多,/buildings/bh10/,1,1,2,2,52
fb / bh10,fbigmana,北屯敦富路【遠雄敦富】- 北屯機捷預售屋．近好市多,/buildings/bh10/,1,1,1,1,24
gdn / bh10,gdn202502-2,北屯敦富路【遠雄敦富】- 北屯機捷預售屋．近好市多,/buildings/bh10/,1,1,1,1,0
google_kw / bh10,information7,北屯敦富路【遠雄敦富】- 北屯機捷預售屋．近好市多,/buildings/bh10/,1,1,1,1,6
fb / ar1,leads,北屯敦富路【遠雄敦富】- 北屯機捷預售屋．近好市多,/buildings/bh10/,1,1,2,2,0
fb / bh11,leads,北屯敦富路【遠雄敦富】- 北屯機捷預售屋．近好市多,/buildings/bh10/,1,1,1,1,56
fb / bh5,leads,北屯敦富路【遠雄敦富】- 北屯機捷預售屋．近好市多,/buildings/bh10/,1,1,1,1,48
line-lap / bh10,line-lap20252-5,北屯敦富路【遠雄敦富】- 北屯機捷預售屋．近好市多,/buildings/bh10/,1,1,2,2,44
line-lap / bh10,line-lap20256-8,北屯敦富路【遠雄敦富】- 北屯機捷預售屋．近好市多,/buildings/bh10/,1,1,1,1,0
line-lap / bh10,line-lap20257-1,北屯敦富路【遠雄敦富】- 北屯機捷預售屋．近好市多,/buildings/bh10/,1,1,1,1,0
line-lap / bh10,line-lap7-2,北屯敦富路【遠雄敦富】- 北屯機捷預售屋．近好市多,/buildings/bh10/,1,1,1,1,0
fb / bh10,line0802,北屯敦富路【遠雄敦富】- 北屯機捷預售屋．近好市多,/buildings/bh10/,1,1,1,1,0
mydachi / bh10,mydachiwebsite1217,北屯敦富路【遠雄敦富】- 北屯機捷預售屋．近好市多,/buildings/bh10/,1,1,1,1,20
web / bh11,popup_ai_202608,北屯敦富路【遠雄敦富】- 北屯機捷預售屋．近好市多,/buildings/bh10/,1,1,1,1,42
print / bh10,printdm,北屯敦富路【遠雄敦富】- 北屯機捷預售屋．近好市多,/buildings/bh10/,1,1,1,1,83
web-ettoday / bh10,webettoday-1122,北屯敦富路【遠雄敦富】- 北屯機捷預售屋．近好市多,/buildings/bh10/,1,1,1,1,281
web-udn / bh10,webudn0919,北屯敦富路【遠雄敦富】- 北屯機捷預售屋．近好市多,/buildings/bh10/,1,1,1,1,0
(not set),台中北屯,北屯敦富路【遠雄敦富】- 北屯機捷預售屋．近好市多,/buildings/bh10/,1,1,1,1,19
google_kw / bh1.2,品牌字,北屯敦富路【遠雄敦富】- 北屯機捷預售屋．近好市多,/buildings/bh10/,1,1,1,1,0
fgr-line / fgr,生活提案,北屯敦富路【遠雄敦富】- 北屯機捷預售屋．近好市多,/buildings/bh10/,1,1,2,2,19
(not set),高雄楠梓,北屯敦富路【遠雄敦富】- 北屯機捷預售屋．近好市多,/buildings/bh10/,1,1,1,1,22
google / cpc,gdn-4,(1) 封未讀訊息 | 遠雄14期首發【遠雄丰尚】北屯新案．漢神洲際購物廣場350m,/buildings/bh11/,1,1,0,0,8
(direct) / (none),(direct),(13) 封未讀訊息 | 遠雄14期首發【遠雄丰尚】北屯新案．近漢神洲際百貨,/buildings/bh11/,1,1,0,0,24
(not set),20260828一輪播,(2) 封未讀訊息 | 遠雄14期首發【遠雄丰尚】北屯新案．漢神洲際購物廣場350m,/buildings/bh11/,1,1,0,0,3
web-sms / BH11,fb_ad,(2) 封未讀訊息 | 遠雄14期首發【遠雄丰尚】北屯新案．漢神洲際購物廣場350m,/buildings/bh11/,1,1,0,0,10
591 / ar1,eeeee,(2) 封未讀訊息 | 遠雄14期首發【遠雄丰尚】北屯新案．近漢神洲際百貨,/buildings/bh11/,1,1,0,0,2
(direct) / (none),(direct),(4) 封未讀訊息 | 遠雄14期首發【遠雄丰尚】北屯新案．近漢神洲際百貨,/buildings/bh11/,1,1,0,0,11
(direct) / (none),(direct),(7) 封未讀訊息 | 遠雄14期首發【遠雄丰尚】北屯新案．近漢神洲際百貨,/buildings/bh11/,1,1,0,0,2
google / cpc,corearea0701,"Lanzamiento de la Fase 14 de Farglory: Farglory Fengshang, un nuevo proyecto en Beitun. A 350 metros del centro comercial Hanshin Intercontinental Shopping Plaza.",/buildings/bh11/,1,1,0,0,58
chatgpt.com / ai-assistant,(ai-assistant),遠雄14期首發【遠雄丰尚】北屯新案．漢神洲際購物廣場350m,/buildings/bh11/,1,1,1,1,1
sms / (not set),(not set),遠雄14期首發【遠雄丰尚】北屯新案．漢神洲際購物廣場350m,/buildings/bh11/,1,1,1,1,71
bing / organic,(organic),遠雄14期首發【遠雄丰尚】北屯新案．漢神洲際購物廣場350m,/buildings/bh11/,1,1,1,1,61
10.77.55.125 / referral,(referral),遠雄14期首發【遠雄丰尚】北屯新案．漢神洲際購物廣場350m,/buildings/bh11/,1,1,2,2,13
farglory-land.com.tw / referral,(referral),遠雄14期首發【遠雄丰尚】北屯新案．漢神洲際購物廣場350m,/buildings/bh11/,1,1,2,2,170
google / cpc,(referral),遠雄14期首發【遠雄丰尚】北屯新案．漢神洲際購物廣場350m,/buildings/bh11/,1,1,1,1,36
l.instagram.com / referral,(referral),遠雄14期首發【遠雄丰尚】北屯新案．漢神洲際購物廣場350m,/buildings/bh11/,1,1,1,1,0
news.google.com / referral,(referral),遠雄14期首發【遠雄丰尚】北屯新案．漢神洲際購物廣場350m,/buildings/bh11/,1,1,1,1,0
tw.search.yahoo.com / referral,(referral),遠雄14期首發【遠雄丰尚】北屯新案．漢神洲際購物廣場350m,/buildings/bh11/,1,1,1,1,68
gdn / hm2,0601GDN,遠雄14期首發【遠雄丰尚】北屯新案．漢神洲際購物廣場350m,/buildings/bh11/,1,1,1,1,46
fb / bh13,1,遠雄14期首發【遠雄丰尚】北屯新案．漢神洲際購物廣場350m,/buildings/bh11/,1,1,2,2,38
fb / O1,120227538157820464,遠雄14期首發【遠雄丰尚】北屯新案．漢神洲際購物廣場350m,/buildings/bh11/,1,1,1,1,11
google / cpc,20250829,遠雄14期首發【遠雄丰尚】北屯新案．漢神洲際購物廣場350m,/buildings/bh11/,1,1,1,1,5
line / bh11,20250918,遠雄14期首發【遠雄丰尚】北屯新案．漢神洲際購物廣場350m,/buildings/bh11/,1,1,1,1,0
news / bh13,20260508,遠雄14期首發【遠雄丰尚】北屯新案．漢神洲際購物廣場350m,/buildings/bh11/,1,1,1,1,135
google_kw / hm2,202607,遠雄14期首發【遠雄丰尚】北屯新案．漢神洲際購物廣場350m,/buildings/bh11/,1,1,1,1,0
line-lap / eh2,20260701A,遠雄14期首發【遠雄丰尚】北屯新案．漢神洲際購物廣場350m,/buildings/bh11/,1,1,1,1,1
line-lap / eh2,20260701B,遠雄14期首發【遠雄丰尚】北屯新案．漢神洲際購物廣場350m,/buildings/bh11/,1,1,1,1,1
line-lap / eh2,20260701C,遠雄14期首發【遠雄丰尚】北屯新案．漢神洲際購物廣場350m,/buildings/bh11/,1,1,3,3,28
(not set),20260702一輪播,遠雄14期首發【遠雄丰尚】北屯新案．漢神洲際購物廣場350m,/buildings/bh11/,1,1,1,1,9
line / bh11,26_2-2,遠雄14期首發【遠雄丰尚】北屯新案．漢神洲際購物廣場350m,/buildings/bh11/,1,1,1,1,0
fb / bh7,28,遠雄14期首發【遠雄丰尚】北屯新案．漢神洲際購物廣場350m,/buildings/bh11/,1,1,2,2,67
fb / bh11,3-9,遠雄14期首發【遠雄丰尚】北屯新案．漢神洲際購物廣場350m,/buildings/bh11/,1,1,1,1,16
fb / bh11,7-1,遠雄14期首發【遠雄丰尚】北屯新案．漢神洲際購物廣場350m,/buildings/bh11/,1,1,1,1,0
google_gdn / 5vo1,7-1,遠雄14期首發【遠雄丰尚】北屯新案．漢神洲際購物廣場350m,/buildings/bh11/,1,1,1,1,0
google_gdn / 5vo1,7-4,遠雄14期首發【遠雄丰尚】北屯新案．漢神洲際購物廣場350m,/buildings/bh11/,1,1,1,1,0
line-lap / 5vo1,7-4,遠雄14期首發【遠雄丰尚】北屯新案．漢神洲際購物廣場350m,/buildings/bh11/,1,1,1,1,16
google / cpc,BH8-品牌字,遠雄14期首發【遠雄丰尚】北屯新案．漢神洲際購物廣場350m,/buildings/bh11/,1,1,1,1,67
google / cpc,BH8-地區字,遠雄14期首發【遠雄丰尚】北屯新案．漢神洲際購物廣場350m,/buildings/bh11/,1,1,3,3,219
sms / aep-cdp,CRM-001-D,遠雄14期首發【遠雄丰尚】北屯新案．漢神洲際購物廣場350m,/buildings/bh11/,1,1,1,1,30
web-sms / bh11,CRM-213-D,遠雄14期首發【遠雄丰尚】北屯新案．漢神洲際購物廣場350m,/buildings/bh11/,1,1,3,3,14
web-sms / bh11,CRM-304-D,遠雄14期首發【遠雄丰尚】北屯新案．漢神洲際購物廣場350m,/buildings/bh11/,1,1,2,2,119
google / cpc,O1_地區字_2025.0801,遠雄14期首發【遠雄丰尚】北屯新案．漢神洲際購物廣場350m,/buildings/bh11/,1,1,1,1,40
google / cpc,RSH1-買房字,遠雄14期首發【遠雄丰尚】北屯新案．漢神洲際購物廣場350m,/buildings/bh11/,1,1,1,1,1
google / cpc,area,遠雄14期首發【遠雄丰尚】北屯新案．漢神洲際購物廣場350m,/buildings/bh11/,1,1,1,1,2
google_kw / bh10,beitun,遠雄14期首發【遠雄丰尚】北屯新案．漢神洲際購物廣場350m,/buildings/bh11/,1,1,1,1,15
google_kw / fm3,competitor,遠雄14期首發【遠雄丰尚】北屯新案．漢神洲際購物廣場350m,/buildings/bh11/,1,1,1,1,0
fgr-line / fgr,expert_hoshichang_vacancy-rate,遠雄14期首發【遠雄丰尚】北屯新案．漢神洲際購物廣場350m,/buildings/bh11/,1,1,1,1,9
fgr-line / fgr,expert_zhu_tax-notice,遠雄14期首發【遠雄丰尚】北屯新案．漢神洲際購物廣場350m,/buildings/bh11/,1,1,1,1,132
fb / evp,fanpage,遠雄14期首發【遠雄丰尚】北屯新案．漢神洲際購物廣場350m,/buildings/bh11/,1,1,1,1,0
fb / bh8,fb30-3,遠雄14期首發【遠雄丰尚】北屯新案．漢神洲際購物廣場350m,/buildings/bh11/,1,1,1,1,110
line-lap / eh6,fb5-7,遠雄14期首發【遠雄丰尚】北屯新案．漢神洲際購物廣場350m,/buildings/bh11/,1,1,1,1,0
fb / wdh2,fb7-1,遠雄14期首發【遠雄丰尚】北屯新案．漢神洲際購物廣場350m,/buildings/bh11/,1,1,1,1,0
fb / bh11,fbfanpage,遠雄14期首發【遠雄丰尚】北屯新案．漢神洲際購物廣場350m,/buildings/bh11/,1,1,1,1,0
fb / bh11,fbfanpage0506,遠雄14期首發【遠雄丰尚】北屯新案．漢神洲際購物廣場350m,/buildings/bh11/,1,1,1,1,0
fb / bh10,fblead,遠雄14期首發【遠雄丰尚】北屯新案．漢神洲際購物廣場350m,/buildings/bh11/,1,1,1,1,0
fb / bh7,fbpage,遠雄14期首發【遠雄丰尚】北屯新案．漢神洲際購物廣場350m,/buildings/bh11/,1,1,1,1,37
fb / eh6,form,遠雄14期首發【遠雄丰尚】北屯新案．漢神洲際購物廣場350m,/buildings/bh11/,1,1,1,1,18
fg-hotel / oceanpark,homepage-0311,遠雄14期首發【遠雄丰尚】北屯新案．漢神洲際購物廣場350m,/buildings/bh11/,1,1,1,1,1
google / cpc,information6,遠雄14期首發【遠雄丰尚】北屯新案．漢神洲際購物廣場350m,/buildings/bh11/,1,1,1,1,8
google_kw / bh11,landmark0829,遠雄14期首發【遠雄丰尚】北屯新案．漢神洲際購物廣場350m,/buildings/bh11/,1,1,1,1,0
google / cpc,lbs,遠雄14期首發【遠雄丰尚】北屯新案．漢神洲際購物廣場350m,/buildings/bh11/,1,1,1,1,7
leju / bh11,leju_buildingpage,遠雄14期首發【遠雄丰尚】北屯新案．漢神洲際購物廣場350m,/buildings/bh11/,1,1,1,1,23
line-lap / wdh2,line-lap4-2_600x400,遠雄14期首發【遠雄丰尚】北屯新案．漢神洲際購物廣場350m,/buildings/bh11/,1,1,2,2,146
line-lap / rsh1,line-lap4-5,遠雄14期首發【遠雄丰尚】北屯新案．漢神洲際購物廣場350m,/buildings/bh11/,1,1,1,1,77
google / cpc,pmax,遠雄14期首發【遠雄丰尚】北屯新案．漢神洲際購物廣場350m,/buildings/bh11/,1,1,1,1,1
fb / eh6,privacy,遠雄14期首發【遠雄丰尚】北屯新案．漢神洲際購物廣場350m,/buildings/bh11/,1,1,1,1,17
google / cpc,project,遠雄14期首發【遠雄丰尚】北屯新案．漢神洲際購物廣場350m,/buildings/bh11/,1,1,1,1,16
google_kw / hm2,sitelink,遠雄14期首發【遠雄丰尚】北屯新案．漢神洲際購物廣場350m,/buildings/bh11/,1,1,1,1,20
web / bh10,web-Google map,遠雄14期首發【遠雄丰尚】北屯新案．漢神洲際購物廣場350m,/buildings/bh11/,1,1,1,1,12
google / organic,生活提案,遠雄14期首發【遠雄丰尚】北屯新案．漢神洲際購物廣場350m,/buildings/bh11/,1,1,1,1,34
google_kw / bh13,(not set),遠雄14期首發【遠雄丰尚】北屯新案．近漢神洲際百貨,/buildings/bh11/,1,1,1,1,27
google_kw / h713,(not set),遠雄14期首發【遠雄丰尚】北屯新案．近漢神洲際百貨,/buildings/bh11/,1,1,2,2,50
google_kw / h713,(organic),遠雄14期首發【遠雄丰尚】北屯新案．近漢神洲際百貨,/buildings/bh11/,1,1,1,1,0
access.line.me / referral,(referral),遠雄14期首發【遠雄丰尚】北屯新案．近漢神洲際百貨,/buildings/bh11/,1,1,1,1,4
l.facebook.com / referral,(referral),遠雄14期首發【遠雄丰尚】北屯新案．近漢神洲際百貨,/buildings/bh11/,1,1,1,1,122
test / test,(referral),遠雄14期首發【遠雄丰尚】北屯新案．近漢神洲際百貨,/buildings/bh11/,1,1,2,2,17
fb / bh11,11-2,遠雄14期首發【遠雄丰尚】北屯新案．近漢神洲際百貨,/buildings/bh11/,1,1,2,2,63
fb / bh11,12-4,遠雄14期首發【遠雄丰尚】北屯新案．近漢神洲際百貨,/buildings/bh11/,1,1,1,1,26
google / cpc,20260113-12-4,遠雄14期首發【遠雄丰尚】北屯新案．近漢神洲際百貨,/buildings/bh11/,1,1,1,1,0
google_kw / hm2,202607,遠雄14期首發【遠雄丰尚】北屯新案．近漢神洲際百貨,/buildings/bh11/,1,1,1,1,46
LINE-Liff / bh8,202607-AI,遠雄14期首發【遠雄丰尚】北屯新案．近漢神洲際百貨,/buildings/bh11/,1,1,1,1,0
(not set),20260805一輪播,遠雄14期首發【遠雄丰尚】北屯新案．近漢神洲際百貨,/buildings/bh11/,1,1,0,0,0
fb / bh11,7-1,遠雄14期首發【遠雄丰尚】北屯新案．近漢神洲際百貨,/buildings/bh11/,1,1,1,1,0
fb / bh11,7-4,遠雄14期首發【遠雄丰尚】北屯新案．近漢神洲際百貨,/buildings/bh11/,1,1,1,1,0
google / cpc,BH8-品牌字,遠雄14期首發【遠雄丰尚】北屯新案．近漢神洲際百貨,/buildings/bh11/,1,1,1,1,9
google / cpc,BH8-地區字,遠雄14期首發【遠雄丰尚】北屯新案．近漢神洲際百貨,/buildings/bh11/,1,1,1,1,8
google / cpc,BH8-建案相關,遠雄14期首發【遠雄丰尚】北屯新案．近漢神洲際百貨,/buildings/bh11/,1,1,1,1,9
web-sms / bh11,CRM-005-D,遠雄14期首發【遠雄丰尚】北屯新案．近漢神洲際百貨,/buildings/bh11/,1,1,1,1,4
google / cpc,O1_特色字_2025.0801,遠雄14期首發【遠雄丰尚】北屯新案．近漢神洲際百貨,/buildings/bh11/,1,1,1,1,67
google / cpc,RSH1-品牌字,遠雄14期首發【遠雄丰尚】北屯新案．近漢神洲際百貨,/buildings/bh11/,1,1,1,1,13
google / cpc,beitun,遠雄14期首發【遠雄丰尚】北屯新案．近漢神洲際百貨,/buildings/bh11/,1,1,1,1,12
google_kw / bh11,brand0701,遠雄14期首發【遠雄丰尚】北屯新案．近漢神洲際百貨,/buildings/bh11/,1,1,1,1,0
google / cpc,core,遠雄14期首發【遠雄丰尚】北屯新案．近漢神洲際百貨,/buildings/bh11/,1,1,1,1,18
591 / ar1,eeeee,遠雄14期首發【遠雄丰尚】北屯新案．近漢神洲際百貨,/buildings/bh11/,1,1,2,2,0
youtube / fgr,expert_zhu_legal-reserve,遠雄14期首發【遠雄丰尚】北屯新案．近漢神洲際百貨,/buildings/bh11/,1,1,1,1,0
fb / dh2,fb-64,遠雄14期首發【遠雄丰尚】北屯新案．近漢神洲際百貨,/buildings/bh11/,1,1,1,1,72
fb / eh6,fb4-2,遠雄14期首發【遠雄丰尚】北屯新案．近漢神洲際百貨,/buildings/bh11/,1,1,1,1,0
google / cpc,gdn-4,遠雄14期首發【遠雄丰尚】北屯新案．近漢神洲際百貨,/buildings/bh11/,1,1,1,1,55
google / cpc,information1,遠雄14期首發【遠雄丰尚】北屯新案．近漢神洲際百貨,/buildings/bh11/,1,1,1,1,0
google_kw / bh11,information2,遠雄14期首發【遠雄丰尚】北屯新案．近漢神洲際百貨,/buildings/bh11/,1,1,1,1,8
google_kw / bh10,information6,遠雄14期首發【遠雄丰尚】北屯新案．近漢神洲際百貨,/buildings/bh11/,1,1,1,1,44
google_kw / bh11,landmark0829,遠雄14期首發【遠雄丰尚】北屯新案．近漢神洲際百貨,/buildings/bh11/,1,1,1,1,0
leju / bh11,leju_buildingpage,遠雄14期首發【遠雄丰尚】北屯新案．近漢神洲際百貨,/buildings/bh11/,1,1,1,1,18
line-lap / rsh1,line-lap4-5,遠雄14期首發【遠雄丰尚】北屯新案．近漢神洲際百貨,/buildings/bh11/,1,1,1,1,202
google / organic,(organic),(1) 封未讀訊息 | 台中七期．在夏綠地，典藏最優雅的【夏綠蒂】25-38坪,/buildings/bh13/,1,1,0,0,10
fb / bh13,120242182236150678,(1) 封未讀訊息 | 台中七期．在夏綠地，典藏最優雅的【夏綠蒂】25-38坪,/buildings/bh13/,1,1,0,0,0
google_kw / bh13,(organic),(2) 封未讀訊息 | 台中七期．在夏綠地，典藏最優雅的【夏綠蒂】25-38坪,/buildings/bh13/,1,1,1,1,61
news / bh13,20260508,(2) 封未讀訊息 | 台中七期．在夏綠地，典藏最優雅的【夏綠蒂】25-38坪,/buildings/bh13/,1,1,0,0,19
LINE-Liff / bh11,202607-AI,(2) 封未讀訊息 | 台中七期．在夏綠地，典藏最優雅的【夏綠蒂】25-38坪,/buildings/bh13/,1,1,0,0,3
line-lap / bh13,lap-4,(2) 封未讀訊息 | 台中七期．在夏綠地，典藏最優雅的【夏綠蒂】25-38坪,/buildings/bh13/,1,1,1,1,24
chatgpt.com / ai-assistant,(ai-assistant),"In Taichung's 7th Redevelopment Zone, in the Charlottenburg area, lies the most elegant collection of residences, ranging from 25 to 38 pings.",/buildings/bh13/,1,1,1,1,29
google / cpc,BH8-競品字,"In Taichung's 7th Redevelopment Zone, in the Charlottenburg area, lies the most elegant collection of residences, ranging from 25 to 38 pings.",/buildings/bh13/,1,1,0,0,0
google / cpc,gdn-4,"In Taichung's 7th Redevelopment Zone, in the Charlottenburg area, lies the most elegant collection of residences, ranging from 25 to 38 pings.",/buildings/bh13/,1,1,0,0,4
google_kw / bh13,(organic),"Tại Khu Tái phát triển số 7 của Đài Trung, thuộc khu vực Charlottenburg, tọa lạc bộ sưu tập các khu dân cư sang trọng bậc nhất, với diện tích từ 25 đến 38 ping.",/buildings/bh13/,1,1,0,0,27
google / cpc,gdn-4,"Tại Khu Tái phát triển số 7 của Đài Trung, thuộc khu vực Charlottenburg, tọa lạc bộ sưu tập các khu dân cư sang trọng bậc nhất, với diện tích từ 25 đến 38 ping.",/buildings/bh13/,1,1,0,0,177
google_kw / bh5,(not set),台中七期．在夏綠地，典藏最優雅的【夏綠蒂】25-38坪,/buildings/bh13/,1,1,1,1,82
line / bh5,(not set),台中七期．在夏綠地，典藏最優雅的【夏綠蒂】25-38坪,/buildings/bh13/,1,1,1,1,1
sms / (not set),(not set),台中七期．在夏綠地，典藏最優雅的【夏綠蒂】25-38坪,/buildings/bh13/,1,1,1,1,78
google_kw / bh5,(organic),台中七期．在夏綠地，典藏最優雅的【夏綠蒂】25-38坪,/buildings/bh13/,1,1,1,1,1
104.com.tw / referral,(referral),台中七期．在夏綠地，典藏最優雅的【夏綠蒂】25-38坪,/buildings/bh13/,1,1,1,1,36
access.line.me / referral,(referral),台中七期．在夏綠地，典藏最優雅的【夏綠蒂】25-38坪,/buildings/bh13/,1,1,1,1,0
cn.bing.com / referral,(referral),台中七期．在夏綠地，典藏最優雅的【夏綠蒂】25-38坪,/buildings/bh13/,1,1,1,1,11
facebook.com / referral,(referral),台中七期．在夏綠地，典藏最優雅的【夏綠蒂】25-38坪,/buildings/bh13/,1,1,1,1,0
l.facebook.com / referral,(referral),台中七期．在夏綠地，典藏最優雅的【夏綠蒂】25-38坪,/buildings/bh13/,1,1,1,1,2
mkto-sn070013.com / referral,(referral),台中七期．在夏綠地，典藏最優雅的【夏綠蒂】25-38坪,/buildings/bh13/,1,1,1,1,83
teams.public.onecdn.static.microsoft / referral,(referral),台中七期．在夏綠地，典藏最優雅的【夏綠蒂】25-38坪,/buildings/bh13/,1,1,1,1,3
line-lap / hm2,0601,台中七期．在夏綠地，典藏最優雅的【夏綠蒂】25-38坪,/buildings/bh13/,1,1,2,2,0
gdn / hm2,0601GDN,台中七期．在夏綠地，典藏最優雅的【夏綠蒂】25-38坪,/buildings/bh13/,1,1,1,1,121
fb / eh1,11-1,台中七期．在夏綠地，典藏最優雅的【夏綠蒂】25-38坪,/buildings/bh13/,1,1,1,1,1
fb / bh11,11-2,台中七期．在夏綠地，典藏最優雅的【夏綠蒂】25-38坪,/buildings/bh13/,1,1,1,1,1
fb / paid,120229456515280138,台中七期．在夏綠地，典藏最優雅的【夏綠蒂】25-38坪,/buildings/bh13/,1,1,1,1,0
google / cpc,20250616_品牌字,台中七期．在夏綠地，典藏最優雅的【夏綠蒂】25-38坪,/buildings/bh13/,1,1,1,1,6
google_kw / 5vo1,202604,台中七期．在夏綠地，典藏最優雅的【夏綠蒂】25-38坪,/buildings/bh13/,1,1,1,1,11
LINE-Liff / bh11,202607-AI,台中七期．在夏綠地，典藏最優雅的【夏綠蒂】25-38坪,/buildings/bh13/,1,1,1,1,0
line-lap / eh2,20260701B,台中七期．在夏綠地，典藏最優雅的【夏綠蒂】25-38坪,/buildings/bh13/,1,1,1,1,0
google_kw / hm2,202608,台中七期．在夏綠地，典藏最優雅的【夏綠蒂】25-38坪,/buildings/bh13/,1,1,1,1,7
line-lap / h707,3,台中七期．在夏綠地，典藏最優雅的【夏綠蒂】25-38坪,/buildings/bh13/,1,1,1,1,49
gdn / hm2,4-2pmax,台中七期．在夏綠地，典藏最優雅的【夏綠蒂】25-38坪,/buildings/bh13/,1,1,1,1,1
gdn / hm2,4-2pmaxv2,台中七期．在夏綠地，典藏最優雅的【夏綠蒂】25-38坪,/buildings/bh13/,1,1,1,1,8
fb / bh13,6,台中七期．在夏綠地，典藏最優雅的【夏綠蒂】25-38坪,/buildings/bh13/,1,1,1,1,0
gdn / hm2,6-1pmax,台中七期．在夏綠地，典藏最優雅的【夏綠蒂】25-38坪,/buildings/bh13/,1,1,1,1,74
line-lap / 5vo1,7-1,台中七期．在夏綠地，典藏最優雅的【夏綠蒂】25-38坪,/buildings/bh13/,1,1,1,1,0
google / cpc,BH8-建案相關,台中七期．在夏綠地，典藏最優雅的【夏綠蒂】25-38坪,/buildings/bh13/,1,1,1,1,4
sms / aep-cdp,CRM-001-D,台中七期．在夏綠地，典藏最優雅的【夏綠蒂】25-38坪,/buildings/bh13/,1,1,1,1,62
google / cpc,General_Office,台中七期．在夏綠地，典藏最優雅的【夏綠蒂】25-38坪,/buildings/bh13/,1,1,1,1,4
google / cpc,O1_特色字_2025.0801,台中七期．在夏綠地，典藏最優雅的【夏綠蒂】25-38坪,/buildings/bh13/,1,1,1,1,5
google / cpc,WDH2-競品字,台中七期．在夏綠地，典藏最優雅的【夏綠蒂】25-38坪,/buildings/bh13/,1,1,4,4,14
web-sms / bh11,ai_202607,台中七期．在夏綠地，典藏最優雅的【夏綠蒂】25-38坪,/buildings/bh13/,1,1,2,2,103
google / cpc,area,台中七期．在夏綠地，典藏最優雅的【夏綠蒂】25-38坪,/buildings/bh13/,1,1,1,1,1
google_kw / fm3,brand,台中七期．在夏綠地，典藏最優雅的【夏綠蒂】25-38坪,/buildings/bh13/,1,1,1,1,24
google_kw / bh10,brand-generic,台中七期．在夏綠地，典藏最優雅的【夏綠蒂】25-38坪,/buildings/bh13/,1,1,1,1,0
google / cpc,competitor,台中七期．在夏綠地，典藏最優雅的【夏綠蒂】25-38坪,/buildings/bh13/,1,1,1,1,3
google_kw / bh8,competitor,台中七期．在夏綠地，典藏最優雅的【夏綠蒂】25-38坪,/buildings/bh13/,1,1,1,1,35
google_kw / bh10,competitor-developer,台中七期．在夏綠地，典藏最優雅的【夏綠蒂】25-38坪,/buildings/bh13/,1,1,1,1,9
google / cpc,competitor0701,台中七期．在夏綠地，典藏最優雅的【夏綠蒂】25-38坪,/buildings/bh13/,1,1,1,1,17
fb / dh2,fb-64,台中七期．在夏綠地，典藏最優雅的【夏綠蒂】25-38坪,/buildings/bh13/,1,1,1,1,22
fb / bh10,fb20268-1,台中七期．在夏綠地，典藏最優雅的【夏綠蒂】25-38坪,/buildings/bh13/,1,1,1,1,0
fb / bh8,fb28-2,台中七期．在夏綠地，典藏最優雅的【夏綠蒂】25-38坪,/buildings/bh13/,1,1,1,1,6
fb / eh5,fb37-6,台中七期．在夏綠地，典藏最優雅的【夏綠蒂】25-38坪,/buildings/bh13/,1,1,1,1,26
line-lap / eh6,fb5-2,台中七期．在夏綠地，典藏最優雅的【夏綠蒂】25-38坪,/buildings/bh13/,1,1,1,1,2
line-lap / eh6,fb5-4,台中七期．在夏綠地，典藏最優雅的【夏綠蒂】25-38坪,/buildings/bh13/,1,1,1,1,63
fb / bh10,fbfanpage,台中七期．在夏綠地，典藏最優雅的【夏綠蒂】25-38坪,/buildings/bh13/,1,1,1,1,22
google / cpc,gdn-dgc-stage,台中七期．在夏綠地，典藏最優雅的【夏綠蒂】25-38坪,/buildings/bh13/,1,1,1,1,23
socialmedia / bh11,googlemap,台中七期．在夏綠地，典藏最優雅的【夏綠蒂】25-38坪,/buildings/bh13/,1,1,2,2,23
fb / dh2,leads,台中七期．在夏綠地，典藏最優雅的【夏綠蒂】25-38坪,/buildings/bh13/,1,1,1,1,5
line-lap / rsh1,line-lap4-2,台中七期．在夏綠地，典藏最優雅的【夏綠蒂】25-38坪,/buildings/bh13/,1,1,1,1,0
line-lap / wdh2,line-lap4-2,台中七期．在夏綠地，典藏最優雅的【夏綠蒂】25-38坪,/buildings/bh13/,1,1,1,1,2
line-lap / wdh2,line-lap4-3_600x400,台中七期．在夏綠地，典藏最優雅的【夏綠蒂】25-38坪,/buildings/bh13/,1,1,1,1,1
google_kw / rsh1,newtaipei,台中七期．在夏綠地，典藏最優雅的【夏綠蒂】25-38坪,/buildings/bh13/,1,1,1,1,2
web / bh11,popup_ai_202608,台中七期．在夏綠地，典藏最優雅的【夏綠蒂】25-38坪,/buildings/bh13/,1,1,1,1,44
google / cpc,project,台中七期．在夏綠地，典藏最優雅的【夏綠蒂】25-38坪,/buildings/bh13/,1,1,1,1,3
google_kw / bh10,taichung,台中七期．在夏綠地，典藏最優雅的【夏綠蒂】25-38坪,/buildings/bh13/,1,1,1,1,24
web-ltn / wdh2,web-ltn-7-1,台中七期．在夏綠地，典藏最優雅的【夏綠蒂】25-38坪,/buildings/bh13/,1,1,1,1,78
youtube / bh10,youtubemana,台中七期．在夏綠地，典藏最優雅的【夏綠蒂】25-38坪,/buildings/bh13/,1,1,1,1,1
(not set),生活提案,台中七期．在夏綠地，典藏最優雅的【夏綠蒂】25-38坪,/buildings/bh13/,1,1,1,1,2
google / cpc,gdn-4,台中七期．在夏绿地，典藏最优雅的【夏绿蒂】25-38坪,/buildings/bh13/,1,1,0,0,108
line-lap / bh13,lap-4,台中七期．在夏绿地，典藏最优雅的【夏绿蒂】25-38坪,/buildings/bh13/,1,1,1,1,0
google / cpc,(not set),台中七期．在夏綠地，典藏最優雅的【夏綠蒂】25-38坪,/buildings/bh13//,1,1,1,1,0
googlemap / bh2,googlemap,Page Not Found - Farglory Real Estate,/buildings/bh2/,1,1,1,1,16
line-lap / bh2,20221201,找不到頁面 - 遠雄房地產,/buildings/bh2/,1,1,1,1,0
google / cpc,20221201_回應式,找不到頁面 - 遠雄房地產,/buildings/bh2/,1,1,1,1,0
web-businessweekly / bh2,20221223,找不到頁面 - 遠雄房地產,/buildings/bh2/,1,1,1,1,3
google_kw / bh13,(not set),(1) 封未讀訊息 | 遠雄琉蘊 -台中市西屯區七期預售屋/新建案-預約賞屋，遠雄房地產,/buildings/bh5/,1,1,0,0,33
fb / bh5,leads,(1) 封未讀訊息 | 遠雄琉蘊 -台中市西屯區七期預售屋/新建案-預約賞屋，遠雄房地產,/buildings/bh5/,1,1,0,0,0
C / B,(not set),(2) 封未讀訊息 | 遠雄琉蘊 -台中市西屯區七期預售屋/新建案-預約賞屋，遠雄房地產,/buildings/bh5/,1,1,0,0,3
chatgpt.com / ai-assistant,(ai-assistant),"Farglory Liuyun - Pre-sale/New Construction Project in Xitun District, Taichung City - Schedule a Viewing - Farglory Real Estate",/buildings/bh5/,1,1,0,0,13
google / cpc,(not set),"Farglory Liuyun - Pre-sale/New Construction Project in Xitun District, Taichung City - Schedule a Viewing - Farglory Real Estate",/buildings/bh5/,1,1,0,0,32
google / cpc,(organic),"Farglory Liuyun - Pre-sale/New Construction Project in Xitun District, Taichung City - Schedule a Viewing - Farglory Real Estate",/buildings/bh5/,1,1,1,1,8
(not set),(not set),遠雄琉蘊 -台中市西屯區七期預售屋/新建案-預約賞屋，遠雄房地產,/buildings/bh5/,1,1,1,1,0
C / B,(not set),遠雄琉蘊 -台中市西屯區七期預售屋/新建案-預約賞屋，遠雄房地產,/buildings/bh5/,1,1,1,1,0
web-sms / (not set),(not set),遠雄琉蘊 -台中市西屯區七期預售屋/新建案-預約賞屋，遠雄房地產,/buildings/bh5/,1,1,1,1,91
google_kw / bh5,(organic),遠雄琉蘊 -台中市西屯區七期預售屋/新建案-預約賞屋，遠雄房地產,/buildings/bh5/,1,1,1,1,2
yahoo / organic,(organic),遠雄琉蘊 -台中市西屯區七期預售屋/新建案-預約賞屋，遠雄房地產,/buildings/bh5/,1,1,1,1,30
console-v2.omnichat.ai / referral,(referral),遠雄琉蘊 -台中市西屯區七期預售屋/新建案-預約賞屋，遠雄房地產,/buildings/bh5/,1,1,1,1,30
mkto-sn070013.com / referral,(referral),遠雄琉蘊 -台中市西屯區七期預售屋/新建案-預約賞屋，遠雄房地產,/buildings/bh5/,1,1,1,1,0
teams.public.onecdn.static.microsoft / referral,(referral),遠雄琉蘊 -台中市西屯區七期預售屋/新建案-預約賞屋，遠雄房地產,/buildings/bh5/,1,1,0,0,0
fb / bh13,1,遠雄琉蘊 -台中市西屯區七期預售屋/新建案-預約賞屋，遠雄房地產,/buildings/bh5/,1,1,2,2,103
fb / bh5,11,遠雄琉蘊 -台中市西屯區七期預售屋/新建案-預約賞屋，遠雄房地產,/buildings/bh5/,1,1,1,1,0
webnews / bh5,11307,遠雄琉蘊 -台中市西屯區七期預售屋/新建案-預約賞屋，遠雄房地產,/buildings/bh5/,1,1,1,1,0
fb / O1,120227538157820464,遠雄琉蘊 -台中市西屯區七期預售屋/新建案-預約賞屋，遠雄房地產,/buildings/bh5/,1,1,1,1,37
fb / bh13,120242354949540678,遠雄琉蘊 -台中市西屯區七期預售屋/新建案-預約賞屋，遠雄房地產,/buildings/bh5/,1,1,1,1,21
webnews / h707,20240328,遠雄琉蘊 -台中市西屯區七期預售屋/新建案-預約賞屋，遠雄房地產,/buildings/bh5/,1,1,1,1,1
news / bh13,20260508,遠雄琉蘊 -台中市西屯區七期預售屋/新建案-預約賞屋，遠雄房地產,/buildings/bh5/,1,1,1,1,15
(not set),20260618一輪播,遠雄琉蘊 -台中市西屯區七期預售屋/新建案-預約賞屋，遠雄房地產,/buildings/bh5/,1,1,1,1,4
fb / bh5,58,遠雄琉蘊 -台中市西屯區七期預售屋/新建案-預約賞屋，遠雄房地產,/buildings/bh5/,1,1,1,1,219
google / cpc,WDH2-競品字,遠雄琉蘊 -台中市西屯區七期預售屋/新建案-預約賞屋，遠雄房地產,/buildings/bh5/,1,1,1,1,21
google / cpc,beitun,遠雄琉蘊 -台中市西屯區七期預售屋/新建案-預約賞屋，遠雄房地產,/buildings/bh5/,1,1,1,1,48
google_kw / bh10,beitun,遠雄琉蘊 -台中市西屯區七期預售屋/新建案-預約賞屋，遠雄房地產,/buildings/bh5/,1,1,1,1,23
google_kw / bh8,brand,遠雄琉蘊 -台中市西屯區七期預售屋/新建案-預約賞屋，遠雄房地產,/buildings/bh5/,1,1,1,1,96
google_kw / fm3,brand,遠雄琉蘊 -台中市西屯區七期預售屋/新建案-預約賞屋，遠雄房地產,/buildings/bh5/,1,1,2,2,67
google_kw / bh10,brand-generic,遠雄琉蘊 -台中市西屯區七期預售屋/新建案-預約賞屋，遠雄房地產,/buildings/bh5/,1,1,1,1,4
google_kw / bh10,competitor-farglory,遠雄琉蘊 -台中市西屯區七期預售屋/新建案-預約賞屋，遠雄房地產,/buildings/bh5/,1,1,1,1,207
google / cpc,corearea0701,遠雄琉蘊 -台中市西屯區七期預售屋/新建案-預約賞屋，遠雄房地產,/buildings/bh5/,1,1,1,1,48
fb / ar1,fb13-2,遠雄琉蘊 -台中市西屯區七期預售屋/新建案-預約賞屋，遠雄房地產,/buildings/bh5/,1,1,2,2,0
web-sms / bh8,fb_ad,遠雄琉蘊 -台中市西屯區七期預售屋/新建案-預約賞屋，遠雄房地產,/buildings/bh5/,1,1,1,1,122
fb / eh5,form,遠雄琉蘊 -台中市西屯區七期預售屋/新建案-預約賞屋，遠雄房地產,/buildings/bh5/,1,1,1,1,120
fb / eh6,form,遠雄琉蘊 -台中市西屯區七期預售屋/新建案-預約賞屋，遠雄房地產,/buildings/bh5/,1,1,1,1,0
google_kw / eh6,googlemap,遠雄琉蘊 -台中市西屯區七期預售屋/新建案-預約賞屋，遠雄房地產,/buildings/bh5/,1,1,1,1,6
google / cpc,lbs,遠雄琉蘊 -台中市西屯區七期預售屋/新建案-預約賞屋，遠雄房地產,/buildings/bh5/,1,1,1,1,0
fb / wdh2,lbs-sms202608,遠雄琉蘊 -台中市西屯區七期預售屋/新建案-預約賞屋，遠雄房地產,/buildings/bh5/,1,1,1,1,0
fb / eh2,leads,遠雄琉蘊 -台中市西屯區七期預售屋/新建案-預約賞屋，遠雄房地產,/buildings/bh5/,1,1,1,1,0
line-lap / rsh1,line-lap4-2,遠雄琉蘊 -台中市西屯區七期預售屋/新建案-預約賞屋，遠雄房地產,/buildings/bh5/,1,1,1,1,25
(not set),台中全區,遠雄琉蘊 -台中市西屯區七期預售屋/新建案-預約賞屋，遠雄房地產,/buildings/bh5/,1,1,1,1,56
(not set),生活提案,遠雄琉蘊 -台中市西屯區七期預售屋/新建案-預約賞屋，遠雄房地產,/buildings/bh5/,1,1,2,2,0
C / B,(not set),(2) 封未讀訊息 | 遠雄藝舍-台中西屯區麥當勞旁金店面-預約賞屋，遠雄房地產,/buildings/bh6/,1,1,0,0,1
122.146.13.233 / referral,(referral),遠雄藝舍-台中西屯區麥當勞旁金店面-預約賞屋，遠雄房地產,/buildings/bh6/,1,1,1,1,0
fb / bh13,11,遠雄藝舍-台中西屯區麥當勞旁金店面-預約賞屋，遠雄房地產,/buildings/bh6/,1,1,1,1,13
google / cpc,20230710,遠雄藝舍-台中西屯區麥當勞旁金店面-預約賞屋，遠雄房地產,/buildings/bh6/,1,1,1,1,0
(not set),20260618一輪播,遠雄藝舍-台中西屯區麥當勞旁金店面-預約賞屋，遠雄房地產,/buildings/bh6/,1,1,1,1,41
google_kw / hm2,202607,遠雄藝舍-台中西屯區麥當勞旁金店面-預約賞屋，遠雄房地產,/buildings/bh6/,1,1,1,1,15
(not set),20260813一輪播,遠雄藝舍-台中西屯區麥當勞旁金店面-預約賞屋，遠雄房地產,/buildings/bh6/,1,1,1,1,15
(not set),20260828一輪播,遠雄藝舍-台中西屯區麥當勞旁金店面-預約賞屋，遠雄房地產,/buildings/bh6/,1,1,1,1,8
google / cpc,BH8-地區字,遠雄藝舍-台中西屯區麥當勞旁金店面-預約賞屋，遠雄房地產,/buildings/bh6/,1,1,1,1,77
google_kw / bh10,brand,遠雄藝舍-台中西屯區麥當勞旁金店面-預約賞屋，遠雄房地產,/buildings/bh6/,1,1,1,1,73
google / cpc,gdn-4,遠雄藝舍-台中西屯區麥當勞旁金店面-預約賞屋，遠雄房地產,/buildings/bh6/,1,1,2,2,94
fb / h713,leads,遠雄藝舍-台中西屯區麥當勞旁金店面-預約賞屋，遠雄房地產,/buildings/bh6/,1,1,1,1,37
ig / paid,120229456515280138,(1) 封未讀訊息 | 【遠雄樂元】北屯機捷X好市多，雙首排大道最核心，夠近才最好,/buildings/bh7/,1,1,0,0,26
C / B,(not set),(2) 封未讀訊息 | 【遠雄樂元】北屯機捷X好市多，雙首排大道最核心，夠近才最好,/buildings/bh7/,1,1,0,0,10
google / cpc,brand0701,(2) 封未讀訊息 | 【遠雄樂元】北屯機捷X好市多，雙首排大道最核心，夠近才最好,/buildings/bh7/,1,1,0,0,12
google / cpc,othercities_brand,(2) 封未讀訊息 | 【遠雄樂元】北屯機捷X好市多，雙首排大道最核心，夠近才最好,/buildings/bh7/,1,1,0,0,0
google / cpc,competitor,(5) 封未讀訊息 | 【遠雄樂元】北屯機捷X好市多，雙首排大道最核心，夠近才最好,/buildings/bh7/,1,1,0,0,14
google / cpc,brand,【远雄乐元】北屯机捷X好市多，双首排大道最核心，够近才最好,/buildings/bh7/,1,1,1,1,425
(not set),(not set),【遠雄樂元】北屯機捷X好市多，雙首排大道最核心，夠近才最好,/buildings/bh7/,1,1,2,2,147
C / B,(not set),【遠雄樂元】北屯機捷X好市多，雙首排大道最核心，夠近才最好,/buildings/bh7/,1,1,1,1,0
google / cpc,(not set),【遠雄樂元】北屯機捷X好市多，雙首排大道最核心，夠近才最好,/buildings/bh7/,1,1,2,2,5
google_kw / h713,(not set),【遠雄樂元】北屯機捷X好市多，雙首排大道最核心，夠近才最好,/buildings/bh7/,1,1,1,1,38
web-sms / (not set),(not set),【遠雄樂元】北屯機捷X好市多，雙首排大道最核心，夠近才最好,/buildings/bh7/,1,1,1,1,81
10.77.55.125 / referral,(referral),【遠雄樂元】北屯機捷X好市多，雙首排大道最核心，夠近才最好,/buildings/bh7/,1,1,1,1,26
104.com.tw / referral,(referral),【遠雄樂元】北屯機捷X好市多，雙首排大道最核心，夠近才最好,/buildings/bh7/,1,1,1,1,22
console-v2.omnichat.ai / referral,(referral),【遠雄樂元】北屯機捷X好市多，雙首排大道最核心，夠近才最好,/buildings/bh7/,1,1,1,1,0
google / cpc,(referral),【遠雄樂元】北屯機捷X好市多，雙首排大道最核心，夠近才最好,/buildings/bh7/,1,1,1,1,1
instagram.com / referral,(referral),【遠雄樂元】北屯機捷X好市多，雙首排大道最核心，夠近才最好,/buildings/bh7/,1,1,1,1,4
l.instagram.com / referral,(referral),【遠雄樂元】北屯機捷X好市多，雙首排大道最核心，夠近才最好,/buildings/bh7/,1,1,1,1,0
liff.line.me / referral,(referral),【遠雄樂元】北屯機捷X好市多，雙首排大道最核心，夠近才最好,/buildings/bh7/,1,1,1,1,64
tw.images.search.yahoo.com / referral,(referral),【遠雄樂元】北屯機捷X好市多，雙首排大道最核心，夠近才最好,/buildings/bh7/,1,1,1,1,56
fb / h707,1,【遠雄樂元】北屯機捷X好市多，雙首排大道最核心，夠近才最好,/buildings/bh7/,1,1,1,1,7
fb / bh13,11,【遠雄樂元】北屯機捷X好市多，雙首排大道最核心，夠近才最好,/buildings/bh7/,1,1,1,1,2
fb / bh11,12-4,【遠雄樂元】北屯機捷X好市多，雙首排大道最核心，夠近才最好,/buildings/bh7/,1,1,1,1,42
ig / paid,120229486716970138,【遠雄樂元】北屯機捷X好市多，雙首排大道最核心，夠近才最好,/buildings/bh7/,1,1,1,1,179
ig / paid,120242233664400316,【遠雄樂元】北屯機捷X好市多，雙首排大道最核心，夠近才最好,/buildings/bh7/,1,1,1,1,0
fb / bh7,13,【遠雄樂元】北屯機捷X好市多，雙首排大道最核心，夠近才最好,/buildings/bh7/,1,1,1,1,7
fb / bh7,14-1,【遠雄樂元】北屯機捷X好市多，雙首排大道最核心，夠近才最好,/buildings/bh7/,1,1,1,1,0
fb / bh7,19,【遠雄樂元】北屯機捷X好市多，雙首排大道最核心，夠近才最好,/buildings/bh7/,1,1,1,1,7
fb / bh7,2,【遠雄樂元】北屯機捷X好市多，雙首排大道最核心，夠近才最好,/buildings/bh7/,1,1,1,1,7
dm-point / bh7,202508,【遠雄樂元】北屯機捷X好市多，雙首排大道最核心，夠近才最好,/buildings/bh7/,1,1,1,1,15
google_kw / 5vo1,202604,【遠雄樂元】北屯機捷X好市多，雙首排大道最核心，夠近才最好,/buildings/bh7/,1,1,2,2,0
web-sms / bh7,20260608,【遠雄樂元】北屯機捷X好市多，雙首排大道最核心，夠近才最好,/buildings/bh7/,1,1,1,1,0
fb / bh13,4,【遠雄樂元】北屯機捷X好市多，雙首排大道最核心，夠近才最好,/buildings/bh7/,1,1,1,1,28
fb / bh7,4,【遠雄樂元】北屯機捷X好市多，雙首排大道最核心，夠近才最好,/buildings/bh7/,1,1,1,1,0
fb / bh7,6,【遠雄樂元】北屯機捷X好市多，雙首排大道最核心，夠近才最好,/buildings/bh7/,1,1,2,2,0
fb / bh11,6-3,【遠雄樂元】北屯機捷X好市多，雙首排大道最核心，夠近才最好,/buildings/bh7/,1,1,1,1,63
fb / bh13,8,【遠雄樂元】北屯機捷X好市多，雙首排大道最核心，夠近才最好,/buildings/bh7/,1,1,1,1,68
fb / bh7,9,【遠雄樂元】北屯機捷X好市多，雙首排大道最核心，夠近才最好,/buildings/bh7/,1,1,1,1,4
fb / bh7,9-1,【遠雄樂元】北屯機捷X好市多，雙首排大道最核心，夠近才最好,/buildings/bh7/,1,1,1,1,24
google / cpc,BH8-品牌字,【遠雄樂元】北屯機捷X好市多，雙首排大道最核心，夠近才最好,/buildings/bh7/,1,1,1,1,0
google / cpc,BH8-地區字,【遠雄樂元】北屯機捷X好市多，雙首排大道最核心，夠近才最好,/buildings/bh7/,1,1,1,1,49
google / cpc,BH8-建案相關,【遠雄樂元】北屯機捷X好市多，雙首排大道最核心，夠近才最好,/buildings/bh7/,1,1,3,3,53
google / cpc,BH8-競品字,【遠雄樂元】北屯機捷X好市多，雙首排大道最核心，夠近才最好,/buildings/bh7/,1,1,1,1,0
google / cpc,XXXX,【遠雄樂元】北屯機捷X好市多，雙首排大道最核心，夠近才最好,/buildings/bh7/,1,1,1,1,49
google_kw / bh10,brand-generic,【遠雄樂元】北屯機捷X好市多，雙首排大道最核心，夠近才最好,/buildings/bh7/,1,1,1,1,34
fgr-line / fgr,expert_law_y-rlee_joint-ownership,【遠雄樂元】北屯機捷X好市多，雙首排大道最核心，夠近才最好,/buildings/bh7/,1,1,1,1,228
fb / ar1,fb13-2,【遠雄樂元】北屯機捷X好市多，雙首排大道最核心，夠近才最好,/buildings/bh7/,1,1,1,1,41
fb / bh10,fb20268-1,【遠雄樂元】北屯機捷X好市多，雙首排大道最核心，夠近才最好,/buildings/bh7/,1,1,1,1,46
fb / eh6,fb4-4,【遠雄樂元】北屯機捷X好市多，雙首排大道最核心，夠近才最好,/buildings/bh7/,1,1,1,1,0
fb / bh10,fblead,【遠雄樂元】北屯機捷X好市多，雙首排大道最核心，夠近才最好,/buildings/bh7/,1,1,1,1,19
google_kw / bh10,information6,【遠雄樂元】北屯機捷X好市多，雙首排大道最核心，夠近才最好,/buildings/bh7/,1,1,1,1,107
line-lap / bh13,lap-2,【遠雄樂元】北屯機捷X好市多，雙首排大道最核心，夠近才最好,/buildings/bh7/,1,1,1,1,1
fb / bh11,leads,【遠雄樂元】北屯機捷X好市多，雙首排大道最核心，夠近才最好,/buildings/bh7/,1,1,1,1,59
google_kw / rsh1,newtaipei,【遠雄樂元】北屯機捷X好市多，雙首排大道最核心，夠近才最好,/buildings/bh7/,1,1,1,1,0
gdn / bh7,pmax-1-anothercity,【遠雄樂元】北屯機捷X好市多，雙首排大道最核心，夠近才最好,/buildings/bh7/,1,1,1,1,0
web / bh7,soundon_othercity,【遠雄樂元】北屯機捷X好市多，雙首排大道最核心，夠近才最好,/buildings/bh7/,1,1,1,1,0
(not set),台中北屯,【遠雄樂元】北屯機捷X好市多，雙首排大道最核心，夠近才最好,/buildings/bh7/,1,1,1,1,23
google / cpc,(not set),【遠雄樂元】北屯機捷X好市多，雙首排大道最核心，夠近才最好,/buildings/bh7//,1,1,1,1,0
(direct) / (none),(direct),(1) 封未讀訊息 | 台中遠雄洄山行：2-4房方正格局，入主西屯生活圈的質感好宅,/buildings/bh8/,1,1,0,0,0
google / organic,(organic),(1) 封未讀訊息 | 台中遠雄洄山行：2-4房方正格局，入主西屯生活圈的質感好宅,/buildings/bh8/,1,1,0,0,2
google / cpc,BH8-地區字,(1) 封未讀訊息 | 台中遠雄洄山行：2-4房方正格局，入主西屯生活圈的質感好宅,/buildings/bh8/,1,1,0,0,0
google / cpc,BH8-建案相關,(1) 封未讀訊息 | 台中遠雄洄山行：2-4房方正格局，入主西屯生活圈的質感好宅,/buildings/bh8/,1,1,0,0,37
fb / bh8,fb30-3,(1) 封未讀訊息 | 台中遠雄洄山行：2-4房方正格局，入主西屯生活圈的質感好宅,/buildings/bh8/,1,1,0,0,26
C / B,(not set),(2) 封未讀訊息 | 台中遠雄洄山行：2-4房方正格局，入主西屯生活圈的質感好宅,/buildings/bh8/,1,1,0,0,3
591 / ar1,eeeee,(2) 封未讀訊息 | 台中遠雄洄山行：2-4房方正格局，入主西屯生活圈的質感好宅,/buildings/bh8/,1,1,0,0,25
(direct) / (none),(direct),"Farglory Huishanxing, Taichung: Well-designed 2-4 bedroom homes, high-quality residences in the Xitun neighborhood.",/buildings/bh8/,1,1,0,0,16
google / cpc,BH8-競品字,"Farglory Huishanxing, Taichung: Well-designed 2-4 bedroom homes, high-quality residences in the Xitun neighborhood.",/buildings/bh8/,1,1,0,0,60
C / B,(not set),台中遠雄洄山行：2-4房方正格局，入主西屯生活圈的質感好宅,/buildings/bh8/,1,1,1,1,0
google_kw / bh5,(not set),台中遠雄洄山行：2-4房方正格局，入主西屯生活圈的質感好宅,/buildings/bh8/,1,1,1,1,4
socialmedia / o1,(not set),台中遠雄洄山行：2-4房方正格局，入主西屯生活圈的質感好宅,/buildings/bh8/,1,1,2,2,2
google_kw / dh2,(organic),台中遠雄洄山行：2-4房方正格局，入主西屯生活圈的質感好宅,/buildings/bh8/,1,1,1,1,32
10.77.55.125 / referral,(referral),台中遠雄洄山行：2-4房方正格局，入主西屯生活圈的質感好宅,/buildings/bh8/,1,1,2,2,33
mkto-sn070013.com / referral,(referral),台中遠雄洄山行：2-4房方正格局，入主西屯生活圈的質感好宅,/buildings/bh8/,1,1,1,1,4
pushpin.corp.google.com / referral,(referral),台中遠雄洄山行：2-4房方正格局，入主西屯生活圈的質感好宅,/buildings/bh8/,1,1,2,2,15
teams.public.onecdn.static.microsoft / referral,(referral),台中遠雄洄山行：2-4房方正格局，入主西屯生活圈的質感好宅,/buildings/bh8/,1,1,2,2,0
gdn / hm2,0601GDN,台中遠雄洄山行：2-4房方正格局，入主西屯生活圈的質感好宅,/buildings/bh8/,1,1,1,1,0
fb / O1,120227538157820464,台中遠雄洄山行：2-4房方正格局，入主西屯生活圈的質感好宅,/buildings/bh8/,1,1,1,1,30
fb / paid,120229456515280138,台中遠雄洄山行：2-4房方正格局，入主西屯生活圈的質感好宅,/buildings/bh8/,1,1,1,1,62
ig / paid,120233718740630316,台中遠雄洄山行：2-4房方正格局，入主西屯生活圈的質感好宅,/buildings/bh8/,1,1,3,3,255
fb / bh13,120242182236150678,台中遠雄洄山行：2-4房方正格局，入主西屯生活圈的質感好宅,/buildings/bh8/,1,1,1,1,0
fb / bh13,120242354949540678,台中遠雄洄山行：2-4房方正格局，入主西屯生活圈的質感好宅,/buildings/bh8/,1,1,2,2,705
gdn / bh8,20241017,台中遠雄洄山行：2-4房方正格局，入主西屯生活圈的質感好宅,/buildings/bh8/,1,1,1,1,0
webnews / bh8,20241023,台中遠雄洄山行：2-4房方正格局，入主西屯生活圈的質感好宅,/buildings/bh8/,1,1,1,1,0
web-ettoday / bh8,20250121,台中遠雄洄山行：2-4房方正格局，入主西屯生活圈的質感好宅,/buildings/bh8/,1,1,1,1,49
(not set),20260429一輪播,台中遠雄洄山行：2-4房方正格局，入主西屯生活圈的質感好宅,/buildings/bh8/,1,1,1,1,11
google_kw / hm2,202607,台中遠雄洄山行：2-4房方正格局，入主西屯生活圈的質感好宅,/buildings/bh8/,1,1,1,1,0
google / organic,20260702一輪播,台中遠雄洄山行：2-4房方正格局，入主西屯生活圈的質感好宅,/buildings/bh8/,1,1,1,1,13
fgr-line / fgr,20260813一輪播,台中遠雄洄山行：2-4房方正格局，入主西屯生活圈的質感好宅,/buildings/bh8/,1,1,1,1,122
fgr-line / eh6,20260814,台中遠雄洄山行：2-4房方正格局，入主西屯生活圈的質感好宅,/buildings/bh8/,1,1,1,1,0
fb / bh7,28,台中遠雄洄山行：2-4房方正格局，入主西屯生活圈的質感好宅,/buildings/bh8/,1,1,1,1,19
fb / bh7,31,台中遠雄洄山行：2-4房方正格局，入主西屯生活圈的質感好宅,/buildings/bh8/,1,1,2,2,41
fb / bh5,58,台中遠雄洄山行：2-4房方正格局，入主西屯生活圈的質感好宅,/buildings/bh8/,1,1,1,1,79
fgr-line / fgr,5vo1-news_tech-office,台中遠雄洄山行：2-4房方正格局，入主西屯生活圈的質感好宅,/buildings/bh8/,1,1,1,1,3
line-lap / 5vo1,7-5,台中遠雄洄山行：2-4房方正格局，入主西屯生活圈的質感好宅,/buildings/bh8/,1,1,1,1,2
web-sms / bh8,CRM-004-D,台中遠雄洄山行：2-4房方正格局，入主西屯生活圈的質感好宅,/buildings/bh8/,1,1,1,1,0
web-sms / bh11,CRM-213-D,台中遠雄洄山行：2-4房方正格局，入主西屯生活圈的質感好宅,/buildings/bh8/,1,1,3,3,7
google / cpc,WDH2-買房字,台中遠雄洄山行：2-4房方正格局，入主西屯生活圈的質感好宅,/buildings/bh8/,1,1,1,1,0
sms / aep-cdp,aep-306,台中遠雄洄山行：2-4房方正格局，入主西屯生活圈的質感好宅,/buildings/bh8/,1,1,1,1,2
google / cpc,beitun,台中遠雄洄山行：2-4房方正格局，入主西屯生活圈的質感好宅,/buildings/bh8/,1,1,1,1,3
google_kw / bh10,beitun,台中遠雄洄山行：2-4房方正格局，入主西屯生活圈的質感好宅,/buildings/bh8/,1,1,1,1,49
google_kw / bh10,brand,台中遠雄洄山行：2-4房方正格局，入主西屯生活圈的質感好宅,/buildings/bh8/,1,1,1,1,0
web-sms / cdp,cdpcid,台中遠雄洄山行：2-4房方正格局，入主西屯生活圈的質感好宅,/buildings/bh8/,1,1,1,1,4
google / cpc,competitor,台中遠雄洄山行：2-4房方正格局，入主西屯生活圈的質感好宅,/buildings/bh8/,1,1,2,2,48
google / cpc,competitor0701,台中遠雄洄山行：2-4房方正格局，入主西屯生活圈的質感好宅,/buildings/bh8/,1,1,2,2,27
google / cpc,demand,台中遠雄洄山行：2-4房方正格局，入主西屯生活圈的質感好宅,/buildings/bh8/,1,1,2,2,868
591 / ar1,eeeee,台中遠雄洄山行：2-4房方正格局，入主西屯生活圈的質感好宅,/buildings/bh8/,1,1,3,3,1
fb / evp,fanpage,台中遠雄洄山行：2-4房方正格局，入主西屯生活圈的質感好宅,/buildings/bh8/,1,1,1,1,0
fb / ar1,fb15-4,台中遠雄洄山行：2-4房方正格局，入主西屯生活圈的質感好宅,/buildings/bh8/,1,1,1,1,6
fb / bh8,fb22-1,台中遠雄洄山行：2-4房方正格局，入主西屯生活圈的質感好宅,/buildings/bh8/,1,1,1,1,6
fb / bh8,fb22-3,台中遠雄洄山行：2-4房方正格局，入主西屯生活圈的質感好宅,/buildings/bh8/,1,1,1,1,6
fb / bh8,fb31-2,台中遠雄洄山行：2-4房方正格局，入主西屯生活圈的質感好宅,/buildings/bh8/,1,1,1,1,2
line-lap / eh6,fb5-4,台中遠雄洄山行：2-4房方正格局，入主西屯生活圈的質感好宅,/buildings/bh8/,1,1,1,1,12
fb / eh1,formbutton,台中遠雄洄山行：2-4房方正格局，入主西屯生活圈的質感好宅,/buildings/bh8/,1,1,1,1,64
socialmedia / bh11,googlemap,台中遠雄洄山行：2-4房方正格局，入主西屯生活圈的質感好宅,/buildings/bh8/,1,1,1,1,34
ig / social,ig,台中遠雄洄山行：2-4房方正格局，入主西屯生活圈的質感好宅,/buildings/bh8/,1,1,1,1,35
fb / dh2,leads,台中遠雄洄山行：2-4房方正格局，入主西屯生活圈的質感好宅,/buildings/bh8/,1,1,1,1,26
fb / h713,leads,台中遠雄洄山行：2-4房方正格局，入主西屯生活圈的質感好宅,/buildings/bh8/,1,1,2,2,19
line-lap / rsh1,line-lap4-2_600x400,台中遠雄洄山行：2-4房方正格局，入主西屯生活圈的質感好宅,/buildings/bh8/,1,1,1,1,14
line-lap / rsh1,line-lap4-5,台中遠雄洄山行：2-4房方正格局，入主西屯生活圈的質感好宅,/buildings/bh8/,1,1,1,1,32
google / cpc,othercities_brand,台中遠雄洄山行：2-4房方正格局，入主西屯生活圈的質感好宅,/buildings/bh8/,1,1,1,1,35
web / bh8,popup_ai_202609,台中遠雄洄山行：2-4房方正格局，入主西屯生活圈的質感好宅,/buildings/bh8/,1,1,0,0,0
fb / eh1,privacy,台中遠雄洄山行：2-4房方正格局，入主西屯生活圈的質感好宅,/buildings/bh8/,1,1,1,1,14
google_kw / bh10,taichung,台中遠雄洄山行：2-4房方正格局，入主西屯生活圈的質感好宅,/buildings/bh8/,1,1,1,1,73
claude.ai / bh8\,taichung-ctsp\,台中遠雄洄山行：2-4房方正格局，入主西屯生活圈的質感好宅,/buildings/bh8/,1,1,0,0,0
web / bh10,web-Google map,台中遠雄洄山行：2-4房方正格局，入主西屯生活圈的質感好宅,/buildings/bh8/,1,1,1,1,65
picsee-domain / referral,www.fgrealty.tw,台中遠雄洄山行：2-4房方正格局，入主西屯生活圈的質感好宅,/buildings/bh8/,1,1,1,1,0
fgr-line / fgr,生活提案,台中遠雄洄山行：2-4房方正格局，入主西屯生活圈的質感好宅,/buildings/bh8/,1,1,1,1,0
C / B,(not set),(2) 封未讀訊息 | 水湳遠雄綠美：鄰近綠美圖與中央公園，入主智慧經貿特區預售屋,/buildings/bh9/,1,1,0,0,6
(not set),(not set),水湳遠雄綠美：鄰近綠美圖與中央公園，入主智慧經貿特區預售屋,/buildings/bh9/,1,1,1,1,13
C / B,(not set),水湳遠雄綠美：鄰近綠美圖與中央公園，入主智慧經貿特區預售屋,/buildings/bh9/,1,1,1,1,0
10.77.55.125 / referral,(referral),水湳遠雄綠美：鄰近綠美圖與中央公園，入主智慧經貿特區預售屋,/buildings/bh9/,1,1,2,2,43
l.instagram.com / referral,(referral),水湳遠雄綠美：鄰近綠美圖與中央公園，入主智慧經貿特區預售屋,/buildings/bh9/,1,1,2,2,7
mkto-sn070013.com / referral,(referral),水湳遠雄綠美：鄰近綠美圖與中央公園，入主智慧經貿特區預售屋,/buildings/bh9/,1,1,2,2,246
fb / bh13,11,水湳遠雄綠美：鄰近綠美圖與中央公園，入主智慧經貿特區預售屋,/buildings/bh9/,1,1,1,1,41
webnews / bh9,202404,水湳遠雄綠美：鄰近綠美圖與中央公園，入主智慧經貿特區預售屋,/buildings/bh9/,1,1,1,1,0
(not set),20260429一輪播,水湳遠雄綠美：鄰近綠美圖與中央公園，入主智慧經貿特區預售屋,/buildings/bh9/,1,1,1,1,7
(not set),20260702一輪播,水湳遠雄綠美：鄰近綠美圖與中央公園，入主智慧經貿特區預售屋,/buildings/bh9/,1,1,1,1,50
fb / bh9,34,水湳遠雄綠美：鄰近綠美圖與中央公園，入主智慧經貿特區預售屋,/buildings/bh9/,1,1,1,1,0
fb / bh5,60-1,水湳遠雄綠美：鄰近綠美圖與中央公園，入主智慧經貿特區預售屋,/buildings/bh9/,1,1,1,1,121
google / cpc,BH8-競品字,水湳遠雄綠美：鄰近綠美圖與中央公園，入主智慧經貿特區預售屋,/buildings/bh9/,1,1,1,1,14
google / cpc,O1_競品字_2025.0801,水湳遠雄綠美：鄰近綠美圖與中央公園，入主智慧經貿特區預售屋,/buildings/bh9/,1,1,1,1,43
google / cpc,WDH2-地區字,水湳遠雄綠美：鄰近綠美圖與中央公園，入主智慧經貿特區預售屋,/buildings/bh9/,1,1,1,1,8
google / cpc,brand,水湳遠雄綠美：鄰近綠美圖與中央公園，入主智慧經貿特區預售屋,/buildings/bh9/,1,1,1,1,8
google_kw / bh10,competitor-farglory,水湳遠雄綠美：鄰近綠美圖與中央公園，入主智慧經貿特區預售屋,/buildings/bh9/,1,1,1,1,33
fb / bh10,fb20268-1,水湳遠雄綠美：鄰近綠美圖與中央公園，入主智慧經貿特區預售屋,/buildings/bh9/,1,1,1,1,10
fb / bh7,fbpage,水湳遠雄綠美：鄰近綠美圖與中央公園，入主智慧經貿特區預售屋,/buildings/bh9/,1,1,2,2,51
line-lap / bh9,lap-4,水湳遠雄綠美：鄰近綠美圖與中央公園，入主智慧經貿特區預售屋,/buildings/bh9/,1,1,1,1,0
leju / bh9,lejupage,水湳遠雄綠美：鄰近綠美圖與中央公園，入主智慧經貿特區預售屋,/buildings/bh9/,1,1,1,1,1
google_kw / bh10,taichung,水湳遠雄綠美：鄰近綠美圖與中央公園，入主智慧經貿特區預售屋,/buildings/bh9/,1,1,1,1,14
youtube / bh10,youtubemana,水湳遠雄綠美：鄰近綠美圖與中央公園，入主智慧經貿特區預售屋,/buildings/bh9/,1,1,1,1,64
line-lap / cgh1,line-lap3-4,找不到頁面 - 遠雄房地產,/buildings/cgh01/,1,1,2,2,0
(direct) / (none),(direct),大河商爵-台北市士林區廠辦/預售新建案-預約賞屋，遠創力行銷,/buildings/dgm1,1,1,1,1,14
C / B,(not set),(2) 封未讀訊息 | 大河商爵-台北市士林區廠辦/預售新建案-預約賞屋，遠創力行銷,/buildings/dgm1/,1,1,0,0,6
google / cpc,gdn-dgc-manufacturing,"Dahe Shangjue - Gedung Pabrik/Kantor/Proyek Pra-penjualan Baru di Distrik Shilin, Kota Taipei - Jadwalkan Janji Temu untuk Melihat Lokasi, Far Eastern Marketing",/buildings/dgm1/,1,1,0,0,5
google / cpc,gdn-dgc-manufacturing,大河商爵-台北市士林区厂办/预售新建案-预约赏屋，远创力行销,/buildings/dgm1/,1,1,0,0,569
C / B,(not set),大河商爵-台北市士林區廠辦/預售新建案-預約賞屋，遠創力行銷,/buildings/dgm1/,1,1,1,1,0
google / cpc,(organic),大河商爵-台北市士林區廠辦/預售新建案-預約賞屋，遠創力行銷,/buildings/dgm1/,1,1,1,1,9
syndicatedsearch.goog / referral,(referral),大河商爵-台北市士林區廠辦/預售新建案-預約賞屋，遠創力行銷,/buildings/dgm1/,1,1,5,5,9
tagassistant.google.com / referral,(referral),大河商爵-台北市士林區廠辦/預售新建案-預約賞屋，遠創力行銷,/buildings/dgm1/,1,1,2,2,137
gdn / hm2,0208,大河商爵-台北市士林區廠辦/預售新建案-預約賞屋，遠創力行銷,/buildings/dgm1/,1,1,2,2,92
line-lap / hm2,0601,大河商爵-台北市士林區廠辦/預售新建案-預約賞屋，遠創力行銷,/buildings/dgm1/,1,1,1,1,5
google_kw / hm2,202603,大河商爵-台北市士林區廠辦/預售新建案-預約賞屋，遠創力行銷,/buildings/dgm1/,1,1,1,1,25
google_kw / 5vo1,202604,大河商爵-台北市士林區廠辦/預售新建案-預約賞屋，遠創力行銷,/buildings/dgm1/,1,1,1,1,8
google_kw / hm2,202607,大河商爵-台北市士林區廠辦/預售新建案-預約賞屋，遠創力行銷,/buildings/dgm1/,1,1,1,1,21
google_kw / hm2,202608,大河商爵-台北市士林區廠辦/預售新建案-預約賞屋，遠創力行銷,/buildings/dgm1/,1,1,1,1,16
(not set),20260805一輪播,大河商爵-台北市士林區廠辦/預售新建案-預約賞屋，遠創力行銷,/buildings/dgm1/,1,1,0,0,7
google / cpc,5-1,大河商爵-台北市士林區廠辦/預售新建案-預約賞屋，遠創力行銷,/buildings/dgm1/,1,1,2,2,47
google_gdn / 5vo1,5-2,大河商爵-台北市士林區廠辦/預售新建案-預約賞屋，遠創力行銷,/buildings/dgm1/,1,1,2,2,0
google_gdn / 5vo1,7-1,大河商爵-台北市士林區廠辦/預售新建案-預約賞屋，遠創力行銷,/buildings/dgm1/,1,1,2,2,16
fb / 5vo1,7-9,大河商爵-台北市士林區廠辦/預售新建案-預約賞屋，遠創力行銷,/buildings/dgm1/,1,1,2,2,165
google / cpc,WDH2-地區字北投,大河商爵-台北市士林區廠辦/預售新建案-預約賞屋，遠創力行銷,/buildings/dgm1/,1,1,1,1,5
google / cpc,WDH2-買房字,大河商爵-台北市士林區廠辦/預售新建案-預約賞屋，遠創力行銷,/buildings/dgm1/,1,1,1,1,12
google_kw / fm3,area_tucheng_banqiao,大河商爵-台北市士林區廠辦/預售新建案-預約賞屋，遠創力行銷,/buildings/dgm1/,1,1,1,1,0
google_kw / bgm1,brand,大河商爵-台北市士林區廠辦/預售新建案-預約賞屋，遠創力行銷,/buildings/dgm1/,1,1,1,1,0
google_kw / dgm1,competitor,大河商爵-台北市士林區廠辦/預售新建案-預約賞屋，遠創力行銷,/buildings/dgm1/,1,1,1,1,18
google_kw / fm3,competitor,大河商爵-台北市士林區廠辦/預售新建案-預約賞屋，遠創力行銷,/buildings/dgm1/,1,1,2,2,0
google / cpc,dgc,大河商爵-台北市士林區廠辦/預售新建案-預約賞屋，遠創力行銷,/buildings/dgm1/,1,1,1,1,0
google / cpc,factory,大河商爵-台北市士林區廠辦/預售新建案-預約賞屋，遠創力行銷,/buildings/dgm1/,1,1,2,2,76
fb / evp,fanpage,大河商爵-台北市士林區廠辦/預售新建案-預約賞屋，遠創力行銷,/buildings/dgm1/,1,1,1,1,28
fb / dgm1,fb20264-6,大河商爵-台北市士林區廠辦/預售新建案-預約賞屋，遠創力行銷,/buildings/dgm1/,1,1,1,1,0
fb / dgm1,fb20264-6-pv,大河商爵-台北市士林區廠辦/預售新建案-預約賞屋，遠創力行銷,/buildings/dgm1/,1,1,1,1,0
google / cpc,gdn-4,大河商爵-台北市士林區廠辦/預售新建案-預約賞屋，遠創力行銷,/buildings/dgm1/,1,1,2,2,148
google_kw / fm3,storage,大河商爵-台北市士林區廠辦/預售新建案-預約賞屋，遠創力行銷,/buildings/dgm1/,1,1,1,1,6
web-businessweekly / dgm1,web-businessweekly0711,大河商爵-台北市士林區廠辦/預售新建案-預約賞屋，遠創力行銷,/buildings/dgm1/,1,1,1,1,44
FB-19 / referral,(referral),找不到頁面 - 遠雄房地產,/buildings/dh1/,1,1,1,1,0
googlemap / dh1,googlemap,找不到頁面 - 遠雄房地產,/buildings/dh1/,1,1,1,1,0
google_kw / dh2,(organic),(1) 封未讀訊息 | 台南永康遠雄山禾：鹽行特區3-4房，鄰商圈與交通樞紐的理想宅,/buildings/dh2/,1,1,0,0,3
C / B,(not set),(2) 封未讀訊息 | 台南永康遠雄山禾：鹽行特區3-4房，鄰商圈與交通樞紐的理想宅,/buildings/dh2/,1,1,0,0,5
google_kw / dh2,(organic),台南市永康区ファーグローリーマウンテンハーバー：塩工業特区にある3～4ベッドルームのアパートメント。ショッピング街や交通機関の拠点に近い理想的な住まいです。,/buildings/dh2/,1,1,0,0,18
C / B,(not set),台南永康遠雄山禾：鹽行特區3-4房，鄰商圈與交通樞紐的理想宅,/buildings/dh2/,1,1,1,1,0
yahoo / organic,(organic),台南永康遠雄山禾：鹽行特區3-4房，鄰商圈與交通樞紐的理想宅,/buildings/dh2/,1,1,0,0,0
liff.line.me / referral,(referral),台南永康遠雄山禾：鹽行特區3-4房，鄰商圈與交通樞紐的理想宅,/buildings/dh2/,1,1,1,1,32
line-lap / dh2,1,台南永康遠雄山禾：鹽行特區3-4房，鄰商圈與交通樞紐的理想宅,/buildings/dh2/,1,1,1,1,5
line-lap / dh2,10,台南永康遠雄山禾：鹽行特區3-4房，鄰商圈與交通樞紐的理想宅,/buildings/dh2/,1,1,1,1,0
fb / bh13,11,台南永康遠雄山禾：鹽行特區3-4房，鄰商圈與交通樞紐的理想宅,/buildings/dh2/,1,1,1,1,71
fb / dh6,11,台南永康遠雄山禾：鹽行特區3-4房，鄰商圈與交通樞紐的理想宅,/buildings/dh2/,1,1,1,1,43
fb / O1,120227538157820464,台南永康遠雄山禾：鹽行特區3-4房，鄰商圈與交通樞紐的理想宅,/buildings/dh2/,1,1,1,1,243
line-lap / dh2,15,台南永康遠雄山禾：鹽行特區3-4房，鄰商圈與交通樞紐的理想宅,/buildings/dh2/,1,1,1,1,0
line-lap / dh2,18,台南永康遠雄山禾：鹽行特區3-4房，鄰商圈與交通樞紐的理想宅,/buildings/dh2/,1,1,1,1,0
line-lap / dh2,2,台南永康遠雄山禾：鹽行特區3-4房，鄰商圈與交通樞紐的理想宅,/buildings/dh2/,1,1,1,1,2
webnews / dh2,20240615,台南永康遠雄山禾：鹽行特區3-4房，鄰商圈與交通樞紐的理想宅,/buildings/dh2/,1,1,1,1,12
webnews / dh2,202504,台南永康遠雄山禾：鹽行特區3-4房，鄰商圈與交通樞紐的理想宅,/buildings/dh2/,1,1,1,1,5
(not set),20260429一輪播,台南永康遠雄山禾：鹽行特區3-4房，鄰商圈與交通樞紐的理想宅,/buildings/dh2/,1,1,1,1,15
web-sms / bh11,CRM-213-D,台南永康遠雄山禾：鹽行特區3-4房，鄰商圈與交通樞紐的理想宅,/buildings/dh2/,1,1,3,3,5
google / cpc,O1_地區字_2025.0801,台南永康遠雄山禾：鹽行特區3-4房，鄰商圈與交通樞紐的理想宅,/buildings/dh2/,1,1,1,1,66
google / cpc,O1_特色字_2025.0801,台南永康遠雄山禾：鹽行特區3-4房，鄰商圈與交通樞紐的理想宅,/buildings/dh2/,1,1,1,1,18
google / cpc,WDH2-品牌字,台南永康遠雄山禾：鹽行特區3-4房，鄰商圈與交通樞紐的理想宅,/buildings/dh2/,1,1,1,1,20
google_kw / fm3,brand,台南永康遠雄山禾：鹽行特區3-4房，鄰商圈與交通樞紐的理想宅,/buildings/dh2/,1,1,1,1,62
google / cpc,brand0701,台南永康遠雄山禾：鹽行特區3-4房，鄰商圈與交通樞紐的理想宅,/buildings/dh2/,1,1,1,1,8
google / cpc,competitor,台南永康遠雄山禾：鹽行特區3-4房，鄰商圈與交通樞紐的理想宅,/buildings/dh2/,1,1,1,1,233
591 / ar1,eeeee,台南永康遠雄山禾：鹽行特區3-4房，鄰商圈與交通樞紐的理想宅,/buildings/dh2/,1,1,1,1,0
fb / dh2,fb-34,台南永康遠雄山禾：鹽行特區3-4房，鄰商圈與交通樞紐的理想宅,/buildings/dh2/,1,1,1,1,49
fb / dh2,fb-66,台南永康遠雄山禾：鹽行特區3-4房，鄰商圈與交通樞紐的理想宅,/buildings/dh2/,1,1,1,1,0
fb / eh2,fb18-1,台南永康遠雄山禾：鹽行特區3-4房，鄰商圈與交通樞紐的理想宅,/buildings/dh2/,1,1,1,1,51
fb / o1,fb27-1,台南永康遠雄山禾：鹽行特區3-4房，鄰商圈與交通樞紐的理想宅,/buildings/dh2/,1,1,1,1,72
fb / eh5,form,台南永康遠雄山禾：鹽行特區3-4房，鄰商圈與交通樞紐的理想宅,/buildings/dh2/,1,1,1,1,0
fb / eh6,form,台南永康遠雄山禾：鹽行特區3-4房，鄰商圈與交通樞紐的理想宅,/buildings/dh2/,1,1,1,1,0
fb / eh2,leads,台南永康遠雄山禾：鹽行特區3-4房，鄰商圈與交通樞紐的理想宅,/buildings/dh2/,1,1,1,1,0
leju / dh2,lejupage,台南永康遠雄山禾：鹽行特區3-4房，鄰商圈與交通樞紐的理想宅,/buildings/dh2/,1,1,1,1,22
(not set),台南永康,台南永康遠雄山禾：鹽行特區3-4房，鄰商圈與交通樞紐的理想宅,/buildings/dh2/,1,1,2,2,80
C / B,(not set),(2) 封未讀訊息 | 遠雄綠禾-台南市永康區新成屋/新建案-預約賞屋，遠雄房地產,/buildings/dh3/,1,1,0,0,4
(not set),(not set),遠雄綠禾-台南市永康區新成屋/新建案-預約賞屋，遠雄房地產,/buildings/dh3/,1,1,0,0,0
C / B,(not set),遠雄綠禾-台南市永康區新成屋/新建案-預約賞屋，遠雄房地產,/buildings/dh3/,1,1,1,1,0
google_kw / dh2,(organic),遠雄綠禾-台南市永康區新成屋/新建案-預約賞屋，遠雄房地產,/buildings/dh3/,1,1,1,1,27
yahoo / organic,(organic),遠雄綠禾-台南市永康區新成屋/新建案-預約賞屋，遠雄房地產,/buildings/dh3/,1,1,1,1,29
facebook.com / referral,(referral),遠雄綠禾-台南市永康區新成屋/新建案-預約賞屋，遠雄房地產,/buildings/dh3/,1,1,1,1,1
instagram.com / referral,(referral),遠雄綠禾-台南市永康區新成屋/新建案-預約賞屋，遠雄房地產,/buildings/dh3/,1,1,1,1,0
liff.line.me / referral,(referral),遠雄綠禾-台南市永康區新成屋/新建案-預約賞屋，遠雄房地產,/buildings/dh3/,1,1,1,1,86
fb / O1,120227538157820464,遠雄綠禾-台南市永康區新成屋/新建案-預約賞屋，遠雄房地產,/buildings/dh3/,1,1,1,1,20
(not set),20260813一輪播,遠雄綠禾-台南市永康區新成屋/新建案-預約賞屋，遠雄房地產,/buildings/dh3/,1,1,0,0,0
(not set),20260828一輪播,遠雄綠禾-台南市永康區新成屋/新建案-預約賞屋，遠雄房地產,/buildings/dh3/,1,1,1,1,11
gdn / dh3,4,遠雄綠禾-台南市永康區新成屋/新建案-預約賞屋，遠雄房地產,/buildings/dh3/,1,1,1,1,0
google / cpc,competing,遠雄綠禾-台南市永康區新成屋/新建案-預約賞屋，遠雄房地產,/buildings/dh3/,1,1,1,1,71
fb / eh6,form,遠雄綠禾-台南市永康區新成屋/新建案-預約賞屋，遠雄房地產,/buildings/dh3/,1,1,1,1,61
(not set),台南永康,遠雄綠禾-台南市永康區新成屋/新建案-預約賞屋，遠雄房地產,/buildings/dh3/,1,1,1,1,56
web-ettoday / dh5,20230605,找不到頁面 - 遠雄房地產,/buildings/dh5/,1,1,1,1,0
google / cpc,demand,(1) unread | 【遠雄蘊合】千坪旗艦，親水生活｜收納中西區最美流動26-43坪．新案早鳥預約,/buildings/dh6/,1,1,0,0,31
google / organic,(organic),(1) 封未讀訊息 | 【遠雄蘊合】千坪旗艦，親水生活｜收納中西區最美流動26-43坪．新案早鳥預約,/buildings/dh6/,1,1,0,0,2
fb / dh6,1,(1) 封未讀訊息 | 【遠雄蘊合】千坪旗艦，親水生活｜收納中西區最美流動26-43坪．新案早鳥預約,/buildings/dh6/,1,1,0,0,43
google / cpc,lbs,(1) 封未讀訊息 | 【遠雄蘊合】千坪旗艦，親水生活｜收納中西區最美流動26-43坪．新案早鳥預約,/buildings/dh6/,1,1,0,0,117
line-lap / dh6,1,(2) 封未讀訊息 | 【遠雄蘊合】千坪旗艦，親水生活｜收納中西區最美流動26-43坪．新案早鳥預約,/buildings/dh6/,1,1,0,0,6
LINE-Liff / bh11,202607-AI,(2) 封未讀訊息 | 【遠雄蘊合】千坪旗艦，親水生活｜收納中西區最美流動26-43坪．新案早鳥預約,/buildings/dh6/,1,1,0,0,2
(not set),20260805一輪播,(2) 封未讀訊息 | 【遠雄蘊合】千坪旗艦，親水生活｜收納中西區最美流動26-43坪．新案早鳥預約,/buildings/dh6/,1,1,1,1,24
google / cpc,lbs,"【Yuanxiong Yunhe】A flagship project spanning over 1,000 pings, offering waterfront living | Contains the most beautiful flowing spaces in the Central and Western District, ranging from 26-43 pings. Early bird reservations available for this new project.",/buildings/dh6/,1,1,0,0,23
line-lap / dh6,1,"【Yuanxiong Yunhe】Un projet phare s'étendant sur plus de 1 000 pings, offrant un cadre de vie exceptionnel au bord de l'eau | Il comprend les plus beaux espaces de vie fluides des districts Centre et Ouest, d'une superficie de 26 à 43 pings. Réservations anticipées disponibles pour ce nouveau projet.",/buildings/dh6/,1,1,0,0,25
chatgpt.com / ai-assistant,(ai-assistant),【遠雄蘊合】千坪旗艦，親水生活｜收納中西區最美流動26-43坪．新案早鳥預約,/buildings/dh6/,1,1,2,2,24
sms / (not set),(not set),【遠雄蘊合】千坪旗艦，親水生活｜收納中西區最美流動26-43坪．新案早鳥預約,/buildings/dh6/,1,1,1,1,28
google / cpc,(organic),【遠雄蘊合】千坪旗艦，親水生活｜收納中西區最美流動26-43坪．新案早鳥預約,/buildings/dh6/,1,1,1,1,6
liff.line.me / referral,(referral),【遠雄蘊合】千坪旗艦，親水生活｜收納中西區最美流動26-43坪．新案早鳥預約,/buildings/dh6/,1,1,3,3,102
fb / paid,120229486716970138,【遠雄蘊合】千坪旗艦，親水生活｜收納中西區最美流動26-43坪．新案早鳥預約,/buildings/dh6/,1,1,1,1,12
fb / paid,120241218501380402,【遠雄蘊合】千坪旗艦，親水生活｜收納中西區最美流動26-43坪．新案早鳥預約,/buildings/dh6/,1,1,1,1,37
fb / bh13,120242379795300678,【遠雄蘊合】千坪旗艦，親水生活｜收納中西區最美流動26-43坪．新案早鳥預約,/buildings/dh6/,1,1,0,0,0
google / cpc,20250616_品牌字,【遠雄蘊合】千坪旗艦，親水生活｜收納中西區最美流動26-43坪．新案早鳥預約,/buildings/dh6/,1,1,1,1,6
dm / bh7,20260421,【遠雄蘊合】千坪旗艦，親水生活｜收納中西區最美流動26-43坪．新案早鳥預約,/buildings/dh6/,1,1,1,1,37
google_kw / hm2,202607,【遠雄蘊合】千坪旗艦，親水生活｜收納中西區最美流動26-43坪．新案早鳥預約,/buildings/dh6/,1,1,1,1,17
LINE-Liff / bh11,202607-AI,【遠雄蘊合】千坪旗艦，親水生活｜收納中西區最美流動26-43坪．新案早鳥預約,/buildings/dh6/,1,1,1,1,0
line-lap / h707,3,【遠雄蘊合】千坪旗艦，親水生活｜收納中西區最美流動26-43坪．新案早鳥預約,/buildings/dh6/,1,1,1,1,30
fb / bh11,6-3,【遠雄蘊合】千坪旗艦，親水生活｜收納中西區最美流動26-43坪．新案早鳥預約,/buildings/dh6/,1,1,1,1,2
line-lap / 5vo1,7-4,【遠雄蘊合】千坪旗艦，親水生活｜收納中西區最美流動26-43坪．新案早鳥預約,/buildings/dh6/,1,1,1,1,5
line-lap / 5vo1,7-5,【遠雄蘊合】千坪旗艦，親水生活｜收納中西區最美流動26-43坪．新案早鳥預約,/buildings/dh6/,1,1,1,1,1
google / cpc,O1_特色字_2025.0801,【遠雄蘊合】千坪旗艦，親水生活｜收納中西區最美流動26-43坪．新案早鳥預約,/buildings/dh6/,1,1,1,1,0
google / cpc,Sanmin,【遠雄蘊合】千坪旗艦，親水生活｜收納中西區最美流動26-43坪．新案早鳥預約,/buildings/dh6/,1,1,1,1,7
google / cpc,WDH2-買房字,【遠雄蘊合】千坪旗艦，親水生活｜收納中西區最美流動26-43坪．新案早鳥預約,/buildings/dh6/,1,1,1,1,4
google / cpc,brand0701,【遠雄蘊合】千坪旗艦，親水生活｜收納中西區最美流動26-43坪．新案早鳥預約,/buildings/dh6/,1,1,1,1,14
google_kw / dh6,competing,【遠雄蘊合】千坪旗艦，親水生活｜收納中西區最美流動26-43坪．新案早鳥預約,/buildings/dh6/,1,1,1,1,0
google / cpc,corearea0701,【遠雄蘊合】千坪旗艦，親水生活｜收納中西區最美流動26-43坪．新案早鳥預約,/buildings/dh6/,1,1,1,1,3
fgr-line / fgr,expert_peizhen_2026-q2-housing-outlook,【遠雄蘊合】千坪旗艦，親水生活｜收納中西區最美流動26-43坪．新案早鳥預約,/buildings/dh6/,1,1,1,1,0
fb / bh10,fb20268-1,【遠雄蘊合】千坪旗艦，親水生活｜收納中西區最美流動26-43坪．新案早鳥預約,/buildings/dh6/,1,1,1,1,0
line-lap / eh6,fb5-2,【遠雄蘊合】千坪旗艦，親水生活｜收納中西區最美流動26-43坪．新案早鳥預約,/buildings/dh6/,1,1,1,1,3
line-lap / eh6,fb5-7,【遠雄蘊合】千坪旗艦，親水生活｜收納中西區最美流動26-43坪．新案早鳥預約,/buildings/dh6/,1,1,1,1,2
fb / bh10,fbfanpage,【遠雄蘊合】千坪旗艦，親水生活｜收納中西區最美流動26-43坪．新案早鳥預約,/buildings/dh6/,1,1,1,1,0
fb / eh6,form,【遠雄蘊合】千坪旗艦，親水生活｜收納中西區最美流動26-43坪．新案早鳥預約,/buildings/dh6/,1,1,1,1,4
google / cpc,gdn-4,【遠雄蘊合】千坪旗艦，親水生活｜收納中西區最美流動26-43坪．新案早鳥預約,/buildings/dh6/,1,1,1,1,676
web / bh6,googlemap2,【遠雄蘊合】千坪旗艦，親水生活｜收納中西區最美流動26-43坪．新案早鳥預約,/buildings/dh6/,1,1,1,1,3
line-lap / bh13,lap-1,【遠雄蘊合】千坪旗艦，親水生活｜收納中西區最美流動26-43坪．新案早鳥預約,/buildings/dh6/,1,1,1,1,2
line-lap / bh13,lap-2,【遠雄蘊合】千坪旗艦，親水生活｜收納中西區最美流動26-43坪．新案早鳥預約,/buildings/dh6/,1,1,1,1,0
line-lap / bh13,lap-4,【遠雄蘊合】千坪旗艦，親水生活｜收納中西區最美流動26-43坪．新案早鳥預約,/buildings/dh6/,1,1,1,1,2
fb / h713,leads,【遠雄蘊合】千坪旗艦，親水生活｜收納中西區最美流動26-43坪．新案早鳥預約,/buildings/dh6/,1,1,1,1,1
line-lap / rsh1,line-lap4-2,【遠雄蘊合】千坪旗艦，親水生活｜收納中西區最美流動26-43坪．新案早鳥預約,/buildings/dh6/,1,1,1,1,0
line-lap / rsh1,line-lap4-2_600x400,【遠雄蘊合】千坪旗艦，親水生活｜收納中西區最美流動26-43坪．新案早鳥預約,/buildings/dh6/,1,1,1,1,2
line-lap / rsh1,line-lap4-5,【遠雄蘊合】千坪旗艦，親水生活｜收納中西區最美流動26-43坪．新案早鳥預約,/buildings/dh6/,1,1,1,1,4
fgr-line / dh6,listbutton,【遠雄蘊合】千坪旗艦，親水生活｜收納中西區最美流動26-43坪．新案早鳥預約,/buildings/dh6/,1,1,1,1,104
google / cpc,newtaipei,【遠雄蘊合】千坪旗艦，親水生活｜收納中西區最美流動26-43坪．新案早鳥預約,/buildings/dh6/,1,1,1,1,19
google / cpc,pmax,【遠雄蘊合】千坪旗艦，親水生活｜收納中西區最美流動26-43坪．新案早鳥預約,/buildings/dh6/,1,1,1,1,28
google_kw / hm2,sitelink,【遠雄蘊合】千坪旗艦，親水生活｜收納中西區最美流動26-43坪．新案早鳥預約,/buildings/dh6/,1,1,1,1,86
(not set),台中全區,【遠雄蘊合】千坪旗艦，親水生活｜收納中西區最美流動26-43坪．新案早鳥預約,/buildings/dh6/,1,1,1,1,6
(not set),高雄三民,【遠雄蘊合】千坪旗艦，親水生活｜收納中西區最美流動26-43坪．新案早鳥預約,/buildings/dh6/,1,1,1,1,3
(direct) / (none),(direct),找不到頁面 - 遠雄房地產,/buildings/e2/,1,1,1,1,0
google / cpc,competitor,(1) 封未讀訊息 | 高雄建案推薦【遠雄峰蘊】- 三民區預售屋．近科工館,/buildings/eh1/,1,1,0,0,8
pop-car / ar1,(not set),(2) 封未讀訊息 | 高雄建案推薦【遠雄峰蘊】- 三民區預售屋．近科工館,/buildings/eh1/,1,1,0,0,7
line-lap / ar1,20250718,(2) 封未讀訊息 | 高雄建案推薦【遠雄峰蘊】- 三民區預售屋．近科工館,/buildings/eh1/,1,1,0,0,20
LINE-Liff / bh11,202607-AI,(2) 封未讀訊息 | 高雄建案推薦【遠雄峰蘊】- 三民區預售屋．近科工館,/buildings/eh1/,1,1,0,0,3
(not set),20260805一輪播,(2) 封未讀訊息 | 高雄建案推薦【遠雄峰蘊】- 三民區預售屋．近科工館,/buildings/eh1/,1,1,0,0,278
web-edm / friends,20260821,(2) 封未讀訊息 | 高雄建案推薦【遠雄峰蘊】- 三民區預售屋．近科工館,/buildings/eh1/,1,1,0,0,3
google / cpc,(not set),高雄建案推薦【遠雄峰蘊】- 三民區預售屋．近科工館,/buildings/eh1/,1,1,4,4,64
google_kw / eh1,(not set),高雄建案推薦【遠雄峰蘊】- 三民區預售屋．近科工館,/buildings/eh1/,1,1,1,1,0
pop-car / ar1,(not set),高雄建案推薦【遠雄峰蘊】- 三民區預售屋．近科工館,/buildings/eh1/,1,1,3,3,1
sms / (not set),(not set),高雄建案推薦【遠雄峰蘊】- 三民區預售屋．近科工館,/buildings/eh1/,1,1,2,2,40
yahoo / organic,(organic),高雄建案推薦【遠雄峰蘊】- 三民區預售屋．近科工館,/buildings/eh1/,1,1,1,1,57
10.77.55.125 / referral,(referral),高雄建案推薦【遠雄峰蘊】- 三民區預售屋．近科工館,/buildings/eh1/,1,1,4,4,66
104.com.tw / referral,(referral),高雄建案推薦【遠雄峰蘊】- 三民區預售屋．近科工館,/buildings/eh1/,1,1,1,1,89
liff.line.me / referral,(referral),高雄建案推薦【遠雄峰蘊】- 三民區預售屋．近科工館,/buildings/eh1/,1,1,3,3,30
mail.surenotifyapi.com / referral,(referral),高雄建案推薦【遠雄峰蘊】- 三民區預售屋．近科工館,/buildings/eh1/,1,1,1,1,0
tw.images.search.yahoo.com / referral,(referral),高雄建案推薦【遠雄峰蘊】- 三民區預售屋．近科工館,/buildings/eh1/,1,1,1,1,1
zh.wikipedia.org / referral,(referral),高雄建案推薦【遠雄峰蘊】- 三民區預售屋．近科工館,/buildings/eh1/,1,1,1,1,111
line-lap / eh1,20230901_s,高雄建案推薦【遠雄峰蘊】- 三民區預售屋．近科工館,/buildings/eh1/,1,1,1,1,0
google / cpc,20230901a,高雄建案推薦【遠雄峰蘊】- 三民區預售屋．近科工館,/buildings/eh1/,1,1,1,1,0
web-udn / eh1,20230915,高雄建案推薦【遠雄峰蘊】- 三民區預售屋．近科工館,/buildings/eh1/,1,1,1,1,0
webnews / eh1,20240307,高雄建案推薦【遠雄峰蘊】- 三民區預售屋．近科工館,/buildings/eh1/,1,1,1,1,159
web-udn / eh1,20241108_brand,高雄建案推薦【遠雄峰蘊】- 三民區預售屋．近科工館,/buildings/eh1/,1,1,1,1,0
(direct) / (none),(direct),(not set),(not set),1,1,0,0,0
google / cpc,20250616_房地產投資,高雄建案推薦【遠雄峰蘊】- 三民區預售屋．近科工館,/buildings/eh1/,1,1,1,1,9
line-lap / ar1,20250718,高雄建案推薦【遠雄峰蘊】- 三民區預售屋．近科工館,/buildings/eh1/,1,1,4,4,8
google_kw / hm2,202608,高雄建案推薦【遠雄峰蘊】- 三民區預售屋．近科工館,/buildings/eh1/,1,1,1,1,0
gdn / hm2,6-1pmax,高雄建案推薦【遠雄峰蘊】- 三民區預售屋．近科工館,/buildings/eh1/,1,1,1,1,0
google_gdn / 5vo1,7-1,高雄建案推薦【遠雄峰蘊】- 三民區預售屋．近科工館,/buildings/eh1/,1,1,1,1,0
web-sms / eh1,CRM-206-D,高雄建案推薦【遠雄峰蘊】- 三民區預售屋．近科工館,/buildings/eh1/,1,1,1,1,85
web-sms / bh11,CRM-213-D,高雄建案推薦【遠雄峰蘊】- 三民區預售屋．近科工館,/buildings/eh1/,1,1,3,3,5
youtube / fgr,ETvideo_nature,高雄建案推薦【遠雄峰蘊】- 三民區預售屋．近科工館,/buildings/eh1/,1,1,1,1,0
google / cpc,O1_品牌字_2025.0801,高雄建案推薦【遠雄峰蘊】- 三民區預售屋．近科工館,/buildings/eh1/,1,1,1,1,17
google / cpc,O1_競品字_2025.0801,高雄建案推薦【遠雄峰蘊】- 三民區預售屋．近科工館,/buildings/eh1/,1,1,1,1,98
google / cpc,RSH1-買房字,高雄建案推薦【遠雄峰蘊】- 三民區預售屋．近科工館,/buildings/eh1/,1,1,1,1,7
google_kw / eh1,Sanmin,高雄建案推薦【遠雄峰蘊】- 三民區預售屋．近科工館,/buildings/eh1/,1,1,1,1,0
google / cpc,WDH2-買房字,高雄建案推薦【遠雄峰蘊】- 三民區預售屋．近科工館,/buildings/eh1/,1,1,1,1,9
google / cpc,banqiao,高雄建案推薦【遠雄峰蘊】- 三民區預售屋．近科工館,/buildings/eh1/,1,1,1,1,11
google_kw / eh5,brand,高雄建案推薦【遠雄峰蘊】- 三民區預售屋．近科工館,/buildings/eh1/,1,1,1,1,7
fg / bh11,eeee,高雄建案推薦【遠雄峰蘊】- 三民區預售屋．近科工館,/buildings/eh1/,1,1,1,1,40
fgr-line / fgr,expert_hoshichang_vacancy-rate,高雄建案推薦【遠雄峰蘊】- 三民區預售屋．近科工館,/buildings/eh1/,1,1,1,1,23
youtube / fgr,expert_zhu_legal-reserve,高雄建案推薦【遠雄峰蘊】- 三民區預售屋．近科工館,/buildings/eh1/,1,1,2,2,199
fb / dh2,fb-64,高雄建案推薦【遠雄峰蘊】- 三民區預售屋．近科工館,/buildings/eh1/,1,1,1,1,36
fb / ar1,fb15-1,高雄建案推薦【遠雄峰蘊】- 三民區預售屋．近科工館,/buildings/eh1/,1,1,1,1,13
fb / eh1,fb20266-2,高雄建案推薦【遠雄峰蘊】- 三民區預售屋．近科工館,/buildings/eh1/,1,1,1,1,44
fb / eh1,fb20267-1,高雄建案推薦【遠雄峰蘊】- 三民區預售屋．近科工館,/buildings/eh1/,1,1,1,1,0
fb / eh1,fb20267-2,高雄建案推薦【遠雄峰蘊】- 三民區預售屋．近科工館,/buildings/eh1/,1,1,1,1,0
fb / eh1,fb20267-4,高雄建案推薦【遠雄峰蘊】- 三民區預售屋．近科工館,/buildings/eh1/,1,1,1,1,0
fb / eh1,fb20267-5,高雄建案推薦【遠雄峰蘊】- 三民區預售屋．近科工館,/buildings/eh1/,1,1,1,1,0
fb / eh5,fb34-2,高雄建案推薦【遠雄峰蘊】- 三民區預售屋．近科工館,/buildings/eh1/,1,1,1,1,27
fb / eh5,fb35-2,高雄建案推薦【遠雄峰蘊】- 三民區預售屋．近科工館,/buildings/eh1/,1,1,1,1,51
fb / eh6,fb6-2,高雄建案推薦【遠雄峰蘊】- 三民區預售屋．近科工館,/buildings/eh1/,1,1,1,1,108
web-sms / BH11,fb_ad,高雄建案推薦【遠雄峰蘊】- 三民區預售屋．近科工館,/buildings/eh1/,1,1,1,1,1
fb / eh1,fbfanpage,高雄建案推薦【遠雄峰蘊】- 三民區預售屋．近科工館,/buildings/eh1/,1,1,1,1,23
fb / rsh1,fbfanpage,高雄建案推薦【遠雄峰蘊】- 三民區預售屋．近科工館,/buildings/eh1/,1,1,1,1,7
fb / eh5,form,高雄建案推薦【遠雄峰蘊】- 三民區預售屋．近科工館,/buildings/eh1/,1,1,1,1,7
fb / eh6,form,高雄建案推薦【遠雄峰蘊】- 三民區預售屋．近科工館,/buildings/eh1/,1,1,1,1,9
google_kw / eh6,googlemap,高雄建案推薦【遠雄峰蘊】- 三民區預售屋．近科工館,/buildings/eh1/,1,1,1,1,10
google_kw / eh1,kaohsiung,高雄建案推薦【遠雄峰蘊】- 三民區預售屋．近科工館,/buildings/eh1/,1,1,1,1,0
fb / wdh2,lbs-sms202608,高雄建案推薦【遠雄峰蘊】- 三民區預售屋．近科工館,/buildings/eh1/,1,1,1,1,12
fb / ar1,leads,高雄建案推薦【遠雄峰蘊】- 三民區預售屋．近科工館,/buildings/eh1/,1,1,1,1,5
fb / bh5,leads,高雄建案推薦【遠雄峰蘊】- 三民區預售屋．近科工館,/buildings/eh1/,1,1,2,2,6
web-ltn / wdh2,web-ltn0821,高雄建案推薦【遠雄峰蘊】- 三民區預售屋．近科工館,/buildings/eh1/,1,1,1,1,19
(not set),台中全區,高雄建案推薦【遠雄峰蘊】- 三民區預售屋．近科工館,/buildings/eh1/,1,1,1,1,0
(not set),高雄全區,高雄建案推薦【遠雄峰蘊】- 三民區預售屋．近科工館,/buildings/eh1/,1,1,0,0,0
google / cpc,(organic),(1) 封未讀訊息 | 遠雄一靚：楠梓高大特區首發新案，2432坪大基地，早鳥預約諮詢中,/buildings/eh2/,1,1,0,0,20
line-lap / eh2,20260701C,远雄一靓：楠梓高大特区首发新案，2432坪大基地，早鸟预约咨询中,/buildings/eh2/,1,1,0,0,4
line-lap / (not set),(not set),遠雄一靚：楠梓高大特區首發新案，2432坪大基地，早鳥預約諮詢中,/buildings/eh2/,1,1,1,1,0
yahoo / organic,(organic),遠雄一靚：楠梓高大特區首發新案，2432坪大基地，早鳥預約諮詢中,/buildings/eh2/,1,1,2,2,100
10.77.55.125 / referral,(referral),遠雄一靚：楠梓高大特區首發新案，2432坪大基地，早鳥預約諮詢中,/buildings/eh2/,1,1,1,1,13
storm.mg / referral,(referral),遠雄一靚：楠梓高大特區首發新案，2432坪大基地，早鳥預約諮詢中,/buildings/eh2/,1,1,1,1,0
teams.public.onecdn.static.microsoft / referral,(referral),遠雄一靚：楠梓高大特區首發新案，2432坪大基地，早鳥預約諮詢中,/buildings/eh2/,1,1,2,2,34
line-lap / hm2,0603,遠雄一靚：楠梓高大特區首發新案，2432坪大基地，早鳥預約諮詢中,/buildings/eh2/,1,1,1,1,3
web-ettoday / O1,20240912,遠雄一靚：楠梓高大特區首發新案，2432坪大基地，早鳥預約諮詢中,/buildings/eh2/,1,1,1,1,4
google / cpc,20250616_房地產投資,遠雄一靚：楠梓高大特區首發新案，2432坪大基地，早鳥預約諮詢中,/buildings/eh2/,1,1,1,1,19
google / cpc,20250616_競品字,遠雄一靚：楠梓高大特區首發新案，2432坪大基地，早鳥預約諮詢中,/buildings/eh2/,1,1,1,1,11
dgc / eh2,20250901,遠雄一靚：楠梓高大特區首發新案，2432坪大基地，早鳥預約諮詢中,/buildings/eh2/,1,1,1,1,0
web-udn / eh2,20260717,遠雄一靚：楠梓高大特區首發新案，2432坪大基地，早鳥預約諮詢中,/buildings/eh2/,1,1,1,1,0
fb / bh11,6-3,遠雄一靚：楠梓高大特區首發新案，2432坪大基地，早鳥預約諮詢中,/buildings/eh2/,1,1,1,1,0
line-lap / 5vo1,7-1,遠雄一靚：楠梓高大特區首發新案，2432坪大基地，早鳥預約諮詢中,/buildings/eh2/,1,1,1,1,0
line-lap / 5vo1,7-2,遠雄一靚：楠梓高大特區首發新案，2432坪大基地，早鳥預約諮詢中,/buildings/eh2/,1,1,1,1,4
line-lap / 5vo1,7-5,遠雄一靚：楠梓高大特區首發新案，2432坪大基地，早鳥預約諮詢中,/buildings/eh2/,1,1,2,2,10
google / cpc,O1_品牌字_2025.0801,遠雄一靚：楠梓高大特區首發新案，2432坪大基地，早鳥預約諮詢中,/buildings/eh2/,1,1,1,1,324
google / cpc,O1_競品字_2025.0801,遠雄一靚：楠梓高大特區首發新案，2432坪大基地，早鳥預約諮詢中,/buildings/eh2/,1,1,1,1,43
google / cpc,RSH1-買房字,遠雄一靚：楠梓高大特區首發新案，2432坪大基地，早鳥預約諮詢中,/buildings/eh2/,1,1,1,1,14
fb / eh5,fb12-3,遠雄一靚：楠梓高大特區首發新案，2432坪大基地，早鳥預約諮詢中,/buildings/eh2/,1,1,1,1,48
fb / eh2,fb15-2,遠雄一靚：楠梓高大特區首發新案，2432坪大基地，早鳥預約諮詢中,/buildings/eh2/,1,1,1,1,3
fb / eh2,fb15-5,遠雄一靚：楠梓高大特區首發新案，2432坪大基地，早鳥預約諮詢中,/buildings/eh2/,1,1,1,1,13
fb / eh2,fb16-1,遠雄一靚：楠梓高大特區首發新案，2432坪大基地，早鳥預約諮詢中,/buildings/eh2/,1,1,1,1,0
fb / eh2,fb17-4,遠雄一靚：楠梓高大特區首發新案，2432坪大基地，早鳥預約諮詢中,/buildings/eh2/,1,1,1,1,1
leju / eh2,fbgroups,遠雄一靚：楠梓高大特區首發新案，2432坪大基地，早鳥預約諮詢中,/buildings/eh2/,1,1,1,1,7
chatgpt.com / eh2,googlemap,遠雄一靚：楠梓高大特區首發新案，2432坪大基地，早鳥預約諮詢中,/buildings/eh2/,1,1,1,1,132
google_kw / eh6,googlemap,遠雄一靚：楠梓高大特區首發新案，2432坪大基地，早鳥預約諮詢中,/buildings/eh2/,1,1,2,2,41
socialmedia / bh11,googlemap,遠雄一靚：楠梓高大特區首發新案，2432坪大基地，早鳥預約諮詢中,/buildings/eh2/,1,1,1,1,22
fb / fh2,lbs-sms202608,遠雄一靚：楠梓高大特區首發新案，2432坪大基地，早鳥預約諮詢中,/buildings/eh2/,1,1,1,1,1
line-lap / wdh2,line-lap4-2,遠雄一靚：楠梓高大特區首發新案，2432坪大基地，早鳥預約諮詢中,/buildings/eh2/,1,1,1,1,3
line-lap / wdh2,line-lap4-3_600x400,遠雄一靚：楠梓高大特區首發新案，2432坪大基地，早鳥預約諮詢中,/buildings/eh2/,1,1,1,1,5
fb / eh5,park,遠雄一靚：楠梓高大特區首發新案，2432坪大基地，早鳥預約諮詢中,/buildings/eh2/,1,1,1,1,36
google / cpc,pmax,遠雄一靚：楠梓高大特區首發新案，2432坪大基地，早鳥預約諮詢中,/buildings/eh2/,1,1,1,1,107
web / bh11,popup_ai_202608,遠雄一靚：楠梓高大特區首發新案，2432坪大基地，早鳥預約諮詢中,/buildings/eh2/,1,1,1,1,7
(not set),台南全區,遠雄一靚：楠梓高大特區首發新案，2432坪大基地，早鳥預約諮詢中,/buildings/eh2/,1,1,2,2,461
fgr-line / fgr,生活提案,遠雄一靚：楠梓高大特區首發新案，2432坪大基地，早鳥預約諮詢中,/buildings/eh2/,1,1,1,1,0
google / cpc,(organic),"원웅일정: 난자 고대특구 최초 신안, 2,432평 규모의 대규모 기지, 조기 예약 상담 진행 중",/buildings/eh2/,1,1,0,0,62
fb / eh5,form,(1) 封未讀訊息 | 遠雄沐蘊-高雄市三民區預售屋/新建案-預約賞屋,/buildings/eh5/,1,1,0,0,48
(data not available),(cross-network),(2) 封未讀訊息 | 遠雄沐蘊-高雄市三民區預售屋/新建案-預約賞屋,/buildings/eh5/,1,1,0,0,73
C / B,(not set),(2) 封未讀訊息 | 遠雄沐蘊-高雄市三民區預售屋/新建案-預約賞屋,/buildings/eh5/,1,1,0,0,2
LINE-Liff / bh11,202607-AI,(2) 封未讀訊息 | 遠雄沐蘊-高雄市三民區預售屋/新建案-預約賞屋,/buildings/eh5/,1,1,0,0,52
google / cpc,brand,"Farglory Muyun - Pre-sale/New Construction Project in Sanmin District, Kaohsiung City - Schedule a Viewing",/buildings/eh5/,1,1,0,0,10
(not set),(not set),遠雄沐蘊-高雄市三民區預售屋/新建案-預約賞屋,/buildings/eh5/,1,1,2,2,23
C / B,(not set),遠雄沐蘊-高雄市三民區預售屋/新建案-預約賞屋,/buildings/eh5/,1,1,1,1,0
web-sms / (not set),(not set),遠雄沐蘊-高雄市三民區預售屋/新建案-預約賞屋,/buildings/eh5/,1,1,1,1,7
yahoo / organic,(organic),遠雄沐蘊-高雄市三民區預售屋/新建案-預約賞屋,/buildings/eh5/,1,1,1,1,11
10.77.55.125 / referral,(referral),遠雄沐蘊-高雄市三民區預售屋/新建案-預約賞屋,/buildings/eh5/,1,1,1,1,29
122.146.13.233 / referral,(referral),遠雄沐蘊-高雄市三民區預售屋/新建案-預約賞屋,/buildings/eh5/,1,1,1,1,2
console-v2.omnichat.ai / referral,(referral),遠雄沐蘊-高雄市三民區預售屋/新建案-預約賞屋,/buildings/eh5/,1,1,1,1,6
farglory.com.tw / referral,(referral),遠雄沐蘊-高雄市三民區預售屋/新建案-預約賞屋,/buildings/eh5/,1,1,1,1,19
storm.mg / referral,(referral),遠雄沐蘊-高雄市三民區預售屋/新建案-預約賞屋,/buildings/eh5/,1,1,1,1,0
teams.public.onecdn.static.microsoft / referral,(referral),遠雄沐蘊-高雄市三民區預售屋/新建案-預約賞屋,/buildings/eh5/,1,1,1,1,28
fb / paid,120241965207070634,遠雄沐蘊-高雄市三民區預售屋/新建案-預約賞屋,/buildings/eh5/,1,1,1,1,0
web-ettoday / eh5,20250103,遠雄沐蘊-高雄市三民區預售屋/新建案-預約賞屋,/buildings/eh5/,1,1,2,2,51
web-ltn / eh5,20250103,遠雄沐蘊-高雄市三民區預售屋/新建案-預約賞屋,/buildings/eh5/,1,1,1,1,0
google / cpc,20250616_北投士林豪宅/別墅,遠雄沐蘊-高雄市三民區預售屋/新建案-預約賞屋,/buildings/eh5/,1,1,1,1,2
webnews / eh5,20260417,遠雄沐蘊-高雄市三民區預售屋/新建案-預約賞屋,/buildings/eh5/,1,1,1,1,0
google_kw / hm2,202607,遠雄沐蘊-高雄市三民區預售屋/新建案-預約賞屋,/buildings/eh5/,1,1,1,1,0
LINE-Liff / bh11,202607-AI,遠雄沐蘊-高雄市三民區預售屋/新建案-預約賞屋,/buildings/eh5/,1,1,1,1,0
fb / eh5,27-3,遠雄沐蘊-高雄市三民區預售屋/新建案-預約賞屋,/buildings/eh5/,1,1,1,1,2
gdn / hm2,4-2pmaxv2,遠雄沐蘊-高雄市三民區預售屋/新建案-預約賞屋,/buildings/eh5/,1,1,1,1,92
web-sms / bh8,CRM-004-D,遠雄沐蘊-高雄市三民區預售屋/新建案-預約賞屋,/buildings/eh5/,1,1,1,1,7
google / cpc,O1_競品字_2025.0801,遠雄沐蘊-高雄市三民區預售屋/新建案-預約賞屋,/buildings/eh5/,1,1,1,1,3
google / cpc,competing,遠雄沐蘊-高雄市三民區預售屋/新建案-預約賞屋,/buildings/eh5/,1,1,1,1,4
google / cpc,demand,遠雄沐蘊-高雄市三民區預售屋/新建案-預約賞屋,/buildings/eh5/,1,1,1,1,16
youtube / fgr,expert_zhu_legal-reserve,遠雄沐蘊-高雄市三民區預售屋/新建案-預約賞屋,/buildings/eh5/,1,1,2,2,98
fb / eh2,fb18-1,遠雄沐蘊-高雄市三民區預售屋/新建案-預約賞屋,/buildings/eh5/,1,1,1,1,0
fb / eh5,fb32-4,遠雄沐蘊-高雄市三民區預售屋/新建案-預約賞屋,/buildings/eh5/,1,1,1,1,0
fb / eh5,fb37-1,遠雄沐蘊-高雄市三民區預售屋/新建案-預約賞屋,/buildings/eh5/,1,1,1,1,0
fg / eh2,googlemap,遠雄沐蘊-高雄市三民區預售屋/新建案-預約賞屋,/buildings/eh5/,1,1,2,2,36
ig / social,ig,遠雄沐蘊-高雄市三民區預售屋/新建案-預約賞屋,/buildings/eh5/,1,1,1,1,20
google / cpc,lbs,遠雄沐蘊-高雄市三民區預售屋/新建案-預約賞屋,/buildings/eh5/,1,1,2,2,21
google / cpc,area,(1) 封未讀訊息 | 遠雄蘴靚｜高雄楠梓新門戶｜捷運R21站旁｜3795坪豪闊基地,/buildings/eh6/,1,1,0,0,27
C / B,(not set),(2) 封未讀訊息 | 遠雄蘴靚｜高雄楠梓新門戶｜捷運R21站旁｜3795坪豪闊基地,/buildings/eh6/,1,1,0,0,3
fb / eh6,fb6-2,(2) 封未讀訊息 | 遠雄蘴靚｜高雄楠梓新門戶｜捷運R21站旁｜3795坪豪闊基地,/buildings/eh6/,1,1,0,0,3
google / cpc,gdn,Farglory Garden | Gerbang Baru Kaohsiung Menuju Nanzi | Bersebelahan dengan Stasiun MRT R21 | Lahan Mewah Seluas 3795 Ping (sekitar 1833 meter persegi),/buildings/eh6/,1,1,0,0,253
google / cpc,(organic),Farglory Garden | Kaohsiung's New Gateway to Nanzi | Next to MRT R21 Station | 3795 Ping (approximately 1833 square meters) of Luxurious Land,/buildings/eh6/,1,1,0,0,15
google / cpc,gdn,Farglory Garden | Kaohsiung's New Gateway to Nanzi | Next to MRT R21 Station | 3795 Ping (approximately 1833 square meters) of Luxurious Land,/buildings/eh6/,1,1,0,0,42
google / cpc,pmax,Farglory Garden | Kaohsiung's New Gateway to Nanzi | Next to MRT R21 Station | 3795 Ping (approximately 1833 square meters) of Luxurious Land,/buildings/eh6/,1,1,0,0,15
google / cpc,XXXX,Yuanxiong Miaoliang | Kaohsiung Nanzi New Portal | Next to Subway R21 Station | 3795 Pinghao Kuo Base,/buildings/eh6/,1,1,0,0,31
(data not available),(cross-network),ファーグローリーガーデン｜高雄から南自への新たな玄関口｜MRT R21駅直結｜約1833平方メートル（3795坪）の豪華な土地,/buildings/eh6/,1,1,2,2,8
google / cpc,area,偷雄蘴靚|Kaohsiung Nan梓新道|MRT R21 station next to 3795 pings,/buildings/eh6/,1,1,0,0,40
C / B,(not set),遠雄蘴靚｜高雄楠梓新門戶｜捷運R21站旁｜3795坪豪闊基地,/buildings/eh6/,1,1,1,1,2
10.77.55.125 / referral,(referral),遠雄蘴靚｜高雄楠梓新門戶｜捷運R21站旁｜3795坪豪闊基地,/buildings/eh6/,1,1,4,4,35
hk.search.yahoo.com / referral,(referral),遠雄蘴靚｜高雄楠梓新門戶｜捷運R21站旁｜3795坪豪闊基地,/buildings/eh6/,1,1,1,1,186
liff.line.me / referral,(referral),遠雄蘴靚｜高雄楠梓新門戶｜捷運R21站旁｜3795坪豪闊基地,/buildings/eh6/,1,1,2,2,84
mkto-sn070013.com / referral,(referral),遠雄蘴靚｜高雄楠梓新門戶｜捷運R21站旁｜3795坪豪闊基地,/buildings/eh6/,1,1,1,1,1
gdn / hm2,0602GDN,遠雄蘴靚｜高雄楠梓新門戶｜捷運R21站旁｜3795坪豪闊基地,/buildings/eh6/,1,1,2,2,0
fgr-line / eh6,20260212,遠雄蘴靚｜高雄楠梓新門戶｜捷運R21站旁｜3795坪豪闊基地,/buildings/eh6/,1,1,3,3,408
web-ettoday / eh6,20260612,遠雄蘴靚｜高雄楠梓新門戶｜捷運R21站旁｜3795坪豪闊基地,/buildings/eh6/,1,1,1,1,16
fgr-line / eh6,20260710,遠雄蘴靚｜高雄楠梓新門戶｜捷運R21站旁｜3795坪豪闊基地,/buildings/eh6/,1,1,1,1,43
fgr-line / 5VO1,20260814,遠雄蘴靚｜高雄楠梓新門戶｜捷運R21站旁｜3795坪豪闊基地,/buildings/eh6/,1,1,2,2,0
fgr-line / eh6,20260814,遠雄蘴靚｜高雄楠梓新門戶｜捷運R21站旁｜3795坪豪闊基地,/buildings/eh6/,1,1,1,1,202
fb / hm2,20260824-1,遠雄蘴靚｜高雄楠梓新門戶｜捷運R21站旁｜3795坪豪闊基地,/buildings/eh6/,1,1,1,1,6
sms / aep-cdp,CRM-001-D,遠雄蘴靚｜高雄楠梓新門戶｜捷運R21站旁｜3795坪豪闊基地,/buildings/eh6/,1,1,1,1,20
google / cpc,O1_地區字_2025.0801,遠雄蘴靚｜高雄楠梓新門戶｜捷運R21站旁｜3795坪豪闊基地,/buildings/eh6/,1,1,1,1,67
google / cpc,Sanmin,遠雄蘴靚｜高雄楠梓新門戶｜捷運R21站旁｜3795坪豪闊基地,/buildings/eh6/,1,1,1,1,7
google / cpc,WDH2-買房字,遠雄蘴靚｜高雄楠梓新門戶｜捷運R21站旁｜3795坪豪闊基地,/buildings/eh6/,1,1,1,1,0
google_kw / eh6,com,遠雄蘴靚｜高雄楠梓新門戶｜捷運R21站旁｜3795坪豪闊基地,/buildings/eh6/,1,1,1,1,4
google / cpc,competitor,遠雄蘴靚｜高雄楠梓新門戶｜捷運R21站旁｜3795坪豪闊基地,/buildings/eh6/,1,1,1,1,0
gdn / eh6,dgc,遠雄蘴靚｜高雄楠梓新門戶｜捷運R21站旁｜3795坪豪闊基地,/buildings/eh6/,1,1,1,1,0
fb / eh6,fb1-1,遠雄蘴靚｜高雄楠梓新門戶｜捷運R21站旁｜3795坪豪闊基地,/buildings/eh6/,1,1,1,1,0
line-lap / eh6,fb5-5,遠雄蘴靚｜高雄楠梓新門戶｜捷運R21站旁｜3795坪豪闊基地,/buildings/eh6/,1,1,2,2,4
line-lap / eh6,fb5-5_5-6_5-7,遠雄蘴靚｜高雄楠梓新門戶｜捷運R21站旁｜3795坪豪闊基地,/buildings/eh6/,1,1,4,4,4
line-lap / eh6,fb5-6,遠雄蘴靚｜高雄楠梓新門戶｜捷運R21站旁｜3795坪豪闊基地,/buildings/eh6/,1,1,2,2,2
fb / eh6,fb5-8,遠雄蘴靚｜高雄楠梓新門戶｜捷運R21站旁｜3795坪豪闊基地,/buildings/eh6/,1,1,1,1,0
line-lap / eh6,fb5-8,遠雄蘴靚｜高雄楠梓新門戶｜捷運R21站旁｜3795坪豪闊基地,/buildings/eh6/,1,1,1,1,4
fb / eh5,fbfanpage,遠雄蘴靚｜高雄楠梓新門戶｜捷運R21站旁｜3795坪豪闊基地,/buildings/eh6/,1,1,2,2,157
fg / eh2,googlemap,遠雄蘴靚｜高雄楠梓新門戶｜捷運R21站旁｜3795坪豪闊基地,/buildings/eh6/,1,1,1,1,16
fb / wdh2,lbs-sms202608,遠雄蘴靚｜高雄楠梓新門戶｜捷運R21站旁｜3795坪豪闊基地,/buildings/eh6/,1,1,1,1,0
fb / eh2,leads,遠雄蘴靚｜高雄楠梓新門戶｜捷運R21站旁｜3795坪豪闊基地,/buildings/eh6/,1,1,1,1,11
line-lap / wdh2,line-lap4-2_600x400,遠雄蘴靚｜高雄楠梓新門戶｜捷運R21站旁｜3795坪豪闊基地,/buildings/eh6/,1,1,1,1,0
fgr-line / eh6,listbutton,遠雄蘴靚｜高雄楠梓新門戶｜捷運R21站旁｜3795坪豪闊基地,/buildings/eh6/,1,1,0,0,0
fb / eh5,park,遠雄蘴靚｜高雄楠梓新門戶｜捷運R21站旁｜3795坪豪闊基地,/buildings/eh6/,1,1,1,1,36
fgr-line / fgr,playlist=e93ee4e&video=eb83f6f,遠雄蘴靚｜高雄楠梓新門戶｜捷運R21站旁｜3795坪豪闊基地,/buildings/eh6/,1,1,1,1,0
(not set),高雄全區,遠雄蘴靚｜高雄楠梓新門戶｜捷運R21站旁｜3795坪豪闊基地,/buildings/eh6/,1,1,0,0,0
(not set),高雄楠梓,遠雄蘴靚｜高雄楠梓新門戶｜捷運R21站旁｜3795坪豪闊基地,/buildings/eh6/,1,1,1,1,50
google / cpc,gdn,파글로리 가든 | 가오슝의 새로운 난쯔강 관문 | MRT R21역 인근 | 약 1833제곱미터(3795평) 규모의 고급스러운 부지,/buildings/eh6/,1,1,0,0,18
google / cpc,(not set),遠雄蘴靚｜高雄楠梓新門戶｜捷運R21站旁｜3795坪豪闊基地,/buildings/eh6//,1,1,1,1,0
C / B,(not set),(2) 封未讀訊息 | 找不到頁面 - 遠雄房地產,/buildings/fch1,1,1,0,0,1
C / B,(not set),找不到頁面 - 遠雄房地產,/buildings/fch1,1,1,1,1,0
google / organic,(organic),(1) 封未讀訊息 | 遠雄合雅｜板橋之心・合院之上｜2~4房．24~66坪,/buildings/fh2/,1,1,0,0,52
google / cpc,newtaipei,"Farglory Harmony | The Heart of Banqiao, Above the Courtyard | 2-4 Bedrooms, 24-66 Ping (approximately 16.66 square meters)",/buildings/fh2/,1,1,0,0,14
google / cpc,newtaipei,"Farglory Heya | Banqiao Heart · Courtyard Above | 2~4 bedrooms, 24~66 ping",/buildings/fh2/,1,1,0,0,30
sms / (not set),(not set),遠雄合雅｜板橋之心・合院之上｜2~4房．24~66坪,/buildings/fh2/,1,1,2,2,137
google_kw / bh13,(organic),遠雄合雅｜板橋之心・合院之上｜2~4房．24~66坪,/buildings/fh2/,1,1,1,1,0
10.77.55.125 / referral,(referral),遠雄合雅｜板橋之心・合院之上｜2~4房．24~66坪,/buildings/fh2/,1,1,2,2,35
farglory-land.com.tw / referral,(referral),遠雄合雅｜板橋之心・合院之上｜2~4房．24~66坪,/buildings/fh2/,1,1,2,2,143
stockfeel.farglory-land.com.tw / referral,(referral),遠雄合雅｜板橋之心・合院之上｜2~4房．24~66坪,/buildings/fh2/,1,1,1,1,11
teams.public.onecdn.static.microsoft / referral,(referral),遠雄合雅｜板橋之心・合院之上｜2~4房．24~66坪,/buildings/fh2/,1,1,1,1,216
line-lap / dh6,1,遠雄合雅｜板橋之心・合院之上｜2~4房．24~66坪,/buildings/fh2/,1,1,1,1,27
web / ah2,202501-magazine,遠雄合雅｜板橋之心・合院之上｜2~4房．24~66坪,/buildings/fh2/,1,1,1,1,18
(not set),20260828一輪播,遠雄合雅｜板橋之心・合院之上｜2~4房．24~66坪,/buildings/fh2/,1,1,1,1,19
google / cpc,O1_特色字_2025.0801,遠雄合雅｜板橋之心・合院之上｜2~4房．24~66坪,/buildings/fh2/,1,1,1,1,30
google / cpc,RSH1-競品字,遠雄合雅｜板橋之心・合院之上｜2~4房．24~66坪,/buildings/fh2/,1,1,1,1,4
google / cpc,WDH2-品牌字,遠雄合雅｜板橋之心・合院之上｜2~4房．24~66坪,/buildings/fh2/,1,1,1,1,30
google_kw / fm3,competitor,遠雄合雅｜板橋之心・合院之上｜2~4房．24~66坪,/buildings/fh2/,1,1,1,1,19
fb / fh2,fb12-3,遠雄合雅｜板橋之心・合院之上｜2~4房．24~66坪,/buildings/fh2/,1,1,1,1,0
fb / ar1,fb15-1,遠雄合雅｜板橋之心・合院之上｜2~4房．24~66坪,/buildings/fh2/,1,1,1,1,0
fb / fh2,fb3-5,遠雄合雅｜板橋之心・合院之上｜2~4房．24~66坪,/buildings/fh2/,1,1,1,1,7
fb / fb2,fbfanpage0123,遠雄合雅｜板橋之心・合院之上｜2~4房．24~66坪,/buildings/fh2/,1,1,1,1,18
fb / fh2,fbfanpage0509,遠雄合雅｜板橋之心・合院之上｜2~4房．24~66坪,/buildings/fh2/,1,1,1,1,13
fb / fh2,fbfanpage0517,遠雄合雅｜板橋之心・合院之上｜2~4房．24~66坪,/buildings/fh2/,1,1,1,1,24
fb / rsh1,fbfanpage0807,遠雄合雅｜板橋之心・合院之上｜2~4房．24~66坪,/buildings/fh2/,1,1,1,1,10
fb / rsh1,fbvideo7-8,遠雄合雅｜板橋之心・合院之上｜2~4房．24~66坪,/buildings/fh2/,1,1,1,1,0
google / cpc,gdn-4,遠雄合雅｜板橋之心・合院之上｜2~4房．24~66坪,/buildings/fh2/,1,1,2,2,41
google / cpc,lbs,遠雄合雅｜板橋之心・合院之上｜2~4房．24~66坪,/buildings/fh2/,1,1,1,1,30
lbs-sms / fh2,lbs-sms0529,遠雄合雅｜板橋之心・合院之上｜2~4房．24~66坪,/buildings/fh2/,1,1,1,1,19
lbs-sms / fh2,lbs-sms0619,遠雄合雅｜板橋之心・合院之上｜2~4房．24~66坪,/buildings/fh2/,1,1,1,1,30
lbs-sms / fh2,lbs-sms0620,遠雄合雅｜板橋之心・合院之上｜2~4房．24~66坪,/buildings/fh2/,1,1,1,1,0
lbs-sms / fh2,lbs-sms0627,遠雄合雅｜板橋之心・合院之上｜2~4房．24~66坪,/buildings/fh2/,1,1,1,1,29
fb / wdh2,lbs-sms202608,遠雄合雅｜板橋之心・合院之上｜2~4房．24~66坪,/buildings/fh2/,1,1,0,0,4
fb / bh5,leads,遠雄合雅｜板橋之心・合院之上｜2~4房．24~66坪,/buildings/fh2/,1,1,1,1,0
fb / rsh1,leads,遠雄合雅｜板橋之心・合院之上｜2~4房．24~66坪,/buildings/fh2/,1,1,1,1,25
line / dgm1,line-lap202511-1,遠雄合雅｜板橋之心・合院之上｜2~4房．24~66坪,/buildings/fh2/,1,1,1,1,0
google / cpc,othercities_brand,遠雄合雅｜板橋之心・合院之上｜2~4房．24~66坪,/buildings/fh2/,1,1,2,2,16
fb / fh2,privacy,遠雄合雅｜板橋之心・合院之上｜2~4房．24~66坪,/buildings/fh2/,1,1,1,1,0
l.facebook.com / referral,(referral),找不到頁面 - 遠雄房地產,/buildings/fm1/,1,1,1,1,1
google / cpc,20230101,找不到頁面 - 遠雄房地產,/buildings/fm1/,1,1,1,1,0
line-lap / fm1,202307-1,找不到頁面 - 遠雄房地產,/buildings/fm1/,1,1,1,1,0
gdn / fm1,202307-3-3,找不到頁面 - 遠雄房地產,/buildings/fm1/,1,1,1,1,0
gdn / fm1,202402-3,找不到頁面 - 遠雄房地產,/buildings/fm1/,1,1,1,1,2
google / cpc,220711,找不到頁面 - 遠雄房地產,/buildings/fm1/,1,1,2,2,0
C / B,(not set),(2) 封未讀訊息 | 遠雄信義CENTER-新北市板橋區廠辦.商辦/預售新建案-預約賞屋,/buildings/fm3/,1,1,0,0,6
(not set),20260805一輪播,(2) 封未讀訊息 | 遠雄信義CENTER-新北市板橋區廠辦.商辦/預售新建案-預約賞屋,/buildings/fm3/,1,1,0,0,2
google_kw / fm3,invest,ファーグローリー信義センター - 新北市板橋区、工場・商業オフィスビル／新築プロジェクト（先行販売） - 内覧予約受付中,/buildings/fm3/,1,1,0,0,8
(direct) / (none),(direct),远雄信义CENTER-新北市板桥区厂办.商办/预售新建案-预约赏屋,/buildings/fm3/,1,1,0,0,19
google_kw / fm3,storage,远雄信义CENTER-新北市板桥区厂办.商办/预售新建案-预约赏屋,/buildings/fm3/,1,1,1,1,4
(data not available),(cross-network),遠雄信義CENTER-新北市板橋區廠辦.商辦/預售新建案-預約賞屋,/buildings/fm3/,1,1,1,1,0
10.77.55.125 / referral,(referral),遠雄信義CENTER-新北市板橋區廠辦.商辦/預售新建案-預約賞屋,/buildings/fm3/,1,1,2,2,26
facebook.com / referral,(referral),遠雄信義CENTER-新北市板橋區廠辦.商辦/預售新建案-預約賞屋,/buildings/fm3/,1,1,1,1,0
farglory-land.com.tw / referral,(referral),遠雄信義CENTER-新北市板橋區廠辦.商辦/預售新建案-預約賞屋,/buildings/fm3/,1,1,2,2,67
teams.public.onecdn.static.microsoft / referral,(referral),遠雄信義CENTER-新北市板橋區廠辦.商辦/預售新建案-預約賞屋,/buildings/fm3/,1,1,1,1,705
gdn / hm2,0602GDN,遠雄信義CENTER-新北市板橋區廠辦.商辦/預售新建案-預約賞屋,/buildings/fm3/,1,1,1,1,0
fb / paid,120243863650480416,遠雄信義CENTER-新北市板橋區廠辦.商辦/預售新建案-預約賞屋,/buildings/fm3/,1,1,1,1,0
webnews / ar1,20250627,遠雄信義CENTER-新北市板橋區廠辦.商辦/預售新建案-預約賞屋,/buildings/fm3/,1,1,1,1,56
google_kw / hm2,202511,遠雄信義CENTER-新北市板橋區廠辦.商辦/預售新建案-預約賞屋,/buildings/fm3/,1,1,1,1,3
web-udn / fm3,20260305-baseball,遠雄信義CENTER-新北市板橋區廠辦.商辦/預售新建案-預約賞屋,/buildings/fm3/,1,1,1,1,1
fgr-line / fh2,20260417,遠雄信義CENTER-新北市板橋區廠辦.商辦/預售新建案-預約賞屋,/buildings/fm3/,1,1,1,1,14
google_kw / hm2,202608,遠雄信義CENTER-新北市板橋區廠辦.商辦/預售新建案-預約賞屋,/buildings/fm3/,1,1,1,1,31
web-edm / topic,20260807,遠雄信義CENTER-新北市板橋區廠辦.商辦/預售新建案-預約賞屋,/buildings/fm3/,1,1,1,1,9
gdn / hm2,4-2pmax,遠雄信義CENTER-新北市板橋區廠辦.商辦/預售新建案-預約賞屋,/buildings/fm3/,1,1,1,1,76
gdn / hm2,4-2pmaxv2,遠雄信義CENTER-新北市板橋區廠辦.商辦/預售新建案-預約賞屋,/buildings/fm3/,1,1,1,1,33
line-lap / 5vo1,7-4,遠雄信義CENTER-新北市板橋區廠辦.商辦/預售新建案-預約賞屋,/buildings/fm3/,1,1,1,1,14
taboola / fm3,ConA02,遠雄信義CENTER-新北市板橋區廠辦.商辦/預售新建案-預約賞屋,/buildings/fm3/,1,1,1,1,0
taboola / fm3,ConB02,遠雄信義CENTER-新北市板橋區廠辦.商辦/預售新建案-預約賞屋,/buildings/fm3/,1,1,3,3,1
google / cpc,RSH1-品牌字,遠雄信義CENTER-新北市板橋區廠辦.商辦/預售新建案-預約賞屋,/buildings/fm3/,1,1,1,1,3
google / cpc,RSH1-買房字,遠雄信義CENTER-新北市板橋區廠辦.商辦/預售新建案-預約賞屋,/buildings/fm3/,1,1,1,1,3
google / cpc,WDH2-品牌字,遠雄信義CENTER-新北市板橋區廠辦.商辦/預售新建案-預約賞屋,/buildings/fm3/,1,1,1,1,2
google / cpc,banqiao,遠雄信義CENTER-新北市板橋區廠辦.商辦/預售新建案-預約賞屋,/buildings/fm3/,1,1,1,1,28
fb / dh2,fb-64,遠雄信義CENTER-新北市板橋區廠辦.商辦/預售新建案-預約賞屋,/buildings/fm3/,1,1,1,1,123
fb / fm3,fb12-3,遠雄信義CENTER-新北市板橋區廠辦.商辦/預售新建案-預約賞屋,/buildings/fm3/,1,1,1,1,0
fb / fm3,fb13-2,遠雄信義CENTER-新北市板橋區廠辦.商辦/預售新建案-預約賞屋,/buildings/fm3/,1,1,1,1,0
fb / fm3,fb15-2,遠雄信義CENTER-新北市板橋區廠辦.商辦/預售新建案-預約賞屋,/buildings/fm3/,1,1,1,1,293
line-lap / eh6,fb5-5_5-6_5-7,遠雄信義CENTER-新北市板橋區廠辦.商辦/預售新建案-預約賞屋,/buildings/fm3/,1,1,3,3,45
fb / eh6,fb6-2,遠雄信義CENTER-新北市板橋區廠辦.商辦/預售新建案-預約賞屋,/buildings/fm3/,1,1,3,3,6
fb / rsh1,fb7-6,遠雄信義CENTER-新北市板橋區廠辦.商辦/預售新建案-預約賞屋,/buildings/fm3/,1,1,1,1,11
fb / fm3,fb9-1,遠雄信義CENTER-新北市板橋區廠辦.商辦/預售新建案-預約賞屋,/buildings/fm3/,1,1,1,1,0
fb / rsh1,fbfanpage,遠雄信義CENTER-新北市板橋區廠辦.商辦/預售新建案-預約賞屋,/buildings/fm3/,1,1,1,1,8
google / cpc,gdn-4,遠雄信義CENTER-新北市板橋區廠辦.商辦/預售新建案-預約賞屋,/buildings/fm3/,1,1,1,1,7
google / cpc,information5,遠雄信義CENTER-新北市板橋區廠辦.商辦/預售新建案-預約賞屋,/buildings/fm3/,1,1,1,1,0
fb / fh2,leads,遠雄信義CENTER-新北市板橋區廠辦.商辦/預售新建案-預約賞屋,/buildings/fm3/,1,1,1,1,7
line-lap / rsh1,line-lap4-2_600x400,遠雄信義CENTER-新北市板橋區廠辦.商辦/預售新建案-預約賞屋,/buildings/fm3/,1,1,1,1,113
line-lap / rsh1,line-lap4-5,遠雄信義CENTER-新北市板橋區廠辦.商辦/預售新建案-預約賞屋,/buildings/fm3/,1,1,1,1,30
line-fgr / bh7,linefgrbh7,遠雄信義CENTER-新北市板橋區廠辦.商辦/預售新建案-預約賞屋,/buildings/fm3/,1,1,2,2,4
fb / fm3,news0811,遠雄信義CENTER-新北市板橋區廠辦.商辦/預售新建案-預約賞屋,/buildings/fm3/,1,1,1,1,18
msg / msg,h101b,找不到頁面 - 遠雄房地產,/buildings/h101b,1,1,1,1,1
appledaily_ad / appledaily_ad,h101b,找不到頁面 - 遠雄房地產,/buildings/h101b/,1,1,1,1,0
msg / msg,h101b,找不到頁面 - 遠雄房地產,/buildings/h101b/,1,1,1,1,0
C / B,(not set),(2) 封未讀訊息 | 遠雄星呈-台中市清水區預售屋/新建案-預約賞屋，遠雄房地產,/buildings/h707/,1,1,0,0,3
C / B,(not set),遠雄星呈-台中市清水區預售屋/新建案-預約賞屋，遠雄房地產,/buildings/h707/,1,1,1,1,0
line / h707,(not set),遠雄星呈-台中市清水區預售屋/新建案-預約賞屋，遠雄房地產,/buildings/h707/,1,1,1,1,114
10.77.55.125 / referral,(referral),遠雄星呈-台中市清水區預售屋/新建案-預約賞屋，遠雄房地產,/buildings/h707/,1,1,1,1,16
console-v2.omnichat.ai / referral,(referral),遠雄星呈-台中市清水區預售屋/新建案-預約賞屋，遠雄房地產,/buildings/h707/,1,1,2,2,62
mkto-sn070013.com / referral,(referral),遠雄星呈-台中市清水區預售屋/新建案-預約賞屋，遠雄房地產,/buildings/h707/,1,1,1,1,17
fb / h707,1,遠雄星呈-台中市清水區預售屋/新建案-預約賞屋，遠雄房地產,/buildings/h707/,1,1,1,1,48
webnews / h707,20240328,遠雄星呈-台中市清水區預售屋/新建案-預約賞屋，遠雄房地產,/buildings/h707/,1,1,1,1,10
web-ettoday / O1,20240912,遠雄星呈-台中市清水區預售屋/新建案-預約賞屋，遠雄房地產,/buildings/h707/,1,1,1,1,34
webnews / h707,20260116,遠雄星呈-台中市清水區預售屋/新建案-預約賞屋，遠雄房地產,/buildings/h707/,1,1,1,1,0
google_kw / hm2,202607,遠雄星呈-台中市清水區預售屋/新建案-預約賞屋，遠雄房地產,/buildings/h707/,1,1,1,1,41
(not set),20260805一輪播,遠雄星呈-台中市清水區預售屋/新建案-預約賞屋，遠雄房地產,/buildings/h707/,1,1,2,2,88
google / cpc,RSH1-買房字,遠雄星呈-台中市清水區預售屋/新建案-預約賞屋，遠雄房地產,/buildings/h707/,1,1,1,1,10
google / cpc,banqiao,遠雄星呈-台中市清水區預售屋/新建案-預約賞屋，遠雄房地產,/buildings/h707/,1,1,1,1,8
google / cpc,brand,遠雄星呈-台中市清水區預售屋/新建案-預約賞屋，遠雄房地產,/buildings/h707/,1,1,1,1,104
fb / bh5,leads,遠雄星呈-台中市清水區預售屋/新建案-預約賞屋，遠雄房地產,/buildings/h707/,1,1,1,1,155
line-fgr / bh7,linefgrbh7,(1) 封未讀訊息 | 遠雄幸福成｜全新落成 - 台中市梧棲區新成屋-預約賞屋，遠雄房地產,/buildings/h713/,1,1,0,0,0
C / B,(not set),(2) 封未讀訊息 | 遠雄幸福成｜全新落成 - 台中市梧棲區新成屋-預約賞屋，遠雄房地產,/buildings/h713/,1,1,0,0,4
google / organic,(organic),(2) 封未讀訊息 | 遠雄幸福成｜全新落成 - 台中市梧棲區新成屋-預約賞屋，遠雄房地產,/buildings/h713/,1,1,1,1,5
fb / h713,leads,(2) 封未讀訊息 | 遠雄幸福成｜全新落成 - 台中市梧棲區新成屋-預約賞屋，遠雄房地產,/buildings/h713/,1,1,0,0,32
(direct) / (none),(direct),Farglory Happiness Establishment | 新たに完成した - 台中市五岐区の新築住宅 - 内覧予約、Farglory 不動産,/buildings/h713/,1,1,0,0,88
perplexity.ai / ai-assistant,(ai-assistant),遠雄幸福成｜全新落成 - 台中市梧棲區新成屋-預約賞屋，遠雄房地產,/buildings/h713/,1,1,1,1,0
C / B,(not set),遠雄幸福成｜全新落成 - 台中市梧棲區新成屋-預約賞屋，遠雄房地產,/buildings/h713/,1,1,1,1,0
sms / (not set),(not set),遠雄幸福成｜全新落成 - 台中市梧棲區新成屋-預約賞屋，遠雄房地產,/buildings/h713/,1,1,1,1,0
122.146.13.233 / referral,(referral),遠雄幸福成｜全新落成 - 台中市梧棲區新成屋-預約賞屋，遠雄房地產,/buildings/h713/,1,1,1,1,0
liff.line.me / referral,(referral),遠雄幸福成｜全新落成 - 台中市梧棲區新成屋-預約賞屋，遠雄房地產,/buildings/h713/,1,1,1,1,44
stockfeel.farglory-land.com.tw / referral,(referral),遠雄幸福成｜全新落成 - 台中市梧棲區新成屋-預約賞屋，遠雄房地產,/buildings/h713/,1,1,0,0,0
tw.search.yahoo.com / referral,(referral),遠雄幸福成｜全新落成 - 台中市梧棲區新成屋-預約賞屋，遠雄房地產,/buildings/h713/,1,1,1,1,102
fb / bh13,11,遠雄幸福成｜全新落成 - 台中市梧棲區新成屋-預約賞屋，遠雄房地產,/buildings/h713/,1,1,1,1,133
line-lap / H713,20220622,遠雄幸福成｜全新落成 - 台中市梧棲區新成屋-預約賞屋，遠雄房地產,/buildings/h713/,1,1,1,1,0
webnew / h713,202512,遠雄幸福成｜全新落成 - 台中市梧棲區新成屋-預約賞屋，遠雄房地產,/buildings/h713/,1,1,3,3,182
news / h707,202603,遠雄幸福成｜全新落成 - 台中市梧棲區新成屋-預約賞屋，遠雄房地產,/buildings/h713/,1,1,1,1,77
news / h713,202603,遠雄幸福成｜全新落成 - 台中市梧棲區新成屋-預約賞屋，遠雄房地產,/buildings/h713/,1,1,1,1,2
(not set),20260618一輪播,遠雄幸福成｜全新落成 - 台中市梧棲區新成屋-預約賞屋，遠雄房地產,/buildings/h713/,1,1,1,1,3
(not set),20260828一輪播,遠雄幸福成｜全新落成 - 台中市梧棲區新成屋-預約賞屋，遠雄房地產,/buildings/h713/,1,1,2,2,12
google / cpc,BH8-競品字,遠雄幸福成｜全新落成 - 台中市梧棲區新成屋-預約賞屋，遠雄房地產,/buildings/h713/,1,1,1,1,21
google / cpc,WDH2-地區字,遠雄幸福成｜全新落成 - 台中市梧棲區新成屋-預約賞屋，遠雄房地產,/buildings/h713/,1,1,1,1,0
google / cpc,WDH2-競品字,遠雄幸福成｜全新落成 - 台中市梧棲區新成屋-預約賞屋，遠雄房地產,/buildings/h713/,1,1,1,1,16
google / cpc,beitun,遠雄幸福成｜全新落成 - 台中市梧棲區新成屋-預約賞屋，遠雄房地產,/buildings/h713/,1,1,1,1,37
google / cpc,brand,遠雄幸福成｜全新落成 - 台中市梧棲區新成屋-預約賞屋，遠雄房地產,/buildings/h713/,1,1,1,1,29
google_kw / bh10,competitor-farglory,遠雄幸福成｜全新落成 - 台中市梧棲區新成屋-預約賞屋，遠雄房地產,/buildings/h713/,1,1,1,1,7
google / cpc,corearea0701,遠雄幸福成｜全新落成 - 台中市梧棲區新成屋-預約賞屋，遠雄房地產,/buildings/h713/,1,1,1,1,12
google / cpc,lbs,遠雄幸福成｜全新落成 - 台中市梧棲區新成屋-預約賞屋，遠雄房地產,/buildings/h713/,1,1,1,1,15
fb / bh8,leads,遠雄幸福成｜全新落成 - 台中市梧棲區新成屋-預約賞屋，遠雄房地產,/buildings/h713/,1,1,1,1,7
fb / fh2,leads,遠雄幸福成｜全新落成 - 台中市梧棲區新成屋-預約賞屋，遠雄房地產,/buildings/h713/,1,1,2,2,6
line-fgr / bh7,linefgrbh7,遠雄幸福成｜全新落成 - 台中市梧棲區新成屋-預約賞屋，遠雄房地產,/buildings/h713/,1,1,1,1,0
line / wdh2,lineqa,遠雄幸福成｜全新落成 - 台中市梧棲區新成屋-預約賞屋，遠雄房地產,/buildings/h713/,1,1,1,1,1
webforum / h713,monster,遠雄幸福成｜全新落成 - 台中市梧棲區新成屋-預約賞屋，遠雄房地產,/buildings/h713/,1,1,1,1,5
fb / h713,page,遠雄幸福成｜全新落成 - 台中市梧棲區新成屋-預約賞屋，遠雄房地產,/buildings/h713/,1,1,1,1,0
web-ltn / wdh2,web-ltn-7-1,遠雄幸福成｜全新落成 - 台中市梧棲區新成屋-預約賞屋，遠雄房地產,/buildings/h713/,1,1,1,1,68
web-sms / h807,20230811,找不到頁面 - 遠雄房地產,/buildings/h807/,1,1,1,1,0
webnews / h807,20240311,找不到頁面 - 遠雄房地產,/buildings/h807/,1,1,1,1,5
webnews / h88,20241002,找不到頁面 - 遠雄房地產,/buildings/h88/,1,1,1,1,0
webnews / h88,20241009,找不到頁面 - 遠雄房地產,/buildings/h88/,1,1,1,1,0
C / B,(not set),(2) 封未讀訊息 | 遠雄琢蘊-高雄市三民區預售屋/新建案-預約賞屋，遠雄房地產,/buildings/h902/,1,1,0,0,3
chatgpt.com / ai-assistant,(ai-assistant),遠雄琢蘊-高雄市三民區預售屋/新建案-預約賞屋，遠雄房地產,/buildings/h902/,1,1,1,1,13
C / B,(not set),遠雄琢蘊-高雄市三民區預售屋/新建案-預約賞屋，遠雄房地產,/buildings/h902/,1,1,1,1,0
web-sms / (not set),(not set),遠雄琢蘊-高雄市三民區預售屋/新建案-預約賞屋，遠雄房地產,/buildings/h902/,1,1,1,1,26
10.77.55.125 / referral,(referral),遠雄琢蘊-高雄市三民區預售屋/新建案-預約賞屋，遠雄房地產,/buildings/h902/,1,1,1,1,24
104.com.tw / referral,(referral),遠雄琢蘊-高雄市三民區預售屋/新建案-預約賞屋，遠雄房地產,/buildings/h902/,1,1,1,1,37
console-v2.omnichat.ai / referral,(referral),遠雄琢蘊-高雄市三民區預售屋/新建案-預約賞屋，遠雄房地產,/buildings/h902/,1,1,1,1,3
web-chinatimes / h902,20211025,遠雄琢蘊-高雄市三民區預售屋/新建案-預約賞屋，遠雄房地產,/buildings/h902/,1,1,1,1,0
web-udn / h902,20230615,遠雄琢蘊-高雄市三民區預售屋/新建案-預約賞屋，遠雄房地產,/buildings/h902/,1,1,1,1,0
(not set),20260618一輪播,遠雄琢蘊-高雄市三民區預售屋/新建案-預約賞屋，遠雄房地產,/buildings/h902/,1,1,1,1,7
google_kw / hm2,202608,遠雄琢蘊-高雄市三民區預售屋/新建案-預約賞屋，遠雄房地產,/buildings/h902/,1,1,1,1,0
(not set),20260805一輪播,遠雄琢蘊-高雄市三民區預售屋/新建案-預約賞屋，遠雄房地產,/buildings/h902/,1,1,1,1,100
google / cpc,H902,遠雄琢蘊-高雄市三民區預售屋/新建案-預約賞屋，遠雄房地產,/buildings/h902/,1,1,1,1,0
google / cpc,O1_品牌字_2025.0801,遠雄琢蘊-高雄市三民區預售屋/新建案-預約賞屋，遠雄房地產,/buildings/h902/,1,1,1,1,94
google / cpc,Qianzhen.Qianjin,遠雄琢蘊-高雄市三民區預售屋/新建案-預約賞屋，遠雄房地產,/buildings/h902/,1,1,1,1,33
google / cpc,com,遠雄琢蘊-高雄市三民區預售屋/新建案-預約賞屋，遠雄房地產,/buildings/h902/,1,1,1,1,60
fb / o1,fb27-1,遠雄琢蘊-高雄市三民區預售屋/新建案-預約賞屋，遠雄房地產,/buildings/h902/,1,1,1,1,7
fb / eh1,fbfanpage,遠雄琢蘊-高雄市三民區預售屋/新建案-預約賞屋，遠雄房地產,/buildings/h902/,1,1,1,1,22
fg / eh2,googlemap,遠雄琢蘊-高雄市三民區預售屋/新建案-預約賞屋，遠雄房地產,/buildings/h902/,1,1,2,2,30
googlemap / o1,googlemap,遠雄琢蘊-高雄市三民區預售屋/新建案-預約賞屋，遠雄房地產,/buildings/h902/,1,1,1,1,86
fb-page / referral,h902,遠雄琢蘊-高雄市三民區預售屋/新建案-預約賞屋，遠雄房地產,/buildings/h902/,1,1,1,1,26
ig / social,ig,遠雄琢蘊-高雄市三民區預售屋/新建案-預約賞屋，遠雄房地產,/buildings/h902/,1,1,2,2,49
fb / eh5,park,遠雄琢蘊-高雄市三民區預售屋/新建案-預約賞屋，遠雄房地產,/buildings/h902/,1,1,1,1,16
google / cpc,type,遠雄琢蘊-高雄市三民區預售屋/新建案-預約賞屋，遠雄房地產,/buildings/h902/,1,1,2,2,134
(direct) / (none),(direct),找不到頁面 - 遠雄房地產,/buildings/h95,1,1,1,1,0
web-appledaily / web-appledaily,H95,找不到頁面 - 遠雄房地產,/buildings/h95/,1,1,1,1,0
google / cpc,RSH1-買房字,找不到頁面 - 遠雄房地產,/buildings/hh1/,1,1,1,1,3
(direct) / (none),(direct),找不到頁面 - 遠雄房地產,/buildings/hh2/,1,1,1,1,0
google / cpc,20240208,找不到頁面 - 遠雄房地產,/buildings/hh2/,1,1,1,1,0
fb / hh2,leads,找不到頁面 - 遠雄房地產,/buildings/hh2/,1,1,1,1,7
web-ettoday / hih1,web-ettoday1125,找不到頁面 - 遠雄房地產,/buildings/hih1,1,1,1,1,0
google / organic,(organic),(1) 封未讀訊息 | 遠雄MetaLink科技園區 | 3700坪超旗艦 森態企業總部,/buildings/hm2/,1,1,0,0,0
google_kw / hm2,202607,(1) 封未讀訊息 | 遠雄MetaLink科技園區 | 3700坪超旗艦 森態企業總部,/buildings/hm2/,1,1,0,0,0
C / B,(not set),(2) 封未讀訊息 | 遠雄MetaLink科技園區 | 3700坪超旗艦 森態企業總部,/buildings/hm2/,1,1,0,0,9
(not set),(not set),Farglory MetaLink Technology Park | 3700-ping (approximately 1630 square meters) Super Flagship Eco-Friendly Corporate Headquarters,/buildings/hm2/,1,1,1,1,0
gdn / hm2,0603GDN,Farglory MetaLink Technology Park | 3700-ping (approximately 1630 square meters) Super Flagship Eco-Friendly Corporate Headquarters,/buildings/hm2/,1,1,0,0,8
google_kw / hm2,202608,Farglory MetaLink Technology Park | 3700-ping (approximately 1630 square meters) Super Flagship Eco-Friendly Corporate Headquarters,/buildings/hm2/,1,1,0,0,59
google_kw / hm2,202607,Farglory MetaLink Technology Park | 3700-ping (approximately 1633 square meters) Super Flagship Eco-Friendly Corporate Headquarters,/buildings/hm2/,1,1,0,0,35
gdn / hm2,4-2pmaxv2,Farglory MetaLink Technology Park | 3700-ping (approximately 1633 square meters) Super Flagship Eco-Friendly Corporate Headquarters,/buildings/hm2/,1,1,0,0,27
gdn / hm2,4-2pmaxv2,Farglory MetaLink Teknoloji Parkı | 3700 ping (yaklaşık 1630 metrekare) Süper Amiral Gemisi Çevre Dostu Kurumsal Genel Merkez,/buildings/hm2/,1,1,1,1,2
gdn / hm2,0601GDN,"Khu công nghệ Farglory MetaLink | Trụ sở chính doanh nghiệp siêu hiện đại, thân thiện với môi trường, diện tích khoảng 1630 mét vuông, kích thước 3700 ping.",/buildings/hm2/,1,1,0,0,21
gdn / hm2,0603GDN,Taman Teknologi Farglory MetaLink | 3700-ping (sekitar 1630 meter persegi) Kantor Pusat Perusahaan Ramah Lingkungan Unggulan,/buildings/hm2/,1,1,0,0,8
gdn / hm2,4-2pmaxv2,Taman Teknologi Farglory MetaLink | 3700-ping (sekitar 1630 meter persegi) Kantor Pusat Perusahaan Ramah Lingkungan Unggulan,/buildings/hm2/,1,1,0,0,25
gdn / hm2,6-1pmaxv2,Taman Teknologi Farglory MetaLink | 3700-ping (sekitar 1630 meter persegi) Kantor Pusat Perusahaan Ramah Lingkungan Unggulan,/buildings/hm2/,1,1,0,0,215
gdn / hm2,0602GDN,Taman Teknologi Farglory MetaLink | 3700-ping (sekitar 1633 meter persegi) Kantor Pusat Perusahaan Ramah Lingkungan Unggulan,/buildings/hm2/,1,1,0,0,112
google_kw / hm2,202511,Taman Teknologi Farglory MetaLink | 3700-ping (sekitar 1633 meter persegi) Kantor Pusat Perusahaan Ramah Lingkungan Unggulan,/buildings/hm2/,1,1,0,0,11
gdn / hm2,0601GDN,پارک فناوری فارگلوری متالینک | ۳۷۰۰ پینگ (تقریباً ۱۶۳۰ متر مربع) دفتر مرکزی شرکتی فوق‌العاده شاخص و سازگار با محیط زیست,/buildings/hm2/,1,1,0,0,64
gdn / hm2,4-2pmaxv2,پارک فناوری فارگلوری متالینک | ۳۷۰۰ پینگ (تقریباً ۱۶۳۰ متر مربع) دفتر مرکزی شرکتی فوق‌العاده شاخص و سازگار با محیط زیست,/buildings/hm2/,1,1,0,0,56
google_kw / hm2,sitelink,پارک فناوری فارگلوری متالینک | ۳۷۰۰ پینگ (تقریباً ۱۶۳۳ متر مربع) دفتر مرکزی شرکتی فوق‌العاده شاخص و سازگار با محیط زیست,/buildings/hm2/,1,1,0,0,42
gdn / hm2,0601GDN,ฟาร์กลอรี่ เมตาลิงก์ เทคโนโลยี พาร์ค | สำนักงานใหญ่ระดับซูเปอร์แฟล็กชิปที่เป็นมิตรต่อสิ่งแวดล้อม ขนาด 3700 ปิง (ประมาณ 1630 ตารางเมตร),/buildings/hm2/,1,1,0,0,2
gdn / hm2,0602GDN,远雄MetaLink科技园区 | 3700坪超旗舰 森态企业总部,/buildings/hm2/,1,1,0,0,3
gdn / hm2,0602GDN,远雄MetaLink科技园区| 3700坪超旗舰森态企业总部,/buildings/hm2/,1,1,1,1,0
gdn / hm2,202601,远雄MetaLink科技园区| 3700坪超旗舰森态企业总部,/buildings/hm2/,1,1,0,0,11
chatgpt.com / ai-assistant,(ai-assistant),遠雄MetaLink科技園區 | 3700坪超旗艦 森態企業總部,/buildings/hm2/,1,1,1,1,0
google / cpc,(organic),遠雄MetaLink科技園區 | 3700坪超旗艦 森態企業總部,/buildings/hm2/,1,1,1,1,25
10.77.55.125 / referral,(referral),遠雄MetaLink科技園區 | 3700坪超旗艦 森態企業總部,/buildings/hm2/,1,1,1,1,42
console-v2.omnichat.ai / referral,(referral),遠雄MetaLink科技園區 | 3700坪超旗艦 森態企業總部,/buildings/hm2/,1,1,1,1,4
stockfeel.farglory-land.com.tw / referral,(referral),遠雄MetaLink科技園區 | 3700坪超旗艦 森態企業總部,/buildings/hm2/,1,1,1,1,11
teams.public.onecdn.static.microsoft / referral,(referral),遠雄MetaLink科技園區 | 3700坪超旗艦 森態企業總部,/buildings/hm2/,1,1,4,4,5
fb / hm2,0202,遠雄MetaLink科技園區 | 3700坪超旗艦 森態企業總部,/buildings/hm2/,1,1,2,2,0
google / cpc,0206,遠雄MetaLink科技園區 | 3700坪超旗艦 森態企業總部,/buildings/hm2/,1,1,1,1,0
google / cpc,0209,遠雄MetaLink科技園區 | 3700坪超旗艦 森態企業總部,/buildings/hm2/,1,1,1,1,0
fb / hm2,0601,遠雄MetaLink科技園區 | 3700坪超旗艦 森態企業總部,/buildings/hm2/,1,1,1,1,0
fb / hm2,0602,遠雄MetaLink科技園區 | 3700坪超旗艦 森態企業總部,/buildings/hm2/,1,1,1,1,1
fb / hm2,0603,遠雄MetaLink科技園區 | 3700坪超旗艦 森態企業總部,/buildings/hm2/,1,1,1,1,0
fb / hm2,0604,遠雄MetaLink科技園區 | 3700坪超旗艦 森態企業總部,/buildings/hm2/,1,1,1,1,0
fb / hm2,0701,遠雄MetaLink科技園區 | 3700坪超旗艦 森態企業總部,/buildings/hm2/,1,1,3,3,3
webnews / hm2,202512,遠雄MetaLink科技園區 | 3700坪超旗艦 森態企業總部,/buildings/hm2/,1,1,1,1,10
google / cpc,202601,遠雄MetaLink科技園區 | 3700坪超旗艦 森態企業總部,/buildings/hm2/,1,1,1,1,0
fb / bh7,31,遠雄MetaLink科技園區 | 3700坪超旗艦 森態企業總部,/buildings/hm2/,1,1,1,1,0
fb / ao1,5-3,遠雄MetaLink科技園區 | 3700坪超旗艦 森態企業總部,/buildings/hm2/,1,1,1,1,45
google / cpc,6-1pmaxv2,遠雄MetaLink科技園區 | 3700坪超旗艦 森態企業總部,/buildings/hm2/,1,1,1,1,0
line-lap / 5vo1,7-1,遠雄MetaLink科技園區 | 3700坪超旗艦 森態企業總部,/buildings/hm2/,1,1,1,1,0
google / cpc,brand,遠雄MetaLink科技園區 | 3700坪超旗艦 森態企業總部,/buildings/hm2/,1,1,1,1,11
google_kw / fm3,competitor,遠雄MetaLink科技園區 | 3700坪超旗艦 森態企業總部,/buildings/hm2/,1,1,1,1,138
tbbtyf_xj / hm2,fvgfyvax,遠雄MetaLink科技園區 | 3700坪超旗艦 森態企業總部,/buildings/hm2/,1,1,1,1,7
google / cpc,gdn-4,遠雄MetaLink科技園區 | 3700坪超旗艦 森態企業總部,/buildings/hm2/,1,1,2,2,6
print / 掃說明書QR CODE對應,hm2,遠雄MetaLink科技園區 | 3700坪超旗艦 森態企業總部,/buildings/hm2/,1,1,1,1,138
google_kw / fm3,invest,遠雄MetaLink科技園區 | 3700坪超旗艦 森態企業總部,/buildings/hm2/,1,1,1,1,26
line-lap / wdh2,line-lap4-2_600x400,遠雄MetaLink科技園區 | 3700坪超旗艦 森態企業總部,/buildings/hm2/,1,1,1,1,0
gdn / hm2,0601GDN,파글로리 메타링크 테크놀로지 파크 | 3700평(약 1630제곱미터) 규모의 초호화 친환경 기업 본사,/buildings/hm2/,1,1,0,0,5
m.facebook.com / referral,(referral),找不到頁面 - 遠雄房地產,/buildings/msm1/,1,1,1,1,0
fb / msm1,fb5-2,找不到頁面 - 遠雄房地產,/buildings/msm1/,1,1,1,1,1
C / B,(not set),(2) 封未讀訊息 | 遠雄THE ONE-高雄市前鎮區新成屋/新建案-預約賞屋,/buildings/o1/,1,1,0,0,2
google / cpc,O1_特色字_2025.0801,"Farglory THE ONE - Newly Built/Constructed Housing Project in Qianzhen District, Kaohsiung City - Schedule a Viewing",/buildings/o1/,1,1,0,0,19
chatgpt.com / o1,googlemap,"Yuanxiong THE ONE-Xinchengwu/New Construction Plan in Qianzhen District, Kaohsiung City-Make an appointment to appreciate the house",/buildings/o1/,1,1,0,0,64
C / B,(not set),遠雄THE ONE-高雄市前鎮區新成屋/新建案-預約賞屋,/buildings/o1/,1,1,1,1,1
socialmedia / o1,(not set),遠雄THE ONE-高雄市前鎮區新成屋/新建案-預約賞屋,/buildings/o1/,1,1,1,1,0
yahoo / organic,(organic),遠雄THE ONE-高雄市前鎮區新成屋/新建案-預約賞屋,/buildings/o1/,1,1,1,1,63
10.77.55.125 / referral,(referral),遠雄THE ONE-高雄市前鎮區新成屋/新建案-預約賞屋,/buildings/o1/,1,1,1,1,29
m.blog.naver.com / referral,(referral),遠雄THE ONE-高雄市前鎮區新成屋/新建案-預約賞屋,/buildings/o1/,1,1,1,1,51
m.facebook.com / referral,(referral),遠雄THE ONE-高雄市前鎮區新成屋/新建案-預約賞屋,/buildings/o1/,1,1,1,1,7
fb / O1,120227538157820464,遠雄THE ONE-高雄市前鎮區新成屋/新建案-預約賞屋,/buildings/o1/,1,1,1,1,63
fb / paid,120241218501380402,遠雄THE ONE-高雄市前鎮區新成屋/新建案-預約賞屋,/buildings/o1/,1,1,1,1,29
web-ettoday / o1,20211201,遠雄THE ONE-高雄市前鎮區新成屋/新建案-預約賞屋,/buildings/o1/,1,1,1,1,17
google / cpc,20250317,遠雄THE ONE-高雄市前鎮區新成屋/新建案-預約賞屋,/buildings/o1/,1,1,1,1,0
fb / o1,20250402_15-3,遠雄THE ONE-高雄市前鎮區新成屋/新建案-預約賞屋,/buildings/o1/,1,1,1,1,0
fb / o1,20250402_15-4,遠雄THE ONE-高雄市前鎮區新成屋/新建案-預約賞屋,/buildings/o1/,1,1,1,1,0
fb / o1,20250422_24-1,遠雄THE ONE-高雄市前鎮區新成屋/新建案-預約賞屋,/buildings/o1/,1,1,1,1,13
google / cpc,20250616_品牌字,遠雄THE ONE-高雄市前鎮區新成屋/新建案-預約賞屋,/buildings/o1/,1,1,2,2,37
web-sms / bh7,20260608,遠雄THE ONE-高雄市前鎮區新成屋/新建案-預約賞屋,/buildings/o1/,1,1,1,1,19
google / cpc,BH8-品牌字,遠雄THE ONE-高雄市前鎮區新成屋/新建案-預約賞屋,/buildings/o1/,1,1,1,1,15
google / cpc,Sanmin,遠雄THE ONE-高雄市前鎮區新成屋/新建案-預約賞屋,/buildings/o1/,1,1,1,1,10
google_kw / o1,brand,遠雄THE ONE-高雄市前鎮區新成屋/新建案-預約賞屋,/buildings/o1/,1,1,1,1,0
google / cpc,competitor,遠雄THE ONE-高雄市前鎮區新成屋/新建案-預約賞屋,/buildings/o1/,1,1,1,1,0
google_kw / o1,competitor,遠雄THE ONE-高雄市前鎮區新成屋/新建案-預約賞屋,/buildings/o1/,1,1,1,1,0
fb / bh10,fb20268-1,遠雄THE ONE-高雄市前鎮區新成屋/新建案-預約賞屋,/buildings/o1/,1,1,1,1,26
fb / o1,fb25-1,遠雄THE ONE-高雄市前鎮區新成屋/新建案-預約賞屋,/buildings/o1/,1,1,1,1,9
fb / o1,fb25-2,遠雄THE ONE-高雄市前鎮區新成屋/新建案-預約賞屋,/buildings/o1/,1,1,1,1,0
fb / o1,fb27-2,遠雄THE ONE-高雄市前鎮區新成屋/新建案-預約賞屋,/buildings/o1/,1,1,1,1,0
fb / o1,fb27-4,遠雄THE ONE-高雄市前鎮區新成屋/新建案-預約賞屋,/buildings/o1/,1,1,1,1,0
fb / o1,fb27-5,遠雄THE ONE-高雄市前鎮區新成屋/新建案-預約賞屋,/buildings/o1/,1,1,1,1,3
fb / o1,fb28-1,遠雄THE ONE-高雄市前鎮區新成屋/新建案-預約賞屋,/buildings/o1/,1,1,1,1,0
fb / o1,fb31-1,遠雄THE ONE-高雄市前鎮區新成屋/新建案-預約賞屋,/buildings/o1/,1,1,1,1,3
fb / o1,fb32-1,遠雄THE ONE-高雄市前鎮區新成屋/新建案-預約賞屋,/buildings/o1/,1,1,1,1,27
chatgpt.com / o1,googlemap,遠雄THE ONE-高雄市前鎮區新成屋/新建案-預約賞屋,/buildings/o1/,1,1,1,1,0
google / cpc,lbs,遠雄THE ONE-高雄市前鎮區新成屋/新建案-預約賞屋,/buildings/o1/,1,1,1,1,7
fb / eh5,park,遠雄THE ONE-高雄市前鎮區新成屋/新建案-預約賞屋,/buildings/o1/,1,1,1,1,0
web / bh11,popup_ai_202608,遠雄THE ONE-高雄市前鎮區新成屋/新建案-預約賞屋,/buildings/o1/,1,1,1,1,190
google_kw / o1,qianzhen,遠雄THE ONE-高雄市前鎮區新成屋/新建案-預約賞屋,/buildings/o1/,1,1,1,1,0
google / cpc,(organic),熱銷建案 彙整 - 頁2，共3 - 遠雄房地產,/buildings/page/2/,1,1,1,1,13
104.com.tw / referral,(referral),熱銷建案 彙整 - 頁3，共3 - 遠雄房地產,/buildings/page/3/,1,1,1,1,19
google / cpc,buyhouse,找不到頁面 - 遠雄房地產,/buildings/qyh1/,1,1,1,1,0
line-lap / qyh1,line-lap3-1,找不到頁面 - 遠雄房地產,/buildings/qyh1/,1,1,1,1,0
web / qyh2,webgooglemap,找不到頁面 - 遠雄房地產,/buildings/qyh2,1,1,1,1,2
gdn / qyh2,gdn8-2,找不到頁面 - 遠雄房地產,/buildings/qyh2/,1,1,1,1,0
google_kw / qyh3,buyhouse,找不到頁面 - 遠雄房地產,/buildings/qyh3/,1,1,1,1,0
google / organic,(organic),(1) 封未讀訊息 | 若水秧翠｜東京視野・頂埔門牌｜1~3房．20~42坪,/buildings/rsh1/,1,1,0,0,56
google_kw / rsh1,brand,(1) 封未讀訊息 | 若水秧翠｜東京視野・頂埔門牌｜1~3房．20~42坪,/buildings/rsh1/,1,1,0,0,0
fb / rsh1,leads,(1) 封未讀訊息 | 若水秧翠｜東京視野・頂埔門牌｜1~3房．20~42坪,/buildings/rsh1/,1,1,0,0,18
fb / rsh1,fbfanpage,(2) 封未讀訊息 | 若水秧翠｜東京視野・頂埔門牌｜1~3房．20~42坪,/buildings/rsh1/,1,1,0,0,41
google_kw / rsh1,competitor,"Ruoshui Yangcui | Tokyo View, Dingpu Address | 1-3 Bedrooms, 20-42 Ping (approximately 33-66 square meters)",/buildings/rsh1/,1,1,0,0,4
chatgpt.com / ai-assistant,(ai-assistant),若水秧翠｜東京視野・頂埔門牌｜1~3房．20~42坪,/buildings/rsh1/,1,1,1,1,1
C / B,(not set),若水秧翠｜東京視野・頂埔門牌｜1~3房．20~42坪,/buildings/rsh1/,1,1,1,1,0
line-lap / (not set),(not set),若水秧翠｜東京視野・頂埔門牌｜1~3房．20~42坪,/buildings/rsh1/,1,1,1,1,0
google_kw / fm3,(organic),若水秧翠｜東京視野・頂埔門牌｜1~3房．20~42坪,/buildings/rsh1/,1,1,1,1,53
104.com.tw / referral,(referral),若水秧翠｜東京視野・頂埔門牌｜1~3房．20~42坪,/buildings/rsh1/,1,1,1,1,28
console-v2.omnichat.ai / referral,(referral),若水秧翠｜東京視野・頂埔門牌｜1~3房．20~42坪,/buildings/rsh1/,1,1,1,1,0
farglory-land.com.tw / referral,(referral),若水秧翠｜東京視野・頂埔門牌｜1~3房．20~42坪,/buildings/rsh1/,1,1,1,1,31
mkto-sn070013.com / referral,(referral),若水秧翠｜東京視野・頂埔門牌｜1~3房．20~42坪,/buildings/rsh1/,1,1,1,1,0
plex.com.tw / referral,(referral),若水秧翠｜東京視野・頂埔門牌｜1~3房．20~42坪,/buildings/rsh1/,1,1,1,1,18
line-lap / hm2,0602,若水秧翠｜東京視野・頂埔門牌｜1~3房．20~42坪,/buildings/rsh1/,1,1,1,1,5
line-lap / hm2,0603,若水秧翠｜東京視野・頂埔門牌｜1~3房．20~42坪,/buildings/rsh1/,1,1,1,1,4
google / cpc,20250616_品牌字,若水秧翠｜東京視野・頂埔門牌｜1~3房．20~42坪,/buildings/rsh1/,1,1,1,1,4
google_kw / 5vo1,202604,若水秧翠｜東京視野・頂埔門牌｜1~3房．20~42坪,/buildings/rsh1/,1,1,0,0,0
LINE-Liff / bh11,202607-AI,若水秧翠｜東京視野・頂埔門牌｜1~3房．20~42坪,/buildings/rsh1/,1,1,1,1,0
line-lap / eh2,20260701B,若水秧翠｜東京視野・頂埔門牌｜1~3房．20~42坪,/buildings/rsh1/,1,1,1,1,2
line-lap / eh2,20260701C,若水秧翠｜東京視野・頂埔門牌｜1~3房．20~42坪,/buildings/rsh1/,1,1,1,1,3
web-edm / friends,20260717,若水秧翠｜東京視野・頂埔門牌｜1~3房．20~42坪,/buildings/rsh1/,1,1,1,1,54
fb / bh13,4,若水秧翠｜東京視野・頂埔門牌｜1~3房．20~42坪,/buildings/rsh1/,1,1,1,1,65
line-lap / 5vo1,7-5,若水秧翠｜東京視野・頂埔門牌｜1~3房．20~42坪,/buildings/rsh1/,1,1,1,1,0
google / cpc,BH8-建案相關,若水秧翠｜東京視野・頂埔門牌｜1~3房．20~42坪,/buildings/rsh1/,1,1,1,1,48
web-sms / bh8,CRM-004-D,若水秧翠｜東京視野・頂埔門牌｜1~3房．20~42坪,/buildings/rsh1/,1,1,2,2,11
google / cpc,WDH2-品牌字,若水秧翠｜東京視野・頂埔門牌｜1~3房．20~42坪,/buildings/rsh1/,1,1,1,1,156
google / cpc,WDH2-地區字,若水秧翠｜東京視野・頂埔門牌｜1~3房．20~42坪,/buildings/rsh1/,1,1,1,1,24
google / cpc,WDH2-地區字北投,若水秧翠｜東京視野・頂埔門牌｜1~3房．20~42坪,/buildings/rsh1/,1,1,1,1,42
google / cpc,WDH2-買房字,若水秧翠｜東京視野・頂埔門牌｜1~3房．20~42坪,/buildings/rsh1/,1,1,1,1,0
google / cpc,area,若水秧翠｜東京視野・頂埔門牌｜1~3房．20~42坪,/buildings/rsh1/,1,1,1,1,15
fb / evp,fanpage,若水秧翠｜東京視野・頂埔門牌｜1~3房．20~42坪,/buildings/rsh1/,1,1,2,2,8
fb / dh2,fb-64,若水秧翠｜東京視野・頂埔門牌｜1~3房．20~42坪,/buildings/rsh1/,1,1,1,1,36
fb / rsh1,fb4-1videovertical,若水秧翠｜東京視野・頂埔門牌｜1~3房．20~42坪,/buildings/rsh1/,1,1,1,1,0
fb / bh10,fbfanpage,若水秧翠｜東京視野・頂埔門牌｜1~3房．20~42坪,/buildings/rsh1/,1,1,1,1,31
fb / rsh1,fbfanpage0131,若水秧翠｜東京視野・頂埔門牌｜1~3房．20~42坪,/buildings/rsh1/,1,1,1,1,8
fb / rsh1,fbfanpage0320,若水秧翠｜東京視野・頂埔門牌｜1~3房．20~42坪,/buildings/rsh1/,1,1,1,1,67
fb / rsh1,fbfanpage0612,若水秧翠｜東京視野・頂埔門牌｜1~3房．20~42坪,/buildings/rsh1/,1,1,1,1,0
fb / eh6,form,若水秧翠｜東京視野・頂埔門牌｜1~3房．20~42坪,/buildings/rsh1/,1,1,1,1,0
google / cpc,gdn-4,若水秧翠｜東京視野・頂埔門牌｜1~3房．20~42坪,/buildings/rsh1/,1,1,1,1,45
ig / social,ig,若水秧翠｜東京視野・頂埔門牌｜1~3房．20~42坪,/buildings/rsh1/,1,1,1,1,71
line-lap / bh13,lap-1,若水秧翠｜東京視野・頂埔門牌｜1~3房．20~42坪,/buildings/rsh1/,1,1,1,1,0
line-lap / bh13,lap-2,若水秧翠｜東京視野・頂埔門牌｜1~3房．20~42坪,/buildings/rsh1/,1,1,1,1,225
fb / wdh2,lbs-sms202608,若水秧翠｜東京視野・頂埔門牌｜1~3房．20~42坪,/buildings/rsh1/,1,1,1,1,12
fb / eh2,leads,若水秧翠｜東京視野・頂埔門牌｜1~3房．20~42坪,/buildings/rsh1/,1,1,1,1,72
fb / fh2,leads,若水秧翠｜東京視野・頂埔門牌｜1~3房．20~42坪,/buildings/rsh1/,1,1,1,1,113
fb / h713,leads,若水秧翠｜東京視野・頂埔門牌｜1~3房．20~42坪,/buildings/rsh1/,1,1,1,1,3
google / cpc,newtaipei,若水秧翠｜東京視野・頂埔門牌｜1~3房．20~42坪,/buildings/rsh1/,1,1,1,1,26
google_kw / hm2,sitelink,若水秧翠｜東京視野・頂埔門牌｜1~3房．20~42坪,/buildings/rsh1/,1,1,1,1,66
web / bh10,web-Google map,若水秧翠｜東京視野・頂埔門牌｜1~3房．20~42坪,/buildings/rsh1/,1,1,1,1,69
web-udn / rsh1,web-udn0508,若水秧翠｜東京視野・頂埔門牌｜1~3房．20~42坪,/buildings/rsh1/,1,1,1,1,74
fgr-line / fgr,生活提案,若水秧翠｜東京視野・頂埔門牌｜1~3房．20~42坪,/buildings/rsh1/,1,1,2,2,1
(not set),20260805一輪播,(1) 封未讀訊息 | 天母蒔麗｜15~25坪．1-2房｜北投行義路，近石牌站,/buildings/wdh2/,1,1,0,0,315
google / cpc,WDH2-品牌字,(1) 封未讀訊息 | 天母蒔麗｜15~25坪．1-2房｜北投行義路，近石牌站,/buildings/wdh2/,1,1,0,0,1
google / cpc,WDH2-地區字,(1) 封未讀訊息 | 天母蒔麗｜15~25坪．1-2房｜北投行義路，近石牌站,/buildings/wdh2/,1,1,0,0,50
line-lap / wdh2,line-lap4-3_600x400,(1) 封未讀訊息 | 天母蒔麗｜15~25坪．1-2房｜北投行義路，近石牌站,/buildings/wdh2/,1,1,0,0,6
LINE-Liff / bh11,202607-AI,(2) 封未讀訊息 | 天母蒔麗｜15~25坪．1-2房｜北投行義路，近石牌站,/buildings/wdh2/,1,1,0,0,3
google / cpc,WDH2-品牌字,(2) 封未讀訊息 | 天母蒔麗｜15~25坪．1-2房｜北投行義路，近石牌站,/buildings/wdh2/,1,1,0,0,9
fb / wdh2,lbs-sms202608,(2) 封未讀訊息 | 天母蒔麗｜15~25坪．1-2房｜北投行義路，近石牌站,/buildings/wdh2/,1,1,0,0,76
google / cpc,WDH2-買房字,"Tianmu Dili | 15~25 ping. 1-2 rooms | Beitou Xingyi Road, near Shipai Station",/buildings/wdh2/,1,1,0,0,25
fb / wdh2,lbs-sms202608,"Tianmu Dili | 15~25 ping. 1-2 rooms | Beitou Xingyi Road, near Shipai Station",/buildings/wdh2/,1,1,0,0,46
(data not available),(cross-network),"Tianmu Shili | 15-25 ping (approximately 33-66 square meters), 1-2 bedrooms | Xingyi Road, Beitou District, near Shipai Station",/buildings/wdh2/,1,1,1,1,10
google / cpc,WDH2-品牌字,"Tianmu Shili | 15-25 ping (approximately 33-66 square meters), 1-2 bedrooms | Xingyi Road, Beitou District, near Shipai Station",/buildings/wdh2/,1,1,0,0,25
google / cpc,WDH2-地區字,"Tianmu Shili | 15-25 ping (approximately 33-66 square meters), 1-2 bedrooms | Xingyi Road, Beitou District, near Shipai Station",/buildings/wdh2/,1,1,1,1,0
google / cpc,WDH2-地區字北投,"Tianmu Shili | 15-25 ping (approximately 33-66 square meters), 1-2 bedrooms | Xingyi Road, Beitou District, near Shipai Station",/buildings/wdh2/,1,1,0,0,14
google / cpc,WDH2-競品字,"Tianmu Shili | 15-25 ping (approximately 33-66 square meters), 1-2 bedrooms | Xingyi Road, Beitou District, near Shipai Station",/buildings/wdh2/,1,1,0,0,7
google / cpc,WDH2-買房字,"Tianmu Shili | 15-25 ping (approximately 33-66 square meters), 1-2 bedrooms | Xingyi Road, Beitou District, near Shipai Station",/buildings/wdh2/,1,1,0,0,5
google_kw / wdh2,buyhouse,"Tianmu Shili | 15-25 ping (approximately 33-66 square meters), 1-2 bedrooms | Xingyi Road, Beitou District, near Shipai Station",/buildings/wdh2/,1,1,0,0,1
fb / wdh2,lbs-sms202608,"Tianmu Shili | 15-25 ping (approximately 33-66 square meters), 1-2 bedrooms | Xingyi Road, Beitou District, near Shipai Station",/buildings/wdh2/,1,1,0,0,47
web-ltn / wdh2,web-ltn0821,"Tianmu Shili | 15-25 ping (approximately 33-66 square meters), 1-2 bedrooms | Xingyi Road, Beitou District, near Shipai Station",/buildings/wdh2/,1,1,0,0,27
google / cpc,WDH2-買房字,"Tianmu Shili | 15-25 ping (sekitar 33-66 meter persegi), 1-2 kamar tidur | Jalan Xingyi, Distrik Beitou, dekat Stasiun Shipai",/buildings/wdh2/,1,1,1,1,31
line-lap / (not set),(not set),天母蒔麗｜15~25坪．1-2房｜北投行義路，近石牌站,/buildings/wdh2/,1,1,1,1,0
google_kw / bh13,(organic),天母蒔麗｜15~25坪．1-2房｜北投行義路，近石牌站,/buildings/wdh2/,1,1,1,1,8
10.77.55.125 / referral,(referral),天母蒔麗｜15~25坪．1-2房｜北投行義路，近石牌站,/buildings/wdh2/,1,1,3,3,19
104.com.tw / referral,(referral),天母蒔麗｜15~25坪．1-2房｜北投行義路，近石牌站,/buildings/wdh2/,1,1,1,1,36
google_kw / h713,(referral),天母蒔麗｜15~25坪．1-2房｜北投行義路，近石牌站,/buildings/wdh2/,1,1,1,1,0
l.facebook.com / referral,(referral),天母蒔麗｜15~25坪．1-2房｜北投行義路，近石牌站,/buildings/wdh2/,1,1,1,1,1
line-lap / hm2,0602,天母蒔麗｜15~25坪．1-2房｜北投行義路，近石牌站,/buildings/wdh2/,1,1,1,1,3
line-lap / hm2,0603,天母蒔麗｜15~25坪．1-2房｜北投行義路，近石牌站,/buildings/wdh2/,1,1,2,2,9
line-lap / dh6,1,天母蒔麗｜15~25坪．1-2房｜北投行義路，近石牌站,/buildings/wdh2/,1,1,1,1,0
fb / paid,120229486716970138,天母蒔麗｜15~25坪．1-2房｜北投行義路，近石牌站,/buildings/wdh2/,1,1,1,1,16
fb / paid,120241218501380402,天母蒔麗｜15~25坪．1-2房｜北投行義路，近石牌站,/buildings/wdh2/,1,1,1,1,3
google / cpc,20250616_品牌字,天母蒔麗｜15~25坪．1-2房｜北投行義路，近石牌站,/buildings/wdh2/,1,1,1,1,11
(not set),20260618一輪播,天母蒔麗｜15~25坪．1-2房｜北投行義路，近石牌站,/buildings/wdh2/,1,1,1,1,22
line-lap / ar1,20260625-13-1-2,天母蒔麗｜15~25坪．1-2房｜北投行義路，近石牌站,/buildings/wdh2/,1,1,1,1,0
google_kw / hm2,202607,天母蒔麗｜15~25坪．1-2房｜北投行義路，近石牌站,/buildings/wdh2/,1,1,2,2,62
LINE-Liff / bh11,202607-AI,天母蒔麗｜15~25坪．1-2房｜北投行義路，近石牌站,/buildings/wdh2/,1,1,1,1,0
line-lap / eh2,20260701B,天母蒔麗｜15~25坪．1-2房｜北投行義路，近石牌站,/buildings/wdh2/,1,1,1,1,4
google_kw / hm2,202608,天母蒔麗｜15~25坪．1-2房｜北投行義路，近石牌站,/buildings/wdh2/,1,1,1,1,11
line-lap / 5vo1,5-2,天母蒔麗｜15~25坪．1-2房｜北投行義路，近石牌站,/buildings/wdh2/,1,1,1,1,0
line-lap / 5vo1,7-2,天母蒔麗｜15~25坪．1-2房｜北投行義路，近石牌站,/buildings/wdh2/,1,1,2,2,6
google / cpc,O1_競品字_2025.0801,天母蒔麗｜15~25坪．1-2房｜北投行義路，近石牌站,/buildings/wdh2/,1,1,1,1,16
google / cpc,RSH1-買房字,天母蒔麗｜15~25坪．1-2房｜北投行義路，近石牌站,/buildings/wdh2/,1,1,1,1,18
google / cpc,brand0701,天母蒔麗｜15~25坪．1-2房｜北投行義路，近石牌站,/buildings/wdh2/,1,1,1,1,12
google_kw / fm3,competitor,天母蒔麗｜15~25坪．1-2房｜北投行義路，近石牌站,/buildings/wdh2/,1,1,1,1,1
google_kw / bh10,competitor-farglory,天母蒔麗｜15~25坪．1-2房｜北投行義路，近石牌站,/buildings/wdh2/,1,1,1,1,10
google / cpc,demand,天母蒔麗｜15~25坪．1-2房｜北投行義路，近石牌站,/buildings/wdh2/,1,1,1,1,30
fb / dh2,fb-64,天母蒔麗｜15~25坪．1-2房｜北投行義路，近石牌站,/buildings/wdh2/,1,1,1,1,43
fb / bh8,fb28-2,天母蒔麗｜15~25坪．1-2房｜北投行義路，近石牌站,/buildings/wdh2/,1,1,3,3,44
fb / wdh2,fbfanpage0515,天母蒔麗｜15~25坪．1-2房｜北投行義路，近石牌站,/buildings/wdh2/,1,1,1,1,13
fb / wdh2,fbfanpage0815,天母蒔麗｜15~25坪．1-2房｜北投行義路，近石牌站,/buildings/wdh2/,1,1,1,1,0
fb / bh10,fblead,天母蒔麗｜15~25坪．1-2房｜北投行義路，近石牌站,/buildings/wdh2/,1,1,1,1,0
fb / dgm1,fbvideo6-1-pv,天母蒔麗｜15~25坪．1-2房｜北投行義路，近石牌站,/buildings/wdh2/,1,1,1,1,0
ig / social,ig,天母蒔麗｜15~25坪．1-2房｜北投行義路，近石牌站,/buildings/wdh2/,1,1,1,1,14
line-lap / bh13,lap-2,天母蒔麗｜15~25坪．1-2房｜北投行義路，近石牌站,/buildings/wdh2/,1,1,1,1,1
google / cpc,lbs,天母蒔麗｜15~25坪．1-2房｜北投行義路，近石牌站,/buildings/wdh2/,1,1,1,1,24
line / wdh2,line0807,天母蒔麗｜15~25坪．1-2房｜北投行義路，近石牌站,/buildings/wdh2/,1,1,5,5,161
google / cpc,othercities_brand,天母蒔麗｜15~25坪．1-2房｜北投行義路，近石牌站,/buildings/wdh2/,1,1,1,1,6
google / cpc,tianmu,天母蒔麗｜15~25坪．1-2房｜北投行義路，近石牌站,/buildings/wdh2/,1,1,1,1,0
web-chinatimes / wdh2,web-chinatimes0703,天母蒔麗｜15~25坪．1-2房｜北投行義路，近石牌站,/buildings/wdh2/,1,1,1,1,0
(not set),新北板橋,天母蒔麗｜15~25坪．1-2房｜北投行義路，近石牌站,/buildings/wdh2/,1,1,3,3,0
google / organic,(organic),(1) 封未讀訊息 | 遠雄夏沐-桃園市桃園區成屋/新建案-預約賞屋，遠雄房地產,/buildings/遠雄夏沐/,1,1,0,0,7
C / B,(not set),(2) 封未讀訊息 | 遠雄夏沐-桃園市桃園區成屋/新建案-預約賞屋，遠雄房地產,/buildings/遠雄夏沐/,1,1,0,0,6
C / B,(not set),遠雄夏沐-桃園市桃園區成屋/新建案-預約賞屋，遠雄房地產,/buildings/遠雄夏沐/,1,1,1,1,0
google_kw / bh13,(organic),遠雄夏沐-桃園市桃園區成屋/新建案-預約賞屋，遠雄房地產,/buildings/遠雄夏沐/,1,1,1,1,1
10.77.55.125 / referral,(referral),遠雄夏沐-桃園市桃園區成屋/新建案-預約賞屋，遠雄房地產,/buildings/遠雄夏沐/,1,1,2,2,2
122.146.13.233 / referral,(referral),遠雄夏沐-桃園市桃園區成屋/新建案-預約賞屋，遠雄房地產,/buildings/遠雄夏沐/,1,1,1,1,6
console-v2.omnichat.ai / referral,(referral),遠雄夏沐-桃園市桃園區成屋/新建案-預約賞屋，遠雄房地產,/buildings/遠雄夏沐/,1,1,1,1,15
tw.search.yahoo.com / referral,(referral),遠雄夏沐-桃園市桃園區成屋/新建案-預約賞屋，遠雄房地產,/buildings/遠雄夏沐/,1,1,1,1,38
fb / O1,120227538157820464,遠雄夏沐-桃園市桃園區成屋/新建案-預約賞屋，遠雄房地產,/buildings/遠雄夏沐/,1,1,1,1,9
google_kw / hm2,202608,遠雄夏沐-桃園市桃園區成屋/新建案-預約賞屋，遠雄房地產,/buildings/遠雄夏沐/,1,1,1,1,98
fb / bh7,31,遠雄夏沐-桃園市桃園區成屋/新建案-預約賞屋，遠雄房地產,/buildings/遠雄夏沐/,1,1,2,2,0
google / cpc,BH8-建案相關,遠雄夏沐-桃園市桃園區成屋/新建案-預約賞屋，遠雄房地產,/buildings/遠雄夏沐/,1,1,1,1,65
google / cpc,O1_品牌字_2025.0801,遠雄夏沐-桃園市桃園區成屋/新建案-預約賞屋，遠雄房地產,/buildings/遠雄夏沐/,1,1,1,1,2
google / cpc,O1_地區字_2025.0801,遠雄夏沐-桃園市桃園區成屋/新建案-預約賞屋，遠雄房地產,/buildings/遠雄夏沐/,1,1,1,1,9
fb / bh8,fb32-1,遠雄夏沐-桃園市桃園區成屋/新建案-預約賞屋，遠雄房地產,/buildings/遠雄夏沐/,1,1,1,1,6
fb / bh10,fbfanpage,遠雄夏沐-桃園市桃園區成屋/新建案-預約賞屋，遠雄房地產,/buildings/遠雄夏沐/,1,1,1,1,18
fb / h713,leads,遠雄夏沐-桃園市桃園區成屋/新建案-預約賞屋，遠雄房地產,/buildings/遠雄夏沐/,1,1,1,1,22
google / cpc,(not set),遠雄房地產,/campaign,1,1,1,1,0
fb / bh13,1,遠雄房地產,/campaign,1,1,2,2,0
LINE-Liff / eh1,202606-AI,遠雄房地產,/campaign,1,1,1,1,0
fgr-line / ar1,20260601,遠雄房地產,/campaign,1,1,1,1,0
fgr-line / bh13,20260619,遠雄房地產,/campaign,1,1,1,1,0
fgr-line / eh6,20260717,遠雄房地產,/campaign,1,1,1,1,0
fg-line / ar1,20260724,遠雄房地產,/campaign,1,1,1,1,0
youtube / fgr,expert_zhu_legal-reserve,遠雄房地產,/campaign,1,1,1,1,0
omnichat / keyword_line,keyword_line,遠雄房地產,/campaign,1,1,1,1,0
line / bh10,line0725,遠雄房地產,/campaign,1,1,2,2,0
fgr-line / dh6,listbutton,遠雄房地產,/campaign,1,1,2,2,0
(not set),生活提案,遠雄房地產,/campaign,1,1,1,1,0
google / cpc,(not set),遠雄房地產官方LINE,/campaign,1,1,1,1,57
fb / bh13,1,遠雄房地產官方LINE,/campaign,1,1,0,0,5
LINE-Liff / eh1,202606-AI,遠雄房地產官方LINE,/campaign,1,1,1,1,0
fgr-line / ar1,20260601,遠雄房地產官方LINE,/campaign,1,1,3,3,622
fgr-line / bh13,20260619,遠雄房地產官方LINE,/campaign,1,1,3,3,0
LINE-Liff / bh11,202607-AI,遠雄房地產官方LINE,/campaign,1,1,4,4,155
fgr-line / eh6,20260717,遠雄房地產官方LINE,/campaign,1,1,1,1,97
fg-line / ar1,20260724,遠雄房地產官方LINE,/campaign,1,1,1,1,78
fgr-line / fgr,expert_law_y-rlee_joint-ownership,遠雄房地產官方LINE,/campaign,1,1,2,2,165
youtube / fgr,expert_zhu_legal-reserve,遠雄房地產官方LINE,/campaign,1,1,1,1,3
omnichat / keyword_line,keyword_line,遠雄房地產官方LINE,/campaign,1,1,1,1,301
line / bh10,line0725,遠雄房地產官方LINE,/campaign,1,1,2,2,0
fgr-line / dh6,listbutton,遠雄房地產官方LINE,/campaign,1,1,2,2,87
(not set),生活提案,遠雄房地產官方LINE,/campaign,1,1,1,1,66
LINE-Liff / bh8,202607-AI,遠雄房地產,/campaign/,1,1,1,1,0
LINE-Liff / bh8,202607-AI,遠雄房地產官方LINE,/campaign/,1,1,0,0,89
(not set),20260702一輪播,遠雄房地產官方LINE,/campaign/,1,1,1,1,0
(not set),(not set),(not set),/campaign/index.html,1,1,0,0,0
bing / organic,(organic),(not set),/campaign/index.html,1,1,1,1,0
liff.line.me / referral,(referral),(not set),/campaign/index.html,1,1,1,1,0
tw.images.search.yahoo.com / referral,(referral),(not set),/campaign/index.html,1,1,2,2,0
pop-outdoor / eh6,20260201,(not set),/campaign/index.html,1,1,1,1,0
web / eh6,202608-lavie,(not set),/campaign/index.html,1,1,2,2,0
google / cpc,Qianzhen.Qianjin,(not set),/campaign/index.html,1,1,1,1,0
google / cpc,brand,(not set),/campaign/index.html,1,1,1,1,0
youtube / fgr,expert_zhu_legal-reserve,(not set),/campaign/index.html,1,1,1,1,0
(direct) / (none),生活提案,(not set),/campaign/index.html,1,1,13,13,0
(not set),高雄鼓山,(not set),/campaign/index.html,1,1,1,1,0
(direct) / (none),生活提案,0816醫師公會設攤,/campaign/index.html,1,1,0,0,748
liff.line.me / referral,(referral),EH6-0822招財樹手作活動,/campaign/index.html,1,1,0,0,11
(direct) / (none),(direct),EH6-0912法式永生乾燥油,/campaign/index.html,1,1,0,0,0
(direct) / (none),(direct),FM3-POP信義路157號測,/campaign/index.html,1,1,0,0,6
(not set),20260618一輪播,存房三部曲,/campaign/index.html,1,1,1,1,1
pop-outdoor / eh6,20260201,存房盛世,/campaign/index.html,1,1,0,0,38
(not set),高雄鼓山,存房盛世,/campaign/index.html,1,1,0,0,0
youtube / fgr,expert_zhu_legal-reserve,小花園壓克力畫手作,/campaign/index.html,1,1,0,0,0
google / organic,(organic),工程師盃戰鬥陀螺賽,/campaign/index.html,1,1,1,1,20
google / cpc,Qianzhen.Qianjin,工程師盃戰鬥陀螺賽,/campaign/index.html,1,1,0,0,21
google / cpc,brand,房產稅務講座0822,/campaign/index.html,1,1,0,0,0
tw.images.search.yahoo.com / referral,(referral),禾境住商建案分享會0828,/campaign/index.html,1,1,0,0,11
(direct) / (none),(direct),萬軒茶室--品茶x遠雄琉蘊賞析,/campaign/index.html,1,1,1,1,7
(not set),生活提案,遠壽不動產投資資產配置講座,/campaign/index.html,1,1,1,1,109
(direct) / (none),(direct),遠雄人壽建案分享會,/campaign/index.html,1,1,1,1,7
(direct) / (none),(direct),CASA GAUDI 晴空樹,/casa_gaudi/,1,1,1,1,0
google / organic,(organic),(1) 封未讀訊息 | 熱銷建案：全台預售屋與新成屋一覽，遠雄房地產助您尋獲理想好宅,/case/,1,1,0,0,4
google / cpc,project,(1) 封未讀訊息 | 熱銷建案：全台預售屋與新成屋一覽，遠雄房地產助您尋獲理想好宅,/case/,1,1,0,0,1
news / bh13,20260508,(2) 封未讀訊息 | 熱銷建案：全台預售屋與新成屋一覽，遠雄房地產助您尋獲理想好宅,/case/,1,1,0,0,2
chatgpt.com / ai-assistant,(ai-assistant),熱銷建案：全台預售屋與新成屋一覽，遠雄房地產助您尋獲理想好宅,/case/,1,1,1,1,9
(data not available),(cross-network),熱銷建案：全台預售屋與新成屋一覽，遠雄房地產助您尋獲理想好宅,/case/,1,1,1,1,0
google_kw / h713,(not set),熱銷建案：全台預售屋與新成屋一覽，遠雄房地產助您尋獲理想好宅,/case/,1,1,1,1,0
google / cpc,(organic),熱銷建案：全台預售屋與新成屋一覽，遠雄房地產助您尋獲理想好宅,/case/,1,1,1,1,8
yahoo / organic,(organic),熱銷建案：全台預售屋與新成屋一覽，遠雄房地產助您尋獲理想好宅,/case/,1,1,1,1,5
mkto-sn070013.com / referral,(referral),熱銷建案：全台預售屋與新成屋一覽，遠雄房地產助您尋獲理想好宅,/case/,1,1,2,2,6
pushpin.corp.google.com / referral,(referral),熱銷建案：全台預售屋與新成屋一覽，遠雄房地產助您尋獲理想好宅,/case/,1,1,1,1,4
line-lap / hm2,0601,熱銷建案：全台預售屋與新成屋一覽，遠雄房地產助您尋獲理想好宅,/case/,1,1,1,1,19
fb / eh1,11-1,熱銷建案：全台預售屋與新成屋一覽，遠雄房地產助您尋獲理想好宅,/case/,1,1,1,1,18
fb / dh6,12,熱銷建案：全台預售屋與新成屋一覽，遠雄房地產助您尋獲理想好宅,/case/,1,1,1,1,8
fb / paid,120233718740630316,熱銷建案：全台預售屋與新成屋一覽，遠雄房地產助您尋獲理想好宅,/case/,1,1,1,1,7
fb / bh13,120242182236150678,熱銷建案：全台預售屋與新成屋一覽，遠雄房地產助您尋獲理想好宅,/case/,1,1,1,1,2
fb / h713,124,熱銷建案：全台預售屋與新成屋一覽，遠雄房地產助您尋獲理想好宅,/case/,1,1,1,1,24
fb / h713,125,熱銷建案：全台預售屋與新成屋一覽，遠雄房地產助您尋獲理想好宅,/case/,1,1,1,1,5
web-ettoday / O1,20240912,熱銷建案：全台預售屋與新成屋一覽，遠雄房地產助您尋獲理想好宅,/case/,1,1,1,1,14
google / cpc,20250616_品牌字,熱銷建案：全台預售屋與新成屋一覽，遠雄房地產助您尋獲理想好宅,/case/,1,1,1,1,1
web-ettoday / ah2,20250701,熱銷建案：全台預售屋與新成屋一覽，遠雄房地產助您尋獲理想好宅,/case/,1,1,2,2,3
google_kw / hm2,202603,熱銷建案：全台預售屋與新成屋一覽，遠雄房地產助您尋獲理想好宅,/case/,1,1,1,1,2
news / bh13,20260508,熱銷建案：全台預售屋與新成屋一覽，遠雄房地產助您尋獲理想好宅,/case/,1,1,1,1,3
google_kw / hm2,202607,熱銷建案：全台預售屋與新成屋一覽，遠雄房地產助您尋獲理想好宅,/case/,1,1,1,1,8
web-edm / friends,20260717,熱銷建案：全台預售屋與新成屋一覽，遠雄房地產助您尋獲理想好宅,/case/,1,1,1,1,19
fb / bh7,28,熱銷建案：全台預售屋與新成屋一覽，遠雄房地產助您尋獲理想好宅,/case/,1,1,1,1,33
line-lap / h707,3,熱銷建案：全台預售屋與新成屋一覽，遠雄房地產助您尋獲理想好宅,/case/,1,1,1,1,59
gdn / hm2,4-2pmax,熱銷建案：全台預售屋與新成屋一覽，遠雄房地產助您尋獲理想好宅,/case/,1,1,1,1,0
fb / eh1,5-4,熱銷建案：全台預售屋與新成屋一覽，遠雄房地產助您尋獲理想好宅,/case/,1,1,1,1,18
line-lap / 5vo1,7-4,熱銷建案：全台預售屋與新成屋一覽，遠雄房地產助您尋獲理想好宅,/case/,1,1,2,2,2
google / cpc,BH8-地區字,熱銷建案：全台預售屋與新成屋一覽，遠雄房地產助您尋獲理想好宅,/case/,1,1,1,1,6
google / cpc,O1_競品字_2025.0801,熱銷建案：全台預售屋與新成屋一覽，遠雄房地產助您尋獲理想好宅,/case/,1,1,2,2,5
google / cpc,Qianzhen.Qianjin,熱銷建案：全台預售屋與新成屋一覽，遠雄房地產助您尋獲理想好宅,/case/,1,1,1,1,2
google_kw / hm2,202511,(not set),(not set),1,1,0,0,0
google / cpc,RSH1-地區字新北,熱銷建案：全台預售屋與新成屋一覽，遠雄房地產助您尋獲理想好宅,/case/,1,1,1,1,0
google / cpc,RSH1-競品字,熱銷建案：全台預售屋與新成屋一覽，遠雄房地產助您尋獲理想好宅,/case/,1,1,1,1,5
google / cpc,WDH2-地區字,熱銷建案：全台預售屋與新成屋一覽，遠雄房地產助您尋獲理想好宅,/case/,1,1,2,2,0
google / cpc,WDH2-地區字北投,熱銷建案：全台預售屋與新成屋一覽，遠雄房地產助您尋獲理想好宅,/case/,1,1,1,1,3
google / cpc,WDH2-買房字,熱銷建案：全台預售屋與新成屋一覽，遠雄房地產助您尋獲理想好宅,/case/,1,1,1,1,2
google / cpc,area_Industrial-Office,熱銷建案：全台預售屋與新成屋一覽，遠雄房地產助您尋獲理想好宅,/case/,1,1,1,1,0
google / cpc,area_Office,熱銷建案：全台預售屋與新成屋一覽，遠雄房地產助您尋獲理想好宅,/case/,1,1,1,1,1
google_kw / bh10,beitun,熱銷建案：全台預售屋與新成屋一覽，遠雄房地產助您尋獲理想好宅,/case/,1,1,1,1,3
google / cpc,demand,熱銷建案：全台預售屋與新成屋一覽，遠雄房地產助您尋獲理想好宅,/case/,1,1,1,1,4
fb / evp,fanpage,熱銷建案：全台預售屋與新成屋一覽，遠雄房地產助您尋獲理想好宅,/case/,1,1,1,1,12
line-lap / eh6,fb5-4,熱銷建案：全台預售屋與新成屋一覽，遠雄房地產助您尋獲理想好宅,/case/,1,1,1,1,17
fb / eh1,fbfanpage,熱銷建案：全台預售屋與新成屋一覽，遠雄房地產助您尋獲理想好宅,/case/,1,1,2,2,6
fb / eh5,fbfanpage,熱銷建案：全台預售屋與新成屋一覽，遠雄房地產助您尋獲理想好宅,/case/,1,1,1,1,3
fb / rsh1,fbfanpage,熱銷建案：全台預售屋與新成屋一覽，遠雄房地產助您尋獲理想好宅,/case/,1,1,1,1,1
google / cpc,gdn-dgc-stage,熱銷建案：全台預售屋與新成屋一覽，遠雄房地產助您尋獲理想好宅,/case/,1,1,1,1,3
google_kw / cqh1,googlemap,熱銷建案：全台預售屋與新成屋一覽，遠雄房地產助您尋獲理想好宅,/case/,1,1,1,1,0
socialmedia / bh11,googlemap,熱銷建案：全台預售屋與新成屋一覽，遠雄房地產助您尋獲理想好宅,/case/,1,1,2,2,15
google / cpc,lbs,熱銷建案：全台預售屋與新成屋一覽，遠雄房地產助您尋獲理想好宅,/case/,1,1,2,2,16
fb / fh2,lbs-sms202608,熱銷建案：全台預售屋與新成屋一覽，遠雄房地產助您尋獲理想好宅,/case/,1,1,1,1,3
fb / wdh2,lbs-sms202608,熱銷建案：全台預售屋與新成屋一覽，遠雄房地產助您尋獲理想好宅,/case/,1,1,1,1,0
fb / dh2,leads,熱銷建案：全台預售屋與新成屋一覽，遠雄房地產助您尋獲理想好宅,/case/,1,1,1,1,2
fb / eh2,leads,熱銷建案：全台預售屋與新成屋一覽，遠雄房地產助您尋獲理想好宅,/case/,1,1,1,1,3
line-lap / wdh2,line-lap4-3,熱銷建案：全台預售屋與新成屋一覽，遠雄房地產助您尋獲理想好宅,/case/,1,1,1,1,8
line-lap / wdh2,line-lap4-3_600x400,熱銷建案：全台預售屋與新成屋一覽，遠雄房地產助您尋獲理想好宅,/case/,1,1,1,1,35
line / wdh2,line0807,熱銷建案：全台預售屋與新成屋一覽，遠雄房地產助您尋獲理想好宅,/case/,1,1,1,1,4
google / cpc,newtaipei,熱銷建案：全台預售屋與新成屋一覽，遠雄房地產助您尋獲理想好宅,/case/,1,1,1,1,3
google / cpc,othercities_brand,熱銷建案：全台預售屋與新成屋一覽，遠雄房地產助您尋獲理想好宅,/case/,1,1,2,2,3
web / bh11,popup_ai_202608,熱銷建案：全台預售屋與新成屋一覽，遠雄房地產助您尋獲理想好宅,/case/,1,1,2,2,0
google / cpc,project,熱銷建案：全台預售屋與新成屋一覽，遠雄房地產助您尋獲理想好宅,/case/,1,1,1,1,1
google_kw / hm2,sitelink,熱銷建案：全台預售屋與新成屋一覽，遠雄房地產助您尋獲理想好宅,/case/,1,1,1,1,16
web-udn / dgm1,web-udn0626,熱銷建案：全台預售屋與新成屋一覽，遠雄房地產助您尋獲理想好宅,/case/,1,1,1,1,0
youtube / bh10,youtubemana,熱銷建案：全台預售屋與新成屋一覽，遠雄房地產助您尋獲理想好宅,/case/,1,1,1,1,2
google / organic,(organic),(1) 封未讀訊息 | 熱銷建案一覽：遠雄全台預售屋、新建案與新成屋，尋獲理想家園,/case/search/,1,1,0,0,22
LINE-Liff / bh11,202607-AI,(2) 封未讀訊息 | 熱銷建案一覽：遠雄全台預售屋、新建案與新成屋，尋獲理想家園,/case/search/,1,1,0,0,4
chatgpt.com / o1,googlemap,"List of hot-selling construction projects: Yuanxiong pre-sale houses, new construction projects and new houses in Taiwan, find the ideal home",/case/search/,1,1,0,0,16
(not set),(not set),熱銷建案一覽：遠雄全台預售屋、新建案與新成屋，尋獲理想家園,/case/search/,1,1,0,0,10
C / B,(not set),熱銷建案一覽：遠雄全台預售屋、新建案與新成屋，尋獲理想家園,/case/search/,1,1,1,1,1
google_kw / h713,(not set),熱銷建案一覽：遠雄全台預售屋、新建案與新成屋，尋獲理想家園,/case/search/,1,1,1,1,5
google_kw / bh5,(organic),熱銷建案一覽：遠雄全台預售屋、新建案與新成屋，尋獲理想家園,/case/search/,1,1,4,4,24
yahoo / organic,(organic),熱銷建案一覽：遠雄全台預售屋、新建案與新成屋，尋獲理想家園,/case/search/,1,1,3,3,53
10.77.55.125 / referral,(referral),熱銷建案一覽：遠雄全台預售屋、新建案與新成屋，尋獲理想家園,/case/search/,1,1,6,6,23
104.com.tw / referral,(referral),熱銷建案一覽：遠雄全台預售屋、新建案與新成屋，尋獲理想家園,/case/search/,1,1,1,1,11
access.line.me / referral,(referral),熱銷建案一覽：遠雄全台預售屋、新建案與新成屋，尋獲理想家園,/case/search/,1,1,1,1,2
cn.bing.com / referral,(referral),熱銷建案一覽：遠雄全台預售屋、新建案與新成屋，尋獲理想家園,/case/search/,1,1,3,3,7
ekilookhouse168.pixnet.net / referral,(referral),熱銷建案一覽：遠雄全台預售屋、新建案與新成屋，尋獲理想家園,/case/search/,1,1,3,3,51
excel.officeapps.live.com / referral,(referral),熱銷建案一覽：遠雄全台預售屋、新建案與新成屋，尋獲理想家園,/case/search/,1,1,1,1,14
google_kw / h713,(referral),熱銷建案一覽：遠雄全台預售屋、新建案與新成屋，尋獲理想家園,/case/search/,1,1,2,2,14
page.line.me / referral,(referral),熱銷建案一覽：遠雄全台預售屋、新建案與新成屋，尋獲理想家園,/case/search/,1,1,1,1,26
promo.farglory.com.tw / referral,(referral),熱銷建案一覽：遠雄全台預售屋、新建案與新成屋，尋獲理想家園,/case/search/,1,1,1,1,5
taipeidome.com.tw / referral,(referral),熱銷建案一覽：遠雄全台預售屋、新建案與新成屋，尋獲理想家園,/case/search/,1,1,1,1,8
teams.public.onecdn.static.microsoft / referral,(referral),熱銷建案一覽：遠雄全台預售屋、新建案與新成屋，尋獲理想家園,/case/search/,1,1,1,1,1
zh.wikipedia.org / referral,(referral),熱銷建案一覽：遠雄全台預售屋、新建案與新成屋，尋獲理想家園,/case/search/,1,1,1,1,14
line-lap / hm2,0601,熱銷建案一覽：遠雄全台預售屋、新建案與新成屋，尋獲理想家園,/case/search/,1,1,1,1,4
gdn / hm2,0601GDN,熱銷建案一覽：遠雄全台預售屋、新建案與新成屋，尋獲理想家園,/case/search/,1,1,1,1,25
gdn / hm2,0603GDN,熱銷建案一覽：遠雄全台預售屋、新建案與新成屋，尋獲理想家園,/case/search/,1,1,1,1,1
fb / dh6,1,熱銷建案一覽：遠雄全台預售屋、新建案與新成屋，尋獲理想家園,/case/search/,1,1,2,2,0
fb / dh6,11,熱銷建案一覽：遠雄全台預售屋、新建案與新成屋，尋獲理想家園,/case/search/,1,1,2,2,26
fb / eh1,11-1,熱銷建案一覽：遠雄全台預售屋、新建案與新成屋，尋獲理想家園,/case/search/,1,1,2,2,2
fb / dh6,12,熱銷建案一覽：遠雄全台預售屋、新建案與新成屋，尋獲理想家園,/case/search/,1,1,1,1,8
fb / paid,120229456515280138,熱銷建案一覽：遠雄全台預售屋、新建案與新成屋，尋獲理想家園,/case/search/,1,1,5,5,104
fb / paid,120233718740630316,熱銷建案一覽：遠雄全台預售屋、新建案與新成屋，尋獲理想家園,/case/search/,1,1,1,1,10
web-ettoday / o1,20211201,熱銷建案一覽：遠雄全台預售屋、新建案與新成屋，尋獲理想家園,/case/search/,1,1,1,1,7
line / o1,20240920,熱銷建案一覽：遠雄全台預售屋、新建案與新成屋，尋獲理想家園,/case/search/,1,1,2,2,17
fb / O1,20250221_13-2,熱銷建案一覽：遠雄全台預售屋、新建案與新成屋，尋獲理想家園,/case/search/,1,1,2,2,25
google / cpc,20250616_品牌字,熱銷建案一覽：遠雄全台預售屋、新建案與新成屋，尋獲理想家園,/case/search/,1,1,8,8,73
webnew / h713,202512,熱銷建案一覽：遠雄全台預售屋、新建案與新成屋，尋獲理想家園,/case/search/,1,1,2,2,24
google_kw / hm2,202603,熱銷建案一覽：遠雄全台預售屋、新建案與新成屋，尋獲理想家園,/case/search/,1,1,1,1,16
google_kw / 5vo1,202604,熱銷建案一覽：遠雄全台預售屋、新建案與新成屋，尋獲理想家園,/case/search/,1,1,1,1,4
web-sms / bh7,20260608,熱銷建案一覽：遠雄全台預售屋、新建案與新成屋，尋獲理想家園,/case/search/,1,1,2,2,20
LINE-Liff / bh11,202607-AI,熱銷建案一覽：遠雄全台預售屋、新建案與新成屋，尋獲理想家園,/case/search/,1,1,3,3,0
google_kw / hm2,202608,熱銷建案一覽：遠雄全台預售屋、新建案與新成屋，尋獲理想家園,/case/search/,1,1,5,5,57
line-lap / h707,3,熱銷建案一覽：遠雄全台預售屋、新建案與新成屋，尋獲理想家園,/case/search/,1,1,1,1,0
fb / bh5,45,熱銷建案一覽：遠雄全台預售屋、新建案與新成屋，尋獲理想家園,/case/search/,1,1,1,1,33
fb / bh11,6-3,熱銷建案一覽：遠雄全台預售屋、新建案與新成屋，尋獲理想家園,/case/search/,1,1,1,1,54
google_gdn / 5vo1,7-5,熱銷建案一覽：遠雄全台預售屋、新建案與新成屋，尋獲理想家園,/case/search/,1,1,1,1,0
google / cpc,BH8-地區字,熱銷建案一覽：遠雄全台預售屋、新建案與新成屋，尋獲理想家園,/case/search/,1,1,7,7,152
google / cpc,BH8-建案相關,熱銷建案一覽：遠雄全台預售屋、新建案與新成屋，尋獲理想家園,/case/search/,1,1,2,2,28
google / cpc,Competitor,熱銷建案一覽：遠雄全台預售屋、新建案與新成屋，尋獲理想家園,/case/search/,1,1,3,3,14
google / cpc,Qianzhen.Qianjin,熱銷建案一覽：遠雄全台預售屋、新建案與新成屋，尋獲理想家園,/case/search/,1,1,2,2,61
google / cpc,WDH2-地區字北投,熱銷建案一覽：遠雄全台預售屋、新建案與新成屋，尋獲理想家園,/case/search/,1,1,1,1,3
google / cpc,WDH2-競品字,熱銷建案一覽：遠雄全台預售屋、新建案與新成屋，尋獲理想家園,/case/search/,1,1,3,3,41
google / cpc,XXXX,熱銷建案一覽：遠雄全台預售屋、新建案與新成屋，尋獲理想家園,/case/search/,1,1,1,1,3
google_kw / bh10,brand-generic,熱銷建案一覽：遠雄全台預售屋、新建案與新成屋，尋獲理想家園,/case/search/,1,1,1,1,0
google_kw / bh10,competitor-developer,熱銷建案一覽：遠雄全台預售屋、新建案與新成屋，尋獲理想家園,/case/search/,1,1,1,1,5
google_kw / bh10,competitor-farglory,熱銷建案一覽：遠雄全台預售屋、新建案與新成屋，尋獲理想家園,/case/search/,1,1,2,2,31
google / cpc,competitor0701,熱銷建案一覽：遠雄全台預售屋、新建案與新成屋，尋獲理想家園,/case/search/,1,1,2,2,40
youtube / fgr,expert_zhu_legal-reserve,熱銷建案一覽：遠雄全台預售屋、新建案與新成屋，尋獲理想家園,/case/search/,1,1,2,2,56
fb / dh2,fb-64,熱銷建案一覽：遠雄全台預售屋、新建案與新成屋，尋獲理想家園,/case/search/,1,1,2,2,71
fb / eh2,fb18-1,熱銷建案一覽：遠雄全台預售屋、新建案與新成屋，尋獲理想家園,/case/search/,1,1,1,1,1
fb / bh10,fb20268-1,熱銷建案一覽：遠雄全台預售屋、新建案與新成屋，尋獲理想家園,/case/search/,1,1,6,6,97
fb / eh1,fb3-4,熱銷建案一覽：遠雄全台預售屋、新建案與新成屋，尋獲理想家園,/case/search/,1,1,4,4,55
fb / bh8,fb32-2,熱銷建案一覽：遠雄全台預售屋、新建案與新成屋，尋獲理想家園,/case/search/,1,1,1,1,4
line-lap / eh6,fb5-5_5-6_5-7,熱銷建案一覽：遠雄全台預售屋、新建案與新成屋，尋獲理想家園,/case/search/,1,1,1,1,4
line-lap / eh6,fb5-7,熱銷建案一覽：遠雄全台預售屋、新建案與新成屋，尋獲理想家園,/case/search/,1,1,1,1,10
fb / fh2,fb6-1,熱銷建案一覽：遠雄全台預售屋、新建案與新成屋，尋獲理想家園,/case/search/,1,1,3,3,89
fb / eh6,fb6-2,熱銷建案一覽：遠雄全台預售屋、新建案與新成屋，尋獲理想家園,/case/search/,1,1,2,2,11
fb / wdh2,fb7-2,熱銷建案一覽：遠雄全台預售屋、新建案與新成屋，尋獲理想家園,/case/search/,1,1,1,1,19
web-sms / dh2,fb_ad,熱銷建案一覽：遠雄全台預售屋、新建案與新成屋，尋獲理想家園,/case/search/,1,1,1,1,14
socialmedia / eh6,fbeh6info,熱銷建案一覽：遠雄全台預售屋、新建案與新成屋，尋獲理想家園,/case/search/,1,1,1,1,7
fb / eh1,fbfanpage,熱銷建案一覽：遠雄全台預售屋、新建案與新成屋，尋獲理想家園,/case/search/,1,1,4,4,39
fb / rsh1,fbfanpage,熱銷建案一覽：遠雄全台預售屋、新建案與新成屋，尋獲理想家園,/case/search/,1,1,1,1,7
fb / rsh1,fbfanpage0807,熱銷建案一覽：遠雄全台預售屋、新建案與新成屋，尋獲理想家園,/case/search/,1,1,1,1,20
fg / o1,fg,熱銷建案一覽：遠雄全台預售屋、新建案與新成屋，尋獲理想家園,/case/search/,1,1,1,1,0
fb / eh6,form,熱銷建案一覽：遠雄全台預售屋、新建案與新成屋，尋獲理想家園,/case/search/,1,1,2,2,26
fb / eh1,formbutton,熱銷建案一覽：遠雄全台預售屋、新建案與新成屋，尋獲理想家園,/case/search/,1,1,1,1,9
chatgpt.com / o1,googlemap,熱銷建案一覽：遠雄全台預售屋、新建案與新成屋，尋獲理想家園,/case/search/,1,1,1,1,0
fg / eh2,googlemap,熱銷建案一覽：遠雄全台預售屋、新建案與新成屋，尋獲理想家園,/case/search/,1,1,14,14,187
google_kw / ah1,googlemap,熱銷建案一覽：遠雄全台預售屋、新建案與新成屋，尋獲理想家園,/case/search/,1,1,2,2,52
google_kw / eh6,googlemap,熱銷建案一覽：遠雄全台預售屋、新建案與新成屋，尋獲理想家園,/case/search/,1,1,6,6,33
web / bh6,googlemap2,熱銷建案一覽：遠雄全台預售屋、新建案與新成屋，尋獲理想家園,/case/search/,1,1,1,1,26
google_kw / bh10,information6,熱銷建案一覽：遠雄全台預售屋、新建案與新成屋，尋獲理想家園,/case/search/,1,1,2,2,53
google_kw / fm3,invest,熱銷建案一覽：遠雄全台預售屋、新建案與新成屋，尋獲理想家園,/case/search/,1,1,1,1,72
fgr-line / fgr,land_handover,熱銷建案一覽：遠雄全台預售屋、新建案與新成屋，尋獲理想家園,/case/search/,1,1,2,2,80
line-lap / bh13,lap-2,熱銷建案一覽：遠雄全台預售屋、新建案與新成屋，尋獲理想家園,/case/search/,1,1,1,1,4
fb / ar1,leads,熱銷建案一覽：遠雄全台預售屋、新建案與新成屋，尋獲理想家園,/case/search/,1,1,2,2,15
line-lap / rsh1,line-lap4-2_600x400,熱銷建案一覽：遠雄全台預售屋、新建案與新成屋，尋獲理想家園,/case/search/,1,1,1,1,40
line / wdh2,line0807,熱銷建案一覽：遠雄全台預售屋、新建案與新成屋，尋獲理想家園,/case/search/,1,1,1,1,8
google / cpc,newtaipei,熱銷建案一覽：遠雄全台預售屋、新建案與新成屋，尋獲理想家園,/case/search/,1,1,3,3,38
fb / eh5,park,熱銷建案一覽：遠雄全台預售屋、新建案與新成屋，尋獲理想家園,/case/search/,1,1,1,1,13
google / cpc,project,熱銷建案一覽：遠雄全台預售屋、新建案與新成屋，尋獲理想家園,/case/search/,1,1,1,1,9
web / bh10,web-Google map,熱銷建案一覽：遠雄全台預售屋、新建案與新成屋，尋獲理想家園,/case/search/,1,1,1,1,78
web-udn / dgm1,web-udn0731,熱銷建案一覽：遠雄全台預售屋、新建案與新成屋，尋獲理想家園,/case/search/,1,1,1,1,3
picsee-domain / referral,www.fgrealty.tw,熱銷建案一覽：遠雄全台預售屋、新建案與新成屋，尋獲理想家園,/case/search/,1,1,1,1,14
youtube / bh10,youtubemana,熱銷建案一覽：遠雄全台預售屋、新建案與新成屋，尋獲理想家園,/case/search/,1,1,1,1,16
(not set),台中北屯,熱銷建案一覽：遠雄全台預售屋、新建案與新成屋，尋獲理想家園,/case/search/,1,1,2,2,13
(not set),台南永康,熱銷建案一覽：遠雄全台預售屋、新建案與新成屋，尋獲理想家園,/case/search/,1,1,2,2,12
(not set),生活提案,熱銷建案一覽：遠雄全台預售屋、新建案與新成屋，尋獲理想家園,/case/search/,1,1,2,2,16
google_kw / fm3,invest,熱銷建案一覽：遠雄全台預售屋、新建案與新成屋，尋獲理想家園,/case/search/building-category-tag/133/,1,1,2,2,54
(data not available),(cross-network),熱銷建案一覽：遠雄全台預售屋、新建案與新成屋，尋獲理想家園,/case/search/building-category-tag/134/,1,1,1,1,4
google / cpc,(not set),熱銷建案一覽：遠雄全台預售屋、新建案與新成屋，尋獲理想家園,/case/search/building-category-tag/134/,1,1,2,2,27
google_kw / bh13,(organic),熱銷建案一覽：遠雄全台預售屋、新建案與新成屋，尋獲理想家園,/case/search/building-category-tag/134/,1,1,2,2,149
yahoo / organic,(organic),熱銷建案一覽：遠雄全台預售屋、新建案與新成屋，尋獲理想家園,/case/search/building-category-tag/134/,1,1,1,1,8
l.facebook.com / referral,(referral),熱銷建案一覽：遠雄全台預售屋、新建案與新成屋，尋獲理想家園,/case/search/building-category-tag/134/,1,1,1,1,26
line-lap / dh6,1,熱銷建案一覽：遠雄全台預售屋、新建案與新成屋，尋獲理想家園,/case/search/building-category-tag/134/,1,1,1,1,13
fb / eh1,11-1,熱銷建案一覽：遠雄全台預售屋、新建案與新成屋，尋獲理想家園,/case/search/building-category-tag/134/,1,1,3,3,22
fb / O1,120227538157820464,熱銷建案一覽：遠雄全台預售屋、新建案與新成屋，尋獲理想家園,/case/search/building-category-tag/134/,1,1,1,1,0
fb / paid,120241579219260634,熱銷建案一覽：遠雄全台預售屋、新建案與新成屋，尋獲理想家園,/case/search/building-category-tag/134/,1,1,1,1,302
fb / bh13,120242182236150678,熱銷建案一覽：遠雄全台預售屋、新建案與新成屋，尋獲理想家園,/case/search/building-category-tag/134/,1,1,1,1,20
line / o1,20240920,熱銷建案一覽：遠雄全台預售屋、新建案與新成屋，尋獲理想家園,/case/search/building-category-tag/134/,1,1,1,1,19
(not set),20260805一輪播,熱銷建案一覽：遠雄全台預售屋、新建案與新成屋，尋獲理想家園,/case/search/building-category-tag/134/,1,1,1,1,0
fb / bh13,4,熱銷建案一覽：遠雄全台預售屋、新建案與新成屋，尋獲理想家園,/case/search/building-category-tag/134/,1,1,1,1,30
google / cpc,BH8-地區字,熱銷建案一覽：遠雄全台預售屋、新建案與新成屋，尋獲理想家園,/case/search/building-category-tag/134/,1,1,2,2,30
google / cpc,BH8-建案相關,熱銷建案一覽：遠雄全台預售屋、新建案與新成屋，尋獲理想家園,/case/search/building-category-tag/134/,1,1,3,3,46
sms / aep-cdp,CRM-001-D,熱銷建案一覽：遠雄全台預售屋、新建案與新成屋，尋獲理想家園,/case/search/building-category-tag/134/,1,1,1,1,8
google / cpc,Qianzhen.Qianjin,熱銷建案一覽：遠雄全台預售屋、新建案與新成屋，尋獲理想家園,/case/search/building-category-tag/134/,1,1,1,1,1
google / cpc,RSH1-品牌字,熱銷建案一覽：遠雄全台預售屋、新建案與新成屋，尋獲理想家園,/case/search/building-category-tag/134/,1,1,1,1,5
google_kw / fm3,brand,熱銷建案一覽：遠雄全台預售屋、新建案與新成屋，尋獲理想家園,/case/search/building-category-tag/134/,1,1,1,1,5
google / cpc,competitor0701,熱銷建案一覽：遠雄全台預售屋、新建案與新成屋，尋獲理想家園,/case/search/building-category-tag/134/,1,1,1,1,7
google / cpc,demand,熱銷建案一覽：遠雄全台預售屋、新建案與新成屋，尋獲理想家園,/case/search/building-category-tag/134/,1,1,1,1,10
fb / eh1,fb3-4,熱銷建案一覽：遠雄全台預售屋、新建案與新成屋，尋獲理想家園,/case/search/building-category-tag/134/,1,1,2,2,10
fb / bh10,fbfanpage,熱銷建案一覽：遠雄全台預售屋、新建案與新成屋，尋獲理想家園,/case/search/building-category-tag/134/,1,1,2,2,28
fb / bh10,fblead,熱銷建案一覽：遠雄全台預售屋、新建案與新成屋，尋獲理想家園,/case/search/building-category-tag/134/,1,1,1,1,4
fb / eh6,form,熱銷建案一覽：遠雄全台預售屋、新建案與新成屋，尋獲理想家園,/case/search/building-category-tag/134/,1,1,1,1,10
line-lap / bh13,lap-2,熱銷建案一覽：遠雄全台預售屋、新建案與新成屋，尋獲理想家園,/case/search/building-category-tag/134/,1,1,1,1,38
fb / wdh2,lbs-sms202608,熱銷建案一覽：遠雄全台預售屋、新建案與新成屋，尋獲理想家園,/case/search/building-category-tag/134/,1,1,1,1,10
google / cpc,BH8-地區字,熱銷建案一覽：遠雄全台預售屋、新建案與新成屋，尋獲理想家園,/case/search/building-category-tag/134/page/2/,1,1,1,1,13
fb / bh10,fbfanpage,熱銷建案一覽：遠雄全台預售屋、新建案與新成屋，尋獲理想家園,/case/search/building-category-tag/134/page/2/,1,1,1,1,30
google / cpc,gdn-4,熱銷建案一覽：遠雄全台預售屋、新建案與新成屋，尋獲理想家園,/case/search/building-category-tag/134/page/2/,1,1,3,3,24
sms / aep-cdp,CRM-001-D,熱銷建案一覽：遠雄全台預售屋、新建案與新成屋，尋獲理想家園,/case/search/building-category-tag/134/page/3/,1,1,1,1,6
google / cpc,gdn-4,熱銷建案一覽：遠雄全台預售屋、新建案與新成屋，尋獲理想家園,/case/search/building-category-tag/134/page/3/,1,1,3,3,31
google / cpc,gdn-4,熱銷建案一覽：遠雄全台預售屋、新建案與新成屋，尋獲理想家園,/case/search/building-category-tag/134/page/4/,1,1,3,3,23
google / cpc,gdn-4,熱銷建案一覽：遠雄全台預售屋、新建案與新成屋，尋獲理想家園,/case/search/building-category-tag/134/page/5/,1,1,1,1,5
(not set),(not set),熱銷建案一覽：遠雄全台預售屋、新建案與新成屋，尋獲理想家園,/case/search/building-category-tag/134/tel:0800009168/,1,1,0,0,10
google / cpc,(organic),熱銷建案一覽：遠雄全台預售屋、新建案與新成屋，尋獲理想家園,/case/search/building-category-tag/135/,1,1,2,2,53
google_kw / h713,(organic),熱銷建案一覽：遠雄全台預售屋、新建案與新成屋，尋獲理想家園,/case/search/building-category-tag/135/,1,1,2,2,12
page.line.me / referral,(referral),熱銷建案一覽：遠雄全台預售屋、新建案與新成屋，尋獲理想家園,/case/search/building-category-tag/135/,1,1,2,2,4
fb / O1,120227538157820464,熱銷建案一覽：遠雄全台預售屋、新建案與新成屋，尋獲理想家園,/case/search/building-category-tag/135/,1,1,1,1,22
google_kw / hm2,202608,熱銷建案一覽：遠雄全台預售屋、新建案與新成屋，尋獲理想家園,/case/search/building-category-tag/135/,1,1,1,1,22
google_kw / h713,(organic),熱銷建案一覽：遠雄全台預售屋、新建案與新成屋，尋獲理想家園,/case/search/building-category-tag/135/page/2/,1,1,1,1,0
(direct) / (none),(direct),熱銷建案一覽：遠雄全台預售屋、新建案與新成屋，尋獲理想家園,/case/search/city/台南市/,1,1,1,1,0
google / organic,(organic),(1) 封未讀訊息 | 熱銷建案一覽：遠雄全台預售屋、新建案與新成屋，尋獲理想家園,/case/search/page/2/,1,1,0,0,10
C / B,(not set),(2) 封未讀訊息 | 熱銷建案一覽：遠雄全台預售屋、新建案與新成屋，尋獲理想家園,/case/search/page/2/,1,1,0,0,11
(data not available),(cross-network),熱銷建案一覽：遠雄全台預售屋、新建案與新成屋，尋獲理想家園,/case/search/page/2/,1,1,1,1,5
C / B,(not set),熱銷建案一覽：遠雄全台預售屋、新建案與新成屋，尋獲理想家園,/case/search/page/2/,1,1,1,1,1
sms / (not set),(not set),熱銷建案一覽：遠雄全台預售屋、新建案與新成屋，尋獲理想家園,/case/search/page/2/,1,1,1,1,6
google_kw / bh5,(organic),熱銷建案一覽：遠雄全台預售屋、新建案與新成屋，尋獲理想家園,/case/search/page/2/,1,1,1,1,18
google_kw / dh2,(organic),熱銷建案一覽：遠雄全台預售屋、新建案與新成屋，尋獲理想家園,/case/search/page/2/,1,1,1,1,6
10.77.55.125 / referral,(referral),熱銷建案一覽：遠雄全台預售屋、新建案與新成屋，尋獲理想家園,/case/search/page/2/,1,1,7,7,8
cn.bing.com / referral,(referral),熱銷建案一覽：遠雄全台預售屋、新建案與新成屋，尋獲理想家園,/case/search/page/2/,1,1,1,1,3
excel.officeapps.live.com / referral,(referral),熱銷建案一覽：遠雄全台預售屋、新建案與新成屋，尋獲理想家園,/case/search/page/2/,1,1,1,1,4
farglory-land.com.tw / referral,(referral),熱銷建案一覽：遠雄全台預售屋、新建案與新成屋，尋獲理想家園,/case/search/page/2/,1,1,1,1,6
farglory.com.tw / referral,(referral),熱銷建案一覽：遠雄全台預售屋、新建案與新成屋，尋獲理想家園,/case/search/page/2/,1,1,2,2,28
google / cpc,(referral),熱銷建案一覽：遠雄全台預售屋、新建案與新成屋，尋獲理想家園,/case/search/page/2/,1,1,1,1,0
google_kw / h713,(referral),熱銷建案一覽：遠雄全台預售屋、新建案與新成屋，尋獲理想家園,/case/search/page/2/,1,1,1,1,3
liff.line.me / referral,(referral),熱銷建案一覽：遠雄全台預售屋、新建案與新成屋，尋獲理想家園,/case/search/page/2/,1,1,1,1,0
mkto-sn070013.com / referral,(referral),熱銷建案一覽：遠雄全台預售屋、新建案與新成屋，尋獲理想家園,/case/search/page/2/,1,1,1,1,4
promo.farglory.com.tw / referral,(referral),熱銷建案一覽：遠雄全台預售屋、新建案與新成屋，尋獲理想家園,/case/search/page/2/,1,1,1,1,7
fb / bh13,1,熱銷建案一覽：遠雄全台預售屋、新建案與新成屋，尋獲理想家園,/case/search/page/2/,1,1,4,4,38
fb / dh6,11,熱銷建案一覽：遠雄全台預售屋、新建案與新成屋，尋獲理想家園,/case/search/page/2/,1,1,2,2,19
fb / O1,120227538157820464,熱銷建案一覽：遠雄全台預售屋、新建案與新成屋，尋獲理想家園,/case/search/page/2/,1,1,1,1,11
fb / bh13,120242379795300678,熱銷建案一覽：遠雄全台預售屋、新建案與新成屋，尋獲理想家園,/case/search/page/2/,1,1,1,1,4
google / cpc,20250616_品牌字,熱銷建案一覽：遠雄全台預售屋、新建案與新成屋，尋獲理想家園,/case/search/page/2/,1,1,1,1,12
webnew / h713,202512,熱銷建案一覽：遠雄全台預售屋、新建案與新成屋，尋獲理想家園,/case/search/page/2/,1,1,1,1,11
google_kw / hm2,202603,熱銷建案一覽：遠雄全台預售屋、新建案與新成屋，尋獲理想家園,/case/search/page/2/,1,1,1,1,9
web-sms / bh7,20260608,熱銷建案一覽：遠雄全台預售屋、新建案與新成屋，尋獲理想家園,/case/search/page/2/,1,1,3,3,12
google / cpc,BH8-地區字,熱銷建案一覽：遠雄全台預售屋、新建案與新成屋，尋獲理想家園,/case/search/page/2/,1,1,2,2,38
google / cpc,BH8-建案相關,熱銷建案一覽：遠雄全台預售屋、新建案與新成屋，尋獲理想家園,/case/search/page/2/,1,1,1,1,16
google / cpc,O1_競品字_2025.0801,熱銷建案一覽：遠雄全台預售屋、新建案與新成屋，尋獲理想家園,/case/search/page/2/,1,1,1,1,31
google / cpc,RSH1-競品字,熱銷建案一覽：遠雄全台預售屋、新建案與新成屋，尋獲理想家園,/case/search/page/2/,1,1,1,1,0
google / cpc,WDH2-競品字,熱銷建案一覽：遠雄全台預售屋、新建案與新成屋，尋獲理想家園,/case/search/page/2/,1,1,1,1,9
google / cpc,WDH2-買房字,熱銷建案一覽：遠雄全台預售屋、新建案與新成屋，尋獲理想家園,/case/search/page/2/,1,1,1,1,59
google / cpc,competing,熱銷建案一覽：遠雄全台預售屋、新建案與新成屋，尋獲理想家園,/case/search/page/2/,1,1,1,1,6
google / cpc,competitor,熱銷建案一覽：遠雄全台預售屋、新建案與新成屋，尋獲理想家園,/case/search/page/2/,1,1,2,2,48
fb / dh2,fb-64,熱銷建案一覽：遠雄全台預售屋、新建案與新成屋，尋獲理想家園,/case/search/page/2/,1,1,1,1,20
fb / bh10,fb20268-1,熱銷建案一覽：遠雄全台預售屋、新建案與新成屋，尋獲理想家園,/case/search/page/2/,1,1,2,2,26
fb / bh8,fb32-2,熱銷建案一覽：遠雄全台預售屋、新建案與新成屋，尋獲理想家園,/case/search/page/2/,1,1,1,1,2
fb / fh2,fb6-1,熱銷建案一覽：遠雄全台預售屋、新建案與新成屋，尋獲理想家園,/case/search/page/2/,1,1,1,1,12
fb / eh6,fb6-2,熱銷建案一覽：遠雄全台預售屋、新建案與新成屋，尋獲理想家園,/case/search/page/2/,1,1,1,1,2
fb / wdh2,fb7-2,熱銷建案一覽：遠雄全台預售屋、新建案與新成屋，尋獲理想家園,/case/search/page/2/,1,1,1,1,4
fb / eh1,fbfanpage,熱銷建案一覽：遠雄全台預售屋、新建案與新成屋，尋獲理想家園,/case/search/page/2/,1,1,1,1,6
fb / eh5,form,熱銷建案一覽：遠雄全台預售屋、新建案與新成屋，尋獲理想家園,/case/search/page/2/,1,1,1,1,5
fg / eh2,googlemap,熱銷建案一覽：遠雄全台預售屋、新建案與新成屋，尋獲理想家園,/case/search/page/2/,1,1,6,6,64
google_kw / eh6,googlemap,熱銷建案一覽：遠雄全台預售屋、新建案與新成屋，尋獲理想家園,/case/search/page/2/,1,1,1,1,3
googlemap / o1,googlemap,熱銷建案一覽：遠雄全台預售屋、新建案與新成屋，尋獲理想家園,/case/search/page/2/,1,1,1,1,5
fgr-line / fgr,land_handover,熱銷建案一覽：遠雄全台預售屋、新建案與新成屋，尋獲理想家園,/case/search/page/2/,1,1,2,2,573
google / cpc,lbs,熱銷建案一覽：遠雄全台預售屋、新建案與新成屋，尋獲理想家園,/case/search/page/2/,1,1,1,1,5
fb / ar1,leads,熱銷建案一覽：遠雄全台預售屋、新建案與新成屋，尋獲理想家園,/case/search/page/2/,1,1,1,1,4
google / cpc,othercities_brand,熱銷建案一覽：遠雄全台預售屋、新建案與新成屋，尋獲理想家園,/case/search/page/2/,1,1,7,7,49
fb / eh5,park,熱銷建案一覽：遠雄全台預售屋、新建案與新成屋，尋獲理想家園,/case/search/page/2/,1,1,1,1,5
web-ltn / wdh2,web-ltn-7-1,熱銷建案一覽：遠雄全台預售屋、新建案與新成屋，尋獲理想家園,/case/search/page/2/,1,1,1,1,48
google / organic,(organic),(1) 封未讀訊息 | 熱銷建案一覽：遠雄全台預售屋、新建案與新成屋，尋獲理想家園,/case/search/page/3/,1,1,0,0,12
C / B,(not set),(2) 封未讀訊息 | 熱銷建案一覽：遠雄全台預售屋、新建案與新成屋，尋獲理想家園,/case/search/page/3/,1,1,0,0,8
C / B,(not set),熱銷建案一覽：遠雄全台預售屋、新建案與新成屋，尋獲理想家園,/case/search/page/3/,1,1,1,1,0
bing / organic,(organic),熱銷建案一覽：遠雄全台預售屋、新建案與新成屋，尋獲理想家園,/case/search/page/3/,1,1,1,1,10
google / cpc,(organic),熱銷建案一覽：遠雄全台預售屋、新建案與新成屋，尋獲理想家園,/case/search/page/3/,1,1,2,2,16
10.77.55.125 / referral,(referral),熱銷建案一覽：遠雄全台預售屋、新建案與新成屋，尋獲理想家園,/case/search/page/3/,1,1,6,6,14
cn.bing.com / referral,(referral),熱銷建案一覽：遠雄全台預售屋、新建案與新成屋，尋獲理想家園,/case/search/page/3/,1,1,1,1,4
excel.officeapps.live.com / referral,(referral),熱銷建案一覽：遠雄全台預售屋、新建案與新成屋，尋獲理想家園,/case/search/page/3/,1,1,1,1,11
farglory-land.com.tw / referral,(referral),熱銷建案一覽：遠雄全台預售屋、新建案與新成屋，尋獲理想家園,/case/search/page/3/,1,1,2,2,18
farglory.com.tw / referral,(referral),熱銷建案一覽：遠雄全台預售屋、新建案與新成屋，尋獲理想家園,/case/search/page/3/,1,1,1,1,6
google_kw / h713,(referral),熱銷建案一覽：遠雄全台預售屋、新建案與新成屋，尋獲理想家園,/case/search/page/3/,1,1,1,1,4
fb / dh6,11,熱銷建案一覽：遠雄全台預售屋、新建案與新成屋，尋獲理想家園,/case/search/page/3/,1,1,1,1,18
(not set),20260813一輪播,熱銷建案一覽：遠雄全台預售屋、新建案與新成屋，尋獲理想家園,/case/search/page/3/,1,1,1,1,3
google / cpc,O1_競品字_2025.0801,熱銷建案一覽：遠雄全台預售屋、新建案與新成屋，尋獲理想家園,/case/search/page/3/,1,1,1,1,17
google / cpc,WDH2-品牌字,熱銷建案一覽：遠雄全台預售屋、新建案與新成屋，尋獲理想家園,/case/search/page/3/,1,1,1,1,10
google / cpc,competing,熱銷建案一覽：遠雄全台預售屋、新建案與新成屋，尋獲理想家園,/case/search/page/3/,1,1,1,1,3
fb / dh2,fb-64,熱銷建案一覽：遠雄全台預售屋、新建案與新成屋，尋獲理想家園,/case/search/page/3/,1,1,1,1,1
google / cpc,othercities_brand,熱銷建案一覽：遠雄全台預售屋、新建案與新成屋，尋獲理想家園,/case/search/page/3/,1,1,8,8,61
web-ltn / wdh2,web-ltn-7-1,熱銷建案一覽：遠雄全台預售屋、新建案與新成屋，尋獲理想家園,/case/search/page/3/,1,1,1,1,26
C / B,(not set),(2) 封未讀訊息 | 熱銷建案一覽：遠雄全台預售屋、新建案與新成屋，尋獲理想家園,/case/search/page/4/,1,1,0,0,22
C / B,(not set),熱銷建案一覽：遠雄全台預售屋、新建案與新成屋，尋獲理想家園,/case/search/page/4/,1,1,1,1,5
bing / organic,(organic),熱銷建案一覽：遠雄全台預售屋、新建案與新成屋，尋獲理想家園,/case/search/page/4/,1,1,1,1,214
google / cpc,(organic),熱銷建案一覽：遠雄全台預售屋、新建案與新成屋，尋獲理想家園,/case/search/page/4/,1,1,1,1,12
10.77.55.125 / referral,(referral),熱銷建案一覽：遠雄全台預售屋、新建案與新成屋，尋獲理想家園,/case/search/page/4/,1,1,4,4,15
cn.bing.com / referral,(referral),熱銷建案一覽：遠雄全台預售屋、新建案與新成屋，尋獲理想家園,/case/search/page/4/,1,1,3,3,22
fb / dh6,11,熱銷建案一覽：遠雄全台預售屋、新建案與新成屋，尋獲理想家園,/case/search/page/4/,1,1,1,1,6
google / cpc,O1_競品字_2025.0801,熱銷建案一覽：遠雄全台預售屋、新建案與新成屋，尋獲理想家園,/case/search/page/4/,1,1,1,1,16
google / cpc,WDH2-品牌字,熱銷建案一覽：遠雄全台預售屋、新建案與新成屋，尋獲理想家園,/case/search/page/4/,1,1,1,1,6
google / cpc,WDH2-地區字,熱銷建案一覽：遠雄全台預售屋、新建案與新成屋，尋獲理想家園,/case/search/page/4/,1,1,1,1,6
ig / social,ig,熱銷建案一覽：遠雄全台預售屋、新建案與新成屋，尋獲理想家園,/case/search/page/4/,1,1,1,1,21
google / cpc,othercities_brand,熱銷建案一覽：遠雄全台預售屋、新建案與新成屋，尋獲理想家園,/case/search/page/4/,1,1,4,4,29
web-ltn / wdh2,web-ltn-7-1,熱銷建案一覽：遠雄全台預售屋、新建案與新成屋，尋獲理想家園,/case/search/page/4/,1,1,2,2,58
C / B,(not set),(2) 封未讀訊息 | 熱銷建案一覽：遠雄全台預售屋、新建案與新成屋，尋獲理想家園,/case/search/page/5/,1,1,0,0,11
C / B,(not set),熱銷建案一覽：遠雄全台預售屋、新建案與新成屋，尋獲理想家園,/case/search/page/5/,1,1,1,1,0
google / cpc,(organic),熱銷建案一覽：遠雄全台預售屋、新建案與新成屋，尋獲理想家園,/case/search/page/5/,1,1,1,1,6
10.77.55.125 / referral,(referral),熱銷建案一覽：遠雄全台預售屋、新建案與新成屋，尋獲理想家園,/case/search/page/5/,1,1,6,6,14
cn.bing.com / referral,(referral),熱銷建案一覽：遠雄全台預售屋、新建案與新成屋，尋獲理想家園,/case/search/page/5/,1,1,2,2,14
fb / dh6,11,熱銷建案一覽：遠雄全台預售屋、新建案與新成屋，尋獲理想家園,/case/search/page/5/,1,1,2,2,9
(not set),20260813一輪播,熱銷建案一覽：遠雄全台預售屋、新建案與新成屋，尋獲理想家園,/case/search/page/5/,1,1,1,1,4
google / cpc,O1_競品字_2025.0801,熱銷建案一覽：遠雄全台預售屋、新建案與新成屋，尋獲理想家園,/case/search/page/5/,1,1,1,1,14
google / cpc,WDH2-品牌字,熱銷建案一覽：遠雄全台預售屋、新建案與新成屋，尋獲理想家園,/case/search/page/5/,1,1,1,1,14
google / cpc,WDH2-地區字,熱銷建案一覽：遠雄全台預售屋、新建案與新成屋，尋獲理想家園,/case/search/page/5/,1,1,1,1,9
ig / social,ig,熱銷建案一覽：遠雄全台預售屋、新建案與新成屋，尋獲理想家園,/case/search/page/5/,1,1,1,1,12
google / cpc,othercities_brand,熱銷建案一覽：遠雄全台預售屋、新建案與新成屋，尋獲理想家園,/case/search/page/5/,1,1,1,1,13
web-ltn / wdh2,web-ltn-7-1,熱銷建案一覽：遠雄全台預售屋、新建案與新成屋，尋獲理想家園,/case/search/page/5/,1,1,1,1,22
(not set),台南永康,熱銷建案一覽：遠雄全台預售屋、新建案與新成屋，尋獲理想家園,/case/search/page/5/,1,1,1,1,3
C / B,(not set),熱銷建案一覽：遠雄全台預售屋、新建案與新成屋，尋獲理想家園,/case/search/page/6/,1,1,1,1,3
google / cpc,(organic),熱銷建案一覽：遠雄全台預售屋、新建案與新成屋，尋獲理想家園,/case/search/page/6/,1,1,1,1,6
google_kw / bh13,(organic),熱銷建案一覽：遠雄全台預售屋、新建案與新成屋，尋獲理想家園,/case/search/page/6/,1,1,1,1,2
10.77.55.125 / referral,(referral),熱銷建案一覽：遠雄全台預售屋、新建案與新成屋，尋獲理想家園,/case/search/page/6/,1,1,6,6,9
cn.bing.com / referral,(referral),熱銷建案一覽：遠雄全台預售屋、新建案與新成屋，尋獲理想家園,/case/search/page/6/,1,1,2,2,3
fb / dh6,11,熱銷建案一覽：遠雄全台預售屋、新建案與新成屋，尋獲理想家園,/case/search/page/6/,1,1,2,2,30
web-ettoday / ah2,20250701,熱銷建案一覽：遠雄全台預售屋、新建案與新成屋，尋獲理想家園,/case/search/page/6/,1,1,1,1,3
(not set),20260828一輪播,熱銷建案一覽：遠雄全台預售屋、新建案與新成屋，尋獲理想家園,/case/search/page/6/,1,1,0,0,0
google / cpc,O1_競品字_2025.0801,熱銷建案一覽：遠雄全台預售屋、新建案與新成屋，尋獲理想家園,/case/search/page/6/,1,1,1,1,8
google / cpc,WDH2-品牌字,熱銷建案一覽：遠雄全台預售屋、新建案與新成屋，尋獲理想家園,/case/search/page/6/,1,1,1,1,19
google / cpc,WDH2-地區字,熱銷建案一覽：遠雄全台預售屋、新建案與新成屋，尋獲理想家園,/case/search/page/6/,1,1,1,1,4
google / cpc,othercities_brand,熱銷建案一覽：遠雄全台預售屋、新建案與新成屋，尋獲理想家園,/case/search/page/6/,1,1,1,1,5
web-ltn / wdh2,web-ltn-7-1,熱銷建案一覽：遠雄全台預售屋、新建案與新成屋，尋獲理想家園,/case/search/page/6/,1,1,2,2,38
(not set),台南永康,熱銷建案一覽：遠雄全台預售屋、新建案與新成屋，尋獲理想家園,/case/search/page/6/,1,1,1,1,34
google / organic,(organic),熱銷建案一覽：遠雄全台預售屋、新建案與新成屋，尋獲理想家園,/case/search/sales_status/almost-sold-out/,1,1,1,1,8
news / bh13,20260508,(2) 封未讀訊息 | 熱銷建案一覽：遠雄全台預售屋、新建案與新成屋，尋獲理想家園,/case/search/sales_status/coming-soon/,1,1,1,1,21
(not set),(not set),熱銷建案一覽：遠雄全台預售屋、新建案與新成屋，尋獲理想家園,/case/search/sales_status/coming-soon/,1,1,1,1,5
google / cpc,(not set),熱銷建案一覽：遠雄全台預售屋、新建案與新成屋，尋獲理想家園,/case/search/sales_status/coming-soon/,1,1,3,3,14
sms / (not set),(not set),熱銷建案一覽：遠雄全台預售屋、新建案與新成屋，尋獲理想家園,/case/search/sales_status/coming-soon/,1,1,1,1,0
line-lap / hm2,0601,熱銷建案一覽：遠雄全台預售屋、新建案與新成屋，尋獲理想家園,/case/search/sales_status/coming-soon/,1,1,1,1,0
fb / bh13,11,熱銷建案一覽：遠雄全台預售屋、新建案與新成屋，尋獲理想家園,/case/search/sales_status/coming-soon/,1,1,2,2,9
fb / eh1,11-1,熱銷建案一覽：遠雄全台預售屋、新建案與新成屋，尋獲理想家園,/case/search/sales_status/coming-soon/,1,1,1,1,19
fb / dh6,12,熱銷建案一覽：遠雄全台預售屋、新建案與新成屋，尋獲理想家園,/case/search/sales_status/coming-soon/,1,1,1,1,14
fb / paid,120229486716970138,熱銷建案一覽：遠雄全台預售屋、新建案與新成屋，尋獲理想家園,/case/search/sales_status/coming-soon/,1,1,1,1,12
fb / paid,120233718740630316,熱銷建案一覽：遠雄全台預售屋、新建案與新成屋，尋獲理想家園,/case/search/sales_status/coming-soon/,1,1,1,1,4
ig / paid,120241173002890402,熱銷建案一覽：遠雄全台預售屋、新建案與新成屋，尋獲理想家園,/case/search/sales_status/coming-soon/,1,1,1,1,4
fb / paid,120241579219260634,熱銷建案一覽：遠雄全台預售屋、新建案與新成屋，尋獲理想家園,/case/search/sales_status/coming-soon/,1,1,1,1,17
fb / bh13,120242182236150678,熱銷建案一覽：遠雄全台預售屋、新建案與新成屋，尋獲理想家園,/case/search/sales_status/coming-soon/,1,1,2,2,14
ig / paid,120250075988070316,熱銷建案一覽：遠雄全台預售屋、新建案與新成屋，尋獲理想家園,/case/search/sales_status/coming-soon/,1,1,1,1,29
(not set),20260618一輪播,熱銷建案一覽：遠雄全台預售屋、新建案與新成屋，尋獲理想家園,/case/search/sales_status/coming-soon/,1,1,1,1,6
line-lap / eh2,20260701B,熱銷建案一覽：遠雄全台預售屋、新建案與新成屋，尋獲理想家園,/case/search/sales_status/coming-soon/,1,1,1,1,1
line-lap / eh2,20260701C,熱銷建案一覽：遠雄全台預售屋、新建案與新成屋，尋獲理想家園,/case/search/sales_status/coming-soon/,1,1,1,1,21
(not set),20260805一輪播,熱銷建案一覽：遠雄全台預售屋、新建案與新成屋，尋獲理想家園,/case/search/sales_status/coming-soon/,1,1,0,0,0
(not set),20260828一輪播,熱銷建案一覽：遠雄全台預售屋、新建案與新成屋，尋獲理想家園,/case/search/sales_status/coming-soon/,1,1,0,0,0
fb / bh7,24,熱銷建案一覽：遠雄全台預售屋、新建案與新成屋，尋獲理想家園,/case/search/sales_status/coming-soon/,1,1,1,1,0
fb / bh7,26,熱銷建案一覽：遠雄全台預售屋、新建案與新成屋，尋獲理想家園,/case/search/sales_status/coming-soon/,1,1,2,2,6
fb / bh7,28,熱銷建案一覽：遠雄全台預售屋、新建案與新成屋，尋獲理想家園,/case/search/sales_status/coming-soon/,1,1,1,1,10
line-lap / h707,3,熱銷建案一覽：遠雄全台預售屋、新建案與新成屋，尋獲理想家園,/case/search/sales_status/coming-soon/,1,1,1,1,0
fb / bh13,4,熱銷建案一覽：遠雄全台預售屋、新建案與新成屋，尋獲理想家園,/case/search/sales_status/coming-soon/,1,1,1,1,14
fb / bh11,6-3,熱銷建案一覽：遠雄全台預售屋、新建案與新成屋，尋獲理想家園,/case/search/sales_status/coming-soon/,1,1,2,2,38
fb / bh13,8,熱銷建案一覽：遠雄全台預售屋、新建案與新成屋，尋獲理想家園,/case/search/sales_status/coming-soon/,1,1,1,1,7
sms / aep-cdp,CRM-001-D,熱銷建案一覽：遠雄全台預售屋、新建案與新成屋，尋獲理想家園,/case/search/sales_status/coming-soon/,1,1,1,1,10
google / cpc,RSH1-地區字,熱銷建案一覽：遠雄全台預售屋、新建案與新成屋，尋獲理想家園,/case/search/sales_status/coming-soon/,1,1,1,1,23
google / cpc,RSH1-買房字,熱銷建案一覽：遠雄全台預售屋、新建案與新成屋，尋獲理想家園,/case/search/sales_status/coming-soon/,1,1,1,1,60
google / cpc,XXXX,熱銷建案一覽：遠雄全台預售屋、新建案與新成屋，尋獲理想家園,/case/search/sales_status/coming-soon/,1,1,1,1,3
google_kw / eh5,brand,熱銷建案一覽：遠雄全台預售屋、新建案與新成屋，尋獲理想家園,/case/search/sales_status/coming-soon/,1,1,1,1,0
youtube / fgr,expert_zhu_legal-reserve,熱銷建案一覽：遠雄全台預售屋、新建案與新成屋，尋獲理想家園,/case/search/sales_status/coming-soon/,1,1,1,1,13
fb / eh2,fb18-1,熱銷建案一覽：遠雄全台預售屋、新建案與新成屋，尋獲理想家園,/case/search/sales_status/coming-soon/,1,1,1,1,43
fb / eh2,fb18-6,熱銷建案一覽：遠雄全台預售屋、新建案與新成屋，尋獲理想家園,/case/search/sales_status/coming-soon/,1,1,1,1,6
fb / eh1,fb3-4,熱銷建案一覽：遠雄全台預售屋、新建案與新成屋，尋獲理想家園,/case/search/sales_status/coming-soon/,1,1,1,1,4
fb / eh5,fb34-2,熱銷建案一覽：遠雄全台預售屋、新建案與新成屋，尋獲理想家園,/case/search/sales_status/coming-soon/,1,1,1,1,17
fb / fh2,fb8-1,熱銷建案一覽：遠雄全台預售屋、新建案與新成屋，尋獲理想家園,/case/search/sales_status/coming-soon/,1,1,1,1,4
fb / rsh1,fbfanpage,熱銷建案一覽：遠雄全台預售屋、新建案與新成屋，尋獲理想家園,/case/search/sales_status/coming-soon/,1,1,1,1,5
fb / wdh2,fbfanpage,熱銷建案一覽：遠雄全台預售屋、新建案與新成屋，尋獲理想家園,/case/search/sales_status/coming-soon/,1,1,1,1,0
socialmedia / bh11,googlemap,熱銷建案一覽：遠雄全台預售屋、新建案與新成屋，尋獲理想家園,/case/search/sales_status/coming-soon/,1,1,5,5,29
google / cpc,information4,熱銷建案一覽：遠雄全台預售屋、新建案與新成屋，尋獲理想家園,/case/search/sales_status/coming-soon/,1,1,1,1,20
fb / fh2,lbs-sms202608,熱銷建案一覽：遠雄全台預售屋、新建案與新成屋，尋獲理想家園,/case/search/sales_status/coming-soon/,1,1,1,1,5
fb / wdh2,lbs-sms202608,熱銷建案一覽：遠雄全台預售屋、新建案與新成屋，尋獲理想家園,/case/search/sales_status/coming-soon/,1,1,1,1,18
fb / bh11,leads,熱銷建案一覽：遠雄全台預售屋、新建案與新成屋，尋獲理想家園,/case/search/sales_status/coming-soon/,1,1,1,1,42
line / wdh2,line0807,熱銷建案一覽：遠雄全台預售屋、新建案與新成屋，尋獲理想家園,/case/search/sales_status/coming-soon/,1,1,1,1,9
google / cpc,newtaipei,熱銷建案一覽：遠雄全台預售屋、新建案與新成屋，尋獲理想家園,/case/search/sales_status/coming-soon/,1,1,1,1,14
google / cpc,othercities_brand,熱銷建案一覽：遠雄全台預售屋、新建案與新成屋，尋獲理想家園,/case/search/sales_status/coming-soon/,1,1,1,1,4
fb / eh5,park,熱銷建案一覽：遠雄全台預售屋、新建案與新成屋，尋獲理想家園,/case/search/sales_status/coming-soon/,1,1,1,1,8
web / bh10,web-Google map,熱銷建案一覽：遠雄全台預售屋、新建案與新成屋，尋獲理想家園,/case/search/sales_status/coming-soon/,1,1,1,1,13
news / bh13,20260508,(2) 封未讀訊息 | 熱銷建案一覽：遠雄全台預售屋、新建案與新成屋，尋獲理想家園,/case/search/sales_status/coming-soon/page/2/,1,1,0,0,18
(data not available),(cross-network),熱銷建案一覽：遠雄全台預售屋、新建案與新成屋，尋獲理想家園,/case/search/sales_status/coming-soon/page/2/,1,1,1,1,4
(direct) / (none),(direct),熱銷建案一覽：遠雄全台預售屋、新建案與新成屋，尋獲理想家園,/case/search/sales_status/coming-soon/page/2/,1,1,1,1,6
google / cpc,(organic),熱銷建案一覽：遠雄全台預售屋、新建案與新成屋，尋獲理想家園,/case/search/sales_status/coming-soon/page/2/,1,1,1,1,42
l.facebook.com / referral,(referral),熱銷建案一覽：遠雄全台預售屋、新建案與新成屋，尋獲理想家園,/case/search/sales_status/coming-soon/page/2/,1,1,3,3,59
fb / eh1,11-1,熱銷建案一覽：遠雄全台預售屋、新建案與新成屋，尋獲理想家園,/case/search/sales_status/coming-soon/page/2/,1,1,1,1,16
fb / dh6,12,熱銷建案一覽：遠雄全台預售屋、新建案與新成屋，尋獲理想家園,/case/search/sales_status/coming-soon/page/2/,1,1,1,1,4
google / cpc,brand,熱銷建案一覽：遠雄全台預售屋、新建案與新成屋，尋獲理想家園,/case/search/sales_status/coming-soon/page/2/,1,1,1,1,3
socialmedia / bh11,googlemap,熱銷建案一覽：遠雄全台預售屋、新建案與新成屋，尋獲理想家園,/case/search/sales_status/coming-soon/page/2/,1,1,2,2,15
google / cpc,information4,熱銷建案一覽：遠雄全台預售屋、新建案與新成屋，尋獲理想家園,/case/search/sales_status/coming-soon/page/2/,1,1,1,1,20
line-lap / bh13,lap-2,熱銷建案一覽：遠雄全台預售屋、新建案與新成屋，尋獲理想家園,/case/search/sales_status/coming-soon/page/2/,1,1,1,1,81
news / bh13,20260508,(2) 封未讀訊息 | 熱銷建案一覽：遠雄全台預售屋、新建案與新成屋，尋獲理想家園,/case/search/sales_status/coming-soon/page/3/,1,1,0,0,10
(direct) / (none),(direct),熱銷建案一覽：遠雄全台預售屋、新建案與新成屋，尋獲理想家園,/case/search/sales_status/coming-soon/page/3/,1,1,1,1,6
google / organic,(organic),熱銷建案一覽：遠雄全台預售屋、新建案與新成屋，尋獲理想家園,/case/search/sales_status/coming-soon/page/3/,1,1,1,1,7
fb / eh1,11-1,熱銷建案一覽：遠雄全台預售屋、新建案與新成屋，尋獲理想家園,/case/search/sales_status/coming-soon/page/3/,1,1,1,1,26
fb / dh6,12,熱銷建案一覽：遠雄全台預售屋、新建案與新成屋，尋獲理想家園,/case/search/sales_status/coming-soon/page/3/,1,1,1,1,11
google / cpc,gdn-4,熱銷建案一覽：遠雄全台預售屋、新建案與新成屋，尋獲理想家園,/case/search/sales_status/coming-soon/page/3/,1,1,1,1,60
socialmedia / bh11,googlemap,熱銷建案一覽：遠雄全台預售屋、新建案與新成屋，尋獲理想家園,/case/search/sales_status/coming-soon/page/3/,1,1,2,2,52
sms / (not set),(not set),熱銷建案一覽：遠雄全台預售屋、新建案與新成屋，尋獲理想家園,/case/search/sales_status/hot-sale/,1,1,1,1,11
web-sms / (not set),(not set),熱銷建案一覽：遠雄全台預售屋、新建案與新成屋，尋獲理想家園,/case/search/sales_status/hot-sale/,1,1,1,1,7
yahoo / organic,(organic),熱銷建案一覽：遠雄全台預售屋、新建案與新成屋，尋獲理想家園,/case/search/sales_status/hot-sale/,1,1,1,1,12
liff.line.me / referral,(referral),熱銷建案一覽：遠雄全台預售屋、新建案與新成屋，尋獲理想家園,/case/search/sales_status/hot-sale/,1,1,1,1,8
gdn / hm2,0601GDN,熱銷建案一覽：遠雄全台預售屋、新建案與新成屋，尋獲理想家園,/case/search/sales_status/hot-sale/,1,1,1,1,65
fb / eh1,11-1,熱銷建案一覽：遠雄全台預售屋、新建案與新成屋，尋獲理想家園,/case/search/sales_status/hot-sale/,1,1,1,1,5
webnews / hm2,202512,熱銷建案一覽：遠雄全台預售屋、新建案與新成屋，尋獲理想家園,/case/search/sales_status/hot-sale/,1,1,2,2,22
google_kw / hm2,202608,熱銷建案一覽：遠雄全台預售屋、新建案與新成屋，尋獲理想家園,/case/search/sales_status/hot-sale/,1,1,1,1,12
(not set),20260828一輪播,熱銷建案一覽：遠雄全台預售屋、新建案與新成屋，尋獲理想家園,/case/search/sales_status/hot-sale/,1,1,1,1,0
gdn / hm2,6-1pmax,熱銷建案一覽：遠雄全台預售屋、新建案與新成屋，尋獲理想家園,/case/search/sales_status/hot-sale/,1,1,1,1,2
google / cpc,BH8-品牌字,熱銷建案一覽：遠雄全台預售屋、新建案與新成屋，尋獲理想家園,/case/search/sales_status/hot-sale/,1,1,2,2,57
google / cpc,BH8-競品字,熱銷建案一覽：遠雄全台預售屋、新建案與新成屋，尋獲理想家園,/case/search/sales_status/hot-sale/,1,1,1,1,7
google / cpc,Competitor,熱銷建案一覽：遠雄全台預售屋、新建案與新成屋，尋獲理想家園,/case/search/sales_status/hot-sale/,1,1,1,1,15
google / cpc,General_Industrial-Office,熱銷建案一覽：遠雄全台預售屋、新建案與新成屋，尋獲理想家園,/case/search/sales_status/hot-sale/,1,1,1,1,0
google / cpc,Qianzhen.Qianjin,熱銷建案一覽：遠雄全台預售屋、新建案與新成屋，尋獲理想家園,/case/search/sales_status/hot-sale/,1,1,2,2,10
google / cpc,Sanmin,熱銷建案一覽：遠雄全台預售屋、新建案與新成屋，尋獲理想家園,/case/search/sales_status/hot-sale/,1,1,1,1,18
google / cpc,area,熱銷建案一覽：遠雄全台預售屋、新建案與新成屋，尋獲理想家園,/case/search/sales_status/hot-sale/,1,1,1,1,16
google / cpc,demand,熱銷建案一覽：遠雄全台預售屋、新建案與新成屋，尋獲理想家園,/case/search/sales_status/hot-sale/,1,1,1,1,2
fb / bh10,fb20268-1,熱銷建案一覽：遠雄全台預售屋、新建案與新成屋，尋獲理想家園,/case/search/sales_status/hot-sale/,1,1,1,1,0
fb / o1,fb27-1,熱銷建案一覽：遠雄全台預售屋、新建案與新成屋，尋獲理想家園,/case/search/sales_status/hot-sale/,1,1,3,3,77
fb / fh2,fb6-1,熱銷建案一覽：遠雄全台預售屋、新建案與新成屋，尋獲理想家園,/case/search/sales_status/hot-sale/,1,1,1,1,3
web-sms / dh2,fb_ad,熱銷建案一覽：遠雄全台預售屋、新建案與新成屋，尋獲理想家園,/case/search/sales_status/hot-sale/,1,1,1,1,15
fb / bh10,fblead,熱銷建案一覽：遠雄全台預售屋、新建案與新成屋，尋獲理想家園,/case/search/sales_status/hot-sale/,1,1,2,2,27
google / cpc,gdn-4,熱銷建案一覽：遠雄全台預售屋、新建案與新成屋，尋獲理想家園,/case/search/sales_status/hot-sale/,1,1,2,2,15
google_kw / bh10,information6,熱銷建案一覽：遠雄全台預售屋、新建案與新成屋，尋獲理想家園,/case/search/sales_status/hot-sale/,1,1,1,1,29
google_kw / fm3,invest,熱銷建案一覽：遠雄全台預售屋、新建案與新成屋，尋獲理想家園,/case/search/sales_status/hot-sale/,1,1,1,1,20
fb / fh2,lbs-sms202608,熱銷建案一覽：遠雄全台預售屋、新建案與新成屋，尋獲理想家園,/case/search/sales_status/hot-sale/,1,1,1,1,4
fb / bh5,leads,熱銷建案一覽：遠雄全台預售屋、新建案與新成屋，尋獲理想家園,/case/search/sales_status/hot-sale/,1,1,1,1,21
fb / dh2,leads,熱銷建案一覽：遠雄全台預售屋、新建案與新成屋，尋獲理想家園,/case/search/sales_status/hot-sale/,1,1,2,2,2
google / cpc,type,熱銷建案一覽：遠雄全台預售屋、新建案與新成屋，尋獲理想家園,/case/search/sales_status/hot-sale/,1,1,1,1,41
google / organic,(organic),熱銷建案一覽：遠雄全台預售屋、新建案與新成屋，尋獲理想家園,/case/search/sales_status/hot-sale/page/2/,1,1,1,1,10
webnews / hm2,202512,熱銷建案一覽：遠雄全台預售屋、新建案與新成屋，尋獲理想家園,/case/search/sales_status/hot-sale/page/2/,1,1,1,1,5
google_kw / hm2,202607,熱銷建案一覽：遠雄全台預售屋、新建案與新成屋，尋獲理想家園,/case/search/sales_status/hot-sale/page/2/,1,1,1,1,15
google / cpc,BH8-品牌字,熱銷建案一覽：遠雄全台預售屋、新建案與新成屋，尋獲理想家園,/case/search/sales_status/hot-sale/page/2/,1,1,2,2,28
google / cpc,O1_特色字_2025.0801,熱銷建案一覽：遠雄全台預售屋、新建案與新成屋，尋獲理想家園,/case/search/sales_status/hot-sale/page/2/,1,1,2,2,63
fb / o1,fb27-1,熱銷建案一覽：遠雄全台預售屋、新建案與新成屋，尋獲理想家園,/case/search/sales_status/hot-sale/page/2/,1,1,1,1,28
google / cpc,gdn-4,熱銷建案一覽：遠雄全台預售屋、新建案與新成屋，尋獲理想家園,/case/search/sales_status/hot-sale/page/2/,1,1,1,1,2
fb / bh5,leads,熱銷建案一覽：遠雄全台預售屋、新建案與新成屋，尋獲理想家園,/case/search/sales_status/hot-sale/page/2/,1,1,1,1,11
(direct) / (none),(direct),熱銷建案一覽：遠雄全台預售屋、新建案與新成屋，尋獲理想家園,/case/search/sales_status/hot-sale/page/3/,1,1,1,1,124
webnews / hm2,202512,熱銷建案一覽：遠雄全台預售屋、新建案與新成屋，尋獲理想家園,/case/search/sales_status/hot-sale/page/3/,1,1,1,1,4
google_kw / hm2,202607,熱銷建案一覽：遠雄全台預售屋、新建案與新成屋，尋獲理想家園,/case/search/sales_status/hot-sale/page/3/,1,1,1,1,18
google / cpc,gdn-4,熱銷建案一覽：遠雄全台預售屋、新建案與新成屋，尋獲理想家園,/case/search/sales_status/hot-sale/page/3/,1,1,1,1,6
fb / bh5,leads,熱銷建案一覽：遠雄全台預售屋、新建案與新成屋，尋獲理想家園,/case/search/sales_status/hot-sale/page/3/,1,1,1,1,37
(not set),(not set),買主口碑推薦：遠雄建案與預售屋真實見證，分享卓越品質居住心得,/case/wom_recommendation/,1,1,0,0,0
line-lap / dh6,1,買主口碑推薦：遠雄建案與預售屋真實見證，分享卓越品質居住心得,/case/wom_recommendation/,1,1,1,1,34
(not set),20260805一輪播,買主口碑推薦：遠雄建案與預售屋真實見證，分享卓越品質居住心得,/case/wom_recommendation/,1,1,1,1,196
gdn / hm2,4-2pmax,買主口碑推薦：遠雄建案與預售屋真實見證，分享卓越品質居住心得,/case/wom_recommendation/,1,1,1,1,0
gdn / hm2,4-2pmaxv2,買主口碑推薦：遠雄建案與預售屋真實見證，分享卓越品質居住心得,/case/wom_recommendation/,1,1,1,1,6
google / cpc,competitor,買主口碑推薦：遠雄建案與預售屋真實見證，分享卓越品質居住心得,/case/wom_recommendation/,1,1,4,4,33
fb / eh2,leads,買主口碑推薦：遠雄建案與預售屋真實見證，分享卓越品質居住心得,/case/wom_recommendation/,1,1,1,1,31
google / cpc,pmax,買主口碑推薦：遠雄建案與預售屋真實見證，分享卓越品質居住心得,/case/wom_recommendation/,1,1,1,1,15
google_kw / fm3,brand,服務入口：預約賞屋、人才招募、遠房好友與合作商機｜遠雄房地產,/contact_service/,1,1,1,1,8
104.com.tw / referral,(referral),聯絡我們｜提供專業諮詢服務，全心成就成家夢想，歡迎與我們聯繫,/contact_service/contact_us/,1,1,1,1,2
excel.officeapps.live.com / referral,(referral),聯絡我們｜提供專業諮詢服務，全心成就成家夢想，歡迎與我們聯繫,/contact_service/contact_us/,1,1,2,2,5
google / cpc,pmax,聯絡我們｜提供專業諮詢服務，全心成就成家夢想，歡迎與我們聯繫,/contact_service/contact_us/,1,1,1,1,19
google / cpc,project,聯絡我們｜提供專業諮詢服務，全心成就成家夢想，歡迎與我們聯繫,/contact_service/contact_us/,1,1,1,1,29
google / cpc,pmax,送出成功！感謝您的洽詢，我們將儘速由專人回覆｜遠雄房地產,/contact_service/contact_us/聯絡我們送出成功/,1,1,2,2,4
104.com.tw / referral,(referral),加入遠雄築夢齊飛！成就房地產專業職涯，共創卓越未來,/contact_service/join_farglory/,1,1,1,1,12
excel.officeapps.live.com / referral,(referral),加入遠雄築夢齊飛！成就房地產專業職涯，共創卓越未來,/contact_service/join_farglory/,1,1,1,1,3
farglory-land.com.tw / referral,(referral),加入遠雄築夢齊飛！成就房地產專業職涯，共創卓越未來,/contact_service/join_farglory/,1,1,1,1,26
tong-yuan.com.tw / referral,(referral),加入遠雄築夢齊飛！成就房地產專業職涯，共創卓越未來,/contact_service/join_farglory/,1,1,1,1,48
webnews / o1,20260827,加入遠雄築夢齊飛！成就房地產專業職涯，共創卓越未來,/contact_service/join_farglory/,1,1,1,1,0
fgr-line / fgr,architectural_planning,加入遠雄築夢齊飛！成就房地產專業職涯，共創卓越未來,/contact_service/join_farglory/,1,1,2,2,34
google_kw / fm3,brand,加入遠雄築夢齊飛！成就房地產專業職涯，共創卓越未來,/contact_service/join_farglory/,1,1,1,1,21
google / cpc,competitor,加入遠雄築夢齊飛！成就房地產專業職涯，共創卓越未來,/contact_service/join_farglory/,1,1,1,1,555
fgr-line / fgr,expert_zhu_tax-notice,加入遠雄築夢齊飛！成就房地產專業職涯，共創卓越未來,/contact_service/join_farglory/,1,1,1,1,24
(not set),生活提案,加入遠雄築夢齊飛！成就房地產專業職涯，共創卓越未來,/contact_service/join_farglory/,1,1,0,0,0
(not set),(not set),加入我們｜薪獎福利大公開，提供優於業界職涯保障，招募建築菁英,/contact_service/salary_bonus_benefits/,1,1,0,0,0
google / organic,(organic),加入我們｜完善福利制度，打造幸福職場、職涯夢想，成就精彩人生,/contact_service/welfare_system/,1,1,1,1,56
(not set),生活提案,(not set),/customInfo_V2.html,1,1,1,1,0
liff.line.me / referral,(referral),顧客資料表,/customInfo_V2.html,1,1,1,1,37
LINE-Liff / bh8,202607-AI,顧客資料表,/customInfo_V2.html,1,1,1,1,3
(not set),20260813一輪播,顧客資料表,/customInfo_V2.html,1,1,1,1,44
(not set),(not set),十二月主題報 - 遠雄房地產,/dec2024/,1,1,0,0,0
(direct) / (none),(direct),遠雄綠禾,/dh3/main,1,1,1,1,5
fgr-line / bh13,20260520,遠雄房地產,/ebook,1,1,2,2,0
fgr-line / bh11,20260605,遠雄房地產,/ebook,1,1,1,1,0
fgr-line / eh6,20260612,遠雄房地產,/ebook,1,1,2,2,0
LINE-Liff / bh8,202607-AI,遠雄房地產,/ebook,1,1,2,2,0
fgr-line / bh7,20260710,遠雄房地產,/ebook,1,1,1,1,0
(not set),20260813一輪播,遠雄房地產,/ebook,1,1,2,2,0
fgr-line / fgr,expert_law_y-rlee_joint-ownership,遠雄房地產,/ebook,1,1,1,1,0
fgr-line / fgr,expert_li_2026-housing-tips,遠雄房地產,/ebook,1,1,1,1,0
fgr-line / fgr,expert_zhu_eht_20250625,遠雄房地產,/ebook,1,1,1,1,0
fgr-line / fgr,land_handover,遠雄房地產,/ebook,1,1,2,2,0
line / bh10,lineQA,遠雄房地產,/ebook,1,1,2,2,0
fgr-line / fg,ping/,遠雄房地產,/ebook,1,1,1,1,0
web / eh1,popup_ai_202606,遠雄房地產,/ebook,1,1,2,2,0
picsee-domain / referral,www.fgrealty.tw,遠雄房地產,/ebook,1,1,1,1,0
(not set),台中全區,遠雄房地產,/ebook,1,1,1,1,0
fgr-line / bh13,20260520,遠雄房地產官方LINE,/ebook,1,1,0,0,34
fgr-line / bh11,20260605,遠雄房地產官方LINE,/ebook,1,1,1,1,6
fgr-line / bh7,20260710,遠雄房地產官方LINE,/ebook,1,1,5,5,12
fgr-line / fgr,expert_law_y-rlee_joint-ownership,遠雄房地產官方LINE,/ebook,1,1,1,1,3
fgr-line / fgr,expert_li_2026-housing-tips,遠雄房地產官方LINE,/ebook,1,1,1,1,14
fgr-line / fgr,expert_zhu_eht_20250625,遠雄房地產官方LINE,/ebook,1,1,3,3,32
fgr-line / fg,ping/,遠雄房地產官方LINE,/ebook,1,1,1,1,0
picsee-domain / referral,www.fgrealty.tw,遠雄房地產官方LINE,/ebook,1,1,1,1,0
(not set),台中全區,遠雄房地產官方LINE,/ebook,1,1,1,1,0
liff.line.me / referral,(referral),遠雄房地產官方線,/ebook,1,1,0,0,1
(not set),20260702一輪播,遠雄房地產官方LINE,/ebook/,1,1,1,1,0
console2.flydove.net / referral,(referral),訂閱成功！遠房好友報將持續更新生活提案，開啟您的理想居家日常,/edm_thank_you_page/,1,1,1,1,3
gdn / hm2,202601,訂閱成功！遠房好友報將持續更新生活提案，開啟您的理想居家日常,/edm_thank_you_page/,1,1,1,1,7
(not set),20260813一輪播,訂閱成功！遠房好友報將持續更新生活提案，開啟您的理想居家日常,/edm_thank_you_page/,1,1,1,1,0
(not set),20260828一輪播,訂閱成功！遠房好友報將持續更新生活提案，開啟您的理想居家日常,/edm_thank_you_page/,1,1,1,1,5
gdn / hm2,4-2pmaxv2,訂閱成功！遠房好友報將持續更新生活提案，開啟您的理想居家日常,/edm_thank_you_page/,1,1,1,1,3
gdn / hm2,6-1pmaxv2,訂閱成功！遠房好友報將持續更新生活提案，開啟您的理想居家日常,/edm_thank_you_page/,1,1,1,1,5
fg / post,SEO,訂閱成功！遠房好友報將持續更新生活提案，開啟您的理想居家日常,/edm_thank_you_page/,1,1,2,2,10
google_kw / bh10,information8,訂閱成功！遠房好友報將持續更新生活提案，開啟您的理想居家日常,/edm_thank_you_page/,1,1,1,1,1
fb / h713,leads,訂閱成功！遠房好友報將持續更新生活提案，開啟您的理想居家日常,/edm_thank_you_page/,1,1,3,3,38
google / cpc,project,訂閱成功！遠房好友報將持續更新生活提案，開啟您的理想居家日常,/edm_thank_you_page/,1,1,1,1,4
(not set),(not set),遠雄菁英分享：代銷業務實戰心法，挑戰高薪成就頂尖房產職涯,/elite_sharing/,1,1,1,1,0
google / organic,(organic),(1) 封未讀訊息 | 國家級的建築肯定-遠雄房地產,/farglory-realty-about/national-building/,1,1,0,0,0
google_kw / bh13,(organic),國家級的建築肯定-遠雄房地產,/farglory-realty-about/national-building/,1,1,1,1,0
yahoo / organic,(organic),國家級的建築肯定-遠雄房地產,/farglory-realty-about/national-building/,1,1,1,1,19
excel.officeapps.live.com / referral,(referral),國家級的建築肯定-遠雄房地產,/farglory-realty-about/national-building/,1,1,3,3,136
farglory-website-hyyvhv2yda-de.a.run.app / referral,(referral),國家級的建築肯定-遠雄房地產,/farglory-realty-about/national-building/,1,1,1,1,1
teams.public.onecdn.static.microsoft / referral,(referral),國家級的建築肯定-遠雄房地產,/farglory-realty-about/national-building/,1,1,1,1,20
tw.search.yahoo.com / referral,(referral),國家級的建築肯定-遠雄房地產,/farglory-realty-about/national-building/,1,1,1,1,66
(not set),20260702一輪播,國家級的建築肯定-遠雄房地產,/farglory-realty-about/national-building/,1,1,1,1,16
(not set),20260805一輪播,國家級的建築肯定-遠雄房地產,/farglory-realty-about/national-building/,1,1,0,0,0
google / cpc,RSH1-買房字,國家級的建築肯定-遠雄房地產,/farglory-realty-about/national-building/,1,1,1,1,3
google / cpc,WDH2-地區字,國家級的建築肯定-遠雄房地產,/farglory-realty-about/national-building/,1,1,1,1,1
google / cpc,gdn-4,國家級的建築肯定-遠雄房地產,/farglory-realty-about/national-building/,1,1,7,7,13
google / cpc,othercities_brand,國家級的建築肯定-遠雄房地產,/farglory-realty-about/national-building/,1,1,2,2,2
google_kw / hm2,sitelink,國家級的建築肯定-遠雄房地產,/farglory-realty-about/national-building/,1,1,1,1,26
excel.officeapps.live.com / referral,(referral),世界造鎮推手‧遠雄譜寫台灣經濟奇蹟-遠雄房地產,/farglory-realty-about/push-hand/,1,1,2,2,48
farglory.com.tw / referral,(referral),世界造鎮推手‧遠雄譜寫台灣經濟奇蹟-遠雄房地產,/farglory-realty-about/push-hand/,1,1,2,2,19
google_kw / hm2,202607,世界造鎮推手‧遠雄譜寫台灣經濟奇蹟-遠雄房地產,/farglory-realty-about/push-hand/,1,1,1,1,21
google / cpc,competitor,世界造鎮推手‧遠雄譜寫台灣經濟奇蹟-遠雄房地產,/farglory-realty-about/push-hand/,1,1,1,1,33
chatgpt.com / ai-assistant,(ai-assistant),遠雄智慧二代宅‧成就所有可能-遠雄房地產,/farglory-realty-about/second-generation/,1,1,1,1,13
google_kw / hm2,202607,遠雄智慧二代宅‧成就所有可能-遠雄房地產,/farglory-realty-about/second-generation/,1,1,0,0,21
(not set),20260805一輪播,遠雄智慧二代宅‧成就所有可能-遠雄房地產,/farglory-realty-about/second-generation/,1,1,2,2,36
google / cpc,WDH2-品牌字,遠雄智慧二代宅‧成就所有可能-遠雄房地產,/farglory-realty-about/second-generation/,1,1,1,1,9
webnews / eh2,moneyudn_202512,遠雄智慧二代宅‧成就所有可能-遠雄房地產,/farglory-realty-about/second-generation/,1,1,1,1,9
console2.flydove.net / referral,(referral),遠房好友電子報：訂閱房市情報與會員好禮，掌握第一手購屋資訊,/farglory-realty_edm/,1,1,2,2,22
liff.line.me / referral,(referral),遠房好友電子報：訂閱房市情報與會員好禮，掌握第一手購屋資訊,/farglory-realty_edm/,1,1,1,1,7
mkto-sn070013.com / referral,(referral),遠房好友電子報：訂閱房市情報與會員好禮，掌握第一手購屋資訊,/farglory-realty_edm/,1,1,1,1,12
tagassistant.google.com / referral,(referral),遠房好友電子報：訂閱房市情報與會員好禮，掌握第一手購屋資訊,/farglory-realty_edm/,1,1,3,3,2
line-lap / hm2,0601,遠房好友電子報：訂閱房市情報與會員好禮，掌握第一手購屋資訊,/farglory-realty_edm/,1,1,1,1,1
gdn / hm2,4-2pmaxv2,遠房好友電子報：訂閱房市情報與會員好禮，掌握第一手購屋資訊,/farglory-realty_edm/,1,1,1,1,8
web-sms / eh1,CRM-207-D,遠房好友電子報：訂閱房市情報與會員好禮，掌握第一手購屋資訊,/farglory-realty_edm/,1,1,1,1,19
google_kw / fm3,brand,遠房好友電子報：訂閱房市情報與會員好禮，掌握第一手購屋資訊,/farglory-realty_edm/,1,1,1,1,2
fb / eh6,form,遠房好友電子報：訂閱房市情報與會員好禮，掌握第一手購屋資訊,/farglory-realty_edm/,1,1,1,1,0
google / cpc,project,遠房好友電子報：訂閱房市情報與會員好禮，掌握第一手購屋資訊,/farglory-realty_edm/,1,1,2,2,16
(not set),(not set),2025二月主題報 - 遠雄房地產,/feb2025/,1,1,0,0,0
(direct) / (none),(direct),遠雄夏沐-線上接待中心,/floor-plan,1,1,1,1,0
google / cpc,gdn-4,遠雄夏綠蒂 | 數位意向書-遠雄房地產 Farglory-Realty,/form/cancel,1,1,1,1,1
pop-car / ar1,(not set),遠雄 THE ONE | 數位意向書-遠雄房地產 Farglory-Realty,/form/preview_legal/31,1,1,1,1,21
teams.public.onecdn.static.microsoft / referral,(referral),遠雄 THE ONE | 數位意向書-遠雄房地產 Farglory-Realty,/form/preview_legal/31,1,1,3,3,422
google_gdn / 5vo1,7-1,遠雄 THE ONE | 數位意向書-遠雄房地產 Farglory-Realty,/form/preview_legal/31,1,1,1,1,61
(direct) / (none),(direct),SEO標題-遠雄房地產 Farglory-Realty,/form/result/complete,1,1,1,1,3
pop-car / ar1,(not set),遠雄 THE ONE | 數位意向書-遠雄房地產 Farglory-Realty,/form/result/complete,1,1,1,1,13
google / cpc,(organic),遠雄夏綠蒂 | 數位意向書-遠雄房地產 Farglory-Realty,/form/result/complete,1,1,1,1,2
google_kw / bh13,(organic),遠雄夏綠蒂 | 數位意向書-遠雄房地產 Farglory-Realty,/form/result/complete,1,1,1,1,0
(not set),20260805一輪播,遠雄夏綠蒂 | 數位意向書-遠雄房地產 Farglory-Realty,/form/result/complete,1,1,1,1,0
(direct) / (none),(direct),遠雄中西區新案 | 數位意向書-遠雄房地產 Farglory-Realty,/form/verify/00sGh,1,1,1,1,2
(direct) / (none),(direct),遠雄夏綠蒂 | 數位意向書-遠雄房地產 Farglory-Realty,/form/verify/0uQ1t,1,1,1,1,11
(direct) / (none),(direct),遠雄夏綠蒂 | 數位意向書-遠雄房地產 Farglory-Realty,/form/verify/1LLGq,1,1,1,1,13
(direct) / (none),(direct),遠雄夏綠蒂 | 數位意向書-遠雄房地產 Farglory-Realty,/form/verify/4EZaY4,1,1,1,1,17
(direct) / (none),(direct),遠雄夏綠蒂 | 數位意向書-遠雄房地產 Farglory-Realty,/form/verify/694Mp3,1,1,1,1,14
google / cpc,gdn-4,遠雄夏綠蒂 | 數位意向書-遠雄房地產 Farglory-Realty,/form/verify/6Hm61,1,1,1,1,16
(direct) / (none),(direct),遠雄夏綠蒂 | 數位意向書-遠雄房地產 Farglory-Realty,/form/verify/6fJHX3,1,1,1,1,12
google / cpc,gdn-4,遠雄夏綠蒂 | 數位意向書-遠雄房地產 Farglory-Realty,/form/verify/6llYL,1,1,1,1,8
google / organic,(organic),遠雄夏綠蒂 | 數位意向書-遠雄房地產 Farglory-Realty,/form/verify/7mbZT4,1,1,1,1,8
(direct) / (none),(direct),遠雄 THE ONE | 數位意向書-遠雄房地產 Farglory-Realty,/form/verify/8h59N4,1,1,1,1,17
(direct) / (none),(direct),遠雄夏綠蒂 | 數位意向書-遠雄房地產 Farglory-Realty,/form/verify/9sa0P3,1,1,1,1,12
(direct) / (none),(direct),遠雄夏綠蒂 | 數位意向書-遠雄房地產 Farglory-Realty,/form/verify/9sd5c,1,1,1,1,12
(direct) / (none),(direct),遠雄蘴靚 | 數位意向書-遠雄房地產 Farglory-Realty,/form/verify/ABTzA,1,1,1,1,0
(direct) / (none),(direct),遠雄夏綠蒂 | 數位意向書-遠雄房地產 Farglory-Realty,/form/verify/BWsTB1,1,1,1,1,6
(direct) / (none),(direct),遠雄夏綠蒂 | 數位意向書-遠雄房地產 Farglory-Realty,/form/verify/C4RE32,1,1,1,1,13
google / cpc,gdn-4,遠雄夏綠蒂 | 數位意向書-遠雄房地產 Farglory-Realty,/form/verify/ClwhS,1,1,2,2,5
(direct) / (none),(direct),遠雄夏綠蒂 | 數位意向書-遠雄房地產 Farglory-Realty,/form/verify/DKWFP1,1,1,1,1,19
google / cpc,gdn-4,遠雄夏綠蒂 | 數位意向書-遠雄房地產 Farglory-Realty,/form/verify/HS8Tw2,1,1,1,1,18
(direct) / (none),(direct),遠雄夏綠蒂 | 數位意向書-遠雄房地產 Farglory-Realty,/form/verify/HVdYV,1,1,1,1,8
(not set),20260813一輪播,遠雄夏綠蒂 | 數位意向書-遠雄房地產 Farglory-Realty,/form/verify/Hj1IY,1,1,1,1,9
(direct) / (none),(direct),遠雄夏綠蒂 | 數位意向書-遠雄房地產 Farglory-Realty,/form/verify/IWeGU3,1,1,1,1,6
google / cpc,gdn-4,遠雄夏綠蒂 | 數位意向書-遠雄房地產 Farglory-Realty,/form/verify/JSz5X4,1,1,1,1,8
google / cpc,gdn-4,遠雄夏綠蒂 | 數位意向書-遠雄房地產 Farglory-Realty,/form/verify/JT45S1,1,1,1,1,134
(direct) / (none),(direct),遠雄夏綠蒂 | 數位意向書-遠雄房地產 Farglory-Realty,/form/verify/JTHft3,1,1,1,1,10
(direct) / (none),(direct),遠雄夏綠蒂 | 數位意向書-遠雄房地產 Farglory-Realty,/form/verify/KnAB14,1,1,1,1,8
(direct) / (none),(direct),遠雄夏綠蒂 | 數位意向書-遠雄房地產 Farglory-Realty,/form/verify/L3EcI1,1,1,1,1,7
(direct) / (none),(direct),遠雄夏綠蒂 | 數位意向書-遠雄房地產 Farglory-Realty,/form/verify/L6Erg1,1,1,1,1,15
(direct) / (none),(direct),遠雄夏綠蒂 | 數位意向書-遠雄房地產 Farglory-Realty,/form/verify/L6p2B1,1,1,1,1,14
google / cpc,(organic),遠雄夏綠蒂 | 數位意向書-遠雄房地產 Farglory-Realty,/form/verify/O2xog,1,1,2,2,35
(direct) / (none),(direct),遠雄夏綠蒂 | 數位意向書-遠雄房地產 Farglory-Realty,/form/verify/PCN3N2,1,1,1,1,13
google / cpc,gdn-4,遠雄夏綠蒂 | 數位意向書-遠雄房地產 Farglory-Realty,/form/verify/PxB1q2,1,1,1,1,12
(direct) / (none),(direct),遠雄夏綠蒂 | 數位意向書-遠雄房地產 Farglory-Realty,/form/verify/QY7uf4,1,1,1,1,14
(direct) / (none),(direct),遠雄夏綠蒂 | 數位意向書-遠雄房地產 Farglory-Realty,/form/verify/QlwP84,1,1,2,2,79
(direct) / (none),(direct),遠雄夏綠蒂 | 數位意向書-遠雄房地產 Farglory-Realty,/form/verify/Qnpdw3,1,1,1,1,9
(direct) / (none),(direct),遠雄夏綠蒂 | 數位意向書-遠雄房地產 Farglory-Realty,/form/verify/QoZUR4,1,1,1,1,27
(direct) / (none),(direct),遠雄夏綠蒂 | 數位意向書-遠雄房地產 Farglory-Realty,/form/verify/RxTx52,1,1,1,1,0
(direct) / (none),(direct),遠雄夏綠蒂 | 數位意向書-遠雄房地產 Farglory-Realty,/form/verify/SFGES4,1,1,1,1,9
(direct) / (none),(direct),遠雄夏綠蒂 | 數位意向書-遠雄房地產 Farglory-Realty,/form/verify/T98iA1,1,1,1,1,32
pop-car / ar1,(not set),遠雄 THE ONE | 數位意向書-遠雄房地產 Farglory-Realty,/form/verify/Ui66J,1,1,1,1,36
(direct) / (none),(direct),遠雄夏綠蒂 | 數位意向書-遠雄房地產 Farglory-Realty,/form/verify/UtpQG1,1,1,1,1,12
(direct) / (none),(direct),遠雄夏綠蒂 | 數位意向書-遠雄房地產 Farglory-Realty,/form/verify/VB0l73,1,1,1,1,17
(direct) / (none),(direct),遠雄夏綠蒂 | 數位意向書-遠雄房地產 Farglory-Realty,/form/verify/VinnC2,1,1,1,1,7
google / cpc,gdn-4,遠雄夏綠蒂 | 數位意向書-遠雄房地產 Farglory-Realty,/form/verify/WFDO81,1,1,1,1,22
(direct) / (none),(direct),遠雄夏綠蒂 | 數位意向書-遠雄房地產 Farglory-Realty,/form/verify/WVjs93,1,1,1,1,23
google / cpc,gdn-4,遠雄夏綠蒂 | 數位意向書-遠雄房地產 Farglory-Realty,/form/verify/XoV7N3,1,1,1,1,88
(direct) / (none),(direct),遠雄夏綠蒂 | 數位意向書-遠雄房地產 Farglory-Realty,/form/verify/Yaqxr,1,1,1,1,11
(direct) / (none),(direct),遠雄夏綠蒂 | 數位意向書-遠雄房地產 Farglory-Realty,/form/verify/YvATy1,1,1,1,1,11
(direct) / (none),(direct),遠雄夏綠蒂 | 數位意向書-遠雄房地產 Farglory-Realty,/form/verify/YvYyD1,1,1,1,1,12
(direct) / (none),(direct),遠雄夏綠蒂 | 數位意向書-遠雄房地產 Farglory-Realty,/form/verify/ZNS2g3,1,1,1,1,50
(direct) / (none),(direct),遠雄夏綠蒂 | 數位意向書-遠雄房地產 Farglory-Realty,/form/verify/ZW1243,1,1,1,1,16
(direct) / (none),(direct),遠雄夏綠蒂 | 數位意向書-遠雄房地產 Farglory-Realty,/form/verify/a17xR3,1,1,1,1,26
(direct) / (none),(direct),遠雄夏綠蒂 | 數位意向書-遠雄房地產 Farglory-Realty,/form/verify/afaUq1,1,1,1,1,34
(direct) / (none),(direct),遠雄夏綠蒂 | 數位意向書-遠雄房地產 Farglory-Realty,/form/verify/bd4im,1,1,1,1,19
google_kw / bh13,(not set),遠雄夏綠蒂 | 數位意向書-遠雄房地產 Farglory-Realty,/form/verify/bd4im,1,1,2,2,3
(not set),20260813一輪播,遠雄夏綠蒂 | 數位意向書-遠雄房地產 Farglory-Realty,/form/verify/bmTvk2,1,1,1,1,9
google / cpc,gdn-4,遠雄夏綠蒂 | 數位意向書-遠雄房地產 Farglory-Realty,/form/verify/bohIJ4,1,1,1,1,9
(direct) / (none),(direct),遠雄夏綠蒂 | 數位意向書-遠雄房地產 Farglory-Realty,/form/verify/cAGsp2,1,1,1,1,10
(direct) / (none),(direct),SEO標題-遠雄房地產 Farglory-Realty,/form/verify/cr8eg2,1,1,1,1,13
(direct) / (none),(direct),遠雄夏綠蒂 | 數位意向書-遠雄房地產 Farglory-Realty,/form/verify/eRkLX,1,1,1,1,9
google / cpc,gdn-4,遠雄夏綠蒂 | 數位意向書-遠雄房地產 Farglory-Realty,/form/verify/ebj9t,1,1,1,1,21
(direct) / (none),(direct),遠雄夏綠蒂 | 數位意向書-遠雄房地產 Farglory-Realty,/form/verify/egoE83,1,1,1,1,15
(direct) / (none),(direct),遠雄夏綠蒂 | 數位意向書-遠雄房地產 Farglory-Realty,/form/verify/fUyeF,1,1,1,1,0
google / cpc,gdn-4,遠雄夏綠蒂 | 數位意向書-遠雄房地產 Farglory-Realty,/form/verify/gP9oH4,1,1,1,1,13
(direct) / (none),(direct),遠雄 THE ONE | 數位意向書-遠雄房地產 Farglory-Realty,/form/verify/gcAPX1,1,1,1,1,56
pop-car / ar1,(not set),遠雄 THE ONE | 數位意向書-遠雄房地產 Farglory-Realty,/form/verify/gcAPX1,1,1,1,1,49
(direct) / (none),(direct),遠雄夏綠蒂 | 數位意向書-遠雄房地產 Farglory-Realty,/form/verify/hCfQp2,1,1,1,1,62
(not set),20260702一輪播,遠雄夏綠蒂 | 數位意向書-遠雄房地產 Farglory-Realty,/form/verify/hFl1S4,1,1,1,1,12
(direct) / (none),(direct),遠雄夏綠蒂 | 數位意向書-遠雄房地產 Farglory-Realty,/form/verify/iDVdc3,1,1,1,1,43
google / cpc,gdn-4,遠雄夏綠蒂 | 數位意向書-遠雄房地產 Farglory-Realty,/form/verify/iKvWF4,1,1,1,1,25
(direct) / (none),(direct),遠雄蘴靚 | 數位意向書-遠雄房地產 Farglory-Realty,/form/verify/iYNpy2,1,1,1,1,2
(direct) / (none),(direct),遠雄夏綠蒂 | 數位意向書-遠雄房地產 Farglory-Realty,/form/verify/kO0vF2,1,1,1,1,319
(direct) / (none),(direct),遠雄夏綠蒂 | 數位意向書-遠雄房地產 Farglory-Realty,/form/verify/kTVkk2,1,1,1,1,8
(direct) / (none),(direct),遠雄夏綠蒂 | 數位意向書-遠雄房地產 Farglory-Realty,/form/verify/lEqxn,1,1,1,1,17
google / cpc,gdn-4,遠雄夏綠蒂 | 數位意向書-遠雄房地產 Farglory-Realty,/form/verify/lQDi91,1,1,1,1,20
(direct) / (none),(direct),遠雄 THE ONE | 數位意向書-遠雄房地產 Farglory-Realty,/form/verify/mOzK7,1,1,1,1,29
google_kw / bh13,(organic),遠雄夏綠蒂 | 數位意向書-遠雄房地產 Farglory-Realty,/form/verify/mTxGS,1,1,1,1,18
(direct) / (none),(direct),遠雄夏綠蒂 | 數位意向書-遠雄房地產 Farglory-Realty,/form/verify/pOLi24,1,1,1,1,6
(direct) / (none),(direct),遠雄夏綠蒂 | 數位意向書-遠雄房地產 Farglory-Realty,/form/verify/pSTyf,1,1,1,1,7
(direct) / (none),(direct),遠雄 THE ONE | 數位意向書-遠雄房地產 Farglory-Realty,/form/verify/rZVc02,1,1,1,1,27
(direct) / (none),(direct),遠雄夏綠蒂 | 數位意向書-遠雄房地產 Farglory-Realty,/form/verify/rnPdH2,1,1,1,1,13
(direct) / (none),(direct),遠雄夏綠蒂 | 數位意向書-遠雄房地產 Farglory-Realty,/form/verify/s6SNJ,1,1,1,1,12
(direct) / (none),(direct),遠雄夏綠蒂 | 數位意向書-遠雄房地產 Farglory-Realty,/form/verify/sMRPt1,1,1,1,1,192
(direct) / (none),(direct),遠雄夏綠蒂 | 數位意向書-遠雄房地產 Farglory-Realty,/form/verify/tH90Z2,1,1,1,1,7
(direct) / (none),(direct),遠雄 THE ONE | 數位意向書-遠雄房地產 Farglory-Realty,/form/verify/upobr1,1,1,1,1,21
(direct) / (none),(direct),遠雄夏綠蒂 | 數位意向書-遠雄房地產 Farglory-Realty,/form/verify/utkcv,1,1,1,1,6
(direct) / (none),(direct),遠雄夏綠蒂 | 數位意向書-遠雄房地產 Farglory-Realty,/form/verify/v9maH3,1,1,1,1,48
(direct) / (none),(direct),遠雄夏綠蒂 | 數位意向書-遠雄房地產 Farglory-Realty,/form/verify/vHEHq3,1,1,1,1,6
(direct) / (none),(direct),遠雄夏綠蒂 | 數位意向書-遠雄房地產 Farglory-Realty,/form/verify/vSCWl,1,1,1,1,38
(direct) / (none),(direct),遠雄夏綠蒂 | 數位意向書-遠雄房地產 Farglory-Realty,/form/verify/w2RRJ4,1,1,1,1,13
google / cpc,gdn-4,遠雄夏綠蒂 | 數位意向書-遠雄房地產 Farglory-Realty,/form/verify/wdXuP1,1,1,1,1,36
(direct) / (none),(direct),遠雄夏綠蒂 | 數位意向書-遠雄房地產 Farglory-Realty,/form/verify/wjvVf2,1,1,1,1,84
google / cpc,gdn-4,遠雄夏綠蒂 | 數位意向書-遠雄房地產 Farglory-Realty,/form/verify/wpNkS1,1,1,1,1,15
(direct) / (none),(direct),遠雄夏綠蒂 | 數位意向書-遠雄房地產 Farglory-Realty,/form/verify/wvUoX2,1,1,1,1,21
(direct) / (none),(direct),遠雄夏綠蒂 | 數位意向書-遠雄房地產 Farglory-Realty,/form/verify/y600G3,1,1,1,1,30
(direct) / (none),(direct),遠雄夏綠蒂 | 數位意向書-遠雄房地產 Farglory-Realty,/form/verify/yICIY4,1,1,1,1,7
(direct) / (none),(direct),遠雄夏綠蒂 | 數位意向書-遠雄房地產 Farglory-Realty,/form/verify/yR0MB4,1,1,1,1,7
(not set),20260805一輪播,遠雄夏綠蒂 | 數位意向書-遠雄房地產 Farglory-Realty,/form/verify/zuAvq1,1,1,1,1,11
(direct) / (none),(direct),SEO標題-遠雄房地產 Farglory-Realty,/form/write,1,1,1,1,31
pop-car / ar1,(not set),遠雄 THE ONE | 數位意向書-遠雄房地產 Farglory-Realty,/form/write,1,1,1,1,143
google / cpc,(organic),遠雄夏綠蒂 | 數位意向書-遠雄房地產 Farglory-Realty,/form/write,1,1,1,1,106
google / organic,(organic),遠雄夏綠蒂 | 數位意向書-遠雄房地產 Farglory-Realty,/form/write,1,1,1,1,509
google_kw / bh13,(organic),遠雄夏綠蒂 | 數位意向書-遠雄房地產 Farglory-Realty,/form/write,1,1,1,1,204
(not set),20260702一輪播,遠雄夏綠蒂 | 數位意向書-遠雄房地產 Farglory-Realty,/form/write,1,1,1,1,78
(not set),20260805一輪播,遠雄夏綠蒂 | 數位意向書-遠雄房地產 Farglory-Realty,/form/write,1,1,1,1,159
(direct) / (none),(direct),遠雄九五 彙整 - DEMO遠雄房地產,/gc_farbear/life-proposal-tag/8、遠雄房地產建案/遠雄九五/,1,1,1,1,0
fb / bh13,1,遠雄房地產,/integrate,1,1,2,2,0
fgr-line / fg,13856/,遠雄房地產,/integrate,1,1,2,2,0
fgr-line / fh2,20260417,遠雄房地產,/integrate,1,1,2,2,0
LINE-Liff / eh1,202606-AI,遠雄房地產,/integrate,1,1,3,3,1
fgr-line / rsh1,20260605,遠雄房地產,/integrate,1,1,2,2,0
fgr-line / eh6,20260710,遠雄房地產,/integrate,1,1,2,2,0
fgr-line / eh6,20260717,遠雄房地產,/integrate,1,1,2,2,0
fgr-line / eh5,20260724,遠雄房地產,/integrate,1,1,2,2,0
fgr-line / fm3,20260807,遠雄房地產,/integrate,1,1,4,4,0
fgr-line / fgr,20260813一輪播,遠雄房地產,/integrate,1,1,1,1,0
fg-line / ar1,20260828,遠雄房地產,/integrate,1,1,1,1,0
fgr-line / bh7,20260828,遠雄房地產,/integrate,1,1,2,2,0
google / cpc,WDH2-品牌字,遠雄房地產,/integrate,1,1,2,2,0
fgr-line / fgr,expert_li_stock-housing-cycle,遠雄房地產,/integrate,1,1,2,2,0
fgr-line / fgr,expert_peizhen_2026-q2-housing-outlook,遠雄房地產,/integrate,1,1,2,2,0
fgr-line / fgr,expert_zhu_inheritance-tax-2026-2,遠雄房地產,/integrate,1,1,2,2,0
fgr-line / fgr,expert_zhu_taiwan-land-scam,遠雄房地產,/integrate,1,1,2,2,0
fgr-line / fgr,land_handover_check,遠雄房地產,/integrate,1,1,7,7,3
fgr-line / dh6,listbutton,遠雄房地產,/integrate,1,1,2,2,0
fgr-line / fgr,playlist=e93ee4e&video=eb83f6f,遠雄房地產,/integrate,1,1,3,3,0
web / bh11,popup_ai_202608,遠雄房地產,/integrate,1,1,2,2,0
picsee-domain / referral,www.fgrealty.tw,遠雄房地產,/integrate,1,1,10,10,0
LINE-Liff / bh11,202607-AI,遠雄房地產,/integrate/,1,1,1,1,0
fgr-line / fgr,20260813一輪播,遠雄房地產,/integrate/,1,1,1,1,0
mkto-sn070013.com / referral,(referral),2026一月主題報 - 遠雄房地產,/jan2026/,1,1,1,1,2
(not set),(not set),預售屋簽約注意事項｜解析產權、契約審閱期與交屋保留款尾款防陷阱,/jun2026/,1,1,0,0,19
google / organic,(organic),預售屋簽約注意事項｜解析產權、契約審閱期與交屋保留款尾款防陷阱,/jun2026/,1,1,2,2,0
app.newsleopard.com / referral,(referral),預售屋簽約注意事項｜解析產權、契約審閱期與交屋保留款尾款防陷阱,/jun2026/,1,1,1,1,0
(not set),20260813一輪播,預售屋簽約注意事項｜解析產權、契約審閱期與交屋保留款尾款防陷阱,/jun2026/,1,1,1,1,0
591 / ar1,eeeee,(2) 封未讀訊息 | A建案-AI接待測試頁 - 遠雄房地產,/landing-page/aitest/,1,1,0,0,3
(not set),20260813一輪播,(4) 封未讀訊息 | A建案-AI接待測試頁 - 遠雄房地產,/landing-page/aitest/,1,1,0,0,0
liff.line.me / referral,(referral),A建案-AI接待測試頁 - 遠雄房地產,/landing-page/aitest/,1,1,2,2,5
mkto-sn070013.com / referral,(referral),A建案-AI接待測試頁 - 遠雄房地產,/landing-page/aitest/,1,1,1,1,2
teams.public.onecdn.static.microsoft / referral,(referral),A建案-AI接待測試頁 - 遠雄房地產,/landing-page/aitest/,1,1,1,1,4
web-sms / bh8,ai_202608,A建案-AI接待測試頁 - 遠雄房地產,/landing-page/aitest/,1,1,1,1,5
fg / bh11,eeee,A建案-AI接待測試頁 - 遠雄房地產,/landing-page/aitest/,1,1,1,1,45
591 / ar1,eeeee,A建案-AI接待測試頁 - 遠雄房地產,/landing-page/aitest/,1,1,2,2,0
fgr-line / fgr,expert_hoshichang_vacancy-rate,A建案-AI接待測試頁 - 遠雄房地產,/landing-page/aitest/,1,1,1,1,0
591 / ar1,eeeee,(2) 封未讀訊息 | B建案-AI接待測試頁 - 遠雄房地產,/landing-page/aitest_b/,1,1,0,0,9
(direct) / (none),(direct),B建案-AI接待測試頁 - 遠雄房地產,/landing-page/aitest_b/,1,1,1,1,1
591 / ar1,eeeee,B建案-AI接待測試頁 - 遠雄房地產,/landing-page/aitest_b/,1,1,3,3,0
(direct) / (none),(direct),超級好友VIP💎推薦購屋大賞 推薦購屋送黃金! - 遠雄房地產,/landing-page/mgm-gold/,1,1,1,1,9
(not set),(not set),台經院產經資料庫總監、APIAA院士  劉佩真 彙整 - 遠雄房地產,/life-proposal-category/expert_point/pei_zhen/,1,1,0,0,9
bing / organic,(organic),台經院產經資料庫總監、APIAA院士  劉佩真 彙整 - 遠雄房地產,/life-proposal-category/expert_point/pei_zhen/,1,1,2,2,29
(not set),20260805一輪播,台經院產經資料庫總監、APIAA院士  劉佩真 彙整 - 遠雄房地產,/life-proposal-category/expert_point/pei_zhen/,1,1,1,1,0
(not set),20260618一輪播,永然聯合法律事務所 彙整 - 遠雄房地產,/life-proposal-category/expert_point/y-rlee/,1,1,4,4,52
(not set),(not set),置產 彙整 - 遠雄房地產,/life-proposal-tag/1、客層/2購屋需求/置產-購屋需求/,1,1,0,0,0
(not set),(not set),2025房市趨勢 彙整 - 遠雄房地產,/life-proposal-tag/2、市場/1市場相關專有詞/2025房市趨勢/,1,1,0,0,0
(not set),(not set),房市反轉 彙整 - 遠雄房地產,/life-proposal-tag/2、市場/1市場相關專有詞/房市反轉/,1,1,0,0,0
(direct) / (none),(direct),空頭市場 彙整 - 遠雄房地產,/life-proposal-tag/2、市場/1市場相關專有詞/空頭市場/,1,1,1,1,35
(not set),20260813一輪播,房地合一稅 彙整 - 遠雄房地產,/life-proposal-tag/2、市場/2稅務政策相關/house-and-land/,1,1,2,2,91
google / organic,(organic),房屋稅 彙整 - 遠雄房地產,/life-proposal-tag/2、市場/2稅務政策相關/house_tax/,1,1,1,1,2
(not set),(not set),扣除額 彙整 - 遠雄房地產,/life-proposal-tag/2、市場/2稅務政策相關/income_tax/扣除額/,1,1,0,0,0
google / organic,(organic),一生一屋 彙整 - 遠雄房地產,/life-proposal-tag/2、市場/2稅務政策相關/一生一屋/,1,1,1,1,25
google / organic,(organic),空屋稅 彙整 - 遠雄房地產,/life-proposal-tag/2、市場/2稅務政策相關/空屋稅/,1,1,1,1,5
google / organic,(organic),自用住宅 彙整 - 遠雄房地產,/life-proposal-tag/2、市場/2稅務政策相關/自用住宅/,1,1,1,1,3
google / organic,(organic),海外買房 彙整 - 遠雄房地產,/life-proposal-tag/3、交易/1購屋流程相關/abroad/,1,1,2,2,4
google / organic,(organic),履約保證 彙整 - 遠雄房地產,/life-proposal-tag/3、交易/1購屋流程相關/promise/,1,1,1,1,0
google / organic,(organic),交屋流程 彙整 - 遠雄房地產,/life-proposal-tag/3、交易/1購屋流程相關/交屋流程/,1,1,1,1,4
google / organic,(organic),地籍異動 彙整 - 遠雄房地產,/life-proposal-tag/3、交易/1購屋流程相關/地籍異動/,1,1,1,1,13
google / organic,(organic),買屋流程 彙整 - 遠雄房地產,/life-proposal-tag/3、交易/1購屋流程相關/買屋流程/,1,1,1,1,7
google / organic,(organic),檢查表 彙整 - 遠雄房地產,/life-proposal-tag/3、交易/1購屋流程相關/驗屋流程/檢查表/,1,1,1,1,6
google / organic,(organic),保固 彙整 - 遠雄房地產,/life-proposal-tag/4、品牌/1品牌相關/保固/,1,1,1,1,5
google / organic,(organic),建商品牌 彙整 - 遠雄房地產,/life-proposal-tag/4、品牌/1品牌相關/建商品牌/,1,1,1,1,0
(not set),生活提案,建商品牌 彙整 - 遠雄房地產,/life-proposal-tag/4、品牌/1品牌相關/建商品牌/,1,1,1,1,0
fb / fh2,fb8-1,明星學區 彙整 - 遠雄房地產,/life-proposal-tag/5、區域/1區域地段/明星學區/,1,1,1,1,29
google / organic,(organic),未來發展 彙整 - 遠雄房地產,/life-proposal-tag/5、區域/1區域地段/未來發展/,1,1,1,1,5
fb / bh7,28,台中市 彙整 - 遠雄房地產,/life-proposal-tag/5、區域/1區域地段/縣市/台中市/,1,1,1,1,52
google / cpc,corearea0701,台中市 彙整 - 遠雄房地產,/life-proposal-tag/5、區域/1區域地段/縣市/台中市/,1,1,1,1,23
gdn / hm2,4-2pmaxv2,北屯區 彙整 - 遠雄房地產,/life-proposal-tag/5、區域/1區域地段/縣市/台中市/beitun/,1,1,1,1,8
google_kw / bh10,taichung,北屯區 彙整 - 遠雄房地產,/life-proposal-tag/5、區域/1區域地段/縣市/台中市/beitun/,1,1,1,1,25
(data not available),(cross-network),十四期 彙整 - 遠雄房地產,/life-proposal-tag/5、區域/1區域地段/縣市/台中市/beitun/fourthteen/,1,1,1,1,2
fb / bh7,28,十四期 彙整 - 遠雄房地產,/life-proposal-tag/5、區域/1區域地段/縣市/台中市/beitun/fourthteen/,1,1,3,3,28
google / cpc,brand0701,十四期 彙整 - 遠雄房地產,/life-proposal-tag/5、區域/1區域地段/縣市/台中市/beitun/fourthteen/,1,1,1,1,23
web-sms / bh11,ai_202607,七期 彙整 - 遠雄房地產,/life-proposal-tag/5、區域/1區域地段/縣市/台中市/seventh/,1,1,1,1,2
google / cpc,information2,七期 彙整 - 遠雄房地產,/life-proposal-tag/5、區域/1區域地段/縣市/台中市/seventh/,1,1,1,1,27
google / cpc,information4,七期 彙整 - 遠雄房地產,/life-proposal-tag/5、區域/1區域地段/縣市/台中市/seventh/,1,1,1,1,4
google_kw / bh10,taichung,七期 彙整 - 遠雄房地產,/life-proposal-tag/5、區域/1區域地段/縣市/台中市/seventh/,1,1,1,1,12
fb / bh11,leads,梧棲區 彙整 - 遠雄房地產,/life-proposal-tag/5、區域/1區域地段/縣市/台中市/wuqi/,1,1,1,1,37
mkto-sn070013.com / referral,(referral),水湳經貿園區 彙整 - 遠雄房地產,/life-proposal-tag/5、區域/1區域地段/縣市/台中市/xitun/水湳經貿園區/,1,1,1,1,5
google / cpc,core,水湳經貿園區 彙整 - 遠雄房地產,/life-proposal-tag/5、區域/1區域地段/縣市/台中市/xitun/水湳經貿園區/,1,1,1,1,7
fb / bh11,leads,水湳經貿園區 彙整 - 遠雄房地產,/life-proposal-tag/5、區域/1區域地段/縣市/台中市/xitun/水湳經貿園區/,1,1,1,1,14
google_gdn / 5vo1,7-4,北投士林科技園區 彙整 - 遠雄房地產,/life-proposal-tag/5、區域/1區域地段/縣市/台北市/beitou/北投士林科技園區/,1,1,1,1,37
(not set),(not set),安南區 彙整 - 遠雄房地產,/life-proposal-tag/5、區域/1區域地段/縣市/台南市/annan/,1,1,0,0,0
(not set),(not set),中西區 彙整 - 遠雄房地產,/life-proposal-tag/5、區域/1區域地段/縣市/台南市/中西區/,1,1,0,0,0
fb / fh2,lbs-sms202608,運河星鑽特區 彙整 - 遠雄房地產,/life-proposal-tag/5、區域/1區域地段/縣市/台南市/中西區/運河星鑽特區/,1,1,1,1,0
google / cpc,banqiao.townhouse,新北市 彙整 - 遠雄房地產,/life-proposal-tag/5、區域/1區域地段/縣市/新北市/,1,1,1,1,40
(not set),(not set),南雅地區 彙整 - 遠雄房地產,/life-proposal-tag/5、區域/1區域地段/縣市/新北市/板橋區/南雅地區/,1,1,0,0,0
(not set),(not set),江翠北側重劃區 彙整 - 遠雄房地產,/life-proposal-tag/5、區域/1區域地段/縣市/新北市/板橋區/江翠北側重劃區/,1,1,0,0,0
google / organic,(organic),新竹市東區 彙整 - 遠雄房地產,/life-proposal-tag/5、區域/1區域地段/縣市/新竹市/新竹市東區/,1,1,1,1,3
(direct) / (none),(direct),桃園區 彙整 - 遠雄房地產,/life-proposal-tag/5、區域/1區域地段/縣市/桃園市/桃園區/,1,1,1,1,22
fb / eh5,form,高雄市 彙整 - 遠雄房地產,/life-proposal-tag/5、區域/1區域地段/縣市/高雄市/,1,1,1,1,13
google / organic,(organic),農十六 彙整 - 遠雄房地產,/life-proposal-tag/5、區域/1區域地段/縣市/高雄市/gushan/農十六/,1,1,1,1,15
bing / organic,(organic),中都重劃區 彙整 - 遠雄房地產,/life-proposal-tag/5、區域/1區域地段/縣市/高雄市/sanmin/中都重劃區/,1,1,1,1,43
google / organic,(organic),中都重劃區 彙整 - 遠雄房地產,/life-proposal-tag/5、區域/1區域地段/縣市/高雄市/sanmin/中都重劃區/,1,1,1,1,7
(not set),高雄楠梓,82期重劃區 彙整 - 遠雄房地產,/life-proposal-tag/5、區域/1區域地段/縣市/高雄市/楠梓區/82期重劃區/,1,1,1,1,2
(not set),(not set),高大特區 彙整 - 遠雄房地產,/life-proposal-tag/5、區域/1區域地段/縣市/高雄市/楠梓區/高大特區/,1,1,0,0,0
google / organic,(organic),高大特區 彙整 - 遠雄房地產,/life-proposal-tag/5、區域/1區域地段/縣市/高雄市/楠梓區/高大特區/,1,1,1,1,9
(direct) / (none),(direct),美式 彙整 - 遠雄房地產,/life-proposal-tag/6、產品/11設計風格類型/f-美式/,1,1,1,1,0
google / organic,(organic),室內設計 彙整 - 遠雄房地產,/life-proposal-tag/6、產品/11設計風格類型/interior_design/,1,1,1,1,2
google / organic,(organic),住戶服務 彙整 - 遠雄房地產,/life-proposal-tag/6、產品/12服務/b-物業管理/住戶服務/,1,1,1,1,1
google / organic,(organic),法定停車位 彙整 - 遠雄房地產,/life-proposal-tag/6、產品/1建築專有名詞/停車位/法定停車位/,1,1,1,1,29
google_kw / fm3,storage,廠辦 彙整 - 遠雄房地產,/life-proposal-tag/6、產品/1建築專有名詞/商廠辦-建築專有名詞/廠辦/,1,1,1,1,133
(direct) / (none),(direct),成屋 彙整 - 遠雄房地產,/life-proposal-tag/6、產品/1建築專有名詞/屋型/成屋/,1,1,1,1,0
(not set),(not set),預售屋 彙整 - 遠雄房地產,/life-proposal-tag/6、產品/1建築專有名詞/屋型/預售屋/,1,1,1,1,25
(not set),(not set),預售屋 彙整 - 頁2，共3 - 遠雄房地產,/life-proposal-tag/6、產品/1建築專有名詞/屋型/預售屋/page/2/,1,1,1,1,48
(not set),(not set),公共設施 彙整 - 遠雄房地產,/life-proposal-tag/6、產品/2建築計算/公共設施/,1,1,0,0,0
google / organic,(organic),公共設施 彙整 - 遠雄房地產,/life-proposal-tag/6、產品/2建築計算/公共設施/,1,1,1,1,0
google / organic,(organic),附屬建物 彙整 - 遠雄房地產,/life-proposal-tag/6、產品/2建築計算/附屬建物/,1,1,1,1,9
(not set),(not set),全齡宅 彙整 - 遠雄房地產,/life-proposal-tag/6、產品/4產品規劃-建築/a-建築規劃/全齡宅/,1,1,0,0,0
(not set),(not set),綠建築 彙整 - 遠雄房地產,/life-proposal-tag/6、產品/4產品規劃-建築/a-建築規劃/綠建築/,1,1,0,0,0
(not set),(not set),遠雄綠禾 彙整 - 遠雄房地產,/life-proposal-tag/8、遠雄房地產建案/dh3/,1,1,0,0,0
(not set),(not set),遠雄藏萃 彙整 - 遠雄房地產,/life-proposal-tag/8、遠雄房地產建案/dh5/,1,1,0,0,0
(not set),(not set),遠雄明水漾 彙整 - 遠雄房地產,/life-proposal-tag/8、遠雄房地產建案/遠雄明水漾/,1,1,0,0,0
(not set),(not set),零售地產 彙整 - 遠雄房地產,/life-proposal-tag/commercial/retail/,1,1,0,0,0
(direct) / (none),(direct),配色 彙整 - 遠雄房地產,/life-proposal-tag/interior_design-2/color/,1,1,1,1,0
(direct) / (none),(direct),11、地產地政與法律 彙整 - 頁2，共3 - 遠雄房地產,/life-proposal-tag/law_property/page/2/,1,1,1,1,1
(not set),(not set),繼承程序 彙整 - 遠雄房地產,/life-proposal-tag/law_property/繼承程序/,1,1,0,0,0
(direct) / (none),(direct),財經M平方 彙整 - 遠雄房地產,/life-proposal-tag/macroeconomics-2/macromicro/,1,1,1,1,0
(direct) / (none),(direct),製造業 彙整 - 遠雄房地產,/life-proposal-tag/macroeconomics-2/manufacturing/,1,1,1,1,8
(not set),(not set),地緣政治 彙整 - 遠雄房地產,/life-proposal-tag/macroeconomics-2/地緣政治/,1,1,0,0,10
(not set),(not set),川普行政命令 彙整 - 遠雄房地產,/life-proposal-tag/macroeconomics-2/川普行政命令/,1,1,0,0,0
(direct) / (none),(direct),ESG目標 彙整 - 遠雄房地產,/life-proposal-tag/office/esg目標/,1,1,1,1,0
(not set),(not set),空置率 彙整 - 遠雄房地產,/life-proposal-tag/office/空置率/,1,1,0,0,0
(direct) / (none),(direct),平均地權條例 彙整 - 遠雄房地產,/life-proposal-tag/policy/equalization/,1,1,1,1,0
google / organic,(organic),建築技術規則 彙整 - 遠雄房地產,/life-proposal-tag/policy/建築技術規則/,1,1,3,3,17
(not set),(not set),區域發展計畫 彙整 - 遠雄房地產,/life-proposal-tag/real_estate-2/區域發展計畫/,1,1,0,0,0
google / organic,(organic),平面圖 彙整 - 遠雄房地產,/life-proposal-tag/一/floor_plan/,1,1,1,1,3
google / organic,(organic),房貸 彙整 - 遠雄房地產,/life-proposal-tag/二/房貸/,1,1,1,1,6
google_kw / bh10,taichung,房貸 彙整 - 遠雄房地產,/life-proposal-tag/二/房貸/,1,1,1,1,61
google / organic,(organic),管委會 彙整 - 遠雄房地產,/life-proposal-tag/社區營運/管委會/,1,1,1,1,9
(not set),生活提案,管委會 彙整 - 遠雄房地產,/life-proposal-tag/社區營運/管委會/,1,1,1,1,10
(not set),(not set),生活提案 彙整 - 遠雄房地產,/life-proposal/,1,1,0,0,11
google / organic,(organic),生活提案 彙整 - 遠雄房地產,/life-proposal/,1,1,1,1,6
web-edm / friends,20260821,生活提案 彙整 - 遠雄房地產,/life-proposal/,1,1,1,1,1
(not set),(not set),買房必看！如何挑選好建商？3招教你查建商評價、口碑與保固陷阱,/life-proposal/13856/,1,1,0,0,0
fgr-line / fg,13856/,買房必看！如何挑選好建商？3招教你查建商評價、口碑與保固陷阱,/life-proposal/13856/,1,1,1,1,37
fgr-line / fg,kw_brand_construction_20240109/,買房必看！如何挑選好建商？3招教你查建商評價、口碑與保固陷阱,/life-proposal/13856/,1,1,1,1,79
(not set),(not set),2021十大建商出爐！購屋前必知的建商評價 - 遠雄房地產,/life-proposal/2021-10/,1,1,0,0,0
google / cpc,brand,2021十大建商出爐！購屋前必知的建商評價 - 遠雄房地產,/life-proposal/2021-10/,1,1,1,1,15
line-lap / bh13,lap-1,2021十大建商出爐！購屋前必知的建商評價 - 遠雄房地產,/life-proposal/2021-10/,1,1,2,2,107
(not set),20260828一輪播,2022年十大建商出爐，品牌建商更重保固與售後服務 - 遠雄房地產,/life-proposal/2022branding_20230119/,1,1,0,0,0
(not set),(not set),盤點 111 年房市大事：升息、打炒房與通膨夾擊，必看的六大新聞重點,/life-proposal/2022propert_news_20230204/,1,1,0,0,1
(not set),(not set),什麼是二次施工？解析建照、使照與二工違法風險，保障購屋權益,/life-proposal/2phase_construction_20221118/,1,1,0,0,0
(not set),20260805一輪播,什麼是二次施工？解析建照、使照與二工違法風險，保障購屋權益,/life-proposal/2phase_construction_20221118/,1,1,0,0,4
(not set),20260805一輪播,北士科AI商辦首選【聯上智科】，享受輝達加持置產紅利,/life-proposal/5vo1-news/,1,1,1,1,0
line-lap / 5vo1,7-1,北士科AI商辦首選【聯上智科】，享受輝達加持置產紅利,/life-proposal/5vo1-news/,1,1,2,2,48
google_gdn / 5vo1,7-4,北士科AI商辦首選【聯上智科】，享受輝達加持置產紅利,/life-proposal/5vo1-news/,1,1,1,1,0
line-lap / 5vo1,7-4,北士科AI商辦首選【聯上智科】，享受輝達加持置產紅利,/life-proposal/5vo1-news/,1,1,1,1,25
google / cpc,WDH2-地區字北投,北士科AI商辦首選【聯上智科】，享受輝達加持置產紅利,/life-proposal/5vo1-news/,1,1,1,1,13
google / cpc,factory,北士科AI商辦首選【聯上智科】，享受輝達加持置產紅利,/life-proposal/5vo1-news/,1,1,1,1,34
mkto-sn070013.com / referral,(referral),北士科商辦聚落核心！「聯上智科」坐落福國路首排，企業卡位科技門戶,/life-proposal/5vo1-news_tech-office/,1,1,1,1,11
(not set),20260828一輪播,北士科商辦聚落核心！「聯上智科」坐落福國路首排，企業卡位科技門戶,/life-proposal/5vo1-news_tech-office/,1,1,1,1,1
(not set),生活提案,北士科商辦聚落核心！「聯上智科」坐落福國路首排，企業卡位科技門戶,/life-proposal/5vo1-news_tech-office/,1,1,1,1,12
mkto-sn070013.com / referral,(referral),安藤忠雄展：建築是凝固的旅行！大師設計原點、清水模美學全解析,/life-proposal/adaoando-20200610/,1,1,1,1,61
(not set),20260805一輪播,冷氣清潔與保養全攻略：DIY七步驟維持涼爽 - 遠雄房地產,/life-proposal/air_condition20220617/,1,1,1,1,0
(not set),20260813一輪播,冷氣清潔與保養全攻略：DIY七步驟維持涼爽 - 遠雄房地產,/life-proposal/air_condition20220617/,1,1,0,0,0
chatgpt.com / ai-assistant,(ai-assistant),全齡住宅趨勢：0到100歲都適用！通用設計重點與健康居住價值,/life-proposal/allagehouse/,1,1,1,1,2
yahoo / organic,(organic),全齡住宅趨勢：0到100歲都適用！通用設計重點與健康居住價值,/life-proposal/allagehouse/,1,1,1,1,52
(not set),20260813一輪播,全齡住宅趨勢：0到100歲都適用！通用設計重點與健康居住價值,/life-proposal/allagehouse/,1,1,0,0,0
(not set),(not set),鐵鋁窗損毀要整組換掉嗎？居家百科解析修補與換新評估，精省支出,/life-proposal/aluminumandiron/,1,1,0,0,0
liff.line.me / referral,(referral),跟著輝達看台北新國門：北士科軟橋段，一場AI產業與平原綠意的宜居提案,/life-proposal/ar1-bstk-ai/,1,1,1,1,39
google_kw / 5vo1,202604,跟著輝達看台北新國門：北士科軟橋段，一場AI產業與平原綠意的宜居提案,/life-proposal/ar1-bstk-ai/,1,1,1,1,290
google / cpc,WDH2-地區字北投,跟著輝達看台北新國門：北士科軟橋段，一場AI產業與平原綠意的宜居提案,/life-proposal/ar1-bstk-ai/,1,1,1,1,7
webnews / ar1,20260410-businessweekly,遠雄新品牌齊興建設首發！北士科「齊興_緻」極致居所哲學,/life-proposal/ar1-bstk/,1,1,1,1,3
google / organic,(organic),首購新手買房重點：棟距與社區規劃好不好，住起來差很大 - 遠雄房地產,/life-proposal/architectural_planning/,1,1,1,1,0
google / organic,(organic),建案熱區巡禮：台南永康大灣重劃區 - 綠地休憩篇 - 遠雄房地產,/life-proposal/area-hotspot-tnn-dawan_park_20240229/,1,1,1,1,11
(not set),20260828一輪播,建案熱區巡禮：台南永康大灣重劃區 - 學區篇 - 遠雄房地產,/life-proposal/area-hotspot-tnn-dawan_school_20240303/,1,1,0,0,0
google / organic,(organic),建案熱區巡禮：台南永康大灣重劃區 - 交通篇 - 遠雄房地產,/life-proposal/area-hotspot-tnn-dawan_traffic_20240313/,1,1,1,1,65
gemini.google.com / ai-assistant,(ai-assistant),Kaohsiung Nanzih District Gaoda Special Zone Living Area | Hot New Housing Project Tour - Farglory Real Estate,/life-proposal/area-kaohsiung-nanzi_nuk_function_20250211/,1,1,0,0,10
bing / organic,(organic),高雄楠梓區高大特區生活圈 | 建案熱區巡禮 - 遠雄房地產,/life-proposal/area-kaohsiung-nanzi_nuk_function_20250211/,1,1,1,1,1
google / cpc,(organic),高雄楠梓區高大特區生活圈 | 建案熱區巡禮 - 遠雄房地產,/life-proposal/area-kaohsiung-nanzi_nuk_function_20250211/,1,1,1,1,129
tw.search.yahoo.com / referral,(referral),高雄楠梓區高大特區生活圈 | 建案熱區巡禮 - 遠雄房地產,/life-proposal/area-kaohsiung-nanzi_nuk_function_20250211/,1,1,2,2,32
google / organic,高雄楠梓,高雄楠梓區高大特區生活圈 | 建案熱區巡禮 - 遠雄房地產,/life-proposal/area-kaohsiung-nanzi_nuk_function_20250211/,1,1,1,1,46
(not set),(not set),高大特區綠地指南：後勁溪生態廊道與藍田公園總覽,/life-proposal/area-kaohsiung-nanzi_nuk_park_20250217/,1,1,0,0,0
chatgpt.com / ai-assistant,(ai-assistant),楠梓高大特區寵物友善地點推薦：必訪5家餐廳＋3大寵物同樂好去處 - 遠雄房地產,/life-proposal/area-kaohsiung-nanzi_nuk_pet-cafe_20250613/,1,1,1,1,3
(not set),(not set),楠梓高大特區寵物友善地點推薦：必訪5家餐廳＋3大寵物同樂好去處 - 遠雄房地產,/life-proposal/area-kaohsiung-nanzi_nuk_pet-cafe_20250613/,1,1,0,0,0
tw.search.yahoo.com / referral,(referral),楠梓高大特區寵物友善地點推薦：必訪5家餐廳＋3大寵物同樂好去處 - 遠雄房地產,/life-proposal/area-kaohsiung-nanzi_nuk_pet-cafe_20250613/,1,1,1,1,14
(not set),20260805一輪播,楠梓高大特區寵物友善地點推薦：必訪5家餐廳＋3大寵物同樂好去處 - 遠雄房地產,/life-proposal/area-kaohsiung-nanzi_nuk_pet-cafe_20250613/,1,1,0,0,0
(not set),(not set),高雄楠梓區高大特區寵物友善景點散步趣：與毛孩共享綠意生活 - 遠雄房地產,/life-proposal/area-kaohsiung-nanzi_nuk_pet-walk_20250606/,1,1,0,0,0
bing / organic,(organic),高雄楠梓區高大特區寵物友善景點散步趣：與毛孩共享綠意生活 - 遠雄房地產,/life-proposal/area-kaohsiung-nanzi_nuk_pet-walk_20250606/,1,1,2,2,141
tw.search.yahoo.com / referral,(referral),高雄楠梓區高大特區寵物友善景點散步趣：與毛孩共享綠意生活 - 遠雄房地產,/life-proposal/area-kaohsiung-nanzi_nuk_pet-walk_20250606/,1,1,1,1,41
facebook.com / referral,(referral),高大特區綠地與明星學區：藍田國小招生與文教機能總覽,/life-proposal/area-kaohsiung-nanzi_nuk_school_20250225/,1,1,1,1,3
gemini.google.com / ai-assistant,(ai-assistant),建案熱區巡禮：高雄楠梓區高大特區 - 交通篇 - 遠雄房地產,/life-proposal/area-kaohsiung-nanzi_nuk_traffic_20250307/,1,1,1,1,17
chatgpt.com / ai-assistant,(ai-assistant),高雄三民區中都重劃區生活圈，離塵不離城 | 建案熱區巡禮 - 遠雄房地產,/life-proposal/area-khh-central_202306719/,1,1,1,1,16
bing / organic,(organic),高雄三民區中都重劃區生活圈，離塵不離城 | 建案熱區巡禮 - 遠雄房地產,/life-proposal/area-khh-central_202306719/,1,1,1,1,4
tw.search.yahoo.com / referral,(referral),高雄三民區中都重劃區生活圈，離塵不離城 | 建案熱區巡禮 - 遠雄房地產,/life-proposal/area-khh-central_202306719/,1,1,1,1,33
(not set),20260805一輪播,高雄三民區中都重劃區生活圈，離塵不離城 | 建案熱區巡禮 - 遠雄房地產,/life-proposal/area-khh-central_202306719/,1,1,0,0,0
(not set),20260828一輪播,高雄三民區中都重劃區生活圈，離塵不離城 | 建案熱區巡禮 - 遠雄房地產,/life-proposal/area-khh-central_202306719/,1,1,0,0,0
google / cpc,area,高雄三民區中都重劃區生活圈，離塵不離城 | 建案熱區巡禮 - 遠雄房地產,/life-proposal/area-khh-central_202306719/,1,1,1,1,35
(not set),高雄三民,高雄三民區中都重劃區生活圈，離塵不離城 | 建案熱區巡禮 - 遠雄房地產,/life-proposal/area-khh-central_202306719/,1,1,0,0,0
bing / organic,(organic),高雄車站翻新牽動城市脈動！南北動線縫合，站區商辦大樓再造新生活圈,/life-proposal/area-khh-station_20230914/,1,1,1,1,75
(not set),20260813一輪播,新竹市東區 - 以科技驅動的繁榮未來 | 建案熱區巡禮 - 遠雄房地產,/life-proposal/area-l-hsinchu-east20240110/,1,1,0,0,0
google / organic,新竹東區,新竹市東區 - 以科技驅動的繁榮未來 | 建案熱區巡禮 - 遠雄房地產,/life-proposal/area-l-hsinchu-east20240110/,1,1,0,0,0
gemini.google.com / ai-assistant,(ai-assistant),高雄鼓山房市熱點：農十六與大美術館特區，萬坪綠地與捷運商圈全機能,/life-proposal/area-l-kaohsiung-gusha20200520/,1,1,2,2,14
(not set),(not set),高雄鼓山房市熱點：農十六與大美術館特區，萬坪綠地與捷運商圈全機能,/life-proposal/area-l-kaohsiung-gusha20200520/,1,1,0,0,0
mkto-sn070013.com / referral,(referral),高雄鼓山房市熱點：農十六與大美術館特區，萬坪綠地與捷運商圈全機能,/life-proposal/area-l-kaohsiung-gusha20200520/,1,1,1,1,5
(not set),高雄鼓山,高雄鼓山房市熱點：農十六與大美術館特區，萬坪綠地與捷運商圈全機能,/life-proposal/area-l-kaohsiung-gusha20200520/,1,1,0,0,0
(not set),20260805一輪播,高雄楠梓區 - 從工業重鎮到經濟新引擎的崛起 | 建案熱區巡禮 - 遠雄房地產,/life-proposal/area-l-kaohsiung-nanzi_20250121/,1,1,0,0,0
(not set),高雄全區,高雄楠梓區 - 從工業重鎮到經濟新引擎的崛起 | 建案熱區巡禮 - 遠雄房地產,/life-proposal/area-l-kaohsiung-nanzi_20250121/,1,1,0,0,15
(not set),(not set),前鎮房市加速！205 兵工廠遷移與特貿三開發，完善亞灣區交通樞紐,/life-proposal/area-l-kaohsiung-qianzhen_20220805/,1,1,0,0,0
(not set),20260828一輪播,前鎮房市加速！205 兵工廠遷移與特貿三開發，完善亞灣區交通樞紐,/life-proposal/area-l-kaohsiung-qianzhen_20220805/,1,1,0,0,0
google / organic,(organic),千鎮の不動産市場は加速している！第205兵器工場の移転と第3特区の開発により、亜湾区の交通拠点としての機能が向上するだろう。,/life-proposal/area-l-kaohsiung-qianzhen_20220805/,1,1,0,0,14
chatgpt.com / ai-assistant,(ai-assistant),中和翻轉！萬大線與舊廠翻新紅利 | 建案熱區巡禮 - 遠雄房地產,/life-proposal/area-l-newtaipei-zhonghe_20220923/,1,1,1,1,34
bing / organic,(organic),中和翻轉！萬大線與舊廠翻新紅利 | 建案熱區巡禮 - 遠雄房地產,/life-proposal/area-l-newtaipei-zhonghe_20220923/,1,1,1,1,453
(not set),20260813一輪播,中和翻轉！萬大線與舊廠翻新紅利 | 建案熱區巡禮 - 遠雄房地產,/life-proposal/area-l-newtaipei-zhonghe_20220923/,1,1,1,1,27
google / organic,新北中和,中和翻轉！萬大線與舊廠翻新紅利 | 建案熱區巡禮 - 遠雄房地產,/life-proposal/area-l-newtaipei-zhonghe_20220923/,1,1,2,2,40
google / organic,(organic),균형 잡고 뒤집기! 완다 라인과 오래된 공장 리노베이션의 이점 | 핫 주거 지역 투어 - 파글로리 부동산,/life-proposal/area-l-newtaipei-zhonghe_20220923/,1,1,0,0,19
(not set),(not set),板橋為交通便捷、生活機能佳的新北都心 | 建案熱區巡禮 - 遠雄房地產,/life-proposal/area-l-ntpc_banqiao_20240717/,1,1,0,0,0
ecosia.org / organic,(organic),為何首購族選擇北屯？交通、建設與重劃區一次看懂 | 建案熱區巡禮 - 遠雄房地產,/life-proposal/area-l-taichung-beitun20220520/,1,1,1,1,37
tw.images.search.yahoo.com / referral,(referral),為何首購族選擇北屯？交通、建設與重劃區一次看懂 | 建案熱區巡禮 - 遠雄房地產,/life-proposal/area-l-taichung-beitun20220520/,1,1,1,1,9
google / organic,(organic),台中海線變身科技重鎮！特五號道路串聯雙港優勢，打造千億產業鏈,/life-proposal/area-l-taichung-wuqi_20220826/,1,1,1,1,2
(not set),(not set),安南草湖寮重劃區交通地圖，串聯北外環與商 60 願景,/life-proposal/area-l-tainan-annan20200520/,1,1,0,0,0
(not set),20260813一輪播,安南草湖寮重劃區交通地圖，串聯北外環與商 60 願景,/life-proposal/area-l-tainan-annan20200520/,1,1,0,0,1879
gemini.google.com / ai-assistant,(ai-assistant),台北士林區巡禮：交通、觀光與都市再生並進，解析北士科發展願景,/life-proposal/area-l-taipei-shilin20220520/,1,1,1,1,171
bing / organic,(organic),桃園龜山重大建設帶動發展利多 | 建案熱區巡禮 - 遠雄房地產,/life-proposal/area-l-taoyuan-guishan/,1,1,1,1,5
news.google.com / referral,(referral),桃園龜山重大建設帶動發展利多 | 建案熱區巡禮 - 遠雄房地產,/life-proposal/area-l-taoyuan-guishan/,1,1,1,1,86
tw.search.yahoo.com / referral,(referral),桃園龜山重大建設帶動發展利多 | 建案熱區巡禮 - 遠雄房地產,/life-proposal/area-l-taoyuan-guishan/,1,1,1,1,47
(not set),20260828一輪播,桃園龜山重大建設帶動發展利多 | 建案熱區巡禮 - 遠雄房地產,/life-proposal/area-l-taoyuan-guishan/,1,1,1,1,1
chatgpt.com / ai-assistant,(ai-assistant),建案熱區巡禮：移居桃園市桃園區，解析生活機能與重大建設優勢,/life-proposal/area-l-taoyuan-taoyuan20220520/,1,1,1,1,4
(not set),(not set),建案熱區巡禮：移居桃園市桃園區，解析生活機能與重大建設優勢,/life-proposal/area-l-taoyuan-taoyuan20220520/,1,1,0,0,0
(not set),20260813一輪播,建案熱區巡禮：移居桃園市桃園區，解析生活機能與重大建設優勢,/life-proposal/area-l-taoyuan-taoyuan20220520/,1,1,0,0,0
(not set),20260805一輪播,建案熱區巡禮：中壢人都說自己不算桃園人？自成一格的幸福日常 - 遠雄房地產,/life-proposal/area-l-taoyuan-zhongli20220520/,1,1,1,1,2
(not set),(not set),高雄信義計畫區！農 16 特區串聯巨蛋與美術館，新市政中心交通全解析,/life-proposal/area-s-kaohsiung-farm1620200520/,1,1,0,0,0
google / cpc,XXXX,高雄信義計畫區！農 16 特區串聯巨蛋與美術館，新市政中心交通全解析,/life-proposal/area-s-kaohsiung-farm1620200520/,1,1,1,1,40
(not set),20260805一輪播,高雄亞洲新灣區千億建設到位！圖總、流音中心型塑豪宅聚落新指標,/life-proposal/area-s-kaohsiung-newbay_20220824/,1,1,0,0,0
(not set),高雄新灣,高雄亞洲新灣區千億建設到位！圖總、流音中心型塑豪宅聚落新指標,/life-proposal/area-s-kaohsiung-newbay_20220824/,1,1,0,0,0
google / organic,高雄新灣,高雄亞洲新灣區千億建設到位！圖總、流音中心型塑豪宅聚落新指標,/life-proposal/area-s-kaohsiung-newbay_20220824/,1,1,1,1,16
google / organic,高雄三民,高雄三民中都重劃區-下一個隱富生態特區 | 建案熱區巡禮 - 遠雄房地產,/life-proposal/area-s-khh-central_20240502/,1,1,1,1,1
gemini.google.com / ai-assistant,(ai-assistant),新莊副都心商辦百貨進駐！機捷、環狀線串聯黃金三磚產業鏈,/life-proposal/area-s-newtaipei-xinzhuangfuduxin_20220930/,1,1,1,1,0
(not set),(not set),新莊副都心商辦百貨進駐！機捷、環狀線串聯黃金三磚產業鏈,/life-proposal/area-s-newtaipei-xinzhuangfuduxin_20220930/,1,1,0,0,0
(not set),20260813一輪播,新莊副都心商辦百貨進駐！機捷、環狀線串聯黃金三磚產業鏈,/life-proposal/area-s-newtaipei-xinzhuangfuduxin_20220930/,1,1,0,0,0
google / organic,新北新莊,新莊副都心商辦百貨進駐！機捷、環狀線串聯黃金三磚產業鏈,/life-proposal/area-s-newtaipei-xinzhuangfuduxin_20220930/,1,1,1,1,35
mkto-sn070013.com / referral,(referral),北屯 11 期坐穩未來新都心：漢神巨蛋到位，解析台中最宜居質感生活圈,/life-proposal/area-s-taichung-11_20220916/,1,1,1,1,6
fb / bh11,leads,北屯 11 期坐穩未來新都心：漢神巨蛋到位，解析台中最宜居質感生活圈,/life-proposal/area-s-taichung-11_20220916/,1,1,1,1,306
(direct) / (none),(direct),台中 14 期重劃區範圍全圖解：包覆 11 期的ㄇ字型地段，美和庄開發潛力,/life-proposal/area-s-taichung-14th20220520/,1,1,1,1,18
(not set),20260813一輪播,台中 14 期重劃區範圍全圖解：包覆 11 期的ㄇ字型地段，美和庄開發潛力,/life-proposal/area-s-taichung-14th20220520/,1,1,0,0,0
google / organic,台中北屯,台中 14 期重劃區範圍全圖解：包覆 11 期的ㄇ字型地段，美和庄開發潛力,/life-proposal/area-s-taichung-14th20220520/,1,1,1,1,21
(direct) / (none),(direct),建案熱區巡禮：台中七期重劃區，身心富足的高端居住典範與展望,/life-proposal/area-s-taichung-7th20220520/,1,1,1,1,13
bing / organic,(organic),建案熱區巡禮：台中七期重劃區，身心富足的高端居住典範與展望,/life-proposal/area-s-taichung-7th20220520/,1,1,1,1,18
(not set),台中西屯,建案熱區巡禮：台中七期重劃區，身心富足的高端居住典範與展望,/life-proposal/area-s-taichung-7th20220520/,1,1,0,0,0
(not set),(not set),安南海佃生活圈解析：北外環三期與商 60 計畫，南科紅利帶動房市新活力,/life-proposal/area-s-tainan-haidian20200520/,1,1,0,0,9
(not set),台南永康,安南海佃生活圈解析：北外環三期與商 60 計畫，南科紅利帶動房市新活力,/life-proposal/area-s-tainan-haidian20200520/,1,1,1,1,7
(not set),20260813一輪播,台南鹽行國中重劃區看好！5分鐘上永康交流道，迅速連結南科紅利,/life-proposal/area-s-tainan-yanxing20200520/,1,1,0,0,0
google / organic,(organic),(2) 封未讀訊息 | 台南中西區運河星鑽特區打造台南曼哈頓 | 建案熱區巡禮 - 遠雄房地產,/life-proposal/area-s-tainan_west-central_diamond_20250425/,1,1,0,0,22
google / cpc,competing,台南中西區運河星鑽特區打造台南曼哈頓 | 建案熱區巡禮 - 遠雄房地產,/life-proposal/area-s-tainan_west-central_diamond_20250425/,1,1,1,1,0
chatgpt.com / ai-assistant,台南中西,台南中西區運河星鑽特區打造台南曼哈頓 | 建案熱區巡禮 - 遠雄房地產,/life-proposal/area-s-tainan_west-central_diamond_20250425/,1,1,1,1,66
google / organic,台南中西,台南中西區運河星鑽特區打造台南曼哈頓 | 建案熱區巡禮 - 遠雄房地產,/life-proposal/area-s-tainan_west-central_diamond_20250425/,1,1,0,0,11
google / cpc,demand,台南中西區運河星鑽特區坐擁頂級水岸生活圈 | 建案熱區巡禮 - 遠雄房地產,/life-proposal/area-s-tainan_west-central_redevelop_diamond_20250502/,1,1,1,1,10
google / cpc,othercities_brand,北士科的園區規畫與在地生活圈！科技廊道最後一塊拼圖將完整 | 建案熱區巡禮 - 遠雄房地產,/life-proposal/area-s-taipei-shilinbstp20220520/,1,1,1,1,70
(not set),(not set),板橋府中與湳雅巡禮：古城新生帶動華麗轉型，解析雙城生活圈優勢,/life-proposal/area-s-tph_banqiao_nanya_20240820/,1,1,0,0,0
facebook.com / referral,(referral),板橋府中與湳雅巡禮：古城新生帶動華麗轉型，解析雙城生活圈優勢,/life-proposal/area-s-tph_banqiao_nanya_20240820/,1,1,1,1,0
lm.facebook.com / referral,(referral),板橋府中與湳雅巡禮：古城新生帶動華麗轉型，解析雙城生活圈優勢,/life-proposal/area-s-tph_banqiao_nanya_20240820/,1,1,1,1,98
(not set),(not set),建案熱區巡禮：新北板橋區Tpark科技特區 (遠東通訊園區)生活圈 - 遠雄房地產,/life-proposal/area-s-tph_banqiao_tpark_function_20250314/,1,1,0,0,0
(not set),20260805一輪播,建案熱區巡禮：新北板橋區Tpark科技特區 (遠東通訊園區)生活圈 - 遠雄房地產,/life-proposal/area-s-tph_banqiao_tpark_function_20250314/,1,1,0,0,0
(not set),20260813一輪播,建案熱區巡禮：新北板橋區Tpark科技特區 (遠東通訊園區)生活圈 - 遠雄房地產,/life-proposal/area-s-tph_banqiao_tpark_function_20250314/,1,1,0,0,0
gemini.google.com / ai-assistant,新北板橋,建案熱區巡禮：新北板橋區Tpark科技特區 (遠東通訊園區)生活圈 - 遠雄房地產,/life-proposal/area-s-tph_banqiao_tpark_function_20250314/,1,1,1,1,265
google / organic,新北板橋,建案熱區巡禮：新北板橋區Tpark科技特區 (遠東通訊園區)生活圈 - 遠雄房地產,/life-proposal/area-s-tph_banqiao_tpark_function_20250314/,1,1,1,1,7
fb / fh2,lbs-sms202608,建案熱區巡禮：台南中西區運河星鑽特區 - 學區篇 - 遠雄房地產,/life-proposal/area-tainan_west-central_redevelop_diamond_school_20250516/,1,1,1,1,72
(not set),(not set),建案熱區巡禮：蛻變中的台南中西區運河星鑽特區 - 交通篇 - 遠雄房地產,/life-proposal/area-tainan_west-central_redevelop_diamond_traffic_20250523/,1,1,0,0,0
bing / organic,(organic),永康新核心：大灣重劃區生活圈，萬坪綠意下的新富聚落 | 建案熱區巡禮 - 遠雄房地產,/life-proposal/area-tnn-dawan_function_20231129/,1,1,1,1,100
(not set),20260805一輪播,永康新核心：大灣重劃區生活圈，萬坪綠意下的新富聚落 | 建案熱區巡禮 - 遠雄房地產,/life-proposal/area-tnn-dawan_function_20231129/,1,1,0,0,0
(not set),20260828一輪播,永康新核心：大灣重劃區生活圈，萬坪綠意下的新富聚落 | 建案熱區巡禮 - 遠雄房地產,/life-proposal/area-tnn-dawan_function_20231129/,1,1,0,0,0
(not set),台南永康,永康新核心：大灣重劃區生活圈，萬坪綠意下的新富聚落 | 建案熱區巡禮 - 遠雄房地產,/life-proposal/area-tnn-dawan_function_20231129/,1,1,0,0,69
bing / organic,(organic),北士科綠意生活圈：30 分鐘直達陽明山、天母步道，體驗河畔悠閒時光,/life-proposal/area-tpe-beitou_bstp_park_20240617/,1,1,1,1,12
chatgpt.com / ai-assistant,(ai-assistant),建案熱區巡禮：北投士林科技園區 - 交通篇 - 遠雄房地產,/life-proposal/area-tpe-beitou_bstp_traffic_20240705/,1,1,1,1,33
bing / organic,(organic),建案熱區巡禮：北投士林科技園區 - 交通篇 - 遠雄房地產,/life-proposal/area-tpe-beitou_bstp_traffic_20240705/,1,1,1,1,66
tyaward.com.tw / referral,(referral),建案熱區巡禮：北投士林科技園區 - 交通篇 - 遠雄房地產,/life-proposal/area-tpe-beitou_bstp_traffic_20240705/,1,1,1,1,61
google / cpc,WDH2-地區字北投,建案熱區巡禮：北投士林科技園區 - 交通篇 - 遠雄房地產,/life-proposal/area-tpe-beitou_bstp_traffic_20240705/,1,1,2,2,69
tw.search.yahoo.com / referral,生活提案,建案熱區巡禮：北投士林科技園區 - 交通篇 - 遠雄房地產,/life-proposal/area-tpe-beitou_bstp_traffic_20240705/,1,1,1,1,3
(not set),(not set),府中雙城計畫解析：串聯板橋古城與新城區，打造人本步行的城市軸線,/life-proposal/area-tph_banqiao_park_20240820/,1,1,0,0,0
lm.facebook.com / referral,(referral),府中雙城計畫解析：串聯板橋古城與新城區，打造人本步行的城市軸線,/life-proposal/area-tph_banqiao_park_20240820/,1,1,1,1,21
facebook.com / referral,(referral),板橋府中與南雅學區指南：從明星國小、板橋高中到台藝大的完整文教資源,/life-proposal/area-tph_banqiao_school_20240902/,1,1,2,2,45
claude.ai / ai-assistant,(ai-assistant),台中西屯七期重劃區核心生活圈 | 建案熱區巡禮 - 遠雄房地產,/life-proposal/area-txg-7th_function_20231107/,1,1,1,1,0
bing / organic,(organic),台中西屯七期重劃區核心生活圈 | 建案熱區巡禮 - 遠雄房地產,/life-proposal/area-txg-7th_function_20231107/,1,1,1,1,18
tw.search.yahoo.com / referral,(referral),台中西屯七期重劃區核心生活圈 | 建案熱區巡禮 - 遠雄房地產,/life-proposal/area-txg-7th_function_20231107/,1,1,1,1,115
(not set),20260828一輪播,台中西屯七期重劃區核心生活圈 | 建案熱區巡禮 - 遠雄房地產,/life-proposal/area-txg-7th_function_20231107/,1,1,0,0,0
(not set),台中西屯,台中西屯七期重劃區核心生活圈 | 建案熱區巡禮 - 遠雄房地產,/life-proposal/area-txg-7th_function_20231107/,1,1,0,0,0
tw.search.yahoo.com / referral,(referral),台中港市鎮重劃區發展解析：捷運藍線與產業園區總覽,/life-proposal/area-txg-port_function_20240103/,1,1,1,1,336
(not set),20260805一輪播,台中港市鎮重劃區發展解析：捷運藍線與產業園區總覽,/life-proposal/area-txg-port_function_20240103/,1,1,0,0,0
tw.search.yahoo.com / referral,台中梧棲,台中港市鎮重劃區發展解析：捷運藍線與產業園區總覽,/life-proposal/area-txg-port_function_20240103/,1,1,1,1,5
(not set),(not set),台中港重劃區公園地圖：鄰近梧棲漁港與大型綠地，海線休憩全攻略,/life-proposal/area-txg-port_park_20240111/,1,1,0,0,0
(not set),(not set),台中港市鎮重劃區交通篇：解析捷運藍線、特五號道路與區域路網,/life-proposal/area-txg-port_traffic_20240120/,1,1,0,0,0
(not set),20260805一輪播,台中水湳經貿園區：智慧低碳創新五大專區，2025重大建設完工展望,/life-proposal/area-txg-shuinan_20231027/,1,1,0,0,0
(not set),(not set),湳經貿園區低密度住宅優勢：緊鄰逢甲商圈、中央公園，擁抱高質感生活,/life-proposal/area-txg-shuinan_park_20240419/,1,1,0,0,0
google / organic,(organic),湳經貿園區低密度住宅優勢：緊鄰逢甲商圈、中央公園，擁抱高質感生活,/life-proposal/area-txg-shuinan_park_20240419/,1,1,1,1,27
(not set),生活提案,湳經貿園區低密度住宅優勢：緊鄰逢甲商圈、中央公園，擁抱高質感生活,/life-proposal/area-txg-shuinan_park_20240419/,1,1,1,1,99
(not set),20260813一輪播,建案熱區巡禮：台中水湳經貿園區交通篇，解析轉運中心與捷運路網,/life-proposal/area-txg-shuinan_traffic_20240508/,1,1,0,0,0
(direct) / (none),(direct),建案熱區巡禮：高雄三民區 - 綠地篇 - 遠雄房地產,/life-proposal/area_hotspot_khh_sanmin_park_20230915/,1,1,1,1,9
bing / organic,(organic),建案熱區巡禮：高雄三民區 - 綠地篇 - 遠雄房地產,/life-proposal/area_hotspot_khh_sanmin_park_20230915/,1,1,1,1,220
(not set),(not set),高雄三民區明星學區購屋：市心文教區 28 所學校，逐名校而居攻略,/life-proposal/area_hotspot_khh_sanmin_school_20231023/,1,1,0,0,1
(not set),(not set),建案熱區巡禮：高雄三民區 - 交通篇 - 遠雄房地產,/life-proposal/area_hotspot_khh_sanmin_traffic_20230928/,1,1,0,0,10
(not set),20260813一輪播,建案熱區巡禮：高雄三民區 - 交通篇 - 遠雄房地產,/life-proposal/area_hotspot_khh_sanmin_traffic_20230928/,1,1,2,2,6
(not set),(not set),永康學區全攻略：從永康、大橋國中小到崑山、南台科大，完善教育網絡,/life-proposal/area_hotspot_tnn_yongkang_school_20231216/,1,1,0,0,0
google / organic,(organic),永康學區全攻略：從永康、大橋國中小到崑山、南台科大，完善教育網絡,/life-proposal/area_hotspot_tnn_yongkang_school_20231216/,1,1,1,1,9
google / organic,(organic),台中西屯學區宅：七期政經資源與國家歌劇院，優質文教環境全解析,/life-proposal/area_hotspot_txg_xitun_school_20231115/,1,1,1,1,24
(not set),(not set),台中捷運綠線全線通車：連結北屯至烏日高鐵站，打造高效通勤生活,/life-proposal/area_hotspot_txg_xitun_traffic_20231124/,1,1,0,0,9
google / organic,(organic),台中捷運綠線全線通車：連結北屯至烏日高鐵站，打造高效通勤生活,/life-proposal/area_hotspot_txg_xitun_traffic_20231124/,1,1,1,1,221
yahoo / organic,(organic),高雄預售屋入手指南：最新建案推薦、選房與區域優勢總整理 - 遠雄房地產,/life-proposal/area_presold-house-in-kaohsiung/,1,1,1,1,336
crm.welly.tw / referral,(referral),高雄預售屋入手指南：最新建案推薦、選房與區域優勢總整理 - 遠雄房地產,/life-proposal/area_presold-house-in-kaohsiung/,1,1,2,2,2
(not set),20260813一輪播,高雄預售屋入手指南：最新建案推薦、選房與區域優勢總整理 - 遠雄房地產,/life-proposal/area_presold-house-in-kaohsiung/,1,1,0,0,0
google / cpc,O1_地區字_2025.0801,高雄預售屋入手指南：最新建案推薦、選房與區域優勢總整理 - 遠雄房地產,/life-proposal/area_presold-house-in-kaohsiung/,1,1,1,1,122
google / cpc,O1_特色字_2025.0801,高雄預售屋入手指南：最新建案推薦、選房與區域優勢總整理 - 遠雄房地產,/life-proposal/area_presold-house-in-kaohsiung/,1,1,1,1,50
google / cpc,Sanmin,高雄預售屋入手指南：最新建案推薦、選房與區域優勢總整理 - 遠雄房地產,/life-proposal/area_presold-house-in-kaohsiung/,1,1,1,1,77
google / cpc,XXXX,高雄預售屋入手指南：最新建案推薦、選房與區域優勢總整理 - 遠雄房地產,/life-proposal/area_presold-house-in-kaohsiung/,1,1,1,1,11
google / cpc,area,高雄預售屋入手指南：最新建案推薦、選房與區域優勢總整理 - 遠雄房地產,/life-proposal/area_presold-house-in-kaohsiung/,1,1,1,1,10
google / cpc,competitor,高雄預售屋入手指南：最新建案推薦、選房與區域優勢總整理 - 遠雄房地產,/life-proposal/area_presold-house-in-kaohsiung/,1,1,1,1,122
fb / eh2,fb18-1,高雄預售屋入手指南：最新建案推薦、選房與區域優勢總整理 - 遠雄房地產,/life-proposal/area_presold-house-in-kaohsiung/,1,1,1,1,1
tw.search.yahoo.com / referral,高雄全區,高雄預售屋入手指南：最新建案推薦、選房與區域優勢總整理 - 遠雄房地產,/life-proposal/area_presold-house-in-kaohsiung/,1,1,1,1,15
(not set),高雄楠梓,高雄預售屋入手指南：最新建案推薦、選房與區域優勢總整理 - 遠雄房地產,/life-proposal/area_presold-house-in-kaohsiung/,1,1,1,1,59
google / cpc,(organic),台中預售屋怎麼挑？各區房價、TOP36建案分析，買屋前必看！,/life-proposal/area_presold-house-in-taichung/,1,1,1,1,55
yahoo / organic,(organic),台中預售屋怎麼挑？各區房價、TOP36建案分析，買屋前必看！,/life-proposal/area_presold-house-in-taichung/,1,1,1,1,57
crm.welly.tw / referral,(referral),台中預售屋怎麼挑？各區房價、TOP36建案分析，買屋前必看！,/life-proposal/area_presold-house-in-taichung/,1,1,1,1,1
tw.search.yahoo.com / referral,(referral),台中預售屋怎麼挑？各區房價、TOP36建案分析，買屋前必看！,/life-proposal/area_presold-house-in-taichung/,1,1,1,1,97
gdn / hm2,4-2pmaxv2,台中預售屋怎麼挑？各區房價、TOP36建案分析，買屋前必看！,/life-proposal/area_presold-house-in-taichung/,1,1,2,2,199
google_kw / bh10,brand,台中預售屋怎麼挑？各區房價、TOP36建案分析，買屋前必看！,/life-proposal/area_presold-house-in-taichung/,1,1,1,1,549
google_kw / bh10,competitor,台中預售屋怎麼挑？各區房價、TOP36建案分析，買屋前必看！,/life-proposal/area_presold-house-in-taichung/,1,1,0,0,275
google_kw / bh10,competitor-farglory,台中預售屋怎麼挑？各區房價、TOP36建案分析，買屋前必看！,/life-proposal/area_presold-house-in-taichung/,1,1,1,1,54
google / cpc,competitor0701,台中預售屋怎麼挑？各區房價、TOP36建案分析，買屋前必看！,/life-proposal/area_presold-house-in-taichung/,1,1,1,1,40
google / cpc,core,台中預售屋怎麼挑？各區房價、TOP36建案分析，買屋前必看！,/life-proposal/area_presold-house-in-taichung/,1,1,2,2,137
google / cpc,corearea0701,台中預售屋怎麼挑？各區房價、TOP36建案分析，買屋前必看！,/life-proposal/area_presold-house-in-taichung/,1,1,1,1,36
leju / h713,lejupage,台中預售屋怎麼挑？各區房價、TOP36建案分析，買屋前必看！,/life-proposal/area_presold-house-in-taichung/,1,1,1,1,394
google_kw / bh10,taichung,台中預售屋怎麼挑？各區房價、TOP36建案分析，買屋前必看！,/life-proposal/area_presold-house-in-taichung/,1,1,1,1,185
gemini.google.com / ai-assistant,(ai-assistant),台南預售屋全攻略：最新行情、熱門區域房價與建案挑選祕訣,/life-proposal/area_presold-house-in-tainan/,1,1,1,1,171
crm.welly.tw / referral,(referral),台南預售屋全攻略：最新行情、熱門區域房價與建案挑選祕訣,/life-proposal/area_presold-house-in-tainan/,1,1,1,1,1
tw.search.yahoo.com / referral,(referral),台南預售屋全攻略：最新行情、熱門區域房價與建案挑選祕訣,/life-proposal/area_presold-house-in-tainan/,1,1,1,1,0
google / cpc,brand,台南預售屋全攻略：最新行情、熱門區域房價與建案挑選祕訣,/life-proposal/area_presold-house-in-tainan/,1,1,2,2,425
google / cpc,demand,台南預售屋全攻略：最新行情、熱門區域房價與建案挑選祕訣,/life-proposal/area_presold-house-in-tainan/,1,1,1,1,237
google / cpc,lbs,台南預售屋全攻略：最新行情、熱門區域房價與建案挑選祕訣,/life-proposal/area_presold-house-in-tainan/,1,1,1,1,46
(not set),台南全區,台南預售屋全攻略：最新行情、熱門區域房價與建案挑選祕訣,/life-proposal/area_presold-house-in-tainan/,1,1,0,0,0
(not set),(not set),台中發展最快重劃區！機捷特區機能全到位，商圈捷運紅利解析,/life-proposal/area_s_txg_beitun_depot_20240410/,1,1,0,0,0
google / organic,(organic),台中發展最快重劃區！機捷特區機能全到位，商圈捷運紅利解析,/life-proposal/area_s_txg_beitun_depot_20240410/,1,1,1,1,19
perplexity.ai / ai-assistant,(ai-assistant),A7重劃區發展潛力解析：交通建設、華亞科技園區與五大生活圈總覽,/life-proposal/area_taoyuan_guishan_a7_function/,1,1,1,1,9
cn.bing.com / referral,(referral),A7重劃區發展潛力解析：交通建設、華亞科技園區與五大生活圈總覽,/life-proposal/area_taoyuan_guishan_a7_function/,1,1,1,1,63
(not set),(not set),台南溪東重劃區：鄰近商 60 與海佃雙學區，萬坪自辦重劃機能全解析,/life-proposal/area_tnn_haidian_function_20240126/,1,1,0,0,0
(not set),20260813一輪播,台南溪東重劃區：鄰近商 60 與海佃雙學區，萬坪自辦重劃機能全解析,/life-proposal/area_tnn_haidian_function_20240126/,1,1,0,0,0
(not set),台南永康,台南溪東重劃區：鄰近商 60 與海佃雙學區，萬坪自辦重劃機能全解析,/life-proposal/area_tnn_haidian_function_20240126/,1,1,1,1,38
(not set),20260828一輪播,鹽行國中重劃區憑藉交通紅利，躍升科技新貴置產熱點,/life-proposal/area_tnn_yongkang_yanxing_school_20240323/,1,1,0,0,0
(not set),(not set),台南鹽行重劃區交通全解析：北外環快速路網與國道機能，串聯南科核心,/life-proposal/area_tnn_yongkang_yanxing_traffic_20240324/,1,1,0,0,0
google / organic,(organic),台南鹽行重劃區交通全解析：北外環快速路網與國道機能，串聯南科核心,/life-proposal/area_tnn_yongkang_yanxing_traffic_20240324/,1,1,1,1,44
(not set),(not set),南科門戶首選：台南永康區鹽行國中重劃區生活圈 | 建案熱區巡禮 - 遠雄房地產,/life-proposal/area_tnnyongkang_redevelop_yanxing_20230901/,1,1,0,0,0
(not set),20260805一輪播,南科門戶首選：台南永康區鹽行國中重劃區生活圈 | 建案熱區巡禮 - 遠雄房地產,/life-proposal/area_tnnyongkang_redevelop_yanxing_20230901/,1,1,0,0,0
mkto-sn070013.com / referral,(referral),漢神、巨蛋雙引擎，北台中新核心北屯14期 | 建案熱區巡禮 - 遠雄房地產,/life-proposal/area_txg_beitun_14th_function_20250829/,1,1,1,1,32
gdn / hm2,4-2pmaxv2,漢神、巨蛋雙引擎，北台中新核心北屯14期 | 建案熱區巡禮 - 遠雄房地產,/life-proposal/area_txg_beitun_14th_function_20250829/,1,1,1,1,256
(not set),台中北屯,漢神、巨蛋雙引擎，北台中新核心北屯14期 | 建案熱區巡禮 - 遠雄房地產,/life-proposal/area_txg_beitun_14th_function_20250829/,1,1,0,0,1
(not set),20260813一輪播,台中 14 期重劃區完整解析：各區段特色、公園綠地與大水湳生活圈總覽,/life-proposal/area_txg_beitun_14th_park_20240909/,1,1,0,0,0
fb / bh7,28,台中 14 期重劃區完整解析：各區段特色、公園綠地與大水湳生活圈總覽,/life-proposal/area_txg_beitun_14th_park_20240909/,1,1,1,1,21
(not set),(not set),建案熱區巡禮：台中北屯區14期重劃區 - 交通篇 - 遠雄房地產,/life-proposal/area_txg_beitun_14th_traffic_20240925/,1,1,0,0,0
bing / organic,(organic),建案熱區巡禮：台中北屯區14期重劃區 - 交通篇 - 遠雄房地產,/life-proposal/area_txg_beitun_14th_traffic_20240925/,1,1,1,1,76
(not set),20260805一輪播,建案熱區巡禮：台中北屯區14期重劃區 - 交通篇 - 遠雄房地產,/life-proposal/area_txg_beitun_14th_traffic_20240925/,1,1,0,0,0
(not set),20260828一輪播,建案熱區巡禮：台中北屯區14期重劃區 - 交通篇 - 遠雄房地產,/life-proposal/area_txg_beitun_14th_traffic_20240925/,1,1,0,0,0
google / organic,(organic),台中北屯機廠重劃區生活圈 | 建案熱區巡禮 - 遠雄房地產,/life-proposal/area_txg_beitun_depot_function_20240513/,1,1,1,1,72
(not set),(not set),建案熱區巡禮：台中北屯機廠重劃區 - 綠地休憩篇 - 遠雄房地產,/life-proposal/area_txg_beitun_depot_park_20240529/,1,1,0,0,0
google / organic,(organic),建案熱區巡禮：台中北屯機廠重劃區 - 綠地休憩篇 - 遠雄房地產,/life-proposal/area_txg_beitun_depot_park_20240529/,1,1,1,1,3
(not set),(not set),北屯機廠重劃區軌道經濟！捷運台鐵雙效、洲際漢神購物中心全解析,/life-proposal/area_txg_beitun_depot_traffic_20240606/,1,1,0,0,0
(direct) / (none),(direct),水湳房市先鋒！單元八中科經貿重劃區地段優勢，串聯觀光與休閒版塊,/life-proposal/area_txg_xitun_eight_20240207/,1,1,1,1,11
(not set),(not set),水湳房市先鋒！單元八中科經貿重劃區地段優勢，串聯觀光與休閒版塊,/life-proposal/area_txg_xitun_eight_20240207/,1,1,0,0,0
(not set),(not set),買房必讀 - 避免不動產詐騙｜如何避免成為房貸人頭？｜專家觀點地政篇 - 遠雄房地產,/life-proposal/avoid-real-estate-fraud/,1,1,0,0,0
(not set),(not set),小陽台佈置：打造居家秘密花園！植栽與空間規劃，營造療癒角落,/life-proposal/balcony_20230414/,1,1,0,0,0
google / organic,(organic),小陽台佈置：打造居家秘密花園！植栽與空間規劃，營造療癒角落,/life-proposal/balcony_20230414/,1,1,1,1,26
(direct) / (none),(direct),找不到頁面 - 遠雄房地產,/life-proposal/bathroom/:[衛浴<b>日常</b>清潔保養技巧：延長設備壽命的必備指南【居家百科】B,1,1,1,1,0
tw.images.search.yahoo.com / referral,(referral),借名登記是什麼？解析房產人頭戶動機、信貸問題與實際所有權認定,/life-proposal/borrow_name_20221118/,1,1,1,1,5
(direct) / (none),(direct),選擇品牌建商：將購屋風險降到最低！專業解析建築品質與售後保障,/life-proposal/branding_20221111/,1,1,1,1,0
google / organic,(organic),選擇品牌建商：將購屋風險降到最低！專業解析建築品質與售後保障,/life-proposal/branding_20221111/,1,1,1,1,0
(direct) / (none),(direct),一次搞懂建蔽率與容積率：買房選景觀與採光的關鍵 - 遠雄房地產,/life-proposal/build_rate/,1,1,1,1,28
(not set),(not set),一次搞懂建蔽率與容積率：買房選景觀與採光的關鍵 - 遠雄房地產,/life-proposal/build_rate/,1,1,0,0,0
google / organic,20260828一輪播,買房學問多，看懂建築材料才安心－建築結構與防水篇 - 遠雄房地產,/life-proposal/building_materials/,1,1,1,1,8
(direct) / (none),(direct),換屋族必看：換屋是要先買後賣還是先賣後買？ - 遠雄房地產,/life-proposal/change_house/,1,1,1,1,0
(not set),20260805一輪播,民法 18 歲成年新制上路！解析所得稅、房地合一與遺贈稅權益變化,/life-proposal/civil-law_20221125/,1,1,0,0,0
(not set),20260813一輪播,民法 18 歲成年新制上路！解析所得稅、房地合一與遺贈稅權益變化,/life-proposal/civil-law_20221125/,1,1,1,1,0
google / organic,(organic),居家色彩魔法：室內設計配色指南！掌握空間比例打造質感美學生活,/life-proposal/color_20230509/,1,1,1,1,9
(direct) / (none),(direct),基礎建設＋結構保固：一次了解大地工程的基本概念 - 遠雄房地產,/life-proposal/construction-base/,1,1,1,1,9
(not set),(not set),基礎建設＋結構保固：一次了解大地工程的基本概念 - 遠雄房地產,/life-proposal/construction-base/,1,1,0,0,0
(not set),20260828一輪播,基礎建設＋結構保固：一次了解大地工程的基本概念 - 遠雄房地產,/life-proposal/construction-base/,1,1,1,1,27
google / organic,(organic),央行房市信用措施管制總整理！自住客時代來臨！ - 遠雄房地產,/life-proposal/controls_20230108/,1,1,1,1,57
(not set),20260813一輪播,防疫宅標配：當層排氣與全熱交換器，守護居家隔離空氣品質不逆流,/life-proposal/covid-exhaust/,1,1,0,0,0
google / cpc,O1_品牌字_2025.0801,防疫宅標配：當層排氣與全熱交換器，守護居家隔離空氣品質不逆流,/life-proposal/covid-exhaust/,1,1,2,2,48
fgr-line / fgr,expert_zhu_tax-notice,居家隔間保養及修繕：牆面裂縫與潮濕預防，專業居家百科維護指南,/life-proposal/cubicle/,1,1,1,1,36
fgr-line / fgr,land_handover,居家隔間保養及修繕：牆面裂縫與潮濕預防，專業居家百科維護指南,/life-proposal/cubicle/,1,1,1,1,9
(not set),(not set),全台藝文中心房市一覽：解析七大展演場館周邊房價漲幅與生活圈,/life-proposal/culture/,1,1,0,0,11
(not set),(not set),裝修房子必讀：除了預算，五大考量讓居家空間煥然一新且符合需求,/life-proposal/decorate/,1,1,0,0,0
(not set),20260813一輪播,健康宅客廳配置：景觀陽台與大面窗採光設計，打造後疫情舒壓空間,/life-proposal/design_living_room20220907/,1,1,0,0,0
google / organic,(organic),掌握贈與控制權：享受安心退休生活，專業解析資產傳承與法律保障,/life-proposal/donated_property20220624/,1,1,1,1,5
tw.search.yahoo.com / referral,(referral),地震來時你家安全嗎？一次搞懂制震器、阻尼器原理與抗震建築結構,/life-proposal/earthquake-taylor/,1,1,1,1,58
google / organic,(organic),梅雨季居家除溼妙招：告別過敏與霉味，打造乾爽舒適健康宅,/life-proposal/ease_dehumidification_20230601/,1,1,1,1,3
(not set),(not set),綠建築十大社區出爐，遠雄文青、遠雄THE ONE、遠雄耶魯齊上榜 - 遠雄房地產,/life-proposal/ease_eewh-ec_20230711/,1,1,0,0,0
ecosia.org / organic,(organic),綠建築十大社區出爐，遠雄文青、遠雄THE ONE、遠雄耶魯齊上榜 - 遠雄房地產,/life-proposal/ease_eewh-ec_20230711/,1,1,1,1,38
(not set),20260813一輪播,綠建築十大社區出爐，遠雄文青、遠雄THE ONE、遠雄耶魯齊上榜 - 遠雄房地產,/life-proposal/ease_eewh-ec_20230711/,1,1,0,0,0
(not set),(not set),綠建材標章是什麼？掌握健康、生態、再生指標，挑選無害優質建材,/life-proposal/ease_greenmaterial_20230609/,1,1,0,0,9
google / organic,(organic),綠建材標章是什麼？掌握健康、生態、再生指標，挑選無害優質建材,/life-proposal/ease_greenmaterial_20230609/,1,1,1,1,44
google / organic,(organic),梅雨季濕氣滿屋？來場除濕防霉大作戰，牆壁家具除霉與去味全攻略,/life-proposal/ease_mildew-proof_20230612/,1,1,1,1,3
news.google.com / referral,(referral),梅雨季濕氣滿屋？來場除濕防霉大作戰，牆壁家具除霉與去味全攻略,/life-proposal/ease_mildew-proof_20230612/,1,1,1,1,22
google / cpc,XXXX,高雄科技核心起飛！楠梓R21都會公園站「遠雄蘴靚」3795坪指標案登場,/life-proposal/eh6-news/,1,1,1,1,6
google / cpc,brand,高雄科技核心起飛！楠梓R21都會公園站「遠雄蘴靚」3795坪指標案登場,/life-proposal/eh6-news/,1,1,1,1,30
fgr-line / fgr,expert_zhu_tax-notice,高雄科技核心起飛！楠梓R21都會公園站「遠雄蘴靚」3795坪指標案登場,/life-proposal/eh6-news/,1,1,1,1,50
fb / eh5,form,高雄科技核心起飛！楠梓R21都會公園站「遠雄蘴靚」3795坪指標案登場,/life-proposal/eh6-news/,1,1,1,1,0
google / cpc,type,高雄科技核心起飛！楠梓R21都會公園站「遠雄蘴靚」3795坪指標案登場,/life-proposal/eh6-news/,1,1,1,1,3
(not set),高雄全區,高雄科技核心起飛！楠梓R21都會公園站「遠雄蘴靚」3795坪指標案登場,/life-proposal/eh6-news/,1,1,0,0,4
(not set),高雄楠梓,高雄科技核心起飛！楠梓R21都會公園站「遠雄蘴靚」3795坪指標案登場,/life-proposal/eh6-news/,1,1,2,2,36
google / organic,(organic),居家用電安全須知：解析電氣火災肇因首位，建立安全用電生活習慣,/life-proposal/electrical-safety/,1,1,1,1,100
google / organic,(organic),如何合法節省遺贈稅？善用免稅額分年贈與，及早規劃財產移轉利多,/life-proposal/estate_tax_20220909/,1,1,1,1,0
(direct) / (none),(direct),經濟成長不保三！解析全球通膨、景氣魔咒與房市末升段漲勢趨緩,/life-proposal/expert-li-2022market-20221024/,1,1,1,1,9
(direct) / (none),(direct),亞太新興區域經濟 下半年重點關注兩環節｜財經M平方觀點 - 遠雄房地產,/life-proposal/expert_20230724_macromicro_asiapacific/,1,1,1,1,0
fgr-line / fgr,expert_zhu_tax-notice,2025年中台灣房市潛力區域專題報導 -10大優質投資區域分析｜何世昌觀點 - 遠雄房地產,/life-proposal/expert_hoshichang_central-potential/,1,1,1,1,9
(not set),(not set),山雨欲來風滿樓，房市反轉時刻已降臨？｜何世昌觀點 - 遠雄房地產,/life-proposal/expert_hoshichang_property_market_20250307/,1,1,0,0,0
(direct) / (none),(direct),首季房市開低走揚，房價進入大亂鬥盤整格局｜何世昌觀點 - 遠雄房地產,/life-proposal/expert_hoshichang_property_q1-review_20250514/,1,1,1,1,1
google / organic,(organic),[影音] 全台房市「蛋花湯效應」解密 - 南二都房價的變遷｜何世昌觀點 - 遠雄房地產,/life-proposal/expert_hoshichang_property_south-prices_20250404/,1,1,1,1,4
claude.ai / ai-assistant,(ai-assistant),南二都房市潛力區解析：科技廊道崛起與十大熱門置產區域總覽,/life-proposal/expert_hoshichang_south-potential/,1,1,1,1,1
(not set),(not set),南二都房市潛力區解析：科技廊道崛起與十大熱門置產區域總覽,/life-proposal/expert_hoshichang_south-potential/,1,1,0,0,0
tw.search.yahoo.com / referral,(referral),南二都房市潛力區解析：科技廊道崛起與十大熱門置產區域總覽,/life-proposal/expert_hoshichang_south-potential/,1,1,1,1,29
(not set),20260813一輪播,南二都房市潛力區解析：科技廊道崛起與十大熱門置產區域總覽,/life-proposal/expert_hoshichang_south-potential/,1,1,0,0,0
google / organic,20260813一輪播,空屋率高房價就會跌？揭開台灣房市「愈空愈貴」的結構真相,/life-proposal/expert_hoshichang_vacancy-rate/,1,1,1,1,67
(not set),20260828一輪播,空屋率高房價就會跌？揭開台灣房市「愈空愈貴」的結構真相,/life-proposal/expert_hoshichang_vacancy-rate/,1,1,0,0,0
fgr-line / fgr,expert_hoshichang_vacancy-rate,空屋率高房價就會跌？揭開台灣房市「愈空愈貴」的結構真相,/life-proposal/expert_hoshichang_vacancy-rate/,1,1,1,1,37
google / organic,(organic),[影音] 台灣房價為何跌不下來？看懂房市「抗跌力」｜何世昌觀點 - 遠雄房地產,/life-proposal/expert_hoshichang_video_property_price_20250801/,1,1,1,1,2
(not set),(not set),【商用不動產講堂】廠辦市場與資產配置 - 遠雄房地產,/life-proposal/expert_ken_topics_commerical_market_20240925/,1,1,0,0,0
(not set),(not set),購買預售屋如何選擇好的建商？(下集)｜永然法律不動產專欄 - 遠雄房地產,/life-proposal/expert_law_y-rlee_builder2_20250425/,1,1,0,0,0
google / organic,(organic),購買預售屋如何選擇好的建商？(下集)｜永然法律不動產專欄 - 遠雄房地產,/life-proposal/expert_law_y-rlee_builder2_20250425/,1,1,1,1,7
mkto-sn070013.com / referral,(referral),未婚情侶合資買房在法律上要注意什麼｜永然法律不動產專欄 - 遠雄房地產,/life-proposal/expert_law_y-rlee_co-buying/,1,1,1,1,10
(not set),20260805一輪播,未婚情侶合資買房在法律上要注意什麼｜永然法律不動產專欄 - 遠雄房地產,/life-proposal/expert_law_y-rlee_co-buying/,1,1,0,0,0
socialmedia / fgr,fb20260306,未婚情侶合資買房在法律上要注意什麼｜永然法律不動產專欄 - 遠雄房地產,/life-proposal/expert_law_y-rlee_co-buying/,1,1,1,1,0
(not set),20260805一輪播,預售屋買賣契約簽約時應注意「契約審閱期」｜永然法律不動產專欄 - 遠雄房地產,/life-proposal/expert_law_y-rlee_contract_20250613/,1,1,0,0,0
gemini.google.com / ai-assistant,(ai-assistant),夫妻買房登記誰名下？律師拆解共同持有與借名登記風險,/life-proposal/expert_law_y-rlee_joint-ownership/,1,1,1,1,47
bing / organic,(organic),夫妻買房登記誰名下？律師拆解共同持有與借名登記風險,/life-proposal/expert_law_y-rlee_joint-ownership/,1,1,2,2,43
console-v2.omnichat.ai / referral,(referral),夫妻買房登記誰名下？律師拆解共同持有與借名登記風險,/life-proposal/expert_law_y-rlee_joint-ownership/,1,1,1,1,7
excel.officeapps.live.com / referral,(referral),夫妻買房登記誰名下？律師拆解共同持有與借名登記風險,/life-proposal/expert_law_y-rlee_joint-ownership/,1,1,1,1,2
google_kw / fm3,brand,夫妻買房登記誰名下？律師拆解共同持有與借名登記風險,/life-proposal/expert_law_y-rlee_joint-ownership/,1,1,2,2,86
(not set),(not set),台版地面師如何騙走你的不動產?｜永然法律不動產專欄 - 遠雄房地產,/life-proposal/expert_law_y-rlee_land-agent_20250904/,1,1,0,0,0
(not set),20260813一輪播,台版地面師如何騙走你的不動產?｜永然法律不動產專欄 - 遠雄房地產,/life-proposal/expert_law_y-rlee_land-agent_20250904/,1,1,1,1,0
fgr-line / fgr,expert_zhu_tax-notice,台版地面師如何騙走你的不動產?｜永然法律不動產專欄 - 遠雄房地產,/life-proposal/expert_law_y-rlee_land-agent_20250904/,1,1,1,1,237
webnews / o1,20260827,(2) 封未讀訊息 | 惡鄰居噪音菸味如何處理？除法律求償外，換屋也是維護安寧權的資產配置,/life-proposal/expert_law_y-rlee_living-rights/,1,1,0,0,4
google_kw / h713,(organic),惡鄰居噪音菸味如何處理？除法律求償外，換屋也是維護安寧權的資產配置,/life-proposal/expert_law_y-rlee_living-rights/,1,1,1,1,1162
teams.public.onecdn.static.microsoft / referral,(referral),惡鄰居噪音菸味如何處理？除法律求償外，換屋也是維護安寧權的資產配置,/life-proposal/expert_law_y-rlee_living-rights/,1,1,1,1,33
webnews / o1,20260827,惡鄰居噪音菸味如何處理？除法律求償外，換屋也是維護安寧權的資產配置,/life-proposal/expert_law_y-rlee_living-rights/,1,1,1,1,0
(not set),20260828一輪播,惡鄰居噪音菸味如何處理？除法律求償外，換屋也是維護安寧權的資產配置,/life-proposal/expert_law_y-rlee_living-rights/,1,1,0,0,64
google / cpc,RSH1-競品字,惡鄰居噪音菸味如何處理？除法律求償外，換屋也是維護安寧權的資產配置,/life-proposal/expert_law_y-rlee_living-rights/,1,1,1,1,1
google_kw / fm3,brand,惡鄰居噪音菸味如何處理？除法律求償外，換屋也是維護安寧權的資產配置,/life-proposal/expert_law_y-rlee_living-rights/,1,1,1,1,86
(not set),台中全區,惡鄰居噪音菸味如何處理？除法律求償外，換屋也是維護安寧權的資產配置,/life-proposal/expert_law_y-rlee_living-rights/,1,1,0,0,1
(not set),生活提案,惡鄰居噪音菸味如何處理？除法律求償外，換屋也是維護安寧權的資產配置,/life-proposal/expert_law_y-rlee_living-rights/,1,1,3,3,66
fgr-line / fgr,生活提案,惡鄰居噪音菸味如何處理？除法律求償外，換屋也是維護安寧權的資產配置,/life-proposal/expert_law_y-rlee_living-rights/,1,1,1,1,110
socialmedia / fgr,fb20260206,借名登記的房地產，也可以作為遺產分割的標的嗎？ | 永然法律不動產專欄 - 遠雄房地產,/life-proposal/expert_law_y-rlee_nominee-inheritance/,1,1,1,1,6
socialmedia / fgr,fb20260209,共同繼承來的房地產，要如何進行分割呢？ | 永然法律不動產專欄 - 遠雄房地產,/life-proposal/expert_law_y-rlee_property-division/,1,1,1,1,0
socialmedia / fgr,ig20260209,共同繼承來的房地產，要如何進行分割呢？ | 永然法律不動產專欄 - 遠雄房地產,/life-proposal/expert_law_y-rlee_property-division/,1,1,1,1,7
(not set),20260805一輪播,(2) 封未讀訊息 | 不動產防詐全攻略：地籍異動即時通與預防指南,/life-proposal/expert_law_y-rlee_property-fraud/,1,1,0,0,5
chatgpt.com / ai-assistant,(ai-assistant),不動產防詐全攻略：地籍異動即時通與預防指南,/life-proposal/expert_law_y-rlee_property-fraud/,1,1,1,1,102
bing / organic,(organic),不動產防詐全攻略：地籍異動即時通與預防指南,/life-proposal/expert_law_y-rlee_property-fraud/,1,1,1,1,0
liff.line.me / referral,(referral),不動產防詐全攻略：地籍異動即時通與預防指南,/life-proposal/expert_law_y-rlee_property-fraud/,1,1,1,1,34
tw.search.yahoo.com / referral,(referral),不動產防詐全攻略：地籍異動即時通與預防指南,/life-proposal/expert_law_y-rlee_property-fraud/,1,1,1,1,73
fb / O1,120227538157820464,不動產防詐全攻略：地籍異動即時通與預防指南,/life-proposal/expert_law_y-rlee_property-fraud/,1,1,1,1,43
(not set),20260805一輪播,不動產防詐全攻略：地籍異動即時通與預防指南,/life-proposal/expert_law_y-rlee_property-fraud/,1,1,2,2,1
(not set),20260813一輪播,不動產防詐全攻略：地籍異動即時通與預防指南,/life-proposal/expert_law_y-rlee_property-fraud/,1,1,0,0,0
google / cpc,competitor,不動產防詐全攻略：地籍異動即時通與預防指南,/life-proposal/expert_law_y-rlee_property-fraud/,1,1,1,1,1
fgr-line / fgr,expert_zhu_tax-notice,不動產防詐全攻略：地籍異動即時通與預防指南,/life-proposal/expert_law_y-rlee_property-fraud/,1,1,1,1,198
fg / post,SEO,如何防範裝潢詐騙？室內裝修合約必備條款與律師防詐指南,/life-proposal/expert_law_y-rlee_renovation-fraud/,1,1,1,1,118
google_kw / fm3,brand,如何防範裝潢詐騙？室內裝修合約必備條款與律師防詐指南,/life-proposal/expert_law_y-rlee_renovation-fraud/,1,1,1,1,108
fgr-line / fgr,生活提案,如何防範裝潢詐騙？室內裝修合約必備條款與律師防詐指南,/life-proposal/expert_law_y-rlee_renovation-fraud/,1,1,1,1,20
gemini.google.com / ai-assistant,(ai-assistant),預售屋買賣契約中的交屋保留款與建材設備約定｜永然法律不動產專欄 - 遠雄房地產,/life-proposal/expert_law_y-rlee_retention-money_20250704/,1,1,1,1,36
bing / organic,(organic),預售屋買賣契約中的交屋保留款與建材設備約定｜永然法律不動產專欄 - 遠雄房地產,/life-proposal/expert_law_y-rlee_retention-money_20250704/,1,1,1,1,112
(not set),(not set),2023上半年房市回顧及下半年走勢預測｜李同榮觀點 - 遠雄房地產,/life-proposal/expert_li_2023q3market_20230717/,1,1,0,0,10
(not set),20260813一輪播,2023上半年房市回顧及下半年走勢預測｜李同榮觀點 - 遠雄房地產,/life-proposal/expert_li_2023q3market_20230717/,1,1,1,1,32
(not set),(not set),房市末升段甩尾！解析 2023 新青安專案對房市降溫與市場機制的影響,/life-proposal/expert_li_2024trend_20240711/,1,1,0,0,0
reurl.cc / referral,(referral),房市末升段甩尾！解析 2023 新青安專案對房市降溫與市場機制的影響,/life-proposal/expert_li_2024trend_20240711/,1,1,1,1,65
(not set),(not set),2026年預售市場一針見血的銷售與購買策略｜李同榮觀點 - 遠雄房地產,/life-proposal/expert_li_2026-housing-tips/,1,1,0,0,0
104.com.tw / referral,(referral),2026年預售市場一針見血的銷售與購買策略｜李同榮觀點 - 遠雄房地產,/life-proposal/expert_li_2026-housing-tips/,1,1,1,1,504
(not set),(not set),下一波第七循環房市的七大主力市場｜李同榮觀點 - 遠雄房地產,/life-proposal/expert_li_7th-cycle_20241101/,1,1,0,0,0
(not set),(not set),賴政府上任房市動向預測！解析選後四大難題，洞察政策與走勢波動,/life-proposal/expert_li_afterelection_20240118/,1,1,0,0,0
google / organic,(organic),賴政府上任房市動向預測！解析選後四大難題，洞察政策與走勢波動,/life-proposal/expert_li_afterelection_20240118/,1,1,1,1,0
(direct) / (none),(direct),房價單單價見頂？解析剛需總價天花板與單位面積極小化的多空挑戰,/life-proposal/expert_li_challenge_20240411/,1,1,1,1,9
(not set),20260805一輪播,房價單單價見頂？解析剛需總價天花板與單位面積極小化的多空挑戰,/life-proposal/expert_li_challenge_20240411/,1,1,1,1,141
claude.ai / ai-assistant,(ai-assistant),2026年房地產市場將面臨八大考驗｜李同榮觀點 - 遠雄房地產,/life-proposal/expert_li_housing-challenges-2026/,1,1,2,2,43
gemini.google.com / ai-assistant,(ai-assistant),2026年房地產市場將面臨八大考驗｜李同榮觀點 - 遠雄房地產,/life-proposal/expert_li_housing-challenges-2026/,1,1,1,1,285
(not set),(not set),2026年房地產市場將面臨八大考驗｜李同榮觀點 - 遠雄房地產,/life-proposal/expert_li_housing-challenges-2026/,1,1,0,0,0
bing / organic,(organic),2026年房地產市場將面臨八大考驗｜李同榮觀點 - 遠雄房地產,/life-proposal/expert_li_housing-challenges-2026/,1,1,1,1,51
notebook.google.com / referral,(referral),2026年房地產市場將面臨八大考驗｜李同榮觀點 - 遠雄房地產,/life-proposal/expert_li_housing-challenges-2026/,1,1,2,2,8
(not set),(not set),2026房市大分化：建商經營策略轉型，告別全面上漲時代,/life-proposal/expert_li_property-new-era/,1,1,0,0,0
tw.search.yahoo.com / referral,(referral),2026房市大分化：建商經營策略轉型，告別全面上漲時代,/life-proposal/expert_li_property-new-era/,1,1,1,1,716
(not set),20260805一輪播,2026房市大分化：建商經營策略轉型，告別全面上漲時代,/life-proposal/expert_li_property-new-era/,1,1,0,0,24
(not set),20260813一輪播,2026房市大分化：建商經營策略轉型，告別全面上漲時代,/life-proposal/expert_li_property-new-era/,1,1,1,1,51
google_kw / fm3,brand,2026房市大分化：建商經營策略轉型，告別全面上漲時代,/life-proposal/expert_li_property-new-era/,1,1,1,1,4
claude.ai / ai-assistant,(ai-assistant),建築產業何去何從？解析 AI 時代下的輕資產經營與房產長中短期趨勢,/life-proposal/expert_li_property_20230418/,1,1,1,1,15
liff.line.me / referral,(referral),AI 時代股房雙循環：李同榮解析股市與房市的財富接力邏輯,/life-proposal/expert_li_stock-housing-cycle/,1,1,2,2,45
(not set),20260618一輪播,AI 時代股房雙循環：李同榮解析股市與房市的財富接力邏輯,/life-proposal/expert_li_stock-housing-cycle/,1,1,1,1,597
LINE-Liff / bh11,202607-AI,AI 時代股房雙循環：李同榮解析股市與房市的財富接力邏輯,/life-proposal/expert_li_stock-housing-cycle/,1,1,1,1,377
(not set),20260702一輪播,AI 時代股房雙循環：李同榮解析股市與房市的財富接力邏輯,/life-proposal/expert_li_stock-housing-cycle/,1,1,1,1,8
google / cpc,competitor,AI 時代股房雙循環：李同榮解析股市與房市的財富接力邏輯,/life-proposal/expert_li_stock-housing-cycle/,1,1,1,1,33
fgr-line / fgr,expert_li_stock-housing-cycle,AI 時代股房雙循環：李同榮解析股市與房市的財富接力邏輯,/life-proposal/expert_li_stock-housing-cycle/,1,1,1,1,142
fgr-line / fgr,expert_peizhen_2026-q2-housing-outlook,AI 時代股房雙循環：李同榮解析股市與房市的財富接力邏輯,/life-proposal/expert_li_stock-housing-cycle/,1,1,1,1,112
fgr-line / fgr,expert_zhu_inheritance-tax-2026-2,AI 時代股房雙循環：李同榮解析股市與房市的財富接力邏輯,/life-proposal/expert_li_stock-housing-cycle/,1,1,1,1,85
fgr-line / fgr,expert_zhu_tax-notice,AI 時代股房雙循環：李同榮解析股市與房市的財富接力邏輯,/life-proposal/expert_li_stock-housing-cycle/,1,1,1,1,0
fgr-line / fgr,land_handover_check,AI 時代股房雙循環：李同榮解析股市與房市的財富接力邏輯,/life-proposal/expert_li_stock-housing-cycle/,1,1,2,2,21
line-fgr / bh7,linefgrbh7,AI 時代股房雙循環：李同榮解析股市與房市的財富接力邏輯,/life-proposal/expert_li_stock-housing-cycle/,1,1,1,1,0
web / bh11,popup_ai_202608,AI 時代股房雙循環：李同榮解析股市與房市的財富接力邏輯,/life-proposal/expert_li_stock-housing-cycle/,1,1,2,2,177
chatgpt.com / ai-assistant,(ai-assistant),2026首季商用不動產998億新高！AI與半導體剛需成最強支柱,/life-proposal/expert_liu_2026-market-high/,1,1,1,1,1
(not set),(not set),財經M平方觀點：去庫存壓力來襲，透過2個關鍵訊號掌握製造業落底,/life-proposal/expert_macromicro20220726/,1,1,0,0,0
(not set),20260813一輪播,財經M平方觀點：去庫存壓力來襲，透過2個關鍵訊號掌握製造業落底,/life-proposal/expert_macromicro20220726/,1,1,1,1,22
(not set),(not set),半導體景氣再添變數？解析美對中晶片禁令、大廠砍支出對台廠的影響,/life-proposal/expert_macromicro_20221125/,1,1,0,0,0
baidu / organic,(organic),美債倒掛創 40 年新高！解析經濟衰退風險與 2023 全球景氣三大重點,/life-proposal/expert_macromicro_20221220/,1,1,1,1,0
(direct) / (none),(direct),全球製造業循環何時落底？解析銅金比與美中台庫存去化之復甦焦點,/life-proposal/expert_macromicro_20230320/,1,1,1,1,0
google / organic,(organic),全球製造業循環何時落底？解析銅金比與美中台庫存去化之復甦焦點,/life-proposal/expert_macromicro_20230320/,1,1,1,1,18
(not set),(not set),各國房地產全解析，一文讀懂不動產市場運作｜財經M平方觀點 - 遠雄房地產,/life-proposal/expert_macromicro_20230328/,1,1,0,0,0
ecosia.org / organic,(organic),各國房地產全解析，一文讀懂不動產市場運作｜財經M平方觀點 - 遠雄房地產,/life-proposal/expert_macromicro_20230328/,1,1,1,1,51
(direct) / (none),(direct),中國經濟數據驗證復甦！內需成長能否挹注全球動能？2023趨勢分析,/life-proposal/expert_macromicro_20230421/,1,1,1,1,0
(not set),(not set),台灣建商為何規模較小？解析台美房產專業分工機制與自由市場模式,/life-proposal/expert_macromicro_20230522/,1,1,0,0,0
(not set),20260828一輪播,台灣建商為何規模較小？解析台美房產專業分工機制與自由市場模式,/life-proposal/expert_macromicro_20230522/,1,1,0,0,0
google / organic,(organic),2025 下半年台灣經濟怎麼走？台股、台幣一次解析｜財經M平方觀點 - 遠雄房地產,/life-proposal/expert_macromicro_2025econ_20250730/,1,1,1,1,66
bing / organic,(organic),2026 投資佈局：聚焦AI基建、核能、國防、稀土、貴金屬與穩定幣 | 財經M平方觀點 - 遠雄房地產,/life-proposal/expert_macromicro_2026-mega-trends/,1,1,1,1,81
(not set),(not set),25Q2 美股財報-深度拆解半導體龍頭與 AI 趨勢｜財經M平方觀點 - 遠雄房地產,/life-proposal/expert_macromicro_25q2-financial-statements/,1,1,0,0,0
news.google.com / referral,(referral),25Q2 美股財報-深度拆解半導體龍頭與 AI 趨勢｜財經M平方觀點 - 遠雄房地產,/life-proposal/expert_macromicro_25q2-financial-statements/,1,1,1,1,4
(not set),20260813一輪播,2025中國經濟展望：房市復甦、通縮壓力與地緣風險解析,/life-proposal/expert_macromicro_china-economic_20250120/,1,1,0,0,0
(direct) / (none),(direct),全球軍備競賽下的投資新紅利：AI 與無人機引爆國防產業週期,/life-proposal/expert_macromicro_defense-investment/,1,1,1,1,29
(not set),(not set),美國 Q1 GDP 季增年率翻負！對等關稅下經濟怎麼走？｜財經M平方觀點 - 遠雄房地產,/life-proposal/expert_macromicro_fomc2025_20250618/,1,1,0,0,0
yahoo / organic,(organic),全球超長債殖利率飆升：結構性壓力與長短期解方全解析｜財經M平方觀點 - 遠雄房地產,/life-proposal/expert_macromicro_global-bond-yields/,1,1,1,1,214
fgr-line / fgr,expert_zhu_tax-notice,全球超長債殖利率飆升：結構性壓力與長短期解方全解析｜財經M平方觀點 - 遠雄房地產,/life-proposal/expert_macromicro_global-bond-yields/,1,1,1,1,19
(not set),(not set),2024房市展望：財經M平方解析中古屋熱新屋淡，關鍵數據看趨勢,/life-proposal/expert_macromicro_housing_2024trend_20231125/,1,1,0,0,0
google / organic,(organic),2024房市展望：財經M平方解析中古屋熱新屋淡，關鍵數據看趨勢,/life-proposal/expert_macromicro_housing_2024trend_20231125/,1,1,1,1,14
(not set),20260813一輪播,2024房市展望：財經M平方解析中古屋熱新屋淡，關鍵數據看趨勢,/life-proposal/expert_macromicro_housing_2024trend_20231125/,1,1,0,0,0
google / organic,(organic),六都房價指數再創新高！解析新竹縣市領漲與台南逆勢修正原因,/life-proposal/expert_macromicro_housing_market_20240222/,1,1,1,1,15
(not set),(not set),預售屋回溫撐房市！解析新青安利息補貼與低違約率下的購屋動能,/life-proposal/expert_macromicro_housing_policy_20240507/,1,1,0,0,0
(not set),(not set),2026 下半年全球央行決策解析：聯準會、歐洲與日本央行的資產配置新思維,/life-proposal/expert_macromicro_market-analysis/,1,1,0,0,0
cashbackisl.com / referral,(referral),2026 下半年全球央行決策解析：聯準會、歐洲與日本央行的資產配置新思維,/life-proposal/expert_macromicro_market-analysis/,1,1,1,1,1
webnews / o1,20260827,2026 下半年全球央行決策解析：聯準會、歐洲與日本央行的資產配置新思維,/life-proposal/expert_macromicro_market-analysis/,1,1,1,1,0
(not set),20260828一輪播,2026 下半年全球央行決策解析：聯準會、歐洲與日本央行的資產配置新思維,/life-proposal/expert_macromicro_market-analysis/,1,1,1,1,5
line-lap / bh13,lap-1,2026 下半年全球央行決策解析：聯準會、歐洲與日本央行的資產配置新思維,/life-proposal/expert_macromicro_market-analysis/,1,1,1,1,355
(not set),生活提案,2026 下半年全球央行決策解析：聯準會、歐洲與日本央行的資產配置新思維,/life-proposal/expert_macromicro_market-analysis/,1,1,1,1,27
(direct) / (none),(direct),美股台股創高後怎麼走？掌握 2024 年三大潛在風險，預判經濟擴張動能,/life-proposal/expert_macromicro_mec_2024risk_20240126/,1,1,1,1,0
bing / organic,(organic),台灣經濟三大重點：出口雙位數成長與台股萬八，解析股匯齊揚動能,/life-proposal/expert_macromicro_mec_china_20240621/,1,1,1,1,8
(not set),(not set),護國神山牽動房市！解析半導體擴大投資、海外設廠對台灣房價影響,/life-proposal/expert_peizhen_20230201/,1,1,0,0,0
(not set),(not set),2024房市展望：劉佩真解析景氣漸入佳境，住宅與商用市場趨勢,/life-proposal/expert_peizhen_2023review_20240103/,1,1,0,0,0
(direct) / (none),(direct),商用不動產與土地交易熱絡！AI 產業題材推升自用需求，建商積極補庫存,/life-proposal/expert_peizhen_2024q2review_20240703,1,1,1,1,5
(not set),(not set),2024年房市為前高後低態勢、2025年將進入調整階段｜劉佩真觀點 - 遠雄房地產,/life-proposal/expert_peizhen_2024review_20250107/,1,1,0,0,0
reurl.cc / referral,(referral),2025年第三季房市觀測-政策觀望期延續，市場靜待轉折契機｜劉佩真觀點 - 遠雄房地產,/life-proposal/expert_peizhen_2025q3review/,1,1,1,1,0
(not set),(not set),2026房市觀測：住宅盤整量縮，Nvidia星艦效應點燃商辦,/life-proposal/expert_peizhen_2026-q1-market/,1,1,0,0,0
fgr-line / 5VO1,20260814,(1) 封未讀訊息 | 2026 房市脫鉤：住宅冷科技熱！解析量縮價穩下的雙軌發展,/life-proposal/expert_peizhen_2026-q2-housing-outlook/,1,1,0,0,25
fgr-line / rsh1,20260605,2026 房市脫鉤：住宅冷科技熱！解析量縮價穩下的雙軌發展,/life-proposal/expert_peizhen_2026-q2-housing-outlook/,1,1,1,1,4
(not set),20260618一輪播,2026 房市脫鉤：住宅冷科技熱！解析量縮價穩下的雙軌發展,/life-proposal/expert_peizhen_2026-q2-housing-outlook/,1,1,1,1,314
fg-line / ar1,20260724,2026 房市脫鉤：住宅冷科技熱！解析量縮價穩下的雙軌發展,/life-proposal/expert_peizhen_2026-q2-housing-outlook/,1,1,0,0,0
fgr-line / eh5,20260724,2026 房市脫鉤：住宅冷科技熱！解析量縮價穩下的雙軌發展,/life-proposal/expert_peizhen_2026-q2-housing-outlook/,1,1,1,1,2
fgr-line / fm3,20260807,2026 房市脫鉤：住宅冷科技熱！解析量縮價穩下的雙軌發展,/life-proposal/expert_peizhen_2026-q2-housing-outlook/,1,1,1,1,89
mkto-sn070013.com / referral,20260813一輪播,2026 房市脫鉤：住宅冷科技熱！解析量縮價穩下的雙軌發展,/life-proposal/expert_peizhen_2026-q2-housing-outlook/,1,1,1,1,71
fgr-line / 5VO1,20260814,2026 房市脫鉤：住宅冷科技熱！解析量縮價穩下的雙軌發展,/life-proposal/expert_peizhen_2026-q2-housing-outlook/,1,1,1,1,0
youtube / fgr,expert_zhu_legal-reserve,2026 房市脫鉤：住宅冷科技熱！解析量縮價穩下的雙軌發展,/life-proposal/expert_peizhen_2026-q2-housing-outlook/,1,1,2,2,235
fb / eh5,fb35-2,2026 房市脫鉤：住宅冷科技熱！解析量縮價穩下的雙軌發展,/life-proposal/expert_peizhen_2026-q2-housing-outlook/,1,1,2,2,2
fgr-line / fgr,land_handover_check,2026 房市脫鉤：住宅冷科技熱！解析量縮價穩下的雙軌發展,/life-proposal/expert_peizhen_2026-q2-housing-outlook/,1,1,2,2,2
fgr-line / fgr,生活提案,2026 房市脫鉤：住宅冷科技熱！解析量縮價穩下的雙軌發展,/life-proposal/expert_peizhen_2026-q2-housing-outlook/,1,1,1,1,0
google / organic,(organic),[影音] AI科技宅當道！台灣半導體聚落帶動房市｜劉佩真觀點 - 遠雄房地產,/life-proposal/expert_peizhen_ai-housing-trend/,1,1,1,1,0
chatgpt.com / ai-assistant,(ai-assistant),2030 高齡商機：銀髮住宅需求激增，解析渡假式養生村建築新趨勢,/life-proposal/expert_peizhen_commercial_elderly-residence_20250509/,1,1,2,2,3
bing / organic,(organic),2030 高齡商機：銀髮住宅需求激增，解析渡假式養生村建築新趨勢,/life-proposal/expert_peizhen_commercial_elderly-residence_20250509/,1,1,1,1,56
(not set),20260805一輪播,2030 高齡商機：銀髮住宅需求激增，解析渡假式養生村建築新趨勢,/life-proposal/expert_peizhen_commercial_elderly-residence_20250509/,1,1,0,0,0
(not set),20260828一輪播,2030 高齡商機：銀髮住宅需求激增，解析渡假式養生村建築新趨勢,/life-proposal/expert_peizhen_commercial_elderly-residence_20250509/,1,1,0,0,0
google_kw / fm3,storage,2024工業地產展望：製造業回春帶動自用買盤，台積電效應動見觀瞻,/life-proposal/expert_peizhen_manufacturing_20240422/,1,1,1,1,435
(not set),20260805一輪播,[影音] 從總體經營環境來看2025下半年住宅與商用市場最新動態｜劉佩真觀點 - 遠雄房地產,/life-proposal/expert_peizhen_oee_2025h2/,1,1,1,1,0
google / organic,(organic),2025年第二季房市觀測 - 關稅、打炒房持續等利空，Q3房市景氣還有機會回升嗎？｜劉佩真觀點 - 遠雄房地產,/life-proposal/expert_peizhen_property-2025q2_20250707/,1,1,1,1,5
(not set),(not set),2023房市景氣解析：利率調升與政策調控下，各類產品表現與趨勢展望,/life-proposal/expert_peizhen_q1view_20230519/,1,1,0,0,0
yahoo / organic,(organic),2025房市回顧與2026盤整展望：政策與市場趨勢解析｜劉佩真觀點 - 遠雄房地產,/life-proposal/expert_peizhen_real-estate-2026/,1,1,1,1,64
bing / organic,20260813一輪播,2025房市回顧與2026盤整展望：政策與市場趨勢解析｜劉佩真觀點 - 遠雄房地產,/life-proposal/expert_peizhen_real-estate-2026/,1,1,1,1,31
(not set),20260828一輪播,2025房市回顧與2026盤整展望：政策與市場趨勢解析｜劉佩真觀點 - 遠雄房地產,/life-proposal/expert_peizhen_real-estate-2026/,1,1,0,0,0
(not set),生活提案,2025房市回顧與2026盤整展望：政策與市場趨勢解析｜劉佩真觀點 - 遠雄房地產,/life-proposal/expert_peizhen_real-estate-2026/,1,1,1,1,170
(not set),(not set),[影音] 科學園區帶動房市新熱潮：竹科、中科、南科的投資分析｜劉佩真觀點 - 遠雄房地產,/life-proposal/expert_peizhen_science-park-housing/,1,1,0,0,0
(not set),20260805一輪播,[影音] 科學園區帶動房市新熱潮：竹科、中科、南科的投資分析｜劉佩真觀點 - 遠雄房地產,/life-proposal/expert_peizhen_science-park-housing/,1,1,1,1,71
(not set),(not set),南台灣產業轉型如何改變房市？影響面向與市場趨勢解析｜劉佩真觀點 - 遠雄房地產,/life-proposal/expert_peizhen_southern-taiwan/,1,1,0,0,9
bing / organic,(organic),南台灣產業轉型如何改變房市？影響面向與市場趨勢解析｜劉佩真觀點 - 遠雄房地產,/life-proposal/expert_peizhen_southern-taiwan/,1,1,1,1,46
(not set),20260805一輪播,房市低迷期的避風港：公辦都更與捷運聯開案的戰略價值｜劉佩真觀點 - 遠雄房地產,/life-proposal/expert_peizhen_tod-strategy-2026/,1,1,0,0,0
(not set),20260813一輪播,輝達總部確立，房市受惠區在哪裡？｜何世昌觀點 - 遠雄房地產,/life-proposal/expert_thinktank_nvidia_20250729/,1,1,0,0,0
(not set),(not set),贈與稅節稅攻略！掌握244萬免稅額與現金贈與資產傳承優勢,/life-proposal/expert_zhu_asset-inheritance/,1,1,0,0,0
(not set),20260429一輪播,贈與稅節稅攻略！掌握244萬免稅額與現金贈與資產傳承優勢,/life-proposal/expert_zhu_asset-inheritance/,1,1,1,1,420
google / organic,20260805一輪播,贈與稅節稅攻略！掌握244萬免稅額與現金贈與資產傳承優勢,/life-proposal/expert_zhu_asset-inheritance/,1,1,1,1,407
(not set),20260813一輪播,贈與稅節稅攻略！掌握244萬免稅額與現金贈與資產傳承優勢,/life-proposal/expert_zhu_asset-inheritance/,1,1,0,0,0
(direct) / (none),(direct),A Complete Guide to Buying Property Overseas: How Taiwanese People Sign Contracts Abroad? Analysis of Foreigners Acquiring Land Rights,/life-proposal/expert_zhu_buyhouse_abroad1_20240303/,1,1,0,0,17
(direct) / (none),(direct),海外買房全攻略：台灣人在國外如何簽約？外國人取得土地權利解析,/life-proposal/expert_zhu_buyhouse_abroad1_20240303/,1,1,1,1,0
google / organic,20260813一輪播,預售屋契約書常見爭議與審閱要點：避開應記載與不得記載事項的陷阱,/life-proposal/expert_zhu_buyhouse_contract1_20240430/,1,1,2,2,0
(not set),20260813一輪播,預立遺囑必看！民法修法翻轉特留分、應繼分與數位化要件新趨勢,/life-proposal/expert_zhu_civil-law/,1,1,1,1,704
(direct) / (none),(direct),選擇性信用管制目的與歷史脈絡：從彭淮南防線看房市調控,/life-proposal/expert_zhu_credit_20231020/,1,1,1,1,0
mkto-sn070013.com / referral,(referral),空屋稅的真相？房子閒置前你該考慮的事｜專家觀點地政篇 - 遠雄房地產,/life-proposal/expert_zhu_eht_20250625/,1,1,1,1,0
yahoo / organic,(organic),防範代書詐騙，如何查詢地政士的合法性？｜專家觀點地政篇 - 遠雄房地產,/life-proposal/expert_zhu_expert_zhu_land-agent_20250917/,1,1,1,1,121
tw.search.yahoo.com / referral,(referral),防範代書詐騙，如何查詢地政士的合法性？｜專家觀點地政篇 - 遠雄房地產,/life-proposal/expert_zhu_expert_zhu_land-agent_20250917/,1,1,1,1,115
google / organic,20260813一輪播,防範代書詐騙，如何查詢地政士的合法性？｜專家觀點地政篇 - 遠雄房地產,/life-proposal/expert_zhu_expert_zhu_land-agent_20250917/,1,1,1,1,145
fgr-line / fgr,expert_zhu_tax-notice,防範代書詐騙，如何查詢地政士的合法性？｜專家觀點地政篇 - 遠雄房地產,/life-proposal/expert_zhu_expert_zhu_land-agent_20250917/,1,1,1,1,296
google / organic,(organic),防范代书诈骗，如何查询地政士的合法性？ ｜专家观点地政篇- 远雄房地产,/life-proposal/expert_zhu_expert_zhu_land-agent_20250917/,1,1,1,1,16
(not set),20260828一輪播,[影音] 假結婚與房產繼承 - 五億遺產的法律爭奪戰｜專家觀點地政篇 - 遠雄房地產,/life-proposal/expert_zhu_fake-marriage-law/,1,1,1,1,0
(not set),20260828一輪播,賣房想省稅？別踩房地合一稅虛報裝修陷阱 | 專家觀點地政篇 - 遠雄房地產,/life-proposal/expert_zhu_false-renovation-traps/,1,1,0,0,0
(not set),(not set),五月報稅稅法修正重點整理｜專家觀點地政篇 - 遠雄房地產,/life-proposal/expert_zhu_file-taxes_20250409/,1,1,0,0,0
(direct) / (none),(direct),生前贈與還是繳遺產稅，哪個比較划算？結果可能超乎你的想像｜專家觀點地政篇 - 遠雄房地產,/life-proposal/expert_zhu_gift-and-estate-tax_20250509/,1,1,1,1,0
(not set),20260828一輪播,生前贈與還是繳遺產稅，哪個比較划算？結果可能超乎你的想像｜專家觀點地政篇 - 遠雄房地產,/life-proposal/expert_zhu_gift-and-estate-tax_20250509/,1,1,0,0,0
bing / organic,(organic),買房別只看所有權！地政士解析：車位、頂加、露台的法律權益攻略,/life-proposal/expert_zhu_house-purchase-risks/,1,1,1,1,13
excel.officeapps.live.com / referral,(referral),買房別只看所有權！地政士解析：車位、頂加、露台的法律權益攻略,/life-proposal/expert_zhu_house-purchase-risks/,1,1,3,3,11
liff.line.me / referral,(referral),買房別只看所有權！地政士解析：車位、頂加、露台的法律權益攻略,/life-proposal/expert_zhu_house-purchase-risks/,1,1,1,1,35
(not set),20260813一輪播,買房別只看所有權！地政士解析：車位、頂加、露台的法律權益攻略,/life-proposal/expert_zhu_house-purchase-risks/,1,1,1,1,90
youtube / fgr,expert_zhu_legal-reserve,買房別只看所有權！地政士解析：車位、頂加、露台的法律權益攻略,/life-proposal/expert_zhu_house-purchase-risks/,1,1,0,0,0
fgr-line / fgr,expert_zhu_tax-notice,買房別只看所有權！地政士解析：車位、頂加、露台的法律權益攻略,/life-proposal/expert_zhu_house-purchase-risks/,1,1,1,1,207
(not set),(not set),專家觀點地政篇：不動產抵押權重點詳解 - 遠雄房地產,/life-proposal/expert_zhu_hypothec_20230815/,1,1,0,0,0
bing / organic,(organic),專家觀點地政篇：不動產抵押權重點詳解 - 遠雄房地產,/life-proposal/expert_zhu_hypothec_20230815/,1,1,1,1,30
(not set),生活提案,沒小孩遺產給誰？朱智豪地政士揭秘：小心兄弟姊妹爭特留分,/life-proposal/expert_zhu_inheritance-safe/,1,1,1,1,0
excel.officeapps.live.com / referral,(referral),【2026 遺產稅修法】夫妻剩餘財產請求權：最強節稅利器，讓稅金直接對半砍！ - 遠雄房地產,/life-proposal/expert_zhu_inheritance-tax-2026-2/,1,1,2,2,2
notebook.google.com / referral,(referral),【2026 遺產稅修法】夫妻剩餘財產請求權：最強節稅利器，讓稅金直接對半砍！ - 遠雄房地產,/life-proposal/expert_zhu_inheritance-tax-2026-2/,1,1,1,1,129
tw.search.yahoo.com / referral,(referral),【2026 遺產稅修法】夫妻剩餘財產請求權：最強節稅利器，讓稅金直接對半砍！ - 遠雄房地產,/life-proposal/expert_zhu_inheritance-tax-2026-2/,1,1,1,1,68
LINE-Liff / eh1,202606-AI,【2026 遺產稅修法】夫妻剩餘財產請求權：最強節稅利器，讓稅金直接對半砍！ - 遠雄房地產,/life-proposal/expert_zhu_inheritance-tax-2026-2/,1,1,1,1,530
web / bh11,popup_ai_202608,【2026 遺產稅修法】夫妻剩餘財產請求權：最強節稅利器，讓稅金直接對半砍！ - 遠雄房地產,/life-proposal/expert_zhu_inheritance-tax-2026-2/,1,1,2,2,6
chatgpt.com / ai-assistant,(ai-assistant),【2026遺贈稅修法】資產傳承不踩雷！別讓擬制遺產害你背稅單 - 遠雄房地產,/life-proposal/expert_zhu_inheritance-tax-2026/,1,1,1,1,48
gemini.google.com / ai-assistant,(ai-assistant),【2026遺贈稅修法】資產傳承不踩雷！別讓擬制遺產害你背稅單 - 遠雄房地產,/life-proposal/expert_zhu_inheritance-tax-2026/,1,1,1,1,19
ecosia.org / organic,(organic),【2026遺贈稅修法】資產傳承不踩雷！別讓擬制遺產害你背稅單 - 遠雄房地產,/life-proposal/expert_zhu_inheritance-tax-2026/,1,1,1,1,74
excel.officeapps.live.com / referral,(referral),【2026遺贈稅修法】資產傳承不踩雷！別讓擬制遺產害你背稅單 - 遠雄房地產,/life-proposal/expert_zhu_inheritance-tax-2026/,1,1,1,1,4
mkto-sn070013.com / referral,(referral),【2026遺贈稅修法】資產傳承不踩雷！別讓擬制遺產害你背稅單 - 遠雄房地產,/life-proposal/expert_zhu_inheritance-tax-2026/,1,1,1,1,0
notebook.google.com / referral,(referral),【2026遺贈稅修法】資產傳承不踩雷！別讓擬制遺產害你背稅單 - 遠雄房地產,/life-proposal/expert_zhu_inheritance-tax-2026/,1,1,1,1,12
tw.search.yahoo.com / referral,(referral),【2026遺贈稅修法】資產傳承不踩雷！別讓擬制遺產害你背稅單 - 遠雄房地產,/life-proposal/expert_zhu_inheritance-tax-2026/,1,1,1,1,27
(not set),20260805一輪播,【2026遺贈稅修法】資產傳承不踩雷！別讓擬制遺產害你背稅單 - 遠雄房地產,/life-proposal/expert_zhu_inheritance-tax-2026/,1,1,0,0,0
(not set),(not set),繼承房產房地合一稅新舊制判斷：105 年分水嶺與合法節稅全攻略,/life-proposal/expert_zhu_inheritance_20230921/,1,1,0,0,0
(data not available),(cross-network),[ 影音 ]房產移轉如何過戶子女才划算？｜專家觀點地政篇 - 遠雄房地產,/life-proposal/expert_zhu_inherited_20230512/,1,1,1,1,43
socialmedia / fgr,shorts0816,[ 影音 ]房產移轉如何過戶子女才划算？｜專家觀點地政篇 - 遠雄房地產,/life-proposal/expert_zhu_inherited_20230512/,1,1,1,1,0
google / organic,(organic),邱澤不動產傳聞揭秘，實價登錄與容積移轉的真相｜專家觀點地政篇 - 遠雄房地產,/life-proposal/expert_zhu_land-deal_20250813/,1,1,1,1,227
google / organic,(organic),頂客族遺產保衛戰！解析特留份修法趨勢與配偶繼承權益保障,/life-proposal/expert_zhu_legal-reserve/,1,1,1,1,102
(not set),20260618一輪播,頂客族遺產保衛戰！解析特留份修法趨勢與配偶繼承權益保障,/life-proposal/expert_zhu_legal-reserve/,1,1,1,1,57
(not set),生活提案,限貸令對各族群影響 (下) 首購、換屋、繼承族群影響為何?｜專家觀點地政篇 - 遠雄房地產,/life-proposal/expert_zhu_loan-restriction2_20250219/,1,1,0,0,0
google / organic,(organic),限貸令對各族群影響 (上) 選擇性信用管制解析與問題點｜專家觀點地政篇 - 遠雄房地產,/life-proposal/expert_zhu_loan-restriction_20250110/,1,1,1,1,30
google / organic,生活提案,[影音] 豪宅稅與新舊制判斷：繼承房產節稅與限貸令規範｜專家觀點地政篇 - 遠雄房地產,/life-proposal/expert_zhu_mansion-tax-definition_vedio_20250523/,1,1,1,1,21
(not set),生活提案,[影音] 婚前買房v.s婚後買房｜房子登記誰的名字好｜專家觀點地政篇 - 遠雄房地產,/life-proposal/expert_zhu_marriage_20230614/,1,1,0,0,0
(not set),20260813一輪播,[影音] 連續繼承房產出售節稅有術｜專家觀點地政篇 - 遠雄房地產,/life-proposal/expert_zhu_multiple-inheriting_vedio_20250423/,1,1,1,1,38
(not set),(not set),自用住宅免稅400萬怎麼申請？「持有、設籍、實住」3點不能忽略 | 專家觀點地政篇 - 遠雄房地產,/life-proposal/expert_zhu_ownership-criteria/,1,1,0,0,0
tyaward.com.tw / referral,(referral),自用住宅免稅400萬怎麼申請？「持有、設籍、實住」3點不能忽略 | 專家觀點地政篇 - 遠雄房地產,/life-proposal/expert_zhu_ownership-criteria/,1,1,1,1,892
(not set),20260828一輪播,自用住宅免稅400萬怎麼申請？「持有、設籍、實住」3點不能忽略 | 專家觀點地政篇 - 遠雄房地產,/life-proposal/expert_zhu_ownership-criteria/,1,1,0,0,4
(direct) / (none),(direct),找不到頁面 - 遠雄房地產,/life-proposal/expert_zhu_ownership-criteria/:K自用住宅免稅400萬怎麼申請？「持有、設籍,1,1,1,1,0
mkto-sn070013.com / referral,(referral),預售屋簽約必看！解析專有與約定專用，避開產權陷阱 | 專家觀點地政篇 - 遠雄房地產,/life-proposal/expert_zhu_pre-sale-house-property-rights/,1,1,1,1,294
tw.images.search.yahoo.com / referral,(referral),預售屋簽約必看！解析專有與約定專用，避開產權陷阱 | 專家觀點地政篇 - 遠雄房地產,/life-proposal/expert_zhu_pre-sale-house-property-rights/,1,1,1,1,47
(not set),20260813一輪播,預售屋簽約必看！解析專有與約定專用，避開產權陷阱 | 專家觀點地政篇 - 遠雄房地產,/life-proposal/expert_zhu_pre-sale-house-property-rights/,1,1,0,0,0
(direct) / (none),(direct),預售屋還能投嗎？解析禁止換約、紅單移轉新制下的優良投資工具潛力,/life-proposal/expert_zhu_presale_20230314/,1,1,1,1,11
(not set),20260813一輪播,私法人取得不動產的限制｜專家觀點地政篇 - 遠雄房地產,/life-proposal/expert_zhu_private-corporation_20231114/,1,1,0,0,0
(not set),20260813一輪播,房地合一稅制大變革：從舊制超額利潤到實價課稅，解析房市課稅新篇章,/life-proposal/expert_zhu_private-corporation_adjust_20231227/,1,1,0,0,0
google / organic,20260828一輪播,配偶贈與為何是節稅例外？法規與房地合一稅實務解析,/life-proposal/expert_zhu_property_divide_gifttax2_20241024/,1,1,1,1,90
(not set),(not set),[影音] 你的買賣安全嗎？房屋產權必懂的謄本識讀、權狀跟身分查驗｜專家觀點地政篇 - 遠雄房地產,/life-proposal/expert_zhu_property_identity_vedio_20240229/,1,1,0,0,0
socialmedia / fgr,ig20251003,[影音] 你的買賣安全嗎？房屋產權必懂的謄本識讀、權狀跟身分查驗｜專家觀點地政篇 - 遠雄房地產,/life-proposal/expert_zhu_property_identity_vedio_20240229/,1,1,1,1,0
(not set),(not set),[影音] 不動產繼承全攻略 - 繼承登記申請應注意事項｜專家觀點地政篇 - 遠雄房地產,/life-proposal/expert_zhu_property_inheritance-1_vedio_20241128/,1,1,0,0,0
(not set),(not set),[影音] 實價登錄全面攻略- 不動產交易查詢藏在細節裡｜專家觀點地政篇 - 遠雄房地產,/life-proposal/expert_zhu_property_law2_vedio_20241031/,1,1,0,0,0
google / organic,(organic),[影音] 實價登錄全面攻略- 不動產交易查詢藏在細節裡｜專家觀點地政篇 - 遠雄房地產,/life-proposal/expert_zhu_property_law2_vedio_20241031/,1,1,1,1,0
fgr-line / fgr,architectural_planning,[影音] 實價登錄全面攻略- 不動產交易查詢藏在細節裡｜專家觀點地政篇 - 遠雄房地產,/life-proposal/expert_zhu_property_law2_vedio_20241031/,1,1,1,1,0
fgr-line / fgr,expert_zhu_property_law2_vedio_20241031,[影音] 實價登錄全面攻略- 不動產交易查詢藏在細節裡｜專家觀點地政篇 - 遠雄房地產,/life-proposal/expert_zhu_property_law2_vedio_20241031/,1,1,2,2,0
(direct) / (none),(direct),[影音] 實價登錄全面攻略-帶你看懂現行法令重點與罰則｜專家觀點地政篇 - 遠雄房地產,/life-proposal/expert_zhu_property_law_vedio_20240930/,1,1,1,1,38
google / organic,(organic),[影音] 實價登錄全面攻略-帶你看懂現行法令重點與罰則｜專家觀點地政篇 - 遠雄房地產,/life-proposal/expert_zhu_property_law_vedio_20240930/,1,1,1,1,17
google / organic,(organic),[影音] 限貸令風暴有解嗎 - 限貸令例外狀況｜專家觀點地政篇 - 遠雄房地產,/life-proposal/expert_zhu_property_loan-ratio-exception_vedio_20250214/,1,1,1,1,3
(not set),(not set),銀行法第72條之2限貸令解析：突破貸款成數管道與壽險、信託因應策略,/life-proposal/expert_zhu_property_loan-ratio_vedio_20250131/,1,1,0,0,0
(direct) / (none),(direct),囤房稅其實就是房屋稅？詳解 103 年修法條款與自住稅率認定標準,/life-proposal/expert_zhu_property_multi-house-tax-1_20231208/,1,1,1,1,10
(not set),(not set),[影音] 一次看懂囤房稅2.0! 囤房稅修法重點，你受到影響了嗎?｜專家觀點地政篇 - 遠雄房地產,/life-proposal/expert_zhu_property_multi-house-tax-2_20240101/,1,1,0,0,0
(not set),(not set),只有不動產怎麼繳遺產稅？實物抵繳是否划算？｜專家觀點地政篇 - 遠雄房地產,/life-proposal/expert_zhu_property_offset-2_20241220/,1,1,0,0,0
bing / organic,(organic),只有不動產怎麼繳遺產稅？實物抵繳是否划算？｜專家觀點地政篇 - 遠雄房地產,/life-proposal/expert_zhu_property_offset-2_20241220/,1,1,1,1,46
tw.search.yahoo.com / referral,(referral),只有不動產怎麼繳遺產稅？實物抵繳是否划算？｜專家觀點地政篇 - 遠雄房地產,/life-proposal/expert_zhu_property_offset-2_20241220/,1,1,1,1,84
(not set),20260805一輪播,只有不動產怎麼繳遺產稅？實物抵繳是否划算？｜專家觀點地政篇 - 遠雄房地產,/life-proposal/expert_zhu_property_offset-2_20241220/,1,1,0,0,0
(not set),(not set),法定空地可以約定專用嗎？解析產權共有原則、規約規範與權益保障,/life-proposal/expert_zhu_property_openspace_20240705/,1,1,0,0,35
l.threads.com / referral,(referral),法定空地可以約定專用嗎？解析產權共有原則、規約規範與權益保障,/life-proposal/expert_zhu_property_openspace_20240705/,1,1,1,1,1169
(not set),20260805一輪播,法定空地可以約定專用嗎？解析產權共有原則、規約規範與權益保障,/life-proposal/expert_zhu_property_openspace_20240705/,1,1,0,0,0
(not set),20260813一輪播,法定空地可以約定專用嗎？解析產權共有原則、規約規範與權益保障,/life-proposal/expert_zhu_property_openspace_20240705/,1,1,0,0,0
tw.search.yahoo.com / referral,(referral),[影音] 停車位買賣詳細解析-你需要知道的車位權利｜專家觀點地政篇 - 遠雄房地產,/life-proposal/expert_zhu_property_parking_vedio_20240828/,1,1,1,1,134
(not set),生活提案,[影音] 停車位買賣詳細解析-你需要知道的車位權利｜專家觀點地政篇 - 遠雄房地產,/life-proposal/expert_zhu_property_parking_vedio_20240828/,1,1,0,0,0
(not set),(not set),[影音] 預售屋購買注意事項大解析－了解預售屋制度與現況｜專家觀點地政篇 - 遠雄房地產,/life-proposal/expert_zhu_property_presalerule_vedio_20240726/,1,1,0,0,0
(not set),(not set),如何預防不動產詐騙？掌握地政便民服務，防止房屋被惡意移轉,/life-proposal/expert_zhu_property_scam_20240604/,1,1,0,0,0
tw.search.yahoo.com / referral,(referral),如何預防不動產詐騙？掌握地政便民服務，防止房屋被惡意移轉,/life-proposal/expert_zhu_property_scam_20240604/,1,1,1,1,193
(not set),20260813一輪播,到底停車位、露臺、屋頂屬於誰？專家解析產權登記與約定專用規範,/life-proposal/expert_zhu_public-area_20230718/,1,1,1,1,508
(not set),生活提案,到底停車位、露臺、屋頂屬於誰？專家解析產權登記與約定專用規範,/life-proposal/expert_zhu_public-area_20230718/,1,1,1,1,0
tw.search.yahoo.com / referral,生活提案,到底停車位、露臺、屋頂屬於誰？專家解析產權登記與約定專用規範,/life-proposal/expert_zhu_public-area_20230718/,1,1,1,1,174
excel.officeapps.live.com / referral,(referral),2026年買新房成本暴增？地政士解析三大新制陷阱與產權影響,/life-proposal/expert_zhu_regulations-trap/,1,1,1,1,12
liff.line.me / referral,(referral),2026年買新房成本暴增？地政士解析三大新制陷阱與產權影響,/life-proposal/expert_zhu_regulations-trap/,1,1,2,2,227
tw.search.yahoo.com / referral,(referral),2026年買新房成本暴增？地政士解析三大新制陷阱與產權影響,/life-proposal/expert_zhu_regulations-trap/,1,1,1,1,13
web-edm / topic,20260807,2026年買新房成本暴增？地政士解析三大新制陷阱與產權影響,/life-proposal/expert_zhu_regulations-trap/,1,1,1,1,21
webnews / o1,20260827,2026年買新房成本暴增？地政士解析三大新制陷阱與產權影響,/life-proposal/expert_zhu_regulations-trap/,1,1,1,1,0
bing / organic,(organic),二親等房產交易避稅解析：掌握金流證明與申報要點，合法節省贈與稅,/life-proposal/expert_zhu_second-degree_20250321/,1,1,1,1,15
(not set),20260805一輪播,[影音] 地面師詐騙實例解析 - 三招防止房產被冒名過戶｜專家觀點地政篇 - 遠雄房地產,/life-proposal/expert_zhu_taiwan-land-scam/,1,1,1,1,0
(not set),20260813一輪播,[影音] 地面師詐騙實例解析 - 三招防止房產被冒名過戶｜專家觀點地政篇 - 遠雄房地產,/life-proposal/expert_zhu_taiwan-land-scam/,1,1,0,0,0
fgr-line / fgr,expert_zhu_tax-notice,[影音] 地面師詐騙實例解析 - 三招防止房產被冒名過戶｜專家觀點地政篇 - 遠雄房地產,/life-proposal/expert_zhu_taiwan-land-scam/,1,1,7,7,455
(direct) / (none),(direct),預告登記如何合法節稅？遲延交屋的產權保障與盲點解析,/life-proposal/expert_zhu_tax-notice/,1,1,1,1,8
excel.officeapps.live.com / referral,(referral),預告登記如何合法節稅？遲延交屋的產權保障與盲點解析,/life-proposal/expert_zhu_tax-notice/,1,1,1,1,12
liff.line.me / referral,(referral),預告登記如何合法節稅？遲延交屋的產權保障與盲點解析,/life-proposal/expert_zhu_tax-notice/,1,1,2,2,0
fgr-line / fgr,20260813一輪播,預告登記如何合法節稅？遲延交屋的產權保障與盲點解析,/life-proposal/expert_zhu_tax-notice/,1,1,1,1,0
fb / bh7,28,預告登記如何合法節稅？遲延交屋的產權保障與盲點解析,/life-proposal/expert_zhu_tax-notice/,1,1,1,1,3
google_kw / fm3,brand,預告登記如何合法節稅？遲延交屋的產權保障與盲點解析,/life-proposal/expert_zhu_tax-notice/,1,1,1,1,14
picsee-domain / referral,www.fgrealty.tw,預告登記如何合法節稅？遲延交屋的產權保障與盲點解析,/life-proposal/expert_zhu_tax-notice/,1,1,2,2,0
(not set),生活提案,預告登記如何合法節稅？遲延交屋的產權保障與盲點解析,/life-proposal/expert_zhu_tax-notice/,1,1,1,1,1
(not set),(not set),贈與行為不簡單！解析民法「無償給予」與「允受」關係，避免贈與爭議,/life-proposal/expert_zhu_tax_gifttax_vedio_20240206/,1,1,0,0,0
(not set),(not set),遺產稅節稅攻略：不動產與保險規劃技巧解析,/life-proposal/expert_zhu_tax_inheritance_vedio_20240327/,1,1,0,0,0
(not set),(not set),換屋族必知的不動產節稅規劃：重購退稅申請資格與流程影音詳解,/life-proposal/expert_zhu_tax_refunded_20231017/,1,1,0,0,0
(direct) / (none),(direct),不動產過戶稅務全解析：掌握土地增值稅與移轉稅，精算買賣成本,/life-proposal/expert_zhu_tax_transfertax_20230919/,1,1,1,1,0
google / organic,(organic),[ 影音 ]我要買預售屋還是成屋? 優缺點與差異有哪些?｜專家觀點地政篇 - 遠雄房地產,/life-proposal/expert_zhu_v_presale_20230418/,1,1,1,1,3
(direct) / (none),(direct),(1) 封未讀訊息 | 成屋延後交屋怎麼辦？地政士教你預告登記防風險,/life-proposal/expert_zhu_video_delay/,1,1,0,0,142
fgr-line / eh6,20260717,成屋延後交屋怎麼辦？地政士教你預告登記防風險,/life-proposal/expert_zhu_video_delay/,1,1,1,1,744
(not set),20260805一輪播,成屋延後交屋怎麼辦？地政士教你預告登記防風險,/life-proposal/expert_zhu_video_delay/,1,1,1,1,356
fgr-line / fgr,20260813一輪播,成屋延後交屋怎麼辦？地政士教你預告登記防風險,/life-proposal/expert_zhu_video_delay/,1,1,1,1,284
fgr-line / 5VO1,20260814,成屋延後交屋怎麼辦？地政士教你預告登記防風險,/life-proposal/expert_zhu_video_delay/,1,1,1,1,168
web-edm / friends,20260821,成屋延後交屋怎麼辦？地政士教你預告登記防風險,/life-proposal/expert_zhu_video_delay/,1,1,1,1,0
fgr-line / fgr,expert_hoshichang_vacancy-rate,成屋延後交屋怎麼辦？地政士教你預告登記防風險,/life-proposal/expert_zhu_video_delay/,1,1,1,1,146
fgr-line / fgr,expert_zhu_taiwan-land-scam,成屋延後交屋怎麼辦？地政士教你預告登記防風險,/life-proposal/expert_zhu_video_delay/,1,1,1,1,206
fgr-line / fgr,land_handover_check,成屋延後交屋怎麼辦？地政士教你預告登記防風險,/life-proposal/expert_zhu_video_delay/,1,1,2,2,2
line-fgr / bh7,linefgrbh7,成屋延後交屋怎麼辦？地政士教你預告登記防風險,/life-proposal/expert_zhu_video_delay/,1,1,1,1,0
fgr-line / fgr,生活提案,成屋延後交屋怎麼辦？地政士教你預告登記防風險,/life-proposal/expert_zhu_video_delay/,1,1,1,1,0
(not set),20260813一輪播,[影音] 信託與產權設計術：資產管理、遺囑信託與節稅技巧｜專家觀點地政篇 - 遠雄房地產,/life-proposal/expert_zhu_video_trust/,1,1,0,0,0
(not set),20260805一輪播,什麼是清水模？從柯比意到安藤忠雄，解析清水混凝土原始懾人之美,/life-proposal/exposed_concrete_20220914/,1,1,1,1,9
(not set),20260813一輪播,什麼是清水模？從柯比意到安藤忠雄，解析清水混凝土原始懾人之美,/life-proposal/exposed_concrete_20220914/,1,1,0,0,0
soft.beehiiv.com / referral,nvidia-fugatto-ai,什麼是清水模？從柯比意到安藤忠雄，解析清水混凝土原始懾人之美,/life-proposal/exposed_concrete_20220914/,1,1,1,1,11
(not set),(not set),遠雄建設榮獲 TCSA 銀獎！落實 ESG 永續報告，推動低碳建築新典範,/life-proposal/farglory_land_20221223/,1,1,0,0,0
line-lap / hm2,0603,水龍頭不給力？給水供水問題快速解法，管線堵塞與漏水簡易維修,/life-proposal/faucet-waterknowledge/,1,1,1,1,107
(not set),20260813一輪播,水龍頭不給力？給水供水問題快速解法，管線堵塞與漏水簡易維修,/life-proposal/faucet-waterknowledge/,1,1,1,1,27
fgr-line / fgr,expert_zhu_tax-notice,遠雄建設榮獲《網路口碑之星》ESG策略卓越獎，以AI與循環經濟引領永續新標竿 - 遠雄房地產,/life-proposal/fg-esg-strategy-2025/,1,1,1,1,11
(direct) / (none),(direct),別讓雜物阻斷生路！解析城中城意外教訓，落實防火安全與火場逃生原則,/life-proposal/firesafety/,1,1,1,1,0
google / organic,(organic),別讓雜物阻斷生路！解析城中城意外教訓，落實防火安全與火場逃生原則,/life-proposal/firesafety/,1,1,1,1,3
google / organic,(organic),首購族買房熱區盤點：桃園、北屯交易冠亞軍，三大原則挑選首間房,/life-proposal/firstbuy-2021hotpod/,1,1,1,1,39
bing / organic,(organic),樓高的秘密解析：樓層高度與淨高如何影響居住品質 - 遠雄房地產,/life-proposal/floor_height/,1,1,1,1,36
hk.search.yahoo.com / referral,(referral),樓高的秘密解析：樓層高度與淨高如何影響居住品質 - 遠雄房地產,/life-proposal/floor_height/,1,1,1,1,72
nextgeeker.com / referral,(referral),樓高的秘密解析：樓層高度與淨高如何影響居住品質 - 遠雄房地產,/life-proposal/floor_height/,1,1,1,1,2
tw.search.yahoo.com / referral,(referral),樓高的秘密解析：樓層高度與淨高如何影響居住品質 - 遠雄房地產,/life-proposal/floor_height/,1,1,1,1,14
(not set),20260805一輪播,樓高的秘密解析：樓層高度與淨高如何影響居住品質 - 遠雄房地產,/life-proposal/floor_height/,1,1,0,0,0
(not set),20260828一輪播,樓高的秘密解析：樓層高度與淨高如何影響居住品質 - 遠雄房地產,/life-proposal/floor_height/,1,1,0,0,40
(not set),(not set),漲幅王遠東Tpark！企業需求外溢鄰近新廠有望看漲  - 遠雄房地產,/life-proposal/fm1-1/,1,1,1,1,0
tw.search.yahoo.com / referral,(referral),漲幅王遠東Tpark！企業需求外溢鄰近新廠有望看漲  - 遠雄房地產,/life-proposal/fm1-1/,1,1,1,1,218
(not set),20260805一輪播,漲幅王遠東Tpark！企業需求外溢鄰近新廠有望看漲  - 遠雄房地產,/life-proposal/fm1-1/,1,1,0,0,0
(not set),20260813一輪播,漲幅王遠東Tpark！企業需求外溢鄰近新廠有望看漲  - 遠雄房地產,/life-proposal/fm1-1/,1,1,0,0,0
(not set),20260805一輪播,(2) 封未讀訊息 | 2026商用不動產衝破1588億！獵廠時代來臨，遠雄信義CENTER搶佔AI供應鏈商機,/life-proposal/fm2-hunt/,1,1,0,0,0
teams.public.onecdn.static.microsoft / referral,(referral),2026商用不動產衝破1588億！獵廠時代來臨，遠雄信義CENTER搶佔AI供應鏈商機,/life-proposal/fm2-hunt/,1,1,1,1,27
google_kw / hm2,202511,2026商用不動產衝破1588億！獵廠時代來臨，遠雄信義CENTER搶佔AI供應鏈商機,/life-proposal/fm2-hunt/,1,1,1,1,4
fb / fm3,20260805一輪播,2026商用不動產衝破1588億！獵廠時代來臨，遠雄信義CENTER搶佔AI供應鏈商機,/life-proposal/fm2-hunt/,1,1,0,0,0
web-edm / topic,20260807,2026商用不動產衝破1588億！獵廠時代來臨，遠雄信義CENTER搶佔AI供應鏈商機,/life-proposal/fm2-hunt/,1,1,4,4,23
google_kw / fm3,brand,2026商用不動產衝破1588億！獵廠時代來臨，遠雄信義CENTER搶佔AI供應鏈商機,/life-proposal/fm2-hunt/,1,1,1,1,19
web-sms / BH11,fb_ad,2026商用不動產衝破1588億！獵廠時代來臨，遠雄信義CENTER搶佔AI供應鏈商機,/life-proposal/fm2-hunt/,1,1,1,1,0
gemini.google.com / ai-assistant,(ai-assistant),大新板 AI 產業廊道解析｜地緣政治驅動供應鏈轉型，企業資產佈局對策,/life-proposal/fm3-asset/,1,1,1,1,1
(not set),20260805一輪播,大新板 AI 產業廊道解析｜地緣政治驅動供應鏈轉型，企業資產佈局對策,/life-proposal/fm3-asset/,1,1,1,1,9
fb / fm3,news0811,大新板 AI 產業廊道解析｜地緣政治驅動供應鏈轉型，企業資產佈局對策,/life-proposal/fm3-asset/,1,1,1,1,70
google / organic,(organic),法拍屋怎麼買? 選購法拍屋基本知識 - 遠雄房地產,/life-proposal/foreclosure_20230427/,1,1,1,1,7
(not set),20260813一輪播,法拍屋怎麼買? 選購法拍屋基本知識 - 遠雄房地產,/life-proposal/foreclosure_20230427/,1,1,0,0,0
(not set),(not set),打房再出招！金管會調高第三戶房貸風險權數，新制重點與影響解析,/life-proposal/fsc-thirdhouse-100/,1,1,0,0,0
bing / organic,(organic),贈與稅與遺產稅免稅額解析｜房產贈與、買賣、繼承怎麼選 - 遠雄房地產,/life-proposal/gift_tax/,1,1,1,1,186
excel.officeapps.live.com / referral,(referral),贈與稅與遺產稅免稅額解析｜房產贈與、買賣、繼承怎麼選 - 遠雄房地產,/life-proposal/gift_tax/,1,1,1,1,4
google / organic,(organic),不動產節稅全攻略：壓縮資產與夫妻贈與免稅額，及早規劃遺產稅,/life-proposal/gift_tax_20220909/,1,1,1,1,69
(not set),(not set),談建築與社區藝術結合：打造人文美學居所，讓文化融入日常生活,/life-proposal/gigahouse_art_20220712/,1,1,0,0,0
google / organic,(organic),談建築與社區藝術結合：打造人文美學居所，讓文化融入日常生活,/life-proposal/gigahouse_art_20220712/,1,1,1,1,4
(not set),生活提案,居家玻璃保養：擦玻璃、修繕與防自爆技巧 - 遠雄房地產,/life-proposal/glass-fix/,1,1,1,1,13
(direct) / (none),(direct),找不到頁面 - 遠雄房地產,/life-proposal/glass-fix/:K居家玻璃保養：擦玻璃、修繕與防自爆技巧,1,1,1,1,0
(direct) / (none),(direct),找不到頁面 - 遠雄房地產,/life-proposal/glass-fix/:Y居家<b>玻璃</b>保養：<b>擦玻璃</b>、修繕與防自爆技巧,1,1,1,1,0
(not set),(not set),預售屋 v.s 成屋 v.s 中古屋的差異與優缺點 - 遠雄房地產,/life-proposal/goodandbad_20221028/,1,1,0,0,0
(not set),(not set),新屋居家風水擺設、格局禁忌一次看–「首購族看房買屋攻略」 - 遠雄房地產,/life-proposal/goodluck/,1,1,0,0,0
(direct) / (none),(direct),點亮高雄未來！大南方計劃大勢崛起 亞灣區擁絕對高度,/life-proposal/great-southern-project/,1,1,1,1,0
(direct) / (none),(direct),綠建築3大趨勢：垂直設計與植栽入室，打造與環境共生的永續空間,/life-proposal/greenbuilding2020-design/,1,1,1,1,30
104.com.tw / referral,(referral),綠建築3大趨勢：垂直設計與植栽入室，打造與環境共生的永續空間,/life-proposal/greenbuilding2020-design/,1,1,1,1,5
tw.images.search.yahoo.com / referral,(referral),綠建築3大趨勢：垂直設計與植栽入室，打造與環境共生的永續空間,/life-proposal/greenbuilding2020-design/,1,1,1,1,37
(not set),20260813一輪播,綠建築3大趨勢：垂直設計與植栽入室，打造與環境共生的永續空間,/life-proposal/greenbuilding2020-design/,1,1,0,0,0
google_kw / fm3,brand,綠建築3大趨勢：垂直設計與植栽入室，打造與環境共生的永續空間,/life-proposal/greenbuilding2020-design/,1,1,1,1,18
(not set),(not set),建案熱區巡禮：遠雄豐河入住中和左岸，享受大台北水岸第一排遼闊景緻,/life-proposal/h101b/,1,1,0,0,0
excel.officeapps.live.com / referral,(referral),買房怎麼選？預售屋 vs 成屋全攻略：拆解毛胚屋、標配屋與實品屋差異,/life-proposal/handover202206010/,1,1,1,1,4
liff.line.me / referral,(referral),買房怎麼選？預售屋 vs 成屋全攻略：拆解毛胚屋、標配屋與實品屋差異,/life-proposal/handover202206010/,1,1,1,1,0
teams.public.onecdn.static.microsoft / referral,(referral),買房怎麼選？預售屋 vs 成屋全攻略：拆解毛胚屋、標配屋與實品屋差異,/life-proposal/handover202206010/,1,1,1,1,46
(not set),20260805一輪播,買房怎麼選？預售屋 vs 成屋全攻略：拆解毛胚屋、標配屋與實品屋差異,/life-proposal/handover202206010/,1,1,1,1,0
(not set),20260813一輪播,買房怎麼選？預售屋 vs 成屋全攻略：拆解毛胚屋、標配屋與實品屋差異,/life-proposal/handover202206010/,1,1,0,0,0
(not set),生活提案,買房怎麼選？預售屋 vs 成屋全攻略：拆解毛胚屋、標配屋與實品屋差異,/life-proposal/handover202206010/,1,1,1,1,0
google / organic,(organic),從陽光、空氣、水解析健康住宅，防疫期間的居家新標配,/life-proposal/healthy-house1/,1,1,1,1,22
(direct) / (none),(direct),打造健康住宅！水質檢測標準有哪些？從全棟濾水到防霉建材全解析,/life-proposal/healthy-house2water/,1,1,1,1,0
google / organic,(organic),打造健康住宅！水質檢測標準有哪些？從全棟濾水到防霉建材全解析,/life-proposal/healthy-house2water/,1,1,1,1,3
(not set),(not set),龜山 AI 黃金廊道成形｜輝達效應帶動廠辦轉型，遠雄 MetaLink 導入 ESG 共享設計,/life-proposal/hm2_guishan-ai/,1,1,0,0,0
m.facebook.com / referral,(referral),龜山 AI 黃金廊道成形｜輝達效應帶動廠辦轉型，遠雄 MetaLink 導入 ESG 共享設計,/life-proposal/hm2_guishan-ai/,1,1,1,1,40
fb / ao1,5-3,龜山 AI 黃金廊道成形｜輝達效應帶動廠辦轉型，遠雄 MetaLink 導入 ESG 共享設計,/life-proposal/hm2_guishan-ai/,1,1,1,1,12
chatgpt.com / ai-assistant,(ai-assistant),驗屋與交屋必知注意事項？新手購屋必看，驗屋清單檢查表與交屋流程有哪些？,/life-proposal/home-inspection/,1,1,1,1,93
excel.officeapps.live.com / referral,(referral),驗屋與交屋必知注意事項？新手購屋必看，驗屋清單檢查表與交屋流程有哪些？,/life-proposal/home-inspection/,1,1,1,1,8
liff.line.me / referral,(referral),驗屋與交屋必知注意事項？新手購屋必看，驗屋清單檢查表與交屋流程有哪些？,/life-proposal/home-inspection/,1,1,1,1,0
fgr-line / fgr,expert_zhu_tax-notice,驗屋與交屋必知注意事項？新手購屋必看，驗屋清單檢查表與交屋流程有哪些？,/life-proposal/home-inspection/,1,1,1,1,0
google / organic,(organic),你還在擔心購屋貸款辦不下嗎？提高房貸申請審核過件率的4個方法,/life-proposal/home-loan/,1,1,1,1,80
(not set),(not set),住宅保險全攻略：火災、地震基本保險與颱風洪水補償，住家安全保障,/life-proposal/home_insurance20220602/,1,1,0,0,0
mkto-sn070013.com / referral,(referral),換屋族必讀：房地合一稅與土地增值稅完整攻略 - 遠雄房地產,/life-proposal/house_and_land/,1,1,1,1,0
tw.search.yahoo.com / referral,(referral),換屋族必讀：房地合一稅與土地增值稅完整攻略 - 遠雄房地產,/life-proposal/house_and_land/,1,1,1,1,21
(not set),20260828一輪播,換屋族必讀：房地合一稅與土地增值稅完整攻略 - 遠雄房地產,/life-proposal/house_and_land/,1,1,0,0,0
google / organic,(organic),繳納房地合一稅避雷重點：掌握申報期限與列舉扣除額，合法省稅金,/life-proposal/house_income_20230119/,1,1,1,1,14
notebook.google.com / referral,(referral),六都交易量比重衝高：從買賣移轉棟數看見房市的弦外之音｜何世昌觀點 - 遠雄房地產,/life-proposal/housing-transactions/,1,1,1,1,157
(not set),20260813一輪播,六都交易量比重衝高：從買賣移轉棟數看見房市的弦外之音｜何世昌觀點 - 遠雄房地產,/life-proposal/housing-transactions/,1,1,0,0,0
fb / eh1,privacy,六都交易量比重衝高：從買賣移轉棟數看見房市的弦外之音｜何世昌觀點 - 遠雄房地產,/life-proposal/housing-transactions/,1,1,1,1,52
google / organic,(organic),2022住宅補貼申請條件與限制：自購住宅貸款利息補貼全攻略,/life-proposal/housing_allowance_20220826/,1,1,1,1,8
bing / organic,(organic),坪數怎麼算？為什麼要算？買房前必懂的1坪大小與坪數計算方式,/life-proposal/how-to-calculate-house-size/,1,1,1,1,4
excel.officeapps.live.com / referral,(referral),坪數怎麼算？為什麼要算？買房前必懂的1坪大小與坪數計算方式,/life-proposal/how-to-calculate-house-size/,1,1,0,0,0
(not set),20260813一輪播,坪數怎麼算？為什麼要算？買房前必懂的1坪大小與坪數計算方式,/life-proposal/how-to-calculate-house-size/,1,1,3,3,1070
(not set),台中全區,坪數怎麼算？為什麼要算？買房前必懂的1坪大小與坪數計算方式,/life-proposal/how-to-calculate-house-size/,1,1,3,3,25
(not set),(not set),房價溫度計：解析核心房市指標，掌握購屋時機與未來不動產趨勢,/life-proposal/indicators_20221111/,1,1,0,0,0
(direct) / (none),(direct),央行升息對房地產有何影響？解析貸款利率調升、資金流向與房市走勢,/life-proposal/interest_rate/,1,1,1,1,0
(not set),(not set),軟裝設計全攻略：免動硬裝也能變換空間，預算抓取與軟件挑選重點,/life-proposal/interior_softdeco_20230222/,1,1,0,0,0
(direct) / (none),(direct),小檜溪的童年記憶：前里長游萬金憶兒時，見證青梅竹馬般的河畔歲月,/life-proposal/interview-s-taoyuan-green20221111/,1,1,1,1,1
(direct) / (none),(direct),從灌溉埤塘到城市綠帶：青埔橫山與青塘園，老桃園水利文化華麗轉身,/life-proposal/interview-s-taoyuan-qingshan_20230306/,1,1,1,1,13
(not set),(not set),從灌溉埤塘到城市綠帶：青埔橫山與青塘園，老桃園水利文化華麗轉身,/life-proposal/interview-s-taoyuan-qingshan_20230306/,1,1,0,0,6
mkto-sn070013.com / referral,(referral),南台灣最美藝術中心！內惟藝術中心坐落高美館園區，解析大美術館計畫,/life-proposal/kaohsiung-artplan-20220610/,1,1,1,1,11
(direct) / (none),(direct),綠地水岸公共空間、米其林餐廳星光閃耀，愈來愈宜居城市的高雄,/life-proposal/kaohsiung-greenspace/,1,1,2,2,0
(not set),(not set),高雄鐵路地下化縫合商圈！15 公里綠色園道串聯捷運，2025 全面完工,/life-proposal/kaohsiung-station-mecanoo20220610/,1,1,0,0,0
mkto-sn070013.com / referral,(referral),高雄鐵路地下化縫合商圈！15 公里綠色園道串聯捷運，2025 全面完工,/life-proposal/kaohsiung-station-mecanoo20220610/,1,1,1,1,17
(not set),20260813一輪播,高雄鐵路地下化縫合商圈！15 公里綠色園道串聯捷運，2025 全面完工,/life-proposal/kaohsiung-station-mecanoo20220610/,1,1,0,0,0
chatgpt.com / ai-assistant,(ai-assistant),建商怎麼挑？25大優質建商特色、挑選指標介紹，購屋族必看！ - 遠雄房地產,/life-proposal/kw_brand_construction_20240109/,1,1,1,1,3
bing / organic,(organic),建商怎麼挑？25大優質建商特色、挑選指標介紹，購屋族必看！ - 遠雄房地產,/life-proposal/kw_brand_construction_20240109/,1,1,1,1,9
crm.welly.tw / referral,(referral),建商怎麼挑？25大優質建商特色、挑選指標介紹，購屋族必看！ - 遠雄房地產,/life-proposal/kw_brand_construction_20240109/,1,1,1,1,0
mkto-sn070013.com / referral,(referral),建商怎麼挑？25大優質建商特色、挑選指標介紹，購屋族必看！ - 遠雄房地產,/life-proposal/kw_brand_construction_20240109/,1,1,1,1,0
uptogo.com.tw / referral,(referral),建商怎麼挑？25大優質建商特色、挑選指標介紹，購屋族必看！ - 遠雄房地產,/life-proposal/kw_brand_construction_20240109/,1,1,1,1,186
(not set),20260805一輪播,建商怎麼挑？25大優質建商特色、挑選指標介紹，購屋族必看！ - 遠雄房地產,/life-proposal/kw_brand_construction_20240109/,1,1,1,1,78
(not set),20260828一輪播,建商怎麼挑？25大優質建商特色、挑選指標介紹，購屋族必看！ - 遠雄房地產,/life-proposal/kw_brand_construction_20240109/,1,1,0,0,29
fgr-line / fg,kw_brand_construction_20240109/,建商怎麼挑？25大優質建商特色、挑選指標介紹，購屋族必看！ - 遠雄房地產,/life-proposal/kw_brand_construction_20240109/,1,1,1,1,82
fb / eh1,privacy,建商怎麼挑？25大優質建商特色、挑選指標介紹，購屋族必看！ - 遠雄房地產,/life-proposal/kw_brand_construction_20240109/,1,1,1,1,2
google / organic,生活提案,建商怎麼挑？25大優質建商特色、挑選指標介紹，購屋族必看！ - 遠雄房地產,/life-proposal/kw_brand_construction_20240109/,1,1,1,1,869
(not set),(not set),預售屋信託保障全解析：不動產開發與價金信託，專款專用機制防風險,/life-proposal/kw_credibility_20230602/,1,1,0,0,0
excel.officeapps.live.com / referral,(referral),交屋看仔細：常見糾紛與買方注意事項 - 遠雄房地產,/life-proposal/kw_delivery_20230607/,1,1,1,1,5
liff.line.me / referral,(referral),交屋看仔細：常見糾紛與買方注意事項 - 遠雄房地產,/life-proposal/kw_delivery_20230607/,1,1,1,1,0
gemini.google.com / ai-assistant,(ai-assistant),如何保障產權？維護權益必知產權登記類別，電子憑證與預告登記,/life-proposal/kw_equity_20230605/,1,1,1,1,6
(not set),(not set),如何保障產權？維護權益必知產權登記類別，電子憑證與預告登記,/life-proposal/kw_equity_20230605/,1,1,0,0,10
tw.search.yahoo.com / referral,(referral),如何保障產權？維護權益必知產權登記類別，電子憑證與預告登記,/life-proposal/kw_equity_20230605/,1,1,1,1,38
(not set),(not set),平均地權條例 7/1 上路！私法人許可、換約審核與檢舉獎金新規全攻略,/life-proposal/kw_land_rights_20230606/,1,1,0,0,0
google / organic,(organic),平均地權條例 7/1 上路！私法人許可、換約審核與檢舉獎金新規全攻略,/life-proposal/kw_land_rights_20230606/,1,1,1,1,0
(direct) / (none),(direct),青年首購看過來：新青安貸款8大重點 - 遠雄房地產,/life-proposal/kw_load_youthload_20230928/,1,1,1,1,0
(not set),20260813一輪播,青年首購看過來：新青安貸款8大重點 - 遠雄房地產,/life-proposal/kw_load_youthload_20230928/,1,1,0,0,0
(not set),(not set),買房貸款成數怎麼看？掌握財力評估與借款流程，避免簽約後貸款不足,/life-proposal/land_bank_loan/,1,1,0,0,0
google / organic,(organic),買房貸款成數怎麼看？掌握財力評估與借款流程，避免簽約後貸款不足,/life-proposal/land_bank_loan/,1,1,1,1,3
tw.search.yahoo.com / referral,(referral),私法人購屋限制懶人包：許可制四大用途規範，五年內不得移轉新制解析,/life-proposal/land_corporation/,1,1,1,1,23
bing / organic,(organic),買房對保是什麼？銀行貸款撥款流程詳解，掌握重點文件與作業時間,/life-proposal/land_documents/,1,1,3,3,107
(not set),20260813一輪播,買房對保是什麼？銀行貸款撥款流程詳解，掌握重點文件與作業時間,/life-proposal/land_documents/,1,1,0,0,0
(not set),(not set),社區管理費與公共基金解析：掌握用途與收費標準，維護高品質生活,/life-proposal/land_fund/,1,1,0,0,0
bing / organic,(organic),社區管理費與公共基金解析：掌握用途與收費標準，維護高品質生活,/life-proposal/land_fund/,1,1,2,2,23
(not set),20260805一輪播,社區管理費與公共基金解析：掌握用途與收費標準，維護高品質生活,/life-proposal/land_fund/,1,1,0,0,0
(not set),(not set),交屋到入住前不可不知！掌握驗屋、裝修與入厝流程，安心入住新家,/life-proposal/land_handover/,1,1,2,2,59
excel.officeapps.live.com / referral,(referral),交屋到入住前不可不知！掌握驗屋、裝修與入厝流程，安心入住新家,/life-proposal/land_handover/,1,1,1,1,5
(not set),20260813一輪播,交屋到入住前不可不知！掌握驗屋、裝修與入厝流程，安心入住新家,/life-proposal/land_handover/,1,1,0,0,0
fb / bh7,28,交屋到入住前不可不知！掌握驗屋、裝修與入厝流程，安心入住新家,/life-proposal/land_handover/,1,1,1,1,2
(not set),(not set),掌握驗屋五大項目！點交查驗、功能性檢查與驗屋報告修繕全攻略,/life-proposal/land_handover_check/,1,1,1,1,40
excel.officeapps.live.com / referral,(referral),掌握驗屋五大項目！點交查驗、功能性檢查與驗屋報告修繕全攻略,/life-proposal/land_handover_check/,1,1,2,2,8
liff.line.me / referral,(referral),掌握驗屋五大項目！點交查驗、功能性檢查與驗屋報告修繕全攻略,/life-proposal/land_handover_check/,1,1,1,1,0
(not set),20260805一輪播,掌握驗屋五大項目！點交查驗、功能性檢查與驗屋報告修繕全攻略,/life-proposal/land_handover_check/,1,1,0,0,0
(not set),20260813一輪播,掌握驗屋五大項目！點交查驗、功能性檢查與驗屋報告修繕全攻略,/life-proposal/land_handover_check/,1,1,0,0,0
(not set),20260828一輪播,掌握驗屋五大項目！點交查驗、功能性檢查與驗屋報告修繕全攻略,/life-proposal/land_handover_check/,1,1,0,0,0
fgr-line / fgr,expert_zhu_tax-notice,掌握驗屋五大項目！點交查驗、功能性檢查與驗屋報告修繕全攻略,/life-proposal/land_handover_check/,1,1,1,1,44
fgr-line / fgr,land_handover_check,掌握驗屋五大項目！點交查驗、功能性檢查與驗屋報告修繕全攻略,/life-proposal/land_handover_check/,1,1,1,1,2
(not set),生活提案,掌握驗屋五大項目！點交查驗、功能性檢查與驗屋報告修繕全攻略,/life-proposal/land_handover_check/,1,1,1,1,0
perplexity.ai / ai-assistant,(ai-assistant),戶籍遷入辦理教學｜買房後戶籍異動流程與準備文件全攻略 - 遠雄房地產,/life-proposal/land_household_registration/,1,1,1,1,32
tw.search.yahoo.com / referral,生活提案,戶籍遷入辦理教學｜買房後戶籍異動流程與準備文件全攻略 - 遠雄房地產,/life-proposal/land_household_registration/,1,1,1,1,81
(not set),(not set),房貸類型怎麼選？指數型、抵利型到壽險型房貸，申請門檻與重點全解析,/life-proposal/land_load_qa/,1,1,0,0,0
google / organic,(organic),房貸類型怎麼選？指數型、抵利型到壽險型房貸，申請門檻與重點全解析,/life-proposal/land_load_qa/,1,1,1,1,37
(direct) / (none),(direct),不動產買賣登記流程：從訂立公契、申報增值稅到地政申請的完整步驟,/life-proposal/land_property_rights/,1,1,1,1,0
(not set),20260813一輪播,社區營運：公設點交不求人！掌握檢查重點與流程，維護住戶權益,/life-proposal/land_public_utilities/,1,1,0,0,0
google / organic,(organic),平均地權條例三讀通過：限制換約轉售與重罰炒作，修法五大重點,/life-proposal/land_rights_20230111/,1,1,1,1,8
(not set),(not set),買房必看社區管理！從財報、公設維護到梯間雜物，評估管委會營運力,/life-proposal/land_rules/,1,1,0,0,0
bing / organic,(organic),都市土地分區解析｜買房必看土地使用分區與建物用途全攻略 - 遠雄房地產,/life-proposal/land_zoning/,1,1,1,1,0
yahoo / organic,(organic),都市土地分區解析｜買房必看土地使用分區與建物用途全攻略 - 遠雄房地產,/life-proposal/land_zoning/,1,1,1,1,11
(not set),20260702一輪播,都市土地分區解析｜買房必看土地使用分區與建物用途全攻略 - 遠雄房地產,/life-proposal/land_zoning/,1,1,1,1,0
(not set),20260805一輪播,都市土地分區解析｜買房必看土地使用分區與建物用途全攻略 - 遠雄房地產,/life-proposal/land_zoning/,1,1,5,5,23
bing / organic,生活提案,都市土地分區解析｜買房必看土地使用分區與建物用途全攻略 - 遠雄房地產,/life-proposal/land_zoning/,1,1,1,1,2
(not set),(not set),台中綠美圖：全台首座美圖共構世界級地標，普立茲克建築大師作品,/life-proposal/library-taichung20220603/,1,1,0,0,0
google / organic,(organic),居家燈具清潔與保養全攻略：延續燈具壽命，打造明亮舒適生活空間,/life-proposal/light/,1,1,1,1,1
(not set),20260805一輪播,居家燈具清潔與保養全攻略：延續燈具壽命，打造明亮舒適生活空間,/life-proposal/light/,1,1,0,0,0
(direct) / (none),(direct),資金有壓力？房貸增貸與房貸轉貸不可不知 - 遠雄房地產,/life-proposal/loan_increase_20221108/,1,1,1,1,0
(not set),(not set),資金有壓力？房貸增貸與房貸轉貸不可不知 - 遠雄房地產,/life-proposal/loan_increase_20221108/,1,1,0,0,0
mkto-sn070013.com / referral,(referral),看房賞屋指南：解讀不動產說明書產權與環境，確保買賣交易安全,/life-proposal/manual20220610/,1,1,1,1,124
socialmedia / fgr,metalink-ai-hub,輝達超微進駐遠雄自貿港，遠雄MetaLink廠辦受惠廊帶效應  - 遠雄房地產,/life-proposal/metalink-ai-hub/,1,1,1,1,0
(direct) / (none),(direct),我該買房貸壽險嗎？解析優缺點與必要性，為家人撐起資產防護傘,/life-proposal/mortgage-insurance_20221021/,1,1,1,1,0
(not set),20260828一輪播,遠雄聯手蘇喻哲打造高雄科工館「健康宅」遠雄琢蘊，遠雄左岸串連1300公頃河邊綠地,/life-proposal/natural-design/,1,1,0,0,0
(direct) / (none),(direct),廠辦4個重要趨勢：人性化工作場域，打造交通與機能兼具的企業形象,/life-proposal/office/,1,1,1,1,0
mkto-sn070013.com / referral,(referral),生活提案 彙整 - 頁2，共47 - 遠雄房地產,/life-proposal/page/2/,1,1,1,1,9
(not set),(not set),買房車位怎麼挑？解析法定、增設與獎勵車位產權買賣限制全攻略,/life-proposal/parking_space20220615/,1,1,0,0,0
(not set),20260805一輪播,預售屋履約保證懶人包：五種模式、成本與消費者權益保障全解析,/life-proposal/performance_guarantee_20221914/,1,1,0,0,0
(direct) / (none),(direct),打造寵物宅：3大設計重點與建材選擇，與貓狗共創療癒舒適空間,/life-proposal/pet20220603/,1,1,1,1,0
google / organic,(organic),打造寵物宅：3大設計重點與建材選擇，與貓狗共創療癒舒適空間,/life-proposal/pet20220603/,1,1,1,1,5
perplexity.ai / ai-assistant,(ai-assistant),權狀坪數與室內坪數差在哪？看懂買房坪數組成，首購族不再被混淆 - 遠雄房地產,/life-proposal/ping/,1,1,2,2,7
google / organic,(organic),室內綠植裝修兩百年歷史演進，打造滿室綠意的身心療癒,/life-proposal/plant_20230105/,1,1,1,1,23
bing / organic,(organic),預售屋付款方式有哪些？要準備多少錢？掌握付款5階段與注意事項,/life-proposal/pre-sale-house-payment-methods/,1,1,1,1,4
fb / bh5,60-1,預售屋付款方式有哪些？要準備多少錢？掌握付款5階段與注意事項,/life-proposal/pre-sale-house-payment-methods/,1,1,1,1,282
google / cpc,XXXX,預售屋付款方式有哪些？要準備多少錢？掌握付款5階段與注意事項,/life-proposal/pre-sale-house-payment-methods/,1,1,1,1,0
google / cpc,brand,預售屋付款方式有哪些？要準備多少錢？掌握付款5階段與注意事項,/life-proposal/pre-sale-house-payment-methods/,1,1,1,1,31
google_kw / bh10,brand,預售屋付款方式有哪些？要準備多少錢？掌握付款5階段與注意事項,/life-proposal/pre-sale-house-payment-methods/,1,1,1,1,87
google_kw / bh10,brand-generic,預售屋付款方式有哪些？要準備多少錢？掌握付款5階段與注意事項,/life-proposal/pre-sale-house-payment-methods/,1,1,1,1,30
google_kw / bh10,competitor-farglory,預售屋付款方式有哪些？要準備多少錢？掌握付款5階段與注意事項,/life-proposal/pre-sale-house-payment-methods/,1,1,1,1,0
fgr-line / fgr,expert_peizhen_2026-q2-housing-outlook,預售屋付款方式有哪些？要準備多少錢？掌握付款5階段與注意事項,/life-proposal/pre-sale-house-payment-methods/,1,1,1,1,0
fb / bh8,fb28-2,預售屋付款方式有哪些？要準備多少錢？掌握付款5階段與注意事項,/life-proposal/pre-sale-house-payment-methods/,1,1,1,1,47
fb / bh10,fbfanpage,預售屋付款方式有哪些？要準備多少錢？掌握付款5階段與注意事項,/life-proposal/pre-sale-house-payment-methods/,1,1,1,1,86
fb / bh10,fblead,預售屋付款方式有哪些？要準備多少錢？掌握付款5階段與注意事項,/life-proposal/pre-sale-house-payment-methods/,1,1,1,1,4
fgr-line / fg,kw_load_youthload_20230928/,預售屋付款方式有哪些？要準備多少錢？掌握付款5階段與注意事項,/life-proposal/pre-sale-house-payment-methods/,1,1,1,1,148
google / organic,(organic),預售屋有哪些優缺點？掌握購屋流程、注意事項，安心規劃成家藍圖,/life-proposal/pre-sale-property,1,1,4,4,82
google_kw / bh10,brand,預售屋有哪些優缺點？掌握購屋流程、注意事項，安心規劃成家藍圖,/life-proposal/pre-sale-property/,1,1,2,2,70
fb / bh10,fblead,預售屋有哪些優缺點？掌握購屋流程、注意事項，安心規劃成家藍圖,/life-proposal/pre-sale-property/,1,1,1,1,4
(not set),(not set),紅單是什麼？從購屋預約單到轉售獲利，解析預售屋紅單交易機制,/life-proposal/pre-sale_order_20221007/,1,1,0,0,0
(not set),20260813一輪播,記住銀行授信 5P 原則，首購族提高貸款成數與利率談判力的關鍵指南 - 遠雄房地產,/life-proposal/pre_mortgage_20221215/,1,1,0,0,0
(not set),20260828一輪播,記住銀行授信 5P 原則，首購族提高貸款成數與利率談判力的關鍵指南 - 遠雄房地產,/life-proposal/pre_mortgage_20221215/,1,1,0,0,0
fgr-line / fg,pre_mortgage_20221215,記住銀行授信 5P 原則，首購族提高貸款成數與利率談判力的關鍵指南 - 遠雄房地產,/life-proposal/pre_mortgage_20221215/,1,1,1,1,0
fgr-line / fg,pre_mortgage_20221215/,記住銀行授信 5P 原則，首購族提高貸款成數與利率談判力的關鍵指南 - 遠雄房地產,/life-proposal/pre_mortgage_20221215/,1,1,1,1,47
(not set),20260805一輪播,預售屋付款攻略：訂簽開、工程款到交屋，分階段減輕首購族壓力,/life-proposal/presale_payment_20221021/,1,1,0,0,0
(direct) / (none),(direct),居家安全重要性全攻略：地震火災逃生檢核表，超前部署給家人安心環境,/life-proposal/prevention1/,1,1,1,1,0
(not set),(not set),房地合一 2.0 與實價登錄上路：疫情下房價走勢與市場透明化解析,/life-proposal/real-estate-tax/,1,1,0,0,0
google / organic,(organic),房地合一 2.0 與實價登錄上路：疫情下房價走勢與市場透明化解析,/life-proposal/real-estate-tax/,1,1,2,2,6
google / organic,(organic),危老重建新制全攻略：掌握 1.3 倍基準容積獎勵、稅賦減免與申請期限,/life-proposal/reconstruction/,1,1,1,1,7
(direct) / (none),(direct),什麼是市地重劃？解析土地重整、公共設施興辦與促進土地合理使用,/life-proposal/redevelopment_zone_20221209/,1,1,1,1,0
(not set),20260429一輪播,樓梯間與梯廳公共設施：建築法規與容積計算完整解析 - 遠雄房地產,/life-proposal/regulations2_20230320/,1,1,1,1,17
(not set),20260828一輪播,樓梯間與梯廳公共設施：建築法規與容積計算完整解析 - 遠雄房地產,/life-proposal/regulations2_20230320/,1,1,0,0,0
bing / organic,(organic),附屬建物陽台、露臺、雨遮規定｜購屋前必知建築法規與容積計算 - 遠雄房地產,/life-proposal/regulations_20230317/,1,1,1,1,68
mkto-sn070013.com / referral,(referral),附屬建物陽台、露臺、雨遮規定｜購屋前必知建築法規與容積計算 - 遠雄房地產,/life-proposal/regulations_20230317/,1,1,1,1,2
(not set),20260429一輪播,附屬建物陽台、露臺、雨遮規定｜購屋前必知建築法規與容積計算 - 遠雄房地產,/life-proposal/regulations_20230317/,1,1,2,2,63
mkto-sn070013.com / referral,(referral),公共基金全解析：管委會公設點交後提撥，守護社區維護與修繕經費,/life-proposal/renovation_loan20220617/,1,1,2,2,8
(direct) / (none),(direct),租房好還是買房好？優缺點深度分析，教您精算財務配置與生活價值,/life-proposal/rent_high_20221126/,1,1,1,1,31
(direct) / (none),(direct),租屋族必看！300億租金補貼四大變革：資格放寬、加碼額度與簡便申辦,/life-proposal/rental_allowance20220707/,1,1,1,1,0
(not set),(not set),包租代管懶人包：流程、優缺點及補助詳解，輕鬆打造被動收入,/life-proposal/rental_housing_20230106/,1,1,0,0,0
tw.search.yahoo.com / referral,(referral),2025 超高齡社會來臨！養生村、老人公寓與青銀共居退休宅全攻略,/life-proposal/retiredlife_20230220/,1,1,1,1,227
google / organic,(organic),高齡台灣誰適合以房養老？解析申辦條件與優缺點，活化資產享晚年,/life-proposal/reverse_mortgage/,1,1,1,1,79
chatgpt.com / ai-assistant,(ai-assistant),新青安房貸重點一次看！掌握新舊制差異、利率比較與申請資格 - 遠雄房地產,/life-proposal/seo_youth-home-loan/,1,1,1,1,143
(not set),(not set),新青安房貸重點一次看！掌握新舊制差異、利率比較與申請資格 - 遠雄房地產,/life-proposal/seo_youth-home-loan/,1,1,0,0,0
104.com.tw / referral,(referral),新青安房貸重點一次看！掌握新舊制差異、利率比較與申請資格 - 遠雄房地產,/life-proposal/seo_youth-home-loan/,1,1,1,1,1
crm.welly.tw / referral,(referral),新青安房貸重點一次看！掌握新舊制差異、利率比較與申請資格 - 遠雄房地產,/life-proposal/seo_youth-home-loan/,1,1,1,1,0
tw.search.yahoo.com / referral,(referral),新青安房貸重點一次看！掌握新舊制差異、利率比較與申請資格 - 遠雄房地產,/life-proposal/seo_youth-home-loan/,1,1,1,1,134
(not set),20260828一輪播,新青安房貸重點一次看！掌握新舊制差異、利率比較與申請資格 - 遠雄房地產,/life-proposal/seo_youth-home-loan/,1,1,0,0,0
(not set),台中北屯,新青安房貸重點一次看！掌握新舊制差異、利率比較與申請資格 - 遠雄房地產,/life-proposal/seo_youth-home-loan/,1,1,1,1,2
(not set),(not set),台中最後寶地！水湳經貿園區範圍全圖解，中央公園帶動國際城市發展,/life-proposal/shuinan/,1,1,0,0,0
(not set),(not set),居家以線板、百葉窗打造「輕美式」：首購族小資女、小家庭舒壓輕鬆宅,/life-proposal/shutters-home-design/,1,1,0,0,0
(direct) / (none),(direct),小坪數住宅成主流！解析首購族青睞原因、格局規畫與銀行貸款認定標準,/life-proposal/small_property_20221007/,1,1,1,1,0
google / organic,(organic),掌握美式風格居家4重點：打造溫馨質感與大器格局，實踐夢想生活,/life-proposal/space_deco_us_20221028/,1,1,2,2,36
google / organic,(organic),從綠建材實踐 ESG！SDGs 目標 13 減緩氣候變遷，打造低負擔永續宅,/life-proposal/space_design_cooldown_20240804/,1,1,1,1,33
fgr-line / fgr,expert_zhu_tax-notice,居家窗簾挑選有學問，窗簾種類與款式有哪些？ - 遠雄房地產,/life-proposal/space_design_curtain_20240714/,1,1,1,1,0
(not set),(not set),玄關設計全攻略：進門緩衝、穿堂風水與大器門面，傳遞居家微奢感,/life-proposal/space_design_entrance_20240314/,1,1,0,0,0
(not set),20260828一輪播,玄關設計全攻略：進門緩衝、穿堂風水與大器門面，傳遞居家微奢感,/life-proposal/space_design_entrance_20240314/,1,1,0,0,2
fgr-line / fg,space_design_entrance_20240314,玄關設計全攻略：進門緩衝、穿堂風水與大器門面，傳遞居家微奢感,/life-proposal/space_design_entrance_20240314/,1,1,1,1,680
(not set),(not set),頂客族小宅裝修術：LDK 格局放大空間感，打造兩人世界的極致質感,/life-proposal/space_design_smallhouse3_20240607/,1,1,0,0,0
(direct) / (none),(direct),省錢裝潢必看：系統櫃新手攻略！解析板材選擇、優缺點與施作流程,/life-proposal/space_furnish_cabinet_20231125/,1,1,1,1,0
google / organic,(organic),省錢裝潢必看：系統櫃新手攻略！解析板材選擇、優缺點與施作流程,/life-proposal/space_furnish_cabinet_20231125/,1,1,1,1,32
(direct) / (none),(direct),工料雙漲下的省錢裝潢！新屋廚房三大必修省錢術，打造高效料理空間,/life-proposal/space_furnish_kitchen_20240102/,1,1,1,1,0
google / organic,(organic),工料雙漲下的省錢裝潢！新屋廚房三大必修省錢術，打造高效料理空間,/life-proposal/space_furnish_kitchen_20240102/,1,1,1,1,23
(direct) / (none),(direct),小客廳也能變身大空間！空間魔法大公開！ - 遠雄房地產,/life-proposal/space_furnish_livingroom_20231027/,1,1,1,1,14
(direct) / (none),(direct),為生活解悶！客廳布置秋冬換季玩花樣，掌握美拉德風格溫暖居家,/life-proposal/space_furnish_maillard_20231227/,1,1,1,1,37
(direct) / (none),(direct),工料雙漲下的省錢裝潢！油漆 DIY 全攻略：種類挑選與粉刷步驟解析,/life-proposal/space_furnish_paint_20231128/,1,1,1,1,0
(direct) / (none),(direct),學好居家燈具規劃，營造質感品味生活 - 遠雄房地產,/life-proposal/space_lamps_20230625/,1,1,1,1,0
(direct) / (none),(direct),居家燈光配置指南：了解環境氣氛與聚焦功能，自己也能成為採光高手,/life-proposal/space_light_20230614/,1,1,1,1,0
(not set),(not set),打造毛孩專屬寵物宅：室內外規劃重點，構築幸福共融空間,/life-proposal/space_pets_20230130/,1,1,0,0,0
google / organic,(organic),柔和蜜桃 Peach Fuzz 走進家！運用 2024 年度色油漆與軟裝打造療癒居所,/life-proposal/space_style_peach_20240206/,1,1,2,2,48
(not set),(not set),打造居家舒適閱讀角落：從親子共讀到學子書房，全齡書香空間規劃,/life-proposal/space_style_reading_20240116/,1,1,0,0,13
(not set),(not set),家中石材泛黃、有裂痕怎麼救？石材保養與修繕建議，回復天然美觀,/life-proposal/stone-fix/,1,1,0,0,0
(not set),20260805一輪播,家中石材泛黃、有裂痕怎麼救？石材保養與修繕建議，回復天然美觀,/life-proposal/stone-fix/,1,1,0,0,0
gemini.google.com / ai-assistant,(ai-assistant),地上權建物可以買嗎？優缺點一次看！解析產權差異與置產評估要點,/life-proposal/superficial_rights/,1,1,1,1,15
(not set),(not set),地上權建物可以買嗎？優缺點一次看！解析產權差異與置產評估要點,/life-proposal/superficial_rights/,1,1,0,0,0
tw.search.yahoo.com / referral,(referral),地上權建物可以買嗎？優缺點一次看！解析產權差異與置產評估要點,/life-proposal/superficial_rights/,1,1,1,1,3
(direct) / (none),(direct),台中海線景點介紹：高美濕地、台中清水國小(牛罵頭)、清水眷村文化園區、台中港特區,/life-proposal/taichung-attractions/,1,1,1,1,0
google / organic,(organic),台中海線景點介紹：高美濕地、台中清水國小(牛罵頭)、清水眷村文化園區、台中港特區,/life-proposal/taichung-attractions/,1,1,1,1,4
web-sms / bh11,ai_202607,台中預售屋、新建案分析介紹，水湳經貿園區、台中七期、清水/梧棲重劃區建案推薦,/life-proposal/taichung-gateway/,1,1,1,1,124
google_kw / bh10,taichung,台中預售屋、新建案分析介紹，水湳經貿園區、台中七期、清水/梧棲重劃區建案推薦,/life-proposal/taichung-gateway/,1,1,1,1,185
(not set),(not set),房屋稅 2.0 自住稅率全攻略：新增戶籍登記規範，單一自住調降至 1%,/life-proposal/tax_mitigation_housetax_20220902/,1,1,0,0,0
google / organic,(organic),房屋稅 2.0 自住稅率全攻略：新增戶籍登記規範，單一自住調降至 1%,/life-proposal/tax_mitigation_housetax_20220902/,1,1,1,1,55
(direct) / (none),(direct),不動產節稅妙招：自用住宅用地優惠稅率不可不知 - 遠雄房地產,/life-proposal/tax_mitigation_land_20220902/,1,1,1,1,0
google / organic,(organic),房屋稅自住優惠三條件：1.2% 稅率申請攻略，教您如何合法節省房屋稅,/life-proposal/tax_relief/,1,1,1,1,9
(not set),(not set),買房不只付總價！首購族必知契稅、印花稅與持有稅比例分攤試算,/life-proposal/taxes/,1,1,0,0,0
bing / organic,(organic),買房不只付總價！首購族必知契稅、印花稅與持有稅比例分攤試算,/life-proposal/taxes/,1,1,1,1,147
(direct) / (none),(direct),找不到頁面 - 遠雄房地產,/life-proposal/things-to-note-when-viewing-a-house-2/,1,1,1,1,0
104.com.tw / referral,(referral),看房注意事項有哪些？預售屋考察指標、挑選原則與簽約保障全攻略,/life-proposal/things-to-note-when-viewing-a-house-2/,1,1,1,1,68
tw.search.yahoo.com / referral,(referral),看房注意事項有哪些？預售屋考察指標、挑選原則與簽約保障全攻略,/life-proposal/things-to-note-when-viewing-a-house-2/,1,1,1,1,96
google_kw / bh10,brand,看房注意事項有哪些？預售屋考察指標、挑選原則與簽約保障全攻略,/life-proposal/things-to-note-when-viewing-a-house-2/,1,1,1,1,12
google_kw / bh10,competitor-developer,看房注意事項有哪些？預售屋考察指標、挑選原則與簽約保障全攻略,/life-proposal/things-to-note-when-viewing-a-house-2/,1,1,1,1,0
google_kw / bh10,taichung,看房注意事項有哪些？預售屋考察指標、挑選原則與簽約保障全攻略,/life-proposal/things-to-note-when-viewing-a-house-2/,1,1,1,1,180
(not set),台中北屯,看房注意事項有哪些？預售屋考察指標、挑選原則與簽約保障全攻略,/life-proposal/things-to-note-when-viewing-a-house-2/,1,1,3,3,36
(not set),生活提案,看房注意事項有哪些？預售屋考察指標、挑選原則與簽約保障全攻略,/life-proposal/things-to-note-when-viewing-a-house-2/,1,1,2,2,2
(not set),(not set),聰明買房不吃虧！解析建物謄本關鍵訊息：看懂產權、抵押與限制,/life-proposal/transcript_20221007/,1,1,0,0,0
bing / organic,(organic),聰明買房不吃虧！解析建物謄本關鍵訊息：看懂產權、抵押與限制,/life-proposal/transcript_20221007/,1,1,1,1,73
(not set),20260702一輪播,聰明買房不吃虧！解析建物謄本關鍵訊息：看懂產權、抵押與限制,/life-proposal/transcript_20221007/,1,1,1,1,11
(not set),(not set),突然跳電怎麼辦？六步驟輕鬆排查【居家安全指南】 - 遠雄房地產,/life-proposal/trip/,1,1,0,0,0
tw.search.yahoo.com / referral,(referral),突然跳電怎麼辦？六步驟輕鬆排查【居家安全指南】 - 遠雄房地產,/life-proposal/trip/,1,1,1,1,30
(not set),20260805一輪播,突然跳電怎麼辦？六步驟輕鬆排查【居家安全指南】 - 遠雄房地產,/life-proposal/trip/,1,1,1,1,61
google / organic,(organic),買房必看實價登錄 2.0！預售屋行情即時查，房價透明保障交易權益,/life-proposal/true_price/,1,1,1,1,2
(not set),(not set),全齡通用設計巧思：無門檻坡道與友善導引的居住美學,/life-proposal/universal-design-base20220713/,1,1,0,0,0
(not set),20260813一輪播,打造安全居家防護網！扶手安裝、防滑設計與去除門檻，預防跌倒傷,/life-proposal/universal-design-home1-20220722/,1,1,0,0,0
(not set),20260813一輪播,通用設計打造友善居住：臥室、客廳與陽台規劃重點，提升全家生活品質,/life-proposal/universal-design-home2-20220722/,1,1,0,0,0
excel.officeapps.live.com / referral,(referral),買房必看周邊環境！解析嫌惡設施對房價影響，掌握不動產說明書關鍵,/life-proposal/unwanted20220610/,1,1,9,9,89
mkto-sn070013.com / referral,(referral),買房必看周邊環境！解析嫌惡設施對房價影響，掌握不動產說明書關鍵,/life-proposal/unwanted20220610/,1,1,1,1,34
(direct) / (none),(direct),我家可以都更嗎？都市更新條件、公辦民辦差異與危老重建完整解析,/life-proposal/urbanrenewal20220603/,1,1,1,1,0
(direct) / (none),(direct),修繕小知識：家裡漏水問題怎麼解？【居家百科】 - 遠雄房地產,/life-proposal/waterleaking/,1,1,1,1,0
(not set),(not set),新莊副都心生活圈：一步抵達頂級人生，重劃區交通與生活全解析,/life-proposal/xinzhuang/,1,1,0,0,0
gemini.google.com / ai-assistant,(ai-assistant),台南永康產業交通齊發光，宜居現在進行式 | 建案熱區巡禮 - 遠雄房地產,/life-proposal/yongkang/,1,1,2,2,28
tw.search.yahoo.com / referral,(referral),台南永康產業交通齊發光，宜居現在進行式 | 建案熱區巡禮 - 遠雄房地產,/life-proposal/yongkang/,1,1,1,1,26
(not set),20260805一輪播,台南永康產業交通齊發光，宜居現在進行式 | 建案熱區巡禮 - 遠雄房地產,/life-proposal/yongkang/,1,1,0,0,0
(not set),(not set),青安貸款申請全攻略：利率、額度與條件解析，助無自有住宅家庭圓夢,/life-proposal/youth_home_loan_20220830/,1,1,0,0,10
google / organic,(organic),[房產風向球] 平均地權條例拍板定案，買房要注意 - 遠雄房地產,/life-proposal/房產風向球-平均地權條例拍板定案，買房要注意/,1,1,2,2,26
google / organic,(organic),(1) 封未讀訊息 | 生活提案： 專家房市觀點、空間美學指南 -遠雄房地產,/life_proposal/,1,1,0,0,1
excel.officeapps.live.com / referral,(referral),生活提案： 專家房市觀點、空間美學指南 -遠雄房地產,/life_proposal/,1,1,1,1,0
farglory.com.tw / referral,(referral),生活提案： 專家房市觀點、空間美學指南 -遠雄房地產,/life_proposal/,1,1,1,1,1
teams.public.onecdn.static.microsoft / referral,(referral),生活提案： 專家房市觀點、空間美學指南 -遠雄房地產,/life_proposal/,1,1,1,1,2
(not set),20260618一輪播,生活提案： 專家房市觀點、空間美學指南 -遠雄房地產,/life_proposal/,1,1,1,1,0
(not set),20260805一輪播,生活提案： 專家房市觀點、空間美學指南 -遠雄房地產,/life_proposal/,1,1,0,0,0
gdn / hm2,4-2pmax,生活提案： 專家房市觀點、空間美學指南 -遠雄房地產,/life_proposal/,1,1,1,1,61
gdn / hm2,6-1pmax,生活提案： 專家房市觀點、空間美學指南 -遠雄房地產,/life_proposal/,1,1,1,1,25
sms / aep-cdp,CRM-001-D,生活提案： 專家房市觀點、空間美學指南 -遠雄房地產,/life_proposal/,1,1,1,1,14
google / cpc,competitor,生活提案： 專家房市觀點、空間美學指南 -遠雄房地產,/life_proposal/,1,1,3,3,278
fgr-line / fgr,expert_zhu_tax-notice,生活提案： 專家房市觀點、空間美學指南 -遠雄房地產,/life_proposal/,1,1,1,1,0
fb / rsh1,fbfanpage,生活提案： 專家房市觀點、空間美學指南 -遠雄房地產,/life_proposal/,1,1,2,2,4
googlemap / o1,googlemap,生活提案： 專家房市觀點、空間美學指南 -遠雄房地產,/life_proposal/,1,1,2,2,3
(not set),台中全區,生活提案： 專家房市觀點、空間美學指南 -遠雄房地產,/life_proposal/,1,1,0,0,7
(not set),生活提案,生活提案： 專家房市觀點、空間美學指南 -遠雄房地產,/life_proposal/,1,1,3,3,1
(not set),高雄鼓山,生活提案： 專家房市觀點、空間美學指南 -遠雄房地產,/life_proposal/,1,1,1,1,8
crm.welly.tw / referral,(referral),購屋知識：買屋流程、稅法與貸款全攻略，遠雄房地產專業置產指引,/life_proposal/buying_knowledge/,1,1,1,1,0
excel.officeapps.live.com / referral,(referral),購屋知識：買屋流程、稅法與貸款全攻略，遠雄房地產專業置產指引,/life_proposal/buying_knowledge/,1,1,1,1,6
farglory.com.tw / referral,(referral),購屋知識：買屋流程、稅法與貸款全攻略，遠雄房地產專業置產指引,/life_proposal/buying_knowledge/,1,1,1,1,0
(not set),20260805一輪播,購屋知識：買屋流程、稅法與貸款全攻略，遠雄房地產專業置產指引,/life_proposal/buying_knowledge/,1,1,0,0,0
(not set),20260828一輪播,購屋知識：買屋流程、稅法與貸款全攻略，遠雄房地產專業置產指引,/life_proposal/buying_knowledge/,1,1,4,4,25
google / cpc,pmax,購屋知識：買屋流程、稅法與貸款全攻略，遠雄房地產專業置產指引,/life_proposal/buying_knowledge/,1,1,1,1,9
(not set),高雄鼓山,購屋知識：買屋流程、稅法與貸款全攻略，遠雄房地產專業置產指引,/life_proposal/buying_knowledge/,1,1,1,1,4
bing / organic,(organic),專家觀點：解析最新房市動向與購屋建議，遠雄房地產深度置產指引,/life_proposal/experts_point/,1,1,1,1,34
excel.officeapps.live.com / referral,(referral),專家觀點：解析最新房市動向與購屋建議，遠雄房地產深度置產指引,/life_proposal/experts_point/,1,1,2,2,21
zh.wikipedia.org / referral,(referral),專家觀點：解析最新房市動向與購屋建議，遠雄房地產深度置產指引,/life_proposal/experts_point/,1,1,1,1,20
(not set),20260429一輪播,專家觀點：解析最新房市動向與購屋建議，遠雄房地產深度置產指引,/life_proposal/experts_point/,1,1,1,1,6
(not set),20260702一輪播,專家觀點：解析最新房市動向與購屋建議，遠雄房地產深度置產指引,/life_proposal/experts_point/,1,1,1,1,2
web-edm / friends,20260717,專家觀點：解析最新房市動向與購屋建議，遠雄房地產深度置產指引,/life_proposal/experts_point/,1,1,1,1,137
webnews / o1,20260827,專家觀點：解析最新房市動向與購屋建議，遠雄房地產深度置產指引,/life_proposal/experts_point/,1,1,3,3,0
google_kw / fm3,brand,專家觀點：解析最新房市動向與購屋建議，遠雄房地產深度置產指引,/life_proposal/experts_point/,1,1,6,6,116
google / cpc,competitor,專家觀點：解析最新房市動向與購屋建議，遠雄房地產深度置產指引,/life_proposal/experts_point/,1,1,3,3,55
google / cpc,pmax,專家觀點：解析最新房市動向與購屋建議，遠雄房地產深度置產指引,/life_proposal/experts_point/,1,1,1,1,8
fgr-line / fgr,生活提案,專家觀點：解析最新房市動向與購屋建議，遠雄房地產深度置產指引,/life_proposal/experts_point/,1,1,1,1,0
(not set),20260828一輪播,在地生活：解析預售屋與新建案周邊機能，掌握區域環境與未來動態,/life_proposal/music_life/,1,1,2,2,32
gdn / hm2,4-2pmaxv2,在地生活：解析預售屋與新建案周邊機能，掌握區域環境與未來動態,/life_proposal/music_life/,1,1,1,1,20
(not set),台中北屯,在地生活：解析預售屋與新建案周邊機能，掌握區域環境與未來動態,/life_proposal/music_life/,1,1,0,0,0
(not set),生活提案,在地生活：解析預售屋與新建案周邊機能，掌握區域環境與未來動態,/life_proposal/music_life/,1,1,2,2,4
(not set),高雄鼓山,在地生活：解析預售屋與新建案周邊機能，掌握區域環境與未來動態,/life_proposal/music_life/,1,1,1,1,6
(not set),(not set),安心生活：三大保固升級服務｜遠雄房地產給您最長久的家承諾,/life_proposal/peace_mind/,1,1,0,0,2
liff.line.me / referral,(referral),安心生活：三大保固升級服務｜遠雄房地產給您最長久的家承諾,/life_proposal/peace_mind/,1,1,1,1,23
teams.public.onecdn.static.microsoft / referral,(referral),安心生活：三大保固升級服務｜遠雄房地產給您最長久的家承諾,/life_proposal/peace_mind/,1,1,2,2,8
google_kw / hm2,202607,安心生活：三大保固升級服務｜遠雄房地產給您最長久的家承諾,/life_proposal/peace_mind/,1,1,1,1,12
(not set),20260828一輪播,安心生活：三大保固升級服務｜遠雄房地產給您最長久的家承諾,/life_proposal/peace_mind/,1,1,2,2,3
googlemap / o1,googlemap,安心生活：三大保固升級服務｜遠雄房地產給您最長久的家承諾,/life_proposal/peace_mind/,1,1,1,1,15
(not set),生活提案,安心生活：三大保固升級服務｜遠雄房地產給您最長久的家承諾,/life_proposal/peace_mind/,1,1,1,1,0
gdn / hm2,4-2pmaxv2,空間美學：設計團隊深度解讀空間與環境，定義跨越建築的生活型態,/life_proposal/space_aesthetics/,1,1,1,1,7
google / cpc,competitor,空間美學：設計團隊深度解讀空間與環境，定義跨越建築的生活型態,/life_proposal/space_aesthetics/,1,1,3,3,20
fgr-line / fgr,expert_zhu_tax-notice,空間美學：設計團隊深度解讀空間與環境，定義跨越建築的生活型態,/life_proposal/space_aesthetics/,1,1,1,1,1
fb / fh2,lbs-sms202608,空間美學：設計團隊深度解讀空間與環境，定義跨越建築的生活型態,/life_proposal/space_aesthetics/,1,1,1,1,28
(direct) / (none),(direct),遠雄泱玥 | 水岸正首席．北士科首獻｜57-75坪-陳怡靜-遠雄房地產 Farglory-Realty,/main/review/64/G0116,1,1,1,1,1
(direct) / (none),(direct),遠雄泱玥 | 水岸正首席．北士科首獻｜57-75坪-蔡定誠-遠雄房地產 Farglory-Realty,/main/review/64/b4720,1,1,1,1,0
(direct) / (none),(direct),(1) 封未讀訊息 | 遠雄房地產預約賞屋：線上看房結合實體導覽，開啟智慧購屋新體驗,/make_appointment/,1,1,0,0,34
google / cpc,gdn-4,(1) 封未讀訊息 | 遠雄房地產預約賞屋：線上看房結合實體導覽，開啟智慧購屋新體驗,/make_appointment/,1,1,0,0,24
(direct) / (none),(direct),(2) 封未讀訊息 | 遠雄房地產預約賞屋：線上看房結合實體導覽，開啟智慧購屋新體驗,/make_appointment/,1,1,0,0,2
web-sms / BH11,fb_ad,(2) 封未讀訊息 | 遠雄房地產預約賞屋：線上看房結合實體導覽，開啟智慧購屋新體驗,/make_appointment/,1,1,0,0,58
(data not available),(cross-network),遠雄房地產預約賞屋：線上看房結合實體導覽，開啟智慧購屋新體驗,/make_appointment/,1,1,1,1,0
google_kw / h713,(organic),遠雄房地產預約賞屋：線上看房結合實體導覽，開啟智慧購屋新體驗,/make_appointment/,1,1,1,1,188
instagram.com / referral,(referral),遠雄房地產預約賞屋：線上看房結合實體導覽，開啟智慧購屋新體驗,/make_appointment/,1,1,1,1,16
m.facebook.com / referral,(referral),遠雄房地產預約賞屋：線上看房結合實體導覽，開啟智慧購屋新體驗,/make_appointment/,1,1,1,1,52
fb / bh13,11,遠雄房地產預約賞屋：線上看房結合實體導覽，開啟智慧購屋新體驗,/make_appointment/,1,1,1,1,11
fb / O1,120227538157820464,遠雄房地產預約賞屋：線上看房結合實體導覽，開啟智慧購屋新體驗,/make_appointment/,1,1,3,3,0
gdn / hm2,202601,遠雄房地產預約賞屋：線上看房結合實體導覽，開啟智慧購屋新體驗,/make_appointment/,1,1,1,1,20
gdn / hm2,202602,遠雄房地產預約賞屋：線上看房結合實體導覽，開啟智慧購屋新體驗,/make_appointment/,1,1,1,1,0
(not set),20260805一輪播,遠雄房地產預約賞屋：線上看房結合實體導覽，開啟智慧購屋新體驗,/make_appointment/,1,1,1,1,124
(not set),20260828一輪播,遠雄房地產預約賞屋：線上看房結合實體導覽，開啟智慧購屋新體驗,/make_appointment/,1,1,1,1,0
gdn / hm2,6-1pmax,遠雄房地產預約賞屋：線上看房結合實體導覽，開啟智慧購屋新體驗,/make_appointment/,1,1,19,19,641
sms / aep-cdp,CRM-001-D,遠雄房地產預約賞屋：線上看房結合實體導覽，開啟智慧購屋新體驗,/make_appointment/,1,1,1,1,14
google / cpc,RSH1-地區字,遠雄房地產預約賞屋：線上看房結合實體導覽，開啟智慧購屋新體驗,/make_appointment/,1,1,1,1,31
google / cpc,WDH2-品牌字,遠雄房地產預約賞屋：線上看房結合實體導覽，開啟智慧購屋新體驗,/make_appointment/,1,1,1,1,8
google / cpc,brand,遠雄房地產預約賞屋：線上看房結合實體導覽，開啟智慧購屋新體驗,/make_appointment/,1,1,1,1,39
fgr-line / fgr,expert_zhu_tax-notice,遠雄房地產預約賞屋：線上看房結合實體導覽，開啟智慧購屋新體驗,/make_appointment/,1,1,1,1,1
web-sms / BH11,fb_ad,遠雄房地產預約賞屋：線上看房結合實體導覽，開啟智慧購屋新體驗,/make_appointment/,1,1,2,2,2
fb / eh5,form,遠雄房地產預約賞屋：線上看房結合實體導覽，開啟智慧購屋新體驗,/make_appointment/,1,1,5,5,9
web / fb2,googlemap,遠雄房地產預約賞屋：線上看房結合實體導覽，開啟智慧購屋新體驗,/make_appointment/,1,1,1,1,9
fb / bh11,leads,遠雄房地產預約賞屋：線上看房結合實體導覽，開啟智慧購屋新體驗,/make_appointment/,1,1,4,4,0
google / cpc,pmax,遠雄房地產預約賞屋：線上看房結合實體導覽，開啟智慧購屋新體驗,/make_appointment/,1,1,1,1,3
fb / o1,privacy,遠雄房地產預約賞屋：線上看房結合實體導覽，開啟智慧購屋新體驗,/make_appointment/,1,1,1,1,0
(not set),台中全區,遠雄房地產預約賞屋：線上看房結合實體導覽，開啟智慧購屋新體驗,/make_appointment/,1,1,0,0,32
(not set),生活提案,遠雄房地產預約賞屋：線上看房結合實體導覽，開啟智慧購屋新體驗,/make_appointment/,1,1,1,1,43
mkto-sn070013.com / referral,(referral),台北、新莊、板橋、桃園大評比 | 遠雄房地產2026三月主題報 - 遠雄房地產,/mar2026/,1,1,1,1,2
mkto-sn070013.com / referral,(referral),2026 中南高區域分析與優質建商避雷祕訣,/may2026/,1,1,1,1,2
(direct) / (none),(direct),(1) 封未讀訊息 | 預約賞屋手機驗證 - 遠雄房地產,/mob_verify/,1,1,0,0,46
google / cpc,brand,(1) 封未讀訊息 | 預約賞屋手機驗證 - 遠雄房地產,/mob_verify/,1,1,0,0,12
google / cpc,gdn-4,(1) 封未讀訊息 | 預約賞屋手機驗證 - 遠雄房地產,/mob_verify/,1,1,0,0,27
google / cpc,brand,(2) 封未讀訊息 | 預約賞屋手機驗證 - 遠雄房地產,/mob_verify/,1,1,0,0,21
google / cpc,(organic),預約賞屋手機驗證 - 遠雄房地產,/mob_verify/,1,1,1,1,97
google_kw / bh13,(organic),預約賞屋手機驗證 - 遠雄房地產,/mob_verify/,1,1,1,1,25
l.facebook.com / referral,(referral),預約賞屋手機驗證 - 遠雄房地產,/mob_verify/,1,1,1,1,15
tagassistant.google.com / referral,(referral),預約賞屋手機驗證 - 遠雄房地產,/mob_verify/,1,1,1,1,16
fb / bh13,1,預約賞屋手機驗證 - 遠雄房地產,/mob_verify/,1,1,2,2,18
fb / dh6,1,預約賞屋手機驗證 - 遠雄房地產,/mob_verify/,1,1,1,1,10
fb / bh13,12,預約賞屋手機驗證 - 遠雄房地產,/mob_verify/,1,1,1,1,10
ig / paid,120241218501380402,預約賞屋手機驗證 - 遠雄房地產,/mob_verify/,1,1,1,1,17
google / cpc,20250616_品牌字,預約賞屋手機驗證 - 遠雄房地產,/mob_verify/,1,1,2,2,34
google_kw / hm2,202511,預約賞屋手機驗證 - 遠雄房地產,/mob_verify/,1,1,1,1,21
gdn / hm2,202601,預約賞屋手機驗證 - 遠雄房地產,/mob_verify/,1,1,1,1,21
(not set),20260805一輪播,預約賞屋手機驗證 - 遠雄房地產,/mob_verify/,1,1,1,1,17
(not set),20260813一輪播,預約賞屋手機驗證 - 遠雄房地產,/mob_verify/,1,1,1,1,37
(not set),20260828一輪播,預約賞屋手機驗證 - 遠雄房地產,/mob_verify/,1,1,1,1,17
fb / bh13,4,預約賞屋手機驗證 - 遠雄房地產,/mob_verify/,1,1,1,1,19
gdn / hm2,4-2pmax,預約賞屋手機驗證 - 遠雄房地產,/mob_verify/,1,1,2,2,6
gdn / hm2,6-1pmax,預約賞屋手機驗證 - 遠雄房地產,/mob_verify/,1,1,1,1,6
google / cpc,BH8-建案相關,預約賞屋手機驗證 - 遠雄房地產,/mob_verify/,1,1,1,1,18
google / cpc,O1_品牌字_2025.0801,預約賞屋手機驗證 - 遠雄房地產,/mob_verify/,1,1,1,1,4
google / cpc,RSH1-地區字,預約賞屋手機驗證 - 遠雄房地產,/mob_verify/,1,1,2,2,83
google / cpc,banqiao,預約賞屋手機驗證 - 遠雄房地產,/mob_verify/,1,1,1,1,15
google_kw / bh10,brand,預約賞屋手機驗證 - 遠雄房地產,/mob_verify/,1,1,1,1,22
google / cpc,brand0701,預約賞屋手機驗證 - 遠雄房地產,/mob_verify/,1,1,1,1,10
googlemap / (not set),eh1,預約賞屋手機驗證 - 遠雄房地產,/mob_verify/,1,1,1,1,27
fb / bh11,fanpagebutton,預約賞屋手機驗證 - 遠雄房地產,/mob_verify/,1,1,1,1,9
fb / o1,fb27-1,預約賞屋手機驗證 - 遠雄房地產,/mob_verify/,1,1,1,1,27
fb / bh8,fb28-2,預約賞屋手機驗證 - 遠雄房地產,/mob_verify/,1,1,1,1,15
fb / eh6,fb4-6,預約賞屋手機驗證 - 遠雄房地產,/mob_verify/,1,1,1,1,15
fb / eh6,fb6-2,預約賞屋手機驗證 - 遠雄房地產,/mob_verify/,1,1,1,1,21
fb / wdh2,fb7-2,預約賞屋手機驗證 - 遠雄房地產,/mob_verify/,1,1,1,1,11
socialmedia / eh6,fbeh6info,預約賞屋手機驗證 - 遠雄房地產,/mob_verify/,1,1,2,2,31
fb / rsh1,fbfanpage,預約賞屋手機驗證 - 遠雄房地產,/mob_verify/,1,1,1,1,16
fb / eh1,fbfanpage0328,預約賞屋手機驗證 - 遠雄房地產,/mob_verify/,1,1,1,1,26
fb / rsh1,fbfanpage0807,預約賞屋手機驗證 - 遠雄房地產,/mob_verify/,1,1,1,1,48
fb / eh5,form,預約賞屋手機驗證 - 遠雄房地產,/mob_verify/,1,1,1,1,179
google_kw / ah1,googlemap,預約賞屋手機驗證 - 遠雄房地產,/mob_verify/,1,1,1,1,13
google_kw / eh6,googlemap,預約賞屋手機驗證 - 遠雄房地產,/mob_verify/,1,1,1,1,16
web / fb2,googlemap,預約賞屋手機驗證 - 遠雄房地產,/mob_verify/,1,1,1,1,17
google / cpc,information2,預約賞屋手機驗證 - 遠雄房地產,/mob_verify/,1,1,1,1,19
google_kw / bh10,information8,預約賞屋手機驗證 - 遠雄房地產,/mob_verify/,1,1,2,2,11
line-lap / bh13,lap-2,預約賞屋手機驗證 - 遠雄房地產,/mob_verify/,1,1,1,1,28
google / cpc,lbs,預約賞屋手機驗證 - 遠雄房地產,/mob_verify/,1,1,1,1,15
fb / wdh2,lbs-sms202608,預約賞屋手機驗證 - 遠雄房地產,/mob_verify/,1,1,1,1,16
fb / bh5,leads,預約賞屋手機驗證 - 遠雄房地產,/mob_verify/,1,1,1,1,36
line / wdh2,lineqa,預約賞屋手機驗證 - 遠雄房地產,/mob_verify/,1,1,1,1,12
(not set),(not set),專屬會員｜遠房好友帳戶管理，提供專屬服務並可隨時諮詢客服,/my-account/,1,1,3,3,2
104.com.tw / referral,(referral),專屬會員｜遠房好友帳戶管理，提供專屬服務並可隨時諮詢客服,/my-account/,1,1,1,1,0
excel.officeapps.live.com / referral,(referral),專屬會員｜遠房好友帳戶管理，提供專屬服務並可隨時諮詢客服,/my-account/,1,1,2,2,15
farglory.com.tw / referral,(referral),專屬會員｜遠房好友帳戶管理，提供專屬服務並可隨時諮詢客服,/my-account/,1,1,2,2,5
m.facebook.com / referral,(referral),專屬會員｜遠房好友帳戶管理，提供專屬服務並可隨時諮詢客服,/my-account/,1,1,1,1,0
(not set),20260813一輪播,專屬會員｜遠房好友帳戶管理，提供專屬服務並可隨時諮詢客服,/my-account/,1,1,1,1,0
gdn / hm2,4-2pmax,專屬會員｜遠房好友帳戶管理，提供專屬服務並可隨時諮詢客服,/my-account/,1,1,2,2,6
gdn / hm2,6-1pmax,專屬會員｜遠房好友帳戶管理，提供專屬服務並可隨時諮詢客服,/my-account/,1,1,1,1,0
sms / aep-cdp,CRM-001-D,專屬會員｜遠房好友帳戶管理，提供專屬服務並可隨時諮詢客服,/my-account/,1,1,7,7,199
google / cpc,competitor,專屬會員｜遠房好友帳戶管理，提供專屬服務並可隨時諮詢客服,/my-account/,1,1,1,1,3
web / bh11,popup_ai_202608,專屬會員｜遠房好友帳戶管理，提供專屬服務並可隨時諮詢客服,/my-account/,1,1,3,3,77
picsee-domain / referral,www.fgrealty.tw,專屬會員｜遠房好友帳戶管理，提供專屬服務並可隨時諮詢客服,/my-account/,1,1,1,1,8
(direct) / (none),(direct),十一月主題報 - 遠雄房地產,/nov2024/,1,1,1,1,74
excel.officeapps.live.com / referral,(referral),2025十一月主題報 - 遠雄房地產,/nov2025/,1,1,1,1,0
(direct) / (none),(direct),"線上樣品屋,遠雄夏沐-線上接待中心",/online-visit,1,1,1,1,47
google / organic,(organic),遠雄夏沐-線上接待中心,/online-visit,1,1,1,1,0
google / organic,(organic),您正在找 - 頁2，共13 - 遠雄房地產,/page/2/,1,1,1,1,2
google / organic,(organic),您正在找 - 頁3，共13 - 遠雄房地產,/page/3/,1,1,2,2,4
(direct) / (none),(direct),遠雄房地產：最懂生活的購屋專家｜卓越建築品質，圓滿您的家,/page/3/,1,1,1,1,0
google / organic,(organic),您正在找 - 頁4，共13 - 遠雄房地產,/page/4/,1,1,1,1,7
web-udn / dgm1,web-udn0626,您正在找 - 頁4，共65 - 遠雄房地產,/page/4/,1,1,1,1,0
google / organic,(organic),您正在找 - 頁4，共8 - 遠雄房地產,/page/4/,1,1,1,1,1
google / cpc,(referral),台中七期．在夏綠地，典藏最優雅的【夏綠蒂】25-38坪,/pagead/aclk,1,1,1,1,31
google / organic,(organic),"平面圖集,遠雄夏沐-線上接待中心",/plan,1,1,6,6,82
line-lap / wdh2,line-lap4-3_600x400,(1) 封未讀訊息 | 守護個人資訊安全，一起保障您的隱私權益｜ 遠雄房地產,/privacy/,1,1,0,0,34
(data not available),(cross-network),守護個人資訊安全，一起保障您的隱私權益｜ 遠雄房地產,/privacy/,1,1,1,1,0
(not set),(not set),守護個人資訊安全，一起保障您的隱私權益｜ 遠雄房地產,/privacy/,1,1,1,1,4
google_kw / bh13,(organic),守護個人資訊安全，一起保障您的隱私權益｜ 遠雄房地產,/privacy/,1,1,1,1,0
access.line.me / referral,(referral),守護個人資訊安全，一起保障您的隱私權益｜ 遠雄房地產,/privacy/,1,1,1,1,0
fgrealty.tw / referral,(referral),守護個人資訊安全，一起保障您的隱私權益｜ 遠雄房地產,/privacy/,1,1,1,1,8
liff.line.me / referral,(referral),守護個人資訊安全，一起保障您的隱私權益｜ 遠雄房地產,/privacy/,1,1,1,1,0
line-lap / hm2,0602,守護個人資訊安全，一起保障您的隱私權益｜ 遠雄房地產,/privacy/,1,1,1,1,14
fb / bh13,1,守護個人資訊安全，一起保障您的隱私權益｜ 遠雄房地產,/privacy/,1,1,1,1,3
fb / paid,120241218501380402,守護個人資訊安全，一起保障您的隱私權益｜ 遠雄房地產,/privacy/,1,1,1,1,4
Line-lap / BH1,20210913,守護個人資訊安全，一起保障您的隱私權益｜ 遠雄房地產,/privacy/,1,1,1,1,3
google / cpc,20250616_北投士林豪宅/別墅,守護個人資訊安全，一起保障您的隱私權益｜ 遠雄房地產,/privacy/,1,1,1,1,19
google / cpc,20250918,守護個人資訊安全，一起保障您的隱私權益｜ 遠雄房地產,/privacy/,1,1,1,1,0
gdn / hm2,202602,守護個人資訊安全，一起保障您的隱私權益｜ 遠雄房地產,/privacy/,1,1,1,1,1
google_kw / 5vo1,202604,守護個人資訊安全，一起保障您的隱私權益｜ 遠雄房地產,/privacy/,1,1,1,1,4
line-lap / eh2,20260701C,守護個人資訊安全，一起保障您的隱私權益｜ 遠雄房地產,/privacy/,1,1,1,1,0
line-lap / 5vo1,7-5,守護個人資訊安全，一起保障您的隱私權益｜ 遠雄房地產,/privacy/,1,1,1,1,15
google / cpc,BH8-地區字,守護個人資訊安全，一起保障您的隱私權益｜ 遠雄房地產,/privacy/,1,1,1,1,1
google / cpc,beitun,守護個人資訊安全，一起保障您的隱私權益｜ 遠雄房地產,/privacy/,1,1,1,1,61
google_kw / bh10,competitor-farglory,守護個人資訊安全，一起保障您的隱私權益｜ 遠雄房地產,/privacy/,1,1,1,1,26
google / cpc,demand,守護個人資訊安全，一起保障您的隱私權益｜ 遠雄房地產,/privacy/,1,1,1,1,0
fgr-line / fgr,expert_zhu_tax-notice,守護個人資訊安全，一起保障您的隱私權益｜ 遠雄房地產,/privacy/,1,1,1,1,798
fb / o1,fb31-3,守護個人資訊安全，一起保障您的隱私權益｜ 遠雄房地產,/privacy/,1,1,1,1,17
fb / rsh1,fb5-5,守護個人資訊安全，一起保障您的隱私權益｜ 遠雄房地產,/privacy/,1,1,2,2,2
line-lap / eh6,fb5-7,守護個人資訊安全，一起保障您的隱私權益｜ 遠雄房地產,/privacy/,1,1,1,1,54
fb / wdh2,fb7-1,守護個人資訊安全，一起保障您的隱私權益｜ 遠雄房地產,/privacy/,1,1,1,1,2
fb / eh5,form,守護個人資訊安全，一起保障您的隱私權益｜ 遠雄房地產,/privacy/,1,1,4,4,0
google / cpc,gdn-dgc-stage,守護個人資訊安全，一起保障您的隱私權益｜ 遠雄房地產,/privacy/,1,1,1,1,4
google / cpc,information1,守護個人資訊安全，一起保障您的隱私權益｜ 遠雄房地產,/privacy/,1,1,1,1,4
google / cpc,information3,守護個人資訊安全，一起保障您的隱私權益｜ 遠雄房地產,/privacy/,1,1,1,1,32
google / cpc,information8,守護個人資訊安全，一起保障您的隱私權益｜ 遠雄房地產,/privacy/,1,1,40,40,2646
line-lap / bh13,lap-1,守護個人資訊安全，一起保障您的隱私權益｜ 遠雄房地產,/privacy/,1,1,1,1,9
fb / wdh2,lbs-sms202608,守護個人資訊安全，一起保障您的隱私權益｜ 遠雄房地產,/privacy/,1,1,1,1,5
fb / bh11,leads,守護個人資訊安全，一起保障您的隱私權益｜ 遠雄房地產,/privacy/,1,1,2,2,2
line-lap / wdh2,line-lap4-2,守護個人資訊安全，一起保障您的隱私權益｜ 遠雄房地產,/privacy/,1,1,1,1,0
line-lap / rsh1,line-lap4-2_600x400,守護個人資訊安全，一起保障您的隱私權益｜ 遠雄房地產,/privacy/,1,1,1,1,128
line-lap / wdh2,line-lap4-2_600x400,守護個人資訊安全，一起保障您的隱私權益｜ 遠雄房地產,/privacy/,1,1,1,1,30
fgr-line / eh6,listbutton,守護個人資訊安全，一起保障您的隱私權益｜ 遠雄房地產,/privacy/,1,1,1,1,1
google / cpc,othercities_brand,守護個人資訊安全，一起保障您的隱私權益｜ 遠雄房地產,/privacy/,1,1,1,1,0
web / dh2,popup_ai_202607,守護個人資訊安全，一起保障您的隱私權益｜ 遠雄房地產,/privacy/,1,1,1,1,4
fb / eh6,privacy,守護個人資訊安全，一起保障您的隱私權益｜ 遠雄房地產,/privacy/,1,1,1,1,2
(not set),20260813一輪播,找不到頁面 - 遠雄房地產,/q&A,1,1,2,2,0
(direct) / (none),(direct),"B7線上樣品屋,遠雄夏沐-線上接待中心",/room/explore/b3,1,1,1,1,1
google / organic,(organic),"B7線上樣品屋,遠雄夏沐-線上接待中心",/room/explore/b3,1,1,1,1,21
(direct) / (none),(direct),"B3立體格局圖,遠雄夏沐-線上接待中心",/room/model/b3,1,1,1,1,4
l.facebook.com / referral,(referral),遠雄建案-賞屋問卷 » SurveyCake Enterprise,/s/yvpMV,1,1,1,1,0
(direct) / (none),(direct),蕭文星業務個人介紹 - 聯上智科,/sales/5VO1/B2280/,1,1,1,1,0
(not set),(not set),蕭文星業務個人介紹 - 聯上智科,/sales/5VO1/B2280/,1,1,0,0,0
line-lap / 5vo1,7-1,蕭文星業務個人介紹 - 聯上智科,/sales/5VO1/B2280/,1,1,1,1,9
(not set),20260805一輪播,張寶容業務個人介紹 - 聯上智科,/sales/5VO1/G0389/,1,1,0,0,0
google_gdn / 5vo1,7-1,張寶容業務個人介紹 - 聯上智科,/sales/5VO1/G0389/,1,1,1,1,17
line-lap / 5vo1,7-1,張寶容業務個人介紹 - 聯上智科,/sales/5VO1/G0389/,1,1,1,1,2
(direct) / (none),(direct),遠雄房地產：最懂生活的購屋專家｜卓越建築品質，圓滿您的家,/sales/8FXZ01/B4978/,1,1,1,1,0
(direct) / (none),(direct),許美淑業務個人介紹 - 遠雄商用不動產(林口龜山),/sales/HM2/B1535/,1,1,1,1,13
google_kw / hm2,202603,許美淑業務個人介紹 - 遠雄商用不動產(林口龜山),/sales/HM2/B1535/,1,1,1,1,5
google_kw / hm2,202607,許美淑業務個人介紹 - 遠雄商用不動產(林口龜山),/sales/HM2/B1535/,1,1,1,1,13
gdn / hm2,6-1pmax,許美淑業務個人介紹 - 遠雄商用不動產(林口龜山),/sales/HM2/B1535/,1,1,1,1,0
(not set),20260805一輪播,(1) 封未讀訊息 | 邱俊鳴業務個人介紹 - 遠雄商用不動產(林口龜山),/sales/HM2/B2088/,1,1,0,0,0
(not set),(not set),邱俊鳴業務個人介紹 - 遠雄商用不動產(林口龜山),/sales/HM2/B2088/,1,1,1,1,11
gdn / hm2,0601GDN,邱俊鳴業務個人介紹 - 遠雄商用不動產(林口龜山),/sales/HM2/B2088/,1,1,1,1,46
gdn / hm2,0602GDN,邱俊鳴業務個人介紹 - 遠雄商用不動產(林口龜山),/sales/HM2/B2088/,1,1,2,2,0
(not set),20260805一輪播,邱俊鳴業務個人介紹 - 遠雄商用不動產(林口龜山),/sales/HM2/B2088/,1,1,0,0,0
google_kw / hm2,202603,梁瑞麟業務個人介紹 - 遠雄商用不動產(林口龜山),/sales/HM2/B5624/,1,1,1,1,18
google_kw / hm2,202607,梁瑞麟業務個人介紹 - 遠雄商用不動產(林口龜山),/sales/HM2/B5624/,1,1,1,1,4
google / organic,(organic),詹婷婷業務個人介紹 - 遠雄商用不動產(林口龜山),/sales/HM2/G0531/,1,1,1,1,18
fb / hm2,0702,詹婷婷業務個人介紹 - 遠雄商用不動產(林口龜山),/sales/HM2/G0531/,1,1,1,1,3
print / 掃說明書QR CODE對應,hm2,詹婷婷業務個人介紹 - 遠雄商用不動產(林口龜山),/sales/HM2/G0531/,1,1,2,2,9
(direct) / (none),(direct),張益捷業務個人介紹 - 遠雄商用不動產(林口龜山),/sales/HM2/G0631/,1,1,1,1,0
gdn / hm2,202602,張益捷業務個人介紹 - 遠雄商用不動產(林口龜山),/sales/HM2/G0631/,1,1,1,1,3
google_kw / hm2,sitelink,張益捷業務個人介紹 - 遠雄商用不動產(林口龜山),/sales/HM2/G0631/,1,1,1,1,0
(direct) / (none),(direct),洪瑞鴻業務個人介紹 - 遠雄商用不動產(林口龜山),/sales/HM2/G0642/,1,1,1,1,10
gdn / hm2,202602,洪瑞鴻業務個人介紹 - 遠雄商用不動產(林口龜山),/sales/HM2/G0642/,1,1,1,1,10
google_kw / hm2,202603,陳榮慶業務個人介紹 - 遠雄商用不動產(林口龜山),/sales/HM2/G0798/,1,1,1,1,0
google / organic,(organic),薛品涵業務個人介紹 - 遠雄THE ONE,/sales/O1/B4860/,1,1,1,1,5
google / cpc,O1_特色字_2025.0801,薛品涵業務個人介紹 - 遠雄THE ONE,/sales/O1/B4860/,1,1,1,1,11
fb / o1,fb27-1,薛品涵業務個人介紹 - 遠雄THE ONE,/sales/O1/B4860/,1,1,1,1,0
google / organic,(organic),馬一鳴業務個人介紹 - 遠雄THE ONE,/sales/O1/B5948/,1,1,1,1,9
google / cpc,O1_特色字_2025.0801,馬一鳴業務個人介紹 - 遠雄THE ONE,/sales/O1/B5948/,1,1,1,1,7
(not set),(not set),蔡慧祈業務個人介紹 - 遠雄THE ONE,/sales/O1/G1052/,1,1,0,0,0
fb / o1,fb27-1,蔡慧祈業務個人介紹 - 遠雄THE ONE,/sales/O1/G1052/,1,1,1,1,1
(direct) / (none),(direct),蘇美惠業務個人介紹 - 遠雄THE ONE,/sales/O1/G1126/,1,1,1,1,67
google / cpc,O1_品牌字_2025.0801,蘇美惠業務個人介紹 - 遠雄THE ONE,/sales/O1/G1126/,1,1,1,1,3
google / organic,(organic),呂昭助業務個人介紹 - 遠雄明玥,/sales/ah1/B5030/,1,1,1,1,5
google / organic,(organic),周繹加業務個人介紹 - 遠雄明玥,/sales/ah1/B5654/,1,1,1,1,2
google / organic,(organic),鄭家昇業務個人介紹 - 遠雄明玥,/sales/ah1/B5805/,1,1,1,1,0
fb / ah1,ettoday,鄭家昇業務個人介紹 - 遠雄明玥,/sales/ah1/B5805/,1,1,1,1,3
google / organic,(organic),趙偉傑業務個人介紹 - 遠雄明玥,/sales/ah1/G0106/,1,1,1,1,5
(not set),(not set),陳怡靜業務個人介紹 - 遠雄明玥,/sales/ah1/G0116/,1,1,0,0,0
fb / ah1,ettoday,陳怡靜業務個人介紹 - 遠雄明玥,/sales/ah1/G0116/,1,1,2,2,1
(direct) / (none),(direct),林育騏業務個人介紹 - 遠雄明玥,/sales/ah1/G0117/,1,1,1,1,13
ig / paid,120241218501380402,林育騏業務個人介紹 - 遠雄明玥,/sales/ah1/G0117/,1,1,2,2,0
fb / ah1,ettoday,林育騏業務個人介紹 - 遠雄明玥,/sales/ah1/G0117/,1,1,1,1,2
leju / ah2,lejupage,林育騏業務個人介紹 - 遠雄明玥,/sales/ah1/G0117/,1,1,1,1,17
google / organic,(organic),蔡定誠業務個人介紹 - 遠雄泱玥,/sales/ah2/B4720/,1,1,1,1,12
fb / paid,120210867110050402,蔡定誠業務個人介紹 - 遠雄泱玥,/sales/ah2/B4720/,1,1,1,1,0
(not set),20260805一輪播,蔡定誠業務個人介紹 - 遠雄泱玥,/sales/ah2/B4720/,1,1,1,1,10
google / organic,(organic),鍾坤霖業務個人介紹 - 齊興緻,/sales/ar1/B2509/,1,1,1,1,3
web-edm / friends,20260821,林白芷業務個人介紹 - 齊興緻,/sales/ar1/B3622/,1,1,1,1,14
fb / ar1,fb15-1,林白芷業務個人介紹 - 齊興緻,/sales/ar1/B3622/,1,1,1,1,0
google / organic,(organic),吳若榆業務個人介紹 - 齊興緻,/sales/ar1/B4125/,1,1,2,2,32
fb / ar1,fb14-2,吳若榆業務個人介紹 - 齊興緻,/sales/ar1/B4125/,1,1,1,1,1
(direct) / (none),(direct),邱美鈴業務個人介紹 - 齊興緻,/sales/ar1/B5758/,1,1,1,1,8
google / cpc,20250616_品牌字,邱美鈴業務個人介紹 - 齊興緻,/sales/ar1/B5758/,1,1,1,1,1
fb / ar1,fb13-2,邱美鈴業務個人介紹 - 齊興緻,/sales/ar1/B5758/,1,1,2,2,24
google / cpc,20250616_品牌字,陳驊廷業務個人介紹 - 齊興緻,/sales/ar1/G0141/,1,1,1,1,1
fb / ar1,fb13-2,陳驊廷業務個人介紹 - 齊興緻,/sales/ar1/G0141/,1,1,2,2,4
google / organic,(organic),呂柔誼業務個人介紹 - 齊興緻,/sales/ar1/G0155/,1,1,1,1,24
google / cpc,20250616_品牌字,呂柔誼業務個人介紹 - 齊興緻,/sales/ar1/G0155/,1,1,1,1,3
google / organic,(organic),林怡業務個人介紹 - 遠雄敦富,/sales/bh10/B5578/,1,1,1,1,8
ig / paid,120233718740630316,林怡業務個人介紹 - 遠雄敦富,/sales/bh10/B5578/,1,1,1,1,4
google_kw / bh10,brand,林怡業務個人介紹 - 遠雄敦富,/sales/bh10/B5578/,1,1,1,1,0
google_kw / bh10,competitor-developer,林怡業務個人介紹 - 遠雄敦富,/sales/bh10/B5578/,1,1,1,1,0
fb / bh10,fb20268-1,林怡業務個人介紹 - 遠雄敦富,/sales/bh10/B5578/,1,1,1,1,5
fb / bh10,fbfanpage1212,林怡業務個人介紹 - 遠雄敦富,/sales/bh10/B5578/,1,1,1,1,0
(direct) / (none),(direct),謝欣學業務個人介紹 - 遠雄敦富,/sales/bh10/B5736/,1,1,1,1,3
ig / paid,120233718740630316,謝欣學業務個人介紹 - 遠雄敦富,/sales/bh10/B5736/,1,1,1,1,2
fb / bh10,fbfanpage,謝欣學業務個人介紹 - 遠雄敦富,/sales/bh10/B5736/,1,1,1,1,22
fb / bh10,fbfanpage1212,謝欣學業務個人介紹 - 遠雄敦富,/sales/bh10/B5736/,1,1,1,1,0
(direct) / (none),(direct),(1) 封未讀訊息 | 李心心業務個人介紹 - 遠雄敦富,/sales/bh10/G0599/,1,1,0,0,9
(direct) / (none),(direct),李心心業務個人介紹 - 遠雄敦富,/sales/bh10/G0599/,1,1,1,1,1
google / organic,(organic),李心心業務個人介紹 - 遠雄敦富,/sales/bh10/G0599/,1,1,1,1,6
google_kw / bh10,brand-generic,李心心業務個人介紹 - 遠雄敦富,/sales/bh10/G0599/,1,1,1,1,11
fb / bh10,fbfanpage1212,李心心業務個人介紹 - 遠雄敦富,/sales/bh10/G0599/,1,1,1,1,0
google / organic,(organic),王庭歡業務個人介紹 - 遠雄敦富,/sales/bh10/G1057/,1,1,1,1,6
(not set),20260429一輪播,王庭歡業務個人介紹 - 遠雄敦富,/sales/bh10/G1057/,1,1,1,1,14
google_kw / bh10,competitor-farglory,王庭歡業務個人介紹 - 遠雄敦富,/sales/bh10/G1057/,1,1,1,1,1
(direct) / (none),(direct),洪健倫業務個人介紹 - 遠雄丰尚,/sales/bh11/G0962/,1,1,1,1,12
web-sms / bh11,CRM-304-D,洪健倫業務個人介紹 - 遠雄丰尚,/sales/bh11/G0962/,1,1,1,1,21
google / cpc,information2,洪健倫業務個人介紹 - 遠雄丰尚,/sales/bh11/G0962/,1,1,2,2,91
(direct) / (none),(direct),林筱茹業務個人介紹 - 遠雄丰尚,/sales/bh11/G0992/,1,1,1,1,5
(direct) / (none),(direct),簡宇婕業務個人介紹 - 遠雄丰尚,/sales/bh11/G0993/,1,1,1,1,3
fb / bh11,6-3,簡宇婕業務個人介紹 - 遠雄丰尚,/sales/bh11/G0993/,1,1,1,1,2
web-sms / bh11,CRM-304-D,簡宇婕業務個人介紹 - 遠雄丰尚,/sales/bh11/G0993/,1,1,1,1,12
google / cpc,competitor0701,簡宇婕業務個人介紹 - 遠雄丰尚,/sales/bh11/G0993/,1,1,1,1,4
google / cpc,corearea0701,簡宇婕業務個人介紹 - 遠雄丰尚,/sales/bh11/G0993/,1,1,1,1,9
fb / bh7,fbpage,簡宇婕業務個人介紹 - 遠雄丰尚,/sales/bh11/G0993/,1,1,1,1,7
fb / bh11,leads,簡宇婕業務個人介紹 - 遠雄丰尚,/sales/bh11/G0993/,1,1,1,1,0
(direct) / (none),(direct),賴昭霖業務個人介紹 - 遠雄夏綠蒂,/sales/bh13/G1312/,1,1,1,1,6
google_kw / bh5,(not set),賴昭霖業務個人介紹 - 遠雄夏綠蒂,/sales/bh13/G1312/,1,1,1,1,9
fb / bh13,11,賴昭霖業務個人介紹 - 遠雄夏綠蒂,/sales/bh13/G1312/,1,1,1,1,19
fb / bh13,120242182236150678,賴昭霖業務個人介紹 - 遠雄夏綠蒂,/sales/bh13/G1312/,1,1,1,1,0
ig / social,ig,賴昭霖業務個人介紹 - 遠雄夏綠蒂,/sales/bh13/G1312/,1,1,1,1,0
(direct) / (none),(direct),吳珮綺業務個人介紹 - 遠雄樂元,/sales/bh7/B5891/,1,1,1,1,9
bing / organic,(organic),吳珮綺業務個人介紹 - 遠雄樂元,/sales/bh7/B5891/,1,1,1,1,6
l.facebook.com / referral,(referral),吳珮綺業務個人介紹 - 遠雄樂元,/sales/bh7/B5891/,1,1,1,1,0
tw.search.yahoo.com / referral,(referral),吳珮綺業務個人介紹 - 遠雄樂元,/sales/bh7/B5891/,1,1,1,1,8
fb / paid,120229486716970138,吳珮綺業務個人介紹 - 遠雄樂元,/sales/bh7/B5891/,1,1,1,1,0
ig / paid,120233718740630316,吳珮綺業務個人介紹 - 遠雄樂元,/sales/bh7/B5891/,1,1,4,4,45
(not set),20260805一輪播,吳珮綺業務個人介紹 - 遠雄樂元,/sales/bh7/B5891/,1,1,1,1,2
ig / paid,120233718740630316,林芸安業務個人介紹 - 遠雄樂元,/sales/bh7/B6129/,1,1,2,2,16
(not set),20260805一輪播,林芸安業務個人介紹 - 遠雄樂元,/sales/bh7/B6129/,1,1,2,2,18
google / cpc,brand,林芸安業務個人介紹 - 遠雄樂元,/sales/bh7/B6129/,1,1,1,1,35
(direct) / (none),(direct),魏祥桐業務個人介紹 - 遠雄樂元,/sales/bh7/G0306/,1,1,1,1,0
(direct) / (none),(direct),林侑立業務個人介紹 - 遠雄樂元,/sales/bh7/G0526/,1,1,1,1,0
bing / organic,(organic),黃語璇業務個人介紹 - 遠雄樂元,/sales/bh7/G0990/,1,1,1,1,10
tw.search.yahoo.com / referral,(referral),黃語璇業務個人介紹 - 遠雄樂元,/sales/bh7/G0990/,1,1,1,1,4
ig / paid,120233718740630316,黃語璇業務個人介紹 - 遠雄樂元,/sales/bh7/G0990/,1,1,2,2,26
(not set),20260805一輪播,黃語璇業務個人介紹 - 遠雄樂元,/sales/bh7/G0990/,1,1,1,1,3
fb / bh7,31,黃語璇業務個人介紹 - 遠雄樂元,/sales/bh7/G0990/,1,1,1,1,17
(direct) / (none),(direct),吳函蓉業務個人介紹 - 遠雄樂元,/sales/bh7/G1220/,1,1,1,1,3
tw.search.yahoo.com / referral,(referral),吳函蓉業務個人介紹 - 遠雄樂元,/sales/bh7/G1220/,1,1,1,1,3
ig / paid,120233718740630316,吳函蓉業務個人介紹 - 遠雄樂元,/sales/bh7/G1220/,1,1,1,1,2
google_kw / bh13,(organic),劉凡瑄業務個人介紹 - 遠雄樂元,/sales/bh7/G1278/,1,1,1,1,13
tw.search.yahoo.com / referral,(referral),劉凡瑄業務個人介紹 - 遠雄樂元,/sales/bh7/G1278/,1,1,1,1,6
ig / paid,120233718740630316,劉凡瑄業務個人介紹 - 遠雄樂元,/sales/bh7/G1278/,1,1,2,2,26
(not set),20260805一輪播,劉凡瑄業務個人介紹 - 遠雄樂元,/sales/bh7/G1278/,1,1,1,1,0
fb / bh7,31,劉凡瑄業務個人介紹 - 遠雄樂元,/sales/bh7/G1278/,1,1,1,1,41
(direct) / (none),(direct),黃洛瑋業務個人介紹 - 遠雄洄山行,/sales/bh8/G0406/,1,1,1,1,14
line / bh8,20260710-line,黃洛瑋業務個人介紹 - 遠雄洄山行,/sales/bh8/G0406/,1,1,1,1,1
google / cpc,BH8-地區字,黃洛瑋業務個人介紹 - 遠雄洄山行,/sales/bh8/G0406/,1,1,1,1,2
google / cpc,BH8-競品字,黃洛瑋業務個人介紹 - 遠雄洄山行,/sales/bh8/G0406/,1,1,1,1,28
google_kw / bh10,competitor-farglory,黃洛瑋業務個人介紹 - 遠雄洄山行,/sales/bh8/G0406/,1,1,1,1,10
google / organic,(organic),郭佳莉業務個人介紹 - 都美大河商爵,/sales/dgm1/B4978/,1,1,1,1,7
google / cpc,gdn-dgc-manufacturing,郭佳莉業務個人介紹 - 都美大河商爵,/sales/dgm1/B4978/,1,1,1,1,51
(direct) / (none),(direct),郭紀懋業務個人介紹 - 都美大河商爵,/sales/dgm1/B6026/,1,1,2,2,0
google / cpc,brand,郭紀懋業務個人介紹 - 都美大河商爵,/sales/dgm1/B6026/,1,1,1,1,3
google / cpc,information3,郭紀懋業務個人介紹 - 都美大河商爵,/sales/dgm1/B6026/,1,1,1,1,106
google / cpc,information6,郭紀懋業務個人介紹 - 都美大河商爵,/sales/dgm1/B6026/,1,1,1,1,10
(data not available),(cross-network),蔡明昌業務個人介紹 - 都美大河商爵,/sales/dgm1/G0048/,1,1,1,1,0
(direct) / (none),(direct),蔡明昌業務個人介紹 - 都美大河商爵,/sales/dgm1/G0048/,1,1,1,1,0
(data not available),(cross-network),莊皓為業務個人介紹 - 都美大河商爵,/sales/dgm1/G0742/,1,1,1,1,4
google / organic,(organic),莊皓為業務個人介紹 - 都美大河商爵,/sales/dgm1/G0742/,1,1,1,1,15
google / cpc,brand,莊皓為業務個人介紹 - 都美大河商爵,/sales/dgm1/G0742/,1,1,1,1,6
google / cpc,information3,莊皓為業務個人介紹 - 都美大河商爵,/sales/dgm1/G0742/,1,1,3,3,29
google / organic,(organic),王派克業務個人介紹 - 都美大河商爵,/sales/dgm1/G0743/,1,1,1,1,24
google / cpc,brand,王派克業務個人介紹 - 都美大河商爵,/sales/dgm1/G0743/,1,1,1,1,3
google / organic,(organic),蔡旻芮業務個人介紹 - 遠雄山禾,/sales/dh2/B6132/,1,1,2,2,5
google / cpc,brand,王韻涵業務個人介紹 - 遠雄山禾,/sales/dh2/G0275/,1,1,1,1,11
fb / dh2,fb-53,王韻涵業務個人介紹 - 遠雄山禾,/sales/dh2/G0275/,1,1,1,1,10
fb / dh2,fb-62,王韻涵業務個人介紹 - 遠雄山禾,/sales/dh2/G0275/,1,1,1,1,3
fb / dh2,leads,王韻涵業務個人介紹 - 遠雄山禾,/sales/dh2/G0275/,1,1,1,1,40
(direct) / (none),(direct),黃容筠業務個人介紹 - 遠雄山禾,/sales/dh2/G0936/,1,1,1,1,0
(not set),20260805一輪播,黃容筠業務個人介紹 - 遠雄山禾,/sales/dh2/G0936/,1,1,1,1,4
fb / dh2,leads,黃容筠業務個人介紹 - 遠雄山禾,/sales/dh2/G0936/,1,1,1,1,0
(direct) / (none),(direct),張津瑞業務個人介紹 - 遠雄蘊合,/sales/dh6/B6045/,1,1,1,1,4
fb / dh6,1,張津瑞業務個人介紹 - 遠雄蘊合,/sales/dh6/B6045/,1,1,2,2,2
ig / paid,120241965207070634,張津瑞業務個人介紹 - 遠雄蘊合,/sales/dh6/B6045/,1,1,1,1,14
fb / paid,120250075988070316,張津瑞業務個人介紹 - 遠雄蘊合,/sales/dh6/B6045/,1,1,1,1,0
news / dh6,202606,張津瑞業務個人介紹 - 遠雄蘊合,/sales/dh6/B6045/,1,1,1,1,5
fgr-line / dh6,listbutton,張津瑞業務個人介紹 - 遠雄蘊合,/sales/dh6/B6045/,1,1,1,1,3
fb / dh6,1,劉佳玲業務個人介紹 - 遠雄蘊合,/sales/dh6/G0600/,1,1,1,1,0
fb / dh6,12,劉佳玲業務個人介紹 - 遠雄蘊合,/sales/dh6/G0600/,1,1,1,1,0
fb / paid,120250075988070316,劉佳玲業務個人介紹 - 遠雄蘊合,/sales/dh6/G0600/,1,1,1,1,3
(not set),20260813一輪播,劉佳玲業務個人介紹 - 遠雄蘊合,/sales/dh6/G0600/,1,1,0,0,0
google / cpc,demand,劉佳玲業務個人介紹 - 遠雄蘊合,/sales/dh6/G0600/,1,1,1,1,6
l.facebook.com / referral,(referral),許瑀秦業務個人介紹 - 遠雄蘊合,/sales/dh6/G1191/,1,1,1,1,15
line-lap / dh6,1,許瑀秦業務個人介紹 - 遠雄蘊合,/sales/dh6/G1191/,1,1,2,2,15
fb / dh6,12,許瑀秦業務個人介紹 - 遠雄蘊合,/sales/dh6/G1191/,1,1,1,1,3
fb / paid,120241579219260634,許瑀秦業務個人介紹 - 遠雄蘊合,/sales/dh6/G1191/,1,1,1,1,14
fb / paid,120250075988070316,許瑀秦業務個人介紹 - 遠雄蘊合,/sales/dh6/G1191/,1,1,1,1,16
ig / paid,120250075988070316,許瑀秦業務個人介紹 - 遠雄蘊合,/sales/dh6/G1191/,1,1,1,1,5
news / dh6,202606,許瑀秦業務個人介紹 - 遠雄蘊合,/sales/dh6/G1191/,1,1,1,1,11
line-lap / eh2,20260701B,許瑀秦業務個人介紹 - 遠雄蘊合,/sales/dh6/G1191/,1,1,1,1,43
(not set),20260813一輪播,許瑀秦業務個人介紹 - 遠雄蘊合,/sales/dh6/G1191/,1,1,1,1,9
(not set),20260828一輪播,許瑀秦業務個人介紹 - 遠雄蘊合,/sales/dh6/G1191/,1,1,1,1,7
google / cpc,demand,許瑀秦業務個人介紹 - 遠雄蘊合,/sales/dh6/G1191/,1,1,1,1,11
fb / eh6,form,許瑀秦業務個人介紹 - 遠雄蘊合,/sales/dh6/G1191/,1,1,1,1,66
google / cpc,lbs,許瑀秦業務個人介紹 - 遠雄蘊合,/sales/dh6/G1191/,1,1,1,1,1
fgr-line / dh6,listbutton,許瑀秦業務個人介紹 - 遠雄蘊合,/sales/dh6/G1191/,1,1,1,1,6
l.facebook.com / referral,(referral),王薇筑業務個人介紹 - 遠雄蘊合,/sales/dh6/G1237/,1,1,1,1,1
fb / dh6,1,王薇筑業務個人介紹 - 遠雄蘊合,/sales/dh6/G1237/,1,1,1,1,0
fb / paid,120250075988070316,王薇筑業務個人介紹 - 遠雄蘊合,/sales/dh6/G1237/,1,1,1,1,4
news / dh6,202606,王薇筑業務個人介紹 - 遠雄蘊合,/sales/dh6/G1237/,1,1,1,1,29
line-lap / eh2,20260701B,王薇筑業務個人介紹 - 遠雄蘊合,/sales/dh6/G1237/,1,1,1,1,12
google / cpc,competing,王薇筑業務個人介紹 - 遠雄蘊合,/sales/dh6/G1237/,1,1,1,1,7
google_kw / dh6,googlemap,王薇筑業務個人介紹 - 遠雄蘊合,/sales/dh6/G1237/,1,1,1,1,9
google / cpc,lbs,王薇筑業務個人介紹 - 遠雄蘊合,/sales/dh6/G1237/,1,1,1,1,30
fgr-line / dh6,listbutton,王薇筑業務個人介紹 - 遠雄蘊合,/sales/dh6/G1237/,1,1,1,1,12
(direct) / (none),(direct),黃柔銘業務個人介紹 - 遠雄峰蘊,/sales/eh1/B3500/,1,1,1,1,16
google / organic,(organic),黃柔銘業務個人介紹 - 遠雄峰蘊,/sales/eh1/B3500/,1,1,1,1,2
google_kw / bh13,(organic),黃柔銘業務個人介紹 - 遠雄峰蘊,/sales/eh1/B3500/,1,1,1,1,3
google / cpc,brand,黃柔銘業務個人介紹 - 遠雄峰蘊,/sales/eh1/B3500/,1,1,1,1,11
(direct) / (none),(direct),李芊儀業務個人介紹 - 遠雄峰蘊,/sales/eh1/G0595/,1,1,1,1,12
google / organic,(organic),李芊儀業務個人介紹 - 遠雄峰蘊,/sales/eh1/G0595/,1,1,1,1,5
google_kw / bh13,(organic),李芊儀業務個人介紹 - 遠雄峰蘊,/sales/eh1/G0595/,1,1,1,1,2
google / cpc,Sanmin,李芊儀業務個人介紹 - 遠雄峰蘊,/sales/eh1/G0595/,1,1,1,1,16
google / organic,(organic),(1) 封未讀訊息 | 趙翌君業務個人介紹 - 遠雄峰蘊,/sales/eh1/G1244/,1,1,0,0,4
google_kw / bh13,(organic),趙翌君業務個人介紹 - 遠雄峰蘊,/sales/eh1/G1244/,1,1,1,1,9
google / cpc,brand,趙翌君業務個人介紹 - 遠雄峰蘊,/sales/eh1/G1244/,1,1,1,1,8
google / organic,(organic),(1) 封未讀訊息 | 張延瑛業務個人介紹 - 遠雄峰蘊,/sales/eh1/G1389/,1,1,0,0,17
line-lap / eh2,20260701C,洪梓芸業務個人介紹 - 遠雄一靚,/sales/eh2/B5986/,1,1,1,1,3
google_kw / bh13,(organic),陳澤韋業務個人介紹 - 遠雄一靚,/sales/eh2/G0243/,1,1,1,1,7
line-lap / eh2,20260701A,陳澤韋業務個人介紹 - 遠雄一靚,/sales/eh2/G0243/,1,1,1,1,30
google / cpc,brand,陳澤韋業務個人介紹 - 遠雄一靚,/sales/eh2/G0243/,1,1,2,2,11
google_kw / bh13,(organic),蔡景宇業務個人介紹 - 遠雄一靚,/sales/eh2/G0855/,1,1,1,1,6
google / cpc,brand,蔡景宇業務個人介紹 - 遠雄一靚,/sales/eh2/G0855/,1,1,1,1,19
fb / eh2,leads,蔡景宇業務個人介紹 - 遠雄一靚,/sales/eh2/G0855/,1,1,1,1,0
google / organic,(organic),陳灝業務個人介紹 - 遠雄一靚,/sales/eh2/G1010/,1,1,1,1,20
line-lap / eh2,20260701A,陳灝業務個人介紹 - 遠雄一靚,/sales/eh2/G1010/,1,1,1,1,6
line-lap / eh2,20260701C,陳灝業務個人介紹 - 遠雄一靚,/sales/eh2/G1010/,1,1,1,1,17
google_kw / bh13,(organic),楊珈郡業務個人介紹 - 遠雄一靚,/sales/eh2/G1239/,1,1,1,1,2
tw.search.yahoo.com / referral,(referral),楊珈郡業務個人介紹 - 遠雄一靚,/sales/eh2/G1239/,1,1,1,1,11
line-lap / eh2,20260701A,楊珈郡業務個人介紹 - 遠雄一靚,/sales/eh2/G1239/,1,1,1,1,37
google / cpc,brand,楊珈郡業務個人介紹 - 遠雄一靚,/sales/eh2/G1239/,1,1,1,1,76
fb / eh2,fb18-1,楊珈郡業務個人介紹 - 遠雄一靚,/sales/eh2/G1239/,1,1,1,1,30
google / cpc,pmax,楊珈郡業務個人介紹 - 遠雄一靚,/sales/eh2/G1239/,1,1,1,1,2
bing / organic,(organic),范亦萱業務個人介紹 - 遠雄沐蘊,/sales/eh5/G0309/,1,1,1,1,3
google / organic,(organic),范亦萱業務個人介紹 - 遠雄沐蘊,/sales/eh5/G0309/,1,1,1,1,10
farglory.com.tw / referral,(referral),范亦萱業務個人介紹 - 遠雄沐蘊,/sales/eh5/G0309/,1,1,1,1,0
(not set),20260828一輪播,戴維民業務個人介紹 - 遠雄沐蘊,/sales/eh5/G0596/,1,1,1,1,11
google / organic,(organic),鄭喨予業務個人介紹 - 遠雄沐蘊,/sales/eh5/G0598/,1,1,1,1,8
(not set),20260813一輪播,鄭喨予業務個人介紹 - 遠雄沐蘊,/sales/eh5/G0598/,1,1,0,0,4
fb / eh5,fb34-2,鄭喨予業務個人介紹 - 遠雄沐蘊,/sales/eh5/G0598/,1,1,1,1,0
google / organic,(organic),翁毓雯業務個人介紹 - 遠雄沐蘊,/sales/eh5/G0816/,1,1,0,0,88
google / cpc,area,翁毓雯業務個人介紹 - 遠雄沐蘊,/sales/eh5/G0816/,1,1,1,1,4
fb / eh5,fb37-8,翁毓雯業務個人介紹 - 遠雄沐蘊,/sales/eh5/G0816/,1,1,1,1,0
(not set),20260805一輪播,李之雅業務個人介紹 - 遠雄沐蘊,/sales/eh5/G0918/,1,1,1,1,2
google / organic,(organic),陳雅清業務個人介紹 - 遠雄沐蘊,/sales/eh5/G1249/,1,1,2,2,33
google / organic,(organic),于彩玲業務個人介紹 - 遠雄蘴靚,/sales/eh6/B1985/,1,1,1,1,4
google / cpc,XXXX,于彩玲業務個人介紹 - 遠雄蘴靚,/sales/eh6/B1985/,1,1,1,1,1
fb / eh6,fb4-3,于彩玲業務個人介紹 - 遠雄蘴靚,/sales/eh6/B1985/,1,1,1,1,0
google / organic,(organic),吳盈諦業務個人介紹 - 遠雄蘴靚,/sales/eh6/B4921/,1,1,1,1,3
liff.line.me / referral,(referral),吳盈諦業務個人介紹 - 遠雄蘴靚,/sales/eh6/B4921/,1,1,1,1,11
(not set),20260813一輪播,吳盈諦業務個人介紹 - 遠雄蘴靚,/sales/eh6/B4921/,1,1,1,1,12
fb / eh6,form,吳盈諦業務個人介紹 - 遠雄蘴靚,/sales/eh6/B4921/,1,1,1,1,2
google / cpc,area,(1) 封未讀訊息 | 許芳榕業務個人介紹 - 遠雄蘴靚,/sales/eh6/G0179/,1,1,0,0,7
google / organic,(organic),許芳榕業務個人介紹 - 遠雄蘴靚,/sales/eh6/G0179/,1,1,1,1,2
liff.line.me / referral,(referral),許芳榕業務個人介紹 - 遠雄蘴靚,/sales/eh6/G0179/,1,1,1,1,4
(not set),20260805一輪播,許芳榕業務個人介紹 - 遠雄蘴靚,/sales/eh6/G0179/,1,1,1,1,0
google / cpc,area,許芳榕業務個人介紹 - 遠雄蘴靚,/sales/eh6/G0179/,1,1,1,1,3
liff.line.me / referral,(referral),楊倩如業務個人介紹 - 遠雄蘴靚,/sales/eh6/G0259/,1,1,3,3,98
(not set),20260805一輪播,楊倩如業務個人介紹 - 遠雄蘴靚,/sales/eh6/G0259/,1,1,1,1,4
(not set),20260813一輪播,楊倩如業務個人介紹 - 遠雄蘴靚,/sales/eh6/G0259/,1,1,0,0,0
google / cpc,area,楊倩如業務個人介紹 - 遠雄蘴靚,/sales/eh6/G0259/,1,1,2,2,51
google / cpc,brand,楊倩如業務個人介紹 - 遠雄蘴靚,/sales/eh6/G0259/,1,1,1,1,24
web / bh11,popup_ai_202608,楊倩如業務個人介紹 - 遠雄蘴靚,/sales/eh6/G0259/,1,1,1,1,15
google / cpc,area,(1) 封未讀訊息 | 郭立涵業務個人介紹 - 遠雄蘴靚,/sales/eh6/G1292/,1,1,0,0,10
(not set),(not set),郭立涵業務個人介紹 - 遠雄蘴靚,/sales/eh6/G1292/,1,1,0,0,0
(not set),20260813一輪播,郭立涵業務個人介紹 - 遠雄蘴靚,/sales/eh6/G1292/,1,1,1,1,6
fb / eh6,fb4-3,郭立涵業務個人介紹 - 遠雄蘴靚,/sales/eh6/G1292/,1,1,1,1,2
fb / eh6,fb5-2,郭立涵業務個人介紹 - 遠雄蘴靚,/sales/eh6/G1292/,1,1,1,1,6
google_kw / eh6,googlemap,郭立涵業務個人介紹 - 遠雄蘴靚,/sales/eh6/G1292/,1,1,1,1,3
web / bh11,popup_ai_202608,郭立涵業務個人介紹 - 遠雄蘴靚,/sales/eh6/G1292/,1,1,1,1,19
google / cpc,type,郭立涵業務個人介紹 - 遠雄蘴靚,/sales/eh6/G1292/,1,1,1,1,4
liff.line.me / referral,(referral),游柏睿業務個人介紹 - 遠雄蘴靚,/sales/eh6/G1299/,1,1,1,1,1
liff.line.me / referral,(referral),柴銘竣業務個人介紹 - 遠雄蘴靚,/sales/eh6/G1300/,1,1,2,2,13
(not set),20260813一輪播,柴銘竣業務個人介紹 - 遠雄蘴靚,/sales/eh6/G1300/,1,1,3,3,70
google / cpc,area,柴銘竣業務個人介紹 - 遠雄蘴靚,/sales/eh6/G1300/,1,1,1,1,14
fb / eh6,fb4-2,柴銘竣業務個人介紹 - 遠雄蘴靚,/sales/eh6/G1300/,1,1,1,1,21
fb / eh6,fb4-3,柴銘竣業務個人介紹 - 遠雄蘴靚,/sales/eh6/G1300/,1,1,1,1,3
line-lap / eh6,fb5-4,柴銘竣業務個人介紹 - 遠雄蘴靚,/sales/eh6/G1300/,1,1,1,1,3
fb / eh6,form,柴銘竣業務個人介紹 - 遠雄蘴靚,/sales/eh6/G1300/,1,1,1,1,0
google / cpc,area,(1) 封未讀訊息 | 康祖儀業務個人介紹 - 遠雄蘴靚,/sales/eh6/G1329/,1,1,0,0,10
liff.line.me / referral,(referral),康祖儀業務個人介紹 - 遠雄蘴靚,/sales/eh6/G1329/,1,1,1,1,4
google / cpc,brand,康祖儀業務個人介紹 - 遠雄蘴靚,/sales/eh6/G1329/,1,1,1,1,8
fb / eh6,fb4-3,康祖儀業務個人介紹 - 遠雄蘴靚,/sales/eh6/G1329/,1,1,1,1,0
line-lap / eh6,fb5-4,康祖儀業務個人介紹 - 遠雄蘴靚,/sales/eh6/G1329/,1,1,1,1,21
line-lap / eh6,fb5-7,康祖儀業務個人介紹 - 遠雄蘴靚,/sales/eh6/G1329/,1,1,1,1,11
fb / eh6,fb6-2,康祖儀業務個人介紹 - 遠雄蘴靚,/sales/eh6/G1329/,1,1,1,1,3
web / bh11,popup_ai_202608,康祖儀業務個人介紹 - 遠雄蘴靚,/sales/eh6/G1329/,1,1,1,1,2
google / cpc,extension,沈玉菁業務個人介紹 - 遠雄合雅,/sales/fh2/B5432/,1,1,1,1,10
web / fb2,googlemap,沈玉菁業務個人介紹 - 遠雄合雅,/sales/fh2/B5432/,1,1,1,1,14
fb / fh2,leads,沈玉菁業務個人介紹 - 遠雄合雅,/sales/fh2/B5432/,1,1,1,1,22
fb / fh2,lbs-sms202608,温墩立業務個人介紹 - 遠雄合雅,/sales/fh2/B6102/,1,1,1,1,9
(data not available),(cross-network),楊靜茹業務個人介紹 - 遠雄合雅,/sales/fh2/G0107/,1,1,1,1,8
google / cpc,banqiao,楊靜茹業務個人介紹 - 遠雄合雅,/sales/fh2/G0107/,1,1,1,1,7
google / cpc,brand,楊靜茹業務個人介紹 - 遠雄合雅,/sales/fh2/G0107/,1,1,2,2,12
google / cpc,extension,黃紫嵐業務個人介紹 - 遠雄合雅,/sales/fh2/G0632/,1,1,1,1,9
fb / fh2,fb5-1,黃紫嵐業務個人介紹 - 遠雄合雅,/sales/fh2/G0632/,1,1,1,1,6
fb / fh2,fb6-1,黃紫嵐業務個人介紹 - 遠雄合雅,/sales/fh2/G0632/,1,1,1,1,8
fb / fh2,fb8-1,黃紫嵐業務個人介紹 - 遠雄合雅,/sales/fh2/G0632/,1,1,1,1,1
fb / fh2,lbs-sms202608,黃紫嵐業務個人介紹 - 遠雄合雅,/sales/fh2/G0632/,1,1,1,1,18
google / cpc,newtaipei,黃紫嵐業務個人介紹 - 遠雄合雅,/sales/fh2/G0632/,1,1,1,1,5
(not set),20260805一輪播,余蕙萍業務個人介紹 - 遠雄合雅,/sales/fh2/G1265/,1,1,0,0,1
(not set),20260813一輪播,余蕙萍業務個人介紹 - 遠雄合雅,/sales/fh2/G1265/,1,1,1,1,0
google / cpc,banqiao,余蕙萍業務個人介紹 - 遠雄合雅,/sales/fh2/G1265/,1,1,1,1,12
google / cpc,extension,余蕙萍業務個人介紹 - 遠雄合雅,/sales/fh2/G1265/,1,1,1,1,7
fb / fh2,fb6-1,余蕙萍業務個人介紹 - 遠雄合雅,/sales/fh2/G1265/,1,1,1,1,0
web / fb2,googlemap,余蕙萍業務個人介紹 - 遠雄合雅,/sales/fh2/G1265/,1,1,1,1,3
google_kw / fm3,invest,林秀樺業務個人介紹 - 遠雄商用不動產,/sales/fm3/B3312/,1,1,1,1,2
gdn / hm2,4-2pmax,郭天宇業務個人介紹 - 遠雄商用不動產,/sales/fm3/B5597/,1,1,1,1,10
(direct) / (none),(direct),葉閎宇業務個人介紹 - 遠雄商用不動產,/sales/fm3/G0206/,1,1,1,1,0
google / organic,(organic),葉閎宇業務個人介紹 - 遠雄商用不動產,/sales/fm3/G0206/,1,1,1,1,12
(direct) / (none),(direct),趙洋寬業務個人介紹 - 遠雄商用不動產,/sales/fm3/G0922/,1,1,1,1,4
google / organic,(organic),趙洋寬業務個人介紹 - 遠雄商用不動產,/sales/fm3/G0922/,1,1,1,1,2
gdn / hm2,4-2pmax,林秩儀業務個人介紹 - 遠雄商用不動產,/sales/fm3/G1263/,1,1,1,1,25
fb / fm3,fb7-1,林秩儀業務個人介紹 - 遠雄商用不動產,/sales/fm3/G1263/,1,1,1,1,2
google_kw / fm3,googlemap,林秩儀業務個人介紹 - 遠雄商用不動產,/sales/fm3/G1263/,1,1,1,1,124
google / cpc,information3,林秩儀業務個人介紹 - 遠雄商用不動產,/sales/fm3/G1263/,1,1,1,1,0
google_kw / fm3,invest,林秩儀業務個人介紹 - 遠雄商用不動產,/sales/fm3/G1263/,1,1,1,1,1
gdn / hm2,4-2pmax,林宏偉業務個人介紹 - 遠雄商用不動產,/sales/fm3/G1322/,1,1,1,1,8
google_kw / fm3,brand,林宏偉業務個人介紹 - 遠雄商用不動產,/sales/fm3/G1322/,1,1,1,1,28
google / organic,(organic),江雅萍業務個人介紹 - 若水秧翠,/sales/rsh1/B4655/,1,1,1,1,6
(not set),20260813一輪播,江雅萍業務個人介紹 - 若水秧翠,/sales/rsh1/B4655/,1,1,1,1,3
google / cpc,RSH1-品牌字,江雅萍業務個人介紹 - 若水秧翠,/sales/rsh1/B4655/,1,1,1,1,16
google_kw / rsh1,brand,江雅萍業務個人介紹 - 若水秧翠,/sales/rsh1/B4655/,1,1,1,1,6
line-lap / rsh1,line-lap4-5,江雅萍業務個人介紹 - 若水秧翠,/sales/rsh1/B4655/,1,1,1,1,2
google / organic,(organic),劉志宏業務個人介紹 - 若水秧翠,/sales/rsh1/B5678/,1,1,1,1,4
google / cpc,RSH1-品牌字,劉志宏業務個人介紹 - 若水秧翠,/sales/rsh1/B5678/,1,1,1,1,8
google / cpc,RSH1-地區字,劉志宏業務個人介紹 - 若水秧翠,/sales/rsh1/B5678/,1,1,2,2,13
google / cpc,RSH1-競品字,劉志宏業務個人介紹 - 若水秧翠,/sales/rsh1/B5678/,1,1,1,1,5
fb / rsh1,fbfanpage,劉志宏業務個人介紹 - 若水秧翠,/sales/rsh1/B5678/,1,1,2,2,13
line-lap / rsh1,line-lap4-2,劉志宏業務個人介紹 - 若水秧翠,/sales/rsh1/B5678/,1,1,1,1,8
google / organic,(organic),黃䕒慧業務個人介紹 - 若水秧翠,/sales/rsh1/B5714/,1,1,2,2,7
(not set),20260813一輪播,黃䕒慧業務個人介紹 - 若水秧翠,/sales/rsh1/B5714/,1,1,1,1,3
google_kw / rsh1,brand,黃䕒慧業務個人介紹 - 若水秧翠,/sales/rsh1/B5714/,1,1,1,1,17
line-lap / rsh1,line-lap4-5,黃䕒慧業務個人介紹 - 若水秧翠,/sales/rsh1/B5714/,1,1,1,1,0
google / cpc,RSH1-品牌字,陳永証業務個人介紹 - 若水秧翠,/sales/rsh1/G0176/,1,1,1,1,9
fb / rsh1,fbfanpage,陳永証業務個人介紹 - 若水秧翠,/sales/rsh1/G0176/,1,1,1,1,0
web-udn / rsh1,web-udn0724,陳永証業務個人介紹 - 若水秧翠,/sales/rsh1/G0176/,1,1,1,1,21
(direct) / (none),(direct),吳孟穎業務個人介紹 - 若水秧翠,/sales/rsh1/G0606/,1,1,1,1,14
google / cpc,RSH1-地區字,吳孟穎業務個人介紹 - 若水秧翠,/sales/rsh1/G0606/,1,1,3,3,20
google / cpc,RSH1-競品字,吳孟穎業務個人介紹 - 若水秧翠,/sales/rsh1/G0606/,1,1,1,1,4
fb / rsh1,fb5-5,吳孟穎業務個人介紹 - 若水秧翠,/sales/rsh1/G0606/,1,1,1,1,5
fb / rsh1,fbfanpage,吳孟穎業務個人介紹 - 若水秧翠,/sales/rsh1/G0606/,1,1,1,1,0
bing / organic,(organic),鄧娟業務個人介紹 - 天母蒔麗,/sales/wdh2/B2380/,1,1,1,1,7
tw.search.yahoo.com / referral,(referral),鄧娟業務個人介紹 - 天母蒔麗,/sales/wdh2/B2380/,1,1,1,1,7
(not set),20260813一輪播,鄧娟業務個人介紹 - 天母蒔麗,/sales/wdh2/B2380/,1,1,1,1,0
google / cpc,WDH2-地區字北投,鄧娟業務個人介紹 - 天母蒔麗,/sales/wdh2/B2380/,1,1,1,1,20
google / cpc,WDH2-競品字,鄧娟業務個人介紹 - 天母蒔麗,/sales/wdh2/B2380/,1,1,1,1,15
fb / wdh2,fb7-1,鄧娟業務個人介紹 - 天母蒔麗,/sales/wdh2/B2380/,1,1,1,1,0
web / wdh2,googlemap,鄧娟業務個人介紹 - 天母蒔麗,/sales/wdh2/B2380/,1,1,1,1,4
fb / wdh2,leads,鄧娟業務個人介紹 - 天母蒔麗,/sales/wdh2/B2380/,1,1,1,1,2
line-lap / wdh2,line-lap4-2_600x400,鄧娟業務個人介紹 - 天母蒔麗,/sales/wdh2/B2380/,1,1,1,1,11
line / wdh2,line0807,鄧娟業務個人介紹 - 天母蒔麗,/sales/wdh2/B2380/,1,1,2,2,20
web-ltn / wdh2,web-ltn0821,鄧娟業務個人介紹 - 天母蒔麗,/sales/wdh2/B2380/,1,1,2,2,10
(not set),20260805一輪播,(1) 封未讀訊息 | 賴林蔚業務個人介紹 - 天母蒔麗,/sales/wdh2/B6110/,1,1,0,0,15
(direct) / (none),(direct),賴林蔚業務個人介紹 - 天母蒔麗,/sales/wdh2/B6110/,1,1,1,1,41
(not set),20260805一輪播,賴林蔚業務個人介紹 - 天母蒔麗,/sales/wdh2/B6110/,1,1,1,1,0
web-ltn / wdh2,web-ltn-7-1,賴林蔚業務個人介紹 - 天母蒔麗,/sales/wdh2/B6110/,1,1,1,1,0
web-ltn / wdh2,web-ltn0821,賴林蔚業務個人介紹 - 天母蒔麗,/sales/wdh2/B6110/,1,1,1,1,3
(direct) / (none),(direct),陳媚珍業務個人介紹 - 天母蒔麗,/sales/wdh2/G0657/,1,1,2,2,12
google / organic,(organic),陳媚珍業務個人介紹 - 天母蒔麗,/sales/wdh2/G0657/,1,1,1,1,23
google / cpc,WDH2-地區字北投,陳媚珍業務個人介紹 - 天母蒔麗,/sales/wdh2/G0657/,1,1,1,1,25
web-ltn / wdh2,web-ltn-7-1,陳媚珍業務個人介紹 - 天母蒔麗,/sales/wdh2/G0657/,1,1,1,1,7
(not set),20260813一輪播,交屋全攻略：從產權防護、驗屋清單到屋型挑選的安心入住指南,/sep2026,1,1,1,1,0
(not set),20260813一輪播,買房防雷與產權保障全攻略：交易地雷、夫妻登記、履保與防詐騙指南,/sep2026/,1,1,1,1,6
google / organic,(organic),遠雄PARK ONE,/serve,1,1,1,1,33
google / cpc,area,找不到頁面 - 遠雄房地產,/tainan,1,1,1,1,0
google / cpc,gdn-4,(1) 封未讀訊息 | 關於我們｜遠雄房地產服務條款，守護用戶使用權益，確保資訊安全,/terms-of-service/,1,1,0,0,17
(direct) / (none),(direct),关于我们｜远雄房地产服务条款，守护用户使用权益，确保资讯安全,/terms-of-service/,1,1,0,0,36
google / organic,(organic),關於我們｜遠雄房地產服務條款，守護用戶使用權益，確保資訊安全,/terms-of-service/,1,1,1,1,1
liff.line.me / referral,(referral),關於我們｜遠雄房地產服務條款，守護用戶使用權益，確保資訊安全,/terms-of-service/,1,1,1,1,0
google / cpc,demand,關於我們｜遠雄房地產服務條款，守護用戶使用權益，確保資訊安全,/terms-of-service/,1,1,1,1,0
fb / eh6,form,關於我們｜遠雄房地產服務條款，守護用戶使用權益，確保資訊安全,/terms-of-service/,1,1,1,1,1
google / organic,(organic),遠雄房地產服務條款暨隱私權聲明｜保障您的個人資訊與使用權益,/terms-of-service_and_privacy/,1,1,1,1,9
l.facebook.com / referral,(referral),遠雄房地產服務條款暨隱私權聲明｜保障您的個人資訊與使用權益,/terms-of-service_and_privacy/,1,1,1,1,11
(not set),20260805一輪播,遠雄房地產服務條款暨隱私權聲明｜保障您的個人資訊與使用權益,/terms-of-service_and_privacy/,1,1,0,0,0
google / cpc,brand,遠雄房地產服務條款暨隱私權聲明｜保障您的個人資訊與使用權益,/terms-of-service_and_privacy/,1,1,1,1,12
fb / eh6,form,遠雄房地產服務條款暨隱私權聲明｜保障您的個人資訊與使用權益,/terms-of-service_and_privacy/,1,1,2,2,8
fb / ar1,privacy,遠雄房地產服務條款暨隱私權聲明｜保障您的個人資訊與使用權益,/terms-of-service_and_privacy/,1,1,1,1,11
google / organic,(organic),取消訂閱成功 - 遠雄房地產｜感謝您的支持，隨時歡迎再度關注,/unsubscribe/,1,1,1,1,0
ig / social,ig,【遠雄純寓】可以走入繁華，也可以選擇安靜 - 遠雄房地產,/wom-recommendation/bh2_wang/,1,1,1,1,0
(direct) / (none),(direct),遠雄香榭園(新北市中和區)住戶-陳先生全家福口碑推薦- 遠雄房地產,/wom-recommendation/chen-family/,1,1,1,1,0
(direct) / (none),(direct),遠雄之星8推薦：退休生活證言，擁抱海線造鎮優質機能,/wom-recommendation/farglory-star8/,1,1,1,1,0
google / organic,(organic),遠雄之星8推薦：退休生活證言，擁抱海線造鎮優質機能,/wom-recommendation/farglory-star8/,1,1,2,2,129
google / organic,(organic),遠雄百富住戶見證：張先生賢伉儷，暢談入主豪邸後的質感居家日常,/wom-recommendation/h100_chang_family/,1,1,1,1,5
google_kw / fm3,brand,遠雄百富住戶分享：電子業總監鄧先生，解析入主質感名宅選房心法,/wom-recommendation/h100_director/,1,1,1,1,3
(not set),(not set),換屋首選品牌建商！遠雄一條龍經營與延長保固，讓全家人買房更安心,/wom-recommendation/h101_riverside/,1,1,0,0,11
google / organic,(organic),換屋首選品牌建商！遠雄一條龍經營與延長保固，讓全家人買房更安心,/wom-recommendation/h101_riverside/,1,1,1,1,4
(direct) / (none),(direct),中和遠雄豐河住戶許先生大推！社區風格時尚且人車分道，公設層直通左岸橋，推車直達河濱公園，免過馬路更安全。住進豐河，就像整個河濱公園都是自家公設，享受超划算的綠意生活，是現代家庭成家的優質首選。,/wom-recommendation/h101b_bridge/,1,1,1,1,0
google / cpc,competitor,「遠雄幸福成」一次實現老婆對新房的期待 - 遠雄房地產,/wom-recommendation/h713_cheng/,1,1,1,1,57
(direct) / (none),(direct),「遠雄幸福成」面朝大海看落日，左擁右抱大公園 - 遠雄房地產,/wom-recommendation/h713_tsang/,1,1,1,1,6
google / organic,(organic),「遠雄幸福成」面朝大海看落日，左擁右抱大公園 - 遠雄房地產,/wom-recommendation/h713_tsang/,1,1,1,1,36
fb / bh13,11,「遠雄幸福成」面朝大海看落日，左擁右抱大公園 - 遠雄房地產,/wom-recommendation/h713_tsang/,1,1,1,1,6
google / organic,(organic),遠雄青晉：讓漂泊候鳥也想親近定居，在優質環境中找回家的歸屬感,/wom-recommendation/hh1_msliu/,1,1,1,1,11
gdn / hm2,4-2pmax,遠雄青晉：讓漂泊候鳥也想親近定居，在優質環境中找回家的歸屬感,/wom-recommendation/hh1_msliu/,1,1,1,1,4
(direct) / (none),(direct),中意綠意與水岸，劉氏伉儷在「遠雄青晉」享受未來人生 - 遠雄房地產,/wom-recommendation/liu_couple/,1,1,1,1,0
google / organic,(organic),中意綠意與水岸，劉氏伉儷在「遠雄青晉」享受未來人生 - 遠雄房地產,/wom-recommendation/liu_couple/,1,1,1,1,7
google / cpc,competitor,中意綠意與水岸，劉氏伉儷在「遠雄青晉」享受未來人生 - 遠雄房地產,/wom-recommendation/liu_couple/,1,1,1,1,13
google / cpc,brand,遠雄東御苑購屋分享：雙城家庭的理想格局與公園綠意生活,/wom-recommendation/【遠雄東御苑】已購證言：王小姐-超強格局、環/,1,1,1,1,5
ig / social,ig,遠雄東御苑購屋分享：雙城家庭的理想格局與公園綠意生活,/wom-recommendation/【遠雄東御苑】已購證言：王小姐-超強格局、環/,1,1,1,1,8
(direct) / (none),(direct),(1) 封未讀訊息 | 預約成功 - 遠雄房地產,/預約成功感謝頁/,1,1,0,0,2
(direct) / (none),(direct),遠雄房地產：最懂生活的購屋專家｜卓越建築品質，圓滿您的家,/預約成功感謝頁/,1,1,1,1,0
(direct) / (none),(direct),預約成功 - 遠雄房地產,/預約成功感謝頁/,1,1,1,1,0
tagassistant.google.com / referral,(referral),預約成功 - 遠雄房地產,/預約成功感謝頁/,1,1,1,1,2
(not set),20260813一輪播,預約成功 - 遠雄房地產,/預約成功感謝頁/,1,1,1,1,93
google / cpc,brand,預約成功 - 遠雄房地產,/預約成功感謝頁/,1,1,1,1,13
google_kw / bh10,brand,預約成功 - 遠雄房地產,/預約成功感謝頁/,1,1,1,1,6
fb / wdh2,fb7-1,預約成功 - 遠雄房地產,/預約成功感謝頁/,1,1,1,1,8
socialmedia / eh6,fbeh6info,預約成功 - 遠雄房地產,/預約成功感謝頁/,1,1,1,1,3
google / cpc,gdn-4,預約成功 - 遠雄房地產,/預約成功感謝頁/,1,1,1,1,7
google_kw / eh6,googlemap,預約成功 - 遠雄房地產,/預約成功感謝頁/,1,1,1,1,7
(direct) / (none),(direct),找不到頁面 - 遠雄房地產,/,0,1,1,null,null
gdn / hm2,0603GDN,遠房實價登錄,/,0,1,2,null,null
webnews / eh6,20260612,遠房實價登錄,/,0,1,1,null,null
google / cpc,5-3,遠房實價登錄,/,0,1,1,null,null
gdn / hm2,0601GDN,遠雄房地產：最懂生活的購屋專家｜卓越建築品質，圓滿您的家,/,0,1,1,null,null
line-lap / dh6,2,遠雄房地產：最懂生活的購屋專家｜卓越建築品質，圓滿您的家,/,0,1,1,null,null
line-lap / wdh2,line-lap4-2,遠雄房地產：最懂生活的購屋專家｜卓越建築品質，圓滿您的家,/,0,1,1,null,null
line-lap / wdh2,line-lap4-3,遠雄房地產：最懂生活的購屋專家｜卓越建築品質，圓滿您的家,/,0,1,1,null,null
omnichat / remarketing_webchat,remarketing_webchat_遠雄幸福成幸福加菜金,遠雄房地產：最懂生活的購屋專家｜卓越建築品質，圓滿您的家,/,0,1,1,null,null
google_gdn / 5vo1,7-1,齊興緻-邱美鈴-遠雄房地產 Farglory-Realty,/AR1/b5758,0,1,1,null,null
line-lap / hm2,0601,遠雄仰森,/HH3/main,0,1,1,null,null
(not set),生活提案,遠雄明玥 | 北士科水岸新生活．2000坪全街廓，只蓋一棟｜25-46坪-蔡定誠-遠雄房地產 Farglory-Realty,/ah1/B4720,0,1,1,null,null
(direct) / (none),(direct),遠雄明玥 | 北士科水岸新生活．2000坪全街廓，只蓋一棟｜25-46坪-鍾辰亞-遠雄房地產 Farglory-Realty,/ah1/G0215,0,1,1,null,null
google / cpc,brand,遠雄明玥 | 北士科水岸新生活．2000坪全街廓，只蓋一棟｜25-46坪-鄭家昇-遠雄房地產 Farglory-Realty,/ah1/b5805,0,1,1,null,null
(not set),20260813一輪播,學區宅相關預售屋/新成屋/新建案資料|遠雄房地產,/building-tag/build-tag-school/,0,1,1,null,null
line-lap / hm2,0601,【聯上智科】輝達軸線核心｜北士科福國路首排，純商辦地標，符合ESG指標｜預約尊榮鑑賞 遠雄房地產 聯上智科,/buildings/5vo1/,0,1,0,null,null
google / cpc,202510-3,【聯上智科】輝達軸線核心｜北士科福國路首排，純商辦地標，符合ESG指標｜預約尊榮鑑賞 遠雄房地產 聯上智科,/buildings/5vo1/,0,1,1,null,null
webnews / h807,20240911,找不到頁面 - 遠雄房地產,/buildings/H807/,0,1,1,null,null
google / cpc,20260113-12-3,遠雄14期首發【遠雄丰尚】北屯新案．漢神洲際購物廣場350m,/buildings/bh11/,0,1,1,null,null
web-sms / bh11,ai_202607,遠雄14期首發【遠雄丰尚】北屯新案．漢神洲際購物廣場350m,/buildings/bh11/,0,1,1,null,null
LINE-Liff / bh11,202607-AI,遠雄14期首發【遠雄丰尚】北屯新案．近漢神洲際百貨,/buildings/bh11/,0,1,0,null,null
line-lap / bh13,lap-2,(2) 封未讀訊息 | 台中七期．在夏綠地，典藏最優雅的【夏綠蒂】25-38坪,/buildings/bh13/,0,1,0,null,null
line-lap / hm2,0602,台中七期．在夏綠地，典藏最優雅的【夏綠蒂】25-38坪,/buildings/bh13/,0,1,1,null,null
line / bh10,lineQA,【遠雄樂元】北屯機捷X好市多，雙首排大道最核心，夠近才最好,/buildings/bh7/,0,1,1,null,null
google / cpc,gdn-dgc-manufacturing,(1) 封未讀訊息 | 大河商爵-台北市士林區廠辦/預售新建案-預約賞屋，遠創力行銷,/buildings/dgm1/,0,1,0,null,null
line-lap / hm2,0201,大河商爵-台北市士林區廠辦/預售新建案-預約賞屋，遠創力行銷,/buildings/dgm1/,0,1,1,null,null
google / cpc,gdn11-2,大河商爵-台北市士林區廠辦/預售新建案-預約賞屋，遠創力行銷,/buildings/dgm1/,0,1,1,null,null
line-lap / eh2,20260204A,遠雄一靚：楠梓高大特區首發新案，2432坪大基地，早鳥預約諮詢中,/buildings/eh2/,0,1,1,null,null
(not set),20260429一輪播,遠雄蘴靚｜高雄楠梓新門戶｜捷運R21站旁｜3795坪豪闊基地,/buildings/eh6/,0,1,1,null,null
google_kw / fm3,brand,远雄信义CENTER-新北市板桥区厂办.商办/预售新建案-预约赏屋,/buildings/fm3/,0,1,0,null,null
gdn / H713,20220822,遠雄幸福成｜全新落成 - 台中市梧棲區新成屋-預約賞屋，遠雄房地產,/buildings/h713/,0,1,1,null,null
(not set),20260618一輪播,遠雄MetaLink科技園區 | 3700坪超旗艦 森態企業總部,/buildings/hm2/,0,1,1,null,null
google / cpc,20220518-2,找不到頁面 - 遠雄房地產,/buildings/m62/,0,1,1,null,null
(not set),20260828一輪播,遠雄THE ONE-高雄市前鎮區新成屋/新建案-預約賞屋,/buildings/o1/,0,1,2,null,null
fg / o1,fg,遠雄THE ONE-高雄市前鎮區新成屋/新建案-預約賞屋,/buildings/o1/,0,1,1,null,null
line-lap / bh13,lap-2,遠雄樂元-客戶感恩私廚餐會,/campaign/index.html,0,1,0,null,null
(direct) / (none),(direct),熱銷建案一覽：遠雄全台預售屋、新建案與新成屋，尋獲理想家園,/case/search/building-category-tag/134/page/5/,0,1,1,null,null
(direct) / (none),(direct),服務入口：預約賞屋、人才招募、遠房好友與合作商機｜遠雄房地產,/contact_service/,0,1,1,null,null
fgr-line / fgr,playlist=e93ee4e&video=eb83f6f,遠雄房地產,/ebook,0,1,1,null,null
access.line.me / referral,(referral),遠雄房地產官方LINE,/ebook,0,1,0,null,null
(not set),20260813一輪播,世界造鎮推手‧遠雄譜寫台灣經濟奇蹟-遠雄房地產,/farglory-realty-about/push-hand/,0,1,0,null,null
console-v2.omnichat.ai / referral,(referral),遠房好友電子報：訂閱房市情報與會員好禮，掌握第一手購屋資訊,/farglory-realty_edm/,0,1,1,null,null
fgr-line / fgr,playlist=e93ee4e&video=9ce0307,遠雄房地產,/integrate,0,1,2,null,null
(not set),生活提案,遠雄房地產,/integrate,0,1,1,null,null
(not set),20260702一輪播,七月主題報 - 遠雄房地產,/july/,0,1,1,null,null
google / organic,生活提案,附屬建物 彙整 - 遠雄房地產,/life-proposal-tag/6、產品/2建築計算/附屬建物/,0,1,1,null,null
(not set),20260813一輪播,北士科AI商辦首選【聯上智科】，享受輝達加持置產紅利,/life-proposal/5vo1-news/,0,1,1,null,null
(not set),20260805一輪播,鐵鋁窗損毀要整組換掉嗎？居家百科解析修補與換新評估，精省支出,/life-proposal/aluminumandiron/,0,1,0,null,null
(not set),20260805一輪播,跟著輝達看台北新國門：北士科軟橋段，一場AI產業與平原綠意的宜居提案,/life-proposal/ar1-bstk-ai/,0,1,0,null,null
google / organic,20260429一輪播,前鎮房市加速！205 兵工廠遷移與特貿三開發，完善亞灣區交通樞紐,/life-proposal/area-l-kaohsiung-qianzhen_20220805/,0,1,0,null,null
(not set),20260828一輪播,中和翻轉！萬大線與舊廠翻新紅利 | 建案熱區巡禮 - 遠雄房地產,/life-proposal/area-l-newtaipei-zhonghe_20220923/,0,1,0,null,null
google / organic,台中西屯,台中西屯區巡禮：美食、藝文與交通樣樣好，水湳與七期雙核心發展,/life-proposal/area-l-taichung-xitun20220520/,0,1,0,null,null
(not set),20260813一輪播,高雄亞洲新灣區千億建設到位！圖總、流音中心型塑豪宅聚落新指標,/life-proposal/area-s-kaohsiung-newbay_20220824/,0,1,0,null,null
(not set),台南中西,台南中西區運河星鑽特區打造台南曼哈頓 | 建案熱區巡禮 - 遠雄房地產,/life-proposal/area-s-tainan_west-central_diamond_20250425/,0,1,0,null,null
(not set),北投士林,北士科的園區規畫與在地生活圈！科技廊道最後一塊拼圖將完整 | 建案熱區巡禮 - 遠雄房地產,/life-proposal/area-s-taipei-shilinbstp20220520/,0,1,0,null,null
(not set),20260813一輪播,建案熱區巡禮：蛻變中的台南中西區運河星鑽特區 - 交通篇 - 遠雄房地產,/life-proposal/area-tainan_west-central_redevelop_diamond_traffic_20250523/,0,1,0,null,null
(not set),20260805一輪播,建案熱區巡禮：北投士林科技園區 - 交通篇 - 遠雄房地產,/life-proposal/area-tpe-beitou_bstp_traffic_20240705/,0,1,0,null,null
(not set),20260813一輪播,台中港市鎮重劃區發展解析：捷運藍線與產業園區總覽,/life-proposal/area-txg-port_function_20240103/,0,1,0,null,null
google_kw / bh10,brand-generic,台中預售屋怎麼挑？各區房價、TOP36建案分析，買屋前必看！,/life-proposal/area_presold-house-in-taichung/,0,1,1,null,null
(not set),20260813一輪播,台南預售屋全攻略：最新行情、熱門區域房價與建案挑選祕訣,/life-proposal/area_presold-house-in-tainan/,0,1,0,null,null
(not set),20260805一輪播,A7重劃區發展潛力解析：交通建設、華亞科技園區與五大生活圈總覽,/life-proposal/area_taoyuan_guishan_a7_function/,0,1,0,null,null
(not set),台南永康,南科門戶首選：台南永康區鹽行國中重劃區生活圈 | 建案熱區巡禮 - 遠雄房地產,/life-proposal/area_tnnyongkang_redevelop_yanxing_20230901/,0,1,0,null,null
(not set),20260702一輪播,居家隔間保養及修繕：牆面裂縫與潮濕預防，專業居家百科維護指南,/life-proposal/cubicle/,0,1,1,null,null
(not set),20260805一輪播,社區綠建築標章有何好處？節能省電與環保優勢，打造健康永續宅,/life-proposal/ease_greenbuilding_20230608/,0,1,0,null,null
(not set),生活提案,社區綠建築標章有何好處？節能省電與環保優勢，打造健康永續宅,/life-proposal/ease_greenbuilding_20230608/,0,1,1,null,null
(not set),20260813一輪播,2025年中台灣房市潛力區域專題報導 -10大優質投資區域分析｜何世昌觀點 - 遠雄房地產,/life-proposal/expert_hoshichang_central-potential/,0,1,1,null,null
(not set),20260828一輪播,預售屋買賣契約簽約時應注意「契約審閱期」｜永然法律不動產專欄 - 遠雄房地產,/life-proposal/expert_law_y-rlee_contract_20250613/,0,1,0,null,null
(not set),20260828一輪播,如何防範裝潢詐騙？室內裝修合約必備條款與律師防詐指南,/life-proposal/expert_law_y-rlee_renovation-fraud/,0,1,0,null,null
(not set),20260813一輪播,二親等房產交易避稅解析：掌握金流證明與申報要點，合法節省贈與稅,/life-proposal/expert_zhu_second-degree_20250321/,0,1,0,null,null
(not set),20260702一輪播,高樓層VS低樓層：哪個才是首購族的最佳選擇？–「首購族看房買屋攻略」 - 遠雄房地產,/life-proposal/high_floor/,0,1,1,null,null
(direct) / (none),生活提案,交屋看仔細：常見糾紛與買方注意事項 - 遠雄房地產,/life-proposal/kw_delivery_20230607/,0,1,0,null,null
(direct) / (none),(direct),私法人購屋限制懶人包：許可制四大用途規範，五年內不得移轉新制解析,/life-proposal/land_corporation/,0,1,1,null,null
(not set),20260429一輪播,在地生活：解析預售屋與新建案周邊機能，掌握區域環境與未來動態,/life_proposal/music_life/,0,1,1,null,null
(direct) / (none),(direct),遠雄泱玥 | 水岸正首席．北士科首獻｜57-75坪-郭仲祥-遠雄房地產 Farglory-Realty,/main/review/64/G1291,0,1,1,null,null
(not set),20260813一輪播,遠雄房地產預約賞屋：線上看房結合實體導覽，開啟智慧購屋新體驗,/make_appointment/,0,1,1,null,null
google_gdn / 5vo1,7-4,遠雄房地產預約賞屋：線上看房結合實體導覽，開啟智慧購屋新體驗,/make_appointment/,0,1,1,null,null
google_kw / bh10,competitor-developer,(1) 封未讀訊息 | 預約賞屋手機驗證 - 遠雄房地產,/mob_verify/,0,1,0,null,null
line-lap / hm2,0603,守護個人資訊安全，一起保障您的隱私權益｜ 遠雄房地產,/privacy/,0,1,1,null,null
google / cpc,RSH1-品牌字,熱銷建案：全台預售屋與新成屋一覽，遠雄房地產助您尋獲理想好宅,/case/,1,1,1,1,6