來源/媒介,廣告活動,網頁標題,網頁路徑,所有使用者,工作階段,瀏覽,平均觀看次數,平均使用者參與
google / cpc,dgc,遠雄蘴靚｜高雄楠梓新門戶｜捷運R21站旁｜3795坪豪闊基地,/buildings/eh6/,24597,29688,33879,1.3773630930601293,11.864942879212911
google / cpc,20260206-2-4,遠雄14期首發【遠雄丰尚】北屯新案．近漢神洲際百貨,/buildings/bh11/,12273,14236,15815,1.288600994051984,8.517395909720525
google / cpc,gdn,遠雄蘴靚｜高雄楠梓新門戶｜捷運R21站旁｜3795坪豪闊基地,/buildings/eh6/,10408,12033,13089,1.2575903151421983,7.255188316679478
line-lap / ar1,20260210-7-2,齊興_緻-台北市北投區/北士科住宅預售屋,/buildings/ar1/,6607,8604,8693,1.3157257454215225,40.006508248827004
line / bh11,20260206-2-4,遠雄14期首發【遠雄丰尚】北屯新案．近漢神洲際百貨,/buildings/bh11/,7073,8594,8972,1.2684857910363354,11.895800933125972
line-lap / eh2,20260204B,遠雄一靚｜楠梓新案．高大特區首發｜早鳥預約中,/buildings/eh2/,6727,8575,8620,1.2814033001337892,13.89445518061543
(direct) / (none),(direct),遠房實價登錄,/,8355,8407,8967,1.073249551166966,0.18025134649910232
line-lap / ar1,20260210-7-2,遠房實價登錄,/,5590,7138,7463,1.3350626118067979,0.01627906976744186
line-lap / fh2,line-lap12-2,遠雄合雅｜板橋之心・合院之上｜2~3房．24~66坪,/buildings/fh2/,5038,6939,7067,1.4027391822151647,23.214172290591506
dsp / hm2,MDads,遠雄MetaLink科技園區 | 機捷A7．A8站▕ VIP企業席次開放預約中,/buildings/hm2/,5846,6352,6655,1.1383852206637017,2.597844680123161
line-lap / ah1,lap-2,北士科建案【遠雄明玥】2000坪全街廓只蓋一棟．25-46坪,/buildings/ah1/,3932,4579,4663,1.185910478128179,12.671668362156664
line / rsh1,line-lap1-4,若水秧翠｜東京視野・頂埔門牌｜1~3房．20~42坪,/buildings/rsh1/,3853,4545,4450,1.1549441993252012,2.6706462496755776
google / cpc,(organic),遠房實價登錄,/,4298,4477,5333,1.2408096789204281,0.8189855746859004
google / cpc,1102G,遠雄MetaLink科技園區 | 機捷A7．A8站▕ VIP企業席次開放預約中,/buildings/hm2/,2842,3333,3359,1.1819141449683321,7.6263194933145675
line / rsh1,line-lap1-5_600x400,若水秧翠｜東京視野・頂埔門牌｜1~3房．20~42坪,/buildings/rsh1/,2617,3207,3257,1.2445548337791363,11.893771494077187
line-lap / bh5,(referral),遠雄琉蘊 -台中市西屯區七期預售屋/新建案-預約賞屋，遠雄房地產,/buildings/bh5/,2727,3188,3148,1.1543821048771543,51.12504583791713
line / rsh1,line-lap1-5,若水秧翠｜東京視野・頂埔門牌｜1~3房．20~42坪,/buildings/rsh1/,2283,2908,2998,1.3131844064826983,11.116951379763469
google / cpc,(organic),北士科建案【遠雄明玥】2000坪全街廓只蓋一棟．25-46坪,/buildings/ah1/,2500,2658,2837,1.1348,22.4336
line-lap / fh2,line-lap12-3,遠雄合雅｜板橋之心・合院之上｜2~3房．24~66坪,/buildings/fh2/,1876,2527,2587,1.378997867803838,19.076226012793178
google / cpc,Pmax,遠雄信義CENTER-新北市板橋區廠辦.商辦/預售新建案-預約賞屋,/buildings/fm3/,2141,2522,2765,1.2914525922466138,16.2260625875759
line-lap / bh5,(referral),遠房實價登錄,/,2187,2506,2555,1.1682670324645634,0.07681755829903979
pmp / ah1,avivid-1,北士科建案【遠雄明玥】2000坪全街廓只蓋一棟．25-46坪,/buildings/ah1/,1626,2444,2732,1.6801968019680196,21.90221402214022
google / cpc,1103G,遠雄MetaLink科技園區 | 機捷A7．A8站▕ VIP企業席次開放預約中,/buildings/hm2/,2148,2427,2493,1.160614525139665,9.260707635009311
line-lap / bh10,line-lap20259-5,北屯敦富路【遠雄敦富】- 北屯機捷預售屋．近好市多,/buildings/bh10/,1748,2415,2715,1.553203661327231,22.01086956521739
fb / eh6,fb1-3,遠雄蘴靚｜高雄楠梓新門戶｜捷運R21站旁｜3795坪豪闊基地,/buildings/eh6/,2314,2366,2433,1.0514261019878997,7.3504753673293
line-lap / fh2,line-lap12-2,遠房實價登錄,/,2150,2363,2519,1.1716279069767441,0
google / cpc,20260113-12-3,遠雄14期首發【遠雄丰尚】北屯新案．近漢神洲際百貨,/buildings/bh11/,1871,2279,2581,1.3794762159273115,5.997862105825762
google / cpc,1204G,遠雄MetaLink科技園區 | 機捷A7．A8站▕ VIP企業席次開放預約中,/buildings/hm2/,1829,2125,2203,1.2044833242208857,9.718972115910333
line / rsh1,line-lap1-4,遠房實價登錄,/,2003,2087,2121,1.0589116325511732,0
line-lap / ah1,lap-2,遠房實價登錄,/,2005,2072,2136,1.0653366583541146,0
google / cpc,Pmax,遠房實價登錄,/,1725,2048,2304,1.3356521739130436,0.04057971014492753
line-lap / bh10,line-lap20259-5,遠房實價登錄,/,1496,2026,2430,1.624331550802139,0.06885026737967914
google / organic,(organic),遠房實價登錄,/,1781,2000,2634,1.4789444132509826,0.8489612577203818
line-lap / ah1,lap-3,北士科建案【遠雄明玥】2000坪全街廓只蓋一棟．25-46坪,/buildings/ah1/,1590,1914,1899,1.1943396226415095,9.771069182389937
line-lap / dh2,17,台南永康新建案【遠雄山禾】-鹽行特區．3-4房,/buildings/dh2/,1584,1901,1907,1.2039141414141414,83.80113636363636
line-lap / eh2,20260204A,遠雄一靚｜楠梓新案．高大特區首發｜早鳥預約中,/buildings/eh2/,1410,1884,1944,1.3787234042553191,19.3177304964539
google / cpc,pmax,遠雄蘴靚｜高雄楠梓新門戶｜捷運R21站旁｜3795坪豪闊基地,/buildings/eh6/,1551,1851,2223,1.4332688588007736,23.769181173436493
line-lap / ah1,lap-1,北士科建案【遠雄明玥】2000坪全街廓只蓋一棟．25-46坪,/buildings/ah1/,1546,1824,1848,1.1953428201811125,10.323415265200518
line / bh11,20260113-12-3,遠雄14期首發【遠雄丰尚】北屯新案．近漢神洲際百貨,/buildings/bh11/,1430,1747,1793,1.2538461538461538,16.603496503496505
pmp / ah1,avivid-2,北士科建案【遠雄明玥】2000坪全街廓只蓋一棟．25-46坪,/buildings/ah1/,1163,1714,1903,1.6362854686156492,22.04127257093723
google / cpc,(organic),水湳建案【遠雄綠美】鄰近綠美圖．中央公園預售屋,/buildings/bh9/,1588,1681,1840,1.1586901763224182,30.532115869017634
line-lap / dh2,18,台南永康新建案【遠雄山禾】-鹽行特區．3-4房,/buildings/dh2/,1369,1623,1607,1.1738495252008765,19.39663988312637
google / organic,(organic),贈與稅與遺產稅免稅額解析｜房產贈與、買賣、繼承怎麼選 - 遠雄房地產,/life-proposal/gift_tax/,1273,1565,1619,1.2717989002356638,130.0801256873527
google / cpc,20260113-12-4,遠雄14期首發【遠雄丰尚】北屯新案．近漢神洲際百貨,/buildings/bh11/,1301,1561,1756,1.3497309761721752,4.400461183704842
line-lap / dh2,17,遠房實價登錄,/,1298,1556,1602,1.234206471494607,0.11016949152542373
google / cpc,202601,遠雄MetaLink科技園區 | 機捷A7．A8站▕ VIP企業席次開放預約中,/buildings/hm2/,1210,1439,1564,1.2925619834710744,31.200826446280992
pmp / ah1,avivid-3,北士科建案【遠雄明玥】2000坪全街廓只蓋一棟．25-46坪,/buildings/ah1/,928,1368,1479,1.59375,19.295258620689655
fb / eh6,fb2-3,遠雄蘴靚｜高雄楠梓新門戶｜捷運R21站旁｜3795坪豪闊基地,/buildings/eh6/,1323,1342,1377,1.0408163265306123,4.169312169312169
line / rsh1,line-lap1-5_600x400,遠房實價登錄,/,1259,1316,1382,1.0976965845909452,0
(not set),20260213一輪播,遠雄蘴靚｜高雄楠梓新門戶｜捷運R21站旁｜3795坪豪闊基地,/buildings/eh6/,625,1288,1078,1.7248,8.9216
line-lap / dh2,18,遠房實價登錄,/,1067,1259,1285,1.204311152764761,0.026241799437675725
line / bh11,20260113-12-4,遠雄14期首發【遠雄丰尚】北屯新案．近漢神洲際百貨,/buildings/bh11/,1062,1250,1256,1.182674199623352,10.371939736346516
google / cpc,gdn-1,北士科建案【遠雄明玥】2000坪全街廓只蓋一棟．25-46坪,/buildings/ah1/,1039,1211,1311,1.2617901828681424,24.06159769008662
line-lap / bh10,line-lap202511-6,北屯敦富路【遠雄敦富】- 北屯機捷預售屋．近好市多,/buildings/bh10/,897,1191,1345,1.499442586399108,29.39576365663322
fb / eh6,fb1-5,遠雄蘴靚｜高雄楠梓新門戶｜捷運R21站旁｜3795坪豪闊基地,/buildings/eh6/,1132,1160,1168,1.0318021201413428,2.019434628975265
(direct) / (none),(direct),北士科建案【遠雄明玥】2000坪全街廓只蓋一棟．25-46坪,/buildings/ah1/,1103,1124,1085,0.9836808703535811,20.063463281958295
google / cpc,(organic),遠雄一靚｜楠梓新案．高大特區首發｜早鳥預約中,/buildings/eh2/,1063,1115,1180,1.110065851364064,21.984948259642522
line / rsh1,line-lap1-5,遠房實價登錄,/,1024,1113,1150,1.123046875,0
google / cpc,gdn-2,北士科建案【遠雄明玥】2000坪全街廓只蓋一棟．25-46坪,/buildings/ah1/,938,1098,1171,1.248400852878465,22.498933901918978
google_kw / dh2,(organic),台南永康新建案【遠雄山禾】-鹽行特區．3-4房,/buildings/dh2/,1010,1060,1110,1.099009900990099,20.775247524752476
line-lap / ar1,20260101-6-1,齊興_緻-台北市北投區/北士科住宅預售屋,/buildings/ar1/,823,1041,1062,1.290400972053463,10.551640340218713
google / cpc,gdn11-4,大河商爵-台北市士林區廠辦/預售新建案-預約賞屋，遠創力行銷,/buildings/dgm1/,649,1033,1134,1.7473035439137135,20.47919876733436
line-lap / bh10,line-lap202511-6,遠房實價登錄,/,779,1016,1207,1.5494223363286264,0.014120667522464698
google / cpc,area,遠雄沐蘊-高雄市三民區預售屋/新建案-預約賞屋,/buildings/eh5/,914,965,1062,1.161925601750547,25.180525164113785
google_kw / dh2,(organic),遠房實價登錄,/,919,950,1015,1.1044613710554951,1.4363438520130576
google / cpc,(organic),遠雄琉蘊 -台中市西屯區七期預售屋/新建案-預約賞屋，遠雄房地產,/buildings/bh5/,870,915,1010,1.160919540229885,28.020689655172415
google / organic,(organic),戶籍遷入辦理教學｜買房後戶籍異動流程與準備文件全攻略 - 遠雄房地產,/life-proposal/land_household_registration/,750,909,913,1.2173333333333334,68.22
line-lap / ar1,20260101-6-1,遠房實價登錄,/,727,909,971,1.3356258596973865,0
google_kw / 5vo1,202511,聯上智科｜北士科AI總部 輝達核心軸線 -台北市北投區商辦/預售新建案-預約賞屋，遠創力行銷,/buildings/5vo1/,840,893,952,1.1333333333333333,24.01904761904762
google / organic,(organic),遠雄蘴靚｜高雄楠梓新門戶｜捷運R21站旁｜3795坪豪闊基地,/buildings/eh6/,680,892,1000,1.4705882352941178,68.99558823529412
fb / eh6,fb1-1,遠雄蘴靚｜高雄楠梓新門戶｜捷運R21站旁｜3795坪豪闊基地,/buildings/eh6/,861,887,952,1.1056910569105691,9.642276422764228
(data not available),(cross-network),遠雄蘴靚｜高雄楠梓新門戶｜捷運R21站旁｜3795坪豪闊基地,/buildings/eh6/,878,886,1477,1.682232346241458,19.67995444191344
google_kw / h713,(organic),遠雄幸福成｜即將落成 - 台中市清水區預售/新建案-預約賞屋，遠雄房地產,/buildings/h713/,814,873,955,1.1732186732186731,32.966830466830466
line-lap / bh10,line-lap202511-3,北屯敦富路【遠雄敦富】- 北屯機捷預售屋．近好市多,/buildings/bh10/,690,873,948,1.373913043478261,13.227536231884057
line-lap / eh2,20260204C,遠雄一靚｜楠梓新案．高大特區首發｜早鳥預約中,/buildings/eh2/,700,849,869,1.2414285714285713,17.302857142857142
google / cpc,202511,遠雄MetaLink科技園區 | 機捷A7．A8站▕ VIP企業席次開放預約中,/buildings/hm2/,679,823,872,1.2842415316642122,23.512518409425628
google / cpc,gdn-3,北士科建案【遠雄明玥】2000坪全街廓只蓋一棟．25-46坪,/buildings/ah1/,708,818,910,1.2853107344632768,19.024011299435028
line-lap / fh2,line-lap12-3,遠房實價登錄,/,763,814,892,1.1690694626474443,0
(direct) / (none),(direct),齊興_緻-台北市北投區/北士科住宅預售屋,/buildings/ar1/,807,811,795,0.9851301115241635,11.62081784386617
line-lap / ah1,lap-1,遠房實價登錄,/,781,800,840,1.0755441741357235,0.026888604353393086
google / cpc,202602,遠雄MetaLink科技園區 | 機捷A7．A8站▕ VIP企業席次開放預約中,/buildings/hm2/,686,784,867,1.2638483965014577,11.65597667638484
(not set),20260213一輪播,遠雄14期首發【遠雄丰尚】北屯新案．近漢神洲際百貨,/buildings/bh11/,323,767,633,1.9597523219814241,2.696594427244582
google / organic,(organic),自用住宅免稅400萬怎麼申請？「持有、設籍、實住」3點不能忽略 | 專家觀點地政篇 - 遠雄房地產,/life-proposal/expert_zhu_ownership-criteria/,671,763,757,1.128166915052161,115.54545454545455
google / cpc,sitelink,遠雄MetaLink科技園區 | 機捷A7．A8站▕ VIP企業席次開放預約中,/buildings/hm2/,669,763,797,1.1913303437967115,7.60388639760837
line-lap / ah1,lap-3,遠房實價登錄,/,734,752,773,1.053133514986376,0
line-lap / bh10,line-lap202511-3,遠房實價登錄,/,595,736,825,1.3865546218487395,0.010084033613445379
google / cpc,brand,遠房實價登錄,/,676,711,892,1.319526627218935,0.9881656804733728
(direct) / (none),(direct),遠雄琉蘊 -台中市西屯區七期預售屋/新建案-預約賞屋，遠雄房地產,/buildings/bh5/,696,705,672,0.9655172413793104,6.658045977011494
google / organic,(organic),遠雄合雅｜板橋之心・合院之上｜2~3房．24~66坪,/buildings/fh2/,550,701,784,1.4254545454545455,42.35454545454545
google / cpc,gdn11-3,大河商爵-台北市士林區廠辦/預售新建案-預約賞屋，遠創力行銷,/buildings/dgm1/,503,701,793,1.5765407554671969,20.86282306163022
(direct) / (none),(direct),北屯敦富路【遠雄敦富】- 北屯機捷預售屋．近好市多,/buildings/bh10/,678,689,671,0.9896755162241888,11.343657817109145
google / cpc,(organic),遠雄星呈-台中市清水區預售屋/新建案-預約賞屋，遠雄房地產,/buildings/h707/,607,647,696,1.1466227347611202,35.467874794069196
pmp / ah1,avivid-1,遠房實價登錄,/,601,641,703,1.1697171381031615,0.008319467554076539
(not set),20260213一輪播,遠房實價登錄,/,460,623,732,1.5913043478260869,0.9260869565217391
google / cpc,O1_品牌字_2025.0801,遠雄THE ONE-高雄市前鎮區新成屋/新建案-預約賞屋,/buildings/o1/,575,621,710,1.2347826086956522,32.11826086956522
(direct) / (none),(direct),台南永康新建案【遠雄山禾】-鹽行特區．3-4房,/buildings/dh2/,587,601,588,1.0017035775127767,15.226575809199318
google / cpc,gdn-1,遠房實價登錄,/,584,600,654,1.11986301369863,0.02054794520547945
google / cpc,O1_品牌字_2025.0801,遠房實價登錄,/,543,577,687,1.2651933701657458,1.2246777163904237
(direct) / (none),(direct),若水秧翠｜東京視野・頂埔門牌｜1~3房．20~42坪,/buildings/rsh1/,557,572,414,0.7432675044883303,12.296229802513466
google / cpc,brand,遠雄蘴靚｜高雄楠梓新門戶｜捷運R21站旁｜3795坪豪闊基地,/buildings/eh6/,504,567,700,1.3888888888888888,68.45039682539682
google_kw / h713,(organic),遠房實價登錄,/,546,557,691,1.2655677655677655,0.08424908424908426
(direct) / (none),(direct),遠雄合雅｜板橋之心・合院之上｜2~3房．24~66坪,/buildings/fh2/,518,544,534,1.0308880308880308,16.69111969111969
google / cpc,20250616_北投士林豪宅/別墅,齊興_緻-台北市北投區/北士科住宅預售屋,/buildings/ar1/,511,527,555,1.086105675146771,17.65753424657534
gdn / eh6,gdn,遠雄蘴靚｜高雄楠梓新門戶｜捷運R21站旁｜3795坪豪闊基地,/buildings/eh6/,512,521,580,1.1328125,3.287109375
google / cpc,gdn-2,遠房實價登錄,/,490,502,544,1.110204081632653,0
google / cpc,20250616_北投士林豪宅/別墅,遠房實價登錄,/,476,488,523,1.0987394957983194,0.28991596638655465
google / cpc,O1_地區字_2025.0801,遠雄THE ONE-高雄市前鎮區新成屋/新建案-預約賞屋,/buildings/o1/,465,482,522,1.1225806451612903,23.688172043010752
google / cpc,0209,遠雄MetaLink科技園區 | 機捷A7．A8站▕ VIP企業席次開放預約中,/buildings/hm2/,412,470,472,1.145631067961165,8.048543689320388
gdn / bh11,20260206-2-4,遠雄14期首發【遠雄丰尚】北屯新案．近漢神洲際百貨,/buildings/bh11/,456,464,529,1.1600877192982457,2.2039473684210527
(direct) / (none),(direct),高雄建案推薦【遠雄峰蘊】- 三民區預售屋．近科工館,/buildings/eh1/,450,456,461,1.0244444444444445,7.771111111111111
line-lap / bh10,line-lap202511-7,北屯敦富路【遠雄敦富】- 北屯機捷預售屋．近好市多,/buildings/bh10/,306,455,529,1.7287581699346406,24.11111111111111
google / cpc,O1_地區字_2025.0801,遠房實價登錄,/,432,445,494,1.1435185185185186,0.8171296296296297
pmp / ah1,avivid-2,遠房實價登錄,/,416,435,484,1.1634615384615385,0
(data not available),(cross-network),遠雄14期首發【遠雄丰尚】北屯新案．近漢神洲際百貨,/buildings/bh11/,424,432,761,1.794811320754717,15.86556603773585
google / cpc,brand,遠雄合雅｜板橋之心・合院之上｜2~3房．24~66坪,/buildings/fh2/,400,426,478,1.195,37.91
google / cpc,area,遠雄蘴靚｜高雄楠梓新門戶｜捷運R21站旁｜3795坪豪闊基地,/buildings/eh6/,387,416,461,1.1912144702842378,33.514211886304906
google / organic,(organic),換屋族必讀：房地合一稅與土地增值稅完整攻略 - 遠雄房地產,/life-proposal/house_and_land/,347,402,418,1.2046109510086456,96.85878962536023
google / cpc,gdn11-2,大河商爵-台北市士林區廠辦/預售新建案-預約賞屋，遠創力行銷,/buildings/dgm1/,266,398,435,1.6353383458646618,23.150375939849624
line-lap / bh10,line-lap202511-7,遠房實價登錄,/,269,393,476,1.7695167286245352,1.0446096654275092
google / organic,(organic),熱銷建案一覽：遠雄全台預售屋、新建案、新成屋資訊,/case/search/,332,390,898,2.7048192771084336,44.704819277108435
google / cpc,gdn-3,遠房實價登錄,/,380,389,437,1.15,0
(not set),20260213一輪播,北士科建案【遠雄明玥】2000坪全街廓只蓋一棟．25-46坪,/buildings/ah1/,273,389,203,0.7435897435897436,10.216117216117215
(direct) / (none),(direct),遠雄房地產：最懂生活的購屋專家,/,332,378,530,1.5963855421686748,20.14457831325301
google / organic,(organic),2025房市回顧與2026盤整展望：政策與市場趨勢解析｜劉佩真觀點 - 遠雄房地產,/life-proposal/expert_peizhen_real-estate-2026/,261,378,333,1.2758620689655173,92.36781609195403
google / organic,(organic),遠雄一靚｜楠梓新案．高大特區首發｜早鳥預約中,/buildings/eh2/,319,373,396,1.2413793103448276,44.77115987460815
google / organic,(organic),空屋稅的真相？房子閒置前你該考慮的事｜專家觀點地政篇 - 遠雄房地產,/life-proposal/expert_zhu_eht_20250625/,306,367,382,1.2483660130718954,95.61764705882354
google / cpc,CQH1-品牌字,村泉蒔美｜門戶端點 從容跨界｜台北生活最美起點,/buildings/cqh1/,329,360,431,1.3100303951367782,46.963525835866264
google / cpc,O1_特色字_2025.0801,遠雄THE ONE-高雄市前鎮區新成屋/新建案-預約賞屋,/buildings/o1/,343,358,375,1.0932944606413995,17.058309037900873
google / cpc,CQH1-地區字,村泉蒔美｜門戶端點 從容跨界｜台北生活最美起點,/buildings/cqh1/,338,352,399,1.180473372781065,48.86094674556213
pmp / ah1,avivid-3,遠房實價登錄,/,332,348,375,1.1295180722891567,0
google / cpc,CQH1-品牌字,遠房實價登錄,/,322,348,428,1.329192546583851,2.2546583850931676
google / cpc,CQH1-地區字,遠房實價登錄,/,326,336,390,1.196319018404908,0.8404907975460123
google / organic,(organic),遠雄房地產：最懂生活的購屋專家,/,256,333,446,1.7421875,17.73046875
(direct) / (none),(direct),水湳建案【遠雄綠美】鄰近綠美圖．中央公園預售屋,/buildings/bh9/,329,332,329,1,7.39209726443769
google / cpc,O1_特色字_2025.0801,遠房實價登錄,/,317,326,355,1.1198738170347002,0.8422712933753943
google / cpc,Qianzhen.Qianjin,高雄建案推薦【遠雄峰蘊】- 三民區預售屋．近科工館,/buildings/eh1/,312,326,347,1.1121794871794872,14.823717948717949
google / cpc,Sanmin,高雄建案推薦【遠雄峰蘊】- 三民區預售屋．近科工館,/buildings/eh1/,309,325,336,1.087378640776699,15.705501618122977
google / cpc,banqiao,遠雄合雅｜板橋之心・合院之上｜2~3房．24~66坪,/buildings/fh2/,301,321,360,1.196013289036545,32.12624584717608
google / cpc,20250616_台北豪宅/別墅,齊興_緻-台北市北投區/北士科住宅預售屋,/buildings/ar1/,314,319,336,1.070063694267516,11.945859872611464
(not set),20260213一輪播,齊興_緻-台北市北投區/北士科住宅預售屋,/buildings/ar1/,259,312,208,0.803088803088803,5.88030888030888
(direct) / (none),(direct),台中西屯建案【遠雄洄山行】．2-4房方正格局,/buildings/bh8/,308,310,298,0.9675324675324676,11.152597402597403
fb / cqh1,fb-26,村泉蒔美｜門戶端點 從容跨界｜台北生活最美起點,/buildings/cqh1/,285,306,316,1.1087719298245613,28.42105263157895
google / organic,(organic),北士科建案【遠雄明玥】2000坪全街廓只蓋一棟．25-46坪,/buildings/ah1/,227,299,337,1.4845814977973568,50.691629955947135
google / cpc,Sanmin,遠房實價登錄,/,278,290,307,1.10431654676259,0.3237410071942446
fb / cqh1,fb-26,遠房實價登錄,/,273,289,305,1.1172161172161172,0.717948717948718
google / cpc,Qianzhen.Qianjin,遠房實價登錄,/,278,287,311,1.118705035971223,0.8345323741007195
google / cpc,20250616_台北豪宅/別墅,遠房實價登錄,/,284,286,312,1.0985915492957747,0.5880281690140845
google / cpc,(organic),贈與稅與遺產稅免稅額解析｜房產贈與、買賣、繼承怎麼選 - 遠雄房地產,/life-proposal/gift_tax/,270,286,300,1.1111111111111112,162.38518518518518
gdn / eh6,dgc,遠雄蘴靚｜高雄楠梓新門戶｜捷運R21站旁｜3795坪豪闊基地,/buildings/eh6/,279,284,302,1.082437275985663,0.5304659498207885
google / cpc,O1_競品字_2025.0801,遠雄THE ONE-高雄市前鎮區新成屋/新建案-預約賞屋,/buildings/o1/,274,278,313,1.1423357664233578,25.547445255474454
google / cpc,brand,遠雄沐蘊-高雄市三民區預售屋/新建案-預約賞屋,/buildings/eh5/,256,278,313,1.22265625,23.93359375
google / cpc,newtaipei,遠雄合雅｜板橋之心・合院之上｜2~3房．24~66坪,/buildings/fh2/,267,277,288,1.0786516853932584,24.05243445692884
google / cpc,(referral),遠雄蘴靚｜高雄楠梓新門戶｜捷運R21站旁｜3795坪豪闊基地,/buildings/eh6/,260,274,329,1.2653846153846153,6.484615384615385
fb / eh6,form,遠雄蘴靚｜高雄楠梓新門戶｜捷運R21站旁｜3795坪豪闊基地,/buildings/eh6/,255,268,277,1.0862745098039215,33.67843137254902
(direct) / (none),(direct),遠雄THE ONE-高雄市前鎮區新成屋/新建案-預約賞屋,/buildings/o1/,253,260,275,1.0869565217391304,15.296442687747035
(direct) / (none),(direct),村泉蒔美｜門戶端點 從容跨界｜台北生活最美起點,/buildings/cqh1/,254,258,259,1.0196850393700787,11.618110236220472
google / cpc,RSH1-品牌字,若水秧翠｜東京視野・頂埔門牌｜1~3房．20~42坪,/buildings/rsh1/,242,257,302,1.2479338842975207,46.252066115702476
google / cpc,O1_競品字_2025.0801,遠房實價登錄,/,250,255,295,1.18,1.064
google_gdn / 5vo1,gdn-01,聯上智科｜北士科AI總部 輝達核心軸線 -台北市北投區商辦/預售新建案-預約賞屋，遠創力行銷,/buildings/5vo1/,151,255,262,1.7350993377483444,0.4304635761589404
google / organic,(organic),如何預防不動產詐騙？如何防止房屋被移轉？｜專家觀點地政篇 - 遠雄房地產,/life-proposal/expert_zhu_property_scam_20240604/,235,253,259,1.102127659574468,97.42553191489361
fb / ah1,fb-1,北士科建案【遠雄明玥】2000坪全街廓只蓋一棟．25-46坪,/buildings/ah1/,234,253,265,1.1324786324786325,31.542735042735043
google / organic,(organic),若水秧翠｜東京視野・頂埔門牌｜1~3房．20~42坪,/buildings/rsh1/,215,251,273,1.2697674418604652,47.19069767441861
google / organic,(organic),都市土地分區解析｜買房必看土地使用分區與建物用途全攻略 - 遠雄房地產,/life-proposal/land_zoning/,199,250,256,1.2864321608040201,65.21105527638191
google / cpc,BH10-北屯區區域字,北屯敦富路【遠雄敦富】- 北屯機捷預售屋．近好市多,/buildings/bh10/,240,249,277,1.1541666666666666,39.95
google / organic,(organic),附屬建物陽台、露臺、雨遮規定｜購屋前必知建築法規與容積計算 - 遠雄房地產,/life-proposal/regulations_20230317/,202,247,248,1.2277227722772277,78.16336633663366
(direct) / (none),(direct),【遠雄樂元】北屯機捷X好市多，雙首排大道最核心，夠近才最好,/buildings/bh7/,241,245,231,0.9585062240663901,17.278008298755186
google / cpc,Otherarea0829,遠雄14期首發【遠雄丰尚】北屯新案．近漢神洲際百貨,/buildings/bh11/,237,245,272,1.1476793248945147,23.236286919831223
google / cpc,brand,高雄建案推薦【遠雄峰蘊】- 三民區預售屋．近科工館,/buildings/eh1/,223,245,282,1.2645739910313902,37.762331838565025
(direct) / (none),(direct),遠雄幸福成｜即將落成 - 台中市清水區預售/新建案-預約賞屋，遠雄房地產,/buildings/h713/,234,241,252,1.0769230769230769,21.995726495726494
google / cpc,RSH1-地區字,若水秧翠｜東京視野・頂埔門牌｜1~3房．20~42坪,/buildings/rsh1/,225,240,267,1.1866666666666668,38.897777777777776
google / cpc,CQH1-買房字,村泉蒔美｜門戶端點 從容跨界｜台北生活最美起點,/buildings/cqh1/,227,238,248,1.092511013215859,29.65638766519824
google / cpc,brand,【遠雄樂元】北屯機捷X好市多，雙首排大道最核心，夠近才最好,/buildings/bh7/,225,236,255,1.1333333333333333,27.2
(direct) / (none),(direct),遠雄蘴靚｜高雄楠梓新門戶｜捷運R21站旁｜3795坪豪闊基地,/buildings/eh6/,202,235,264,1.306930693069307,34.9009900990099
google / organic,(organic),買房必知稅務：首購族交易稅與持有稅全解析 - 遠雄房地產,/life-proposal/taxes/,198,235,244,1.2323232323232323,91.52525252525253
(direct) / (none),(direct),遠雄信義CENTER-新北市板橋區廠辦.商辦/預售新建案-預約賞屋,/buildings/fm3/,226,234,241,1.0663716814159292,11.415929203539823
google / cpc,BH10-十四期區域字,北屯敦富路【遠雄敦富】- 北屯機捷預售屋．近好市多,/buildings/bh10/,222,226,263,1.1846846846846846,45.36036036036036
google / cpc,BH10-北屯區區域字,遠房實價登錄,/,220,226,284,1.290909090909091,3.5727272727272728
google / organic,(organic),2026 投資佈局：聚焦AI基建、核能、國防、稀土、貴金屬與穩定幣 | 財經M平方觀點 - 遠雄房地產,/life-proposal/expert_macromicro_2026-mega-trends/,162,225,212,1.308641975308642,88.29629629629629
google / organic,(organic),六都交易量比重衝高：從買賣移轉棟數看見房市的弦外之音｜何世昌觀點 - 遠雄房地產,/life-proposal/housing-transactions/,204,223,221,1.0833333333333333,70.12745098039215
google / cpc,CQH1-買房字,遠房實價登錄,/,213,220,241,1.1314553990610328,0.6103286384976526
google / organic,(organic),交屋看仔細：常見糾紛與買方注意事項 - 遠雄房地產,/life-proposal/kw_delivery_20230607/,170,220,221,1.3,64.85882352941177
google / cpc,banqiao,遠房實價登錄,/,217,219,275,1.2672811059907834,0
google / cpc,com,遠雄蘴靚｜高雄楠梓新門戶｜捷運R21站旁｜3795坪豪闊基地,/buildings/eh6/,193,217,273,1.4145077720207253,56.64248704663213
google / organic,(organic),【遠雄樂元】北屯機捷X好市多，雙首排大道最核心，夠近才最好,/buildings/bh7/,175,217,225,1.2857142857142858,49.462857142857146
(data not available),(cross-network),遠房實價登錄,/,216,216,398,1.8425925925925926,1.8148148148148149
google / cpc,brand0829,遠雄14期首發【遠雄丰尚】北屯新案．近漢神洲際百貨,/buildings/bh11/,195,216,254,1.3025641025641026,50.06153846153846
google / cpc,CQH1-競品字,村泉蒔美｜門戶端點 從容跨界｜台北生活最美起點,/buildings/cqh1/,198,214,225,1.1363636363636365,28.348484848484848
google / cpc,BH10-台中區域字,北屯敦富路【遠雄敦富】- 北屯機捷預售屋．近好市多,/buildings/bh10/,206,213,242,1.174757281553398,49.101941747572816
google / organic,(organic),樓高的秘密解析：樓層高度與淨高如何影響居住品質 - 遠雄房地產,/life-proposal/floor_height/,180,211,203,1.1277777777777778,48.861111111111114
google / cpc,BH10-十四期區域字,遠房實價登錄,/,208,210,262,1.2596153846153846,3.105769230769231
google / cpc,RSH1-地區字新北,若水秧翠｜東京視野・頂埔門牌｜1~3房．20~42坪,/buildings/rsh1/,202,208,231,1.1435643564356435,25.594059405940595
google / cpc,20250616_品牌字,齊興_緻-台北市北投區/北士科住宅預售屋,/buildings/ar1/,177,206,226,1.2768361581920904,34.19209039548023
(data not available),(cross-network),遠雄MetaLink科技園區 | 機捷A7．A8站▕ VIP企業席次開放預約中,/buildings/hm2/,202,204,298,1.4752475247524752,15.46039603960396
google / cpc,BH10-台中區域字,遠房實價登錄,/,195,201,260,1.3333333333333333,4.338461538461538
(direct) / (none),(direct),遠雄一靚｜楠梓新案．高大特區首發｜早鳥預約中,/buildings/eh2/,179,200,203,1.1340782122905029,14.966480446927374
google / cpc,landmark0829,遠雄14期首發【遠雄丰尚】北屯新案．近漢神洲際百貨,/buildings/bh11/,192,199,220,1.1458333333333333,23.390625
google / organic,(organic),樓梯間與梯廳公共設施：建築法規與容積計算完整解析 - 遠雄房地產,/life-proposal/regulations2_20230320/,137,199,192,1.4014598540145986,54.91970802919708
(not set),20260213一輪播,遠雄MetaLink科技園區 | 機捷A7．A8站▕ VIP企業席次開放預約中,/buildings/hm2/,130,196,122,0.9384615384615385,3.6846153846153844
google / cpc,(organic),遠雄合雅｜板橋之心・合院之上｜2~3房．24~66坪,/buildings/fh2/,174,195,226,1.2988505747126438,42.172413793103445
google / cpc,competitor,遠房實價登錄,/,186,193,215,1.1559139784946237,0
google / cpc,CQH1-競品字,遠房實價登錄,/,182,193,205,1.1263736263736264,1.0384615384615385
google / cpc,20250616_品牌字,遠房實價登錄,/,171,191,231,1.3508771929824561,0.9883040935672515
google / cpc,RSH1-地區字,遠房實價登錄,/,184,189,219,1.190217391304348,0
(not set),20260213一輪播,遠雄一靚｜楠梓新案．高大特區首發｜早鳥預約中,/buildings/eh2/,141,189,28,0.19858156028368795,7.219858156028369
google / organic,(organic),遠雄幸福成｜即將落成 - 台中市清水區預售/新建案-預約賞屋，遠雄房地產,/buildings/h713/,167,188,209,1.251497005988024,45.91017964071856
fb / ah1,fb-1,遠房實價登錄,/,181,187,199,1.0994475138121547,0.09944751381215469
google / cpc,newtaipei,遠房實價登錄,/,186,186,212,1.1397849462365592,0
google / cpc,RSH1-品牌字,遠房實價登錄,/,182,185,235,1.2912087912087913,0
google / cpc,othercities_brand,【遠雄樂元】北屯機捷X好市多，雙首排大道最核心，夠近才最好,/buildings/bh7/,177,184,200,1.1299435028248588,25.649717514124294
google / cpc,(organic),換屋族必讀：房地合一稅與土地增值稅完整攻略 - 遠雄房地產,/life-proposal/house_and_land/,163,184,186,1.1411042944785277,106.76073619631902
avivid / bh11,20251212,遠雄14期首發【遠雄丰尚】北屯新案．近漢神洲際百貨,/buildings/bh11/,26,183,202,7.769230769230769,15.961538461538462
google / cpc,BH10-品牌字,北屯敦富路【遠雄敦富】- 北屯機捷預售屋．近好市多,/buildings/bh10/,159,180,189,1.1886792452830188,45.672955974842765
google / organic,(organic),2026年預售市場一針見血的銷售與購買策略｜李同榮觀點 - 遠雄房地產,/life-proposal/expert_li_2026-housing-tips/,148,180,177,1.195945945945946,96.64864864864865
(not set),(not set),遠雄蘴靚｜高雄楠梓新門戶｜捷運R21站旁｜3795坪豪闊基地,/buildings/eh6/,118,176,72,0.6101694915254238,7.398305084745763
line-lap / dh2,16,台南永康新建案【遠雄山禾】-鹽行特區．3-4房,/buildings/dh2/,128,173,181,1.4140625,6.578125
taboola / fm3,ConB02,遠雄信義CENTER-新北市板橋區廠辦.商辦/預售新建案-預約賞屋,/buildings/fm3/,59,173,177,3,3.406779661016949
google / cpc,(organic),[ 影音 ]房產移轉如何過戶子女才划算？｜專家觀點地政篇 - 遠雄房地產,/life-proposal/expert_zhu_inherited_20230512/,160,172,175,1.09375,172.11875
google / organic,(organic),只有不動產怎麼繳遺產稅？實物抵繳是否划算？｜專家觀點地政篇 - 遠雄房地產,/life-proposal/expert_zhu_property_offset-2_20241220/,123,170,168,1.3658536585365855,116.15447154471545
google / organic,(organic),熱銷建案一覽：遠雄全台預售屋、新建案、新成屋資訊,/case/search/page/2/,135,169,229,1.6962962962962962,20.4
line-lap / eh2,20251208,遠雄一靚｜楠梓新案．高大特區首發｜早鳥預約中,/buildings/eh2/,67,169,172,2.5671641791044775,1.9253731343283582
google / cpc,BH10-品牌字,遠房實價登錄,/,152,167,191,1.256578947368421,1.9605263157894737
taboola / fm3,ConB02,遠房實價登錄,/,58,167,215,3.706896551724138,0
google / cpc,RSH1-買房字,若水秧翠｜東京視野・頂埔門牌｜1~3房．20~42坪,/buildings/rsh1/,158,166,195,1.2341772151898733,24.5126582278481
gdn / hm2,1103G,遠雄MetaLink科技園區 | 機捷A7．A8站▕ VIP企業席次開放預約中,/buildings/hm2/,144,159,168,1.1666666666666667,3.8125
google / cpc,DGM1-核心字,大河商爵-台北市士林區廠辦/預售新建案-預約賞屋，遠創力行銷,/buildings/dgm1/,153,157,168,1.0980392156862746,15.666666666666666
(not set),20260213一輪播,北屯敦富路【遠雄敦富】- 北屯機捷預售屋．近好市多,/buildings/bh10/,107,156,129,1.205607476635514,12.037383177570094
fb / eh5,park,遠雄沐蘊-高雄市三民區預售屋/新建案-預約賞屋,/buildings/eh5/,147,155,174,1.183673469387755,36.40816326530612
fb / eh1,formbutton,高雄建案推薦【遠雄峰蘊】- 三民區預售屋．近科工館,/buildings/eh1/,146,155,193,1.321917808219178,13.842465753424657
google / organic,(organic),居家玻璃保養：擦玻璃、修繕與防自爆技巧 - 遠雄房地產,/life-proposal/glass-fix/,132,155,149,1.128787878787879,41.28787878787879
google / organic,(organic),[影音] 婚前買房v.s婚後買房｜房子登記誰的名字好｜專家觀點地政篇 - 遠雄房地產,/life-proposal/expert_zhu_marriage_20230614/,139,154,155,1.1151079136690647,95.48920863309353
google / organic,(organic),2025 十大建商出爐！買家如何「保蛋黃、挑品牌」？ - 遠雄房地產,/life-proposal/kw_brand_construction_20240109/,137,154,157,1.145985401459854,27.562043795620436
google / cpc,RSH1-地區字新北,遠房實價登錄,/,150,152,174,1.16,0
gdn / hm2,1102G,遠雄MetaLink科技園區 | 機捷A7．A8站▕ VIP企業席次開放預約中,/buildings/hm2/,144,151,160,1.1111111111111112,1.4513888888888888
line-lap / dh2,16,遠房實價登錄,/,107,151,164,1.5327102803738317,0
google / cpc,DGM1-地區字,大河商爵-台北市士林區廠辦/預售新建案-預約賞屋，遠創力行銷,/buildings/dgm1/,145,149,158,1.089655172413793,24.655172413793103
google / cpc,BH10-競品字,北屯敦富路【遠雄敦富】- 北屯機捷預售屋．近好市多,/buildings/bh10/,139,149,159,1.143884892086331,30.712230215827336
fb / ah1,fb-2,北士科建案【遠雄明玥】2000坪全街廓只蓋一棟．25-46坪,/buildings/ah1/,132,147,148,1.121212121212121,24.643939393939394
google / organic,(organic),北士科建案【遠雄泱玥】水岸首排．57-75坪,/buildings/ah2/,127,147,148,1.1653543307086613,49.653543307086615
line-lap / bh7,lap-3,【遠雄樂元】北屯機捷X好市多，雙首排大道最核心，夠近才最好,/buildings/bh7/,42,146,144,3.4285714285714284,6.095238095238095
(not set),(not set),遠房實價登錄,/,132,144,57,0.4318181818181818,0
fb / fh2,leads,遠雄合雅｜板橋之心・合院之上｜2~3房．24~66坪,/buildings/fh2/,136,143,148,1.088235294117647,37.970588235294116
google / organic,(organic),建案熱區巡禮：北投士林科技園區 - 交通篇 - 遠雄房地產,/life-proposal/area-tpe-beitou_bstp_traffic_20240705/,129,143,160,1.2403100775193798,73.46511627906976
google / organic,(organic),遠雄14期首發【遠雄丰尚】北屯新案．近漢神洲際百貨,/buildings/bh11/,112,141,146,1.3035714285714286,36.63392857142857
google / cpc,RSH1-競品字,若水秧翠｜東京視野・頂埔門牌｜1~3房．20~42坪,/buildings/rsh1/,135,140,154,1.1407407407407408,39.34814814814815
google / organic,(organic),遠雄THE ONE-高雄市前鎮區新成屋/新建案-預約賞屋,/buildings/o1/,123,140,157,1.2764227642276422,55.552845528455286
google / cpc,com,遠雄沐蘊-高雄市三民區預售屋/新建案-預約賞屋,/buildings/eh5/,130,139,151,1.1615384615384616,24.476923076923075
fb / bh8,fb25-4,台中西屯建案【遠雄洄山行】．2-4房方正格局,/buildings/bh8/,128,139,146,1.140625,33.515625
fb / eh6,fb1-6,遠雄蘴靚｜高雄楠梓新門戶｜捷運R21站旁｜3795坪豪闊基地,/buildings/eh6/,135,137,138,1.0222222222222221,2.1333333333333333
google / cpc,(not set),遠房實價登錄,/,128,137,158,1.234375,0.9140625
(direct) / (none),(direct),熱銷建案一覽：遠雄全台預售屋、新建案、新成屋資訊,/case/search/,128,136,293,2.2890625,32.53125
fb / ar1,leads,齊興_緻-台北市北投區/北士科住宅預售屋,/buildings/ar1/,127,136,176,1.3858267716535433,20.519685039370078
google / cpc,corearea0829,遠雄14期首發【遠雄丰尚】北屯新案．近漢神洲際百貨,/buildings/bh11/,120,135,168,1.4,24.625
fb / dh2,fb-49,台南永康新建案【遠雄山禾】-鹽行特區．3-4房,/buildings/dh2/,131,134,136,1.0381679389312977,17.923664122137403
google / cpc,BH10-競品字,遠房實價登錄,/,128,134,169,1.3203125,3.0703125
google / organic,(organic),[影音] 豪宅稅跟你也有關係：有房族注意！2025豪宅稅新門檻上路｜專家觀點地政篇 - 遠雄房地產,/life-proposal/expert_zhu_mansion-tax-definition_vedio_20250523/,125,134,145,1.16,86.36
google / cpc,othercities_brand,遠房實價登錄,/,133,133,172,1.2932330827067668,0.3308270676691729
google / organic,(organic),房屋格局圖/平面圖怎麼看？建案平面圖符號教學，讓你秒懂房屋格局避地雷,/life-proposal/house-layout/,123,133,131,1.065040650406504,53.94308943089431
google / cpc,competitor,遠雄合雅｜板橋之心・合院之上｜2~3房．24~66坪,/buildings/fh2/,122,133,140,1.1475409836065573,33.66393442622951
google / cpc,pmax,遠房好友- 遠雄房地產,/my-account/,119,133,158,1.3277310924369747,0.8487394957983193
google / cpc,(not set),遠雄蘴靚｜高雄楠梓新門戶｜捷運R21站旁｜3795坪豪闊基地,/buildings/eh6/,115,133,139,1.208695652173913,3.6869565217391305
fb / eh6,fb1-2,遠雄蘴靚｜高雄楠梓新門戶｜捷運R21站旁｜3795坪豪闊基地,/buildings/eh6/,130,132,134,1.0307692307692307,2.376923076923077
fb / eh1,formbutton,遠房實價登錄,/,130,131,156,1.2,0
fb / bh8,fb25-4,遠房實價登錄,/,122,129,139,1.139344262295082,0.5573770491803278
google / organic,(organic),驗屋與交屋必知注意事項？新手購屋必看，驗屋清單檢查表與交屋流程有哪些？,/life-proposal/home-inspection/,105,129,136,1.2952380952380953,107.88571428571429
fb / fh2,fb1-1,遠雄合雅｜板橋之心・合院之上｜2~3房．24~66坪,/buildings/fh2/,123,128,135,1.0975609756097562,25.333333333333332
google / organic,(organic),突然跳電怎麼辦？六步驟輕鬆排查【居家安全指南】 - 遠雄房地產,/life-proposal/trip/,109,126,130,1.1926605504587156,66.1743119266055
(not set),(not set),遠雄14期首發【遠雄丰尚】北屯新案．近漢神洲際百貨,/buildings/bh11/,67,126,55,0.8208955223880597,18.64179104477612
google / cpc,DGM1-競品字,大河商爵-台北市士林區廠辦/預售新建案-預約賞屋，遠創力行銷,/buildings/dgm1/,123,125,135,1.0975609756097562,23.447154471544714
fb / eh1,11-1,高雄建案推薦【遠雄峰蘊】- 三民區預售屋．近科工館,/buildings/eh1/,119,125,131,1.1008403361344539,22.48739495798319
google / organic,(organic),遠雄星呈-台中市清水區預售屋/新建案-預約賞屋，遠雄房地產,/buildings/h707/,100,124,145,1.45,48.65
m.facebook.com / referral,(referral),遠房實價登錄,/,121,122,122,1.0082644628099173,0
fb / eh5,fb31-1,遠雄沐蘊-高雄市三民區預售屋/新建案-預約賞屋,/buildings/eh5/,121,122,130,1.0743801652892562,32.63636363636363
google / cpc,type,遠雄蘴靚｜高雄楠梓新門戶｜捷運R21站旁｜3795坪豪闊基地,/buildings/eh6/,116,122,133,1.146551724137931,50.25
fb / dh2,fb-49,遠房實價登錄,/,121,121,125,1.0330578512396693,1.9834710743801653
(not set),20260213一輪播,遠雄合雅｜板橋之心・合院之上｜2~3房．24~66坪,/buildings/fh2/,100,121,40,0.4,7.69
google / cpc,(organic),遠雄房地產精選預售屋(台北、新北、台中、桃園、台南、高雄) - 遠雄房地產,/building-category-tag/featured_pre_sale/,115,120,149,1.2956521739130435,17.973913043478262
fb / ah1,fb-2,遠房實價登錄,/,114,119,123,1.0789473684210527,0
(direct) / (none),(direct),隱私權聲明 - 遠雄房地產,/privacy/,108,119,132,1.2222222222222223,7.5092592592592595
google / organic,(organic),台中西屯建案【遠雄洄山行】．2-4房方正格局,/buildings/bh8/,100,119,124,1.24,51.96
tw.search.yahoo.com / referral,(referral),遠房實價登錄,/,89,119,150,1.6853932584269662,2.101123595505618
fb / ar1,leads,遠房實價登錄,/,113,118,162,1.4336283185840708,0.04424778761061947
fb / eh2,leads,遠雄一靚｜楠梓新案．高大特區首發｜早鳥預約中,/buildings/eh2/,108,118,129,1.1944444444444444,22.324074074074073
google / cpc,competitor0829,遠雄14期首發【遠雄丰尚】北屯新案．近漢神洲際百貨,/buildings/bh11/,106,118,131,1.2358490566037736,21.0188679245283
fb / fh2,fb12-2,遠雄合雅｜板橋之心・合院之上｜2~3房．24~66坪,/buildings/fh2/,117,117,122,1.0427350427350428,27.324786324786324
google / organic,(organic),你買到的法定空地是什麼？｜專家觀點地政篇 - 遠雄房地產,/life-proposal/expert_zhu_property_openspace_20240705/,91,116,123,1.3516483516483517,94.14285714285714
google / cpc,RSH1-買房字,遠房實價登錄,/,115,115,148,1.2869565217391303,0
fb / bh9,39,水湳建案【遠雄綠美】鄰近綠美圖．中央公園預售屋,/buildings/bh9/,109,114,123,1.128440366972477,30.504587155963304
gdn / hm2,1204G,遠雄MetaLink科技園區 | 機捷A7．A8站▕ VIP企業席次開放預約中,/buildings/hm2/,108,113,127,1.1759259259259258,0.4166666666666667
google / organic,(organic),高雄建案推薦【遠雄峰蘊】- 三民區預售屋．近科工館,/buildings/eh1/,96,113,126,1.3125,44.979166666666664
fb / eh1,11-1,遠房實價登錄,/,110,112,124,1.1272727272727272,1.709090909090909
google / cpc,DGM1-品牌字,大河商爵-台北市士林區廠辦/預售新建案-預約賞屋，遠創力行銷,/buildings/dgm1/,108,112,121,1.1203703703703705,40.333333333333336
google / organic,(organic),台中預售屋怎麼挑？各區房價、TOP36建案分析，買屋前必看！ - 遠雄房地產,/life-proposal/area_presold-house-in-taichung/,106,112,114,1.0754716981132075,74.67924528301887
mkto-sn070013.com / referral,(referral),2026年預售市場一針見血的銷售與購買策略｜李同榮觀點 - 遠雄房地產,/life-proposal/expert_li_2026-housing-tips/,92,112,109,1.184782608695652,103.01086956521739
google / cpc,core,【遠雄樂元】北屯機捷X好市多，雙首排大道最核心，夠近才最好,/buildings/bh7/,104,110,122,1.1730769230769231,25.932692307692307
google_kw / BH8,20240816_品牌字,台中西屯建案【遠雄洄山行】．2-4房方正格局,/buildings/BH8/,105,109,121,1.1523809523809523,23.923809523809524
google / cpc,RSH1-競品字,遠房實價登錄,/,106,108,131,1.2358490566037736,0.8018867924528302
fb / eh5,form,遠雄沐蘊-高雄市三民區預售屋/新建案-預約賞屋,/buildings/eh5/,104,108,110,1.0576923076923077,20.173076923076923
google / organic,(organic),龜山A7重劃區成北北桃生活圈潛力新核心 | 建案熱區巡禮 - 遠雄房地產,/life-proposal/area_taoyuan_guishan_a7_function/,101,108,111,1.099009900990099,75.17821782178218
google / organic,(organic),村泉蒔美｜門戶端點 從容跨界｜台北生活最美起點,/buildings/cqh1/,95,108,124,1.305263157894737,50.16842105263158
google / organic,(organic),遠雄沐蘊-高雄市三民區預售屋/新建案-預約賞屋,/buildings/eh5/,97,107,119,1.2268041237113403,49.23711340206186
fb / dh2,fb-52,台南永康新建案【遠雄山禾】-鹽行特區．3-4房,/buildings/dh2/,103,106,110,1.0679611650485437,18.78640776699029
fb / bh9,39,遠房實價登錄,/,101,106,126,1.2475247524752475,0.44554455445544555
fb / fh2,leads,遠房實價登錄,/,104,105,108,1.0384615384615385,0
mkto-sn070013.com / referral,(referral),2026二月主題報 - 遠雄房地產,/feb2026/,92,105,111,1.2065217391304348,16.097826086956523
m.facebook.com / referral,(referral),北士科建案【遠雄明玥】2000坪全街廓只蓋一棟．25-46坪,/buildings/ah1/,101,104,106,1.0495049504950495,2.376237623762376
google / organic,(organic),台南永康新建案【遠雄山禾】-鹽行特區．3-4房,/buildings/dh2/,85,104,117,1.3764705882352941,40.258823529411764
(direct) / (none),(direct),遠雄房地產精選預售屋(台北、新北、台中、桃園、台南、高雄) - 遠雄房地產,/building-category-tag/featured_pre_sale/,103,103,123,1.1941747572815533,14.398058252427184
(direct) / (none),(direct),北士科建案【遠雄泱玥】水岸首排．57-75坪,/buildings/ah2/,92,103,110,1.1956521739130435,34.51086956521739
fb / bh8,fb25-1,台中西屯建案【遠雄洄山行】．2-4房方正格局,/buildings/bh8/,97,102,106,1.092783505154639,35.175257731958766
(direct) / (none),(direct),遠雄MetaLink科技園區 | 機捷A7．A8站▕ VIP企業席次開放預約中,/buildings/hm2/,93,102,104,1.118279569892473,11.688172043010752
fb / dh2,fb-52,遠房實價登錄,/,100,101,106,1.06,0.94
(data not available),(cross-network),北士科建案【遠雄明玥】2000坪全街廓只蓋一棟．25-46坪,/buildings/ah1/,100,100,145,1.45,26.8
google / organic,(organic),台南預售屋全攻略：最新行情、熱門區域房價與建案挑選祕訣 - 遠雄房地產,/life-proposal/area_presold-house-in-tainan/,94,100,102,1.0851063829787233,81.84042553191489
taboola / fm3,ConA02,遠雄信義CENTER-新北市板橋區廠辦.商辦/預售新建案-預約賞屋,/buildings/fm3/,54,100,101,1.8703703703703705,0.5555555555555556
google / organic,(organic),高雄預售屋入手指南：最新建案推薦、選房與區域優勢總整理 - 遠雄房地產,/life-proposal/area_presold-house-in-kaohsiung/,91,99,113,1.2417582417582418,90.34065934065934
(direct) / (none),(direct),贈與稅與遺產稅免稅額解析｜房產贈與、買賣、繼承怎麼選 - 遠雄房地產,/life-proposal/gift_tax/,86,99,112,1.302325581395349,94.47674418604652
google / organic,(organic),[影音] 豪宅稅跟你也有關係：有房族注意！影響與計算不可不知｜專家觀點地政篇 - 遠雄房地產,/life-proposal/expert_zhu_mansion-tax-count_vedio_20250625/,83,99,97,1.1686746987951808,98.57831325301204
google / organic,(organic),防範代書詐騙，如何查詢地政士的合法性？｜專家觀點地政篇 - 遠雄房地產,/life-proposal/expert_zhu_expert_zhu_land-agent_20250917/,89,98,105,1.1797752808988764,61.69662921348315
google / organic,(organic),實價登錄怎麼看才不會被騙？常見6大陷阱與破解方法一次搞懂 - 遠雄房地產,/life-proposal/actual_selling_price20220708/,75,98,100,1.3333333333333333,62.84
fb / bh8,fb25-1,遠房實價登錄,/,96,97,111,1.15625,0.8229166666666666
line-lap / bh5,(not set),遠雄琉蘊 -台中市西屯區七期預售屋/新建案-預約賞屋，遠雄房地產,/buildings/bh5/,88,97,118,1.3409090909090908,3.352272727272727
google / organic,(organic),權狀坪數與室內坪數差在哪？看懂買房坪數組成，首購族不再被混淆 - 遠雄房地產,/life-proposal/ping/,86,97,96,1.1162790697674418,60.30232558139535
(not set),20260213一輪播,若水秧翠｜東京視野・頂埔門牌｜1~3房．20~42坪,/buildings/rsh1/,75,97,23,0.30666666666666664,3.96
google / organic,(organic),遠雄夏沐-桃園市桃園區成屋/新建案-預約賞屋，遠雄房地產,/buildings/遠雄夏沐/,82,96,114,1.3902439024390243,50.4390243902439
google / organic,(organic),遠雄MetaLink科技園區 | 機捷A7．A8站▕ VIP企業席次開放預約中,/buildings/hm2/,78,96,112,1.435897435897436,43.65384615384615
google / cpc,20250616_競品字,齊興_緻-台北市北投區/北士科住宅預售屋,/buildings/ar1/,91,95,103,1.1318681318681318,15.45054945054945
google / organic,(organic),建案熱區巡禮：龜山A7重劃區成北北桃生活圈潛力新核心 - 遠雄房地產,/life-proposal/area_taoyuan_guishan_a7_function/,83,94,93,1.1204819277108433,98.53012048192771
google / organic,(organic),遠雄琉蘊 -台中市西屯區七期預售屋/新建案-預約賞屋，遠雄房地產,/buildings/bh5/,81,94,96,1.1851851851851851,50.54320987654321
line-lap / bh7,lap-4,【遠雄樂元】北屯機捷X好市多，雙首排大道最核心，夠近才最好,/buildings/bh7/,29,94,95,3.2758620689655173,3.413793103448276
google_kw / BH8,20240816_品牌字,遠房實價登錄,/,91,93,116,1.2747252747252746,1.7142857142857142
google / cpc,beitun,【遠雄樂元】北屯機捷X好市多，雙首排大道最核心，夠近才最好,/buildings/bh7/,91,93,99,1.0879120879120878,21.703296703296704
google / cpc,(organic),熱銷建案一覽：遠雄全台預售屋、新建案、新成屋資訊,/case/search/,91,93,194,2.131868131868132,30.615384615384617
google / organic,(organic),買房前必查：銀行不會主動告訴你的「抵押權與順位」 | 專家觀點地政篇 - 遠雄房地產,/life-proposal/expert_zhu_mortgage-lien-priority/,81,93,95,1.1728395061728396,90.4074074074074
google / organic,(organic),齊興_緻-台北市北投區/北士科住宅預售屋,/buildings/ar1/,74,93,101,1.364864864864865,48.87837837837838
fb / bh5,leads,遠雄琉蘊 -台中市西屯區七期預售屋/新建案-預約賞屋，遠雄房地產,/buildings/bh5/,90,92,105,1.1666666666666667,38.7
google / cpc,extension,遠房實價登錄,/,89,91,110,1.2359550561797752,0.3707865168539326
taboola / fm3,ConA02,遠房實價登錄,/,44,91,106,2.409090909090909,0
google / cpc,(organic),[影音] 婚前買房v.s婚後買房｜房子登記誰的名字好｜專家觀點地政篇 - 遠雄房地產,/life-proposal/expert_zhu_marriage_20230614/,83,90,94,1.1325301204819278,134.89156626506025
google / organic,(organic),遠雄琢蘊-高雄市三民區預售屋/新建案-預約賞屋，遠雄房地產,/buildings/h902/,81,90,97,1.1975308641975309,35.46913580246913
(direct) / (none),(direct),遠雄14期首發【遠雄丰尚】北屯新案．近漢神洲際百貨,/buildings/bh11/,66,90,85,1.2878787878787878,22.59090909090909
fb / fh2,fb1-1,遠房實價登錄,/,87,89,89,1.0229885057471264,0
google / cpc,information2,遠雄14期首發【遠雄丰尚】北屯新案．近漢神洲際百貨,/buildings/bh11/,84,89,93,1.1071428571428572,18.023809523809526
(not set),20260213一輪播,遠雄信義CENTER-新北市板橋區廠辦.商辦/預售新建案-預約賞屋,/buildings/fm3/,45,89,86,1.9111111111111112,4.377777777777778
google / cpc,20250616_競品字,遠房實價登錄,/,86,88,98,1.1395348837209303,1.8488372093023255
fb / dh2,leads,台南永康新建案【遠雄山禾】-鹽行特區．3-4房,/buildings/dh2/,85,88,93,1.0941176470588236,21.129411764705882
google / cpc,competitor,【遠雄樂元】北屯機捷X好市多，雙首排大道最核心，夠近才最好,/buildings/bh7/,84,88,93,1.1071428571428572,17.5
fb / fh2,fb1-3,遠雄合雅｜板橋之心・合院之上｜2~3房．24~66坪,/buildings/fh2/,84,87,93,1.1071428571428572,31.916666666666668
gdn / bh11,20260113-12-3,遠雄14期首發【遠雄丰尚】北屯新案．近漢神洲際百貨,/buildings/bh11/,83,86,94,1.1325301204819278,0.8433734939759037
google / cpc,(organic),自用住宅免稅400萬怎麼申請？「持有、設籍、實住」3點不能忽略 | 專家觀點地政篇 - 遠雄房地產,/life-proposal/expert_zhu_ownership-criteria/,82,86,90,1.0975609756097562,118.36585365853658
google / organic,(organic),熱銷建案：預售屋、新建案、新成屋 -遠雄房地產,/case/,80,86,103,1.2875,13.7875
google / cpc,20250616_房地產投資,齊興_緻-台北市北投區/北士科住宅預售屋,/buildings/ar1/,79,86,87,1.1012658227848102,12.683544303797468
google / organic,(organic),2026年房地產市場將面臨八大考驗｜李同榮觀點 - 遠雄房地產,/life-proposal/expert_li_housing-challenges-2026/,72,86,86,1.1944444444444444,94.34722222222223
google_gdn / 5vo1,2601-1,聯上智科｜北士科AI總部 輝達核心軸線 -台北市北投區商辦/預售新建案-預約賞屋，遠創力行銷,/buildings/5vo1/,34,86,88,2.588235294117647,1.088235294117647
fb / fh2,fb12-2,遠房實價登錄,/,84,85,90,1.0714285714285714,0
fb / paid,120222247205050066,村泉蒔美｜門戶端點 從容跨界｜台北生活最美起點,/buildings/cqh1/,83,85,90,1.0843373493975903,32.33734939759036
google / organic,(organic),建案熱區巡禮：新北板橋區Tpark科技特區 (遠東通訊園區)生活圈 - 遠雄房地產,/life-proposal/area-s-tph_banqiao_tpark_function_20250314/,81,85,94,1.1604938271604939,85.0246913580247
line-lap / bh5,(not set),遠房實價登錄,/,77,85,111,1.4415584415584415,0
fb / bh5,leads,遠房實價登錄,/,84,84,101,1.2023809523809523,0.2261904761904762
ig / social,ig,遠雄房地產：最懂生活的購屋專家,/,81,84,88,1.0864197530864197,8.25925925925926
google / cpc,(not set),北士科建案【遠雄明玥】2000坪全街廓只蓋一棟．25-46坪,/buildings/ah1/,76,84,88,1.1578947368421053,15.605263157894736
google / cpc,(referral),北士科建案【遠雄明玥】2000坪全街廓只蓋一棟．25-46坪,/buildings/ah1/,79,83,81,1.0253164556962024,13.037974683544304
line-lap / cqh1,lap-2,村泉蒔美｜門戶端點 從容跨界｜台北生活最美起點,/buildings/cqh1/,40,82,85,2.125,0.425
fb / paid,120222247205050066,遠房實價登錄,/,80,80,86,1.075,1.0375
gdn / bh11,20260113-12-4,遠雄14期首發【遠雄丰尚】北屯新案．近漢神洲際百貨,/buildings/bh11/,79,80,90,1.139240506329114,0.4177215189873418
fb / bh7,fbpage,【遠雄樂元】北屯機捷X好市多，雙首排大道最核心，夠近才最好,/buildings/bh7/,75,80,84,1.12,24.4
fgr-line / ah1,20260220,北士科建案【遠雄明玥】2000坪全街廓只蓋一棟．25-46坪,/buildings/ah1/,75,78,89,1.1866666666666668,42.21333333333333
fb / O1,120227538157820464,遠雄房地產：最懂生活的購屋專家,/,69,78,85,1.2318840579710144,7.9855072463768115
(not set),20251230一輪播,遠雄房地產：最懂生活的購屋專家,/,13,78,128,9.846153846153847,65.76923076923077
google / organic,(organic),楠梓高大特區寵物友善地點推薦：必訪5家餐廳＋3大寵物同樂好去處 - 遠雄房地產,/life-proposal/area-kaohsiung-nanzi_nuk_pet-cafe_20250613/,73,77,84,1.1506849315068493,38.917808219178085
google / cpc,core,遠房實價登錄,/,73,76,82,1.1232876712328768,0.3287671232876712
google / cpc,20250616_房地產投資,遠房實價登錄,/,71,76,80,1.1267605633802817,0
google / organic,(organic),北屯敦富路【遠雄敦富】- 北屯機捷預售屋．近好市多,/buildings/bh10/,71,76,82,1.1549295774647887,34.563380281690144
google / cpc,(organic),遠雄蘴靚｜高雄楠梓新門戶｜捷運R21站旁｜3795坪豪闊基地,/buildings/eh6/,68,76,92,1.3529411764705883,60.205882352941174
fb / dh2,leads,遠房實價登錄,/,73,75,80,1.095890410958904,0
google_kw / bh5,(organic),遠雄琉蘊 -台中市西屯區七期預售屋/新建案-預約賞屋，遠雄房地產,/buildings/bh5/,73,74,73,1,0
fb / bh7,9,【遠雄樂元】北屯機捷X好市多，雙首排大道最核心，夠近才最好,/buildings/bh7/,72,74,74,1.0277777777777777,19.958333333333332
google_kw / cqh1,brand,村泉蒔美｜門戶端點 從容跨界｜台北生活最美起點,/buildings/cqh1/,56,74,72,1.2857142857142858,25.232142857142858
fb / bh11,11-3,遠雄14期首發【遠雄丰尚】北屯新案．近漢神洲際百貨,/buildings/bh11/,72,73,76,1.0555555555555556,11.791666666666666
fb / o1,20250422_23-1,遠雄THE ONE-高雄市前鎮區新成屋/新建案-預約賞屋,/buildings/o1/,69,73,73,1.0579710144927537,34.507246376811594
google_kw / BH8,20240816_台中高價建案,台中西屯建案【遠雄洄山行】．2-4房方正格局,/buildings/BH8/,66,73,75,1.1363636363636365,12.787878787878787
fb / h713,leads,遠雄幸福成｜即將落成 - 台中市清水區預售/新建案-預約賞屋，遠雄房地產,/buildings/h713/,67,72,81,1.208955223880597,29.761194029850746
google / organic,(organic),交屋型態差在哪？ 標配屋、實品屋、毛胚屋比一比 - 遠雄房地產,/life-proposal/handover202206010/,45,71,76,1.6888888888888889,67.11111111111111
google / organic,(organic),[影音] 地面師詐騙實例解析 - 三招防止房產被冒名過戶｜專家觀點地政篇 - 遠雄房地產,/life-proposal/expert_zhu_taiwan-land-scam/,67,70,70,1.044776119402985,46.26865671641791
google / organic,(organic),高雄楠梓區高大特區寵物友善景點散步趣：與毛孩共享綠意生活 - 遠雄房地產,/life-proposal/area-kaohsiung-nanzi_nuk_pet-walk_20250606/,60,70,71,1.1833333333333333,36.68333333333333
fb / o1,20250422_23-1,遠房實價登錄,/,66,69,71,1.0757575757575757,1.8636363636363635
(direct) / (none),(direct),遠雄星呈-台中市清水區預售屋/新建案-預約賞屋，遠雄房地產,/buildings/h707/,61,69,79,1.2950819672131149,31.37704918032787
google / organic,(organic),遠雄信義CENTER-新北市板橋區廠辦.商辦/預售新建案-預約賞屋,/buildings/fm3/,54,69,72,1.3333333333333333,51.51851851851852
fb / h707,1,遠雄星呈-台中市清水區預售屋/新建案-預約賞屋，遠雄房地產,/buildings/h707/,67,68,75,1.1194029850746268,32
google / cpc,beitun,遠房實價登錄,/,67,67,97,1.4477611940298507,0
fb / bh8,fb23-1,台中西屯建案【遠雄洄山行】．2-4房方正格局,/buildings/bh8/,65,67,68,1.0461538461538462,25.6
fb / bh10,fbearlybird_form,北屯敦富路【遠雄敦富】- 北屯機捷預售屋．近好市多,/buildings/bh10/,64,67,92,1.4375,27.125
google / organic,(organic),[影音] 北士科潛力揭密：輝達進駐引爆房市三大變革｜何世昌觀點 - 遠雄房地產,/life-proposal/影音-輝達北士科總部設立：帶動台北房市三大變/,60,67,64,1.0666666666666667,39.95
fgr-line / fgr,expert_zhu_taiwan-land-scam,[影音] 地面師詐騙實例解析 - 三招防止房產被冒名過戶｜專家觀點地政篇 - 遠雄房地產,/life-proposal/expert_zhu_taiwan-land-scam/,59,67,78,1.3220338983050848,72.84745762711864
google / organic,(organic),聯上智科｜北士科AI總部 輝達核心軸線 -台北市北投區商辦/預售新建案-預約賞屋，遠創力行銷,/buildings/5vo1/,56,67,77,1.375,36.285714285714285
google_kw / cqh1,brand,遠房實價登錄,/,51,67,68,1.3333333333333333,0
google / organic,(organic),記住銀行授信 5P 原則，首購族提高貸款成數與利率談判力的關鍵指南 - 遠雄房地產,/life-proposal/pre_mortgage_20221215/,47,67,59,1.2553191489361701,65.38297872340425
google / cpc,type,遠雄沐蘊-高雄市三民區預售屋/新建案-預約賞屋,/buildings/eh5/,62,65,74,1.1935483870967742,31.14516129032258
fb / bh8,leads,台中西屯建案【遠雄洄山行】．2-4房方正格局,/buildings/bh8/,60,65,63,1.05,25.016666666666666
google_kw / BH8,20240816_台中高價建案,遠房實價登錄,/,58,65,77,1.3275862068965518,0.7241379310344828
google / organic,(organic),聰明買房不吃虧，謄本訊息知多少 - 遠雄房地產,/life-proposal/transcript_20221007/,56,65,65,1.1607142857142858,55.642857142857146
line-lap / cqh1,lap-2,遠房實價登錄,/,27,65,78,2.888888888888889,0
fgr-line / ah1,20260220,遠房實價登錄,/,64,64,83,1.296875,0
fb / bh8,fb23-1,遠房實價登錄,/,62,64,65,1.0483870967741935,0.03225806451612903
line-fgr / bh7,linefgrbh7,【遠雄樂元】北屯機捷X好市多，雙首排大道最核心，夠近才最好,/buildings/bh7/,58,64,75,1.293103448275862,23.517241379310345
google_gdn / 5vo1,20251201,聯上智科｜北士科AI總部 輝達核心軸線 -台北市北投區商辦/預售新建案-預約賞屋，遠創力行銷,/buildings/5vo1/,40,64,77,1.925,1.75
google_kw / bh5,(organic),遠房實價登錄,/,63,63,63,1,0
fb / fh2,fb1-3,遠房實價登錄,/,63,63,68,1.0793650793650793,0
fb / eh2,12-1,遠雄一靚｜楠梓新案．高大特區首發｜早鳥預約中,/buildings/eh2/,63,63,64,1.0158730158730158,8.555555555555555
google / organic,(organic),水湳建案【遠雄綠美】鄰近綠美圖．中央公園預售屋,/buildings/bh9/,58,63,63,1.0862068965517242,45.39655172413793
google / organic,(organic),台經院產經資料庫總監、APIAA院士  劉佩真 彙整 - 遠雄房地產,/life-proposal-category/expert_point/pei_zhen/,62,62,72,1.1612903225806452,13.241935483870968
(direct) / (none),(direct),2026 投資佈局：聚焦AI基建、核能、國防、稀土、貴金屬與穩定幣 | 財經M平方觀點 - 遠雄房地產,/life-proposal/expert_macromicro_2026-mega-trends/,59,62,61,1.0338983050847457,39.42372881355932
(not set),(not set),北士科建案【遠雄明玥】2000坪全街廓只蓋一棟．25-46坪,/buildings/ah1/,46,62,26,0.5652173913043478,72.93478260869566
google / organic,(organic),買房大小事：銀行貸款對保必備文件 - 遠雄房地產,/life-proposal/land_documents/,55,61,66,1.2,48.29090909090909
google / organic,(organic),遠雄房地產精選預售屋(台北、新北、台中、桃園、台南、高雄) - 遠雄房地產,/building-category-tag/featured_pre_sale/,56,60,73,1.3035714285714286,16.303571428571427
google / organic,(organic),熱銷建案一覽：遠雄全台預售屋、新建案、新成屋資訊,/case/search/page/3/,55,60,76,1.3818181818181818,27.98181818181818
google / organic,(organic),2025年南台灣房市潛力區域專題報導 - 10大優質投資區域分析｜何世昌觀點 - 遠雄房地產,/life-proposal/expert_hoshichang_south-potential/,53,60,57,1.0754716981132075,61.924528301886795
google / organic,(organic),2026 商用不動產佈局先機：穩健中求進步，掌握先機｜劉學龍觀點 - 遠雄房地產,/life-proposal/expert_liu_tw-commercial-property-2026/,50,60,55,1.1,80.98
pop-outdoor / eh6,20260201,遠雄蘴靚｜高雄楠梓新門戶｜捷運R21站旁｜3795坪豪闊基地,/buildings/eh6/,44,60,68,1.5454545454545454,48.59090909090909
fb / rsh1,leads,若水秧翠｜東京視野・頂埔門牌｜1~3房．20~42坪,/buildings/rsh1/,55,59,63,1.1454545454545455,23.87272727272727
google / cpc,(organic),只有不動產怎麼繳遺產稅？實物抵繳是否划算？｜專家觀點地政篇 - 遠雄房地產,/life-proposal/expert_zhu_property_offset-2_20241220/,54,59,57,1.0555555555555556,98.01851851851852
google_kw / ah1,googlemap,北士科建案【遠雄明玥】2000坪全街廓只蓋一棟．25-46坪,/buildings/ah1/,53,59,66,1.2452830188679245,51.490566037735846
(direct) / (none),(direct),自用住宅免稅400萬怎麼申請？「持有、設籍、實住」3點不能忽略 | 專家觀點地政篇 - 遠雄房地產,/life-proposal/expert_zhu_ownership-criteria/,50,59,68,1.36,51.76
line-lap / eh2,20251209,遠雄一靚｜楠梓新案．高大特區首發｜早鳥預約中,/buildings/eh2/,21,59,63,3,7.9523809523809526
fb / eh5,fb12-3,遠雄沐蘊-高雄市三民區預售屋/新建案-預約賞屋,/buildings/eh5/,57,58,67,1.1754385964912282,17.29824561403509
fb / bh7,fbpage,遠房實價登錄,/,56,58,65,1.1607142857142858,0
line / bh11,20251204,遠雄14期首發【遠雄丰尚】北屯新案．近漢神洲際百貨,/buildings/bh11/,28,58,68,2.4285714285714284,2
line-lap / eh2,20251101,遠雄一靚｜楠梓新案．高大特區首發｜早鳥預約中,/buildings/eh2/,10,58,59,5.9,0.5
fb / bh10,fbearlybird_form,遠房實價登錄,/,57,57,78,1.368421052631579,1.4736842105263157
google / cpc,extension,遠雄合雅｜板橋之心・合院之上｜2~3房．24~66坪,/buildings/fh2/,55,57,61,1.1090909090909091,19.763636363636362
fb / bh8,leads,遠房實價登錄,/,54,57,62,1.1481481481481481,0
googlemap / o1,googlemap,遠雄房地產：最懂生活的購屋專家,/,51,57,64,1.2549019607843137,8.686274509803921
google / organic,(organic),賣房想省稅？別踩房地合一稅虛報裝修陷阱 | 專家觀點地政篇 - 遠雄房地產,/life-proposal/expert_zhu_false-renovation-traps/,51,57,53,1.0392156862745099,115.52941176470588
google / cpc,extension,齊興_緻-台北市北投區/北士科住宅預售屋,/buildings/ar1/,54,56,62,1.1481481481481481,29.64814814814815
fgr-line / bh8,20260207,遠房實價登錄,/,52,55,68,1.3076923076923077,1.1538461538461537
fgr-line / bh8,20260207,台中西屯建案【遠雄洄山行】．2-4房方正格局,/buildings/bh8/,52,55,63,1.2115384615384615,25.75
fgr-line / rsh1,20260130,若水秧翠｜東京視野・頂埔門牌｜1~3房．20~42坪,/buildings/rsh1/,44,55,56,1.2727272727272727,10.977272727272727
fb / fbpage,(not set),村泉蒔美｜門戶端點 從容跨界｜台北生活最美起點,/buildings/cqh1/,52,54,54,1.0384615384615385,34.75
fb / dh2,fb-53,台南永康新建案【遠雄山禾】-鹽行特區．3-4房,/buildings/dh2/,52,54,56,1.0769230769230769,23.98076923076923
google_kw / BH8,20240816_台中 建案,台中西屯建案【遠雄洄山行】．2-4房方正格局,/buildings/BH8/,50,54,55,1.1,25.8
google / organic,(organic),退休以後怎麼住？你適合青銀共居、養生村還是全齡宅？ - 遠雄房地產,/life-proposal/retiredlife_20230220/,52,53,54,1.0384615384615385,49.03846153846154
fb / paid,120207082473750558,水湳建案【遠雄綠美】鄰近綠美圖．中央公園預售屋,/buildings/bh9/,51,53,63,1.2352941176470589,39.509803921568626
google / cpc,(organic),生前贈與還是繳遺產稅，哪個比較划算？結果可能超乎你的想像｜專家觀點地政篇 - 遠雄房地產,/life-proposal/expert_zhu_gift-and-estate-tax_20250509/,51,53,52,1.0196078431372548,119.09803921568627
fb / paid,120241173002890402,北士科建案【遠雄明玥】2000坪全街廓只蓋一棟．25-46坪,/buildings/ah1/,50,53,54,1.08,26.74
google / cpc,(not set),遠雄琉蘊 -台中市西屯區七期預售屋/新建案-預約賞屋，遠雄房地產,/buildings/bh5/,48,53,60,1.25,16.729166666666668
google / organic,(organic),預售屋買賣契約簽約時應注意「契約審閱期」｜永然法律不動產專欄 - 遠雄房地產,/life-proposal/expert_law_y-rlee_contract_20250613/,47,53,53,1.127659574468085,76.61702127659575
google / organic,(organic),限貸令對各族群影響 (下) 首購、換屋、繼承族群影響為何?｜專家觀點地政篇 - 遠雄房地產,/life-proposal/expert_zhu_loan-restriction2_20250219/,47,53,56,1.1914893617021276,87.48936170212765
google / organic,(organic),專家觀點地政篇：不動產抵押權重點詳解 - 遠雄房地產,/life-proposal/expert_zhu_hypothec_20230815/,45,53,49,1.0888888888888888,89.57777777777778
google / cpc,(organic),退休以後怎麼住？你適合青銀共居、養生村還是全齡宅？ - 遠雄房地產,/life-proposal/retiredlife_20230220/,49,52,56,1.1428571428571428,100.87755102040816
google / cpc,(organic),遠雄沐蘊-高雄市三民區預售屋/新建案-預約賞屋,/buildings/eh5/,48,52,66,1.375,37.375
google / organic,(organic),安南重劃首選【遠雄藏萃】全新落成，珍稀戶別釋出！,/buildings/dh5/,47,52,55,1.1702127659574468,34.212765957446805
(direct) / (none),(direct),戶籍遷入辦理教學｜買房後戶籍異動流程與準備文件全攻略 - 遠雄房地產,/life-proposal/land_household_registration/,44,52,60,1.3636363636363635,30.681818181818183
google_gdn / 5vo1,2601-2,聯上智科｜北士科AI總部 輝達核心軸線 -台北市北投區商辦/預售新建案-預約賞屋，遠創力行銷,/buildings/5vo1/,30,52,51,1.7,0.3
google / cpc,brand,遠雄房地產精選預售屋(台北、新北、台中、桃園、台南、高雄) - 遠雄房地產,/building-category-tag/featured_pre_sale/,51,51,70,1.3725490196078431,19.274509803921568
line-fgr / bh7,linefgrbh7,遠房實價登錄,/,49,51,63,1.2857142857142858,1.163265306122449
(direct) / (none),(direct),遠雄沐蘊-高雄市三民區預售屋/新建案-預約賞屋,/buildings/eh5/,49,51,57,1.163265306122449,20.06122448979592
google_kw / 5vo1,202511,輝達落腳時程出爐，北士科商辦掀全球卡位戰 - 遠雄房地產,/life-proposal/nvidia-beishi-office/,46,51,51,1.108695652173913,60.93478260869565
m.facebook.com / referral,(referral),遠雄14期首發【遠雄丰尚】北屯新案．近漢神洲際百貨,/buildings/bh11/,50,50,50,1,1.68
mkto-sn070013.com / referral,(referral),取消訂閱 - 遠雄房地產 %,/unsubscribe/,49,50,52,1.0612244897959184,2.857142857142857
google_kw / BH8,20240816_台中 建案,遠房實價登錄,/,48,50,55,1.1458333333333333,0.4375
fgr-line / ah2,20260204,北士科建案【遠雄泱玥】水岸首排．57-75坪,/buildings/ah2/,48,50,55,1.1458333333333333,44.541666666666664
fb / fh2,fbfanpage,遠雄合雅｜板橋之心・合院之上｜2~3房．24~66坪,/buildings/fh2/,45,50,48,1.0666666666666667,27.444444444444443
google_kw / dh2,(not set),台南永康新建案【遠雄山禾】-鹽行特區．3-4房,/buildings/dh2/,44,50,54,1.2272727272727273,12.113636363636363
fgr-line / ah2,20260210,遠雄泱玥 圍爐煮茶．曉光迎福 - 遠雄房地產,/activity-report/遠雄泱玥-圍爐煮茶．曉光迎福/,42,50,78,1.8571428571428572,30.285714285714285
google / cpc,(not set),遠雄一靚｜楠梓新案．高大特區首發｜早鳥預約中,/buildings/eh2/,46,49,52,1.1304347826086956,12.869565217391305
google / organic,(organic),社區有綠建築標章有何好處？ - 遠雄房地產,/life-proposal/ease_greenbuilding_20230608/,42,49,49,1.1666666666666667,41.07142857142857
fb / bh7,9,遠房實價登錄,/,48,48,51,1.0625,0
m.facebook.com / referral,(referral),遠雄蘴靚｜高雄楠梓新門戶｜捷運R21站旁｜3795坪豪闊基地,/buildings/eh6/,48,48,48,1,2.2291666666666665
google_kw / hm2,202511,遠雄MetaLink科技園區 | 機捷A7．A8站▕ VIP企業席次開放預約中,/buildings/hm2/,48,48,48,1,0
google / cpc,area,遠房實價登錄,/,47,48,57,1.2127659574468086,2.8297872340425534
fb / dh2,fb-53,遠房實價登錄,/,47,48,50,1.0638297872340425,0
fgr-line / ah2,20260204,遠房實價登錄,/,46,48,53,1.1521739130434783,0.717391304347826
google_kw / ah1,googlemap,遠房實價登錄,/,46,48,58,1.2608695652173914,0
(direct) / (none),(direct),2025房市回顧與2026盤整展望：政策與市場趨勢解析｜劉佩真觀點 - 遠雄房地產,/life-proposal/expert_peizhen_real-estate-2026/,44,48,48,1.0909090909090908,35.38636363636363
fgr-line / eh6,20260220,遠雄蘴靚｜高雄楠梓新門戶｜捷運R21站旁｜3795坪豪闊基地,/buildings/eh6/,43,48,58,1.3488372093023255,71.3953488372093
bing / organic,(organic),遠房實價登錄,/,41,48,71,1.7317073170731707,4.317073170731708
tw.search.yahoo.com / referral,(referral),遠雄合雅｜板橋之心・合院之上｜2~3房．24~66坪,/buildings/fh2/,37,48,52,1.4054054054054055,88.86486486486487
google_kw / BH8,20240816_透天/豪宅/別墅,台中西屯建案【遠雄洄山行】．2-4房方正格局,/buildings/BH8/,47,47,48,1.0212765957446808,17.19148936170213
fb / ar1,fb8-5,齊興_緻-台北市北投區/北士科住宅預售屋,/buildings/ar1/,47,47,47,1,8.574468085106384
fb / paid,120238552444900537,遠雄14期首發【遠雄丰尚】北屯新案．近漢神洲際百貨,/buildings/bh11/,47,47,48,1.0212765957446808,14.53191489361702
fb / paid,120207082473750558,遠房實價登錄,/,45,47,55,1.2222222222222223,0
fb / h713,106,遠雄幸福成｜即將落成 - 台中市清水區預售/新建案-預約賞屋，遠雄房地產,/buildings/h713/,45,47,52,1.1555555555555554,33.62222222222222
google / organic,(organic),建案熱區巡禮：高雄農十六（凹子底地區）指標豪宅生活區 - 遠雄房地產,/life-proposal/area-s-kaohsiung-farm1620200520/,45,47,51,1.1333333333333333,75.75555555555556
google / organic,(organic),公設比多少合理？秒懂公設定義與公設比計算–「首購族看房買屋攻略」 - 遠雄房地產,/life-proposal/ratio_of_public_area/,41,47,45,1.0975609756097562,62.5609756097561
google / organic,(organic),輝達落腳時程出爐，北士科商辦掀全球卡位戰 - 遠雄房地產,/life-proposal/nvidia-beishi-office/,40,47,47,1.175,24.75
tw.search.yahoo.com / referral,(referral),遠雄蘴靚｜高雄楠梓新門戶｜捷運R21站旁｜3795坪豪闊基地,/buildings/eh6/,30,47,48,1.6,117.5
(data not available),(cross-network),遠雄信義CENTER-新北市板橋區廠辦.商辦/預售新建案-預約賞屋,/buildings/fm3/,46,46,75,1.6304347826086956,7.086956521739131
fb / bh8,fanpage,台中西屯建案【遠雄洄山行】．2-4房方正格局,/buildings/bh8/,45,46,47,1.0444444444444445,28.066666666666666
google / organic,(organic),遠雄仰森,/HH3/main,42,46,50,1.1904761904761905,23.595238095238095
google / cpc,extensions,遠雄信義CENTER-新北市板橋區廠辦.商辦/預售新建案-預約賞屋,/buildings/fm3/,42,46,44,1.0476190476190477,0.6428571428571429
google / organic,(organic),社區營運兩三事：管理費與公共基金 - 遠雄房地產,/life-proposal/land_fund/,41,46,51,1.2439024390243902,65.53658536585365
google / organic,(organic),私法人取得不動產的限制｜專家觀點地政篇 - 遠雄房地產,/life-proposal/expert_zhu_private-corporation_20231114/,37,46,47,1.2702702702702702,57.5945945945946
fb / h707,40,遠雄星呈-台中市清水區預售屋/新建案-預約賞屋，遠雄房地產,/buildings/h707/,45,45,49,1.0888888888888888,48.15555555555556
fb / fbpage,(not set),遠房實價登錄,/,44,45,47,1.0681818181818181,0.06818181818181818
fb / hm2,0206,遠雄MetaLink科技園區 | 機捷A7．A8站▕ VIP企業席次開放預約中,/buildings/hm2/,44,45,47,1.0681818181818181,31.022727272727273
(direct) / (none),(direct),熱銷建案：預售屋、新建案、新成屋 -遠雄房地產,/case/,44,45,56,1.2727272727272727,7.0227272727272725
google / organic,(organic),建案熱區巡禮：桃園龜山重大建設帶動發展利多 - 遠雄房地產,/life-proposal/area-l-taoyuan-guishan/,44,45,47,1.0681818181818181,49.59090909090909
m.facebook.com / referral,(referral),聯上智科｜北士科AI總部 輝達核心軸線 -台北市北投區商辦/預售新建案-預約賞屋，遠創力行銷,/buildings/5vo1/,44,44,46,1.0454545454545454,9.431818181818182
google_kw / BH8,20240816_台中中科,台中西屯建案【遠雄洄山行】．2-4房方正格局,/buildings/BH8/,43,44,45,1.0465116279069768,23.046511627906977
fgr-line / dh2,20260210,遠雄山禾 🌸山禾花開．新春好時光🌸 - 遠雄房地產,/activity-report/遠雄山禾-🌸山禾花開．新春好時光🌸/,41,44,55,1.3414634146341464,17.463414634146343
google / organic,(organic),共同繼承來的房地產，要如何進行分割呢？ | 永然法律不動產專欄 - 遠雄房地產,/life-proposal/expert_law_y-rlee_property-division/,40,44,43,1.075,124.975
fb / eh1,fb20262-2,高雄建案推薦【遠雄峰蘊】- 三民區預售屋．近科工館,/buildings/eh1/,38,44,47,1.236842105263158,20.42105263157895
(direct) / (none),(direct),2026年預售市場一針見血的銷售與購買策略｜李同榮觀點 - 遠雄房地產,/life-proposal/expert_li_2026-housing-tips/,35,44,44,1.2571428571428571,47.457142857142856
(not set),20260213一輪播,大河商爵-台北市士林區廠辦/預售新建案-預約賞屋，遠創力行銷,/buildings/dgm1/,21,44,32,1.5238095238095237,35.476190476190474
google / cpc,(organic),遠雄幸福成｜即將落成 - 台中市清水區預售/新建案-預約賞屋，遠雄房地產,/buildings/h713/,42,43,47,1.119047619047619,41.04761904761905
google_kw / h707,(organic),遠雄星呈-台中市清水區預售屋/新建案-預約賞屋，遠雄房地產,/buildings/h707/,43,43,43,1,1.6511627906976745
ig / paid,120229456515280138,【遠雄樂元】北屯機捷X好市多，雙首排大道最核心，夠近才最好,/buildings/bh7/,42,43,42,1,18.666666666666668
google_kw / BH8,20240816_透天/豪宅/別墅,遠房實價登錄,/,43,43,49,1.1395348837209303,0.5348837209302325
fb / hm2,0209,遠雄MetaLink科技園區 | 機捷A7．A8站▕ VIP企業席次開放預約中,/buildings/hm2/,41,43,57,1.3902439024390243,8.804878048780488
(direct) / (none),(direct),熱銷建案一覽：遠雄全台預售屋、新建案、新成屋資訊,/case/search/page/2/,41,43,61,1.4878048780487805,15.707317073170731
google / organic,(organic),房地一族看過來，與你有關的國稅局查稅重點 - 遠雄房地產,/life-proposal/tax_inspection_20230119/,39,43,43,1.1025641025641026,49.92307692307692
google / organic,(organic),[影音] 停車位買賣詳細解析-你需要知道的車位權利｜專家觀點地政篇 - 遠雄房地產,/life-proposal/expert_zhu_property_parking_vedio_20240828/,34,43,41,1.2058823529411764,70.47058823529412
reurl.cc / referral,(referral),2026 商用不動產佈局先機：穩健中求進步，掌握先機｜劉學龍觀點 - 遠雄房地產,/life-proposal/expert_liu_tw-commercial-property-2026/,31,43,40,1.2903225806451613,77.70967741935483
fb / bh8,fanpage,遠房實價登錄,/,42,42,45,1.0714285714285714,0.8095238095238095
google / organic,(organic),預約賞屋手機驗證 - 遠雄房地產,/mob_verify/,42,42,47,1.119047619047619,21.571428571428573
google / cpc,(organic),遠雄房地產：最懂生活的購屋專家,/,39,42,46,1.1794871794871795,15.333333333333334
google / cpc,(organic),台中西屯建案【遠雄洄山行】．2-4房方正格局,/buildings/bh8/,38,42,51,1.3421052631578947,69.07894736842105
fb / eh1,fb20262-2,遠房實價登錄,/,37,42,45,1.2162162162162162,0.43243243243243246
(not set),(not set),遠雄MetaLink科技園區 | 機捷A7．A8站▕ VIP企業席次開放預約中,/buildings/hm2/,31,42,9,0.2903225806451613,17.612903225806452
fb / ar1,fb8-5,遠房實價登錄,/,41,41,41,1,0
google / organic,(organic),熱銷建案一覽：遠雄全台預售屋、新建案、新成屋資訊,/case/search/page/4/,41,41,49,1.1951219512195121,15.731707317073171
fb / fbpage,(referral),村泉蒔美｜門戶端點 從容跨界｜台北生活最美起點,/buildings/cqh1/,40,41,42,1.05,22.175
fb / ar1,fb7-2,齊興_緻-台北市北投區/北士科住宅預售屋,/buildings/ar1/,39,41,45,1.1538461538461537,45.15384615384615
fgr-line / fgr,expert_li_2026-housing-tips,2026年預售市場一針見血的銷售與購買策略｜李同榮觀點 - 遠雄房地產,/life-proposal/expert_li_2026-housing-tips/,39,41,46,1.1794871794871795,128.56410256410257
fgr-line / fh2,20260210,來遠雄合雅一起HOYA(好野)過好年！ - 遠雄房地產,/activity-report/來遠雄合雅一起hoya好野過好年！/,36,41,52,1.4444444444444444,37.111111111111114
google_kw / dh2,(not set),遠房實價登錄,/,35,41,44,1.2571428571428571,0
fgr-line / h707,20260210,遠雄星呈🐴駿年好運到．行館新歲時 - 遠雄房地產,/activity-report/遠雄星呈🐴駿年好運到．行館新歲時/,35,41,53,1.5142857142857142,28.228571428571428
google / cpc,area,遠雄房地產精選預售屋(台北、新北、台中、桃園、台南、高雄) - 遠雄房地產,/building-category-tag/featured_pre_sale/,39,40,49,1.2564102564102564,16.71794871794872
fb / rsh1,fb1-5,若水秧翠｜東京視野・頂埔門牌｜1~3房．20~42坪,/buildings/rsh1/,40,40,42,1.05,27.525
fb / h713,leads,遠房實價登錄,/,40,40,42,1.05,0
fb / ah1,fb-3,北士科建案【遠雄明玥】2000坪全街廓只蓋一棟．25-46坪,/buildings/ah1/,39,40,41,1.0512820512820513,21.794871794871796
fb / paid,120238384775810537,遠雄14期首發【遠雄丰尚】北屯新案．近漢神洲際百貨,/buildings/bh11/,38,40,45,1.1842105263157894,30.81578947368421
fb / paid,120229456515280138,【遠雄樂元】北屯機捷X好市多，雙首排大道最核心，夠近才最好,/buildings/bh7/,38,40,39,1.0263157894736843,19.92105263157895
fb / hm2,251202,遠雄MetaLink科技園區 | 機捷A7．A8站▕ VIP企業席次開放預約中,/buildings/hm2/,36,40,38,1.0555555555555556,13.055555555555555
lbs-sms / hm2,0207,遠雄MetaLink科技園區 | 機捷A7．A8站▕ VIP企業席次開放預約中,/buildings/hm2/,26,40,53,2.0384615384615383,62.5
google / organic,(organic),熱銷建案一覽：遠雄全台預售屋、新建案、新成屋資訊,/case/search/page/6/,31,39,33,1.064516129032258,8.290322580645162
google / cpc,(organic),地上權建物可以買嗎？優缺點一次看 - 遠雄房地產,/life-proposal/superficial_rights/,39,39,39,1,92.41025641025641
fb / bh11,fanpagebutton,遠雄14期首發【遠雄丰尚】北屯新案．近漢神洲際百貨,/buildings/bh11/,38,39,43,1.131578947368421,24.210526315789473
fb / eh2,fb13-2,遠雄一靚｜楠梓新案．高大特區首發｜早鳥預約中,/buildings/eh2/,38,39,39,1.0263157894736843,11.789473684210526
google / cpc,(organic),北屯敦富路【遠雄敦富】- 北屯機捷預售屋．近好市多,/buildings/bh10/,36,39,43,1.1944444444444444,51.666666666666664
google / cpc,(organic),繼承房產兄弟姊妹吵翻天？遺囑、登記與分配機制一次講清楚｜專家觀點地政篇 - 遠雄房地產,/life-proposal/expert_zhu_inherit-siblings_20250704/,35,39,39,1.1142857142857143,138.94285714285715
fb / paid,120241173002890402,遠房實價登錄,/,39,39,40,1.0256410256410255,0
(not set),20260213一輪播,贈與稅與遺產稅免稅額解析｜房產贈與、買賣、繼承怎麼選 - 遠雄房地產,/life-proposal/gift_tax/,28,39,18,0.6428571428571429,107.82142857142857
bing / organic,(organic),2025房市回顧與2026盤整展望：政策與市場趨勢解析｜劉佩真觀點 - 遠雄房地產,/life-proposal/expert_peizhen_real-estate-2026/,22,39,28,1.2727272727272727,105.9090909090909
fb / fh2,fbfanpage,遠房實價登錄,/,38,38,39,1.0263157894736843,0
fb / rsh1,leads,遠房實價登錄,/,38,38,38,1,0
ig / paid,120238552444900537,遠雄14期首發【遠雄丰尚】北屯新案．近漢神洲際百貨,/buildings/bh11/,38,38,40,1.0526315789473684,8.68421052631579
google_kw / BH8,20240816_台中中科,遠房實價登錄,/,37,38,43,1.162162162162162,1.054054054054054
fb / bh5,44,遠雄琉蘊 -台中市西屯區七期預售屋/新建案-預約賞屋，遠雄房地產,/buildings/bh5/,37,38,37,1,36
fb / eh1,11-2,高雄建案推薦【遠雄峰蘊】- 三民區預售屋．近科工館,/buildings/eh1/,37,38,39,1.054054054054054,16.945945945945947
google / organic,(organic),建案熱區巡禮：桃園小檜溪(青溪特區)舊商圈+眾多綠地的宜人生活 - 遠雄房地產,/life-proposal/area-s-taoyuan-green20220520/,37,38,38,1.027027027027027,55.91891891891892
(direct) / (none),(direct),預約賞屋手機驗證 - 遠雄房地產,/mob_verify/,36,38,41,1.1388888888888888,20.944444444444443
line-lap / dh2,15,台南永康新建案【遠雄山禾】-鹽行特區．3-4房,/buildings/dh2/,31,38,37,1.1935483870967742,1.7096774193548387
google / cpc,20250901,遠雄一靚｜楠梓新案．高大特區首發｜早鳥預約中,/buildings/eh2/,11,38,39,3.5454545454545454,1.1818181818181819
google / cpc,(not set),水湳建案【遠雄綠美】鄰近綠美圖．中央公園預售屋,/buildings/bh9/,34,37,43,1.2647058823529411,30
m.facebook.com / referral,(referral),遠雄星呈-台中市清水區預售屋/新建案-預約賞屋，遠雄房地產,/buildings/h707/,37,37,37,1,1.3783783783783783
fb / ar1,fb7-2,遠房實價登錄,/,36,37,41,1.1388888888888888,1.3333333333333333
fb / fbpage,(referral),遠房實價登錄,/,37,37,39,1.054054054054054,0.35135135135135137
google / cpc,competitor,高雄建案推薦【遠雄峰蘊】- 三民區預售屋．近科工館,/buildings/eh1/,34,37,37,1.088235294117647,9.794117647058824
google / organic,(organic),買房大小事：交屋到入住前不可不知 - 遠雄房地產,/life-proposal/land_handover/,34,37,38,1.1176470588235294,55.11764705882353
fgr-line / bh7,20260220,【遠雄樂元】北屯機捷X好市多，雙首排大道最核心，夠近才最好,/buildings/bh7/,33,37,39,1.1818181818181819,33.878787878787875
(direct) / (none),(direct),2026年房地產市場將面臨八大考驗｜李同榮觀點 - 遠雄房地產,/life-proposal/expert_li_housing-challenges-2026/,33,37,38,1.1515151515151516,22.484848484848484
mkto-sn070013.com / referral,(referral),[影音] 房產傳承案例解析：買賣與贈與的差別、實務操作與法律風險 - 遠雄房地產,/life-proposal/expert_zhu_video_buy-vs-gift/,28,37,35,1.25,67.67857142857143
google / organic,(organic),銀髮住宅可望成為台灣房地產市場的新藍海｜劉佩真觀點 - 遠雄房地產,/life-proposal/expert_peizhen_commercial_elderly-residence_20250509/,26,37,32,1.2307692307692308,74.11538461538461
avivid / bh11,20251212,遠房實價登錄,/,36,36,40,1.1111111111111112,4.194444444444445
fb / bh5,44,遠房實價登錄,/,36,36,37,1.0277777777777777,3.9722222222222223
(direct) / (none),(direct),活動報報：最新活動一覽與公告資訊 -遠雄房地產,/activity_report/,36,36,36,1,2.138888888888889
fb / eh5,fb30-2,遠雄沐蘊-高雄市三民區預售屋/新建案-預約賞屋,/buildings/eh5/,36,36,36,1,0.4722222222222222
ig / paid,120241173002890402,北士科建案【遠雄明玥】2000坪全街廓只蓋一棟．25-46坪,/buildings/ah1/,35,36,37,1.0571428571428572,24.428571428571427
fb / bh7,16,【遠雄樂元】北屯機捷X好市多，雙首排大道最核心，夠近才最好,/buildings/bh7/,35,36,43,1.2285714285714286,23.742857142857144
fgr-line / eh6,20260210,遠雄蘴靚｜高雄楠梓新門戶｜捷運R21站旁｜3795坪豪闊基地,/buildings/eh6/,33,36,53,1.606060606060606,51.54545454545455
google / organic,(organic),我該購買預售屋還是成屋？｜專家觀點地政篇 - 遠雄房地產,/life-proposal/expert_zhu_presale_20230314/,31,36,34,1.096774193548387,114.87096774193549
line-lap / dh2,15,遠房實價登錄,/,30,36,42,1.4,0
google / organic,(organic),新成屋、預售屋簽約注意事項–「首購族看房買屋攻略」 - 遠雄房地產,/life-proposal/contract/,29,36,39,1.3448275862068966,79.06896551724138
google / organic,(organic),到底停車位、露臺、屋頂屬於誰的？｜專家觀點地政篇 - 遠雄房地產,/life-proposal/expert_zhu_public-area_20230718/,23,36,37,1.608695652173913,140.56521739130434
google / cpc,extensions,遠房實價登錄,/,33,35,35,1.0606060606060606,0
fb / h713,114,遠雄幸福成｜即將落成 - 台中市清水區預售/新建案-預約賞屋，遠雄房地產,/buildings/h713/,35,35,35,1,37.68571428571428
fb / eh1,11-2,遠房實價登錄,/,34,35,35,1.0294117647058822,0.35294117647058826
fb / cqh1,fb-37,遠房實價登錄,/,34,35,35,1.0294117647058822,0
fb / eh6,fb2-2,遠雄蘴靚｜高雄楠梓新門戶｜捷運R21站旁｜3795坪豪闊基地,/buildings/eh6/,34,35,37,1.088235294117647,9.176470588235293
ig / social,ig,熱銷建案一覽：遠雄全台預售屋、新建案、新成屋資訊,/case/search/,34,35,65,1.911764705882353,27.676470588235293
google / organic,(organic),合資買房如何保障自身權益？｜專家觀點地政篇 - 遠雄房地產,/life-proposal/expert_zhu_buyhouse_joint_20240117/,34,35,37,1.088235294117647,67.32352941176471
(direct) / (none),(direct),台中西屯建案【遠雄洄山行】．2-4房方正格局,/buildings/BH8/,35,35,37,1.0571428571428572,26.285714285714285
google / organic,(organic),熱銷建案一覽：遠雄全台預售屋、新建案、新成屋資訊,/case/search/page/5/,33,35,44,1.3333333333333333,30.363636363636363
google / organic,(organic),2026 前鎮發展全解析：從 205 兵工廠搬遷到亞灣 2.0 智慧新城 | 建案熱區巡禮 - 遠雄房地產,/life-proposal/area-l-kaohsiung-qianzhen_20220805/,31,35,36,1.1612903225806452,112.29032258064517
google / organic,(organic),高雄楠梓區高大特區生活圈 | 建案熱區巡禮 - 遠雄房地產,/life-proposal/area-kaohsiung-nanzi_nuk_function_20250211/,30,35,36,1.2,36.06666666666667
google / organic,(organic),基礎建設＋結構保固：一次了解大地工程的基本概念 - 遠雄房地產,/life-proposal/construction-base/,28,35,37,1.3214285714285714,82.07142857142857
(not set),(not set),北屯敦富路【遠雄敦富】- 北屯機捷預售屋．近好市多,/buildings/bh10/,27,35,16,0.5925925925925926,24.555555555555557
google_kw / cqh1,zhuwei,遠房實價登錄,/,15,35,39,2.6,0
google / organic,(organic),民法成年年齡下修至18歲，不動產稅賦有何影響？ - 遠雄房地產,/life-proposal/civil-law_20221125/,31,34,34,1.096774193548387,42.12903225806452
fb / bh5,39,遠雄琉蘊 -台中市西屯區七期預售屋/新建案-預約賞屋，遠雄房地產,/buildings/bh5/,33,34,33,1,20.848484848484848
fb / h713,108,遠雄幸福成｜即將落成 - 台中市清水區預售/新建案-預約賞屋，遠雄房地產,/buildings/h713/,31,34,32,1.032258064516129,50.483870967741936
fb / cqh1,fb-37,村泉蒔美｜門戶端點 從容跨界｜台北生活最美起點,/buildings/cqh1/,34,34,34,1,22.676470588235293
google / organic,(organic),生前贈與還是繳遺產稅，哪個比較划算？結果可能超乎你的想像｜專家觀點地政篇 - 遠雄房地產,/life-proposal/expert_zhu_gift-and-estate-tax_20250509/,31,34,38,1.2258064516129032,174.38709677419354
google / organic,(organic),買房大小事：法人住宅購屋貸款注意事項 - 遠雄房地產,/life-proposal/land_corporation/,29,34,35,1.206896551724138,39
fb / h713,106,遠房實價登錄,/,33,33,35,1.0606060606060606,0
ig / paid,120229456515280138,遠房實價登錄,/,33,33,36,1.0909090909090908,0
google_kw / fm3,Pmax,遠雄信義CENTER-新北市板橋區廠辦.商辦/預售新建案-預約賞屋,/buildings/fm3/,33,33,33,1,0.7575757575757576
google / organic,(organic),關於遠創力 - 遠雄房地產,/about/telecreative_marketing/,32,33,34,1.0625,32.34375
fgr-line / rsh1,20260130,遠房實價登錄,/,30,33,35,1.1666666666666667,0
(data not available),(cross-network),遠雄一靚｜楠梓新案．高大特區首發｜早鳥預約中,/buildings/eh2/,23,33,51,2.217391304347826,53.608695652173914
google_kw / cqh1,zhuwei,村泉蒔美｜門戶端點 從容跨界｜台北生活最美起點,/buildings/cqh1/,15,33,37,2.466666666666667,19.733333333333334
(not set),(not set),遠雄一靚｜楠梓新案．高大特區首發｜早鳥預約中,/buildings/eh2/,15,33,9,0.6,8.066666666666666
google / cpc,(referral),遠房實價登錄,/,30,32,32,1.0666666666666667,0
google / organic,(organic),熱銷建案一覽：遠雄全台預售屋、新建案、新成屋資訊,/case/search/sales_status/coming-soon/,29,32,44,1.5172413793103448,20.24137931034483
tw.search.yahoo.com / referral,(referral),自用住宅免稅400萬怎麼申請？「持有、設籍、實住」3點不能忽略 | 專家觀點地政篇 - 遠雄房地產,/life-proposal/expert_zhu_ownership-criteria/,29,32,31,1.0689655172413792,89.34482758620689
google / organic,(organic),預售屋買賣契約中的交屋保留款與建材設備約定｜永然法律不動產專欄 - 遠雄房地產,/life-proposal/expert_law_y-rlee_retention-money_20250704/,27,32,30,1.1111111111111112,82.85185185185185
ig / paid,120207082473750558,水湳建案【遠雄綠美】鄰近綠美圖．中央公園預售屋,/buildings/bh9/,25,32,33,1.32,27.76
tw.search.yahoo.com / referral,(referral),村泉蒔美｜門戶端點 從容跨界｜台北生活最美起點,/buildings/cqh1/,8,32,29,3.625,109.5
google / organic,(organic),建案熱區巡禮：高雄楠梓區高大特區生活圈 - 遠雄房地產,/life-proposal/area-kaohsiung-nanzi_nuk_function_20250211/,26,31,36,1.3846153846153846,91.34615384615384
google / cpc,(organic),遠雄14期首發【遠雄丰尚】北屯新案．近漢神洲際百貨,/buildings/bh11/,31,31,35,1.1290322580645162,36.87096774193548
fb / bh5,45,遠雄琉蘊 -台中市西屯區七期預售屋/新建案-預約賞屋，遠雄房地產,/buildings/bh5/,30,31,33,1.1,43.833333333333336
(data not available),(cross-network),大河商爵-台北市士林區廠辦/預售新建案-預約賞屋，遠創力行銷,/buildings/dgm1/,30,31,39,1.3,34.46666666666667
google / cpc,(organic),若水秧翠｜東京視野・頂埔門牌｜1~3房．20~42坪,/buildings/rsh1/,30,31,45,1.5,52.3
google / cpc,(organic),熱銷建案一覽：遠雄全台預售屋、新建案、新成屋資訊,/case/search/page/2/,30,31,40,1.3333333333333333,15.166666666666666
google / organic,(organic),桃園龜山重大建設帶動發展利多 | 建案熱區巡禮 - 遠雄房地產,/life-proposal/area-l-taoyuan-guishan/,30,31,33,1.1,118
google / organic,(organic),房地產借名登記如何保障自己 - 遠雄房地產,/life-proposal/borrow_name_20221118/,30,31,34,1.1333333333333333,54.36666666666667
google / organic,(organic),2025年中台灣房市潛力區域專題報導 -10大優質投資區域分析｜何世昌觀點 - 遠雄房地產,/life-proposal/expert_hoshichang_central-potential/,30,31,32,1.0666666666666667,60.7
googlemap / H109,googlemap,遠雄房地產：最懂生活的購屋專家,/,29,31,31,1.0689655172413792,1.8275862068965518
ig / paid,120242233664400316,【遠雄樂元】北屯機捷X好市多，雙首排大道最核心，夠近才最好,/buildings/bh7/,29,31,32,1.103448275862069,16.96551724137931
fb / eh2,12-4,遠雄一靚｜楠梓新案．高大特區首發｜早鳥預約中,/buildings/eh2/,29,31,31,1.0689655172413792,23.862068965517242
gdn / hm2,0209,遠雄MetaLink科技園區 | 機捷A7．A8站▕ VIP企業席次開放預約中,/buildings/hm2/,29,31,32,1.103448275862069,6
google / organic,(organic),活動一覽：建案活動與會員好禮 -遠雄房地產,/activity_report/activities_glance/,26,31,43,1.6538461538461537,42.42307692307692
sms / aep-cdp,CRM-001-D,熱銷建案一覽：遠雄全台預售屋、新建案、新成屋資訊,/case/search/,26,31,37,1.4230769230769231,16.423076923076923
google_kw / fm3,Pmax,遠房實價登錄,/,31,31,30,0.967741935483871,0
reurl.cc / referral,(referral),北市租金倒掛見怪不怪，為何商辦投報仍優於住宅｜何世昌觀點 - 遠雄房地產,/life-proposal/expert_hoshichang_tp-office-rent-premium/,26,31,30,1.1538461538461537,55.15384615384615
fb / rsh1,fbfanpage0131,若水秧翠｜東京視野・頂埔門牌｜1~3房．20~42坪,/buildings/rsh1/,25,31,30,1.2,21.08
(not set),20260213一輪播,遠雄THE ONE-高雄市前鎮區新成屋/新建案-預約賞屋,/buildings/o1/,23,31,34,1.4782608695652173,4.6521739130434785
mkto-sn070013.com / referral,(referral),賣房想省稅？別踩房地合一稅虛報裝修陷阱 | 專家觀點地政篇 - 遠雄房地產,/life-proposal/expert_zhu_false-renovation-traps/,22,31,31,1.4090909090909092,116.72727272727273
google / organic,(organic),遠雄山禾 🌸山禾花開．新春好時光🌸 - 遠雄房地產,/activity-report/遠雄山禾-🌸山禾花開．新春好時光🌸/,21,31,36,1.7142857142857142,36.333333333333336
google_kw / rsh1,brand,若水秧翠｜東京視野・頂埔門牌｜1~3房．20~42坪,/buildings/rsh1/,23,30,32,1.391304347826087,20.17391304347826
socialmedia / eh6,fbeh6info,遠雄蘴靚｜高雄楠梓新門戶｜捷運R21站旁｜3795坪豪闊基地,/buildings/eh6/,30,30,35,1.1666666666666667,26.766666666666666
google / organic,(organic),5G AIoT 產能爆發！亞洲新灣區翻轉高雄，型塑智慧港灣豪宅聚落 | 建案熱區巡禮 - 遠雄房地產,/life-proposal/area-s-kaohsiung-newbay_20220824/,30,30,32,1.0666666666666667,51.766666666666666
(direct) / (none),(direct),遠雄琢蘊-高雄市三民區預售屋/新建案-預約賞屋，遠雄房地產,/buildings/h902/,29,30,34,1.1724137931034482,20.75862068965517
fb / hm2,0207,遠雄MetaLink科技園區 | 機捷A7．A8站▕ VIP企業席次開放預約中,/buildings/hm2/,29,30,30,1.0344827586206897,12.862068965517242
fb / hm2,20251104,遠雄MetaLink科技園區 | 機捷A7．A8站▕ VIP企業席次開放預約中,/buildings/hm2/,29,30,30,1.0344827586206897,0.7586206896551724
fb / paid,120241218501380402,北士科建案【遠雄明玥】2000坪全街廓只蓋一棟．25-46坪,/buildings/ah1/,27,30,30,1.1111111111111112,9.11111111111111
fgr-line / eh2,listbutton,遠雄一靚｜楠梓新案．高大特區首發｜早鳥預約中,/buildings/eh2/,27,30,32,1.1851851851851851,19.48148148148148
google / cpc,(organic),法拍屋怎麼買? 選購法拍屋基本知識 - 遠雄房地產,/life-proposal/foreclosure_20230427/,27,30,39,1.4444444444444444,128.33333333333334
(not set),(not set),齊興_緻-台北市北投區/北士科住宅預售屋,/buildings/ar1/,26,30,12,0.46153846153846156,20.73076923076923
ig / paid,120207082473750558,遠房實價登錄,/,23,30,32,1.391304347826087,0.34782608695652173
fb / rsh1,fb1-5,遠房實價登錄,/,30,30,30,1,0
line / ah1,message,北士科建案【遠雄明玥】2000坪全街廓只蓋一棟．25-46坪,/buildings/ah1/,22,30,32,1.4545454545454546,35.40909090909091
google / organic,(organic),專家觀點：解析房市動向與購屋建議 -遠雄房地產,/life_proposal/experts_point/,21,30,41,1.9523809523809523,30.285714285714285
(not set),20260213一輪播,熱銷建案一覽：遠雄全台預售屋、新建案、新成屋資訊,/case/search/,17,30,47,2.764705882352941,35.35294117647059
google / cpc,dgc,遠房實價登錄,/,25,29,36,1.44,0
(not set),20260213一輪播,遠雄房地產：最懂生活的購屋專家,/,15,29,26,1.7333333333333334,10.733333333333333
fb / 5vo1,2601-2,聯上智科｜北士科AI總部 輝達核心軸線 -台北市北投區商辦/預售新建案-預約賞屋，遠創力行銷,/buildings/5vo1/,29,29,29,1,3.4827586206896552
avivid / bh11,20251212,北士科建案【遠雄明玥】2000坪全街廓只蓋一棟．25-46坪,/buildings/ah1/,29,29,37,1.2758620689655173,30.79310344827586
fb / bh5,45,遠房實價登錄,/,28,29,33,1.1785714285714286,6.5
google / cpc,brand,遠雄一靚｜楠梓新案．高大特區首發｜早鳥預約中,/buildings/eh2/,28,29,35,1.25,28.928571428571427
fb / fh2,fb1-2,遠雄合雅｜板橋之心・合院之上｜2~3房．24~66坪,/buildings/fh2/,27,29,30,1.1111111111111112,9.222222222222221
fb / paid,120229456515280138,遠房實價登錄,/,29,29,29,1,2.689655172413793
google / organic,(organic),[影音] 購屋族如何解套？！限貸令成數如何突破｜專家觀點地政篇 - 遠雄房地產,/life-proposal/expert_zhu_property_loan-ratio_vedio_20250131/,25,29,26,1.04,51.6
google / organic,(organic),遠雄房地產預約賞屋(線上賞屋與預約賞屋),/make_appointment/,25,29,36,1.44,14.16
mkto-sn070013.com / referral,(referral),2025房市回顧與2026盤整展望：政策與市場趨勢解析｜劉佩真觀點 - 遠雄房地產,/life-proposal/expert_peizhen_real-estate-2026/,24,29,29,1.2083333333333333,114.33333333333333
google / organic,(organic),私法人房地合一稅的修法與調整｜專家觀點地政篇 - 遠雄房地產,/life-proposal/expert_zhu_private-corporation_adjust_20231227/,23,29,32,1.391304347826087,49.08695652173913
(not set),20260213一輪播,遠雄琉蘊 -台中市西屯區七期預售屋/新建案-預約賞屋，遠雄房地產,/buildings/bh5/,21,29,19,0.9047619047619048,19.428571428571427
web / fb2,googlemap,遠雄合雅｜板橋之心・合院之上｜2~3房．24~66坪,/buildings/fh2/,21,29,29,1.380952380952381,37.333333333333336
google / organic,(organic),預售屋 v.s 成屋 v.s 中古屋的差異與優缺點 - 遠雄房地產,/life-proposal/goodandbad_20221028/,16,29,32,2,38.0625
fb / ah1,fb-3,遠房實價登錄,/,29,29,30,1.0344827586206897,0
ig / paid,120241173002890402,遠房實價登錄,/,28,28,31,1.1071428571428572,0
fb / bh5,39,遠房實價登錄,/,28,28,30,1.0714285714285714,0.07142857142857142
fb / h707,39,遠雄星呈-台中市清水區預售屋/新建案-預約賞屋，遠雄房地產,/buildings/h707/,28,28,28,1,16.392857142857142
google / cpc,(organic),北士科建案【遠雄泱玥】水岸首排．57-75坪,/buildings/ah2/,27,28,32,1.1851851851851851,36
google_kw / h713,(organic),熱銷建案一覽：遠雄全台預售屋、新建案、新成屋資訊,/case/search/,27,28,61,2.259259259259259,28
google / organic,(organic),修繕小知識：鐵鋁窗損毀要整組換掉嗎？【居家百科】 - 遠雄房地產,/life-proposal/aluminumandiron/,26,28,28,1.0769230769230769,21.115384615384617
fgr-line / fgr,area_txg_beitun_14th_function_20250829,漢神、巨蛋雙引擎，北台中新核心北屯14期 | 建案熱區巡禮 - 遠雄房地產,/life-proposal/area_txg_beitun_14th_function_20250829/,26,28,32,1.2307692307692308,76.96153846153847
google / organic,(organic),一見傾心的清水模設計，為家注入文青魂和自然風 - 遠雄房地產,/life-proposal/exposed_concrete_20220914/,25,28,29,1.16,39.28
google / organic,(organic),漲幅王遠東Tpark！企業需求外溢鄰近新廠有望看漲  - 遠雄房地產,/life-proposal/fm1-1/,24,28,26,1.0833333333333333,28
google / cpc,202601,遠房實價登錄,/,21,28,44,2.0952380952380953,1.3333333333333333
google / organic,(organic),台南中西區運河星鑽特區坐擁頂級水岸生活圈 | 建案熱區巡禮 - 遠雄房地產,/life-proposal/area-s-tainan_west-central_redevelop_diamond_20250502/,21,28,35,1.6666666666666667,63.333333333333336
google / organic,(organic),世界造鎮推手‧遠雄譜寫台灣經濟奇蹟-遠雄房地產,/farglory-realty-about/push-hand/,19,28,27,1.4210526315789473,63.89473684210526
fb / bh8,fb22-1,台中西屯建案【遠雄洄山行】．2-4房方正格局,/buildings/bh8/,26,27,28,1.0769230769230769,13
google / cpc,20260213一輪播,遠房實價登錄,/,26,27,32,1.2307692307692308,0
fgr-line / bh7,20260220,遠房實價登錄,/,26,27,33,1.2692307692307692,0
google / cpc,(organic),【遠雄樂元】北屯機捷X好市多，雙首排大道最核心，夠近才最好,/buildings/bh7/,26,27,29,1.1153846153846154,25.73076923076923
fb / paid,120229486716970138,【遠雄樂元】北屯機捷X好市多，雙首排大道最核心，夠近才最好,/buildings/bh7/,27,27,33,1.2222222222222223,25.59259259259259
fgr-line / eh6,20260212,遠雄蘴靚｜高雄楠梓新門戶｜捷運R21站旁｜3795坪豪闊基地,/buildings/eh6/,26,27,35,1.3461538461538463,56.03846153846154
gdn / ah1,gdn-1,北士科建案【遠雄明玥】2000坪全街廓只蓋一棟．25-46坪,/buildings/ah1/,25,27,27,1.08,0.24
google / cpc,20260101-6-1,遠房實價登錄,/,22,27,27,1.2272727272727273,0
google / cpc,(organic),村泉蒔美｜門戶端點 從容跨界｜台北生活最美起點,/buildings/cqh1/,22,27,34,1.5454545454545454,62.04545454545455
bing / organic,(organic),遠雄合雅｜板橋之心・合院之上｜2~3房．24~66坪,/buildings/fh2/,22,27,30,1.3636363636363635,142.3181818181818
(not set),20260213一輪播,水湳建案【遠雄綠美】鄰近綠美圖．中央公園預售屋,/buildings/bh9/,21,27,22,1.0476190476190477,8.952380952380953
google / organic,(organic),台南中西區運河星鑽特區打造台南曼哈頓 | 建案熱區巡禮 - 遠雄房地產,/life-proposal/area-s-tainan_west-central_diamond_20250425/,21,27,30,1.4285714285714286,101.66666666666667
(not set),20260213一輪播,【遠雄樂元】北屯機捷X好市多，雙首排大道最核心，夠近才最好,/buildings/bh7/,18,27,19,1.0555555555555556,10.777777777777779
fb / bh7,16,遠房實價登錄,/,26,26,30,1.1538461538461537,0
google / organic,(organic),輝達總部確立，房市受惠區在哪裡？｜何世昌觀點 - 遠雄房地產,/life-proposal/expert_thinktank_nvidia_20250729/,26,26,26,1,74.07692307692308
fb / bh11,2-1,遠雄14期首發【遠雄丰尚】北屯新案．近漢神洲際百貨,/buildings/bh11/,25,26,29,1.16,6.84
fb / bh11,2-2,遠雄14期首發【遠雄丰尚】北屯新案．近漢神洲際百貨,/buildings/bh11/,25,26,26,1.04,4.8
google / cpc,(organic),共同繼承來的房地產，要如何進行分割呢？ | 永然法律不動產專欄 - 遠雄房地產,/life-proposal/expert_law_y-rlee_property-division/,25,26,29,1.16,188.8
fb / bh8,fb22-1,遠房實價登錄,/,24,26,28,1.1666666666666667,0
fb / paid,120210867110050402,北士科建案【遠雄泱玥】水岸首排．57-75坪,/buildings/ah2/,24,26,27,1.125,28.208333333333332
google / organic,(organic),建案熱區巡禮：5G AIoT 產能爆發！亞洲新灣區翻轉高雄，型塑智慧港灣豪宅聚落 - 遠雄房地產,/life-proposal/area-s-kaohsiung-newbay_20220824/,24,26,30,1.25,75.79166666666667
google / organic,(organic),大河商爵-台北市士林區廠辦/預售新建案-預約賞屋，遠創力行銷,/buildings/dgm1/,21,26,27,1.2857142857142858,54.666666666666664
(direct) / (none),(direct),[影音] 房產傳承案例解析：買賣與贈與的差別、實務操作與法律風險 - 遠雄房地產,/life-proposal/expert_zhu_video_buy-vs-gift/,16,26,27,1.6875,108.625
google / organic,(organic),遠雄智慧二代宅‧成就所有可能-遠雄房地產,/farglory-realty-about/second-generation/,20,25,23,1.15,21.45
fb / bh11,11-2,遠雄14期首發【遠雄丰尚】北屯新案．近漢神洲際百貨,/buildings/bh11/,25,25,27,1.08,8.12
m.facebook.com / referral,(referral),找不到頁面 - 遠雄房地產,/buildings/shqmo01/,25,25,25,1,2.2
(direct) / (none),(direct),熱銷建案一覽：遠雄全台預售屋、新建案、新成屋資訊,/case/search/sales_status/coming-soon/,25,25,28,1.12,12.96
google / cpc,information4,遠雄14期首發【遠雄丰尚】北屯新案．近漢神洲際百貨,/buildings/bh11/,24,25,36,1.5,24.291666666666668
fb / bh7,15,【遠雄樂元】北屯機捷X好市多，雙首排大道最核心，夠近才最好,/buildings/bh7/,24,25,29,1.2083333333333333,23.75
google / cpc,information4,遠雄一靚｜楠梓新案．高大特區首發｜早鳥預約中,/buildings/eh2/,24,25,24,1,10.375
google_kw / h713,(organic),熱銷建案：預售屋、新建案、新成屋 -遠雄房地產,/case/,24,25,27,1.125,2.9583333333333335
google / cpc,(organic),遠雄夏沐-桃園市桃園區成屋/新建案-預約賞屋，遠雄房地產,/buildings/遠雄夏沐/,23,25,27,1.173913043478261,59.608695652173914
google / organic,(organic),加入遠雄 築夢齊飛！-遠雄房地產,/contact_service/join_farglory/,23,25,27,1.173913043478261,19.304347826086957
google / organic,(organic),建案熱區巡禮：高雄楠梓區高大特區 - 交通篇 - 遠雄房地產,/life-proposal/area-kaohsiung-nanzi_nuk_traffic_20250307/,22,25,23,1.0454545454545454,69.9090909090909
google / cpc,(organic),什麼是虛坪制？一次了解政府的「虛坪改革」方案 - 遠雄房地產,/life-proposal/kw_meterspolicy_20240513/,21,25,25,1.1904761904761905,90.61904761904762
fb / eh1,privacy,服務條款暨隱私權聲明 -遠雄房地產,/terms-of-service_and_privacy/,21,25,28,1.3333333333333333,16.285714285714285
fb / paid,120210744263750402,北士科建案【遠雄泱玥】水岸首排．57-75坪,/buildings/ah2/,25,25,25,1,49.52
google / organic,(organic),遠雄敦富新春不打烊．萬千寵愛．禮遇富足 - 遠雄房地產,/activity-report/遠雄敦富新春不打烊．萬千寵愛．禮遇富足/,18,25,34,1.8888888888888888,42.111111111111114
google_gdn / 5vo1,202511_1102b,聯上智科｜北士科AI總部 輝達核心軸線 -台北市北投區商辦/預售新建案-預約賞屋，遠創力行銷,/buildings/5vo1/,12,25,24,2,1
google / organic,(organic),包租代管懶人包快速了解！ - 遠雄房地產,/life-proposal/rental_housing_20230106/,22,24,24,1.0909090909090908,65.81818181818181
(direct) / (none),(direct),遠雄房地產預約賞屋(線上賞屋與預約賞屋),/make_appointment/,24,24,30,1.25,29.625
google_kw / BH8,20240816_台中七期,台中西屯建案【遠雄洄山行】．2-4房方正格局,/buildings/BH8/,23,24,29,1.2608695652173914,22.47826086956522
google / organic,(organic),梧棲、清水台中港重劃區生活圈全面升級 | 建案熱區巡禮 - 遠雄房地產,/life-proposal/area-txg-port_function_20240103/,23,24,27,1.173913043478261,82.95652173913044
google / cpc,(organic),一次搞懂建蔽率與容積率：買房選景觀與採光的關鍵 - 遠雄房地產,/life-proposal/build_rate/,23,24,25,1.0869565217391304,127.78260869565217
google / cpc,20260101-6-1,齊興_緻-台北市北投區/北士科住宅預售屋,/buildings/ar1/,22,24,24,1.0909090909090908,2.227272727272727
fb / hm2,20251102,遠雄MetaLink科技園區 | 機捷A7．A8站▕ VIP企業席次開放預約中,/buildings/hm2/,22,24,23,1.0454545454545454,35.68181818181818
google / organic,(organic),混凝土、鋼筋的嚴格把關！一次了解建築的基礎原料 - 遠雄房地產,/life-proposal/concrete/,22,24,22,1,32.18181818181818
fb / paid,120210744263750402,遠房實價登錄,/,24,24,24,1,0
(direct) / (none),(direct),聯上智科｜北士科AI總部 輝達核心軸線 -台北市北投區商辦/預售新建案-預約賞屋，遠創力行銷,/buildings/5vo1/,21,24,28,1.3333333333333333,36.19047619047619
google / cpc,(organic),熱銷建案一覽：遠雄全台預售屋、新建案、新成屋資訊,/case/search/sales_status/hot-sale/,21,24,36,1.7142857142857142,24.714285714285715
google / cpc,(organic),高雄建案推薦【遠雄峰蘊】- 三民區預售屋．近科工館,/buildings/eh1/,20,24,27,1.35,18
(direct) / (none),(direct),【遠雄北府苑】｜台南首座全齡通用認證宅，爭藏絕版，市心重劃，稀有2-4房,/,15,24,26,1.7333333333333334,19.933333333333334
line-lap / bh7,lap-4,遠房實價登錄,/,8,24,60,7.5,0
line-lap / 5vo1,20251123_1102,聯上智科｜北士科AI總部 輝達核心軸線 -台北市北投區商辦/預售新建案-預約賞屋，遠創力行銷,/buildings/5vo1/,5,24,24,4.8,3.6
web-ettoday / fm3,20260116,遠雄房地產：最懂生活的購屋專家,/,1,24,30,30,277
ig / paid,120222246228310066,村泉蒔美｜門戶端點 從容跨界｜台北生活最美起點,/buildings/cqh1/,23,23,26,1.1304347826086956,41.43478260869565
fb / eh6,fb1-4,遠雄蘴靚｜高雄楠梓新門戶｜捷運R21站旁｜3795坪豪闊基地,/buildings/eh6/,23,23,24,1.0434782608695652,15.652173913043478
fb / rsh1,fb2-4,若水秧翠｜東京視野・頂埔門牌｜1~3房．20~42坪,/buildings/rsh1/,23,23,23,1,28.217391304347824
google / organic,(organic),室內採光不足怎麼辦？採光妙招報你知 - 遠雄房地產,/life-proposal/natural_lighting20220708/,23,23,24,1.0434782608695652,34.21739130434783
google / cpc,(organic),熱銷建案：預售屋、新建案、新成屋 -遠雄房地產,/case/,22,23,27,1.2272727272727273,5.636363636363637
google / cpc,brand,熱銷建案一覽：遠雄全台預售屋、新建案、新成屋資訊,/case/search/,22,23,58,2.6363636363636362,29.5
fb / fm3,news0108,漲幅王遠東Tpark！企業需求外溢鄰近新廠有望看漲  - 遠雄房地產,/life-proposal/fm1-1/,22,23,23,1.0454545454545454,4.590909090909091
fb / bh7,12,【遠雄樂元】北屯機捷X好市多，雙首排大道最核心，夠近才最好,/buildings/bh7/,21,23,23,1.0952380952380953,16.19047619047619
google / organic,(organic),人在國外想買房，簽約、貸款與登記要注意什麼？(下)｜專家觀點地政篇 - 遠雄房地產,/life-proposal/expert_zhu_buyhouse_abroad2_20240320/,21,23,25,1.1904761904761905,48.80952380952381
google_kw / bh10,beitun,北屯敦富路【遠雄敦富】- 北屯機捷預售屋．近好市多,/buildings/bh10/,20,23,25,1.25,17.15
google / organic,(organic),北士科的園區規畫與在地生活圈！科技廊道最後一塊拼圖將完整 | 建案熱區巡禮 - 遠雄房地產,/life-proposal/area-s-taipei-shilinbstp20220520/,20,23,22,1.1,60.95
google / organic,(organic),建案熱區巡禮：蛻變中的台南中西區運河星鑽特區 - 交通篇 - 遠雄房地產,/life-proposal/area-tainan_west-central_redevelop_diamond_traffic_20250523/,19,23,22,1.1578947368421053,61.21052631578947
(direct) / (none),(direct),遠雄夏沐-桃園市桃園區成屋/新建案-預約賞屋，遠雄房地產,/buildings/遠雄夏沐/,18,23,23,1.2777777777777777,50.27777777777778
(not set),(not set),遠雄合雅｜板橋之心・合院之上｜2~3房．24~66坪,/buildings/fh2/,17,23,9,0.5294117647058824,48739.35294117647
(not set),20260213一輪播,台南永康新建案【遠雄山禾】-鹽行特區．3-4房,/buildings/dh2/,15,23,17,1.1333333333333333,12.333333333333334
(not set),20251107一輪播,遠房實價登錄,/,13,23,28,2.1538461538461537,1
google / organic,(organic),遠雄【好室智造所】全台巡迴從台中港熱鬧啟航，永續藍圖逐步落實 - 遠雄房地產,/activity-report/hauslab_2025/,16,22,23,1.4375,29.3125
fb / paid,120210867110050402,遠房實價登錄,/,22,22,23,1.0454545454545454,0
fb / rsh1,fbfanpage0131,遠房實價登錄,/,22,22,23,1.0454545454545454,0
fb / paid,120233718740630316,【遠雄樂元】北屯機捷X好市多，雙首排大道最核心，夠近才最好,/buildings/bh7/,22,22,22,1,13.909090909090908
fb / fm3,formbutton,遠雄信義CENTER-新北市板橋區廠辦.商辦/預售新建案-預約賞屋,/buildings/fm3/,22,22,22,1,30.227272727272727
fb / hm2,0201,遠雄MetaLink科技園區 | 機捷A7．A8站▕ VIP企業席次開放預約中,/buildings/hm2/,22,22,23,1.0454545454545454,12.727272727272727
google / cpc,brand0829,遠房實價登錄,/,21,22,32,1.5238095238095237,0
m.facebook.com / referral,(referral),遠雄房地產：最懂生活的購屋專家,/,21,22,22,1.0476190476190477,0.8095238095238095
google / organic,(organic),遠雄丰尚✨2026丰尚植春秀✨ - 遠雄房地產,/activity-report/2026cnybh/,21,22,25,1.1904761904761905,81.57142857142857
fb / bh7,12,遠房實價登錄,/,20,22,26,1.3,0
google / organic,(organic),來遠雄合雅一起HOYA(好野)過好年！ - 遠雄房地產,/activity-report/來遠雄合雅一起hoya好野過好年！/,20,22,28,1.4,42.2
google / cpc,brand,遠雄房地產：最懂生活的購屋專家,/,19,22,24,1.263157894736842,14.368421052631579
google / cpc,(not set),贈與稅與遺產稅免稅額解析｜房產贈與、買賣、繼承怎麼選 - 遠雄房地產,/life-proposal/gift_tax/,19,22,25,1.3157894736842106,161.57894736842104
google / organic,(organic),停車位眉角多：車位怎麼選？一個車位可以停兩部車嗎？ - 遠雄房地產,/life-proposal/parking_space20220615/,19,22,20,1.0526315789473684,124.36842105263158
google / organic,(organic),房市低迷期的避風港：公辦都更與捷運聯開案的戰略價值｜劉佩真觀點 - 遠雄房地產,/life-proposal/expert_peizhen_tod-strategy-2026/,18,22,22,1.2222222222222223,36.05555555555556
fb / h713,114,遠房實價登錄,/,22,22,22,1,0
google_kw / rsh1,newtaipei,若水秧翠｜東京視野・頂埔門牌｜1~3房．20~42坪,/buildings/rsh1/,16,22,24,1.5,18.875
(not set),20260213一輪播,熱銷建案一覽：遠雄全台預售屋、新建案、新成屋資訊,/case/search/page/2/,9,22,25,2.7777777777777777,30.333333333333332
(not set),20251230一輪播,在地生活：新建案、預售屋周邊資訊 -遠雄房地產,/life_proposal/music_life/,2,22,19,9.5,30
fb / dgm1,fb20262-5,大河商爵-台北市士林區廠辦/預售新建案-預約賞屋，遠創力行銷,/buildings/dgm1/,21,21,21,1,0.2857142857142857
ig / paid,120222246228310066,遠房實價登錄,/,21,21,24,1.1428571428571428,2.9047619047619047
googlemap / dh5,googlemap,安南重劃首選【遠雄藏萃】全新落成，珍稀戶別釋出！,/buildings/dh5/,21,21,21,1,14.666666666666666
google / cpc,area,高雄建案推薦【遠雄峰蘊】- 三民區預售屋．近科工館,/buildings/eh1/,21,21,21,1,34.333333333333336
fb / h707,43,遠雄星呈-台中市清水區預售屋/新建案-預約賞屋，遠雄房地產,/buildings/h707/,21,21,21,1,33.333333333333336
google / organic,(organic),就愛飯店式管理，飯店式住宅成趨勢 - 遠雄房地產,/life-proposal/hotel_property20220624/,21,21,23,1.0952380952380953,41.285714285714285
(direct) / (none),(direct),生活提案： 專家房市觀點、空間美學指南 -遠雄房地產,/life_proposal/,21,21,22,1.0476190476190477,8.095238095238095
google_kw / BH8,20240816_台中七期,遠房實價登錄,/,20,21,26,1.3,2.1
google / cpc,20260206-2-4,遠雄蘴靚｜高雄楠梓新門戶｜捷運R21站旁｜3795坪豪闊基地,/buildings/eh6/,20,21,35,1.75,8.55
fb / eh6,fb2-1,遠雄蘴靚｜高雄楠梓新門戶｜捷運R21站旁｜3795坪豪闊基地,/buildings/eh6/,20,21,22,1.1,7.75
google / organic,(organic),遠房好友- 遠雄房地產,/my-account/,20,21,28,1.4,22.9
fb / rsh1,fb1-4,若水秧翠｜東京視野・頂埔門牌｜1~3房．20~42坪,/buildings/rsh1/,18,21,21,1.1666666666666667,47.05555555555556
google / cpc,(organic),買房頭期款不夠怎麼辦？–「首購族看房買屋攻略」 - 遠雄房地產,/life-proposal/mortgage/,18,21,21,1.1666666666666667,84.83333333333333
google / cpc,202511,遠房實價登錄,/,17,21,26,1.5294117647058822,0.35294117647058826
line / ah1,message,遠房實價登錄,/,17,21,32,1.8823529411764706,0
google / organic,(organic),人在國外想買房，簽約、貸款與登記要注意什麼？(上)｜專家觀點地政篇 - 遠雄房地產,/life-proposal/expert_zhu_buyhouse_abroad1_20240303/,15,21,22,1.4666666666666666,56.4
(not set),20260213一輪播,遠雄沐蘊-高雄市三民區預售屋/新建案-預約賞屋,/buildings/eh5/,14,21,21,1.5,14.714285714285714
google_kw / rsh1,buyhouse,若水秧翠｜東京視野・頂埔門牌｜1~3房．20~42坪,/buildings/rsh1/,13,21,24,1.8461538461538463,16.46153846153846
(direct) / (none),(direct),遠雄明玥 | 北士科水岸新生活．2000坪全街廓，只蓋一棟｜25-46坪-周繹加-遠雄房地產 Farglory-Realty,/ah1/b5654,12,21,33,2.75,19.083333333333332
google / organic,(organic),建案熱區巡禮：台南永康產業交通齊發光，宜居現在進行式！ - 遠雄房地產,/life-proposal/yongkang/,8,21,19,2.375,99.5
google_kw / bh5,(not set),遠雄琉蘊 -台中市西屯區七期預售屋/新建案-預約賞屋，遠雄房地產,/buildings/bh5/,15,20,23,1.5333333333333334,17.6
google / cpc,20250829,遠雄14期首發【遠雄丰尚】北屯新案．近漢神洲際百貨,/buildings/bh11/,3,20,22,7.333333333333333,3.3333333333333335
ig / paid,120242233664400316,遠房實價登錄,/,20,20,22,1.1,0
fb / fh2,fb1-2,遠房實價登錄,/,20,20,20,1,0
fb / rsh1,fb1-3,遠房實價登錄,/,20,20,20,1,0
fb / fm3,formbutton,遠房實價登錄,/,20,20,20,1,0
facebook.com / referral,(referral),遠雄房地產：最懂生活的購屋專家,/,20,20,20,1,2.35
fb / rsh1,fb1-3,若水秧翠｜東京視野・頂埔門牌｜1~3房．20~42坪,/buildings/rsh1/,20,20,20,1,9.85
fb / rsh1,fbfanpage,若水秧翠｜東京視野・頂埔門牌｜1~3房．20~42坪,/buildings/rsh1/,20,20,22,1.1,40.2
google / organic,(organic),未婚情侶合資買房在法律上要注意什麼｜永然法律不動產專欄 - 遠雄房地產,/life-proposal/expert_law_y-rlee_co-buying/,20,20,20,1,76.8
fb / paid,120222246228310066,遠房實價登錄,/,19,20,20,1.0526315789473684,2.263157894736842
fb / cqh1,fb-36,遠房實價登錄,/,19,20,20,1.0526315789473684,0
google / organic,(organic),關於我們-遠雄房地產,/about/,19,20,23,1.2105263157894737,13.368421052631579
google / organic,(organic),活動報報：最新活動一覽與公告資訊 -遠雄房地產,/activity_report/,19,20,23,1.2105263157894737,5.315789473684211
fb / paid,120222246228310066,村泉蒔美｜門戶端點 從容跨界｜台北生活最美起點,/buildings/cqh1/,19,20,20,1.0526315789473684,51.526315789473685
fb / cqh1,fb-36,村泉蒔美｜門戶端點 從容跨界｜台北生活最美起點,/buildings/cqh1/,19,20,20,1.0526315789473684,30.105263157894736
google_kw / h713,(not set),遠雄幸福成｜即將落成 - 台中市清水區預售/新建案-預約賞屋，遠雄房地產,/buildings/h713/,19,20,22,1.1578947368421053,18.31578947368421
google / organic,(organic),建案熱區巡禮：移居桃園市桃園區，比想像中更舒適 - 遠雄房地產,/life-proposal/area-l-taoyuan-taoyuan20220520/,19,20,21,1.105263157894737,96.63157894736842
google_kw / bh10,beitun,遠房實價登錄,/,18,20,27,1.5,2
google / organic,(organic),預售屋 彙整 - 遠雄房地產,/building-type/pre_sale_house/,18,20,40,2.2222222222222223,15.277777777777779
(direct) / (none),(direct),2026 商用不動產佈局先機：穩健中求進步，掌握先機｜劉學龍觀點 - 遠雄房地產,/life-proposal/expert_liu_tw-commercial-property-2026/,18,20,20,1.1111111111111112,18.77777777777778
google / organic,(organic),預售屋簽約必看！解析專有與約定專用，避開產權陷阱 | 專家觀點地政篇 - 遠雄房地產,/life-proposal/expert_zhu_pre-sale-house-property-rights/,18,20,20,1.1111111111111112,93.61111111111111
google / cpc,20251204,遠雄14期首發【遠雄丰尚】北屯新案．近漢神洲際百貨,/buildings/bh11/,17,20,34,2,6.529411764705882
farglory.com.tw / referral,(referral),遠雄房地產：最懂生活的購屋專家,/,16,20,23,1.4375,21.625
fgr-line / ah2,20260210,來遠雄合雅一起HOYA(好野)過好年！ - 遠雄房地產,/activity-report/來遠雄合雅一起hoya好野過好年！/,16,20,34,2.125,32.1875
fb / eh2,fb13-1,遠雄一靚｜楠梓新案．高大特區首發｜早鳥預約中,/buildings/eh2/,16,20,21,1.3125,21.125
bing / organic,(organic),遠雄蘴靚｜高雄楠梓新門戶｜捷運R21站旁｜3795坪豪闊基地,/buildings/eh6/,16,20,24,1.5,180.1875
google / cpc,20250718,齊興_緻-台北市北投區/北士科住宅預售屋,/buildings/ar1/,15,20,20,1.3333333333333333,0.13333333333333333
google / organic,(organic),2021十大建商出爐！購屋前必知的建商評價 - 遠雄房地產,/life-proposal/2021-10/,21,20,21,1,23.428571428571427
(not set),(not set),遠雄信義CENTER-新北市板橋區廠辦.商辦/預售新建案-預約賞屋,/buildings/fm3/,14,20,12,0.8571428571428571,0.9285714285714286
(not set),北投士林,建案熱區巡禮：北投士林科技園區 - 交通篇 - 遠雄房地產,/life-proposal/area-tpe-beitou_bstp_traffic_20240705/,13,20,3,0.23076923076923078,49.76923076923077
tw.search.yahoo.com / referral,(referral),遠雄一靚｜楠梓新案．高大特區首發｜早鳥預約中,/buildings/eh2/,12,20,18,1.5,37.416666666666664
google / cpc,20250918,遠雄14期首發【遠雄丰尚】北屯新案．近漢神洲際百貨,/buildings/bh11/,4,20,21,5.25,0
fb / h713,108,遠房實價登錄,/,20,20,21,1.05,0
fb / 5vo1,202510_5,聯上智科｜北士科AI總部 輝達核心軸線 -台北市北投區商辦/預售新建案-預約賞屋，遠創力行銷,/buildings/5vo1/,18,19,22,1.2222222222222223,55.166666666666664
google_kw / cqh1,googlemap,村泉蒔美｜門戶端點 從容跨界｜台北生活最美起點,/buildings/cqh1/,12,19,19,1.5833333333333333,38.083333333333336
fb / rsh1,fbfanpage,遠房實價登錄,/,19,19,20,1.0526315789473684,0
socialmedia / fgr,ig,遠雄房地產：最懂生活的購屋專家,/,19,19,19,1,3.789473684210526
fb / 5vo1,202510_7,聯上智科｜北士科AI總部 輝達核心軸線 -台北市北投區商辦/預售新建案-預約賞屋，遠創力行銷,/buildings/5vo1/,19,19,19,1,5.947368421052632
fb / paid,120241218914510402,北士科建案【遠雄明玥】2000坪全街廓只蓋一棟．25-46坪,/buildings/ah1/,19,19,19,1,28.789473684210527
fb / ar1,fb7-1,齊興_緻-台北市北投區/北士科住宅預售屋,/buildings/ar1/,19,19,20,1.0526315789473684,17.105263157894736
fb / bh10,fb20262-2,北屯敦富路【遠雄敦富】- 北屯機捷預售屋．近好市多,/buildings/bh10/,19,19,23,1.2105263157894737,31.05263157894737
fb / bh8,fb25-7,台中西屯建案【遠雄洄山行】．2-4房方正格局,/buildings/bh8/,19,19,19,1,18.789473684210527
(data not available),(cross-network),遠雄合雅｜板橋之心・合院之上｜2~3房．24~66坪,/buildings/fh2/,19,19,42,2.210526315789474,71.26315789473684
fb / hm2,0203,遠雄MetaLink科技園區 | 機捷A7．A8站▕ VIP企業席次開放預約中,/buildings/hm2/,19,19,19,1,1.7894736842105263
google / organic,(organic),新手買房注意事項：建商評價排名查詢、售後服務與房屋結構體/防水保固教學,/life-proposal/13856/,19,19,22,1.1578947368421053,32.21052631578947
(direct) / (none),(direct),服務條款-遠雄房地產,/terms-of-service/,19,19,20,1.0526315789473684,7.631578947368421
fb / bh7,15,遠房實價登錄,/,19,19,21,1.105263157894737,0
google / cpc,(organic),齊興_緻-台北市北投區/北士科住宅預售屋,/buildings/ar1/,18,19,19,1.0555555555555556,29.22222222222222
google_kw / bh10,14th-zone,北屯敦富路【遠雄敦富】- 北屯機捷預售屋．近好市多,/buildings/bh10/,18,19,26,1.4444444444444444,16.166666666666668
fb / eh5,fb30-1,遠雄沐蘊-高雄市三民區預售屋/新建案-預約賞屋,/buildings/eh5/,18,19,19,1.0555555555555556,0.7777777777777778
google / organic,(organic),台中西屯七期重劃區核心生活圈 | 建案熱區巡禮 - 遠雄房地產,/life-proposal/area-txg-7th_function_20231107/,18,19,21,1.1666666666666667,47.77777777777778
google / organic,(organic),蓋好蓋滿還是適度留白？一次搞懂建蔽率與容積率 - 遠雄房地產,/life-proposal/build_rate/,18,19,21,1.1666666666666667,52.05555555555556
google / cpc,(organic),不夠現金繳遺產稅怎麼辦？ 分期或延期繳納申請｜專家觀點地政篇 - 遠雄房地產,/life-proposal/expert_zhu_property_offset-1_20241125/,18,19,21,1.1666666666666667,89.94444444444444
google / organic,(organic),輝達超微進駐遠雄自貿港，遠雄MetaLink廠辦受惠廊帶效應  - 遠雄房地產,/life-proposal/metalink-ai-hub/,18,19,18,1,82.22222222222223
(direct) / (none),(direct),遠房好友- 遠雄房地產,/my-account/,18,19,20,1.1111111111111112,9.777777777777779
web / fb2,googlemap,遠房實價登錄,/,17,19,20,1.1764705882352942,0
google / organic,(organic),遠雄藝舍-台中西屯區麥當勞旁金店面-預約賞屋，遠雄房地產,/buildings/bh6/,17,19,19,1.1176470588235294,29.647058823529413
(not set),(not set),若水秧翠｜東京視野・頂埔門牌｜1~3房．20~42坪,/buildings/rsh1/,16,19,2,0.125,1.25
line / bh9,(not set),水湳建案【遠雄綠美】鄰近綠美圖．中央公園預售屋,/buildings/bh9/,14,19,20,1.4285714285714286,3.2857142857142856
fb / bh8,fb25-7,遠房實價登錄,/,19,19,20,1.0526315789473684,0
facebook.com / referral,(referral),北士科建案【遠雄明玥】2000坪全街廓只蓋一棟．25-46坪,/buildings/ah1/,18,18,18,1,3.611111111111111
web-ettoday / fm3,20260116,熱銷建案一覽：遠雄全台預售屋、新建案、新成屋資訊,/case/search/,1,18,34,34,454
fb / bh10,fb20262-2,遠房實價登錄,/,18,18,21,1.1666666666666667,0
l.facebook.com / referral,(referral),遠房實價登錄,/,18,18,21,1.1666666666666667,0
(data not available),(cross-network),水湳建案【遠雄綠美】鄰近綠美圖．中央公園預售屋,/buildings/bh9/,18,18,38,2.111111111111111,46.77777777777778
gdn / dgm1,gdn11-3,大河商爵-台北市士林區廠辦/預售新建案-預約賞屋，遠創力行銷,/buildings/dgm1/,18,18,18,1,0
google / cpc,area,遠雄一靚｜楠梓新案．高大特區首發｜早鳥預約中,/buildings/eh2/,18,18,23,1.2777777777777777,28.22222222222222
google / cpc,(organic),熱銷建案一覽：遠雄全台預售屋、新建案、新成屋資訊,/case/search/sales_status/coming-soon/,18,18,25,1.3888888888888888,24.666666666666668
google / organic,(organic),親屬間不動產交易的稅務優化策略與案例解析｜專家觀點地政篇 - 遠雄房地產,/life-proposal/expert_zhu_second-degree_20250321/,18,18,19,1.0555555555555556,101.44444444444444
google / cpc,(organic),預約賞屋手機驗證 - 遠雄房地產,/mob_verify/,18,18,23,1.2777777777777777,28.61111111111111
google / cpc,(organic),台中西屯建案【遠雄洄山行】．2-4房方正格局,/buildings/BH8/,17,18,20,1.1764705882352942,25.352941176470587
ig / paid,120222247205050066,村泉蒔美｜門戶端點 從容跨界｜台北生活最美起點,/buildings/cqh1/,17,18,17,1,37.11764705882353
google / organic,(organic),建案熱區巡禮：梧棲、清水台中港重劃區生活圈全面升級 - 遠雄房地產,/life-proposal/area-txg-port_function_20240103/,17,18,18,1.0588235294117647,56.64705882352941
mkto-sn070013.com / referral,(referral),輝達超微進駐遠雄自貿港，遠雄MetaLink廠辦受惠廊帶效應  - 遠雄房地產,/life-proposal/metalink-ai-hub/,17,18,18,1.0588235294117647,30.058823529411764
fb / ar1,privacy,服務條款暨隱私權聲明 -遠雄房地產,/terms-of-service_and_privacy/,17,18,19,1.1176470588235294,50.23529411764706
line-lap / bh7,lap-3,遠房實價登錄,/,16,18,21,1.3125,0
tw.search.yahoo.com / referral,(referral),熱銷建案一覽：遠雄全台預售屋、新建案、新成屋資訊,/case/search/,16,18,45,2.8125,41.875
google / organic,(organic),建案熱區巡禮：前進台南商業副都心-安南區一探究竟 - 遠雄房地產,/life-proposal/area-l-tainan-annan20200520/,16,18,17,1.0625,36.8125
google / cpc,(organic),驗屋與交屋必知注意事項？新手購屋必看，驗屋清單檢查表與交屋流程有哪些？,/life-proposal/home-inspection/,16,18,17,1.0625,77.75
google / organic,(organic),抗酷暑 ! 室內空間降溫這樣做，植栽除了打造綠色空間也能降溫 - 遠雄房地產,/life-proposal/space_design_greencooldown_20240903/,16,18,21,1.3125,41.9375
(direct) / (none),(direct),遠雄仰森,/HH3/main,15,18,22,1.4666666666666666,22.533333333333335
(direct) / (none),(direct),遠雄明玥 | 北士科水岸新生活．2000坪全街廓，只蓋一棟｜25-46坪-蔡定誠-遠雄房地產 Farglory-Realty,/ah1/b4720,15,18,24,1.6,6.066666666666666
google / organic,(organic),建案熱區巡禮：台南中西區運河星鑽特區生活圈 - 百年港町再出發的現代風華 - 遠雄房地產,/life-proposal/area-s-tainan_west-central_redevelop_diamond_20250502/,15,18,15,1,17.733333333333334
google / cpc,(organic),不動產贈與要注意什麼？配偶跟子女，分產稅制大不同｜專家觀點地政篇 - 遠雄房地產,/life-proposal/expert_zhu_property_divide_gifttax2_20241024/,15,18,18,1.2,116.66666666666667
fgr-line / fgr,playlist=e93ee4e&video=3f91b6e,影像光廊：建案風采-遠雄房地產,/about/brand_gallery/,14,18,36,2.5714285714285716,15.714285714285714
google / cpc,(organic),空屋稅的真相？房子閒置前你該考慮的事｜專家觀點地政篇 - 遠雄房地產,/life-proposal/expert_zhu_eht_20250625/,14,18,19,1.3571428571428572,90.07142857142857
(direct) / (none),(direct),換屋族必讀：房地合一稅與土地增值稅完整攻略 - 遠雄房地產,/life-proposal/house_and_land/,14,18,15,1.0714285714285714,45.42857142857143
google / organic,(organic),您正在找 - 遠雄房地產,/,13,18,31,2.3846153846153846,20.384615384615383
mkto-sn070013.com / referral,(referral),空屋稅的真相？房子閒置前你該考慮的事｜專家觀點地政篇 - 遠雄房地產,/life-proposal/expert_zhu_eht_20250625/,10,18,13,1.3,5.7
google_kw / rsh1,tucheng,若水秧翠｜東京視野・頂埔門牌｜1~3房．20~42坪,/buildings/rsh1/,9,18,24,2.6666666666666665,12.88888888888889
fb / cqh1,fb-20,村泉蒔美｜門戶端點 從容跨界｜台北生活最美起點,/buildings/cqh1/,8,18,23,2.875,2.875
google_gdn / 5vo1,20251124_1101,聯上智科｜北士科AI總部 輝達核心軸線 -台北市北投區商辦/預售新建案-預約賞屋，遠創力行銷,/buildings/5vo1/,4,18,18,4.5,0
fb / rsh1,fb2-4,遠房實價登錄,/,18,18,18,1,0
fb / ar1,fb7-1,遠房實價登錄,/,17,17,18,1.0588235294117647,0.35294117647058826
ig / paid,120222247205050066,遠房實價登錄,/,17,17,18,1.0588235294117647,6.9411764705882355
facebook.com / referral,(referral),遠房實價登錄,/,17,17,17,1,0
(direct) / (none),(direct),熱銷建案一覽：遠雄全台預售屋、新建案、新成屋資訊,/case/search/sales_status/hot-sale/,17,17,20,1.1764705882352942,16.58823529411765
google / organic,(organic),建案熱區巡禮：台南永康區大灣重劃區生活圈 - 遠雄房地產,/life-proposal/area-tnn-dawan_function_20231129/,17,17,18,1.0588235294117647,68.11764705882354
google / organic,(organic),社區營運兩三事：管理費差別與公設維護全攻略 - 遠雄房地產,/life-proposal/land_fund/,17,17,19,1.1176470588235294,39.88235294117647
google / organic,(organic),地上權建物可以買嗎？優缺點一次看 - 遠雄房地產,/life-proposal/superficial_rights/,17,17,19,1.1176470588235294,61.705882352941174
google_kw / bh10,14th-zone,遠房實價登錄,/,16,17,24,1.5,2.125
l.instagram.com / referral,(referral),遠雄房地產：最懂生活的購屋專家,/,16,17,17,1.0625,4
line-lap / fh2,line-lap12-2,齊興_緻-台北市北投區/北士科住宅預售屋,/buildings/ar1/,16,17,16,1,18.9375
google_kw / bh10,brand,北屯敦富路【遠雄敦富】- 北屯機捷預售屋．近好市多,/buildings/bh10/,16,17,15,0.9375,5.375
fb / bh5,43,遠雄琉蘊 -台中市西屯區七期預售屋/新建案-預約賞屋，遠雄房地產,/buildings/bh5/,16,17,17,1.0625,20.125
google / cpc,(organic),遠雄THE ONE-高雄市前鎮區新成屋/新建案-預約賞屋,/buildings/o1/,16,17,17,1.0625,22.8125
google / organic,(organic),2025年北台灣房市潛力區域專題報導-10大優質投資區域分析｜何世昌觀點 - 遠雄房地產,/life-proposal/expert_hoshichang_northern-potential/,16,17,17,1.0625,91.125
google / organic,(organic),建案熱區巡禮 - 好想搬去新北住！新莊副都心生活圈，一步抵達頂級人生 - 遠雄房地產,/life-proposal/xinzhuang/,16,17,18,1.125,57.25
google / organic,(organic),2025自住首購族擇屋八大法則｜李同榮觀點 - 遠雄房地產,/life-proposal/expert_li_homeowners_20250410/,15,17,17,1.1333333333333333,103.4
google / organic,(organic),社區營運兩三事：公設點交不求人 - 遠雄房地產,/life-proposal/land_public_utilities/,15,17,17,1.1333333333333333,29.533333333333335
fgr-line / ah2,20260210,村泉蒔美 ✨ 馬騰金春迎蒔美 ✨ - 遠雄房地產,/activity-report/✨-馬騰金春迎蒔美-✨/,14,17,28,2,65.42857142857143
google / organic,(organic),遠雄一靚🧨春遊一靚 喜迎新年 - 遠雄房地產,/activity-report/遠雄一靚🧨春遊一靚-喜迎新年/,14,17,15,1.0714285714285714,25.642857142857142
line / bh9,(not set),遠房實價登錄,/,13,17,18,1.3846153846153846,0
google / organic,(organic),【遠雄一靚】好室智造所 行動策展｜光．再生手作體驗💡 - 遠雄房地產,/activity-report/遠雄一靚-好室智造所行動策展/,13,17,18,1.3846153846153846,12.615384615384615
google / organic,(organic),遠雄泱玥 圍爐煮茶．曉光迎福 - 遠雄房地產,/activity-report/遠雄泱玥-圍爐煮茶．曉光迎福/,13,17,18,1.3846153846153846,28.384615384615383
google / organic,(organic),建案熱區巡禮：中和翻轉！北台灣電子製造業最大產業聚落  - 遠雄房地產,/life-proposal/area-l-newtaipei-zhonghe_20220923/,13,17,17,1.3076923076923077,57.46153846153846
google / organic,(organic),防疫宅標準配備，居家隔離有「當層排氣」最重要 - 遠雄房地產,/life-proposal/covid-exhaust/,13,17,15,1.1538461538461537,41.38461538461539
google / organic,(organic),劉學龍觀點：2025年第三季房地產趨勢 - 商用不動產市場的穩與土地市場的冷 - 遠雄房地產,/life-proposal/expert_liu_commercial-2025q3/,13,17,16,1.2307692307692308,36
google / organic,(organic),[影音] 限貸令下交屋解約問題｜專家觀點地政篇 - 遠雄房地產,/life-proposal/expert_zhu_property_terminate_vedio_20250313/,13,17,17,1.3076923076923077,29.76923076923077
google / cpc,(not set),遠雄星呈-台中市清水區預售屋/新建案-預約賞屋，遠雄房地產,/buildings/h707/,11,17,20,1.8181818181818181,22.636363636363637
bing / organic,(organic),熱銷建案一覽：遠雄全台預售屋、新建案、新成屋資訊,/case/search/,11,17,57,5.181818181818182,61.72727272727273
line-lap / qyh1,linelap2-2,找不到頁面 - 遠雄房地產,/buildings/qyh1/,10,17,19,1.9,10.8
(direct) / (none),(direct),齊興緻-吳若榆-遠雄房地產 Farglory-Realty,/AR1/b4125,8,17,22,2.75,35.875
google / organic,(organic),地震來的時候你家安全嗎? 一次搞懂抗震建築 - 遠雄房地產,/life-proposal/earthquake/,17,16,19,1.1176470588235294,57.411764705882355
fb / paid,120229486716970138,遠房實價登錄,/,16,16,19,1.1875,0
fb / paid,120241218501380402,遠房實價登錄,/,16,16,16,1,0
fb / paid,120241218914510402,遠房實價登錄,/,16,16,16,1,0
ig / social,ig,遠房實價登錄,/,16,16,18,1.125,0
(data not available),(cross-network),齊興_緻-台北市北投區/北士科住宅預售屋,/buildings/ar1/,16,16,26,1.625,11.5
fb / bh7,17,【遠雄樂元】北屯機捷X好市多，雙首排大道最核心，夠近才最好,/buildings/bh7/,16,16,19,1.1875,2.5
google / cpc,banqiao.townhouse,遠雄合雅｜板橋之心・合院之上｜2~3房．24~66坪,/buildings/fh2/,16,16,21,1.3125,29.6875
(data not available),(cross-network),遠雄THE ONE-高雄市前鎮區新成屋/新建案-預約賞屋,/buildings/o1/,16,16,30,1.875,42.375
google / organic,(organic),熱銷建案一覽：遠雄全台預售屋、新建案、新成屋資訊,/case/search/building-category-tag/134/,16,16,27,1.6875,23.8125
google / cpc,brand,熱銷建案一覽：遠雄全台預售屋、新建案、新成屋資訊,/case/search/sales_status/coming-soon/,16,16,22,1.375,15.3125
news.google.com / referral,(referral),2026 投資佈局：聚焦AI基建、核能、國防、稀土、貴金屬與穩定幣 | 財經M平方觀點 - 遠雄房地產,/life-proposal/expert_macromicro_2026-mega-trends/,16,16,16,1,4.875
google_kw / 5vo1,202511,遠房實價登錄,/,15,16,21,1.4,0
google_kw / 5vo1,202511_ex1,聯上智科｜北士科AI總部 輝達核心軸線 -台北市北投區商辦/預售新建案-預約賞屋，遠創力行銷,/buildings/5vo1/,15,16,16,1.0666666666666667,13.133333333333333
google / organic,(organic),建案熱區巡禮：準珍稀保值性，高資產族低調買進軟橋段 - 遠雄房地產,/life-proposal/ar1-1/,15,16,18,1.2,99.26666666666667
google / organic,(organic),建案熱區巡禮：台南永康區鹽行國中重劃區生活圈 - 遠雄房地產,/life-proposal/area_tnnyongkang_redevelop_yanxing_20230901/,15,16,15,1,47.13333333333333
google / organic,(organic),北市租金倒掛見怪不怪，為何商辦投報仍優於住宅｜何世昌觀點 - 遠雄房地產,/life-proposal/expert_hoshichang_tp-office-rent-premium/,15,16,19,1.2666666666666666,82.6
line-lap / cqh1,lap-1,村泉蒔美｜門戶端點 從容跨界｜台北生活最美起點,/buildings/cqh1/,14,16,21,1.5,11.928571428571429
google_kw / dgm1,brand,大河商爵-台北市士林區廠辦/預售新建案-預約賞屋，遠創力行銷,/buildings/dgm1/,14,16,17,1.2142857142857142,9.214285714285714
(not set),20260213一輪播,遠雄幸福成｜即將落成 - 台中市清水區預售/新建案-預約賞屋，遠雄房地產,/buildings/h713/,14,16,15,1.0714285714285714,44.285714285714285
google / cpc,(organic),突然跳電怎麼辦？六步驟輕鬆排查【居家安全指南】 - 遠雄房地產,/life-proposal/trip/,14,16,16,1.1428571428571428,111.21428571428571
google / organic,(organic),生活提案： 專家房市觀點、空間美學指南 -遠雄房地產,/life_proposal/,14,16,14,1,5.285714285714286
(direct) / (none),(direct),專家觀點：解析房市動向與購屋建議 -遠雄房地產,/life_proposal/experts_point/,14,16,18,1.2857142857142858,12.285714285714286
(direct) / (none),(direct),大河商爵-台北市士林區廠辦/預售新建案-預約賞屋，遠創力行銷,/buildings/dgm1/,13,16,15,1.1538461538461537,24.307692307692307
google / cpc,(organic),都市土地分區解析｜買房必看土地使用分區與建物用途全攻略 - 遠雄房地產,/life-proposal/land_zoning/,13,16,15,1.1538461538461537,87.61538461538461
(not set),20260213一輪播,高雄建案推薦【遠雄峰蘊】- 三民區預售屋．近科工館,/buildings/eh1/,12,16,7,0.5833333333333334,4.5
google / organic,(organic),[影音] 買房後發現實際面積比權狀縮水，該找誰求償?｜專家觀點地政篇 - 遠雄房地產,/life-proposal/expert_zhu_area-discrepancy_20250827/,11,16,15,1.3636363636363635,60.18181818181818
bing / organic,(organic),聯上智科｜北士科AI總部 輝達核心軸線 -台北市北投區商辦/預售新建案-預約賞屋，遠創力行銷,/buildings/5vo1/,9,16,13,1.4444444444444444,88.88888888888889
(not set),20260213一輪播,遠雄房地產精選預售屋(台北、新北、台中、桃園、台南、高雄) - 遠雄房地產,/building-category-tag/featured_pre_sale/,6,16,16,2.6666666666666665,19.666666666666668
fb / hm2,0204,遠雄MetaLink科技園區 | 機捷A7．A8站▕ VIP企業席次開放預約中,/buildings/hm2/,15,15,15,1,1.0666666666666667
tagassistant.google.com / referral,(referral),遠房實價登錄,/,1,15,35,35,0
fb / paid,120233718740630316,遠房實價登錄,/,15,15,15,1,0
google / cpc,banqiao.townhouse,遠房實價登錄,/,15,15,17,1.1333333333333333,0
fb / fm3,fb9-1,遠房實價登錄,/,15,15,16,1.0666666666666667,0
104.com.tw / referral,(referral),遠雄房地產：最懂生活的購屋專家,/,15,15,14,0.9333333333333333,9.533333333333333
fb / 5vo1,20251201,聯上智科｜北士科AI總部 輝達核心軸線 -台北市北投區商辦/預售新建案-預約賞屋，遠創力行銷,/buildings/5vo1/,15,15,16,1.0666666666666667,4.2
fb / bh5,50,遠雄琉蘊 -台中市西屯區七期預售屋/新建案-預約賞屋，遠雄房地產,/buildings/bh5/,15,15,15,1,9.333333333333334
google_kw / bh9,(organic),水湳建案【遠雄綠美】鄰近綠美圖．中央公園預售屋,/buildings/bh9/,15,15,15,1,0
google / cpc,com,遠雄一靚｜楠梓新案．高大特區首發｜早鳥預約中,/buildings/eh2/,15,15,22,1.4666666666666666,44.8
google_kw / bh9,(organic),遠房實價登錄,/,15,15,15,1,0
fb / hm2,0210,遠雄MetaLink科技園區 | 機捷A7．A8站▕ VIP企業席次開放預約中,/buildings/hm2/,15,15,15,1,1.4
gdn / hm2,202601,遠雄MetaLink科技園區 | 機捷A7．A8站▕ VIP企業席次開放預約中,/buildings/hm2/,15,15,15,1,0.6
(direct) / (none),(direct),熱銷建案一覽：遠雄全台預售屋、新建案、新成屋資訊,/case/search/page/3/,15,15,24,1.6,20.733333333333334
(direct) / (none),(direct),驗屋與交屋必知注意事項？新手購屋必看，驗屋清單檢查表與交屋流程有哪些？,/life-proposal/home-inspection/,15,15,16,1.0666666666666667,7.533333333333333
fb / eh6,fb1-3,預約賞屋手機驗證 - 遠雄房地產,/mob_verify/,15,15,15,1,19.066666666666666
mkto-sn070013.com / referral,(referral),遠房實價登錄,/,14,15,28,2,0
fb / bh5,43,遠房實價登錄,/,14,15,15,1.0714285714285714,0
(direct) / (none),(direct),遠雄幸福成 ✨ 春啟馬年 幸福成章 ✨ - 遠雄房地產,/activity-report/遠雄幸福成-✨-春啟馬年-幸福成章-✨/,14,15,15,1.0714285714285714,12.785714285714286
fgr-line / bh7,20260210,遠雄樂元✨暢遊幸福新樂元✨ - 遠雄房地產,/activity-report/遠雄樂元✨暢遊幸福新樂元✨/,14,15,22,1.5714285714285714,17.428571428571427
google / cpc,(organic),遠雄琢蘊-高雄市三民區預售屋/新建案-預約賞屋，遠雄房地產,/buildings/h902/,14,15,16,1.1428571428571428,39.5
tw.search.yahoo.com / referral,(referral),2025房市回顧與2026盤整展望：政策與市場趨勢解析｜劉佩真觀點 - 遠雄房地產,/life-proposal/expert_peizhen_real-estate-2026/,14,15,14,1,134.35714285714286
google / organic,(organic),三大因素驅動，雙北市房價「蛋花湯」現象成為現在進行式｜何世昌觀點 - 遠雄房地產,/life-proposal/expert_shuangbei_20250822/,14,15,14,1,80.28571428571429
google / organic,(organic),不動產贈與要注意什麼？配偶跟子女，分產稅制大不同｜專家觀點地政篇 - 遠雄房地產,/life-proposal/expert_zhu_property_divide_gifttax2_20241024/,14,15,14,1,70.92857142857143
tw.search.yahoo.com / referral,(referral),戶籍遷入辦理教學｜買房後戶籍異動流程與準備文件全攻略 - 遠雄房地產,/life-proposal/land_household_registration/,14,15,15,1.0714285714285714,71.35714285714286
m.facebook.com / referral,(referral),隱私權聲明 - 遠雄房地產,/privacy/,14,15,16,1.1428571428571428,17.285714285714285
(direct) / (none),(direct),六都交易量比重衝高：從買賣移轉棟數看見房市的弦外之音｜何世昌觀點 - 遠雄房地產,/life-proposal/housing-transactions/,13,15,13,1,12
google / cpc,(organic),預售屋付款方式詳解 - 遠雄房地產,/life-proposal/presale_payment_20221021/,13,15,15,1.1538461538461537,84.3076923076923
google / organic,(organic),買預售屋時，履約保證真的對你有保障嗎？ - 遠雄房地產,/life-proposal/performance_guarantee_20221914/,12,15,15,1.25,85.83333333333333
google_kw / cqh1,googlemap,遠房實價登錄,/,11,15,18,1.6363636363636365,0.36363636363636365
tw.search.yahoo.com / referral,(referral),若水秧翠｜東京視野・頂埔門牌｜1~3房．20~42坪,/buildings/rsh1/,11,15,17,1.5454545454545454,62.45454545454545
google / organic,(organic),辦公室租賃將告別房東市場，然企業升級需求為重點｜劉佩真觀點 - 遠雄房地產,/life-proposal/expert_peizhen_office-rental_20250805/,11,15,15,1.3636363636363635,44.09090909090909
google / organic,(organic),社區營運兩三事：各項管理辦法看過來 - 遠雄房地產,/life-proposal/land_rules/,11,15,13,1.1818181818181819,7.363636363636363
google / organic,(organic),台南永康區鹽行國中重劃區生活圈 | 建案熱區巡禮 - 遠雄房地產,/life-proposal/area_tnnyongkang_redevelop_yanxing_20230901/,10,15,15,1.5,98.2
(direct) / (none),(direct),退休以後怎麼住？你適合青銀共居、養生村還是全齡宅？ - 遠雄房地產,/life-proposal/retiredlife_20230220/,10,15,20,2,22
(direct) / (none),(direct),防範代書詐騙，如何查詢地政士的合法性？｜專家觀點地政篇 - 遠雄房地產,/life-proposal/expert_zhu_expert_zhu_land-agent_20250917/,9,15,20,2.2222222222222223,19
line-lap / bh7,lap-2,【遠雄樂元】北屯機捷X好市多，雙首排大道最核心，夠近才最好,/buildings/bh7/,8,15,15,1.875,1.125
fb / cqh1,fb-20,遠房實價登錄,/,7,15,21,3,0
(direct) / (none),(direct),聰明買房不吃虧，謄本訊息知多少 - 遠雄房地產,/life-proposal/transcript_20221007/,2,15,14,7,10.5
yahoo / organic,(organic),遠房實價登錄,/,15,15,18,1.2,0
fb / bh7,17,遠房實價登錄,/,14,14,18,1.2857142857142858,0
fb / bh5,50,遠房實價登錄,/,14,14,14,1,7.071428571428571
fb / ah1,fb-1-1,遠房實價登錄,/,14,14,15,1.0714285714285714,0
fb / rsh1,fb1-4,遠房實價登錄,/,14,14,15,1.0714285714285714,0
fb / eh1,fb20262-3,遠房實價登錄,/,14,14,16,1.1428571428571428,0
google_kw / ah1,(not set),北士科建案【遠雄明玥】2000坪全街廓只蓋一棟．25-46坪,/buildings/ah1/,14,14,19,1.3571428571428572,13.214285714285714
fb / ah1,fb-1-1,北士科建案【遠雄明玥】2000坪全街廓只蓋一棟．25-46坪,/buildings/ah1/,14,14,14,1,1.1428571428571428
gdn / ah1,gdn-3,北士科建案【遠雄明玥】2000坪全街廓只蓋一棟．25-46坪,/buildings/ah1/,14,14,14,1,0
google / cpc,20251101-2-1,齊興_緻-台北市北投區/北士科住宅預售屋,/buildings/ar1/,14,14,13,0.9285714285714286,5.928571428571429
fb / bh11,10-1,遠雄14期首發【遠雄丰尚】北屯新案．近漢神洲際百貨,/buildings/bh11/,14,14,14,1,3.2857142857142856
(direct) / (none),(direct),遠雄藝舍-台中西屯區麥當勞旁金店面-預約賞屋，遠雄房地產,/buildings/bh6/,14,14,15,1.0714285714285714,33.92857142857143
fb / bh7,11,【遠雄樂元】北屯機捷X好市多，雙首排大道最核心，夠近才最好,/buildings/bh7/,14,14,14,1,37.142857142857146
gdn / dgm1,gdn11-4,大河商爵-台北市士林區廠辦/預售新建案-預約賞屋，遠創力行銷,/buildings/dgm1/,14,14,14,1,0
fb / eh1,fb20262-3,高雄建案推薦【遠雄峰蘊】- 三民區預售屋．近科工館,/buildings/eh1/,14,14,16,1.1428571428571428,22
fb / fm3,fb9-1,遠雄信義CENTER-新北市板橋區廠辦.商辦/預售新建案-預約賞屋,/buildings/fm3/,14,14,14,1,36.5
fb / hm2,0208,遠雄MetaLink科技園區 | 機捷A7．A8站▕ VIP企業席次開放預約中,/buildings/hm2/,14,14,15,1.0714285714285714,2.357142857142857
fb / rsh1,fb2-3,若水秧翠｜東京視野・頂埔門牌｜1~3房．20~42坪,/buildings/rsh1/,14,14,14,1,12.071428571428571
fgr-line / fgr,area-s-tainan_west-central_redevelop_diamond_20250502,台南中西區運河星鑽特區坐擁頂級水岸生活圈 | 建案熱區巡禮 - 遠雄房地產,/life-proposal/area-s-tainan_west-central_redevelop_diamond_20250502/,14,14,14,1,106.92857142857143
google / organic,(organic),建案熱區巡禮：台中西屯七期重劃區核心生活圈 - 遠雄房地產,/life-proposal/area-txg-7th_function_20231107/,14,14,14,1,64.78571428571429
socialmedia / fgr,fb20260206,借名登記的房地產，也可以作為遺產分割的標的嗎？ | 永然法律不動產專欄 - 遠雄房地產,/life-proposal/expert_law_y-rlee_nominee-inheritance/,14,14,14,1,15.285714285714286
fgr-line / fgr,expert_peizhen_real-estate-2026,2025房市回顧與2026盤整展望：政策與市場趨勢解析｜劉佩真觀點 - 遠雄房地產,/life-proposal/expert_peizhen_real-estate-2026/,14,14,13,0.9285714285714286,52.857142857142854
(direct) / (none),(direct),輝達總部確立，房市受惠區在哪裡？｜何世昌觀點 - 遠雄房地產,/life-proposal/expert_thinktank_nvidia_20250729/,14,14,14,1,10.285714285714286
google / organic,(organic),不夠現金繳遺產稅怎麼辦？ 分期或延期繳納申請｜專家觀點地政篇 - 遠雄房地產,/life-proposal/expert_zhu_property_offset-1_20241125/,14,14,14,1,89.71428571428571
google / cpc,(organic),降低遺產稅怎麼做？遺產稅節稅規劃攻略｜專家觀點地政篇 - 遠雄房地產,/life-proposal/expert_zhu_tax_inheritance_vedio_20240327/,14,14,15,1.0714285714285714,115.35714285714286
google / cpc,(organic),包租代管懶人包快速了解！ - 遠雄房地產,/life-proposal/rental_housing_20230106/,14,14,14,1,118
google_kw / bh5,(not set),遠房實價登錄,/,13,14,15,1.1538461538461537,0
google / cpc,20251101-2-1,遠房實價登錄,/,13,14,14,1.0769230769230769,0
fb / eh6,fb1-3,遠雄房地產：最懂生活的購屋專家,/,13,14,19,1.4615384615384615,19.76923076923077
google / organic,(organic),一次搞懂建蔽率與容積率：買房選景觀與採光的關鍵 - 遠雄房地產,/life-proposal/build_rate/,13,14,15,1.1538461538461537,72.23076923076923
fb / dgm1,fb11-2,大河商爵-台北市士林區廠辦/預售新建案-預約賞屋，遠創力行銷,/buildings/dgm1/,12,14,14,1.1666666666666667,0.5833333333333334
google / organic,(organic),[影音] 預售屋購買注意事項大解析 - 應記載事項與不得記載事項｜專家觀點地政篇 - 遠雄房地產,/life-proposal/expert_zhu_buyhouse_contract1_20240430/,11,14,14,1.2727272727272727,124.27272727272727
google / cpc,dgc,Farglory Garden | Kaohsiung's New Gateway to Nanzi | Next to MRT R21 Station | 3795 Ping (approximately 1833 square meters) of Luxurious Land,/buildings/eh6/,10,14,6,0.6,21
google_kw / h713,(organic),遠雄星呈-台中市清水區預售屋/新建案-預約賞屋，遠雄房地產,/buildings/h707/,10,14,14,1.4,16.7
google_kw / rsh1,competitor,若水秧翠｜東京視野・頂埔門牌｜1~3房．20~42坪,/buildings/rsh1/,10,14,14,1.4,3.2
google / cpc,(organic),附屬建物陽台、露臺、雨遮規定｜購屋前必知建築法規與容積計算 - 遠雄房地產,/life-proposal/regulations_20230317/,9,14,14,1.5555555555555556,112.66666666666667
google / organic,(organic),台南永康產業交通齊發光，宜居現在進行式 | 建案熱區巡禮 - 遠雄房地產,/life-proposal/yongkang/,9,14,14,1.5555555555555556,70.33333333333333
(not set),(not set),聯上智科｜北士科AI總部 輝達核心軸線 -台北市北投區商辦/預售新建案-預約賞屋，遠創力行銷,/buildings/5vo1/,3,14,0,0,47.333333333333336
web-ettoday / fm3,20260116,遠雄蘴靚｜高雄楠梓新門戶｜捷運R21站旁｜3795坪豪闊基地,/buildings/eh6/,1,14,13,13,407
google_kw / dh2,(organic),遠雄房地產精選預售屋(台北、新北、台中、桃園、台南、高雄) - 遠雄房地產,/building-category-tag/featured_pre_sale/,13,13,14,1.0769230769230769,11.153846153846153
yahoo_native / 5vo1,202510_4,聯上智科｜北士科AI總部 輝達核心軸線 -台北市北投區商辦/預售新建案-預約賞屋，遠創力行銷,/buildings/5vo1/,3,13,17,5.666666666666667,110.33333333333333
(data not available),(cross-network),遠雄房地產精選預售屋(台北、新北、台中、桃園、台南、高雄) - 遠雄房地產,/building-category-tag/featured_pre_sale/,13,13,16,1.2307692307692308,14.846153846153847
fb / o1,carousel-supermansion,遠雄房地產：最懂生活的購屋專家,/,13,13,13,1,1.9230769230769231
google_kw / 5vo1,202511,"Linked Intelligent Technology | Beishike AI Headquarters, Huida Core Axis - Taipei Beitou District Commercial Office/Pre-sale New Construction Project - Schedule a Viewing Appointment, Far Eastern Marketing",/buildings/5vo1/,13,13,3,0.23076923076923078,15.923076923076923
google_kw / BH8,extension,台中西屯建案【遠雄洄山行】．2-4房方正格局,/buildings/BH8/,13,13,14,1.0769230769230769,12.76923076923077
google / cpc,(organic),The Farglory Mingyue residential project in Beishike is a single building spanning 2000 ping (approximately 166 square meters) across the entire block. Units range from 25 to 46 ping (approximately 16 to 166 square meters).,/buildings/ah1/,13,13,0,0,23.23076923076923
fb / bh11,12-3,遠雄14期首發【遠雄丰尚】北屯新案．近漢神洲際百貨,/buildings/bh11/,13,13,13,1,1.2307692307692308
fb / dgm1,fbfanpage0221,大河商爵-台北市士林區廠辦/預售新建案-預約賞屋，遠創力行銷,/buildings/dgm1/,13,13,13,1,2.3846153846153846
(not set),(not set),台南永康新建案【遠雄山禾】-鹽行特區．3-4房,/buildings/dh2/,13,13,4,0.3076923076923077,474.46153846153845
(direct) / (none),(direct),安南重劃首選【遠雄藏萃】全新落成，珍稀戶別釋出！,/buildings/dh5/,13,13,13,1,64.23076923076923
m.facebook.com / referral,(referral),遠雄一靚｜楠梓新案．高大特區首發｜早鳥預約中,/buildings/eh2/,13,13,13,1,3.6923076923076925
google / cpc,information2,遠雄一靚｜楠梓新案．高大特區首發｜早鳥預約中,/buildings/eh2/,13,13,13,1,32
(data not available),(cross-network),遠雄沐蘊-高雄市三民區預售屋/新建案-預約賞屋,/buildings/eh5/,13,13,32,2.4615384615384617,69.3076923076923
google / cpc,brand,遠雄琢蘊-高雄市三民區預售屋/新建案-預約賞屋，遠雄房地產,/buildings/h902/,13,13,13,1,28.846153846153847
m.facebook.com / referral,(referral),遠雄MetaLink科技園區 | 機捷A7．A8站▕ VIP企業席次開放預約中,/buildings/hm2/,13,13,13,1,0
google / cpc,area,遠雄THE ONE-高雄市前鎮區新成屋/新建案-預約賞屋,/buildings/o1/,13,13,14,1.0769230769230769,18.53846153846154
google / cpc,brand,遠雄THE ONE-高雄市前鎮區新成屋/新建案-預約賞屋,/buildings/o1/,13,13,14,1.0769230769230769,17.615384615384617
mkto-sn070013.com / referral,(referral),熱銷建案一覽：遠雄全台預售屋、新建案、新成屋資訊,/case/search/,13,13,36,2.769230769230769,74.76923076923077
(direct) / (none),(direct),熱銷建案一覽：遠雄全台預售屋、新建案、新成屋資訊,/case/search/page/5/,13,13,16,1.2307692307692308,15.692307692307692
google / organic,(organic),新竹市東區 - 以科技驅動的繁榮未來 | 建案熱區巡禮 - 遠雄房地產,/life-proposal/area-l-hsinchu-east20240110/,13,13,13,1,57.46153846153846
(direct) / (none),(direct),只有不動產怎麼繳遺產稅？實物抵繳是否划算？｜專家觀點地政篇 - 遠雄房地產,/life-proposal/expert_zhu_property_offset-2_20241220/,13,13,14,1.0769230769230769,104.46153846153847
google / organic,(organic),預售屋付款方式詳解 - 遠雄房地產,/life-proposal/presale_payment_20221021/,13,13,15,1.1538461538461537,53
google / cpc,brand,預約賞屋手機驗證 - 遠雄房地產,/mob_verify/,13,13,16,1.2307692307692308,23.23076923076923
bing / organic,(organic),遠雄房地產：最懂生活的購屋專家,/,12,13,18,1.5,14.083333333333334
line-lap / eh2,20260204B,遠雄房地產精選預售屋(台北、新北、台中、桃園、台南、高雄) - 遠雄房地產,/building-category-tag/featured_pre_sale/,12,13,16,1.3333333333333333,38.5
google / cpc,brand,北士科建案【遠雄明玥】2000坪全街廓只蓋一棟．25-46坪,/buildings/ah1/,12,13,17,1.4166666666666667,41.25
fb / bh10,fbfanpage,北屯敦富路【遠雄敦富】- 北屯機捷預售屋．近好市多,/buildings/bh10/,12,13,13,1.0833333333333333,13.583333333333334
google_kw / h713,(organic),遠雄14期首發【遠雄丰尚】北屯新案．近漢神洲際百貨,/buildings/bh11/,12,13,15,1.25,24.25
line / eh1,line0211,高雄建案推薦【遠雄峰蘊】- 三民區預售屋．近科工館,/buildings/eh1/,12,13,16,1.3333333333333333,18.916666666666668
(direct) / (none),(direct),高雄預售屋入手指南：最新建案推薦、選房與區域優勢總整理 - 遠雄房地產,/life-proposal/area_presold-house-in-kaohsiung/,12,13,13,1.0833333333333333,20.333333333333332
google / organic,(organic),[影音] 台灣房價為何跌不下來？看懂房市「抗跌力」｜何世昌觀點 - 遠雄房地產,/life-proposal/expert_hoshichang_video_property_price_20250801/,12,13,15,1.25,39.333333333333336
google / organic,(organic),小宅攻略 ∣ 退休宅這樣規畫超完美 - 遠雄房地產,/life-proposal/space_design_smallhouse2_20240521/,12,13,12,1,47
google / cpc,(organic),買房必知稅務：首購族交易稅與持有稅全解析 - 遠雄房地產,/life-proposal/taxes/,12,13,13,1.0833333333333333,128.25
(direct) / (none),(direct),在地生活：新建案、預售屋周邊資訊 -遠雄房地產,/life_proposal/music_life/,12,13,14,1.1666666666666667,32.75
google_kw / bh10,taichung,遠房實價登錄,/,11,13,19,1.7272727272727273,3.727272727272727
fgr-line / bh10,20260210,遠雄敦富新春不打烊．萬千寵愛．禮遇富足 - 遠雄房地產,/activity-report/遠雄敦富新春不打烊．萬千寵愛．禮遇富足/,11,13,16,1.4545454545454546,9.454545454545455
line-lap / ar1,20251017-2-1,齊興_緻-台北市北投區/北士科住宅預售屋,/buildings/ar1/,11,13,13,1.1818181818181819,2.3636363636363638
(not set),20251107一輪播,齊興_緻-台北市北投區/北士科住宅預售屋,/buildings/ar1/,11,13,13,1.1818181818181819,7.181818181818182
google / cpc,dgc,齊興_緻-台北市北投區/北士科住宅預售屋,/buildings/ar1/,11,13,14,1.2727272727272727,12.363636363636363
(not set),20260213一輪播,村泉蒔美｜門戶端點 從容跨界｜台北生活最美起點,/buildings/cqh1/,11,13,6,0.5454545454545454,32
(direct) / (none),(direct),建案熱區巡禮：龜山A7重劃區成北北桃生活圈潛力新核心 - 遠雄房地產,/life-proposal/area_taoyuan_guishan_a7_function/,11,13,14,1.2727272727272727,20.727272727272727
google / organic,(organic),專家觀點地政篇：繼承取得不動產，如何課徵房地合一稅？ - 遠雄房地產,/life-proposal/expert_zhu_inheritance_20230921/,10,13,14,1.4,82
google / cpc,(not set),[ 影音 ]房產移轉如何過戶子女才划算？｜專家觀點地政篇 - 遠雄房地產,/life-proposal/expert_zhu_inherited_20230512/,10,13,15,1.5,71.2
google / cpc,202601,隱私權聲明 - 遠雄房地產,/privacy/,10,13,14,1.4,68.4
google_kw / cqh1,buyhouse,遠房實價登錄,/,9,13,14,1.5555555555555556,0
google_kw / cqh1,buyhouse,村泉蒔美｜門戶端點 從容跨界｜台北生活最美起點,/buildings/cqh1/,9,13,14,1.5555555555555556,15.777777777777779
google / organic,(organic),全球超長債殖利率飆升：結構性壓力與長短期解方全解析｜財經M平方觀點 - 遠雄房地產,/life-proposal/expert_macromicro_global-bond-yields/,9,13,11,1.2222222222222223,195.33333333333334
socialmedia / fgr,fb,遠雄房地產：最懂生活的購屋專家,/,8,13,15,1.875,6
line-lap / ar1,20250718,齊興_緻-台北市北投區/北士科住宅預售屋,/buildings/ar1/,8,13,13,1.625,0
google_kw / cqh1,competitor,村泉蒔美｜門戶端點 從容跨界｜台北生活最美起點,/buildings/cqh1/,6,13,13,2.1666666666666665,16.666666666666668
fgr-line / h707,20260210,遠雄幸福成 ✨ 春啟馬年 幸福成章 ✨ - 遠雄房地產,/activity-report/遠雄幸福成-✨-春啟馬年-幸福成章-✨/,13,13,19,1.4615384615384615,11.76923076923077
google / organic,(organic),第二個美術館特區-高雄三民中都重劃區 | 建案熱區巡禮 - 遠雄房地產,/life-proposal/area-s-khh-central_20240502/,11,12,13,1.1818181818181819,56
tagassistant.google.com / referral,(referral),遠雄房地產：最懂生活的購屋專家,/,1,12,15,15,324
google_kw / bh10,brand,遠房實價登錄,/,12,12,14,1.1666666666666667,0
google_kw / BH8,extension,遠房實價登錄,/,12,12,13,1.0833333333333333,0
fb / rsh1,fb1-1,遠房實價登錄,/,12,12,12,1,0
google / cpc,landmark0829,遠房實價登錄,/,12,12,13,1.0833333333333333,4.75
fb / ao1,2-3,遠雄房地產：最懂生活的購屋專家,/,12,12,12,1,5
fgr-line / cqh1,20260210,村泉蒔美 ✨ 馬騰金春迎蒔美 ✨ - 遠雄房地產,/activity-report/✨-馬騰金春迎蒔美-✨/,12,12,19,1.5833333333333333,21
google / cpc,pmax,公告資訊 - 遠雄房地產,/activity_report/announcement_information/,12,12,12,1,0
google_kw / ah1,(organic),北士科建案【遠雄明玥】2000坪全街廓只蓋一棟．25-46坪,/buildings/ah1/,12,12,12,1,0.25
(data not available),(cross-network),北屯敦富路【遠雄敦富】- 北屯機捷預售屋．近好市多,/buildings/bh10/,12,12,25,2.0833333333333335,186.08333333333334
line-lap / bh7,lap-3,北屯敦富路【遠雄敦富】- 北屯機捷預售屋．近好市多,/buildings/bh10/,12,12,15,1.25,32
google / cpc,20260206-2-4,"Peluncuran Farglory Fase 14: Farglory Fengshang, proyek baru di Beitun, dekat Department Store Hanshin Intercontinental.",/buildings/bh11/,12,12,2,0.16666666666666666,106.33333333333333
fb / bh11,12-4,遠雄14期首發【遠雄丰尚】北屯新案．近漢神洲際百貨,/buildings/bh11/,12,12,12,1,3.8333333333333335
(data not available),(cross-network),【遠雄樂元】北屯機捷X好市多，雙首排大道最核心，夠近才最好,/buildings/bh7/,12,12,18,1.5,26.083333333333332
google / eh6,gdn,遠雄蘴靚｜高雄楠梓新門戶｜捷運R21站旁｜3795坪豪闊基地,/buildings/eh6/,12,12,12,1,0
line-lap / h707,1,遠雄星呈-台中市清水區預售屋/新建案-預約賞屋，遠雄房地產,/buildings/h707/,12,12,15,1.25,4.25
fb / h707,41,遠雄星呈-台中市清水區預售屋/新建案-預約賞屋，遠雄房地產,/buildings/h707/,12,12,12,1,7.666666666666667
fb / rsh1,fb1-1,若水秧翠｜東京視野・頂埔門牌｜1~3房．20~42坪,/buildings/rsh1/,12,12,13,1.0833333333333333,21.833333333333332
google / cpc,pmax,熱銷建案一覽：遠雄全台預售屋、新建案、新成屋資訊,/case/search/,12,12,14,1.1666666666666667,7.75
(direct) / (none),(direct),熱銷建案一覽：遠雄全台預售屋、新建案、新成屋資訊,/case/search/building-category-tag/134/,12,12,15,1.25,14.583333333333334
(direct) / (none),(direct),熱銷建案一覽：遠雄全台預售屋、新建案、新成屋資訊,/case/search/page/4/,12,12,15,1.25,21.666666666666668
(direct) / (none),(direct),建案熱區巡禮：桃園小檜溪(青溪特區)舊商圈+眾多綠地的宜人生活 - 遠雄房地產,/life-proposal/area-s-taoyuan-green20220520/,12,12,14,1.1666666666666667,65.33333333333333
google / organic,(organic),台南永康區大灣重劃區生活圈 | 建案熱區巡禮 - 遠雄房地產,/life-proposal/area-tnn-dawan_function_20231129/,12,12,15,1.25,109.66666666666667
google / cpc,pmax,空間美學：三大保固升級服務-遠雄房地產,/life_proposal/space_aesthetics/,12,12,13,1.0833333333333333,0
line / eh1,line0211,遠房實價登錄,/,11,12,15,1.3636363636363635,0
google / organic,(organic),✨ 洄山春序 福蘊綠美 ✨ - 遠雄房地產,/activity-report/✨-洄山春序-福蘊綠美-✨/,11,12,13,1.1818181818181819,13
fgr-line / eh1,20260210,遠雄峰蘊🐴馬躍峰境 蘊見好年 - 遠雄房地產,/activity-report/馬躍峰境-蘊見好年/,11,12,14,1.2727272727272727,24.90909090909091
google_kw / bh10,taichung,北屯敦富路【遠雄敦富】- 北屯機捷預售屋．近好市多,/buildings/bh10/,11,12,18,1.6363636363636365,21.727272727272727
google / cpc,20260206-2-4,"Farglory Phase 14 Launch: Farglory Fengshang, a new project in Beitun, near Hanshin Intercontinental Department Store.",/buildings/bh11/,11,12,6,0.5454545454545454,19.181818181818183
dogreat.com.tw / referral,(referral),大河商爵-台北市士林區廠辦/預售新建案-預約賞屋，遠創力行銷,/buildings/dgm1/,11,12,14,1.2727272727272727,152.0909090909091
mkto-sn070013.com / referral,(referral),遠雄蘴靚｜高雄楠梓新門戶｜捷運R21站旁｜3795坪豪闊基地,/buildings/eh6/,11,12,14,1.2727272727272727,88.18181818181819
line-lap / h707,3,遠雄星呈-台中市清水區預售屋/新建案-預約賞屋，遠雄房地產,/buildings/h707/,11,12,13,1.1818181818181819,13.090909090909092
fb / h707,31,遠雄星呈-台中市清水區預售屋/新建案-預約賞屋，遠雄房地產,/buildings/h707/,11,12,13,1.1818181818181819,42.45454545454545
google / organic,(organic),【遠雄北府苑】｜台南首座全齡通用認證宅，爭藏絕版，市心重劃，稀有2-4房,/,12,12,13,1.0833333333333333,36.333333333333336
google / organic,(organic),建案熱區巡禮：台中西屯水湳經貿園區 - 交通篇 - 遠雄房地產,/life-proposal/area-txg-shuinan_traffic_20240508/,11,12,12,1.0909090909090908,91.45454545454545
google / organic,(organic),降息了黃金一定會漲嗎？探討未來黃金走勢｜財經M平方觀點 - 遠雄房地產,/life-proposal/expert_macromicro_golden_20241119/,11,12,11,1,40.18181818181818
google / organic,(organic),[影音] 科學園區帶動房市新熱潮：竹科、中科、南科的投資分析｜劉佩真觀點 - 遠雄房地產,/life-proposal/expert_peizhen_science-park-housing/,11,12,13,1.1818181818181819,23.727272727272727
google / organic,(organic),繼承房產兄弟姊妹吵翻天？遺囑、登記與分配機制一次講清楚｜專家觀點地政篇 - 遠雄房地產,/life-proposal/expert_zhu_inherit-siblings_20250704/,11,12,11,1,94
(direct) / (none),(direct),如何預防不動產詐騙？如何防止房屋被移轉？｜專家觀點地政篇 - 遠雄房地產,/life-proposal/expert_zhu_property_scam_20240604/,11,12,11,1,123.18181818181819
google / cpc,(not set),換屋族必讀：房地合一稅與土地增值稅完整攻略 - 遠雄房地產,/life-proposal/house_and_land/,11,12,14,1.2727272727272727,123.18181818181819
(direct) / (none),(direct),交屋看仔細：常見糾紛與買方注意事項 - 遠雄房地產,/life-proposal/kw_delivery_20230607/,11,12,14,1.2727272727272727,84.45454545454545
google / cpc,(organic),戶籍遷入辦理教學｜買房後戶籍異動流程與準備文件全攻略 - 遠雄房地產,/life-proposal/land_household_registration/,11,12,13,1.1818181818181819,83.45454545454545
(direct) / (none),(direct),附屬建物陽台、露臺、雨遮規定｜購屋前必知建築法規與容積計算 - 遠雄房地產,/life-proposal/regulations_20230317/,11,12,19,1.7272727272727273,116.72727272727273
line-lap / ar1,20251017-2-1,遠房實價登錄,/,10,12,12,1.2,0
fb / eh1,fb20262-1,遠房實價登錄,/,10,12,14,1.4,0
google / cpc,202601,熱銷建案一覽：遠雄全台預售屋、新建案、新成屋資訊,/case/search/,10,12,20,2,32.9
google / organic,(organic),遠雄東御苑 彙整 - 遠雄房地產,/life-proposal-tag/8、遠雄房地產建案/h807/,10,12,14,1.4,7.4
google / organic,(organic),入主重劃區漸成主流，優缺點一次看 - 遠雄房地產,/life-proposal/redevelopment_zone_20221209/,10,12,13,1.3,228.9
(not set),20260213一輪播,遠雄星呈-台中市清水區預售屋/新建案-預約賞屋，遠雄房地產,/buildings/h707/,9,12,12,1.3333333333333333,25.444444444444443
google / organic,(organic),112年全台發生1萬7千多起火災事故，你了解住宅火險與商業火險嗎？ - 遠雄房地產,/life-proposal/kw_fire-insurance_20240705/,9,12,10,1.1111111111111112,44.55555555555556
(not set),20251230一輪播,遠房實價登錄,/,8,12,18,2.25,0
(not set),台中全區,台中預售屋怎麼挑？各區房價、TOP36建案分析，買屋前必看！ - 遠雄房地產,/life-proposal/area_presold-house-in-taichung/,8,12,0,0,9
google_kw / cqh1,competitor,遠房實價登錄,/,6,12,14,2.3333333333333335,0
line-lap / bh7,lap-1,【遠雄樂元】北屯機捷X好市多，雙首排大道最核心，夠近才最好,/buildings/bh7/,5,12,11,2.2,15
fb / bh7,11,遠房實價登錄,/,12,12,12,1,0
fb / rsh1,fb2-3,遠房實價登錄,/,11,11,11,1,0
(not set),20251230一輪播,最懂生活的購屋專家-遠雄房地產,/gc_farbear/,1,11,30,30,105
fb / o1,20250422_20-1,遠房實價登錄,/,11,11,12,1.0909090909090908,0
line / o1,2026cny,遠房實價登錄,/,11,11,11,1,0
google_kw / h713,(not set),遠房實價登錄,/,11,11,14,1.2727272727272727,0
gdn / ah1,gdn-1,遠房實價登錄,/,11,11,11,1,0
mkto-sn070013.com / referral,(referral),影像光廊：建案風采-遠雄房地產,/about/brand_gallery/,11,11,12,1.0909090909090908,8.818181818181818
google / cpc,com,遠雄房地產精選預售屋(台北、新北、台中、桃園、台南、高雄) - 遠雄房地產,/building-category-tag/featured_pre_sale/,11,11,14,1.2727272727272727,17.818181818181817
fb / 5vo1,20251102,聯上智科｜北士科AI總部 輝達核心軸線 -台北市北投區商辦/預售新建案-預約賞屋，遠創力行銷,/buildings/5vo1/,11,11,11,1,1.9090909090909092
fb / 5vo1,2601-1,聯上智科｜北士科AI總部 輝達核心軸線 -台北市北投區商辦/預售新建案-預約賞屋，遠創力行銷,/buildings/5vo1/,11,11,11,1,1
tw.search.yahoo.com / referral,(referral),北士科建案【遠雄明玥】2000坪全街廓只蓋一棟．25-46坪,/buildings/ah1/,11,11,15,1.3636363636363635,117.9090909090909
fb / bh11,11-1,遠雄14期首發【遠雄丰尚】北屯新案．近漢神洲際百貨,/buildings/bh11/,11,11,11,1,10.636363636363637
(not set),(not set),遠雄琉蘊 -台中市西屯區七期預售屋/新建案-預約賞屋，遠雄房地產,/buildings/bh5/,11,11,4,0.36363636363636365,5.818181818181818
fb / paid,120242233664400316,【遠雄樂元】北屯機捷X好市多，雙首排大道最核心，夠近才最好,/buildings/bh7/,11,11,11,1,29.545454545454547
(data not available),(cross-network),村泉蒔美｜門戶端點 從容跨界｜台北生活最美起點,/buildings/cqh1/,11,11,30,2.727272727272727,127.0909090909091
ig / paid,120232410691820316,村泉蒔美｜門戶端點 從容跨界｜台北生活最美起點,/buildings/cqh1/,11,11,12,1.0909090909090908,21.454545454545453
fb / dgm1,fb12-2,大河商爵-台北市士林區廠辦/預售新建案-預約賞屋，遠創力行銷,/buildings/dgm1/,11,11,12,1.0909090909090908,6.7272727272727275
fb / web-ettoday,fbfanpage0214,大河商爵-台北市士林區廠辦/預售新建案-預約賞屋，遠創力行銷,/buildings/dgm1/,11,11,11,1,0.6363636363636364
bing / organic,(organic),遠雄沐蘊-高雄市三民區預售屋/新建案-預約賞屋,/buildings/eh5/,11,11,12,1.0909090909090908,81.63636363636364
google / cpc,1102G,遠雄蘴靚｜高雄楠梓新門戶｜捷運R21站旁｜3795坪豪闊基地,/buildings/eh6/,11,11,15,1.3636363636363635,13.272727272727273
(data not available),(cross-network),遠雄星呈-台中市清水區預售屋/新建案-預約賞屋，遠雄房地產,/buildings/h707/,11,11,23,2.090909090909091,67.18181818181819
fb / hm2,0202,遠雄MetaLink科技園區 | 機捷A7．A8站▕ VIP企業席次開放預約中,/buildings/hm2/,11,11,11,1,2.090909090909091
fb / hm2,0205,遠雄MetaLink科技園區 | 機捷A7．A8站▕ VIP企業席次開放預約中,/buildings/hm2/,11,11,11,1,2.727272727272727
fb / o1,20250422_20-1,遠雄THE ONE-高雄市前鎮區新成屋/新建案-預約賞屋,/buildings/o1/,11,11,12,1.0909090909090908,13.545454545454545
line / o1,2026cny,遠雄THE ONE-高雄市前鎮區新成屋/新建案-預約賞屋,/buildings/o1/,11,11,11,1,53.45454545454545
google / organic,(organic),熱銷建案一覽：遠雄全台預售屋、新建案、新成屋資訊,/case/search/sales_status/hot-sale/,11,11,14,1.2727272727272727,25.454545454545453
google / cpc,pmax,聯絡我們 - 遠雄房地產,/contact_service/contact_us/,11,11,12,1.0909090909090908,0
socialmedia / fgr,ig20260123,[影音] 信託與產權設計術：資產管理、遺囑信託與節稅技巧｜專家觀點地政篇 - 遠雄房地產,/life-proposal/expert_zhu_video_trust/,11,11,11,1,1.6363636363636365
google / organic,(organic),什麼是虛坪制？一次了解政府的「虛坪改革」方案 - 遠雄房地產,/life-proposal/kw_meterspolicy_20240513/,11,11,11,1,165.8181818181818
google_kw / rsh1,buyhouse,遠房實價登錄,/,10,11,13,1.3,0
google_kw / 5vo1,202511_ex5,聯上智科｜北士科AI總部 輝達核心軸線 -台北市北投區商辦/預售新建案-預約賞屋，遠創力行銷,/buildings/5vo1/,10,11,13,1.3,41.2
fb / bh11,fanpage,遠雄14期首發【遠雄丰尚】北屯新案．近漢神洲際百貨,/buildings/bh11/,10,11,13,1.3,7.8
l.facebook.com / referral,(referral),【遠雄樂元】北屯機捷X好市多，雙首排大道最核心，夠近才最好,/buildings/bh7/,10,11,13,1.3,28
line-lap / bh9,lap-1,水湳建案【遠雄綠美】鄰近綠美圖．中央公園預售屋,/buildings/bh9/,10,11,14,1.4,597.9
fb / eh1,fb20262-1,高雄建案推薦【遠雄峰蘊】- 三民區預售屋．近科工館,/buildings/eh1/,10,11,13,1.3,14.5
bing / organic,(organic),遠雄一靚｜楠梓新案．高大特區首發｜早鳥預約中,/buildings/eh2/,10,11,13,1.3,43.6
fgr-line / rsh1,20260210,若水秧翠｜東京視野・頂埔門牌｜1~3房．20~42坪,/buildings/rsh1/,10,11,13,1.3,16.1
google_kw / h713,(organic),熱銷建案一覽：遠雄全台預售屋、新建案、新成屋資訊,/case/search/page/2/,10,11,13,1.3,15.4
google / organic,(organic),建案熱區巡禮：台南中西區運河星鑽特區 - 綠地休憩篇 - 遠雄房地產,/life-proposal/area-tainan_west-central_redevelop_diamond_park_20250509/,10,11,15,1.5,64.5
(direct) / (none),(direct),建案熱區巡禮：北投士林科技園區 - 交通篇 - 遠雄房地產,/life-proposal/area-tpe-beitou_bstp_traffic_20240705/,10,11,16,1.6,79.6
google / cpc,area,高雄預售屋入手指南：最新建案推薦、選房與區域優勢總整理 - 遠雄房地產,/life-proposal/area_presold-house-in-kaohsiung/,10,11,10,1,109.1
google / organic,(organic),建案熱區巡禮：台中北屯區14期重劃區 - 綠地休憩篇 - 遠雄房地產,/life-proposal/area_txg_beitun_14th_park_20240909/,10,11,12,1.2,31.9
google / organic,(organic),買房學問多，看懂建築材料才安心－建築結構與防水篇 - 遠雄房地產,/life-proposal/building_materials/,10,11,10,1,77.4
google / organic,(organic),[影音] 房產傳承案例解析：買賣與贈與的差別、實務操作與法律風險 - 遠雄房地產,/life-proposal/expert_zhu_video_buy-vs-gift/,10,11,11,1.1,81.3
google / cpc,(organic),權狀坪數與室內坪數差在哪？看懂買房坪數組成，首購族不再被混淆 - 遠雄房地產,/life-proposal/ping/,10,11,13,1.3,73.6
google / organic,(organic),全齡通用宅打造友善居住環境：建築環境篇 - 遠雄房地產,/life-proposal/universal-design-environment20220713/,10,11,10,1,21.9
lbs-sms / hm2,0201,遠雄MetaLink科技園區 | 機捷A7．A8站▕ VIP企業席次開放預約中,/buildings/hm2/,9,11,12,1.3333333333333333,25.555555555555557
tw.search.yahoo.com / referral,(referral),房屋格局圖/平面圖怎麼看？建案平面圖符號教學，讓你秒懂房屋格局避地雷,/life-proposal/house-layout/,9,11,10,1.1111111111111112,56.333333333333336
google / cpc,(organic),囤房稅不可不知！多屋族看過來 - 遠雄房地產,/life-proposal/house_tax/,9,11,12,1.3333333333333333,100.77777777777777
google / organic,(organic),建案熱區巡禮：台南中西區運河星鑽特區 - 學區篇 - 遠雄房地產,/life-proposal/area-tainan_west-central_redevelop_diamond_school_20250516/,8,11,10,1.25,32
google / organic,(organic),居家以線板、百葉窗打造「輕美式」：首購族小資女、小家庭舒壓輕鬆宅,/life-proposal/shutters-home-design/,8,11,10,1.25,22.625
(direct) / (none),(direct),買房必知稅務：首購族交易稅與持有稅全解析 - 遠雄房地產,/life-proposal/taxes/,8,11,10,1.25,53
line-lap / h902,20240603,遠雄琢蘊-高雄市三民區預售屋/新建案-預約賞屋，遠雄房地產,/buildings/h902/,7,11,12,1.7142857142857142,24.142857142857142
google / organic,(organic),建案熱區巡禮：台中北屯區14期重劃區 - 交通篇 - 遠雄房地產,/life-proposal/area_txg_beitun_14th_traffic_20240925/,7,11,10,1.4285714285714286,19
google / organic,(organic),建案熱區巡禮：台南中西區運河星鑽特區，重塑台南的歷史與現代風貌 - 遠雄房地產,/life-proposal/area-s-tainan_west-central_diamond_20250425/,6,11,10,1.6666666666666667,75.5
google / organic,(organic),南台灣產業轉型如何改變房市？影響面向與市場趨勢解析｜劉佩真觀點 - 遠雄房地產,/life-proposal/expert_peizhen_southern-taiwan/,6,11,9,1.5,78.16666666666667
(not set),20260213一輪播,隱私權聲明 - 遠雄房地產,/privacy/,6,11,9,1.5,23.166666666666668
google / cpc,family_respond,找不到頁面 - 遠雄房地產,/buildings/hih1/,5,11,12,2.4,0
google / cpc,RSH1-品牌字,遠雄房地產：最懂生活的購屋專家,/,4,11,10,2.5,15.5
(direct) / (none),(direct),遠雄明玥 | 北士科水岸新生活．2000坪全街廓，只蓋一棟｜25-46坪,/ah1/main,3,11,14,4.666666666666667,4.666666666666667
line-lap / bh9,lap-4,水湳建案【遠雄綠美】鄰近綠美圖．中央公園預售屋,/buildings/bh9/,3,11,13,4.333333333333333,0.3333333333333333
google / cpc,gdn-3,遠雄蘴靚｜高雄楠梓新門戶｜捷運R21站旁｜3795坪豪闊基地,/buildings/eh6/,3,11,10,3.3333333333333335,40.333333333333336
ig / paid,120232410691820316,遠房實價登錄,/,11,11,12,1.0909090909090908,0
google / organic,(organic),建案熱區巡禮：新北板橋府中與南雅地區 - 綠地休憩篇 - 遠雄房地產,/life-proposal/area-tph_banqiao_park_20240820/,9,10,10,1.1111111111111112,24
perplexity.ai / referral,(referral),建案熱區巡禮：台南永康產業交通齊發光，宜居現在進行式！ - 遠雄房地產,/life-proposal/yongkang/,1,10,9,9,65
fb / bh10,fbfanpage,遠房實價登錄,/,10,10,11,1.1,0
gdn / ah1,gdn-3,遠房實價登錄,/,10,10,10,1,0
googlemap / dh5,googlemap,遠房實價登錄,/,10,10,10,1,0
(direct) / (none),(direct),品牌實力-遠雄房地產,/about/brand_performance_backup/,10,10,10,1,4.7
fgr-line / h707,20260210,遠雄丰尚✨2026丰尚植春秀✨ - 遠雄房地產,/activity-report/2026cnybh/,10,10,11,1.1,17.3
fgr-line / eh2,20260210,遠雄一靚🧨春遊一靚 喜迎新年 - 遠雄房地產,/activity-report/遠雄一靚🧨春遊一靚-喜迎新年/,10,10,11,1.1,0.6
fgr-line / h707,20260210,遠雄樂元✨暢遊幸福新樂元✨ - 遠雄房地產,/activity-report/遠雄樂元✨暢遊幸福新樂元✨/,10,10,11,1.1,15.2
google / cpc,O1_品牌字_2025.0801,遠雄房地產精選成屋(台北、新北、台中、桃園、台南、高雄) - 遠雄房地產,/building-category-tag/featured_existing_house/,10,10,11,1.1,21.4
line-lap / fh2,line-lap12-2,遠雄房地產精選預售屋(台北、新北、台中、桃園、台南、高雄) - 遠雄房地產,/building-category-tag/featured_pre_sale/,10,10,10,1,36
google / cpc,(organic),公園宅相關預售屋/新成屋/新建案資料|遠雄房地產,/building-tag/build-tag-park/,10,10,14,1.4,12.9
(direct) / (none),(direct),景觀宅 彙整 - 遠雄房地產,/building-tag/景觀宅/,10,10,10,1,4.9
fb / 5vo1,2025090501,聯上智科｜北士科AI總部 輝達核心軸線 -台北市北投區商辦/預售新建案-預約賞屋，遠創力行銷,/buildings/5vo1/,10,10,10,1,0.7
fb / 5vo1,260204,聯上智科｜北士科AI總部 輝達核心軸線 -台北市北投區商辦/預售新建案-預約賞屋，遠創力行銷,/buildings/5vo1/,10,10,10,1,0.9
mkto-sn070013.com / referral,(referral),北士科建案【遠雄明玥】2000坪全街廓只蓋一棟．25-46坪,/buildings/ah1/,10,10,11,1.1,39.4
google / cpc,20260213一輪播,北士科建案【遠雄明玥】2000坪全街廓只蓋一棟．25-46坪,/buildings/ah1/,10,10,9,0.9,24.3
fb / bh11,8-2,遠雄14期首發【遠雄丰尚】北屯新案．近漢神洲際百貨,/buildings/bh11/,10,10,10,1,15.7
fb / bh11,9-5,遠雄14期首發【遠雄丰尚】北屯新案．近漢神洲際百貨,/buildings/bh11/,10,10,10,1,2.5
m.facebook.com / referral,(referral),【遠雄樂元】北屯機捷X好市多，雙首排大道最核心，夠近才最好,/buildings/bh7/,10,10,10,1,5.9
google / cpc,BH10-北屯區區域字,【遠雄樂元】北屯機捷X好市多，雙首排大道最核心，夠近才最好,/buildings/bh7/,10,10,10,1,26
fb / bh9,1,水湳建案【遠雄綠美】鄰近綠美圖．中央公園預售屋,/buildings/bh9/,10,10,10,1,103.3
m.facebook.com / referral,(referral),大河商爵-台北市士林區廠辦/預售新建案-預約賞屋，遠創力行銷,/buildings/dgm1/,10,10,10,1,0
fb / paid,120224668235420701,大河商爵-台北市士林區廠辦/預售新建案-預約賞屋，遠創力行銷,/buildings/dgm1/,10,10,10,1,4.4
fb / dgm1,fb12-3,大河商爵-台北市士林區廠辦/預售新建案-預約賞屋，遠創力行銷,/buildings/dgm1/,10,10,10,1,0.4
google / cpc,(organic),台南永康新建案【遠雄山禾】-鹽行特區．3-4房,/buildings/dh2/,10,10,11,1.1,32.1
google-map / (not set),eh1,高雄建案推薦【遠雄峰蘊】- 三民區預售屋．近科工館,/buildings/eh1/,10,10,10,1,17.5
fb / eh1,fb20261-2,高雄建案推薦【遠雄峰蘊】- 三民區預售屋．近科工館,/buildings/eh1/,10,10,10,1,13.5
fb / eh2,8-1,遠雄一靚｜楠梓新案．高大特區首發｜早鳥預約中,/buildings/eh2/,10,10,10,1,4.1
fb / eh2,9-2,遠雄一靚｜楠梓新案．高大特區首發｜早鳥預約中,/buildings/eh2/,10,10,10,1,16.6
fb / eh2,fb13-5,遠雄一靚｜楠梓新案．高大特區首發｜早鳥預約中,/buildings/eh2/,10,10,10,1,11.1
google / cpc,gdn,Farglory Garden | Kaohsiung's New Gateway to Nanzi | Next to MRT R21 Station | 3795 Ping (approximately 1833 square meters) of Luxurious Land,/buildings/eh6/,10,10,4,0.4,5.5
google / cpc,(organic),遠雄信義CENTER-新北市板橋區廠辦.商辦/預售新建案-預約賞屋,/buildings/fm3/,10,10,12,1.2,44.3
(data not available),(cross-network),若水秧翠｜東京視野・頂埔門牌｜1~3房．20~42坪,/buildings/rsh1/,10,10,25,2.5,39.3
google / organic,(organic),降低室內濕度怎麼做？除濕機真的有用嗎？ - 遠雄房地產,/life-proposal/dehumidifier/,10,10,10,1,48.4
(direct) / (none),(direct),預售屋買賣契約簽約時應注意「契約審閱期」｜永然法律不動產專欄 - 遠雄房地產,/life-proposal/expert_law_y-rlee_contract_20250613/,10,10,10,1,3.3
(direct) / (none),(direct),空屋稅的真相？房子閒置前你該考慮的事｜專家觀點地政篇 - 遠雄房地產,/life-proposal/expert_zhu_eht_20250625/,10,10,12,1.2,92.8
m.facebook.com / referral,(referral),漲幅王遠東Tpark！企業需求外溢鄰近新廠有望看漲  - 遠雄房地產,/life-proposal/fm1-1/,10,10,10,1,0.9
(direct) / (none),(direct),2025 十大建商出爐！買家如何「保蛋黃、挑品牌」？ - 遠雄房地產,/life-proposal/kw_brand_construction_20240109/,10,10,12,1.2,3.8
google / organic,(organic),買房頭期款不夠怎麼辦？–「首購族看房買屋攻略」 - 遠雄房地產,/life-proposal/mortgage/,10,10,10,1,50.1
google / organic,(organic),台灣蔦屋的空間價值革命，在遠雄實踐地方創生價值,/life-proposal/tsuta-house/,10,10,11,1.1,62.9
google / organic,(organic),修繕小知識：木地板刮傷怎麼辦？【居家百科】 - 遠雄房地產,/life-proposal/woodfix/,10,10,10,1,34.4
google / cpc,pmax,安心生活：三大保固升級服務 -遠雄房地產,/life_proposal/peace_mind/,10,10,10,1,0
google / cpc,dgc,隱私權聲明 - 遠雄房地產,/privacy/,10,10,14,1.4,94.7
fb / bh5,49,遠房實價登錄,/,9,10,18,2,0
fb / eh1,fb20261-3,遠房實價登錄,/,9,10,11,1.2222222222222223,12.333333333333334
farglory-land.com.tw / referral,(referral),遠雄房地產：最懂生活的購屋專家,/,9,10,15,1.6666666666666667,15.88888888888889
google / organic,(organic),品牌實力-遠雄房地產,/about/brand_performance_backup/,9,10,14,1.5555555555555556,13.333333333333334
google / organic,(organic),遠雄建設獲 SGS 年度創新獎 首家通過 ISO 59000 循環經濟驗證建築品牌 - 遠雄房地產,/activity-report/fg_land_news2/,9,10,11,1.2222222222222223,23.11111111111111
fb / eh6,fb1-3,遠雄房地產精選預售屋(台北、新北、台中、桃園、台南、高雄) - 遠雄房地產,/building-category-tag/featured_pre_sale/,9,10,11,1.2222222222222223,14.555555555555555
google_kw / bh11,brand0829,遠雄14期首發【遠雄丰尚】北屯新案．近漢神洲際百貨,/buildings/bh11/,9,10,13,1.4444444444444444,5.444444444444445
fb / bh5,49,遠雄琉蘊 -台中市西屯區七期預售屋/新建案-預約賞屋，遠雄房地產,/buildings/bh5/,9,10,15,1.6666666666666667,13.777777777777779
google / cpc,brand0829,【遠雄樂元】北屯機捷X好市多，雙首排大道最核心，夠近才最好,/buildings/bh7/,9,10,11,1.2222222222222223,43.333333333333336
fb / eh1,fb20261-3,高雄建案推薦【遠雄峰蘊】- 三民區預售屋．近科工館,/buildings/eh1/,9,10,11,1.2222222222222223,25.77777777777778
fb / eh2,8-2,遠雄一靚｜楠梓新案．高大特區首發｜早鳥預約中,/buildings/eh2/,9,10,11,1.2222222222222223,11.666666666666666
leju / h713,lejupage,遠雄幸福成｜即將落成 - 台中市清水區預售/新建案-預約賞屋，遠雄房地產,/buildings/h713/,9,10,11,1.2222222222222223,38.77777777777778
google_kw / rsh1,dingpu,若水秧翠｜東京視野・頂埔門牌｜1~3房．20~42坪,/buildings/rsh1/,9,10,10,1.1111111111111112,22.11111111111111
google / organic,(organic),聯絡我們 - 遠雄房地產,/contact_service/contact_us/,9,10,10,1.1111111111111112,20.22222222222222
google / organic,(organic),中和翻轉！北台灣電子製造業最大產業聚落  | 建案熱區巡禮 - 遠雄房地產,/life-proposal/area-l-newtaipei-zhonghe_20220923/,9,10,11,1.2222222222222223,46.77777777777778
google / organic,(organic),建案熱區巡禮：台南鹽行重劃區擁地段優勢，成最佳潛力股 - 遠雄房地產,/life-proposal/area-s-tainan-yanxing20200520/,9,10,11,1.2222222222222223,51.55555555555556
google_kw / ah1,(organic),遠房實價登錄,/,10,10,10,1,0
tw.search.yahoo.com / referral,(referral),樓梯間與梯廳公共設施：建築法規與容積計算完整解析 - 遠雄房地產,/life-proposal/regulations2_20230320/,9,10,9,1,205.22222222222223
google / cpc,(organic),房東們看過來！300億租金補貼重點看 - 遠雄房地產,/life-proposal/rental_allowance20220707/,9,10,10,1.1111111111111112,77.44444444444444
fb / eh6,privacy,服務條款暨隱私權聲明 -遠雄房地產,/terms-of-service_and_privacy/,9,10,10,1.1111111111111112,5.777777777777778
(direct) / (none),(direct),來遠雄合雅一起HOYA(好野)過好年！ - 遠雄房地產,/activity-report/來遠雄合雅一起hoya好野過好年！/,8,10,12,1.5,16.5
google / cpc,202601,齊興_緻-台北市北投區/北士科住宅預售屋,/buildings/ar1/,8,10,10,1.25,14.25
fgr-line / fg,floor_height/,樓高的秘密解析：樓層高度與淨高如何影響居住品質 - 遠雄房地產,/life-proposal/floor_height/,8,10,27,3.375,25.75
google / organic,(organic),遠雄沐蘊 住進自然裡的美術館🌿沐蘊新春樂 - 遠雄房地產,/activity-report/遠雄沐蘊-住進自然裡的美術館🌿沐蘊新春樂/,7,10,10,1.4285714285714286,19.714285714285715
dm-np / bh5,1121226,遠雄琉蘊 -台中市西屯區七期預售屋/新建案-預約賞屋，遠雄房地產,/buildings/bh5/,7,10,9,1.2857142857142858,17.714285714285715
google / organic,(organic),借名登記的房地產，也可以作為遺產分割的標的嗎？ | 永然法律不動產專欄 - 遠雄房地產,/life-proposal/expert_law_y-rlee_nominee-inheritance/,7,10,8,1.1428571428571428,118.28571428571429
google / cpc,BH10-十四期區域字,【遠雄樂元】北屯機捷X好市多，雙首排大道最核心，夠近才最好,/buildings/bh7/,6,10,11,1.8333333333333333,25.333333333333332
google / organic,(organic),建案熱區巡禮：北士科的園區規畫與在地生活圈！科技廊道最後一塊拼圖將完整 - 遠雄房地產,/life-proposal/area-s-taipei-shilinbstp20220520/,6,10,8,1.3333333333333333,34
socialmedia / fh2,fbfh2info,遠房實價登錄,/,5,10,19,3.8,0
ttd / bh11,20250918,遠雄14期首發【遠雄丰尚】北屯新案．近漢神洲際百貨,/buildings/bh11/,5,10,10,2,4.4
(not set),高雄全區,高雄預售屋入手指南：最新建案推薦、選房與區域優勢總整理 - 遠雄房地產,/life-proposal/area_presold-house-in-kaohsiung/,5,10,2,0.4,14.2
google / cpc,dgc,遠雄14期首發【遠雄丰尚】北屯新案．近漢神洲際百貨,/buildings/bh11/,4,10,12,3,5.75
google / cpc,Pmax,遠雄MetaLink科技園區 | 機捷A7．A8站▕ VIP企業席次開放預約中,/buildings/hm2/,4,10,8,2,262
tw.search.yahoo.com / referral,(referral),降息循環啟動！未來該如何調整資產配置？｜財經M平方觀點 - 遠雄房地產,/life-proposal/expert_macromicro_cut-interest-rates_20241030/,4,10,10,2.5,0.5
taboola / fm3,ConA,遠雄信義CENTER-新北市板橋區廠辦.商辦/預售新建案-預約賞屋,/buildings/fm3/,3,10,11,3.6666666666666665,6.333333333333333
line-lap / cgh1,line-lapshop3-6,找不到頁面 - 遠雄房地產,/buildings/cgh01/,2,10,9,4.5,9
(not set),20260213一輪播,在地生活：新建案、預售屋周邊資訊 -遠雄房地產,/life_proposal/music_life/,2,10,9,4.5,12.5
(not set),20251107一輪播,遠雄琉蘊 -台中市西屯區七期預售屋/新建案-預約賞屋，遠雄房地產,/buildings/bh5/,1,10,13,13,0
google-map / (not set),eh1,遠房實價登錄,/,10,10,10,1,0
google / organic,(organic),台北士林區：交通、觀光與都市再生並進｜建案熱區巡禮 - 遠雄房地產,/life-proposal/area-l-taipei-shilin20220520/,8,9,8,1,38.75
google / cpc,20250803,遠雄一靚｜楠梓新案．高大特區首發｜早鳥預約中,/buildings/eh2/,2,9,9,4.5,0
google_kw / rsh1,brand,遠房實價登錄,/,9,9,9,1,0
google / cpc,com,遠房實價登錄,/,9,9,10,1.1111111111111112,0
fb / eh1,fb20261-2,遠房實價登錄,/,9,9,9,1,0
GDC / (not set),GDC,遠雄房地產：最懂生活的購屋專家,/,9,9,9,1,11.11111111111111
google / organic,(organic),遠雄琢蘊,/H902/main,9,9,10,1.1111111111111112,1.8888888888888888
(direct) / (none),(direct),關於我們-遠雄房地產,/about/,9,9,9,1,8.222222222222221
fgr-line / dh2,20260210,✨ 洄山春序 福蘊綠美 ✨ - 遠雄房地產,/activity-report/✨-洄山春序-福蘊綠美-✨/,9,9,12,1.3333333333333333,7.111111111111111
fgr-line / fh2,20260210,村泉蒔美 ✨ 馬騰金春迎蒔美 ✨ - 遠雄房地產,/activity-report/✨-馬騰金春迎蒔美-✨/,9,9,10,1.1111111111111112,8.777777777777779
fgr-line / dh2,20260210,遠雄峰蘊🐴馬躍峰境 蘊見好年 - 遠雄房地產,/activity-report/馬躍峰境-蘊見好年/,9,9,10,1.1111111111111112,13
fb / 5vo1,260202,聯上智科｜北士科AI總部 輝達核心軸線 -台北市北投區商辦/預售新建案-預約賞屋，遠創力行銷,/buildings/5vo1/,9,9,9,1,1.2222222222222223
fb / bh11,10-2,遠雄14期首發【遠雄丰尚】北屯新案．近漢神洲際百貨,/buildings/bh11/,9,9,9,1,2.2222222222222223
fb / paid,120235362256540316,遠雄14期首發【遠雄丰尚】北屯新案．近漢神洲際百貨,/buildings/bh11/,9,9,9,1,12.333333333333334
fb / bh11,9-3,遠雄14期首發【遠雄丰尚】北屯新案．近漢神洲際百貨,/buildings/bh11/,9,9,9,1,1.3333333333333333
google / cpc,gdn,遠雄14期首發【遠雄丰尚】北屯新案．近漢神洲際百貨,/buildings/bh11/,9,9,11,1.2222222222222223,1.6666666666666667
ig / paid,120229486716970138,【遠雄樂元】北屯機捷X好市多，雙首排大道最核心，夠近才最好,/buildings/bh7/,9,9,10,1.1111111111111112,11.777777777777779
fb / bh7,18,【遠雄樂元】北屯機捷X好市多，雙首排大道最核心，夠近才最好,/buildings/bh7/,9,9,11,1.2222222222222223,5.111111111111111
google / cpc,BH10-競品字,【遠雄樂元】北屯機捷X好市多，雙首排大道最核心，夠近才最好,/buildings/bh7/,9,9,10,1.1111111111111112,50
google_kw / h713,(organic),水湳建案【遠雄綠美】鄰近綠美圖．中央公園預售屋,/buildings/bh9/,9,9,13,1.4444444444444444,21.444444444444443
google / cpc,BH10-台中區域字,水湳建案【遠雄綠美】鄰近綠美圖．中央公園預售屋,/buildings/bh9/,9,9,9,1,35.22222222222222
fb / dgm1,fb20262-3,大河商爵-台北市士林區廠辦/預售新建案-預約賞屋，遠創力行銷,/buildings/dgm1/,9,9,9,1,0.5555555555555556
fb / dgm1,fbfanpage0216,大河商爵-台北市士林區廠辦/預售新建案-預約賞屋，遠創力行銷,/buildings/dgm1/,9,9,9,1,1.1111111111111112
(data not available),(cross-network),高雄建案推薦【遠雄峰蘊】- 三民區預售屋．近科工館,/buildings/eh1/,9,9,15,1.6666666666666667,23.555555555555557
fb / eh2,fb13-4,遠雄一靚｜楠梓新案．高大特區首發｜早鳥預約中,/buildings/eh2/,9,9,11,1.2222222222222223,24.77777777777778
fb / h713,113,遠雄幸福成｜即將落成 - 台中市清水區預售/新建案-預約賞屋，遠雄房地產,/buildings/h713/,9,9,9,1,34.55555555555556
google / cpc,brand,若水秧翠｜東京視野・頂埔門牌｜1~3房．20~42坪,/buildings/rsh1/,9,9,9,1,36.55555555555556
fb / rsh1,fb2-2,若水秧翠｜東京視野・頂埔門牌｜1~3房．20~42坪,/buildings/rsh1/,9,9,9,1,4.444444444444445
google / cpc,(organic),熱銷建案一覽：遠雄全台預售屋、新建案、新成屋資訊,/case/search/building-category-tag/134/,9,9,10,1.1111111111111112,23.444444444444443
ig / social,ig,熱銷建案一覽：遠雄全台預售屋、新建案、新成屋資訊,/case/search/page/2/,9,9,12,1.3333333333333333,15.555555555555555
google / organic,(organic),買房停看聽：二工住宅要注意 - 遠雄房地產,/life-proposal/2phase_construction_20221118/,9,9,10,1.1111111111111112,41.55555555555556
google / cpc,(organic),實價登錄怎麼看才不會被騙？常見6大陷阱與破解方法一次搞懂 - 遠雄房地產,/life-proposal/actual_selling_price20220708/,9,9,9,1,115.11111111111111
google / organic,(organic),首購新手買房重點：棟距與社區規劃好不好，住起來差很大 - 遠雄房地產,/life-proposal/architectural_planning/,9,9,10,1.1111111111111112,33.55555555555556
(direct) / (none),(direct),台南預售屋全攻略：最新行情、熱門區域房價與建案挑選祕訣 - 遠雄房地產,/life-proposal/area_presold-house-in-tainan/,9,9,10,1.1111111111111112,39.888888888888886
google / organic,(organic),換屋族必看：換屋是要先買後賣還是先賣後買？ - 遠雄房地產,/life-proposal/change_house/,9,9,9,1,70.77777777777777
google / organic,(organic),綠建築十大社區出爐，遠雄文青、遠雄THE ONE、遠雄耶魯齊上榜 - 遠雄房地產,/life-proposal/ease_eewh-ec_20230711/,9,9,9,1,30.22222222222222
socialmedia / fgr,fb20260209,共同繼承來的房地產，要如何進行分割呢？ | 永然法律不動產專欄 - 遠雄房地產,/life-proposal/expert_law_y-rlee_property-division/,9,9,9,1,2.3333333333333335
google / cpc,(organic),[影音] 連續繼承房產出售節稅有術｜專家觀點地政篇 - 遠雄房地產,/life-proposal/expert_zhu_multiple-inheriting_vedio_20250423/,9,9,11,1.2222222222222223,66.33333333333333
google / cpc,(organic),[影音] 不動產繼承全攻略 - 繼承登記申請應注意事項｜專家觀點地政篇 - 遠雄房地產,/life-proposal/expert_zhu_property_inheritance-1_vedio_20241128/,9,9,12,1.3333333333333333,140.55555555555554
google / cpc,(organic),高樓層VS低樓層：哪個才是首購族的最佳選擇？–「首購族看房買屋攻略」 - 遠雄房地產,/life-proposal/high_floor/,9,9,10,1.1111111111111112,79.33333333333333
google / organic,(organic),你還在擔心購屋貸款辦不下嗎？提高房貸申請審核過件率的4個方法,/life-proposal/home-loan/,9,9,9,1,75
google / organic,(organic),一次搞懂老屋改建的方法 - 遠雄房地產,/life-proposal/renovation_20230330/,9,9,9,1,37.44444444444444
google / organic,(organic),工料雙漲下的省錢裝潢 | 新屋廚房三大必修省錢術 - 遠雄房地產,/life-proposal/space_furnish_kitchen_20240102/,9,9,10,1.1111111111111112,55.888888888888886
google / cpc,pmax,在地生活：新建案、預售屋周邊資訊 -遠雄房地產,/life_proposal/music_life/,9,9,9,1,0
m.facebook.com / referral,(referral),服務條款暨隱私權聲明 -遠雄房地產,/terms-of-service_and_privacy/,9,9,9,1,15.444444444444445
google / organic,(organic),(not set),(not set),8,9,0,0,0
fb / bh5,38,遠房實價登錄,/,8,9,16,2,16.375
fb / bh10,fb202512-3,遠房實價登錄,/,8,9,9,1.125,0
google / cpc,gdn,遠房實價登錄,/,8,9,14,1.75,0
google / organic,(organic),遠雄幸福成 ✨ 春啟馬年 幸福成章 ✨ - 遠雄房地產,/activity-report/遠雄幸福成-✨-春啟馬年-幸福成章-✨/,8,9,10,1.25,40.125
google / organic,(organic),公園宅相關預售屋/新成屋/新建案資料|遠雄房地產,/building-tag/build-tag-park/,8,9,9,1.125,3.5
fb / bh10,fb202512-3,北屯敦富路【遠雄敦富】- 北屯機捷預售屋．近好市多,/buildings/bh10/,8,9,9,1.125,25.125
fb / bh11,8-1,遠雄14期首發【遠雄丰尚】北屯新案．近漢神洲際百貨,/buildings/bh11/,8,9,15,1.875,1
fgr-line / bh11,listbutton,遠雄14期首發【遠雄丰尚】北屯新案．近漢神洲際百貨,/buildings/bh11/,8,9,10,1.25,115.625
fb / bh5,38,遠雄琉蘊 -台中市西屯區七期預售屋/新建案-預約賞屋，遠雄房地產,/buildings/bh5/,8,9,11,1.375,25
fb / eh2,12-5,遠雄一靚｜楠梓新案．高大特區首發｜早鳥預約中,/buildings/eh2/,8,9,10,1.25,11.625
ig / social,ig,遠雄蘴靚｜高雄楠梓新門戶｜捷運R21站旁｜3795坪豪闊基地,/buildings/eh6/,8,9,11,1.375,41.125
google / cpc,20250718,遠雄信義CENTER-新北市板橋區廠辦.商辦/預售新建案-預約賞屋,/buildings/fm3/,8,9,10,1.25,0.625
google / cpc,202511,熱銷建案一覽：遠雄全台預售屋、新建案、新成屋資訊,/case/search/,8,9,32,4,54.875
bing / organic,(organic),熱銷建案一覽：遠雄全台預售屋、新建案、新成屋資訊,/case/search/page/2/,8,9,12,1.5,15.875
google / organic,(organic),高雄三民區中都重劃區生活圈，離塵不離城 | 建案熱區巡禮 - 遠雄房地產,/life-proposal/area-khh-central_202306719/,8,9,10,1.25,60
google / organic,(organic),建案熱區巡禮：高雄前鎮區產業升級新篇章 - 遠雄房地產,/life-proposal/area-l-kaohsiung-qianzhen_20220805/,8,9,12,1.5,124.875
fb / bh9,1,遠房實價登錄,/,9,9,11,1.2222222222222223,0
m.facebook.com / referral,(referral),建案熱區巡禮：新北板橋府中與南雅地區 - 綠地休憩篇 - 遠雄房地產,/life-proposal/area-tph_banqiao_park_20240820/,8,9,9,1.125,9.75
google / organic,(organic),漢神、巨蛋雙引擎，北台中新核心北屯14期 | 建案熱區巡禮 - 遠雄房地產,/life-proposal/area_txg_beitun_14th_function_20250829/,8,9,11,1.375,60.375
google / organic,(organic),遠雄建設榮獲《網路口碑之星》ESG策略卓越獎，以AI與循環經濟引領永續新標竿 - 遠雄房地產,/life-proposal/fg-esg-strategy-2025/,8,9,8,1,25.875
google / organic,(organic),修繕小知識：自己的浴室自己修！水龍頭、馬桶故障簡易排除法【居家百科】 - 遠雄房地產,/life-proposal/fixbathroom/,8,9,11,1.375,44.125
google / organic,(organic),新屋居家風水擺設、格局禁忌一次看–「首購族看房買屋攻略」 - 遠雄房地產,/life-proposal/goodluck/,8,9,9,1.125,63.5
tw.search.yahoo.com / referral,(referral),都市土地分區解析｜買房必看土地使用分區與建物用途全攻略 - 遠雄房地產,/life-proposal/land_zoning/,8,9,9,1.125,37.125
google / cpc,(organic),公設比多少合理？秒懂公設定義與公設比計算–「首購族看房買屋攻略」 - 遠雄房地產,/life-proposal/ratio_of_public_area/,8,9,9,1.125,80.75
picsee-domain / referral,www.fgrealty.tw,遠雄房地產：最懂生活的購屋專家,/,7,9,12,1.7142857142857142,12.857142857142858
google / organic,(organic),影像光廊：建案風采-遠雄房地產,/about/brand_gallery/,7,9,19,2.7142857142857144,17
google / cpc,(organic),聯上智科｜北士科AI總部 輝達核心軸線 -台北市北投區商辦/預售新建案-預約賞屋，遠創力行銷,/buildings/5vo1/,7,9,9,1.2857142857142858,67.57142857142857
line-lap / fh2,line-lap12-3,齊興_緻-台北市北投區/北士科住宅預售屋,/buildings/ar1/,7,9,9,1.2857142857142858,14.571428571428571
line / bh11,20250918,遠雄14期首發【遠雄丰尚】北屯新案．近漢神洲際百貨,/buildings/bh11/,7,9,10,1.4285714285714286,1.1428571428571428
tw.search.yahoo.com / referral,(referral),水湳建案【遠雄綠美】鄰近綠美圖．中央公園預售屋,/buildings/bh9/,7,9,8,1.1428571428571428,66.57142857142857
socialmedia / fh2,fbfh2info,遠雄合雅｜板橋之心・合院之上｜2~3房．24~66坪,/buildings/fh2/,7,9,10,1.4285714285714286,37.285714285714285
google / organic,(organic),全齡住宅趨勢，0~100歲都適用 - 遠雄房地產,/life-proposal/allagehouse/,7,9,7,1,24.571428571428573
google / organic,(organic),建案熱區巡禮：高雄三民區中都重劃區生活圈 - 遠雄房地產,/life-proposal/area-khh-central_202306719/,7,9,8,1.1428571428571428,75.42857142857143
tw.search.yahoo.com / referral,(referral),建案熱區巡禮：龜山A7重劃區成北北桃生活圈潛力新核心 - 遠雄房地產,/life-proposal/area_taoyuan_guishan_a7_function/,7,9,9,1.2857142857142858,116.42857142857143
google / organic,(organic),建案熱區巡禮：台中北屯區14期重劃區 - 學區篇 - 遠雄房地產,/life-proposal/area_txg_beitun_14th_school_20240917/,7,9,9,1.2857142857142858,31
(direct) / (none),(direct),房市低迷期的避風港：公辦都更與捷運聯開案的戰略價值｜劉佩真觀點 - 遠雄房地產,/life-proposal/expert_peizhen_tod-strategy-2026/,7,9,9,1.2857142857142858,11.857142857142858
google / cpc,(organic),[影音] 不動產繼承全攻略 - 遺產分配的眉角｜專家觀點地政篇 - 遠雄房地產,/life-proposal/expert_zhu_statute-of-distribution_20241225/,7,9,9,1.2857142857142858,52.285714285714285
google / organic,(organic),購屋知識：買屋流程、稅法貸款指南 -遠雄房地產,/life_proposal/buying_knowledge/,7,9,10,1.4285714285714286,41.57142857142857
line / o1,line4-2,遠雄房地產：最懂生活的購屋專家,/,6,9,8,1.3333333333333333,2.3333333333333335
google / organic,(organic),遠雄建設「工地再生計畫」跨界合作文創典範 獲文策院「產業策進獎」 - 遠雄房地產,/activity-report/fg-esg-award/,6,9,9,1.5,16.333333333333332
google / organic,(organic),安藤忠雄：建築是凝固的旅行。在《挑戰—安藤忠雄展》的漫遊與停歇 - 遠雄房地產,/life-proposal/adaoando-20200610/,6,9,7,1.1666666666666667,11.333333333333334
google / organic,(organic),地震來的時候你家安全嗎? 一次搞懂制震器 - 遠雄房地產,/life-proposal/earthquake-taylor/,6,9,9,1.5,57.666666666666664
(not set),20260213一輪播,2025房市回顧與2026盤整展望：政策與市場趨勢解析｜劉佩真觀點 - 遠雄房地產,/life-proposal/expert_peizhen_real-estate-2026/,6,9,2,0.3333333333333333,215.66666666666666
google / organic,(organic),為生活解悶 | 居家布置術-創造閱讀角 - 遠雄房地產,/life-proposal/space_style_reading_20240116/,6,9,9,1.5,24.666666666666668
google / cpc,gdn,隱私權聲明 - 遠雄房地產,/privacy/,6,9,12,2,240.5
google / organic,(organic),洪梓芸業務個人介紹 - 遠雄一靚,/sales/eh2/B5986/,6,9,10,1.6666666666666667,41.333333333333336
page.line.me / referral,(referral),遠雄房地產：最懂生活的購屋專家,/,5,9,9,1.8,6.8
line-lap / bh9,lap-2,水湳建案【遠雄綠美】鄰近綠美圖．中央公園預售屋,/buildings/bh9/,5,9,14,2.8,134.4
google / organic,(organic),建案熱區巡禮：高雄楠梓區 - 從工業重鎮到經濟新引擎的崛起 - 遠雄房地產,/life-proposal/area-l-kaohsiung-nanzi_20250121/,5,9,9,1.8,53
google_gdn / 5vo1,20251124_1102,聯上智科｜北士科AI總部 輝達核心軸線 -台北市北投區商辦/預售新建案-預約賞屋，遠創力行銷,/buildings/5vo1/,4,9,12,3,10.5
line-lap / bh10,line-lap7-3,北屯敦富路【遠雄敦富】- 北屯機捷預售屋．近好市多,/buildings/bh10/,4,9,9,2.25,2.5
(not set),(not set),【遠雄樂元】北屯機捷X好市多，雙首排大道最核心，夠近才最好,/buildings/bh7/,4,9,2,0.5,14.5
(not set),20260213一輪播,台中西屯建案【遠雄洄山行】．2-4房方正格局,/buildings/bh8/,4,9,7,1.75,5.5
taboola / fm3,ConA,遠房實價登錄,/,3,9,11,3.6666666666666665,0
google / cpc,1102G,遠房實價登錄,/,2,9,9,4.5,0
fb / h713,113,遠房實價登錄,/,9,9,10,1.1111111111111112,0
fb / paid,120242233664400316,遠房實價登錄,/,8,8,8,1,0
(not set),台中,專家觀點：解析房市動向與購屋建議 -遠雄房地產,/life_proposal/experts_point/,1,8,17,17,169
lm.facebook.com / referral,(referral),遠房實價登錄,/,8,8,9,1.125,0
google / cpc,corearea0829,遠房實價登錄,/,8,8,13,1.625,0.375
fb / rsh1,fb2-2,遠房實價登錄,/,8,8,8,1,0
fb / ar1,fb8-3,遠房實價登錄,/,8,8,8,1,0
(direct) / (none),(direct),找不到頁面 - 遠雄房地產,/Latest_news/Campaign,8,8,8,1,3
google / cpc,pmax,關於遠創力 - 遠雄房地產,/about/telecreative_marketing/,8,8,9,1.125,0
line / bh11,20260206-2-4,遠雄房地產精選預售屋(台北、新北、台中、桃園、台南、高雄) - 遠雄房地產,/building-category-tag/featured_pre_sale/,8,8,11,1.375,29.875
google / cpc,banqiao,遠雄房地產精選預售屋(台北、新北、台中、桃園、台南、高雄) - 遠雄房地產,/building-category-tag/featured_pre_sale/,8,8,11,1.375,18.625
google / cpc,dgc,遠雄房地產精選預售屋(台北、新北、台中、桃園、台南、高雄) - 遠雄房地產,/building-category-tag/featured_pre_sale/,8,8,8,1,33.625
(direct) / (none),(direct),重劃區相關預售屋/新成屋/新建案資料|遠雄房地產,/building-tag/build-tag-plan/,8,8,8,1,3.5
gdn / ah1,gdn-2,北士科建案【遠雄明玥】2000坪全街廓只蓋一棟．25-46坪,/buildings/ah1/,8,8,8,1,1.125
fb / ar1,fb8-3,齊興_緻-台北市北投區/北士科住宅預售屋,/buildings/ar1/,8,8,8,1,14.75
fb / bh11,3-3,遠雄14期首發【遠雄丰尚】北屯新案．近漢神洲際百貨,/buildings/bh11/,8,8,8,1,1.375
fb / bh11,3-6,遠雄14期首發【遠雄丰尚】北屯新案．近漢神洲際百貨,/buildings/bh11/,8,8,9,1.125,2
google_kw / h713,(organic),【遠雄樂元】北屯機捷X好市多，雙首排大道最核心，夠近才最好,/buildings/bh7/,8,8,10,1.25,27
ig / paid,120233718740630316,【遠雄樂元】北屯機捷X好市多，雙首排大道最核心，夠近才最好,/buildings/bh7/,8,8,9,1.125,8
fb / bh7,14-1,【遠雄樂元】北屯機捷X好市多，雙首排大道最核心，夠近才最好,/buildings/bh7/,8,8,8,1,25.5
google_kw / bh7,googlemap,【遠雄樂元】北屯機捷X好市多，雙首排大道最核心，夠近才最好,/buildings/bh7/,8,8,9,1.125,38
fb / cqh1,fb-2,村泉蒔美｜門戶端點 從容跨界｜台北生活最美起點,/buildings/cqh1/,8,8,8,1,0.75
line-lap / cqh1,lap-3,村泉蒔美｜門戶端點 從容跨界｜台北生活最美起點,/buildings/cqh1/,8,8,8,1,0
fb / dgm1,fb20262-1,大河商爵-台北市士林區廠辦/預售新建案-預約賞屋，遠創力行銷,/buildings/dgm1/,8,8,8,1,7.125
fb / dgm1,fbfanpage1017master1,大河商爵-台北市士林區廠辦/預售新建案-預約賞屋，遠創力行銷,/buildings/dgm1/,8,8,8,1,1.625
line / eh1,line20260215,高雄建案推薦【遠雄峰蘊】- 三民區預售屋．近科工館,/buildings/eh1/,8,8,13,1.625,9.5
fb / eh2,8-6,遠雄一靚｜楠梓新案．高大特區首發｜早鳥預約中,/buildings/eh2/,8,8,8,1,3.375
ig / social,ig,遠雄一靚｜楠梓新案．高大特區首發｜早鳥預約中,/buildings/eh2/,8,8,8,1,51.25
google / cpc,Pmax,熱銷建案一覽：遠雄全台預售屋、新建案、新成屋資訊,/case/search/,8,8,14,1.75,27.875
google / organic,(organic),買主口碑推薦：遠雄建案、預售屋 -遠雄房地產,/case/wom_recommendation/,8,8,8,1,9.875
(direct) / (none),(direct),加入遠雄 築夢齊飛！-遠雄房地產,/contact_service/join_farglory/,8,8,9,1.125,15.125
(direct) / (none),(direct),找不到頁面 - 遠雄房地產,/https://www.farglory-realty.com.tw/privacy/,8,8,8,1,0
google / organic,(organic),高雄鼓山：農十六、美術館特區與富邦新商圈 | 建案熱區巡禮 - 遠雄房地產,/life-proposal/area-l-kaohsiung-gusha20200520/,8,8,8,1,211
google / organic,(organic),高雄楠梓區 - 從工業重鎮到經濟新引擎的崛起 | 建案熱區巡禮 - 遠雄房地產,/life-proposal/area-l-kaohsiung-nanzi_20250121/,8,8,12,1.5,187.375
google / organic,(organic),為何首購族選擇北屯？交通、建設與重劃區一次看懂 | 建案熱區巡禮 - 遠雄房地產,/life-proposal/area-l-taichung-beitun20220520/,8,8,8,1,62.875
google / organic,(organic),新莊副都心十年有成：雙捷、百貨、影視中心交織的宜居新指標 | 建案熱區巡禮 - 遠雄房地產,/life-proposal/area-s-newtaipei-xinzhuangfuduxin_20220930/,8,8,8,1,204.125
google / cpc,(organic),建案熱區巡禮：桃園小檜溪(青溪特區)舊商圈+眾多綠地的宜人生活 - 遠雄房地產,/life-proposal/area-s-taoyuan-green20220520/,8,8,10,1.25,81.125
google / organic,(organic),建案熱區巡禮：新北板橋府中與南雅地區 - 交通篇 - 遠雄房地產,/life-proposal/area-tph_banqiao_traffic_20240905/,8,8,8,1,85.25
(direct) / (none),(direct),台中預售屋怎麼挑？各區房價、TOP36建案分析，買屋前必看！ - 遠雄房地產,/life-proposal/area_presold-house-in-taichung/,8,8,16,2,6.25
google / organic,(organic),建案熱區巡禮：台中北屯機廠重劃區-學區篇 - 遠雄房地產,/life-proposal/area_txg_beitun_depot_school_20240522/,8,8,9,1.125,93.625
l.facebook.com / referral,(referral),輝達總部確立，房市受惠區在哪裡？｜何世昌觀點 - 遠雄房地產,/life-proposal/expert_thinktank_nvidia_20250729/,8,8,8,1,178.75
lm.facebook.com / referral,(referral),輝達總部確立，房市受惠區在哪裡？｜何世昌觀點 - 遠雄房地產,/life-proposal/expert_thinktank_nvidia_20250729/,8,8,8,1,74.875
google / cpc,(organic),賣房想省稅？別踩房地合一稅虛報裝修陷阱 | 專家觀點地政篇 - 遠雄房地產,/life-proposal/expert_zhu_false-renovation-traps/,8,8,8,1,73.375
socialmedia / fgr,fb20260123,[影音] 信託與產權設計術：資產管理、遺囑信託與節稅技巧｜專家觀點地政篇 - 遠雄房地產,/life-proposal/expert_zhu_video_trust/,8,8,8,1,47.375
(direct) / (none),(direct),房屋格局圖/平面圖怎麼看？建案平面圖符號教學，讓你秒懂房屋格局避地雷,/life-proposal/house-layout/,8,8,8,1,5.125
(direct) / (none),(direct),預售屋付款方式詳解 - 遠雄房地產,/life-proposal/presale_payment_20221021/,8,8,9,1.125,60
google / organic,(organic),房屋需要裝修卻沒資金怎麼辦？你知道裝潢貸款嗎？ - 遠雄房地產,/life-proposal/renovation_loan20220617/,8,8,8,1,68.75
google / organic,(organic),修繕小知識：家中石材泛黃、有裂痕怎麼救？【居家百科】 - 遠雄房地產,/life-proposal/stone-fix/,8,8,9,1.125,43
google / organic,(organic),在地生活：新建案、預售屋周邊資訊 -遠雄房地產,/life_proposal/music_life/,8,8,11,1.375,35.5
google / organic,(organic),安心生活：三大保固升級服務 -遠雄房地產,/life_proposal/peace_mind/,8,8,11,1.375,21.625
google / organic,(organic),空間美學：三大保固升級服務-遠雄房地產,/life_proposal/space_aesthetics/,8,8,9,1.125,11.75
l.facebook.com / referral,(referral),隱私權聲明 - 遠雄房地產,/privacy/,8,8,9,1.125,18.125
fb / bh7,18,遠房實價登錄,/,7,8,9,1.2857142857142858,0
google / cpc,(organic),學區宅相關預售屋/新成屋/新建案資料|遠雄房地產,/building-tag/build-tag-school/,7,8,7,1,10.857142857142858
line / bh10,line0206,北屯敦富路【遠雄敦富】- 北屯機捷預售屋．近好市多,/buildings/bh10/,7,8,8,1.1428571428571428,4
google / cpc,(organic),"The Shuinan residential project, Farglory Green Beauty, is near Green Beauty Gallery and Central Park. (Pre-sale units available)",/buildings/bh9/,7,8,3,0.42857142857142855,34.42857142857143
google_kw / 5vo1,202511,大河商爵-台北市士林區廠辦/預售新建案-預約賞屋，遠創力行銷,/buildings/dgm1/,7,8,7,1,24.285714285714285
google / cpc,20251204,遠雄蘴靚｜高雄楠梓新門戶｜捷運R21站旁｜3795坪豪闊基地,/buildings/eh6/,7,8,16,2.2857142857142856,28.714285714285715
google / cpc,20260101-6-1,遠雄蘴靚｜高雄楠梓新門戶｜捷運R21站旁｜3795坪豪闊基地,/buildings/eh6/,7,8,17,2.4285714285714284,20.857142857142858
google / cpc,brand,熱銷建案一覽：遠雄全台預售屋、新建案、新成屋資訊,/case/search/page/2/,7,8,14,2,16.714285714285715
google / cpc,area,熱銷建案一覽：遠雄全台預售屋、新建案、新成屋資訊,/case/search/sales_status/coming-soon/,7,8,11,1.5714285714285714,32.285714285714285
google / organic,(organic),建案熱區巡禮：新竹市東區 - 以科技驅動的繁榮未來 - 遠雄房地產,/life-proposal/area-l-hsinchu-east20240110/,7,8,7,1,42.714285714285715
google / cpc,(organic),高雄預售屋入手指南：最新建案推薦、選房與區域優勢總整理 - 遠雄房地產,/life-proposal/area_presold-house-in-kaohsiung/,7,8,10,1.4285714285714286,181.57142857142858
(not set),北投士林,輝達總部確立，房市受惠區在哪裡？｜何世昌觀點 - 遠雄房地產,/life-proposal/expert_thinktank_nvidia_20250729/,7,8,2,0.2857142857142857,12.285714285714286
mkto-sn070013.com / referral,(referral),買房前必查：銀行不會主動告訴你的「抵押權與順位」 | 專家觀點地政篇 - 遠雄房地產,/life-proposal/expert_zhu_mortgage-lien-priority/,7,8,8,1.1428571428571428,116.28571428571429
google / organic,(organic),繳納房地合一稅避免踩雷必知重點 - 遠雄房地產,/life-proposal/house_income_20230119/,7,8,8,1.1428571428571428,45.714285714285715
bing / organic,(organic),都市土地分區解析｜買房必看土地使用分區與建物用途全攻略 - 遠雄房地產,/life-proposal/land_zoning/,7,8,7,1,26.857142857142858
google / cpc,20260206-2-4,隱私權聲明 - 遠雄房地產,/privacy/,7,8,7,1,4.571428571428571
google / cpc,pmax,隱私權聲明 - 遠雄房地產,/privacy/,7,8,9,1.2857142857142858,11.142857142857142
google / organic,(organic),預約成功 - 遠雄房地產,/預約成功感謝頁/,7,8,7,1,7.142857142857143
dm-np / bh5,1121226,遠房實價登錄,/,6,8,8,1.3333333333333333,0
line-lap / bh10,line-lap20252-5,北屯敦富路【遠雄敦富】- 北屯機捷預售屋．近好市多,/buildings/bh10/,6,8,8,1.3333333333333333,0
google / cpc,(not set),遠雄合雅｜板橋之心・合院之上｜2~3房．24~66坪,/buildings/fh2/,6,8,12,2,62.5
fb / fh2,fanpage0206,遠雄合雅｜板橋之心・合院之上｜2~3房．24~66坪,/buildings/fh2/,6,8,8,1.3333333333333333,2.6666666666666665
google / organic,(organic),冷氣清潔與保養全攻略：DIY七步驟維持涼爽 - 遠雄房地產,/life-proposal/air_condition20220617/,6,8,8,1.3333333333333333,15.5
google / organic,(organic),建案熱區巡禮：北投士林科技園區生活圈 - 遠雄房地產,/life-proposal/area-tpe-beitou_bstp_function_202406012/,6,8,8,1.3333333333333333,57.833333333333336
google / organic,(organic),財經M平方觀點：去庫存壓力來襲，2 個訊號看製造業何時落底 - 遠雄房地產,/life-proposal/expert_macromicro20220726/,6,8,6,1,75
(direct) / (none),(direct),權狀坪數與室內坪數差在哪？看懂買房坪數組成，首購族不再被混淆 - 遠雄房地產,/life-proposal/ping/,6,8,8,1.3333333333333333,50.166666666666664
google / organic,(organic),我家有機會都更嗎？一篇文章看懂 - 遠雄房地產,/life-proposal/urbanrenewal20220603/,6,8,8,1.3333333333333333,60.5
bing / organic,(organic),遠雄14期首發【遠雄丰尚】北屯新案．近漢神洲際百貨,/buildings/bh11/,5,8,6,1.2,45.4
google / cpc,(not set),村泉蒔美｜門戶端點 從容跨界｜台北生活最美起點,/buildings/cqh1/,5,8,7,1.4,13.4
yahoo / organic,(organic),遠雄合雅｜板橋之心・合院之上｜2~3房．24~66坪,/buildings/fh2/,5,8,7,1.4,100.8
tw.search.yahoo.com / referral,(referral),遠雄MetaLink科技園區 | 機捷A7．A8站▕ VIP企業席次開放預約中,/buildings/hm2/,5,8,11,2.2,27.8
(not set),台南中西,台南中西區運河星鑽特區坐擁頂級水岸生活圈 | 建案熱區巡禮 - 遠雄房地產,/life-proposal/area-s-tainan_west-central_redevelop_diamond_20250502/,5,8,2,0.4,22
google / organic,(organic),全球貨幣戰：穩定幣的發展與投資機會 | 財經M平方觀點 - 遠雄房地產,/life-proposal/expert_macromicro_stablecoin/,5,8,5,1,162.8
google_kw / dgm1,factory,大河商爵-台北市士林區廠辦/預售新建案-預約賞屋，遠創力行銷,/buildings/dgm1/,4,8,8,2,1.25
(not set),台中,2026二月主題報 - 遠雄房地產,/feb2026/,4,8,13,3.25,94.5
google / organic,(organic),五月報稅稅法修正重點整理｜專家觀點地政篇 - 遠雄房地產,/life-proposal/expert_zhu_file-taxes_20250409/,4,8,6,1.5,15.75
google / organic,(organic),打造健康住宅！陽光、空氣、水都非常重要 - 遠雄房地產,/life-proposal/healthy-house1/,4,8,6,1.5,19.75
(direct) / (none),(direct),記住銀行授信 5P 原則，首購族提高貸款成數與利率談判力的關鍵指南 - 遠雄房地產,/life-proposal/pre_mortgage_20221215/,4,8,7,1.75,72
google / cpc,gdn-1-taichung,【遠雄樂元】北屯機捷X好市多，雙首排大道最核心，夠近才最好,/buildings/bh7/,3,8,8,2.6666666666666665,3
web-edm / hm2,0207,遠雄MetaLink科技園區 | 機捷A7．A8站▕ VIP企業席次開放預約中,/buildings/hm2/,3,8,9,3,29.666666666666668
google / cpc,RSH1-品牌字,熱銷建案一覽：遠雄全台預售屋、新建案、新成屋資訊,/case/search/,3,8,15,5,30.666666666666668
line-lap / bh9,lap-5,遠房實價登錄,/,2,8,8,4,0
line-lap / bh10,line-lap7-2,北屯敦富路【遠雄敦富】- 北屯機捷預售屋．近好市多,/buildings/bh10/,2,8,8,4,0
line / bh11,20250829,遠雄14期首發【遠雄丰尚】北屯新案．近漢神洲際百貨,/buildings/bh11/,2,8,10,5,0
(not set),(not set),大河商爵-台北市士林區廠辦/預售新建案-預約賞屋，遠創力行銷,/buildings/dgm1/,2,8,0,0,1
iqiyi / ah2,ttd-2,遠房實價登錄,/,1,8,7,7,0
google / organic,(organic),遠雄明玥 | 北士科水岸新生活．2000坪全街廓，只蓋一棟｜25-46坪-趙偉傑-遠雄房地產 Farglory-Realty,/ah1/g0106,1,8,9,9,21
yahoo_native / 5vo1,202510_2,聯上智科｜北士科AI總部 輝達核心軸線 -台北市北投區商辦/預售新建案-預約賞屋，遠創力行銷,/buildings/5vo1/,1,8,7,7,6
tagassistant.google.com / referral,(referral),北士科建案【遠雄明玥】2000坪全街廓只蓋一棟．25-46坪,/buildings/ah1/,1,8,11,11,148
iqiyi / ah2,ttd-2,北士科建案【遠雄泱玥】水岸首排．57-75坪,/buildings/ah2/,1,8,8,8,116
google / cpc,1102G,遠雄信義CENTER-新北市板橋區廠辦.商辦/預售新建案-預約賞屋,/buildings/fm3/,1,8,8,8,0
tagassistant.google.com / referral,(referral),熱銷建案一覽：遠雄全台預售屋、新建案、新成屋資訊,/case/search/,1,8,12,12,28
gemini.google.com / referral,(referral),財經M平方觀點：去庫存壓力來襲，2 個訊號看製造業何時落底 - 遠雄房地產,/life-proposal/expert_macromicro20220726/,1,8,6,6,6
ig / paid,120233718740630316,遠房實價登錄,/,8,8,9,1.125,0
tw.search.yahoo.com / referral,(referral),熱銷建案一覽：遠雄全台預售屋、新建案、新成屋資訊,/case/search/page/2/,7,7,12,1.7142857142857142,13
line-lap / h902,20240603,找不到頁面 - 遠雄房地產,/buildings/h902/,0,7,7,null,null
fgr-line / rsh1,20260210,遠房實價登錄,/,7,7,8,1.1428571428571428,0
google / cpc,Otherarea0829,遠房實價登錄,/,7,7,14,2,0
fb / cqh1,fb-2,遠房實價登錄,/,7,7,7,1,0
fb / cqh1,fb-34,遠房實價登錄,/,7,7,9,1.2857142857142858,0
fb / bh8,fb16-2,遠房實價登錄,/,7,7,7,1,5.428571428571429
googlemap / o1,googlemap,遠房實價登錄,/,7,7,8,1.1428571428571428,0
line-lap / cqh1,lap-1,遠房實價登錄,/,7,7,10,1.4285714285714286,0
line / eh1,line20260215,遠房實價登錄,/,7,7,12,1.7142857142857142,0
tw.search.yahoo.com / referral,(referral),遠雄房地產：最懂生活的購屋專家,/,7,7,8,1.1428571428571428,20.714285714285715
fgr-line / dh2,20260210,遠雄一靚🧨春遊一靚 喜迎新年 - 遠雄房地產,/activity-report/遠雄一靚🧨春遊一靚-喜迎新年/,7,7,8,1.1428571428571428,49.42857142857143
fgr-line / ah2,20260210,遠雄山禾 🌸山禾花開．新春好時光🌸 - 遠雄房地產,/activity-report/遠雄山禾-🌸山禾花開．新春好時光🌸/,7,7,11,1.5714285714285714,27.142857142857142
google / organic,(organic),遠雄星呈🐴駿年好運到．行館新歲時 - 遠雄房地產,/activity-report/遠雄星呈🐴駿年好運到．行館新歲時/,7,7,11,1.5714285714285714,24.285714285714285
fgr-line / eh5,20260210,遠雄沐蘊 住進自然裡的美術館🌿沐蘊新春樂 - 遠雄房地產,/activity-report/遠雄沐蘊-住進自然裡的美術館🌿沐蘊新春樂/,7,7,8,1.1428571428571428,16.142857142857142
google / organic,(organic),公告資訊 - 遠雄房地產,/activity_report/announcement_information/,7,7,10,1.4285714285714286,22.428571428571427
google / cpc,RSH1-品牌字,遠雄房地產精選預售屋(台北、新北、台中、桃園、台南、高雄) - 遠雄房地產,/building-category-tag/featured_pre_sale/,7,7,9,1.2857142857142858,9.142857142857142
google / cpc,corearea0829,遠雄房地產精選預售屋(台北、新北、台中、桃園、台南、高雄) - 遠雄房地產,/building-category-tag/featured_pre_sale/,7,7,13,1.8571428571428572,26.571428571428573
google / cpc,(organic),都會區相關預售屋/新成屋/新建案資料|遠雄房地產,/building-tag/build-tag-city/,7,7,8,1.1428571428571428,8
google_kw / 5vo1,202511,"LinkTech | Beishike AI Headquarters, Huida Core Axis - Taipei Beitou District Commercial Office/Pre-sale New Construction Project - Schedule a Viewing Appointment, Far Eastern Marketing",/buildings/5vo1/,7,7,2,0.2857142857142857,9
ig / paid,120238830796500617,聯上智科｜北士科AI總部 輝達核心軸線 -台北市北投區商辦/預售新建案-預約賞屋，遠創力行銷,/buildings/5vo1/,7,7,7,1,8.428571428571429
google_kw / 5vo1,202511_ex3,聯上智科｜北士科AI總部 輝達核心軸線 -台北市北投區商辦/預售新建案-預約賞屋，遠創力行銷,/buildings/5vo1/,7,7,7,1,40.714285714285715
google / cpc,dgc,北士科建案【遠雄明玥】2000坪全街廓只蓋一棟．25-46坪,/buildings/ah1/,7,7,11,1.5714285714285714,30
line-lap / fh2,line-lap12-2,北士科建案【遠雄明玥】2000坪全街廓只蓋一棟．25-46坪,/buildings/ah1/,7,7,9,1.2857142857142858,24.571428571428573
line-lap / fh2,line-lap12-3,北士科建案【遠雄明玥】2000坪全街廓只蓋一棟．25-46坪,/buildings/ah1/,7,7,7,1,22.857142857142858
l.facebook.com / referral,(referral),北士科建案【遠雄泱玥】水岸首排．57-75坪,/buildings/ah2/,7,7,7,1,38.285714285714285
google_kw / 5vo1,202511,齊興_緻-台北市北投區/北士科住宅預售屋,/buildings/ar1/,7,7,8,1.1428571428571428,19.142857142857142
fb / bh11,1-1,遠雄14期首發【遠雄丰尚】北屯新案．近漢神洲際百貨,/buildings/bh11/,7,7,7,1,0.8571428571428571
fb / bh11,10-3,遠雄14期首發【遠雄丰尚】北屯新案．近漢神洲際百貨,/buildings/bh11/,7,7,7,1,5.857142857142857
fb / bh11,12-1,遠雄14期首發【遠雄丰尚】北屯新案．近漢神洲際百貨,/buildings/bh11/,7,7,7,1,0
fb / bh11,12-2,遠雄14期首發【遠雄丰尚】北屯新案．近漢神洲際百貨,/buildings/bh11/,7,7,7,1,3.142857142857143
fb / bh11,3-2,遠雄14期首發【遠雄丰尚】北屯新案．近漢神洲際百貨,/buildings/bh11/,7,7,7,1,0.14285714285714285
fb / bh11,3-5,遠雄14期首發【遠雄丰尚】北屯新案．近漢神洲際百貨,/buildings/bh11/,7,7,7,1,2.4285714285714284
google / cpc,(referral),遠雄琉蘊 -台中市西屯區七期預售屋/新建案-預約賞屋，遠雄房地產,/buildings/bh5/,7,7,7,1,28.142857142857142
fb / bh8,fb16-2,台中西屯建案【遠雄洄山行】．2-4房方正格局,/buildings/bh8/,7,7,7,1,7
google / cpc,BH10-北屯區區域字,水湳建案【遠雄綠美】鄰近綠美圖．中央公園預售屋,/buildings/bh9/,7,7,7,1,23.428571428571427
fb / cqh1,fb-28,村泉蒔美｜門戶端點 從容跨界｜台北生活最美起點,/buildings/cqh1/,7,7,7,1,2
google / cpc,202511,大河商爵-台北市士林區廠辦/預售新建案-預約賞屋，遠創力行銷,/buildings/dgm1/,7,7,8,1.1428571428571428,15.714285714285714
fb / dgm1,fb12-5,大河商爵-台北市士林區廠辦/預售新建案-預約賞屋，遠創力行銷,/buildings/dgm1/,7,7,7,1,0
fb / eh2,11-1,遠雄一靚｜楠梓新案．高大特區首發｜早鳥預約中,/buildings/eh2/,7,7,7,1,5.142857142857143
fb / eh2,11-3,遠雄一靚｜楠梓新案．高大特區首發｜早鳥預約中,/buildings/eh2/,7,7,7,1,3.142857142857143
google / cpc,pmax,遠雄一靚｜楠梓新案．高大特區首發｜早鳥預約中,/buildings/eh2/,7,7,8,1.1428571428571428,42.142857142857146
google / cpc,Qianzhen.Qianjin,遠雄沐蘊-高雄市三民區預售屋/新建案-預約賞屋,/buildings/eh5/,7,7,8,1.1428571428571428,43.285714285714285
line-lap / ar1,20260210-7-2,遠雄蘴靚｜高雄楠梓新門戶｜捷運R21站旁｜3795坪豪闊基地,/buildings/eh6/,7,7,12,1.7142857142857142,5.142857142857143
fb / fh2,fb12-4,遠雄合雅｜板橋之心・合院之上｜2~3房．24~66坪,/buildings/fh2/,7,7,7,1,62
google / cpc,area,遠雄琢蘊-高雄市三民區預售屋/新建案-預約賞屋，遠雄房地產,/buildings/h902/,7,7,10,1.4285714285714286,51.285714285714285
google / cpc,202601,熱銷建案：預售屋、新建案、新成屋 -遠雄房地產,/case/,7,7,10,1.4285714285714286,9
ig / social,ig,熱銷建案：預售屋、新建案、新成屋 -遠雄房地產,/case/,7,7,7,1,2.7142857142857144
farglory.com.tw / referral,(referral),熱銷建案一覽：遠雄全台預售屋、新建案、新成屋資訊,/case/search/,7,7,24,3.4285714285714284,95.57142857142857
line-lap / eh2,20260204B,遠房實價登錄,/,7,7,7,1,0
google / cpc,(organic),熱銷建案一覽：遠雄全台預售屋、新建案、新成屋資訊,/case/search/page/3/,7,7,7,1,18.285714285714285
(direct) / (none),(direct),熱銷建案一覽：遠雄全台預售屋、新建案、新成屋資訊,/case/search/page/6/,7,7,8,1.1428571428571428,24.428571428571427
google / cpc,202511,熱銷建案一覽：遠雄全台預售屋、新建案、新成屋資訊,/case/search/sales_status/hot-sale/,7,7,8,1.1428571428571428,15.714285714285714
google / organic,(organic),聯絡與服務 - 遠雄房地產,/contact_service/,7,7,9,1.2857142857142858,13.857142857142858
(direct) / (none),(direct),聯絡我們 - 遠雄房地產,/contact_service/contact_us/,7,7,7,1,4.428571428571429
google / organic,(organic),建案熱區巡禮：高雄三民區高雄車站特區生活圈 - 遠雄房地產,/life-proposal/area-khh-station_20230914/,7,7,7,1,125.57142857142857
google / organic,(organic),建案熱區巡禮：台中港市鎮重劃區 - 清水梧棲學區篇 - 遠雄房地產,/life-proposal/area-txg-port_school_20240105/,7,7,8,1.1428571428571428,14.428571428571429
google / organic,(organic),建案熱區巡禮：高雄三民區 - 學區篇 - 遠雄房地產,/life-proposal/area_hotspot_khh_sanmin_school_20231023/,7,7,7,1,44.57142857142857
mkto-sn070013.com / referral,(referral),漢神、巨蛋雙引擎，北台中新核心北屯14期 | 建案熱區巡禮 - 遠雄房地產,/life-proposal/area_txg_beitun_14th_function_20250829/,7,7,8,1.1428571428571428,111.14285714285714
google / organic,(organic),建案熱區巡禮：台中北屯機廠重劃區 - 交通篇 - 遠雄房地產,/life-proposal/area_txg_beitun_depot_traffic_20240606/,7,7,7,1,1.4285714285714286
google / organic,(organic),掌握贈與控制權，享受安心退休生活 - 遠雄房地產,/life-proposal/donated_property20220624/,7,7,7,1,39.142857142857146
fgr-line / fgr,expert_li_2026-housing-tips,2025房市回顧與2026盤整展望：政策與市場趨勢解析｜劉佩真觀點 - 遠雄房地產,/life-proposal/expert_peizhen_real-estate-2026/,7,7,7,1,16.571428571428573
m.facebook.com / referral,(referral),輝達總部確立，房市受惠區在哪裡？｜何世昌觀點 - 遠雄房地產,/life-proposal/expert_thinktank_nvidia_20250729/,7,7,7,1,34.714285714285715
google / organic,(organic),邱澤不動產傳聞揭秘，實價登錄與容積移轉的真相｜專家觀點地政篇 - 遠雄房地產,/life-proposal/expert_zhu_land-deal_20250813/,7,7,7,1,102.28571428571429
google / cpc,(organic),[影音] 豪宅稅跟你也有關係：有房族注意！影響與計算不可不知｜專家觀點地政篇 - 遠雄房地產,/life-proposal/expert_zhu_mansion-tax-count_vedio_20250625/,7,7,7,1,118.71428571428571
google / organic,(organic),高樓層VS低樓層：哪個才是首購族的最佳選擇？–「首購族看房買屋攻略」 - 遠雄房地產,/life-proposal/high_floor/,7,7,7,1,49.714285714285715
google / organic,(organic),「智慧住宅」的誕生！家變聰明生活更好 - 遠雄房地產,/life-proposal/intelligentbuilding/,7,7,7,1,16.428571428571427
(direct) / (none),(direct),都市土地分區解析｜買房必看土地使用分區與建物用途全攻略 - 遠雄房地產,/life-proposal/land_zoning/,7,7,8,1.1428571428571428,86.57142857142857
tw.search.yahoo.com / referral,(referral),附屬建物陽台、露臺、雨遮規定｜購屋前必知建築法規與容積計算 - 遠雄房地產,/life-proposal/regulations_20230317/,7,7,7,1,116.57142857142857
google / cpc,20260206-2-4,遠房實價登錄,/,7,7,13,1.8571428571428572,0
google / cpc,(organic),不動產節稅妙招：自用住宅用地優惠稅率不可不知 - 遠雄房地產,/life-proposal/tax_mitigation_land_20220902/,7,7,8,1.1428571428571428,68.14285714285714
google / cpc,pmax,專家觀點：解析房市動向與購屋建議 -遠雄房地產,/life_proposal/experts_point/,7,7,7,1,0
(direct) / (none),(direct),找不到頁面 - 遠雄房地產,/mall/hsinchu/,7,7,7,1,0.7142857142857143
fb / fm3,privacy,服務條款暨隱私權聲明 -遠雄房地產,/terms-of-service_and_privacy/,7,7,8,1.1428571428571428,7
fb / o1,privacy,服務條款暨隱私權聲明 -遠雄房地產,/terms-of-service_and_privacy/,7,7,8,1.1428571428571428,5.714285714285714
line / bh11,20260206-2-4,遠房實價登錄,/,6,7,8,1.3333333333333333,0
fb / bh10,fb20261-4,遠房實價登錄,/,6,7,8,1.3333333333333333,0
line-lap / bh9,lap-1,遠房實價登錄,/,6,7,10,1.6666666666666667,0
(direct) / (none),(direct),✨ 洄山春序 福蘊綠美 ✨ - 遠雄房地產,/activity-report/✨-洄山春序-福蘊綠美-✨/,6,7,9,1.5,15.166666666666666
google / organic,(organic),遠雄樂元✨暢遊幸福新樂元✨ - 遠雄房地產,/activity-report/遠雄樂元✨暢遊幸福新樂元✨/,6,7,8,1.3333333333333333,12.666666666666666
(direct) / (none),(direct),活動一覽：建案活動與會員好禮 -遠雄房地產,/activity_report/activities_glance/,6,7,10,1.6666666666666667,59
google / cpc,brand0829,遠雄房地產精選預售屋(台北、新北、台中、桃園、台南、高雄) - 遠雄房地產,/building-category-tag/featured_pre_sale/,6,7,12,2,39
(direct) / (none),(direct),捷運宅相關預售屋/新成屋/新建案資料|遠雄房地產,/building-tag/build-tag-mrt/,6,7,6,1,7.166666666666667
google / cpc,Pmax,北士科建案【遠雄明玥】2000坪全街廓只蓋一棟．25-46坪,/buildings/ah1/,6,7,6,1,20.5
google / cpc,20251017-2-1,齊興_緻-台北市北投區/北士科住宅預售屋,/buildings/ar1/,6,7,7,1.1666666666666667,0.16666666666666666
line-lap / ar1,20260213一輪播,齊興_緻-台北市北投區/北士科住宅預售屋,/buildings/ar1/,6,7,2,0.3333333333333333,17.333333333333332
fb / bh5,47,遠雄琉蘊 -台中市西屯區七期預售屋/新建案-預約賞屋，遠雄房地產,/buildings/bh5/,6,7,6,1,12.333333333333334
web / bh6,googlemap2,遠雄藝舍-台中西屯區麥當勞旁金店面-預約賞屋，遠雄房地產,/buildings/bh6/,6,7,9,1.5,17.666666666666668
googlemap / (not set),eh1,高雄建案推薦【遠雄峰蘊】- 三民區預售屋．近科工館,/buildings/eh1/,6,7,7,1.1666666666666667,35.833333333333336
google_kw / eh5,brand,遠雄沐蘊-高雄市三民區預售屋/新建案-預約賞屋,/buildings/eh5/,6,7,5,0.8333333333333334,0
(direct) / (none),(direct),找不到頁面 - 遠雄房地產,/buildings/shqmo01/,6,7,8,1.3333333333333333,26.5
google / cpc,brand,熱銷建案：預售屋、新建案、新成屋 -遠雄房地產,/case/,6,7,7,1.1666666666666667,10.166666666666666
(direct) / (none),(direct),最懂生活的購屋專家-遠雄房地產,/gc_farbear/,6,7,17,2.8333333333333335,40.666666666666664
google / organic,(organic),建案熱區巡禮：新北板橋區Tpark科技特區 (遠東通訊園區) - 綠地休憩篇 - 遠雄房地產,/life-proposal/area-s-tph_banqiao_tpark_park_20250411/,6,7,6,1,24.666666666666668
tw.search.yahoo.com / referral,(referral),高雄預售屋入手指南：最新建案推薦、選房與區域優勢總整理 - 遠雄房地產,/life-proposal/area_presold-house-in-kaohsiung/,6,7,6,1,181.33333333333334
tw.search.yahoo.com / referral,(referral),台中預售屋怎麼挑？各區房價、TOP36建案分析，買屋前必看！ - 遠雄房地產,/life-proposal/area_presold-house-in-taichung/,6,7,7,1.1666666666666667,97.16666666666667
google / cpc,(organic),龜山A7重劃區成北北桃生活圈潛力新核心 | 建案熱區巡禮 - 遠雄房地產,/life-proposal/area_taoyuan_guishan_a7_function/,6,7,7,1.1666666666666667,24.666666666666668
google / organic,(organic),南科門戶首選：台南永康區鹽行國中重劃區生活圈 | 建案熱區巡禮 - 遠雄房地產,/life-proposal/area_tnnyongkang_redevelop_yanxing_20230901/,6,7,6,1,23.333333333333332
(not set),20260213一輪播,2026年預售市場一針見血的銷售與購買策略｜李同榮觀點 - 遠雄房地產,/life-proposal/expert_li_2026-housing-tips/,6,7,5,0.8333333333333334,19.833333333333332
google / cpc,(organic),[影音] 豪宅稅跟你也有關係：有房族注意！2025豪宅稅新門檻上路｜專家觀點地政篇 - 遠雄房地產,/life-proposal/expert_zhu_mansion-tax-definition_vedio_20250523/,6,7,7,1.1666666666666667,96
bing / organic,(organic),自用住宅免稅400萬怎麼申請？「持有、設籍、實住」3點不能忽略 | 專家觀點地政篇 - 遠雄房地產,/life-proposal/expert_zhu_ownership-criteria/,6,7,6,1,51.833333333333336
google / organic,(organic),水龍頭不給力？給水供水問題快速解法【居家百科】 - 遠雄房地產,/life-proposal/faucet-waterknowledge/,6,7,6,1,41.5
(direct) / (none),(direct),居家玻璃保養：擦玻璃、修繕與防自爆技巧 - 遠雄房地產,/life-proposal/glass-fix/,6,7,6,1,153.16666666666666
google / organic,(organic),綠建築3大趨勢，在建築空間中深呼吸 - 遠雄房地產,/life-proposal/greenbuilding2020-design/,6,7,6,1,190.5
google / organic,(organic),小檜溪重劃後的美好：一位八旬里長，見證小檜溪社區環境的變遷 - 遠雄房地產,/life-proposal/interview-s-taoyuan-green20221111/,6,7,8,1.3333333333333333,94.5
google / organic,(organic),建案熱區巡禮：桃園青埔大翻身！視野廣闊心也寬裕的首選住所 - 遠雄房地產,/life-proposal/qingpu/,6,7,7,1.1666666666666667,26
line-lap / bh10,line-lap202511-6,隱私權聲明 - 遠雄房地產,/privacy/,6,7,8,1.3333333333333333,26.666666666666668
google / organic,(organic),薛品涵業務個人介紹 - 遠雄THE ONE,/sales/O1/B4860/,6,7,7,1.1666666666666667,10
(direct) / (none),(direct),齊興緻-蔡姈君-遠雄房地產 Farglory-Realty,/AR1/b1716,5,7,7,1.4,0
bing / organic,(organic),齊興_緻-台北市北投區/北士科住宅預售屋,/buildings/ar1/,5,7,5,1,24.8
tw.search.yahoo.com / referral,(referral),遠雄14期首發【遠雄丰尚】北屯新案．近漢神洲際百貨,/buildings/bh11/,5,7,7,1.4,32.2
(not set),20260213一輪播,遠雄琢蘊-高雄市三民區預售屋/新建案-預約賞屋，遠雄房地產,/buildings/h902/,5,7,2,0.4,3.2
(not set),20251230一輪播,熱銷建案一覽：遠雄全台預售屋、新建案、新成屋資訊,/case/search/,5,7,19,3.8,33.2
google / organic,(organic),福利制度 - 遠雄房地產,/contact_service/welfare_system/,5,7,8,1.6,23.2
(not set),高雄鼓山,2026 前鎮發展全解析：從 205 兵工廠搬遷到亞灣 2.0 智慧新城 | 建案熱區巡禮 - 遠雄房地產,/life-proposal/area-l-kaohsiung-qianzhen_20220805/,5,7,2,0.4,31.6
google / organic,(organic),台中西屯區，美食、藝文、交通樣樣好 | 建案熱區巡禮 - 遠雄房地產,/life-proposal/area-l-taichung-xitun20220520/,5,7,7,1.4,163
google / organic,(organic),建案熱區巡禮：台南中西區 – 文化交融與現代發展並進 - 遠雄房地產,/life-proposal/area-l-tainan-west-central_20250402/,5,7,6,1.2,71.6
tw.search.yahoo.com / referral,(referral),樓高的秘密解析：樓層高度與淨高如何影響居住品質 - 遠雄房地產,/life-proposal/floor_height/,5,7,6,1.2,82.8
(not set),20260213一輪播,換屋族必讀：房地合一稅與土地增值稅完整攻略 - 遠雄房地產,/life-proposal/house_and_land/,5,7,4,0.8,43.2
google / organic,(organic),永續幸福家園，全齡通用宅設計規範與趨勢 - 遠雄房地產,/life-proposal/universal-design20220708/,5,7,5,1,14.6
line-lap / ar1,20250718,遠房實價登錄,/,4,7,9,2.25,0
(not set),20251231一輪播,遠房實價登錄,/,4,7,10,2.5,0
google / cpc,dgc,远雄蘴靓｜高雄楠梓新门户｜捷运R21站旁｜3795坪豪阔基地,/buildings/eh6/,4,7,1,0.25,16
(not set),20260213一輪播,買主口碑推薦：遠雄建案、預售屋 -遠雄房地產,/case/wom_recommendation/,4,7,4,1,19.25
line-lap / bh9,lap-2,遠房實價登錄,/,3,7,10,3.3333333333333335,0
line-lap / bh9,lap-4,遠房實價登錄,/,3,7,8,2.6666666666666665,0
google / cpc,202601,熱銷建案一覽：遠雄全台預售屋、新建案、新成屋資訊,/case/search/page/2/,3,7,5,1.6666666666666667,13.666666666666666
console-v2.omnichat.ai / referral,(referral),遠雄房地產：最懂生活的購屋專家,/,2,7,7,3.5,1.5
(direct) / (none),(direct),包租代管懶人包快速了解！ - 遠雄房地產,/life-proposal/rental_housing_20230106/,2,7,8,4,131
fgr-line / fgr,playlist=e93ee4e&video=a817df1,遠房實價登錄,/,1,7,19,19,0
(not set),台中,遠雄房地產：最懂生活的購屋專家,/,1,7,9,9,29
google / organic,(organic),遠雄明玥 | 北士科水岸新生活．2000坪全街廓，只蓋一棟｜25-46坪-陳怡靜-遠雄房地產 Farglory-Realty,/ah1/G0116,1,7,7,7,38
google / cpc,202511,遠雄14期首發【遠雄丰尚】北屯新案．近漢神洲際百貨,/buildings/bh11/,1,7,6,6,0
tagassistant.google.com / referral,(referral),高雄建案推薦【遠雄峰蘊】- 三民區預售屋．近科工館,/buildings/eh1/,1,7,15,15,122
fgr-line / fgr,playlist=e93ee4e&video=a817df1,遠雄THE ONE-高雄市前鎮區新成屋/新建案-預約賞屋,/buildings/o1/,1,7,21,21,24
web-ettoday / fm3,20260116,熱銷建案一覽：遠雄全台預售屋、新建案、新成屋資訊,/case/search/page/2/,1,7,15,15,160
google / cpc,(organic),超高齡台灣，誰適合「以房養老」? - 遠雄房地產,/life-proposal/reverse_mortgage/,7,7,7,1,98.42857142857143
google_kw / bh8,googlemap,台中西屯建案【遠雄洄山行】．2-4房方正格局,/buildings/bh8/,4,6,6,1.5,66.5
(not set),20251230一輪播,換屋族必讀：房地合一稅與土地增值稅完整攻略 - 遠雄房地產,/life-proposal/house_and_land/,1,6,6,6,3
(not set),20251209一輪播,遠房實價登錄,/,6,6,20,3.3333333333333335,0
googlemap / (not set),eh1,遠房實價登錄,/,6,6,6,1,0
socialmedia / fgr,fb,遠房實價登錄,/,6,6,9,1.5,0
fb / cqh1,fb-28,遠房實價登錄,/,6,6,7,1.1666666666666667,0
fb / eh6,fb1-3,遠房實價登錄,/,6,6,8,1.3333333333333333,0
fb / bh10,fb20261-1,遠房實價登錄,/,6,6,10,1.6666666666666667,1
fb / eh1,fb20261-4,遠房實價登錄,/,6,6,6,1,0
fb / bh8,fb25-3,遠房實價登錄,/,6,6,6,1,0
fb / fm3,fb8-1,遠房實價登錄,/,6,6,6,1,0
gdn / ah1,gdn-2,遠房實價登錄,/,6,6,7,1.1666666666666667,0
leju / h713,lejupage,遠房實價登錄,/,6,6,8,1.3333333333333333,0
google_kw / rsh1,newtaipei,遠房實價登錄,/,6,6,6,1,0
fb / O1,(referral),遠雄房地產：最懂生活的購屋專家,/,6,6,6,1,3
google / cpc,pmax,品牌實力-遠雄房地產,/about/brand_performance_backup/,6,6,6,1,0
google / organic,(organic),住戶專享 彙整 - 遠雄房地產,/activity-report-category/activities_glance/activities_glance_list/住戶專享/,6,6,7,1.1666666666666667,18.166666666666668
fgr-line / fh2,20260210,遠雄泱玥 圍爐煮茶．曉光迎福 - 遠雄房地產,/activity-report/遠雄泱玥-圍爐煮茶．曉光迎福/,6,6,6,1,1
(direct) / (none),(direct),遠雄泱玥 | 水岸正首席．北士科首獻｜57-75坪-蔡定誠-遠雄房地產 Farglory-Realty,/ah2/B4720,6,6,8,1.3333333333333333,0.8333333333333334
google / cpc,O1_競品字_2025.0801,遠雄房地產精選成屋(台北、新北、台中、桃園、台南、高雄) - 遠雄房地產,/building-category-tag/featured_existing_house/,6,6,7,1.1666666666666667,14.333333333333334
google / cpc,BH10-台中區域字,遠雄房地產精選預售屋(台北、新北、台中、桃園、台南、高雄) - 遠雄房地產,/building-category-tag/featured_pre_sale/,6,6,6,1,8.666666666666666
google / cpc,RSH1-地區字,遠雄房地產精選預售屋(台北、新北、台中、桃園、台南、高雄) - 遠雄房地產,/building-category-tag/featured_pre_sale/,6,6,6,1,10.666666666666666
google / cpc,landmark0829,遠雄房地產精選預售屋(台北、新北、台中、桃園、台南、高雄) - 遠雄房地產,/building-category-tag/featured_pre_sale/,6,6,8,1.3333333333333333,14.5
line-fgr / bh7,linefgrbh7,遠雄房地產精選預售屋(台北、新北、台中、桃園、台南、高雄) - 遠雄房地產,/building-category-tag/featured_pre_sale/,6,6,7,1.1666666666666667,70.33333333333333
fb / eh5,park,遠雄房地產精選預售屋(台北、新北、台中、桃園、台南、高雄) - 遠雄房地產,/building-category-tag/featured_pre_sale/,6,6,6,1,29.833333333333332
(direct) / (none),(direct),遠雄房地產精選預售屋(台北、新北、台中、桃園、台南、高雄) - 遠雄房地產,/building-category-tag/featured_pre_sale/page/2/,6,6,7,1.1666666666666667,8.833333333333334
fb / 5vo1,260205,聯上智科｜北士科AI總部 輝達核心軸線 -台北市北投區商辦/預售新建案-預約賞屋，遠創力行銷,/buildings/5vo1/,6,6,6,1,0
google / cpc,gdn-01,聯上智科｜北士科AI總部 輝達核心軸線 -台北市北投區商辦/預售新建案-預約賞屋，遠創力行銷,/buildings/5vo1/,6,6,6,1,0.3333333333333333
ig / paid,120241218501380402,北士科建案【遠雄明玥】2000坪全街廓只蓋一棟．25-46坪,/buildings/ah1/,6,6,6,1,13.333333333333334
ig / paid,120241218914510402,北士科建案【遠雄明玥】2000坪全街廓只蓋一棟．25-46坪,/buildings/ah1/,6,6,6,1,11.5
google / cpc,20250616_北投士林豪宅/別墅,北士科建案【遠雄明玥】2000坪全街廓只蓋一棟．25-46坪,/buildings/ah1/,6,6,6,1,24.166666666666668
google / cpc,20250616_品牌字,北士科建案【遠雄明玥】2000坪全街廓只蓋一棟．25-46坪,/buildings/ah1/,6,6,7,1.1666666666666667,40.5
google / cpc,202511,北士科建案【遠雄明玥】2000坪全街廓只蓋一棟．25-46坪,/buildings/ah1/,6,6,6,1,6.833333333333333
google_kw / 5vo1,202511,北士科建案【遠雄明玥】2000坪全街廓只蓋一棟．25-46坪,/buildings/ah1/,6,6,15,2.5,86
google / cpc,20260206-2-4,北士科建案【遠雄明玥】2000坪全街廓只蓋一棟．25-46坪,/buildings/ah1/,6,6,8,1.3333333333333333,28.666666666666668
google / cpc,area,北士科建案【遠雄明玥】2000坪全街廓只蓋一棟．25-46坪,/buildings/ah1/,6,6,6,1,13.666666666666666
google / cpc,banqiao,北士科建案【遠雄明玥】2000坪全街廓只蓋一棟．25-46坪,/buildings/ah1/,6,6,8,1.3333333333333333,32.166666666666664
fb / bh10,fb20261-1,北屯敦富路【遠雄敦富】- 北屯機捷預售屋．近好市多,/buildings/bh10/,6,6,7,1.1666666666666667,5
fb / bh10,fb20261-4,北屯敦富路【遠雄敦富】- 北屯機捷預售屋．近好市多,/buildings/bh10/,6,6,7,1.1666666666666667,82.5
google / cpc,20260206-2-4,"Ra mắt giai đoạn 14 dự án Farglory: Farglory Fengshang, một dự án mới tại Beitun, gần trung tâm thương mại Hanshin Intercontinental.",/buildings/bh11/,6,6,1,0.16666666666666666,3
fb / bh11,2-3,遠雄14期首發【遠雄丰尚】北屯新案．近漢神洲際百貨,/buildings/bh11/,6,6,7,1.1666666666666667,0
fb / bh11,3-4,遠雄14期首發【遠雄丰尚】北屯新案．近漢神洲際百貨,/buildings/bh11/,6,6,6,1,1
fb / bh11,9-4,遠雄14期首發【遠雄丰尚】北屯新案．近漢神洲際百貨,/buildings/bh11/,6,6,6,1,3.1666666666666665
google / cpc,brand,遠雄14期首發【遠雄丰尚】北屯新案．近漢神洲際百貨,/buildings/bh11/,6,6,9,1.5,86.5
(data not available),(cross-network),遠雄琉蘊 -台中市西屯區七期預售屋/新建案-預約賞屋，遠雄房地產,/buildings/bh5/,6,6,9,1.5,59
google / cpc,brand0829,遠雄琉蘊 -台中市西屯區七期預售屋/新建案-預約賞屋，遠雄房地產,/buildings/bh5/,6,6,7,1.1666666666666667,17.666666666666668
google / cpc,(organic),遠雄藝舍-台中西屯區麥當勞旁金店面-預約賞屋，遠雄房地產,/buildings/bh6/,6,6,6,1,18.5
fb / bh7,10,【遠雄樂元】北屯機捷X好市多，雙首排大道最核心，夠近才最好,/buildings/bh7/,6,6,6,1,2
fb / bh8,fb20-2,台中西屯建案【遠雄洄山行】．2-4房方正格局,/buildings/bh8/,6,6,6,1,2.5
fb / bh8,fb25-3,台中西屯建案【遠雄洄山行】．2-4房方正格局,/buildings/bh8/,6,6,6,1,2.5
(not set),(not set),水湳建案【遠雄綠美】鄰近綠美圖．中央公園預售屋,/buildings/bh9/,6,6,3,0.5,75.83333333333333
google / cpc,landmark0829,水湳建案【遠雄綠美】鄰近綠美圖．中央公園預售屋,/buildings/bh9/,6,6,6,1,23.666666666666668
fb / cqh1,fb-34,村泉蒔美｜門戶端點 從容跨界｜台北生活最美起點,/buildings/cqh1/,6,6,6,1,16
facebook.com / referral,(referral),大河商爵-台北市士林區廠辦/預售新建案-預約賞屋，遠創力行銷,/buildings/dgm1/,6,6,6,1,3.5
fb / dgm1,fanpage0206,大河商爵-台北市士林區廠辦/預售新建案-預約賞屋，遠創力行銷,/buildings/dgm1/,6,6,6,1,0
gdn / dgm1,gdn11-2,大河商爵-台北市士林區廠辦/預售新建案-預約賞屋，遠創力行銷,/buildings/dgm1/,6,6,6,1,0
tw.search.yahoo.com / referral,(referral),高雄建案推薦【遠雄峰蘊】- 三民區預售屋．近科工館,/buildings/eh1/,6,6,6,1,38.666666666666664
fb / eh1,fb20261-1,高雄建案推薦【遠雄峰蘊】- 三民區預售屋．近科工館,/buildings/eh1/,6,6,6,1,31.5
fb / eh1,fb20261-4,高雄建案推薦【遠雄峰蘊】- 三民區預售屋．近科工館,/buildings/eh1/,6,6,6,1,3.3333333333333335
fb / eh5,fb30-3,遠雄沐蘊-高雄市三民區預售屋/新建案-預約賞屋,/buildings/eh5/,6,6,6,1,1.1666666666666667
google / cpc,20260213一輪播,遠雄蘴靚｜高雄楠梓新門戶｜捷運R21站旁｜3795坪豪闊基地,/buildings/eh6/,6,6,14,2.3333333333333335,13.666666666666666
m.facebook.com / referral,(referral),遠雄合雅｜板橋之心・合院之上｜2~3房．24~66坪,/buildings/fh2/,6,6,6,1,13
fb / fm3,fb8-1,遠雄信義CENTER-新北市板橋區廠辦.商辦/預售新建案-預約賞屋,/buildings/fm3/,6,6,6,1,1.1666666666666667
fb / hh3,fb-8,找不到頁面 - 遠雄房地產,/buildings/hh3/,6,6,6,1,0
google / cpc,sitelink,Farglory MetaLink Technology Park | Airport MRT A7 & A8 Station | VIP corporate seats are now open for reservation.,/buildings/hm2/,6,6,1,0.16666666666666666,3.8333333333333335
gdn / hm2,202511,遠雄MetaLink科技園區 | 機捷A7．A8站▕ VIP企業席次開放預約中,/buildings/hm2/,6,6,6,1,0
gdn / hm2,202602,遠雄MetaLink科技園區 | 機捷A7．A8站▕ VIP企業席次開放預約中,/buildings/hm2/,6,6,6,1,0
tw.search.yahoo.com / referral,(referral),遠雄THE ONE-高雄市前鎮區新成屋/新建案-預約賞屋,/buildings/o1/,6,6,6,1,90.83333333333333
googlemap / o1,googlemap,遠雄THE ONE-高雄市前鎮區新成屋/新建案-預約賞屋,/buildings/o1/,6,6,7,1.1666666666666667,38.5
m.facebook.com / referral,(referral),若水秧翠｜東京視野・頂埔門牌｜1~3房．20~42坪,/buildings/rsh1/,6,6,6,1,2.3333333333333335
tw.search.yahoo.com / referral,(referral),熱銷建案：預售屋、新建案、新成屋 -遠雄房地產,/case/,6,6,7,1.1666666666666667,10.166666666666666
line / bh11,20260206-2-4,熱銷建案一覽：遠雄全台預售屋、新建案、新成屋資訊,/case/search/,6,6,7,1.1666666666666667,22.5
google / cpc,area,熱銷建案一覽：遠雄全台預售屋、新建案、新成屋資訊,/case/search/,6,6,16,2.6666666666666665,51.166666666666664
googlemap / o1,googlemap,熱銷建案一覽：遠雄全台預售屋、新建案、新成屋資訊,/case/search/,6,6,6,1,19.333333333333332
google / organic,(organic),建案熱區巡禮：台南永康區 - 綠地篇 - 遠雄房地產,/life-proposal/area-hotspot-tnn-yongkang_park_20231207/,6,6,6,1,13.833333333333334
mkto-sn070013.com / referral,(referral),高雄鼓山：農十六、美術館特區與富邦新商圈 | 建案熱區巡禮 - 遠雄房地產,/life-proposal/area-l-kaohsiung-gusha20200520/,6,6,12,2,208.66666666666666
google / organic,(organic),建案熱區巡禮：新北板橋府中與南雅地區 - 遠雄房地產,/life-proposal/area-s-tph_banqiao_nanya_20240820/,6,6,7,1.1666666666666667,43.166666666666664
tw.search.yahoo.com / referral,(referral),建案熱區巡禮：新北板橋區Tpark科技特區 (遠東通訊園區)生活圈 - 遠雄房地產,/life-proposal/area-s-tph_banqiao_tpark_function_20250314/,6,6,7,1.1666666666666667,170.83333333333334
google / organic,(organic),建案熱區巡禮：台中港市鎮重劃區 - 海線城市清水梧棲交通篇 - 遠雄房地產,/life-proposal/area-txg-port_traffic_20240120/,6,6,7,1.1666666666666667,29
tw.search.yahoo.com / referral,(referral),台南預售屋全攻略：最新行情、熱門區域房價與建案挑選祕訣 - 遠雄房地產,/life-proposal/area_presold-house-in-tainan/,6,6,7,1.1666666666666667,134.83333333333334
google / cpc,(organic),換屋族必看：換屋是要先買後賣還是先賣後買？ - 遠雄房地產,/life-proposal/change_house/,6,6,7,1.1666666666666667,103.33333333333333
google / organic,(organic),梅雨季居家除溼妙招 - 遠雄房地產,/life-proposal/ease_dehumidification_20230601/,6,6,9,1.5,85.5
socialmedia / fgr,ig20260206,借名登記的房地產，也可以作為遺產分割的標的嗎？ | 永然法律不動產專欄 - 遠雄房地產,/life-proposal/expert_law_y-rlee_nominee-inheritance/,6,6,6,1,2.5
tw.search.yahoo.com / referral,(referral),2026 投資佈局：聚焦AI基建、核能、國防、稀土、貴金屬與穩定幣 | 財經M平方觀點 - 遠雄房地產,/life-proposal/expert_macromicro_2026-mega-trends/,6,6,6,1,121.33333333333333
google / cpc,(organic),全球貨幣戰：穩定幣的發展與投資機會 | 財經M平方觀點 - 遠雄房地產,/life-proposal/expert_macromicro_stablecoin/,6,6,6,1,75.5
fb / bh7,10,遠房實價登錄,/,6,6,6,1,0
bing / organic,(organic),房屋格局圖/平面圖怎麼看？建案平面圖符號教學，讓你秒懂房屋格局避地雷,/life-proposal/house-layout/,6,6,7,1.1666666666666667,116
google / organic,(organic),如何保障產權？維護自身權益必知的產權登記 - 遠雄房地產,/life-proposal/kw_equity_20230605/,6,6,6,1,31.833333333333332
google / cpc,(organic),青年首購看過來：新青安貸款8大重點 - 遠雄房地產,/life-proposal/kw_load_youthload_20230928/,6,6,6,1,25.166666666666668
google / organic,(organic),房子也有說明書，不動產說明書應記載事項你知道嗎？ - 遠雄房地產,/life-proposal/manual20220610/,6,6,6,1,31
google / organic,(organic),我該買房貸壽險嗎？ - 遠雄房地產,/life-proposal/mortgage-insurance_20221021/,6,6,6,1,66.66666666666667
google / organic,(organic),遠雄聯手蘇喻哲打造高雄科工館「健康宅」遠雄琢蘊，遠雄左岸串連1300公頃河邊綠地,/life-proposal/natural-design/,6,6,6,1,71.83333333333333
google / organic,(organic),居家窗簾挑選有學問，窗簾種類與款式有哪些？ - 遠雄房地產,/life-proposal/space_design_curtain_20240714/,6,6,6,1,24.5
(direct) / (none),(direct),突然跳電怎麼辦？六步驟輕鬆排查【居家安全指南】 - 遠雄房地產,/life-proposal/trip/,6,6,6,1,22.5
google / cpc,(organic),遠雄房地產預約賞屋(線上賞屋與預約賞屋),/make_appointment/,6,6,9,1.5,81.66666666666667
google / organic,(organic),謝欣學業務個人介紹 - 遠雄敦富,/sales/bh10/B5736/,6,6,9,1.5,16.833333333333332
google / organic,(organic),葉淯蓁業務個人介紹 - 遠雄樂元,/sales/bh7/B6099/,6,6,6,1,7.166666666666667
google / cpc,pmax,服務條款-遠雄房地產,/terms-of-service/,6,6,6,1,0.3333333333333333
google / organic,(organic),甜蜜夫妻提前準備退休生活，「遠雄豐河」續寫幸福篇章 - 遠雄房地產,/wom-recommendation/h101b_view/,6,6,6,1,10.5
google / organic,(organic),青晉，讓漂泊候鳥也想親近定居 - 遠雄房地產,/wom-recommendation/hh1_msliu/,6,6,6,1,21.833333333333332
(direct) / (none),(direct),預約成功 - 遠雄房地產,/預約成功感謝頁/,6,6,7,1.1666666666666667,7.666666666666667
line-lap / ar1,20260213一輪播,遠房實價登錄,/,5,6,5,1,0
fb / fh2,fanpage0206,遠房實價登錄,/,5,6,6,1.2,0
google_kw / rsh1,tucheng,遠房實價登錄,/,5,6,11,2.2,0
bing / organic,(organic),關於遠創力 - 遠雄房地產,/about/telecreative_marketing/,5,6,6,1.2,15.2
google / cpc,(organic),關於遠創力 - 遠雄房地產,/about/telecreative_marketing/,5,6,9,1.8,82.4
google / organic,(organic),村泉蒔美 ✨ 馬騰金春迎蒔美 ✨ - 遠雄房地產,/activity-report/✨-馬騰金春迎蒔美-✨/,5,6,7,1.4,37
fgr-line / ah2,20260210,遠雄一靚🧨春遊一靚 喜迎新年 - 遠雄房地產,/activity-report/遠雄一靚🧨春遊一靚-喜迎新年/,5,6,8,1.6,20.4
google / organic,(organic),遠雄房地產 官方LINE | 好友大募集 獨享雙重抽 - 遠雄房地產,/activity-report/遠雄房地產-官方line-第四季接待中心好友活動/,5,6,8,1.6,19
google / cpc,gdn-2,遠雄房地產精選預售屋(台北、新北、台中、桃園、台南、高雄) - 遠雄房地產,/building-category-tag/featured_pre_sale/,5,6,9,1.8,30.2
(direct) / (none),(direct),"Linked Intelligent Technology | Beishike AI Headquarters, Huida Core Axis - Taipei Beitou District Commercial Office/Pre-sale New Construction Project - Schedule a Viewing Appointment, Far Eastern Marketing",/buildings/5vo1/,5,6,0,0,38
tw.search.yahoo.com / referral,(referral),聯上智科｜北士科AI總部 輝達核心軸線 -台北市北投區商辦/預售新建案-預約賞屋，遠創力行銷,/buildings/5vo1/,5,6,5,1,11
fb / paid,120238830796500617,聯上智科｜北士科AI總部 輝達核心軸線 -台北市北投區商辦/預售新建案-預約賞屋，遠創力行銷,/buildings/5vo1/,5,6,6,1.2,44.6
(not set),20260213一輪播,聯上智科｜北士科AI總部 輝達核心軸線 -台北市北投區商辦/預售新建案-預約賞屋，遠創力行銷,/buildings/5vo1/,5,6,2,0.4,7.2
tw.search.yahoo.com / referral,(referral),齊興_緻-台北市北投區/北士科住宅預售屋,/buildings/ar1/,5,6,5,1,100.8
fb / bh10,fb10-8,北屯敦富路【遠雄敦富】- 北屯機捷預售屋．近好市多,/buildings/bh10/,5,6,6,1.2,8.8
line-lap / bh7,lap-4,北屯敦富路【遠雄敦富】- 北屯機捷預售屋．近好市多,/buildings/bh10/,5,6,6,1.2,4.8
fb / dh2,fb-46,台南永康新建案【遠雄山禾】-鹽行特區．3-4房,/buildings/dh2/,5,6,6,1.2,10.2
web-ettoday / eh2,ettoday_202512,遠雄一靚｜楠梓新案．高大特區首發｜早鳥預約中,/buildings/eh2/,5,6,6,1.2,34.6
statics.teams.cdn.office.net / referral,(referral),遠雄蘴靚｜高雄楠梓新門戶｜捷運R21站旁｜3795坪豪闊基地,/buildings/eh6/,5,6,6,1.2,100.4
google / cpc,1204G,遠雄蘴靚｜高雄楠梓新門戶｜捷運R21站旁｜3795坪豪闊基地,/buildings/eh6/,5,6,8,1.6,32.4
avivid / bh11,20251212,遠雄蘴靚｜高雄楠梓新門戶｜捷運R21站旁｜3795坪豪闊基地,/buildings/eh6/,5,6,10,2,23.6
google / cpc,202601,遠雄蘴靚｜高雄楠梓新門戶｜捷運R21站旁｜3795坪豪闊基地,/buildings/eh6/,5,6,11,2.2,25.8
google / cpc,20260213一輪播,遠雄合雅｜板橋之心・合院之上｜2~3房．24~66坪,/buildings/fh2/,5,6,9,1.8,34.4
leju / h707,lejupage,遠雄星呈-台中市清水區預售屋/新建案-預約賞屋，遠雄房地產,/buildings/h707/,5,6,5,1,21.4
googlemap / hh1,googlemap,找不到頁面 - 遠雄房地產,/buildings/hh1/,5,6,6,1.2,3.2
mkto-sn070013.com / referral,(referral),2025十二月主題報 - 遠雄房地產,/dec2025/,5,6,7,1.4,194.4
google / organic,(organic),建案熱區巡禮：台中西屯區，美食、藝文、交通樣樣好 - 遠雄房地產,/life-proposal/area-l-taichung-xitun20220520/,5,6,5,1,23
google / organic,(organic),建案熱區巡禮：台中七期重劃區，身心富足的高端居住典範 - 遠雄房地產,/life-proposal/area-s-taichung-7th20220520/,5,6,5,1,31.4
(not set),新北板橋,建案熱區巡禮：新北板橋區Tpark科技特區 (遠東通訊園區)生活圈 - 遠雄房地產,/life-proposal/area-s-tph_banqiao_tpark_function_20250314/,5,6,2,0.4,34
google / organic,(organic),建案熱區巡禮：新北板橋區Tpark科技特區 (遠東通訊園區) - 交通篇 - 遠雄房地產,/life-proposal/area-s-tph_banqiao_tpark_traffic_20250321/,5,6,6,1.2,25.6
google / organic,(organic),股債位階與循環配置建議｜財經M平方觀點 - 遠雄房地產,/life-proposal/expert_macromicro_mec_cycle_20240430/,5,6,5,1,49.6
google / cpc,(organic),初次購屋，首購族要分析的重點為何? - 遠雄房地產,/life-proposal/firstbuy_20230427/,5,6,5,1,13.8
google / organic,(organic),建案熱區巡禮-【遠雄豐河】我家門前有小河，快樂入住新北中和 - 遠雄房地產,/life-proposal/h101b/,5,6,6,1.2,49.6
tw.search.yahoo.com / referral,(referral),2025 十大建商出爐！買家如何「保蛋黃、挑品牌」？ - 遠雄房地產,/life-proposal/kw_brand_construction_20240109/,5,6,7,1.4,32.4
bing / organic,(organic),樓梯間與梯廳公共設施：建築法規與容積計算完整解析 - 遠雄房地產,/life-proposal/regulations2_20230320/,5,6,5,1,235.6
google / organic,(organic),李心心業務個人介紹 - 遠雄敦富,/sales/bh10/G0599/,5,6,6,1.2,8.6
google / organic,(organic),黃語璇業務個人介紹 - 遠雄樂元,/sales/bh7/G0990/,5,6,7,1.4,11
google / cpc,(organic),預約成功 - 遠雄房地產,/預約成功感謝頁/,5,6,5,1,3.6
line-lap / h902,20240603,遠房實價登錄,/,4,6,5,1.25,0
leju / ah2,lejupage,北士科建案【遠雄泱玥】水岸首排．57-75坪,/buildings/ah2/,4,6,6,1.5,112.5
tw.search.yahoo.com / referral,(referral),遠雄琉蘊 -台中市西屯區七期預售屋/新建案-預約賞屋，遠雄房地產,/buildings/bh5/,4,6,6,1.5,49.25
(direct) / (none),(direct),(not set),(not set),6,6,0,0,0
bing / organic,(organic),水湳建案【遠雄綠美】鄰近綠美圖．中央公園預售屋,/buildings/bh9/,4,6,4,1,11.5
google / cpc,(organic),大河商爵-台北市士林區廠辦/預售新建案-預約賞屋，遠創力行銷,/buildings/dgm1/,4,6,7,1.75,61.5
tw.search.yahoo.com / referral,(referral),遠雄琢蘊-高雄市三民區預售屋/新建案-預約賞屋，遠雄房地產,/buildings/h902/,4,6,8,2,70.5
line / rsh1,lineqa,若水秧翠｜東京視野・頂埔門牌｜1~3房．20~42坪,/buildings/rsh1/,4,6,7,1.75,12.5
google_kw / 5vo1,202511,熱銷建案一覽：遠雄全台預售屋、新建案、新成屋資訊,/case/search/sales_status/coming-soon/,4,6,8,2,12
google / organic,(organic),買房必讀 - 避免不動產詐騙｜如何避免成為房貸人頭？｜專家觀點地政篇 - 遠雄房地產,/life-proposal/avoid-real-estate-fraud/,4,6,5,1.25,13.25
google / organic,(organic),2025年第二季房市觀測 - 關稅、打炒房持續等利空，Q3房市景氣還有機會回升嗎？｜劉佩真觀點 - 遠雄房地產,/life-proposal/expert_peizhen_property-2025q2_20250707/,4,6,4,1,11.75
chatgpt.com / referral,(referral),2025房市回顧與2026盤整展望：政策與市場趨勢解析｜劉佩真觀點 - 遠雄房地產,/life-proposal/expert_peizhen_real-estate-2026/,4,6,5,1.25,32.25
(direct) / (none),(direct),社區營運兩三事：管理費與公共基金 - 遠雄房地產,/life-proposal/land_fund/,4,6,5,1.25,25
(not set),20260213一輪播,附屬建物陽台、露臺、雨遮規定｜購屋前必知建築法規與容積計算 - 遠雄房地產,/life-proposal/regulations_20230317/,4,6,3,0.75,3.75
fb / o1,20250422_23-1,遠雄房地產：最懂生活的購屋專家,/,3,6,5,1.6666666666666667,11
web / ah2,202501-mot,北士科建案【遠雄泱玥】水岸首排．57-75坪,/buildings/ah2/,3,6,3,1,35
web-ettoday / dgm1,web-ettoday20260213,大河商爵-台北市士林區廠辦/預售新建案-預約賞屋，遠創力行銷,/buildings/dgm1/,3,6,6,2,3.3333333333333335
webnews / h707,20260116,遠房實價登錄,/,2,6,46,23,0
fb / fm3,news0108,遠房實價登錄,/,2,6,23,11.5,0
reurl.cc / referral,(referral),遠雄幸福成｜即將落成 - 台中市清水區預售/新建案-預約賞屋，遠雄房地產,/buildings/h713/,2,6,8,4,0
line-lap / fh2,line-lap12-3,熱銷建案一覽：遠雄全台預售屋、新建案、新成屋資訊,/case/search/sales_status/coming-soon/,2,6,7,3.5,12.5
(not set),20260213一輪播,財經M平方觀點：去庫存壓力來襲，2 個訊號看製造業何時落底 - 遠雄房地產,/life-proposal/expert_macromicro20220726/,2,6,2,1,580
web-ettoday / fm3,20260116,遠房實價登錄,/,1,6,9,9,0
youtube / fgr,expert_zhu_video_buy-vs-gift,遠房實價登錄,/,1,6,17,17,0
line / o1,line202207-2,遠雄THE ONE | 獨一無二極致生活 僅獻給每一位層峰,/,1,6,6,6,0
(not set),桃園桃園,遠雄房地產：最懂生活的購屋專家,/,1,6,13,13,9
google / cpc,202601,遠雄14期首發【遠雄丰尚】北屯新案．近漢神洲際百貨,/buildings/bh11/,1,6,4,4,145
fb / fm3,news0108,遠雄蘴靚｜高雄楠梓新門戶｜捷運R21站旁｜3795坪豪闊基地,/buildings/eh6/,1,6,4,4,100
fb / fm3,news0108,熱銷建案一覽：遠雄全台預售屋、新建案、新成屋資訊,/case/search/,1,6,17,17,118
(direct) / (none),(direct),預售屋簽約必看！解析專有與約定專用，避開產權陷阱 | 專家觀點地政篇 - 遠雄房地產,/life-proposal/expert_zhu_pre-sale-house-property-rights/,6,6,8,1.3333333333333333,17.666666666666668
google / organic,(organic),景觀宅 彙整 - 遠雄房地產,/building-tag/景觀宅/,5,5,5,1,14.6
(not set),20251230一輪播,修繕小知識：木地板刮傷怎麼辦？【居家百科】 - 遠雄房地產,/life-proposal/woodfix/,0,5,4,null,null
line / bh5,(not set),遠房實價登錄,/,5,5,7,1.4,0.2
farglory.com.tw / referral,(referral),遠房實價登錄,/,5,5,9,1.8,0
ig / paid,120229486716970138,遠房實價登錄,/,5,5,7,1.4,0
line-lap / eh2,20251208,遠房實價登錄,/,5,5,5,1,0
lbs-sms / fm3,20251229,遠房實價登錄,/,5,5,5,1,0
fb / bh5,47,遠房實價登錄,/,5,5,5,1,0
google_kw / fh2,banqiao,遠房實價登錄,/,5,5,5,1,0
google_kw / bh10,competitor-farglory,遠房實價登錄,/,5,5,5,1,10.8
fb / eh1,eh1fb,遠房實價登錄,/,5,5,5,1,0
fb / cqh1,fb-33,遠房實價登錄,/,5,5,6,1.2,0
fb / bh10,fb10-8,遠房實價登錄,/,5,5,6,1.2,0
fb / fh2,fb12-4,遠房實價登錄,/,5,5,5,1,0
fb / bh8,fb20-1,遠房實價登錄,/,5,5,6,1.2,0
fb / bh8,fb20-2,遠房實價登錄,/,5,5,5,1,0
fb / eh1,fb20261-1,遠房實價登錄,/,5,5,5,1,0
fb / bh8,fb22-2,遠房實價登錄,/,5,5,5,1,0
fb / o1,fb28-1,遠房實價登錄,/,5,5,5,1,0
fb / eh5,fb31-1,遠房實價登錄,/,5,5,6,1.2,0
fb / fm3,fb5-3,遠房實價登錄,/,5,5,5,1,0
fb / bh10,fbpost20262-6,遠房實價登錄,/,5,5,8,1.6,0
web / bh6,googlemap2,遠房實價登錄,/,5,5,5,1,0
line / bh10,line0206,遠房實價登錄,/,5,5,5,1,0
fb / eh5,park,遠房實價登錄,/,5,5,5,1,0
google_kw / cqh1,tamsui,遠房實價登錄,/,5,5,5,1,0
GOOGLEKW / cpc,GOOGLEMYBUSINESS,找不到頁面 - 遠雄房地產,/Build/Detail/H113,5,5,8,1.6,8.4
(direct) / (none),(direct),關於遠創力 - 遠雄房地產,/about/telecreative_marketing/,5,5,5,1,5.8
google / organic,(organic),遠雄房地產官網滿意度問券調查-2025年第四季-得獎公告 - 遠雄房地產,/activity-report/2025q4/,5,5,5,1,6.6
fgr-line / ah2,20260210,✨ 洄山春序 福蘊綠美 ✨ - 遠雄房地產,/activity-report/✨-洄山春序-福蘊綠美-✨/,5,5,8,1.6,41
fgr-line / h707,20260210,✨ 洄山春序 福蘊綠美 ✨ - 遠雄房地產,/activity-report/✨-洄山春序-福蘊綠美-✨/,5,5,6,1.2,26.6
fgr-line / dh2,20260210,遠雄沐蘊 住進自然裡的美術館🌿沐蘊新春樂 - 遠雄房地產,/activity-report/遠雄沐蘊-住進自然裡的美術館🌿沐蘊新春樂/,5,5,5,1,11.2
google / organic,(organic),遠雄峰蘊🐴馬躍峰境 蘊見好年 - 遠雄房地產,/activity-report/馬躍峰境-蘊見好年/,5,5,5,1,13.8
google / cpc,pmax,活動一覽：建案活動與會員好禮 -遠雄房地產,/activity_report/activities_glance/,5,5,5,1,0
google / cpc,20250616_北投士林豪宅/別墅,遠雄房地產精選預售屋(台北、新北、台中、桃園、台南、高雄) - 遠雄房地產,/building-category-tag/featured_pre_sale/,5,5,5,1,4.8
google / cpc,BH10-北屯區區域字,遠雄房地產精選預售屋(台北、新北、台中、桃園、台南、高雄) - 遠雄房地產,/building-category-tag/featured_pre_sale/,5,5,5,1,17.4
google / cpc,competitor,遠雄房地產精選預售屋(台北、新北、台中、桃園、台南、高雄) - 遠雄房地產,/building-category-tag/featured_pre_sale/,5,5,6,1.2,22.6
fb / eh6,fb1-1,遠雄房地產精選預售屋(台北、新北、台中、桃園、台南、高雄) - 遠雄房地產,/building-category-tag/featured_pre_sale/,5,5,6,1.2,13.6
fb / dh2,leads,遠雄房地產精選預售屋(台北、新北、台中、桃園、台南、高雄) - 遠雄房地產,/building-category-tag/featured_pre_sale/,5,5,5,1,44.2
google / cpc,(organic),遠雄房地產精選預售屋(台北、新北、台中、桃園、台南、高雄) - 遠雄房地產,/building-category-tag/featured_pre_sale/page/2/,5,5,8,1.6,35.4
google / organic,(organic),重劃區相關預售屋/新成屋/新建案資料|遠雄房地產,/building-tag/build-tag-plan/,5,5,7,1.4,11
(direct) / (none),(direct),制震宅相關預售屋/新成屋/新建案資料|遠雄房地產,/building-tag/build-tag-quake/,5,5,6,1.2,9.6
google / cpc,(organic),(not set),(not set),5,5,0,0,0
fb / 5vo1,260203,聯上智科｜北士科AI總部 輝達核心軸線 -台北市北投區商辦/預售新建案-預約賞屋，遠創力行銷,/buildings/5vo1/,5,5,5,1,1
ig / social,ig,北士科建案【遠雄明玥】2000坪全街廓只蓋一棟．25-46坪,/buildings/ah1/,5,5,5,1,33.4
ig / paid,120224631795180316,北士科建案【遠雄泱玥】水岸首排．57-75坪,/buildings/ah2/,5,5,5,1,18.6
google_kw / 5vo1,202511,北士科建案【遠雄泱玥】水岸首排．57-75坪,/buildings/ah2/,5,5,5,1,28.8
m.facebook.com / referral,(referral),齊興_緻-台北市北投區/北士科住宅預售屋,/buildings/ar1/,5,5,5,1,2.8
google / cpc,Pmax,齊興_緻-台北市北投區/北士科住宅預售屋,/buildings/ar1/,5,5,6,1.2,35.4
google_kw / h713,(organic),北屯敦富路【遠雄敦富】- 北屯機捷預售屋．近好市多,/buildings/bh10/,5,5,6,1.2,10.2
google_kw / bh10,competitor-farglory,北屯敦富路【遠雄敦富】- 北屯機捷預售屋．近好市多,/buildings/bh10/,5,5,5,1,16.4
google / cpc,corearea0829,北屯敦富路【遠雄敦富】- 北屯機捷預售屋．近好市多,/buildings/bh10/,5,5,6,1.2,56.4
fb / bh10,fbpost20262-6,北屯敦富路【遠雄敦富】- 北屯機捷預售屋．近好市多,/buildings/bh10/,5,5,8,1.6,11.8
google / cpc,20260206-2-4,เปิดตัวโครงการ Farglory เฟส 14: Farglory Fengshang โครงการใหม่ในเขตเป่ยตุน ใกล้ห้างสรรพสินค้า Hanshin Intercontinental,/buildings/bh11/,5,5,1,0.2,10.8
fb / bh11,3-1,遠雄14期首發【遠雄丰尚】北屯新案．近漢神洲際百貨,/buildings/bh11/,5,5,5,1,1.4
google / cpc,BH10-品牌字,遠雄14期首發【遠雄丰尚】北屯新案．近漢神洲際百貨,/buildings/bh11/,5,5,5,1,16.8
socialmedia / bh11,googlemap,遠雄14期首發【遠雄丰尚】北屯新案．近漢神洲際百貨,/buildings/bh11/,5,5,6,1.2,54.8
google / cpc,information1,遠雄14期首發【遠雄丰尚】北屯新案．近漢神洲際百貨,/buildings/bh11/,5,5,5,1,41.8
line / bh5,(not set),遠雄琉蘊 -台中市西屯區七期預售屋/新建案-預約賞屋，遠雄房地產,/buildings/bh5/,5,5,6,1.2,3
fb / bh5,11,遠雄琉蘊 -台中市西屯區七期預售屋/新建案-預約賞屋，遠雄房地產,/buildings/bh5/,5,5,5,1,0
mkto-sn070013.com / referral,(referral),【遠雄樂元】北屯機捷X好市多，雙首排大道最核心，夠近才最好,/buildings/bh7/,5,5,5,1,60.6
google / cpc,BH10-台中區域字,【遠雄樂元】北屯機捷X好市多，雙首排大道最核心，夠近才最好,/buildings/bh7/,5,5,8,1.6,24.6
fb / bh8,fb20-1,台中西屯建案【遠雄洄山行】．2-4房方正格局,/buildings/bh8/,5,5,5,1,3.6
fb / bh8,fb22-2,台中西屯建案【遠雄洄山行】．2-4房方正格局,/buildings/bh8/,5,5,5,1,12.4
google / cpc,BH10-十四期區域字,水湳建案【遠雄綠美】鄰近綠美圖．中央公園預售屋,/buildings/bh9/,5,5,6,1.2,7.2
google / cpc,brand0829,水湳建案【遠雄綠美】鄰近綠美圖．中央公園預售屋,/buildings/bh9/,5,5,6,1.2,28.4
line / ah2-message,(not set),村泉蒔美｜門戶端點 從容跨界｜台北生活最美起點,/buildings/cqh1/,5,5,5,1,29.4
fb / cqh1,fb-33,村泉蒔美｜門戶端點 從容跨界｜台北生活最美起點,/buildings/cqh1/,5,5,6,1.2,24.6
google_kw / cqh1,tamsui,村泉蒔美｜門戶端點 從容跨界｜台北生活最美起點,/buildings/cqh1/,5,5,5,1,2.2
google_kw / dgm1,competitor,大河商爵-台北市士林區廠辦/預售新建案-預約賞屋，遠創力行銷,/buildings/dgm1/,5,5,5,1,0
googlemap / dh1,googlemap,找不到頁面 - 遠雄房地產,/buildings/dh1/,5,5,5,1,8.6
fb / dh2,fb-54,台南永康新建案【遠雄山禾】-鹽行特區．3-4房,/buildings/dh2/,5,5,5,1,4.8
fb / eh1,eh1fb,高雄建案推薦【遠雄峰蘊】- 三民區預售屋．近科工館,/buildings/eh1/,5,5,5,1,10.4
fb / eh2,10-2,遠雄一靚｜楠梓新案．高大特區首發｜早鳥預約中,/buildings/eh2/,5,5,5,1,9.6
fb / eh5,fb12-2,遠雄沐蘊-高雄市三民區預售屋/新建案-預約賞屋,/buildings/eh5/,5,5,5,1,0
fb / eh5,fb20-3,遠雄沐蘊-高雄市三民區預售屋/新建案-預約賞屋,/buildings/eh5/,5,5,5,1,0.4
fb / eh5,fb31-3,遠雄沐蘊-高雄市三民區預售屋/新建案-預約賞屋,/buildings/eh5/,5,5,5,1,9.2
google / cpc,gdn,Farglory Garden | Gerbang Baru Kaohsiung Menuju Nanzi | Bersebelahan dengan Stasiun MRT R21 | Lahan Mewah Seluas 3795 Ping (sekitar 1833 meter persegi),/buildings/eh6/,5,5,1,0.2,7
lm.facebook.com / referral,(referral),遠雄蘴靚｜高雄楠梓新門戶｜捷運R21站旁｜3795坪豪闊基地,/buildings/eh6/,5,5,5,1,44.2
google / cpc,202511,遠雄蘴靚｜高雄楠梓新門戶｜捷運R21站旁｜3795坪豪闊基地,/buildings/eh6/,5,5,10,2,68.4
google / cpc,20260113-12-3,遠雄蘴靚｜高雄楠梓新門戶｜捷運R21站旁｜3795坪豪闊基地,/buildings/eh6/,5,5,15,3,60.6
fgr-line / dh2,20260210,遠雄蘴靚｜高雄楠梓新門戶｜捷運R21站旁｜3795坪豪闊基地,/buildings/eh6/,5,5,6,1.2,56.6
google / cpc,O1_品牌字_2025.0801,遠雄蘴靚｜高雄楠梓新門戶｜捷運R21站旁｜3795坪豪闊基地,/buildings/eh6/,5,5,6,1.2,66.6
google / eh6,dgc,遠雄蘴靚｜高雄楠梓新門戶｜捷運R21站旁｜3795坪豪闊基地,/buildings/eh6/,5,5,5,1,0
google_kw / fh2,banqiao,遠雄合雅｜板橋之心・合院之上｜2~3房．24~66坪,/buildings/fh2/,5,5,5,1,0
line / rsh1,line-lap1-5,遠雄合雅｜板橋之心・合院之上｜2~3房．24~66坪,/buildings/fh2/,5,5,5,1,5.6
fb / fm3,fb5-3,遠雄信義CENTER-新北市板橋區廠辦.商辦/預售新建案-預約賞屋,/buildings/fm3/,5,5,5,1,4.4
fb / h707,26,遠雄星呈-台中市清水區預售屋/新建案-預約賞屋，遠雄房地產,/buildings/h707/,5,5,7,1.4,79.4
fb / h713,105,遠雄幸福成｜即將落成 - 台中市清水區預售/新建案-預約賞屋，遠雄房地產,/buildings/h713/,5,5,5,1,55.4
fb / hm2,20251101,遠雄MetaLink科技園區 | 機捷A7．A8站▕ VIP企業席次開放預約中,/buildings/hm2/,5,5,5,1,0
fb / o1,fb28-1,遠雄THE ONE-高雄市前鎮區新成屋/新建案-預約賞屋,/buildings/o1/,5,5,5,1,3.8
line-lap / fh2,line-lap12-2,若水秧翠｜東京視野・頂埔門牌｜1~3房．20~42坪,/buildings/rsh1/,5,5,5,1,0.2
google / cpc,area,熱銷建案：預售屋、新建案、新成屋 -遠雄房地產,/case/,5,5,5,1,2.8
google / cpc,gdn-3,熱銷建案一覽：遠雄全台預售屋、新建案、新成屋資訊,/case/search/,5,5,8,1.6,31.6
ig / social,ig,熱銷建案一覽：遠雄全台預售屋、新建案、新成屋資訊,/case/search/building-category-tag/134/,5,5,5,1,1
google / cpc,(organic),熱銷建案一覽：遠雄全台預售屋、新建案、新成屋資訊,/case/search/page/4/,5,5,6,1.2,13.8
google / cpc,O1_品牌字_2025.0801,熱銷建案一覽：遠雄全台預售屋、新建案、新成屋資訊,/case/search/sales_status/hot-sale/,5,5,6,1.2,15
(direct) / (none),(direct),買主口碑推薦：遠雄建案、預售屋 -遠雄房地產,/case/wom_recommendation/,5,5,10,2,55.2
google / cpc,pmax,買主口碑推薦：遠雄建案、預售屋 -遠雄房地產,/case/wom_recommendation/,5,5,5,1,1.4
(direct) / (none),(direct),十二月主題報 - 遠雄房地產,/dec2024/,5,5,5,1,3.4
google / organic,(organic),土地增值稅 彙整 - 遠雄房地產,/life-proposal-tag/2、市場/2稅務政策相關/land_value/,5,5,5,1,7.8
fgr-line / fgr,expert_zhu_taiwan-land-scam,地籍異動 彙整 - 遠雄房地產,/life-proposal-tag/3、交易/1購屋流程相關/地籍異動/,5,5,6,1.2,5
(direct) / (none),(direct),高雄「亞灣5G AIoT創新園區」，驅動亞灣區躍昇發展 - 遠雄房地產,/life-proposal/5g-aiot/,5,5,5,1,11.8
(not set),高雄楠梓,建案熱區巡禮：高雄楠梓區高大特區生活圈 - 遠雄房地產,/life-proposal/area-kaohsiung-nanzi_nuk_function_20250211/,5,5,0,0,1.2
mkto-sn070013.com / referral,(referral),漢神巨蛋到位！北屯 11 期坐穩未來新都心 | 建案熱區巡禮 - 遠雄房地產,/life-proposal/area-s-taichung-11_20220916/,5,5,5,1,50.4
news.google.com / referral,(referral),台南中西區運河星鑽特區打造台南曼哈頓 | 建案熱區巡禮 - 遠雄房地產,/life-proposal/area-s-tainan_west-central_diamond_20250425/,5,5,6,1.2,34.8
(direct) / (none),(direct),台南中西區運河星鑽特區坐擁頂級水岸生活圈 | 建案熱區巡禮 - 遠雄房地產,/life-proposal/area-s-tainan_west-central_redevelop_diamond_20250502/,5,5,5,1,8.8
google / organic,(organic),板橋府中與湳雅：古城底蘊與現代都會的「雙城」融合 | 建案熱區巡禮 - 遠雄房地產,/life-proposal/area-s-tph_banqiao_nanya_20240820/,5,5,5,1,60.6
(direct) / (none),(direct),建案熱區巡禮：新北板橋區Tpark科技特區 (遠東通訊園區)生活圈 - 遠雄房地產,/life-proposal/area-s-tph_banqiao_tpark_function_20250314/,5,5,6,1.2,5.2
google / organic,(organic),永康新核心：大灣重劃區生活圈，萬坪綠意下的新富聚落 | 建案熱區巡禮 - 遠雄房地產,/life-proposal/area-tnn-dawan_function_20231129/,5,5,6,1.2,42.2
google / organic,(organic),建案熱區巡禮：北投士林科技園區 - 綠地休憩篇 - 遠雄房地產,/life-proposal/area-tpe-beitou_bstp_park_20240617/,5,5,5,1,5.6
google / organic,(organic),建案熱區巡禮：台中西屯區 - 學區篇 - 遠雄房地產,/life-proposal/area_hotspot_txg_xitun_school_20231115/,5,5,5,1,98
(direct) / (none),(direct),龜山A7重劃區成北北桃生活圈潛力新核心 | 建案熱區巡禮 - 遠雄房地產,/life-proposal/area_taoyuan_guishan_a7_function/,5,5,5,1,12.6
(direct) / (none),(direct),漢神、巨蛋雙引擎，北台中新核心北屯14期 | 建案熱區巡禮 - 遠雄房地產,/life-proposal/area_txg_beitun_14th_function_20250829/,5,5,7,1.4,38.2
google / organic,(organic),小家庭空間重點一次上手 - 客廳篇 - 遠雄房地產,/life-proposal/design_living_room20220907/,5,5,5,1,88.2
youtube / fgr,expert_hoshichang_central-potential,2025年中台灣房市潛力區域專題報導 -10大優質投資區域分析｜何世昌觀點 - 遠雄房地產,/life-proposal/expert_hoshichang_central-potential/,5,5,5,1,1.4
google / organic,(organic),購買預售屋如何選擇好的建商？(上集)｜永然法律不動產專欄 - 遠雄房地產,/life-proposal/expert_law_y-rlee_builder1_20250324/,5,5,5,1,32
google / organic,(organic),2025 年中國經濟關鍵議題分析｜財經M平方觀點 - 遠雄房地產,/life-proposal/expert_macromicro_china-economic_20250120/,5,5,6,1.2,42.2
socialmedia / fgr,ig20251209,[影音] 買房後發現實際面積比權狀縮水，該找誰求償?｜專家觀點地政篇 - 遠雄房地產,/life-proposal/expert_zhu_area-discrepancy_20250827/,5,5,5,1,2.2
google / cpc,(organic),[影音] 預售屋購買注意事項大解析 - 應記載事項與不得記載事項｜專家觀點地政篇 - 遠雄房地產,/life-proposal/expert_zhu_buyhouse_contract1_20240430/,5,5,5,1,64.6
(direct) / (none),(direct),賣房想省稅？別踩房地合一稅虛報裝修陷阱 | 專家觀點地政篇 - 遠雄房地產,/life-proposal/expert_zhu_false-renovation-traps/,5,5,5,1,0.8
(direct) / (none),(direct),專家觀點地政篇：不動產抵押權重點詳解 - 遠雄房地產,/life-proposal/expert_zhu_hypothec_20230815/,5,5,5,1,182.4
socialmedia / fgr,ig20260109,[影音] 地面師詐騙實例解析 - 三招防止房產被冒名過戶｜專家觀點地政篇 - 遠雄房地產,/life-proposal/expert_zhu_taiwan-land-scam/,5,5,5,1,1.8
(direct) / (none),(direct),樓高的秘密解析：樓層高度與淨高如何影響居住品質 - 遠雄房地產,/life-proposal/floor_height/,5,5,6,1.2,28.6
(data not available),(cross-network),贈與稅與遺產稅免稅額解析｜房產贈與、買賣、繼承怎麼選 - 遠雄房地產,/life-proposal/gift_tax/,5,5,9,1.8,121.4
(not set),20260213一輪播,房屋格局圖/平面圖怎麼看？建案平面圖符號教學，讓你秒懂房屋格局避地雷,/life-proposal/house-layout/,5,5,1,0.2,0
line / ah2-message,(not set),遠房實價登錄,/,5,5,5,1,0
google / organic,(organic),高雄景點再+1 預計2023年完工的絕美綠建築【高雄新車站】 - 遠雄房地產,/life-proposal/kaohsiung-station-mecanoo20220610/,5,5,5,1,9.8
bing / organic,(organic),2025 十大建商出爐！買家如何「保蛋黃、挑品牌」？ - 遠雄房地產,/life-proposal/kw_brand_construction_20240109/,5,5,6,1.2,124.2
google / cpc,(organic),交屋看仔細：常見糾紛與買方注意事項 - 遠雄房地產,/life-proposal/kw_delivery_20230607/,5,5,5,1,42.4
bing / organic,(organic),戶籍遷入辦理教學｜買房後戶籍異動流程與準備文件全攻略 - 遠雄房地產,/life-proposal/land_household_registration/,5,5,6,1.2,87.8
fgr-line / fg,mortgage/,買房頭期款不夠怎麼辦？–「首購族看房買屋攻略」 - 遠雄房地產,/life-proposal/mortgage/,5,5,4,0.8,39.4
google / organic,(organic),上有政策下有對策，買房投資招數看過來 - 遠雄房地產,/life-proposal/reduce_property_20221215/,5,5,6,1.2,25.6
google / organic,(organic),掌握美式風格居家4大重點 - 遠雄房地產,/life-proposal/space_deco_us_20221028/,5,5,5,1,36.6
google / organic,(organic),小客廳也能變身大空間！空間魔法大公開！ - 遠雄房地產,/life-proposal/space_furnish_livingroom_20231027/,5,5,5,1,11.2
google / organic,(organic),不動產節稅妙招：該扣就扣不浪費，房貸利息節稅四要件 - 遠雄房地產,/life-proposal/tax_mitigation_mortgage_interest_20220902/,5,5,6,1.2,62.8
(direct) / (none),(direct),購屋知識：買屋流程、稅法貸款指南 -遠雄房地產,/life_proposal/buying_knowledge/,5,5,5,1,3.8
google / organic,(organic),隱私權聲明 - 遠雄房地產,/privacy/,5,5,5,1,2.4
facebook.com / referral,(referral),隱私權聲明 - 遠雄房地產,/privacy/,5,5,5,1,4.4
google / organic,(organic),梁瑞麟業務個人介紹 - 遠雄商用不動產(林口龜山),/sales/HM2/B5624/,5,5,5,1,22.2
google / cpc,202511,陳榮慶業務個人介紹 - 遠雄商用不動產(林口龜山),/sales/HM2/G0798/,5,5,5,1,23
google / organic,(organic),蔡慧祈業務個人介紹 - 遠雄THE ONE,/sales/O1/G1052/,5,5,7,1.4,3.6
(direct) / (none),(direct),林侑立業務個人介紹 - 遠雄樂元,/sales/bh7/G0526/,5,5,5,1,11.2
(direct) / (none),(direct),黃語璇業務個人介紹 - 遠雄樂元,/sales/bh7/G0990/,5,5,5,1,5.4
google / organic,(organic),林育騏業務個人介紹 - 遠雄洄山行,/sales/bh8/G0117/,5,5,5,1,8.2
(direct) / (none),(direct),洪梓芸業務個人介紹 - 遠雄一靚,/sales/eh2/B5986/,5,5,6,1.2,36
fb / eh2,privacy,服務條款暨隱私權聲明 -遠雄房地產,/terms-of-service_and_privacy/,5,5,5,1,9.4
fb / hch1,privacy,服務條款暨隱私權聲明 -遠雄房地產,/terms-of-service_and_privacy/,5,5,6,1.2,28.2
fb / hm2,privacy,服務條款暨隱私權聲明 -遠雄房地產,/terms-of-service_and_privacy/,5,5,5,1,2.6
google / organic,(organic),找不到頁面 - 遠雄房地產,/,4,5,7,1.75,1.5
fb / dh2,fb-46,遠房實價登錄,/,4,5,5,1.25,0
fb / eh6,fb1-1,遠房實價登錄,/,4,5,6,1.5,0
google_kw / bh8,googlemap,遠房實價登錄,/,4,5,7,1.75,6.5
google_kw / cqh1,hongshulin,遠房實價登錄,/,4,5,6,1.5,4.75
leju / ah2,lejupage,遠房實價登錄,/,4,5,7,1.75,0
(not set),台中全區,遠房實價登錄,/,4,5,5,1.25,0
line-lap / ao1,20250226_2-2,遠雄房地產：最懂生活的購屋專家,/,4,5,5,1.25,0
line / bh11,20260206-2-4,遠雄房地產：最懂生活的購屋專家,/,4,5,5,1.25,9.75
web-udn / ao1,2ndfloor,遠雄房地產：最懂生活的購屋專家,/,4,5,5,1.25,3.25
google / cpc,Pmax,遠雄房地產：最懂生活的購屋專家,/,4,5,6,1.5,10.25
fb / eh6,fb1-1,遠雄房地產：最懂生活的購屋專家,/,4,5,9,2.25,2.5
tw.search.yahoo.com / referral,(referral),遠雄房地產精選預售屋(台北、新北、台中、桃園、台南、高雄) - 遠雄房地產,/building-category-tag/featured_pre_sale/,4,5,5,1.25,27
google_kw / 5vo1,202511,遠雄房地產精選預售屋(台北、新北、台中、桃園、台南、高雄) - 遠雄房地產,/building-category-tag/featured_pre_sale/,4,5,5,1.25,11
google / cpc,20260206-2-4,遠雄房地產精選預售屋(台北、新北、台中、桃園、台南、高雄) - 遠雄房地產,/building-category-tag/featured_pre_sale/,4,5,6,1.5,22.5
google / cpc,(organic),景觀宅 彙整 - 遠雄房地產,/building-tag/景觀宅/,4,5,4,1,17.25
google / organic,(organic),熱銷建案 彙整 - 遠雄房地產,/buildings/,4,5,5,1.25,10.75
pmp / ah1,avivid-1,北士科建案【远雄明玥】2000坪全街廓只盖一栋． 25-46坪,/buildings/ah1/,4,5,1,0.25,24
(not set),20260213一輪播,北士科建案【遠雄泱玥】水岸首排．57-75坪,/buildings/ah2/,4,5,4,1,56.5
google_kw / bh10,information6,北屯敦富路【遠雄敦富】- 北屯機捷預售屋．近好市多,/buildings/bh10/,4,5,4,1,13.5
web-cnyes / bh11,2601,遠雄14期首發【遠雄丰尚】北屯新案．近漢神洲際百貨,/buildings/bh11/,4,5,6,1.5,14
tw.search.yahoo.com / referral,(referral),台中西屯建案【遠雄洄山行】．2-4房方正格局,/buildings/bh8/,4,5,5,1.25,169.5
(not set),(not set),村泉蒔美｜門戶端點 從容跨界｜台北生活最美起點,/buildings/cqh1/,4,5,1,0.25,2
google_kw / cqh1,hongshulin,村泉蒔美｜門戶端點 從容跨界｜台北生活最美起點,/buildings/cqh1/,4,5,6,1.5,38.25
line-lap / dh2,4,台南永康新建案【遠雄山禾】-鹽行特區．3-4房,/buildings/dh2/,4,5,5,1.25,0
bing / organic,(organic),高雄建案推薦【遠雄峰蘊】- 三民區預售屋．近科工館,/buildings/eh1/,4,5,5,1.25,59.25
google / cpc,type,高雄建案推薦【遠雄峰蘊】- 三民區預售屋．近科工館,/buildings/eh1/,4,5,5,1.25,59
fg / eh2,googlemap,遠雄一靚｜楠梓新案．高大特區首發｜早鳥預約中,/buildings/eh2/,4,5,4,1,65.5
google / cpc,(organic),"Farglory Star Residences - Pre-sale/New Construction Projects in Qingshui District, Taichung City - Schedule a Viewing, Farglory Real Estate",/buildings/h707/,4,5,1,0.25,68
(not set),20251230一輪播,遠雄星呈-台中市清水區預售屋/新建案-預約賞屋，遠雄房地產,/buildings/h707/,4,5,6,1.5,27.25
google / cpc,(organic),遠雄MetaLink科技園區 | 機捷A7．A8站▕ VIP企業席次開放預約中,/buildings/hm2/,4,5,6,1.5,20.25
fb / o1,fb27-5,遠雄THE ONE-高雄市前鎮區新成屋/新建案-預約賞屋,/buildings/o1/,4,5,4,1,90.25
fgr-line / ah2,20260210,若水秧翠｜東京視野・頂埔門牌｜1~3房．20~42坪,/buildings/rsh1/,4,5,9,2.25,24.25
(not set),20260213一輪播,熱銷建案：預售屋、新建案、新成屋 -遠雄房地產,/case/,4,5,5,1.25,1.25
farglory-land.com.tw / referral,(referral),熱銷建案一覽：遠雄全台預售屋、新建案、新成屋資訊,/case/search/,4,5,9,2.25,18.25
google / cpc,com,熱銷建案一覽：遠雄全台預售屋、新建案、新成屋資訊,/case/search/,4,5,16,4,44
fb / eh6,fb1-1,熱銷建案一覽：遠雄全台預售屋、新建案、新成屋資訊,/case/search/,4,5,6,1.5,17.5
google / organic,(organic),遠雄菁英分享 - 遠雄房地產,/contact_service/elite_sharing/,4,5,6,1.5,13
google / organic,(organic),建案熱區巡禮：為何首購族選擇北屯？交通、建設與重劃區一次看懂 - 遠雄房地產,/life-proposal/area-l-taichung-beitun20220520/,4,5,5,1.25,33.25
(not set),高雄新灣,5G AIoT 產能爆發！亞洲新灣區翻轉高雄，型塑智慧港灣豪宅聚落 | 建案熱區巡禮 - 遠雄房地產,/life-proposal/area-s-kaohsiung-newbay_20220824/,4,5,1,0.25,11
google / organic,(organic),建案熱區巡禮：第二個美術館特區-高雄三民中都重劃區 - 遠雄房地產,/life-proposal/area-s-khh-central_20240502/,4,5,5,1.25,63.5
(not set),台南全區,台南預售屋全攻略：最新行情、熱門區域房價與建案挑選祕訣 - 遠雄房地產,/life-proposal/area_presold-house-in-tainan/,4,5,1,0.25,0
tw.search.yahoo.com / referral,(referral),龜山A7重劃區成北北桃生活圈潛力新核心 | 建案熱區巡禮 - 遠雄房地產,/life-proposal/area_taoyuan_guishan_a7_function/,4,5,5,1.25,138.25
google / cpc,(organic),2026年預售市場一針見血的銷售與購買策略｜李同榮觀點 - 遠雄房地產,/life-proposal/expert_li_2026-housing-tips/,4,5,4,1,191.25
google / organic,(organic),Al新十大建設對未來房市的具體影響｜李同榮觀點 - 遠雄房地產,/life-proposal/expert_li_ai-projects_20250715/,4,5,6,1.5,401
(direct) / (none),(direct),[影音] 豪宅稅跟你也有關係：有房族注意！2025豪宅稅新門檻上路｜專家觀點地政篇 - 遠雄房地產,/life-proposal/expert_zhu_mansion-tax-definition_vedio_20250523/,4,5,4,1,4.75
line-lap / bh10,line-lap202511-6,預售屋簽約必看！解析專有與約定專用，避開產權陷阱 | 專家觀點地政篇 - 遠雄房地產,/life-proposal/expert_zhu_pre-sale-house-property-rights/,4,5,5,1.25,37.75
google / cpc,(organic),我該購買預售屋還是成屋？｜專家觀點地政篇 - 遠雄房地產,/life-proposal/expert_zhu_presale_20230314/,4,5,5,1.25,74
(direct) / (none),(direct),親屬間不動產交易的稅務優化策略與案例解析｜專家觀點地政篇 - 遠雄房地產,/life-proposal/expert_zhu_second-degree_20250321/,4,5,6,1.5,7.25
google / organic,(organic),降低遺產稅怎麼做？遺產稅節稅規劃攻略｜專家觀點地政篇 - 遠雄房地產,/life-proposal/expert_zhu_tax_inheritance_vedio_20240327/,4,5,4,1,46.75
google / organic,(organic),購買預售屋注意事項 - 遠雄房地產,/life-proposal/notice_20230331/,4,5,5,1.25,119
google / organic,(organic),實用寵物宅設計巧思：打造與毛小孩共居的舒適空間！ - 遠雄房地產,/life-proposal/space_pets_20230130/,4,5,5,1.25,38.25
google / organic,(organic),全齡通用宅打造友善居住環境：住家出入口篇(上篇) - 遠雄房地產,/life-proposal/universal-design-home1-20220722/,4,5,5,1.25,36.5
google / organic,(organic),不動產估價管道有哪些？ - 遠雄房地產,/life-proposal/value_estimation_of_property_20221014/,4,5,4,1,29.5
google / cpc,RSH1-品牌字,預約賞屋手機驗證 - 遠雄房地產,/mob_verify/,4,5,5,1.25,16.5
google / cpc,202602,隱私權聲明 - 遠雄房地產,/privacy/,4,5,6,1.5,61
line-lap / eh2,20260204B,隱私權聲明 - 遠雄房地產,/privacy/,4,5,6,1.5,52.75
google / organic,(organic),黃郁恬業務個人介紹 - 遠雄丰尚,/sales/bh11/G0335/,4,5,4,1,9.75
(direct) / (none),(direct),林育騏業務個人介紹 - 遠雄洄山行,/sales/bh8/G0117/,4,5,6,1.5,22
line-lap / eh2,20260204B,洪梓芸業務個人介紹 - 遠雄一靚,/sales/eh2/B5986/,4,5,5,1.25,29
sms / aep-cdp,CRM-001-D,遠房實價登錄,/,3,5,12,4,0
dgc / eh2,20250901,遠雄一靚｜楠梓新案．高大特區首發｜早鳥預約中,/buildings/eh2/,3,5,5,1.6666666666666667,4
fb / fh2,fb12-1,遠雄合雅｜板橋之心・合院之上｜2~3房．24~66坪,/buildings/fh2/,3,5,4,1.3333333333333333,49.666666666666664
google / cpc,dgc,遠雄信義CENTER-新北市板橋區廠辦.商辦/預售新建案-預約賞屋,/buildings/fm3/,3,5,5,1.6666666666666667,0
line-lap / H713,2022509,遠雄幸福成｜即將落成 - 台中市清水區預售/新建案-預約賞屋，遠雄房地產,/buildings/h713/,3,5,8,2.6666666666666665,0.3333333333333333
google / organic,(organic),選擇性信用管制 彙整 - 遠雄房地產,/life-proposal-tag/policy/選擇性信用管制-policy/,3,5,3,1,4.666666666666667
google / organic,(organic),智慧宅風潮來襲，AI讓家變聰明 - 遠雄房地產,/life-proposal/ai_property_20230327/,3,5,3,1,26.666666666666668
(not set),高雄楠梓,高雄楠梓區高大特區生活圈 | 建案熱區巡禮 - 遠雄房地產,/life-proposal/area-kaohsiung-nanzi_nuk_function_20250211/,3,5,0,0,0
(not set),北投士林,建案熱區巡禮：北士科的園區規畫與在地生活圈！科技廊道最後一塊拼圖將完整 - 遠雄房地產,/life-proposal/area-s-taipei-shilinbstp20220520/,3,5,2,0.6666666666666666,150.66666666666666
google / organic,(organic),2024年房市為前高後低態勢、2025年將進入調整階段｜劉佩真觀點 - 遠雄房地產,/life-proposal/expert_peizhen_2024review_20250107/,3,5,3,1,86.33333333333333
google / cpc,(not set),繼承房產兄弟姊妹吵翻天？遺囑、登記與分配機制一次講清楚｜專家觀點地政篇 - 遠雄房地產,/life-proposal/expert_zhu_inherit-siblings_20250704/,3,5,5,1.6666666666666667,14.333333333333334
uptogo.com.tw / referral,(referral),自用住宅免稅400萬怎麼申請？「持有、設籍、實住」3點不能忽略 | 專家觀點地政篇 - 遠雄房地產,/life-proposal/expert_zhu_ownership-criteria/,3,5,4,1.3333333333333333,318.6666666666667
reurl.cc / referral,(referral),六都交易量比重衝高：從買賣移轉棟數看見房市的弦外之音｜何世昌觀點 - 遠雄房地產,/life-proposal/housing-transactions/,3,5,4,1.3333333333333333,8.666666666666666
(not set),20251230一輪播,2025 十大建商出爐！買家如何「保蛋黃、挑品牌」？ - 遠雄房地產,/life-proposal/kw_brand_construction_20240109/,3,5,4,1.3333333333333333,40.666666666666664
google / organic,(organic),小宅當道！入手小坪數產品注意事項 - 遠雄房地產,/life-proposal/small_property_20221007/,3,5,3,1,23
google / cpc,gdn,遠雄房地產：最懂生活的購屋專家,/,2,5,5,2.5,28.5
(not set),20260213一輪播,來遠雄合雅一起HOYA(好野)過好年！ - 遠雄房地產,/activity-report/來遠雄合雅一起hoya好野過好年！/,2,5,4,2,42
(data not available),(cross-network),聯上智科｜北士科AI總部 輝達核心軸線 -台北市北投區商辦/預售新建案-預約賞屋，遠創力行銷,/buildings/5vo1/,2,5,6,3,0
google / cpc,gdn-02,聯上智科｜北士科AI總部 輝達核心軸線 -台北市北投區商辦/預售新建案-預約賞屋，遠創力行銷,/buildings/5vo1/,2,5,5,2.5,0
google / cpc,202601,北士科建案【遠雄泱玥】水岸首排．57-75坪,/buildings/ah2/,2,5,6,3,216.5
line-lap / bh9,lap-5,水湳建案【遠雄綠美】鄰近綠美圖．中央公園預售屋,/buildings/bh9/,2,5,5,2.5,0
google_kw / dgm1,information1,大河商爵-台北市士林區廠辦/預售新建案-預約賞屋，遠創力行銷,/buildings/dgm1/,2,5,5,2.5,2.5
google_kw / eh5,廣告活動,遠雄沐蘊-高雄市三民區預售屋/新建案-預約賞屋,/buildings/eh5/,2,5,4,2,77.5
google / organic,(organic),(1) 封未讀訊息 | 遠雄合雅｜板橋之心・合院之上｜2~3房．24~66坪,/buildings/fh2/,2,5,0,0,21
line-lap / H713,202301032,遠雄幸福成｜即將落成 - 台中市清水區預售/新建案-預約賞屋，遠雄房地產,/buildings/h713/,2,5,5,2.5,0
bing / organic,(organic),世界造鎮推手‧遠雄譜寫台灣經濟奇蹟-遠雄房地產,/farglory-realty-about/push-hand/,2,5,6,3,263
(direct) / (none),(direct),遠雄幸福成-台中市清水區預售屋/新建案-預約賞屋，遠雄房地產,/gc_farbear/buildings/eh1/,2,5,15,7.5,38.5
google / organic,(organic),加入遠雄 築夢齊飛！-遠雄房地產,/join_farglory/,2,5,3,1.5,8.5
google / cpc,(organic),合資買房如何保障自身權益？｜專家觀點地政篇 - 遠雄房地產,/life-proposal/expert_zhu_buyhouse_joint_20240117/,2,5,4,2,86
tagassistant.google.com / referral,(referral),預約成功 - 遠雄房地產,/預約成功感謝頁/,2,5,4,2,6.5
(not set),桃園桃園,遠房實價登錄,/,1,5,9,9,0
fb / fm3,news0108,遠雄房地產：最懂生活的購屋專家,/,1,5,9,9,39
socialmedia / fh2,fbfh2info,遠雄敦富新春不打烊．萬千寵愛．禮遇富足 - 遠雄房地產,/activity-report/遠雄敦富新春不打烊．萬千寵愛．禮遇富足/,1,5,29,29,386
socialmedia / fh2,fbfh2info,活動一覽：建案活動與會員好禮 -遠雄房地產,/activity_report/activities_glance/,1,5,10,10,75
webnews / h707,20260116,北士科建案【遠雄明玥】2000坪全街廓只蓋一棟．25-46坪,/buildings/ah1/,1,5,32,32,750
sms / aep-cdp,CRM-001-D,【遠雄樂元】北屯機捷X好市多，雙首排大道最核心，夠近才最好,/buildings/bh7/,1,5,7,7,112
(not set),高雄全區,高雄建案推薦【遠雄峰蘊】- 三民區預售屋．近科工館,/buildings/eh1/,1,5,4,4,40
(not set),台中全區,遠雄信義CENTER-新北市板橋區廠辦.商辦/預售新建案-預約賞屋,/buildings/fm3/,1,5,2,2,54
youtube / fgr,expert_zhu_video_buy-vs-gift,熱銷建案一覽：遠雄全台預售屋、新建案、新成屋資訊,/case/search/,1,5,6,6,46
(not set),高雄楠梓,專家觀點：解析房市動向與購屋建議 -遠雄房地產,/life_proposal/experts_point/,1,5,5,5,33
(not set),20260213一輪播,林怡業務個人介紹 - 遠雄敦富,/sales/bh10/B5578/,1,5,4,4,19
(not set),20260213一輪播,李心心業務個人介紹 - 遠雄敦富,/sales/bh10/G0599/,1,5,4,4,4
google / organic,(organic),不動產節稅妙招：房地合一合法節稅 - 遠雄房地產,/life-proposal/house_and_land_20220909/,5,5,5,1,31.2
google / cpc,Pmax,熱銷建案：預售屋、新建案、新成屋 -遠雄房地產,/case/,4,4,5,1.25,20.5
(not set),20260213一輪播,王庭歡業務個人介紹 - 遠雄敦富,/sales/bh10/G1057/,1,4,2,2,141
line / h713,(not set),遠房實價登錄,/,4,4,4,1,0
chatgpt.com / referral,(referral),遠房實價登錄,/,4,4,5,1.25,0
fb / fm3,1-2,遠房實價登錄,/,4,4,4,1,0
fb / bh5,11,遠房實價登錄,/,4,4,4,1,0
ig / paid,120224631795180316,遠房實價登錄,/,4,4,4,1,0
ig / paid,120241218501380402,遠房實價登錄,/,4,4,4,1,0
fb / bh7,14-1,遠房實價登錄,/,4,4,4,1,0
fb / bh5,2,遠房實價登錄,/,4,4,4,1,0
google_kw / BH8,20240816_台中水湳,遠房實價登錄,/,4,4,5,1.25,3.75
fb / o1,20250422_17-3,遠房實價登錄,/,4,4,4,1,0
line-lap / eh2,20251209,遠房實價登錄,/,4,4,4,1,0
fgr-line / ah2,20260210,遠房實價登錄,/,4,4,4,1,0
fb / bh9,41,遠房實價登錄,/,4,4,4,1,0
fb / bh9,5,遠房實價登錄,/,4,4,4,1,0
fb / bh9,8,遠房實價登錄,/,4,4,4,1,0
aDq / IL5,fNOlrF-3,遠房實價登錄,/,4,4,4,1,0
fb / ah1,fb-4,遠房實價登錄,/,4,4,5,1.25,0
fb / dh2,fb-51,遠房實價登錄,/,4,4,4,1,0
fb / dh2,fb-54,遠房實價登錄,/,4,4,4,1,0
fb / dh2,fb-activity0104,遠房實價登錄,/,4,4,4,1,0
fb / bh8,fb11-2,遠房實價登錄,/,4,4,4,1,0
fb / bh8,fb16-1,遠房實價登錄,/,4,4,4,1,0
fb / bh8,fb17-1,遠房實價登錄,/,4,4,4,1,0
fb / bh8,fb18-1,遠房實價登錄,/,4,4,4,1,0
fb / eh1,fb202512-3,遠房實價登錄,/,4,4,4,1,0
fb / bh10,fb20262-1,遠房實價登錄,/,4,4,4,1,0
fb / bh10,fb20262-3,遠房實價登錄,/,4,4,4,1,0
fb / o1,fb27-2,遠房實價登錄,/,4,4,4,1,0
fb / o1,fb27-5,遠房實價登錄,/,4,4,4,1,0
google_kw / bh7,googlemap,遠房實價登錄,/,4,4,4,1,0
line-lap / cqh1,lap-3,遠房實價登錄,/,4,4,5,1.25,0
line / rsh1,lineqa,遠房實價登錄,/,4,4,4,1,0
google / cpc,pmax,遠房實價登錄,/,4,4,11,2.75,0
google / cpc,type,遠房實價登錄,/,4,4,5,1.25,0
google / cpc,(not set),遠雄房地產：最懂生活的購屋專家,/,4,4,6,1.5,2.25
google / cpc,202511,遠雄房地產：最懂生活的購屋專家,/,4,4,4,1,4
google / cpc,CQH1-買房字,遠雄房地產：最懂生活的購屋專家,/,4,4,7,1.75,9.25
google / cpc,O1_品牌字_2025.0801,遠雄房地產：最懂生活的購屋專家,/,4,4,5,1.25,25.25
google / cpc,O1_地區字_2025.0801,遠雄房地產：最懂生活的購屋專家,/,4,4,5,1.25,17
fb / h109,fbpost-1-5,遠雄房地產：最懂生活的購屋專家,/,4,4,4,1,1.75
line-lap / fh2,line-lap12-2,遠雄房地產：最懂生活的購屋專家,/,4,4,4,1,17.75
google / cpc,project,遠雄房地產：最懂生活的購屋專家,/,4,4,4,1,3.25
tw.search.yahoo.com / referral,(referral),遠雄仰森,/HH3/main,4,4,4,1,26.75
google / organic,(organic),案場活動 彙整 - 遠雄房地產,/activity-report-category/activities_glance/activities_glance_list/ag_case_activities/,4,4,5,1.25,11.75
fgr-line / cqh1,20260210,來遠雄合雅一起HOYA(好野)過好年！ - 遠雄房地產,/activity-report/來遠雄合雅一起hoya好野過好年！/,4,4,10,2.5,16
fgr-line / cqh1,20260210,遠雄山禾 🌸山禾花開．新春好時光🌸 - 遠雄房地產,/activity-report/遠雄山禾-🌸山禾花開．新春好時光🌸/,4,4,5,1.25,21.5
fgr-line / bh7,20260210,遠雄幸福成 ✨ 春啟馬年 幸福成章 ✨ - 遠雄房地產,/activity-report/遠雄幸福成-✨-春啟馬年-幸福成章-✨/,4,4,5,1.25,15
(direct) / (none),(direct),遠雄敦富新春不打烊．萬千寵愛．禮遇富足 - 遠雄房地產,/activity-report/遠雄敦富新春不打烊．萬千寵愛．禮遇富足/,4,4,6,1.5,5
statics.teams.cdn.office.net / referral,(referral),遠雄敦富新春不打烊．萬千寵愛．禮遇富足 - 遠雄房地產,/activity-report/遠雄敦富新春不打烊．萬千寵愛．禮遇富足/,4,4,5,1.25,11.5
fgr-line / h707,20260210,遠雄敦富新春不打烊．萬千寵愛．禮遇富足 - 遠雄房地產,/activity-report/遠雄敦富新春不打烊．萬千寵愛．禮遇富足/,4,4,6,1.5,6.25
(direct) / (none),(direct),遠雄星呈🐴駿年好運到．行館新歲時 - 遠雄房地產,/activity-report/遠雄星呈🐴駿年好運到．行館新歲時/,4,4,4,1,54.5
fgr-line / cqh1,20260210,遠雄泱玥 圍爐煮茶．曉光迎福 - 遠雄房地產,/activity-report/遠雄泱玥-圍爐煮茶．曉光迎福/,4,4,7,1.75,17
fgr-line / dh2,20260210,遠雄泱玥 圍爐煮茶．曉光迎福 - 遠雄房地產,/activity-report/遠雄泱玥-圍爐煮茶．曉光迎福/,4,4,4,1,6.5
google / cpc,(organic),活動報報：最新活動一覽與公告資訊 -遠雄房地產,/activity_report/,4,4,4,1,4.5
(direct) / (none),(direct),遠雄泱玥 | 水岸正首席．北士科首獻｜57-75坪-鄭家昇-遠雄房地產 Farglory-Realty,/ah2/B5805,4,4,5,1.25,1.75
google / organic,(organic),遠雄房地產精選成屋(台北、新北、台中、桃園、台南、高雄) - 遠雄房地產,/building-category-tag/featured_existing_house/,4,4,8,2,9
google / organic,(organic),精選廠辦 相關預售屋/新成屋/新建案資料|遠雄房地產,/building-category-tag/featured_factory_office/,4,4,5,1.25,10
google / cpc,DGM1-核心字,精選廠辦 相關預售屋/新成屋/新建案資料|遠雄房地產,/building-category-tag/featured_factory_office/,4,4,5,1.25,11
line-lap / bh5,(referral),遠雄房地產精選預售屋(台北、新北、台中、桃園、台南、高雄) - 遠雄房地產,/building-category-tag/featured_pre_sale/,4,4,4,1,15.75
fb / paid,120238384775810537,遠雄房地產精選預售屋(台北、新北、台中、桃園、台南、高雄) - 遠雄房地產,/building-category-tag/featured_pre_sale/,4,4,5,1.25,29.5
google_kw / BH8,20240816_品牌字,遠雄房地產精選預售屋(台北、新北、台中、桃園、台南、高雄) - 遠雄房地產,/building-category-tag/featured_pre_sale/,4,4,5,1.25,11.25
line-lap / eh2,20260204A,遠雄房地產精選預售屋(台北、新北、台中、桃園、台南、高雄) - 遠雄房地產,/building-category-tag/featured_pre_sale/,4,4,4,1,30
fgr-line / bh8,20260207,遠雄房地產精選預售屋(台北、新北、台中、桃園、台南、高雄) - 遠雄房地產,/building-category-tag/featured_pre_sale/,4,4,6,1.5,36.75
fgr-line / ah1,20260220,遠雄房地產精選預售屋(台北、新北、台中、桃園、台南、高雄) - 遠雄房地產,/building-category-tag/featured_pre_sale/,4,4,4,1,21.5
google / cpc,BH10-十四期區域字,遠雄房地產精選預售屋(台北、新北、台中、桃園、台南、高雄) - 遠雄房地產,/building-category-tag/featured_pre_sale/,4,4,4,1,47.25
google / cpc,RSH1-買房字,遠雄房地產精選預售屋(台北、新北、台中、桃園、台南、高雄) - 遠雄房地產,/building-category-tag/featured_pre_sale/,4,4,6,1.5,8
fb / eh6,fb2-3,遠雄房地產精選預售屋(台北、新北、台中、桃園、台南、高雄) - 遠雄房地產,/building-category-tag/featured_pre_sale/,4,4,4,1,20.5
fb / bh8,fb25-4,遠雄房地產精選預售屋(台北、新北、台中、桃園、台南、高雄) - 遠雄房地產,/building-category-tag/featured_pre_sale/,4,4,6,1.5,39.25
fb / eh6,form,遠雄房地產精選預售屋(台北、新北、台中、桃園、台南、高雄) - 遠雄房地產,/building-category-tag/featured_pre_sale/,4,4,4,1,24.75
line-lap / fh2,line-lap12-3,遠雄房地產精選預售屋(台北、新北、台中、桃園、台南、高雄) - 遠雄房地產,/building-category-tag/featured_pre_sale/,4,4,4,1,11.75
google / cpc,pmax,遠雄房地產精選預售屋(台北、新北、台中、桃園、台南、高雄) - 遠雄房地產,/building-category-tag/featured_pre_sale/,4,4,5,1.25,5.75
google / cpc,type,遠雄房地產精選預售屋(台北、新北、台中、桃園、台南、高雄) - 遠雄房地產,/building-category-tag/featured_pre_sale/,4,4,3,0.75,13.25
google / cpc,brand,遠雄房地產精選預售屋(台北、新北、台中、桃園、台南、高雄) - 遠雄房地產,/building-category-tag/featured_pre_sale/page/2/,4,4,8,2,21
(direct) / (none),(direct),都會區相關預售屋/新成屋/新建案資料|遠雄房地產,/building-tag/build-tag-city/,4,4,4,1,8.25
google / organic,(organic),都會區相關預售屋/新成屋/新建案資料|遠雄房地產,/building-tag/build-tag-city/,4,4,5,1.25,9.75
(direct) / (none),(direct),學區宅相關預售屋/新成屋/新建案資料|遠雄房地產,/building-tag/build-tag-school/,4,4,5,1.25,8
(direct) / (none),(direct),招待會所 彙整 - 遠雄房地產,/building-tag/招待會所/,4,4,4,1,2.5
taboola / referral,2601-3,聯上智科｜北士科AI總部 輝達核心軸線 -台北市北投區商辦/預售新建案-預約賞屋，遠創力行銷,/buildings/5vo1/,4,4,4,1,1
google_kw / BH8,20240816_台中水湳,台中西屯建案【遠雄洄山行】．2-4房方正格局,/buildings/BH8/,4,4,5,1.25,21.5
lm.facebook.com / referral,(referral),北士科建案【遠雄明玥】2000坪全街廓只蓋一棟．25-46坪,/buildings/ah1/,4,4,5,1.25,10.5
(not set),20251209一輪播,北士科建案【遠雄明玥】2000坪全街廓只蓋一棟．25-46坪,/buildings/ah1/,4,4,4,1,12
(not set),20251230一輪播,北士科建案【遠雄明玥】2000坪全街廓只蓋一棟．25-46坪,/buildings/ah1/,4,4,4,1,21.25
aDq / IL5,fNOlrF-3,北士科建案【遠雄明玥】2000坪全街廓只蓋一棟．25-46坪,/buildings/ah1/,4,4,4,1,0
fb / ah1,fb-4,北士科建案【遠雄明玥】2000坪全街廓只蓋一棟．25-46坪,/buildings/ah1/,4,4,5,1.25,8.25
bing / organic,(organic),北士科建案【遠雄泱玥】水岸首排．57-75坪,/buildings/ah2/,4,4,5,1.25,36.25
lm.facebook.com / referral,(referral),北士科建案【遠雄泱玥】水岸首排．57-75坪,/buildings/ah2/,4,4,4,1,32.25
tw.search.yahoo.com / referral,(referral),北士科建案【遠雄泱玥】水岸首排．57-75坪,/buildings/ah2/,4,4,4,1,28.25
(direct) / (none),(direct),找不到頁面 - 遠雄房地產,/buildings/ao1/,4,4,5,1.25,0.5
google / cpc,20250616_台北豪宅/別墅,Qi Xing - Taipei City Beitou District/Beishike Pre-sale Residential Buildings,/buildings/ar1/,4,4,0,0,8.5
google / cpc,gdn,齊興_緻-台北市北投區/北士科住宅預售屋,/buildings/ar1/,4,4,6,1.5,0
line / rsh1,line-lap1-4,齊興_緻-台北市北投區/北士科住宅預售屋,/buildings/ar1/,4,4,5,1.25,72.5
bing / organic,(organic),北屯敦富路【遠雄敦富】- 北屯機捷預售屋．近好市多,/buildings/bh10/,4,4,5,1.25,113
tw.search.yahoo.com / referral,(referral),北屯敦富路【遠雄敦富】- 北屯機捷預售屋．近好市多,/buildings/bh10/,4,4,5,1.25,124.5
(not set),20251231一輪播,北屯敦富路【遠雄敦富】- 北屯機捷預售屋．近好市多,/buildings/bh10/,4,4,7,1.75,11
fb / bh9,39,北屯敦富路【遠雄敦富】- 北屯機捷預售屋．近好市多,/buildings/bh10/,4,4,6,1.5,6.25
fb / bh10,fb20262-1,北屯敦富路【遠雄敦富】- 北屯機捷預售屋．近好市多,/buildings/bh10/,4,4,4,1,11
fb / bh10,fb20262-3,北屯敦富路【遠雄敦富】- 北屯機捷預售屋．近好市多,/buildings/bh10/,4,4,4,1,5
fb / bh7,fbpage,北屯敦富路【遠雄敦富】- 北屯機捷預售屋．近好市多,/buildings/bh10/,4,4,4,1,14.25
google / cpc,20260113-12-3,"Farglory Phase 14 Launch: Farglory Fengshang, a new project in Beitun, near Hanshin Intercontinental Department Store.",/buildings/bh11/,4,4,2,0.5,16.75
google_kw / bh11,landmark0829,遠雄14期首發【遠雄丰尚】北屯新案．近漢神洲際百貨,/buildings/bh11/,4,4,4,1,0
google_kw / h713,(organic),遠雄琉蘊 -台中市西屯區七期預售屋/新建案-預約賞屋，遠雄房地產,/buildings/bh5/,4,4,5,1.25,22.25
fb / bh5,2,遠雄琉蘊 -台中市西屯區七期預售屋/新建案-預約賞屋，遠雄房地產,/buildings/bh5/,4,4,4,1,2
facebook.com / referral,(referral),【遠雄樂元】北屯機捷X好市多，雙首排大道最核心，夠近才最好,/buildings/bh7/,4,4,4,1,0.5
(data not available),(cross-network),台中西屯建案【遠雄洄山行】．2-4房方正格局,/buildings/bh8/,4,4,4,1,48.5
google_kw / h713,(organic),台中西屯建案【遠雄洄山行】．2-4房方正格局,/buildings/bh8/,4,4,5,1.25,84
line / bh8,20240826,台中西屯建案【遠雄洄山行】．2-4房方正格局,/buildings/bh8/,4,4,4,1,0
fb / bh8,fb11-2,台中西屯建案【遠雄洄山行】．2-4房方正格局,/buildings/bh8/,4,4,4,1,5.25
fb / bh8,fb16-1,台中西屯建案【遠雄洄山行】．2-4房方正格局,/buildings/bh8/,4,4,4,1,8.5
fb / bh8,fb17-1,台中西屯建案【遠雄洄山行】．2-4房方正格局,/buildings/bh8/,4,4,4,1,0.75
fb / bh8,fb18-1,台中西屯建案【遠雄洄山行】．2-4房方正格局,/buildings/bh8/,4,4,4,1,3
google / cpc,20260213一輪播,水湳建案【遠雄綠美】鄰近綠美圖．中央公園預售屋,/buildings/bh9/,4,4,4,1,25.25
fb / bh9,41,水湳建案【遠雄綠美】鄰近綠美圖．中央公園預售屋,/buildings/bh9/,4,4,4,1,22.25
fb / bh9,5,水湳建案【遠雄綠美】鄰近綠美圖．中央公園預售屋,/buildings/bh9/,4,4,4,1,0.25
fb / bh9,8,水湳建案【遠雄綠美】鄰近綠美圖．中央公園預售屋,/buildings/bh9/,4,4,4,1,1.25
google / cpc,Otherarea0829,水湳建案【遠雄綠美】鄰近綠美圖．中央公園預售屋,/buildings/bh9/,4,4,4,1,69.5
google / cpc,beitun,水湳建案【遠雄綠美】鄰近綠美圖．中央公園預售屋,/buildings/bh9/,4,4,4,1,14
google / cpc,brand,水湳建案【遠雄綠美】鄰近綠美圖．中央公園預售屋,/buildings/bh9/,4,4,5,1.25,8
line-lap / bh10,line-lap202511-6,水湳建案【遠雄綠美】鄰近綠美圖．中央公園預售屋,/buildings/bh9/,4,4,5,1.25,13.5
m.facebook.com / referral,(referral),村泉蒔美｜門戶端點 從容跨界｜台北生活最美起點,/buildings/cqh1/,4,4,4,1,0.75
fb / dgm1,fb12-6,大河商爵-台北市士林區廠辦/預售新建案-預約賞屋，遠創力行銷,/buildings/dgm1/,4,4,4,1,0
line-lap / dh2,5,台南永康新建案【遠雄山禾】-鹽行特區．3-4房,/buildings/dh2/,4,4,5,1.25,0
google / cpc,area,台南永康新建案【遠雄山禾】-鹽行特區．3-4房,/buildings/dh2/,4,4,6,1.5,21.5
fb / dh2,fb-51,台南永康新建案【遠雄山禾】-鹽行特區．3-4房,/buildings/dh2/,4,4,4,1,80.25
fb / dh2,fb-activity0104,台南永康新建案【遠雄山禾】-鹽行特區．3-4房,/buildings/dh2/,4,4,4,1,6.75
google / cpc,com,高雄建案推薦【遠雄峰蘊】- 三民區預售屋．近科工館,/buildings/eh1/,4,4,4,1,39.25
fb / eh1,fb202512-3,高雄建案推薦【遠雄峰蘊】- 三民區預售屋．近科工館,/buildings/eh1/,4,4,4,1,1.5
fb / eh5,fb31-1,高雄建案推薦【遠雄峰蘊】- 三民區預售屋．近科工館,/buildings/eh1/,4,4,4,1,10.75
fb / eh1,fbfanpage0116,高雄建案推薦【遠雄峰蘊】- 三民區預售屋．近科工館,/buildings/eh1/,4,4,5,1.25,26.5
fb / eh1,fbfanpage0123,高雄建案推薦【遠雄峰蘊】- 三民區預售屋．近科工館,/buildings/eh1/,4,4,4,1,7.25
fb / eh1,fbfanpage0211,高雄建案推薦【遠雄峰蘊】- 三民區預售屋．近科工館,/buildings/eh1/,4,4,7,1.75,26.75
fb / eh1,fbfanpage0213,高雄建案推薦【遠雄峰蘊】- 三民區預售屋．近科工館,/buildings/eh1/,4,4,4,1,1.75
fb / eh5,park,高雄建案推薦【遠雄峰蘊】- 三民區預售屋．近科工館,/buildings/eh1/,4,4,4,1,18.25
fb / eh2,10-1,遠雄一靚｜楠梓新案．高大特區首發｜早鳥預約中,/buildings/eh2/,4,4,4,1,3.5
fb / eh2,9-4,遠雄一靚｜楠梓新案．高大特區首發｜早鳥預約中,/buildings/eh2/,4,4,4,1,1.75
google / cpc,O1_特色字_2025.0801,遠雄一靚｜楠梓新案．高大特區首發｜早鳥預約中,/buildings/eh2/,4,4,5,1.25,19.25
google / cpc,Qianzhen.Qianjin,遠雄一靚｜楠梓新案．高大特區首發｜早鳥預約中,/buildings/eh2/,4,4,6,1.5,47.5
google / cpc,information3,遠雄一靚｜楠梓新案．高大特區首發｜早鳥預約中,/buildings/eh2/,4,4,4,1,13
google / cpc,(not set),遠雄沐蘊-高雄市三民區預售屋/新建案-預約賞屋,/buildings/eh5/,4,4,11,2.75,14.25
google / cpc,20241021,遠雄沐蘊-高雄市三民區預售屋/新建案-預約賞屋,/buildings/eh5/,4,4,4,1,0
fb / eh5,20241025,遠雄沐蘊-高雄市三民區預售屋/新建案-預約賞屋,/buildings/eh5/,4,4,4,1,0
google / cpc,O1_地區字_2025.0801,遠雄沐蘊-高雄市三民區預售屋/新建案-預約賞屋,/buildings/eh5/,4,4,4,1,5.5
google / cpc,Sanmin,遠雄沐蘊-高雄市三民區預售屋/新建案-預約賞屋,/buildings/eh5/,4,4,4,1,7
fb / eh5,fb26,遠雄沐蘊-高雄市三民區預售屋/新建案-預約賞屋,/buildings/eh5/,4,4,4,1,1.75
fb / eh5,fb30-4,遠雄沐蘊-高雄市三民區預售屋/新建案-預約賞屋,/buildings/eh5/,4,4,4,1,1.75
facebook.com / referral,(referral),遠雄蘴靚｜高雄楠梓新門戶｜捷運R21站旁｜3795坪豪闊基地,/buildings/eh6/,4,4,4,1,3.25
(not set),20251209一輪播,遠雄蘴靚｜高雄楠梓新門戶｜捷運R21站旁｜3795坪豪闊基地,/buildings/eh6/,4,4,8,2,1
line-lap / eh2,20260204B,遠雄蘴靚｜高雄楠梓新門戶｜捷運R21站旁｜3795坪豪闊基地,/buildings/eh6/,4,4,5,1.25,203
google_kw / eh6,area,遠雄蘴靚｜高雄楠梓新門戶｜捷運R21站旁｜3795坪豪闊基地,/buildings/eh6/,4,4,4,1,0
google / cpc,information4,遠雄蘴靚｜高雄楠梓新門戶｜捷運R21站旁｜3795坪豪闊基地,/buildings/eh6/,4,4,7,1.75,84.25
google_kw / eh6,type,遠雄蘴靚｜高雄楠梓新門戶｜捷運R21站旁｜3795坪豪闊基地,/buildings/eh6/,4,4,4,1,0
l.instagram.com / referral,(referral),遠雄合雅｜板橋之心・合院之上｜2~3房．24~66坪,/buildings/fh2/,4,4,7,1.75,24.5
google / cpc,202601,遠雄合雅｜板橋之心・合院之上｜2~3房．24~66坪,/buildings/fh2/,4,4,5,1.25,42.25
google / cpc,Pmax,遠雄合雅｜板橋之心・合院之上｜2~3房．24~66坪,/buildings/fh2/,4,4,5,1.25,22.25
fb / fh2,fb12-3,遠雄合雅｜板橋之心・合院之上｜2~3房．24~66坪,/buildings/fh2/,4,4,4,1,5.5
bing / organic,(organic),遠雄信義CENTER-新北市板橋區廠辦.商辦/預售新建案-預約賞屋,/buildings/fm3/,4,4,4,1,104.5
fb / fm3,1-2,遠雄信義CENTER-新北市板橋區廠辦.商辦/預售新建案-預約賞屋,/buildings/fm3/,4,4,4,1,2
lbs-sms / fm3,20251229,遠雄信義CENTER-新北市板橋區廠辦.商辦/預售新建案-預約賞屋,/buildings/fm3/,4,4,4,1,25.25
fb / h707,36,遠雄星呈-台中市清水區預售屋/新建案-預約賞屋，遠雄房地產,/buildings/h707/,4,4,4,1,5.5
fb / h707,37,遠雄星呈-台中市清水區預售屋/新建案-預約賞屋，遠雄房地產,/buildings/h707/,4,4,4,1,3.25
google / cpc,BH10-競品字,遠雄星呈-台中市清水區預售屋/新建案-預約賞屋，遠雄房地產,/buildings/h707/,4,4,4,1,62.25
line / h713,(not set),遠雄幸福成｜即將落成 - 台中市清水區預售/新建案-預約賞屋，遠雄房地產,/buildings/h713/,4,4,4,1,4
fb / h713,111,遠雄幸福成｜即將落成 - 台中市清水區預售/新建案-預約賞屋，遠雄房地產,/buildings/h713/,4,4,4,1,26.5
fb / h713,115,遠雄幸福成｜即將落成 - 台中市清水區預售/新建案-預約賞屋，遠雄房地產,/buildings/h713/,4,4,4,1,8.75
fb / h88,12-1,找不到頁面 - 遠雄房地產,/buildings/h88/,4,4,4,1,3.5
bing / organic,(organic),遠雄琢蘊-高雄市三民區預售屋/新建案-預約賞屋，遠雄房地產,/buildings/h902/,4,4,4,1,54.75
line-lap / hh3,lap-7,找不到頁面 - 遠雄房地產,/buildings/hh3/,4,4,5,1.25,4.75
google / cpc,1103G,Farglory MetaLink Technology Park | Stasiun MRT Bandara A7 & A8 | Kursi VIP korporat kini dibuka untuk reservasi.,/buildings/hm2/,4,4,1,0.25,32.75
google / cpc,20260206-2-4,遠雄MetaLink科技園區 | 機捷A7．A8站▕ VIP企業席次開放預約中,/buildings/hm2/,4,4,6,1.5,204.5
google / cpc,O1_地區字_2025.0801,"Yuanxiong THE ONE-Xinchengwu/New Construction Plan in Qianzhen District, Kaohsiung City-Make an appointment to appreciate the house",/buildings/o1/,4,4,0,0,41
fb / o1,20250422_17-3,遠雄THE ONE-高雄市前鎮區新成屋/新建案-預約賞屋,/buildings/o1/,4,4,4,1,4.5
pmp / ah1,avivid-1,遠雄THE ONE-高雄市前鎮區新成屋/新建案-預約賞屋,/buildings/o1/,4,4,5,1.25,20.75
fb / o1,fb27-2,遠雄THE ONE-高雄市前鎮區新成屋/新建案-預約賞屋,/buildings/o1/,4,4,4,1,1
line-lap / ah1,lap-2,遠雄THE ONE-高雄市前鎮區新成屋/新建案-預約賞屋,/buildings/o1/,4,4,5,1.25,34.5
google / cpc,202601,若水秧翠｜東京視野・頂埔門牌｜1~3房．20~42坪,/buildings/rsh1/,4,4,5,1.25,22.25
fb / rsh1,20260206,若水秧翠｜東京視野・頂埔門牌｜1~3房．20~42坪,/buildings/rsh1/,4,4,4,1,25
(direct) / (none),(direct),您正在找 - 遠雄房地產,/,4,4,4,1,3.25
(data not available),(cross-network),熱銷建案一覽：遠雄全台預售屋、新建案、新成屋資訊,/case/search/,4,4,11,2.75,33.5
google / cpc,BH10-十四期區域字,熱銷建案一覽：遠雄全台預售屋、新建案、新成屋資訊,/case/search/,4,4,8,2,27.5
google / cpc,O1_品牌字_2025.0801,熱銷建案一覽：遠雄全台預售屋、新建案、新成屋資訊,/case/search/,4,4,8,2,23.75
google / cpc,dgc,熱銷建案一覽：遠雄全台預售屋、新建案、新成屋資訊,/case/search/,4,4,8,2,1.75
line-lap / fh2,line-lap12-2,熱銷建案一覽：遠雄全台預售屋、新建案、新成屋資訊,/case/search/,4,4,13,3.25,62.75
line-fgr / bh7,linefgrbh7,熱銷建案一覽：遠雄全台預售屋、新建案、新成屋資訊,/case/search/,4,4,7,1.75,31.75
google / cpc,brand,熱銷建案一覽：遠雄全台預售屋、新建案、新成屋資訊,/case/search/building-category-tag/134/,4,4,5,1.25,11.25
google / organic,(organic),熱銷建案一覽：遠雄全台預售屋、新建案、新成屋資訊,/case/search/building-category-tag/135/,4,4,5,1.25,7.75
google / organic,(organic),熱銷建案一覽：遠雄全台預售屋、新建案、新成屋資訊,/case/search/sales_status/almost-sold-out/,4,4,6,1.5,15
(data not available),(cross-network),熱銷建案一覽：遠雄全台預售屋、新建案、新成屋資訊,/case/search/sales_status/coming-soon/,4,4,4,1,9.75
fb / eh6,fb1-1,熱銷建案一覽：遠雄全台預售屋、新建案、新成屋資訊,/case/search/sales_status/coming-soon/,4,4,5,1.25,26.5
google / cpc,BH10-十四期區域字,熱銷建案一覽：遠雄全台預售屋、新建案、新成屋資訊,/case/search/sales_status/hot-sale/,4,4,5,1.25,14
google / cpc,BH10-台中區域字,熱銷建案一覽：遠雄全台預售屋、新建案、新成屋資訊,/case/search/sales_status/hot-sale/,4,4,5,1.25,23
(direct) / (none),(direct),遠房好友電子報感謝頁 - 遠雄房地產,/edm_thank_you_page/,4,4,4,1,5.25
(direct) / (none),(direct),找不到頁面 - 遠雄房地產,/https://www.farglory-realty.com.tw/buildings/fm3/,4,4,4,1,0
(direct) / (none),(direct),找不到頁面 - 遠雄房地產,/https://www.farglory-realty.com.tw/make_appointment/,4,4,4,1,0
(direct) / (none),(direct),找不到頁面 - 遠雄房地產,/,4,4,4,1,0.75
mkto-sn070013.com / referral,(referral),2026一月主題報 - 遠雄房地產,/jan2026/,4,4,4,1,16.75
(direct) / (none),(direct),好友主題報-2024年6月 - 遠雄房地產,/jun2024/,4,4,4,1,2.5
line / bh11,20260206-2-4,十四期 彙整 - 遠雄房地產,/life-proposal-tag/5、區域/1區域地段/縣市/台中市/beitun/fourthteen/,4,4,6,1.5,22.75
google / organic,(organic),高雄市 彙整 - 遠雄房地產,/life-proposal-tag/5、區域/1區域地段/縣市/高雄市/,4,4,4,1,25
google / organic,(organic),預售屋 彙整 - 遠雄房地產,/life-proposal-tag/6、產品/1建築專有名詞/屋型/預售屋/,4,4,4,1,1.25
google / organic,(organic),2022年十大建商出爐，品牌建商更重保固與售後服務 - 遠雄房地產,/life-proposal/2022branding_20230119/,4,4,5,1.25,38.5
(direct) / (none),(direct),實價登錄怎麼看才不會被騙？常見6大陷阱與破解方法一次搞懂 - 遠雄房地產,/life-proposal/actual_selling_price20220708/,4,4,4,1,0
tw.search.yahoo.com / referral,(referral),高雄楠梓區高大特區生活圈 | 建案熱區巡禮 - 遠雄房地產,/life-proposal/area-kaohsiung-nanzi_nuk_function_20250211/,4,4,4,1,196.5
(direct) / (none),(direct),2026 前鎮發展全解析：從 205 兵工廠搬遷到亞灣 2.0 智慧新城 | 建案熱區巡禮 - 遠雄房地產,/life-proposal/area-l-kaohsiung-qianzhen_20220805/,4,4,4,1,91
google / organic,(organic),建案熱區巡禮：高雄三民區老市心新重劃，首購換屋都適宜 - 遠雄房地產,/life-proposal/area-l-kaohsiung-sanmin20220520/,4,4,4,1,108.5
google / organic,(organic),中和翻轉！萬大線與舊廠翻新紅利 | 建案熱區巡禮 - 遠雄房地產,/life-proposal/area-l-newtaipei-zhonghe_20220923/,4,4,5,1.25,130.25
(direct) / (none),(direct),建案熱區巡禮：中和翻轉！北台灣電子製造業最大產業聚落  - 遠雄房地產,/life-proposal/area-l-newtaipei-zhonghe_20220923/,4,4,5,1.25,57
(direct) / (none),(direct),建案熱區巡禮：移居桃園市桃園區，比想像中更舒適 - 遠雄房地產,/life-proposal/area-l-taoyuan-taoyuan20220520/,4,4,4,1,46
google / organic,(organic),建案熱區巡禮：中壢人都說自己不算桃園人？自成一格的幸福日常 - 遠雄房地產,/life-proposal/area-l-taoyuan-zhongli20220520/,4,4,4,1,102
mkto-sn070013.com / referral,(referral),第二個美術館特區-高雄三民中都重劃區 | 建案熱區巡禮 - 遠雄房地產,/life-proposal/area-s-khh-central_20240502/,4,4,4,1,33.25
(not set),桃園桃園,建案熱區巡禮：桃園小檜溪(青溪特區)舊商圈+眾多綠地的宜人生活 - 遠雄房地產,/life-proposal/area-s-taoyuan-green20220520/,4,4,2,0.5,1.25
line-lap / fh2,line-lap12-2,建案熱區巡禮：台南中西區運河星鑽特區 - 學區篇 - 遠雄房地產,/life-proposal/area-tainan_west-central_redevelop_diamond_school_20250516/,4,4,13,3.25,23.25
google / organic,(organic),建案熱區巡禮：新北板橋府中與南雅地區 - 學區篇 - 遠雄房地產,/life-proposal/area-tph_banqiao_school_20240902/,4,4,5,1.25,40
m.facebook.com / referral,(referral),建案熱區巡禮：新北板橋府中與南雅地區 - 交通篇 - 遠雄房地產,/life-proposal/area-tph_banqiao_traffic_20240905/,4,4,4,1,84.75
google / organic,(organic),建案熱區巡禮：台中西屯區水湳經貿園區生活圈 - 遠雄房地產,/life-proposal/area-txg-shuinan_20231027/,4,4,4,1,8.25
mkto-sn070013.com / referral,(referral),高雄預售屋入手指南：最新建案推薦、選房與區域優勢總整理 - 遠雄房地產,/life-proposal/area_presold-house-in-kaohsiung/,4,4,4,1,355.5
google / cpc,brand,高雄預售屋入手指南：最新建案推薦、選房與區域優勢總整理 - 遠雄房地產,/life-proposal/area_presold-house-in-kaohsiung/,4,4,5,1.25,235
fgr-line / fgr,expert_zhu_taiwan-land-scam,漢神、巨蛋雙引擎，北台中新核心北屯14期 | 建案熱區巡禮 - 遠雄房地產,/life-proposal/area_txg_beitun_14th_function_20250829/,4,4,6,1.5,13.75
(direct) / (none),(direct),建案熱區巡禮：台中北屯區14期重劃區 - 學區篇 - 遠雄房地產,/life-proposal/area_txg_beitun_14th_school_20240917/,4,4,4,1,12.25
(direct) / (none),(direct),基礎建設＋結構保固：一次了解大地工程的基本概念 - 遠雄房地產,/life-proposal/construction-base/,4,4,4,1,1
google / cpc,(organic),新成屋、預售屋簽約注意事項–「首購族看房買屋攻略」 - 遠雄房地產,/life-proposal/contract/,4,4,5,1.25,103.5
(direct) / (none),(direct),2025年中台灣房市潛力區域專題報導 -10大優質投資區域分析｜何世昌觀點 - 遠雄房地產,/life-proposal/expert_hoshichang_central-potential/,4,4,6,1.5,86.5
google / cpc,20260206-2-4,2025年中台灣房市潛力區域專題報導 -10大優質投資區域分析｜何世昌觀點 - 遠雄房地產,/life-proposal/expert_hoshichang_central-potential/,4,4,5,1.25,146.5
socialmedia / fgr,ig20251219,[影音] 全台房市「蛋花湯效應」解密 - 南二都房價的變遷｜何世昌觀點 - 遠雄房地產,/life-proposal/expert_hoshichang_property_south-prices_20250404/,4,4,4,1,8.25
(direct) / (none),(direct),北市租金倒掛見怪不怪，為何商辦投報仍優於住宅｜何世昌觀點 - 遠雄房地產,/life-proposal/expert_hoshichang_tp-office-rent-premium/,4,4,4,1,0
mkto-sn070013.com / referral,(referral),未婚情侶合資買房在法律上要注意什麼｜永然法律不動產專欄 - 遠雄房地產,/life-proposal/expert_law_y-rlee_co-buying/,4,4,5,1.25,272.75
(direct) / (none),(direct),共同繼承來的房地產，要如何進行分割呢？ | 永然法律不動產專欄 - 遠雄房地產,/life-proposal/expert_law_y-rlee_property-division/,4,4,4,1,208.75
socialmedia / fgr,shorts20260209,共同繼承來的房地產，要如何進行分割呢？ | 永然法律不動產專欄 - 遠雄房地產,/life-proposal/expert_law_y-rlee_property-division/,4,4,4,1,0
google / organic,(organic),從13大指標判斷2024年下半年房產走勢｜李同榮觀點 - 遠雄房地產,/life-proposal/expert_li_2024trend_20240711/,4,4,4,1,60.75
fgr-line / ah1,20260220,2026年預售市場一針見血的銷售與購買策略｜李同榮觀點 - 遠雄房地產,/life-proposal/expert_li_2026-housing-tips/,4,4,4,1,88
google / cpc,(organic),2026年房地產市場將面臨八大考驗｜李同榮觀點 - 遠雄房地產,/life-proposal/expert_li_housing-challenges-2026/,4,4,4,1,51
(direct) / (none),(direct),財經M平方觀點：去庫存壓力來襲，2 個訊號看製造業何時落底 - 遠雄房地產,/life-proposal/expert_macromicro20220726/,4,4,4,1,0.25
google / organic,(organic),擴大赴美投資成定局，台積宅還能買嗎？｜何世昌觀點 - 遠雄房地產,/life-proposal/expert_tsmc-housing_20250703/,4,4,4,1,119
(direct) / (none),(direct),合資買房如何保障自身權益？｜專家觀點地政篇 - 遠雄房地產,/life-proposal/expert_zhu_buyhouse_joint_20240117/,4,4,4,1,10.5
(direct) / (none),(direct),[影音] 豪宅稅跟你也有關係：有房族注意！影響與計算不可不知｜專家觀點地政篇 - 遠雄房地產,/life-proposal/expert_zhu_mansion-tax-count_vedio_20250625/,4,4,4,1,0
fgr-line / fgr,expert_zhu_mortgage-lien-priority,買房前必查：銀行不會主動告訴你的「抵押權與順位」 | 專家觀點地政篇 - 遠雄房地產,/life-proposal/expert_zhu_mortgage-lien-priority/,4,4,4,1,45
(not set),20260213一輪播,自用住宅免稅400萬怎麼申請？「持有、設籍、實住」3點不能忽略 | 專家觀點地政篇 - 遠雄房地產,/life-proposal/expert_zhu_ownership-criteria/,4,4,0,0,0
google / organic,(organic),[影音] 預售屋購買注意事項大解析 - 履約保證不可不知｜專家觀點地政篇 - 遠雄房地產,/life-proposal/expert_zhu_property_escrow_vedio_20240531/,4,4,4,1,71
(direct) / (none),(direct),[影音] 停車位買賣詳細解析-你需要知道的車位權利｜專家觀點地政篇 - 遠雄房地產,/life-proposal/expert_zhu_property_parking_vedio_20240828/,4,4,5,1.25,15.25
google / organic,(organic),[影音] 信託與產權設計術：資產管理、遺囑信託與節稅技巧｜專家觀點地政篇 - 遠雄房地產,/life-proposal/expert_zhu_video_trust/,4,4,4,1,30.5
(not set),(not set),贈與稅與遺產稅免稅額解析｜房產贈與、買賣、繼承怎麼選 - 遠雄房地產,/life-proposal/gift_tax/,4,4,1,0.25,98.75
m.facebook.com / referral,(referral),贈與稅與遺產稅免稅額解析｜房產贈與、買賣、繼承怎麼選 - 遠雄房地產,/life-proposal/gift_tax/,4,4,4,1,4
tw.search.yahoo.com / referral,(referral),驗屋與交屋必知注意事項？新手購屋必看，驗屋清單檢查表與交屋流程有哪些？,/life-proposal/home-inspection/,4,4,4,1,40.5
google / cpc,(organic),房屋格局圖/平面圖怎麼看？建案平面圖符號教學，讓你秒懂房屋格局避地雷,/life-proposal/house-layout/,4,4,7,1.75,308.75
google / cpc,(organic),平均地權條例子法預計7月1日正式登場，修法重點一次看 - 遠雄房地產,/life-proposal/kw_land_rights_20230606/,4,4,5,1.25,56.25
(direct) / (none),(direct),社區營運兩三事：公設點交不求人 - 遠雄房地產,/life-proposal/land_public_utilities/,4,4,4,1,12.75
socialmedia / fgr,metalink-ai-hub,輝達超微進駐遠雄自貿港，遠雄MetaLink廠辦受惠廊帶效應  - 遠雄房地產,/life-proposal/metalink-ai-hub/,4,4,4,1,16.75
(direct) / (none),(direct),公設比多少合理？秒懂公設定義與公設比計算–「首購族看房買屋攻略」 - 遠雄房地產,/life-proposal/ratio_of_public_area/,4,4,4,1,14.75
google / organic,(organic),工料雙漲下的省錢裝潢 | 自己打造無印風設計 - 遠雄房地產,/life-proposal/space_furnish_muji_20231101/,4,4,4,1,45.5
google / cpc,pmax,購屋知識：買屋流程、稅法貸款指南 -遠雄房地產,/life_proposal/buying_knowledge/,4,4,4,1,0
(direct) / (none),(direct),遠雄泱玥 | 水岸正首席．北士科首獻｜57-75坪-蔡定誠-遠雄房地產 Farglory-Realty,/main/review/64/b4720,4,4,4,1,0
(not set),20260213一輪播,預約賞屋手機驗證 - 遠雄房地產,/mob_verify/,4,4,3,0.75,7
fgr-line / eh6,20260220,預約賞屋手機驗證 - 遠雄房地產,/mob_verify/,4,4,4,1,86.5
fb / eh6,fb1-1,預約賞屋手機驗證 - 遠雄房地產,/mob_verify/,4,4,4,1,13
google_kw / ah1,googlemap,預約賞屋手機驗證 - 遠雄房地產,/mob_verify/,4,4,5,1.25,19.25
omnichat / chatbot_webchat,chatbot_webchat_Raccoon+AI,隱私權聲明 - 遠雄房地產,/privacy/,4,4,4,1,2
google / cpc,gdn11-3,隱私權聲明 - 遠雄房地產,/privacy/,4,4,4,1,3.25
google / cpc,gdn11-4,隱私權聲明 - 遠雄房地產,/privacy/,4,4,5,1.25,192.25
line-lap / fh2,line-lap12-2,隱私權聲明 - 遠雄房地產,/privacy/,4,4,4,1,0.75
google / organic,(organic),洪雅玲業務個人介紹 - 聯上智科,/sales/5VO1/G0521/,4,4,6,1.5,14.25
google / organic,(organic),趙偉傑業務個人介紹 - 遠雄泱玥,/sales/ah2/G0106/,4,4,4,1,5.25
(direct) / (none),(direct),陳蘊文業務個人介紹 - 遠雄丰尚,/sales/bh11/G1189/,4,4,5,1.25,6
(direct) / (none),(direct),葉淯蓁業務個人介紹 - 遠雄樂元,/sales/bh7/B6099/,4,4,5,1.25,22.5
google / organic,(organic),林芸安業務個人介紹 - 遠雄樂元,/sales/bh7/B6129/,4,4,4,1,6.25
(direct) / (none),(direct),林邑瞳業務個人介紹 - 遠雄洄山行,/sales/bh8/G0351/,4,4,4,1,5.5
google / organic,(organic),陳永証業務個人介紹 - 村泉蒔美,/sales/cqh1/G0176/,4,4,6,1.5,19.25
google / cpc,CQH1-品牌字,曾華萱業務個人介紹 - 村泉蒔美,/sales/cqh1/G0679/,4,4,4,1,3.75
google / cpc,CQH1-地區字,曾華萱業務個人介紹 - 村泉蒔美,/sales/cqh1/G0679/,4,4,8,2,26.25
google / cpc,brand,李芊儀業務個人介紹 - 遠雄峰蘊,/sales/eh1/G0595/,4,4,4,1,6.5
(direct) / (none),(direct),羅泓偉業務個人介紹 - 遠雄一靚,/sales/eh2/B3397/,4,4,4,1,18.25
(direct) / (none),(direct),徐靖業務個人介紹 - 遠雄一靚,/sales/eh2/G0597/,4,4,4,1,2
facebook.com / referral,(referral),服務條款暨隱私權聲明 -遠雄房地產,/terms-of-service_and_privacy/,4,4,4,1,3.25
google / organic,(organic),遠雄香榭園(新北市中和區)住戶-闕先生口碑推薦- 遠雄房地產,/wom-recommendation/mr-que/,4,4,5,1.25,10.5
line / linapage,(not set),遠房實價登錄,/,3,4,4,1.3333333333333333,0
dm / dh2,202403,遠房實價登錄,/,3,4,4,1.3333333333333333,0
google_kw / BH8,20240816_建築師字,遠房實價登錄,/,3,4,5,1.6666666666666667,0
google / cpc,gdn11-4,遠房實價登錄,/,3,4,10,3.3333333333333335,0
google / cpc,BH10-競品字,遠雄房地產：最懂生活的購屋專家,/,3,4,5,1.6666666666666667,2.3333333333333335
google_kw / rsh1,dingpu,遠雄房地產：最懂生活的購屋專家,/,3,4,5,1.6666666666666667,2
(direct) / (none),(direct),齊興緻-戴嘉嫻-遠雄房地產 Farglory-Realty,/AR1/g0247,3,4,4,1.3333333333333333,22.666666666666668
google / organic,(organic),優勢榮耀 - 遠雄房地產,/about/branded_advantages/,3,4,6,2,14.333333333333334
google / organic,(organic),活動一覽 彙整 - 遠雄房地產,/activity-report-category/activities_glance/activities_glance_list/,3,4,6,2,54
fgr-line / bh11,20260210,遠雄丰尚✨2026丰尚植春秀✨ - 遠雄房地產,/activity-report/2026cnybh/,3,4,6,2,89
(direct) / (none),(direct),遠雄明玥 | 北士科水岸新生活．2000坪全街廓，只蓋一棟｜25-46坪-鄭家昇-遠雄房地產 Farglory-Realty,/ah1/b5805,3,4,5,1.6666666666666667,4.666666666666667
google_kw / BH8,20240816_建築師字,台中西屯建案【遠雄洄山行】．2-4房方正格局,/buildings/BH8/,3,4,5,1.6666666666666667,65
google / cpc,CQH1-買房字,北士科建案【遠雄明玥】2000坪全街廓只蓋一棟．25-46坪,/buildings/ah1/,3,4,3,1,11.666666666666666
leju / bh5,lejupage,遠雄琉蘊 -台中市西屯區七期預售屋/新建案-預約賞屋，遠雄房地產,/buildings/bh5/,3,4,3,1,69
line / linapage,(not set),村泉蒔美｜門戶端點 從容跨界｜台北生活最美起點,/buildings/cqh1/,3,4,4,1.3333333333333333,50.666666666666664
bing / organic,(organic),台南永康新建案【遠雄山禾】-鹽行特區．3-4房,/buildings/dh2/,3,4,3,1,27
dm / dh2,202403,台南永康新建案【遠雄山禾】-鹽行特區．3-4房,/buildings/dh2/,3,4,4,1.3333333333333333,6
google / cpc,dgc,Farglory Garden | Gerbang Baru Kaohsiung Menuju Nanzi | Bersebelahan dengan Stasiun MRT R21 | Lahan Mewah Seluas 3795 Ping (sekitar 1833 meter persegi),/buildings/eh6/,3,4,1,0.3333333333333333,44.333333333333336
google / cpc,202511,遠雄信義CENTER-新北市板橋區廠辦.商辦/預售新建案-預約賞屋,/buildings/fm3/,3,4,5,1.6666666666666667,138
google / cpc,202601,遠雄信義CENTER-新北市板橋區廠辦.商辦/預售新建案-預約賞屋,/buildings/fm3/,3,4,5,1.6666666666666667,32.333333333333336
(not set),(not set),遠雄星呈-台中市清水區預售屋/新建案-預約賞屋，遠雄房地產,/buildings/h707/,3,4,2,0.6666666666666666,21.666666666666668
bing / organic,(organic),遠雄星呈-台中市清水區預售屋/新建案-預約賞屋，遠雄房地產,/buildings/h707/,3,4,4,1.3333333333333333,147.33333333333334
webnews / h707,20260116,遠雄星呈-台中市清水區預售屋/新建案-預約賞屋，遠雄房地產,/buildings/h707/,3,4,4,1.3333333333333333,20.666666666666668
line / rsh1,20260206,若水秧翠｜東京視野・頂埔門牌｜1~3房．20~42坪,/buildings/rsh1/,3,4,3,1,48
(not set),20260213一輪播,遠雄夏沐-桃園市桃園區成屋/新建案-預約賞屋，遠雄房地產,/buildings/遠雄夏沐/,3,4,4,1.3333333333333333,32
google / cpc,202511,熱銷建案：預售屋、新建案、新成屋 -遠雄房地產,/case/,3,4,5,1.6666666666666667,13
google / cpc,(not set),熱銷建案一覽：遠雄全台預售屋、新建案、新成屋資訊,/case/search/,3,4,7,2.3333333333333335,23.666666666666668
google / cpc,gdn,熱銷建案一覽：遠雄全台預售屋、新建案、新成屋資訊,/case/search/,3,4,3,1,2.6666666666666665
google / cpc,brand,熱銷建案一覽：遠雄全台預售屋、新建案、新成屋資訊,/case/search/page/3/,3,4,4,1.3333333333333333,14.333333333333334
google / cpc,brand,熱銷建案一覽：遠雄全台預售屋、新建案、新成屋資訊,/case/search/page/4/,3,4,9,3,22.666666666666668
google / organic,(organic),熱銷建案一覽：遠雄全台預售屋、新建案、新成屋資訊,/case/search/sales_status/coming-soon/page/2/,3,4,5,1.6666666666666667,21.333333333333332
tw.search.yahoo.com / referral,(referral),高雄三民區中都重劃區生活圈，離塵不離城 | 建案熱區巡禮 - 遠雄房地產,/life-proposal/area-khh-central_202306719/,3,4,5,1.6666666666666667,155.66666666666666
(not set),桃園龜山,桃園龜山重大建設帶動發展利多 | 建案熱區巡禮 - 遠雄房地產,/life-proposal/area-l-taoyuan-guishan/,3,4,1,0.3333333333333333,0
google / organic,(organic),建案熱區巡禮：新北板橋區Tpark科技特區 (遠東通訊園區) - 學區篇 - 遠雄房地產,/life-proposal/area-s-tph_banqiao_tpark_school_20250421/,3,4,3,1,17.666666666666668
tw.search.yahoo.com / referral,(referral),建案熱區巡禮：台南中西區運河星鑽特區 - 綠地休憩篇 - 遠雄房地產,/life-proposal/area-tainan_west-central_redevelop_diamond_park_20250509/,3,4,4,1.3333333333333333,16
google / organic,(organic),建案熱區巡禮：台中西屯水湳經貿園區 - 學區篇 - 遠雄房地產,/life-proposal/area-txg-shuinan_school_20240501/,3,4,3,1,29
google / organic,(organic),建案熱區巡禮：台南永康區 - 交通篇 - 遠雄房地產,/life-proposal/area_hotspot_tnn_yongkang_traffic_20240102/,3,4,3,1,79
(not set),20251230一輪播,高雄預售屋入手指南：最新建案推薦、選房與區域優勢總整理 - 遠雄房地產,/life-proposal/area_presold-house-in-kaohsiung/,3,4,7,2.3333333333333335,14
google / organic,(organic),建案熱區巡禮：台南永康區鹽行國中重劃區 - 交通篇 - 遠雄房地產,/life-proposal/area_tnn_yongkang_yanxing_traffic_20240324/,3,4,5,1.6666666666666667,35
google / cpc,(organic),房地產借名登記如何保障自己 - 遠雄房地產,/life-proposal/borrow_name_20221118/,3,4,3,1,84.66666666666667
google / organic,(organic),財經M平方觀點：受惠中國解封 全球製造業將逐步落底 - 遠雄房地產,/life-proposal/expert_macromicro_20230320/,3,4,3,1,1.6666666666666667
google / organic,(organic),新青安政策刺激房市價量熱絡，預售屋快速回溫｜財經M平方觀點 - 遠雄房地產,/life-proposal/expert_macromicro_housing_policy_20240507/,3,4,4,1.3333333333333333,23
google / organic,(organic),央行的信用管制對貸款有何影響?｜專家觀點地政篇 - 遠雄房地產,/life-proposal/expert_zhu_credit_20231020/,3,4,3,1,58.333333333333336
google / organic,(organic),[影音] 假結婚與房產繼承 - 五億遺產的法律爭奪戰｜專家觀點地政篇 - 遠雄房地產,/life-proposal/expert_zhu_fake-marriage-law/,3,4,4,1.3333333333333333,33.333333333333336
google / cpc,(organic),預售屋簽約必看！解析專有與約定專用，避開產權陷阱 | 專家觀點地政篇 - 遠雄房地產,/life-proposal/expert_zhu_pre-sale-house-property-rights/,3,4,5,1.6666666666666667,69.66666666666667
google / organic,(organic),[影音] 你的買賣安全嗎？房屋產權必懂的謄本識讀、權狀跟身分查驗｜專家觀點地政篇 - 遠雄房地產,/life-proposal/expert_zhu_property_identity_vedio_20240229/,3,4,3,1,15.333333333333334
google / organic,(organic),遠雄建設獲TCSA台灣永續報告書銀獎，持續推動ESG深化企業永續力 - 遠雄房地產,/life-proposal/farglory_land_20221223/,3,4,3,1,12.666666666666666
(not set),20260213一輪播,樓高的秘密解析：樓層高度與淨高如何影響居住品質 - 遠雄房地產,/life-proposal/floor_height/,3,4,1,0.3333333333333333,0
google / organic,(organic),軟裝搭配術 - 改變居家風格的魔法 - 遠雄房地產,/life-proposal/interior_softdeco_20230222/,3,4,4,1.3333333333333333,9.333333333333334
google / cpc,(organic),永續幸福家園，全齡通用宅設計規範與趨勢 - 遠雄房地產,/life-proposal/universal-design20220708/,3,4,4,1.3333333333333333,34
fgr-line / ah2,20260210,遠雄房地產預約賞屋(線上賞屋與預約賞屋),/make_appointment/,3,4,11,3.6666666666666665,81
(not set),20260213一輪播,遠雄房地產預約賞屋(線上賞屋與預約賞屋),/make_appointment/,3,4,20,6.666666666666667,128.66666666666666
web / fb2,googlemap,預約賞屋手機驗證 - 遠雄房地產,/mob_verify/,3,4,4,1.3333333333333333,10.333333333333334
google / organic,(organic),蔡姈君業務個人介紹 - 齊興緻,/sales/ar1/B1716/,3,4,5,1.6666666666666667,5.666666666666667
fb / bh8,privacy,服務條款暨隱私權聲明 -遠雄房地產,/terms-of-service_and_privacy/,3,4,4,1.3333333333333333,61.333333333333336
(direct) / (none),(direct),遠雄之星8證言篇-為重劃區而來2-清水重劃區- 遠雄房地產,/wom-recommendation/farglory-star8-2/,3,4,6,2,8
line-lap / eh1,20230901,遠房實價登錄,/,2,4,6,3,0
google_kw / fm3,googlemap,遠房實價登錄,/,2,4,6,3,0
(not set),20260213一輪播,關於遠創力 - 遠雄房地產,/about/telecreative_marketing/,2,4,3,1.5,18.5
google / organic,(organic),遠雄房地產LINE官方帳號活動 - 升級超級好友週週抽活動,/activity-report/line-friend/,2,4,4,2,4
google / cpc,brand,綠建築相關預售屋/新成屋/新建案資料|遠雄房地產,/building-tag/build-tag-green/,2,4,5,2.5,2
google_gdn / 5vo1,202510-2,聯上智科｜北士科AI總部 輝達核心軸線 -台北市北投區商辦/預售新建案-預約賞屋，遠創力行銷,/buildings/5vo1/,2,4,4,2,0
farglory.com.tw / referral,(referral),北士科建案【遠雄明玥】2000坪全街廓只蓋一棟．25-46坪,/buildings/ah1/,2,4,5,2.5,60
yahoo / organic,(organic),齊興_緻-台北市北投區/北士科住宅預售屋,/buildings/ar1/,2,4,2,1,49.5
line / bh10,line20260213,北屯敦富路【遠雄敦富】- 北屯機捷預售屋．近好市多,/buildings/bh10/,2,4,4,2,0
canva.com / referral,(referral),台中西屯建案【遠雄洄山行】．2-4房方正格局,/buildings/bh8/,2,4,2,1,63.5
line-lap / cgh1,line-lap4-16,找不到頁面 - 遠雄房地產,/buildings/cgh01/,2,4,4,2,0
line-lap / dh5,20230801,安南重劃首選【遠雄藏萃】全新落成，珍稀戶別釋出！,/buildings/dh5/,2,4,4,2,10
line-lap / eh1,20230901,高雄建案推薦【遠雄峰蘊】- 三民區預售屋．近科工館,/buildings/eh1/,2,4,4,2,1
fb / eh6,fb1-1,遠雄一靚｜楠梓新案．高大特區首發｜早鳥預約中,/buildings/eh2/,2,4,3,1.5,16.5
google / cpc,20251101-2-1,遠雄蘴靚｜高雄楠梓新門戶｜捷運R21站旁｜3795坪豪闊基地,/buildings/eh6/,2,4,5,2.5,55.5
line-lap / eh2,20251208,遠雄蘴靚｜高雄楠梓新門戶｜捷運R21站旁｜3795坪豪闊基地,/buildings/eh6/,2,4,7,3.5,5
web-udn / fm3,20260305-baseball,遠雄信義CENTER-新北市板橋區廠辦.商辦/預售新建案-預約賞屋,/buildings/fm3/,2,4,4,2,11.5
google_kw / fm3,googlemap,遠雄信義CENTER-新北市板橋區廠辦.商辦/預售新建案-預約賞屋,/buildings/fm3/,2,4,6,3,44
(not set),20251230一輪播,遠雄夏沐-桃園市桃園區成屋/新建案-預約賞屋，遠雄房地產,/buildings/遠雄夏沐/,2,4,10,5,32
(not set),20251230一輪播,熱銷建案：預售屋、新建案、新成屋 -遠雄房地產,/case/,2,4,4,2,2.5
line-lap / ar1,20260210-7-2,熱銷建案一覽：遠雄全台預售屋、新建案、新成屋資訊,/case/search/,2,4,9,4.5,419
line-lap / fh2,line-lap12-2,熱銷建案一覽：遠雄全台預售屋、新建案、新成屋資訊,/case/search/building-category-tag/134/,2,4,5,2.5,10.5
(not set),20251230一輪播,熱銷建案一覽：遠雄全台預售屋、新建案、新成屋資訊,/case/search/page/2/,2,4,6,3,38
bing / organic,(organic),加入遠雄 築夢齊飛！-遠雄房地產,/contact_service/join_farglory/,2,4,4,2,70.5
google / organic,(organic),國家級的建築肯定-遠雄房地產,/farglory-realty-about/national-building/,2,4,3,1.5,13
(not set),台中,建案熱區巡禮：台南中西區運河星鑽特區，重塑台南的歷史與現代風貌 - 遠雄房地產,/life-proposal/area-s-tainan_west-central_diamond_20250425/,2,4,3,1.5,15.5
google / organic,(organic),建案熱區巡禮：高雄三民區 - 綠地篇 - 遠雄房地產,/life-proposal/area_hotspot_khh_sanmin_park_20230915/,2,4,2,1,21.5
yahoo / organic,(organic),台中預售屋怎麼挑？各區房價、TOP36建案分析，買屋前必看！ - 遠雄房地產,/life-proposal/area_presold-house-in-taichung/,2,4,3,1.5,88
(not set),台中,建案熱區巡禮：台中北屯14期重劃區生活圈，打造北台中的新興生活核心 - 遠雄房地產,/life-proposal/area_txg_beitun_14th_function_20250829/,2,4,6,3,55.5
google / organic,(organic),台中北屯機廠重劃區生活圈 | 建案熱區巡禮 - 遠雄房地產,/life-proposal/area_txg_beitun_depot_function_20240513/,2,4,4,2,198
bing / organic,(organic),基礎建設＋結構保固：一次了解大地工程的基本概念 - 遠雄房地產,/life-proposal/construction-base/,2,4,2,1,50.5
(direct) / (none),(direct),股債位階與循環配置建議｜財經M平方觀點 - 遠雄房地產,/life-proposal/expert_macromicro_mec_cycle_20240430/,2,4,4,2,4
yahoo / organic,(organic),2025房市回顧與2026盤整展望：政策與市場趨勢解析｜劉佩真觀點 - 遠雄房地產,/life-proposal/expert_peizhen_real-estate-2026/,2,4,4,2,86.5
(not set),20251230一輪播,2025房市回顧與2026盤整展望：政策與市場趨勢解析｜劉佩真觀點 - 遠雄房地產,/life-proposal/expert_peizhen_real-estate-2026/,2,4,3,1.5,134
tw.search.yahoo.com / referral,(referral),如何預防不動產詐騙？如何防止房屋被移轉？｜專家觀點地政篇 - 遠雄房地產,/life-proposal/expert_zhu_property_scam_20240604/,2,4,4,2,113.5
(direct) / (none),(direct),一見傾心的清水模設計，為家注入文青魂和自然風 - 遠雄房地產,/life-proposal/exposed_concrete_20220914/,2,4,3,1.5,125.5
bing / organic,(organic),附屬建物陽台、露臺、雨遮規定｜購屋前必知建築法規與容積計算 - 遠雄房地產,/life-proposal/regulations_20230317/,2,4,3,1.5,438
google / cpc,(not set),地上權建物可以買嗎？優缺點一次看 - 遠雄房地產,/life-proposal/superficial_rights/,2,4,4,2,82.5
tagassistant.google.com / referral,(referral),預約賞屋手機驗證 - 遠雄房地產,/mob_verify/,2,4,4,2,29
line / bh11,20260113-12-3,黃郁恬業務個人介紹 - 遠雄丰尚,/sales/bh11/G0335/,2,4,8,4,59
(direct) / (none),(direct),朱沛玲業務個人介紹 - 遠雄洄山行,/sales/bh8/G1070/,2,4,5,2.5,29
(not set),桃園桃園,2026三月主題報 - 遠雄房地產,/,1,4,10,10,328
line-lap / H713,202301032,遠房實價登錄,/,1,4,5,5,0
google / cpc,202601,遠雄房地產：最懂生活的購屋專家,/,1,4,10,10,105
youtube / fgr,expert_zhu_video_buy-vs-gift,遠雄房地產：最懂生活的購屋專家,/,1,4,4,4,6
(not set),高雄楠梓,遠雄房地產：最懂生活的購屋專家,/,1,4,4,4,9
web-ettoday / fm3,20260116,北士科建案【遠雄明玥】2000坪全街廓只蓋一棟．25-46坪,/buildings/ah1/,1,4,3,3,76
google / cpc,BH10-北屯區區域字,北士科建案【遠雄明玥】2000坪全街廓只蓋一棟．25-46坪,/buildings/ah1/,1,4,4,4,11
line-lap / bh10,line-lap20256-8,北屯敦富路【遠雄敦富】- 北屯機捷預售屋．近好市多,/buildings/bh10/,1,4,4,4,19
youtube / fgr,expert_zhu_video_buy-vs-gift,遠雄合雅｜板橋之心・合院之上｜2~3房．24~66坪,/buildings/fh2/,1,4,3,3,9
sms / aep-cdp,CRM-001-D,遠雄星呈-台中市清水區預售屋/新建案-預約賞屋，遠雄房地產,/buildings/h707/,1,4,13,13,91
tagassistant.google.com / referral,(referral),若水秧翠｜東京視野・頂埔門牌｜1~3房．20~42坪,/buildings/rsh1/,1,4,9,9,130
socialmedia / fh2,fbfh2info,若水秧翠｜東京視野・頂埔門牌｜1~3房．20~42坪,/buildings/rsh1/,1,4,3,3,6
tagassistant.google.com / referral,(referral),熱銷建案：預售屋、新建案、新成屋 -遠雄房地產,/case/,1,4,4,4,5
tw.search.yahoo.com / referral,(referral),熱銷建案一覽：遠雄全台預售屋、新建案、新成屋資訊,/case/search/building-category-tag/134/,1,4,4,4,34
web-ettoday / fm3,20260116,熱銷建案一覽：遠雄全台預售屋、新建案、新成屋資訊,/case/search/page/3/,1,4,4,4,28
google / cpc,brand,隱私權聲明 - 遠雄房地產,/privacy/,1,4,5,5,4
(not set),20260213一輪播,周卉雯業務個人介紹 - 遠雄敦富,/sales/bh10/B3081/,1,4,1,1,8
(direct) / (none),(direct),一月主題報 - 遠雄房地產,/jan2025/,4,4,4,1,2
google / organic,(organic),台中西屯建案【遠雄洄山行】．2-4房方正格局,/buildings/BH8/,3,3,2,0.6666666666666666,36
(not set),20251230一輪播,七月主題報 - 遠雄房地產,/july/,0,3,3,null,null
google / cpc,(organic),您正在找 - 遠雄房地產,/,3,3,3,1,9.666666666666666
google_kw / ah1,(not set),遠房實價登錄,/,3,3,9,3,0
l.instagram.com / referral,(referral),遠房實價登錄,/,3,3,6,2,0
reurl.cc / referral,(referral),遠房實價登錄,/,3,3,4,1.3333333333333333,0
fb / h713,105,遠房實價登錄,/,3,3,3,1,0
fb / h713,115,遠房實價登錄,/,3,3,3,1,0
ig / paid,120241218914510402,遠房實價登錄,/,3,3,3,1,0
web / ah2,202501-mot,遠房實價登錄,/,3,3,3,1,0
fb / o1,20250402_15-4,遠房實價登錄,/,3,3,3,1,0
google_kw / AR1,20250616_台北豪宅/別墅,遠房實價登錄,/,3,3,3,1,11
google_kw / AR1,20250616_品牌字,遠房實價登錄,/,3,3,4,1.3333333333333333,0
google / cpc,20250718,遠房實價登錄,/,3,3,3,1,0
google / cpc,202602,遠房實價登錄,/,3,3,3,1,0
fb / rsh1,20260206,遠房實價登錄,/,3,3,3,1,0
line / rsh1,20260206,遠房實價登錄,/,3,3,3,1,0
line-lap / ah1,20260213一輪播,遠房實價登錄,/,3,3,3,1,0
fb / bh9,23,遠房實價登錄,/,3,3,3,1,0
line-lap / h707,3,遠房實價登錄,/,3,3,3,1,0
line-lap / dh2,4,遠房實價登錄,/,3,3,3,1,0
line-lap / dh2,5,遠房實價登錄,/,3,3,3,1,0
fb / bh9,7,遠房實價登錄,/,3,3,3,1,0
fb / bh5,9-1,遠房實價登錄,/,3,3,3,1,0
google_kw / fh2,brand,遠房實價登錄,/,3,3,3,1,0
google_kw / rsh1,competitor,遠房實價登錄,/,3,3,3,1,0
google / cpc,competitor0829,遠房實價登錄,/,3,3,4,1.3333333333333333,0
fb / fh2,fb12-3,遠房實價登錄,/,3,3,3,1,0
fb / bh8,fb13-3,遠房實價登錄,/,3,3,3,1,0
fb / bh8,fb15-1,遠房實價登錄,/,3,3,3,1,0
fb / bh8,fb15-2,遠房實價登錄,/,3,3,4,1.3333333333333333,0
fb / eh1,fb202512-2,遠房實價登錄,/,3,3,3,1,0
fb / bh10,fb20262-5,遠房實價登錄,/,3,3,3,1,0
fb / bh8,fb24-1,遠房實價登錄,/,3,3,4,1.3333333333333333,0
fb / bh8,fb26-2,遠房實價登錄,/,3,3,3,1,0
fb / fm3,fb5-2,遠房實價登錄,/,3,3,3,1,0
fb / ar1,fb6-2,遠房實價登錄,/,3,3,3,1,0
fb / eh1,fbfanpage0116,遠房實價登錄,/,3,3,5,1.6666666666666667,16
fb / eh1,fbfanpage0123,遠房實價登錄,/,3,3,3,1,0
fb / eh1,fbfanpage0211,遠房實價登錄,/,3,3,6,2,0
fb / eh1,fbfanpage0213,遠房實價登錄,/,3,3,3,1,0
google / cpc,gdn11-2,遠房實價登錄,/,3,3,4,1.3333333333333333,0
google / cpc,gdn11-3,遠房實價登錄,/,3,3,3,1,0
google_kw / bh10,information6,遠房實價登錄,/,3,3,3,1,0
line-lap / bh7,lap-2,遠房實價登錄,/,3,3,3,1,0
leju / bh5,lejupage,遠房實價登錄,/,3,3,3,1,0
line / bh10,line20260218,遠房實價登錄,/,3,3,3,1,0
web / bh10,web-Google map,遠房實價登錄,/,3,3,4,1.3333333333333333,0
(data not available),(cross-network),遠雄房地產：最懂生活的購屋專家,/,3,3,3,1,20
fgr-line / eh6,20260220,遠雄房地產：最懂生活的購屋專家,/,3,3,3,1,17.666666666666668
fb / 0507,O1,遠雄房地產：最懂生活的購屋專家,/,3,3,3,1,0
google / cpc,O1_競品字_2025.0801,遠雄房地產：最懂生活的購屋專家,/,3,3,5,1.6666666666666667,18
google / cpc,dgc,遠雄房地產：最懂生活的購屋專家,/,3,3,3,1,11.333333333333334
google_kw / h109,kw-happygo,遠雄房地產：最懂生活的購屋專家,/,3,3,3,1,4.333333333333333
fb / eh2,leads,遠雄房地產：最懂生活的購屋專家,/,3,3,3,1,6
line-lap / bh10,line-lap20259-5,遠雄房地產：最懂生活的購屋專家,/,3,3,10,3.3333333333333335,36
line / o1,line202207-2,遠雄房地產：最懂生活的購屋專家,/,3,3,3,1,0
GOOGLEKW / cpc,GOOGLEMYBUSINESS,找不到頁面 - 遠雄房地產,/Build/Detail/H609,3,3,3,1,0.3333333333333333
fb / H709B,leads,找不到頁面 - 遠雄房地產,/Build/Detail/H709B,3,3,3,1,2.3333333333333335
m.facebook.com / referral,(referral),遠雄幸福成,/H713/main,3,3,3,1,0
(direct) / (none),(direct),影像光廊：建案風采-遠雄房地產,/about/brand_gallery/,3,3,6,2,7.333333333333333
fgr-line / ah1,20260220,影像光廊：建案風采-遠雄房地產,/about/brand_gallery/,3,3,5,1.6666666666666667,2
(direct) / (none),(direct),優勢榮耀 - 遠雄房地產,/about/branded_advantages/,3,3,3,1,0
google / organic,(organic),遠雄房地產最新公告 - 遠雄房地產,/activity-report-category/activities_glance/announcement_information/,3,3,3,1,5.333333333333333
google / organic,(organic),全民加演最終站《你好，我是接體員》 - 遠雄房地產,/activity-report/ucity_jul_drama/,3,3,3,1,7
fgr-line / bh7,20260210,✨ 洄山春序 福蘊綠美 ✨ - 遠雄房地產,/activity-report/✨-洄山春序-福蘊綠美-✨/,3,3,3,1,24.666666666666668
fgr-line / dh2,20260210,村泉蒔美 ✨ 馬騰金春迎蒔美 ✨ - 遠雄房地產,/activity-report/✨-馬騰金春迎蒔美-✨/,3,3,3,1,4.666666666666667
fgr-line / eh1,20260210,遠雄一靚🧨春遊一靚 喜迎新年 - 遠雄房地產,/activity-report/遠雄一靚🧨春遊一靚-喜迎新年/,3,3,4,1.3333333333333333,0.3333333333333333
fgr-line / h707,20260210,遠雄一靚🧨春遊一靚 喜迎新年 - 遠雄房地產,/activity-report/遠雄一靚🧨春遊一靚-喜迎新年/,3,3,3,1,45.666666666666664
news.google.com / referral,(referral),遠雄沐蘊 住進自然裡的美術館🌿沐蘊新春樂 - 遠雄房地產,/activity-report/遠雄沐蘊-住進自然裡的美術館🌿沐蘊新春樂/,3,3,3,1,0
fgr-line / ah2,20260210,遠雄沐蘊 住進自然裡的美術館🌿沐蘊新春樂 - 遠雄房地產,/activity-report/遠雄沐蘊-住進自然裡的美術館🌿沐蘊新春樂/,3,3,5,1.6666666666666667,36
fgr-line / fh2,20260210,遠雄沐蘊 住進自然裡的美術館🌿沐蘊新春樂 - 遠雄房地產,/activity-report/遠雄沐蘊-住進自然裡的美術館🌿沐蘊新春樂/,3,3,4,1.3333333333333333,38.666666666666664
google / organic,(organic),馬躍峰境 蘊見好年 - 遠雄房地產,/activity-report/馬躍峰境-蘊見好年/,3,3,3,1,8.666666666666666
google / cpc,(organic),活動一覽：建案活動與會員好禮 -遠雄房地產,/activity_report/activities_glance/,3,3,10,3.3333333333333335,52
google / cpc,gdn-1,活動一覽：建案活動與會員好禮 -遠雄房地產,/activity_report/activities_glance/,3,3,3,1,0
(direct) / (none),(direct),公告資訊 - 遠雄房地產,/activity_report/announcement_information/,3,3,3,1,2.6666666666666665
(direct) / (none),(direct),遠雄明玥 | 北士科水岸新生活．2000坪全街廓，只蓋一棟｜25-46坪-趙偉傑-遠雄房地產 Farglory-Realty,/ah1/g0106,3,3,6,2,26.666666666666668
(direct) / (none),(direct),找不到頁面 - 遠雄房地產,/attraction/attraction_13.html,3,3,3,1,0
google_kw / H113,competition,找不到頁面 - 遠雄房地產,/build/detail/h113,3,3,3,1,0
m.facebook.com / referral,(referral),找不到頁面 - 遠雄房地產,/build/detail/h603,3,3,3,1,0
(direct) / (none),(direct),遠雄房地產精選成屋(台北、新北、台中、桃園、台南、高雄) - 遠雄房地產,/building-category-tag/featured_existing_house/,3,3,3,1,14.666666666666666
google / cpc,(not set),遠雄房地產精選預售屋(台北、新北、台中、桃園、台南、高雄) - 遠雄房地產,/building-category-tag/featured_pre_sale/,3,3,3,1,28.333333333333332
fb / h707,1,遠雄房地產精選預售屋(台北、新北、台中、桃園、台南、高雄) - 遠雄房地產,/building-category-tag/featured_pre_sale/,3,3,3,1,18.333333333333332
fb / bh11,11-3,遠雄房地產精選預售屋(台北、新北、台中、桃園、台南、高雄) - 遠雄房地產,/building-category-tag/featured_pre_sale/,3,3,4,1.3333333333333333,16.666666666666668
google / cpc,20250616_台北豪宅/別墅,遠雄房地產精選預售屋(台北、新北、台中、桃園、台南、高雄) - 遠雄房地產,/building-category-tag/featured_pre_sale/,3,3,3,1,2.3333333333333335
google / cpc,20250616_品牌字,遠雄房地產精選預售屋(台北、新北、台中、桃園、台南、高雄) - 遠雄房地產,/building-category-tag/featured_pre_sale/,3,3,3,1,21.666666666666668
line / bh11,20260113-12-3,遠雄房地產精選預售屋(台北、新北、台中、桃園、台南、高雄) - 遠雄房地產,/building-category-tag/featured_pre_sale/,3,3,3,1,30.333333333333332
pop-outdoor / eh6,20260201,遠雄房地產精選預售屋(台北、新北、台中、桃園、台南、高雄) - 遠雄房地產,/building-category-tag/featured_pre_sale/,3,3,3,1,7.333333333333333
fb / bh9,39,遠雄房地產精選預售屋(台北、新北、台中、桃園、台南、高雄) - 遠雄房地產,/building-category-tag/featured_pre_sale/,3,3,3,1,6
google / cpc,DGM1-品牌字,遠雄房地產精選預售屋(台北、新北、台中、桃園、台南、高雄) - 遠雄房地產,/building-category-tag/featured_pre_sale/,3,3,3,1,8
google / cpc,Otherarea0829,遠雄房地產精選預售屋(台北、新北、台中、桃園、台南、高雄) - 遠雄房地產,/building-category-tag/featured_pre_sale/,3,3,3,1,8.333333333333334
pmp / ah1,avivid-1,遠雄房地產精選預售屋(台北、新北、台中、桃園、台南、高雄) - 遠雄房地產,/building-category-tag/featured_pre_sale/,3,3,4,1.3333333333333333,20.666666666666668
pmp / ah1,avivid-3,遠雄房地產精選預售屋(台北、新北、台中、桃園、台南、高雄) - 遠雄房地產,/building-category-tag/featured_pre_sale/,3,3,3,1,42.333333333333336
google / cpc,competitor0829,遠雄房地產精選預售屋(台北、新北、台中、桃園、台南、高雄) - 遠雄房地產,/building-category-tag/featured_pre_sale/,3,3,3,1,2.3333333333333335
google / cpc,core,遠雄房地產精選預售屋(台北、新北、台中、桃園、台南、高雄) - 遠雄房地產,/building-category-tag/featured_pre_sale/,3,3,4,1.3333333333333333,6
fb / cqh1,fb-26,遠雄房地產精選預售屋(台北、新北、台中、桃園、台南、高雄) - 遠雄房地產,/building-category-tag/featured_pre_sale/,3,3,3,1,4.333333333333333
fb / eh5,fb12-3,遠雄房地產精選預售屋(台北、新北、台中、桃園、台南、高雄) - 遠雄房地產,/building-category-tag/featured_pre_sale/,3,3,3,1,20
fb / ar1,fb7-2,遠雄房地產精選預售屋(台北、新北、台中、桃園、台南、高雄) - 遠雄房地產,/building-category-tag/featured_pre_sale/,3,3,3,1,5.666666666666667
google / cpc,gdn,遠雄房地產精選預售屋(台北、新北、台中、桃園、台南、高雄) - 遠雄房地產,/building-category-tag/featured_pre_sale/,3,3,3,1,36
line-lap / ah1,lap-2,遠雄房地產精選預售屋(台北、新北、台中、桃園、台南、高雄) - 遠雄房地產,/building-category-tag/featured_pre_sale/,3,3,4,1.3333333333333333,36
fb / bh5,leads,遠雄房地產精選預售屋(台北、新北、台中、桃園、台南、高雄) - 遠雄房地產,/building-category-tag/featured_pre_sale/,3,3,3,1,25
fb / fh2,leads,遠雄房地產精選預售屋(台北、新北、台中、桃園、台南、高雄) - 遠雄房地產,/building-category-tag/featured_pre_sale/,3,3,3,1,6.666666666666667
google / cpc,newtaipei,遠雄房地產精選預售屋(台北、新北、台中、桃園、台南、高雄) - 遠雄房地產,/building-category-tag/featured_pre_sale/,3,3,3,1,10.333333333333334
google / organic,(organic),遠雄房地產精選預售屋(台北、新北、台中、桃園、台南、高雄) - 遠雄房地產,/building-category-tag/featured_pre_sale/page/2/,3,3,3,1,16.333333333333332
google / cpc,(organic),親子宅相關預售屋/新成屋/新建案資料|遠雄房地產,/building-tag/build-tag-child/,3,3,4,1.3333333333333333,13.666666666666666
(direct) / (none),(direct),綠建築相關預售屋/新成屋/新建案資料|遠雄房地產,/building-tag/build-tag-green/,3,3,3,1,30
google / organic,(organic),綠建築相關預售屋/新成屋/新建案資料|遠雄房地產,/building-tag/build-tag-green/,3,3,3,1,1.3333333333333333
fb / eh5,park,綠建築相關預售屋/新成屋/新建案資料|遠雄房地產,/building-tag/build-tag-green/,3,3,3,1,8.333333333333334
google / cpc,area,捷運宅相關預售屋/新成屋/新建案資料|遠雄房地產,/building-tag/build-tag-mrt/,3,3,4,1.3333333333333333,15
google / cpc,banqiao,捷運宅相關預售屋/新成屋/新建案資料|遠雄房地產,/building-tag/build-tag-mrt/,3,3,3,1,14.333333333333334
google / cpc,brand,捷運宅相關預售屋/新成屋/新建案資料|遠雄房地產,/building-tag/build-tag-mrt/,3,3,4,1.3333333333333333,21
fb / eh5,fb31-1,捷運宅相關預售屋/新成屋/新建案資料|遠雄房地產,/building-tag/build-tag-mrt/,3,3,4,1.3333333333333333,22.333333333333332
fb / eh5,park,捷運宅相關預售屋/新成屋/新建案資料|遠雄房地產,/building-tag/build-tag-mrt/,3,3,3,1,6.333333333333333
(direct) / (none),(direct),公園宅相關預售屋/新成屋/新建案資料|遠雄房地產,/building-tag/build-tag-park/,3,3,3,1,5.666666666666667
google / cpc,pmax,公園宅相關預售屋/新成屋/新建案資料|遠雄房地產,/building-tag/build-tag-park/,3,3,6,2,22.666666666666668
google / cpc,(organic),重劃區相關預售屋/新成屋/新建案資料|遠雄房地產,/building-tag/build-tag-plan/,3,3,4,1.3333333333333333,9.666666666666666
google / organic,(organic),制震宅相關預售屋/新成屋/新建案資料|遠雄房地產,/building-tag/build-tag-quake/,3,3,4,1.3333333333333333,0.6666666666666666
google_kw / dh2,(organic),學區宅相關預售屋/新成屋/新建案資料|遠雄房地產,/building-tag/build-tag-school/,3,3,5,1.6666666666666667,13
google / cpc,202601,商用不動產 彙整 - 遠雄房地產,/building-tag/商用不動產/,3,3,3,1,54.333333333333336
google / organic,(organic),招待會所 彙整 - 遠雄房地產,/building-tag/招待會所/,3,3,3,1,4.333333333333333
google_kw / h713,(organic),景觀宅 彙整 - 遠雄房地產,/building-tag/景觀宅/,3,3,3,1,9.666666666666666
google / cpc,(organic),渡假宅 彙整 - 遠雄房地產,/building-tag/渡假宅/,3,3,3,1,7.666666666666667
google / cpc,(organic),豪宅 彙整 - 遠雄房地產,/building-tag/豪宅/,3,3,3,1,16
google / cpc,O1_地區字_2025.0801,豪宅 彙整 - 遠雄房地產,/building-tag/豪宅/,3,3,3,1,12.333333333333334
(direct) / (none),(direct),熱銷建案 彙整 - 遠雄房地產,/buildings/,3,3,3,1,7.333333333333333
supermario.corp.google.com / referral,(referral),"Linked Intelligent Technology | Beishike AI Headquarters, Huida Core Axis - Taipei Beitou District Commercial Office/Pre-sale New Construction Project - Schedule a Viewing Appointment, Far Eastern Marketing",/buildings/5vo1/,3,3,0,0,24
supermario.corp.google.com / referral,(referral),聯上智科｜北士科AI總部 輝達核心軸線 -台北市北投區商辦/預售新建案-預約賞屋，遠創力行銷,/buildings/5vo1/,3,3,7,2.3333333333333335,155
google / cpc,20250616_北投士林豪宅/別墅,聯上智科｜北士科AI總部 輝達核心軸線 -台北市北投區商辦/預售新建案-預約賞屋，遠創力行銷,/buildings/5vo1/,3,3,3,1,14.333333333333334
google / cpc,202601,聯上智科｜北士科AI總部 輝達核心軸線 -台北市北投區商辦/預售新建案-預約賞屋，遠創力行銷,/buildings/5vo1/,3,3,3,1,11.333333333333334
google / cpc,DGM1-地區字,聯上智科｜北士科AI總部 輝達核心軸線 -台北市北投區商辦/預售新建案-預約賞屋，遠創力行銷,/buildings/5vo1/,3,3,2,0.6666666666666666,77
fb / 8fxz11,20250520_5-2,找不到頁面 - 遠雄房地產,/buildings/8fxz11/,3,3,3,1,2
(direct) / (none),(direct),Farglory Realty: The Home Buying Experts Who Understand Life Best,/,3,3,0,0,25.333333333333332
google_kw / h713,(organic),台中西屯建案【遠雄洄山行】．2-4房方正格局,/buildings/BH8/,3,3,3,1,9
(not set),20260213一輪播,台中西屯建案【遠雄洄山行】．2-4房方正格局,/buildings/BH8/,3,3,2,0.6666666666666666,18
google / cpc,othercities_brand,台中西屯建案【遠雄洄山行】．2-4房方正格局,/buildings/BH8/,3,3,4,1.3333333333333333,47.666666666666664
google / cpc,20250616_台北豪宅/別墅,北士科建案【遠雄明玥】2000坪全街廓只蓋一棟．25-46坪,/buildings/ah1/,3,3,3,1,35
line-lap / ar1,20260210-7-2,北士科建案【遠雄明玥】2000坪全街廓只蓋一棟．25-46坪,/buildings/ah1/,3,3,3,1,0
line-lap / ah1,20260213一輪播,北士科建案【遠雄明玥】2000坪全街廓只蓋一棟．25-46坪,/buildings/ah1/,3,3,6,2,15.333333333333334
google / cpc,com,北士科建案【遠雄明玥】2000坪全街廓只蓋一棟．25-46坪,/buildings/ah1/,3,3,3,1,10.333333333333334
google / cpc,gdn,北士科建案【遠雄明玥】2000坪全街廓只蓋一棟．25-46坪,/buildings/ah1/,3,3,5,1.6666666666666667,5.333333333333333
line-lap / cqh1,lap-2,北士科建案【遠雄明玥】2000坪全街廓只蓋一棟．25-46坪,/buildings/ah1/,3,3,3,1,4.333333333333333
(not set),北投士林,北士科建案【遠雄明玥】2000坪全街廓只蓋一棟．25-46坪,/buildings/ah1/,3,3,3,1,18.333333333333332
mkto-sn070013.com / referral,(referral),北士科建案【遠雄泱玥】水岸首排．57-75坪,/buildings/ah2/,3,3,5,1.6666666666666667,35.333333333333336
ig / paid,120210744263750402,北士科建案【遠雄泱玥】水岸首排．57-75坪,/buildings/ah2/,3,3,3,1,18
line-lap / ao1,20240612_6-1,找不到頁面 - 遠雄房地產,/buildings/ao1/,3,3,3,1,0
fb / ao1,leads,找不到頁面 - 遠雄房地產,/buildings/ao1/,3,3,3,1,4.666666666666667
google_kw / AR1,20250616_台北豪宅/別墅,齊興_緻-台北市北投區/北士科住宅預售屋,/buildings/ar1/,3,3,3,1,32
google_kw / AR1,20250616_品牌字,齊興_緻-台北市北投區/北士科住宅預售屋,/buildings/ar1/,3,3,5,1.6666666666666667,0.6666666666666666
webnews / ar1,20250618,齊興_緻-台北市北投區/北士科住宅預售屋,/buildings/ar1/,3,3,3,1,25.333333333333332
avivid / bh11,20251212,齊興_緻-台北市北投區/北士科住宅預售屋,/buildings/ar1/,3,3,3,1,12.333333333333334
line / bh11,20260206-2-4,齊興_緻-台北市北投區/北士科住宅預售屋,/buildings/ar1/,3,3,3,1,0
fb / ar1,fb6-2,齊興_緻-台北市北投區/北士科住宅預售屋,/buildings/ar1/,3,3,3,1,0
google / cpc,gdn11-4,齊興_緻-台北市北投區/北士科住宅預售屋,/buildings/ar1/,3,3,3,1,16.666666666666668
line / rsh1,line-lap1-5_600x400,齊興_緻-台北市北投區/北士科住宅預售屋,/buildings/ar1/,3,3,3,1,28.666666666666668
google_kw / BH8,20240816_品牌字,北屯敦富路【遠雄敦富】- 北屯機捷預售屋．近好市多,/buildings/bh10/,3,3,3,1,14.333333333333334
google / cpc,core,北屯敦富路【遠雄敦富】- 北屯機捷預售屋．近好市多,/buildings/bh10/,3,3,3,1,39.666666666666664
fb / bh10,fb20261-5,北屯敦富路【遠雄敦富】- 北屯機捷預售屋．近好市多,/buildings/bh10/,3,3,3,1,5
fb / bh10,fb20262-5,北屯敦富路【遠雄敦富】- 北屯機捷預售屋．近好市多,/buildings/bh10/,3,3,3,1,11.333333333333334
line-lap / bh7,lap-2,北屯敦富路【遠雄敦富】- 北屯機捷預售屋．近好市多,/buildings/bh10/,3,3,3,1,3.6666666666666665
line / bh10,line20260218,北屯敦富路【遠雄敦富】- 北屯機捷預售屋．近好市多,/buildings/bh10/,3,3,3,1,7
google / cpc,othercities_brand,北屯敦富路【遠雄敦富】- 北屯機捷預售屋．近好市多,/buildings/bh10/,3,3,5,1.6666666666666667,52.666666666666664
web / bh10,web-Google map,北屯敦富路【遠雄敦富】- 北屯機捷預售屋．近好市多,/buildings/bh10/,3,3,4,1.3333333333333333,4
google / cpc,20260113-12-4,"Farglory Phase 14 Launch: Farglory Fengshang, a new project in Beitun, near Hanshin Intercontinental Department Store.",/buildings/bh11/,3,3,1,0.3333333333333333,3.6666666666666665
google / cpc,landmark0829,"Farglory Phase 14 Launch: Farglory Fengshang, a new project in Beitun, near Hanshin Intercontinental Department Store.",/buildings/bh11/,3,3,0,0,6
web-udn / bh11,2601,遠雄14期首發【遠雄丰尚】北屯新案．近漢神洲際百貨,/buildings/bh11/,3,3,3,1,51.333333333333336
fb / bh5,14,遠雄琉蘊 -台中市西屯區七期預售屋/新建案-預約賞屋，遠雄房地產,/buildings/bh5/,3,3,3,1,3
fb / bh5,48,遠雄琉蘊 -台中市西屯區七期預售屋/新建案-預約賞屋，遠雄房地產,/buildings/bh5/,3,3,3,1,70.66666666666667
fb / bh5,9-1,遠雄琉蘊 -台中市西屯區七期預售屋/新建案-預約賞屋，遠雄房地產,/buildings/bh5/,3,3,3,1,1.6666666666666667
google / cpc,BH10-台中區域字,遠雄琉蘊 -台中市西屯區七期預售屋/新建案-預約賞屋，遠雄房地產,/buildings/bh5/,3,3,3,1,10.666666666666666
google / cpc,BH10-競品字,遠雄琉蘊 -台中市西屯區七期預售屋/新建案-預約賞屋，遠雄房地產,/buildings/bh5/,3,3,3,1,10.666666666666666
line-lap / fh2,line-lap12-2,遠雄琉蘊 -台中市西屯區七期預售屋/新建案-預約賞屋，遠雄房地產,/buildings/bh5/,3,3,3,1,10.666666666666666
google / cpc,landmark0829,【遠雄樂元】北屯機捷X好市多，雙首排大道最核心，夠近才最好,/buildings/bh7/,3,3,5,1.6666666666666667,72.33333333333333
bing / organic,(organic),台中西屯建案【遠雄洄山行】．2-4房方正格局,/buildings/bh8/,3,3,4,1.3333333333333333,18.666666666666668
fb / bh5,38,台中西屯建案【遠雄洄山行】．2-4房方正格局,/buildings/bh8/,3,3,4,1.3333333333333333,54.333333333333336
fb / bh9,39,台中西屯建案【遠雄洄山行】．2-4房方正格局,/buildings/bh8/,3,3,3,1,1
fb / bh8,fb13-3,台中西屯建案【遠雄洄山行】．2-4房方正格局,/buildings/bh8/,3,3,3,1,0
fb / bh8,fb15-1,台中西屯建案【遠雄洄山行】．2-4房方正格局,/buildings/bh8/,3,3,3,1,4.666666666666667
fb / bh8,fb15-2,台中西屯建案【遠雄洄山行】．2-4房方正格局,/buildings/bh8/,3,3,4,1.3333333333333333,16.666666666666668
fb / bh8,fb24-1,台中西屯建案【遠雄洄山行】．2-4房方正格局,/buildings/bh8/,3,3,4,1.3333333333333333,5.333333333333333
fb / bh8,fb26-2,台中西屯建案【遠雄洄山行】．2-4房方正格局,/buildings/bh8/,3,3,3,1,30.333333333333332
google / cpc,(organic),Shuiqi Construction Case [Yuanxiong Green Beauty] Close to Green Beauty Picture. Pre-sale house in Central Park,/buildings/bh9/,3,3,0,0,21.666666666666668
google_kw / BH8,20240816_台中高價建案,水湳建案【遠雄綠美】鄰近綠美圖．中央公園預售屋,/buildings/bh9/,3,3,3,1,5.333333333333333
google_kw / BH8,20240816_品牌字,水湳建案【遠雄綠美】鄰近綠美圖．中央公園預售屋,/buildings/bh9/,3,3,3,1,14
fb / bh9,23,水湳建案【遠雄綠美】鄰近綠美圖．中央公園預售屋,/buildings/bh9/,3,3,3,1,0
fb / bh9,28,水湳建案【遠雄綠美】鄰近綠美圖．中央公園預售屋,/buildings/bh9/,3,3,3,1,4.333333333333333
fb / bh9,7,水湳建案【遠雄綠美】鄰近綠美圖．中央公園預售屋,/buildings/bh9/,3,3,3,1,0.6666666666666666
google / cpc,BH10-競品字,水湳建案【遠雄綠美】鄰近綠美圖．中央公園預售屋,/buildings/bh9/,3,3,4,1.3333333333333333,48.666666666666664
google / cpc,othercities_brand,水湳建案【遠雄綠美】鄰近綠美圖．中央公園預售屋,/buildings/bh9/,3,3,5,1.6666666666666667,26.333333333333332
fb / paid,120232410691820316,村泉蒔美｜門戶端點 從容跨界｜台北生活最美起點,/buildings/cqh1/,3,3,3,1,2.3333333333333335
leju / cqh1,lejupage,村泉蒔美｜門戶端點 從容跨界｜台北生活最美起點,/buildings/cqh1/,3,3,3,1,24.666666666666668
fgr-line / dgm1,20260221,大河商爵-台北市士林區廠辦/預售新建案-預約賞屋，遠創力行銷,/buildings/dgm1/,3,3,8,2.6666666666666665,347.3333333333333
google / cpc,Pmax,大河商爵-台北市士林區廠辦/預售新建案-預約賞屋，遠創力行銷,/buildings/dgm1/,3,3,3,1,10.666666666666666
fb / dgm1,fbfanpage1205,大河商爵-台北市士林區廠辦/預售新建案-預約賞屋，遠創力行銷,/buildings/dgm1/,3,3,3,1,0
line-lap / dh2,10,台南永康新建案【遠雄山禾】-鹽行特區．3-4房,/buildings/dh2/,3,3,3,1,0
line-lap / eh2,20251209,台南永康新建案【遠雄山禾】-鹽行特區．3-4房,/buildings/dh2/,3,3,3,1,0
avivid / bh11,20251212,台南永康新建案【遠雄山禾】-鹽行特區．3-4房,/buildings/dh2/,3,3,3,1,4.666666666666667
fgr-line / dh2,20260206,台南永康新建案【遠雄山禾】-鹽行特區．3-4房,/buildings/dh2/,3,3,4,1.3333333333333333,0
fb / eh1,fb202512-2,高雄建案推薦【遠雄峰蘊】- 三民區預售屋．近科工館,/buildings/eh1/,3,3,3,1,8.666666666666666
line / eh1,line0130,高雄建案推薦【遠雄峰蘊】- 三民區預售屋．近科工館,/buildings/eh1/,3,3,3,1,0
google / cpc,pmax,高雄建案推薦【遠雄峰蘊】- 三民區預售屋．近科工館,/buildings/eh1/,3,3,3,1,6.333333333333333
google_kw / eh2,(organic),遠雄一靚｜楠梓新案．高大特區首發｜早鳥預約中,/buildings/eh2/,3,3,3,1,0
mkto-sn070013.com / referral,(referral),遠雄一靚｜楠梓新案．高大特區首發｜早鳥預約中,/buildings/eh2/,3,3,4,1.3333333333333333,87.66666666666667
fb / eh2,9-1,遠雄一靚｜楠梓新案．高大特區首發｜早鳥預約中,/buildings/eh2/,3,3,3,1,3
google_kw / eh2,information3,遠雄一靚｜楠梓新案．高大特區首發｜早鳥預約中,/buildings/eh2/,3,3,3,1,0
m.facebook.com / referral,(referral),遠雄沐蘊-高雄市三民區預售屋/新建案-預約賞屋,/buildings/eh5/,3,3,3,1,4.666666666666667
tw.search.yahoo.com / referral,(referral),遠雄沐蘊-高雄市三民區預售屋/新建案-預約賞屋,/buildings/eh5/,3,3,3,1,34
fb / eh1,11-1,遠雄沐蘊-高雄市三民區預售屋/新建案-預約賞屋,/buildings/eh5/,3,3,3,1,27.666666666666668
fb / eh5,DaVincifarglory,遠雄沐蘊-高雄市三民區預售屋/新建案-預約賞屋,/buildings/eh5/,3,3,3,1,73.66666666666667
google / cpc,O1_特色字_2025.0801,遠雄沐蘊-高雄市三民區預售屋/新建案-預約賞屋,/buildings/eh5/,3,3,3,1,11.666666666666666
fb / eh5,fb18,遠雄沐蘊-高雄市三民區預售屋/新建案-預約賞屋,/buildings/eh5/,3,3,3,1,1.6666666666666667
(data not available),(cross-network),Farglory Garden | Kaohsiung's New Gateway to Nanzi | Next to MRT R21 Station | 3795 Ping (approximately 1833 square meters) of Luxurious Land,/buildings/eh6/,3,3,0,0,7
google / cpc,gdn,Khu đô thị Farglory Garden | Cửa ngõ mới của Cao Hùng đến Nanzi | Nằm cạnh ga MRT R21 | Diện tích đất sang trọng 3795 Ping (khoảng 1833 mét vuông),/buildings/eh6/,3,3,0,0,95
line-lap / ar1,20260101-6-1,遠雄蘴靚｜高雄楠梓新門戶｜捷運R21站旁｜3795坪豪闊基地,/buildings/eh6/,3,3,4,1.3333333333333333,2.6666666666666665
fgr-line / eh2,20260210,遠雄蘴靚｜高雄楠梓新門戶｜捷運R21站旁｜3795坪豪闊基地,/buildings/eh6/,3,3,5,1.6666666666666667,52.666666666666664
google / cpc,Qianzhen.Qianjin,遠雄蘴靚｜高雄楠梓新門戶｜捷運R21站旁｜3795坪豪闊基地,/buildings/eh6/,3,3,4,1.3333333333333333,36
google_kw / eh6,brand,遠雄蘴靚｜高雄楠梓新門戶｜捷運R21站旁｜3795坪豪闊基地,/buildings/eh6/,3,3,3,1,0
fgr-line / ah1,20260220,遠雄合雅｜板橋之心・合院之上｜2~3房．24~66坪,/buildings/fh2/,3,3,3,1,19.333333333333332
google / cpc,RSH1-地區字新北,遠雄合雅｜板橋之心・合院之上｜2~3房．24~66坪,/buildings/fh2/,3,3,3,1,35.666666666666664
google / cpc,RSH1-買房字,遠雄合雅｜板橋之心・合院之上｜2~3房．24~66坪,/buildings/fh2/,3,3,3,1,130
google_kw / fh2,brand,遠雄合雅｜板橋之心・合院之上｜2~3房．24~66坪,/buildings/fh2/,3,3,3,1,0
fb / fh2,fbfanpage0212,遠雄合雅｜板橋之心・合院之上｜2~3房．24~66坪,/buildings/fh2/,3,3,6,2,84.66666666666667
line-lap / ah1,lap-2,遠雄合雅｜板橋之心・合院之上｜2~3房．24~66坪,/buildings/fh2/,3,3,3,1,0
google / cpc,220711,找不到頁面 - 遠雄房地產,/buildings/fm1/,3,3,7,2.3333333333333335,2.3333333333333335
google / cpc,Pmax,"Farglory Xinyi Center - Kota Taipei Baru, Distrik Banqiao, Gedung Pabrik dan Kantor Komersial/Proyek Konstruksi Baru (Pra-penjualan) - Jadwalkan Kunjungan",/buildings/fm3/,3,3,1,0.3333333333333333,60
google / cpc,brand,遠雄信義CENTER-新北市板橋區廠辦.商辦/預售新建案-預約賞屋,/buildings/fm3/,3,3,3,1,102
fb / fm3,fb5-2,遠雄信義CENTER-新北市板橋區廠辦.商辦/預售新建案-預約賞屋,/buildings/fm3/,3,3,3,1,2.3333333333333335
fb / fm3,fb8-2,遠雄信義CENTER-新北市板橋區廠辦.商辦/預售新建案-預約賞屋,/buildings/fm3/,3,3,3,1,13.333333333333334
line / h713,(not set),遠雄星呈-台中市清水區預售屋/新建案-預約賞屋，遠雄房地產,/buildings/h707/,3,3,3,1,0
fb / h707,35,遠雄星呈-台中市清水區預售屋/新建案-預約賞屋，遠雄房地產,/buildings/h707/,3,3,3,1,1.3333333333333333
google / cpc,BH10-十四期區域字,遠雄星呈-台中市清水區預售屋/新建案-預約賞屋，遠雄房地產,/buildings/h707/,3,3,3,1,20.666666666666668
google / cpc,brand,遠雄星呈-台中市清水區預售屋/新建案-預約賞屋，遠雄房地產,/buildings/h707/,3,3,3,1,26.333333333333332
google / cpc,brand0829,遠雄星呈-台中市清水區預售屋/新建案-預約賞屋，遠雄房地產,/buildings/h707/,3,3,4,1.3333333333333333,11
google_kw / h707,googlemap,遠雄星呈-台中市清水區預售屋/新建案-預約賞屋，遠雄房地產,/buildings/h707/,3,3,5,1.6666666666666667,32.666666666666664
fb / h707,page,遠雄星呈-台中市清水區預售屋/新建案-預約賞屋，遠雄房地產,/buildings/h707/,3,3,3,1,0
(not set),(not set),遠雄幸福成｜即將落成 - 台中市清水區預售/新建案-預約賞屋，遠雄房地產,/buildings/h713/,3,3,2,0.6666666666666666,2
m.facebook.com / referral,(referral),遠雄幸福成｜即將落成 - 台中市清水區預售/新建案-預約賞屋，遠雄房地產,/buildings/h713/,3,3,4,1.3333333333333333,2
line-lap / H713,20220822,遠雄幸福成｜即將落成 - 台中市清水區預售/新建案-預約賞屋，遠雄房地產,/buildings/h713/,3,3,3,1,3.6666666666666665
google / cpc,brand,遠雄幸福成｜即將落成 - 台中市清水區預售/新建案-預約賞屋，遠雄房地產,/buildings/h713/,3,3,3,1,39.666666666666664
fb / h713,page,遠雄幸福成｜即將落成 - 台中市清水區預售/新建案-預約賞屋，遠雄房地產,/buildings/h713/,3,3,3,1,3
google_kw / h902,230112,遠雄琢蘊-高雄市三民區預售屋/新建案-預約賞屋，遠雄房地產,/buildings/h902/,3,3,3,1,0
googlemap / h95,googlemap,找不到頁面 - 遠雄房地產,/buildings/h95/,3,3,4,1.3333333333333333,10.666666666666666
google_kw / hh1,taoyuan,找不到頁面 - 遠雄房地產,/buildings/hh1,3,3,3,1,0
line-lap / hh2,20240401,找不到頁面 - 遠雄房地產,/buildings/hh2/,3,3,3,1,0
m.facebook.com / referral,(referral),找不到頁面 - 遠雄房地產,/buildings/hh3/,3,3,3,1,0
google_kw / him1,factory,找不到頁面 - 遠雄房地產,/buildings/him1/,3,3,3,1,0
google_kw / him1,taipeioffice,找不到頁面 - 遠雄房地產,/buildings/him1/,3,3,3,1,1
google / cpc,202601,Farglory MetaLink Technology Park | Airport MRT A7 & A8 Station | VIP corporate seats are now open for reservation.,/buildings/hm2/,3,3,0,0,40.333333333333336
webnews / hm2,202512,遠雄MetaLink科技園區 | 機捷A7．A8站▕ VIP企業席次開放預約中,/buildings/hm2/,3,3,4,1.3333333333333333,22.666666666666668
fb / hm2,251201,遠雄MetaLink科技園區 | 機捷A7．A8站▕ VIP企業席次開放預約中,/buildings/hm2/,3,3,3,1,6
google / cpc,dgc,遠雄MetaLink科技園區 | 機捷A7．A8站▕ VIP企業席次開放預約中,/buildings/hm2/,3,3,3,1,3.3333333333333335
google / cpc,gdn-1,遠雄MetaLink科技園區 | 機捷A7．A8站▕ VIP企業席次開放預約中,/buildings/hm2/,3,3,4,1.3333333333333333,9
googlemap / jjh1,googlemap,找不到頁面 - 遠雄房地產,/buildings/jjh1,3,3,3,1,0.3333333333333333
google_kw / m62,20211228,找不到頁面 - 遠雄房地產,/buildings/m62/,3,3,3,1,0
google / cpc,O1_地區字_2025.0801,"Farglory THE ONE - Newly Built/Constructed Housing Project in Qianzhen District, Kaohsiung City - Schedule a Viewing",/buildings/o1/,3,3,1,0.3333333333333333,13
fb / o1,20250402_15-2,遠雄THE ONE-高雄市前鎮區新成屋/新建案-預約賞屋,/buildings/o1/,3,3,3,1,0.3333333333333333
fb / o1,20250402_15-4,遠雄THE ONE-高雄市前鎮區新成屋/新建案-預約賞屋,/buildings/o1/,3,3,3,1,1.3333333333333333
fb / o1,20250422_20-2,遠雄THE ONE-高雄市前鎮區新成屋/新建案-預約賞屋,/buildings/o1/,3,3,3,1,2.3333333333333335
fgr-line / ah1,20260220,遠雄THE ONE-高雄市前鎮區新成屋/新建案-預約賞屋,/buildings/o1/,3,3,3,1,61.333333333333336
google / cpc,gdn-1,遠雄THE ONE-高雄市前鎮區新成屋/新建案-預約賞屋,/buildings/o1/,3,3,3,1,89.33333333333333
google / cpc,gdn-2,遠雄THE ONE-高雄市前鎮區新成屋/新建案-預約賞屋,/buildings/o1/,3,3,3,1,50
google_kw / qyh1,brand,找不到頁面 - 遠雄房地產,/buildings/qyh1/,3,3,3,1,0
fb / qyh2,fb10-4,找不到頁面 - 遠雄房地產,/buildings/qyh2,3,3,3,1,3.3333333333333335
mkto-sn070013.com / referral,(referral),若水秧翠｜東京視野・頂埔門牌｜1~3房．20~42坪,/buildings/rsh1/,3,3,5,1.6666666666666667,53.333333333333336
(not set),20251230一輪播,若水秧翠｜東京視野・頂埔門牌｜1~3房．20~42坪,/buildings/rsh1/,3,3,3,1,13.666666666666666
google / cpc,banqiao,若水秧翠｜東京視野・頂埔門牌｜1~3房．20~42坪,/buildings/rsh1/,3,3,4,1.3333333333333333,190.66666666666666
fb / rsh1,fb1-2,若水秧翠｜東京視野・頂埔門牌｜1~3房．20~42坪,/buildings/rsh1/,3,3,3,1,0
fb / rsh1,fbfanpage0108,若水秧翠｜東京視野・頂埔門牌｜1~3房．20~42坪,/buildings/rsh1/,3,3,4,1.3333333333333333,74
fb / rsh1,fbfanpage0116,若水秧翠｜東京視野・頂埔門牌｜1~3房．20~42坪,/buildings/rsh1/,3,3,5,1.6666666666666667,50.333333333333336
tw.search.yahoo.com / referral,(referral),遠雄夏沐-桃園市桃園區成屋/新建案-預約賞屋，遠雄房地產,/buildings/遠雄夏沐/,3,3,3,1,6.333333333333333
google / cpc,202511,遠雄夏沐-桃園市桃園區成屋/新建案-預約賞屋，遠雄房地產,/buildings/遠雄夏沐/,3,3,3,1,58
bing / organic,(organic),熱銷建案：預售屋、新建案、新成屋 -遠雄房地產,/case/,3,3,4,1.3333333333333333,0.6666666666666666
fb / eh1,11-1,熱銷建案：預售屋、新建案、新成屋 -遠雄房地產,/case/,3,3,4,1.3333333333333333,6.333333333333333
google / cpc,20250616_品牌字,熱銷建案：預售屋、新建案、新成屋 -遠雄房地產,/case/,3,3,3,1,0.6666666666666666
google / cpc,202602,熱銷建案：預售屋、新建案、新成屋 -遠雄房地產,/case/,3,3,3,1,4
google / cpc,20260206-2-4,熱銷建案：預售屋、新建案、新成屋 -遠雄房地產,/case/,3,3,3,1,6.333333333333333
line-lap / ar1,20260210-7-2,熱銷建案：預售屋、新建案、新成屋 -遠雄房地產,/case/,3,3,3,1,6
google / cpc,O1_地區字_2025.0801,熱銷建案：預售屋、新建案、新成屋 -遠雄房地產,/case/,3,3,4,1.3333333333333333,15.666666666666666
google / cpc,corearea0829,熱銷建案：預售屋、新建案、新成屋 -遠雄房地產,/case/,3,3,15,5,40.333333333333336
google_kw / dh2,(organic),熱銷建案一覽：遠雄全台預售屋、新建案、新成屋資訊,/case/search/,3,3,9,3,19.666666666666668
fb / O1,120227538157820464,熱銷建案一覽：遠雄全台預售屋、新建案、新成屋資訊,/case/search/,3,3,6,2,30.666666666666668
google / cpc,20250616_北投士林豪宅/別墅,熱銷建案一覽：遠雄全台預售屋、新建案、新成屋資訊,/case/search/,3,3,4,1.3333333333333333,28.333333333333332
google / cpc,20250616_品牌字,熱銷建案一覽：遠雄全台預售屋、新建案、新成屋資訊,/case/search/,3,3,3,1,11
google_kw / 5vo1,202511,熱銷建案一覽：遠雄全台預售屋、新建案、新成屋資訊,/case/search/,3,3,8,2.6666666666666665,44.333333333333336
google / cpc,202602,熱銷建案一覽：遠雄全台預售屋、新建案、新成屋資訊,/case/search/,3,3,3,1,4.666666666666667
google / cpc,BH10-台中區域字,熱銷建案一覽：遠雄全台預售屋、新建案、新成屋資訊,/case/search/,3,3,7,2.3333333333333335,48.666666666666664
google / cpc,BH10-品牌字,熱銷建案一覽：遠雄全台預售屋、新建案、新成屋資訊,/case/search/,3,3,5,1.6666666666666667,13.666666666666666
google / cpc,BH10-競品字,熱銷建案一覽：遠雄全台預售屋、新建案、新成屋資訊,/case/search/,3,3,12,4,112.66666666666667
google / cpc,CQH1-地區字,熱銷建案一覽：遠雄全台預售屋、新建案、新成屋資訊,/case/search/,3,3,5,1.6666666666666667,19.666666666666668
google / cpc,O1_地區字_2025.0801,熱銷建案一覽：遠雄全台預售屋、新建案、新成屋資訊,/case/search/,3,3,4,1.3333333333333333,49.333333333333336
google / cpc,RSH1-買房字,熱銷建案一覽：遠雄全台預售屋、新建案、新成屋資訊,/case/search/,3,3,14,4.666666666666667,63.666666666666664
google / cpc,banqiao,熱銷建案一覽：遠雄全台預售屋、新建案、新成屋資訊,/case/search/,3,3,6,2,16
fb / eh6,fb1-3,熱銷建案一覽：遠雄全台預售屋、新建案、新成屋資訊,/case/search/,3,3,6,2,31
google / cpc,gdn-1,熱銷建案一覽：遠雄全台預售屋、新建案、新成屋資訊,/case/search/,3,3,3,1,8
google / cpc,gdn-2,熱銷建案一覽：遠雄全台預售屋、新建案、新成屋資訊,/case/search/,3,3,3,1,33.333333333333336
google_kw / h713,(organic),熱銷建案一覽：遠雄全台預售屋、新建案、新成屋資訊,/case/search/building-category-tag/134/,3,3,3,1,24.666666666666668
mkto-sn070013.com / referral,(referral),熱銷建案一覽：遠雄全台預售屋、新建案、新成屋資訊,/case/search/building-category-tag/134/,3,3,3,1,16
google / cpc,(organic),熱銷建案一覽：遠雄全台預售屋、新建案、新成屋資訊,/case/search/building-category-tag/135/,3,3,3,1,4.666666666666667
google / cpc,202511,熱銷建案一覽：遠雄全台預售屋、新建案、新成屋資訊,/case/search/page/2/,3,3,3,1,15.666666666666666
google_kw / 5vo1,202511,熱銷建案一覽：遠雄全台預售屋、新建案、新成屋資訊,/case/search/page/2/,3,3,3,1,27
sms / aep-cdp,CRM-001-D,熱銷建案一覽：遠雄全台預售屋、新建案、新成屋資訊,/case/search/page/2/,3,3,3,1,2
tw.search.yahoo.com / referral,(referral),熱銷建案一覽：遠雄全台預售屋、新建案、新成屋資訊,/case/search/page/3/,3,3,4,1.3333333333333333,27
google_kw / 5vo1,202511,熱銷建案一覽：遠雄全台預售屋、新建案、新成屋資訊,/case/search/page/3/,3,3,5,1.6666666666666667,13.666666666666666
line / bh11,20260206-2-4,熱銷建案一覽：遠雄全台預售屋、新建案、新成屋資訊,/case/search/sales_status/coming-soon/,3,3,3,1,4
(not set),20260213一輪播,熱銷建案一覽：遠雄全台預售屋、新建案、新成屋資訊,/case/search/sales_status/coming-soon/,3,3,3,1,0.6666666666666666
google / cpc,RSH1-品牌字,熱銷建案一覽：遠雄全台預售屋、新建案、新成屋資訊,/case/search/sales_status/coming-soon/,3,3,3,1,8.666666666666666
google / cpc,RSH1-買房字,熱銷建案一覽：遠雄全台預售屋、新建案、新成屋資訊,/case/search/sales_status/coming-soon/,3,3,3,1,28.666666666666668
google / cpc,brand0829,熱銷建案一覽：遠雄全台預售屋、新建案、新成屋資訊,/case/search/sales_status/coming-soon/,3,3,7,2.3333333333333335,29.666666666666668
google / cpc,gdn-2,熱銷建案一覽：遠雄全台預售屋、新建案、新成屋資訊,/case/search/sales_status/coming-soon/,3,3,3,1,10.666666666666666
line-lap / fh2,line-lap12-2,熱銷建案一覽：遠雄全台預售屋、新建案、新成屋資訊,/case/search/sales_status/coming-soon/,3,3,4,1.3333333333333333,43
line-fgr / bh7,linefgrbh7,熱銷建案一覽：遠雄全台預售屋、新建案、新成屋資訊,/case/search/sales_status/coming-soon/,3,3,3,1,11
google_kw / dh2,(organic),熱銷建案一覽：遠雄全台預售屋、新建案、新成屋資訊,/case/search/sales_status/hot-sale/,3,3,3,1,8.333333333333334
fb / paid,120222247205050066,熱銷建案一覽：遠雄全台預售屋、新建案、新成屋資訊,/case/search/sales_status/hot-sale/,3,3,3,1,30
google / cpc,202601,熱銷建案一覽：遠雄全台預售屋、新建案、新成屋資訊,/case/search/sales_status/hot-sale/,3,3,3,1,12
fb / bh9,39,熱銷建案一覽：遠雄全台預售屋、新建案、新成屋資訊,/case/search/sales_status/hot-sale/,3,3,3,1,10.333333333333334
google / cpc,CQH1-品牌字,熱銷建案一覽：遠雄全台預售屋、新建案、新成屋資訊,/case/search/sales_status/hot-sale/,3,3,3,1,6.333333333333333
google / cpc,CQH1-地區字,熱銷建案一覽：遠雄全台預售屋、新建案、新成屋資訊,/case/search/sales_status/hot-sale/,3,3,5,1.6666666666666667,14.666666666666666
fb / bh8,fb25-1,熱銷建案一覽：遠雄全台預售屋、新建案、新成屋資訊,/case/search/sales_status/hot-sale/,3,3,3,1,19
google / cpc,202511,熱銷建案一覽：遠雄全台預售屋、新建案、新成屋資訊,/case/search/sales_status/hot-sale/page/2/,3,3,4,1.3333333333333333,6
google / cpc,(organic),熱銷建案一覽：遠雄全台預售屋、新建案、新成屋資訊,/case/search/sales_status/hot-sale/page/3/,3,3,4,1.3333333333333333,18.333333333333332
(direct) / (none),(direct),聯絡與服務 - 遠雄房地產,/contact_service/,3,3,3,1,0
google / organic,(organic),遠房好友電子報 - 遠雄房地產,/farglory-realty_edm/,3,3,3,1,9
(direct) / (none),(direct),2026二月主題報 - 遠雄房地產,/feb2026/,3,3,3,1,8
google / organic,(organic),賞屋熊厝味【遠雄峰蘊】首檔鉅獻! - 遠雄房地產,/landing-page/0320live/,3,3,3,1,5.333333333333333
(direct) / (none),(direct),台經院產經資料庫總監、APIAA院士  劉佩真 彙整 - 遠雄房地產,/life-proposal-category/expert_point/pei_zhen/,3,3,3,1,0.3333333333333333
google / organic,(organic),遺產稅 彙整 - 遠雄房地產,/life-proposal-tag/2、市場/2稅務政策相關/estate_tax/,3,3,3,1,6
googlemap / o1,googlemap,Farglory Realty: The Home Buying Experts Who Understand Life Best,/,3,3,2,0.6666666666666666,53.333333333333336
google / organic,(organic),買屋流程 彙整 - 遠雄房地產,/life-proposal-tag/3、交易/1購屋流程相關/買屋流程/,3,3,3,1,25
(direct) / (none),(direct),台中市 彙整 - 遠雄房地產,/life-proposal-tag/5、區域/1區域地段/縣市/台中市/,3,3,3,1,2.3333333333333335
(direct) / (none),(direct),十四期 彙整 - 遠雄房地產,/life-proposal-tag/5、區域/1區域地段/縣市/台中市/beitun/fourthteen/,3,3,3,1,14.333333333333334
(direct) / (none),(direct),水湳經貿園區 彙整 - 遠雄房地產,/life-proposal-tag/5、區域/1區域地段/縣市/台中市/xitun/水湳經貿園區/,3,3,3,1,0
(direct) / (none),(direct),北投士林科技園區 彙整 - 遠雄房地產,/life-proposal-tag/5、區域/1區域地段/縣市/台北市/beitou/北投士林科技園區/,3,3,3,1,1.3333333333333333
(direct) / (none),(direct),(12)服務 彙整 - 遠雄房地產,/life-proposal-tag/6、產品/12服務/,3,3,3,1,0
(direct) / (none),(direct),AI 產業 彙整 - 遠雄房地產,/life-proposal-tag/macroeconomics-2/ai-產業/,3,3,3,1,1.6666666666666667
mkto-sn070013.com / referral,(referral),生活提案 彙整 - 遠雄房地產,/life-proposal/,3,3,3,1,24.333333333333332
(direct) / (none),(direct),新手買房注意事項：建商評價排名查詢、售後服務與房屋結構體/防水保固教學,/life-proposal/13856/,3,3,3,1,46
google / organic,(organic),建案熱區巡禮：北士科爆840億商辦案量，搶攻輝達、金仁寶供應鏈需求 - 遠雄房地產,/life-proposal/5vo1-1/,3,3,3,1,78.66666666666667
google / cpc,(organic),智慧宅風潮來襲，AI讓家變聰明 - 遠雄房地產,/life-proposal/ai_property_20230327/,3,3,3,1,16.333333333333332
google / organic,(organic),建案熱區巡禮：台南永康大灣重劃區 - 綠地休憩篇 - 遠雄房地產,/life-proposal/area-hotspot-tnn-dawan_park_20240229/,3,3,3,1,42.333333333333336
(direct) / (none),(direct),建案熱區巡禮：台南永康大灣重劃區 - 學區篇 - 遠雄房地產,/life-proposal/area-hotspot-tnn-dawan_school_20240303/,3,3,4,1.3333333333333333,4.333333333333333
tw.search.yahoo.com / referral,(referral),建案熱區巡禮：高雄楠梓區高大特區生活圈 - 遠雄房地產,/life-proposal/area-kaohsiung-nanzi_nuk_function_20250211/,3,3,3,1,102
google / organic,(organic),建案熱區巡禮：高雄楠梓區高大特區 - 綠地休憩篇 - 遠雄房地產,/life-proposal/area-kaohsiung-nanzi_nuk_park_20250217/,3,3,3,1,13
google / organic,(organic),建案熱區巡禮：高雄楠梓區高大特區 - 學區篇 - 遠雄房地產,/life-proposal/area-kaohsiung-nanzi_nuk_school_20250225/,3,3,3,1,54.333333333333336
(direct) / (none),(direct),建案熱區巡禮：為何首購族選擇北屯？交通、建設與重劃區一次看懂 - 遠雄房地產,/life-proposal/area-l-taichung-beitun20220520/,3,3,3,1,13.666666666666666
(direct) / (none),(direct),建案熱區巡禮：桃園龜山重大建設帶動發展利多 - 遠雄房地產,/life-proposal/area-l-taoyuan-guishan/,3,3,3,1,43.333333333333336
(direct) / (none),(direct),建案熱區巡禮：高雄農十六（凹子底地區）指標豪宅生活區 - 遠雄房地產,/life-proposal/area-s-kaohsiung-farm1620200520/,3,3,5,1.6666666666666667,79
google / organic,(organic),建案熱區巡禮：北屯11期，台中未來新都心 - 遠雄房地產,/life-proposal/area-s-taichung-11_20220916/,3,3,3,1,7
google / organic,(organic),漢神巨蛋到位！北屯 11 期坐穩未來新都心 | 建案熱區巡禮 - 遠雄房地產,/life-proposal/area-s-taichung-11_20220916/,3,3,3,1,21
google / organic,(organic),建案熱區巡禮：台南市心花園 - 安南溪東重劃區 - 遠雄房地產,/life-proposal/area-s-tainan-haidian20200520/,3,3,3,1,55
(direct) / (none),(direct),台南中西區運河星鑽特區打造台南曼哈頓 | 建案熱區巡禮 - 遠雄房地產,/life-proposal/area-s-tainan_west-central_diamond_20250425/,3,3,4,1.3333333333333333,26.666666666666668
(direct) / (none),(direct),建案熱區巡禮：北士科的園區規畫與在地生活圈！科技廊道最後一塊拼圖將完整 - 遠雄房地產,/life-proposal/area-s-taipei-shilinbstp20220520/,3,3,3,1,18.666666666666668
(direct) / (none),(direct),板橋府中與湳雅：古城底蘊與現代都會的「雙城」融合 | 建案熱區巡禮 - 遠雄房地產,/life-proposal/area-s-tph_banqiao_nanya_20240820/,3,3,3,1,11
bing / organic,(organic),建案熱區巡禮：新北板橋區Tpark科技特區 (遠東通訊園區)生活圈 - 遠雄房地產,/life-proposal/area-s-tph_banqiao_tpark_function_20250314/,3,3,3,1,23.666666666666668
bing / organic,(organic),建案熱區巡禮：北投士林科技園區 - 交通篇 - 遠雄房地產,/life-proposal/area-tpe-beitou_bstp_traffic_20240705/,3,3,4,1.3333333333333333,270
lm.facebook.com / referral,(referral),建案熱區巡禮：新北板橋府中與南雅地區 - 綠地休憩篇 - 遠雄房地產,/life-proposal/area-tph_banqiao_park_20240820/,3,3,3,1,35.333333333333336
m.facebook.com / referral,(referral),建案熱區巡禮：新北板橋府中與南雅地區 - 學區篇 - 遠雄房地產,/life-proposal/area-tph_banqiao_school_20240902/,3,3,3,1,3.3333333333333335
(direct) / (none),(direct),建案熱區巡禮：梧棲、清水台中港重劃區生活圈全面升級 - 遠雄房地產,/life-proposal/area-txg-port_function_20240103/,3,3,4,1.3333333333333333,76
google / organic,(organic),台中西屯區水湳經貿園區生活圈 | 建案熱區巡禮 - 遠雄房地產,/life-proposal/area-txg-shuinan_20231027/,3,3,3,1,62
google / organic,(organic),建案熱區巡禮：台中西屯區 - 交通篇 - 遠雄房地產,/life-proposal/area_hotspot_txg_xitun_traffic_20231124/,3,3,3,1,4.666666666666667
perplexity / (not set),(not set),台中預售屋怎麼挑？各區房價、TOP36建案分析，買屋前必看！ - 遠雄房地產,/life-proposal/area_presold-house-in-taichung/,3,3,4,1.3333333333333333,309
(not set),20251230一輪播,台中預售屋怎麼挑？各區房價、TOP36建案分析，買屋前必看！ - 遠雄房地產,/life-proposal/area_presold-house-in-taichung/,3,3,4,1.3333333333333333,309
google / organic,(organic),台中西屯區單元八生活圈，水湳經貿園區門戶 | 建案熱區巡禮 - 遠雄房地產,/life-proposal/area_txg_xitun_eight_function_20240407/,3,3,3,1,36.666666666666664
(direct) / (none),(direct),建案熱區巡禮：台中西屯區單元八生活圈，水湳經貿園區門戶 - 遠雄房地產,/life-proposal/area_txg_xitun_eight_function_20240407/,3,3,3,1,13
google / cpc,(not set),換屋族必看：換屋是要先買後賣還是先賣後買？ - 遠雄房地產,/life-proposal/change_house/,3,3,3,1,167.33333333333334
google / cpc,(organic),居家色彩魔法：室內設計配色指南 - 遠雄房地產,/life-proposal/color_20230509/,3,3,3,1,4.333333333333333
mkto-sn070013.com / referral,(referral),山雨欲來風滿樓，房市反轉時刻已降臨？｜何世昌觀點 - 遠雄房地產,/life-proposal/expert_hoshichang_property_market_20250307/,3,3,3,1,37.666666666666664
google / organic,(organic),首季房市開低走揚，房價進入大亂鬥盤整格局｜何世昌觀點 - 遠雄房地產,/life-proposal/expert_hoshichang_property_q1-review_20250514/,3,3,4,1.3333333333333333,70
google / organic,(organic),[影音] 全台房市「蛋花湯效應」解密 - 南二都房價的變遷｜何世昌觀點 - 遠雄房地產,/life-proposal/expert_hoshichang_property_south-prices_20250404/,3,3,3,1,50.666666666666664
(direct) / (none),(direct),2025年南台灣房市潛力區域專題報導 - 10大優質投資區域分析｜何世昌觀點 - 遠雄房地產,/life-proposal/expert_hoshichang_south-potential/,3,3,5,1.6666666666666667,24.333333333333332
fgr-line / fgr,expert_hoshichang_south-potential,2025年南台灣房市潛力區域專題報導 - 10大優質投資區域分析｜何世昌觀點 - 遠雄房地產,/life-proposal/expert_hoshichang_south-potential/,3,3,3,1,32
m.facebook.com / referral,(referral),北市租金倒掛見怪不怪，為何商辦投報仍優於住宅｜何世昌觀點 - 遠雄房地產,/life-proposal/expert_hoshichang_tp-office-rent-premium/,3,3,3,1,2.3333333333333335
google / cpc,(not set),共同繼承來的房地產，要如何進行分割呢？ | 永然法律不動產專欄 - 遠雄房地產,/life-proposal/expert_law_y-rlee_property-division/,3,3,3,1,31
socialmedia / fgr,ig20260209,共同繼承來的房地產，要如何進行分割呢？ | 永然法律不動產專欄 - 遠雄房地產,/life-proposal/expert_law_y-rlee_property-division/,3,3,3,1,5.333333333333333
(direct) / (none),(direct),預售屋買賣契約中的交屋保留款與建材設備約定｜永然法律不動產專欄 - 遠雄房地產,/life-proposal/expert_law_y-rlee_retention-money_20250704/,3,3,3,1,14
perplexity / (not set),(not set),2026年預售市場一針見血的銷售與購買策略｜李同榮觀點 - 遠雄房地產,/life-proposal/expert_li_2026-housing-tips/,3,3,3,1,2
(direct) / (none),(direct),2024大選後房市發展趨勢之關鍵報告｜李同榮觀點 - 遠雄房地產,/life-proposal/expert_li_afterelection_20240118/,3,3,3,1,2
google / organic,(organic),2024大選後房市發展趨勢之關鍵報告｜李同榮觀點 - 遠雄房地產,/life-proposal/expert_li_afterelection_20240118/,3,3,3,1,7.666666666666667
(direct) / (none),(direct),2025自住首購族擇屋八大法則｜李同榮觀點 - 遠雄房地產,/life-proposal/expert_li_homeowners_20250410/,3,3,3,1,200.66666666666666
google / organic,(organic),各國房地產全解析，一文讀懂不動產市場運作｜財經M平方觀點 - 遠雄房地產,/life-proposal/expert_macromicro_20230328/,3,3,3,1,34
google / cpc,(not set),2025 年中國經濟關鍵議題分析｜財經M平方觀點 - 遠雄房地產,/life-proposal/expert_macromicro_china-economic_20250120/,3,3,3,1,0
(direct) / (none),(direct),中國結構性問題解析及全球經濟影響｜財經M平方觀點 - 遠雄房地產,/life-proposal/expert_macromicro_mec_china_20231222/,3,3,3,1,6.333333333333333
google / organic,(organic),製造業回溫下驅動台灣經濟的三大關鍵｜財經M平方觀點 - 遠雄房地產,/life-proposal/expert_macromicro_mec_manufacturing_20240304/,3,3,3,1,4.666666666666667
reurl.cc / referral,(referral),[影音] AI科技宅當道！台灣半導體聚落帶動房市｜劉佩真觀點 - 遠雄房地產,/life-proposal/expert_peizhen_ai-housing-trend/,3,3,3,1,0
google / organic,(organic),輝達黃仁勳旋風對於台灣房市帶來的正面效應｜劉佩真觀點 - 遠雄房地產,/life-proposal/expert_peizhen_commercial_nvidia_20250603/,3,3,3,1,8.333333333333334
google / organic,(organic),辦公室租賃市場供需與重要趨勢變化之解析｜劉佩真觀點 - 遠雄房地產,/life-proposal/expert_peizhen_officemarket_20240806/,3,3,3,1,42
mkto-sn070013.com / referral,(referral),房市低迷期的避風港：公辦都更與捷運聯開案的戰略價值｜劉佩真觀點 - 遠雄房地產,/life-proposal/expert_peizhen_tod-strategy-2026/,3,3,3,1,187.66666666666666
google / cpc,(organic),人在國外想買房，簽約、貸款與登記要注意什麼？(上)｜專家觀點地政篇 - 遠雄房地產,/life-proposal/expert_zhu_buyhouse_abroad1_20240303/,3,3,3,1,78.66666666666667
(not set),20260213一輪播,空屋稅的真相？房子閒置前你該考慮的事｜專家觀點地政篇 - 遠雄房地產,/life-proposal/expert_zhu_eht_20250625/,3,3,0,0,2
google / organic,(organic),[ 影音 ]房產移轉如何過戶子女才划算？｜專家觀點地政篇 - 遠雄房地產,/life-proposal/expert_zhu_inherited_20230512/,3,3,3,1,77
(direct) / (none),(direct),邱澤不動產傳聞揭秘，實價登錄與容積移轉的真相｜專家觀點地政篇 - 遠雄房地產,/life-proposal/expert_zhu_land-deal_20250813/,3,3,3,1,4.333333333333333
(direct) / (none),(direct),[影音] 婚前買房v.s婚後買房｜房子登記誰的名字好｜專家觀點地政篇 - 遠雄房地產,/life-proposal/expert_zhu_marriage_20230614/,3,3,3,1,0
fgr-line / fg,expert_zhu_marriage_20230614/,[影音] 婚前買房v.s婚後買房｜房子登記誰的名字好｜專家觀點地政篇 - 遠雄房地產,/life-proposal/expert_zhu_marriage_20230614/,3,3,3,1,258.3333333333333
(direct) / (none),(direct),買房前必查：銀行不會主動告訴你的「抵押權與順位」 | 專家觀點地政篇 - 遠雄房地產,/life-proposal/expert_zhu_mortgage-lien-priority/,3,3,3,1,39.666666666666664
bing / organic,(organic),買房前必查：銀行不會主動告訴你的「抵押權與順位」 | 專家觀點地政篇 - 遠雄房地產,/life-proposal/expert_zhu_mortgage-lien-priority/,3,3,3,1,198.66666666666666
google / cpc,(not set),自用住宅免稅400萬怎麼申請？「持有、設籍、實住」3點不能忽略 | 專家觀點地政篇 - 遠雄房地產,/life-proposal/expert_zhu_ownership-criteria/,3,3,3,1,83.33333333333333
tw.search.yahoo.com / referral,(referral),預售屋簽約必看！解析專有與約定專用，避開產權陷阱 | 專家觀點地政篇 - 遠雄房地產,/life-proposal/expert_zhu_pre-sale-house-property-rights/,3,3,4,1.3333333333333333,175.66666666666666
socialmedia / fgr,ig20251107,[影音] 你的買賣安全嗎？房屋產權必懂的謄本識讀、權狀跟身分查驗｜專家觀點地政篇 - 遠雄房地產,/life-proposal/expert_zhu_property_identity_vedio_20240229/,3,3,3,1,0
google / organic,(organic),[影音] 實價登錄全面攻略- 不動產交易查詢藏在細節裡｜專家觀點地政篇 - 遠雄房地產,/life-proposal/expert_zhu_property_law2_vedio_20241031/,3,3,3,1,19
(not set),20260213一輪播,只有不動產怎麼繳遺產稅？實物抵繳是否划算？｜專家觀點地政篇 - 遠雄房地產,/life-proposal/expert_zhu_property_offset-2_20241220/,3,3,0,0,0
(direct) / (none),(direct),你買到的法定空地是什麼？｜專家觀點地政篇 - 遠雄房地產,/life-proposal/expert_zhu_property_openspace_20240705/,3,3,3,1,41.666666666666664
google / cpc,(organic),[影音] 停車位買賣詳細解析-你需要知道的車位權利｜專家觀點地政篇 - 遠雄房地產,/life-proposal/expert_zhu_property_parking_vedio_20240828/,3,3,3,1,69
google / organic,(organic),[影音] 豪宅稅跟你也有關係：屋主的策略與應對方式｜專家觀點地政篇 - 遠雄房地產,/life-proposal/expert_zhu_tactic-tax-count_vedio_20250725/,3,3,3,1,24
perplexity / (not set),(not set),贈與稅與遺產稅免稅額解析｜房產贈與、買賣、繼承怎麼選 - 遠雄房地產,/life-proposal/gift_tax/,3,3,3,1,185.66666666666666
google / cpc,(organic),不動產節稅妙招：贈與稅節稅規劃及早做 - 遠雄房地產,/life-proposal/gift_tax_20220909/,3,3,3,1,111.33333333333333
(direct) / (none),(direct),建案熱區巡禮-【遠雄豐河】我家門前有小河，快樂入住新北中和 - 遠雄房地產,/life-proposal/h101b/,3,3,3,1,6.333333333333333
(data not available),(cross-network),換屋族必讀：房地合一稅與土地增值稅完整攻略 - 遠雄房地產,/life-proposal/house_and_land/,3,3,7,2.3333333333333335,55.666666666666664
tw.search.yahoo.com / referral,(referral),換屋族必讀：房地合一稅與土地增值稅完整攻略 - 遠雄房地產,/life-proposal/house_and_land/,3,3,3,1,110.33333333333333
(direct) / (none),(direct),房價溫度計-房市指標有哪些? - 遠雄房地產,/life-proposal/indicators_20221111/,3,3,3,1,8
google / cpc,(organic),軟裝搭配術 - 改變居家風格的魔法 - 遠雄房地產,/life-proposal/interior_softdeco_20230222/,3,3,3,1,82
(direct) / (none),(direct),小檜溪重劃後的美好：一位八旬里長，見證小檜溪社區環境的變遷 - 遠雄房地產,/life-proposal/interview-s-taoyuan-green20221111/,3,3,3,1,114
google / organic,(organic),「高雄大美術館計畫」的誕生：內惟藝術中心絕美新地標 - 遠雄房地產,/life-proposal/kaohsiung-artplan-20220610/,3,3,3,1,34.333333333333336
fgr-line / fg,kw_brand_construction_20240109/,2025 十大建商出爐！買家如何「保蛋黃、挑品牌」？ - 遠雄房地產,/life-proposal/kw_brand_construction_20240109/,3,3,3,1,35
(direct) / (none),(direct),平均地權條例子法預計7月1日正式登場，修法重點一次看 - 遠雄房地產,/life-proposal/kw_land_rights_20230606/,3,3,3,1,74.66666666666667
google / organic,(organic),平均地權條例子法預計7月1日正式登場，修法重點一次看 - 遠雄房地產,/life-proposal/kw_land_rights_20230606/,3,3,3,1,10.333333333333334
google / organic,(organic),買房大小事：如何辦理產權移轉？ - 遠雄房地產,/life-proposal/land_property_rights/,3,3,3,1,8.333333333333334
(not set),20260213一輪播,都市土地分區解析｜買房必看土地使用分區與建物用途全攻略 - 遠雄房地產,/life-proposal/land_zoning/,3,3,1,0.3333333333333333,49
(direct) / (none),(direct),輝達超微進駐遠雄自貿港，遠雄MetaLink廠辦受惠廊帶效應  - 遠雄房地產,/life-proposal/metalink-ai-hub/,3,3,3,1,24.666666666666668
(direct) / (none),(direct),停車位眉角多：車位怎麼選？一個車位可以停兩部車嗎？ - 遠雄房地產,/life-proposal/parking_space20220615/,3,3,3,1,22.666666666666668
fgr-line / fg,ping/,權狀坪數與室內坪數差在哪？看懂買房坪數組成，首購族不再被混淆 - 遠雄房地產,/life-proposal/ping/,3,3,3,1,26.666666666666668
google / cpc,(organic),預售屋紅單是什麼？ - 遠雄房地產,/life-proposal/pre-sale_order_20221007/,3,3,3,1,24
google / organic,(organic),預售屋紅單是什麼？ - 遠雄房地產,/life-proposal/pre-sale_order_20221007/,3,3,3,1,23
(direct) / (none),(direct),建案熱區巡禮：桃園青埔大翻身！視野廣闊心也寬裕的首選住所 - 遠雄房地產,/life-proposal/qingpu/,3,3,3,1,11
google / organic,(organic),住宅隔音規劃有哪些？許我一個清淨空間 - 遠雄房地產,/life-proposal/soundproofing/,3,3,3,1,13
google / organic,(organic),抗酷暑 ! 室內空間降溫這樣做：選對建材有解方 - 遠雄房地產,/life-proposal/space_design_cooldown_20240804/,3,3,3,1,117.66666666666667
google / organic,(organic),熱門玄關設計實用Tips，魔鬼藏在細節裡 - 遠雄房地產,/life-proposal/space_design_entrance_20240314/,3,3,3,1,28.666666666666668
google / organic,(organic),工料雙漲下的省錢裝潢 | 居家裝修系統櫃新手攻略 - 遠雄房地產,/life-proposal/space_furnish_cabinet_20231125/,3,3,3,1,121.33333333333333
(direct) / (none),(direct),台中海線景點介紹：高美濕地、台中清水國小(牛罵頭)、清水眷村文化園區、台中港特區,/life-proposal/taichung-attractions/,3,3,3,1,27.333333333333332
google / cpc,(organic),台中海線景點介紹：高美濕地、台中清水國小(牛罵頭)、清水眷村文化園區、台中港特區,/life-proposal/taichung-attractions/,3,3,3,1,12.666666666666666
(direct) / (none),(direct),台中預售屋、新建案分析介紹，水湳經貿園區、台中七期、清水/梧棲重劃區建案推薦,/life-proposal/taichung-gateway/,3,3,3,1,29.666666666666668
google / organic,(organic),全齡通用住宅打造友善居住環境：居家安心篇 - 遠雄房地產,/life-proposal/universal-design-safety-20220722/,3,3,3,1,13
google / organic,(organic),買房停看聽：嫌惡設施有哪些？ - 遠雄房地產,/life-proposal/unwanted20220610/,3,3,4,1.3333333333333333,70.66666666666667
(direct) / (none),(direct),建案熱區巡禮 - 好想搬去新北住！新莊副都心生活圈，一步抵達頂級人生 - 遠雄房地產,/life-proposal/xinzhuang/,3,3,3,1,12.333333333333334
google / organic,(organic),遠雄攜手李祖原，中和左岸橋景觀住宅，享受視野無價,/life-proposal/zhonghe-river/,3,3,3,1,10.333333333333334
google / cpc,(organic),專家觀點：解析房市動向與購屋建議 -遠雄房地產,/life_proposal/experts_point/,3,3,5,1.6666666666666667,31.666666666666668
(not set),20260213一輪播,專家觀點：解析房市動向與購屋建議 -遠雄房地產,/life_proposal/experts_point/,3,3,4,1.3333333333333333,9
(direct) / (none),(direct),空間美學：三大保固升級服務-遠雄房地產,/life_proposal/space_aesthetics/,3,3,3,1,2
(direct) / (none),(direct),遠雄MetaLink科技園區-吳瓖洺-遠雄房地產 Farglory-Realty,/main/review/72/g1288,3,3,3,1,3.3333333333333335
fb / O1,120227538157820464,遠雄房地產預約賞屋(線上賞屋與預約賞屋),/make_appointment/,3,3,3,1,25.666666666666668
google / cpc,202601,遠雄房地產預約賞屋(線上賞屋與預約賞屋),/make_appointment/,3,3,4,1.3333333333333333,6
(data not available),(cross-network),預約賞屋手機驗證 - 遠雄房地產,/mob_verify/,3,3,3,1,15.666666666666666
fgr-line / ah1,20260220,預約賞屋手機驗證 - 遠雄房地產,/mob_verify/,3,3,3,1,13.666666666666666
fb / eh6,form,預約賞屋手機驗證 - 遠雄房地產,/mob_verify/,3,3,3,1,10
line-lap / fh2,line-lap12-2,預約賞屋手機驗證 - 遠雄房地產,/mob_verify/,3,3,3,1,28.333333333333332
google / cpc,(organic),遠房好友- 遠雄房地產,/my-account/,3,3,3,1,48.666666666666664
(direct) / (none),(direct),十一月主題報 - 遠雄房地產,/nov2024/,3,3,5,1.6666666666666667,3.6666666666666665
(direct) / (none),(direct),好友主題報-2023年11月 - 遠雄房地產,/november2023/,3,3,3,1,0
google / cpc,(referral),遠雄14期首發【遠雄丰尚】北屯新案．近漢神洲際百貨,/pagead/aclk,3,3,3,1,44
google / cpc,(referral),遠雄蘴靚｜高雄楠梓新門戶｜捷運R21站旁｜3795坪豪闊基地,/pagead/aclk,3,3,3,1,77
google / cpc,202511,隱私權聲明 - 遠雄房地產,/privacy/,3,3,11,3.6666666666666665,43.333333333333336
google / cpc,20260113-12-3,隱私權聲明 - 遠雄房地產,/privacy/,3,3,5,1.6666666666666667,6
line-fgr / bh7,linefgrbh7,隱私權聲明 - 遠雄房地產,/privacy/,3,3,10,3.3333333333333335,2.6666666666666665
google_kw / 5vo1,202511,蕭文星業務個人介紹 - 聯上智科,/sales/5VO1/B2280/,3,3,4,1.3333333333333333,12
(direct) / (none),(direct),洪雅玲業務個人介紹 - 聯上智科,/sales/5VO1/G0521/,3,3,3,1,9.666666666666666
(direct) / (none),(direct),許美淑業務個人介紹 - 遠雄商用不動產(林口龜山),/sales/HM2/B1535/,3,3,3,1,6.666666666666667
google / cpc,202601,張益捷業務個人介紹 - 遠雄商用不動產(林口龜山),/sales/HM2/G0631/,3,3,3,1,7
google / cpc,202511,洪瑞鴻業務個人介紹 - 遠雄商用不動產(林口龜山),/sales/HM2/G0642/,3,3,4,1.3333333333333333,31.666666666666668
google / cpc,O1_品牌字_2025.0801,薛品涵業務個人介紹 - 遠雄THE ONE,/sales/O1/B4860/,3,3,3,1,2.6666666666666665
google / organic,(organic),馬一鳴業務個人介紹 - 遠雄THE ONE,/sales/O1/B5948/,3,3,3,1,12.333333333333334
(direct) / (none),(direct),蔡慧祈業務個人介紹 - 遠雄THE ONE,/sales/O1/G1052/,3,3,3,1,2
(direct) / (none),(direct),呂昭助業務個人介紹 - 遠雄泱玥,/sales/ah2/B5030/,3,3,3,1,13.333333333333334
google / cpc,BH10-北屯區區域字,李心心業務個人介紹 - 遠雄敦富,/sales/bh10/G0599/,3,3,3,1,6.333333333333333
(direct) / (none),(direct),王庭歡業務個人介紹 - 遠雄敦富,/sales/bh10/G1057/,3,3,4,1.3333333333333333,10
line / bh11,20260206-2-4,洪健倫業務個人介紹 - 遠雄丰尚,/sales/bh11/G0962/,3,3,3,1,19
google / cpc,brand0829,洪健倫業務個人介紹 - 遠雄丰尚,/sales/bh11/G0962/,3,3,4,1.3333333333333333,13
line-fgr / bh7,linefgrbh7,葉淯蓁業務個人介紹 - 遠雄樂元,/sales/bh7/B6099/,3,3,3,1,0.3333333333333333
(direct) / (none),(direct),林芸安業務個人介紹 - 遠雄樂元,/sales/bh7/B6129/,3,3,3,1,19.666666666666668
line-fgr / bh7,linefgrbh7,魏祥桐業務個人介紹 - 遠雄樂元,/sales/bh7/G0306/,3,3,3,1,0.3333333333333333
google / organic,(organic),林侑立業務個人介紹 - 遠雄樂元,/sales/bh7/G0526/,3,3,3,1,16.666666666666668
google / organic,(organic),林明櫻業務個人介紹 - 遠雄洄山行,/sales/bh8/G0262/,3,3,3,1,6.333333333333333
fb / cqh1,fb-26,鄧娟業務個人介紹 - 村泉蒔美,/sales/cqh1/B2380/,3,3,3,1,1
google / cpc,brand,黃聖富業務個人介紹 - 遠雄峰蘊,/sales/eh1/B5627/,3,3,3,1,11
google / cpc,brand,林品宜業務個人介紹 - 遠雄峰蘊,/sales/eh1/G0336/,3,3,3,1,12.333333333333334
(direct) / (none),(direct),李芊儀業務個人介紹 - 遠雄峰蘊,/sales/eh1/G0595/,3,3,3,1,3
(direct) / (none),(direct),陳澤韋業務個人介紹 - 遠雄一靚,/sales/eh2/G0243/,3,3,4,1.3333333333333333,34.666666666666664
line-lap / eh2,20260204B,徐靖業務個人介紹 - 遠雄一靚,/sales/eh2/G0597/,3,3,3,1,33
google / organic,(organic),陳灝業務個人介紹 - 遠雄一靚,/sales/eh2/G1010/,3,3,5,1.6666666666666667,27.666666666666668
google / organic,(organic),范亦萱業務個人介紹 - 遠雄沐蘊,/sales/eh5/G0309/,3,3,5,1.6666666666666667,15
(direct) / (none),(direct),趙洋寬業務個人介紹 - 遠雄商用不動產,/sales/fm3/G0922/,3,3,3,1,14.666666666666666
google / cpc,(organic),鄭玲蘭業務個人介紹 - 遠雄星呈,/sales/h707/B4789/,3,3,3,1,16
google / organic,(organic),鄭玲蘭業務個人介紹 - 遠雄星呈,/sales/h707/B4789/,3,3,3,1,7.666666666666667
google / organic,(organic),鄧大鈺業務個人介紹 - 遠雄星呈,/sales/h707/G0305/,3,3,3,1,9.333333333333334
(direct) / (none),(direct),服務條款暨隱私權聲明 -遠雄房地產,/terms-of-service_and_privacy/,3,3,3,1,0
(not set),20260213一輪播,服務條款暨隱私權聲明 -遠雄房地產,/terms-of-service_and_privacy/,3,3,0,0,0
google_kw / ch1,(not set),遠房實價登錄,/,2,3,5,2.5,0
google / cpc,20251204,遠房實價登錄,/,2,3,3,1.5,0
fgr-line / bh10,20260206,遠房實價登錄,/,2,3,3,1.5,0
web-udn / fm3,20260305-baseball,遠房實價登錄,/,2,3,3,1.5,0
fb / fh2,fb12-1,遠房實價登錄,/,2,3,3,1.5,0
line-lap / bh10,line-lap20252-5,遠房實價登錄,/,2,3,3,1.5,0
line / bh10,line20260213,遠房實價登錄,/,2,3,3,1.5,0
(not set),高雄全區,遠房實價登錄,/,2,3,3,1.5,0
excel.officeapps.live.com / referral,(referral),遠雄房地產：最懂生活的購屋專家,/,2,3,2,1,36.5
webnews / ao1,20250317,遠雄房地產：最懂生活的購屋專家,/,2,3,2,1,11.5
google / cpc,20250616_品牌字,遠雄房地產：最懂生活的購屋專家,/,2,3,3,1.5,8.5
fgr-line / ah1,20260220,遠雄房地產：最懂生活的購屋專家,/,2,3,3,1.5,9
google / cpc,gdn-3,遠雄房地產：最懂生活的購屋專家,/,2,3,3,1.5,2.5
bing / organic,(organic),遠雄仰森,/HH3/main,2,3,2,1,2.5
fgr-line / fgr,playlist=e93ee4e&video=a817df1,影像光廊：建案風采-遠雄房地產,/about/brand_gallery/,2,3,3,1.5,1
farglory.com.tw / referral,(referral),品牌實力-遠雄房地產,/about/brand_performance_backup/,2,3,3,1.5,17
google / organic,(organic),案場活動 彙整 - 頁3，共4 - 遠雄房地產,/activity-report-category/activities_glance/activities_glance_list/ag_case_activities/page/3/,2,3,3,1.5,15.5
(direct) / (none),(direct),遠雄泱玥 圍爐煮茶．曉光迎福 - 遠雄房地產,/activity-report/遠雄泱玥-圍爐煮茶．曉光迎福/,2,3,3,1.5,21.5
google_kw / h713,(organic),活動報報：最新活動一覽與公告資訊 -遠雄房地產,/activity_report/,2,3,3,1.5,1.5
(not set),20260213一輪播,活動一覽：建案活動與會員好禮 -遠雄房地產,/activity_report/activities_glance/,2,3,1,0.5,8
(direct) / (none),(direct),遠雄明玥 | 北士科水岸新生活．2000坪全街廓，只蓋一棟｜25-46坪-蔡定誠-遠雄房地產 Farglory-Realty,/ah1/B4720,2,3,4,2,5.5
(direct) / (none),(direct),遠雄泱玥 | 水岸正首席．北士科首獻｜57-75坪-鍾辰亞-遠雄房地產 Farglory-Realty,/ah2/G0215,2,3,5,2.5,0
webnews / 5vo1,20251120,聯上智科｜北士科AI總部 輝達核心軸線 -台北市北投區商辦/預售新建案-預約賞屋，遠創力行銷,/buildings/5vo1/,2,3,3,1.5,8.5
google / organic,(organic),遠雄蘴靚｜高雄楠梓新門戶｜捷運R21站旁｜3795坪豪闊基地,/buildings/EH6/,2,3,2,1,6.5
line / bh11,20260206-2-4,北士科建案【遠雄明玥】2000坪全街廓只蓋一棟．25-46坪,/buildings/ah1/,2,3,3,1.5,4
fb / cqh1,fb-26,北士科建案【遠雄明玥】2000坪全街廓只蓋一棟．25-46坪,/buildings/ah1/,2,3,3,1.5,0
web-ettoday / ah2,20250911-57P,北士科建案【遠雄泱玥】水岸首排．57-75坪,/buildings/ah2/,2,3,2,1,25.5
google / cpc,202511,齊興_緻-台北市北投區/北士科住宅預售屋,/buildings/ar1/,2,3,3,1.5,28
google / cpc,brand0829,北屯敦富路【遠雄敦富】- 北屯機捷預售屋．近好市多,/buildings/bh10/,2,3,4,2,92
web-udn / bh10,webudn0919,北屯敦富路【遠雄敦富】- 北屯機捷預售屋．近好市多,/buildings/bh10/,2,3,2,1,5.5
google / cpc,20260213一輪播,遠雄14期首發【遠雄丰尚】北屯新案．近漢神洲際百貨,/buildings/bh11/,2,3,5,2.5,3.5
google_kw / ah1,googlemap,【遠雄樂元】北屯機捷X好市多，雙首排大道最核心，夠近才最好,/buildings/bh7/,2,3,4,2,0
google_kw / dgm1,bstp,大河商爵-台北市士林區廠辦/預售新建案-預約賞屋，遠創力行銷,/buildings/dgm1/,2,3,3,1.5,2.5
tw.search.yahoo.com / referral,(referral),台南永康新建案【遠雄山禾】-鹽行特區．3-4房,/buildings/dh2/,2,3,4,2,14
fb / dh2,fb-50,台南永康新建案【遠雄山禾】-鹽行特區．3-4房,/buildings/dh2/,2,3,6,3,164
line-lap / dh3,5,找不到頁面 - 遠雄房地產,/buildings/dh3/,2,3,3,1.5,0.5
lap / eh3,20221219,找不到頁面 - 遠雄房地產,/buildings/eh3/,2,3,3,1.5,0
google / cpc,gdn,远雄蘴靓｜高雄楠梓新门户｜捷运R21站旁｜3795坪豪阔基地,/buildings/eh6/,2,3,2,1,39.5
google_gdn / 5vo1,20251201,遠雄蘴靚｜高雄楠梓新門戶｜捷運R21站旁｜3795坪豪闊基地,/buildings/eh6/,2,3,6,3,11.5
line-lap / bh10,line-lap202511-6,遠雄蘴靚｜高雄楠梓新門戶｜捷運R21站旁｜3795坪豪闊基地,/buildings/eh6/,2,3,6,3,56
chatgpt.com / (not set),(not set),遠雄合雅｜板橋之心・合院之上｜2~3房．24~66坪,/buildings/fh2/,2,3,2,1,0
tw.search.yahoo.com / referral,(referral),遠雄信義CENTER-新北市板橋區廠辦.商辦/預售新建案-預約賞屋,/buildings/fm3/,2,3,2,1,29
tw.search.yahoo.com / referral,(referral),遠雄星呈-台中市清水區預售屋/新建案-預約賞屋，遠雄房地產,/buildings/h707/,2,3,3,1.5,29.5
google / cpc,H902,遠雄琢蘊-高雄市三民區預售屋/新建案-預約賞屋，遠雄房地產,/buildings/h902/,2,3,3,1.5,0
line-lap / hh3,lap-1,找不到頁面 - 遠雄房地產,/buildings/hh3/,2,3,3,1.5,0
google / cpc,1103G,Khu công nghệ Farglory MetaLink | Ga MRT Sân bay A7 & A8 | Ghế VIP dành cho doanh nghiệp hiện đã mở đặt trước.,/buildings/hm2/,2,3,0,0,6
google / cpc,1204G,สวนเทคโนโลยีฟาร์กลอรี่ เมตาลิงก์ | สถานีรถไฟฟ้า MRT สนามบิน สาย A7 และ A8 | เปิดให้จองที่นั่งวีไอพีสำหรับองค์กรแล้ว,/buildings/hm2/,2,3,0,0,20
google / cpc,O1_品牌字_2025.0801,"Farglory THE ONE - Newly Built/Constructed Housing Project in Qianzhen District, Kaohsiung City - Schedule a Viewing",/buildings/o1/,2,3,0,0,38
yahoo / organic,(organic),遠雄THE ONE-高雄市前鎮區新成屋/新建案-預約賞屋,/buildings/o1/,2,3,4,2,57.5
google / organic,(organic),熱銷建案 彙整 - 頁2，共3 - 遠雄房地產,/buildings/page/2/,2,3,5,2.5,32.5
statics.teams.cdn.office.net / referral,(referral),若水秧翠｜東京視野・頂埔門牌｜1~3房．20~42坪,/buildings/rsh1/,2,3,3,1.5,2.5
fb / bh9,39,熱銷建案一覽：遠雄全台預售屋、新建案、新成屋資訊,/case/search/,2,3,3,1.5,18
line-lap / bh10,line-lap20259-5,熱銷建案一覽：遠雄全台預售屋、新建案、新成屋資訊,/case/search/,2,3,3,1.5,14.5
(not set),台中,熱銷建案一覽：遠雄全台預售屋、新建案、新成屋資訊,/case/search/,2,3,4,2,12
google / cpc,202601,熱銷建案一覽：遠雄全台預售屋、新建案、新成屋資訊,/case/search/page/3/,2,3,2,1,3
farglory-land.com.tw / referral,(referral),熱銷建案一覽：遠雄全台預售屋、新建案、新成屋資訊,/case/search/page/4/,2,3,2,1,8
(not set),20260213一輪播,熱銷建案一覽：遠雄全台預售屋、新建案、新成屋資訊,/case/search/page/5/,2,3,4,2,9
google / cpc,brand,熱銷建案一覽：遠雄全台預售屋、新建案、新成屋資訊,/case/search/page/5/,2,3,4,2,10
line-lap / ah1,lap-2,熱銷建案一覽：遠雄全台預售屋、新建案、新成屋資訊,/case/search/sales_status/coming-soon/,2,3,2,1,12.5
google / cpc,202601,買主口碑推薦：遠雄建案、預售屋 -遠雄房地產,/case/wom_recommendation/,2,3,2,1,67
google / cpc,(organic),永然聯合法律事務所 彙整 - 遠雄房地產,/life-proposal-category/expert_point/y-rlee/,2,3,3,1.5,25
google / cpc,area,預售屋 彙整 - 遠雄房地產,/life-proposal-tag/6、產品/1建築專有名詞/屋型/預售屋/,2,3,4,2,2
(not set),台中,高雄鼓山：農十六、美術館特區與富邦新商圈 | 建案熱區巡禮 - 遠雄房地產,/life-proposal/area-l-kaohsiung-gusha20200520/,2,3,6,3,24
tw.search.yahoo.com / referral,(referral),建案熱區巡禮：桃園龜山重大建設帶動發展利多 - 遠雄房地產,/life-proposal/area-l-taoyuan-guishan/,2,3,3,1.5,130.5
(not set),台中,建案熱區巡禮：北屯11期，台中未來新都心 - 遠雄房地產,/life-proposal/area-s-taichung-11_20220916/,2,3,2,1,6.5
google / organic,(organic),蓄勢待發的台中14期美和庄市地重劃區 | 建案熱區巡禮 - 遠雄房地產,/life-proposal/area-s-taichung-14th20220520/,2,3,3,1.5,27.5
bing / organic,(organic),高雄預售屋入手指南：最新建案推薦、選房與區域優勢總整理 - 遠雄房地產,/life-proposal/area_presold-house-in-kaohsiung/,2,3,3,1.5,17.5
(not set),20260213一輪播,高雄預售屋入手指南：最新建案推薦、選房與區域優勢總整理 - 遠雄房地產,/life-proposal/area_presold-house-in-kaohsiung/,2,3,1,0.5,9.5
bing / organic,(organic),台中預售屋怎麼挑？各區房價、TOP36建案分析，買屋前必看！ - 遠雄房地產,/life-proposal/area_presold-house-in-taichung/,2,3,2,1,3.5
google / cpc,(organic),台中預售屋怎麼挑？各區房價、TOP36建案分析，買屋前必看！ - 遠雄房地產,/life-proposal/area_presold-house-in-taichung/,2,3,4,2,25.5
(not set),台南全區,台中預售屋怎麼挑？各區房價、TOP36建案分析，買屋前必看！ - 遠雄房地產,/life-proposal/area_presold-house-in-taichung/,2,3,3,1.5,10.5
google / organic,(organic),財經M平方觀點：中國房市陷入惡性循環，三個對經濟的影響 - 遠雄房地產,/life-proposal/expert_macromicro20220909/,2,3,2,1,64
yahoo / organic,(organic),2026 投資佈局：聚焦AI基建、核能、國防、稀土、貴金屬與穩定幣 | 財經M平方觀點 - 遠雄房地產,/life-proposal/expert_macromicro_2026-mega-trends/,2,3,2,1,224
gemini.google.com / referral,(referral),2026 投資佈局：聚焦AI基建、核能、國防、稀土、貴金屬與穩定幣 | 財經M平方觀點 - 遠雄房地產,/life-proposal/expert_macromicro_2026-mega-trends/,2,3,2,1,7.5
google / organic,(organic),[影音] 從總體經營環境來看2025下半年住宅與商用市場最新動態｜劉佩真觀點 - 遠雄房地產,/life-proposal/expert_peizhen_oee_2025h2/,2,3,3,1.5,7.5
bing / organic,(organic),繼承房產兄弟姊妹吵翻天？遺囑、登記與分配機制一次講清楚｜專家觀點地政篇 - 遠雄房地產,/life-proposal/expert_zhu_inherit-siblings_20250704/,2,3,2,1,53
(not set),20260213一輪播,[ 影音 ]房產移轉如何過戶子女才划算？｜專家觀點地政篇 - 遠雄房地產,/life-proposal/expert_zhu_inherited_20230512/,2,3,3,1.5,0
(not set),20260213一輪播,[影音] 婚前買房v.s婚後買房｜房子登記誰的名字好｜專家觀點地政篇 - 遠雄房地產,/life-proposal/expert_zhu_marriage_20230614/,2,3,1,0.5,0
l.facebook.com / referral,(referral),自用住宅免稅400萬怎麼申請？「持有、設籍、實住」3點不能忽略 | 專家觀點地政篇 - 遠雄房地產,/life-proposal/expert_zhu_ownership-criteria/,2,3,3,1.5,4.5
tw.search.yahoo.com / referral,(referral),私法人取得不動產的限制｜專家觀點地政篇 - 遠雄房地產,/life-proposal/expert_zhu_private-corporation_20231114/,2,3,3,1.5,219
google / organic,(organic),[影音] 實價登錄全面攻略-帶你看懂現行法令重點與罰則｜專家觀點地政篇 - 遠雄房地產,/life-proposal/expert_zhu_property_law_vedio_20240930/,2,3,2,1,23
google / organic,(organic),"Analysis of Gift Tax and Inheritance Tax Exemptions | How to Choose Between Gifting, Selling, and Inheriting Real Estate - Farglory Real Estate",/life-proposal/gift_tax/,2,3,0,0,435
(not set),20260213一輪播,居家玻璃保養：擦玻璃、修繕與防自爆技巧 - 遠雄房地產,/life-proposal/glass-fix/,2,3,0,0,0
google / cpc,(organic),2025 十大建商出爐！買家如何「保蛋黃、挑品牌」？ - 遠雄房地產,/life-proposal/kw_brand_construction_20240109/,2,3,2,1,19
fgr-line / fgr,expert_zhu_taiwan-land-scam,2025 十大建商出爐！買家如何「保蛋黃、挑品牌」？ - 遠雄房地產,/life-proposal/kw_brand_construction_20240109/,2,3,2,1,60.5
google / organic,(organic),預售屋履保制度有保障嗎？品牌建商才是王道 - 遠雄房地產,/life-proposal/kw_credibility_20230602/,2,3,3,1.5,20
google / organic,(organic),青年首購看過來：新青安貸款8大重點 - 遠雄房地產,/life-proposal/kw_load_youthload_20230928/,2,3,2,1,26
google / organic,(organic),買房大小事：個人住宅購屋貸款注意事項 - 遠雄房地產,/life-proposal/land_bank_loan/,2,3,3,1.5,55
bing / organic,(organic),社區營運兩三事：管理費差別與公設維護全攻略 - 遠雄房地產,/life-proposal/land_fund/,2,3,4,2,136.5
google / organic,(organic),買房大小事：交屋眉角看仔細 - 遠雄房地產,/life-proposal/land_handover_check/,2,3,2,1,6.5
(not set),(not set),戶籍遷入辦理教學｜買房後戶籍異動流程與準備文件全攻略 - 遠雄房地產,/life-proposal/land_household_registration/,2,3,1,0.5,1
(not set),20260213一輪播,戶籍遷入辦理教學｜買房後戶籍異動流程與準備文件全攻略 - 遠雄房地產,/life-proposal/land_household_registration/,2,3,1,0.5,0
google / organic,(organic),買房大小事：購屋貸款Q&A一次解析 - 遠雄房地產,/life-proposal/land_load_qa/,2,3,2,1,9
google / organic,(organic),資金有壓力？房貸增貸與房貸轉貸不可不知 - 遠雄房地產,/life-proposal/loan_increase_20221108/,2,3,4,2,178.5
(direct) / (none),(direct),預售屋紅單是什麼？ - 遠雄房地產,/life-proposal/pre-sale_order_20221007/,2,3,3,1.5,5.5
google / organic,(organic),為生活解悶 | 2024年度代表色：用柔和蜜桃妝點居家 - 遠雄房地產,/life-proposal/space_style_peach_20240206/,2,3,2,1,27.5
google / cpc,(not set),台中海線景點介紹：高美濕地、台中清水國小(牛罵頭)、清水眷村文化園區、台中港特區,/life-proposal/taichung-attractions/,2,3,3,1.5,13.5
(not set),20260213一輪播,買房必知稅務：首購族交易稅與持有稅全解析 - 遠雄房地產,/life-proposal/taxes/,2,3,1,0.5,0
line-lap / bh10,line-lap202511-6,遠雄房地產預約賞屋(線上賞屋與預約賞屋),/make_appointment/,2,3,9,4.5,75
(not set),20251230一輪播,遠房好友- 遠雄房地產,/my-account/,2,3,7,3.5,28
google / organic,(organic),蔡定誠業務個人介紹 - 遠雄泱玥,/sales/ah2/B4720/,2,3,3,1.5,22.5
google / organic,(organic),鄭家昇業務個人介紹 - 遠雄泱玥,/sales/ah2/B5805/,2,3,3,1.5,12
google / organic,(organic),「遠雄幸福成」台中最後一塊潛力明星區域，年輕人也買得起 - 遠雄房地產,/wom-recommendation/h713_lin/,2,3,2,1,18
(not set),高雄楠梓,在分歧的繁榮中前行：台灣經濟獨強，2026 台幣與台股迎來關鍵檢驗 - 遠雄房地產,/,1,3,5,5,170
(not set),(not set),遠雄房地產：最懂生活的購屋專家,/,1,3,0,0,7
sms / aep-cdp,CRM-001-D,遠雄房地產：最懂生活的購屋專家,/,1,3,4,4,7
fb / eh5,fb32-6,遠雄房地產：最懂生活的購屋專家,/,1,3,3,3,7
line-lap / ar1,20260210-7-2,齊興緻-吳若榆-遠雄房地產 Farglory-Realty,/AR1/b4125,1,3,6,6,0
(not set),20260213一輪播,齊興緻-吳若榆-遠雄房地產 Farglory-Realty,/AR1/b4125,1,3,3,3,0
tong-yuan.com.tw / referral,(referral),品牌實力-遠雄房地產,/about/brand_performance_backup/,1,3,6,6,58
socialmedia / fh2,fbfh2info,遠雄丰尚✨2026丰尚植春秀✨ - 遠雄房地產,/activity-report/2026cnybh/,1,3,6,6,69
google / organic,(organic),遠雄琢蘊◆遠雄峰蘊「龍蘊亨通迎新年」活動 - 遠雄房地產,/activity-report/h902_cny_20240125/,1,3,3,3,32
fgr-line / bh10,20260206,活動一覽：建案活動與會員好禮 -遠雄房地產,/activity_report/activities_glance/,1,3,3,3,13
google / organic,(organic),遠雄明玥 | 北士科水岸新生活．2000坪全街廓，只蓋一棟｜25-46坪-蔡定誠-遠雄房地產 Farglory-Realty,/ah1/b4720,1,3,3,3,21
(not set),北投士林,遠雄明玥 | 北士科水岸新生活．2000坪全街廓，只蓋一棟｜25-46坪-周繹加-遠雄房地產 Farglory-Realty,/ah1/b5654,1,3,5,5,0
google / cpc,(organic),遠雄明玥 | 北士科水岸新生活．2000坪全街廓，只蓋一棟｜25-46坪-趙偉傑-遠雄房地產 Farglory-Realty,/ah1/g0106,1,3,4,4,0
google / organic,(organic),遠雄泱玥 | 水岸正首席．北士科首獻｜57-75坪-趙偉傑-遠雄房地產 Farglory-Realty,/ah2/g0106,1,3,3,3,0
lbs-sms / hm2,0207,遠雄房地產精選預售屋(台北、新北、台中、桃園、台南、高雄) - 遠雄房地產,/building-category-tag/featured_pre_sale/,1,3,4,4,65
google_kw / ch1,(not set),北士科建案【遠雄明玥】2000坪全街廓只蓋一棟．25-46坪,/buildings/ah1/,1,3,5,5,30
(not set),桃園桃園,北士科建案【遠雄明玥】2000坪全街廓只蓋一棟．25-46坪,/buildings/ah1/,1,3,3,3,5
webnews / h707,20260116,北士科建案【遠雄泱玥】水岸首排．57-75坪,/buildings/ah2/,1,3,3,3,5
web-ettoday / fm3,20260116,齊興_緻-台北市北投區/北士科住宅預售屋,/buildings/ar1/,1,3,3,3,57
google / cpc,RSH1-品牌字,遠雄14期首發【遠雄丰尚】北屯新案．近漢神洲際百貨,/buildings/bh11/,1,3,3,3,21
yahoo_native / bh5,(not set),遠雄琉蘊 -台中市西屯區七期預售屋/新建案-預約賞屋，遠雄房地產,/buildings/bh5/,1,3,1,1,29
(not set),20260213一輪播,遠雄藝舍-台中西屯區麥當勞旁金店面-預約賞屋，遠雄房地產,/buildings/bh6/,1,3,2,2,20
google / cpc,202601,【遠雄樂元】北屯機捷X好市多，雙首排大道最核心，夠近才最好,/buildings/bh7/,1,3,2,2,54
google / cpc,(organic),(1) 封未讀訊息 | 水湳建案【遠雄綠美】鄰近綠美圖．中央公園預售屋,/buildings/bh9/,1,3,0,0,181
youtube / fgr,expert_zhu_video_buy-vs-gift,村泉蒔美｜門戶端點 從容跨界｜台北生活最美起點,/buildings/cqh1/,1,3,1,1,5
google / cpc,dgc,大河商爵-台北市士林區廠辦/預售新建案-預約賞屋，遠創力行銷,/buildings/dgm1/,1,3,3,3,0
youtube / fgr,expert_zhu_video_buy-vs-gift,大河商爵-台北市士林區廠辦/預售新建案-預約賞屋，遠創力行銷,/buildings/dgm1/,1,3,1,1,6
(not set),20260213一輪播,安南重劃首選【遠雄藏萃】全新落成，珍稀戶別釋出！,/buildings/dh5/,1,3,2,2,72
sms / aep-cdp,CRM-001-D,高雄建案推薦【遠雄峰蘊】- 三民區預售屋．近科工館,/buildings/eh1/,1,3,9,9,107
youtube / fgr,expert_zhu_video_buy-vs-gift,高雄建案推薦【遠雄峰蘊】- 三民區預售屋．近科工館,/buildings/eh1/,1,3,1,1,5
youtube / fgr,expert_zhu_video_buy-vs-gift,遠雄沐蘊-高雄市三民區預售屋/新建案-預約賞屋,/buildings/eh5/,1,3,1,1,12
tagassistant.google.com / referral,(referral),遠雄蘴靚｜高雄楠梓新門戶｜捷運R21站旁｜3795坪豪闊基地,/buildings/eh6/,1,3,3,3,45
fb / eh5,fb32-6,遠雄蘴靚｜高雄楠梓新門戶｜捷運R21站旁｜3795坪豪闊基地,/buildings/eh6/,1,3,2,2,23
fb / fm3,fb9-1,遠雄蘴靚｜高雄楠梓新門戶｜捷運R21站旁｜3795坪豪闊基地,/buildings/eh6/,1,3,2,2,1
web-edm / hm2,0201,遠雄MetaLink科技園區 | 機捷A7．A8站▕ VIP企業席次開放預約中,/buildings/hm2/,1,3,3,3,7
google / cpc,202601,遠雄THE ONE-高雄市前鎮區新成屋/新建案-預約賞屋,/buildings/o1/,1,3,2,2,33
google / cpc,202601,遠雄夏沐-桃園市桃園區成屋/新建案-預約賞屋，遠雄房地產,/buildings/遠雄夏沐/,1,3,6,6,160
web-ettoday / fm3,20260116,熱銷建案：預售屋、新建案、新成屋 -遠雄房地產,/case/,1,3,4,4,1
fb / eh5,fb32-6,熱銷建案一覽：遠雄全台預售屋、新建案、新成屋資訊,/case/search/,1,3,3,3,4
(not set),桃園桃園,熱銷建案一覽：遠雄全台預售屋、新建案、新成屋資訊,/case/search/,1,3,3,3,12
tagassistant.google.com / referral,(referral),熱銷建案一覽：遠雄全台預售屋、新建案、新成屋資訊,/case/search/page/2/,1,3,3,3,7
youtube / fgr,expert_zhu_video_buy-vs-gift,熱銷建案一覽：遠雄全台預售屋、新建案、新成屋資訊,/case/search/page/2/,1,3,3,3,14
tagassistant.google.com / referral,(referral),熱銷建案一覽：遠雄全台預售屋、新建案、新成屋資訊,/case/search/page/3/,1,3,3,3,8
web-ettoday / fm3,20260116,熱銷建案一覽：遠雄全台預售屋、新建案、新成屋資訊,/case/search/page/4/,1,3,3,3,29
youtube / fgr,expert_zhu_video_buy-vs-gift,熱銷建案一覽：遠雄全台預售屋、新建案、新成屋資訊,/case/search/page/5/,1,3,3,3,17
(not set),20260213一輪播,熱銷建案一覽：遠雄全台預售屋、新建案、新成屋資訊,/case/search/page/6/,1,3,2,2,65
youtube / fgr,expert_zhu_video_buy-vs-gift,熱銷建案一覽：遠雄全台預售屋、新建案、新成屋資訊,/case/search/page/6/,1,3,2,2,9
(not set),桃園,建案熱區巡禮：桃園龜山重大建設帶動發展利多 - 遠雄房地產,/life-proposal/area-l-taoyuan-guishan/,1,3,2,2,34
(not set),台中,第二個美術館特區-高雄三民中都重劃區 | 建案熱區巡禮 - 遠雄房地產,/life-proposal/area-s-khh-central_20240502/,1,3,7,7,63
(not set),北投士林,建案熱區巡禮：北投士林科技園區 - 綠地休憩篇 - 遠雄房地產,/life-proposal/area-tpe-beitou_bstp_park_20240617/,1,3,0,0,0
crm.welly.tw / referral,(referral),高雄預售屋入手指南：最新建案推薦、選房與區域優勢總整理 - 遠雄房地產,/life-proposal/area_presold-house-in-kaohsiung/,1,3,4,4,19
crm.welly.tw / referral,(referral),台中預售屋怎麼挑？各區房價、TOP36建案分析，買屋前必看！ - 遠雄房地產,/life-proposal/area_presold-house-in-taichung/,1,3,5,5,864
crm.welly.tw / referral,(referral),台南預售屋全攻略：最新行情、熱門區域房價與建案挑選祕訣 - 遠雄房地產,/life-proposal/area_presold-house-in-tainan/,1,3,5,5,365
bing / organic,(organic),新成屋、預售屋簽約注意事項–「首購族看房買屋攻略」 - 遠雄房地產,/life-proposal/contract/,1,3,11,11,420
(not set),台中,2025房市回顧與2026盤整展望：政策與市場趨勢解析｜劉佩真觀點 - 遠雄房地產,/life-proposal/expert_peizhen_real-estate-2026/,1,3,3,3,40
google / organic,(organic),找不到頁面 - 遠雄房地產,/life-proposal/expert_peizhen_real-estate-2026/https://www.farglory-realty.com.tw/life-proposal/expert_peizhen_real-estate-2026/,1,3,2,2,0
(not set),台中西屯,限貸令對各族群影響 (下) 首購、換屋、繼承族群影響為何?｜專家觀點地政篇 - 遠雄房地產,/life-proposal/expert_zhu_loan-restriction2_20250219/,1,3,5,5,1108
(not set),台中,六都交易量比重衝高：從買賣移轉棟數看見房市的弦外之音｜何世昌觀點 - 遠雄房地產,/life-proposal/housing-transactions/,1,3,5,5,17
(not set),桃園,六都交易量比重衝高：從買賣移轉棟數看見房市的弦外之音｜何世昌觀點 - 遠雄房地產,/life-proposal/housing-transactions/,1,3,2,2,52
bit.ly / referral,(referral),遠雄板橋廠辦新案-洪瑞鴻-遠雄房地產 Farglory-Realty,/main/review/67/g0642,1,3,3,3,30
line / bh11,20260113-12-3,黃子霏業務個人介紹 - 遠雄丰尚,/sales/bh11/G0630/,1,3,5,5,92
(not set),20260213一輪播,服務條款-遠雄房地產,/terms-of-service/,1,3,1,1,0
google / cpc,gdn11-5,大河商爵-台北市士林區廠辦/預售新建案-預約賞屋，遠創力行銷,/buildings/dgm1/,0,3,3,null,null
google / organic,(organic),房地合一稅 彙整 - 遠雄房地產,/life-proposal-tag/2、市場/2稅務政策相關/house-and-land/,3,3,3,1,4.333333333333333
(direct) / (none),(direct),金曲最佳樂團 落日飛車浪漫開唱 - 遠雄房地產,/activity-report/ucity_sep_band/,2,2,2,1,3.5
google / cpc,gdn11-4,遠雄MetaLink科技園區-吳瓖洺-遠雄房地產 Farglory-Realty,/main/review/72/g1288,0,2,2,null,null
google_kw / h713,(organic),您正在找 - 遠雄房地產,/,2,2,3,1.5,17
tw.search.yahoo.com / referral,(referral),您正在找 - 遠雄房地產,/,2,2,2,1,7
chatgpt.com / (not set),(not set),遠房實價登錄,/,2,2,2,1,0
perplexity / (not set),(not set),遠房實價登錄,/,2,2,2,1,0
canva.com / referral,(referral),遠房實價登錄,/,2,2,2,1,0
farglory-land.com.tw / referral,(referral),遠房實價登錄,/,2,2,6,3,0
page.line.me / referral,(referral),遠房實價登錄,/,2,2,2,1,0
statics.teams.cdn.office.net / referral,(referral),遠房實價登錄,/,2,2,2,1,0
un-design.com.tw / referral,(referral),遠房實價登錄,/,2,2,2,1,0
yahoo_native / bh5,(referral),遠房實價登錄,/,2,2,3,1.5,0
fb / h707,1,遠房實價登錄,/,2,2,3,1.5,0
fb / bh11,11-2,遠房實價登錄,/,2,2,2,1,24
google / cpc,1103G,遠房實價登錄,/,2,2,2,1,0
fb / h713,111,遠房實價登錄,/,2,2,2,1,0
ig / paid,120210744263750402,遠房實價登錄,/,2,2,2,1,0
fb / paid,120224631795180316,遠房實價登錄,/,2,2,2,1,0
fb / paid,120232410691820316,遠房實價登錄,/,2,2,2,1,0
fb / bh9,13,遠房實價登錄,/,2,2,2,1,0
fb / bh5,14,遠房實價登錄,/,2,2,2,1,0
google_kw / BH6,20220801,遠房實價登錄,/,2,2,2,1,0
google / cpc,20230901a,遠房實價登錄,/,2,2,2,1,0
google_kw / BH8,20240816_逢甲大學,遠房實價登錄,/,2,2,2,1,0
line / bh8,20240826,遠房實價登錄,/,2,2,2,1,0
gdn / o1,20250317,遠房實價登錄,/,2,2,2,1,0
youtube / o1,20250317,遠房實價登錄,/,2,2,2,1,0
web-chinatimes / o1,20250326,遠房實價登錄,/,2,2,3,1.5,0
fb / o1,20250402_15-1,遠房實價登錄,/,2,2,2,1,0
fb / o1,20250402_15-2,遠房實價登錄,/,2,2,2,1,0
fb / o1,20250402_15-3,遠房實價登錄,/,2,2,2,1,0
fb / o1,20250422_20-2,遠房實價登錄,/,2,2,2,1,0
fb / o1,20250422_21-1,遠房實價登錄,/,2,2,3,1.5,0
fb / o1,20250422_21-2,遠房實價登錄,/,2,2,2,1,0
webnews / ar1,20250618,遠房實價登錄,/,2,2,2,1,0
web-ettoday / ah2,20250911-57P,遠房實價登錄,/,2,2,2,1,0
line-lap / 5vo1,20251123_1102,遠房實價登錄,/,2,2,2,1,0
fb / dh5,20251128,遠房實價登錄,/,2,2,2,1,0
webnew / h713,202512,遠房實價登錄,/,2,2,2,1,0
google / cpc,20260113-12-3,遠房實價登錄,/,2,2,2,1,0
line-lap / eh2,20260204C,遠房實價登錄,/,2,2,2,1,0
fgr-line / dh2,20260206,遠房實價登錄,/,2,2,3,1.5,0
fgr-line / h707,20260210,遠房實價登錄,/,2,2,3,1.5,0
fb / bh9,25,遠房實價登錄,/,2,2,2,1,0
fb / bh9,28,遠房實價登錄,/,2,2,2,1,0
fb / bh9,30,遠房實價登錄,/,2,2,2,1,0
fb / bh9,31,遠房實價登錄,/,2,2,3,1.5,0
fb / bh5,32,遠房實價登錄,/,2,2,3,1.5,0
fb / bh9,34,遠房實價登錄,/,2,2,2,1,0
fb / bh5,35,遠房實價登錄,/,2,2,2,1,0
gdn / dh2,4,遠房實價登錄,/,2,2,3,1.5,0
fb / bh5,48,遠房實價登錄,/,2,2,2,1,0
fb / bh5,5,遠房實價登錄,/,2,2,2,1,0
fb / bh5,8,遠房實價登錄,/,2,2,2,1,0
google_kw / eh1,Qianzhen.Qianjin,遠房實價登錄,/,2,2,2,1,0
google_kw / eh1,area,遠房實價登錄,/,2,2,2,1,0
google_kw / eh1,brand,遠房實價登錄,/,2,2,2,1,0
google_kw / o1,brand,遠房實價登錄,/,2,2,2,1,0
google_kw / o1,competitor,遠房實價登錄,/,2,2,2,1,0
google-map / referral,eh1,遠房實價登錄,/,2,2,2,1,0
fgr-line / fgr,expert_zhu_taiwan-land-scam,遠房實價登錄,/,2,2,5,2.5,0
fb / ah2,fb-3,遠房實價登錄,/,2,2,2,1,0
fb / dh2,fb-33,遠房實價登錄,/,2,2,2,1,0
fb / dh2,fb-44,遠房實價登錄,/,2,2,4,2,0
fb / dh2,fb-50,遠房實價登錄,/,2,2,3,1.5,0
fb / rsh1,fb1-2,遠房實價登錄,/,2,2,2,1,0
fb / bh8,fb10-1,遠房實價登錄,/,2,2,2,1,0
fb / eh5,fb12-3,遠房實價登錄,/,2,2,2,1,0
fb / bh8,fb13-2,遠房實價登錄,/,2,2,2,1,0
fb / eh2,fb13-2,遠房實價登錄,/,2,2,2,1,13.5
fb / bh8,fb15-3,遠房實價登錄,/,2,2,2,1,0
fb / bh8,fb18-2,遠房實價登錄,/,2,2,2,1,0
fb / ar1,fb2-2,遠房實價登錄,/,2,2,2,1,0
fb / bh10,fb20261-5,遠房實價登錄,/,2,2,2,1,0
fb / o1,fb25-2,遠房實價登錄,/,2,2,2,1,0
fb / ar1,fb5-1,遠房實價登錄,/,2,2,2,1,0
fb / fm3,fb7-4,遠房實價登錄,/,2,2,2,1,0
fb / fm3,fb8-2,遠房實價登錄,/,2,2,2,1,0
fb / rsh1,fbfanpage0108,遠房實價登錄,/,2,2,2,1,0
fb / rsh1,fbfanpage0116,遠房實價登錄,/,2,2,3,1.5,0
fb / bh10,fbfanpage0123,遠房實價登錄,/,2,2,2,1,0
fb / fh2,fbfanpage0212,遠房實價登錄,/,2,2,4,2,0
fb / rsh1,fbfanpage0213,遠房實價登錄,/,2,2,2,1,0
google / cpc,gdn-1-taichung,遠房實價登錄,/,2,2,2,1,0
google_kw / ar1,googlemap,遠房實價登錄,/,2,2,5,2.5,0
google / cpc,information2,遠房實價登錄,/,2,2,4,2,0
google / cpc,information4,遠房實價登錄,/,2,2,4,2,0
leju / cqh1,lejupage,遠房實價登錄,/,2,2,2,1,0
line / dh2,line-dh2,遠房實價登錄,/,2,2,2,1,0
line-lap / bh10,line-lap7-3,遠房實價登錄,/,2,2,2,1,0
line / eh1,line0123,遠房實價登錄,/,2,2,2,1,0
line / eh1,line0130,遠房實價登錄,/,2,2,2,1,0
line / bh10,lineQA,遠房實價登錄,/,2,2,2,1,0
google_kw / bh7,othercities_brand,遠房實價登錄,/,2,2,2,1,0
fb / h713,page,遠房實價登錄,/,2,2,2,1,0
print / fh2,print202602,遠房實價登錄,/,2,2,2,1,0
fb / bh5,privacy,遠房實價登錄,/,2,2,2,1,0
web-udn / bh10,webudn0919,遠房實價登錄,/,2,2,2,1,0
(not set),北投士林,遠房實價登錄,/,2,2,2,1,0
(not set),台中,遠房實價登錄,/,2,2,2,1,0
(not set),台南中西,遠房實價登錄,/,2,2,2,1,0
(not set),台南全區,遠房實價登錄,/,2,2,3,1.5,0
webnews / o1,(not set),遠雄房地產：最懂生活的購屋專家,/,2,2,2,1,0
google_kw / h713,(organic),遠雄房地產：最懂生活的購屋專家,/,2,2,2,1,32
instagram.com / referral,(referral),遠雄房地產：最懂生活的購屋專家,/,2,2,2,1,20
fb / paid,120241173002890402,遠雄房地產：最懂生活的購屋專家,/,2,2,2,1,7
ig / paid,120241173002890402,遠雄房地產：最懂生活的購屋專家,/,2,2,2,1,13
web-ettoday / O1,20240912,遠雄房地產：最懂生活的購屋專家,/,2,2,2,1,26
google_kw / 5vo1,202511,遠雄房地產：最懂生活的購屋專家,/,2,2,2,1,0.5
google / cpc,202602,遠雄房地產：最懂生活的購屋專家,/,2,2,3,1.5,302
line-lap / eh2,20260204A,遠雄房地產：最懂生活的購屋專家,/,2,2,2,1,6
fgr-line / ah2,20260210,遠雄房地產：最懂生活的購屋專家,/,2,2,3,1.5,15.5
google / cpc,BH10-品牌字,遠雄房地產：最懂生活的購屋專家,/,2,2,2,1,38
google / cpc,CQH1-品牌字,遠雄房地產：最懂生活的購屋專家,/,2,2,2,1,12.5
google / cpc,CQH1-地區字,遠雄房地產：最懂生活的購屋專家,/,2,2,2,1,7.5
google / cpc,area,遠雄房地產：最懂生活的購屋專家,/,2,2,4,2,145.5
fb / ah1,fb-2,遠雄房地產：最懂生活的購屋專家,/,2,2,2,1,7
fb / rsh1,fb1-1,遠雄房地產：最懂生活的購屋專家,/,2,2,2,1,9.5
fb / fh2,fb1-3,遠雄房地產：最懂生活的購屋專家,/,2,2,3,1.5,9.5
fb / fh2,fb12-2,遠雄房地產：最懂生活的購屋專家,/,2,2,2,1,17
fb / eh1,fbfanpage0116,遠雄房地產：最懂生活的購屋專家,/,2,2,2,1,7
fb / eh6,form,遠雄房地產：最懂生活的購屋專家,/,2,2,2,1,19
gdn / o1,gdnleader,遠雄房地產：最懂生活的購屋專家,/,2,2,2,1,2.5
google_kw / H109,google_kw,遠雄房地產：最懂生活的購屋專家,/,2,2,2,1,0
google_kw / ah1,googlemap,遠雄房地產：最懂生活的購屋專家,/,2,2,2,1,4.5
web / fb2,googlemap,遠雄房地產：最懂生活的購屋專家,/,2,2,2,1,7
fb / h713,leads,遠雄房地產：最懂生活的購屋專家,/,2,2,2,1,55
line / rsh1,line-lap1-5,遠雄房地產：最懂生活的購屋專家,/,2,2,2,1,16.5
line-fgr / bh7,linefgrbh7,遠雄房地產：最懂生活的購屋專家,/,2,2,2,1,11
youtube / fgr,yt,遠雄房地產：最懂生活的購屋專家,/,2,2,2,1,1.5
(not set),台南全區,遠雄房地產：最懂生活的購屋專家,/,2,2,11,5.5,136
google.com / referral,(referral),遠雄房地產：最懂生活的購屋專家,//checkout/,2,2,2,1,16.5
google_kw / mdrive,H138,找不到頁面 - 遠雄房地產,/Build/Detail/H138,2,2,2,1,0
10805-BLOG / referral,(referral),找不到頁面 - 遠雄房地產,/Build/Detail/H808,2,2,2,1,10.5
KW / cacafly,H810,找不到頁面 - 遠雄房地產,/Build/Detail/H810,2,2,2,1,0
(direct) / (none),(direct),找不到頁面 - 遠雄房地產,/Build/Detail/H901,2,2,2,1,3
tw.search.yahoo.com / referral,(referral),遠雄琢蘊,/H902/main,2,2,2,1,27
google / cpc,brand,遠雄琢蘊,/H902/main,2,2,3,1.5,73.5
(not set),20260213一輪播,關於我們-遠雄房地產,/about/,2,2,1,0.5,0
fgr-line / fgr,expert_li_2026-housing-tips,影像光廊：建案風采-遠雄房地產,/about/brand_gallery/,2,2,3,1.5,2
google / cpc,(organic),品牌實力-遠雄房地產,/about/brand_performance_backup/,2,2,3,1.5,12
google / organic,(organic),相關企業-遠雄房地產,/about/related_business/,2,2,2,1,1
google / organic,(organic),案場活動 彙整 - 頁2，共4 - 遠雄房地產,/activity-report-category/activities_glance/activities_glance_list/ag_case_activities/page/2/,2,2,2,1,20
(direct) / (none),(direct),最近府城市中心【遠雄藏萃】新春入主抽機票 - 遠雄房地產,/activity-report/2023cny_dh5/,2,2,2,1,0
(direct) / (none),(direct),跨躍2023【遠雄夏沐】幸福ME兔 - 遠雄房地產,/activity-report/2023cny_hh2/,2,2,2,1,5.5
(direct) / (none),(direct),遠雄丰尚✨2026丰尚植春秀✨ - 遠雄房地產,/activity-report/2026cnybh/,2,2,2,1,8
fgr-line / dh2,20260210,遠雄丰尚✨2026丰尚植春秀✨ - 遠雄房地產,/activity-report/2026cnybh/,2,2,2,1,15.5
fgr-line / eh1,20260210,遠雄丰尚✨2026丰尚植春秀✨ - 遠雄房地產,/activity-report/2026cnybh/,2,2,2,1,3.5
(direct) / (none),(direct),遠雄寬寓 KC的奇想寓所-張綺玲創作個展 - 遠雄房地產,/activity-report/bh1_art/,2,2,2,1,0
google / organic,(organic),水湳氣質系建案【遠雄藝舍】新春邀客戶藝起玩藝術  - 遠雄房地產,/activity-report/dh6_cny_20240202/,2,2,2,1,5
(direct) / (none),(direct),遠雄建設「工地再生計畫」跨界合作文創典範 獲文策院「產業策進獎」 - 遠雄房地產,/activity-report/fg-esg-award/,2,2,2,1,13.5
(direct) / (none),(direct),遠雄幸福成 幸福加菜金 - 遠雄房地產,/activity-report/h713_event_carrefour/,2,2,2,1,0
(direct) / (none),(direct),【究極の月】一品富貴中秋禮盒(流心月餅/東方美人茶) - 遠雄房地產,/activity-report/mid-autumn-festival/,2,2,2,1,0
(direct) / (none),(direct),"Godot Theatre's ""I Work at a Fraud Company"" - Farglory Real Estate",/activity-report/ucity_drama_20231120/,2,2,0,0,8
(direct) / (none),(direct),果陀劇場《我在詐騙公司上班》 - 遠雄房地產,/activity-report/ucity_drama_20231120/,2,2,2,1,3.5
(direct) / (none),(direct),繆思繽紛─齊柏絲坦獨奏 - 遠雄房地產,/activity-report/ucity_piano_20231212/,2,2,2,1,4
fgr-line / ah1,20260220,(not set),(not set),2,2,0,0,0
google / organic,(organic),台中悅樂旅店入圍國際旅遊大獎World Travel Awards 《台灣最佳精品飯店》獎項肯定 - 遠雄房地產,/activity-report/world-travel-awards/,2,2,2,1,17.5
(direct) / (none),(direct),《印象莫內－光影體驗展》北高登場！ - 遠雄房地產,/activity-report/《印象莫內－光影體驗展》北高登場！/,2,2,2,1,6.5
google / cpc,(organic),來遠雄合雅一起HOYA(好野)過好年！ - 遠雄房地產,/activity-report/來遠雄合雅一起hoya好野過好年！/,2,2,3,1.5,56.5
fgr-line / dh2,20260210,來遠雄合雅一起HOYA(好野)過好年！ - 遠雄房地產,/activity-report/來遠雄合雅一起hoya好野過好年！/,2,2,2,1,9
fgr-line / eh5,20260210,來遠雄合雅一起HOYA(好野)過好年！ - 遠雄房地產,/activity-report/來遠雄合雅一起hoya好野過好年！/,2,2,2,1,22.5
fgr-line / h707,20260210,來遠雄合雅一起HOYA(好野)過好年！ - 遠雄房地產,/activity-report/來遠雄合雅一起hoya好野過好年！/,2,2,2,1,47.5
fgr-line / eh5,20260210,遠雄一靚🧨春遊一靚 喜迎新年 - 遠雄房地產,/activity-report/遠雄一靚🧨春遊一靚-喜迎新年/,2,2,4,2,21
fgr-line / fh2,20260210,遠雄一靚🧨春遊一靚 喜迎新年 - 遠雄房地產,/activity-report/遠雄一靚🧨春遊一靚-喜迎新年/,2,2,2,1,3
(direct) / (none),(direct),遠雄山禾 🌸山禾花開．新春好時光🌸 - 遠雄房地產,/activity-report/遠雄山禾-🌸山禾花開．新春好時光🌸/,2,2,3,1.5,18.5
fgr-line / eh1,20260210,遠雄山禾 🌸山禾花開．新春好時光🌸 - 遠雄房地產,/activity-report/遠雄山禾-🌸山禾花開．新春好時光🌸/,2,2,3,1.5,0.5
google / cpc,(organic),遠雄幸福成 ✨ 春啟馬年 幸福成章 ✨ - 遠雄房地產,/activity-report/遠雄幸福成-✨-春啟馬年-幸福成章-✨/,2,2,3,1.5,49.5
google / organic,(organic),遠雄房地產 官方LINE | 7月大巨蛋專屬貴賓席 - 遠雄房地產,/activity-report/遠雄房地產-官方line-7月大巨蛋專屬貴賓席/,2,2,2,1,10
fgr-line / bh7,20260210,遠雄敦富新春不打烊．萬千寵愛．禮遇富足 - 遠雄房地產,/activity-report/遠雄敦富新春不打烊．萬千寵愛．禮遇富足/,2,2,2,1,1
(direct) / (none),(direct),遠雄沐蘊 住進自然裡的美術館🌿沐蘊新春樂 - 遠雄房地產,/activity-report/遠雄沐蘊-住進自然裡的美術館🌿沐蘊新春樂/,2,2,2,1,8
fgr-line / bh7,20260210,遠雄沐蘊 住進自然裡的美術館🌿沐蘊新春樂 - 遠雄房地產,/activity-report/遠雄沐蘊-住進自然裡的美術館🌿沐蘊新春樂/,2,2,2,1,50
fgr-line / eh2,20260210,遠雄沐蘊 住進自然裡的美術館🌿沐蘊新春樂 - 遠雄房地產,/activity-report/遠雄沐蘊-住進自然裡的美術館🌿沐蘊新春樂/,2,2,2,1,12
fgr-line / eh6,20260210,遠雄峰蘊🐴馬躍峰境 蘊見好年 - 遠雄房地產,/activity-report/馬躍峰境-蘊見好年/,2,2,2,1,0
fb / h713,108,活動報報：最新活動一覽與公告資訊 -遠雄房地產,/activity_report/,2,2,2,1,0
googlemap / o1,googlemap,活動報報：最新活動一覽與公告資訊 -遠雄房地產,/activity_report/,2,2,2,1,3
fgr-line / h707,20260210,活動一覽：建案活動與會員好禮 -遠雄房地產,/activity_report/activities_glance/,2,2,3,1.5,26
google / cpc,BH10-競品字,活動一覽：建案活動與會員好禮 -遠雄房地產,/activity_report/activities_glance/,2,2,4,2,39.5
google / organic,(organic),遠雄泱玥 | 水岸正首席．北士科首獻｜57-75坪-蔡定誠-遠雄房地產 Farglory-Realty,/ah2/B4720,2,2,2,1,2.5
google / cpc,(organic),遠雄泱玥 | 水岸正首席．北士科首獻｜57-75坪,/ah2/main,2,2,2,1,30.5
google / organic,(organic),遠雄敦富,/bh10/main,2,2,2,1,53.5
google / cpc,GDN,找不到頁面 - 遠雄房地產,/build/detail/h101,2,2,2,1,0
google_kw / H113,buildecase,找不到頁面 - 遠雄房地產,/build/detail/h113,2,2,2,1,0
google / cpc,O1_地區字_2025.0801,遠雄房地產精選成屋(台北、新北、台中、桃園、台南、高雄) - 遠雄房地產,/building-category-tag/featured_existing_house/,2,2,2,1,5
google / cpc,O1_特色字_2025.0801,遠雄房地產精選成屋(台北、新北、台中、桃園、台南、高雄) - 遠雄房地產,/building-category-tag/featured_existing_house/,2,2,3,1.5,16.5
lbs-sms / hm2,0207,精選廠辦 相關預售屋/新成屋/新建案資料|遠雄房地產,/building-category-tag/featured_factory_office/,2,2,2,1,20.5
google / cpc,202511,精選廠辦 相關預售屋/新成屋/新建案資料|遠雄房地產,/building-category-tag/featured_factory_office/,2,2,2,1,1
google / cpc,202601,精選廠辦 相關預售屋/新成屋/新建案資料|遠雄房地產,/building-category-tag/featured_factory_office/,2,2,2,1,1
google / cpc,DGM1-地區字,精選廠辦 相關預售屋/新成屋/新建案資料|遠雄房地產,/building-category-tag/featured_factory_office/,2,2,3,1.5,17.5
google / cpc,gdn11-4,精選廠辦 相關預售屋/新成屋/新建案資料|遠雄房地產,/building-category-tag/featured_factory_office/,2,2,2,1,6
google / cpc,(organic),"Farglory Real Estate's Selected Pre-sale Homes (Taipei, New Taipei, Taichung, Taoyuan, Tainan, Kaohsiung) - Farglory Real Estate",/building-category-tag/featured_pre_sale/,2,2,0,0,4
(not set),(not set),遠雄房地產精選預售屋(台北、新北、台中、桃園、台南、高雄) - 遠雄房地產,/building-category-tag/featured_pre_sale/,2,2,2,1,9.5
fb / fbpage,(not set),遠雄房地產精選預售屋(台北、新北、台中、桃園、台南、高雄) - 遠雄房地產,/building-category-tag/featured_pre_sale/,2,2,2,1,4
bing / organic,(organic),遠雄房地產精選預售屋(台北、新北、台中、桃園、台南、高雄) - 遠雄房地產,/building-category-tag/featured_pre_sale/,2,2,2,1,42.5
fb / eh1,11-1,遠雄房地產精選預售屋(台北、新北、台中、桃園、台南、高雄) - 遠雄房地產,/building-category-tag/featured_pre_sale/,2,2,2,1,27
fb / bh7,12,遠雄房地產精選預售屋(台北、新北、台中、桃園、台南、高雄) - 遠雄房地產,/building-category-tag/featured_pre_sale/,2,2,2,1,5
ig / paid,120207082473750558,遠雄房地產精選預售屋(台北、新北、台中、桃園、台南、高雄) - 遠雄房地產,/building-category-tag/featured_pre_sale/,2,2,3,1.5,26
fb / paid,120229486716970138,遠雄房地產精選預售屋(台北、新北、台中、桃園、台南、高雄) - 遠雄房地產,/building-category-tag/featured_pre_sale/,2,2,3,1.5,32.5
fb / paid,120238552444900537,遠雄房地產精選預售屋(台北、新北、台中、桃園、台南、高雄) - 遠雄房地產,/building-category-tag/featured_pre_sale/,2,2,3,1.5,17
fb / paid,120241173002890402,遠雄房地產精選預售屋(台北、新北、台中、桃園、台南、高雄) - 遠雄房地產,/building-category-tag/featured_pre_sale/,2,2,2,1,17.5
google_kw / BH8,20240816_台中 建案,遠雄房地產精選預售屋(台北、新北、台中、桃園、台南、高雄) - 遠雄房地產,/building-category-tag/featured_pre_sale/,2,2,2,1,13.5
google_kw / BH8,20240816_台中七期,遠雄房地產精選預售屋(台北、新北、台中、桃園、台南、高雄) - 遠雄房地產,/building-category-tag/featured_pre_sale/,2,2,2,1,10
line-lap / ar1,20260210-7-2,遠雄房地產精選預售屋(台北、新北、台中、桃園、台南、高雄) - 遠雄房地產,/building-category-tag/featured_pre_sale/,2,2,2,1,40
google / cpc,20260213一輪播,遠雄房地產精選預售屋(台北、新北、台中、桃園、台南、高雄) - 遠雄房地產,/building-category-tag/featured_pre_sale/,2,2,3,1.5,47.5
fb / bh7,9,遠雄房地產精選預售屋(台北、新北、台中、桃園、台南、高雄) - 遠雄房地產,/building-category-tag/featured_pre_sale/,2,2,2,1,4
google / cpc,CQH1-品牌字,遠雄房地產精選預售屋(台北、新北、台中、桃園、台南、高雄) - 遠雄房地產,/building-category-tag/featured_pre_sale/,2,2,2,1,4.5
google / cpc,CQH1-地區字,遠雄房地產精選預售屋(台北、新北、台中、桃園、台南、高雄) - 遠雄房地產,/building-category-tag/featured_pre_sale/,2,2,2,1,8.5
google / cpc,CQH1-買房字,遠雄房地產精選預售屋(台北、新北、台中、桃園、台南、高雄) - 遠雄房地產,/building-category-tag/featured_pre_sale/,2,2,3,1.5,26.5
google / cpc,Pmax,遠雄房地產精選預售屋(台北、新北、台中、桃園、台南、高雄) - 遠雄房地產,/building-category-tag/featured_pre_sale/,2,2,2,1,16
google / cpc,Sanmin,遠雄房地產精選預售屋(台北、新北、台中、桃園、台南、高雄) - 遠雄房地產,/building-category-tag/featured_pre_sale/,2,2,2,1,4.5
google / cpc,banqiao.townhouse,遠雄房地產精選預售屋(台北、新北、台中、桃園、台南、高雄) - 遠雄房地產,/building-category-tag/featured_pre_sale/,2,2,2,1,6.5
fb / bh8,fanpage,遠雄房地產精選預售屋(台北、新北、台中、桃園、台南、高雄) - 遠雄房地產,/building-category-tag/featured_pre_sale/,2,2,2,1,10.5
fb / ah1,fb-1,遠雄房地產精選預售屋(台北、新北、台中、桃園、台南、高雄) - 遠雄房地產,/building-category-tag/featured_pre_sale/,2,2,2,1,13.5
fb / dh2,fb-49,遠雄房地產精選預售屋(台北、新北、台中、桃園、台南、高雄) - 遠雄房地產,/building-category-tag/featured_pre_sale/,2,2,2,1,12
fb / rsh1,fb1-4,遠雄房地產精選預售屋(台北、新北、台中、桃園、台南、高雄) - 遠雄房地產,/building-category-tag/featured_pre_sale/,2,2,2,1,9
fb / bh8,fb23-1,遠雄房地產精選預售屋(台北、新北、台中、桃園、台南、高雄) - 遠雄房地產,/building-category-tag/featured_pre_sale/,2,2,4,2,5
fb / bh8,fb25-1,遠雄房地產精選預售屋(台北、新北、台中、桃園、台南、高雄) - 遠雄房地產,/building-category-tag/featured_pre_sale/,2,2,2,1,22.5
fb / fh2,fbfanpage,遠雄房地產精選預售屋(台北、新北、台中、桃園、台南、高雄) - 遠雄房地產,/building-category-tag/featured_pre_sale/,2,2,2,1,4
google / cpc,gdn11-4,遠雄房地產精選預售屋(台北、新北、台中、桃園、台南、高雄) - 遠雄房地產,/building-category-tag/featured_pre_sale/,2,2,2,1,5.5
line-lap / ah1,lap-1,遠雄房地產精選預售屋(台北、新北、台中、桃園、台南、高雄) - 遠雄房地產,/building-category-tag/featured_pre_sale/,2,2,3,1.5,14.5
line-lap / ah1,lap-3,遠雄房地產精選預售屋(台北、新北、台中、桃園、台南、高雄) - 遠雄房地產,/building-category-tag/featured_pre_sale/,2,2,2,1,38.5
fb / eh2,leads,遠雄房地產精選預售屋(台北、新北、台中、桃園、台南、高雄) - 遠雄房地產,/building-category-tag/featured_pre_sale/,2,2,2,1,8.5
line / rsh1,line-lap1-5_600x400,遠雄房地產精選預售屋(台北、新北、台中、桃園、台南、高雄) - 遠雄房地產,/building-category-tag/featured_pre_sale/,2,2,2,1,128
line-lap / bh10,line-lap20259-5,遠雄房地產精選預售屋(台北、新北、台中、桃園、台南、高雄) - 遠雄房地產,/building-category-tag/featured_pre_sale/,2,2,3,1.5,49
line / bh11,20260206-2-4,遠雄房地產精選預售屋(台北、新北、台中、桃園、台南、高雄) - 遠雄房地產,/building-category-tag/featured_pre_sale/page/2/,2,2,2,1,23.5
google / cpc,202511,精選商辦 相關預售屋/新成屋/新建案資料|遠雄房地產,/building-category-tag/精選商辦/,2,2,3,1.5,1
google / organic,(organic),廠辦 彙整 - 遠雄房地產,/building-category/factory-office/,2,2,2,1,13.5
(direct) / (none),(direct),親子宅相關預售屋/新成屋/新建案資料|遠雄房地產,/building-tag/build-tag-child/,2,2,2,1,1.5
(not set),20260213一輪播,綠建築相關預售屋/新成屋/新建案資料|遠雄房地產,/building-tag/build-tag-green/,2,2,3,1.5,31
fb / h707,40,綠建築相關預售屋/新成屋/新建案資料|遠雄房地產,/building-tag/build-tag-green/,2,2,2,1,8
google / cpc,area,綠建築相關預售屋/新成屋/新建案資料|遠雄房地產,/building-tag/build-tag-green/,2,2,2,1,24.5
google / cpc,(organic),捷運宅相關預售屋/新成屋/新建案資料|遠雄房地產,/building-tag/build-tag-mrt/,2,2,2,1,17
google / organic,(organic),捷運宅相關預售屋/新成屋/新建案資料|遠雄房地產,/building-tag/build-tag-mrt/,2,2,2,1,10
(not set),20260213一輪播,捷運宅相關預售屋/新成屋/新建案資料|遠雄房地產,/building-tag/build-tag-mrt/,2,2,6,3,51.5
fb / bh8,fb25-1,捷運宅相關預售屋/新成屋/新建案資料|遠雄房地產,/building-tag/build-tag-mrt/,2,2,2,1,4.5
google / cpc,BH10-北屯區區域字,公園宅相關預售屋/新成屋/新建案資料|遠雄房地產,/building-tag/build-tag-park/,2,2,2,1,21.5
google / cpc,area,公園宅相關預售屋/新成屋/新建案資料|遠雄房地產,/building-tag/build-tag-park/,2,2,2,1,31
fb / eh5,fb31-1,公園宅相關預售屋/新成屋/新建案資料|遠雄房地產,/building-tag/build-tag-park/,2,2,2,1,9
fb / hm2,0203,重劃區相關預售屋/新成屋/新建案資料|遠雄房地產,/building-tag/build-tag-plan/,2,2,2,1,0
google / cpc,BH10-競品字,重劃區相關預售屋/新成屋/新建案資料|遠雄房地產,/building-tag/build-tag-plan/,2,2,2,1,14.5
google / cpc,RSH1-品牌字,重劃區相關預售屋/新成屋/新建案資料|遠雄房地產,/building-tag/build-tag-plan/,2,2,2,1,17
line-lap / fh2,line-lap12-3,重劃區相關預售屋/新成屋/新建案資料|遠雄房地產,/building-tag/build-tag-plan/,2,2,2,1,64.5
google / cpc,(organic),制震宅相關預售屋/新成屋/新建案資料|遠雄房地產,/building-tag/build-tag-quake/,2,2,2,1,5
pmp / ah1,avivid-3,制震宅相關預售屋/新成屋/新建案資料|遠雄房地產,/building-tag/build-tag-quake/,2,2,3,1.5,12
google / cpc,gdn-1,制震宅相關預售屋/新成屋/新建案資料|遠雄房地產,/building-tag/build-tag-quake/,2,2,2,1,8.5
google / cpc,(organic),防疫宅相關預售屋/新成屋/新建案資料|遠雄房地產,/building-tag/build-tag-virus/,2,2,5,2.5,15
(direct) / (none),(direct),商廠辦 彙整 - 遠雄房地產,/building-tag/商廠辦/,2,2,2,1,17
pmp / ah1,avivid-2,招待會所 彙整 - 遠雄房地產,/building-tag/招待會所/,2,2,2,1,15.5
google / cpc,O1_地區字_2025.0801,景觀宅 彙整 - 遠雄房地產,/building-tag/景觀宅/,2,2,2,1,5
google / cpc,gdn-1,景觀宅 彙整 - 遠雄房地產,/building-tag/景觀宅/,2,2,2,1,24.5
google / organic,(organic),渡假宅 彙整 - 遠雄房地產,/building-tag/渡假宅/,2,2,2,1,14
(direct) / (none),(direct),豪宅 彙整 - 遠雄房地產,/building-tag/豪宅/,2,2,3,1.5,12.5
google / organic,(organic),豪宅 彙整 - 遠雄房地產,/building-tag/豪宅/,2,2,2,1,13
fb / o1,20250422_23-1,豪宅 彙整 - 遠雄房地產,/building-tag/豪宅/,2,2,2,1,11
pmp / ah1,avivid-1,豪宅 彙整 - 遠雄房地產,/building-tag/豪宅/,2,2,2,1,26
(direct) / (none),(direct),預售屋 彙整 - 遠雄房地產,/building-type/pre_sale_house/,2,2,3,1.5,10.5
google / organic,(organic),"Linked Intelligent Technology | Beishike AI Headquarters, Huida Core Axis - Taipei Beitou District Commercial Office/Pre-sale New Construction Project - Schedule a Viewing Appointment, Far Eastern Marketing",/buildings/5vo1/,2,2,0,0,14.5
google / cpc,(not set),聯上智科｜北士科AI總部 輝達核心軸線 -台北市北投區商辦/預售新建案-預約賞屋，遠創力行銷,/buildings/5vo1/,2,2,2,1,12
google / cpc,20250616_品牌字,聯上智科｜北士科AI總部 輝達核心軸線 -台北市北投區商辦/預售新建案-預約賞屋，遠創力行銷,/buildings/5vo1/,2,2,3,1.5,57
google_gdn / 5vo1,202510-3,聯上智科｜北士科AI總部 輝達核心軸線 -台北市北投區商辦/預售新建案-預約賞屋，遠創力行銷,/buildings/5vo1/,2,2,2,1,0
google / cpc,202511,聯上智科｜北士科AI總部 輝達核心軸線 -台北市北投區商辦/預售新建案-預約賞屋，遠創力行銷,/buildings/5vo1/,2,2,1,0.5,21
google_gdn / 5vo1,20251124_1103,聯上智科｜北士科AI總部 輝達核心軸線 -台北市北投區商辦/預售新建案-預約賞屋，遠創力行銷,/buildings/5vo1/,2,2,2,1,0
google / cpc,DGM1-品牌字,聯上智科｜北士科AI總部 輝達核心軸線 -台北市北投區商辦/預售新建案-預約賞屋，遠創力行銷,/buildings/5vo1/,2,2,2,1,17
google_kw / BH8,20240816_逢甲大學,台中西屯建案【遠雄洄山行】．2-4房方正格局,/buildings/BH8/,2,2,2,1,0.5
google / cpc,BH10-競品字,台中西屯建案【遠雄洄山行】．2-4房方正格局,/buildings/BH8/,2,2,3,1.5,31
google / cpc,brand,台中西屯建案【遠雄洄山行】．2-4房方正格局,/buildings/BH8/,2,2,4,2,111
bing / organic,(organic),北士科建案【遠雄明玥】2000坪全街廓只蓋一棟．25-46坪,/buildings/ah1/,2,2,2,1,51
google_kw / dh2,(organic),北士科建案【遠雄明玥】2000坪全街廓只蓋一棟．25-46坪,/buildings/ah1/,2,2,2,1,21.5
google_kw / h713,(organic),北士科建案【遠雄明玥】2000坪全街廓只蓋一棟．25-46坪,/buildings/ah1/,2,2,3,1.5,22
l.facebook.com / referral,(referral),北士科建案【遠雄明玥】2000坪全街廓只蓋一棟．25-46坪,/buildings/ah1/,2,2,2,1,0.5
line-lap / eh2,20260204A,北士科建案【遠雄明玥】2000坪全街廓只蓋一棟．25-46坪,/buildings/ah1/,2,2,2,1,1.5
google / cpc,CQH1-地區字,北士科建案【遠雄明玥】2000坪全街廓只蓋一棟．25-46坪,/buildings/ah1/,2,2,3,1.5,100.5
google / cpc,O1_品牌字_2025.0801,北士科建案【遠雄明玥】2000坪全街廓只蓋一棟．25-46坪,/buildings/ah1/,2,2,3,1.5,31.5
google / cpc,RSH1-地區字新北,北士科建案【遠雄明玥】2000坪全街廓只蓋一棟．25-46坪,/buildings/ah1/,2,2,2,1,25
google / cpc,corearea0829,北士科建案【遠雄明玥】2000坪全街廓只蓋一棟．25-46坪,/buildings/ah1/,2,2,2,1,20
fb / eh6,fb1-3,北士科建案【遠雄明玥】2000坪全街廓只蓋一棟．25-46坪,/buildings/ah1/,2,2,2,1,10.5
fb / bh7,fbpage,北士科建案【遠雄明玥】2000坪全街廓只蓋一棟．25-46坪,/buildings/ah1/,2,2,2,1,8.5
fb / eh5,park,北士科建案【遠雄明玥】2000坪全街廓只蓋一棟．25-46坪,/buildings/ah1/,2,2,2,1,0
google / cpc,pmax,北士科建案【遠雄明玥】2000坪全街廓只蓋一棟．25-46坪,/buildings/ah1/,2,2,2,1,8.5
google / cpc,(organic),北石科の遠雄明月住宅プロジェクトは、街区全体にわたり2000坪（約166平方メートル）に及ぶ一棟の建物です。ユニットの広さは25～46坪（約16～166平方メートル）です。,/buildings/ah1/,2,2,0,0,2.5
(data not available),(cross-network),北士科建案【遠雄泱玥】水岸首排．57-75坪,/buildings/ah2/,2,2,3,1.5,62
fb / paid,120224631795180316,北士科建案【遠雄泱玥】水岸首排．57-75坪,/buildings/ah2/,2,2,2,1,0
google / cpc,20250616_競品字,北士科建案【遠雄泱玥】水岸首排．57-75坪,/buildings/ah2/,2,2,2,1,15
fb / ah2,fb-3,北士科建案【遠雄泱玥】水岸首排．57-75坪,/buildings/ah2/,2,2,2,1,0.5
supermario.corp.google.com / referral,(referral),Page Not Found - Farglory Real Estate,/buildings/ao1/,2,2,1,0.5,12
google / organic,(organic),找不到頁面 - 遠雄房地產,/buildings/ao1/,2,2,3,1.5,1.5
line-lap / ao1,20240410_4-3,找不到頁面 - 遠雄房地產,/buildings/ao1/,2,2,2,1,0
gdn / ao1,pmax_20241218,找不到頁面 - 遠雄房地產,/buildings/ao1/,2,2,2,1,0
google / cpc,202602,齊興_緻-台北市北投區/北士科住宅預售屋,/buildings/ar1/,2,2,2,1,0.5
line-lap / eh2,20260204B,齊興_緻-台北市北投區/北士科住宅預售屋,/buildings/ar1/,2,2,2,1,3
google / cpc,20260213一輪播,齊興_緻-台北市北投區/北士科住宅預售屋,/buildings/ar1/,2,2,2,1,26
google / cpc,O1_競品字_2025.0801,齊興_緻-台北市北投區/北士科住宅預售屋,/buildings/ar1/,2,2,2,1,13
fb / ar1,fb2-2,齊興_緻-台北市北投區/北士科住宅預售屋,/buildings/ar1/,2,2,2,1,0
fb / ar1,fb5-1,齊興_緻-台北市北投區/北士科住宅預售屋,/buildings/ar1/,2,2,2,1,3
google_kw / ar1,googlemap,齊興_緻-台北市北投區/北士科住宅預售屋,/buildings/ar1/,2,2,4,2,6
ig / social,ig,齊興_緻-台北市北投區/北士科住宅預售屋,/buildings/ar1/,2,2,2,1,20
fb / bh10,fbearlybird_form,(1) 封未讀訊息 | 北屯敦富路【遠雄敦富】- 北屯機捷預售屋．近好市多,/buildings/bh10/,2,2,0,0,48
line-lap / bh10,line-lap20259-5,"[Farglory Dunfu], Dunfu Road, Beitun - Pre-sale apartments near Beitun Airport MRT Station. Close to Costco.",/buildings/bh10/,2,2,0,0,25
google / cpc,(referral),北屯敦富路【遠雄敦富】- 北屯機捷預售屋．近好市多,/buildings/bh10/,2,2,2,1,6
line-lap / bh5,(referral),北屯敦富路【遠雄敦富】- 北屯機捷預售屋．近好市多,/buildings/bh10/,2,2,2,1,15.5
mkto-sn070013.com / referral,(referral),北屯敦富路【遠雄敦富】- 北屯機捷預售屋．近好市多,/buildings/bh10/,2,2,2,1,27
fb / bh11,11-2,北屯敦富路【遠雄敦富】- 北屯機捷預售屋．近好市多,/buildings/bh10/,2,2,2,1,79.5
fb / bh7,12,北屯敦富路【遠雄敦富】- 北屯機捷預售屋．近好市多,/buildings/bh10/,2,2,2,1,7
line-lap / eh2,20251208,北屯敦富路【遠雄敦富】- 北屯機捷預售屋．近好市多,/buildings/bh10/,2,2,2,1,6
google / cpc,20260206-2-4,北屯敦富路【遠雄敦富】- 北屯機捷預售屋．近好市多,/buildings/bh10/,2,2,5,2.5,43.5
google / cpc,Otherarea0829,北屯敦富路【遠雄敦富】- 北屯機捷預售屋．近好市多,/buildings/bh10/,2,2,4,2,110.5
fb / bh10,fbfanpage0123,北屯敦富路【遠雄敦富】- 北屯機捷預售屋．近好市多,/buildings/bh10/,2,2,2,1,3
fb / bh10,fbfanpage1212,北屯敦富路【遠雄敦富】- 北屯機捷預售屋．近好市多,/buildings/bh10/,2,2,2,1,199.5
line / bh10,lineQA,北屯敦富路【遠雄敦富】- 北屯機捷預售屋．近好市多,/buildings/bh10/,2,2,2,1,0
(not set),20260213一輪播,"Ra mắt giai đoạn 14 dự án Farglory: Farglory Fengshang, một dự án mới tại Beitun, gần trung tâm thương mại Hanshin Intercontinental.",/buildings/bh11/,2,2,0,0,0
(data not available),(cross-network),เปิดตัวโครงการ Farglory เฟส 14: Farglory Fengshang โครงการใหม่ในเขตเป่ยตุน ใกล้ห้างสรรพสินค้า Hanshin Intercontinental,/buildings/bh11/,2,2,0,0,40.5
google / cpc,20260113-12-3,เปิดตัวโครงการ Farglory เฟส 14: Farglory Fengshang โครงการใหม่ในเขตเป่ยตุน ใกล้ห้างสรรพสินค้า Hanshin Intercontinental,/buildings/bh11/,2,2,0,0,24
google / cpc,20260206-2-4,远雄14期首发【远雄丰尚】北屯新案．近汉神洲际百货,/buildings/bh11/,2,2,0,0,4.5
chatgpt.com / (not set),(not set),遠雄14期首發【遠雄丰尚】北屯新案．近漢神洲際百貨,/buildings/bh11/,2,2,2,1,3.5
(not set),20251230一輪播,遠雄14期首發【遠雄丰尚】北屯新案．近漢神洲際百貨,/buildings/bh11/,2,2,4,2,17
web-udn / bh11,2512,遠雄14期首發【遠雄丰尚】北屯新案．近漢神洲際百貨,/buildings/bh11/,2,2,2,1,18.5
google / cpc,BH10-十四期區域字,遠雄14期首發【遠雄丰尚】北屯新案．近漢神洲際百貨,/buildings/bh11/,2,2,2,1,32.5
google / cpc,BH10-台中區域字,遠雄14期首發【遠雄丰尚】北屯新案．近漢神洲際百貨,/buildings/bh11/,2,2,2,1,27.5
google / cpc,area,遠雄14期首發【遠雄丰尚】北屯新案．近漢神洲際百貨,/buildings/bh11/,2,2,2,1,6.5
google / cpc,beitun,遠雄14期首發【遠雄丰尚】北屯新案．近漢神洲際百貨,/buildings/bh11/,2,2,3,1.5,16.5
google / cpc,competitor,遠雄14期首發【遠雄丰尚】北屯新案．近漢神洲際百貨,/buildings/bh11/,2,2,2,1,1
google / cpc,core,遠雄14期首發【遠雄丰尚】北屯新案．近漢神洲際百貨,/buildings/bh11/,2,2,2,1,15
fb / bh8,leads,遠雄14期首發【遠雄丰尚】北屯新案．近漢神洲際百貨,/buildings/bh11/,2,2,3,1.5,31
leju / bh11,leju_buildingpage,遠雄14期首發【遠雄丰尚】北屯新案．近漢神洲際百貨,/buildings/bh11/,2,2,2,1,84.5
googlemap / bh2,googlemap,找不到頁面 - 遠雄房地產,/buildings/bh2/,2,2,2,1,10
google / cpc,(organic),(1) 封未讀訊息 | 遠雄琉蘊 -台中市西屯區七期預售屋/新建案-預約賞屋，遠雄房地產,/buildings/bh5/,2,2,0,0,9
bing / organic,(organic),遠雄琉蘊 -台中市西屯區七期預售屋/新建案-預約賞屋，遠雄房地產,/buildings/bh5/,2,2,2,1,22.5
yahoo / organic,(organic),遠雄琉蘊 -台中市西屯區七期預售屋/新建案-預約賞屋，遠雄房地產,/buildings/bh5/,2,2,2,1,16.5
fb / bh5,1,遠雄琉蘊 -台中市西屯區七期預售屋/新建案-預約賞屋，遠雄房地產,/buildings/bh5/,2,2,2,1,4
fb / bh5,18,遠雄琉蘊 -台中市西屯區七期預售屋/新建案-預約賞屋，遠雄房地產,/buildings/bh5/,2,2,2,1,0
line-lap / eh2,20260204B,遠雄琉蘊 -台中市西屯區七期預售屋/新建案-預約賞屋，遠雄房地產,/buildings/bh5/,2,2,2,1,2.5
google / cpc,20260213一輪播,遠雄琉蘊 -台中市西屯區七期預售屋/新建案-預約賞屋，遠雄房地產,/buildings/bh5/,2,2,2,1,9.5
fb / bh5,3,遠雄琉蘊 -台中市西屯區七期預售屋/新建案-預約賞屋，遠雄房地產,/buildings/bh5/,2,2,2,1,2
fb / bh5,32,遠雄琉蘊 -台中市西屯區七期預售屋/新建案-預約賞屋，遠雄房地產,/buildings/bh5/,2,2,3,1.5,15
fb / bh5,35,遠雄琉蘊 -台中市西屯區七期預售屋/新建案-預約賞屋，遠雄房地產,/buildings/bh5/,2,2,2,1,3.5
fb / bh5,5,遠雄琉蘊 -台中市西屯區七期預售屋/新建案-預約賞屋，遠雄房地產,/buildings/bh5/,2,2,2,1,3.5
fb / bh5,6,遠雄琉蘊 -台中市西屯區七期預售屋/新建案-預約賞屋，遠雄房地產,/buildings/bh5/,2,2,2,1,0
fb / bh5,8,遠雄琉蘊 -台中市西屯區七期預售屋/新建案-預約賞屋，遠雄房地產,/buildings/bh5/,2,2,2,1,0
google / cpc,BH10-北屯區區域字,遠雄琉蘊 -台中市西屯區七期預售屋/新建案-預約賞屋，遠雄房地產,/buildings/bh5/,2,2,3,1.5,23
google / cpc,BH10-品牌字,遠雄琉蘊 -台中市西屯區七期預售屋/新建案-預約賞屋，遠雄房地產,/buildings/bh5/,2,2,2,1,2.5
fb / bh5,privacy,遠雄琉蘊 -台中市西屯區七期預售屋/新建案-預約賞屋，遠雄房地產,/buildings/bh5/,2,2,2,1,15.5
google_kw / BH6,20220801,遠雄藝舍-台中西屯區麥當勞旁金店面-預約賞屋，遠雄房地產,/buildings/bh6/,2,2,2,1,0
google_kw / BH8,20240816_台中高價建案,遠雄藝舍-台中西屯區麥當勞旁金店面-預約賞屋，遠雄房地產,/buildings/bh6/,2,2,2,1,24
tw.search.yahoo.com / referral,(referral),【遠雄樂元】北屯機捷X好市多，雙首排大道最核心，夠近才最好,/buildings/bh7/,2,2,2,1,59.5
fb / bh7,14,【遠雄樂元】北屯機捷X好市多，雙首排大道最核心，夠近才最好,/buildings/bh7/,2,2,2,1,46
google_kw / BH8,20240816_品牌字,【遠雄樂元】北屯機捷X好市多，雙首排大道最核心，夠近才最好,/buildings/bh7/,2,2,3,1.5,100.5
google / cpc,20260213一輪播,【遠雄樂元】北屯機捷X好市多，雙首排大道最核心，夠近才最好,/buildings/bh7/,2,2,2,1,13.5
fb / bh5,39,【遠雄樂元】北屯機捷X好市多，雙首排大道最核心，夠近才最好,/buildings/bh7/,2,2,2,1,0
google / cpc,BH10-品牌字,【遠雄樂元】北屯機捷X好市多，雙首排大道最核心，夠近才最好,/buildings/bh7/,2,2,2,1,44
google / cpc,Otherarea0829,【遠雄樂元】北屯機捷X好市多，雙首排大道最核心，夠近才最好,/buildings/bh7/,2,2,2,1,37.5
google_kw / bh7,competitor,【遠雄樂元】北屯機捷X好市多，雙首排大道最核心，夠近才最好,/buildings/bh7/,2,2,2,1,0
google / cpc,corearea0829,【遠雄樂元】北屯機捷X好市多，雙首排大道最核心，夠近才最好,/buildings/bh7/,2,2,5,2.5,66
google_kw / bh7,othercities_brand,【遠雄樂元】北屯機捷X好市多，雙首排大道最核心，夠近才最好,/buildings/bh7/,2,2,2,1,5
m.facebook.com / referral,(referral),台中西屯建案【遠雄洄山行】．2-4房方正格局,/buildings/bh8/,2,2,2,1,0
fb / bh5,44,台中西屯建案【遠雄洄山行】．2-4房方正格局,/buildings/bh8/,2,2,2,1,42
google / cpc,BH10-北屯區區域字,台中西屯建案【遠雄洄山行】．2-4房方正格局,/buildings/bh8/,2,2,3,1.5,103
google / cpc,BH10-台中區域字,台中西屯建案【遠雄洄山行】．2-4房方正格局,/buildings/bh8/,2,2,3,1.5,33
google / cpc,BH10-競品字,台中西屯建案【遠雄洄山行】．2-4房方正格局,/buildings/bh8/,2,2,2,1,47
google / cpc,brand0829,台中西屯建案【遠雄洄山行】．2-4房方正格局,/buildings/bh8/,2,2,2,1,26.5
fb / eh6,fb1-1,台中西屯建案【遠雄洄山行】．2-4房方正格局,/buildings/bh8/,2,2,3,1.5,0.5
fb / bh8,fb10-1,台中西屯建案【遠雄洄山行】．2-4房方正格局,/buildings/bh8/,2,2,2,1,3.5
fb / bh8,fb13-2,台中西屯建案【遠雄洄山行】．2-4房方正格局,/buildings/bh8/,2,2,2,1,3
fb / bh8,fb15-3,台中西屯建案【遠雄洄山行】．2-4房方正格局,/buildings/bh8/,2,2,2,1,4.5
fb / bh8,fb18-2,台中西屯建案【遠雄洄山行】．2-4房方正格局,/buildings/bh8/,2,2,2,1,4
fb / bh10,fb20261-1,台中西屯建案【遠雄洄山行】．2-4房方正格局,/buildings/bh8/,2,2,3,1.5,38.5
fb / bh7,fbpage,台中西屯建案【遠雄洄山行】．2-4房方正格局,/buildings/bh8/,2,2,2,1,17
fb / bh9,11,水湳建案【遠雄綠美】鄰近綠美圖．中央公園預售屋,/buildings/bh9/,2,2,2,1,0
fb / bh9,13,水湳建案【遠雄綠美】鄰近綠美圖．中央公園預售屋,/buildings/bh9/,2,2,2,1,7
fb / bh9,25,水湳建案【遠雄綠美】鄰近綠美圖．中央公園預售屋,/buildings/bh9/,2,2,2,1,3
fb / bh9,29,水湳建案【遠雄綠美】鄰近綠美圖．中央公園預售屋,/buildings/bh9/,2,2,2,1,2
fb / bh9,30,水湳建案【遠雄綠美】鄰近綠美圖．中央公園預售屋,/buildings/bh9/,2,2,2,1,0
fb / bh9,31,水湳建案【遠雄綠美】鄰近綠美圖．中央公園預售屋,/buildings/bh9/,2,2,3,1.5,0
fb / bh9,34,水湳建案【遠雄綠美】鄰近綠美圖．中央公園預售屋,/buildings/bh9/,2,2,2,1,6.5
fb / bh9,9,水湳建案【遠雄綠美】鄰近綠美圖．中央公園預售屋,/buildings/bh9/,2,2,2,1,3
google / cpc,area,水湳建案【遠雄綠美】鄰近綠美圖．中央公園預售屋,/buildings/bh9/,2,2,2,1,50
google / cpc,competitor,水湳建案【遠雄綠美】鄰近綠美圖．中央公園預售屋,/buildings/bh9/,2,2,3,1.5,86.5
fb / bh8,fb25-4,水湳建案【遠雄綠美】鄰近綠美圖．中央公園預售屋,/buildings/bh9/,2,2,2,1,0.5
google / cpc,CQH1-競品字,Muran Shimi | Portal Endpoint: Effortlessly Crossing Boundaries | The Most Beautiful Starting Point for Taipei Life,/buildings/cqh1/,2,2,0,0,19
lm.facebook.com / referral,(referral),村泉蒔美｜門戶端點 從容跨界｜台北生活最美起點,/buildings/cqh1/,2,2,2,1,1
google / cpc,202511,村泉蒔美｜門戶端點 從容跨界｜台北生活最美起點,/buildings/cqh1/,2,2,2,1,44
google / cpc,BH10-北屯區區域字,村泉蒔美｜門戶端點 從容跨界｜台北生活最美起點,/buildings/cqh1/,2,2,3,1.5,52.5
google / cpc,RSH1-地區字新北,村泉蒔美｜門戶端點 從容跨界｜台北生活最美起點,/buildings/cqh1/,2,2,2,1,29
google / cpc,DGM1-品牌字,"Dahe Shangjue - Taipei City Shilin District Factory/Office Building/New Pre-sale Project - Schedule a Viewing Appointment, Far Eastern Marketing",/buildings/dgm1/,2,2,0,0,34
bing / organic,(organic),大河商爵-台北市士林區廠辦/預售新建案-預約賞屋，遠創力行銷,/buildings/dgm1/,2,2,2,1,80.5
ig / paid,120224668235420701,大河商爵-台北市士林區廠辦/預售新建案-預約賞屋，遠創力行銷,/buildings/dgm1/,2,2,2,1,9
google / cpc,brand,大河商爵-台北市士林區廠辦/預售新建案-預約賞屋，遠創力行銷,/buildings/dgm1/,2,2,2,1,6
fb / dgm1,fbfanpage0131,大河商爵-台北市士林區廠辦/預售新建案-預約賞屋，遠創力行銷,/buildings/dgm1/,2,2,2,1,0
google / cpc,gdn-3,大河商爵-台北市士林區廠辦/預售新建案-預約賞屋，遠創力行銷,/buildings/dgm1/,2,2,2,1,1
google_kw / dgm1,information10,大河商爵-台北市士林區廠辦/預售新建案-預約賞屋，遠創力行銷,/buildings/dgm1/,2,2,2,1,0
google / cpc,pmax,大河商爵-台北市士林區廠辦/預售新建案-預約賞屋，遠創力行銷,/buildings/dgm1/,2,2,2,1,0
print / dgm1,printnotepaper,大河商爵-台北市士林區廠辦/預售新建案-預約賞屋，遠創力行銷,/buildings/dgm1/,2,2,2,1,24
google_kw / dgm1,taipei,大河商爵-台北市士林區廠辦/預售新建案-預約賞屋，遠創力行銷,/buildings/dgm1/,2,2,2,1,0
web / dgm1,web-googlemap,大河商爵-台北市士林區廠辦/預售新建案-預約賞屋，遠創力行銷,/buildings/dgm1/,2,2,1,0.5,6
farglory.com.tw / referral,(referral),台南永康新建案【遠雄山禾】-鹽行特區．3-4房,/buildings/dh2/,2,2,2,1,29.5
google_kw / dh2,(referral),台南永康新建案【遠雄山禾】-鹽行特區．3-4房,/buildings/dh2/,2,2,2,1,0
m.facebook.com / referral,(referral),台南永康新建案【遠雄山禾】-鹽行特區．3-4房,/buildings/dh2/,2,2,2,1,0
line-lap / eh2,20251208,台南永康新建案【遠雄山禾】-鹽行特區．3-4房,/buildings/dh2/,2,2,2,1,12
gdn / dh2,4,台南永康新建案【遠雄山禾】-鹽行特區．3-4房,/buildings/dh2/,2,2,2,1,0
line-lap / dh2,7,台南永康新建案【遠雄山禾】-鹽行特區．3-4房,/buildings/dh2/,2,2,2,1,0
line-lap / dh2,8,台南永康新建案【遠雄山禾】-鹽行特區．3-4房,/buildings/dh2/,2,2,2,1,0
google / cpc,brand,台南永康新建案【遠雄山禾】-鹽行特區．3-4房,/buildings/dh2/,2,2,2,1,6
fb / dh2,fb-33,台南永康新建案【遠雄山禾】-鹽行特區．3-4房,/buildings/dh2/,2,2,2,1,27
line / dh2,line-dh2,台南永康新建案【遠雄山禾】-鹽行特區．3-4房,/buildings/dh2/,2,2,2,1,12
line-lap / fh2,line-lap12-2,台南永康新建案【遠雄山禾】-鹽行特區．3-4房,/buildings/dh2/,2,2,2,1,3
fb / dh2,privacy,台南永康新建案【遠雄山禾】-鹽行特區．3-4房,/buildings/dh2/,2,2,3,1.5,16.5
line-lap / dh3,8,找不到頁面 - 遠雄房地產,/buildings/dh3/,2,2,2,1,0
bing / organic,(organic),安南重劃首選【遠雄藏萃】全新落成，珍稀戶別釋出！,/buildings/dh5/,2,2,4,2,22
google_kw / dh2,(organic),安南重劃首選【遠雄藏萃】全新落成，珍稀戶別釋出！,/buildings/dh5/,2,2,2,1,43
fb / dh5,20251128,安南重劃首選【遠雄藏萃】全新落成，珍稀戶別釋出！,/buildings/dh5/,2,2,2,1,14.5
google / cpc,brand,Recommended Kaohsiung development: Farglory Peak Residence - Pre-sale units in Sanmin District. Near National Science and Technology Museum.,/buildings/eh1/,2,2,0,0,74.5
(not set),(not set),高雄建案推薦【遠雄峰蘊】- 三民區預售屋．近科工館,/buildings/eh1/,2,2,1,0.5,0
google / cpc,20230901a,高雄建案推薦【遠雄峰蘊】- 三民區預售屋．近科工館,/buildings/eh1/,2,2,2,1,0
google / cpc,O1_地區字_2025.0801,高雄建案推薦【遠雄峰蘊】- 三民區預售屋．近科工館,/buildings/eh1/,2,2,2,1,15
google_kw / eh1,Qianzhen.Qianjin,高雄建案推薦【遠雄峰蘊】- 三民區預售屋．近科工館,/buildings/eh1/,2,2,2,1,0
google_kw / eh1,area,高雄建案推薦【遠雄峰蘊】- 三民區預售屋．近科工館,/buildings/eh1/,2,2,2,1,0
google_kw / eh1,brand,高雄建案推薦【遠雄峰蘊】- 三民區預售屋．近科工館,/buildings/eh1/,2,2,2,1,0
google / cpc,dgc,高雄建案推薦【遠雄峰蘊】- 三民區預售屋．近科工館,/buildings/eh1/,2,2,2,1,12.5
google-map / referral,eh1,高雄建案推薦【遠雄峰蘊】- 三民區預售屋．近科工館,/buildings/eh1/,2,2,2,1,16
fb / eh1,eh1ig,高雄建案推薦【遠雄峰蘊】- 三民區預售屋．近科工館,/buildings/eh1/,2,2,2,1,0
fb / eh5,fb12-3,高雄建案推薦【遠雄峰蘊】- 三民區預售屋．近科工館,/buildings/eh1/,2,2,2,1,6
line / eh1,line0123,高雄建案推薦【遠雄峰蘊】- 三民區預售屋．近科工館,/buildings/eh1/,2,2,2,1,1.5
line-lap / eh2,20260204B,(1) 封未讀訊息 | 遠雄一靚｜楠梓新案．高大特區首發｜早鳥預約中,/buildings/eh2/,2,2,0,0,130
line-lap / eh2,20260204B,远雄一靓｜楠梓新案．高大特区首发｜早鸟预约中,/buildings/eh2/,2,2,1,0.5,38.5
google / cpc,(referral),遠雄一靚｜楠梓新案．高大特區首發｜早鳥預約中,/buildings/eh2/,2,2,2,1,1
google / cpc,202511,遠雄一靚｜楠梓新案．高大特區首發｜早鳥預約中,/buildings/eh2/,2,2,2,1,20.5
fb / eh2,9-3,遠雄一靚｜楠梓新案．高大特區首發｜早鳥預約中,/buildings/eh2/,2,2,2,1,10
google / cpc,O1_品牌字_2025.0801,遠雄一靚｜楠梓新案．高大特區首發｜早鳥預約中,/buildings/eh2/,2,2,2,1,0.5
google / cpc,information1,遠雄一靚｜楠梓新案．高大特區首發｜早鳥預約中,/buildings/eh2/,2,2,2,1,0
webnews / eh2,moneyudn_202512,遠雄一靚｜楠梓新案．高大特區首發｜早鳥預約中,/buildings/eh2/,2,2,1,0.5,0.5
google_kw / eh3,220901,找不到頁面 - 遠雄房地產,/buildings/eh3/,2,2,2,1,0
google_kw / eh3,220927,找不到頁面 - 遠雄房地產,/buildings/eh3/,2,2,2,1,0
(not set),(not set),遠雄沐蘊-高雄市三民區預售屋/新建案-預約賞屋,/buildings/eh5/,2,2,0,0,32
google_kw / eh5,(organic),遠雄沐蘊-高雄市三民區預售屋/新建案-預約賞屋,/buildings/eh5/,2,2,2,1,0
line-lap / eh2,20260204B,遠雄沐蘊-高雄市三民區預售屋/新建案-預約賞屋,/buildings/eh5/,2,2,2,1,67
google / cpc,O1_競品字_2025.0801,遠雄沐蘊-高雄市三民區預售屋/新建案-預約賞屋,/buildings/eh5/,2,2,2,1,6
google_kw / eh5,area,遠雄沐蘊-高雄市三民區預售屋/新建案-預約賞屋,/buildings/eh5/,2,2,2,1,0
fb / eh5,fb31-4,遠雄沐蘊-高雄市三民區預售屋/新建案-預約賞屋,/buildings/eh5/,2,2,2,1,1
ig / social,ig,遠雄沐蘊-高雄市三民區預售屋/新建案-預約賞屋,/buildings/eh5/,2,2,2,1,19
(direct) / (none),(direct),遠雄蘴靚｜高雄楠梓新門戶｜捷運R21站旁｜3795坪豪闊基地,/buildings/eh6,2,2,2,1,0
fb / eh6,form,(1) 封未讀訊息 | 遠雄蘴靚｜高雄楠梓新門戶｜捷運R21站旁｜3795坪豪闊基地,/buildings/eh6/,2,2,0,0,2.5
google / cpc,dgc,Khu đô thị Farglory Garden | Cửa ngõ mới của Cao Hùng đến Nanzi | Nằm cạnh ga MRT R21 | Diện tích đất sang trọng 3795 Ping (khoảng 1833 mét vuông),/buildings/eh6/,2,2,0,0,10.5
google / cpc,gdn,باغ فارگلوری | دروازه جدید کائوسیونگ به نانزی ​​| کنار ایستگاه MRT R21 | ۳۷۹۵ پینگ (تقریباً ۱۸۳۳ متر مربع) زمین لوکس,/buildings/eh6/,2,2,0,0,18
perplexity / (not set),(not set),遠雄蘴靚｜高雄楠梓新門戶｜捷運R21站旁｜3795坪豪闊基地,/buildings/eh6/,2,2,2,1,78.5
google_kw / h713,(organic),遠雄蘴靚｜高雄楠梓新門戶｜捷運R21站旁｜3795坪豪闊基地,/buildings/eh6/,2,2,2,1,17
yahoo / organic,(organic),遠雄蘴靚｜高雄楠梓新門戶｜捷運R21站旁｜3795坪豪闊基地,/buildings/eh6/,2,2,5,2.5,145.5
excel.officeapps.live.com / referral,(referral),遠雄蘴靚｜高雄楠梓新門戶｜捷運R21站旁｜3795坪豪闊基地,/buildings/eh6/,2,2,3,1.5,27
farglory.com.tw / referral,(referral),遠雄蘴靚｜高雄楠梓新門戶｜捷運R21站旁｜3795坪豪闊基地,/buildings/eh6/,2,2,2,1,24.5
ig / social,(referral),遠雄蘴靚｜高雄楠梓新門戶｜捷運R21站旁｜3795坪豪闊基地,/buildings/eh6/,2,2,2,1,0.5
(not set),20251107一輪播,遠雄蘴靚｜高雄楠梓新門戶｜捷運R21站旁｜3795坪豪闊基地,/buildings/eh6/,2,2,3,1.5,2
taboola / fm3,ConA02,遠雄蘴靚｜高雄楠梓新門戶｜捷運R21站旁｜3795坪豪闊基地,/buildings/eh6/,2,2,4,2,43
google / cpc,O1_地區字_2025.0801,遠雄蘴靚｜高雄楠梓新門戶｜捷運R21站旁｜3795坪豪闊基地,/buildings/eh6/,2,2,2,1,28.5
google / cpc,O1_特色字_2025.0801,遠雄蘴靚｜高雄楠梓新門戶｜捷運R21站旁｜3795坪豪闊基地,/buildings/eh6/,2,2,5,2.5,14.5
socialmedia / fgr,fb,遠雄蘴靚｜高雄楠梓新門戶｜捷運R21站旁｜3795坪豪闊基地,/buildings/eh6/,2,2,2,1,14
google / cpc,gdn11-4,遠雄蘴靚｜高雄楠梓新門戶｜捷運R21站旁｜3795坪豪闊基地,/buildings/eh6/,2,2,3,1.5,27
line-lap / fh2,line-lap12-2,遠雄蘴靚｜高雄楠梓新門戶｜捷運R21站旁｜3795坪豪闊基地,/buildings/eh6/,2,2,3,1.5,3
fgr-line / eh2,listbutton,遠雄蘴靚｜高雄楠梓新門戶｜捷運R21站旁｜3795坪豪闊基地,/buildings/eh6/,2,2,5,2.5,1.5
google / eh6,pmax,遠雄蘴靚｜高雄楠梓新門戶｜捷運R21站旁｜3795坪豪闊基地,/buildings/eh6/,2,2,2,1,0
google_kw / fch1,a18,找不到頁面 - 遠雄房地產,/buildings/fch1/,2,2,2,1,0
line-lap / ar1,20260210-7-2,遠雄合雅｜板橋之心・合院之上｜2~3房．24~66坪,/buildings/fh2/,2,2,2,1,1.5
google / cpc,CQH1-品牌字,遠雄合雅｜板橋之心・合院之上｜2~3房．24~66坪,/buildings/fh2/,2,2,2,1,8
google / cpc,CQH1-地區字,遠雄合雅｜板橋之心・合院之上｜2~3房．24~66坪,/buildings/fh2/,2,2,1,0.5,40.5
google / cpc,RSH1-地區字,遠雄合雅｜板橋之心・合院之上｜2~3房．24~66坪,/buildings/fh2/,2,2,2,1,11.5
google / cpc,RSH1-競品字,遠雄合雅｜板橋之心・合院之上｜2~3房．24~66坪,/buildings/fh2/,2,2,9,4.5,149.5
fb / eh5,fb31-1,遠雄合雅｜板橋之心・合院之上｜2~3房．24~66坪,/buildings/fh2/,2,2,2,1,0
google / cpc,gdn-2,遠雄合雅｜板橋之心・合院之上｜2~3房．24~66坪,/buildings/fh2/,2,2,2,1,98
line-lap / cqh1,lap-2,遠雄合雅｜板橋之心・合院之上｜2~3房．24~66坪,/buildings/fh2/,2,2,2,1,3.5
print / fh2,print202602,遠雄合雅｜板橋之心・合院之上｜2~3房．24~66坪,/buildings/fh2/,2,2,2,1,0.5
google / cpc,20230101,找不到頁面 - 遠雄房地產,/buildings/fm1/,2,2,2,1,0
google_kw / fm3,(not set),遠雄信義CENTER-新北市板橋區廠辦.商辦/預售新建案-預約賞屋,/buildings/fm3/,2,2,18,9,64.5
yahoo / organic,(organic),遠雄信義CENTER-新北市板橋區廠辦.商辦/預售新建案-預約賞屋,/buildings/fm3/,2,2,3,1.5,18
fb / fm3,fb7-4,遠雄信義CENTER-新北市板橋區廠辦.商辦/預售新建案-預約賞屋,/buildings/fm3/,2,2,2,1,2
google_kw / h115,linkou,找不到頁面 - 遠雄房地產,/buildings/h115/,2,2,2,1,0
google_kw / h152,家庭/換屋/通用,找不到頁面 - 遠雄房地產,/buildings/h152,2,2,2,1,0
google_kw / h152,龜山字,找不到頁面 - 遠雄房地產,/buildings/h152,2,2,2,1,0
consultant / h707,11306,遠雄星呈-台中市清水區預售屋/新建案-預約賞屋，遠雄房地產,/buildings/h707/,2,2,2,1,0
fb / bh9,39,遠雄星呈-台中市清水區預售屋/新建案-預約賞屋，遠雄房地產,/buildings/h707/,2,2,2,1,160.5
google / cpc,BH10-北屯區區域字,遠雄星呈-台中市清水區預售屋/新建案-預約賞屋，遠雄房地產,/buildings/h707/,2,2,2,1,1.5
bing / organic,(organic),遠雄幸福成｜即將落成 - 台中市清水區預售/新建案-預約賞屋，遠雄房地產,/buildings/h713/,2,2,2,1,15
tw.search.yahoo.com / referral,(referral),遠雄幸福成｜即將落成 - 台中市清水區預售/新建案-預約賞屋，遠雄房地產,/buildings/h713/,2,2,3,1.5,58.5
fb / h713,100,遠雄幸福成｜即將落成 - 台中市清水區預售/新建案-預約賞屋，遠雄房地產,/buildings/h713/,2,2,4,2,24.5
webnews / h713,11409,遠雄幸福成｜即將落成 - 台中市清水區預售/新建案-預約賞屋，遠雄房地產,/buildings/h713/,2,2,2,1,58
webnew / h713,202512,遠雄幸福成｜即將落成 - 台中市清水區預售/新建案-預約賞屋，遠雄房地產,/buildings/h713/,2,2,2,1,14.5
google / cpc,BH10-台中區域字,遠雄幸福成｜即將落成 - 台中市清水區預售/新建案-預約賞屋，遠雄房地產,/buildings/h713/,2,2,2,1,16.5
google / cpc,BH10-品牌字,遠雄幸福成｜即將落成 - 台中市清水區預售/新建案-預約賞屋，遠雄房地產,/buildings/h713/,2,2,2,1,1.5
google / cpc,BH10-競品字,遠雄幸福成｜即將落成 - 台中市清水區預售/新建案-預約賞屋，遠雄房地產,/buildings/h713/,2,2,3,1.5,58.5
google / cpc,beitun,遠雄幸福成｜即將落成 - 台中市清水區預售/新建案-預約賞屋，遠雄房地產,/buildings/h713/,2,2,2,1,13
google / cpc,brand0829,遠雄幸福成｜即將落成 - 台中市清水區預售/新建案-預約賞屋，遠雄房地產,/buildings/h713/,2,2,2,1,93
socialmedia / fgr,fb,遠雄幸福成｜即將落成 - 台中市清水區預售/新建案-預約賞屋，遠雄房地產,/buildings/h713/,2,2,2,1,257.5
ig / social,ig,遠雄幸福成｜即將落成 - 台中市清水區預售/新建案-預約賞屋，遠雄房地產,/buildings/h713/,2,2,2,1,44.5
google / cpc,landmark0829,遠雄幸福成｜即將落成 - 台中市清水區預售/新建案-預約賞屋，遠雄房地產,/buildings/h713/,2,2,2,1,64.5
google / cpc,(not set),遠雄琢蘊-高雄市三民區預售屋/新建案-預約賞屋，遠雄房地產,/buildings/h902/,2,2,2,1,4.5
mkto-sn070013.com / referral,(referral),遠雄琢蘊-高雄市三民區預售屋/新建案-預約賞屋，遠雄房地產,/buildings/h902/,2,2,2,1,75.5
google_kw / 5vo1,202511,遠雄琢蘊-高雄市三民區預售屋/新建案-預約賞屋，遠雄房地產,/buildings/h902/,2,2,3,1.5,0.5
google / cpc,O1_品牌字_2025.0801,遠雄琢蘊-高雄市三民區預售屋/新建案-預約賞屋，遠雄房地產,/buildings/h902/,2,2,2,1,50
google_kw / hh1,chinhsi,找不到頁面 - 遠雄房地產,/buildings/hh1,2,2,2,1,0
google_kw / hh2,kuaihsi,找不到頁面 - 遠雄房地產,/buildings/hh2/,2,2,2,1,0
google / cpc,gdn-2,找不到頁面 - 遠雄房地產,/buildings/hh3/,2,2,2,1,0
web-ettoday / hih1,web-ettoday1209,找不到頁面 - 遠雄房地產,/buildings/hih1/,2,2,2,1,13.5
(data not available),(cross-network),Farglory MetaLink Technology Park | Airport MRT A7 & A8 Station | VIP corporate seats are now open for reservation.,/buildings/hm2/,2,2,1,0.5,0
google / cpc,1204G,Farglory MetaLink Technology Park | Airport MRT A7 & A8 Station | VIP corporate seats are now open for reservation.,/buildings/hm2/,2,2,1,0.5,1
(not set),20260213一輪播,Farglory MetaLink Technology Park | Airport MRT A7 & A8 Station | VIP corporate seats are now open for reservation.,/buildings/hm2/,2,2,0,0,0
google / cpc,1103G,สวนเทคโนโลยีฟาร์กลอรี่ เมตาลิงก์ | สถานีรถไฟฟ้า MRT สนามบิน สาย A7 และ A8 | เปิดให้จองที่นั่งวีไอพีสำหรับองค์กรแล้ว,/buildings/hm2/,2,2,0,0,35.5
bing / organic,(organic),遠雄MetaLink科技園區 | 機捷A7．A8站▕ VIP企業席次開放預約中,/buildings/hm2/,2,2,2,1,21
mkto-sn070013.com / referral,(referral),遠雄MetaLink科技園區 | 機捷A7．A8站▕ VIP企業席次開放預約中,/buildings/hm2/,2,2,2,1,0
fb / hm2,20251102TA,遠雄MetaLink科技園區 | 機捷A7．A8站▕ VIP企業席次開放預約中,/buildings/hm2/,2,2,2,1,0
fb / hm2,20251103,遠雄MetaLink科技園區 | 機捷A7．A8站▕ VIP企業席次開放預約中,/buildings/hm2/,2,2,2,1,1
google / cpc,20260113-12-4,遠雄MetaLink科技園區 | 機捷A7．A8站▕ VIP企業席次開放預約中,/buildings/hm2/,2,2,2,1,3.5
google / cpc,DGM1-核心字,遠雄MetaLink科技園區 | 機捷A7．A8站▕ VIP企業席次開放預約中,/buildings/hm2/,2,2,3,1.5,60.5
google / cpc,gdn-2,遠雄MetaLink科技園區 | 機捷A7．A8站▕ VIP企業席次開放預約中,/buildings/hm2/,2,2,2,1,133.5
google / organic,(organic),找不到頁面 - 遠雄房地產,/buildings/msm1,2,2,2,1,0
google_kw / msm1,business,找不到頁面 - 遠雄房地產,/buildings/msm1,2,2,2,1,0
google_kw / msm1,XinTaiArea,找不到頁面 - 遠雄房地產,/buildings/msm1/,2,2,2,1,0
(not set),(not set),遠雄THE ONE-高雄市前鎮區新成屋/新建案-預約賞屋,/buildings/o1/,2,2,0,0,21.5
google / cpc,(not set),遠雄THE ONE-高雄市前鎮區新成屋/新建案-預約賞屋,/buildings/o1/,2,2,2,1,5
m.facebook.com / referral,(referral),遠雄THE ONE-高雄市前鎮區新成屋/新建案-預約賞屋,/buildings/o1/,2,2,2,1,19.5
un-design.com.tw / referral,(referral),遠雄THE ONE-高雄市前鎮區新成屋/新建案-預約賞屋,/buildings/o1/,2,2,2,1,6
gdn / o1,20250317,遠雄THE ONE-高雄市前鎮區新成屋/新建案-預約賞屋,/buildings/o1/,2,2,2,1,0
yahoo_native / o1,20250317,遠雄THE ONE-高雄市前鎮區新成屋/新建案-預約賞屋,/buildings/o1/,2,2,2,1,0
youtube / o1,20250317,遠雄THE ONE-高雄市前鎮區新成屋/新建案-預約賞屋,/buildings/o1/,2,2,2,1,0
web-chinatimes / o1,20250326,遠雄THE ONE-高雄市前鎮區新成屋/新建案-預約賞屋,/buildings/o1/,2,2,3,1.5,24
fb / o1,20250402_15-1,遠雄THE ONE-高雄市前鎮區新成屋/新建案-預約賞屋,/buildings/o1/,2,2,2,1,0
fb / o1,20250402_15-3,遠雄THE ONE-高雄市前鎮區新成屋/新建案-預約賞屋,/buildings/o1/,2,2,2,1,3.5
fb / o1,20250422_21-1,遠雄THE ONE-高雄市前鎮區新成屋/新建案-預約賞屋,/buildings/o1/,2,2,3,1.5,0.5
fb / o1,20250422_21-2,遠雄THE ONE-高雄市前鎮區新成屋/新建案-預約賞屋,/buildings/o1/,2,2,2,1,6.5
google / cpc,Qianzhen.Qianjin,遠雄THE ONE-高雄市前鎮區新成屋/新建案-預約賞屋,/buildings/o1/,2,2,2,1,31.5
google_kw / o1,brand,遠雄THE ONE-高雄市前鎮區新成屋/新建案-預約賞屋,/buildings/o1/,2,2,2,1,0
google_kw / o1,competitor,遠雄THE ONE-高雄市前鎮區新成屋/新建案-預約賞屋,/buildings/o1/,2,2,2,1,0
fb / o1,fb25-2,遠雄THE ONE-高雄市前鎮區新成屋/新建案-預約賞屋,/buildings/o1/,2,2,2,1,8
google / cpc,gdn-3,遠雄THE ONE-高雄市前鎮區新成屋/新建案-預約賞屋,/buildings/o1/,2,2,2,1,9
ig / social,ig,遠雄THE ONE-高雄市前鎮區新成屋/新建案-預約賞屋,/buildings/o1/,2,2,2,1,12
mydachi / qyh2,mydachiwebsite1108,找不到頁面 - 遠雄房地產,/buildings/qyh2,2,2,2,1,1.5
google / cpc,(not set),若水秧翠｜東京視野・頂埔門牌｜1~3房．20~42坪,/buildings/rsh1/,2,2,2,1,7
bing / organic,(organic),若水秧翠｜東京視野・頂埔門牌｜1~3房．20~42坪,/buildings/rsh1/,2,2,2,1,15
google / cpc,202511,若水秧翠｜東京視野・頂埔門牌｜1~3房．20~42坪,/buildings/rsh1/,2,2,2,1,36
fgr-line / cqh1,20260210,若水秧翠｜東京視野・頂埔門牌｜1~3房．20~42坪,/buildings/rsh1/,2,2,2,1,106.5
fgr-line / fh2,20260210,若水秧翠｜東京視野・頂埔門牌｜1~3房．20~42坪,/buildings/rsh1/,2,2,3,1.5,5
google / cpc,CQH1-品牌字,若水秧翠｜東京視野・頂埔門牌｜1~3房．20~42坪,/buildings/rsh1/,2,2,3,1.5,11.5
google / cpc,CQH1-地區字,若水秧翠｜東京視野・頂埔門牌｜1~3房．20~42坪,/buildings/rsh1/,2,2,4,2,40
fb / rsh1,fanpage0116,若水秧翠｜東京視野・頂埔門牌｜1~3房．20~42坪,/buildings/rsh1/,2,2,2,1,20.5
fb / rsh1,fbfanpage0213,若水秧翠｜東京視野・頂埔門牌｜1~3房．20~42坪,/buildings/rsh1/,2,2,2,1,0
line-lap / ah1,lap-1,若水秧翠｜東京視野・頂埔門牌｜1~3房．20~42坪,/buildings/rsh1/,2,2,2,1,19.5
line-lap / fh2,line-lap12-3,若水秧翠｜東京視野・頂埔門牌｜1~3房．20~42坪,/buildings/rsh1/,2,2,2,1,38
line / rsh1,line-lap2-5,若水秧翠｜東京視野・頂埔門牌｜1~3房．20~42坪,/buildings/rsh1/,2,2,2,1,4
google / organic,(organic),(1) 封未讀訊息 | 遠雄夏沐-桃園市桃園區成屋/新建案-預約賞屋，遠雄房地產,/buildings/遠雄夏沐/,2,2,0,0,79.5
mkto-sn070013.com / referral,(referral),遠雄夏沐-桃園市桃園區成屋/新建案-預約賞屋，遠雄房地產,/buildings/遠雄夏沐/,2,2,2,1,113.5
google / cpc,brand,遠雄夏沐-桃園市桃園區成屋/新建案-預約賞屋，遠雄房地產,/buildings/遠雄夏沐/,2,2,2,1,39.5
socialmedia / fgr,fb,遠雄夏沐-桃園市桃園區成屋/新建案-預約賞屋，遠雄房地產,/buildings/遠雄夏沐/,2,2,2,1,63.5
google / cpc,pmax,遠雄夏沐-桃園市桃園區成屋/新建案-預約賞屋，遠雄房地產,/buildings/遠雄夏沐/,2,2,2,1,2.5
google / organic,(organic),CASA GAUDI 晴空樹,/casa_gaudi/,2,2,2,1,10
google_kw / dh2,(organic),熱銷建案：預售屋、新建案、新成屋 -遠雄房地產,/case/,2,2,3,1.5,3
104.com.tw / referral,(referral),熱銷建案：預售屋、新建案、新成屋 -遠雄房地產,/case/,2,2,2,1,28.5
farglory.com.tw / referral,(referral),熱銷建案：預售屋、新建案、新成屋 -遠雄房地產,/case/,2,2,2,1,6
mkto-sn070013.com / referral,(referral),熱銷建案：預售屋、新建案、新成屋 -遠雄房地產,/case/,2,2,6,3,29
fb / h713,106,熱銷建案：預售屋、新建案、新成屋 -遠雄房地產,/case/,2,2,2,1,7.5
fb / h713,108,熱銷建案：預售屋、新建案、新成屋 -遠雄房地產,/case/,2,2,2,1,8
google_kw / 5vo1,202511,熱銷建案：預售屋、新建案、新成屋 -遠雄房地產,/case/,2,2,2,1,7.5
google / cpc,BH10-十四期區域字,熱銷建案：預售屋、新建案、新成屋 -遠雄房地產,/case/,2,2,5,2.5,25.5
google / cpc,BH10-競品字,熱銷建案：預售屋、新建案、新成屋 -遠雄房地產,/case/,2,2,2,1,0.5
google / cpc,CQH1-買房字,熱銷建案：預售屋、新建案、新成屋 -遠雄房地產,/case/,2,2,2,1,2
google / cpc,RSH1-買房字,熱銷建案：預售屋、新建案、新成屋 -遠雄房地產,/case/,2,2,2,1,3
google / cpc,dgc,熱銷建案：預售屋、新建案、新成屋 -遠雄房地產,/case/,2,2,5,2.5,17
googlemap / o1,googlemap,熱銷建案：預售屋、新建案、新成屋 -遠雄房地產,/case/,2,2,2,1,1.5
line / rsh1,line-lap1-5,熱銷建案：預售屋、新建案、新成屋 -遠雄房地產,/case/,2,2,2,1,4.5
line-lap / fh2,line-lap12-3,熱銷建案：預售屋、新建案、新成屋 -遠雄房地產,/case/,2,2,2,1,11
line-lap / bh10,line-lap20259-5,熱銷建案：預售屋、新建案、新成屋 -遠雄房地產,/case/,2,2,2,1,0.5
google / cpc,(organic),(1) 封未讀訊息 | 熱銷建案一覽：遠雄全台預售屋、新建案、新成屋資訊,/case/search/,2,2,0,0,9
yahoo / organic,(organic),熱銷建案一覽：遠雄全台預售屋、新建案、新成屋資訊,/case/search/,2,2,4,2,34
104.com.tw / referral,(referral),熱銷建案一覽：遠雄全台預售屋、新建案、新成屋資訊,/case/search/,2,2,3,1.5,24
google / cpc,(referral),熱銷建案一覽：遠雄全台預售屋、新建案、新成屋資訊,/case/search/,2,2,2,1,12.5
l.instagram.com / referral,(referral),熱銷建案一覽：遠雄全台預售屋、新建案、新成屋資訊,/case/search/,2,2,2,1,22
fb / h713,106,熱銷建案一覽：遠雄全台預售屋、新建案、新成屋資訊,/case/search/,2,2,5,2.5,31.5
fb / o1,20250422_23-1,熱銷建案一覽：遠雄全台預售屋、新建案、新成屋資訊,/case/search/,2,2,3,1.5,25.5
pop-outdoor / eh6,20260201,熱銷建案一覽：遠雄全台預售屋、新建案、新成屋資訊,/case/search/,2,2,3,1.5,36
fgr-line / eh6,20260210,熱銷建案一覽：遠雄全台預售屋、新建案、新成屋資訊,/case/search/,2,2,3,1.5,53.5
fgr-line / ah1,20260220,熱銷建案一覽：遠雄全台預售屋、新建案、新成屋資訊,/case/search/,2,2,4,2,30
google / cpc,CQH1-品牌字,熱銷建案一覽：遠雄全台預售屋、新建案、新成屋資訊,/case/search/,2,2,2,1,5.5
google / cpc,CQH1-買房字,熱銷建案一覽：遠雄全台預售屋、新建案、新成屋資訊,/case/search/,2,2,4,2,17
google / cpc,DGM1-品牌字,熱銷建案一覽：遠雄全台預售屋、新建案、新成屋資訊,/case/search/,2,2,2,1,16.5
google / cpc,O1_競品字_2025.0801,熱銷建案一覽：遠雄全台預售屋、新建案、新成屋資訊,/case/search/,2,2,3,1.5,19.5
google / cpc,Otherarea0829,熱銷建案一覽：遠雄全台預售屋、新建案、新成屋資訊,/case/search/,2,2,6,3,72.5
google / cpc,RSH1-競品字,熱銷建案一覽：遠雄全台預售屋、新建案、新成屋資訊,/case/search/,2,2,5,2.5,42.5
google / cpc,brand0829,熱銷建案一覽：遠雄全台預售屋、新建案、新成屋資訊,/case/search/,2,2,3,1.5,13
google / cpc,competitor,熱銷建案一覽：遠雄全台預售屋、新建案、新成屋資訊,/case/search/,2,2,4,2,5
google / cpc,corearea0829,熱銷建案一覽：遠雄全台預售屋、新建案、新成屋資訊,/case/search/,2,2,9,4.5,61
socialmedia / fgr,fb,熱銷建案一覽：遠雄全台預售屋、新建案、新成屋資訊,/case/search/,2,2,5,2.5,9
fb / bh8,fb25-4,熱銷建案一覽：遠雄全台預售屋、新建案、新成屋資訊,/case/search/,2,2,6,3,53.5
fb / bh10,fbearlybird_form,熱銷建案一覽：遠雄全台預售屋、新建案、新成屋資訊,/case/search/,2,2,7,3.5,37
google_kw / ah1,googlemap,熱銷建案一覽：遠雄全台預售屋、新建案、新成屋資訊,/case/search/,2,2,2,1,9.5
line-lap / ah1,lap-1,熱銷建案一覽：遠雄全台預售屋、新建案、新成屋資訊,/case/search/,2,2,4,2,13.5
line-lap / ah1,lap-2,熱銷建案一覽：遠雄全台預售屋、新建案、新成屋資訊,/case/search/,2,2,2,1,15
fb / ar1,leads,熱銷建案一覽：遠雄全台預售屋、新建案、新成屋資訊,/case/search/,2,2,2,1,21
fb / bh8,leads,熱銷建案一覽：遠雄全台預售屋、新建案、新成屋資訊,/case/search/,2,2,6,3,29.5
line-lap / bh10,line-lap202511-6,熱銷建案一覽：遠雄全台預售屋、新建案、新成屋資訊,/case/search/,2,2,2,1,3
google / cpc,othercities_brand,熱銷建案一覽：遠雄全台預售屋、新建案、新成屋資訊,/case/search/,2,2,3,1.5,7
(direct) / (none),(direct),熱銷建案一覽：遠雄全台預售屋、新建案、新成屋資訊,/case/search/building-category-tag/1001/,2,2,2,1,3
bing / organic,(organic),熱銷建案一覽：遠雄全台預售屋、新建案、新成屋資訊,/case/search/building-category-tag/134/,2,2,3,1.5,16.5
google / cpc,area,熱銷建案一覽：遠雄全台預售屋、新建案、新成屋資訊,/case/search/building-category-tag/134/,2,2,2,1,5.5
google / cpc,com,熱銷建案一覽：遠雄全台預售屋、新建案、新成屋資訊,/case/search/building-category-tag/134/,2,2,3,1.5,15
(direct) / (none),(direct),熱銷建案一覽：遠雄全台預售屋、新建案、新成屋資訊,/case/search/building-category-tag/134/page/2/,2,2,4,2,13
(direct) / (none),(direct),熱銷建案一覽：遠雄全台預售屋、新建案、新成屋資訊,/case/search/building-category-tag/134/page/4/,2,2,2,1,5.5
(direct) / (none),(direct),熱銷建案一覽：遠雄全台預售屋、新建案、新成屋資訊,/case/search/building-category-tag/134/page/5/,2,2,3,1.5,7.5
(direct) / (none),(direct),熱銷建案一覽：遠雄全台預售屋、新建案、新成屋資訊,/case/search/building-category-tag/135/,2,2,2,1,12
google / cpc,(not set),熱銷建案一覽：遠雄全台預售屋、新建案、新成屋資訊,/case/search/page/2/,2,2,6,3,15
farglory-land.com.tw / referral,(referral),熱銷建案一覽：遠雄全台預售屋、新建案、新成屋資訊,/case/search/page/2/,2,2,2,1,13.5
farglory.com.tw / referral,(referral),熱銷建案一覽：遠雄全台預售屋、新建案、新成屋資訊,/case/search/page/2/,2,2,6,3,38
l.instagram.com / referral,(referral),熱銷建案一覽：遠雄全台預售屋、新建案、新成屋資訊,/case/search/page/2/,2,2,2,1,2.5
mkto-sn070013.com / referral,(referral),熱銷建案一覽：遠雄全台預售屋、新建案、新成屋資訊,/case/search/page/2/,2,2,3,1.5,38
fb / h713,106,熱銷建案一覽：遠雄全台預售屋、新建案、新成屋資訊,/case/search/page/2/,2,2,4,2,64
google / cpc,BH10-十四期區域字,熱銷建案一覽：遠雄全台預售屋、新建案、新成屋資訊,/case/search/page/2/,2,2,2,1,33
google / cpc,BH10-競品字,熱銷建案一覽：遠雄全台預售屋、新建案、新成屋資訊,/case/search/page/2/,2,2,7,3.5,32.5
google / cpc,Pmax,熱銷建案一覽：遠雄全台預售屋、新建案、新成屋資訊,/case/search/page/2/,2,2,4,2,15.5
google / cpc,area,熱銷建案一覽：遠雄全台預售屋、新建案、新成屋資訊,/case/search/page/2/,2,2,3,1.5,19.5
socialmedia / fgr,fb,熱銷建案一覽：遠雄全台預售屋、新建案、新成屋資訊,/case/search/page/2/,2,2,5,2.5,8.5
fb / eh6,fb1-3,熱銷建案一覽：遠雄全台預售屋、新建案、新成屋資訊,/case/search/page/2/,2,2,2,1,17
bing / organic,(organic),熱銷建案一覽：遠雄全台預售屋、新建案、新成屋資訊,/case/search/page/3/,2,2,2,1,7
farglory-land.com.tw / referral,(referral),熱銷建案一覽：遠雄全台預售屋、新建案、新成屋資訊,/case/search/page/3/,2,2,2,1,16.5
google / cpc,202511,熱銷建案一覽：遠雄全台預售屋、新建案、新成屋資訊,/case/search/page/3/,2,2,2,1,17.5
google_kw / ah1,googlemap,熱銷建案一覽：遠雄全台預售屋、新建案、新成屋資訊,/case/search/page/3/,2,2,2,1,8.5
tw.search.yahoo.com / referral,(referral),熱銷建案一覽：遠雄全台預售屋、新建案、新成屋資訊,/case/search/page/4/,2,2,3,1.5,13.5
google / cpc,202511,熱銷建案一覽：遠雄全台預售屋、新建案、新成屋資訊,/case/search/page/4/,2,2,4,2,34.5
google_kw / ah1,googlemap,熱銷建案一覽：遠雄全台預售屋、新建案、新成屋資訊,/case/search/page/4/,2,2,2,1,16.5
google / cpc,(organic),熱銷建案一覽：遠雄全台預售屋、新建案、新成屋資訊,/case/search/page/5/,2,2,2,1,5.5
tw.search.yahoo.com / referral,(referral),熱銷建案一覽：遠雄全台預售屋、新建案、新成屋資訊,/case/search/page/5/,2,2,2,1,9.5
google_kw / ah1,googlemap,熱銷建案一覽：遠雄全台預售屋、新建案、新成屋資訊,/case/search/page/5/,2,2,2,1,7
tw.search.yahoo.com / referral,(referral),熱銷建案一覽：遠雄全台預售屋、新建案、新成屋資訊,/case/search/page/6/,2,2,2,1,16
google / cpc,brand,熱銷建案一覽：遠雄全台預售屋、新建案、新成屋資訊,/case/search/page/6/,2,2,2,1,13.5
google_kw / ah1,googlemap,熱銷建案一覽：遠雄全台預售屋、新建案、新成屋資訊,/case/search/page/6/,2,2,2,1,6.5
google / cpc,(organic),熱銷建案一覽：遠雄全台預售屋、新建案、新成屋資訊,/case/search/sales_status/almost-sold-out/,2,2,2,1,28
bing / organic,(organic),熱銷建案一覽：遠雄全台預售屋、新建案、新成屋資訊,/case/search/sales_status/coming-soon/,2,2,2,1,8.5
google / cpc,(referral),熱銷建案一覽：遠雄全台預售屋、新建案、新成屋資訊,/case/search/sales_status/coming-soon/,2,2,2,1,1
ig / paid,120238552444900537,熱銷建案一覽：遠雄全台預售屋、新建案、新成屋資訊,/case/search/sales_status/coming-soon/,2,2,2,1,3.5
avivid / bh11,20251212,熱銷建案一覽：遠雄全台預售屋、新建案、新成屋資訊,/case/search/sales_status/coming-soon/,2,2,2,1,52.5
pop-outdoor / eh6,20260201,熱銷建案一覽：遠雄全台預售屋、新建案、新成屋資訊,/case/search/sales_status/coming-soon/,2,2,2,1,10
fgr-line / eh6,20260210,熱銷建案一覽：遠雄全台預售屋、新建案、新成屋資訊,/case/search/sales_status/coming-soon/,2,2,3,1.5,12
line-lap / ar1,20260210-7-2,熱銷建案一覽：遠雄全台預售屋、新建案、新成屋資訊,/case/search/sales_status/coming-soon/,2,2,2,1,20.5
pmp / ah1,avivid-1,熱銷建案一覽：遠雄全台預售屋、新建案、新成屋資訊,/case/search/sales_status/coming-soon/,2,2,2,1,28
google / cpc,com,熱銷建案一覽：遠雄全台預售屋、新建案、新成屋資訊,/case/search/sales_status/coming-soon/,2,2,3,1.5,20.5
google / cpc,dgc,熱銷建案一覽：遠雄全台預售屋、新建案、新成屋資訊,/case/search/sales_status/coming-soon/,2,2,2,1,29
line-lap / ah1,lap-1,熱銷建案一覽：遠雄全台預售屋、新建案、新成屋資訊,/case/search/sales_status/coming-soon/,2,2,3,1.5,37
line / ah1,message,熱銷建案一覽：遠雄全台預售屋、新建案、新成屋資訊,/case/search/sales_status/coming-soon/,2,2,2,1,15
google / cpc,(not set),熱銷建案一覽：遠雄全台預售屋、新建案、新成屋資訊,/case/search/sales_status/hot-sale/,2,2,2,1,14
tw.search.yahoo.com / referral,(referral),熱銷建案一覽：遠雄全台預售屋、新建案、新成屋資訊,/case/search/sales_status/hot-sale/,2,2,2,1,70.5
fb / eh1,11-1,熱銷建案一覽：遠雄全台預售屋、新建案、新成屋資訊,/case/search/sales_status/hot-sale/,2,2,2,1,7.5
fgr-line / bh8,20260207,熱銷建案一覽：遠雄全台預售屋、新建案、新成屋資訊,/case/search/sales_status/hot-sale/,2,2,2,1,9.5
google / cpc,BH10-競品字,熱銷建案一覽：遠雄全台預售屋、新建案、新成屋資訊,/case/search/sales_status/hot-sale/,2,2,2,1,6.5
fb / bh8,fb25-4,熱銷建案一覽：遠雄全台預售屋、新建案、新成屋資訊,/case/search/sales_status/hot-sale/,2,2,2,1,5
(direct) / (none),(direct),熱銷建案一覽：遠雄全台預售屋、新建案、新成屋資訊,/case/search/sales_status/hot-sale/page/2/,2,2,4,2,39
google / cpc,(organic),熱銷建案一覽：遠雄全台預售屋、新建案、新成屋資訊,/case/search/sales_status/hot-sale/page/2/,2,2,3,1.5,17
google / organic,(organic),熱銷建案一覽：遠雄全台預售屋、新建案、新成屋資訊,/case/search/sales_status/hot-sale/page/3/,2,2,4,2,20.5
google / cpc,202511,熱銷建案一覽：遠雄全台預售屋、新建案、新成屋資訊,/case/search/sales_status/hot-sale/page/3/,2,2,2,1,19
104.com.tw / referral,(referral),聯絡我們 - 遠雄房地產,/contact_service/contact_us/,2,2,2,1,9
farglory.com.tw / referral,(referral),加入遠雄 築夢齊飛！-遠雄房地產,/contact_service/join_farglory/,2,2,3,1.5,17.5
google / cpc,pmax,加入遠雄 築夢齊飛！-遠雄房地產,/contact_service/join_farglory/,2,2,2,1,0
google / organic,(organic),遠雄夏沐-線上接待中心,/customer,2,2,2,1,5
(direct) / (none),(direct),2025十二月主題報 - 遠雄房地產,/dec2025/,2,2,2,1,5.5
google / organic,(organic),遠房好友電子報感謝頁 - 遠雄房地產,/edm_thank_you_page/,2,2,2,1,9
(direct) / (none),(direct),遠雄菁英分享 - 遠雄房地產,/elite_sharing/,2,2,4,2,9.5
(direct) / (none),(direct),世界造鎮推手‧遠雄譜寫台灣經濟奇蹟-遠雄房地產,/farglory-realty-about/push-hand/,2,2,3,1.5,27.5
statics.teams.cdn.office.net / referral,(referral),2026二月主題報 - 遠雄房地產,/feb2026/,2,2,16,8,173
(direct) / (none),(direct),熱銷建案(台北、新北、台中、桃園、台南、高雄)一覽 - 遠雄房地產,/gc_farbear/case/search/,2,2,2,1,7
(direct) / (none),(direct),首購 彙整 - 遠雄房地產,/life-proposal-tag/1、客層/1購屋對象/首購/,2,2,2,1,3
(direct) / (none),(direct),2025房市趨勢 彙整 - 遠雄房地產,/life-proposal-tag/2、市場/1市場相關專有詞/2025房市趨勢/,2,2,2,1,0
google / organic,(organic),限貸令 彙整 - 遠雄房地產,/life-proposal-tag/2、市場/1市場相關專有詞/限貸令/,2,2,2,1,20.5
google / cpc,(organic),遺產稅 彙整 - 遠雄房地產,/life-proposal-tag/2、市場/2稅務政策相關/estate_tax/,2,2,3,1.5,44.5
(direct) / (none),(direct),贈與稅 彙整 - 遠雄房地產,/life-proposal-tag/2、市場/2稅務政策相關/gift_tax/,2,2,2,1,6
google / organic,(organic),贈與稅 彙整 - 遠雄房地產,/life-proposal-tag/2、市場/2稅務政策相關/gift_tax/,2,2,2,1,73.5
google / cpc,(organic),二親等 彙整 - 遠雄房地產,/life-proposal-tag/2、市場/2稅務政策相關/gift_tax/二親等/,2,2,2,1,12.5
google / organic,(organic),豪宅稅 彙整 - 遠雄房地產,/life-proposal-tag/2、市場/2稅務政策相關/house_tax/豪宅稅/,2,2,3,1.5,5
google / organic,(organic),囤房稅 彙整 - 遠雄房地產,/life-proposal-tag/2、市場/2稅務政策相關/multi-house_tax/,2,2,4,2,12
google / organic,(organic),一生一次 彙整 - 遠雄房地產,/life-proposal-tag/2、市場/2稅務政策相關/一生一次/,2,2,3,1.5,13
google / cpc,(organic),繼承登記 彙整 - 遠雄房地產,/life-proposal-tag/2、市場/2稅務政策相關/繼承登記/,2,2,2,1,49
google / organic,(organic),不動產繼承 彙整 - 遠雄房地產,/life-proposal-tag/2、市場/2稅務政策相關/繼承登記/不動產繼承/,2,2,2,1,14
fgr-line / fgr,expert_zhu_taiwan-land-scam,不動產繼承 彙整 - 遠雄房地產,/life-proposal-tag/2、市場/2稅務政策相關/繼承登記/不動產繼承/,2,2,2,1,22.5
(direct) / (none),(direct),自用住宅 彙整 - 遠雄房地產,/life-proposal-tag/2、市場/2稅務政策相關/自用住宅/,2,2,2,1,17
google / organic,(organic),土地公告現值 彙整 - 遠雄房地產,/life-proposal-tag/2、市場/3價格相關/土地公告現值/,2,2,2,1,7
google / cpc,brand,(not set),(not set),2,2,0,0,0
google / organic,(organic),地籍異動 彙整 - 遠雄房地產,/life-proposal-tag/3、交易/1購屋流程相關/地籍異動/,2,2,2,1,1
google / organic,(organic),檢查表 彙整 - 遠雄房地產,/life-proposal-tag/3、交易/1購屋流程相關/驗屋流程/檢查表/,2,2,3,1.5,6.5
(direct) / (none),(direct),建商 彙整 - 遠雄房地產,/life-proposal-tag/4、品牌/1品牌相關/建商/,2,2,2,1,0
google / organic,(organic),施工品質 彙整 - 遠雄房地產,/life-proposal-tag/4、品牌/施工品質/,2,2,2,1,1
(direct) / (none),(direct),基地規劃 彙整 - 遠雄房地產,/life-proposal-tag/5、區域/1區域地段/基地規劃/,2,2,2,1,0
(direct) / (none),(direct),生活機能 彙整 - 遠雄房地產,/life-proposal-tag/5、區域/1區域地段/生活機能/,2,2,2,1,2
google / cpc,20260206-2-4,台中市 彙整 - 遠雄房地產,/life-proposal-tag/5、區域/1區域地段/縣市/台中市/,2,2,4,2,111
(direct) / (none),(direct),北屯區 彙整 - 遠雄房地產,/life-proposal-tag/5、區域/1區域地段/縣市/台中市/beitun/,2,2,2,1,0
fb / paid,120238384775810537,十四期 彙整 - 遠雄房地產,/life-proposal-tag/5、區域/1區域地段/縣市/台中市/beitun/fourthteen/,2,2,2,1,24
google / cpc,brand0829,十四期 彙整 - 遠雄房地產,/life-proposal-tag/5、區域/1區域地段/縣市/台中市/beitun/fourthteen/,2,2,2,1,17.5
(direct) / (none),(direct),七期 彙整 - 遠雄房地產,/life-proposal-tag/5、區域/1區域地段/縣市/台中市/seventh/,2,2,2,1,4.5
google / organic,(organic),台南市 彙整 - 遠雄房地產,/life-proposal-tag/5、區域/1區域地段/縣市/台南市/,2,2,4,2,108.5
(direct) / (none),(direct),中西區 彙整 - 遠雄房地產,/life-proposal-tag/5、區域/1區域地段/縣市/台南市/中西區/,2,2,2,1,12
google / organic,(organic),運河星鑽特區 彙整 - 遠雄房地產,/life-proposal-tag/5、區域/1區域地段/縣市/台南市/中西區/運河星鑽特區/,2,2,3,1.5,19.5
google / organic,(organic),遠東通訊園區 彙整 - 遠雄房地產,/life-proposal-tag/5、區域/1區域地段/縣市/新北市/板橋區/遠東通訊園區/,2,2,2,1,15.5
(direct) / (none),(direct),農十六 彙整 - 遠雄房地產,/life-proposal-tag/5、區域/1區域地段/縣市/高雄市/gushan/農十六/,2,2,2,1,3
google / organic,(organic),中都重劃區 彙整 - 遠雄房地產,/life-proposal-tag/5、區域/1區域地段/縣市/高雄市/sanmin/中都重劃區/,2,2,3,1.5,6
google / organic,(organic),高大特區 彙整 - 遠雄房地產,/life-proposal-tag/5、區域/1區域地段/縣市/高雄市/楠梓區/高大特區/,2,2,2,1,11
google / cpc,Sanmin,高大特區 彙整 - 遠雄房地產,/life-proposal-tag/5、區域/1區域地段/縣市/高雄市/楠梓區/高大特區/,2,2,2,1,9.5
google / cpc,(organic),預售屋 彙整 - 遠雄房地產,/life-proposal-tag/6、產品/1建築專有名詞/屋型/預售屋/,2,2,2,1,33.5
google / cpc,BH10-北屯區區域字,預售屋 彙整 - 遠雄房地產,/life-proposal-tag/6、產品/1建築專有名詞/屋型/預售屋/,2,2,2,1,2.5
google / organic,(organic),公設比 彙整 - 遠雄房地產,/life-proposal-tag/6、產品/2建築計算/公設比/,2,2,2,1,12
google / organic,(organic),容積率 彙整 - 遠雄房地產,/life-proposal-tag/6、產品/2建築計算/容積率/,2,2,2,1,15.5
google / organic,(organic),全熱交換機 彙整 - 遠雄房地產,/life-proposal-tag/6、產品/4產品規劃-建築/a-建築規劃/降溫節能/全熱交換機/,2,2,2,1,4
google / organic,(organic),高雄厝綠建築 彙整 - 遠雄房地產,/life-proposal-tag/6、產品/4產品規劃-建築/a-建築規劃/高雄厝綠建築/,2,2,3,1.5,1.5
(direct) / (none),(direct),建材 彙整 - 遠雄房地產,/life-proposal-tag/6、產品/8建材規劃/a-建材/,2,2,2,1,9.5
google / organic,(organic),遠雄綠禾 彙整 - 遠雄房地產,/life-proposal-tag/8、遠雄房地產建案/dh3/,2,2,2,1,5
(direct) / (none),(direct),劉佩真 彙整 - 遠雄房地產,/life-proposal-tag/expert/劉佩真/,2,2,2,1,0
(direct) / (none),(direct),財經M平方 彙整 - 頁2，共3 - 遠雄房地產,/life-proposal-tag/macroeconomics-2/macromicro/page/2/,2,2,2,1,14.5
(direct) / (none),(direct),PMI 彙整 - 遠雄房地產,/life-proposal-tag/macroeconomics-2/pmi/,2,2,2,1,0
(direct) / (none),(direct),半導體 彙整 - 遠雄房地產,/life-proposal-tag/macroeconomics-2/semiconductor/,2,2,2,1,2.5
(direct) / (none),(direct),危老重建 彙整 - 遠雄房地產,/life-proposal-tag/policy/old/,2,2,2,1,3.5
google / organic,(organic),2026房市趨勢 彙整 - 遠雄房地產,/life-proposal-tag/real_estate-2/2026房市趨勢/,2,2,3,1.5,21.5
google / cpc,(organic),法拍屋 彙整 - 遠雄房地產,/life-proposal-tag/real_estate-2/foreclosure/,2,2,2,1,25
(direct) / (none),(direct),日本 彙整 - 遠雄房地產,/life-proposal-tag/real_estate-2/japan/,2,2,2,1,0
google / organic,(organic),房貸 彙整 - 遠雄房地產,/life-proposal-tag/二/房貸/,2,2,3,1.5,2
(direct) / (none),(direct),2021十大建商出爐！購屋前必知的建商評價 - 遠雄房地產,/life-proposal/2021-10/,2,2,2,1,50.5
google / organic,(organic),北士科爆840億商辦案量，搶攻輝達、金仁寶供應鏈需求 | 建案熱區巡禮 - 遠雄房地產,/life-proposal/5vo1-1/,2,2,2,1,1
fbpage / 5vo1,202509,建案熱區巡禮：北士科爆840億商辦案量，搶攻輝達、金仁寶供應鏈需求 - 遠雄房地產,/life-proposal/5vo1-1/,2,2,1,0.5,11
google_kw / 5vo1,202511,建案熱區巡禮：準珍稀保值性，高資產族低調買進軟橋段 - 遠雄房地產,/life-proposal/ar1-1/,2,2,2,1,261.5
google / organic,(organic),建案熱區巡禮：台南永康大灣重劃區 - 交通篇 - 遠雄房地產,/life-proposal/area-hotspot-tnn-dawan_traffic_20240313/,2,2,3,1.5,116.5
(direct) / (none),(direct),建案熱區巡禮：台南永康區 - 綠地篇 - 遠雄房地產,/life-proposal/area-hotspot-tnn-yongkang_park_20231207/,2,2,2,1,0.5
(direct) / (none),(direct),楠梓高大特區寵物友善地點推薦：必訪5家餐廳＋3大寵物同樂好去處 - 遠雄房地產,/life-proposal/area-kaohsiung-nanzi_nuk_pet-cafe_20250613/,2,2,2,1,0.5
(direct) / (none),(direct),高雄楠梓區高大特區寵物友善景點散步趣：與毛孩共享綠意生活 - 遠雄房地產,/life-proposal/area-kaohsiung-nanzi_nuk_pet-walk_20250606/,2,2,2,1,32
(not set),高雄三民,高雄三民區中都重劃區生活圈，離塵不離城 | 建案熱區巡禮 - 遠雄房地產,/life-proposal/area-khh-central_202306719/,2,2,0,0,92.5
google / organic,(organic),高雄三民區百億新都心「高雄車站特區」 | 建案熱區巡禮 - 遠雄房地產,/life-proposal/area-khh-station_20230914/,2,2,6,3,48.5
(direct) / (none),(direct),建案熱區巡禮：新竹市東區 - 以科技驅動的繁榮未來 - 遠雄房地產,/life-proposal/area-l-hsinchu-east20240110/,2,2,3,1.5,21.5
google / cpc,(organic),高雄鼓山：農十六、美術館特區與富邦新商圈 | 建案熱區巡禮 - 遠雄房地產,/life-proposal/area-l-kaohsiung-gusha20200520/,2,2,3,1.5,14.5
(direct) / (none),(direct),高雄楠梓區 - 從工業重鎮到經濟新引擎的崛起 | 建案熱區巡禮 - 遠雄房地產,/life-proposal/area-l-kaohsiung-nanzi_20250121/,2,2,2,1,0
(direct) / (none),(direct),中和翻轉！北台灣電子製造業最大產業聚落  | 建案熱區巡禮 - 遠雄房地產,/life-proposal/area-l-newtaipei-zhonghe_20220923/,2,2,2,1,303
(direct) / (none),(direct),板橋為交通便捷、生活機能佳的新北都心 | 建案熱區巡禮 - 遠雄房地產,/life-proposal/area-l-ntpc_banqiao_20240717/,2,2,2,1,0
google / organic,(organic),台南中西區 – 文化交融與現代發展並進 | 建案熱區巡禮 - 遠雄房地產,/life-proposal/area-l-tainan-west-central_20250402/,2,2,2,1,0.5
google / organic,(organic),"建案熱區巡禮：在北投享受適居生活、溫泉慢活""心""價值 - 遠雄房地產",/life-proposal/area-l-taipei-beitou20220520/,2,2,2,1,13.5
(direct) / (none),(direct),台北士林區：交通、觀光與都市再生並進｜建案熱區巡禮 - 遠雄房地產,/life-proposal/area-l-taipei-shilin20220520/,2,2,2,1,66
(not set),北投士林,台北士林區：交通、觀光與都市再生並進｜建案熱區巡禮 - 遠雄房地產,/life-proposal/area-l-taipei-shilin20220520/,2,2,3,1.5,62.5
news.google.com / referral,(referral),建案熱區巡禮：移居桃園市桃園區，比想像中更舒適 - 遠雄房地產,/life-proposal/area-l-taoyuan-taoyuan20220520/,2,2,2,1,1
(not set),桃園桃園,建案熱區巡禮：移居桃園市桃園區，比想像中更舒適 - 遠雄房地產,/life-proposal/area-l-taoyuan-taoyuan20220520/,2,2,1,0.5,9.5
google / cpc,(organic),建案熱區巡禮：高雄農十六（凹子底地區）指標豪宅生活區 - 遠雄房地產,/life-proposal/area-s-kaohsiung-farm1620200520/,2,2,2,1,48
(not set),台中,建案熱區巡禮：第二個美術館特區-高雄三民中都重劃區 - 遠雄房地產,/life-proposal/area-s-khh-central_20240502/,2,2,3,1.5,12
google / organic,(organic),建案熱區巡禮：新北國都之門「新莊副都心」，產業聚落移居城市 - 遠雄房地產,/life-proposal/area-s-newtaipei-xinzhuangfuduxin_20220930/,2,2,2,1,5
(direct) / (none),(direct),漢神巨蛋到位！北屯 11 期坐穩未來新都心 | 建案熱區巡禮 - 遠雄房地產,/life-proposal/area-s-taichung-11_20220916/,2,2,2,1,0
(not set),台中,漢神巨蛋到位！北屯 11 期坐穩未來新都心 | 建案熱區巡禮 - 遠雄房地產,/life-proposal/area-s-taichung-11_20220916/,2,2,2,1,1.5
bing / organic,(organic),建案熱區巡禮：住在永康大灣好便利！唯一純住重劃區！ - 遠雄房地產,/life-proposal/area-s-tainan-dawan20220520/,2,2,3,1.5,227
(not set),台南中西,台南中西區運河星鑽特區打造台南曼哈頓 | 建案熱區巡禮 - 遠雄房地產,/life-proposal/area-s-tainan_west-central_diamond_20250425/,2,2,1,0.5,4.5
fgr-line / fgr,expert_zhu_taiwan-land-scam,建案熱區巡禮：台南中西區運河星鑽特區生活圈 - 百年港町再出發的現代風華 - 遠雄房地產,/life-proposal/area-s-tainan_west-central_redevelop_diamond_20250502/,2,2,3,1.5,5
(not set),桃園,建案熱區巡禮：桃園小檜溪(青溪特區)舊商圈+眾多綠地的宜人生活 - 遠雄房地產,/life-proposal/area-s-taoyuan-green20220520/,2,2,0,0,0
(direct) / (none),(direct),建案熱區巡禮：新北板橋府中與南雅地區 - 遠雄房地產,/life-proposal/area-s-tph_banqiao_nanya_20240820/,2,2,2,1,3.5
m.facebook.com / referral,(referral),建案熱區巡禮：新北板橋府中與南雅地區 - 遠雄房地產,/life-proposal/area-s-tph_banqiao_nanya_20240820/,2,2,2,1,20.5
tw.search.yahoo.com / referral,(referral),建案熱區巡禮：新北板橋府中與南雅地區 - 遠雄房地產,/life-proposal/area-s-tph_banqiao_nanya_20240820/,2,2,2,1,59
m.facebook.com / referral,(referral),板橋府中與湳雅：古城底蘊與現代都會的「雙城」融合 | 建案熱區巡禮 - 遠雄房地產,/life-proposal/area-s-tph_banqiao_nanya_20240820/,2,2,2,1,43.5
(direct) / (none),(direct),建案熱區巡禮：新北板橋區Tpark科技特區 (遠東通訊園區) - 綠地休憩篇 - 遠雄房地產,/life-proposal/area-s-tph_banqiao_tpark_park_20250411/,2,2,2,1,7
google / cpc,(organic),建案熱區巡禮：新北板橋區Tpark科技特區 (遠東通訊園區) - 綠地休憩篇 - 遠雄房地產,/life-proposal/area-s-tph_banqiao_tpark_park_20250411/,2,2,2,1,4.5
(direct) / (none),(direct),建案熱區巡禮：台南中西區運河星鑽特區 - 學區篇 - 遠雄房地產,/life-proposal/area-tainan_west-central_redevelop_diamond_school_20250516/,2,2,2,1,38
google / cpc,brand,建案熱區巡禮：台南中西區運河星鑽特區 - 學區篇 - 遠雄房地產,/life-proposal/area-tainan_west-central_redevelop_diamond_school_20250516/,2,2,2,1,4
(direct) / (none),(direct),台南永康區大灣重劃區生活圈 | 建案熱區巡禮 - 遠雄房地產,/life-proposal/area-tnn-dawan_function_20231129/,2,2,2,1,7.5
mkto-sn070013.com / referral,(referral),建案熱區巡禮：北投士林科技園區生活圈 - 遠雄房地產,/life-proposal/area-tpe-beitou_bstp_function_202406012/,2,2,2,1,103.5
google / organic,(organic),建案熱區巡禮：北投士林科技園區 - 學區篇 - 遠雄房地產,/life-proposal/area-tpe-beitou_bstp_school_20240713/,2,2,2,1,70
google / cpc,(organic),建案熱區巡禮：北投士林科技園區 - 交通篇 - 遠雄房地產,/life-proposal/area-tpe-beitou_bstp_traffic_20240705/,2,2,2,1,47.5
facebook.com / referral,(referral),建案熱區巡禮：新北板橋府中與南雅地區 - 綠地休憩篇 - 遠雄房地產,/life-proposal/area-tph_banqiao_park_20240820/,2,2,2,1,2.5
facebook.com / referral,(referral),建案熱區巡禮：新北板橋府中與南雅地區 - 交通篇 - 遠雄房地產,/life-proposal/area-tph_banqiao_traffic_20240905/,2,2,2,1,5
(direct) / (none),(direct),台中西屯七期重劃區核心生活圈 | 建案熱區巡禮 - 遠雄房地產,/life-proposal/area-txg-7th_function_20231107/,2,2,2,1,24
(direct) / (none),(direct),找不到頁面 - 遠雄房地產,/life-proposal/area-txg-7th_park_20241223/,2,2,3,1.5,5
(direct) / (none),(direct),找不到頁面 - 遠雄房地產,/life-proposal/area-txg-7th_school_20241226/,2,2,2,1,4
bing / organic,(organic),梧棲、清水台中港重劃區生活圈全面升級 | 建案熱區巡禮 - 遠雄房地產,/life-proposal/area-txg-port_function_20240103/,2,2,2,1,7.5
(direct) / (none),(direct),建案熱區巡禮：台中港市鎮重劃區 - 清水梧棲綠地休憩篇 - 遠雄房地產,/life-proposal/area-txg-port_park_20240111/,2,2,2,1,26
(direct) / (none),(direct),建案熱區巡禮：台中港市鎮重劃區 - 清水梧棲學區篇 - 遠雄房地產,/life-proposal/area-txg-port_school_20240105/,2,2,2,1,25.5
(direct) / (none),(direct),建案熱區巡禮：台中港市鎮重劃區 - 海線城市清水梧棲交通篇 - 遠雄房地產,/life-proposal/area-txg-port_traffic_20240120/,2,2,2,1,11.5
(direct) / (none),(direct),建案熱區巡禮：台中西屯水湳經貿園區 - 綠地休憩篇 - 遠雄房地產,/life-proposal/area-txg-shuinan_park_20240419/,2,2,3,1.5,37.5
google / organic,(organic),建案熱區巡禮：台南永康區 - 學區篇 - 遠雄房地產,/life-proposal/area_hotspot_tnn_yongkang_school_20231216/,2,2,2,1,2
(direct) / (none),(direct),建案熱區巡禮：台中西屯區 - 綠地篇 - 遠雄房地產,/life-proposal/area_hotspot_txg_xitun_park_20231129/,2,2,2,1,23.5
google / organic,(organic),建案熱區巡禮：台中西屯區 - 綠地篇 - 遠雄房地產,/life-proposal/area_hotspot_txg_xitun_park_20231129/,2,2,2,1,94.5
(direct) / (none),(direct),建案熱區巡禮：台中西屯區 - 交通篇 - 遠雄房地產,/life-proposal/area_hotspot_txg_xitun_traffic_20231124/,2,2,2,1,35.5
yahoo / organic,(organic),高雄預售屋入手指南：最新建案推薦、選房與區域優勢總整理 - 遠雄房地產,/life-proposal/area_presold-house-in-kaohsiung/,2,2,2,1,9.5
google / cpc,O1_地區字_2025.0801,高雄預售屋入手指南：最新建案推薦、選房與區域優勢總整理 - 遠雄房地產,/life-proposal/area_presold-house-in-kaohsiung/,2,2,2,1,11.5
(not set),台中西屯,高雄預售屋入手指南：最新建案推薦、選房與區域優勢總整理 - 遠雄房地產,/life-proposal/area_presold-house-in-kaohsiung/,2,2,2,1,12.5
(not set),台南中西,高雄預售屋入手指南：最新建案推薦、選房與區域優勢總整理 - 遠雄房地產,/life-proposal/area_presold-house-in-kaohsiung/,2,2,3,1.5,85
mkto-sn070013.com / referral,(referral),台中預售屋怎麼挑？各區房價、TOP36建案分析，買屋前必看！ - 遠雄房地產,/life-proposal/area_presold-house-in-taichung/,2,2,3,1.5,218
google / cpc,BH10-十四期區域字,台中預售屋怎麼挑？各區房價、TOP36建案分析，買屋前必看！ - 遠雄房地產,/life-proposal/area_presold-house-in-taichung/,2,2,2,1,233.5
bing / organic,(organic),台南預售屋全攻略：最新行情、熱門區域房價與建案挑選祕訣 - 遠雄房地產,/life-proposal/area_presold-house-in-tainan/,2,2,3,1.5,86.5
google_kw / dh2,(organic),台南預售屋全攻略：最新行情、熱門區域房價與建案挑選祕訣 - 遠雄房地產,/life-proposal/area_presold-house-in-tainan/,2,2,2,1,41.5
(direct) / (none),(direct),建案熱區巡禮：台中北屯機廠重劃區，擁強大交通機能區位 - 遠雄房地產,/life-proposal/area_s_txg_beitun_depot_20240410/,2,2,2,1,5
google / cpc,202511,建案熱區巡禮：龜山A7重劃區成北北桃生活圈潛力新核心 - 遠雄房地產,/life-proposal/area_taoyuan_guishan_a7_function/,2,2,2,1,40
(not set),20260213一輪播,龜山A7重劃區成北北桃生活圈潛力新核心 | 建案熱區巡禮 - 遠雄房地產,/life-proposal/area_taoyuan_guishan_a7_function/,2,2,0,0,0
google / organic,(organic),台南溪東重劃區生活圈 | 建案熱區巡禮 - 遠雄房地產,/life-proposal/area_tnn_haidian_function_20240126/,2,2,2,1,102
(direct) / (none),(direct),建案熱區巡禮：台中北屯14期重劃區生活圈，打造北台中的新興生活核心 - 遠雄房地產,/life-proposal/area_txg_beitun_14th_function_20250829/,2,2,2,1,37.5
google / organic,(organic),建案熱區巡禮：台中北屯14期重劃區生活圈，打造北台中的新興生活核心 - 遠雄房地產,/life-proposal/area_txg_beitun_14th_function_20250829/,2,2,2,1,44
(direct) / (none),(direct),建案熱區巡禮：台中北屯區14期重劃區 - 綠地休憩篇 - 遠雄房地產,/life-proposal/area_txg_beitun_14th_park_20240909/,2,2,2,1,40
(direct) / (none),(direct),建案熱區巡禮：台中北屯區14期重劃區 - 交通篇 - 遠雄房地產,/life-proposal/area_txg_beitun_14th_traffic_20240925/,2,2,2,1,24
google / organic,(organic),建案熱區巡禮：台中北屯機廠重劃區生活圈 - 遠雄房地產,/life-proposal/area_txg_beitun_depot_function_20240513/,2,2,2,1,12.5
(direct) / (none),(direct),建案熱區巡禮：台中北屯機廠重劃區-學區篇 - 遠雄房地產,/life-proposal/area_txg_beitun_depot_school_20240522/,2,2,2,1,7.5
google / organic,(organic),衛浴日常清潔保養技巧：延長設備壽命的必備指南【居家百科】 - 遠雄房地產,/life-proposal/bathroom/,2,2,2,1,36.5
(direct) / (none),(direct),房地產借名登記如何保障自己 - 遠雄房地產,/life-proposal/borrow_name_20221118/,2,2,2,1,5
(direct) / (none),(direct),民法成年年齡下修至18歲，不動產稅賦有何影響？ - 遠雄房地產,/life-proposal/civil-law_20221125/,2,2,2,1,47
(direct) / (none),(direct),居家色彩魔法：室內設計配色指南 - 遠雄房地產,/life-proposal/color_20230509/,2,2,2,1,3
chatgpt.com / (not set),(not set),綠建築十大社區出爐，遠雄文青、遠雄THE ONE、遠雄耶魯齊上榜 - 遠雄房地產,/life-proposal/ease_eewh-ec_20230711/,2,2,2,1,99
google / organic,(organic),居家生活擁抱綠建材，遠離影響健康與空氣的有害物質 - 遠雄房地產,/life-proposal/ease_healthy-material_20230616/,2,2,3,1.5,44.5
line / bh11,20260206-2-4,2025年中台灣房市潛力區域專題報導 -10大優質投資區域分析｜何世昌觀點 - 遠雄房地產,/life-proposal/expert_hoshichang_central-potential/,2,2,2,1,8
(not set),台中專家,2025年中台灣房市潛力區域專題報導 -10大優質投資區域分析｜何世昌觀點 - 遠雄房地產,/life-proposal/expert_hoshichang_central-potential/,2,2,0,0,0
(direct) / (none),(direct),2025年北台灣房市潛力區域專題報導-10大優質投資區域分析｜何世昌觀點 - 遠雄房地產,/life-proposal/expert_hoshichang_northern-potential/,2,2,2,1,2
bing / organic,(organic),2025年北台灣房市潛力區域專題報導-10大優質投資區域分析｜何世昌觀點 - 遠雄房地產,/life-proposal/expert_hoshichang_northern-potential/,2,2,2,1,78
google / organic,(organic),購買預售屋如何選擇好的建商？(下集)｜永然法律不動產專欄 - 遠雄房地產,/life-proposal/expert_law_y-rlee_builder2_20250425/,2,2,2,1,8.5
google / cpc,(organic),未婚情侶合資買房在法律上要注意什麼｜永然法律不動產專欄 - 遠雄房地產,/life-proposal/expert_law_y-rlee_co-buying/,2,2,2,1,55
google / cpc,(organic),借名登記的房地產，也可以作為遺產分割的標的嗎？ | 永然法律不動產專欄 - 遠雄房地產,/life-proposal/expert_law_y-rlee_nominee-inheritance/,2,2,2,1,400.5
fgr-line / fgr,expert_zhu_taiwan-land-scam,共同繼承來的房地產，要如何進行分割呢？ | 永然法律不動產專欄 - 遠雄房地產,/life-proposal/expert_law_y-rlee_property-division/,2,2,2,1,69
(direct) / (none),(direct),2023上半年房市回顧及下半年走勢預測｜李同榮觀點 - 遠雄房地產,/life-proposal/expert_li_2023q3market_20230717/,2,2,2,1,6
google / organic,(organic),2023上半年房市回顧及下半年走勢預測｜李同榮觀點 - 遠雄房地產,/life-proposal/expert_li_2023q3market_20230717/,2,2,2,1,6
bing / organic,(organic),2026年預售市場一針見血的銷售與購買策略｜李同榮觀點 - 遠雄房地產,/life-proposal/expert_li_2026-housing-tips/,2,2,3,1.5,95.5
chatgpt.com / referral,(referral),2026年預售市場一針見血的銷售與購買策略｜李同榮觀點 - 遠雄房地產,/life-proposal/expert_li_2026-housing-tips/,2,2,2,1,176.5
fgr-line / bh7,20260220,2026年預售市場一針見血的銷售與購買策略｜李同榮觀點 - 遠雄房地產,/life-proposal/expert_li_2026-housing-tips/,2,2,3,1.5,500.5
fgr-line / fgr,expert_peizhen_real-estate-2026,2026年預售市場一針見血的銷售與購買策略｜李同榮觀點 - 遠雄房地產,/life-proposal/expert_li_2026-housing-tips/,2,2,2,1,2.5
(direct) / (none),(direct),2025房市下跌趨勢中，預售屋進場全攻略｜李同榮觀點 - 遠雄房地產,/life-proposal/expert_li_7th-cycle_20250114/,2,2,3,1.5,1
google / organic,(organic),2025房市下跌趨勢中，預售屋進場全攻略｜李同榮觀點 - 遠雄房地產,/life-proposal/expert_li_7th-cycle_20250114/,2,2,2,1,28
news.google.com / referral,(referral),2026年房地產市場將面臨八大考驗｜李同榮觀點 - 遠雄房地產,/life-proposal/expert_li_housing-challenges-2026/,2,2,3,1.5,141
tw.search.yahoo.com / referral,(referral),2026年房地產市場將面臨八大考驗｜李同榮觀點 - 遠雄房地產,/life-proposal/expert_li_housing-challenges-2026/,2,2,2,1,74
(direct) / (none),(direct),台灣房市未來將面對的挑戰與蛻變｜李同榮觀點 - 遠雄房地產,/life-proposal/expert_li_property_20230418/,2,2,2,1,0
bing / organic,(organic),劉學龍觀點：2025年第三季房地產趨勢 - 商用不動產市場的穩與土地市場的冷 - 遠雄房地產,/life-proposal/expert_liu_commercial-2025q3/,2,2,2,1,238
google / organic,(organic),劉學龍觀點：從2025年全球局勢來看台灣商用不動產投資動能 - 遠雄房地產,/life-proposal/expert_liu_commercial_2025global_20250418/,2,2,2,1,39
(direct) / (none),(direct),劉學龍觀點：從總統大選年窺見不動產市場熱度 - 遠雄房地產,/life-proposal/expert_liu_commercial_election_20231005/,2,2,2,1,28
bing / organic,(organic),2026 商用不動產佈局先機：穩健中求進步，掌握先機｜劉學龍觀點 - 遠雄房地產,/life-proposal/expert_liu_tw-commercial-property-2026/,2,2,2,1,75.5
news.google.com / referral,(referral),2026 商用不動產佈局先機：穩健中求進步，掌握先機｜劉學龍觀點 - 遠雄房地產,/life-proposal/expert_liu_tw-commercial-property-2026/,2,2,2,1,63
(direct) / (none),(direct),2025 下半年台灣經濟怎麼走？台股、台幣一次解析｜財經M平方觀點 - 遠雄房地產,/life-proposal/expert_macromicro_2025econ_20250730/,2,2,3,1.5,49.5
google / organic,(organic),2025 下半年台灣經濟怎麼走？台股、台幣一次解析｜財經M平方觀點 - 遠雄房地產,/life-proposal/expert_macromicro_2025econ_20250730/,2,2,2,1,2
mkto-sn070013.com / referral,(referral),2026 投資佈局：聚焦AI基建、核能、國防、稀土、貴金屬與穩定幣 | 財經M平方觀點 - 遠雄房地產,/life-proposal/expert_macromicro_2026-mega-trends/,2,2,2,1,86
(direct) / (none),(direct),2025 年中國經濟關鍵議題分析｜財經M平方觀點 - 遠雄房地產,/life-proposal/expert_macromicro_china-economic_20250120/,2,2,2,1,0
(direct) / (none),(direct),美國 Q1 GDP 季增年率翻負！對等關稅下經濟怎麼走？｜財經M平方觀點 - 遠雄房地產,/life-proposal/expert_macromicro_fomc2025_20250618/,2,2,2,1,0.5
google / organic,(organic),美國 Q1 GDP 季增年率翻負！對等關稅下經濟怎麼走？｜財經M平方觀點 - 遠雄房地產,/life-proposal/expert_macromicro_fomc2025_20250618/,2,2,2,1,7.5
m.facebook.com / referral,(referral),全台Q2房市繼續火爆，限貸令會如何影響房市後續｜財經M平方觀點 - 遠雄房地產,/life-proposal/expert_macromicro_housing_2024q2_20240830/,2,2,2,1,0
(direct) / (none),(direct),2024年台灣房市展望｜財經M平方觀點 - 遠雄房地產,/life-proposal/expert_macromicro_housing_2024trend_20231125/,2,2,2,1,0.5
(direct) / (none),(direct),對等關稅下，新興亞洲將面臨哪些挑戰？｜財經M平方觀點 - 遠雄房地產,/life-proposal/expert_macromicro_tariffs-to-asia_20250528/,2,2,2,1,0.5
google / organic,(organic),對等關稅下，新興亞洲將面臨哪些挑戰？｜財經M平方觀點 - 遠雄房地產,/life-proposal/expert_macromicro_tariffs-to-asia_20250528/,2,2,2,1,3
google / organic,(organic),[影音] AI科技宅當道！台灣半導體聚落帶動房市｜劉佩真觀點 - 遠雄房地產,/life-proposal/expert_peizhen_ai-housing-trend/,2,2,2,1,154
google / organic,(organic),[影音] 下半年房市走勢利多與利空一次看！｜劉佩真觀點 - 遠雄房地產,/life-proposal/expert_peizhen_bullbear-2025h2__20250829/,2,2,2,1,41
google / organic,(organic),國內六大區域治理計畫，牽動區域商用不動產的發展｜劉佩真觀點 - 遠雄房地產,/life-proposal/expert_peizhen_commercial_capitalist-development_20250402/,2,2,2,1,2
(direct) / (none),(direct),銀髮住宅可望成為台灣房地產市場的新藍海｜劉佩真觀點 - 遠雄房地產,/life-proposal/expert_peizhen_commercial_elderly-residence_20250509/,2,2,2,1,2.5
google / cpc,Pmax,從行業別、區域分布看2024年商用不動產投資買賣市場脈動｜劉佩真觀點 - 遠雄房地產,/life-proposal/expert_peizhen_commerical-trend_20240603/,2,2,2,1,0.5
(direct) / (none),(direct),[影音] 從總體經營環境來看2025下半年住宅與商用市場最新動態｜劉佩真觀點 - 遠雄房地產,/life-proposal/expert_peizhen_oee_2025h2/,2,2,2,1,2
(direct) / (none),(direct),辦公室租賃將告別房東市場，然企業升級需求為重點｜劉佩真觀點 - 遠雄房地產,/life-proposal/expert_peizhen_office-rental_20250805/,2,2,2,1,0
(direct) / (none),(direct),[影音] 科學園區帶動房市新熱潮：竹科、中科、南科的投資分析｜劉佩真觀點 - 遠雄房地產,/life-proposal/expert_peizhen_science-park-housing/,2,2,2,1,0
google / organic,(organic),【商用不動產講堂】北市辦公租賃市場概況如何？｜劉佩真觀點 - 遠雄房地產,/life-proposal/expert_peizhen_topics_commerical_office_20240828/,2,2,3,1.5,5.5
(direct) / (none),(direct),[影音] 預售屋購買注意事項大解析 - 應記載事項與不得記載事項｜專家觀點地政篇 - 遠雄房地產,/life-proposal/expert_zhu_buyhouse_contract1_20240430/,2,2,2,1,2.5
socialmedia / fgr,fb1101,[影音] 預售屋購買注意事項大解析 - 應記載事項與不得記載事項｜專家觀點地政篇 - 遠雄房地產,/life-proposal/expert_zhu_buyhouse_contract1_20240430//,2,2,2,1,0
google / cpc,(not set),空屋稅的真相？房子閒置前你該考慮的事｜專家觀點地政篇 - 遠雄房地產,/life-proposal/expert_zhu_eht_20250625/,2,2,3,1.5,54.5
bing / organic,(organic),空屋稅的真相？房子閒置前你該考慮的事｜專家觀點地政篇 - 遠雄房地產,/life-proposal/expert_zhu_eht_20250625/,2,2,2,1,67.5
tw.search.yahoo.com / referral,(referral),空屋稅的真相？房子閒置前你該考慮的事｜專家觀點地政篇 - 遠雄房地產,/life-proposal/expert_zhu_eht_20250625/,2,2,2,1,120
tw.search.yahoo.com / referral,(referral),防範代書詐騙，如何查詢地政士的合法性？｜專家觀點地政篇 - 遠雄房地產,/life-proposal/expert_zhu_expert_zhu_land-agent_20250917/,2,2,2,1,15.5
(direct) / (none),(direct),[影音] 假結婚與房產繼承 - 五億遺產的法律爭奪戰｜專家觀點地政篇 - 遠雄房地產,/life-proposal/expert_zhu_fake-marriage-law/,2,2,2,1,2
(direct) / (none),(direct),生前贈與還是繳遺產稅，哪個比較划算？結果可能超乎你的想像｜專家觀點地政篇 - 遠雄房地產,/life-proposal/expert_zhu_gift-and-estate-tax_20250509/,2,2,2,1,68.5
tw.search.yahoo.com / referral,(referral),生前贈與還是繳遺產稅，哪個比較划算？結果可能超乎你的想像｜專家觀點地政篇 - 遠雄房地產,/life-proposal/expert_zhu_gift-and-estate-tax_20250509/,2,2,2,1,18.5
(direct) / (none),(direct),繼承房產兄弟姊妹吵翻天？遺囑、登記與分配機制一次講清楚｜專家觀點地政篇 - 遠雄房地產,/life-proposal/expert_zhu_inherit-siblings_20250704/,2,2,2,1,104
tw.search.yahoo.com / referral,(referral),繼承房產兄弟姊妹吵翻天？遺囑、登記與分配機制一次講清楚｜專家觀點地政篇 - 遠雄房地產,/life-proposal/expert_zhu_inherit-siblings_20250704/,2,2,2,1,141
(direct) / (none),(direct),專家觀點地政篇：繼承取得不動產，如何課徵房地合一稅？ - 遠雄房地產,/life-proposal/expert_zhu_inheritance_20230921/,2,2,2,1,26
mkto-sn070013.com / referral,(referral),邱澤不動產傳聞揭秘，實價登錄與容積移轉的真相｜專家觀點地政篇 - 遠雄房地產,/life-proposal/expert_zhu_land-deal_20250813/,2,2,2,1,45.5
(direct) / (none),(direct),限貸令對各族群影響 (下) 首購、換屋、繼承族群影響為何?｜專家觀點地政篇 - 遠雄房地產,/life-proposal/expert_zhu_loan-restriction2_20250219/,2,2,2,1,2.5
google / cpc,(organic),限貸令對各族群影響 (下) 首購、換屋、繼承族群影響為何?｜專家觀點地政篇 - 遠雄房地產,/life-proposal/expert_zhu_loan-restriction2_20250219/,2,2,2,1,361.5
google / organic,(organic),限貸令對各族群影響 (上) 選擇性信用管制解析與問題點｜專家觀點地政篇 - 遠雄房地產,/life-proposal/expert_zhu_loan-restriction_20250110/,2,2,2,1,98.5
socialmedia / fgr,ig20250920,[影音] 豪宅稅跟你也有關係：有房族注意！影響與計算不可不知｜專家觀點地政篇 - 遠雄房地產,/life-proposal/expert_zhu_mansion-tax-count_vedio_20250625/,2,2,2,1,0
google / cpc,(not set),[影音] 婚前買房v.s婚後買房｜房子登記誰的名字好｜專家觀點地政篇 - 遠雄房地產,/life-proposal/expert_zhu_marriage_20230614/,2,2,2,1,58
tw.search.yahoo.com / referral,(referral),買房前必查：銀行不會主動告訴你的「抵押權與順位」 | 專家觀點地政篇 - 遠雄房地產,/life-proposal/expert_zhu_mortgage-lien-priority/,2,2,2,1,142.5
google / organic,(organic),[影音] 連續繼承房產出售節稅有術｜專家觀點地政篇 - 遠雄房地產,/life-proposal/expert_zhu_multiple-inheriting_vedio_20250423/,2,2,2,1,52
news.google.com / referral,(referral),自用住宅免稅400萬怎麼申請？「持有、設籍、實住」3點不能忽略 | 專家觀點地政篇 - 遠雄房地產,/life-proposal/expert_zhu_ownership-criteria/,2,2,2,1,1
perplexity.ai / referral,(referral),自用住宅免稅400萬怎麼申請？「持有、設籍、實住」3點不能忽略 | 專家觀點地政篇 - 遠雄房地產,/life-proposal/expert_zhu_ownership-criteria/,2,2,2,1,52.5
mkto-sn070013.com / referral,(referral),預售屋簽約必看！解析專有與約定專用，避開產權陷阱 | 專家觀點地政篇 - 遠雄房地產,/life-proposal/expert_zhu_pre-sale-house-property-rights/,2,2,2,1,235.5
line-lap / bh10,line-lap202511-7,預售屋簽約必看！解析專有與約定專用，避開產權陷阱 | 專家觀點地政篇 - 遠雄房地產,/life-proposal/expert_zhu_pre-sale-house-property-rights/,2,2,2,1,704.5
line-lap / bh10,line-lap20259-5,預售屋簽約必看！解析專有與約定專用，避開產權陷阱 | 專家觀點地政篇 - 遠雄房地產,/life-proposal/expert_zhu_pre-sale-house-property-rights/,2,2,2,1,17.5
(not set),台中北屯,預售屋簽約必看！解析專有與約定專用，避開產權陷阱 | 專家觀點地政篇 - 遠雄房地產,/life-proposal/expert_zhu_pre-sale-house-property-rights/,2,2,1,0.5,0.5
(direct) / (none),(direct),我該購買預售屋還是成屋？｜專家觀點地政篇 - 遠雄房地產,/life-proposal/expert_zhu_presale_20230314/,2,2,2,1,0
(direct) / (none),(direct),私法人取得不動產的限制｜專家觀點地政篇 - 遠雄房地產,/life-proposal/expert_zhu_private-corporation_20231114/,2,2,2,1,4
google / cpc,(not set),不動產贈與要注意什麼？配偶跟子女，分產稅制大不同｜專家觀點地政篇 - 遠雄房地產,/life-proposal/expert_zhu_property_divide_gifttax2_20241024/,2,2,2,1,279
(direct) / (none),(direct),[影音] 實價登錄全面攻略-帶你看懂現行法令重點與罰則｜專家觀點地政篇 - 遠雄房地產,/life-proposal/expert_zhu_property_law_vedio_20240930/,2,2,2,1,0
tw.search.yahoo.com / referral,(referral),只有不動產怎麼繳遺產稅？實物抵繳是否划算？｜專家觀點地政篇 - 遠雄房地產,/life-proposal/expert_zhu_property_offset-2_20241220/,2,2,2,1,37.5
google / cpc,(organic),不動產繼承登記如何自行辦理？｜專家觀點地政篇 - 遠雄房地產,/life-proposal/expert_zhu_property_registration-of-inheritance_20240830/,2,2,2,1,8
google / organic,(organic),不動產繼承登記如何自行辦理？｜專家觀點地政篇 - 遠雄房地產,/life-proposal/expert_zhu_property_registration-of-inheritance_20240830/,2,2,2,1,29
bing / organic,(organic),親屬間不動產交易的稅務優化策略與案例解析｜專家觀點地政篇 - 遠雄房地產,/life-proposal/expert_zhu_second-degree_20250321/,2,2,2,1,38.5
(not set),20260213一輪播,親屬間不動產交易的稅務優化策略與案例解析｜專家觀點地政篇 - 遠雄房地產,/life-proposal/expert_zhu_second-degree_20250321/,2,2,1,0.5,32.5
reurl.cc / referral,(referral),降低遺產稅怎麼做？遺產稅節稅規劃攻略｜專家觀點地政篇 - 遠雄房地產,/life-proposal/expert_zhu_tax_inheritance_vedio_20240327/,2,2,2,1,66.5
google / cpc,(organic),[影音] 信託與產權設計術：資產管理、遺囑信託與節稅技巧｜專家觀點地政篇 - 遠雄房地產,/life-proposal/expert_zhu_video_trust/,2,2,2,1,113
google / cpc,(organic),遠雄建設榮獲《網路口碑之星》ESG策略卓越獎，以AI與循環經濟引領永續新標竿 - 遠雄房地產,/life-proposal/fg-esg-strategy-2025/,2,2,2,1,5
(direct) / (none),(direct),初次購屋，首購族要分析的重點為何? - 遠雄房地產,/life-proposal/firstbuy_20230427/,2,2,3,1.5,7
google / organic,(organic),法拍屋怎麼買? 選購法拍屋基本知識 - 遠雄房地產,/life-proposal/foreclosure_20230427/,2,2,2,1,156.5
chatgpt.com / (not set),(not set),贈與稅與遺產稅免稅額解析｜房產贈與、買賣、繼承怎麼選 - 遠雄房地產,/life-proposal/gift_tax/,2,2,2,1,41
tw.search.yahoo.com / referral,(referral),贈與稅與遺產稅免稅額解析｜房產贈與、買賣、繼承怎麼選 - 遠雄房地產,/life-proposal/gift_tax/,2,2,2,1,120
(direct) / (none),(direct),預售屋 v.s 成屋 v.s 中古屋的差異與優缺點 - 遠雄房地產,/life-proposal/goodandbad_20221028/,2,2,2,1,11.5
google / cpc,(organic),預售屋 v.s 成屋 v.s 中古屋的差異與優缺點 - 遠雄房地產,/life-proposal/goodandbad_20221028/,2,2,2,1,130
google / organic,(organic),打造健康住宅！如何防止居家環境的有害物質 - 遠雄房地產,/life-proposal/healthy-house3-poison/,2,2,2,1,3
(data not available),(cross-network),驗屋與交屋必知注意事項？新手購屋必看，驗屋清單檢查表與交屋流程有哪些？,/life-proposal/home-inspection/,2,2,2,1,0
(not set),20260213一輪播,驗屋與交屋必知注意事項？新手購屋必看，驗屋清單檢查表與交屋流程有哪些？,/life-proposal/home-inspection/,2,2,1,0.5,0
(direct) / (none),(direct),你的房子保險了嗎？一次搞懂住宅火險與地震險 - 遠雄房地產,/life-proposal/home_insurance20220602/,2,2,2,1,1
google / organic,(organic),你的房子保險了嗎？一次搞懂住宅火險與地震險 - 遠雄房地產,/life-proposal/home_insurance20220602/,2,2,2,1,193
google / cpc,(not set),房屋格局圖/平面圖怎麼看？建案平面圖符號教學，讓你秒懂房屋格局避地雷,/life-proposal/house-layout/,2,2,4,2,529
yahoo.com / referral,(referral),房屋格局圖/平面圖怎麼看？建案平面圖符號教學，讓你秒懂房屋格局避地雷,/life-proposal/house-layout/,2,2,2,1,37.5
google / cpc,(organic),繳納房地合一稅避免踩雷必知重點 - 遠雄房地產,/life-proposal/house_income_20230119/,2,2,2,1,10
google / organic,(organic),囤房稅不可不知！多屋族看過來 - 遠雄房地產,/life-proposal/house_tax/,2,2,2,1,34
mkto-sn070013.com / referral,(referral),六都交易量比重衝高：從買賣移轉棟數看見房市的弦外之音｜何世昌觀點 - 遠雄房地產,/life-proposal/housing-transactions/,2,2,2,1,30.5
google / organic,(organic),2022住宅補貼申請條件與限制看過來 - 遠雄房地產,/life-proposal/housing_allowance_20220826/,2,2,2,1,465.5
(direct) / (none),(direct),軟裝搭配術 - 改變居家風格的魔法 - 遠雄房地產,/life-proposal/interior_softdeco_20230222/,2,2,2,1,6
google / organic,(organic),綠地水岸公共空間、米其林餐廳星光閃耀，愈來愈宜居城市的高雄,/life-proposal/kaohsiung-greenspace/,2,2,2,1,12.5
google / cpc,(organic),兒童房設計攻略：打造寶貝專屬空間 - 遠雄房地產,/life-proposal/kids_room_20230306/,2,2,3,1.5,56.5
google / cpc,(organic),廚房清潔保養全攻略：抽油煙機、檯面到瓦斯爐一次搞定【居家百科】 - 遠雄房地產,/life-proposal/kitchen/,2,2,2,1,72
perplexity / (not set),(not set),戶籍遷入辦理教學｜買房後戶籍異動流程與準備文件全攻略 - 遠雄房地產,/life-proposal/land_household_registration/,2,2,2,1,61.5
facebook.com / referral,(referral),戶籍遷入辦理教學｜買房後戶籍異動流程與準備文件全攻略 - 遠雄房地產,/life-proposal/land_household_registration/,2,2,2,1,7
google / cpc,(organic),買房大小事：如何辦理產權移轉？ - 遠雄房地產,/life-proposal/land_property_rights/,2,2,2,1,27
(direct) / (none),(direct),房子也有說明書，不動產說明書應記載事項你知道嗎？ - 遠雄房地產,/life-proposal/manual20220610/,2,2,2,1,6.5
fgr-line / fgr,mortgage,買房頭期款不夠怎麼辦？–「首購族看房買屋攻略」 - 遠雄房地產,/life-proposal/mortgage/,2,2,2,1,71.5
fgr-line / fg,presale_payment_20221021/,買房頭期款不夠怎麼辦？–「首購族看房買屋攻略」 - 遠雄房地產,/life-proposal/mortgage/,2,2,2,1,205
(direct) / (none),(direct),輝達落腳時程出爐，北士科商辦掀全球卡位戰 - 遠雄房地產,/life-proposal/nvidia-beishi-office/,2,2,2,1,6
google / organic,(organic),廠辦的4個重要趨勢，超人性工作場域 - 遠雄房地產,/life-proposal/office/,2,2,3,1.5,24.5
fgr-line / fg,presale_payment_20221021/,預售屋付款方式詳解 - 遠雄房地產,/life-proposal/presale_payment_20221021/,2,2,2,1,184.5
google / organic,(organic),房地合一稅2.0+實價登錄2.0上路之後，疫情下的房市動向，房價走勢緩步上揚嗎?,/life-proposal/real-estate-tax/,2,2,2,1,9
(not set),20260213一輪播,入主重劃區漸成主流，優缺點一次看 - 遠雄房地產,/life-proposal/redevelopment_zone_20221209/,2,2,0,0,0
(direct) / (none),(direct),樓梯間與梯廳公共設施：建築法規與容積計算完整解析 - 遠雄房地產,/life-proposal/regulations2_20230320/,2,2,2,1,96
(not set),20251230一輪播,附屬建物陽台、露臺、雨遮規定｜購屋前必知建築法規與容積計算 - 遠雄房地產,/life-proposal/regulations_20230317/,2,2,7,3.5,36
(direct) / (none),(direct),一次搞懂老屋改建的方法 - 遠雄房地產,/life-proposal/renovation_20230330/,2,2,2,1,1.5
google / cpc,(not set),包租代管懶人包快速了解！ - 遠雄房地產,/life-proposal/rental_housing_20230106/,2,2,2,1,94.5
google / cpc,(referral),退休以後怎麼住？你適合青銀共居、養生村還是全齡宅？ - 遠雄房地產,/life-proposal/retiredlife_20230220/,2,2,2,1,94.5
(direct) / (none),(direct),工料雙漲下的省錢裝潢 | 居家裝修系統櫃新手攻略 - 遠雄房地產,/life-proposal/space_furnish_cabinet_20231125/,2,2,2,1,1.5
(direct) / (none),(direct),為生活解悶 | 客廳布置秋冬換季玩花樣 - 遠雄房地產,/life-proposal/space_furnish_maillard_20231227/,2,2,2,1,0
google / organic,(organic),讓新家環保又節能！新成屋改裝要點！ - 遠雄房地產,/life-proposal/space_furnish_newhouse_20231020/,2,2,2,1,155.5
google / organic,(organic),如何利用微改裝讓我的家更節能，與綠色生活共伍！ - 遠雄房地產,/life-proposal/space_furnish_saving_20231004/,2,2,2,1,21
(direct) / (none),(direct),修繕小知識：家中石材泛黃、有裂痕怎麼救？【居家百科】 - 遠雄房地產,/life-proposal/stone-fix/,2,2,3,1.5,72
(direct) / (none),(direct),地上權建物可以買嗎？優缺點一次看 - 遠雄房地產,/life-proposal/superficial_rights/,2,2,2,1,0.5
google / organic,(organic),台中預售屋、新建案分析介紹，水湳經貿園區、台中七期、清水/梧棲重劃區建案推薦,/life-proposal/taichung-gateway/,2,2,2,1,4
(direct) / (none),(direct),房地一族看過來，與你有關的國稅局查稅重點 - 遠雄房地產,/life-proposal/tax_inspection_20230119/,2,2,2,1,4
(direct) / (none),(direct),不動產節稅妙招：每年都要繳的財產稅省很大 - 遠雄房地產,/life-proposal/tax_mitigation_housetax_20220902/,2,2,2,1,3
google / cpc,(organic),秒懂實價登錄–「首購族看房買屋攻略」 - 遠雄房地產,/life-proposal/true_price/,2,2,4,2,73
(direct) / (none),(direct),建案熱區巡禮：台南永康產業交通齊發光，宜居現在進行式！ - 遠雄房地產,/life-proposal/yongkang/,2,2,2,1,38.5
(direct) / (none),(direct),遠雄攜手李祖原，中和左岸橋景觀住宅，享受視野無價,/life-proposal/zhonghe-river/,2,2,2,1,13.5
(direct) / (none),(direct),[影音] 北士科潛力揭密：輝達進駐引爆房市三大變革｜何世昌觀點 - 遠雄房地產,/life-proposal/影音-輝達北士科總部設立：帶動台北房市三大變/,2,2,2,1,40.5
m.facebook.com / referral,(referral),[影音] 北士科潛力揭密：輝達進駐引爆房市三大變革｜何世昌觀點 - 遠雄房地產,/life-proposal/影音-輝達北士科總部設立：帶動台北房市三大變/,2,2,2,1,33.5
google / organic,(organic),[房產風向球] 平均地權條例拍板定案，買房要注意 - 遠雄房地產,/life-proposal/房產風向球-平均地權條例拍板定案，買房要注意/,2,2,2,1,3.5
fb / bh7,17,生活提案： 專家房市觀點、空間美學指南 -遠雄房地產,/life_proposal/,2,2,2,1,0
(not set),20251230一輪播,專家觀點：解析房市動向與購屋建議 -遠雄房地產,/life_proposal/experts_point/,2,2,2,1,7.5
(direct) / (none),(direct),財經Ｍ平方 - 遠雄房地產,/life_proposal/experts_point/獨家專欄/財經ｍ平方/,2,2,2,1,0.5
bing / organic,(organic),安心生活：三大保固升級服務 -遠雄房地產,/life_proposal/peace_mind/,2,2,5,2.5,20
google_kw / h713,(organic),遠雄房地產預約賞屋(線上賞屋與預約賞屋),/make_appointment/,2,2,2,1,8.5
(not set),20251230一輪播,遠雄房地產預約賞屋(線上賞屋與預約賞屋),/make_appointment/,2,2,3,1.5,1
google / cpc,20260206-2-4,遠雄房地產預約賞屋(線上賞屋與預約賞屋),/make_appointment/,2,2,3,1.5,2
fgr-line / h707,20260210,遠雄房地產預約賞屋(線上賞屋與預約賞屋),/make_appointment/,2,2,2,1,54
fgr-line / fgr,expert_zhu_taiwan-land-scam,遠雄房地產預約賞屋(線上賞屋與預約賞屋),/make_appointment/,2,2,2,1,12.5
(direct) / (none),(direct),三月主題報 - 遠雄房地產,/march-theme-newspaper/,2,2,2,1,1
fb / paid,120241173002890402,預約賞屋手機驗證 - 遠雄房地產,/mob_verify/,2,2,2,1,37
ig / paid,120241173002890402,預約賞屋手機驗證 - 遠雄房地產,/mob_verify/,2,2,2,1,23
fgr-line / ah2,20260210,預約賞屋手機驗證 - 遠雄房地產,/mob_verify/,2,2,2,1,8.5
fgr-line / eh6,20260212,預約賞屋手機驗證 - 遠雄房地產,/mob_verify/,2,2,2,1,15.5
google / cpc,CQH1-競品字,預約賞屋手機驗證 - 遠雄房地產,/mob_verify/,2,2,2,1,12
google / cpc,area,預約賞屋手機驗證 - 遠雄房地產,/mob_verify/,2,2,3,1.5,44.5
google_kw / rsh1,dingpu,預約賞屋手機驗證 - 遠雄房地產,/mob_verify/,2,2,2,1,17.5
fb / ah1,fb-2,預約賞屋手機驗證 - 遠雄房地產,/mob_verify/,2,2,2,1,17.5
fb / rsh1,fb1-1,預約賞屋手機驗證 - 遠雄房地產,/mob_verify/,2,2,2,1,22
fb / fh2,fb1-3,預約賞屋手機驗證 - 遠雄房地產,/mob_verify/,2,2,2,1,24.5
fb / fh2,fb12-2,預約賞屋手機驗證 - 遠雄房地產,/mob_verify/,2,2,2,1,33.5
fb / eh1,fbfanpage0116,預約賞屋手機驗證 - 遠雄房地產,/mob_verify/,2,2,2,1,24
fb / rsh1,fbfanpage0131,預約賞屋手機驗證 - 遠雄房地產,/mob_verify/,2,2,2,1,13.5
fb / eh2,leads,預約賞屋手機驗證 - 遠雄房地產,/mob_verify/,2,2,2,1,15.5
line / rsh1,line-lap1-5_600x400,預約賞屋手機驗證 - 遠雄房地產,/mob_verify/,2,2,2,1,33
line-fgr / bh7,linefgrbh7,預約賞屋手機驗證 - 遠雄房地產,/mob_verify/,2,2,3,1.5,19
google / cpc,Pmax,遠房好友- 遠雄房地產,/my-account/,2,2,3,1.5,6.5
google / cpc,RSH1-買房字,遠房好友- 遠雄房地產,/my-account/,2,2,2,1,16.5
(direct) / (none),(direct),十一月主題報 - 遠雄房地產,/november/,2,2,2,1,0
mkto-sn070013.com / referral,(referral),2025十月主題報 - 遠雄房地產,/oct2025/,2,2,2,1,12
google / organic,(organic),"線上樣品屋,遠雄夏沐-線上接待中心",/online-visit,2,2,6,3,12.5
(direct) / (none),(direct),(1) 封未讀訊息 | 隱私權聲明 - 遠雄房地產,/privacy/,2,2,0,0,12.5
(not set),(not set),隱私權聲明 - 遠雄房地產,/privacy/,2,2,2,1,0
fb / hm2,0203,隱私權聲明 - 遠雄房地產,/privacy/,2,2,2,1,3
google / cpc,1204G,隱私權聲明 - 遠雄房地產,/privacy/,2,2,2,1,9
google / cpc,20260113-12-4,隱私權聲明 - 遠雄房地產,/privacy/,2,2,2,1,3.5
google / cpc,gdn-2,隱私權聲明 - 遠雄房地產,/privacy/,2,2,2,1,5
google / cpc,gdn11-2,隱私權聲明 - 遠雄房地產,/privacy/,2,2,2,1,89
line-lap / ah1,lap-2,隱私權聲明 - 遠雄房地產,/privacy/,2,2,2,1,89.5
fb / ar1,leads,隱私權聲明 - 遠雄房地產,/privacy/,2,2,2,1,13
line-lap / bh10,line-lap20259-5,隱私權聲明 - 遠雄房地產,/privacy/,2,2,2,1,7.5
(direct) / (none),(direct),張寶容業務個人介紹 - 聯上智科,/sales/5VO1/G0389/,2,2,2,1,92
google_kw / 5vo1,202511,張寶容業務個人介紹 - 聯上智科,/sales/5VO1/G0389/,2,2,2,1,19
google_kw / 5vo1,202511,洪雅玲業務個人介紹 - 聯上智科,/sales/5VO1/G0521/,2,2,2,1,12.5
google / cpc,202601,許美淑業務個人介紹 - 遠雄商用不動產(林口龜山),/sales/HM2/B1535/,2,2,2,1,9.5
google / cpc,202602,許美淑業務個人介紹 - 遠雄商用不動產(林口龜山),/sales/HM2/B1535/,2,2,2,1,21.5
google / cpc,202511,詹婷婷業務個人介紹 - 遠雄商用不動產(林口龜山),/sales/HM2/G0531/,2,2,4,2,12.5
google / cpc,202511,張益捷業務個人介紹 - 遠雄商用不動產(林口龜山),/sales/HM2/G0631/,2,2,3,1.5,4
(direct) / (none),(direct),洪瑞鴻業務個人介紹 - 遠雄商用不動產(林口龜山),/sales/HM2/G0642,2,2,2,1,0
google / organic,(organic),洪瑞鴻業務個人介紹 - 遠雄商用不動產(林口龜山),/sales/HM2/G0642/,2,2,3,1.5,5
(direct) / (none),(direct),陳榮慶業務個人介紹 - 遠雄商用不動產(林口龜山),/sales/HM2/G0798/,2,2,2,1,10
google / cpc,O1_競品字_2025.0801,薛品涵業務個人介紹 - 遠雄THE ONE,/sales/O1/B4860/,2,2,2,1,6.5
google / cpc,O1_品牌字_2025.0801,馬一鳴業務個人介紹 - 遠雄THE ONE,/sales/O1/B5948/,2,2,2,1,1.5
google / cpc,O1_品牌字_2025.0801,蔡慧祈業務個人介紹 - 遠雄THE ONE,/sales/O1/G1052/,2,2,2,1,4.5
google / cpc,O1_競品字_2025.0801,蔡慧祈業務個人介紹 - 遠雄THE ONE,/sales/O1/G1052/,2,2,2,1,8.5
google / organic,(organic),呂昭助業務個人介紹 - 遠雄泱玥,/sales/ah2/B5030/,2,2,2,1,9.5
google / organic,(organic),周繹加業務個人介紹 - 遠雄泱玥,/sales/ah2/B5654/,2,2,2,1,10
google / organic,(organic),莊博謙業務個人介紹 - 遠雄泱玥,/sales/ah2/B5779/,2,2,2,1,35.5
google / organic,(organic),黃建璋業務個人介紹 - 遠雄泱玥,/sales/ah2/B5930/,2,2,2,1,1.5
google / cpc,20250616_品牌字,林白芷業務個人介紹 - 齊興緻,/sales/ar1/B3622/,2,2,2,1,4
(direct) / (none),(direct),周卉雯業務個人介紹 - 遠雄敦富,/sales/bh10/B3081/,2,2,2,1,5
google / organic,(organic),周卉雯業務個人介紹 - 遠雄敦富,/sales/bh10/B3081/,2,2,3,1.5,5
google / cpc,BH10-十四期區域字,周卉雯業務個人介紹 - 遠雄敦富,/sales/bh10/B3081/,2,2,3,1.5,13
google / organic,(organic),林怡業務個人介紹 - 遠雄敦富,/sales/bh10/B5578/,2,2,2,1,0.5
google / organic,(organic),許哲瑋業務個人介紹 - 遠雄敦富,/sales/bh10/G0605/,2,2,3,1.5,34
bing / organic,(organic),王庭歡業務個人介紹 - 遠雄敦富,/sales/bh10/G1057/,2,2,2,1,8.5
console.omnichat.ai / referral,(referral),王庭歡業務個人介紹 - 遠雄敦富,/sales/bh10/G1057/,2,2,2,1,3
google / cpc,BH10-北屯區區域字,王庭歡業務個人介紹 - 遠雄敦富,/sales/bh10/G1057/,2,2,2,1,3.5
google / cpc,landmark0829,黃郁恬業務個人介紹 - 遠雄丰尚,/sales/bh11/G0335/,2,2,2,1,2
google / cpc,20260206-2-4,陳蘊文業務個人介紹 - 遠雄丰尚,/sales/bh11/G1189/,2,2,2,1,59
line / bh11,20260206-2-4,陳蘊文業務個人介紹 - 遠雄丰尚,/sales/bh11/G1189/,2,2,2,1,16
google / cpc,landmark0829,陳蘊文業務個人介紹 - 遠雄丰尚,/sales/bh11/G1189/,2,2,2,1,0.5
google / organic,(organic),顏秉豊業務個人介紹 - 遠雄琉蘊,/sales/bh5/B5881/,2,2,2,1,27
google / cpc,brand,林芸安業務個人介紹 - 遠雄樂元,/sales/bh7/B6129/,2,2,3,1.5,18.5
line-fgr / bh7,linefgrbh7,林芸安業務個人介紹 - 遠雄樂元,/sales/bh7/B6129/,2,2,2,1,0
google / organic,(organic),魏祥桐業務個人介紹 - 遠雄樂元,/sales/bh7/G0306/,2,2,2,1,2
line-fgr / bh7,linefgrbh7,林侑立業務個人介紹 - 遠雄樂元,/sales/bh7/G0526/,2,2,3,1.5,5.5
fgr-line / bh8,20260207,徐紋媛業務個人介紹 - 遠雄洄山行,/sales/bh8/B5734/,2,2,3,1.5,21
(direct) / (none),(direct),林明櫻業務個人介紹 - 遠雄洄山行,/sales/bh8/G0262/,2,2,2,1,65
google / organic,(organic),林邑瞳業務個人介紹 - 遠雄洄山行,/sales/bh8/G0351/,2,2,2,1,4
fgr-line / bh8,20260207,林邑瞳業務個人介紹 - 遠雄洄山行,/sales/bh8/G0351/,2,2,3,1.5,8.5
google / organic,(organic),朱沛玲業務個人介紹 - 遠雄洄山行,/sales/bh8/G1070/,2,2,2,1,2
google / organic,(organic),鄧娟業務個人介紹 - 村泉蒔美,/sales/cqh1/B2380/,2,2,3,1.5,23.5
google / cpc,CQH1-地區字,鄧娟業務個人介紹 - 村泉蒔美,/sales/cqh1/B2380/,2,2,2,1,22.5
(direct) / (none),(direct),吳麗美業務個人介紹 - 村泉蒔美,/sales/cqh1/B2850/,2,2,2,1,0
(direct) / (none),(direct),林琪富業務個人介紹 - 村泉蒔美,/sales/cqh1/B3057/,2,2,2,1,6
fb / fbpage,(not set),林琪富業務個人介紹 - 村泉蒔美,/sales/cqh1/B3057/,2,2,2,1,5
google / organic,(organic),林琪富業務個人介紹 - 村泉蒔美,/sales/cqh1/B3057/,2,2,2,1,25
(direct) / (none),(direct),陳永証業務個人介紹 - 村泉蒔美,/sales/cqh1/G0176/,2,2,2,1,5
google / organic,(organic),曾華萱業務個人介紹 - 村泉蒔美,/sales/cqh1/G0679/,2,2,2,1,0
google / cpc,CQH1-競品字,曾華萱業務個人介紹 - 村泉蒔美,/sales/cqh1/G0679/,2,2,2,1,19
google / organic,(organic),蔡明昌業務個人介紹 - 都美大河商爵,/sales/dgm1/G0048/,2,2,3,1.5,11.5
(direct) / (none),(direct),黃容筠業務個人介紹 - 遠雄山禾,/sales/dh2/G0936/,2,2,2,1,4
fb / dh2,fb-52,黃容筠業務個人介紹 - 遠雄山禾,/sales/dh2/G0936/,2,2,2,1,8
(direct) / (none),(direct),黃聖富業務個人介紹 - 遠雄峰蘊,/sales/eh1/B5627/,2,2,2,1,0.5
google / organic,(organic),黃聖富業務個人介紹 - 遠雄峰蘊,/sales/eh1/B5627/,2,2,2,1,1.5
google / organic,(organic),張子彤業務個人介紹 - 遠雄峰蘊,/sales/eh1/B5932/,2,2,2,1,2
google / cpc,brand,張子彤業務個人介紹 - 遠雄峰蘊,/sales/eh1/B5932/,2,2,2,1,3
fb / eh1,fb20262-2,張子彤業務個人介紹 - 遠雄峰蘊,/sales/eh1/B5932/,2,2,2,1,5
(direct) / (none),(direct),林品宜業務個人介紹 - 遠雄峰蘊,/sales/eh1/G0336/,2,2,2,1,7
google / organic,(organic),李芊儀業務個人介紹 - 遠雄峰蘊,/sales/eh1/G0595/,2,2,2,1,2.5
line-lap / eh2,20260204B,羅泓偉業務個人介紹 - 遠雄一靚,/sales/eh2/B3397/,2,2,2,1,19.5
google / cpc,(organic),洪梓芸業務個人介紹 - 遠雄一靚,/sales/eh2/B5986/,2,2,2,1,30
line-lap / eh2,20260204A,洪梓芸業務個人介紹 - 遠雄一靚,/sales/eh2/B5986/,2,2,3,1.5,70.5
google / organic,(organic),陳澤韋業務個人介紹 - 遠雄一靚,/sales/eh2/G0243/,2,2,2,1,6.5
google / organic,(organic),蔡景宇業務個人介紹 - 遠雄一靚,/sales/eh2/G0855/,2,2,4,2,19
line-lap / eh2,20260204B,陳灝業務個人介紹 - 遠雄一靚,/sales/eh2/G1010/,2,2,2,1,19.5
google / cpc,com,林建宏業務個人介紹 - 遠雄沐蘊,/sales/eh5/B1974/,2,2,2,1,16.5
google / cpc,area,范亦萱業務個人介紹 - 遠雄沐蘊,/sales/eh5/G0309/,2,2,2,1,10.5
google / cpc,area,翁毓雯業務個人介紹 - 遠雄沐蘊,/sales/eh5/G0816/,2,2,2,1,9.5
(direct) / (none),(direct),林秀樺業務個人介紹 - 遠雄商用不動產,/sales/fm3/B3312/,2,2,3,1.5,12.5
google / cpc,Pmax,張庭海業務個人介紹 - 遠雄商用不動產,/sales/fm3/B4147/,2,2,2,1,7.5
google / cpc,(organic),楊王誌業務個人介紹 - 遠雄星呈,/sales/h707/G0705/,2,2,2,1,4.5
google / organic,(organic),楊王誌業務個人介紹 - 遠雄星呈,/sales/h707/G0705/,2,2,2,1,9.5
google / organic,(organic),服務條款-遠雄房地產,/terms-of-service/,2,2,2,1,2.5
(direct) / (none),(direct),【遠雄純寓】可以走入繁華，也可以選擇安靜 - 遠雄房地產,/wom-recommendation/bh2_wang/,2,2,2,1,2
google / organic,(organic),遠雄之星8推薦-證言篇-退休生活,/wom-recommendation/farglory-star8/,2,2,3,1.5,39
google / organic,(organic),遠雄百富住戶-陳氏姊妹 - 遠雄房地產,/wom-recommendation/h100_chen_sisters/,2,2,2,1,2
(direct) / (none),(direct),「遠雄幸福成」面朝大海看落日，左擁右抱大公園 - 遠雄房地產,/wom-recommendation/h713_tsang/,2,2,2,1,3
(direct) / (none),(direct),【遠雄東御苑】已購證言：王小姐 // 超強格局、環境單純更加分 // - 遠雄房地產,/wom-recommendation/【遠雄東御苑】已購證言：王小姐-超強格局、環/,2,2,3,1.5,1
(direct) / (none),(direct),九月主題報2023-4 - 遠雄房地產,/九月主題報2023-4/,2,2,2,1,0
fgr-line / ah1,20260220,預約成功 - 遠雄房地產,/預約成功感謝頁/,2,2,2,1,23
google / cpc,brand,預約成功 - 遠雄房地產,/預約成功感謝頁/,2,2,2,1,7
(not set),台中,2026 商用不動產佈局先機：穩健中求進步，掌握先機｜劉學龍觀點 - 遠雄房地產,/,1,2,10,10,56
google / organic,(organic),Farglory Realty: The Home Buying Experts Who Understand Life Best,/,1,2,1,1,13
statics.teams.cdn.office.net / referral,(referral),您正在找 - 遠雄房地產,/,1,2,2,2,7
(not set),台中西屯,您正在找 - 遠雄房地產,/,1,2,1,1,867
(not set),新北中和,您正在找 - 遠雄房地產,/,1,2,6,6,20
google / organic,(organic),房市低迷期的避風港：公辦都更與捷運聯開案的戰略價值｜劉佩真觀點 - 遠雄房地產,/,1,2,1,1,1229
(not set),台中,房市低迷期的避風港：公辦都更與捷運聯開案的戰略價值｜劉佩真觀點 - 遠雄房地產,/,1,2,7,7,18
dogreat.com.tw / referral,(referral),遠房實價登錄,/,1,2,4,4,0
excel.officeapps.live.com / referral,(referral),遠房實價登錄,/,1,2,4,4,0
webnews / bh8,20241030,遠房實價登錄,/,1,2,2,2,0
gdn / bh10,20251-1-6mix,遠房實價登錄,/,1,2,2,2,0
fgr-line / eh1,20260207,遠房實價登錄,/,1,2,7,7,0
google / cpc,gdn20256-8,遠房實價登錄,/,1,2,2,2,0
line-lap / bh10,line-lap202502-1,遠房實價登錄,/,1,2,2,2,0
dogreat.com.tw / referral,(referral),遠雄房地產：最懂生活的購屋專家,/,1,2,3,3,26
statics.teams.cdn.office.net / referral,(referral),遠雄房地產：最懂生活的購屋專家,/,1,2,2,2,1
teams.microsoft.com / referral,(referral),遠雄房地產：最懂生活的購屋專家,/,1,2,2,2,1
fb / hm2,0210,遠雄房地產：最懂生活的購屋專家,/,1,2,2,2,5
(not set),20251107一輪播,遠雄房地產：最懂生活的購屋專家,/,1,2,3,3,0
fgr-line / bh10,20260206,遠雄房地產：最懂生活的購屋專家,/,1,2,2,2,11
fb / fm3,fb8-2,遠雄房地產：最懂生活的購屋專家,/,1,2,2,2,7
fb / fm3,fb9-1,遠雄房地產：最懂生活的購屋專家,/,1,2,2,2,4
socialmedia / fh2,fbfh2info,遠雄房地產：最懂生活的購屋專家,/,1,2,3,3,4
google / cpc,gdn-1,遠雄房地產：最懂生活的購屋專家,/,1,2,1,1,63
line-lap / ah1,lap-3,遠雄房地產：最懂生活的購屋專家,/,1,2,2,2,0
line / rsh1,line-lap1-4,遠雄房地產：最懂生活的購屋專家,/,1,2,3,3,22
(not set),北投士林,遠雄房地產：最懂生活的購屋專家,/,1,2,3,3,6
(not set),台中西屯,遠雄房地產：最懂生活的購屋專家,/,1,2,1,1,0
(not set),台南中西,遠雄房地產：最懂生活的購屋專家,/,1,2,3,3,21
fb / fm3,news0108,遠雄蘴靚｜高雄楠梓新門戶｜捷運R21站旁｜3795坪豪闊基地,/,1,2,5,5,351
(direct) / (none),(direct),齊興緻-邱美鈴-遠雄房地產 Farglory-Realty,/AR1/b5758,1,2,3,3,0
farglory-land.com.tw / referral,(referral),品牌實力-遠雄房地產,/about/brand_performance_backup/,1,2,5,5,60
farglory.com.tw / referral,(referral),優勢榮耀 - 遠雄房地產,/about/branded_advantages/,1,2,1,1,5
google / organic,(organic),2022虎威笙風源春意，遠雄自主高規格防疫，新春安心賞屋不打烊 - 遠雄房地產,/activity-report/2022cny/,1,2,4,4,21
google / organic,(organic),新春福到好運到，「龍」來藏萃領紅包！ - 遠雄房地產,/activity-report/dh5_cny_20240202/,1,2,1,1,17
google / organic,(organic),新春大吉！遠雄幸福成熱鬧走春趣 抽紅包享美食測運勢，多重好禮獎不完 - 遠雄房地產,/activity-report/h713_2023cny/,1,2,2,2,2
google / organic,(organic),青埔最美接待會所，「龍騰四海 世界遨遊」新春賞屋不打烊  - 遠雄房地產,/activity-report/hh3_cny_20240202/,1,2,2,2,13
google / organic,(organic),太平洋咖啡｜喝咖啡，做公益 - 遠雄房地產,/activity-report/ucity_sep_coffee/,1,2,1,1,1
socialmedia / fh2,fbfh2info,村泉蒔美 ✨ 馬騰金春迎蒔美 ✨ - 遠雄房地產,/activity-report/✨-馬騰金春迎蒔美-✨/,1,2,2,2,1
(not set),20260213一輪播,(2) 封未讀訊息 | 來遠雄合雅一起HOYA(好野)過好年！ - 遠雄房地產,/activity-report/來遠雄合雅一起hoya好野過好年！/,1,2,0,0,183
socialmedia / fh2,fbfh2info,來遠雄合雅一起HOYA(好野)過好年！ - 遠雄房地產,/activity-report/來遠雄合雅一起hoya好野過好年！/,1,2,10,10,296
socialmedia / fh2,fbfh2info,遠雄一靚🧨春遊一靚 喜迎新年 - 遠雄房地產,/activity-report/遠雄一靚🧨春遊一靚-喜迎新年/,1,2,2,2,12
fgr-line / bh8,20260207,遠雄幸福成 ✨ 春啟馬年 幸福成章 ✨ - 遠雄房地產,/activity-report/遠雄幸福成-✨-春啟馬年-幸福成章-✨/,1,2,2,2,12
socialmedia / fh2,fbfh2info,遠雄幸福成 ✨ 春啟馬年 幸福成章 ✨ - 遠雄房地產,/activity-report/遠雄幸福成-✨-春啟馬年-幸福成章-✨/,1,2,2,2,15
youtube / fgr,expert_zhu_video_buy-vs-gift,遠雄房地產 官方LINE | 好友大募集 獨享雙重抽 - 遠雄房地產,/activity-report/遠雄房地產-官方line-第四季接待中心好友活動/,1,2,1,1,7
socialmedia / fh2,fbfh2info,遠雄星呈🐴駿年好運到．行館新歲時 - 遠雄房地產,/activity-report/遠雄星呈🐴駿年好運到．行館新歲時/,1,2,2,2,0
socialmedia / fh2,fbfh2info,遠雄沐蘊 住進自然裡的美術館🌿沐蘊新春樂 - 遠雄房地產,/activity-report/遠雄沐蘊-住進自然裡的美術館🌿沐蘊新春樂/,1,2,4,4,13
socialmedia / fh2,fbfh2info,遠雄峰蘊🐴馬躍峰境 蘊見好年 - 遠雄房地產,/activity-report/馬躍峰境-蘊見好年/,1,2,10,10,75
tw.search.yahoo.com / referral,(referral),馬躍峰境 蘊見好年 - 遠雄房地產,/activity-report/馬躍峰境-蘊見好年/,1,2,1,1,228
socialmedia / fh2,fbfh2info,活動報報：最新活動一覽與公告資訊 -遠雄房地產,/activity_report/,1,2,5,5,1
google_kw / h713,(organic),公告資訊 - 遠雄房地產,/activity_report/announcement_information/,1,2,2,2,11
google / organic,(organic),遠雄明玥 | 北士科水岸新生活．2000坪全街廓，只蓋一棟｜25-46坪-周繹加-遠雄房地產 Farglory-Realty,/ah1/b5654,1,2,2,2,1
(direct) / (none),(direct),遠雄泱玥 | 水岸正首席．北士科首獻｜57-75坪-周繹加-遠雄房地產 Farglory-Realty,/ah2/B5654,1,2,2,2,0
(direct) / (none),(direct),遠雄泱玥 | 水岸正首席．北士科首獻｜57-75坪-趙偉傑-遠雄房地產 Farglory-Realty,/ah2/g0106,1,2,1,1,43
google / cpc,(organic),遠雄泱玥 | 水岸正首席．北士科首獻｜57-75坪-趙偉傑-遠雄房地產 Farglory-Realty,/ah2/g0106,1,2,4,4,0
google / cpc,gdn-1,遠雄泱玥 | 水岸正首席．北士科首獻｜57-75坪-趙偉傑-遠雄房地產 Farglory-Realty,/ah2/g0106,1,2,3,3,46
google_kw / 5vo1,202511,"Door Farglory Real Estate geselecteerde nieuwbouwprojecten (Taipei, New Taipei, Taichung, Taoyuan, Tainan, Kaohsiung) - Farglory Real Estate",/building-category-tag/featured_pre_sale/,1,2,0,0,32
line / bh9,(not set),遠雄房地產精選預售屋(台北、新北、台中、桃園、台南、高雄) - 遠雄房地產,/building-category-tag/featured_pre_sale/,1,2,2,2,1
(direct) / (none),(direct),買賣、仲介、租賃 相關預售屋/新成屋/新建案資料|遠雄房地產,/building-category-tag/買賣、仲介、租賃/,1,2,2,2,6
line / ah2-message,(not set),親子宅相關預售屋/新成屋/新建案資料|遠雄房地產,/building-tag/build-tag-child/,1,2,1,1,17
google / cpc,Qianzhen.Qianjin,捷運宅相關預售屋/新成屋/新建案資料|遠雄房地產,/building-tag/build-tag-mrt/,1,2,2,2,30
line / bh11,20260206-2-4,公園宅相關預售屋/新成屋/新建案資料|遠雄房地產,/building-tag/build-tag-park/,1,2,2,2,0
google / cpc,RSH1-競品字,重劃區相關預售屋/新成屋/新建案資料|遠雄房地產,/building-tag/build-tag-plan/,1,2,2,2,1
line-lap / ah1,lap-2,學區宅相關預售屋/新成屋/新建案資料|遠雄房地產,/building-tag/build-tag-school/,1,2,2,2,8
google_kw / 5vo1,202511,Overzicht van luxe woningen - Vastgoed in Farglory,/building-tag/豪宅/,1,2,0,0,20
google_kw / 5vo1,202511,豪宅 彙整 - 遠雄房地產,/building-tag/豪宅/,1,2,2,2,12
google_kw / 5vo1,202511,"Linked Intelligent Technology | Beishike AI-hoofdkantoor, Huida Core Axis - Taipei Beitou District Commercieel kantoor/Nieuwbouwproject in de voorverkoop - Maak een afspraak voor een bezichtiging, marketing in het Verre Oosten",/buildings/5vo1/,1,2,0,0,161
google / cpc,202510-2,聯上智科｜北士科AI總部 輝達核心軸線 -台北市北投區商辦/預售新建案-預約賞屋，遠創力行銷,/buildings/5vo1/,1,2,2,2,0
youtube / fgr,expert_zhu_video_buy-vs-gift,聯上智科｜北士科AI總部 輝達核心軸線 -台北市北投區商辦/預售新建案-預約賞屋，遠創力行銷,/buildings/5vo1/,1,2,1,1,5
google_kw / dgm1,factory,聯上智科｜北士科AI總部 輝達核心軸線 -台北市北投區商辦/預售新建案-預約賞屋，遠創力行銷,/buildings/5vo1/,1,2,2,2,5
(not set),桃園桃園,聯上智科｜北士科AI總部 輝達核心軸線 -台北市北投區商辦/預售新建案-預約賞屋，遠創力行銷,/buildings/5vo1/,1,2,1,1,11
(not set),桃園桃園,找不到頁面 - 遠雄房地產,/buildings/CQH01/,1,2,1,1,7
socialmedia / fh2,fbfh2info,遠雄沐蘊-高雄市三民區預售屋/新建案-預約賞屋,/buildings/EH5/,1,2,1,1,23
socialmedia / fh2,fbfh2info,遠雄星呈-台中市清水區預售屋/新建案-預約賞屋，遠雄房地產,/buildings/H707/,1,2,1,1,18
(direct) / (none),(direct),遠雄MetaLink科技園區 | 機捷A7．A8站▕ VIP企業席次開放預約中,/buildings/HM2/,1,2,1,1,2
google / cpc,(organic),Beishike Construction Case [Yuanxiong Mingyue] Only one building in the whole street of 2000 ping. 25-46 ping,/buildings/ah1/,1,2,0,0,92
pmp / ah1,avivid-2,The Farglory Mingyue residential project in Beishike is a single building spanning 2000 ping (approximately 166 square meters) across the entire block. Units range from 25 to 46 ping (approximately 16 to 166 square meters).,/buildings/ah1/,1,2,0,0,15
docs.google.com / referral,(referral),北士科建案【遠雄明玥】2000坪全街廓只蓋一棟．25-46坪,/buildings/ah1/,1,2,1,1,19
youtube / fgr,expert_zhu_video_buy-vs-gift,北士科建案【遠雄明玥】2000坪全街廓只蓋一棟．25-46坪,/buildings/ah1/,1,2,2,2,23
socialmedia / fh2,fbfh2info,北士科建案【遠雄明玥】2000坪全街廓只蓋一棟．25-46坪,/buildings/ah1/,1,2,3,3,2
fb / eh6,privacy,北士科建案【遠雄明玥】2000坪全街廓只蓋一棟．25-46坪,/buildings/ah1/,1,2,1,1,40
youtube / fgr,expert_zhu_video_buy-vs-gift,北士科建案【遠雄泱玥】水岸首排．57-75坪,/buildings/ah2/,1,2,2,2,4
gdn / ao1,pmax_20250326,找不到頁面 - 遠雄房地產,/buildings/ao1/,1,2,2,2,0
youtube / fgr,expert_zhu_video_buy-vs-gift,齊興_緻-台北市北投區/北士科住宅預售屋,/buildings/ar1/,1,2,1,1,6
fb / fm3,news0108,齊興_緻-台北市北投區/北士科住宅預售屋,/buildings/ar1/,1,2,5,5,17
dogreat.com.tw / referral,(referral),北屯敦富路【遠雄敦富】- 北屯機捷預售屋．近好市多,/buildings/bh10/,1,2,1,1,1
gdn / bh10,20251-1-6mix,北屯敦富路【遠雄敦富】- 北屯機捷預售屋．近好市多,/buildings/bh10/,1,2,3,3,60
youtube / fgr,expert_zhu_video_buy-vs-gift,北屯敦富路【遠雄敦富】- 北屯機捷預售屋．近好市多,/buildings/bh10/,1,2,1,1,7
google / cpc,gdn20256-8,北屯敦富路【遠雄敦富】- 北屯機捷預售屋．近好市多,/buildings/bh10/,1,2,2,2,0
leju / bh10,leju,北屯敦富路【遠雄敦富】- 北屯機捷預售屋．近好市多,/buildings/bh10/,1,2,1,1,0
line-lap / bh10,line-lap202502-1,北屯敦富路【遠雄敦富】- 北屯機捷預售屋．近好市多,/buildings/bh10/,1,2,2,2,2
fb / paid,120235362256540316,(1) 封未讀訊息 | 遠雄14期首發【遠雄丰尚】北屯新案．近漢神洲際百貨,/buildings/bh11/,1,2,0,0,248
google_kw / bh11,brand0829,(1) 封未讀訊息 | 遠雄14期首發【遠雄丰尚】北屯新案．近漢神洲際百貨,/buildings/bh11/,1,2,1,1,44
google / cpc,corearea0829,(1) 封未讀訊息 | 遠雄14期首發【遠雄丰尚】北屯新案．近漢神洲際百貨,/buildings/bh11/,1,2,0,0,1
google_kw / h713,(not set),遠雄14期首發【遠雄丰尚】北屯新案．近漢神洲際百貨,/buildings/bh11/,1,2,3,3,290
statics.teams.cdn.office.net / referral,(referral),遠雄14期首發【遠雄丰尚】北屯新案．近漢神洲際百貨,/buildings/bh11/,1,2,1,1,48
google / cpc,CQH1-買房字,遠雄14期首發【遠雄丰尚】北屯新案．近漢神洲際百貨,/buildings/bh11/,1,2,2,2,20
youtube / fgr,expert_zhu_video_buy-vs-gift,遠雄14期首發【遠雄丰尚】北屯新案．近漢神洲際百貨,/buildings/bh11/,1,2,1,1,5
google_kw / ah1,googlemap,遠雄14期首發【遠雄丰尚】北屯新案．近漢神洲際百貨,/buildings/bh11/,1,2,2,2,0
line-lap / bh10,line-lap20259-5,遠雄14期首發【遠雄丰尚】北屯新案．近漢神洲際百貨,/buildings/bh11/,1,2,2,2,4
line-lap / bh2,20221201,找不到頁面 - 遠雄房地產,/buildings/bh2/,1,2,1,1,0
youtube / fgr,expert_zhu_video_buy-vs-gift,遠雄藝舍-台中西屯區麥當勞旁金店面-預約賞屋，遠雄房地產,/buildings/bh6/,1,2,1,1,5
youtube / fgr,expert_zhu_video_buy-vs-gift,【遠雄樂元】北屯機捷X好市多，雙首排大道最核心，夠近才最好,/buildings/bh7/,1,2,1,1,5
line-lap / bh10,line-lap20259-5,【遠雄樂元】北屯機捷X好市多，雙首排大道最核心，夠近才最好,/buildings/bh7/,1,2,2,2,0
google / cpc,(not set),台中西屯建案【遠雄洄山行】．2-4房方正格局,/buildings/bh8/,1,2,1,1,31
webnews / bh8,20241030,台中西屯建案【遠雄洄山行】．2-4房方正格局,/buildings/bh8/,1,2,2,2,10
youtube / fgr,expert_zhu_video_buy-vs-gift,台中西屯建案【遠雄洄山行】．2-4房方正格局,/buildings/bh8/,1,2,1,1,5
youtube / fgr,expert_zhu_video_buy-vs-gift,水湳建案【遠雄綠美】鄰近綠美圖．中央公園預售屋,/buildings/bh9/,1,2,1,1,5
webnews / h707,20260116,村泉蒔美｜門戶端點 從容跨界｜台北生活最美起點,/buildings/cqh1/,1,2,3,3,8
fb / fm3,news0108,村泉蒔美｜門戶端點 從容跨界｜台北生活最美起點,/buildings/cqh1/,1,2,2,2,24
line-lap / dh2,12,台南永康新建案【遠雄山禾】-鹽行特區．3-4房,/buildings/dh2/,1,2,1,1,0
line-lap / dh2,2,台南永康新建案【遠雄山禾】-鹽行特區．3-4房,/buildings/dh2/,1,2,2,2,0
(not set),桃園桃園,台南永康新建案【遠雄山禾】-鹽行特區．3-4房,/buildings/dh2/,1,2,1,1,47
line / dh3,31,找不到頁面 - 遠雄房地產,/buildings/dh3/,1,2,2,2,0
youtube / fgr,expert_zhu_video_buy-vs-gift,安南重劃首選【遠雄藏萃】全新落成，珍稀戶別釋出！,/buildings/dh5/,1,2,1,1,7
fgr-line / eh1,20260207,高雄建案推薦【遠雄峰蘊】- 三民區預售屋．近科工館,/buildings/eh1/,1,2,7,7,51
fb / rsh1,fbfanpage0131,高雄建案推薦【遠雄峰蘊】- 三民區預售屋．近科工館,/buildings/eh1/,1,2,1,1,2
fb / fm3,news0108,高雄建案推薦【遠雄峰蘊】- 三民區預售屋．近科工館,/buildings/eh1/,1,2,3,3,70
(not set),桃園桃園,高雄建案推薦【遠雄峰蘊】- 三民區預售屋．近科工館,/buildings/eh1/,1,2,1,1,84
console-v2.omnichat.ai / referral,(referral),遠雄一靚｜楠梓新案．高大特區首發｜早鳥預約中,/buildings/eh2/,1,2,1,1,13
web-ettoday / fm3,20260116,遠雄一靚｜楠梓新案．高大特區首發｜早鳥預約中,/buildings/eh2/,1,2,2,2,4
youtube / fgr,expert_zhu_video_buy-vs-gift,遠雄一靚｜楠梓新案．高大特區首發｜早鳥預約中,/buildings/eh2/,1,2,1,1,5
fb / fm3,news0108,遠雄一靚｜楠梓新案．高大特區首發｜早鳥預約中,/buildings/eh2/,1,2,4,4,80
(not set),桃園桃園,遠雄一靚｜楠梓新案．高大特區首發｜早鳥預約中,/buildings/eh2/,1,2,2,2,12
webnews / eh3,20220505,找不到頁面 - 遠雄房地產,/buildings/eh3/,1,2,4,4,0
web-udn / eh5,20250103,遠雄沐蘊-高雄市三民區預售屋/新建案-預約賞屋,/buildings/eh5/,1,2,4,4,330
line-lap / eh2,20251208,遠雄沐蘊-高雄市三民區預售屋/新建案-預約賞屋,/buildings/eh5/,1,2,3,3,113
fb / fm3,news0108,遠雄沐蘊-高雄市三民區預售屋/新建案-預約賞屋,/buildings/eh5/,1,2,5,5,77
google / cpc,dgc,(1) 封未讀訊息 | 遠雄蘴靚｜高雄楠梓新門戶｜捷運R21站旁｜3795坪豪闊基地,/buildings/eh6/,1,2,0,0,97
google / cpc,dgc,(2) 封未讀訊息 | 遠雄蘴靚｜高雄楠梓新門戶｜捷運R21站旁｜3795坪豪闊基地,/buildings/eh6/,1,2,0,0,41
line-lap / eh2,20251209,遠雄蘴靚｜高雄楠梓新門戶｜捷運R21站旁｜3795坪豪闊基地,/buildings/eh6/,1,2,2,2,0
(not set),20251230一輪播,遠雄蘴靚｜高雄楠梓新門戶｜捷運R21站旁｜3795坪豪闊基地,/buildings/eh6/,1,2,1,1,0
google / cpc,Pmax,遠雄蘴靚｜高雄楠梓新門戶｜捷運R21站旁｜3795坪豪闊基地,/buildings/eh6/,1,2,3,3,200
socialmedia / fh2,fbfh2info,遠雄蘴靚｜高雄楠梓新門戶｜捷運R21站旁｜3795坪豪闊基地,/buildings/eh6/,1,2,1,1,0
line-lap / fh2,line-lap12-3,遠雄蘴靚｜高雄楠梓新門戶｜捷運R21站旁｜3795坪豪闊基地,/buildings/eh6/,1,2,3,3,1
reurl.cc / referral,(referral),遠雄合雅｜板橋之心・合院之上｜2~3房．24~66坪,/buildings/fh2/,1,2,1,1,0
(not set),20251230一輪播,遠雄合雅｜板橋之心・合院之上｜2~3房．24~66坪,/buildings/fh2/,1,2,10,10,109
google / cpc,O1_品牌字_2025.0801,遠雄合雅｜板橋之心・合院之上｜2~3房．24~66坪,/buildings/fh2/,1,2,2,2,53
youtube / fgr,expert_zhu_video_buy-vs-gift,遠雄信義CENTER-新北市板橋區廠辦.商辦/預售新建案-預約賞屋,/buildings/fm3/,1,2,1,1,4
fb / fm3,news0108,遠雄信義CENTER-新北市板橋區廠辦.商辦/預售新建案-預約賞屋,/buildings/fm3/,1,2,4,4,254
line-lap / line-lap,h101b,找不到頁面 - 遠雄房地產,/buildings/h101b,1,2,3,3,0
pmp / (not set),6,遠雄星呈-台中市清水區預售屋/新建案-預約賞屋，遠雄房地產,/buildings/h707/,1,2,2,2,5
google / cpc,20220822,遠雄幸福成｜即將落成 - 台中市清水區預售/新建案-預約賞屋，遠雄房地產,/buildings/h713/,1,2,1,1,0
webnews / h902,20231027,遠雄琢蘊-高雄市三民區預售屋/新建案-預約賞屋，遠雄房地產,/buildings/h902/,1,2,2,2,59
youtube / fgr,expert_zhu_video_buy-vs-gift,遠雄琢蘊-高雄市三民區預售屋/新建案-預約賞屋，遠雄房地產,/buildings/h902/,1,2,1,1,10
fb / fm3,news0108,遠雄琢蘊-高雄市三民區預售屋/新建案-預約賞屋，遠雄房地產,/buildings/h902/,1,2,6,6,132
gdn / hh3,gdn-7,找不到頁面 - 遠雄房地產,/buildings/hh3/,1,2,2,2,0
(not set),桃園桃園,遠雄仰森 -桃園市大園區預售屋/新建案-預約賞屋，遠雄房地產,/buildings/hh3/,1,2,2,2,30
l.facebook.com / referral,(referral),找不到頁面 - 遠雄房地產,/buildings/him1/,1,2,1,1,0
line-lap / hlh1,3-1,找不到頁面 - 遠雄房地產,/buildings/hlh1/,1,2,1,1,0
google / cpc,202601,(1) 封未讀訊息 | 遠雄MetaLink科技園區 | 機捷A7．A8站▕ VIP企業席次開放預約中,/buildings/hm2/,1,2,0,0,0
google / cpc,1102G,Farglory MetaLink Technology Park | Stasiun MRT Bandara A7 & A8 | Kursi VIP korporat kini dibuka untuk reservasi.,/buildings/hm2/,1,2,1,1,2
(not set),20251230一輪播,遠雄MetaLink科技園區 | 機捷A7．A8站▕ VIP企業席次開放預約中,/buildings/hm2/,1,2,1,1,12
youtube / fgr,expert_zhu_video_buy-vs-gift,遠雄MetaLink科技園區 | 機捷A7．A8站▕ VIP企業席次開放預約中,/buildings/hm2/,1,2,1,1,17
youtube / fgr,expert_zhu_video_buy-vs-gift,遠雄THE ONE-高雄市前鎮區新成屋/新建案-預約賞屋,/buildings/o1/,1,2,1,1,7
google_kw / dh2,(organic),若水秧翠｜東京視野・頂埔門牌｜1~3房．20~42坪,/buildings/rsh1/,1,2,0,0,17
console-v2.omnichat.ai / referral,(referral),若水秧翠｜東京視野・頂埔門牌｜1~3房．20~42坪,/buildings/rsh1/,1,2,1,1,0
line-lap / ar1,20260210-7-2,若水秧翠｜東京視野・頂埔門牌｜1~3房．20~42坪,/buildings/rsh1/,1,2,2,2,0
google / cpc,Pmax,若水秧翠｜東京視野・頂埔門牌｜1~3房．20~42坪,/buildings/rsh1/,1,2,2,2,5
youtube / fgr,expert_zhu_video_buy-vs-gift,若水秧翠｜東京視野・頂埔門牌｜1~3房．20~42坪,/buildings/rsh1/,1,2,1,1,6
google / cpc,newtaipei,若水秧翠｜東京視野・頂埔門牌｜1~3房．20~42坪,/buildings/rsh1/,1,2,2,2,20
fgr-line / ah2,20260210,熱銷建案：預售屋、新建案、新成屋 -遠雄房地產,/case/,1,2,2,2,5
youtube / fgr,expert_zhu_video_buy-vs-gift,熱銷建案：預售屋、新建案、新成屋 -遠雄房地產,/case/,1,2,2,2,2
fb / fh2,fb12-2,熱銷建案：預售屋、新建案、新成屋 -遠雄房地產,/case/,1,2,3,3,17
socialmedia / fh2,fbfh2info,熱銷建案：預售屋、新建案、新成屋 -遠雄房地產,/case/,1,2,2,2,31
line-lap / fh2,line-lap12-2,熱銷建案：預售屋、新建案、新成屋 -遠雄房地產,/case/,1,2,1,1,8
console-v2.omnichat.ai / referral,(referral),熱銷建案一覽：遠雄全台預售屋、新建案、新成屋資訊,/case/search/,1,2,2,2,20
dogreat.com.tw / referral,(referral),熱銷建案一覽：遠雄全台預售屋、新建案、新成屋資訊,/case/search/,1,2,3,3,35
excel.officeapps.live.com / referral,(referral),熱銷建案一覽：遠雄全台預售屋、新建案、新成屋資訊,/case/search/,1,2,2,2,8
statics.teams.cdn.office.net / referral,(referral),熱銷建案一覽：遠雄全台預售屋、新建案、新成屋資訊,/case/search/,1,2,2,2,22
webnews / h707,20260116,熱銷建案一覽：遠雄全台預售屋、新建案、新成屋資訊,/case/search/,1,2,2,2,2
line-lap / eh2,20260204A,熱銷建案一覽：遠雄全台預售屋、新建案、新成屋資訊,/case/search/,1,2,2,2,1
fgr-line / bh10,20260206,熱銷建案一覽：遠雄全台預售屋、新建案、新成屋資訊,/case/search/,1,2,3,3,58
fb / fh2,fb12-2,熱銷建案一覽：遠雄全台預售屋、新建案、新成屋資訊,/case/search/,1,2,4,4,99
fb / fm3,fb8-2,熱銷建案一覽：遠雄全台預售屋、新建案、新成屋資訊,/case/search/,1,2,2,2,9
fb / fm3,fb9-1,熱銷建案一覽：遠雄全台預售屋、新建案、新成屋資訊,/case/search/,1,2,2,2,5
googlemap / H109,googlemap,熱銷建案一覽：遠雄全台預售屋、新建案、新成屋資訊,/case/search/,1,2,7,7,101
line / rsh1,line-lap1-5_600x400,熱銷建案一覽：遠雄全台預售屋、新建案、新成屋資訊,/case/search/,1,2,2,2,2
(not set),高雄新灣,熱銷建案一覽：遠雄全台預售屋、新建案、新成屋資訊,/case/search/,1,2,0,0,0
(not set),20260213一輪播,熱銷建案一覽：遠雄全台預售屋、新建案、新成屋資訊,/case/search/building-category-tag/134/,1,2,1,1,48
google / cpc,(not set),熱銷建案一覽：遠雄全台預售屋、新建案、新成屋資訊,/case/search/building-category-tag/134/page/2/,1,2,2,2,1
google / cpc,(not set),熱銷建案一覽：遠雄全台預售屋、新建案、新成屋資訊,/case/search/building-category-tag/134/page/3/,1,2,1,1,3
google / cpc,(not set),熱銷建案一覽：遠雄全台預售屋、新建案、新成屋資訊,/case/search/building-category-tag/134/page/4/,1,2,1,1,1
google / cpc,(not set),熱銷建案一覽：遠雄全台預售屋、新建案、新成屋資訊,/case/search/building-category-tag/134/page/5/,1,2,1,1,1
104.com.tw / referral,(referral),熱銷建案一覽：遠雄全台預售屋、新建案、新成屋資訊,/case/search/page/2/,1,2,2,2,10
dogreat.com.tw / referral,(referral),熱銷建案一覽：遠雄全台預售屋、新建案、新成屋資訊,/case/search/page/2/,1,2,3,3,21
google / cpc,O1_競品字_2025.0801,熱銷建案一覽：遠雄全台預售屋、新建案、新成屋資訊,/case/search/page/2/,1,2,2,2,6
dogreat.com.tw / referral,(referral),熱銷建案一覽：遠雄全台預售屋、新建案、新成屋資訊,/case/search/page/3/,1,2,2,2,14
(not set),20251230一輪播,熱銷建案一覽：遠雄全台預售屋、新建案、新成屋資訊,/case/search/page/3/,1,2,2,2,65
google / cpc,area,熱銷建案一覽：遠雄全台預售屋、新建案、新成屋資訊,/case/search/page/3/,1,2,3,3,31
youtube / fgr,expert_zhu_video_buy-vs-gift,熱銷建案一覽：遠雄全台預售屋、新建案、新成屋資訊,/case/search/page/3/,1,2,2,2,10
tagassistant.google.com / referral,(referral),熱銷建案一覽：遠雄全台預售屋、新建案、新成屋資訊,/case/search/page/4/,1,2,3,3,4
(not set),20251230一輪播,熱銷建案一覽：遠雄全台預售屋、新建案、新成屋資訊,/case/search/page/4/,1,2,2,2,19
youtube / fgr,expert_zhu_video_buy-vs-gift,熱銷建案一覽：遠雄全台預售屋、新建案、新成屋資訊,/case/search/page/4/,1,2,2,2,9
(not set),北投士林,熱銷建案一覽：遠雄全台預售屋、新建案、新成屋資訊,/case/search/page/4/,1,2,1,1,1
web-ettoday / fm3,20260116,熱銷建案一覽：遠雄全台預售屋、新建案、新成屋資訊,/case/search/page/5/,1,2,2,2,17
google_kw / 5vo1,202511,"Een overzicht van de bestverkochte woningprojecten: informatie over de voorverkoop, nieuwbouw en opgeleverde woningen van Farglory Group in heel Taiwan.",/case/search/sales_status/coming-soon/,1,2,0,0,55
(not set),台南中西,2026二月主題報 - 遠雄房地產,/feb2026/,1,2,1,1,107
(not set),20251230一輪播,熱銷建案(台北、新北、台中、桃園、台南、高雄)一覽 - 遠雄房地產,/gc_farbear/case/search/,1,2,2,2,5
fgr-line / ah2,20260210,節稅 彙整 - 遠雄房地產,/life-proposal-tag/2、市場/2稅務政策相關/saving_money/,1,2,2,2,105
google / cpc,corearea0829,十四期 彙整 - 遠雄房地產,/life-proposal-tag/5、區域/1區域地段/縣市/台中市/beitun/fourthteen/,1,2,2,2,7
google / organic,(organic),建築工法 彙整 - 遠雄房地產,/life-proposal-tag/6、產品/9結構/建築工法/,1,2,1,1,0
google / cpc,gdn11-4,2026房市趨勢 彙整 - 遠雄房地產,/life-proposal-tag/real_estate-2/2026房市趨勢/,1,2,1,1,8
google_kw / 5vo1,202511,建案熱區巡禮：北士科爆840億商辦案量，搶攻輝達、金仁寶供應鏈需求 - 遠雄房地產,/life-proposal/5vo1-1/,1,2,2,2,278
yahoo / organic,(organic),全齡住宅趨勢，0~100歲都適用 - 遠雄房地產,/life-proposal/allagehouse/,1,2,1,1,62
bing / organic,(organic),首購新手買房重點：棟距與社區規劃好不好，住起來差很大 - 遠雄房地產,/life-proposal/architectural_planning/,1,2,1,1,218
(not set),新北中和,新竹市東區 - 以科技驅動的繁榮未來 | 建案熱區巡禮 - 遠雄房地產,/life-proposal/area-l-hsinchu-east20240110/,1,2,8,8,87
excel.officeapps.live.com / referral,(referral),建案熱區巡禮：鼓山豪宅黃金鐵三角，高雄指標蛋黃區 - 遠雄房地產,/life-proposal/area-l-kaohsiung-gusha20200520/,1,2,2,2,10
(not set),台中,建案熱區巡禮：鼓山豪宅黃金鐵三角，高雄指標蛋黃區 - 遠雄房地產,/life-proposal/area-l-kaohsiung-gusha20200520/,1,2,3,3,76
bing / organic,(organic),建案熱區巡禮：高雄楠梓區 - 從工業重鎮到經濟新引擎的崛起 - 遠雄房地產,/life-proposal/area-l-kaohsiung-nanzi_20250121/,1,2,1,1,95
chatgpt.com / referral,(referral),建案熱區巡禮：中和翻轉！北台灣電子製造業最大產業聚落  - 遠雄房地產,/life-proposal/area-l-newtaipei-zhonghe_20220923/,1,2,1,1,0
bing / organic,(organic),板橋為交通便捷、生活機能佳的新北都心 | 建案熱區巡禮 - 遠雄房地產,/life-proposal/area-l-ntpc_banqiao_20240717/,1,2,2,2,83
news.google.com / referral,(referral),建案熱區巡禮：桃園龜山重大建設帶動發展利多 - 遠雄房地產,/life-proposal/area-l-taoyuan-guishan/,1,2,2,2,56
(not set),高雄新灣,建案熱區巡禮：5G AIoT 產能爆發！亞洲新灣區翻轉高雄，型塑智慧港灣豪宅聚落 - 遠雄房地產,/life-proposal/area-s-kaohsiung-newbay_20220824/,1,2,0,0,0
(not set),台中,台南中西區運河星鑽特區打造台南曼哈頓 | 建案熱區巡禮 - 遠雄房地產,/life-proposal/area-s-tainan_west-central_diamond_20250425/,1,2,3,3,9
(not set),台中,台南中西區運河星鑽特區，重塑台南的歷史與現代風貌 | 建案熱區巡禮 - 遠雄房地產,/life-proposal/area-s-tainan_west-central_diamond_20250425/,1,2,3,3,32
(not set),台中,台南中西區運河星鑽特區坐擁頂級水岸生活圈 | 建案熱區巡禮 - 遠雄房地產,/life-proposal/area-s-tainan_west-central_redevelop_diamond_20250502/,1,2,10,10,121
tw.search.yahoo.com / referral,(referral),建案熱區巡禮：新北板橋區Tpark科技特區 (遠東通訊園區) - 綠地休憩篇 - 遠雄房地產,/life-proposal/area-s-tph_banqiao_tpark_park_20250411/,1,2,1,1,179
tw.search.yahoo.com / referral,(referral),建案熱區巡禮：北投士林科技園區 - 交通篇 - 遠雄房地產,/life-proposal/area-tpe-beitou_bstp_traffic_20240705/,1,2,3,3,14
(not set),20260213一輪播,建案熱區巡禮：北投士林科技園區 - 交通篇 - 遠雄房地產,/life-proposal/area-tpe-beitou_bstp_traffic_20240705/,1,2,0,0,0
google / organic,(organic),建案熱區巡禮：高雄三民區 - 交通篇 - 遠雄房地產,/life-proposal/area_hotspot_khh_sanmin_traffic_20230928/,1,2,2,2,44
webnews / eh2,moneyudn_202512,高雄預售屋入手指南：最新建案推薦、選房與區域優勢總整理 - 遠雄房地產,/life-proposal/area_presold-house-in-kaohsiung/,1,2,0,0,5
(not set),北投士林,高雄預售屋入手指南：最新建案推薦、選房與區域優勢總整理 - 遠雄房地產,/life-proposal/area_presold-house-in-kaohsiung/,1,2,1,1,0
(not set),台中,漢神、巨蛋雙引擎，北台中新核心北屯14期 | 建案熱區巡禮 - 遠雄房地產,/life-proposal/area_txg_beitun_14th_function_20250829/,1,2,5,5,36
google / cpc,(not set),一次搞懂建蔽率與容積率：買房選景觀與採光的關鍵 - 遠雄房地產,/life-proposal/build_rate/,1,2,2,2,0
google / cpc,(not set),新成屋、預售屋簽約注意事項–「首購族看房買屋攻略」 - 遠雄房地產,/life-proposal/contract/,1,2,2,2,28
google / organic,(organic),修繕小知識：居家隔間保養及修繕【居家百科】 - 遠雄房地產,/life-proposal/cubicle/,1,2,2,2,5
(not set),20260213一輪播,預售屋買賣契約簽約時應注意「契約審閱期」｜永然法律不動產專欄 - 遠雄房地產,/life-proposal/expert_law_y-rlee_contract_20250613/,1,2,1,1,2
(not set),20260213一輪播,共同繼承來的房地產，要如何進行分割呢？ | 永然法律不動產專欄 - 遠雄房地產,/life-proposal/expert_law_y-rlee_property-division/,1,2,1,1,0
google / organic,(organic),2022上半年房市總結「升息循環、疫情擴散、打房加重」與未來展望｜李同榮觀點 - 遠雄房地產,/life-proposal/expert_li_2022property_20220722/,1,2,1,1,43
google / cpc,(not set),2026年預售市場一針見血的銷售與購買策略｜李同榮觀點 - 遠雄房地產,/life-proposal/expert_li_2026-housing-tips/,1,2,1,1,8
fgr-line / fgr,expert_zhu_taiwan-land-scam,2026年預售市場一針見血的銷售與購買策略｜李同榮觀點 - 遠雄房地產,/life-proposal/expert_li_2026-housing-tips/,1,2,2,2,725
(not set),台中西屯,2025自住首購族擇屋八大法則｜李同榮觀點 - 遠雄房地產,/life-proposal/expert_li_homeowners_20250410/,1,2,3,3,37
(not set),20251230一輪播,2026年房地產市場將面臨八大考驗｜李同榮觀點 - 遠雄房地產,/life-proposal/expert_li_housing-challenges-2026/,1,2,2,2,0
(not set),20260213一輪播,2026年房地產市場將面臨八大考驗｜李同榮觀點 - 遠雄房地產,/life-proposal/expert_li_housing-challenges-2026/,1,2,2,2,178
(direct) / (none),(direct),2026 商用不動產佈局先機：穩健中求進步，掌握先機｜劉學龍觀點 - 遠雄房地產,/life-proposal/expert_liu_tw-commercial-property-2026,1,2,1,1,0
(not set),20260213一輪播,2026 商用不動產佈局先機：穩健中求進步，掌握先機｜劉學龍觀點 - 遠雄房地產,/life-proposal/expert_liu_tw-commercial-property-2026/,1,2,2,2,48
(not set),高雄楠梓,2025 下半年台灣經濟怎麼走？台股、台幣一次解析｜財經M平方觀點 - 遠雄房地產,/life-proposal/expert_macromicro_2025econ_20250730/,1,2,1,1,0
fgr-line / fgr,area-s-tainan_west-central_redevelop_diamond_20250502,2026 投資佈局：聚焦AI基建、核能、國防、稀土、貴金屬與穩定幣 | 財經M平方觀點 - 遠雄房地產,/life-proposal/expert_macromicro_2026-mega-trends/,1,2,1,1,2
(not set),台中,2026 投資佈局：聚焦AI基建、核能、國防、稀土、貴金屬與穩定幣 | 財經M平方觀點 - 遠雄房地產,/life-proposal/expert_macromicro_2026-mega-trends/,1,2,3,3,99
(not set),高雄楠梓,2026 投資佈局：聚焦AI基建、核能、國防、稀土、貴金屬與穩定幣 | 財經M平方觀點 - 遠雄房地產,/life-proposal/expert_macromicro_2026-mega-trends/,1,2,2,2,16
(direct) / (none),(direct),在分歧的繁榮中前行：台灣經濟獨強，2026 台幣與台股迎來關鍵檢驗 - 遠雄房地產,/life-proposal/expert_macromicro_economy-2026-critical,1,2,1,1,43
google / organic,(organic),美債殖利率創新高，三大面向解析後續走勢｜財經M平方觀點 - 遠雄房地產,/life-proposal/expert_macromicro_mec_oil_20231125/,1,2,2,2,16
fgr-line / ah2,20260210,對等關稅引發全球市場動盪 貴金屬適合投資嗎？｜財經M平方觀點 - 遠雄房地產,/life-proposal/expert_macromicro_precious-metals_20250430/,1,2,1,1,89
(not set),北投士林,[影音] AI科技宅當道！台灣半導體聚落帶動房市｜劉佩真觀點 - 遠雄房地產,/life-proposal/expert_peizhen_ai-housing-trend/,1,2,1,1,285
chatgpt.com / referral,(referral),2025年の住宅市場レビューと2026年の統合見通し：政策と市場動向分析｜劉培塵の視点 - Farglory Real Estate,/life-proposal/expert_peizhen_real-estate-2026/,1,2,0,0,120
mixerbox.ai / referral,(referral),2025房市回顧與2026盤整展望：政策與市場趨勢解析｜劉佩真觀點 - 遠雄房地產,/life-proposal/expert_peizhen_real-estate-2026/,1,2,4,4,0
safe2.dbswiso.prd / referral,(referral),2025房市回顧與2026盤整展望：政策與市場趨勢解析｜劉佩真觀點 - 遠雄房地產,/life-proposal/expert_peizhen_real-estate-2026/,1,2,2,2,71
bing / organic,(organic),房市低迷期的避風港：公辦都更與捷運聯開案的戰略價值｜劉佩真觀點 - 遠雄房地產,/life-proposal/expert_peizhen_tod-strategy-2026/,1,2,1,1,68
(not set),20260213一輪播,繼承房產兄弟姊妹吵翻天？遺囑、登記與分配機制一次講清楚｜專家觀點地政篇 - 遠雄房地產,/life-proposal/expert_zhu_inherit-siblings_20250704/,1,2,0,0,0
(not set),20251230一輪播,[影音] 婚前買房v.s婚後買房｜房子登記誰的名字好｜專家觀點地政篇 - 遠雄房地產,/life-proposal/expert_zhu_marriage_20230614/,1,2,2,2,8
(not set),台中西屯,買房前必查：銀行不會主動告訴你的「抵押權與順位」 | 專家觀點地政篇 - 遠雄房地產,/life-proposal/expert_zhu_mortgage-lien-priority/,1,2,1,1,3
fgr-line / ah2,20260210,[影音] 連續繼承房產出售節稅有術｜專家觀點地政篇 - 遠雄房地產,/life-proposal/expert_zhu_multiple-inheriting_vedio_20250423/,1,2,3,3,58
(not set),20251230一輪播,自用住宅免稅400萬怎麼申請？「持有、設籍、實住」3點不能忽略 | 專家觀點地政篇 - 遠雄房地產,/life-proposal/expert_zhu_ownership-criteria/,1,2,2,2,8
bing / organic,(organic),如何預防不動產詐騙？如何防止房屋被移轉？｜專家觀點地政篇 - 遠雄房地產,/life-proposal/expert_zhu_property_scam_20240604/,1,2,1,1,514
socialmedia / fgr,fb20250725,[影音] 限貸令下交屋解約問題｜專家觀點地政篇 - 遠雄房地產,/life-proposal/expert_zhu_property_terminate_vedio_20250313/,1,2,1,1,1
(not set),20260213一輪播,降低遺產稅怎麼做？遺產稅節稅規劃攻略｜專家觀點地政篇 - 遠雄房地產,/life-proposal/expert_zhu_tax_inheritance_vedio_20240327/,1,2,2,2,0
line-lap / ar1,20260101-6-1,[影音] 房產傳承案例解析：買賣與贈與的差別、實務操作與法律風險 - 遠雄房地產,/life-proposal/expert_zhu_video_buy-vs-gift/,1,2,3,3,154
(direct) / (none),(direct),遠雄建設榮獲《網路口碑之星》ESG策略卓越獎，以AI與循環經濟引領永續新標竿 - 遠雄房地產,/life-proposal/fg-esg-strategy-2025/,1,2,1,1,3
(direct) / (none),(direct),修繕小知識：自己的浴室自己修！水龍頭、馬桶故障簡易排除法【居家百科】 - 遠雄房地產,/life-proposal/fixbathroom/,1,2,1,1,5
hk.search.yahoo.com / referral,(referral),樓高的秘密解析：樓層高度與淨高如何影響居住品質 - 遠雄房地產,/life-proposal/floor_height/,1,2,2,2,81
bing / organic,(organic),高樓層VS低樓層：哪個才是首購族的最佳選擇？–「首購族看房買屋攻略」 - 遠雄房地產,/life-proposal/high_floor/,1,2,2,2,424
bing / organic,(organic),換屋族必讀：房地合一稅與土地增值稅完整攻略 - 遠雄房地產,/life-proposal/house_and_land/,1,2,1,1,47
(not set),20260213一輪播,交屋看仔細：常見糾紛與買方注意事項 - 遠雄房地產,/life-proposal/kw_delivery_20230607/,1,2,2,2,0
(not set),20260213一輪播,什麼是虛坪制？一次了解政府的「虛坪改革」方案 - 遠雄房地產,/life-proposal/kw_meterspolicy_20240513/,1,2,2,2,1
fgr-line / fg,land_public_utilities/,社區營運兩三事：公設點交不求人 - 遠雄房地產,/life-proposal/land_public_utilities/,1,2,2,2,11
m.facebook.com / referral,(referral),輝達落腳時程出爐，北士科商辦掀全球卡位戰 - 遠雄房地產,/life-proposal/nvidia-beishi-office/,1,2,2,2,0
(direct) / (none),(direct),不動產估價管道有哪些？ - 遠雄房地產,/life-proposal/value_estimation_of_property_20221014/,1,2,2,2,11
bing / organic,(organic),台南永康產業交通齊發光，宜居現在進行式 | 建案熱區巡禮 - 遠雄房地產,/life-proposal/yongkang/,1,2,1,1,213
(not set),20260213一輪播,[影音] 北士科潛力揭密：輝達進駐引爆房市三大變革｜何世昌觀點 - 遠雄房地產,/life-proposal/影音-輝達北士科總部設立：帶動台北房市三大變/,1,2,1,1,300
google / cpc,BH10-十四期區域字,生活提案： 專家房市觀點、空間美學指南 -遠雄房地產,/life_proposal/,1,2,1,1,11
(not set),20251230一輪播,購屋知識：買屋流程、稅法貸款指南 -遠雄房地產,/life_proposal/buying_knowledge/,1,2,4,4,35
bing / organic,(organic),專家觀點：解析房市動向與購屋建議 -遠雄房地產,/life_proposal/experts_point/,1,2,2,2,248
web-ettoday / fm3,20260116,安心生活：三大保固升級服務 -遠雄房地產,/life_proposal/peace_mind/,1,2,2,2,326
google / organic,(organic),遠雄泱玥 | 水岸正首席．北士科首獻｜57-75坪-陳怡靜-遠雄房地產 Farglory-Realty,/main/review/64/G0116,1,2,2,2,11
(direct) / (none),(direct),遠雄板橋廠辦新案-洪瑞鴻-遠雄房地產 Farglory-Realty,/main/review/67/g0642,1,2,2,2,7
tw.search.yahoo.com / referral,(referral),遠雄房地產預約賞屋(線上賞屋與預約賞屋),/make_appointment/,1,2,2,2,5
line-lap / ar1,20260210-7-2,預約賞屋手機驗證 - 遠雄房地產,/mob_verify/,1,2,5,5,31
(not set),20260213一輪播,遠房好友- 遠雄房地產,/my-account/,1,2,2,2,6
fgr-line / ah2,20260210,隱私權聲明 - 遠雄房地產,/privacy/,1,2,1,1,3
line-lap / ar1,20260210-7-2,隱私權聲明 - 遠雄房地產,/privacy/,1,2,2,2,254
google / cpc,1204G,許美淑業務個人介紹 - 遠雄商用不動產(林口龜山),/sales/HM2/B1535/,1,2,5,5,47
fb / ar1,leads,林白芷業務個人介紹 - 齊興緻,/sales/ar1/B3622/,1,2,2,2,38
google_kw / bh10,taichung,周卉雯業務個人介紹 - 遠雄敦富,/sales/bh10/B3081/,1,2,2,2,1
(not set),20260213一輪播,蔡明昌業務個人介紹 - 都美大河商爵,/sales/dgm1/G0048/,1,2,3,3,91
google / organic,(organic),張嘉祐業務個人介紹 - 遠雄山禾,/sales/dh2/B3662/,1,2,3,3,50
fb / eh5,fb12-2,鄭喨予業務個人介紹 - 遠雄沐蘊,/sales/eh5/G0598/,1,2,1,1,5
google / organic,(organic),謝涵羽業務個人介紹 - 遠雄沐蘊,/sales/eh5/G0829/,1,2,2,2,3
google / organic,(organic),服務條款暨隱私權聲明 -遠雄房地產,/terms-of-service_and_privacy/,1,2,1,1,0
fgr-line / cqh1,20260210,服務條款暨隱私權聲明 -遠雄房地產,/terms-of-service_and_privacy/,1,2,1,1,18
google / organic,(organic),遠雄夏沐-線上接待中心,/warranty,1,2,2,2,0
statics.teams.cdn.office.net / referral,(referral),2026二月主題報 - 遠雄房地產,/,0,2,1,null,null
(not set),20251209一輪播,齊興緻-戴嘉嫻-遠雄房地產 Farglory-Realty,/AR1/g0247,0,2,2,null,null
(not set),20260213一輪播,遠雄明玥 | 北士科水岸新生活．2000坪全街廓，只蓋一棟｜25-46坪-蔡定誠-遠雄房地產 Farglory-Realty,/ah1/b4720,0,2,2,null,null
google / organic,(organic),遠雄明玥 | 北士科水岸新生活．2000坪全街廓，只蓋一棟｜25-46坪-呂昭助-遠雄房地產 Farglory-Realty,/ah1/b5030,0,2,1,null,null
google / cpc,pmax-1-taichung,【遠雄樂元】北屯機捷X好市多，雙首排大道最核心，夠近才最好,/buildings/bh7/,0,2,2,null,null
google / cpc,gdn-1,遠雄蘴靚｜高雄楠梓新門戶｜捷運R21站旁｜3795坪豪闊基地,/buildings/eh6/,0,2,2,null,null
reurl.cc / referral,(referral),(1) 封未讀訊息 | 遠雄幸福成｜即將落成 - 台中市清水區預售/新建案-預約賞屋，遠雄房地產,/buildings/h713/,0,2,0,null,null
(not set),20260213一輪播,建案熱區巡禮：台南永康區鹽行國中重劃區 - 交通篇 - 遠雄房地產,/life-proposal/area_tnn_yongkang_yanxing_traffic_20240324/,0,2,0,null,null
(not set),20251230一輪播,從房地產運作機制，一窺台灣房市發展 4 問題｜財經M平方觀點 - 遠雄房地產,/life-proposal/expert_macromicro_20230522/,0,2,2,null,null
(direct) / (none),(direct),實價登錄 彙整 - 遠雄房地產,/life-proposal-tag/2、市場/3價格相關/實價登錄/,2,2,2,1,0
promo.farglory.com.tw / referral,(referral),遠雄房地產：最懂生活的購屋專家,/,1,1,1,1,20
google / cpc,area,戴維民業務個人介紹 - 遠雄沐蘊,/sales/eh5/G0596/,0,1,0,null,null
line-lap / ar1,20260210-7-2,(not set),(not set),1,1,0,0,0
fgr-line / eh6,20260220,(not set),(not set),1,1,0,0,0
google / cpc,RSH1-品牌字,(not set),(not set),1,1,0,0,0
google / cpc,corearea0829,(not set),(not set),1,1,0,0,0
google_kw / rsh1,dingpu,(not set),(not set),1,1,0,0,0
fb / eh5,fb31-1,(not set),(not set),1,1,0,0,0
fb / rsh1,fbfanpage0116,(not set),(not set),1,1,0,0,0
google_kw / ah1,googlemap,(not set),(not set),1,1,0,0,0
line / rsh1,line-lap1-5_600x400,(not set),(not set),1,1,0,0,0
line-lap / fh2,line-lap12-2,(not set),(not set),1,1,0,0,0
google / cpc,pmax,(not set),(not set),1,1,0,0,0
bing / organic,(organic),(1) 封未讀訊息 | 遠雄房地產：最懂生活的購屋專家,/,1,1,0,0,29
google / cpc,(organic),(1) 封未讀訊息 | 遠雄房地產：最懂生活的購屋專家,/,1,1,0,0,24
(not set),20260213一輪播,(1) 封未讀訊息 | 遠雄房地產：最懂生活的購屋專家,/,1,1,0,0,0
google / cpc,O1_品牌字_2025.0801,(1) 封未讀訊息 | 遠雄房地產：最懂生活的購屋專家,/,1,1,0,0,81
fb / bh10,fbearlybird_form,(1) 封未讀訊息 | 遠雄房地產：最懂生活的購屋專家,/,1,1,0,0,85
(not set),高雄楠梓,2026 商用不動產佈局先機：穩健中求進步，掌握先機｜劉學龍觀點 - 遠雄房地產,/,1,1,1,1,5
mkto-sn070013.com / referral,(referral),2026三月主題報 - 遠雄房地產,/,1,1,2,2,0
(not set),20260213一輪播,2026三月主題報 - 遠雄房地產,/,1,1,5,5,183
(not set),北投士林,2026三月主題報 - 遠雄房地產,/,1,1,4,4,48
(not set),台南全區,2026三月主題報 - 遠雄房地產,/,1,1,2,2,98
mkto-sn070013.com / referral,(referral),2026二月主題報 - 遠雄房地產,/,1,1,1,1,0
(not set),台中,2026二月主題報 - 遠雄房地產,/,1,1,1,1,10
farglory-land.com.tw / referral,(referral),Farglory Real Estate: The best buying expert in life,/,1,1,0,0,12
farglory.com.tw / referral,(referral),Farglory Real Estate: The best buying expert in life,/,1,1,0,0,48
googlemap / o1,googlemap,Farglory Real Estate: The best buying expert in life,/,1,1,0,0,161
farglory.com.tw / referral,(referral),Farglory Realty: The Home Buying Experts Who Understand Life Best,/,1,1,0,0,17
socialmedia / fgr,fb,Farglory Realty: The Home Buying Experts Who Understand Life Best,/,1,1,1,1,111
fb / eh6,fb1-1,Farglory Realty: The Home Buying Experts Who Understand Life Best,/,1,1,0,0,21
google / cpc,(organic),Registration of the actual price of the far house,/,1,1,1,1,0
socialmedia / fh2,fbfh2info,✨ 馬騰金春迎蒔美 ✨ - 遠雄房地產,/,1,1,1,1,4
(direct) / (none),(direct),✨2026丰尚植春秀✨ - 遠雄房地產,/,1,1,1,1,0
fgr-line / bh10,20260206,✨2026丰尚植春秀✨ - 遠雄房地產,/,1,1,1,1,11
google / organic,(organic),"【파글로리 노스 레지던스】｜타이난 최초의 전 연령층 거주 인증 주거 건물로, 재개발된 도심 지역에 위치하여 희소성 높은 2~4침실 유닛을 제공합니다.",/,1,1,0,0,81
(not set),台南全區,北市租金倒掛見怪不怪，為何商辦投報仍優於住宅｜何世昌觀點 - 遠雄房地產,/,1,1,8,8,338
(not set),台南中西,台南預售屋全攻略：最新行情、熱門區域房價與建案挑選祕訣 - 遠雄房地產,/,1,1,8,8,124
(not set),20251107一輪播,您正在找 - 遠雄房地產,/,1,1,3,3,12
(not set),20251230一輪播,您正在找 - 遠雄房地產,/,1,1,4,4,9
google / cpc,CQH1-買房字,您正在找 - 遠雄房地產,/,1,1,1,1,7
GOOGLEKW / cpc,GOOGLEMYBUSINESS,您正在找 - 遠雄房地產,/,1,1,5,5,6
google / cpc,Pmax,您正在找 - 遠雄房地產,/,1,1,3,3,22
google / cpc,brand,您正在找 - 遠雄房地產,/,1,1,1,1,3
google / cpc,corearea0829,您正在找 - 遠雄房地產,/,1,1,2,2,13
fb / dh2,leads,您正在找 - 遠雄房地產,/,1,1,2,2,14
google_kw / him1,taipeioffice,您正在找 - 遠雄房地產,/,1,1,1,1,2
(not set),台中,您正在找 - 遠雄房地產,/,1,1,1,1,82
(not set),台南全區,您正在找 - 遠雄房地產,/,1,1,25,25,124
(not set),桃園桃園,您正在找 - 遠雄房地產,/,1,1,2,2,17
(not set),高雄全區,您正在找 - 遠雄房地產,/,1,1,4,4,243
(not set),高雄前鎮,您正在找 - 遠雄房地產,/,1,1,1,1,3
google / organic,(organic),您正在找 H803 - 遠雄房地產,/,1,1,1,1,3
google / organic,(organic),您正在找 中和翻轉！北台灣電子製造業最大產業聚落  - 遠雄房地產,/,1,1,1,1,1
(not set),高雄前鎮,您正在找 以科技驅動的繁榮未來 ​ - 遠雄房地產,/,1,1,1,1,6
google / organic,(organic),您正在找 北投士林科技園區生活圈 - 遠雄房地產,/,1,1,1,1,4
google / organic,(organic),您正在找 小智 - 遠雄房地產,/,1,1,1,1,3
(not set),高雄前鎮,您正在找 建案熱區巡禮：新竹市東區 以科技驅動的繁榮未來 ​ - 遠雄房地產,/,1,1,1,1,1
(not set),高雄前鎮,您正在找 新竹市東區 以科技驅動的繁榮未來 ​ - 遠雄房地產,/,1,1,1,1,3
google / organic,(organic),您正在找 男子 - 遠雄房地產,/,1,1,1,1,7
google / organic,(organic),您正在找 遠雄之翼 - 遠雄房地產,/,1,1,3,3,4
google / organic,(organic),您正在找 高雄三民區高雄車站特區生活圈 - 遠雄房地產,/,1,1,2,2,11
(not set),台南全區,您正在找 高雄農十六指標豪宅生活區 ​ - 遠雄房地產,/,1,1,1,1,1
statics.teams.cdn.office.net / referral,(referral),找不到頁面 - 遠雄房地產,/,1,1,1,1,1
(not set),20251230一輪播,熱銷建案-遠雄夏沐 - 遠雄房地產,/,1,1,1,1,8
(not set),台南全區,生活提案_文章內頁公版 - 遠雄房地產,/,1,1,1,1,0
fb / fbpage,(direct),遠房實價登錄,/,1,1,0,0,0
google / cpc,(direct),遠房實價登錄,/,1,1,0,0,0
fg / lifestyle,(not set),遠房實價登錄,/,1,1,1,1,0
google_kw / bh9,(not set),遠房實價登錄,/,1,1,1,1,0
google_kw / fm3,(not set),遠房實價登錄,/,1,1,17,17,0
line-lap / (not set),(not set),遠房實價登錄,/,1,1,1,1,0
web / envelope,(not set),遠房實價登錄,/,1,1,1,1,0
yahoo_native / bh5,(not set),遠房實價登錄,/,1,1,1,1,0
ecosia.org / organic,(organic),遠房實價登錄,/,1,1,1,1,0
google_kw / ch1,(organic),遠房實價登錄,/,1,1,1,1,0
104.com.tw / referral,(referral),遠房實價登錄,/,1,1,1,1,47
console-v2.omnichat.ai / referral,(referral),遠房實價登錄,/,1,1,1,1,0
console.omnichat.ai / referral,(referral),遠房實價登錄,/,1,1,1,1,0
ehr.farglory.com.tw / referral,(referral),遠房實價登錄,/,1,1,1,1,0
fb / h713,(referral),遠房實價登錄,/,1,1,1,1,0
gemini.google.com / referral,(referral),遠房實價登錄,/,1,1,2,2,0
google_kw / dh2,(referral),遠房實價登錄,/,1,1,1,1,0
ifgmall.fg-retail.com.tw / referral,(referral),遠房實價登錄,/,1,1,3,3,0
instagram.com / referral,(referral),遠房實價登錄,/,1,1,1,1,0
perplexity.ai / referral,(referral),遠房實價登錄,/,1,1,1,1,0
teams.microsoft.com / referral,(referral),遠房實價登錄,/,1,1,1,1,0
tong-yuan.com.tw / referral,(referral),遠房實價登錄,/,1,1,1,1,0
fb / hm2,0209,遠房實價登錄,/,1,1,1,1,0
fb / hm2,0210,遠房實價登錄,/,1,1,2,2,0
lbs-sms / h713,0824sms,遠房實價登錄,/,1,1,1,1,0
fb / bh5,1,遠房實價登錄,/,1,1,1,1,0
line-lap / h707,1,遠房實價登錄,/,1,1,1,1,0
line-lap / dh2,10,遠房實價登錄,/,1,1,1,1,0
fb / bh5,10-1,遠房實價登錄,/,1,1,1,1,0
fb / h713,100,遠房實價登錄,/,1,1,1,1,0
fb / bh9,11,遠房實價登錄,/,1,1,1,1,0
fb / bh11,11-3,遠房實價登錄,/,1,1,1,1,0
dm-mailbox / h713,11108-Owner-dm,遠房實價登錄,/,1,1,1,1,0
webnews / dh2,11403,遠房實價登錄,/,1,1,1,1,0
webnews / h713,11409,遠房實價登錄,/,1,1,1,1,0
fb / bh5,12,遠房實價登錄,/,1,1,1,1,0
fb / bh9,12,遠房實價登錄,/,1,1,1,1,0
line-lap / dh2,12,遠房實價登錄,/,1,1,1,1,0
ig / paid,120210867110050402,遠房實價登錄,/,1,1,1,1,0
fb / O1,120227538157820464,遠房實價登錄,/,1,1,1,1,0
fb / paid,120238384775810537,遠房實價登錄,/,1,1,1,1,0
fb / paid,120238552444900537,遠房實價登錄,/,1,1,1,1,0
fb / paid,120243215782540316,遠房實價登錄,/,1,1,1,1,0
fb / bh7,13,遠房實價登錄,/,1,1,1,1,0
fb / bh5,13-1,遠房實價登錄,/,1,1,1,1,0
fb / bh7,14,遠房實價登錄,/,1,1,1,1,0
fb / bh5,15,遠房實價登錄,/,1,1,1,1,0
fb / bh5,17,遠房實價登錄,/,1,1,1,1,0
fb / bh9,17,遠房實價登錄,/,1,1,1,1,0
fb / bh5,18,遠房實價登錄,/,1,1,1,1,0
fb / bh7,2,遠房實價登錄,/,1,1,1,1,0
line-lap / dh2,2,遠房實價登錄,/,1,1,1,1,0
Line-lap / BH1,20210913,遠房實價登錄,/,1,1,1,1,0
line-lap / bh2,20221201,遠房實價登錄,/,1,1,1,1,0
line-lap / H713,2022509,遠房實價登錄,/,1,1,3,3,0
google / cpc,20230101,遠房實價登錄,/,1,1,1,1,0
web-ettoday / h902,20230615,遠房實價登錄,/,1,1,2,2,0
web-ltn / h902,20240603,遠房實價登錄,/,1,1,3,3,0
fb / O1,20240920,遠房實價登錄,/,1,1,2,2,0
web-udn / eh1,20241108_brand,遠房實價登錄,/,1,1,1,1,0
web / ah2,202501-vogue,遠房實價登錄,/,1,1,1,1,0
google / cpc,20250317,遠房實價登錄,/,1,1,1,1,0
web-businessweekly / o1,20250326,遠房實價登錄,/,1,1,2,2,0
webnews / dh2,202504,遠房實價登錄,/,1,1,3,3,0
webnews / o1,20250407,遠房實價登錄,/,1,1,1,1,0
web-ettoday / ah2,20250418,遠房實價登錄,/,1,1,1,1,0
google_kw / AR1,20250616_北投士林豪宅/別墅,遠房實價登錄,/,1,1,1,1,0
web-ettoday / ah2,20250701,遠房實價登錄,/,1,1,1,1,0
webnews / ar1,20250918,遠房實價登錄,/,1,1,1,1,0
gdn / ar1,20251017-2-1,遠房實價登錄,/,1,1,1,1,0
google / cpc,20251017-2-1,遠房實價登錄,/,1,1,1,1,0
(not set),20251023一輪播,遠房實價登錄,/,1,1,1,1,0
yahoo_native / 5vo1,202510_4,遠房實價登錄,/,1,1,1,1,0
webnews / ar1,20251126,遠房實價登錄,/,1,1,1,1,0
google_kw / 5vo1,202511_ex1,遠房實價登錄,/,1,1,1,1,0
google_kw / 5vo1,202511_ex3,遠房實價登錄,/,1,1,1,1,0
google_gdn / 5vo1,20251201,遠房實價登錄,/,1,1,1,1,0
line / bh11,20260113-12-3,遠房實價登錄,/,1,1,1,1,0
fgr-line / fgr,20260115,遠房實價登錄,/,1,1,1,1,0
fgr-line / dgm1,20260202,遠房實價登錄,/,1,1,1,1,0
line-lap / eh2,20260204A,遠房實價登錄,/,1,1,0,0,0
fgr-line / hm2,20260206,遠房實價登錄,/,1,1,2,2,0
fgr-line / bh7,20260210,遠房實價登錄,/,1,1,1,1,0
fgr-line / cqh1,20260210,遠房實價登錄,/,1,1,1,1,0
fgr-line / dh2,20260210,遠房實價登錄,/,1,1,1,1,0
fgr-line / fh2,20260210,遠房實價登錄,/,1,1,1,1,0
line / rsh1,20260213一輪播,遠房實價登錄,/,1,1,2,2,0
line-lap / bh10,20260213一輪播,遠房實價登錄,/,1,1,1,1,0
fgr-line / fgr,20260220,遠房實價登錄,/,1,1,2,2,0
dm / ah1,202602dm,遠房實價登錄,/,1,1,2,2,0
web / eh5,2026new_year,遠房實價登錄,/,1,1,4,4,0
fb / bh9,21,遠房實價登錄,/,1,1,2,2,0
fb / bh9,21-1,遠房實價登錄,/,1,1,1,1,0
fb / bh5,22,遠房實價登錄,/,1,1,1,1,0
fb / bh9,22,遠房實價登錄,/,1,1,1,1,0
fb / bh5,23,遠房實價登錄,/,1,1,1,1,0
google_kw / h902,230112,遠房實價登錄,/,1,1,1,1,0
fb / bh5,25,遠房實價登錄,/,1,1,1,1,0
fb / bh5,26,遠房實價登錄,/,1,1,1,1,0
fb / bh9,26,遠房實價登錄,/,1,1,1,1,0
fb / bh9,27,遠房實價登錄,/,1,1,1,1,0
fb / bh5,28,遠房實價登錄,/,1,1,1,1,0
fb / bh9,29,遠房實價登錄,/,1,1,1,1,0
fb / bh5,3,遠房實價登錄,/,1,1,1,1,0
line-lap / dh2,3,遠房實價登錄,/,1,1,1,1,0
fb / bh5,30,遠房實價登錄,/,1,1,1,1,0
fb / bh9,32,遠房實價登錄,/,1,1,1,1,0
fb / bh9,33,遠房實價登錄,/,1,1,1,1,0
fb / bh5,34,遠房實價登錄,/,1,1,1,1,0
fb / bh5,4,遠房實價登錄,/,1,1,1,1,0
fb / bh5,4-1,遠房實價登錄,/,1,1,1,1,0
fb / bh5,4-3,遠房實價登錄,/,1,1,1,1,0
fb / bh5,40,遠房實價登錄,/,1,1,1,1,0
fb / h707,40,遠房實價登錄,/,1,1,1,1,0
fb / bh5,42,遠房實價登錄,/,1,1,1,1,0
fb / eh1,5-2,遠房實價登錄,/,1,1,1,1,0
fb / bh5,6,遠房實價登錄,/,1,1,1,1,0
fb / bh9,6,遠房實價登錄,/,1,1,1,1,0
gdn / dh2,6,遠房實價登錄,/,1,1,1,1,0
fb / bh5,7,遠房實價登錄,/,1,1,1,1,0
line-lap / dh2,7,遠房實價登錄,/,1,1,1,1,0
fb / bh7,8,遠房實價登錄,/,1,1,1,1,0
line-lap / dh2,8,遠房實價登錄,/,1,1,2,2,0
fb / bh9,9,遠房實價登錄,/,1,1,1,1,0
taboola / fm3,ConB,遠房實價登錄,/,1,1,1,1,0
google / cpc,DGM1-品牌字,遠房實價登錄,/,1,1,1,1,0
web-edm / bh11,DM_202509,遠房實價登錄,/,1,1,1,1,0
google / cpc,H902,遠房實價登錄,/,1,1,1,1,0
google_kw / eh1,Sanmin,遠房實價登錄,/,1,1,1,1,0
fb / eh1,TA_10-1,遠房實價登錄,/,1,1,1,1,0
fb / bh5,Y50 skm,遠房實價登錄,/,1,1,1,1,0
line / bh9,area,遠房實價登錄,/,1,1,2,2,0
fgr-line / fgr,area_txg_beitun_14th_function_20250829,遠房實價登錄,/,1,1,1,1,0
pmp / bh9,avivid202407,遠房實價登錄,/,1,1,1,1,0
pmp / cqh1,avivid202504,遠房實價登錄,/,1,1,1,1,0
google_kw / bh7,beitun,遠房實價登錄,/,1,1,1,1,0
google_kw / bh7,brand,遠房實價登錄,/,1,1,1,1,0
web-sms / cdp,cdpcid,遠房實價登錄,/,1,1,1,1,0
omnichat / chatbot_webchat,chatbot_webchat_Raccoon+AI,遠房實價登錄,/,1,1,2,2,0
google_kw / bh7,competitor,遠房實價登錄,/,1,1,1,1,0
google_kw / eh1,competitor,遠房實價登錄,/,1,1,1,1,0
google_kw / fh2,competitor,遠房實價登錄,/,1,1,1,1,0
socialmedia / bh8,dcard_202508,遠房實價登錄,/,1,1,1,1,0
google_kw / rsh1,dingpu,遠房實價登錄,/,1,1,1,1,0
fb / eh1,eh1ig,遠房實價登錄,/,1,1,1,1,0
fb / cqh1,fb-15,遠房實價登錄,/,1,1,1,1,0
fb / cqh1,fb-18,遠房實價登錄,/,1,1,1,1,0
fb / cqh1,fb-22,遠房實價登錄,/,1,1,1,1,0
fb / cqh1,fb-28-1,遠房實價登錄,/,1,1,1,1,0
fb / ah2,fb-29,遠房實價登錄,/,1,1,1,1,0
fb / cqh1,fb-29,遠房實價登錄,/,1,1,1,1,0
fb / dh2,fb-36,遠房實價登錄,/,1,1,1,1,0
fb / cqh1,fb-4,遠房實價登錄,/,1,1,1,1,0
fb / dh2,fb-43,遠房實價登錄,/,1,1,2,2,0
fb / cqh1,fb-6,遠房實價登錄,/,1,1,1,1,0
fb / bh8,fb10-2,遠房實價登錄,/,1,1,1,1,0
fb / bh8,fb11-1,遠房實價登錄,/,1,1,1,1,0
fb / bh8,fb11-3,遠房實價登錄,/,1,1,1,1,0
fb / bh8,fb13-1,遠房實價登錄,/,1,1,1,1,0
fb / eh6,fb2-1,遠房實價登錄,/,1,1,2,2,0
fb / eh6,fb2-3,遠房實價登錄,/,1,1,1,1,0
fb / bh10,fb202512-2,遠房實價登錄,/,1,1,1,1,0
fb / dgm1,fb20262-3,遠房實價登錄,/,1,1,1,1,0
fb / o1,fb25-1,遠房實價登錄,/,1,1,1,1,0
fb / bh8,fb26-1,遠房實價登錄,/,1,1,1,1,0
fb / bh8,fb26-3,遠房實價登錄,/,1,1,2,2,0
fb / o1,fb27-1,遠房實價登錄,/,1,1,1,1,0
fb / o1,fb29-3,遠房實價登錄,/,1,1,1,1,0
fb / ar1,fb3-3,遠房實價登錄,/,1,1,1,1,0
fb / eh5,fb32-6,遠房實價登錄,/,1,1,1,1,0
fb / fm3,fb5-4,遠房實價登錄,/,1,1,1,1,0
fb / ar1,fb6-1,遠房實價登錄,/,1,1,1,1,0
fb / fm3,fb7-1,遠房實價登錄,/,1,1,1,1,0
fb / bh10,fbfanpage0102,遠房實價登錄,/,1,1,1,1,0
fb / rsh1,fbfanpage0123,遠房實價登錄,/,1,1,1,1,0
fb / rsh1,fbfanpage0212,遠房實價登錄,/,1,1,1,1,0
fb / bh10,fbfanpage0213,遠房實價登錄,/,1,1,2,2,0
fb / fh2,fbfanpage0213,遠房實價登錄,/,1,1,1,1,0
fb / bh10,fbfanpage1212,遠房實價登錄,/,1,1,1,1,0
fb / fh2,fbfanpage1226,遠房實價登錄,/,1,1,1,1,0
fg / o1,fg,遠房實價登錄,/,1,1,1,1,0
fb / eh5,form,遠房實價登錄,/,1,1,1,1,0
fb / eh6,form,遠房實價登錄,/,1,1,1,1,0
google_gdn / 5vo1,gdn-01,遠房實價登錄,/,1,1,1,1,0
gdn / bh10,gdn202502-2,遠房實價登錄,/,1,1,1,1,0
gdn / bh10,gdn20252-5,遠房實價登錄,/,1,1,1,1,0
gdn / bh10,gdn20253-1,遠房實價登錄,/,1,1,2,2,0
google / cpc,gdn20253-1,遠房實價登錄,/,1,1,1,1,0
google_kw / bh9,googlemap,遠房實價登錄,/,1,1,1,1,0
googlemap / H109,googlemap,遠房實價登錄,/,1,1,1,1,0
fb_kol / fb_kol,h102,遠房實價登錄,/,1,1,1,1,0
google_kw / cqh1,information7,遠房實價登錄,/,1,1,1,1,0
google_kw / rsh1,information7,遠房實價登錄,/,1,1,1,1,0
google_kw / h88,investment,遠房實價登錄,/,1,1,1,1,0
google / cpc,kaohsiung,遠房實價登錄,/,1,1,1,1,0
line-lap / bh7,lap-1,遠房實價登錄,/,1,1,1,1,0
leju / bh10,leju,遠房實價登錄,/,1,1,1,1,0
leju / bh11,leju_buildingpage,遠房實價登錄,/,1,1,4,4,0
leju / bh9,lejupage,遠房實價登錄,/,1,1,1,1,0
leju / dh2,lejupage,遠房實價登錄,/,1,1,2,2,40
line / bh8,line,遠房實價登錄,/,1,1,1,1,0
line-lap / bh10,line-lap202502-2,遠房實價登錄,/,1,1,1,1,0
line-lap / bh10,line-lap20256-8,遠房實價登錄,/,1,1,1,1,0
line-lap / bh10,line-lap7-2,遠房實價登錄,/,1,1,1,1,0
line / bh10,line0123,遠房實價登錄,/,1,1,2,2,0
line / rsh1,line@,遠房實價登錄,/,1,1,1,1,0
fgr-line / bh11,listbutton,遠房實價登錄,/,1,1,1,1,0
fgr-line / eh2,listbutton,遠房實價登錄,/,1,1,1,1,0
google_kw / o1,luxury-apartment,遠房實價登錄,/,1,1,1,1,0
webnews / eh1,moneyudn_20251128,遠房實價登錄,/,1,1,2,2,26
gdn / mdrive,o1,遠房實價登錄,/,1,1,1,1,0
fgr-line / fgr,playlist=e93ee4e&video=3f91b6e,遠房實價登錄,/,1,1,2,2,0
print / bh10,print-DM,遠房實價登錄,/,1,1,1,1,0
fb / ar1,privacy,遠房實價登錄,/,1,1,1,1,0
fb / dh2,privacy,遠房實價登錄,/,1,1,1,1,0
fb / hch1,privacy,遠房實價登錄,/,1,1,1,1,0
fgr-line / fgr,ratio_of_public_area,遠房實價登錄,/,1,1,2,2,0
gdn / o1,realhouse,遠房實價登錄,/,1,1,1,1,0
google / cpc,sitelink,遠房實價登錄,/,1,1,1,1,0
lbs-sms / ah2,sms1141008,遠房實價登錄,/,1,1,1,1,0
web-udn / ao1,udnnews20240430,遠房實價登錄,/,1,1,1,1,0
youtube / fgr,yt,遠房實價登錄,/,1,1,3,3,60
(not set),台中北屯,遠房實價登錄,/,1,1,4,4,0
(not set),台中梧棲,遠房實價登錄,/,1,1,1,1,0
(not set),台中西屯,遠房實價登錄,/,1,1,1,1,0
(not set),桃園龜山,遠房實價登錄,/,1,1,1,1,0
(not set),高雄新灣,遠房實價登錄,/,1,1,1,1,0
(not set),高雄楠梓,遠房實價登錄,/,1,1,1,1,0
fb / O1,20240920,遠雄THE ONE | 獨一無二極致生活 僅獻給每一位層峰,/,1,1,2,2,6
fgr-line / bh10,20260206,遠雄丰尚✨2026丰尚植春秀✨ - 遠雄房地產,/,1,1,5,5,37
google_kw / ao1,office,遠雄商舟,/,1,1,1,1,0
google_kw / ch1,(not set),遠雄房地產：最懂生活的購屋專家,/,1,1,1,1,4
web-ltn / o1,(not set),遠雄房地產：最懂生活的購屋專家,/,1,1,1,1,0
yahoo / organic,(organic),遠雄房地產：最懂生活的購屋專家,/,1,1,1,1,14
ascdc.nkust.edu.tw / referral,(referral),遠雄房地產：最懂生活的購屋專家,/,1,1,1,1,0
console.omnichat.ai / referral,(referral),遠雄房地產：最懂生活的購屋專家,/,1,1,1,1,0
ehr.farglory.com.tw / referral,(referral),遠雄房地產：最懂生活的購屋專家,/,1,1,1,1,5
ifgmall.fg-retail.com.tw / referral,(referral),遠雄房地產：最懂生活的購屋專家,/,1,1,1,1,41
l.facebook.com / referral,(referral),遠雄房地產：最懂生活的購屋專家,/,1,1,1,1,0
mkto-sn070013.com / referral,(referral),遠雄房地產：最懂生活的購屋專家,/,1,1,1,1,20
(not set),台中,遠雄房地產：最懂生活的購屋專家,,1,1,1,1,15
tong-yuan.com.tw / referral,(referral),遠雄房地產：最懂生活的購屋專家,/,1,1,1,1,2
twct.tw / referral,(referral),遠雄房地產：最懂生活的購屋專家,/,1,1,1,1,0
fb / bh11,1,遠雄房地產：最懂生活的購屋專家,/,1,1,1,1,0
fb / bh7,11,遠雄房地產：最懂生活的購屋專家,/,1,1,1,1,14
fb / eh1,11-1,遠雄房地產：最懂生活的購屋專家,/,1,1,2,2,25
ig / paid,120222246228310066,遠雄房地產：最懂生活的購屋專家,/,1,1,1,1,11
fb / paid,120238384775810537,遠雄房地產：最懂生活的購屋專家,/,1,1,1,1,35
fb / paid,120238552444900537,遠雄房地產：最懂生活的購屋專家,/,1,1,1,1,29
ig / paid,120238830796500617,遠雄房地產：最懂生活的購屋專家,/,1,1,1,1,10
fb / o1,20220506,遠雄房地產：最懂生活的購屋專家,/,1,1,1,1,7
line-lap / o1,20240123-1,遠雄房地產：最懂生活的購屋專家,/,1,1,3,3,0
youtube / o1,20240219-15sviedo,遠雄房地產：最懂生活的購屋專家,/,1,1,1,1,0
line-lap / ao1,20240809_8-1,遠雄房地產：最懂生活的購屋專家,/,1,1,1,1,0
google_kw / BH8,20240816_透天/豪宅/別墅,遠雄房地產：最懂生活的購屋專家,/,1,1,1,1,10
line / o1,20240920,遠雄房地產：最懂生活的購屋專家,/,1,1,1,1,0
web-udn / O1,20240926,遠雄房地產：最懂生活的購屋專家,/,1,1,1,1,2
line-lap / ao1,20241107_10-4,遠雄房地產：最懂生活的購屋專家,/,1,1,1,1,0
fb / O1,20250124_13-1,遠雄房地產：最懂生活的購屋專家,/,1,1,1,1,0
fb / O1,20250221_13-3,遠雄房地產：最懂生活的購屋專家,/,1,1,1,1,0
fb / O1,20250221_13-4,遠雄房地產：最懂生活的購屋專家,/,1,1,1,1,0
line-lap / ao1,20250326_3-2,遠雄房地產：最懂生活的購屋專家,/,1,1,2,2,0
line-lap / ao1,20250415_4-2,遠雄房地產：最懂生活的購屋專家,/,1,1,1,1,0
fb / o1,20250422_20-2,遠雄房地產：最懂生活的購屋專家,/,1,1,1,1,3
line-lap / ao1,20250522_5-2,遠雄房地產：最懂生活的購屋專家,/,1,1,1,1,2
google_kw / hm2,202511,遠雄房地產：最懂生活的購屋專家,/,1,1,4,4,605
avivid / bh11,20251212,遠雄房地產：最懂生活的購屋專家,/,1,1,1,1,8
google / cpc,20260113-12-3,遠雄房地產：最懂生活的購屋專家,/,1,1,7,7,109
webnews / h707,20260116,遠雄房地產：最懂生活的購屋專家,/,1,1,1,1,43
pop-outdoor / eh6,20260201,遠雄房地產：最懂生活的購屋專家,/,1,1,2,2,48
line-lap / eh2,20260204B,遠雄房地產：最懂生活的購屋專家,/,1,1,1,1,50
google / cpc,20260206-2-4,遠雄房地產：最懂生活的購屋專家,/,1,1,2,2,3
fgr-line / bh8,20260207,遠雄房地產：最懂生活的購屋專家,/,1,1,1,1,9
fgr-line / eh6,20260210,遠雄房地產：最懂生活的購屋專家,/,1,1,4,4,19
fgr-line / h707,20260210,遠雄房地產：最懂生活的購屋專家,/,1,1,1,1,27
line-lap / ar1,20260210-7-2,遠雄房地產：最懂生活的購屋專家,/,1,1,1,1,0
fgr-line / eh6,20260212,遠雄房地產：最懂生活的購屋專家,/,1,1,2,2,3
fgr-line / fgr,20260220,遠雄房地產：最懂生活的購屋專家,/,1,1,1,1,4
web-ettoday / ao1,2ndfloor,遠雄房地產：最懂生活的購屋專家,/,1,1,1,1,0
line-lap / ao1,3-1,遠雄房地產：最懂生活的購屋專家,/,1,1,1,1,0
google / cpc,BH10-台中區域字,遠雄房地產：最懂生活的購屋專家,/,1,1,1,1,6
google / cpc,CQH1-競品字,遠雄房地產：最懂生活的購屋專家,/,1,1,3,3,16
google / cpc,DGM1-品牌字,遠雄房地產：最懂生活的購屋專家,/,1,1,1,1,3
google / cpc,DGM1-競品字,遠雄房地產：最懂生活的購屋專家,/,1,1,1,1,10
GDC / (not set),GDCbuilding/category/16/,遠雄房地產：最懂生活的購屋專家,/,1,1,1,1,0
dsp / mdrive,O1,遠雄房地產：最懂生活的購屋專家,/,1,1,1,1,0
google / cpc,O1_特色字_2025.0801,遠雄房地產：最懂生活的購屋專家,/,1,1,1,1,9
google / cpc,RSH1-地區字,遠雄房地產：最懂生活的購屋專家,/,1,1,1,1,14
google / cpc,RSH1-地區字新北,遠雄房地產：最懂生活的購屋專家,/,1,1,1,1,24
google / cpc,RSH1-競品字,遠雄房地產：最懂生活的購屋專家,/,1,1,1,1,18
google / cpc,RSH1-買房字,遠雄房地產：最懂生活的購屋專家,/,1,1,2,2,20
pmp / ah1,avivid-1,遠雄房地產：最懂生活的購屋專家,/,1,1,3,3,21
pmp / ah1,avivid-3,遠雄房地產：最懂生活的購屋專家,/,1,1,3,3,58
google_kw / o1,brand,遠雄房地產：最懂生活的購屋專家,/,1,1,1,1,0
google_kw / rsh1,brand,遠雄房地產：最懂生活的購屋專家,/,1,1,1,1,0
google_kw / o1,competer,遠雄房地產：最懂生活的購屋專家,/,1,1,1,1,0
google / cpc,competitor,遠雄房地產：最懂生活的購屋專家,/,1,1,1,1,27
google / cpc,corearea0829,遠雄房地產：最懂生活的購屋專家,/,1,1,3,3,27
fgr-line / fgr,expert_zhu_mortgage-lien-priority,遠雄房地產：最懂生活的購屋專家,/,1,1,1,1,213
fb / h109,fanpage0811,遠雄房地產：最懂生活的購屋專家,/,1,1,2,2,0
fb / bh11,fanpagebutton,遠雄房地產：最懂生活的購屋專家,/,1,1,3,3,12
fb / ah1,fb-1,遠雄房地產：最懂生活的購屋專家,/,1,1,1,1,2
fb / cqh1,fb-26,遠雄房地產：最懂生活的購屋專家,/,1,1,1,1,5
fb / fh2,fb1-1,遠雄房地產：最懂生活的購屋專家,/,1,1,1,1,10
fb / O1,fb11-2,遠雄房地產：最懂生活的購屋專家,/,1,1,1,1,0
fb / eh2,fb13-4,遠雄房地產：最懂生活的購屋專家,/,1,1,1,1,1
fb / eh6,fb2-1,遠雄房地產：最懂生活的購屋專家,/,1,1,1,1,0
fb / eh6,fb2-3,遠雄房地產：最懂生活的購屋專家,/,1,1,2,2,8
fb / rsh1,fb2-4,遠雄房地產：最懂生活的購屋專家,/,1,1,1,1,14
fb / bh8,fb26-1,遠雄房地產：最懂生活的購屋專家,/,1,1,1,1,3
fb / ar1,fb8-7,遠雄房地產：最懂生活的購屋專家,/,1,1,1,1,3
fb / bh10,fbearlybird_form,遠雄房地產：最懂生活的購屋專家,/,1,1,1,1,0
fb / rsh1,fbfanpage0131,遠雄房地產：最懂生活的購屋專家,/,1,1,1,1,1
fb / eh1,fbfanpage0211,遠雄房地產：最懂生活的購屋專家,/,1,1,1,1,71
fg / o1,fg,遠雄房地產：最懂生活的購屋專家,/,1,1,1,1,5
google / cpc,gdn11-2,遠雄房地產：最懂生活的購屋專家,/,1,1,1,1,7
google / cpc,gdn11-3,遠雄房地產：最懂生活的購屋專家,/,1,1,1,1,46
google / cpc,gdn11-4,遠雄房地產：最懂生活的購屋專家,/,1,1,1,1,11
google_kw / bh7,googlemap,遠雄房地產：最懂生活的購屋專家,/,1,1,1,1,1
fg-hotel / oceanpark,homepage-0311,遠雄房地產：最懂生活的購屋專家,/,1,1,1,1,0
fb / bh8,leads,遠雄房地產：最懂生活的購屋專家,/,1,1,1,1,10
line / rsh1,line-lap1-5_600x400,遠雄房地產：最懂生活的購屋專家,/,1,1,1,1,39
line-lap / fh2,line-lap12-3,遠雄房地產：最懂生活的購屋專家,/,1,1,1,1,18
line-lap / h109,line-lap8-2,遠雄房地產：最懂生活的購屋專家,/,1,1,1,1,0
fgr-line / eh2,listbutton,遠雄房地產：最懂生活的購屋專家,/,1,1,1,1,0
line / ah1,message,遠雄房地產：最懂生活的購屋專家,/,1,1,1,1,2
webnews / eh1,moneyudn_20251128,遠雄房地產：最懂生活的購屋專家,/,1,1,1,1,0
google / cpc,newtaipei,遠雄房地產：最懂生活的購屋專家,/,1,1,1,1,3
google / cpc,othercities_brand,遠雄房地產：最懂生活的購屋專家,/,1,1,1,1,7
google / cpc,pmax,遠雄房地產：最懂生活的購屋專家,/,1,1,1,1,0
gdn / o1,realhouse,遠雄房地產：最懂生活的購屋專家,/,1,1,1,1,42
google / cpc,realhouse,遠雄房地產：最懂生活的購屋專家,/,1,1,1,1,0
google_kw / bh10,taichung,遠雄房地產：最懂生活的購屋專家,/,1,1,3,3,20
google_kw / ao1,taipei,遠雄房地產：最懂生活的購屋專家,/,1,1,1,1,8
web-ltn / o1,web-ltn,遠雄房地產：最懂生活的購屋專家,/,1,1,1,1,0
webnews / o1,webnews-LIFE,遠雄房地產：最懂生活的購屋專家,/,1,1,1,1,0
webnews / o1,webnewsmoney,遠雄房地產：最懂生活的購屋專家,/,1,1,1,1,19
(not set),台中北屯,遠雄房地產：最懂生活的購屋專家,/,1,1,1,1,0
(not set),台中專家,遠雄房地產：最懂生活的購屋專家,/,1,1,0,0,0
(not set),台中,預售屋簽約必看！解析專有與約定專用，避開產權陷阱 | 專家觀點地政篇 - 遠雄房地產,/,1,1,2,2,27
(not set),台中,預售屋簽約必看！解析專有部分與約定專用：掌握四大不動產權利避開產權陷阱 | 專家觀點地政篇 - 遠雄房地產,/,1,1,4,4,37
(not set),台南中西,高雄預售屋入手指南：最新建案推薦、選房與區域優勢總整理 - 遠雄房地產,/,1,1,20,20,294
(not set),台南中西,找不到頁面 - 遠雄房地產,/404/,1,1,1,1,0
(direct) / (none),(direct),齊興緻-林白芷-遠雄房地產 Farglory-Realty,/AR1/b3622,1,1,1,1,0
(direct) / (none),(direct),找不到頁面 - 遠雄房地產,/Article/Detail/640,1,1,1,1,0
(direct) / (none),(direct),找不到頁面 - 遠雄房地產,/Build/Detail/H103,1,1,1,1,0
(direct) / (none),(direct),找不到頁面 - 遠雄房地產,/Build/Detail/H132,1,1,1,1,0
google / dispaly,H135,找不到頁面 - 遠雄房地產,/Build/Detail/H135,1,1,1,1,0
google_kw / mdrive,H135,找不到頁面 - 遠雄房地產,/Build/Detail/H135,1,1,1,1,0
(direct) / (none),(direct),找不到頁面 - 遠雄房地產,/Build/Detail/H151,1,1,1,1,0
(direct) / (none),(direct),找不到頁面 - 遠雄房地產,/Build/Detail/H603,1,1,1,1,0
google / google,(referral),找不到頁面 - 遠雄房地產,/Build/Detail/H608,1,1,1,1,8
(direct) / (none),(direct),找不到頁面 - 遠雄房地產,/Build/Detail/H609,1,1,1,1,0
google_kw / vg_h701,name,找不到頁面 - 遠雄房地產,/Build/Detail/H701,1,1,1,1,0
house.ettoday.net / referral,(referral),找不到頁面 - 遠雄房地產,/Build/Detail/H709,1,1,1,1,0
(direct) / (none),(direct),找不到頁面 - 遠雄房地產,/Build/Detail/H809,1,1,1,1,2
(not set),20260213一輪播,找不到頁面 - 遠雄房地產,/Buildings/,1,1,1,1,3
google / organic,(organic),遠雄沐蘊-于彩玲-遠雄房地產 Farglory-Realty,/EH5/B1985,1,1,4,4,0
m.facebook.com / referral,(referral),找不到頁面 - 遠雄房地產,/Event/Detail/247,1,1,1,1,0
google / organic,(organic),遠雄琢蘊-楊倩如-遠雄房地產 Farglory-Realty,/H902/g0259,1,1,1,1,38
(direct) / (none),(direct),遠雄琢蘊,/H902/main,1,1,1,1,1
gemini.google.com / referral,(referral),遠雄琢蘊,/H902/main,1,1,1,1,5
google / cpc,area,遠雄琢蘊,/H902/main,1,1,1,1,8
yahoo / organic,(organic),遠雄仰森,/HH3/main,1,1,1,1,3
facebook.com / referral,(referral),遠雄仰森,/HH3/main,1,1,1,1,0
m.facebook.com / referral,(referral),遠雄仰森,/HH3/main,1,1,1,1,0
google / cpc,202511,遠雄仰森,/HH3/main,1,1,1,1,80
(direct) / (none),(direct),找不到頁面 - 遠雄房地產,/Latest_news/events,1,1,1,1,54
mkto-sn070013.com / referral,(referral),2025五月主題報 - 遠雄房地產,/MAY2025/,1,1,1,1,0
mkto-sn070013.com / referral,(referral),2025十一月主題報 - 遠雄房地產,/Nov2025/,1,1,1,1,0
(direct) / (none),(direct),優勢榮耀 彙整 - 遠雄房地產,/about-category/advantage-glory/,1,1,1,1,5
(direct) / (none),(direct),品牌實績 彙整 - 遠雄房地產,/about-category/brand_performance/,1,1,1,1,3
google / organic,(organic),品牌實績 彙整 - 遠雄房地產,/about-category/brand_performance/,1,1,1,1,7
(data not available),(cross-network),關於我們-遠雄房地產,/about/,1,1,1,1,8
google / cpc,(organic),關於我們-遠雄房地產,/about/,1,1,2,2,7
google_kw / h713,(organic),關於我們-遠雄房地產,/about/,1,1,1,1,1
104.com.tw / referral,(referral),關於我們-遠雄房地產,/about/,1,1,1,1,0
farglory.com.tw / referral,(referral),關於我們-遠雄房地產,/about/,1,1,1,1,3
fb / hm2,0210,關於我們-遠雄房地產,/about/,1,1,1,1,1
web-ltn / h902,20240603,關於我們-遠雄房地產,/about/,1,1,1,1,2
google_kw / BH8,20240816_透天/豪宅/別墅,關於我們-遠雄房地產,/about/,1,1,1,1,7
google / cpc,202511,關於我們-遠雄房地產,/about/,1,1,1,1,1
google / cpc,Pmax,關於我們-遠雄房地產,/about/,1,1,2,2,8
google / cpc,Qianzhen.Qianjin,關於我們-遠雄房地產,/about/,1,1,1,1,1
line-lap / bh10,line-lap20259-5,關於我們-遠雄房地產,/about/,1,1,0,0,15
google / cpc,pmax,關於我們-遠雄房地產,/about/,1,1,1,1,8
google / cpc,sitelink,關於我們-遠雄房地產,/about/,1,1,1,1,67
googlemap / o1,googlemap,Photo Gallery: Project Highlights - Farglory Real Estate,/about/brand_gallery/,1,1,3,3,186
bing / organic,(organic),影像光廊：建案風采-遠雄房地產,/about/brand_gallery/,1,1,1,1,8
farglory-land.com.tw / referral,(referral),影像光廊：建案風采-遠雄房地產,/about/brand_gallery/,1,1,1,1,2
(not set),20260213一輪播,影像光廊：建案風采-遠雄房地產,/about/brand_gallery/,1,1,1,1,9
fgr-line / eh6,20260220,影像光廊：建案風采-遠雄房地產,/about/brand_gallery/,1,1,1,1,9
fgr-line / fgr,expert_hoshichang_south-potential,影像光廊：建案風采-遠雄房地產,/about/brand_gallery/,1,1,1,1,0
fb / eh6,fb2-1,影像光廊：建案風采-遠雄房地產,/about/brand_gallery/,1,1,1,1,0
googlemap / o1,googlemap,影像光廊：建案風采-遠雄房地產,/about/brand_gallery/,1,1,1,1,0
(not set),台南全區,影像光廊：建案風采-遠雄房地產,/about/brand_gallery/,1,1,1,1,2
(direct) / (none),(direct),品牌榮耀 - 遠雄房地產,/about/brand_glory/,1,1,1,1,0
bing / organic,(organic),品牌實力-遠雄房地產,/about/brand_performance_backup/,1,1,2,2,17
fb / o1,20250422_21-1,品牌實力-遠雄房地產,/about/brand_performance_backup/,1,1,1,1,0
(not set),20260213一輪播,品牌實力-遠雄房地產,/about/brand_performance_backup/,1,1,2,2,13
google / cpc,gdn-3,品牌實力-遠雄房地產,/about/brand_performance_backup/,1,1,1,1,0
fgr-line / fgr,playlist=e93ee4e&video=3f91b6e,品牌實力-遠雄房地產,/about/brand_performance_backup/,1,1,1,1,0
bing / organic,(organic),優勢榮耀 - 遠雄房地產,/about/branded_advantages/,1,1,1,1,8
farglory-land.com.tw / referral,(referral),優勢榮耀 - 遠雄房地產,/about/branded_advantages/,1,1,1,1,6
(not set),20260213一輪播,優勢榮耀 - 遠雄房地產,/about/branded_advantages/,1,1,2,2,11
google / organic,(organic),Related Company - Farglory Real Estate,/about/related_business/,1,1,0,0,0
(direct) / (none),(direct),相關企業-遠雄房地產,/about/related_business/,1,1,1,1,3
farglory-land.com.tw / referral,(referral),關於遠創力 - 遠雄房地產,/about/telecreative_marketing/,1,1,1,1,38
tong-yuan.com.tw / referral,(referral),關於遠創力 - 遠雄房地產,/about/telecreative_marketing/,1,1,1,1,7
google_kw / 5vo1,202511,關於遠創力 - 遠雄房地產,/about/telecreative_marketing/,1,1,1,1,1
fgr-line / ah1,20260220,關於遠創力 - 遠雄房地產,/about/telecreative_marketing/,1,1,1,1,6
google / cpc,RSH1-品牌字,關於遠創力 - 遠雄房地產,/about/telecreative_marketing/,1,1,1,1,30
fb / evp,fanpage,關於遠創力 - 遠雄房地產,/about/telecreative_marketing/,1,1,1,1,748
google / cpc,gdn-2,關於遠創力 - 遠雄房地產,/about/telecreative_marketing/,1,1,1,1,0
google / organic,(organic),找不到頁面 - 遠雄房地產,/activity-report,1,1,1,1,0
(direct) / (none),(direct),活動一覽 彙整 - 遠雄房地產,/activity-report-category/activities_glance/activities_glance_list/,1,1,1,1,0
fgr-line / bh10,20260206,活動一覽 彙整 - 遠雄房地產,/activity-report-category/activities_glance/activities_glance_list/,1,1,1,1,11
fgr-line / ah2,20260210,活動一覽 彙整 - 遠雄房地產,/activity-report-category/activities_glance/activities_glance_list/,1,1,1,1,5
google / cpc,Pmax,活動一覽 彙整 - 遠雄房地產,/activity-report-category/activities_glance/activities_glance_list/,1,1,1,1,1
fb / eh6,fb2-3,活動一覽 彙整 - 遠雄房地產,/activity-report-category/activities_glance/activities_glance_list/,1,1,1,1,4
google / organic,(organic),案場活動 彙整 - 頁4，共4 - 遠雄房地產,/activity-report-category/activities_glance/activities_glance_list/ag_case_activities/page/4/,1,1,1,1,2
google / organic,(organic),住戶專享 彙整 - 頁2，共3 - 遠雄房地產,/activity-report-category/activities_glance/activities_glance_list/住戶專享/page/2/,1,1,1,1,20
google / organic,(organic),住戶專享 彙整 - 頁3，共3 - 遠雄房地產,/activity-report-category/activities_glance/activities_glance_list/住戶專享/page/3/,1,1,1,1,24
(direct) / (none),(direct),遠雄房地產最新公告 - 遠雄房地產,/activity-report-category/activities_glance/announcement_information/,1,1,1,1,13
bing / organic,(organic),遠雄房地產最新公告 - 遠雄房地產,/activity-report-category/activities_glance/announcement_information/,1,1,1,1,10
(direct) / (none),(direct),超級好友活動 彙整 - 遠雄房地產,/activity-report-tag/超級好友活動/,1,1,1,1,0
(direct) / (none),(direct),遠雄綠禾 玉兔迎禾年 - 遠雄房地產,/activity-report/2023cny_dh3/,1,1,1,1,0
google / organic,(organic),遠雄綠禾 玉兔迎禾年 - 遠雄房地產,/activity-report/2023cny_dh3/,1,1,1,1,11
(direct) / (none),(direct),遠雄房地產 全新節目「賞屋熊厝味」首檔鉅獻! - 遠雄房地產,/activity-report/20240320/,1,1,1,1,0
(direct) / (none),(direct),遠雄房地產 官方LINE🔥獨家限定 邀您共賞 世界棒球12強 日韓大戰!-得獎公告 - 遠雄房地產,/activity-report/202410/,1,1,1,1,0
(direct) / (none),(direct),遠雄房地產 x 游庭皓 月光族到資產新貴  學會分散風險之路「買股買債買好房」 - 遠雄房地產,/activity-report/202411experts/,1,1,1,1,2
(direct) / (none),(direct),遠雄房地產 官方LINE | 🎉6萬好友同樂，一起嗨翻年終！ - 遠雄房地產,/activity-report/202412/,1,1,1,1,1
news.google.com / referral,(referral),遠雄丰尚✨2026丰尚植春秀✨ - 遠雄房地產,/activity-report/2026cnybh/,1,1,1,1,0
fgr-line / bh8,20260207,遠雄丰尚✨2026丰尚植春秀✨ - 遠雄房地產,/activity-report/2026cnybh/,1,1,1,1,0
fgr-line / bh7,20260210,遠雄丰尚✨2026丰尚植春秀✨ - 遠雄房地產,/activity-report/2026cnybh/,1,1,1,1,0
fgr-line / fh2,20260210,遠雄丰尚✨2026丰尚植春秀✨ - 遠雄房地產,/activity-report/2026cnybh/,1,1,1,1,0
fgr-line / rsh1,20260210,遠雄丰尚✨2026丰尚植春秀✨ - 遠雄房地產,/activity-report/2026cnybh/,1,1,1,1,0
fb / bh11,fanpagebutton,遠雄丰尚✨2026丰尚植春秀✨ - 遠雄房地產,/activity-report/2026cnybh/,1,1,1,1,37
fb / hm2,0210,✨2026丰尚植春秀✨ - 遠雄房地產,/activity-report/2026丰尚植春秀/,1,1,1,1,2
fgr-line / fgr,expert_zhu_taiwan-land-scam,✨2026丰尚植春秀✨ - 遠雄房地產,/activity-report/2026丰尚植春秀/,1,1,2,2,29
statics.teams.cdn.office.net / referral,(referral),找不到頁面 - 遠雄房地產,/activity-report/2026丰尚植春秀/,1,1,1,1,0
(direct) / (none),(direct),找不到頁面 - 遠雄房地產,/activity-report/7月專屬好友見面禮抽獎-得獎公告/,1,1,1,1,2
google / organic,(organic),《城市潮流漫步》遠雄敦富打造「地圖上找不到的城市美術館」 - 遠雄房地產,/activity-report/bh10_20241213/,1,1,1,1,8
(direct) / (none),(direct),遠雄敦富理想生活研究所 - 遠雄房地產,/activity-report/bh10event2025q2/,1,1,1,1,25
google / organic,(organic),遠雄敦富理想生活研究所 - 遠雄房地產,/activity-report/bh10event2025q2/,1,1,1,1,15
google / cpc,landmark0829,遠雄敦富理想生活研究所 - 遠雄房地產,/activity-report/bh10event2025q2/,1,1,1,1,40
(direct) / (none),(direct),羅傑雕塑個展《流動的光景》盛大開展 - 遠雄房地產,/activity-report/bh6_20231024/,1,1,1,1,3
(direct) / (none),(direct),簡易DIY輕鬆好好玩，免工具免黏貼，一同體驗手作樂趣！｜全品項85折 - 遠雄房地產,/activity-report/creative-diy/,1,1,1,1,0
(direct) / (none),(direct),遠雄房地產煥新人生 圓夢三重送 中獎公告,/activity-report/dream-announcement/,1,1,1,1,1
google / organic,(organic),超人氣韓團AB6IX 11/4登台開唱 - 遠雄房地產,/activity-report/farglorycreative_ab6ix/,1,1,1,1,0
(direct) / (none),(direct),遠雄建設獲 SGS 年度創新獎 首家通過 ISO 59000 循環經濟驗證建築品牌 - 遠雄房地產,/activity-report/fg_land_news2/,1,1,1,1,32
googlemap / H109,googlemap,遠雄PARK ONE 【福兔迎新 繁盛饗宴】 - 遠雄房地產,/activity-report/h109_2023cny/,1,1,1,1,2
(direct) / (none),(direct),幸福生活節聖誕市集 l 遠雄幸福成邀請您 - 遠雄房地產,/activity-report/h713_20221221/,1,1,1,1,1
google / organic,(organic),遠雄幸福成 新春賞雪贈好禮 - 遠雄房地產,/activity-report/h713_2022cny/,1,1,2,2,22
(direct) / (none),(direct),遠雄幸福成 30萬豪禮等你抽 - 遠雄房地產,/activity-report/h713_event_apr/,1,1,1,1,8
google / organic,(organic),遠雄幸福成 30萬豪禮等你抽 - 遠雄房地產,/activity-report/h713_event_apr/,1,1,1,1,1
(direct) / (none),(direct),遠雄台南新案 新春早鳥卡位 - 遠雄房地產,/activity-report/h807_2023cny/,1,1,1,1,0
google / organic,(organic),「春遊東御苑」新春系列活動，住戶限定搶先報名 - 遠雄房地產,/activity-report/h807_cny_2024012t/,1,1,1,1,8
(direct) / (none),(direct),遠雄【好室智造所】全台巡迴從台中港熱鬧啟航，永續藍圖逐步落實 - 遠雄房地產,/activity-report/hauslab_2025/,1,1,1,1,0
webnews / h707,20260116,遠雄【好室智造所】全台巡迴從台中港熱鬧啟航，永續藍圖逐步落實 - 遠雄房地產,/activity-report/hauslab_2025/,1,1,1,1,0
(not set),20260213一輪播,遠雄【好室智造所】全台巡迴從台中港熱鬧啟航，永續藍圖逐步落實 - 遠雄房地產,/activity-report/hauslab_2025/,1,1,0,0,142
google / organic,(organic),夏沐迎春好運到，來檜一起樂「龍龍」！ - 遠雄房地產,/activity-report/hh2_cny_20240125/,1,1,1,1,3
(direct) / (none),(direct),遠雄房地產LINE官方帳號活動 - 升級超級好友週週抽活動,/activity-report/line-friend/,1,1,1,1,6
(direct) / (none),(direct),遠雄房地產 官方LINE「8月好友禮」得獎公告 - 遠雄房地產,/activity-report/line-friends-aug/,1,1,1,1,7
(direct) / (none),(direct),遠雄房地產LINE官方帳號活動 - 升級超級好友週週抽活動,/activity-report/line_apr_lottery/,1,1,1,1,0
google / organic,(organic),【究極の月】一品富貴中秋禮盒(流心月餅/東方美人茶) - 遠雄房地產,/activity-report/mid-autumn-festival/,1,1,1,1,0
(direct) / (none),(direct),MAMAMOO完整體登台會粉絲　「5種票價公開」11月19日開搶 - 遠雄房地產,/activity-report/relation_show_20221118/,1,1,1,1,4
google / organic,(organic),遠雄房地產 官方LINE🌕9月好康不只奔月 還要奔向大巨蛋 ⚾-得獎公告 - 遠雄房地產,/activity-report/september-events/,1,1,1,1,3
(direct) / (none),(direct),【遠雄房地產公告】近期資訊詐騙頻傳，請特別注意 - 遠雄房地產,/activity-report/sms_20240605/,1,1,1,1,0
(direct) / (none),(direct),果陀劇場《最後14堂星期二的課》-遠雄住戶專屬優惠 - 遠雄房地產,/activity-report/tuesday-lessons/,1,1,1,1,6
google / organic,(organic),果陀劇場《最後14堂星期二的課》-遠雄住戶專屬優惠 - 遠雄房地產,/activity-report/tuesday-lessons/,1,1,1,1,0
(direct) / (none),(direct),《咒術迴戰》特展✨精彩呈現 - 遠雄房地產,/activity-report/ucity_animation_20221221/,1,1,1,1,4
(direct) / (none),(direct),贈票活動 l 台北當代藝術博覽會 - 遠雄房地產,/activity-report/ucity_apr_art/,1,1,1,1,5
(direct) / (none),(direct),遠雄住戶專屬｜艾麗獨享優惠住房 - 遠雄房地產,/activity-report/ucity_apr_humblehousehotels/,1,1,1,1,1
(direct) / (none),(direct),2023《百味人生》百變康康巡迴演唱會 - 遠雄房地產,/activity-report/ucity_concert_20230411/,1,1,1,1,1
(direct) / (none),(direct),【遠雄住戶專享】1212年終趴｜指定商品75折！ - 遠雄房地產,/activity-report/ucity_dec_hair/,1,1,1,1,0
google / organic,(organic),【遠雄住戶專享】1212年終趴｜指定商品75折！ - 遠雄房地產,/activity-report/ucity_dec_hair/,1,1,2,2,4
(direct) / (none),(direct),迪士尼動畫展限時優惠✨ - 遠雄房地產,/activity-report/ucity_disney_20230426/,1,1,1,1,0
(direct) / (none),(direct),專屬優惠送你進劇場尋找「真相」 - 遠雄房地產,/activity-report/ucity_drama_20231212/,1,1,1,1,5
google / organic,(organic),西班牙國家舞團 雋永《卡門》全本芭蕾舞團 - 遠雄房地產,/activity-report/ucity_event1_20230705/,1,1,1,1,0
(direct) / (none),(direct),狼與彼得-TASO互動式親子音樂會 - 遠雄房地產,/activity-report/ucity_event_20230705-2/,1,1,1,1,0
(direct) / (none),(direct),首檔居住安全博覽會🏠 - 遠雄房地產,/activity-report/ucity_jul_expo/,1,1,1,1,4
(direct) / (none),(direct),專享85折｜果陀最新逆騙上流音樂劇 - 遠雄房地產,/activity-report/ucity_jun_music/,1,1,1,1,0
(direct) / (none),(direct),端午優惠｜貼心抗疫健康水只要4折！ - 遠雄房地產,/activity-report/ucity_jun_water/,1,1,1,1,3
(direct) / (none),(direct),菜鳥VS老闆 職場教戰喜劇！ - 遠雄房地產,/activity-report/ucity_may_drama/,1,1,1,1,6
(direct) / (none),(direct),THE 哆啦A夢展優惠票 - 遠雄房地產,/activity-report/ucity_nov2_20231101/,1,1,1,1,4
google / organic,(organic),遠雄住戶專享｜2023親親海洋夜未眠 - 遠雄房地產,/activity-report/ucity_occean_20230822/,1,1,1,1,2
(direct) / (none),(direct),太平洋咖啡｜喝咖啡，做公益 - 遠雄房地產,/activity-report/ucity_sep_coffee/,1,1,1,1,4
(direct) / (none),(direct),贈票⏐玩轉文具暨手作創意展 - 遠雄房地產,/activity-report/ucity_toy_20231120/,1,1,1,1,20
(direct) / (none),(direct),贈票！TILF台灣國際品酒生活節 - 遠雄房地產,/activity-report/ucitytilf_20230807/,1,1,1,1,0
(direct) / (none),(direct),2021遠雄集團 全新形象願景影片,/activity-report/vision-film/,1,1,1,1,5
bing / organic,(organic),2021遠雄集團 全新形象願景影片,/activity-report/vision-film/,1,1,1,1,16
fgr-line / bh11,20260210,✨ 洄山春序 福蘊綠美 ✨ - 遠雄房地產,/activity-report/✨-洄山春序-福蘊綠美-✨/,1,1,1,1,3
fgr-line / cqh1,20260210,✨ 洄山春序 福蘊綠美 ✨ - 遠雄房地產,/activity-report/✨-洄山春序-福蘊綠美-✨/,1,1,2,2,51
fgr-line / eh5,20260210,✨ 洄山春序 福蘊綠美 ✨ - 遠雄房地產,/activity-report/✨-洄山春序-福蘊綠美-✨/,1,1,1,1,60
fgr-line / fh2,20260210,✨ 洄山春序 福蘊綠美 ✨ - 遠雄房地產,/activity-report/✨-洄山春序-福蘊綠美-✨/,1,1,1,1,1
google / cpc,CQH1-買房字,✨ 洄山春序 福蘊綠美 ✨ - 遠雄房地產,/activity-report/✨-洄山春序-福蘊綠美-✨/,1,1,1,1,1
fb / bh11,fanpagebutton,✨ 洄山春序 福蘊綠美 ✨ - 遠雄房地產,/activity-report/✨-洄山春序-福蘊綠美-✨/,1,1,1,1,13
socialmedia / fh2,fbfh2info,✨ 洄山春序 福蘊綠美 ✨ - 遠雄房地產,/activity-report/✨-洄山春序-福蘊綠美-✨/,1,1,1,1,0
(not set),台中西屯,✨ 洄山春序 福蘊綠美 ✨ - 遠雄房地產,/activity-report/✨-洄山春序-福蘊綠美-✨/,1,1,2,2,93
socialmedia / fh2,fbfh2info,✨ 馬騰金春迎蒔美 ✨ - 遠雄房地產,/activity-report/✨-馬騰金春迎蒔美-✨/,1,1,3,3,11
google / cpc,(organic),村泉蒔美 ✨ 馬騰金春迎蒔美 ✨ - 遠雄房地產,/activity-report/✨-馬騰金春迎蒔美-✨/,1,1,1,1,21
tw.search.yahoo.com / referral,(referral),村泉蒔美 ✨ 馬騰金春迎蒔美 ✨ - 遠雄房地產,/activity-report/✨-馬騰金春迎蒔美-✨/,1,1,1,1,49
fgr-line / bh7,20260210,村泉蒔美 ✨ 馬騰金春迎蒔美 ✨ - 遠雄房地產,/activity-report/✨-馬騰金春迎蒔美-✨/,1,1,1,1,5
fgr-line / eh1,20260210,村泉蒔美 ✨ 馬騰金春迎蒔美 ✨ - 遠雄房地產,/activity-report/✨-馬騰金春迎蒔美-✨/,1,1,2,2,5
fgr-line / h707,20260210,村泉蒔美 ✨ 馬騰金春迎蒔美 ✨ - 遠雄房地產,/activity-report/✨-馬騰金春迎蒔美-✨/,1,1,1,1,0
fgr-line / rsh1,20260210,村泉蒔美 ✨ 馬騰金春迎蒔美 ✨ - 遠雄房地產,/activity-report/✨-馬騰金春迎蒔美-✨/,1,1,1,1,0
google / cpc,CQH1-品牌字,村泉蒔美 ✨ 馬騰金春迎蒔美 ✨ - 遠雄房地產,/activity-report/✨-馬騰金春迎蒔美-✨/,1,1,1,1,5
(direct) / (none),(direct),✨2026丰尚植春秀✨ - 遠雄房地產,/activity-report/✨2026丰尚植春秀✨/,1,1,1,1,1
fb / hm2,0210,找不到頁面 - 遠雄房地產,/activity-report/✨2026丰尚植春秀✨/ ‎,1,1,1,1,3
(direct) / (none),(direct),【遠雄住戶專享】台北婦幼用品大展免費入場 - 遠雄房地產,/activity-report/【遠雄住戶專享】台北婦幼用品大展免費入場/,1,1,1,1,0
(direct) / (none),(direct),【遠雄住戶專享】春節到巧克力共和國共團圓🤎🍫 - 遠雄房地產,/activity-report/【遠雄住戶專享】春節到巧克力共和國共團圓🤎/,1,1,1,1,0
(direct) / (none),(direct),(1) 封未讀訊息 | 來遠雄合雅一起HOYA(好野)過好年！ - 遠雄房地產,/activity-report/來遠雄合雅一起hoya好野過好年！/,1,1,0,0,1
fgr-line / ah2,20260210,(1) 封未讀訊息 | 來遠雄合雅一起HOYA(好野)過好年！ - 遠雄房地產,/activity-report/來遠雄合雅一起hoya好野過好年！/,1,1,0,0,30
fgr-line / ah2,20260210,(2) 封未讀訊息 | 來遠雄合雅一起HOYA(好野)過好年！ - 遠雄房地產,/activity-report/來遠雄合雅一起hoya好野過好年！/,1,1,0,0,72
fgr-line / bh7,20260210,來遠雄合雅一起HOYA(好野)過好年！ - 遠雄房地產,/activity-report/來遠雄合雅一起hoya好野過好年！/,1,1,2,2,51
fgr-line / eh1,20260210,來遠雄合雅一起HOYA(好野)過好年！ - 遠雄房地產,/activity-report/來遠雄合雅一起hoya好野過好年！/,1,1,2,2,8
google / cpc,brand,來遠雄合雅一起HOYA(好野)過好年！ - 遠雄房地產,/activity-report/來遠雄合雅一起hoya好野過好年！/,1,1,1,1,7
(direct) / (none),(direct),北捷嚴選年節精緻禮盒~送禮首選 - 遠雄房地產,/activity-report/北捷嚴選年節精緻禮盒送禮首選/,1,1,1,1,6
google / organic,(organic),投資快訊 📢 北部資金如何布局高雄市心？ - 遠雄房地產,/activity-report/投資快訊-📢-北部資金如何布局高雄市心？/,1,1,1,1,4
tagassistant.google.com / referral,(referral),投資快訊 📢 北部資金如何布局高雄市心？ - 遠雄房地產,/activity-report/投資快訊-📢-北部資金如何布局高雄市心？/,1,1,1,1,3
tong-yuan.com.tw / referral,(referral),投資快訊 📢 北部資金如何布局高雄市心？ - 遠雄房地產,/activity-report/投資快訊-📢-北部資金如何布局高雄市心？/,1,1,2,2,7
tw.search.yahoo.com / referral,(referral),投資快訊 📢 北部資金如何布局高雄市心？ - 遠雄房地產,/activity-report/投資快訊-📢-北部資金如何布局高雄市心？/,1,1,2,2,28
google / cpc,Pmax,投資快訊 📢 北部資金如何布局高雄市心？ - 遠雄房地產,/activity-report/投資快訊-📢-北部資金如何布局高雄市心？/,1,1,2,2,28
fgr-line / fgr,expert_zhu_taiwan-land-scam,投資快訊 📢 北部資金如何布局高雄市心？ - 遠雄房地產,/activity-report/投資快訊-📢-北部資金如何布局高雄市心？/,1,1,1,1,1
fb / eh6,fb2-3,投資快訊 📢 北部資金如何布局高雄市心？ - 遠雄房地產,/activity-report/投資快訊-📢-北部資金如何布局高雄市心？/,1,1,1,1,10
socialmedia / fh2,fbfh2info,投資快訊 📢 北部資金如何布局高雄市心？ - 遠雄房地產,/activity-report/投資快訊-📢-北部資金如何布局高雄市心？/,1,1,1,1,4
(direct) / (none),(direct),汐止遠雄廣場 High購好康 - 遠雄房地產,/activity-report/汐止遠雄廣場-high購好康/,1,1,1,1,6
google / organic,(organic),汐止遠雄廣場 High購好康 - 遠雄房地產,/activity-report/汐止遠雄廣場-high購好康/,1,1,1,1,3
google / organic,(organic),遠雄房地產官網滿意度問券調查-2025年第三季-得獎公告 - 遠雄房地產,/activity-report/第三季得獎公告/,1,1,2,2,10
google / cpc,202601,【遠雄一靚】好室智造所 行動策展｜光．再生手作體驗💡 - 遠雄房地產,/activity-report/遠雄一靚-好室智造所行動策展/,1,1,1,1,0
fgr-line / bh10,20260206,【遠雄一靚】好室智造所 行動策展｜光．再生手作體驗💡 - 遠雄房地產,/activity-report/遠雄一靚-好室智造所行動策展/,1,1,1,1,7
fgr-line / ah2,20260210,(2) 封未讀訊息 | 遠雄一靚🧨春遊一靚 喜迎新年 - 遠雄房地產,/activity-report/遠雄一靚🧨春遊一靚-喜迎新年/,1,1,0,0,45
(direct) / (none),(direct),遠雄一靚🧨春遊一靚 喜迎新年 - 遠雄房地產,/activity-report/遠雄一靚🧨春遊一靚-喜迎新年/,1,1,1,1,5
fgr-line / bh7,20260210,遠雄一靚🧨春遊一靚 喜迎新年 - 遠雄房地產,/activity-report/遠雄一靚🧨春遊一靚-喜迎新年/,1,1,2,2,6
fgr-line / cqh1,20260210,遠雄一靚🧨春遊一靚 喜迎新年 - 遠雄房地產,/activity-report/遠雄一靚🧨春遊一靚-喜迎新年/,1,1,2,2,36
fgr-line / eh6,20260210,遠雄一靚🧨春遊一靚 喜迎新年 - 遠雄房地產,/activity-report/遠雄一靚🧨春遊一靚-喜迎新年/,1,1,1,1,0
(not set),20260213一輪播,遠雄一靚🧨春遊一靚 喜迎新年 - 遠雄房地產,/activity-report/遠雄一靚🧨春遊一靚-喜迎新年/,1,1,1,1,9
google / cpc,BH10-競品字,遠雄一靚🧨春遊一靚 喜迎新年 - 遠雄房地產,/activity-report/遠雄一靚🧨春遊一靚-喜迎新年/,1,1,2,2,47
fgr-line / dh2,20260210,(1) 封未讀訊息 | 遠雄山禾 🌸山禾花開．新春好時光🌸 - 遠雄房地產,/activity-report/遠雄山禾-🌸山禾花開．新春好時光🌸/,1,1,0,0,156
fgr-line / bh7,20260210,遠雄山禾 🌸山禾花開．新春好時光🌸 - 遠雄房地產,/activity-report/遠雄山禾-🌸山禾花開．新春好時光🌸/,1,1,1,1,5
fgr-line / eh2,20260210,遠雄山禾 🌸山禾花開．新春好時光🌸 - 遠雄房地產,/activity-report/遠雄山禾-🌸山禾花開．新春好時光🌸/,1,1,1,1,0
fgr-line / eh5,20260210,遠雄山禾 🌸山禾花開．新春好時光🌸 - 遠雄房地產,/activity-report/遠雄山禾-🌸山禾花開．新春好時光🌸/,1,1,1,1,0
sms / aep-cdp,CRM-001-D,遠雄山禾 🌸山禾花開．新春好時光🌸 - 遠雄房地產,/activity-report/遠雄山禾-🌸山禾花開．新春好時光🌸/,1,1,1,1,4
socialmedia / fh2,fbfh2info,遠雄山禾 🌸山禾花開．新春好時光🌸 - 遠雄房地產,/activity-report/遠雄山禾-🌸山禾花開．新春好時光🌸/,1,1,4,4,15
google_kw / h713,(organic),遠雄幸福成 ✨ 春啟馬年 幸福成章 ✨ - 遠雄房地產,/activity-report/遠雄幸福成-✨-春啟馬年-幸福成章-✨/,1,1,1,1,25
fgr-line / ah2,20260210,遠雄幸福成 ✨ 春啟馬年 幸福成章 ✨ - 遠雄房地產,/activity-report/遠雄幸福成-✨-春啟馬年-幸福成章-✨/,1,1,1,1,1
fgr-line / bh11,20260210,遠雄幸福成 ✨ 春啟馬年 幸福成章 ✨ - 遠雄房地產,/activity-report/遠雄幸福成-✨-春啟馬年-幸福成章-✨/,1,1,2,2,0
fgr-line / dh2,20260210,遠雄幸福成 ✨ 春啟馬年 幸福成章 ✨ - 遠雄房地產,/activity-report/遠雄幸福成-✨-春啟馬年-幸福成章-✨/,1,1,1,1,17
fgr-line / eh5,20260210,遠雄幸福成 ✨ 春啟馬年 幸福成章 ✨ - 遠雄房地產,/activity-report/遠雄幸福成-✨-春啟馬年-幸福成章-✨/,1,1,1,1,9
(not set),20260213一輪播,遠雄幸福成 ✨ 春啟馬年 幸福成章 ✨ - 遠雄房地產,/activity-report/遠雄幸福成-✨-春啟馬年-幸福成章-✨/,1,1,1,1,6
fgr-line / fgr,area_txg_beitun_14th_function_20250829,遠雄幸福成 ✨ 春啟馬年 幸福成章 ✨ - 遠雄房地產,/activity-report/遠雄幸福成-✨-春啟馬年-幸福成章-✨/,1,1,1,1,0
(not set),台中,遠雄幸福成 ✨ 春啟馬年 幸福成章 ✨ - 遠雄房地產,/activity-report/遠雄幸福成-✨-春啟馬年-幸福成章-✨/,1,1,1,1,5
(direct) / (none),(direct),遠雄房地產 官方LINE | 端午限定🐲大巨蛋VIP專屬貴賓席 - 遠雄房地產,/activity-report/遠雄房地產-官方line-端午限定🐲大巨蛋vip專屬貴賓席/,1,1,1,1,6
(direct) / (none),(direct),遠雄房地產 官方LINE | 好友大募集 獨享雙重抽 - 遠雄房地產,/activity-report/遠雄房地產-官方line-第四季接待中心好友活動/,1,1,4,4,18
bing / organic,(organic),遠雄房地產 官方LINE | 好友大募集 獨享雙重抽 - 遠雄房地產,/activity-report/遠雄房地產-官方line-第四季接待中心好友活動/,1,1,1,1,13
google / cpc,(organic),遠雄房地產 官方LINE | 好友大募集 獨享雙重抽 - 遠雄房地產,/activity-report/遠雄房地產-官方line-第四季接待中心好友活動/,1,1,2,2,17
web-ettoday / fm3,20260116,遠雄房地產 官方LINE | 好友大募集 獨享雙重抽 - 遠雄房地產,/activity-report/遠雄房地產-官方line-第四季接待中心好友活動/,1,1,1,1,9
google / cpc,Pmax,遠雄房地產 官方LINE | 好友大募集 獨享雙重抽 - 遠雄房地產,/activity-report/遠雄房地產-官方line-第四季接待中心好友活動/,1,1,1,1,277
socialmedia / fh2,fbfh2info,遠雄房地產 官方LINE | 好友大募集 獨享雙重抽 - 遠雄房地產,/activity-report/遠雄房地產-官方line-第四季接待中心好友活動/,1,1,2,2,6
youtube / fgr,yt,遠雄房地產 官方LINE | 好友大募集 獨享雙重抽 - 遠雄房地產,/activity-report/遠雄房地產-官方line-第四季接待中心好友活動/,1,1,1,1,1
(direct) / (none),(direct),遠雄房地產LINE官方帳號活動 - 升級超級好友週週抽活動,/activity-report/遠雄房地產官方line-5月份週週抽活動/,1,1,1,1,5
(direct) / (none),(direct),遠雄房地產LINE官方帳號活動 - 升級超級好友週週抽活動,/activity-report/遠雄房地產官方line-6月週週抽/,1,1,1,1,2
google / organic,(organic),遠雄房地產LINE官方帳號活動 - 升級超級好友週週抽活動,/activity-report/遠雄房地產官方line-7月週週抽/,1,1,1,1,38
google / cpc,(organic),遠雄敦富新春不打烊．萬千寵愛．禮遇富足 - 遠雄房地產,/activity-report/遠雄敦富新春不打烊．萬千寵愛．禮遇富足/,1,1,1,1,53
tagassistant.google.com / referral,(referral),遠雄敦富新春不打烊．萬千寵愛．禮遇富足 - 遠雄房地產,/activity-report/遠雄敦富新春不打烊．萬千寵愛．禮遇富足/,1,1,9,9,144
google / cpc,202601,遠雄敦富新春不打烊．萬千寵愛．禮遇富足 - 遠雄房地產,/activity-report/遠雄敦富新春不打烊．萬千寵愛．禮遇富足/,1,1,0,0,0
fgr-line / bh8,20260207,遠雄敦富新春不打烊．萬千寵愛．禮遇富足 - 遠雄房地產,/activity-report/遠雄敦富新春不打烊．萬千寵愛．禮遇富足/,1,1,1,1,0
fgr-line / bh11,20260210,遠雄敦富新春不打烊．萬千寵愛．禮遇富足 - 遠雄房地產,/activity-report/遠雄敦富新春不打烊．萬千寵愛．禮遇富足/,1,1,1,1,0
fgr-line / dh2,20260210,遠雄敦富新春不打烊．萬千寵愛．禮遇富足 - 遠雄房地產,/activity-report/遠雄敦富新春不打烊．萬千寵愛．禮遇富足/,1,1,1,1,3
(direct) / (none),(direct),Farglory Real Estate: May the Year of the Rooster Bring Good Fortune. - Farglory Real Estate,/activity-report/遠雄星呈🐴駿年好運到．行館新歲時/,1,1,0,0,8
bing / organic,(organic),遠雄星呈🐴駿年好運到．行館新歲時 - 遠雄房地產,/activity-report/遠雄星呈🐴駿年好運到．行館新歲時/,1,1,1,1,8
google / cpc,(organic),遠雄星呈🐴駿年好運到．行館新歲時 - 遠雄房地產,/activity-report/遠雄星呈🐴駿年好運到．行館新歲時/,1,1,1,1,2
fgr-line / bh10,20260210,遠雄星呈🐴駿年好運到．行館新歲時 - 遠雄房地產,/activity-report/遠雄星呈🐴駿年好運到．行館新歲時/,1,1,1,1,0
fgr-line / dh2,20260210,遠雄星呈🐴駿年好運到．行館新歲時 - 遠雄房地產,/activity-report/遠雄星呈🐴駿年好運到．行館新歲時/,1,1,1,1,16
fgr-line / bh7,20260220,遠雄星呈🐴駿年好運到．行館新歲時 - 遠雄房地產,/activity-report/遠雄星呈🐴駿年好運到．行館新歲時/,1,1,1,1,0
fgr-line / fgr,area_txg_beitun_14th_function_20250829,遠雄星呈🐴駿年好運到．行館新歲時 - 遠雄房地產,/activity-report/遠雄星呈🐴駿年好運到．行館新歲時/,1,1,2,2,32
fb / bh11,fanpagebutton,遠雄星呈🐴駿年好運到．行館新歲時 - 遠雄房地產,/activity-report/遠雄星呈🐴駿年好運到．行館新歲時/,1,1,1,1,8
fb / dh2,fb-44,遠雄星呈🐴駿年好運到．行館新歲時 - 遠雄房地產,/activity-report/遠雄星呈🐴駿年好運到．行館新歲時/,1,1,1,1,4
google / cpc,pmax,遠雄星呈🐴駿年好運到．行館新歲時 - 遠雄房地產,/activity-report/遠雄星呈🐴駿年好運到．行館新歲時/,1,1,1,1,0
google / cpc,(organic),遠雄樂元✨暢遊幸福新樂元✨ - 遠雄房地產,/activity-report/遠雄樂元✨暢遊幸福新樂元✨/,1,1,1,1,22
fgr-line / bh8,20260207,遠雄樂元✨暢遊幸福新樂元✨ - 遠雄房地產,/activity-report/遠雄樂元✨暢遊幸福新樂元✨/,1,1,1,1,31
fgr-line / bh10,20260210,遠雄樂元✨暢遊幸福新樂元✨ - 遠雄房地產,/activity-report/遠雄樂元✨暢遊幸福新樂元✨/,1,1,1,1,14
fgr-line / dh2,20260210,遠雄樂元✨暢遊幸福新樂元✨ - 遠雄房地產,/activity-report/遠雄樂元✨暢遊幸福新樂元✨/,1,1,1,1,4
(not set),20260213一輪播,遠雄樂元✨暢遊幸福新樂元✨ - 遠雄房地產,/activity-report/遠雄樂元✨暢遊幸福新樂元✨/,1,1,1,1,4
socialmedia / fh2,fbfh2info,遠雄樂元✨暢遊幸福新樂元✨ - 遠雄房地產,/activity-report/遠雄樂元✨暢遊幸福新樂元✨/,1,1,2,2,6
(not set),台中,遠雄樂元✨暢遊幸福新樂元✨ - 遠雄房地產,/activity-report/遠雄樂元✨暢遊幸福新樂元✨/,1,1,1,1,0
google / cpc,(organic),遠雄沐蘊 住進自然裡的美術館🌿沐蘊新春樂 - 遠雄房地產,/activity-report/遠雄沐蘊-住進自然裡的美術館🌿沐蘊新春樂/,1,1,1,1,32
fgr-line / eh1,20260210,遠雄沐蘊 住進自然裡的美術館🌿沐蘊新春樂 - 遠雄房地產,/activity-report/遠雄沐蘊-住進自然裡的美術館🌿沐蘊新春樂/,1,1,1,1,7
fgr-line / eh6,20260210,遠雄沐蘊 住進自然裡的美術館🌿沐蘊新春樂 - 遠雄房地產,/activity-report/遠雄沐蘊-住進自然裡的美術館🌿沐蘊新春樂/,1,1,2,2,0
fgr-line / h707,20260210,遠雄沐蘊 住進自然裡的美術館🌿沐蘊新春樂 - 遠雄房地產,/activity-report/遠雄沐蘊-住進自然裡的美術館🌿沐蘊新春樂/,1,1,1,1,38
(not set),20260213一輪播,遠雄沐蘊 住進自然裡的美術館🌿沐蘊新春樂 - 遠雄房地產,/activity-report/遠雄沐蘊-住進自然裡的美術館🌿沐蘊新春樂/,1,1,1,1,7
google / organic,(organic),遠雄沐蘊 | 夏日感恩大回饋🎁好鄰介紹所開張囉! - 遠雄房地產,/activity-report/遠雄沐蘊-夏日感恩大回饋-好鄰介紹所開張囉/,1,1,1,1,50
fgr-line / ah2,20260210,(2) 封未讀訊息 | 遠雄泱玥 圍爐煮茶．曉光迎福 - 遠雄房地產,/activity-report/遠雄泱玥-圍爐煮茶．曉光迎福/,1,1,0,0,15
fgr-line / bh10,20260210,遠雄泱玥 圍爐煮茶．曉光迎福 - 遠雄房地產,/activity-report/遠雄泱玥-圍爐煮茶．曉光迎福/,1,1,1,1,29
fgr-line / bh7,20260210,遠雄泱玥 圍爐煮茶．曉光迎福 - 遠雄房地產,/activity-report/遠雄泱玥-圍爐煮茶．曉光迎福/,1,1,1,1,3
fgr-line / eh1,20260210,遠雄泱玥 圍爐煮茶．曉光迎福 - 遠雄房地產,/activity-report/遠雄泱玥-圍爐煮茶．曉光迎福/,1,1,2,2,5
omnichat / chatbot_webchat,chatbot_webchat_Raccoon+AI,遠雄泱玥 圍爐煮茶．曉光迎福 - 遠雄房地產,/activity-report/遠雄泱玥-圍爐煮茶．曉光迎福/,1,1,1,1,0
socialmedia / fh2,fbfh2info,遠雄泱玥 圍爐煮茶．曉光迎福 - 遠雄房地產,/activity-report/遠雄泱玥-圍爐煮茶．曉光迎福/,1,1,3,3,14
(direct) / (none),(direct),遠雄純寓 水湳上城 瑞虎迎新 - 遠雄房地產,/activity-report/遠雄純寓-水湳上城-瑞虎迎新/,1,1,1,1,0
google / organic,(organic),遠雄藝舍 限時感謝祭🌸賞屋抽機票🛫購屋再送精品家電! - 遠雄房地產,/activity-report/遠雄藝舍-限時感謝祭賞屋抽機票購屋送家電/,1,1,1,1,7
fgr-line / ah2,20260210,遠雄峰蘊🐴馬躍峰境 蘊見好年 - 遠雄房地產,/activity-report/馬躍峰境-蘊見好年/,1,1,2,2,0
fgr-line / fh2,20260210,遠雄峰蘊🐴馬躍峰境 蘊見好年 - 遠雄房地產,/activity-report/馬躍峰境-蘊見好年/,1,1,1,1,1
(direct) / (none),(direct),馬躍峰境 蘊見好年 - 遠雄房地產,/activity-report/馬躍峰境-蘊見好年/,1,1,1,1,7
tagassistant.google.com / referral,(referral),馬躍峰境 蘊見好年 - 遠雄房地產,/activity-report/馬躍峰境-蘊見好年/,1,1,2,2,31
socialmedia / fh2,fbfh2info,馬躍峰境 蘊見好年 - 遠雄房地產,/activity-report/馬躍峰境-蘊見好年/,1,1,1,1,0
google / cpc,(not set),活動報報：最新活動一覽與公告資訊 -遠雄房地產,/activity_report/,1,1,1,1,0
bing / organic,(organic),活動報報：最新活動一覽與公告資訊 -遠雄房地產,/activity_report/,1,1,1,1,1
tagassistant.google.com / referral,(referral),活動報報：最新活動一覽與公告資訊 -遠雄房地產,/activity_report/,1,1,1,1,0
fb / hm2,0210,活動報報：最新活動一覽與公告資訊 -遠雄房地產,/activity_report/,1,1,1,1,5
fb / eh1,11-1,活動報報：最新活動一覽與公告資訊 -遠雄房地產,/activity_report/,1,1,1,1,0
google / cpc,20250616_品牌字,活動報報：最新活動一覽與公告資訊 -遠雄房地產,/activity_report/,1,1,1,1,0
google_kw / 5vo1,202511,活動報報：最新活動一覽與公告資訊 -遠雄房地產,/activity_report/,1,1,1,1,0
fgr-line / bh10,20260206,活動報報：最新活動一覽與公告資訊 -遠雄房地產,/activity_report/,1,1,3,3,3
fgr-line / cqh1,20260210,活動報報：最新活動一覽與公告資訊 -遠雄房地產,/activity_report/,1,1,2,2,16
fgr-line / h707,20260210,活動報報：最新活動一覽與公告資訊 -遠雄房地產,/activity_report/,1,1,1,1,4
google / cpc,BH10-十四期區域字,活動報報：最新活動一覽與公告資訊 -遠雄房地產,/activity_report/,1,1,1,1,0
google / cpc,BH10-競品字,活動報報：最新活動一覽與公告資訊 -遠雄房地產,/activity_report/,1,1,1,1,1
google / cpc,CQH1-買房字,活動報報：最新活動一覽與公告資訊 -遠雄房地產,/activity_report/,1,1,1,1,1
google / cpc,Pmax,活動報報：最新活動一覽與公告資訊 -遠雄房地產,/activity_report/,1,1,1,1,7
google / cpc,brand,活動報報：最新活動一覽與公告資訊 -遠雄房地產,/activity_report/,1,1,1,1,6
fb / rsh1,fb2-4,活動報報：最新活動一覽與公告資訊 -遠雄房地產,/activity_report/,1,1,1,1,0
fb / bh8,fb25-4,活動報報：最新活動一覽與公告資訊 -遠雄房地產,/activity_report/,1,1,1,1,24
socialmedia / eh6,fbeh6info,活動報報：最新活動一覽與公告資訊 -遠雄房地產,/activity_report/,1,1,1,1,0
console.omnichat.ai / referral,(referral),活動一覽：建案活動與會員好禮 -遠雄房地產,/activity_report/activities_glance/,1,1,1,1,8
tagassistant.google.com / referral,(referral),活動一覽：建案活動與會員好禮 -遠雄房地產,/activity_report/activities_glance/,1,1,7,7,107
tong-yuan.com.tw / referral,(referral),活動一覽：建案活動與會員好禮 -遠雄房地產,/activity_report/activities_glance/,1,1,1,1,1
fb / hm2,0210,活動一覽：建案活動與會員好禮 -遠雄房地產,/activity_report/activities_glance/,1,1,2,2,60
fgr-line / ah2,20260210,活動一覽：建案活動與會員好禮 -遠雄房地產,/activity_report/activities_glance/,1,1,1,1,1
fgr-line / cqh1,20260210,活動一覽：建案活動與會員好禮 -遠雄房地產,/activity_report/activities_glance/,1,1,3,3,67
fgr-line / dh2,20260210,活動一覽：建案活動與會員好禮 -遠雄房地產,/activity_report/activities_glance/,1,1,3,3,37
google / cpc,CQH1-買房字,活動一覽：建案活動與會員好禮 -遠雄房地產,/activity_report/activities_glance/,1,1,1,1,44
google / cpc,O1_競品字_2025.0801,活動一覽：建案活動與會員好禮 -遠雄房地產,/activity_report/activities_glance/,1,1,1,1,96
google / cpc,Pmax,活動一覽：建案活動與會員好禮 -遠雄房地產,/activity_report/activities_glance/,1,1,4,4,92
google / cpc,brand,活動一覽：建案活動與會員好禮 -遠雄房地產,/activity_report/activities_glance/,1,1,1,1,6
fgr-line / fgr,expert_zhu_taiwan-land-scam,活動一覽：建案活動與會員好禮 -遠雄房地產,/activity_report/activities_glance/,1,1,3,3,239
fb / bh11,fanpagebutton,活動一覽：建案活動與會員好禮 -遠雄房地產,/activity_report/activities_glance/,1,1,2,2,57
fb / eh6,fb1-3,活動一覽：建案活動與會員好禮 -遠雄房地產,/activity_report/activities_glance/,1,1,1,1,0
fb / bh10,fbfanpage1212,活動一覽：建案活動與會員好禮 -遠雄房地產,/activity_report/activities_glance/,1,1,1,1,22
fb / hm2,0210,公告資訊 - 遠雄房地產,/activity_report/announcement_information/,1,1,1,1,0
google / cpc,202511,公告資訊 - 遠雄房地產,/activity_report/announcement_information/,1,1,1,1,13
google / cpc,O1_競品字_2025.0801,公告資訊 - 遠雄房地產,/activity_report/announcement_information/,1,1,1,1,16
google / cpc,Pmax,公告資訊 - 遠雄房地產,/activity_report/announcement_information/,1,1,3,3,28
google / cpc,Sanmin,公告資訊 - 遠雄房地產,/activity_report/announcement_information/,1,1,1,1,10
google / cpc,brand,公告資訊 - 遠雄房地產,/activity_report/announcement_information/,1,1,1,1,3
fb / eh6,fb1-6,公告資訊 - 遠雄房地產,/activity_report/announcement_information/,1,1,1,1,0
socialmedia / fh2,fbfh2info,公告資訊 - 遠雄房地產,/activity_report/announcement_information/,1,1,1,1,2
google / cpc,gdn11-2,公告資訊 - 遠雄房地產,/activity_report/announcement_information/,1,1,1,1,0
fb / eh5,park,公告資訊 - 遠雄房地產,/activity_report/announcement_information/,1,1,1,1,13
google / organic,(organic),找不到頁面 - 遠雄房地產,/actual_selling_price20220708/,1,1,1,1,5
(direct) / (none),(direct),找不到頁面 - 遠雄房地產,/ad/adhome/7,1,1,1,1,0
tw.search.yahoo.com / referral,(referral),遠雄明玥 | 北士科水岸新生活．2000坪全街廓，只蓋一棟｜25-46坪-鍾辰亞-遠雄房地產 Farglory-Realty,/ah1/G0215,1,1,1,1,15
tw.search.yahoo.com / referral,(referral),遠雄明玥 | 北士科水岸新生活．2000坪全街廓，只蓋一棟｜25-46坪-蔡定誠-遠雄房地產 Farglory-Realty,/ah1/b4720,1,1,1,1,42
(not set),(not set),遠雄明玥 | 北士科水岸新生活．2000坪全街廓，只蓋一棟｜25-46坪-周繹加-遠雄房地產 Farglory-Realty,/ah1/b5654,1,1,1,1,0
google / cpc,(organic),遠雄明玥 | 北士科水岸新生活．2000坪全街廓，只蓋一棟｜25-46坪-周繹加-遠雄房地產 Farglory-Realty,/ah1/b5654,1,1,1,1,4
fb / h713,115,遠雄明玥 | 北士科水岸新生活．2000坪全街廓，只蓋一棟｜25-46坪-周繹加-遠雄房地產 Farglory-Realty,/ah1/b5654,1,1,1,1,2
webnews / h707,20260116,遠雄明玥 | 北士科水岸新生活．2000坪全街廓，只蓋一棟｜25-46坪-周繹加-遠雄房地產 Farglory-Realty,/ah1/b5654,1,1,3,3,32
webnews / h707,20260116,遠雄明玥 | 北士科水岸新生活．2000坪全街廓，只蓋一棟｜25-46坪,/ah1/main,1,1,1,1,0
(not set),北投士林,遠雄泱玥 | 水岸正首席．北士科首獻｜57-75坪-周繹加-遠雄房地產 Farglory-Realty,/ah2/B5654,1,1,1,1,0
(direct) / (none),(direct),遠雄泱玥 | 水岸正首席．北士科首獻｜57-75坪-莊博謙-遠雄房地產 Farglory-Realty,/ah2/b5779,1,1,2,2,25
(direct) / (none),(direct),2025三月主題報 - 遠雄房地產,/ap2r2025/,1,1,1,1,0
(direct) / (none),(direct),2025四月主題報 - 遠雄房地產,/apr2025/,1,1,1,1,3
(direct) / (none),(direct),生活提案： 專家房市觀點、空間美學指南 -遠雄房地產,/article/detail/53,1,1,1,1,0
(direct) / (none),(direct),生活提案： 專家房市觀點、空間美學指南 -遠雄房地產,/article/detail/56,1,1,1,1,0
(direct) / (none),(direct),生活提案： 專家房市觀點、空間美學指南 -遠雄房地產,/article/detail/642,1,1,1,1,0
(direct) / (none),(direct),生活提案： 專家房市觀點、空間美學指南 -遠雄房地產,/article/detail/694,1,1,1,1,0
mkto-sn070013.com / referral,(referral),2025八月主題報 - 遠雄房地產,/aug2025/,1,1,1,1,1
google / cpc,20250616_品牌字,找不到頁面 - 遠雄房地產,/b01,1,1,2,2,4
(direct) / (none),(direct),遠雄房地產：最懂生活的購屋專家,/bayarea,1,1,1,1,0
google / organic,(organic),遠雄敦富-魏子鈞-遠雄房地產 Farglory-Realty,/bh10/b5338,1,1,1,1,12
(direct) / (none),(direct),遠雄丰尚-陳蘊文-遠雄房地產 Farglory-Realty,/bh11/G1189,1,1,1,1,25
facebook.com / referral,(referral),找不到頁面 - 遠雄房地產,/build/Detail/H99,1,1,1,1,5
facebook.com / referral,(referral),找不到頁面 - 遠雄房地產,/build/detail/14,1,1,1,1,7
(direct) / (none),(direct),找不到頁面 - 遠雄房地產,/build/detail/24,1,1,1,1,0
news / h153,news,找不到頁面 - 遠雄房地產,/build/detail/h153,1,1,2,2,0
(direct) / (none),(direct),找不到頁面 - 遠雄房地產,/build/detail/h602,1,1,1,1,0
google / vg,small,找不到頁面 - 遠雄房地產,/build/detail/h603,1,1,1,1,0
ettoday_news / referral,H608,找不到頁面 - 遠雄房地產,/build/detail/h608,1,1,1,1,1
google / cpc,Brand_0804,找不到頁面 - 遠雄房地產,/build/detail/h79,1,1,1,1,1
(direct) / (none),(direct),找不到頁面 - 遠雄房地產,/build/detail/h809,1,1,1,1,0
google / cpc,brand,遠雄房地產精選成屋(台北、新北、台中、桃園、台南、高雄) - 遠雄房地產,/building-category-tag/featured_existing_house/,1,1,1,1,27
fb / o1,fb28-1,遠雄房地產精選成屋(台北、新北、台中、桃園、台南、高雄) - 遠雄房地產,/building-category-tag/featured_existing_house/,1,1,1,1,10
google / cpc,DGM1-地區字,Selected information on pre-sale/newly built/newly constructed industrial and commercial buildings | Farglory Realty,/building-category-tag/featured_factory_office/,1,1,0,0,16
(direct) / (none),(direct),精選廠辦 相關預售屋/新成屋/新建案資料|遠雄房地產,/building-category-tag/featured_factory_office/,1,1,1,1,0
google / cpc,(organic),精選廠辦 相關預售屋/新成屋/新建案資料|遠雄房地產,/building-category-tag/featured_factory_office/,1,1,1,1,0
google / cpc,1102G,精選廠辦 相關預售屋/新成屋/新建案資料|遠雄房地產,/building-category-tag/featured_factory_office/,1,1,1,1,0
google / cpc,1204G,精選廠辦 相關預售屋/新成屋/新建案資料|遠雄房地產,/building-category-tag/featured_factory_office/,1,1,1,1,0
google / cpc,202602,精選廠辦 相關預售屋/新成屋/新建案資料|遠雄房地產,/building-category-tag/featured_factory_office/,1,1,1,1,70
fb / hm2,251202,精選廠辦 相關預售屋/新成屋/新建案資料|遠雄房地產,/building-category-tag/featured_factory_office/,1,1,1,1,8
google / cpc,CQH1-地區字,精選廠辦 相關預售屋/新成屋/新建案資料|遠雄房地產,/building-category-tag/featured_factory_office/,1,1,1,1,2
google / cpc,Pmax,精選廠辦 相關預售屋/新成屋/新建案資料|遠雄房地產,/building-category-tag/featured_factory_office/,1,1,2,2,17
google_kw / fm3,googlemap,精選廠辦 相關預售屋/新成屋/新建案資料|遠雄房地產,/building-category-tag/featured_factory_office/,1,1,1,1,5
line-lap / eh2,20260204A,(1) 封未讀訊息 | 遠雄房地產精選預售屋(台北、新北、台中、桃園、台南、高雄) - 遠雄房地產,/building-category-tag/featured_pre_sale/,1,1,0,0,7
line-lap / eh2,20260204B,(1) 封未讀訊息 | 遠雄房地產精選預售屋(台北、新北、台中、桃園、台南、高雄) - 遠雄房地產,/building-category-tag/featured_pre_sale/,1,1,0,0,37
google / cpc,com,(1) 封未讀訊息 | 遠雄房地產精選預售屋(台北、新北、台中、桃園、台南、高雄) - 遠雄房地產,/building-category-tag/featured_pre_sale/,1,1,1,1,0
google_kw / 5vo1,202511,"Farglory Real Estate's Selected Pre-sale Homes (Taipei, New Taipei, Taichung, Taoyuan, Tainan, Kaohsiung) - Farglory Real Estate",/building-category-tag/featured_pre_sale/,1,1,0,0,10
yahoo / organic,(organic),遠雄房地產精選預售屋(台北、新北、台中、桃園、台南、高雄) - 遠雄房地產,/building-category-tag/featured_pre_sale/,1,1,1,1,0
dogreat.com.tw / referral,(referral),遠雄房地產精選預售屋(台北、新北、台中、桃園、台南、高雄) - 遠雄房地產,/building-category-tag/featured_pre_sale/,1,1,1,1,3
l.facebook.com / referral,(referral),遠雄房地產精選預售屋(台北、新北、台中、桃園、台南、高雄) - 遠雄房地產,/building-category-tag/featured_pre_sale/,1,1,1,1,38
mkto-sn070013.com / referral,(referral),遠雄房地產精選預售屋(台北、新北、台中、桃園、台南、高雄) - 遠雄房地產,/building-category-tag/featured_pre_sale/,1,1,1,1,26
fb / eh2,12-4,遠雄房地產精選預售屋(台北、新北、台中、桃園、台南、高雄) - 遠雄房地產,/building-category-tag/featured_pre_sale/,1,1,1,1,23
fb / eh2,12-5,遠雄房地產精選預售屋(台北、新北、台中、桃園、台南、高雄) - 遠雄房地產,/building-category-tag/featured_pre_sale/,1,1,1,1,0
fb / paid,120207082473750558,遠雄房地產精選預售屋(台北、新北、台中、桃園、台南、高雄) - 遠雄房地產,/building-category-tag/featured_pre_sale/,1,1,1,1,6
fb / paid,120210867110050402,遠雄房地產精選預售屋(台北、新北、台中、桃園、台南、高雄) - 遠雄房地產,/building-category-tag/featured_pre_sale/,1,1,1,1,7
ig / paid,120222246228310066,遠雄房地產精選預售屋(台北、新北、台中、桃園、台南、高雄) - 遠雄房地產,/building-category-tag/featured_pre_sale/,1,1,1,1,0
fb / paid,120222247205050066,遠雄房地產精選預售屋(台北、新北、台中、桃園、台南、高雄) - 遠雄房地產,/building-category-tag/featured_pre_sale/,1,1,1,1,3
ig / paid,120229456515280138,遠雄房地產精選預售屋(台北、新北、台中、桃園、台南、高雄) - 遠雄房地產,/building-category-tag/featured_pre_sale/,1,1,1,1,3
ig / paid,120229486716970138,遠雄房地產精選預售屋(台北、新北、台中、桃園、台南、高雄) - 遠雄房地產,/building-category-tag/featured_pre_sale/,1,1,1,1,0
ig / paid,120233718740630316,遠雄房地產精選預售屋(台北、新北、台中、桃園、台南、高雄) - 遠雄房地產,/building-category-tag/featured_pre_sale/,1,1,1,1,8
ig / paid,120238552444900537,遠雄房地產精選預售屋(台北、新北、台中、桃園、台南、高雄) - 遠雄房地產,/building-category-tag/featured_pre_sale/,1,1,1,1,7
ig / paid,120241173002890402,遠雄房地產精選預售屋(台北、新北、台中、桃園、台南、高雄) - 遠雄房地產,/building-category-tag/featured_pre_sale/,1,1,1,1,11
ig / paid,120241218501380402,遠雄房地產精選預售屋(台北、新北、台中、桃園、台南、高雄) - 遠雄房地產,/building-category-tag/featured_pre_sale/,1,1,2,2,36
fb / paid,120242233664400316,遠雄房地產精選預售屋(台北、新北、台中、桃園、台南、高雄) - 遠雄房地產,/building-category-tag/featured_pre_sale/,1,1,1,1,22
fb / paid,120243215782540316,遠雄房地產精選預售屋(台北、新北、台中、桃園、台南、高雄) - 遠雄房地產,/building-category-tag/featured_pre_sale/,1,1,1,1,29
fb / bh7,15,遠雄房地產精選預售屋(台北、新北、台中、桃園、台南、高雄) - 遠雄房地產,/building-category-tag/featured_pre_sale/,1,1,1,1,7
fb / bh7,16,遠雄房地產精選預售屋(台北、新北、台中、桃園、台南、高雄) - 遠雄房地產,/building-category-tag/featured_pre_sale/,1,1,1,1,4
google_kw / BH8,20240816_台中水湳,遠雄房地產精選預售屋(台北、新北、台中、桃園、台南、高雄) - 遠雄房地產,/building-category-tag/featured_pre_sale/,1,1,1,1,2
google_kw / BH8,20240816_台中高價建案,遠雄房地產精選預售屋(台北、新北、台中、桃園、台南、高雄) - 遠雄房地產,/building-category-tag/featured_pre_sale/,1,1,2,2,21
google_kw / BH8,20240816_透天/豪宅/別墅,遠雄房地產精選預售屋(台北、新北、台中、桃園、台南、高雄) - 遠雄房地產,/building-category-tag/featured_pre_sale/,1,1,1,1,0
google / cpc,20250616_競品字,遠雄房地產精選預售屋(台北、新北、台中、桃園、台南、高雄) - 遠雄房地產,/building-category-tag/featured_pre_sale/,1,1,1,1,4
google / cpc,202511,遠雄房地產精選預售屋(台北、新北、台中、桃園、台南、高雄) - 遠雄房地產,/building-category-tag/featured_pre_sale/,1,1,1,1,85
(not set),20251209一輪播,遠雄房地產精選預售屋(台北、新北、台中、桃園、台南、高雄) - 遠雄房地產,/building-category-tag/featured_pre_sale/,1,1,2,2,56
google / cpc,202601,遠雄房地產精選預售屋(台北、新北、台中、桃園、台南、高雄) - 遠雄房地產,/building-category-tag/featured_pre_sale/,1,1,1,1,3
google / cpc,20260113-12-3,遠雄房地產精選預售屋(台北、新北、台中、桃園、台南、高雄) - 遠雄房地產,/building-category-tag/featured_pre_sale/,1,1,1,1,24
line / bh11,20260113-12-4,遠雄房地產精選預售屋(台北、新北、台中、桃園、台南、高雄) - 遠雄房地產,/building-category-tag/featured_pre_sale/,1,1,1,1,18
line-lap / eh2,20260204C,遠雄房地產精選預售屋(台北、新北、台中、桃園、台南、高雄) - 遠雄房地產,/building-category-tag/featured_pre_sale/,1,1,1,1,66
fgr-line / eh5,20260210,遠雄房地產精選預售屋(台北、新北、台中、桃園、台南、高雄) - 遠雄房地產,/building-category-tag/featured_pre_sale/,1,1,1,1,32
fgr-line / eh6,20260210,遠雄房地產精選預售屋(台北、新北、台中、桃園、台南、高雄) - 遠雄房地產,/building-category-tag/featured_pre_sale/,1,1,1,1,17
fgr-line / eh6,20260212,遠雄房地產精選預售屋(台北、新北、台中、桃園、台南、高雄) - 遠雄房地產,/building-category-tag/featured_pre_sale/,1,1,1,1,0
fgr-line / bh7,20260220,遠雄房地產精選預售屋(台北、新北、台中、桃園、台南、高雄) - 遠雄房地產,/building-category-tag/featured_pre_sale/,1,1,1,1,28
fb / bh5,39,遠雄房地產精選預售屋(台北、新北、台中、桃園、台南、高雄) - 遠雄房地產,/building-category-tag/featured_pre_sale/,1,1,1,1,126
fb / bh5,45,遠雄房地產精選預售屋(台北、新北、台中、桃園、台南、高雄) - 遠雄房地產,/building-category-tag/featured_pre_sale/,1,1,2,2,10
fb / bh5,49,遠雄房地產精選預售屋(台北、新北、台中、桃園、台南、高雄) - 遠雄房地產,/building-category-tag/featured_pre_sale/,1,1,1,1,21
google / cpc,BH10-品牌字,遠雄房地產精選預售屋(台北、新北、台中、桃園、台南、高雄) - 遠雄房地產,/building-category-tag/featured_pre_sale/,1,1,1,1,5
google / cpc,BH10-競品字,遠雄房地產精選預售屋(台北、新北、台中、桃園、台南、高雄) - 遠雄房地產,/building-category-tag/featured_pre_sale/,1,1,1,1,16
google / cpc,DGM1-競品字,遠雄房地產精選預售屋(台北、新北、台中、桃園、台南、高雄) - 遠雄房地產,/building-category-tag/featured_pre_sale/,1,1,1,1,13
web-edm / bh11,DM_202509,遠雄房地產精選預售屋(台北、新北、台中、桃園、台南、高雄) - 遠雄房地產,/building-category-tag/featured_pre_sale/,1,1,2,2,14
google / cpc,RSH1-地區字新北,遠雄房地產精選預售屋(台北、新北、台中、桃園、台南、高雄) - 遠雄房地產,/building-category-tag/featured_pre_sale/,1,1,1,1,6
google / cpc,RSH1-競品字,遠雄房地產精選預售屋(台北、新北、台中、桃園、台南、高雄) - 遠雄房地產,/building-category-tag/featured_pre_sale/,1,1,3,3,31
pmp / ah1,avivid-2,遠雄房地產精選預售屋(台北、新北、台中、桃園、台南、高雄) - 遠雄房地產,/building-category-tag/featured_pre_sale/,1,1,1,1,12
google / cpc,beitun,遠雄房地產精選預售屋(台北、新北、台中、桃園、台南、高雄) - 遠雄房地產,/building-category-tag/featured_pre_sale/,1,1,2,2,30
webnews / eh2,ctee_202512,遠雄房地產精選預售屋(台北、新北、台中、桃園、台南、高雄) - 遠雄房地產,/building-category-tag/featured_pre_sale/,1,1,1,1,47
fb / eh1,eh1ig,遠雄房地產精選預售屋(台北、新北、台中、桃園、台南、高雄) - 遠雄房地產,/building-category-tag/featured_pre_sale/,1,1,2,2,13
fb / bh11,fanpagebutton,遠雄房地產精選預售屋(台北、新北、台中、桃園、台南、高雄) - 遠雄房地產,/building-category-tag/featured_pre_sale/,1,1,1,1,44
fb / ah1,fb-3,遠雄房地產精選預售屋(台北、新北、台中、桃園、台南、高雄) - 遠雄房地產,/building-category-tag/featured_pre_sale/,1,1,1,1,2
fb / dh2,fb-50,遠雄房地產精選預售屋(台北、新北、台中、桃園、台南、高雄) - 遠雄房地產,/building-category-tag/featured_pre_sale/,1,1,1,1,31
fb / dh2,fb-52,遠雄房地產精選預售屋(台北、新北、台中、桃園、台南、高雄) - 遠雄房地產,/building-category-tag/featured_pre_sale/,1,1,1,1,14
fb / dh2,fb-53,遠雄房地產精選預售屋(台北、新北、台中、桃園、台南、高雄) - 遠雄房地產,/building-category-tag/featured_pre_sale/,1,1,1,1,84
fb / fh2,fb1-1,遠雄房地產精選預售屋(台北、新北、台中、桃園、台南、高雄) - 遠雄房地產,/building-category-tag/featured_pre_sale/,1,1,1,1,0
fb / rsh1,fb1-1,遠雄房地產精選預售屋(台北、新北、台中、桃園、台南、高雄) - 遠雄房地產,/building-category-tag/featured_pre_sale/,1,1,1,1,1
fb / rsh1,fb1-5,遠雄房地產精選預售屋(台北、新北、台中、桃園、台南、高雄) - 遠雄房地產,/building-category-tag/featured_pre_sale/,1,1,1,1,14
fb / fh2,fb12-2,遠雄房地產精選預售屋(台北、新北、台中、桃園、台南、高雄) - 遠雄房地產,/building-category-tag/featured_pre_sale/,1,1,1,1,5
fb / eh1,fb20261-3,遠雄房地產精選預售屋(台北、新北、台中、桃園、台南、高雄) - 遠雄房地產,/building-category-tag/featured_pre_sale/,1,1,1,1,38
fb / bh10,fb20261-4,遠雄房地產精選預售屋(台北、新北、台中、桃園、台南、高雄) - 遠雄房地產,/building-category-tag/featured_pre_sale/,1,1,1,1,19
fb / eh1,fb20262-3,遠雄房地產精選預售屋(台北、新北、台中、桃園、台南、高雄) - 遠雄房地產,/building-category-tag/featured_pre_sale/,1,1,1,1,0
fb / bh8,fb24-1,遠雄房地產精選預售屋(台北、新北、台中、桃園、台南、高雄) - 遠雄房地產,/building-category-tag/featured_pre_sale/,1,1,1,1,43
fb / bh10,fbearlybird_form,遠雄房地產精選預售屋(台北、新北、台中、桃園、台南、高雄) - 遠雄房地產,/building-category-tag/featured_pre_sale/,1,1,1,1,13
fb / bh10,fbfanpage,遠雄房地產精選預售屋(台北、新北、台中、桃園、台南、高雄) - 遠雄房地產,/building-category-tag/featured_pre_sale/,1,1,1,1,18
fb / eh1,fbfanpage0211,遠雄房地產精選預售屋(台北、新北、台中、桃園、台南、高雄) - 遠雄房地產,/building-category-tag/featured_pre_sale/,1,1,1,1,4
fb / fh2,fbfanpage0212,遠雄房地產精選預售屋(台北、新北、台中、桃園、台南、高雄) - 遠雄房地產,/building-category-tag/featured_pre_sale/,1,1,1,1,26
socialmedia / fh2,fbfh2info,遠雄房地產精選預售屋(台北、新北、台中、桃園、台南、高雄) - 遠雄房地產,/building-category-tag/featured_pre_sale/,1,1,1,1,15
fb / bh7,fbpage,遠雄房地產精選預售屋(台北、新北、台中、桃園、台南、高雄) - 遠雄房地產,/building-category-tag/featured_pre_sale/,1,1,1,1,0
fb / bh10,fbpost20262-6,遠雄房地產精選預售屋(台北、新北、台中、桃園、台南、高雄) - 遠雄房地產,/building-category-tag/featured_pre_sale/,1,1,1,1,0
fb / eh5,form,遠雄房地產精選預售屋(台北、新北、台中、桃園、台南、高雄) - 遠雄房地產,/building-category-tag/featured_pre_sale/,1,1,1,1,15
fb / eh1,formbutton,遠雄房地產精選預售屋(台北、新北、台中、桃園、台南、高雄) - 遠雄房地產,/building-category-tag/featured_pre_sale/,1,1,1,1,27
google / cpc,gdn-1,遠雄房地產精選預售屋(台北、新北、台中、桃園、台南、高雄) - 遠雄房地產,/building-category-tag/featured_pre_sale/,1,1,2,2,0
google / cpc,gdn-3,遠雄房地產精選預售屋(台北、新北、台中、桃園、台南、高雄) - 遠雄房地產,/building-category-tag/featured_pre_sale/,1,1,1,1,6
google_kw / ah1,googlemap,遠雄房地產精選預售屋(台北、新北、台中、桃園、台南、高雄) - 遠雄房地產,/building-category-tag/featured_pre_sale/,1,1,1,1,24
google_kw / fm3,googlemap,遠雄房地產精選預售屋(台北、新北、台中、桃園、台南、高雄) - 遠雄房地產,/building-category-tag/featured_pre_sale/,1,1,1,1,4
google_kw / h707,googlemap,遠雄房地產精選預售屋(台北、新北、台中、桃園、台南、高雄) - 遠雄房地產,/building-category-tag/featured_pre_sale/,1,1,1,1,0
fb / ar1,leads,遠雄房地產精選預售屋(台北、新北、台中、桃園、台南、高雄) - 遠雄房地產,/building-category-tag/featured_pre_sale/,1,1,1,1,1
fb / bh8,leads,遠雄房地產精選預售屋(台北、新北、台中、桃園、台南、高雄) - 遠雄房地產,/building-category-tag/featured_pre_sale/,1,1,2,2,26
fb / rsh1,leads,遠雄房地產精選預售屋(台北、新北、台中、桃園、台南、高雄) - 遠雄房地產,/building-category-tag/featured_pre_sale/,1,1,1,1,0
fgr-line / eh2,listbutton,遠雄房地產精選預售屋(台北、新北、台中、桃園、台南、高雄) - 遠雄房地產,/building-category-tag/featured_pre_sale/,1,1,0,0,0
google_kw / rsh1,newtaipei,遠雄房地產精選預售屋(台北、新北、台中、桃園、台南、高雄) - 遠雄房地產,/building-category-tag/featured_pre_sale/,1,1,1,1,11
google / cpc,othercities_brand,遠雄房地產精選預售屋(台北、新北、台中、桃園、台南、高雄) - 遠雄房地產,/building-category-tag/featured_pre_sale/,1,1,1,1,0
(data not available),(cross-network),遠雄房地產精選預售屋(台北、新北、台中、桃園、台南、高雄) - 遠雄房地產,/building-category-tag/featured_pre_sale/page/2/,1,1,4,4,40
tw.search.yahoo.com / referral,(referral),遠雄房地產精選預售屋(台北、新北、台中、桃園、台南、高雄) - 遠雄房地產,/building-category-tag/featured_pre_sale/page/2/,1,1,1,1,42
fb / h707,1,遠雄房地產精選預售屋(台北、新北、台中、桃園、台南、高雄) - 遠雄房地產,/building-category-tag/featured_pre_sale/page/2/,1,1,1,1,15
fb / eh2,12-4,遠雄房地產精選預售屋(台北、新北、台中、桃園、台南、高雄) - 遠雄房地產,/building-category-tag/featured_pre_sale/page/2/,1,1,1,1,9
ig / paid,120207082473750558,遠雄房地產精選預售屋(台北、新北、台中、桃園、台南、高雄) - 遠雄房地產,/building-category-tag/featured_pre_sale/page/2/,1,1,1,1,0
google_kw / BH8,20240816_品牌字,遠雄房地產精選預售屋(台北、新北、台中、桃園、台南、高雄) - 遠雄房地產,/building-category-tag/featured_pre_sale/page/2/,1,1,1,1,9
(not set),20251209一輪播,遠雄房地產精選預售屋(台北、新北、台中、桃園、台南、高雄) - 遠雄房地產,/building-category-tag/featured_pre_sale/page/2/,1,1,2,2,45
google / cpc,BH10-北屯區區域字,遠雄房地產精選預售屋(台北、新北、台中、桃園、台南、高雄) - 遠雄房地產,/building-category-tag/featured_pre_sale/page/2/,1,1,5,5,129
google / cpc,beitun,遠雄房地產精選預售屋(台北、新北、台中、桃園、台南、高雄) - 遠雄房地產,/building-category-tag/featured_pre_sale/page/2/,1,1,1,1,3
google / cpc,corearea0829,遠雄房地產精選預售屋(台北、新北、台中、桃園、台南、高雄) - 遠雄房地產,/building-category-tag/featured_pre_sale/page/2/,1,1,2,2,15
fb / dh2,fb-53,遠雄房地產精選預售屋(台北、新北、台中、桃園、台南、高雄) - 遠雄房地產,/building-category-tag/featured_pre_sale/page/2/,1,1,1,1,46
fb / eh1,fb20261-3,遠雄房地產精選預售屋(台北、新北、台中、桃園、台南、高雄) - 遠雄房地產,/building-category-tag/featured_pre_sale/page/2/,1,1,1,1,2
google / cpc,landmark0829,遠雄房地產精選預售屋(台北、新北、台中、桃園、台南、高雄) - 遠雄房地產,/building-category-tag/featured_pre_sale/page/2/,1,1,1,1,7
line-fgr / bh7,linefgrbh7,遠雄房地產精選預售屋(台北、新北、台中、桃園、台南、高雄) - 遠雄房地產,/building-category-tag/featured_pre_sale/page/2/,1,1,1,1,36
google / cpc,type,遠雄房地產精選預售屋(台北、新北、台中、桃園、台南、高雄) - 遠雄房地產,/building-category-tag/featured_pre_sale/page/2/,1,1,1,1,10
(direct) / (none),(direct),即將成屋 相關預售屋/新成屋/新建案資料|遠雄房地產,/building-category-tag/即將成屋/,1,1,1,1,6
google / cpc,(organic),精選商辦 相關預售屋/新成屋/新建案資料|遠雄房地產,/building-category-tag/精選商辦/,1,1,1,1,2
google / cpc,202601,精選商辦 相關預售屋/新成屋/新建案資料|遠雄房地產,/building-category-tag/精選商辦/,1,1,1,1,1
google / organic,(organic),店面 彙整 - 遠雄房地產,/building-category/brick/,1,1,2,2,29
(direct) / (none),(direct),廠辦 彙整 - 遠雄房地產,/building-category/factory-office/,1,1,1,1,0
(direct) / (none),(direct),住家 彙整 - 遠雄房地產,/building-category/general-residence/,1,1,1,1,0
fb / fbpage,(not set),親子宅相關預售屋/新成屋/新建案資料|遠雄房地產,/building-tag/build-tag-child/,1,1,1,1,16
bing / organic,(organic),親子宅相關預售屋/新成屋/新建案資料|遠雄房地產,/building-tag/build-tag-child/,1,1,1,1,6
google / organic,(organic),親子宅相關預售屋/新成屋/新建案資料|遠雄房地產,/building-tag/build-tag-child/,1,1,2,2,12
google / cpc,CQH1-品牌字,親子宅相關預售屋/新成屋/新建案資料|遠雄房地產,/building-tag/build-tag-child/,1,1,1,1,3
google / cpc,CQH1-地區字,親子宅相關預售屋/新成屋/新建案資料|遠雄房地產,/building-tag/build-tag-child/,1,1,1,1,8
google / cpc,RSH1-地區字,親子宅相關預售屋/新成屋/新建案資料|遠雄房地產,/building-tag/build-tag-child/,1,1,1,1,0
google / cpc,RSH1-地區字新北,親子宅相關預售屋/新成屋/新建案資料|遠雄房地產,/building-tag/build-tag-child/,1,1,1,1,6
fb / cqh1,fb-26,親子宅相關預售屋/新成屋/新建案資料|遠雄房地產,/building-tag/build-tag-child/,1,1,1,1,0
fb / dh2,fb-49,親子宅相關預售屋/新成屋/新建案資料|遠雄房地產,/building-tag/build-tag-child/,1,1,1,1,0
line-lap / eh2,20260204B,都會區相關預售屋/新成屋/新建案資料|遠雄房地產,/building-tag/build-tag-city/,1,1,1,1,2
fb / bh5,5,都會區相關預售屋/新成屋/新建案資料|遠雄房地產,/building-tag/build-tag-city/,1,1,1,1,0
google / cpc,BH10-北屯區區域字,都會區相關預售屋/新成屋/新建案資料|遠雄房地產,/building-tag/build-tag-city/,1,1,1,1,2
google / cpc,area,都會區相關預售屋/新成屋/新建案資料|遠雄房地產,/building-tag/build-tag-city/,1,1,1,1,2
google / cpc,brand,都會區相關預售屋/新成屋/新建案資料|遠雄房地產,/building-tag/build-tag-city/,1,1,2,2,55
fb / eh6,fb1-1,都會區相關預售屋/新成屋/新建案資料|遠雄房地產,/building-tag/build-tag-city/,1,1,1,1,1
google / cpc,gdn-2,都會區相關預售屋/新成屋/新建案資料|遠雄房地產,/building-tag/build-tag-city/,1,1,1,1,14
line-lap / ah1,lap-2,都會區相關預售屋/新成屋/新建案資料|遠雄房地產,/building-tag/build-tag-city/,1,1,1,1,5
fb / fh2,leads,都會區相關預售屋/新成屋/新建案資料|遠雄房地產,/building-tag/build-tag-city/,1,1,1,1,34
line-lap / bh10,line-lap20259-5,都會區相關預售屋/新成屋/新建案資料|遠雄房地產,/building-tag/build-tag-city/,1,1,1,1,9
line-fgr / bh7,linefgrbh7,都會區相關預售屋/新成屋/新建案資料|遠雄房地產,/building-tag/build-tag-city/,1,1,2,2,41
google / cpc,pmax,都會區相關預售屋/新成屋/新建案資料|遠雄房地產,/building-tag/build-tag-city/,1,1,1,1,3
(direct) / (none),(direct),都會區相關預售屋/新成屋/新建案資料|遠雄房地產,/building-tag/build-tag-city/page/2/,1,1,1,1,12
(direct) / (none),(direct),通用宅相關預售屋/新成屋/新建案資料|遠雄房地產,/building-tag/build-tag-current/,1,1,1,1,0
google / cpc,(organic),綠建築相關預售屋/新成屋/新建案資料|遠雄房地產,/building-tag/build-tag-green/,1,1,1,1,17
google_kw / h713,(organic),綠建築相關預售屋/新成屋/新建案資料|遠雄房地產,/building-tag/build-tag-green/,1,1,1,1,5
m.facebook.com / referral,(referral),綠建築相關預售屋/新成屋/新建案資料|遠雄房地產,/building-tag/build-tag-green/,1,1,2,2,6
fgr-line / eh2,20260210,綠建築相關預售屋/新成屋/新建案資料|遠雄房地產,/building-tag/build-tag-green/,1,1,1,1,0
fgr-line / ah1,20260220,綠建築相關預售屋/新成屋/新建案資料|遠雄房地產,/building-tag/build-tag-green/,1,1,1,1,47
fgr-line / bh7,20260220,綠建築相關預售屋/新成屋/新建案資料|遠雄房地產,/building-tag/build-tag-green/,1,1,1,1,8
google / cpc,RSH1-地區字新北,綠建築相關預售屋/新成屋/新建案資料|遠雄房地產,/building-tag/build-tag-green/,1,1,1,1,20
google / cpc,RSH1-買房字,綠建築相關預售屋/新成屋/新建案資料|遠雄房地產,/building-tag/build-tag-green/,1,1,1,1,11
google / cpc,banqiao,綠建築相關預售屋/新成屋/新建案資料|遠雄房地產,/building-tag/build-tag-green/,1,1,1,1,8
google / cpc,brand0829,綠建築相關預售屋/新成屋/新建案資料|遠雄房地產,/building-tag/build-tag-green/,1,1,1,1,0
google / cpc,com,綠建築相關預售屋/新成屋/新建案資料|遠雄房地產,/building-tag/build-tag-green/,1,1,1,1,2
google / cpc,dgc,綠建築相關預售屋/新成屋/新建案資料|遠雄房地產,/building-tag/build-tag-green/,1,1,1,1,126
fb / rsh1,fbfanpage,綠建築相關預售屋/新成屋/新建案資料|遠雄房地產,/building-tag/build-tag-green/,1,1,1,1,0
fb / rsh1,fbfanpage0108,綠建築相關預售屋/新成屋/新建案資料|遠雄房地產,/building-tag/build-tag-green/,1,1,1,1,30
line / rsh1,line-lap1-5_600x400,綠建築相關預售屋/新成屋/新建案資料|遠雄房地產,/building-tag/build-tag-green/,1,1,1,1,19
line-fgr / bh7,linefgrbh7,綠建築相關預售屋/新成屋/新建案資料|遠雄房地產,/building-tag/build-tag-green/,1,1,3,3,139
google / cpc,pmax,綠建築相關預售屋/新成屋/新建案資料|遠雄房地產,/building-tag/build-tag-green/,1,1,1,1,16
google / cpc,sitelink,綠建築相關預售屋/新成屋/新建案資料|遠雄房地產,/building-tag/build-tag-green/,1,1,1,1,7
(not set),20260213一輪播,綠建築相關預售屋/新成屋/新建案資料|遠雄房地產,/building-tag/build-tag-green/page/2/,1,1,1,1,10
(data not available),(cross-network),捷運宅相關預售屋/新成屋/新建案資料|遠雄房地產,/building-tag/build-tag-mrt/,1,1,1,1,11
google_kw / h713,(organic),捷運宅相關預售屋/新成屋/新建案資料|遠雄房地產,/building-tag/build-tag-mrt/,1,1,1,1,5
fb / eh1,11-1,捷運宅相關預售屋/新成屋/新建案資料|遠雄房地產,/building-tag/build-tag-mrt/,1,1,1,1,2
fgr-line / dh2,20260210,捷運宅相關預售屋/新成屋/新建案資料|遠雄房地產,/building-tag/build-tag-mrt/,1,1,1,1,44
google / cpc,20260213一輪播,捷運宅相關預售屋/新成屋/新建案資料|遠雄房地產,/building-tag/build-tag-mrt/,1,1,1,1,1
google / cpc,BH10-北屯區區域字,捷運宅相關預售屋/新成屋/新建案資料|遠雄房地產,/building-tag/build-tag-mrt/,1,1,1,1,0
google / cpc,BH10-競品字,捷運宅相關預售屋/新成屋/新建案資料|遠雄房地產,/building-tag/build-tag-mrt/,1,1,1,1,38
google / cpc,RSH1-品牌字,捷運宅相關預售屋/新成屋/新建案資料|遠雄房地產,/building-tag/build-tag-mrt/,1,1,1,1,0
google / cpc,RSH1-地區字,捷運宅相關預售屋/新成屋/新建案資料|遠雄房地產,/building-tag/build-tag-mrt/,1,1,1,1,2
google / cpc,RSH1-地區字新北,捷運宅相關預售屋/新成屋/新建案資料|遠雄房地產,/building-tag/build-tag-mrt/,1,1,7,7,91
google / cpc,dgc,捷運宅相關預售屋/新成屋/新建案資料|遠雄房地產,/building-tag/build-tag-mrt/,1,1,1,1,4
fb / bh8,fb25-4,捷運宅相關預售屋/新成屋/新建案資料|遠雄房地產,/building-tag/build-tag-mrt/,1,1,1,1,22
socialmedia / eh6,fbeh6info,捷運宅相關預售屋/新成屋/新建案資料|遠雄房地產,/building-tag/build-tag-mrt/,1,1,1,1,26
line-lap / ah1,lap-1,捷運宅相關預售屋/新成屋/新建案資料|遠雄房地產,/building-tag/build-tag-mrt/,1,1,4,4,32
fb / bh5,leads,捷運宅相關預售屋/新成屋/新建案資料|遠雄房地產,/building-tag/build-tag-mrt/,1,1,1,1,41
line-lap / fh2,line-lap12-2,捷運宅相關預售屋/新成屋/新建案資料|遠雄房地產,/building-tag/build-tag-mrt/,1,1,1,1,33
line-lap / fh2,line-lap12-3,捷運宅相關預售屋/新成屋/新建案資料|遠雄房地產,/building-tag/build-tag-mrt/,1,1,1,1,8
webnews / eh1,moneyudn_20251128,捷運宅相關預售屋/新成屋/新建案資料|遠雄房地產,/building-tag/build-tag-mrt/,1,1,2,2,27
google / cpc,pmax,捷運宅相關預售屋/新成屋/新建案資料|遠雄房地產,/building-tag/build-tag-mrt/,1,1,6,6,17
fgr-line / fgr,ratio_of_public_area,捷運宅相關預售屋/新成屋/新建案資料|遠雄房地產,/building-tag/build-tag-mrt/,1,1,1,1,0
google / cpc,type,捷運宅相關預售屋/新成屋/新建案資料|遠雄房地產,/building-tag/build-tag-mrt/,1,1,1,1,55
google / cpc,BH10-北屯區區域字,(1) 封未讀訊息 | 公園宅相關預售屋/新成屋/新建案資料|遠雄房地產,/building-tag/build-tag-park/,1,1,0,0,3
fb / bh10,fbearlybird_form,(1) 封未讀訊息 | 公園宅相關預售屋/新成屋/新建案資料|遠雄房地產,/building-tag/build-tag-park/,1,1,0,0,2
line-lap / bh5,(referral),公園宅相關預售屋/新成屋/新建案資料|遠雄房地產,/building-tag/build-tag-park/,1,1,1,1,64
m.facebook.com / referral,(referral),公園宅相關預售屋/新成屋/新建案資料|遠雄房地產,/building-tag/build-tag-park/,1,1,1,1,0
fb / bh5,2,公園宅相關預售屋/新成屋/新建案資料|遠雄房地產,/building-tag/build-tag-park/,1,1,1,1,0
google_kw / BH8,20240816_品牌字,公園宅相關預售屋/新成屋/新建案資料|遠雄房地產,/building-tag/build-tag-park/,1,1,1,1,2
google / cpc,20250616_競品字,公園宅相關預售屋/新成屋/新建案資料|遠雄房地產,/building-tag/build-tag-park/,1,1,1,1,8
fb / bh9,29,公園宅相關預售屋/新成屋/新建案資料|遠雄房地產,/building-tag/build-tag-park/,1,1,1,1,0
google / cpc,BH10-品牌字,公園宅相關預售屋/新成屋/新建案資料|遠雄房地產,/building-tag/build-tag-park/,1,1,1,1,0
google / cpc,Pmax,公園宅相關預售屋/新成屋/新建案資料|遠雄房地產,/building-tag/build-tag-park/,1,1,1,1,13
fb / bh10,fbearlybird_form,公園宅相關預售屋/新成屋/新建案資料|遠雄房地產,/building-tag/build-tag-park/,1,1,2,2,31
google / cpc,gdn-1,公園宅相關預售屋/新成屋/新建案資料|遠雄房地產,/building-tag/build-tag-park/,1,1,2,2,4
google / cpc,gdn-3,公園宅相關預售屋/新成屋/新建案資料|遠雄房地產,/building-tag/build-tag-park/,1,1,1,1,38
fb / bh5,leads,公園宅相關預售屋/新成屋/新建案資料|遠雄房地產,/building-tag/build-tag-park/,1,1,1,1,0
line-lap / fh2,line-lap12-2,公園宅相關預售屋/新成屋/新建案資料|遠雄房地產,/building-tag/build-tag-park/,1,1,2,2,42
(direct) / (none),(direct),公園宅相關預售屋/新成屋/新建案資料|遠雄房地產,/building-tag/build-tag-park/page/2/,1,1,1,1,0
google / cpc,(organic),公園宅相關預售屋/新成屋/新建案資料|遠雄房地產,/building-tag/build-tag-park/page/2/,1,1,1,1,12
fb / eh5,fb31-1,公園宅相關預售屋/新成屋/新建案資料|遠雄房地產,/building-tag/build-tag-park/page/2/,1,1,1,1,4
line-lap / fh2,line-lap12-2,公園宅相關預售屋/新成屋/新建案資料|遠雄房地產,/building-tag/build-tag-park/page/2/,1,1,1,1,8
fb / bh10,fbearlybird_form,(1) 封未讀訊息 | 重劃區相關預售屋/新成屋/新建案資料|遠雄房地產,/building-tag/build-tag-plan/,1,1,0,0,26
line / bh5,(not set),重劃區相關預售屋/新成屋/新建案資料|遠雄房地產,/building-tag/build-tag-plan/,1,1,1,1,4
perplexity / (not set),(not set),重劃區相關預售屋/新成屋/新建案資料|遠雄房地產,/building-tag/build-tag-plan/,1,1,1,1,36
fb / paid,120222247205050066,重劃區相關預售屋/新成屋/新建案資料|遠雄房地產,/building-tag/build-tag-plan/,1,1,1,1,21
fgr-line / ah2,20260210,重劃區相關預售屋/新成屋/新建案資料|遠雄房地產,/building-tag/build-tag-plan/,1,1,1,1,43
fgr-line / rsh1,20260210,重劃區相關預售屋/新成屋/新建案資料|遠雄房地產,/building-tag/build-tag-plan/,1,1,1,1,5
(not set),20260213一輪播,重劃區相關預售屋/新成屋/新建案資料|遠雄房地產,/building-tag/build-tag-plan/,1,1,2,2,47
google / cpc,BH10-台中區域字,重劃區相關預售屋/新成屋/新建案資料|遠雄房地產,/building-tag/build-tag-plan/,1,1,2,2,11
google / cpc,RSH1-地區字新北,重劃區相關預售屋/新成屋/新建案資料|遠雄房地產,/building-tag/build-tag-plan/,1,1,4,4,58
google / cpc,brand,重劃區相關預售屋/新成屋/新建案資料|遠雄房地產,/building-tag/build-tag-plan/,1,1,1,1,1
google_kw / rsh1,brand,重劃區相關預售屋/新成屋/新建案資料|遠雄房地產,/building-tag/build-tag-plan/,1,1,1,1,55
fb / rsh1,fb1-5,重劃區相關預售屋/新成屋/新建案資料|遠雄房地產,/building-tag/build-tag-plan/,1,1,1,1,0
fb / fh2,fb12-2,重劃區相關預售屋/新成屋/新建案資料|遠雄房地產,/building-tag/build-tag-plan/,1,1,1,1,21
fb / bh8,fb25-4,重劃區相關預售屋/新成屋/新建案資料|遠雄房地產,/building-tag/build-tag-plan/,1,1,1,1,23
fb / ar1,fb7-2,重劃區相關預售屋/新成屋/新建案資料|遠雄房地產,/building-tag/build-tag-plan/,1,1,1,1,0
fb / bh10,fbearlybird_form,重劃區相關預售屋/新成屋/新建案資料|遠雄房地產,/building-tag/build-tag-plan/,1,1,1,1,0
fb / rsh1,leads,重劃區相關預售屋/新成屋/新建案資料|遠雄房地產,/building-tag/build-tag-plan/,1,1,1,1,28
google / cpc,newtaipei,重劃區相關預售屋/新成屋/新建案資料|遠雄房地產,/building-tag/build-tag-plan/,1,1,1,1,11
fb / eh5,park,重劃區相關預售屋/新成屋/新建案資料|遠雄房地產,/building-tag/build-tag-plan/,1,1,1,1,6
google / cpc,pmax,重劃區相關預售屋/新成屋/新建案資料|遠雄房地產,/building-tag/build-tag-plan/,1,1,1,1,7
google / cpc,sitelink,重劃區相關預售屋/新成屋/新建案資料|遠雄房地產,/building-tag/build-tag-plan/,1,1,1,1,29
google / cpc,type,重劃區相關預售屋/新成屋/新建案資料|遠雄房地產,/building-tag/build-tag-plan/,1,1,1,1,8
(direct) / (none),(direct),重劃區相關預售屋/新成屋/新建案資料|遠雄房地產,/building-tag/build-tag-plan/page/2/,1,1,1,1,0
google / cpc,(organic),重劃區相關預售屋/新成屋/新建案資料|遠雄房地產,/building-tag/build-tag-plan/page/2/,1,1,1,1,15
google / cpc,RSH1-地區字新北,重劃區相關預售屋/新成屋/新建案資料|遠雄房地產,/building-tag/build-tag-plan/page/2/,1,1,1,1,20
google_kw / rsh1,brand,重劃區相關預售屋/新成屋/新建案資料|遠雄房地產,/building-tag/build-tag-plan/page/2/,1,1,1,1,15
fb / paid,120241173002890402,制震宅相關預售屋/新成屋/新建案資料|遠雄房地產,/building-tag/build-tag-quake/,1,1,1,1,7
fb / paid,120241218501380402,制震宅相關預售屋/新成屋/新建案資料|遠雄房地產,/building-tag/build-tag-quake/,1,1,1,1,4
web-ltn / h902,20240603,制震宅相關預售屋/新成屋/新建案資料|遠雄房地產,/building-tag/build-tag-quake/,1,1,1,1,13
leju / ah2,lejupage,制震宅相關預售屋/新成屋/新建案資料|遠雄房地產,/building-tag/build-tag-quake/,1,1,1,1,0
(direct) / (none),(direct),耐震標章 彙整 - 遠雄房地產,/building-tag/build-tag-quake/耐震標章/,1,1,1,1,6
google / organic,(organic),耐震標章 彙整 - 遠雄房地產,/building-tag/build-tag-quake/耐震標章/,1,1,1,1,3
google / cpc,brand,耐震標章 彙整 - 遠雄房地產,/building-tag/build-tag-quake/耐震標章/,1,1,1,1,10
(direct) / (none),(direct),水岸宅相關預售屋/新成屋/新建案資料|遠雄房地產,/building-tag/build-tag-river/,1,1,1,1,0
google / organic,(organic),水岸宅相關預售屋/新成屋/新建案資料|遠雄房地產,/building-tag/build-tag-river/,1,1,2,2,46
google / cpc,DGM1-品牌字,水岸宅相關預售屋/新成屋/新建案資料|遠雄房地產,/building-tag/build-tag-river/,1,1,2,2,13
google / cpc,gdn11-4,水岸宅相關預售屋/新成屋/新建案資料|遠雄房地產,/building-tag/build-tag-river/,1,1,1,1,2
google / organic,(organic),學區宅相關預售屋/新成屋/新建案資料|遠雄房地產,/building-tag/build-tag-school/,1,1,1,1,8
mkto-sn070013.com / referral,(referral),學區宅相關預售屋/新成屋/新建案資料|遠雄房地產,/building-tag/build-tag-school/,1,1,1,1,3
fb / paid,120207082473750558,學區宅相關預售屋/新成屋/新建案資料|遠雄房地產,/building-tag/build-tag-school/,1,1,1,1,64
ig / paid,120207082473750558,學區宅相關預售屋/新成屋/新建案資料|遠雄房地產,/building-tag/build-tag-school/,1,1,1,1,3
google_kw / bh10,14th-zone,學區宅相關預售屋/新成屋/新建案資料|遠雄房地產,/building-tag/build-tag-school/,1,1,1,1,15
google_kw / BH8,20240816_建築師字,學區宅相關預售屋/新成屋/新建案資料|遠雄房地產,/building-tag/build-tag-school/,1,1,1,1,11
google / cpc,202511,學區宅相關預售屋/新成屋/新建案資料|遠雄房地產,/building-tag/build-tag-school/,1,1,2,2,17
google / cpc,202601,學區宅相關預售屋/新成屋/新建案資料|遠雄房地產,/building-tag/build-tag-school/,1,1,1,1,3
fb / bh9,39,學區宅相關預售屋/新成屋/新建案資料|遠雄房地產,/building-tag/build-tag-school/,1,1,1,1,0
fb / bh9,8,學區宅相關預售屋/新成屋/新建案資料|遠雄房地產,/building-tag/build-tag-school/,1,1,1,1,0
google / cpc,BH10-台中區域字,學區宅相關預售屋/新成屋/新建案資料|遠雄房地產,/building-tag/build-tag-school/,1,1,1,1,2
google / cpc,brand0829,學區宅相關預售屋/新成屋/新建案資料|遠雄房地產,/building-tag/build-tag-school/,1,1,1,1,27
fb / eh2,fb13-4,學區宅相關預售屋/新成屋/新建案資料|遠雄房地產,/building-tag/build-tag-school/,1,1,1,1,7
google / cpc,gdn-3,學區宅相關預售屋/新成屋/新建案資料|遠雄房地產,/building-tag/build-tag-school/,1,1,1,1,11
fb / bh5,leads,學區宅相關預售屋/新成屋/新建案資料|遠雄房地產,/building-tag/build-tag-school/,1,1,1,1,16
google / cpc,othercities_brand,學區宅相關預售屋/新成屋/新建案資料|遠雄房地產,/building-tag/build-tag-school/,1,1,1,1,11
(direct) / (none),(direct),防疫宅相關預售屋/新成屋/新建案資料|遠雄房地產,/building-tag/build-tag-virus/,1,1,1,1,0
google_kw / h713,(organic),防疫宅相關預售屋/新成屋/新建案資料|遠雄房地產,/building-tag/build-tag-virus/,1,1,1,1,4
fb / h707,40,防疫宅相關預售屋/新成屋/新建案資料|遠雄房地產,/building-tag/build-tag-virus/,1,1,1,1,7
google / organic,(organic),商廠辦 彙整 - 遠雄房地產,/building-tag/商廠辦/,1,1,1,1,13
google / cpc,DGM1-地區字,商廠辦 彙整 - 遠雄房地產,/building-tag/商廠辦/,1,1,1,1,4
fb / rsh1,fb2-2,商廠辦 彙整 - 遠雄房地產,/building-tag/商廠辦/,1,1,1,1,0
(direct) / (none),(direct),商用不動產 彙整 - 遠雄房地產,/building-tag/商用不動產/,1,1,1,1,17
google / organic,(organic),商用不動產 彙整 - 遠雄房地產,/building-tag/商用不動產/,1,1,1,1,25
google / cpc,DGM1-品牌字,商用不動產 彙整 - 遠雄房地產,/building-tag/商用不動產/,1,1,1,1,8
fb / paid,120229486716970138,地標宅 彙整 - 遠雄房地產,/building-tag/地標宅/,1,1,2,2,9
fb / bh11,2-1,地標宅 彙整 - 遠雄房地產,/building-tag/地標宅/,1,1,1,1,0
fgr-line / bh7,20260220,地標宅 彙整 - 遠雄房地產,/building-tag/地標宅/,1,1,1,1,29
google / cpc,RSH1-競品字,地標宅 彙整 - 遠雄房地產,/building-tag/地標宅/,1,1,2,2,14
fb / fh2,fbfanpage0212,地標宅 彙整 - 遠雄房地產,/building-tag/地標宅/,1,1,1,1,12
google / cpc,(organic),招待會所 彙整 - 遠雄房地產,/building-tag/招待會所/,1,1,1,1,60
fb / paid,120210744263750402,招待會所 彙整 - 遠雄房地產,/building-tag/招待會所/,1,1,2,2,54
ig / paid,120238830796500617,招待會所 彙整 - 遠雄房地產,/building-tag/招待會所/,1,1,1,1,13
google_kw / BH8,20240816_台中高價建案,招待會所 彙整 - 遠雄房地產,/building-tag/招待會所/,1,1,1,1,81
google_kw / 5vo1,202511,招待會所 彙整 - 遠雄房地產,/building-tag/招待會所/,1,1,2,2,11
pmp / ah1,avivid-1,招待會所 彙整 - 遠雄房地產,/building-tag/招待會所/,1,1,2,2,14
fb / ah1,fb-1,招待會所 彙整 - 遠雄房地產,/building-tag/招待會所/,1,1,1,1,0
fb / bh8,fb18-1,招待會所 彙整 - 遠雄房地產,/building-tag/招待會所/,1,1,1,1,0
fb / eh5,fb30-4,招待會所 彙整 - 遠雄房地產,/building-tag/招待會所/,1,1,1,1,0
ig / social,ig,招待會所 彙整 - 遠雄房地產,/building-tag/招待會所/,1,1,1,1,3
(direct) / (none),(direct),A compilation of scenic residences - Farglory Real Estate,/building-tag/景觀宅/,1,1,0,0,3
fgr-line / ah1,20260220,景觀宅 彙整 - 遠雄房地產,/building-tag/景觀宅/,1,1,1,1,10
google / cpc,BH10-台中區域字,景觀宅 彙整 - 遠雄房地產,/building-tag/景觀宅/,1,1,1,1,14
google / cpc,CQH1-地區字,景觀宅 彙整 - 遠雄房地產,/building-tag/景觀宅/,1,1,1,1,82
google / cpc,O1_競品字_2025.0801,景觀宅 彙整 - 遠雄房地產,/building-tag/景觀宅/,1,1,1,1,4
pmp / ah1,avivid-2,景觀宅 彙整 - 遠雄房地產,/building-tag/景觀宅/,1,1,1,1,0
google / cpc,corearea0829,景觀宅 彙整 - 遠雄房地產,/building-tag/景觀宅/,1,1,1,1,6
fb / bh8,fanpage,景觀宅 彙整 - 遠雄房地產,/building-tag/景觀宅/,1,1,1,1,26
fb / ah1,fb-1,景觀宅 彙整 - 遠雄房地產,/building-tag/景觀宅/,1,1,1,1,11
fb / bh8,fb25-4,景觀宅 彙整 - 遠雄房地產,/building-tag/景觀宅/,1,1,1,1,16
fb / eh5,fb30-1,景觀宅 彙整 - 遠雄房地產,/building-tag/景觀宅/,1,1,1,1,0
google_kw / ah1,googlemap,景觀宅 彙整 - 遠雄房地產,/building-tag/景觀宅/,1,1,1,1,4
google_kw / cqh1,googlemap,景觀宅 彙整 - 遠雄房地產,/building-tag/景觀宅/,1,1,1,1,1
ig / social,ig,景觀宅 彙整 - 遠雄房地產,/building-tag/景觀宅/,1,1,2,2,2
fb / h707,1,渡假宅 彙整 - 遠雄房地產,/building-tag/渡假宅/,1,1,1,1,8
google / cpc,CQH1-地區字,渡假宅 彙整 - 遠雄房地產,/building-tag/渡假宅/,1,1,1,1,9
pmp / ah1,avivid-2,渡假宅 彙整 - 遠雄房地產,/building-tag/渡假宅/,1,1,1,1,43
google / cpc,gdn-3,渡假宅 彙整 - 遠雄房地產,/building-tag/渡假宅/,1,1,1,1,11
ig / paid,120241173002890402,豪宅 彙整 - 遠雄房地產,/building-tag/豪宅/,1,1,1,1,8
fb / o1,20250402_15-2,豪宅 彙整 - 遠雄房地產,/building-tag/豪宅/,1,1,1,1,0
google / cpc,20250616_台北豪宅/別墅,豪宅 彙整 - 遠雄房地產,/building-tag/豪宅/,1,1,1,1,0
fgr-line / ah1,20260220,豪宅 彙整 - 遠雄房地產,/building-tag/豪宅/,1,1,1,1,4
google / cpc,O1_品牌字_2025.0801,豪宅 彙整 - 遠雄房地產,/building-tag/豪宅/,1,1,1,1,3
google / cpc,area,豪宅 彙整 - 遠雄房地產,/building-tag/豪宅/,1,1,1,1,13
google / cpc,gdn-1,豪宅 彙整 - 遠雄房地產,/building-tag/豪宅/,1,1,1,1,8
google / cpc,gdn-2,豪宅 彙整 - 遠雄房地產,/building-tag/豪宅/,1,1,1,1,33
line-lap / ah1,lap-2,豪宅 彙整 - 遠雄房地產,/building-tag/豪宅/,1,1,4,4,63
line-lap / fh2,line-lap12-2,豪宅 彙整 - 遠雄房地產,/building-tag/豪宅/,1,1,4,4,36
(direct) / (none),(direct),靜巷宅 彙整 - 遠雄房地產,/building-tag/靜巷宅/,1,1,1,1,3
google / cpc,(organic),靜巷宅 彙整 - 遠雄房地產,/building-tag/靜巷宅/,1,1,1,1,12
google / organic,(organic),靜巷宅 彙整 - 遠雄房地產,/building-tag/靜巷宅/,1,1,1,1,10
mkto-sn070013.com / referral,(referral),靜巷宅 彙整 - 遠雄房地產,/building-tag/靜巷宅/,1,1,1,1,2
fb / eh2,8-1,靜巷宅 彙整 - 遠雄房地產,/building-tag/靜巷宅/,1,1,1,1,0
google / cpc,RSH1-地區字新北,靜巷宅 彙整 - 遠雄房地產,/building-tag/靜巷宅/,1,1,1,1,1
google / organic,(organic),飯店宅 彙整 - 遠雄房地產,/building-tag/飯店宅/,1,1,1,1,9
pmp / ah1,avivid-3,飯店宅 彙整 - 遠雄房地產,/building-tag/飯店宅/,1,1,2,2,8
(data not available),(cross-network),預售屋 彙整 - 遠雄房地產,/building-type/pre_sale_house/,1,1,1,1,32
google / cpc,(organic),預售屋 彙整 - 遠雄房地產,/building-type/pre_sale_house/,1,1,3,3,30
google / cpc,202511,預售屋 彙整 - 遠雄房地產,/building-type/pre_sale_house/,1,1,1,1,30
google / cpc,brand,預售屋 彙整 - 遠雄房地產,/building-type/pre_sale_house/,1,1,1,1,6
google_kw / ah1,googlemap,預售屋 彙整 - 遠雄房地產,/building-type/pre_sale_house/,1,1,1,1,3
(direct) / (none),(direct),預售屋 彙整 - 頁2，共3 - 遠雄房地產,/building-type/pre_sale_house/page/2/,1,1,1,1,7
google / cpc,(organic),預售屋 彙整 - 頁2，共3 - 遠雄房地產,/building-type/pre_sale_house/page/2/,1,1,1,1,0
google / organic,(organic),預售屋 彙整 - 頁2，共3 - 遠雄房地產,/building-type/pre_sale_house/page/2/,1,1,4,4,16
google / organic,(organic),買賣、仲介、租賃 彙整 - 遠雄房地產,/building-type/買賣、仲介、租賃/,1,1,1,1,10
sms / aep-cdp,CRM-001-D,熱銷建案 彙整 - 遠雄房地產,/buildings/,1,1,1,1,1
(not set),桃園桃園,找不到頁面 - 遠雄房地產,/buildings/5VO01/,1,1,1,1,3
google_kw / 5vo1,202511,"Lianshang Zhike | Beishike AI Headquarters Huida Core Axis - Bureau commercial/Prévente Nouveau plan de construction, district de Beitou, ville de Taipei - Prenez rendez-vous pour apprécier la maison, Yuanchuangli Marketing",/buildings/5vo1/,1,1,0,0,24
google_kw / 5vo1,202511,"Lianshang Zhike | Beishike AI Headquarters Huida Core Axis - Commercial Office/Pre-sale New Construction Plan, Beitou District, Taipei City - Make an appointment to appreciate the house, Yuanchuangli Marketing",/buildings/5vo1/,1,1,0,0,10
google_kw / 5vo1,202511,"Lianshang Zhike|Beishike AI Headquarters Huida Core Axis - Commercial Office/Pre-sale New Construction Project in Beitou District, Taipei City - Reservation for house viewing, Yuanchuang marketing",/buildings/5vo1/,1,1,0,0,66
google_kw / 5vo1,202511,"LinkTech | Sede de Beishike AI, Eje Central Huida - Oficina Comercial del Distrito Beitou de Taipéi/Proyecto de Construcción de Preventa - Programe una visita, Far Eastern Marketing",/buildings/5vo1/,1,1,0,0,12
google_kw / 5vo1,202511,"Vernetzte intelligente Technologie | Beishike KI-Hauptsitz, Huida Core Axis – Gewerbeimmobilienprojekt im Bezirk Beitou, Taipeh – Besichtigungstermin vereinbaren, Far Eastern Marketing",/buildings/5vo1/,1,1,1,1,4
google_kw / h713,(organic),聯上智科｜北士科AI總部 輝達核心軸線 -台北市北投區商辦/預售新建案-預約賞屋，遠創力行銷,/buildings/5vo1/,1,1,2,2,5
yahoo / organic,(organic),聯上智科｜北士科AI總部 輝達核心軸線 -台北市北投區商辦/預售新建案-預約賞屋，遠創力行銷,/buildings/5vo1/,1,1,1,1,24
console-v2.omnichat.ai / referral,(referral),聯上智科｜北士科AI總部 輝達核心軸線 -台北市北投區商辦/預售新建案-預約賞屋，遠創力行銷,/buildings/5vo1/,1,1,1,1,40
dogreat.com.tw / referral,(referral),聯上智科｜北士科AI總部 輝達核心軸線 -台北市北投區商辦/預售新建案-預約賞屋，遠創力行銷,/buildings/5vo1/,1,1,1,1,69
facebook.com / referral,(referral),聯上智科｜北士科AI總部 輝達核心軸線 -台北市北投區商辦/預售新建案-預約賞屋，遠創力行銷,/buildings/5vo1/,1,1,1,1,5
lbs-sms / hm2,0207,聯上智科｜北士科AI總部 輝達核心軸線 -台北市北投區商辦/預售新建案-預約賞屋，遠創力行銷,/buildings/5vo1/,1,1,3,3,3
google / cpc,20250616_台北豪宅/別墅,聯上智科｜北士科AI總部 輝達核心軸線 -台北市北投區商辦/預售新建案-預約賞屋，遠創力行銷,/buildings/5vo1/,1,1,1,1,26
webnews / 5vo1,202508,聯上智科｜北士科AI總部 輝達核心軸線 -台北市北投區商辦/預售新建案-預約賞屋，遠創力行銷,/buildings/5vo1/,1,1,2,2,23
fbpage / 5vo1,202509,聯上智科｜北士科AI總部 輝達核心軸線 -台北市北投區商辦/預售新建案-預約賞屋，遠創力行銷,/buildings/5vo1/,1,1,1,1,27
google_gdn / 5vo1,202510-6,聯上智科｜北士科AI總部 輝達核心軸線 -台北市北投區商辦/預售新建案-預約賞屋，遠創力行銷,/buildings/5vo1/,1,1,1,1,0
google_gdn / 5vo1,202510-7,聯上智科｜北士科AI總部 輝達核心軸線 -台北市北投區商辦/預售新建案-預約賞屋，遠創力行銷,/buildings/5vo1/,1,1,1,1,0
yahoo_native / 5vo1,202510_3,聯上智科｜北士科AI總部 輝達核心軸線 -台北市北投區商辦/預售新建案-預約賞屋，遠創力行銷,/buildings/5vo1/,1,1,2,2,4
fgr-line / bh7,20260220,聯上智科｜北士科AI總部 輝達核心軸線 -台北市北投區商辦/預售新建案-預約賞屋，遠創力行銷,/buildings/5vo1/,1,1,1,1,24
taboola / referral,2601-1,聯上智科｜北士科AI總部 輝達核心軸線 -台北市北投區商辦/預售新建案-預約賞屋，遠創力行銷,/buildings/5vo1/,1,1,1,1,1
taboola / referral,2601-2,聯上智科｜北士科AI總部 輝達核心軸線 -台北市北投區商辦/預售新建案-預約賞屋，遠創力行銷,/buildings/5vo1/,1,1,1,1,8
sms / aep-cdp,CRM-001-D,聯上智科｜北士科AI總部 輝達核心軸線 -台北市北投區商辦/預售新建案-預約賞屋，遠創力行銷,/buildings/5vo1/,1,1,1,1,18
taboola / fm3,ConA02,聯上智科｜北士科AI總部 輝達核心軸線 -台北市北投區商辦/預售新建案-預約賞屋，遠創力行銷,/buildings/5vo1/,1,1,1,1,0
google / cpc,DGM1-核心字,聯上智科｜北士科AI總部 輝達核心軸線 -台北市北投區商辦/預售新建案-預約賞屋，遠創力行銷,/buildings/5vo1/,1,1,1,1,6
google / cpc,DGM1-競品字,聯上智科｜北士科AI總部 輝達核心軸線 -台北市北投區商辦/預售新建案-預約賞屋，遠創力行銷,/buildings/5vo1/,1,1,1,1,25
google / cpc,brand,聯上智科｜北士科AI總部 輝達核心軸線 -台北市北投區商辦/預售新建案-預約賞屋，遠創力行銷,/buildings/5vo1/,1,1,2,2,132
google / cpc,com,聯上智科｜北士科AI總部 輝達核心軸線 -台北市北投區商辦/預售新建案-預約賞屋，遠創力行銷,/buildings/5vo1/,1,1,1,1,4
google / cpc,corearea0829,聯上智科｜北士科AI總部 輝達核心軸線 -台北市北投區商辦/預售新建案-預約賞屋，遠創力行銷,/buildings/5vo1/,1,1,1,1,28
socialmedia / fgr,fb,聯上智科｜北士科AI總部 輝達核心軸線 -台北市北投區商辦/預售新建案-預約賞屋，遠創力行銷,/buildings/5vo1/,1,1,1,1,21
fb / ah1,fb-1,聯上智科｜北士科AI總部 輝達核心軸線 -台北市北投區商辦/預售新建案-預約賞屋，遠創力行銷,/buildings/5vo1/,1,1,1,1,18
google / cpc,gdn-1,聯上智科｜北士科AI總部 輝達核心軸線 -台北市北投區商辦/預售新建案-預約賞屋，遠創力行銷,/buildings/5vo1/,1,1,1,1,0
line-lap / fh2,line-lap12-2,聯上智科｜北士科AI總部 輝達核心軸線 -台北市北投區商辦/預售新建案-預約賞屋，遠創力行銷,/buildings/5vo1/,1,1,1,1,14
web / 8fxz01,googlemap,找不到頁面 - 遠雄房地產,/buildings/8fxz01,1,1,1,1,160
google / organic,(organic),北士科建案【遠雄明玥】2000坪全街廓只蓋一棟．25-46坪,/buildings/AH1/,1,1,1,1,6
google / organic,(organic),北士科建案【遠雄明玥】2000坪全街廓只蓋一棟．25-46坪,/buildings/Ah1/,1,1,1,1,0
socialmedia / fh2,fbfh2info,遠雄14期首發【遠雄丰尚】北屯新案．近漢神洲際百貨,/buildings/BH11/,1,1,1,1,19
(not set),台南中西,遠雄14期首發【遠雄丰尚】北屯新案．近漢神洲際百貨,/buildings/BH11/,1,1,1,1,3
google / organic,(organic),找不到頁面 - 遠雄房地產,/buildings/BH12/,1,1,1,1,2
google / organic,(organic),找不到頁面 - 遠雄房地產,/buildings/BH13/,1,1,1,1,3
mkto-sn070013.com / referral,(referral),遠雄琉蘊 -台中市西屯區七期預售屋/新建案-預約賞屋，遠雄房地產,/buildings/BH5/,1,1,1,1,105
google / cpc,brand,(2) 封未讀訊息 | 台中西屯建案【遠雄洄山行】．2-4房方正格局,/buildings/BH8/,1,1,0,0,71
google_kw / BH8,20240816_逢甲大學,Proyek perumahan Taichung Xitun [Farglory Huishanxing] - Tata letak 2-4 kamar tidur dengan desain persegi.,/buildings/BH8/,1,1,0,0,23
google_kw / BH8,20240816_台中中科,Taichung Xitun residential project [Farglory Huishanxing] - 2-4 bedroom layouts with a square design.,/buildings/BH8/,1,1,0,0,16
google / cpc,(not set),台中西屯建案【遠雄洄山行】．2-4房方正格局,/buildings/BH8/,1,1,1,1,42
webnews / h707,20260116,台中西屯建案【遠雄洄山行】．2-4房方正格局,/buildings/BH8/,1,1,1,1,20
fb / bh7,9,台中西屯建案【遠雄洄山行】．2-4房方正格局,/buildings/BH8/,1,1,1,1,13
google / cpc,BH10-北屯區區域字,台中西屯建案【遠雄洄山行】．2-4房方正格局,/buildings/BH8/,1,1,1,1,8
google / cpc,beitun,台中西屯建案【遠雄洄山行】．2-4房方正格局,/buildings/BH8/,1,1,1,1,5
google / cpc,brand0829,台中西屯建案【遠雄洄山行】．2-4房方正格局,/buildings/BH8/,1,1,1,1,0
(not set),高雄全區,台中西屯建案【遠雄洄山行】．2-4房方正格局,/buildings/BH8/,1,1,1,1,6
socialmedia / fh2,fbfh2info,村泉蒔美｜門戶端點 從容跨界｜台北生活最美起點,/buildings/CQH1/,1,1,1,1,17
(not set),桃園桃園,找不到頁面 - 遠雄房地產,/buildings/DGM01/,1,1,1,1,2
google / organic,(organic),找不到頁面 - 遠雄房地產,/buildings/DH6/,1,1,1,1,4
socialmedia / fh2,fbfh2info,高雄建案推薦【遠雄峰蘊】- 三民區預售屋．近科工館,/buildings/EH1/,1,1,1,1,17
(not set),台南中西,高雄建案推薦【遠雄峰蘊】- 三民區預售屋．近科工館,/buildings/EH1/,1,1,1,1,7
google / organic,(organic),遠雄一靚｜楠梓新案．高大特區首發｜早鳥預約中,/buildings/EH2/,1,1,1,1,2
(not set),台南中西,遠雄一靚｜楠梓新案．高大特區首發｜早鳥預約中,/buildings/EH2/,1,1,1,1,3
(not set),台南中西,遠雄沐蘊-高雄市三民區預售屋/新建案-預約賞屋,/buildings/EH5/,1,1,1,1,0
fb / fm3,fb8-2,遠雄蘴靚｜高雄楠梓新門戶｜捷運R21站旁｜3795坪豪闊基地,/buildings/EH6/,1,1,1,1,32
(not set),台南中西,遠雄蘴靚｜高雄楠梓新門戶｜捷運R21站旁｜3795坪豪闊基地,/buildings/EH6/,1,1,1,1,3
google / organic,(organic),遠雄合雅｜板橋之心・合院之上｜2~3房．24~66坪,/buildings/FH2/,1,1,1,1,4
google / cpc,202511,遠雄合雅｜板橋之心・合院之上｜2~3房．24~66坪,/buildings/FH2/,1,1,1,1,4
google / organic,(organic),找不到頁面 - 遠雄房地產,/buildings/FM5/,1,1,1,1,1
google / cpc,CQH1-買房字,找不到頁面 - 遠雄房地產,/buildings/H152/,1,1,1,1,1
google / cpc,CQH1-買房字,找不到頁面 - 遠雄房地產,/buildings/H153/,1,1,1,1,2
google / cpc,CQH1-買房字,找不到頁面 - 遠雄房地產,/buildings/H154/,1,1,1,1,8
google / cpc,(organic),遠雄星呈-台中市清水區預售屋/新建案-預約賞屋，遠雄房地產,/buildings/H707/,1,1,1,1,4
(not set),台南中西,遠雄星呈-台中市清水區預售屋/新建案-預約賞屋，遠雄房地產,/buildings/H707/,1,1,1,1,1
google / organic,(organic),遠雄幸福成｜即將落成 - 台中市清水區預售/新建案-預約賞屋，遠雄房地產,/buildings/H713/,1,1,1,1,8
webnews / h807,20240911,找不到頁面 - 遠雄房地產,/buildings/H807/,1,1,1,1,0
google / cpc,202511,找不到頁面 - 遠雄房地產,/buildings/HH10/,1,1,1,1,16
(direct) / (none),(direct),找不到頁面 - 遠雄房地產,/buildings/HH3/,1,1,1,1,3
google / organic,(organic),遠雄MetaLink科技園區 | 機捷A7．A8站▕ VIP企業席次開放預約中,/buildings/HM2/,1,1,1,1,30
socialmedia / fh2,fbfh2info,找不到頁面 - 遠雄房地產,/buildings/NH8/,1,1,1,1,0
google / organic,(organic),若水秧翠｜東京視野・頂埔門牌｜1~3房．20~42坪,/buildings/RSH1/,1,1,1,1,0
(data not available),(cross-network),(1) 封未讀訊息 | 北士科建案【遠雄明玥】2000坪全街廓只蓋一棟．25-46坪,/buildings/ah1/,1,1,0,0,23
fb / paid,120241173002890402,(1) 封未讀訊息 | 北士科建案【遠雄明玥】2000坪全街廓只蓋一棟．25-46坪,/buildings/ah1/,1,1,0,0,144
fgr-line / ah1,20260220,(1) 封未讀訊息 | 北士科建案【遠雄明玥】2000坪全街廓只蓋一棟．25-46坪,/buildings/ah1/,1,1,0,0,8
pmp / ah1,avivid-1,(1) 封未讀訊息 | 北士科建案【遠雄明玥】2000坪全街廓只蓋一棟．25-46坪,/buildings/ah1/,1,1,0,0,13
google / cpc,gdn-1,(2) 封未讀訊息 | 北士科建案【遠雄明玥】2000坪全街廓只蓋一棟．25-46坪,/buildings/ah1/,1,1,0,0,47
google / cpc,(organic),(3) 封未讀訊息 | 北士科建案【遠雄明玥】2000坪全街廓只蓋一棟．25-46坪,/buildings/ah1/,1,1,0,0,27
google / cpc,gdn-3,Dự án khu dân cư Farglory Mingyue tại Beishike là một tòa nhà duy nhất trải rộng trên toàn bộ khu phố với diện tích 2000 ping (khoảng 166 mét vuông). Các căn hộ có diện tích từ 25 đến 46 ping (khoảng 16 đến 166 mét vuông).,/buildings/ah1/,1,1,0,0,51
line-lap / ah1,lap-2,El proyecto residencial Farglory Mingyue en Beishike es un edificio único de 2000 pings (aproximadamente 166 metros cuadrados) que abarca toda la manzana. Las unidades tienen entre 25 y 46 pings (aproximadamente entre 16 y 166 metros cuadrados).,/buildings/ah1/,1,1,0,0,24
google_kw / 5vo1,202511,Het woonproject Farglory Mingyue in Beishike bestaat uit één gebouw van 2000 ping (ongeveer 166 vierkante meter) dat het hele blok beslaat. De appartementen variëren in grootte van 25 tot 46 ping (ongeveer 16 tot 166 vierkante meter).,/buildings/ah1/,1,1,0,0,18
google / cpc,gdn-1,Le projet résidentiel Farglory Mingyue à Beishike est un bâtiment unique occupant tout un îlot sur une superficie de 2 000 ping (environ 166 mètres carrés). Les appartements ont une superficie allant de 25 à 46 ping (environ 16 à 166 mètres carrés).,/buildings/ah1/,1,1,1,1,0
google / cpc,(organic),Proyek perumahan Farglory Mingyue di Beishike adalah bangunan tunggal yang membentang seluas 2000 ping (sekitar 166 meter persegi) di seluruh blok. Unit-unitnya berkisar dari 25 hingga 46 ping (sekitar 16 hingga 166 meter persegi).,/buildings/ah1/,1,1,0,0,5
google / cpc,gdn-2,Proyek perumahan Farglory Mingyue di Beishike adalah bangunan tunggal yang membentang seluas 2000 ping (sekitar 166 meter persegi) di seluruh blok. Unit-unitnya berkisar dari 25 hingga 46 ping (sekitar 16 hingga 166 meter persegi).,/buildings/ah1/,1,1,0,0,88
google / cpc,gdn-3,Proyek perumahan Farglory Mingyue di Beishike adalah bangunan tunggal yang membentang seluas 2000 ping (sekitar 166 meter persegi) di seluruh blok. Unit-unitnya berkisar dari 25 hingga 46 ping (sekitar 16 hingga 166 meter persegi).,/buildings/ah1/,1,1,0,0,28
pmp / ah1,avivid-3,The Farglory Mingyue residential project in Beishike is a single building spanning 2000 ping (approximately 166 square meters) across the entire block. Units range from 25 to 46 ping (approximately 16 to 166 square meters).,/buildings/ah1/,1,1,0,0,11
gdn / ah1,gdn-3,The Farglory Mingyue residential project in Beishike is a single building spanning 2000 ping (approximately 166 square meters) across the entire block. Units range from 25 to 46 ping (approximately 16 to 166 square meters).,/buildings/ah1/,1,1,0,0,2
line-lap / ah1,lap-2,The Farglory Mingyue residential project in Beishike is a single building spanning 2000 ping (approximately 166 square meters) across the entire block. Units range from 25 to 46 ping (approximately 16 to 166 square meters).,/buildings/ah1/,1,1,0,0,22
google / cpc,(organic),Житловий проект Farglory Mingyue в Бейшіке являє собою єдину будівлю площею 2000 пінгів (приблизно 166 квадратних метрів) по всьому кварталу. Площа квартир коливається від 25 до 46 пінгів (приблизно від 16 до 166 квадратних метрів).,/buildings/ah1/,1,1,0,0,8
google / cpc,gdn-2,"โครงการที่พักอาศัย Farglory Mingyue ในเขตเป่ยชิเคะ เป็นอาคารเดี่ยวขนาดใหญ่ครอบคลุมพื้นที่ 2,000 ปิง (ประมาณ 166 ตารางเมตร) ทั้งบล็อก โดยมีขนาดห้องตั้งแต่ 25 ถึง 46 ปิง (ประมาณ 16 ถึง 166 ตารางเมตร)",/buildings/ah1/,1,1,0,0,52
pmp / ah1,avivid-2,北士科建案【远雄明玥】2000坪全街廓只盖一栋． 25-46坪,/buildings/ah1/,1,1,0,0,24
google / cpc,gdn-1,北士科建案【远雄明玥】2000坪全街廓只盖一栋． 25-46坪,/buildings/ah1/,1,1,0,0,17
line-lap / ah1,lap-2,北士科建案【远雄明玥】2000坪全街廓只盖一栋． 25-46坪,/buildings/ah1/,1,1,0,0,10
google_kw / ch1#confidence,(not set),北士科建案【遠雄明玥】2000坪全街廓只蓋一棟．25-46坪,/buildings/ah1/,1,1,1,1,1
line-lap / (not set),(not set),北士科建案【遠雄明玥】2000坪全街廓只蓋一棟．25-46坪,/buildings/ah1/,1,1,1,1,0
google_kw / ch1,(organic),北士科建案【遠雄明玥】2000坪全街廓只蓋一棟．25-46坪,/buildings/ah1/,1,1,1,1,0
yahoo / organic,(organic),北士科建案【遠雄明玥】2000坪全街廓只蓋一棟．25-46坪,/buildings/ah1/,1,1,2,2,21
chatgpt.com / referral,(referral),北士科建案【遠雄明玥】2000坪全街廓只蓋一棟．25-46坪,/buildings/ah1/,1,1,1,1,89
dogreat.com.tw / referral,(referral),北士科建案【遠雄明玥】2000坪全街廓只蓋一棟．25-46坪,/buildings/ah1/,1,1,1,1,25
excel.officeapps.live.com / referral,(referral),北士科建案【遠雄明玥】2000坪全街廓只蓋一棟．25-46坪,/buildings/ah1/,1,1,3,3,139
farglory-land.com.tw / referral,(referral),北士科建案【遠雄明玥】2000坪全街廓只蓋一棟．25-46坪,/buildings/ah1/,1,1,1,1,75
ifgmall.fg-retail.com.tw / referral,(referral),北士科建案【遠雄明玥】2000坪全街廓只蓋一棟．25-46坪,/buildings/ah1/,1,1,1,1,80
teams.microsoft.com / referral,(referral),北士科建案【遠雄明玥】2000坪全街廓只蓋一棟．25-46坪,/buildings/ah1/,1,1,1,1,2
yahoo_native / bh5,(referral),北士科建案【遠雄明玥】2000坪全街廓只蓋一棟．25-46坪,/buildings/ah1/,1,1,1,1,0
fb / paid,120207082473750558,北士科建案【遠雄明玥】2000坪全街廓只蓋一棟．25-46坪,/buildings/ah1/,1,1,1,1,0
fb / paid,120222247205050066,北士科建案【遠雄明玥】2000坪全街廓只蓋一棟．25-46坪,/buildings/ah1/,1,1,1,1,50
fb / paid,120229486716970138,北士科建案【遠雄明玥】2000坪全街廓只蓋一棟．25-46坪,/buildings/ah1/,1,1,1,1,26
ig / paid,120229486716970138,北士科建案【遠雄明玥】2000坪全街廓只蓋一棟．25-46坪,/buildings/ah1/,1,1,1,1,10
fb / paid,120238552444900537,北士科建案【遠雄明玥】2000坪全街廓只蓋一棟．25-46坪,/buildings/ah1/,1,1,1,1,9
ig / paid,120238830796500617,北士科建案【遠雄明玥】2000坪全街廓只蓋一棟．25-46坪,/buildings/ah1/,1,1,1,1,13
fb / bh7,17,北士科建案【遠雄明玥】2000坪全街廓只蓋一棟．25-46坪,/buildings/ah1/,1,1,2,2,4
fb / bh7,18,北士科建案【遠雄明玥】2000坪全街廓只蓋一棟．25-46坪,/buildings/ah1/,1,1,1,1,0
google_kw / BH8,20240816_透天/豪宅/別墅,北士科建案【遠雄明玥】2000坪全街廓只蓋一棟．25-46坪,/buildings/ah1/,1,1,1,1,0
fb / o1,20250422_23-1,北士科建案【遠雄明玥】2000坪全街廓只蓋一棟．25-46坪,/buildings/ah1/,1,1,1,1,1
google / cpc,20250616_房地產投資,北士科建案【遠雄明玥】2000坪全街廓只蓋一棟．25-46坪,/buildings/ah1/,1,1,1,1,15
google / cpc,20250616_競品字,北士科建案【遠雄明玥】2000坪全街廓只蓋一棟．25-46坪,/buildings/ah1/,1,1,2,2,81
yahoo_native / 5vo1,202510_4,北士科建案【遠雄明玥】2000坪全街廓只蓋一棟．25-46坪,/buildings/ah1/,1,1,1,1,48
google / cpc,202601,北士科建案【遠雄明玥】2000坪全街廓只蓋一棟．25-46坪,/buildings/ah1/,1,1,1,1,119
line-lap / ar1,20260101-6-1,北士科建案【遠雄明玥】2000坪全街廓只蓋一棟．25-46坪,/buildings/ah1/,1,1,1,1,20
google / cpc,202602,北士科建案【遠雄明玥】2000坪全街廓只蓋一棟．25-46坪,/buildings/ah1/,1,1,1,1,108
line-lap / eh2,20260204B,北士科建案【遠雄明玥】2000坪全街廓只蓋一棟．25-46坪,/buildings/ah1/,1,1,1,1,0
fgr-line / bh8,20260207,北士科建案【遠雄明玥】2000坪全街廓只蓋一棟．25-46坪,/buildings/ah1/,1,1,2,2,25
fgr-line / rsh1,20260210,北士科建案【遠雄明玥】2000坪全街廓只蓋一棟．25-46坪,/buildings/ah1/,1,1,2,2,20
pmp / ah1,20260213一輪播,北士科建案【遠雄明玥】2000坪全街廓只蓋一棟．25-46坪,/buildings/ah1/,1,1,2,2,1
fgr-line / bh7,20260220,北士科建案【遠雄明玥】2000坪全街廓只蓋一棟．25-46坪,/buildings/ah1/,1,1,1,1,8
fgr-line / fgr,20260220,北士科建案【遠雄明玥】2000坪全街廓只蓋一棟．25-46坪,/buildings/ah1/,1,1,2,2,0
dm / ah1,202602dm,北士科建案【遠雄明玥】2000坪全街廓只蓋一棟．25-46坪,/buildings/ah1/,1,1,2,2,2
fb / bh5,39,北士科建案【遠雄明玥】2000坪全街廓只蓋一棟．25-46坪,/buildings/ah1/,1,1,1,1,46
fb / bh5,45,北士科建案【遠雄明玥】2000坪全街廓只蓋一棟．25-46坪,/buildings/ah1/,1,1,1,1,20
taboola / fm3,ConB02,北士科建案【遠雄明玥】2000坪全街廓只蓋一棟．25-46坪,/buildings/ah1/,1,1,1,1,2
web-edm / bh11,DM_202509,北士科建案【遠雄明玥】2000坪全街廓只蓋一棟．25-46坪,/buildings/ah1/,1,1,1,1,4
google / cpc,RSH1-品牌字,北士科建案【遠雄明玥】2000坪全街廓只蓋一棟．25-46坪,/buildings/ah1/,1,1,1,1,58
google / cpc,RSH1-買房字,北士科建案【遠雄明玥】2000坪全街廓只蓋一棟．25-46坪,/buildings/ah1/,1,1,1,1,4
google / cpc,brand0829,北士科建案【遠雄明玥】2000坪全街廓只蓋一棟．25-46坪,/buildings/ah1/,1,1,1,1,0
fb / eh1,eh1ig,北士科建案【遠雄明玥】2000坪全街廓只蓋一棟．25-46坪,/buildings/ah1/,1,1,1,1,45
fgr-line / fgr,expert_li_2026-housing-tips,北士科建案【遠雄明玥】2000坪全街廓只蓋一棟．25-46坪,/buildings/ah1/,1,1,1,1,117
fgr-line / fgr,expert_zhu_taiwan-land-scam,北士科建案【遠雄明玥】2000坪全街廓只蓋一棟．25-46坪,/buildings/ah1/,1,1,1,1,45
google / cpc,extension,北士科建案【遠雄明玥】2000坪全街廓只蓋一棟．25-46坪,/buildings/ah1/,1,1,2,2,22
google / cpc,extensions,北士科建案【遠雄明玥】2000坪全街廓只蓋一棟．25-46坪,/buildings/ah1/,1,1,1,1,12
socialmedia / fgr,fb,北士科建案【遠雄明玥】2000坪全街廓只蓋一棟．25-46坪,/buildings/ah1/,1,1,1,1,28
fb / cqh1,fb-34,北士科建案【遠雄明玥】2000坪全街廓只蓋一棟．25-46坪,/buildings/ah1/,1,1,3,3,16
fb / dh2,fb-44,北士科建案【遠雄明玥】2000坪全街廓只蓋一棟．25-46坪,/buildings/ah1/,1,1,2,2,0
fb / eh6,fb1-1,北士科建案【遠雄明玥】2000坪全街廓只蓋一棟．25-46坪,/buildings/ah1/,1,1,1,1,39
fb / rsh1,fb1-5,北士科建案【遠雄明玥】2000坪全街廓只蓋一棟．25-46坪,/buildings/ah1/,1,1,1,1,0
fb / eh6,fb2-1,北士科建案【遠雄明玥】2000坪全街廓只蓋一棟．25-46坪,/buildings/ah1/,1,1,2,2,4
google / cpc,gdn11-3,北士科建案【遠雄明玥】2000坪全街廓只蓋一棟．25-46坪,/buildings/ah1/,1,1,1,1,0
google / cpc,gdn11-4,北士科建案【遠雄明玥】2000坪全街廓只蓋一棟．25-46坪,/buildings/ah1/,1,1,1,1,78
googlemap / o1,googlemap,北士科建案【遠雄明玥】2000坪全街廓只蓋一棟．25-46坪,/buildings/ah1/,1,1,1,1,23
google / cpc,landmark0829,北士科建案【遠雄明玥】2000坪全街廓只蓋一棟．25-46坪,/buildings/ah1/,1,1,1,1,2
fb / bh8,leads,北士科建案【遠雄明玥】2000坪全街廓只蓋一棟．25-46坪,/buildings/ah1/,1,1,1,1,26
fb / dh2,leads,北士科建案【遠雄明玥】2000坪全街廓只蓋一棟．25-46坪,/buildings/ah1/,1,1,1,1,0
fb / h713,leads,北士科建案【遠雄明玥】2000坪全街廓只蓋一棟．25-46坪,/buildings/ah1/,1,1,2,2,35
leju / ah2,lejupage,北士科建案【遠雄明玥】2000坪全街廓只蓋一棟．25-46坪,/buildings/ah1/,1,1,1,1,101
line-lap / bh10,line-lap202511-6,北士科建案【遠雄明玥】2000坪全街廓只蓋一棟．25-46坪,/buildings/ah1/,1,1,1,1,7
fgr-line / eh2,listbutton,北士科建案【遠雄明玥】2000坪全街廓只蓋一棟．25-46坪,/buildings/ah1/,1,1,1,1,84
google / cpc,othercities_brand,北士科建案【遠雄明玥】2000坪全街廓只蓋一棟．25-46坪,/buildings/ah1/,1,1,1,1,6
fgr-line / fgr,playlist=e93ee4e&video=3f91b6e,北士科建案【遠雄明玥】2000坪全街廓只蓋一棟．25-46坪,/buildings/ah1/,1,1,1,1,0
google / cpc,sitelink,北士科建案【遠雄明玥】2000坪全街廓只蓋一棟．25-46坪,/buildings/ah1/,1,1,1,1,4
youtube / fgr,yt,北士科建案【遠雄明玥】2000坪全街廓只蓋一棟．25-46坪,/buildings/ah1/,1,1,1,1,53
(not set),台中梧棲,北士科建案【遠雄明玥】2000坪全街廓只蓋一棟．25-46坪,/buildings/ah1/,1,1,1,1,17
(not set),台南中西,北士科建案【遠雄明玥】2000坪全街廓只蓋一棟．25-46坪,/buildings/ah1/,1,1,1,1,2
(not set),台南全區,北士科建案【遠雄明玥】2000坪全街廓只蓋一棟．25-46坪,/buildings/ah1/,1,1,1,1,0
(data not available),(cross-network),找不到頁面 - 遠雄房地產,/buildings/ah1/,1,1,1,1,4
statics.teams.cdn.office.net / referral,(referral),找不到頁面 - 遠雄房地產,/buildings/ah1/,1,1,1,1,0
(not set),20260213一輪播,找不到頁面 - 遠雄房地產,/buildings/ah1/,1,1,2,2,16
google_kw / 5vo1,202511,"Het Farglory Yangyue-waterfrontproject in Beishike omvat appartementen met een oppervlakte van 57 tot 75 pings (ongeveer 16,6 tot 16,65 vierkante meter).",/buildings/ah2/,1,1,0,0,12
google / cpc,(not set),北士科建案【遠雄泱玥】水岸首排．57-75坪,/buildings/ah2/,1,1,1,1,0
google_kw / ah1,(not set),北士科建案【遠雄泱玥】水岸首排．57-75坪,/buildings/ah2/,1,1,2,2,2
facebook.com / referral,(referral),北士科建案【遠雄泱玥】水岸首排．57-75坪,/buildings/ah2/,1,1,1,1,0
farglory-land.com.tw / referral,(referral),北士科建案【遠雄泱玥】水岸首排．57-75坪,/buildings/ah2/,1,1,2,2,404
farglory.com.tw / referral,(referral),北士科建案【遠雄泱玥】水岸首排．57-75坪,/buildings/ah2/,1,1,1,1,23
gemini.google.com / referral,(referral),北士科建案【遠雄泱玥】水岸首排．57-75坪,/buildings/ah2/,1,1,2,2,66
page.line.me / referral,(referral),北士科建案【遠雄泱玥】水岸首排．57-75坪,/buildings/ah2/,1,1,1,1,6
tagassistant.google.com / referral,(referral),北士科建案【遠雄泱玥】水岸首排．57-75坪,/buildings/ah2/,1,1,3,3,47
ig / paid,120210867110050402,北士科建案【遠雄泱玥】水岸首排．57-75坪,/buildings/ah2/,1,1,1,1,60
web / ah2,202501-vogue,北士科建案【遠雄泱玥】水岸首排．57-75坪,/buildings/ah2/,1,1,1,1,16
web-ettoday / ah2,20250418,北士科建案【遠雄泱玥】水岸首排．57-75坪,/buildings/ah2/,1,1,1,1,0
google / cpc,20250616_北投士林豪宅/別墅,北士科建案【遠雄泱玥】水岸首排．57-75坪,/buildings/ah2/,1,1,1,1,142
google / cpc,20250616_品牌字,北士科建案【遠雄泱玥】水岸首排．57-75坪,/buildings/ah2/,1,1,1,1,0
web-ettoday / ah2,20250701,北士科建案【遠雄泱玥】水岸首排．57-75坪,/buildings/ah2/,1,1,1,1,20
google / cpc,202511,北士科建案【遠雄泱玥】水岸首排．57-75坪,/buildings/ah2/,1,1,1,1,36
google_kw / 5vo1,202511_ex3,北士科建案【遠雄泱玥】水岸首排．57-75坪,/buildings/ah2/,1,1,1,1,35
fgr-line / ah1,20260220,北士科建案【遠雄泱玥】水岸首排．57-75坪,/buildings/ah2/,1,1,1,1,0
google / cpc,DGM1-品牌字,北士科建案【遠雄泱玥】水岸首排．57-75坪,/buildings/ah2/,1,1,1,1,77
google / cpc,O1_地區字_2025.0801,北士科建案【遠雄泱玥】水岸首排．57-75坪,/buildings/ah2/,1,1,1,1,30
google / cpc,brand,北士科建案【遠雄泱玥】水岸首排．57-75坪,/buildings/ah2/,1,1,1,1,5
fb / ah1,fb-1,北士科建案【遠雄泱玥】水岸首排．57-75坪,/buildings/ah2/,1,1,1,1,26
fb / ah2,fb-29,北士科建案【遠雄泱玥】水岸首排．57-75坪,/buildings/ah2/,1,1,1,1,101
fb / fh2,fb12-2,北士科建案【遠雄泱玥】水岸首排．57-75坪,/buildings/ah2/,1,1,1,1,25
socialmedia / fh2,fbfh2info,北士科建案【遠雄泱玥】水岸首排．57-75坪,/buildings/ah2/,1,1,1,1,14
google / cpc,gdn-1,北士科建案【遠雄泱玥】水岸首排．57-75坪,/buildings/ah2/,1,1,1,1,64
google / cpc,gdn11-3,北士科建案【遠雄泱玥】水岸首排．57-75坪,/buildings/ah2/,1,1,1,1,80
googlemap / H109,googlemap,北士科建案【遠雄泱玥】水岸首排．57-75坪,/buildings/ah2/,1,1,1,1,48
ig / social,ig,北士科建案【遠雄泱玥】水岸首排．57-75坪,/buildings/ah2/,1,1,1,1,29
line-lap / ah2,lap-1,北士科建案【遠雄泱玥】水岸首排．57-75坪,/buildings/ah2/,1,1,1,1,15
line-lap / ah1,lap-2,北士科建案【遠雄泱玥】水岸首排．57-75坪,/buildings/ah2/,1,1,2,2,83
line-lap / fh2,line-lap12-2,北士科建案【遠雄泱玥】水岸首排．57-75坪,/buildings/ah2/,1,1,1,1,99
fb / fm3,news0108,北士科建案【遠雄泱玥】水岸首排．57-75坪,/buildings/ah2/,1,1,2,2,20
lbs-sms / ah2,sms1141008,北士科建案【遠雄泱玥】水岸首排．57-75坪,/buildings/ah2/,1,1,1,1,0
supermario.corp.google.com / referral,(referral),找不到頁面 - 遠雄房地產,/buildings/ao1/,1,1,1,1,0
line-lap / ao1,20240612_6-2-1,找不到頁面 - 遠雄房地產,/buildings/ao1/,1,1,1,1,0
line-lap / ao1,20240612_6-2-2,找不到頁面 - 遠雄房地產,/buildings/ao1/,1,1,1,1,0
google / cpc,pmax_20250203,找不到頁面 - 遠雄房地產,/buildings/ao1/,1,1,1,1,0
web-udn / ao1,udnnews20240430,找不到頁面 - 遠雄房地產,/buildings/ao1/,1,1,1,1,0
google / cpc,20250616_北投士林豪宅/別墅,Qi Xing - Taipei City Beitou District/Beishike Pre-sale Residential Buildings,/buildings/ar1/,1,1,0,0,7
google / cpc,20250616_競品字,Qi Xing - Taipei City Beitou District/Beishike Pre-sale Residential Buildings,/buildings/ar1/,1,1,0,0,14
bing / organic,(organic),"Qixing_Zhi - Beitou District, Taipei City/Beishike Residential Pre-sale House",/buildings/ar1/,1,1,0,0,20
google / cpc,20250616_品牌字,"Qixing_Zhi-Beitou District, Taipei City/Beishike Residential Pre-sale House",/buildings/ar1/,1,1,0,0,49
google / cpc,20250616_台北豪宅/別墅,"Qixing_大-Beitou District, Taipei City / Beiske residential pre-sale house",/buildings/ar1/,1,1,0,0,34
google / cpc,(not set),齊興_緻-台北市北投區/北士科住宅預售屋,/buildings/ar1/,1,1,1,1,22
google_kw / h713,(organic),齊興_緻-台北市北投區/北士科住宅預售屋,/buildings/ar1/,1,1,1,1,2
ifgmall.fg-retail.com.tw / referral,(referral),齊興_緻-台北市北投區/北士科住宅預售屋,/buildings/ar1/,1,1,1,1,164
mkto-sn070013.com / referral,(referral),齊興_緻-台北市北投區/北士科住宅預售屋,/buildings/ar1/,1,1,1,1,0
ig / paid,120222247205050066,齊興_緻-台北市北投區/北士科住宅預售屋,/buildings/ar1/,1,1,1,1,34
fb / paid,120229486716970138,齊興_緻-台北市北投區/北士科住宅預售屋,/buildings/ar1/,1,1,1,1,1
ig / paid,120241173002890402,齊興_緻-台北市北投區/北士科住宅預售屋,/buildings/ar1/,1,1,1,1,0
google_kw / AR1,20250616_北投士林豪宅/別墅,齊興_緻-台北市北投區/北士科住宅預售屋,/buildings/ar1/,1,1,1,1,0
gdn / ar1,20251017-2-1,齊興_緻-台北市北投區/北士科住宅預售屋,/buildings/ar1/,1,1,1,1,2
(not set),20251023一輪播,齊興_緻-台北市北投區/北士科住宅預售屋,/buildings/ar1/,1,1,1,1,0
line-lap / 5vo1,20251123_1102,齊興_緻-台北市北投區/北士科住宅預售屋,/buildings/ar1/,1,1,1,1,36
webnews / ar1,20251126,齊興_緻-台北市北投區/北士科住宅預售屋,/buildings/ar1/,1,1,1,1,4
google_kw / 5vo1,202511_ex1,齊興_緻-台北市北投區/北士科住宅預售屋,/buildings/ar1/,1,1,1,1,35
google / cpc,CQH1-品牌字,齊興_緻-台北市北投區/北士科住宅預售屋,/buildings/ar1/,1,1,1,1,10
google / cpc,CQH1-買房字,齊興_緻-台北市北投區/北士科住宅預售屋,/buildings/ar1/,1,1,1,1,2
google / cpc,O1_地區字_2025.0801,齊興_緻-台北市北投區/北士科住宅預售屋,/buildings/ar1/,1,1,1,1,6
google / cpc,area,齊興_緻-台北市北投區/北士科住宅預售屋,/buildings/ar1/,1,1,1,1,0
pmp / ah1,avivid-2,齊興_緻-台北市北投區/北士科住宅預售屋,/buildings/ar1/,1,1,1,1,65
pmp / ah1,avivid-3,齊興_緻-台北市北投區/北士科住宅預售屋,/buildings/ar1/,1,1,1,1,0
google / cpc,brand,齊興_緻-台北市北投區/北士科住宅預售屋,/buildings/ar1/,1,1,1,1,11
fb / ah1,fb-1,齊興_緻-台北市北投區/北士科住宅預售屋,/buildings/ar1/,1,1,1,1,20
fb / fh2,fb12-2,齊興_緻-台北市北投區/北士科住宅預售屋,/buildings/ar1/,1,1,1,1,15
fb / bh8,fb25-1,齊興_緻-台北市北投區/北士科住宅預售屋,/buildings/ar1/,1,1,8,8,12
fb / ar1,fb3-3,齊興_緻-台北市北投區/北士科住宅預售屋,/buildings/ar1/,1,1,1,1,0
fb / ar1,fb6-1,齊興_緻-台北市北投區/北士科住宅預售屋,/buildings/ar1/,1,1,1,1,6
google / cpc,gdn-3,齊興_緻-台北市北投區/北士科住宅預售屋,/buildings/ar1/,1,1,1,1,6
google / cpc,gdn11-2,齊興_緻-台北市北投區/北士科住宅預售屋,/buildings/ar1/,1,1,1,1,1
line-lap / ah1,lap-1,齊興_緻-台北市北投區/北士科住宅預售屋,/buildings/ar1/,1,1,0,0,0
line-lap / ah1,lap-2,齊興_緻-台北市北投區/北士科住宅預售屋,/buildings/ar1/,1,1,1,1,6
line-lap / cqh1,lap-2,齊興_緻-台北市北投區/北士科住宅預售屋,/buildings/ar1/,1,1,2,2,0
fb / h713,leads,齊興_緻-台北市北投區/北士科住宅預售屋,/buildings/ar1/,1,1,1,1,0
google / cpc,newtaipei,齊興_緻-台北市北投區/北士科住宅預售屋,/buildings/ar1/,1,1,1,1,3
fb / ar1,privacy,齊興_緻-台北市北投區/北士科住宅預售屋,/buildings/ar1/,1,1,1,1,0
(not set),高雄楠梓,齊興_緻-台北市北投區/北士科住宅預售屋,/buildings/ar1/,1,1,1,1,0
line-lap / ar1,20260210-7-2,齐兴_致-台北市北投区/北士科住宅预售屋,/buildings/ar1/,1,1,0,0,50
google / cpc,extension,齐兴_致-台北市北投区/北士科住宅预售屋,/buildings/ar1/,1,1,0,0,19
google / cpc,BH10-北屯區區域字,(1) 封未讀訊息 | 北屯敦富路【遠雄敦富】- 北屯機捷預售屋．近好市多,/buildings/bh10/,1,1,0,0,4
google / cpc,BH10-北屯區區域字,"[Farglory Dunfu], Dunfu Road, Beitun - Pre-sale apartments near Beitun Airport MRT Station. Close to Costco.",/buildings/bh10/,1,1,0,0,106
google / cpc,BH10-台中區域字,"[Farglory Dunfu], Dunfu Road, Beitun - Pre-sale apartments near Beitun Airport MRT Station. Close to Costco.",/buildings/bh10/,1,1,1,1,32
line-lap / bh10,line-lap202511-7,"[Farglory Dunfu], Dunfu Road, Beitun - Pre-sale apartments near Beitun Airport MRT Station. Close to Costco.",/buildings/bh10/,1,1,0,0,194
line-lap / bh10,line-lap202511-6,"[Farglory Dunfu], Đường Dunfu, Beitun - Căn hộ đang mở bán gần ga MRT sân bay Beitun. Gần Costco.",/buildings/bh10/,1,1,0,0,38
line-lap / bh10,line-lap202511-6,北屯敦富路【远雄敦富】- 北屯机捷预售屋．近好市多,/buildings/bh10/,1,1,1,1,5
perplexity / (not set),(not set),北屯敦富路【遠雄敦富】- 北屯機捷預售屋．近好市多,/buildings/bh10/,1,1,1,1,2
m.facebook.com / referral,(referral),北屯敦富路【遠雄敦富】- 北屯機捷預售屋．近好市多,/buildings/bh10/,1,1,1,1,0
perplexity.ai / referral,(referral),北屯敦富路【遠雄敦富】- 北屯機捷預售屋．近好市多,/buildings/bh10/,1,1,1,1,75
reurl.cc / referral,(referral),北屯敦富路【遠雄敦富】- 北屯機捷預售屋．近好市多,/buildings/bh10/,1,1,2,2,6
fb / bh9,1,北屯敦富路【遠雄敦富】- 北屯機捷預售屋．近好市多,/buildings/bh10/,1,1,1,1,49
fb / h713,106,北屯敦富路【遠雄敦富】- 北屯機捷預售屋．近好市多,/buildings/bh10/,1,1,1,1,0
fb / paid,120229456515280138,北屯敦富路【遠雄敦富】- 北屯機捷預售屋．近好市多,/buildings/bh10/,1,1,1,1,30
fb / bh7,15,北屯敦富路【遠雄敦富】- 北屯機捷預售屋．近好市多,/buildings/bh10/,1,1,1,1,9
Line-lap / BH1,20210913,北屯敦富路【遠雄敦富】- 北屯機捷預售屋．近好市多,/buildings/bh10/,1,1,1,1,0
google_kw / BH8,20240816_台中中科,北屯敦富路【遠雄敦富】- 北屯機捷預售屋．近好市多,/buildings/bh10/,1,1,1,1,43
google_kw / BH8,20240816_台中高價建案,北屯敦富路【遠雄敦富】- 北屯機捷預售屋．近好市多,/buildings/bh10/,1,1,1,1,34
google_kw / BH8,20240816_透天/豪宅/別墅,北屯敦富路【遠雄敦富】- 北屯機捷預售屋．近好市多,/buildings/bh10/,1,1,1,1,2
google / cpc,20250616_品牌字,北屯敦富路【遠雄敦富】- 北屯機捷預售屋．近好市多,/buildings/bh10/,1,1,1,1,13
google / cpc,202601,北屯敦富路【遠雄敦富】- 北屯機捷預售屋．近好市多,/buildings/bh10/,1,1,1,1,20
line / bh11,20260113-12-3,北屯敦富路【遠雄敦富】- 北屯機捷預售屋．近好市多,/buildings/bh10/,1,1,1,1,27
line-lap / eh2,20260204C,北屯敦富路【遠雄敦富】- 北屯機捷預售屋．近好市多,/buildings/bh10/,1,1,1,1,6
fgr-line / bh10,20260206,北屯敦富路【遠雄敦富】- 北屯機捷預售屋．近好市多,/buildings/bh10/,1,1,1,1,0
fgr-line / bh8,20260207,北屯敦富路【遠雄敦富】- 北屯機捷預售屋．近好市多,/buildings/bh10/,1,1,1,1,34
fgr-line / h707,20260210,北屯敦富路【遠雄敦富】- 北屯機捷預售屋．近好市多,/buildings/bh10/,1,1,1,1,0
line-lap / bh10,20260213一輪播,北屯敦富路【遠雄敦富】- 北屯機捷預售屋．近好市多,/buildings/bh10/,1,1,1,1,0
fb / bh5,49,北屯敦富路【遠雄敦富】- 北屯機捷預售屋．近好市多,/buildings/bh10/,1,1,1,1,0
fb / bh7,9,北屯敦富路【遠雄敦富】- 北屯機捷預售屋．近好市多,/buildings/bh10/,1,1,1,1,11
google / cpc,O1_品牌字_2025.0801,北屯敦富路【遠雄敦富】- 北屯機捷預售屋．近好市多,/buildings/bh10/,1,1,4,4,98
google / cpc,Pmax,北屯敦富路【遠雄敦富】- 北屯機捷預售屋．近好市多,/buildings/bh10/,1,1,1,1,23
google / cpc,RSH1-地區字新北,北屯敦富路【遠雄敦富】- 北屯機捷預售屋．近好市多,/buildings/bh10/,1,1,1,1,97
google / cpc,RSH1-買房字,北屯敦富路【遠雄敦富】- 北屯機捷預售屋．近好市多,/buildings/bh10/,1,1,1,1,4
google / cpc,area,北屯敦富路【遠雄敦富】- 北屯機捷預售屋．近好市多,/buildings/bh10/,1,1,1,1,7
fgr-line / fgr,area_txg_beitun_14th_function_20250829,北屯敦富路【遠雄敦富】- 北屯機捷預售屋．近好市多,/buildings/bh10/,1,1,1,1,64
google / cpc,beitun,北屯敦富路【遠雄敦富】- 北屯機捷預售屋．近好市多,/buildings/bh10/,1,1,1,1,4
google / cpc,brand,北屯敦富路【遠雄敦富】- 北屯機捷預售屋．近好市多,/buildings/bh10/,1,1,1,1,0
google / cpc,dgc,北屯敦富路【遠雄敦富】- 北屯機捷預售屋．近好市多,/buildings/bh10/,1,1,1,1,20
fgr-line / fgr,expert_zhu_taiwan-land-scam,北屯敦富路【遠雄敦富】- 北屯機捷預售屋．近好市多,/buildings/bh10/,1,1,2,2,2
fb / ah1,fb-1,北屯敦富路【遠雄敦富】- 北屯機捷預售屋．近好市多,/buildings/bh10/,1,1,1,1,1
fb / eh6,fb1-3,北屯敦富路【遠雄敦富】- 北屯機捷預售屋．近好市多,/buildings/bh10/,1,1,1,1,58
fb / bh10,fb11-5,北屯敦富路【遠雄敦富】- 北屯機捷預售屋．近好市多,/buildings/bh10/,1,1,1,1,0
fb / bh10,fb202512-2,北屯敦富路【遠雄敦富】- 北屯機捷預售屋．近好市多,/buildings/bh10/,1,1,1,1,61
fb / dgm1,fb20262-3,北屯敦富路【遠雄敦富】- 北屯機捷預售屋．近好市多,/buildings/bh10/,1,1,1,1,1
fb / bh8,fb22-1,北屯敦富路【遠雄敦富】- 北屯機捷預售屋．近好市多,/buildings/bh10/,1,1,1,1,12
fb / bh8,fb25-7,北屯敦富路【遠雄敦富】- 北屯機捷預售屋．近好市多,/buildings/bh10/,1,1,1,1,1
fb / bh10,fbfanpage0102,北屯敦富路【遠雄敦富】- 北屯機捷預售屋．近好市多,/buildings/bh10/,1,1,1,1,54
fb / bh10,fbfanpage0213,北屯敦富路【遠雄敦富】- 北屯機捷預售屋．近好市多,/buildings/bh10/,1,1,2,2,0
gdn / bh10,gdn202502-2,北屯敦富路【遠雄敦富】- 北屯機捷預售屋．近好市多,/buildings/bh10/,1,1,1,1,6
gdn / bh10,gdn20252-5,北屯敦富路【遠雄敦富】- 北屯機捷預售屋．近好市多,/buildings/bh10/,1,1,1,1,334
gdn / bh10,gdn20253-1,北屯敦富路【遠雄敦富】- 北屯機捷預售屋．近好市多,/buildings/bh10/,1,1,1,1,0
google / cpc,gdn20253-1,北屯敦富路【遠雄敦富】- 北屯機捷預售屋．近好市多,/buildings/bh10/,1,1,1,1,32
google / cpc,gdn20257-5,北屯敦富路【遠雄敦富】- 北屯機捷預售屋．近好市多,/buildings/bh10/,1,1,1,1,0
ig / social,ig,北屯敦富路【遠雄敦富】- 北屯機捷預售屋．近好市多,/buildings/bh10/,1,1,1,1,0
google / cpc,information2,北屯敦富路【遠雄敦富】- 北屯機捷預售屋．近好市多,/buildings/bh10/,1,1,1,1,77
google / cpc,information4,北屯敦富路【遠雄敦富】- 北屯機捷預售屋．近好市多,/buildings/bh10/,1,1,2,2,107
google / cpc,landmark0829,北屯敦富路【遠雄敦富】- 北屯機捷預售屋．近好市多,/buildings/bh10/,1,1,2,2,217
line-lap / ah1,lap-2,北屯敦富路【遠雄敦富】- 北屯機捷預售屋．近好市多,/buildings/bh10/,1,1,1,1,27
fb / bh8,leads,北屯敦富路【遠雄敦富】- 北屯機捷預售屋．近好市多,/buildings/bh10/,1,1,1,1,12
line / rsh1,line-lap1-5_600x400,北屯敦富路【遠雄敦富】- 北屯機捷預售屋．近好市多,/buildings/bh10/,1,1,1,1,4
line-lap / fh2,line-lap12-2,北屯敦富路【遠雄敦富】- 北屯機捷預售屋．近好市多,/buildings/bh10/,1,1,1,1,0
line-lap / bh10,line-lap202502-2,北屯敦富路【遠雄敦富】- 北屯機捷預售屋．近好市多,/buildings/bh10/,1,1,1,1,0
line-lap / bh10,line-lap20257-5,北屯敦富路【遠雄敦富】- 北屯機捷預售屋．近好市多,/buildings/bh10/,1,1,1,1,11
line / bh10,line0123,北屯敦富路【遠雄敦富】- 北屯機捷預售屋．近好市多,/buildings/bh10/,1,1,2,2,2
fb / fm3,news0108,北屯敦富路【遠雄敦富】- 北屯機捷預售屋．近好市多,/buildings/bh10/,1,1,1,1,3
google / cpc,pmax,北屯敦富路【遠雄敦富】- 北屯機捷預售屋．近好市多,/buildings/bh10/,1,1,1,1,85
print / bh10,print-DM,北屯敦富路【遠雄敦富】- 北屯機捷預售屋．近好市多,/buildings/bh10/,1,1,1,1,39
fb / hch1,privacy,北屯敦富路【遠雄敦富】- 北屯機捷預售屋．近好市多,/buildings/bh10/,1,1,1,1,46
(not set),台中全區,北屯敦富路【遠雄敦富】- 北屯機捷預售屋．近好市多,/buildings/bh10/,1,1,1,1,107
line / bh11,20260206-2-4,(1) 封未讀訊息 | 遠雄14期首發【遠雄丰尚】北屯新案．近漢神洲際百貨,/buildings/bh11/,1,1,0,0,603
google / cpc,brand0829,(1) 封未讀訊息 | 遠雄14期首發【遠雄丰尚】北屯新案．近漢神洲際百貨,/buildings/bh11/,1,1,0,0,1
(data not available),(cross-network),"Farglory Phase 14 Launch: Farglory Fengshang, a new project in Beitun, near Hanshin Intercontinental Department Store.",/buildings/bh11/,1,1,0,0,3
(direct) / (none),(direct),"Farglory Phase 14 Launch: Farglory Fengshang, a new project in Beitun, near Hanshin Intercontinental Department Store.",/buildings/bh11/,1,1,0,0,11
line / bh11,20260113-12-3,"Farglory Phase 14 Launch: Farglory Fengshang, a new project in Beitun, near Hanshin Intercontinental Department Store.",/buildings/bh11/,1,1,0,0,0
line / bh11,20260206-2-4,"Farglory Phase 14 Launch: Farglory Fengshang, a new project in Beitun, near Hanshin Intercontinental Department Store.",/buildings/bh11/,1,1,0,0,0
google / cpc,20260206-2-4,Farglory Phase 14 の立ち上げ: 阪神インターコンチネンタル百貨店近くの北屯にある新プロジェクト、Farglory Fengshang。,/buildings/bh11/,1,1,0,0,0
(data not available),(cross-network),"Peluncuran Farglory Fase 14: Farglory Fengshang, proyek baru di Beitun, dekat Department Store Hanshin Intercontinental.",/buildings/bh11/,1,1,1,1,0
google / cpc,20260113-12-3,"Peluncuran Farglory Fase 14: Farglory Fengshang, proyek baru di Beitun, dekat Department Store Hanshin Intercontinental.",/buildings/bh11/,1,1,0,0,1
(not set),20260213一輪播,"Peluncuran Farglory Fase 14: Farglory Fengshang, proyek baru di Beitun, dekat Department Store Hanshin Intercontinental.",/buildings/bh11/,1,1,0,0,2
(data not available),(cross-network),"Ra mắt giai đoạn 14 của dự án Farglory: Farglory Fengshang, một dự án mới tại Beitun, gần trung tâm thương mại Hanshin Intercontinental.",/buildings/bh11/,1,1,0,0,28
google / cpc,20260206-2-4,"Ra mắt giai đoạn 14 của dự án Farglory: Farglory Fengshang, một dự án mới tại Beitun, gần trung tâm thương mại Hanshin Intercontinental.",/buildings/bh11/,1,1,0,0,10
(data not available),(cross-network),"Ra mắt giai đoạn 14 dự án Farglory: Farglory Fengshang, một dự án mới tại Beitun, gần trung tâm thương mại Hanshin Intercontinental.",/buildings/bh11/,1,1,0,0,3
google / cpc,(not set),遠雄14期首發【遠雄丰尚】北屯新案．近漢神洲際百貨,/buildings/bh11/,1,1,1,1,2
farglory-land.com.tw / referral,(referral),遠雄14期首發【遠雄丰尚】北屯新案．近漢神洲際百貨,/buildings/bh11/,1,1,1,1,57
l.instagram.com / referral,(referral),遠雄14期首發【遠雄丰尚】北屯新案．近漢神洲際百貨,/buildings/bh11/,1,1,1,1,17
teams.microsoft.com / referral,(referral),遠雄14期首發【遠雄丰尚】北屯新案．近漢神洲際百貨,/buildings/bh11/,1,1,2,2,168
fb / paid,120229486716970138,遠雄14期首發【遠雄丰尚】北屯新案．近漢神洲際百貨,/buildings/bh11/,1,1,1,1,57
ig / paid,120235362256540316,遠雄14期首發【遠雄丰尚】北屯新案．近漢神洲際百貨,/buildings/bh11/,1,1,1,1,18
ig / paid,120238384775810537,遠雄14期首發【遠雄丰尚】北屯新案．近漢神洲際百貨,/buildings/bh11/,1,1,1,1,0
fb / paid,120243215782540316,遠雄14期首發【遠雄丰尚】北屯新案．近漢神洲際百貨,/buildings/bh11/,1,1,2,2,14
ig / paid,120243215782540316,遠雄14期首發【遠雄丰尚】北屯新案．近漢神洲際百貨,/buildings/bh11/,1,1,1,1,21
google / cpc,1204G,遠雄14期首發【遠雄丰尚】北屯新案．近漢神洲際百貨,/buildings/bh11/,1,1,1,1,0
leju / bh11,2-3,遠雄14期首發【遠雄丰尚】北屯新案．近漢神洲際百貨,/buildings/bh11/,1,1,1,1,1
google / cpc,20250616_品牌字,遠雄14期首發【遠雄丰尚】北屯新案．近漢神洲際百貨,/buildings/bh11/,1,1,1,1,0
(not set),20251209一輪播,遠雄14期首發【遠雄丰尚】北屯新案．近漢神洲際百貨,/buildings/bh11/,1,1,1,1,4
web-ettoday / fm3,20260116,遠雄14期首發【遠雄丰尚】北屯新案．近漢神洲際百貨,/buildings/bh11/,1,1,1,1,1
fgr-line / bh11,20260210,遠雄14期首發【遠雄丰尚】北屯新案．近漢神洲際百貨,/buildings/bh11/,1,1,1,1,13
fgr-line / h707,20260210,遠雄14期首發【遠雄丰尚】北屯新案．近漢神洲際百貨,/buildings/bh11/,1,1,1,1,153
fgr-line / ah1,20260220,遠雄14期首發【遠雄丰尚】北屯新案．近漢神洲際百貨,/buildings/bh11/,1,1,1,1,0
fgr-line / bh7,20260220,遠雄14期首發【遠雄丰尚】北屯新案．近漢神洲際百貨,/buildings/bh11/,1,1,3,3,367
fb / bh7,9,遠雄14期首發【遠雄丰尚】北屯新案．近漢神洲際百貨,/buildings/bh11/,1,1,1,1,7
google / cpc,BH10-北屯區區域字,遠雄14期首發【遠雄丰尚】北屯新案．近漢神洲際百貨,/buildings/bh11/,1,1,1,1,10
web-edm / bh11,DM_202509,遠雄14期首發【遠雄丰尚】北屯新案．近漢神洲際百貨,/buildings/bh11/,1,1,2,2,47
google / cpc,O1_品牌字_2025.0801,遠雄14期首發【遠雄丰尚】北屯新案．近漢神洲際百貨,/buildings/bh11/,1,1,1,1,62
google_kw / bh11,Otherarea0829,遠雄14期首發【遠雄丰尚】北屯新案．近漢神洲際百貨,/buildings/bh11/,1,1,1,1,0
google / cpc,Pmax,遠雄14期首發【遠雄丰尚】北屯新案．近漢神洲際百貨,/buildings/bh11/,1,1,1,1,2
google / cpc,RSH1-競品字,遠雄14期首發【遠雄丰尚】北屯新案．近漢神洲際百貨,/buildings/bh11/,1,1,1,1,11
google_kw / bh11,competitor0829,遠雄14期首發【遠雄丰尚】北屯新案．近漢神洲際百貨,/buildings/bh11/,1,1,1,1,0
google_kw / bh11,corearea0829,遠雄14期首發【遠雄丰尚】北屯新案．近漢神洲際百貨,/buildings/bh11/,1,1,1,1,60
fb / bh8,fanpage,遠雄14期首發【遠雄丰尚】北屯新案．近漢神洲際百貨,/buildings/bh11/,1,1,1,1,32
fb / bh11,fanpagepost,遠雄14期首發【遠雄丰尚】北屯新案．近漢神洲際百貨,/buildings/bh11/,1,1,1,1,0
fb / bh10,fb20262-5,遠雄14期首發【遠雄丰尚】北屯新案．近漢神洲際百貨,/buildings/bh11/,1,1,1,1,12
fb / bh8,fb25-4,遠雄14期首發【遠雄丰尚】北屯新案．近漢神洲際百貨,/buildings/bh11/,1,1,1,1,14
fb / bh8,fb26-1,遠雄14期首發【遠雄丰尚】北屯新案．近漢神洲際百貨,/buildings/bh11/,1,1,1,1,0
google_gdn / 5vo1,gdn-01,遠雄14期首發【遠雄丰尚】北屯新案．近漢神洲際百貨,/buildings/bh11/,1,1,3,3,1
google / cpc,gdn-1,遠雄14期首發【遠雄丰尚】北屯新案．近漢神洲際百貨,/buildings/bh11/,1,1,4,4,5
google / cpc,gdn-2,遠雄14期首發【遠雄丰尚】北屯新案．近漢神洲際百貨,/buildings/bh11/,1,1,1,1,5
google / cpc,gdn11-4,遠雄14期首發【遠雄丰尚】北屯新案．近漢神洲際百貨,/buildings/bh11/,1,1,2,2,0
google / cpc,information3,遠雄14期首發【遠雄丰尚】北屯新案．近漢神洲際百貨,/buildings/bh11/,1,1,2,2,0
line / rsh1,line-lap1-5,遠雄14期首發【遠雄丰尚】北屯新案．近漢神洲際百貨,/buildings/bh11/,1,1,1,1,0
google / cpc,othercities_brand,遠雄14期首發【遠雄丰尚】北屯新案．近漢神洲際百貨,/buildings/bh11/,1,1,2,2,16
google / cpc,pmax,遠雄14期首發【遠雄丰尚】北屯新案．近漢神洲際百貨,/buildings/bh11/,1,1,1,1,9
google / cpc,sitelink,遠雄14期首發【遠雄丰尚】北屯新案．近漢神洲際百貨,/buildings/bh11/,1,1,2,2,3
(not set),台中,遠雄14期首發【遠雄丰尚】北屯新案．近漢神洲際百貨,/buildings/bh11/,1,1,1,1,90
(not set),台中全區,遠雄14期首發【遠雄丰尚】北屯新案．近漢神洲際百貨,/buildings/bh11/,1,1,1,1,51
(not set),台南中西,遠雄14期首發【遠雄丰尚】北屯新案．近漢神洲際百貨,/buildings/bh11/,1,1,1,1,1
leju / bh11,遠雄丰尚自然惟上,遠雄14期首發【遠雄丰尚】北屯新案．近漢神洲際百貨,/buildings/bh11/,1,1,3,3,0
leju / bh11,風光大棟距,遠雄14期首發【遠雄丰尚】北屯新案．近漢神洲際百貨,/buildings/bh11/,1,1,1,1,0
(not set),(not set),(1) 封未讀訊息 | 遠雄琉蘊 -台中市西屯區七期預售屋/新建案-預約賞屋，遠雄房地產,/buildings/bh5/,1,1,0,0,111
fb / bh10,fbearlybird_form,(1) 封未讀訊息 | 遠雄琉蘊 -台中市西屯區七期預售屋/新建案-預約賞屋，遠雄房地產,/buildings/bh5/,1,1,0,0,0
google / cpc,(organic),(2) 封未讀訊息 | (1) 封未讀訊息 | 遠雄琉蘊 -台中市西屯區七期預售屋/新建案-預約賞屋，遠雄房地產,/buildings/bh5/,1,1,0,0,45
google / cpc,(organic),(3) 封未讀訊息 | (2) 封未讀訊息 | (1) 封未讀訊息 | 遠雄琉蘊 -台中市西屯區七期預售屋/新建案-預約賞屋，遠雄房地產,/buildings/bh5/,1,1,0,0,10
google / cpc,(organic),(5) 封未讀訊息 | 遠雄琉蘊 -台中市西屯區七期預售屋/新建案-預約賞屋，遠雄房地產,/buildings/bh5/,1,1,0,0,43
google / cpc,(organic),"Farglory Liuyun - Pre-sale/New Construction Project in Xitun District, Taichung City - Schedule a Viewing - Farglory Real Estate",/buildings/bh5/,1,1,0,0,109
google / cpc,(organic),"Farglory Liuyun - Proyecto de preventa/obra nueva en el distrito de Xitun, Taichung - Programe una visita - Farglory Real Estate",/buildings/bh5/,1,1,0,0,138
google / cpc,(direct),遠雄琉蘊 -台中市西屯區七期預售屋/新建案-預約賞屋，遠雄房地產,/buildings/bh5/,1,1,0,0,6
perplexity / (not set),(not set),遠雄琉蘊 -台中市西屯區七期預售屋/新建案-預約賞屋，遠雄房地產,/buildings/bh5/,1,1,1,1,0
google_kw / dh2,(organic),遠雄琉蘊 -台中市西屯區七期預售屋/新建案-預約賞屋，遠雄房地產,/buildings/bh5/,1,1,1,1,13
farglory-land.com.tw / referral,(referral),遠雄琉蘊 -台中市西屯區七期預售屋/新建案-預約賞屋，遠雄房地產,/buildings/bh5/,1,1,1,1,74
reurl.cc / referral,(referral),遠雄琉蘊 -台中市西屯區七期預售屋/新建案-預約賞屋，遠雄房地產,/buildings/bh5/,1,1,1,1,0
yahoo_native / bh5,(referral),遠雄琉蘊 -台中市西屯區七期預售屋/新建案-預約賞屋，遠雄房地產,/buildings/bh5/,1,1,1,1,0
fb / bh5,10-1,遠雄琉蘊 -台中市西屯區七期預售屋/新建案-預約賞屋，遠雄房地產,/buildings/bh5/,1,1,1,1,7
google / cpc,1103G,遠雄琉蘊 -台中市西屯區七期預售屋/新建案-預約賞屋，遠雄房地產,/buildings/bh5/,1,1,1,1,0
webnews / bh5,11307,遠雄琉蘊 -台中市西屯區七期預售屋/新建案-預約賞屋，遠雄房地產,/buildings/bh5/,1,1,1,1,0
fb / bh5,12,遠雄琉蘊 -台中市西屯區七期預售屋/新建案-預約賞屋，遠雄房地產,/buildings/bh5/,1,1,1,1,7
fb / bh5,13-1,遠雄琉蘊 -台中市西屯區七期預售屋/新建案-預約賞屋，遠雄房地產,/buildings/bh5/,1,1,1,1,0
fb / bh5,15,遠雄琉蘊 -台中市西屯區七期預售屋/新建案-預約賞屋，遠雄房地產,/buildings/bh5/,1,1,1,1,2
line-lap / dh2,15,遠雄琉蘊 -台中市西屯區七期預售屋/新建案-預約賞屋，遠雄房地產,/buildings/bh5/,1,1,1,1,0
fb / bh5,17,遠雄琉蘊 -台中市西屯區七期預售屋/新建案-預約賞屋，遠雄房地產,/buildings/bh5/,1,1,1,1,7
line-lap / dh2,17,遠雄琉蘊 -台中市西屯區七期預售屋/新建案-預約賞屋，遠雄房地產,/buildings/bh5/,1,1,1,1,2
line-lap / dh2,18,遠雄琉蘊 -台中市西屯區七期預售屋/新建案-預約賞屋，遠雄房地產,/buildings/bh5/,1,1,1,1,0
google_kw / BH8,20240816_台中高價建案,遠雄琉蘊 -台中市西屯區七期預售屋/新建案-預約賞屋，遠雄房地產,/buildings/bh5/,1,1,1,1,15
google_kw / BH8,20240816_品牌字,遠雄琉蘊 -台中市西屯區七期預售屋/新建案-預約賞屋，遠雄房地產,/buildings/bh5/,1,1,1,1,1
google / cpc,20250616_品牌字,遠雄琉蘊 -台中市西屯區七期預售屋/新建案-預約賞屋，遠雄房地產,/buildings/bh5/,1,1,1,1,0
google / cpc,20250616_競品字,遠雄琉蘊 -台中市西屯區七期預售屋/新建案-預約賞屋，遠雄房地產,/buildings/bh5/,1,1,1,1,1316
google / cpc,202511,遠雄琉蘊 -台中市西屯區七期預售屋/新建案-預約賞屋，遠雄房地產,/buildings/bh5/,1,1,1,1,13
line-lap / eh2,20251208,遠雄琉蘊 -台中市西屯區七期預售屋/新建案-預約賞屋，遠雄房地產,/buildings/bh5/,1,1,1,1,0
line-lap / ar1,20260101-6-1,遠雄琉蘊 -台中市西屯區七期預售屋/新建案-預約賞屋，遠雄房地產,/buildings/bh5/,1,1,1,1,1
line / bh11,20260206-2-4,遠雄琉蘊 -台中市西屯區七期預售屋/新建案-預約賞屋，遠雄房地產,/buildings/bh5/,1,1,2,2,19
fb / bh5,22,遠雄琉蘊 -台中市西屯區七期預售屋/新建案-預約賞屋，遠雄房地產,/buildings/bh5/,1,1,1,1,6
fb / bh5,23,遠雄琉蘊 -台中市西屯區七期預售屋/新建案-預約賞屋，遠雄房地產,/buildings/bh5/,1,1,1,1,7
fb / bh5,25,遠雄琉蘊 -台中市西屯區七期預售屋/新建案-預約賞屋，遠雄房地產,/buildings/bh5/,1,1,1,1,0
fb / bh5,26,遠雄琉蘊 -台中市西屯區七期預售屋/新建案-預約賞屋，遠雄房地產,/buildings/bh5/,1,1,1,1,0
fb / bh5,28,遠雄琉蘊 -台中市西屯區七期預售屋/新建案-預約賞屋，遠雄房地產,/buildings/bh5/,1,1,1,1,0
fb / bh5,30,遠雄琉蘊 -台中市西屯區七期預售屋/新建案-預約賞屋，遠雄房地產,/buildings/bh5/,1,1,1,1,0
fb / bh5,34,遠雄琉蘊 -台中市西屯區七期預售屋/新建案-預約賞屋，遠雄房地產,/buildings/bh5/,1,1,1,1,0
fb / bh5,4,遠雄琉蘊 -台中市西屯區七期預售屋/新建案-預約賞屋，遠雄房地產,/buildings/bh5/,1,1,1,1,0
fb / bh5,4-1,遠雄琉蘊 -台中市西屯區七期預售屋/新建案-預約賞屋，遠雄房地產,/buildings/bh5/,1,1,1,1,0
fb / bh5,4-3,遠雄琉蘊 -台中市西屯區七期預售屋/新建案-預約賞屋，遠雄房地產,/buildings/bh5/,1,1,1,1,0
fb / bh5,40,遠雄琉蘊 -台中市西屯區七期預售屋/新建案-預約賞屋，遠雄房地產,/buildings/bh5/,1,1,1,1,3
fb / bh5,42,遠雄琉蘊 -台中市西屯區七期預售屋/新建案-預約賞屋，遠雄房地產,/buildings/bh5/,1,1,1,1,14
fb / bh5,7,遠雄琉蘊 -台中市西屯區七期預售屋/新建案-預約賞屋，遠雄房地產,/buildings/bh5/,1,1,1,1,0
google / cpc,BH10-十四期區域字,遠雄琉蘊 -台中市西屯區七期預售屋/新建案-預約賞屋，遠雄房地產,/buildings/bh5/,1,1,1,1,7
google / cpc,CQH1-買房字,遠雄琉蘊 -台中市西屯區七期預售屋/新建案-預約賞屋，遠雄房地產,/buildings/bh5/,1,1,1,1,2
sms / aep-cdp,CRM-001-D,遠雄琉蘊 -台中市西屯區七期預售屋/新建案-預約賞屋，遠雄房地產,/buildings/bh5/,1,1,1,1,17
google / cpc,O1_品牌字_2025.0801,遠雄琉蘊 -台中市西屯區七期預售屋/新建案-預約賞屋，遠雄房地產,/buildings/bh5/,1,1,1,1,61
google / cpc,O1_特色字_2025.0801,遠雄琉蘊 -台中市西屯區七期預售屋/新建案-預約賞屋，遠雄房地產,/buildings/bh5/,1,1,1,1,52
google / cpc,Pmax,遠雄琉蘊 -台中市西屯區七期預售屋/新建案-預約賞屋，遠雄房地產,/buildings/bh5/,1,1,1,1,0
google / cpc,Sanmin,遠雄琉蘊 -台中市西屯區七期預售屋/新建案-預約賞屋，遠雄房地產,/buildings/bh5/,1,1,1,1,1
fb / bh5,Y50 skm,遠雄琉蘊 -台中市西屯區七期預售屋/新建案-預約賞屋，遠雄房地產,/buildings/bh5/,1,1,1,1,0
google / cpc,area,遠雄琉蘊 -台中市西屯區七期預售屋/新建案-預約賞屋，遠雄房地產,/buildings/bh5/,1,1,1,1,0
pmp / ah1,avivid-1,遠雄琉蘊 -台中市西屯區七期預售屋/新建案-預約賞屋，遠雄房地產,/buildings/bh5/,1,1,1,1,81
google / cpc,beitun,遠雄琉蘊 -台中市西屯區七期預售屋/新建案-預約賞屋，遠雄房地產,/buildings/bh5/,1,1,1,1,9
google_kw / bh10,beitun,遠雄琉蘊 -台中市西屯區七期預售屋/新建案-預約賞屋，遠雄房地產,/buildings/bh5/,1,1,1,1,59
google / cpc,competitor0829,遠雄琉蘊 -台中市西屯區七期預售屋/新建案-預約賞屋，遠雄房地產,/buildings/bh5/,1,1,1,1,0
google / cpc,corearea0829,遠雄琉蘊 -台中市西屯區七期預售屋/新建案-預約賞屋，遠雄房地產,/buildings/bh5/,1,1,1,1,38
youtube / fgr,expert_zhu_video_buy-vs-gift,遠雄琉蘊 -台中市西屯區七期預售屋/新建案-預約賞屋，遠雄房地產,/buildings/bh5/,1,1,1,1,3
fb / eh6,fb1-3,遠雄琉蘊 -台中市西屯區七期預售屋/新建案-預約賞屋，遠雄房地產,/buildings/bh5/,1,1,1,1,75
fb / bh10,fb10-8,遠雄琉蘊 -台中市西屯區七期預售屋/新建案-預約賞屋，遠雄房地產,/buildings/bh5/,1,1,1,1,20
fb / bh10,fb20261-1,遠雄琉蘊 -台中市西屯區七期預售屋/新建案-預約賞屋，遠雄房地產,/buildings/bh5/,1,1,2,2,32
fb / bh10,fbearlybird_form,遠雄琉蘊 -台中市西屯區七期預售屋/新建案-預約賞屋，遠雄房地產,/buildings/bh5/,1,1,1,1,0
google / cpc,gdn,遠雄琉蘊 -台中市西屯區七期預售屋/新建案-預約賞屋，遠雄房地產,/buildings/bh5/,1,1,1,1,0
google / cpc,gdn-2,遠雄琉蘊 -台中市西屯區七期預售屋/新建案-預約賞屋，遠雄房地產,/buildings/bh5/,1,1,1,1,45
google_kw / ah1,googlemap,遠雄琉蘊 -台中市西屯區七期預售屋/新建案-預約賞屋，遠雄房地產,/buildings/bh5/,1,1,1,1,43
ig / social,ig,遠雄琉蘊 -台中市西屯區七期預售屋/新建案-預約賞屋，遠雄房地產,/buildings/bh5/,1,1,1,1,59
google / cpc,information2,遠雄琉蘊 -台中市西屯區七期預售屋/新建案-預約賞屋，遠雄房地產,/buildings/bh5/,1,1,2,2,333
google / cpc,landmark0829,遠雄琉蘊 -台中市西屯區七期預售屋/新建案-預約賞屋，遠雄房地產,/buildings/bh5/,1,1,1,1,30
line-lap / ah1,lap-1,遠雄琉蘊 -台中市西屯區七期預售屋/新建案-預約賞屋，遠雄房地產,/buildings/bh5/,1,1,1,1,45
line-lap / ah1,lap-3,遠雄琉蘊 -台中市西屯區七期預售屋/新建案-預約賞屋，遠雄房地產,/buildings/bh5/,1,1,1,1,0
leju / bh11,leju_buildingpage,遠雄琉蘊 -台中市西屯區七期預售屋/新建案-預約賞屋，遠雄房地產,/buildings/bh5/,1,1,1,1,20
line / rsh1,line-lap1-4,遠雄琉蘊 -台中市西屯區七期預售屋/新建案-預約賞屋，遠雄房地產,/buildings/bh5/,1,1,1,1,0
line-fgr / bh7,linefgrbh7,遠雄琉蘊 -台中市西屯區七期預售屋/新建案-預約賞屋，遠雄房地產,/buildings/bh5/,1,1,4,4,160
line / ah1,message,遠雄琉蘊 -台中市西屯區七期預售屋/新建案-預約賞屋，遠雄房地產,/buildings/bh5/,1,1,3,3,1
google / cpc,othercities_brand,遠雄琉蘊 -台中市西屯區七期預售屋/新建案-預約賞屋，遠雄房地產,/buildings/bh5/,1,1,1,1,521
youtube / fgr,yt,遠雄琉蘊 -台中市西屯區七期預售屋/新建案-預約賞屋，遠雄房地產,/buildings/bh5/,1,1,1,1,82
web-udn / bh6,(not set),遠雄藝舍-台中西屯區麥當勞旁金店面-預約賞屋，遠雄房地產,/buildings/bh6/,1,1,1,1,0
tw.search.yahoo.com / referral,(referral),遠雄藝舍-台中西屯區麥當勞旁金店面-預約賞屋，遠雄房地產,/buildings/bh6/,1,1,1,1,41
line-lap / bh6,20240129linelap,遠雄藝舍-台中西屯區麥當勞旁金店面-預約賞屋，遠雄房地產,/buildings/bh6/,1,1,1,1,0
(not set),20251107一輪播,遠雄藝舍-台中西屯區麥當勞旁金店面-預約賞屋，遠雄房地產,/buildings/bh6/,1,1,1,1,117
google / cpc,202601,遠雄藝舍-台中西屯區麥當勞旁金店面-預約賞屋，遠雄房地產,/buildings/bh6/,1,1,1,1,92
google / cpc,BH10-台中區域字,遠雄藝舍-台中西屯區麥當勞旁金店面-預約賞屋，遠雄房地產,/buildings/bh6/,1,1,1,1,41
google / cpc,BH10-競品字,遠雄藝舍-台中西屯區麥當勞旁金店面-預約賞屋，遠雄房地產,/buildings/bh6/,1,1,1,1,49
google / cpc,O1_品牌字_2025.0801,遠雄藝舍-台中西屯區麥當勞旁金店面-預約賞屋，遠雄房地產,/buildings/bh6/,1,1,1,1,6
google / cpc,Otherarea0829,遠雄藝舍-台中西屯區麥當勞旁金店面-預約賞屋，遠雄房地產,/buildings/bh6/,1,1,1,1,22
google / cpc,brand0829,遠雄藝舍-台中西屯區麥當勞旁金店面-預約賞屋，遠雄房地產,/buildings/bh6/,1,1,1,1,21
gdn / bh6,gdnsiteplan,遠雄藝舍-台中西屯區麥當勞旁金店面-預約賞屋，遠雄房地產,/buildings/bh6/,1,1,1,1,0
ig / social,ig,遠雄藝舍-台中西屯區麥當勞旁金店面-預約賞屋，遠雄房地產,/buildings/bh6/,1,1,1,1,58
fb / bh8,leads,遠雄藝舍-台中西屯區麥當勞旁金店面-預約賞屋，遠雄房地產,/buildings/bh6/,1,1,1,1,15
fb / bh7,12,(1) 封未讀訊息 | 【遠雄樂元】北屯機捷X好市多，雙首排大道最核心，夠近才最好,/buildings/bh7/,1,1,0,0,105
google / cpc,brand0829,(1) 封未讀訊息 | 【遠雄樂元】北屯機捷X好市多，雙首排大道最核心，夠近才最好,/buildings/bh7/,1,1,0,0,19
google / cpc,corearea0829,(1) 封未讀訊息 | 【遠雄樂元】北屯機捷X好市多，雙首排大道最核心，夠近才最好,/buildings/bh7/,1,1,0,0,0
google_kw / bh7,othercities_brand,(1) 封未讀訊息 | 【遠雄樂元】北屯機捷X好市多，雙首排大道最核心，夠近才最好,/buildings/bh7/,1,1,0,0,0
chatgpt.com / referral,(referral),(2) 封未讀訊息 | 【遠雄樂元】北屯機捷X好市多，雙首排大道最核心，夠近才最好,/buildings/bh7/,1,1,1,1,9
google / cpc,BH10-台中區域字,(2) 封未讀訊息 | 【遠雄樂元】北屯機捷X好市多，雙首排大道最核心，夠近才最好,/buildings/bh7/,1,1,0,0,93
line-fgr / bh7,linefgrbh7,(2) 封未讀訊息 | 【遠雄樂元】北屯機捷X好市多，雙首排大道最核心，夠近才最好,/buildings/bh7/,1,1,0,0,7
line-fgr / bh7,linefgrbh7,(3) 封未讀訊息 | 【遠雄樂元】北屯機捷X好市多，雙首排大道最核心，夠近才最好,/buildings/bh7/,1,1,0,0,3
google / cpc,beitun,"【Farglory Leyuan】Beitun Airport MRT and Costco, prime location with two first-row seats on the main road, proximity is key.",/buildings/bh7/,1,1,0,0,20
line / bh5,(not set),【遠雄樂元】北屯機捷X好市多，雙首排大道最核心，夠近才最好,/buildings/bh7/,1,1,1,1,5
bing / organic,(organic),【遠雄樂元】北屯機捷X好市多，雙首排大道最核心，夠近才最好,/buildings/bh7/,1,1,1,1,84
yahoo / organic,(organic),【遠雄樂元】北屯機捷X好市多，雙首排大道最核心，夠近才最好,/buildings/bh7/,1,1,1,1,5
farglory-land.com.tw / referral,(referral),【遠雄樂元】北屯機捷X好市多，雙首排大道最核心，夠近才最好,/buildings/bh7/,1,1,1,1,48
lm.facebook.com / referral,(referral),【遠雄樂元】北屯機捷X好市多，雙首排大道最核心，夠近才最好,/buildings/bh7/,1,1,1,1,101
fb / h707,1,【遠雄樂元】北屯機捷X好市多，雙首排大道最核心，夠近才最好,/buildings/bh7/,1,1,1,1,0
fb / bh11,11-2,【遠雄樂元】北屯機捷X好市多，雙首排大道最核心，夠近才最好,/buildings/bh7/,1,1,1,1,38
fb / bh11,11-3,【遠雄樂元】北屯機捷X好市多，雙首排大道最核心，夠近才最好,/buildings/bh7/,1,1,1,1,52
fb / paid,120238552444900537,【遠雄樂元】北屯機捷X好市多，雙首排大道最核心，夠近才最好,/buildings/bh7/,1,1,1,1,1
fb / paid,120243215782540316,【遠雄樂元】北屯機捷X好市多，雙首排大道最核心，夠近才最好,/buildings/bh7/,1,1,1,1,12
fb / bh7,13,【遠雄樂元】北屯機捷X好市多，雙首排大道最核心，夠近才最好,/buildings/bh7/,1,1,1,1,27
line-lap / dh2,17,【遠雄樂元】北屯機捷X好市多，雙首排大道最核心，夠近才最好,/buildings/bh7/,1,1,1,1,5
fb / bh7,2,【遠雄樂元】北屯機捷X好市多，雙首排大道最核心，夠近才最好,/buildings/bh7/,1,1,1,1,57
google_kw / BH8,20240816_台中中科,【遠雄樂元】北屯機捷X好市多，雙首排大道最核心，夠近才最好,/buildings/bh7/,1,1,1,1,46
google_kw / BH8,20240816_台中高價建案,【遠雄樂元】北屯機捷X好市多，雙首排大道最核心，夠近才最好,/buildings/bh7/,1,1,1,1,9
google_kw / BH8,20240816_透天/豪宅/別墅,【遠雄樂元】北屯機捷X好市多，雙首排大道最核心，夠近才最好,/buildings/bh7/,1,1,4,4,69
(not set),20251231一輪播,【遠雄樂元】北屯機捷X好市多，雙首排大道最核心，夠近才最好,/buildings/bh7/,1,1,1,1,12
webnews / h707,20260116,【遠雄樂元】北屯機捷X好市多，雙首排大道最核心，夠近才最好,/buildings/bh7/,1,1,11,11,22
line-lap / eh2,20260204A,【遠雄樂元】北屯機捷X好市多，雙首排大道最核心，夠近才最好,/buildings/bh7/,1,1,1,1,5
fgr-line / bh8,20260207,【遠雄樂元】北屯機捷X好市多，雙首排大道最核心，夠近才最好,/buildings/bh7/,1,1,1,1,0
fgr-line / cqh1,20260210,【遠雄樂元】北屯機捷X好市多，雙首排大道最核心，夠近才最好,/buildings/bh7/,1,1,1,1,8
fb / bh7,8,【遠雄樂元】北屯機捷X好市多，雙首排大道最核心，夠近才最好,/buildings/bh7/,1,1,1,1,5
google / cpc,O1_品牌字_2025.0801,【遠雄樂元】北屯機捷X好市多，雙首排大道最核心，夠近才最好,/buildings/bh7/,1,1,1,1,38
google / cpc,area,【遠雄樂元】北屯機捷X好市多，雙首排大道最核心，夠近才最好,/buildings/bh7/,1,1,1,1,9
pmp / ah1,avivid-1,【遠雄樂元】北屯機捷X好市多，雙首排大道最核心，夠近才最好,/buildings/bh7/,1,1,1,1,70
google_kw / bh7,beitun,【遠雄樂元】北屯機捷X好市多，雙首排大道最核心，夠近才最好,/buildings/bh7/,1,1,1,1,0
google_kw / bh7,brand,【遠雄樂元】北屯機捷X好市多，雙首排大道最核心，夠近才最好,/buildings/bh7/,1,1,1,1,0
google / cpc,com,【遠雄樂元】北屯機捷X好市多，雙首排大道最核心，夠近才最好,/buildings/bh7/,1,1,1,1,18
google_kw / bh10,competitor-farglory,【遠雄樂元】北屯機捷X好市多，雙首排大道最核心，夠近才最好,/buildings/bh7/,1,1,2,2,60
fgr-line / fgr,expert_zhu_taiwan-land-scam,【遠雄樂元】北屯機捷X好市多，雙首排大道最核心，夠近才最好,/buildings/bh7/,1,1,1,1,14
socialmedia / fgr,fb,【遠雄樂元】北屯機捷X好市多，雙首排大道最核心，夠近才最好,/buildings/bh7/,1,1,1,1,23
fb / cqh1,fb-37,【遠雄樂元】北屯機捷X好市多，雙首排大道最核心，夠近才最好,/buildings/bh7/,1,1,1,1,6
fb / bh10,fb20261-4,【遠雄樂元】北屯機捷X好市多，雙首排大道最核心，夠近才最好,/buildings/bh7/,1,1,1,1,20
fb / bh10,fbearlybird_form,【遠雄樂元】北屯機捷X好市多，雙首排大道最核心，夠近才最好,/buildings/bh7/,1,1,1,1,0
fb / rsh1,fbfanpage,【遠雄樂元】北屯機捷X好市多，雙首排大道最核心，夠近才最好,/buildings/bh7/,1,1,1,1,0
socialmedia / fh2,fbfh2info,【遠雄樂元】北屯機捷X好市多，雙首排大道最核心，夠近才最好,/buildings/bh7/,1,1,1,1,20
fb / eh6,form,【遠雄樂元】北屯機捷X好市多，雙首排大道最核心，夠近才最好,/buildings/bh7/,1,1,1,1,21
fb / bh5,leads,【遠雄樂元】北屯機捷X好市多，雙首排大道最核心，夠近才最好,/buildings/bh7/,1,1,1,1,11
leju / bh11,leju_buildingpage,【遠雄樂元】北屯機捷X好市多，雙首排大道最核心，夠近才最好,/buildings/bh7/,1,1,1,1,14
fgr-line / fgr,playlist=e93ee4e&video=3f91b6e,【遠雄樂元】北屯機捷X好市多，雙首排大道最核心，夠近才最好,/buildings/bh7/,1,1,1,1,0
google_kw / bh10,taichung,【遠雄樂元】北屯機捷X好市多，雙首排大道最核心，夠近才最好,/buildings/bh7/,1,1,1,1,6
(not set),台中全區,【遠雄樂元】北屯機捷X好市多，雙首排大道最核心，夠近才最好,/buildings/bh7/,1,1,0,0,0
(not set),(not set),台中西屯建案【遠雄洄山行】．2-4房方正格局,/buildings/bh8/,1,1,1,1,0
line-lap / bh5,(referral),台中西屯建案【遠雄洄山行】．2-4房方正格局,/buildings/bh8/,1,1,1,1,36
fb / bh9,1,台中西屯建案【遠雄洄山行】．2-4房方正格局,/buildings/bh8/,1,1,1,1,159
fb / h707,1,台中西屯建案【遠雄洄山行】．2-4房方正格局,/buildings/bh8/,1,1,1,1,0
fb / h713,113,台中西屯建案【遠雄洄山行】．2-4房方正格局,/buildings/bh8/,1,1,1,1,0
fb / bh7,12,台中西屯建案【遠雄洄山行】．2-4房方正格局,/buildings/bh8/,1,1,2,2,97
ig / paid,120207082473750558,台中西屯建案【遠雄洄山行】．2-4房方正格局,/buildings/bh8/,1,1,1,1,105
ig / paid,120229456515280138,台中西屯建案【遠雄洄山行】．2-4房方正格局,/buildings/bh8/,1,1,1,1,0
fb / bh7,15,台中西屯建案【遠雄洄山行】．2-4房方正格局,/buildings/bh8/,1,1,1,1,12
fb / bh7,16,台中西屯建案【遠雄洄山行】．2-4房方正格局,/buildings/bh8/,1,1,1,1,0
google_kw / BH8,20240816_台中 建案,台中西屯建案【遠雄洄山行】．2-4房方正格局,/buildings/bh8/,1,1,1,1,19
google_kw / BH8,20240816_品牌字,台中西屯建案【遠雄洄山行】．2-4房方正格局,/buildings/bh8/,1,1,1,1,215
(not set),20251107一輪播,台中西屯建案【遠雄洄山行】．2-4房方正格局,/buildings/bh8/,1,1,1,1,139
fgr-line / bh10,20260206,台中西屯建案【遠雄洄山行】．2-4房方正格局,/buildings/bh8/,1,1,1,1,0
fgr-line / bh7,20260210,台中西屯建案【遠雄洄山行】．2-4房方正格局,/buildings/bh8/,1,1,1,1,0
fb / bh5,39,台中西屯建案【遠雄洄山行】．2-4房方正格局,/buildings/bh8/,1,1,1,1,0
fb / bh5,45,台中西屯建案【遠雄洄山行】．2-4房方正格局,/buildings/bh8/,1,1,1,1,869
fb / bh7,9,台中西屯建案【遠雄洄山行】．2-4房方正格局,/buildings/bh8/,1,1,1,1,21
google / cpc,BH10-十四期區域字,台中西屯建案【遠雄洄山行】．2-4房方正格局,/buildings/bh8/,1,1,1,1,58
sms / aep-cdp,CRM-001-D,台中西屯建案【遠雄洄山行】．2-4房方正格局,/buildings/bh8/,1,1,1,1,25
google / cpc,O1_品牌字_2025.0801,台中西屯建案【遠雄洄山行】．2-4房方正格局,/buildings/bh8/,1,1,1,1,33
google_kw / bh10,beitun,台中西屯建案【遠雄洄山行】．2-4房方正格局,/buildings/bh8/,1,1,1,1,128
omnichat / chatbot_webchat,chatbot_webchat_Raccoon+AI,台中西屯建案【遠雄洄山行】．2-4房方正格局,/buildings/bh8/,1,1,2,2,123
google / cpc,competitor0829,台中西屯建案【遠雄洄山行】．2-4房方正格局,/buildings/bh8/,1,1,1,1,22
socialmedia / bh8,dcard_202508,台中西屯建案【遠雄洄山行】．2-4房方正格局,/buildings/bh8/,1,1,1,1,1
fb / bh8,fb10-2,台中西屯建案【遠雄洄山行】．2-4房方正格局,/buildings/bh8/,1,1,1,1,6
fb / bh8,fb11-1,台中西屯建案【遠雄洄山行】．2-4房方正格局,/buildings/bh8/,1,1,1,1,3
fb / bh8,fb11-3,台中西屯建案【遠雄洄山行】．2-4房方正格局,/buildings/bh8/,1,1,1,1,0
fb / bh8,fb13-1,台中西屯建案【遠雄洄山行】．2-4房方正格局,/buildings/bh8/,1,1,1,1,6
fb / bh8,fb26-3,台中西屯建案【遠雄洄山行】．2-4房方正格局,/buildings/bh8/,1,1,2,2,2
fb / fm3,fb9-1,台中西屯建案【遠雄洄山行】．2-4房方正格局,/buildings/bh8/,1,1,2,2,0
socialmedia / fh2,fbfh2info,台中西屯建案【遠雄洄山行】．2-4房方正格局,/buildings/bh8/,1,1,1,1,10
leju / bh11,leju_buildingpage,台中西屯建案【遠雄洄山行】．2-4房方正格局,/buildings/bh8/,1,1,1,1,10
line / bh8,line,台中西屯建案【遠雄洄山行】．2-4房方正格局,/buildings/bh8/,1,1,1,1,86
line-fgr / bh7,linefgrbh7,台中西屯建案【遠雄洄山行】．2-4房方正格局,/buildings/bh8/,1,1,3,3,1064
(not set),台中全區,台中西屯建案【遠雄洄山行】．2-4房方正格局,/buildings/bh8/,1,1,1,1,0
(not set),台南全區,台中西屯建案【遠雄洄山行】．2-4房方正格局,/buildings/bh8/,1,1,1,1,0
fb / bh9,31,"The Shuinan residential project, Farglory Green Beauty, is near Green Beauty Gallery and Central Park. (Pre-sale units available)",/buildings/bh9/,1,1,0,0,1
fb / bh9,8,"The Shuinan residential project, Farglory Green Beauty, is near Green Beauty Gallery and Central Park. (Pre-sale units available)",/buildings/bh9/,1,1,0,0,26
google_kw / bh9,(not set),水湳建案【遠雄綠美】鄰近綠美圖．中央公園預售屋,/buildings/bh9/,1,1,1,1,0
google_kw / h713,(not set),水湳建案【遠雄綠美】鄰近綠美圖．中央公園預售屋,/buildings/bh9/,1,1,1,1,27
google / cpc,(referral),水湳建案【遠雄綠美】鄰近綠美圖．中央公園預售屋,/buildings/bh9/,1,1,1,1,9
l.facebook.com / referral,(referral),水湳建案【遠雄綠美】鄰近綠美圖．中央公園預售屋,/buildings/bh9/,1,1,1,1,8
m.facebook.com / referral,(referral),水湳建案【遠雄綠美】鄰近綠美圖．中央公園預售屋,/buildings/bh9/,1,1,1,1,0
mkto-sn070013.com / referral,(referral),水湳建案【遠雄綠美】鄰近綠美圖．中央公園預售屋,/buildings/bh9/,1,1,2,2,122
fb / h707,1,水湳建案【遠雄綠美】鄰近綠美圖．中央公園預售屋,/buildings/bh9/,1,1,1,1,86
fb / bh9,12,水湳建案【遠雄綠美】鄰近綠美圖．中央公園預售屋,/buildings/bh9/,1,1,1,1,3
fb / bh9,17,水湳建案【遠雄綠美】鄰近綠美圖．中央公園預售屋,/buildings/bh9/,1,1,1,1,3
google_kw / BH8,20240816_台中 建案,水湳建案【遠雄綠美】鄰近綠美圖．中央公園預售屋,/buildings/bh9/,1,1,1,1,40
google_kw / BH8,20240816_台中七期,水湳建案【遠雄綠美】鄰近綠美圖．中央公園預售屋,/buildings/bh9/,1,1,1,1,19
google_kw / BH8,20240816_台中中科,水湳建案【遠雄綠美】鄰近綠美圖．中央公園預售屋,/buildings/bh9/,1,1,1,1,45
google_kw / BH8,20240816_台中水湳,水湳建案【遠雄綠美】鄰近綠美圖．中央公園預售屋,/buildings/bh9/,1,1,1,1,44
google / cpc,202601,水湳建案【遠雄綠美】鄰近綠美圖．中央公園預售屋,/buildings/bh9/,1,1,1,1,45
fgr-line / h707,20260210,水湳建案【遠雄綠美】鄰近綠美圖．中央公園預售屋,/buildings/bh9/,1,1,2,2,2
fb / bh9,21,水湳建案【遠雄綠美】鄰近綠美圖．中央公園預售屋,/buildings/bh9/,1,1,2,2,109
fb / bh9,21-1,水湳建案【遠雄綠美】鄰近綠美圖．中央公園預售屋,/buildings/bh9/,1,1,1,1,0
fb / bh9,22,水湳建案【遠雄綠美】鄰近綠美圖．中央公園預售屋,/buildings/bh9/,1,1,1,1,0
fb / bh9,26,水湳建案【遠雄綠美】鄰近綠美圖．中央公園預售屋,/buildings/bh9/,1,1,1,1,3
fb / bh9,27,水湳建案【遠雄綠美】鄰近綠美圖．中央公園預售屋,/buildings/bh9/,1,1,1,1,0
fb / bh9,32,水湳建案【遠雄綠美】鄰近綠美圖．中央公園預售屋,/buildings/bh9/,1,1,1,1,0
fb / bh9,33,水湳建案【遠雄綠美】鄰近綠美圖．中央公園預售屋,/buildings/bh9/,1,1,1,1,0
fb / bh5,38,水湳建案【遠雄綠美】鄰近綠美圖．中央公園預售屋,/buildings/bh9/,1,1,1,1,67
fb / bh9,6,水湳建案【遠雄綠美】鄰近綠美圖．中央公園預售屋,/buildings/bh9/,1,1,1,1,5
google / cpc,CQH1-買房字,水湳建案【遠雄綠美】鄰近綠美圖．中央公園預售屋,/buildings/bh9/,1,1,1,1,6
google / cpc,O1_品牌字_2025.0801,水湳建案【遠雄綠美】鄰近綠美圖．中央公園預售屋,/buildings/bh9/,1,1,1,1,65
google / cpc,O1_特色字_2025.0801,水湳建案【遠雄綠美】鄰近綠美圖．中央公園預售屋,/buildings/bh9/,1,1,1,1,17
line / bh9,area,水湳建案【遠雄綠美】鄰近綠美圖．中央公園預售屋,/buildings/bh9/,1,1,2,2,12
google_kw / bh10,beitun,水湳建案【遠雄綠美】鄰近綠美圖．中央公園預售屋,/buildings/bh9/,1,1,2,2,272
google / cpc,competitor0829,水湳建案【遠雄綠美】鄰近綠美圖．中央公園預售屋,/buildings/bh9/,1,1,2,2,141
google / cpc,corearea0829,水湳建案【遠雄綠美】鄰近綠美圖．中央公園預售屋,/buildings/bh9/,1,1,1,1,0
google_kw / BH8,extension,水湳建案【遠雄綠美】鄰近綠美圖．中央公園預售屋,/buildings/bh9/,1,1,1,1,38
fb / cqh1,fb-37,水湳建案【遠雄綠美】鄰近綠美圖．中央公園預售屋,/buildings/bh9/,1,1,1,1,4
fb / dh2,fb-44,水湳建案【遠雄綠美】鄰近綠美圖．中央公園預售屋,/buildings/bh9/,1,1,2,2,0
fb / fh2,fb12-2,水湳建案【遠雄綠美】鄰近綠美圖．中央公園預售屋,/buildings/bh9/,1,1,1,1,23
fb / bh8,fb20-1,水湳建案【遠雄綠美】鄰近綠美圖．中央公園預售屋,/buildings/bh9/,1,1,1,1,9
fb / bh8,fb25-1,水湳建案【遠雄綠美】鄰近綠美圖．中央公園預售屋,/buildings/bh9/,1,1,1,1,0
google / cpc,gdn-1,水湳建案【遠雄綠美】鄰近綠美圖．中央公園預售屋,/buildings/bh9/,1,1,1,1,36
google_kw / bh8,googlemap,水湳建案【遠雄綠美】鄰近綠美圖．中央公園預售屋,/buildings/bh9/,1,1,1,1,56
google_kw / bh9,googlemap,水湳建案【遠雄綠美】鄰近綠美圖．中央公園預售屋,/buildings/bh9/,1,1,1,1,17
ig / social,ig,水湳建案【遠雄綠美】鄰近綠美圖．中央公園預售屋,/buildings/bh9/,1,1,1,1,20
google / cpc,information2,水湳建案【遠雄綠美】鄰近綠美圖．中央公園預售屋,/buildings/bh9/,1,1,1,1,219
leju / bh9,lejupage,水湳建案【遠雄綠美】鄰近綠美圖．中央公園預售屋,/buildings/bh9/,1,1,1,1,26
line-lap / bh10,line-lap202511-3,水湳建案【遠雄綠美】鄰近綠美圖．中央公園預售屋,/buildings/bh9/,1,1,1,1,3
line-lap / bh10,line-lap202511-7,水湳建案【遠雄綠美】鄰近綠美圖．中央公園預售屋,/buildings/bh9/,1,1,1,1,8
google / cpc,newtaipei,水湳建案【遠雄綠美】鄰近綠美圖．中央公園預售屋,/buildings/bh9/,1,1,1,1,47
(not set),台中全區,水湳建案【遠雄綠美】鄰近綠美圖．中央公園預售屋,/buildings/bh9/,1,1,1,1,0
(not set),台中西屯,水湳建案【遠雄綠美】鄰近綠美圖．中央公園預售屋,/buildings/bh9/,1,1,1,1,0
fb / cgh01,fb6-5mydachi,找不到頁面 - 遠雄房地產,/buildings/cgh01,1,1,1,1,7
web-ettoday / cgh01,start building,找不到頁面 - 遠雄房地產,/buildings/cgh01,1,1,1,1,2
(direct) / (none),(direct),找不到頁面 - 遠雄房地產,/buildings/cgh01/,1,1,1,1,0
google / organic,(organic),找不到頁面 - 遠雄房地產,/buildings/cgh01/,1,1,1,1,7
line-lap / cgh1,line-lap3-2,找不到頁面 - 遠雄房地產,/buildings/cgh01/,1,1,1,1,0
(direct) / (none),(direct),(1) 封未讀訊息 | 村泉蒔美｜門戶端點 從容跨界｜台北生活最美起點,/buildings/cqh1/,1,1,0,0,39
google / cpc,CQH1-買房字,(1) 封未讀訊息 | 村泉蒔美｜門戶端點 從容跨界｜台北生活最美起點,/buildings/cqh1/,1,1,0,0,13
google_kw / cqh1,brand,(1) 封未讀訊息 | 村泉蒔美｜門戶端點 從容跨界｜台北生活最美起點,/buildings/cqh1/,1,1,0,0,0
fb / paid,120222247205050066,(2) 封未讀訊息 | 村泉蒔美｜門戶端點 從容跨界｜台北生活最美起點,/buildings/cqh1/,1,1,0,0,47
google / cpc,CQH1-品牌字,Muran Shimi | Effortless Crossover of Portals | The Most Beautiful Starting Point for Taipei Life,/buildings/cqh1/,1,1,1,1,9
google / cpc,CQH1-買房字,Muran Shimi | Effortless Crossover of Portals | The Most Beautiful Starting Point for Taipei Life,/buildings/cqh1/,1,1,0,0,0
google / cpc,CQH1-買房字,Muran Shimi | Portal Endpoint: Effortlessly Crossing Boundaries | The Most Beautiful Starting Point for Taipei Life,/buildings/cqh1/,1,1,0,0,12
fb / fbpage,(direct),村泉蒔美｜門戶端點 從容跨界｜台北生活最美起點,/buildings/cqh1/,1,1,0,0,15
web / envelope,(not set),村泉蒔美｜門戶端點 從容跨界｜台北生活最美起點,/buildings/cqh1/,1,1,1,1,8
bing / organic,(organic),村泉蒔美｜門戶端點 從容跨界｜台北生活最美起點,/buildings/cqh1/,1,1,1,1,38
tagassistant.google.com / referral,(referral),村泉蒔美｜門戶端點 從容跨界｜台北生活最美起點,/buildings/cqh1/,1,1,1,1,30
google / cpc,20250616_品牌字,村泉蒔美｜門戶端點 從容跨界｜台北生活最美起點,/buildings/cqh1/,1,1,1,1,56
google / cpc,20250616_競品字,村泉蒔美｜門戶端點 從容跨界｜台北生活最美起點,/buildings/cqh1/,1,1,1,1,2
google / cpc,202601,村泉蒔美｜門戶端點 從容跨界｜台北生活最美起點,/buildings/cqh1/,1,1,2,2,28
google / cpc,RSH1-競品字,村泉蒔美｜門戶端點 從容跨界｜台北生活最美起點,/buildings/cqh1/,1,1,1,1,63
google / cpc,RSH1-買房字,村泉蒔美｜門戶端點 從容跨界｜台北生活最美起點,/buildings/cqh1/,1,1,2,2,32
pmp / cqh1,avivid202504,村泉蒔美｜門戶端點 從容跨界｜台北生活最美起點,/buildings/cqh1/,1,1,1,1,0
google / cpc,brand,村泉蒔美｜門戶端點 從容跨界｜台北生活最美起點,/buildings/cqh1/,1,1,1,1,30
google / cpc,competitor,村泉蒔美｜門戶端點 從容跨界｜台北生活最美起點,/buildings/cqh1/,1,1,1,1,79
dsp / cqh1,dsp-2,村泉蒔美｜門戶端點 從容跨界｜台北生活最美起點,/buildings/cqh1/,1,1,1,1,2
socialmedia / fgr,fb,村泉蒔美｜門戶端點 從容跨界｜台北生活最美起點,/buildings/cqh1/,1,1,1,1,0
fb / cqh1,fb-15,村泉蒔美｜門戶端點 從容跨界｜台北生活最美起點,/buildings/cqh1/,1,1,1,1,80
fb / cqh1,fb-18,村泉蒔美｜門戶端點 從容跨界｜台北生活最美起點,/buildings/cqh1/,1,1,1,1,5
fb / cqh1,fb-22,村泉蒔美｜門戶端點 從容跨界｜台北生活最美起點,/buildings/cqh1/,1,1,1,1,0
fb / cqh1,fb-28-1,村泉蒔美｜門戶端點 從容跨界｜台北生活最美起點,/buildings/cqh1/,1,1,1,1,1
fb / cqh1,fb-29,村泉蒔美｜門戶端點 從容跨界｜台北生活最美起點,/buildings/cqh1/,1,1,1,1,14
fb / ah1,fb-3,村泉蒔美｜門戶端點 從容跨界｜台北生活最美起點,/buildings/cqh1/,1,1,2,2,1
fb / cqh1,fb-4,村泉蒔美｜門戶端點 從容跨界｜台北生活最美起點,/buildings/cqh1/,1,1,1,1,0
fb / cqh1,fb-6,村泉蒔美｜門戶端點 從容跨界｜台北生活最美起點,/buildings/cqh1/,1,1,1,1,0
google_kw / cqh1,information7,村泉蒔美｜門戶端點 從容跨界｜台北生活最美起點,/buildings/cqh1/,1,1,1,1,0
line-lap / ah1,lap-2,村泉蒔美｜門戶端點 從容跨界｜台北生活最美起點,/buildings/cqh1/,1,1,1,1,45
(not set),台南全區,村泉蒔美｜門戶端點 從容跨界｜台北生活最美起點,/buildings/cqh1/,1,1,1,1,1
(not set),桃園桃園,找不到頁面 - 遠雄房地產,/buildings/dgm01/,1,1,1,1,7
google / cpc,DGM1-地區字,"Dahe Shangjue - Taipei City Shilin District Factory/Office Building/New Pre-sale Project - Schedule a Viewing Appointment, Far Eastern Marketing",/buildings/dgm1/,1,1,0,0,67
google / cpc,DGM1-競品字,"Dahe Shangjue - Taipei City Shilin District Factory/Office Building/New Pre-sale Project - Schedule a Viewing Appointment, Far Eastern Marketing",/buildings/dgm1/,1,1,1,1,22
google / cpc,gdn11-4,Dahe Shangjue - โครงการอาคารโรงงาน/สำนักงานใหม่ในเขตซื่อหลิน กรุงไทเป - นัดหมายเข้าชมได้ที่ Far Eastern Marketing,/buildings/dgm1/,1,1,0,0,17
l.facebook.com / referral,(referral),大河商爵-台北市士林區廠辦/預售新建案-預約賞屋，遠創力行銷,/buildings/dgm1/,1,1,1,1,71
line-lap / bh5,(referral),大河商爵-台北市士林區廠辦/預售新建案-預約賞屋，遠創力行銷,/buildings/dgm1/,1,1,1,1,24
tw.search.yahoo.com / referral,(referral),大河商爵-台北市士林區廠辦/預售新建案-預約賞屋，遠創力行銷,/buildings/dgm1/,1,1,1,1,11
ig / paid,120241218501380402,大河商爵-台北市士林區廠辦/預售新建案-預約賞屋，遠創力行銷,/buildings/dgm1/,1,1,1,1,7
google / cpc,20250616_品牌字,大河商爵-台北市士林區廠辦/預售新建案-預約賞屋，遠創力行銷,/buildings/dgm1/,1,1,1,1,73
google / cpc,20250616_競品字,大河商爵-台北市士林區廠辦/預售新建案-預約賞屋，遠創力行銷,/buildings/dgm1/,1,1,1,1,6
fbpage / 5vo1,202509,大河商爵-台北市士林區廠辦/預售新建案-預約賞屋，遠創力行銷,/buildings/dgm1/,1,1,1,1,40
avivid / bh11,20251212,大河商爵-台北市士林區廠辦/預售新建案-預約賞屋，遠創力行銷,/buildings/dgm1/,1,1,1,1,16
google / cpc,202601,大河商爵-台北市士林區廠辦/預售新建案-預約賞屋，遠創力行銷,/buildings/dgm1/,1,1,1,1,436
google / cpc,20260113-12-3,大河商爵-台北市士林區廠辦/預售新建案-預約賞屋，遠創力行銷,/buildings/dgm1/,1,1,1,1,0
fgr-line / dgm1,20260202,大河商爵-台北市士林區廠辦/預售新建案-預約賞屋，遠創力行銷,/buildings/dgm1/,1,1,3,3,0
google / cpc,BH10-競品字,大河商爵-台北市士林區廠辦/預售新建案-預約賞屋，遠創力行銷,/buildings/dgm1/,1,1,1,1,0
google / cpc,CQH1-買房字,大河商爵-台北市士林區廠辦/預售新建案-預約賞屋，遠創力行銷,/buildings/dgm1/,1,1,1,1,2
sms / aep-cdp,CRM-001-D,大河商爵-台北市士林區廠辦/預售新建案-預約賞屋，遠創力行銷,/buildings/dgm1/,1,1,1,1,0
google / cpc,area,大河商爵-台北市士林區廠辦/預售新建案-預約賞屋，遠創力行銷,/buildings/dgm1/,1,1,1,1,7
fb / eh6,fb1-3,大河商爵-台北市士林區廠辦/預售新建案-預約賞屋，遠創力行銷,/buildings/dgm1/,1,1,1,1,18
fb / bh10,fb20262-2,大河商爵-台北市士林區廠辦/預售新建案-預約賞屋，遠創力行銷,/buildings/dgm1/,1,1,1,1,1
web-chinatimes / dgm1,web-chinatimes1212,大河商爵-台北市士林區廠辦/預售新建案-預約賞屋，遠創力行銷,/buildings/dgm1/,1,1,1,1,1
web-sms / dgm1,web-sms0708,大河商爵-台北市士林區廠辦/預售新建案-預約賞屋，遠創力行銷,/buildings/dgm1/,1,1,1,1,85
web-udn / dgm1,web-udn0620,大河商爵-台北市士林區廠辦/預售新建案-預約賞屋，遠創力行銷,/buildings/dgm1/,1,1,1,1,7
google / cpc,202511,找不到頁面 - 遠雄房地產,/buildings/dh1/,1,1,1,1,0
google / cpc,CQH1-買房字,找不到頁面 - 遠雄房地產,/buildings/dh1/,1,1,0,0,11
line-lap / dh2,18,(1) 封未讀訊息 | 台南永康新建案【遠雄山禾】-鹽行特區．3-4房,/buildings/dh2/,1,1,0,0,45
bing / organic,(organic),(2) 封未讀訊息 | 台南永康新建案【遠雄山禾】-鹽行特區．3-4房,/buildings/dh2/,1,1,0,0,111
(direct) / (none),(direct),Tainan Yongkang New Construction Project [Farglory Shanhe] - Yanxing Special Zone.3-4 rooms,/buildings/dh2/,1,1,1,1,27
google_kw / h713,(organic),台南永康新建案【遠雄山禾】-鹽行特區．3-4房,/buildings/dh2/,1,1,1,1,28
104.com.tw / referral,(referral),台南永康新建案【遠雄山禾】-鹽行特區．3-4房,/buildings/dh2/,1,1,1,1,195
chatgpt.com / referral,(referral),台南永康新建案【遠雄山禾】-鹽行特區．3-4房,/buildings/dh2/,1,1,1,1,46
ehr.farglory.com.tw / referral,(referral),台南永康新建案【遠雄山禾】-鹽行特區．3-4房,/buildings/dh2/,1,1,1,1,6
farglory-land.com.tw / referral,(referral),台南永康新建案【遠雄山禾】-鹽行特區．3-4房,/buildings/dh2/,1,1,1,1,131
google / cpc,1102G,台南永康新建案【遠雄山禾】-鹽行特區．3-4房,/buildings/dh2/,1,1,1,1,15
webnews / dh2,11403,台南永康新建案【遠雄山禾】-鹽行特區．3-4房,/buildings/dh2/,1,1,1,1,0
line-lap / h902,20240603,台南永康新建案【遠雄山禾】-鹽行特區．3-4房,/buildings/dh2/,1,1,2,2,1
webnews / dh2,20240615,台南永康新建案【遠雄山禾】-鹽行特區．3-4房,/buildings/dh2/,1,1,1,1,0
webnews / dh2,202412,台南永康新建案【遠雄山禾】-鹽行特區．3-4房,/buildings/dh2/,1,1,1,1,12
webnews / dh2,202504,台南永康新建案【遠雄山禾】-鹽行特區．3-4房,/buildings/dh2/,1,1,3,3,62
google / cpc,20251204,台南永康新建案【遠雄山禾】-鹽行特區．3-4房,/buildings/dh2/,1,1,1,1,0
(not set),20251209一輪播,台南永康新建案【遠雄山禾】-鹽行特區．3-4房,/buildings/dh2/,1,1,5,5,175
google / cpc,20260113-12-3,台南永康新建案【遠雄山禾】-鹽行特區．3-4房,/buildings/dh2/,1,1,1,1,0
line-lap / eh2,20260204A,台南永康新建案【遠雄山禾】-鹽行特區．3-4房,/buildings/dh2/,1,1,0,0,0
line-lap / eh2,20260204B,台南永康新建案【遠雄山禾】-鹽行特區．3-4房,/buildings/dh2/,1,1,1,1,55
fgr-line / bh10,20260206,台南永康新建案【遠雄山禾】-鹽行特區．3-4房,/buildings/dh2/,1,1,0,0,10
fgr-line / hm2,20260206,台南永康新建案【遠雄山禾】-鹽行特區．3-4房,/buildings/dh2/,1,1,1,1,1
line-lap / dh2,3,台南永康新建案【遠雄山禾】-鹽行特區．3-4房,/buildings/dh2/,1,1,1,1,0
fb / bh5,49,台南永康新建案【遠雄山禾】-鹽行特區．3-4房,/buildings/dh2/,1,1,3,3,0
gdn / dh2,6,台南永康新建案【遠雄山禾】-鹽行特區．3-4房,/buildings/dh2/,1,1,1,1,0
google / cpc,CQH1-品牌字,台南永康新建案【遠雄山禾】-鹽行特區．3-4房,/buildings/dh2/,1,1,1,1,18
google / cpc,O1_地區字_2025.0801,台南永康新建案【遠雄山禾】-鹽行特區．3-4房,/buildings/dh2/,1,1,1,1,4
google / cpc,Sanmin,台南永康新建案【遠雄山禾】-鹽行特區．3-4房,/buildings/dh2/,1,1,1,1,0
google / cpc,core,台南永康新建案【遠雄山禾】-鹽行特區．3-4房,/buildings/dh2/,1,1,1,1,0
fgr-line / fgr,expert_zhu_taiwan-land-scam,台南永康新建案【遠雄山禾】-鹽行特區．3-4房,/buildings/dh2/,1,1,1,1,0
youtube / fgr,expert_zhu_video_buy-vs-gift,台南永康新建案【遠雄山禾】-鹽行特區．3-4房,/buildings/dh2/,1,1,1,1,5
fb / ah1,fb-1-1,台南永康新建案【遠雄山禾】-鹽行特區．3-4房,/buildings/dh2/,1,1,1,1,0
fb / dh2,fb-36,台南永康新建案【遠雄山禾】-鹽行特區．3-4房,/buildings/dh2/,1,1,1,1,15
fb / dh2,fb-43,台南永康新建案【遠雄山禾】-鹽行特區．3-4房,/buildings/dh2/,1,1,2,2,11
fb / dh2,fb-44,台南永康新建案【遠雄山禾】-鹽行特區．3-4房,/buildings/dh2/,1,1,1,1,14
socialmedia / fh2,fbfh2info,台南永康新建案【遠雄山禾】-鹽行特區．3-4房,/buildings/dh2/,1,1,2,2,21
google_gdn / 5vo1,gdn-01,台南永康新建案【遠雄山禾】-鹽行特區．3-4房,/buildings/dh2/,1,1,1,1,8
line-lap / bh7,lap-4,台南永康新建案【遠雄山禾】-鹽行特區．3-4房,/buildings/dh2/,1,1,1,1,6
leju / dh2,lejupage,台南永康新建案【遠雄山禾】-鹽行特區．3-4房,/buildings/dh2/,1,1,2,2,86
line / ah1,message,台南永康新建案【遠雄山禾】-鹽行特區．3-4房,/buildings/dh2/,1,1,4,4,1
google / cpc,pmax,台南永康新建案【遠雄山禾】-鹽行特區．3-4房,/buildings/dh2/,1,1,0,0,103
(not set),台中,台南永康新建案【遠雄山禾】-鹽行特區．3-4房,/buildings/dh2/,1,1,1,1,0
(not set),台南中西,台南永康新建案【遠雄山禾】-鹽行特區．3-4房,/buildings/dh2/,1,1,1,1,46
google / cpc,(referral),找不到頁面 - 遠雄房地產,/buildings/dh3/,1,1,1,1,0
web-ettoday / dh3,(referral),找不到頁面 - 遠雄房地產,/buildings/dh3/,1,1,1,1,0
line-lap / dh3,1,找不到頁面 - 遠雄房地產,/buildings/dh3/,1,1,1,1,0
gdn / dh3,4,找不到頁面 - 遠雄房地產,/buildings/dh3/,1,1,1,1,0
line-lap / dh3,4,找不到頁面 - 遠雄房地產,/buildings/dh3/,1,1,1,1,0
gdn / dh3,5,找不到頁面 - 遠雄房地產,/buildings/dh3/,1,1,1,1,0
gdn / dh3,7,找不到頁面 - 遠雄房地產,/buildings/dh3/,1,1,1,1,0
line-lap / dh3,7,找不到頁面 - 遠雄房地產,/buildings/dh3/,1,1,1,1,0
google / cpc,(organic),安南重劃首選【遠雄藏萃】全新落成，珍稀戶別釋出！,/buildings/dh5/,1,1,1,1,54
yahoo / organic,(organic),安南重劃首選【遠雄藏萃】全新落成，珍稀戶別釋出！,/buildings/dh5/,1,1,1,1,109
excel.officeapps.live.com / referral,(referral),安南重劃首選【遠雄藏萃】全新落成，珍稀戶別釋出！,/buildings/dh5/,1,1,1,1,66
mkto-sn070013.com / referral,(referral),安南重劃首選【遠雄藏萃】全新落成，珍稀戶別釋出！,/buildings/dh5/,1,1,1,1,0
gdn / dh5,20230801,安南重劃首選【遠雄藏萃】全新落成，珍稀戶別釋出！,/buildings/dh5/,1,1,1,1,0
fgr-line / dh5,20231215,安南重劃首選【遠雄藏萃】全新落成，珍稀戶別釋出！,/buildings/dh5/,1,1,1,1,0
(not set),20251209一輪播,安南重劃首選【遠雄藏萃】全新落成，珍稀戶別釋出！,/buildings/dh5/,1,1,1,1,74
google / cpc,202601,安南重劃首選【遠雄藏萃】全新落成，珍稀戶別釋出！,/buildings/dh5/,1,1,1,1,154
fb / bh9,39,安南重劃首選【遠雄藏萃】全新落成，珍稀戶別釋出！,/buildings/dh5/,1,1,1,1,0
google / cpc,BH10-台中區域字,安南重劃首選【遠雄藏萃】全新落成，珍稀戶別釋出！,/buildings/dh5/,1,1,1,1,23
fb / eh6,fb1-3,安南重劃首選【遠雄藏萃】全新落成，珍稀戶別釋出！,/buildings/dh5/,1,1,1,1,0
fb / bh10,fbearlybird_form,安南重劃首選【遠雄藏萃】全新落成，珍稀戶別釋出！,/buildings/dh5/,1,1,1,1,3
google / cpc,gdn-1,安南重劃首選【遠雄藏萃】全新落成，珍稀戶別釋出！,/buildings/dh5/,1,1,1,1,31
google / cpc,gdn-3,安南重劃首選【遠雄藏萃】全新落成，珍稀戶別釋出！,/buildings/dh5/,1,1,1,1,227
google / cpc,gdn11-4,安南重劃首選【遠雄藏萃】全新落成，珍稀戶別釋出！,/buildings/dh5/,1,1,1,1,90
leju / bh11,leju_buildingpage,安南重劃首選【遠雄藏萃】全新落成，珍稀戶別釋出！,/buildings/dh5/,1,1,1,1,6
google / cpc,pmax,安南重劃首選【遠雄藏萃】全新落成，珍稀戶別釋出！,/buildings/dh5/,1,1,1,1,20
(not set),桃園桃園,安南重劃首選【遠雄藏萃】全新落成，珍稀戶別釋出！,/buildings/dh5/,1,1,1,1,11
tagassistant.google.com / referral,(referral),(1) 封未讀訊息 | 高雄建案推薦【遠雄峰蘊】- 三民區預售屋．近科工館,/buildings/eh1/,1,1,0,0,8
google / cpc,BH10-北屯區區域字,(1) 封未讀訊息 | 高雄建案推薦【遠雄峰蘊】- 三民區預售屋．近科工館,/buildings/eh1/,1,1,0,0,1
socialmedia / fgr,fb,Recommended Kaohsiung development: Farglory Peak Residence - Pre-sale units in Sanmin District. Near National Science and Technology Museum.,/buildings/eh1/,1,1,0,0,4
chatgpt.com / referral,(referral),高雄建案推薦【遠雄峰蘊】- 三民區預售屋．近科工館,/buildings/eh1/,1,1,2,2,55
ehr.farglory.com.tw / referral,(referral),高雄建案推薦【遠雄峰蘊】- 三民區預售屋．近科工館,/buildings/eh1/,1,1,1,1,6
m.facebook.com / referral,(referral),高雄建案推薦【遠雄峰蘊】- 三民區預售屋．近科工館,/buildings/eh1/,1,1,1,1,6
mkto-sn070013.com / referral,(referral),高雄建案推薦【遠雄峰蘊】- 三民區預售屋．近科工館,/buildings/eh1/,1,1,1,1,0
statics.teams.cdn.office.net / referral,(referral),高雄建案推薦【遠雄峰蘊】- 三民區預售屋．近科工館,/buildings/eh1/,1,1,1,1,42
tong-yuan.com.tw / referral,(referral),高雄建案推薦【遠雄峰蘊】- 三民區預售屋．近科工館,/buildings/eh1/,1,1,1,1,3
fb / paid,120238384775810537,高雄建案推薦【遠雄峰蘊】- 三民區預售屋．近科工館,/buildings/eh1/,1,1,1,1,56
fb / paid,120241218501380402,高雄建案推薦【遠雄峰蘊】- 三民區預售屋．近科工館,/buildings/eh1/,1,1,1,1,31
web-udn / eh1,20240307,高雄建案推薦【遠雄峰蘊】- 三民區預售屋．近科工館,/buildings/eh1/,1,1,1,1,1
web-udn / eh1,20241108_brand,高雄建案推薦【遠雄峰蘊】- 三民區預售屋．近科工館,/buildings/eh1/,1,1,1,1,0
(not set),20251230一輪播,高雄建案推薦【遠雄峰蘊】- 三民區預售屋．近科工館,/buildings/eh1/,1,1,1,1,29
web-ettoday / fm3,20260116,高雄建案推薦【遠雄峰蘊】- 三民區預售屋．近科工館,/buildings/eh1/,1,1,3,3,33
google / cpc,202602,高雄建案推薦【遠雄峰蘊】- 三民區預售屋．近科工館,/buildings/eh1/,1,1,1,1,0
line-lap / eh2,20260204B,高雄建案推薦【遠雄峰蘊】- 三民區預售屋．近科工館,/buildings/eh1/,1,1,1,1,0
google / cpc,20260213一輪播,高雄建案推薦【遠雄峰蘊】- 三民區預售屋．近科工館,/buildings/eh1/,1,1,1,1,7
fb / bh9,39,高雄建案推薦【遠雄峰蘊】- 三民區預售屋．近科工館,/buildings/eh1/,1,1,1,1,0
fb / eh1,5-2,高雄建案推薦【遠雄峰蘊】- 三民區預售屋．近科工館,/buildings/eh1/,1,1,1,1,0
google / cpc,BH10-北屯區區域字,高雄建案推薦【遠雄峰蘊】- 三民區預售屋．近科工館,/buildings/eh1/,1,1,1,1,0
google / cpc,O1_特色字_2025.0801,高雄建案推薦【遠雄峰蘊】- 三民區預售屋．近科工館,/buildings/eh1/,1,1,1,1,33
google / cpc,O1_競品字_2025.0801,高雄建案推薦【遠雄峰蘊】- 三民區預售屋．近科工館,/buildings/eh1/,1,1,1,1,12
google / cpc,RSH1-地區字新北,高雄建案推薦【遠雄峰蘊】- 三民區預售屋．近科工館,/buildings/eh1/,1,1,1,1,3
google_kw / eh1,Sanmin,高雄建案推薦【遠雄峰蘊】- 三民區預售屋．近科工館,/buildings/eh1/,1,1,1,1,0
fb / eh1,TA_10-1,高雄建案推薦【遠雄峰蘊】- 三民區預售屋．近科工館,/buildings/eh1/,1,1,1,1,43
pmp / ah1,avivid-3,高雄建案推薦【遠雄峰蘊】- 三民區預售屋．近科工館,/buildings/eh1/,1,1,1,1,52
web-sms / cdp,cdpcid,高雄建案推薦【遠雄峰蘊】- 三民區預售屋．近科工館,/buildings/eh1/,1,1,1,1,0
google_kw / eh1,competitor,高雄建案推薦【遠雄峰蘊】- 三民區預售屋．近科工館,/buildings/eh1/,1,1,1,1,1
socialmedia / fgr,fb,高雄建案推薦【遠雄峰蘊】- 三民區預售屋．近科工館,/buildings/eh1/,1,1,1,1,0
fb / dh2,fb-52,高雄建案推薦【遠雄峰蘊】- 三民區預售屋．近科工館,/buildings/eh1/,1,1,1,1,0
fb / eh6,fb1-1,高雄建案推薦【遠雄峰蘊】- 三民區預售屋．近科工館,/buildings/eh1/,1,1,1,1,0
fb / eh6,fb1-3,高雄建案推薦【遠雄峰蘊】- 三民區預售屋．近科工館,/buildings/eh1/,1,1,1,1,0
fb / eh2,fb13-2,高雄建案推薦【遠雄峰蘊】- 三民區預售屋．近科工館,/buildings/eh1/,1,1,1,1,0
fb / eh5,form,高雄建案推薦【遠雄峰蘊】- 三民區預售屋．近科工館,/buildings/eh1/,1,1,1,1,73
google / cpc,gdn-1,高雄建案推薦【遠雄峰蘊】- 三民區預售屋．近科工館,/buildings/eh1/,1,1,1,1,27
google / cpc,gdn-3,高雄建案推薦【遠雄峰蘊】- 三民區預售屋．近科工館,/buildings/eh1/,1,1,1,1,0
google / cpc,gdn11-3,高雄建案推薦【遠雄峰蘊】- 三民區預售屋．近科工館,/buildings/eh1/,1,1,1,1,78
google_kw / ah1,googlemap,高雄建案推薦【遠雄峰蘊】- 三民區預售屋．近科工館,/buildings/eh1/,1,1,1,1,27
ig / social,ig,高雄建案推薦【遠雄峰蘊】- 三民區預售屋．近科工館,/buildings/eh1/,1,1,1,1,6
google / cpc,information4,高雄建案推薦【遠雄峰蘊】- 三民區預售屋．近科工館,/buildings/eh1/,1,1,2,2,4
line-lap / ah1,lap-1,高雄建案推薦【遠雄峰蘊】- 三民區預售屋．近科工館,/buildings/eh1/,1,1,2,2,5
fb / dh2,leads,高雄建案推薦【遠雄峰蘊】- 三民區預售屋．近科工館,/buildings/eh1/,1,1,1,1,0
webnews / eh1,moneyudn_20251128,高雄建案推薦【遠雄峰蘊】- 三民區預售屋．近科工館,/buildings/eh1/,1,1,2,2,23
fgr-line / fgr,ratio_of_public_area,高雄建案推薦【遠雄峰蘊】- 三民區預售屋．近科工館,/buildings/eh1/,1,1,1,1,1
(not set),台中,高雄建案推薦【遠雄峰蘊】- 三民區預售屋．近科工館,/buildings/eh1/,1,1,0,0,51
line-lap / eh2,20260204A,(1) 封未讀訊息 | 遠雄一靚｜楠梓新案．高大特區首發｜早鳥預約中,/buildings/eh2/,1,1,0,0,21
fb / eh2,leads,(1) 封未讀訊息 | 遠雄一靚｜楠梓新案．高大特區首發｜早鳥預約中,/buildings/eh2/,1,1,0,0,0
google / cpc,(organic),Dự án mới nhất của Farglory | Khu phát triển Nanzi | Ra mắt đầu tiên tại Khu kinh tế đặc biệt cao tầng | Mở bán đặt chỗ sớm,/buildings/eh2/,1,1,1,1,3
google / cpc,(organic),远雄一靓｜楠梓新案．高大特区首发｜早鸟预约中,/buildings/eh2/,1,1,0,0,9
line-lap / eh2,(not set),遠雄一靚｜楠梓新案．高大特區首發｜早鳥預約中,/buildings/eh2/,1,1,1,1,0
perplexity / (not set),(not set),遠雄一靚｜楠梓新案．高大特區首發｜早鳥預約中,/buildings/eh2/,1,1,1,1,51
google_kw / dh2,(organic),遠雄一靚｜楠梓新案．高大特區首發｜早鳥預約中,/buildings/eh2/,1,1,1,1,25
google_kw / h713,(organic),遠雄一靚｜楠梓新案．高大特區首發｜早鳥預約中,/buildings/eh2/,1,1,1,1,0
yahoo / organic,(organic),遠雄一靚｜楠梓新案．高大特區首發｜早鳥預約中,/buildings/eh2/,1,1,1,1,8
line-lap / bh5,(referral),遠雄一靚｜楠梓新案．高大特區首發｜早鳥預約中,/buildings/eh2/,1,1,1,1,0
line-lap / eh2,(referral),遠雄一靚｜楠梓新案．高大特區首發｜早鳥預約中,/buildings/eh2/,1,1,1,1,10
statics.teams.cdn.office.net / referral,(referral),遠雄一靚｜楠梓新案．高大特區首發｜早鳥預約中,/buildings/eh2/,1,1,1,1,175
tagassistant.google.com / referral,(referral),遠雄一靚｜楠梓新案．高大特區首發｜早鳥預約中,/buildings/eh2/,1,1,1,1,11
fb / hm2,0210,遠雄一靚｜楠梓新案．高大特區首發｜早鳥預約中,/buildings/eh2/,1,1,1,1,9
fb / eh1,11-1,遠雄一靚｜楠梓新案．高大特區首發｜早鳥預約中,/buildings/eh2/,1,1,1,1,0
google / cpc,20250616_台北豪宅/別墅,遠雄一靚｜楠梓新案．高大特區首發｜早鳥預約中,/buildings/eh2/,1,1,1,1,1
line / bh11,20260206-2-4,遠雄一靚｜楠梓新案．高大特區首發｜早鳥預約中,/buildings/eh2/,1,1,1,1,0
google / cpc,CQH1-買房字,遠雄一靚｜楠梓新案．高大特區首發｜早鳥預約中,/buildings/eh2/,1,1,1,1,13
google / cpc,O1_地區字_2025.0801,遠雄一靚｜楠梓新案．高大特區首發｜早鳥預約中,/buildings/eh2/,1,1,1,1,17
google / cpc,O1_競品字_2025.0801,遠雄一靚｜楠梓新案．高大特區首發｜早鳥預約中,/buildings/eh2/,1,1,1,1,11
google / cpc,Pmax,遠雄一靚｜楠梓新案．高大特區首發｜早鳥預約中,/buildings/eh2/,1,1,1,1,3
google / cpc,RSH1-品牌字,遠雄一靚｜楠梓新案．高大特區首發｜早鳥預約中,/buildings/eh2/,1,1,1,1,55
google / cpc,RSH1-地區字新北,遠雄一靚｜楠梓新案．高大特區首發｜早鳥預約中,/buildings/eh2/,1,1,1,1,0
google / cpc,RSH1-競品字,遠雄一靚｜楠梓新案．高大特區首發｜早鳥預約中,/buildings/eh2/,1,1,1,1,37
google / cpc,Sanmin,遠雄一靚｜楠梓新案．高大特區首發｜早鳥預約中,/buildings/eh2/,1,1,1,1,2
webnews / eh2,ctee_202512,遠雄一靚｜楠梓新案．高大特區首發｜早鳥預約中,/buildings/eh2/,1,1,2,2,26
google-map / referral,eh1,遠雄一靚｜楠梓新案．高大特區首發｜早鳥預約中,/buildings/eh2/,1,1,1,1,27
fgr-line / fgr,expert_li_2026-housing-tips,遠雄一靚｜楠梓新案．高大特區首發｜早鳥預約中,/buildings/eh2/,1,1,1,1,55
fb / fh2,fb12-2,遠雄一靚｜楠梓新案．高大特區首發｜早鳥預約中,/buildings/eh2/,1,1,1,1,50
fb / eh2,fb13-3,遠雄一靚｜楠梓新案．高大特區首發｜早鳥預約中,/buildings/eh2/,1,1,1,1,14
fb / eh1,fb20261-2,遠雄一靚｜楠梓新案．高大特區首發｜早鳥預約中,/buildings/eh2/,1,1,1,1,154
socialmedia / fh2,fbfh2info,遠雄一靚｜楠梓新案．高大特區首發｜早鳥預約中,/buildings/eh2/,1,1,1,1,15
fb / eh1,formbutton,遠雄一靚｜楠梓新案．高大特區首發｜早鳥預約中,/buildings/eh2/,1,1,1,1,6
google / cpc,gdn11-4,遠雄一靚｜楠梓新案．高大特區首發｜早鳥預約中,/buildings/eh2/,1,1,1,1,169
google_kw / eh2,information2,遠雄一靚｜楠梓新案．高大特區首發｜早鳥預約中,/buildings/eh2/,1,1,1,1,0
google_kw / eh2,information4,遠雄一靚｜楠梓新案．高大特區首發｜早鳥預約中,/buildings/eh2/,1,1,1,1,0
line-lap / fh2,line-lap12-3,遠雄一靚｜楠梓新案．高大特區首發｜早鳥預約中,/buildings/eh2/,1,1,2,2,2
line-lap / bh10,line-lap202511-7,遠雄一靚｜楠梓新案．高大特區首發｜早鳥預約中,/buildings/eh2/,1,1,1,1,2
line-lap / bh10,line-lap20259-5,遠雄一靚｜楠梓新案．高大特區首發｜早鳥預約中,/buildings/eh2/,1,1,1,1,54
line-fgr / bh7,linefgrbh7,遠雄一靚｜楠梓新案．高大特區首發｜早鳥預約中,/buildings/eh2/,1,1,4,4,673
fb / eh2,privacy,遠雄一靚｜楠梓新案．高大特區首發｜早鳥預約中,/buildings/eh2/,1,1,1,1,0
google / cpc,type,遠雄一靚｜楠梓新案．高大特區首發｜早鳥預約中,/buildings/eh2/,1,1,1,1,92
web-udn / eh2,udn_202512,遠雄一靚｜楠梓新案．高大特區首發｜早鳥預約中,/buildings/eh2/,1,1,1,1,78
picsee-domain / referral,www.fgrealty.tw,遠雄一靚｜楠梓新案．高大特區首發｜早鳥預約中,/buildings/eh2/,1,1,2,2,95
webnews / eh2,yahoo_202512,遠雄一靚｜楠梓新案．高大特區首發｜早鳥預約中,/buildings/eh2/,1,1,1,1,66
(not set),高雄鼓山,遠雄一靚｜楠梓新案．高大特區首發｜早鳥預約中,/buildings/eh2/,1,1,1,1,0
line-lap / eh2,20260204B,파글로리의 최신 프로젝트 | 난지 신규 개발 | 고층 경제특구 최초 분양 | 얼리버드 예약 접수 중,/buildings/eh2/,1,1,0,0,17
(direct) / (none),(direct),找不到頁面 - 遠雄房地產,/buildings/eh3/,1,1,1,1,0
google / organic,(organic),找不到頁面 - 遠雄房地產,/buildings/eh3/,1,1,1,1,0
google / cpc,20220411,找不到頁面 - 遠雄房地產,/buildings/eh3/,1,1,1,1,2
line-lap / eh3,20221219,找不到頁面 - 遠雄房地產,/buildings/eh3/,1,1,1,1,0
web-ettoday / eh3,20230322,找不到頁面 - 遠雄房地產,/buildings/eh3/,1,1,1,1,0
webnews / eh3,20230619,找不到頁面 - 遠雄房地產,/buildings/eh3/,1,1,2,2,1
google_kw / eh3,220608,找不到頁面 - 遠雄房地產,/buildings/eh3/,1,1,1,1,0
(not set),桃園桃園,遠雄PARK 16-高雄市鼓山區預售屋/新建案-預約賞屋，遠雄房地產,/buildings/eh3/,1,1,1,1,20
google / cpc,(organic),(1) 封未讀訊息 | 遠雄沐蘊-高雄市三民區預售屋/新建案-預約賞屋,/buildings/eh5/,1,1,0,0,50
google / organic,(organic),(1) 封未讀訊息 | 遠雄沐蘊-高雄市三民區預售屋/新建案-預約賞屋,/buildings/eh5/,1,1,0,0,111
google / cpc,com,(1) 封未讀訊息 | 遠雄沐蘊-高雄市三民區預售屋/新建案-預約賞屋,/buildings/eh5/,1,1,0,0,27
google / cpc,area,"Farglory Muyun - Proyek Pra-penjualan/Konstruksi Baru di Distrik Sanmin, Kota Kaohsiung - Jadwalkan Kunjungan",/buildings/eh5/,1,1,0,0,12
google_kw / eh5,(not set),遠雄沐蘊-高雄市三民區預售屋/新建案-預約賞屋,/buildings/eh5/,1,1,5,5,37
yahoo / organic,(organic),遠雄沐蘊-高雄市三民區預售屋/新建案-預約賞屋,/buildings/eh5/,1,1,1,1,4
google / cpc,(referral),遠雄沐蘊-高雄市三民區預售屋/新建案-預約賞屋,/buildings/eh5/,1,1,1,1,0
mkto-sn070013.com / referral,(referral),遠雄沐蘊-高雄市三民區預售屋/新建案-預約賞屋,/buildings/eh5/,1,1,1,1,61
fb / eh1,11-2,遠雄沐蘊-高雄市三民區預售屋/新建案-預約賞屋,/buildings/eh5/,1,1,1,1,24
fb / paid,120238384775810537,遠雄沐蘊-高雄市三民區預售屋/新建案-預約賞屋,/buildings/eh5/,1,1,3,3,135
fb / eh5,20250207-1,遠雄沐蘊-高雄市三民區預售屋/新建案-預約賞屋,/buildings/eh5/,1,1,1,1,0
fb / eh5,20250207-2,遠雄沐蘊-高雄市三民區預售屋/新建案-預約賞屋,/buildings/eh5/,1,1,1,1,0
(not set),20251230一輪播,遠雄沐蘊-高雄市三民區預售屋/新建案-預約賞屋,/buildings/eh5/,1,1,1,1,11
google / cpc,BH10-北屯區區域字,遠雄沐蘊-高雄市三民區預售屋/新建案-預約賞屋,/buildings/eh5/,1,1,1,1,5
google / cpc,RSH1-品牌字,遠雄沐蘊-高雄市三民區預售屋/新建案-預約賞屋,/buildings/eh5/,1,1,1,1,14
google / cpc,RSH1-地區字新北,遠雄沐蘊-高雄市三民區預售屋/新建案-預約賞屋,/buildings/eh5/,1,1,1,1,7
google_kw / eh5,com,遠雄沐蘊-高雄市三民區預售屋/新建案-預約賞屋,/buildings/eh5/,1,1,1,1,0
google / cpc,competitor,遠雄沐蘊-高雄市三民區預售屋/新建案-預約賞屋,/buildings/eh5/,1,1,1,1,55
fb / eh1,fb20262-3,遠雄沐蘊-高雄市三民區預售屋/新建案-預約賞屋,/buildings/eh5/,1,1,1,1,131
fb / bh8,fb26-3,遠雄沐蘊-高雄市三民區預售屋/新建案-預約賞屋,/buildings/eh5/,1,1,8,8,13
fb / ar1,fb8-7,遠雄沐蘊-高雄市三民區預售屋/新建案-預約賞屋,/buildings/eh5/,1,1,2,2,0
fb / eh1,fbfanpage0116,遠雄沐蘊-高雄市三民區預售屋/新建案-預約賞屋,/buildings/eh5/,1,1,2,2,154
fb / eh1,formbutton,遠雄沐蘊-高雄市三民區預售屋/新建案-預約賞屋,/buildings/eh5/,1,1,2,2,46
googlemap / eh5,googlemap,遠雄沐蘊-高雄市三民區預售屋/新建案-預約賞屋,/buildings/eh5/,1,1,1,1,84
google / cpc,pmax,遠雄沐蘊-高雄市三民區預售屋/新建案-預約賞屋,/buildings/eh5/,1,1,1,1,34
(not set),台南中西,遠雄沐蘊-高雄市三民區預售屋/新建案-預約賞屋,/buildings/eh5/,1,1,1,1,1
google / cpc,(not set),遠雄沐蘊-高雄市三民區預售屋/新建案-預約賞屋,/buildings/eh5//,1,1,1,1,0
line-lap / eh2,20260204A,(1) 封未讀訊息 | 遠雄蘴靚｜高雄楠梓新門戶｜捷運R21站旁｜3795坪豪闊基地,/buildings/eh6/,1,1,0,0,20
line-lap / eh2,20260204B,(1) 封未讀訊息 | 遠雄蘴靚｜高雄楠梓新門戶｜捷運R21站旁｜3795坪豪闊基地,/buildings/eh6/,1,1,0,0,9
google / cpc,area,(1) 封未讀訊息 | 遠雄蘴靚｜高雄楠梓新門戶｜捷運R21站旁｜3795坪豪闊基地,/buildings/eh6/,1,1,0,0,20
google / cpc,com,(1) 封未讀訊息 | 遠雄蘴靚｜高雄楠梓新門戶｜捷運R21站旁｜3795坪豪闊基地,/buildings/eh6/,1,1,0,0,61
fb / eh6,fb1-1,(1) 封未讀訊息 | 遠雄蘴靚｜高雄楠梓新門戶｜捷運R21站旁｜3795坪豪闊基地,/buildings/eh6/,1,1,0,0,12
fb / eh6,fb1-3,(1) 封未讀訊息 | 遠雄蘴靚｜高雄楠梓新門戶｜捷運R21站旁｜3795坪豪闊基地,/buildings/eh6/,1,1,0,0,0
google / cpc,type,(1) 封未讀訊息 | 遠雄蘴靚｜高雄楠梓新門戶｜捷運R21站旁｜3795坪豪闊基地,/buildings/eh6/,1,1,0,0,0
google / cpc,gdn,Farglory Bağı | Kaohsiung-dan Nanziyə Yeni Keçid | MRT R21 Stansiyasının yanında | Lüks Torpaqdan 3795 Ping (təxminən 1833 kvadrat metr),/buildings/eh6/,1,1,0,0,4
google / cpc,type,Farglory Beauty|Kaohsiung Nanzi New Gateway|Next to MRT R21 Station|3795 Ping Haokuo Base,/buildings/eh6/,1,1,0,0,36
google / cpc,brand,Farglory Garden | Kaohsiung's New Gateway to Nanzi | Next to MRT R21 Station | 3795 Ping (approximately 1833 square meters) of Luxurious Land,/buildings/eh6/,1,1,0,0,7
socialmedia / fgr,fb,Farglory Garden | Kaohsiung's New Gateway to Nanzi | Next to MRT R21 Station | 3795 Ping (approximately 1833 square meters) of Luxurious Land,/buildings/eh6/,1,1,0,0,19
fb / eh6,fb1-1,Farglory Garden | Kaohsiung's New Gateway to Nanzi | Next to MRT R21 Station | 3795 Ping (approximately 1833 square meters) of Luxurious Land,/buildings/eh6/,1,1,0,0,14
google / cpc,type,Farglory Garden | Kaohsiung's New Gateway to Nanzi | Next to MRT R21 Station | 3795 Ping (approximately 1833 square meters) of Luxurious Land,/buildings/eh6/,1,1,1,1,29
(not set),20260213一輪播,Jardin Farglory | Nouvelle porte d'entrée de Kaohsiung vers Nanzi | À côté de la station de métro R21 | 3795 ping (environ 1833 mètres carrés) de terrain luxueux,/buildings/eh6/,1,1,0,0,68
google / cpc,dgc,Jardín Farglory | La nueva puerta de entrada a Nanzi en Kaohsiung | Junto a la estación MRT R21 | Terreno de lujo de 3795 pings (aproximadamente 1833 metros cuadrados),/buildings/eh6/,1,1,0,0,13
google / cpc,pmax,远雄蘴靓｜高雄楠梓新门户｜捷运R21站旁｜3795坪豪阔基地,/buildings/eh6/,1,1,1,1,143
google / cpc,dgc,遠雄花園 | 高雄の楠梓への新たな玄関口 | MRT R21駅隣接 | 3795坪（約1833平方メートル）の豪華な敷地,/buildings/eh6/,1,1,1,1,0
google_kw / eh6,(not set),遠雄蘴靚｜高雄楠梓新門戶｜捷運R21站旁｜3795坪豪闊基地,/buildings/eh6/,1,1,1,1,0
google_tw / eh6,(not set),遠雄蘴靚｜高雄楠梓新門戶｜捷運R21站旁｜3795坪豪闊基地,/buildings/eh6/,1,1,1,1,15
line-lap / bh5,(not set),遠雄蘴靚｜高雄楠梓新門戶｜捷運R21站旁｜3795坪豪闊基地,/buildings/eh6/,1,1,2,2,25
l.facebook.com / referral,(referral),遠雄蘴靚｜高雄楠梓新門戶｜捷運R21站旁｜3795坪豪闊基地,/buildings/eh6/,1,1,1,1,43
l.instagram.com / referral,(referral),遠雄蘴靚｜高雄楠梓新門戶｜捷運R21站旁｜3795坪豪闊基地,/buildings/eh6/,1,1,1,1,0
google / cpc,1103G,遠雄蘴靚｜高雄楠梓新門戶｜捷運R21站旁｜3795坪豪闊基地,/buildings/eh6/,1,1,1,1,0
ig / paid,120241218501380402,遠雄蘴靚｜高雄楠梓新門戶｜捷運R21站旁｜3795坪豪闊基地,/buildings/eh6/,1,1,1,1,2
line-lap / dh2,17,遠雄蘴靚｜高雄楠梓新門戶｜捷運R21站旁｜3795坪豪闊基地,/buildings/eh6/,1,1,2,2,10
line-lap / dh2,18,遠雄蘴靚｜高雄楠梓新門戶｜捷運R21站旁｜3795坪豪闊基地,/buildings/eh6/,1,1,2,2,0
google / cpc,20250616_品牌字,遠雄蘴靚｜高雄楠梓新門戶｜捷運R21站旁｜3795坪豪闊基地,/buildings/eh6/,1,1,1,1,61
line-lap / eh2,20251101,遠雄蘴靚｜高雄楠梓新門戶｜捷運R21站旁｜3795坪豪闊基地,/buildings/eh6/,1,1,1,1,6
line-lap / 5vo1,20251123_1102,遠雄蘴靚｜高雄楠梓新門戶｜捷運R21站旁｜3795坪豪闊基地,/buildings/eh6/,1,1,1,1,2
google_gdn / 5vo1,202511_1102b,遠雄蘴靚｜高雄楠梓新門戶｜捷運R21站旁｜3795坪豪闊基地,/buildings/eh6/,1,1,1,1,6
line / bh11,20260113-12-3,遠雄蘴靚｜高雄楠梓新門戶｜捷運R21站旁｜3795坪豪闊基地,/buildings/eh6/,1,1,2,2,850
gdn / bh11,20260113-12-4,遠雄蘴靚｜高雄楠梓新門戶｜捷運R21站旁｜3795坪豪闊基地,/buildings/eh6/,1,1,1,1,0
google / cpc,202602,遠雄蘴靚｜高雄楠梓新門戶｜捷運R21站旁｜3795坪豪闊基地,/buildings/eh6/,1,1,2,2,1
line-lap / eh2,20260204A,遠雄蘴靚｜高雄楠梓新門戶｜捷運R21站旁｜3795坪豪闊基地,/buildings/eh6/,1,1,2,2,4
fgr-line / bh10,20260206,遠雄蘴靚｜高雄楠梓新門戶｜捷運R21站旁｜3795坪豪闊基地,/buildings/eh6/,1,1,1,1,0
line / bh11,20260206-2-4,遠雄蘴靚｜高雄楠梓新門戶｜捷運R21站旁｜3795坪豪闊基地,/buildings/eh6/,1,1,2,2,19
fgr-line / bh8,20260207,遠雄蘴靚｜高雄楠梓新門戶｜捷運R21站旁｜3795坪豪闊基地,/buildings/eh6/,1,1,1,1,13
fgr-line / eh5,20260210,遠雄蘴靚｜高雄楠梓新門戶｜捷運R21站旁｜3795坪豪闊基地,/buildings/eh6/,1,1,2,2,19
fgr-line / fh2,20260210,遠雄蘴靚｜高雄楠梓新門戶｜捷運R21站旁｜3795坪豪闊基地,/buildings/eh6/,1,1,2,2,0
(direct) / (none),20260213一輪播,遠雄蘴靚｜高雄楠梓新門戶｜捷運R21站旁｜3795坪豪闊基地,/buildings/eh6/,1,1,42,42,0
fgr-line / fgr,20260220,遠雄蘴靚｜高雄楠梓新門戶｜捷運R21站旁｜3795坪豪闊基地,/buildings/eh6/,1,1,1,1,0
google_gdn / 5vo1,2601-1,遠雄蘴靚｜高雄楠梓新門戶｜捷運R21站旁｜3795坪豪闊基地,/buildings/eh6/,1,1,2,2,12
taboola / fm3,ConB,遠雄蘴靚｜高雄楠梓新門戶｜捷運R21站旁｜3795坪豪闊基地,/buildings/eh6/,1,1,1,1,2
taboola / fm3,ConB02,遠雄蘴靚｜高雄楠梓新門戶｜捷運R21站旁｜3795坪豪闊基地,/buildings/eh6/,1,1,2,2,2
dsp / hm2,MDads,遠雄蘴靚｜高雄楠梓新門戶｜捷運R21站旁｜3795坪豪闊基地,/buildings/eh6/,1,1,1,1,4
google / cpc,RSH1-地區字新北,遠雄蘴靚｜高雄楠梓新門戶｜捷運R21站旁｜3795坪豪闊基地,/buildings/eh6/,1,1,1,1,11
pmp / ah1,avivid-1,遠雄蘴靚｜高雄楠梓新門戶｜捷運R21站旁｜3795坪豪闊基地,/buildings/eh6/,1,1,2,2,156
google / cpc,corearea0829,遠雄蘴靚｜高雄楠梓新門戶｜捷運R21站旁｜3795坪豪闊基地,/buildings/eh6/,1,1,1,1,79
youtube / fgr,expert_zhu_video_buy-vs-gift,遠雄蘴靚｜高雄楠梓新門戶｜捷運R21站旁｜3795坪豪闊基地,/buildings/eh6/,1,1,1,1,19
fb / bh10,fb20262-5,遠雄蘴靚｜高雄楠梓新門戶｜捷運R21站旁｜3795坪豪闊基地,/buildings/eh6/,1,1,1,1,10
fb / bh8,fb25-1,遠雄蘴靚｜高雄楠梓新門戶｜捷運R21站旁｜3795坪豪闊基地,/buildings/eh6/,1,1,1,1,10
fb / eh5,fb31-1,遠雄蘴靚｜高雄楠梓新門戶｜捷運R21站旁｜3795坪豪闊基地,/buildings/eh6/,1,1,1,1,12
fb / ar1,fb7-2,遠雄蘴靚｜高雄楠梓新門戶｜捷運R21站旁｜3795坪豪闊基地,/buildings/eh6/,1,1,2,2,1
fb / fm3,fb8-2,遠雄蘴靚｜高雄楠梓新門戶｜捷運R21站旁｜3795坪豪闊基地,/buildings/eh6/,1,1,1,1,0
google / cpc,gdn-2,遠雄蘴靚｜高雄楠梓新門戶｜捷運R21站旁｜3795坪豪闊基地,/buildings/eh6/,1,1,1,1,27
google_kw / ah1,googlemap,遠雄蘴靚｜高雄楠梓新門戶｜捷運R21站旁｜3795坪豪闊基地,/buildings/eh6/,1,1,1,1,214
google / cpc,information1,遠雄蘴靚｜高雄楠梓新門戶｜捷運R21站旁｜3795坪豪闊基地,/buildings/eh6/,1,1,1,1,0
line-lap / ah1,lap-2,遠雄蘴靚｜高雄楠梓新門戶｜捷運R21站旁｜3795坪豪闊基地,/buildings/eh6/,1,1,2,2,3
line-lap / cqh1,lap-2,遠雄蘴靚｜高雄楠梓新門戶｜捷運R21站旁｜3795坪豪闊基地,/buildings/eh6/,1,1,2,2,4
line-lap / bh7,lap-3,遠雄蘴靚｜高雄楠梓新門戶｜捷運R21站旁｜3795坪豪闊基地,/buildings/eh6/,1,1,1,1,1
fb / eh2,leads,遠雄蘴靚｜高雄楠梓新門戶｜捷運R21站旁｜3795坪豪闊基地,/buildings/eh6/,1,1,1,1,0
line-lap / bh10,line-lap20259-5,遠雄蘴靚｜高雄楠梓新門戶｜捷運R21站旁｜3795坪豪闊基地,/buildings/eh6/,1,1,1,1,11
line-fgr / bh7,linefgrbh7,遠雄蘴靚｜高雄楠梓新門戶｜捷運R21站旁｜3795坪豪闊基地,/buildings/eh6/,1,1,1,1,358
google / cpc,newtaipei,遠雄蘴靚｜高雄楠梓新門戶｜捷運R21站旁｜3795坪豪闊基地,/buildings/eh6/,1,1,1,1,0
fgr-line / fgr,playlist=e93ee4e&video=3f91b6e,遠雄蘴靚｜高雄楠梓新門戶｜捷運R21站旁｜3795坪豪闊基地,/buildings/eh6/,1,1,1,1,0
google_kw / eh6,pmax,遠雄蘴靚｜高雄楠梓新門戶｜捷運R21站旁｜3795坪豪闊基地,/buildings/eh6/,1,1,1,1,20
picsee-domain / referral,www.fgrealty.tw,遠雄蘴靚｜高雄楠梓新門戶｜捷運R21站旁｜3795坪豪闊基地,/buildings/eh6/,1,1,2,2,85
youtube / fgr,yt,遠雄蘴靚｜高雄楠梓新門戶｜捷運R21站旁｜3795坪豪闊基地,/buildings/eh6/,1,1,1,1,30
(not set),台中,遠雄蘴靚｜高雄楠梓新門戶｜捷運R21站旁｜3795坪豪闊基地,/buildings/eh6/,1,1,1,1,3
(not set),桃園桃園,遠雄蘴靚｜高雄楠梓新門戶｜捷運R21站旁｜3795坪豪闊基地,/buildings/eh6/,1,1,1,1,28
google / cpc,pmax,파글로리 가든 | 가오슝의 새로운 난쯔강 관문 | MRT R21역 인근 | 약 1833제곱미터(3795평) 규모의 고급스러운 부지,/buildings/eh6/,1,1,1,1,13
(not set),桃園桃園,找不到頁面 - 遠雄房地產,/buildings/eh7/,1,1,1,1,3
google / cpc,newtaipei,(1) 封未讀訊息 | 遠雄合雅｜板橋之心・合院之上｜2~3房．24~66坪,/buildings/fh2/,1,1,0,0,11
google / cpc,brand,(2) 封未讀訊息 | 遠雄合雅｜板橋之心・合院之上｜2~3房．24~66坪,/buildings/fh2/,1,1,1,1,22
fb / fh2,leads,(3) 封未讀訊息 | 遠雄合雅｜板橋之心・合院之上｜2~3房．24~66坪,/buildings/fh2/,1,1,0,0,220
google / cpc,newtaipei,"Farglory Harmony | Das Herz von Banqiao, über dem Innenhof | 2-3 Schlafzimmer, 24-66 Ping (ca. 163-166 Quadratmeter)",/buildings/fh2/,1,1,0,0,11
fb / fh2,fb1-2,"Farglory Harmony | The Heart of Banqiao, Above the Courtyard | 2-3 Bedrooms, 24-66 Ping (approximately 163-166 square meters)",/buildings/fh2/,1,1,0,0,30
fb / fh2,fb1-3,"Farglory Harmony | The Heart of Banqiao, Above the Courtyard | 2-3 Bedrooms, 24-66 Ping (approximately 163-166 square meters)",/buildings/fh2/,1,1,0,0,1
fb / fh2,leads,"Farglory Harmony | The Heart of Banqiao, Above the Courtyard | 2-3 Bedrooms, 24-66 Ping (approximately 163-166 square meters)",/buildings/fh2/,1,1,0,0,33
google / cpc,newtaipei,"Farglory Harmony | The Heart of Banqiao, Above the Courtyard | 2-3 Bedrooms, 24-66 Ping (approximately 163-166 square meters)",/buildings/fh2/,1,1,0,0,7
line-lap / fh2,line-lap12-2,远雄合雅｜板桥之心・合院之上｜2~3房． 24~66坪,/buildings/fh2/,1,1,0,0,8
fb / fbpage,(not set),遠雄合雅｜板橋之心・合院之上｜2~3房．24~66坪,/buildings/fh2/,1,1,2,2,42
excel.officeapps.live.com / referral,(referral),遠雄合雅｜板橋之心・合院之上｜2~3房．24~66坪,/buildings/fh2/,1,1,1,1,16
facebook.com / referral,(referral),遠雄合雅｜板橋之心・合院之上｜2~3房．24~66坪,/buildings/fh2/,1,1,1,1,7
l.facebook.com / referral,(referral),遠雄合雅｜板橋之心・合院之上｜2~3房．24~66坪,/buildings/fh2/,1,1,1,1,43
line-lap / bh5,(referral),遠雄合雅｜板橋之心・合院之上｜2~3房．24~66坪,/buildings/fh2/,1,1,1,1,0
mkto-sn070013.com / referral,(referral),遠雄合雅｜板橋之心・合院之上｜2~3房．24~66坪,/buildings/fh2/,1,1,1,1,114
fb / h707,1,遠雄合雅｜板橋之心・合院之上｜2~3房．24~66坪,/buildings/fh2/,1,1,1,1,6
google / cpc,20250616_房地產投資,遠雄合雅｜板橋之心・合院之上｜2~3房．24~66坪,/buildings/fh2/,1,1,1,1,42
line-lap / ar1,20251017-2-1,遠雄合雅｜板橋之心・合院之上｜2~3房．24~66坪,/buildings/fh2/,1,1,1,1,14
google_kw / 5vo1,202511,遠雄合雅｜板橋之心・合院之上｜2~3房．24~66坪,/buildings/fh2/,1,1,1,1,75
line-lap / 5vo1,20251123_1102,遠雄合雅｜板橋之心・合院之上｜2~3房．24~66坪,/buildings/fh2/,1,1,1,1,11
line-lap / eh2,20251209,遠雄合雅｜板橋之心・合院之上｜2~3房．24~66坪,/buildings/fh2/,1,1,1,1,40
(not set),20251209一輪播,遠雄合雅｜板橋之心・合院之上｜2~3房．24~66坪,/buildings/fh2/,1,1,1,1,35
line-lap / ar1,20260101-6-1,遠雄合雅｜板橋之心・合院之上｜2~3房．24~66坪,/buildings/fh2/,1,1,1,1,0
fgr-line / bh10,20260206,遠雄合雅｜板橋之心・合院之上｜2~3房．24~66坪,/buildings/fh2/,1,1,1,1,0
fb / bh9,39,遠雄合雅｜板橋之心・合院之上｜2~3房．24~66坪,/buildings/fh2/,1,1,1,1,2
google / cpc,BH10-競品字,遠雄合雅｜板橋之心・合院之上｜2~3房．24~66坪,/buildings/fh2/,1,1,1,1,217
google / cpc,CQH1-競品字,遠雄合雅｜板橋之心・合院之上｜2~3房．24~66坪,/buildings/fh2/,1,1,1,1,37
taboola / fm3,ConA02,遠雄合雅｜板橋之心・合院之上｜2~3房．24~66坪,/buildings/fh2/,1,1,1,1,0
taboola / fm3,ConB,遠雄合雅｜板橋之心・合院之上｜2~3房．24~66坪,/buildings/fh2/,1,1,1,1,0
google / cpc,O1_特色字_2025.0801,遠雄合雅｜板橋之心・合院之上｜2~3房．24~66坪,/buildings/fh2/,1,1,1,1,18
google / cpc,area,遠雄合雅｜板橋之心・合院之上｜2~3房．24~66坪,/buildings/fh2/,1,1,1,1,2
google / cpc,brand0829,遠雄合雅｜板橋之心・合院之上｜2~3房．24~66坪,/buildings/fh2/,1,1,1,1,60
google_kw / fh2,competitor,遠雄合雅｜板橋之心・合院之上｜2~3房．24~66坪,/buildings/fh2/,1,1,1,1,0
google / cpc,dgc,遠雄合雅｜板橋之心・合院之上｜2~3房．24~66坪,/buildings/fh2/,1,1,1,1,32
socialmedia / fgr,fb,遠雄合雅｜板橋之心・合院之上｜2~3房．24~66坪,/buildings/fh2/,1,1,1,1,22
fb / dh2,fb-49,遠雄合雅｜板橋之心・合院之上｜2~3房．24~66坪,/buildings/fh2/,1,1,1,1,18
fb / eh6,fb1-1,遠雄合雅｜板橋之心・合院之上｜2~3房．24~66坪,/buildings/fh2/,1,1,1,1,69
fb / rsh1,fb1-1,遠雄合雅｜板橋之心・合院之上｜2~3房．24~66坪,/buildings/fh2/,1,1,1,1,0
fb / fh2,fbfanpage0213,遠雄合雅｜板橋之心・合院之上｜2~3房．24~66坪,/buildings/fh2/,1,1,1,1,0
fb / fh2,fbfanpage1226,遠雄合雅｜板橋之心・合院之上｜2~3房．24~66坪,/buildings/fh2/,1,1,2,2,17
fb / eh6,form,遠雄合雅｜板橋之心・合院之上｜2~3房．24~66坪,/buildings/fh2/,1,1,1,1,0
google / cpc,gdn,遠雄合雅｜板橋之心・合院之上｜2~3房．24~66坪,/buildings/fh2/,1,1,1,1,4
google / cpc,gdn-3,遠雄合雅｜板橋之心・合院之上｜2~3房．24~66坪,/buildings/fh2/,1,1,1,1,47
google / cpc,gdn11-4,遠雄合雅｜板橋之心・合院之上｜2~3房．24~66坪,/buildings/fh2/,1,1,1,1,88
google_kw / ah1,googlemap,遠雄合雅｜板橋之心・合院之上｜2~3房．24~66坪,/buildings/fh2/,1,1,1,1,31
google / cpc,landmark0829,遠雄合雅｜板橋之心・合院之上｜2~3房．24~66坪,/buildings/fh2/,1,1,1,1,8
line-lap / ah1,lap-1,遠雄合雅｜板橋之心・合院之上｜2~3房．24~66坪,/buildings/fh2/,1,1,1,1,0
line-lap / ah1,lap-3,遠雄合雅｜板橋之心・合院之上｜2~3房．24~66坪,/buildings/fh2/,1,1,1,1,0
line-lap / bh7,lap-3,遠雄合雅｜板橋之心・合院之上｜2~3房．24~66坪,/buildings/fh2/,1,1,1,1,5
line / rsh1,line-lap1-5_600x400,遠雄合雅｜板橋之心・合院之上｜2~3房．24~66坪,/buildings/fh2/,1,1,1,1,0
line-lap / bh10,line-lap202511-3,遠雄合雅｜板橋之心・合院之上｜2~3房．24~66坪,/buildings/fh2/,1,1,2,2,53
line-lap / bh10,line-lap20259-5,遠雄合雅｜板橋之心・合院之上｜2~3房．24~66坪,/buildings/fh2/,1,1,1,1,16
google_kw / fh2,newtaipei,遠雄合雅｜板橋之心・合院之上｜2~3房．24~66坪,/buildings/fh2/,1,1,1,1,0
google / cpc,pmax,遠雄合雅｜板橋之心・合院之上｜2~3房．24~66坪,/buildings/fh2/,1,1,1,1,4
(not set),台中,遠雄合雅｜板橋之心・合院之上｜2~3房．24~66坪,/buildings/fh2/,1,1,1,1,1
tagassistant.google.com / referral,(referral),找不到頁面 - 遠雄房地產,/buildings/fm1,1,1,1,1,2
fb / fm3,formbutton,(1) 封未讀訊息 | 遠雄信義CENTER-新北市板橋區廠辦.商辦/預售新建案-預約賞屋,/buildings/fm3/,1,1,0,0,107
google / cpc,(not set),遠雄信義CENTER-新北市板橋區廠辦.商辦/預售新建案-預約賞屋,/buildings/fm3/,1,1,1,1,0
google_kw / ch1,(not set),遠雄信義CENTER-新北市板橋區廠辦.商辦/預售新建案-預約賞屋,/buildings/fm3/,1,1,1,1,0
dogreat.com.tw / referral,(referral),遠雄信義CENTER-新北市板橋區廠辦.商辦/預售新建案-預約賞屋,/buildings/fm3/,1,1,1,1,15
farglory.com.tw / referral,(referral),遠雄信義CENTER-新北市板橋區廠辦.商辦/預售新建案-預約賞屋,/buildings/fm3/,1,1,1,1,31
mkto-sn070013.com / referral,(referral),遠雄信義CENTER-新北市板橋區廠辦.商辦/預售新建案-預約賞屋,/buildings/fm3/,1,1,1,1,12
google / cpc,1103G,遠雄信義CENTER-新北市板橋區廠辦.商辦/預售新建案-預約賞屋,/buildings/fm3/,1,1,1,1,0
webnews / ar1,20250918,遠雄信義CENTER-新北市板橋區廠辦.商辦/預售新建案-預約賞屋,/buildings/fm3/,1,1,1,1,201
(not set),20251230一輪播,遠雄信義CENTER-新北市板橋區廠辦.商辦/預售新建案-預約賞屋,/buildings/fm3/,1,1,1,1,66
line-lap / ar1,20260101-6-1,遠雄信義CENTER-新北市板橋區廠辦.商辦/預售新建案-預約賞屋,/buildings/fm3/,1,1,2,2,55
google / cpc,20260113-12-3,遠雄信義CENTER-新北市板橋區廠辦.商辦/預售新建案-預約賞屋,/buildings/fm3/,1,1,1,1,9
google / cpc,20260206-2-4,遠雄信義CENTER-新北市板橋區廠辦.商辦/預售新建案-預約賞屋,/buildings/fm3/,1,1,1,1,0
google / cpc,20260213一輪播,遠雄信義CENTER-新北市板橋區廠辦.商辦/預售新建案-預約賞屋,/buildings/fm3/,1,1,1,1,13
web / eh5,2026new_year,遠雄信義CENTER-新北市板橋區廠辦.商辦/預售新建案-預約賞屋,/buildings/fm3/,1,1,4,4,7
google / cpc,DGM1-品牌字,遠雄信義CENTER-新北市板橋區廠辦.商辦/預售新建案-預約賞屋,/buildings/fm3/,1,1,1,1,0
google / cpc,O1_特色字_2025.0801,遠雄信義CENTER-新北市板橋區廠辦.商辦/預售新建案-預約賞屋,/buildings/fm3/,1,1,1,1,15
google / cpc,RSH1-地區字,遠雄信義CENTER-新北市板橋區廠辦.商辦/預售新建案-預約賞屋,/buildings/fm3/,1,1,1,1,9
google / cpc,RSH1-地區字新北,遠雄信義CENTER-新北市板橋區廠辦.商辦/預售新建案-預約賞屋,/buildings/fm3/,1,1,1,1,0
fb / bh8,fb26-1,遠雄信義CENTER-新北市板橋區廠辦.商辦/預售新建案-預約賞屋,/buildings/fm3/,1,1,1,1,1
fb / eh5,fb32-6,遠雄信義CENTER-新北市板橋區廠辦.商辦/預售新建案-預約賞屋,/buildings/fm3/,1,1,1,1,10
fb / fm3,fb5-4,遠雄信義CENTER-新北市板橋區廠辦.商辦/預售新建案-預約賞屋,/buildings/fm3/,1,1,1,1,7
fb / fm3,fb7-1,遠雄信義CENTER-新北市板橋區廠辦.商辦/預售新建案-預約賞屋,/buildings/fm3/,1,1,1,1,7
google / cpc,gdn-1,遠雄信義CENTER-新北市板橋區廠辦.商辦/預售新建案-預約賞屋,/buildings/fm3/,1,1,1,1,83
google / cpc,gdn-2,遠雄信義CENTER-新北市板橋區廠辦.商辦/預售新建案-預約賞屋,/buildings/fm3/,1,1,3,3,0
google / cpc,gdn11-2,遠雄信義CENTER-新北市板橋區廠辦.商辦/預售新建案-預約賞屋,/buildings/fm3/,1,1,2,2,11
fb / fh2,leads,遠雄信義CENTER-新北市板橋區廠辦.商辦/預售新建案-預約賞屋,/buildings/fm3/,1,1,1,1,22
line-lap / fh2,line-lap12-2,遠雄信義CENTER-新北市板橋區廠辦.商辦/預售新建案-預約賞屋,/buildings/fm3/,1,1,2,2,90
line-lap / fh2,line-lap12-3,遠雄信義CENTER-新北市板橋區廠辦.商辦/預售新建案-預約賞屋,/buildings/fm3/,1,1,2,2,106
line-lap / bh10,line-lap20259-5,遠雄信義CENTER-新北市板橋區廠辦.商辦/預售新建案-預約賞屋,/buildings/fm3/,1,1,1,1,54
googlemap / h101b,googlemap,找不到頁面 - 遠雄房地產,/buildings/h101b/,1,1,1,1,7
fgr-line / bh8,20260207,找不到頁面 - 遠雄房地產,/buildings/h102,1,1,1,1,98
fb_kol / fb_kol,h102,找不到頁面 - 遠雄房地產,/buildings/h102,1,1,1,1,0
fb / h109,leads,找不到頁面 - 遠雄房地產,/buildings/h109/,1,1,1,1,5
google / cpc,brand0829,(1) 封未讀訊息 | 遠雄星呈-台中市清水區預售屋/新建案-預約賞屋，遠雄房地產,/buildings/h707/,1,1,0,0,72
google / cpc,(organic),"Farglory Star Residences - Forhåndssalg/Nye byggeprojekter i Qingshui-distriktet, Taichung City - Planlæg en fremvisning, Farglory Real Estate",/buildings/h707/,1,1,0,0,478
google_kw / h707,(not set),遠雄星呈-台中市清水區預售屋/新建案-預約賞屋，遠雄房地產,/buildings/h707/,1,1,1,1,0
line / h707,(not set),遠雄星呈-台中市清水區預售屋/新建案-預約賞屋，遠雄房地產,/buildings/h707/,1,1,1,1,7
farglory-land.com.tw / referral,(referral),遠雄星呈-台中市清水區預售屋/新建案-預約賞屋，遠雄房地產,/buildings/h707/,1,1,1,1,62
farglory.com.tw / referral,(referral),遠雄星呈-台中市清水區預售屋/新建案-預約賞屋，遠雄房地產,/buildings/h707/,1,1,1,1,28
mkto-sn070013.com / referral,(referral),遠雄星呈-台中市清水區預售屋/新建案-預約賞屋，遠雄房地產,/buildings/h707/,1,1,1,1,4
fb / h713,106,遠雄星呈-台中市清水區預售屋/新建案-預約賞屋，遠雄房地產,/buildings/h707/,1,1,3,3,78
google_kw / BH8,20240816_台中中科,遠雄星呈-台中市清水區預售屋/新建案-預約賞屋，遠雄房地產,/buildings/h707/,1,1,1,1,18
(not set),20251209一輪播,遠雄星呈-台中市清水區預售屋/新建案-預約賞屋，遠雄房地產,/buildings/h707/,1,1,1,1,41
google / cpc,202601,遠雄星呈-台中市清水區預售屋/新建案-預約賞屋，遠雄房地產,/buildings/h707/,1,1,1,1,0
line / bh11,20260113-12-3,遠雄星呈-台中市清水區預售屋/新建案-預約賞屋，遠雄房地產,/buildings/h707/,1,1,1,1,21
fgr-line / eh6,20260210,遠雄星呈-台中市清水區預售屋/新建案-預約賞屋，遠雄房地產,/buildings/h707/,1,1,1,1,59
fb / h707,34,遠雄星呈-台中市清水區預售屋/新建案-預約賞屋，遠雄房地產,/buildings/h707/,1,1,1,1,6
fb / bh7,9,遠雄星呈-台中市清水區預售屋/新建案-預約賞屋，遠雄房地產,/buildings/h707/,1,1,1,1,0
google / cpc,BH10-台中區域字,遠雄星呈-台中市清水區預售屋/新建案-預約賞屋，遠雄房地產,/buildings/h707/,1,1,1,1,16
web / h707,Manuel,遠雄星呈-台中市清水區預售屋/新建案-預約賞屋，遠雄房地產,/buildings/h707/,1,1,1,1,44
google / cpc,O1_品牌字_2025.0801,遠雄星呈-台中市清水區預售屋/新建案-預約賞屋，遠雄房地產,/buildings/h707/,1,1,1,1,4
google / cpc,Otherarea0829,遠雄星呈-台中市清水區預售屋/新建案-預約賞屋，遠雄房地產,/buildings/h707/,1,1,1,1,39
google / cpc,core,遠雄星呈-台中市清水區預售屋/新建案-預約賞屋，遠雄房地產,/buildings/h707/,1,1,1,1,31
youtube / fgr,expert_zhu_video_buy-vs-gift,遠雄星呈-台中市清水區預售屋/新建案-預約賞屋，遠雄房地產,/buildings/h707/,1,1,1,1,4
google / cpc,information2,遠雄星呈-台中市清水區預售屋/新建案-預約賞屋，遠雄房地產,/buildings/h707/,1,1,1,1,0
google / cpc,information4,遠雄星呈-台中市清水區預售屋/新建案-預約賞屋，遠雄房地產,/buildings/h707/,1,1,2,2,675
youtube / fgr,yt,遠雄星呈-台中市清水區預售屋/新建案-預約賞屋，遠雄房地產,/buildings/h707/,1,1,1,1,25
(not set),台中全區,遠雄星呈-台中市清水區預售屋/新建案-預約賞屋，遠雄房地產,/buildings/h707/,1,1,1,1,155
google / organic,(organic),(1) 封未讀訊息 | 遠雄幸福成｜即將落成 - 台中市清水區預售/新建案-預約賞屋，遠雄房地產,/buildings/h713/,1,1,0,0,9
google_kw / h713,(organic),(1) 封未讀訊息 | 遠雄幸福成｜即將落成 - 台中市清水區預售/新建案-預約賞屋，遠雄房地產,/buildings/h713/,1,1,0,0,81
fb / h713,114,(1) 封未讀訊息 | 遠雄幸福成｜即將落成 - 台中市清水區預售/新建案-預約賞屋，遠雄房地產,/buildings/h713/,1,1,0,0,51
google_kw / h713,(organic),"Farglory Happiness Project | Coming Soon - Pre-sale/New Construction Project in Qingshui District, Taichung City - Schedule a Viewing - Farglory Real Estate",/buildings/h713/,1,1,0,0,2
socialmedia / fgr,fb,"Farglory Happiness Project | Coming Soon - Pre-sale/New Construction Project in Qingshui District, Taichung City - Schedule a Viewing - Farglory Real Estate",/buildings/h713/,1,1,0,0,20
(direct) / (none),(direct),"Yuanxiong Happiness | About to be completed - Pre-sale/New Construction Case in Qingshui District, Taichung City - Make an appointment to appreciate the house, Yuanxiong Real Estate",/buildings/h713/,1,1,0,0,80
google_kw / h713,(organic),远雄幸福成｜即将落成- 台中市清水区预售/新建案-预约赏屋，远雄房地产,/buildings/h713/,1,1,0,0,12
(data not available),(cross-network),遠雄幸福成｜即將落成 - 台中市清水區預售/新建案-預約賞屋，遠雄房地產,/buildings/h713/,1,1,2,2,96
farglory.com.tw / referral,(referral),遠雄幸福成｜即將落成 - 台中市清水區預售/新建案-預約賞屋，遠雄房地產,/buildings/h713/,1,1,2,2,124
fb / h713,(referral),遠雄幸福成｜即將落成 - 台中市清水區預售/新建案-預約賞屋，遠雄房地產,/buildings/h713/,1,1,1,1,0
mkto-sn070013.com / referral,(referral),遠雄幸福成｜即將落成 - 台中市清水區預售/新建案-預約賞屋，遠雄房地產,/buildings/h713/,1,1,1,1,23
tagassistant.google.com / referral,(referral),遠雄幸福成｜即將落成 - 台中市清水區預售/新建案-預約賞屋，遠雄房地產,/buildings/h713/,1,1,1,1,29
lbs-sms / h713,0824sms,遠雄幸福成｜即將落成 - 台中市清水區預售/新建案-預約賞屋，遠雄房地產,/buildings/h713/,1,1,1,1,0
fb / h713,0930post,遠雄幸福成｜即將落成 - 台中市清水區預售/新建案-預約賞屋，遠雄房地產,/buildings/h713/,1,1,1,1,5
fb / bh11,11-3,遠雄幸福成｜即將落成 - 台中市清水區預售/新建案-預約賞屋，遠雄房地產,/buildings/h713/,1,1,1,1,8
dm-mailbox / h713,11108-Owner-dm,遠雄幸福成｜即將落成 - 台中市清水區預售/新建案-預約賞屋，遠雄房地產,/buildings/h713/,1,1,1,1,17
line-lap / H713,20230310,遠雄幸福成｜即將落成 - 台中市清水區預售/新建案-預約賞屋，遠雄房地產,/buildings/h713/,1,1,1,1,0
google_kw / BH8,20240816_台中 建案,遠雄幸福成｜即將落成 - 台中市清水區預售/新建案-預約賞屋，遠雄房地產,/buildings/h713/,1,1,0,0,1065
google_kw / BH8,20240816_台中高價建案,遠雄幸福成｜即將落成 - 台中市清水區預售/新建案-預約賞屋，遠雄房地產,/buildings/h713/,1,1,1,1,4
google_kw / BH8,20240816_品牌字,遠雄幸福成｜即將落成 - 台中市清水區預售/新建案-預約賞屋，遠雄房地產,/buildings/h713/,1,1,2,2,56
google / cpc,20250616_房地產投資,遠雄幸福成｜即將落成 - 台中市清水區預售/新建案-預約賞屋，遠雄房地產,/buildings/h713/,1,1,1,1,40
google_gdn / 5vo1,20251201,遠雄幸福成｜即將落成 - 台中市清水區預售/新建案-預約賞屋，遠雄房地產,/buildings/h713/,1,1,1,1,4
google / cpc,20251204,遠雄幸福成｜即將落成 - 台中市清水區預售/新建案-預約賞屋，遠雄房地產,/buildings/h713/,1,1,1,1,21
(not set),20251209一輪播,遠雄幸福成｜即將落成 - 台中市清水區預售/新建案-預約賞屋，遠雄房地產,/buildings/h713/,1,1,9,9,224
(not set),20251230一輪播,遠雄幸福成｜即將落成 - 台中市清水區預售/新建案-預約賞屋，遠雄房地產,/buildings/h713/,1,1,2,2,107
line / bh11,20260113-12-4,遠雄幸福成｜即將落成 - 台中市清水區預售/新建案-預約賞屋，遠雄房地產,/buildings/h713/,1,1,1,1,30
line-lap / ar1,20260210-7-2,遠雄幸福成｜即將落成 - 台中市清水區預售/新建案-預約賞屋，遠雄房地產,/buildings/h713/,1,1,3,3,57
fb / h707,39,遠雄幸福成｜即將落成 - 台中市清水區預售/新建案-預約賞屋，遠雄房地產,/buildings/h713/,1,1,1,1,9
fb / h707,40,遠雄幸福成｜即將落成 - 台中市清水區預售/新建案-預約賞屋，遠雄房地產,/buildings/h713/,1,1,1,1,8
google / cpc,O1_品牌字_2025.0801,遠雄幸福成｜即將落成 - 台中市清水區預售/新建案-預約賞屋，遠雄房地產,/buildings/h713/,1,1,1,1,6
google / cpc,corearea0829,遠雄幸福成｜即將落成 - 台中市清水區預售/新建案-預約賞屋，遠雄房地產,/buildings/h713/,1,1,1,1,19
youtube / fgr,expert_zhu_video_buy-vs-gift,遠雄幸福成｜即將落成 - 台中市清水區預售/新建案-預約賞屋，遠雄房地產,/buildings/h713/,1,1,2,2,7
fb / bh8,fb22-2,遠雄幸福成｜即將落成 - 台中市清水區預售/新建案-預約賞屋，遠雄房地產,/buildings/h713/,1,1,1,1,0
socialmedia / fh2,fbfh2info,遠雄幸福成｜即將落成 - 台中市清水區預售/新建案-預約賞屋，遠雄房地產,/buildings/h713/,1,1,1,1,28
google / cpc,gdn-1,遠雄幸福成｜即將落成 - 台中市清水區預售/新建案-預約賞屋，遠雄房地產,/buildings/h713/,1,1,2,2,146
google / cpc,information2,遠雄幸福成｜即將落成 - 台中市清水區預售/新建案-預約賞屋，遠雄房地產,/buildings/h713/,1,1,1,1,49
fgr-line / bh11,listbutton,遠雄幸福成｜即將落成 - 台中市清水區預售/新建案-預約賞屋，遠雄房地產,/buildings/h713/,1,1,2,2,116
line / ah1,message,遠雄幸福成｜即將落成 - 台中市清水區預售/新建案-預約賞屋，遠雄房地產,/buildings/h713/,1,1,4,4,1
google / cpc,othercities_brand,遠雄幸福成｜即將落成 - 台中市清水區預售/新建案-預約賞屋，遠雄房地產,/buildings/h713/,1,1,2,2,9
youtube / fgr,yt,遠雄幸福成｜即將落成 - 台中市清水區預售/新建案-預約賞屋，遠雄房地產,/buildings/h713/,1,1,1,1,15
(not set),台中北屯,遠雄幸福成｜即將落成 - 台中市清水區預售/新建案-預約賞屋，遠雄房地產,/buildings/h713/,1,1,6,6,843
(not set),桃園龜山,遠雄幸福成｜即將落成 - 台中市清水區預售/新建案-預約賞屋，遠雄房地產,/buildings/h713/,1,1,1,1,0
(direct) / (none),(direct),找不到頁面 - 遠雄房地產,/buildings/h807/,1,1,1,1,15
webnews / h807,20230522B,找不到頁面 - 遠雄房地產,/buildings/h807/,1,1,1,1,0
web-ettoday / h807,20230608,找不到頁面 - 遠雄房地產,/buildings/h807/,1,1,1,1,14
web-sms / h807,20230811,找不到頁面 - 遠雄房地產,/buildings/h807/,1,1,1,1,16
webnews / h807,20240311,找不到頁面 - 遠雄房地產,/buildings/h807/,1,1,1,1,0
web-sms / cdp,cdpcid,找不到頁面 - 遠雄房地產,/buildings/h807/,1,1,1,1,0
google_kw / h88,investment,找不到頁面 - 遠雄房地產,/buildings/h88/,1,1,1,1,0
google_kw / 5vo1,202511,"Farglory Zhuoyun - Nieuwbouwproject in de wijk Sanmin, Kaohsiung - Plan een bezichtiging, Farglory Real Estate",/buildings/h902/,1,1,0,0,108
google / cpc,(organic),"Farglory Zhuoyun - Pre-sale/New Construction Project in Sanmin District, Kaohsiung City - Schedule a Viewing, Farglory Real Estate",/buildings/h902/,1,1,0,0,42
google_kw / 5vo1,202511,"Farglory Zhuoyun - Pre-sale/New Construction Project in Sanmin District, Kaohsiung City - Schedule a Viewing, Farglory Real Estate",/buildings/h902/,1,1,0,0,10
fg / lifestyle,(not set),遠雄琢蘊-高雄市三民區預售屋/新建案-預約賞屋，遠雄房地產,/buildings/h902/,1,1,1,1,0
ecosia.org / organic,(organic),遠雄琢蘊-高雄市三民區預售屋/新建案-預約賞屋，遠雄房地產,/buildings/h902/,1,1,1,1,40
google_kw / h713,(organic),遠雄琢蘊-高雄市三民區預售屋/新建案-預約賞屋，遠雄房地產,/buildings/h902/,1,1,2,2,447
fb / hm2,0210,遠雄琢蘊-高雄市三民區預售屋/新建案-預約賞屋，遠雄房地產,/buildings/h902/,1,1,1,1,33
fb / eh1,11-1,遠雄琢蘊-高雄市三民區預售屋/新建案-預約賞屋，遠雄房地產,/buildings/h902/,1,1,1,1,43
fb / bh7,12,遠雄琢蘊-高雄市三民區預售屋/新建案-預約賞屋，遠雄房地產,/buildings/h902/,1,1,1,1,3
ig / paid,120229456515280138,遠雄琢蘊-高雄市三民區預售屋/新建案-預約賞屋，遠雄房地產,/buildings/h902/,1,1,1,1,3
web-ettoday / h902,20230615,遠雄琢蘊-高雄市三民區預售屋/新建案-預約賞屋，遠雄房地產,/buildings/h902/,1,1,2,2,28
web-ltn / h902,20240603,遠雄琢蘊-高雄市三民區預售屋/新建案-預約賞屋，遠雄房地產,/buildings/h902/,1,1,3,3,138
(not set),20251230一輪播,遠雄琢蘊-高雄市三民區預售屋/新建案-預約賞屋，遠雄房地產,/buildings/h902/,1,1,1,1,3
google / cpc,202601,遠雄琢蘊-高雄市三民區預售屋/新建案-預約賞屋，遠雄房地產,/buildings/h902/,1,1,1,1,0
line-lap / eh2,20260204B,遠雄琢蘊-高雄市三民區預售屋/新建案-預約賞屋，遠雄房地產,/buildings/h902/,1,1,1,1,42
google / cpc,20260213一輪播,遠雄琢蘊-高雄市三民區預售屋/新建案-預約賞屋，遠雄房地產,/buildings/h902/,1,1,1,1,16
google / cpc,BH10-品牌字,遠雄琢蘊-高雄市三民區預售屋/新建案-預約賞屋，遠雄房地產,/buildings/h902/,1,1,1,1,4
google / cpc,O1_特色字_2025.0801,遠雄琢蘊-高雄市三民區預售屋/新建案-預約賞屋，遠雄房地產,/buildings/h902/,1,1,1,1,18
google / cpc,Sanmin,遠雄琢蘊-高雄市三民區預售屋/新建案-預約賞屋，遠雄房地產,/buildings/h902/,1,1,1,1,26
web-sms / cdp,cdpcid,遠雄琢蘊-高雄市三民區預售屋/新建案-預約賞屋，遠雄房地產,/buildings/h902/,1,1,1,1,0
google / cpc,com,遠雄琢蘊-高雄市三民區預售屋/新建案-預約賞屋，遠雄房地產,/buildings/h902/,1,1,2,2,37
fb / eh6,fb2-3,遠雄琢蘊-高雄市三民區預售屋/新建案-預約賞屋，遠雄房地產,/buildings/h902/,1,1,1,1,0
fb / eh1,fbfanpage0116,遠雄琢蘊-高雄市三民區預售屋/新建案-預約賞屋，遠雄房地產,/buildings/h902/,1,1,1,1,44
google / cpc,gdn-3,遠雄琢蘊-高雄市三民區預售屋/新建案-預約賞屋，遠雄房地產,/buildings/h902/,1,1,1,1,58
ig / social,ig,遠雄琢蘊-高雄市三民區預售屋/新建案-預約賞屋，遠雄房地產,/buildings/h902/,1,1,1,1,20
line / eh1,line0123,遠雄琢蘊-高雄市三民區預售屋/新建案-預約賞屋，遠雄房地產,/buildings/h902/,1,1,1,1,0
google / cpc,othercities_brand,遠雄琢蘊-高雄市三民區預售屋/新建案-預約賞屋，遠雄房地產,/buildings/h902/,1,1,1,1,51
(not set),高雄新灣,遠雄琢蘊-高雄市三民區預售屋/新建案-預約賞屋，遠雄房地產,/buildings/h902/,1,1,1,1,10
web-appledaily / web-appledaily,H95,找不到頁面 - 遠雄房地產,/buildings/h95/,1,1,1,1,0
(direct) / (none),(direct),找不到頁面 - 遠雄房地產,/buildings/hch1/,1,1,1,1,0
(not set),桃園桃園,找不到頁面 - 遠雄房地產,/buildings/hh10/,1,1,1,1,3
web-ettoday / hih1,web-ettoday1202,找不到頁面 - 遠雄房地產,/buildings/hih1,1,1,1,1,0
line-lap / hlh1,3-3,找不到頁面 - 遠雄房地產,/buildings/hlh1/,1,1,1,1,2
tagassistant.google.com / referral,(referral),找不到頁面 - 遠雄房地產,/buildings/hm1,1,1,1,1,0
google / cpc,0209,Farglory MetaLink Technology Park | Airport MRT A7 & A8 Station | VIP corporate seats are now open for reservation.,/buildings/hm2/,1,1,1,1,0
google / cpc,1102G,Farglory MetaLink Technology Park | Airport MRT A7 & A8 Station | VIP corporate seats are now open for reservation.,/buildings/hm2/,1,1,0,0,0
google / cpc,1103G,Farglory MetaLink Technology Park | Airport MRT A7 & A8 Station | VIP corporate seats are now open for reservation.,/buildings/hm2/,1,1,0,0,3
google / cpc,202511,Farglory MetaLink Technology Park | Jijie A7.A8 Station▕ VIP corporate seats are now available for reservation,/buildings/hm2/,1,1,0,0,43
google / cpc,1204G,Farglory MetaLink Technology Park | Stasiun MRT Bandara A7 & A8 | Kursi VIP korporat kini dibuka untuk reservasi.,/buildings/hm2/,1,1,0,0,0
google / cpc,202601,Farglory MetaLink Technology Park | Stasiun MRT Bandara A7 & A8 | Kursi VIP korporat kini dibuka untuk reservasi.,/buildings/hm2/,1,1,0,0,40
google / cpc,sitelink,Farglory MetaLink Technology Park | Stasiun MRT Bandara A7 & A8 | Kursi VIP korporat kini dibuka untuk reservasi.,/buildings/hm2/,1,1,0,0,10
google / cpc,1103G,Farglory MetaLink Technology Park | 空港MRT A7 & A8駅 | VIP企業席の予約受付を開始しました。,/buildings/hm2/,1,1,1,1,0
google / cpc,202601,Khu công nghệ Farglory MetaLink | Ga MRT Sân bay A7 & A8 | Ghế VIP dành cho doanh nghiệp hiện đã mở đặt trước.,/buildings/hm2/,1,1,0,0,85
google / cpc,1102G,สวนเทคโนโลยีฟาร์กลอรี่ เมตาลิงก์ | สถานีรถไฟฟ้า MRT สนามบิน สาย A7 และ A8 | เปิดให้จองที่นั่งวีไอพีสำหรับองค์กรแล้ว,/buildings/hm2/,1,1,0,0,29
google / cpc,sitelink,สวนเทคโนโลยีฟาร์กลอรี่ เมตาลิงก์ | สถานีรถไฟฟ้า MRT สนามบิน สาย A7 และ A8 | เปิดให้จองที่นั่งวีไอพีสำหรับองค์กรแล้ว,/buildings/hm2/,1,1,0,0,22
google / cpc,1102G,远雄MetaLink科技园区| 机捷A7． A8站▕ VIP企业席次开放预约中,/buildings/hm2/,1,1,0,0,5
dsp&utm_medium=hm2&utm_campaign=MDads / (not set),(not set),遠雄MetaLink科技園區 | 機捷A7．A8站▕ VIP企業席次開放預約中,/buildings/hm2/,1,1,2,2,0
google / cpc,(not set),遠雄MetaLink科技園區 | 機捷A7．A8站▕ VIP企業席次開放預約中,/buildings/hm2/,1,1,1,1,0
gemini.google.com / referral,(referral),遠雄MetaLink科技園區 | 機捷A7．A8站▕ VIP企業席次開放預約中,/buildings/hm2/,1,1,1,1,51
tagassistant.google.com / referral,(referral),遠雄MetaLink科技園區 | 機捷A7．A8站▕ VIP企業席次開放預約中,/buildings/hm2/,1,1,1,1,38
leju / bh11,1-3,遠雄MetaLink科技園區 | 機捷A7．A8站▕ VIP企業席次開放預約中,/buildings/hm2/,1,1,13,13,10
google_gdn / 5vo1,20251201,遠雄MetaLink科技園區 | 機捷A7．A8站▕ VIP企業席次開放預約中,/buildings/hm2/,1,1,1,1,0
google / cpc,20260101-6-1,遠雄MetaLink科技園區 | 機捷A7．A8站▕ VIP企業席次開放預約中,/buildings/hm2/,1,1,2,2,2
webnews / hm2,202602,遠雄MetaLink科技園區 | 機捷A7．A8站▕ VIP企業席次開放預約中,/buildings/hm2/,1,1,2,2,2
fgr-line / eh6,20260210,遠雄MetaLink科技園區 | 機捷A7．A8站▕ VIP企業席次開放預約中,/buildings/hm2/,1,1,1,1,1
google / cpc,BH10-北屯區區域字,遠雄MetaLink科技園區 | 機捷A7．A8站▕ VIP企業席次開放預約中,/buildings/hm2/,1,1,0,0,0
google / cpc,BH10-品牌字,遠雄MetaLink科技園區 | 機捷A7．A8站▕ VIP企業席次開放預約中,/buildings/hm2/,1,1,1,1,34
google / cpc,BH10-競品字,遠雄MetaLink科技園區 | 機捷A7．A8站▕ VIP企業席次開放預約中,/buildings/hm2/,1,1,1,1,158
google / cpc,DGM1-地區字,遠雄MetaLink科技園區 | 機捷A7．A8站▕ VIP企業席次開放預約中,/buildings/hm2/,1,1,1,1,26
google / cpc,O1_特色字_2025.0801,遠雄MetaLink科技園區 | 機捷A7．A8站▕ VIP企業席次開放預約中,/buildings/hm2/,1,1,1,1,5
google / cpc,RSH1-競品字,遠雄MetaLink科技園區 | 機捷A7．A8站▕ VIP企業席次開放預約中,/buildings/hm2/,1,1,1,1,7
google / cpc,area,遠雄MetaLink科技園區 | 機捷A7．A8站▕ VIP企業席次開放預約中,/buildings/hm2/,1,1,1,1,35
pmp / ah1,avivid-1,遠雄MetaLink科技園區 | 機捷A7．A8站▕ VIP企業席次開放預約中,/buildings/hm2/,1,1,1,1,0
google / cpc,banqiao,遠雄MetaLink科技園區 | 機捷A7．A8站▕ VIP企業席次開放預約中,/buildings/hm2/,1,1,1,1,30
google / cpc,brand0829,遠雄MetaLink科技園區 | 機捷A7．A8站▕ VIP企業席次開放預約中,/buildings/hm2/,1,1,1,1,19
google / cpc,competitor,遠雄MetaLink科技園區 | 機捷A7．A8站▕ VIP企業席次開放預約中,/buildings/hm2/,1,1,1,1,22
fgr-line / fgr,expert_zhu_taiwan-land-scam,遠雄MetaLink科技園區 | 機捷A7．A8站▕ VIP企業席次開放預約中,/buildings/hm2/,1,1,1,1,12
socialmedia / fgr,fb,遠雄MetaLink科技園區 | 機捷A7．A8站▕ VIP企業席次開放預約中,/buildings/hm2/,1,1,1,1,25
socialmedia / fh2,fbfh2info,遠雄MetaLink科技園區 | 機捷A7．A8站▕ VIP企業席次開放預約中,/buildings/hm2/,1,1,1,1,5
google / cpc,gdn,遠雄MetaLink科技園區 | 機捷A7．A8站▕ VIP企業席次開放預約中,/buildings/hm2/,1,1,1,1,0
google / cpc,gdn11-2,遠雄MetaLink科技園區 | 機捷A7．A8站▕ VIP企業席次開放預約中,/buildings/hm2/,1,1,2,2,11
google / cpc,gdn11-4,遠雄MetaLink科技園區 | 機捷A7．A8站▕ VIP企業席次開放預約中,/buildings/hm2/,1,1,1,1,34
line-lap / ah1,lap-1,遠雄MetaLink科技園區 | 機捷A7．A8站▕ VIP企業席次開放預約中,/buildings/hm2/,1,1,1,1,58
line-lap / ah1,lap-2,遠雄MetaLink科技園區 | 機捷A7．A8站▕ VIP企業席次開放預約中,/buildings/hm2/,1,1,1,1,22
line-lap / bh7,lap-3,遠雄MetaLink科技園區 | 機捷A7．A8站▕ VIP企業席次開放預約中,/buildings/hm2/,1,1,1,1,6
line / rsh1,line-lap1-5,遠雄MetaLink科技園區 | 機捷A7．A8站▕ VIP企業席次開放預約中,/buildings/hm2/,1,1,1,1,7
line-lap / fh2,line-lap12-3,遠雄MetaLink科技園區 | 機捷A7．A8站▕ VIP企業席次開放預約中,/buildings/hm2/,1,1,1,1,20
socialmedia / fgr,metalink-ai-hub,遠雄MetaLink科技園區 | 機捷A7．A8站▕ VIP企業席次開放預約中,/buildings/hm2/,1,1,1,1,104
webhouse / jjh1,wehouse0617,找不到頁面 - 遠雄房地產,/buildings/jjh1,1,1,1,1,28
google / cpc,20211109,找不到頁面 - 遠雄房地產,/buildings/m62/,1,1,1,1,0
google / cpc,20211203,找不到頁面 - 遠雄房地產,/buildings/m62/,1,1,1,1,0
google / cpc,20220103,找不到頁面 - 遠雄房地產,/buildings/m62/,1,1,1,1,10
webnews / msm1,webnews-0305chen,找不到頁面 - 遠雄房地產,/buildings/msm1,1,1,1,1,7
google / organic,(organic),西勝時星-新北市新莊區商辦/預售新建案-預約賞屋,/buildings/msm1,1,1,1,1,7
google / organic,(organic),"Farglory THE ONE - Newly Built/Constructed Housing Project in Qianzhen District, Kaohsiung City - Schedule a Viewing",/buildings/o1/,1,1,0,0,27
fb / o1,20250422_20-1,"Farglory THE ONE - Newly Built/Constructed Housing Project in Qianzhen District, Kaohsiung City - Schedule a Viewing",/buildings/o1/,1,1,0,0,55
google / cpc,O1_特色字_2025.0801,"Farglory THE ONE - Newly Built/Constructed Housing Project in Qianzhen District, Kaohsiung City - Schedule a Viewing",/buildings/o1/,1,1,0,0,19
google / cpc,O1_地區字_2025.0801,"Farglory THE ONE - Nieuw gebouwd woningproject in het district Qianzhen, Kaohsiung - Plan een bezichtiging",/buildings/o1/,1,1,0,0,139
google / cpc,O1_品牌字_2025.0801,"Farglory THE ONE - Projet immobilier neuf dans le district de Qianzhen, ville de Kaohsiung - Planifiez une visite",/buildings/o1/,1,1,0,0,5
google / cpc,O1_品牌字_2025.0801,Farglory THE ONE - 高雄市前鎮区の新築住宅プロジェクト - 内覧のご予約,/buildings/o1/,1,1,0,0,17
google / cpc,O1_品牌字_2025.0801,"Yuanxiong THE ONE-Xinchengwu/New Construction Plan in Qianzhen District, Kaohsiung City-Make an appointment to appreciate the house",/buildings/o1/,1,1,0,0,170
google / cpc,O1_競品字_2025.0801,远雄THE ONE-高雄市前镇区新成屋/新建案-预约赏屋,/buildings/o1/,1,1,0,0,1
bing / organic,(organic),遠雄THE ONE-高雄市前鎮區新成屋/新建案-預約賞屋,/buildings/o1/,1,1,2,2,40
instagram.com / referral,(referral),遠雄THE ONE-高雄市前鎮區新成屋/新建案-預約賞屋,/buildings/o1/,1,1,1,1,26
page.line.me / referral,(referral),遠雄THE ONE-高雄市前鎮區新成屋/新建案-預約賞屋,/buildings/o1/,1,1,1,1,2
fb / eh1,11-1,遠雄THE ONE-高雄市前鎮區新成屋/新建案-預約賞屋,/buildings/o1/,1,1,1,1,1
fb / O1,120227538157820464,遠雄THE ONE-高雄市前鎮區新成屋/新建案-預約賞屋,/buildings/o1/,1,1,1,1,27
fb / O1,20240920,遠雄THE ONE-高雄市前鎮區新成屋/新建案-預約賞屋,/buildings/o1/,1,1,2,2,16
google / cpc,20250317,遠雄THE ONE-高雄市前鎮區新成屋/新建案-預約賞屋,/buildings/o1/,1,1,2,2,21
web-businessweekly / o1,20250326,遠雄THE ONE-高雄市前鎮區新成屋/新建案-預約賞屋,/buildings/o1/,1,1,2,2,52
webnews / o1,20250407,遠雄THE ONE-高雄市前鎮區新成屋/新建案-預約賞屋,/buildings/o1/,1,1,1,1,192
fb / o1,20250422_16-1,遠雄THE ONE-高雄市前鎮區新成屋/新建案-預約賞屋,/buildings/o1/,1,1,1,1,0
google / cpc,20250616_台北豪宅/別墅,遠雄THE ONE-高雄市前鎮區新成屋/新建案-預約賞屋,/buildings/o1/,1,1,1,1,1
google / cpc,20250616_品牌字,遠雄THE ONE-高雄市前鎮區新成屋/新建案-預約賞屋,/buildings/o1/,1,1,2,2,15
google_kw / 5vo1,202511,遠雄THE ONE-高雄市前鎮區新成屋/新建案-預約賞屋,/buildings/o1/,1,1,2,2,0
(not set),20251209一輪播,遠雄THE ONE-高雄市前鎮區新成屋/新建案-預約賞屋,/buildings/o1/,1,1,1,1,15
avivid / bh11,20251212,遠雄THE ONE-高雄市前鎮區新成屋/新建案-預約賞屋,/buildings/o1/,1,1,2,2,227
fgr-line / rsh1,20260210,遠雄THE ONE-高雄市前鎮區新成屋/新建案-預約賞屋,/buildings/o1/,1,1,1,1,43
google / cpc,Otherarea0829,遠雄THE ONE-高雄市前鎮區新成屋/新建案-預約賞屋,/buildings/o1/,1,1,1,1,0
google / cpc,Sanmin,遠雄THE ONE-高雄市前鎮區新成屋/新建案-預約賞屋,/buildings/o1/,1,1,1,1,0
pmp / ah1,avivid-2,遠雄THE ONE-高雄市前鎮區新成屋/新建案-預約賞屋,/buildings/o1/,1,1,2,2,31
pmp / ah1,avivid-3,遠雄THE ONE-高雄市前鎮區新成屋/新建案-預約賞屋,/buildings/o1/,1,1,1,1,22
google / cpc,banqiao,遠雄THE ONE-高雄市前鎮區新成屋/新建案-預約賞屋,/buildings/o1/,1,1,1,1,16
google / cpc,com,遠雄THE ONE-高雄市前鎮區新成屋/新建案-預約賞屋,/buildings/o1/,1,1,1,1,12
fb / ah1,fb-1,遠雄THE ONE-高雄市前鎮區新成屋/新建案-預約賞屋,/buildings/o1/,1,1,1,1,106
fb / ah1,fb-2,遠雄THE ONE-高雄市前鎮區新成屋/新建案-預約賞屋,/buildings/o1/,1,1,1,1,12
fb / eh2,fb13-2,遠雄THE ONE-高雄市前鎮區新成屋/新建案-預約賞屋,/buildings/o1/,1,1,1,1,29
fb / o1,fb25-1,遠雄THE ONE-高雄市前鎮區新成屋/新建案-預約賞屋,/buildings/o1/,1,1,1,1,11
fb / o1,fb27-1,遠雄THE ONE-高雄市前鎮區新成屋/新建案-預約賞屋,/buildings/o1/,1,1,1,1,0
fb / o1,fb29-3,遠雄THE ONE-高雄市前鎮區新成屋/新建案-預約賞屋,/buildings/o1/,1,1,1,1,0
fg / o1,fg,遠雄THE ONE-高雄市前鎮區新成屋/新建案-預約賞屋,/buildings/o1/,1,1,1,1,106
google_kw / ah1,googlemap,遠雄THE ONE-高雄市前鎮區新成屋/新建案-預約賞屋,/buildings/o1/,1,1,1,1,65
fb_kol / fb_kol,h102,遠雄THE ONE-高雄市前鎮區新成屋/新建案-預約賞屋,/buildings/o1/,1,1,1,1,5
google / cpc,kaohsiung,遠雄THE ONE-高雄市前鎮區新成屋/新建案-預約賞屋,/buildings/o1/,1,1,1,1,0
line-lap / ah1,lap-3,遠雄THE ONE-高雄市前鎮區新成屋/新建案-預約賞屋,/buildings/o1/,1,1,1,1,35
line / rsh1,line-lap1-5_600x400,遠雄THE ONE-高雄市前鎮區新成屋/新建案-預約賞屋,/buildings/o1/,1,1,1,1,0
google / cpc,luxury-apartment,遠雄THE ONE-高雄市前鎮區新成屋/新建案-預約賞屋,/buildings/o1/,1,1,1,1,0
google_kw / o1,luxury-apartment,遠雄THE ONE-高雄市前鎮區新成屋/新建案-預約賞屋,/buildings/o1/,1,1,1,1,0
fb / fm3,news0108,遠雄THE ONE-高雄市前鎮區新成屋/新建案-預約賞屋,/buildings/o1/,1,1,1,1,6
gdn / mdrive,o1,遠雄THE ONE-高雄市前鎮區新成屋/新建案-預約賞屋,/buildings/o1/,1,1,1,1,0
gdn / o1,realhouse,遠雄THE ONE-高雄市前鎮區新成屋/新建案-預約賞屋,/buildings/o1/,1,1,1,1,64
web-udn / ao1,udnnews20240430,遠雄THE ONE-高雄市前鎮區新成屋/新建案-預約賞屋,/buildings/o1/,1,1,1,1,21
google / cpc,(not set),遠雄THE ONE-高雄市前鎮區新成屋/新建案-預約賞屋,/buildings/o1//,1,1,1,1,0
(direct) / (none),(direct),熱銷建案 彙整 - 頁2，共3 - 遠雄房地產,/buildings/page/2/,1,1,1,1,7
line / rsh1,line-lap1-5,熱銷建案 彙整 - 頁2，共3 - 遠雄房地產,/buildings/page/2/,1,1,1,1,67
(direct) / (none),(direct),熱銷建案 彙整 - 頁3，共3 - 遠雄房地產,/buildings/page/3/,1,1,1,1,23
google / organic,(organic),熱銷建案 彙整 - 頁3，共3 - 遠雄房地產,/buildings/page/3/,1,1,2,2,14
line-lap / qyh1,line-lap3-2,找不到頁面 - 遠雄房地產,/buildings/qyh1/,1,1,1,1,0
web-udn / qyh1,web-udn0526,找不到頁面 - 遠雄房地產,/buildings/qyh1/,1,1,1,1,0
web-ettoday / qyh2,web-ettoday0906,找不到頁面 - 遠雄房地產,/buildings/qyh2,1,1,1,1,4
(direct) / (none),(direct),Page Not Found - Farglory Real Estate,/buildings/qyh2/,1,1,0,0,4
(direct) / (none),(direct),找不到頁面 - 遠雄房地產,/buildings/qyh2/,1,1,1,1,0
google / cpc,RSH1-品牌字,(1) unread | 若水秧翠｜東京視野・頂埔門牌｜1~3房．20~42坪,/buildings/rsh1/,1,1,0,0,0
google / cpc,(organic),(1) 封未讀訊息 | 若水秧翠｜東京視野・頂埔門牌｜1~3房．20~42坪,/buildings/rsh1/,1,1,0,0,5
google / cpc,RSH1-競品字,(1) 封未讀訊息 | 若水秧翠｜東京視野・頂埔門牌｜1~3房．20~42坪,/buildings/rsh1/,1,1,0,0,113
google / cpc,RSH1-買房字,(1) 封未讀訊息 | 若水秧翠｜東京視野・頂埔門牌｜1~3房．20~42坪,/buildings/rsh1/,1,1,0,0,0
google_kw / rsh1,buyhouse,(1) 封未讀訊息 | 若水秧翠｜東京視野・頂埔門牌｜1~3房．20~42坪,/buildings/rsh1/,1,1,0,0,0
line / rsh1,line-lap1-5_600x400,(1) 封未讀訊息 | 若水秧翠｜東京視野・頂埔門牌｜1~3房．20~42坪,/buildings/rsh1/,1,1,0,0,47
line / rsh1,line0131,(1) 封未讀訊息 | 若水秧翠｜東京視野・頂埔門牌｜1~3房．20~42坪,/buildings/rsh1/,1,1,0,0,0
fb / rsh1,leads,(2) 封未讀訊息 | (1) 封未讀訊息 | 若水秧翠｜東京視野・頂埔門牌｜1~3房．20~42坪,/buildings/rsh1/,1,1,0,0,32
fgr-line / ah2,20260210,(2) 封未讀訊息 | 若水秧翠｜東京視野・頂埔門牌｜1~3房．20~42坪,/buildings/rsh1/,1,1,0,0,14
google / cpc,RSH1-地區字,(2) 封未讀訊息 | 若水秧翠｜東京視野・頂埔門牌｜1~3房．20~42坪,/buildings/rsh1/,1,1,0,0,23
google / cpc,RSH1-競品字,(2) 封未讀訊息 | 若水秧翠｜東京視野・頂埔門牌｜1~3房．20~42坪,/buildings/rsh1/,1,1,1,1,13
google / cpc,RSH1-買房字,"Ruoshui Yangcui | Tokyo View, Dingpu Address | 1-3 Bedrooms, 20-42 Ping (approximately 33-66 square meters)",/buildings/rsh1/,1,1,0,0,81
google_kw / h713,(organic),若水秧翠｜東京視野・頂埔門牌｜1~3房．20~42坪,/buildings/rsh1/,1,1,1,1,20
yahoo / organic,(organic),若水秧翠｜東京視野・頂埔門牌｜1~3房．20~42坪,/buildings/rsh1/,1,1,1,1,58
dogreat.com.tw / referral,(referral),若水秧翠｜東京視野・頂埔門牌｜1~3房．20~42坪,/buildings/rsh1/,1,1,1,1,22
google / cpc,(referral),若水秧翠｜東京視野・頂埔門牌｜1~3房．20~42坪,/buildings/rsh1/,1,1,1,1,2
fb / hm2,0209,若水秧翠｜東京視野・頂埔門牌｜1~3房．20~42坪,/buildings/rsh1/,1,1,1,1,1
google / cpc,20250616_品牌字,若水秧翠｜東京視野・頂埔門牌｜1~3房．20~42坪,/buildings/rsh1/,1,1,1,1,2
line-lap / ar1,20251017-2-1,若水秧翠｜東京視野・頂埔門牌｜1~3房．20~42坪,/buildings/rsh1/,1,1,1,1,76
(not set),20251209一輪播,若水秧翠｜東京視野・頂埔門牌｜1~3房．20~42坪,/buildings/rsh1/,1,1,1,1,22
avivid / bh11,20251212,若水秧翠｜東京視野・頂埔門牌｜1~3房．20~42坪,/buildings/rsh1/,1,1,1,1,68
lbs-sms / fm3,20251229,若水秧翠｜東京視野・頂埔門牌｜1~3房．20~42坪,/buildings/rsh1/,1,1,1,1,0
line-lap / ar1,20260101-6-1,若水秧翠｜東京視野・頂埔門牌｜1~3房．20~42坪,/buildings/rsh1/,1,1,1,1,58
fgr-line / fgr,20260115,若水秧翠｜東京視野・頂埔門牌｜1~3房．20~42坪,/buildings/rsh1/,1,1,1,1,0
fgr-line / dgm1,20260202,若水秧翠｜東京視野・頂埔門牌｜1~3房．20~42坪,/buildings/rsh1/,1,1,2,2,0
line-lap / eh2,20260204C,若水秧翠｜東京視野・頂埔門牌｜1~3房．20~42坪,/buildings/rsh1/,1,1,1,1,52
fgr-line / dh2,20260210,若水秧翠｜東京視野・頂埔門牌｜1~3房．20~42坪,/buildings/rsh1/,1,1,1,1,30
(direct) / (none),20260213一輪播,若水秧翠｜東京視野・頂埔門牌｜1~3房．20~42坪,/buildings/rsh1/,1,1,0,0,0
line / rsh1,20260213一輪播,若水秧翠｜東京視野・頂埔門牌｜1~3房．20~42坪,/buildings/rsh1/,1,1,6,6,6
taboola / fm3,ConB02,若水秧翠｜東京視野・頂埔門牌｜1~3房．20~42坪,/buildings/rsh1/,1,1,1,1,9
google / cpc,DGM1-地區字,若水秧翠｜東京視野・頂埔門牌｜1~3房．20~42坪,/buildings/rsh1/,1,1,1,1,31
google / cpc,DGM1-競品字,若水秧翠｜東京視野・頂埔門牌｜1~3房．20~42坪,/buildings/rsh1/,1,1,1,1,0
google / cpc,Qianzhen.Qianjin,若水秧翠｜東京視野・頂埔門牌｜1~3房．20~42坪,/buildings/rsh1/,1,1,1,1,1
google / cpc,Sanmin,若水秧翠｜東京視野・頂埔門牌｜1~3房．20~42坪,/buildings/rsh1/,1,1,1,1,13
google / cpc,competitor,若水秧翠｜東京視野・頂埔門牌｜1~3房．20~42坪,/buildings/rsh1/,1,1,1,1,80
google / cpc,dgc,若水秧翠｜東京視野・頂埔門牌｜1~3房．20~42坪,/buildings/rsh1/,1,1,1,1,8
fb / rsh1,fbfanpage0123,若水秧翠｜東京視野・頂埔門牌｜1~3房．20~42坪,/buildings/rsh1/,1,1,1,1,4
fb / rsh1,fbfanpage0212,若水秧翠｜東京視野・頂埔門牌｜1~3房．20~42坪,/buildings/rsh1/,1,1,1,1,0
google / cpc,gdn11-2,若水秧翠｜東京視野・頂埔門牌｜1~3房．20~42坪,/buildings/rsh1/,1,1,1,1,0
google / cpc,gdn11-3,若水秧翠｜東京視野・頂埔門牌｜1~3房．20~42坪,/buildings/rsh1/,1,1,2,2,382
google / cpc,gdn11-4,若水秧翠｜東京視野・頂埔門牌｜1~3房．20~42坪,/buildings/rsh1/,1,1,1,1,37
google_kw / rsh1,information7,若水秧翠｜東京視野・頂埔門牌｜1~3房．20~42坪,/buildings/rsh1/,1,1,1,1,0
line-lap / ah1,lap-2,若水秧翠｜東京視野・頂埔門牌｜1~3房．20~42坪,/buildings/rsh1/,1,1,1,1,4
fb / fh2,leads,若水秧翠｜東京視野・頂埔門牌｜1~3房．20~42坪,/buildings/rsh1/,1,1,1,1,30
line / rsh1,line0131,若水秧翠｜東京視野・頂埔門牌｜1~3房．20~42坪,/buildings/rsh1/,1,1,1,1,0
line / rsh1,line20260213,若水秧翠｜東京視野・頂埔門牌｜1~3房．20~42坪,/buildings/rsh1/,1,1,1,1,17
line / rsh1,line@,若水秧翠｜東京視野・頂埔門牌｜1~3房．20~42坪,/buildings/rsh1/,1,1,1,1,62
google / cpc,pmax,若水秧翠｜東京視野・頂埔門牌｜1~3房．20~42坪,/buildings/rsh1/,1,1,1,1,3
google / cpc,sitelink,若水秧翠｜東京視野・頂埔門牌｜1~3房．20~42坪,/buildings/rsh1/,1,1,1,1,0
google / cpc,Pmax,找不到頁面 - 遠雄房地產,/buildings/shqmo01/,1,1,1,1,0
(not set),20251230一輪播,找不到頁面 - 遠雄房地產,/buildings/建案代號,1,1,1,1,0
google / cpc,(organic),(1) 封未讀訊息 | 遠雄夏沐-桃園市桃園區成屋/新建案-預約賞屋，遠雄房地產,/buildings/遠雄夏沐/,1,1,0,0,17
bing / organic,(organic),遠雄夏沐-桃園市桃園區成屋/新建案-預約賞屋，遠雄房地產,/buildings/遠雄夏沐/,1,1,1,1,97
console.omnichat.ai / referral,(referral),遠雄夏沐-桃園市桃園區成屋/新建案-預約賞屋，遠雄房地產,/buildings/遠雄夏沐/,1,1,2,2,7
farglory.com.tw / referral,(referral),遠雄夏沐-桃園市桃園區成屋/新建案-預約賞屋，遠雄房地產,/buildings/遠雄夏沐/,1,1,1,1,17
ifgmall.fg-retail.com.tw / referral,(referral),遠雄夏沐-桃園市桃園區成屋/新建案-預約賞屋，遠雄房地產,/buildings/遠雄夏沐/,1,1,1,1,13
tagassistant.google.com / referral,(referral),遠雄夏沐-桃園市桃園區成屋/新建案-預約賞屋，遠雄房地產,/buildings/遠雄夏沐/,1,1,2,2,99
fb / hm2,0210,遠雄夏沐-桃園市桃園區成屋/新建案-預約賞屋，遠雄房地產,/buildings/遠雄夏沐/,1,1,1,1,9
(not set),20251209一輪播,遠雄夏沐-桃園市桃園區成屋/新建案-預約賞屋，遠雄房地產,/buildings/遠雄夏沐/,1,1,1,1,25
google / cpc,O1_品牌字_2025.0801,遠雄夏沐-桃園市桃園區成屋/新建案-預約賞屋，遠雄房地產,/buildings/遠雄夏沐/,1,1,1,1,13
google / cpc,O1_特色字_2025.0801,遠雄夏沐-桃園市桃園區成屋/新建案-預約賞屋，遠雄房地產,/buildings/遠雄夏沐/,1,1,1,1,30
google / cpc,RSH1-地區字新北,遠雄夏沐-桃園市桃園區成屋/新建案-預約賞屋，遠雄房地產,/buildings/遠雄夏沐/,1,1,1,1,4
google / cpc,area,遠雄夏沐-桃園市桃園區成屋/新建案-預約賞屋，遠雄房地產,/buildings/遠雄夏沐/,1,1,1,1,5
youtube / fgr,expert_zhu_video_buy-vs-gift,遠雄夏沐-桃園市桃園區成屋/新建案-預約賞屋，遠雄房地產,/buildings/遠雄夏沐/,1,1,1,1,5
fb / eh6,fb1-3,遠雄夏沐-桃園市桃園區成屋/新建案-預約賞屋，遠雄房地產,/buildings/遠雄夏沐/,1,1,1,1,25
fb / fh2,fb12-2,遠雄夏沐-桃園市桃園區成屋/新建案-預約賞屋，遠雄房地產,/buildings/遠雄夏沐/,1,1,1,1,5
fb / eh5,fb31-1,遠雄夏沐-桃園市桃園區成屋/新建案-預約賞屋，遠雄房地產,/buildings/遠雄夏沐/,1,1,1,1,2
socialmedia / fh2,fbfh2info,遠雄夏沐-桃園市桃園區成屋/新建案-預約賞屋，遠雄房地產,/buildings/遠雄夏沐/,1,1,2,2,0
google / cpc,gdn-1,遠雄夏沐-桃園市桃園區成屋/新建案-預約賞屋，遠雄房地產,/buildings/遠雄夏沐/,1,1,1,1,40
google / cpc,gdn-2,遠雄夏沐-桃園市桃園區成屋/新建案-預約賞屋，遠雄房地產,/buildings/遠雄夏沐/,1,1,1,1,25
google / cpc,gdn-3,遠雄夏沐-桃園市桃園區成屋/新建案-預約賞屋，遠雄房地產,/buildings/遠雄夏沐/,1,1,1,1,9
google / cpc,gdn11-4,遠雄夏沐-桃園市桃園區成屋/新建案-預約賞屋，遠雄房地產,/buildings/遠雄夏沐/,1,1,1,1,61
ig / social,ig,遠雄夏沐-桃園市桃園區成屋/新建案-預約賞屋，遠雄房地產,/buildings/遠雄夏沐/,1,1,1,1,57
line-lap / fh2,line-lap12-2,遠雄夏沐-桃園市桃園區成屋/新建案-預約賞屋，遠雄房地產,/buildings/遠雄夏沐/,1,1,1,1,72
line-fgr / bh7,linefgrbh7,遠雄夏沐-桃園市桃園區成屋/新建案-預約賞屋，遠雄房地產,/buildings/遠雄夏沐/,1,1,1,1,51
fgr-line / fgr,ratio_of_public_area,遠雄夏沐-桃園市桃園區成屋/新建案-預約賞屋，遠雄房地產,/buildings/遠雄夏沐/,1,1,1,1,1
(not set),台南中西,遠雄夏沐-桃園市桃園區成屋/新建案-預約賞屋，遠雄房地產,/buildings/遠雄夏沐/,1,1,1,1,15
(not set),桃園桃園,遠雄夏沐-桃園市桃園區成屋/新建案-預約賞屋，遠雄房地產,/buildings/遠雄夏沐/,1,1,3,3,22
(direct) / (none),(direct),找不到頁面 - 遠雄房地產,/by_status/store,1,1,1,1,0
google / cpc,(organic),CASA GAUDI 晴空樹,/casa_gaudi/,1,1,1,1,0
google_kw / mdrive,H108,CASA GAUDI 晴空樹,/casa_gaudi/,1,1,1,1,0
google / organic,(organic),"Hot-selling projects: Pre-sale homes, new construction projects, newly completed homes - Farglory Real Estate",/case/,1,1,0,0,5
googlemap / o1,googlemap,"Hot-selling projects: Pre-sale homes, new construction projects, newly completed homes - Farglory Real Estate",/case/,1,1,0,0,9
(data not available),(cross-network),熱銷建案：預售屋、新建案、新成屋 -遠雄房地產,/case/,1,1,1,1,10
google / cpc,(not set),熱銷建案：預售屋、新建案、新成屋 -遠雄房地產,/case/,1,1,1,1,1
perplexity / (not set),(not set),熱銷建案：預售屋、新建案、新成屋 -遠雄房地產,/case/,1,1,1,1,7
excel.officeapps.live.com / referral,(referral),熱銷建案：預售屋、新建案、新成屋 -遠雄房地產,/case/,1,1,1,1,0
farglory-land.com.tw / referral,(referral),熱銷建案：預售屋、新建案、新成屋 -遠雄房地產,/case/,1,1,2,2,21
m.facebook.com / referral,(referral),熱銷建案：預售屋、新建案、新成屋 -遠雄房地產,/case/,1,1,1,1,0
reurl.cc / referral,(referral),熱銷建案：預售屋、新建案、新成屋 -遠雄房地產,/case/,1,1,1,1,5
lbs-sms / hm2,0207,熱銷建案：預售屋、新建案、新成屋 -遠雄房地產,/case/,1,1,1,1,4
fb / hm2,0210,熱銷建案：預售屋、新建案、新成屋 -遠雄房地產,/case/,1,1,2,2,0
fb / h713,100,熱銷建案：預售屋、新建案、新成屋 -遠雄房地產,/case/,1,1,1,1,3
fb / h713,114,熱銷建案：預售屋、新建案、新成屋 -遠雄房地產,/case/,1,1,1,1,1
fb / paid,120210744263750402,熱銷建案：預售屋、新建案、新成屋 -遠雄房地產,/case/,1,1,3,3,33
google_kw / BH8,20240816_品牌字,熱銷建案：預售屋、新建案、新成屋 -遠雄房地產,/case/,1,1,1,1,11
fb / o1,20250422_23-1,熱銷建案：預售屋、新建案、新成屋 -遠雄房地產,/case/,1,1,1,1,39
(not set),20251209一輪播,熱銷建案：預售屋、新建案、新成屋 -遠雄房地產,/case/,1,1,1,1,2
line-lap / eh2,20260204B,熱銷建案：預售屋、新建案、新成屋 -遠雄房地產,/case/,1,1,1,1,42
fgr-line / dh2,20260210,熱銷建案：預售屋、新建案、新成屋 -遠雄房地產,/case/,1,1,1,1,16
fgr-line / h707,20260210,熱銷建案：預售屋、新建案、新成屋 -遠雄房地產,/case/,1,1,1,1,6
google / cpc,BH10-台中區域字,熱銷建案：預售屋、新建案、新成屋 -遠雄房地產,/case/,1,1,1,1,1
google / cpc,O1_品牌字_2025.0801,熱銷建案：預售屋、新建案、新成屋 -遠雄房地產,/case/,1,1,1,1,4
google / cpc,Qianzhen.Qianjin,熱銷建案：預售屋、新建案、新成屋 -遠雄房地產,/case/,1,1,1,1,0
pmp / ah1,avivid-1,熱銷建案：預售屋、新建案、新成屋 -遠雄房地產,/case/,1,1,1,1,2
pmp / ah1,avivid-2,熱銷建案：預售屋、新建案、新成屋 -遠雄房地產,/case/,1,1,1,1,6
google / cpc,banqiao,熱銷建案：預售屋、新建案、新成屋 -遠雄房地產,/case/,1,1,1,1,2
google / cpc,brand0829,熱銷建案：預售屋、新建案、新成屋 -遠雄房地產,/case/,1,1,1,1,5
google / cpc,com,熱銷建案：預售屋、新建案、新成屋 -遠雄房地產,/case/,1,1,2,2,2
fb / dh2,fb-50,熱銷建案：預售屋、新建案、新成屋 -遠雄房地產,/case/,1,1,1,1,13
fb / eh6,fb1-2,熱銷建案：預售屋、新建案、新成屋 -遠雄房地產,/case/,1,1,1,1,0
fb / eh6,fb1-3,熱銷建案：預售屋、新建案、新成屋 -遠雄房地產,/case/,1,1,1,1,8
fb / eh6,fb1-5,熱銷建案：預售屋、新建案、新成屋 -遠雄房地產,/case/,1,1,1,1,0
fb / eh6,fb1-6,熱銷建案：預售屋、新建案、新成屋 -遠雄房地產,/case/,1,1,1,1,0
fb / bh8,fb23-1,熱銷建案：預售屋、新建案、新成屋 -遠雄房地產,/case/,1,1,1,1,0
fb / bh8,fb25-4,熱銷建案：預售屋、新建案、新成屋 -遠雄房地產,/case/,1,1,2,2,23
socialmedia / eh6,fbeh6info,熱銷建案：預售屋、新建案、新成屋 -遠雄房地產,/case/,1,1,1,1,6
fb / rsh1,fbfanpage0116,熱銷建案：預售屋、新建案、新成屋 -遠雄房地產,/case/,1,1,1,1,4
fb / eh6,form,熱銷建案：預售屋、新建案、新成屋 -遠雄房地產,/case/,1,1,1,1,0
google / cpc,gdn,熱銷建案：預售屋、新建案、新成屋 -遠雄房地產,/case/,1,1,1,1,1
google / cpc,gdn-1,熱銷建案：預售屋、新建案、新成屋 -遠雄房地產,/case/,1,1,1,1,2
google / cpc,gdn11-2,熱銷建案：預售屋、新建案、新成屋 -遠雄房地產,/case/,1,1,3,3,47
google / cpc,gdn11-4,熱銷建案：預售屋、新建案、新成屋 -遠雄房地產,/case/,1,1,1,1,3
googlemap / h95,googlemap,熱銷建案：預售屋、新建案、新成屋 -遠雄房地產,/case/,1,1,1,1,8
line-lap / ah1,lap-1,熱銷建案：預售屋、新建案、新成屋 -遠雄房地產,/case/,1,1,1,1,8
line-lap / ah1,lap-2,熱銷建案：預售屋、新建案、新成屋 -遠雄房地產,/case/,1,1,1,1,12
fb / eh2,leads,熱銷建案：預售屋、新建案、新成屋 -遠雄房地產,/case/,1,1,1,1,7
fb / fh2,leads,熱銷建案：預售屋、新建案、新成屋 -遠雄房地產,/case/,1,1,1,1,4
fb / h713,leads,熱銷建案：預售屋、新建案、新成屋 -遠雄房地產,/case/,1,1,1,1,11
fb / fm3,news0108,熱銷建案：預售屋、新建案、新成屋 -遠雄房地產,/case/,1,1,1,1,1
google / cpc,pmax,熱銷建案：預售屋、新建案、新成屋 -遠雄房地產,/case/,1,1,1,1,5
gdn / o1,realhouse,熱銷建案：預售屋、新建案、新成屋 -遠雄房地產,/case/,1,1,1,1,2
picsee-domain / referral,www.fgrealty.tw,熱銷建案：預售屋、新建案、新成屋 -遠雄房地產,/case/,1,1,2,2,2
(not set),台南中西,熱銷建案：預售屋、新建案、新成屋 -遠雄房地產,/case/,1,1,1,1,0
(not set),桃園桃園,熱銷建案：預售屋、新建案、新成屋 -遠雄房地產,/case/,1,1,1,1,1
fb / bh10,fbearlybird_form,(1) 封未讀訊息 | 熱銷建案一覽：遠雄全台預售屋、新建案、新成屋資訊,/case/search/,1,1,0,0,76
fb / bh5,leads,(1) 封未讀訊息 | 熱銷建案一覽：遠雄全台預售屋、新建案、新成屋資訊,/case/search/,1,1,0,0,283
(direct) / (none),(direct),(2) 封未讀訊息 | 熱銷建案一覽：遠雄全台預售屋、新建案、新成屋資訊,/case/search/,1,1,0,0,14
(direct) / (none),(direct),(3) 封未讀訊息 | 熱銷建案一覽：遠雄全台預售屋、新建案、新成屋資訊,/case/search/,1,1,0,0,49
(direct) / (none),(direct),"A list of best-selling housing projects: Farglory Group's pre-sale, new construction, and completed housing information across Taiwan.",/case/search/,1,1,0,0,5
google / organic,(organic),"A list of best-selling housing projects: Farglory Group's pre-sale, new construction, and completed housing information across Taiwan.",/case/search/,1,1,0,0,0
farglory.com.tw / referral,(referral),"A list of best-selling housing projects: Farglory Group's pre-sale, new construction, and completed housing information across Taiwan.",/case/search/,1,1,1,1,37
googlemap / o1,googlemap,"A list of best-selling housing projects: Farglory Group's pre-sale, new construction, and completed housing information across Taiwan.",/case/search/,1,1,0,0,9
google_kw / 5vo1,202511,"Een overzicht van de bestverkochte woningprojecten: informatie over de voorverkoop, nieuwbouw en opgeleverde woningen van Farglory Group in heel Taiwan.",/case/search/,1,1,0,0,82
(direct) / (none),(direct),"List of hot-selling construction projects: Farglory pre-sale houses, new projects, and new existing house information in Taiwan",/case/search/,1,1,0,0,15
googlemap / o1,googlemap,"List of hot-selling construction projects: Farglory pre-sale houses, new projects, and new existing house information in Taiwan",/case/search/,1,1,0,0,27
google_kw / ch1,(not set),熱銷建案一覽：遠雄全台預售屋、新建案、新成屋資訊,/case/search/,1,1,1,1,2
line / bh5,(not set),熱銷建案一覽：遠雄全台預售屋、新建案、新成屋資訊,/case/search/,1,1,1,1,4
perplexity / (not set),(not set),熱銷建案一覽：遠雄全台預售屋、新建案、新成屋資訊,/case/search/,1,1,1,1,1
console.omnichat.ai / referral,(referral),熱銷建案一覽：遠雄全台預售屋、新建案、新成屋資訊,/case/search/,1,1,1,1,1
ehr.farglory.com.tw / referral,(referral),熱銷建案一覽：遠雄全台預售屋、新建案、新成屋資訊,/case/search/,1,1,2,2,57
instagram.com / referral,(referral),熱銷建案一覽：遠雄全台預售屋、新建案、新成屋資訊,/case/search/,1,1,1,1,36
l.facebook.com / referral,(referral),熱銷建案一覽：遠雄全台預售屋、新建案、新成屋資訊,/case/search/,1,1,1,1,16
m.facebook.com / referral,(referral),熱銷建案一覽：遠雄全台預售屋、新建案、新成屋資訊,/case/search/,1,1,8,8,209
fb / hm2,0201,熱銷建案一覽：遠雄全台預售屋、新建案、新成屋資訊,/case/search/,1,1,2,2,16
fb / hm2,0209,熱銷建案一覽：遠雄全台預售屋、新建案、新成屋資訊,/case/search/,1,1,5,5,49
fb / hm2,0210,熱銷建案一覽：遠雄全台預售屋、新建案、新成屋資訊,/case/search/,1,1,2,2,4
fb / eh1,11-1,熱銷建案一覽：遠雄全台預售屋、新建案、新成屋資訊,/case/search/,1,1,2,2,54
fb / eh2,11-1,熱銷建案一覽：遠雄全台預售屋、新建案、新成屋資訊,/case/search/,1,1,1,1,0
fb / bh11,11-2,熱銷建案一覽：遠雄全台預售屋、新建案、新成屋資訊,/case/search/,1,1,4,4,47
fb / bh11,11-3,熱銷建案一覽：遠雄全台預售屋、新建案、新成屋資訊,/case/search/,1,1,3,3,12
google / cpc,1102G,熱銷建案一覽：遠雄全台預售屋、新建案、新成屋資訊,/case/search/,1,1,2,2,17
fb / bh7,12,熱銷建案一覽：遠雄全台預售屋、新建案、新成屋資訊,/case/search/,1,1,2,2,210
ig / paid,120222247205050066,熱銷建案一覽：遠雄全台預售屋、新建案、新成屋資訊,/case/search/,1,1,2,2,52
ig / paid,120229456515280138,熱銷建案一覽：遠雄全台預售屋、新建案、新成屋資訊,/case/search/,1,1,1,1,29
fb / paid,120229486716970138,熱銷建案一覽：遠雄全台預售屋、新建案、新成屋資訊,/case/search/,1,1,1,1,17
fb / paid,120238384775810537,熱銷建案一覽：遠雄全台預售屋、新建案、新成屋資訊,/case/search/,1,1,1,1,17
ig / paid,120238830796500617,熱銷建案一覽：遠雄全台預售屋、新建案、新成屋資訊,/case/search/,1,1,2,2,4
fb / paid,120241173002890402,熱銷建案一覽：遠雄全台預售屋、新建案、新成屋資訊,/case/search/,1,1,1,1,72
ig / paid,120241173002890402,熱銷建案一覽：遠雄全台預售屋、新建案、新成屋資訊,/case/search/,1,1,1,1,61
fb / paid,120241218501380402,熱銷建案一覽：遠雄全台預售屋、新建案、新成屋資訊,/case/search/,1,1,1,1,5
webnews / eh3,20230619,熱銷建案一覽：遠雄全台預售屋、新建案、新成屋資訊,/case/search/,1,1,1,1,6
web-ltn / h902,20240603,熱銷建案一覽：遠雄全台預售屋、新建案、新成屋資訊,/case/search/,1,1,1,1,19
google_kw / BH8,20240816_台中高價建案,熱銷建案一覽：遠雄全台預售屋、新建案、新成屋資訊,/case/search/,1,1,4,4,52
google_kw / BH8,20240816_品牌字,熱銷建案一覽：遠雄全台預售屋、新建案、新成屋資訊,/case/search/,1,1,2,2,56
google_kw / BH8,20240816_透天/豪宅/別墅,熱銷建案一覽：遠雄全台預售屋、新建案、新成屋資訊,/case/search/,1,1,3,3,72
web-ettoday / O1,20240912,熱銷建案一覽：遠雄全台預售屋、新建案、新成屋資訊,/case/search/,1,1,3,3,28
webnews / dh2,202504,熱銷建案一覽：遠雄全台預售屋、新建案、新成屋資訊,/case/search/,1,1,1,1,0
google / cpc,20250616_台北豪宅/別墅,熱銷建案一覽：遠雄全台預售屋、新建案、新成屋資訊,/case/search/,1,1,2,2,44
fb / hm2,20251104,熱銷建案一覽：遠雄全台預售屋、新建案、新成屋資訊,/case/search/,1,1,1,1,0
(not set),20251209一輪播,熱銷建案一覽：遠雄全台預售屋、新建案、新成屋資訊,/case/search/,1,1,6,6,61
line / bh11,20260113-12-3,熱銷建案一覽：遠雄全台預售屋、新建案、新成屋資訊,/case/search/,1,1,1,1,15
line-lap / eh2,20260204B,熱銷建案一覽：遠雄全台預售屋、新建案、新成屋資訊,/case/search/,1,1,1,1,12
google / cpc,20260206-2-4,熱銷建案一覽：遠雄全台預售屋、新建案、新成屋資訊,/case/search/,1,1,1,1,4
fgr-line / dh2,20260210,熱銷建案一覽：遠雄全台預售屋、新建案、新成屋資訊,/case/search/,1,1,2,2,56
fgr-line / h707,20260210,熱銷建案一覽：遠雄全台預售屋、新建案、新成屋資訊,/case/search/,1,1,1,1,93
fgr-line / eh6,20260212,熱銷建案一覽：遠雄全台預售屋、新建案、新成屋資訊,/case/search/,1,1,1,1,3
fb / bh5,39,熱銷建案一覽：遠雄全台預售屋、新建案、新成屋資訊,/case/search/,1,1,1,1,2
fb / h707,40,熱銷建案一覽：遠雄全台預售屋、新建案、新成屋資訊,/case/search/,1,1,3,3,28
fb / bh7,9,熱銷建案一覽：遠雄全台預售屋、新建案、新成屋資訊,/case/search/,1,1,3,3,20
GOOGLEKW / cpc,GOOGLEMYBUSINESS,熱銷建案一覽：遠雄全台預售屋、新建案、新成屋資訊,/case/search/,1,1,1,1,8
google / cpc,O1_特色字_2025.0801,熱銷建案一覽：遠雄全台預售屋、新建案、新成屋資訊,/case/search/,1,1,5,5,27
google / cpc,RSH1-地區字,熱銷建案一覽：遠雄全台預售屋、新建案、新成屋資訊,/case/search/,1,1,3,3,43
pmp / ah1,avivid-1,熱銷建案一覽：遠雄全台預售屋、新建案、新成屋資訊,/case/search/,1,1,1,1,1
pmp / ah1,avivid-2,熱銷建案一覽：遠雄全台預售屋、新建案、新成屋資訊,/case/search/,1,1,1,1,5
google / cpc,banqiao.townhouse,熱銷建案一覽：遠雄全台預售屋、新建案、新成屋資訊,/case/search/,1,1,1,1,12
google_kw / rsh1,brand,熱銷建案一覽：遠雄全台預售屋、新建案、新成屋資訊,/case/search/,1,1,1,1,22
fgr-line / fgr,expert_zhu_taiwan-land-scam,熱銷建案一覽：遠雄全台預售屋、新建案、新成屋資訊,/case/search/,1,1,1,1,3
google / cpc,extensions,熱銷建案一覽：遠雄全台預售屋、新建案、新成屋資訊,/case/search/,1,1,1,1,1
fb / ah1,fb-1,熱銷建案一覽：遠雄全台預售屋、新建案、新成屋資訊,/case/search/,1,1,4,4,45
fb / cqh1,fb-26,熱銷建案一覽：遠雄全台預售屋、新建案、新成屋資訊,/case/search/,1,1,1,1,2
fb / dh2,fb-50,熱銷建案一覽：遠雄全台預售屋、新建案、新成屋資訊,/case/search/,1,1,2,2,60
fb / rsh1,fb1-1,熱銷建案一覽：遠雄全台預售屋、新建案、新成屋資訊,/case/search/,1,1,1,1,10
fb / eh5,fb12-2,熱銷建案一覽：遠雄全台預售屋、新建案、新成屋資訊,/case/search/,1,1,1,1,0
fb / eh2,fb13-4,熱銷建案一覽：遠雄全台預售屋、新建案、新成屋資訊,/case/search/,1,1,4,4,46
fb / eh6,fb2-3,熱銷建案一覽：遠雄全台預售屋、新建案、新成屋資訊,/case/search/,1,1,2,2,60
fb / bh8,fb25-1,熱銷建案一覽：遠雄全台預售屋、新建案、新成屋資訊,/case/search/,1,1,2,2,39
fb / bh8,fb26-1,熱銷建案一覽：遠雄全台預售屋、新建案、新成屋資訊,/case/search/,1,1,1,1,26
fgr-line / eh6,20260210,(not set),(not set),1,1,0,0,0
fb / eh1,fbfanpage0116,熱銷建案一覽：遠雄全台預售屋、新建案、新成屋資訊,/case/search/,1,1,2,2,20
socialmedia / fh2,fbfh2info,熱銷建案一覽：遠雄全台預售屋、新建案、新成屋資訊,/case/search/,1,1,1,1,18
fb / bh7,fbpage,熱銷建案一覽：遠雄全台預售屋、新建案、新成屋資訊,/case/search/,1,1,3,3,40
fb / bh10,fbpost20262-6,熱銷建案一覽：遠雄全台預售屋、新建案、新成屋資訊,/case/search/,1,1,1,1,7
fb / eh6,form,熱銷建案一覽：遠雄全台預售屋、新建案、新成屋資訊,/case/search/,1,1,1,1,17
fb / eh1,formbutton,熱銷建案一覽：遠雄全台預售屋、新建案、新成屋資訊,/case/search/,1,1,4,4,45
google / cpc,gdn11-3,熱銷建案一覽：遠雄全台預售屋、新建案、新成屋資訊,/case/search/,1,1,1,1,1
google / cpc,gdn11-4,熱銷建案一覽：遠雄全台預售屋、新建案、新成屋資訊,/case/search/,1,1,3,3,47
web / fb2,googlemap,熱銷建案一覽：遠雄全台預售屋、新建案、新成屋資訊,/case/search/,1,1,1,1,18
fb_kol / fb_kol,h102,熱銷建案一覽：遠雄全台預售屋、新建案、新成屋資訊,/case/search/,1,1,1,1,13
fb / bh5,leads,熱銷建案一覽：遠雄全台預售屋、新建案、新成屋資訊,/case/search/,1,1,5,5,16
fb / dh2,leads,熱銷建案一覽：遠雄全台預售屋、新建案、新成屋資訊,/case/search/,1,1,1,1,24
fb / fh2,leads,熱銷建案一覽：遠雄全台預售屋、新建案、新成屋資訊,/case/search/,1,1,2,2,40
fb / h713,leads,熱銷建案一覽：遠雄全台預售屋、新建案、新成屋資訊,/case/search/,1,1,2,2,17
leju / bh11,leju_buildingpage,熱銷建案一覽：遠雄全台預售屋、新建案、新成屋資訊,/case/search/,1,1,3,3,15
line / rsh1,line-lap1-4,熱銷建案一覽：遠雄全台預售屋、新建案、新成屋資訊,/case/search/,1,1,1,1,13
line-lap / fh2,line-lap12-3,熱銷建案一覽：遠雄全台預售屋、新建案、新成屋資訊,/case/search/,1,1,1,1,2
line / eh1,line0123,熱銷建案一覽：遠雄全台預售屋、新建案、新成屋資訊,/case/search/,1,1,2,2,7
fgr-line / eh2,listbutton,熱銷建案一覽：遠雄全台預售屋、新建案、新成屋資訊,/case/search/,1,1,1,1,1
google / cpc,newtaipei,熱銷建案一覽：遠雄全台預售屋、新建案、新成屋資訊,/case/search/,1,1,1,1,2
fb / eh5,park,熱銷建案一覽：遠雄全台預售屋、新建案、新成屋資訊,/case/search/,1,1,4,4,105
fgr-line / fgr,playlist=e93ee4e&video=3f91b6e,熱銷建案一覽：遠雄全台預售屋、新建案、新成屋資訊,/case/search/,1,1,2,2,50
gdn / o1,realhouse,熱銷建案一覽：遠雄全台預售屋、新建案、新成屋資訊,/case/search/,1,1,2,2,13
google_kw / bh10,taichung,熱銷建案一覽：遠雄全台預售屋、新建案、新成屋資訊,/case/search/,1,1,1,1,3
picsee-domain / referral,www.fgrealty.tw,熱銷建案一覽：遠雄全台預售屋、新建案、新成屋資訊,/case/search/,1,1,1,1,5
youtube / fgr,yt,熱銷建案一覽：遠雄全台預售屋、新建案、新成屋資訊,/case/search/,1,1,1,1,38
(not set),北投士林,熱銷建案一覽：遠雄全台預售屋、新建案、新成屋資訊,/case/search/,1,1,2,2,21
(not set),台南中西,熱銷建案一覽：遠雄全台預售屋、新建案、新成屋資訊,/case/search/,1,1,3,3,10
(not set),高雄鼓山,熱銷建案一覽：遠雄全台預售屋、新建案、新成屋資訊,/case/search/,1,1,0,0,0
(direct) / (none),(direct),熱銷建案一覽：遠雄全台預售屋、新建案、新成屋資訊,/case/search/building-category-tag/133/,1,1,1,1,0
(data not available),(cross-network),熱銷建案一覽：遠雄全台預售屋、新建案、新成屋資訊,/case/search/building-category-tag/134/,1,1,2,2,23
google / cpc,(not set),熱銷建案一覽：遠雄全台預售屋、新建案、新成屋資訊,/case/search/building-category-tag/134/,1,1,1,1,0
yahoo / organic,(organic),熱銷建案一覽：遠雄全台預售屋、新建案、新成屋資訊,/case/search/building-category-tag/134/,1,1,2,2,15
farglory.com.tw / referral,(referral),熱銷建案一覽：遠雄全台預售屋、新建案、新成屋資訊,/case/search/building-category-tag/134/,1,1,1,1,18
m.facebook.com / referral,(referral),熱銷建案一覽：遠雄全台預售屋、新建案、新成屋資訊,/case/search/building-category-tag/134/,1,1,1,1,16
ig / paid,120238552444900537,熱銷建案一覽：遠雄全台預售屋、新建案、新成屋資訊,/case/search/building-category-tag/134/,1,1,1,1,0
google_kw / 5vo1,202511,熱銷建案一覽：遠雄全台預售屋、新建案、新成屋資訊,/case/search/building-category-tag/134/,1,1,1,1,3
google / cpc,BH10-十四期區域字,熱銷建案一覽：遠雄全台預售屋、新建案、新成屋資訊,/case/search/building-category-tag/134/,1,1,1,1,4
google / cpc,BH10-競品字,熱銷建案一覽：遠雄全台預售屋、新建案、新成屋資訊,/case/search/building-category-tag/134/,1,1,3,3,17
sms / aep-cdp,CRM-001-D,熱銷建案一覽：遠雄全台預售屋、新建案、新成屋資訊,/case/search/building-category-tag/134/,1,1,1,1,0
google / cpc,RSH1-品牌字,熱銷建案一覽：遠雄全台預售屋、新建案、新成屋資訊,/case/search/building-category-tag/134/,1,1,1,1,11
fb / eh6,fb1-3,熱銷建案一覽：遠雄全台預售屋、新建案、新成屋資訊,/case/search/building-category-tag/134/,1,1,1,1,6
fb / bh8,fb25-1,熱銷建案一覽：遠雄全台預售屋、新建案、新成屋資訊,/case/search/building-category-tag/134/,1,1,1,1,0
fb / bh8,fb25-4,熱銷建案一覽：遠雄全台預售屋、新建案、新成屋資訊,/case/search/building-category-tag/134/,1,1,2,2,49
fb / eh5,fb31-1,熱銷建案一覽：遠雄全台預售屋、新建案、新成屋資訊,/case/search/building-category-tag/134/,1,1,1,1,0
fb / ar1,fb7-2,熱銷建案一覽：遠雄全台預售屋、新建案、新成屋資訊,/case/search/building-category-tag/134/,1,1,1,1,0
googlemap / o1,googlemap,熱銷建案一覽：遠雄全台預售屋、新建案、新成屋資訊,/case/search/building-category-tag/134/,1,1,1,1,38
fb / bh8,leads,熱銷建案一覽：遠雄全台預售屋、新建案、新成屋資訊,/case/search/building-category-tag/134/,1,1,1,1,17
line-fgr / bh7,linefgrbh7,熱銷建案一覽：遠雄全台預售屋、新建案、新成屋資訊,/case/search/building-category-tag/134/,1,1,1,1,4
fgr-line / eh2,listbutton,熱銷建案一覽：遠雄全台預售屋、新建案、新成屋資訊,/case/search/building-category-tag/134/,1,1,0,0,1
fb / eh5,park,熱銷建案一覽：遠雄全台預售屋、新建案、新成屋資訊,/case/search/building-category-tag/134/,1,1,1,1,28
bing / organic,(organic),熱銷建案一覽：遠雄全台預售屋、新建案、新成屋資訊,/case/search/building-category-tag/134/page/2/,1,1,2,2,29
google / cpc,(organic),熱銷建案一覽：遠雄全台預售屋、新建案、新成屋資訊,/case/search/building-category-tag/134/page/2/,1,1,1,1,7
mkto-sn070013.com / referral,(referral),熱銷建案一覽：遠雄全台預售屋、新建案、新成屋資訊,/case/search/building-category-tag/134/page/2/,1,1,1,1,19
(direct) / (none),(direct),熱銷建案一覽：遠雄全台預售屋、新建案、新成屋資訊,/case/search/building-category-tag/134/page/3/,1,1,1,1,10
google / cpc,(organic),熱銷建案一覽：遠雄全台預售屋、新建案、新成屋資訊,/case/search/building-category-tag/134/page/3/,1,1,1,1,8
google / cpc,(organic),熱銷建案一覽：遠雄全台預售屋、新建案、新成屋資訊,/case/search/building-category-tag/134/page/4/,1,1,1,1,10
google / cpc,(organic),熱銷建案一覽：遠雄全台預售屋、新建案、新成屋資訊,/case/search/building-category-tag/134/page/5/,1,1,1,1,7
google_kw / 5vo1,202511,"Een overzicht van de bestverkochte woningprojecten: informatie over de voorverkoop, nieuwbouw en opgeleverde woningen van Farglory Group in heel Taiwan.",/case/search/building-category-tag/135/,1,1,0,0,18
mkto-sn070013.com / referral,(referral),熱銷建案一覽：遠雄全台預售屋、新建案、新成屋資訊,/case/search/building-category-tag/135/,1,1,1,1,2
fb / o1,20250422_23-1,熱銷建案一覽：遠雄全台預售屋、新建案、新成屋資訊,/case/search/building-category-tag/135/,1,1,1,1,0
google_kw / 5vo1,202511,熱銷建案一覽：遠雄全台預售屋、新建案、新成屋資訊,/case/search/building-category-tag/135/,1,1,2,2,15
fb / h707,40,熱銷建案一覽：遠雄全台預售屋、新建案、新成屋資訊,/case/search/building-category-tag/135/,1,1,1,1,15
google / cpc,O1_地區字_2025.0801,熱銷建案一覽：遠雄全台預售屋、新建案、新成屋資訊,/case/search/building-category-tag/135/,1,1,1,1,28
googlemap / o1,googlemap,熱銷建案一覽：遠雄全台預售屋、新建案、新成屋資訊,/case/search/building-category-tag/135/,1,1,1,1,6
google / organic,(organic),熱銷建案一覽：遠雄全台預售屋、新建案、新成屋資訊,/case/search/building-category-tag/1601/,1,1,2,2,3
google / cpc,(organic),(1) 封未讀訊息 | 熱銷建案一覽：遠雄全台預售屋、新建案、新成屋資訊,/case/search/page/2/,1,1,0,0,13
(direct) / (none),(direct),(3) 封未讀訊息 | 熱銷建案一覽：遠雄全台預售屋、新建案、新成屋資訊,/case/search/page/2/,1,1,0,0,19
google_kw / 5vo1,202511,"Een overzicht van de bestverkochte woningprojecten: informatie over de voorverkoop, nieuwbouw en opgeleverde woningen van Farglory Group in heel Taiwan.",/case/search/page/2/,1,1,0,0,20
(direct) / (none),(direct),"List of hot-selling construction projects: Farglory pre-sale houses, new projects, and new existing house information in Taiwan",/case/search/page/2/,1,1,1,1,2
(data not available),(cross-network),熱銷建案一覽：遠雄全台預售屋、新建案、新成屋資訊,/case/search/page/2/,1,1,1,1,7
console-v2.omnichat.ai / referral,(referral),熱銷建案一覽：遠雄全台預售屋、新建案、新成屋資訊,/case/search/page/2/,1,1,1,1,2
m.facebook.com / referral,(referral),熱銷建案一覽：遠雄全台預售屋、新建案、新成屋資訊,/case/search/page/2/,1,1,1,1,20
fb / hm2,0209,熱銷建案一覽：遠雄全台預售屋、新建案、新成屋資訊,/case/search/page/2/,1,1,1,1,3
fb / bh7,12,熱銷建案一覽：遠雄全台預售屋、新建案、新成屋資訊,/case/search/page/2/,1,1,1,1,129
fb / O1,120227538157820464,熱銷建案一覽：遠雄全台預售屋、新建案、新成屋資訊,/case/search/page/2/,1,1,1,1,2
ig / paid,120229456515280138,熱銷建案一覽：遠雄全台預售屋、新建案、新成屋資訊,/case/search/page/2/,1,1,1,1,4
webnews / eh3,20230619,熱銷建案一覽：遠雄全台預售屋、新建案、新成屋資訊,/case/search/page/2/,1,1,1,1,0
google_kw / BH8,20240816_台中高價建案,熱銷建案一覽：遠雄全台預售屋、新建案、新成屋資訊,/case/search/page/2/,1,1,2,2,9
google_kw / BH8,20240816_透天/豪宅/別墅,熱銷建案一覽：遠雄全台預售屋、新建案、新成屋資訊,/case/search/page/2/,1,1,2,2,16
web-ettoday / O1,20240912,熱銷建案一覽：遠雄全台預售屋、新建案、新成屋資訊,/case/search/page/2/,1,1,1,1,5
fb / o1,20250422_23-1,熱銷建案一覽：遠雄全台預售屋、新建案、新成屋資訊,/case/search/page/2/,1,1,1,1,0
google / cpc,20250616_品牌字,熱銷建案一覽：遠雄全台預售屋、新建案、新成屋資訊,/case/search/page/2/,1,1,1,1,7
(not set),20251209一輪播,熱銷建案一覽：遠雄全台預售屋、新建案、新成屋資訊,/case/search/page/2/,1,1,3,3,4
line / bh11,20260206-2-4,熱銷建案一覽：遠雄全台預售屋、新建案、新成屋資訊,/case/search/page/2/,1,1,1,1,16
line-lap / ar1,20260210-7-2,熱銷建案一覽：遠雄全台預售屋、新建案、新成屋資訊,/case/search/page/2/,1,1,1,1,18
fb / bh9,39,熱銷建案一覽：遠雄全台預售屋、新建案、新成屋資訊,/case/search/page/2/,1,1,1,1,1
fb / h707,40,熱銷建案一覽：遠雄全台預售屋、新建案、新成屋資訊,/case/search/page/2/,1,1,2,2,15
google / cpc,BH10-台中區域字,熱銷建案一覽：遠雄全台預售屋、新建案、新成屋資訊,/case/search/page/2/,1,1,1,1,12
google / cpc,BH10-品牌字,熱銷建案一覽：遠雄全台預售屋、新建案、新成屋資訊,/case/search/page/2/,1,1,1,1,19
google / cpc,CQH1-買房字,熱銷建案一覽：遠雄全台預售屋、新建案、新成屋資訊,/case/search/page/2/,1,1,2,2,8
google / cpc,DGM1-品牌字,熱銷建案一覽：遠雄全台預售屋、新建案、新成屋資訊,/case/search/page/2/,1,1,2,2,4
google / cpc,O1_品牌字_2025.0801,熱銷建案一覽：遠雄全台預售屋、新建案、新成屋資訊,/case/search/page/2/,1,1,1,1,5
google / cpc,O1_地區字_2025.0801,熱銷建案一覽：遠雄全台預售屋、新建案、新成屋資訊,/case/search/page/2/,1,1,1,1,10
google / cpc,Otherarea0829,熱銷建案一覽：遠雄全台預售屋、新建案、新成屋資訊,/case/search/page/2/,1,1,1,1,0
google / cpc,RSH1-買房字,熱銷建案一覽：遠雄全台預售屋、新建案、新成屋資訊,/case/search/page/2/,1,1,1,1,22
google / cpc,banqiao.townhouse,熱銷建案一覽：遠雄全台預售屋、新建案、新成屋資訊,/case/search/page/2/,1,1,1,1,1
google_kw / rsh1,brand,熱銷建案一覽：遠雄全台預售屋、新建案、新成屋資訊,/case/search/page/2/,1,1,1,1,16
fb / dh2,fb-50,熱銷建案一覽：遠雄全台預售屋、新建案、新成屋資訊,/case/search/page/2/,1,1,1,1,39
fb / eh6,fb1-1,熱銷建案一覽：遠雄全台預售屋、新建案、新成屋資訊,/case/search/page/2/,1,1,1,1,21
fb / fh2,fb12-2,熱銷建案一覽：遠雄全台預售屋、新建案、新成屋資訊,/case/search/page/2/,1,1,1,1,25
fb / eh2,fb13-4,熱銷建案一覽：遠雄全台預售屋、新建案、新成屋資訊,/case/search/page/2/,1,1,3,3,9
fb / bh8,fb25-4,熱銷建案一覽：遠雄全台預售屋、新建案、新成屋資訊,/case/search/page/2/,1,1,3,3,17
fb / bh10,fbearlybird_form,熱銷建案一覽：遠雄全台預售屋、新建案、新成屋資訊,/case/search/page/2/,1,1,1,1,0
socialmedia / fh2,fbfh2info,熱銷建案一覽：遠雄全台預售屋、新建案、新成屋資訊,/case/search/page/2/,1,1,1,1,6
fb / bh7,fbpage,熱銷建案一覽：遠雄全台預售屋、新建案、新成屋資訊,/case/search/page/2/,1,1,1,1,13
fb / eh1,formbutton,熱銷建案一覽：遠雄全台預售屋、新建案、新成屋資訊,/case/search/page/2/,1,1,1,1,2
google / cpc,gdn-1,熱銷建案一覽：遠雄全台預售屋、新建案、新成屋資訊,/case/search/page/2/,1,1,1,1,17
google / cpc,gdn-3,熱銷建案一覽：遠雄全台預售屋、新建案、新成屋資訊,/case/search/page/2/,1,1,1,1,23
google / cpc,gdn11-4,熱銷建案一覽：遠雄全台預售屋、新建案、新成屋資訊,/case/search/page/2/,1,1,3,3,18
google_kw / ah1,googlemap,熱銷建案一覽：遠雄全台預售屋、新建案、新成屋資訊,/case/search/page/2/,1,1,1,1,7
googlemap / o1,googlemap,熱銷建案一覽：遠雄全台預售屋、新建案、新成屋資訊,/case/search/page/2/,1,1,1,1,4
web / fb2,googlemap,熱銷建案一覽：遠雄全台預售屋、新建案、新成屋資訊,/case/search/page/2/,1,1,1,1,0
web / bh6,googlemap2,熱銷建案一覽：遠雄全台預售屋、新建案、新成屋資訊,/case/search/page/2/,1,1,0,0,0
fb_kol / fb_kol,h102,熱銷建案一覽：遠雄全台預售屋、新建案、新成屋資訊,/case/search/page/2/,1,1,1,1,2
fb / fh2,leads,熱銷建案一覽：遠雄全台預售屋、新建案、新成屋資訊,/case/search/page/2/,1,1,1,1,26
leju / bh11,leju_buildingpage,熱銷建案一覽：遠雄全台預售屋、新建案、新成屋資訊,/case/search/page/2/,1,1,5,5,17
line-lap / fh2,line-lap12-2,熱銷建案一覽：遠雄全台預售屋、新建案、新成屋資訊,/case/search/page/2/,1,1,1,1,4
line-fgr / bh7,linefgrbh7,熱銷建案一覽：遠雄全台預售屋、新建案、新成屋資訊,/case/search/page/2/,1,1,1,1,27
google / cpc,othercities_brand,熱銷建案一覽：遠雄全台預售屋、新建案、新成屋資訊,/case/search/page/2/,1,1,1,1,4
fgr-line / fgr,playlist=e93ee4e&video=3f91b6e,熱銷建案一覽：遠雄全台預售屋、新建案、新成屋資訊,/case/search/page/2/,1,1,1,1,3
google / cpc,pmax,熱銷建案一覽：遠雄全台預售屋、新建案、新成屋資訊,/case/search/page/2/,1,1,1,1,0
(not set),北投士林,熱銷建案一覽：遠雄全台預售屋、新建案、新成屋資訊,/case/search/page/2/,1,1,2,2,5
(not set),台南中西,熱銷建案一覽：遠雄全台預售屋、新建案、新成屋資訊,/case/search/page/2/,1,1,1,1,5
google_kw / 5vo1,202511,"Een overzicht van de bestverkochte woningprojecten: informatie over de voorverkoop, nieuwbouw en opgeleverde woningen van Farglory Group in heel Taiwan.",/case/search/page/3/,1,1,0,0,36
google / cpc,(not set),熱銷建案一覽：遠雄全台預售屋、新建案、新成屋資訊,/case/search/page/3/,1,1,2,2,14
google_kw / h713,(organic),熱銷建案一覽：遠雄全台預售屋、新建案、新成屋資訊,/case/search/page/3/,1,1,5,5,3
mkto-sn070013.com / referral,(referral),熱銷建案一覽：遠雄全台預售屋、新建案、新成屋資訊,/case/search/page/3/,1,1,1,1,20
ig / paid,120238830796500617,熱銷建案一覽：遠雄全台預售屋、新建案、新成屋資訊,/case/search/page/3/,1,1,1,1,4
web-ettoday / O1,20240912,熱銷建案一覽：遠雄全台預售屋、新建案、新成屋資訊,/case/search/page/3/,1,1,1,1,0
google / cpc,20250616_品牌字,熱銷建案一覽：遠雄全台預售屋、新建案、新成屋資訊,/case/search/page/3/,1,1,1,1,8
(not set),20251209一輪播,熱銷建案一覽：遠雄全台預售屋、新建案、新成屋資訊,/case/search/page/3/,1,1,2,2,8
(not set),20260213一輪播,熱銷建案一覽：遠雄全台預售屋、新建案、新成屋資訊,/case/search/page/3/,1,1,1,1,4
google / cpc,RSH1-買房字,熱銷建案一覽：遠雄全台預售屋、新建案、新成屋資訊,/case/search/page/3/,1,1,1,1,24
socialmedia / fgr,fb,熱銷建案一覽：遠雄全台預售屋、新建案、新成屋資訊,/case/search/page/3/,1,1,1,1,5
fb / fh2,fb12-2,熱銷建案一覽：遠雄全台預售屋、新建案、新成屋資訊,/case/search/page/3/,1,1,3,3,15
socialmedia / fh2,fbfh2info,熱銷建案一覽：遠雄全台預售屋、新建案、新成屋資訊,/case/search/page/3/,1,1,1,1,2
google / cpc,gdn-1,熱銷建案一覽：遠雄全台預售屋、新建案、新成屋資訊,/case/search/page/3/,1,1,1,1,4
google / cpc,gdn-3,熱銷建案一覽：遠雄全台預售屋、新建案、新成屋資訊,/case/search/page/3/,1,1,1,1,0
google / cpc,gdn11-4,熱銷建案一覽：遠雄全台預售屋、新建案、新成屋資訊,/case/search/page/3/,1,1,2,2,11
fb_kol / fb_kol,h102,熱銷建案一覽：遠雄全台預售屋、新建案、新成屋資訊,/case/search/page/3/,1,1,1,1,2
(not set),北投士林,熱銷建案一覽：遠雄全台預售屋、新建案、新成屋資訊,/case/search/page/3/,1,1,2,2,5
google / cpc,(not set),熱銷建案一覽：遠雄全台預售屋、新建案、新成屋資訊,/case/search/page/4/,1,1,1,1,5
bing / organic,(organic),熱銷建案一覽：遠雄全台預售屋、新建案、新成屋資訊,/case/search/page/4/,1,1,1,1,9
dogreat.com.tw / referral,(referral),熱銷建案一覽：遠雄全台預售屋、新建案、新成屋資訊,/case/search/page/4/,1,1,2,2,14
mkto-sn070013.com / referral,(referral),熱銷建案一覽：遠雄全台預售屋、新建案、新成屋資訊,/case/search/page/4/,1,1,1,1,25
google / cpc,20250616_品牌字,熱銷建案一覽：遠雄全台預售屋、新建案、新成屋資訊,/case/search/page/4/,1,1,1,1,6
(not set),20251209一輪播,熱銷建案一覽：遠雄全台預售屋、新建案、新成屋資訊,/case/search/page/4/,1,1,2,2,10
(not set),20260213一輪播,熱銷建案一覽：遠雄全台預售屋、新建案、新成屋資訊,/case/search/page/4/,1,1,1,1,4
google / cpc,RSH1-買房字,熱銷建案一覽：遠雄全台預售屋、新建案、新成屋資訊,/case/search/page/4/,1,1,1,1,24
socialmedia / fgr,fb,熱銷建案一覽：遠雄全台預售屋、新建案、新成屋資訊,/case/search/page/4/,1,1,1,1,12
fb / fh2,fb12-2,熱銷建案一覽：遠雄全台預售屋、新建案、新成屋資訊,/case/search/page/4/,1,1,1,1,19
socialmedia / fh2,fbfh2info,熱銷建案一覽：遠雄全台預售屋、新建案、新成屋資訊,/case/search/page/4/,1,1,1,1,4
google / cpc,gdn-1,熱銷建案一覽：遠雄全台預售屋、新建案、新成屋資訊,/case/search/page/4/,1,1,1,1,7
google / cpc,gdn11-4,熱銷建案一覽：遠雄全台預售屋、新建案、新成屋資訊,/case/search/page/4/,1,1,2,2,10
google / cpc,(not set),熱銷建案一覽：遠雄全台預售屋、新建案、新成屋資訊,/case/search/page/5/,1,1,3,3,18
bing / organic,(organic),熱銷建案一覽：遠雄全台預售屋、新建案、新成屋資訊,/case/search/page/5/,1,1,1,1,4
dogreat.com.tw / referral,(referral),熱銷建案一覽：遠雄全台預售屋、新建案、新成屋資訊,/case/search/page/5/,1,1,2,2,14
farglory-land.com.tw / referral,(referral),熱銷建案一覽：遠雄全台預售屋、新建案、新成屋資訊,/case/search/page/5/,1,1,1,1,32
mkto-sn070013.com / referral,(referral),熱銷建案一覽：遠雄全台預售屋、新建案、新成屋資訊,/case/search/page/5/,1,1,1,1,22
tagassistant.google.com / referral,(referral),熱銷建案一覽：遠雄全台預售屋、新建案、新成屋資訊,/case/search/page/5/,1,1,1,1,3
google / cpc,20250616_品牌字,熱銷建案一覽：遠雄全台預售屋、新建案、新成屋資訊,/case/search/page/5/,1,1,1,1,5
google / cpc,202511,熱銷建案一覽：遠雄全台預售屋、新建案、新成屋資訊,/case/search/page/5/,1,1,1,1,8
(not set),20251209一輪播,熱銷建案一覽：遠雄全台預售屋、新建案、新成屋資訊,/case/search/page/5/,1,1,4,4,23
(not set),20251230一輪播,熱銷建案一覽：遠雄全台預售屋、新建案、新成屋資訊,/case/search/page/5/,1,1,1,1,10
webnews / h707,20260116,熱銷建案一覽：遠雄全台預售屋、新建案、新成屋資訊,/case/search/page/5/,1,1,1,1,6
sms / aep-cdp,CRM-001-D,熱銷建案一覽：遠雄全台預售屋、新建案、新成屋資訊,/case/search/page/5/,1,1,1,1,8
google / cpc,RSH1-買房字,熱銷建案一覽：遠雄全台預售屋、新建案、新成屋資訊,/case/search/page/5/,1,1,1,1,14
socialmedia / fgr,fb,熱銷建案一覽：遠雄全台預售屋、新建案、新成屋資訊,/case/search/page/5/,1,1,1,1,4
fb / fh2,fb12-2,熱銷建案一覽：遠雄全台預售屋、新建案、新成屋資訊,/case/search/page/5/,1,1,3,3,45
google / cpc,gdn-1,熱銷建案一覽：遠雄全台預售屋、新建案、新成屋資訊,/case/search/page/5/,1,1,1,1,12
google / cpc,gdn11-4,熱銷建案一覽：遠雄全台預售屋、新建案、新成屋資訊,/case/search/page/5/,1,1,1,1,16
youtube / fgr,yt,熱銷建案一覽：遠雄全台預售屋、新建案、新成屋資訊,/case/search/page/5/,1,1,1,1,11
google / cpc,(not set),熱銷建案一覽：遠雄全台預售屋、新建案、新成屋資訊,/case/search/page/6/,1,1,1,1,12
google / cpc,(organic),熱銷建案一覽：遠雄全台預售屋、新建案、新成屋資訊,/case/search/page/6/,1,1,2,2,19
dogreat.com.tw / referral,(referral),熱銷建案一覽：遠雄全台預售屋、新建案、新成屋資訊,/case/search/page/6/,1,1,1,1,3
mkto-sn070013.com / referral,(referral),熱銷建案一覽：遠雄全台預售屋、新建案、新成屋資訊,/case/search/page/6/,1,1,1,1,19
tagassistant.google.com / referral,(referral),熱銷建案一覽：遠雄全台預售屋、新建案、新成屋資訊,/case/search/page/6/,1,1,1,1,5
google / cpc,20250616_品牌字,熱銷建案一覽：遠雄全台預售屋、新建案、新成屋資訊,/case/search/page/6/,1,1,1,1,12
google / cpc,202511,熱銷建案一覽：遠雄全台預售屋、新建案、新成屋資訊,/case/search/page/6/,1,1,1,1,4
(not set),20251209一輪播,熱銷建案一覽：遠雄全台預售屋、新建案、新成屋資訊,/case/search/page/6/,1,1,2,2,21
(not set),20251230一輪播,熱銷建案一覽：遠雄全台預售屋、新建案、新成屋資訊,/case/search/page/6/,1,1,1,1,11
web-ettoday / fm3,20260116,熱銷建案一覽：遠雄全台預售屋、新建案、新成屋資訊,/case/search/page/6/,1,1,1,1,9
google / cpc,RSH1-買房字,熱銷建案一覽：遠雄全台預售屋、新建案、新成屋資訊,/case/search/page/6/,1,1,1,1,3
socialmedia / fgr,fb,熱銷建案一覽：遠雄全台預售屋、新建案、新成屋資訊,/case/search/page/6/,1,1,1,1,3
fb / fh2,fb12-2,熱銷建案一覽：遠雄全台預售屋、新建案、新成屋資訊,/case/search/page/6/,1,1,1,1,17
youtube / fgr,yt,熱銷建案一覽：遠雄全台預售屋、新建案、新成屋資訊,/case/search/page/6/,1,1,1,1,8
fb / bh10,fbearlybird_form,(1) 封未讀訊息 | 熱銷建案一覽：遠雄全台預售屋、新建案、新成屋資訊,/case/search/sales_status/almost-sold-out/,1,1,0,0,46
(direct) / (none),(direct),熱銷建案一覽：遠雄全台預售屋、新建案、新成屋資訊,/case/search/sales_status/almost-sold-out/,1,1,1,1,13
fb / bh10,fbearlybird_form,熱銷建案一覽：遠雄全台預售屋、新建案、新成屋資訊,/case/search/sales_status/almost-sold-out/,1,1,1,1,0
line / bh5,(not set),熱銷建案一覽：遠雄全台預售屋、新建案、新成屋資訊,/case/search/sales_status/coming-soon/,1,1,1,1,13
m.facebook.com / referral,(referral),熱銷建案一覽：遠雄全台預售屋、新建案、新成屋資訊,/case/search/sales_status/coming-soon/,1,1,6,6,113
fb / bh11,11-3,熱銷建案一覽：遠雄全台預售屋、新建案、新成屋資訊,/case/search/sales_status/coming-soon/,1,1,2,2,18
fb / paid,120229486716970138,熱銷建案一覽：遠雄全台預售屋、新建案、新成屋資訊,/case/search/sales_status/coming-soon/,1,1,1,1,16
fb / paid,120238384775810537,熱銷建案一覽：遠雄全台預售屋、新建案、新成屋資訊,/case/search/sales_status/coming-soon/,1,1,2,2,64
google / cpc,20250616_北投士林豪宅/別墅,熱銷建案一覽：遠雄全台預售屋、新建案、新成屋資訊,/case/search/sales_status/coming-soon/,1,1,1,1,12
google / cpc,20250616_品牌字,熱銷建案一覽：遠雄全台預售屋、新建案、新成屋資訊,/case/search/sales_status/coming-soon/,1,1,3,3,48
google / cpc,20250616_房地產投資,熱銷建案一覽：遠雄全台預售屋、新建案、新成屋資訊,/case/search/sales_status/coming-soon/,1,1,2,2,82
google / cpc,202601,熱銷建案一覽：遠雄全台預售屋、新建案、新成屋資訊,/case/search/sales_status/coming-soon/,1,1,1,1,10
line / bh11,20260113-12-3,熱銷建案一覽：遠雄全台預售屋、新建案、新成屋資訊,/case/search/sales_status/coming-soon/,1,1,3,3,32
line / bh11,20260113-12-4,熱銷建案一覽：遠雄全台預售屋、新建案、新成屋資訊,/case/search/sales_status/coming-soon/,1,1,1,1,20
line-lap / eh2,20260204B,熱銷建案一覽：遠雄全台預售屋、新建案、新成屋資訊,/case/search/sales_status/coming-soon/,1,1,1,1,21
google / cpc,20260206-2-4,熱銷建案一覽：遠雄全台預售屋、新建案、新成屋資訊,/case/search/sales_status/coming-soon/,1,1,1,1,7
fgr-line / dh2,20260210,熱銷建案一覽：遠雄全台預售屋、新建案、新成屋資訊,/case/search/sales_status/coming-soon/,1,1,1,1,45
fgr-line / bh7,20260213一輪播,熱銷建案一覽：遠雄全台預售屋、新建案、新成屋資訊,/case/search/sales_status/coming-soon/,1,1,0,0,0
google / cpc,20260213一輪播,熱銷建案一覽：遠雄全台預售屋、新建案、新成屋資訊,/case/search/sales_status/coming-soon/,1,1,2,2,20
fgr-line / bh7,20260220,熱銷建案一覽：遠雄全台預售屋、新建案、新成屋資訊,/case/search/sales_status/coming-soon/,1,1,4,4,113
fgr-line / eh6,20260220,熱銷建案一覽：遠雄全台預售屋、新建案、新成屋資訊,/case/search/sales_status/coming-soon/,1,1,1,1,13
fb / bh7,9,熱銷建案一覽：遠雄全台預售屋、新建案、新成屋資訊,/case/search/sales_status/coming-soon/,1,1,1,1,11
google / cpc,Otherarea0829,熱銷建案一覽：遠雄全台預售屋、新建案、新成屋資訊,/case/search/sales_status/coming-soon/,1,1,1,1,13
google / cpc,RSH1-地區字,熱銷建案一覽：遠雄全台預售屋、新建案、新成屋資訊,/case/search/sales_status/coming-soon/,1,1,2,2,17
google / cpc,RSH1-地區字新北,熱銷建案一覽：遠雄全台預售屋、新建案、新成屋資訊,/case/search/sales_status/coming-soon/,1,1,1,1,4
google / cpc,RSH1-競品字,熱銷建案一覽：遠雄全台預售屋、新建案、新成屋資訊,/case/search/sales_status/coming-soon/,1,1,2,2,44
pmp / ah1,avivid-2,熱銷建案一覽：遠雄全台預售屋、新建案、新成屋資訊,/case/search/sales_status/coming-soon/,1,1,1,1,7
google / cpc,banqiao,熱銷建案一覽：遠雄全台預售屋、新建案、新成屋資訊,/case/search/sales_status/coming-soon/,1,1,1,1,8
fb / eh6,fb1-3,熱銷建案一覽：遠雄全台預售屋、新建案、新成屋資訊,/case/search/sales_status/coming-soon/,1,1,1,1,1
fb / rsh1,fb1-5,熱銷建案一覽：遠雄全台預售屋、新建案、新成屋資訊,/case/search/sales_status/coming-soon/,1,1,1,1,21
fb / eh2,fb13-2,熱銷建案一覽：遠雄全台預售屋、新建案、新成屋資訊,/case/search/sales_status/coming-soon/,1,1,1,1,13
fb / eh2,fb13-4,熱銷建案一覽：遠雄全台預售屋、新建案、新成屋資訊,/case/search/sales_status/coming-soon/,1,1,1,1,13
fb / eh6,fb2-3,熱銷建案一覽：遠雄全台預售屋、新建案、新成屋資訊,/case/search/sales_status/coming-soon/,1,1,1,1,15
fb / eh5,fb31-1,熱銷建案一覽：遠雄全台預售屋、新建案、新成屋資訊,/case/search/sales_status/coming-soon/,1,1,2,2,0
fb / ar1,fb7-2,熱銷建案一覽：遠雄全台預售屋、新建案、新成屋資訊,/case/search/sales_status/coming-soon/,1,1,1,1,5
fb / bh10,fbearlybird_form,熱銷建案一覽：遠雄全台預售屋、新建案、新成屋資訊,/case/search/sales_status/coming-soon/,1,1,1,1,0
socialmedia / eh6,fbeh6info,熱銷建案一覽：遠雄全台預售屋、新建案、新成屋資訊,/case/search/sales_status/coming-soon/,1,1,1,1,2
fb / eh6,form,熱銷建案一覽：遠雄全台預售屋、新建案、新成屋資訊,/case/search/sales_status/coming-soon/,1,1,1,1,29
fb / eh1,formbutton,熱銷建案一覽：遠雄全台預售屋、新建案、新成屋資訊,/case/search/sales_status/coming-soon/,1,1,1,1,6
google / cpc,gdn,熱銷建案一覽：遠雄全台預售屋、新建案、新成屋資訊,/case/search/sales_status/coming-soon/,1,1,1,1,14
google / cpc,gdn-1,熱銷建案一覽：遠雄全台預售屋、新建案、新成屋資訊,/case/search/sales_status/coming-soon/,1,1,1,1,16
google_kw / ah1,googlemap,熱銷建案一覽：遠雄全台預售屋、新建案、新成屋資訊,/case/search/sales_status/coming-soon/,1,1,1,1,5
ig / social,ig,熱銷建案一覽：遠雄全台預售屋、新建案、新成屋資訊,/case/search/sales_status/coming-soon/,1,1,1,1,18
fb / bh8,leads,熱銷建案一覽：遠雄全台預售屋、新建案、新成屋資訊,/case/search/sales_status/coming-soon/,1,1,2,2,27
fb / eh2,leads,熱銷建案一覽：遠雄全台預售屋、新建案、新成屋資訊,/case/search/sales_status/coming-soon/,1,1,1,1,8
google / cpc,type,熱銷建案一覽：遠雄全台預售屋、新建案、新成屋資訊,/case/search/sales_status/coming-soon/,1,1,1,1,9
(direct) / (none),(direct),熱銷建案一覽：遠雄全台預售屋、新建案、新成屋資訊,/case/search/sales_status/coming-soon/page/2/,1,1,1,1,7
bing / organic,(organic),熱銷建案一覽：遠雄全台預售屋、新建案、新成屋資訊,/case/search/sales_status/coming-soon/page/2/,1,1,1,1,15
google / cpc,(organic),熱銷建案一覽：遠雄全台預售屋、新建案、新成屋資訊,/case/search/sales_status/coming-soon/page/2/,1,1,1,1,11
fb / paid,120238384775810537,熱銷建案一覽：遠雄全台預售屋、新建案、新成屋資訊,/case/search/sales_status/coming-soon/page/2/,1,1,1,1,26
google / cpc,20250616_品牌字,熱銷建案一覽：遠雄全台預售屋、新建案、新成屋資訊,/case/search/sales_status/coming-soon/page/2/,1,1,1,1,8
fgr-line / dh2,20260210,熱銷建案一覽：遠雄全台預售屋、新建案、新成屋資訊,/case/search/sales_status/coming-soon/page/2/,1,1,1,1,60
google / cpc,area,熱銷建案一覽：遠雄全台預售屋、新建案、新成屋資訊,/case/search/sales_status/coming-soon/page/2/,1,1,2,2,14
google / cpc,brand,熱銷建案一覽：遠雄全台預售屋、新建案、新成屋資訊,/case/search/sales_status/coming-soon/page/2/,1,1,4,4,96
fb / eh6,fb1-1,熱銷建案一覽：遠雄全台預售屋、新建案、新成屋資訊,/case/search/sales_status/coming-soon/page/2/,1,1,1,1,24
fb / eh5,fb31-1,熱銷建案一覽：遠雄全台預售屋、新建案、新成屋資訊,/case/search/sales_status/coming-soon/page/2/,1,1,1,1,29
line-lap / ah1,lap-1,熱銷建案一覽：遠雄全台預售屋、新建案、新成屋資訊,/case/search/sales_status/coming-soon/page/2/,1,1,1,1,58
line-lap / fh2,line-lap12-2,熱銷建案一覽：遠雄全台預售屋、新建案、新成屋資訊,/case/search/sales_status/coming-soon/page/2/,1,1,1,1,22
line-lap / fh2,line-lap12-3,熱銷建案一覽：遠雄全台預售屋、新建案、新成屋資訊,/case/search/sales_status/coming-soon/page/2/,1,1,2,2,21
google / cpc,(organic),熱銷建案一覽：遠雄全台預售屋、新建案、新成屋資訊,/case/search/sales_status/coming-soon/page/3/,1,1,1,1,13
google / organic,(organic),熱銷建案一覽：遠雄全台預售屋、新建案、新成屋資訊,/case/search/sales_status/coming-soon/page/3/,1,1,1,1,5
google / cpc,brand,熱銷建案一覽：遠雄全台預售屋、新建案、新成屋資訊,/case/search/sales_status/coming-soon/page/3/,1,1,2,2,41
fb / eh5,fb31-1,熱銷建案一覽：遠雄全台預售屋、新建案、新成屋資訊,/case/search/sales_status/coming-soon/page/3/,1,1,1,1,6
line-lap / ah1,lap-1,熱銷建案一覽：遠雄全台預售屋、新建案、新成屋資訊,/case/search/sales_status/coming-soon/page/3/,1,1,1,1,37
line-lap / fh2,line-lap12-2,熱銷建案一覽：遠雄全台預售屋、新建案、新成屋資訊,/case/search/sales_status/coming-soon/page/3/,1,1,1,1,4
line-lap / fh2,line-lap12-3,熱銷建案一覽：遠雄全台預售屋、新建案、新成屋資訊,/case/search/sales_status/coming-soon/page/3/,1,1,1,1,8
google / cpc,(organic),"A list of best-selling housing projects: Farglory Group's pre-sale, new construction, and completed housing information across Taiwan.",/case/search/sales_status/hot-sale/,1,1,1,1,19
google / cpc,BH10-台中區域字,"A list of best-selling housing projects: Farglory Group's pre-sale, new construction, and completed housing information across Taiwan.",/case/search/sales_status/hot-sale/,1,1,0,0,0
google_kw / bh10,taichung,"A list of best-selling housing projects: Farglory Group's pre-sale, new construction, and completed housing information across Taiwan.",/case/search/sales_status/hot-sale/,1,1,0,0,0
(not set),(not set),熱銷建案一覽：遠雄全台預售屋、新建案、新成屋資訊,/case/search/sales_status/hot-sale/,1,1,1,1,10
google_kw / dh2,(not set),熱銷建案一覽：遠雄全台預售屋、新建案、新成屋資訊,/case/search/sales_status/hot-sale/,1,1,1,1,17
line / bh5,(not set),熱銷建案一覽：遠雄全台預售屋、新建案、新成屋資訊,/case/search/sales_status/hot-sale/,1,1,1,1,5
bing / organic,(organic),熱銷建案一覽：遠雄全台預售屋、新建案、新成屋資訊,/case/search/sales_status/hot-sale/,1,1,3,3,47
mkto-sn070013.com / referral,(referral),熱銷建案一覽：遠雄全台預售屋、新建案、新成屋資訊,/case/search/sales_status/hot-sale/,1,1,3,3,36
fb / h707,1,熱銷建案一覽：遠雄全台預售屋、新建案、新成屋資訊,/case/search/sales_status/hot-sale/,1,1,1,1,1
fb / paid,120207082473750558,熱銷建案一覽：遠雄全台預售屋、新建案、新成屋資訊,/case/search/sales_status/hot-sale/,1,1,1,1,0
ig / paid,120222247205050066,熱銷建案一覽：遠雄全台預售屋、新建案、新成屋資訊,/case/search/sales_status/hot-sale/,1,1,2,2,18
ig / paid,120229456515280138,熱銷建案一覽：遠雄全台預售屋、新建案、新成屋資訊,/case/search/sales_status/hot-sale/,1,1,1,1,25
ig / paid,120232410691820316,熱銷建案一覽：遠雄全台預售屋、新建案、新成屋資訊,/case/search/sales_status/hot-sale/,1,1,1,1,0
google_kw / BH8,20240816_台中 建案,熱銷建案一覽：遠雄全台預售屋、新建案、新成屋資訊,/case/search/sales_status/hot-sale/,1,1,1,1,0
fb / hm2,20251102,熱銷建案一覽：遠雄全台預售屋、新建案、新成屋資訊,/case/search/sales_status/hot-sale/,1,1,1,1,10
(not set),20260213一輪播,熱銷建案一覽：遠雄全台預售屋、新建案、新成屋資訊,/case/search/sales_status/hot-sale/,1,1,1,1,0
fgr-line / ah1,20260220,熱銷建案一覽：遠雄全台預售屋、新建案、新成屋資訊,/case/search/sales_status/hot-sale/,1,1,1,1,3
fb / h707,40,熱銷建案一覽：遠雄全台預售屋、新建案、新成屋資訊,/case/search/sales_status/hot-sale/,1,1,1,1,5
fb / bh5,45,熱銷建案一覽：遠雄全台預售屋、新建案、新成屋資訊,/case/search/sales_status/hot-sale/,1,1,1,1,23
google / cpc,BH10-品牌字,熱銷建案一覽：遠雄全台預售屋、新建案、新成屋資訊,/case/search/sales_status/hot-sale/,1,1,2,2,7
sms / aep-cdp,CRM-001-D,熱銷建案一覽：遠雄全台預售屋、新建案、新成屋資訊,/case/search/sales_status/hot-sale/,1,1,1,1,22
google / cpc,O1_地區字_2025.0801,熱銷建案一覽：遠雄全台預售屋、新建案、新成屋資訊,/case/search/sales_status/hot-sale/,1,1,1,1,12
google / cpc,O1_競品字_2025.0801,熱銷建案一覽：遠雄全台預售屋、新建案、新成屋資訊,/case/search/sales_status/hot-sale/,1,1,1,1,4
google / cpc,Otherarea0829,熱銷建案一覽：遠雄全台預售屋、新建案、新成屋資訊,/case/search/sales_status/hot-sale/,1,1,1,1,15
google / cpc,Pmax,熱銷建案一覽：遠雄全台預售屋、新建案、新成屋資訊,/case/search/sales_status/hot-sale/,1,1,1,1,1
google / cpc,Qianzhen.Qianjin,熱銷建案一覽：遠雄全台預售屋、新建案、新成屋資訊,/case/search/sales_status/hot-sale/,1,1,1,1,14
google / cpc,area,熱銷建案一覽：遠雄全台預售屋、新建案、新成屋資訊,/case/search/sales_status/hot-sale/,1,1,1,1,15
google / cpc,brand,熱銷建案一覽：遠雄全台預售屋、新建案、新成屋資訊,/case/search/sales_status/hot-sale/,1,1,1,1,0
google / cpc,competitor,熱銷建案一覽：遠雄全台預售屋、新建案、新成屋資訊,/case/search/sales_status/hot-sale/,1,1,1,1,0
fb / ah1,fb-1,熱銷建案一覽：遠雄全台預售屋、新建案、新成屋資訊,/case/search/sales_status/hot-sale/,1,1,1,1,13
fb / cqh1,fb-26,熱銷建案一覽：遠雄全台預售屋、新建案、新成屋資訊,/case/search/sales_status/hot-sale/,1,1,1,1,0
fb / dh2,fb-49,熱銷建案一覽：遠雄全台預售屋、新建案、新成屋資訊,/case/search/sales_status/hot-sale/,1,1,1,1,24
fb / dh2,fb-50,熱銷建案一覽：遠雄全台預售屋、新建案、新成屋資訊,/case/search/sales_status/hot-sale/,1,1,1,1,3
fb / dh2,fb-53,熱銷建案一覽：遠雄全台預售屋、新建案、新成屋資訊,/case/search/sales_status/hot-sale/,1,1,1,1,8
fb / eh1,fb20262-2,熱銷建案一覽：遠雄全台預售屋、新建案、新成屋資訊,/case/search/sales_status/hot-sale/,1,1,1,1,12
fb / bh10,fbearlybird_form,熱銷建案一覽：遠雄全台預售屋、新建案、新成屋資訊,/case/search/sales_status/hot-sale/,1,1,2,2,27
google / cpc,gdn-2,熱銷建案一覽：遠雄全台預售屋、新建案、新成屋資訊,/case/search/sales_status/hot-sale/,1,1,1,1,24
google_kw / h707,googlemap,熱銷建案一覽：遠雄全台預售屋、新建案、新成屋資訊,/case/search/sales_status/hot-sale/,1,1,1,1,0
line-lap / ah1,lap-1,熱銷建案一覽：遠雄全台預售屋、新建案、新成屋資訊,/case/search/sales_status/hot-sale/,1,1,2,2,36
line-lap / ah1,lap-2,熱銷建案一覽：遠雄全台預售屋、新建案、新成屋資訊,/case/search/sales_status/hot-sale/,1,1,2,2,60
fb / bh5,leads,熱銷建案一覽：遠雄全台預售屋、新建案、新成屋資訊,/case/search/sales_status/hot-sale/,1,1,4,4,27
fb / dh2,leads,熱銷建案一覽：遠雄全台預售屋、新建案、新成屋資訊,/case/search/sales_status/hot-sale/,1,1,1,1,7
line-lap / bh10,line-lap202511-6,熱銷建案一覽：遠雄全台預售屋、新建案、新成屋資訊,/case/search/sales_status/hot-sale/,1,1,0,0,3
line / eh1,line0123,熱銷建案一覽：遠雄全台預售屋、新建案、新成屋資訊,/case/search/sales_status/hot-sale/,1,1,1,1,1
google / organic,(organic),熱銷建案一覽：遠雄全台預售屋、新建案、新成屋資訊,/case/search/sales_status/hot-sale/page/2/,1,1,2,2,23
fb / bh5,45,熱銷建案一覽：遠雄全台預售屋、新建案、新成屋資訊,/case/search/sales_status/hot-sale/page/2/,1,1,1,1,15
fb / ah1,fb-1,熱銷建案一覽：遠雄全台預售屋、新建案、新成屋資訊,/case/search/sales_status/hot-sale/page/2/,1,1,1,1,8
line-lap / ah1,lap-2,熱銷建案一覽：遠雄全台預售屋、新建案、新成屋資訊,/case/search/sales_status/hot-sale/page/2/,1,1,2,2,64
(direct) / (none),(direct),熱銷建案一覽：遠雄全台預售屋、新建案、新成屋資訊,/case/search/sales_status/hot-sale/page/3/,1,1,2,2,71
fb / ah1,fb-1,熱銷建案一覽：遠雄全台預售屋、新建案、新成屋資訊,/case/search/sales_status/hot-sale/page/3/,1,1,1,1,3
line-lap / ah1,lap-2,熱銷建案一覽：遠雄全台預售屋、新建案、新成屋資訊,/case/search/sales_status/hot-sale/page/3/,1,1,1,1,12
(direct) / (none),(direct),熱銷建案一覽：遠雄全台預售屋、新建案、新成屋資訊,/case/search/sales_status/sold-out/,1,1,1,1,8
google / cpc,DGM1-地區字,"Buyer Reviews: Farglory Development Projects, Pre-sale Homes - Farglory Real Estate",/case/wom_recommendation/,1,1,0,0,28
bing / organic,(organic),買主口碑推薦：遠雄建案、預售屋 -遠雄房地產,/case/wom_recommendation/,1,1,1,1,26
google / cpc,(organic),買主口碑推薦：遠雄建案、預售屋 -遠雄房地產,/case/wom_recommendation/,1,1,1,1,4
google_kw / h713,(organic),買主口碑推薦：遠雄建案、預售屋 -遠雄房地產,/case/wom_recommendation/,1,1,1,1,5
farglory-land.com.tw / referral,(referral),買主口碑推薦：遠雄建案、預售屋 -遠雄房地產,/case/wom_recommendation/,1,1,1,1,7
google / cpc,(referral),買主口碑推薦：遠雄建案、預售屋 -遠雄房地產,/case/wom_recommendation/,1,1,1,1,0
fb / hm2,0210,買主口碑推薦：遠雄建案、預售屋 -遠雄房地產,/case/wom_recommendation/,1,1,1,1,0
fb / o1,20250402_15-3,買主口碑推薦：遠雄建案、預售屋 -遠雄房地產,/case/wom_recommendation/,1,1,1,1,0
(not set),20251230一輪播,買主口碑推薦：遠雄建案、預售屋 -遠雄房地產,/case/wom_recommendation/,1,1,1,1,22
google / cpc,202602,買主口碑推薦：遠雄建案、預售屋 -遠雄房地產,/case/wom_recommendation/,1,1,1,1,3
google / cpc,DGM1-地區字,買主口碑推薦：遠雄建案、預售屋 -遠雄房地產,/case/wom_recommendation/,1,1,1,1,4
google / cpc,O1_競品字_2025.0801,買主口碑推薦：遠雄建案、預售屋 -遠雄房地產,/case/wom_recommendation/,1,1,1,1,0
google / cpc,brand,買主口碑推薦：遠雄建案、預售屋 -遠雄房地產,/case/wom_recommendation/,1,1,1,1,4
google / cpc,corearea0829,買主口碑推薦：遠雄建案、預售屋 -遠雄房地產,/case/wom_recommendation/,1,1,5,5,68
fb / dh2,fb-50,買主口碑推薦：遠雄建案、預售屋 -遠雄房地產,/case/wom_recommendation/,1,1,1,1,17
fb / eh6,fb1-4,買主口碑推薦：遠雄建案、預售屋 -遠雄房地產,/case/wom_recommendation/,1,1,1,1,0
fb / eh5,fb30-3,買主口碑推薦：遠雄建案、預售屋 -遠雄房地產,/case/wom_recommendation/,1,1,1,1,0
google / cpc,gdn-1,買主口碑推薦：遠雄建案、預售屋 -遠雄房地產,/case/wom_recommendation/,1,1,1,1,0
line-lap / ah1,lap-1,買主口碑推薦：遠雄建案、預售屋 -遠雄房地產,/case/wom_recommendation/,1,1,1,1,8
line-lap / bh10,line-lap20259-5,買主口碑推薦：遠雄建案、預售屋 -遠雄房地產,/case/wom_recommendation/,1,1,1,1,0
(direct) / (none),(direct),找不到頁面 - 遠雄房地產,/cms/print/3575,1,1,1,1,0
google / cpc,(organic),聯絡與服務 - 遠雄房地產,/contact_service/,1,1,1,1,2
google / organic,(organic),職涯發展-遠雄房地產,/contact_service/career_development/,1,1,1,1,15
bing / organic,(organic),聯絡我們 - 遠雄房地產,/contact_service/contact_us/,1,1,1,1,8
google / cpc,(organic),聯絡我們 - 遠雄房地產,/contact_service/contact_us/,1,1,1,1,0
farglory.com.tw / referral,(referral),聯絡我們 - 遠雄房地產,/contact_service/contact_us/,1,1,0,0,24
fb / hm2,0207,聯絡我們 - 遠雄房地產,/contact_service/contact_us/,1,1,1,1,0
(not set),20251230一輪播,聯絡我們 - 遠雄房地產,/contact_service/contact_us/,1,1,2,2,6
fb / 5vo1,260205,聯絡我們 - 遠雄房地產,/contact_service/contact_us/,1,1,1,1,0
google / cpc,Pmax,聯絡我們 - 遠雄房地產,/contact_service/contact_us/,1,1,1,1,11
google / cpc,gdn-1,聯絡我們 - 遠雄房地產,/contact_service/contact_us/,1,1,1,1,0
google / organic,(organic),聯絡我們送出成功 - 遠雄房地產,/contact_service/contact_us/聯絡我們送出成功/,1,1,1,1,0
google / cpc,(organic),加入遠雄 築夢齊飛！-遠雄房地產,/contact_service/join_farglory/,1,1,1,1,10
104.com.tw / referral,(referral),加入遠雄 築夢齊飛！-遠雄房地產,/contact_service/join_farglory/,1,1,1,1,33
(not set),20260213一輪播,加入遠雄 築夢齊飛！-遠雄房地產,/contact_service/join_farglory/,1,1,0,0,0
google / cpc,CQH1-買房字,加入遠雄 築夢齊飛！-遠雄房地產,/contact_service/join_farglory/,1,1,1,1,15
google / cpc,Pmax,加入遠雄 築夢齊飛！-遠雄房地產,/contact_service/join_farglory/,1,1,1,1,13
google / cpc,brand,加入遠雄 築夢齊飛！-遠雄房地產,/contact_service/join_farglory/,1,1,1,1,10
fb / eh6,privacy,加入遠雄 築夢齊飛！-遠雄房地產,/contact_service/join_farglory/,1,1,1,1,0
(direct) / (none),(direct),薪獎福利 - 遠雄房地產,/contact_service/salary_bonus_benefits/,1,1,1,1,5
(direct) / (none),(direct),遠雄夏沐-線上接待中心,/customer,1,1,1,1,0
webnews / h707,20260116,遠雄綠禾,/dh3/main,1,1,1,1,1
google / cpc,(organic),遠房好友電子報感謝頁 - 遠雄房地產,/edm_thank_you_page/,1,1,1,1,27
mkto-sn070013.com / referral,(referral),遠房好友電子報感謝頁 - 遠雄房地產,/edm_thank_you_page/,1,1,2,2,0
fb / eh1,11-1,遠房好友電子報感謝頁 - 遠雄房地產,/edm_thank_you_page/,1,1,1,1,2
fb / paid,120238552444900537,遠房好友電子報感謝頁 - 遠雄房地產,/edm_thank_you_page/,1,1,1,1,0
fb / paid,120241173002890402,遠房好友電子報感謝頁 - 遠雄房地產,/edm_thank_you_page/,1,1,2,2,2
pop-outdoor / eh6,20260201,遠房好友電子報感謝頁 - 遠雄房地產,/edm_thank_you_page/,1,1,1,1,8
fgr-line / ah2,20260210,遠房好友電子報感謝頁 - 遠雄房地產,/edm_thank_you_page/,1,1,1,1,9
fgr-line / ah1,20260220,遠房好友電子報感謝頁 - 遠雄房地產,/edm_thank_you_page/,1,1,1,1,2
fb / bh5,39,遠房好友電子報感謝頁 - 遠雄房地產,/edm_thank_you_page/,1,1,1,1,3
google / cpc,RSH1-品牌字,遠房好友電子報感謝頁 - 遠雄房地產,/edm_thank_you_page/,1,1,1,1,7
fgr-line / fgr,area-s-tainan_west-central_redevelop_diamond_20250502,遠房好友電子報感謝頁 - 遠雄房地產,/edm_thank_you_page/,1,1,1,1,5
fb / bh8,fb25-4,遠房好友電子報感謝頁 - 遠雄房地產,/edm_thank_you_page/,1,1,1,1,23
google / cpc,gdn11-4,遠房好友電子報感謝頁 - 遠雄房地產,/edm_thank_you_page/,1,1,1,1,0
fgr-line / fgr,playlist=e93ee4e&video=a817df1,遠房好友電子報感謝頁 - 遠雄房地產,/edm_thank_you_page/,1,1,1,1,11
(direct) / (none),(direct),遠雄一靚-洪梓芸-遠雄房地產 Farglory-Realty,/eh2/B5986,1,1,1,1,0
(direct) / (none),(direct),找不到頁面 - 遠雄房地產,/ej03xu3m06/ 登入 ‹ 遠雄房地產 — WordPress,1,1,1,1,1
google / organic,(organic),遠雄菁英分享 - 遠雄房地產,/elite_sharing/,1,1,2,2,14
(direct) / (none),(direct),遠雄房地產：最懂生活的購屋專家,/en/RiverfrontOffice.html,1,1,1,1,0
(direct) / (none),(direct),遠雄房地產：最懂生活的購屋專家,/en/SustainableOffice.html,1,1,1,1,0
(direct) / (none),(direct),國家級的建築肯定-遠雄房地產,/farglory-realty-about/national-building/,1,1,1,1,0
(not set),20260213一輪播,國家級的建築肯定-遠雄房地產,/farglory-realty-about/national-building/,1,1,0,0,0
yahoo / organic,(organic),世界造鎮推手‧遠雄譜寫台灣經濟奇蹟-遠雄房地產,/farglory-realty-about/push-hand/,1,1,1,1,35
farglory-land.com.tw / referral,(referral),世界造鎮推手‧遠雄譜寫台灣經濟奇蹟-遠雄房地產,/farglory-realty-about/push-hand/,1,1,1,1,24
(not set),20260213一輪播,世界造鎮推手‧遠雄譜寫台灣經濟奇蹟-遠雄房地產,/farglory-realty-about/push-hand/,1,1,0,0,0
(direct) / (none),(direct),遠雄智慧二代宅‧成就所有可能-遠雄房地產,/farglory-realty-about/second-generation/,1,1,1,1,0
google / cpc,(organic),遠雄智慧二代宅‧成就所有可能-遠雄房地產,/farglory-realty-about/second-generation/,1,1,1,1,5
google / cpc,CQH1-買房字,遠雄智慧二代宅‧成就所有可能-遠雄房地產,/farglory-realty-about/second-generation/,1,1,1,1,12
google / organic,(organic),원웅 스마트 2세대 주택‧모든 가능성을 실현 - 원웅 부동산,/farglory-realty-about/second-generation/,1,1,0,0,0
(direct) / (none),(direct),遠房好友電子報 - 遠雄房地產,/farglory-realty_edm/,1,1,2,2,13
m000476.layout.minmax.website / referral,(referral),遠房好友電子報 - 遠雄房地產,/farglory-realty_edm/,1,1,1,1,6
line / bh11,20260206-2-4,遠房好友電子報 - 遠雄房地產,/farglory-realty_edm/,1,1,1,1,15
fgr-line / ah1,20260220,遠房好友電子報 - 遠雄房地產,/farglory-realty_edm/,1,1,1,1,7
fgr-line / fgr,area-s-tainan_west-central_redevelop_diamond_20250502,遠房好友電子報 - 遠雄房地產,/farglory-realty_edm/,1,1,2,2,19
google / cpc,gdn-3,遠房好友電子報 - 遠雄房地產,/farglory-realty_edm/,1,1,2,2,190
fgr-line / fgr,playlist=e93ee4e&video=a817df1,遠房好友電子報 - 遠雄房地產,/farglory-realty_edm/,1,1,2,2,130
(direct) / (none),(direct),2025二月主題報 - 遠雄房地產,/feb2025/,1,1,1,1,0
(not set),台中,2025二月主題報 - 遠雄房地產,/feb2025/,1,1,1,1,19
google / organic,(organic),2026二月主題報 - 遠雄房地產,/feb2026/,1,1,1,1,63
(not set),桃園桃園,2026二月主題報 - 遠雄房地產,/feb2026/,1,1,0,0,5
(direct) / (none),(direct),二月主題報 - 遠雄房地產 %,/february/,1,1,1,1,0
(direct) / (none),(direct),找不到頁面 - 遠雄房地產,"/ferry/ or relevant ferry sites if known, but search first",1,1,1,1,0
(direct) / (none),(direct),遠雄九五-新北市新莊區新成屋/新建案-預約賞屋，遠雄房地產,/gc_farbear/buildings/h88/,1,1,1,1,40
(not set),20251230一輪播,空間美學(以設計團隊的角度來解讀空間、社區、環境、生活型態 )- 遠雄房地產,/gc_farbear/life_proposal/space_aesthetics/,1,1,1,1,0
(direct) / (none),(direct),遠房好友- 遠雄房地產,/gc_farbear/my-account/,1,1,28,28,501
(direct) / (none),(direct),遠雄房地產：最懂生活的購屋專家,/index,1,1,1,1,0
(direct) / (none),(direct),2026一月主題報 - 遠雄房地產,/jan2026/,1,1,1,1,0
(not set),高雄,2026一月主題報 - 遠雄房地產,/jan2026/,1,1,1,1,1
(not set),台南全區,主選單_生活提案 - 遠雄房地產,/jet-menu/mega-item-3631/,1,1,1,1,0
(direct) / (none),(direct),加入遠雄 築夢齊飛！-遠雄房地產,/join_farglory/,1,1,1,1,4
fgr-line / eh6,20260220,賞屋熊厝味【遠雄峰蘊】首檔鉅獻! - 遠雄房地產,/landing-page/0320live/,1,1,1,1,5
lbs-sms / h713,0824sms,遠雄幸福成-兆元產值匯集 大台中最受矚目重劃區 - 遠雄房地產,/landing-page/0824sms/,1,1,1,1,0
(direct) / (none),(direct),遠雄房地產 專家問答 - 遠雄房地產,/landing-page/expert/,1,1,1,1,0
google / organic,(organic),Happy虎year! 新春買屋獎不停 - 遠雄房地產,/landing-page/farglory_realty_cn_2022/,1,1,4,4,127
(direct) / (none),(direct),超級好友VIP💎推薦購屋大賞 推薦購屋送黃金! - 遠雄房地產,/landing-page/mgm-gold/,1,1,1,1,0
google / organic,(organic),超級好友VIP💎推薦購屋大賞 推薦購屋送黃金! - 遠雄房地產,/landing-page/mgm-gold/,1,1,2,2,34
(direct) / (none),(direct),超級好友VIP推薦購屋大賞 推薦購屋送你遊東京! - 遠雄房地產,/landing-page/mgm/,1,1,1,1,0
google / organic,(organic),超級好友VIP推薦購屋大賞 推薦購屋送你遊東京! - 遠雄房地產,/landing-page/mgm/,1,1,1,1,3
(direct) / (none),(direct),好友大募集 遠雄純寓好友限定 - 遠雄房地產,/landing-page/好友大募集-遠雄純寓好友限定/,1,1,1,1,0
(direct) / (none),(direct),青朋好友大募集 遠雄文青好友限定 - 遠雄房地產,/landing-page/青朋好友大募集-遠雄文青好友限定/,1,1,1,1,0
(direct) / (none),(direct),遠雄房地產：最懂生活的購屋專家,/landmark,1,1,1,1,0
web-ettoday / O1,20240912,遠雄房地產：最懂生活的購屋專家,/landmark,1,1,1,1,0
google / organic,(organic),"樓層景觀,遠雄夏沐-線上接待中心",/landscape/roof,1,1,2,2,57
(direct) / (none),(direct),房市專家 何世昌 彙整 - 遠雄房地產,/life-proposal-category/expert_point/hoshichang/,1,1,1,1,0
google / organic,(organic),房市專家 何世昌 彙整 - 遠雄房地產,/life-proposal-category/expert_point/hoshichang/,1,1,1,1,27
excel.officeapps.live.com / referral,(referral),房市專家 何世昌 彙整 - 遠雄房地產,/life-proposal-category/expert_point/hoshichang/,1,1,1,1,3
google / cpc,(referral),房市專家 何世昌 彙整 - 遠雄房地產,/life-proposal-category/expert_point/hoshichang/,1,1,2,2,19
l.facebook.com / referral,(referral),房市專家 何世昌 彙整 - 遠雄房地產,/life-proposal-category/expert_point/hoshichang/,1,1,1,1,0
(direct) / (none),(direct),財經M平方 彙整 - 遠雄房地產,/life-proposal-category/expert_point/macro_micro/,1,1,1,1,8
google / organic,(organic),財經M平方 彙整 - 遠雄房地產,/life-proposal-category/expert_point/macro_micro/,1,1,1,1,2
yahoo / organic,(organic),財經M平方 彙整 - 遠雄房地產,/life-proposal-category/expert_point/macro_micro/,1,1,1,1,3
google / cpc,brand,財經M平方 彙整 - 遠雄房地產,/life-proposal-category/expert_point/macro_micro/,1,1,2,2,7
bing / organic,(organic),台經院產經資料庫總監、APIAA院士  劉佩真 彙整 - 遠雄房地產,/life-proposal-category/expert_point/pei_zhen/,1,1,1,1,0
yahoo / organic,(organic),台經院產經資料庫總監、APIAA院士  劉佩真 彙整 - 遠雄房地產,/life-proposal-category/expert_point/pei_zhen/,1,1,1,1,25
tw.search.yahoo.com / referral,(referral),台經院產經資料庫總監、APIAA院士  劉佩真 彙整 - 遠雄房地產,/life-proposal-category/expert_point/pei_zhen/,1,1,2,2,5
(not set),20251230一輪播,台經院產經資料庫總監、APIAA院士  劉佩真 彙整 - 遠雄房地產,/life-proposal-category/expert_point/pei_zhen/,1,1,1,1,0
(direct) / (none),(direct),購屋知識 彙整 - 遠雄房地產,/life-proposal-category/home_knowledge/,1,1,1,1,5
(direct) / (none),(direct),找不到頁面 - 遠雄房地產,/life-proposal-category/music_life/,1,1,1,1,0
(direct) / (none),(direct),換屋 彙整 - 遠雄房地產,/life-proposal-tag/1、客層/1購屋對象/換屋/,1,1,1,1,4
(direct) / (none),(direct),私法人 彙整 - 遠雄房地產,/life-proposal-tag/1、客層/1購屋對象/私法人/,1,1,1,1,0
(direct) / (none),(direct),置產 彙整 - 遠雄房地產,/life-proposal-tag/1、客層/1購屋對象/置產/,1,1,1,1,0
google / organic,(organic),首購 彙整 - 頁2，共2 - 遠雄房地產,/life-proposal-tag/1、客層/1購屋對象/首購/page/2/,1,1,1,1,4
(direct) / (none),(direct),投資 彙整 - 遠雄房地產,/life-proposal-tag/1、客層/2購屋需求/投資-購屋需求/,1,1,1,1,3
(direct) / (none),(direct),自住 彙整 - 遠雄房地產,/life-proposal-tag/1、客層/2購屋需求/自住/,1,1,1,1,0
fgr-line / fgr,true_price,自住 彙整 - 遠雄房地產,/life-proposal-tag/1、客層/2購屋需求/自住/,1,1,1,1,3
google / cpc,gdn11-4,2025房市趨勢 彙整 - 遠雄房地產,/life-proposal-tag/2、市場/1市場相關專有詞/2025房市趨勢/,1,1,1,1,0
(direct) / (none),(direct),不動產 彙整 - 頁2，共3 - 遠雄房地產,/life-proposal-tag/2、市場/1市場相關專有詞/real_estate/page/2/,1,1,1,1,6
(direct) / (none),(direct),不動產 彙整 - 頁3，共3 - 遠雄房地產,/life-proposal-tag/2、市場/1市場相關專有詞/real_estate/page/3/,1,1,1,1,0
google / organic,(organic),價格漲幅 彙整 - 遠雄房地產,/life-proposal-tag/2、市場/1市場相關專有詞/價格漲幅/,1,1,1,1,24
fb / eh5,fb30-2,六都交易量 彙整 - 遠雄房地產,/life-proposal-tag/2、市場/1市場相關專有詞/六都交易量/,1,1,1,1,0
google / cpc,gdn-2,六都交易量 彙整 - 遠雄房地產,/life-proposal-tag/2、市場/1市場相關專有詞/六都交易量/,1,1,1,1,0
google / cpc,gdn-1,商廠辦 彙整 - 遠雄房地產,/life-proposal-tag/2、市場/1市場相關專有詞/商廠辦/,1,1,1,1,0
google / cpc,gdn11-2,商廠辦 彙整 - 遠雄房地產,/life-proposal-tag/2、市場/1市場相關專有詞/商廠辦/,1,1,1,1,0
(direct) / (none),(direct),房地產市場 彙整 - 遠雄房地產,/life-proposal-tag/2、市場/1市場相關專有詞/房地產市場/,1,1,1,1,4
google / cpc,202601,房地產市場 彙整 - 遠雄房地產,/life-proposal-tag/2、市場/1市場相關專有詞/房地產市場/,1,1,1,1,4
fb / fm3,fb5-2,房地產市場 彙整 - 遠雄房地產,/life-proposal-tag/2、市場/1市場相關專有詞/房地產市場/,1,1,1,1,0
google / cpc,gdn-3,房地產市場 彙整 - 遠雄房地產,/life-proposal-tag/2、市場/1市場相關專有詞/房地產市場/,1,1,1,1,0
mkto-sn070013.com / referral,(referral),房市反轉 彙整 - 遠雄房地產,/life-proposal-tag/2、市場/1市場相關專有詞/房市反轉/,1,1,1,1,12
(direct) / (none),(direct),空頭市場 彙整 - 遠雄房地產,/life-proposal-tag/2、市場/1市場相關專有詞/空頭市場/,1,1,1,1,2
(direct) / (none),(direct),買賣移轉棟數 彙整 - 遠雄房地產,/life-proposal-tag/2、市場/1市場相關專有詞/買賣移轉棟數/,1,1,1,1,4
google / organic,(organic),買賣移轉棟數 彙整 - 遠雄房地產,/life-proposal-tag/2、市場/1市場相關專有詞/買賣移轉棟數/,1,1,1,1,6
fb / eh1,formbutton,買賣移轉棟數 彙整 - 遠雄房地產,/life-proposal-tag/2、市場/1市場相關專有詞/買賣移轉棟數/,1,1,1,1,247
(direct) / (none),(direct),限貸令 彙整 - 遠雄房地產,/life-proposal-tag/2、市場/1市場相關專有詞/限貸令/,1,1,1,1,0
(direct) / (none),(direct),(2)稅務政策相關 彙整 - 遠雄房地產,/life-proposal-tag/2、市場/2稅務政策相關/,1,1,1,1,2
google / cpc,(organic),遺產稅 彙整 - 頁2，共2 - 遠雄房地產,/life-proposal-tag/2、市場/2稅務政策相關/estate_tax/page/2/,1,1,1,1,21
google / cpc,(organic),贈與稅 彙整 - 遠雄房地產,/life-proposal-tag/2、市場/2稅務政策相關/gift_tax/,1,1,1,1,85
google / organic,(organic),生前贈與 彙整 - 遠雄房地產,/life-proposal-tag/2、市場/2稅務政策相關/gift_tax/生前贈與/,1,1,1,1,6
(direct) / (none),(direct),房地合一稅 彙整 - 遠雄房地產,/life-proposal-tag/2、市場/2稅務政策相關/house-and-land/,1,1,1,1,2
google / cpc,gdn-1,房地合一稅 彙整 - 遠雄房地產,/life-proposal-tag/2、市場/2稅務政策相關/house-and-land/,1,1,1,1,0
google / cpc,pmax,房地合一稅 彙整 - 遠雄房地產,/life-proposal-tag/2、市場/2稅務政策相關/house-and-land/,1,1,1,1,0
google / organic,(organic),房屋稅 彙整 - 遠雄房地產,/life-proposal-tag/2、市場/2稅務政策相關/house_tax/,1,1,1,1,6
(direct) / (none),(direct),所得稅 彙整 - 遠雄房地產,/life-proposal-tag/2、市場/2稅務政策相關/income_tax/,1,1,1,1,0
google / cpc,gdn-3,所得稅 彙整 - 遠雄房地產,/life-proposal-tag/2、市場/2稅務政策相關/income_tax/,1,1,1,1,0
fgr-line / ah2,20260210,土地增值稅 彙整 - 遠雄房地產,/life-proposal-tag/2、市場/2稅務政策相關/land_value/,1,1,1,1,12
google / cpc,(organic),節稅 彙整 - 遠雄房地產,/life-proposal-tag/2、市場/2稅務政策相關/saving_money/,1,1,2,2,77
google / organic,(organic),節稅 彙整 - 遠雄房地產,/life-proposal-tag/2、市場/2稅務政策相關/saving_money/,1,1,1,1,72
m.facebook.com / referral,(referral),節稅 彙整 - 遠雄房地產,/life-proposal-tag/2、市場/2稅務政策相關/saving_money/,1,1,1,1,0
google / cpc,gdn-1,節稅 彙整 - 遠雄房地產,/life-proposal-tag/2、市場/2稅務政策相關/saving_money/,1,1,1,1,0
google / organic,(organic),節稅 彙整 - 頁2，共2 - 遠雄房地產,/life-proposal-tag/2、市場/2稅務政策相關/saving_money/page/2/,1,1,1,1,2
(direct) / (none),(direct),一生一次 彙整 - 遠雄房地產,/life-proposal-tag/2、市場/2稅務政策相關/一生一次/,1,1,1,1,2
(not set),20260213一輪播,一生一次 彙整 - 遠雄房地產,/life-proposal-tag/2、市場/2稅務政策相關/一生一次/,1,1,1,1,0
google / cpc,(not set),免稅額 彙整 - 遠雄房地產,/life-proposal-tag/2、市場/2稅務政策相關/免稅額/,1,1,1,1,5
google / organic,(organic),政策 彙整 - 遠雄房地產,/life-proposal-tag/2、市場/2稅務政策相關/政策/,1,1,1,1,1
google / cpc,(organic),稅賦 彙整 - 遠雄房地產,/life-proposal-tag/2、市場/2稅務政策相關/稅賦/,1,1,1,1,34
fgr-line / ah2,20260210,稅賦 彙整 - 遠雄房地產,/life-proposal-tag/2、市場/2稅務政策相關/稅賦/,1,1,1,1,31
google / cpc,gdn-2,稅賦 彙整 - 遠雄房地產,/life-proposal-tag/2、市場/2稅務政策相關/稅賦/,1,1,1,1,0
(direct) / (none),(direct),繼承登記 彙整 - 遠雄房地產,/life-proposal-tag/2、市場/2稅務政策相關/繼承登記/,1,1,1,1,0
google / organic,(organic),繼承登記 彙整 - 遠雄房地產,/life-proposal-tag/2、市場/2稅務政策相關/繼承登記/,1,1,2,2,61
(direct) / (none),(direct),不動產繼承 彙整 - 遠雄房地產,/life-proposal-tag/2、市場/2稅務政策相關/繼承登記/不動產繼承/,1,1,1,1,14
google / cpc,(organic),不動產繼承 彙整 - 遠雄房地產,/life-proposal-tag/2、市場/2稅務政策相關/繼承登記/不動產繼承/,1,1,1,1,11
fb / ah2,fb-3,不動產繼承 彙整 - 遠雄房地產,/life-proposal-tag/2、市場/2稅務政策相關/繼承登記/不動產繼承/,1,1,1,1,0
google / organic,(organic),自用住宅 彙整 - 遠雄房地產,/life-proposal-tag/2、市場/2稅務政策相關/自用住宅/,1,1,1,1,4
fb / ah1,fb-1-1,自用住宅 彙整 - 遠雄房地產,/life-proposal-tag/2、市場/2稅務政策相關/自用住宅/,1,1,1,1,0
(direct) / (none),(direct),(3)價格相關 彙整 - 遠雄房地產,/life-proposal-tag/2、市場/3價格相關/,1,1,1,1,0
(direct) / (none),(direct),商用不動產 彙整 - 遠雄房地產,/life-proposal-tag/2、市場/commercial_real_estate/,1,1,1,1,0
bing / organic,(organic),商用不動產 彙整 - 遠雄房地產,/life-proposal-tag/2、市場/commercial_real_estate/,1,1,1,1,34
google / organic,(organic),商用不動產 彙整 - 遠雄房地產,/life-proposal-tag/2、市場/commercial_real_estate/,1,1,1,1,85
google / cpc,202601,商用不動產 彙整 - 遠雄房地產,/life-proposal-tag/2、市場/commercial_real_estate/,1,1,1,1,10
google / cpc,gdn-1,商用不動產 彙整 - 遠雄房地產,/life-proposal-tag/2、市場/commercial_real_estate/,1,1,1,1,0
google / cpc,gdn11-3,商用不動產 彙整 - 遠雄房地產,/life-proposal-tag/2、市場/commercial_real_estate/,1,1,1,1,23
(not set),台中,商用不動產 彙整 - 遠雄房地產,/life-proposal-tag/2、市場/commercial_real_estate/,1,1,1,1,0
(direct) / (none),(direct),房租 彙整 - 遠雄房地產,/life-proposal-tag/2、市場/rent/,1,1,1,1,0
google / organic,(organic),房產趨勢 彙整 - 遠雄房地產,/life-proposal-tag/2、市場/trend_real_estate/,1,1,1,1,11
google / organic,(organic),海外買房 彙整 - 遠雄房地產,/life-proposal-tag/3、交易/1購屋流程相關/abroad/,1,1,1,1,4
(direct) / (none),(direct),交屋品質 彙整 - 遠雄房地產,/life-proposal-tag/3、交易/1購屋流程相關/交屋品質/,1,1,1,1,0
(direct) / (none),(direct),權狀 彙整 - 遠雄房地產,/life-proposal-tag/3、交易/1購屋流程相關/權狀/,1,1,1,1,6
(not set),台中,簽約 彙整 - 遠雄房地產,/life-proposal-tag/3、交易/1購屋流程相關/簽約/,1,1,1,1,0
chatgpt.com / referral,(referral),驗屋流程 彙整 - 遠雄房地產,/life-proposal-tag/3、交易/1購屋流程相關/驗屋流程/,1,1,2,2,26
(direct) / (none),(direct),廚房設備 彙整 - 遠雄房地產,/life-proposal-tag/3、交易/1購屋流程相關/驗屋流程/廚房設備/,1,1,1,1,6
(direct) / (none),(direct),檢查表 彙整 - 遠雄房地產,/life-proposal-tag/3、交易/1購屋流程相關/驗屋流程/檢查表/,1,1,1,1,0
(direct) / (none),(direct),(1)品牌相關 彙整 - 遠雄房地產,/life-proposal-tag/4、品牌/1品牌相關/,1,1,1,1,0
fb / bh9,11,建商 彙整 - 遠雄房地產,/life-proposal-tag/4、品牌/1品牌相關/建商/,1,1,1,1,0
(direct) / (none),(direct),建商品牌 彙整 - 遠雄房地產,/life-proposal-tag/4、品牌/1品牌相關/建商品牌/,1,1,1,1,0
mkto-sn070013.com / referral,(referral),建商品牌 彙整 - 遠雄房地產,/life-proposal-tag/4、品牌/1品牌相關/建商品牌/,1,1,1,1,25
(direct) / (none),(direct),施工品質 彙整 - 遠雄房地產,/life-proposal-tag/4、品牌/施工品質/,1,1,1,1,2
fb / eh1,formbutton,公園綠地 彙整 - 遠雄房地產,/life-proposal-tag/5、區域/1區域地段/公園綠地/,1,1,1,1,0
(direct) / (none),(direct),明星學區 彙整 - 遠雄房地產,/life-proposal-tag/5、區域/1區域地段/明星學區/,1,1,1,1,0
(direct) / (none),(direct),未來發展 彙整 - 遠雄房地產,/life-proposal-tag/5、區域/1區域地段/未來發展/,1,1,1,1,0
line-lap / fh2,line-lap12-2,生活機能 彙整 - 遠雄房地產,/life-proposal-tag/5、區域/1區域地段/生活機能/,1,1,1,1,24
(direct) / (none),(direct),生活購物 彙整 - 遠雄房地產,/life-proposal-tag/5、區域/1區域地段/生活購物/,1,1,1,1,0
(direct) / (none),(direct),產業進駐 彙整 - 遠雄房地產,/life-proposal-tag/5、區域/1區域地段/產業進駐/,1,1,1,1,0
google / organic,(organic),台中市 彙整 - 遠雄房地產,/life-proposal-tag/5、區域/1區域地段/縣市/台中市/,1,1,1,1,27
google_kw / h713,(organic),台中市 彙整 - 遠雄房地產,/life-proposal-tag/5、區域/1區域地段/縣市/台中市/,1,1,1,1,45
news.google.com / referral,(referral),台中市 彙整 - 遠雄房地產,/life-proposal-tag/5、區域/1區域地段/縣市/台中市/,1,1,1,1,26
line / bh11,20260206-2-4,台中市 彙整 - 遠雄房地產,/life-proposal-tag/5、區域/1區域地段/縣市/台中市/,1,1,2,2,37
google / cpc,Otherarea0829,台中市 彙整 - 遠雄房地產,/life-proposal-tag/5、區域/1區域地段/縣市/台中市/,1,1,1,1,23
google / cpc,landmark0829,台中市 彙整 - 遠雄房地產,/life-proposal-tag/5、區域/1區域地段/縣市/台中市/,1,1,1,1,19
google / organic,(organic),北屯區 彙整 - 遠雄房地產,/life-proposal-tag/5、區域/1區域地段/縣市/台中市/beitun/,1,1,1,1,5
tw.search.yahoo.com / referral,(referral),北屯區 彙整 - 遠雄房地產,/life-proposal-tag/5、區域/1區域地段/縣市/台中市/beitun/,1,1,1,1,84
google / cpc,BH10-北屯區區域字,北屯區 彙整 - 遠雄房地產,/life-proposal-tag/5、區域/1區域地段/縣市/台中市/beitun/,1,1,1,1,8
google / cpc,BH10-十四期區域字,北屯區 彙整 - 遠雄房地產,/life-proposal-tag/5、區域/1區域地段/縣市/台中市/beitun/,1,1,2,2,59
fb / bh10,fb20262-2,北屯區 彙整 - 遠雄房地產,/life-proposal-tag/5、區域/1區域地段/縣市/台中市/beitun/,1,1,1,1,3
line-lap / bh10,line-lap20259-5,北屯區 彙整 - 遠雄房地產,/life-proposal-tag/5、區域/1區域地段/縣市/台中市/beitun/,1,1,1,1,12
google / organic,(organic),十四期 彙整 - 遠雄房地產,/life-proposal-tag/5、區域/1區域地段/縣市/台中市/beitun/fourthteen/,1,1,1,1,9
fb / bh11,11-2,十四期 彙整 - 遠雄房地產,/life-proposal-tag/5、區域/1區域地段/縣市/台中市/beitun/fourthteen/,1,1,1,1,26
google / cpc,Otherarea0829,十四期 彙整 - 遠雄房地產,/life-proposal-tag/5、區域/1區域地段/縣市/台中市/beitun/fourthteen/,1,1,1,1,17
socialmedia / bh11,googlemap,十四期 彙整 - 遠雄房地產,/life-proposal-tag/5、區域/1區域地段/縣市/台中市/beitun/fourthteen/,1,1,1,1,6
google / cpc,information4,十四期 彙整 - 遠雄房地產,/life-proposal-tag/5、區域/1區域地段/縣市/台中市/beitun/fourthteen/,1,1,2,2,43
(direct) / (none),(direct),十一期 彙整 - 遠雄房地產,/life-proposal-tag/5、區域/1區域地段/縣市/台中市/eleven/,1,1,1,1,0
fb / bh8,fb15-2,十一期 彙整 - 遠雄房地產,/life-proposal-tag/5、區域/1區域地段/縣市/台中市/eleven/,1,1,1,1,0
(direct) / (none),(direct),清水區 彙整 - 遠雄房地產,/life-proposal-tag/5、區域/1區域地段/縣市/台中市/qingshui/,1,1,1,1,0
google / organic,(organic),七期 彙整 - 遠雄房地產,/life-proposal-tag/5、區域/1區域地段/縣市/台中市/seventh/,1,1,1,1,0
line / bh11,20260113-12-3,七期 彙整 - 遠雄房地產,/life-proposal-tag/5、區域/1區域地段/縣市/台中市/seventh/,1,1,1,1,41
line / bh11,20260206-2-4,七期 彙整 - 遠雄房地產,/life-proposal-tag/5、區域/1區域地段/縣市/台中市/seventh/,1,1,1,1,99
line-lap / bh10,line-lap202511-6,七期 彙整 - 遠雄房地產,/life-proposal-tag/5、區域/1區域地段/縣市/台中市/seventh/,1,1,2,2,29
(direct) / (none),(direct),梧棲區 彙整 - 遠雄房地產,/life-proposal-tag/5、區域/1區域地段/縣市/台中市/wuqi/,1,1,1,1,0
(direct) / (none),(direct),西屯區 彙整 - 遠雄房地產,/life-proposal-tag/5、區域/1區域地段/縣市/台中市/xitun/,1,1,1,1,5
(direct) / (none),(direct),西屯區 彙整 - 頁2，共2 - 遠雄房地產,/life-proposal-tag/5、區域/1區域地段/縣市/台中市/xitun/page/2/,1,1,1,1,0
google / cpc,20260113-12-3,水湳經貿園區 彙整 - 遠雄房地產,/life-proposal-tag/5、區域/1區域地段/縣市/台中市/xitun/水湳經貿園區/,1,1,1,1,54
line / bh11,20260206-2-4,水湳經貿園區 彙整 - 遠雄房地產,/life-proposal-tag/5、區域/1區域地段/縣市/台中市/xitun/水湳經貿園區/,1,1,1,1,66
google / cpc,information4,水湳經貿園區 彙整 - 遠雄房地產,/life-proposal-tag/5、區域/1區域地段/縣市/台中市/xitun/水湳經貿園區/,1,1,1,1,25
(direct) / (none),(direct),台北市 彙整 - 遠雄房地產,/life-proposal-tag/5、區域/1區域地段/縣市/台北市/,1,1,1,1,0
google_kw / 5vo1,202511,北士科 彙整 - 遠雄房地產,/life-proposal-tag/5、區域/1區域地段/縣市/台北市/beitou/北士科/,1,1,1,1,78
fgr-line / bh7,20260220,北士科 彙整 - 遠雄房地產,/life-proposal-tag/5、區域/1區域地段/縣市/台北市/beitou/北士科/,1,1,1,1,25
(direct) / (none),(direct),Beitou-Shilin Science Park Summary - Farglory Real Estate,/life-proposal-tag/5、區域/1區域地段/縣市/台北市/beitou/北投士林科技園區/,1,1,0,0,2
(not set),北投士林,北投士林科技園區 彙整 - 遠雄房地產,/life-proposal-tag/5、區域/1區域地段/縣市/台北市/beitou/北投士林科技園區/,1,1,3,3,93
(direct) / (none),(direct),士林區 彙整 - 遠雄房地產,/life-proposal-tag/5、區域/1區域地段/縣市/台北市/shilin/,1,1,1,1,0
google / organic,(organic),台南市 彙整 - 頁3，共3 - 遠雄房地產,/life-proposal-tag/5、區域/1區域地段/縣市/台南市/page/3/,1,1,1,1,15
(direct) / (none),(direct),運河星鑽特區 彙整 - 遠雄房地產,/life-proposal-tag/5、區域/1區域地段/縣市/台南市/中西區/運河星鑽特區/,1,1,1,1,32
news.google.com / referral,(referral),運河星鑽特區 彙整 - 遠雄房地產,/life-proposal-tag/5、區域/1區域地段/縣市/台南市/中西區/運河星鑽特區/,1,1,1,1,11
tw.search.yahoo.com / referral,(referral),運河星鑽特區 彙整 - 遠雄房地產,/life-proposal-tag/5、區域/1區域地段/縣市/台南市/中西區/運河星鑽特區/,1,1,1,1,0
fgr-line / fgr,area-s-tainan_west-central_redevelop_diamond_20250502,運河星鑽特區 彙整 - 遠雄房地產,/life-proposal-tag/5、區域/1區域地段/縣市/台南市/中西區/運河星鑽特區/,1,1,1,1,13
google / organic,(organic),新北市 彙整 - 遠雄房地產,/life-proposal-tag/5、區域/1區域地段/縣市/新北市/,1,1,1,1,13
(direct) / (none),(direct),板橋區 彙整 - 遠雄房地產,/life-proposal-tag/5、區域/1區域地段/縣市/新北市/板橋區/,1,1,1,1,0
google / organic,(organic),板橋區 彙整 - 遠雄房地產,/life-proposal-tag/5、區域/1區域地段/縣市/新北市/板橋區/,1,1,1,1,4
fb / fh2,leads,南雅地區 彙整 - 遠雄房地產,/life-proposal-tag/5、區域/1區域地段/縣市/新北市/板橋區/南雅地區/,1,1,1,1,11
(direct) / (none),(direct),新板特區 彙整 - 遠雄房地產,/life-proposal-tag/5、區域/1區域地段/縣市/新北市/板橋區/新板特區/,1,1,2,2,13
(direct) / (none),(direct),遠東通訊園區 彙整 - 遠雄房地產,/life-proposal-tag/5、區域/1區域地段/縣市/新北市/板橋區/遠東通訊園區/,1,1,1,1,0
fb / 5vo1,202510_7,遠東通訊園區 彙整 - 遠雄房地產,/life-proposal-tag/5、區域/1區域地段/縣市/新北市/板橋區/遠東通訊園區/,1,1,1,1,0
(direct) / (none),(direct),桃園市 彙整 - 遠雄房地產,/life-proposal-tag/5、區域/1區域地段/縣市/桃園市/,1,1,1,1,5
fb / bh5,50,桃園市 彙整 - 遠雄房地產,/life-proposal-tag/5、區域/1區域地段/縣市/桃園市/,1,1,1,1,0
(direct) / (none),(direct),中壢 彙整 - 遠雄房地產,/life-proposal-tag/5、區域/1區域地段/縣市/桃園市/zhongli/,1,1,1,1,0
(direct) / (none),(direct),小檜溪 彙整 - 遠雄房地產,/life-proposal-tag/5、區域/1區域地段/縣市/桃園市/桃園區/小檜溪/,1,1,1,1,0
google / organic,(organic),小檜溪 彙整 - 遠雄房地產,/life-proposal-tag/5、區域/1區域地段/縣市/桃園市/桃園區/小檜溪/,1,1,1,1,2
(direct) / (none),(direct),高雄市 彙整 - 遠雄房地產,/life-proposal-tag/5、區域/1區域地段/縣市/高雄市/,1,1,1,1,0
bing / organic,(organic),高雄市 彙整 - 遠雄房地產,/life-proposal-tag/5、區域/1區域地段/縣市/高雄市/,1,1,1,1,73
(direct) / (none),(direct),中都重劃區 彙整 - 遠雄房地產,/life-proposal-tag/5、區域/1區域地段/縣市/高雄市/sanmin/中都重劃區/,1,1,1,1,0
google / cpc,O1_品牌字_2025.0801,中都重劃區 彙整 - 遠雄房地產,/life-proposal-tag/5、區域/1區域地段/縣市/高雄市/sanmin/中都重劃區/,1,1,1,1,9
google / cpc,Sanmin,中都重劃區 彙整 - 遠雄房地產,/life-proposal-tag/5、區域/1區域地段/縣市/高雄市/sanmin/中都重劃區/,1,1,1,1,12
google / cpc,area,中都重劃區 彙整 - 遠雄房地產,/life-proposal-tag/5、區域/1區域地段/縣市/高雄市/sanmin/中都重劃區/,1,1,1,1,3
fb / eh1,fb20262-2,中都重劃區 彙整 - 遠雄房地產,/life-proposal-tag/5、區域/1區域地段/縣市/高雄市/sanmin/中都重劃區/,1,1,1,1,0
fb / eh5,park,中都重劃區 彙整 - 遠雄房地產,/life-proposal-tag/5、區域/1區域地段/縣市/高雄市/sanmin/中都重劃區/,1,1,1,1,20
(direct) / (none),(direct),亞灣區 彙整 - 遠雄房地產,/life-proposal-tag/5、區域/1區域地段/縣市/高雄市/亞灣區/,1,1,1,1,5
(direct) / (none),(direct),高大特區 彙整 - 遠雄房地產,/life-proposal-tag/5、區域/1區域地段/縣市/高雄市/楠梓區/高大特區/,1,1,1,1,0
line / bh11,20260113-12-3,重劃區 彙整 - 遠雄房地產,/life-proposal-tag/5、區域/1區域地段/重劃區/,1,1,1,1,42
fb / bh9,21,重劃區 彙整 - 遠雄房地產,/life-proposal-tag/5、區域/1區域地段/重劃區/,1,1,1,1,0
google / cpc,Otherarea0829,重劃區 彙整 - 遠雄房地產,/life-proposal-tag/5、區域/1區域地段/重劃區/,1,1,1,1,78
(direct) / (none),(direct),重劃區 彙整 - 頁3，共5 - 遠雄房地產,/life-proposal-tag/5、區域/1區域地段/重劃區/page/3/,1,1,1,1,0
(direct) / (none),(direct),重大建設 彙整 - 遠雄房地產,/life-proposal-tag/5、區域/1區域地段/重大建設/,1,1,1,1,6
(direct) / (none),(direct),(10)配備 彙整 - 遠雄房地產,/life-proposal-tag/6、產品/10配備/,1,1,1,1,6
(direct) / (none),(direct),現代日式 彙整 - 遠雄房地產,/life-proposal-tag/6、產品/11設計風格類型/b-現代日式/,1,1,1,1,0
google / organic,(organic),室內設計 彙整 - 遠雄房地產,/life-proposal-tag/6、產品/11設計風格類型/interior_design/,1,1,1,1,0
(direct) / (none),(direct),開放式格局 彙整 - 遠雄房地產,/life-proposal-tag/6、產品/11設計風格類型/開放式格局/,1,1,1,1,3
(direct) / (none),(direct),(14) 產品需求 彙整 - 遠雄房地產,/life-proposal-tag/6、產品/14-產品需求/,1,1,1,1,0
(direct) / (none),(direct),智能住宅 彙整 - 遠雄房地產,/life-proposal-tag/6、產品/14-產品需求/ai-home/,1,1,1,1,0
(direct) / (none),(direct),智慧宅 彙整 - 遠雄房地產,/life-proposal-tag/6、產品/14-產品需求/ai-property/,1,1,1,1,0
(direct) / (none),(direct),兒童房 彙整 - 遠雄房地產,/life-proposal-tag/6、產品/14-產品需求/kid/,1,1,1,1,0
(direct) / (none),(direct),公寓 彙整 - 遠雄房地產,/life-proposal-tag/6、產品/1建築專有名詞/住宅-建築專有名詞/公寓/,1,1,1,1,0
(not set),20260213一輪播,增設停車位 彙整 - 遠雄房地產,/life-proposal-tag/6、產品/1建築專有名詞/停車位/增設停車位/,1,1,1,1,21
google / organic,(organic),法定停車位 彙整 - 遠雄房地產,/life-proposal-tag/6、產品/1建築專有名詞/停車位/法定停車位/,1,1,1,1,0
(direct) / (none),(direct),獎勵停車位 彙整 - 遠雄房地產,/life-proposal-tag/6、產品/1建築專有名詞/停車位/獎勵停車位/,1,1,1,1,0
google / organic,(organic),約定專用 彙整 - 遠雄房地產,/life-proposal-tag/6、產品/1建築專有名詞/停車位/約定專用/,1,1,1,1,1
(not set),台中,約定專用 彙整 - 遠雄房地產,/life-proposal-tag/6、產品/1建築專有名詞/停車位/約定專用/,1,1,1,1,0
fb / fm3,1-2,商廠辦 彙整 - 遠雄房地產,/life-proposal-tag/6、產品/1建築專有名詞/商廠辦-建築專有名詞/,1,1,1,1,0
google / cpc,gdn-2,商辦 彙整 - 遠雄房地產,/life-proposal-tag/6、產品/1建築專有名詞/商廠辦-建築專有名詞/商辦/,1,1,1,1,0
google / cpc,gdn-3,商辦 彙整 - 遠雄房地產,/life-proposal-tag/6、產品/1建築專有名詞/商廠辦-建築專有名詞/商辦/,1,1,1,1,0
(direct) / (none),(direct),廠辦 彙整 - 遠雄房地產,/life-proposal-tag/6、產品/1建築專有名詞/商廠辦-建築專有名詞/廠辦/,1,1,1,1,5
bing / organic,(organic),廠辦 彙整 - 遠雄房地產,/life-proposal-tag/6、產品/1建築專有名詞/商廠辦-建築專有名詞/廠辦/,1,1,1,1,21
(not set),台中,廠辦 彙整 - 遠雄房地產,/life-proposal-tag/6、產品/1建築專有名詞/商廠辦-建築專有名詞/廠辦/,1,1,1,1,0
(direct) / (none),(direct),屋型 彙整 - 遠雄房地產,/life-proposal-tag/6、產品/1建築專有名詞/屋型/,1,1,1,1,0
(direct) / (none),(direct),中古屋 彙整 - 遠雄房地產,/life-proposal-tag/6、產品/1建築專有名詞/屋型/中古屋/,1,1,1,1,0
(direct) / (none),(direct),成屋 彙整 - 遠雄房地產,/life-proposal-tag/6、產品/1建築專有名詞/屋型/成屋/,1,1,1,1,0
google_kw / 5vo1,202511,Overzicht van nieuwbouwwoningen - Farglory Real Estate,/life-proposal-tag/6、產品/1建築專有名詞/屋型/預售屋/,1,1,0,0,28
(direct) / (none),(direct),預售屋 彙整 - 遠雄房地產,/life-proposal-tag/6、產品/1建築專有名詞/屋型/預售屋/,1,1,1,1,3
crm.welly.tw / referral,(referral),預售屋 彙整 - 遠雄房地產,/life-proposal-tag/6、產品/1建築專有名詞/屋型/預售屋/,1,1,1,1,0
google_kw / 5vo1,202511,預售屋 彙整 - 遠雄房地產,/life-proposal-tag/6、產品/1建築專有名詞/屋型/預售屋/,1,1,1,1,1
google / cpc,BH10-十四期區域字,預售屋 彙整 - 遠雄房地產,/life-proposal-tag/6、產品/1建築專有名詞/屋型/預售屋/,1,1,1,1,21
google / cpc,BH10-台中區域字,預售屋 彙整 - 遠雄房地產,/life-proposal-tag/6、產品/1建築專有名詞/屋型/預售屋/,1,1,1,1,18
google / cpc,com,預售屋 彙整 - 遠雄房地產,/life-proposal-tag/6、產品/1建築專有名詞/屋型/預售屋/,1,1,1,1,114
line-lap / bh10,line-lap202511-6,預售屋 彙整 - 遠雄房地產,/life-proposal-tag/6、產品/1建築專有名詞/屋型/預售屋/,1,1,1,1,19
(not set),台中,預售屋 彙整 - 遠雄房地產,/life-proposal-tag/6、產品/1建築專有名詞/屋型/預售屋/,1,1,1,1,0
(not set),高雄全區,預售屋 彙整 - 遠雄房地產,/life-proposal-tag/6、產品/1建築專有名詞/屋型/預售屋/,1,1,1,1,1
(direct) / (none),(direct),主建物面積 彙整 - 遠雄房地產,/life-proposal-tag/6、產品/2建築計算/主建物面積/,1,1,1,1,4
google / organic,(organic),公共設施 彙整 - 遠雄房地產,/life-proposal-tag/6、產品/2建築計算/公共設施/,1,1,1,1,5
(direct) / (none),(direct),公設比 彙整 - 遠雄房地產,/life-proposal-tag/6、產品/2建築計算/公設比/,1,1,1,1,5
(direct) / (none),(direct),容積率 彙整 - 遠雄房地產,/life-proposal-tag/6、產品/2建築計算/容積率/,1,1,1,1,0
(direct) / (none),(direct),建築規劃 彙整 - 遠雄房地產,/life-proposal-tag/6、產品/4產品規劃-建築/a-建築規劃/,1,1,1,1,0
(direct) / (none),(direct),二次施工 彙整 - 遠雄房地產,/life-proposal-tag/6、產品/4產品規劃-建築/a-建築規劃/2phase_construction/,1,1,1,1,4
google / cpc,(organic),全齡宅 彙整 - 遠雄房地產,/life-proposal-tag/6、產品/4產品規劃-建築/a-建築規劃/全齡宅/,1,1,1,1,18
google / cpc,(organic),超高齡社會 彙整 - 遠雄房地產,/life-proposal-tag/6、產品/4產品規劃-建築/a-建築規劃/全齡宅/超高齡社會/,1,1,1,1,41
(direct) / (none),(direct),銀髮住宅 彙整 - 遠雄房地產,/life-proposal-tag/6、產品/4產品規劃-建築/a-建築規劃/全齡宅/銀髮住宅/,1,1,1,1,6
(direct) / (none),(direct),青銀共居 彙整 - 遠雄房地產,/life-proposal-tag/6、產品/4產品規劃-建築/a-建築規劃/全齡宅/青銀共居/,1,1,1,1,6
google / cpc,(organic),青銀共居 彙整 - 遠雄房地產,/life-proposal-tag/6、產品/4產品規劃-建築/a-建築規劃/全齡宅/青銀共居/,1,1,1,1,17
(direct) / (none),(direct),防疫建築 彙整 - 遠雄房地產,/life-proposal-tag/6、產品/4產品規劃-建築/a-建築規劃/防疫建築/,1,1,1,1,6
(direct) / (none),(direct),景觀視野 彙整 - 遠雄房地產,/life-proposal-tag/6、產品/5產品規劃-景觀/c-景觀視野/,1,1,1,1,0
(direct) / (none),(direct),(6)產品規劃-公設 彙整 - 遠雄房地產,/life-proposal-tag/6、產品/6產品規劃-公設/,1,1,1,1,5
google / organic,(organic),(8)建材規劃 彙整 - 遠雄房地產,/life-proposal-tag/6、產品/8建材規劃/,1,1,2,2,31
(direct) / (none),(direct),專用材料 彙整 - 遠雄房地產,/life-proposal-tag/6、產品/8建材規劃/專用材料/,1,1,1,1,3
(direct) / (none),(direct),結構材料 彙整 - 遠雄房地產,/life-proposal-tag/6、產品/8建材規劃/結構材料/,1,1,1,1,0
(direct) / (none),(direct),(9)結構 彙整 - 遠雄房地產,/life-proposal-tag/6、產品/9結構/,1,1,1,1,0
(direct) / (none),(direct),結構工法 彙整 - 遠雄房地產,/life-proposal-tag/6、產品/9結構/a-結構工法/,1,1,1,1,5
tw.search.yahoo.com / referral,(referral),結構工法 彙整 - 遠雄房地產,/life-proposal-tag/6、產品/9結構/a-結構工法/,1,1,1,1,4
(direct) / (none),(direct),制震 彙整 - 遠雄房地產,/life-proposal-tag/6、產品/9結構/b-制震/,1,1,1,1,4
(direct) / (none),(direct),基礎結構 彙整 - 遠雄房地產,/life-proposal-tag/6、產品/9結構/基礎結構/,1,1,1,1,0
tw.search.yahoo.com / referral,(referral),基礎結構 彙整 - 遠雄房地產,/life-proposal-tag/6、產品/9結構/基礎結構/,1,1,1,1,0
google / organic,(organic),混凝土工程 彙整 - 遠雄房地產,/life-proposal-tag/6、產品/9結構/混凝土工程/,1,1,1,1,0
(direct) / (none),(direct),遠雄琉蘊 彙整 - 遠雄房地產,/life-proposal-tag/8、遠雄房地產建案/bh5/,1,1,1,1,0
(direct) / (none),(direct),遠雄藝舍 彙整 - 遠雄房地產,/life-proposal-tag/8、遠雄房地產建案/bh6/,1,1,1,1,0
(direct) / (none),(direct),遠雄東御苑 彙整 - 遠雄房地產,/life-proposal-tag/8、遠雄房地產建案/h807/,1,1,3,3,1
google / cpc,(organic),遠雄東御苑 彙整 - 遠雄房地產,/life-proposal-tag/8、遠雄房地產建案/h807/,1,1,1,1,5
(direct) / (none),(direct),遠雄純寓 彙整 - 遠雄房地產,/life-proposal-tag/8、遠雄房地產建案/遠雄純寓/,1,1,1,1,4
(direct) / (none),(direct),遠雄綠美 彙整 - 遠雄房地產,/life-proposal-tag/8、遠雄房地產建案/遠雄綠美/,1,1,1,1,0
fb / fm3,formbutton,商辦 彙整 - 遠雄房地產,/life-proposal-tag/commercial/commercial-commercial/,1,1,1,1,0
(not set),台南全區,商辦 彙整 - 遠雄房地產,/life-proposal-tag/commercial/commercial-commercial/,1,1,1,1,0
(direct) / (none),(direct),廠辦 彙整 - 遠雄房地產,/life-proposal-tag/commercial/industrial_land/,1,1,1,1,0
(direct) / (none),(direct),零售地產 彙整 - 遠雄房地產,/life-proposal-tag/commercial/retail/,1,1,1,1,10
(direct) / (none),(direct),台商回台獎勵 彙整 - 遠雄房地產,/life-proposal-tag/commercial/台商回台獎勵/,1,1,1,1,2
fb / fm3,formbutton,南科 彙整 - 遠雄房地產,/life-proposal-tag/commercial/科學園區/南科-commercial/,1,1,1,1,0
google / cpc,gdn-1,南科 彙整 - 遠雄房地產,/life-proposal-tag/commercial/科學園區/南科-commercial/,1,1,1,1,0
(direct) / (none),(direct),科技業 彙整 - 遠雄房地產,/life-proposal-tag/commercial/科技業/,1,1,1,1,0
(not set),台中,科技業 彙整 - 遠雄房地產,/life-proposal-tag/commercial/科技業/,1,1,1,1,0
(direct) / (none),(direct),14、ESG 彙整 - 遠雄房地產,/life-proposal-tag/esg/,1,1,1,1,2
google / organic,(organic),ESG 彙整 - 遠雄房地產,/life-proposal-tag/esg/esg1/,1,1,2,2,4
(direct) / (none),(direct),李同榮 彙整 - 遠雄房地產,/life-proposal-tag/expert/li/,1,1,1,1,6
(direct) / (none),(direct),朱智豪 彙整 - 遠雄房地產,/life-proposal-tag/expert/zhu/,1,1,1,1,0
fb / eh5,fb20-3,何世昌 彙整 - 遠雄房地產,/life-proposal-tag/expert/何世昌/,1,1,1,1,0
(direct) / (none),(direct),燈光設計 彙整 - 遠雄房地產,/life-proposal-tag/interior_design-2/lighting/,1,1,1,1,0
google / organic,(organic),空間利用 彙整 - 遠雄房地產,/life-proposal-tag/interior_design-2/space/,1,1,3,3,33
tw.search.yahoo.com / referral,(referral),空間利用 彙整 - 遠雄房地產,/life-proposal-tag/interior_design-2/space/,1,1,1,1,0
(direct) / (none),(direct),空間色彩 彙整 - 遠雄房地產,/life-proposal-tag/interior_design-2/space_color/,1,1,1,1,18
(direct) / (none),(direct),視覺穿透 彙整 - 遠雄房地產,/life-proposal-tag/interior_design-2/visual/,1,1,1,1,4
(direct) / (none),(direct),借名登記 彙整 - 遠雄房地產,/life-proposal-tag/law_property/borrow_name/,1,1,1,1,0
google / organic,(organic),預告登記 彙整 - 遠雄房地產,/life-proposal-tag/law_property/borrow_name_2/,1,1,3,3,0
(direct) / (none),(direct),抵押權 彙整 - 遠雄房地產,/life-proposal-tag/law_property/hypothec/,1,1,1,1,5
google / organic,(organic),信託保障 彙整 - 遠雄房地產,/life-proposal-tag/law_property/信託保障/,1,1,1,1,0
google / organic,(organic),區分所有權人 彙整 - 遠雄房地產,/life-proposal-tag/law_property/區分所有權人/,1,1,1,1,9
(direct) / (none),(direct),繼承程序 彙整 - 遠雄房地產,/life-proposal-tag/law_property/繼承程序/,1,1,1,1,0
(direct) / (none),(direct),居家保養 彙整 - 遠雄房地產,/life-proposal-tag/living_quality/living/,1,1,1,1,0
(direct) / (none),(direct),除溼 彙整 - 遠雄房地產,/life-proposal-tag/living_quality/living/dehumidification/,1,1,1,1,5
(direct) / (none),(direct),居住安全 彙整 - 遠雄房地產,/life-proposal-tag/living_quality/居住安全/,1,1,1,1,0
(direct) / (none),(direct),漏電檢查 彙整 - 遠雄房地產,/life-proposal-tag/living_quality/居住安全/漏電檢查/,1,1,1,1,0
google / organic,(organic),漏電檢查 彙整 - 遠雄房地產,/life-proposal-tag/living_quality/居住安全/漏電檢查/,1,1,1,1,8
google / organic,(organic),跳電 彙整 - 遠雄房地產,/life-proposal-tag/living_quality/居住安全/跳電/,1,1,1,1,3
fb / eh1,formbutton,AI 產業 彙整 - 遠雄房地產,/life-proposal-tag/macroeconomics-2/ai-產業/,1,1,1,1,0
(not set),高雄楠梓,AI 產業 彙整 - 遠雄房地產,/life-proposal-tag/macroeconomics-2/ai-產業/,1,1,1,1,0
(direct) / (none),(direct),CPI 年增率 彙整 - 遠雄房地產,/life-proposal-tag/macroeconomics-2/cpi/,1,1,1,1,5
google / cpc,gdn-1,聯準會 彙整 - 遠雄房地產,/life-proposal-tag/macroeconomics-2/fed/,1,1,1,1,0
(direct) / (none),(direct),通膨 彙整 - 遠雄房地產,/life-proposal-tag/macroeconomics-2/inflation/,1,1,1,1,0
(direct) / (none),(direct),通膨 彙整 - 頁2，共2 - 遠雄房地產,/life-proposal-tag/macroeconomics-2/inflation/page/2/,1,1,1,1,0
(direct) / (none),(direct),製造業 彙整 - 遠雄房地產,/life-proposal-tag/macroeconomics-2/manufacturing/,1,1,1,1,0
bing / organic,(organic),製造業 彙整 - 遠雄房地產,/life-proposal-tag/macroeconomics-2/manufacturing/,1,1,1,1,4
google / cpc,gdn-1,製造業 彙整 - 遠雄房地產,/life-proposal-tag/macroeconomics-2/manufacturing/,1,1,1,1,0
(not set),台中,製造業 彙整 - 遠雄房地產,/life-proposal-tag/macroeconomics-2/manufacturing/,1,1,1,1,0
(not set),高雄楠梓,半導體 彙整 - 遠雄房地產,/life-proposal-tag/macroeconomics-2/semiconductor/,1,1,1,1,0
(direct) / (none),(direct),台積電 彙整 - 遠雄房地產,/life-proposal-tag/macroeconomics-2/semiconductor/台積電/,1,1,1,1,6
(direct) / (none),(direct),美國經濟 彙整 - 遠雄房地產,/life-proposal-tag/macroeconomics-2/u-s-economy/,1,1,1,1,0
(direct) / (none),(direct),科技禁令 彙整 - 遠雄房地產,/life-proposal-tag/macroeconomics-2/中國市場/科技禁令/,1,1,1,1,0
(direct) / (none),(direct),經濟衰退 彙整 - 遠雄房地產,/life-proposal-tag/macroeconomics-2/全球景氣/經濟衰退/,1,1,1,1,0
(direct) / (none),(direct),出口表現 彙整 - 遠雄房地產,/life-proposal-tag/macroeconomics-2/出口表現/,1,1,1,1,5
(direct) / (none),(direct),國際油價 彙整 - 遠雄房地產,/life-proposal-tag/macroeconomics-2/國際油價/,1,1,1,1,6
(not set),台中,地緣政治 彙整 - 遠雄房地產,/life-proposal-tag/macroeconomics-2/地緣政治/,1,1,1,1,0
(not set),高雄楠梓,地緣政治 彙整 - 遠雄房地產,/life-proposal-tag/macroeconomics-2/地緣政治/,1,1,1,1,0
(direct) / (none),(direct),川普行政命令 彙整 - 遠雄房地產,/life-proposal-tag/macroeconomics-2/川普行政命令/,1,1,1,1,5
(direct) / (none),(direct),中國報復性關稅 彙整 - 遠雄房地產,/life-proposal-tag/macroeconomics-2/川普行政命令/中國報復性關稅/,1,1,1,1,3
(direct) / (none),(direct),中國關稅 彙整 - 遠雄房地產,/life-proposal-tag/macroeconomics-2/川普行政命令/中國關稅/,1,1,1,1,3
(direct) / (none),(direct),台灣晶片產業 彙整 - 遠雄房地產,/life-proposal-tag/macroeconomics-2/川普行政命令/台灣晶片產業/,1,1,1,1,5
(direct) / (none),(direct),科技戰 彙整 - 遠雄房地產,/life-proposal-tag/macroeconomics-2/川普行政命令/科技戰/,1,1,1,1,0
google / cpc,gdn-2,關稅政策 彙整 - 遠雄房地產,/life-proposal-tag/macroeconomics-2/川普行政命令/關稅政策/,1,1,1,1,0
google / cpc,gdn11-2,關稅政策 彙整 - 遠雄房地產,/life-proposal-tag/macroeconomics-2/川普行政命令/關稅政策/,1,1,1,1,0
(not set),高雄楠梓,關稅政策 彙整 - 遠雄房地產,/life-proposal-tag/macroeconomics-2/川普行政命令/關稅政策/,1,1,1,1,0
(direct) / (none),(direct),營收表現 彙整 - 遠雄房地產,/life-proposal-tag/macroeconomics-2/營收表現/,1,1,1,1,5
(direct) / (none),(direct),股市走勢 彙整 - 遠雄房地產,/life-proposal-tag/macroeconomics-2/股市走勢/,1,1,1,1,3
(direct) / (none),(direct),財報 彙整 - 遠雄房地產,/life-proposal-tag/macroeconomics-2/財報/,1,1,1,1,0
(not set),高雄楠梓,資本支出 彙整 - 遠雄房地產,/life-proposal-tag/macroeconomics-2/資本支出/,1,1,1,1,0
(direct) / (none),(direct),通縮螺旋 彙整 - 遠雄房地產,/life-proposal-tag/macroeconomics-2/通縮螺旋/,1,1,1,1,0
google / cpc,gdn-3,貴金屬 彙整 - 遠雄房地產,/life-proposal-tag/macroeconomics-2/金價漲跌/貴金屬/,1,1,1,1,0
(direct) / (none),(direct),降息 彙整 - 遠雄房地產,/life-proposal-tag/macroeconomics-2/降息/,1,1,1,1,4
(not set),高雄楠梓,降息 彙整 - 遠雄房地產,/life-proposal-tag/macroeconomics-2/降息/,1,1,1,1,1
(direct) / (none),(direct),供需變化 彙整 - 遠雄房地產,/life-proposal-tag/office/供需變化/,1,1,1,1,0
(direct) / (none),(direct),空置率 彙整 - 遠雄房地產,/life-proposal-tag/office/空置率/,1,1,1,1,4
(direct) / (none),(direct),綠色建築標章 彙整 - 遠雄房地產,/life-proposal-tag/office/綠色建築標章/,1,1,1,1,0
(direct) / (none),(direct),綠色租賃 彙整 - 遠雄房地產,/life-proposal-tag/office/綠色租賃/,1,1,1,1,0
fb / fm3,formbutton,辦公室租賃市場 彙整 - 遠雄房地產,/life-proposal-tag/office/辦公室租賃市場/,1,1,1,1,0
google / cpc,gdn11-2,辦公室租賃市場 彙整 - 遠雄房地產,/life-proposal-tag/office/辦公室租賃市場/,1,1,1,1,0
(direct) / (none),(direct),14、政府政策 彙整 - 遠雄房地產,/life-proposal-tag/policy/,1,1,1,1,0
(direct) / (none),(direct),公益出租 彙整 - 遠雄房地產,/life-proposal-tag/policy/住宅政策/公益出租/,1,1,1,1,5
google / organic,(organic),公益出租 彙整 - 遠雄房地產,/life-proposal-tag/policy/住宅政策/公益出租/,1,1,1,1,0
(direct) / (none),(direct),實坪制 彙整 - 遠雄房地產,/life-proposal-tag/policy/實坪制/,1,1,1,1,0
(direct) / (none),(direct),建築技術規則 彙整 - 遠雄房地產,/life-proposal-tag/policy/建築技術規則/,1,1,1,1,0
google / organic,(organic),建築技術規則 彙整 - 遠雄房地產,/life-proposal-tag/policy/建築技術規則/,1,1,1,1,3
fb / fm3,fb9-1,選擇性信用管制 彙整 - 遠雄房地產,/life-proposal-tag/policy/選擇性信用管制-policy/,1,1,1,1,0
google / cpc,gdn-1,選擇性信用管制 彙整 - 遠雄房地產,/life-proposal-tag/policy/選擇性信用管制-policy/,1,1,1,1,0
(not set),台中,選擇性信用管制 彙整 - 遠雄房地產,/life-proposal-tag/policy/選擇性信用管制-policy/,1,1,1,1,0
(direct) / (none),(direct),科目四 彙整 - 遠雄房地產,/life-proposal-tag/policy/選擇性信用管制-policy/科目四/,1,1,1,1,2
(direct) / (none),(direct),銀行法 彙整 - 遠雄房地產,/life-proposal-tag/policy/選擇性信用管制-policy/銀行法/,1,1,1,1,3
google / organic,(organic),都市計畫 彙整 - 遠雄房地產,/life-proposal-tag/policy/都市計畫/,1,1,1,1,13
google / organic,(organic),土地使用分區 彙整 - 遠雄房地產,/life-proposal-tag/policy/都市計畫/土地使用分區/,1,1,1,1,8
google / cpc,gdn11-2,2025房市趨勢 彙整 - 遠雄房地產,/life-proposal-tag/real_estate-2/2025房市趨勢-real_estate-2/,1,1,1,1,0
google / cpc,gdn-1,2026房市趨勢 彙整 - 遠雄房地產,/life-proposal-tag/real_estate-2/2026房市趨勢/,1,1,1,1,0
google / cpc,gdn-2,2026房市趨勢 彙整 - 遠雄房地產,/life-proposal-tag/real_estate-2/2026房市趨勢/,1,1,1,1,0
(not set),台中,2026房市趨勢 彙整 - 遠雄房地產,/life-proposal-tag/real_estate-2/2026房市趨勢/,1,1,1,1,0
(not set),台南全區,2026房市趨勢 彙整 - 遠雄房地產,/life-proposal-tag/real_estate-2/2026房市趨勢/,1,1,2,2,0
(direct) / (none),(direct),應買公告 彙整 - 遠雄房地產,/life-proposal-tag/real_estate-2/announcement_to_buy/,1,1,1,1,0
(direct) / (none),(direct),自由市場 彙整 - 遠雄房地產,/life-proposal-tag/real_estate-2/free_market/,1,1,1,1,0
(direct) / (none),(direct),德國 彙整 - 遠雄房地產,/life-proposal-tag/real_estate-2/germany/,1,1,1,1,0
(direct) / (none),(direct),土地交易 彙整 - 遠雄房地產,/life-proposal-tag/real_estate-2/land_buy/,1,1,1,1,0
(not set),(not set),土地交易 彙整 - 遠雄房地產,/life-proposal-tag/real_estate-2/land_buy/,1,1,1,1,0
m.facebook.com / referral,(referral),土地交易 彙整 - 遠雄房地產,/life-proposal-tag/real_estate-2/land_buy/,1,1,1,1,0
google / cpc,gdn-1,土地交易 彙整 - 遠雄房地產,/life-proposal-tag/real_estate-2/land_buy/,1,1,1,1,1
(direct) / (none),(direct),房地產運作模式 彙整 - 遠雄房地產,/life-proposal-tag/real_estate-2/mode/,1,1,1,1,0
(direct) / (none),(direct),新加坡 彙整 - 遠雄房地產,/life-proposal-tag/real_estate-2/singapore/,1,1,1,1,0
(direct) / (none),(direct),瑕疵擔保 彙整 - 遠雄房地產,/life-proposal-tag/real_estate-2/warranty/,1,1,1,1,4
(direct) / (none),(direct),住宅需求 彙整 - 遠雄房地產,/life-proposal-tag/real_estate-2/住宅需求/,1,1,1,1,0
(direct) / (none),(direct),產業生態系 彙整 - 遠雄房地產,/life-proposal-tag/real_estate-2/區域發展計畫/產業生態系/,1,1,1,1,5
google / organic,(organic),房價指數 彙整 - 遠雄房地產,/life-proposal-tag/real_estate-2/房價指數/,1,1,1,1,1
google / organic,(organic),房價走勢 彙整 - 遠雄房地產,/life-proposal-tag/real_estate-2/房價走勢/,1,1,1,1,4
google / cpc,gdn-3,房價走勢 彙整 - 遠雄房地產,/life-proposal-tag/real_estate-2/房價走勢/,1,1,1,1,0
(direct) / (none),(direct),一、買房前-圖面設計 彙整 - 遠雄房地產,/life-proposal-tag/一/,1,1,1,1,5
google / cpc,(organic),平面圖 彙整 - 遠雄房地產,/life-proposal-tag/一/floor_plan/,1,1,1,1,0
(direct) / (none),(direct),三、買房後-空間規劃 彙整 - 遠雄房地產,/life-proposal-tag/三、買房後-空間規劃/,1,1,1,1,5
google / organic,(organic),陽台 彙整 - 遠雄房地產,/life-proposal-tag/三、買房後-空間規劃/balcony/,1,1,1,1,6
(direct) / (none),(direct),新青安 彙整 - 遠雄房地產,/life-proposal-tag/二/young_mortage/,1,1,1,1,0
google / organic,(organic),新青安 彙整 - 遠雄房地產,/life-proposal-tag/二/young_mortage/,1,1,1,1,22
(direct) / (none),(direct),寬限期 彙整 - 遠雄房地產,/life-proposal-tag/二/寬限期/,1,1,1,1,4
(direct) / (none),(direct),房貸 彙整 - 遠雄房地產,/life-proposal-tag/二/房貸/,1,1,1,1,4
google / cpc,202601,房貸緊縮 彙整 - 遠雄房地產,/life-proposal-tag/二/房貸緊縮/,1,1,1,1,508
google / cpc,gdn-2,房貸緊縮 彙整 - 遠雄房地產,/life-proposal-tag/二/房貸緊縮/,1,1,1,1,0
(direct) / (none),(direct),貸款成數 彙整 - 遠雄房地產,/life-proposal-tag/二/貸款成數/,1,1,1,1,3
(direct) / (none),(direct),9.社區營運 彙整 - 遠雄房地產,/life-proposal-tag/社區營運/,1,1,1,1,0
(direct) / (none),(direct),管委會 彙整 - 遠雄房地產,/life-proposal-tag/社區營運/管委會/,1,1,1,1,7
(direct) / (none),(direct),生活提案 彙整 - 遠雄房地產,/life-proposal/,1,1,1,1,6
sms / aep-cdp,CRM-001-D,生活提案 彙整 - 遠雄房地產,/life-proposal/,1,1,2,2,4
google / cpc,(organic),新手買房注意事項：建商評價排名查詢、售後服務與房屋結構體/防水保固教學,/life-proposal/13856/,1,1,1,1,26
tw.search.yahoo.com / referral,(referral),新手買房注意事項：建商評價排名查詢、售後服務與房屋結構體/防水保固教學,/life-proposal/13856/,1,1,1,1,110
fgr-line / fg,13856/,新手買房注意事項：建商評價排名查詢、售後服務與房屋結構體/防水保固教學,/life-proposal/13856/,1,1,1,1,14
(not set),20260213一輪播,2021十大建商出爐！購屋前必知的建商評價 - 遠雄房地產,/life-proposal/2021-10/,1,1,1,1,11
fb_kol / fb_kol,h102,2021十大建商出爐！購屋前必知的建商評價 - 遠雄房地產,/life-proposal/2021-10/,1,1,2,2,24
(direct) / (none),(direct),買房停看聽：二工住宅要注意 - 遠雄房地產,/life-proposal/2phase_construction_20221118/,1,1,1,1,0
yahoo / organic,(organic),買房停看聽：二工住宅要注意 - 遠雄房地產,/life-proposal/2phase_construction_20221118/,1,1,1,1,28
(direct) / (none),(direct),建案熱區巡禮：北士科爆840億商辦案量，搶攻輝達、金仁寶供應鏈需求 - 遠雄房地產,/life-proposal/5vo1-1/,1,1,1,1,19
fb / 5vo1,260202,建案熱區巡禮：北士科爆840億商辦案量，搶攻輝達、金仁寶供應鏈需求 - 遠雄房地產,/life-proposal/5vo1-1/,1,1,1,1,0
google / cpc,DGM1-地區字,建案熱區巡禮：北士科爆840億商辦案量，搶攻輝達、金仁寶供應鏈需求 - 遠雄房地產,/life-proposal/5vo1-1/,1,1,1,1,54
perplexity / (not set),(not set),實價登錄怎麼看才不會被騙？常見6大陷阱與破解方法一次搞懂 - 遠雄房地產,/life-proposal/actual_selling_price20220708/,1,1,1,1,2
facebook.com / referral,(referral),實價登錄怎麼看才不會被騙？常見6大陷阱與破解方法一次搞懂 - 遠雄房地產,/life-proposal/actual_selling_price20220708/,1,1,1,1,0
l.instagram.com / referral,(referral),實價登錄怎麼看才不會被騙？常見6大陷阱與破解方法一次搞懂 - 遠雄房地產,/life-proposal/actual_selling_price20220708/,1,1,1,1,0
(not set),20260213一輪播,實價登錄怎麼看才不會被騙？常見6大陷阱與破解方法一次搞懂 - 遠雄房地產,/life-proposal/actual_selling_price20220708/,1,1,2,2,19
fgr-line / fgr,true_price,實價登錄怎麼看才不會被騙？常見6大陷阱與破解方法一次搞懂 - 遠雄房地產,/life-proposal/actual_selling_price20220708/,1,1,1,1,0
bing / organic,(organic),全齡住宅趨勢，0~100歲都適用 - 遠雄房地產,/life-proposal/allagehouse/,1,1,1,1,17
tw.search.yahoo.com / referral,(referral),全齡住宅趨勢，0~100歲都適用 - 遠雄房地產,/life-proposal/allagehouse/,1,1,1,1,23
(direct) / (none),(direct),修繕小知識：鐵鋁窗損毀要整組換掉嗎？【居家百科】 - 遠雄房地產,/life-proposal/aluminumandiron/,1,1,1,1,1
mkto-sn070013.com / referral,(referral),建案熱區巡禮：準珍稀保值性，高資產族低調買進軟橋段 - 遠雄房地產,/life-proposal/ar1-1/,1,1,1,1,17
(not set),20260213一輪播,建案熱區巡禮：準珍稀保值性，高資產族低調買進軟橋段 - 遠雄房地產,/life-proposal/ar1-1/,1,1,0,0,0
(not set),台南全區,建案熱區巡禮：準珍稀保值性，高資產族低調買進軟橋段 - 遠雄房地產,/life-proposal/ar1-1/,1,1,3,3,33
(not set),高雄,建案熱區巡禮：準珍稀保值性，高資產族低調買進軟橋段 - 遠雄房地產,/life-proposal/ar1-1/,1,1,1,1,3
(direct) / (none),(direct),首購新手買房重點：棟距與社區規劃好不好，住起來差很大 - 遠雄房地產,/life-proposal/architectural_planning/,1,1,1,1,1
google / cpc,(organic),首購新手買房重點：棟距與社區規劃好不好，住起來差很大 - 遠雄房地產,/life-proposal/architectural_planning/,1,1,1,1,61
(direct) / (none),(direct),建案熱區巡禮：台南永康大灣重劃區 - 綠地休憩篇 - 遠雄房地產,/life-proposal/area-hotspot-tnn-dawan_park_20240229/,1,1,1,1,3
google / organic,(organic),建案熱區巡禮：台南永康大灣重劃區 - 學區篇 - 遠雄房地產,/life-proposal/area-hotspot-tnn-dawan_school_20240303/,1,1,1,1,9
(not set),台中專家,建案熱區巡禮：高雄楠梓區高大特區生活圈 - 遠雄房地產,/life-proposal/area-kaohsiung-nanzi_nuk_function_20250211/,1,1,1,1,80
google / cpc,area,高雄楠梓區高大特區生活圈 | 建案熱區巡禮 - 遠雄房地產,/life-proposal/area-kaohsiung-nanzi_nuk_function_20250211/,1,1,1,1,61
(direct) / (none),(direct),建案熱區巡禮：高雄楠梓區高大特區 - 綠地休憩篇 - 遠雄房地產,/life-proposal/area-kaohsiung-nanzi_nuk_park_20250217/,1,1,1,1,6
google / cpc,area,建案熱區巡禮：高雄楠梓區高大特區 - 綠地休憩篇 - 遠雄房地產,/life-proposal/area-kaohsiung-nanzi_nuk_park_20250217/,1,1,1,1,48
chatgpt.com / (not set),(not set),楠梓高大特區寵物友善地點推薦：必訪5家餐廳＋3大寵物同樂好去處 - 遠雄房地產,/life-proposal/area-kaohsiung-nanzi_nuk_pet-cafe_20250613/,1,1,1,1,18
bing / organic,(organic),楠梓高大特區寵物友善地點推薦：必訪5家餐廳＋3大寵物同樂好去處 - 遠雄房地產,/life-proposal/area-kaohsiung-nanzi_nuk_pet-cafe_20250613/,1,1,4,4,52
google / cpc,gdn11-3,楠梓高大特區寵物友善地點推薦：必訪5家餐廳＋3大寵物同樂好去處 - 遠雄房地產,/life-proposal/area-kaohsiung-nanzi_nuk_pet-cafe_20250613/,1,1,2,2,98
chatgpt.com / (not set),(not set),高雄楠梓區高大特區寵物友善景點散步趣：與毛孩共享綠意生活 - 遠雄房地產,/life-proposal/area-kaohsiung-nanzi_nuk_pet-walk_20250606/,1,1,1,1,34
chatgpt.com / (not set),(not set),建案熱區巡禮：高雄楠梓區高大特區 - 學區篇 - 遠雄房地產,/life-proposal/area-kaohsiung-nanzi_nuk_school_20250225/,1,1,1,1,18
fb / fh2,fb1-2,建案熱區巡禮：高雄楠梓區高大特區 - 學區篇 - 遠雄房地產,/life-proposal/area-kaohsiung-nanzi_nuk_school_20250225/,1,1,1,1,45
(direct) / (none),(direct),建案熱區巡禮：高雄楠梓區高大特區 - 交通篇 - 遠雄房地產,/life-proposal/area-kaohsiung-nanzi_nuk_traffic_20250307/,1,1,1,1,277
google / cpc,brand,建案熱區巡禮：高雄楠梓區高大特區 - 交通篇 - 遠雄房地產,/life-proposal/area-kaohsiung-nanzi_nuk_traffic_20250307/,1,1,1,1,7
(direct) / (none),(direct),建案熱區巡禮：高雄三民區中都重劃區生活圈 - 遠雄房地產,/life-proposal/area-khh-central_202306719/,1,1,1,1,0
bing / organic,(organic),建案熱區巡禮：高雄三民區中都重劃區生活圈 - 遠雄房地產,/life-proposal/area-khh-central_202306719/,1,1,1,1,218
(not set),台南全區,高雄三民區中都重劃區生活圈 | 建案熱區巡禮 - 遠雄房地產,/life-proposal/area-khh-central_202306719/,1,1,1,1,15
(direct) / (none),(direct),高雄三民區中都重劃區生活圈，離塵不離城 | 建案熱區巡禮 - 遠雄房地產,/life-proposal/area-khh-central_202306719/,1,1,1,1,3
google / cpc,area,高雄三民區中都重劃區生活圈，離塵不離城 | 建案熱區巡禮 - 遠雄房地產,/life-proposal/area-khh-central_202306719/,1,1,2,2,60
(not set),台南全區,高雄三民區中都重劃區生活圈，離塵不離城 | 建案熱區巡禮 - 遠雄房地產,/life-proposal/area-khh-central_202306719/,1,1,3,3,16
(direct) / (none),(direct),建案熱區巡禮：高雄三民區高雄車站特區生活圈 - 遠雄房地產,/life-proposal/area-khh-station_20230914/,1,1,1,1,7
google / cpc,brand,建案熱區巡禮：高雄三民區高雄車站特區生活圈 - 遠雄房地產,/life-proposal/area-khh-station_20230914/,1,1,2,2,5
tw.search.yahoo.com / referral,(referral),建案熱區巡禮：新竹市東區 - 以科技驅動的繁榮未來 - 遠雄房地產,/life-proposal/area-l-hsinchu-east20240110/,1,1,1,1,4
(direct) / (none),(direct),新竹市東區 - 以科技驅動的繁榮未來 | 建案熱區巡禮 - 遠雄房地產,/life-proposal/area-l-hsinchu-east20240110/,1,1,1,1,0
google / organic,(organic),建案熱區巡禮：鼓山豪宅黃金鐵三角，高雄指標蛋黃區 - 遠雄房地產,/life-proposal/area-l-kaohsiung-gusha20200520/,1,1,1,1,8
(not set),台中,農十六、美術館特區，富邦開發與輕軌帶動高雄鼓山區新動能 | 建案熱區巡禮 - 遠雄房地產,/life-proposal/area-l-kaohsiung-gusha20200520/,1,1,1,1,11
(not set),台中,農十六、美術館豪宅聚落，富邦凹子底與輕軌通車帶動發展新動能 | 建案熱區巡禮 - 遠雄房地產,/life-proposal/area-l-kaohsiung-gusha20200520/,1,1,1,1,2
(not set),台中,高雄鼓山區全解析：農十六、美術館豪宅聚落，富邦凹子底與輕軌通車帶動發展新動能 | 建案熱區巡禮 - 遠雄房地產,/life-proposal/area-l-kaohsiung-gusha20200520/,1,1,1,1,4
(direct) / (none),(direct),高雄鼓山：農十六、美術館特區與富邦新商圈 | 建案熱區巡禮 - 遠雄房地產,/life-proposal/area-l-kaohsiung-gusha20200520/,1,1,3,3,22
statics.teams.cdn.office.net / referral,(referral),高雄鼓山：農十六、美術館特區與富邦新商圈 | 建案熱區巡禮 - 遠雄房地產,/life-proposal/area-l-kaohsiung-gusha20200520/,1,1,1,1,3
tw.search.yahoo.com / referral,(referral),高雄鼓山：農十六、美術館特區與富邦新商圈 | 建案熱區巡禮 - 遠雄房地產,/life-proposal/area-l-kaohsiung-gusha20200520/,1,1,1,1,135
fb / eh1,11-1,高雄鼓山：農十六、美術館特區與富邦新商圈 | 建案熱區巡禮 - 遠雄房地產,/life-proposal/area-l-kaohsiung-gusha20200520/,1,1,1,1,0
google / cpc,area,高雄鼓山：農十六、美術館特區與富邦新商圈 | 建案熱區巡禮 - 遠雄房地產,/life-proposal/area-l-kaohsiung-gusha20200520/,1,1,1,1,23
(not set),台南全區,高雄鼓山：農十六、美術館特區與富邦新商圈 | 建案熱區巡禮 - 遠雄房地產,/life-proposal/area-l-kaohsiung-gusha20200520/,1,1,4,4,33
(not set),台南全區,建案熱區巡禮：高雄楠梓區 - 從工業重鎮到經濟新引擎的崛起 - 遠雄房地產,/life-proposal/area-l-kaohsiung-nanzi_20250121/,1,1,10,10,124
gemini.google.com / referral,(referral),高雄楠梓區 - 從工業重鎮到經濟新引擎的崛起 | 建案熱區巡禮 - 遠雄房地產,/life-proposal/area-l-kaohsiung-nanzi_20250121/,1,1,1,1,17
tw.search.yahoo.com / referral,(referral),高雄楠梓區 - 從工業重鎮到經濟新引擎的崛起 | 建案熱區巡禮 - 遠雄房地產,/life-proposal/area-l-kaohsiung-nanzi_20250121/,1,1,1,1,61
bing / organic,(organic),2026 前鎮發展全解析：從 205 兵工廠搬遷到亞灣 2.0 智慧新城 | 建案熱區巡禮 - 遠雄房地產,/life-proposal/area-l-kaohsiung-qianzhen_20220805/,1,1,1,1,413
google / cpc,(organic),2026 前鎮發展全解析：從 205 兵工廠搬遷到亞灣 2.0 智慧新城 | 建案熱區巡禮 - 遠雄房地產,/life-proposal/area-l-kaohsiung-qianzhen_20220805/,1,1,1,1,184
(direct) / (none),(direct),建案熱區巡禮：高雄前鎮區產業升級新篇章 - 遠雄房地產,/life-proposal/area-l-kaohsiung-qianzhen_20220805/,1,1,1,1,15
chatgpt.com / (not set),(not set),建案熱區巡禮：高雄前鎮區產業升級新篇章 - 遠雄房地產,/life-proposal/area-l-kaohsiung-qianzhen_20220805/,1,1,1,1,85
(not set),台南全區,建案熱區巡禮：高雄前鎮區產業升級新篇章 - 遠雄房地產,/life-proposal/area-l-kaohsiung-qianzhen_20220805/,1,1,8,8,111
(direct) / (none),(direct),建案熱區巡禮：高雄三民區老市心新重劃，首購換屋都適宜 - 遠雄房地產,/life-proposal/area-l-kaohsiung-sanmin20220520/,1,1,1,1,0
chatgpt.com / (not set),(not set),建案熱區巡禮：高雄三民區老市心新重劃，首購換屋都適宜 - 遠雄房地產,/life-proposal/area-l-kaohsiung-sanmin20220520/,1,1,1,1,33
(not set),新北中和,中和翻轉！北台灣電子製造業最大產業聚落  | 建案熱區巡禮 - 遠雄房地產,/life-proposal/area-l-newtaipei-zhonghe_20220923/,1,1,0,0,0
(direct) / (none),(direct),中和翻轉！萬大線與舊廠翻新紅利 | 建案熱區巡禮 - 遠雄房地產,/life-proposal/area-l-newtaipei-zhonghe_20220923/,1,1,1,1,60
bing / organic,(organic),中和翻轉！萬大線與舊廠翻新紅利 | 建案熱區巡禮 - 遠雄房地產,/life-proposal/area-l-newtaipei-zhonghe_20220923/,1,1,1,1,24
(not set),新北中和,中和翻轉！萬大線與舊廠翻新紅利 | 建案熱區巡禮 - 遠雄房地產,/life-proposal/area-l-newtaipei-zhonghe_20220923/,1,1,3,3,286
google / organic,(organic),中和翻轉：萬大線紅利、二八張工業區與舊廠翻新全攻略 | 建案熱區巡禮 - 遠雄房地產,/life-proposal/area-l-newtaipei-zhonghe_20220923/,1,1,1,1,4
bing / organic,(organic),建案熱區巡禮：中和翻轉！北台灣電子製造業最大產業聚落  - 遠雄房地產,/life-proposal/area-l-newtaipei-zhonghe_20220923/,1,1,1,1,20
(not set),新北中和,建案熱區巡禮：中和翻轉！北台灣電子製造業最大產業聚落  - 遠雄房地產,/life-proposal/area-l-newtaipei-zhonghe_20220923/,1,1,0,0,0
(direct) / (none),(direct),建案熱區巡禮：板橋為交通便捷、生活機能佳的新北都心 - 遠雄房地產,/life-proposal/area-l-ntpc_banqiao_20240717/,1,1,1,1,1
tw.search.yahoo.com / referral,(referral),建案熱區巡禮：板橋為交通便捷、生活機能佳的新北都心 - 遠雄房地產,/life-proposal/area-l-ntpc_banqiao_20240717/,1,1,2,2,200
google / cpc,brand,建案熱區巡禮：板橋為交通便捷、生活機能佳的新北都心 - 遠雄房地產,/life-proposal/area-l-ntpc_banqiao_20240717/,1,1,1,1,31
google / organic,(organic),板橋為交通便捷、生活機能佳的新北都心 | 建案熱區巡禮 - 遠雄房地產,/life-proposal/area-l-ntpc_banqiao_20240717/,1,1,1,1,44
(direct) / (none),(direct),為何首購族選擇北屯？交通、建設與重劃區一次看懂 | 建案熱區巡禮 - 遠雄房地產,/life-proposal/area-l-taichung-beitun20220520/,1,1,1,1,1
google / cpc,brand,為何首購族選擇北屯？交通、建設與重劃區一次看懂 | 建案熱區巡禮 - 遠雄房地產,/life-proposal/area-l-taichung-beitun20220520/,1,1,1,1,3
(not set),台中西屯,為何首購族選擇北屯？交通、建設與重劃區一次看懂 | 建案熱區巡禮 - 遠雄房地產,/life-proposal/area-l-taichung-beitun20220520/,1,1,0,0,27
(not set),高雄前鎮,為何首購族選擇北屯？交通、建設與重劃區一次看懂 | 建案熱區巡禮 - 遠雄房地產,/life-proposal/area-l-taichung-beitun20220520/,1,1,1,1,0
(direct) / (none),(direct),建案熱區巡禮：清水梧棲雙港核心崛起，台中海線房市新引擎 - 遠雄房地產,/life-proposal/area-l-taichung-wuqi_20220826/,1,1,1,1,32
google / organic,(organic),建案熱區巡禮：清水梧棲雙港核心崛起，台中海線房市新引擎 - 遠雄房地產,/life-proposal/area-l-taichung-wuqi_20220826/,1,1,1,1,5
(not set),台中,建案熱區巡禮：清水梧棲雙港核心崛起，台中海線房市新引擎 - 遠雄房地產,/life-proposal/area-l-taichung-wuqi_20220826/,1,1,0,0,0
bing / organic,(organic),清水梧棲雙港核心崛起，台中海線房市新引擎 | 建案熱區巡禮 - 遠雄房地產,/life-proposal/area-l-taichung-wuqi_20220826/,1,1,2,2,22
google / organic,(organic),清水梧棲雙港核心崛起，台中海線房市新引擎 | 建案熱區巡禮 - 遠雄房地產,/life-proposal/area-l-taichung-wuqi_20220826/,1,1,1,1,3
yahoo / organic,(organic),清水梧棲雙港核心崛起，台中海線房市新引擎 | 建案熱區巡禮 - 遠雄房地產,/life-proposal/area-l-taichung-wuqi_20220826/,1,1,1,1,138
(direct) / (none),(direct),建案熱區巡禮：台中西屯區，美食、藝文、交通樣樣好 - 遠雄房地產,/life-proposal/area-l-taichung-xitun20220520/,1,1,1,1,54
perplexity / (not set),(not set),建案熱區巡禮：台中西屯區，美食、藝文、交通樣樣好 - 遠雄房地產,/life-proposal/area-l-taichung-xitun20220520/,1,1,1,1,121
google / cpc,(organic),建案熱區巡禮：前進台南商業副都心-安南區一探究竟 - 遠雄房地產,/life-proposal/area-l-tainan-annan20200520/,1,1,1,1,41
bing / organic,(organic),台南中西區 – 文化交融與現代發展並進 | 建案熱區巡禮 - 遠雄房地產,/life-proposal/area-l-tainan-west-central_20250402/,1,1,1,1,49
tw.search.yahoo.com / referral,(referral),台南中西區 – 文化交融與現代發展並進 | 建案熱區巡禮 - 遠雄房地產,/life-proposal/area-l-tainan-west-central_20250402/,1,1,1,1,44
(not set),台中全區,台南中西區 – 文化交融與現代發展並進 | 建案熱區巡禮 - 遠雄房地產,/life-proposal/area-l-tainan-west-central_20250402/,1,1,1,1,8
(direct) / (none),(direct),建案熱區巡禮：台南中西區 – 文化交融與現代發展並進 - 遠雄房地產,/life-proposal/area-l-tainan-west-central_20250402/,1,1,1,1,0
(direct) / (none),(direct),"建案熱區巡禮：在北投享受適居生活、溫泉慢活""心""價值 - 遠雄房地產",/life-proposal/area-l-taipei-beitou20220520/,1,1,1,1,61
mkto-sn070013.com / referral,(referral),"建案熱區巡禮：在北投享受適居生活、溫泉慢活""心""價值 - 遠雄房地產",/life-proposal/area-l-taipei-beitou20220520/,1,1,2,2,11
(not set),北投士林,"建案熱區巡禮：在北投享受適居生活、溫泉慢活""心""價值 - 遠雄房地產",/life-proposal/area-l-taipei-beitou20220520/,1,1,1,1,1
(not set),桃園桃園,"建案熱區巡禮：在北投享受適居生活、溫泉慢活""心""價值 - 遠雄房地產",/life-proposal/area-l-taipei-beitou20220520/,1,1,1,1,0
mkto-sn070013.com / referral,(referral),台北士林區：交通、觀光與都市再生並進｜建案熱區巡禮 - 遠雄房地產,/life-proposal/area-l-taipei-shilin20220520/,1,1,4,4,236
(not set),20260213一輪播,台北士林區：交通、觀光與都市再生並進｜建案熱區巡禮 - 遠雄房地產,/life-proposal/area-l-taipei-shilin20220520/,1,1,1,1,13
(not set),台南全區,台北士林區：交通、觀光與都市再生並進｜建案熱區巡禮 - 遠雄房地產,/life-proposal/area-l-taipei-shilin20220520/,1,1,2,2,6
(not set),桃園桃園,台北士林區：交通、觀光與都市再生並進｜建案熱區巡禮 - 遠雄房地產,/life-proposal/area-l-taipei-shilin20220520/,1,1,1,1,0
chatgpt.com / (not set),(not set),建案熱區巡禮：桃園龜山重大建設帶動發展利多 - 遠雄房地產,/life-proposal/area-l-taoyuan-guishan/,1,1,1,1,0
(direct) / (none),(direct),桃園龜山重大建設帶動發展利多 | 建案熱區巡禮 - 遠雄房地產,/life-proposal/area-l-taoyuan-guishan/,1,1,1,1,1
bing / organic,(organic),桃園龜山重大建設帶動發展利多 | 建案熱區巡禮 - 遠雄房地產,/life-proposal/area-l-taoyuan-guishan/,1,1,1,1,24
gemini.google.com / referral,(referral),桃園龜山重大建設帶動發展利多 | 建案熱區巡禮 - 遠雄房地產,/life-proposal/area-l-taoyuan-guishan/,1,1,1,1,23
news.google.com / referral,(referral),桃園龜山重大建設帶動發展利多 | 建案熱區巡禮 - 遠雄房地產,/life-proposal/area-l-taoyuan-guishan/,1,1,1,1,19
(not set),北投士林,桃園龜山重大建設帶動發展利多 | 建案熱區巡禮 - 遠雄房地產,/life-proposal/area-l-taoyuan-guishan/,1,1,1,1,31
google / cpc,(organic),建案熱區巡禮：移居桃園市桃園區，比想像中更舒適 - 遠雄房地產,/life-proposal/area-l-taoyuan-taoyuan20220520/,1,1,1,1,13
mkto-sn070013.com / referral,(referral),建案熱區巡禮：移居桃園市桃園區，比想像中更舒適 - 遠雄房地產,/life-proposal/area-l-taoyuan-taoyuan20220520/,1,1,1,1,5
(not set),北投士林,建案熱區巡禮：移居桃園市桃園區，比想像中更舒適 - 遠雄房地產,/life-proposal/area-l-taoyuan-taoyuan20220520/,1,1,1,1,22
(not set),台南全區,建案熱區巡禮：移居桃園市桃園區，比想像中更舒適 - 遠雄房地產,/life-proposal/area-l-taoyuan-taoyuan20220520/,1,1,1,1,5
(direct) / (none),(direct),建案熱區巡禮：中壢人都說自己不算桃園人？自成一格的幸福日常 - 遠雄房地產,/life-proposal/area-l-taoyuan-zhongli20220520/,1,1,1,1,44
(not set),桃園中壢,建案熱區巡禮：中壢人都說自己不算桃園人？自成一格的幸福日常 - 遠雄房地產,/life-proposal/area-l-taoyuan-zhongli20220520/,1,1,0,0,12
(not set),桃園桃園,建案熱區巡禮：中壢人都說自己不算桃園人？自成一格的幸福日常 - 遠雄房地產,/life-proposal/area-l-taoyuan-zhongli20220520/,1,1,1,1,6
google / cpc,(not set),建案熱區巡禮：高雄農十六（凹子底地區）指標豪宅生活區 - 遠雄房地產,/life-proposal/area-s-kaohsiung-farm1620200520/,1,1,1,1,86
perplexity / (not set),(not set),建案熱區巡禮：高雄農十六（凹子底地區）指標豪宅生活區 - 遠雄房地產,/life-proposal/area-s-kaohsiung-farm1620200520/,1,1,1,1,1301
mkto-sn070013.com / referral,(referral),建案熱區巡禮：高雄農十六（凹子底地區）指標豪宅生活區 - 遠雄房地產,/life-proposal/area-s-kaohsiung-farm1620200520/,1,1,1,1,170
google / cpc,O1_品牌字_2025.0801,建案熱區巡禮：高雄農十六（凹子底地區）指標豪宅生活區 - 遠雄房地產,/life-proposal/area-s-kaohsiung-farm1620200520/,1,1,1,1,66
google / cpc,O1_競品字_2025.0801,建案熱區巡禮：高雄農十六（凹子底地區）指標豪宅生活區 - 遠雄房地產,/life-proposal/area-s-kaohsiung-farm1620200520/,1,1,2,2,57
google / cpc,brand,建案熱區巡禮：高雄農十六（凹子底地區）指標豪宅生活區 - 遠雄房地產,/life-proposal/area-s-kaohsiung-farm1620200520/,1,1,3,3,49
(not set),台南全區,建案熱區巡禮：高雄農十六（凹子底地區）指標豪宅生活區 - 遠雄房地產,/life-proposal/area-s-kaohsiung-farm1620200520/,1,1,7,7,100
(not set),新北中和,建案熱區巡禮：高雄農十六（凹子底地區）指標豪宅生活區 - 遠雄房地產,/life-proposal/area-s-kaohsiung-farm1620200520/,1,1,1,1,18
yahoo / organic,(organic),5G AIoT の生産能力が爆発的に拡大！アジア新湾区が高雄をひっくり返し、スマートハーバー豪邸集落を形作る | 建案熱区巡礼 - 遠雄不動産,/life-proposal/area-s-kaohsiung-newbay_20220824/,1,1,0,0,220
(direct) / (none),(direct),5G AIoT 產能爆發！亞洲新灣區翻轉高雄，型塑智慧港灣豪宅聚落 | 建案熱區巡禮 - 遠雄房地產,/life-proposal/area-s-kaohsiung-newbay_20220824/,1,1,1,1,0
yahoo / organic,(organic),5G AIoT 產能爆發！亞洲新灣區翻轉高雄，型塑智慧港灣豪宅聚落 | 建案熱區巡禮 - 遠雄房地產,/life-proposal/area-s-kaohsiung-newbay_20220824/,1,1,2,2,7
google / cpc,O1_競品字_2025.0801,5G AIoT 產能爆發！亞洲新灣區翻轉高雄，型塑智慧港灣豪宅聚落 | 建案熱區巡禮 - 遠雄房地產,/life-proposal/area-s-kaohsiung-newbay_20220824/,1,1,1,1,5
google / cpc,O1_競品字_2025.0801,建案熱區巡禮：5G AIoT 產能爆發！亞洲新灣區翻轉高雄，型塑智慧港灣豪宅聚落 - 遠雄房地產,/life-proposal/area-s-kaohsiung-newbay_20220824/,1,1,1,1,6
(not set),台南全區,建案熱區巡禮：5G AIoT 產能爆發！亞洲新灣區翻轉高雄，型塑智慧港灣豪宅聚落 - 遠雄房地產,/life-proposal/area-s-kaohsiung-newbay_20220824/,1,1,1,1,5
(direct) / (none),(direct),建案熱區巡禮：科工館商圈環繞，北高雄發展潛力股 - 遠雄房地產,/life-proposal/area-s-kaohsiung-nstm20220520/,1,1,1,1,6
(direct) / (none),(direct),建案熱區巡禮：第二個美術館特區-高雄三民中都重劃區 - 遠雄房地產,/life-proposal/area-s-khh-central_20240502/,1,1,3,3,57
chatgpt.com / referral,(referral),建案熱區巡禮：第二個美術館特區-高雄三民中都重劃區 - 遠雄房地產,/life-proposal/area-s-khh-central_20240502/,1,1,0,0,0
excel.officeapps.live.com / referral,(referral),建案熱區巡禮：第二個美術館特區-高雄三民中都重劃區 - 遠雄房地產,/life-proposal/area-s-khh-central_20240502/,1,1,1,1,8
bing / organic,(organic),第二個美術館特區-高雄三民中都重劃區 | 建案熱區巡禮 - 遠雄房地產,/life-proposal/area-s-khh-central_20240502/,1,1,1,1,12
gemini.google.com / referral,(referral),第二個美術館特區-高雄三民中都重劃區 | 建案熱區巡禮 - 遠雄房地產,/life-proposal/area-s-khh-central_20240502/,1,1,1,1,3
google / cpc,area,第二個美術館特區-高雄三民中都重劃區 | 建案熱區巡禮 - 遠雄房地產,/life-proposal/area-s-khh-central_20240502/,1,1,1,1,2
(not set),台南中西,第二個美術館特區-高雄三民中都重劃區 | 建案熱區巡禮 - 遠雄房地產,/life-proposal/area-s-khh-central_20240502/,1,1,0,0,12
google / organic,高雄三民,第二個美術館特區-高雄三民中都重劃區 | 建案熱區巡禮 - 遠雄房地產,/life-proposal/area-s-khh-central_20240502/,1,1,0,0,0
(direct) / (none),(direct),建案熱區巡禮：新北國都之門「新莊副都心」，產業聚落移居城市 - 遠雄房地產,/life-proposal/area-s-newtaipei-xinzhuangfuduxin_20220930/,1,1,1,1,42
(not set),20260213一輪播,新莊副都心十年有成：雙捷、百貨、影視中心交織的宜居新指標 | 建案熱區巡禮 - 遠雄房地產,/life-proposal/area-s-newtaipei-xinzhuangfuduxin_20220930/,1,1,1,1,4
(not set),台南全區,新莊副都心十年有成：雙捷、百貨、影視中心交織的宜居新指標 | 建案熱區巡禮 - 遠雄房地產,/life-proposal/area-s-newtaipei-xinzhuangfuduxin_20220930/,1,1,6,6,68
(not set),新北新莊,新莊副都心十年有成：雙捷、百貨、影視中心交織的宜居新指標 | 建案熱區巡禮 - 遠雄房地產,/life-proposal/area-s-newtaipei-xinzhuangfuduxin_20220930/,1,1,0,0,0
(direct) / (none),(direct),建案熱區巡禮：北屯11期，台中未來新都心 - 遠雄房地產,/life-proposal/area-s-taichung-11_20220916/,1,1,3,3,42
excel.officeapps.live.com / referral,(referral),建案熱區巡禮：北屯11期，台中未來新都心 - 遠雄房地產,/life-proposal/area-s-taichung-11_20220916/,1,1,1,1,13
bing / organic,(organic),漢神巨蛋到位！北屯 11 期坐穩未來新都心 | 建案熱區巡禮 - 遠雄房地產,/life-proposal/area-s-taichung-11_20220916/,1,1,1,1,145
google / cpc,(organic),漢神巨蛋到位！北屯 11 期坐穩未來新都心 | 建案熱區巡禮 - 遠雄房地產,/life-proposal/area-s-taichung-11_20220916/,1,1,1,1,15
google_kw / h713,(organic),漢神巨蛋到位！北屯 11 期坐穩未來新都心 | 建案熱區巡禮 - 遠雄房地產,/life-proposal/area-s-taichung-11_20220916/,1,1,1,1,2
statics.teams.cdn.office.net / referral,(referral),漢神巨蛋到位！北屯 11 期坐穩未來新都心 | 建案熱區巡禮 - 遠雄房地產,/life-proposal/area-s-taichung-11_20220916/,1,1,1,1,37
fb / bh8,fb25-7,漢神巨蛋到位！北屯 11 期坐穩未來新都心 | 建案熱區巡禮 - 遠雄房地產,/life-proposal/area-s-taichung-11_20220916/,1,1,1,1,0
(direct) / (none),(direct),漢神洲際、台中巨蛋到位，北屯11期坐穩台中未來新都心 | 建案熱區巡禮 - 遠雄房地產,/life-proposal/area-s-taichung-11_20220916/,1,1,3,3,14
(not set),台中,漢神洲際、台中巨蛋到位，北屯11期坐穩台中未來新都心 | 建案熱區巡禮 - 遠雄房地產,/life-proposal/area-s-taichung-11_20220916/,1,1,0,0,60
(direct) / (none),(direct),建案熱區巡禮：蓄勢待發的台中14期美和庄市地重劃區 - 遠雄房地產,/life-proposal/area-s-taichung-14th20220520/,1,1,2,2,13
google / organic,(organic),建案熱區巡禮：蓄勢待發的台中14期美和庄市地重劃區 - 遠雄房地產,/life-proposal/area-s-taichung-14th20220520/,1,1,1,1,63
tw.search.yahoo.com / referral,(referral),建案熱區巡禮：蓄勢待發的台中14期美和庄市地重劃區 - 遠雄房地產,/life-proposal/area-s-taichung-14th20220520/,1,1,1,1,81
(direct) / (none),(direct),建案熱區巡禮：台中七期重劃區，身心富足的高端居住典範 - 遠雄房地產,/life-proposal/area-s-taichung-7th20220520/,1,1,1,1,56
(direct) / (none),(direct),建案熱區巡禮：住在永康大灣好便利！唯一純住重劃區！ - 遠雄房地產,/life-proposal/area-s-tainan-dawan20220520/,1,1,1,1,26
google / organic,(organic),建案熱區巡禮：住在永康大灣好便利！唯一純住重劃區！ - 遠雄房地產,/life-proposal/area-s-tainan-dawan20220520/,1,1,1,1,23
tw.search.yahoo.com / referral,(referral),建案熱區巡禮：住在永康大灣好便利！唯一純住重劃區！ - 遠雄房地產,/life-proposal/area-s-tainan-dawan20220520/,1,1,2,2,46
(direct) / (none),(direct),建案熱區巡禮：台南市心花園 - 安南溪東重劃區 - 遠雄房地產,/life-proposal/area-s-tainan-haidian20200520/,1,1,1,1,1
bing / organic,(organic),台南中西區運河星鑽特區打造台南曼哈頓 | 建案熱區巡禮 - 遠雄房地產,/life-proposal/area-s-tainan_west-central_diamond_20250425/,1,1,1,1,0
mkto-sn070013.com / referral,(referral),台南中西區運河星鑽特區打造台南曼哈頓 | 建案熱區巡禮 - 遠雄房地產,/life-proposal/area-s-tainan_west-central_diamond_20250425/,1,1,2,2,84
tw.search.yahoo.com / referral,(referral),台南中西區運河星鑽特區打造台南曼哈頓 | 建案熱區巡禮 - 遠雄房地產,/life-proposal/area-s-tainan_west-central_diamond_20250425/,1,1,1,1,58
mkto-sn070013.com / referral,(referral),台南中西區運河星鑽特區，重塑台南的歷史與現代風貌 | 建案熱區巡禮 - 遠雄房地產,/life-proposal/area-s-tainan_west-central_diamond_20250425/,1,1,2,2,31
(direct) / (none),(direct),建案熱區巡禮：台南中西區運河星鑽特區，重塑台南的歷史與現代風貌 - 遠雄房地產,/life-proposal/area-s-tainan_west-central_diamond_20250425/,1,1,1,1,2
news.google.com / referral,(referral),建案熱區巡禮：台南中西區運河星鑽特區，重塑台南的歷史與現代風貌 - 遠雄房地產,/life-proposal/area-s-tainan_west-central_diamond_20250425/,1,1,1,1,4
mkto-sn070013.com / referral,(referral),台南中西區運河星鑽特區坐擁頂級水岸生活圈 | 建案熱區巡禮 - 遠雄房地產,/life-proposal/area-s-tainan_west-central_redevelop_diamond_20250502/,1,1,1,1,4
fgr-line / dh2,20260206,台南中西區運河星鑽特區坐擁頂級水岸生活圈 | 建案熱區巡禮 - 遠雄房地產,/life-proposal/area-s-tainan_west-central_redevelop_diamond_20250502/,1,1,1,1,0
(not set),20260213一輪播,台南中西區運河星鑽特區坐擁頂級水岸生活圈 | 建案熱區巡禮 - 遠雄房地產,/life-proposal/area-s-tainan_west-central_redevelop_diamond_20250502/,1,1,1,1,0
fgr-line / fgr,area_txg_beitun_14th_function_20250829,台南中西區運河星鑽特區坐擁頂級水岸生活圈 | 建案熱區巡禮 - 遠雄房地產,/life-proposal/area-s-tainan_west-central_redevelop_diamond_20250502/,1,1,1,1,0
fgr-line / fgr,expert_zhu_taiwan-land-scam,台南中西區運河星鑽特區坐擁頂級水岸生活圈 | 建案熱區巡禮 - 遠雄房地產,/life-proposal/area-s-tainan_west-central_redevelop_diamond_20250502/,1,1,1,1,0
(direct) / (none),(direct),建案熱區巡禮：台南中西區運河星鑽特區生活圈 - 百年港町再出發的現代風華 - 遠雄房地產,/life-proposal/area-s-tainan_west-central_redevelop_diamond_20250502/,1,1,1,1,5
excel.officeapps.live.com / referral,(referral),建案熱區巡禮：台南中西區運河星鑽特區生活圈 - 百年港町再出發的現代風華 - 遠雄房地產,/life-proposal/area-s-tainan_west-central_redevelop_diamond_20250502/,1,1,1,1,14
mkto-sn070013.com / referral,(referral),建案熱區巡禮：台南中西區運河星鑽特區生活圈 - 百年港町再出發的現代風華 - 遠雄房地產,/life-proposal/area-s-tainan_west-central_redevelop_diamond_20250502/,1,1,3,3,48
fgr-line / fgr,area-s-tainan_west-central_redevelop_diamond_20250502,建案熱區巡禮：台南中西區運河星鑽特區生活圈 - 百年港町再出發的現代風華 - 遠雄房地產,/life-proposal/area-s-tainan_west-central_redevelop_diamond_20250502/,1,1,1,1,0
youtube / fgr,expert_zhu_video_buy-vs-gift,建案熱區巡禮：台南中西區運河星鑽特區生活圈 - 百年港町再出發的現代風華 - 遠雄房地產,/life-proposal/area-s-tainan_west-central_redevelop_diamond_20250502/,1,1,1,1,0
(not set),台中,建案熱區巡禮：台南中西區運河星鑽特區生活圈 - 百年港町再出發的現代風華 - 遠雄房地產,/life-proposal/area-s-tainan_west-central_redevelop_diamond_20250502/,1,1,1,1,11
(not set),北投士林,北士科的園區規畫與在地生活圈！科技廊道最後一塊拼圖將完整 | 建案熱區巡禮 - 遠雄房地產,/life-proposal/area-s-taipei-shilinbstp20220520/,1,1,0,0,0
(not set),20251230一輪播,建案熱區巡禮：北士科的園區規畫與在地生活圈！科技廊道最後一塊拼圖將完整 - 遠雄房地產,/life-proposal/area-s-taipei-shilinbstp20220520/,1,1,1,1,0
tw.search.yahoo.com / referral,(referral),建案熱區巡禮：桃園小檜溪(青溪特區)舊商圈+眾多綠地的宜人生活 - 遠雄房地產,/life-proposal/area-s-taoyuan-green20220520/,1,1,1,1,42
google / cpc,(organic),建案熱區巡禮：新北板橋府中與南雅地區 - 遠雄房地產,/life-proposal/area-s-tph_banqiao_nanya_20240820/,1,1,2,2,24
mkto-sn070013.com / referral,(referral),建案熱區巡禮：新北板橋府中與南雅地區 - 遠雄房地產,/life-proposal/area-s-tph_banqiao_nanya_20240820/,1,1,1,1,2
google / cpc,brand,建案熱區巡禮：新北板橋府中與南雅地區 - 遠雄房地產,/life-proposal/area-s-tph_banqiao_nanya_20240820/,1,1,1,1,0
(not set),台南全區,建案熱區巡禮：新北板橋府中與南雅地區 - 遠雄房地產,/life-proposal/area-s-tph_banqiao_nanya_20240820/,1,1,1,1,2
(not set),新北板橋,建案熱區巡禮：新北板橋府中與南雅地區 - 遠雄房地產,/life-proposal/area-s-tph_banqiao_nanya_20240820/,1,1,2,2,0
chatgpt.com / (not set),(not set),板橋府中與湳雅：古城底蘊與現代都會的「雙城」融合 | 建案熱區巡禮 - 遠雄房地產,/life-proposal/area-s-tph_banqiao_nanya_20240820/,1,1,1,1,20
tw.search.yahoo.com / referral,(referral),板橋府中與湳雅：古城底蘊與現代都會的「雙城」融合 | 建案熱區巡禮 - 遠雄房地產,/life-proposal/area-s-tph_banqiao_nanya_20240820/,1,1,2,2,21
(not set),北投士林,板橋府中與湳雅：古城底蘊與現代都會的「雙城」融合 | 建案熱區巡禮 - 遠雄房地產,/life-proposal/area-s-tph_banqiao_nanya_20240820/,1,1,1,1,4
(not set),台南全區,板橋府中與湳雅：古城底蘊與現代都會的「雙城」融合 | 建案熱區巡禮 - 遠雄房地產,/life-proposal/area-s-tph_banqiao_nanya_20240820/,1,1,3,3,41
(not set),新北板橋,板橋府中與湳雅：古城底蘊與現代都會的「雙城」融合 | 建案熱區巡禮 - 遠雄房地產,/life-proposal/area-s-tph_banqiao_nanya_20240820/,1,1,0,0,5
(not set),桃園桃園,板橋府中與湳雅：古城底蘊與現代都會的「雙城」融合 | 建案熱區巡禮 - 遠雄房地產,/life-proposal/area-s-tph_banqiao_nanya_20240820/,1,1,1,1,0
google / organic,(organic),"Hotspot for New Housing Projects: Tpark Technology Park (Far Eastern Communications Park) in Banqiao District, New Taipei City - Farglory Real Estate",/life-proposal/area-s-tph_banqiao_tpark_function_20250314/,1,1,1,1,0
google / cpc,(organic),建案熱區巡禮：新北板橋區Tpark科技特區 (遠東通訊園區)生活圈 - 遠雄房地產,/life-proposal/area-s-tph_banqiao_tpark_function_20250314/,1,1,2,2,396
gemini.google.com / referral,(referral),建案熱區巡禮：新北板橋區Tpark科技特區 (遠東通訊園區) - 綠地休憩篇 - 遠雄房地產,/life-proposal/area-s-tph_banqiao_tpark_park_20250411/,1,1,1,1,150
(direct) / (none),(direct),建案熱區巡禮：新北板橋區Tpark科技特區 (遠東通訊園區) - 學區篇 - 遠雄房地產,/life-proposal/area-s-tph_banqiao_tpark_school_20250421/,1,1,1,1,4
google / cpc,banqiao,建案熱區巡禮：新北板橋區Tpark科技特區 (遠東通訊園區) - 學區篇 - 遠雄房地產,/life-proposal/area-s-tph_banqiao_tpark_school_20250421/,1,1,1,1,2
google / cpc,brand,建案熱區巡禮：新北板橋區Tpark科技特區 (遠東通訊園區) - 學區篇 - 遠雄房地產,/life-proposal/area-s-tph_banqiao_tpark_school_20250421/,1,1,1,1,5
google / cpc,competitor,建案熱區巡禮：新北板橋區Tpark科技特區 (遠東通訊園區) - 學區篇 - 遠雄房地產,/life-proposal/area-s-tph_banqiao_tpark_school_20250421/,1,1,1,1,13
(direct) / (none),(direct),建案熱區巡禮：新北板橋區Tpark科技特區 (遠東通訊園區) - 交通篇 - 遠雄房地產,/life-proposal/area-s-tph_banqiao_tpark_traffic_20250321/,1,1,1,1,5
(not set),台南中西,建案熱區巡禮：台南中西區運河星鑽特區 - 綠地休憩篇 - 遠雄房地產,/life-proposal/area-tainan_west-central_redevelop_diamond_park_20250509/,1,1,0,0,0
fb / fh2,fb12-2,建案熱區巡禮：台南中西區運河星鑽特區 - 學區篇 - 遠雄房地產,/life-proposal/area-tainan_west-central_redevelop_diamond_school_20250516/,1,1,1,1,0
web / fb2,googlemap,建案熱區巡禮：台南中西區運河星鑽特區 - 學區篇 - 遠雄房地產,/life-proposal/area-tainan_west-central_redevelop_diamond_school_20250516/,1,1,1,1,9
line-lap / fh2,line-lap12-3,建案熱區巡禮：台南中西區運河星鑽特區 - 學區篇 - 遠雄房地產,/life-proposal/area-tainan_west-central_redevelop_diamond_school_20250516/,1,1,2,2,5
bing / organic,(organic),建案熱區巡禮：蛻變中的台南中西區運河星鑽特區 - 交通篇 - 遠雄房地產,/life-proposal/area-tainan_west-central_redevelop_diamond_traffic_20250523/,1,1,1,1,34
news.google.com / referral,(referral),建案熱區巡禮：蛻變中的台南中西區運河星鑽特區 - 交通篇 - 遠雄房地產,/life-proposal/area-tainan_west-central_redevelop_diamond_traffic_20250523/,1,1,1,1,172
fgr-line / fgr,area-s-tainan_west-central_redevelop_diamond_20250502,建案熱區巡禮：蛻變中的台南中西區運河星鑽特區 - 交通篇 - 遠雄房地產,/life-proposal/area-tainan_west-central_redevelop_diamond_traffic_20250523/,1,1,1,1,213
(not set),台南中西,建案熱區巡禮：蛻變中的台南中西區運河星鑽特區 - 交通篇 - 遠雄房地產,/life-proposal/area-tainan_west-central_redevelop_diamond_traffic_20250523/,1,1,1,1,153
(not set),高雄全區,台南永康區大灣重劃區生活圈 | 建案熱區巡禮 - 遠雄房地產,/life-proposal/area-tnn-dawan_function_20231129/,1,1,1,1,16
(not set),20260213一輪播,建案熱區巡禮：台南永康區大灣重劃區生活圈 - 遠雄房地產,/life-proposal/area-tnn-dawan_function_20231129/,1,1,0,0,0
(direct) / (none),(direct),永康新核心：大灣重劃區生活圈，萬坪綠意下的新富聚落 | 建案熱區巡禮 - 遠雄房地產,/life-proposal/area-tnn-dawan_function_20231129/,1,1,1,1,0
(not set),高雄全區,永康新核心：大灣重劃區生活圈，萬坪綠意下的新富聚落 | 建案熱區巡禮 - 遠雄房地產,/life-proposal/area-tnn-dawan_function_20231129/,1,1,6,6,40
(direct) / (none),(direct),建案熱區巡禮：北投士林科技園區生活圈 - 遠雄房地產,/life-proposal/area-tpe-beitou_bstp_function_202406012/,1,1,1,1,25
fgr-line / fgr,playlist=e93ee4e&video=a817df1,建案熱區巡禮：北投士林科技園區生活圈 - 遠雄房地產,/life-proposal/area-tpe-beitou_bstp_function_202406012/,1,1,2,2,33
(not set),北投士林,建案熱區巡禮：北投士林科技園區生活圈 - 遠雄房地產,/life-proposal/area-tpe-beitou_bstp_function_202406012/,1,1,1,1,4
(not set),台南全區,建案熱區巡禮：北投士林科技園區生活圈 - 遠雄房地產,/life-proposal/area-tpe-beitou_bstp_function_202406012/,1,1,1,1,4
(not set),桃園桃園,建案熱區巡禮：北投士林科技園區生活圈 - 遠雄房地產,/life-proposal/area-tpe-beitou_bstp_function_202406012/,1,1,1,1,1
(direct) / (none),(direct),建案熱區巡禮：北投士林科技園區 - 綠地休憩篇 - 遠雄房地產,/life-proposal/area-tpe-beitou_bstp_park_20240617/,1,1,1,1,65
google / cpc,(not set),建案熱區巡禮：北投士林科技園區 - 綠地休憩篇 - 遠雄房地產,/life-proposal/area-tpe-beitou_bstp_park_20240617/,1,1,1,1,4
perplexity / (not set),(not set),建案熱區巡禮：北投士林科技園區 - 綠地休憩篇 - 遠雄房地產,/life-proposal/area-tpe-beitou_bstp_park_20240617/,1,1,1,1,227
bing / organic,(organic),建案熱區巡禮：北投士林科技園區 - 綠地休憩篇 - 遠雄房地產,/life-proposal/area-tpe-beitou_bstp_park_20240617/,1,1,2,2,17
fgr-line / fgr,true_price,建案熱區巡禮：北投士林科技園區 - 綠地休憩篇 - 遠雄房地產,/life-proposal/area-tpe-beitou_bstp_park_20240617/,1,1,1,1,1
(direct) / (none),(direct),建案熱區巡禮：北投士林科技園區 - 學區篇 - 遠雄房地產,/life-proposal/area-tpe-beitou_bstp_school_20240713/,1,1,1,1,39
google / cpc,20250616_北投士林豪宅/別墅,建案熱區巡禮：北投士林科技園區 - 學區篇 - 遠雄房地產,/life-proposal/area-tpe-beitou_bstp_school_20240713/,1,1,1,1,3
fgr-line / bh7,20260220,建案熱區巡禮：北投士林科技園區 - 學區篇 - 遠雄房地產,/life-proposal/area-tpe-beitou_bstp_school_20240713/,1,1,1,1,57
google_kw / 5vo1,202511,建案熱區巡禮：北投士林科技園區 - 交通篇 - 遠雄房地產,/life-proposal/area-tpe-beitou_bstp_traffic_20240705/,1,1,1,1,25
google / cpc,brand,建案熱區巡禮：新北板橋府中與南雅地區 - 綠地休憩篇 - 遠雄房地產,/life-proposal/area-tph_banqiao_park_20240820/,1,1,1,1,44
google / cpc,competitor,建案熱區巡禮：新北板橋府中與南雅地區 - 綠地休憩篇 - 遠雄房地產,/life-proposal/area-tph_banqiao_park_20240820/,1,1,1,1,46
l.facebook.com / referral,(referral),建案熱區巡禮：新北板橋府中與南雅地區 - 學區篇 - 遠雄房地產,/life-proposal/area-tph_banqiao_school_20240902/,1,1,2,2,0
(not set),20260213一輪播,建案熱區巡禮：新北板橋府中與南雅地區 - 學區篇 - 遠雄房地產,/life-proposal/area-tph_banqiao_school_20240902/,1,1,0,0,0
fb / fh2,fb1-1,建案熱區巡禮：新北板橋府中與南雅地區 - 學區篇 - 遠雄房地產,/life-proposal/area-tph_banqiao_school_20240902/,1,1,1,1,0
fb / bh10,fbfanpage0102,建案熱區巡禮：新北板橋府中與南雅地區 - 學區篇 - 遠雄房地產,/life-proposal/area-tph_banqiao_school_20240902/,1,1,1,1,49
(direct) / (none),(direct),建案熱區巡禮：新北板橋府中與南雅地區 - 交通篇 - 遠雄房地產,/life-proposal/area-tph_banqiao_traffic_20240905/,1,1,1,1,0
lm.facebook.com / referral,(referral),建案熱區巡禮：新北板橋府中與南雅地區 - 交通篇 - 遠雄房地產,/life-proposal/area-tph_banqiao_traffic_20240905/,1,1,1,1,69
(not set),20260213一輪播,台中西屯七期重劃區核心生活圈 | 建案熱區巡禮 - 遠雄房地產,/life-proposal/area-txg-7th_function_20231107/,1,1,1,1,5
(not set),台中全區,台中西屯七期重劃區核心生活圈 | 建案熱區巡禮 - 遠雄房地產,/life-proposal/area-txg-7th_function_20231107/,1,1,1,1,6
(not set),台中西屯,建案熱區巡禮：台中西屯七期重劃區核心生活圈 - 遠雄房地產,/life-proposal/area-txg-7th_function_20231107/,1,1,0,0,0
(not set),20251230一輪播,找不到頁面 - 遠雄房地產,/life-proposal/area-txg-7th_park_20241223/,1,1,1,1,0
(not set),20251230一輪播,找不到頁面 - 遠雄房地產,/life-proposal/area-txg-7th_school_20241226/,1,1,1,1,0
yahoo / organic,(organic),建案熱區巡禮：梧棲、清水台中港重劃區生活圈全面升級 - 遠雄房地產,/life-proposal/area-txg-port_function_20240103/,1,1,1,1,140
yahoo / organic,(organic),梧棲、清水台中港重劃區生活圈全面升級 | 建案熱區巡禮 - 遠雄房地產,/life-proposal/area-txg-port_function_20240103/,1,1,1,1,0
google / cpc,(referral),梧棲、清水台中港重劃區生活圈全面升級 | 建案熱區巡禮 - 遠雄房地產,/life-proposal/area-txg-port_function_20240103/,1,1,0,0,0
tw.search.yahoo.com / referral,(referral),梧棲、清水台中港重劃區生活圈全面升級 | 建案熱區巡禮 - 遠雄房地產,/life-proposal/area-txg-port_function_20240103/,1,1,1,1,221
google / organic,(organic),建案熱區巡禮：台中港市鎮重劃區 - 清水梧棲綠地休憩篇 - 遠雄房地產,/life-proposal/area-txg-port_park_20240111/,1,1,1,1,58
tw.search.yahoo.com / referral,(referral),建案熱區巡禮：台中港市鎮重劃區 - 海線城市清水梧棲交通篇 - 遠雄房地產,/life-proposal/area-txg-port_traffic_20240120/,1,1,1,1,3
(not set),台中西屯,台中西屯區水湳經貿園區生活圈 | 建案熱區巡禮 - 遠雄房地產,/life-proposal/area-txg-shuinan_20231027/,1,1,0,0,2
(not set),台南全區,台中西屯區水湳經貿園區生活圈 | 建案熱區巡禮 - 遠雄房地產,/life-proposal/area-txg-shuinan_20231027/,1,1,3,3,17
(not set),高雄前鎮,台中西屯區水湳經貿園區生活圈 | 建案熱區巡禮 - 遠雄房地產,/life-proposal/area-txg-shuinan_20231027/,1,1,2,2,4
(direct) / (none),(direct),建案熱區巡禮：台中西屯區水湳經貿園區生活圈 - 遠雄房地產,/life-proposal/area-txg-shuinan_20231027/,1,1,1,1,41
google / cpc,20260113-12-3,建案熱區巡禮：台中西屯區水湳經貿園區生活圈 - 遠雄房地產,/life-proposal/area-txg-shuinan_20231027/,1,1,1,1,198
chatgpt.com / (not set),(not set),建案熱區巡禮：台中西屯水湳經貿園區 - 綠地休憩篇 - 遠雄房地產,/life-proposal/area-txg-shuinan_park_20240419/,1,1,1,1,13
google / organic,(organic),建案熱區巡禮：台中西屯水湳經貿園區 - 綠地休憩篇 - 遠雄房地產,/life-proposal/area-txg-shuinan_park_20240419/,1,1,1,1,8
(direct) / (none),(direct),建案熱區巡禮：台中西屯水湳經貿園區 - 學區篇 - 遠雄房地產,/life-proposal/area-txg-shuinan_school_20240501/,1,1,1,1,70
(direct) / (none),(direct),建案熱區巡禮：台中西屯水湳經貿園區 - 交通篇 - 遠雄房地產,/life-proposal/area-txg-shuinan_traffic_20240508/,1,1,1,1,6
bing / organic,(organic),建案熱區巡禮：台中西屯水湳經貿園區 - 交通篇 - 遠雄房地產,/life-proposal/area-txg-shuinan_traffic_20240508/,1,1,1,1,114
(direct) / (none),(direct),建案熱區巡禮：高雄三民區 - 綠地篇 - 遠雄房地產,/life-proposal/area_hotspot_khh_sanmin_park_20230915/,1,1,1,1,16
(direct) / (none),(direct),建案熱區巡禮：高雄三民區 - 交通篇 - 遠雄房地產,/life-proposal/area_hotspot_khh_sanmin_traffic_20230928/,1,1,1,1,6
(direct) / (none),(direct),建案熱區巡禮：台南永康區 - 學區篇 - 遠雄房地產,/life-proposal/area_hotspot_tnn_yongkang_school_20231216/,1,1,1,1,1
(direct) / (none),(direct),建案熱區巡禮：台中西屯區 - 學區篇 - 遠雄房地產,/life-proposal/area_hotspot_txg_xitun_school_20231115/,1,1,1,1,41
excel.officeapps.live.com / referral,(referral),高雄預售屋入手指南：最新建案推薦、選房與區域優勢總整理 - 遠雄房地產,/life-proposal/area_presold-house-in-kaohsiung/,1,1,4,4,28
perplexity.ai / referral,(referral),高雄預售屋入手指南：最新建案推薦、選房與區域優勢總整理 - 遠雄房地產,/life-proposal/area_presold-house-in-kaohsiung/,1,1,1,1,5
fb / o1,20250422_23-1,高雄預售屋入手指南：最新建案推薦、選房與區域優勢總整理 - 遠雄房地產,/life-proposal/area_presold-house-in-kaohsiung/,1,1,1,1,76
sms / aep-cdp,CRM-001-D,高雄預售屋入手指南：最新建案推薦、選房與區域優勢總整理 - 遠雄房地產,/life-proposal/area_presold-house-in-kaohsiung/,1,1,1,1,14
google / cpc,O1_品牌字_2025.0801,高雄預售屋入手指南：最新建案推薦、選房與區域優勢總整理 - 遠雄房地產,/life-proposal/area_presold-house-in-kaohsiung/,1,1,1,1,3
google / cpc,com,高雄預售屋入手指南：最新建案推薦、選房與區域優勢總整理 - 遠雄房地產,/life-proposal/area_presold-house-in-kaohsiung/,1,1,1,1,71
fb / bh10,fb20262-2,高雄預售屋入手指南：最新建案推薦、選房與區域優勢總整理 - 遠雄房地產,/life-proposal/area_presold-house-in-kaohsiung/,1,1,1,1,0
fb / eh5,form,高雄預售屋入手指南：最新建案推薦、選房與區域優勢總整理 - 遠雄房地產,/life-proposal/area_presold-house-in-kaohsiung/,1,1,1,1,93
google / cpc,gdn11-4,高雄預售屋入手指南：最新建案推薦、選房與區域優勢總整理 - 遠雄房地產,/life-proposal/area_presold-house-in-kaohsiung/,1,1,1,1,31
line-lap / bh10,line-lap202511-3,高雄預售屋入手指南：最新建案推薦、選房與區域優勢總整理 - 遠雄房地產,/life-proposal/area_presold-house-in-kaohsiung/,1,1,1,1,24
line-lap / bh10,line-lap202511-6,高雄預售屋入手指南：最新建案推薦、選房與區域優勢總整理 - 遠雄房地產,/life-proposal/area_presold-house-in-kaohsiung/,1,1,1,1,2
line-lap / bh10,line-lap20259-5,高雄預售屋入手指南：最新建案推薦、選房與區域優勢總整理 - 遠雄房地產,/life-proposal/area_presold-house-in-kaohsiung/,1,1,2,2,11
fgr-line / eh2,listbutton,高雄預售屋入手指南：最新建案推薦、選房與區域優勢總整理 - 遠雄房地產,/life-proposal/area_presold-house-in-kaohsiung/,1,1,1,1,12
fb / eh5,park,高雄預售屋入手指南：最新建案推薦、選房與區域優勢總整理 - 遠雄房地產,/life-proposal/area_presold-house-in-kaohsiung/,1,1,1,1,45
fgr-line / fgr,ratio_of_public_area,高雄預售屋入手指南：最新建案推薦、選房與區域優勢總整理 - 遠雄房地產,/life-proposal/area_presold-house-in-kaohsiung/,1,1,1,1,1
(not set),台中,高雄預售屋入手指南：最新建案推薦、選房與區域優勢總整理 - 遠雄房地產,/life-proposal/area_presold-house-in-kaohsiung/,1,1,1,1,13
(not set),台中專家,高雄預售屋入手指南：最新建案推薦、選房與區域優勢總整理 - 遠雄房地產,/life-proposal/area_presold-house-in-kaohsiung/,1,1,0,0,0
(not set),台南全區,高雄預售屋入手指南：最新建案推薦、選房與區域優勢總整理 - 遠雄房地產,/life-proposal/area_presold-house-in-kaohsiung/,1,1,1,1,8
google_kw / h713,(organic),台中預售屋怎麼挑？各區房價、TOP36建案分析，買屋前必看！ - 遠雄房地產,/life-proposal/area_presold-house-in-taichung/,1,1,1,1,5
claude.ai / referral,(referral),台中預售屋怎麼挑？各區房價、TOP36建案分析，買屋前必看！ - 遠雄房地產,/life-proposal/area_presold-house-in-taichung/,1,1,1,1,48
excel.officeapps.live.com / referral,(referral),台中預售屋怎麼挑？各區房價、TOP36建案分析，買屋前必看！ - 遠雄房地產,/life-proposal/area_presold-house-in-taichung/,1,1,14,14,110
sg.search.yahoo.com / referral,(referral),台中預售屋怎麼挑？各區房價、TOP36建案分析，買屋前必看！ - 遠雄房地產,/life-proposal/area_presold-house-in-taichung/,1,1,1,1,7
fgr-line / bh8,20260207,台中預售屋怎麼挑？各區房價、TOP36建案分析，買屋前必看！ - 遠雄房地產,/life-proposal/area_presold-house-in-taichung/,1,1,1,1,29
(not set),20260213一輪播,台中預售屋怎麼挑？各區房價、TOP36建案分析，買屋前必看！ - 遠雄房地產,/life-proposal/area_presold-house-in-taichung/,1,1,1,1,4
google / cpc,BH10-台中區域字,台中預售屋怎麼挑？各區房價、TOP36建案分析，買屋前必看！ - 遠雄房地產,/life-proposal/area_presold-house-in-taichung/,1,1,1,1,7
google / cpc,Otherarea0829,台中預售屋怎麼挑？各區房價、TOP36建案分析，買屋前必看！ - 遠雄房地產,/life-proposal/area_presold-house-in-taichung/,1,1,1,1,135
fgr-line / fgr,expert_li_2026-housing-tips,台中預售屋怎麼挑？各區房價、TOP36建案分析，買屋前必看！ - 遠雄房地產,/life-proposal/area_presold-house-in-taichung/,1,1,1,1,489
fgr-line / fgr,expert_zhu_taiwan-land-scam,台中預售屋怎麼挑？各區房價、TOP36建案分析，買屋前必看！ - 遠雄房地產,/life-proposal/area_presold-house-in-taichung/,1,1,1,1,2
fb / bh10,fbearlybird_form,台中預售屋怎麼挑？各區房價、TOP36建案分析，買屋前必看！ - 遠雄房地產,/life-proposal/area_presold-house-in-taichung/,1,1,1,1,0
leju / bh10,leju,台中預售屋怎麼挑？各區房價、TOP36建案分析，買屋前必看！ - 遠雄房地產,/life-proposal/area_presold-house-in-taichung/,1,1,0,0,137
line-lap / bh10,line-lap202511-6,台中預售屋怎麼挑？各區房價、TOP36建案分析，買屋前必看！ - 遠雄房地產,/life-proposal/area_presold-house-in-taichung/,1,1,1,1,6
fgr-line / eh2,listbutton,台中預售屋怎麼挑？各區房價、TOP36建案分析，買屋前必看！ - 遠雄房地產,/life-proposal/area_presold-house-in-taichung/,1,1,1,1,16
(not set),台中,台中預售屋怎麼挑？各區房價、TOP36建案分析，買屋前必看！ - 遠雄房地產,/life-proposal/area_presold-house-in-taichung/,1,1,1,1,6
(not set),台南中西,台中預售屋怎麼挑？各區房價、TOP36建案分析，買屋前必看！ - 遠雄房地產,/life-proposal/area_presold-house-in-taichung/,1,1,2,2,31
(not set),高雄全區,台中預售屋怎麼挑？各區房價、TOP36建案分析，買屋前必看！ - 遠雄房地產,/life-proposal/area_presold-house-in-taichung/,1,1,0,0,0
google_kw / dh2,(not set),台南預售屋全攻略：最新行情、熱門區域房價與建案挑選祕訣 - 遠雄房地產,/life-proposal/area_presold-house-in-tainan/,1,1,1,1,246
yahoo / organic,(organic),台南預售屋全攻略：最新行情、熱門區域房價與建案挑選祕訣 - 遠雄房地產,/life-proposal/area_presold-house-in-tainan/,1,1,1,1,20
excel.officeapps.live.com / referral,(referral),台南預售屋全攻略：最新行情、熱門區域房價與建案挑選祕訣 - 遠雄房地產,/life-proposal/area_presold-house-in-tainan/,1,1,4,4,6
m.facebook.com / referral,(referral),台南預售屋全攻略：最新行情、熱門區域房價與建案挑選祕訣 - 遠雄房地產,/life-proposal/area_presold-house-in-tainan/,1,1,2,2,11
mkto-sn070013.com / referral,(referral),台南預售屋全攻略：最新行情、熱門區域房價與建案挑選祕訣 - 遠雄房地產,/life-proposal/area_presold-house-in-tainan/,1,1,1,1,69
(not set),20251230一輪播,台南預售屋全攻略：最新行情、熱門區域房價與建案挑選祕訣 - 遠雄房地產,/life-proposal/area_presold-house-in-tainan/,1,1,1,1,0
(not set),20260213一輪播,台南預售屋全攻略：最新行情、熱門區域房價與建案挑選祕訣 - 遠雄房地產,/life-proposal/area_presold-house-in-tainan/,1,1,0,0,0
sms / aep-cdp,CRM-001-D,台南預售屋全攻略：最新行情、熱門區域房價與建案挑選祕訣 - 遠雄房地產,/life-proposal/area_presold-house-in-tainan/,1,1,1,1,7
google / cpc,area,台南預售屋全攻略：最新行情、熱門區域房價與建案挑選祕訣 - 遠雄房地產,/life-proposal/area_presold-house-in-tainan/,1,1,1,1,93
fgr-line / eh2,listbutton,台南預售屋全攻略：最新行情、熱門區域房價與建案挑選祕訣 - 遠雄房地產,/life-proposal/area_presold-house-in-tainan/,1,1,2,2,3
(not set),台中,台南預售屋全攻略：最新行情、熱門區域房價與建案挑選祕訣 - 遠雄房地產,/life-proposal/area_presold-house-in-tainan/,1,1,1,1,0
(not set),台中全區,台南預售屋全攻略：最新行情、熱門區域房價與建案挑選祕訣 - 遠雄房地產,/life-proposal/area_presold-house-in-tainan/,1,1,2,2,9
(not set),台中專家,台南預售屋全攻略：最新行情、熱門區域房價與建案挑選祕訣 - 遠雄房地產,/life-proposal/area_presold-house-in-tainan/,1,1,1,1,33
(not set),台南中西,台南預售屋全攻略：最新行情、熱門區域房價與建案挑選祕訣 - 遠雄房地產,/life-proposal/area_presold-house-in-tainan/,1,1,2,2,61
(not set),高雄楠梓,台南預售屋全攻略：最新行情、熱門區域房價與建案挑選祕訣 - 遠雄房地產,/life-proposal/area_presold-house-in-tainan/,1,1,0,0,0
(direct) / (none),(direct),台中北屯機廠重劃區，擁強大交通機能區位 | 建案熱區巡禮 - 遠雄房地產,/life-proposal/area_s_txg_beitun_depot_20240410/,1,1,1,1,0
perplexity / (not set),(not set),建案熱區巡禮：龜山A7重劃區成北北桃生活圈潛力新核心 - 遠雄房地產,/life-proposal/area_taoyuan_guishan_a7_function/,1,1,1,1,11
bing / organic,(organic),建案熱區巡禮：龜山A7重劃區成北北桃生活圈潛力新核心 - 遠雄房地產,/life-proposal/area_taoyuan_guishan_a7_function/,1,1,2,2,35
perplexity.ai / referral,(referral),建案熱區巡禮：龜山A7重劃區成北北桃生活圈潛力新核心 - 遠雄房地產,/life-proposal/area_taoyuan_guishan_a7_function/,1,1,2,2,36
google / cpc,RSH1-買房字,建案熱區巡禮：龜山A7重劃區成北北桃生活圈潛力新核心 - 遠雄房地產,/life-proposal/area_taoyuan_guishan_a7_function/,1,1,1,1,1
(not set),桃園青埔,建案熱區巡禮：龜山A7重劃區成北北桃生活圈潛力新核心 - 遠雄房地產,/life-proposal/area_taoyuan_guishan_a7_function/,1,1,0,0,207
bing / organic,(organic),龜山A7重劃區成北北桃生活圈潛力新核心 | 建案熱區巡禮 - 遠雄房地產,/life-proposal/area_taoyuan_guishan_a7_function/,1,1,1,1,277
gemini.google.com / referral,(referral),龜山A7重劃區成北北桃生活圈潛力新核心 | 建案熱區巡禮 - 遠雄房地產,/life-proposal/area_taoyuan_guishan_a7_function/,1,1,1,1,61
tagassistant.google.com / referral,(referral),龜山A7重劃區成北北桃生活圈潛力新核心 | 建案熱區巡禮 - 遠雄房地產,/life-proposal/area_taoyuan_guishan_a7_function/,1,1,1,1,18
google / cpc,202511,龜山A7重劃區成北北桃生活圈潛力新核心 | 建案熱區巡禮 - 遠雄房地產,/life-proposal/area_taoyuan_guishan_a7_function/,1,1,1,1,38
(direct) / (none),(direct),台南溪東重劃區生活圈 | 建案熱區巡禮 - 遠雄房地產,/life-proposal/area_tnn_haidian_function_20240126/,1,1,1,1,159
(direct) / (none),(direct),建案熱區巡禮：台南溪東重劃區生活圈 - 遠雄房地產,/life-proposal/area_tnn_haidian_function_20240126/,1,1,1,1,0
google / organic,(organic),建案熱區巡禮：台南溪東重劃區生活圈 - 遠雄房地產,/life-proposal/area_tnn_haidian_function_20240126/,1,1,1,1,15
(direct) / (none),(direct),建案熱區巡禮：台南永康區鹽行國中重劃區 - 交通篇 - 遠雄房地產,/life-proposal/area_tnn_yongkang_yanxing_traffic_20240324/,1,1,1,1,0
(not set),高雄全區,南科門戶首選：台南永康區鹽行國中重劃區生活圈 | 建案熱區巡禮 - 遠雄房地產,/life-proposal/area_tnnyongkang_redevelop_yanxing_20230901/,1,1,2,2,15
(direct) / (none),(direct),台南永康區鹽行國中重劃區生活圈 | 建案熱區巡禮 - 遠雄房地產,/life-proposal/area_tnnyongkang_redevelop_yanxing_20230901/,1,1,1,1,46
(not set),20260213一輪播,台南永康區鹽行國中重劃區生活圈 | 建案熱區巡禮 - 遠雄房地產,/life-proposal/area_tnnyongkang_redevelop_yanxing_20230901/,1,1,0,0,0
fb / dh2,leads,台南永康區鹽行國中重劃區生活圈 | 建案熱區巡禮 - 遠雄房地產,/life-proposal/area_tnnyongkang_redevelop_yanxing_20230901/,1,1,1,1,11
(not set),高雄全區,台南永康區鹽行國中重劃區生活圈 | 建案熱區巡禮 - 遠雄房地產,/life-proposal/area_tnnyongkang_redevelop_yanxing_20230901/,1,1,2,2,18
(direct) / (none),(direct),建案熱區巡禮：台南永康區鹽行國中重劃區生活圈 - 遠雄房地產,/life-proposal/area_tnnyongkang_redevelop_yanxing_20230901/,1,1,1,1,7
(not set),台中北屯,Hanshin and Taipei Arena: The New Core of Beitun Phase 14 in Northern Taiwan | A Tour of Popular New Development Areas - Farglory Real Estate,/life-proposal/area_txg_beitun_14th_function_20250829/,1,1,0,0,98
(direct) / (none),(direct),台中最大重劃區：漢神、巨蛋雙引擎，北屯14期定義國際級生活核心 | 建案熱區巡禮 - 遠雄房地產,/life-proposal/area_txg_beitun_14th_function_20250829/,1,1,2,2,13
excel.officeapps.live.com / referral,(referral),建案熱區巡禮：台中北屯14期重劃區生活圈，打造北台中的新興生活核心 - 遠雄房地產,/life-proposal/area_txg_beitun_14th_function_20250829/,1,1,1,1,10
statics.teams.cdn.office.net / referral,(referral),建案熱區巡禮：台中北屯14期重劃區生活圈，打造北台中的新興生活核心 - 遠雄房地產,/life-proposal/area_txg_beitun_14th_function_20250829/,1,1,1,1,26
google / cpc,(organic),漢神、巨蛋雙引擎，北台中新核心北屯14期 | 建案熱區巡禮 - 遠雄房地產,/life-proposal/area_txg_beitun_14th_function_20250829/,1,1,1,1,347
m.facebook.com / referral,(referral),漢神、巨蛋雙引擎，北台中新核心北屯14期 | 建案熱區巡禮 - 遠雄房地產,/life-proposal/area_txg_beitun_14th_function_20250829/,1,1,1,1,0
statics.teams.cdn.office.net / referral,(referral),漢神、巨蛋雙引擎，北台中新核心北屯14期 | 建案熱區巡禮 - 遠雄房地產,/life-proposal/area_txg_beitun_14th_function_20250829/,1,1,2,2,30
tw.search.yahoo.com / referral,(referral),漢神、巨蛋雙引擎，北台中新核心北屯14期 | 建案熱區巡禮 - 遠雄房地產,/life-proposal/area_txg_beitun_14th_function_20250829/,1,1,1,1,126
fgr-line / ah2,20260204,漢神、巨蛋雙引擎，北台中新核心北屯14期 | 建案熱區巡禮 - 遠雄房地產,/life-proposal/area_txg_beitun_14th_function_20250829/,1,1,1,1,0
line / bh11,20260206-2-4,漢神、巨蛋雙引擎，北台中新核心北屯14期 | 建案熱區巡禮 - 遠雄房地產,/life-proposal/area_txg_beitun_14th_function_20250829/,1,1,1,1,6
fgr-line / bh8,20260207,漢神、巨蛋雙引擎，北台中新核心北屯14期 | 建案熱區巡禮 - 遠雄房地產,/life-proposal/area_txg_beitun_14th_function_20250829/,1,1,1,1,0
google / cpc,brand0829,漢神、巨蛋雙引擎，北台中新核心北屯14期 | 建案熱區巡禮 - 遠雄房地產,/life-proposal/area_txg_beitun_14th_function_20250829/,1,1,1,1,63
youtube / fgr,expert_zhu_video_buy-vs-gift,漢神、巨蛋雙引擎，北台中新核心北屯14期 | 建案熱區巡禮 - 遠雄房地產,/life-proposal/area_txg_beitun_14th_function_20250829/,1,1,2,2,0
(not set),北投士林,漢神、巨蛋雙引擎，北台中新核心北屯14期 | 建案熱區巡禮 - 遠雄房地產,/life-proposal/area_txg_beitun_14th_function_20250829/,1,1,1,1,6
(not set),台中北屯,漢神、巨蛋雙引擎，北台中新核心北屯14期 | 建案熱區巡禮 - 遠雄房地產,/life-proposal/area_txg_beitun_14th_function_20250829/,1,1,1,1,0
(not set),台南全區,漢神、巨蛋雙引擎，北台中新核心北屯14期 | 建案熱區巡禮 - 遠雄房地產,/life-proposal/area_txg_beitun_14th_function_20250829/,1,1,1,1,11
fb / bh11,11-2,建案熱區巡禮：台中北屯區14期重劃區 - 綠地休憩篇 - 遠雄房地產,/life-proposal/area_txg_beitun_14th_park_20240909/,1,1,2,2,31
line-lap / bh10,line-lap20259-5,建案熱區巡禮：台中北屯區14期重劃區 - 綠地休憩篇 - 遠雄房地產,/life-proposal/area_txg_beitun_14th_park_20240909/,1,1,1,1,42
line / bh11,20260206-2-4,建案熱區巡禮：台中北屯區14期重劃區 - 學區篇 - 遠雄房地產,/life-proposal/area_txg_beitun_14th_school_20240917/,1,1,1,1,165
statics.teams.cdn.office.net / referral,(referral),建案熱區巡禮：台中北屯區14期重劃區 - 交通篇 - 遠雄房地產,/life-proposal/area_txg_beitun_14th_traffic_20240925/,1,1,1,1,11
line / bh11,20260206-2-4,建案熱區巡禮：台中北屯區14期重劃區 - 交通篇 - 遠雄房地產,/life-proposal/area_txg_beitun_14th_traffic_20240925/,1,1,1,1,332
google / cpc,information4,建案熱區巡禮：台中北屯區14期重劃區 - 交通篇 - 遠雄房地產,/life-proposal/area_txg_beitun_14th_traffic_20240925/,1,1,1,1,36
(not set),台中,建案熱區巡禮：台中北屯區14期重劃區 - 交通篇 - 遠雄房地產,/life-proposal/area_txg_beitun_14th_traffic_20240925/,1,1,0,0,0
(not set),台中北屯,台中北屯機廠重劃區生活圈 | 建案熱區巡禮 - 遠雄房地產,/life-proposal/area_txg_beitun_depot_function_20240513/,1,1,0,0,0
(direct) / (none),(direct),建案熱區巡禮：台中北屯機廠重劃區生活圈 - 遠雄房地產,/life-proposal/area_txg_beitun_depot_function_20240513/,1,1,2,2,38
(direct) / (none),(direct),建案熱區巡禮：台中北屯機廠重劃區 - 綠地休憩篇 - 遠雄房地產,/life-proposal/area_txg_beitun_depot_park_20240529/,1,1,1,1,28
google / organic,(organic),建案熱區巡禮：台中北屯機廠重劃區 - 綠地休憩篇 - 遠雄房地產,/life-proposal/area_txg_beitun_depot_park_20240529/,1,1,1,1,38
line / bh11,20260206-2-4,建案熱區巡禮：台中北屯機廠重劃區 - 綠地休憩篇 - 遠雄房地產,/life-proposal/area_txg_beitun_depot_park_20240529/,1,1,1,1,144
(direct) / (none),(direct),建案熱區巡禮：台中北屯機廠重劃區 - 交通篇 - 遠雄房地產,/life-proposal/area_txg_beitun_depot_traffic_20240606/,1,1,1,1,24
(direct) / (none),(direct),建案熱區巡禮：台中西屯單元八 × 水湳經貿園區，中央公園特區崛起，超越七期發展潛力 - 遠雄房地產,/life-proposal/area_txg_xitun_eight_20240207/,1,1,1,1,53
chatgpt.com / referral,(referral),建案熱區巡禮：台中西屯單元八 × 水湳經貿園區，中央公園特區崛起，超越七期發展潛力 - 遠雄房地產,/life-proposal/area_txg_xitun_eight_20240207/,1,1,1,1,39
(direct) / (none),(direct),台中西屯區單元八生活圈，水湳經貿園區門戶 | 建案熱區巡禮 - 遠雄房地產,/life-proposal/area_txg_xitun_eight_function_20240407/,1,1,1,1,0
google / cpc,(not set),台中西屯區單元八生活圈，水湳經貿園區門戶 | 建案熱區巡禮 - 遠雄房地產,/life-proposal/area_txg_xitun_eight_function_20240407/,1,1,1,1,14
google / cpc,Otherarea0829,台中西屯區單元八生活圈，水湳經貿園區門戶 | 建案熱區巡禮 - 遠雄房地產,/life-proposal/area_txg_xitun_eight_function_20240407/,1,1,1,1,44
google / organic,(organic),建案熱區巡禮：台中西屯區單元八生活圈，水湳經貿園區門戶 - 遠雄房地產,/life-proposal/area_txg_xitun_eight_function_20240407/,1,1,1,1,76
mkto-sn070013.com / referral,(referral),買房必讀 - 避免不動產詐騙｜如何避免成為房貸人頭？｜專家觀點地政篇 - 遠雄房地產,/life-proposal/avoid-real-estate-fraud/,1,1,1,1,47
google / cpc,(not set),房地產借名登記如何保障自己 - 遠雄房地產,/life-proposal/borrow_name_20221118/,1,1,1,1,38
(not set),20260213一輪播,房地產借名登記如何保障自己 - 遠雄房地產,/life-proposal/borrow_name_20221118/,1,1,1,1,0
google / cpc,CQH1-品牌字,房地產借名登記如何保障自己 - 遠雄房地產,/life-proposal/borrow_name_20221118/,1,1,2,2,241
bing / organic,(organic),選擇品牌建商，把購屋風險降到最低 - 遠雄房地產,/life-proposal/branding_20221111/,1,1,1,1,44
(direct) / (none),(direct),一次搞懂建蔽率與容積率：買房選景觀與採光的關鍵 - 遠雄房地產,/life-proposal/build_rate/,1,1,1,1,2
(not set),(not set),一次搞懂建蔽率與容積率：買房選景觀與採光的關鍵 - 遠雄房地產,/life-proposal/build_rate/,1,1,0,0,11
tw.search.yahoo.com / referral,(referral),一次搞懂建蔽率與容積率：買房選景觀與採光的關鍵 - 遠雄房地產,/life-proposal/build_rate/,1,1,1,1,437
(not set),台南全區,一次搞懂建蔽率與容積率：買房選景觀與採光的關鍵 - 遠雄房地產,/life-proposal/build_rate/,1,1,2,2,13
yahoo / organic,(organic),蓋好蓋滿還是適度留白？一次搞懂建蔽率與容積率 - 遠雄房地產,/life-proposal/build_rate/,1,1,1,1,45
(not set),台南全區,蓋好蓋滿還是適度留白？一次搞懂建蔽率與容積率 - 遠雄房地產,/life-proposal/build_rate/,1,1,3,3,25
(direct) / (none),(direct),買房學問多，看懂建築材料才安心－建築結構與防水篇 - 遠雄房地產,/life-proposal/building_materials/,1,1,1,1,0
(not set),(not set),買房學問多，看懂建築材料才安心－建築結構與防水篇 - 遠雄房地產,/life-proposal/building_materials/,1,1,0,0,43
(not set),20260213一輪播,買房學問多，看懂建築材料才安心－建築結構與防水篇 - 遠雄房地產,/life-proposal/building_materials/,1,1,1,1,0
(direct) / (none),(direct),換屋族必看：換屋是要先買後賣還是先賣後買？ - 遠雄房地產,/life-proposal/change_house/,1,1,1,1,26
google / cpc,(organic),民法成年年齡下修至18歲，不動產稅賦有何影響？ - 遠雄房地產,/life-proposal/civil-law_20221125/,1,1,1,1,58
tw.search.yahoo.com / referral,(referral),基礎建設＋結構保固：一次了解大地工程的基本概念 - 遠雄房地產,/life-proposal/construction-base/,1,1,2,2,32
(direct) / (none),(direct),新成屋、預售屋簽約注意事項–「首購族看房買屋攻略」 - 遠雄房地產,/life-proposal/contract/,1,1,1,1,0
fgr-line / fh2,20260210,新成屋、預售屋簽約注意事項–「首購族看房買屋攻略」 - 遠雄房地產,/life-proposal/contract/,1,1,2,2,0
fgr-line / fg,contract/,新成屋、預售屋簽約注意事項–「首購族看房買屋攻略」 - 遠雄房地產,/life-proposal/contract/,1,1,1,1,42
fgr-line / fg,expert_zhu_marriage_20230614/,新成屋、預售屋簽約注意事項–「首購族看房買屋攻略」 - 遠雄房地產,/life-proposal/contract/,1,1,1,1,0
fgr-line / fg,mortgage/,新成屋、預售屋簽約注意事項–「首購族看房買屋攻略」 - 遠雄房地產,/life-proposal/contract/,1,1,1,1,62
(direct) / (none),(direct),央行房市信用措施管制總整理！自住客時代來臨！ - 遠雄房地產,/life-proposal/controls_20230108/,1,1,1,1,4
google / organic,(organic),央行房市信用措施管制總整理！自住客時代來臨！ - 遠雄房地產,/life-proposal/controls_20230108/,1,1,1,1,110
fgr-line / fg,controls_20230108/,央行房市信用措施管制總整理！自住客時代來臨！ - 遠雄房地產,/life-proposal/controls_20230108/,1,1,1,1,35
(direct) / (none),(direct),防疫宅標準配備，居家隔離有「當層排氣」最重要 - 遠雄房地產,/life-proposal/covid-exhaust/,1,1,1,1,0
(direct) / (none),(direct),修繕小知識：居家隔間保養及修繕【居家百科】 - 遠雄房地產,/life-proposal/cubicle/,1,1,1,1,9
fgr-line / fg,cubicle/,修繕小知識：居家隔間保養及修繕【居家百科】 - 遠雄房地產,/life-proposal/cubicle/,1,1,1,1,0
(direct) / (none),(direct),逐文化而居住！全台「藝文中心」房市一覽表 - 遠雄房地產,/life-proposal/culture/,1,1,1,1,33
google / organic,(organic),逐文化而居住！全台「藝文中心」房市一覽表 - 遠雄房地產,/life-proposal/culture/,1,1,1,1,62
(direct) / (none),(direct),降低室內濕度怎麼做？除濕機真的有用嗎？ - 遠雄房地產,/life-proposal/dehumidifier/,1,1,1,1,3
bing / organic,(organic),降低室內濕度怎麼做？除濕機真的有用嗎？ - 遠雄房地產,/life-proposal/dehumidifier/,1,1,1,1,5
(direct) / (none),(direct),小家庭空間重點一次上手 - 客廳篇 - 遠雄房地產,/life-proposal/design_living_room20220907/,1,1,1,1,6
(direct) / (none),(direct),端午節轉運好時機！居家風水就靠這３招改運趁現在 - 遠雄房地產,/life-proposal/dragonfestival/,1,1,1,1,7
bing / organic,(organic),地震來的時候你家安全嗎? 一次搞懂制震器 - 遠雄房地產,/life-proposal/earthquake-taylor/,1,1,1,1,0
tw.search.yahoo.com / referral,(referral),地震來的時候你家安全嗎? 一次搞懂制震器 - 遠雄房地產,/life-proposal/earthquake-taylor/,1,1,1,1,169
(not set),20260213一輪播,地震來的時候你家安全嗎? 一次搞懂制震器 - 遠雄房地產,/life-proposal/earthquake-taylor/,1,1,0,0,0
(direct) / (none),(direct),綠建築十大社區出爐，遠雄文青、遠雄THE ONE、遠雄耶魯齊上榜 - 遠雄房地產,/life-proposal/ease_eewh-ec_20230711/,1,1,1,1,4
web-ettoday / fm3,20260116,綠建築十大社區出爐，遠雄文青、遠雄THE ONE、遠雄耶魯齊上榜 - 遠雄房地產,/life-proposal/ease_eewh-ec_20230711/,1,1,1,1,16
GOOGLEKW / cpc,GOOGLEMYBUSINESS,綠建築十大社區出爐，遠雄文青、遠雄THE ONE、遠雄耶魯齊上榜 - 遠雄房地產,/life-proposal/ease_eewh-ec_20230711/,1,1,1,1,11
(direct) / (none),(direct),社區有綠建築標章有何好處？ - 遠雄房地產,/life-proposal/ease_greenbuilding_20230608/,1,1,1,1,4
google / cpc,(not set),社區有綠建築標章有何好處？ - 遠雄房地產,/life-proposal/ease_greenbuilding_20230608/,1,1,1,1,30
bing / organic,(organic),社區有綠建築標章有何好處？ - 遠雄房地產,/life-proposal/ease_greenbuilding_20230608/,1,1,1,1,196
google / cpc,(organic),社區有綠建築標章有何好處？ - 遠雄房地產,/life-proposal/ease_greenbuilding_20230608/,1,1,1,1,83
(not set),20260213一輪播,社區有綠建築標章有何好處？ - 遠雄房地產,/life-proposal/ease_greenbuilding_20230608/,1,1,0,0,0
google / organic,(organic),宜居生活、地球永續，就從綠建材開始 - 遠雄房地產,/life-proposal/ease_greenmaterial_20230609/,1,1,1,1,6
(direct) / (none),(direct),居家生活擁抱綠建材，遠離影響健康與空氣的有害物質 - 遠雄房地產,/life-proposal/ease_healthy-material_20230616/,1,1,1,1,0
google / organic,(organic),梅雨季濕氣滿屋，來場除濕防霉大作戰 - 遠雄房地產,/life-proposal/ease_mildew-proof_20230612/,1,1,1,1,5
google / organic,(organic),新興市場韌性差異加劇，2025年怎麼走｜財經M平方觀點 - 遠雄房地產,/life-proposal/emerging-markets_20241217/,1,1,1,1,312
(direct) / (none),(direct),不動產節稅妙招：財富傳承的遺產稅佈局 - 遠雄房地產,/life-proposal/estate_tax_20220909/,1,1,1,1,1
google / organic,(organic),2023年第二季房市觀測：利空環境依舊壓制，不動產市場持續降溫 - 遠雄房地產,/life-proposal/expert_20230609_peizhen_2023q2/,1,1,1,1,15
(direct) / (none),(direct),由壽險業、製造業、建築開發業看2023年第二季商用不動產 投資買賣市場之脈動｜劉佩真觀點 - 遠雄房地產,/life-proposal/expert_20230920_peizhen_commerical/,1,1,1,1,3
excel.officeapps.live.com / referral,(referral),2025年中台灣房市潛力區域專題報導 -10大優質投資區域分析｜何世昌觀點 - 遠雄房地產,/life-proposal/expert_hoshichang_central-potential/,1,1,4,4,42
mkto-sn070013.com / referral,(referral),2025年中台灣房市潛力區域專題報導 -10大優質投資區域分析｜何世昌觀點 - 遠雄房地產,/life-proposal/expert_hoshichang_central-potential/,1,1,1,1,431
fb / bh9,28,2025年中台灣房市潛力區域專題報導 -10大優質投資區域分析｜何世昌觀點 - 遠雄房地產,/life-proposal/expert_hoshichang_central-potential/,1,1,1,1,0
google / cpc,brand0829,2025年中台灣房市潛力區域專題報導 -10大優質投資區域分析｜何世昌觀點 - 遠雄房地產,/life-proposal/expert_hoshichang_central-potential/,1,1,1,1,0
fb / bh11,fanpagebutton,2025年中台灣房市潛力區域專題報導 -10大優質投資區域分析｜何世昌觀點 - 遠雄房地產,/life-proposal/expert_hoshichang_central-potential/,1,1,1,1,0
google / cpc,information4,2025年中台灣房市潛力區域專題報導 -10大優質投資區域分析｜何世昌觀點 - 遠雄房地產,/life-proposal/expert_hoshichang_central-potential/,1,1,1,1,1
fgr-line / bh11,listbutton,2025年中台灣房市潛力區域專題報導 -10大優質投資區域分析｜何世昌觀點 - 遠雄房地產,/life-proposal/expert_hoshichang_central-potential/,1,1,1,1,136
(not set),台中,2025年中台灣房市潛力區域專題報導 -10大優質投資區域分析｜何世昌觀點 - 遠雄房地產,/life-proposal/expert_hoshichang_central-potential/,1,1,0,0,0
chatgpt.com / (not set),(not set),2025年北台灣房市潛力區域專題報導-10大優質投資區域分析｜何世昌觀點 - 遠雄房地產,/life-proposal/expert_hoshichang_northern-potential/,1,1,1,1,53
google / cpc,(not set),2025年北台灣房市潛力區域專題報導-10大優質投資區域分析｜何世昌觀點 - 遠雄房地產,/life-proposal/expert_hoshichang_northern-potential/,1,1,1,1,69
google / cpc,20250616_房地產投資,2025年北台灣房市潛力區域專題報導-10大優質投資區域分析｜何世昌觀點 - 遠雄房地產,/life-proposal/expert_hoshichang_northern-potential/,1,1,1,1,80
(not set),20260213一輪播,首季房市開低走揚，房價進入大亂鬥盤整格局｜何世昌觀點 - 遠雄房地產,/life-proposal/expert_hoshichang_property_q1-review_20250514/,1,1,0,0,108
(direct) / (none),(direct),[影音] 全台房市「蛋花湯效應」解密 - 南二都房價的變遷｜何世昌觀點 - 遠雄房地產,/life-proposal/expert_hoshichang_property_south-prices_20250404/,1,1,1,1,0
chatgpt.com / referral,(referral),[影音] 全台房市「蛋花湯效應」解密 - 南二都房價的變遷｜何世昌觀點 - 遠雄房地產,/life-proposal/expert_hoshichang_property_south-prices_20250404/,1,1,1,1,37
google_kw / dh2,(organic),2025年南台灣房市潛力區域專題報導 - 10大優質投資區域分析｜何世昌觀點 - 遠雄房地產,/life-proposal/expert_hoshichang_south-potential/,1,1,1,1,0
mkto-sn070013.com / referral,(referral),2025年南台灣房市潛力區域專題報導 - 10大優質投資區域分析｜何世昌觀點 - 遠雄房地產,/life-proposal/expert_hoshichang_south-potential/,1,1,1,1,10
tw.search.yahoo.com / referral,(referral),2025年南台灣房市潛力區域專題報導 - 10大優質投資區域分析｜何世昌觀點 - 遠雄房地產,/life-proposal/expert_hoshichang_south-potential/,1,1,1,1,61
(not set),台南全區,2025年南台灣房市潛力區域專題報導 - 10大優質投資區域分析｜何世昌觀點 - 遠雄房地產,/life-proposal/expert_hoshichang_south-potential/,1,1,1,1,9
(direct) / (none),(direct),[影音] 台灣房價為何跌不下來？看懂房市「抗跌力」｜何世昌觀點 - 遠雄房地產,/life-proposal/expert_hoshichang_video_property_price_20250801/,1,1,1,1,1
google / cpc,(organic),[影音] 台灣房價為何跌不下來？看懂房市「抗跌力」｜何世昌觀點 - 遠雄房地產,/life-proposal/expert_hoshichang_video_property_price_20250801/,1,1,1,1,50
chatgpt.com / referral,(referral),[影音] 台灣房價為何跌不下來？看懂房市「抗跌力」｜何世昌觀點 - 遠雄房地產,/life-proposal/expert_hoshichang_video_property_price_20250801/,1,1,1,1,110
(not set),台南中西,[影音] 台灣房價為何跌不下來？看懂房市「抗跌力」｜何世昌觀點 - 遠雄房地產,/life-proposal/expert_hoshichang_video_property_price_20250801/,1,1,1,1,56
google / organic,(organic),[影音] 專家看2025年上半年預售屋市場 : 四大現象觀察｜何世昌觀點 - 遠雄房地產,/life-proposal/expert_housing-market_20250820/,1,1,1,1,92
google / organic,(organic),【商用不動產講堂】如何選擇好廠辦? - 遠雄房地產,/life-proposal/expert_ken_topics_commerical_factory_20240920/,1,1,1,1,24
(direct) / (none),(direct),購買預售屋如何選擇好的建商？(上集)｜永然法律不動產專欄 - 遠雄房地產,/life-proposal/expert_law_y-rlee_builder1_20250324/,1,1,1,1,0
(not set),20260213一輪播,購買預售屋如何選擇好的建商？(上集)｜永然法律不動產專欄 - 遠雄房地產,/life-proposal/expert_law_y-rlee_builder1_20250324/,1,1,1,1,36
google / cpc,(organic),購買預售屋如何選擇好的建商？(下集)｜永然法律不動產專欄 - 遠雄房地產,/life-proposal/expert_law_y-rlee_builder2_20250425/,1,1,1,1,7
google / cpc,gdn-1,購買預售屋如何選擇好的建商？(下集)｜永然法律不動產專欄 - 遠雄房地產,/life-proposal/expert_law_y-rlee_builder2_20250425/,1,1,1,1,2
excel.officeapps.live.com / referral,(referral),未婚情侶合資買房在法律上要注意什麼｜永然法律不動產專欄 - 遠雄房地產,/life-proposal/expert_law_y-rlee_co-buying/,1,1,1,1,8
fgr-line / ah1,20260220,未婚情侶合資買房在法律上要注意什麼｜永然法律不動產專欄 - 遠雄房地產,/life-proposal/expert_law_y-rlee_co-buying/,1,1,0,0,0
youtube / fgr,expert_law_y-rlee_co-buying,未婚情侶合資買房在法律上要注意什麼｜永然法律不動產專欄 - 遠雄房地產,/life-proposal/expert_law_y-rlee_co-buying/,1,1,1,1,0
fb / eh6,fb2-1,未婚情侶合資買房在法律上要注意什麼｜永然法律不動產專欄 - 遠雄房地產,/life-proposal/expert_law_y-rlee_co-buying/,1,1,1,1,0
(not set),台中,未婚情侶合資買房在法律上要注意什麼｜永然法律不動產專欄 - 遠雄房地產,/life-proposal/expert_law_y-rlee_co-buying/,1,1,1,1,1
(not set),台南全區,未婚情侶合資買房在法律上要注意什麼｜永然法律不動產專欄 - 遠雄房地產,/life-proposal/expert_law_y-rlee_co-buying/,1,1,1,1,1
bing / organic,(organic),預售屋買賣契約簽約時應注意「契約審閱期」｜永然法律不動產專欄 - 遠雄房地產,/life-proposal/expert_law_y-rlee_contract_20250613/,1,1,1,1,68
google / cpc,(organic),預售屋買賣契約簽約時應注意「契約審閱期」｜永然法律不動產專欄 - 遠雄房地產,/life-proposal/expert_law_y-rlee_contract_20250613/,1,1,1,1,230
tw.search.yahoo.com / referral,(referral),預售屋買賣契約簽約時應注意「契約審閱期」｜永然法律不動產專欄 - 遠雄房地產,/life-proposal/expert_law_y-rlee_contract_20250613/,1,1,1,1,290
fb / bh10,fbfanpage0213,預售屋買賣契約簽約時應注意「契約審閱期」｜永然法律不動產專欄 - 遠雄房地產,/life-proposal/expert_law_y-rlee_contract_20250613/,1,1,1,1,0
google_kw / bh10,taichung,預售屋買賣契約簽約時應注意「契約審閱期」｜永然法律不動產專欄 - 遠雄房地產,/life-proposal/expert_law_y-rlee_contract_20250613/,1,1,1,1,1
(not set),台南全區,預售屋買賣契約簽約時應注意「契約審閱期」｜永然法律不動產專欄 - 遠雄房地產,/life-proposal/expert_law_y-rlee_contract_20250613/,1,1,1,1,2
fgr-line / fgr,area_txg_beitun_14th_function_20250829,台版地面師如何騙走你的不動產?｜永然法律不動產專欄 - 遠雄房地產,/life-proposal/expert_law_y-rlee_land-agent_20250904/,1,1,1,1,6
bing / organic,(organic),借名登記的房地產，也可以作為遺產分割的標的嗎？ | 永然法律不動產專欄 - 遠雄房地產,/life-proposal/expert_law_y-rlee_nominee-inheritance/,1,1,1,1,330
yahoo / organic,(organic),借名登記的房地產，也可以作為遺產分割的標的嗎？ | 永然法律不動產專欄 - 遠雄房地產,/life-proposal/expert_law_y-rlee_nominee-inheritance/,1,1,1,1,69
google / cpc,(referral),借名登記的房地產，也可以作為遺產分割的標的嗎？ | 永然法律不動產專欄 - 遠雄房地產,/life-proposal/expert_law_y-rlee_nominee-inheritance/,1,1,1,1,1
(not set),20251107一輪播,借名登記的房地產，也可以作為遺產分割的標的嗎？ | 永然法律不動產專欄 - 遠雄房地產,/life-proposal/expert_law_y-rlee_nominee-inheritance/,1,1,1,1,71
socialmedia / fgr,shorts20260206,借名登記的房地產，也可以作為遺產分割的標的嗎？ | 永然法律不動產專欄 - 遠雄房地產,/life-proposal/expert_law_y-rlee_nominee-inheritance/,1,1,1,1,0
(not set),台南全區,借名登記的房地產，也可以作為遺產分割的標的嗎？ | 永然法律不動產專欄 - 遠雄房地產,/life-proposal/expert_law_y-rlee_nominee-inheritance/,1,1,2,2,9
(data not available),(cross-network),共同繼承來的房地產，要如何進行分割呢？ | 永然法律不動產專欄 - 遠雄房地產,/life-proposal/expert_law_y-rlee_property-division/,1,1,2,2,61
tw.search.yahoo.com / referral,(referral),預售屋買賣契約中的交屋保留款與建材設備約定｜永然法律不動產專欄 - 遠雄房地產,/life-proposal/expert_law_y-rlee_retention-money_20250704/,1,1,1,1,100
(not set),20251107一輪播,預售屋買賣契約中的交屋保留款與建材設備約定｜永然法律不動產專欄 - 遠雄房地產,/life-proposal/expert_law_y-rlee_retention-money_20250704/,1,1,1,1,7
socialmedia / fgr,expert_law_y-rlee_retention-money_20250704,預售屋買賣契約中的交屋保留款與建材設備約定｜永然法律不動產專欄 - 遠雄房地產,/life-proposal/expert_law_y-rlee_retention-money_20250704/,1,1,1,1,78
(direct) / (none),(direct),2022上半年房市總結「升息循環、疫情擴散、打房加重」與未來展望｜李同榮觀點 - 遠雄房地產,/life-proposal/expert_li_2022property_20220722/,1,1,1,1,0
copilot.com / referral,(referral),2022上半年房市總結「升息循環、疫情擴散、打房加重」與未來展望｜李同榮觀點 - 遠雄房地產,/life-proposal/expert_li_2022property_20220722/,1,1,2,2,46
(direct) / (none),(direct),從13大指標判斷2024年下半年房產走勢｜李同榮觀點 - 遠雄房地產,/life-proposal/expert_li_2024trend_20240711/,1,1,1,1,9
chatgpt.com / (not set),(not set),2026年預售市場一針見血的銷售與購買策略｜李同榮觀點 - 遠雄房地產,/life-proposal/expert_li_2026-housing-tips/,1,1,1,1,118
lm.facebook.com / referral,(referral),2026年預售市場一針見血的銷售與購買策略｜李同榮觀點 - 遠雄房地產,/life-proposal/expert_li_2026-housing-tips/,1,1,1,1,35
perplexity.ai / referral,(referral),2026年預售市場一針見血的銷售與購買策略｜李同榮觀點 - 遠雄房地產,/life-proposal/expert_li_2026-housing-tips/,1,1,3,3,19
fgr-line / eh6,20260220,2026年預售市場一針見血的銷售與購買策略｜李同榮觀點 - 遠雄房地產,/life-proposal/expert_li_2026-housing-tips/,1,1,1,1,0
google / cpc,BH10-十四期區域字,2026年預售市場一針見血的銷售與購買策略｜李同榮觀點 - 遠雄房地產,/life-proposal/expert_li_2026-housing-tips/,1,1,1,1,165
fb / eh6,fb2-1,2026年預售市場一針見血的銷售與購買策略｜李同榮觀點 - 遠雄房地產,/life-proposal/expert_li_2026-housing-tips/,1,1,1,1,5
fgr-line / fgr,playlist=e93ee4e&video=3f91b6e,2026年預售市場一針見血的銷售與購買策略｜李同榮觀點 - 遠雄房地產,/life-proposal/expert_li_2026-housing-tips/,1,1,2,2,0
(not set),台中,2026年預售市場一針見血的銷售與購買策略｜李同榮觀點 - 遠雄房地產,/life-proposal/expert_li_2026-housing-tips/,1,1,1,1,6
(not set),台中西屯,2026年預售市場一針見血的銷售與購買策略｜李同榮觀點 - 遠雄房地產,/life-proposal/expert_li_2026-housing-tips/,1,1,2,2,13
google / cpc,(organic),2025房市下跌趨勢中，預售屋進場全攻略｜李同榮觀點 - 遠雄房地產,/life-proposal/expert_li_7th-cycle_20250114/,1,1,1,1,0
google / organic,(organic),房市多空拉鋸，前瞻建築業未來面臨的三大挑戰｜李同榮觀點 - 遠雄房地產,/life-proposal/expert_li_challenge_20240411/,1,1,1,1,33
google / organic,(organic),2024年大選後，台灣房市面對的挑戰｜李同榮觀點 - 遠雄房地產,/life-proposal/expert_li_election_20231019/,1,1,1,1,15
google / cpc,(organic),2025自住首購族擇屋八大法則｜李同榮觀點 - 遠雄房地產,/life-proposal/expert_li_homeowners_20250410/,1,1,1,1,140
(not set),20251230一輪播,2025自住首購族擇屋八大法則｜李同榮觀點 - 遠雄房地產,/life-proposal/expert_li_homeowners_20250410/,1,1,1,1,10
(not set),20260213一輪播,2025自住首購族擇屋八大法則｜李同榮觀點 - 遠雄房地產,/life-proposal/expert_li_homeowners_20250410/,1,1,0,0,0
bing / organic,(organic),2026年房地產市場將面臨八大考驗｜李同榮觀點 - 遠雄房地產,/life-proposal/expert_li_housing-challenges-2026/,1,1,1,1,42
mkto-sn070013.com / referral,(referral),2026年房地產市場將面臨八大考驗｜李同榮觀點 - 遠雄房地產,/life-proposal/expert_li_housing-challenges-2026/,1,1,2,2,1
(direct) / (none),(direct),The real estate market will face eight major tests in 2026|Li Tongrong's view - Farglory Real Estate,/life-proposal/expert_li_housing-challenges-2026/,1,1,0,0,70
(direct) / (none),(direct),政策修法五重拳，市場不如預期悲觀，購屋者不必恐慌｜李同榮觀點 - 遠雄房地產,/life-proposal/expert_li_housing_market_20230117/,1,1,1,1,1
(direct) / (none),(direct),劉學龍觀點：經過利空出盡的2022年，透過靈活布局可望迎來2023年的暖冬 - 遠雄房地產,/life-proposal/expert_liu_20221226/,1,1,1,1,0
(direct) / (none),(direct),劉學龍觀點：從近期交易看商用不動產市場動能 - 遠雄房地產,/life-proposal/expert_liu_20230629_commercial/,1,1,1,1,0
google / cpc,202511,劉學龍觀點：2025年第三季房地產趨勢 - 商用不動產市場的穩與土地市場的冷 - 遠雄房地產,/life-proposal/expert_liu_commercial-2025q3/,1,1,1,1,0
google_kw / 5vo1,202511,劉學龍觀點：2025年第三季房地產趨勢 - 商用不動產市場的穩與土地市場的冷 - 遠雄房地產,/life-proposal/expert_liu_commercial-2025q3/,1,1,1,1,30
(not set),台中,劉學龍觀點：2025年第三季房地產趨勢 - 商用不動產市場的穩與土地市場的冷 - 遠雄房地產,/life-proposal/expert_liu_commercial-2025q3/,1,1,3,3,16
google / organic,(organic),劉學龍觀點：全球局勢到本地市場，2025下半年商用不動產市場的風與浪 - 遠雄房地產,/life-proposal/expert_liu_commercial_2025h2_20250725/,1,1,1,1,0
bing / organic,(organic),劉學龍觀點：2025年的商用不動產投資開發潛力聚焦工業 - 遠雄房地產,/life-proposal/expert_liu_commercial_2025trend_20250115/,1,1,1,1,23
(direct) / (none),(direct),劉學龍觀點：新政府的房市政策期許與建議 - 遠雄房地產,/life-proposal/expert_liu_commercial_policy_20240709/,1,1,1,1,1
(direct) / (none),(direct),劉學龍觀點：短暫休息後的蛻變-零售新風貌 - 遠雄房地產,/life-proposal/expert_liu_retail_20230328/,1,1,1,1,1
google / cpc,(organic),2026 商用不動產佈局先機：穩健中求進步，掌握先機｜劉學龍觀點 - 遠雄房地產,/life-proposal/expert_liu_tw-commercial-property-2026/,1,1,1,1,2
gemini.google.com / referral,(referral),2026 商用不動產佈局先機：穩健中求進步，掌握先機｜劉學龍觀點 - 遠雄房地產,/life-proposal/expert_liu_tw-commercial-property-2026/,1,1,1,1,6
mkto-sn070013.com / referral,(referral),2026 商用不動產佈局先機：穩健中求進步，掌握先機｜劉學龍觀點 - 遠雄房地產,/life-proposal/expert_liu_tw-commercial-property-2026/,1,1,1,1,37
staffapp.sysjust.com.tw / referral,(referral),2026 商用不動產佈局先機：穩健中求進步，掌握先機｜劉學龍觀點 - 遠雄房地產,/life-proposal/expert_liu_tw-commercial-property-2026/,1,1,1,1,9
google / cpc,202511,2026 商用不動產佈局先機：穩健中求進步，掌握先機｜劉學龍觀點 - 遠雄房地產,/life-proposal/expert_liu_tw-commercial-property-2026/,1,1,1,1,8
sms / aep-cdp,CRM-001-D,2026 商用不動產佈局先機：穩健中求進步，掌握先機｜劉學龍觀點 - 遠雄房地產,/life-proposal/expert_liu_tw-commercial-property-2026/,1,1,1,1,8
fgr-line / fgr,expert_li_2026-housing-tips,2026 商用不動產佈局先機：穩健中求進步，掌握先機｜劉學龍觀點 - 遠雄房地產,/life-proposal/expert_liu_tw-commercial-property-2026/,1,1,0,0,0
google / cpc,gdn11-3,2026 商用不動產佈局先機：穩健中求進步，掌握先機｜劉學龍觀點 - 遠雄房地產,/life-proposal/expert_liu_tw-commercial-property-2026/,1,1,1,1,165
google / cpc,gdn11-4,2026 商用不動產佈局先機：穩健中求進步，掌握先機｜劉學龍觀點 - 遠雄房地產,/life-proposal/expert_liu_tw-commercial-property-2026/,1,1,1,1,122
(not set),台南中西,2026 商用不動產佈局先機：穩健中求進步，掌握先機｜劉學龍觀點 - 遠雄房地產,/life-proposal/expert_liu_tw-commercial-property-2026/,1,1,1,1,97
(not set),高雄楠梓,2026 商用不動產佈局先機：穩健中求進步，掌握先機｜劉學龍觀點 - 遠雄房地產,/life-proposal/expert_liu_tw-commercial-property-2026/,1,1,1,1,13
(direct) / (none),(direct),找不到頁面 - 遠雄房地產,/life-proposal/expert_liu_tw-co…al-property-2026/,1,1,1,1,8
(direct) / (none),(direct),財經M平方觀點：通膨促使各大央行升息，台灣房市未來展望 - 遠雄房地產,/life-proposal/expert_macromicro20220601/,1,1,1,1,8
(not set),(not set),財經M平方觀點：去庫存壓力來襲，2 個訊號看製造業何時落底 - 遠雄房地產,/life-proposal/expert_macromicro20220726/,1,1,1,1,0
yahoo / organic,(organic),財經M平方觀點：去庫存壓力來襲，2 個訊號看製造業何時落底 - 遠雄房地產,/life-proposal/expert_macromicro20220726/,1,1,1,1,494
(direct) / (none),(direct),財經M平方觀點：中國房市陷入惡性循環，三個對經濟的影響 - 遠雄房地產,/life-proposal/expert_macromicro20220909/,1,1,1,1,1
(direct) / (none),(direct),財經M平方觀點：全球製造業去庫存，半導體財報下修對台灣的影響 - 遠雄房地產,/life-proposal/expert_macromicro_20221125/,1,1,1,1,0
(direct) / (none),(direct),財經M平方觀點：2023 年全球經濟三大重點，各國經濟將如何復甦？ - 遠雄房地產,/life-proposal/expert_macromicro_20221220/,1,1,1,1,2
(direct) / (none),(direct),財經M平方觀點：通膨與就業兩大因素，美國經濟將呈 U 型復甦 - 遠雄房地產,/life-proposal/expert_macromicro_20230306/,1,1,1,1,0
(direct) / (none),(direct),財經M平方觀點：受惠中國解封 全球製造業將逐步落底 - 遠雄房地產,/life-proposal/expert_macromicro_20230320/,1,1,1,1,0
(direct) / (none),(direct),財經M平方觀點：全球製造業景氣，開始進入築底階段 - 遠雄房地產,/life-proposal/expert_macromicro_20230516/,1,1,1,1,6
(direct) / (none),(direct),從房地產運作機制，一窺台灣房市發展 4 問題｜財經M平方觀點 - 遠雄房地產,/life-proposal/expert_macromicro_20230522/,1,1,1,1,1
google / organic,(organic),從房地產運作機制，一窺台灣房市發展 4 問題｜財經M平方觀點 - 遠雄房地產,/life-proposal/expert_macromicro_20230522/,1,1,1,1,33
(direct) / (none),(direct),解析經濟基本面，掌握日本貨幣政策未來展望｜財經M平方觀點 - 遠雄房地產,/life-proposal/expert_macromicro_20230621/,1,1,1,1,5
(direct) / (none),(direct),2026 投資佈局：聚焦AI基建、核能、國防、稀土、貴金屬與穩定幣 | 財經M平方觀點 - 遠雄房地產,/life-proposal/expert_macromicro_2026-mega-trends,1,1,1,1,3
bing / organic,(organic),2026 投資佈局：聚焦AI基建、核能、國防、稀土、貴金屬與穩定幣 | 財經M平方觀點 - 遠雄房地產,/life-proposal/expert_macromicro_2026-mega-trends/,1,1,1,1,180
google / cpc,(organic),2026 投資佈局：聚焦AI基建、核能、國防、稀土、貴金屬與穩定幣 | 財經M平方觀點 - 遠雄房地產,/life-proposal/expert_macromicro_2026-mega-trends/,1,1,1,1,38
m.facebook.com / referral,(referral),2026 投資佈局：聚焦AI基建、核能、國防、稀土、貴金屬與穩定幣 | 財經M平方觀點 - 遠雄房地產,/life-proposal/expert_macromicro_2026-mega-trends/,1,1,1,1,0
(not set),20260213一輪播,2026 投資佈局：聚焦AI基建、核能、國防、稀土、貴金屬與穩定幣 | 財經M平方觀點 - 遠雄房地產,/life-proposal/expert_macromicro_2026-mega-trends/,1,1,0,0,0
google / cpc,CQH1-買房字,2026 投資佈局：聚焦AI基建、核能、國防、稀土、貴金屬與穩定幣 | 財經M平方觀點 - 遠雄房地產,/life-proposal/expert_macromicro_2026-mega-trends/,1,1,1,1,12
google / cpc,pmax,2026 投資佈局：聚焦AI基建、核能、國防、稀土、貴金屬與穩定幣 | 財經M平方觀點 - 遠雄房地產,/life-proposal/expert_macromicro_2026-mega-trends/,1,1,1,1,0
(not set),台南中西,2026 投資佈局：聚焦AI基建、核能、國防、稀土、貴金屬與穩定幣 | 財經M平方觀點 - 遠雄房地產,/life-proposal/expert_macromicro_2026-mega-trends/,1,1,1,1,19
(not set),台南全區,2026 投資佈局：聚焦AI基建、核能、國防、稀土、貴金屬與穩定幣 | 財經M平方觀點 - 遠雄房地產,/life-proposal/expert_macromicro_2026-mega-trends/,1,1,1,1,6
(direct) / (none),(direct),25Q2 美股財報-深度拆解半導體龍頭與 AI 趨勢｜財經M平方觀點 - 遠雄房地產,/life-proposal/expert_macromicro_25q2-financial-statements/,1,1,1,1,2
google / organic,(organic),25Q2 美股財報-深度拆解半導體龍頭與 AI 趨勢｜財經M平方觀點 - 遠雄房地產,/life-proposal/expert_macromicro_25q2-financial-statements/,1,1,1,1,12
socialmedia / fgr,shorts20250207,2025 年中國經濟關鍵議題分析｜財經M平方觀點 - 遠雄房地產,/life-proposal/expert_macromicro_china-economic_20250120/,1,1,1,1,0
google / organic,(organic),降息循環啟動！未來該如何調整資產配置？｜財經M平方觀點 - 遠雄房地產,/life-proposal/expert_macromicro_cut-interest-rates_20241030/,1,1,1,1,69
(direct) / (none),(direct),找不到頁面 - 遠雄房地產,/life-proposal/expert_macromicro_economy-2026-critical,1,1,1,1,3
(direct) / (none),(direct),資本支出會太高嗎？一文解析 24Q4 科技巨頭財報｜財經M平方觀點 - 遠雄房地產,/life-proposal/expert_macromicro_financial-statements_20250318/,1,1,1,1,4
bing / organic,(organic),資本支出會太高嗎？一文解析 24Q4 科技巨頭財報｜財經M平方觀點 - 遠雄房地產,/life-proposal/expert_macromicro_financial-statements_20250318/,1,1,1,1,29
(not set),20260213一輪播,資本支出會太高嗎？一文解析 24Q4 科技巨頭財報｜財經M平方觀點 - 遠雄房地產,/life-proposal/expert_macromicro_financial-statements_20250318/,1,1,0,0,0
fgr-line / fgr,expert_zhu_taiwan-land-scam,全球超長債殖利率飆升：結構性壓力與長短期解方全解析｜財經M平方觀點 - 遠雄房地產,/life-proposal/expert_macromicro_global-bond-yields/,1,1,1,1,0
google / cpc,(organic),降息了黃金一定會漲嗎？探討未來黃金走勢｜財經M平方觀點 - 遠雄房地產,/life-proposal/expert_macromicro_golden_20241119/,1,1,1,1,0
tw.search.yahoo.com / referral,(referral),降息了黃金一定會漲嗎？探討未來黃金走勢｜財經M平方觀點 - 遠雄房地產,/life-proposal/expert_macromicro_golden_20241119/,1,1,1,1,103
(direct) / (none),(direct),台灣房價 Q2 再度創高，打房效果是否逐步遞減｜財經M平方觀點 - 遠雄房地產,/life-proposal/expert_macromicro_housing_03q2_20230928/,1,1,1,1,1
(direct) / (none),(direct),進入 2025 年如何展望台灣房市，央行信用管制效果還在?｜財經M平方觀點 - 遠雄房地產,/life-proposal/expert_macromicro_housing_2025view_20250205/,1,1,1,1,0
google / cpc,(not set),台灣房市價量回升，房市牛市延續兩大重點解析｜財經M平方觀點 - 遠雄房地產,/life-proposal/expert_macromicro_housing_market_20240222/,1,1,1,1,50
google / organic,(organic),台灣房市價量回升，房市牛市延續兩大重點解析｜財經M平方觀點 - 遠雄房地產,/life-proposal/expert_macromicro_housing_market_20240222/,1,1,1,1,1
(direct) / (none),(direct),2024 關鍵三大風險：流動性、通膨、台灣出口｜財經M平方觀點 - 遠雄房地產,/life-proposal/expert_macromicro_mec_2024risk_20240126/,1,1,1,1,3
(direct) / (none),(direct),陸港股最壞狀況已過？展望中國後市｜財經M平方觀點 - 遠雄房地產,/life-proposal/expert_macromicro_mec_china_20240621/,1,1,1,1,0
(direct) / (none),(direct),驅動金屬需求的新成長動能 - 能源轉型｜財經M平方觀點 - 遠雄房地產,/life-proposal/expert_macromicro_mec_energy_20240408/,1,1,1,1,0
(direct) / (none),(direct),對抗通膨的最後一哩路，油價有可能造成阻礙嗎｜財經M平方觀點 - 遠雄房地產,/life-proposal/expert_macromicro_mec_oil_20231018/,1,1,1,1,1
(direct) / (none),(direct),台灣景氣燈號連二黃紅燈，這波行情能走多遠｜財經M平方觀點 - 遠雄房地產,/life-proposal/expert_macromicro_mec_prosperity_20240725/,1,1,1,1,3
google / organic,(organic),台灣景氣燈號連二黃紅燈，這波行情能走多遠｜財經M平方觀點 - 遠雄房地產,/life-proposal/expert_macromicro_mec_prosperity_20240725/,1,1,1,1,5
tw.search.yahoo.com / referral,(referral),台灣景氣燈號連二黃紅燈，這波行情能走多遠｜財經M平方觀點 - 遠雄房地產,/life-proposal/expert_macromicro_mec_prosperity_20240725/,1,1,1,1,27
google / cpc,gdn-3,台灣景氣燈號連二黃紅燈，這波行情能走多遠｜財經M平方觀點 - 遠雄房地產,/life-proposal/expert_macromicro_mec_prosperity_20240725/,1,1,1,1,0
(direct) / (none),(direct),解析科技巨頭Q2財報表現！為何引發股市暴跌｜財經M平方觀點 - 遠雄房地產,/life-proposal/expert_macromicro_mec_q2tec_20240903/,1,1,1,1,2
google / organic,(organic),關稅搶出口潮退去後，2025下半年製造業還有支撐嗎？｜財經M平方觀點 - 遠雄房地產,/life-proposal/expert_macromicro_mfg-h2_20250820/,1,1,1,1,0
google / cpc,(organic),對等關稅引發全球市場動盪 貴金屬適合投資嗎？｜財經M平方觀點 - 遠雄房地產,/life-proposal/expert_macromicro_precious-metals_20250430/,1,1,1,1,3
google / organic,(organic),對等關稅引發全球市場動盪 貴金屬適合投資嗎？｜財經M平方觀點 - 遠雄房地產,/life-proposal/expert_macromicro_precious-metals_20250430/,1,1,1,1,128
(not set),20260213一輪播,全球貨幣戰：穩定幣的發展與投資機會 | 財經M平方觀點 - 遠雄房地產,/life-proposal/expert_macromicro_stablecoin/,1,1,1,1,0
(direct) / (none),(direct),從國內製造業的發展現況看工業地產之趨勢｜劉佩真觀點 - 遠雄房地產,/life-proposal/expert_peizhen_20230331/,1,1,1,1,0
(direct) / (none),(direct),2023年國內房市先蹲後跳、2024年期盼漸入佳境｜劉佩真觀點 - 遠雄房地產,/life-proposal/expert_peizhen_2023review_20240103/,1,1,1,1,1
google / organic,(organic),2023年國內房市先蹲後跳、2024年期盼漸入佳境｜劉佩真觀點 - 遠雄房地產,/life-proposal/expert_peizhen_2023review_20240103/,1,1,1,1,34
google_kw / 5vo1,202511,2024年第二季房市觀測-房市呈價量齊揚，而央行出手成效待觀察｜劉佩真觀點 - 遠雄房地產,/life-proposal/expert_peizhen_2024q2review_20240703/,1,1,1,1,61
(direct) / (none),(direct),2024年房市為前高後低態勢、2025年將進入調整階段｜劉佩真觀點 - 遠雄房地產,/life-proposal/expert_peizhen_2024review_20250107/,1,1,1,1,0
bing / organic,(organic),2024年房市為前高後低態勢、2025年將進入調整階段｜劉佩真觀點 - 遠雄房地產,/life-proposal/expert_peizhen_2024review_20250107/,1,1,1,1,299
google / organic,(organic),2025年第三季房市觀測-政策觀望期延續，市場靜待轉折契機｜劉佩真觀點 - 遠雄房地產,/life-proposal/expert_peizhen_2025q3review/,1,1,1,1,22
chatgpt.com / referral,(referral),2025年第三季房市觀測-政策觀望期延續，市場靜待轉折契機｜劉佩真觀點 - 遠雄房地產,/life-proposal/expert_peizhen_2025q3review/,1,1,1,1,15
mkto-sn070013.com / referral,(referral),2025年第三季房市觀測-政策觀望期延續，市場靜待轉折契機｜劉佩真觀點 - 遠雄房地產,/life-proposal/expert_peizhen_2025q3review/,1,1,1,1,50
google / cpc,202601,2025年第三季房市觀測-政策觀望期延續，市場靜待轉折契機｜劉佩真觀點 - 遠雄房地產,/life-proposal/expert_peizhen_2025q3review/,1,1,1,1,7
google / cpc,Pmax,2025年第三季房市觀測-政策觀望期延續，市場靜待轉折契機｜劉佩真觀點 - 遠雄房地產,/life-proposal/expert_peizhen_2025q3review/,1,1,1,1,9
google / cpc,gdn-1,2025年第三季房市觀測-政策觀望期延續，市場靜待轉折契機｜劉佩真觀點 - 遠雄房地產,/life-proposal/expert_peizhen_2025q3review/,1,1,1,1,0
(direct) / (none),(direct),[影音] AI科技宅當道！台灣半導體聚落帶動房市｜劉佩真觀點 - 遠雄房地產,/life-proposal/expert_peizhen_ai-housing-trend/,1,1,1,1,7
m.facebook.com / referral,(referral),[影音] AI科技宅當道！台灣半導體聚落帶動房市｜劉佩真觀點 - 遠雄房地產,/life-proposal/expert_peizhen_ai-housing-trend/,1,1,1,1,0
google / cpc,(organic),[影音] 下半年房市走勢利多與利空一次看！｜劉佩真觀點 - 遠雄房地產,/life-proposal/expert_peizhen_bullbear-2025h2__20250829/,1,1,1,1,24
(direct) / (none),(direct),國內六大區域治理計畫，牽動區域商用不動產的發展｜劉佩真觀點 - 遠雄房地產,/life-proposal/expert_peizhen_commercial_capitalist-development_20250402/,1,1,1,1,6
bing / organic,(organic),國內六大區域治理計畫，牽動區域商用不動產的發展｜劉佩真觀點 - 遠雄房地產,/life-proposal/expert_peizhen_commercial_capitalist-development_20250402/,1,1,1,1,59
bing / organic,(organic),銀髮住宅可望成為台灣房地產市場的新藍海｜劉佩真觀點 - 遠雄房地產,/life-proposal/expert_peizhen_commercial_elderly-residence_20250509/,1,1,1,1,12
google / cpc,(organic),銀髮住宅可望成為台灣房地產市場的新藍海｜劉佩真觀點 - 遠雄房地產,/life-proposal/expert_peizhen_commercial_elderly-residence_20250509/,1,1,1,1,148
perplexity.ai / referral,(referral),銀髮住宅可望成為台灣房地產市場的新藍海｜劉佩真觀點 - 遠雄房地產,/life-proposal/expert_peizhen_commercial_elderly-residence_20250509/,1,1,1,1,28
(not set),20260213一輪播,銀髮住宅可望成為台灣房地產市場的新藍海｜劉佩真觀點 - 遠雄房地產,/life-proposal/expert_peizhen_commercial_elderly-residence_20250509/,1,1,0,0,5
(direct) / (none),(direct),輝達黃仁勳旋風對於台灣房市帶來的正面效應｜劉佩真觀點 - 遠雄房地產,/life-proposal/expert_peizhen_commercial_nvidia_20250603/,1,1,1,1,0
chatgpt.com / (not set),(not set),輝達黃仁勳旋風對於台灣房市帶來的正面效應｜劉佩真觀點 - 遠雄房地產,/life-proposal/expert_peizhen_commercial_nvidia_20250603/,1,1,1,1,174
google / cpc,202601,輝達黃仁勳旋風對於台灣房市帶來的正面效應｜劉佩真觀點 - 遠雄房地產,/life-proposal/expert_peizhen_commercial_nvidia_20250603/,1,1,1,1,21
google / organic,(organic),科技業制壓傳產，為商用不動產自用買盤主要驅動力｜劉佩真觀點 - 遠雄房地產,/life-proposal/expert_peizhen_commercial_tec-wins_20250205/,1,1,1,1,46
(direct) / (none),(direct),從行業別、區域分布看2024年商用不動產投資買賣市場脈動｜劉佩真觀點 - 遠雄房地產,/life-proposal/expert_peizhen_commerical-trend_20240603/,1,1,1,1,0
bing / organic,(organic),從行業別、區域分布看2024年商用不動產投資買賣市場脈動｜劉佩真觀點 - 遠雄房地產,/life-proposal/expert_peizhen_commerical-trend_20240603/,1,1,1,1,440
fb / fm3,fb8-1,從行業別、區域分布看2024年商用不動產投資買賣市場脈動｜劉佩真觀點 - 遠雄房地產,/life-proposal/expert_peizhen_commerical-trend_20240603/,1,1,1,1,0
google / organic,(organic),2023年台灣土地交易市場變化｜劉佩真觀點 - 遠雄房地產,/life-proposal/expert_peizhen_land_20230609/,1,1,1,1,5
google / cpc,gdn11-3,[影音] 從總體經營環境來看2025下半年住宅與商用市場最新動態｜劉佩真觀點 - 遠雄房地產,/life-proposal/expert_peizhen_oee_2025h2/,1,1,1,1,4
bing / organic,(organic),辦公室租賃將告別房東市場，然企業升級需求為重點｜劉佩真觀點 - 遠雄房地產,/life-proposal/expert_peizhen_office-rental_20250805/,1,1,1,1,17
reurl.cc / referral,(referral),辦公室租賃將告別房東市場，然企業升級需求為重點｜劉佩真觀點 - 遠雄房地產,/life-proposal/expert_peizhen_office-rental_20250805/,1,1,1,1,90
(direct) / (none),(direct),辦公室租賃市場供需與重要趨勢變化之解析｜劉佩真觀點 - 遠雄房地產,/life-proposal/expert_peizhen_officemarket_20240806/,1,1,1,1,7
(direct) / (none),(direct),2025年第一季房市觀測 - 政策與銀行管制未鬆綁，短期國內房市陷入調整期｜劉佩真觀點 - 遠雄房地產,/life-proposal/expert_peizhen_property-2025q1_20250418/,1,1,1,1,0
google / organic,(organic),2025年第一季房市觀測 - 政策與銀行管制未鬆綁，短期國內房市陷入調整期｜劉佩真觀點 - 遠雄房地產,/life-proposal/expert_peizhen_property-2025q1_20250418/,1,1,2,2,3
tw.search.yahoo.com / referral,(referral),2025年第一季房市觀測 - 政策與銀行管制未鬆綁，短期國內房市陷入調整期｜劉佩真觀點 - 遠雄房地產,/life-proposal/expert_peizhen_property-2025q1_20250418/,1,1,1,1,9
(direct) / (none),(direct),2025年第二季房市觀測 - 關稅、打炒房持續等利空，Q3房市景氣還有機會回升嗎？｜劉佩真觀點 - 遠雄房地產,/life-proposal/expert_peizhen_property-2025q2_20250707/,1,1,1,1,0
(direct) / (none),(direct),2023年第一季房市展望與分析：房市續處修正期，住宅及商用不動產表現均不盡理想 - 遠雄房地產,/life-proposal/expert_peizhen_q1view_20230519/,1,1,1,1,0
(not set),(not set),2025房市回顧與2026盤整展望：政策與市場趨勢解析｜劉佩真觀點 - 遠雄房地產,/life-proposal/expert_peizhen_real-estate-2026/,1,1,0,0,19
chatgpt.com / (not set),(not set),2025房市回顧與2026盤整展望：政策與市場趨勢解析｜劉佩真觀點 - 遠雄房地產,/life-proposal/expert_peizhen_real-estate-2026/,1,1,1,1,111
gemini.google.com / referral,(referral),2025房市回顧與2026盤整展望：政策與市場趨勢解析｜劉佩真觀點 - 遠雄房地產,/life-proposal/expert_peizhen_real-estate-2026/,1,1,1,1,2
m.facebook.com / referral,(referral),2025房市回顧與2026盤整展望：政策與市場趨勢解析｜劉佩真觀點 - 遠雄房地產,/life-proposal/expert_peizhen_real-estate-2026/,1,1,1,1,0
news.google.com / referral,(referral),2025房市回顧與2026盤整展望：政策與市場趨勢解析｜劉佩真觀點 - 遠雄房地產,/life-proposal/expert_peizhen_real-estate-2026/,1,1,1,1,0
perplexity.ai / referral,(referral),2025房市回顧與2026盤整展望：政策與市場趨勢解析｜劉佩真觀點 - 遠雄房地產,/life-proposal/expert_peizhen_real-estate-2026/,1,1,1,1,21
google / cpc,202511,2025房市回顧與2026盤整展望：政策與市場趨勢解析｜劉佩真觀點 - 遠雄房地產,/life-proposal/expert_peizhen_real-estate-2026/,1,1,1,1,1216
fgr-line / fgr,20260220,2025房市回顧與2026盤整展望：政策與市場趨勢解析｜劉佩真觀點 - 遠雄房地產,/life-proposal/expert_peizhen_real-estate-2026/,1,1,1,1,9
fb / eh6,fb2-1,2025房市回顧與2026盤整展望：政策與市場趨勢解析｜劉佩真觀點 - 遠雄房地產,/life-proposal/expert_peizhen_real-estate-2026/,1,1,1,1,15
fgr-line / fgr,playlist=e93ee4e&video=3f91b6e,2025房市回顧與2026盤整展望：政策與市場趨勢解析｜劉佩真觀點 - 遠雄房地產,/life-proposal/expert_peizhen_real-estate-2026/,1,1,1,1,0
google / organic,(organic),找不到頁面 - 遠雄房地產,/life-proposal/expert_peizhen_real-estate-2026/>,1,1,1,1,2
perplexity.ai / referral,(referral),[影音] 科學園區帶動房市新熱潮：竹科、中科、南科的投資分析｜劉佩真觀點 - 遠雄房地產,/life-proposal/expert_peizhen_science-park-housing/,1,1,1,1,16
google / cpc,202601,[影音] 科學園區帶動房市新熱潮：竹科、中科、南科的投資分析｜劉佩真觀點 - 遠雄房地產,/life-proposal/expert_peizhen_science-park-housing/,1,1,1,1,422
google / cpc,gdn-1,[影音] 科學園區帶動房市新熱潮：竹科、中科、南科的投資分析｜劉佩真觀點 - 遠雄房地產,/life-proposal/expert_peizhen_science-park-housing/,1,1,1,1,0
google / cpc,(organic),[影音] 半導體業近期投資趨勢將如何影響國內商用不動產的表現｜劉佩真觀點 - 遠雄房地產,/life-proposal/expert_peizhen_semiconductor_video/,1,1,1,1,5
google / organic,(organic),[影音] 半導體業近期投資趨勢將如何影響國內商用不動產的表現｜劉佩真觀點 - 遠雄房地產,/life-proposal/expert_peizhen_semiconductor_video/,1,1,1,1,20
l.facebook.com / referral,(referral),[影音] 半導體業近期投資趨勢將如何影響國內商用不動產的表現｜劉佩真觀點 - 遠雄房地產,/life-proposal/expert_peizhen_semiconductor_video/,1,1,2,2,1
(direct) / (none),(direct),從大南方半導體業的崛起看區域房市的發展動態｜劉佩真觀點 - 遠雄房地產,/life-proposal/expert_peizhen_south_trend_20231207/,1,1,1,1,5
(direct) / (none),(direct),科技業對於辦公大樓租賃或購置的需求趨勢｜劉佩真觀點 - 遠雄房地產,/life-proposal/expert_peizhen_tech-office_20240206/,1,1,1,1,0
fb / fm3,formbutton,科技業對於辦公大樓租賃或購置的需求趨勢｜劉佩真觀點 - 遠雄房地產,/life-proposal/expert_peizhen_tech-office_20240206/,1,1,1,1,0
staffapp.sysjust.com.tw / referral,(referral),房市低迷期的避風港：公辦都更與捷運聯開案的戰略價值｜劉佩真觀點 - 遠雄房地產,/life-proposal/expert_peizhen_tod-strategy-2026/,1,1,1,1,18
fgr-line / fg,expert_zhu_marriage_20230614/,房市低迷期的避風港：公辦都更與捷運聯開案的戰略價值｜劉佩真觀點 - 遠雄房地產,/life-proposal/expert_peizhen_tod-strategy-2026/,1,1,1,1,241
google / organic,(organic),【商用不動產講堂】壽險業的不動產投資佈局 - 遠雄房地產,/life-proposal/expert_peizhen_topics_commerical_life-insurance_20240911/,1,1,1,1,1
google / cpc,(referral),【商用不動產講堂】北市辦公租賃市場概況如何？｜劉佩真觀點 - 遠雄房地產,/life-proposal/expert_peizhen_topics_commerical_office_20240828/,1,1,1,1,1
(not set),20260213一輪播,【商用不動產講堂】北市辦公租賃市場概況如何？｜劉佩真觀點 - 遠雄房地產,/life-proposal/expert_peizhen_topics_commerical_office_20240828/,1,1,0,0,0
(direct) / (none),(direct),三大因素驅動，雙北市房價「蛋花湯」現象成為現在進行式｜何世昌觀點 - 遠雄房地產,/life-proposal/expert_shuangbei_20250822/,1,1,1,1,0
google / cpc,(organic),輝達總部確立，房市受惠區在哪裡？｜何世昌觀點 - 遠雄房地產,/life-proposal/expert_thinktank_nvidia_20250729/,1,1,1,1,42
google / cpc,(referral),輝達總部確立，房市受惠區在哪裡？｜何世昌觀點 - 遠雄房地產,/life-proposal/expert_thinktank_nvidia_20250729/,1,1,1,1,14
google / cpc,20250616_品牌字,輝達總部確立，房市受惠區在哪裡？｜何世昌觀點 - 遠雄房地產,/life-proposal/expert_thinktank_nvidia_20250729/,1,1,1,1,64
fb / eh5,park,輝達總部確立，房市受惠區在哪裡？｜何世昌觀點 - 遠雄房地產,/life-proposal/expert_thinktank_nvidia_20250729/,1,1,1,1,0
socialmedia / fgr,fb20251209,[影音] 買房後發現實際面積比權狀縮水，該找誰求償?｜專家觀點地政篇 - 遠雄房地產,/life-proposal/expert_zhu_area-discrepancy_20250827/,1,1,1,1,182
(not set),20260213一輪播,人在國外想買房，簽約、貸款與登記要注意什麼？(上)｜專家觀點地政篇 - 遠雄房地產,/life-proposal/expert_zhu_buyhouse_abroad1_20240303/,1,1,2,2,515
(direct) / (none),(direct),人在國外想買房，簽約、貸款與登記要注意什麼？(下)｜專家觀點地政篇 - 遠雄房地產,/life-proposal/expert_zhu_buyhouse_abroad2_20240320/,1,1,1,1,401
bing / organic,(organic),人在國外想買房，簽約、貸款與登記要注意什麼？(下)｜專家觀點地政篇 - 遠雄房地產,/life-proposal/expert_zhu_buyhouse_abroad2_20240320/,1,1,1,1,1276
google / cpc,(organic),人在國外想買房，簽約、貸款與登記要注意什麼？(下)｜專家觀點地政篇 - 遠雄房地產,/life-proposal/expert_zhu_buyhouse_abroad2_20240320/,1,1,1,1,53
cn.bing.com / referral,(referral),人在國外想買房，簽約、貸款與登記要注意什麼？(下)｜專家觀點地政篇 - 遠雄房地產,/life-proposal/expert_zhu_buyhouse_abroad2_20240320/,1,1,2,2,0
tw.search.yahoo.com / referral,(referral),人在國外想買房，簽約、貸款與登記要注意什麼？(下)｜專家觀點地政篇 - 遠雄房地產,/life-proposal/expert_zhu_buyhouse_abroad2_20240320/,1,1,1,1,76
perplexity / (not set),(not set),合資買房如何保障自身權益？｜專家觀點地政篇 - 遠雄房地產,/life-proposal/expert_zhu_buyhouse_joint_20240117/,1,1,1,1,155
(direct) / (none),(direct),央行的信用管制對貸款有何影響?｜專家觀點地政篇 - 遠雄房地產,/life-proposal/expert_zhu_credit_20231020/,1,1,1,1,64
(not set),(not set),空屋稅的真相？房子閒置前你該考慮的事｜專家觀點地政篇 - 遠雄房地產,/life-proposal/expert_zhu_eht_20250625/,1,1,0,0,471
yahoo / organic,(organic),空屋稅的真相？房子閒置前你該考慮的事｜專家觀點地政篇 - 遠雄房地產,/life-proposal/expert_zhu_eht_20250625/,1,1,1,1,40
excel.officeapps.live.com / referral,(referral),空屋稅的真相？房子閒置前你該考慮的事｜專家觀點地政篇 - 遠雄房地產,/life-proposal/expert_zhu_eht_20250625/,1,1,1,1,0
google / cpc,(organic),防範代書詐騙，如何查詢地政士的合法性？｜專家觀點地政篇 - 遠雄房地產,/life-proposal/expert_zhu_expert_zhu_land-agent_20250917/,1,1,1,1,112
mkto-sn070013.com / referral,(referral),防範代書詐騙，如何查詢地政士的合法性？｜專家觀點地政篇 - 遠雄房地產,/life-proposal/expert_zhu_expert_zhu_land-agent_20250917/,1,1,1,1,58
(not set),20251230一輪播,防範代書詐騙，如何查詢地政士的合法性？｜專家觀點地政篇 - 遠雄房地產,/life-proposal/expert_zhu_expert_zhu_land-agent_20250917/,1,1,1,1,4
mkto-sn070013.com / referral,(referral),[影音] 假結婚與房產繼承 - 五億遺產的法律爭奪戰｜專家觀點地政篇 - 遠雄房地產,/life-proposal/expert_zhu_fake-marriage-law/,1,1,1,1,63
m.facebook.com / referral,(referral),賣房想省稅？別踩房地合一稅虛報裝修陷阱 | 專家觀點地政篇 - 遠雄房地產,/life-proposal/expert_zhu_false-renovation-traps/,1,1,1,1,0
(not set),20260213一輪播,賣房想省稅？別踩房地合一稅虛報裝修陷阱 | 專家觀點地政篇 - 遠雄房地產,/life-proposal/expert_zhu_false-renovation-traps/,1,1,0,0,0
fb / eh5,fb31-1,賣房想省稅？別踩房地合一稅虛報裝修陷阱 | 專家觀點地政篇 - 遠雄房地產,/life-proposal/expert_zhu_false-renovation-traps/,1,1,1,1,244
(not set),台南中西,賣房想省稅？別踩房地合一稅虛報裝修陷阱 | 專家觀點地政篇 - 遠雄房地產,/life-proposal/expert_zhu_false-renovation-traps/,1,1,0,0,9
(data not available),(cross-network),生前贈與還是繳遺產稅，哪個比較划算？結果可能超乎你的想像｜專家觀點地政篇 - 遠雄房地產,/life-proposal/expert_zhu_gift-and-estate-tax_20250509/,1,1,1,1,0
(not set),20251230一輪播,生前贈與還是繳遺產稅，哪個比較划算？結果可能超乎你的想像｜專家觀點地政篇 - 遠雄房地產,/life-proposal/expert_zhu_gift-and-estate-tax_20250509/,1,1,1,1,3
fgr-line / fgr,area-s-tainan_west-central_redevelop_diamond_20250502,生前贈與還是繳遺產稅，哪個比較划算？結果可能超乎你的想像｜專家觀點地政篇 - 遠雄房地產,/life-proposal/expert_zhu_gift-and-estate-tax_20250509/,1,1,1,1,178
(not set),台中全區,生前贈與還是繳遺產稅，哪個比較划算？結果可能超乎你的想像｜專家觀點地政篇 - 遠雄房地產,/life-proposal/expert_zhu_gift-and-estate-tax_20250509/,1,1,2,2,9
(not set),(not set),繼承房產兄弟姊妹吵翻天？遺囑、登記與分配機制一次講清楚｜專家觀點地政篇 - 遠雄房地產,/life-proposal/expert_zhu_inherit-siblings_20250704/,1,1,0,0,0
perplexity / (not set),(not set),繼承房產兄弟姊妹吵翻天？遺囑、登記與分配機制一次講清楚｜專家觀點地政篇 - 遠雄房地產,/life-proposal/expert_zhu_inherit-siblings_20250704/,1,1,1,1,4
yahoo / organic,(organic),繼承房產兄弟姊妹吵翻天？遺囑、登記與分配機制一次講清楚｜專家觀點地政篇 - 遠雄房地產,/life-proposal/expert_zhu_inherit-siblings_20250704/,1,1,1,1,314
bing / organic,(organic),專家觀點地政篇：繼承取得不動產，如何課徵房地合一稅？ - 遠雄房地產,/life-proposal/expert_zhu_inheritance_20230921/,1,1,1,1,21
(direct) / (none),(direct),[ 影音 ]房產移轉如何過戶子女才划算？｜專家觀點地政篇 - 遠雄房地產,/life-proposal/expert_zhu_inherited_20230512/,1,1,1,1,23
bing / organic,(organic),限貸令對各族群影響 (下) 首購、換屋、繼承族群影響為何?｜專家觀點地政篇 - 遠雄房地產,/life-proposal/expert_zhu_loan-restriction2_20250219/,1,1,1,1,22
(not set),新北中和,限貸令對各族群影響 (下) 首購、換屋、繼承族群影響為何?｜專家觀點地政篇 - 遠雄房地產,/life-proposal/expert_zhu_loan-restriction2_20250219/,1,1,3,3,42
bing / organic,(organic),限貸令對各族群影響 (上) 選擇性信用管制解析與問題點｜專家觀點地政篇 - 遠雄房地產,/life-proposal/expert_zhu_loan-restriction_20250110/,1,1,1,1,1
google / cpc,(not set),[影音] 豪宅稅跟你也有關係：有房族注意！影響與計算不可不知｜專家觀點地政篇 - 遠雄房地產,/life-proposal/expert_zhu_mansion-tax-count_vedio_20250625/,1,1,2,2,0
(not set),20260213一輪播,[影音] 豪宅稅跟你也有關係：有房族注意！影響與計算不可不知｜專家觀點地政篇 - 遠雄房地產,/life-proposal/expert_zhu_mansion-tax-count_vedio_20250625/,1,1,1,1,1
(not set),台中西屯,[影音] 豪宅稅跟你也有關係：有房族注意！影響與計算不可不知｜專家觀點地政篇 - 遠雄房地產,/life-proposal/expert_zhu_mansion-tax-count_vedio_20250625/,1,1,1,1,7
safe.menlosecurity.com / referral,(referral),[影音] 豪宅稅跟你也有關係：有房族注意！2025豪宅稅新門檻上路｜專家觀點地政篇 - 遠雄房地產,/life-proposal/expert_zhu_mansion-tax-definition_vedio_20250523/,1,1,1,1,42
(not set),20251230一輪播,[影音] 豪宅稅跟你也有關係：有房族注意！2025豪宅稅新門檻上路｜專家觀點地政篇 - 遠雄房地產,/life-proposal/expert_zhu_mansion-tax-definition_vedio_20250523/,1,1,1,1,4
socialmedia / fgr,ig20250822,[影音] 豪宅稅跟你也有關係：有房族注意！2025豪宅稅新門檻上路｜專家觀點地政篇 - 遠雄房地產,/life-proposal/expert_zhu_mansion-tax-definition_vedio_20250523/,1,1,1,1,5
socialmedia / fgr,ig20250905,[影音] 豪宅稅跟你也有關係：有房族注意！2025豪宅稅新門檻上路｜專家觀點地政篇 - 遠雄房地產,/life-proposal/expert_zhu_mansion-tax-definition_vedio_20250523/,1,1,1,1,7
(not set),台中西屯,[影音] 豪宅稅跟你也有關係：有房族注意！2025豪宅稅新門檻上路｜專家觀點地政篇 - 遠雄房地產,/life-proposal/expert_zhu_mansion-tax-definition_vedio_20250523/,1,1,1,1,208
(data not available),(cross-network),[影音] 婚前買房v.s婚後買房｜房子登記誰的名字好｜專家觀點地政篇 - 遠雄房地產,/life-proposal/expert_zhu_marriage_20230614/,1,1,2,2,59
(not set),台中西屯,[影音] 婚前買房v.s婚後買房｜房子登記誰的名字好｜專家觀點地政篇 - 遠雄房地產,/life-proposal/expert_zhu_marriage_20230614/,1,1,1,1,18
(not set),新北中和,[影音] 婚前買房v.s婚後買房｜房子登記誰的名字好｜專家觀點地政篇 - 遠雄房地產,/life-proposal/expert_zhu_marriage_20230614/,1,1,5,5,43
google / cpc,(organic),買房前必查：銀行不會主動告訴你的「抵押權與順位」 | 專家觀點地政篇 - 遠雄房地產,/life-proposal/expert_zhu_mortgage-lien-priority/,1,1,1,1,13
fgr-line / bh8,20260207,買房前必查：銀行不會主動告訴你的「抵押權與順位」 | 專家觀點地政篇 - 遠雄房地產,/life-proposal/expert_zhu_mortgage-lien-priority/,1,1,1,1,36
(not set),20260213一輪播,買房前必查：銀行不會主動告訴你的「抵押權與順位」 | 專家觀點地政篇 - 遠雄房地產,/life-proposal/expert_zhu_mortgage-lien-priority/,1,1,0,0,0
(not set),台中,買房前必查：銀行不會主動告訴你的「抵押權與順位」 | 專家觀點地政篇 - 遠雄房地產,/life-proposal/expert_zhu_mortgage-lien-priority/,1,1,2,2,17
(not set),(not set),自用住宅免稅400萬怎麼申請？「持有、設籍、實住」3點不能忽略 | 專家觀點地政篇 - 遠雄房地產,/life-proposal/expert_zhu_ownership-criteria/,1,1,0,0,186
perplexity / (not set),(not set),自用住宅免稅400萬怎麼申請？「持有、設籍、實住」3點不能忽略 | 專家觀點地政篇 - 遠雄房地產,/life-proposal/expert_zhu_ownership-criteria/,1,1,1,1,59
m.facebook.com / referral,(referral),自用住宅免稅400萬怎麼申請？「持有、設籍、實住」3點不能忽略 | 專家觀點地政篇 - 遠雄房地產,/life-proposal/expert_zhu_ownership-criteria/,1,1,1,1,0
statics.teams.cdn.office.net / referral,(referral),找不到頁面 - 遠雄房地產,/life-proposal/expert_zhu_pre-sale-house-property-rights,1,1,1,1,0
google / organic,(organic),預售屋簽約必看！解析專有與約定專用，避開產權陷阱 | 專家觀點地政篇 - 遠雄房地產,/life-proposal/expert_zhu_pre-sale-house-property-rights,1,1,1,1,64
google / organic,(organic),預售屋簽約必看！解析專有部分與約定專用：掌握四大不動產權利避開產權陷阱 | 專家觀點地政篇 - 遠雄房地產,/life-proposal/expert_zhu_pre-sale-house-property-rights,1,1,1,1,323
google / cpc,(not set),預售屋簽約必看！解析專有與約定專用，避開產權陷阱 | 專家觀點地政篇 - 遠雄房地產,/life-proposal/expert_zhu_pre-sale-house-property-rights/,1,1,2,2,56
bing / organic,(organic),預售屋簽約必看！解析專有與約定專用，避開產權陷阱 | 專家觀點地政篇 - 遠雄房地產,/life-proposal/expert_zhu_pre-sale-house-property-rights/,1,1,1,1,55
google / cpc,BH10-十四期區域字,預售屋簽約必看！解析專有與約定專用，避開產權陷阱 | 專家觀點地政篇 - 遠雄房地產,/life-proposal/expert_zhu_pre-sale-house-property-rights/,1,1,1,1,72
google / cpc,brand,預售屋簽約必看！解析專有與約定專用，避開產權陷阱 | 專家觀點地政篇 - 遠雄房地產,/life-proposal/expert_zhu_pre-sale-house-property-rights/,1,1,1,1,76
fgr-line / fg,expert_zhu_marriage_20230614/,預售屋簽約必看！解析專有與約定專用，避開產權陷阱 | 專家觀點地政篇 - 遠雄房地產,/life-proposal/expert_zhu_pre-sale-house-property-rights/,1,1,1,1,3
fgr-line / fg,renovation_loan20220617/,預售屋簽約必看！解析專有與約定專用，避開產權陷阱 | 專家觀點地政篇 - 遠雄房地產,/life-proposal/expert_zhu_pre-sale-house-property-rights/,1,1,1,1,21
(not set),新北中和,預售屋簽約必看！解析專有與約定專用，避開產權陷阱 | 專家觀點地政篇 - 遠雄房地產,/life-proposal/expert_zhu_pre-sale-house-property-rights/,1,1,2,2,21
(not set),高雄前鎮,預售屋簽約必看！解析專有與約定專用，避開產權陷阱 | 專家觀點地政篇 - 遠雄房地產,/life-proposal/expert_zhu_pre-sale-house-property-rights/,1,1,0,0,1
bing / organic,(organic),私法人取得不動產的限制｜專家觀點地政篇 - 遠雄房地產,/life-proposal/expert_zhu_private-corporation_20231114/,1,1,1,1,649
(direct) / (none),(direct),私法人房地合一稅的修法與調整｜專家觀點地政篇 - 遠雄房地產,/life-proposal/expert_zhu_private-corporation_adjust_20231227/,1,1,1,1,1
google / cpc,(organic),私法人房地合一稅的修法與調整｜專家觀點地政篇 - 遠雄房地產,/life-proposal/expert_zhu_private-corporation_adjust_20231227/,1,1,1,1,236
google / organic,(organic),分產用贈與方式怎麼節稅？不動產贈與要注意什麼 (上)｜專家觀點地政篇 - 遠雄房地產,/life-proposal/expert_zhu_property_divide_gifttax_20240930/,1,1,2,2,102
tw.search.yahoo.com / referral,(referral),分產用贈與方式怎麼節稅？不動產贈與要注意什麼 (上)｜專家觀點地政篇 - 遠雄房地產,/life-proposal/expert_zhu_property_divide_gifttax_20240930/,1,1,1,1,33
(direct) / (none),(direct),[影音] 二親等的不動產買賣：父母要將房子及土地過戶給子女如何做?｜專家觀點地政篇 - 遠雄房地產,/life-proposal/expert_zhu_property_house-transfer_20231129/,1,1,1,1,0
google / organic,(organic),[影音] 二親等的不動產買賣：父母要將房子及土地過戶給子女如何做?｜專家觀點地政篇 - 遠雄房地產,/life-proposal/expert_zhu_property_house-transfer_20231129/,1,1,1,1,29
fgr-line / fg,expert_zhu_property_identity_vedio_20240229,[影音] 你的買賣安全嗎？房屋產權必懂的謄本識讀、權狀跟身分查驗｜專家觀點地政篇 - 遠雄房地產,/life-proposal/expert_zhu_property_identity_vedio_20240229/,1,1,1,1,0
socialmedia / fgr,ig20251003,[影音] 你的買賣安全嗎？房屋產權必懂的謄本識讀、權狀跟身分查驗｜專家觀點地政篇 - 遠雄房地產,/life-proposal/expert_zhu_property_identity_vedio_20240229/,1,1,1,1,0
socialmedia / fgr,ig20251017,[影音] 你的買賣安全嗎？房屋產權必懂的謄本識讀、權狀跟身分查驗｜專家觀點地政篇 - 遠雄房地產,/life-proposal/expert_zhu_property_identity_vedio_20240229/,1,1,1,1,7
socialmedia / fgr,shorts20251107,[影音] 你的買賣安全嗎？房屋產權必懂的謄本識讀、權狀跟身分查驗｜專家觀點地政篇 - 遠雄房地產,/life-proposal/expert_zhu_property_identity_vedio_20240229/,1,1,1,1,6
google / cpc,(organic),[影音] 實價登錄全面攻略- 不動產交易查詢藏在細節裡｜專家觀點地政篇 - 遠雄房地產,/life-proposal/expert_zhu_property_law2_vedio_20241031/,1,1,1,1,1
fgr-line / fgr,expert_zhu_property_law2_vedio_20241031,[影音] 實價登錄全面攻略- 不動產交易查詢藏在細節裡｜專家觀點地政篇 - 遠雄房地產,/life-proposal/expert_zhu_property_law2_vedio_20241031/,1,1,3,3,12
google / organic,(organic),[影音] 限貸令風暴有解嗎 - 限貸令例外狀況｜專家觀點地政篇 - 遠雄房地產,/life-proposal/expert_zhu_property_loan-ratio-exception_vedio_20250214/,1,1,1,1,52
google / cpc,(organic),[影音] 購屋族如何解套？！限貸令成數如何突破｜專家觀點地政篇 - 遠雄房地產,/life-proposal/expert_zhu_property_loan-ratio_vedio_20250131/,1,1,1,1,67
socialmedia / fgr,ig1115,[影音] 一次看懂囤房稅2.0! 囤房稅修法重點，你受到影響了嗎?｜專家觀點地政篇 - 遠雄房地產,/life-proposal/expert_zhu_property_multi-house-tax-2_20240101/,1,1,1,1,0
(direct) / (none),(direct),不夠現金繳遺產稅怎麼辦？ 分期或延期繳納申請｜專家觀點地政篇 - 遠雄房地產,/life-proposal/expert_zhu_property_offset-1_20241125/,1,1,1,1,0
google / cpc,(not set),不夠現金繳遺產稅怎麼辦？ 分期或延期繳納申請｜專家觀點地政篇 - 遠雄房地產,/life-proposal/expert_zhu_property_offset-1_20241125/,1,1,1,1,246
bing / organic,(organic),只有不動產怎麼繳遺產稅？實物抵繳是否划算？｜專家觀點地政篇 - 遠雄房地產,/life-proposal/expert_zhu_property_offset-2_20241220/,1,1,2,2,135
(not set),(not set),你買到的法定空地是什麼？｜專家觀點地政篇 - 遠雄房地產,/life-proposal/expert_zhu_property_openspace_20240705/,1,1,0,0,559
google / cpc,(organic),你買到的法定空地是什麼？｜專家觀點地政篇 - 遠雄房地產,/life-proposal/expert_zhu_property_openspace_20240705/,1,1,1,1,122
(not set),20260213一輪播,你買到的法定空地是什麼？｜專家觀點地政篇 - 遠雄房地產,/life-proposal/expert_zhu_property_openspace_20240705/,1,1,0,0,0
google / cpc,(not set),[影音] 停車位買賣詳細解析-你需要知道的車位權利｜專家觀點地政篇 - 遠雄房地產,/life-proposal/expert_zhu_property_parking_vedio_20240828/,1,1,1,1,0
google / cpc,(referral),[影音] 停車位買賣詳細解析-你需要知道的車位權利｜專家觀點地政篇 - 遠雄房地產,/life-proposal/expert_zhu_property_parking_vedio_20240828/,1,1,1,1,305
(not set),20260213一輪播,[影音] 停車位買賣詳細解析-你需要知道的車位權利｜專家觀點地政篇 - 遠雄房地產,/life-proposal/expert_zhu_property_parking_vedio_20240828/,1,1,2,2,1589
socialmedia / fgr,fb20250411,[影音] 停車位買賣詳細解析-你需要知道的車位權利｜專家觀點地政篇 - 遠雄房地產,/life-proposal/expert_zhu_property_parking_vedio_20240828/,1,1,1,1,67
google / organic,(organic),[影音] 預售屋購買注意事項大解析－了解預售屋制度與現況｜專家觀點地政篇 - 遠雄房地產,/life-proposal/expert_zhu_property_presalerule_vedio_20240726/,1,1,1,1,20
yandex / organic,(organic),[影音] 預售屋購買注意事項大解析－了解預售屋制度與現況｜專家觀點地政篇 - 遠雄房地產,/life-proposal/expert_zhu_property_presalerule_vedio_20240726/,1,1,1,1,0
socialmedia / fgr,shorts20250214,[影音] 預售屋購買注意事項大解析－了解預售屋制度與現況｜專家觀點地政篇 - 遠雄房地產,/life-proposal/expert_zhu_property_presalerule_vedio_20240726/,1,1,1,1,0
socialmedia / fgr,shorts20250228,[影音] 預售屋購買注意事項大解析－了解預售屋制度與現況｜專家觀點地政篇 - 遠雄房地產,/life-proposal/expert_zhu_property_presalerule_vedio_20240726/,1,1,1,1,0
(not set),(not set),如何預防不動產詐騙？如何防止房屋被移轉？｜專家觀點地政篇 - 遠雄房地產,/life-proposal/expert_zhu_property_scam_20240604/,1,1,0,0,57
(not set),20251230一輪播,如何預防不動產詐騙？如何防止房屋被移轉？｜專家觀點地政篇 - 遠雄房地產,/life-proposal/expert_zhu_property_scam_20240604/,1,1,1,1,6
(not set),20260213一輪播,如何預防不動產詐騙？如何防止房屋被移轉？｜專家觀點地政篇 - 遠雄房地產,/life-proposal/expert_zhu_property_scam_20240604/,1,1,1,1,0
(not set),台中全區,如何預防不動產詐騙？如何防止房屋被移轉？｜專家觀點地政篇 - 遠雄房地產,/life-proposal/expert_zhu_property_scam_20240604/,1,1,1,1,5
(not set),新北中和,如何預防不動產詐騙？如何防止房屋被移轉？｜專家觀點地政篇 - 遠雄房地產,/life-proposal/expert_zhu_property_scam_20240604/,1,1,5,5,39
(direct) / (none),(direct),[影音] 限貸令下交屋解約問題｜專家觀點地政篇 - 遠雄房地產,/life-proposal/expert_zhu_property_terminate_vedio_20250313/,1,1,1,1,7
google / cpc,(organic),[影音] 限貸令下交屋解約問題｜專家觀點地政篇 - 遠雄房地產,/life-proposal/expert_zhu_property_terminate_vedio_20250313/,1,1,1,1,8
socialmedia / fgr,fb20250627,[影音] 限貸令下交屋解約問題｜專家觀點地政篇 - 遠雄房地產,/life-proposal/expert_zhu_property_terminate_vedio_20250313/,1,1,1,1,50
socialmedia / fgr,fb0920,[影音] 首購或換屋族必知的不動產節稅規劃 : 持有稅｜專家觀點地政篇 - 遠雄房地產,/life-proposal/expert_zhu_propertytax_20230814/,1,1,1,1,6
(direct) / (none),(direct),到底停車位、露臺、屋頂屬於誰的？｜專家觀點地政篇 - 遠雄房地產,/life-proposal/expert_zhu_public-area_20230718/,1,1,1,1,16
google / cpc,(organic),到底停車位、露臺、屋頂屬於誰的？｜專家觀點地政篇 - 遠雄房地產,/life-proposal/expert_zhu_public-area_20230718/,1,1,1,1,104
(not set),20260213一輪播,到底停車位、露臺、屋頂屬於誰的？｜專家觀點地政篇 - 遠雄房地產,/life-proposal/expert_zhu_public-area_20230718/,1,1,1,1,0
google / cpc,(organic),親屬間不動產交易的稅務優化策略與案例解析｜專家觀點地政篇 - 遠雄房地產,/life-proposal/expert_zhu_second-degree_20250321/,1,1,1,1,11
yahoo / organic,(organic),親屬間不動產交易的稅務優化策略與案例解析｜專家觀點地政篇 - 遠雄房地產,/life-proposal/expert_zhu_second-degree_20250321/,1,1,1,1,30
tw.search.yahoo.com / referral,(referral),親屬間不動產交易的稅務優化策略與案例解析｜專家觀點地政篇 - 遠雄房地產,/life-proposal/expert_zhu_second-degree_20250321/,1,1,2,2,127
line-lap / ar1,20260101-6-1,親屬間不動產交易的稅務優化策略與案例解析｜專家觀點地政篇 - 遠雄房地產,/life-proposal/expert_zhu_second-degree_20250321/,1,1,1,1,110
(direct) / (none),(direct),[影音] 不動產繼承全攻略 - 遺產分配的眉角｜專家觀點地政篇 - 遠雄房地產,/life-proposal/expert_zhu_statute-of-distribution_20241225/,1,1,1,1,8
google / organic,(organic),[影音] 不動產繼承全攻略 - 遺產分配的眉角｜專家觀點地政篇 - 遠雄房地產,/life-proposal/expert_zhu_statute-of-distribution_20241225/,1,1,1,1,15
(direct) / (none),(direct),[影音] 豪宅稅跟你也有關係：屋主的策略與應對方式｜專家觀點地政篇 - 遠雄房地產,/life-proposal/expert_zhu_tactic-tax-count_vedio_20250725/,1,1,1,1,161
fgr-line / ah2,20260210,[影音] 豪宅稅跟你也有關係：屋主的策略與應對方式｜專家觀點地政篇 - 遠雄房地產,/life-proposal/expert_zhu_tactic-tax-count_vedio_20250725/,1,1,1,1,395
(direct) / (none),(direct),[影音] 地面師詐騙實例解析 - 三招防止房產被冒名過戶｜專家觀點地政篇 - 遠雄房地產,/life-proposal/expert_zhu_taiwan-land-scam/,1,1,1,1,81
google / cpc,(organic),[影音] 地面師詐騙實例解析 - 三招防止房產被冒名過戶｜專家觀點地政篇 - 遠雄房地產,/life-proposal/expert_zhu_taiwan-land-scam/,1,1,1,1,179
tw.search.yahoo.com / referral,(referral),[影音] 地面師詐騙實例解析 - 三招防止房產被冒名過戶｜專家觀點地政篇 - 遠雄房地產,/life-proposal/expert_zhu_taiwan-land-scam/,1,1,1,1,2
fgr-line / fgr,area-s-tainan_west-central_redevelop_diamond_20250502,[影音] 地面師詐騙實例解析 - 三招防止房產被冒名過戶｜專家觀點地政篇 - 遠雄房地產,/life-proposal/expert_zhu_taiwan-land-scam/,1,1,3,3,45
fb / fm3,news0108,[影音] 地面師詐騙實例解析 - 三招防止房產被冒名過戶｜專家觀點地政篇 - 遠雄房地產,/life-proposal/expert_zhu_taiwan-land-scam/,1,1,0,0,14
(direct) / (none),(direct),[影音] 避免誤入稅務陷阱：贈與稅善用免稅額｜專家觀點地政篇 - 遠雄房地產,/life-proposal/expert_zhu_tax_gifttax_vedio_20240206/,1,1,1,1,0
(direct) / (none),(direct),降低遺產稅怎麼做？遺產稅節稅規劃攻略｜專家觀點地政篇 - 遠雄房地產,/life-proposal/expert_zhu_tax_inheritance_vedio_20240327/,1,1,1,1,3
google / cpc,(not set),降低遺產稅怎麼做？遺產稅節稅規劃攻略｜專家觀點地政篇 - 遠雄房地產,/life-proposal/expert_zhu_tax_inheritance_vedio_20240327/,1,1,1,1,0
fgr-line / ah2,20260210,降低遺產稅怎麼做？遺產稅節稅規劃攻略｜專家觀點地政篇 - 遠雄房地產,/life-proposal/expert_zhu_tax_inheritance_vedio_20240327/,1,1,1,1,597
(direct) / (none),(direct),[影音] 換屋族必知的不動產節稅規劃 : 重購退稅｜專家觀點地政篇 - 遠雄房地產,/life-proposal/expert_zhu_tax_refunded_20231017/,1,1,1,1,0
ig / fgr,expert_zhu_tax_refunded_20231017,找不到頁面 - 遠雄房地產,/life-proposal/expert_zhu_tax_refunded_20231017/ ​,1,1,1,1,14
(direct) / (none),(direct),[影音] 換屋族必知的不動產節稅規劃 : 移轉稅｜專家觀點地政篇 - 遠雄房地產,/life-proposal/expert_zhu_tax_transfertax_20230919/,1,1,1,1,0
tw.search.yahoo.com / referral,(referral),[影音] 房產傳承案例解析：買賣與贈與的差別、實務操作與法律風險 - 遠雄房地產,/life-proposal/expert_zhu_video_buy-vs-gift/,1,1,1,1,0
line-lap / eh2,20251209,[影音] 房產傳承案例解析：買賣與贈與的差別、實務操作與法律風險 - 遠雄房地產,/life-proposal/expert_zhu_video_buy-vs-gift/,1,1,1,1,2
fgr-line / ah2,20260210,[影音] 房產傳承案例解析：買賣與贈與的差別、實務操作與法律風險 - 遠雄房地產,/life-proposal/expert_zhu_video_buy-vs-gift/,1,1,1,1,749
(not set),20260213一輪播,[影音] 房產傳承案例解析：買賣與贈與的差別、實務操作與法律風險 - 遠雄房地產,/life-proposal/expert_zhu_video_buy-vs-gift/,1,1,3,3,421
fgr-line / fgr,20260220,[影音] 房產傳承案例解析：買賣與贈與的差別、實務操作與法律風險 - 遠雄房地產,/life-proposal/expert_zhu_video_buy-vs-gift/,1,1,1,1,1
fgr-line / fgr,expert_zhu_taiwan-land-scam,[影音] 房產傳承案例解析：買賣與贈與的差別、實務操作與法律風險 - 遠雄房地產,/life-proposal/expert_zhu_video_buy-vs-gift/,1,1,1,1,1
youtube / fgr,expert_zhu_video_buy-vs-gift,[影音] 房產傳承案例解析：買賣與贈與的差別、實務操作與法律風險 - 遠雄房地產,/life-proposal/expert_zhu_video_buy-vs-gift/,1,1,1,1,0
fb / eh6,fb2-1,[影音] 房產傳承案例解析：買賣與贈與的差別、實務操作與法律風險 - 遠雄房地產,/life-proposal/expert_zhu_video_buy-vs-gift/,1,1,3,3,13
fb / ah1,fb-1,[影音] 信託與產權設計術：資產管理、遺囑信託與節稅技巧｜專家觀點地政篇 - 遠雄房地產,/life-proposal/expert_zhu_video_trust/,1,1,1,1,21
fb / eh6,fb1-3,[影音] 信託與產權設計術：資產管理、遺囑信託與節稅技巧｜專家觀點地政篇 - 遠雄房地產,/life-proposal/expert_zhu_video_trust/,1,1,1,1,33
(direct) / (none),(direct),遠雄建設獲TCSA台灣永續報告書銀獎，持續推動ESG深化企業永續力 - 遠雄房地產,/life-proposal/farglory_land_20221223/,1,1,1,1,5
(direct) / (none),(direct),水龍頭不給力？給水供水問題快速解法【居家百科】 - 遠雄房地產,/life-proposal/faucet-waterknowledge/,1,1,1,1,7
page.line.me / referral,(referral),遠雄建設榮獲《網路口碑之星》ESG策略卓越獎，以AI與循環經濟引領永續新標竿 - 遠雄房地產,/life-proposal/fg-esg-strategy-2025/,1,1,1,1,6
(not set),20260213一輪播,遠雄建設榮獲《網路口碑之星》ESG策略卓越獎，以AI與循環經濟引領永續新標竿 - 遠雄房地產,/life-proposal/fg-esg-strategy-2025/,1,1,1,1,13
(direct) / (none),(direct),防火保命大原則：符合消防法規、懂火場逃生 - 遠雄房地產,/life-proposal/firesafety/,1,1,1,1,1
google / cpc,(organic),防火保命大原則：符合消防法規、懂火場逃生 - 遠雄房地產,/life-proposal/firesafety/,1,1,1,1,76
google / organic,(organic),防火保命大原則：符合消防法規、懂火場逃生 - 遠雄房地產,/life-proposal/firesafety/,1,1,1,1,27
(direct) / (none),(direct),首購最愛買這裡！盤點「第一間房」的交易熱區 - 遠雄房地產,/life-proposal/firstbuy-2021hotpod/,1,1,1,1,7
google / cpc,(organic),首購最愛買這裡！盤點「第一間房」的交易熱區 - 遠雄房地產,/life-proposal/firstbuy-2021hotpod/,1,1,1,1,0
google / organic,(organic),首購最愛買這裡！盤點「第一間房」的交易熱區 - 遠雄房地產,/life-proposal/firstbuy-2021hotpod/,1,1,1,1,4
google / organic,(organic),初次購屋，首購族要分析的重點為何? - 遠雄房地產,/life-proposal/firstbuy_20230427/,1,1,1,1,44
tw.search.yahoo.com / referral,(referral),修繕小知識：自己的浴室自己修！水龍頭、馬桶故障簡易排除法【居家百科】 - 遠雄房地產,/life-proposal/fixbathroom/,1,1,1,1,7
fgr-line / fgr,high_floor,樓高的秘密解析：樓層高度與淨高如何影響居住品質 - 遠雄房地產,/life-proposal/floor_height/,1,1,1,1,2
fgr-line / fg,natural_lighting20220708/,樓高的秘密解析：樓層高度與淨高如何影響居住品質 - 遠雄房地產,/life-proposal/floor_height/,1,1,1,1,163
fgr-line / fgr,ratio_of_public_area,樓高的秘密解析：樓層高度與淨高如何影響居住品質 - 遠雄房地產,/life-proposal/floor_height/,1,1,1,1,5
fgr-line / fgr,true_price,樓高的秘密解析：樓層高度與淨高如何影響居住品質 - 遠雄房地產,/life-proposal/floor_height/,1,1,2,2,0
(direct) / (none),(direct),漲幅王遠東Tpark！企業需求外溢鄰近新廠有望看漲  - 遠雄房地產,/life-proposal/fm1-1/,1,1,1,1,5
mkto-sn070013.com / referral,(referral),漲幅王遠東Tpark！企業需求外溢鄰近新廠有望看漲  - 遠雄房地產,/life-proposal/fm1-1/,1,1,1,1,14
tagassistant.google.com / referral,(referral),漲幅王遠東Tpark！企業需求外溢鄰近新廠有望看漲  - 遠雄房地產,/life-proposal/fm1-1/,1,1,1,1,2
fgr-line / fgr,expert_zhu_taiwan-land-scam,漲幅王遠東Tpark！企業需求外溢鄰近新廠有望看漲  - 遠雄房地產,/life-proposal/fm1-1/,1,1,1,1,0
google / cpc,gdn11-3,漲幅王遠東Tpark！企業需求外溢鄰近新廠有望看漲  - 遠雄房地產,/life-proposal/fm1-1/,1,1,1,1,57
google / cpc,(not set),法拍屋怎麼買? 選購法拍屋基本知識 - 遠雄房地產,/life-proposal/foreclosure_20230427/,1,1,1,1,28
(not set),20260213一輪播,法拍屋怎麼買? 選購法拍屋基本知識 - 遠雄房地產,/life-proposal/foreclosure_20230427/,1,1,1,1,0
(direct) / (none),(direct),打房再出招！金管會第三戶房貸風險權數變100% - 遠雄房地產,/life-proposal/fsc-thirdhouse-100/,1,1,1,1,6
bing / organic,(organic),打房再出招！金管會第三戶房貸風險權數變100% - 遠雄房地產,/life-proposal/fsc-thirdhouse-100/,1,1,1,1,35
bing / organic,(organic),贈與稅與遺產稅免稅額解析｜房產贈與、買賣、繼承怎麼選 - 遠雄房地產,/life-proposal/gift_tax/,1,1,1,1,1
(not set),20251230一輪播,贈與稅與遺產稅免稅額解析｜房產贈與、買賣、繼承怎麼選 - 遠雄房地產,/life-proposal/gift_tax/,1,1,1,1,24
line-lap / bh10,line-lap20259-5,贈與稅與遺產稅免稅額解析｜房產贈與、買賣、繼承怎麼選 - 遠雄房地產,/life-proposal/gift_tax/,1,1,1,1,9
(not set),高雄,贈與稅與遺產稅免稅額解析｜房產贈與、買賣、繼承怎麼選 - 遠雄房地產,/life-proposal/gift_tax/,1,1,1,1,3
(not set),高雄全區,贈與稅與遺產稅免稅額解析｜房產贈與、買賣、繼承怎麼選 - 遠雄房地產,/life-proposal/gift_tax/,1,1,1,1,5
(direct) / (none),(direct),不動產節稅妙招：贈與稅節稅規劃及早做 - 遠雄房地產,/life-proposal/gift_tax_20220909/,1,1,1,1,0
google / organic,(organic),不動產節稅妙招：贈與稅節稅規劃及早做 - 遠雄房地產,/life-proposal/gift_tax_20220909/,1,1,1,1,66
(not set),20260213一輪播,談建築與社區藝術文化的結合 - 遠雄房地產,/life-proposal/gigahouse_art_20220712/,1,1,1,1,5
google / organic,(organic),居家玻璃保养：擦玻璃、修缮与防自爆技巧- 远雄房地产,/life-proposal/glass-fix/,1,1,0,0,105
google / cpc,(organic),居家玻璃保養：擦玻璃、修繕與防自爆技巧 - 遠雄房地產,/life-proposal/glass-fix/,1,1,1,1,29
(data not available),(cross-network),預售屋 v.s 成屋 v.s 中古屋的差異與優缺點 - 遠雄房地產,/life-proposal/goodandbad_20221028/,1,1,2,2,344
google / cpc,20250616_品牌字,預售屋 v.s 成屋 v.s 中古屋的差異與優缺點 - 遠雄房地產,/life-proposal/goodandbad_20221028/,1,1,1,1,85
(not set),20260213一輪播,預售屋 v.s 成屋 v.s 中古屋的差異與優缺點 - 遠雄房地產,/life-proposal/goodandbad_20221028/,1,1,1,1,296
google / cpc,area,預售屋 v.s 成屋 v.s 中古屋的差異與優缺點 - 遠雄房地產,/life-proposal/goodandbad_20221028/,1,1,1,1,37
bing / organic,(organic),新屋居家風水擺設、格局禁忌一次看–「首購族看房買屋攻略」 - 遠雄房地產,/life-proposal/goodluck/,1,1,2,2,315
(not set),20260213一輪播,點亮高雄未來！大南方計劃大勢崛起 亞灣區擁絕對高度,/life-proposal/great-southern-project/,1,1,1,1,4
(direct) / (none),(direct),綠建築3大趨勢，在建築空間中深呼吸 - 遠雄房地產,/life-proposal/greenbuilding2020-design/,1,1,2,2,13
google / cpc,(organic),建案熱區巡禮-【遠雄豐河】我家門前有小河，快樂入住新北中和 - 遠雄房地產,/life-proposal/h101b/,1,1,1,1,51
(not set),20260213一輪播,建案熱區巡禮-【遠雄豐河】我家門前有小河，快樂入住新北中和 - 遠雄房地產,/life-proposal/h101b/,1,1,0,0,0
(direct) / (none),(direct),交屋型態差在哪？ 標配屋、實品屋、毛胚屋比一比 - 遠雄房地產,/life-proposal/handover202206010/,1,1,1,1,0
google / cpc,(organic),交屋型態差在哪？ 標配屋、實品屋、毛胚屋比一比 - 遠雄房地產,/life-proposal/handover202206010/,1,1,1,1,103
(not set),新北新莊,交屋型態差在哪？ 標配屋、實品屋、毛胚屋比一比 - 遠雄房地產,/life-proposal/handover202206010/,1,1,1,1,31
(direct) / (none),(direct),打造健康住宅！陽光、空氣、水都非常重要 - 遠雄房地產,/life-proposal/healthy-house1/,1,1,1,1,0
google / organic,(organic),打造健康住宅！水質檢測標準有哪些 - 遠雄房地產,/life-proposal/healthy-house2water/,1,1,1,1,19
google / cpc,(not set),高樓層VS低樓層：哪個才是首購族的最佳選擇？–「首購族看房買屋攻略」 - 遠雄房地產,/life-proposal/high_floor/,1,1,1,1,40
mkto-sn070013.com / referral,(referral),高樓層VS低樓層：哪個才是首購族的最佳選擇？–「首購族看房買屋攻略」 - 遠雄房地產,/life-proposal/high_floor/,1,1,1,1,18
fgr-line / fh2,20260210,高樓層VS低樓層：哪個才是首購族的最佳選擇？–「首購族看房買屋攻略」 - 遠雄房地產,/life-proposal/high_floor/,1,1,1,1,7
fgr-line / fg,expert_zhu_marriage_20230614/,高樓層VS低樓層：哪個才是首購族的最佳選擇？–「首購族看房買屋攻略」 - 遠雄房地產,/life-proposal/high_floor/,1,1,1,1,2
fgr-line / fgr,high_floor,高樓層VS低樓層：哪個才是首購族的最佳選擇？–「首購族看房買屋攻略」 - 遠雄房地產,/life-proposal/high_floor/,1,1,0,0,1
fgr-line / fgr,ratio_of_public_area,高樓層VS低樓層：哪個才是首購族的最佳選擇？–「首購族看房買屋攻略」 - 遠雄房地產,/life-proposal/high_floor/,1,1,2,2,1
google / cpc,(not set),驗屋與交屋必知注意事項？新手購屋必看，驗屋清單檢查表與交屋流程有哪些？,/life-proposal/home-inspection/,1,1,1,1,8
chatgpt.com / referral,(referral),驗屋與交屋必知注意事項？新手購屋必看，驗屋清單檢查表與交屋流程有哪些？,/life-proposal/home-inspection/,1,1,1,1,81
(direct) / (none),(direct),你還在擔心購屋貸款辦不下嗎？提高房貸申請審核過件率的4個方法,/life-proposal/home-loan/,1,1,1,1,7
(not set),20260213一輪播,你的房子保險了嗎？一次搞懂住宅火險與地震險 - 遠雄房地產,/life-proposal/home_insurance20220602/,1,1,0,0,7
(direct) / (none),(direct),就愛飯店式管理，飯店式住宅成趨勢 - 遠雄房地產,/life-proposal/hotel_property20220624/,1,1,1,1,43
google_kw / h713,(organic),就愛飯店式管理，飯店式住宅成趨勢 - 遠雄房地產,/life-proposal/hotel_property20220624/,1,1,1,1,21
tw.search.yahoo.com / referral,(referral),就愛飯店式管理，飯店式住宅成趨勢 - 遠雄房地產,/life-proposal/hotel_property20220624/,1,1,1,1,0
(not set),20260213一輪播,就愛飯店式管理，飯店式住宅成趨勢 - 遠雄房地產,/life-proposal/hotel_property20220624/,1,1,0,0,0
google / cpc,CQH1-買房字,就愛飯店式管理，飯店式住宅成趨勢 - 遠雄房地產,/life-proposal/hotel_property20220624/,1,1,1,1,105
google / cpc,O1_品牌字_2025.0801,就愛飯店式管理，飯店式住宅成趨勢 - 遠雄房地產,/life-proposal/hotel_property20220624/,1,1,0,0,0
google / cpc,O1_特色字_2025.0801,就愛飯店式管理，飯店式住宅成趨勢 - 遠雄房地產,/life-proposal/hotel_property20220624/,1,1,1,1,149
google / cpc,RSH1-買房字,就愛飯店式管理，飯店式住宅成趨勢 - 遠雄房地產,/life-proposal/hotel_property20220624/,1,1,1,1,1
perplexity / (not set),(not set),房屋格局圖/平面圖怎麼看？建案平面圖符號教學，讓你秒懂房屋格局避地雷,/life-proposal/house-layout/,1,1,1,1,21
yahoo / organic,(organic),房屋格局圖/平面圖怎麼看？建案平面圖符號教學，讓你秒懂房屋格局避地雷,/life-proposal/house-layout/,1,1,1,1,0
fgr-line / fgr,true_price,房屋格局圖/平面圖怎麼看？建案平面圖符號教學，讓你秒懂房屋格局避地雷,/life-proposal/house-layout/,1,1,3,3,8
google / organic,(organic),주택 평면도/평면도는 어떻게 보나요? 프로젝트 평면도 기호 교육으로 주택 구조를 순식간에 이해하고 지뢰를 피하도록 도와드립니다.,/life-proposal/house-layout/,1,1,0,0,22
(direct) / (none),(direct),打造健康住宅！隔音的重要性？噪音管制標準是？ - 遠雄房地產,/life-proposal/house4-voice/,1,1,1,1,0
chatgpt.com / (not set),(not set),換屋族必讀：房地合一稅與土地增值稅完整攻略 - 遠雄房地產,/life-proposal/house_and_land/,1,1,2,2,39
ecosia.org / organic,(organic),換屋族必讀：房地合一稅與土地增值稅完整攻略 - 遠雄房地產,/life-proposal/house_and_land/,1,1,1,1,551
google / cpc,(organic),不動產節稅妙招：房地合一合法節稅 - 遠雄房地產,/life-proposal/house_and_land_20220909/,1,1,2,2,5
google / cpc,(not set),繳納房地合一稅避免踩雷必知重點 - 遠雄房地產,/life-proposal/house_income_20230119/,1,1,1,1,0
(direct) / (none),(direct),囤房稅不可不知！多屋族看過來 - 遠雄房地產,/life-proposal/house_tax/,1,1,1,1,59
bing / organic,(organic),六都交易量比重衝高：從買賣移轉棟數看見房市的弦外之音｜何世昌觀點 - 遠雄房地產,/life-proposal/housing-transactions/,1,1,1,1,27
tw.search.yahoo.com / referral,(referral),六都交易量比重衝高：從買賣移轉棟數看見房市的弦外之音｜何世昌觀點 - 遠雄房地產,/life-proposal/housing-transactions/,1,1,1,1,230
(not set),20251230一輪播,六都交易量比重衝高：從買賣移轉棟數看見房市的弦外之音｜何世昌觀點 - 遠雄房地產,/life-proposal/housing-transactions/,1,1,1,1,18
webnews / h707,20260116,六都交易量比重衝高：從買賣移轉棟數看見房市的弦外之音｜何世昌觀點 - 遠雄房地產,/life-proposal/housing-transactions/,1,1,1,1,30
google / cpc,20260206-2-4,六都交易量比重衝高：從買賣移轉棟數看見房市的弦外之音｜何世昌觀點 - 遠雄房地產,/life-proposal/housing-transactions/,1,1,1,1,238
(not set),20260213一輪播,六都交易量比重衝高：從買賣移轉棟數看見房市的弦外之音｜何世昌觀點 - 遠雄房地產,/life-proposal/housing-transactions/,1,1,0,0,0
google / cpc,gdn-3,六都交易量比重衝高：從買賣移轉棟數看見房市的弦外之音｜何世昌觀點 - 遠雄房地產,/life-proposal/housing-transactions/,1,1,1,1,442
line-lap / bh10,line-lap20259-5,六都交易量比重衝高：從買賣移轉棟數看見房市的弦外之音｜何世昌觀點 - 遠雄房地產,/life-proposal/housing-transactions/,1,1,1,1,8
(not set),台南中西,六都交易量比重衝高：從買賣移轉棟數看見房市的弦外之音｜何世昌觀點 - 遠雄房地產,/life-proposal/housing-transactions/,1,1,1,1,180
(not set),台南全區,六都交易量比重衝高：從買賣移轉棟數看見房市的弦外之音｜何世昌觀點 - 遠雄房地產,/life-proposal/housing-transactions/,1,1,1,1,6
(direct) / (none),(direct),個性化居家設計-工業風三大重點 - 遠雄房地產,/life-proposal/industrial_style_20221125/,1,1,1,1,0
google / cpc,(organic),買房族看過來：央行升息還能買房嗎？ - 遠雄房地產,/life-proposal/interest_rate/,1,1,1,1,0
google / organic,(organic),買房族看過來：央行升息還能買房嗎？ - 遠雄房地產,/life-proposal/interest_rate/,1,1,1,1,6
google / cpc,(not set),小檜溪重劃後的美好：一位八旬里長，見證小檜溪社區環境的變遷 - 遠雄房地產,/life-proposal/interview-s-taoyuan-green20221111/,1,1,1,1,33
google / cpc,(organic),小檜溪重劃後的美好：一位八旬里長，見證小檜溪社區環境的變遷 - 遠雄房地產,/life-proposal/interview-s-taoyuan-green20221111/,1,1,1,1,23
(not set),20260213一輪播,小檜溪重劃後的美好：一位八旬里長，見證小檜溪社區環境的變遷 - 遠雄房地產,/life-proposal/interview-s-taoyuan-green20221111/,1,1,0,0,0
(direct) / (none),(direct),桃園青埔青山里：埤塘文化的保存及再生！水色山光小日子的永續幸福 - 遠雄房地產,/life-proposal/interview-s-taoyuan-qingshan_20230306/,1,1,1,1,25
google / organic,(organic),桃園青埔青山里：埤塘文化的保存及再生！水色山光小日子的永續幸福 - 遠雄房地產,/life-proposal/interview-s-taoyuan-qingshan_20230306/,1,1,1,1,13
google / cpc,area,「高雄大美術館計畫」的誕生：內惟藝術中心絕美新地標 - 遠雄房地產,/life-proposal/kaohsiung-artplan-20220610/,1,1,1,1,4
(direct) / (none),(direct),高雄景點再+1 預計2023年完工的絕美綠建築【高雄新車站】 - 遠雄房地產,/life-proposal/kaohsiung-station-mecanoo20220610/,1,1,1,1,1
yahoo / organic,(organic),高雄景點再+1 預計2023年完工的絕美綠建築【高雄新車站】 - 遠雄房地產,/life-proposal/kaohsiung-station-mecanoo20220610/,1,1,1,1,0
google / organic,(organic),廚房清潔保養全攻略：抽油煙機、檯面到瓦斯爐一次搞定【居家百科】 - 遠雄房地產,/life-proposal/kitchen/,1,1,1,1,9
chatgpt.com / (not set),(not set),2025 十大建商出爐！買家如何「保蛋黃、挑品牌」？ - 遠雄房地產,/life-proposal/kw_brand_construction_20240109/,1,1,1,1,3
mkto-sn070013.com / referral,(referral),2025 十大建商出爐！買家如何「保蛋黃、挑品牌」？ - 遠雄房地產,/life-proposal/kw_brand_construction_20240109/,1,1,1,1,54
web-ettoday / fm3,20260116,2025 十大建商出爐！買家如何「保蛋黃、挑品牌」？ - 遠雄房地產,/life-proposal/kw_brand_construction_20240109/,1,1,1,1,13
fgr-line / eh2,listbutton,2025 十大建商出爐！買家如何「保蛋黃、挑品牌」？ - 遠雄房地產,/life-proposal/kw_brand_construction_20240109/,1,1,1,1,2
socialmedia / fgr,shorts20250221,2025 十大建商出爐！買家如何「保蛋黃、挑品牌」？ - 遠雄房地產,/life-proposal/kw_brand_construction_20240109/,1,1,1,1,0
fgr-line / fgr,true_price,2025 十大建商出爐！買家如何「保蛋黃、挑品牌」？ - 遠雄房地產,/life-proposal/kw_brand_construction_20240109/,1,1,1,1,1
(not set),台中全區,2025 十大建商出爐！買家如何「保蛋黃、挑品牌」？ - 遠雄房地產,/life-proposal/kw_brand_construction_20240109/,1,1,1,1,6
google / organic,(organic),"Top 10 Developers for 2025 Revealed! How Can Buyers ""Secure the Best Deals and Choose Reputable Brands""? - Farglory Realty",/life-proposal/kw_brand_construction_20240109/,1,1,0,0,19
bing / organic,(organic),交屋看仔細：常見糾紛與買方注意事項 - 遠雄房地產,/life-proposal/kw_delivery_20230607/,1,1,1,1,39
google / cpc,(referral),交屋看仔細：常見糾紛與買方注意事項 - 遠雄房地產,/life-proposal/kw_delivery_20230607/,1,1,1,1,22
(direct) / (none),(direct),青年首購看過來：新青安貸款8大重點 - 遠雄房地產,/life-proposal/kw_load_youthload_20230928/,1,1,1,1,0
fgr-line / fg,expert_zhu_marriage_20230614/,青年首購看過來：新青安貸款8大重點 - 遠雄房地產,/life-proposal/kw_load_youthload_20230928/,1,1,1,1,0
fgr-line / fg,kw_load_youthload_20230928/,青年首購看過來：新青安貸款8大重點 - 遠雄房地產,/life-proposal/kw_load_youthload_20230928/,1,1,2,2,245
(direct) / (none),(direct),什麼是虛坪制？一次了解政府的「虛坪改革」方案 - 遠雄房地產,/life-proposal/kw_meterspolicy_20240513/,1,1,1,1,1
tw.search.yahoo.com / referral,(referral),什麼是虛坪制？一次了解政府的「虛坪改革」方案 - 遠雄房地產,/life-proposal/kw_meterspolicy_20240513/,1,1,1,1,8
(not set),高雄全區,什麼是虛坪制？一次了解政府的「虛坪改革」方案 - 遠雄房地產,/life-proposal/kw_meterspolicy_20240513/,1,1,1,1,208
(direct) / (none),(direct),買房大小事：法人住宅購屋貸款注意事項 - 遠雄房地產,/life-proposal/land_corporation/,1,1,1,1,0
tw.search.yahoo.com / referral,(referral),買房大小事：法人住宅購屋貸款注意事項 - 遠雄房地產,/life-proposal/land_corporation/,1,1,1,1,52
(direct) / (none),(direct),買房大小事：銀行貸款對保必備文件 - 遠雄房地產,/life-proposal/land_documents/,1,1,1,1,0
google / cpc,(organic),社區營運兩三事：管理費差別與公設維護全攻略 - 遠雄房地產,/life-proposal/land_fund/,1,1,1,1,33
tw.search.yahoo.com / referral,(referral),社區營運兩三事：管理費差別與公設維護全攻略 - 遠雄房地產,/life-proposal/land_fund/,1,1,1,1,73
(not set),台南全區,社區營運兩三事：管理費差別與公設維護全攻略 - 遠雄房地產,/life-proposal/land_fund/,1,1,14,14,107
(not set),台南全區,社區營運兩三事：管理費與公共基金 - 遠雄房地產,/life-proposal/land_fund/,1,1,2,2,20
tw.search.yahoo.com / referral,(referral),買房大小事：交屋到入住前不可不知 - 遠雄房地產,/life-proposal/land_handover/,1,1,1,1,59
(not set),台南全區,買房大小事：交屋到入住前不可不知 - 遠雄房地產,/life-proposal/land_handover/,1,1,1,1,9
chatgpt.com / referral,(referral),買房大小事：交屋眉角看仔細 - 遠雄房地產,/life-proposal/land_handover_check/,1,1,1,1,9
m.facebook.com / referral,(referral),戶籍遷入辦理教學｜買房後戶籍異動流程與準備文件全攻略 - 遠雄房地產,/life-proposal/land_household_registration/,1,1,1,1,0
safe.menlosecurity.com / referral,(referral),戶籍遷入辦理教學｜買房後戶籍異動流程與準備文件全攻略 - 遠雄房地產,/life-proposal/land_household_registration/,1,1,1,1,89
bing / organic,(organic),社區營運兩三事：公設點交不求人 - 遠雄房地產,/life-proposal/land_public_utilities/,1,1,1,1,9
google / organic,(organic),平均地權條例三讀修正通過，自住市場當道 - 遠雄房地產,/life-proposal/land_rights_20230111/,1,1,1,1,2
(direct) / (none),(direct),社區營運兩三事：各項管理辦法看過來 - 遠雄房地產,/life-proposal/land_rules/,1,1,1,1,4
google / cpc,(organic),社區營運兩三事：各項管理辦法看過來 - 遠雄房地產,/life-proposal/land_rules/,1,1,1,1,73
yahoo / organic,(organic),社區營運兩三事：各項管理辦法看過來 - 遠雄房地產,/life-proposal/land_rules/,1,1,1,1,18
tw.search.yahoo.com / referral,(referral),社區營運兩三事：各項管理辦法看過來 - 遠雄房地產,/life-proposal/land_rules/,1,1,1,1,26
(not set),(not set),都市土地分區解析｜買房必看土地使用分區與建物用途全攻略 - 遠雄房地產,/life-proposal/land_zoning/,1,1,0,0,29
(not set),20251230一輪播,都市土地分區解析｜買房必看土地使用分區與建物用途全攻略 - 遠雄房地產,/life-proposal/land_zoning/,1,1,1,1,3
(direct) / (none),(direct),全台首座美術館+圖書館共構的世界級地標「台中綠美圖」 - 遠雄房地產,/life-proposal/library-taichung20220603/,1,1,1,1,1
google / organic,(organic),全台首座美術館+圖書館共構的世界級地標「台中綠美圖」 - 遠雄房地產,/life-proposal/library-taichung20220603/,1,1,1,1,12
google / organic,(organic),居家燈具清潔與保養全攻略【居家百科】 - 遠雄房地產,/life-proposal/light/,1,1,1,1,8
(direct) / (none),(direct),劉學龍觀點：產業擴張帶動台灣工業不動產熱潮 - 遠雄房地產,/life-proposal/liu_industrial_property20220629/,1,1,1,1,2
(direct) / (none),(direct),資金有壓力？房貸增貸與房貸轉貸不可不知 - 遠雄房地產,/life-proposal/loan_increase_20221108/,1,1,1,1,7
google / cpc,(organic),房子也有說明書，不動產說明書應記載事項你知道嗎？ - 遠雄房地產,/life-proposal/manual20220610/,1,1,1,1,0
news.google.com / referral,(referral),輝達超微進駐遠雄自貿港，遠雄MetaLink廠辦受惠廊帶效應  - 遠雄房地產,/life-proposal/metalink-ai-hub/,1,1,1,1,10
google / cpc,202511,輝達超微進駐遠雄自貿港，遠雄MetaLink廠辦受惠廊帶效應  - 遠雄房地產,/life-proposal/metalink-ai-hub/,1,1,1,1,28
bing / organic,(organic),買房頭期款不夠怎麼辦？–「首購族看房買屋攻略」 - 遠雄房地產,/life-proposal/mortgage/,1,1,2,2,397
(direct) / (none),(direct),遠雄聯手蘇喻哲打造高雄科工館「健康宅」遠雄琢蘊，遠雄左岸串連1300公頃河邊綠地,/life-proposal/natural-design/,1,1,1,1,0
(not set),(not set),室內採光不足怎麼辦？採光妙招報你知 - 遠雄房地產,/life-proposal/natural_lighting20220708/,1,1,0,0,42
fgr-line / fg,natural_lighting20220708/,室內採光不足怎麼辦？採光妙招報你知 - 遠雄房地產,/life-proposal/natural_lighting20220708/,1,1,1,1,89
(direct) / (none),(direct),簡潔明亮 勾勒令人憧憬的北歐風設計 - 遠雄房地產,/life-proposal/nordic_design_20221219/,1,1,1,1,6
google / organic,(organic),簡潔明亮 勾勒令人憧憬的北歐風設計 - 遠雄房地產,/life-proposal/nordic_design_20221219/,1,1,1,1,57
google / cpc,(organic),購買預售屋注意事項 - 遠雄房地產,/life-proposal/notice_20230331/,1,1,1,1,23
google / cpc,(organic),輝達落腳時程出爐，北士科商辦掀全球卡位戰 - 遠雄房地產,/life-proposal/nvidia-beishi-office/,1,1,1,1,166
l.facebook.com / referral,(referral),輝達落腳時程出爐，北士科商辦掀全球卡位戰 - 遠雄房地產,/life-proposal/nvidia-beishi-office/,1,1,1,1,0
google / cpc,20250616_北投士林豪宅/別墅,輝達落腳時程出爐，北士科商辦掀全球卡位戰 - 遠雄房地產,/life-proposal/nvidia-beishi-office/,1,1,1,1,13
google_kw / 5vo1,202511_ex5,輝達落腳時程出爐，北士科商辦掀全球卡位戰 - 遠雄房地產,/life-proposal/nvidia-beishi-office/,1,1,1,1,83
(not set),20260213一輪播,輝達落腳時程出爐，北士科商辦掀全球卡位戰 - 遠雄房地產,/life-proposal/nvidia-beishi-office/,1,1,1,1,1
fb / 5vo1,260204,輝達落腳時程出爐，北士科商辦掀全球卡位戰 - 遠雄房地產,/life-proposal/nvidia-beishi-office/,1,1,1,1,0
google / cpc,DGM1-地區字,輝達落腳時程出爐，北士科商辦掀全球卡位戰 - 遠雄房地產,/life-proposal/nvidia-beishi-office/,1,1,1,1,50
(not set),北投士林,輝達落腳時程出爐，北士科商辦掀全球卡位戰 - 遠雄房地產,/life-proposal/nvidia-beishi-office/,1,1,1,1,5
(direct) / (none),(direct),廠辦的4個重要趨勢，超人性工作場域 - 遠雄房地產,/life-proposal/office/,1,1,1,1,1
bing / organic,(organic),廠辦的4個重要趨勢，超人性工作場域 - 遠雄房地產,/life-proposal/office/,1,1,1,1,4
google / cpc,(organic),廠辦的4個重要趨勢，超人性工作場域 - 遠雄房地產,/life-proposal/office/,1,1,1,1,7
(direct) / (none),(direct),買預售屋時，履約保證真的對你有保障嗎？ - 遠雄房地產,/life-proposal/performance_guarantee_20221914/,1,1,1,1,0
google / cpc,(organic),買預售屋時，履約保證真的對你有保障嗎？ - 遠雄房地產,/life-proposal/performance_guarantee_20221914/,1,1,1,1,110
google / organic,(organic),打造與「毛小孩」的舒適居家空間！寵物宅3大重點設計 - 遠雄房地產,/life-proposal/pet20220603/,1,1,1,1,18
google / cpc,(not set),權狀坪數與室內坪數差在哪？看懂買房坪數組成，首購族不再被混淆 - 遠雄房地產,/life-proposal/ping/,1,1,1,1,71
(not set),20260213一輪播,權狀坪數與室內坪數差在哪？看懂買房坪數組成，首購族不再被混淆 - 遠雄房地產,/life-proposal/ping/,1,1,0,0,0
fgr-line / fg,expert_zhu_marriage_20230614/,權狀坪數與室內坪數差在哪？看懂買房坪數組成，首購族不再被混淆 - 遠雄房地產,/life-proposal/ping/,1,1,1,1,0
fgr-line / fgr,true_price,權狀坪數與室內坪數差在哪？看懂買房坪數組成，首購族不再被混淆 - 遠雄房地產,/life-proposal/ping/,1,1,1,1,4
google / cpc,(organic),打造居家植栽，許一個綠空間給自己 - 遠雄房地產,/life-proposal/plant_20230105/,1,1,1,1,9
google / cpc,(not set),預售屋紅單是什麼？ - 遠雄房地產,/life-proposal/pre-sale_order_20221007/,1,1,1,1,0
bing / organic,(organic),記住銀行授信 5P 原則，首購族提高貸款成數與利率談判力的關鍵指南 - 遠雄房地產,/life-proposal/pre_mortgage_20221215/,1,1,1,1,17
google / cpc,20250616_品牌字,預售屋付款方式詳解 - 遠雄房地產,/life-proposal/presale_payment_20221021/,1,1,1,1,71
google / cpc,com,預售屋付款方式詳解 - 遠雄房地產,/life-proposal/presale_payment_20221021/,1,1,1,1,51
fgr-line / fg,contract/,預售屋付款方式詳解 - 遠雄房地產,/life-proposal/presale_payment_20221021/,1,1,1,1,110
google / organic,(organic),落實居家防災＋防疫！快速檢視居家安全 - 遠雄房地產,/life-proposal/prevention1/,1,1,1,1,20
(direct) / (none),(direct),2022 建築界諾貝爾獎公布！用建築賦予人類的「幸福感」 - 遠雄房地產,/life-proposal/pritzkerarchitectureprize2022/,1,1,1,1,6
bing / organic,(organic),建案熱區巡禮：桃園青埔大翻身！視野廣闊心也寬裕的首選住所 - 遠雄房地產,/life-proposal/qingpu/,1,1,1,1,30
google / cpc,(organic),建案熱區巡禮：桃園青埔大翻身！視野廣闊心也寬裕的首選住所 - 遠雄房地產,/life-proposal/qingpu/,1,1,1,1,26
google / cpc,(referral),建案熱區巡禮：桃園青埔大翻身！視野廣闊心也寬裕的首選住所 - 遠雄房地產,/life-proposal/qingpu/,1,1,1,1,35
bing / organic,(organic),公設比多少合理？秒懂公設定義與公設比計算–「首購族看房買屋攻略」 - 遠雄房地產,/life-proposal/ratio_of_public_area/,1,1,1,1,394
google / cpc,RSH1-買房字,公設比多少合理？秒懂公設定義與公設比計算–「首購族看房買屋攻略」 - 遠雄房地產,/life-proposal/ratio_of_public_area/,1,1,1,1,161
fgr-line / fg,expert_zhu_marriage_20230614/,公設比多少合理？秒懂公設定義與公設比計算–「首購族看房買屋攻略」 - 遠雄房地產,/life-proposal/ratio_of_public_area/,1,1,1,1,2
fgr-line / fgr,ratio_of_public_area,公設比多少合理？秒懂公設定義與公設比計算–「首購族看房買屋攻略」 - 遠雄房地產,/life-proposal/ratio_of_public_area/,1,1,2,2,98
(direct) / (none),(direct),房地合一稅2.0+實價登錄2.0上路之後，疫情下的房市動向，房價走勢緩步上揚嗎?,/life-proposal/real-estate-tax/,1,1,1,1,0
(direct) / (none),(direct),入主重劃區漸成主流，優缺點一次看 - 遠雄房地產,/life-proposal/redevelopment_zone_20221209/,1,1,1,1,2
(not set),台中全區,入主重劃區漸成主流，優缺點一次看 - 遠雄房地產,/life-proposal/redevelopment_zone_20221209/,1,1,1,1,6
(direct) / (none),(direct),上有政策下有對策，買房投資招數看過來 - 遠雄房地產,/life-proposal/reduce_property_20221215/,1,1,1,1,6
google / cpc,(organic),樓梯間與梯廳公共設施：建築法規與容積計算完整解析 - 遠雄房地產,/life-proposal/regulations2_20230320/,1,1,1,1,19
yahoo / organic,(organic),樓梯間與梯廳公共設施：建築法規與容積計算完整解析 - 遠雄房地產,/life-proposal/regulations2_20230320/,1,1,1,1,65
chatgpt.com / referral,(referral),樓梯間與梯廳公共設施：建築法規與容積計算完整解析 - 遠雄房地產,/life-proposal/regulations2_20230320/,1,1,1,1,0
gemini.google.com / referral,(referral),樓梯間與梯廳公共設施：建築法規與容積計算完整解析 - 遠雄房地產,/life-proposal/regulations2_20230320/,1,1,4,4,102
(not set),20260213一輪播,樓梯間與梯廳公共設施：建築法規與容積計算完整解析 - 遠雄房地產,/life-proposal/regulations2_20230320/,1,1,1,1,23
duckduckgo / organic,(organic),附屬建物陽台、露臺、雨遮規定｜購屋前必知建築法規與容積計算 - 遠雄房地產,/life-proposal/regulations_20230317/,1,1,1,1,51
yahoo / organic,(organic),附屬建物陽台、露臺、雨遮規定｜購屋前必知建築法規與容積計算 - 遠雄房地產,/life-proposal/regulations_20230317/,1,1,1,1,176
(direct) / (none),20251230一輪播,附屬建物陽台、露臺、雨遮規定｜購屋前必知建築法規與容積計算 - 遠雄房地產,/life-proposal/regulations_20230317/,1,1,1,1,0
(not set),高雄全區,附屬建物陽台、露臺、雨遮規定｜購屋前必知建築法規與容積計算 - 遠雄房地產,/life-proposal/regulations_20230317/,1,1,1,1,104
fgr-line / fg,renovation_loan20220617/,房屋需要裝修卻沒資金怎麼辦？你知道裝潢貸款嗎？ - 遠雄房地產,/life-proposal/renovation_loan20220617/,1,1,1,1,0
(not set),20260213一輪播,房東們看過來！300億租金補貼重點看 - 遠雄房地產,/life-proposal/rental_allowance20220707/,1,1,1,1,2
chatgpt.com / (not set),(not set),退休以後怎麼住？你適合青銀共居、養生村還是全齡宅？ - 遠雄房地產,/life-proposal/retiredlife_20230220/,1,1,1,1,62
google / cpc,(not set),退休以後怎麼住？你適合青銀共居、養生村還是全齡宅？ - 遠雄房地產,/life-proposal/retiredlife_20230220/,1,1,1,1,11
facebook.com / referral,(referral),退休以後怎麼住？你適合青銀共居、養生村還是全齡宅？ - 遠雄房地產,/life-proposal/retiredlife_20230220/,1,1,1,1,0
(direct) / (none),(direct),迎戰退休生活，退休宅友善設計怎麼做才完整？ - 遠雄房地產,/life-proposal/retirement/,1,1,1,1,2
(direct) / (none),(direct),超高齡台灣，誰適合「以房養老」? - 遠雄房地產,/life-proposal/reverse_mortgage/,1,1,1,1,0
(direct) / (none),(direct),台中水湳經貿園區，新世代亮點發展區 | 建案熱區巡禮 - 遠雄房地產,/life-proposal/shuinan/,1,1,1,1,0
google / cpc,(organic),台中水湳經貿園區，新世代亮點發展區 | 建案熱區巡禮 - 遠雄房地產,/life-proposal/shuinan/,1,1,1,1,26
(direct) / (none),(direct),建案熱區巡禮：台中水湳經貿園區，新世代亮點發展區 - 遠雄房地產,/life-proposal/shuinan/,1,1,1,1,10
google / organic,(organic),建案熱區巡禮：台中水湳經貿園區，新世代亮點發展區 - 遠雄房地產,/life-proposal/shuinan/,1,1,1,1,44
fgr-line / fgr,shuinan,建案熱區巡禮：台中水湳經貿園區，新世代亮點發展區 - 遠雄房地產,/life-proposal/shuinan/,1,1,1,1,63
(not set),20260213一輪播,居家以線板、百葉窗打造「輕美式」：首購族小資女、小家庭舒壓輕鬆宅,/life-proposal/shutters-home-design/,1,1,0,0,0
(direct) / (none),(direct),抗酷暑 ! 室內空間降溫這樣做：選對建材有解方 - 遠雄房地產,/life-proposal/space_design_cooldown_20240804/,1,1,1,1,3
(direct) / (none),(direct),抗酷暑 ! 室內空間降溫這樣做，植栽除了打造綠色空間也能降溫 - 遠雄房地產,/life-proposal/space_design_greencooldown_20240903/,1,1,1,1,5
google / organic,(organic),小宅攻略∣新婚小家庭如何打造高效空間 - 遠雄房地產,/life-proposal/space_design_smallhouse1_20240411/,1,1,1,1,26
(direct) / (none),(direct),小宅攻略 ∣ 退休宅這樣規畫超完美 - 遠雄房地產,/life-proposal/space_design_smallhouse2_20240521/,1,1,1,1,9
(direct) / (none),(direct),工料雙漲下的省錢裝潢 | 新屋廚房三大必修省錢術 - 遠雄房地產,/life-proposal/space_furnish_kitchen_20240102/,1,1,1,1,6
(direct) / (none),(direct),小客廳也能變身大空間！空間魔法大公開！ - 遠雄房地產,/life-proposal/space_furnish_livingroom_20231027/,1,1,1,1,1
google / cpc,(organic),小客廳也能變身大空間！空間魔法大公開！ - 遠雄房地產,/life-proposal/space_furnish_livingroom_20231027/,1,1,1,1,43
google / cpc,202602,小客廳也能變身大空間！空間魔法大公開！ - 遠雄房地產,/life-proposal/space_furnish_livingroom_20231027/,1,1,1,1,3
pmp / ah1,avivid-3,小客廳也能變身大空間！空間魔法大公開！ - 遠雄房地產,/life-proposal/space_furnish_livingroom_20231027/,1,1,1,1,105
(direct) / (none),(direct),工料雙漲下的省錢裝潢 | 自己打造無印風設計 - 遠雄房地產,/life-proposal/space_furnish_muji_20231101/,1,1,1,1,0
google / cpc,(organic),學好居家燈具規劃，營造質感品味生活 - 遠雄房地產,/life-proposal/space_lamps_20230625/,1,1,1,1,8
google / organic,(organic),學好居家燈具規劃，營造質感品味生活 - 遠雄房地產,/life-proposal/space_lamps_20230625/,1,1,1,1,2
(direct) / (none),(direct),讓空間更有溫度，居家燈光設計有訣竅 - 遠雄房地產,/life-proposal/space_light_20230614/,1,1,1,1,6
google / organic,(organic),讓空間更有溫度，居家燈光設計有訣竅 - 遠雄房地產,/life-proposal/space_light_20230614/,1,1,1,1,0
(direct) / (none),(direct),為生活解悶 | 居家布置術-創造閱讀角 - 遠雄房地產,/life-proposal/space_style_reading_20240116/,1,1,1,1,0
(not set),20260213一輪播,地上權建物可以買嗎？優缺點一次看 - 遠雄房地產,/life-proposal/superficial_rights/,1,1,1,1,0
(not set),20260213一輪播,台中海線景點介紹：高美濕地、台中清水國小(牛罵頭)、清水眷村文化園區、台中港特區,/life-proposal/taichung-attractions/,1,1,1,1,0
google / organic,(organic),不動產節稅妙招：每年都要繳的財產稅省很大 - 遠雄房地產,/life-proposal/tax_mitigation_housetax_20220902/,1,1,1,1,39
yahoo / organic,(organic),不動產節稅妙招：每年都要繳的財產稅省很大 - 遠雄房地產,/life-proposal/tax_mitigation_housetax_20220902/,1,1,1,1,16
fgr-line / ah2,20260210,不動產節稅妙招：每年都要繳的財產稅省很大 - 遠雄房地產,/life-proposal/tax_mitigation_housetax_20220902/,1,1,1,1,1585
(direct) / (none),(direct),不動產節稅妙招：自用住宅用地優惠稅率不可不知 - 遠雄房地產,/life-proposal/tax_mitigation_land_20220902/,1,1,1,1,112
fgr-line / fgr,true_price,不動產節稅妙招：自用住宅用地優惠稅率不可不知 - 遠雄房地產,/life-proposal/tax_mitigation_land_20220902/,1,1,1,1,0
bing / organic,(organic),買房必知稅務：首購族交易稅與持有稅全解析 - 遠雄房地產,/life-proposal/taxes/,1,1,1,1,717
mkto-sn070013.com / referral,(referral),空間放大術：小坪數變身大空間有妙招 - 遠雄房地產,/life-proposal/theme_ping_20230117/,1,1,1,1,0
google / organic,(organic),突然跳电怎么办？六步骤轻松排查【居家安全指南】 - 远雄房地产,/life-proposal/trip/,1,1,0,0,45
(not set),(not set),突然跳電怎麼辦？六步驟輕鬆排查【居家安全指南】 - 遠雄房地產,/life-proposal/trip/,1,1,0,0,105
(not set),20251230一輪播,突然跳電怎麼辦？六步驟輕鬆排查【居家安全指南】 - 遠雄房地產,/life-proposal/trip/,1,1,1,1,3
(not set),20260213一輪播,突然跳電怎麼辦？六步驟輕鬆排查【居家安全指南】 - 遠雄房地產,/life-proposal/trip/,1,1,1,1,45
google / cpc,(not set),秒懂實價登錄–「首購族看房買屋攻略」 - 遠雄房地產,/life-proposal/true_price/,1,1,1,1,30
bing / organic,(organic),秒懂實價登錄–「首購族看房買屋攻略」 - 遠雄房地產,/life-proposal/true_price/,1,1,1,1,87
google / organic,(organic),秒懂實價登錄–「首購族看房買屋攻略」 - 遠雄房地產,/life-proposal/true_price/,1,1,1,1,8
(not set),20260213一輪播,秒懂實價登錄–「首購族看房買屋攻略」 - 遠雄房地產,/life-proposal/true_price/,1,1,0,0,0
fgr-line / fgr,true_price,秒懂實價登錄–「首購族看房買屋攻略」 - 遠雄房地產,/life-proposal/true_price/,1,1,1,1,3
(direct) / (none),(direct),台灣蔦屋的空間價值革命，在遠雄實踐地方創生價值,/life-proposal/tsuta-house/,1,1,1,1,0
(direct) / (none),(direct),全齡通用宅打造友善居住環境：住家出入口篇(下篇) - 遠雄房地產,/life-proposal/universal-design-home2-20220722/,1,1,1,1,1
(direct) / (none),(direct),買房停看聽：嫌惡設施有哪些？ - 遠雄房地產,/life-proposal/unwanted20220610/,1,1,2,2,15
google / cpc,(organic),買房停看聽：嫌惡設施有哪些？ - 遠雄房地產,/life-proposal/unwanted20220610/,1,1,1,1,14
(direct) / (none),(direct),修繕小知識：木地板刮傷怎麼辦？【居家百科】 - 遠雄房地產,/life-proposal/woodfix/,1,1,1,1,17
mkto-sn070013.com / referral,(referral),建案熱區巡禮 - 好想搬去新北住！新莊副都心生活圈，一步抵達頂級人生 - 遠雄房地產,/life-proposal/xinzhuang/,1,1,1,1,8
(not set),北投士林,建案熱區巡禮 - 好想搬去新北住！新莊副都心生活圈，一步抵達頂級人生 - 遠雄房地產,/life-proposal/xinzhuang/,1,1,1,1,5
(not set),桃園桃園,建案熱區巡禮 - 好想搬去新北住！新莊副都心生活圈，一步抵達頂級人生 - 遠雄房地產,/life-proposal/xinzhuang/,1,1,1,1,0
tw.search.yahoo.com / referral,(referral),建案熱區巡禮：台南永康產業交通齊發光，宜居現在進行式！ - 遠雄房地產,/life-proposal/yongkang/,1,1,1,1,422
bing / organic,(organic),遠雄攜手李祖原，中和左岸橋景觀住宅，享受視野無價,/life-proposal/zhonghe-river/,1,1,2,2,35
google / cpc,(organic),遠雄攜手李祖原，中和左岸橋景觀住宅，享受視野無價,/life-proposal/zhonghe-river/,1,1,1,1,1
tw.search.yahoo.com / referral,(referral),遠雄攜手李祖原，中和左岸橋景觀住宅，享受視野無價,/life-proposal/zhonghe-river/,1,1,1,1,0
google / cpc,(organic),[影音] 北士科潛力揭密：輝達進駐引爆房市三大變革｜何世昌觀點 - 遠雄房地產,/life-proposal/影音-輝達北士科總部設立：帶動台北房市三大變/,1,1,1,1,3
google / cpc,(organic),生活提案： 專家房市觀點、空間美學指南 -遠雄房地產,/life_proposal/,1,1,1,1,6
google_kw / h713,(organic),生活提案： 專家房市觀點、空間美學指南 -遠雄房地產,/life_proposal/,1,1,1,1,0
mkto-sn070013.com / referral,(referral),生活提案： 專家房市觀點、空間美學指南 -遠雄房地產,/life_proposal/,1,1,1,1,0
tw.search.yahoo.com / referral,(referral),生活提案： 專家房市觀點、空間美學指南 -遠雄房地產,/life_proposal/,1,1,1,1,2
fb / h713,114,生活提案： 專家房市觀點、空間美學指南 -遠雄房地產,/life_proposal/,1,1,1,1,8
web-ltn / h902,20240603,生活提案： 專家房市觀點、空間美學指南 -遠雄房地產,/life_proposal/,1,1,1,1,5
google / cpc,20250616_品牌字,生活提案： 專家房市觀點、空間美學指南 -遠雄房地產,/life_proposal/,1,1,1,1,0
google / cpc,202511,生活提案： 專家房市觀點、空間美學指南 -遠雄房地產,/life_proposal/,1,1,1,1,2
(not set),20251230一輪播,生活提案： 專家房市觀點、空間美學指南 -遠雄房地產,/life_proposal/,1,1,1,1,14
line-lap / ar1,20260101-6-1,生活提案： 專家房市觀點、空間美學指南 -遠雄房地產,/life_proposal/,1,1,1,1,0
web-ettoday / fm3,20260116,生活提案： 專家房市觀點、空間美學指南 -遠雄房地產,/life_proposal/,1,1,1,1,1
(not set),20260213一輪播,生活提案： 專家房市觀點、空間美學指南 -遠雄房地產,/life_proposal/,1,1,2,2,5
pmp / ah1,avivid-1,生活提案： 專家房市觀點、空間美學指南 -遠雄房地產,/life_proposal/,1,1,2,2,0
google / cpc,brand,生活提案： 專家房市觀點、空間美學指南 -遠雄房地產,/life_proposal/,1,1,2,2,11
google / cpc,corearea0829,生活提案： 專家房市觀點、空間美學指南 -遠雄房地產,/life_proposal/,1,1,1,1,6
google / cpc,gdn-3,生活提案： 專家房市觀點、空間美學指南 -遠雄房地產,/life_proposal/,1,1,1,1,6
line-lap / ah1,lap-2,生活提案： 專家房市觀點、空間美學指南 -遠雄房地產,/life_proposal/,1,1,1,1,17
fgr-line / fg,life_proposal,生活提案： 專家房市觀點、空間美學指南 -遠雄房地產,/life_proposal/,1,1,1,1,14
google / cpc,pmax,生活提案： 專家房市觀點、空間美學指南 -遠雄房地產,/life_proposal/,1,1,1,1,0
fgr-line / fgr,true_price,生活提案： 專家房市觀點、空間美學指南 -遠雄房地產,/life_proposal/,1,1,1,1,0
gemini.google.com / referral,(referral),購屋知識：買屋流程、稅法貸款指南 -遠雄房地產,/life_proposal/buying_knowledge/,1,1,1,1,4
(not set),20260213一輪播,購屋知識：買屋流程、稅法貸款指南 -遠雄房地產,/life_proposal/buying_knowledge/,1,1,1,1,16
pmp / ah1,avivid-1,購屋知識：買屋流程、稅法貸款指南 -遠雄房地產,/life_proposal/buying_knowledge/,1,1,1,1,5
google / cpc,brand,購屋知識：買屋流程、稅法貸款指南 -遠雄房地產,/life_proposal/buying_knowledge/,1,1,1,1,4
fb / eh6,fb2-1,購屋知識：買屋流程、稅法貸款指南 -遠雄房地產,/life_proposal/buying_knowledge/,1,1,1,1,0
fb / eh1,fb20261-2,購屋知識：買屋流程、稅法貸款指南 -遠雄房地產,/life_proposal/buying_knowledge/,1,1,1,1,0
ig / social,ig,購屋知識：買屋流程、稅法貸款指南 -遠雄房地產,/life_proposal/buying_knowledge/,1,1,1,1,3
(direct) / (none),(direct),Expert Opinion: Analysis of Housing Market Trends and House Purchase Suggestions - Yuanxiong Real Estate,/life_proposal/experts_point/,1,1,0,0,3
google / cpc,(not set),專家觀點：解析房市動向與購屋建議 -遠雄房地產,/life_proposal/experts_point/,1,1,1,1,13
excel.officeapps.live.com / referral,(referral),專家觀點：解析房市動向與購屋建議 -遠雄房地產,/life_proposal/experts_point/,1,1,1,1,3
mkto-sn070013.com / referral,(referral),專家觀點：解析房市動向與購屋建議 -遠雄房地產,/life_proposal/experts_point/,1,1,1,1,9
page.line.me / referral,(referral),專家觀點：解析房市動向與購屋建議 -遠雄房地產,/life_proposal/experts_point/,1,1,1,1,6
fb / bh7,18,專家觀點：解析房市動向與購屋建議 -遠雄房地產,/life_proposal/experts_point/,1,1,1,1,0
google / cpc,202511,專家觀點：解析房市動向與購屋建議 -遠雄房地產,/life_proposal/experts_point/,1,1,1,1,12
webnews / h707,20260116,專家觀點：解析房市動向與購屋建議 -遠雄房地產,/life_proposal/experts_point/,1,1,1,1,74
line / bh11,20260206-2-4,專家觀點：解析房市動向與購屋建議 -遠雄房地產,/life_proposal/experts_point/,1,1,1,1,6
google / cpc,CQH1-買房字,專家觀點：解析房市動向與購屋建議 -遠雄房地產,/life_proposal/experts_point/,1,1,2,2,34
google / cpc,Pmax,專家觀點：解析房市動向與購屋建議 -遠雄房地產,/life_proposal/experts_point/,1,1,1,1,7
pmp / ah1,avivid-1,專家觀點：解析房市動向與購屋建議 -遠雄房地產,/life_proposal/experts_point/,1,1,3,3,6
fb / eh6,fb2-1,專家觀點：解析房市動向與購屋建議 -遠雄房地產,/life_proposal/experts_point/,1,1,1,1,2
fb / eh6,fb2-2,專家觀點：解析房市動向與購屋建議 -遠雄房地產,/life_proposal/experts_point/,1,1,1,1,0
line-lap / ah1,lap-2,專家觀點：解析房市動向與購屋建議 -遠雄房地產,/life_proposal/experts_point/,1,1,1,1,24
line-lap / bh10,line-lap20259-5,專家觀點：解析房市動向與購屋建議 -遠雄房地產,/life_proposal/experts_point/,1,1,1,1,10
fgr-line / fgr,true_price,專家觀點：解析房市動向與購屋建議 -遠雄房地產,/life_proposal/experts_point/,1,1,1,1,0
(not set),台中北屯,專家觀點：解析房市動向與購屋建議 -遠雄房地產,/life_proposal/experts_point/,1,1,0,0,0
(not set),台中西屯,專家觀點：解析房市動向與購屋建議 -遠雄房地產,/life_proposal/experts_point/,1,1,4,4,62
(not set),台南全區,專家觀點：解析房市動向與購屋建議 -遠雄房地產,/life_proposal/experts_point/,1,1,4,4,22
(not set),新北中和,專家觀點：解析房市動向與購屋建議 -遠雄房地產,/life_proposal/experts_point/,1,1,1,1,0
(direct) / (none),(direct),劉學龍 - 遠雄房地產,/life_proposal/experts_point/獨家專欄/劉學龍/,1,1,1,1,0
google / organic,(organic),劉學龍 - 遠雄房地產,/life_proposal/experts_point/獨家專欄/劉學龍/,1,1,1,1,4
l.facebook.com / referral,(referral),在地生活：新建案、預售屋周邊資訊 -遠雄房地產,/life_proposal/music_life/,1,1,1,1,0
news.google.com / referral,(referral),在地生活：新建案、預售屋周邊資訊 -遠雄房地產,/life_proposal/music_life/,1,1,1,1,7
fb / O1,120227538157820464,在地生活：新建案、預售屋周邊資訊 -遠雄房地產,/life_proposal/music_life/,1,1,1,1,5
fgr-line / fgr,area_txg_beitun_14th_function_20250829,在地生活：新建案、預售屋周邊資訊 -遠雄房地產,/life_proposal/music_life/,1,1,1,1,70
google / cpc,gdn11-4,在地生活：新建案、預售屋周邊資訊 -遠雄房地產,/life_proposal/music_life/,1,1,1,1,0
fb / fm3,news0108,在地生活：新建案、預售屋周邊資訊 -遠雄房地產,/life_proposal/music_life/,1,1,1,1,3
(not set),台中,在地生活：新建案、預售屋周邊資訊 -遠雄房地產,/life_proposal/music_life/,1,1,2,2,28
(not set),台中西屯,在地生活：新建案、預售屋周邊資訊 -遠雄房地產,/life_proposal/music_life/,1,1,1,1,3
(not set),台南全區,在地生活：新建案、預售屋周邊資訊 -遠雄房地產,/life_proposal/music_life/,1,1,1,1,4
googlemap / o1,googlemap,Peace of Mind Living: Three Major Warranty Upgrade Services - Farglory Real Estate,/life_proposal/peace_mind/,1,1,0,0,24
(direct) / (none),(direct),安心生活：三大保固升級服務 -遠雄房地產,/life_proposal/peace_mind/,1,1,1,1,1
page.line.me / referral,(referral),安心生活：三大保固升級服務 -遠雄房地產,/life_proposal/peace_mind/,1,1,1,1,3
(not set),20251230一輪播,安心生活：三大保固升級服務 -遠雄房地產,/life_proposal/peace_mind/,1,1,1,1,4
googlemap / o1,googlemap,安心生活：三大保固升級服務 -遠雄房地產,/life_proposal/peace_mind/,1,1,1,1,0
fb / fm3,privacy,安心生活：三大保固升級服務 -遠雄房地產,/life_proposal/peace_mind/,1,1,1,1,0
google / cpc,(organic),空間美學：三大保固升級服務-遠雄房地產,/life_proposal/space_aesthetics/,1,1,2,2,38
fb / h713,106,空間美學：三大保固升級服務-遠雄房地產,/life_proposal/space_aesthetics/,1,1,1,1,15
fb / O1,120227538157820464,空間美學：三大保固升級服務-遠雄房地產,/life_proposal/space_aesthetics/,1,1,1,1,6
google_kw / BH8,20240816_透天/豪宅/別墅,空間美學：三大保固升級服務-遠雄房地產,/life_proposal/space_aesthetics/,1,1,1,1,8
fb / o1,20250422_20-2,空間美學：三大保固升級服務-遠雄房地產,/life_proposal/space_aesthetics/,1,1,1,1,0
web-ettoday / fm3,20260116,空間美學：三大保固升級服務-遠雄房地產,/life_proposal/space_aesthetics/,1,1,1,1,2
webnews / O1,20241004,遠雄房地產：最懂生活的購屋專家,/location,1,1,1,1,0
fb / bh7,17,遠雄明玥 | 北士科水岸新生活．2000坪全街廓，只蓋一棟｜25-46坪-李珮綺-遠雄房地產 Farglory-Realty,/main/review/76/b5652,1,1,1,1,0
fb / bh7,17,遠雄明玥 | 北士科水岸新生活．2000坪全街廓，只蓋一棟｜25-46坪-周繹加-遠雄房地產 Farglory-Realty,/main/review/76/b5654,1,1,1,1,2
webnews / h707,20260116,遠雄明玥 | 北士科水岸新生活．2000坪全街廓，只蓋一棟｜25-46坪-周繹加-遠雄房地產 Farglory-Realty,/main/review/76/b5654,1,1,1,1,3
webnews / h707,20260116,遠雄明玥 | 北士科2000坪全街廓，只蓋一棟｜25-46坪-sample-遠雄房地產 Farglory-Realty,/main/review/76/sample,1,1,1,1,18
(direct) / (none),(direct),(1) 封未讀訊息 | 遠雄房地產預約賞屋(線上賞屋與預約賞屋),/make_appointment/,1,1,0,0,104
google / cpc,(organic),(1) 封未讀訊息 | 遠雄房地產預約賞屋(線上賞屋與預約賞屋),/make_appointment/,1,1,0,0,0
(not set),20260213一輪播,(1) 封未讀訊息 | 遠雄房地產預約賞屋(線上賞屋與預約賞屋),/make_appointment/,1,1,0,0,81
fgr-line / ah2,20260210,(2) 封未讀訊息 | 遠雄房地產預約賞屋(線上賞屋與預約賞屋),/make_appointment/,1,1,0,0,382
line-fgr / bh7,linefgrbh7,(3) 封未讀訊息 | 遠雄房地產預約賞屋(線上賞屋與預約賞屋),/make_appointment/,1,1,0,0,17
(direct) / (none),(direct),Farglory Real Estate offers online and scheduled property viewings.,/make_appointment/,1,1,0,0,4
perplexity / (not set),(not set),遠雄房地產預約賞屋(線上賞屋與預約賞屋),/make_appointment/,1,1,1,1,30
duckduckgo / organic,(organic),遠雄房地產預約賞屋(線上賞屋與預約賞屋),/make_appointment/,1,1,1,1,63
crm.welly.tw / referral,(referral),遠雄房地產預約賞屋(線上賞屋與預約賞屋),/make_appointment/,1,1,4,4,0
mkto-sn070013.com / referral,(referral),遠雄房地產預約賞屋(線上賞屋與預約賞屋),/make_appointment/,1,1,1,1,1
fb / paid,120238384775810537,遠雄房地產預約賞屋(線上賞屋與預約賞屋),/make_appointment/,1,1,1,1,13
line / o1,20240920,遠雄房地產預約賞屋(線上賞屋與預約賞屋),/make_appointment/,1,1,1,1,10
google / cpc,202511,遠雄房地產預約賞屋(線上賞屋與預約賞屋),/make_appointment/,1,1,1,1,217
google / cpc,202602,遠雄房地產預約賞屋(線上賞屋與預約賞屋),/make_appointment/,1,1,4,4,110
pop-outdoor / eh6,20260201,遠雄房地產預約賞屋(線上賞屋與預約賞屋),/make_appointment/,1,1,1,1,99
line / bh11,20260206-2-4,遠雄房地產預約賞屋(線上賞屋與預約賞屋),/make_appointment/,1,1,1,1,167
fgr-line / cqh1,20260210,遠雄房地產預約賞屋(線上賞屋與預約賞屋),/make_appointment/,1,1,1,1,27
fgr-line / fh2,20260210,遠雄房地產預約賞屋(線上賞屋與預約賞屋),/make_appointment/,1,1,1,1,1
google / cpc,CQH1-競品字,遠雄房地產預約賞屋(線上賞屋與預約賞屋),/make_appointment/,1,1,1,1,16
sms / aep-cdp,CRM-001-D,遠雄房地產預約賞屋(線上賞屋與預約賞屋),/make_appointment/,1,1,1,1,16
pmp / ah1,avivid-2,遠雄房地產預約賞屋(線上賞屋與預約賞屋),/make_appointment/,1,1,1,1,4
pmp / ah1,avivid-3,遠雄房地產預約賞屋(線上賞屋與預約賞屋),/make_appointment/,1,1,2,2,17
google / cpc,brand,遠雄房地產預約賞屋(線上賞屋與預約賞屋),/make_appointment/,1,1,1,1,0
google / cpc,corearea0829,遠雄房地產預約賞屋(線上賞屋與預約賞屋),/make_appointment/,1,1,2,2,15
google / cpc,dgc,遠雄房地產預約賞屋(線上賞屋與預約賞屋),/make_appointment/,1,1,4,4,18
google / cpc,gdn-1,遠雄房地產預約賞屋(線上賞屋與預約賞屋),/make_appointment/,1,1,1,1,0
google / cpc,gdn-2,遠雄房地產預約賞屋(線上賞屋與預約賞屋),/make_appointment/,1,1,1,1,22
google / cpc,gdn-3,遠雄房地產預約賞屋(線上賞屋與預約賞屋),/make_appointment/,1,1,1,1,15
google_kw / ah1,googlemap,遠雄房地產預約賞屋(線上賞屋與預約賞屋),/make_appointment/,1,1,1,1,0
ig / social,ig,遠雄房地產預約賞屋(線上賞屋與預約賞屋),/make_appointment/,1,1,1,1,1
google / cpc,information4,遠雄房地產預約賞屋(線上賞屋與預約賞屋),/make_appointment/,1,1,1,1,0
line-fgr / bh7,linefgrbh7,遠雄房地產預約賞屋(線上賞屋與預約賞屋),/make_appointment/,1,1,5,5,92
fgr-line / fgr,playlist=e93ee4e&video=3f91b6e,遠雄房地產預約賞屋(線上賞屋與預約賞屋),/make_appointment/,1,1,1,1,34
(not set),台南中西,遠雄房地產預約賞屋(線上賞屋與預約賞屋),/make_appointment/,1,1,1,1,5
(not set),高雄全區,遠雄房地產預約賞屋(線上賞屋與預約賞屋),/make_appointment/,1,1,0,0,5
(direct) / (none),(direct),好友主題報-2024年3月 - 遠雄房地產,/march-2024/,1,1,1,1,0
(direct) / (none),(direct),五月主題報 - 遠雄房地產,/may/,1,1,1,1,0
(direct) / (none),(direct),(1) 封未讀訊息 | 預約賞屋手機驗證 - 遠雄房地產,/mob_verify/,1,1,0,0,9
google / cpc,(organic),(1) 封未讀訊息 | 預約賞屋手機驗證 - 遠雄房地產,/mob_verify/,1,1,0,0,38
(not set),20260213一輪播,(1) 封未讀訊息 | 預約賞屋手機驗證 - 遠雄房地產,/mob_verify/,1,1,0,0,25
fgr-line / ah2,20260210,(2) 封未讀訊息 | 預約賞屋手機驗證 - 遠雄房地產,/mob_verify/,1,1,0,0,45
google_kw / ch1,(not set),預約賞屋手機驗證 - 遠雄房地產,/mob_verify/,1,1,1,1,28
google_kw / h713,(organic),預約賞屋手機驗證 - 遠雄房地產,/mob_verify/,1,1,1,1,11
console-v2.omnichat.ai / referral,(referral),預約賞屋手機驗證 - 遠雄房地產,/mob_verify/,1,1,1,1,2
mkto-sn070013.com / referral,(referral),預約賞屋手機驗證 - 遠雄房地產,/mob_verify/,1,1,1,1,28
tw.search.yahoo.com / referral,(referral),預約賞屋手機驗證 - 遠雄房地產,/mob_verify/,1,1,1,1,34
wenk.in / referral,(referral),預約賞屋手機驗證 - 遠雄房地產,/mob_verify/,1,1,0,0,0
fb / bh7,11,預約賞屋手機驗證 - 遠雄房地產,/mob_verify/,1,1,1,1,18
fb / eh1,11-2,預約賞屋手機驗證 - 遠雄房地產,/mob_verify/,1,1,1,1,8
ig / paid,120222246228310066,預約賞屋手機驗證 - 遠雄房地產,/mob_verify/,1,1,1,1,20
fb / paid,120238384775810537,預約賞屋手機驗證 - 遠雄房地產,/mob_verify/,1,1,1,1,29
fb / paid,120238552444900537,預約賞屋手機驗證 - 遠雄房地產,/mob_verify/,1,1,1,1,11
google / cpc,20250616_品牌字,預約賞屋手機驗證 - 遠雄房地產,/mob_verify/,1,1,1,1,13
pop-outdoor / eh6,20260201,預約賞屋手機驗證 - 遠雄房地產,/mob_verify/,1,1,1,1,14
line-lap / eh2,20260204B,預約賞屋手機驗證 - 遠雄房地產,/mob_verify/,1,1,1,1,29
line / bh11,20260206-2-4,預約賞屋手機驗證 - 遠雄房地產,/mob_verify/,1,1,1,1,14
fgr-line / eh6,20260210,預約賞屋手機驗證 - 遠雄房地產,/mob_verify/,1,1,2,2,33
fgr-line / h707,20260210,預約賞屋手機驗證 - 遠雄房地產,/mob_verify/,1,1,1,1,18
fb / bh5,38,預約賞屋手機驗證 - 遠雄房地產,/mob_verify/,1,1,1,1,11
google / cpc,BH10-品牌字,預約賞屋手機驗證 - 遠雄房地產,/mob_verify/,1,1,1,1,21
google / cpc,CQH1-品牌字,預約賞屋手機驗證 - 遠雄房地產,/mob_verify/,1,1,1,1,23
google / cpc,CQH1-地區字,預約賞屋手機驗證 - 遠雄房地產,/mob_verify/,1,1,1,1,13
google / cpc,DGM1-競品字,預約賞屋手機驗證 - 遠雄房地產,/mob_verify/,1,1,1,1,20
google / cpc,O1_品牌字_2025.0801,預約賞屋手機驗證 - 遠雄房地產,/mob_verify/,1,1,1,1,20
google / cpc,Qianzhen.Qianjin,預約賞屋手機驗證 - 遠雄房地產,/mob_verify/,1,1,2,2,40
google / cpc,RSH1-地區字,預約賞屋手機驗證 - 遠雄房地產,/mob_verify/,1,1,1,1,15
google / cpc,RSH1-地區字新北,預約賞屋手機驗證 - 遠雄房地產,/mob_verify/,1,1,1,1,18
google / cpc,RSH1-買房字,預約賞屋手機驗證 - 遠雄房地產,/mob_verify/,1,1,1,1,16
pmp / ah1,avivid-3,預約賞屋手機驗證 - 遠雄房地產,/mob_verify/,1,1,1,1,37
google_kw / rsh1,brand,預約賞屋手機驗證 - 遠雄房地產,/mob_verify/,1,1,1,1,19
google / cpc,brand0829,預約賞屋手機驗證 - 遠雄房地產,/mob_verify/,1,1,2,2,39
google / cpc,competitor,預約賞屋手機驗證 - 遠雄房地產,/mob_verify/,1,1,1,1,26
google / cpc,corearea0829,預約賞屋手機驗證 - 遠雄房地產,/mob_verify/,1,1,2,2,15
google / cpc,dgc,預約賞屋手機驗證 - 遠雄房地產,/mob_verify/,1,1,1,1,42
fgr-line / fgr,expert_zhu_taiwan-land-scam,預約賞屋手機驗證 - 遠雄房地產,/mob_verify/,1,1,1,1,14
fb / ah1,fb-1,預約賞屋手機驗證 - 遠雄房地產,/mob_verify/,1,1,1,1,12
fb / cqh1,fb-26,預約賞屋手機驗證 - 遠雄房地產,/mob_verify/,1,1,1,1,28
fb / fh2,fb1-1,預約賞屋手機驗證 - 遠雄房地產,/mob_verify/,1,1,1,1,21
fb / eh2,fb13-4,預約賞屋手機驗證 - 遠雄房地產,/mob_verify/,1,1,1,1,16
fb / rsh1,fb2-4,預約賞屋手機驗證 - 遠雄房地產,/mob_verify/,1,1,1,1,63
fb / bh8,fb25-4,預約賞屋手機驗證 - 遠雄房地產,/mob_verify/,1,1,1,1,0
fb / eh5,fb31-1,預約賞屋手機驗證 - 遠雄房地產,/mob_verify/,1,1,1,1,16
fb / rsh1,fbfanpage0116,預約賞屋手機驗證 - 遠雄房地產,/mob_verify/,1,1,1,1,55
fb / eh1,fbfanpage0211,預約賞屋手機驗證 - 遠雄房地產,/mob_verify/,1,1,1,1,13
fb / eh1,formbutton,預約賞屋手機驗證 - 遠雄房地產,/mob_verify/,1,1,1,1,0
google / cpc,gdn-1,預約賞屋手機驗證 - 遠雄房地產,/mob_verify/,1,1,1,1,172
google / cpc,gdn-2,預約賞屋手機驗證 - 遠雄房地產,/mob_verify/,1,1,1,1,11
google / cpc,gdn-3,預約賞屋手機驗證 - 遠雄房地產,/mob_verify/,1,1,1,1,21
google_kw / bh7,googlemap,預約賞屋手機驗證 - 遠雄房地產,/mob_verify/,1,1,1,1,15
google / cpc,information4,預約賞屋手機驗證 - 遠雄房地產,/mob_verify/,1,1,1,1,1
fb / bh5,leads,預約賞屋手機驗證 - 遠雄房地產,/mob_verify/,1,1,1,1,2
fb / bh8,leads,預約賞屋手機驗證 - 遠雄房地產,/mob_verify/,1,1,1,1,11
line / rsh1,line-lap1-4,預約賞屋手機驗證 - 遠雄房地產,/mob_verify/,1,1,1,1,40
line / rsh1,line-lap1-5,預約賞屋手機驗證 - 遠雄房地產,/mob_verify/,1,1,1,1,8
line-lap / fh2,line-lap12-3,預約賞屋手機驗證 - 遠雄房地產,/mob_verify/,1,1,1,1,28
line / eh1,line0211,預約賞屋手機驗證 - 遠雄房地產,/mob_verify/,1,1,2,2,27
line / ah1,message,預約賞屋手機驗證 - 遠雄房地產,/mob_verify/,1,1,1,1,16
google / cpc,newtaipei,預約賞屋手機驗證 - 遠雄房地產,/mob_verify/,1,1,1,1,11
google / cpc,pmax,預約賞屋手機驗證 - 遠雄房地產,/mob_verify/,1,1,1,1,0
google_kw / bh10,taichung,預約賞屋手機驗證 - 遠雄房地產,/mob_verify/,1,1,1,1,21
(direct) / (none),(direct),(1) 封未讀訊息 | 遠房好友- 遠雄房地產,/my-account/,1,1,0,0,34
googlemap / o1,googlemap,Distant friend - Farglory Real Estate,/my-account/,1,1,1,1,14
(not set),(not set),遠房好友- 遠雄房地產,/my-account/,1,1,1,1,0
bing / organic,(organic),遠房好友- 遠雄房地產,/my-account/,1,1,1,1,42
google_kw / h713,(organic),遠房好友- 遠雄房地產,/my-account/,1,1,1,1,1
farglory-land.com.tw / referral,(referral),遠房好友- 遠雄房地產,/my-account/,1,1,1,1,10
fb / h713,108,遠房好友- 遠雄房地產,/my-account/,1,1,1,1,21
fb / paid,120210744263750402,遠房好友- 遠雄房地產,/my-account/,1,1,1,1,14
fb / O1,120227538157820464,遠房好友- 遠雄房地產,/my-account/,1,1,1,1,87
google / cpc,20220103,遠房好友- 遠雄房地產,/my-account/,1,1,1,1,3
web-ltn / h902,20240603,遠房好友- 遠雄房地產,/my-account/,1,1,1,1,1
google / cpc,202511,遠房好友- 遠雄房地產,/my-account/,1,1,2,2,4
google / cpc,202602,遠房好友- 遠雄房地產,/my-account/,1,1,1,1,315
fgr-line / bh8,20260207,遠房好友- 遠雄房地產,/my-account/,1,1,1,1,4
fgr-line / ah2,20260210,遠房好友- 遠雄房地產,/my-account/,1,1,1,1,6
fgr-line / cqh1,20260210,遠房好友- 遠雄房地產,/my-account/,1,1,1,1,3
fgr-line / bh7,20260220,遠房好友- 遠雄房地產,/my-account/,1,1,1,1,4
fb / bh5,50,遠房好友- 遠雄房地產,/my-account/,1,1,1,1,0
fb / bh9,9,遠房好友- 遠雄房地產,/my-account/,1,1,1,1,0
fgr-line / fgr,area-s-tainan_west-central_redevelop_diamond_20250502,遠房好友- 遠雄房地產,/my-account/,1,1,1,1,4
fgr-line / fgr,area_txg_beitun_14th_function_20250829,遠房好友- 遠雄房地產,/my-account/,1,1,1,1,4
google / cpc,brand,遠房好友- 遠雄房地產,/my-account/,1,1,2,2,13
fb / eh6,fb2-2,遠房好友- 遠雄房地產,/my-account/,1,1,1,1,0
fb / eh6,fb2-3,遠房好友- 遠雄房地產,/my-account/,1,1,1,1,0
google / cpc,gdn-1,遠房好友- 遠雄房地產,/my-account/,1,1,1,1,0
google / cpc,gdn11-2,遠房好友- 遠雄房地產,/my-account/,1,1,1,1,0
google / cpc,gdn11-3,遠房好友- 遠雄房地產,/my-account/,1,1,2,2,22
fb / h713,leads,遠房好友- 遠雄房地產,/my-account/,1,1,1,1,57
line-lap / bh10,line-lap202511-6,遠房好友- 遠雄房地產,/my-account/,1,1,1,1,0
line-lap / cgh1,line-lapshop3-6,遠房好友- 遠雄房地產,/my-account/,1,1,1,1,1
line-fgr / bh7,linefgrbh7,遠房好友- 遠雄房地產,/my-account/,1,1,1,1,0
(direct) / (none),(direct),找不到頁面 - 遠雄房地產,/news/content/六都交易量比重衝高-從買賣移轉棟數看見房市的弦外之音,1,1,2,2,0
fgr-line / eh6,20260220,好友主題報-2023年11月 - 遠雄房地產,/november2023/,1,1,1,1,2
(direct) / (none),(direct),十月主題報 - 遠雄房地產 %,/oct2024/,1,1,1,1,0
(direct) / (none),(direct),好友主題報-2023年10月 - 遠雄房地產,/october2023/,1,1,1,1,0
(not set),台南全區,您正在找 - 頁10，共12 - 遠雄房地產,/page/10/,1,1,1,1,9
(not set),台南全區,您正在找 - 頁11，共12 - 遠雄房地產,/page/11/,1,1,1,1,3
(not set),台南全區,您正在找 - 頁12，共12 - 遠雄房地產,/page/12/,1,1,1,1,5
(not set),台南全區,您正在找 - 頁2，共2 - 遠雄房地產,/page/2/,1,1,2,2,18
google / organic,(organic),您正在找 - 頁2，共24 - 遠雄房地產,/page/2/,1,1,1,1,15
google / organic,(organic),您正在找 - 頁2，共3 - 遠雄房地產,/page/2/,1,1,1,1,12
(not set),台南全區,您正在找 - 頁2，共3 - 遠雄房地產,/page/2/,1,1,3,3,26
google / cpc,corearea0829,您正在找 - 頁2，共4 - 遠雄房地產,/page/2/,1,1,1,1,13
(not set),台南全區,您正在找 - 頁3，共3 - 遠雄房地產,/page/3/,1,1,1,1,5
google / organic,(organic),(1) 封未讀訊息 | 隱私權聲明 - 遠雄房地產,/privacy/,1,1,0,0,19
(not set),20260213一輪播,(1) 封未讀訊息 | 隱私權聲明 - 遠雄房地產,/privacy/,1,1,0,0,9
line-fgr / bh7,linefgrbh7,(3) 封未讀訊息 | 隱私權聲明 - 遠雄房地產,/privacy/,1,1,0,0,2
google / cpc,20260113-12-3,Privacy Statement - Farglory Realty,/privacy/,1,1,1,1,1
(data not available),(cross-network),隱私權聲明 - 遠雄房地產,/privacy/,1,1,1,1,9
console.omnichat.ai / referral,(referral),隱私權聲明 - 遠雄房地產,/privacy/,1,1,2,2,1
mkto-sn070013.com / referral,(referral),隱私權聲明 - 遠雄房地產,/privacy/,1,1,1,1,12
tw.search.yahoo.com / referral,(referral),隱私權聲明 - 遠雄房地產,/privacy/,1,1,1,1,5
fb / hm2,0209,隱私權聲明 - 遠雄房地產,/privacy/,1,1,1,1,2
fb / h707,1,隱私權聲明 - 遠雄房地產,/privacy/,1,1,1,1,0
fb / paid,120207082473750558,隱私權聲明 - 遠雄房地產,/privacy/,1,1,1,1,10
line-lap / dh2,17,隱私權聲明 - 遠雄房地產,/privacy/,1,1,1,1,1
fb / bh11,2-2,隱私權聲明 - 遠雄房地產,/privacy/,1,1,1,1,5
fb / bh11,2-3,隱私權聲明 - 遠雄房地產,/privacy/,1,1,1,1,0
fb / o1,20250402_15-1,隱私權聲明 - 遠雄房地產,/privacy/,1,1,1,1,3
avivid / bh11,20251212,隱私權聲明 - 遠雄房地產,/privacy/,1,1,1,1,10
(not set),20251230一輪播,隱私權聲明 - 遠雄房地產,/privacy/,1,1,1,1,19
(not set),20251231一輪播,隱私權聲明 - 遠雄房地產,/privacy/,1,1,1,1,6
line-lap / ar1,20260101-6-1,隱私權聲明 - 遠雄房地產,/privacy/,1,1,1,1,0
line / bh11,20260113-12-3,隱私權聲明 - 遠雄房地產,/privacy/,1,1,1,1,2
line / bh11,20260113-12-4,隱私權聲明 - 遠雄房地產,/privacy/,1,1,1,1,6
pop-outdoor / eh6,20260201,隱私權聲明 - 遠雄房地產,/privacy/,1,1,1,1,17
line-lap / eh2,20260204A,隱私權聲明 - 遠雄房地產,/privacy/,1,1,1,1,0
line-lap / eh2,20260204C,隱私權聲明 - 遠雄房地產,/privacy/,1,1,1,1,0
gdn / bh11,20260206-2-4,隱私權聲明 - 遠雄房地產,/privacy/,1,1,1,1,119
line / bh11,20260206-2-4,隱私權聲明 - 遠雄房地產,/privacy/,1,1,1,1,8
fgr-line / bh7,20260210,隱私權聲明 - 遠雄房地產,/privacy/,1,1,1,1,1
fb / bh5,39,隱私權聲明 - 遠雄房地產,/privacy/,1,1,1,1,0
fb / bh5,50,隱私權聲明 - 遠雄房地產,/privacy/,1,1,1,1,2
google / cpc,BH10-品牌字,隱私權聲明 - 遠雄房地產,/privacy/,1,1,1,1,0
google / cpc,Pmax,隱私權聲明 - 遠雄房地產,/privacy/,1,1,2,2,3
google / cpc,RSH1-地區字,隱私權聲明 - 遠雄房地產,/privacy/,1,1,2,2,13
google / cpc,area,隱私權聲明 - 遠雄房地產,/privacy/,1,1,1,1,1
pmp / ah1,avivid-1,隱私權聲明 - 遠雄房地產,/privacy/,1,1,1,1,0
pmp / ah1,avivid-3,隱私權聲明 - 遠雄房地產,/privacy/,1,1,3,3,17
google / cpc,brand0829,隱私權聲明 - 遠雄房地產,/privacy/,1,1,1,1,3
google_kw / bh11,brand0829,隱私權聲明 - 遠雄房地產,/privacy/,1,1,1,1,12
youtube / fgr,expert_zhu_video_buy-vs-gift,隱私權聲明 - 遠雄房地產,/privacy/,1,1,1,1,0
fb / cqh1,fb-28,隱私權聲明 - 遠雄房地產,/privacy/,1,1,1,1,2
fb / eh6,fb1-3,隱私權聲明 - 遠雄房地產,/privacy/,1,1,1,1,0
fb / eh6,fb1-4,隱私權聲明 - 遠雄房地產,/privacy/,1,1,1,1,0
fb / bh8,fb20-2,隱私權聲明 - 遠雄房地產,/privacy/,1,1,1,1,0
fb / bh10,fbearlybird_form,隱私權聲明 - 遠雄房地產,/privacy/,1,1,4,4,44
fb / bh10,fbfanpage0213,隱私權聲明 - 遠雄房地產,/privacy/,1,1,1,1,0
google / cpc,gdn-3,隱私權聲明 - 遠雄房地產,/privacy/,1,1,1,1,0
google / cpc,landmark0829,隱私權聲明 - 遠雄房地產,/privacy/,1,1,1,1,0
line-lap / ah1,lap-1,隱私權聲明 - 遠雄房地產,/privacy/,1,1,1,1,0
line / rsh1,line-lap1-5,隱私權聲明 - 遠雄房地產,/privacy/,1,1,2,2,11
line / rsh1,line-lap1-5_600x400,隱私權聲明 - 遠雄房地產,/privacy/,1,1,1,1,38
google / cpc,newtaipei,隱私權聲明 - 遠雄房地產,/privacy/,1,1,1,1,2
google / cpc,othercities_brand,隱私權聲明 - 遠雄房地產,/privacy/,1,1,1,1,9
fgr-line / fg,presale_payment_20221021/,隱私權聲明 - 遠雄房地產,/privacy/,1,1,1,1,14
fb / eh6,privacy,隱私權聲明 - 遠雄房地產,/privacy/,1,1,1,1,5
fb / fm3,privacy,隱私權聲明 - 遠雄房地產,/privacy/,1,1,1,1,5
fb / hch1,privacy,隱私權聲明 - 遠雄房地產,/privacy/,1,1,1,1,5
google / cpc,sitelink,隱私權聲明 - 遠雄房地產,/privacy/,1,1,1,1,107
google_kw / bh10,taichung,隱私權聲明 - 遠雄房地產,/privacy/,1,1,1,1,0
(direct) / (none),(direct),找不到頁面 - 遠雄房地產,/reservation/index/H137,1,1,1,1,0
(direct) / (none),(direct),找不到頁面 - 遠雄房地產,/reservation/index/H151,1,1,1,1,0
(direct) / (none),(direct),找不到頁面 - 遠雄房地產,/reservation/index/H809,1,1,1,1,0
(direct) / (none),(direct),找不到頁面 - 遠雄房地產,/reservation/index/h810,1,1,1,1,0
google / organic,(organic),"B3立體格局圖,遠雄夏沐-線上接待中心",/room/model/b3,1,1,3,3,38
google / organic,(organic),薪獎福利 - 遠雄房地產,/salary_bonus_benefits/,1,1,1,1,4
(direct) / (none),(direct),蕭文星業務個人介紹 - 聯上智科,/sales/5VO1/B2280/,1,1,1,1,8
bing / organic,(organic),蕭文星業務個人介紹 - 聯上智科,/sales/5VO1/B2280/,1,1,1,1,16
google / cpc,20250616_品牌字,蕭文星業務個人介紹 - 聯上智科,/sales/5VO1/B2280/,1,1,1,1,12
fb / ah1,fb-1,蕭文星業務個人介紹 - 聯上智科,/sales/5VO1/B2280/,1,1,1,1,5
google / organic,(organic),張寶容業務個人介紹 - 聯上智科,/sales/5VO1/G0389/,1,1,1,1,3
m.facebook.com / referral,(referral),張寶容業務個人介紹 - 聯上智科,/sales/5VO1/G0389/,1,1,1,1,8
fb / 5vo1,2601-2,張寶容業務個人介紹 - 聯上智科,/sales/5VO1/G0389/,1,1,1,1,6
fb / 5vo1,260205,張寶容業務個人介紹 - 聯上智科,/sales/5VO1/G0389/,1,1,1,1,2
fb / ah1,fb-1,張寶容業務個人介紹 - 聯上智科,/sales/5VO1/G0389/,1,1,1,1,4
bing / organic,(organic),洪雅玲業務個人介紹 - 聯上智科,/sales/5VO1/G0521/,1,1,1,1,8
(direct) / (none),(direct),蘇峰正業務個人介紹 - 聯上智科,/sales/5VO1/G0729/,1,1,1,1,0
fb / hm2,0209,許美淑業務個人介紹 - 遠雄商用不動產(林口龜山),/sales/HM2/B1535/,1,1,1,1,0
fb / hm2,0210,許美淑業務個人介紹 - 遠雄商用不動產(林口龜山),/sales/HM2/B1535/,1,1,1,1,6
google / cpc,202511,許美淑業務個人介紹 - 遠雄商用不動產(林口龜山),/sales/HM2/B1535/,1,1,1,1,6
fb / hm2,20251102,許美淑業務個人介紹 - 遠雄商用不動產(林口龜山),/sales/HM2/B1535/,1,1,1,1,21
google / cpc,sitelink,許美淑業務個人介紹 - 遠雄商用不動產(林口龜山),/sales/HM2/B1535/,1,1,1,1,1
(direct) / (none),(direct),梁瑞麟業務個人介紹 - 遠雄商用不動產(林口龜山),/sales/HM2/B5624,1,1,1,1,0
(direct) / (none),(direct),梁瑞麟業務個人介紹 - 遠雄商用不動產(林口龜山),/sales/HM2/B5624/,1,1,1,1,0
google / cpc,202511,梁瑞麟業務個人介紹 - 遠雄商用不動產(林口龜山),/sales/HM2/B5624/,1,1,1,1,12
google / cpc,202602,梁瑞麟業務個人介紹 - 遠雄商用不動產(林口龜山),/sales/HM2/B5624/,1,1,1,1,17
fb / hm2,0209,詹婷婷業務個人介紹 - 遠雄商用不動產(林口龜山),/sales/HM2/G0531/,1,1,1,1,0
(direct) / (none),(direct),張益捷業務個人介紹 - 遠雄商用不動產(林口龜山),/sales/HM2/G0631/,1,1,1,1,4
fb / hm2,0203,張益捷業務個人介紹 - 遠雄商用不動產(林口龜山),/sales/HM2/G0631/,1,1,1,1,0
fb / hm2,0206,張益捷業務個人介紹 - 遠雄商用不動產(林口龜山),/sales/HM2/G0631/,1,1,1,1,4
fb / hm2,20251102,張益捷業務個人介紹 - 遠雄商用不動產(林口龜山),/sales/HM2/G0631/,1,1,1,1,9
google / cpc,202602,張益捷業務個人介紹 - 遠雄商用不動產(林口龜山),/sales/HM2/G0631/,1,1,1,1,21
(direct) / (none),(direct),洪瑞鴻業務個人介紹 - 遠雄商用不動產(林口龜山),/sales/HM2/G0642/,1,1,1,1,19
google / cpc,202601,洪瑞鴻業務個人介紹 - 遠雄商用不動產(林口龜山),/sales/HM2/G0642/,1,1,1,1,0
fb / hm2,0204,陳榮慶業務個人介紹 - 遠雄商用不動產(林口龜山),/sales/HM2/G0798/,1,1,1,1,4
fb / hm2,0209,陳榮慶業務個人介紹 - 遠雄商用不動產(林口龜山),/sales/HM2/G0798/,1,1,1,1,0
google / cpc,1102G,陳榮慶業務個人介紹 - 遠雄商用不動產(林口龜山),/sales/HM2/G0798/,1,1,1,1,2
fb / hm2,20251102,陳榮慶業務個人介紹 - 遠雄商用不動產(林口龜山),/sales/HM2/G0798/,1,1,1,1,31
google / cpc,202601,陳榮慶業務個人介紹 - 遠雄商用不動產(林口龜山),/sales/HM2/G0798/,1,1,2,2,14
(direct) / (none),(direct),薛品涵業務個人介紹 - 遠雄THE ONE,/sales/O1/B4860/,1,1,1,1,8
fb / o1,20250422_20-1,薛品涵業務個人介紹 - 遠雄THE ONE,/sales/O1/B4860/,1,1,1,1,9
google / cpc,O1_地區字_2025.0801,薛品涵業務個人介紹 - 遠雄THE ONE,/sales/O1/B4860/,1,1,1,1,3
google / cpc,O1_特色字_2025.0801,薛品涵業務個人介紹 - 遠雄THE ONE,/sales/O1/B4860/,1,1,1,1,24
google / cpc,gdn-3,薛品涵業務個人介紹 - 遠雄THE ONE,/sales/O1/B4860/,1,1,1,1,2
google / cpc,O1_競品字_2025.0801,馬一鳴業務個人介紹 - 遠雄THE ONE,/sales/O1/B5948/,1,1,1,1,9
google / cpc,O1_特色字_2025.0801,蔡慧祈業務個人介紹 - 遠雄THE ONE,/sales/O1/G1052/,1,1,1,1,7
fb / ah1,fb-1,蔡慧祈業務個人介紹 - 遠雄THE ONE,/sales/O1/G1052/,1,1,1,1,0
google / cpc,20250616_競品字,蔡定誠業務個人介紹 - 遠雄泱玥,/sales/ah2/B4720/,1,1,1,1,43
fgr-line / ah2,20260204,蔡定誠業務個人介紹 - 遠雄泱玥,/sales/ah2/B4720/,1,1,2,2,0
fb / paid,120224631795180316,呂昭助業務個人介紹 - 遠雄泱玥,/sales/ah2/B5030/,1,1,1,1,16
google / cpc,20250616_競品字,呂昭助業務個人介紹 - 遠雄泱玥,/sales/ah2/B5030/,1,1,1,1,50
google / cpc,202601,呂昭助業務個人介紹 - 遠雄泱玥,/sales/ah2/B5030/,1,1,1,1,6
fgr-line / ah2,20260204,呂昭助業務個人介紹 - 遠雄泱玥,/sales/ah2/B5030/,1,1,2,2,18
fb / ah2,fb-3,呂昭助業務個人介紹 - 遠雄泱玥,/sales/ah2/B5030/,1,1,1,1,1
(direct) / (none),(direct),周繹加業務個人介紹 - 遠雄泱玥,/sales/ah2/B5654/,1,1,1,1,22
google / cpc,202601,周繹加業務個人介紹 - 遠雄泱玥,/sales/ah2/B5654/,1,1,1,1,1
leju / ah2,lejupage,周繹加業務個人介紹 - 遠雄泱玥,/sales/ah2/B5654/,1,1,1,1,5
(direct) / (none),(direct),莊博謙業務個人介紹 - 遠雄泱玥,/sales/ah2/B5779/,1,1,1,1,22
(direct) / (none),(direct),黃建璋業務個人介紹 - 遠雄泱玥,/sales/ah2/B5930/,1,1,1,1,14
(direct) / (none),(direct),陳怡靜業務個人介紹 - 遠雄泱玥,/sales/ah2/G0116/,1,1,1,1,6
google / organic,(organic),鍾辰亞業務個人介紹 - 遠雄泱玥,/sales/ah2/G0215/,1,1,1,1,3
google / cpc,20250616_競品字,鍾辰亞業務個人介紹 - 遠雄泱玥,/sales/ah2/G0215/,1,1,1,1,67
fgr-line / ah2,20260204,鍾辰亞業務個人介紹 - 遠雄泱玥,/sales/ah2/G0215/,1,1,2,2,17
google / cpc,20250616_競品字,蔡姈君業務個人介紹 - 齊興緻,/sales/ar1/B1716/,1,1,1,1,48
google / organic,(organic),鍾坤霖業務個人介紹 - 齊興緻,/sales/ar1/B2509/,1,1,1,1,0
fb / ar1,leads,鍾坤霖業務個人介紹 - 齊興緻,/sales/ar1/B2509/,1,1,1,1,20
(direct) / (none),(direct),林白芷業務個人介紹 - 齊興緻,/sales/ar1/B3622/,1,1,1,1,16
(direct) / (none),(direct),吳若榆業務個人介紹 - 齊興緻,/sales/ar1/B4125/,1,1,1,1,10
google / cpc,20250616_品牌字,邱美鈴業務個人介紹 - 齊興緻,/sales/ar1/B5758/,1,1,1,1,10
webnews / ar1,20250618,邱美鈴業務個人介紹 - 齊興緻,/sales/ar1/B5758/,1,1,1,1,4
(direct) / (none),(direct),陳驊廷業務個人介紹 - 齊興緻,/sales/ar1/G0141/,1,1,1,1,10
webnews / ar1,20250618,陳驊廷業務個人介紹 - 齊興緻,/sales/ar1/G0141/,1,1,1,1,4
line-lap / ar1,20260210-7-2,陳驊廷業務個人介紹 - 齊興緻,/sales/ar1/G0141/,1,1,1,1,12
(direct) / (none),(direct),呂柔誼業務個人介紹 - 齊興緻,/sales/ar1/G0155/,1,1,1,1,0
google / cpc,(organic),呂柔誼業務個人介紹 - 齊興緻,/sales/ar1/G0155/,1,1,1,1,0
google / organic,(organic),呂柔誼業務個人介紹 - 齊興緻,/sales/ar1/G0155/,1,1,1,1,0
google / cpc,20250616_品牌字,呂柔誼業務個人介紹 - 齊興緻,/sales/ar1/G0155/,1,1,1,1,9
google / cpc,20250616_競品字,呂柔誼業務個人介紹 - 齊興緻,/sales/ar1/G0155/,1,1,1,1,32
line-lap / ar1,20260210-7-2,呂柔誼業務個人介紹 - 齊興緻,/sales/ar1/G0155/,1,1,1,1,14
google / cpc,(organic),戴嘉嫻業務個人介紹 - 齊興緻,/sales/ar1/G0247/,1,1,1,1,0
google / cpc,20250616_品牌字,戴嘉嫻業務個人介紹 - 齊興緻,/sales/ar1/G0247/,1,1,1,1,21
line-lap / ar1,20260210-7-2,戴嘉嫻業務個人介紹 - 齊興緻,/sales/ar1/G0247/,1,1,1,1,20
fb / bh7,15,周卉雯業務個人介紹 - 遠雄敦富,/sales/bh10/B3081/,1,1,1,1,12
google / cpc,BH10-北屯區區域字,周卉雯業務個人介紹 - 遠雄敦富,/sales/bh10/B3081/,1,1,1,1,19
line-lap / bh10,line-lap202511-6,周卉雯業務個人介紹 - 遠雄敦富,/sales/bh10/B3081/,1,1,1,1,20
(direct) / (none),(direct),林怡業務個人介紹 - 遠雄敦富,/sales/bh10/B5578/,1,1,1,1,31
google / cpc,BH10-十四期區域字,林怡業務個人介紹 - 遠雄敦富,/sales/bh10/B5578/,1,1,1,1,4
fb / bh10,fbearlybird_form,林怡業務個人介紹 - 遠雄敦富,/sales/bh10/B5578/,1,1,1,1,6
line-lap / bh10,line-lap20259-5,林怡業務個人介紹 - 遠雄敦富,/sales/bh10/B5578/,1,1,1,1,22
google_kw / bh10,taichung,林怡業務個人介紹 - 遠雄敦富,/sales/bh10/B5578/,1,1,1,1,0
(direct) / (none),(direct),謝欣學業務個人介紹 - 遠雄敦富,/sales/bh10/B5736/,1,1,1,1,6
bing / organic,(organic),謝欣學業務個人介紹 - 遠雄敦富,/sales/bh10/B5736/,1,1,1,1,4
(not set),20260213一輪播,謝欣學業務個人介紹 - 遠雄敦富,/sales/bh10/B5736/,1,1,1,1,0
google / cpc,BH10-北屯區區域字,謝欣學業務個人介紹 - 遠雄敦富,/sales/bh10/B5736/,1,1,1,1,6
google / cpc,Otherarea0829,謝欣學業務個人介紹 - 遠雄敦富,/sales/bh10/B5736/,1,1,1,1,12
line-lap / bh10,line-lap202511-6,謝欣學業務個人介紹 - 遠雄敦富,/sales/bh10/B5736/,1,1,1,1,38
bing / organic,(organic),李心心業務個人介紹 - 遠雄敦富,/sales/bh10/G0599/,1,1,1,1,7
google / cpc,BH10-台中區域字,李心心業務個人介紹 - 遠雄敦富,/sales/bh10/G0599/,1,1,1,1,30
line-lap / bh10,line-lap20259-5,李心心業務個人介紹 - 遠雄敦富,/sales/bh10/G0599/,1,1,2,2,13
google_kw / bh10,taichung,李心心業務個人介紹 - 遠雄敦富,/sales/bh10/G0599/,1,1,2,2,2
fb / bh10,fbearlybird_form,(1) 封未讀訊息 | 王庭歡業務個人介紹 - 遠雄敦富,/sales/bh10/G1057/,1,1,0,0,60
google / cpc,(organic),王庭歡業務個人介紹 - 遠雄敦富,/sales/bh10/G1057/,1,1,1,1,0
google / cpc,BH10-十四期區域字,王庭歡業務個人介紹 - 遠雄敦富,/sales/bh10/G1057/,1,1,1,1,0
google / cpc,BH10-品牌字,王庭歡業務個人介紹 - 遠雄敦富,/sales/bh10/G1057/,1,1,1,1,3
fb / bh10,fbearlybird_form,王庭歡業務個人介紹 - 遠雄敦富,/sales/bh10/G1057/,1,1,1,1,25
google_kw / bh10,taichung,王庭歡業務個人介紹 - 遠雄敦富,/sales/bh10/G1057/,1,1,1,1,0
(direct) / (none),(direct),黃郁恬業務個人介紹 - 遠雄丰尚,/sales/bh11/G0335/,1,1,1,1,12
fb / paid,120235362256540316,黃郁恬業務個人介紹 - 遠雄丰尚,/sales/bh11/G0335/,1,1,2,2,0
google / cpc,20260113-12-4,黃郁恬業務個人介紹 - 遠雄丰尚,/sales/bh11/G0335/,1,1,1,1,120
line / bh11,20260206-2-4,黃郁恬業務個人介紹 - 遠雄丰尚,/sales/bh11/G0335/,1,1,1,1,31
fgr-line / h707,20260210,黃郁恬業務個人介紹 - 遠雄丰尚,/sales/bh11/G0335/,1,1,2,2,43
web-udn / bh11,2601,黃郁恬業務個人介紹 - 遠雄丰尚,/sales/bh11/G0335/,1,1,1,1,2
fb / bh11,3-4,黃郁恬業務個人介紹 - 遠雄丰尚,/sales/bh11/G0335/,1,1,1,1,23
google / cpc,brand0829,黃郁恬業務個人介紹 - 遠雄丰尚,/sales/bh11/G0335/,1,1,2,2,4
google / cpc,competitor0829,黃郁恬業務個人介紹 - 遠雄丰尚,/sales/bh11/G0335/,1,1,1,1,0
leju / bh11,leju_buildingpage,黃郁恬業務個人介紹 - 遠雄丰尚,/sales/bh11/G0335/,1,1,1,1,22
(direct) / (none),(direct),黃子霏業務個人介紹 - 遠雄丰尚,/sales/bh11/G0630/,1,1,1,1,0
bing / organic,(organic),黃子霏業務個人介紹 - 遠雄丰尚,/sales/bh11/G0630/,1,1,1,1,0
fb / bh11,2-1,黃子霏業務個人介紹 - 遠雄丰尚,/sales/bh11/G0630/,1,1,1,1,2
google / cpc,20260113-12-4,黃子霏業務個人介紹 - 遠雄丰尚,/sales/bh11/G0630/,1,1,1,1,0
line / bh11,20260206-2-4,黃子霏業務個人介紹 - 遠雄丰尚,/sales/bh11/G0630/,1,1,1,1,9
web-udn / bh11,2601,黃子霏業務個人介紹 - 遠雄丰尚,/sales/bh11/G0630/,1,1,1,1,1
fb / bh11,fanpagebutton,黃子霏業務個人介紹 - 遠雄丰尚,/sales/bh11/G0630/,1,1,1,1,30
(direct) / (none),(direct),洪健倫業務個人介紹 - 遠雄丰尚,/sales/bh11/G0962/,1,1,1,1,5
google / cpc,(organic),洪健倫業務個人介紹 - 遠雄丰尚,/sales/bh11/G0962/,1,1,1,1,0
google / organic,(organic),洪健倫業務個人介紹 - 遠雄丰尚,/sales/bh11/G0962/,1,1,1,1,9
fb / paid,120235362256540316,洪健倫業務個人介紹 - 遠雄丰尚,/sales/bh11/G0962/,1,1,1,1,3
leju / bh11,leju_buildingpage,洪健倫業務個人介紹 - 遠雄丰尚,/sales/bh11/G0962/,1,1,1,1,59
(direct) / (none),(direct),Chen Yunwen's Business Profile - Farglory & Fengshang,/sales/bh11/G1189/,1,1,0,0,6
google / cpc,(organic),陳蘊文業務個人介紹 - 遠雄丰尚,/sales/bh11/G1189/,1,1,1,1,0
fgr-line / h707,20260210,陳蘊文業務個人介紹 - 遠雄丰尚,/sales/bh11/G1189/,1,1,1,1,10
fb / bh11,3-3,陳蘊文業務個人介紹 - 遠雄丰尚,/sales/bh11/G1189/,1,1,1,1,25
google / cpc,brand0829,陳蘊文業務個人介紹 - 遠雄丰尚,/sales/bh11/G1189/,1,1,1,1,5
google / cpc,competitor0829,陳蘊文業務個人介紹 - 遠雄丰尚,/sales/bh11/G1189/,1,1,1,1,0
fb / bh8,fanpage,陳蘊文業務個人介紹 - 遠雄丰尚,/sales/bh11/G1189/,1,1,1,1,0
leju / bh11,leju_buildingpage,陳蘊文業務個人介紹 - 遠雄丰尚,/sales/bh11/G1189/,1,1,2,2,122
google / cpc,(organic),顏秉豊業務個人介紹 - 遠雄琉蘊,/sales/bh5/B5881/,1,1,1,1,12
fb / bh5,leads,顏秉豊業務個人介紹 - 遠雄琉蘊,/sales/bh5/B5881/,1,1,1,1,20
(direct) / (none),(direct),葉淯蓁業務個人介紹 - 遠雄樂元,/sales/bh7/B6099,1,1,1,1,0
bing / organic,(organic),葉淯蓁業務個人介紹 - 遠雄樂元,/sales/bh7/B6099/,1,1,1,1,4
fb / paid,120229486716970138,葉淯蓁業務個人介紹 - 遠雄樂元,/sales/bh7/B6099/,1,1,1,1,0
fb / bh7,18,葉淯蓁業務個人介紹 - 遠雄樂元,/sales/bh7/B6099/,1,1,1,1,15
google / cpc,O1_品牌字_2025.0801,葉淯蓁業務個人介紹 - 遠雄樂元,/sales/bh7/B6099/,1,1,2,2,5
bing / organic,(organic),林芸安業務個人介紹 - 遠雄樂元,/sales/bh7/B6129/,1,1,1,1,10
fb / bh7,11,林芸安業務個人介紹 - 遠雄樂元,/sales/bh7/B6129/,1,1,1,1,12
fb / paid,120229456515280138,林芸安業務個人介紹 - 遠雄樂元,/sales/bh7/B6129/,1,1,1,1,53
ig / paid,120229456515280138,林芸安業務個人介紹 - 遠雄樂元,/sales/bh7/B6129/,1,1,1,1,12
fb / bh7,15,林芸安業務個人介紹 - 遠雄樂元,/sales/bh7/B6129/,1,1,1,1,1
fb / bh7,18,林芸安業務個人介紹 - 遠雄樂元,/sales/bh7/B6129/,1,1,1,1,26
fgr-line / bh7,20260220,林芸安業務個人介紹 - 遠雄樂元,/sales/bh7/B6129/,1,1,1,1,4
google / cpc,O1_品牌字_2025.0801,林芸安業務個人介紹 - 遠雄樂元,/sales/bh7/B6129/,1,1,1,1,9
(direct) / (none),(direct),魏祥桐業務個人介紹 - 遠雄樂元,/sales/bh7/G0306/,1,1,1,1,5
fb / bh7,16,魏祥桐業務個人介紹 - 遠雄樂元,/sales/bh7/G0306/,1,1,2,2,2
google / cpc,brand,魏祥桐業務個人介紹 - 遠雄樂元,/sales/bh7/G0306/,1,1,2,2,18
google / cpc,brand0829,魏祥桐業務個人介紹 - 遠雄樂元,/sales/bh7/G0306/,1,1,1,1,1
fb / bh7,9,林侑立業務個人介紹 - 遠雄樂元,/sales/bh7/G0526/,1,1,1,1,7
fb / paid,120229486716970138,黃語璇業務個人介紹 - 遠雄樂元,/sales/bh7/G0990/,1,1,1,1,3
fb / bh7,15,黃語璇業務個人介紹 - 遠雄樂元,/sales/bh7/G0990/,1,1,1,1,0
fb / bh7,9,黃語璇業務個人介紹 - 遠雄樂元,/sales/bh7/G0990/,1,1,1,1,0
google / cpc,brand,黃語璇業務個人介紹 - 遠雄樂元,/sales/bh7/G0990/,1,1,1,1,341
line-fgr / bh7,linefgrbh7,黃語璇業務個人介紹 - 遠雄樂元,/sales/bh7/G0990/,1,1,1,1,2
google / cpc,othercities_brand,黃語璇業務個人介紹 - 遠雄樂元,/sales/bh7/G0990/,1,1,1,1,16
(direct) / (none),(direct),徐紋媛業務個人介紹 - 遠雄洄山行,/sales/bh8/B5734/,1,1,1,1,10
google / organic,(organic),徐紋媛業務個人介紹 - 遠雄洄山行,/sales/bh8/B5734/,1,1,1,1,0
google / cpc,(organic),林育騏業務個人介紹 - 遠雄洄山行,/sales/bh8/G0117/,1,1,1,1,13
fgr-line / bh8,20260207,林育騏業務個人介紹 - 遠雄洄山行,/sales/bh8/G0117/,1,1,1,1,6
(not set),20260213一輪播,林育騏業務個人介紹 - 遠雄洄山行,/sales/bh8/G0117/,1,1,0,0,0
fb / bh10,fb20261-1,林育騏業務個人介紹 - 遠雄洄山行,/sales/bh8/G0117/,1,1,1,1,0
fb / bh8,fb22-1,林育騏業務個人介紹 - 遠雄洄山行,/sales/bh8/G0117/,1,1,1,1,0
fb / bh8,fb25-3,林育騏業務個人介紹 - 遠雄洄山行,/sales/bh8/G0117/,1,1,1,1,3
leju / bh11,leju_buildingpage,林育騏業務個人介紹 - 遠雄洄山行,/sales/bh8/G0117/,1,1,1,1,1
(direct) / (none),(direct),林明櫻業務個人介紹 - 遠雄洄山行,/sales/bh8/G0262,1,1,1,1,0
google / cpc,(organic),林明櫻業務個人介紹 - 遠雄洄山行,/sales/bh8/G0262/,1,1,1,1,14
google_kw / BH8,20240816_品牌字,林明櫻業務個人介紹 - 遠雄洄山行,/sales/bh8/G0262/,1,1,1,1,11
fb / bh8,fb16-2,林明櫻業務個人介紹 - 遠雄洄山行,/sales/bh8/G0262/,1,1,1,1,0
fb / bh8,fb20-2,林明櫻業務個人介紹 - 遠雄洄山行,/sales/bh8/G0262/,1,1,1,1,46
fb / bh8,fb25-1,林明櫻業務個人介紹 - 遠雄洄山行,/sales/bh8/G0262/,1,1,1,1,0
fb / bh8,fb25-4,林明櫻業務個人介紹 - 遠雄洄山行,/sales/bh8/G0262/,1,1,2,2,0
fb / bh7,15,林邑瞳業務個人介紹 - 遠雄洄山行,/sales/bh8/G0351/,1,1,1,1,8
fb / bh8,fanpage,林邑瞳業務個人介紹 - 遠雄洄山行,/sales/bh8/G0351/,1,1,1,1,0
fb / bh8,fb16-2,林邑瞳業務個人介紹 - 遠雄洄山行,/sales/bh8/G0351/,1,1,1,1,27
fb / bh8,fb25-1,林邑瞳業務個人介紹 - 遠雄洄山行,/sales/bh8/G0351/,1,1,1,1,2
fb / bh8,fb25-4,林邑瞳業務個人介紹 - 遠雄洄山行,/sales/bh8/G0351/,1,1,1,1,6
line-fgr / bh7,linefgrbh7,林邑瞳業務個人介紹 - 遠雄洄山行,/sales/bh8/G0351/,1,1,1,1,3
google / cpc,CQH1-品牌字,鄧娟業務個人介紹 - 村泉蒔美,/sales/cqh1/B2380/,1,1,1,1,8
google / cpc,CQH1-競品字,鄧娟業務個人介紹 - 村泉蒔美,/sales/cqh1/B2380/,1,1,1,1,0
google / cpc,(organic),吳麗美業務個人介紹 - 村泉蒔美,/sales/cqh1/B2850/,1,1,1,1,1
google / organic,(organic),吳麗美業務個人介紹 - 村泉蒔美,/sales/cqh1/B2850/,1,1,1,1,3
tw.search.yahoo.com / referral,(referral),吳麗美業務個人介紹 - 村泉蒔美,/sales/cqh1/B2850/,1,1,1,1,4
google / cpc,CQH1-競品字,吳麗美業務個人介紹 - 村泉蒔美,/sales/cqh1/B2850/,1,1,1,1,4
google / cpc,CQH1-買房字,吳麗美業務個人介紹 - 村泉蒔美,/sales/cqh1/B2850/,1,1,1,1,6
google / cpc,RSH1-競品字,吳麗美業務個人介紹 - 村泉蒔美,/sales/cqh1/B2850/,1,1,1,1,1
fb / cqh1,fb-26,吳麗美業務個人介紹 - 村泉蒔美,/sales/cqh1/B2850/,1,1,2,2,3
fb / paid,120222247205050066,林琪富業務個人介紹 - 村泉蒔美,/sales/cqh1/B3057/,1,1,1,1,1
google / cpc,CQH1-品牌字,林琪富業務個人介紹 - 村泉蒔美,/sales/cqh1/B3057/,1,1,1,1,6
google / cpc,CQH1-買房字,林琪富業務個人介紹 - 村泉蒔美,/sales/cqh1/B3057/,1,1,1,1,9
fb / cqh1,fb-26,林琪富業務個人介紹 - 村泉蒔美,/sales/cqh1/B3057/,1,1,1,1,5
fb / fbpage,(not set),沈玉菁業務個人介紹 - 村泉蒔美,/sales/cqh1/B5432/,1,1,1,1,2
google / organic,(organic),沈玉菁業務個人介紹 - 村泉蒔美,/sales/cqh1/B5432/,1,1,1,1,50
google / cpc,CQH1-地區字,沈玉菁業務個人介紹 - 村泉蒔美,/sales/cqh1/B5432/,1,1,1,1,15
google / cpc,CQH1-競品字,沈玉菁業務個人介紹 - 村泉蒔美,/sales/cqh1/B5432/,1,1,1,1,12
fb / cqh1,fb-26,沈玉菁業務個人介紹 - 村泉蒔美,/sales/cqh1/B5432/,1,1,2,2,26
fb / fbpage,(not set),陳永証業務個人介紹 - 村泉蒔美,/sales/cqh1/G0176/,1,1,1,1,12
google / cpc,CQH1-地區字,陳永証業務個人介紹 - 村泉蒔美,/sales/cqh1/G0176/,1,1,2,2,24
google / cpc,CQH1-競品字,陳永証業務個人介紹 - 村泉蒔美,/sales/cqh1/G0176/,1,1,2,2,34
fb / fbpage,(not set),曾華萱業務個人介紹 - 村泉蒔美,/sales/cqh1/G0679/,1,1,1,1,7
tw.search.yahoo.com / referral,(referral),曾華萱業務個人介紹 - 村泉蒔美,/sales/cqh1/G0679/,1,1,1,1,11
ig / paid,120232410691820316,曾華萱業務個人介紹 - 村泉蒔美,/sales/cqh1/G0679/,1,1,1,1,11
fb / cqh1,fb-26,曾華萱業務個人介紹 - 村泉蒔美,/sales/cqh1/G0679/,1,1,2,2,11
leju / cqh1,lejupage,曾華萱業務個人介紹 - 村泉蒔美,/sales/cqh1/G0679/,1,1,1,1,0
(direct) / (none),(direct),郭佳莉業務個人介紹 - 都美大河商爵,/sales/dgm1/B4978/,1,1,1,1,4
google / cpc,DGM1-品牌字,郭佳莉業務個人介紹 - 都美大河商爵,/sales/dgm1/B4978/,1,1,1,1,0
google / organic,(organic),郭紀懋業務個人介紹 - 都美大河商爵,/sales/dgm1/B6026/,1,1,1,1,13
google / cpc,gdn11-3,郭紀懋業務個人介紹 - 都美大河商爵,/sales/dgm1/B6026/,1,1,2,2,3
google / cpc,gdn11-4,郭紀懋業務個人介紹 - 都美大河商爵,/sales/dgm1/B6026/,1,1,1,1,30
google / cpc,gdn11-3,蔡明昌業務個人介紹 - 都美大河商爵,/sales/dgm1/G0048/,1,1,1,1,25
(direct) / (none),(direct),莊皓為業務個人介紹 - 都美大河商爵,/sales/dgm1/G0742/,1,1,1,1,6
google / cpc,DGM1-品牌字,莊皓為業務個人介紹 - 都美大河商爵,/sales/dgm1/G0742/,1,1,1,1,0
google_kw / dh2,(organic),張嘉祐業務個人介紹 - 遠雄山禾,/sales/dh2/B3662/,1,1,2,2,48
(direct) / (none),(direct),張志銘業務個人介紹 - 遠雄山禾,/sales/dh2/B5126/,1,1,1,1,0
google / organic,(organic),張志銘業務個人介紹 - 遠雄山禾,/sales/dh2/B5126/,1,1,1,1,4
104.com.tw / referral,(referral),張志銘業務個人介紹 - 遠雄山禾,/sales/dh2/B5126/,1,1,1,1,10
fb / dh2,fb-52,張志銘業務個人介紹 - 遠雄山禾,/sales/dh2/B5126/,1,1,1,1,0
(direct) / (none),(direct),蔡旻芮業務個人介紹 - 遠雄山禾,/sales/dh2/B6132/,1,1,1,1,0
google / organic,(organic),蔡旻芮業務個人介紹 - 遠雄山禾,/sales/dh2/B6132/,1,1,1,1,7
google_kw / dh2,(organic),蔡旻芮業務個人介紹 - 遠雄山禾,/sales/dh2/B6132/,1,1,1,1,0
line-lap / dh2,16,蔡旻芮業務個人介紹 - 遠雄山禾,/sales/dh2/B6132/,1,1,1,1,1
line-lap / dh2,17,蔡旻芮業務個人介紹 - 遠雄山禾,/sales/dh2/B6132/,1,1,2,2,13
(direct) / (none),(direct),王韻涵業務個人介紹 - 遠雄山禾,/sales/dh2/G0275/,1,1,1,1,4
104.com.tw / referral,(referral),王韻涵業務個人介紹 - 遠雄山禾,/sales/dh2/G0275/,1,1,1,1,10
line-lap / dh2,17,王韻涵業務個人介紹 - 遠雄山禾,/sales/dh2/G0275/,1,1,1,1,15
fb / dh2,fb-49,王韻涵業務個人介紹 - 遠雄山禾,/sales/dh2/G0275/,1,1,1,1,0
fb / dh2,fb-53,王韻涵業務個人介紹 - 遠雄山禾,/sales/dh2/G0275/,1,1,1,1,0
(direct) / (none),(direct),林詩穎業務個人介紹 - 遠雄山禾,/sales/dh2/G0633/,1,1,1,1,8
google / organic,(organic),林詩穎業務個人介紹 - 遠雄山禾,/sales/dh2/G0633/,1,1,1,1,9
google_kw / dh2,(organic),林詩穎業務個人介紹 - 遠雄山禾,/sales/dh2/G0633/,1,1,1,1,2
104.com.tw / referral,(referral),林詩穎業務個人介紹 - 遠雄山禾,/sales/dh2/G0633/,1,1,2,2,11
line-lap / dh2,16,林詩穎業務個人介紹 - 遠雄山禾,/sales/dh2/G0633/,1,1,1,1,9
fb / dh2,fb-52,林詩穎業務個人介紹 - 遠雄山禾,/sales/dh2/G0633/,1,1,1,1,8
(direct) / (none),(direct),黃容筠業務個人介紹 - 遠雄山禾,/sales/dh2/G0936,1,1,1,1,0
google / organic,(organic),黃容筠業務個人介紹 - 遠雄山禾,/sales/dh2/G0936/,1,1,1,1,5
(direct) / (none),(direct),黃柔銘業務個人介紹 - 遠雄峰蘊,/sales/eh1/B3500/,1,1,1,1,4
google / organic,(organic),黃柔銘業務個人介紹 - 遠雄峰蘊,/sales/eh1/B3500/,1,1,1,1,47
google / cpc,brand,黃柔銘業務個人介紹 - 遠雄峰蘊,/sales/eh1/B3500/,1,1,1,1,4
fb / eh1,fbfanpage0116,黃柔銘業務個人介紹 - 遠雄峰蘊,/sales/eh1/B3500/,1,1,1,1,8
(not set),高雄全區,黃聖富業務個人介紹 - 遠雄峰蘊,/sales/eh1/B5627/,1,1,1,1,6
(direct) / (none),(direct),張子彤業務個人介紹 - 遠雄峰蘊,/sales/eh1/B5932/,1,1,1,1,22
fb / eh1,fbfanpage0116,張子彤業務個人介紹 - 遠雄峰蘊,/sales/eh1/B5932/,1,1,1,1,10
google / organic,(organic),林品宜業務個人介紹 - 遠雄峰蘊,/sales/eh1/G0336/,1,1,1,1,1
fb / eh1,11-1,林品宜業務個人介紹 - 遠雄峰蘊,/sales/eh1/G0336/,1,1,1,1,0
(not set),高雄全區,林品宜業務個人介紹 - 遠雄峰蘊,/sales/eh1/G0336/,1,1,1,1,7
fb / eh1,fb20261-2,李芊儀業務個人介紹 - 遠雄峰蘊,/sales/eh1/G0595/,1,1,1,1,2
fb / eh1,fb20262-2,李芊儀業務個人介紹 - 遠雄峰蘊,/sales/eh1/G0595/,1,1,1,1,1
fb / eh1,fbfanpage0116,李芊儀業務個人介紹 - 遠雄峰蘊,/sales/eh1/G0595/,1,1,1,1,10
fb / eh1,formbutton,李芊儀業務個人介紹 - 遠雄峰蘊,/sales/eh1/G0595/,1,1,1,1,2
(direct) / (none),(direct),賴玫蓁業務個人介紹 - 遠雄峰蘊,/sales/eh1/G0881,1,1,1,1,0
google / organic,(organic),賴玫蓁業務個人介紹 - 遠雄峰蘊,/sales/eh1/G0881/,1,1,1,1,1
(data not available),(cross-network),羅泓偉業務個人介紹 - 遠雄一靚,/sales/eh2/B3397/,1,1,1,1,6
google-map / referral,eh1,羅泓偉業務個人介紹 - 遠雄一靚,/sales/eh2/B3397/,1,1,1,1,1
tw.search.yahoo.com / referral,(referral),洪梓芸業務個人介紹 - 遠雄一靚,/sales/eh2/B5986/,1,1,1,1,44
(not set),20260213一輪播,洪梓芸業務個人介紹 - 遠雄一靚,/sales/eh2/B5986/,1,1,0,0,0
fb / eh2,8-1,洪梓芸業務個人介紹 - 遠雄一靚,/sales/eh2/B5986/,1,1,1,1,7
google / cpc,Qianzhen.Qianjin,洪梓芸業務個人介紹 - 遠雄一靚,/sales/eh2/B5986/,1,1,1,1,14
fb / eh2,leads,洪梓芸業務個人介紹 - 遠雄一靚,/sales/eh2/B5986/,1,1,1,1,27
webnews / eh2,yahoo_202512,洪梓芸業務個人介紹 - 遠雄一靚,/sales/eh2/B5986/,1,1,2,2,35
line-lap / eh2,20260204A,陳澤韋業務個人介紹 - 遠雄一靚,/sales/eh2/G0243/,1,1,1,1,1
google / cpc,com,陳澤韋業務個人介紹 - 遠雄一靚,/sales/eh2/G0243/,1,1,2,2,0
google-map / referral,eh1,陳澤韋業務個人介紹 - 遠雄一靚,/sales/eh2/G0243/,1,1,1,1,4
(data not available),(cross-network),蔡景宇業務個人介紹 - 遠雄一靚,/sales/eh2/G0855/,1,1,1,1,7
(direct) / (none),(direct),蔡景宇業務個人介紹 - 遠雄一靚,/sales/eh2/G0855/,1,1,1,1,3
google / cpc,(organic),蔡景宇業務個人介紹 - 遠雄一靚,/sales/eh2/G0855/,1,1,1,1,10
(direct) / (none),(direct),陳灝業務個人介紹 - 遠雄一靚,/sales/eh2/G1010/,1,1,1,1,13
tw.search.yahoo.com / referral,(referral),陳灝業務個人介紹 - 遠雄一靚,/sales/eh2/G1010/,1,1,1,1,4
google / cpc,brand,陳灝業務個人介紹 - 遠雄一靚,/sales/eh2/G1010/,1,1,1,1,5
tw.search.yahoo.com / referral,(referral),林建宏業務個人介紹 - 遠雄沐蘊,/sales/eh5/B1974/,1,1,1,1,11
(direct) / (none),(direct),范亦萱業務個人介紹 - 遠雄沐蘊,/sales/eh5/G0309/,1,1,1,1,1
google / cpc,brand,范亦萱業務個人介紹 - 遠雄沐蘊,/sales/eh5/G0309/,1,1,1,1,17
google / cpc,com,范亦萱業務個人介紹 - 遠雄沐蘊,/sales/eh5/G0309/,1,1,1,1,17
fb / eh5,park,范亦萱業務個人介紹 - 遠雄沐蘊,/sales/eh5/G0309/,1,1,1,1,2
google / organic,(organic),戴維民業務個人介紹 - 遠雄沐蘊,/sales/eh5/G0596/,1,1,1,1,1
(direct) / (none),(direct),鄭喨予業務個人介紹 - 遠雄沐蘊,/sales/eh5/G0598/,1,1,1,1,6
google / cpc,area,鄭喨予業務個人介紹 - 遠雄沐蘊,/sales/eh5/G0598/,1,1,1,1,25
google / cpc,com,鄭喨予業務個人介紹 - 遠雄沐蘊,/sales/eh5/G0598/,1,1,1,1,7
fb / eh5,fb31-1,鄭喨予業務個人介紹 - 遠雄沐蘊,/sales/eh5/G0598/,1,1,1,1,0
fb / eh1,formbutton,鄭喨予業務個人介紹 - 遠雄沐蘊,/sales/eh5/G0598/,1,1,1,1,0
(direct) / (none),(direct),翁毓雯業務個人介紹 - 遠雄沐蘊,/sales/eh5/G0816/,1,1,1,1,1
google / cpc,(organic),翁毓雯業務個人介紹 - 遠雄沐蘊,/sales/eh5/G0816/,1,1,1,1,8
google / cpc,brand,翁毓雯業務個人介紹 - 遠雄沐蘊,/sales/eh5/G0816/,1,1,2,2,25
google / cpc,com,翁毓雯業務個人介紹 - 遠雄沐蘊,/sales/eh5/G0816/,1,1,1,1,21
fb / eh1,fbfanpage0116,翁毓雯業務個人介紹 - 遠雄沐蘊,/sales/eh5/G0816/,1,1,1,1,0
fb / eh5,form,翁毓雯業務個人介紹 - 遠雄沐蘊,/sales/eh5/G0816/,1,1,1,1,1
google / cpc,area,李之雅業務個人介紹 - 遠雄沐蘊,/sales/eh5/G0918/,1,1,1,1,8
google / cpc,com,李之雅業務個人介紹 - 遠雄沐蘊,/sales/eh5/G0918/,1,1,1,1,11
fb / eh5,fb30-1,李之雅業務個人介紹 - 遠雄沐蘊,/sales/eh5/G0918/,1,1,1,1,16
fb / eh5,fb31-1,李之雅業務個人介紹 - 遠雄沐蘊,/sales/eh5/G0918/,1,1,1,1,0
google / cpc,(organic),林秀樺業務個人介紹 - 遠雄商用不動產,/sales/fm3/B3312/,1,1,1,1,28
google / cpc,202601,林秀樺業務個人介紹 - 遠雄商用不動產,/sales/fm3/B3312/,1,1,1,1,6
google / cpc,Pmax,林秀樺業務個人介紹 - 遠雄商用不動產,/sales/fm3/B3312/,1,1,1,1,1
google_kw / fm3,googlemap,林秀樺業務個人介紹 - 遠雄商用不動產,/sales/fm3/B3312/,1,1,1,1,7
google / cpc,(organic),張庭海業務個人介紹 - 遠雄商用不動產,/sales/fm3/B4147/,1,1,1,1,16
(direct) / (none),(direct),葉閎宇業務個人介紹 - 遠雄商用不動產,/sales/fm3/G0206/,1,1,1,1,5
google / organic,(organic),趙洋寬業務個人介紹 - 遠雄商用不動產,/sales/fm3/G0922/,1,1,1,1,0
(direct) / (none),(direct),林欣伶業務個人介紹 - 遠雄星呈,/sales/h707/B5856/,1,1,1,1,1
google / organic,(organic),林欣伶業務個人介紹 - 遠雄星呈,/sales/h707/B5856/,1,1,1,1,6
tw.search.yahoo.com / referral,(referral),林欣伶業務個人介紹 - 遠雄星呈,/sales/h707/B5856/,1,1,1,1,10
fb / bh9,39,林欣伶業務個人介紹 - 遠雄星呈,/sales/h707/B5856/,1,1,1,1,27
(not set),(not set),鄧大鈺業務個人介紹 - 遠雄星呈,/sales/h707/G0305/,1,1,1,1,1
google / cpc,(organic),鄧大鈺業務個人介紹 - 遠雄星呈,/sales/h707/G0305/,1,1,1,1,1
tw.search.yahoo.com / referral,(referral),鄧大鈺業務個人介紹 - 遠雄星呈,/sales/h707/G0305/,1,1,1,1,10
(direct) / (none),(direct),楊王誌業務個人介紹 - 遠雄星呈,/sales/h707/G0705/,1,1,1,1,4
tw.search.yahoo.com / referral,(referral),楊王誌業務個人介紹 - 遠雄星呈,/sales/h707/G0705/,1,1,1,1,2
google / cpc,Otherarea0829,楊王誌業務個人介紹 - 遠雄星呈,/sales/h707/G0705/,1,1,1,1,7
(direct) / (none),(direct),遠雄2025九月主題報 - 遠雄房地產,/sep2025/,1,1,1,1,2
(direct) / (none),(direct),九月主題報 - 遠雄房地產,/september/,1,1,1,1,3
web-ltn / o1,(not set),遠雄房地產：最懂生活的購屋專家,/service,1,1,1,1,0
(direct) / (none),(direct),找不到頁面 - 遠雄房地產,/stadium,1,1,1,1,0
(direct) / (none),(direct),找不到頁面 - 遠雄房地產,/stadium/,1,1,1,1,0
(direct) / (none),(direct),找不到頁面 - 遠雄房地產,/taipei-dome/garden-city/,1,1,1,1,0
google / cpc,(organic),服務條款-遠雄房地產,/terms-of-service/,1,1,1,1,4
google_kw / h713,(organic),服務條款-遠雄房地產,/terms-of-service/,1,1,1,1,0
m.facebook.com / referral,(referral),服務條款-遠雄房地產,/terms-of-service/,1,1,1,1,158
fb / hm2,0206,服務條款-遠雄房地產,/terms-of-service/,1,1,1,1,0
fb / o1,20250402_15-2,服務條款-遠雄房地產,/terms-of-service/,1,1,1,1,2
google / cpc,202511,服務條款-遠雄房地產,/terms-of-service/,1,1,1,1,33
pop-outdoor / eh6,20260201,服務條款-遠雄房地產,/terms-of-service/,1,1,1,1,126
fb / bh9,29,服務條款-遠雄房地產,/terms-of-service/,1,1,1,1,3
fb / bh5,3,服務條款-遠雄房地產,/terms-of-service/,1,1,1,1,5
google / cpc,RSH1-地區字,服務條款-遠雄房地產,/terms-of-service/,1,1,3,3,13
google / cpc,area,服務條款-遠雄房地產,/terms-of-service/,1,1,1,1,5
youtube / fgr,expert_zhu_video_buy-vs-gift,服務條款-遠雄房地產,/terms-of-service/,1,1,1,1,0
fb / eh6,fb1-2,服務條款-遠雄房地產,/terms-of-service/,1,1,1,1,5
fb / eh6,fb1-3,服務條款-遠雄房地產,/terms-of-service/,1,1,1,1,0
fb / rsh1,fb1-3,服務條款-遠雄房地產,/terms-of-service/,1,1,1,1,2
fb / eh6,fb2-3,服務條款-遠雄房地產,/terms-of-service/,1,1,1,1,0
fb / eh5,fb20-3,服務條款-遠雄房地產,/terms-of-service/,1,1,1,1,5
fb / fm3,fb5-3,服務條款-遠雄房地產,/terms-of-service/,1,1,1,1,26
fb / bh10,fbfanpage0213,服務條款-遠雄房地產,/terms-of-service/,1,1,1,1,0
fb / hm2,privacy,服務條款-遠雄房地產,/terms-of-service/,1,1,1,1,24
google_kw / bh10,taichung,服務條款-遠雄房地產,/terms-of-service/,1,1,1,1,1
fb / eh6,fb1-1,服務條款暨隱私權聲明 -遠雄房地產,/terms-of-service_and_privacy/,1,1,2,2,27
line-fgr / bh7,linefgrbh7,服務條款暨隱私權聲明 -遠雄房地產,/terms-of-service_and_privacy/,1,1,1,1,0
fb / rsh1,privacy,服務條款暨隱私權聲明 -遠雄房地產,/terms-of-service_and_privacy/,1,1,1,1,145
google / organic,(organic),取消訂閱 - 遠雄房地產 %,/unsubscribe/,1,1,5,5,21
(direct) / (none),(direct),北部 彙整 - 遠雄房地產,/wom-recommendation-category/wom_recommendation/north/,1,1,1,1,4
(direct) / (none),(direct),口碑推薦 彙整 - 遠雄房地產,/wom-recommendation/,1,1,1,1,0
(direct) / (none),(direct),遠雄香榭園(新北市中和區)住戶-陳先生全家福口碑推薦- 遠雄房地產,/wom-recommendation/chen-family/,1,1,1,1,1
(direct) / (none),(direct),遠雄百富住戶-張先生 賢伉儷 - 遠雄房地產,/wom-recommendation/h100_chang_family/,1,1,1,1,2
google / organic,(organic),遠雄百富住戶-張先生 賢伉儷 - 遠雄房地產,/wom-recommendation/h100_chang_family/,1,1,1,1,54
(direct) / (none),(direct),遠雄百富住戶-陳氏姊妹 - 遠雄房地產,/wom-recommendation/h100_chen_sisters/,1,1,1,1,2
google_kw / ah1,googlemap,遠雄百富住戶-陳氏姊妹 - 遠雄房地產,/wom-recommendation/h100_chen_sisters/,1,1,1,1,6
google / organic,(organic),遠雄百富住戶-電子業總監鄧先生 - 遠雄房地產,/wom-recommendation/h100_director/,1,1,1,1,89
google / organic,(organic),遠雄百富住戶-林先生 伉儷 - 遠雄房地產,/wom-recommendation/h100_lin_couple/,1,1,1,1,0
google / organic,(organic),遠雄百富住戶-啟宗心理諮商所所長 林小姐 - 遠雄房地產,/wom-recommendation/h100_misslin/,1,1,1,1,6
google / cpc,(organic),稀有水岸超奢美景，換屋首選「遠雄豐河」 - 遠雄房地產,/wom-recommendation/h101_riverside/,1,1,1,1,135
google / organic,(organic),稀有水岸超奢美景，換屋首選「遠雄豐河」 - 遠雄房地產,/wom-recommendation/h101_riverside/,1,1,1,1,12
google / organic,(organic),購屋必備條件一次到位，「遠雄豐河」滿足小家庭期待 - 遠雄房地產,/wom-recommendation/h101b_bridge/,1,1,1,1,0
(direct) / (none),(direct),甜蜜夫妻提前準備退休生活，「遠雄豐河」續寫幸福篇章 - 遠雄房地產,/wom-recommendation/h101b_view/,1,1,1,1,3
(direct) / (none),(direct),「遠雄幸福成」一次實現老婆對新房的期待 - 遠雄房地產,/wom-recommendation/h713_cheng/,1,1,1,1,13
(not set),20251230一輪播,「遠雄幸福成」一次實現老婆對新房的期待 - 遠雄房地產,/wom-recommendation/h713_cheng/,1,1,1,1,67
google / cpc,brand,「遠雄幸福成」一次實現老婆對新房的期待 - 遠雄房地產,/wom-recommendation/h713_cheng/,1,1,1,1,6
socialmedia / fgr,fb,「遠雄幸福成」一次實現老婆對新房的期待 - 遠雄房地產,/wom-recommendation/h713_cheng/,1,1,1,1,2
leju / h713,lejupage,「遠雄幸福成」一次實現老婆對新房的期待 - 遠雄房地產,/wom-recommendation/h713_cheng/,1,1,1,1,6
(not set),20251230一輪播,「遠雄幸福成」台中最後一塊潛力明星區域，年輕人也買得起 - 遠雄房地產,/wom-recommendation/h713_lin/,1,1,1,1,49
google / cpc,corearea0829,「遠雄幸福成」台中最後一塊潛力明星區域，年輕人也買得起 - 遠雄房地產,/wom-recommendation/h713_lin/,1,1,2,2,63
socialmedia / fgr,fb,「遠雄幸福成」台中最後一塊潛力明星區域，年輕人也買得起 - 遠雄房地產,/wom-recommendation/h713_lin/,1,1,1,1,4
google / cpc,gdn-1,「遠雄幸福成」台中最後一塊潛力明星區域，年輕人也買得起 - 遠雄房地產,/wom-recommendation/h713_lin/,1,1,1,1,31
google / organic,(organic),「遠雄幸福成」面朝大海看落日，左擁右抱大公園 - 遠雄房地產,/wom-recommendation/h713_tsang/,1,1,1,1,8
google_kw / h713,(organic),「遠雄幸福成」面朝大海看落日，左擁右抱大公園 - 遠雄房地產,/wom-recommendation/h713_tsang/,1,1,1,1,5
google / cpc,corearea0829,「遠雄幸福成」面朝大海看落日，左擁右抱大公園 - 遠雄房地產,/wom-recommendation/h713_tsang/,1,1,5,5,125
socialmedia / fgr,fb,「遠雄幸福成」面朝大海看落日，左擁右抱大公園 - 遠雄房地產,/wom-recommendation/h713_tsang/,1,1,1,1,3
google / organic,(organic),中意綠意與水岸，劉氏伉儷在「遠雄青晉」享受未來人生 - 遠雄房地產,/wom-recommendation/liu_couple/,1,1,1,1,7
google / cpc,corearea0829,中意綠意與水岸，劉氏伉儷在「遠雄青晉」享受未來人生 - 遠雄房地產,/wom-recommendation/liu_couple/,1,1,4,4,45
(direct) / (none),(direct),遠雄香榭園(新北市中和區)住戶-闕先生口碑推薦- 遠雄房地產,/wom-recommendation/mr-que/,1,1,1,1,3
(direct) / (none),(direct),遠雄香榭園(新北市中和區)住戶-詹太太與女兒口碑推薦- 遠雄房地產,/wom-recommendation/ms-chan/,1,1,1,1,2
google / organic,(organic),遠雄之星證言篇-單身投資-28歲擁有人生第一間房，強迫儲蓄更是最好的投資！- 遠雄房地產,/wom-recommendation/single-investment/,1,1,1,1,7
google / organic,(organic),【遠雄東御苑】已購證言：王小姐 // 超強格局、環境單純更加分 // - 遠雄房地產,/wom-recommendation/【遠雄東御苑】已購證言：王小姐-超強格局、環/,1,1,1,1,10
line-lap / ah1,lap-1,【遠雄東御苑】已購證言：王小姐 // 超強格局、環境單純更加分 // - 遠雄房地產,/wom-recommendation/【遠雄東御苑】已購證言：王小姐-超強格局、環/,1,1,1,1,27
line-lap / bh10,line-lap20259-5,【遠雄東御苑】已購證言：王小姐 // 超強格局、環境單純更加分 // - 遠雄房地產,/wom-recommendation/【遠雄東御苑】已購證言：王小姐-超強格局、環/,1,1,1,1,45
google / organic,(organic),工作環境-遠雄房地產,/working_environment/,1,1,1,1,7
(direct) / (none),(direct),九月主題報2023-2 - 遠雄房地產,/九月主題報2023-2/,1,1,1,1,0
fgr-line / eh6,20260210,預約成功 - 遠雄房地產,/預約成功感謝頁/,1,1,1,1,36
line-lap / ar1,20260210-7-2,預約成功 - 遠雄房地產,/預約成功感謝頁/,1,1,1,1,0
fgr-line / eh6,20260212,預約成功 - 遠雄房地產,/預約成功感謝頁/,1,1,1,1,0
fgr-line / eh6,20260220,預約成功 - 遠雄房地產,/預約成功感謝頁/,1,1,1,1,8
google / cpc,RSH1-品牌字,預約成功 - 遠雄房地產,/預約成功感謝頁/,1,1,1,1,2
google / cpc,corearea0829,預約成功 - 遠雄房地產,/預約成功感謝頁/,1,1,1,1,23
google_kw / rsh1,dingpu,預約成功 - 遠雄房地產,/預約成功感謝頁/,1,1,1,1,1
fb / eh5,fb31-1,預約成功 - 遠雄房地產,/預約成功感謝頁/,1,1,1,1,28
fb / rsh1,fbfanpage0116,預約成功 - 遠雄房地產,/預約成功感謝頁/,1,1,1,1,11
fb / rsh1,fbfanpage0131,預約成功 - 遠雄房地產,/預約成功感謝頁/,1,1,1,1,1
google_kw / ah1,googlemap,預約成功 - 遠雄房地產,/預約成功感謝頁/,1,1,1,1,1
line / rsh1,line-lap1-5,預約成功 - 遠雄房地產,/預約成功感謝頁/,1,1,0,0,0
line / rsh1,line-lap1-5_600x400,預約成功 - 遠雄房地產,/預約成功感謝頁/,1,1,1,1,4
line-lap / fh2,line-lap12-2,預約成功 - 遠雄房地產,/預約成功感謝頁/,1,1,1,1,7
line / eh1,line0211,預約成功 - 遠雄房地產,/預約成功感謝頁/,1,1,1,1,0
google / cpc,pmax,預約成功 - 遠雄房地產,/預約成功感謝頁/,1,1,1,1,0
yahoo_native / 5vo1,202510_2,遠房實價登錄,/,0,1,1,null,null
google_gdn / 5vo1,202511_1102b,遠房實價登錄,/,0,1,1,null,null
line / o1,line4-2,遠雄THE ONE | 獨一無二極致生活 僅獻給每一位層峰,/,0,1,1,null,null
line-lap / ao1,20250415_4-2,遠雄商舟,/,0,1,1,null,null
line-lap / H109,line1,遠雄房地產：最懂生活的購屋專家,/,0,1,1,null,null
(direct) / (none),(direct),齊興緻-鍾坤霖-遠雄房地產 Farglory-Realty,/AR1/b2509,0,1,1,null,null
wenk.in / referral,(referral),齊興緻-吳若榆-遠雄房地產 Farglory-Realty,/AR1/b4125,0,1,1,null,null
(not set),20260213一輪播,✨ 洄山春序 福蘊綠美 ✨ - 遠雄房地產,/activity-report/✨-洄山春序-福蘊綠美-✨/,0,1,1,null,null
google / organic,(organic),Farglory & Dunfu – Open All Year Round. Pampered and Abundant. – Farglory Real Estate,/activity-report/遠雄敦富新春不打烊．萬千寵愛．禮遇富足/,0,1,0,null,null
fgr-line / ah2,20260210,遠雄明玥 | 北士科水岸新生活．2000坪全街廓，只蓋一棟｜25-46坪-周繹加-遠雄房地產 Farglory-Realty,/ah1/b5654,0,1,1,null,null
fgr-line / h707,20260210,遠雄明玥 | 北士科水岸新生活．2000坪全街廓，只蓋一棟｜25-46坪-趙偉傑-遠雄房地產 Farglory-Realty,/ah1/g0106,0,1,1,null,null
google / cpc,202510-3,聯上智科｜北士科AI總部 輝達核心軸線 -台北市北投區商辦/預售新建案-預約賞屋，遠創力行銷,/buildings/5vo1/,0,1,1,null,null
yahoo_native / 5vo1,202510_7,聯上智科｜北士科AI總部 輝達核心軸線 -台北市北投區商辦/預售新建案-預約賞屋，遠創力行銷,/buildings/5vo1/,0,1,1,null,null
web-udn / ao1,2ndfloor,聯上智科｜北士科AI總部 輝達核心軸線 -台北市北投區商辦/預售新建案-預約賞屋，遠創力行銷,/buildings/5vo1/,0,1,0,null,null
google / organic,20260213一輪播,北士科建案【遠雄明玥】2000坪全街廓只蓋一棟．25-46坪,/buildings/ah1/,0,1,0,null,null
gdn / ao1,20240409b,找不到頁面 - 遠雄房地產,/buildings/ao1/,0,1,1,null,null
gdn / ao1,20240409b_4-1,找不到頁面 - 遠雄房地產,/buildings/ao1/,0,1,1,null,null
google / cpc,gdn20257-1,北屯敦富路【遠雄敦富】- 北屯機捷預售屋．近好市多,/buildings/bh10/,0,1,1,null,null
(not set),20260213一輪播,远雄14期首发【远雄丰尚】北屯新案．近汉神洲际百货,/buildings/bh11/,0,1,0,null,null
(direct) / (none),20260213一輪播,遠雄14期首發【遠雄丰尚】北屯新案．近漢神洲際百貨,/buildings/bh11/,0,1,0,null,null
fb / bh6,fbfanpage1205,遠雄藝舍-台中西屯區麥當勞旁金店面-預約賞屋，遠雄房地產,/buildings/bh6/,0,1,1,null,null
fb / paid,120229456515280138,(1) 封未讀訊息 | 【遠雄樂元】北屯機捷X好市多，雙首排大道最核心，夠近才最好,/buildings/bh7/,0,1,0,null,null
google / cpc,gdn5-7,大河商爵-台北市士林區廠辦/預售新建案-預約賞屋，遠創力行銷,/buildings/dgm1/,0,1,1,null,null
gdn回應式-2 / cpc,(not set),找不到頁面 - 遠雄房地產,/buildings/dh1,0,1,1,null,null
webnews / dh3,(not set),找不到頁面 - 遠雄房地產,/buildings/dh3/,0,1,1,null,null
gdn / dh3,2,找不到頁面 - 遠雄房地產,/buildings/dh3/,0,1,1,null,null
(not set),20251107一輪播,遠雄一靚｜楠梓新案．高大特區首發｜早鳥預約中,/buildings/eh2/,0,1,1,null,null
line / rsh1,line-lap1-4,遠雄一靚｜楠梓新案．高大特區首發｜早鳥預約中,/buildings/eh2/,0,1,1,null,null
google / cpc,20260113-12-4,遠雄蘴靚｜高雄楠梓新門戶｜捷運R21站旁｜3795坪豪闊基地,/buildings/eh6/,0,1,1,null,null
pmp / ah1,avivid-2,遠雄蘴靚｜高雄楠梓新門戶｜捷運R21站旁｜3795坪豪闊基地,/buildings/eh6/,0,1,1,null,null
pmp / ah1,avivid-3,遠雄蘴靚｜高雄楠梓新門戶｜捷運R21站旁｜3795坪豪闊基地,/buildings/eh6/,0,1,1,null,null
gdn / fm1,202304-1,找不到頁面 - 遠雄房地產,/buildings/fm1/,0,1,1,null,null
gdn / fm1,202307-5,找不到頁面 - 遠雄房地產,/buildings/fm1/,0,1,1,null,null
taboola / fm3,impA,遠雄信義CENTER-新北市板橋區廠辦.商辦/預售新建案-預約賞屋,/buildings/fm3/,0,1,0,null,null
socialmedia / fh2,fbfh2info,遠雄琢蘊-高雄市三民區預售屋/新建案-預約賞屋，遠雄房地產,/buildings/h902/,0,1,0,null,null
line-lap / hh2,20240410,找不到頁面 - 遠雄房地產,/buildings/hh2/,0,1,1,null,null
line-lap / ar1,20260101-6-1,遠雄MetaLink科技園區 | 機捷A7．A8站▕ VIP企業席次開放預約中,/buildings/hm2/,0,1,1,null,null
line-lap / ar1,20260210-7-2,遠雄MetaLink科技園區 | 機捷A7．A8站▕ VIP企業席次開放預約中,/buildings/hm2/,0,1,1,null,null
google / cpc,20220718-1,找不到頁面 - 遠雄房地產,/buildings/m62/,0,1,1,null,null
(not set),20251230一輪播,遠雄THE ONE-高雄市前鎮區新成屋/新建案-預約賞屋,/buildings/o1/,0,1,0,null,null
(not set),(not set),熱銷建案一覽：遠雄全台預售屋、新建案、新成屋資訊,/case/search/,0,1,0,null,null
(not set),20260213一輪播,遠雄一靚-洪梓芸-遠雄房地產 Farglory-Realty,/eh2/B5986,0,1,1,null,null
(not set),20251230一輪播,財經M平方 彙整 - 遠雄房地產,/life-proposal-category/expert_point/macro_micro/,0,1,0,null,null
(not set),20260213一輪播,台經院產經資料庫總監、APIAA院士  劉佩真 彙整 - 遠雄房地產,/life-proposal-category/expert_point/pei_zhen/,0,1,1,null,null
(direct) / (none),(direct),北士科爆840億商辦案量，搶攻輝達、金仁寶供應鏈需求 | 建案熱區巡禮 - 遠雄房地產,/life-proposal/5vo1-1/,0,1,1,null,null
(not set),20260213一輪播,冷氣清潔與保養全攻略：DIY七步驟維持涼爽 - 遠雄房地產,/life-proposal/air_condition20220617/,0,1,0,null,null
(direct) / (none),(direct),高雄楠梓區高大特區生活圈 | 建案熱區巡禮 - 遠雄房地產,/life-proposal/area-kaohsiung-nanzi_nuk_function_20250211/,0,1,1,null,null
(not set),桃園龜山,建案熱區巡禮：桃園龜山重大建設帶動發展利多 - 遠雄房地產,/life-proposal/area-l-taoyuan-guishan/,0,1,0,null,null
(not set),20251209一輪播,建案熱區巡禮：5G AIoT 產能爆發！亞洲新灣區翻轉高雄，型塑智慧港灣豪宅聚落 - 遠雄房地產,/life-proposal/area-s-kaohsiung-newbay_20220824/,0,1,1,null,null
(not set),台中西屯,台中西屯七期重劃區核心生活圈 | 建案熱區巡禮 - 遠雄房地產,/life-proposal/area-txg-7th_function_20231107/,0,1,0,null,null
docs.google.com / referral,(referral),台南預售屋全攻略：最新行情、熱門區域房價與建案挑選祕訣 - 遠雄房地產,/life-proposal/area_presold-house-in-tainan/,0,1,1,null,null
(not set),20260213一輪播,新成屋、預售屋簽約注意事項–「首購族看房買屋攻略」 - 遠雄房地產,/life-proposal/contract/,0,1,0,null,null
(not set),20260213一輪播,地震來的時候你家安全嗎? 一次搞懂抗震建築 - 遠雄房地產,/life-proposal/earthquake/,0,1,0,null,null
line / bh11,20260113-12-4,2025年中台灣房市潛力區域專題報導 -10大優質投資區域分析｜何世昌觀點 - 遠雄房地產,/life-proposal/expert_hoshichang_central-potential/,0,1,1,null,null
(not set),20251230一輪播,預售屋買賣契約簽約時應注意「契約審閱期」｜永然法律不動產專欄 - 遠雄房地產,/life-proposal/expert_law_y-rlee_contract_20250613/,0,1,1,null,null
(not set),20251230一輪播,財經M平方觀點：去庫存壓力來襲，2 個訊號看製造業何時落底 - 遠雄房地產,/life-proposal/expert_macromicro20220726/,0,1,1,null,null
(not set),20260213一輪播,修繕小知識：自己的浴室自己修！水龍頭、馬桶故障簡易排除法【居家百科】 - 遠雄房地產,/life-proposal/fixbathroom/,0,1,0,null,null
(not set),高雄全區,六都交易量比重衝高：從買賣移轉棟數看見房市的弦外之音｜何世昌觀點 - 遠雄房地產,/life-proposal/housing-transactions/,0,1,0,null,null
(not set),20251107一輪播,遠雄聯手蘇喻哲打造高雄科工館「健康宅」遠雄琢蘊，遠雄左岸串連1300公頃河邊綠地,/life-proposal/natural-design/,0,1,1,null,null
(not set),20260213一輪播,記住銀行授信 5P 原則，首購族提高貸款成數與利率談判力的關鍵指南 - 遠雄房地產,/life-proposal/pre_mortgage_20221215/,0,1,0,null,null
(not set),桃園,建案熱區巡禮：桃園青埔大翻身！視野廣闊心也寬裕的首選住所 - 遠雄房地產,/life-proposal/qingpu/,0,1,0,null,null
(not set),(not set),樓梯間與梯廳公共設施：建築法規與容積計算完整解析 - 遠雄房地產,/life-proposal/regulations2_20230320/,0,1,0,null,null
(not set),20260213一輪播,退休以後怎麼住？你適合青銀共居、養生村還是全齡宅？ - 遠雄房地產,/life-proposal/retiredlife_20230220/,0,1,0,null,null
google / organic,(organic),小坪數空間利用，聰明收納有一套 - 遠雄房地產,/life-proposal/space_storage_20230428/,0,1,1,null,null
farglory.surveycake.com / referral,(referral),隱私權聲明 - 遠雄房地產,/privacy/,0,1,1,null,null
fgr-line / eh6,20260220,隱私權聲明 - 遠雄房地產,/privacy/,0,1,1,null,null
google / cpc,Pmax,黃郁恬業務個人介紹 - 遠雄丰尚,/sales/bh11/G0335/,0,1,1,null,null
fb / ar1,fb8-7,熱銷建案一覽：遠雄全台預售屋、新建案、新成屋資訊,/case/search/,1,1,1,1,3