Google自然搜尋到達頁面,Google自然搜尋曝光次數,% Δ,Google自然搜尋點擊次數,% Δ,Google自然搜尋點擊率,% Δ,Google自然搜尋平均排名,% Δ
https://www.farglory-realty.com.tw/life-proposal/gift_tax/,38330,-0.1779793690621716,2902,-0.05194380921267559,0.07571093138533785,0.15332408349131613,5.528828593790765,-0.2473630398737948
https://www.farglory-realty.com.tw/life-proposal/floor_height/,25798,-0.055433509080257765,462,-0.21025641025641026,0.017908364989534072,-0.16390894941170164,4.268664237537793,-0.16613674127317576
https://www.farglory-realty.com.tw/case/search/,22304,0.029969983837450934,372,0.010869565217391304,0.016678622668579626,-0.018544636173663642,9.09711262553802,-0.12570854326444333
https://www.farglory-realty.com.tw/life-proposal/land_household_registration/,21244,-0.23304090400375466,1044,-0.23516483516483516,0.04914328751647524,-0.002769288704140913,6.720532856335907,-0.19528963382016767
https://www.farglory-realty.com.tw/life-proposal/regulations_20230317/,16727,-0.21734044544263523,520,-0.23529411764705882,0.03108746338255515,-0.02293931262945788,6.50164404854427,-0.09788264230677057
https://www.farglory-realty.com.tw/life-proposal/land_zoning/,16674,-0.08505267778753292,456,-0.17391304347826086,0.02734796689456639,-0.09712074513301101,6.942425332853545,-0.24997919658347711
https://www.farglory-realty.com.tw/life-proposal/kw_brand_construction_20240109/,13971,-0.23855461085676913,381,-0.34536082474226804,0.027270775177152675,-0.14026772688935177,6.148951399327178,-0.03138851211093128
https://www.farglory-realty.com.tw/life-proposal/regulations2_20230320/,13282,-0.13110035326442496,413,-0.22803738317757008,0.03109471465140792,-0.11156297539921226,5.825779250112935,-0.20754554693861393
https://www.farglory-realty.com.tw/buildings/h713/,12224,0.07096548098826003,312,0.20463320463320464,0.025523560209424083,0.12481048737593242,6.5793520942408374,-0.09765542627529412
https://www.farglory-realty.com.tw/life-proposal/trip/,11167,-0.25023499395729826,107,-0.3515151515151515,0.009581803528252887,-0.13508253484970598,8.409510163875705,-0.15882307333267467
https://www.farglory-realty.com.tw/,10759,0.03312848089110813,298,-0.16526610644257703,0.027697741425783066,-0.1920328313498464,10.66102797657775,-0.14965231077655478
https://www.farglory-realty.com.tw/life-proposal/area_txg_beitun_14th_function_20250829/,9799,,58,,0.005918971323604449,,30.00163281967548,
https://www.farglory-realty.com.tw/buildings/o1/,9697,-0.08120144021224181,112,-0.3253012048192771,0.011549963906362792,-0.2656727767002836,7.370011343714551,-0.03850404556894648
https://www.farglory-realty.com.tw/life-proposal/house-layout/,9005,-0.07811220311220311,179,-0.06770833333333333,0.01987784564131038,0.01128539700166568,8.26918378678512,-0.3031791089372822
https://www.farglory-realty.com.tw/life-proposal/glass-fix/,8986,0.05829702037451419,129,-0.21818181818181817,0.01435566436679279,-0.26124881128219646,4.813042510572001,-0.31024078115635945
https://www.farglory-realty.com.tw/life-proposal/expert_li_homeowners_20250410/,8759,-0.5528384725342046,132,-0.3888888888888889,0.015070213494691174,0.3666451015463459,7.222285649046695,-0.07788990161956286
https://www.farglory-realty.com.tw/contact_service/join_farglory/,8651,0.034932408182796984,31,-0.24390243902439024,0.0035834007629175816,-0.2694232444578521,9.13697838400185,-0.021786155822182414
https://www.farglory-realty.com.tw/life-proposal/house_and_land/,8602,-0.26909677967541845,584,-0.11515151515151516,0.06789118809579167,0.210623322271776,12.537433155080214,-0.32192563255544865
https://www.farglory-realty.com.tw/life-proposal/expert_zhu_property_scam_20240604/,8301,-0.06876822975095355,288,-0.367032967032967,0.03469461510661366,-0.3202905515157052,6.142994819901217,-0.2102876287193619
https://www.farglory-realty.com.tw/life-proposal/expert_macromicro_2025econ_20250730/,7944,-0.6108934169278997,92,-0.7022653721682848,0.011581067472306143,-0.23482500480711255,5.734264853977845,-0.28622359246163986
https://www.farglory-realty.com.tw/life-proposal/area-txg-7th_function_20231107/,7607,0.2665667665667666,49,0.96,0.006441435519915867,0.5474904693045878,8.360588931247534,-0.12652082869043974
https://www.farglory-realty.com.tw/about/telecreative_marketing/,7546,0.5353001017293998,84,-0.16831683168316833,0.011131725417439703,-0.4582927680523155,9.835409488470713,-0.08781889544610702
https://www.farglory-realty.com.tw/case/,7365,0.07189637607335177,7,1.3333333333333333,0.0009504412763068567,1.1768273365014708,9.202715546503734,0.013753463302452355
https://www.farglory-realty.com.tw/life-proposal/taxes/,6900,-0.19599161034723842,563,-0.020869565217391306,0.08159420289855072,0.21781121613106497,8.551304347826086,-0.370838422253856
https://www.farglory-realty.com.tw/life-proposal/expert_zhu_loan-restriction2_20250219/,6637,0.0323533986623114,189,-0.22857142857142856,0.028476721410275727,-0.25274758389117286,7.173421726683743,-0.13989577797329705
https://www.farglory-realty.com.tw/buildings/h707/,6567,0.1888124547429399,191,0.12352941176470589,0.02908481802954165,-0.054914501204776055,6.937718897517892,-0.07917155169781019
https://www.farglory-realty.com.tw/buildings/ah2/,6415,-0.2802647817794233,133,-0.2810810810810811,0.020732657833203428,-0.0011341661224748747,6.703039750584567,-0.16263674809440706
https://www.farglory-realty.com.tw/life-proposal/build_rate/,6258,0.06883005977796755,81,-0.19801980198019803,0.012943432406519654,-0.24966537881017253,7.437679769894535,-0.4154290213741526
https://www.farglory-realty.com.tw/life-proposal/gift_tax/#elementor-toc__heading-anchor-0,6007,-0.105835069961298,1,-0.5,0.000166472448809722,-0.4408190444481438,5.306475778258698,-0.06997197364164953
https://www.farglory-realty.com.tw/life-proposal/gift_tax/#elementor-toc__heading-anchor-1,6007,-0.10623419134057432,1,-0.5,0.000166472448809722,-0.4405693357749292,5.306475778258698,-0.07011462414150521
https://www.farglory-realty.com.tw/life-proposal/gift_tax/#elementor-toc__heading-anchor-2,6005,-0.10613277761238464,0,-1,0,-1,5.305245628642798,-0.07035734432619555
https://www.farglory-realty.com.tw/life-proposal/expert_thinktank_nvidia_20250729/,5979,0.10090222795065365,74,-0.3018867924528302,0.012376651613982272,-0.3658717460798328,7.2615822043820035,-0.7054275591607572
https://www.farglory-realty.com.tw/life-proposal/expert_zhu_mansion-tax-definition_vedio_20250523/,5969,-0.05688102385842945,399,-0.2542056074766355,0.06684536773328865,-0.20922554694582454,5.018428547495393,-0.018066089250654158
https://www.farglory-realty.com.tw/life-proposal/expert_macromicro_golden_20241119/,5833,0.15734126984126984,111,-0.2550335570469799,0.019029658837647866,-0.35631221112922656,9.236070632607577,0.07881517505254326
https://www.farglory-realty.com.tw/life-proposal/area-s-tph_banqiao_tpark_function_20250314/,5748,-0.03783059926347506,137,-0.09271523178807947,0.02383437717466945,-0.05704258780479944,6.469032707028532,-0.09825696171480852
https://www.farglory-realty.com.tw/buildings/bh10/,5601,-0.11193911526874901,122,-0.17567567567567569,0.021781824674165326,-0.07177048500026546,6.71701481878236,-0.09623013414271263
https://www.farglory-realty.com.tw/life-proposal/kw_delivery_20230607/,5226,-0.3462596947710783,308,-0.04643962848297214,0.05893608878683505,0.45862258130637584,6.969383849980865,-0.3628183206566209
https://www.farglory-realty.com.tw/life-proposal/retiredlife_20230220/,4925,-0.3034931409984444,101,-0.495,0.02050761421319797,-0.2749532994923858,8.616446700507614,-0.1836904669361129
https://www.farglory-realty.com.tw/life-proposal/area-tpe-beitou_bstp_traffic_20240705/,4841,-0.1554431263084438,87,-0.1792452830188679,0.017971493493079943,-0.028183012242129962,6.883495145631068,-0.2020830719578297
https://www.farglory-realty.com.tw/life-proposal/expert_zhu_property_openspace_20240705/,4810,0.12435717625058439,148,0.006802721088435374,0.03076923076923077,-0.10455259026687591,5.9365904365904365,-0.1005548276054014
https://www.farglory-realty.com.tw/activity_report/activities_glance/,4786,-0.07784200385356455,8,0.14285714285714285,0.001671541997492687,0.23932899528386367,10.43021312160468,0.012433719255036526
https://www.farglory-realty.com.tw/life-proposal/home-inspection/,4783,-0.3363396697655058,142,0.11811023622047244,0.029688480033451807,0.6847628000085606,18.188793644156387,-0.27069151838793
https://www.farglory-realty.com.tw/case/wom_recommendation/,4766,0.6805359661495064,1,,0.000209819555182543,,10.471674360050356,-0.03965630302991814
https://www.farglory-realty.com.tw/life-proposal/actual_selling_price20220708/,4753,-0.15876106194690265,217,-0.21660649819494585,0.045655375552282766,-0.06876219541372701,8.784767515253524,-0.20951223206003586
https://www.farglory-realty.com.tw/activity_report/,4726,0.7006117308384311,1,0,0.00021159542953872197,-0.4119763013118916,10.499788404570461,-0.010213297954500974
https://www.farglory-realty.com.tw/life-proposal/expert_peizhen_property-2025q2_20250707/,4702,-0.6141790432427997,73,-0.48951048951048953,0.015525308379413016,0.32312540713221277,7.293066780093577,-0.035834799433736665
https://www.farglory-realty.com.tw/life-proposal/expert_zhu_marriage_20230614/,4685,-0.30858913813459266,121,-0.5120967741935484,0.02582710779082177,-0.29433676455399865,9.984204909284951,-0.04434155744554708
https://www.farglory-realty.com.tw/life-proposal/ping/,4593,-0.29371059510994924,145,-0.1853932584269663,0.031569780100152406,0.1533611235465792,8.751143043762248,-0.34851310544022
https://www.farglory-realty.com.tw/buildings/bh8/,4542,-0.0067789197463371965,254,-0.045112781954887216,0.05592250110083664,-0.03859549799200776,5.746147071774549,-0.1558633248988079
https://www.farglory-realty.com.tw/buildings/eh1/,4530,-0.2653259811871554,135,0.20535714285714285,0.029801324503311258,0.6406693472090824,7.198233995584989,-0.20279639305294944
https://www.farglory-realty.com.tw/life-proposal/expert_hoshichang_video_property_price_20250801/,4466,-0.6859573869629422,40,-0.8086124401913876,0.008956560680698611,-0.39056818449657915,8.034258844603672,-0.6083475760504418
https://www.farglory-realty.com.tw/buildings/bh5/,4461,-0.1072643586151691,134,0.05511811023622047,0.030038108047522976,0.1818931174289159,6.026451468280655,-0.19594750788993048
https://www.farglory-realty.com.tw/life-proposal/pre_mortgage_20221215/,4358,0.13756199425737406,323,0.25680933852140075,0.07411656723267554,0.10482711699758761,2.913951353832033,-0.5089580524091442
https://www.farglory-realty.com.tw/buildings/eh2/,4337,-0.2090096662411089,487,-0.4376443418013857,0.11228960110675582,-0.2890486341012215,5.628314503112751,-0.05392414174048217
https://www.farglory-realty.com.tw/buildings/dh2/,4321,-0.2388585520521402,122,-0.18666666666666668,0.02823420504512844,0.06857054694129436,6.356398981717195,-0.10445036434187427
https://www.farglory-realty.com.tw/buildings/bh9/,4289,-0.44044357469015005,83,-0.056818181818181816,0.019351830263464678,0.6855883973801903,7.292608999766846,-0.0614394952194894
https://www.farglory-realty.com.tw/life-proposal/transcript_20221007/,4046,0.20166320166320167,83,-0.011904761904761904,0.02051408798813643,-0.17772697314219812,7.977755808205635,-0.35361671464461514
https://www.farglory-realty.com.tw/life-proposal/expert_zhu_hypothec_20230815/,3837,-0.2190107877060859,91,-0.28346456692913385,0.023716445139431847,-0.08252838606276644,13.459994787594475,-0.26318713769970303
https://www.farglory-realty.com.tw/life-proposal/area-kaohsiung-nanzi_nuk_function_20250211/,3812,-0.09173218965928044,99,-0.31724137931034485,0.025970619097586568,-0.24828490791330463,6.924711437565582,-0.10512011874672081
https://www.farglory-realty.com.tw/life-proposal/area-s-taipei-shilinbstp20220520/,3806,-0.08619447779111644,33,-0.34,0.008670520231213872,-0.2777456647398845,8.555964266946926,-0.16157468480262696
https://www.farglory-realty.com.tw/life-proposal/land_fund/,3773,-0.11660032779208616,107,-0.47549019607843135,0.028359395706334483,-0.4062599065600266,7.870924993373973,-0.19931593076812582
https://www.farglory-realty.com.tw/life-proposal/ratio_of_public_area/,3752,-0.04187946884576098,57,-0.12307692307692308,0.015191897654584221,-0.08474659668689513,7.023454157782516,-0.27305810805137226
https://www.farglory-realty.com.tw/wp-content/uploads/2022/05/%E5%81%9C%E8%BB%8A%E5%A0%B4%E7%9B%B8%E9%97%9C%E8%BE%A6%E6%B3%95.pdf,3720,-0.0053475935828877,264,-0.022222222222222223,0.07096774193548387,-0.016965352449223366,6.725,-0.07056280255718564
https://www.farglory-realty.com.tw/life-proposal/area-l-taichung-beitun20220520/,3653,-0.5653260352213232,11,-0.26666666666666666,0.003011223651793047,0.6870882379779177,12.69066520667944,-0.052879924010638596
https://www.farglory-realty.com.tw/life-proposal/expert_zhu_property_parking_vedio_20240828/,3624,0.0581021897810219,81,-0.11956521739130435,0.022350993377483443,-0.16791138784912177,7.782560706401766,-0.20635769608092513
https://www.farglory-realty.com.tw/buildings/eh5/,3551,-0.1931379231992729,60,0.2765957446808511,0.01689664883131512,0.582173436311018,7.130667417628837,-0.22820227478457217
https://www.farglory-realty.com.tw/life-proposal/construction-base/,3533,0.005979498861047836,79,-0.1595744680851064,0.022360600056609115,-0.16456992128924247,11.042456835550524,-0.3109255791319573
https://www.farglory-realty.com.tw/life-proposal/handover202206010/,3372,-0.1415478615071283,72,0.014084507042253521,0.021352313167259787,0.18129417071825984,7.675266903914591,-0.21838513951631983
https://www.farglory-realty.com.tw/life-proposal/5vo1-1/,3357,,45,,0.013404825737265416,,29.24545725350015,
https://www.farglory-realty.com.tw/life-proposal/expert_zhu_presale_20230314/,3294,2.010968921389397,29,-0.3958333333333333,0.008803885853066181,-0.7993447682655332,4.273224043715847,-0.6416871998294522
https://www.farglory-realty.com.tw/life-proposal/area-l-taoyuan-guishan/,3151,,31,,0.009838146620120596,,19.44398603617899,
https://www.farglory-realty.com.tw/life-proposal/area-txg-port_function_20240103/,3080,-0.19708029197080293,56,-0.2328767123287671,0.01818181818181818,-0.04458281444582824,7.857467532467532,-0.08290496395833209
https://www.farglory-realty.com.tw/buildings/bh7/,3057,3.2875175315568024,393,1.0153846153846153,0.12855740922473013,-0.5299413703731662,3.439319594373569,-0.12294890172090318
https://www.farglory-realty.com.tw/life-proposal/area-kaohsiung-nanzi_nuk_pet-cafe_20250613/,3032,-0.4800205796604356,81,-0.4873417721518987,0.02671503957783641,-0.014079773554657608,8.716688654353561,-0.06423500361706276
https://www.farglory-realty.com.tw/life-proposal-category/expert_point/pei_zhen/,2963,-0.30916297505245977,75,-0.17582417582417584,0.02531218359770503,0.1930104994566689,7.518393520080999,0.15752709482473276
https://www.farglory-realty.com.tw/wp-content/uploads/2022/05/%E5%9E%83%E5%9C%BE%E7%92%B0%E5%A2%83%E5%AF%B5%E7%89%A9%E7%9B%B8%E9%97%9C%E8%BE%A6%E6%B3%95.pdf,2960,-0.07035175879396985,156,-0.060240963855421686,0.052702702702702706,0.010875936177141115,7.992905405405406,0.011261655042947242
https://www.farglory-realty.com.tw/life-proposal/expert_hoshichang_northern-potential/,2949,,79,,0.026788741946422515,,18.019328585961343,
https://www.farglory-realty.com.tw/life-proposal/expert_zhu_mansion-tax-count_vedio_20250625/,2875,-0.04927248677248677,132,0.5529411764705883,0.04591304347826087,0.6334240409207161,7.088695652173913,-0.11295970983307489
https://www.farglory-realty.com.tw/buildings/cqh1/,2872,-0.24261603375527427,80,-0.3939393939393939,0.027855153203342618,-0.19979741706761203,5.5814763231197775,-0.045333413745142305
https://www.farglory-realty.com.tw/life-proposal/expert_zhu_public-area_20230718/,2778,-0.036420395421436005,57,-0.19718309859154928,0.020518358531317494,-0.16683904724241783,6.304535637149028,-0.27712471198295235
https://www.farglory-realty.com.tw/life-proposal/expert_zhu_eht_20250625/,2738,-0.015815959741193385,71,0.2909090909090909,0.025931336742147554,0.311654160302809,6.308619430241052,-0.2281727756308278
https://www.farglory-realty.com.tw/life-proposal/area-s-taoyuan-green20220520/,2687,-0.20172311348781938,41,-0.21153846153846154,0.015258652772608858,-0.012295668603818895,7.195385187941943,-0.338423159807354
https://www.farglory-realty.com.tw/life-proposal/ease_greenbuilding_20230608/,2680,0.18374558303886926,63,-0.1,0.023507462686567164,-0.23970149253731346,6.9220149253731345,-0.3003820628997867
https://www.farglory-realty.com.tw/buildings/bh11/,2620,10.196581196581196,402,3.6744186046511627,0.1534351145038168,-0.582513758210545,4.141603053435114,0.44647032015495025
https://www.farglory-realty.com.tw/life-proposal/area-s-newtaipei-xinzhuangfuduxin_20220930/,2538,-0.04190260475651189,16,0.3333333333333333,0.006304176516942475,0.39164696611505123,7.497241922773838,-0.3966584484179027
https://www.farglory-realty.com.tw/life-proposal/area_txg_beitun_14th_school_20240917/,2504,0.034283353985956215,36,0.2,0.01437699680511182,0.16022364217252386,8.7879392971246,-0.1432183860205115
https://www.farglory-realty.com.tw/life-proposal/expert_zhu_property_offset-2_20241220/,2457,0.017812758906379452,253,0.10964912280701754,0.10297110297110297,0.09022913408878316,5.1782661782661785,-0.26434000974961425
https://www.farglory-realty.com.tw/life-proposal/area-l-newtaipei-zhonghe_20220923/,2439,-0.14511041009463724,75,-0.2268041237113402,0.03075030750307503,-0.0955605432342983,8.760557605576055,-0.3511624607692301
https://www.farglory-realty.com.tw/life-proposal/kw_meterspolicy_20240513/,2376,3.0615384615384613,68,10.333333333333334,0.02861952861952862,1.7904040404040407,8.041666666666668,-0.45951573988970584
https://www.farglory-realty.com.tw/life-proposal/2021-10/,2365,-0.06001589825119237,28,-0.2631578947368421,0.011839323467230444,-0.21611216201179484,6.9906976744186045,-0.5047000831055952
https://www.farglory-realty.com.tw/life-proposal/expert_peizhen_2024review_20250107/,2355,-0.5502291825821237,21,-0.5333333333333333,0.008917197452229299,0.037565463552724686,8.336730360934183,-0.1885202228983606
https://www.farglory-realty.com.tw/wp-content/uploads/2022/05/%E7%A4%BE%E5%8D%80%E8%A3%9D%E6%BD%A2%E7%AE%A1%E7%90%86%E8%BE%A6%E6%B3%95_compressed-1.pdf,2320,-0.03893951946975974,133,0.047244094488188976,0.05732758620689655,0.08967553624762413,8.40603448275862,-0.21787753935712817
https://www.farglory-realty.com.tw/life-proposal/area-s-kaohsiung-farm1620200520/,2318,-0.050389184760344125,35,0.2962962962962963,0.015099223468507334,0.36508164765282963,9.076358930112166,-0.1947593171329579
https://www.farglory-realty.com.tw/life-proposal/air_condition20220617/,2286,-0.47229916897506924,26,-0.5185185185185185,0.011373578302712161,-0.08758627393797999,14.108048993875766,-0.36867479039037027
https://www.farglory-realty.com.tw/life-proposal/area_tnnyongkang_redevelop_yanxing_20230901/,2282,-0.2711593740019163,37,-0.27450980392156865,0.01621384750219106,-0.004596930796858652,7.3111305872042065,-0.1618340643500285
https://www.farglory-realty.com.tw/life-proposal/expert_zhu_property_loan-ratio_vedio_20250131/,2193,-0.06000857265323618,36,-0.42857142857142855,0.016415868673050615,-0.3920917204090939,8.308253533971728,-0.025972085690651348
https://www.farglory-realty.com.tw/life-proposal/area-l-taichung-xitun20220520/,2182,-0.21959942775393418,8,0.14285714285714285,0.0036663611365719525,0.46444939112216843,10.323556370302475,-0.21306805857781566
https://www.farglory-realty.com.tw/life-proposal/area_txg_beitun_14th_traffic_20240925/,2171,-0.2350246652572234,11,-0.47619047619047616,0.005066789497927222,-0.31525959070869247,7.1483187471211425,-0.19855692314898263
https://www.farglory-realty.com.tw/life-proposal/kw_brand_construction_20240109/#elementor-toc__heading-anchor-3,2170,-0.13338658146964857,0,,0,,7.473732718894009,0.13972148161453107
https://www.farglory-realty.com.tw/life-proposal/expert_zhu_expert_zhu_land-agent_20250917/,2132,,31,,0.014540337711069419,,33.37523452157598,
https://www.farglory-realty.com.tw/life-proposal/yongkang/,2125,-0.19293581466008355,24,0.3333333333333333,0.011294117647058824,0.6520784313725491,10.263529411764706,-0.22727116146698872
https://www.farglory-realty.com.tw/life-proposal/area-txg-7th_traffic_20250103/,2120,0.09278350515463918,7,-0.2222222222222222,0.0033018867924528303,-0.2882599580712788,8.79056603773585,-0.17411506062242488
https://www.farglory-realty.com.tw/life-proposal/house_and_land/#elementor-toc__heading-anchor-3,2119,-0.11781848459616986,0,,0,,3.4997640396413403,-0.006918697788718373
https://www.farglory-realty.com.tw/life-proposal/house_and_land/#elementor-toc__heading-anchor-2,2117,-0.11754897874114215,1,,0.0004723665564478035,,3.493150684931507,-0.010033255386806248
https://www.farglory-realty.com.tw/life-proposal/civil-law_20221125/,2093,-0.19438029253271746,56,-0.13846153846153847,0.026755852842809364,0.06941085670182663,7.626373626373627,-0.2269783199516725
https://www.farglory-realty.com.tw/life-proposal/area-kaohsiung-nanzi_nuk_pet-walk_20250606/,2080,-0.08248786943096603,47,-0.12962962962962962,0.022596153846153846,-0.05137998575498582,8.74951923076923,-0.0636283767099161
https://www.farglory-realty.com.tw/buildings/fm3/,2049,-0.13943721125577488,124,-0.28735632183908044,0.06051732552464617,-0.17188648233228426,7.238164958516349,-0.2763962393992766
https://www.farglory-realty.com.tw/life-proposal/area-tpe-beitou_bstp_function_202406012/,2046,0.13793103448275862,15,0.07142857142857142,0.007331378299120235,-0.05844155844155835,8.374877810361681,-0.22850546659338536
https://www.farglory-realty.com.tw/life-proposal/kw_equity_20230605/,2033,-0.024940047961630695,14,-0.17647058823529413,0.006886374815543532,-0.15540638291716094,8.168224299065422,-0.32358615999875273
https://www.farglory-realty.com.tw/life-proposal/area_txg_beitun_depot_school_20240522/,1996,0.12832108535895986,54,0.17391304347826086,0.027054108216432865,0.04040690075803779,8.048096192384769,-0.04217692651179657
https://www.farglory-realty.com.tw/life-proposal/house_and_land/#elementor-toc__heading-anchor-1,1989,-0.10966875559534467,1,,0.0005027652086475615,,3.465560583207642,-0.007936655191456607
https://www.farglory-realty.com.tw/life-proposal/building_materials/,1983,-0.005516549648946841,33,0.2222222222222222,0.01664145234493192,0.22900207317756488,7.308119011598588,-0.3488946289653016
https://www.farglory-realty.com.tw/buildings/dh5/,1979,,95,,0.048004042445679636,,5.369378473976756,
https://www.farglory-realty.com.tw/life-proposal/kw_brand_construction_20240109/#elementor-toc__heading-anchor-0,1957,-0.15281385281385282,0,,0,,7.382728666326009,0.134293529711545
https://www.farglory-realty.com.tw/life-proposal/natural_lighting20220708/,1901,-0.14791573285522186,55,-0.48598130841121495,0.028932140978432403,-0.39675134090763836,3.2183061546554446,-0.3239132739137197
https://www.farglory-realty.com.tw/life-proposal/concrete/,1899,-0.19397283531409168,16,-0.23809523809523808,0.00842548709847288,-0.05474059028561415,7.3823064770932065,-0.3749249214723596
https://www.farglory-realty.com.tw/life-proposal/expert_law_y-rlee_contract_20250613/,1899,0.7138989169675091,73,0.6976744186046512,0.038441284886782515,-0.009466426638255289,6.051079515534492,-0.512605691828132
https://www.farglory-realty.com.tw/buildings/bh6/,1879,-0.2222682119205298,27,-0.34146341463414637,0.014369345396487493,-0.1532600371240541,8.196381053751995,-0.1446761996430191
https://www.farglory-realty.com.tw/life-proposal/land_handover/,1862,-0.3005259203606311,63,-0.5116279069767442,0.03383458646616541,-0.3018010141633153,7.73952738990333,-0.3531561988030937
https://www.farglory-realty.com.tw/life-proposal/land_public_utilities/,1851,-0.07542457542457542,55,-0.16666666666666666,0.02971366828741221,-0.09868539528182962,8.57266342517558,0.1058293928609221
https://www.farglory-realty.com.tw/life-proposal/area-l-tainan-annan20200520/,1844,0.02387562465297057,30,0.7647058823529411,0.016268980477223426,0.7235549317340818,9.842190889370933,-0.3646671759226864
https://www.farglory-realty.com.tw/life-proposal/rental_housing_20230106/,1837,-0.6664245505719992,19,-0.4722222222222222,0.010342950462710943,0.5821841166152545,31.00544365813827,-0.3860804878890594
https://www.farglory-realty.com.tw/life-proposal/expert_zhu_private-corporation_20231114/,1826,-0.25590872045639773,50,-0.2753623188405797,0.027382256297918947,-0.026144102100100097,6.120481927710843,-0.2487539313458505
https://www.farglory-realty.com.tw/life-proposal/area-hotspot-tnn-yongkang_park_20231207/,1802,-0.11143984220907298,27,0.038461538461538464,0.014983351831298557,0.16870144284128746,7.219200887902331,-0.1403593799151002
https://www.farglory-realty.com.tw/life-proposal/13856/,1799,-0.2731313131313131,32,-0.1794871794871795,0.017787659811006114,0.1288322572369264,5.916064480266815,-0.3575138399008176
https://www.farglory-realty.com.tw/life-proposal/area_hotspot_tnn_yongkang_school_20231216/,1762,0.7073643410852714,7,2.5,0.003972758229284903,1.04994324631101,9.69182746878547,-0.04969444676611813
https://www.farglory-realty.com.tw/buildings/dh5/?utm_source=googlemap&utm_medium=dh5&utm_campaign=googlemap,1751,0.9390919158361019,2,-0.5,0.001142204454597373,-0.7421473443746431,6.195316961736151,-0.08960598593201878
https://www.farglory-realty.com.tw/life-proposal/land_documents/,1722,-0.3333333333333333,33,-0.5352112676056338,0.01916376306620209,-0.3028169014084508,11.010452961672474,-0.3491990846681922
https://www.farglory-realty.com.tw/life-proposal/area-txg-7th_school_20241226/,1718,0.20815752461322082,13,-0.13333333333333333,0.007566938300349243,-0.2826542491268917,8.78987194412107,-0.12593021646572292
https://www.farglory-realty.com.tw/life-proposal/area_hotspot_khh_sanmin_school_20231023/,1717,-0.15915768854064644,8,-0.3333333333333333,0.004659289458357601,-0.20714424383614827,8.007571345369831,0.02942965797312989
https://www.farglory-realty.com.tw/life-proposal/earthquake/,1715,-0.1841103710751665,20,-0.4444444444444444,0.011661807580174927,-0.31908001295756394,8.174344023323616,-0.3782126678357733
https://www.farglory-realty.com.tw/life-proposal/area_txg_beitun_14th_park_20240909/,1711,-0.1323529411764706,9,-0.7096774193548387,0.005260081823495032,-0.665390924002187,7.09760374050263,-0.22418521277805067
https://www.farglory-realty.com.tw/life-proposal/expert_hoshichang_property_south-prices_20250404/,1709,-0.4436848958333333,28,-0.391304347826087,0.016383850204798128,0.09415625715521408,9.162668227033352,-0.1169343751075621
https://www.farglory-realty.com.tw/life-proposal/area-l-kaohsiung-qianzhen_20220805/,1705,-0.11977284460505937,28,0.2727272727272727,0.016422287390029325,0.4459077579312183,9.324340175953079,-0.22045634594410143
https://www.farglory-realty.com.tw/life-proposal/area-s-khh-central_20240502/,1700,-0.24242424242424243,28,-0.3333333333333333,0.01647058823529412,-0.11999999999999987,8.17235294117647,-0.1486974282796398
https://www.farglory-realty.com.tw/life-proposal/area-s-tph_banqiao_tpark_park_20250411/,1696,-0.16122650840751732,23,-0.14814814814814814,0.013561320754716982,0.015592243186582873,8.617924528301888,-0.08011173540482405
https://www.farglory-realty.com.tw/life-proposal/tax_inspection_20230119/,1696,-0.06246545052515202,82,-0.3787878787878788,0.04834905660377359,-0.33739815608919377,6.9209905660377355,-0.10263245886164973
https://www.farglory-realty.com.tw/life-proposal/kw_brand_construction_20240109/#elementor-toc__heading-anchor-1,1685,-0.08324265505984767,0,,0,,7.43679525222552,0.10840331443322299
https://www.farglory-realty.com.tw/life-proposal/exposed_concrete_20220914/,1662,-0.06994963626189143,16,-0.058823529411764705,0.009626955475330927,0.011962907906845033,8.315884476534297,-0.4034568841248128
https://www.farglory-realty.com.tw/life-proposal/area-tph_banqiao_school_20240902/,1641,-0.058519793459552494,9,-0.1,0.005484460694698354,-0.04405850091407688,8.87263863497867,-0.09007948100918908
https://www.farglory-realty.com.tw/life-proposal/parking_space20220615/,1629,-0.2785651018600531,44,-0.043478260869565216,0.027010435850214856,0.3258600902127205,10.123388581952117,-0.19170398097426167
https://www.farglory-realty.com.tw/life-proposal/woodfix/,1617,-0.13575628006413681,51,-0.28169014084507044,0.03153988868274583,-0.16885729964200777,6.486085343228201,-0.1422486798713625
https://www.farglory-realty.com.tw/life-proposal/performance_guarantee_20221914/,1598,-0.3103150625809236,11,-0.725,0.00688360450563204,-0.601267209011264,14.5819774718398,0.055133874715118644
https://www.farglory-realty.com.tw/life-proposal/expert_peizhen_oee_2025h2/,1577,,19,,0.012048192771084338,,36.01585288522511,
https://www.farglory-realty.com.tw/life-proposal/area-l-kaohsiung-nanzi_20250121/,1544,-0.45325779036827196,16,-0.2727272727272727,0.010362694300518135,0.330193122939237,10.005829015544041,-0.193225755484914
https://www.farglory-realty.com.tw/life-proposal/expert_thinktank_nvidia_20250729/#elementor-toc__heading-anchor-0,1542,0.3112244897959184,1,,0.0006485084306095979,,6.014915693904021,0.20708888328176245
https://www.farglory-realty.com.tw/life-proposal/expert_thinktank_nvidia_20250729/#elementor-toc__heading-anchor-1,1542,0.3112244897959184,1,,0.0006485084306095979,,6.014915693904021,0.20708888328176245
https://www.farglory-realty.com.tw/life-proposal/expert_thinktank_nvidia_20250729/#elementor-toc__heading-anchor-2,1541,0.31037414965986393,0,,0,,6.014276443867619,0.20696059692633434
https://www.farglory-realty.com.tw/buildings/ar1/,1538,-0.1507454445057979,81,-0.21359223300970873,0.05266579973992198,-0.07400229777671163,5.38296488946684,-0.3042713806148696
https://www.farglory-realty.com.tw/life-proposal/land_corporation/,1538,-0.2577220077220077,54,-0.5,0.035110533159947985,-0.32639791937581275,6.393368010403121,-0.36604811841714846
https://www.farglory-realty.com.tw/wp-content/uploads/2022/05/%E9%96%80%E7%A6%81%E7%9B%B8%E9%97%9C%E8%BE%A6%E6%B3%95.pdf,1508,-0.07484662576687116,80,-0.23076923076923078,0.05305039787798409,-0.1685370332585187,8.543103448275861,-0.31594740773740465
https://www.farglory-realty.com.tw/life-proposal/area-l-hsinchu-east20240110/,1485,-0.2365038560411311,15,0,0.010101010101010102,0.3097643097643099,10.490235690235691,-0.1694749697761868
https://www.farglory-realty.com.tw/life-proposal/kw_brand_construction_20240109/#elementor-toc__heading-anchor-2,1480,-0.10843373493975904,0,,0,,7.319594594594594,0.09336156096706802
https://www.farglory-realty.com.tw/life-proposal/area-kaohsiung-nanzi_nuk_school_20250225/,1463,-0.03876478318002628,36,0.16129032258064516,0.02460697197539303,0.20812294666284492,8.016404647983595,-0.19993653283730944
https://www.farglory-realty.com.tw/life-proposal/space_design_greencooldown_20240903/,1455,-0.07560355781448538,67,-0.22093023255813954,0.04604810996563574,-0.1572124990010388,6.858419243986254,-0.21209022041935893
https://www.farglory-realty.com.tw/life-proposal-category/expert_point/realestate_li/,1450,0.5343915343915344,9,1.25,0.006206896551724138,0.46637931034482744,5.768965517241379,-0.04222199336031208
https://www.farglory-realty.com.tw/life-proposal/area-kaohsiung-nanzi_nuk_function_20250211/#elementor-toc__heading-anchor-1,1444,-0.11735941320293398,3,0.5,0.002077562326869806,0.6994459833795015,4.305401662049862,-0.01044715943894721
https://www.farglory-realty.com.tw/life-proposal/expert_zhu_gift-and-estate-tax_20250509/,1431,0.2926829268292683,50,-0.16666666666666666,0.03494060097833683,-0.3553459119496855,8.16491963661775,-0.2029483211873149
https://www.farglory-realty.com.tw/life-proposal/renovation_loan20220617/,1425,-0.4130971993410214,6,-0.4,0.004210526315789474,0.022315789473684226,41.10315789473684,0.04686269281158332
https://www.farglory-realty.com.tw/life-proposal/area-kaohsiung-nanzi_nuk_function_20250211/#elementor-toc__heading-anchor-0,1422,-0.11235955056179775,0,-1,0,-1,4.260196905766525,-0.00845046592503644
https://www.farglory-realty.com.tw/life-proposal/area-tnn-dawan_function_20231129/,1409,-0.2947947947947948,62,0.05084745762711865,0.0440028388928318,0.4901300357267446,7.043293115684883,-0.22178290963123393
https://www.farglory-realty.com.tw/life-proposal/house_and_land/#elementor-toc__heading-anchor-0,1394,-0.1292941911305434,1,,0.0007173601147776184,,3.4705882352941178,-0.06583527829423624
https://www.farglory-realty.com.tw/life-proposal/area-kaohsiung-nanzi_nuk_function_20250211/#elementor-toc__heading-anchor-2,1385,-0.12397216951296648,1,0,0.0007220216606498195,0.14151624548736455,4.406498194945849,0.0006713079875592227
https://www.farglory-realty.com.tw/life-proposal/expert_law_y-rlee_retention-money_20250704/,1369,-0.13736609955891618,36,0.16129032258064516,0.026296566837107377,0.34621456678998086,6.6975894813732655,-0.030989652024854427
https://www.farglory-realty.com.tw/life-proposal/area-kaohsiung-nanzi_nuk_traffic_20250307/,1352,-0.10463576158940398,19,0.26666666666666666,0.014053254437869823,0.41469428007889547,8.060650887573964,-0.20644263657343292
https://www.farglory-realty.com.tw/life-proposal/expert_housing-market_20250820/,1310,-0.8244673723703605,11,-0.65625,0.008396946564885497,0.9583253816793894,6.309923664122137,-0.8859540039879115
https://www.farglory-realty.com.tw/life-proposal/expert_zhu_loan-restriction_20250110/,1305,-0.2268957345971564,9,-0.3076923076923077,0.006896551724137931,-0.10450928381962862,8.865134099616858,-0.18397064237358185
https://www.farglory-realty.com.tw/contact_service/,1304,-0.0022953328232593728,15,-0.21052631578947367,0.011503067484662576,-0.20871004197610593,3.521472392638037,-0.08588591515830897
https://www.farglory-realty.com.tw/life-proposal/area-txg-shuinan_traffic_20240508/,1297,-0.3030628694250403,13,0.4444444444444444,0.010023130300693909,1.0725606099545961,8.760215882806477,-0.14761258193543583
https://www.farglory-realty.com.tw/life-proposal/expert_macromicro_mfg-h2_20250820/,1281,-0.81111766440578,34,-0.22727272727272727,0.02654176424668228,3.091051025477255,7.021857923497268,-0.8316164329355828
https://www.farglory-realty.com.tw/life-proposal/expert_zhu_property_law_vedio_20240930/,1264,-0.06990434142752024,19,-0.05,0.015031645569620253,0.021400316455696223,8.92642405063291,-0.132321701966231
https://www.farglory-realty.com.tw/life-proposal/area-khh-station_20230914/,1255,-0.19240669240669242,26,0.13043478260869565,0.020717131474103586,0.39975749177204223,9.501195219123506,-0.3411193105217578
https://www.farglory-realty.com.tw/life-proposal/expert_liu_commercial_2025h2_20250725/,1245,-0.06461307287753569,44,-0.06382978723404255,0.035341365461847386,0.000837392121678136,6.2112449799196785,-0.1513891327989025
https://www.farglory-realty.com.tw/life-proposal/redevelopment_zone_20221209/,1225,0.09668755595344673,17,1.4285714285714286,0.013877551020408163,1.2144606413994168,7.544489795918367,-0.46337270109266326
https://www.farglory-realty.com.tw/life-proposal/universal-design-environment20220713/,1222,-0.24846248462484624,12,-0.07692307692307693,0.009819967266775777,0.22825129044441658,6.640752864157119,-0.29733427753501174
https://www.farglory-realty.com.tw/life-proposal/expert_zhu_buyhouse_joint_20240117/,1220,-0.24691358024691357,83,-0.36153846153846153,0.0680327868852459,-0.1522068095838587,6.609016393442623,-0.17195618272412616
https://www.farglory-realty.com.tw/life-proposal/xinzhuang/,1215,-0.024879614767255216,4,-0.6,0.0032921810699588477,-0.5897942386831275,8.437860082304526,-0.447206810949501
https://www.farglory-realty.com.tw/buildings/bh2/?utm_source=googlemap&utm_medium=bh2&utm_campaign=googlemap,1181,0.14995131450827653,4,3,0.003386960203217612,2.478408128704488,4.473327688399661,0.07188696593244327
https://www.farglory-realty.com.tw/wp-content/uploads/2022/05/%E8%A1%8C%E6%94%BF%E7%9B%B8%E9%97%9C%E8%BE%A6%E6%B3%95.pdf,1161,-0.23214285714285715,52,-0.4157303370786517,0.04478897502153316,-0.23909067154429056,9.795004306632213,-0.08296925624595013
https://www.farglory-realty.com.tw/life-proposal/dehumidifier/,1152,-0.38097796883396023,15,-0.53125,0.013020833333333334,-0.24275716145833334,11.151909722222221,-0.2606973499196511
https://www.farglory-realty.com.tw/life-proposal/borrow_name_20221118/,1150,-0.07630522088353414,28,-0.5333333333333333,0.02434782608695652,-0.4947826086956522,6.6,-0.24752747252747248
https://www.farglory-realty.com.tw/life-proposal/area-l-taoyuan-zhongli20220520/,1134,-0.2744721689059501,9,0,0.007936507936507936,0.3783068783068782,9.991181657848324,-0.23666942363784674
https://www.farglory-realty.com.tw/life-proposal/expert_zhu_property_identity_vedio_20240229/,1121,0.05655042412818096,27,0.22727272727272727,0.02408563782337199,0.16158462411807628,8.020517395182871,-0.40603273844566024
https://www.farglory-realty.com.tw/life-proposal/covid-exhaust/,1111,-0.07724252491694353,26,0.3684210526315789,0.023402340234023402,0.48296934956653564,6.429342934293429,-0.1671047027233388
https://www.farglory-realty.com.tw/life-proposal/area-kaohsiung-nanzi_nuk_function_20250211/#elementor-toc__heading-anchor-3,1108,-0.16314199395770393,0,,0,,4.616425992779783,-0.013851562691120799
https://www.farglory-realty.com.tw/life-proposal/area-l-ntpc_banqiao_20240717/,1103,-0.08767576509511993,9,-0.3076923076923077,0.008159564823209429,-0.2411604714415232,8.966455122393473,-0.2897101138138049
https://www.farglory-realty.com.tw/life-proposal/expert_zhu_buyhouse_abroad2_20240320/,1103,-0.19430241051862673,43,-0.4819277108433735,0.038984587488667274,-0.3569891533495723,6.126926563916591,-0.38465538361075396
https://www.farglory-realty.com.tw/life-proposal/expert_zhu_buyhouse_abroad1_20240303/,1093,-0.4652641878669276,24,-0.6065573770491803,0.021957913998170174,-0.2642298981596748,11.376029277218665,-0.18058273099217848
https://www.farglory-realty.com.tw/life-proposal/area-khh-central_202306719/,1062,-0.30724070450097846,15,-0.25,0.014124293785310734,0.08262711864406785,8.131826741996234,-0.27858273174304243
https://www.farglory-realty.com.tw/life-proposal/expert_law_y-rlee_land-agent_20250904/,1061,,5,,0.00471253534401508,,65.2214891611687,
https://www.farglory-realty.com.tw/life-proposal/expert_peizhen_bullbear-2025h2__20250829/,1054,-0.5860172820109977,25,-0.375,0.023719165085388995,0.5097248576850096,40.601518026565465,-0.1349668209570236
https://www.farglory-realty.com.tw/life-proposal/area-s-tph_banqiao_nanya_20240820/,1037,-0.15,60,0.01694915254237288,0.05785920925747348,0.19641076769690924,9.262295081967213,-0.06634718664793847
https://www.farglory-realty.com.tw/life-proposal/expert_zhu_fake-marriage-law/,1034,,6,,0.005802707930367505,,36.55899419729207,
https://www.farglory-realty.com.tw/life-proposal/faucet-waterknowledge/,1029,-0.10677083333333333,3,-0.5714285714285714,0.0029154518950437317,-0.5201999167013744,10.794946550048591,-0.15108345787043645
https://www.farglory-realty.com.tw/life-proposal/housing_allowance_20220826/,1011,0.9593023255813954,20,2.3333333333333335,0.019782393669634024,0.7012858555885261,9.509396636993076,-0.6879785918422722
https://www.farglory-realty.com.tw/life-proposal/expert_peizhen_commercial_elderly-residence_20250509/,993,-0.13350785340314136,32,0.03225806451612903,0.032225579053373615,0.19130689016665048,8.185297079556898,-0.34872245690674125
https://www.farglory-realty.com.tw/life-proposal/stone-fix/,993,0.02688728024819028,33,-0.2978723404255319,0.03323262839879154,-0.31625634762486343,5.209466263846928,-0.32117586886673233
https://www.farglory-realty.com.tw/life-proposal/value_estimation_of_property_20221014/,989,-0.1689075630252101,12,0.3333333333333333,0.012133468149646108,0.6043141220087631,14.49443882709808,-0.45940004374579346
https://www.farglory-realty.com.tw/life-proposal/area-s-tainan_west-central_diamond_20250425/,988,0.12145289443813848,39,1.0526315789473684,0.039473684210526314,0.8303324099722991,5.8896761133603235,-0.27419154345077
https://www.farglory-realty.com.tw/activity-report/hauslab_2025/,972,-0.5495829471733086,39,1.0526315789473684,0.040123456790123455,3.557179987004548,35.66255144032922,-0.2628796620095545
https://www.farglory-realty.com.tw/life-proposal/area-tainan_west-central_redevelop_diamond_traffic_20250523/,964,-0.054901960784313725,24,-0.1724137931034483,0.024896265560165973,-0.12433824581485196,6.995850622406639,-0.17295229081423602
https://www.farglory-realty.com.tw/buildings/hh1/?utm_source=googlemap&utm_medium=hh1&utm_campaign=googlemap,958,0.17401960784313725,3,,0.003131524008350731,,4.4258872651356995,0.12719226228175123
https://www.farglory-realty.com.tw/life-proposal/presale_payment_20221021/,949,-0.1496415770609319,14,-0.3333333333333333,0.014752370916754479,-0.21601685985247632,11.259220231822972,-0.3595999297327131
https://www.farglory-realty.com.tw/life-proposal/area-s-tph_banqiao_tpark_traffic_20250321/,944,-0.1682819383259912,13,-0.2777777777777778,0.013771186440677966,-0.13165018832391723,8.070974576271187,-0.08458517597004123
https://www.farglory-realty.com.tw/life-proposal/area-l-tainan-west-central_20250402/,919,-0.011827956989247311,12,0.7142857142857143,0.013057671381936888,0.734804912171615,9.29923830250272,-0.18863949513767422
https://www.farglory-realty.com.tw/buildings/h95/?utm_source=googlemap&utm_medium=h95&utm_campaign=googlemap,914,0.014428412874583796,0,,0,,4.331509846827133,-0.11603842084003473
https://www.farglory-realty.com.tw/life-proposal/area_hotspot_txg_xitun_traffic_20231124/,913,-0.444647201946472,8,-0.38461538461538464,0.008762322015334063,0.10809672255455376,8.893756845564074,-0.17332864510050672
https://www.farglory-realty.com.tw/life-proposal/area-tph_banqiao_traffic_20240905/,912,-0.17015468607825296,11,-0.35294117647058826,0.01206140350877193,-0.22026573787409703,9.31469298245614,-0.1405551517320714
https://www.farglory-realty.com.tw/life-proposal/area-txg-shuinan_school_20240501/,912,-0.2924747866563227,8,-0.38461538461538464,0.008771929824561403,-0.13022941970310398,10.111842105263158,-0.10645338495343733
https://www.farglory-realty.com.tw/life-proposal/hotel_property20220624/,909,-0.21570319240724764,58,-0.18309859154929578,0.0638063806380638,0.04157176281008384,5.768976897689769,-0.2240635691746034
https://www.farglory-realty.com.tw/life-proposal/expert_zhu_buyhouse_contract1_20240430/,906,-0.22098022355975924,18,-0.4,0.019867549668874173,-0.22980132450331128,9.37748344370861,-0.35394744120412813
https://www.farglory-realty.com.tw/life-proposal/land_rules/,906,-0.10119047619047619,42,0.16666666666666666,0.046357615894039736,0.29801324503311266,13.089403973509933,0.043260789538863954
https://www.farglory-realty.com.tw/life-proposal/expert_zhu_property_offset-1_20241125/,903,-0.042417815482502653,24,-0.5714285714285714,0.026578073089700997,-0.5524442335073564,7.260243632336656,-0.1746341476439461
https://www.farglory-realty.com.tw/life-proposal/area-s-tph_banqiao_tpark_function_20250314/#elementor-toc__heading-anchor-2,891,0.0022497187851518562,0,,0,,7.040404040404041,0.03214366621358712
https://www.farglory-realty.com.tw/life-proposal/area-l-taoyuan-taoyuan20220520/,888,-0.24361158432708688,7,0.16666666666666666,0.007882882882882882,0.5424174174174173,11.291666666666666,-0.3582913802562366
https://www.farglory-realty.com.tw/life-proposal/area_txg_beitun_depot_function_20240513/,886,-0.3509157509157509,8,-0.2,0.009029345372460496,0.2325056433408577,9.007900677200903,-0.2475961066956779
https://www.farglory-realty.com.tw/life-proposal/area-s-tph_banqiao_tpark_function_20250314/#elementor-toc__heading-anchor-1,881,-0.013437849944008958,0,,0,,7.046538024971623,0.04823562490415774
https://www.farglory-realty.com.tw/life-proposal/loan_increase_20221108/,877,-0.616863259065094,1,-0.5,0.0011402508551881414,0.30501710376282787,65.76510832383124,-0.07727937924012099
https://www.farglory-realty.com.tw/life-proposal/expert_li_ai-projects_20250715/,874,-0.6418032786885246,18,-0.5263157894736842,0.020594965675057208,0.3224135854510417,8.266590389016018,-0.007016169487565274
https://www.farglory-realty.com.tw/life-proposal/expert_macromicro_china-economic_20250120/,873,-0.5388272583201268,6,2,0.006872852233676976,5.505154639175258,13.58991981672394,-0.24347248307430033
https://www.farglory-realty.com.tw/life-proposal/expert_macromicro_20230328/,865,-0.3672275054864667,21,0.05,0.024277456647398842,0.6593641618497109,13.532947976878612,-0.29793017516534864
https://www.farglory-realty.com.tw/building-type/pre_sale_house/,862,0.27514792899408286,18,-0.1,0.02088167053364269,-0.294199535962877,6.901392111368909,-0.19186886068155506
https://www.farglory-realty.com.tw/life-proposal/qingpu/,860,-0.1374122367101304,2,1,0.002325581395348837,1.3186046511627907,13.029069767441861,-0.4008310628164421
https://www.farglory-realty.com.tw/life-proposal/area-txg-port_school_20240105/,859,-0.10984455958549223,17,-0.45161290322580644,0.01979045401629802,-0.38394231852491645,8.896391152502911,-0.05876357173935876
https://www.farglory-realty.com.tw/life-proposal/expert_li_2024trend_20240711/,851,-0.5858880778588808,6,-0.6666666666666666,0.007050528789659225,-0.1950646298472386,8.311398354876616,-0.19714564166252493
https://www.farglory-realty.com.tw/life-proposal/area-tpe-beitou_bstp_traffic_20240705/#elementor-toc__heading-anchor-0,847,-0.125,1,0,0.0011806375442739079,0.14285714285714277,5.087367178276269,-0.1334556697921119
https://www.farglory-realty.com.tw/life-proposal/area-tpe-beitou_bstp_traffic_20240705/#elementor-toc__heading-anchor-1,847,-0.125,2,-0.3333333333333333,0.0023612750885478157,-0.23809523809523817,5.087367178276269,-0.1334556697921119
https://www.farglory-realty.com.tw/life-proposal/area-tpe-beitou_bstp_traffic_20240705/#elementor-toc__heading-anchor-2,847,-0.125,1,,0.0011806375442739079,,5.087367178276269,-0.1334556697921119
https://www.farglory-realty.com.tw/life-proposal/goodluck/,847,-0.19024856596558318,6,-0.3333333333333333,0.0070838252656434475,-0.17670208579299487,44.693034238488785,0.11026727339237319
https://www.farglory-realty.com.tw/life-proposal/area_txg_beitun_depot_traffic_20240606/,831,-0.07973421926910298,4,-0.6363636363636364,0.0048134777376654635,-0.6048572366261897,7.640192539109506,-0.19062718643642837
https://www.farglory-realty.com.tw/life-proposal/expert_zhu_second-degree_20250321/,831,0.10212201591511937,35,0.4,0.0421179302045728,0.27027677496991553,9.184115523465705,-0.12088065193688699
https://www.farglory-realty.com.tw/buildings/hm2/,830,0.6274509803921569,76,0.20634920634920634,0.09156626506024096,-0.25874928284566845,8.173493975903614,0.12631232848171936
https://www.farglory-realty.com.tw/life-proposal/earthquake-taylor/,819,-0.06719817767653759,18,-0.14285714285714285,0.02197802197802198,-0.08110936682365248,7.744810744810745,-0.21442423360168275
https://www.farglory-realty.com.tw/life-proposal/area-txg-port_traffic_20240120/,810,-0.23943661971830985,9,-0.35714285714285715,0.011111111111111112,-0.15476190476190468,9.195061728395062,-0.23815615833664686
https://www.farglory-realty.com.tw/life-proposal/expert_li_7th-cycle_20250114/,810,-0.6804733727810651,13,-0.4583333333333333,0.016049382716049384,0.6952160493827162,9.577777777777778,-0.14075568295761529
https://www.farglory-realty.com.tw/life-proposal/aluminumandiron/,795,-0.29832303618711387,26,-0.38095238095238093,0.03270440251572327,-0.117759808325846,11.743396226415094,-0.27186187683859786
https://www.farglory-realty.com.tw/life-proposal/2phase_construction_20221118/,782,-0.24735322425409048,21,-0.34375,0.026854219948849106,-0.12807704603580566,8.461636828644501,-0.2887022115726831
https://www.farglory-realty.com.tw/life-proposal/expert_macromicro_precious-metals_20250430/,781,0.5496031746031746,4,-0.42857142857142855,0.005121638924455826,-0.6312419974391805,6.536491677336747,-0.4353116548889749
https://www.farglory-realty.com.tw/life-proposal/expert_peizhen_property-2025q1_20250418/,776,-0.6584507042253521,3,-0.7692307692307693,0.003865979381443299,-0.32434575733544807,9.84020618556701,-0.07833003035790709
https://www.farglory-realty.com.tw/buildings/dgm1/,774,-0.14945054945054945,33,-0.1951219512195122,0.04263565891472868,-0.053696350916997544,6.764857881136951,-0.0844704533262009
https://www.farglory-realty.com.tw/life-proposal/expert_peizhen_office-rental_20250805/,772,-0.8301803783545975,36,0.38461538461538464,0.046632124352331605,7.1534475886807485,7.288860103626943,-0.8611442063818963
https://www.farglory-realty.com.tw/buildings/bh8/?utm_source=google_kw&utm_medium=bh8&utm_campaign=googlemap,752,0.6711111111111111,1,,0.0013297872340425532,,5.5611702127659575,0.016873870680488033
https://www.farglory-realty.com.tw/life-proposal/expert_zhu_property_terminate_vedio_20250313/,750,-0.5373226403454657,46,-0.6134453781512605,0.06133333333333333,-0.16452661064425772,7.465333333333334,0.0913875661375662
https://www.farglory-realty.com.tw/life-proposal/area-s-taichung-11_20220916/,749,-0.2832535885167464,3,0,0.004005340453938585,0.39519359145527383,9.520694259012016,-0.2748979301313638
https://www.farglory-realty.com.tw/life-proposal/superficial_rights/,737,-0.1625,10,-0.23076923076923078,0.013568521031207599,-0.08151549942594712,10.251017639077341,-0.6345448257013425
https://www.farglory-realty.com.tw/life-proposal/expert_zhu_private-corporation_adjust_20231227/,727,-0.15070093457943926,27,0.6875,0.037138927097661624,0.986932599724897,8.423658872077029,-0.3695329199529652
https://www.farglory-realty.com.tw/life-proposal/expert_shuangbei_20250822/,724,-0.8302859821847164,16,-0.6595744680851063,0.022099447513812154,1.0058775126366521,7.8853591160221,-0.872767240736376
https://www.farglory-realty.com.tw/life-proposal/expert_zhu_inheritance_20230921/,715,-0.48375451263537905,14,-0.6410256410256411,0.019580419580419582,-0.30464407387484305,16.050349650349652,-0.1276641578411384
https://www.farglory-realty.com.tw/life-proposal/fixbathroom/,715,-0.3733567046450482,15,-0.21052631578947367,0.02097902097902098,0.2598454177401547,10.220979020979021,-0.2557191229218799
https://www.farglory-realty.com.tw/life-proposal/expert_macromicro_housing_2025view_20250205/,710,-0.6090308370044053,1,-0.9,0.0014084507042253522,-0.744225352112676,8.661971830985916,-0.114243997687346
https://www.farglory-realty.com.tw/life-proposal/manual20220610/,704,-0.2054176072234763,20,0.5384615384615384,0.028409090909090908,0.936188811188811,7.833806818181818,-0.19293571617336153
https://www.farglory-realty.com.tw/life-proposal/expert_zhu_credit_20231020/,689,-0.30892678034102306,9,-0.3076923076923077,0.013062409288824383,0.001786312381377721,13.62699564586357,-0.17948335191895282
https://www.farglory-realty.com.tw/life-proposal/pre-sale_order_20221007/,688,-0.17899761336515513,7,-0.4166666666666667,0.010174418604651164,-0.2894864341085271,8.98546511627907,-0.3291322373982662
https://www.farglory-realty.com.tw/life-proposal/area-s-tph_banqiao_tpark_function_20250314/#elementor-toc__heading-anchor-0,673,-0.07300275482093664,0,,0,,7.123328380386329,0.03762768943829764
https://www.farglory-realty.com.tw/buildings/5vo1/,668,4.566666666666666,85,1.236842105263158,0.12724550898203593,-0.5981720768988339,5.077844311377246,1.0379308273085934
https://www.farglory-realty.com.tw/life-proposal/renovation_20230330/,663,-0.28013029315960913,14,-0.48148148148148145,0.021116138763197588,-0.2797050444109267,11.431372549019608,-0.46893850604554554
https://www.farglory-realty.com.tw/life-proposal/greenbuilding2020-design/,654,-0.35819430814524045,7,6,0.010703363914373088,9.906727828746178,35.49082568807339,-0.044109759048824214
https://www.farglory-realty.com.tw/life-proposal/expert_li_homeowners_20250410/#elementor-toc__heading-anchor-1,652,-0.581783194355356,0,,0,,8.35276073619632,0.010315306674688655
https://www.farglory-realty.com.tw/life-proposal/high_floor/,648,-0.003076923076923077,14,-0.06666666666666667,0.021604938271604937,-0.06378600823045277,8.567901234567902,-0.5355182816956516
https://www.farglory-realty.com.tw/life-proposal/area-s-tainan_west-central_redevelop_diamond_20250502/,645,0.11015490533562823,18,0.2,0.027906976744186046,0.08093023255813955,6.8930232558139535,-0.28215692568060463
https://www.farglory-realty.com.tw/life-proposal/space_style_reading_20240116/,645,-0.0979020979020979,16,-0.1111111111111111,0.024806201550387597,-0.014642549526270537,6.2015503875969,-0.016609330864541322
https://www.farglory-realty.com.tw/life-proposal-category/expert_point/commercial_liu/,641,0.23984526112185686,23,1.3,0.0358814352574103,0.8550702028081123,7.37597503900156,0.005637947036868734
https://www.farglory-realty.com.tw/life-proposal/area-s-kaohsiung-newbay_20220824/,633,-0.47206005004170143,4,-0.5555555555555556,0.00631911532385466,-0.15815341407758468,10.13428120063191,-0.10178864876126105
https://www.farglory-realty.com.tw/life-proposal/area-hotspot-tnn-dawan_school_20240303/,632,-0.07058823529411765,5,1.5,0.007911392405063292,1.689873417721519,9.688291139240507,-0.17069008375081257
https://www.farglory-realty.com.tw/life-proposal/taichung-attractions/,629,-0.5405405405405406,0,-1,0,-1,15.608903020667727,-0.1830017879834021
https://www.farglory-realty.com.tw/life-proposal/area-txg-port_function_20240103/#elementor-toc__heading-anchor-0,625,-0.17108753315649866,0,-1,0,-1,5.552,-0.005887437663262911
https://www.farglory-realty.com.tw/life-proposal/area-txg-shuinan_20231027/,625,0.06292517006802721,3,-0.25,0.0048,-0.29440000000000005,8.9008,-0.39008619042069687
https://www.farglory-realty.com.tw/life-proposal/area_hotspot_txg_xitun_school_20231115/,621,-0.06756756756756757,4,1,0.00644122383252818,1.144927536231884,8.571658615136876,-0.1851663377560435
https://www.farglory-realty.com.tw/life-proposal/area-txg-port_function_20240103/#elementor-toc__heading-anchor-1,620,-0.1518467852257182,0,,0,,5.617741935483871,-0.008793300787180776
https://www.farglory-realty.com.tw/buildings/ar1?utm_source=google_kw&utm_medium=ar1&utm_campaign=googlemap,619,0.4197247706422018,1,-0.5,0.0016155088852988692,-0.6478190630048465,8.009693053311793,-0.028587991309056485
https://www.farglory-realty.com.tw/life-proposal/expert_zhu_land-deal_20250813/,611,-0.8408025013027619,12,-0.29411764705882354,0.019639934533551555,3.4340040435159334,14.687397708674304,-0.6300461872279373
https://www.farglory-realty.com.tw/life-proposal/kw_fire-insurance_20240705/,611,-0.16071428571428573,10,-0.5238095238095238,0.016366612111292964,-0.4326241134751773,7.4926350245499185,-0.48331549702829013
https://www.farglory-realty.com.tw/life-proposal/expert_macromicro_20230117/,610,-0.2806603773584906,2,-0.5,0.003278688524590164,-0.30491803278688523,10.345901639344262,-0.18561917848659293
https://www.farglory-realty.com.tw/life-proposal/area-l-kaohsiung-sanmin20220520/,609,-0.45184518451845185,7,-0.5,0.011494252873563218,-0.08784893267651887,9.211822660098521,-0.28230470018447007
https://www.farglory-realty.com.tw/life-proposal/area-txg-port_function_20240103/#elementor-toc__heading-anchor-3,607,-0.15459610027855153,0,,0,,5.56507413509061,-0.012182143635337931
https://www.farglory-realty.com.tw/life-proposal/cubicle/,595,-0.4311663479923518,9,-0.625,0.015126050420168067,-0.3407563025210084,17.497478991596637,-0.2719823776766077
https://www.farglory-realty.com.tw/life-proposal/architectural_planning/,585,0.07142857142857142,9,0,0.015384615384615385,-0.06666666666666664,4.314529914529915,-0.46289709682322533
https://www.farglory-realty.com.tw/farglory-realty-about/push-hand/,581,-0.12631578947368421,30,-0.25,0.05163511187607573,-0.14156626506024095,6.211703958691911,-0.24177989491003662
https://www.farglory-realty.com.tw/farglory-realty-about/second-generation/,581,-0.2682619647355164,23,-0.3235294117647059,0.039586919104991396,-0.07552900678343626,9.869191049913942,-0.2899476537122445
https://www.farglory-realty.com.tw/life-proposal/area-s-taichung-14th20220520/,581,-0.2355263157894737,5,-0.5833333333333334,0.008605851979345954,-0.45496270797475624,7.485370051635112,-0.20401829589440532
https://www.farglory-realty.com.tw/life-proposal/contract/,577,-0.3574610244988864,19,-0.2962962962962963,0.03292894280762565,0.09519224597214197,13.620450606585788,-0.39972690200657446
https://www.farglory-realty.com.tw/life-proposal/foreclosure_20230427/,575,-0.19014084507042253,2,-0.7142857142857143,0.0034782608695652175,-0.6472049689440994,14.045217391304348,-0.4277128064375273
https://www.farglory-realty.com.tw/life-proposal/goodandbad_20221028/,570,-0.16299559471365638,6,-0.14285714285714285,0.010526315789473684,0.024060150375939816,10.857894736842105,-0.3991853160161312
https://www.farglory-realty.com.tw/life-proposal/area_tnn_haidian_function_20240126/,567,-0.22857142857142856,9,-0.4375,0.015873015873015872,-0.2708333333333333,9.871252204585538,-0.16796211348963647
https://www.farglory-realty.com.tw/life-proposal/area-hotspot-tnn-dawan_traffic_20240313/,558,-0.3779264214046823,3,-0.25,0.005376344086021506,0.2056451612903227,9.14336917562724,-0.2198609197624241
https://www.farglory-realty.com.tw/life-proposal/expert_zhu_property_divide_gifttax2_20241024/,556,0.03731343283582089,13,0,0.023381294964028777,-0.035971223021582746,7.870503597122302,-0.3048953817667567
https://www.farglory-realty.com.tw/life-proposal/area-tnn-dawan_function_20231129/#elementor-toc__heading-anchor-0,554,-0.22081575246132207,0,-1,0,-1,4.911552346570398,0.09060390956013516
https://www.farglory-realty.com.tw/life-proposal/area-tnn-dawan_function_20231129/#elementor-toc__heading-anchor-2,554,-0.22081575246132207,1,,0.0018050541516245488,,4.911552346570398,0.09060390956013516
https://www.farglory-realty.com.tw/life-proposal/area-tnn-dawan_function_20231129/#elementor-toc__heading-anchor-3,553,-0.2222222222222222,0,,0,,4.909584086799277,0.09016685999821546
https://www.farglory-realty.com.tw/life-proposal/load_type20220624/,548,0.3944020356234097,2,-0.3333333333333333,0.0036496350364963502,-0.5218978102189781,19.485401459854014,-0.6100339780148379
https://www.farglory-realty.com.tw/life-proposal/area-txg-7th_park_20241223/,547,0.068359375,0,-1,0,-1,6.579524680073126,-0.3013860148906179
https://www.farglory-realty.com.tw/life-proposal/allagehouse/,544,0.15498938428874734,32,0.391304347826087,0.058823529411764705,0.20460358056265976,5.852941176470588,-0.3414392512857986
https://www.farglory-realty.com.tw/life-proposal/expert_macromicro20220726/,542,-0.2605729877216917,18,0.2857142857142857,0.033210332103321034,0.738798102266737,8.828413284132841,-0.11595260419817316
https://www.farglory-realty.com.tw/life-proposal/area_tnnyongkang_redevelop_yanxing_20230901/#elementor-toc__heading-anchor-0,541,-0.1765601217656012,0,-1,0,-1,4.308687615526802,-0.09414151571164517
https://www.farglory-realty.com.tw/life-proposal/area_tnnyongkang_redevelop_yanxing_20230901/#elementor-toc__heading-anchor-2,541,-0.1765601217656012,0,,0,,4.308687615526802,-0.09414151571164517
https://www.farglory-realty.com.tw/life-proposal/area_tnnyongkang_redevelop_yanxing_20230901/#elementor-toc__heading-anchor-1,539,-0.17709923664122137,2,1,0.0037105751391465678,1.4304267161410018,4.302411873840445,-0.09299009418555157
https://www.farglory-realty.com.tw/life-proposal/area_hotspot_khh_sanmin_traffic_20230928/,533,-0.2044776119402985,3,0.5,0.005628517823639775,0.8855534709193246,10.348968105065666,-0.29512975191684493
https://www.farglory-realty.com.tw/life-proposal/area_txg_xitun_eight_function_20240407/,532,-0.03272727272727273,15,0.36363636363636365,0.02819548872180451,0.40977443609022546,7.567669172932331,-0.2858239455880607
https://www.farglory-realty.com.tw/life-proposal/area-l-taichung-wuqi_20220826/,526,-0.3088042049934297,2,-0.6,0.0038022813688212928,-0.42129277566539924,9.517110266159696,-0.263522380257522
https://www.farglory-realty.com.tw/build/detail/H138,525,0.2266355140186916,3,,0.005714285714285714,,7.1847619047619045,-0.05177980412022968
https://www.farglory-realty.com.tw/life-proposal/area-kaohsiung-nanzi_nuk_park_20250217/,522,-0.32904884318766064,9,-0.7096774193548387,0.017241379310344827,-0.5672969966629589,9.241379310344827,0.1327860569478929
https://www.farglory-realty.com.tw/activity-report-category/activities_glance/announcement_information/,519,-0.02443609022556391,3,-0.6666666666666666,0.005780346820809248,-0.6583172768143866,1.9942196531791907,-0.3065850617703729
https://www.farglory-realty.com.tw/life-proposal/construction-base/#elementor-toc__heading-anchor-0,514,0.1447661469933185,0,,0,,7.88715953307393,0.047112545934415904
https://www.farglory-realty.com.tw/life-proposal/construction-base/#elementor-toc__heading-anchor-1,514,0.1447661469933185,0,,0,,7.88715953307393,0.047112545934415904
https://www.farglory-realty.com.tw/life-proposal/construction-base/#elementor-toc__heading-anchor-2,514,0.1447661469933185,0,,0,,7.88715953307393,0.047112545934415904
https://www.farglory-realty.com.tw/life-proposal/expert_macromicro_mec_cycle_20240430/,498,-0.3140495867768595,5,-0.7222222222222222,0.010040160642570281,-0.5950468540829986,9.497991967871487,-0.24688268144662517
https://www.farglory-realty.com.tw/about/brand_gallery/,485,-0.25840978593272174,8,-0.3333333333333333,0.016494845360824743,-0.10103092783505158,13.969072164948454,-0.2873811859690883
https://www.farglory-realty.com.tw/life-proposal/expert_peizhen_officemarket_20240806/,485,-0.4482366325369738,9,-0.6086956521739131,0.018556701030927835,-0.2908112953832362,11.371134020618557,-0.2376457322764311
https://www.farglory-realty.com.tw/life-proposal/area_tnn_yongkang_yanxing_school_20240323/,476,-0.06666666666666667,2,-0.5,0.004201680672268907,-0.4642857142857143,9.909663865546218,-0.20058073846431967
https://www.farglory-realty.com.tw/life-proposal/space_furnish_cabinet_20231125/,473,-0.6257911392405063,3,-0.7,0.006342494714587738,-0.19830866807611,47.59196617336152,-0.07156258788559014
https://www.farglory-realty.com.tw/life-proposal/area-tpe-beitou_bstp_park_20240617/,470,-0.07662082514734773,9,0.5,0.019148936170212766,0.624468085106383,8.127659574468085,-0.32391261261574517
https://www.farglory-realty.com.tw/wp-content/uploads/2022/05/%E5%85%AC%E8%A8%AD%E7%AE%A1%E7%90%86%E8%BE%A6%E6%B3%95.pdf,458,-0.021367521367521368,39,0.18181818181818182,0.0851528384279476,0.2076220722508933,8.94759825327511,-0.19902907755685695
https://www.farglory-realty.com.tw/life-proposal/library-taichung20220603/,457,0.02466367713004484,12,2,0.0262582056892779,1.927789934354486,11.216630196936542,-0.08309804475188823
https://www.farglory-realty.com.tw/life-proposal/h101b/,446,-0.25666666666666665,5,-0.5,0.011210762331838564,-0.3273542600896861,10.567264573991032,-0.12292727287389416
https://www.farglory-realty.com.tw/life-proposal/home_insurance20220602/,446,-0.4665071770334928,0,-1,0,-1,26.896860986547086,-0.24399772098465647
https://www.farglory-realty.com.tw/life-proposal/unwanted20220610/,444,0,11,0.2222222222222222,0.024774774774774775,0.22222222222222215,10.66891891891892,-0.27613080684596575
https://www.farglory-realty.com.tw/life-proposal/expert_li_homeowners_20250410/#elementor-toc__heading-anchor-4,441,-0.5718446601941748,0,,0,,8.321995464852607,-0.009515215068386389
https://www.farglory-realty.com.tw/life-proposal/expert_liu_commercial_2025global_20250418/,440,-0.4889663182346109,5,-0.6875,0.011363636363636364,-0.3884943181818182,8.929545454545455,-0.12711868342828828
https://www.farglory-realty.com.tw/life-proposal/area-l-taipei-shilin20220520/,434,-0.24783362218370883,0,-1,0,-1,11.790322580645162,-0.403034737712157
https://www.farglory-realty.com.tw/life-proposal/expert_zhu_mansion-tax-count_vedio_20250625/#elementor-toc__heading-anchor-3,430,0.49825783972125437,0,,0,,5.923255813953489,-0.12642630081980918
https://www.farglory-realty.com.tw/life-proposal/space_deco_us_20221028/,426,-0.029612756264236904,6,0.5,0.014084507042253521,0.5457746478873241,6.673708920187793,-0.23244479539888896
https://www.farglory-realty.com.tw/life-proposal/expert_law_y-rlee_contract_20250613/#elementor-toc__heading-anchor-2,425,1.7243589743589745,0,,0,,5.004705882352941,-0.25926554302935595
https://www.farglory-realty.com.tw/life-proposal/area-s-tainan-haidian20200520/,424,-0.2290909090909091,2,-0.8,0.0047169811320754715,-0.7405660377358491,10.627358490566039,-0.327923747290868
https://www.farglory-realty.com.tw/life-proposal/expert_peizhen_commercial_nvidia_20250603/,421,-0.508177570093458,1,-0.8333333333333334,0.0023752969121140144,-0.6611243072050673,9.60332541567696,-0.03345719508295384
https://www.farglory-realty.com.tw/life-proposal/tax_mitigation_mortgage_interest_20220902/,421,-0.31433224755700323,11,0.2222222222222222,0.026128266033254157,0.7825283716020058,22.463182897862232,-0.3127855356608166
https://www.farglory-realty.com.tw/life-proposal/taichung-gateway/,420,-0.13934426229508196,1,-0.6666666666666666,0.002380952380952381,-0.6126984126984126,12.019047619047619,-0.5140600465538328
https://www.farglory-realty.com.tw/life-proposal/kw_load_youthload_20230928/,418,-0.5116822429906542,4,3,0.009569377990430622,7.1913875598086126,27.516746411483254,-0.36721019455095866
https://www.farglory-realty.com.tw/life-proposal/controls_20230108/,415,-0.40883190883190884,5,0.6666666666666666,0.012048192771084338,1.819277108433735,22.39277108433735,-0.326893666986177
https://www.farglory-realty.com.tw/life-proposal/area_hotspot_txg_xitun_park_20231129/,408,0.13019390581717452,3,-0.5714285714285714,0.007352941176470588,-0.6207983193277311,9.446078431372548,-0.31799313725490197
https://www.farglory-realty.com.tw/buildings/8hgs01/,403,-0.222007722007722,21,0.3125,0.052109181141439205,0.6870347394540942,6.607940446650124,-0.5039975146551566
https://www.farglory-realty.com.tw/life-proposal/zhonghe-river/,400,0.02564102564102564,6,-0.25,0.015,-0.26875000000000004,7.55,-0.3357771260997068
https://www.farglory-realty.com.tw/life-proposal/area-txg-port_function_20240103/#elementor-toc__heading-anchor-2,398,-0.1513859275053305,0,,0,,5.919597989949748,0.021070782378239
https://www.farglory-realty.com.tw/life-proposal/expert_zhu_property_divorce_20240420/,398,-0.6101860920666013,4,-0.42857142857142855,0.010050251256281407,0.46590093323761667,25.695979899497488,-0.3802420042193392
https://www.farglory-realty.com.tw/life-proposal/kids_room_20230306/,398,-0.5430539609644087,1,,0.002512562814070352,,58.5929648241206,0.12517301324622537
https://www.farglory-realty.com.tw/life-proposal/space_design_smallhouse2_20240521/,395,-0.017412935323383085,14,-0.06666666666666667,0.035443037974683546,-0.05012658227848089,9.09113924050633,-0.1636984039625756
https://www.farglory-realty.com.tw/life-proposal/expert_law_y-rlee_builder1_20250324/,394,-0.5749730312837109,11,-0.42105263157894735,0.027918781725888325,0.36214266631044606,12.593908629441625,0.04395540548085369
https://www.farglory-realty.com.tw/life-proposal/expert_hoshichang_property_q1-review_20250514/,390,-0.7838137472283814,4,-0.3333333333333333,0.010256410256410256,2.0837606837606835,11.364102564102565,0.06836422042008582
https://www.farglory-realty.com.tw/life-proposal/expert_zhu_mansion-tax-count_vedio_20250625/#elementor-toc__heading-anchor-1,386,0.36395759717314485,0,,0,,5.909326424870466,-0.1151643501384435
https://www.farglory-realty.com.tw/life-proposal/interior_softdeco_20230222/,376,-0.4763231197771588,1,-0.5,0.0026595744680851063,-0.04521276595744683,61.537234042553195,-0.044531409239167194
https://www.farglory-realty.com.tw/life-proposal/expert_li_homeowners_20250410/#elementor-toc__heading-anchor-2,369,-0.5238709677419355,0,,0,,8.059620596205962,-0.0146385925130746
https://www.farglory-realty.com.tw/life-proposal/home-loan/,369,-0.5580838323353293,9,-0.18181818181818182,0.024390243902439025,0.8514412416851442,22.81571815718157,-0.2508110951572374
https://www.farglory-realty.com.tw/life-proposal/house_income_20230119/,369,-0.2903846153846154,16,-0.1111111111111111,0.04336043360433604,0.25263474856970786,12.086720867208673,-0.09096111499153749
https://www.farglory-realty.com.tw/life-proposal/area_tnn_yongkang_yanxing_traffic_20240324/,365,-0.4367283950617284,1,-0.875,0.0027397260273972603,-0.7780821917808219,8.780821917808218,-0.18259264434136965
https://www.farglory-realty.com.tw/life-proposal/space_furnish_paint_20231128/,365,-0.38860971524288107,7,0.4,0.019178082191780823,1.2898630136986304,17.736986301369864,-0.3254137209710257
https://www.farglory-realty.com.tw/life-proposal-category/expert_point/land_zhu/,361,0.061764705882352944,22,0,0.060941828254847646,-0.05817174515235464,5.479224376731302,-0.027187316924990913
https://www.farglory-realty.com.tw/life-proposal/area_s_txg_beitun_depot_20240410/,358,-0.15165876777251186,2,-0.6,0.00558659217877095,-0.5284916201117318,9.125698324022347,-0.25727199754340785
https://www.farglory-realty.com.tw/life-proposal/expert_law_y-rlee_contract_20250613/#elementor-toc__heading-anchor-0,358,1.8870967741935485,0,,0,,4.709497206703911,-0.3039598884013291
https://www.farglory-realty.com.tw/life-proposal/area-s-taichung-7th20220520/,356,-0.14628297362110312,1,-0.5,0.0028089887640449437,-0.4143258426966292,10.74438202247191,-0.324629589482848
https://www.farglory-realty.com.tw/life-proposal/expert_law_y-rlee_contract_20250613/#elementor-toc__heading-anchor-1,354,1.6818181818181819,1,,0.002824858757062147,,5.192090395480226,-0.1870036391418864
https://www.farglory-realty.com.tw/life-proposal/intelligentbuilding/,354,0.03508771929824561,5,4,0.014124293785310734,3.8305084745762716,21.65536723163842,-0.3609891636565712
https://www.farglory-realty.com.tw/activity-report/%E9%81%A0%E9%9B%84%E6%B2%90%E8%98%8A-%E5%A4%8F%E6%97%A5%E6%84%9F%E6%81%A9%E5%A4%A7%E5%9B%9E%E9%A5%8B-%E5%A5%BD%E9%84%B0%E4%BB%8B%E7%B4%B9%E6%89%80%E9%96%8B%E5%BC%B5%E5%9B%89/,350,-0.2971887550200803,5,0.6666666666666666,0.014285714285714285,1.3714285714285712,9.02,0.02579584379995427
https://www.farglory-realty.com.tw/life-proposal/mortgage/,343,-0.7085811384876806,1,0,0.0029154518950437317,2.431486880466472,45.74927113702624,-0.12139781473591649
https://www.farglory-realty.com.tw/life-proposal/ease_dehumidification_20230601/,342,-0.288981288981289,5,0.25,0.014619883040935672,0.7580409356725144,6.923976608187134,-0.5062368052575223
https://www.farglory-realty.com.tw/life-proposal/expert_zhu_mansion-tax-count_vedio_20250625/#elementor-toc__heading-anchor-0,340,4.230769230769231,0,,0,,6.194117647058824,-0.04592974630610536
https://www.farglory-realty.com.tw/life-proposal/design_living_room20220907/,338,-0.10106382978723404,5,-0.2857142857142857,0.014792899408284023,-0.20540997464074387,7.550295857988166,-0.5151304453281724
https://www.farglory-realty.com.tw/life-proposal/interview-s-taoyuan-qingshan_20230306/,338,-0.21939953810623555,7,-0.2222222222222222,0.020710059171597635,-0.00361604207758038,9.911242603550296,-0.4305244098543952
https://www.farglory-realty.com.tw/life-proposal/ease_eewh-ec_20230711/,337,-0.2014218009478673,11,-0.26666666666666666,0.032640949554896145,-0.08170128585558842,6.913946587537092,-0.33568181695340327
https://www.farglory-realty.com.tw/life-proposal/expert_tsmc-housing_20250703/,337,-0.3094262295081967,11,-0.6333333333333333,0.032640949554896145,-0.4690405539070227,6.664688427299703,0.0025795168071070136
https://www.farglory-realty.com.tw/life-proposal/expert_zhu_inherit-siblings_20250704/,337,-0.3080082135523614,12,0.5,0.03560830860534125,1.1676557863501484,11.148367952522255,-0.1364314946908958
https://www.farglory-realty.com.tw/life-proposal/land_property_rights/,336,-0.2599118942731278,5,-0.2857142857142857,0.01488095238095238,-0.03486394557823135,6.705357142857143,-0.4836784018220585
https://www.farglory-realty.com.tw/life-proposal/area-txg-port_park_20240111/,333,0.1404109589041096,8,-0.1111111111111111,0.024024024024024024,-0.22055388722055386,6.015015015015015,-0.5102107126647003
https://www.farglory-realty.com.tw/buildings/dh1/?utm_source=googlemap&utm_medium=dh1&utm_campaign=googlemap,332,0.20727272727272728,4,,0.012048192771084338,,3.1265060240963853,0.034643991126962606
https://www.farglory-realty.com.tw/buildings/fm3/?utm_source=google_kw&utm_medium=fm3&utm_campaign=googlemap,332,0.08496732026143791,1,,0.0030120481927710845,,8.051204819277109,0.2959856258278775
https://www.farglory-realty.com.tw/life-proposal/area-txg-shuinan_park_20240419/,332,-0.29957805907172996,3,0.5,0.009036144578313253,1.141566265060241,8.52710843373494,-0.3347844967757799
https://www.farglory-realty.com.tw/life-proposal/expert_macromicro_cut-interest-rates_20241030/,326,0.1601423487544484,6,1,0.018404907975460124,0.7239263803680982,9.248466257668712,-0.17680740627022237
https://www.farglory-realty.com.tw/life-proposal/mortgage-insurance_20221021/,326,-0.23653395784543327,4,1,0.012269938650306749,1.6196319018404908,21.052147239263803,-0.35813874536482376
https://www.farglory-realty.com.tw/life-proposal/change_house/,325,-0.3407707910750507,10,0,0.03076923076923077,0.516923076923077,12.76923076923077,-0.3680756103964295
https://www.farglory-realty.com.tw/life-proposal/expert_zhu_property_escrow_vedio_20240531/,325,-0.11202185792349727,7,-0.3,0.021538461538461538,-0.2116923076923077,6.84,-0.3449921507064364
https://www.farglory-realty.com.tw/life-proposal/adaoando-20200610/,319,-0.3065217391304348,3,0.5,0.009404388714733543,1.163009404388715,26.482758620689655,-0.3986539162050922
https://www.farglory-realty.com.tw/life-proposal/interview-s-taoyuan-green20221111/,315,-0.2517814726840855,19,0.35714285714285715,0.06031746031746032,0.8138321995464853,11.882539682539683,-0.15951794248165208
https://www.farglory-realty.com.tw/life-proposal/kw_credibility_20230602/,313,-0.4469964664310954,6,-0.25,0.019169329073482427,0.35623003194888175,10.977635782747603,-0.2561544531264045
https://www.farglory-realty.com.tw/life-proposal/ai_property_20230327/,312,-0.31877729257641924,2,-0.6,0.00641025641025641,-0.4128205128205128,23.73076923076923,0.11542408740684604
https://www.farglory-realty.com.tw/life-proposal/area-tph_banqiao_park_20240820/,308,-0.043478260869565216,18,0.2857142857142857,0.05844155844155844,0.34415584415584416,6.9480519480519485,-0.22692718477099952
https://www.farglory-realty.com.tw/life-proposal/area-l-taipei-beitou20220520/,307,-0.08083832335329341,3,,0.009771986970684038,,13.201954397394136,-0.40741126612960066
https://www.farglory-realty.com.tw/life-proposal/expert_zhu_mansion-tax-count_vedio_20250625/#elementor-toc__heading-anchor-2,306,-0.03470031545741325,0,,0,,6.1568627450980395,-0.08541448444419936
https://www.farglory-realty.com.tw/life-proposal/expert_macromicro_housing_market_20240222/,305,-0.3412526997840173,2,-0.6,0.006557377049180328,-0.3927868852459016,8.570491803278689,-0.2702946478635468
https://www.farglory-realty.com.tw/life-proposal/shuinan/,303,0.09386281588447654,2,,0.006600660066006601,,10.547854785478547,-0.4138905164337899
https://www.farglory-realty.com.tw/life-proposal/area_tnnyongkang_redevelop_yanxing_20230901/#elementor-toc__heading-anchor-3,299,-0.1308139534883721,0,,0,,4.719063545150502,-0.08800120251024014
https://www.farglory-realty.com.tw/life-proposal/space_furnish_kitchen_20240102/,298,-0.38809034907597534,7,-0.5333333333333333,0.02348993288590604,-0.23736017897091716,13.681208053691275,-0.25497614646677275
https://www.farglory-realty.com.tw/life-proposal/expert_zhu_property_law2_vedio_20241031/,289,-0.63875,2,0,0.006920415224913495,1.7681660899653977,10.342560553633218,-0.17720281991780287
https://www.farglory-realty.com.tw/life-proposal/expert_macromicro_20230522/,286,-0.2885572139303483,9,1.25,0.03146853146853147,2.162587412587413,9.23076923076923,-0.3586641495386743
https://www.farglory-realty.com.tw/life-proposal/area_txg_xitun_eight_20240207/,285,-0.22972972972972974,2,1,0.007017543859649123,1.5964912280701753,11.108771929824561,-0.36940079563745204
https://www.farglory-realty.com.tw/life-proposal/space_design_cooldown_20240804/,284,-0.2111111111111111,4,-0.3333333333333333,0.014084507042253521,-0.1549295774647887,13.014084507042254,-0.24152980046378322
https://www.farglory-realty.com.tw/life-proposal/area-tpe-beitou_bstp_school_20240713/,282,-0.06930693069306931,2,0,0.0070921985815602835,0.07446808510638293,10.787234042553191,-0.2347150749488137
https://www.farglory-realty.com.tw/life-proposal/kaohsiung-artplan-20220610/,281,-0.25066666666666665,9,0.5,0.03202846975088968,1.001779359430605,16.91103202846975,-0.3835889375314777
https://www.farglory-realty.com.tw/building-tag/build-tag-green/,280,4,7,2.5,0.025,-0.29999999999999993,7.2785714285714285,-0.07152619589977224
https://www.farglory-realty.com.tw/life-proposal/electrical-safety/,278,-0.14984709480122324,7,0.4,0.025179856115107913,0.6467625899280576,16.938848920863308,-0.17952842584471906
https://www.farglory-realty.com.tw/life-proposal/kaohsiung-station-mecanoo20220610/,276,-0.20916905444126074,4,0.3333333333333333,0.014492753623188406,0.6859903381642511,12.072463768115941,-0.4915170341452494
https://www.farglory-realty.com.tw/life-proposal/healthy-house1/,273,-0.3837471783295711,4,-0.3333333333333333,0.014652014652014652,0.08180708180708182,10.238095238095237,-0.11812634834217571
https://www.farglory-realty.com.tw/life-proposal/expert_zhu_file-taxes_20250409/,272,-0.14465408805031446,0,-1,0,-1,4.3786764705882355,-0.6557678324729149
https://www.farglory-realty.com.tw/life-proposal/donated_property20220624/,268,-0.27371273712737126,8,-0.4666666666666667,0.029850746268656716,-0.2656716417910448,8.649253731343283,-0.10899647491187286
https://www.farglory-realty.com.tw/life-proposal/expert_zhu_tax_gifttax_vedio_20240206/,268,-0.1518987341772152,14,1,0.05223880597014925,1.3582089552238805,10.14179104477612,-0.23785827107033197
https://www.farglory-realty.com.tw/life-proposal/area-s-khh-central_20240502/#elementor-toc__heading-anchor-2,265,-0.2471590909090909,0,,0,,7.10188679245283,0.06422484075921511
https://www.farglory-realty.com.tw/life-proposal/expert_zhu_inherited_20230512/,258,-0.355,2,-0.75,0.007751937984496124,-0.6124031007751938,15.531007751937985,-0.3864293233802278
https://www.farglory-realty.com.tw/life-proposal/firesafety/,256,-0.3452685421994885,1,-0.8,0.00390625,-0.69453125,17.78515625,-0.34954671277242544
https://www.farglory-realty.com.tw/life-proposal/expert_macromicro_housing_2024q3_20241106/,255,-0.3427835051546392,0,-1,0,-1,9.60392156862745,-0.24598916053673592
https://www.farglory-realty.com.tw/life-proposal/expert_macromicro_housing_2024trend_20231125/,255,-0.05555555555555555,2,1,0.00784313725490196,1.1176470588235292,8.670588235294119,-0.1374138454202609
https://www.farglory-realty.com.tw/life-proposal/area_hotspot_tnn_yongkang_traffic_20240102/,253,-0.3594936708860759,2,-0.3333333333333333,0.007905138339920948,0.040843214756258205,9.142292490118576,-0.19643846604431742
https://www.farglory-realty.com.tw/life-proposal/expert_zhu_multiple-inheriting_vedio_20250423/,252,-0.49498997995991983,8,0,0.031746031746031744,0.9801587301587302,9.452380952380953,-0.09831043868512804
https://www.farglory-realty.com.tw/life-proposal/area-s-tainan-dawan20220520/,248,-0.2392638036809816,8,3,0.03225806451612903,4.258064516129032,9.012096774193548,-0.42086663741630265
https://www.farglory-realty.com.tw/life-proposal/space_furnish_livingroom_20231027/,247,-0.6176470588235294,2,-0.6,0.008097165991902834,0.04615384615384616,35.60323886639676,-0.06849895477330588
https://www.farglory-realty.com.tw/life-proposal/expert_liu_commercial_2025trend_20250115/,244,-0.4906054279749478,2,-0.5,0.00819672131147541,-0.018442622950819523,11.426229508196721,-0.03607539020320011
https://www.farglory-realty.com.tw/life-proposal/house_tax/,242,-0.30057803468208094,4,0.3333333333333333,0.01652892561983471,0.9063360881542702,17.43388429752066,-0.23187011754206693
https://www.farglory-realty.com.tw/life-proposal/area-tainan_west-central_redevelop_diamond_school_20250516/,241,-0.23492063492063492,5,1.5,0.02074688796680498,2.267634854771784,8.240663900414937,-0.3101756235368841
https://www.farglory-realty.com.tw/life-proposal/notice_20230331/,239,-0.24605678233438485,5,-0.5833333333333334,0.02092050209205021,-0.447350069735007,11.380753138075313,-0.5648131791592431
https://www.farglory-realty.com.tw/life-proposal/tsuta-house/,237,-0.26625386996904027,2,-0.7142857142857143,0.008438818565400843,-0.6106088004822182,19.362869198312236,-0.30685949783277705
https://www.farglory-realty.com.tw/life-proposal/expert_macromicro_financial-statements_20250318/,235,-0.24920127795527156,4,1,0.01702127659574468,1.6638297872340426,10.331914893617022,-0.10641355023428359
https://www.farglory-realty.com.tw/sales/O1/B5948,235,-0.09266409266409266,6,1,0.02553191489361702,1.2042553191489362,4.421276595744681,0.6429133978448672
https://www.farglory-realty.com.tw/life-proposal/expert_macromicro_mec_oil_20231125/,234,-0.2732919254658385,1,0,0.004273504273504274,0.3760683760683763,13.474358974358974,-0.2668564397188932
https://www.farglory-realty.com.tw/life-proposal/urbanrenewal20220603/,234,-0.37433155080213903,10,-0.16666666666666666,0.042735042735042736,0.3319088319088318,12.08974358974359,-0.41642177302992994
https://www.farglory-realty.com.tw/buildings/eh2/?utm_source=fg&utm_medium=eh2&utm_campaign=googlemap,233,,0,,0,,7.0257510729613735,
https://www.farglory-realty.com.tw/life-proposal/2022branding_20230119/,228,-0.4697674418604651,2,-0.7142857142857143,0.008771929824561403,-0.4611528822055138,14.149122807017545,-0.27310360728583705
https://www.farglory-realty.com.tw/life-proposal/area-tainan_west-central_redevelop_diamond_park_20250509/,222,-0.27450980392156865,3,-0.5,0.013513513513513514,-0.31081081081081074,11.91891891891892,-0.18534974554630568
https://www.farglory-realty.com.tw/life-proposal/expert_hoshichang_property_market_20250307/,221,-0.26578073089701,1,-0.5,0.004524886877828055,-0.3190045248868778,9.113122171945701,-0.08197798736423835
https://www.farglory-realty.com.tw/life-proposal/universal-design-home1-20220722/,215,-0.05701754385964912,4,-0.5555555555555556,0.018604651162790697,-0.5286821705426357,5.586046511627907,-0.11554263565891477
https://www.farglory-realty.com.tw/life-proposal/area-s-khh-central_20240502/#elementor-toc__heading-anchor-1,214,-0.28187919463087246,0,,0,,7.11214953271028,0.04199634255047365
https://www.farglory-realty.com.tw/life-proposal/area-s-khh-central_20240502/#elementor-toc__heading-anchor-0,212,-0.23741007194244604,0,,0,,7.122641509433962,0.03076227986602889
https://www.farglory-realty.com.tw/life-proposal/kw_land_rights_20230606/,208,-0.4124293785310734,1,0,0.004807692307692308,0.701923076923077,13.350961538461538,-0.05531873183782036
https://www.farglory-realty.com.tw/building-category/factory-office/,207,0.4375,3,-0.5714285714285714,0.014492753623188406,-0.7018633540372671,7.821256038647343,0.042834138486312415
https://www.farglory-realty.com.tw/life-proposal/area-s-tph_banqiao_tpark_school_20250421/,205,-0.1276595744680851,5,1.5,0.024390243902439025,1.8658536585365857,9.121951219512194,-0.20012741172187845
https://www.farglory-realty.com.tw/activity-report/bh10event2025q2/,204,-0.18725099601593626,2,-0.3333333333333333,0.00980392156862745,-0.17973856209150327,10.696078431372548,0.15770404755261305
https://www.farglory-realty.com.tw/life-proposal/true_price/,200,-0.7442455242966752,1,0,0.005,2.9099999999999997,46.2,-0.1097871082199881
https://www.farglory-realty.com.tw/life-proposal/expert_macromicro_fomc2025_20250618/,199,-0.4636118598382749,2,1,0.010050251256281407,2.728643216080402,10.391959798994975,-0.09624540894816327
https://www.farglory-realty.com.tw/buildings/cgh01/,197,-0.9027160493827161,19,-0.759493670886076,0.09644670050761421,1.4722097282015036,6.6395939086294415,-0.11521599993586344
https://www.farglory-realty.com.tw/life-proposal/natural-design/,196,-0.11312217194570136,5,0,0.025510204081632654,0.12755102040816332,8.38265306122449,-0.3166483487530018
https://www.farglory-realty.com.tw/life-proposal/space_pets_20230130/,196,-0.4585635359116022,7,0.75,0.03571428571428571,2.232142857142857,13.035714285714286,-0.3421262273207066
https://www.farglory-realty.com.tw/life-proposal/expert_macromicro_tariff_20250218/,195,-0.7440944881889764,2,-0.5,0.010256410256410256,0.9538461538461539,25.266666666666666,-0.14570705950215207
https://www.farglory-realty.com.tw/life-proposal/area-l-kaohsiung-gusha20200520/,194,-0.37216828478964403,3,-0.4,0.015463917525773196,-0.04432989690721638,10.762886597938145,-0.38571629871391083
https://www.farglory-realty.com.tw/life-proposal/area_txg_beitun_depot_park_20240529/,192,-0.2808988764044944,2,-0.6666666666666666,0.010416666666666666,-0.5364583333333334,9.864583333333334,-0.25429112400905995
https://www.farglory-realty.com.tw/life-proposal/expert_20230721_macromicro_korea/,191,-0.47527472527472525,1,0,0.005235602094240838,0.9057591623036649,14.654450261780104,-0.1796032151202771
https://www.farglory-realty.com.tw/life-proposal/indicators_20221111/,191,-0.3654485049833887,1,-0.6666666666666666,0.005235602094240838,-0.47469458987783586,7.827225130890052,-0.27530151817966597
https://www.farglory-realty.com.tw/life-proposal/space_design_curtain_20240714/,190,-0.5388349514563107,0,-1,0,-1,22.978947368421053,-0.4276102590211926
https://www.farglory-realty.com.tw/life-proposal/ease_healthy-material_20230616/,189,0.1524390243902439,2,1,0.010582010582010581,0.7354497354497352,13.333333333333334,-0.37595129375951297
https://www.farglory-realty.com.tw/life-proposal/expert_li_homeowners_20250410/#elementor-toc__heading-anchor-3,184,-0.4772727272727273,0,,0,,7.586956521739131,-0.06817561212415406
https://www.farglory-realty.com.tw/life-proposal/area-hotspot-tnn-dawan_park_20240229/,183,-0.1902654867256637,3,-0.5,0.01639344262295082,-0.3825136612021858,9.765027322404372,-0.19690823331026644
https://www.farglory-realty.com.tw/life-proposal/area-l-taichung-beitun20220520/#elementor-toc__heading-anchor-0,183,-0.7407932011331445,0,,0,,9.404371584699453,-0.27492777778772376
https://www.farglory-realty.com.tw/life-proposal/area-l-taichung-beitun20220520/#elementor-toc__heading-anchor-1,183,-0.7407932011331445,1,,0.00546448087431694,,9.404371584699453,-0.27492777778772376
https://www.farglory-realty.com.tw/life-proposal/area-l-taichung-beitun20220520/#elementor-toc__heading-anchor-2,183,-0.7407932011331445,0,,0,,9.404371584699453,-0.27492777778772376
https://www.farglory-realty.com.tw/life-proposal/expert_peizhen_2024q3review_20241001/,178,-0.36428571428571427,1,0,0.0056179775280898875,0.5730337078651685,8.758426966292134,-0.1830914221979355
https://www.farglory-realty.com.tw/life-proposal/reconstruction/,178,-0.5041782729805014,0,,0,,70.08426966292134,0.05866585916808722
https://www.farglory-realty.com.tw/buildings/h807/,177,-0.04838709677419355,1,,0.005649717514124294,,12.056497175141242,-0.23017216801363855
https://www.farglory-realty.com.tw/life-proposal-tag/8%E3%80%81%E9%81%A0%E9%9B%84%E6%88%BF%E5%9C%B0%E7%94%A2%E5%BB%BA%E6%A1%88/h807/,177,0.20408163265306123,5,0,0.02824858757062147,-0.1694915254237289,8.966101694915254,-0.05110370831350432
https://www.farglory-realty.com.tw/life-proposal/area_hotspot_khh_sanmin_park_20230915/,177,-0.12807881773399016,2,0,0.011299435028248588,0.14689265536723162,10.661016949152541,-0.4225756561691659
https://www.farglory-realty.com.tw/life-proposal/space_design_entrance_20240314/,177,-0.5163934426229508,3,0,0.01694915254237288,1.0677966101694913,34.38418079096045,-0.17075578746102238
https://www.farglory-realty.com.tw/buildings/,176,2.6666666666666665,1,,0.005681818181818182,,8.454545454545453,-0.24146134239592199
https://www.farglory-realty.com.tw/make_appointment/,176,0.060240963855421686,17,0.4166666666666667,0.09659090909090909,0.33617424242424243,5.278409090909091,-0.4083619790068136
https://www.farglory-realty.com.tw/landing-page/mgm-gold/,174,0.05454545454545454,8,0.3333333333333333,0.04597701149425287,0.2643678160919541,8.137931034482758,-0.3131669459387953
https://www.farglory-realty.com.tw/life-proposal/expert_ken_topics_commerical_factory_20240920/,173,-0.504297994269341,5,4,0.028901734104046242,9.086705202312139,8.815028901734104,-0.39995219685874733
https://www.farglory-realty.com.tw/life-proposal/expert_li_homeowners_20250410/#elementor-toc__heading-anchor-5,173,-0.3821428571428571,0,,0,,7.6531791907514455,-0.05972348687564513
https://www.farglory-realty.com.tw/life-proposal/expert_peizhen_commercial_tec-wins_20250205/,170,-0.10052910052910052,2,-0.5,0.011764705882352941,-0.4441176470588235,9.647058823529411,-0.29384426117464807
https://www.farglory-realty.com.tw/life-proposal-tag/4%E3%80%81%E5%93%81%E7%89%8C/1%E5%93%81%E7%89%8C%E7%9B%B8%E9%97%9C/%E5%BB%BA%E5%95%86%E8%A9%95%E5%83%B9/,167,-0.13020833333333334,1,,0.005988023952095809,,9.736526946107784,0.008313470147084395
https://www.farglory-realty.com.tw/life-proposal/expert_zhu_tactic-tax-count_vedio_20250725/,166,0.006060606060606061,6,5,0.03614457831325301,4.9638554216867465,7.36144578313253,-0.3539156626506024
https://www.farglory-realty.com.tw/life-proposal/shutters-home-design/,163,-0.45484949832775917,2,-0.3333333333333333,0.012269938650306749,0.2229038854805726,29.404907975460123,-0.2812828018750448
https://www.farglory-realty.com.tw/life_proposal/experts_point/,162,-0.9131832797427653,4,3,0.024691358024691357,45.07407407407407,8.672839506172838,-0.17653699086559213
https://www.farglory-realty.com.tw/life-proposal/healthy-house2water/,161,-0.43309859154929575,5,-0.375,0.031055900621118012,0.1024844720496894,18.17391304347826,-0.26923526768401157
https://www.farglory-realty.com.tw/life-proposal/space_light_20230614/,160,-0.43462897526501765,3,2,0.01875,4.3062499999999995,38.80625,-0.12659704549069517
https://www.farglory-realty.com.tw/life-proposal/theme_ping_20230117/,159,-0.38372093023255816,0,-1,0,-1,18.82389937106918,-0.27056683122020897
https://www.farglory-realty.com.tw/buildings/dgm1?utm_source=fb&utm_medium=dgm1&utm_campaign=fb5-7,158,-0.23671497584541062,3,-0.25,0.0189873417721519,-0.017405063291139163,10.050632911392405,-0.3798864343790677
https://www.farglory-realty.com.tw/life-proposal/expert_hoshichang_property_south-prices_20250404/#elementor-toc__heading-anchor-0,158,,0,,0,,5.462025316455696,
https://www.farglory-realty.com.tw/life-proposal/space_style_peach_20240206/,157,-0.1693121693121693,2,-0.3333333333333333,0.012738853503184714,-0.19745222929936299,7.6050955414012735,-0.42274576011050574
https://www.farglory-realty.com.tw/life-proposal-tag/3%E3%80%81%E4%BA%A4%E6%98%93/1%E8%B3%BC%E5%B1%8B%E6%B5%81%E7%A8%8B%E7%9B%B8%E9%97%9C/%E6%8A%B5%E6%8A%BC%E6%AC%8A%E8%A8%AD%E5%AE%9A/,155,-0.5633802816901409,0,,0,,86.54838709677419,0.06343200260815578
https://www.farglory-realty.com.tw/life-proposal/real-estate-tax/,152,-0.4153846153846154,8,-0.2,0.05263157894736842,0.3684210526315788,9.756578947368421,-0.5420273467564922
https://www.farglory-realty.com.tw/life-proposal/expert_macromicro_tariffs-to-asia_20250528/,151,-0.7595541401273885,1,-0.9090909090909091,0.006622516556291391,-0.6219145093317279,12.23841059602649,-0.0685102588407907
https://www.farglory-realty.com.tw/about/related_business/,148,-0.20430107526881722,0,,0,,9.358108108108109,-0.03299549549549546
https://www.farglory-realty.com.tw/life-proposal/area-l-kaohsiung-nanzi_20250121/#elementor-toc__heading-anchor-1,147,-0.6457831325301204,0,,0,,5.625850340136054,-0.4945382352984493
https://www.farglory-realty.com.tw/life-proposal/area-l-kaohsiung-nanzi_20250121/#elementor-toc__heading-anchor-2,147,-0.6457831325301204,0,,0,,5.625850340136054,-0.4945382352984493
https://www.farglory-realty.com.tw/life-proposal/area-l-kaohsiung-nanzi_20250121/#elementor-toc__heading-anchor-3,147,-0.6457831325301204,0,-1,0,-1,5.625850340136054,-0.4945382352984493
https://www.farglory-realty.com.tw/life-proposal/space_furnish_muji_20231101/,146,-0.43846153846153846,0,-1,0,-1,31.945205479452056,-0.3520747777004809
https://www.farglory-realty.com.tw/life-proposal/ease_greenmaterial_20230609/,144,-0.1724137931034483,1,-0.8333333333333334,0.006944444444444444,-0.7986111111111112,18.375,-0.3247624076029567
https://www.farglory-realty.com.tw/life-proposal/expert_zhu_property_loan-ratio-exception_vedio_20250214/,144,-0.6417910447761194,0,-1,0,-1,20.305555555555557,0.016162496369143953
https://www.farglory-realty.com.tw/life-proposal/nordic_design_20221219/,144,-0.4626865671641791,0,-1,0,-1,28.444444444444443,-0.2523429667407698
https://www.farglory-realty.com.tw/contact_service/welfare_system/,143,-0.39148936170212767,3,-0.8,0.02097902097902098,-0.6713286713286714,5.783216783216783,-0.22206299710592786
https://www.farglory-realty.com.tw/life-proposal/area-s-tainan-yanxing20200520/,143,-0.35294117647058826,2,-0.5,0.013986013986013986,-0.22727272727272735,8.776223776223777,-0.36678241771287806
https://www.farglory-realty.com.tw/life-proposal/color_20230509/,143,-0.26666666666666666,0,,0,,22.32867132867133,-0.3160397566618114
https://www.farglory-realty.com.tw/sales/ah2/G0106,143,-0.764026402640264,4,0,0.027972027972027972,3.237762237762238,4.125874125874126,0.13700760358331976
https://www.farglory-realty.com.tw/buildings/ao1/,142,-0.5448717948717948,1,0,0.007042253521126761,1.1971830985915495,6.725352112676056,-0.1545890978424942
https://www.farglory-realty.com.tw/life-proposal/kaohsiung-greenspace/,142,-0.4132231404958678,0,-1,0,-1,11.661971830985916,-0.3528554957352461
https://www.farglory-realty.com.tw/buildings/8fxz11/,141,-0.8788659793814433,3,-0.8928571428571429,0.02127659574468085,-0.11550151975683898,12.049645390070921,-0.054037415927527324
https://www.farglory-realty.com.tw/wom-recommendation/farglory-star8-2/,140,-0.3069306930693069,4,1,0.02857142857142857,1.8857142857142857,12.178571428571429,0.12076147087536618
https://www.farglory-realty.com.tw/activity-report/mid-autumn-festival/,138,9.615384615384615,9,,0.06521739130434782,,6.0144927536231885,-0.6742149758454107
https://www.farglory-realty.com.tw/life-proposal/expert_hoshichang_property_south-prices_20250404/#elementor-toc__heading-anchor-1,138,,0,,0,,5.195652173913044,
https://www.farglory-realty.com.tw/life-proposal/expert_macromicro_mec_china_20231222/,138,-0.19767441860465115,2,0,0.014492753623188406,0.24637681159420294,11.355072463768115,-0.292877456999234
https://www.farglory-realty.com.tw/life-proposal/expert_peizhen_2024q2review_20240703/,137,0.05384615384615385,0,,0,,8.978102189781023,0.09386437176338594
https://www.farglory-realty.com.tw/life-proposal/land_bank_loan/,137,-0.4497991967871486,5,4,0.0364963503649635,8.087591240875913,16.846715328467155,-0.48999001619594873
https://www.farglory-realty.com.tw/life-proposal/universal-design-safety-20220722/,137,0.07874015748031496,3,0.5,0.021897810218978103,0.39051094890510957,14.569343065693431,0.4376896420692042
https://www.farglory-realty.com.tw/wp-content/uploads/2021/08/8-3-%E9%A9%97%E5%B1%8B%E6%AA%A2%E6%9F%A5%E8%A1%A8.pdf,137,-0.6287262872628726,10,-0.5833333333333334,0.072992700729927,0.12226277372262753,17.357664233576642,-0.24416118690231525
https://www.farglory-realty.com.tw/activity-report/%E9%81%A0%E9%9B%84%E6%88%BF%E5%9C%B0%E7%94%A2-%E5%AE%98%E6%96%B9line-%E7%AB%AF%E5%8D%88%E9%99%90%E5%AE%9A%F0%9F%90%B2%E5%A4%A7%E5%B7%A8%E8%9B%8Bvip%E5%B0%88%E5%B1%AC%E8%B2%B4%E8%B3%93%E5%B8%AD/,136,-0.768313458262351,3,-0.8333333333333334,0.022058823529411766,-0.28063725490196073,11.367647058823529,0.2974545641706032
https://www.farglory-realty.com.tw/life-proposal/expert_macromicro_2023q2_20230816/,135,0.046511627906976744,0,,0,,16.385185185185186,-0.08100483091787432
https://www.farglory-realty.com.tw/activity-report/september-events/,133,-0.7892234548335975,3,0,0.022556390977443608,3.7443609022556386,8.759398496240602,-0.11009814021448719
https://www.farglory-realty.com.tw/life-proposal/reduce_property_20221215/,133,-0.31088082901554404,2,-0.75,0.015037593984962405,-0.637218045112782,4.917293233082707,-0.6849144774286313
https://www.farglory-realty.com.tw/life-proposal/area-s-kaohsiung-nstm20220520/,131,-0.25142857142857145,2,0,0.015267175572519083,0.3358778625954198,10.16030534351145,-0.4840239596301498
https://www.farglory-realty.com.tw/life-proposal/small_property_20221007/,131,-0.5304659498207885,1,-0.8571428571428571,0.007633587786259542,-0.6957470010905126,31.549618320610687,-0.03746927157458923
https://www.farglory-realty.com.tw/life-proposal/universal-design-base20220713/,131,0.2358490566037736,3,2,0.022900763358778626,1.4274809160305344,10.091603053435115,-0.1253393919344872
https://www.farglory-realty.com.tw/wom-recommendation/hh1_msliu/,131,0.08264462809917356,1,0,0.007633587786259542,-0.07633587786259548,11.305343511450381,0.026986910574696824
https://www.farglory-realty.com.tw/activity-report-category/activities_glance/activities_glance_list/ag_case_activities/,129,0.09322033898305085,8,-0.1111111111111111,0.06201550387596899,-0.18690783807062883,7.364341085271318,0.19203326208781274
https://www.farglory-realty.com.tw/buildings/8fsl01/,129,-0.23214285714285715,2,-0.5,0.015503875968992248,-0.34883720930232553,9.891472868217054,-0.1464984890290369
https://www.farglory-realty.com.tw/life-proposal/waterleaking/,127,-0.5574912891986062,2,-0.3333333333333333,0.015748031496062992,0.5065616797900261,29.590551181102363,-0.14708364075761995
https://www.farglory-realty.com.tw/life-proposal/land_handover_check/,125,-0.1830065359477124,0,-1,0,-1,12.8,-0.15876288659793805
https://www.farglory-realty.com.tw/life-proposal/expert_peizhen_2024-land-deal_20241213/,123,-0.5527272727272727,0,-1,0,-1,6.609756097560975,-0.20763603887128676
https://www.farglory-realty.com.tw/life-proposal/expert_li_7th-cycle_20241101/,122,-0.3068181818181818,11,-0.5217391304347826,0.09016393442622951,-0.3100498930862437,7.680327868852459,0.7441776837652038
https://www.farglory-realty.com.tw/life-proposal-tag/macroeconomics-2/macromicro/,121,0.24742268041237114,7,-0.125,0.05785123966942149,-0.29855371900826444,6.31404958677686,-0.34143783879854256
https://www.farglory-realty.com.tw/life-proposal/expert_li_property_20230418/,120,-0.3333333333333333,7,-0.5625,0.058333333333333334,-0.34375,6.866666666666666,-0.13263157894736852
https://www.farglory-realty.com.tw/life-proposal/expert_peizhen_office_trend_20231004/,119,-0.23717948717948717,1,-0.8,0.008403361344537815,-0.7378151260504202,14.840336134453782,-0.21495678637680907
https://www.farglory-realty.com.tw/life-proposal/expert_macromicro_20230516/,118,-0.18620689655172415,1,0,0.00847457627118644,0.2288135593220339,19.5,-0.06156654497178889
https://www.farglory-realty.com.tw/life-proposal-tag/expert/zhu/,117,0.3448275862068966,2,,0.017094017094017096,,8.735042735042736,-0.0855009410966088
https://www.farglory-realty.com.tw/contact_service/salary_bonus_benefits/,116,-0.14705882352941177,1,-0.75,0.008620689655172414,-0.7068965517241379,7.043103448275862,-0.24696378225981352
https://www.farglory-realty.com.tw/life-proposal/space_design_smallhouse3_20240607/,116,-0.26582278481012656,1,-0.6666666666666666,0.008620689655172414,-0.5459770114942529,27.129310344827587,-0.05792724516862441
https://www.farglory-realty.com.tw/activity-report/ucity_toy_20231120/,115,1.0535714285714286,0,,0,,11.452173913043477,-0.2998670970191761
https://www.farglory-realty.com.tw/life-proposal/expert_hoshichang_property_south-prices_20250404/#elementor-toc__heading-anchor-2,115,,0,,0,,6.052173913043478,
https://www.farglory-realty.com.tw/life-proposal/expert_peizhen_tech-office_20240206/,115,-0.31137724550898205,8,3,0.06956521739130435,4.808695652173913,10.078260869565218,-0.26823062381852547
https://www.farglory-realty.com.tw/life-proposal-tag/esg/esg1/,114,1,4,3,0.03508771929824561,1,8.614035087719298,-0.14608695652173923
https://www.farglory-realty.com.tw/life-proposal/emerging-markets_20241217/,114,-0.4864864864864865,0,-1,0,-1,12.31578947368421,-0.1666853815428544
https://www.farglory-realty.com.tw/life-proposal/expert_peizhen_commercial_capitalist-development_20250402/,114,-0.14285714285714285,1,-0.5,0.008771929824561403,-0.4166666666666667,11.570175438596491,-0.3259599941597314
https://www.farglory-realty.com.tw/life-proposal/yongkang/#elementor-toc__heading-anchor-0,114,-0.14285714285714285,0,,0,,6.5,-0.09191176470588236
https://www.farglory-realty.com.tw/life-proposal/yongkang/#elementor-toc__heading-anchor-1,114,-0.14285714285714285,0,,0,,6.5,-0.09191176470588236
https://www.farglory-realty.com.tw/life-proposal/yongkang/#elementor-toc__heading-anchor-2,114,-0.14285714285714285,0,,0,,6.5,-0.09191176470588236
https://www.farglory-realty.com.tw/life-proposal/yongkang/#elementor-toc__heading-anchor-3,114,-0.14285714285714285,0,,0,,6.5,-0.09191176470588236
https://www.farglory-realty.com.tw/life-proposal/expert_li_afterelection_20240118/,113,-0.3615819209039548,1,0,0.008849557522123894,0.5663716814159292,8.955752212389381,-0.11145283542997736
https://www.farglory-realty.com.tw/activity-report/line-friend/,112,0.4,4,1,0.03571428571428571,0.42857142857142844,12.526785714285714,-0.4646672771672772
https://www.farglory-realty.com.tw/life-proposal-tag/3%E3%80%81%E4%BA%A4%E6%98%93/1%E8%B3%BC%E5%B1%8B%E6%B5%81%E7%A8%8B%E7%9B%B8%E9%97%9C/%E9%A9%97%E5%B1%8B%E6%B5%81%E7%A8%8B/,112,-0.37777777777777777,2,1,0.017857142857142856,2.214285714285714,47.75892857142857,-0.21218776183493926
https://www.farglory-realty.com.tw/life-proposal/expert_zhu_tax_inheritance_vedio_20240327/,110,-0.6028880866425993,2,-0.75,0.01818181818181818,-0.3704545454545455,15.9,0.011552595314653243
https://www.farglory-realty.com.tw/life-proposal/office/,109,-0.6279863481228669,0,-1,0,-1,50.440366972477065,0.00908285695314628
https://www.farglory-realty.com.tw/activity-report/relation_show_20221118/,108,1.25,0,,0,,7.592592592592593,-0.7936328174153768
https://www.farglory-realty.com.tw/wom-recommendation/h101b_view/,108,-0.009174311926605505,0,-1,0,-1,7.425925925925926,0.3812729111363923
https://www.farglory-realty.com.tw/farglory-realty-about/national-building/,107,0.07,5,,0.04672897196261682,,8.616822429906541,-0.27589727479776965
https://www.farglory-realty.com.tw/life-proposal/space_storage_20230428/,107,-0.7811860940695297,0,-1,0,-1,37.205607476635514,-0.15209292743278346
https://www.farglory-realty.com.tw/activity-report/sms_20240605/,105,0,3,0,0.02857142857142857,0,8.60952380952381,0.1472081218274111
https://www.farglory-realty.com.tw/life-proposal/expert_macromicro_mec_currency_20240521/,105,-0.22794117647058823,1,,0.009523809523809525,,19.485714285714284,-0.10982292816353963
https://www.farglory-realty.com.tw/life-proposal/expert_law_y-rlee_builder2_20250425/,104,-0.5536480686695279,0,-1,0,-1,10.14423076923077,-0.30543468432830756
https://www.farglory-realty.com.tw/life-proposal/balcony_20230414/,101,-0.6731391585760518,0,-1,0,-1,29.980198019801982,-0.13113100843004943
https://www.farglory-realty.com.tw/life-proposal/bathroom/,101,-0.3765432098765432,5,0.25,0.04950495049504951,1.0049504950495052,14.851485148514852,-0.4346944092905531
https://www.farglory-realty.com.tw/sales/dh2/G0107,101,-0.028846153846153848,4,0.3333333333333333,0.039603960396039604,0.3729372937293729,6.316831683168317,0.024883767627932908
https://www.farglory-realty.com.tw/life-proposal/daily-clean/,100,-0.4350282485875706,1,,0.01,,45.15,0.3579524214103654
https://www.farglory-realty.com.tw/life-proposal-tag/expert/%E4%BD%95%E4%B8%96%E6%98%8C/,99,0.8333333333333334,0,,0,,9.151515151515152,-0.07801899592944359
https://www.farglory-realty.com.tw/life-proposal/expert_li_ai-projects_20250715/#elementor-toc__heading-anchor-1,99,-0.8943436499466382,0,-1,0,-1,8.414141414141415,0.045075623681138155
https://www.farglory-realty.com.tw/life-proposal-tag/8%E3%80%81%E9%81%A0%E9%9B%84%E6%88%BF%E5%9C%B0%E7%94%A2%E5%BB%BA%E6%A1%88/bh6/,98,-0.37579617834394907,1,,0.01020408163265306,,10.622448979591837,-0.030392738490745023
https://www.farglory-realty.com.tw/life-proposal/expert_zhu_property_registration-of-inheritance_20240830/,96,-0.4319526627218935,1,-0.8,0.010416666666666666,-0.6479166666666667,10.333333333333334,-0.37114392029768334
https://www.farglory-realty.com.tw/life-proposal/expert_peizhen_2023review_20240103/,95,-0.592274678111588,1,0,0.010526315789473684,1.4526315789473683,9.242105263157894,-0.3795993874054194
https://www.farglory-realty.com.tw/life-proposal/expert_li_ai-projects_20250715/#elementor-toc__heading-anchor-0,94,-0.8903150525087514,0,,0,,8.25531914893617,0.03736195170649528
https://www.farglory-realty.com.tw/life-proposal/expert_macromicro_housing_policy_20240507/,94,-0.4502923976608187,1,0,0.010638297872340425,0.8191489361702128,16.52127659574468,-0.05513769301928413
https://www.farglory-realty.com.tw/life-proposal/great-southern-project/,94,-0.030927835051546393,1,0,0.010638297872340425,0.031914893617021274,16.20212765957447,-0.40559516528792605
https://www.farglory-realty.com.tw/life-proposal/light/,93,-0.225,2,1,0.021505376344086023,1.5806451612903227,7.989247311827957,-0.1582882551190915
https://www.farglory-realty.com.tw/activity-report/ucitytilf_20230807/,91,0.5689655172413793,0,,0,,11.373626373626374,-0.39701066757739517
https://www.farglory-realty.com.tw/life-proposal-tag/5%E3%80%81%E5%8D%80%E5%9F%9F/1%E5%8D%80%E5%9F%9F%E5%9C%B0%E6%AE%B5/%E7%B8%A3%E5%B8%82/%E6%96%B0%E5%8C%97%E5%B8%82/%E6%9D%BF%E6%A9%8B%E5%8D%80/,91,0.1518987341772152,1,0,0.01098901098901099,-0.1318681318681318,7.230769230769231,-0.11574184329602295
https://www.farglory-realty.com.tw/life-proposal/culture/,91,0.12345679012345678,3,2,0.03296703296703297,1.6703296703296706,9.703296703296703,-0.4421809560205587
https://www.farglory-realty.com.tw/sales/dgm1/G0048,91,,0,,0,,4.21978021978022,
https://www.farglory-realty.com.tw/life-proposal/5g-aiot/,87,-0.423841059602649,1,,0.011494252873563218,,22.310344827586206,-0.2480218596059113
https://www.farglory-realty.com.tw/life-proposal/expert_macromicro20220826/,87,-0.5990783410138248,1,0,0.011494252873563218,1.4942528735632183,10.620689655172415,-0.3272943213156994
https://www.farglory-realty.com.tw/sales/ah2/B5652,87,0.011627906976744186,0,-1,0,-1,3.6666666666666665,-0.1830742659758204
https://www.farglory-realty.com.tw/life-proposal/expert_law_y-rlee_retention-money_20250704/#elementor-toc__heading-anchor-0,84,-0.22935779816513763,0,,0,,5.4523809523809526,-0.2999887823209378
https://www.farglory-realty.com.tw/life-proposal/expert_macromicro_20221125/,84,-0.17647058823529413,0,,0,,34.166666666666664,0.17379589087234745
https://www.farglory-realty.com.tw/life-proposal/land_rights_20230111/,82,-0.5794871794871795,0,,0,,20.658536585365855,-0.3210155681533218
https://www.farglory-realty.com.tw/activity-report/2023cny_hh2/,81,0.125,1,0,0.012345679012345678,-0.1111111111111111,13.901234567901234,-0.10952945828390669
https://www.farglory-realty.com.tw/life-proposal/expert_peizhen_commerical-trend_20240603/,81,-0.12903225806451613,0,-1,0,-1,10.444444444444445,-0.08017676767676771
https://www.farglory-realty.com.tw/life-proposal/fsc-thirdhouse-100/,81,0.17391304347826086,2,1,0.024691358024691357,0.7037037037037036,7.469135802469136,-0.7169849695934265
https://www.farglory-realty.com.tw/sales/dh2/B3662/,81,0.038461538461538464,0,-1,0,-1,7.728395061728395,0.11426028616416778
https://www.farglory-realty.com.tw/life-proposal/expert_li_ai-projects_20250715/#elementor-toc__heading-anchor-2,80,-0.8532110091743119,0,,0,,8.375,0.027318253432365425
https://www.farglory-realty.com.tw/life-proposal/pritzkerarchitectureprize2022/,79,0.039473684210526314,1,,0.012658227848101266,,9.670886075949367,-0.6061161083750526
https://www.farglory-realty.com.tw/contact_service/contact_us/,78,0.09859154929577464,0,-1,0,-1,9.192307692307692,-0.5081734392209148
https://www.farglory-realty.com.tw/farglory-realty_edm/,77,-0.2376237623762376,1,-0.5,0.012987012987012988,-0.3441558441558441,21.92207792207792,-0.5397776200104198
https://www.farglory-realty.com.tw/building-tag/build-tag-plan/,75,-0.46808510638297873,1,,0.013333333333333334,,11.533333333333333,0.14119298245614031
https://www.farglory-realty.com.tw/life_proposal/experts_point/%E7%8D%A8%E5%AE%B6%E5%B0%88%E6%AC%84/%E5%8A%89%E5%AD%B8%E9%BE%8D/,75,0.07142857142857142,0,-1,0,-1,6.973333333333334,-0.11570048309178745
https://www.farglory-realty.com.tw/life-proposal/space_design_smallhouse1_20240411/,74,-0.3508771929824561,1,-0.75,0.013513513513513514,-0.6148648648648648,19.04054054054054,-0.3302617643870344
https://www.farglory-realty.com.tw/activity-report/%E3%80%90%E7%A6%8F%E8%99%8E%E7%94%9F%E9%A2%A8%E8%B6%85%E5%8F%8B%E6%85%B6%E3%80%91%E6%96%B0%E6%98%A5%E5%A5%BD%E7%A6%AEline-points%E5%BE%97%E7%8D%8E%E5%85%AC%E5%91%8A/,73,-0.0759493670886076,0,-1,0,-1,29.78082191780822,0.10196015527252891
https://www.farglory-realty.com.tw/life-proposal/macroeconomics_20221108/,73,-0.3706896551724138,3,,0.0410958904109589,,10.520547945205479,-0.507711350688247
https://www.farglory-realty.com.tw/landing-page/0320live/,72,1.0571428571428572,4,3,0.05555555555555555,0.9444444444444444,7.402777777777778,-0.4164476976976977
https://www.farglory-realty.com.tw/life-proposal-tag/8%E3%80%81%E9%81%A0%E9%9B%84%E6%88%BF%E5%9C%B0%E7%94%A2%E5%BB%BA%E6%A1%88/bh5/,72,-0.5231788079470199,0,-1,0,-1,10.583333333333334,-0.04535045798486648
https://www.farglory-realty.com.tw/life-proposal/reverse_mortgage/,72,-0.6974789915966386,1,,0.013888888888888888,,68.54166666666667,0.03996663691614616
https://www.farglory-realty.com.tw/life-proposal/universal-design20220708/,72,-0.2,0,-1,0,-1,14.277777777777779,-0.5051983057373892
https://www.farglory-realty.com.tw/life-proposal/expert_macromicro_mec_manufacturing_20240304/,71,-0.5590062111801242,0,,0,,11.535211267605634,-0.37300168329354927
https://www.farglory-realty.com.tw/life-proposal/gift_tax_20220909/,71,-0.6162162162162163,3,0,0.04225352112676056,1.6056338028169013,19.6056338028169,-0.2106545694186885
https://www.farglory-realty.com.tw/sales/eh1/B5627,71,-0.06578947368421052,1,,0.014084507042253521,,3.619718309859155,-0.5399689104526826
https://www.farglory-realty.com.tw/life-proposal/expert_law_y-rlee_retention-money_20250704/#elementor-toc__heading-anchor-2,70,-0.125,0,,0,,5.485714285714286,-0.3269062226117441
https://www.farglory-realty.com.tw/life-proposal/expert_macromicro20220909/,70,-0.17647058823529413,2,,0.02857142857142857,,12.614285714285714,-0.4595694124423963
https://www.farglory-realty.com.tw/life-proposal/2022propert_news_20230204/,69,-0.5174825174825175,1,-0.5,0.014492753623188406,0.03623188405797103,23.420289855072465,-0.002649955546348322
https://www.farglory-realty.com.tw/life-proposal/expert_macromicro_20230320/,68,-0.34615384615384615,2,,0.029411764705882353,,8.735294117647058,-0.1881406718183253
https://www.farglory-realty.com.tw/sales/bh10/G0599,68,-0.014492753623188406,0,-1,0,-1,3.0588235294117645,0.6618805002315886
https://www.farglory-realty.com.tw/life-proposal/decorate/,67,-0.5109489051094891,0,-1,0,-1,40.04477611940298,-0.14104676243021624
https://www.farglory-realty.com.tw/life-proposal/expert_zhu_property_presalerule_vedio_20240726/,67,0.06349206349206349,2,1,0.029850746268656716,0.8805970149253732,14.283582089552239,-0.19366875300914788
https://www.farglory-realty.com.tw/wom-recommendation/liu_couple/,67,0.09836065573770492,3,,0.04477611940298507,,10.492537313432836,-0.21850454686275583
https://www.farglory-realty.com.tw/life-proposal/expert_law_y-rlee_retention-money_20250704/#elementor-toc__heading-anchor-3,66,-0.08333333333333333,0,,0,,5.393939393939394,-0.33726341917468206
https://www.farglory-realty.com.tw/life-proposal/house4-voice/,66,-0.26666666666666666,1,,0.015151515151515152,,21.651515151515152,-0.3243285840373219
https://www.farglory-realty.com.tw/building-type/%E8%B2%B7%E8%B3%A3%E3%80%81%E4%BB%B2%E4%BB%8B%E3%80%81%E7%A7%9F%E8%B3%83/,65,-0.6766169154228856,6,-0.14285714285714285,0.09230769230769231,1.6505494505494507,5.8,1.8091566265060237
https://www.farglory-realty.com.tw/life-proposal/expert_li_election_20231019/,65,-0.04411764705882353,1,,0.015384615384615385,,9.892307692307693,-0.08974705943582797
https://www.farglory-realty.com.tw/life-proposal/land_load_qa/,65,-0.14473684210526316,0,-1,0,-1,8.03076923076923,-0.6117439812096301
https://www.farglory-realty.com.tw/life-proposal/retirement/,65,-0.15584415584415584,1,0,0.015384615384615385,0.1846153846153846,22.184615384615384,-0.30925378705402967
https://www.farglory-realty.com.tw/wom-recommendation/mr-que/,64,-0.3263157894736842,9,0.5,0.140625,1.2265625,6.71875,-0.3047045206971678
https://www.farglory-realty.com.tw/life-proposal/cleaning_20221223/,63,-0.4,0,,0,,14,-0.46796959826275786
https://www.farglory-realty.com.tw/life-proposal-tag/5%E3%80%81%E5%8D%80%E5%9F%9F/1%E5%8D%80%E5%9F%9F%E5%9C%B0%E6%AE%B5/%E7%B8%A3%E5%B8%82/%E5%8F%B0%E4%B8%AD%E5%B8%82/seventh/,62,-0.4095238095238095,0,-1,0,-1,8.838709677419356,-0.1555372919663036
https://www.farglory-realty.com.tw/life-proposal/area-tainan_west-central_redevelop_diamond_traffic_20250523/#elementor-toc__heading-anchor-0,61,0.1509433962264151,0,,0,,4.491803278688525,-0.15877889127034703
https://www.farglory-realty.com.tw/life-proposal/expert_peizhen_manufacturing_20240422/,61,-0.33695652173913043,0,-1,0,-1,16.098360655737707,-0.25650141549805766
https://www.farglory-realty.com.tw/life-proposal/tax_mitigation_land_20220902/,61,-0.4019607843137255,0,-1,0,-1,18.950819672131146,-0.2507815478459779
https://www.farglory-realty.com.tw/life-proposal-tag/5%E3%80%81%E5%8D%80%E5%9F%9F/1%E5%8D%80%E5%9F%9F%E5%9C%B0%E6%AE%B5/%E7%B8%A3%E5%B8%82/%E6%A1%83%E5%9C%92%E5%B8%82/,60,-0.16666666666666666,1,0,0.016666666666666666,0.20000000000000004,10.483333333333333,-0.38534201954397407
https://www.farglory-realty.com.tw/life-proposal/expert_peizhen_land_20230609/,60,-0.3548387096774194,2,1,0.03333333333333333,2.0999999999999996,8.15,-0.4597647897362794
https://www.farglory-realty.com.tw/life-proposal/space_lamps_20230625/,60,-0.5041322314049587,2,1,0.03333333333333333,3.033333333333333,26.666666666666668,-0.343773303504847
https://www.farglory-realty.com.tw/life-proposal/expert_zhu_property_inheritance-1_vedio_20241128/,59,-0.4732142857142857,0,-1,0,-1,11.40677966101695,-0.2657705045782194
https://www.farglory-realty.com.tw/contact_service/working_environment/,58,-0.3333333333333333,2,-0.5,0.034482758620689655,-0.25,8.810344827586206,-0.15583700440528633
https://www.farglory-realty.com.tw/life-proposal/area-tainan_west-central_redevelop_diamond_traffic_20250523/#elementor-toc__heading-anchor-1,58,0.017543859649122806,0,,0,,4.413793103448276,-0.16137931034482766
https://www.farglory-realty.com.tw/life-proposal/area-tainan_west-central_redevelop_diamond_traffic_20250523/#elementor-toc__heading-anchor-3,58,0.07407407407407407,0,,0,,4.517241379310345,-0.11619190404797587
https://www.farglory-realty.com.tw/life-proposal/expert_law_y-rlee_retention-money_20250704/#elementor-toc__heading-anchor-1,58,-0.4020618556701031,0,,0,,5.517241379310345,-0.27187426694815847
https://www.farglory-realty.com.tw/life-proposal/expert_peizhen_south_trend_20231207/,58,-0.17142857142857143,1,,0.017241379310344827,,7.810344827586207,-0.43868158323302414
https://www.farglory-realty.com.tw/life-proposal/expert_zhu_area-discrepancy_20250827/,58,-0.9560938682816048,2,1,0.034482758620689655,44.55172413793103,9.655172413793103,-0.8503381432186444
https://www.farglory-realty.com.tw/life-proposal/pet20220603/,57,-0.41836734693877553,2,-0.3333333333333333,0.03508771929824561,0.1461988304093567,19.842105263157894,-0.2898004690323325
https://www.farglory-realty.com.tw/life-proposal/plant_20230105/,57,-0.5365853658536586,0,-1,0,-1,10.68421052631579,-0.3332532243851638
https://www.farglory-realty.com.tw/wom-recommendation/farglory-star8/,57,-0.36666666666666664,3,-0.25,0.05263157894736842,0.18421052631578935,11.24561403508772,-0.24973664702898835
https://www.farglory-realty.com.tw/life-proposal/area_txg_beitun_depot_function_20240513/#elementor-toc__heading-anchor-0,56,-0.5447154471544715,0,,0,,7.875,0.06208881578947363
https://www.farglory-realty.com.tw/life-proposal/area_txg_beitun_depot_function_20240513/#elementor-toc__heading-anchor-1,56,-0.5447154471544715,0,,0,,7.875,0.06208881578947363
https://www.farglory-realty.com.tw/activity-report/mother-day/,55,-0.017857142857142856,0,-1,0,-1,6.9818181818181815,-0.11941031941031949
https://www.farglory-realty.com.tw/activity_report/announcement_information/,55,-0.9690837549184935,3,2,0.05454545454545454,96.03636363636363,6.4363636363636365,-0.3801942779532906
https://www.farglory-realty.com.tw/life-proposal/expert_li_2022property_20220722/,54,-0.6058394160583942,2,-0.5,0.037037037037037035,0.2685185185185185,14.703703703703704,-0.17306756674572768
https://www.farglory-realty.com.tw/life-proposal/expert_macromicro_mec_2024risk_20240126/,54,-0.5813953488372093,0,-1,0,-1,7.407407407407407,-0.3169724406321976
https://www.farglory-realty.com.tw/activity-report/ucity_sep_drama_20230923/,53,-0.4111111111111111,0,,0,,13.358490566037736,-0.35569981192744043
https://www.farglory-realty.com.tw/life-proposal-tag/5%E3%80%81%E5%8D%80%E5%9F%9F/1%E5%8D%80%E5%9F%9F%E5%9C%B0%E6%AE%B5/%E7%B8%A3%E5%B8%82/%E9%AB%98%E9%9B%84%E5%B8%82/%E6%A5%A0%E6%A2%93%E5%8D%80/%E9%AB%98%E5%A4%A7%E7%89%B9%E5%8D%80/,52,1,0,-1,0,-1,7.480769230769231,-0.17234042553191486
https://www.farglory-realty.com.tw/life-proposal/expert_macromicro20220631/,52,-0.5185185185185185,0,,0,,17.673076923076923,-0.09368836291913214
https://www.farglory-realty.com.tw/life-proposal/expert_macromicro_housing_03q2_20230928/,52,-0.7592592592592593,0,,0,,8.153846153846153,-0.2823020500282114
https://www.farglory-realty.com.tw/sales/ah2/G0116,52,-0.40229885057471265,0,,0,,4.788461538461538,0.031178598629093626
https://www.farglory-realty.com.tw/about/telecreative_marketing-3/,51,-0.5526315789473685,2,0,0.0392156862745098,1.2352941176470589,8.058823529411764,-0.30976267291289167
https://www.farglory-realty.com.tw/life-proposal/ease_mildew-proof_20230612/,51,-0.6709677419354839,1,0,0.0196078431372549,2.03921568627451,20.45098039215686,-0.33293308906054003
https://www.farglory-realty.com.tw/sales/bh8/G0629,51,7.5,3,0,0.058823529411764705,-0.8823529411764706,9.764705882352942,1.253393665158371
https://www.farglory-realty.com.tw/sales/dh2/G0600,51,-0.10526315789473684,0,-1,0,-1,3.6666666666666665,-0.3888888888888889
https://www.farglory-realty.com.tw/sales/eh2/B5986,51,,2,,0.0392156862745098,,7.7254901960784315,
https://www.farglory-realty.com.tw/life-proposal/expert_macromicro_mec_energy_20240408/,50,0.3157894736842105,0,,0,,10.4,-0.5861780104712042
https://www.farglory-realty.com.tw/sales/bh9/B4118/,50,-0.0196078431372549,0,-1,0,-1,3.7,-0.16133333333333336
https://www.farglory-realty.com.tw/wom-recommendation/%E3%80%90%E9%81%A0%E9%9B%84%E6%9D%B1%E5%BE%A1%E8%8B%91%E3%80%91%E5%B7%B2%E8%B3%BC%E8%AD%89%E8%A8%80%EF%BC%9A%E7%8E%8B%E5%B0%8F%E5%A7%90-%E8%B6%85%E5%BC%B7%E6%A0%BC%E5%B1%80%E3%80%81%E7%92%B0/,50,-0.2753623188405797,2,1,0.04,1.76,11.46,-0.09110344827586193
https://www.farglory-realty.com.tw/life-proposal/area_txg_beitun_depot_function_20240513/#elementor-toc__heading-anchor-3,49,-0.5196078431372549,0,,0,,8.020408163265305,0.0542289080580685
https://www.farglory-realty.com.tw/life-proposal/expert_li_2023q3market_20230717/,48,-0.4418604651162791,2,,0.041666666666666664,,14.375,-0.23023038605230384
https://www.farglory-realty.com.tw/life-proposal/healthy-house3-poison/,48,-0.5555555555555556,0,-1,0,-1,16.479166666666664,-0.2943100713719271
https://www.farglory-realty.com.tw/about/branded_advantages/,47,-0.14545454545454545,0,-1,0,-1,7.8936170212765955,-0.35298221137077085
https://www.farglory-realty.com.tw/activity-report/hh2_cny_20240125/,47,-0.24193548387096775,0,-1,0,-1,14.404255319148936,0.09983230269363788
https://www.farglory-realty.com.tw/life-proposal/expert_macromicro_mec_q2tec_20240903/,47,-0.6147540983606558,1,0,0.02127659574468085,1.5957446808510636,12.085106382978724,-0.21071575014807048
https://www.farglory-realty.com.tw/life_proposal/peace_mind/,47,0.3055555555555556,3,2,0.06382978723404255,1.297872340425532,7.191489361702128,-0.08518156529584238
https://www.farglory-realty.com.tw/activity-report/bh10_20241217/,46,0.2777777777777778,1,,0.021739130434782608,,8.41304347826087,-0.12717704548302225
https://www.farglory-realty.com.tw/life-proposal/gigahouse_art_20220712/,46,-0.19298245614035087,0,-1,0,-1,10.173913043478262,-0.3303544532583592
https://www.farglory-realty.com.tw/life-proposal/industrial_style_20221125/,46,0.045454545454545456,1,,0.021739130434782608,,9.173913043478262,-0.6269388411154866
https://www.farglory-realty.com.tw/wom-recommendation/h713_lin/,45,-0.11764705882352941,2,-0.5,0.044444444444444446,-0.4333333333333333,11.022222222222222,0.009216038300418878
https://www.farglory-realty.com.tw/about/,44,-0.22807017543859648,0,,0,,16.18181818181818,-0.39198178222568475
https://www.farglory-realty.com.tw/buildings/fm3/?salesId=G0206,44,,1,,0.022727272727272728,,4.386363636363637,
https://www.farglory-realty.com.tw/contact_service/elite_sharing/,44,-0.13725490196078433,6,,0.13636363636363635,,7.7727272727272725,0.3126128838049367
https://www.farglory-realty.com.tw/life-proposal/expert_zhu_statute-of-distribution_20241225/,44,-0.7555555555555555,0,-1,0,-1,11.227272727272727,-0.522469496477058
https://www.farglory-realty.com.tw/life-proposal-tag/5%E3%80%81%E5%8D%80%E5%9F%9F/1%E5%8D%80%E5%9F%9F%E5%9C%B0%E6%AE%B5/%E7%B8%A3%E5%B8%82/%E6%96%B0%E5%8C%97%E5%B8%82/,43,-0.38571428571428573,0,-1,0,-1,6.093023255813954,-0.07681465821000698
https://www.farglory-realty.com.tw/life-proposal-tag/8%E3%80%81%E9%81%A0%E9%9B%84%E6%88%BF%E5%9C%B0%E7%94%A2%E5%BB%BA%E6%A1%88/dh3/,43,0.10256410256410256,0,,0,,12.488372093023257,-0.08963268854596815
https://www.farglory-realty.com.tw/life-proposal/expert_zhu_property_divide_gifttax_20240930/,43,-0.37681159420289856,0,,0,,10.093023255813954,-0.5844757728811678
https://www.farglory-realty.com.tw/buildings/fm3/?salesId=B3312,42,5,0,,0,,4.5,-0.8359375
https://www.farglory-realty.com.tw/life-proposal/firstbuy_20230427/,42,-0.65,0,,0,,22.30952380952381,-0.4589444508603765
https://www.farglory-realty.com.tw/life-proposal/rental_allowance20220707/,42,-0.6074766355140186,0,-1,0,-1,16.761904761904763,-0.4966253692046562
https://www.farglory-realty.com.tw/life-proposal/universal-design-home2-20220722/,42,-0.391304347826087,1,-0.6666666666666666,0.023809523809523808,-0.4523809523809524,8.30952380952381,-0.43953358469487497
https://www.farglory-realty.com.tw/activity-report/%E9%81%A0%E9%9B%84%E6%88%BF%E5%9C%B0%E7%94%A2-%E5%AE%98%E6%96%B9line-7%E6%9C%88%E5%A4%A7%E5%B7%A8%E8%9B%8B%E5%B0%88%E5%B1%AC%E8%B2%B4%E8%B3%93%E5%B8%AD/,41,-0.856140350877193,4,-0.5,0.0975609756097561,2.475609756097561,9.951219512195122,-0.7510666583888694
https://www.farglory-realty.com.tw/life-proposal/area-tainan_west-central_redevelop_diamond_park_20250509/#elementor-toc__heading-anchor-0,41,-0.31666666666666665,0,,0,,9.414634146341463,0.059808721914611264
https://www.farglory-realty.com.tw/life-proposal/area-tainan_west-central_redevelop_diamond_park_20250509/#elementor-toc__heading-anchor-3,41,-0.31666666666666665,0,,0,,9.414634146341463,0.059808721914611264
https://www.farglory-realty.com.tw/life-proposal/farglory_land_20221223/,41,-0.29310344827586204,0,,0,,16.21951219512195,1.018737569349942
https://www.farglory-realty.com.tw/sales/eh2/G0855,41,,1,,0.024390243902439025,,8.536585365853657,
https://www.farglory-realty.com.tw/activity-report-category/activities_glance/activities_glance_list/%E4%BD%8F%E6%88%B6%E5%B0%88%E4%BA%AB/,40,-0.13043478260869565,2,-0.6,0.05,-0.5399999999999999,7.55,-0.3949477351916376
https://www.farglory-realty.com.tw/life-proposal-tag/8%E3%80%81%E9%81%A0%E9%9B%84%E6%88%BF%E5%9C%B0%E7%94%A2%E5%BB%BA%E6%A1%88/%E9%81%A0%E9%9B%84%E6%98%9F%E5%91%88/,40,-0.6039603960396039,0,,0,,12.15,0.06801566579634465
https://www.farglory-realty.com.tw/sales/ah2/B5805/,40,-0.1836734693877551,2,1,0.05,1.4500000000000004,22.75,-0.5082708425231584
https://www.farglory-realty.com.tw/life-proposal/mortgage_-statistics_20221215/,39,-0.7531645569620253,1,-0.6666666666666666,0.02564102564102564,0.35042735042735035,12.384615384615385,-0.6757094413706942
https://www.farglory-realty.com.tw/my-account/,39,1.0526315789473684,1,0,0.02564102564102564,-0.5128205128205128,13.128205128205128,0.1547958214624881
https://www.farglory-realty.com.tw/activity-report/ucity_sep_coffee/,38,0.5833333333333334,0,,0,,10.81578947368421,-0.11406502604634457
https://www.farglory-realty.com.tw/contact_service/career_development/,38,-0.36666666666666664,2,0,0.05263157894736842,0.5789473684210525,10.18421052631579,0.09507640067911706
https://www.farglory-realty.com.tw/life-proposal-tag/8%E3%80%81%E9%81%A0%E9%9B%84%E6%88%BF%E5%9C%B0%E7%94%A2%E5%BB%BA%E6%A1%88/%E9%81%A0%E9%9B%84%E5%B3%B0%E8%98%8A/,38,-0.6237623762376238,0,-1,0,-1,15.763157894736842,0.03921602308643679
https://www.farglory-realty.com.tw/life-proposal/area-tainan_west-central_redevelop_diamond_park_20250509/#elementor-toc__heading-anchor-4,38,-0.3559322033898305,0,,0,,9.842105263157896,0.09563058589870924
https://www.farglory-realty.com.tw/life-proposal/area-tainan_west-central_redevelop_diamond_traffic_20250523/#elementor-toc__heading-anchor-2,38,-0.07317073170731707,0,,0,,4.710526315789474,-0.09751598622725027
https://www.farglory-realty.com.tw/life-proposal/area-tainan_west-central_redevelop_diamond_park_20250509/#elementor-toc__heading-anchor-1,37,-0.2127659574468085,0,,0,,9.567567567567568,0.09676994067237975
https://www.farglory-realty.com.tw/life-proposal/expert_20230815_peizhen_retail/,37,-0.5375,1,0,0.02702702702702703,1.162162162162162,15.621621621621621,-0.35280697580024356
https://www.farglory-realty.com.tw/life-proposal/expert_liu_commercial_2023review_20240101/,37,-0.4714285714285714,0,,0,,10.324324324324325,-0.3037546216736968
https://www.farglory-realty.com.tw/sales/bh10/B5578,37,-0.6942148760330579,1,-0.875,0.02702702702702703,-0.5912162162162162,6.5675675675675675,0.022748617343211982
https://www.farglory-realty.com.tw/sales/bh8/G0770,37,0.027777777777777776,2,1,0.05405405405405406,0.9459459459459462,7.4324324324324325,0.04518581081081087
https://www.farglory-realty.com.tw/activity-report/%E6%B1%90%E6%AD%A2%E9%81%A0%E9%9B%84%E5%BB%A3%E5%A0%B4-high%E8%B3%BC%E5%A5%BD%E5%BA%B7/,36,-0.4375,1,,0.027777777777777776,,12.5,-0.4002998500749625
https://www.farglory-realty.com.tw/life-proposal/branding_20221111/,36,-0.5,1,,0.027777777777777776,,11.333333333333334,0.043478260869565306
https://www.farglory-realty.com.tw/life-proposal/expert_peizhen_commercial_ai-tec_20241003/,36,-0.7142857142857143,1,,0.027777777777777776,,15.194444444444445,-0.10579168612797767
https://www.farglory-realty.com.tw/life-proposal/expert_zhu_property_house-transfer_20231129/,36,-0.5384615384615384,1,0,0.027777777777777776,1.1666666666666665,18.36111111111111,-0.22291553626333876
https://www.farglory-realty.com.tw/life-proposal/expert_li_challenge_20240411/,35,-0.5,0,-1,0,-1,14.571428571428571,0.32124352331606215
https://www.farglory-realty.com.tw/life-proposal/expert_macromicro_mec_china_20240621/,35,-0.7756410256410257,1,-0.6666666666666666,0.02857142857142857,0.4857142857142856,16.885714285714286,-0.08376645962732913
https://www.farglory-realty.com.tw/life-proposal/expert_peizhen_20230331/,35,-0.65,0,-1,0,-1,29.571428571428573,-0.11595131326073033
https://www.farglory-realty.com.tw/life-proposal/house_and_land_20220909/,35,-0.5783132530120482,2,0,0.05714285714285714,1.3714285714285712,12.4,-0.3321219987021415
https://www.farglory-realty.com.tw/sales/dh2/B5126/,35,-0.65,0,,0,,11.971428571428572,0.19834119834119832
https://www.farglory-realty.com.tw/life-proposal/area-tainan_west-central_redevelop_diamond_park_20250509/#elementor-toc__heading-anchor-6,34,-0.3333333333333333,0,,0,,9.117647058823529,0.0219780219780219
https://www.farglory-realty.com.tw/sales/cgh01/B6102,34,4.666666666666667,7,,0.20588235294117646,,10.882352941176471,0.4194373401534527
https://www.farglory-realty.com.tw/life-proposal/kitchen/,33,-0.5285714285714286,0,-1,0,-1,11.06060606060606,-0.5835167163838493
https://www.farglory-realty.com.tw/sales/eh1/G0595,33,-0.05714285714285714,1,,0.030303030303030304,,1.7272727272727273,-0.5124633431085044
https://www.farglory-realty.com.tw/wom-recommendation/h100_chen_sisters/,33,-0.2826086956521739,1,-0.5,0.030303030303030304,-0.303030303030303,13.818181818181818,-0.07341637953882849
https://www.farglory-realty.com.tw/activity-report/h109_2023cny/,32,5.4,0,,0,,6,-0.7297297297297297
https://www.farglory-realty.com.tw/life-proposal-tag/%E4%BA%8C/%E6%88%BF%E8%B2%B8/,32,-0.2558139534883721,2,-0.7142857142857143,0.0625,-0.6160714285714286,5.90625,0.04085553278688519
https://www.farglory-realty.com.tw/life-proposal/expert_peizhen_topics_commerical_office_20240828/,32,-0.058823529411764705,0,,0,,10.6875,-0.015243902439024438
https://www.farglory-realty.com.tw/life-proposal/space_furnish_maillard_20231227/,32,-0.08571428571428572,1,0,0.03125,0.09375000000000003,16.46875,-0.5736640162721893
https://www.farglory-realty.com.tw/sales/5VO1/G0729,32,,5,,0.15625,,1.28125,
https://www.farglory-realty.com.tw/life-proposal-tag/6%E3%80%81%E7%94%A2%E5%93%81/4%E7%94%A2%E5%93%81%E8%A6%8F%E5%8A%83-%E5%BB%BA%E7%AF%89/a-%E5%BB%BA%E7%AF%89%E8%A6%8F%E5%8A%83/%E5%85%A8%E9%BD%A1%E5%AE%85/,31,14.5,0,,0,,11.67741935483871,0.3738140417457306
https://www.farglory-realty.com.tw/life-proposal/area-tainan_west-central_redevelop_diamond_traffic_20250523/#elementor-toc__heading-anchor-5,31,-0.225,0,,0,,5.225806451612903,-0.05415267844110359
https://www.farglory-realty.com.tw/life-proposal/area_txg_beitun_depot_function_20240513/#elementor-toc__heading-anchor-2,31,-0.3541666666666667,0,,0,,8.064516129032258,0.0377929603044193
https://www.farglory-realty.com.tw/life-proposal/space_style_holiday_20240306/,31,-0.2619047619047619,0,-1,0,-1,10.741935483870968,-0.02556956733783875
https://www.farglory-realty.com.tw/sales/bh8/G0351,31,-0.1388888888888889,0,,0,,7.032258064516129,-0.09261186264308013
https://www.farglory-realty.com.tw/life-proposal-tag/%E4%B8%80/drawing/,30,-0.5454545454545454,0,,0,,25.533333333333335,-0.09202586206896546
https://www.farglory-realty.com.tw/life-proposal/area-tainan_west-central_redevelop_diamond_traffic_20250523/#elementor-toc__heading-anchor-4,30,-0.1891891891891892,0,,0,,5.133333333333334,-0.03587140439932315
https://www.farglory-realty.com.tw/life-proposal/space_furnish_saving_20231004/,30,-0.5774647887323944,1,-0.5,0.03333333333333333,0.1833333333333333,9.7,-0.6143896976483763
https://www.farglory-realty.com.tw/life_proposal/experts_point/%E7%8D%A8%E5%AE%B6%E5%B0%88%E6%AC%84/%E6%9D%8E%E5%90%8C%E6%A6%AE/,29,1.9,1,,0.034482758620689655,,10.758620689655173,-0.41209723007348786
https://www.farglory-realty.com.tw/life_proposal/space_aesthetics/,29,-0.5396825396825397,0,,0,,14.517241379310345,-0.49748010610079574
https://www.farglory-realty.com.tw/about/brand_performance_backup/,28,-0.45098039215686275,0,,0,,39.035714285714285,0.2213628396143733
https://www.farglory-realty.com.tw/activity-report/202412/,28,-0.5333333333333333,0,-1,0,-1,10.785714285714286,0.07142857142857154
https://www.farglory-realty.com.tw/activity-report/ucity_dec_hair/,28,-0.6164383561643836,1,,0.03571428571428571,,5.392857142857143,-0.4269598669161988
https://www.farglory-realty.com.tw/activity-report/vision-film/,28,0.8666666666666667,1,,0.03571428571428571,,6.142857142857143,-0.4547759932375317
https://www.farglory-realty.com.tw/life-proposal/expert_macromicro_mec_prosperity_20240725/,28,-0.6666666666666666,0,,0,,8.928571428571429,-0.22360248447204967
https://www.farglory-realty.com.tw/life-proposal/expert_macromicro_mec_us-selection_20240927/,28,-0.5625,1,0,0.03571428571428571,1.2857142857142856,14.571428571428571,-0.11771861062305719
https://www.farglory-realty.com.tw/life-proposal/expert_peizhen_20221226/,28,-0.582089552238806,0,-1,0,-1,12,-0.30329289428076256
https://www.farglory-realty.com.tw/life-proposal/soundproofing/,28,-0.034482758620689655,2,1,0.07142857142857142,1.0714285714285714,10.571428571428571,-0.6310813133917827
https://www.farglory-realty.com.tw/life-proposal/expert_macromicro_20221220/,27,-0.4489795918367347,0,,0,,7.481481481481482,-0.7669468578559488
https://www.farglory-realty.com.tw/sales/eh5/G0829,27,0.6875,0,,0,,2.7777777777777777,0.010101010101010065
https://www.farglory-realty.com.tw/sales/fm3/G0922,27,,10,,0.37037037037037035,,1.2592592592592593,
https://www.farglory-realty.com.tw/terms-of-service/,27,-0.4,0,,0,,41,-0.29874572405929306
https://www.farglory-realty.com.tw/wom-recommendation/h100_chang_family/,27,-0.34146341463414637,0,-1,0,-1,6,-0.576592082616179
https://www.farglory-realty.com.tw/activity-report/%E9%81%A0%E9%9B%84%E6%88%BF%E5%9C%B0%E7%94%A2-7%E8%90%AC%E5%A5%BD%E5%8F%8B/,26,-0.10344827586206896,2,1,0.07692307692307693,1.2307692307692308,19.346153846153847,-0.1008999013806706
https://www.farglory-realty.com.tw/activity-report/h713_event_apr/,26,0.23809523809523808,0,,0,,6.576923076923077,-0.587715269804822
https://www.farglory-realty.com.tw/life-proposal/expert_liu_20230629_commercial/,26,-0.3953488372093023,1,0,0.038461538461538464,0.653846153846154,13.307692307692308,0.07764739968129798
https://www.farglory-realty.com.tw/sales/bh9/G0993,26,2.25,1,0,0.038461538461538464,-0.6923076923076923,2.230769230769231,-0.10769230769230767
https://www.farglory-realty.com.tw/wom-recommendation/h101b_bridge/,26,-0.7373737373737373,1,-0.6666666666666666,0.038461538461538464,0.2692307692307693,10.038461538461538,-0.21251371449469708
https://www.farglory-realty.com.tw/wom-recommendation/h713_tsang/,26,0.08333333333333333,0,,0,,8.192307692307693,-0.6240623621120753
https://www.farglory-realty.com.tw/activity-report/ucity_dec_bedding/,25,-0.358974358974359,0,-1,0,-1,35.92,0.019563318777292546
https://www.farglory-realty.com.tw/life-proposal-tag/3%E3%80%81%E4%BA%A4%E6%98%93/1%E8%B3%BC%E5%B1%8B%E6%B5%81%E7%A8%8B%E7%9B%B8%E9%97%9C/%E4%BA%A4%E5%B1%8B%E6%B5%81%E7%A8%8B/,25,0.08695652173913043,2,1,0.08,0.8400000000000001,7.68,0.021040462427745675
https://www.farglory-realty.com.tw/life-proposal-tag/4%E3%80%81%E5%93%81%E7%89%8C/1%E5%93%81%E7%89%8C%E7%9B%B8%E9%97%9C/%E4%BF%9D%E5%9B%BA/,25,-0.038461538461538464,0,-1,0,-1,7.12,-0.29343511450381676
https://www.farglory-realty.com.tw/activity-report/%E9%81%A0%E9%9B%84%E6%88%BF%E5%9C%B0%E7%94%A2%E5%AE%98%E7%B6%B2%E6%BB%BF%E6%84%8F%E5%BA%A6%E5%95%8F%E5%88%B8%E8%AA%BF%E6%9F%A5-2025%E5%B9%B4%E7%AC%AC%E4%B8%80%E5%AD%A3-%E5%BE%97%E7%8D%8E%E5%85%AC/,24,0,1,,0.041666666666666664,,4.333333333333334,-0.3734939759036144
https://www.farglory-realty.com.tw/life-proposal-tag/3%E3%80%81%E4%BA%A4%E6%98%93/1%E8%B3%BC%E5%B1%8B%E6%B5%81%E7%A8%8B%E7%9B%B8%E9%97%9C/%E8%B2%B7%E5%B1%8B%E6%B5%81%E7%A8%8B/,24,-0.7575757575757576,1,-0.6666666666666666,0.041666666666666664,0.3749999999999999,26,-0.13362504207337597
https://www.farglory-realty.com.tw/life-proposal-tag/5%E3%80%81%E5%8D%80%E5%9F%9F/1%E5%8D%80%E5%9F%9F%E5%9C%B0%E6%AE%B5/%E7%B8%A3%E5%B8%82/%E5%8F%B0%E5%8D%97%E5%B8%82/,24,-0.6065573770491803,0,,0,,33.166666666666664,-0.17890963203463214
https://www.farglory-realty.com.tw/life-proposal-tag/5%E3%80%81%E5%8D%80%E5%9F%9F/1%E5%8D%80%E5%9F%9F%E5%9C%B0%E6%AE%B5/%E9%87%8D%E5%8A%83%E5%8D%80/,24,0,3,2,0.125,2.0000000000000004,4.541666666666666,-0.5674603174603176
https://www.farglory-realty.com.tw/life-proposal/space_furnish_newhouse_20231020/,24,-0.5789473684210527,3,2,0.125,6.125,12.958333333333334,-0.2416581108829568
https://www.farglory-realty.com.tw/sales/ah2/G0627,24,0.2631578947368421,0,-1,0,-1,3,0.05555555555555557
https://www.farglory-realty.com.tw/sales/cgh01/B2850,24,-0.38461538461538464,1,0,0.041666666666666664,0.625,5.666666666666667,-0.059574468085106316
https://www.farglory-realty.com.tw/terms-of-service_and_privacy/,24,0.09090909090909091,0,,0,,30.833333333333332,-0.49453551912568305
https://www.farglory-realty.com.tw/wom-recommendation/h101_riverside/,24,-0.4782608695652174,0,,0,,11.208333333333334,0.0011326860841424891
https://www.farglory-realty.com.tw/activity-report/%E9%81%A0%E9%9B%84%E6%88%BF%E5%9C%B0%E7%94%A2%E3%80%8C%E8%B3%9E%E5%B1%8B%E7%86%8A%E5%8E%9D%E5%91%B3%E3%80%8D%E9%A6%96%E6%AA%94%E6%B4%BB%E5%8B%95%E5%BE%97%E7%8D%8E%E5%85%AC%E5%91%8A/,23,0.045454545454545456,0,,0,,10.521739130434783,0.1750165526373871
https://www.farglory-realty.com.tw/activity-report/39339/,23,0.4375,0,-1,0,-1,9.521739130434783,-0.11937672782106051
https://www.farglory-realty.com.tw/activity-report/hh3_cny_20240202/,23,-0.25806451612903225,0,,0,,8.347826086956522,-0.4505677097756854
https://www.farglory-realty.com.tw/activity-report/ucity_sep_halloween_20230923/,23,-0.46511627906976744,0,,0,,10.173913043478262,-0.689731729879741
https://www.farglory-realty.com.tw/life-proposal-tag/6%E3%80%81%E7%94%A2%E5%93%81/4%E7%94%A2%E5%93%81%E8%A6%8F%E5%8A%83-%E5%BB%BA%E7%AF%89/a-%E5%BB%BA%E7%AF%89%E8%A6%8F%E5%8A%83/%E5%85%A8%E9%BD%A1%E5%AE%85/%E9%A4%8A%E7%94%9F%E6%9D%91/,23,0.9166666666666666,2,-0.3333333333333333,0.08695652173913043,-0.6521739130434783,7.869565217391305,-0.3531864204883859
https://www.farglory-realty.com.tw/wom-recommendation/bh2_wang/,23,-0.20689655172413793,1,0,0.043478260869565216,0.2608695652173913,14.608695652173912,-0.30775788576300084
https://www.farglory-realty.com.tw/activity-report/farglorycreative_ab6ix/,22,0.5714285714285714,0,,0,,14.136363636363637,-0.6781966001478197
https://www.farglory-realty.com.tw/life-proposal/youth_home_loan_20220830/,22,-0.5416666666666666,1,-0.6666666666666666,0.045454545454545456,-0.2727272727272727,23.727272727272727,-0.25415252723700665
https://www.farglory-realty.com.tw/life_proposal/buying_knowledge/,22,-0.9853137516688919,0,,0,,8.863636363636363,-0.19640941277447965
https://www.farglory-realty.com.tw/sales/cqh1/B3057,22,-0.35294117647058826,1,-0.6666666666666666,0.045454545454545456,-0.48484848484848486,12.954545454545455,-0.2683479311386288
https://www.farglory-realty.com.tw/sales/dgm1/G0742,22,0.1,1,-0.5,0.045454545454545456,-0.5454545454545454,3.090909090909091,-0.0029325513196481485
https://www.farglory-realty.com.tw/wom-recommendation/chiu-couple/,22,0.8333333333333334,1,0,0.045454545454545456,-0.4545454545454545,4.590909090909091,-0.6252319109461967
https://www.farglory-realty.com.tw/activity-report/eh5_20250301/,21,-0.46153846153846156,1,,0.047619047619047616,,9.095238095238095,-0.35034013605442177
https://www.farglory-realty.com.tw/activity-report/h713_20221221/,21,4.25,0,,0,,9.19047619047619,-0.5915343915343916
https://www.farglory-realty.com.tw/activity-report/ucity_occean_20230822/,21,-0.5714285714285714,0,-1,0,-1,21.952380952380953,-0.21023005384238863
https://www.farglory-realty.com.tw/life-proposal-tag/5%E3%80%81%E5%8D%80%E5%9F%9F/1%E5%8D%80%E5%9F%9F%E5%9C%B0%E6%AE%B5/%E7%B8%A3%E5%B8%82/%E5%8F%B0%E4%B8%AD%E5%B8%82/beitun/,21,-0.8125,0,-1,0,-1,8.714285714285715,-0.11833785004516699
https://www.farglory-realty.com.tw/life-proposal-tag/8%E3%80%81%E9%81%A0%E9%9B%84%E6%88%BF%E5%9C%B0%E7%94%A2%E5%BB%BA%E6%A1%88/%E9%81%A0%E9%9B%84%E7%90%A2%E8%98%8A/,21,-0.9320388349514563,2,-0.3333333333333333,0.09523809523809523,8.80952380952381,16.38095238095238,0.5817857142857142
https://www.farglory-realty.com.tw/life-proposal/expert_macromicro_housing_2024q2_20240830/,21,-0.7692307692307693,0,,0,,8.857142857142858,-0.09641255605381167
https://www.farglory-realty.com.tw/activity-report/%E9%81%A0%E9%9B%84%E8%97%9D%E8%88%8D-%E9%99%90%E6%99%82%E6%84%9F%E8%AC%9D%E7%A5%AD%E8%B3%9E%E5%B1%8B%E6%8A%BD%E6%A9%9F%E7%A5%A8%E8%B3%BC%E5%B1%8B%E9%80%81%E5%AE%B6%E9%9B%BB/,20,0.3333333333333333,3,2,0.15,1.25,6.8,-0.41379310344827586
https://www.farglory-realty.com.tw/activity-report/eh3_2023cny/,20,5.666666666666667,1,,0.05,,12.85,-0.5763736263736264
https://www.farglory-realty.com.tw/activity-report/h902_2023cny/,20,4,0,-1,0,-1,6.5,-0.6708860759493671
https://www.farglory-realty.com.tw/activity-report/world-travel-awards/,20,-0.3103448275862069,0,-1,0,-1,6.9,-0.5462585034013605
https://www.farglory-realty.com.tw/building-tag/%E8%B1%AA%E5%AE%85/,20,-0.25925925925925924,0,-1,0,-1,9.2,-0.025882352941176565
https://www.farglory-realty.com.tw/life-proposal/expert_20230920_peizhen_commerical/,20,0.5384615384615384,0,,0,,12.15,-0.012812500000000025
https://www.farglory-realty.com.tw/life-proposal/expert_liu_commercial_monetary_20241009/,20,-0.5454545454545454,0,-1,0,-1,12.3,-0.30704225352112674
https://www.farglory-realty.com.tw/life-proposal/expert_peizhen_2024q1review_20240418/,20,-0.6,0,,0,,8.7,-0.07249466950959503
https://www.farglory-realty.com.tw/sales/cqh1/B2850,20,,0,,0,,7.45,
https://www.farglory-realty.com.tw/wom-recommendation/h100_director/,20,-0.16666666666666666,0,-1,0,-1,8.75,0.20689655172413793
https://www.farglory-realty.com.tw/activity-report-category/activities_glance/activities_glance_list/,19,-0.13636363636363635,3,,0.15789473684210525,,8.210526315789473,0.5985095482067999
https://www.farglory-realty.com.tw/buildings/fm3/?salesId=B5597,19,0.7272727272727273,0,,0,,5.7894736842105265,-0.7078705939159825
https://www.farglory-realty.com.tw/life-proposal/page/36/,19,1.375,0,,0,,81.42105263157895,0.20847573479152423
https://www.farglory-realty.com.tw/life_proposal/experts_point/%E7%8D%A8%E5%AE%B6%E5%B0%88%E6%AC%84/%E5%8A%89%E4%BD%A9%E7%9C%9F/,19,-0.9783599088838268,4,0.3333333333333333,0.21052631578947367,60.614035087719294,4.789473684210526,-0.10088563294059402
https://www.farglory-realty.com.tw/sales/bh10/G0605,19,-0.5777777777777777,2,-0.5,0.10526315789473684,0.18421052631578935,8.894736842105264,-0.18645699614890882
https://www.farglory-realty.com.tw/sales/bh9/G0992,19,-0.40625,0,-1,0,-1,6.526315789473684,-0.11880968243393296
https://www.farglory-realty.com.tw/life-proposal-tag/5%E3%80%81%E5%8D%80%E5%9F%9F/1%E5%8D%80%E5%9F%9F%E5%9C%B0%E6%AE%B5/%E7%B8%A3%E5%B8%82/%E5%8F%B0%E4%B8%AD%E5%B8%82/nantun/,18,0.058823529411764705,1,0,0.05555555555555555,-0.055555555555555594,12.777777777777779,0.1678614097968937
https://www.farglory-realty.com.tw/life-proposal-tag/6%E3%80%81%E7%94%A2%E5%93%81/4%E7%94%A2%E5%93%81%E8%A6%8F%E5%8A%83-%E5%BB%BA%E7%AF%89/a-%E5%BB%BA%E7%AF%89%E8%A6%8F%E5%8A%83/%E9%99%8D%E6%BA%AB%E7%AF%80%E8%83%BD/%E9%9A%94%E7%86%B1%E5%A1%97%E6%96%99/,18,-0.28,0,,0,,74.61111111111111,0.024315089389224474
https://www.farglory-realty.com.tw/life-proposal-tag/6%E3%80%81%E7%94%A2%E5%93%81/9%E7%B5%90%E6%A7%8B/a-%E7%B5%90%E6%A7%8B%E5%B7%A5%E6%B3%95/,18,-0.41935483870967744,1,-0.5,0.05555555555555555,-0.13888888888888892,8.444444444444445,-0.31111111111111106
https://www.farglory-realty.com.tw/life-proposal/area-hotspot-tnn-dawan_traffic_20240313/#elementor-toc__heading-anchor-0,18,-0.7230769230769231,0,,0,,7.722222222222222,0.0634416195856874
https://www.farglory-realty.com.tw/life-proposal/expert_ken_topics_commerical_market_20240925/,18,-0.4857142857142857,1,0,0.05555555555555555,0.9444444444444444,6.444444444444445,-0.6183493137807858
https://www.farglory-realty.com.tw/life-proposal/expert_macromicro_20221021/,18,-0.1,0,,0,,7.833333333333333,-0.6946068875893437
https://www.farglory-realty.com.tw/life-proposal/prevention1/,18,-0.1,2,1,0.1111111111111111,1.2222222222222219,18.666666666666668,-0.23340177960301164
https://www.farglory-realty.com.tw/sales/eh2/G1010,18,,0,,0,,6.611111111111111,
https://www.farglory-realty.com.tw/activity-report/edm_annoucement_20231225/,17,-0.15,0,,0,,4.0588235294117645,-0.3235294117647059
https://www.farglory-realty.com.tw/activity-report/ucity_jul_pet/,17,-0.6730769230769231,0,,0,,27.176470588235293,-0.319934325992187
https://www.farglory-realty.com.tw/landing-page/mgm/,17,-0.34615384615384615,0,,0,,9.470588235294118,-0.5397471137987905
https://www.farglory-realty.com.tw/life-proposal-tag/2%E3%80%81%E5%B8%82%E5%A0%B4/trend_real_estate/,17,-0.41379310344827586,0,-1,0,-1,11.411764705882353,0.5610432852386237
https://www.farglory-realty.com.tw/life-proposal/expert_macromicro_20230306/,17,-0.6136363636363636,0,-1,0,-1,10.235294117647058,-0.25066066359988254
https://www.farglory-realty.com.tw/life-proposal/expert_peizhen_20230201/,17,0.3076923076923077,1,,0.058823529411764705,,10.588235294117647,-0.47058823529411764
https://www.farglory-realty.com.tw/sales/5VO1/G0389,17,,3,,0.17647058823529413,,5.411764705882353,
https://www.farglory-realty.com.tw/sales/bh5/B5881,17,0.0625,0,-1,0,-1,4.647058823529411,-0.4191176470588236
https://www.farglory-realty.com.tw/sales/bh7/B6099,17,,4,,0.23529411764705882,,5.588235294117647,
https://www.farglory-realty.com.tw/activity-report/h713_2023cny/,16,3,0,,0,,5.6875,-0.6840277777777778
https://www.farglory-realty.com.tw/buildings/5vo1/?salesId=G0729,16,,0,,0,,8.625,
https://www.farglory-realty.com.tw/farglory-realty-about/,16,-0.1111111111111111,0,,0,,41.1875,0.409458174904943
https://www.farglory-realty.com.tw/life-proposal-tag/4%E3%80%81%E5%93%81%E7%89%8C/1%E5%93%81%E7%89%8C%E7%9B%B8%E9%97%9C/%E5%BB%BA%E5%95%86/,16,2.2,0,,0,,16.625,0.8070652173913044
https://www.farglory-realty.com.tw/life-proposal/expert_macromicro_mac_rmb_20230928/,16,-0.5897435897435898,0,,0,,11.25,-0.5189144736842105
https://www.farglory-realty.com.tw/sales/dh2/B6132,16,-0.058823529411764705,0,,0,,5.75,-0.4629120879120879
https://www.farglory-realty.com.tw/2024may/,15,0.5,0,,0,,3.8,0.8999999999999999
https://www.farglory-realty.com.tw/about/%E5%93%81%E7%89%8C%E5%AF%A6%E7%B8%BE_%E5%82%99%E4%BB%BD/,15,1.5,0,-1,0,-1,10.933333333333334,-0.5626666666666666
https://www.farglory-realty.com.tw/aug2025/,15,0.5,0,,0,,6.666666666666667,0.8518518518518519
https://www.farglory-realty.com.tw/life-proposal-tag/5%E3%80%81%E5%8D%80%E5%9F%9F/1%E5%8D%80%E5%9F%9F%E5%9C%B0%E6%AE%B5/%E7%B8%A3%E5%B8%82/%E5%8F%B0%E4%B8%AD%E5%B8%82/beitun/fourthteen/,15,0.875,0,-1,0,-1,18.6,0.41714285714285726
https://www.farglory-realty.com.tw/life-proposal-tag/6%E3%80%81%E7%94%A2%E5%93%81/12%E6%9C%8D%E5%8B%99/b-%E7%89%A9%E6%A5%AD%E7%AE%A1%E7%90%86/,15,-0.21052631578947367,1,,0.06666666666666667,,9.466666666666667,-0.068048359240069
https://www.farglory-realty.com.tw/life-proposal-tag/8%E3%80%81%E9%81%A0%E9%9B%84%E6%88%BF%E5%9C%B0%E7%94%A2%E5%BB%BA%E6%A1%88/%E9%81%A0%E9%9B%84%E7%B6%A0%E7%BE%8E/,15,-0.11764705882352941,0,,0,,15.533333333333333,-0.2046184738955824
https://www.farglory-realty.com.tw/life-proposal-tag/macroeconomics-2/ai-%E7%94%A2%E6%A5%AD/,15,0.15384615384615385,2,,0.13333333333333333,,19.266666666666666,0.22178861788617873
https://www.farglory-realty.com.tw/life-proposal/area-hotspot-tnn-dawan_traffic_20240313/#elementor-toc__heading-anchor-3,15,-0.8051948051948052,0,,0,,7.666666666666667,0.0504151838671412
https://www.farglory-realty.com.tw/life-proposal/buying_focus_20221230/,15,-0.0625,0,,0,,21.4,-0.5290233837689133
https://www.farglory-realty.com.tw/life-proposal/expert_20230724_macromicro_asiapacific/,15,-0.53125,0,,0,,7.666666666666667,-0.36277056277056274
https://www.farglory-realty.com.tw/life-proposal/liu_industrial_property20220629/,15,-0.4642857142857143,0,,0,,10.133333333333333,-0.3858585858585859
https://www.farglory-realty.com.tw/life-proposal/rent_high_20221126/,15,-0.6739130434782609,0,,0,,20.733333333333334,-0.19516174402250347
https://www.farglory-realty.com.tw/sales/8FSL01/B4655,15,1.1428571428571428,3,,0.2,,1,-0.9513888888888888
https://www.farglory-realty.com.tw/sales/ah2/B5930,15,2,0,,0,,13.4,-0.12987012987012986
https://www.farglory-realty.com.tw/sales/eh1/G0259,15,0.6666666666666666,0,,0,,8.2,0.7571428571428572
https://www.farglory-realty.com.tw/2024january/,14,0.07692307692307693,0,,0,,3.7857142857142856,-0.6904761904761906
https://www.farglory-realty.com.tw/activity-report/%E5%8C%97%E6%8D%B7%E5%9A%B4%E9%81%B8%E5%B9%B4%E7%AF%80%E7%B2%BE%E7%B7%BB%E7%A6%AE%E7%9B%92%E9%80%81%E7%A6%AE%E9%A6%96%E9%81%B8/,14,0.5555555555555556,0,,0,,8.785714285714285,-0.645419602818706
https://www.farglory-realty.com.tw/activity-report/%E9%81%A0%E9%9B%84%E7%90%A2%E8%98%8A%E7%B7%9A%E4%B8%8A%E6%8E%A5%E5%BE%85%E4%B8%AD%E5%BF%83%E5%95%8F%E5%88%B8%E5%A4%A7%E8%AA%BF%E6%9F%A5%E5%BE%97%E7%8D%8E%E5%85%AC%E5%91%8A/,14,-0.125,0,-1,0,-1,9.928571428571429,0.11871227364185113
https://www.farglory-realty.com.tw/activity-report/2023dragonboatfestival/,14,3.6666666666666665,1,,0.07142857142857142,,19.928571428571427,0.49464285714285694
https://www.farglory-realty.com.tw/activity-report/202411experts/,14,-0.6744186046511628,0,,0,,8.714285714285715,-0.35394088669950735
https://www.farglory-realty.com.tw/jul2025/,14,-0.2631578947368421,0,,0,,7.214285714285714,-0.15388007054673727
https://www.farglory-realty.com.tw/life-proposal-tag/2%E3%80%81%E5%B8%82%E5%A0%B4/1%E5%B8%82%E5%A0%B4%E7%9B%B8%E9%97%9C%E5%B0%88%E6%9C%89%E8%A9%9E/%E5%95%86%E5%BB%A0%E8%BE%A6/,14,0.4,0,-1,0,-1,15.214285714285714,0.02799227799227789
https://www.farglory-realty.com.tw/life-proposal-tag/2%E3%80%81%E5%B8%82%E5%A0%B4/1%E5%B8%82%E5%A0%B4%E7%9B%B8%E9%97%9C%E5%B0%88%E6%9C%89%E8%A9%9E/%E8%B2%B7%E8%B3%A3%E7%A7%BB%E8%BD%89%E6%A3%9F%E6%95%B8/,14,-0.5,2,1,0.14285714285714285,3,26.928571428571427,0.19303797468354417
https://www.farglory-realty.com.tw/life-proposal-tag/6%E3%80%81%E7%94%A2%E5%93%81/11%E8%A8%AD%E8%A8%88%E9%A2%A8%E6%A0%BC%E9%A1%9E%E5%9E%8B/interior_design/,14,-0.06666666666666667,2,0,0.14285714285714285,0.07142857142857138,10.5,0.12499999999999993
https://www.farglory-realty.com.tw/life-proposal-tag/6%E3%80%81%E7%94%A2%E5%93%81/2%E5%BB%BA%E7%AF%89%E8%A8%88%E7%AE%97/%E5%85%AC%E8%A8%AD%E6%AF%94/,14,-0.36363636363636365,0,-1,0,-1,10,-0.599271402550091
https://www.farglory-realty.com.tw/life-proposal-tag/8%E3%80%81%E9%81%A0%E9%9B%84%E6%88%BF%E5%9C%B0%E7%94%A2%E5%BB%BA%E6%A1%88/dh5/,14,-0.65,1,0,0.07142857142857142,1.8571428571428568,19.357142857142858,0.4692328544320954
https://www.farglory-realty.com.tw/life-proposal/area-hotspot-tnn-dawan_traffic_20240313/#elementor-toc__heading-anchor-1,14,-0.7358490566037735,0,,0,,7.857142857142857,0.11344537815126049
https://www.farglory-realty.com.tw/life-proposal/area-hotspot-tnn-dawan_traffic_20240313/#elementor-toc__heading-anchor-2,14,-0.8055555555555556,0,,0,,7.857142857142857,0.1180124223602484
https://www.farglory-realty.com.tw/life-proposal/expert_macromicro_20230621/,14,-0.7358490566037735,0,,0,,11.5,-0.5311538461538461
https://www.farglory-realty.com.tw/life-proposal/expert_peizhen_topics_commerical_life-insurance_20240911/,14,-0.5625,1,-0.6666666666666666,0.07142857142857142,-0.23809523809523814,7.071428571428571,-0.2142857142857143
https://www.farglory-realty.com.tw/privacy/,14,-0.44,0,-1,0,-1,10.571428571428571,-0.1843033509700177
https://www.farglory-realty.com.tw/sales/HM2/G0642,14,,0,,0,,8.285714285714285,
https://www.farglory-realty.com.tw/sales/ar1/B1716,14,,2,,0.14285714285714285,,9.785714285714286,
https://www.farglory-realty.com.tw/sales/eh1/G0881,14,-0.5,2,1,0.14285714285714285,3,2,-0.6477987421383647
https://www.farglory-realty.com.tw/about/brand_glory/,13,0.18181818181818182,0,,0,,15.461538461538462,0.17294429708222814
https://www.farglory-realty.com.tw/activity-report/%E3%80%90%E4%BD%8F%E6%88%B6%E5%B0%88%E4%BA%AB%E3%80%91%E7%B0%A1%E6%98%93diy%E8%BC%95%E9%AC%86%E5%A5%BD%E5%A5%BD%E7%8E%A9%EF%BC%8C%E5%85%8D%E5%B7%A5%E5%85%B7%E5%85%8D%E9%BB%8F%E8%B2%BC%EF%BC%8C/,13,1.1666666666666667,1,,0.07692307692307693,,10.307692307692308,-0.6251748251748253
https://www.farglory-realty.com.tw/activity-report/h807_2023cny/,13,5.5,0,,0,,4.538461538461538,-0.8721560130010834
https://www.farglory-realty.com.tw/activity-report/line-friends-aug/,13,0.8571428571428571,0,,0,,10.076923076923077,-0.6014776184267709
https://www.farglory-realty.com.tw/buildings/5vo1/?salesId=B2280,13,,0,,0,,10.23076923076923,
https://www.farglory-realty.com.tw/buildings/5vo1/?salesId=G0389,13,,3,,0.23076923076923078,,6.461538461538462,
https://www.farglory-realty.com.tw/life-proposal-tag/2%E3%80%81%E5%B8%82%E5%A0%B4/1%E5%B8%82%E5%A0%B4%E7%9B%B8%E9%97%9C%E5%B0%88%E6%9C%89%E8%A9%9E/%E5%8D%80%E5%9F%9F%E6%88%90%E4%BA%A4%E9%87%8F/,13,,0,,0,,3.4615384615384617,
https://www.farglory-realty.com.tw/life-proposal-tag/5%E3%80%81%E5%8D%80%E5%9F%9F/1%E5%8D%80%E5%9F%9F%E5%9C%B0%E6%AE%B5/%E7%B8%A3%E5%B8%82/%E6%A1%83%E5%9C%92%E5%B8%82/%E6%A1%83%E5%9C%92%E5%8D%80/%E9%9D%92%E6%BA%AA%E7%89%B9%E5%8D%80/,13,0.08333333333333333,0,,0,,10.461538461538462,-0.4588859416445623
https://www.farglory-realty.com.tw/life-proposal-tag/6%E3%80%81%E7%94%A2%E5%93%81/8%E5%BB%BA%E6%9D%90%E8%A6%8F%E5%8A%83/,13,-0.5,0,-1,0,-1,7.3076923076923075,0.016042780748663044
https://www.farglory-realty.com.tw/life-proposal-tag/8%E3%80%81%E9%81%A0%E9%9B%84%E6%88%BF%E5%9C%B0%E7%94%A2%E5%BB%BA%E6%A1%88/%E9%81%A0%E9%9B%84%E7%B4%94%E5%AF%93/,13,-0.48,0,-1,0,-1,10.23076923076923,-0.21543180745634735
https://www.farglory-realty.com.tw/life-proposal/estate_tax_20220909/,13,-0.8586956521739131,0,,0,,55.07692307692308,0.3784213610111325
https://www.farglory-realty.com.tw/life-proposal/expert_li_housing_market_20230117/,13,0.18181818181818182,0,,0,,10,-0.4054054054054055
https://www.farglory-realty.com.tw/life_proposal/music_life/,13,-0.23529411764705882,0,,0,,10.615384615384615,-0.6489075127207423
https://www.farglory-realty.com.tw/sales/bh8/B5734,13,0.18181818181818182,2,1,0.15384615384615385,0.6923076923076924,11.153846153846153,0.7280606717226435
https://www.farglory-realty.com.tw/sales/cqh1/G0176,13,0.08333333333333333,0,,0,,7.538461538461538,-0.38461538461538464
https://www.farglory-realty.com.tw/unsubscribe/,13,0.08333333333333333,0,-1,0,-1,8.076923076923077,0.08902333621434737
https://www.farglory-realty.com.tw/wom-recommendation/ms-chan/,13,-0.5,0,,0,,17,0.24507042253521133
https://www.farglory-realty.com.tw/wom-recommendation/zhan-couple/,13,1.1666666666666667,0,,0,,7.615384615384615,-0.6315136476426799
https://www.farglory-realty.com.tw/activity-report/bh6_20230714/,12,-0.8235294117647058,0,-1,0,-1,12.416666666666666,-0.19279796048438502
https://www.farglory-realty.com.tw/activity-report/ucity_drama_20231120/,12,-0.6470588235294118,2,1,0.16666666666666666,4.666666666666666,11.75,-0.5397465437788018
https://www.farglory-realty.com.tw/author/gcreate/,12,0.7142857142857143,0,,0,,8.5,-0.16197183098591544
https://www.farglory-realty.com.tw/december/,12,0.2,0,,0,,9,0.022727272727272645
https://www.farglory-realty.com.tw/june/,12,0.09090909090909091,0,,0,,6,-0.5849056603773585
https://www.farglory-realty.com.tw/life-proposal-tag/6%E3%80%81%E7%94%A2%E5%93%81/1%E5%BB%BA%E7%AF%89%E5%B0%88%E6%9C%89%E5%90%8D%E8%A9%9E/%E5%81%9C%E8%BB%8A%E4%BD%8D/%E6%B3%95%E5%AE%9A%E5%81%9C%E8%BB%8A%E4%BD%8D/,12,-0.29411764705882354,0,,0,,8.583333333333332,-0.594675925925926
https://www.farglory-realty.com.tw/life-proposal-tag/6%E3%80%81%E7%94%A2%E5%93%81/11%E8%A8%AD%E8%A8%88%E9%A2%A8%E6%A0%BC%E9%A1%9E%E5%9E%8B/,12,-0.3333333333333333,0,,0,,57.5,-0.18887147335423193
https://www.farglory-realty.com.tw/life-proposal-tag/6%E3%80%81%E7%94%A2%E5%93%81/9%E7%B5%90%E6%A7%8B/%E7%AD%8F%E5%BC%8F%E5%9F%BA%E7%A4%8E/,12,-0.45454545454545453,1,,0.08333333333333333,,38.666666666666664,-0.10456140350877194
https://www.farglory-realty.com.tw/life-proposal-tag/expert/li/,12,3,0,,0,,8.083333333333332,-0.16379310344827594
https://www.farglory-realty.com.tw/life-proposal-tag/law_property/%E7%AE%A1%E5%A7%94%E6%9C%83%E7%AE%A1%E7%90%86/,12,1.4,0,,0,,15,1.027027027027027
https://www.farglory-realty.com.tw/life-proposal-tag/real_estate-2/usa/,12,0.2,1,-0.5,0.08333333333333333,-0.5833333333333334,3.25,-0.6614583333333334
https://www.farglory-realty.com.tw/life-proposal/expert-li-2022market-20221024/,12,-0.45454545454545453,0,,0,,14.5,-0.6056860321384425
https://www.farglory-realty.com.tw/life-proposal/expert_liu_commercial_policy_20240709/,12,-0.2,0,,0,,12.25,-0.5086898395721925
https://www.farglory-realty.com.tw/life-proposal/expert_liu_commercial_property20220928/,12,-0.4782608695652174,0,,0,,7.916666666666667,-0.6067314614830813
https://www.farglory-realty.com.tw/life-proposal/expert_macromicro20220601/,12,-0.7894736842105263,0,,0,,18.166666666666668,-0.25288600288600277
https://www.farglory-realty.com.tw/life-proposal/firstbuy-2021hotpod/,12,-0.625,0,,0,,9.166666666666666,-0.5514780835881754
https://www.farglory-realty.com.tw/life-proposal/interest_rate/,12,-0.8095238095238095,0,,0,,32.08333333333333,0.2067164179104475
https://www.farglory-realty.com.tw/life_proposal/experts_point/%E7%8D%A8%E5%AE%B6%E5%B0%88%E6%AC%84/,12,-0.07692307692307693,0,,0,,50.833333333333336,0.157326328079393
https://www.farglory-realty.com.tw/october2023/,12,0.2,0,,0,,10,0.020408163265306048
https://www.farglory-realty.com.tw/sales/bh9/G0526,12,1,0,,0,,4.75,0.5833333333333334
https://www.farglory-realty.com.tw/sales/eh1/G0336,12,-0.2,1,0,0.08333333333333333,0.24999999999999994,1.3333333333333333,-0.16666666666666677
https://www.farglory-realty.com.tw/wom-recommendation/h100_lin_couple/,12,-0.3684210526315789,0,,0,,27,0.011834319526627154
https://www.farglory-realty.com.tw/wom-recommendation/single-investment/,12,0.3333333333333333,4,,0.3333333333333333,,4.416666666666666,0.10416666666666652
https://www.farglory-realty.com.tw/activity-report/bh10_20241213/,11,-0.7659574468085106,0,,0,,18.545454545454547,0.2039176293319941
https://www.farglory-realty.com.tw/activity-report/bh6_2023cny/,11,,0,,0,,6.909090909090909,
https://www.farglory-realty.com.tw/author/ad_g0208/,11,1.75,0,,0,,9.818181818181818,0.15508021390374332
https://www.farglory-realty.com.tw/building-category-tag/featured_pre_sale/,11,-0.15384615384615385,0,,0,,7.636363636363637,0.19605695509309964
https://www.farglory-realty.com.tw/life-proposal-tag/6%E3%80%81%E7%94%A2%E5%93%81/4%E7%94%A2%E5%93%81%E8%A6%8F%E5%8A%83-%E5%BB%BA%E7%AF%89/a-%E5%BB%BA%E7%AF%89%E8%A6%8F%E5%8A%83/%E7%B6%A0%E5%BB%BA%E7%AF%89/,11,10,0,,0,,14.454545454545455,1.4090909090909092
https://www.farglory-realty.com.tw/life-proposal-tag/real_estate-2/%E6%88%BF%E5%B8%82%E5%BE%AA%E7%92%B0/,11,1.75,0,,0,,10.909090909090908,0.17936117936117926
https://www.farglory-realty.com.tw/life-proposal/expert_liu_commercial_economic_20240406/,11,-0.3888888888888889,0,-1,0,-1,9.090909090909092,0.8386108273748724
https://www.farglory-realty.com.tw/sales/5VO1/G0521,11,,1,,0.09090909090909091,,7,
https://www.farglory-realty.com.tw/sales/8FSL01/B5714,11,0.375,1,,0.09090909090909091,,1.6363636363636362,0.09090909090909083
https://www.farglory-realty.com.tw/sales/HM2/B5624,11,,2,,0.18181818181818182,,6.2727272727272725,
https://www.farglory-realty.com.tw/activity-report/%E3%80%8A%E5%8D%B0%E8%B1%A1%E8%8E%AB%E5%85%A7%EF%BC%8D%E5%85%89%E5%BD%B1%E9%AB%94%E9%A9%97%E5%B1%95%E3%80%8B%E5%8C%97%E9%AB%98%E7%99%BB%E5%A0%B4%EF%BC%81/,10,-0.8333333333333334,0,,0,,21.6,-0.4106412005457025
https://www.farglory-realty.com.tw/activity-report/%E8%B6%85%E7%B4%9A%E5%A5%BD%E5%8F%8B10%E6%9C%88%E5%A5%BD%E5%BA%B7%E4%BB%BB%E5%8B%99-%E5%BE%97%E7%8D%8E%E5%85%AC%E5%91%8A/,10,0.25,0,-1,0,-1,4.8,-0.7700598802395209
https://www.farglory-realty.com.tw/activity-report/hotel/,10,-0.3333333333333333,0,,0,,12.1,-0.6096774193548387
https://www.farglory-realty.com.tw/activity-report/ucity_apr_art/,10,-0.6,0,-1,0,-1,12,-0.7137404580152672
https://www.farglory-realty.com.tw/landing-page/mgm-gold1/,10,0.42857142857142855,0,,0,,10.3,-0.6809734513274336
https://www.farglory-realty.com.tw/life-proposal-tag/%E7%A4%BE%E5%8D%80%E7%87%9F%E9%81%8B/%E7%AE%A1%E7%90%86%E8%B2%BB/,10,0,0,,0,,11.9,0.6081081081081081
https://www.farglory-realty.com.tw/life-proposal-tag/5%E3%80%81%E5%8D%80%E5%9F%9F/1%E5%8D%80%E5%9F%9F%E5%9C%B0%E6%AE%B5/%E6%98%8E%E6%98%9F%E5%AD%B8%E5%8D%80/,10,0,0,,0,,16.9,0.39669421487603296
https://www.farglory-realty.com.tw/life-proposal-tag/5%E3%80%81%E5%8D%80%E5%9F%9F/1%E5%8D%80%E5%9F%9F%E5%9C%B0%E6%AE%B5/%E7%B8%A3%E5%B8%82/%E5%8F%B0%E5%8D%97%E5%B8%82/%E4%B8%AD%E8%A5%BF%E5%8D%80/%E9%81%8B%E6%B2%B3%E6%98%9F%E9%91%BD%E7%89%B9%E5%8D%80/,10,0.42857142857142855,0,,0,,20.2,0.7036144578313251
https://www.farglory-realty.com.tw/life-proposal-tag/5%E3%80%81%E5%8D%80%E5%9F%9F/1%E5%8D%80%E5%9F%9F%E5%9C%B0%E6%AE%B5/%E7%B8%A3%E5%B8%82/%E6%96%B0%E5%8C%97%E5%B8%82/%E6%9D%BF%E6%A9%8B%E5%8D%80/%E5%8D%97%E9%9B%85%E5%9C%B0%E5%8D%80/,10,-0.16666666666666666,0,,0,,9.5,-0.01724137931034477
https://www.farglory-realty.com.tw/life-proposal/dragonfestival/,10,-0.7727272727272727,0,,0,,24.6,-0.45388496468213924
https://www.farglory-realty.com.tw/life-proposal/expert_20230609_peizhen_2023q2/,10,-0.6153846153846154,0,-1,0,-1,7.2,-0.3361702127659575
https://www.farglory-realty.com.tw/sales/cqh1/G0679,10,,3,,0.3,,2.6,
https://www.farglory-realty.com.tw/sales/h707/G0305,10,0.25,0,-1,0,-1,9.4,0.25333333333333335
https://www.farglory-realty.com.tw/%E6%90%9C%E5%B0%8B%E7%B5%90%E6%9E%9C/,9,1.25,0,,0,,24.666666666666668,-0.5819209039548022
https://www.farglory-realty.com.tw/activity-report-category/activities_glance/activities_glance_list/%E9%97%9C%E4%BC%81%E6%B4%BB%E5%8B%95/,9,-0.35714285714285715,0,,0,,8.88888888888889,-0.26797385620915026
https://www.farglory-realty.com.tw/activity-report/bh2_2023cny/,9,0.125,0,,0,,6.555555555555555,-0.32763532763532766
https://www.farglory-realty.com.tw/activity-report/line_apr_lottery/,9,2,0,-1,0,-1,8.333333333333332,-0.1666666666666668
https://www.farglory-realty.com.tw/activity-report/ucity_oct_bed/,9,0.125,1,0,0.1111111111111111,-0.11111111111111116,24.77777777777778,0.2625619249823072
https://www.farglory-realty.com.tw/building-category-tag/featured_factory_office/,9,-0.6086956521739131,0,-1,0,-1,10.666666666666666,0.23905723905723886
https://www.farglory-realty.com.tw/contact_service/business_cooperation/,9,0.8,0,,0,,3.7777777777777777,-0.5502645502645503
https://www.farglory-realty.com.tw/life-proposal-category/expert_point/macro_micro/,9,1.25,0,,0,,4.333333333333334,-0.3580246913580246
https://www.farglory-realty.com.tw/life-proposal-tag/5%E3%80%81%E5%8D%80%E5%9F%9F/1%E5%8D%80%E5%9F%9F%E5%9C%B0%E6%AE%B5/%E7%B8%A3%E5%B8%82/%E5%8F%B0%E5%8D%97%E5%B8%82/yanxing/,9,0.5,0,,0,,7,-0.3333333333333333
https://www.farglory-realty.com.tw/life-proposal/tax_mitigation_housetax_20220902/,9,-0.4375,0,,0,,12.222222222222221,-0.6142888450580759
https://www.farglory-realty.com.tw/life_proposal/,9,-0.859375,0,,0,,10.777777777777779,-0.5342486308050116
https://www.farglory-realty.com.tw/sales/eh1/B5932,9,-0.55,1,0,0.1111111111111111,1.2222222222222219,6.777777777777778,-0.4684095860566449
https://www.farglory-realty.com.tw/sales/eh5/G0597,9,0.8,2,1,0.2222222222222222,0.111111111111111,5.222222222222222,-0.47777777777777775
https://www.farglory-realty.com.tw/sales/h707/B5856,9,-0.5,0,-1,0,-1,5.666666666666667,0.12087912087912098
https://www.farglory-realty.com.tw/activity-report/ucity-erama-20230822/,8,-0.38461538461538464,0,-1,0,-1,13.5,-0.28658536585365857
https://www.farglory-realty.com.tw/activity-report/ucity_sep_band/,8,-0.7037037037037037,0,,0,,12.125,-0.47112277867528274
https://www.farglory-realty.com.tw/life-proposal-tag/2%E3%80%81%E5%B8%82%E5%A0%B4/2%E7%A8%85%E5%8B%99%E6%94%BF%E7%AD%96%E7%9B%B8%E9%97%9C/%E6%89%93%E6%88%BF/,8,-0.42857142857142855,0,,0,,13.125,-0.570677570093458
https://www.farglory-realty.com.tw/life-proposal-tag/2%E3%80%81%E5%B8%82%E5%A0%B4/3%E5%83%B9%E6%A0%BC%E7%9B%B8%E9%97%9C/%E5%AF%A6%E5%83%B9%E7%99%BB%E9%8C%84/,8,1,0,,0,,5.625,-0.8269230769230769
https://www.farglory-realty.com.tw/life-proposal-tag/2%E3%80%81%E5%B8%82%E5%A0%B4/commercial_real_estate/,8,-0.8545454545454545,1,-0.6666666666666666,0.125,1.291666666666667,8.625,-0.5149539877300613
https://www.farglory-realty.com.tw/life-proposal-tag/6%E3%80%81%E7%94%A2%E5%93%81/4%E7%94%A2%E5%93%81%E8%A6%8F%E5%8A%83-%E5%BB%BA%E7%AF%89/a-%E5%BB%BA%E7%AF%89%E8%A6%8F%E5%8A%83/%E5%85%A8%E9%BD%A1%E5%AE%85/%E9%8A%80%E9%AB%AE%E4%BD%8F%E5%AE%85/,8,,0,,0,,1,
https://www.farglory-realty.com.tw/life-proposal-tag/macroeconomics-2/%E8%B2%A1%E5%A0%B1/%E6%AF%9B%E5%88%A9%E7%8E%87/,8,,0,,0,,12,
https://www.farglory-realty.com.tw/life-proposal/%E6%88%BF%E7%94%A2%E9%A2%A8%E5%90%91%E7%90%83-%E5%B9%B3%E5%9D%87%E5%9C%B0%E6%AC%8A%E6%A2%9D%E4%BE%8B%E6%8B%8D%E6%9D%BF%E5%AE%9A%E6%A1%88%EF%BC%8C%E8%B2%B7%E6%88%BF%E8%A6%81%E6%B3%A8%E6%84%8F/,8,1.6666666666666667,0,,0,,10.5,-0.5227272727272727
https://www.farglory-realty.com.tw/life-proposal/expert_liu_commercial_election_20231005/,8,-0.6363636363636364,0,,0,,20.25,0.5256849315068493
https://www.farglory-realty.com.tw/life-proposal/expert_macromicro_mec_oil_20231018/,8,-0.6521739130434783,0,,0,,6.75,-0.7130314232902033
https://www.farglory-realty.com.tw/life-proposal/tax_relief/,8,-0.7894736842105263,0,,0,,19.625,-0.5138526727509779
https://www.farglory-realty.com.tw/sales/bh10/G1057,8,0.3333333333333333,2,1,0.25,0.5000000000000001,1.625,-0.2500000000000001
https://www.farglory-realty.com.tw/sales/bh8/G0262,8,1,0,-1,0,-1,7.625,-0.10294117647058823
https://www.farglory-realty.com.tw/sales/cqh1/B2380,8,0,1,,0.125,,5.125,-0.14583333333333334
https://www.farglory-realty.com.tw/sales/dh2/B4383/,8,0.3333333333333333,2,,0.25,,3.125,0.17187499999999986
https://www.farglory-realty.com.tw/sep2024/,8,,0,,0,,4.375,
https://www.farglory-realty.com.tw/wom-recommendation/chen-family/,8,0.6,0,,0,,15.875,1.2048611111111112
https://www.farglory-realty.com.tw/about-category/brand_performance/,7,6,0,,0,,6.428571428571429,1.142857142857143
https://www.farglory-realty.com.tw/activity-report-category/activities_glance/activities_glance_list/%E4%BD%8F%E6%88%B6%E5%B0%88%E4%BA%AB/page/3/,7,-0.3,0,-1,0,-1,5.857142857142857,-0.619666048237477
https://www.farglory-realty.com.tw/activity-report-category/activities_glance/activities_glance_list/ag_case_activities/page/2/,7,0.75,0,,0,,9.714285714285714,0.3877551020408162
https://www.farglory-realty.com.tw/activity-report/2023gold-1/,7,2.5,0,,0,,5.714285714285714,-0.12087912087912087
https://www.farglory-realty.com.tw/activity-report/bh6_20231024/,7,0.75,0,,0,,5.857142857142857,-0.7177280550774526
https://www.farglory-realty.com.tw/activity-report/dragon-boat-festival/,7,-0.5333333333333333,0,,0,,5.142857142857143,-0.576138147566719
https://www.farglory-realty.com.tw/activity-report/ucity_apr_humblehousehotels/,7,-0.2222222222222222,0,-1,0,-1,12,-0.425531914893617
https://www.farglory-realty.com.tw/building-category/general-residence/page/2/,7,-0.4166666666666667,0,,0,,28.142857142857142,-0.2768430712756194
https://www.farglory-realty.com.tw/buildings/page/2/,7,0.75,1,,0.14285714285714285,,13.142857142857142,-0.0612244897959184
https://www.farglory-realty.com.tw/landing-page/%E5%B0%88%E5%AE%B6%E5%95%8F%E8%88%87%E7%AD%94/,7,-0.2222222222222222,1,,0.14285714285714285,,6.571428571428571,-0.693560325684678
https://www.farglory-realty.com.tw/life-proposal-tag/%E4%B8%80/floor_plan/,7,-0.4166666666666667,0,-1,0,-1,5.428571428571429,-0.23361344537815118
https://www.farglory-realty.com.tw/life-proposal-tag/5%E3%80%81%E5%8D%80%E5%9F%9F/1%E5%8D%80%E5%9F%9F%E5%9C%B0%E6%AE%B5/%E7%B8%A3%E5%B8%82/%E5%8F%B0%E5%8C%97%E5%B8%82/beitou/%E5%8C%97%E6%8A%95%E5%A3%AB%E6%9E%97%E7%A7%91%E6%8A%80%E5%9C%92%E5%8D%80/,7,0.4,0,,0,,3,-0.8076923076923077
https://www.farglory-realty.com.tw/life-proposal-tag/5%E3%80%81%E5%8D%80%E5%9F%9F/1%E5%8D%80%E5%9F%9F%E5%9C%B0%E6%AE%B5/%E7%B8%A3%E5%B8%82/%E6%96%B0%E5%8C%97%E5%B8%82/%E6%9D%BF%E6%A9%8B%E5%8D%80/%E6%B1%9F%E7%BF%A0%E5%8C%97%E5%81%B4%E9%87%8D%E5%8A%83%E5%8D%80/,7,-0.4166666666666667,0,,0,,18.571428571428573,-0.5578231292517006
https://www.farglory-realty.com.tw/life-proposal-tag/8%E3%80%81%E9%81%A0%E9%9B%84%E6%88%BF%E5%9C%B0%E7%94%A2%E5%BB%BA%E6%A1%88/%E9%81%A0%E9%9B%84%E4%B9%9D%E4%BA%94/,7,-0.7307692307692307,0,,0,,26.142857142857142,0.22692109334708616
https://www.farglory-realty.com.tw/life-proposal-tag/esg/carbon_reduction/,7,0.4,1,,0.14285714285714285,,8.285714285714285,0.33640552995391687
https://www.farglory-realty.com.tw/life-proposal-tag/policy/%E8%83%BD%E6%BA%90%E6%94%BF%E7%AD%96/,7,1.3333333333333333,0,,0,,60.142857142857146,0.27963525835866265
https://www.farglory-realty.com.tw/life-proposal/expert_peizhen_realty_trend_2023q3_20231023/,7,0.4,0,,0,,7.142857142857143,-0.6565934065934066
https://www.farglory-realty.com.tw/sales/ar1/G0247,7,,3,,0.42857142857142855,,1.4285714285714286,
https://www.farglory-realty.com.tw/sales/cgh01/G0141,7,1.3333333333333333,2,,0.2857142857142857,,9.142857142857142,1.4935064935064937
https://www.farglory-realty.com.tw/sales/eh5/G0918,7,0.4,0,,0,,5.857142857142857,-0.45767195767195773
https://www.farglory-realty.com.tw/activity-report-tag/%E8%B6%85%E7%B4%9A%E5%A5%BD%E5%8F%8B%E6%B4%BB%E5%8B%95/,6,5,0,,0,,7,0.16666666666666666
https://www.farglory-realty.com.tw/activity-report/%E3%80%90%E7%A6%8F%E8%99%8E%E7%94%9F%E9%A2%A8%E8%B6%85%E5%8F%8B%E6%85%B6%E3%80%91%E6%96%B0%E6%98%A5%E5%A5%BD%E7%A6%AE%E8%90%AC%E5%85%83%E7%B4%85%E5%8C%85-%E5%BE%97%E7%8D%8E%E5%85%AC%E5%91%8A/,6,-0.45454545454545453,0,-1,0,-1,6.833333333333333,-0.8227201257861636
https://www.farglory-realty.com.tw/activity-report/20240320/,6,-0.3333333333333333,0,,0,,18.333333333333332,-0.24657534246575344
https://www.farglory-realty.com.tw/activity-report/ucity_nov_20231101/,6,-0.7692307692307693,0,,0,,18,-0.014736842105263203
https://www.farglory-realty.com.tw/building-tag/%E6%99%AF%E8%A7%80%E5%AE%85/,6,-0.25,0,-1,0,-1,8.333333333333332,1.8985507246376807
https://www.farglory-realty.com.tw/landing-page/farglory_realty_cn_2022/,6,-0.6470588235294118,0,-1,0,-1,6.166666666666667,-0.6482102908277405
https://www.farglory-realty.com.tw/landing-page/terms-of-expert/,6,5,0,,0,,8.833333333333332,-0.01851851851851865
https://www.farglory-realty.com.tw/life-proposal-tag/%E4%B8%80/,6,-0.7142857142857143,0,,0,,8.666666666666668,-0.1612903225806451
https://www.farglory-realty.com.tw/life-proposal-tag/4%E3%80%81%E5%93%81%E7%89%8C/%E6%96%BD%E5%B7%A5%E5%93%81%E8%B3%AA/,6,1,0,,0,,11.666666666666666,0.40000000000000013
https://www.farglory-realty.com.tw/life-proposal-tag/5%E3%80%81%E5%8D%80%E5%9F%9F/1%E5%8D%80%E5%9F%9F%E5%9C%B0%E6%AE%B5/%E7%B8%A3%E5%B8%82/%E5%8F%B0%E5%8D%97%E5%B8%82/yongkang/,6,-0.25,0,,0,,9.833333333333334,0.06306306306306313
https://www.farglory-realty.com.tw/life-proposal-tag/6%E3%80%81%E7%94%A2%E5%93%81/1%E5%BB%BA%E7%AF%89%E5%B0%88%E6%9C%89%E5%90%8D%E8%A9%9E/%E5%95%86%E5%BB%A0%E8%BE%A6-%E5%BB%BA%E7%AF%89%E5%B0%88%E6%9C%89%E5%90%8D%E8%A9%9E/,6,-0.76,0,,0,,55.666666666666664,0.4128595600676819
https://www.farglory-realty.com.tw/life-proposal-tag/6%E3%80%81%E7%94%A2%E5%93%81/4%E7%94%A2%E5%93%81%E8%A6%8F%E5%8A%83-%E5%BB%BA%E7%AF%89/a-%E5%BB%BA%E7%AF%89%E8%A6%8F%E5%8A%83/%E9%98%B2%E7%96%AB%E5%BB%BA%E7%AF%89/,6,5,0,,0,,18.166666666666668,-0.0916666666666666
https://www.farglory-realty.com.tw/life-proposal-tag/6%E3%80%81%E7%94%A2%E5%93%81/4%E7%94%A2%E5%93%81%E8%A6%8F%E5%8A%83-%E5%BB%BA%E7%AF%89/b-%E5%BB%BA%E7%AF%89%E8%A8%AD%E8%A8%88/,6,-0.75,0,,0,,48.833333333333336,1.0966010733452594
https://www.farglory-realty.com.tw/life-proposal-tag/esg/,6,0.2,0,,0,,10.666666666666666,0.04575163398692812
https://www.farglory-realty.com.tw/life-proposal-tag/macroeconomics-2/%E4%BE%9B%E6%87%89%E9%8F%88%E7%A7%BB%E8%BD%89/,6,-0.5,0,,0,,14.333333333333334,0.5925925925925927
https://www.farglory-realty.com.tw/life-proposal/,6,2,0,,0,,4.666666666666666,-0.8205128205128206
https://www.farglory-realty.com.tw/life-proposal/expert_liu_20221226/,6,-0.5714285714285714,0,,0,,7.833333333333333,-0.7158894645941278
https://www.farglory-realty.com.tw/life-proposal/expert_peizhen_q1view_20230519/,6,-0.14285714285714285,1,,0.16666666666666666,,6.333333333333333,-0.43162393162393164
https://www.farglory-realty.com.tw/life-proposal/expert_zhu_propertytax_20230814/,6,1,0,-1,0,-1,10.833333333333334,-0.7379032258064516
https://www.farglory-realty.com.tw/sales/HM2/B1535,6,,1,,0.16666666666666666,,3,
https://www.farglory-realty.com.tw/sales/HM2/G0281,6,,0,,0,,3.8333333333333335,
https://www.farglory-realty.com.tw/sales/O1/G1052,6,,0,,0,,8.333333333333332,
https://www.farglory-realty.com.tw/sales/ah2/B5654,6,0,2,1,0.3333333333333333,1,8.833333333333332,0.47222222222222204
https://www.farglory-realty.com.tw/sales/ar1/B5758,6,,0,,0,,1,
https://www.farglory-realty.com.tw/sales/ar1/G0141,6,,0,,0,,13,
https://www.farglory-realty.com.tw/sales/bh8/G0117,6,-0.4,1,-0.75,0.16666666666666666,-0.5833333333333334,1,-0.7142857142857143
https://www.farglory-realty.com.tw/sales/bh8/G1070,6,2,0,,0,,4.166666666666666,3.166666666666666
https://www.farglory-realty.com.tw/sales/dgm1/B2088,6,-0.3333333333333333,2,0,0.3333333333333333,0.5,2.333333333333333,-0.5
https://www.farglory-realty.com.tw/sales/dh2/B6045,6,-0.7,0,-1,0,-1,3.3333333333333335,-0.4444444444444444
https://www.farglory-realty.com.tw/sales/dh2/G0633,6,-0.14285714285714285,1,,0.16666666666666666,,6.833333333333333,-0.3622222222222222
https://www.farglory-realty.com.tw/activity-report/%E9%81%A0%E9%9B%84%E6%88%BF%E5%9C%B0%E7%94%A2-%E5%AE%98%E6%96%B9line%F0%9F%A6%81%E6%96%B0%E5%B9%B4%E5%A5%BD%E9%81%8B%E7%8D%85%E4%B8%8D%E5%8F%AF%E6%93%8B%F0%9F%A6%81/,5,-0.5833333333333334,0,,0,,11.8,-0.1621301775147929
https://www.farglory-realty.com.tw/activity-report/202410/,5,-0.5,0,,0,,13.2,-0.02941176470588238
https://www.farglory-realty.com.tw/activity-report/20241010/,5,0.6666666666666666,0,,0,,10,-0.5652173913043478
https://www.farglory-realty.com.tw/author/g0208/,5,0.6666666666666666,0,,0,,80,1.0689655172413794
https://www.farglory-realty.com.tw/building-category-tag/featured_pre_sale/page/2/,5,0.25,0,,0,,6.6,0.09999999999999994
https://www.farglory-realty.com.tw/building-category/brick/,5,,0,,0,,4.2,
https://www.farglory-realty.com.tw/building-tag/%E6%B8%A1%E5%81%87%E5%AE%85/,5,-0.7619047619047619,0,-1,0,-1,15.2,0.2566929133858267
https://www.farglory-realty.com.tw/buildings/fm3/?salesId=G0922,5,,0,,0,,1.4,
https://www.farglory-realty.com.tw/buildings/hm2/?salesId=G0631,5,,0,,0,,7.6,
https://www.farglory-realty.com.tw/farglory-realty_edm/%E9%9B%BB%E5%AD%90%E4%B8%BB%E9%A1%8C%E5%A0%B1/,5,-0.2857142857142857,0,,0,,8.2,-0.8189274447949527
https://www.farglory-realty.com.tw/life-proposal-tag/1%E3%80%81%E5%AE%A2%E5%B1%A4/1%E8%B3%BC%E5%B1%8B%E5%B0%8D%E8%B1%A1/%E6%8F%9B%E5%B1%8B/,5,-0.2857142857142857,0,,0,,69,-0.010245901639344177
https://www.farglory-realty.com.tw/life-proposal-tag/2%E3%80%81%E5%B8%82%E5%A0%B4/2%E7%A8%85%E5%8B%99%E6%94%BF%E7%AD%96%E7%9B%B8%E9%97%9C/estate_tax/,5,-0.5454545454545454,0,,0,,15.2,-0.3642585551330799
https://www.farglory-realty.com.tw/life-proposal-tag/2%E3%80%81%E5%B8%82%E5%A0%B4/2%E7%A8%85%E5%8B%99%E6%94%BF%E7%AD%96%E7%9B%B8%E9%97%9C/gift_tax/,5,0.6666666666666666,1,,0.2,,4.2,-0.6294117647058823
https://www.farglory-realty.com.tw/life-proposal-tag/2%E3%80%81%E5%B8%82%E5%A0%B4/2%E7%A8%85%E5%8B%99%E6%94%BF%E7%AD%96%E7%9B%B8%E9%97%9C/land_value/,5,1.5,0,,0,,3,-0.9178082191780822
https://www.farglory-realty.com.tw/life-proposal-tag/3%E3%80%81%E4%BA%A4%E6%98%93/1%E8%B3%BC%E5%B1%8B%E6%B5%81%E7%A8%8B%E7%9B%B8%E9%97%9C/abroad/,5,1.5,3,2,0.6,0.19999999999999996,3.2,-0.887719298245614
https://www.farglory-realty.com.tw/life-proposal-tag/3%E3%80%81%E4%BA%A4%E6%98%93/1%E8%B3%BC%E5%B1%8B%E6%B5%81%E7%A8%8B%E7%9B%B8%E9%97%9C/buy_property_tips/,5,1.5,0,,0,,9.8,-0.6436363636363636
https://www.farglory-realty.com.tw/life-proposal-tag/5%E3%80%81%E5%8D%80%E5%9F%9F/1%E5%8D%80%E5%9F%9F%E5%9C%B0%E6%AE%B5/%E7%94%9F%E6%B4%BB%E6%A9%9F%E8%83%BD/%E7%99%BE%E8%B2%A8%E5%95%86%E5%A0%B4/,5,-0.6666666666666666,0,,0,,7,-0.5977011494252873
https://www.farglory-realty.com.tw/life-proposal-tag/5%E3%80%81%E5%8D%80%E5%9F%9F/1%E5%8D%80%E5%9F%9F%E5%9C%B0%E6%AE%B5/%E7%B8%A3%E5%B8%82/%E5%8F%B0%E4%B8%AD%E5%B8%82/,5,-0.5,1,,0.2,,5.8,-0.462962962962963
https://www.farglory-realty.com.tw/life-proposal-tag/5%E3%80%81%E5%8D%80%E5%9F%9F/1%E5%8D%80%E5%9F%9F%E5%9C%B0%E6%AE%B5/%E7%B8%A3%E5%B8%82/%E5%8F%B0%E4%B8%AD%E5%B8%82/eleven/,5,-0.2857142857142857,0,,0,,11.4,-0.651528384279476
https://www.farglory-realty.com.tw/life-proposal-tag/5%E3%80%81%E5%8D%80%E5%9F%9F/1%E5%8D%80%E5%9F%9F%E5%9C%B0%E6%AE%B5/%E7%B8%A3%E5%B8%82/%E6%A1%83%E5%9C%92%E5%B8%82/%E6%A1%83%E5%9C%92%E5%8D%80/%E5%B0%8F%E6%AA%9C%E6%BA%AA/,5,-0.5,0,,0,,5.6,-0.4166666666666667
https://www.farglory-realty.com.tw/life-proposal-tag/6%E3%80%81%E7%94%A2%E5%93%81/4%E7%94%A2%E5%93%81%E8%A6%8F%E5%8A%83-%E5%BB%BA%E7%AF%89/a-%E5%BB%BA%E7%AF%89%E8%A6%8F%E5%8A%83/%E9%99%8D%E6%BA%AB%E7%AF%80%E8%83%BD/%E5%85%A8%E7%86%B1%E4%BA%A4%E6%8F%9B%E6%A9%9F/,5,-0.375,0,-1,0,-1,7,-0.3563218390804598
https://www.farglory-realty.com.tw/life-proposal-tag/6%E3%80%81%E7%94%A2%E5%93%81/4%E7%94%A2%E5%93%81%E8%A6%8F%E5%8A%83-%E5%BB%BA%E7%AF%89/a-%E5%BB%BA%E7%AF%89%E8%A6%8F%E5%8A%83/2phase_construction/,5,4,0,,0,,7.8,-0.8987012987012988
https://www.farglory-realty.com.tw/life-proposal-tag/6%E3%80%81%E7%94%A2%E5%93%81/5%E7%94%A2%E5%93%81%E8%A6%8F%E5%8A%83-%E6%99%AF%E8%A7%80/c-%E6%99%AF%E8%A7%80%E8%A6%96%E9%87%8E/,5,1.5,0,,0,,1.6,0.6000000000000001
https://www.farglory-realty.com.tw/life-proposal-tag/6%E3%80%81%E7%94%A2%E5%93%81/8%E5%BB%BA%E6%9D%90%E8%A6%8F%E5%8A%83/a-%E5%BB%BA%E6%9D%90/,5,0,2,,0.4,,4,-0.09090909090909098
https://www.farglory-realty.com.tw/life-proposal-tag/commercial/retail/,5,0,0,,0,,23.4,0.29999999999999993
https://www.farglory-realty.com.tw/life-proposal-tag/living_quality/%E5%B1%85%E4%BD%8F%E5%AE%89%E5%85%A8/%E8%B7%B3%E9%9B%BB/,5,1.5,0,,0,,11,-0.8450704225352113
https://www.farglory-realty.com.tw/life-proposal-tag/macroeconomics-2/%E7%94%9F%E7%94%A2%E5%8A%9B%E5%BE%AA%E7%92%B0/,5,4,0,,0,,19,0.05555555555555555
https://www.farglory-realty.com.tw/life-proposal-tag/macroeconomics-2/macromicro/page/2/,5,1.5,0,,0,,4.4,-0.7411764705882353
https://www.farglory-realty.com.tw/life-proposal-tag/office/%E7%A9%BA%E7%BD%AE%E7%8E%87/,5,0.25,1,,0.2,,14,0.9310344827586207
https://www.farglory-realty.com.tw/life-proposal-tag/office/%E7%B6%A0%E8%89%B2%E7%A7%9F%E8%B3%83/,5,0,0,,0,,68.6,0.1909722222222221
https://www.farglory-realty.com.tw/life-proposal-tag/policy/%E9%81%B8%E6%93%87%E6%80%A7%E4%BF%A1%E7%94%A8%E7%AE%A1%E5%88%B6-policy/,5,0.6666666666666666,0,,0,,16.6,-0.8270833333333334
https://www.farglory-realty.com.tw/life-proposal/expert_macromicro_20230421/,5,-0.4444444444444444,0,,0,,21.2,-0.42874251497005994
https://www.farglory-realty.com.tw/sales/8FSL01/B5678,5,1.5,1,,0.2,,5.2,-0.054545454545454515
https://www.farglory-realty.com.tw/sales/HM2/G0549,5,,1,,0.2,,2.6,
https://www.farglory-realty.com.tw/sales/HM2/G0631,5,,0,,0,,3,
https://www.farglory-realty.com.tw/sales/ah2/G0215,5,1.5,3,2,0.6,0.19999999999999996,3.2,-0.08571428571428566
https://www.farglory-realty.com.tw/sales/cqh1/B3969,5,-0.375,1,,0.2,,3.6,-0.2615384615384615
https://www.farglory-realty.com.tw/sales/dgm1/G0743,5,0,3,2,0.6,1.9999999999999998,1,-0.6666666666666666
https://www.farglory-realty.com.tw/%E6%99%BA%E6%85%A7%E4%BA%8C%E4%BB%A3%E5%AE%85%E2%80%A7-%E8%AE%93%E4%B8%8D%E5%8F%AF%E8%83%BD%E6%88%90%E7%82%BA%E5%8F%AF%E8%83%BD/,4,0.3333333333333333,0,,0,,18.5,0.46052631578947373
https://www.farglory-realty.com.tw/about/%E9%97%9C%E6%96%BC%E9%81%A0%E5%89%B5%E5%8A%9B-test/,4,-0.2,0,,0,,11,0.3414634146341465
https://www.farglory-realty.com.tw/activity-report/%E6%AF%8D%E8%A6%AA%E7%AF%80%E5%BF%AB%E6%A8%82%E7%B5%A6%E5%AA%BD%E5%AA%BD%E7%9A%84%E5%A4%9A%E9%87%8D%E5%A5%BD%E7%A6%AE-%E5%BE%97%E7%8D%8E%E5%85%AC%E5%91%8A/,4,-0.42857142857142855,0,,0,,26,-0.2749003984063744
https://www.farglory-realty.com.tw/activity-report/%E8%B3%BC%E5%B1%8B%E6%84%8F%E9%A1%98%E5%95%8F%E5%8D%B7%E6%8A%BD%E7%8D%8E-%E5%BE%97%E7%8D%8E%E5%85%AC%E5%91%8A/,4,-0.2,0,-1,0,-1,5.25,-0.8680904522613065
https://www.farglory-realty.com.tw/activity-report/%E9%81%A0%E9%9B%84%E6%88%BF%E5%9C%B0%E7%94%A2%E5%AE%98%E7%B6%B2%E6%BB%BF%E6%84%8F%E5%BA%A6%E5%95%8F%E5%88%B8%E8%AA%BF%E6%9F%A5-2025%E5%B9%B4%E7%AC%AC%E4%BA%8C%E5%AD%A3-%E5%BE%97%E7%8D%8E%E5%85%AC/,4,-0.6363636363636364,0,,0,,2.5,-0.44999999999999996
https://www.farglory-realty.com.tw/activity-report/2022cny/,4,0.3333333333333333,0,,0,,13.25,0.28225806451612895
https://www.farglory-realty.com.tw/activity-report/2023cny_dh5/,4,1,0,,0,,23.25,-0.3161764705882353
https://www.farglory-realty.com.tw/activity-report/art_gallery_202110/,4,0,0,,0,,19.75,-0.47333333333333333
https://www.farglory-realty.com.tw/activity-report/dh5_cny_20240202/,4,0,0,,0,,4.75,-0.4411764705882353
https://www.farglory-realty.com.tw/activity-report/fg_drama_promotion/,4,-0.7894736842105263,0,,0,,20.25,-0.030856423173803552
https://www.farglory-realty.com.tw/activity-report/h713_2022_mar/,4,-0.6,0,,0,,10.5,0.2804878048780489
https://www.farglory-realty.com.tw/activity-report/insurance_20230106/,4,-0.2,0,,0,,8,-0.6694214876033058
https://www.farglory-realty.com.tw/activity-report/ucity-pet-20230922/,4,-0.9069767441860465,1,,0.25,,57.5,-0.14653089402830516
https://www.farglory-realty.com.tw/activity-report/ucity_dec_travel/,4,-0.6,0,,0,,27.5,-0.15123456790123452
https://www.farglory-realty.com.tw/activity-report/ucity_oct_drama/,4,,0,,0,,18,
https://www.farglory-realty.com.tw/building-category-tag/%E7%B2%BE%E9%81%B8%E5%BA%97%E9%9D%A2/,4,3,2,,0.5,,3.5,-0.9146341463414634
https://www.farglory-realty.com.tw/building-tag/%E6%8B%9B%E5%BE%85%E6%9C%83%E6%89%80/,4,-0.5,0,,0,,7.5,0.17647058823529413
https://www.farglory-realty.com.tw/building-tag/build-tag-city/,4,,0,,0,,6.5,
https://www.farglory-realty.com.tw/edm-october-2022/,4,-0.5555555555555556,0,,0,,7.5,-0.765625
https://www.farglory-realty.com.tw/february/,4,1,0,,0,,9.25,-0.3392857142857143
https://www.farglory-realty.com.tw/jet-menu/mega-item-3710/,4,1,0,,0,,17.75,4.071428571428571
https://www.farglory-realty.com.tw/landing-page/%E9%9D%92%E6%9C%8B%E5%A5%BD%E5%8F%8B%E5%A4%A7%E5%8B%9F%E9%9B%86-%E9%81%A0%E9%9B%84%E6%96%87%E9%9D%92%E5%A5%BD%E5%8F%8B%E9%99%90%E5%AE%9A/,4,0.3333333333333333,0,,0,,8.75,-0.46428571428571436
https://www.farglory-realty.com.tw/landing-page/%E9%A0%90%E7%B4%84%E8%B3%9E%E5%B1%8B/,4,-0.7142857142857143,0,,0,,5.25,-0.25757575757575757
https://www.farglory-realty.com.tw/landing-page/h109-edm/,4,-0.6363636363636364,0,-1,0,-1,5.5,-0.6045751633986928
https://www.farglory-realty.com.tw/life-proposal-category/expert_point/y-rlee/,4,-0.8,1,,0.25,,21.5,-0.3562874251497006
https://www.farglory-realty.com.tw/life-proposal-tag/3%E3%80%81%E4%BA%A4%E6%98%93/1%E8%B3%BC%E5%B1%8B%E6%B5%81%E7%A8%8B%E7%9B%B8%E9%97%9C/%E8%A7%A3%E7%B4%84%E6%A2%9D%E6%AC%BE/,4,-0.42857142857142855,0,-1,0,-1,9.5,-0.5181159420289855
https://www.farglory-realty.com.tw/life-proposal-tag/5%E3%80%81%E5%8D%80%E5%9F%9F/1%E5%8D%80%E5%9F%9F%E5%9C%B0%E6%AE%B5/%E6%9C%AA%E4%BE%86%E7%99%BC%E5%B1%95/,4,0,1,,0.25,,11.75,-0.11320754716981132
https://www.farglory-realty.com.tw/life-proposal-tag/5%E3%80%81%E5%8D%80%E5%9F%9F/1%E5%8D%80%E5%9F%9F%E5%9C%B0%E6%AE%B5/%E7%B8%A3%E5%B8%82/%E5%8F%B0%E5%8C%97%E5%B8%82/shilin/,4,3,0,,0,,8.25,-0.6826923076923077
https://www.farglory-realty.com.tw/life-proposal-tag/5%E3%80%81%E5%8D%80%E5%9F%9F/1%E5%8D%80%E5%9F%9F%E5%9C%B0%E6%AE%B5/%E7%B8%A3%E5%B8%82/%E5%8F%B0%E5%8D%97%E5%B8%82/%E4%B8%AD%E8%A5%BF%E5%8D%80/,4,-0.2,0,,0,,9.25,0.15625
https://www.farglory-realty.com.tw/life-proposal-tag/5%E3%80%81%E5%8D%80%E5%9F%9F/1%E5%8D%80%E5%9F%9F%E5%9C%B0%E6%AE%B5/%E7%B8%A3%E5%B8%82/%E6%96%B0%E5%8C%97%E5%B8%82/%E6%9D%BF%E6%A9%8B%E5%8D%80/%E6%96%B0%E6%9D%BF%E7%89%B9%E5%8D%80/,4,-0.42857142857142855,0,,0,,42.25,0.052491103202846896
https://www.farglory-realty.com.tw/life-proposal-tag/5%E3%80%81%E5%8D%80%E5%9F%9F/1%E5%8D%80%E5%9F%9F%E5%9C%B0%E6%AE%B5/%E9%87%8D%E5%8A%83%E5%8D%80/page/2/,4,-0.42857142857142855,0,,0,,12,-0.32258064516129037
https://www.farglory-realty.com.tw/life-proposal-tag/6%E3%80%81%E7%94%A2%E5%93%81/1%E5%BB%BA%E7%AF%89%E5%B0%88%E6%9C%89%E5%90%8D%E8%A9%9E/%E5%81%9C%E8%BB%8A%E4%BD%8D/,4,,0,,0,,54,
https://www.farglory-realty.com.tw/life-proposal-tag/6%E3%80%81%E7%94%A2%E5%93%81/2%E5%BB%BA%E7%AF%89%E8%A8%88%E7%AE%97/%E7%B6%A0%E8%A6%86%E7%8E%87/,4,-0.6,0,,0,,27.25,-0.20553935860058303
https://www.farglory-realty.com.tw/life-proposal-tag/6%E3%80%81%E7%94%A2%E5%93%81/9%E7%B5%90%E6%A7%8B/%E5%BB%BA%E7%AF%89%E5%B7%A5%E6%B3%95/,4,,0,,0,,7,
https://www.farglory-realty.com.tw/life-proposal-tag/7%E3%80%81%E7%89%B9%E6%AE%8A%E5%AE%85/%E6%B3%95%E6%8B%8D%E5%B1%8B/,4,0,0,,0,,22.75,2.1379310344827585
https://www.farglory-realty.com.tw/life-proposal-tag/8%E3%80%81%E9%81%A0%E9%9B%84%E6%88%BF%E5%9C%B0%E7%94%A2%E5%BB%BA%E6%A1%88/%E9%81%A0%E9%9B%84%E6%98%8E%E6%B0%B4%E6%BC%BE/,4,-0.6363636363636364,1,,0.25,,19.75,-0.30812101910828027
https://www.farglory-realty.com.tw/life-proposal-tag/interior_design-2/space_color/,4,0.3333333333333333,0,,0,,1,-0.9696969696969697
https://www.farglory-realty.com.tw/life-proposal-tag/law_property/land_administration/,4,1,0,,0,,8.25,-0.8166666666666667
https://www.farglory-realty.com.tw/life-proposal-tag/living_quality/cleaning/,4,0.3333333333333333,0,,0,,6,-0.3793103448275862
https://www.farglory-realty.com.tw/life-proposal-tag/macroeconomics-2/%E5%B7%9D%E6%99%AE%E8%A1%8C%E6%94%BF%E5%91%BD%E4%BB%A4/,4,-0.6363636363636364,0,,0,,9.75,-0.6314432989690721
https://www.farglory-realty.com.tw/life-proposal-tag/macroeconomics-2/%E5%B7%9D%E6%99%AE%E8%A1%8C%E6%94%BF%E5%91%BD%E4%BB%A4/%E7%A7%91%E6%8A%80%E6%88%B0/,4,,0,,0,,64.25,
https://www.farglory-realty.com.tw/life-proposal-tag/office/esg%E7%9B%AE%E6%A8%99/,4,3,0,,0,,20.25,1.53125
https://www.farglory-realty.com.tw/life-proposal-tag/policy/old/,4,,0,,0,,7,
https://www.farglory-realty.com.tw/life-proposal-tag/real_estate-2/japan/,4,0.3333333333333333,0,,0,,10.75,-0.022727272727272728
https://www.farglory-realty.com.tw/life-proposal/expert_liu_retail_20230328/,4,-0.42857142857142855,1,,0.25,,17.75,-0.3425925925925926
https://www.farglory-realty.com.tw/sales/8FSL01/G0628,4,-0.6666666666666666,0,-1,0,-1,3.25,-0.2500000000000001
https://www.farglory-realty.com.tw/sales/8HGS01/G0248,4,1,1,,0.25,,2.75,-0.45
https://www.farglory-realty.com.tw/sales/bh10/B5736/,4,-0.3333333333333333,0,-1,0,-1,2.5,-0.8880597014925373
https://www.farglory-realty.com.tw/sales/bh10/G1033,4,-0.7333333333333333,1,-0.75,0.25,-0.062499999999999986,1.75,-0.34375000000000006
https://www.farglory-realty.com.tw/sales/dh2/G0936,4,0,0,,0,,3.25,0
https://www.farglory-realty.com.tw/sales/eh2/G0597,4,,1,,0.25,,21,
https://www.farglory-realty.com.tw/sales/eh5/G0309,4,0.3333333333333333,1,0,0.25,-0.24999999999999994,2.25,-0.4375
https://www.farglory-realty.com.tw/sales/eh5/G0596,4,,3,,0.75,,3.25,
https://www.farglory-realty.com.tw/sales/eh5/G0816/,4,-0.6363636363636364,2,-0.5,0.5,0.37499999999999994,1,-0.8405797101449275
https://www.farglory-realty.com.tw/sales/fm3/G0206,4,,0,,0,,3,
https://www.farglory-realty.com.tw/wom-recommendation/h713_cheng/,4,0,0,,0,,13.5,-0.16923076923076924
https://www.farglory-realty.com.tw/%E6%9C%80%E5%AE%89%E5%BF%83-%E5%B0%88%E8%B2%AC%E6%9C%8D%E5%8B%99%E5%9C%98%E9%9A%8A/,3,,0,,0,,13,
https://www.farglory-realty.com.tw/activity-report/dh5_20230711/,3,-0.7,0,,0,,13.666666666666666,-0.45551128818061093
https://www.farglory-realty.com.tw/activity-report/dh6_cny_20240202/,3,-0.75,0,,0,,19,0.5833333333333334
https://www.farglory-realty.com.tw/activity-report/fgr_may_art/,3,-0.5714285714285714,0,,0,,9,0.31250000000000006
https://www.farglory-realty.com.tw/activity-report/tuesday-lessons/,3,0.5,0,,0,,19,0.9
https://www.farglory-realty.com.tw/activity-report/ucity_animation_20221221/,3,-0.5,0,-1,0,-1,14.666666666666666,-0.6157205240174672
https://www.farglory-realty.com.tw/activity-report/ucity_coffee_nov/,3,-0.7,1,0,0.3333333333333333,2.333333333333333,7,-0.6517412935323383
https://www.farglory-realty.com.tw/activity-report/ucity_disney_20230426/,3,-0.25,0,,0,,33.666666666666664,-0.3198653198653199
https://www.farglory-realty.com.tw/activity-report/ucity_jul_drama/,3,-0.5714285714285714,0,,0,,17,-0.4957627118644068
https://www.farglory-realty.com.tw/activity-report/ucity_jun_music/,3,-0.4,0,,0,,18.666666666666668,-0.3473193473193473
https://www.farglory-realty.com.tw/activity-report/ucity_oct_pet/,3,-0.7,0,,0,,5.333333333333333,-0.8750975800156128
https://www.farglory-realty.com.tw/apr2025/,3,0,0,,0,,4,0.19999999999999996
https://www.farglory-realty.com.tw/building-category-tag/%E5%B7%B2%E5%AE%8C%E9%8A%B7/,3,-0.5,0,,0,,14.666666666666666,-0.26050420168067223
https://www.farglory-realty.com.tw/building-tag/%E5%95%86%E5%BB%A0%E8%BE%A6/,3,0,0,,0,,5.666666666666667,-0.37037037037037035
https://www.farglory-realty.com.tw/edm_thank_you_page/,3,0.5,0,,0,,7.333333333333333,0.4666666666666666
https://www.farglory-realty.com.tw/landing-page/%E5%A5%BD%E5%8F%8B%E5%A4%A7%E5%8B%9F%E9%9B%86-%E9%81%A0%E9%9B%84%E7%B4%94%E5%AF%93%E5%A5%BD%E5%8F%8B%E9%99%90%E5%AE%9A/,3,0.5,0,,0,,8.666666666666668,-0.0370370370370369
https://www.farglory-realty.com.tw/landing-page/expert/,3,0.5,0,,0,,6.333333333333333,0.055555555555555504
https://www.farglory-realty.com.tw/life-proposal-tag/%E4%B8%89%E3%80%81%E8%B2%B7%E6%88%BF%E5%BE%8C-%E4%BF%9D%E9%9A%AA/earthquake_insurance/,3,-0.25,0,,0,,5.666666666666667,-0.2444444444444444
https://www.farglory-realty.com.tw/life-proposal-tag/%E4%B8%89%E3%80%81%E8%B2%B7%E6%88%BF%E5%BE%8C-%E7%A9%BA%E9%96%93%E8%A6%8F%E5%8A%83/bathroom/,3,2,0,,0,,5.666666666666667,-0.29166666666666663
https://www.farglory-realty.com.tw/life-proposal-tag/%E4%BA%8C/young_mortage/,3,0,0,,0,,3.6666666666666665,-0.45000000000000007
https://www.farglory-realty.com.tw/life-proposal-tag/%E7%A4%BE%E5%8D%80%E7%87%9F%E9%81%8B/%E5%85%AC%E8%A8%AD%E9%BB%9E%E4%BA%A4/,3,-0.7692307692307693,0,-1,0,-1,25.333333333333332,-0.6384924990852544
https://www.farglory-realty.com.tw/life-proposal-tag/1%E3%80%81%E5%AE%A2%E5%B1%A4/,3,0.5,0,,0,,22.666666666666668,1.1587301587301588
https://www.farglory-realty.com.tw/life-proposal-tag/1%E3%80%81%E5%AE%A2%E5%B1%A4/1%E8%B3%BC%E5%B1%8B%E5%B0%8D%E8%B1%A1/%E9%A6%96%E8%B3%BC/,3,-0.25,0,,0,,4,-0.9080459770114943
https://www.farglory-realty.com.tw/life-proposal-tag/1%E3%80%81%E5%AE%A2%E5%B1%A4/2%E8%B3%BC%E5%B1%8B%E9%9C%80%E6%B1%82/%E8%87%AA%E4%BD%8F/,3,2,0,,0,,8.666666666666668,-0.6533333333333333
https://www.farglory-realty.com.tw/life-proposal-tag/2%E3%80%81%E5%B8%82%E5%A0%B4/1%E5%B8%82%E5%A0%B4%E7%9B%B8%E9%97%9C%E5%B0%88%E6%9C%89%E8%A9%9E/%E6%88%BF%E5%B8%82%E5%8F%8D%E8%BD%89/,3,0,0,,0,,9,-0.3414634146341463
https://www.farglory-realty.com.tw/life-proposal-tag/2%E3%80%81%E5%B8%82%E5%A0%B4/1%E5%B8%82%E5%A0%B4%E7%9B%B8%E9%97%9C%E5%B0%88%E6%9C%89%E8%A9%9E/%E9%99%90%E8%B2%B8%E4%BB%A4/,3,-0.25,0,,0,,21.666666666666668,-0.05797101449275357
https://www.farglory-realty.com.tw/life-proposal-tag/2%E3%80%81%E5%B8%82%E5%A0%B4/2%E7%A8%85%E5%8B%99%E6%94%BF%E7%AD%96%E7%9B%B8%E9%97%9C/house-and-land/,3,0.5,0,,0,,3.3333333333333335,-0.5555555555555555
https://www.farglory-realty.com.tw/life-proposal-tag/2%E3%80%81%E5%B8%82%E5%A0%B4/3%E5%83%B9%E6%A0%BC%E7%9B%B8%E9%97%9C/%E5%83%B9%E6%A0%BC/,3,,0,,0,,3.3333333333333335,
https://www.farglory-realty.com.tw/life-proposal-tag/2%E3%80%81%E5%B8%82%E5%A0%B4/3%E5%83%B9%E6%A0%BC%E7%9B%B8%E9%97%9C/%E5%9C%9F%E5%9C%B0%E5%85%AC%E5%91%8A%E7%8F%BE%E5%80%BC/,3,-0.4,0,,0,,6.333333333333333,0.09195402298850573
https://www.farglory-realty.com.tw/life-proposal-tag/3%E3%80%81%E4%BA%A4%E6%98%93/1%E8%B3%BC%E5%B1%8B%E6%B5%81%E7%A8%8B%E7%9B%B8%E9%97%9C/%E4%BA%A4%E5%B1%8B%E5%93%81%E8%B3%AA/,3,-0.25,0,,0,,9,0
https://www.farglory-realty.com.tw/life-proposal-tag/3%E3%80%81%E4%BA%A4%E6%98%93/1%E8%B3%BC%E5%B1%8B%E6%B5%81%E7%A8%8B%E7%9B%B8%E9%97%9C/%E7%B0%BD%E7%B4%84/,3,-0.25,0,,0,,8,-0.7117117117117117
https://www.farglory-realty.com.tw/life-proposal-tag/5%E3%80%81%E5%8D%80%E5%9F%9F/1%E5%8D%80%E5%9F%9F%E5%9C%B0%E6%AE%B5/%E5%85%AC%E5%9C%92%E7%B6%A0%E5%9C%B0/,3,-0.5,0,,0,,9.666666666666666,-0.41999999999999993
https://www.farglory-realty.com.tw/life-proposal-tag/5%E3%80%81%E5%8D%80%E5%9F%9F/1%E5%8D%80%E5%9F%9F%E5%9C%B0%E6%AE%B5/%E7%B8%A3%E5%B8%82/%E9%AB%98%E9%9B%84%E5%B8%82/,3,0,0,,0,,8,-0.8208955223880597
https://www.farglory-realty.com.tw/life-proposal-tag/5%E3%80%81%E5%8D%80%E5%9F%9F/1%E5%8D%80%E5%9F%9F%E5%9C%B0%E6%AE%B5/%E9%87%8D%E5%8A%83%E5%8D%80/page/4/,3,0.5,0,,0,,9,-0.05263157894736842
https://www.farglory-realty.com.tw/life-proposal-tag/6%E3%80%81%E7%94%A2%E5%93%81/1%E5%BB%BA%E7%AF%89%E5%B0%88%E6%9C%89%E5%90%8D%E8%A9%9E/%E5%81%9C%E8%BB%8A%E4%BD%8D/%E7%8D%8E%E5%8B%B5%E5%81%9C%E8%BB%8A%E4%BD%8D/,3,0,0,,0,,33.333333333333336,1.5641025641025643
https://www.farglory-realty.com.tw/life-proposal-tag/6%E3%80%81%E7%94%A2%E5%93%81/1%E5%BB%BA%E7%AF%89%E5%B0%88%E6%9C%89%E5%90%8D%E8%A9%9E/%E5%B1%8B%E5%9E%8B/%E4%B8%AD%E5%8F%A4%E5%B1%8B/,3,-0.25,0,,0,,7.666666666666667,0.6140350877192983
https://www.farglory-realty.com.tw/life-proposal-tag/6%E3%80%81%E7%94%A2%E5%93%81/4%E7%94%A2%E5%93%81%E8%A6%8F%E5%8A%83-%E5%BB%BA%E7%AF%89/a-%E5%BB%BA%E7%AF%89%E8%A6%8F%E5%8A%83/%E9%99%8D%E6%BA%AB%E7%AF%80%E8%83%BD/low-e-%E7%8E%BB%E7%92%83/,3,0,1,,0.3333333333333333,,27,-0.18181818181818182
https://www.farglory-realty.com.tw/life-proposal-tag/commercial/,3,,0,,0,,8.666666666666668,
https://www.farglory-realty.com.tw/life-proposal-tag/commercial/%E7%A7%91%E5%AD%B8%E5%9C%92%E5%8D%80/,3,-0.7272727272727273,0,-1,0,-1,7,-0.4460431654676259
https://www.farglory-realty.com.tw/life-proposal-tag/macroeconomics-2/%E8%B2%A1%E5%A0%B1/,3,-0.25,0,,0,,7.666666666666667,-0.19298245614035084
https://www.farglory-realty.com.tw/life-proposal-tag/macroeconomics-2/gdp/,3,,0,,0,,7,
https://www.farglory-realty.com.tw/life-proposal-tag/real_estate-2/germany/,3,-0.8695652173913043,0,,0,,28.333333333333332,-0.25095785440613033
https://www.farglory-realty.com.tw/life-proposal-tag/real_estate-2/land_buy/,3,0.5,0,,0,,60.333333333333336,3.3095238095238098
https://www.farglory-realty.com.tw/life-proposal/area_txg_beitun_14th_function_20250829/#elementor-toc__heading-anchor-0,3,,0,,0,,10.666666666666666,
https://www.farglory-realty.com.tw/life-proposal/area_txg_beitun_14th_function_20250829/#elementor-toc__heading-anchor-1,3,,0,,0,,10.666666666666666,
https://www.farglory-realty.com.tw/life-proposal/area_txg_beitun_14th_function_20250829/#elementor-toc__heading-anchor-2,3,,0,,0,,10.666666666666666,
https://www.farglory-realty.com.tw/life-proposal/expert_zhu_property_multi-house-tax-1_20231208/,3,-0.5,0,,0,,46.666666666666664,0.31455399061032857
https://www.farglory-realty.com.tw/life-proposal/expert_zhu_tax_refunded_20231017/,3,-0.4,0,,0,,37,-0.35540069686411146
https://www.farglory-realty.com.tw/sales/O1/B4860,3,-0.7,0,-1,0,-1,11,1.3913043478260871
https://www.farglory-realty.com.tw/sales/ah2/B5030,3,-0.4,1,,0.3333333333333333,,3.6666666666666665,-0.7791164658634538
https://www.farglory-realty.com.tw/sales/ah2/B5779,3,-0.25,1,-0.6666666666666666,0.3333333333333333,-0.5555555555555556,7.333333333333333,0.9555555555555555
https://www.farglory-realty.com.tw/sales/bh11/G0335,3,,1,,0.3333333333333333,,2.666666666666667,
https://www.farglory-realty.com.tw/sales/bh11/G0630,3,,0,,0,,2.333333333333333,
https://www.farglory-realty.com.tw/sales/bh7/G0990,3,,0,,0,,1,
https://www.farglory-realty.com.tw/sales/dh2/G0275,3,-0.5,0,-1,0,-1,2,-0.7446808510638298
https://www.farglory-realty.com.tw/sales/eh5/B1974,3,0,1,0,0.3333333333333333,0,5,-0.3478260869565218
https://www.farglory-realty.com.tw/%E7%99%BE%E5%B9%B4%E4%B8%80%E6%AC%A1%E7%9A%84%E4%B8%96%E7%95%8C%E7%B4%9A%E5%9C%98%E9%9A%8A/,2,0,0,,0,,8,-0.8
https://www.farglory-realty.com.tw/activity-report-tag/%E8%B6%85%E7%B4%9A%E5%A5%BD%E5%8F%8B%E6%B4%BB%E5%8B%95/page/2/,2,1,0,,0,,6.5,0.625
https://www.farglory-realty.com.tw/activity-report/%E3%80%90%E9%81%A0%E9%9B%84%E6%88%BF%E5%9C%B0%E7%94%A2-%E5%AE%98%E6%96%B9%E7%B6%B2%E7%AB%99%E3%80%91%E7%B3%BB%E7%B5%B1%E7%B6%AD%E8%AD%B7%E5%81%9C%E6%A9%9F%E5%85%AC%E5%91%8A/,2,-0.3333333333333333,0,,0,,26.5,0.06
https://www.farglory-realty.com.tw/activity-report/%E5%8F%B0%E5%8C%97%E5%B8%82%E4%B8%8D%E5%8B%95%E7%94%A2%E4%BB%A3%E9%8A%B7%E5%85%AC%E6%9C%83%E3%80%8C20%E9%80%B1%E5%B9%B4%E6%85%B6%E7%94%9F%E6%97%A5%E6%B4%BB%E5%8B%95%E3%80%8D/,2,-0.7777777777777778,0,,0,,66.5,0.34494382022471914
https://www.farglory-realty.com.tw/activity-report/%E8%B6%85%E7%B4%9A%E5%A5%BD%E5%8F%8Bvip%E6%8E%A8%E8%96%A6%E8%B3%BC%E5%B1%8B%E5%A4%A7%E8%B3%9E-%E6%8E%A8%E8%96%A6%E8%B3%BC%E5%B1%8B%E9%80%81%E4%BD%A0%E9%81%8A%E6%9D%B1%E4%BA%AC/,2,1,0,,0,,5,0
https://www.farglory-realty.com.tw/activity-report/%E8%B6%85%E7%B4%9A%E5%A5%BD%E5%8F%8Bvip%E6%8E%A8%E8%96%A6%E8%B3%BC%E5%B1%8B%E5%A4%A7%E8%B3%9E-%E6%8E%A8%E8%96%A6%E8%B3%BC%E5%B1%8B%E9%80%81%E9%BB%83%E9%87%91%E5%BE%97%E7%8D%8E/,2,1,0,,0,,7.5,6.5
https://www.farglory-realty.com.tw/activity-report/%E9%81%A0%E9%9B%84%E6%88%BF%E5%9C%B0%E7%94%A2%E5%AE%98%E6%96%B9line-8%E6%9C%88%E9%80%B1%E9%80%B1%E6%8A%BD/,2,-0.6666666666666666,0,,0,,22.5,0.125
https://www.farglory-realty.com.tw/activity-report/%E9%81%A0%E9%9B%84%E6%88%BF%E5%9C%B0%E7%94%A2-%E5%AE%98%E6%96%B9line-%E8%B1%A1%E9%BE%8D%E5%B0%8D%E6%B1%BA%E7%86%B1%E8%A1%80%E9%96%8B%E6%89%93/,2,-0.7777777777777778,0,-1,0,-1,7.5,-0.021739130434782646
https://www.farglory-realty.com.tw/activity-report/4%E6%9C%88%E8%B3%BC%E5%B1%8B%E6%84%8F%E9%A1%98%E5%95%8F%E5%8D%B7%E6%8A%BD%E7%8D%8E-%E5%BE%97%E7%8D%8E%E5%85%AC%E5%91%8A/,2,,0,,0,,125.5,
https://www.farglory-realty.com.tw/activity-report/9%E6%9C%88%E8%B3%BC%E5%B1%8B%E6%84%8F%E9%A1%98%E5%95%8F%E5%8D%B7%E6%8A%BD%E7%8D%8E-%E5%BE%97%E7%8D%8E%E5%85%AC%E5%91%8A/,2,-0.3333333333333333,0,,0,,72.5,0.6992187500000001
https://www.farglory-realty.com.tw/activity-report/bh1_art/,2,-0.6,0,,0,,10,-0.42528735632183906
https://www.farglory-realty.com.tw/activity-report/creative-diy/,2,-0.6666666666666666,0,,0,,9,-0.568
https://www.farglory-realty.com.tw/activity-report/h713_2022cny/,2,,0,,0,,7,
https://www.farglory-realty.com.tw/activity-report/h902_cny_20240125/,2,-0.5,0,,0,,8.5,-0.5853658536585366
https://www.farglory-realty.com.tw/activity-report/ucity_concert_20230411/,2,-0.6,0,,0,,55.5,0.16596638655462181
https://www.farglory-realty.com.tw/activity-report/ucity_formosa_20230807/,2,-0.8461538461538461,0,,0,,11.5,-0.5602941176470588
https://www.farglory-realty.com.tw/activity-report/ucity_no6_20230614/,2,1,0,,0,,12.5,-0.6323529411764706
https://www.farglory-realty.com.tw/author/chandler/,2,1,0,,0,,15.5,0.55
https://www.farglory-realty.com.tw/building-category-tag/%E4%BD%8F%E5%AE%85%E5%B7%B2%E5%AE%8C%E9%8A%B7/,2,0,0,,0,,9,-0.82
https://www.farglory-realty.com.tw/building-category-tag/%E5%88%A5%E5%A2%85%E7%A4%BE%E5%8D%80/,2,0,0,,0,,31.5,0.05
https://www.farglory-realty.com.tw/building-category/business-office/,2,-0.9230769230769231,0,-1,0,-1,10,-0.02255639097744353
https://www.farglory-realty.com.tw/building-tag/%E5%9C%B0%E6%A8%99%E5%AE%85/,2,1,0,,0,,8,-0.2727272727272727
https://www.farglory-realty.com.tw/building-tag/build-tag-quake/%E8%80%90%E9%9C%87%E6%A8%99%E7%AB%A0/,2,-0.6,1,,0.5,,24.5,-0.004065040650406562
https://www.farglory-realty.com.tw/building-tag/build-tag-school/,2,1,0,,0,,7.5,0.875
https://www.farglory-realty.com.tw/contact_service/contact_us/%E8%81%AF%E7%B5%A1%E6%88%91%E5%80%91%E9%80%81%E5%87%BA%E6%88%90%E5%8A%9F/,2,,0,,0,,6.5,
https://www.farglory-realty.com.tw/feb2025/,2,-0.75,0,,0,,10,0.7021276595744681
https://www.farglory-realty.com.tw/landing-page/%E9%81%A0%E9%9B%84%E6%88%BF%E5%9C%B0%E7%94%A2-%E8%AA%A0%E6%91%AF%E9%82%80%E8%AB%8B%E6%82%A8%E8%92%9E%E8%87%A8-invitation-for-you/,2,1,0,,0,,1.5,-0.9727272727272728
https://www.farglory-realty.com.tw/landing-page/fb-81/,2,-0.7142857142857143,0,,0,,9,-0.4
https://www.farglory-realty.com.tw/life-proposal-category/expert_point/,2,,0,,0,,3.5,
https://www.farglory-realty.com.tw/life-proposal-tag/%E4%B8%89%E3%80%81%E8%B2%B7%E6%88%BF%E5%BE%8C-%E7%A9%BA%E9%96%93%E8%A6%8F%E5%8A%83/,2,,0,,0,,11.5,
https://www.farglory-realty.com.tw/life-proposal-tag/%E4%B8%89%E3%80%81%E8%B2%B7%E6%88%BF%E5%BE%8C-%E7%A9%BA%E9%96%93%E8%A6%8F%E5%8A%83/kitchen/,2,1,0,,0,,10.5,0.3125
https://www.farglory-realty.com.tw/life-proposal-tag/%E4%BA%8C/%E6%88%BF%E8%B2%B8/%E8%B2%B8%E6%AC%BE%E5%88%A9%E7%8E%87/,2,,0,,0,,8.5,
https://www.farglory-realty.com.tw/life-proposal-tag/%E7%A4%BE%E5%8D%80%E7%87%9F%E9%81%8B/%E7%AE%A1%E5%A7%94%E6%9C%83/,2,0,0,,0,,13,0.23809523809523808
https://www.farglory-realty.com.tw/life-proposal-tag/1%E3%80%81%E5%AE%A2%E5%B1%A4/2%E8%B3%BC%E5%B1%8B%E9%9C%80%E6%B1%82/,2,0,0,,0,,8,-0.746031746031746
https://www.farglory-realty.com.tw/life-proposal-tag/2%E3%80%81%E5%B8%82%E5%A0%B4/1%E5%B8%82%E5%A0%B4%E7%9B%B8%E9%97%9C%E5%B0%88%E6%9C%89%E8%A9%9E/%E4%BD%8F%E5%AE%85/,2,-0.6666666666666666,0,,0,,9,-0.5609756097560976
https://www.farglory-realty.com.tw/life-proposal-tag/2%E3%80%81%E5%B8%82%E5%A0%B4/2%E7%A8%85%E5%8B%99%E6%94%BF%E7%AD%96%E7%9B%B8%E9%97%9C/house_tax/,2,1,0,-1,0,-1,9,0.8
https://www.farglory-realty.com.tw/life-proposal-tag/2%E3%80%81%E5%B8%82%E5%A0%B4/2%E7%A8%85%E5%8B%99%E6%94%BF%E7%AD%96%E7%9B%B8%E9%97%9C/land_tax/,2,-0.8,0,,0,,62.5,-0.24334140435835347
https://www.farglory-realty.com.tw/life-proposal-tag/2%E3%80%81%E5%B8%82%E5%A0%B4/2%E7%A8%85%E5%8B%99%E6%94%BF%E7%AD%96%E7%9B%B8%E9%97%9C/saving_money/,2,-0.7777777777777778,0,,0,,5,-0.7222222222222222
https://www.farglory-realty.com.tw/life-proposal-tag/2%E3%80%81%E5%B8%82%E5%A0%B4/house_price/,2,-0.3333333333333333,0,,0,,9.5,-0.7178217821782178
https://www.farglory-realty.com.tw/life-proposal-tag/4%E3%80%81%E5%93%81%E7%89%8C/1%E5%93%81%E7%89%8C%E7%9B%B8%E9%97%9C/%E5%BB%BA%E5%95%86%E5%93%81%E7%89%8C/,2,,0,,0,,4.5,
https://www.farglory-realty.com.tw/life-proposal-tag/5%E3%80%81%E5%8D%80%E5%9F%9F/1%E5%8D%80%E5%9F%9F%E5%9C%B0%E6%AE%B5/%E4%BA%A4%E9%80%9A%E6%A9%9F%E8%83%BD/,2,-0.3333333333333333,0,,0,,44.5,21.25
https://www.farglory-realty.com.tw/life-proposal-tag/5%E3%80%81%E5%8D%80%E5%9F%9F/1%E5%8D%80%E5%9F%9F%E5%9C%B0%E6%AE%B5/%E5%85%AC%E5%9C%92%E7%B6%A0%E5%9C%B0/page/3/,2,,0,,0,,6.5,
https://www.farglory-realty.com.tw/life-proposal-tag/5%E3%80%81%E5%8D%80%E5%9F%9F/1%E5%8D%80%E5%9F%9F%E5%9C%B0%E6%AE%B5/%E7%B8%A3%E5%B8%82/%E5%8F%B0%E4%B8%AD%E5%B8%82/wuqi/,2,-0.3333333333333333,0,,0,,19.5,0.14705882352941177
https://www.farglory-realty.com.tw/life-proposal-tag/5%E3%80%81%E5%8D%80%E5%9F%9F/1%E5%8D%80%E5%9F%9F%E5%9C%B0%E6%AE%B5/%E7%B8%A3%E5%B8%82/%E5%8F%B0%E5%8C%97%E5%B8%82/,2,1,0,,0,,6.5,-0.8645833333333334
https://www.farglory-realty.com.tw/life-proposal-tag/5%E3%80%81%E5%8D%80%E5%9F%9F/1%E5%8D%80%E5%9F%9F%E5%9C%B0%E6%AE%B5/%E7%B8%A3%E5%B8%82/%E6%96%B0%E7%AB%B9%E5%B8%82/,2,0,0,,0,,8,-0.6862745098039216
https://www.farglory-realty.com.tw/life-proposal-tag/5%E3%80%81%E5%8D%80%E5%9F%9F/1%E5%8D%80%E5%9F%9F%E5%9C%B0%E6%AE%B5/%E7%B8%A3%E5%B8%82/%E9%AB%98%E9%9B%84%E5%B8%82/%E4%BA%9E%E7%81%A3%E5%8D%80/,2,-0.3333333333333333,0,,0,,10.5,-0.015624999999999944
https://www.farglory-realty.com.tw/life-proposal-tag/6%E3%80%81%E7%94%A2%E5%93%81/1%E5%BB%BA%E7%AF%89%E5%B0%88%E6%9C%89%E5%90%8D%E8%A9%9E/page/2/,2,-0.3333333333333333,0,,0,,21.5,-0.2752808988764045
https://www.farglory-realty.com.tw/life-proposal-tag/6%E3%80%81%E7%94%A2%E5%93%81/2%E5%BB%BA%E7%AF%89%E8%A8%88%E7%AE%97/%E9%99%84%E5%B1%AC%E5%BB%BA%E7%89%A9/,2,,0,,0,,8,
https://www.farglory-realty.com.tw/life-proposal-tag/6%E3%80%81%E7%94%A2%E5%93%81/4%E7%94%A2%E5%93%81%E8%A6%8F%E5%8A%83-%E5%BB%BA%E7%AF%89/,2,-0.3333333333333333,0,,0,,29,-0.22321428571428575
https://www.farglory-realty.com.tw/life-proposal-tag/6%E3%80%81%E7%94%A2%E5%93%81/4%E7%94%A2%E5%93%81%E8%A6%8F%E5%8A%83-%E5%BB%BA%E7%AF%89/a-%E5%BB%BA%E7%AF%89%E8%A6%8F%E5%8A%83/%E9%99%8D%E6%BA%AB%E7%AF%80%E8%83%BD/%E6%B0%A3%E5%80%99%E8%AE%8A%E9%81%B7/,2,,0,,0,,3.5,
https://www.farglory-realty.com.tw/life-proposal-tag/6%E3%80%81%E7%94%A2%E5%93%81/4%E7%94%A2%E5%93%81%E8%A6%8F%E5%8A%83-%E5%BB%BA%E7%AF%89/a-%E5%BB%BA%E7%AF%89%E8%A6%8F%E5%8A%83/%E9%AB%98%E9%9B%84%E5%8E%9D%E7%B6%A0%E5%BB%BA%E7%AF%89/,2,-0.75,0,,0,,10,-0.4244604316546763
https://www.farglory-realty.com.tw/life-proposal-tag/6%E3%80%81%E7%94%A2%E5%93%81/6%E7%94%A2%E5%93%81%E8%A6%8F%E5%8A%83-%E5%85%AC%E8%A8%AD/,2,,0,,0,,3.5,
https://www.farglory-realty.com.tw/life-proposal-tag/commercial/%E7%A7%91%E6%8A%80%E6%A5%AD/,2,-0.6666666666666666,0,,0,,84.5,0.038934426229508254
https://www.farglory-realty.com.tw/life-proposal-tag/commercial/commercial-commercial/,2,,0,,0,,11,
https://www.farglory-realty.com.tw/life-proposal-tag/commercial/industrial_land/,2,0,0,,0,,3,0.2
https://www.farglory-realty.com.tw/life-proposal-tag/commercial/page/2/,2,,0,,0,,10,
https://www.farglory-realty.com.tw/life-proposal-tag/interior_design-2/%E5%AE%A4%E5%85%A7%E6%A4%8D%E7%89%A9/,2,,0,,0,,10.5,
https://www.farglory-realty.com.tw/life-proposal-tag/interior_design-2/entrance/,2,,0,,0,,9.5,
https://www.farglory-realty.com.tw/life-proposal-tag/law_property/%E5%85%AC%E5%AF%93%E5%A4%A7%E5%BB%88%E7%AE%A1%E7%90%86/,2,-0.3333333333333333,0,,0,,10,0.1111111111111111
https://www.farglory-realty.com.tw/life-proposal-tag/law_property/property_registration/,2,-0.7777777777777778,0,,0,,8,-0.84
https://www.farglory-realty.com.tw/life-proposal-tag/macroeconomics-2/china/,2,0,0,,0,,7.5,-0.25
https://www.farglory-realty.com.tw/life-proposal-tag/macroeconomics-2/macroeconomics/,2,,0,,0,,8,
https://www.farglory-realty.com.tw/life-proposal-tag/real_estate-2/mode/,2,1,0,,0,,11.5,0.6428571428571429
https://www.farglory-realty.com.tw/life-proposal/page/13/,2,,0,,0,,17,
https://www.farglory-realty.com.tw/life-proposal/page/20/,2,,0,,0,,11,
https://www.farglory-realty.com.tw/life-proposal/page/21/,2,1,0,,0,,4.5,1.25
https://www.farglory-realty.com.tw/life-proposal/page/22/,2,1,0,,0,,8.5,0.0625
https://www.farglory-realty.com.tw/life-proposal/page/28/,2,-0.5,0,,0,,27.5,5.875
https://www.farglory-realty.com.tw/may/,2,,0,,0,,90.5,
https://www.farglory-realty.com.tw/november2023/,2,,0,,0,,8,
https://www.farglory-realty.com.tw/sales/8FXZ11/B1665,2,-0.3333333333333333,0,,0,,5.5,-0.21428571428571427
https://www.farglory-realty.com.tw/sales/8FXZ11/B4978,2,-0.6,0,-1,0,-1,8.5,0.4655172413793104
https://www.farglory-realty.com.tw/sales/cgh01/G0657,2,,0,,0,,13,
https://www.farglory-realty.com.tw/sales/cqh1/B5432,2,,0,,0,,13.5,
https://www.farglory-realty.com.tw/sales/eh2/G0243,2,,0,,0,,16,
https://www.farglory-realty.com.tw/september/,2,-0.3333333333333333,0,,0,,12,-0.6869565217391305
https://www.farglory-realty.com.tw/wom-recommendation-category/wom_recommendation/central-region/,2,-0.3333333333333333,0,,0,,4,-0.3333333333333333
https://www.farglory-realty.com.tw/wom-recommendation/h100_misslin/,2,-0.8,0,,0,,10,-0.358974358974359
https://www.farglory-realty.com.tw/%E5%89%8D%E6%89%80%E6%9C%AA%E6%9C%89%E2%80%A7%E8%B7%A8%E5%9C%8B%E7%95%8C%E5%BB%BA%E7%AF%89%E5%A5%87%E8%B9%9F/,1,0,0,,0,,15,2.75
https://www.farglory-realty.com.tw/life-proposal-tag/6%E3%80%81%E7%94%A2%E5%93%81/2%E5%BB%BA%E7%AF%89%E8%A8%88%E7%AE%97/%E5%AE%B9%E7%A9%8D%E7%8E%87/,1,0,0,,0,,13,0.18181818181818182
https://www.farglory-realty.com.tw/activity-report/%E8%81%96%E8%AA%95%E5%AF%B5%E7%B2%89%E5%A5%BD%E7%A6%AE-%E5%BE%97%E7%8D%8E%E5%85%AC%E5%91%8A/,1,,0,,0,,4,
https://www.farglory-realty.com.tw/activity-report/%E8%B6%85%E7%B4%9A%E5%A5%BD%E5%8F%8Bvip%E6%8E%A8%E8%96%A6%E8%B3%BC%E5%B1%8B%E5%A4%A7%E8%B3%9E-%E6%8E%A8%E8%96%A6%E8%B3%BC%E5%B1%8B%E9%80%81%E4%BD%A0%E9%81%8A%E6%9D%B1%E4%BA%AC-2/,1,,0,,0,,2,
https://www.farglory-realty.com.tw/activity-report/%E9%81%A0%E9%9B%84%E6%88%BF%E5%9C%B0%E7%94%A2%E5%AE%98%E6%96%B9line-6%E6%9C%88%E9%80%B1%E9%80%B1%E6%8A%BD/,1,-0.6666666666666666,0,,0,,19,-0.42424242424242425
https://www.farglory-realty.com.tw/activity-report/2%E6%9C%88%E8%B3%BC%E5%B1%8B%E6%84%8F%E9%A1%98%E5%95%8F%E5%8D%B7%E6%8A%BD%E7%8D%8E-%E5%BE%97%E7%8D%8E%E5%85%AC%E5%91%8A/,1,-0.5,0,,0,,79,10.285714285714286
https://www.farglory-realty.com.tw/activity-report/2023cny_dh3/,1,,0,,0,,5,
https://www.farglory-realty.com.tw/activity-report/dream-announcement/,1,0,0,,0,,9,0
https://www.farglory-realty.com.tw/activity-report/h713_event_carrefour/,1,0,0,,0,,7,-0.8541666666666666
https://www.farglory-realty.com.tw/activity-report/insurance_20230224/,1,0,0,,0,,6,-0.9294117647058824
https://www.farglory-realty.com.tw/activity-report/ucity_bed_20230315/,1,-0.9333333333333333,0,-1,0,-1,9,-0.4621513944223108
https://www.farglory-realty.com.tw/activity-report/ucity_dance_20230222/,1,-0.95,0,,0,,86,0.35968379446640314
https://www.farglory-realty.com.tw/activity-report/ucity_drama_20221201/,1,-0.9583333333333334,0,,0,,9,-0.7852882703777336
https://www.farglory-realty.com.tw/activity-report/ucity_drama_20230222/,1,-0.9375,0,,0,,9,-0.7781201848998459
https://www.farglory-realty.com.tw/activity-report/ucity_drama_20231212/,1,-0.875,0,,0,,25,-0.48320413436692505
https://www.farglory-realty.com.tw/activity-report/ucity_event1_20230705/,1,-0.8888888888888888,0,,0,,18,0.04516129032258069
https://www.farglory-realty.com.tw/activity-report/ucity_jul_expo/,1,-0.8571428571428571,0,,0,,38,0.5113636363636364
https://www.farglory-realty.com.tw/activity-report/ucity_may_drama/,1,-0.8,0,,0,,5,-0.8611111111111112
https://www.farglory-realty.com.tw/activity-report/ucity_piano_20231212/,1,-0.75,0,,0,,6,-0.6470588235294118
https://www.farglory-realty.com.tw/april/,1,0,0,,0,,92,0.033707865168539325
https://www.farglory-realty.com.tw/aug2024/,1,,0,,0,,7,
https://www.farglory-realty.com.tw/august/,1,-0.8,0,,0,,10,-0.5901639344262295
https://www.farglory-realty.com.tw/author/dx/,1,,0,,0,,99,
https://www.farglory-realty.com.tw/author/dx2/,1,,0,,0,,3,
https://www.farglory-realty.com.tw/building-category-tag/%E7%B2%BE%E9%81%B8%E5%95%86%E8%BE%A6/,1,-0.8333333333333334,0,,0,,20,0.46341463414634154
https://www.farglory-realty.com.tw/building-tag/%E9%9D%9C%E5%B7%B7%E5%AE%85/,1,0,0,,0,,39,18.5
https://www.farglory-realty.com.tw/building-tag/build-tag-quake/,1,-0.6666666666666666,0,,0,,9,-0.7522935779816514
https://www.farglory-realty.com.tw/building-tag/build-tag-river/,1,-0.8,0,,0,,24,-0.2638036809815951
https://www.farglory-realty.com.tw/building-type/%E5%B7%B2%E5%AE%8C%E9%8A%B7/,1,,0,,0,,9,
https://www.farglory-realty.com.tw/february2024/,1,-0.5,0,,0,,10,1.2222222222222223
https://www.farglory-realty.com.tw/jet-menu/mega-item-3643/,1,,0,,0,,42,
https://www.farglory-realty.com.tw/july/,1,-0.75,0,,0,,1,-0.9808612440191388
https://www.farglory-realty.com.tw/jun2024/,1,0,0,,0,,1,-0.9876543209876543
https://www.farglory-realty.com.tw/landing-page/0824sms/,1,,0,,0,,17,
https://www.farglory-realty.com.tw/landing-page/2023happynewyear/,1,-0.6666666666666666,0,,0,,5,-0.6428571428571429
https://www.farglory-realty.com.tw/landing-page/20240312/,1,,0,,0,,4,
https://www.farglory-realty.com.tw/life-proposal-tag/%E4%B8%89%E3%80%81%E8%B2%B7%E6%88%BF%E5%BE%8C-%E4%BF%9D%E9%9A%AA/,1,0,0,,0,,10,2.3333333333333335
https://www.farglory-realty.com.tw/life-proposal-tag/%E4%B8%89%E3%80%81%E8%B2%B7%E6%88%BF%E5%BE%8C-%E4%BF%9D%E9%9A%AA/%E5%95%86%E6%A5%AD%E7%81%AB%E9%9A%AA/,1,-0.5,0,,0,,30,-0.4957983193277311
https://www.farglory-realty.com.tw/life-proposal-tag/%E4%B8%89%E3%80%81%E8%B2%B7%E6%88%BF%E5%BE%8C-%E7%A9%BA%E9%96%93%E8%A6%8F%E5%8A%83/balcony/,1,-0.8571428571428571,0,-1,0,-1,2,0.39999999999999997
https://www.farglory-realty.com.tw/life-proposal-tag/%E4%BA%8C/,1,0,0,,0,,45,10.25
https://www.farglory-realty.com.tw/life-proposal-tag/%E4%BA%8C/%E8%B2%B8%E6%AC%BE%E6%88%90%E6%95%B8/,1,-0.6666666666666666,0,,0,,6,-0.7142857142857143
https://www.farglory-realty.com.tw/life-proposal-tag/%E4%BA%8C/page/2/,1,,0,,0,,5,
https://www.farglory-realty.com.tw/life-proposal-tag/1%E3%80%81%E5%AE%A2%E5%B1%A4/1%E8%B3%BC%E5%B1%8B%E5%B0%8D%E8%B1%A1/page/2/,1,0,0,,0,,12,-0.7857142857142857
https://www.farglory-realty.com.tw/life-proposal-tag/1%E3%80%81%E5%AE%A2%E5%B1%A4/page/2/,1,,0,,0,,25,
https://www.farglory-realty.com.tw/life-proposal-tag/2%E3%80%81%E5%B8%82%E5%A0%B4/1%E5%B8%82%E5%A0%B4%E7%9B%B8%E9%97%9C%E5%B0%88%E6%9C%89%E8%A9%9E/page/2/,1,,0,,0,,80,
https://www.farglory-realty.com.tw/life-proposal-tag/2%E3%80%81%E5%B8%82%E5%A0%B4/1%E5%B8%82%E5%A0%B4%E7%9B%B8%E9%97%9C%E5%B0%88%E6%9C%89%E8%A9%9E/page/7/,1,,0,,0,,21,
https://www.farglory-realty.com.tw/life-proposal-tag/2%E3%80%81%E5%B8%82%E5%A0%B4/2%E7%A8%85%E5%8B%99%E6%94%BF%E7%AD%96%E7%9B%B8%E9%97%9C/,1,0,0,-1,0,-1,10,0.6666666666666666
https://www.farglory-realty.com.tw/life-proposal-tag/2%E3%80%81%E5%B8%82%E5%A0%B4/2%E7%A8%85%E5%8B%99%E6%94%BF%E7%AD%96%E7%9B%B8%E9%97%9C/%E5%85%8D%E7%A8%85%E9%A1%8D/,1,,0,,0,,11,
https://www.farglory-realty.com.tw/life-proposal-tag/2%E3%80%81%E5%B8%82%E5%A0%B4/2%E7%A8%85%E5%8B%99%E6%94%BF%E7%AD%96%E7%9B%B8%E9%97%9C/%E6%94%BF%E7%AD%96/,1,,0,,0,,7,
https://www.farglory-realty.com.tw/life-proposal-tag/2%E3%80%81%E5%B8%82%E5%A0%B4/2%E7%A8%85%E5%8B%99%E6%94%BF%E7%AD%96%E7%9B%B8%E9%97%9C/%E7%B9%BC%E6%89%BF%E7%99%BB%E8%A8%98/,1,-0.6666666666666666,0,,0,,7,-0.1599999999999999
https://www.farglory-realty.com.tw/life-proposal-tag/2%E3%80%81%E5%B8%82%E5%A0%B4/2%E7%A8%85%E5%8B%99%E6%94%BF%E7%AD%96%E7%9B%B8%E9%97%9C/%E9%87%8D%E8%B3%BC%E9%80%80%E7%A8%85/,1,,0,,0,,5,
https://www.farglory-realty.com.tw/life-proposal-tag/2%E3%80%81%E5%B8%82%E5%A0%B4/2%E7%A8%85%E5%8B%99%E6%94%BF%E7%AD%96%E7%9B%B8%E9%97%9C/%E9%99%A4%E6%88%B6/,1,,0,,0,,10,
https://www.farglory-realty.com.tw/life-proposal-tag/2%E3%80%81%E5%B8%82%E5%A0%B4/2%E7%A8%85%E5%8B%99%E6%94%BF%E7%AD%96%E7%9B%B8%E9%97%9C/house_tax/%E8%B1%AA%E5%AE%85%E7%A8%85/,1,,0,,0,,1,
https://www.farglory-realty.com.tw/life-proposal-tag/2%E3%80%81%E5%B8%82%E5%A0%B4/china_market/,1,0,0,,0,,12,1.4
https://www.farglory-realty.com.tw/life-proposal-tag/3%E3%80%81%E4%BA%A4%E6%98%93/1%E8%B3%BC%E5%B1%8B%E6%B5%81%E7%A8%8B%E7%9B%B8%E9%97%9C/%E9%A9%97%E5%B1%8B%E6%B5%81%E7%A8%8B/%E6%B5%B4%E5%BB%81%E8%A8%AD%E6%96%BD/,1,,0,,0,,6,
https://www.farglory-realty.com.tw/life-proposal-tag/4%E3%80%81%E5%93%81%E7%89%8C/,1,,0,,0,,9,
https://www.farglory-realty.com.tw/life-proposal-tag/4%E3%80%81%E5%93%81%E7%89%8C/1%E5%93%81%E7%89%8C%E7%9B%B8%E9%97%9C/,1,,0,,0,,50,
https://www.farglory-realty.com.tw/life-proposal-tag/5%E3%80%81%E5%8D%80%E5%9F%9F/1%E5%8D%80%E5%9F%9F%E5%9C%B0%E6%AE%B5/%E7%94%9F%E6%B4%BB%E6%A9%9F%E8%83%BD/,1,,0,,0,,1,
https://www.farglory-realty.com.tw/life-proposal-tag/5%E3%80%81%E5%8D%80%E5%9F%9F/1%E5%8D%80%E5%9F%9F%E5%9C%B0%E6%AE%B5/%E7%B8%A3%E5%B8%82/%E5%8F%B0%E4%B8%AD%E5%B8%82/xitun/,1,-0.8,0,,0,,51,9.2
https://www.farglory-realty.com.tw/life-proposal-tag/5%E3%80%81%E5%8D%80%E5%9F%9F/1%E5%8D%80%E5%9F%9F%E5%9C%B0%E6%AE%B5/%E7%B8%A3%E5%B8%82/%E5%8F%B0%E5%8C%97%E5%B8%82/beitou/%E5%8C%97%E5%A3%AB%E7%A7%91/,1,-0.8333333333333334,0,,0,,5,-0.7794117647058824
https://www.farglory-realty.com.tw/life-proposal-tag/5%E3%80%81%E5%8D%80%E5%9F%9F/1%E5%8D%80%E5%9F%9F%E5%9C%B0%E6%AE%B5/%E7%B8%A3%E5%B8%82/%E5%8F%B0%E5%8D%97%E5%B8%82/annan/,1,0,0,,0,,31,0.7222222222222222
https://www.farglory-realty.com.tw/life-proposal-tag/5%E3%80%81%E5%8D%80%E5%9F%9F/1%E5%8D%80%E5%9F%9F%E5%9C%B0%E6%AE%B5/%E7%B8%A3%E5%B8%82/%E5%8F%B0%E5%8D%97%E5%B8%82/yongkang/%E5%A4%A7%E7%81%A3%E9%87%8D%E5%8A%83%E5%8D%80/,1,0,0,,0,,10,-0.8795180722891566
https://www.farglory-realty.com.tw/life-proposal-tag/5%E3%80%81%E5%8D%80%E5%9F%9F/1%E5%8D%80%E5%9F%9F%E5%9C%B0%E6%AE%B5/%E7%B8%A3%E5%B8%82/%E6%96%B0%E7%AB%B9%E5%B8%82/%E6%96%B0%E7%AB%B9%E5%B8%82%E6%9D%B1%E5%8D%80/,1,-0.6666666666666666,0,-1,0,-1,11,0.6499999999999999
https://www.farglory-realty.com.tw/life-proposal-tag/5%E3%80%81%E5%8D%80%E5%9F%9F/1%E5%8D%80%E5%9F%9F%E5%9C%B0%E6%AE%B5/%E9%87%8D%E5%8A%83%E5%8D%80/page/5/,1,-0.5,0,,0,,3,-0.8666666666666667
https://www.farglory-realty.com.tw/life-proposal-tag/5%E3%80%81%E5%8D%80%E5%9F%9F/1%E5%8D%80%E5%9F%9F%E5%9C%B0%E6%AE%B5/%E9%87%8D%E5%A4%A7%E5%BB%BA%E8%A8%AD/,1,-0.5,0,,0,,25,1.7777777777777777
https://www.farglory-realty.com.tw/life-proposal-tag/5%E3%80%81%E5%8D%80%E5%9F%9F/page/9/,1,,0,,0,,11,
https://www.farglory-realty.com.tw/life-proposal-tag/6%E3%80%81%E7%94%A2%E5%93%81/1%E5%BB%BA%E7%AF%89%E5%B0%88%E6%9C%89%E5%90%8D%E8%A9%9E/,1,,0,,0,,11,
https://www.farglory-realty.com.tw/life-proposal-tag/6%E3%80%81%E7%94%A2%E5%93%81/1%E5%BB%BA%E7%AF%89%E5%B0%88%E6%9C%89%E5%90%8D%E8%A9%9E/%E5%81%9C%E8%BB%8A%E4%BD%8D/%E5%81%9C%E8%BB%8A%E7%A9%BA%E9%96%93%E6%94%B9%E9%9D%A9/,1,,0,,0,,84,
https://www.farglory-realty.com.tw/life-proposal-tag/6%E3%80%81%E7%94%A2%E5%93%81/1%E5%BB%BA%E7%AF%89%E5%B0%88%E6%9C%89%E5%90%8D%E8%A9%9E/%E5%95%86%E5%BB%A0%E8%BE%A6-%E5%BB%BA%E7%AF%89%E5%B0%88%E6%9C%89%E5%90%8D%E8%A9%9E/%E5%BB%A0%E8%BE%A6/,1,0,0,,0,,9,-0.8888888888888888
https://www.farglory-realty.com.tw/life-proposal-tag/6%E3%80%81%E7%94%A2%E5%93%81/1%E5%BB%BA%E7%AF%89%E5%B0%88%E6%9C%89%E5%90%8D%E8%A9%9E/%E5%B1%8B%E5%9E%8B/,1,,0,,0,,8,
https://www.farglory-realty.com.tw/life-proposal-tag/6%E3%80%81%E7%94%A2%E5%93%81/1%E5%BB%BA%E7%AF%89%E5%B0%88%E6%9C%89%E5%90%8D%E8%A9%9E/page/3/,1,0,0,,0,,7,-0.93
https://www.farglory-realty.com.tw/life-proposal-tag/6%E3%80%81%E7%94%A2%E5%93%81/1%E5%BB%BA%E7%AF%89%E5%B0%88%E6%9C%89%E5%90%8D%E8%A9%9E/page/4/,1,-0.5,0,,0,,5,-0.8969072164948454
https://www.farglory-realty.com.tw/life-proposal-tag/6%E3%80%81%E7%94%A2%E5%93%81/10%E9%85%8D%E5%82%99/b-%E5%82%A2%E4%BF%B1/,1,0,0,,0,,9,-0.8163265306122449
https://www.farglory-realty.com.tw/life-proposal-tag/6%E3%80%81%E7%94%A2%E5%93%81/11%E8%A8%AD%E8%A8%88%E9%A2%A8%E6%A0%BC%E9%A1%9E%E5%9E%8B/page/3/,1,-0.9375,0,,0,,42,-0.2851063829787234
https://www.farglory-realty.com.tw/life-proposal-tag/6%E3%80%81%E7%94%A2%E5%93%81/12%E6%9C%8D%E5%8B%99/b-%E7%89%A9%E6%A5%AD%E7%AE%A1%E7%90%86/%E7%A7%81%E4%BA%BA%E7%AE%A1%E5%AE%B6/,1,-0.6666666666666666,0,-1,0,-1,6,-0.75
https://www.farglory-realty.com.tw/life-proposal-tag/6%E3%80%81%E7%94%A2%E5%93%81/14-%E7%94%A2%E5%93%81%E9%9C%80%E6%B1%82/pet_house/,1,0,0,,0,,47,10.75
https://www.farglory-realty.com.tw/life-proposal-tag/6%E3%80%81%E7%94%A2%E5%93%81/2%E5%BB%BA%E7%AF%89%E8%A8%88%E7%AE%97/,1,,0,,0,,7,
https://www.farglory-realty.com.tw/wom-recommendation/,1,0,0,,0,,6,0.2
https://www.farglory-realty.com.tw/life-proposal-tag/6%E3%80%81%E7%94%A2%E5%93%81/4%E7%94%A2%E5%93%81%E8%A6%8F%E5%8A%83-%E5%BB%BA%E7%AF%89/a-%E5%BB%BA%E7%AF%89%E8%A6%8F%E5%8A%83/%E5%85%A8%E9%BD%A1%E5%AE%85/%E9%95%B7%E6%9C%9F%E7%85%A7%E8%AD%B7/,1,,0,,0,,5,
https://www.farglory-realty.com.tw/life-proposal-tag/6%E3%80%81%E7%94%A2%E5%93%81/4%E7%94%A2%E5%93%81%E8%A6%8F%E5%8A%83-%E5%BB%BA%E7%AF%89/a-%E5%BB%BA%E7%AF%89%E8%A6%8F%E5%8A%83/%E5%85%A8%E9%BD%A1%E5%AE%85/%E9%9D%92%E9%8A%80%E5%85%B1%E5%B1%85/,1,-0.6666666666666666,0,,0,,26,0.0985915492957746
https://www.farglory-realty.com.tw/life-proposal-tag/6%E3%80%81%E7%94%A2%E5%93%81/4%E7%94%A2%E5%93%81%E8%A6%8F%E5%8A%83-%E5%BB%BA%E7%AF%89/a-%E5%BB%BA%E7%AF%89%E8%A6%8F%E5%8A%83/%E6%99%BA%E6%85%A7%E5%BB%BA%E7%AF%89/,1,-0.8333333333333334,0,-1,0,-1,6,0.1612903225806451
https://www.farglory-realty.com.tw/life-proposal-tag/6%E3%80%81%E7%94%A2%E5%93%81/4%E7%94%A2%E5%93%81%E8%A6%8F%E5%8A%83-%E5%BB%BA%E7%AF%89/a-%E5%BB%BA%E7%AF%89%E8%A6%8F%E5%8A%83/%E9%99%8D%E6%BA%AB%E7%AF%80%E8%83%BD/%E5%B1%8B%E9%A0%82%E9%9A%94%E7%86%B1%E6%9D%90%E6%96%99/,1,-0.9166666666666666,0,,0,,92,0.9470899470899471
https://www.farglory-realty.com.tw/life-proposal-tag/6%E3%80%81%E7%94%A2%E5%93%81/5%E7%94%A2%E5%93%81%E8%A6%8F%E5%8A%83-%E6%99%AF%E8%A7%80/b-%E6%99%AF%E8%A7%80%E9%A2%A8%E6%A0%BC/,1,,0,,0,,6,
https://www.farglory-realty.com.tw/life-proposal-tag/6%E3%80%81%E7%94%A2%E5%93%81/8%E5%BB%BA%E6%9D%90%E8%A6%8F%E5%8A%83/%E7%B5%90%E6%A7%8B%E6%9D%90%E6%96%99/,1,-0.5,0,,0,,10,-0.8181818181818182
https://www.farglory-realty.com.tw/life-proposal-tag/6%E3%80%81%E7%94%A2%E5%93%81/8%E5%BB%BA%E6%9D%90%E8%A6%8F%E5%8A%83/%E9%9A%94%E9%9F%B3/,1,,0,,0,,6,
https://www.farglory-realty.com.tw/life-proposal-tag/6%E3%80%81%E7%94%A2%E5%93%81/9%E7%B5%90%E6%A7%8B/%E6%B7%B7%E5%87%9D%E5%9C%9F%E5%B7%A5%E7%A8%8B/,1,,0,,0,,41,
https://www.farglory-realty.com.tw/life-proposal-tag/6%E3%80%81%E7%94%A2%E5%93%81/page/5/,1,,0,,0,,10,
https://www.farglory-realty.com.tw/life-proposal-tag/7%E3%80%81%E7%89%B9%E6%AE%8A%E5%AE%85/,1,,0,,0,,6,
https://www.farglory-realty.com.tw/life-proposal-tag/7%E3%80%81%E7%89%B9%E6%AE%8A%E5%AE%85/%E6%B0%B4%E5%B2%B8%E5%AE%85/,1,-0.6666666666666666,0,,0,,89,4.448979591836734
https://www.farglory-realty.com.tw/life-proposal-tag/8%E3%80%81%E9%81%A0%E9%9B%84%E6%88%BF%E5%9C%B0%E7%94%A2%E5%BB%BA%E6%A1%88/the-one/,1,-0.8,0,,0,,10,0.35135135135135126
https://www.farglory-realty.com.tw/life-proposal-tag/commercial/%E5%B7%A5%E6%A5%AD%E7%94%A8%E5%9C%B0/,1,0,0,,0,,10,2.3333333333333335
https://www.farglory-realty.com.tw/life-proposal-tag/commercial/%E7%A7%91%E5%AD%B8%E5%9C%92%E5%8D%80/%E5%8D%97%E7%A7%91-commercial/,1,,0,,0,,6,
https://www.farglory-realty.com.tw/life-proposal-tag/expert/,1,,0,,0,,6,
https://www.farglory-realty.com.tw/life-proposal-tag/expert/page/4/,1,-0.5,0,,0,,9,1
https://www.farglory-realty.com.tw/life-proposal-tag/interior_design-2/%E7%AA%97%E7%B0%BE%E7%A8%AE%E9%A1%9E/,1,0,0,,0,,87,0.11538461538461539
https://www.farglory-realty.com.tw/life-proposal-tag/interior_design-2/color/,1,0,0,,0,,5,4
https://www.farglory-realty.com.tw/life-proposal-tag/interior_design-2/green_life/,1,,0,,0,,12,
https://www.farglory-realty.com.tw/life-proposal-tag/interior_design-2/lightset/,1,,0,,0,,4,
https://www.farglory-realty.com.tw/life-proposal-tag/interior_design-2/space/,1,0,0,,0,,48,-0.3333333333333333
https://www.farglory-realty.com.tw/life-proposal-tag/interior_design-2/storage/,1,-0.5,0,,0,,6,-0.4
https://www.farglory-realty.com.tw/life-proposal-tag/law_property/,1,,0,,0,,3,
https://www.farglory-realty.com.tw/life-proposal-tag/law_property/%E5%AF%A6%E7%89%A9%E6%8A%B5%E7%B9%B3/,1,,0,,0,,51,
https://www.farglory-realty.com.tw/life-proposal-tag/law_property/%E6%B3%95%E5%AE%9A%E7%A9%BA%E5%9C%B0/,1,,0,,0,,5,
https://www.farglory-realty.com.tw/life-proposal-tag/living_quality/living/,1,0,0,,0,,6,-0.3333333333333333
https://www.farglory-realty.com.tw/life-proposal-tag/living_quality/living/moisture-proof/,1,,0,,0,,9,
https://www.farglory-realty.com.tw/life-proposal-tag/macroeconomics-2/,1,0,0,,0,,4,-0.6
https://www.farglory-realty.com.tw/life-proposal-tag/macroeconomics-2/%E4%B8%AD%E5%9C%8B%E5%B8%82%E5%A0%B4/%E6%BB%AC%E6%B7%B1-300/,1,,0,,0,,9,
https://www.farglory-realty.com.tw/life-proposal-tag/macroeconomics-2/%E5%85%A8%E7%90%83%E6%99%AF%E6%B0%A3/,1,,0,,0,,61,
https://www.farglory-realty.com.tw/life-proposal-tag/macroeconomics-2/%E5%8E%BB%E7%BE%8E%E5%85%83%E5%8C%96/,1,,0,,0,,6,
https://www.farglory-realty.com.tw/life-proposal-tag/macroeconomics-2/%E5%9C%B0%E7%B7%A3%E6%94%BF%E6%B2%BB/,1,-0.5,0,,0,,13,1
https://www.farglory-realty.com.tw/life-proposal-tag/macroeconomics-2/%E5%B7%9D%E6%99%AE%E8%A1%8C%E6%94%BF%E5%91%BD%E4%BB%A4/%E8%B2%BF%E6%98%93%E6%88%B0/,1,,0,,0,,43,
https://www.farglory-realty.com.tw/life-proposal-tag/macroeconomics-2/%E5%B7%9D%E6%99%AE%E8%A1%8C%E6%94%BF%E5%91%BD%E4%BB%A4/%E9%97%9C%E7%A8%85%E6%94%BF%E7%AD%96/,1,-0.5,0,,0,,2,-0.8918918918918919
https://www.farglory-realty.com.tw/life-proposal-tag/macroeconomics-2/%E8%B3%87%E7%94%A2%E9%85%8D%E7%BD%AE/,1,,0,,0,,11,
https://www.farglory-realty.com.tw/life-proposal-tag/macroeconomics-2/%E9%80%9A%E7%B8%AE%E8%9E%BA%E6%97%8B/,1,0,0,,0,,7,-0.65
https://www.farglory-realty.com.tw/life-proposal-tag/macroeconomics-2/%E9%99%8D%E6%81%AF/,1,,0,,0,,11,
https://www.farglory-realty.com.tw/life-proposal-tag/macroeconomics-2/climate_change/,1,,0,,0,,3,
https://www.farglory-realty.com.tw/life-proposal-tag/macroeconomics-2/macromicro/page/3/,1,-0.5,0,,0,,10,-0.25925925925925924
https://www.farglory-realty.com.tw/life-proposal-tag/macroeconomics-2/u-s-economy/,1,-0.5,0,,0,,4,-0.6
https://www.farglory-realty.com.tw/life-proposal-tag/policy/,1,-0.5,0,,0,,3,-0.6666666666666666
https://www.farglory-realty.com.tw/life-proposal-tag/policy/%E5%BB%BA%E7%AF%89%E6%8A%80%E8%A1%93%E8%A6%8F%E5%89%87/,1,,0,,0,,68,
https://www.farglory-realty.com.tw/life-proposal-tag/policy/rental_housing/,1,,0,,0,,18,
https://www.farglory-realty.com.tw/life-proposal-tag/policy/social_housing/,1,,0,,0,,20,
https://www.farglory-realty.com.tw/life-proposal-tag/real_estate-2/%E5%8D%80%E5%9F%9F%E7%99%BC%E5%B1%95%E8%A8%88%E7%95%AB/%E7%94%A2%E6%A5%AD%E7%94%9F%E6%85%8B%E7%B3%BB/,1,0,0,,0,,7,-0.8703703703703703
https://www.farglory-realty.com.tw/life-proposal-tag/real_estate-2/%E6%88%BF%E5%83%B9%E6%8C%87%E6%95%B8/,1,-0.6666666666666666,0,-1,0,-1,1,-0.9142857142857143
https://www.farglory-realty.com.tw/life-proposal-tag/real_estate-2/2024%E6%88%BF%E5%B8%82%E5%9B%9E%E9%A1%A7/,1,,0,,0,,6,
https://www.farglory-realty.com.tw/life-proposal-tag/real_estate-2/2024%E6%88%BF%E5%B8%82%E8%B6%A8%E5%8B%A2/,1,,0,,0,,13,
https://www.farglory-realty.com.tw/life-proposal-tag/real_estate-2/2025%E6%88%BF%E5%B8%82%E8%B6%A8%E5%8B%A2-real_estate-2/,1,-0.8,0,-1,0,-1,9,0.046511627906976785
https://www.farglory-realty.com.tw/life-proposal-tag/real_estate-2/foreclosure/,1,,0,,0,,35,
https://www.farglory-realty.com.tw/life-proposal/area-tainan_west-central_redevelop_diamond_school_20250516/#elementor-toc__heading-anchor-0,1,,0,,0,,6,
https://www.farglory-realty.com.tw/life-proposal/area-tainan_west-central_redevelop_diamond_school_20250516/#elementor-toc__heading-anchor-1,1,,0,,0,,6,
https://www.farglory-realty.com.tw/life-proposal/area-tainan_west-central_redevelop_diamond_school_20250516/#elementor-toc__heading-anchor-2,1,,0,,0,,6,
https://www.farglory-realty.com.tw/life-proposal/area_tnn_yanxing_school_20240323/,1,,0,,0,,1,
https://www.farglory-realty.com.tw/life-proposal/expert_peizhen_topics_commerical_trend_20240904/,1,-0.8888888888888888,0,,0,,5,-0.8148148148148148
https://www.farglory-realty.com.tw/life-proposal/expert_zhu_presale_20230314,1,,0,,0,,6,
https://www.farglory-realty.com.tw/life-proposal/expert_zhu_v_presale_20230418/,1,-0.8333333333333334,0,,0,,32,0.18518518518518517
https://www.farglory-realty.com.tw/life-proposal/kw_brand_construction_20240109,1,,0,,0,,1,
https://www.farglory-realty.com.tw/life-proposal/page/24/,1,,0,,0,,15,
https://www.farglory-realty.com.tw/life-proposal/page/3/,1,,0,,0,,4,
https://www.farglory-realty.com.tw/life-proposal/page/30/,1,0,0,,0,,5,0.6666666666666666
https://www.farglory-realty.com.tw/life-proposal/page/33/,1,-0.75,0,,0,,36,-0.323943661971831
https://www.farglory-realty.com.tw/life-proposal/page/34/,1,,0,,0,,23,
https://www.farglory-realty.com.tw/life_proposal/experts_point/%E7%8D%A8%E5%AE%B6%E5%B0%88%E6%AC%84/%E8%B2%A1%E7%B6%93%EF%BD%8D%E5%B9%B3%E6%96%B9/,1,-0.875,0,,0,,9,0.3090909090909091
https://www.farglory-realty.com.tw/march-theme-newspaper/,1,-0.6666666666666666,0,,0,,13,-0.4
https://www.farglory-realty.com.tw/nov2024/,1,,0,,0,,4,
https://www.farglory-realty.com.tw/sales/5VO1/B2280,1,,0,,0,,2,
https://www.farglory-realty.com.tw/sales/dh2/B2618/,1,-0.9583333333333334,0,-1,0,-1,6,1.769230769230769
https://www.farglory-realty.com.tw/sales/dh2/G0601/,1,,0,,0,,4,
https://www.farglory-realty.com.tw/sales/eh1/G0639,1,-0.6666666666666666,0,,0,,1,-0.9347826086956522
https://www.farglory-realty.com.tw/sales/eh5/B1985,1,-0.8333333333333334,0,,0,,10,0.8181818181818182
https://www.farglory-realty.com.tw/sales/eh5/G0598,1,,1,,1,,1,
https://www.farglory-realty.com.tw/sep2025/,1,,0,,0,,20,
https://www.farglory-realty.com.tw/september-2023/,1,-0.5,0,,0,,81,0.14084507042253522
https://www.farglory-realty.com.tw/wait/,1,-0.75,0,,0,,6,-0.90625
https://www.farglory-realty.com.tw/about-category/advantage-glory/,1,,0,,0,,7,