Google自然搜尋到達頁面,Google自然搜尋曝光次數,% Δ,Google自然搜尋點擊次數,% Δ,Google自然搜尋點擊率,% Δ,Google自然搜尋平均排名,% Δ
https://www.farglory-realty.com.tw/life-proposal/gift_tax/,45513,-0.04816379454575874,2294,-0.14942528735632185,0.05040318150857997,-0.10638541823720439,5.23507569265924,0.10743099280292273
https://www.farglory-realty.com.tw/life-proposal/kw_brand_construction_20240109/,44263,-0.1393377277411577,360,-0.7313432835820896,0.008133203804532002,-0.6878488518930773,3.204120823260963,0.06461775401360656
https://www.farglory-realty.com.tw/life-proposal/land_household_registration/,41460,0.40618640618640617,815,0.085219707057257,0.01965750120598167,-0.22825330817954256,6.41808972503618,0.11484144654094375
https://www.farglory-realty.com.tw/life-proposal/expert_peizhen_real-estate-2026/,39226,,776,,0.019782797124356294,,12.445495334726967,
https://www.farglory-realty.com.tw/life-proposal/floor_height/,25684,-0.055596411236946607,310,-0.08011869436201781,0.012069771063697244,-0.025965893625192155,4.032510512381249,0.04586307226580878
https://www.farglory-realty.com.tw/case/search/,21201,-0.10710074123989219,409,0.06788511749347259,0.019291542851752275,0.19597491768147796,8.81397103910193,-0.04797052026877776
https://www.farglory-realty.com.tw/life-proposal/glass-fix/,17570,-0.10017412680528526,104,0.18181818181818182,0.005919180421172453,0.3133854193615149,2.8651678998292542,0.2786028662339396
https://www.farglory-realty.com.tw/life-proposal/land_zoning/,17464,0.12453316162266581,267,-0.05985915492957746,0.015288593678424186,-0.163972324556593,5.530119102153001,-0.02030788751883807
https://www.farglory-realty.com.tw/life-proposal/regulations_20230317/,17053,-0.0542399201375409,436,0.004608294930875576,0.025567348853574152,0.06222319626450593,5.510701929279306,0.087139536393562
https://www.farglory-realty.com.tw/life-proposal/trip/,16728,0.2574607231451552,105,0.640625,0.006276901004304161,0.3047127196915353,4.414275466284074,0.05520307861452704
https://www.farglory-realty.com.tw/life-proposal/expert_zhu_ownership-criteria/,15693,-0.005008876489982247,601,0.005016722408026756,0.03829733001975403,0.010076068681539466,6.378640158032244,-0.03920472382999978
https://www.farglory-realty.com.tw/life-proposal/area_taoyuan_guishan_a7_function/,15249,-0.22992627007372993,232,-0.24429967426710097,0.015214112400813167,-0.018664971462858834,4.985310512164732,-0.13904992227757845
https://www.farglory-realty.com.tw/life-proposal/%E5%BD%B1%E9%9F%B3-%E8%BC%9D%E9%81%94%E5%8C%97%E5%A3%AB%E7%A7%91%E7%B8%BD%E9%83%A8%E8%A8%AD%E7%AB%8B%EF%BC%9A%E5%B8%B6%E5%8B%95%E5%8F%B0%E5%8C%97%E6%88%BF%E5%B8%82%E4%B8%89%E5%A4%A7%E8%AE%8A/,12909,-0.46992157023775305,98,-0.8108108108108109,0.0075916027577659,-0.6430920811585464,7.984661863815942,0.038076801853050124
https://www.farglory-realty.com.tw/buildings/h713/,12391,-0.11473887261556048,218,-0.1925925925925926,0.017593414575094828,-0.08794435626813964,4.724558147042208,-0.09102649570939934
https://www.farglory-realty.com.tw/,11825,-0.21548464141179594,295,-0.06349206349206349,0.024947145877378434,0.193740729554683,10.527103594080339,-0.007319387697000545
https://www.farglory-realty.com.tw/life-proposal/expert_li_2026-housing-tips/,11304,,225,,0.019904458598726114,,17.376857749469213,
https://www.farglory-realty.com.tw/life-proposal/regulations2_20230320/,11049,-0.17686061238173284,291,-0.23421052631578948,0.02633722508824328,-0.06967217800134334,5.055480133948774,0.13702137726608343
https://www.farglory-realty.com.tw/buildings/o1/,10357,0.03704816261139481,102,-0.10526315789473684,0.009848411702230376,-0.13722730113881787,6.156415950564836,0.07623319326946058
https://www.farglory-realty.com.tw/life-proposal/house_and_land/,10330,0.19712597056437595,564,-0.05843071786310518,0.05459825750242014,-0.21347518532824147,12.956921587608907,0.01999084404799797
https://www.farglory-realty.com.tw/life-proposal/area-l-taoyuan-guishan/,9555,0.01616505370626396,127,-0.44052863436123346,0.013291470434327577,-0.4494286498062458,8.683097854526427,0.1383362722357893
https://www.farglory-realty.com.tw/life-proposal/home-inspection/,9153,0.12680044318601502,111,-0.2127659574468085,0.012127171419206818,-0.30135451462257457,6.998907462034306,-0.05032781568354349
https://www.farglory-realty.com.tw/life-proposal/house-layout/,9122,0.03788826942769371,157,-0.01875,0.017211137908353432,-0.05457068077176045,7.2109186581889935,0.027675759474996953
https://www.farglory-realty.com.tw/life-proposal/kw_delivery_20230607/,8796,0.12928488894594942,296,0.06474820143884892,0.03365165984538426,-0.05714827864856818,5.079240563892679,-0.06732508010372781
https://www.farglory-realty.com.tw/life-proposal/ratio_of_public_area/,8521,-0.04344409519533004,64,0.12280701754385964,0.0075108555333881,0.1738017735337051,3.963501936392442,0.07603545195001443
https://www.farglory-realty.com.tw/life-proposal/expert_zhu_property_scam_20240604/,7904,-0.035627135187896536,294,0.072992700729927,0.03719635627530364,0.11263261325689282,4.432818825910932,-0.08496705459851411
https://www.farglory-realty.com.tw/life-proposal/expert_li_housing-challenges-2026/,7471,-0.5140496942890594,64,-0.8123167155425219,0.00856645696693883,-0.6137809108219426,6.668317494311337,0.2060173770974107
https://www.farglory-realty.com.tw/life-proposal/expert_zhu_expert_zhu_land-agent_20250917/,7350,1.245646196150321,140,0.308411214953271,0.01904761904761905,-0.4173564753004005,3.7345578231292516,-0.0038947310649465536
https://www.farglory-realty.com.tw/life-proposal/area-txg-7th_function_20231107/,7074,-0.18106043065524427,54,0.4594594594594595,0.007633587786259542,0.7821332783164845,4.863443596268024,-0.14405929413493632
https://www.farglory-realty.com.tw/buildings/eh2/,7020,0.13007083065035416,449,0.04906542056074766,0.06396011396011396,-0.0716817104667572,5.411111111111111,-0.015527699677184184
https://www.farglory-realty.com.tw/life-proposal/taxes/,6798,0.1390750670241287,376,-0.22474226804123712,0.05531038540747279,-0.31939715440866473,10.36054721977052,0.09640474878252442
https://www.farglory-realty.com.tw/life-proposal/gift_tax/#elementor-toc__heading-anchor-0,6671,0.042018119337706966,0,-1,0,-1,5.286313895967621,-0.09481701182238395
https://www.farglory-realty.com.tw/life-proposal/expert_zhu_taiwan-land-scam/,6558,-0.009664753850800362,80,-0.10112359550561797,0.012198841110094541,-0.09235139515678593,5.483531564501372,-0.17656251938572984
https://www.farglory-realty.com.tw/life-proposal/expert_hoshichang_south-potential/,6326,0.03433616742969261,88,-0.3669064748201439,0.013910844135314574,-0.3879228580461588,5.287385393613658,-0.5670127995267975
https://www.farglory-realty.com.tw/life-proposal/gift_tax/#elementor-toc__heading-anchor-1,6319,-0.014964925954793453,2,1,0.0003165057762304162,1.03038455451812,5.311441683810729,-0.09095303341214901
https://www.farglory-realty.com.tw/life-proposal/gift_tax/#elementor-toc__heading-anchor-2,6235,-0.02471453151884874,2,,0.00032076984763432237,,5.36663993584603,-0.0820844607682887
https://www.farglory-realty.com.tw/life-proposal/nvidia-beishi-office/,6209,-0.14863567804744277,49,-0.5333333333333333,0.007891770011273957,-0.45186020293122886,5.784184248671283,0.027576140640155563
https://www.farglory-realty.com.tw/life-proposal/expert_zhu_property_openspace_20240705/,6129,-0.13186968838526913,173,0.4297520661157025,0.028226464349812366,0.6469325480138455,3.2837330722793276,0.045982471137522636
https://www.farglory-realty.com.tw/life-proposal/expert_zhu_marriage_20230614/,6107,0.3007454739084132,181,0.6017699115044248,0.029638120189945962,0.23142455125483452,8.661535942361226,-0.10403826453278486
https://www.farglory-realty.com.tw/life-proposal/ping/,6104,0.0468187274909964,133,0.064,0.021788990825688075,0.01641284403669737,6.169397116644823,0.03772441548364273
https://www.farglory-realty.com.tw/life-proposal/transcript_20221007/,6076,0.5893277530735025,80,0.23076923076923078,0.013166556945358789,-0.2256038891983592,6.595622119815668,0.06106141070759544
https://www.farglory-realty.com.tw/buildings/ah2/,5736,-0.0616718468836905,154,-0.02531645569620253,0.02684797768479777,0.03874485814663774,6.568863319386332,0.011956893006946644
https://www.farglory-realty.com.tw/life-proposal/area-s-taipei-shilinbstp20220520/,5687,0.309765085214187,35,0.029411764705882353,0.006154387198874627,-0.21404855242606968,8.109372252505715,0.2025989385013086
https://www.farglory-realty.com.tw/life-proposal/ar1-1/,5581,,38,,0.006808815624440064,,23.615301917219135,
https://www.farglory-realty.com.tw/life-proposal/build_rate/,5556,-0.45916480093448847,36,-0.45454545454545453,0.0064794816414686825,0.008541134891026867,5.969222462203024,0.7080811775218423
https://www.farglory-realty.com.tw/buildings/fh2/,5502,4.463753723932473,1191,3.0236486486486487,0.21646673936750271,-0.2635743022193405,3.079062159214831,0.1599759050988907
https://www.farglory-realty.com.tw/life-proposal/land_documents/,5197,0.2294771705701443,78,0.41818181818181815,0.015008658841639407,0.15348365315654136,5.018857032903599,-0.06485459410722413
https://www.farglory-realty.com.tw/buildings/bh10/,5165,-0.035480859010270774,84,-0.15151515151515152,0.016263310745401743,-0.12030273695326935,6.924104549854792,-0.021260166179062106
https://www.farglory-realty.com.tw/life-proposal/concrete/,5099,0.4473460119216577,12,-0.5,0.002353402627966268,-0.6545401059031182,4.0025495195136305,-0.21144268218059947
https://www.farglory-realty.com.tw/life-proposal/actual_selling_price20220708/,5080,0.08338664960545959,147,-0.11976047904191617,0.02893700787401575,-0.18751119807628835,8.49015748031496,0.0907841308928636
https://www.farglory-realty.com.tw/buildings/bh11/,5020,-0.005940594059405941,157,-0.12290502793296089,0.03127490039840637,-0.11766342451423356,6.556972111553785,0.03444889607455833
https://www.farglory-realty.com.tw/life-proposal/expert_zhu_hypothec_20230815/,4949,0.09128996692392503,88,0.1282051282051282,0.017781369973732065,0.03382708757531944,10.181854920185897,0.13434658436208533
https://www.farglory-realty.com.tw/buildings/bh7/,4841,0.36212718064153065,348,0.2608695652173913,0.07188597397231977,-0.07433785689266491,4.589341045238587,0.013831307482467617
https://www.farglory-realty.com.tw/buildings/bh9/,4821,-0.13306959180003597,88,-0.1619047619047619,0.01825347438290811,-0.0332612281585524,6.26612735946899,-0.05002769155674453
https://www.farglory-realty.com.tw/life-proposal/area-tpe-beitou_bstp_traffic_20240705/,4772,-0.34378437843784376,81,-0.5120481927710844,0.01697401508801341,-0.2564154354214848,6.083403185247276,0.11412365484972906
https://www.farglory-realty.com.tw/life-proposal/exposed_concrete_20220914/,4721,0.03146165610662006,13,-0.07142857142857142,0.002753653886888371,-0.09975186855085189,2.609828426180894,-0.09238016057822727
https://www.farglory-realty.com.tw/life-proposal/area-s-tph_banqiao_tpark_function_20250314/,4674,-0.09453700116234018,80,-0.3277310924369748,0.017115960633290545,-0.2575412706802875,6.453359007274283,0.05485241277865268
https://www.farglory-realty.com.tw/life-proposal/area_presold-house-in-taichung/,4668,,40,,0.00856898029134533,,22.02013710368466,
https://www.farglory-realty.com.tw/life-proposal/area_txg_beitun_14th_function_20250829/,4599,-0.19400630914826497,34,0.36,0.007392911502500543,0.687358121330724,6.373124592302674,0.06956026246114887
https://www.farglory-realty.com.tw/life-proposal/housing-transactions/,4532,,59,,0.013018534863195057,,19.024713150926743,
https://www.farglory-realty.com.tw/life-proposal/handover202206010/,4529,0.1097770154373928,42,0,0.00927357032457496,-0.09891808346213304,4.059174210642526,-0.05647377378640154
https://www.farglory-realty.com.tw/buildings/cqh1/,4426,-0.38561910049972237,103,-0.1271186440677966,0.023271577044735654,0.42074950025657337,6.94713059195662,-0.496289855929069
https://www.farglory-realty.com.tw/life-proposal/construction-base/,4368,-0.0018281535648994515,55,0.03773584905660377,0.012591575091575092,0.03963646416476614,7.062957875457876,0.015658495054505717
https://www.farglory-realty.com.tw/life-proposal/expert_zhu_eht_20250625/,4316,0.13043478260869565,351,0.5739910313901345,0.08132530120481928,0.3923766816143497,4.083178869323447,-0.12985170110086397
https://www.farglory-realty.com.tw/life-proposal/land_fund/,4273,-0.05002223210315696,96,-0.1504424778761062,0.02246665106482565,-0.1057079956673826,6.234027615258601,0.08369685849017137
https://www.farglory-realty.com.tw/life-proposal/area-s-kaohsiung-newbay_20220824/,4113,-0.02788938785157173,19,0.11764705882352941,0.0046194991490396305,0.14971181762274566,3.735229759299781,-0.33012219771119977
https://www.farglory-realty.com.tw/life-proposal/expert_zhu_mansion-tax-definition_vedio_20250523/,4071,-0.05851063829787234,229,-0.42025316455696204,0.05625153524932449,-0.3842237002073947,6.150822893637927,0.21305168493000673
https://www.farglory-realty.com.tw/buildings/h707/,4067,-0.08688819039066008,98,-0.20967741935483872,0.024096385542168676,-0.13447337738048962,7.117777231374477,0.04401566846281767
https://www.farglory-realty.com.tw/buildings/bh5/,3946,0.014395886889460155,135,0.2980769230769231,0.03421186011150532,0.27965515224765103,6.355549923973644,-0.01740434782967779
https://www.farglory-realty.com.tw/life-proposal/expert_zhu_loan-restriction2_20250219/,3932,-0.20178643930166465,88,-0.043478260869565216,0.022380467955239063,0.19832809942943078,4.814598168870804,0.029639254139861917
https://www.farglory-realty.com.tw/life-proposal/retiredlife_20230220/,3895,-0.18480535789033067,36,-0.4461538461538462,0.009242618741976894,-0.3205964253974523,6.162259306803595,0.293470762549206
https://www.farglory-realty.com.tw/buildings/eh1/,3830,-0.06104437362098553,101,0.1744186046511628,0.02637075718015666,0.25077114578905835,7.583028720626632,-0.1334349147913926
https://www.farglory-realty.com.tw/life-proposal/pre_mortgage_20221215/,3676,-0.010764262648008612,122,-0.10294117647058823,0.033188248095756254,-0.09317992703066005,4.03373231773667,-0.03630260430053574
https://www.farglory-realty.com.tw/buildings/dh2/,3556,0.01426126640045636,106,0.34177215189873417,0.029808773903262094,0.3229058393017329,7.630202474690663,-0.035043470177633505
https://www.farglory-realty.com.tw/wp-content/uploads/2022/05/%E5%81%9C%E8%BB%8A%E5%A0%B4%E7%9B%B8%E9%97%9C%E8%BE%A6%E6%B3%95.pdf,3527,-0.033698630136986304,225,-0.0625,0.06379359228806351,-0.029805783952367302,6.203288914091296,0.01844208962006256
https://www.farglory-realty.com.tw/buildings/eh5/,3506,-0.06106052490626674,62,-0.1267605633802817,0.017683970336565887,-0.0699726022994786,6.982601254991443,0.05413734479413141
https://www.farglory-realty.com.tw/life-proposal/expert_zhu_property_parking_vedio_20240828/,3486,-0.023529411764705882,52,-0.05454545454545454,0.01491681009753299,-0.031763417305586,7.476477337923121,0.055732303472254635
https://www.farglory-realty.com.tw/life-proposal/area-s-taoyuan-green20220520/,3404,-0.10749868904037756,23,-0.39473684210526316,0.006756756756756757,-0.3218349928876244,5.73443008225617,0.14839151135337508
https://www.farglory-realty.com.tw/life-proposal/ease_greenbuilding_20230608/,3365,0.018154311649016642,44,0.07317073170731707,0.013075780089153046,0.054035443771971205,5.208618127786033,-0.030006034127861705
https://www.farglory-realty.com.tw/buildings/bh8/,3361,-0.0322487762741146,150,-0.1935483870967742,0.044629574531389465,-0.16667466479830315,6.757215114549242,0.12550036414702
https://www.farglory-realty.com.tw/life-proposal/area-s-kaohsiung-farm1620200520/,3274,0.09828916470982892,42,0.3125,0.012828344532681736,0.19504047037263295,7.5314599877825295,0.08939212109174245
https://www.farglory-realty.com.tw/life-proposal/expert_zhu_mansion-tax-count_vedio_20250625/,3229,0.38583690987124464,138,0.1694915254237288,0.04273768968720966,-0.15611172058306352,5.867451223288944,-0.09034790403465041
https://www.farglory-realty.com.tw/life-proposal/fm1-1/,3216,,35,,0.010883084577114429,,28.294465174129353,
https://www.farglory-realty.com.tw/life-proposal/expert_zhu_private-corporation_20231114/,3199,0.12403373155305693,53,-0.22058823529411764,0.016567677399187245,-0.30659397238107494,3.3726164426383245,-0.06429456075758715
https://www.farglory-realty.com.tw/life-proposal/expert_law_y-rlee_contract_20250613/,3175,-0.1284655503705737,95,0.09195402298850575,0.029921259842519685,0.25290976558964606,4.503622047244095,0.12621465665226783
https://www.farglory-realty.com.tw/life-proposal/area-l-taichung-xitun20220520/,3166,0.012472017908538535,10,0.1111111111111111,0.003158559696778269,0.0974240190917387,10.779532533164877,0.1422432474146585
https://www.farglory-realty.com.tw/life-proposal/civil-law_20221125/,3164,0.07072758037225042,47,-0.06,0.014854614412136535,-0.12209228824273076,5.032869785082174,0.04468461751319368
https://www.farglory-realty.com.tw/life-proposal/gift_tax/#elementor-toc__heading-anchor-3,3138,36.357142857142854,0,,0,,4.867112810707457,-0.09947692489113132
https://www.farglory-realty.com.tw/life-proposal/loan_increase_20221108/,3090,0.5117416829745597,1,-0.8,0.00032362459546925567,-0.8677022653721682,21.971197411003235,-0.2907143927586927
https://www.farglory-realty.com.tw/life-proposal/area-s-newtaipei-xinzhuangfuduxin_20220930/,3049,0.43617522373999057,8,0,0.0026238110856018366,-0.30370613315841266,5.380780583797967,-0.1461057572579546
https://www.farglory-realty.com.tw/life-proposal/superficial_rights/,2980,0.2421842434347645,14,0,0.004697986577181208,-0.19496644295302015,4.947986577181208,0.15166583862013364
https://www.farglory-realty.com.tw/life-proposal/expert_zhu_property_loan-ratio_vedio_20250131/,2901,-0.2950182260024301,25,-0.5283018867924528,0.008617718028266115,-0.33090736440914975,7.671147880041365,-0.015660808682209735
https://www.farglory-realty.com.tw/life-proposal/universal-design-environment20220713/,2803,-0.3825991189427313,10,-0.4444444444444444,0.0035676061362825543,-0.10017045229317803,3.6453799500535142,0.09770013751031077
https://www.farglory-realty.com.tw/life-proposal/area-kaohsiung-nanzi_nuk_function_20250211/,2789,0.009775524981897175,51,-0.39285714285714285,0.01828612405880244,-0.39873482559032936,6.615991394765149,0.14818524865481258
https://www.farglory-realty.com.tw/buildings/h902/,2644,0.8386648122392212,77,0.8780487804878049,0.029122541603630862,0.021419873805394625,6.296520423600605,-0.055653278145841645
https://www.farglory-realty.com.tw/life-proposal/expert_law_y-rlee_retention-money_20250704/,2607,0.05205811138014528,66,0.32,0.02531645569620253,0.2546835443037975,4.018028385116993,0.0710708195266682
https://www.farglory-realty.com.tw/life-proposal/area-l-taichung-beitun20220520/,2602,0.001539645881447267,8,1.6666666666666667,0.0030745580322828594,1.6625672559569562,10.16641045349731,0.1169422911230182
https://www.farglory-realty.com.tw/life-proposal/expert_zhu_mortgage-lien-priority/,2602,,59,,0.022674865488086088,,26.276710222905457,
https://www.farglory-realty.com.tw/life-proposal/area_txg_beitun_depot_school_20240522/,2580,-0.013761467889908258,26,-0.35,0.010077519379844961,-0.34093023255813953,5.805813953488372,-0.027282611609735937
https://www.farglory-realty.com.tw/life-proposal-category/expert_point/pei_zhen/,2552,-0.15046604527296936,68,-0.04225352112676056,0.02664576802507837,0.1273786922159919,7.148902821316614,-0.05353441713375456
https://www.farglory-realty.com.tw/life-proposal/area-txg-port_function_20240103/,2474,-0.22566510172143975,60,-0.23076923076923078,0.024252223120452707,-0.006591629873764124,7.162489894907033,0.09326176257538552
https://www.farglory-realty.com.tw/life-proposal/expert_zhu_property_offset-2_20241220/,2474,0.016016427104722793,244,0.1902439024390244,0.09862570735650768,0.17148096299071316,4.3318512530315285,-0.09590659114324404
https://www.farglory-realty.com.tw/life-proposal/area_txg_beitun_14th_school_20240917/,2471,0.14081255771006462,17,-0.05555555555555555,0.006879805746661271,-0.1721300418184271,5.105220558478349,-0.0472249069736254
https://www.farglory-realty.com.tw/wp-content/uploads/2022/05/%E5%9E%83%E5%9C%BE%E7%92%B0%E5%A2%83%E5%AF%B5%E7%89%A9%E7%9B%B8%E9%97%9C%E8%BE%A6%E6%B3%95.pdf,2456,0.025898078529657476,93,0.056818181818181816,0.037866449511400654,0.03013954693514968,8.378664495114005,-0.03476623832813964
https://www.farglory-realty.com.tw/life-proposal/presale_payment_20221021/,2440,-0.1471513456833275,18,1,0.007377049180327869,1.3450819672131147,4.865983606557377,0.2570274580912555
https://www.farglory-realty.com.tw/wp-content/uploads/2022/05/%E8%A1%8C%E6%94%BF%E7%9B%B8%E9%97%9C%E8%BE%A6%E6%B3%95.pdf,2431,-0.1415960451977401,60,-0.0625,0.024681201151789386,0.09214315096668035,4.689428218839984,0.16169180508702188
https://www.farglory-realty.com.tw/buildings/5vo1/,2428,0.08489722966934764,70,-0.19540229885057472,0.028830313014827018,-0.25836505141169114,14.121499176276771,-0.1320467110703226
https://www.farglory-realty.com.tw/life-proposal/expert_hoshichang_central-potential/,2425,-0.492996027597742,33,-0.47619047619047616,0.013608247422680412,0.0331467844869907,6.865567010309278,0.08587702160342842
https://www.farglory-realty.com.tw/life-proposal/expert_zhu_false-renovation-traps/,2409,0.23919753086419754,79,4.642857142857143,0.0327936903279369,3.5536381426792376,7.374014113740141,-0.8198091454074435
https://www.farglory-realty.com.tw/life-proposal/area_tnnyongkang_redevelop_yanxing_20230901/,2404,0.0693950177935943,31,0.10714285714285714,0.012895174708818636,0.03529831233658196,6.037437603993345,-0.06752595439525669
https://www.farglory-realty.com.tw/buildings/rsh1/,2381,197.41666666666666,518,63.75,0.21755564888702225,-0.6736665266694666,2.5858882822343556,0.14928368099304695
https://www.farglory-realty.com.tw/life-proposal/yongkang/,2360,0.02832244008714597,19,-0.13636363636363635,0.008050847457627118,-0.16015023112480742,10.213983050847459,0.10519052813271662
https://www.farglory-realty.com.tw/wp-content/uploads/2022/05/%E7%A4%BE%E5%8D%80%E8%A3%9D%E6%BD%A2%E7%AE%A1%E7%90%86%E8%BE%A6%E6%B3%95_compressed-1.pdf,2332,-0.07091633466135458,115,0.026785714285714284,0.049313893653516294,0.10515958098505258,7.430531732418525,0.07465483424779598
https://www.farglory-realty.com.tw/life-proposal/expert_law_y-rlee_property-division/,2317,,28,,0.012084592145015106,,19.140699179974103,
https://www.farglory-realty.com.tw/buildings/fm3/,2314,-0.004302925989672977,126,0.10526315789473684,0.05445116681071737,0.11003957603602772,6.502160760587727,-0.03849442557865374
https://www.farglory-realty.com.tw/life-proposal/land_corporation/,2310,-0.02284263959390863,48,-0.1864406779661017,0.02077922077922078,-0.16742240810037423,5.77012987012987,0.2292139328635678
https://www.farglory-realty.com.tw/life-proposal/area-txg-7th_traffic_20250103/,2302,0.13176007866273354,6,0.5,0.0026064291920069507,0.3253692441355343,3.9960903562119894,-0.06777752213153043
https://www.farglory-realty.com.tw/life-proposal/performance_guarantee_20221914/,2282,-0.02852277564921243,25,0.47058823529411764,0.010955302366345312,0.5137650152085376,13.831726555652937,0.131489663215349
https://www.farglory-realty.com.tw/life-proposal/parking_space20220615/,2276,-0.04490138480906421,29,-0.14705882352941177,0.012741652021089631,-0.1069600951101003,6.669156414762742,0.057602963757211224
https://www.farglory-realty.com.tw/life-proposal/area-l-newtaipei-zhonghe_20220923/,2263,0.060449859418931585,49,0,0.021652673442333185,-0.05700397702165276,8.732213875386655,0.04953784342861869
https://www.farglory-realty.com.tw/life-proposal/area_taoyuan_guishan_a7_function/#elementor-toc__heading-anchor-0,2261,-0.5591733281341392,0,-1,0,-1,5.1118973905351615,-0.0828696755262753
https://www.farglory-realty.com.tw/life-proposal/xinzhuang/,2250,0.17126496616345654,8,0.3333333333333333,0.0035555555555555557,0.13837037037037045,8.371111111111112,0.15498846832180174
https://www.farglory-realty.com.tw/life-proposal/expert_zhu_public-area_20230718/,2237,-0.17787578096288129,28,-0.06666666666666667,0.012516763522574878,0.13527045149754147,4.910147518998659,0.15735545731075473
https://www.farglory-realty.com.tw/life-proposal/2021-10/,2213,0.5784593437945792,18,-0.1,0.008133755083596927,-0.4298237686398554,7.87663804789878,-0.10473882909168303
https://www.farglory-realty.com.tw/life-proposal/building_materials/,2191,-0.13399209486166008,22,-0.2413793103448276,0.010041077133728891,-0.12400258109192772,6.567320858055682,0.37294015624532095
https://www.farglory-realty.com.tw/buildings/hm2/,2163,-0.07957446808510639,98,-0.04854368932038835,0.045307443365695796,0.03371351368335073,7.4230235783633844,-0.018560514844494603
https://www.farglory-realty.com.tw/life-proposal/land_handover/,2120,-0.19848771266540643,63,-0.05970149253731343,0.029716981132075472,0.1731554491692481,6.135377358490566,0.38915195285118526
https://www.farglory-realty.com.tw/life-proposal/area_taoyuan_guishan_a7_function/#elementor-toc__heading-anchor-3,2098,-0.5787994378638828,0,,0,,5.114871306005719,-0.07402871355620819
https://www.farglory-realty.com.tw/buildings/ar1/,2079,-0.00621414913957935,77,-0.2376237623762376,0.037037037037037035,-0.2328566189952329,6.048581048581049,0.11998863105253624
https://www.farglory-realty.com.tw/contact_service/join_farglory/,2076,-0.7479358912093249,26,-0.2777777777777778,0.012524084778420038,1.865232284307429,7.754816955684007,-0.20509941197026085
https://www.farglory-realty.com.tw/life-proposal/natural_lighting20220708/,1990,-0.26241660489251295,31,0.10714285714285714,0.015577889447236181,0.5010409188801149,2.8281407035175876,0.27256898233663307
https://www.farglory-realty.com.tw/life-proposal/area_taoyuan_guishan_a7_function/#elementor-toc__heading-anchor-1,1985,-0.572934595524957,0,,0,,5.083627204030226,-0.0767154093336788
https://www.farglory-realty.com.tw/life-proposal/rental_housing_20230106/,1985,0.2740693196405648,16,-0.23809523809523808,0.008060453400503778,-0.4019911239054816,16.993954659949623,-0.1390289620121777
https://www.farglory-realty.com.tw/life-proposal/stone-fix/,1979,-0.15966029723991507,15,0.875,0.007579585649317837,1.2312405255179382,2.9792824658918646,0.2126184250216629
https://www.farglory-realty.com.tw/life-proposal/area-l-taoyuan-zhongli20220520/,1969,0.0056179775280898875,12,0.5,0.006094464195022855,0.4916201117318436,8.262569832402235,0.024644482351230228
https://www.farglory-realty.com.tw/life-proposal/kw_equity_20230605/,1945,-0.009674134419551934,13,0.4444444444444444,0.006683804627249357,0.45855469865752646,4.811825192802056,-0.016502791272428128
https://www.farglory-realty.com.tw/life-proposal/area-l-hsinchu-east20240110/,1943,0.2559793148028442,15,-0.4,0.007720020586721565,-0.5222851260936696,8.272259392691714,0.11619583781021202
https://www.farglory-realty.com.tw/life-proposal/area-kaohsiung-nanzi_nuk_pet-walk_20250606/,1915,-0.13660955816050496,74,0.39622641509433965,0.038642297650130546,0.6171437016601802,4.820365535248042,-0.034272355055536344
https://www.farglory-realty.com.tw/life-proposal/floor_height/#elementor-toc__heading-anchor-0,1906,11.878378378378379,0,,0,,4.376705141657922,0.08683282041169874
https://www.farglory-realty.com.tw/life-proposal/floor_height/#elementor-toc__heading-anchor-1,1904,11.952380952380953,0,,0,,4.376575630252101,0.08858987757539574
https://www.farglory-realty.com.tw/life-proposal/floor_height/#elementor-toc__heading-anchor-2,1903,12.034246575342467,0,,0,,4.377824487651077,0.08701084217186608
https://www.farglory-realty.com.tw/life-proposal/expert_macromicro_golden_20241119/,1902,-0.20184641208560639,10,-0.6296296296296297,0.005257623554153523,-0.5359660396463761,10.260252365930599,0.10604276612741416
https://www.farglory-realty.com.tw/life-proposal/area_txg_beitun_14th_traffic_20240925/,1895,-0.019151138716356108,11,0.8333333333333334,0.005804749340369393,0.8691292875989447,5.648021108179419,0.005804846622051639
https://www.farglory-realty.com.tw/life-proposal/area-hotspot-tnn-yongkang_park_20231207/,1851,0.6735985533453888,15,-0.11764705882352941,0.008103727714748784,-0.47278100867575557,7.996758508914101,-0.01212834682687412
https://www.farglory-realty.com.tw/life-proposal/kw_meterspolicy_20240513/,1851,-0.05705552725420275,13,-0.5,0.007023230686115613,-0.4697460831982712,5.233927606699082,-0.18088177533681757
https://www.farglory-realty.com.tw/life-proposal/expert_zhu_presale_20230314/,1838,-0.20329432162982228,41,0.3225806451612903,0.022306855277475515,0.6600617782301941,4.7252448313384114,0.09923765512732835
https://www.farglory-realty.com.tw/buildings/dh5/,1810,-0.125181246979217,54,-0.15625,0.02983425414364641,-0.03551450276243096,6.129281767955801,0.08268453666016844
https://www.farglory-realty.com.tw/life-proposal/13856/,1762,-0.854488397060038,8,-0.9259259259259259,0.004540295119182747,-0.4909404296464456,5.766742338251986,1.5273066584832897
https://www.farglory-realty.com.tw/buildings/eh2/?utm_source=fg&utm_medium=eh2&utm_campaign=googlemap,1754,0.5959963603275705,2,-0.3333333333333333,0.0011402508551881414,-0.5822881033827442,7.4372862029646525,-0.024050443336339936
https://www.farglory-realty.com.tw/wp-content/uploads/2022/05/%E9%96%80%E7%A6%81%E7%9B%B8%E9%97%9C%E8%BE%A6%E6%B3%95.pdf,1729,-0.06892837910608508,62,-0.29545454545454547,0.035858877964141125,-0.2432961775067037,6.3227299016772704,0.04311562077244951
https://www.farglory-realty.com.tw/buildings/hh1/?utm_source=googlemap&utm_medium=hh1&utm_campaign=googlemap,1724,0.5256637168141592,3,0.5,0.0017401392111368909,-0.01682134570765664,2.737238979118329,-0.21990414970902594
https://www.farglory-realty.com.tw/life-proposal/area-l-kaohsiung-nanzi_20250121/,1715,0.16587355540448676,14,0.07692307692307693,0.00816326530612245,-0.07629513343799046,9.327113702623906,0.06415762480103673
https://www.farglory-realty.com.tw/life-proposal/expert_li_homeowners_20250410/,1676,-0.4054629301170628,14,-0.2631578947368421,0.008353221957040573,0.23935435246828282,8.505369928400954,0.11358682031314336
https://www.farglory-realty.com.tw/life-proposal/expert_zhu_ownership-criteria/#elementor-toc__heading-anchor-0,1672,556.3333333333334,0,,0,,6.92523923444976,0.038785885167464014
https://www.farglory-realty.com.tw/buildings/bh2/?utm_source=googlemap&utm_medium=bh2&utm_campaign=googlemap,1653,0.2447289156626506,2,,0.0012099213551119178,,3.2552934059286147,-0.13227024426471284
https://www.farglory-realty.com.tw/life-proposal/area_taoyuan_guishan_a7_function/#elementor-toc__heading-anchor-2,1651,-0.3422310756972112,0,,0,,5.425196850393701,-0.1038338865094973
https://www.farglory-realty.com.tw/life-proposal/expert_zhu_ownership-criteria/#elementor-toc__heading-anchor-1,1646,547.6666666666666,0,,0,,6.947144592952612,0.04207168894289177
https://www.farglory-realty.com.tw/life-proposal/area-tnn-dawan_function_20231129/,1645,-0.005441354292623942,40,-0.06976744186046512,0.0243161094224924,-0.06467802360924577,7.444984802431611,0.09205435111935828
https://www.farglory-realty.com.tw/life-proposal/house_and_land/#elementor-toc__heading-anchor-3,1608,-0.14056654195617316,0,,0,,3.0087064676616917,-0.01654615636005852
https://www.farglory-realty.com.tw/life-proposal/expert_zhu_second-degree_20250321/,1604,0.12403644008409251,27,-0.37209302325581395,0.01683291770573566,-0.44138201009105144,5.33354114713217,0.04632433557294564
https://www.farglory-realty.com.tw/life-proposal/area-kaohsiung-nanzi_nuk_traffic_20250307/,1597,-0.015413070283600493,23,0.4375,0.014402003757044458,0.46000313087038197,5.728866624921729,0.11671934450463217
https://www.farglory-realty.com.tw/life-proposal/area-l-tainan-annan20200520/,1579,-0.06512729425695678,10,-0.5238095238095238,0.006333122229259025,-0.49063602641816695,10.481317289423686,0.07780486464758633
https://www.farglory-realty.com.tw/life-proposal/earthquake/,1579,-0.5308972073677956,20,-0.7101449275362319,0.01266624445851805,-0.3821075529366412,7.762507916402787,0.27687052957101993
https://www.farglory-realty.com.tw/life-proposal/qingpu/,1569,-0.33375796178343947,3,-0.7,0.0019120458891013384,-0.5497131931166348,11.850223072020395,0.08804535594401457
https://www.farglory-realty.com.tw/life-proposal/house_and_land/#elementor-toc__heading-anchor-2,1520,-0.18585966791644348,0,,0,,3.023026315789474,-0.012252339590663687
https://www.farglory-realty.com.tw/life-proposal/goodluck/,1487,2.1108786610878663,9,0.2857142857142857,0.00605245460659045,-0.5867038140071092,49.4640215198386,0.2847099699240845
https://www.farglory-realty.com.tw/life-proposal/area-khh-central_202306719/,1484,0.17965023847376788,16,-0.36,0.01078167115902965,-0.457466307277628,6.80256064690027,0.009510592638968886
https://www.farglory-realty.com.tw/life-proposal/borrow_name_20221118/,1466,0.05089605734767025,37,0.48,0.0252387448840382,0.40832196452933167,4.568894952251023,-0.02974448799053462
https://www.farglory-realty.com.tw/life-proposal/renovation_loan20220617/,1464,0.31654676258992803,7,6,0.0047814207650273225,4.316939890710382,22.405054644808743,-0.15478438222928648
https://www.farglory-realty.com.tw/life-proposal/mortgage/,1453,0.1708299758259468,4,-0.3333333333333333,0.0027529249827942187,-0.43060334939206246,27.93805918788713,-0.19766895489394556
https://www.farglory-realty.com.tw/life-proposal/expert_zhu_buyhouse_joint_20240117/,1448,0.06705969049373618,75,-0.07407407407407407,0.05179558011049724,-0.1322641702475957,5.507596685082873,0.001851032393761135
https://www.farglory-realty.com.tw/life-proposal/area-txg-shuinan_traffic_20240508/,1446,-0.370757180156658,9,0,0.006224066390041493,0.5892116182572614,6.614107883817427,0.13766616145302743
https://www.farglory-realty.com.tw/life-proposal/expert_macromicro_global-bond-yields/,1446,-0.2554067971163749,16,-0.4482758620689655,0.011065006915629323,-0.25902608861544324,8.078146611341632,0.18738727817328552
https://www.farglory-realty.com.tw/buildings/dh5/?utm_source=googlemap&utm_medium=dh5&utm_campaign=googlemap,1424,-0.025991792065663474,5,0.25,0.0035112359550561797,0.2833567415730337,6.058988764044944,-0.04791040702561176
https://www.farglory-realty.com.tw/life-proposal/house_and_land/#elementor-toc__heading-anchor-0,1418,0.08825786646201074,2,0,0.0014104372355430183,-0.08110014104372355,2.98589562764457,-0.07366142789979178
https://www.farglory-realty.com.tw/life-proposal/covid-exhaust/,1414,0.04974016332590943,11,-0.45,0.007779349363507779,-0.47606082036775105,4.512729844413013,0.08160980434596578
https://www.farglory-realty.com.tw/life-proposal/area-l-kaohsiung-qianzhen_20220805/,1407,0.08985282726568551,17,0,0.012082444918265814,-0.0824449182658138,9.59132906894101,-0.052318549823752995
https://www.farglory-realty.com.tw/life-proposal/house_and_land/#elementor-toc__heading-anchor-1,1398,-0.1583383503913305,1,-0.5,0.000715307582260372,-0.4059370529327611,2.955650929899857,-0.012801891300289041
https://www.farglory-realty.com.tw/life-proposal/expert_macromicro_stablecoin/,1393,-0.8298937599218463,15,-0.5161290322580645,0.010768126346015794,1.8445221499201077,7.747307968413496,-0.7473861516122634
https://www.farglory-realty.com.tw/life-proposal/expert_hoshichang_northern-potential/,1388,-0.47956505436820396,21,-0.43243243243243246,0.015129682997118156,0.09056390684632765,8.128242074927954,0.07615278067081274
https://www.farglory-realty.com.tw/life-proposal/redevelopment_zone_20221209/,1377,-0.03232607167955025,13,1.6,0.00944081336238199,1.6868554829339144,5.199709513435003,-0.10399774308331203
https://www.farglory-realty.com.tw/life-proposal/area-txg-shuinan_20231027/,1371,-0.005801305293691081,2,-0.3333333333333333,0.0014587892049598833,-0.3294432287867736,7.916849015317287,0.24812333281382626
https://www.farglory-realty.com.tw/life-proposal/space_design_greencooldown_20240903/,1369,0.5160575858250277,13,0.8571428571428571,0.009495982468955442,0.22498173849525208,6.679327976625274,0.21724180885824862
https://www.farglory-realty.com.tw/life-proposal/contract/,1361,0.03813882532418002,28,-0.2,0.020573108008817047,-0.22939015429831006,7.476120499632623,0.2845601539997862
https://www.farglory-realty.com.tw/life-proposal/expert_zhu_gift-and-estate-tax_20250509/,1335,-0.11177644710578842,39,-0.04878048780487805,0.029213483146067417,0.0709235406960812,6.075655430711611,-0.07545711123220103
https://www.farglory-realty.com.tw/life-proposal/area-kaohsiung-nanzi_nuk_pet-cafe_20250613/,1333,-0.03335750543872371,56,-0.034482758620689655,0.042010502625656414,-0.0011640841244794794,8.228057014253563,-0.0016286297707291386
https://www.farglory-realty.com.tw/life-proposal/area-s-khh-central_20240502/,1330,-0.04864091559370529,10,-0.375,0.007518796992481203,-0.34304511278195493,6.686466165413534,0.02026628457194067
https://www.farglory-realty.com.tw/life-proposal/land_public_utilities/,1327,-0.18438844499078058,17,-0.15,0.01281085154483798,0.04216277317256973,8.6284853051997,0.300708384282397
https://www.farglory-realty.com.tw/life-proposal/kw_brand_construction_20240109/#elementor-toc__heading-anchor-3,1300,-0.2567181246426529,0,,0,,7.68,0.06201138519924096
https://www.farglory-realty.com.tw/buildings/%E9%81%A0%E9%9B%84%E5%A4%8F%E6%B2%90/,1295,,12,,0.009266409266409266,,17.873359073359072,
https://www.farglory-realty.com.tw/life-proposal/kw_brand_construction_20240109/#elementor-toc__heading-anchor-0,1290,-0.20173267326732675,0,,0,,7.6465116279069765,0.05424134380152496
https://www.farglory-realty.com.tw/life-proposal/tax_inspection_20230119/,1266,0.11936339522546419,51,-0.16393442622950818,0.04028436018957346,-0.25308833812446585,7.6524486571879935,0.07903246867966847
https://www.farglory-realty.com.tw/life-proposal/area_hotspot_khh_sanmin_school_20231023/,1236,-0.6670258620689655,5,-0.8387096774193549,0.0040453074433656954,-0.5156070571040818,7.70873786407767,0.4001485027869212
https://www.farglory-realty.com.tw/life-proposal/woodfix/,1235,-0.09656181419166057,23,-0.041666666666666664,0.01862348178137652,0.060762483130904335,6.997570850202429,0.24780581166536916
https://www.farglory-realty.com.tw/life-proposal/air_condition20220617/,1224,0.060658578856152515,9,0.8,0.007352941176470588,0.6970588235294118,15.071078431372548,-0.1656100311934408
https://www.farglory-realty.com.tw/life-proposal/expert_peizhen_science-park-housing/,1220,-0.7271914132379249,14,-0.4166666666666667,0.011475409836065573,1.1382513661202187,5.804098360655738,-0.7814366490492984
https://www.farglory-realty.com.tw/life-proposal/mortgage-insurance_20221021/,1196,0.365296803652968,1,-0.8571428571428571,0.0008361204013377926,-0.8953655040611562,7.50752508361204,-0.17244344114204765
https://www.farglory-realty.com.tw/life-proposal/area-tpe-beitou_bstp_traffic_20240705/#elementor-toc__heading-anchor-0,1195,-0.4592760180995475,0,,0,,5.7656903765690375,-0.03621694786948244
https://www.farglory-realty.com.tw/life-proposal/area-tpe-beitou_bstp_traffic_20240705/#elementor-toc__heading-anchor-1,1195,-0.458786231884058,1,-0.8571428571428571,0.0008368200836820083,-0.7360430364614465,5.764853556485356,-0.036573065946134874
https://www.farglory-realty.com.tw/about/telecreative_marketing/,1189,-0.8372124863088719,95,0.532258064516129,0.0798990748528175,8.412626495564178,7.795626576955425,-0.22547430431772525
https://www.farglory-realty.com.tw/life-proposal/expert_peizhen_2025q3review/,1174,-0.7808883911907428,11,-0.8225806451612904,0.009369676320272573,-0.19027861735450902,6.701873935264055,0.06674114862886361
https://www.farglory-realty.com.tw/life-proposal/2phase_construction_20221118/,1168,-0.022594142259414227,6,-0.3333333333333333,0.005136986301369863,-0.3179223744292238,5.906678082191781,-0.06917047234350811
https://www.farglory-realty.com.tw/life-proposal/expert_zhu_ownership-criteria/#elementor-toc__heading-anchor-2,1160,579,0,,0,,6.927586206896552,-0.13405172413793098
https://www.farglory-realty.com.tw/life-proposal/expert_zhu_property_identity_vedio_20240229/,1144,0.1349206349206349,8,0.3333333333333333,0.006993006993006993,0.1748251748251749,6.884615384615385,0.14610938194753226
https://www.farglory-realty.com.tw/life-proposal/architectural_planning/,1138,0.3499406880189798,11,0.8333333333333334,0.009666080843585237,0.35808435852372583,2.7864674868189807,0.1628673719744559
https://www.farglory-realty.com.tw/life-proposal/area-kaohsiung-nanzi_nuk_school_20250225/,1132,-0.2995049504950495,15,-0.2857142857142857,0.013250883392226149,0.019687026754164647,8.158127208480565,0.23754187260908594
https://www.farglory-realty.com.tw/life-proposal/kw_brand_construction_20240109/#elementor-toc__heading-anchor-1,1127,-0.18333333333333332,0,,0,,7.585625554569654,0.05568407274164197
https://www.farglory-realty.com.tw/life-proposal/dehumidifier/,1118,0.16458333333333333,8,7,0.007155635062611807,5.869409660107335,10.854203935599285,0.16777269731876204
https://www.farglory-realty.com.tw/life-proposal/area-tpe-beitou_bstp_traffic_20240705/#elementor-toc__heading-anchor-2,1115,-0.49364214350590374,0,-1,0,-1,5.858295964125561,-0.021023927069554225
https://www.farglory-realty.com.tw/life-proposal/goodandbad_20221028/,1113,0.33133971291866027,14,1.8,0.012578616352201259,1.1031446540880505,5.690925426774483,0.19748644771796325
https://www.farglory-realty.com.tw/contact_service/,1075,-0.08975444538526672,11,-0.26666666666666666,0.010232558139534883,-0.19435658914728687,4.676279069767442,0.06021992347770181
https://www.farglory-realty.com.tw/life-proposal/area-l-tainan-west-central_20250402/,1067,0.27175208581644816,9,1.25,0.008434864104967198,0.76921274601687,6.911902530459232,-0.10618276463389409
https://www.farglory-realty.com.tw/life-proposal/faucet-waterknowledge/,1065,0.17290748898678415,5,1.5,0.004694835680751174,1.1314553990610328,6.969014084507042,-0.1350649550666494
https://www.farglory-realty.com.tw/life-proposal/area-s-taichung-11_20220916/,1055,0.0009487666034155598,4,-0.6,0.0037914691943127963,-0.6003791469194313,6.87867298578199,-0.05090701308885754
https://www.farglory-realty.com.tw/life-proposal/value_estimation_of_property_20221014/,1052,0.19681456200227532,5,0,0.004752851711026616,-0.16444866920152093,9.817490494296578,-0.16622472033945002
https://www.farglory-realty.com.tw/life-proposal/kw_brand_construction_20240109/#elementor-toc__heading-anchor-2,1023,-0.18355945730247406,0,,0,,7.604105571847508,0.0510694188113543
https://www.farglory-realty.com.tw/life-proposal/area-s-tainan_west-central_diamond_20250425/,1019,0.010912698412698412,41,0.3225806451612903,0.040235525024533855,0.30830352337839123,6.145240431795878,-0.07004918852270753
https://www.farglory-realty.com.tw/life-proposal/expert_zhu_private-corporation_adjust_20231227/,1014,0.3665768194070081,52,1,0.05128205128205128,0.46351084812623267,5.705128205128205,-0.18498168498168496
https://www.farglory-realty.com.tw/life-proposal/aluminumandiron/,1012,0.43342776203966005,25,0.3888888888888889,0.024703557312252964,-0.031071585419411483,13.643280632411066,0.3499868432350683
https://www.farglory-realty.com.tw/buildings/bh8/?utm_source=google_kw&utm_medium=bh8&utm_campaign=googlemap,1004,0.24411400247831475,1,,0.00099601593625498,,4.74203187250996,0.05480146668013713
https://www.farglory-realty.com.tw/life-proposal/area-s-tph_banqiao_nanya_20240820/,1001,-0.2335375191424196,29,-0.6419753086419753,0.028971028971028972,-0.5328868662201995,8.665334665334665,0.2829528480815183
https://www.farglory-realty.com.tw/life-proposal/area-khh-station_20230914/,999,0.0020060180541624875,17,0.3076923076923077,0.01701701701701702,0.3050743050743052,7.890890890890891,-0.003897414760924605
https://www.farglory-realty.com.tw/life-proposal/expert_zhu_property_divide_gifttax2_20241024/,998,0.23821339950372208,22,0,0.022044088176352707,-0.19238476953907813,8.122244488977955,0.012767490426397132
https://www.farglory-realty.com.tw/life-proposal/kw_fire-insurance_20240705/,990,0.8232044198895028,11,0.5714285714285714,0.011111111111111112,-0.13809523809523808,6.418181818181818,0.4324178903710345
https://www.farglory-realty.com.tw/life-proposal/expert_zhu_loan-restriction_20250110/,978,-0.09778597785977859,4,-0.42857142857142855,0.00408997955010225,-0.366637452527023,6.1503067484662575,-0.16054740426373423
https://www.farglory-realty.com.tw/life-proposal/area-txg-port_school_20240105/,973,0.22082810539523212,6,0.2,0.006166495375128468,-0.017060637204522174,9.18191161356629,0.415196974668794
https://www.farglory-realty.com.tw/life-proposal/land_property_rights/,973,-0.147239263803681,1,-0.75,0.0010277492291880781,-0.7068345323741008,3.9013360739979444,0.3279905908208993
https://www.farglory-realty.com.tw/life-proposal/area-kaohsiung-nanzi_nuk_function_20250211/#elementor-toc__heading-anchor-1,972,-0.254601226993865,0,,0,,4.665637860082304,0.14922398366968717
https://www.farglory-realty.com.tw/life-proposal/expert_zhu_buyhouse_abroad2_20240320/,972,0.013555787278415016,37,0.15625,0.03806584362139918,0.14078575102880656,5.2366255144032925,-0.003981779390567735
https://www.farglory-realty.com.tw/life-proposal/glass-fix/#elementor-toc__heading-anchor-0,972,17.339622641509433,0,,0,,8.032921810699587,0.05382390090860923
https://www.farglory-realty.com.tw/life-proposal/area-kaohsiung-nanzi_nuk_function_20250211/#elementor-toc__heading-anchor-2,961,-0.2299679487179487,0,,0,,4.688865764828304,0.15921245532997685
https://www.farglory-realty.com.tw/life-proposal/expert_peizhen_2024review_20250107/,961,-0.32180663373323926,6,-0.25,0.006243496357960458,0.10587929240374598,9.155046826222685,0.16274100141234613
https://www.farglory-realty.com.tw/life-proposal/manual20220610/,957,-0.14781834372217276,22,0.2222222222222222,0.022988505747126436,0.434227330779055,5.819226750261233,0.12536449811320205
https://www.farglory-realty.com.tw/life-proposal/area-kaohsiung-nanzi_nuk_function_20250211/#elementor-toc__heading-anchor-0,955,-0.2573872472783826,0,-1,0,-1,4.540314136125654,0.140621992392575
https://www.farglory-realty.com.tw/life-proposal/expert_zhu_inheritance_20230921/,944,-0.06256206554121152,15,-0.11764705882352941,0.015889830508474576,-0.058761216350947235,10.721398305084746,0.15260468594217347
https://www.farglory-realty.com.tw/life-proposal/area-l-taoyuan-guishan/#elementor-toc__heading-anchor-0,941,-0.06368159203980099,1,,0.0010626992561105207,,8.642933049946866,0.080769903595446
https://www.farglory-realty.com.tw/life-proposal/area-l-taoyuan-guishan/#elementor-toc__heading-anchor-1,941,-0.06368159203980099,0,-1,0,-1,8.642933049946866,0.080769903595446
https://www.farglory-realty.com.tw/life-proposal/area-l-taoyuan-guishan/#elementor-toc__heading-anchor-2,940,-0.06281156530408774,0,,0,,8.642553191489363,0.08180217784398239
https://www.farglory-realty.com.tw/case/,927,-0.8718019637671138,4,-0.2,0.004314994606256742,5.2403451995685,6.457389428263214,-0.3364589604125153
https://www.farglory-realty.com.tw/life-proposal/area-tainan_west-central_redevelop_diamond_traffic_20250523/,924,0.3314121037463977,20,0.17647058823529413,0.021645021645021644,-0.11637382225617522,6.888528138528138,-0.11665954764624387
https://www.farglory-realty.com.tw/buildings/h95/?utm_source=googlemap&utm_medium=h95&utm_campaign=googlemap,923,0.26265389876880985,0,-1,0,-1,5.076923076923077,-0.007957559681697585
https://www.farglory-realty.com.tw/life-proposal/area_hotspot_txg_xitun_traffic_20231124/,923,-0.06673407482305359,2,-0.7142857142857143,0.0021668472372697724,-0.6938554403343137,6.830985915492958,0.06963981482307398
https://www.farglory-realty.com.tw/life-proposal/expert_hoshichang_property_south-prices_20250404/,923,-0.0010822510822510823,17,0.7,0.018418201516793065,0.7018418201516793,8.848320693391116,0.023388198860106683
https://www.farglory-realty.com.tw/life-proposal/glass-fix/#elementor-toc__heading-anchor-2,921,16.37735849056604,0,,0,,7.970684039087948,0.04565904473183479
https://www.farglory-realty.com.tw/life-proposal/area-l-taoyuan-guishan/#elementor-toc__heading-anchor-3,906,-0.0967098703888335,0,,0,,8.73841059602649,0.09311871137622468
https://www.farglory-realty.com.tw/life-proposal/fixbathroom/,901,0.09477521263669501,12,0.3333333333333333,0.013318534961154272,0.21790603033666284,8.470588235294118,0.12785861796587264
https://www.farglory-realty.com.tw/buildings/fh2?utm_source=web&utm_medium=fb2&utm_campaign=googlemap,900,1.5352112676056338,2,,0.0022222222222222222,,6.071111111111111,0.0518518518518518
https://www.farglory-realty.com.tw/life-proposal/expert_zhu_video_buy-vs-gift/,890,0.2824207492795389,3,0.5,0.0033707865168539327,0.1696629213483147,38.10786516853933,-0.2370291542288234
https://www.farglory-realty.com.tw/life-proposal/area_txg_beitun_14th_park_20240909/,889,-0.15654648956356737,6,-0.3333333333333333,0.006749156355455568,-0.2095988001499813,5.606299212598425,0.412631931646842
https://www.farglory-realty.com.tw/life-proposal/pre-sale_order_20221007/,881,-0.04859611231101512,5,0,0.0056753688989784334,0.051078320090805936,5.229284903518729,0.1968160703554977
https://www.farglory-realty.com.tw/life-proposal/expert_liu_commercial-2025q3/,877,-0.33911077618688773,26,-0.5185185185185185,0.029646522234891677,-0.2714641665610879,6.824401368301026,0.1764069389108159
https://www.farglory-realty.com.tw/life-proposal/expert_peizhen_commercial_elderly-residence_20250509/,877,-0.029867256637168143,20,-0.3103448275862069,0.02280501710376283,-0.2891125702827036,8.757126567844926,0.06704979341310317
https://www.farglory-realty.com.tw/life-proposal/area-txg-port_traffic_20240120/,876,-0.1665080875356803,8,0.6,0.0091324200913242,0.919634703196347,7.263698630136986,0.10463713793575057
https://www.farglory-realty.com.tw/building-type/pre_sale_house/,857,0.3204930662557781,12,0.2,0.014002333722287048,-0.09124854142357057,10.751458576429405,0.1709509340665689
https://www.farglory-realty.com.tw/buildings/ar1?utm_source=google_kw&utm_medium=ar1&utm_campaign=googlemap,848,-0.17988394584139264,1,-0.5,0.0011792452830188679,-0.3903301886792453,7.305424528301887,-0.053526003976425096
https://www.farglory-realty.com.tw/life-proposal/expert_zhu_inherit-siblings_20250704/,847,-0.08034744842562432,15,-0.16666666666666666,0.01770956316410862,-0.09386068476977552,6.668240850059032,0.23297527060918857
https://www.farglory-realty.com.tw/life-proposal/area-s-tainan-yanxing20200520/,838,0.3365231259968102,5,0.25,0.0059665871121718375,-0.06473747016706446,6.58472553699284,-0.2780865690340075
https://www.farglory-realty.com.tw/life-proposal/5vo1-1/,834,-0.15672396359959556,6,-0.5714285714285714,0.007194244604316547,-0.49177800616649536,7.158273381294964,0.27536162386970264
https://www.farglory-realty.com.tw/life-proposal/expert_zhu_buyhouse_abroad1_20240303/,827,-0.022458628841607566,30,0,0.036275695284159616,0.0229746070133011,9.972188633615477,0.004461433984842728
https://www.farglory-realty.com.tw/life-proposal/hotel_property20220624/,821,-0.0036407766990291263,41,0.07894736842105263,0.049939098660170524,0.0828899288415924,4.838002436053593,-0.1640775828668147
https://www.farglory-realty.com.tw/life-proposal/ease_dehumidification_20230601/,808,3.1865284974093266,3,2,0.0037128712871287127,-0.2834158415841585,3.0396039603960396,-0.6414159142075576
https://www.farglory-realty.com.tw/life-proposal/area-txg-7th_school_20241226/,806,-0.23890462700661,3,-0.7272727272727273,0.0037220843672456576,-0.6416647868260771,7.410669975186104,0.10533795827071599
https://www.farglory-realty.com.tw/life-proposal/earthquake-taylor/,802,-0.4085545722713864,27,-0.35714285714285715,0.03366583541147132,0.08692554328464551,7.624688279301745,0.26813164561917907
https://www.farglory-realty.com.tw/life-proposal/area-tph_banqiao_school_20240902/,787,-0.15102481121898598,11,0.1,0.01397712833545108,0.29567979669631506,8.56543837357052,0.06308225629935371
https://www.farglory-realty.com.tw/life-proposal/area-s-tainan_west-central_redevelop_diamond_20250502/,780,-0.034653465346534656,26,-0.3333333333333333,0.03333333333333333,-0.3094017094017094,7.373076923076923,0.10078458127238606
https://www.farglory-realty.com.tw/life-proposal/area-l-taoyuan-taoyuan20220520/,774,0.4742857142857143,7,1.3333333333333333,0.00904392764857881,0.5826873385012918,10.957364341085272,-0.027288420853945217
https://www.farglory-realty.com.tw/buildings/bh6/,758,-0.2366565961732125,11,0.375,0.014511873350923483,0.8012862796833773,9.006596306068602,0.16452475676121367
https://www.farglory-realty.com.tw/life-proposal/area-tph_banqiao_traffic_20240905/,757,0.38391224862888484,3,-0.5714285714285714,0.003963011889035667,-0.6903189280996415,8.219286657859975,0.04387039745748926
https://www.farglory-realty.com.tw/life-proposal/expert_zhu_property_law_vedio_20240930/,733,0.07794117647058824,12,1,0.01637107776261937,0.8553888130968621,7.2551159618008185,-0.02750268992222417
https://www.farglory-realty.com.tw/buildings/dgm1/,723,-0.04491413474240423,19,-0.4411764705882353,0.02627939142461964,-0.4148970791636157,6.872752420470262,0.3734618749461428
https://www.farglory-realty.com.tw/life-proposal/change_house/,716,0.10153846153846154,10,0.25,0.013966480446927373,0.13477653631284908,14.53631284916201,-0.015565393628328131
https://www.farglory-realty.com.tw/life-proposal/area-kaohsiung-nanzi_nuk_function_20250211/#elementor-toc__heading-anchor-3,714,-0.25078698845750264,1,,0.0014005602240896359,,5.0854341736694675,0.2037801210896677
https://www.farglory-realty.com.tw/life-proposal/area-tpe-beitou_bstp_function_202406012/,712,-0.21499448732083792,8,1.6666666666666667,0.011235955056179775,2.397003745318352,8.858146067415731,0.18939133725330404
https://www.farglory-realty.com.tw/life-proposal/area-txg-shuinan_school_20240501/,703,-0.1478787878787879,4,0,0.005689900426742532,0.17354196301564728,12.826458036984352,0.14757920838434985
https://www.farglory-realty.com.tw/life-proposal/home_insurance20220602/,701,0.18013468013468015,3,2,0.0042796005706134095,1.5420827389443652,18.38231098430813,0.40655580634793625
https://www.farglory-realty.com.tw/life-proposal/expert_macromicro20220726/,695,0.13008130081300814,7,0.4,0.010071942446043165,0.2388489208633091,8.402877697841728,0.09440274971890358
https://www.farglory-realty.com.tw/life-proposal/area-kaohsiung-nanzi_nuk_park_20250217/,693,-0.20980615735461802,1,-0.75,0.001443001443001443,-0.6836219336219337,4.9769119769119765,0.21716447399659883
https://www.farglory-realty.com.tw/life-proposal/foreclosure_20230427/,689,-0.10519480519480519,0,-1,0,-1,8.333817126269956,0.2968955511778226
https://www.farglory-realty.com.tw/activity-report/%E9%81%A0%E9%9B%84%E4%B8%80%E9%9D%9A-%E5%A5%BD%E5%AE%A4%E6%99%BA%E9%80%A0%E6%89%80%E8%A1%8C%E5%8B%95%E7%AD%96%E5%B1%95/,683,-0.17312348668280872,21,0.10526315789473684,0.03074670571010249,0.3366725745549819,8.522693997071741,-0.699400262966768
https://www.farglory-realty.com.tw/life-proposal/shuinan/,671,-0.16020025031289112,6,-0.14285714285714285,0.00894187779433681,0.020651479667873156,7.2935916542473915,-0.05717849348913355
https://www.farglory-realty.com.tw/life-proposal/area_hotspot_tnn_yongkang_school_20231216/,670,-0.021897810218978103,2,0,0.0029850746268656717,0.022388059701492612,9.476119402985075,-0.025792917447879773
https://www.farglory-realty.com.tw/life-proposal/tax_mitigation_mortgage_interest_20220902/,670,0.3645621181262729,9,-0.3076923076923077,0.013432835820895522,-0.4926521239954076,24.601492537313433,0.24145250111211677
https://www.farglory-realty.com.tw/life-proposal/expert_law_y-rlee_builder1_20250324/,667,0.5657276995305164,7,0.4,0.010494752623688156,-0.10584707646176904,7.499250374812593,0.265721339013536
https://www.farglory-realty.com.tw/life-proposal/area-s-taichung-7th20220520/,665,0.22018348623853212,3,0.5,0.004511278195488722,0.2293233082706767,12.181954887218046,-0.023652145068553662
https://www.farglory-realty.com.tw/buildings/fm3/?utm_source=google_kw&utm_medium=fm3&utm_campaign=googlemap,664,0.2342007434944238,1,0,0.0015060240963855422,-0.18975903614457823,8.573795180722891,0.10193545323194357
https://www.farglory-realty.com.tw/life-proposal/expert_peizhen_southern-taiwan/,657,-0.7191107310816588,8,-0.3333333333333333,0.0121765601217656,1.3734145104008115,8.382039573820396,-0.771589787811896
https://www.farglory-realty.com.tw/life-proposal/avoid-real-estate-fraud/,654,0.20220588235294118,8,-0.2,0.012232415902140673,-0.3345565749235474,10.019877675840979,0.3121842695371913
https://www.farglory-realty.com.tw/life-proposal/expert_zhu_property_offset-1_20241125/,648,0.3642105263157895,23,0.5333333333333333,0.035493827160493825,0.12397119341563777,10.220679012345679,0.11043516259473872
https://www.farglory-realty.com.tw/life-proposal/expert_zhu_buyhouse_contract1_20240430/,642,-0.20149253731343283,16,-0.23809523809523808,0.024922118380062305,-0.04583889630618602,9.266355140186915,0.17751691681844153
https://www.farglory-realty.com.tw/life-proposal/kw_load_youthload_20230928/,641,0.2071563088512241,3,,0.0046801872074883,,17.224648985959437,0.0844544239440907
https://www.farglory-realty.com.tw/life-proposal/area_tnnyongkang_redevelop_yanxing_20230901/#elementor-toc__heading-anchor-0,640,-0.2743764172335601,0,,0,,3.7625,-0.17202470059880245
https://www.farglory-realty.com.tw/life-proposal/area_tnnyongkang_redevelop_yanxing_20230901/#elementor-toc__heading-anchor-1,638,-0.275,0,,0,,3.761755485893417,-0.17241379310344818
https://www.farglory-realty.com.tw/life-proposal/fg-esg-strategy-2025/,637,0.00631911532385466,8,-0.3333333333333333,0.012558869701726845,-0.33751962323390894,7.127158555729984,0.016330562238585228
https://www.farglory-realty.com.tw/life-proposal/ping/#elementor-toc__heading-anchor-2,627,26.26086956521739,0,,0,,5.08133971291866,-0.07975737482575444
https://www.farglory-realty.com.tw/life-proposal/land_rules/,616,0.13443830570902393,15,-0.25,0.024350649350649352,-0.33887987012987014,11.146103896103897,-0.28837925742687637
https://www.farglory-realty.com.tw/life-proposal/area-l-taipei-shilin20220520/,615,0.46080760095011875,10,0.42857142857142855,0.016260162601626018,-0.022067363530778053,10.957723577235772,-0.027366302758536888
https://www.farglory-realty.com.tw/life-proposal/expert_law_y-rlee_co-buying/,605,0.15458015267175573,25,0.5625,0.04132231404958678,0.35330578512396704,5.236363636363636,-0.05806572418312897
https://www.farglory-realty.com.tw/life-proposal/ping/#elementor-toc__heading-anchor-0,599,25.043478260869566,0,,0,,5.06677796327212,-0.08239454208457665
https://www.farglory-realty.com.tw/life-proposal/expert_law_y-rlee_retention-money_20250704/#elementor-toc__heading-anchor-0,594,0.029462738301559793,0,,0,,4.538720538720539,0.02059304397574088
https://www.farglory-realty.com.tw/life-proposal/expert_zhu_property_escrow_vedio_20240531/,585,0.010362694300518135,6,0,0.010256410256410256,-0.010256410256410295,4.16068376068376,0.1267707658727302
https://www.farglory-realty.com.tw/life-proposal/expert_thinktank_nvidia_20250729/,574,-0.1059190031152648,16,0,0.027874564459930314,0.11846689895470386,6.921602787456446,0.0360617835269383
https://www.farglory-realty.com.tw/life-proposal/area_tnnyongkang_redevelop_yanxing_20230901/#elementor-toc__heading-anchor-2,566,-0.35754824063564133,0,-1,0,-1,3.6925795053003534,-0.18772470807250646
https://www.farglory-realty.com.tw/life-proposal/metalink-ai-hub/,560,-0.7183098591549296,25,-0.2647058823529412,0.044642857142857144,1.6102941176470587,6.978571428571429,-0.7652276919432082
https://www.farglory-realty.com.tw/life-proposal/area_txg_beitun_14th_function_20250829/#elementor-toc__heading-anchor-0,557,-0.36990950226244346,0,,0,,7.617594254937163,-0.10725794493378606
https://www.farglory-realty.com.tw/life-proposal/design_living_room20220907/,547,0.2632794457274827,7,0.75,0.012797074954296161,0.3852833638025595,6.230347349177331,-0.07484897044108905
https://www.farglory-realty.com.tw/life-proposal/area_tnn_yongkang_yanxing_school_20240323/,543,0.06262230919765166,0,-1,0,-1,11.049723756906078,-0.16608937530955462
https://www.farglory-realty.com.tw/life-proposal/expert_hoshichang_video_property_price_20250801/,535,-0.24753867791842477,5,0.6666666666666666,0.009345794392523364,1.2149532710280373,10.016822429906542,-0.0036428724589323467
https://www.farglory-realty.com.tw/life-proposal/expert_zhu_property_law2_vedio_20241031/,532,0.20909090909090908,8,3,0.015037593984962405,2.308270676691729,9.268796992481203,0.13474420609118792
https://www.farglory-realty.com.tw/life-proposal/expert_macromicro_china-economic_20250120/,530,-0.3488943488943489,1,-0.6666666666666666,0.0018867924528301887,-0.4880503144654088,17.379245283018868,0.3546591650270381
https://www.farglory-realty.com.tw/wom-recommendation/hh1_msliu/,530,-0.13680781758957655,4,-0.6363636363636364,0.007547169811320755,-0.5787307032590052,8.279245283018868,-0.1271537424839312
https://www.farglory-realty.com.tw/life-proposal/expert_macromicro_2025econ_20250730/,521,-0.5729508196721311,1,-0.6666666666666666,0.0019193857965451055,-0.21944977607165717,10.54510556621881,0.24143865587059238
https://www.farglory-realty.com.tw/buildings/dh1/?utm_source=googlemap&utm_medium=dh1&utm_campaign=googlemap,518,0.15625,0,,0,,2.44015444015444,-0.19440737716345677
https://www.farglory-realty.com.tw/activity-report-category/activities_glance/announcement_information/,517,0.16968325791855204,0,-1,0,-1,1.4680851063829787,0.0029267651024366967
https://www.farglory-realty.com.tw/life-proposal/expert_law_y-rlee_retention-money_20250704/#elementor-toc__heading-anchor-1,513,-0.015355086372360844,0,,0,,4.477582846003898,0.00682808060769552
https://www.farglory-realty.com.tw/life-proposal/area_txg_beitun_depot_function_20240513/,511,-0.2280966767371601,3,-0.25,0.005870841487279843,-0.028375733855185964,10.266144814090019,0.054489971594661436
https://www.farglory-realty.com.tw/build/detail/H138,505,0.03483606557377049,1,0,0.0019801980198019802,-0.0336633663366337,5.52079207920792,-0.09257442416521883
https://www.farglory-realty.com.tw/life-proposal/expert_zhu_mansion-tax-count_vedio_20250625/#elementor-toc__heading-anchor-3,505,0.13228699551569506,0,,0,,4.97029702970297,-0.06859139695482151
https://www.farglory-realty.com.tw/life-proposal/area-l-kaohsiung-sanmin20220520/,494,-0.05725190839694656,12,0.5,0.024291497975708502,0.5910931174089069,9.676113360323887,-0.10608543709278617
https://www.farglory-realty.com.tw/life-proposal/expert_law_y-rlee_contract_20250613/#elementor-toc__heading-anchor-0,494,-0.017892644135188866,1,0,0.0020242914979757085,0.018218623481781493,3.95748987854251,-0.06718959282714035
https://www.farglory-realty.com.tw/life-proposal/expert_peizhen_office-rental_20250805/,492,-0.3466135458167331,16,-0.5294117647058824,0.032520325203252036,-0.2797704447632711,8.394308943089431,0.17489119593798175
https://www.farglory-realty.com.tw/life-proposal/expert_law_y-rlee_contract_20250613/#elementor-toc__heading-anchor-2,488,-0.10458715596330276,0,,0,,4.088114754098361,-0.02791337653420307
https://www.farglory-realty.com.tw/life-proposal/area-l-ntpc_banqiao_20240717/,486,-0.19402985074626866,3,-0.5714285714285714,0.006172839506172839,-0.46825396825396826,8.520576131687243,0.07871245169166649
https://www.farglory-realty.com.tw/life-proposal/expert_zhu_property_terminate_vedio_20250313/,485,-0.224,18,0.2,0.03711340206185567,0.5463917525773195,6.847422680412371,0.19110469670407226
https://www.farglory-realty.com.tw/life-proposal/area-tnn-dawan_function_20231129/#elementor-toc__heading-anchor-0,484,-0.08333333333333333,0,,0,,5.0847107438016526,-0.044581041734066754
https://www.farglory-realty.com.tw/life-proposal/home-loan/,484,0.2442159383033419,7,1.3333333333333333,0.014462809917355372,0.87534435261708,13.849173553719009,0.11909607652611011
https://www.farglory-realty.com.tw/life-proposal/area-tnn-dawan_function_20231129/#elementor-toc__heading-anchor-3,483,-0.08349146110056926,0,,0,,5.084886128364389,-0.04465775770123589
https://www.farglory-realty.com.tw/life-proposal/space_deco_us_20221028/,481,0.07606263982102908,7,0.75,0.014553014553014554,0.6262993762993764,5.9376299376299375,0.1208279485306512
https://www.farglory-realty.com.tw/life-proposal/expert_shuangbei_20250822/,479,-0.20299500831946754,3,-0.625,0.006263048016701462,-0.5294885177453027,8.417536534446764,-0.024500683146451093
https://www.farglory-realty.com.tw/life-proposal/expert_macromicro_20230328/,474,-0.2305194805194805,4,-0.5,0.008438818565400843,-0.35021097046413513,12.548523206751055,0.0913299866382394
https://www.farglory-realty.com.tw/life-proposal/zhonghe-river/,474,0.5339805825242718,6,1,0.012658227848101266,0.3037974683544305,6.742616033755274,-0.13656512456262757
https://www.farglory-realty.com.tw/life-proposal/area-hotspot-tnn-dawan_traffic_20240313/,473,-0.05588822355289421,1,-0.8,0.0021141649048625794,-0.7881606765327696,10.945031712473574,-0.12432754903397307
https://www.farglory-realty.com.tw/life-proposal/area_txg_beitun_14th_function_20250829/#elementor-toc__heading-anchor-1,473,-0.35382513661202186,0,,0,,7.733615221987315,-0.12463177014153172
https://www.farglory-realty.com.tw/life-proposal/area-s-tph_banqiao_tpark_function_20250314/#elementor-toc__heading-anchor-1,472,-0.1111111111111111,0,,0,,6.963983050847458,0.057139794168096066
https://www.farglory-realty.com.tw/wp-content/uploads/2022/05/%E5%85%AC%E8%A8%AD%E7%AE%A1%E7%90%86%E8%BE%A6%E6%B3%95.pdf,471,-0.061752988047808766,29,0.03571428571428571,0.06157112526539278,0.10388231725811346,6.409766454352441,-0.07190575134556512
https://www.farglory-realty.com.tw/life-proposal/area-s-taichung-14th20220520/,467,-0.2551834130781499,7,0.16666666666666666,0.014989293361884369,0.5663811563169165,6.820128479657388,0.7263708343743167
https://www.farglory-realty.com.tw/life-proposal/expert_zhu_mansion-tax-definition_vedio_20250523/#elementor-toc__heading-anchor-0,467,,0,,0,,4.618843683083512,
https://www.farglory-realty.com.tw/life-proposal/expert_zhu_mansion-tax-definition_vedio_20250523/#elementor-toc__heading-anchor-1,467,,0,,0,,4.618843683083512,
https://www.farglory-realty.com.tw/life-proposal/expert_zhu_mansion-tax-definition_vedio_20250523/#elementor-toc__heading-anchor-2,467,,0,,0,,4.618843683083512,
https://www.farglory-realty.com.tw/case/wom_recommendation/,464,-0.9066398390342052,0,,0,,11.85344827586207,0.06279226301229428
https://www.farglory-realty.com.tw/life-proposal/expert_law_y-rlee_nominee-inheritance/,462,-0.5518913676042677,8,0,0.017316017316017316,1.2316017316017316,5.5021645021645025,-0.8327614504206484
https://www.farglory-realty.com.tw/life-proposal/interview-s-taoyuan-green20221111/,460,0,12,0.09090909090909091,0.02608695652173913,0.09090909090909081,10.3,0.04568527918781737
https://www.farglory-realty.com.tw/life-proposal/area-txg-port_park_20240111/,456,0.3987730061349693,0,,0,,5.912280701754386,-0.0023791362464131768
https://www.farglory-realty.com.tw/life-proposal/expert_zhu_eht_20250625/#elementor-toc__heading-anchor-0,456,17.24,0,,0,,3.914473684210526,-0.1490274599542334
https://www.farglory-realty.com.tw/life-proposal/expert_zhu_eht_20250625/#elementor-toc__heading-anchor-2,456,17.24,0,,0,,3.914473684210526,-0.1490274599542334
https://www.farglory-realty.com.tw/life-proposal/house_and_land/#elementor-toc__heading-anchor-4,451,33.69230769230769,0,,0,,2.8470066518847004,-0.372693449584727
https://www.farglory-realty.com.tw/life-proposal/expert_zhu_eht_20250625/#elementor-toc__heading-anchor-1,450,17.75,0,,0,,3.897777777777778,-0.17941520467836258
https://www.farglory-realty.com.tw/life-proposal/expert_zhu_mansion-tax-count_vedio_20250625/#elementor-toc__heading-anchor-1,450,0.2064343163538874,1,,0.0022222222222222222,,4.873333333333333,-0.030531555555555524
https://www.farglory-realty.com.tw/life-proposal/area_hotspot_txg_xitun_school_20231115/,449,0.03935185185185185,2,-0.6,0.004454342984409799,-0.6151447661469933,7.599109131403118,-0.05963473366767494
https://www.farglory-realty.com.tw/life-proposal/area-txg-port_function_20240103/#elementor-toc__heading-anchor-0,448,-0.25333333333333335,0,,0,,5.294642857142857,-0.034411636995223704
https://www.farglory-realty.com.tw/life-proposal/area_tnn_haidian_function_20240126/,444,0.2,9,1.25,0.02027027027027027,0.875,6.518018018018018,-0.06813498196805767
https://www.farglory-realty.com.tw/life-proposal/area-txg-port_function_20240103/#elementor-toc__heading-anchor-1,442,-0.24701873935264054,0,-1,0,-1,5.271493212669683,-0.03782135701582583
https://www.farglory-realty.com.tw/life-proposal/expert_zhu_inherited_20230512/,440,0.746031746031746,2,0,0.004545454545454545,-0.42727272727272725,11.477272727272727,0.0688369280387019
https://www.farglory-realty.com.tw/life-proposal/area_tnnyongkang_redevelop_yanxing_20230901/#elementor-toc__heading-anchor-3,439,-0.03938730853391685,0,,0,,3.8519362186788153,-0.2409077826924456
https://www.farglory-realty.com.tw/life-proposal/area-s-tph_banqiao_tpark_park_20250411/,438,-0.28431372549019607,4,-0.6666666666666666,0.0091324200913242,-0.5342465753424658,11.127853881278538,0.20599372681821593
https://www.farglory-realty.com.tw/life-proposal/area-s-tph_banqiao_tpark_function_20250314/#elementor-toc__heading-anchor-2,437,-0.17234848484848486,0,,0,,7.006864988558353,0.05162726377453386
https://www.farglory-realty.com.tw/farglory-realty-about/push-hand/,435,,22,,0.05057471264367816,,5.813793103448276,
https://www.farglory-realty.com.tw/life-proposal/expert_zhu_mansion-tax-count_vedio_20250625/#elementor-toc__heading-anchor-0,432,0.42574257425742573,1,0,0.0023148148148148147,-0.29861111111111116,5.108796296296297,-0.04505534992117341
https://www.farglory-realty.com.tw/life-proposal/house_income_20230119/,424,-0.0556792873051225,12,0.7142857142857143,0.02830188679245283,0.8153638814016172,11.69811320754717,0.06174506371309469
https://www.farglory-realty.com.tw/life-proposal/area-l-kaohsiung-gusha20200520/,421,0.2874617737003058,4,1,0.009501187648456057,0.5534441805225654,12.21377672209026,0.014711633161462147
https://www.farglory-realty.com.tw/life-proposal/area-s-tph_banqiao_tpark_function_20250314/#elementor-toc__heading-anchor-0,418,-0.10683760683760683,0,-1,0,-1,6.980861244019139,0.02063200943485075
https://www.farglory-realty.com.tw/life-proposal/area_txg_xitun_eight_function_20240407/,418,-0.01647058823529412,8,0.14285714285714285,0.019138755980861243,0.16199589883800397,7.787081339712919,-0.03343762576577382
https://www.farglory-realty.com.tw/life-proposal/donated_property20220624/,417,0.3583061889250814,6,-0.14285714285714285,0.014388489208633094,-0.36896197327852,4.117505995203837,-0.28502582549345135
https://www.farglory-realty.com.tw/life-proposal/area_taoyuan_guishan_a7_function/#elementor-toc__heading-anchor-4,416,7.489795918367347,0,,0,,5.670673076923077,-0.04514439598202485
https://www.farglory-realty.com.tw/life-proposal/expert_law_y-rlee_retention-money_20250704/#elementor-toc__heading-anchor-2,416,0.0297029702970297,0,,0,,4.46875,0.005219933184855345
https://www.farglory-realty.com.tw/life-proposal/expert_macromicro_20230117/,415,0.22418879056047197,1,0,0.0024096385542168677,-0.18313253012048183,11.356626506024096,0.3175552311917074
https://www.farglory-realty.com.tw/life-proposal/renovation_20230330/,415,-0.011904761904761904,2,0,0.004819277108433735,0.012048192771084335,10.824096385542168,0.11973410884918985
https://www.farglory-realty.com.tw/life-proposal/allagehouse/,412,0.01728395061728395,8,-0.1111111111111111,0.019417475728155338,-0.12621359223300982,4.847087378640777,-0.10728950052318574
https://www.farglory-realty.com.tw/life-proposal/unwanted20220610/,409,-0.29845626072041165,1,-0.8,0.0024449877750611247,-0.7149144254278729,9.62836185819071,0.0821929753856147
https://www.farglory-realty.com.tw/life-proposal/expert_law_y-rlee_contract_20250613/#elementor-toc__heading-anchor-1,399,0.09615384615384616,0,,0,,4.162907268170426,-0.023018539255941276
https://www.farglory-realty.com.tw/life-proposal/area-hotspot-tnn-dawan_school_20240303/,397,-0.012437810945273632,1,0,0.0025188916876574307,0.012594458438287146,11.644836272040303,0.09810560200802293
https://www.farglory-realty.com.tw/life-proposal-tag/5%E3%80%81%E5%8D%80%E5%9F%9F/1%E5%8D%80%E5%9F%9F%E5%9C%B0%E6%AE%B5/%E7%B8%A3%E5%B8%82/%E6%96%B0%E5%8C%97%E5%B8%82/%E6%9D%BF%E6%A9%8B%E5%8D%80/,392,-0.8575063613231552,0,-1,0,-1,11.081632653061224,0.027799852620323945
https://www.farglory-realty.com.tw/life-proposal/area_txg_beitun_14th_function_20250829/#elementor-toc__heading-anchor-2,389,-0.4106060606060606,0,,0,,7.825192802056555,-0.10723815914307243
https://www.farglory-realty.com.tw/life-proposal/expert_law_y-rlee_retention-money_20250704/#elementor-toc__heading-anchor-3,389,-0.007653061224489796,0,,0,,4.616966580976864,0.012787297002199525
https://www.farglory-realty.com.tw/activity-report/2023cny_hh2/,386,-0.3863275039745628,5,-0.2857142857142857,0.012953367875647668,0.16395262768319765,9.94559585492228,0.12251566351087627
https://www.farglory-realty.com.tw/life-proposal/area-txg-port_function_20240103/#elementor-toc__heading-anchor-3,381,-0.3442340791738382,0,,0,,5.31758530183727,-0.021685541365594023
https://www.farglory-realty.com.tw/life-proposal/expert_macromicro_precious-metals_20250430/,380,-0.20502092050209206,1,,0.002631578947368421,,9.197368421052632,0.4723181866253041
https://www.farglory-realty.com.tw/life-proposal/glass-fix/#elementor-toc__heading-anchor-1,380,,0,,0,,8.963157894736842,
https://www.farglory-realty.com.tw/life-proposal/expert_li_housing-challenges-2026/#elementor-toc__heading-anchor-0,379,8.24390243902439,0,,0,,7.7651715039577835,0.12102828050094763
https://www.farglory-realty.com.tw/life-proposal/area-l-taichung-wuqi_20220826/,378,-0.1853448275862069,4,-0.42857142857142855,0.010582010582010581,-0.2985638699924415,8.865079365079364,0.2105346749254929
https://www.farglory-realty.com.tw/life-proposal/expert_zhu_mansion-tax-count_vedio_20250625/#elementor-toc__heading-anchor-2,377,0.282312925170068,0,,0,,5.151193633952254,-0.11331912858198896
https://www.farglory-realty.com.tw/life-proposal/expert_zhu_area-discrepancy_20250827/,375,1.1428571428571428,16,1.2857142857142858,0.042666666666666665,0.06666666666666661,5.36,-0.13786764705882346
https://www.farglory-realty.com.tw/life-proposal/glass-fix/#elementor-toc__heading-anchor-3,374,,0,,0,,8.967914438502675,
https://www.farglory-realty.com.tw/life-proposal/space_design_smallhouse2_20240521/,374,0.23841059602649006,8,0.6,0.0213903743315508,0.2919786096256683,8.481283422459892,0.06945619773815759
https://www.farglory-realty.com.tw/life-proposal/firesafety/,372,-0.2619047619047619,3,0,0.008064516129032258,0.3548387096774194,15.150537634408602,0.18643116341546534
https://www.farglory-realty.com.tw/life-proposal-tag/8%E3%80%81%E9%81%A0%E9%9B%84%E6%88%BF%E5%9C%B0%E7%94%A2%E5%BB%BA%E6%A1%88/h807/,370,0.43410852713178294,10,0.42857142857142855,0.02702702702702703,-0.0038610038610037917,8.943243243243243,0.10188956865174627
https://www.farglory-realty.com.tw/life-proposal/area-s-tainan-haidian20200520/,370,0.34545454545454546,3,0,0.008108108108108109,-0.2567567567567568,9.28918918918919,-0.23790959814229506
https://www.farglory-realty.com.tw/sales/ah2/G0106,370,-0.49175824175824173,6,,0.016216216216216217,,5.0027027027027025,0.0005405405405404906
https://www.farglory-realty.com.tw/life-proposal/area-tnn-dawan_function_20231129/#elementor-toc__heading-anchor-2,366,-0.3055028462998102,0,-1,0,-1,5.188524590163935,-0.025880848230711184
https://www.farglory-realty.com.tw/life_proposal/experts_point/,366,1.3018867924528301,7,6,0.01912568306010929,2.040983606557377,7.333333333333333,-0.12396694214876047
https://www.farglory-realty.com.tw/life-proposal/area-txg-port_function_20240103/#elementor-toc__heading-anchor-2,365,-0.049479166666666664,0,,0,,5.46027397260274,-0.049526198785379914
https://www.farglory-realty.com.tw/life-proposal/area-tph_banqiao_park_20240820/,361,-0.3030888030888031,8,-0.5,0.0221606648199446,-0.28254847645429365,9.376731301939058,0.09815663902428949
https://www.farglory-realty.com.tw/life-proposal/land_zoning/#elementor-toc__heading-anchor-0,361,,0,,0,,7.4930747922437675,
https://www.farglory-realty.com.tw/life-proposal/area-tainan_west-central_redevelop_diamond_park_20250509/,357,-0.18306636155606407,5,0,0.014005602240896359,0.22408963585434183,5.719887955182073,0.05379048752722004
https://www.farglory-realty.com.tw/life-proposal/area_txg_xitun_eight_20240207/,352,-0.030303030303030304,2,1,0.005681818181818182,1.0625,22.125,-0.019128602833414794
https://www.farglory-realty.com.tw/life-proposal/natural-design/,350,0.30111524163568776,10,1.5,0.02857142857142857,0.9214285714285715,8.745714285714286,-0.1989795223503089
https://www.farglory-realty.com.tw/life-proposal/area_s_txg_beitun_depot_20240410/,349,-0.07180851063829788,3,,0.008595988538681949,,17.21776504297994,-0.06107619199993361
https://www.farglory-realty.com.tw/life-proposal/expert_tsmc-housing_20250703/,340,0.3821138211382114,10,1.5,0.029411764705882353,0.8088235294117645,7.626470588235295,0.07451991105720644
https://www.farglory-realty.com.tw/life-proposal/land_zoning/#elementor-toc__heading-anchor-1,340,,0,,0,,7.508823529411765,
https://www.farglory-realty.com.tw/life-proposal/area_hotspot_khh_sanmin_park_20230915/,339,0.7295918367346939,5,,0.014749262536873156,,6.59882005899705,-0.36723643269891304
https://www.farglory-realty.com.tw/life-proposal/kitchen/,334,0.8555555555555555,1,-0.75,0.0029940119760479044,-0.8652694610778443,15.691616766467066,-0.23414017951082644
https://www.farglory-realty.com.tw/life-proposal/kw_credibility_20230602/,331,0.13745704467353953,3,0,0.00906344410876133,-0.12084592145015095,6.858006042296073,0.026584237812838037
https://www.farglory-realty.com.tw/life-proposal/kaohsiung-station-mecanoo20220610/,328,0.6237623762376238,3,,0.009146341463414634,,7.673780487804878,0.16636844133678355
https://www.farglory-realty.com.tw/life-proposal/kids_room_20230306/,328,0.17985611510791366,2,0,0.006097560975609756,-0.15243902439024393,36.15243902439025,-0.18909326700173562
https://www.farglory-realty.com.tw/life-proposal/expert_macromicro_mec_cycle_20240430/,327,0.025078369905956112,3,0.5,0.009174311926605505,0.46330275229357815,9.80428134556575,-0.015560041159749965
https://www.farglory-realty.com.tw/life-proposal/expert_peizhen_commercial_nvidia_20250603/,327,0.4034334763948498,5,1.5,0.01529051987767584,0.7813455657492354,10.146788990825687,-0.0037076127844984717
https://www.farglory-realty.com.tw/life-proposal/area-txg-shuinan_park_20240419/,326,-0.0659025787965616,0,-1,0,-1,28.5,0.024356333676622075
https://www.farglory-realty.com.tw/life-proposal/expert_peizhen_ai-housing-trend/,324,-0.17766497461928935,3,-0.5,0.009259259259259259,-0.3919753086419754,10.126543209876543,0.3348471143162789
https://www.farglory-realty.com.tw/life-proposal/area-l-taipei-beitou20220520/,323,-0.09269662921348315,6,1,0.018575851393188854,1.2043343653250773,11.003095975232197,-0.14492421585185283
https://www.farglory-realty.com.tw/life-proposal/land_bank_loan/,322,0.1624548736462094,1,0,0.003105590062111801,-0.13975155279503115,20.341614906832298,0.2563271636995645
https://www.farglory-realty.com.tw/life-proposal/kw_land_rights_20230606/,321,0.3717948717948718,2,1,0.006230529595015576,0.4579439252336447,9.85981308411215,0.1461481677507417
https://www.farglory-realty.com.tw/life-proposal/universal-design-home1-20220722/,319,0.1474820143884892,3,-0.6666666666666666,0.009404388714733543,-0.709508881922675,2.8275862068965516,0.14088383964766518
https://www.farglory-realty.com.tw/life-proposal/tsuta-house/,318,-0.18461538461538463,7,-0.5882352941176471,0.0220125786163522,-0.49500554938956715,11.355345911949685,0.2821612349914236
https://www.farglory-realty.com.tw/life-proposal/area-s-tainan-dawan20220520/,317,-0.10451977401129943,0,-1,0,-1,11.902208201892744,0.20347949256499043
https://www.farglory-realty.com.tw/life-proposal/true_price/,310,-0.13165266106442577,1,,0.0032258064516129032,,49.65806451612903,0.3648417147015215
https://www.farglory-realty.com.tw/life-proposal/area-tpe-beitou_bstp_traffic_20240705/#elementor-toc__heading-anchor-3,309,,0,,0,,5.757281553398058,
https://www.farglory-realty.com.tw/life-proposal/expert_zhu_multiple-inheriting_vedio_20250423/,302,-0.22959183673469388,5,-0.5454545454545454,0.016556291390728478,-0.40999397953040334,8.602649006622517,0.24070581699633067
https://www.farglory-realty.com.tw/life-proposal/area-tpe-beitou_bstp_school_20240713/,301,-0.2475,3,0,0.009966777408637873,0.3289036544850498,10.90033222591362,0.2678490521562804
https://www.farglory-realty.com.tw/life-proposal/area_txg_beitun_depot_park_20240529/,298,0.13307984790874525,2,1,0.006711409395973154,0.7651006711409396,13.302013422818792,0.07445624391933116
https://www.farglory-realty.com.tw/life-proposal/space_furnish_kitchen_20240102/,294,-0.05466237942122187,6,-0.25,0.02040816326530612,-0.20663265306122455,7.108843537414966,-0.030753906121852522
https://www.farglory-realty.com.tw/life-proposal/interview-s-taoyuan-qingshan_20230306/,293,-0.023333333333333334,2,-0.5,0.006825938566552901,-0.48805460750853247,9.634812286689419,0.1764117566165345
https://www.farglory-realty.com.tw/life-proposal/ease_eewh-ec_20230711/,292,0.26956521739130435,8,0.6,0.0273972602739726,0.2602739726027397,6.818493150684931,0.16685522667971295
https://www.farglory-realty.com.tw/life-proposal/expert_macromicro_tariff_20250218/,289,0.27312775330396477,1,0,0.0034602076124567475,-0.21453287197231838,13.26643598615917,-0.00905529158995338
https://www.farglory-realty.com.tw/activity-report/%E6%8A%95%E8%B3%87%E5%BF%AB%E8%A8%8A-%F0%9F%93%A2-%E5%8C%97%E9%83%A8%E8%B3%87%E9%87%91%E5%A6%82%E4%BD%95%E5%B8%83%E5%B1%80%E9%AB%98%E9%9B%84%E5%B8%82%E5%BF%83%EF%BC%9F/,287,,2,,0.006968641114982578,,40.745644599303134,
https://www.farglory-realty.com.tw/farglory-realty-about/second-generation/,285,,18,,0.06315789473684211,,8.666666666666668,
https://www.farglory-realty.com.tw/life-proposal/air_condition20220617/#elementor-toc__heading-anchor-0,284,0.2850678733031674,0,,0,,4.669014084507042,-0.023791757165509637
https://www.farglory-realty.com.tw/life-proposal/air_condition20220617/#elementor-toc__heading-anchor-3,284,0.2850678733031674,0,,0,,4.669014084507042,-0.023791757165509637
https://www.farglory-realty.com.tw/life-proposal/area-txg-7th_park_20241223/,284,-0.2154696132596685,3,2,0.01056338028169014,2.823943661971831,5.904929577464789,0.05092650297062612
https://www.farglory-realty.com.tw/life-proposal/color_20230509/,283,0.2577777777777778,2,-0.5,0.007067137809187279,-0.6024734982332155,12.473498233215548,-0.05694317793229227
https://www.farglory-realty.com.tw/life-proposal/area_hotspot_txg_xitun_park_20231129/,281,-0.3480278422273782,1,-0.5,0.0035587188612099642,-0.23309608540925267,9.743772241992882,0.02378494302753107
https://www.farglory-realty.com.tw/life-proposal/electrical-safety/,281,-0.23641304347826086,2,0,0.0071174377224199285,0.30960854092526685,10.637010676156583,0.11205111614364281
https://www.farglory-realty.com.tw/life-proposal/space_pets_20230130/,281,0.01444043321299639,0,-1,0,-1,9.359430604982206,0.07308041290565863
https://www.farglory-realty.com.tw/life-proposal/expert_li_housing-challenges-2026/#elementor-toc__heading-anchor-2,280,11.173913043478262,0,,0,,8.039285714285715,0.20067254174397028
https://www.farglory-realty.com.tw/life-proposal/area_hotspot_khh_sanmin_traffic_20230928/,279,0.13877551020408163,2,1,0.007168458781362007,0.7562724014336916,10.838709677419354,0.1064516129032257
https://www.farglory-realty.com.tw/activity-report/%E9%81%A0%E9%9B%84%E6%88%BF%E5%9C%B0%E7%94%A2-%E5%AE%98%E6%96%B9line-%E7%AC%AC%E5%9B%9B%E5%AD%A3%E6%8E%A5%E5%BE%85%E4%B8%AD%E5%BF%83%E5%A5%BD%E5%8F%8B%E6%B4%BB%E5%8B%95/,278,,2,,0.007194244604316547,,31.546762589928058,
https://www.farglory-realty.com.tw/life-proposal/expert_peizhen_property-2025q2_20250707/,277,-0.6065340909090909,1,-0.75,0.0036101083032490976,-0.36462093862815886,18.267148014440433,1.0556381397324273
https://www.farglory-realty.com.tw/life-proposal/area-tainan_west-central_redevelop_diamond_school_20250516/,274,-0.0036363636363636364,4,0,0.014598540145985401,0.003649635036496318,9.81021897810219,0.1543903376029535
https://www.farglory-realty.com.tw/life-proposal/expert_zhu_credit_20231020/,272,-0.1656441717791411,1,,0.003676470588235294,,12.231617647058824,-0.15999423784681344
https://www.farglory-realty.com.tw/life-proposal/controls_20230108/,267,-0.1414790996784566,3,2,0.011235955056179775,2.4943820224719104,12.164794007490636,0.26403305590697884
https://www.farglory-realty.com.tw/life-proposal/space_style_reading_20240116/,266,-0.21068249258160238,5,-0.375,0.018796992481203006,-0.20817669172932338,5.7894736842105265,0.027951860684376915
https://www.farglory-realty.com.tw/life-proposal/expert_li_housing-challenges-2026/#elementor-toc__heading-anchor-1,262,6.277777777777778,0,,0,,7.755725190839694,0.12130966614549792
https://www.farglory-realty.com.tw/life-proposal/space_furnish_cabinet_20231125/,261,0.16517857142857142,7,2.5,0.02681992337164751,2.0038314176245215,20.64367816091954,0.005475953043265196
https://www.farglory-realty.com.tw/life-proposal/area_tnn_yongkang_yanxing_traffic_20240324/,260,0.1504424778761062,6,-0.14285714285714285,0.023076923076923078,-0.25494505494505487,17.523076923076925,-0.18126620123725756
https://www.farglory-realty.com.tw/life-proposal/shutters-home-design/,260,0.25,0,-1,0,-1,1.9423076923076923,-0.058275058275058286
https://www.farglory-realty.com.tw/activity-report/2025q4/,258,,2,,0.007751937984496124,,33.81782945736434,
https://www.farglory-realty.com.tw/life-proposal/expert_li_7th-cycle_20250114/,258,-0.33505154639175255,2,-0.8333333333333334,0.007751937984496124,-0.7493540051679587,8.472868217054263,0.0068829611690824286
https://www.farglory-realty.com.tw/buildings/ao1/,254,0.003952569169960474,0,-1,0,-1,6.02755905511811,0.20360887209540796
https://www.farglory-realty.com.tw/life-proposal/construction-base/#elementor-toc__heading-anchor-0,251,-0.21316614420062696,0,,0,,7.760956175298805,0.015898654050192335
https://www.farglory-realty.com.tw/life-proposal/construction-base/#elementor-toc__heading-anchor-1,251,-0.21316614420062696,0,,0,,7.760956175298805,0.015898654050192335
https://www.farglory-realty.com.tw/life-proposal/construction-base/#elementor-toc__heading-anchor-2,251,-0.21316614420062696,0,,0,,7.760956175298805,0.015898654050192335
https://www.farglory-realty.com.tw/life-proposal/space_furnish_livingroom_20231027/,251,-0.023346303501945526,1,-0.5,0.00398406374501992,-0.48804780876494025,14.792828685258964,-0.1926615051791136
https://www.farglory-realty.com.tw/life-proposal/expert_macromicro_financial-statements_20250318/,247,0.6038961038961039,1,0,0.004048582995951417,-0.37651821862348184,11.651821862348179,0.11383027113694573
https://www.farglory-realty.com.tw/life-proposal/high_floor/,245,-0.2391304347826087,2,-0.6666666666666666,0.00816326530612245,-0.5619047619047619,12.30204081632653,0.6115773567360223
https://www.farglory-realty.com.tw/life-proposal/notice_20230331/,243,0.9596774193548387,9,1.25,0.037037037037037035,0.1481481481481481,6.51440329218107,-0.31427333766515053
https://www.farglory-realty.com.tw/life-proposal/area-tpe-beitou_bstp_park_20240617/,239,-0.21639344262295082,7,0.16666666666666666,0.029288702928870293,0.48884239888423975,7.807531380753138,0.1269744775814989
https://www.farglory-realty.com.tw/life-proposal/area-txg-7th_function_20231107/#elementor-toc__heading-anchor-0,236,,0,,0,,7.805084745762712,
https://www.farglory-realty.com.tw/life-proposal/area-txg-7th_function_20231107/#elementor-toc__heading-anchor-3,236,,0,,0,,7.805084745762712,
https://www.farglory-realty.com.tw/activity-report/%E9%81%A0%E9%9B%84%E6%B2%90%E8%98%8A-%E5%A4%8F%E6%97%A5%E6%84%9F%E6%81%A9%E5%A4%A7%E5%9B%9E%E9%A5%8B-%E5%A5%BD%E9%84%B0%E4%BB%8B%E7%B4%B9%E6%89%80%E9%96%8B%E5%BC%B5%E5%9B%89/,235,-0.10646387832699619,2,-0.6,0.00851063829787234,-0.5523404255319149,8.902127659574468,-0.08473042436744135
https://www.farglory-realty.com.tw/life-proposal/h101b/,235,-0.08560311284046693,3,-0.25,0.01276595744680851,-0.17978723404255326,9.348936170212767,-0.07304143682689772
https://www.farglory-realty.com.tw/life-proposal/expert_li_2024trend_20240711/,234,0.017391304347826087,0,-1,0,-1,12.760683760683762,-0.046162734820518296
https://www.farglory-realty.com.tw/life-proposal/expert_macromicro_25q2-financial-statements/,232,-0.290519877675841,1,0,0.004310344827586207,0.4094827586206896,11.538793103448276,0.34086188515550336
https://www.farglory-realty.com.tw/life-proposal/area-hotspot-tnn-dawan_park_20240229/,229,0.21808510638297873,3,0.5,0.013100436681222707,0.23144104803493445,9.951965065502183,0.5076304853460195
https://www.farglory-realty.com.tw/building-tag/build-tag-quake/,227,-0.7375722543352601,0,,0,,11.66079295154185,0.018641274801424065
https://www.farglory-realty.com.tw/life-proposal/office/,224,1.196078431372549,5,,0.022321428571428572,,21.723214285714285,0.2061882728050391
https://www.farglory-realty.com.tw/life-proposal/area-s-tph_banqiao_tpark_traffic_20250321/,222,-0.155893536121673,0,-1,0,-1,8.887387387387388,0.007927073256956909
https://www.farglory-realty.com.tw/life-proposal/area-txg-7th_function_20231107/#elementor-toc__heading-anchor-2,222,,0,,0,,7.8558558558558556,
https://www.farglory-realty.com.tw/life-proposal/expert_macromicro_mfg-h2_20250820/,222,-0.10121457489878542,1,0,0.0045045045045045045,0.11261261261261259,9.621621621621621,0.15985385092266494
https://www.farglory-realty.com.tw/life-proposal/urbanrenewal20220603/,219,-0.3558823529411765,2,-0.6,0.0091324200913242,-0.3789954337899544,16.19178082191781,0.6418745837912483
https://www.farglory-realty.com.tw/life-proposal/fsc-thirdhouse-100/,217,0.7642276422764228,3,,0.013824884792626729,,6.986175115207374,0.20181753730140825
https://www.farglory-realty.com.tw/life-proposal/space_design_curtain_20240714/,216,0.038461538461538464,0,-1,0,-1,12.99074074074074,-0.12639053537857295
https://www.farglory-realty.com.tw/life-proposal/cubicle/,215,-0.14,6,2,0.027906976744186046,2.488372093023256,8.372093023255815,0.01652416503834555
https://www.farglory-realty.com.tw/life-proposal/expert_li_ai-projects_20250715/,215,-0.10416666666666667,3,-0.5,0.013953488372093023,-0.44186046511627913,9.948837209302326,0.0853276955602538
https://www.farglory-realty.com.tw/life-proposal/taichung-gateway/,214,0.07,0,-1,0,-1,23.757009345794394,0.13317478396348173
https://www.farglory-realty.com.tw/life-proposal/indicators_20221111/,212,0.019230769230769232,3,-0.25,0.014150943396226415,-0.2641509433962264,10.556603773584905,0.04560646900269534
https://www.farglory-realty.com.tw/wom-recommendation/h101b_view/,211,3.0576923076923075,12,11,0.05687203791469194,1.9573459715639807,2.4265402843601898,-0.6069155925647045
https://www.farglory-realty.com.tw/life-proposal/expert_macromicro_mec_china_20231222/,209,0.004807692307692308,0,-1,0,-1,9.91866028708134,-0.09434532936219553
https://www.farglory-realty.com.tw/life-proposal/expert_liu_commercial_2025global_20250418/,208,-0.45549738219895286,2,0,0.009615384615384616,0.8365384615384616,18.177884615384617,0.37886257408199436
https://www.farglory-realty.com.tw/life-proposal/area_hotspot_tnn_yongkang_traffic_20240102/,206,-0.13445378151260504,0,-1,0,-1,8.54368932038835,0.056310679611650497
https://www.farglory-realty.com.tw/life-proposal/interior_softdeco_20230222/,203,0.26875,1,0,0.0049261083743842365,-0.21182266009852221,33.20197044334975,-0.31945743390520626
https://www.farglory-realty.com.tw/life-proposal/land_zoning/#elementor-toc__heading-anchor-2,200,,0,,0,,7.745,
https://www.farglory-realty.com.tw/life-proposal/kaohsiung-artplan-20220610/,199,-0.17083333333333334,4,-0.3333333333333333,0.020100502512562814,-0.19597989949748748,13.195979899497488,0.1425090822075746
https://www.farglory-realty.com.tw/life-proposal/land_handover_check/,199,-0.08294930875576037,2,-0.6666666666666666,0.010050251256281407,-0.6365159128978225,11.552763819095478,0.07318054312659199
https://www.farglory-realty.com.tw/life-proposal/ping/#elementor-toc__heading-anchor-3,198,,0,,0,,5.752525252525253,
https://www.farglory-realty.com.tw/life-proposal/intelligentbuilding/,194,-0.10599078341013825,1,,0.005154639175257732,,17.7680412371134,-0.1676025586240052
https://www.farglory-realty.com.tw/life-proposal/greenbuilding2020-design/,191,-0.2139917695473251,2,0,0.010471204188481676,0.2722513089005235,45.07853403141361,0.39028858606847416
https://www.farglory-realty.com.tw/life-proposal/kaohsiung-greenspace/,190,0.1949685534591195,2,1,0.010526315789473684,0.6736842105263157,8.457894736842105,-0.011172600619195047
https://www.farglory-realty.com.tw/life-proposal/expert_liu_commercial_2025h2_20250725/,189,-0.5,1,-0.875,0.005291005291005291,-0.75,12.994708994708995,0.28856243441762847
https://www.farglory-realty.com.tw/life-proposal/taichung-attractions/,189,-0.3903225806451613,0,-1,0,-1,19.75132275132275,0.17522265890787966
https://www.farglory-realty.com.tw/activity-report/hauslab_2025/,187,-0.22406639004149378,9,-0.5714285714285714,0.0481283422459893,-0.4476699770817418,5.304812834224599,0.4018200581668074
https://www.farglory-realty.com.tw/life-proposal/expert_zhu_property_loan-ratio-exception_vedio_20250214/,187,0.6696428571428571,0,-1,0,-1,14.550802139037433,-0.0014155394778231987
https://www.farglory-realty.com.tw/life-proposal/area_txg_beitun_depot_traffic_20240606/,186,-0.3673469387755102,0,-1,0,-1,9.64516129032258,0.16694544006371956
https://www.farglory-realty.com.tw/life-proposal/area-txg-7th_function_20231107/#elementor-toc__heading-anchor-1,184,,0,,0,,8.233695652173914,
https://www.farglory-realty.com.tw/life-proposal/expert_peizhen_officemarket_20240806/,183,-0.33935018050541516,5,4,0.0273224043715847,6.5683060109289615,15.37704918032787,0.11416233924949507
https://www.farglory-realty.com.tw/life-proposal/air_condition20220617/#elementor-toc__heading-anchor-2,182,-0.17272727272727273,0,,0,,4.472527472527473,-0.06379063372403049
https://www.farglory-realty.com.tw/life-proposal/ai_property_20230327/,178,0.03488372093023256,5,4,0.028089887640449437,3.831460674157303,15.97191011235955,0.025062887808150296
https://www.farglory-realty.com.tw/life-proposal/housing_allowance_20220826/,178,0.05952380952380952,1,-0.75,0.0056179775280898875,-0.7640449438202247,6.910112359550562,0.21053063233002545
https://www.farglory-realty.com.tw/life-proposal/reconstruction/,178,0.19463087248322147,0,,0,,70.92696629213484,-0.0011230645058515978
https://www.farglory-realty.com.tw/life-proposal/space_furnish_paint_20231128/,178,0.16339869281045752,2,-0.5,0.011235955056179775,-0.5702247191011236,8.415730337078653,-0.3932107721144987
https://www.farglory-realty.com.tw/life-proposal/universal-design20220708/,178,-0.14009661835748793,0,-1,0,-1,6.640449438202247,0.5655729313301425
https://www.farglory-realty.com.tw/life-proposal/expert_peizhen_commercial_tec-wins_20250205/,177,0.2826086956521739,1,0,0.005649717514124294,-0.22033898305084748,19.175141242937855,0.9601255492780918
https://www.farglory-realty.com.tw/life-proposal/house_tax/,177,0.14193548387096774,1,-0.5,0.005649717514124294,-0.5621468926553672,12.299435028248588,0.16386595200154522
https://www.farglory-realty.com.tw/life-proposal/reverse_mortgage/,177,0.14935064935064934,1,0,0.005649717514124294,-0.1299435028248588,56.451977401129945,-0.0845946593899114
https://www.farglory-realty.com.tw/life-proposal/expert_zhu_tax_inheritance_vedio_20240327/,175,0.005747126436781609,3,-0.5,0.017142857142857144,-0.5028571428571428,19.84,0.20916287215411564
https://www.farglory-realty.com.tw/life-proposal/ease_healthy-material_20230616/,174,0.16778523489932887,0,-1,0,-1,6.258620689655173,-0.12355781695618358
https://www.farglory-realty.com.tw/contact_service/welfare_system/,172,0.2740740740740741,4,-0.5,0.023255813953488372,-0.6075581395348837,5.761627906976744,-0.13383099394002176
https://www.farglory-realty.com.tw/life-proposal/space_style_peach_20240206/,170,-0.1099476439790576,2,,0.011764705882352941,,7.5588235294117645,0.04240815459757904
https://www.farglory-realty.com.tw/life-proposal/area-s-kaohsiung-nstm20220520/,167,0.7216494845360825,0,-1,0,-1,8.251497005988025,-0.3534772135857525
https://www.farglory-realty.com.tw/activity-report/202412/,164,1.8771929824561404,1,0,0.006097560975609756,-0.6524390243902438,11.03048780487805,-0.0035850952804297818
https://www.farglory-realty.com.tw/life-proposal/reduce_property_20221215/,163,-0.012121212121212121,8,1,0.049079754601226995,1.0245398773006136,6.601226993865031,-0.3088816916321509
https://www.farglory-realty.com.tw/about/brand_gallery/,162,0.03184713375796178,0,-1,0,-1,15.938271604938272,0.12463309751699271
https://www.farglory-realty.com.tw/life-proposal/expert_law_y-rlee_contract_20250613/#elementor-toc__heading-anchor-3,161,,0,,0,,3.857142857142857,
https://www.farglory-realty.com.tw/contact_service/contact_us/,160,-0.12568306010928962,1,-0.6666666666666666,0.00625,-0.61875,5.875,0.2545215869311552
https://www.farglory-realty.com.tw/life-proposal/adaoando-20200610/,160,-0.12087912087912088,0,-1,0,-1,24.50625,-0.1145250148898153
https://www.farglory-realty.com.tw/life-proposal/expert_macromicro_20230522/,160,-0.13043478260869565,0,-1,0,-1,10.50625,0.044945945945945864
https://www.farglory-realty.com.tw/life-proposal-category/expert_point/realestate_li/,159,-0.8720836685438456,1,-0.8333333333333334,0.006289308176100629,0.30293501048218047,8.49685534591195,0.1385932724200683
https://www.farglory-realty.com.tw/buildings/dgm1?utm_source=fb&utm_medium=dgm1&utm_campaign=fb5-7,153,-0.1206896551724138,0,-1,0,-1,8.745098039215687,0.13555750658472354
https://www.farglory-realty.com.tw/life-proposal/expert_zhu_video_trust/,153,0.6451612903225806,2,0,0.013071895424836602,-0.3921568627450981,8.281045751633986,-0.23824208219390636
https://www.farglory-realty.com.tw/life-proposal/light/,152,0.2459016393442623,6,1,0.039473684210526314,0.6052631578947368,6.657894736842105,-0.1180638893651066
https://www.farglory-realty.com.tw/life-proposal/expert_law_y-rlee_builder2_20250425/,151,0.46601941747572817,1,-0.5,0.006622516556291391,-0.6589403973509934,8.589403973509935,0.17647421445681283
https://www.farglory-realty.com.tw/life-proposal/expert_20230721_macromicro_korea/,149,-0.04487179487179487,1,-0.5,0.006711409395973154,-0.47651006711409394,13.268456375838927,0.0647526721352225
https://www.farglory-realty.com.tw/life-proposal/expert_macromicro_housing_market_20240222/,149,0.24166666666666667,1,,0.006711409395973154,,8.429530201342281,0.07382550335570466
https://www.farglory-realty.com.tw/about/related_business/,148,0.2542372881355932,3,2,0.02027027027027027,1.391891891891892,12.93918918918919,-0.27843841005466713
https://www.farglory-realty.com.tw/activity-report/fg_land_news2/,147,0,5,0,0.034013605442176874,0,7.809523809523809,0.11132623426911904
https://www.farglory-realty.com.tw/activity-report/ucity_jul_drama/,146,1.6545454545454545,4,1,0.0273972602739726,-0.24657534246575344,8.321917808219178,-0.32887759611135664
https://www.farglory-realty.com.tw/life-proposal/expert_zhu_file-taxes_20250409/,146,-0.18888888888888888,2,1,0.0136986301369863,1.4657534246575339,11.287671232876713,0.4308315647308509
https://www.farglory-realty.com.tw/life-proposal/macroeconomics_20221108/,146,0.226890756302521,1,-0.5,0.00684931506849315,-0.5924657534246576,9.404109589041095,0.6433025566753161
https://www.farglory-realty.com.tw/life-proposal/space_design_cooldown_20240804/,146,-0.17045454545454544,1,0,0.00684931506849315,0.20547945205479443,9.602739726027398,-0.0913536603328914
https://www.farglory-realty.com.tw/life-proposal/expert_macromicro_housing_2024trend_20231125/,145,0.2288135593220339,0,,0,,15.420689655172414,-0.11409864687909206
https://www.farglory-realty.com.tw/building-tag/%E8%B1%AA%E5%AE%85/,142,-0.7384898710865562,0,,0,,10.767605633802816,0.00030964228484667506
https://www.farglory-realty.com.tw/life-proposal/2022branding_20230119/,140,-0.15151515151515152,1,,0.007142857142857143,,19.642857142857142,0.2456077742395959
https://www.farglory-realty.com.tw/life-proposal/expert_zhu_land-deal_20250813/,140,-0.6306068601583114,7,-0.5333333333333333,0.05,0.2633333333333333,5.957142857142857,-0.037614176105224675
https://www.farglory-realty.com.tw/life-proposal/area-s-tph_banqiao_tpark_function_20250314/#elementor-toc__heading-anchor-3,138,,0,,0,,6.659420289855072,
https://www.farglory-realty.com.tw/wom-recommendation/farglory-star8-2/,138,-0.08609271523178808,5,1.5,0.036231884057971016,1.7355072463768118,13.130434782608695,0.10088598121816376
https://www.farglory-realty.com.tw/life-proposal/expert_hoshichang_property_south-prices_20250404/#elementor-toc__heading-anchor-0,137,-0.3744292237442922,0,,0,,7.591240875912408,-0.020340747304173547
https://www.farglory-realty.com.tw/life-proposal/expert_macromicro_housing_2024q3_20241106/,137,-0.09868421052631579,0,,0,,12.437956204379562,0.31380774361757696
https://www.farglory-realty.com.tw/life-proposal/hotel_property20220624/#elementor-toc__heading-anchor-0,137,,0,,0,,4.905109489051094,
https://www.farglory-realty.com.tw/life-proposal/hotel_property20220624/#elementor-toc__heading-anchor-1,137,,0,,0,,4.905109489051094,
https://www.farglory-realty.com.tw/life-proposal/expert_zhu_tax_gifttax_vedio_20240206/,136,-0.24861878453038674,4,-0.42857142857142855,0.029411764705882353,-0.2394957983193277,9.698529411764707,0.0002471928942518513
https://www.farglory-realty.com.tw/life-proposal/hotel_property20220624/#elementor-toc__heading-anchor-2,136,,0,,0,,4.911764705882353,
https://www.farglory-realty.com.tw/life-proposal/expert_zhu_property_divorce_20240420/,134,0.6144578313253012,2,1,0.014925373134328358,0.23880597014925364,25.15671641791045,-0.031087024275374877
https://www.farglory-realty.com.tw/life-proposal/area-kaohsiung-nanzi_nuk_function_20250211/#elementor-toc__heading-anchor-4,133,,0,,0,,4.87218045112782,
https://www.farglory-realty.com.tw/life-proposal/house-layout/#elementor-toc__heading-anchor-0,133,,0,,0,,5.842105263157895,
https://www.farglory-realty.com.tw/activity-report-category/activities_glance/activities_glance_list/ag_case_activities/,132,0.023255813953488372,8,0,0.06060606060606061,-0.022727272727272686,8.18939393939394,0.07143186428176283
https://www.farglory-realty.com.tw/life-proposal/area-l-newtaipei-zhonghe_20220923/#elementor-toc__heading-anchor-0,131,13.555555555555555,0,,0,,4.305343511450381,-0.006459189665296759
https://www.farglory-realty.com.tw/life-proposal/area-l-newtaipei-zhonghe_20220923/#elementor-toc__heading-anchor-2,131,13.555555555555555,0,,0,,4.305343511450381,-0.006459189665296759
https://www.farglory-realty.com.tw/life-proposal/house-layout/#elementor-toc__heading-anchor-2,131,,0,,0,,5.778625954198473,
https://www.farglory-realty.com.tw/life-proposal/area-tainan_west-central_redevelop_diamond_traffic_20250523/#elementor-toc__heading-anchor-0,130,1.7659574468085106,0,,0,,7.038461538461538,0.011644318983768547
https://www.farglory-realty.com.tw/life-proposal/area-tainan_west-central_redevelop_diamond_traffic_20250523/#elementor-toc__heading-anchor-1,130,1.653061224489796,1,,0.007692307692307693,,7.246153846153846,0.0442986425339367
https://www.farglory-realty.com.tw/life-proposal/expert_ken_topics_commerical_factory_20240920/,130,-0.07801418439716312,0,-1,0,-1,20.307692307692307,0.6696120206324288
https://www.farglory-realty.com.tw/life-proposal/real-estate-tax/,129,0.43333333333333335,5,0,0.03875968992248062,-0.3023255813953488,10.488372093023257,-0.15492078032937057
https://www.farglory-realty.com.tw/wom-recommendation/h101_riverside/,128,0.31958762886597936,4,3,0.03125,2.0312500000000004,9.5546875,0.011795510371179018
https://www.farglory-realty.com.tw/life-proposal/expert_zhu_fake-marriage-law/,127,-0.015503875968992248,2,,0.015748031496062992,,11.551181102362206,0.5097288370868536
https://www.farglory-realty.com.tw/life-proposal/expert_macromicro20220631/,125,-0.11347517730496454,1,,0.008,,9.752,0.36007121661721075
https://www.farglory-realty.com.tw/life-proposal/expert_hoshichang_property_south-prices_20250404/#elementor-toc__heading-anchor-1,124,-0.3641025641025641,1,,0.008064516129032258,,7.733870967741935,-0.02828296474891926
https://www.farglory-realty.com.tw/life-proposal/5g-aiot/,123,0.17142857142857143,1,-0.6666666666666666,0.008130081300813009,-0.7154471544715447,14.658536585365853,-0.42440301366364447
https://www.farglory-realty.com.tw/about/%E9%97%9C%E6%96%BC%E9%81%A0%E5%89%B5%E5%8A%9B-test/,122,5.777777777777778,6,,0.04918032786885246,,8.967213114754099,0.9684126349460218
https://www.farglory-realty.com.tw/buildings/,122,1,1,-0.8,0.00819672131147541,-0.9,13.647540983606557,-0.2071428571428571
https://www.farglory-realty.com.tw/life-proposal/balcony_20230414/,122,1.3461538461538463,2,1,0.01639344262295082,-0.14754098360655737,39.795081967213115,0.1307892143688972
https://www.farglory-realty.com.tw/life-proposal/universal-design-safety-20220722/,121,-0.0546875,1,,0.008264462809917356,,6.049586776859504,0.5035866163844982
https://www.farglory-realty.com.tw/life-proposal/area-l-taichung-beitun20220520/#elementor-toc__heading-anchor-0,120,-0.16666666666666666,0,,0,,8.466666666666667,-0.05268065268065267
https://www.farglory-realty.com.tw/life-proposal/expert_macromicro_mec_manufacturing_20240304/,120,0.6216216216216216,0,-1,0,-1,15.958333333333334,0.2657198999642729
https://www.farglory-realty.com.tw/life-proposal/great-southern-project/,120,-0.14285714285714285,0,-1,0,-1,17.575,-0.18337205443079993
https://www.farglory-realty.com.tw/life-proposal/expert_li_afterelection_20240118/,119,0.00847457627118644,1,-0.5,0.008403361344537815,-0.5042016806722689,10.53781512605042,0.21313383890141416
https://www.farglory-realty.com.tw/sales/O1/B5948,119,-0.30409356725146197,1,-0.75,0.008403361344537815,-0.6407563025210083,3.453781512605042,0.16718703291593334
https://www.farglory-realty.com.tw/life-proposal/area-tainan_west-central_redevelop_diamond_traffic_20250523/#elementor-toc__heading-anchor-3,118,1.5106382978723405,0,,0,,7.338983050847458,0.06460556601799544
https://www.farglory-realty.com.tw/life-proposal/area-tnn-dawan_function_20231129/#elementor-toc__heading-anchor-1,118,,0,,0,,4.76271186440678,
https://www.farglory-realty.com.tw/life-proposal/healthy-house1/,118,-0.17482517482517482,2,1,0.01694915254237288,1.4237288135593222,11.61864406779661,0.6193626722172664
https://www.farglory-realty.com.tw/buildings/dgm1/?salesId=B2088,116,0.22105263157894736,0,-1,0,-1,7.9655172413793105,0.7436040044493882
https://www.farglory-realty.com.tw/life-proposal/expert_peizhen_commercial_capitalist-development_20250402/,116,-0.07936507936507936,1,,0.008620689655172414,,13.344827586206897,0.1916713507172708
https://www.farglory-realty.com.tw/life-proposal/expert_macromicro_housing_2025view_20250205/,115,-0.5848375451263538,1,0,0.008695652173913044,1.408695652173913,10.226086956521739,0.20794289422452955
https://www.farglory-realty.com.tw/life-proposal/expert_macromicro_mec_oil_20231125/,115,0.16161616161616163,1,0,0.008695652173913044,-0.13913043478260875,12.069565217391304,0.3306090829863464
https://www.farglory-realty.com.tw/life-proposal/expert_macromicro_tariffs-to-asia_20250528/,115,0.15,2,0,0.017391304347826087,-0.13043478260869565,11.8,0.02697998259355966
https://www.farglory-realty.com.tw/life-proposal/load_type20220624/,114,0.10679611650485436,1,0,0.008771929824561403,-0.0964912280701754,16.20175438596491,-0.32052903023029894
https://www.farglory-realty.com.tw/make_appointment/,114,-0.10236220472440945,5,-0.5454545454545454,0.043859649122807015,-0.4936204146730463,5.7105263157894735,-0.1457752154237183
https://www.farglory-realty.com.tw/life-proposal/expert_hoshichang_property_south-prices_20250404/#elementor-toc__heading-anchor-2,113,-0.33136094674556216,0,,0,,7.646017699115045,0.0158624144264485
https://www.farglory-realty.com.tw/life-proposal/house_and_land_20220909/,113,1.0925925925925926,5,4,0.04424778761061947,1.3893805309734515,12.79646017699115,0.12725750335647987
https://www.farglory-realty.com.tw/life-proposal/space_design_entrance_20240314/,113,-0.1171875,1,0,0.008849557522123894,0.1327433628318584,12.141592920353983,-0.018861178153213535
https://www.farglory-realty.com.tw/activity-report/fg-esg-award/,112,0.08737864077669903,3,0.5,0.026785714285714284,0.37946428571428575,6.732142857142857,-0.1481440856440857
https://www.farglory-realty.com.tw/life-proposal/bathroom/,112,0.2727272727272727,4,0,0.03571428571428571,-0.21428571428571436,11.044642857142858,-0.0899545211342964
https://www.farglory-realty.com.tw/life-proposal/gift_tax_20220909/,112,0.8666666666666667,1,,0.008928571428571428,,13.428571428571429,-0.1280148423005566
https://www.farglory-realty.com.tw/buildings/dgm1/?salesId=B6026,110,,0,,0,,7.736363636363636,
https://www.farglory-realty.com.tw/life-proposal/area-l-taichung-beitun20220520/#elementor-toc__heading-anchor-1,108,-0.25,0,,0,,8.537037037037038,-0.04480704480704469
https://www.farglory-realty.com.tw/life-proposal/area-l-taichung-beitun20220520/#elementor-toc__heading-anchor-2,108,-0.25,0,,0,,8.537037037037038,-0.04480704480704469
https://www.farglory-realty.com.tw/life-proposal/house-layout/#elementor-toc__heading-anchor-1,108,,0,,0,,5.722222222222222,
https://www.farglory-realty.com.tw/activity-report/%E9%81%A0%E9%9B%84%E6%88%BF%E5%9C%B0%E7%94%A2-%E5%AE%98%E6%96%B9line-8%E8%90%AC%E5%A5%BD%E5%8F%8B-8%E8%90%AC%E6%84%9F%E8%AC%9D/,107,-0.9075993091537133,0,-1,0,-1,11.69158878504673,-0.5432387634329437
https://www.farglory-realty.com.tw/life-proposal-category/expert_point/commercial_liu/,107,-0.7176781002638523,2,-0.6666666666666666,0.018691588785046728,0.18068535825545154,7.308411214953271,-0.10417598626543037
https://www.farglory-realty.com.tw/life-proposal/library-taichung20220603/,107,-0.06956521739130435,1,,0.009345794392523364,,15.551401869158878,-0.08098087618023057
https://www.farglory-realty.com.tw/buildings/8hgs01/,103,-0.7685393258426966,5,-0.7916666666666666,0.04854368932038835,-0.09991909385113272,9.864077669902912,0.16371011747263944
https://www.farglory-realty.com.tw/life-proposal/area_txg_xitun_eight_function_20240407/#elementor-toc__heading-anchor-0,103,,0,,0,,5.300970873786408,
https://www.farglory-realty.com.tw/life-proposal/theme_ping_20230117/,103,0.2261904761904762,1,,0.009708737864077669,,15.155339805825243,0.2530005351272839
https://www.farglory-realty.com.tw/life-proposal/universal-design-base20220713/,103,-0.08035714285714286,1,-0.6666666666666666,0.009708737864077669,-0.6375404530744336,9.048543689320388,0.19791594941357377
https://www.farglory-realty.com.tw/landing-page/mgm-gold/,102,0.45714285714285713,4,-0.2,0.0392156862745098,-0.4509803921568627,10.470588235294118,0.3206147323794382
https://www.farglory-realty.com.tw/life-proposal/air_condition20220617/#elementor-toc__heading-anchor-1,102,101,0,,0,,5.019607843137255,-0.16339869281045752
https://www.farglory-realty.com.tw/life-proposal/area_txg_xitun_eight_function_20240407/#elementor-toc__heading-anchor-1,102,,0,,0,,5.284313725490196,
https://www.farglory-realty.com.tw/life-proposal/space_furnish_muji_20231101/,102,0.3076923076923077,1,-0.6666666666666666,0.00980392156862745,-0.7450980392156863,16.637254901960784,-0.4063559550078037
https://www.farglory-realty.com.tw/life-proposal/small_property_20221007/,101,0.041237113402061855,2,0,0.019801980198019802,-0.03960396039603958,16.099009900990097,-0.3743573876618432
https://www.farglory-realty.com.tw/life-proposal/expert_hoshichang_property_market_20250307/,100,-0.15966386554621848,1,-0.5,0.01,-0.40499999999999997,13.37,0.01533503509891511
https://www.farglory-realty.com.tw/life-proposal/pritzkerarchitectureprize2022/,100,0.19047619047619047,0,,0,,8.36,-0.14569343065693444
https://www.farglory-realty.com.tw/buildings/h807/,99,-0.029411764705882353,0,,0,,12.424242424242424,0.02199413489736072
https://www.farglory-realty.com.tw/life-proposal/ease_mildew-proof_20230612/,99,0.5,0,,0,,10.686868686868687,0.32332707942464034
https://www.farglory-realty.com.tw/life-proposal/healthy-house2water/,99,0.13793103448275862,3,0.5,0.030303030303030304,0.31818181818181823,16.58585858585859,-0.03286213339832633
https://www.farglory-realty.com.tw/life-proposal/expert_peizhen_property-2025q1_20250418/,98,-0.6171875,2,0,0.02040816326530612,1.6122448979591835,13.193877551020408,0.28573759157260165
https://www.farglory-realty.com.tw/life-proposal/land_load_qa/,98,0.8846153846153846,2,1,0.02040816326530612,0.06122448979591823,5.36734693877551,0.3165190604543705
https://www.farglory-realty.com.tw/life-proposal/area-txg-port_function_20240103/#elementor-toc__heading-anchor-4,97,,0,,0,,6,
https://www.farglory-realty.com.tw/life-proposal/expert_liu_commercial_2025trend_20250115/,97,-0.11818181818181818,0,,0,,14.618556701030927,-0.29285785527115127
https://www.farglory-realty.com.tw/life-proposal/area-s-taoyuan-green20220520/#elementor-toc__heading-anchor-0,95,,0,,0,,5.7894736842105265,
https://www.farglory-realty.com.tw/life-proposal/expert_macromicro_fomc2025_20250618/,95,-0.20833333333333334,0,,0,,15.989473684210527,0.6684668192219679
https://www.farglory-realty.com.tw/life-proposal/yongkang/#elementor-toc__heading-anchor-3,95,-0.19491525423728814,0,,0,,7.2,0.09767441860465115
https://www.farglory-realty.com.tw/life-proposal/yongkang/#elementor-toc__heading-anchor-0,94,-0.19658119658119658,0,,0,,7.223404255319149,0.1004404920212767
https://www.farglory-realty.com.tw/life-proposal/yongkang/#elementor-toc__heading-anchor-2,94,-0.2033898305084746,0,,0,,7.24468085106383,0.10448622793996368
https://www.farglory-realty.com.tw/life-proposal/expert_law_y-rlee_retention-money_20250704/#elementor-toc__heading-anchor-4,93,12.285714285714286,0,,0,,4.817204301075269,0.4050179211469535
https://www.farglory-realty.com.tw/activity-report/ucity_dec_hair/,91,0.3582089552238806,1,0,0.01098901098901099,-0.2637362637362637,10.296703296703297,0.4224311770703525
https://www.farglory-realty.com.tw/activity_report/activities_glance/,91,-0.9140698772426817,3,-0.6666666666666666,0.03296703296703297,2.8791208791208787,6.78021978021978,-0.3733962171871239
https://www.farglory-realty.com.tw/life-proposal/earthquake/#elementor-toc__heading-anchor-0,90,,0,,0,,5.733333333333333,
https://www.farglory-realty.com.tw/life-proposal/expert_hoshichang_property_q1-review_20250514/,90,0.058823529411764705,1,,0.011111111111111112,,15.944444444444445,-0.060791560791560784
https://www.farglory-realty.com.tw/farglory-realty-about/national-building/,87,,1,,0.011494252873563218,,8.25287356321839,
https://www.farglory-realty.com.tw/life-proposal/expert_macromicro_mec_currency_20240521/,87,0.17567567567567569,0,,0,,21.310344827586206,0.0669590779711633
https://www.farglory-realty.com.tw/building-tag/build-tag-park/,86,42,6,,0.06976744186046512,,11.976744186046512,-0.2954856361149111
https://www.farglory-realty.com.tw/life-proposal/expert_peizhen_2024-land-deal_20241213/,86,0.5925925925925926,1,0,0.011627906976744186,-0.37209302325581395,7.383720930232558,0.004334836857829007
https://www.farglory-realty.com.tw/life-proposal-tag/real_estate-2/%E6%88%BF%E5%83%B9%E8%B5%B0%E5%8B%A2/,85,2.0357142857142856,0,,0,,42.49411764705882,0.5372549019607843
https://www.farglory-realty.com.tw/life-proposal/expert_law_y-rlee_land-agent_20250904/,85,0.46551724137931033,1,-0.8,0.011764705882352941,-0.8635294117647059,11.670588235294117,0.06765633698274254
https://www.farglory-realty.com.tw/life-proposal/expert_li_property_20230418/,85,0.3076923076923077,1,,0.011764705882352941,,7.152941176470589,-0.2631677076535843
https://www.farglory-realty.com.tw/life-proposal/expert_macromicro_20230516/,85,0.5740740740740741,2,,0.023529411764705882,,13.24705882352941,0.48719579307814576
https://www.farglory-realty.com.tw/life-proposal/yongkang/#elementor-toc__heading-anchor-1,85,-0.2796610169491525,0,,0,,7.3882352941176475,0.1263717890256878
https://www.farglory-realty.com.tw/life-proposal/expert_housing-market_20250820/,84,-0.5254237288135594,0,-1,0,-1,8.119047619047619,0.06135260603502839
https://www.farglory-realty.com.tw/life-proposal/expert_peizhen_tech-office_20240206/,84,0.5555555555555556,1,-0.5,0.011904761904761904,-0.6785714285714286,9.845238095238095,0.14086450030656034
https://www.farglory-realty.com.tw/life_proposal/,84,-0.7171717171717171,0,-1,0,-1,7.214285714285714,-0.3577209660842754
https://www.farglory-realty.com.tw/life-proposal/area-s-taoyuan-green20220520/#elementor-toc__heading-anchor-1,83,,0,,0,,5.9156626506024095,
https://www.farglory-realty.com.tw/life-proposal/area-s-tph_banqiao_tpark_school_20250421/,83,0.12162162162162163,0,-1,0,-1,19.349397590361445,0.0913532177490449
https://www.farglory-realty.com.tw/life-proposal/area-tainan_west-central_redevelop_diamond_traffic_20250523/#elementor-toc__heading-anchor-2,81,1.1891891891891893,0,,0,,7.37037037037037,0.021362186156193688
https://www.farglory-realty.com.tw/life-proposal/expert_zhu_property_divide_gifttax_20240930/,81,1.3142857142857143,1,,0.012345679012345678,,6.987654320987654,0.027596223674655068
https://www.farglory-realty.com.tw/life-proposal/nordic_design_20221219/,81,-0.15625,1,,0.012345679012345678,,17.185185185185187,-0.3612939303996214
https://www.farglory-realty.com.tw/sales/dh2/B3662/,81,-0.5120481927710844,0,-1,0,-1,7.938271604938271,0.07924085701863476
https://www.farglory-realty.com.tw/contact_service/salary_bonus_benefits/,80,0.25,4,0.3333333333333333,0.05,0.06666666666666672,9.225,0.21481481481481476
https://www.farglory-realty.com.tw/life-proposal/area-l-kaohsiung-nanzi_20250121/#elementor-toc__heading-anchor-0,80,2.6363636363636362,0,,0,,7.625,-0.13530927835051548
https://www.farglory-realty.com.tw/life-proposal/area-l-kaohsiung-nanzi_20250121/#elementor-toc__heading-anchor-1,80,0.5384615384615384,0,,0,,7.625,-0.05595238095238092
https://www.farglory-realty.com.tw/life-proposal/area-l-kaohsiung-nanzi_20250121/#elementor-toc__heading-anchor-2,80,0.5384615384615384,0,,0,,7.625,-0.05595238095238092
https://www.farglory-realty.com.tw/life-proposal/area-l-kaohsiung-nanzi_20250121/#elementor-toc__heading-anchor-3,80,0.5384615384615384,0,,0,,7.625,-0.05595238095238092
https://www.farglory-realty.com.tw/life-proposal/expert_li_homeowners_20250410/#elementor-toc__heading-anchor-2,80,-0.6521739130434783,0,,0,,8.6125,-0.1725668337510442
https://www.farglory-realty.com.tw/life-proposal/expert_peizhen_bullbear-2025h2__20250829/,80,-0.5238095238095238,2,0,0.025,1.1000000000000003,8.8875,0.4724852071005916
https://www.farglory-realty.com.tw/life-proposal/expert_macromicro20220826/,79,-0.13186813186813187,1,0,0.012658227848101266,0.15189873417721508,12.113924050632912,-0.05131920085404912
https://www.farglory-realty.com.tw/life-proposal-tag/4%E3%80%81%E5%93%81%E7%89%8C/1%E5%93%81%E7%89%8C%E7%9B%B8%E9%97%9C/%E5%BB%BA%E5%95%86%E8%A9%95%E5%83%B9/,77,0.14925373134328357,1,,0.012987012987012988,,18.77922077922078,-0.11017836477525297
https://www.farglory-realty.com.tw/life-proposal/expert_macromicro20220909/,77,-0.04938271604938271,1,0,0.012987012987012988,0.051948051948052076,15.272727272727273,0.1604980385468191
https://www.farglory-realty.com.tw/life-proposal/expert_macromicro_20230621/,77,-0.18085106382978725,0,,0,,12.116883116883116,0.004397718683432836
https://www.farglory-realty.com.tw/life-proposal/expert_li_7th-cycle_20241101/,76,-0.2962962962962963,5,-0.2857142857142857,0.06578947368421052,0.015037593984962405,24.644736842105264,0.2186957779063043
https://www.farglory-realty.com.tw/activity-report/%E6%B1%90%E6%AD%A2%E9%81%A0%E9%9B%84%E5%BB%A3%E5%A0%B4-high%E8%B3%BC%E5%A5%BD%E5%BA%B7/,75,0.20967741935483872,0,-1,0,-1,13.453333333333333,0.03231023102310223
https://www.farglory-realty.com.tw/life-proposal/area-tainan_west-central_redevelop_diamond_traffic_20250523/#elementor-toc__heading-anchor-4,75,1.2727272727272727,0,,0,,7.026666666666666,-0.025714285714285728
https://www.farglory-realty.com.tw/life-proposal/mortgage_-statistics_20221215/,75,-0.12790697674418605,1,0,0.013333333333333334,0.14666666666666675,12.92,0.19346938775510197
https://www.farglory-realty.com.tw/life-proposal-category/expert_point/y-rlee/,74,-0.03896103896103896,2,,0.02702702702702703,,19.60810810810811,-0.12473952213082638
https://www.farglory-realty.com.tw/life-proposal-tag/8%E3%80%81%E9%81%A0%E9%9B%84%E6%88%BF%E5%9C%B0%E7%94%A2%E5%BB%BA%E6%A1%88/dh3/,74,0.37037037037037035,3,2,0.04054054054054054,1.1891891891891895,15.41891891891892,-0.1486486486486486
https://www.farglory-realty.com.tw/life-proposal/emerging-markets_20241217/,74,-0.3884297520661157,0,,0,,8.932432432432432,0.2185167128797342
https://www.farglory-realty.com.tw/life-proposal/expert_macromicro_housing_2024q2_20240830/,74,11.333333333333334,0,,0,,10.108108108108109,0.34774774774774786
https://www.farglory-realty.com.tw/sales/eh2/G1010,74,-0.25252525252525254,1,,0.013513513513513514,,6.22972972972973,-0.0052528334786399716
https://www.farglory-realty.com.tw/contact_service/elite_sharing/,73,0.7380952380952381,6,-0.25,0.0821917808219178,-0.5684931506849316,7.8493150684931505,-0.3497608818999757
https://www.farglory-realty.com.tw/life-proposal/expert_li_homeowners_20250410/#elementor-toc__heading-anchor-4,73,-0.6620370370370371,0,,0,,8.835616438356166,-0.1491336822626252
https://www.farglory-realty.com.tw/life-proposal/expert_peizhen_2023review_20240103/,73,-0.1411764705882353,0,,0,,9.794520547945206,-0.45443365230973626
https://www.farglory-realty.com.tw/life-proposal/firstbuy_20230427/,73,0.5869565217391305,1,0,0.0136986301369863,-0.36986301369863017,12.123287671232877,0.10869032381056128
https://www.farglory-realty.com.tw/wp-content/uploads/2021/08/8-3-%E9%A9%97%E5%B1%8B%E6%AA%A2%E6%9F%A5%E8%A1%A8.pdf,73,0.25862068965517243,4,-0.3333333333333333,0.0547945205479452,-0.4703196347031964,27.575342465753426,0.12552418227565004
https://www.farglory-realty.com.tw/life-proposal/ease_greenmaterial_20230609/,72,0.14285714285714285,0,,0,,10.902777777777779,0.023658718330849603
https://www.farglory-realty.com.tw/life-proposal/expert_macromicro_cut-interest-rates_20241030/,72,0.3333333333333333,0,,0,,11.416666666666666,0.08157894736842101
https://www.farglory-realty.com.tw/life_proposal/peace_mind/,72,0.02857142857142857,5,0,0.06944444444444445,-0.02777777777777768,8.125,-0.0360169491525424
https://www.farglory-realty.com.tw/activity-report/sms_20240605/,71,-0.1125,0,,0,,6.873239436619718,-0.17438565325889266
https://www.farglory-realty.com.tw/life-proposal/earthquake/#elementor-toc__heading-anchor-1,71,,0,,0,,5.661971830985915,
https://www.farglory-realty.com.tw/life-proposal/expert_macromicro_housing_03q2_20230928/,71,1.6296296296296295,0,,0,,13.225352112676056,0.43407432547089775
https://www.farglory-realty.com.tw/life-proposal/area-kaohsiung-nanzi_nuk_pet-walk_20250606/#elementor-toc__heading-anchor-0,70,,0,,0,,6.328571428571428,
https://www.farglory-realty.com.tw/life-proposal/area-kaohsiung-nanzi_nuk_pet-walk_20250606/#elementor-toc__heading-anchor-1,70,,1,,0.014285714285714285,,6.328571428571428,
https://www.farglory-realty.com.tw/life-proposal/area-kaohsiung-nanzi_nuk_pet-walk_20250606/#elementor-toc__heading-anchor-2,70,,0,,0,,6.328571428571428,
https://www.farglory-realty.com.tw/life-proposal/expert_li_homeowners_20250410/#elementor-toc__heading-anchor-5,70,-0.5,0,,0,,8.8,-0.1675675675675675
https://www.farglory-realty.com.tw/sales/eh1/B5627,70,-0.014084507042253521,3,,0.04285714285714286,,7.042857142857143,0.2954478164322724
https://www.farglory-realty.com.tw/life-proposal/area-s-tainan_west-central_diamond_20250425/#elementor-toc__heading-anchor-0,69,,0,,0,,5.115942028985507,
https://www.farglory-realty.com.tw/life-proposal/area-s-tainan_west-central_diamond_20250425/#elementor-toc__heading-anchor-1,69,,0,,0,,5.115942028985507,
https://www.farglory-realty.com.tw/life-proposal/area-s-tainan_west-central_diamond_20250425/#elementor-toc__heading-anchor-2,69,,0,,0,,5.115942028985507,
https://www.farglory-realty.com.tw/life-proposal/area_tnnyongkang_redevelop_yanxing_20230901/#elementor-toc__heading-anchor-4,69,68,0,,0,,5.144927536231884,-0.571256038647343
https://www.farglory-realty.com.tw/life-proposal/area-tainan_west-central_redevelop_diamond_traffic_20250523/#elementor-toc__heading-anchor-5,68,1.0606060606060606,0,,0,,7.455882352941177,0.03379881364310435
https://www.farglory-realty.com.tw/life-proposal/expert_macromicro_mec_2024risk_20240126/,68,0.25925925925925924,0,-1,0,-1,8.279411764705882,0.025431732325957853
https://www.farglory-realty.com.tw/sales/5VO1/G0521,68,-0.08108108108108109,3,-0.25,0.04411764705882353,-0.1838235294117647,2.9558823529411766,-0.3641415868673051
https://www.farglory-realty.com.tw/life-proposal/expert_peizhen_semiconductor_video/,67,-0.40707964601769914,0,-1,0,-1,31.776119402985074,0.09106699864397247
https://www.farglory-realty.com.tw/wom-recommendation/bh2_wang/,67,-0.1728395061728395,1,0,0.014925373134328358,0.20895522388059706,12.208955223880597,0.19291359847325495
https://www.farglory-realty.com.tw/activity-report/line-friend/,66,-0.13157894736842105,2,-0.8,0.030303030303030304,-0.7696969696969697,9.212121212121213,0.6396281314314103
https://www.farglory-realty.com.tw/activity-report/september-events/,66,0.03125,2,,0.030303030303030304,,10.909090909090908,0.019243530192435226
https://www.farglory-realty.com.tw/life-proposal/earthquake/#elementor-toc__heading-anchor-2,66,,0,,0,,6.136363636363637,
https://www.farglory-realty.com.tw/life-proposal/universal-design-home2-20220722/,66,0.03125,0,-1,0,-1,4.727272727272727,-0.15015321756894803
https://www.farglory-realty.com.tw/life-proposal-tag/8%E3%80%81%E9%81%A0%E9%9B%84%E6%88%BF%E5%9C%B0%E7%94%A2%E5%BB%BA%E6%A1%88/%E9%81%A0%E9%9B%84%E7%B4%94%E5%AF%93/,65,0.9117647058823529,0,,0,,11.4,-0.39626168224299063
https://www.farglory-realty.com.tw/life-proposal/pet20220603/,65,-0.3229166666666667,0,-1,0,-1,22.323076923076922,0.3816991519119178
https://www.farglory-realty.com.tw/sales/dgm1/G0048,64,0.10344827586206896,0,,0,,2.75,-0.039156626506024
https://www.farglory-realty.com.tw/life-proposal/area_txg_beitun_14th_function_20250829/#elementor-toc__heading-anchor-3,63,30.5,0,,0,,8.11111111111111,-0.3240740740740741
https://www.farglory-realty.com.tw/life-proposal/area_txg_xitun_eight_function_20240407/#elementor-toc__heading-anchor-2,63,,0,,0,,5.428571428571429,
https://www.farglory-realty.com.tw/life-proposal/2022propert_news_20230204/,62,-0.07462686567164178,2,,0.03225806451612903,,24.193548387096776,-0.08471612538933714
https://www.farglory-realty.com.tw/life-proposal/area_txg_xitun_eight_function_20240407/#elementor-toc__heading-anchor-3,62,,0,,0,,5.403225806451613,
https://www.farglory-realty.com.tw/life-proposal/expert_li_2022property_20220722/,62,0.24,0,-1,0,-1,10.290322580645162,0.9638020192070919
https://www.farglory-realty.com.tw/life-proposal/expert_peizhen_20221226/,62,1.5833333333333333,1,0,0.016129032258064516,-0.6129032258064516,12.580645161290322,-0.6340175953079179
https://www.farglory-realty.com.tw/life-proposal/expert_peizhen_office_trend_20231004/,62,-0.10144927536231885,1,,0.016129032258064516,,14.193548387096774,-0.350990829218239
https://www.farglory-realty.com.tw/wom-recommendation/h101b_bridge/,62,0.4090909090909091,0,,0,,10.370967741935484,0.007334615110731383
https://www.farglory-realty.com.tw/life-proposal-tag/expert/zhu/,61,1.1785714285714286,1,,0.01639344262295082,,16.9672131147541,-0.41779170684667305
https://www.farglory-realty.com.tw/life-proposal-tag/macroeconomics-2/macromicro/,61,0.32608695652173914,2,1,0.03278688524590164,0.5081967213114755,12.540983606557377,0.03756339190942328
https://www.farglory-realty.com.tw/life-proposal/decorate/,61,-0.27380952380952384,0,,0,,19.639344262295083,0.126847621607095
https://www.farglory-realty.com.tw/life-proposal/waterleaking/,61,0.03389830508474576,0,-1,0,-1,20.852459016393443,0.059685686448934544
https://www.farglory-realty.com.tw/life-proposal/daily-clean/,60,-0.34782608695652173,0,-1,0,-1,15.283333333333333,-0.021526327998144308
https://www.farglory-realty.com.tw/life-proposal/expert_li_homeowners_20250410/#elementor-toc__heading-anchor-3,60,-0.6103896103896104,0,,0,,8.583333333333332,-0.17745281062020335
https://www.farglory-realty.com.tw/life-proposal/expert_peizhen_2024q3review_20241001/,59,-0.5042016806722689,0,-1,0,-1,22.389830508474578,0.6256191766372633
https://www.farglory-realty.com.tw/life-proposal/expert_zhu_property_registration-of-inheritance_20240830/,59,-0.016666666666666666,0,,0,,9.711864406779661,0.17010414539513977
https://www.farglory-realty.com.tw/sales/5VO1/G0729,59,0.37209302325581395,2,,0.03389830508474576,,3.0508474576271185,0.11174949727089913
https://www.farglory-realty.com.tw/life-proposal/rent_high_20221126/,58,-0.1076923076923077,0,,0,,9.758620689655173,0.20134535005224669
https://www.farglory-realty.com.tw/life-proposal/space_light_20230614/,58,0.2608695652173913,1,,0.017241379310344827,,25.120689655172413,-0.36855097041643115
https://www.farglory-realty.com.tw/building-tag/build-tag-mrt/,57,5.333333333333333,3,,0.05263157894736842,,15.719298245614034,-0.2707542051003799
https://www.farglory-realty.com.tw/life-proposal/construction-base/#elementor-toc__heading-anchor-3,57,8.5,0,,0,,8.543859649122808,-0.2570556826849732
https://www.farglory-realty.com.tw/life-proposal/expert_tsmc-housing_20250703/#elementor-toc__heading-anchor-0,57,,0,,0,,7.192982456140351,
https://www.farglory-realty.com.tw/life-proposal/expert_tsmc-housing_20250703/#elementor-toc__heading-anchor-2,57,,0,,0,,7.192982456140351,
https://www.farglory-realty.com.tw/life-proposal/plant_20230105/,57,-0.17391304347826086,1,0,0.017543859649122806,0.2105263157894736,10.157894736842104,-0.008635450011166633
https://www.farglory-realty.com.tw/sales/eh5/G0829,57,-0.32142857142857145,1,,0.017543859649122806,,2.280701754385965,-0.2487100103199174
https://www.farglory-realty.com.tw/about/branded_advantages/,56,0.14285714285714285,6,0.5,0.10714285714285714,0.31250000000000006,6.285714285714286,-0.07507507507507512
https://www.farglory-realty.com.tw/life-proposal/area-s-taoyuan-green20220520/#elementor-toc__heading-anchor-2,56,,0,,0,,5.857142857142857,
https://www.farglory-realty.com.tw/life-proposal/house4-voice/,56,0.8666666666666667,2,0,0.03571428571428571,-0.4642857142857143,23.160714285714285,0.35972882303606357
https://www.farglory-realty.com.tw/life-proposal/expert_li_homeowners_20250410/#elementor-toc__heading-anchor-1,55,-0.8248407643312102,0,,0,,10.036363636363637,-0.021906212967665345
https://www.farglory-realty.com.tw/buildings/fm3/?salesId=G0922,54,1.4545454545454546,4,,0.07407407407407407,,7.981481481481482,-0.2365539452495974
https://www.farglory-realty.com.tw/contact_service/working_environment/,54,0.08,2,0,0.037037037037037035,-0.07407407407407414,9.037037037037036,-0.4639954307807214
https://www.farglory-realty.com.tw/life-proposal-tag/6%E3%80%81%E7%94%A2%E5%93%81/9%E7%B5%90%E6%A7%8B/a-%E7%B5%90%E6%A7%8B%E5%B7%A5%E6%B3%95/,54,1.5714285714285714,2,1,0.037037037037037035,-0.2222222222222222,27.27777777777778,0.2901651651651652
https://www.farglory-realty.com.tw/life-proposal/area-l-taichung-beitun20220520/#elementor-toc__heading-anchor-3,54,,0,,0,,8.62962962962963,
https://www.farglory-realty.com.tw/life-proposal/space_storage_20230428/,54,0.35,1,,0.018518518518518517,,18.037037037037038,-0.26001899335232664
https://www.farglory-realty.com.tw/life-proposal-tag/8%E3%80%81%E9%81%A0%E9%9B%84%E6%88%BF%E5%9C%B0%E7%94%A2%E5%BB%BA%E6%A1%88/bh5/,53,0.4722222222222222,0,,0,,18.867924528301888,-0.09914418697762863
https://www.farglory-realty.com.tw/life-proposal/land_rights_20230111/,53,1.12,0,,0,,22.58490566037736,0.2803234501347709
https://www.farglory-realty.com.tw/life-proposal-category/expert_point/land_zhu/,52,-0.7094972067039106,1,-0.8888888888888888,0.019230769230769232,-0.6175213675213675,5.480769230769231,-0.1593335969942654
https://www.farglory-realty.com.tw/life-proposal/expert_li_homeowners_20250410/#elementor-toc__heading-anchor-0,52,,0,,0,,7.9423076923076925,
https://www.farglory-realty.com.tw/life-proposal/expert_peizhen_commercial_ai-tec_20241003/,50,2.125,0,,0,,16.34,-0.5158518518518519
https://www.farglory-realty.com.tw/feb2025/,49,23.5,0,,0,,7.959183673469388,0.4471243042671615
https://www.farglory-realty.com.tw/life-proposal-tag/expert/%E4%BD%95%E4%B8%96%E6%98%8C/,49,0.6333333333333333,1,,0.02040816326530612,,12.408163265306122,-0.3690764441369769
https://www.farglory-realty.com.tw/life-proposal/cleaning_20221223/,49,-0.125,0,-1,0,-1,11.142857142857142,0.052276559865092775
https://www.farglory-realty.com.tw/life_proposal/experts_point/%E7%8D%A8%E5%AE%B6%E5%B0%88%E6%AC%84/%E6%9D%8E%E5%90%8C%E6%A6%AE/,49,1.8823529411764706,0,-1,0,-1,7.346938775510204,-0.7546209053365944
https://www.farglory-realty.com.tw/privacy/,49,0,1,0,0.02040816326530612,0,6.73469387755102,0.3636363636363637
https://www.farglory-realty.com.tw/about/brand_performance_backup/,48,0.37142857142857144,0,,0,,9.854166666666666,0.05472731906218132
https://www.farglory-realty.com.tw/life-proposal/area-l-newtaipei-zhonghe_20220923/#elementor-toc__heading-anchor-1,48,-0.22580645161290322,0,,0,,10.333333333333334,0.04343105320304032
https://www.farglory-realty.com.tw/life-proposal/area-l-newtaipei-zhonghe_20220923/#elementor-toc__heading-anchor-3,48,-0.22580645161290322,0,,0,,10.333333333333334,0.04343105320304032
https://www.farglory-realty.com.tw/life-proposal/expert_zhu_taiwan-land-scam/#elementor-toc__heading-anchor-2,48,0.23076923076923078,0,,0,,8.354166666666668,-0.10736301369863006
https://www.farglory-realty.com.tw/sales/eh2/B5986,48,0.7142857142857143,15,1.1428571428571428,0.3125,0.25,6.125,-0.342911877394636
https://www.farglory-realty.com.tw/ap2r2025/,47,14.666666666666666,0,,0,,7.297872340425532,0.15229563269876828
https://www.farglory-realty.com.tw/life-proposal-tag/5%E3%80%81%E5%8D%80%E5%9F%9F/1%E5%8D%80%E5%9F%9F%E5%9C%B0%E6%AE%B5/%E7%B8%A3%E5%B8%82/%E5%8F%B0%E4%B8%AD%E5%B8%82/seventh/,47,0.38235294117647056,0,,0,,11.574468085106384,-0.008735730746556506
https://www.farglory-realty.com.tw/life_proposal/experts_point/%E7%8D%A8%E5%AE%B6%E5%B0%88%E6%AC%84/%E5%8A%89%E5%AD%B8%E9%BE%8D/,47,0.6785714285714286,0,,0,,16.97872340425532,-0.37364393238583804
https://www.farglory-realty.com.tw/sales/bh10/G0599,47,0.09302325581395349,0,,0,,1.4042553191489362,0.02344031734583486
https://www.farglory-realty.com.tw/sep2025/,47,46,0,,0,,6.297872340425532,0.04964539007092202
https://www.farglory-realty.com.tw/wom-recommendation/h100_chen_sisters/,47,5.714285714285714,1,,0.02127659574468085,,11.148936170212766,-0.5212113301135622
https://www.farglory-realty.com.tw/life-proposal/soundproofing/,46,-0.20689655172413793,4,1,0.08695652173913043,1.5217391304347825,11.304347826086957,0.3803203661327231
https://www.farglory-realty.com.tw/sales/cqh1/B2850,46,-0.2698412698412698,0,,0,,2.5434782608695654,0.24216380182002042
https://www.farglory-realty.com.tw/about/,45,-0.4,1,,0.022222222222222223,,8.31111111111111,0.480601741884402
https://www.farglory-realty.com.tw/activity-report/mother-day/,45,0.7307692307692307,3,2,0.06666666666666667,0.7333333333333332,7.555555555555555,-0.01777777777777783
https://www.farglory-realty.com.tw/life-proposal/expert_macromicro_mec_energy_20240408/,45,0.07142857142857142,0,,0,,11.022222222222222,0.1374283374283375
https://www.farglory-realty.com.tw/life-proposal/expert_peizhen_commerical-trend_20240603/,45,0.21621621621621623,0,,0,,11.644444444444444,0.17717061323618705
https://www.farglory-realty.com.tw/life-proposal/tax_mitigation_land_20220902/,45,-0.27419354838709675,1,,0.022222222222222223,,12.4,-0.05320197044334978
https://www.farglory-realty.com.tw/life-proposal/expert_macromicro_20230320/,43,0.5357142857142857,0,,0,,18.837209302325583,0.10343485452953195
https://www.farglory-realty.com.tw/life-proposal/space_lamps_20230625/,43,0.04878048780487805,0,,0,,15.069767441860465,0.2739391033325341
https://www.farglory-realty.com.tw/wom-recommendation/ms-chan/,43,-0.2037037037037037,2,-0.5,0.046511627906976744,-0.37209302325581395,11.744186046511627,0.03794770296502108
https://www.farglory-realty.com.tw/activity-report-category/activities_glance/activities_glance_list/%E4%BD%8F%E6%88%B6%E5%B0%88%E4%BA%AB/,42,-0.125,4,-0.2,0.09523809523809523,-0.08571428571428581,11.880952380952381,0.7990085624155024
https://www.farglory-realty.com.tw/activity-report/202411experts/,42,1.3333333333333333,0,,0,,11.738095238095237,-0.23447204968944108
https://www.farglory-realty.com.tw/activity-report/bh10event2025q2/,42,0,0,,0,,13.238095238095237,0.0451127819548872
https://www.farglory-realty.com.tw/contact_service/career_development/,42,0.10526315789473684,3,0,0.07142857142857142,-0.09523809523809523,7.690476190476191,-0.14047619047619048
https://www.farglory-realty.com.tw/life-proposal/culture/,42,0.024390243902439025,0,,0,,7.785714285714286,-0.04139854139854132
https://www.farglory-realty.com.tw/life-proposal/expert_zhu_statute-of-distribution_20241225/,42,0.5555555555555556,0,,0,,7.714285714285714,-0.12851165570830836
https://www.farglory-realty.com.tw/activity-report/dh5_20230711/,41,0.41379310344827586,0,-1,0,-1,20.609756097560975,-0.045234941167302985
https://www.farglory-realty.com.tw/wom-recommendation/liu_couple/,40,-0.024390243902439025,0,,0,,12.275,0.11590909090909095
https://www.farglory-realty.com.tw/december2023/,38,37,0,,0,,3.9210526315789473,2.9210526315789473
https://www.farglory-realty.com.tw/jan2026/,38,,0,,0,,10.157894736842104,
https://www.farglory-realty.com.tw/life-proposal/expert_li_election_20231019/,38,0,0,,0,,14.710526315789474,0.19189765458422173
https://www.farglory-realty.com.tw/life-proposal/expert_liu_commercial-2025q3/#elementor-toc__heading-anchor-0,38,,0,,0,,3.8157894736842106,
https://www.farglory-realty.com.tw/life-proposal/expert_liu_commercial-2025q3/#elementor-toc__heading-anchor-2,38,,0,,0,,3.8157894736842106,
https://www.farglory-realty.com.tw/life-proposal/expert_zhu_property_inheritance-1_vedio_20241128/,38,0.22580645161290322,0,,0,,9.657894736842104,0.12554412346656088
https://www.farglory-realty.com.tw/wom-recommendation/mr-que/,38,0,7,0.75,0.18421052631578946,0.75,3.236842105263158,-0.49382716049382713
https://www.farglory-realty.com.tw/activity-report/ucity_sep_drama_20230923/,37,-0.075,0,,0,,16.243243243243242,0.06338744636616966
https://www.farglory-realty.com.tw/buildings/fm3/?salesId=G0206,37,-0.3508771929824561,1,0,0.02702702702702703,0.5405405405405407,7.54054054054054,-0.0406008687258687
https://www.farglory-realty.com.tw/buildings/page/2/,37,3.625,2,,0.05405405405405406,,12.108108108108109,0.5623365300784656
https://www.farglory-realty.com.tw/life-proposal-tag/macroeconomics-2/%E8%B2%A1%E5%A0%B1/,37,0.1935483870967742,0,-1,0,-1,8.243243243243242,-0.11882572227399832
https://www.farglory-realty.com.tw/life-proposal/expert_peizhen_20230331/,37,0.4230769230769231,1,,0.02702702702702703,,28.675675675675677,-0.11767151767151762
https://www.farglory-realty.com.tw/life-proposal/expert_zhu_taiwan-land-scam/#elementor-toc__heading-anchor-0,37,,0,,0,,7.621621621621622,
https://www.farglory-realty.com.tw/life-proposal/expert_zhu_taiwan-land-scam/#elementor-toc__heading-anchor-3,37,,0,,0,,7.621621621621622,
https://www.farglory-realty.com.tw/my-account/,37,0.37037037037037035,0,,0,,7.486486486486487,-0.36832770270270265
https://www.farglory-realty.com.tw/sales/HM2/B5624,37,0.32142857142857145,2,,0.05405405405405406,,1.4324324324324325,-0.1466359976998275
https://www.farglory-realty.com.tw/terms-of-service/,37,1.0555555555555556,0,,0,,11.135135135135135,0.40162540162540156
https://www.farglory-realty.com.tw/wom-recommendation/single-investment/,37,0.6086956521739131,3,2,0.08108108108108109,0.864864864864865,9.216216216216216,0.5472479779049122
https://www.farglory-realty.com.tw/life-proposal-tag/5%E3%80%81%E5%8D%80%E5%9F%9F/1%E5%8D%80%E5%9F%9F%E5%9C%B0%E6%AE%B5/%E7%B8%A3%E5%B8%82/%E6%A1%83%E5%9C%92%E5%B8%82/%E6%A1%83%E5%9C%92%E5%8D%80/%E5%B0%8F%E6%AA%9C%E6%BA%AA/,36,0.058823529411764705,2,1,0.05555555555555555,0.8888888888888888,10.277777777777779,-0.6546991655687308
https://www.farglory-realty.com.tw/life-proposal/expert_20230815_peizhen_retail/,36,0.5652173913043478,1,,0.027777777777777776,,10.305555555555555,0.026094276094276146
https://www.farglory-realty.com.tw/activity-report/bh10_20241217/,35,0.20689655172413793,0,-1,0,-1,8.37142857142857,-0.09750398300584194
https://www.farglory-realty.com.tw/activity-report/bh1_art/,35,-0.2222222222222222,0,-1,0,-1,9.142857142857142,0.4138438880706921
https://www.farglory-realty.com.tw/activity-report/hh2_cny_20240125/,35,0.09375,0,,0,,7.457142857142857,-0.5265306122448979
https://www.farglory-realty.com.tw/life-proposal-tag/5%E3%80%81%E5%8D%80%E5%9F%9F/1%E5%8D%80%E5%9F%9F%E5%9C%B0%E6%AE%B5/%E7%B8%A3%E5%B8%82/%E6%A1%83%E5%9C%92%E5%B8%82/,35,-0.027777777777777776,0,,0,,12.028571428571428,0.21296518607442982
https://www.farglory-realty.com.tw/life-proposal/expert_peizhen_land_20230609/,35,0.029411764705882353,2,,0.05714285714285714,,6.2,-0.25248226950354596
https://www.farglory-realty.com.tw/life-proposal/space_design_smallhouse3_20240607/,35,-0.3137254901960784,0,-1,0,-1,17.2,1.2207594936708859
https://www.farglory-realty.com.tw/wom-recommendation/%E3%80%90%E9%81%A0%E9%9B%84%E6%9D%B1%E5%BE%A1%E8%8B%91%E3%80%91%E5%B7%B2%E8%B3%BC%E8%AD%89%E8%A8%80%EF%BC%9A%E7%8E%8B%E5%B0%8F%E5%A7%90-%E8%B6%85%E5%BC%B7%E6%A0%BC%E5%B1%80%E3%80%81%E7%92%B0/,35,-0.2708333333333333,2,,0.05714285714285714,,23.542857142857144,0.3533618477331054
https://www.farglory-realty.com.tw/dec2024/,34,33,0,,0,,9.294117647058824,0.03267973856209158
https://www.farglory-realty.com.tw/life-proposal-tag/2%E3%80%81%E5%B8%82%E5%A0%B4/1%E5%B8%82%E5%A0%B4%E7%9B%B8%E9%97%9C%E5%B0%88%E6%9C%89%E8%A9%9E/%E8%B2%B7%E8%B3%A3%E7%A7%BB%E8%BD%89%E6%A3%9F%E6%95%B8/,34,1.6153846153846154,0,,0,,27.529411764705884,0.2690863579474343
https://www.farglory-realty.com.tw/life-proposal-tag/3%E3%80%81%E4%BA%A4%E6%98%93/1%E8%B3%BC%E5%B1%8B%E6%B5%81%E7%A8%8B%E7%9B%B8%E9%97%9C/%E8%A7%A3%E7%B4%84%E6%A2%9D%E6%AC%BE/,34,0.13333333333333333,1,0,0.029411764705882353,-0.11764705882352941,37.35294117647059,0.254858046242013
https://www.farglory-realty.com.tw/life-proposal/branding_20221111/,34,-0.05555555555555555,1,0,0.029411764705882353,0.05882352941176475,8.794117647058822,0.24152249134948087
https://www.farglory-realty.com.tw/life-proposal/expert_thinktank_nvidia_20250729/#elementor-toc__heading-anchor-1,34,0.7,0,,0,,6.647058823529412,0.08968177434908402
https://www.farglory-realty.com.tw/sales/fm3/G0922,34,-0.17073170731707318,6,0.2,0.17647058823529413,0.4470588235294119,1.9705882352941178,0.2824463118580766
https://www.farglory-realty.com.tw/life-proposal/expert_macromicro_20230306/,33,1.5384615384615385,0,-1,0,-1,21.96969696969697,1.0547198604752561
https://www.farglory-realty.com.tw/life-proposal/expert_macromicro_housing_policy_20240507/,33,-0.08333333333333333,0,-1,0,-1,12.363636363636363,-0.2494251111451786
https://www.farglory-realty.com.tw/life-proposal/expert_thinktank_nvidia_20250729/#elementor-toc__heading-anchor-0,33,0.65,0,,0,,6.575757575757576,0.07799304520616009
https://www.farglory-realty.com.tw/life-proposal/expert_zhu_property_presalerule_vedio_20240726/,33,-0.21428571428571427,1,0,0.030303030303030304,0.2727272727272728,9.484848484848484,-0.21736024290051795
https://www.farglory-realty.com.tw/life-proposal/space_furnish_saving_20231004/,33,0.1,0,,0,,15.212121212121213,0.5682599187753828
https://www.farglory-realty.com.tw/sales/bh10/B5578,33,-0.15384615384615385,3,0,0.09090909090909091,0.1818181818181818,7.878787878787879,-0.26665220221306135
https://www.farglory-realty.com.tw/activity_report/announcement_information/,32,-0.7647058823529411,0,,0,,7.5625,-0.36824324324324326
https://www.farglory-realty.com.tw/life-proposal/area-s-kaohsiung-newbay_20220824/#elementor-toc__heading-anchor-0,32,,0,,0,,10.5,
https://www.farglory-realty.com.tw/life-proposal/area-s-kaohsiung-newbay_20220824/#elementor-toc__heading-anchor-1,32,,0,,0,,10.5,
https://www.farglory-realty.com.tw/life-proposal/area-s-khh-central_20240502/#elementor-toc__heading-anchor-2,32,-0.39622641509433965,0,,0,,8.25,0.263728323699422
https://www.farglory-realty.com.tw/life-proposal/expert_thinktank_nvidia_20250729/#elementor-toc__heading-anchor-2,32,0.6,0,,0,,6.65625,0.091188524590164
https://www.farglory-realty.com.tw/life-proposal/industrial_style_20221125/,32,0.10344827586206896,0,-1,0,-1,9.875,-0.04222408026755848
https://www.farglory-realty.com.tw/activity-report/%E9%81%A0%E9%9B%84%E6%88%BF%E5%9C%B0%E7%94%A2%E5%AE%98%E7%B6%B2%E6%BB%BF%E6%84%8F%E5%BA%A6%E5%95%8F%E5%88%B8%E8%AA%BF%E6%9F%A5-2025%E5%B9%B4%E7%AC%AC%E4%B8%80%E5%AD%A3-%E5%BE%97%E7%8D%8E%E5%85%AC/,31,-0.3111111111111111,1,-0.5,0.03225806451612903,-0.2741935483870968,5.741935483870968,-0.51703346397347
https://www.farglory-realty.com.tw/building-type/%E8%B2%B7%E8%B3%A3%E3%80%81%E4%BB%B2%E4%BB%8B%E3%80%81%E7%A7%9F%E8%B3%83/,31,-0.7933333333333333,2,,0.06451612903225806,,7.032258064516129,1.637096774193548
https://www.farglory-realty.com.tw/life-proposal/expert_li_2023q3market_20230717/,31,0.2916666666666667,1,,0.03225806451612903,,12.387096774193548,0.02513904338153496
https://www.farglory-realty.com.tw/life-proposal/expert_peizhen_manufacturing_20240422/,31,-0.06060606060606061,0,,0,,15.03225806451613,-0.17046067536951123
https://www.farglory-realty.com.tw/wom-recommendation/farglory-star8/,31,-0.08823529411764706,2,,0.06451612903225806,,14.96774193548387,0.3498759305210918
https://www.farglory-realty.com.tw/activity-report/farglorycreative_ab6ix/,30,0.7647058823529411,0,,0,,7.333333333333333,-0.279383429672447
https://www.farglory-realty.com.tw/life-proposal-category/expert_point/hoshichang/,30,0.7647058823529411,1,,0.03333333333333333,,14.6,-0.4616052060737527
https://www.farglory-realty.com.tw/life-proposal-tag/%E4%BA%8C/%E6%88%BF%E8%B2%B8/,30,-0.03225806451612903,1,0,0.03333333333333333,0.03333333333333335,3.3333333333333335,-0.429097605893186
https://www.farglory-realty.com.tw/life-proposal/expert_li_homeowners_20250410/#elementor-toc__heading-anchor-6,30,,0,,0,,7.266666666666667,
https://www.farglory-realty.com.tw/life-proposal/space_furnish_maillard_20231227/,30,-0.4117647058823529,0,,0,,11.333333333333334,0.5250659630606861
https://www.farglory-realty.com.tw/sales/bh10/G0605,30,0.6666666666666666,0,,0,,6.9,-0.17748344370860927
https://www.farglory-realty.com.tw/life-proposal-tag/3%E3%80%81%E4%BA%A4%E6%98%93/1%E8%B3%BC%E5%B1%8B%E6%B5%81%E7%A8%8B%E7%9B%B8%E9%97%9C/%E8%B2%B7%E5%B1%8B%E6%B5%81%E7%A8%8B/,29,0.2608695652173913,1,,0.034482758620689655,,10.413793103448276,-0.5257084329122568
https://www.farglory-realty.com.tw/life-proposal/expert_peizhen_oee_2025h2/,29,-0.8304093567251462,0,-1,0,-1,7.931034482758621,-0.08857063403781981
https://www.farglory-realty.com.tw/activity-report/%E9%81%A0%E9%9B%84%E6%88%BF%E5%9C%B0%E7%94%A2-%E5%AE%98%E6%96%B9line-%E7%AB%AF%E5%8D%88%E9%99%90%E5%AE%9A%F0%9F%90%B2%E5%A4%A7%E5%B7%A8%E8%9B%8Bvip%E5%B0%88%E5%B1%AC%E8%B2%B4%E8%B3%93%E5%B8%AD/,28,0.4,1,,0.03571428571428571,,12.928571428571429,-0.2211703958691911
https://www.farglory-realty.com.tw/activity-report/ucity_dec_bedding/,28,-0.15151515151515152,0,,0,,10.892857142857142,-0.14616559212758742
https://www.farglory-realty.com.tw/life-proposal/expert_liu_20230629_commercial/,28,0.12,1,0,0.03571428571428571,-0.1071428571428572,21.857142857142858,-0.4463742943986104
https://www.farglory-realty.com.tw/life-proposal/expert_macromicro20220601/,28,1.1538461538461537,0,,0,,20.285714285714285,0.34548104956268216
https://www.farglory-realty.com.tw/life-proposal/expert_macromicro_2023q2_20230816/,28,-0.125,0,,0,,11.714285714285714,0.3883597883597883
https://www.farglory-realty.com.tw/life-proposal/gigahouse_art_20220712/,28,-0.125,0,-1,0,-1,10,0.25
https://www.farglory-realty.com.tw/life-proposal/rental_allowance20220707/,28,0.4,0,,0,,10.857142857142858,0.16119174942704365
https://www.farglory-realty.com.tw/oct2024/,28,,0,,0,,8.071428571428571,
https://www.farglory-realty.com.tw/building-category/factory-office/,27,-0.7157894736842105,1,,0.037037037037037035,,14.222222222222221,0.4132961413296142
https://www.farglory-realty.com.tw/life-proposal/area-hotspot-tnn-dawan_traffic_20240313/#elementor-toc__heading-anchor-0,27,-0.4,0,,0,,8.814814814814815,0.06630824372759869
https://www.farglory-realty.com.tw/life-proposal/area-s-khh-central_20240502/#elementor-toc__heading-anchor-1,27,-0.425531914893617,0,,0,,8.037037037037038,0.25079715477066483
https://www.farglory-realty.com.tw/life-proposal/expert_zhu_tactic-tax-count_vedio_20250725/,27,0.42105263157894735,0,-1,0,-1,9.666666666666666,-0.3416965352449224
https://www.farglory-realty.com.tw/wom-recommendation/h100_chang_family/,27,-0.03571428571428571,1,-0.5,0.037037037037037035,-0.48148148148148145,8.148148148148149,-0.10177894429862924
https://www.farglory-realty.com.tw/life-proposal-tag/4%E3%80%81%E5%93%81%E7%89%8C/1%E5%93%81%E7%89%8C%E7%9B%B8%E9%97%9C/%E4%BF%9D%E5%9B%BA/,26,0.5294117647058824,0,-1,0,-1,7.346153846153846,0.007133995037220818
https://www.farglory-realty.com.tw/life-proposal/area-hotspot-tnn-dawan_traffic_20240313/#elementor-toc__heading-anchor-2,26,-0.35,0,,0,,9,-0.0055248618784531165
https://www.farglory-realty.com.tw/life-proposal/area-s-khh-central_20240502/#elementor-toc__heading-anchor-0,26,-0.35,0,,0,,9.115384615384615,0.4298642533936651
https://www.farglory-realty.com.tw/life-proposal/expert_hoshichang_property_south-prices_20250404/#elementor-toc__heading-anchor-3,26,,0,,0,,8.461538461538462,
https://www.farglory-realty.com.tw/life-proposal/pre_mortgage_20221215/#elementor-toc__heading-anchor-1,26,,0,,0,,3.769230769230769,
https://www.farglory-realty.com.tw/sales/bh8/G0262,26,0,0,-1,0,-1,10.884615384615385,0.7151515151515153
https://www.farglory-realty.com.tw/sales/eh1/G0881,26,0.04,0,,0,,2.0384615384615383,-0.6333702268954068
https://www.farglory-realty.com.tw/life-proposal-tag/5%E3%80%81%E5%8D%80%E5%9F%9F/1%E5%8D%80%E5%9F%9F%E5%9C%B0%E6%AE%B5/%E7%B8%A3%E5%B8%82/%E5%8F%B0%E4%B8%AD%E5%B8%82/nantun/,25,0.3157894736842105,1,,0.04,,7.36,-0.07999999999999996
https://www.farglory-realty.com.tw/life-proposal-tag/5%E3%80%81%E5%8D%80%E5%9F%9F/1%E5%8D%80%E5%9F%9F%E5%9C%B0%E6%AE%B5/%E7%B8%A3%E5%B8%82/%E6%96%B0%E5%8C%97%E5%B8%82/%E6%9D%BF%E6%A9%8B%E5%8D%80/%E6%B1%9F%E7%BF%A0%E5%8C%97%E5%81%B4%E9%87%8D%E5%8A%83%E5%8D%80/,25,0.3888888888888889,0,,0,,19.44,-0.0643850267379679
https://www.farglory-realty.com.tw/life-proposal/area-s-kaohsiung-newbay_20220824/#elementor-toc__heading-anchor-2,25,,0,,0,,10.88,
https://www.farglory-realty.com.tw/life-proposal/area-s-kaohsiung-newbay_20220824/#elementor-toc__heading-anchor-3,25,,0,,0,,10.88,
https://www.farglory-realty.com.tw/life-proposal/expert_20230609_peizhen_2023q2/,25,3.1666666666666665,3,,0.12,,12.56,0.4776470588235295
https://www.farglory-realty.com.tw/life-proposal/expert_liu_commercial_2023review_20240101/,25,-0.16666666666666666,2,0,0.08,0.20000000000000004,33.12,-0.011343283582089629
https://www.farglory-realty.com.tw/activity-report/%E9%81%A0%E9%9B%84%E6%88%BF%E5%9C%B0%E7%94%A2-%E5%AE%98%E6%96%B9line-7%E6%9C%88%E5%A4%A7%E5%B7%A8%E8%9B%8B%E5%B0%88%E5%B1%AC%E8%B2%B4%E8%B3%93%E5%B8%AD/,24,-0.14285714285714285,0,-1,0,-1,11.833333333333334,-0.04238921001926781
https://www.farglory-realty.com.tw/life-proposal-tag/3%E3%80%81%E4%BA%A4%E6%98%93/1%E8%B3%BC%E5%B1%8B%E6%B5%81%E7%A8%8B%E7%9B%B8%E9%97%9C/%E9%A9%97%E5%B1%8B%E6%B5%81%E7%A8%8B/,24,-0.14285714285714285,2,,0.08333333333333333,,35.791666666666664,-0.49257383966244733
https://www.farglory-realty.com.tw/life-proposal-tag/6%E3%80%81%E7%94%A2%E5%93%81/11%E8%A8%AD%E8%A8%88%E9%A2%A8%E6%A0%BC%E9%A1%9E%E5%9E%8B/interior_design/,24,0.2,3,2,0.125,1.4999999999999998,8.166666666666668,0.3611111111111113
https://www.farglory-realty.com.tw/life-proposal/area-hotspot-tnn-dawan_traffic_20240313/#elementor-toc__heading-anchor-1,24,-0.4,0,,0,,9.041666666666666,-0.0009208103130756504
https://www.farglory-realty.com.tw/life-proposal/expert_peizhen_south_trend_20231207/,24,0.4117647058823529,0,,0,,14.458333333333334,-0.028491436100131738
https://www.farglory-realty.com.tw/life-proposal/pre_mortgage_20221215/#elementor-toc__heading-anchor-0,24,,0,,0,,3.8333333333333335,
https://www.farglory-realty.com.tw/life-proposal/retirement/,24,0.4117647058823529,1,,0.041666666666666664,,19.125,0.2504807692307692
https://www.farglory-realty.com.tw/life-proposal/youth_home_loan_20220830/,24,-0.1111111111111111,2,1,0.08333333333333333,1.25,15.375,1.0860552763819096
https://www.farglory-realty.com.tw/sales/HM2/G0531,24,,1,,0.041666666666666664,,8.583333333333332,
https://www.farglory-realty.com.tw/sales/eh1/G0595,24,0,1,0,0.041666666666666664,0,1.5833333333333335,-0.5913978494623655
https://www.farglory-realty.com.tw/building-tag/build-tag-green/,23,-0.5490196078431373,0,,0,,16.869565217391305,-0.018987655545089428
https://www.farglory-realty.com.tw/life-proposal-tag/6%E3%80%81%E7%94%A2%E5%93%81/9%E7%B5%90%E6%A7%8B/%E7%AD%8F%E5%BC%8F%E5%9F%BA%E7%A4%8E/,23,-0.17857142857142858,0,,0,,31.73913043478261,0.13209637219606762
https://www.farglory-realty.com.tw/life-proposal/farglory_land_20221223/,23,0.21052631578947367,0,,0,,12.26086956521739,0.3161385408990419
https://www.farglory-realty.com.tw/life-proposal/interest_rate/,23,0.35294117647058826,0,,0,,17.956521739130434,0.09412498052049224
https://www.farglory-realty.com.tw/sales/bh7/G0990,23,0.4375,2,-0.3333333333333333,0.08695652173913043,-0.5362318840579711,6.391304347826087,-0.053140096618357495
https://www.farglory-realty.com.tw/wom-recommendation/h100_director/,23,-0.3235294117647059,0,,0,,7.434782608695652,-0.10360777058279358
https://www.farglory-realty.com.tw/activity-report/%E3%80%90%E7%A6%8F%E8%99%8E%E7%94%9F%E9%A2%A8%E8%B6%85%E5%8F%8B%E6%85%B6%E3%80%91%E6%96%B0%E6%98%A5%E5%A5%BD%E7%A6%AEline-points%E5%BE%97%E7%8D%8E%E5%85%AC%E5%91%8A/,22,-0.21428571428571427,0,,0,,35.13636363636363,0.3276898540056433
https://www.farglory-realty.com.tw/landing-page/mgm/,22,1.75,1,,0.045454545454545456,,9.454545454545455,-0.1778656126482213
https://www.farglory-realty.com.tw/life-proposal-tag/5%E3%80%81%E5%8D%80%E5%9F%9F/1%E5%8D%80%E5%9F%9F%E5%9C%B0%E6%AE%B5/%E9%87%8D%E5%8A%83%E5%8D%80/,22,-0.9819376026272578,0,-1,0,-1,14.181818181818182,0.2675904120829637
https://www.farglory-realty.com.tw/life-proposal/expert_tsmc-housing_20250703/#elementor-toc__heading-anchor-1,22,,0,,0,,7.2272727272727275,
https://www.farglory-realty.com.tw/life-proposal/healthy-house3-poison/,22,-0.15384615384615385,0,,0,,10.045454545454545,0.20917508417508426
https://www.farglory-realty.com.tw/sales/bh7/B6129,22,3.4,1,,0.045454545454545456,,7.909090909090909,0.09848484848484847
https://www.farglory-realty.com.tw/sales/eh1/B5932,22,3.4,0,,0,,5.5,0.44736842105263164
https://www.farglory-realty.com.tw/activity-report/hh3_cny_20240202/,21,0.6153846153846154,0,,0,,9.428571428571429,-0.17181467181467183
https://www.farglory-realty.com.tw/activity-report/ucity_occean_20230822/,21,0.9090909090909091,2,,0.09523809523809523,,17.285714285714285,1.9709821428571426
https://www.farglory-realty.com.tw/life-proposal-tag/%E4%B8%80/drawing/,21,0.4,1,,0.047619047619047616,,29.38095238095238,-0.3748733535967579
https://www.farglory-realty.com.tw/life-proposal-tag/8%E3%80%81%E9%81%A0%E9%9B%84%E6%88%BF%E5%9C%B0%E7%94%A2%E5%BB%BA%E6%A1%88/%E9%81%A0%E9%9B%84%E7%B6%A0%E7%BE%8E/,21,-0.045454545454545456,1,,0.047619047619047616,,26.523809523809526,0.059026877538674284
https://www.farglory-realty.com.tw/life-proposal/expert_liu_commercial_election_20231005/,21,-0.4,0,,0,,40.476190476190474,0.34154040404040403
https://www.farglory-realty.com.tw/life-proposal/expert_zhu_property_house-transfer_20231129/,21,-0.19230769230769232,0,-1,0,-1,12.285714285714286,-0.3598625823074721
https://www.farglory-realty.com.tw/terms-of-service_and_privacy/,21,0.23529411764705882,1,,0.047619047619047616,,11.571428571428571,-0.3121878121878122
https://www.farglory-realty.com.tw/activity-report/%E3%80%8A%E5%8D%B0%E8%B1%A1%E8%8E%AB%E5%85%A7%EF%BC%8D%E5%85%89%E5%BD%B1%E9%AB%94%E9%A9%97%E5%B1%95%E3%80%8B%E5%8C%97%E9%AB%98%E7%99%BB%E5%A0%B4%EF%BC%81/,20,2.3333333333333335,1,,0.05,,7.9,-0.7161676646706586
https://www.farglory-realty.com.tw/life-proposal-tag/2%E3%80%81%E5%B8%82%E5%A0%B4/1%E5%B8%82%E5%A0%B4%E7%9B%B8%E9%97%9C%E5%B0%88%E6%9C%89%E8%A9%9E/%E5%95%86%E5%BB%A0%E8%BE%A6/,20,-0.16666666666666666,0,,0,,46.8,-0.12043852779953024
https://www.farglory-realty.com.tw/life-proposal/area-hotspot-tnn-dawan_traffic_20240313/#elementor-toc__heading-anchor-3,20,-0.3548387096774194,0,,0,,8.75,0.1349372384937238
https://www.farglory-realty.com.tw/life-proposal/metalink-ai-hub/#elementor-toc__heading-anchor-2,20,,0,,0,,8.9,
https://www.farglory-realty.com.tw/life-proposal/yongkang/#elementor-toc__heading-anchor-4,20,,0,,0,,6.3,
https://www.farglory-realty.com.tw/life_proposal/music_life/,20,0.05263157894736842,0,,0,,14.25,0.04536679536679535
https://www.farglory-realty.com.tw/activity-report/%E7%AC%AC%E4%B8%89%E5%AD%A3%E5%BE%97%E7%8D%8E%E5%85%AC%E5%91%8A/,19,-0.5476190476190477,0,,0,,12.263157894736842,0.2941020893943401
https://www.farglory-realty.com.tw/activity-report/%E9%81%A0%E9%9B%84%E6%88%BF%E5%9C%B0%E7%94%A2-7%E8%90%AC%E5%A5%BD%E5%8F%8B/,19,-0.05,2,0,0.10526315789473684,0.05263157894736831,8.789473684210527,-0.054895302773061636
https://www.farglory-realty.com.tw/life-proposal-tag/5%E3%80%81%E5%8D%80%E5%9F%9F/1%E5%8D%80%E5%9F%9F%E5%9C%B0%E6%AE%B5/%E7%B8%A3%E5%B8%82/%E9%AB%98%E9%9B%84%E5%B8%82/sanmin/%E4%B8%AD%E9%83%BD%E9%87%8D%E5%8A%83%E5%8D%80/,19,0.26666666666666666,0,,0,,58.473684210526315,0.015168128654970723
https://www.farglory-realty.com.tw/life-proposal-tag/6%E3%80%81%E7%94%A2%E5%93%81/4%E7%94%A2%E5%93%81%E8%A6%8F%E5%8A%83-%E5%BB%BA%E7%AF%89/a-%E5%BB%BA%E7%AF%89%E8%A6%8F%E5%8A%83/%E5%85%A8%E9%BD%A1%E5%AE%85/%E9%A4%8A%E7%94%9F%E6%9D%91/,19,0.7272727272727273,2,,0.10526315789473684,,5.894736842105263,-0.11175198269646729
https://www.farglory-realty.com.tw/life-proposal/area-l-taichung-beitun20220520/#elementor-toc__heading-anchor-4,19,,0,,0,,8.842105263157894,
https://www.farglory-realty.com.tw/life-proposal/expert_macromicro_20221220/,19,0.46153846153846156,0,,0,,19.42105263157895,1.550239234449761
https://www.farglory-realty.com.tw/life-proposal/expert_macromicro_20230421/,19,3.75,0,,0,,21.57894736842105,0.39219015280135816
https://www.farglory-realty.com.tw/life-proposal/metalink-ai-hub/#elementor-toc__heading-anchor-1,19,,0,,0,,8.894736842105264,
https://www.farglory-realty.com.tw/sales/ah2/G0627,19,-0.24,3,0,0.15789473684210525,0.3157894736842105,1.3157894736842106,-0.3674089068825911
https://www.farglory-realty.com.tw/sales/bh11/G0335,19,0.9,2,,0.10526315789473684,,1.9473684210526314,-0.8568111455108359
https://www.farglory-realty.com.tw/sales/dh2/G0600,19,-0.5681818181818182,0,,0,,2.473684210526316,0.02681231380337639
https://www.farglory-realty.com.tw/life-proposal-tag/2%E3%80%81%E5%B8%82%E5%A0%B4/1%E5%B8%82%E5%A0%B4%E7%9B%B8%E9%97%9C%E5%B0%88%E6%9C%89%E8%A9%9E/%E6%88%BF%E5%B8%82%E5%8F%8D%E8%BD%89/,18,0.6363636363636364,0,,0,,38.111111111111114,-0.12112741672490099
https://www.farglory-realty.com.tw/life-proposal-tag/2%E3%80%81%E5%B8%82%E5%A0%B4/commercial_real_estate/,18,0.38461538461538464,2,0,0.1111111111111111,-0.27777777777777785,41.27777777777778,-0.11009765984890366
https://www.farglory-realty.com.tw/life-proposal-tag/8%E3%80%81%E9%81%A0%E9%9B%84%E6%88%BF%E5%9C%B0%E7%94%A2%E5%BB%BA%E6%A1%88/%E9%81%A0%E9%9B%84%E6%98%9F%E5%91%88/,18,-0.14285714285714285,0,,0,,31.666666666666668,0.07954545454545463
https://www.farglory-realty.com.tw/life-proposal/pre_mortgage_20221215/#elementor-toc__heading-anchor-3,18,,0,,0,,3.611111111111111,
https://www.farglory-realty.com.tw/sales/bh7/B6099,18,-0.25,1,-0.75,0.05555555555555555,-0.6666666666666666,10.222222222222221,0.5626326963906579
https://www.farglory-realty.com.tw/sales/eh1/G0259,18,-0.47058823529411764,0,-1,0,-1,5.222222222222222,0.056878306878306854
https://www.farglory-realty.com.tw/building-tag/build-tag-river/,17,0.3076923076923077,0,,0,,15.588235294117647,-0.24945533769063186
https://www.farglory-realty.com.tw/buildings/fm3?utm_source=web-udn&utm_medium=fm3&utm_campaign=20260116,17,,1,,0.058823529411764705,,6.529411764705882,
https://www.farglory-realty.com.tw/life-proposal-tag/6%E3%80%81%E7%94%A2%E5%93%81/2%E5%BB%BA%E7%AF%89%E8%A8%88%E7%AE%97/%E5%85%AC%E8%A8%AD%E6%AF%94/,17,0,0,-1,0,-1,36.8235294117647,1.219858156028369
https://www.farglory-realty.com.tw/life-proposal/area-l-taichung-xitun20220520/#elementor-toc__heading-anchor-2,17,,0,,0,,9.470588235294118,
https://www.farglory-realty.com.tw/life-proposal/expert_law_y-rlee_co-buying/#elementor-toc__heading-anchor-2,17,0.21428571428571427,0,,0,,4.294117647058823,0.4313725490196078
https://www.farglory-realty.com.tw/life-proposal/expert_li_challenge_20240411/,17,0.4166666666666667,0,,0,,7.470588235294118,-0.32085561497326204
https://www.farglory-realty.com.tw/life-proposal/expert_macromicro_20221125/,17,-0.2608695652173913,0,,0,,25.176470588235293,0.4659717051377512
https://www.farglory-realty.com.tw/life-proposal/expert_peizhen_2024q1review_20240418/,17,0.0625,0,,0,,9.882352941176471,-0.33841988678316515
https://www.farglory-realty.com.tw/sales/dgm1/G0742,17,0,0,,0,,5.235294117647059,0.9777777777777779
https://www.farglory-realty.com.tw/wom-recommendation/h713_lin/,17,0.0625,0,,0,,20.529411764705884,1.783649052841476
https://www.farglory-realty.com.tw/activity-report/ucitytilf_20230807/,16,1.6666666666666667,0,,0,,10.4375,-0.354381443298969
https://www.farglory-realty.com.tw/life-proposal-tag/3%E3%80%81%E4%BA%A4%E6%98%93/1%E8%B3%BC%E5%B1%8B%E6%B5%81%E7%A8%8B%E7%9B%B8%E9%97%9C/buy_property_tips/,16,0,0,,0,,27.4375,-0.142578125
https://www.farglory-realty.com.tw/life-proposal-tag/5%E3%80%81%E5%8D%80%E5%9F%9F/1%E5%8D%80%E5%9F%9F%E5%9C%B0%E6%AE%B5/%E7%B8%A3%E5%B8%82/%E5%8F%B0%E4%B8%AD%E5%B8%82/xitun/%E6%B0%B4%E6%B9%B3%E7%B6%93%E8%B2%BF%E5%9C%92%E5%8D%80/,16,7,1,,0.0625,,27.875,3.6458333333333335
https://www.farglory-realty.com.tw/life-proposal/area-l-taichung-xitun20220520/#elementor-toc__heading-anchor-0,16,,0,,0,,9.375,
https://www.farglory-realty.com.tw/life-proposal/expert_law_y-rlee_co-buying/#elementor-toc__heading-anchor-0,16,0.14285714285714285,0,,0,,4,0.3333333333333333
https://www.farglory-realty.com.tw/life-proposal/expert_li_housing_market_20230117/,16,4.333333333333333,0,,0,,12.5,0.3392857142857142
https://www.farglory-realty.com.tw/life-proposal/expert_macromicro_global-bond-yields/#elementor-toc__heading-anchor-1,16,,0,,0,,7.75,
https://www.farglory-realty.com.tw/life-proposal/expert_macromicro_mec_china_20240621/,16,0.6,0,,0,,13.6875,0.30357142857142855
https://www.farglory-realty.com.tw/life-proposal/expert_macromicro_mec_oil_20231018/,16,-0.36,0,,0,,11.4375,0.17187500000000003
https://www.farglory-realty.com.tw/life-proposal/expert_macromicro_mec_q2tec_20240903/,16,0.6,0,,0,,13.125,0.16150442477876098
https://www.farglory-realty.com.tw/life-proposal/liu_industrial_property20220629/,16,-0.4074074074074074,1,,0.0625,,30.3125,-0.25866168478260865
https://www.farglory-realty.com.tw/life-proposal/pre_mortgage_20221215/#elementor-toc__heading-anchor-2,16,,0,,0,,3.6875,
https://www.farglory-realty.com.tw/life-proposal/pre_mortgage_20221215/#elementor-toc__heading-anchor-4,16,,0,,0,,3.6875,
https://www.farglory-realty.com.tw/life-proposal/tax_relief/,16,0.3333333333333333,0,,0,,23.6875,-0.4512548262548262
https://www.farglory-realty.com.tw/activity-report/ucity_sep_coffee/,15,1.1428571428571428,1,,0.06666666666666667,,7.066666666666666,-0.06666666666666667
https://www.farglory-realty.com.tw/life-proposal-tag/2%E3%80%81%E5%B8%82%E5%A0%B4/1%E5%B8%82%E5%A0%B4%E7%9B%B8%E9%97%9C%E5%B0%88%E6%9C%89%E8%A9%9E/%E5%8D%80%E5%9F%9F%E6%88%90%E4%BA%A4%E9%87%8F/,15,-0.0625,0,,0,,20.8,-0.3290322580645161
https://www.farglory-realty.com.tw/life-proposal-tag/6%E3%80%81%E7%94%A2%E5%93%81/8%E5%BB%BA%E6%9D%90%E8%A6%8F%E5%8A%83/,15,0.6666666666666666,0,-1,0,-1,6.066666666666666,-0.3500000000000001
https://www.farglory-realty.com.tw/sales/ar1/B1716,15,-0.11764705882352941,3,-0.25,0.2,-0.14999999999999994,12.2,0.031840796019900384
https://www.farglory-realty.com.tw/building-tag/%E9%9D%9C%E5%B7%B7%E5%AE%85/,14,,0,,0,,14.428571428571429,
https://www.farglory-realty.com.tw/farglory-realty_edm/,14,-0.48148148148148145,1,-0.6666666666666666,0.07142857142857142,-0.35714285714285715,9.857142857142858,0.3509789702683104
https://www.farglory-realty.com.tw/life-proposal-tag/2%E3%80%81%E5%B8%82%E5%A0%B4/trend_real_estate/,14,-0.391304347826087,0,-1,0,-1,45.857142857142854,0.9900269541778973
https://www.farglory-realty.com.tw/life-proposal-tag/6%E3%80%81%E7%94%A2%E5%93%81/4%E7%94%A2%E5%93%81%E8%A6%8F%E5%8A%83-%E5%BB%BA%E7%AF%89/a-%E5%BB%BA%E7%AF%89%E8%A6%8F%E5%8A%83/%E9%98%B2%E7%96%AB%E5%BB%BA%E7%AF%89/,14,-0.17647058823529413,0,,0,,17.285714285714285,-0.17687074829931979
https://www.farglory-realty.com.tw/life-proposal-tag/real_estate-2/housing_supply/,14,-0.2222222222222222,0,,0,,48.714285714285715,0.5092205556921564
https://www.farglory-realty.com.tw/life-proposal/expert_liu_20221226/,14,-0.5333333333333333,1,0,0.07142857142857142,1.1428571428571428,52.07142857142857,0.38980681240467707
https://www.farglory-realty.com.tw/life-proposal/expert_macromicro_global-bond-yields/#elementor-toc__heading-anchor-0,14,,0,,0,,7.428571428571429,
https://www.farglory-realty.com.tw/life-proposal/expert_macromicro_mac_rmb_20230928/,14,1,1,,0.07142857142857142,,12.714285714285714,0.8163265306122448
https://www.farglory-realty.com.tw/life-proposal/expert_zhu_propertytax_20230814/,14,0.07692307692307693,0,,0,,13.428571428571429,0.34285714285714286
https://www.farglory-realty.com.tw/life-proposal/firstbuy-2021hotpod/,14,-0.06666666666666667,0,,0,,12.642857142857142,0.42588614393125657
https://www.farglory-realty.com.tw/about/%E5%93%81%E7%89%8C%E5%AF%A6%E7%B8%BE_%E5%82%99%E4%BB%BD/,13,0.4444444444444444,0,-1,0,-1,9.307692307692308,-0.44153846153846144
https://www.farglory-realty.com.tw/activity-report/ucity_toy_20231120/,13,1.6,0,,0,,25.692307692307693,2.5683760683760686
https://www.farglory-realty.com.tw/landing-page/%E9%81%A0%E9%9B%84%E6%88%BF%E5%9C%B0%E7%94%A2-%E8%AA%A0%E6%91%AF%E9%82%80%E8%AB%8B%E6%82%A8%E8%92%9E%E8%87%A8-invitation-for-you/,13,0,0,,0,,8.923076923076923,-0.19999999999999993
https://www.farglory-realty.com.tw/life-proposal-tag/commercial/retail/,13,-0.4090909090909091,0,,0,,49.76923076923077,-0.17921808326605929
https://www.farglory-realty.com.tw/life-proposal/expert_law_y-rlee_co-buying/#elementor-toc__heading-anchor-1,13,0.4444444444444444,0,,0,,3.8461538461538463,0.15384615384615383
https://www.farglory-realty.com.tw/life-proposal/expert_macromicro_global-bond-yields/#elementor-toc__heading-anchor-2,13,,0,,0,,8.153846153846153,
https://www.farglory-realty.com.tw/november/,13,12,0,,0,,6.846153846153846,0.14102564102564097
https://www.farglory-realty.com.tw/sales/ah2/B5805/,13,-0.1875,0,,0,,5.846153846153846,0.5589743589743589
https://www.farglory-realty.com.tw/activity-report/2023dragonboatfestival/,12,0.5,0,,0,,14.666666666666666,-0.28455284552845533
https://www.farglory-realty.com.tw/activity-report/bh6_20231024/,12,1,0,,0,,11.083333333333334,-0.13636363636363635
https://www.farglory-realty.com.tw/author/ad_g0208/,12,-0.25,1,,0.08333333333333333,,7.166666666666667,-0.0601092896174863
https://www.farglory-realty.com.tw/landing-page/0320live/,12,-0.6363636363636364,0,-1,0,-1,13,0.5376344086021507
https://www.farglory-realty.com.tw/life-proposal-tag/2%E3%80%81%E5%B8%82%E5%A0%B4/2%E7%A8%85%E5%8B%99%E6%94%BF%E7%AD%96%E7%9B%B8%E9%97%9C/gift_tax/%E4%BA%8C%E8%A6%AA%E7%AD%89/,12,0,0,,0,,54.916666666666664,-0.03654970760233922
https://www.farglory-realty.com.tw/life-proposal-tag/5%E3%80%81%E5%8D%80%E5%9F%9F/1%E5%8D%80%E5%9F%9F%E5%9C%B0%E6%AE%B5/%E7%B8%A3%E5%B8%82/%E6%96%B0%E5%8C%97%E5%B8%82/%E6%9D%BF%E6%A9%8B%E5%8D%80/%E9%81%A0%E6%9D%B1%E9%80%9A%E8%A8%8A%E5%9C%92%E5%8D%80/,12,0,0,,0,,16.25,-0.24124513618677046
https://www.farglory-realty.com.tw/life-proposal-tag/6%E3%80%81%E7%94%A2%E5%93%81/1%E5%BB%BA%E7%AF%89%E5%B0%88%E6%9C%89%E5%90%8D%E8%A9%9E/%E5%81%9C%E8%BB%8A%E4%BD%8D/%E5%81%9C%E8%BB%8A%E7%A9%BA%E9%96%93%E6%94%B9%E9%9D%A9/,12,-0.5384615384615384,0,,0,,37.666666666666664,-0.1651037226484797
https://www.farglory-realty.com.tw/life-proposal-tag/6%E3%80%81%E7%94%A2%E5%93%81/2%E5%BB%BA%E7%AF%89%E8%A8%88%E7%AE%97/%E7%B6%A0%E8%A6%86%E7%8E%87/,12,0.3333333333333333,0,,0,,33.833333333333336,0.06468531468531473
https://www.farglory-realty.com.tw/life-proposal-tag/expert/expert_view/,12,1,0,,0,,39.166666666666664,-0.05622489959839363
https://www.farglory-realty.com.tw/life-proposal-tag/real_estate-2/mode/,12,-0.4,0,,0,,59.916666666666664,0.34947447447447444
https://www.farglory-realty.com.tw/life-proposal/area-l-taichung-xitun20220520/#elementor-toc__heading-anchor-1,12,,0,,0,,10.333333333333334,
https://www.farglory-realty.com.tw/life-proposal/buying_focus_20221230/,12,0.2,0,,0,,17.583333333333332,-0.25494350282485884
https://www.farglory-realty.com.tw/life-proposal/expert_20230724_macromicro_asiapacific/,12,-0.3333333333333333,0,,0,,8.666666666666668,-0.02499999999999991
https://www.farglory-realty.com.tw/life-proposal/interview-s-taoyuan-green20221111/#elementor-toc__heading-anchor-0,12,,0,,0,,2.833333333333333,
https://www.farglory-realty.com.tw/life-proposal/interview-s-taoyuan-green20221111/#elementor-toc__heading-anchor-2,12,,0,,0,,2.833333333333333,
https://www.farglory-realty.com.tw/life-proposal/space_furnish_newhouse_20231020/,12,0.3333333333333333,1,,0.08333333333333333,,12.416666666666666,0.2698863636363635
https://www.farglory-realty.com.tw/sales/ar1/B3622,12,3,3,2,0.25,-0.24999999999999994,6.416666666666667,-0.7563291139240506
https://www.farglory-realty.com.tw/sales/ar1/B5758,12,0.5,0,,0,,5.416666666666667,-0.3333333333333333
https://www.farglory-realty.com.tw/activity-report/%E9%81%A0%E9%9B%84%E8%97%9D%E8%88%8D-%E9%99%90%E6%99%82%E6%84%9F%E8%AC%9D%E7%A5%AD%E8%B3%9E%E5%B1%8B%E6%8A%BD%E6%A9%9F%E7%A5%A8%E8%B3%BC%E5%B1%8B%E9%80%81%E5%AE%B6%E9%9B%BB/,11,0.1,0,,0,,12.272727272727273,0.0579937304075236
https://www.farglory-realty.com.tw/activity-report/line-friends-aug/,11,0.375,0,,0,,11.909090909090908,0.3051058530510584
https://www.farglory-realty.com.tw/activity-report/ucity_coffee_nov/,11,1.75,0,,0,,9.545454545454545,1.5454545454545454
https://www.farglory-realty.com.tw/activity_report/,11,-0.9950805008944544,0,,0,,4.727272727272727,-0.5717279762496732
https://www.farglory-realty.com.tw/life-proposal-tag/5%E3%80%81%E5%8D%80%E5%9F%9F/1%E5%8D%80%E5%9F%9F%E5%9C%B0%E6%AE%B5/%E7%B8%A3%E5%B8%82/%E6%A1%83%E5%9C%92%E5%B8%82/%E6%A1%83%E5%9C%92%E5%8D%80/%E9%9D%92%E6%BA%AA%E7%89%B9%E5%8D%80/,11,-0.08333333333333333,0,,0,,51.90909090909091,0.2635072837912593
https://www.farglory-realty.com.tw/life-proposal-tag/5%E3%80%81%E5%8D%80%E5%9F%9F/1%E5%8D%80%E5%9F%9F%E5%9C%B0%E6%AE%B5/%E7%B8%A3%E5%B8%82/%E9%AB%98%E9%9B%84%E5%B8%82/%E6%A5%A0%E6%A2%93%E5%8D%80/%E9%AB%98%E5%A4%A7%E7%89%B9%E5%8D%80/,11,-0.5416666666666666,0,-1,0,-1,43.18181818181818,-0.11421911421911426
https://www.farglory-realty.com.tw/life-proposal-tag/6%E3%80%81%E7%94%A2%E5%93%81/4%E7%94%A2%E5%93%81%E8%A6%8F%E5%8A%83-%E5%BB%BA%E7%AF%89/a-%E5%BB%BA%E7%AF%89%E8%A6%8F%E5%8A%83/%E7%B6%A0%E5%BB%BA%E7%AF%89/,11,1.2,0,,0,,9.181818181818182,-0.04356060606060604
https://www.farglory-realty.com.tw/life-proposal-tag/macroeconomics-2/%E9%80%9A%E7%B8%AE%E8%9E%BA%E6%97%8B/,11,-0.26666666666666666,0,,0,,38.27272727272727,0.005413150772169966
https://www.farglory-realty.com.tw/life-proposal-tag/office/%E4%BE%9B%E9%9C%80%E8%AE%8A%E5%8C%96/,11,-0.15384615384615385,0,,0,,42.63636363636363,-0.08686535869402436
https://www.farglory-realty.com.tw/life-proposal/area-tainan_west-central_redevelop_diamond_park_20250509/#elementor-toc__heading-anchor-0,11,-0.65625,0,,0,,7.909090909090909,-0.1332503113325031
https://www.farglory-realty.com.tw/life-proposal/area-tainan_west-central_redevelop_diamond_park_20250509/#elementor-toc__heading-anchor-1,11,-0.3888888888888889,0,,0,,7.909090909090909,-0.09322524609148804
https://www.farglory-realty.com.tw/life-proposal/expert-li-2022market-20221024/,11,0.375,0,,0,,12.909090909090908,-0.21763085399449042
https://www.farglory-realty.com.tw/life-proposal/expert_liu_commercial_economic_20240406/,11,-0.35294117647058826,1,,0.09090909090909091,,46.45454545454545,0.015073615330684693
https://www.farglory-realty.com.tw/life-proposal/expert_liu_commercial_property20220928/,11,-0.26666666666666666,1,,0.09090909090909091,,37,-0.4774011299435028
https://www.farglory-realty.com.tw/life-proposal/expert_macromicro_20221021/,11,0.375,1,,0.09090909090909091,,11.272727272727273,1.0972515856236789
https://www.farglory-realty.com.tw/life-proposal/expert_zhu_taiwan-land-scam/#elementor-toc__heading-anchor-1,11,-0.717948717948718,0,,0,,10.818181818181818,0.15591531755915314
https://www.farglory-realty.com.tw/life-proposal/interview-s-taoyuan-green20221111/#elementor-toc__heading-anchor-1,11,,0,,0,,2.909090909090909,
https://www.farglory-realty.com.tw/life-proposal/interview-s-taoyuan-green20221111/#elementor-toc__heading-anchor-3,11,,0,,0,,2.909090909090909,
https://www.farglory-realty.com.tw/life-proposal/space_style_holiday_20240306/,11,-0.21428571428571427,0,,0,,8.636363636363637,-0.1603535353535354
https://www.farglory-realty.com.tw/activity-report/%E9%81%A0%E9%9B%84%E6%88%BF%E5%9C%B0%E7%94%A2-%E5%AE%98%E6%96%B9line%F0%9F%A6%81%E6%96%B0%E5%B9%B4%E5%A5%BD%E9%81%8B%E7%8D%85%E4%B8%8D%E5%8F%AF%E6%93%8B%F0%9F%A6%81/,10,1.5,1,,0.1,,9.2,0.22666666666666657
https://www.farglory-realty.com.tw/activity-report/bh6_20230714/,10,0.25,0,,0,,10.1,-0.049411764705882384
https://www.farglory-realty.com.tw/activity-report/dh5_cny_20240202/,10,1,0,,0,,5.4,-0.1818181818181817
https://www.farglory-realty.com.tw/activity-report/h713_event_apr/,10,1,0,,0,,19.1,1.1704545454545454
https://www.farglory-realty.com.tw/activity-report/vision-film/,10,-0.4117647058823529,0,,0,,6.4,-0.35238095238095235
https://www.farglory-realty.com.tw/building-tag/build-tag-child/,10,1.5,0,,0,,17.5,2.3333333333333335
https://www.farglory-realty.com.tw/buildings/5vo1/?salesId=G0389,10,,0,,0,,6.1,
https://www.farglory-realty.com.tw/farglory-realty_edm/%E9%9B%BB%E5%AD%90%E4%B8%BB%E9%A1%8C%E5%A0%B1/,10,0.6666666666666666,0,,0,,10.4,-0.06865671641791037
https://www.farglory-realty.com.tw/jun2025/,10,9,0,,0,,9.7,-0.030000000000000072
https://www.farglory-realty.com.tw/life-proposal-tag/interior_design-2/micromodification/,10,-0.09090909090909091,0,,0,,14.7,-0.1398936170212766
https://www.farglory-realty.com.tw/life-proposal-tag/office/%E9%AB%98%E9%90%B5%E8%BE%A6%E5%85%AC%E5%95%86%E5%9C%88/,10,-0.3333333333333333,0,,0,,30.8,-0.019108280254777003
https://www.farglory-realty.com.tw/life-proposal-tag/real_estate-2/2026%E6%88%BF%E5%B8%82%E8%B6%A8%E5%8B%A2/,10,0,0,-1,0,-1,16.8,0.28244274809160314
https://www.farglory-realty.com.tw/life-proposal/estate_tax_20220909/,10,-0.6153846153846154,0,,0,,23.2,-0.4330827067669173
https://www.farglory-realty.com.tw/life-proposal/expert_liu_commercial_monetary_20241009/,10,-0.6153846153846154,1,,0.1,,5.5,-0.6578947368421053
https://www.farglory-realty.com.tw/life-proposal/prevention1/,10,-0.5454545454545454,2,,0.2,,15.4,0.9033707865168542
https://www.farglory-realty.com.tw/sales/5VO1/G0389,10,-0.2857142857142857,2,-0.6,0.2,-0.44,9.2,0.8666666666666665
https://www.farglory-realty.com.tw/sales/bh8/G1070,10,1,1,,0.1,,1,-0.37500000000000006
https://www.farglory-realty.com.tw/sep2024/,10,-0.375,0,,0,,8.3,-0.07132867132867125
https://www.farglory-realty.com.tw/activity-report-category/activities_glance/activities_glance_list/,9,0,0,-1,0,-1,6.555555555555555,-0.2531645569620254
https://www.farglory-realty.com.tw/activity-report/h713_2023cny/,9,0.5,0,,0,,6.888888888888889,-0.23456790123456786
https://www.farglory-realty.com.tw/activity-report/relation_show_20221118/,9,0.5,0,,0,,43,0.6024844720496895
https://www.farglory-realty.com.tw/activity-report/ucity_jul_pet/,9,0.125,0,,0,,18,-0.04
https://www.farglory-realty.com.tw/life-proposal-tag/%E4%B8%80/floor_plan/,9,0.125,2,1,0.2222222222222222,0.7777777777777777,8.555555555555555,0.06944444444444442
https://www.farglory-realty.com.tw/life-proposal-tag/5%E3%80%81%E5%8D%80%E5%9F%9F/1%E5%8D%80%E5%9F%9F%E5%9C%B0%E6%AE%B5/%E5%9F%BA%E5%9C%B0%E8%A6%8F%E5%8A%83/,9,-0.25,0,,0,,39.55555555555556,0.9374149659863945
https://www.farglory-realty.com.tw/life-proposal-tag/5%E3%80%81%E5%8D%80%E5%9F%9F/1%E5%8D%80%E5%9F%9F%E5%9C%B0%E6%AE%B5/%E7%B8%A3%E5%B8%82/%E5%8F%B0%E4%B8%AD%E5%B8%82/eleven/,9,0.2857142857142857,0,,0,,12.666666666666666,-0.0148148148148149
https://www.farglory-realty.com.tw/life-proposal-tag/expert/%E5%8A%89%E5%AD%B8%E9%BE%8D/,9,-0.25,0,,0,,51,0.009900990099009901
https://www.farglory-realty.com.tw/life-proposal-tag/law_property/property_registration/,9,-0.4375,0,,0,,40.111111111111114,-0.2528780235415858
https://www.farglory-realty.com.tw/life-proposal-tag/real_estate-2/%E6%88%BF%E5%B8%82%E5%BE%AA%E7%92%B0/,9,-0.5263157894736842,0,,0,,52.44444444444444,-0.06437141366718836
https://www.farglory-realty.com.tw/life-proposal/fg-esg-strategy-2025/#elementor-toc__heading-anchor-0,9,,0,,0,,4.111111111111111,
https://www.farglory-realty.com.tw/life-proposal/fg-esg-strategy-2025/#elementor-toc__heading-anchor-1,9,,0,,0,,4.111111111111111,
https://www.farglory-realty.com.tw/life_proposal/space_aesthetics/,9,0.125,0,,0,,15,-0.07692307692307693
https://www.farglory-realty.com.tw/wom-recommendation/chiu-couple/,9,0,0,,0,,13.777777777777779,-0.3541666666666666
https://www.farglory-realty.com.tw/activity-report/%E9%81%A0%E9%9B%84%E6%88%BF%E5%9C%B0%E7%94%A2%E3%80%8C%E8%B3%9E%E5%B1%8B%E7%86%8A%E5%8E%9D%E5%91%B3%E3%80%8D%E9%A6%96%E6%AA%94%E6%B4%BB%E5%8B%95%E5%BE%97%E7%8D%8E%E5%85%AC%E5%91%8A/,8,0.14285714285714285,0,,0,,5,0
https://www.farglory-realty.com.tw/activity-report/bh10_20241213/,8,-0.5294117647058824,0,,0,,13.75,0.32812499999999994
https://www.farglory-realty.com.tw/activity-report/h713_20221221/,8,-0.4666666666666667,0,,0,,13.625,0.8579545454545455
https://www.farglory-realty.com.tw/activity-report/ucity_sep_halloween_20230923/,8,0,0,,0,,10.5,-0.056179775280898875
https://www.farglory-realty.com.tw/activity-report/world-travel-awards/,8,-0.2,0,-1,0,-1,5.625,-0.1727941176470588
https://www.farglory-realty.com.tw/building-category-tag/featured_pre_sale/,8,-0.2,0,,0,,12.25,0.4411764705882353
https://www.farglory-realty.com.tw/building-tag/%E6%B8%A1%E5%81%87%E5%AE%85/,8,3,0,,0,,10.625,-0.2672413793103448
https://www.farglory-realty.com.tw/building-tag/build-tag-plan/,8,-0.6521739130434783,0,-1,0,-1,21,0.5284810126582278
https://www.farglory-realty.com.tw/buildings/fm3/?salesId=B3312,8,0,1,,0.125,,11.75,0
https://www.farglory-realty.com.tw/life-proposal-tag/3%E3%80%81%E4%BA%A4%E6%98%93/1%E8%B3%BC%E5%B1%8B%E6%B5%81%E7%A8%8B%E7%9B%B8%E9%97%9C/%E4%BA%A4%E5%B1%8B%E6%B5%81%E7%A8%8B/,8,-0.7714285714285715,0,,0,,92.125,0.36452602623783315
https://www.farglory-realty.com.tw/life-proposal-tag/5%E3%80%81%E5%8D%80%E5%9F%9F/1%E5%8D%80%E5%9F%9F%E5%9C%B0%E6%AE%B5/%E7%B8%A3%E5%B8%82/%E6%96%B0%E5%8C%97%E5%B8%82/,8,-0.9909604519774011,0,,0,,7.625,-0.30071243523316066
https://www.farglory-realty.com.tw/life-proposal-tag/6%E3%80%81%E7%94%A2%E5%93%81/6%E7%94%A2%E5%93%81%E8%A6%8F%E5%8A%83-%E5%85%AC%E8%A8%AD/a-%E5%85%AC%E8%A8%AD%E8%A6%8F%E5%8A%83/,8,-0.38461538461538464,0,,0,,70.375,0.05888310185185176
https://www.farglory-realty.com.tw/life-proposal-tag/8%E3%80%81%E9%81%A0%E9%9B%84%E6%88%BF%E5%9C%B0%E7%94%A2%E5%BB%BA%E6%A1%88/the-one/,8,,0,,0,,3.375,
https://www.farglory-realty.com.tw/life-proposal-tag/expert/%E5%8A%89%E4%BD%A9%E7%9C%9F/,8,1.6666666666666667,0,,0,,12.5,-0.38524590163934425
https://www.farglory-realty.com.tw/life-proposal-tag/real_estate-2/2024%E6%88%BF%E5%B8%82%E5%9B%9E%E9%A1%A7/,8,-0.5789473684210527,0,,0,,59.125,0.10242885181550547
https://www.farglory-realty.com.tw/life-proposal-tag/real_estate-2/usa/,8,0.14285714285714285,1,,0.125,,2.875,-0.8415354330708661
https://www.farglory-realty.com.tw/life-proposal/area-l-taoyuan-zhongli20220520/#elementor-toc__heading-anchor-0,8,,0,,0,,7,
https://www.farglory-realty.com.tw/life-proposal/area-l-taoyuan-zhongli20220520/#elementor-toc__heading-anchor-2,8,,0,,0,,7,
https://www.farglory-realty.com.tw/life-proposal/area-s-tainan-dawan20220520/#elementor-toc__heading-anchor-0,8,,0,,0,,9.375,
https://www.farglory-realty.com.tw/life-proposal/area-s-tainan-dawan20220520/#elementor-toc__heading-anchor-2,8,,0,,0,,9.375,
https://www.farglory-realty.com.tw/life-proposal/expert_20230920_peizhen_commerical/,8,-0.42857142857142855,1,,0.125,,14.125,0.75
https://www.farglory-realty.com.tw/life-proposal/expert_macromicro_2025econ_20250730/#elementor-toc__heading-anchor-0,8,,0,,0,,8.25,
https://www.farglory-realty.com.tw/life-proposal/expert_macromicro_mec_prosperity_20240725/,8,-0.42857142857142855,0,,0,,16.375,0.2459239130434783
https://www.farglory-realty.com.tw/life-proposal/expert_macromicro_mec_us-selection_20240927/,8,-0.2727272727272727,0,,0,,13.75,0.21000000000000005
https://www.farglory-realty.com.tw/life-proposal/expert_peizhen_realty_trend_2023q3_20231023/,8,3,0,,0,,18.875,1.0972222222222223
https://www.farglory-realty.com.tw/life-proposal/expert_peizhen_science-park-housing/#elementor-toc__heading-anchor-0,8,,0,,0,,4.625,
https://www.farglory-realty.com.tw/life-proposal/expert_peizhen_science-park-housing/#elementor-toc__heading-anchor-1,8,,0,,0,,4.625,
https://www.farglory-realty.com.tw/life-proposal/expert_peizhen_science-park-housing/#elementor-toc__heading-anchor-2,8,,0,,0,,4.625,
https://www.farglory-realty.com.tw/life-proposal/expert_peizhen_topics_commerical_trend_20240904/,8,,0,,0,,56.375,
https://www.farglory-realty.com.tw/life-proposal/expert_zhu_v_presale_20230418/,8,0.6,0,,0,,23.5,-0.33615819209039544
https://www.farglory-realty.com.tw/life-proposal/metalink-ai-hub/#elementor-toc__heading-anchor-0,8,,0,,0,,7.875,
https://www.farglory-realty.com.tw/sales/ah2/G0116,8,-0.1111111111111111,0,-1,0,-1,15.25,-0.07263513513513505
https://www.farglory-realty.com.tw/sales/bh8/B5734,8,-0.2,1,-0.5,0.125,-0.37500000000000006,12.625,2.713235294117647
https://www.farglory-realty.com.tw/sales/cqh1/B3057,8,1.6666666666666667,0,,0,,3.625,-0.7528409090909091
https://www.farglory-realty.com.tw/wom-recommendation/h100_lin_couple/,8,-0.2,0,,0,,16.875,0.04166666666666671
https://www.farglory-realty.com.tw/wp-content/uploads/2021/05/%E5%A3%AB%E6%9E%97%E5%8D%80%E5%9C%9F%E5%9C%B0%E4%BD%BF%E7%94%A8%E5%88%86%E5%8D%80.pdf,8,7,0,,0,,4.125,3.125
https://www.farglory-realty.com.tw/sales/fm3/G0206,7,0.4,0,-1,0,-1,5.571428571428571,0.3265306122448978
https://www.farglory-realty.com.tw/activity-report/%E3%80%90%E4%BD%8F%E6%88%B6%E5%B0%88%E4%BA%AB%E3%80%91%E7%B0%A1%E6%98%93diy%E8%BC%95%E9%AC%86%E5%A5%BD%E5%A5%BD%E7%8E%A9%EF%BC%8C%E5%85%8D%E5%B7%A5%E5%85%B7%E5%85%8D%E9%BB%8F%E8%B2%BC%EF%BC%8C/,7,0,0,,0,,16,1.1960784313725492
https://www.farglory-realty.com.tw/activity-report/ucity_formosa_20230807/,7,2.5,0,,0,,9.857142857142858,-0.6600985221674877
https://www.farglory-realty.com.tw/activity-report/ucity_piano_20231212/,7,1.3333333333333333,0,,0,,9.428571428571429,-0.05714285714285712
https://www.farglory-realty.com.tw/activity-report/ucity_sep_band/,7,1.3333333333333333,0,,0,,24,0.05882352941176465
https://www.farglory-realty.com.tw/building-category-tag/featured_pre_sale/page/2/,7,1.3333333333333333,0,,0,,20.428571428571427,1.2698412698412698
https://www.farglory-realty.com.tw/building-tag/build-tag-quake/%E8%80%90%E9%9C%87%E6%A8%99%E7%AB%A0/,7,-0.2222222222222222,0,-1,0,-1,7,-0.6752577319587629
https://www.farglory-realty.com.tw/landing-page/%E9%A0%90%E7%B4%84%E8%B3%9E%E5%B1%8B/,7,-0.125,0,-1,0,-1,8.714285714285715,1.1785714285714288
https://www.farglory-realty.com.tw/life-proposal-tag/%E4%B8%89%E3%80%81%E8%B2%B7%E6%88%BF%E5%BE%8C-%E4%BF%9D%E9%9A%AA/fire/,7,0.75,0,,0,,12.714285714285714,0.5892857142857142
https://www.farglory-realty.com.tw/life-proposal-tag/%E7%A4%BE%E5%8D%80%E7%87%9F%E9%81%8B/%E5%85%AC%E8%A8%AD%E9%BB%9E%E4%BA%A4/,7,0.4,0,,0,,62.142857142857146,-0.032042723631508674
https://www.farglory-realty.com.tw/life-proposal-tag/%E7%A4%BE%E5%8D%80%E7%87%9F%E9%81%8B/%E7%AE%A1%E7%90%86%E8%B2%BB/,7,2.5,0,,0,,11.142857142857142,-0.6020408163265306
https://www.farglory-realty.com.tw/life-proposal-tag/2%E3%80%81%E5%B8%82%E5%A0%B4/1%E5%B8%82%E5%A0%B4%E7%9B%B8%E9%97%9C%E5%B0%88%E6%9C%89%E8%A9%9E/%E6%96%B0%E5%BB%BA%E6%A1%88%E5%B8%82%E5%A0%B4/,7,-0.5,0,,0,,57.142857142857146,0.2924071082390954
https://www.farglory-realty.com.tw/life-proposal-tag/3%E3%80%81%E4%BA%A4%E6%98%93/1%E8%B3%BC%E5%B1%8B%E6%B5%81%E7%A8%8B%E7%9B%B8%E9%97%9C/%E9%A9%97%E5%B1%8B%E6%B5%81%E7%A8%8B/%E6%AA%A2%E6%9F%A5%E8%A1%A8/,7,0.4,0,,0,,5.571428571428571,-0.9247104247104247
https://www.farglory-realty.com.tw/life-proposal-tag/5%E3%80%81%E5%8D%80%E5%9F%9F/1%E5%8D%80%E5%9F%9F%E5%9C%B0%E6%AE%B5/%E7%B8%A3%E5%B8%82/%E5%8F%B0%E4%B8%AD%E5%B8%82/,7,6,0,,0,,6.857142857142857,-0.31428571428571433
https://www.farglory-realty.com.tw/life-proposal-tag/5%E3%80%81%E5%8D%80%E5%9F%9F/1%E5%8D%80%E5%9F%9F%E5%9C%B0%E6%AE%B5/%E7%B8%A3%E5%B8%82/%E5%8F%B0%E4%B8%AD%E5%B8%82/beitun/,7,6,0,,0,,7.714285714285714,-0.2987012987012987
https://www.farglory-realty.com.tw/life-proposal-tag/5%E3%80%81%E5%8D%80%E5%9F%9F/1%E5%8D%80%E5%9F%9F%E5%9C%B0%E6%AE%B5/%E7%B8%A3%E5%B8%82/%E5%8F%B0%E5%8C%97%E5%B8%82/beitou/%E5%8C%97%E6%8A%95%E5%A3%AB%E6%9E%97%E7%A7%91%E6%8A%80%E5%9C%92%E5%8D%80/,7,0,0,,0,,12.428571428571429,-0.42384105960264906
https://www.farglory-realty.com.tw/life-proposal-tag/5%E3%80%81%E5%8D%80%E5%9F%9F/1%E5%8D%80%E5%9F%9F%E5%9C%B0%E6%AE%B5/%E7%B8%A3%E5%B8%82/%E5%8F%B0%E5%8D%97%E5%B8%82/,7,-0.5333333333333333,1,,0.14285714285714285,,10.714285714285714,0.1817226890756302
https://www.farglory-realty.com.tw/life-proposal-tag/6%E3%80%81%E7%94%A2%E5%93%81/12%E6%9C%8D%E5%8B%99/b-%E7%89%A9%E6%A5%AD%E7%AE%A1%E7%90%86/,7,-0.2222222222222222,1,,0.14285714285714285,,8,0.014084507042253471
https://www.farglory-realty.com.tw/life-proposal-tag/6%E3%80%81%E7%94%A2%E5%93%81/4%E7%94%A2%E5%93%81%E8%A6%8F%E5%8A%83-%E5%BB%BA%E7%AF%89/a-%E5%BB%BA%E7%AF%89%E8%A6%8F%E5%8A%83/%E9%99%8D%E6%BA%AB%E7%AF%80%E8%83%BD/,7,-0.5882352941176471,0,,0,,74.42857142857143,-0.019158361018826023
https://www.farglory-realty.com.tw/life-proposal-tag/6%E3%80%81%E7%94%A2%E5%93%81/5%E7%94%A2%E5%93%81%E8%A6%8F%E5%8A%83-%E6%99%AF%E8%A7%80/c-%E6%99%AF%E8%A7%80%E8%A6%96%E9%87%8E/,7,-0.46153846153846156,0,,0,,13.142857142857142,0.28464017185821705
https://www.farglory-realty.com.tw/life-proposal-tag/office/%E8%BE%A6%E5%85%AC%E5%AE%A4%E7%A7%9F%E8%B3%83%E5%B8%82%E5%A0%B4/,7,,0,,0,,39.285714285714285,
https://www.farglory-realty.com.tw/life-proposal-tag/real_estate-2/%E6%88%90%E5%B1%8B%E9%87%8F%E7%B8%AE/,7,-0.46153846153846156,0,,0,,45.285714285714285,0.1498325892857142
https://www.farglory-realty.com.tw/life-proposal/area-l-taoyuan-zhongli20220520/#elementor-toc__heading-anchor-1,7,,0,,0,,6.857142857142857,
https://www.farglory-realty.com.tw/life-proposal/area-l-taoyuan-zhongli20220520/#elementor-toc__heading-anchor-3,7,,0,,0,,6.857142857142857,
https://www.farglory-realty.com.tw/life-proposal/area-s-tainan-dawan20220520/#elementor-toc__heading-anchor-1,7,,0,,0,,9.714285714285714,
https://www.farglory-realty.com.tw/life-proposal/area-tainan_west-central_redevelop_diamond_traffic_20250523/#elementor-toc__heading-anchor-6,7,,0,,0,,8.285714285714285,
https://www.farglory-realty.com.tw/life-proposal/expert_macromicro_2025econ_20250730/#elementor-toc__heading-anchor-1,7,,0,,0,,7.857142857142857,
https://www.farglory-realty.com.tw/life-proposal/expert_peizhen_2024q2review_20240703/,7,-0.7586206896551724,0,,0,,16,1.1187214611872145
https://www.farglory-realty.com.tw/life-proposal/expert_peizhen_q1view_20230519/,7,0.4,0,,0,,17.142857142857142,-0.297423887587822
https://www.farglory-realty.com.tw/life-proposal/tax_mitigation_housetax_20220902/,7,1.3333333333333333,0,,0,,19.285714285714285,0.8080357142857143
https://www.farglory-realty.com.tw/life_proposal/buying_knowledge/,7,-0.9135802469135802,0,-1,0,-1,13.142857142857142,0.5865446029380454
https://www.farglory-realty.com.tw/sales/5VO1/B2280,7,1.3333333333333333,2,,0.2857142857142857,,2,-0.14285714285714274
https://www.farglory-realty.com.tw/sales/O1/B4860,7,,0,,0,,7,
https://www.farglory-realty.com.tw/sales/ar1/G0141,7,-0.125,0,-1,0,-1,19.285714285714285,0.29651860744297714
https://www.farglory-realty.com.tw/sales/bh10/B5736/,7,-0.125,1,-0.5,0.14285714285714285,-0.4285714285714286,5.714285714285714,4.079365079365079
https://www.farglory-realty.com.tw/sales/bh5/B5881,7,-0.2222222222222222,0,,0,,4,0.44000000000000006
https://www.farglory-realty.com.tw/sales/dh2/B5126/,7,-0.6111111111111112,0,,0,,5.714285714285714,-0.24921793534932216
https://www.farglory-realty.com.tw/activity-report/ucity_drama_nov/,7,-0.4166666666666667,0,,0,,17.142857142857142,-0.10559006211180133
https://www.farglory-realty.com.tw/activity-report-category/activities_glance/,6,5,0,,0,,8.5,0.0625
https://www.farglory-realty.com.tw/activity-report/2%E6%9C%88%E8%B3%BC%E5%B1%8B%E6%84%8F%E9%A1%98%E5%95%8F%E5%8D%B7%E6%8A%BD%E7%8D%8E-%E5%BE%97%E7%8D%8E%E5%85%AC%E5%91%8A/,6,-0.14285714285714285,0,,0,,44.833333333333336,5.03525641025641
https://www.farglory-realty.com.tw/activity-report/dragon-boat-festival/,6,2,1,,0.16666666666666666,,16.666666666666664,0.23456790123456772
https://www.farglory-realty.com.tw/activity-report/mid-autumn-festival/,6,1,0,,0,,13.833333333333334,1.1842105263157896
https://www.farglory-realty.com.tw/activity-report/ucity-erama-20230822/,6,-0.7,1,,0.16666666666666666,,11,0.4864864864864864
https://www.farglory-realty.com.tw/activity-report/ucity_apr_humblehousehotels/,6,-0.25,0,-1,0,-1,14.5,-0.23178807947019867
https://www.farglory-realty.com.tw/activity-report/ucity_drama_20231120/,6,-0.5714285714285714,1,,0.16666666666666666,,7.333333333333333,-0.5958005249343833
https://www.farglory-realty.com.tw/building-tag/%E6%99%AF%E8%A7%80%E5%AE%85/,6,2,0,,0,,3.6666666666666665,-0.2666666666666667
https://www.farglory-realty.com.tw/landing-page/mgm-gold1/,6,0.5,0,,0,,14.5,0.48717948717948717
https://www.farglory-realty.com.tw/life-proposal-tag/%E7%A4%BE%E5%8D%80%E7%87%9F%E9%81%8B/%E7%A4%BE%E5%8D%80%E7%AE%A1%E7%90%86/,6,0.2,0,,0,,8.833333333333332,-0.5984848484848485
https://www.farglory-realty.com.tw/life-proposal-tag/1%E3%80%81%E5%AE%A2%E5%B1%A4/1%E8%B3%BC%E5%B1%8B%E5%B0%8D%E8%B1%A1/%E9%A6%96%E8%B3%BC/,6,1,0,,0,,9.666666666666666,0.611111111111111
https://www.farglory-realty.com.tw/life-proposal-tag/2%E3%80%81%E5%B8%82%E5%A0%B4/2%E7%A8%85%E5%8B%99%E6%94%BF%E7%AD%96%E7%9B%B8%E9%97%9C/saving_money/,6,2,2,,0.3333333333333333,,12.5,2.5714285714285716
https://www.farglory-realty.com.tw/life-proposal-tag/3%E3%80%81%E4%BA%A4%E6%98%93/1%E8%B3%BC%E5%B1%8B%E6%B5%81%E7%A8%8B%E7%9B%B8%E9%97%9C/%E9%A9%97%E5%B1%8B%E6%B5%81%E7%A8%8B/%E6%A9%9F%E9%9B%BB%E6%8E%92%E6%B0%B4/,6,0.2,0,,0,,47.5,0.010638297872340425
https://www.farglory-realty.com.tw/life-proposal-tag/3%E3%80%81%E4%BA%A4%E6%98%93/1%E8%B3%BC%E5%B1%8B%E6%B5%81%E7%A8%8B%E7%9B%B8%E9%97%9C/abroad/,6,-0.5714285714285714,0,,0,,49.333333333333336,-0.08156028368794324
https://www.farglory-realty.com.tw/life-proposal-tag/4%E3%80%81%E5%93%81%E7%89%8C/%E6%96%BD%E5%B7%A5%E5%93%81%E8%B3%AA/,6,0,0,,0,,13.333333333333334,0.33333333333333337
https://www.farglory-realty.com.tw/life-proposal-tag/5%E3%80%81%E5%8D%80%E5%9F%9F/1%E5%8D%80%E5%9F%9F%E5%9C%B0%E6%AE%B5/%E7%B8%A3%E5%B8%82/%E9%AB%98%E9%9B%84%E5%B8%82/gushan/,6,5,0,,0,,9.833333333333334,0.22916666666666674
https://www.farglory-realty.com.tw/life-proposal-tag/8%E3%80%81%E9%81%A0%E9%9B%84%E6%88%BF%E5%9C%B0%E7%94%A2%E5%BB%BA%E6%A1%88/bh6/,6,-0.25,0,,0,,23,0.4959349593495935
https://www.farglory-realty.com.tw/life-proposal-tag/8%E3%80%81%E9%81%A0%E9%9B%84%E6%88%BF%E5%9C%B0%E7%94%A2%E5%BB%BA%E6%A1%88/dh5/,6,5,0,,0,,9.5,0.1875
https://www.farglory-realty.com.tw/life-proposal-tag/interior_design-2/visual/,6,-0.4,0,,0,,37.833333333333336,0.23235613463626503
https://www.farglory-realty.com.tw/life-proposal-tag/living_quality/living/,6,-0.25,0,,0,,79.5,0.5035460992907801
https://www.farglory-realty.com.tw/life-proposal/area-tainan_west-central_redevelop_diamond_park_20250509/#elementor-toc__heading-anchor-5,6,1,0,,0,,7.5,-0.021739130434782646
https://www.farglory-realty.com.tw/life-proposal/expert_li_ai-projects_20250715/#elementor-toc__heading-anchor-1,6,5,0,,0,,7.5,0.25
https://www.farglory-realty.com.tw/life-proposal/expert_li_ai-projects_20250715/#elementor-toc__heading-anchor-2,6,5,0,,0,,7.5,0.25
https://www.farglory-realty.com.tw/life-proposal/expert_zhu_property_multi-house-tax-1_20231208/,6,0.5,0,,0,,31.5,0.3404255319148936
https://www.farglory-realty.com.tw/life-proposal/space_design_smallhouse1_20240411/,6,-0.45454545454545453,0,,0,,3.8333333333333335,-0.8190271816881259
https://www.farglory-realty.com.tw/sales/ah2/G0215,6,-0.14285714285714285,3,0,0.5,0.16666666666666674,2.166666666666667,-0.34057971014492744
https://www.farglory-realty.com.tw/sales/bh8/G0629,6,2,1,,0.16666666666666666,,8.166666666666668,-0.25757575757575746
https://www.farglory-realty.com.tw/sales/cqh1/B2380,6,0,1,0,0.16666666666666666,0,4.333333333333334,-0.5737704918032787
https://www.farglory-realty.com.tw/sales/cqh1/G0176,6,0.2,0,-1,0,-1,7.5,-0.44852941176470584
https://www.farglory-realty.com.tw/sales/eh5/B1985,6,0.5,0,,0,,3.3333333333333335,2.3333333333333335
https://www.farglory-realty.com.tw/wom-recommendation/zhan-couple/,6,-0.3333333333333333,0,,0,,26.833333333333332,0.7757352941176471
https://www.farglory-realty.com.tw/activity-report/%E5%8C%97%E6%8D%B7%E5%9A%B4%E9%81%B8%E5%B9%B4%E7%AF%80%E7%B2%BE%E7%B7%BB%E7%A6%AE%E7%9B%92%E9%80%81%E7%A6%AE%E9%A6%96%E9%81%B8/,5,-0.16666666666666666,0,,0,,6.6,-0.1
https://www.farglory-realty.com.tw/activity-report/dream-announcement/,5,4,0,,0,,8,-0.38461538461538464
https://www.farglory-realty.com.tw/activity-report/fgr_may_art/,5,1.5,0,,0,,7,0
https://www.farglory-realty.com.tw/activity-report/ucity_dance_20230222/,5,0.25,0,,0,,14.2,-0.33953488372093027
https://www.farglory-realty.com.tw/activity-report/ucity_no6_20230614/,5,4,0,,0,,13.4,0.030769230769230795
https://www.farglory-realty.com.tw/author/gcreate/,5,0.6666666666666666,0,,0,,6.4,0.12941176470588237
https://www.farglory-realty.com.tw/building-category/brick/,5,0.25,0,,0,,7.2,-0.27999999999999997
https://www.farglory-realty.com.tw/building-category/general-residence/,5,,0,,0,,22,
https://www.farglory-realty.com.tw/buildings/5vo1/?salesId=B2280,5,,0,,0,,7.4,
https://www.farglory-realty.com.tw/landing-page/%E5%B0%88%E5%AE%B6%E5%95%8F%E8%88%87%E7%AD%94/,5,0,1,,0.2,,11,-0.3373493975903615
https://www.farglory-realty.com.tw/landing-page/farglory_realty_cn_2022/,5,0.25,1,,0.2,,6.4,-0.19999999999999996
https://www.farglory-realty.com.tw/life-proposal-tag/%E4%B8%89%E3%80%81%E8%B2%B7%E6%88%BF%E5%BE%8C-%E7%A9%BA%E9%96%93%E8%A6%8F%E5%8A%83/kitchen/,5,-0.16666666666666666,0,,0,,8.2,0.44705882352941156
https://www.farglory-realty.com.tw/life-proposal-tag/%E7%A4%BE%E5%8D%80%E7%87%9F%E9%81%8B/%E7%AE%A1%E5%A7%94%E6%9C%83/,5,0.6666666666666666,0,,0,,8.8,-0.8127659574468086
https://www.farglory-realty.com.tw/life-proposal-tag/2%E3%80%81%E5%B8%82%E5%A0%B4/2%E7%A8%85%E5%8B%99%E6%94%BF%E7%AD%96%E7%9B%B8%E9%97%9C/%E6%89%93%E6%88%BF/,5,0.6666666666666666,0,,0,,22.8,2.42
https://www.farglory-realty.com.tw/life-proposal-tag/5%E3%80%81%E5%8D%80%E5%9F%9F/1%E5%8D%80%E5%9F%9F%E5%9C%B0%E6%AE%B5/%E4%BA%A4%E9%80%9A%E6%A9%9F%E8%83%BD/,5,4,0,,0,,13,3.3333333333333335
https://www.farglory-realty.com.tw/life-proposal-tag/6%E3%80%81%E7%94%A2%E5%93%81/4%E7%94%A2%E5%93%81%E8%A6%8F%E5%8A%83-%E5%BB%BA%E7%AF%89/a-%E5%BB%BA%E7%AF%89%E8%A6%8F%E5%8A%83/%E9%99%8D%E6%BA%AB%E7%AF%80%E8%83%BD/%E5%85%A8%E7%86%B1%E4%BA%A4%E6%8F%9B%E6%A9%9F/,5,0.25,0,-1,0,-1,4.6,0.6727272727272726
https://www.farglory-realty.com.tw/life-proposal-tag/6%E3%80%81%E7%94%A2%E5%93%81/8%E5%BB%BA%E6%9D%90%E8%A6%8F%E5%8A%83/a-%E5%BB%BA%E6%9D%90/,5,-0.2857142857142857,0,-1,0,-1,10,3.3750000000000004
https://www.farglory-realty.com.tw/life-proposal-tag/6%E3%80%81%E7%94%A2%E5%93%81/9%E7%B5%90%E6%A7%8B/%E5%9F%BA%E7%A4%8E%E7%B5%90%E6%A7%8B/,5,1.5,0,,0,,2,-0.972027972027972
https://www.farglory-realty.com.tw/life-proposal-tag/macroeconomics-2/%E8%B3%87%E7%94%A2%E9%85%8D%E7%BD%AE/,5,4,0,,0,,9.4,8.4
https://www.farglory-realty.com.tw/life-proposal-tag/office/%E4%BC%81%E6%A5%AD%E7%A7%9F%E8%B3%83%E9%9C%80%E6%B1%82/,5,0.6666666666666666,0,,0,,39.8,-0.14100719424460442
https://www.farglory-realty.com.tw/life-proposal/area-tainan_west-central_redevelop_diamond_park_20250509/#elementor-toc__heading-anchor-4,5,-0.8387096774193549,0,,0,,8.4,-0.08631578947368415
https://www.farglory-realty.com.tw/life-proposal/expert_ken_topics_commerical_market_20240925/,5,0,0,,0,,5.8,-0.19444444444444448
https://www.farglory-realty.com.tw/life-proposal/expert_macromicro_mfg-h2_20250820/#elementor-toc__heading-anchor-0,5,,0,,0,,7.2,
https://www.farglory-realty.com.tw/life-proposal/expert_macromicro_mfg-h2_20250820/#elementor-toc__heading-anchor-1,5,,0,,0,,7.2,
https://www.farglory-realty.com.tw/life-proposal/expert_peizhen_20230201/,5,-0.16666666666666666,0,,0,,17,2.1875000000000004
https://www.farglory-realty.com.tw/life-proposal/expert_peizhen_topics_commerical_life-insurance_20240911/,5,-0.4444444444444444,1,,0.2,,8.2,-0.14186046511627912
https://www.farglory-realty.com.tw/life-proposal/expert_shuangbei_20250822/#elementor-toc__heading-anchor-1,5,,0,,0,,6.8,
https://www.farglory-realty.com.tw/life-proposal/expert_shuangbei_20250822/#elementor-toc__heading-anchor-2,5,,0,,0,,6.8,
https://www.farglory-realty.com.tw/life-proposal/expert_thinktank_nvidia_20250729/#elementor-toc__heading-anchor-3,5,,0,,0,,8.2,
https://www.farglory-realty.com.tw/sales/HM2/B1535,5,-0.375,0,-1,0,-1,1,-0.2
https://www.farglory-realty.com.tw/sales/O1/G1052,5,-0.16666666666666666,0,-1,0,-1,6.2,-0.39016393442622943
https://www.farglory-realty.com.tw/sales/bh11/G0630,5,0.6666666666666666,0,,0,,4.4,-0.8114285714285713
https://www.farglory-realty.com.tw/sales/cqh1/G0679,5,-0.4444444444444444,0,-1,0,-1,2,-0.5384615384615385
https://www.farglory-realty.com.tw/sales/eh1/G0336,5,-0.6666666666666666,1,,0.2,,1,-0.8920863309352518
https://www.farglory-realty.com.tw/sales/eh2/G0243,5,-0.4444444444444444,1,,0.2,,2.2,-0.901980198019802
https://www.farglory-realty.com.tw/sales/eh2/G0597,5,-0.5454545454545454,0,-1,0,-1,6.6,-0.4661764705882353
https://www.farglory-realty.com.tw/sales/eh5/B1974,5,1.5,0,-1,0,-1,4.2,-0.23636363636363633
https://www.farglory-realty.com.tw/activity-report/%E8%B6%85%E7%B4%9A%E5%A5%BD%E5%8F%8B10%E6%9C%88%E5%A5%BD%E5%BA%B7%E4%BB%BB%E5%8B%99-%E5%BE%97%E7%8D%8E%E5%85%AC%E5%91%8A/,4,-0.5,0,-1,0,-1,11,1.3157894736842106
https://www.farglory-realty.com.tw/activity-report/%E9%81%A0%E9%9B%84%E6%88%BF%E5%9C%B0%E7%94%A2%E5%AE%98%E6%96%B9line-8%E6%9C%88%E9%80%B1%E9%80%B1%E6%8A%BD/,4,3,0,,0,,8.75,0.09375
https://www.farglory-realty.com.tw/activity-report/2022cny/,4,-0.6363636363636364,0,-1,0,-1,31.5,3.5592105263157894
https://www.farglory-realty.com.tw/activity-report/20240320/,4,0,0,,0,,6.75,0
https://www.farglory-realty.com.tw/activity-report/dh6_cny_20240202/,4,3,1,,0.25,,14.25,1.85
https://www.farglory-realty.com.tw/activity-report/insurance_20230106/,4,-0.3333333333333333,0,,0,,11.25,-0.1768292682926829
https://www.farglory-realty.com.tw/activity-report/line%E6%B4%BB%E5%8B%95-12%E6%9C%88%E9%80%B1%E9%80%B1%E6%8A%BD500%E9%BB%9E%E4%B8%AD%E7%8D%8E%E5%90%8D%E5%96%AE/,4,3,0,,0,,6.75,-0.25
https://www.farglory-realty.com.tw/activity-report/ucity_apr_art/,4,-0.6923076923076923,0,,0,,22.25,-0.13138138138138142
https://www.farglory-realty.com.tw/activity-report/ucity_drama_20230222/,4,1,0,,0,,15.25,0.17307692307692307
https://www.farglory-realty.com.tw/activity-report/ucity_event1_20230705/,4,0.3333333333333333,0,,0,,20.25,0.29255319148936176
https://www.farglory-realty.com.tw/edm-october-2022/,4,3,0,,0,,9,-0.1
https://www.farglory-realty.com.tw/edm_thank_you_page/,4,1,0,,0,,4.75,0.9
https://www.farglory-realty.com.tw/life-proposal-tag/%E4%B8%89%E3%80%81%E8%B2%B7%E6%88%BF%E5%BE%8C-%E7%A9%BA%E9%96%93%E8%A6%8F%E5%8A%83/bathroom/,4,1,0,-1,0,-1,17.5,0.06060606060606061
https://www.farglory-realty.com.tw/life-proposal-tag/%E4%BA%8C/remortgage/,4,3,0,,0,,55,4.5
https://www.farglory-realty.com.tw/life-proposal-tag/%E4%BA%8C/young_mortage/,4,3,0,,0,,8,1
https://www.farglory-realty.com.tw/life-proposal-tag/1%E3%80%81%E5%AE%A2%E5%B1%A4/1%E8%B3%BC%E5%B1%8B%E5%B0%8D%E8%B1%A1/,4,,0,,0,,9,
https://www.farglory-realty.com.tw/life-proposal-tag/2%E3%80%81%E5%B8%82%E5%A0%B4/2%E7%A8%85%E5%8B%99%E6%94%BF%E7%AD%96%E7%9B%B8%E9%97%9C/house_tax/,4,3,0,,0,,4.5,0.5
https://www.farglory-realty.com.tw/life-proposal-tag/3%E3%80%81%E4%BA%A4%E6%98%93/1%E8%B3%BC%E5%B1%8B%E6%B5%81%E7%A8%8B%E7%9B%B8%E9%97%9C/%E4%BA%A4%E5%B1%8B%E5%93%81%E8%B3%AA/,4,-0.42857142857142855,0,,0,,70,0.07221006564551412
https://www.farglory-realty.com.tw/life-proposal-tag/4%E3%80%81%E5%93%81%E7%89%8C/1%E5%93%81%E7%89%8C%E7%9B%B8%E9%97%9C/%E5%BB%BA%E5%95%86/,4,0.3333333333333333,0,,0,,10,-0.11764705882352945
https://www.farglory-realty.com.tw/life-proposal-tag/5%E3%80%81%E5%8D%80%E5%9F%9F/1%E5%8D%80%E5%9F%9F%E5%9C%B0%E6%AE%B5/,4,,0,,0,,15.25,
https://www.farglory-realty.com.tw/life-proposal-tag/5%E3%80%81%E5%8D%80%E5%9F%9F/1%E5%8D%80%E5%9F%9F%E5%9C%B0%E6%AE%B5/%E6%98%8E%E6%98%9F%E5%AD%B8%E5%8D%80/,4,-0.3333333333333333,0,,0,,15.25,0.6636363636363637
https://www.farglory-realty.com.tw/life-proposal-tag/5%E3%80%81%E5%8D%80%E5%9F%9F/1%E5%8D%80%E5%9F%9F%E5%9C%B0%E6%AE%B5/%E7%B8%A3%E5%B8%82/%E5%8F%B0%E4%B8%AD%E5%B8%82/wuqi/,4,1,0,,0,,3.25,-0.5
https://www.farglory-realty.com.tw/life-proposal-tag/5%E3%80%81%E5%8D%80%E5%9F%9F/1%E5%8D%80%E5%9F%9F%E5%9C%B0%E6%AE%B5/%E7%B8%A3%E5%B8%82/%E5%8F%B0%E5%8C%97%E5%B8%82/beitou/%E5%8C%97%E5%A3%AB%E7%A7%91/,4,3,0,,0,,37,3.111111111111111
https://www.farglory-realty.com.tw/life-proposal-tag/5%E3%80%81%E5%8D%80%E5%9F%9F/1%E5%8D%80%E5%9F%9F%E5%9C%B0%E6%AE%B5/%E7%B8%A3%E5%B8%82/%E5%8F%B0%E5%8D%97%E5%B8%82/%E4%B8%AD%E8%A5%BF%E5%8D%80/%E9%81%8B%E6%B2%B3%E6%98%9F%E9%91%BD%E7%89%B9%E5%8D%80/,4,0,0,,0,,46.75,-0.2109704641350211
https://www.farglory-realty.com.tw/life-proposal-tag/5%E3%80%81%E5%8D%80%E5%9F%9F/1%E5%8D%80%E5%9F%9F%E5%9C%B0%E6%AE%B5/%E7%B8%A3%E5%B8%82/%E5%8F%B0%E5%8D%97%E5%B8%82/yongkang/,4,-0.3333333333333333,0,,0,,10.25,-0.31666666666666665
https://www.farglory-realty.com.tw/life-proposal-tag/5%E3%80%81%E5%8D%80%E5%9F%9F/1%E5%8D%80%E5%9F%9F%E5%9C%B0%E6%AE%B5/%E7%B8%A3%E5%B8%82/%E5%8F%B0%E5%8D%97%E5%B8%82/yongkang/%E5%A4%A7%E7%81%A3%E9%87%8D%E5%8A%83%E5%8D%80/,4,1,0,,0,,4,-0.75
https://www.farglory-realty.com.tw/life-proposal-tag/6%E3%80%81%E7%94%A2%E5%93%81/4%E7%94%A2%E5%93%81%E8%A6%8F%E5%8A%83-%E5%BB%BA%E7%AF%89/green_material/,4,,0,,0,,7.5,
https://www.farglory-realty.com.tw/life-proposal-tag/esg/,4,3,0,-1,0,-1,13.75,1.2916666666666667
https://www.farglory-realty.com.tw/life-proposal-tag/esg/esg1/,4,-0.6363636363636364,0,,0,,8.25,-0.11029411764705889
https://www.farglory-realty.com.tw/life-proposal-tag/interior_design-2/space_color/,4,-0.5555555555555556,0,,0,,45,0.4835164835164836
https://www.farglory-realty.com.tw/life-proposal-tag/law_property/land_administration/,4,0.3333333333333333,2,,0.5,,4.5,-0.15624999999999994
https://www.farglory-realty.com.tw/life-proposal-tag/macroeconomics-2/%E4%B8%AD%E5%9C%8B%E5%B8%82%E5%A0%B4/%E7%A7%91%E6%8A%80%E7%A6%81%E4%BB%A4/,4,-0.42857142857142855,0,,0,,87.75,0.0852473498233215
https://www.farglory-realty.com.tw/life-proposal-tag/macroeconomics-2/%E6%9C%88%E5%BA%A6%E7%B6%93%E6%BF%9F%E6%95%B8%E6%93%9A/,4,,0,,0,,8.25,
https://www.farglory-realty.com.tw/life-proposal-tag/macroeconomics-2/%E8%B2%A1%E5%A0%B1/%E6%AF%9B%E5%88%A9%E7%8E%87/,4,1,0,,0,,20.25,0.7608695652173914
https://www.farglory-realty.com.tw/life-proposal-tag/office/,4,3,0,,0,,5.75,-0.3611111111111111
https://www.farglory-realty.com.tw/life-proposal-tag/office/%E7%A9%BA%E7%BD%AE%E7%8E%87/,4,3,1,,0.25,,10.5,-0.475
https://www.farglory-realty.com.tw/life-proposal-tag/real_estate-2/land_buy/,4,-0.2,0,,0,,7.5,-0.6495327102803738
https://www.farglory-realty.com.tw/life-proposal/area-tainan_west-central_redevelop_diamond_park_20250509/#elementor-toc__heading-anchor-6,4,-0.8518518518518519,0,,0,,8.75,-0.06988188976377945
https://www.farglory-realty.com.tw/life-proposal/expert_liu_commercial_policy_20240709/,4,-0.6,0,,0,,9.25,-0.8274253731343284
https://www.farglory-realty.com.tw/life-proposal/expert_shuangbei_20250822/#elementor-toc__heading-anchor-0,4,,0,,0,,7.75,
https://www.farglory-realty.com.tw/sales/HM2/G0631,4,1,0,,0,,1,0
https://www.farglory-realty.com.tw/sales/bh7/G0526,4,,0,,0,,1.25,
https://www.farglory-realty.com.tw/sales/bh8/G0351,4,-0.5555555555555556,0,-1,0,-1,17.25,2.6104651162790695
https://www.farglory-realty.com.tw/sales/dh2/B6132,4,-0.2,1,,0.25,,4.25,-0.24107142857142852
https://www.farglory-realty.com.tw/sales/eh5/G0596,4,0.3333333333333333,0,-1,0,-1,3.25,0.392857142857143
https://www.farglory-realty.com.tw/activity-report-category/activities_glance/activities_glance_list/%E4%BD%8F%E6%88%B6%E5%B0%88%E4%BA%AB/page/2/,3,,0,,0,,34.666666666666664,
https://www.farglory-realty.com.tw/activity-report-category/activities_glance/activities_glance_list/%E4%BD%8F%E6%88%B6%E5%B0%88%E4%BA%AB/page/3/,3,0.5,0,,0,,9,-0.21739130434782608
https://www.farglory-realty.com.tw/activity-report/%E5%8F%B0%E5%8C%97%E5%B8%82%E4%B8%8D%E5%8B%95%E7%94%A2%E4%BB%A3%E9%8A%B7%E5%85%AC%E6%9C%83%E3%80%8C20%E9%80%B1%E5%B9%B4%E6%85%B6%E7%94%9F%E6%97%A5%E6%B4%BB%E5%8B%95%E3%80%8D/,3,,0,,0,,94.33333333333333,
https://www.farglory-realty.com.tw/activity-report/%E6%AF%8D%E8%A6%AA%E7%AF%80%E5%BF%AB%E6%A8%82%E7%B5%A6%E5%AA%BD%E5%AA%BD%E7%9A%84%E5%A4%9A%E9%87%8D%E5%A5%BD%E7%A6%AE-%E5%BE%97%E7%8D%8E%E5%85%AC%E5%91%8A/,3,2,1,,0.3333333333333333,,9.333333333333334,0.037037037037037104
https://www.farglory-realty.com.tw/activity-report/bh2_2023cny/,3,-0.25,0,,0,,9.333333333333334,0.09803921568627458
https://www.farglory-realty.com.tw/activity-report/creative-diy/,3,-0.4,0,,0,,10.333333333333334,-0.49838187702265374
https://www.farglory-realty.com.tw/activity-report/eh5_20250301/,3,-0.6666666666666666,0,,0,,24,2
https://www.farglory-realty.com.tw/activity-report/h807_2023cny/,3,,0,,0,,10.666666666666666,
https://www.farglory-realty.com.tw/activity-report/ucity_dec_travel/,3,-0.25,0,,0,,9.666666666666666,-0.6547619047619049
https://www.farglory-realty.com.tw/activity-report/ucity_drama_20230614/,3,2,0,,0,,11,-0.15384615384615385
https://www.farglory-realty.com.tw/activity-report/ucity_oct_bed/,3,-0.5,0,,0,,35.666666666666664,2.34375
https://www.farglory-realty.com.tw/activity-report/ucity_oct_drama/,3,-0.5,0,,0,,21.333333333333332,-0.3367875647668395
https://www.farglory-realty.com.tw/august/,3,,0,,0,,41.666666666666664,
https://www.farglory-realty.com.tw/building-category-tag/%E7%B2%BE%E9%81%B8%E5%95%86%E8%BE%A6/,3,,0,,0,,69.33333333333333,
https://www.farglory-realty.com.tw/building-tag/build-tag-school/,3,-0.4,0,,0,,24,2.2432432432432434
https://www.farglory-realty.com.tw/building-type/new_house/,3,,0,,0,,9.333333333333334,
https://www.farglory-realty.com.tw/contact_service/business_cooperation/,3,0,0,,0,,7.666666666666667,-0.7889908256880733
https://www.farglory-realty.com.tw/july/,3,0.5,0,,0,,9.333333333333334,0.6969696969696971
https://www.farglory-realty.com.tw/jun2024/,3,2,0,,0,,5.666666666666667,-0.29166666666666663
https://www.farglory-realty.com.tw/landing-page/%E5%A5%BD%E5%8F%8B%E5%A4%A7%E5%8B%9F%E9%9B%86-%E9%81%A0%E9%9B%84%E7%B4%94%E5%AF%93%E5%A5%BD%E5%8F%8B%E9%99%90%E5%AE%9A/,3,-0.625,0,,0,,8.666666666666668,0.10052910052910068
https://www.farglory-realty.com.tw/landing-page/202502yu/,3,,0,,0,,42.333333333333336,
https://www.farglory-realty.com.tw/landing-page/expert/,3,2,0,,0,,5.666666666666667,0.888888888888889
https://www.farglory-realty.com.tw/life-proposal-category/expert_point/,3,0.5,0,,0,,26.333333333333332,3.388888888888889
https://www.farglory-realty.com.tw/life-proposal-tag/%E4%BA%8C/page/3/,3,2,0,,0,,17,1.125
https://www.farglory-realty.com.tw/life-proposal-tag/2%E3%80%81%E5%B8%82%E5%A0%B4/1%E5%B8%82%E5%A0%B4%E7%9B%B8%E9%97%9C%E5%B0%88%E6%9C%89%E8%A9%9E/%E5%AE%B6%E6%88%B6%E8%B3%BC%E5%B1%8B%E6%AF%94/,3,-0.25,0,,0,,66,2.0344827586206895
https://www.farglory-realty.com.tw/life-proposal-tag/2%E3%80%81%E5%B8%82%E5%A0%B4/2%E7%A8%85%E5%8B%99%E6%94%BF%E7%AD%96%E7%9B%B8%E9%97%9C/estate_tax/,3,,0,,0,,9.666666666666666,
https://www.farglory-realty.com.tw/life-proposal-tag/3%E3%80%81%E4%BA%A4%E6%98%93/1%E8%B3%BC%E5%B1%8B%E6%B5%81%E7%A8%8B%E7%9B%B8%E9%97%9C/promise/,3,0.5,0,-1,0,-1,21.333333333333332,1.1333333333333333
https://www.farglory-realty.com.tw/life-proposal-tag/5%E3%80%81%E5%8D%80%E5%9F%9F/1%E5%8D%80%E5%9F%9F%E5%9C%B0%E6%AE%B5/%E7%B8%A3%E5%B8%82/%E5%8F%B0%E4%B8%AD%E5%B8%82/beitun/fourthteen/,3,-0.25,0,,0,,41,2.6444444444444444
https://www.farglory-realty.com.tw/life-proposal-tag/5%E3%80%81%E5%8D%80%E5%9F%9F/1%E5%8D%80%E5%9F%9F%E5%9C%B0%E6%AE%B5/%E7%B8%A3%E5%B8%82/%E5%8F%B0%E4%B8%AD%E5%B8%82/xitun/,3,,0,,0,,10,
https://www.farglory-realty.com.tw/life-proposal-tag/5%E3%80%81%E5%8D%80%E5%9F%9F/1%E5%8D%80%E5%9F%9F%E5%9C%B0%E6%AE%B5/%E7%B8%A3%E5%B8%82/%E5%8F%B0%E5%8C%97%E5%B8%82/page/2/,3,,0,,0,,3.3333333333333335,
https://www.farglory-realty.com.tw/life-proposal-tag/5%E3%80%81%E5%8D%80%E5%9F%9F/1%E5%8D%80%E5%9F%9F%E5%9C%B0%E6%AE%B5/%E7%B8%A3%E5%B8%82/%E5%8F%B0%E5%8D%97%E5%B8%82/yanxing/,3,0,0,,0,,93.33333333333333,0.6184971098265896
https://www.farglory-realty.com.tw/life-proposal-tag/5%E3%80%81%E5%8D%80%E5%9F%9F/1%E5%8D%80%E5%9F%9F%E5%9C%B0%E6%AE%B5/%E7%B8%A3%E5%B8%82/%E9%AB%98%E9%9B%84%E5%B8%82/sanmin/%E7%A7%91%E5%B7%A5%E9%A4%A8/,3,-0.25,0,,0,,58.666666666666664,-0.43317230273752017
https://www.farglory-realty.com.tw/life-proposal-tag/6%E3%80%81%E7%94%A2%E5%93%81/1%E5%BB%BA%E7%AF%89%E5%B0%88%E6%9C%89%E5%90%8D%E8%A9%9E/%E5%81%9C%E8%BB%8A%E4%BD%8D/,3,-0.5714285714285714,0,,0,,8,-0.1884057971014493
https://www.farglory-realty.com.tw/life-proposal-tag/6%E3%80%81%E7%94%A2%E5%93%81/9%E7%B5%90%E6%A7%8B/%E6%B7%B7%E5%87%9D%E5%9C%9F%E5%B7%A5%E7%A8%8B/,3,,0,,0,,7.333333333333333,
https://www.farglory-realty.com.tw/life-proposal-tag/7%E3%80%81%E7%89%B9%E6%AE%8A%E5%AE%85/%E6%B0%B4%E5%B2%B8%E5%AE%85/,3,-0.625,0,,0,,91.66666666666667,0.11788617886178868
https://www.farglory-realty.com.tw/life-proposal-tag/8%E3%80%81%E9%81%A0%E9%9B%84%E6%88%BF%E5%9C%B0%E7%94%A2%E5%BB%BA%E6%A1%88/%E9%81%A0%E9%9B%84%E5%B3%B0%E8%98%8A/,3,-0.5714285714285714,0,,0,,64.33333333333334,0.11468646864686483
https://www.farglory-realty.com.tw/life-proposal-tag/8%E3%80%81%E9%81%A0%E9%9B%84%E6%88%BF%E5%9C%B0%E7%94%A2%E5%BB%BA%E6%A1%88/%E9%81%A0%E9%9B%84%E6%98%8E%E6%B0%B4%E6%BC%BE/,3,,0,,0,,28,
https://www.farglory-realty.com.tw/life-proposal-tag/commercial/commercial-commercial/,3,0.5,0,,0,,5.333333333333333,-0.5897435897435898
https://www.farglory-realty.com.tw/life-proposal-tag/expert/li/,3,-0.25,0,,0,,7,0.16666666666666666
https://www.farglory-realty.com.tw/life-proposal-tag/living_quality/cleaning/,3,0,0,,0,,8.333333333333332,4
https://www.farglory-realty.com.tw/life-proposal-tag/macroeconomics-2/%E5%9C%B0%E7%B7%A3%E6%94%BF%E6%B2%BB/,3,,0,,0,,30,
https://www.farglory-realty.com.tw/life-proposal-tag/macroeconomics-2/%E5%B7%9D%E6%99%AE%E8%A1%8C%E6%94%BF%E5%91%BD%E4%BB%A4/%E9%97%9C%E7%A8%85%E6%94%BF%E7%AD%96/,3,,0,,0,,38.333333333333336,
https://www.farglory-realty.com.tw/life-proposal-tag/macroeconomics-2/%E7%94%9F%E7%94%A2%E5%8A%9B%E5%BE%AA%E7%92%B0/,3,-0.25,0,,0,,84.66666666666667,1.6458333333333335
https://www.farglory-realty.com.tw/life-proposal-tag/macroeconomics-2/ai-%E7%94%A2%E6%A5%AD/,3,-0.5,0,-1,0,-1,10,-0.5454545454545454
https://www.farglory-realty.com.tw/life-proposal-tag/macroeconomics-2/u-s-economy/,3,,0,,0,,9,
https://www.farglory-realty.com.tw/life-proposal-tag/policy/%E8%83%BD%E6%BA%90%E6%94%BF%E7%AD%96/,3,0.5,0,,0,,6.666666666666667,-0.9033816425120773
https://www.farglory-realty.com.tw/life-proposal-tag/policy/%E9%83%BD%E5%B8%82%E8%A8%88%E7%95%AB/%E5%9C%9F%E5%9C%B0%E4%BD%BF%E7%94%A8%E5%88%86%E5%8D%80/,3,,0,,0,,7,
https://www.farglory-realty.com.tw/life-proposal-tag/real_estate-2/economic_growth_rate/,3,,0,,0,,2.666666666666667,
https://www.farglory-realty.com.tw/life-proposal-tag/real_estate-2/regulation/,3,-0.5,0,,0,,61.333333333333336,-0.04909560723514208
https://www.farglory-realty.com.tw/life-proposal/,3,0,0,,0,,16.666666666666664,5.249999999999998
https://www.farglory-realty.com.tw/life-proposal/area-s-kaohsiung-nstm20220520/#elementor-toc__heading-anchor-0,3,,0,,0,,9.666666666666666,
https://www.farglory-realty.com.tw/life-proposal/area-s-kaohsiung-nstm20220520/#elementor-toc__heading-anchor-1,3,,0,,0,,9.666666666666666,
https://www.farglory-realty.com.tw/life-proposal/area-s-kaohsiung-nstm20220520/#elementor-toc__heading-anchor-2,3,,0,,0,,9.666666666666666,
https://www.farglory-realty.com.tw/life-proposal/area-tainan_west-central_redevelop_diamond_park_20250509/#elementor-toc__heading-anchor-3,3,-0.90625,0,,0,,7.666666666666667,-0.15981735159817348
https://www.farglory-realty.com.tw/life-proposal/area_txg_beitun_depot_function_20240513/#elementor-toc__heading-anchor-0,3,-0.7272727272727273,0,,0,,5.666666666666667,-0.32246376811594196
https://www.farglory-realty.com.tw/life-proposal/area_txg_beitun_depot_function_20240513/#elementor-toc__heading-anchor-1,3,-0.7272727272727273,0,,0,,5.666666666666667,-0.32246376811594196
https://www.farglory-realty.com.tw/life-proposal/area_txg_beitun_depot_function_20240513/#elementor-toc__heading-anchor-2,3,-0.25,0,,0,,5.666666666666667,-0.3333333333333333
https://www.farglory-realty.com.tw/life-proposal/dragonfestival/,3,-0.625,0,,0,,33,1.2564102564102564
https://www.farglory-realty.com.tw/life-proposal/expert_liu_commercial-2025q3/#elementor-toc__heading-anchor-1,3,,0,,0,,4.666666666666666,
https://www.farglory-realty.com.tw/life-proposal/expert_liu_retail_20230328/,3,-0.8,1,,0.3333333333333333,,6,-0.8831168831168831
https://www.farglory-realty.com.tw/life-proposal/expert_macromicro_mfg-h2_20250820/#elementor-toc__heading-anchor-2,3,,0,,0,,9,
https://www.farglory-realty.com.tw/life-proposal/page/7/,3,,0,,0,,3.6666666666666665,
https://www.farglory-realty.com.tw/march-2024/,3,0.5,0,,0,,10.333333333333334,-0.015873015873015817
https://www.farglory-realty.com.tw/nov2024/,3,,0,,0,,3.6666666666666665,
https://www.farglory-realty.com.tw/sales/HM2/G0798,3,-0.4,0,-1,0,-1,10.333333333333334,0.07638888888888899
https://www.farglory-realty.com.tw/sales/ar1/G0247,3,0.5,1,,0.3333333333333333,,29.666666666666668,-0.318007662835249
https://www.farglory-realty.com.tw/sales/dh2/G0633,3,-0.4,0,,0,,7,0
https://www.farglory-realty.com.tw/sales/dh2/G0936,3,0.5,0,,0,,4.333333333333334,0.08333333333333348
https://www.farglory-realty.com.tw/sales/eh5/G0918,3,0,1,,0.3333333333333333,,3.6666666666666665,-0.5925925925925927
https://www.farglory-realty.com.tw/sales/h707/B5856,3,-0.5714285714285714,0,-1,0,-1,5.666666666666667,0.8030303030303032
https://www.farglory-realty.com.tw/wait/,3,-0.5,0,,0,,30.666666666666668,5.571428571428572
https://www.farglory-realty.com.tw/wp-content/uploads/2024/03/ykes.jpg,3,,0,,0,,21,
https://www.farglory-realty.com.tw/wp-content/uploads/2024/06/%E5%9C%B0%E5%9C%96part.jpg,3,,0,,0,,19.666666666666668,
https://www.farglory-realty.com.tw/2024january/,2,-0.8571428571428571,0,,0,,4.5,-0.11267605633802813
https://www.farglory-realty.com.tw/2024may/,2,-0.8181818181818182,0,,0,,6,1.4444444444444444
https://www.farglory-realty.com.tw/activity-report-category/activities_glance/activities_glance_list/%E9%97%9C%E4%BC%81%E6%B4%BB%E5%8B%95/,2,-0.75,0,,0,,8,-0.1111111111111111
https://www.farglory-realty.com.tw/activity-report-category/activities_glance/activities_glance_list/ag_case_activities/page/3/,2,1,0,,0,,11.5,0.15
https://www.farglory-realty.com.tw/activity-report/%E3%80%90%E9%81%A0%E9%9B%84%E6%88%BF%E5%9C%B0%E7%94%A2-%E5%AE%98%E6%96%B9%E7%B6%B2%E7%AB%99%E3%80%91%E7%B3%BB%E7%B5%B1%E7%B6%AD%E8%AD%B7%E5%81%9C%E6%A9%9F%E5%85%AC%E5%91%8A/,2,-0.5,0,,0,,5.5,0.15789473684210525
https://www.farglory-realty.com.tw/activity-report/%E8%81%96%E8%AA%95%E5%AF%B5%E7%B2%89%E5%A5%BD%E7%A6%AE-%E5%BE%97%E7%8D%8E%E5%85%AC%E5%91%8A/,2,,0,,0,,3.5,
https://www.farglory-realty.com.tw/activity-report/%E8%B6%85%E7%B4%9A%E5%A5%BD%E5%8F%8Bvip%E6%8E%A8%E8%96%A6%E8%B3%BC%E5%B1%8B%E5%A4%A7%E8%B3%9E-%E6%8E%A8%E8%96%A6%E8%B3%BC%E5%B1%8B%E9%80%81%E9%BB%83%E9%87%91%E5%BE%97%E7%8D%8E/,2,,0,,0,,28.5,
https://www.farglory-realty.com.tw/activity-report/%E9%81%A0%E9%9B%84%E7%B4%94%E5%AF%93-%E6%B0%B4%E6%B9%B3%E4%B8%8A%E5%9F%8E-%E7%91%9E%E8%99%8E%E8%BF%8E%E6%96%B0/,2,,0,,0,,6.5,
https://www.farglory-realty.com.tw/activity-report/%E9%81%A0%E9%9B%84%E9%9D%92%E6%99%89-%E7%A6%8F%E8%99%8E%E7%94%9F%E9%A2%A8-%E4%BE%86%E6%99%89%E5%AF%B6/,2,1,0,,0,,10,1
https://www.farglory-realty.com.tw/activity-report/2023cny_dh3/,2,1,0,,0,,8,-0.2727272727272727
https://www.farglory-realty.com.tw/activity-report/edm_annoucement_20231225/,2,-0.3333333333333333,0,,0,,7,1.6249999999999998
https://www.farglory-realty.com.tw/activity-report/fg_drama_promotion/,2,0,1,,0.5,,8.5,-0.22727272727272727
https://www.farglory-realty.com.tw/activity-report/fg_park_20220727/,2,-0.5,0,,0,,6,-0.3333333333333333
https://www.farglory-realty.com.tw/activity-report/h902_cny_20240125/,2,-0.7777777777777778,1,,0.5,,25.5,2.889830508474576
https://www.farglory-realty.com.tw/activity-report/hotel/,2,1,0,,0,,27,2
https://www.farglory-realty.com.tw/activity-report/ucity-pet-20230922/,2,1,0,,0,,37,-0.2127659574468085
https://www.farglory-realty.com.tw/activity-report/ucity_animation_20221221/,2,1,0,,0,,15,0.5
https://www.farglory-realty.com.tw/activity-report/ucity_jun_music/,2,-0.3333333333333333,0,,0,,32,-0.16521739130434787
https://www.farglory-realty.com.tw/author/g0208/,2,0,0,,0,,7,-0.2631578947368421
https://www.farglory-realty.com.tw/building-tag/%E5%95%86%E8%BE%A6/,2,,0,,0,,7.5,
https://www.farglory-realty.com.tw/building-tag/%E6%8B%9B%E5%BE%85%E6%9C%83%E6%89%80/,2,,0,,0,,9,
https://www.farglory-realty.com.tw/building-type/pre_sale_house/page/2/,2,0,0,,0,,11.5,0.15
https://www.farglory-realty.com.tw/buildings/hm2/?salesId=G0642,2,1,0,,0,,10.5,9.5
https://www.farglory-realty.com.tw/july-theme-newspaper/,2,,0,,0,,16,
https://www.farglory-realty.com.tw/life-proposal-category/peace_mind/,2,,1,,0.5,,7,
https://www.farglory-realty.com.tw/life-proposal-tag/%E4%B8%89%E3%80%81%E8%B2%B7%E6%88%BF%E5%BE%8C-%E4%BF%9D%E9%9A%AA/%E5%95%86%E6%A5%AD%E7%81%AB%E9%9A%AA/,2,1,0,,0,,18,0.6363636363636364
https://www.farglory-realty.com.tw/life-proposal-tag/2%E3%80%81%E5%B8%82%E5%A0%B4/2%E7%A8%85%E5%8B%99%E6%94%BF%E7%AD%96%E7%9B%B8%E9%97%9C/%E7%A8%85%E8%B3%A6/,2,,0,,0,,9.5,
https://www.farglory-realty.com.tw/life-proposal-tag/2%E3%80%81%E5%B8%82%E5%A0%B4/3%E5%83%B9%E6%A0%BC%E7%9B%B8%E9%97%9C/%E5%AF%A6%E5%83%B9%E7%99%BB%E9%8C%84/,2,-0.7142857142857143,0,,0,,9,-0.5039370078740157
https://www.farglory-realty.com.tw/life-proposal-tag/2%E3%80%81%E5%B8%82%E5%A0%B4/commercial_real_estate/page/2/,2,,0,,0,,3.5,
https://www.farglory-realty.com.tw/life-proposal-tag/2%E3%80%81%E5%B8%82%E5%A0%B4/commercial_real_estate/page/3/,2,,0,,0,,2.5,
https://www.farglory-realty.com.tw/life-proposal-tag/3%E3%80%81%E4%BA%A4%E6%98%93/1%E8%B3%BC%E5%B1%8B%E6%B5%81%E7%A8%8B%E7%9B%B8%E9%97%9C/,2,,0,,0,,6.5,
https://www.farglory-realty.com.tw/life-proposal-tag/3%E3%80%81%E4%BA%A4%E6%98%93/1%E8%B3%BC%E5%B1%8B%E6%B5%81%E7%A8%8B%E7%9B%B8%E9%97%9C/%E5%AE%9A%E5%9E%8B%E5%8C%96%E5%A5%91%E7%B4%84/,2,1,1,0,0.5,-0.5,2.5,1.5
https://www.farglory-realty.com.tw/life-proposal-tag/3%E3%80%81%E4%BA%A4%E6%98%93/1%E8%B3%BC%E5%B1%8B%E6%B5%81%E7%A8%8B%E7%9B%B8%E9%97%9C/page/3/,2,,0,,0,,11,
https://www.farglory-realty.com.tw/life-proposal-tag/4%E3%80%81%E5%93%81%E7%89%8C/1%E5%93%81%E7%89%8C%E7%9B%B8%E9%97%9C/%E8%A9%95%E5%83%B9/,2,,0,,0,,11,
https://www.farglory-realty.com.tw/life-proposal-tag/5%E3%80%81%E5%8D%80%E5%9F%9F/,2,,0,,0,,4,
https://www.farglory-realty.com.tw/life-proposal-tag/5%E3%80%81%E5%8D%80%E5%9F%9F/1%E5%8D%80%E5%9F%9F%E5%9C%B0%E6%AE%B5/%E6%98%8E%E6%98%9F%E5%AD%B8%E5%8D%80/page/2/,2,,0,,0,,35.5,
https://www.farglory-realty.com.tw/life-proposal-tag/5%E3%80%81%E5%8D%80%E5%9F%9F/1%E5%8D%80%E5%9F%9F%E5%9C%B0%E6%AE%B5/%E7%B8%A3%E5%B8%82/,2,-0.8461538461538461,0,,0,,6,-0.21212121212121207
https://www.farglory-realty.com.tw/life-proposal-tag/5%E3%80%81%E5%8D%80%E5%9F%9F/1%E5%8D%80%E5%9F%9F%E5%9C%B0%E6%AE%B5/%E7%B8%A3%E5%B8%82/%E5%8F%B0%E4%B8%AD%E5%B8%82/eight/,2,,0,,0,,65.5,
https://www.farglory-realty.com.tw/life-proposal-tag/5%E3%80%81%E5%8D%80%E5%9F%9F/1%E5%8D%80%E5%9F%9F%E5%9C%B0%E6%AE%B5/%E7%B8%A3%E5%B8%82/%E5%8F%B0%E5%8C%97%E5%B8%82/shilin/,2,-0.3333333333333333,0,,0,,4,-0.6571428571428571
https://www.farglory-realty.com.tw/life-proposal-tag/5%E3%80%81%E5%8D%80%E5%9F%9F/1%E5%8D%80%E5%9F%9F%E5%9C%B0%E6%AE%B5/%E7%B8%A3%E5%B8%82/%E6%96%B0%E5%8C%97%E5%B8%82/xinzhuang/,2,,0,,0,,10.5,
https://www.farglory-realty.com.tw/life-proposal-tag/5%E3%80%81%E5%8D%80%E5%9F%9F/1%E5%8D%80%E5%9F%9F%E5%9C%B0%E6%AE%B5/%E7%B8%A3%E5%B8%82/%E6%96%B0%E7%AB%B9%E5%B8%82/,2,0,1,,0.5,,9,0.058823529411764705
https://www.farglory-realty.com.tw/life-proposal-tag/5%E3%80%81%E5%8D%80%E5%9F%9F/1%E5%8D%80%E5%9F%9F%E5%9C%B0%E6%AE%B5/%E7%B8%A3%E5%B8%82/%E6%A1%83%E5%9C%92%E5%B8%82/guishan/a7/,2,1,0,-1,0,-1,24,-0.6363636363636364
https://www.farglory-realty.com.tw/life-proposal-tag/6%E3%80%81%E7%94%A2%E5%93%81/,2,,0,,0,,19.5,
https://www.farglory-realty.com.tw/life-proposal-tag/6%E3%80%81%E7%94%A2%E5%93%81/1%E5%BB%BA%E7%AF%89%E5%B0%88%E6%9C%89%E5%90%8D%E8%A9%9E/%E4%BD%8F%E5%AE%85-%E5%BB%BA%E7%AF%89%E5%B0%88%E6%9C%89%E5%90%8D%E8%A9%9E/%E9%80%8F%E5%A4%A9/,2,,0,,0,,10.5,
https://www.farglory-realty.com.tw/life-proposal-tag/6%E3%80%81%E7%94%A2%E5%93%81/1%E5%BB%BA%E7%AF%89%E5%B0%88%E6%9C%89%E5%90%8D%E8%A9%9E/%E5%81%9C%E8%BB%8A%E4%BD%8D/%E6%B3%95%E5%AE%9A%E5%81%9C%E8%BB%8A%E4%BD%8D/,2,0,0,,0,,20.5,0.41379310344827586
https://www.farglory-realty.com.tw/life-proposal-tag/6%E3%80%81%E7%94%A2%E5%93%81/1%E5%BB%BA%E7%AF%89%E5%B0%88%E6%9C%89%E5%90%8D%E8%A9%9E/%E5%81%9C%E8%BB%8A%E4%BD%8D/%E7%8D%8E%E5%8B%B5%E5%81%9C%E8%BB%8A%E4%BD%8D/,2,,1,,0.5,,11.5,
https://www.farglory-realty.com.tw/life-proposal-tag/6%E3%80%81%E7%94%A2%E5%93%81/1%E5%BB%BA%E7%AF%89%E5%B0%88%E6%9C%89%E5%90%8D%E8%A9%9E/%E5%B1%8B%E5%9E%8B/%E6%88%90%E5%B1%8B/,2,1,0,,0,,26.5,-0.35365853658536583
https://www.farglory-realty.com.tw/life-proposal-tag/6%E3%80%81%E7%94%A2%E5%93%81/4%E7%94%A2%E5%93%81%E8%A6%8F%E5%8A%83-%E5%BB%BA%E7%AF%89/a-%E5%BB%BA%E7%AF%89%E8%A6%8F%E5%8A%83/%E6%99%BA%E6%85%A7%E5%BB%BA%E7%AF%89/,2,,0,,0,,8.5,
https://www.farglory-realty.com.tw/life-proposal-tag/6%E3%80%81%E7%94%A2%E5%93%81/4%E7%94%A2%E5%93%81%E8%A6%8F%E5%8A%83-%E5%BB%BA%E7%AF%89/a-%E5%BB%BA%E7%AF%89%E8%A6%8F%E5%8A%83/small_prepoerty/,2,,0,,0,,8,
https://www.farglory-realty.com.tw/life-proposal-tag/6%E3%80%81%E7%94%A2%E5%93%81/4%E7%94%A2%E5%93%81%E8%A6%8F%E5%8A%83-%E5%BB%BA%E7%AF%89/b-%E5%BB%BA%E7%AF%89%E8%A8%AD%E8%A8%88/,2,0,0,,0,,18,-0.4
https://www.farglory-realty.com.tw/life-proposal-tag/6%E3%80%81%E7%94%A2%E5%93%81/8%E5%BB%BA%E6%9D%90%E8%A6%8F%E5%8A%83/%E5%B0%88%E7%94%A8%E6%9D%90%E6%96%99/,2,0,0,,0,,33.5,0.7631578947368421
https://www.farglory-realty.com.tw/life-proposal-tag/6%E3%80%81%E7%94%A2%E5%93%81/9%E7%B5%90%E6%A7%8B/b-%E5%88%B6%E9%9C%87/,2,-0.6,0,-1,0,-1,7,-0.2222222222222222
https://www.farglory-realty.com.tw/life-proposal-tag/6%E3%80%81%E7%94%A2%E5%93%81/page/7/,2,,0,,0,,22,
https://www.farglory-realty.com.tw/life-proposal-tag/8%E3%80%81%E9%81%A0%E9%9B%84%E6%88%BF%E5%9C%B0%E7%94%A2%E5%BB%BA%E6%A1%88/%E9%81%A0%E9%9B%84%E6%96%87%E9%9D%92/,2,1,0,,0,,14.5,0.3181818181818182
https://www.farglory-realty.com.tw/life-proposal-tag/8%E3%80%81%E9%81%A0%E9%9B%84%E6%88%BF%E5%9C%B0%E7%94%A2%E5%BB%BA%E6%A1%88/%E9%81%A0%E9%9B%84%E7%90%A2%E8%98%8A/,2,,0,,0,,59.5,
https://www.farglory-realty.com.tw/life-proposal-tag/commercial/%E5%8F%B0%E5%95%86%E5%9B%9E%E5%8F%B0%E7%8D%8E%E5%8B%B5/,2,-0.5,0,,0,,55.5,0.08292682926829269
https://www.farglory-realty.com.tw/life-proposal-tag/commercial/%E7%A7%91%E5%AD%B8%E5%9C%92%E5%8D%80/%E7%AB%B9%E7%A7%91/,2,,0,,0,,6.5,
https://www.farglory-realty.com.tw/life-proposal-tag/law_property/%E4%B8%8D%E5%8B%95%E7%94%A2%E8%A9%90%E9%A8%99/,2,-0.3333333333333333,0,-1,0,-1,11.5,0.4375
https://www.farglory-realty.com.tw/life-proposal-tag/law_property/%E5%85%AC%E5%AF%93%E5%A4%A7%E5%BB%88%E7%AE%A1%E7%90%86/,2,1,0,,0,,41,9.25
https://www.farglory-realty.com.tw/life-proposal-tag/law_property/%E7%AE%A1%E5%A7%94%E6%9C%83%E7%AE%A1%E7%90%86/,2,1,1,,0.5,,9,-0.3076923076923077
https://www.farglory-realty.com.tw/life-proposal-tag/law_property/borrow_name_2/,2,0,0,,0,,34,2.4
https://www.farglory-realty.com.tw/life-proposal-tag/living_quality/cleaning/%E6%BB%B2%E6%BC%8F%E4%BF%AE%E7%B9%95/,2,-0.6,0,,0,,83.5,-0.10021551724137928
https://www.farglory-realty.com.tw/life-proposal-tag/macroeconomics-2/%E4%BE%9B%E6%87%89%E9%8F%88%E7%A7%BB%E8%BD%89/,2,0,0,,0,,10,0.17647058823529413
https://www.farglory-realty.com.tw/life-proposal-tag/macroeconomics-2/%E5%87%BA%E5%8F%A3%E8%A1%A8%E7%8F%BE/,2,0,0,,0,,28.5,-0.17391304347826086
https://www.farglory-realty.com.tw/life-proposal-tag/macroeconomics-2/%E5%B7%9D%E6%99%AE%E8%A1%8C%E6%94%BF%E5%91%BD%E4%BB%A4/,2,,0,,0,,27.5,
https://www.farglory-realty.com.tw/life-proposal-tag/macroeconomics-2/%E9%87%91%E5%83%B9%E6%BC%B2%E8%B7%8C/,2,0,0,,0,,50,0.05263157894736842
https://www.farglory-realty.com.tw/life-proposal-tag/macroeconomics-2/macromicro/page/2/,2,1,0,,0,,12.5,11.5
https://www.farglory-realty.com.tw/life-proposal-tag/macroeconomics-2/semiconductor/,2,,0,,0,,19,
https://www.farglory-realty.com.tw/life-proposal-tag/policy/%E5%BB%BA%E7%AF%89%E6%8A%80%E8%A1%93%E8%A6%8F%E5%89%87/,2,,0,,0,,4,
https://www.farglory-realty.com.tw/life-proposal-tag/policy/equalization/,2,,0,,0,,28,
https://www.farglory-realty.com.tw/life-proposal-tag/policy/rental_housing/,2,-0.3333333333333333,0,,0,,12.5,0.25
https://www.farglory-realty.com.tw/life-proposal-tag/real_estate-2/foreclosure/,2,,1,,0.5,,5,
https://www.farglory-realty.com.tw/life-proposal/%E6%88%BF%E7%94%A2%E9%A2%A8%E5%90%91%E7%90%83-%E5%B9%B3%E5%9D%87%E5%9C%B0%E6%AC%8A%E6%A2%9D%E4%BE%8B%E6%8B%8D%E6%9D%BF%E5%AE%9A%E6%A1%88%EF%BC%8C%E8%B2%B7%E6%88%BF%E8%A6%81%E6%B3%A8%E6%84%8F/,2,0,0,,0,,11.5,0.2777777777777778
https://www.farglory-realty.com.tw/life-proposal/area-s-khh-central_20240502/#elementor-toc__heading-anchor-3,2,,0,,0,,7,
https://www.farglory-realty.com.tw/life-proposal/area-tainan_west-central_redevelop_diamond_park_20250509/#elementor-toc__heading-anchor-2,2,,0,,0,,5,
https://www.farglory-realty.com.tw/life-proposal/expert_li_ai-projects_20250715/#elementor-toc__heading-anchor-0,2,1,0,,0,,8,0.3333333333333333
https://www.farglory-realty.com.tw/life-proposal/expert_macromicro_2025econ_20250730/#elementor-toc__heading-anchor-2,2,,0,,0,,11,
https://www.farglory-realty.com.tw/life-proposal/page/12/,2,,0,,0,,4,
https://www.farglory-realty.com.tw/life-proposal/page/39/,2,,0,,0,,21,
https://www.farglory-realty.com.tw/life_proposal/experts_point/%E7%8D%A8%E5%AE%B6%E5%B0%88%E6%AC%84/%E8%B2%A1%E7%B6%93%EF%BD%8D%E5%B9%B3%E6%96%B9/,2,1,0,,0,,10,-0.2857142857142857
https://www.farglory-realty.com.tw/may/,2,1,0,,0,,7.5,-0.7115384615384616
https://www.farglory-realty.com.tw/october2023/,2,-0.8,0,,0,,1.5,-0.8314606741573034
https://www.farglory-realty.com.tw/sales/HM2/G0642,2,-0.7777777777777778,0,,0,,5.5,-0.5330188679245284
https://www.farglory-realty.com.tw/sales/ah2/B5030,2,,2,,1,,1,
https://www.farglory-realty.com.tw/sales/ah2/B5654,2,,0,,0,,10.5,
https://www.farglory-realty.com.tw/sales/ah2/B5779,2,1,0,,0,,5.5,4.5
https://www.farglory-realty.com.tw/sales/ar1/G0155,2,,0,,0,,47,
https://www.farglory-realty.com.tw/sales/bh10/G1057,2,-0.875,0,-1,0,-1,1.5,0.4117647058823529
https://www.farglory-realty.com.tw/sales/bh8/G0117,2,-0.5,1,,0.5,,1,-0.7777777777777778
https://www.farglory-realty.com.tw/sales/cqh1/B5432,2,-0.3333333333333333,0,-1,0,-1,11,4.5
https://www.farglory-realty.com.tw/sales/dgm1/B4978,2,,0,,0,,1,
https://www.farglory-realty.com.tw/sales/dh2/G0275,2,-0.7142857142857143,0,-1,0,-1,1,0
https://www.farglory-realty.com.tw/sales/eh2/B3397,2,-0.3333333333333333,1,,0.5,,1.5,-0.9563106796116505
https://www.farglory-realty.com.tw/sales/eh5/G0309,2,-0.3333333333333333,1,,0.5,,1,-0.75
https://www.farglory-realty.com.tw/sales/eh5/G0598,2,,1,,0.5,,1,
https://www.farglory-realty.com.tw/september/,2,1,0,,0,,11.5,4.75
https://www.farglory-realty.com.tw/wom-recommendation/h713_cheng/,2,-0.3333333333333333,0,,0,,15,10.25
https://www.farglory-realty.com.tw/wp-content/uploads/2024/01/05%E6%9F%94%E5%92%8C%E8%9C%9C%E6%A1%83Peach-Fuzz-768x523.jpg,2,,0,,0,,26.5,
https://www.farglory-realty.com.tw/wp-content/uploads/2024/04/%E6%9C%AA%E4%BE%86%E5%AE%8C%E5%B7%A5%E5%9C%96_2880-768x512.jpg,2,,0,,0,,16,
https://www.farglory-realty.com.tw/wp-content/uploads/2024/06/%E5%9C%96%E8%A1%A822-768x561.png,2,,0,,0,,11.5,
https://www.farglory-realty.com.tw/wp-content/uploads/2024/07/29749b2f-aca5-422e-9642-4a979508b8e8.png,2,1,0,,0,,17,0.0625
https://www.farglory-realty.com.tw/wp-content/uploads/2025/01/%E7%B4%AB%E7%B7%9A%E8%A6%8F%E5%8A%83%E8%B7%AF%E7%B7%9A%E5%9C%96%E5%AE%98%E7%B6%B2_2980-768x552.jpg,2,,0,,0,,25.5,
https://www.farglory-realty.com.tw/wp-content/uploads/2025/02/CSHS_GATE-768x576.jpg,2,,0,,0,,8,
https://www.farglory-realty.com.tw/activity-report-category/activities_glance/activities_glance_list/ag_charitable_activities/,1,,0,,0,,8,
https://www.farglory-realty.com.tw/life-proposal-tag/living_quality/cleaning/%E7%8E%BB%E7%92%83%E6%B8%85%E6%BD%94/,1,,0,,0,,10,
https://www.farglory-realty.com.tw/activity-report-tag/%E8%B6%85%E7%B4%9A%E5%A5%BD%E5%8F%8B%E6%B4%BB%E5%8B%95/page/2/,1,0,0,,0,,9,0
https://www.farglory-realty.com.tw/activity-report/%E2%97%86-%E9%81%A0%E9%9B%84%E7%90%A2%E8%98%8A-%E6%9B%B8%E6%98%AF%E7%94%9F%E6%B4%BB-%E6%96%B0%E6%98%A5%E8%B5%B0%E8%AE%80-%E2%97%86/,1,,0,,0,,10,
https://www.farglory-realty.com.tw/activity-report/%E3%80%90%E9%81%A0%E9%9B%84%E4%BD%8F%E6%88%B6%E5%B0%88%E4%BA%AB%E3%80%91%E5%8F%B0%E5%8C%97%E5%A9%A6%E5%B9%BC%E7%94%A8%E5%93%81%E5%A4%A7%E5%B1%95%E5%85%8D%E8%B2%BB%E5%85%A5%E5%A0%B4/,1,0,0,,0,,18,17
https://www.farglory-realty.com.tw/activity-report/%E8%B6%85%E7%B4%9A%E5%A5%BD%E5%8F%8Bvip%E6%8E%A8%E8%96%A6%E8%B3%BC%E5%B1%8B%E5%A4%A7%E8%B3%9E-%E6%8E%A8%E8%96%A6%E8%B3%BC%E5%B1%8B%E9%80%81%E4%BD%A0%E9%81%8A%E6%9D%B1%E4%BA%AC/,1,,0,,0,,7,
https://www.farglory-realty.com.tw/activity-report/%E9%81%A0%E9%9B%84%E6%88%BF%E5%9C%B0%E7%94%A2%E5%AE%98%E6%96%B9line-5%E6%9C%88%E4%BB%BD%E9%80%B1%E9%80%B1%E6%8A%BD%E6%B4%BB%E5%8B%95/,1,-0.5,0,,0,,9,-0.1
https://www.farglory-realty.com.tw/activity-report/%E9%81%A0%E9%9B%84%E6%88%BF%E5%9C%B0%E7%94%A2%E5%AE%98%E6%96%B9line-6%E6%9C%88%E9%80%B1%E9%80%B1%E6%8A%BD/,1,-0.5,0,,0,,1,-0.8823529411764706
https://www.farglory-realty.com.tw/activity-report/%E9%81%A0%E9%9B%84%E6%88%BF%E5%9C%B0%E7%94%A2%E5%AE%98%E7%B6%B2%E6%BB%BF%E6%84%8F%E5%BA%A6%E5%95%8F%E5%88%B8%E8%AA%BF%E6%9F%A5-2025%E5%B9%B4%E7%AC%AC%E4%BA%8C%E5%AD%A3-%E5%BE%97%E7%8D%8E%E5%85%AC/,1,-0.5,0,,0,,48,2.4285714285714284
https://www.farglory-realty.com.tw/activity-report/%E9%81%A0%E9%9B%84%E7%90%A2%E8%98%8A%E7%B7%9A%E4%B8%8A%E6%8E%A5%E5%BE%85%E4%B8%AD%E5%BF%83%E5%95%8F%E5%88%B8%E5%A4%A7%E8%AA%BF%E6%9F%A5%E5%BE%97%E7%8D%8E%E5%85%AC%E5%91%8A/,1,-0.9,0,,0,,8,-0.09090909090909098
https://www.farglory-realty.com.tw/activity-report/2023cny_dh5/,1,0,0,-1,0,-1,3,-0.25
https://www.farglory-realty.com.tw/activity-report/2023gold-1/,1,,0,,0,,7,
https://www.farglory-realty.com.tw/activity-report/202410/,1,-0.5,0,,0,,10,-0.48717948717948717
https://www.farglory-realty.com.tw/activity-report/39339/,1,-0.5,0,,0,,15,0.7647058823529411
https://www.farglory-realty.com.tw/activity-report/9%E6%9C%88%E8%B3%BC%E5%B1%8B%E6%84%8F%E9%A1%98%E5%95%8F%E5%8D%B7%E6%8A%BD%E7%8D%8E-%E5%BE%97%E7%8D%8E%E5%85%AC%E5%91%8A/,1,0,0,,0,,27,2.375
https://www.farglory-realty.com.tw/activity-report/art_gallery_202110/,1,,0,,0,,19,
https://www.farglory-realty.com.tw/activity-report/h109_2023cny/,1,-0.8333333333333334,0,,0,,12,-0.12195121951219508
https://www.farglory-realty.com.tw/activity-report/h713_2022_mar/,1,0,0,,0,,6,-0.4
https://www.farglory-realty.com.tw/activity-report/h713_event_carrefour/,1,-0.6666666666666666,0,,0,,8,-0.07692307692307705
https://www.farglory-realty.com.tw/activity-report/h807_cny_2024012t/,1,-0.8333333333333334,0,,0,,45,1.5714285714285714
https://www.farglory-realty.com.tw/activity-report/h902_2023cny/,1,0,0,,0,,36,1
https://www.farglory-realty.com.tw/activity-report/line%E6%B4%BB%E5%8B%95-11%E6%9C%88%E9%80%B1%E9%80%B1%E6%8A%BD500%E9%BB%9E%E4%B8%AD%E7%8D%8E%E5%90%8D%E5%96%AE/,1,,0,,0,,3,
https://www.farglory-realty.com.tw/activity-report/ucity_bed_20230315/,1,-0.8333333333333334,0,-1,0,-1,10,0.03448275862068972
https://www.farglory-realty.com.tw/activity-report/ucity_may_drama/,1,0,0,,0,,10,0.1111111111111111
https://www.farglory-realty.com.tw/activity-report/ucity_nov_20231101/,1,0,0,,0,,16,0.23076923076923078
https://www.farglory-realty.com.tw/activity-report/ucity_oct_pet/,1,,0,,0,,9,
https://www.farglory-realty.com.tw/aug2025/,1,-0.9090909090909091,0,,0,,1,-0.7843137254901961
https://www.farglory-realty.com.tw/author/gctest/,1,-0.75,0,,0,,6,1.4
https://www.farglory-realty.com.tw/building-category-tag/%E4%BD%8F%E5%AE%85%E5%B7%B2%E5%AE%8C%E9%8A%B7/,1,,0,,0,,46,
https://www.farglory-realty.com.tw/building-category-tag/%E7%B2%BE%E9%81%B8%E5%BA%97%E9%9D%A2/,1,,0,,0,,11,
https://www.farglory-realty.com.tw/building-category-tag/featured_existing_house/,1,,0,,0,,11,
https://www.farglory-realty.com.tw/building-category-tag/featured_factory_office/,1,,0,,0,,7,
https://www.farglory-realty.com.tw/building-tag/%E9%A3%AF%E5%BA%97%E5%AE%85/,1,,0,,0,,8,
https://www.farglory-realty.com.tw/building-tag/build-tag-plan/page/2/,1,0,0,,0,,7,-0.2222222222222222
https://www.farglory-realty.com.tw/building-tag/build-tag-rail/,1,,0,,0,,28,
https://www.farglory-realty.com.tw/building-tag/build-tag-virus/,1,0,0,,0,,13,0.08333333333333333
https://www.farglory-realty.com.tw/contact_service/contact_us/%E8%81%AF%E7%B5%A1%E6%88%91%E5%80%91%E9%80%81%E5%87%BA%E6%88%90%E5%8A%9F/,1,0,0,,0,,10,0
https://www.farglory-realty.com.tw/february/,1,0,0,,0,,8,0.14285714285714285
https://www.farglory-realty.com.tw/february2024/,1,,0,,0,,11,
https://www.farglory-realty.com.tw/jan2025/,1,-0.75,0,,0,,75,1.097902097902098
https://www.farglory-realty.com.tw/jul2025/,1,-0.9285714285714286,0,,0,,2,-0.7254901960784313
https://www.farglory-realty.com.tw/june/,1,-0.9090909090909091,0,,0,,2,-0.6716417910447761
https://www.farglory-realty.com.tw/landing-page/%E9%9D%92%E6%9C%8B%E5%A5%BD%E5%8F%8B%E5%A4%A7%E5%8B%9F%E9%9B%86-%E9%81%A0%E9%9B%84%E6%96%87%E9%9D%92%E5%A5%BD%E5%8F%8B%E9%99%90%E5%AE%9A/,1,-0.75,0,,0,,3,-0.7073170731707317
https://www.farglory-realty.com.tw/landing-page/%E9%9D%92%E6%9C%8B%E5%A5%BD%E5%8F%8B%E5%A4%A7%E5%8B%9F%E9%9B%86/,1,,0,,0,,36,
https://www.farglory-realty.com.tw/landing-page/0824sms/,1,0,0,,0,,25,24
https://www.farglory-realty.com.tw/landing-page/20240312/,1,,0,,0,,11,
https://www.farglory-realty.com.tw/life-proposal-category/music_life/,1,,0,,0,,18,
https://www.farglory-realty.com.tw/life-proposal-tag/%E4%B8%80/,1,-0.5,0,,0,,9,0.8
https://www.farglory-realty.com.tw/life-proposal-tag/%E4%B8%89%E3%80%81%E8%B2%B7%E6%88%BF%E5%BE%8C-%E4%BF%9D%E9%9A%AA/,1,,0,,0,,12,
https://www.farglory-realty.com.tw/life-proposal-tag/%E4%B8%89%E3%80%81%E8%B2%B7%E6%88%BF%E5%BE%8C-%E4%BF%9D%E9%9A%AA/earthquake_insurance/,1,-0.6666666666666666,0,,0,,11,-0.67
https://www.farglory-realty.com.tw/life-proposal-tag/%E4%B8%89%E3%80%81%E8%B2%B7%E6%88%BF%E5%BE%8C-%E7%A9%BA%E9%96%93%E8%A6%8F%E5%8A%83/balcony/,1,0,0,,0,,7,0.75
https://www.farglory-realty.com.tw/life-proposal-tag/%E4%BA%8C/%E6%88%BF%E8%B2%B8%E7%B7%8A%E7%B8%AE/,1,,0,,0,,1,
https://www.farglory-realty.com.tw/life-proposal-tag/%E4%BA%8C/%E6%88%BF%E8%B2%B8/%E8%B2%B8%E6%AC%BE%E5%88%A9%E7%8E%87/,1,-0.5,0,,0,,12,0.8461538461538461
https://www.farglory-realty.com.tw/life-proposal-tag/%E4%BA%8C/%E8%B2%B8%E6%AC%BE%E6%88%90%E6%95%B8/,1,0,0,,0,,15,6.5
https://www.farglory-realty.com.tw/life-proposal-tag/%E4%BA%8C/page/4/,1,,0,,0,,11,
https://www.farglory-realty.com.tw/life-proposal-tag/1%E3%80%81%E5%AE%A2%E5%B1%A4/,1,,0,,0,,24,
https://www.farglory-realty.com.tw/life-proposal-tag/1%E3%80%81%E5%AE%A2%E5%B1%A4/1%E8%B3%BC%E5%B1%8B%E5%B0%8D%E8%B1%A1/%E6%96%B0%E5%A9%9A/,1,0,1,,1,,6,-0.3333333333333333
https://www.farglory-realty.com.tw/life-proposal-tag/1%E3%80%81%E5%AE%A2%E5%B1%A4/1%E8%B3%BC%E5%B1%8B%E5%B0%8D%E8%B1%A1/page/2/,1,,0,,0,,10,
https://www.farglory-realty.com.tw/life-proposal-tag/1%E3%80%81%E5%AE%A2%E5%B1%A4/2%E8%B3%BC%E5%B1%8B%E9%9C%80%E6%B1%82/,1,,0,,0,,9,
https://www.farglory-realty.com.tw/life-proposal-tag/1%E3%80%81%E5%AE%A2%E5%B1%A4/2%E8%B3%BC%E5%B1%8B%E9%9C%80%E6%B1%82/%E6%8A%95%E8%B3%87-%E8%B3%BC%E5%B1%8B%E9%9C%80%E6%B1%82/,1,,0,,0,,2,
https://www.farglory-realty.com.tw/life-proposal-tag/1%E3%80%81%E5%AE%A2%E5%B1%A4/2%E8%B3%BC%E5%B1%8B%E9%9C%80%E6%B1%82/%E8%87%AA%E4%BD%8F/,1,,0,,0,,2,
https://www.farglory-realty.com.tw/life-proposal-tag/2%E3%80%81%E5%B8%82%E5%A0%B4/1%E5%B8%82%E5%A0%B4%E7%9B%B8%E9%97%9C%E5%B0%88%E6%9C%89%E8%A9%9E/%E4%BD%8F%E5%AE%85/,1,,0,,0,,10,
https://www.farglory-realty.com.tw/life-proposal-tag/2%E3%80%81%E5%B8%82%E5%A0%B4/1%E5%B8%82%E5%A0%B4%E7%9B%B8%E9%97%9C%E5%B0%88%E6%9C%89%E8%A9%9E/%E6%88%BF%E5%9C%B0%E7%94%A2%E5%B8%82%E5%A0%B4/page/4/,1,,0,,0,,9,
https://www.farglory-realty.com.tw/life-proposal-tag/2%E3%80%81%E5%B8%82%E5%A0%B4/1%E5%B8%82%E5%A0%B4%E7%9B%B8%E9%97%9C%E5%B0%88%E6%9C%89%E8%A9%9E/%E9%99%90%E8%B2%B8%E4%BB%A4/,1,-0.6666666666666666,0,,0,,20,-0.5522388059701492
https://www.farglory-realty.com.tw/life-proposal-tag/2%E3%80%81%E5%B8%82%E5%A0%B4/1%E5%B8%82%E5%A0%B4%E7%9B%B8%E9%97%9C%E5%B0%88%E6%9C%89%E8%A9%9E/2025%E6%88%BF%E5%B8%82%E8%B6%A8%E5%8B%A2/,1,-0.8333333333333334,0,,0,,1,-0.75
https://www.farglory-realty.com.tw/life-proposal-tag/2%E3%80%81%E5%B8%82%E5%A0%B4/1%E5%B8%82%E5%A0%B4%E7%9B%B8%E9%97%9C%E5%B0%88%E6%9C%89%E8%A9%9E/mortage_increase/,1,,0,,0,,4,
https://www.farglory-realty.com.tw/life-proposal-tag/2%E3%80%81%E5%B8%82%E5%A0%B4/1%E5%B8%82%E5%A0%B4%E7%9B%B8%E9%97%9C%E5%B0%88%E6%9C%89%E8%A9%9E/page/3/,1,,0,,0,,4,
https://www.farglory-realty.com.tw/life-proposal-tag/2%E3%80%81%E5%B8%82%E5%A0%B4/1%E5%B8%82%E5%A0%B4%E7%9B%B8%E9%97%9C%E5%B0%88%E6%9C%89%E8%A9%9E/page/5/,1,,0,,0,,13,
https://www.farglory-realty.com.tw/life-proposal-tag/2%E3%80%81%E5%B8%82%E5%A0%B4/1%E5%B8%82%E5%A0%B4%E7%9B%B8%E9%97%9C%E5%B0%88%E6%9C%89%E8%A9%9E/page/7/,1,,0,,0,,13,
https://www.farglory-realty.com.tw/life-proposal-tag/2%E3%80%81%E5%B8%82%E5%A0%B4/2%E7%A8%85%E5%8B%99%E6%94%BF%E7%AD%96%E7%9B%B8%E9%97%9C/%E8%87%AA%E7%94%A8%E4%BD%8F%E5%AE%85/,1,,0,,0,,2,
https://www.farglory-realty.com.tw/life-proposal-tag/2%E3%80%81%E5%B8%82%E5%A0%B4/2%E7%A8%85%E5%8B%99%E6%94%BF%E7%AD%96%E7%9B%B8%E9%97%9C/estate_tax/%E8%87%AA%E6%9B%B8%E9%81%BA%E5%9B%91/,1,,0,,0,,41,
https://www.farglory-realty.com.tw/life-proposal-tag/2%E3%80%81%E5%B8%82%E5%A0%B4/2%E7%A8%85%E5%8B%99%E6%94%BF%E7%AD%96%E7%9B%B8%E9%97%9C/gift_tax/,1,,0,,0,,34,
https://www.farglory-realty.com.tw/life-proposal-tag/2%E3%80%81%E5%B8%82%E5%A0%B4/2%E7%A8%85%E5%8B%99%E6%94%BF%E7%AD%96%E7%9B%B8%E9%97%9C/house-and-land/,1,,0,,0,,19,
https://www.farglory-realty.com.tw/life-proposal-tag/2%E3%80%81%E5%B8%82%E5%A0%B4/2%E7%A8%85%E5%8B%99%E6%94%BF%E7%AD%96%E7%9B%B8%E9%97%9C/multi-house_tax/,1,,0,,0,,1,
https://www.farglory-realty.com.tw/life-proposal-tag/2%E3%80%81%E5%B8%82%E5%A0%B4/page/12/,1,,0,,0,,10,
https://www.farglory-realty.com.tw/life-proposal-tag/2%E3%80%81%E5%B8%82%E5%A0%B4/page/15/,1,,0,,0,,7,
https://www.farglory-realty.com.tw/life-proposal-tag/3%E3%80%81%E4%BA%A4%E6%98%93/1%E8%B3%BC%E5%B1%8B%E6%B5%81%E7%A8%8B%E7%9B%B8%E9%97%9C/%E6%AC%8A%E7%8B%80/,1,-0.5,0,,0,,43,3.3
https://www.farglory-realty.com.tw/life-proposal-tag/3%E3%80%81%E4%BA%A4%E6%98%93/1%E8%B3%BC%E5%B1%8B%E6%B5%81%E7%A8%8B%E7%9B%B8%E9%97%9C/%E9%A9%97%E5%B1%8B%E6%B5%81%E7%A8%8B/%E5%BB%9A%E6%88%BF%E8%A8%AD%E5%82%99/,1,,0,,0,,10,
https://www.farglory-realty.com.tw/life-proposal-tag/5%E3%80%81%E5%8D%80%E5%9F%9F/1%E5%8D%80%E5%9F%9F%E5%9C%B0%E6%AE%B5/%E4%BA%A4%E9%80%9A%E6%A9%9F%E8%83%BD/page/2/,1,,0,,0,,21,
https://www.farglory-realty.com.tw/life-proposal-tag/5%E3%80%81%E5%8D%80%E5%9F%9F/1%E5%8D%80%E5%9F%9F%E5%9C%B0%E6%AE%B5/%E7%94%9F%E6%B4%BB%E6%A9%9F%E8%83%BD/%E7%99%BE%E8%B2%A8%E5%95%86%E5%A0%B4/,1,-0.6666666666666666,0,-1,0,-1,3,-0.7272727272727273
https://www.farglory-realty.com.tw/life-proposal-tag/5%E3%80%81%E5%8D%80%E5%9F%9F/1%E5%8D%80%E5%9F%9F%E5%9C%B0%E6%AE%B5/%E7%94%9F%E6%B4%BB%E6%A9%9F%E8%83%BD/page/3/,1,,0,,0,,7,
https://www.farglory-realty.com.tw/life-proposal-tag/5%E3%80%81%E5%8D%80%E5%9F%9F/1%E5%8D%80%E5%9F%9F%E5%9C%B0%E6%AE%B5/%E7%B8%A3%E5%B8%82/%E5%8F%B0%E4%B8%AD%E5%B8%82/qingshui/,1,0,0,,0,,45,44
https://www.farglory-realty.com.tw/life-proposal-tag/5%E3%80%81%E5%8D%80%E5%9F%9F/1%E5%8D%80%E5%9F%9F%E5%9C%B0%E6%AE%B5/%E7%B8%A3%E5%B8%82/%E5%8F%B0%E4%B8%AD%E5%B8%82/xitun/page/2/,1,,1,,1,,4,
https://www.farglory-realty.com.tw/life-proposal-tag/5%E3%80%81%E5%8D%80%E5%9F%9F/1%E5%8D%80%E5%9F%9F%E5%9C%B0%E6%AE%B5/%E7%B8%A3%E5%B8%82/%E5%8F%B0%E5%8C%97%E5%B8%82/,1,0,0,,0,,9,1.25
https://www.farglory-realty.com.tw/life-proposal-tag/5%E3%80%81%E5%8D%80%E5%9F%9F/1%E5%8D%80%E5%9F%9F%E5%9C%B0%E6%AE%B5/%E7%B8%A3%E5%B8%82/%E6%96%B0%E5%8C%97%E5%B8%82/%E6%9D%BF%E6%A9%8B%E5%8D%80/%E5%8D%97%E9%9B%85%E5%9C%B0%E5%8D%80/,1,-0.9666666666666667,0,-1,0,-1,90,5.279069767441861
https://www.farglory-realty.com.tw/life-proposal-tag/5%E3%80%81%E5%8D%80%E5%9F%9F/1%E5%8D%80%E5%9F%9F%E5%9C%B0%E6%AE%B5/%E7%B8%A3%E5%B8%82/%E6%96%B0%E5%8C%97%E5%B8%82/page/2/,1,,0,,0,,8,
https://www.farglory-realty.com.tw/life-proposal-tag/5%E3%80%81%E5%8D%80%E5%9F%9F/1%E5%8D%80%E5%9F%9F%E5%9C%B0%E6%AE%B5/%E7%B8%A3%E5%B8%82/%E6%96%B0%E7%AB%B9%E5%B8%82/%E6%96%B0%E7%AB%B9%E5%B8%82%E6%9D%B1%E5%8D%80/,1,,0,,0,,11,
https://www.farglory-realty.com.tw/life-proposal-tag/5%E3%80%81%E5%8D%80%E5%9F%9F/1%E5%8D%80%E5%9F%9F%E5%9C%B0%E6%AE%B5/%E7%B8%A3%E5%B8%82/%E6%A1%83%E5%9C%92%E5%B8%82/guishan/,1,-0.75,0,,0,,42,0.6153846153846154
https://www.farglory-realty.com.tw/life-proposal-tag/5%E3%80%81%E5%8D%80%E5%9F%9F/1%E5%8D%80%E5%9F%9F%E5%9C%B0%E6%AE%B5/%E7%B8%A3%E5%B8%82/%E6%A1%83%E5%9C%92%E5%B8%82/zhongli/,1,-0.9090909090909091,0,,0,,31,1.9396551724137931
https://www.farglory-realty.com.tw/life-proposal-tag/5%E3%80%81%E5%8D%80%E5%9F%9F/1%E5%8D%80%E5%9F%9F%E5%9C%B0%E6%AE%B5/%E7%B8%A3%E5%B8%82/%E9%AB%98%E9%9B%84%E5%B8%82/sanmin/,1,,0,,0,,36,
https://www.farglory-realty.com.tw/life-proposal-tag/5%E3%80%81%E5%8D%80%E5%9F%9F/1%E5%8D%80%E5%9F%9F%E5%9C%B0%E6%AE%B5/page/4/,1,,0,,0,,32,
https://www.farglory-realty.com.tw/life-proposal-tag/6%E3%80%81%E7%94%A2%E5%93%81/1%E5%BB%BA%E7%AF%89%E5%B0%88%E6%9C%89%E5%90%8D%E8%A9%9E/%E5%95%86%E5%BB%A0%E8%BE%A6-%E5%BB%BA%E7%AF%89%E5%B0%88%E6%9C%89%E5%90%8D%E8%A9%9E/%E5%95%86%E8%BE%A6/,1,,0,,0,,2,
https://www.farglory-realty.com.tw/life-proposal-tag/6%E3%80%81%E7%94%A2%E5%93%81/1%E5%BB%BA%E7%AF%89%E5%B0%88%E6%9C%89%E5%90%8D%E8%A9%9E/%E5%B1%8B%E5%9E%8B/%E4%B8%AD%E5%8F%A4%E5%B1%8B/,1,-0.5,0,,0,,7,-0.2222222222222222
https://www.farglory-realty.com.tw/life-proposal-tag/6%E3%80%81%E7%94%A2%E5%93%81/1%E5%BB%BA%E7%AF%89%E5%B0%88%E6%9C%89%E5%90%8D%E8%A9%9E/industrial/,1,,0,,0,,2,
https://www.farglory-realty.com.tw/life-proposal-tag/6%E3%80%81%E7%94%A2%E5%93%81/1%E5%BB%BA%E7%AF%89%E5%B0%88%E6%9C%89%E5%90%8D%E8%A9%9E/page/2/,1,,0,,0,,24,
https://www.farglory-realty.com.tw/life-proposal-tag/6%E3%80%81%E7%94%A2%E5%93%81/1%E5%BB%BA%E7%AF%89%E5%B0%88%E6%9C%89%E5%90%8D%E8%A9%9E/page/3/,1,,0,,0,,13,
https://www.farglory-realty.com.tw/life-proposal-tag/6%E3%80%81%E7%94%A2%E5%93%81/1%E5%BB%BA%E7%AF%89%E5%B0%88%E6%9C%89%E5%90%8D%E8%A9%9E/page/4/,1,,0,,0,,10,
https://www.farglory-realty.com.tw/life-proposal-tag/6%E3%80%81%E7%94%A2%E5%93%81/10%E9%85%8D%E5%82%99/,1,,0,,0,,10,
https://www.farglory-realty.com.tw/life-proposal-tag/6%E3%80%81%E7%94%A2%E5%93%81/11%E8%A8%AD%E8%A8%88%E9%A2%A8%E6%A0%BC%E9%A1%9E%E5%9E%8B/ldk/,1,,1,,1,,3,
https://www.farglory-realty.com.tw/life-proposal-tag/6%E3%80%81%E7%94%A2%E5%93%81/14-%E7%94%A2%E5%93%81%E9%9C%80%E6%B1%82/ai-home/,1,,0,,0,,63,
https://www.farglory-realty.com.tw/life-proposal-tag/6%E3%80%81%E7%94%A2%E5%93%81/14-%E7%94%A2%E5%93%81%E9%9C%80%E6%B1%82/pet_house/,1,-0.5,0,,0,,12,1
https://www.farglory-realty.com.tw/life-proposal-tag/6%E3%80%81%E7%94%A2%E5%93%81/2%E5%BB%BA%E7%AF%89%E8%A8%88%E7%AE%97/%E5%BB%BA%E8%94%BD%E7%8E%87/,1,,1,,1,,1,
https://www.farglory-realty.com.tw/life-proposal-tag/6%E3%80%81%E7%94%A2%E5%93%81/2%E5%BB%BA%E7%AF%89%E8%A8%88%E7%AE%97/%E9%99%84%E5%B1%AC%E5%BB%BA%E7%89%A9/,1,0,0,,0,,9,-0.35714285714285715
https://www.farglory-realty.com.tw/life-proposal-tag/6%E3%80%81%E7%94%A2%E5%93%81/4%E7%94%A2%E5%93%81%E8%A6%8F%E5%8A%83-%E5%BB%BA%E7%AF%89/a-%E5%BB%BA%E7%AF%89%E8%A6%8F%E5%8A%83/,1,0,0,,0,,9,0.5
https://www.farglory-realty.com.tw/life-proposal-tag/6%E3%80%81%E7%94%A2%E5%93%81/4%E7%94%A2%E5%93%81%E8%A6%8F%E5%8A%83-%E5%BB%BA%E7%AF%89/a-%E5%BB%BA%E7%AF%89%E8%A6%8F%E5%8A%83/%E9%99%8D%E6%BA%AB%E7%AF%80%E8%83%BD/%E5%B1%8B%E9%A0%82%E7%B6%A0%E5%8C%96/,1,,0,,0,,10,
https://www.farglory-realty.com.tw/life-proposal-tag/6%E3%80%81%E7%94%A2%E5%93%81/4%E7%94%A2%E5%93%81%E8%A6%8F%E5%8A%83-%E5%BB%BA%E7%AF%89/a-%E5%BB%BA%E7%AF%89%E8%A6%8F%E5%8A%83/%E9%99%8D%E6%BA%AB%E7%AF%80%E8%83%BD/low-e-%E7%8E%BB%E7%92%83/,1,0,0,,0,,7,0
https://www.farglory-realty.com.tw/life-proposal-tag/6%E3%80%81%E7%94%A2%E5%93%81/4%E7%94%A2%E5%93%81%E8%A6%8F%E5%8A%83-%E5%BB%BA%E7%AF%89/a-%E5%BB%BA%E7%AF%89%E8%A6%8F%E5%8A%83/page/3/,1,,0,,0,,6,
https://www.farglory-realty.com.tw/life-proposal-tag/6%E3%80%81%E7%94%A2%E5%93%81/4%E7%94%A2%E5%93%81%E8%A6%8F%E5%8A%83-%E5%BB%BA%E7%AF%89/b-%E5%BB%BA%E7%AF%89%E8%A8%AD%E8%A8%88/%E5%BB%BA%E7%AF%89%E5%B7%A5%E7%A8%8B/,1,0,0,,0,,22,1.4444444444444444
https://www.farglory-realty.com.tw/life-proposal-tag/6%E3%80%81%E7%94%A2%E5%93%81/4%E7%94%A2%E5%93%81%E8%A6%8F%E5%8A%83-%E5%BB%BA%E7%AF%89/c-%E5%BB%BA%E7%AF%89%E9%A2%A8%E6%A0%BC/,1,,0,,0,,6,
https://www.farglory-realty.com.tw/life-proposal-tag/6%E3%80%81%E7%94%A2%E5%93%81/5%E7%94%A2%E5%93%81%E8%A6%8F%E5%8A%83-%E6%99%AF%E8%A7%80/b-%E6%99%AF%E8%A7%80%E9%A2%A8%E6%A0%BC/,1,0,0,,0,,13,2.25
https://www.farglory-realty.com.tw/life-proposal-tag/6%E3%80%81%E7%94%A2%E5%93%81/8%E5%BB%BA%E6%9D%90%E8%A6%8F%E5%8A%83/%E9%9A%94%E9%9F%B3/,1,0,0,,0,,16,3
https://www.farglory-realty.com.tw/life-proposal-tag/6%E3%80%81%E7%94%A2%E5%93%81/9%E7%B5%90%E6%A7%8B/%E9%8B%BC%E7%AD%8B%E5%B7%A5%E7%A8%8B/,1,,0,,0,,8,
https://www.farglory-realty.com.tw/life-proposal-tag/7%E3%80%81%E7%89%B9%E6%AE%8A%E5%AE%85/,1,,0,,0,,21,
https://www.farglory-realty.com.tw/life-proposal-tag/7%E3%80%81%E7%89%B9%E6%AE%8A%E5%AE%85/%E9%A3%AF%E5%BA%97%E5%AE%85/,1,,1,,1,,4,
https://www.farglory-realty.com.tw/life-proposal-tag/8%E3%80%81%E9%81%A0%E9%9B%84%E6%88%BF%E5%9C%B0%E7%94%A2%E5%BB%BA%E6%A1%88/,1,,0,,0,,5,
https://www.farglory-realty.com.tw/life-proposal-tag/8%E3%80%81%E9%81%A0%E9%9B%84%E6%88%BF%E5%9C%B0%E7%94%A2%E5%BB%BA%E6%A1%88/%E9%81%A0%E9%9B%84%E4%B9%9D%E4%BA%94/,1,,0,,0,,26,
https://www.farglory-realty.com.tw/life-proposal-tag/commercial/%E7%A7%91%E5%AD%B8%E5%9C%92%E5%8D%80/,1,0,0,,0,,2,-0.8181818181818182
https://www.farglory-realty.com.tw/life-proposal-tag/commercial/%E7%A7%91%E5%AD%B8%E5%9C%92%E5%8D%80/%E5%8D%97%E7%A7%91-commercial/,1,,0,,0,,4,
https://www.farglory-realty.com.tw/life-proposal-tag/commercial/%E7%A7%91%E6%8A%80%E6%A5%AD/,1,,0,,0,,12,
https://www.farglory-realty.com.tw/life-proposal-tag/commercial/page/2/,1,,0,,0,,6,
https://www.farglory-realty.com.tw/life-proposal-tag/expert/page/3/,1,0,0,,0,,9,2
https://www.farglory-realty.com.tw/life-proposal-tag/interior_design-2/lighting/,1,,0,,0,,8,
https://www.farglory-realty.com.tw/life-proposal-tag/law_property/,1,,0,,0,,27,
https://www.farglory-realty.com.tw/life-proposal-tag/law_property/%E4%BF%A1%E8%A8%97%E4%BF%9D%E9%9A%9C/,1,,0,,0,,5,
https://www.farglory-realty.com.tw/life-proposal-tag/law_property/%E5%8D%80%E5%88%86%E6%89%80%E6%9C%89%E6%AC%8A%E4%BA%BA/,1,,0,,0,,12,
https://www.farglory-realty.com.tw/life-proposal-tag/law_property/page/2/,1,0,0,,0,,1,-0.9090909090909091
https://www.farglory-realty.com.tw/wp-content/uploads/2025/11/%E8%8F%AF%E4%BA%9E%E5%9C%92%E5%8D%801-1-768x575.jpg,1,,0,,0,,34,
https://www.farglory-realty.com.tw/life-proposal-tag/macroeconomics-2/,1,-0.8333333333333334,0,,0,,15,2.3333333333333335
https://www.farglory-realty.com.tw/life-proposal-tag/macroeconomics-2/%E4%B8%AD%E5%9C%8B%E5%B8%82%E5%A0%B4/%E4%B8%AD%E5%9C%8B%E8%82%A1%E5%B8%82/,1,,0,,0,,44,
https://www.farglory-realty.com.tw/life-proposal-tag/macroeconomics-2/%E5%B7%9D%E6%99%AE%E8%A1%8C%E6%94%BF%E5%91%BD%E4%BB%A4/%E4%B8%AD%E5%9C%8B%E5%A0%B1%E5%BE%A9%E6%80%A7%E9%97%9C%E7%A8%85/,1,0,0,,0,,52,-0.35802469135802467
https://www.farglory-realty.com.tw/life-proposal-tag/macroeconomics-2/%E6%AD%90%E6%B4%B2%E5%A4%AE%E8%A1%8C/,1,,0,,0,,9,
https://www.farglory-realty.com.tw/life-proposal-tag/macroeconomics-2/%E8%B3%87%E6%9C%AC%E6%94%AF%E5%87%BA/,1,,0,,0,,9,
https://www.farglory-realty.com.tw/life-proposal-tag/macroeconomics-2/%E9%87%91%E5%83%B9%E6%BC%B2%E8%B7%8C/%E8%B2%B4%E9%87%91%E5%B1%AC/,1,0,0,,0,,12,-0.14285714285714285
https://www.farglory-realty.com.tw/life-proposal-tag/macroeconomics-2/climate_change/,1,0,0,,0,,3,0
https://www.farglory-realty.com.tw/life-proposal-tag/macroeconomics-2/cost_creasing/,1,-0.75,0,,0,,6,-0.7798165137614679
https://www.farglory-realty.com.tw/life-proposal-tag/macroeconomics-2/cpi/,1,0,0,,0,,47,-0.04081632653061224
https://www.farglory-realty.com.tw/life-proposal-tag/macroeconomics-2/fed/,1,,0,,0,,11,
https://www.farglory-realty.com.tw/life-proposal-tag/macroeconomics-2/gdp/,1,,0,,0,,5,
https://www.farglory-realty.com.tw/life-proposal-tag/macroeconomics-2/inflation/page/2/,1,0,0,,0,,5,0.25
https://www.farglory-realty.com.tw/life-proposal-tag/macroeconomics-2/manufacturing/,1,,0,,0,,9,
https://www.farglory-realty.com.tw/life-proposal-tag/macroeconomics-2/manufacturing/page/2/,1,,0,,0,,6,
https://www.farglory-realty.com.tw/life-proposal-tag/macroeconomics-2/pmi/,1,0,0,,0,,9,3.5
https://www.farglory-realty.com.tw/life-proposal-tag/macroeconomics-2/semiconductor/%E5%8F%B0%E7%A9%8D%E9%9B%BB/,1,,0,,0,,11,
https://www.farglory-realty.com.tw/life-proposal-tag/policy/%E9%81%B8%E6%93%87%E6%80%A7%E4%BF%A1%E7%94%A8%E7%AE%A1%E5%88%B6-policy/%E7%A7%91%E7%9B%AE%E5%9B%9B/,1,,0,,0,,13,
https://www.farglory-realty.com.tw/life-proposal-tag/policy/%E9%83%BD%E5%B8%82%E8%A8%88%E7%95%AB/%E9%83%BD%E6%9B%B4/,1,-0.8,0,,0,,6,-0.46428571428571425
https://www.farglory-realty.com.tw/life-proposal-tag/real_estate-2/,1,,0,,0,,5,
https://www.farglory-realty.com.tw/life-proposal-tag/real_estate-2/%E6%88%BF%E5%83%B9%E6%8C%87%E6%95%B8/,1,,0,,0,,47,
https://www.farglory-realty.com.tw/life-proposal-tag/real_estate-2/2024%E6%88%BF%E5%B8%82%E8%B6%A8%E5%8B%A2/,1,,0,,0,,8,
https://www.farglory-realty.com.tw/life-proposal-tag/real_estate-2/japan/,1,-0.6666666666666666,0,,0,,12,0.7142857142857143
https://www.farglory-realty.com.tw/life-proposal/area-l-taoyuan-taoyuan20220520/#elementor-toc__heading-anchor-0,1,,0,,0,,8,
https://www.farglory-realty.com.tw/life-proposal/area-l-taoyuan-taoyuan20220520/#elementor-toc__heading-anchor-1,1,,0,,0,,8,
https://www.farglory-realty.com.tw/life-proposal/area-l-taoyuan-taoyuan20220520/#elementor-toc__heading-anchor-2,1,,0,,0,,8,
https://www.farglory-realty.com.tw/life-proposal/area-l-taoyuan-taoyuan20220520/#elementor-toc__heading-anchor-3,1,,0,,0,,8,
https://www.farglory-realty.com.tw/life-proposal/area_txg_xitun_eight_20240207/#elementor-toc__heading-anchor-0,1,,0,,0,,11,
https://www.farglory-realty.com.tw/life-proposal/area_txg_xitun_eight_20240207/#elementor-toc__heading-anchor-2,1,,0,,0,,11,
https://www.farglory-realty.com.tw/life-proposal/area_txg_xitun_eight_20240207/#elementor-toc__heading-anchor-3,1,,0,,0,,11,
https://www.farglory-realty.com.tw/life-proposal/expert_peizhen_topics_commerical_office_20240828/,1,-0.8888888888888888,0,,0,,46,-0.3857566765578635
https://www.farglory-realty.com.tw/life-proposal/expert_zhu_property_multi-house-tax-2_20240101/,1,-0.5,0,,0,,9,-0.7804878048780488
https://www.farglory-realty.com.tw/life-proposal/expert_zhu_tax_refunded_20231017/,1,-0.75,0,,0,,6,-0.1724137931034483
https://www.farglory-realty.com.tw/life-proposal/page/13/,1,-0.5,0,,0,,10,-0.047619047619047616
https://www.farglory-realty.com.tw/life-proposal/page/14/,1,,0,,0,,31,
https://www.farglory-realty.com.tw/life-proposal/page/2/,1,,0,,0,,6,
https://www.farglory-realty.com.tw/life-proposal/page/27/,1,,0,,0,,3,
https://www.farglory-realty.com.tw/life-proposal/page/29/,1,,0,,0,,4,
https://www.farglory-realty.com.tw/life-proposal/page/31/,1,,0,,0,,8,
https://www.farglory-realty.com.tw/life-proposal/page/32/,1,,0,,0,,23,
https://www.farglory-realty.com.tw/life-proposal/page/4/,1,,0,,0,,7,
https://www.farglory-realty.com.tw/life-proposal/page/41/,1,,0,,0,,19,
https://www.farglory-realty.com.tw/may2025/,1,,0,,0,,8,
https://www.farglory-realty.com.tw/nov2025/,1,0,0,,0,,2,-0.75
https://www.farglory-realty.com.tw/oct2025/,1,,0,,0,,6,
https://www.farglory-realty.com.tw/sales/ah2/B5930,1,-0.5,0,,0,,8,-0.2727272727272727
https://www.farglory-realty.com.tw/sales/bh10/B3081,1,,0,,0,,1,
https://www.farglory-realty.com.tw/sales/dgm1/B6026,1,0,0,-1,0,-1,1,0
https://www.farglory-realty.com.tw/sales/eh1/B3500,1,-0.8571428571428571,0,-1,0,-1,1,-0.36363636363636365
https://www.farglory-realty.com.tw/sales/eh2/G0855,1,-0.8888888888888888,0,-1,0,-1,66,4.076923076923077
https://www.farglory-realty.com.tw/sales/eh5/G0816/,1,-0.9333333333333333,1,-0.6666666666666666,1,4,1,-0.21052631578947364
https://www.farglory-realty.com.tw/unsubscribe/,1,-0.9090909090909091,0,,0,,10,0.23595505617977544
https://www.farglory-realty.com.tw/wom-recommendation-category/wom_recommendation/central-region/,1,-0.5,0,,0,,1,-0.9
https://www.farglory-realty.com.tw/wom-recommendation-category/wom_recommendation/north/,1,,0,,0,,11,
https://www.farglory-realty.com.tw/wom-recommendation/chen-family/,1,-0.8333333333333334,0,,0,,1,-0.9340659340659341
https://www.farglory-realty.com.tw/wom-recommendation/h100_misslin/,1,,0,,0,,9,
https://www.farglory-realty.com.tw/wp-content/uploads/2020/05/%E6%B0%B4%E5%8D%97%E5%9C%A8%E5%93%AA.jpg,1,-0.5,0,,0,,37,0.85
https://www.farglory-realty.com.tw/wp-content/uploads/2020/08/%E5%95%86%E5%9C%88-543x768.jpg,1,0,0,,0,,20,0.8181818181818182
https://www.farglory-realty.com.tw/wp-content/uploads/2020/08/300px-Taoyuan_district.png,1,0,0,,0,,15,-0.0625
https://www.farglory-realty.com.tw/wp-content/uploads/2021/05/%E4%B8%83%E6%9C%9F%E6%A6%82%E6%B3%81%E5%9C%9F%E5%9C%B0%E4%BD%BF%E7%94%A8-613x768.png,1,,0,,0,,32,
https://www.farglory-realty.com.tw/wp-content/uploads/2021/05/%E6%88%AA%E5%9C%96-2022-05-13-%E4%B8%8B%E5%8D%882.41.00-768x557.png,1,,0,,0,,21,
https://www.farglory-realty.com.tw/wp-content/uploads/2021/05/%E6%A1%83%E5%9C%92%E9%9D%92%E5%9F%94-768x530.png,1,,0,,0,,28,
https://www.farglory-realty.com.tw/wp-content/uploads/2021/05/%E6%AA%9C%E6%BA%AA%E9%87%8D%E7%95%AB%E5%8D%80_D0A2760.jpg,1,,0,,0,,23,
https://www.farglory-realty.com.tw/wp-content/uploads/2021/06/a%E6%8C%91%E9%AB%98%E8%A8%AD%E8%A8%88-768x432.jpg,1,,0,,0,,19,
https://www.farglory-realty.com.tw/wp-content/uploads/2021/09/%E7%A9%BA%E9%96%93%E7%BE%8E%E5%AD%B8_5_%E8%BC%95%E7%BE%8E%E5%BC%8F_%E5%9C%96%E4%B8%80.jpeg,1,0,0,,0,,8,-0.6363636363636364
https://www.farglory-realty.com.tw/wp-content/uploads/2022/01/Yongkang_DistrictX.png,1,,0,,0,,18,
https://www.farglory-realty.com.tw/wp-content/uploads/2022/01/electric-768x576.jpg,1,,0,,0,,17,
https://www.farglory-realty.com.tw/wp-content/uploads/2022/02/green.jpg,1,,0,,0,,19,
https://www.farglory-realty.com.tw/wp-content/uploads/2022/03/a%E7%95%B6%E5%B1%A4-768x691.png,1,,0,,0,,17,
https://www.farglory-realty.com.tw/wp-content/uploads/2022/04/%E6%9C%AA%E5%91%BD%E5%90%8D%E8%A8%AD%E8%A8%88-3-1-768x576.jpg,1,,0,,0,,14,
https://www.farglory-realty.com.tw/wp-content/uploads/2022/05/%E8%A5%BF%E5%B1%AF%E5%8D%80%E8%A6%8F%E5%8A%83-768x601.png,1,0,0,,0,,24,0.7142857142857143
https://www.farglory-realty.com.tw/wp-content/uploads/2022/06/shutterstock_1933151507-768x512.jpg,1,0,0,,0,,12,2
https://www.farglory-realty.com.tw/wp-content/uploads/2022/08/081517565560_0%E4%B8%8B%E8%BC%89-6.jpeg,1,,0,,0,,19,
https://www.farglory-realty.com.tw/wp-content/uploads/2022/08/081518580533_0081518570596_0%E9%A6%96%E5%9C%96_20211004091609-768x214.jpeg,1,,0,,0,,3,
https://www.farglory-realty.com.tw/wp-content/uploads/2022/09/%E7%AC%AC11%E6%9C%9F%E5%9B%9B%E5%BC%B5%E7%8A%81%E5%B8%82%E5%9C%B0%E9%87%8D%E5%8A%83%E4%BD%8D%E7%BD%AE%E5%9C%96-593x768.jpeg,1,-0.6666666666666666,0,,0,,14,0.4
https://www.farglory-realty.com.tw/wp-content/uploads/2022/09/slide2.png,1,,0,,0,,29,
https://www.farglory-realty.com.tw/wp-content/uploads/2023/05/%E5%8C%97%E5%B1%AF%E5%8D%80.png,1,,0,,0,,30,
https://www.farglory-realty.com.tw/wp-content/uploads/2023/05/%E7%B7%9A%E4%B8%8A%E6%8E%A5%E5%BE%85%E4%B8%AD%E5%BF%83%E5%8D%97%E7%A7%9130%E9%BB%9E-1.png,1,,0,,0,,16,
https://www.farglory-realty.com.tw/wp-content/uploads/2023/09/092309024402_0Q2%E5%85%A8%E5%8F%B0%E6%88%BF%E5%83%B9%E6%99%AE%E9%81%8D%E8%B5%B0%E5%8D%87.jpeg,1,,0,,0,,16,
https://www.farglory-realty.com.tw/wp-content/uploads/2023/10/%E6%B0%B4%E6%B9%B3%E7%B6%93%E8%B2%BF%E5%9C%92%E5%8D%80%E6%95%B4%E9%AB%94%E9%96%8B%E7%99%BC%E8%A8%88%E7%95%AB.jpg,1,0,0,,0,,22,0.375
https://www.farglory-realty.com.tw/wp-content/uploads/2023/12/%E5%9C%96%E7%89%871.png,1,,0,,0,,16,
https://www.farglory-realty.com.tw/wp-content/uploads/2023/12/229724196_188542783325805_132259544797273194_n.jpg,1,,0,,0,,3,
https://www.farglory-realty.com.tw/wp-content/uploads/2023/12/6341cefb-ae8b-4c7c-a47e-538dede467f6_1920-768x576.jpg,1,,0,,0,,16,
https://www.farglory-realty.com.tw/wp-content/uploads/2023/12/p27L-768x708.jpg,1,,0,,0,,30,
https://www.farglory-realty.com.tw/wp-content/uploads/2024/01/11047946_919267244824950_2549460592340875459_o-768x510.jpg,1,,0,,0,,25,
https://www.farglory-realty.com.tw/wp-content/uploads/2024/01/277795849_376935021110507_2254684192983327604_n-768x512.jpg,1,,0,,0,,30,
https://www.farglory-realty.com.tw/wp-content/uploads/2024/01/859579f9-9b99-4198-8_1920-768x512.jpg,1,,0,,0,,55,
https://www.farglory-realty.com.tw/wp-content/uploads/2024/03/1acd791f-6e56-4444-ba99-f7c44ec5c903_1920-768x512.jpg,1,,0,,0,,20,
https://www.farglory-realty.com.tw/wp-content/uploads/2024/03/LINE_ALBUM_2024115-%E6%A8%A1%E7%AF%84%E7%94%9F%E5%AE%A3%E5%82%B3%E3%80%81%E9%AB%94%E9%81%A9%E8%83%BD%E8%AD%B7%E7%85%A7%E9%A0%92%E7%8D%8E_240124_2-768x576.jpg,1,,0,,0,,6,
https://www.farglory-realty.com.tw/wp-content/uploads/2024/05/%E8%9E%A2%E5%B9%95%E6%93%B7%E5%8F%96%E7%95%AB%E9%9D%A2-2024-05-10-161528.png,1,,0,,0,,30,
https://www.farglory-realty.com.tw/wp-content/uploads/2024/05/294592743_415947303886976_3726569375415324761_n-768x432.jpg,1,,0,,0,,28,
https://www.farglory-realty.com.tw/wp-content/uploads/2024/05/307697970_488427456630486_6396581686265765259_n-768x284.jpg,1,0,0,,0,,14,-0.3333333333333333
https://www.farglory-realty.com.tw/wp-content/uploads/2024/06/%E5%9C%96%E7%89%873.png,1,-0.5,0,,0,,10,-0.5
https://www.farglory-realty.com.tw/wp-content/uploads/2024/06/%E8%9E%A2%E5%B9%95%E5%BF%AB%E7%85%A7-2021-01-24-%E4%B8%8B%E5%8D%885.28.40-1024x637-2.png,1,,0,,0,,28,
https://www.farglory-realty.com.tw/wp-content/uploads/2024/06/%E9%81%A0%E9%9B%84%E6%B3%B1%E7%8E%A5-%E5%AE%98%E7%B6%B2%E5%B0%BA%E5%AF%B8-250806-500x375-1.jpg,1,,0,,0,,11,
https://www.farglory-realty.com.tw/wp-content/uploads/2024/06/060710455006_0847f00f2-e6dd-4c40-809c-6a7000c208b4-1.jpeg,1,,0,,0,,25,
https://www.farglory-realty.com.tw/wp-content/uploads/2024/06/bf05b847-fd82-48dd-a474-8c1d2a782acd.png,1,,0,,0,,39,
https://www.farglory-realty.com.tw/wp-content/uploads/2024/09/%E7%AC%AC14%E6%9C%9F%E7%BE%8E%E5%92%8C%E5%BA%84%E5%B8%82%E5%9C%B0%E9%87%8D%E5%8A%83%E5%8D%80%E9%B3%A5%E7%9E%B0%E5%9C%96_0_1980.jpg,1,,0,,0,,7,
https://www.farglory-realty.com.tw/wp-content/uploads/2024/09/02%E7%94%9F%E6%A9%9F%E7%9B%8E%E7%84%B6_1980-768x498.jpg,1,,0,,0,,19,
https://www.farglory-realty.com.tw/wp-content/uploads/2024/09/275637625_350582123750533_584851018802519380_n-768x512.jpg,1,,0,,0,,7,
https://www.farglory-realty.com.tw/wp-content/uploads/2024/11/111814005209_2%E5%9C%96%E7%89%87-5_3980.jpg,1,,0,,0,,12,
https://www.farglory-realty.com.tw/wp-content/uploads/2024/12/%E7%94%9F%E6%B4%BB%E6%A9%9F%E8%83%BD%E6%B0%A3%E6%B0%9B-%E5%B8%82%E6%94%BF%E5%85%AC%E5%9C%92%E5%91%A8%E9%82%8A0605-BBBB9570_2980_1980.jpg,1,,0,,0,,16,
https://www.farglory-realty.com.tw/wp-content/uploads/2025/01/%E7%B4%AB%E7%B7%9A%E8%A6%8F%E5%8A%83%E8%B7%AF%E7%B7%9A%E5%9C%96%E5%AE%98%E7%B6%B2_2980.jpg,1,0,0,,0,,14,0.2727272727272727
https://www.farglory-realty.com.tw/wp-content/uploads/2025/01/%E8%9E%A2%E5%B9%95%E6%93%B7%E5%8F%96%E7%95%AB%E9%9D%A2-2025-01-16-171306-768x451.png,1,,0,,0,,53,
https://www.farglory-realty.com.tw/wp-content/uploads/2025/01/011616462930_0ce71e43f-1bec-4ab5-9ecb-308a3e5316a3_2980_2980_2980_2280-768x576.jpg,1,,0,,0,,11,
https://www.farglory-realty.com.tw/wp-content/uploads/2025/01/20240624174229-5-768x512.jpg,1,,0,,0,,41,
https://www.farglory-realty.com.tw/wp-content/uploads/2025/01/about_04_pic01-1.jpg,1,-0.5,0,,0,,24,0.06666666666666667
https://www.farglory-realty.com.tw/wp-content/uploads/2025/01/image-20230927112621-6.jpg,1,,0,,0,,28,
https://www.farglory-realty.com.tw/wp-content/uploads/2025/01/plan_01_01.jpg,1,,0,,0,,9,
https://www.farglory-realty.com.tw/wp-content/uploads/2025/02/%E5%9C%96%E7%89%873-16.png,1,,0,,0,,23,
https://www.farglory-realty.com.tw/wp-content/uploads/2025/02/%E5%9C%96%E7%89%876-16.png,1,,0,,0,,19,
https://www.farglory-realty.com.tw/wp-content/uploads/2025/02/333-3-1-768x432.jpg,1,,0,,0,,16,
https://www.farglory-realty.com.tw/wp-content/uploads/2025/03/202521414533634FM1-%E5%9C%92%E5%8D%80-%E9%81%A0%E6%9D%B1%E9%80%9A%E8%A8%8A%E5%9C%92%E5%8D%80-14-1-768x512.jpg,1,,0,,0,,11,
https://www.farglory-realty.com.tw/wp-content/uploads/2025/04/%E5%9C%96%E7%89%871.png,1,,0,,0,,2,
https://www.farglory-realty.com.tw/wp-content/uploads/2025/04/0c1399f2-11d9-4909-b308-8d946d3ff56e-768x453.jpg,1,0,0,,0,,1,-0.9
https://www.farglory-realty.com.tw/wp-content/uploads/2025/04/c342de30-7513-4029-8cc6-9442c58b67e6-768x576.jpg,1,,0,,0,,22,
https://www.farglory-realty.com.tw/wp-content/uploads/2025/05/20250428083340116033247.webp,1,,0,,0,,8,
https://www.farglory-realty.com.tw/wp-content/uploads/2025/07/%E5%9C%961.webp,1,0,0,,0,,26,0.23809523809523808
https://www.farglory-realty.com.tw/wp-content/uploads/2025/07/%E9%81%A0%E9%9B%84%E6%95%A6%E5%AF%8C-%E5%AE%98%E7%B6%B2-%E5%86%A0%E8%BB%8D%E7%AF%87-500x375-1.jpg,1,,0,,0,,26,
https://www.farglory-realty.com.tw/wp-content/uploads/2025/07/20250519-%E5%8D%80%E5%9F%9F%E8%83%8C%E7%89%86-01.jpg,1,0,0,,0,,24,-0.2
https://www.farglory-realty.com.tw/wp-content/uploads/2025/07/20250722%E4%B8%80%E9%9D%9A%E5%AE%98%E7%B6%B2_%E5%BB%BA%E6%A1%88%E7%89%B9%E8%89%B21920x1080.jpg,1,,0,,0,,1,
https://www.farglory-realty.com.tw/wp-content/uploads/2025/09/20250904_EH2_banner540x960.jpg,1,,0,,0,,10,
https://www.farglory-realty.com.tw/wp-content/uploads/2025/09/5vo11.jpg,1,,0,,0,,25,
https://www.farglory-realty.com.tw/wp-content/uploads/2025/09/TAOUAN-ROUTE.jpg,1,,0,,0,,26,
https://www.farglory-realty.com.tw/wp-content/uploads/2025/10/9f4619a6-7fc3-45b2-81a0-ea40f11b6635-768x450.webp,1,,0,,0,,21,
https://www.farglory-realty.com.tw/activity-report-tag/%E8%B6%85%E7%B4%9A%E5%A5%BD%E5%8F%8B%E6%B4%BB%E5%8B%95/,1,0,0,,0,,9,0.125